date,previous,open_price,first_trade,high,low,close,change,volume,value,frequency,index_individual,offer,offer_volume,bid,bid_volume,listed_shares,tradeble_shares,weight_for_index,foreign_sell,foreign_buy,delisting_date,non_regular_volume,non_regular_value,non_regular_frequency
2021-06-28,750.0,0.0,0.0,850.0,745.0,755.0,5.0,374023600.0,292913928500.0,47044.0,100.7,760.0,202400.0,755.0,2252200.0,24835000000.0,24834762500.0,24835000000.0,102199200.0,21804900.0,,94942500.0,71287920000.0,74.0
2021-06-29,755.0,0.0,0.0,770.0,715.0,735.0,-20.0,173551000.0,128215211500.0,12653.0,98.0,735.0,2298400.0,730.0,75500.0,24835000000.0,24834762500.0,24835000000.0,17976500.0,7601900.0,,32000000.0,24262500000.0,5.0
2021-06-30,735.0,0.0,0.0,755.0,730.0,750.0,15.0,85827700.0,64078677000.0,3956.0,100.0,750.0,1068700.0,745.0,7962500.0,24835000000.0,24834762500.0,24835000000.0,2178300.0,12234700.0,,614500.0,456243000.0,2.0
2021-07-01,750.0,0.0,0.0,760.0,735.0,750.0,0.0,43984500.0,32857608500.0,2508.0,100.0,750.0,3517900.0,745.0,3229100.0,24835000000.0,24834762500.0,24835000000.0,2879000.0,100000.0,,0.0,0.0,0.0
2021-07-02,750.0,0.0,0.0,755.0,735.0,750.0,0.0,41392000.0,30811034000.0,1974.0,100.0,750.0,1153000.0,745.0,5104100.0,24835000000.0,24834762500.0,24835000000.0,2684700.0,1500000.0,,13333300.0,9999975000.0,1.0
2021-07-05,750.0,0.0,0.0,755.0,730.0,735.0,-15.0,38339300.0,28422544000.0,1393.0,98.0,735.0,791900.0,730.0,2564900.0,24835000000.0,24834762500.0,24835000000.0,0.0,124200.0,,0.0,0.0,0.0
2021-07-06,735.0,0.0,0.0,735.0,720.0,720.0,-15.0,51811500.0,37792564500.0,2160.0,96.0,725.0,159800.0,720.0,3159600.0,24835000000.0,24834762500.0,24835000000.0,900000.0,540800.0,,500000.0,362500000.0,1.0
2021-07-07,720.0,0.0,0.0,740.0,720.0,725.0,5.0,46850600.0,34112006000.0,1696.0,96.7,730.0,2730100.0,725.0,1030200.0,24835000000.0,24834762500.0,24835000000.0,28300.0,532600.0,,0.0,0.0,0.0
2021-07-08,725.0,0.0,0.0,730.0,715.0,720.0,-5.0,39980300.0,28887898500.0,1860.0,96.0,720.0,1437700.0,715.0,2071800.0,24835000000.0,24834762500.0,24835000000.0,236000.0,5141500.0,,0.0,0.0,0.0
2021-07-09,720.0,0.0,0.0,725.0,700.0,705.0,-15.0,36847100.0,26286596000.0,1988.0,94.0,705.0,454900.0,700.0,1157900.0,24835000000.0,24834762500.0,24835000000.0,153800.0,345100.0,,0.0,0.0,0.0
2021-07-12,705.0,0.0,0.0,725.0,705.0,720.0,15.0,27965300.0,20048190000.0,1964.0,96.0,720.0,2836100.0,715.0,5000.0,24835000000.0,24834762500.0,24835000000.0,247700.0,65600.0,,0.0,0.0,0.0
2021-07-13,720.0,0.0,0.0,725.0,670.0,680.0,-40.0,35006200.0,24353247000.0,3471.0,90.7,680.0,1780300.0,675.0,592500.0,24835000000.0,24834762500.0,24835000000.0,678900.0,350000.0,,0.0,0.0,0.0
2021-07-14,680.0,0.0,0.0,685.0,635.0,635.0,-45.0,30342000.0,19971107500.0,2494.0,84.7,635.0,968900.0,0.0,0.0,24835000000.0,24834762500.0,24835000000.0,1683300.0,914200.0,,4045550.0,3066063550.0,2.0
2021-07-15,635.0,0.0,0.0,685.0,620.0,650.0,15.0,32712300.0,21310503000.0,3040.0,86.7,650.0,235900.0,645.0,274700.0,24835000000.0,24834762500.0,24835000000.0,1653600.0,1124900.0,,150000.0,95400000.0,1.0
2021-07-16,650.0,0.0,0.0,660.0,640.0,645.0,-5.0,11152000.0,7267614000.0,971.0,86.0,650.0,48800.0,645.0,314000.0,24835000000.0,24834762500.0,24835000000.0,281200.0,0.0,,550000.0,359600000.0,2.0
2021-07-19,645.0,0.0,0.0,650.0,630.0,635.0,-10.0,17407600.0,11197211500.0,818.0,84.7,640.0,924800.0,635.0,2500.0,24835000000.0,24834762500.0,24835000000.0,405900.0,45000.0,,200000.0,136000000.0,1.0
2021-07-21,635.0,0.0,0.0,675.0,635.0,665.0,30.0,39763100.0,26258951000.0,1345.0,88.7,665.0,2150300.0,660.0,176100.0,24835000000.0,24834762500.0,24835000000.0,251700.0,5954000.0,,5340000.0,3524400000.0,1.0
2021-07-22,665.0,0.0,0.0,695.0,660.0,690.0,25.0,49715300.0,33961652000.0,1507.0,92.0,690.0,79200.0,685.0,21400.0,24835000000.0,24834762500.0,24835000000.0,1556200.0,7687800.0,,0.0,0.0,0.0
2021-07-23,690.0,0.0,0.0,700.0,680.0,690.0,0.0,20208400.0,13949446500.0,987.0,92.0,690.0,417400.0,685.0,131100.0,24835000000.0,24834762500.0,24835000000.0,1445600.0,3384100.0,,0.0,0.0,0.0
2021-07-26,690.0,0.0,0.0,710.0,690.0,710.0,20.0,32639700.0,22741046500.0,997.0,94.7,710.0,986700.0,705.0,400000.0,24835000000.0,24834762500.0,24835000000.0,914900.0,4776200.0,,0.0,0.0,0.0
2021-07-27,710.0,0.0,0.0,715.0,680.0,690.0,-20.0,19992500.0,13954257000.0,863.0,92.0,690.0,537700.0,685.0,213500.0,24835000000.0,24834762500.0,24835000000.0,1487000.0,2183400.0,,0.0,0.0,0.0
2021-07-28,690.0,0.0,0.0,695.0,645.0,645.0,-45.0,17306500.0,11503247500.0,1476.0,86.0,650.0,219600.0,645.0,56200.0,24835000000.0,24834762500.0,24835000000.0,203100.0,1130500.0,,1000000.0,655000000.0,2.0
2021-07-29,645.0,0.0,0.0,655.0,640.0,650.0,5.0,4830300.0,3133983500.0,526.0,86.7,650.0,95800.0,645.0,656600.0,24835000000.0,24834762500.0,24835000000.0,683800.0,92800.0,,0.0,0.0,0.0
2021-07-30,650.0,0.0,0.0,665.0,635.0,650.0,0.0,4335400.0,2836880000.0,538.0,86.7,650.0,555200.0,645.0,16700.0,24835000000.0,24834762500.0,24835000000.0,416300.0,133400.0,,9300000.0,6045000000.0,2.0
2021-08-02,650.0,0.0,0.0,665.0,640.0,650.0,0.0,15132100.0,9918794500.0,805.0,86.7,650.0,420100.0,645.0,195200.0,24835000000.0,24834762500.0,24835000000.0,1205200.0,1512100.0,,9300000.0,6072900000.0,2.0
2021-08-03,650.0,0.0,0.0,660.0,645.0,650.0,0.0,15063400.0,9812006500.0,640.0,86.7,650.0,515700.0,645.0,450700.0,24835000000.0,24834762500.0,24835000000.0,726400.0,11300.0,,16814633.0,12795935713.0,1.0
2021-08-04,650.0,0.0,0.0,665.0,640.0,640.0,-10.0,24193800.0,15768732500.0,1142.0,85.3,650.0,189500.0,640.0,2063500.0,24835000000.0,24834762500.0,24835000000.0,1226000.0,7019500.0,,1382654.0,1029999694.0,6.0
2021-08-05,640.0,0.0,0.0,650.0,625.0,635.0,-5.0,18447800.0,11736374500.0,1165.0,84.7,635.0,1070700.0,630.0,413500.0,24835000000.0,24834762500.0,24835000000.0,571400.0,1271200.0,,1839630.0,1399958430.0,3.0
2021-08-06,635.0,0.0,0.0,645.0,615.0,620.0,-15.0,17537200.0,11003384000.0,1506.0,82.7,625.0,592100.0,620.0,355000.0,24835000000.0,24834762500.0,24835000000.0,1157000.0,1743200.0,,500000.0,312500000.0,1.0
2021-08-09,620.0,0.0,0.0,620.0,580.0,610.0,-10.0,23008100.0,13918951000.0,1924.0,81.3,610.0,554000.0,595.0,175400.0,24835000000.0,24834762500.0,24835000000.0,117100.0,2632500.0,,657030.0,499999830.0,4.0
2021-08-10,610.0,0.0,0.0,610.0,580.0,595.0,-15.0,10191400.0,6066172000.0,927.0,79.3,595.0,606000.0,590.0,203500.0,24835000000.0,24834762500.0,24835000000.0,747700.0,3170700.0,,0.0,0.0,0.0
2021-08-12,595.0,0.0,0.0,595.0,575.0,580.0,-15.0,9403600.0,5483992000.0,1030.0,77.3,580.0,308500.0,575.0,1418100.0,24835000000.0,24834762500.0,24835000000.0,587100.0,3067900.0,,0.0,0.0,0.0
2021-08-13,580.0,0.0,0.0,585.0,550.0,570.0,-10.0,21707600.0,12333609500.0,1189.0,76.0,570.0,334700.0,565.0,9900.0,24835000000.0,24834762500.0,24835000000.0,850100.0,3088600.0,,3166000.0,1819620000.0,2.0
2021-08-16,570.0,0.0,0.0,590.0,555.0,590.0,20.0,28227100.0,16044959000.0,1197.0,78.7,595.0,249600.0,590.0,46300.0,24835000000.0,24834762500.0,24835000000.0,529200.0,1069900.0,,197109.0,112352130.0,1.0
2021-08-18,590.0,0.0,0.0,620.0,580.0,615.0,25.0,32481100.0,19736495500.0,1825.0,82.0,620.0,959300.0,615.0,174300.0,24835000000.0,24834762500.0,24835000000.0,783000.0,3667600.0,,919830.0,540071700.0,2.0
2021-08-19,615.0,0.0,0.0,625.0,600.0,625.0,10.0,29110500.0,17848363000.0,1263.0,83.3,625.0,358500.0,620.0,1045100.0,24835000000.0,24834762500.0,24835000000.0,428100.0,1564300.0,,0.0,0.0,0.0
2021-08-20,625.0,0.0,0.0,630.0,605.0,625.0,0.0,23225500.0,14410903000.0,1149.0,83.3,625.0,928400.0,620.0,144700.0,24835000000.0,24834762500.0,24835000000.0,204000.0,1169800.0,,0.0,0.0,0.0
2021-08-23,625.0,0.0,0.0,630.0,615.0,620.0,-5.0,21843500.0,13611292500.0,650.0,82.7,620.0,100700.0,615.0,518200.0,24835000000.0,24834762500.0,24835000000.0,416700.0,787000.0,,0.0,0.0,0.0
2021-08-24,620.0,0.0,0.0,620.0,595.0,610.0,-10.0,18888900.0,11469288000.0,655.0,81.3,610.0,1439800.0,605.0,620100.0,24835000000.0,24834762500.0,24835000000.0,3057200.0,1247000.0,,0.0,0.0,0.0
2021-08-25,610.0,0.0,0.0,605.0,590.0,600.0,-10.0,18712800.0,11201592000.0,715.0,80.0,600.0,1389600.0,595.0,855800.0,24835000000.0,24834762500.0,24835000000.0,388800.0,2182800.0,,0.0,0.0,0.0
2021-08-26,600.0,0.0,0.0,610.0,590.0,605.0,5.0,13951100.0,8380659000.0,732.0,80.7,605.0,224200.0,600.0,500.0,24835000000.0,24834762500.0,24835000000.0,1843200.0,2805000.0,,5000000.0,3500000000.0,1.0
2021-08-27,605.0,0.0,0.0,610.0,590.0,610.0,5.0,18258900.0,10955637500.0,610.0,81.3,610.0,1018900.0,605.0,555300.0,24835000000.0,24834762500.0,24835000000.0,0.0,2221900.0,,5000000.0,3510000000.0,1.0
2021-08-30,610.0,0.0,0.0,620.0,600.0,620.0,10.0,17169700.0,10433109500.0,559.0,82.7,620.0,508000.0,615.0,95200.0,24835000000.0,24834762500.0,24835000000.0,368500.0,1625500.0,,0.0,0.0,0.0
2021-08-31,620.0,0.0,0.0,625.0,600.0,615.0,-5.0,16254800.0,9963866000.0,961.0,82.0,615.0,394200.0,610.0,662200.0,24835000000.0,24834762500.0,24835000000.0,2389400.0,2463100.0,,525624.0,325886880.0,2.0
2021-09-01,615.0,0.0,0.0,615.0,595.0,610.0,-5.0,18557600.0,11181683500.0,871.0,81.3,610.0,865200.0,605.0,388600.0,24835000000.0,24834762500.0,24835000000.0,3555800.0,2249500.0,,0.0,0.0,0.0
2021-09-02,610.0,0.0,0.0,610.0,595.0,605.0,-5.0,19830300.0,11964795500.0,472.0,80.7,605.0,1037800.0,600.0,313900.0,24835000000.0,24834762500.0,24835000000.0,1577700.0,1000000.0,,0.0,0.0,0.0
2021-09-03,605.0,0.0,0.0,600.0,590.0,595.0,-10.0,17211400.0,10232236500.0,691.0,79.3,595.0,283900.0,590.0,141100.0,24835000000.0,24834762500.0,24835000000.0,5066500.0,1970400.0,,0.0,0.0,0.0
2021-09-06,595.0,0.0,0.0,600.0,590.0,595.0,0.0,4165100.0,2472213500.0,212.0,79.3,595.0,1075700.0,590.0,1071000.0,24835000000.0,24834762500.0,24835000000.0,1161300.0,67900.0,,62.0,36580.0,1.0
2021-09-07,595.0,0.0,0.0,595.0,585.0,585.0,-10.0,18337700.0,10793908500.0,414.0,78.0,590.0,260200.0,585.0,2136700.0,24835000000.0,24834762500.0,24835000000.0,3686800.0,1307400.0,,0.0,0.0,0.0
2021-09-08,585.0,0.0,0.0,590.0,580.0,585.0,0.0,15226700.0,8910763000.0,344.0,78.0,585.0,155800.0,580.0,1649900.0,24835000000.0,24834762500.0,24835000000.0,0.0,104000.0,,0.0,0.0,0.0
2021-09-09,585.0,0.0,0.0,590.0,575.0,590.0,5.0,15741600.0,9210316500.0,364.0,78.7,590.0,78200.0,585.0,420500.0,24835000000.0,24834762500.0,24835000000.0,2966900.0,2000000.0,,0.0,0.0,0.0
2021-09-10,590.0,0.0,0.0,590.0,580.0,585.0,-5.0,9204800.0,5394195000.0,312.0,78.0,585.0,1940500.0,580.0,911200.0,24835000000.0,24834762500.0,24835000000.0,1341500.0,100000.0,,0.0,0.0,0.0
2021-09-13,585.0,0.0,0.0,585.0,575.0,580.0,-5.0,14078400.0,8159478000.0,523.0,77.3,580.0,2589600.0,575.0,742100.0,24835000000.0,24834762500.0,24835000000.0,3567400.0,1000000.0,,0.0,0.0,0.0
2021-09-14,580.0,0.0,0.0,580.0,565.0,570.0,-10.0,11475000.0,6549084500.0,653.0,76.0,575.0,508300.0,570.0,523700.0,24835000000.0,24834762500.0,24835000000.0,5495600.0,1000000.0,,0.0,0.0,0.0
2021-09-15,570.0,0.0,0.0,570.0,560.0,570.0,0.0,15687300.0,8885937000.0,684.0,76.0,570.0,167300.0,565.0,301900.0,24835000000.0,24834762500.0,24835000000.0,4116700.0,100000.0,,28.0,15960.0,1.0
2021-09-16,570.0,0.0,0.0,575.0,555.0,570.0,0.0,18081100.0,10176136500.0,729.0,76.0,570.0,408000.0,565.0,259000.0,24835000000.0,24834762500.0,24835000000.0,1714400.0,1000000.0,,5500.0,3135000.0,1.0
2021-09-17,570.0,0.0,0.0,575.0,555.0,570.0,0.0,14217400.0,7995626500.0,661.0,76.0,570.0,435400.0,565.0,61300.0,24835000000.0,24834762500.0,24835000000.0,3149900.0,1000000.0,,32800.0,18696000.0,1.0
2021-09-20,570.0,0.0,0.0,570.0,550.0,550.0,-20.0,15539000.0,8658990500.0,893.0,73.3,555.0,5400.0,550.0,1025900.0,24835000000.0,24834762500.0,24835000000.0,2476400.0,2153600.0,,0.0,0.0,0.0
2021-09-21,550.0,0.0,0.0,555.0,535.0,550.0,0.0,12091000.0,6593318000.0,771.0,73.3,550.0,260200.0,545.0,25000.0,24835000000.0,24834762500.0,24835000000.0,2428400.0,1570400.0,,1990000.0,1091215000.0,2.0
2021-09-22,550.0,0.0,0.0,555.0,535.0,550.0,0.0,15614900.0,8476911000.0,690.0,73.3,550.0,181400.0,545.0,472700.0,24835000000.0,24834762500.0,24835000000.0,5010400.0,1019300.0,,0.0,0.0,0.0
2021-09-23,550.0,0.0,0.0,570.0,545.0,565.0,15.0,17416600.0,9721061500.0,550.0,75.3,565.0,322000.0,560.0,589900.0,24835000000.0,24834762500.0,24835000000.0,158400.0,308000.0,,0.0,0.0,0.0
2021-09-24,565.0,0.0,0.0,580.0,550.0,580.0,15.0,17572700.0,9969868000.0,701.0,77.3,580.0,946800.0,575.0,484200.0,24835000000.0,24834762500.0,24835000000.0,609800.0,500.0,,0.0,0.0,0.0
2021-09-27,580.0,0.0,0.0,595.0,570.0,585.0,5.0,17582200.0,10219483000.0,730.0,78.0,585.0,293600.0,580.0,1000.0,24835000000.0,24834762500.0,24835000000.0,152000.0,25400.0,,0.0,0.0,0.0
2021-09-28,585.0,0.0,0.0,585.0,560.0,570.0,-15.0,10113900.0,5791132000.0,516.0,76.0,570.0,251200.0,565.0,202000.0,24835000000.0,24834762500.0,24835000000.0,93100.0,0.0,,65700.0,38434500.0,1.0
2021-09-29,570.0,0.0,0.0,570.0,560.0,565.0,-5.0,13833500.0,7826805000.0,361.0,75.3,565.0,2472500.0,560.0,440000.0,24835000000.0,24834762500.0,24835000000.0,264300.0,1000000.0,,0.0,0.0,0.0
2021-09-30,565.0,0.0,0.0,565.0,560.0,565.0,0.0,9560600.0,5397186000.0,232.0,75.3,565.0,172300.0,560.0,314500.0,24835000000.0,24834762500.0,24835000000.0,72200.0,0.0,,0.0,0.0,0.0
2021-10-01,565.0,0.0,0.0,570.0,550.0,560.0,-5.0,12220500.0,6876451000.0,376.0,74.7,560.0,719300.0,555.0,1317300.0,24835000000.0,24834762500.0,17920936000.0,104400.0,1016600.0,,328500.0,187245000.0,1.0
2021-10-04,560.0,0.0,0.0,580.0,560.0,575.0,15.0,7852100.0,4488086500.0,805.0,76.7,575.0,6100.0,570.0,1115100.0,24835000000.0,24834762500.0,17920936000.0,60000.0,1645900.0,,1000.0,560000.0,1.0
2021-10-05,575.0,0.0,0.0,585.0,565.0,580.0,5.0,2942900.0,1692419000.0,475.0,77.3,580.0,387400.0,575.0,57500.0,24835000000.0,24834762500.0,17920936000.0,12500.0,25100.0,,0.0,0.0,0.0
2021-10-06,580.0,0.0,0.0,605.0,580.0,600.0,20.0,10134900.0,6042301500.0,1117.0,80.0,600.0,1116800.0,595.0,2500.0,24835000000.0,24834762500.0,17920936000.0,354600.0,645900.0,,0.0,0.0,0.0
2021-10-07,600.0,0.0,0.0,700.0,590.0,635.0,35.0,45492800.0,29484899500.0,4448.0,84.7,640.0,201300.0,635.0,263900.0,24835000000.0,24834762500.0,17920936000.0,562400.0,276800.0,,0.0,0.0,0.0
2021-10-08,635.0,0.0,0.0,710.0,650.0,710.0,75.0,67155200.0,46453393500.0,6273.0,94.7,715.0,1063000.0,710.0,8696900.0,24835000000.0,24834762500.0,17920936000.0,1299500.0,1589900.0,,172700.0,109664500.0,2.0
2021-10-11,710.0,0.0,0.0,765.0,685.0,690.0,-20.0,58792300.0,42260879500.0,8582.0,92.0,690.0,669700.0,685.0,103300.0,24835000000.0,24834762500.0,17920936000.0,2416900.0,1365700.0,,3072900.0,2088092500.0,4.0
2021-10-12,690.0,0.0,0.0,700.0,645.0,645.0,-45.0,37665600.0,24795934500.0,4365.0,86.0,645.0,4201300.0,0.0,0.0,24835000000.0,24834762500.0,17920936000.0,1052700.0,3406800.0,,131400.0,84753000.0,1.0
2021-10-13,645.0,0.0,0.0,665.0,600.0,605.0,-40.0,26726700.0,16343691500.0,3864.0,80.7,605.0,825900.0,600.0,851200.0,24835000000.0,24834762500.0,17920936000.0,666900.0,1511000.0,,0.0,0.0,0.0
2021-10-14,605.0,0.0,0.0,650.0,600.0,615.0,10.0,15937100.0,9863241000.0,2272.0,82.0,620.0,77000.0,615.0,41500.0,24835000000.0,24834762500.0,17920936000.0,885500.0,282800.0,,0.0,0.0,0.0
2021-10-15,615.0,0.0,0.0,640.0,610.0,635.0,20.0,7852600.0,4936625000.0,1105.0,84.7,635.0,7000.0,630.0,87500.0,24835000000.0,24834762500.0,17920936000.0,279900.0,725200.0,,0.0,0.0,0.0
2021-10-18,635.0,0.0,0.0,680.0,615.0,665.0,30.0,28289400.0,18636042000.0,4294.0,88.7,665.0,451100.0,660.0,151000.0,24835000000.0,24834762500.0,17920936000.0,957600.0,137600.0,,0.0,0.0,0.0
2021-10-19,665.0,0.0,0.0,675.0,650.0,650.0,-15.0,7661600.0,5069244000.0,1450.0,86.7,650.0,30100.0,645.0,504300.0,24835000000.0,24834762500.0,17920936000.0,165100.0,44300.0,,0.0,0.0,0.0
2021-10-21,650.0,0.0,0.0,660.0,635.0,650.0,0.0,6936700.0,4475188000.0,887.0,86.7,650.0,372000.0,645.0,116500.0,24835000000.0,24834762500.0,17920936000.0,318600.0,1831600.0,,0.0,0.0,0.0
2021-10-22,650.0,0.0,0.0,665.0,615.0,655.0,5.0,15073100.0,9599555500.0,1536.0,87.3,655.0,916600.0,640.0,33500.0,24835000000.0,24834762500.0,17920936000.0,283400.0,1670400.0,,0.0,0.0,0.0
2021-10-25,655.0,0.0,0.0,655.0,630.0,645.0,-10.0,3299600.0,2109273000.0,977.0,86.0,645.0,1435400.0,640.0,30000.0,24835000000.0,24834762500.0,17920936000.0,565000.0,0.0,,20000000.0,13000000000.0,1.0
2021-10-26,645.0,0.0,0.0,645.0,625.0,625.0,-20.0,4031700.0,2555914000.0,547.0,83.3,630.0,52000.0,625.0,587900.0,24835000000.0,24834762500.0,17920936000.0,105200.0,560100.0,,0.0,0.0,0.0
2021-10-27,625.0,0.0,0.0,695.0,620.0,630.0,5.0,44206300.0,28712825000.0,4783.0,84.0,635.0,31100.0,630.0,31700.0,24835000000.0,24834762500.0,17920936000.0,490200.0,265700.0,,0.0,0.0,0.0
2021-10-28,630.0,0.0,0.0,640.0,600.0,610.0,-20.0,10049800.0,6192854500.0,1824.0,81.3,610.0,52600.0,605.0,192200.0,24835000000.0,24834762500.0,17920936000.0,170700.0,188700.0,,485700.0,364275000.0,1.0
2021-10-29,610.0,0.0,0.0,630.0,600.0,610.0,0.0,4103500.0,2522456000.0,776.0,81.3,615.0,310700.0,610.0,920400.0,24835000000.0,24834762500.0,17920936000.0,218000.0,50700.0,,0.0,0.0,0.0
2021-11-01,610.0,0.0,0.0,620.0,610.0,615.0,5.0,3634200.0,2224956500.0,551.0,82.0,615.0,398800.0,610.0,402800.0,24835000000.0,24834762500.0,17920936000.0,48100.0,44400.0,,0.0,0.0,0.0
2021-11-02,615.0,0.0,0.0,620.0,600.0,605.0,-10.0,3642000.0,2209238500.0,771.0,80.7,610.0,99800.0,605.0,301700.0,24835000000.0,24834762500.0,17920936000.0,91900.0,25000.0,,0.0,0.0,0.0
2021-11-03,605.0,0.0,0.0,615.0,600.0,600.0,-5.0,3102200.0,1871851000.0,653.0,80.0,605.0,3000.0,600.0,738200.0,24835000000.0,24834762500.0,17920936000.0,39300.0,300.0,,0.0,0.0,0.0
2021-11-04,600.0,0.0,0.0,615.0,590.0,595.0,-5.0,6337100.0,3789560500.0,1276.0,79.3,595.0,139100.0,590.0,1310200.0,24835000000.0,24834762500.0,17920936000.0,72100.0,1070400.0,,0.0,0.0,0.0
2021-11-05,595.0,0.0,0.0,610.0,585.0,600.0,5.0,5033800.0,2998152500.0,987.0,80.0,600.0,128300.0,595.0,40600.0,24835000000.0,24834762500.0,17920936000.0,239000.0,987400.0,,0.0,0.0,0.0
2021-11-08,600.0,0.0,0.0,615.0,600.0,600.0,0.0,5212400.0,3149149000.0,949.0,80.0,605.0,63200.0,600.0,87600.0,24835000000.0,24834762500.0,17920936000.0,60600.0,759000.0,,0.0,0.0,0.0
2021-11-09,600.0,0.0,0.0,615.0,595.0,615.0,15.0,4237800.0,2582147500.0,929.0,82.0,615.0,248800.0,610.0,25100.0,24835000000.0,24834762500.0,17920936000.0,39700.0,1246900.0,,24716000.0,14953180000.0,1.0
2021-11-10,615.0,0.0,0.0,615.0,595.0,605.0,-10.0,3919600.0,2365487000.0,767.0,80.7,610.0,231300.0,605.0,122300.0,24835000000.0,24834762500.0,17920936000.0,509400.0,928900.0,,24716000.0,14953180000.0,1.0
2021-11-11,605.0,0.0,0.0,615.0,605.0,605.0,0.0,2094600.0,1269534500.0,544.0,80.7,605.0,108900.0,600.0,861000.0,24835000000.0,24834762500.0,17920936000.0,340900.0,571100.0,,0.0,0.0,0.0
2021-11-12,605.0,0.0,0.0,615.0,590.0,590.0,-15.0,17958700.0,10651317000.0,1375.0,78.7,595.0,50000.0,590.0,458900.0,24835000000.0,24834762500.0,17920936000.0,2412200.0,1489500.0,,0.0,0.0,0.0
2021-11-15,590.0,0.0,0.0,605.0,585.0,590.0,0.0,11213600.0,6660118000.0,973.0,78.7,595.0,75000.0,590.0,78200.0,24835000000.0,24834762500.0,17920936000.0,361500.0,293400.0,,0.0,0.0,0.0
2021-11-16,590.0,0.0,0.0,595.0,585.0,590.0,0.0,2827500.0,1666982500.0,617.0,78.7,595.0,357700.0,590.0,405600.0,24835000000.0,24834762500.0,17920936000.0,229300.0,2000.0,,2767.0,1645930.0,2.0
2021-11-17,590.0,0.0,0.0,600.0,585.0,600.0,10.0,3233300.0,1910424000.0,667.0,80.0,600.0,3355600.0,595.0,221100.0,24835000000.0,24834762500.0,17920936000.0,56400.0,90800.0,,24677000.0,14806200000.0,1.0
2021-11-18,600.0,0.0,0.0,605.0,590.0,595.0,-5.0,3385800.0,2021117500.0,596.0,79.3,600.0,215800.0,595.0,287100.0,24835000000.0,24834762500.0,17920936000.0,96300.0,297400.0,,24677000.0,14806200000.0,1.0
2021-11-19,595.0,0.0,0.0,630.0,590.0,620.0,25.0,25453400.0,15737218500.0,2404.0,82.7,620.0,547900.0,615.0,357800.0,24835000000.0,24834762500.0,17920936000.0,220100.0,543000.0,,0.0,0.0,0.0
2021-11-22,620.0,0.0,0.0,635.0,610.0,610.0,-10.0,4558700.0,2802619000.0,987.0,81.3,615.0,660100.0,610.0,357300.0,24835000000.0,24834762500.0,17920936000.0,871900.0,39800.0,,8616150.0,5342013000.0,1.0
2021-11-23,610.0,0.0,0.0,610.0,595.0,595.0,-15.0,3939600.0,2366895500.0,872.0,79.3,600.0,81100.0,595.0,987400.0,24835000000.0,24834762500.0,17920936000.0,216900.0,120400.0,,8616150.0,5342013000.0,1.0
2021-11-24,595.0,0.0,0.0,605.0,580.0,590.0,-5.0,9336800.0,5488001500.0,1299.0,78.7,595.0,680300.0,590.0,8100.0,24835000000.0,24834762500.0,17920936000.0,3660100.0,253400.0,,60357000.0,37119555000.0,1.0
2021-11-25,590.0,0.0,0.0,600.0,580.0,580.0,-10.0,13053400.0,7599040000.0,1231.0,77.3,585.0,12000.0,580.0,700.0,24835000000.0,24834762500.0,17920936000.0,119800.0,203400.0,,0.0,0.0,0.0
2021-11-26,580.0,0.0,0.0,585.0,555.0,560.0,-20.0,9928000.0,5601157500.0,1770.0,74.7,565.0,30000.0,560.0,159100.0,24835000000.0,24834762500.0,17920936000.0,214800.0,308600.0,,0.0,0.0,0.0
2021-11-29,560.0,0.0,0.0,570.0,545.0,550.0,-10.0,26503100.0,14669961500.0,2002.0,73.3,555.0,463700.0,550.0,997800.0,24835000000.0,24834762500.0,17920936000.0,489900.0,974000.0,,0.0,0.0,0.0
2021-11-30,550.0,0.0,0.0,570.0,550.0,550.0,0.0,6068400.0,3378027000.0,809.0,73.3,555.0,232100.0,550.0,463300.0,24835000000.0,24834762500.0,17920936000.0,570400.0,85900.0,,0.0,0.0,0.0
2021-12-01,550.0,0.0,0.0,560.0,545.0,550.0,0.0,4016600.0,2209439500.0,576.0,73.3,550.0,77900.0,545.0,6437100.0,24835000000.0,24834762500.0,17920936000.0,86500.0,169800.0,,7778100.0,4355736000.0,1.0
2021-12-02,550.0,0.0,0.0,555.0,545.0,550.0,0.0,3954100.0,2167548000.0,374.0,73.3,550.0,1100.0,545.0,4896700.0,24835000000.0,24834762500.0,17920936000.0,145400.0,15600.0,,7778100.0,4355736000.0,1.0
2021-12-03,550.0,0.0,0.0,555.0,545.0,550.0,0.0,16473600.0,9060567500.0,455.0,73.3,550.0,8900.0,545.0,5078100.0,24835000000.0,24834762500.0,17920936000.0,86600.0,214400.0,,0.0,0.0,0.0
2021-12-06,550.0,0.0,0.0,565.0,555.0,560.0,10.0,9611500.0,5382010500.0,646.0,74.7,560.0,160500.0,555.0,618100.0,24835000000.0,24834762500.0,17920936000.0,222400.0,101000.0,,0.0,0.0,0.0
2021-12-07,560.0,0.0,0.0,565.0,545.0,555.0,-5.0,22183300.0,12304530500.0,654.0,74.0,555.0,35300.0,550.0,1045800.0,24835000000.0,24834762500.0,17920936000.0,104600.0,112600.0,,0.0,0.0,0.0
2021-12-08,555.0,0.0,0.0,570.0,555.0,560.0,5.0,17177800.0,9622801500.0,600.0,74.7,560.0,61700.0,555.0,359500.0,24835000000.0,24834762500.0,17920936000.0,88600.0,482900.0,,0.0,0.0,0.0
2021-12-09,560.0,0.0,0.0,565.0,550.0,560.0,0.0,2236000.0,1247419000.0,371.0,74.7,560.0,449000.0,555.0,113800.0,24835000000.0,24834762500.0,17920936000.0,50100.0,143500.0,,0.0,0.0,0.0
2021-12-10,560.0,0.0,0.0,570.0,550.0,555.0,-5.0,3970900.0,2224719000.0,504.0,74.0,555.0,178300.0,550.0,1053500.0,24835000000.0,24834762500.0,17920936000.0,329300.0,78700.0,,0.0,0.0,0.0
2021-12-13,555.0,0.0,0.0,565.0,550.0,555.0,0.0,2579400.0,1435082500.0,380.0,74.0,560.0,205500.0,555.0,2141600.0,24835000000.0,24834762500.0,17920936000.0,25700.0,48900.0,,0.0,0.0,0.0
2021-12-14,555.0,0.0,0.0,560.0,550.0,550.0,-5.0,2769600.0,1535501500.0,392.0,73.3,555.0,15000.0,550.0,1005700.0,24835000000.0,24834762500.0,17920936000.0,444800.0,102000.0,,0.0,0.0,0.0
2021-12-15,550.0,0.0,0.0,560.0,540.0,555.0,5.0,1997100.0,1098531500.0,396.0,74.0,555.0,251100.0,550.0,463600.0,24835000000.0,24834762500.0,17920936000.0,73200.0,99300.0,,0.0,0.0,0.0
2021-12-16,555.0,0.0,0.0,560.0,545.0,550.0,-5.0,4060100.0,2246475000.0,496.0,73.3,550.0,477700.0,545.0,5979500.0,24835000000.0,24834762500.0,17920936000.0,99900.0,121800.0,,537000.0,298035000.0,1.0
2021-12-17,550.0,0.0,0.0,560.0,545.0,560.0,10.0,2721400.0,1499707000.0,486.0,74.7,565.0,109600.0,560.0,12200.0,24835000000.0,24834762500.0,17920936000.0,316000.0,21800.0,,1000000.0,550000000.0,1.0
2021-12-20,560.0,0.0,0.0,560.0,545.0,545.0,-15.0,1618600.0,893625000.0,507.0,72.7,550.0,233200.0,545.0,955700.0,24835000000.0,24834762500.0,17920936000.0,206600.0,0.0,,6.0,3330.0,1.0
2021-12-21,545.0,0.0,0.0,550.0,540.0,540.0,-5.0,2370000.0,1283682500.0,542.0,72.0,545.0,482600.0,540.0,11200.0,24835000000.0,24834762500.0,17920936000.0,491600.0,0.0,,250000.0,125000000.0,1.0
2021-12-22,540.0,0.0,0.0,550.0,535.0,535.0,-5.0,3668900.0,1974987500.0,483.0,71.3,540.0,163800.0,535.0,1473700.0,24835000000.0,24834762500.0,17920936000.0,435200.0,9400.0,,399400.0,203694000.0,1.0
2021-12-23,535.0,0.0,0.0,545.0,530.0,540.0,5.0,7539000.0,4034256000.0,639.0,72.0,545.0,318500.0,540.0,1015500.0,24835000000.0,24834762500.0,17920936000.0,178100.0,127800.0,,0.0,0.0,0.0
2021-12-24,540.0,0.0,0.0,585.0,540.0,570.0,30.0,12932200.0,7354909500.0,1811.0,76.0,575.0,172400.0,570.0,50000.0,24835000000.0,24834762500.0,17920936000.0,478900.0,327300.0,,0.0,0.0,0.0
2021-12-27,570.0,0.0,0.0,580.0,540.0,545.0,-25.0,5373600.0,2980682000.0,1107.0,72.7,550.0,244400.0,545.0,601200.0,24835000000.0,24834762500.0,17920936000.0,260800.0,168300.0,,0.0,0.0,0.0
2021-12-28,545.0,0.0,0.0,550.0,535.0,545.0,0.0,31361700.0,17085628500.0,662.0,72.7,545.0,199000.0,540.0,596800.0,24835000000.0,24834762500.0,17920936000.0,171500.0,55000.0,,0.0,0.0,0.0
2021-12-29,545.0,0.0,0.0,555.0,535.0,550.0,5.0,4632100.0,2515148500.0,562.0,73.3,550.0,192800.0,540.0,227200.0,24835000000.0,24834762500.0,17920936000.0,61200.0,253500.0,,2090000.0,1076350000.0,1.0
2021-12-30,550.0,0.0,0.0,565.0,535.0,565.0,15.0,3671200.0,2027575500.0,436.0,75.3,565.0,926500.0,545.0,7500.0,24835000000.0,24834762500.0,17920936000.0,75200.0,249600.0,,0.0,0.0,0.0
2022-01-03,565.0,0.0,0.0,555.0,530.0,530.0,-35.0,22317900.0,11882165500.0,1641.0,70.7,530.0,2950000.0,0.0,0.0,24835000000.0,24834762500.0,10994454500.0,110100.0,441500.0,,0.0,0.0,0.0
2022-01-04,530.0,0.0,0.0,530.0,498.0,510.0,-20.0,24011500.0,12188266000.0,2123.0,68.0,510.0,85000.0,505.0,1239000.0,24835000000.0,24834762500.0,10994454500.0,755100.0,248100.0,,0.0,0.0,0.0
2022-01-05,510.0,0.0,0.0,510.0,500.0,500.0,-10.0,4111400.0,2064102000.0,567.0,66.7,505.0,937800.0,500.0,2232800.0,24835000000.0,24834762500.0,10994454500.0,353300.0,224600.0,,2090000.0,1045000000.0,1.0
2022-01-06,500.0,0.0,0.0,505.0,490.0,490.0,-10.0,14077700.0,6948727900.0,1006.0,65.3,492.0,286900.0,490.0,1760000.0,24835000000.0,24834762500.0,10994454500.0,387300.0,260000.0,,0.0,0.0,0.0
2022-01-07,490.0,0.0,0.0,492.0,466.0,474.0,-16.0,9923900.0,4742580800.0,1156.0,63.2,476.0,172300.0,474.0,33400.0,24835000000.0,24834762500.0,10994454500.0,134900.0,228100.0,,50.0,23900.0,1.0
2022-01-10,474.0,0.0,0.0,478.0,460.0,478.0,4.0,8040000.0,3754270000.0,1072.0,63.7,478.0,157800.0,464.0,20100.0,24835000000.0,24834762500.0,10994454500.0,234100.0,52700.0,,0.0,0.0,0.0
2022-01-11,478.0,0.0,0.0,480.0,468.0,470.0,-8.0,3766600.0,1773738000.0,496.0,62.7,472.0,389200.0,470.0,67100.0,24835000000.0,24834762500.0,10994454500.0,37700.0,26200.0,,0.0,0.0,0.0
2022-01-12,470.0,0.0,0.0,500.0,470.0,476.0,6.0,8156400.0,3916888000.0,1065.0,63.5,476.0,211800.0,474.0,701400.0,24835000000.0,24834762500.0,10994454500.0,292800.0,270800.0,,0.0,0.0,0.0
2022-01-13,476.0,0.0,0.0,482.0,470.0,480.0,4.0,2794900.0,1331957000.0,385.0,64.0,480.0,98400.0,478.0,492800.0,24835000000.0,24834762500.0,10994454500.0,89000.0,279400.0,,0.0,0.0,0.0
2022-01-14,480.0,0.0,0.0,480.0,472.0,476.0,-4.0,1966200.0,933438600.0,275.0,63.5,476.0,137100.0,474.0,195200.0,24835000000.0,24834762500.0,10994454500.0,19600.0,0.0,,0.0,0.0,0.0
2022-01-17,476.0,0.0,0.0,476.0,460.0,468.0,-8.0,3559700.0,1665152200.0,470.0,62.4,468.0,139400.0,462.0,150000.0,24835000000.0,24834762500.0,10994454500.0,98300.0,0.0,,0.0,0.0,0.0
2022-01-18,468.0,0.0,0.0,480.0,444.0,480.0,12.0,14564000.0,6678024200.0,868.0,64.0,480.0,42600.0,472.0,10000.0,24835000000.0,24834762500.0,10994454500.0,87500.0,545300.0,,0.0,0.0,0.0
2022-01-19,480.0,0.0,0.0,480.0,464.0,476.0,-4.0,5317200.0,2508835200.0,445.0,63.5,476.0,288300.0,472.0,50000.0,24835000000.0,24834762500.0,10994454500.0,88800.0,350500.0,,1078400.0,485280000.0,1.0
2022-01-20,476.0,0.0,0.0,486.0,476.0,480.0,4.0,2334200.0,1120634400.0,469.0,64.0,480.0,567300.0,478.0,31400.0,24835000000.0,24834762500.0,10994454500.0,340300.0,2000.0,,0.0,0.0,0.0
2022-01-21,480.0,0.0,0.0,484.0,474.0,482.0,2.0,1901700.0,910267400.0,319.0,64.3,482.0,80100.0,478.0,5000.0,24835000000.0,24834762500.0,10994454500.0,18700.0,0.0,,0.0,0.0,0.0
2022-01-24,482.0,0.0,0.0,482.0,472.0,480.0,-2.0,1172700.0,560483600.0,209.0,64.0,482.0,305200.0,480.0,66400.0,24835000000.0,24834762500.0,10994454500.0,11800.0,0.0,,0.0,0.0,0.0
2022-01-25,480.0,0.0,0.0,480.0,466.0,478.0,-2.0,1922800.0,909418800.0,284.0,63.7,478.0,320700.0,476.0,2000.0,24835000000.0,24834762500.0,10994454500.0,19200.0,100.0,,0.0,0.0,0.0
2022-01-26,478.0,0.0,0.0,478.0,468.0,476.0,-2.0,2217600.0,1048170600.0,248.0,63.5,476.0,202200.0,474.0,400.0,24835000000.0,24834762500.0,10994454500.0,35800.0,250000.0,,0.0,0.0,0.0
2022-01-27,476.0,0.0,0.0,480.0,470.0,476.0,0.0,1073600.0,508408200.0,189.0,63.5,476.0,245700.0,474.0,10000.0,24835000000.0,24834762500.0,10994454500.0,31800.0,150600.0,,0.0,0.0,0.0
2022-01-28,476.0,0.0,0.0,476.0,466.0,472.0,-4.0,986100.0,463161200.0,207.0,62.9,472.0,119000.0,468.0,179900.0,24835000000.0,24834762500.0,10994454500.0,12500.0,0.0,,133100.0,59895000.0,1.0
2022-01-31,472.0,0.0,0.0,472.0,466.0,468.0,-4.0,1214300.0,568000600.0,201.0,62.4,470.0,162600.0,468.0,105100.0,24835000000.0,24834762500.0,10994454500.0,12100.0,4100.0,,0.0,0.0,0.0
2022-02-02,468.0,0.0,0.0,474.0,460.0,470.0,2.0,1615900.0,759685800.0,288.0,62.7,470.0,14400.0,468.0,363800.0,24835000000.0,24834762500.0,10994454500.0,15900.0,117900.0,,0.0,0.0,0.0
2022-02-03,470.0,0.0,0.0,474.0,464.0,470.0,0.0,3070800.0,1438119800.0,425.0,62.7,472.0,180400.0,470.0,224200.0,24835000000.0,24834762500.0,10994454500.0,1105000.0,9600.0,,0.0,0.0,0.0
2022-02-04,470.0,0.0,0.0,472.0,462.0,470.0,0.0,2071900.0,968632400.0,285.0,62.7,472.0,333800.0,470.0,182600.0,24835000000.0,24834762500.0,10994454500.0,22500.0,0.0,,0.0,0.0,0.0
2022-02-07,470.0,0.0,0.0,472.0,466.0,470.0,0.0,1145200.0,537434600.0,300.0,62.7,472.0,168400.0,470.0,759900.0,24835000000.0,24834762500.0,10994454500.0,11400.0,64600.0,,0.0,0.0,0.0
2022-02-08,470.0,0.0,0.0,474.0,470.0,474.0,4.0,880500.0,415156400.0,207.0,63.2,474.0,375800.0,472.0,7500.0,24835000000.0,24834762500.0,10994454500.0,8800.0,15600.0,,0.0,0.0,0.0
2022-02-09,474.0,0.0,0.0,510.0,472.0,490.0,16.0,7755900.0,3746879200.0,1345.0,65.3,490.0,49700.0,488.0,34600.0,24835000000.0,24834762500.0,10994454500.0,35600.0,65500.0,,0.0,0.0,0.0
2022-02-10,490.0,0.0,0.0,510.0,488.0,510.0,20.0,9772700.0,4920616400.0,1379.0,68.0,510.0,1247600.0,505.0,1300600.0,24835000000.0,24834762500.0,10994454500.0,53300.0,60000.0,,0.0,0.0,0.0
2022-02-11,510.0,0.0,0.0,515.0,494.0,498.0,-12.0,2779400.0,1382273700.0,665.0,66.4,500.0,764700.0,498.0,20200.0,24835000000.0,24834762500.0,10994454500.0,49200.0,21300.0,,0.0,0.0,0.0
2022-02-14,498.0,0.0,0.0,505.0,490.0,490.0,-8.0,4504000.0,2241457100.0,598.0,65.3,500.0,335300.0,490.0,756400.0,24835000000.0,24834762500.0,10994454500.0,153100.0,85900.0,,0.0,0.0,0.0
2022-02-15,490.0,0.0,0.0,505.0,492.0,498.0,8.0,2860400.0,1425325400.0,489.0,66.4,500.0,195100.0,498.0,122600.0,24835000000.0,24834762500.0,10994454500.0,40200.0,76600.0,,0.0,0.0,0.0
2022-02-16,498.0,0.0,0.0,498.0,466.0,482.0,-16.0,7094500.0,3414524400.0,1532.0,64.3,482.0,130500.0,480.0,18100.0,24835000000.0,24834762500.0,10994454500.0,83000.0,673300.0,,0.0,0.0,0.0
2022-02-17,482.0,0.0,0.0,492.0,478.0,484.0,2.0,2663600.0,1285567400.0,565.0,64.5,484.0,434800.0,482.0,295000.0,24835000000.0,24834762500.0,10994454500.0,181300.0,107600.0,,0.0,0.0,0.0
2022-02-18,484.0,0.0,0.0,498.0,484.0,490.0,6.0,3194800.0,1575514200.0,842.0,65.3,492.0,13200.0,490.0,7100.0,24835000000.0,24834762500.0,10994454500.0,36600.0,106000.0,,0.0,0.0,0.0
2022-02-21,490.0,0.0,0.0,498.0,484.0,484.0,-6.0,1612000.0,788490200.0,464.0,64.5,488.0,6800.0,484.0,381200.0,24835000000.0,24834762500.0,10994454500.0,21000.0,24600.0,,0.0,0.0,0.0
2022-02-22,484.0,0.0,0.0,492.0,480.0,490.0,6.0,14549600.0,7022856400.0,584.0,65.3,492.0,138200.0,490.0,42600.0,24835000000.0,24834762500.0,10994454500.0,102900.0,12156700.0,,0.0,0.0,0.0
2022-02-23,490.0,0.0,0.0,515.0,490.0,494.0,4.0,11878600.0,5954556800.0,1843.0,65.9,496.0,82900.0,494.0,32800.0,24835000000.0,24834762500.0,10994454500.0,1481400.0,141600.0,,50.0,25250.0,1.0
2022-02-24,494.0,0.0,0.0,520.0,484.0,510.0,16.0,17982700.0,9054979900.0,2608.0,68.0,515.0,934500.0,510.0,185200.0,24835000000.0,24834762500.0,10994454500.0,300000.0,217100.0,,0.0,0.0,0.0
2022-02-25,510.0,0.0,0.0,530.0,494.0,494.0,-16.0,10433100.0,5264741200.0,1666.0,65.9,494.0,103300.0,492.0,518700.0,24835000000.0,24834762500.0,10994454500.0,133600.0,62500.0,,10891600.0,5343369000.0,4.0
2022-03-01,494.0,0.0,0.0,510.0,494.0,496.0,2.0,4693500.0,2342178600.0,772.0,66.1,496.0,1300.0,494.0,321500.0,24835000000.0,24834762500.0,10994454500.0,46700.0,253400.0,,32900.0,17437000.0,1.0
2022-03-02,496.0,0.0,0.0,505.0,492.0,500.0,4.0,6756000.0,3368393500.0,1063.0,66.7,500.0,112700.0,498.0,200.0,24835000000.0,24834762500.0,10994454500.0,1259600.0,410900.0,,0.0,0.0,0.0
2022-03-04,500.0,0.0,0.0,595.0,500.0,540.0,40.0,92053800.0,51226428000.0,8784.0,72.0,545.0,1196500.0,540.0,1535500.0,24835000000.0,24834762500.0,10994454500.0,14759200.0,1014700.0,,0.0,0.0,0.0
2022-03-07,540.0,0.0,0.0,580.0,545.0,570.0,30.0,37728100.0,21206871000.0,2987.0,76.0,570.0,755400.0,565.0,1173600.0,24835000000.0,24834762500.0,10994454500.0,10831700.0,74000.0,,0.0,0.0,0.0
2022-03-08,570.0,0.0,0.0,585.0,535.0,540.0,-30.0,21481500.0,11773546500.0,2718.0,72.0,545.0,56100.0,540.0,3733500.0,24835000000.0,24834762500.0,10994454500.0,193100.0,118100.0,,0.0,0.0,0.0
2022-03-09,540.0,0.0,0.0,560.0,505.0,510.0,-30.0,22009700.0,11402401500.0,3113.0,68.0,515.0,156400.0,510.0,40200.0,24835000000.0,24834762500.0,10994454500.0,6304300.0,1728400.0,,0.0,0.0,0.0
2022-03-10,510.0,0.0,0.0,505.0,476.0,500.0,-10.0,17176500.0,8343005100.0,2316.0,66.7,505.0,357800.0,498.0,32200.0,24835000000.0,24834762500.0,10994454500.0,2834200.0,1231900.0,,0.0,0.0,0.0
2022-03-11,500.0,0.0,0.0,500.0,492.0,494.0,-6.0,2650100.0,1310591600.0,680.0,65.9,494.0,493700.0,492.0,459700.0,24835000000.0,24834762500.0,10994454500.0,435600.0,35300.0,,1617000.0,769692000.0,1.0
2022-03-14,494.0,0.0,0.0,494.0,480.0,480.0,-14.0,8622100.0,4162112800.0,1201.0,64.0,482.0,169200.0,480.0,233600.0,24835000000.0,24834762500.0,10994454500.0,972200.0,14100.0,,0.0,0.0,0.0
2022-03-15,480.0,0.0,0.0,480.0,468.0,470.0,-10.0,8421700.0,3972856800.0,1255.0,62.7,472.0,100800.0,470.0,21300.0,24835000000.0,24834762500.0,10994454500.0,1767700.0,105100.0,,71.0,33654.0,1.0
2022-03-16,470.0,0.0,0.0,478.0,468.0,476.0,6.0,2287100.0,1080133200.0,471.0,63.5,478.0,40200.0,476.0,6600.0,24835000000.0,24834762500.0,10994454500.0,278100.0,4600.0,,0.0,0.0,0.0
2022-03-17,476.0,0.0,0.0,505.0,474.0,490.0,14.0,8100100.0,3963323100.0,1271.0,65.3,492.0,100.0,490.0,1835100.0,24835000000.0,24834762500.0,10994454500.0,1282600.0,154300.0,,0.0,0.0,0.0
2022-03-18,490.0,0.0,0.0,520.0,484.0,498.0,8.0,49584700.0,24864435000.0,4223.0,66.4,500.0,23000.0,498.0,134300.0,24835000000.0,24834762500.0,10994454500.0,25648600.0,38500.0,,0.0,0.0,0.0
2022-03-21,498.0,0.0,0.0,505.0,490.0,490.0,-8.0,6563500.0,3254318100.0,1823.0,65.3,492.0,5000.0,490.0,251500.0,24835000000.0,24834762500.0,10994454500.0,818800.0,21600.0,,28571000.0,13999790000.0,1.0
2022-03-22,490.0,0.0,0.0,505.0,490.0,494.0,4.0,3656100.0,1813691800.0,971.0,65.9,494.0,38400.0,492.0,218900.0,24835000000.0,24834762500.0,10994454500.0,487600.0,3100.0,,28571000.0,13999790000.0,1.0
2022-03-23,494.0,0.0,0.0,498.0,470.0,480.0,-14.0,11000800.0,5302534800.0,2268.0,64.0,482.0,49400.0,480.0,574700.0,24835000000.0,24834762500.0,10994454500.0,1111100.0,22800.0,,30125000.0,14821500000.0,1.0
2022-03-24,480.0,0.0,0.0,486.0,470.0,474.0,-6.0,8842700.0,4222211400.0,1405.0,63.2,476.0,1422800.0,474.0,243500.0,24835000000.0,24834762500.0,10994454500.0,923400.0,59400.0,,30125000.0,14821500000.0,1.0
2022-03-25,474.0,0.0,0.0,484.0,472.0,474.0,0.0,5775900.0,2759451800.0,988.0,63.2,476.0,610000.0,474.0,3866700.0,24835000000.0,24834762500.0,10994454500.0,641400.0,824800.0,,0.0,0.0,0.0
2022-03-28,474.0,0.0,0.0,505.0,474.0,498.0,24.0,23433100.0,11613994100.0,2683.0,66.4,500.0,756000.0,498.0,83400.0,24835000000.0,24834762500.0,10994454500.0,3026800.0,990200.0,,0.0,0.0,0.0
2022-03-29,498.0,0.0,0.0,505.0,482.0,486.0,-12.0,6827400.0,3346545200.0,1217.0,64.8,486.0,25100.0,484.0,399700.0,24835000000.0,24834762500.0,10994454500.0,910600.0,874500.0,,10825000.0,5347550000.0,1.0
2022-03-30,486.0,0.0,0.0,488.0,476.0,480.0,-6.0,7738400.0,3719842600.0,929.0,64.0,482.0,60100.0,480.0,42400.0,24835000000.0,24834762500.0,10994454500.0,862300.0,705900.0,,10825000.0,5347550000.0,1.0
2022-03-31,480.0,0.0,0.0,484.0,474.0,478.0,-2.0,5410200.0,2587712800.0,1089.0,63.7,480.0,85800.0,478.0,600.0,24835000000.0,24834762500.0,10994454500.0,594400.0,215800.0,,0.0,0.0,0.0
2022-04-01,478.0,0.0,0.0,482.0,474.0,476.0,-2.0,15220200.0,7271401200.0,736.0,63.5,478.0,200600.0,476.0,195000.0,24835000000.0,24834762500.0,1768252000.0,1915000.0,0.0,,0.0,0.0,0.0
2022-04-04,476.0,0.0,0.0,480.0,474.0,474.0,-2.0,4921100.0,2341861200.0,816.0,63.2,476.0,5300.0,474.0,5398500.0,24835000000.0,24834762500.0,1768252000.0,649200.0,723800.0,,0.0,0.0,0.0
2022-04-05,474.0,0.0,0.0,482.0,470.0,478.0,4.0,13562600.0,6504762600.0,769.0,63.7,480.0,60600.0,478.0,356100.0,24835000000.0,24834762500.0,1768252000.0,798200.0,471800.0,,0.0,0.0,0.0
2022-04-06,478.0,0.0,0.0,482.0,472.0,474.0,-4.0,15101200.0,7184460600.0,795.0,63.2,476.0,172000.0,474.0,74900.0,24835000000.0,24834762500.0,1768252000.0,1475600.0,654600.0,,0.0,0.0,0.0
2022-04-07,474.0,0.0,0.0,490.0,472.0,476.0,2.0,9298000.0,4440764200.0,982.0,63.5,478.0,1095800.0,476.0,359200.0,24835000000.0,24834762500.0,1768252000.0,1293900.0,546900.0,,0.0,0.0,0.0
2022-04-08,476.0,0.0,0.0,486.0,474.0,476.0,0.0,7296600.0,3484655000.0,639.0,63.5,478.0,34300.0,476.0,100900.0,24835000000.0,24834762500.0,1768252000.0,1445300.0,452300.0,,0.0,0.0,0.0
2022-04-11,476.0,0.0,0.0,480.0,472.0,472.0,-4.0,5130000.0,2437316600.0,781.0,62.9,474.0,31500.0,472.0,3156100.0,24835000000.0,24834762500.0,1768252000.0,797400.0,412300.0,,9160000.0,4360160000.0,1.0
2022-04-12,472.0,0.0,0.0,480.0,470.0,470.0,-2.0,20398600.0,9659331400.0,727.0,62.7,472.0,27300.0,470.0,449400.0,24835000000.0,24834762500.0,1768252000.0,2126200.0,142800.0,,9160000.0,4360160000.0,1.0
2022-04-13,470.0,0.0,0.0,476.0,470.0,470.0,0.0,19955200.0,9417968800.0,720.0,62.7,472.0,32300.0,470.0,10300.0,24835000000.0,24834762500.0,1768252000.0,1566800.0,379300.0,,0.0,0.0,0.0
2022-04-14,470.0,0.0,0.0,474.0,466.0,466.0,-4.0,17102100.0,8061002800.0,682.0,62.1,468.0,1000.0,466.0,72800.0,24835000000.0,24834762500.0,1768252000.0,1925000.0,431200.0,,0.0,0.0,0.0
2022-04-18,466.0,0.0,0.0,470.0,460.0,470.0,4.0,2621200.0,1224034400.0,547.0,62.7,470.0,236900.0,468.0,63900.0,24835000000.0,24834762500.0,1768252000.0,620700.0,495200.0,,77000000.0,35882000000.0,1.0
2022-04-19,470.0,0.0,0.0,490.0,472.0,480.0,10.0,54082200.0,26310583000.0,1988.0,64.0,482.0,13800.0,480.0,56900.0,24835000000.0,24834762500.0,1768252000.0,2678800.0,4616400.0,,0.0,0.0,0.0
2022-04-20,480.0,0.0,0.0,488.0,470.0,472.0,-8.0,7545900.0,3593089200.0,1478.0,62.9,474.0,131100.0,472.0,83500.0,24835000000.0,24834762500.0,1768252000.0,3068300.0,552600.0,,0.0,0.0,0.0
2022-04-21,472.0,0.0,0.0,482.0,466.0,466.0,-6.0,26316600.0,12338070800.0,1157.0,62.1,466.0,157400.0,464.0,3988200.0,24835000000.0,24834762500.0,1768252000.0,4457300.0,419300.0,,0.0,0.0,0.0
2022-04-22,466.0,0.0,0.0,476.0,460.0,464.0,-2.0,43540900.0,20450736400.0,1170.0,61.9,466.0,79400.0,464.0,30800.0,24835000000.0,24834762500.0,1768252000.0,5640000.0,431600.0,,0.0,0.0,0.0
2022-04-25,464.0,0.0,0.0,466.0,432.0,434.0,-30.0,41938700.0,18440399200.0,2336.0,57.9,436.0,41500.0,434.0,3100.0,24835000000.0,24834762500.0,1768252000.0,25009700.0,864200.0,,13266100.0,6235067000.0,1.0
2022-04-26,434.0,0.0,0.0,442.0,408.0,410.0,-24.0,10630900.0,4440567400.0,1602.0,54.7,412.0,16800.0,410.0,79200.0,24835000000.0,24834762500.0,1768252000.0,1514100.0,744500.0,,0.0,0.0,0.0
2022-04-27,410.0,0.0,0.0,412.0,394.0,402.0,-8.0,29541300.0,11933141200.0,1253.0,53.6,404.0,34800.0,402.0,4400.0,24835000000.0,24834762500.0,1768252000.0,23393100.0,1473900.0,,800000.0,474400000.0,1.0
2022-04-28,402.0,0.0,0.0,402.0,390.0,394.0,-8.0,21001100.0,8344473600.0,1173.0,52.5,396.0,32200.0,394.0,140900.0,24835000000.0,24834762500.0,1768252000.0,16515300.0,59400.0,,0.0,0.0,0.0
2022-05-09,394.0,0.0,0.0,414.0,396.0,408.0,14.0,10244000.0,4167210800.0,1133.0,54.4,408.0,26500.0,406.0,5900.0,24835000000.0,24834762500.0,1768252000.0,1398600.0,1443800.0,,0.0,0.0,0.0
2022-05-10,408.0,0.0,0.0,412.0,390.0,400.0,-8.0,3834400.0,1520449600.0,792.0,53.3,402.0,1200.0,400.0,12200.0,24835000000.0,24834762500.0,1768252000.0,555400.0,239700.0,,7700000.0,3003000000.0,1.0
2022-05-11,400.0,0.0,0.0,404.0,398.0,398.0,-2.0,2182300.0,874081000.0,401.0,53.1,400.0,5300.0,398.0,152300.0,24835000000.0,24834762500.0,1768252000.0,200200.0,4300.0,,0.0,0.0,0.0
2022-05-12,398.0,0.0,0.0,400.0,390.0,390.0,-8.0,2081300.0,819810000.0,484.0,52.0,394.0,272400.0,390.0,231000.0,24835000000.0,24834762500.0,1768252000.0,312900.0,18700.0,,0.0,0.0,0.0
2022-05-13,390.0,0.0,0.0,398.0,380.0,384.0,-6.0,2303500.0,887143000.0,438.0,51.2,388.0,74700.0,384.0,91500.0,24835000000.0,24834762500.0,1768252000.0,324200.0,415400.0,,0.0,0.0,0.0
2022-05-17,384.0,0.0,0.0,394.0,382.0,394.0,10.0,1206400.0,469916200.0,304.0,52.5,394.0,52000.0,392.0,3500.0,24835000000.0,24834762500.0,1768252000.0,178100.0,2700.0,,0.0,0.0,0.0
2022-05-18,394.0,0.0,0.0,400.0,394.0,396.0,2.0,1570500.0,622483400.0,372.0,52.8,396.0,2800.0,394.0,91200.0,24835000000.0,24834762500.0,1768252000.0,190500.0,136800.0,,0.0,0.0,0.0
2022-05-19,396.0,0.0,0.0,396.0,386.0,390.0,-6.0,1258900.0,491356400.0,348.0,52.0,392.0,22000.0,390.0,66700.0,24835000000.0,24834762500.0,1768252000.0,287900.0,75000.0,,0.0,0.0,0.0
2022-05-20,390.0,0.0,0.0,404.0,394.0,396.0,6.0,3716600.0,1479558800.0,559.0,52.8,396.0,622500.0,394.0,172900.0,24835000000.0,24834762500.0,1768252000.0,506200.0,157000.0,,25000000.0,10000000000.0,1.0
2022-05-23,396.0,0.0,0.0,400.0,394.0,398.0,2.0,1499700.0,594764800.0,360.0,53.1,398.0,192100.0,396.0,400.0,24835000000.0,24834762500.0,1768252000.0,167100.0,100.0,,0.0,0.0,0.0
2022-05-24,398.0,0.0,0.0,398.0,390.0,392.0,-6.0,1861200.0,732477200.0,395.0,52.3,394.0,25000.0,392.0,81100.0,24835000000.0,24834762500.0,1768252000.0,317700.0,55600.0,,27540000.0,11016000000.0,1.0
2022-05-25,392.0,0.0,0.0,396.0,386.0,388.0,-4.0,13892300.0,5407742600.0,527.0,51.7,388.0,576100.0,386.0,3712900.0,24835000000.0,24834762500.0,1768252000.0,996500.0,5132200.0,,5694700.0,2243711800.0,1.0
2022-05-27,388.0,0.0,0.0,398.0,362.0,384.0,-4.0,56967000.0,22087646800.0,1366.0,51.2,384.0,1015100.0,382.0,22100.0,24835000000.0,24834762500.0,1768252000.0,17577100.0,9524600.0,,0.0,0.0,0.0
2022-05-30,384.0,0.0,0.0,388.0,378.0,382.0,-2.0,2137600.0,816345000.0,446.0,50.9,384.0,7800.0,382.0,248700.0,24835000000.0,24834762500.0,1768252000.0,238700.0,33700.0,,0.0,0.0,0.0
2022-05-31,382.0,0.0,0.0,386.0,376.0,382.0,0.0,6605000.0,2503426800.0,758.0,50.9,382.0,834200.0,380.0,21400.0,24835000000.0,24834762500.0,1768252000.0,969800.0,835700.0,,0.0,0.0,0.0
2022-06-02,382.0,0.0,0.0,386.0,378.0,384.0,2.0,2191000.0,837809200.0,465.0,51.2,384.0,398700.0,382.0,111700.0,24835000000.0,24834762500.0,1768252000.0,233600.0,97600.0,,0.0,0.0,0.0
2022-06-03,384.0,0.0,0.0,388.0,378.0,380.0,-4.0,5725700.0,2182226000.0,573.0,50.7,382.0,799000.0,380.0,27400.0,24835000000.0,24834762500.0,1768252000.0,782700.0,144500.0,,0.0,0.0,0.0
2022-06-06,380.0,0.0,0.0,382.0,378.0,380.0,0.0,2555500.0,971602600.0,338.0,50.7,380.0,186700.0,378.0,748600.0,24835000000.0,24834762500.0,1768252000.0,302700.0,150000.0,,0.0,0.0,0.0
2022-06-07,380.0,0.0,0.0,380.0,376.0,378.0,-2.0,3047800.0,1153076000.0,347.0,50.4,380.0,95500.0,378.0,293100.0,24835000000.0,24834762500.0,1768252000.0,394500.0,27500.0,,0.0,0.0,0.0
2022-06-08,378.0,0.0,0.0,384.0,376.0,378.0,0.0,2114700.0,801597600.0,411.0,50.4,380.0,444900.0,378.0,1500.0,24835000000.0,24834762500.0,1768252000.0,476800.0,0.0,,0.0,0.0,0.0
2022-06-09,378.0,0.0,0.0,382.0,378.0,378.0,0.0,2497700.0,946253600.0,369.0,50.4,378.0,175000.0,376.0,234200.0,24835000000.0,24834762500.0,1768252000.0,41800.0,15700.0,,0.0,0.0,0.0
2022-06-10,378.0,0.0,0.0,380.0,370.0,372.0,-6.0,4076800.0,1528519800.0,423.0,49.6,374.0,35100.0,372.0,112000.0,24835000000.0,24834762500.0,1768252000.0,773000.0,200000.0,,0.0,0.0,0.0
2022-06-13,372.0,0.0,0.0,374.0,356.0,358.0,-14.0,4868700.0,1767281600.0,685.0,47.7,360.0,3483200.0,358.0,853100.0,24835000000.0,24834762500.0,1768252000.0,883700.0,21900.0,,0.0,0.0,0.0
2022-06-14,358.0,0.0,0.0,358.0,352.0,354.0,-4.0,2039300.0,723996800.0,327.0,47.2,354.0,3105900.0,352.0,782500.0,24835000000.0,24834762500.0,1768252000.0,404000.0,400.0,,0.0,0.0,0.0
2022-06-15,354.0,0.0,0.0,362.0,350.0,352.0,-2.0,1806700.0,637946400.0,286.0,46.9,352.0,291600.0,350.0,308900.0,24835000000.0,24834762500.0,1768252000.0,220200.0,0.0,,0.0,0.0,0.0
2022-06-16,352.0,0.0,0.0,364.0,352.0,360.0,8.0,1707800.0,613314400.0,363.0,48.0,360.0,9000.0,358.0,116500.0,24835000000.0,24834762500.0,1768252000.0,244900.0,2000.0,,0.0,0.0,0.0
2022-06-17,360.0,0.0,0.0,364.0,348.0,352.0,-8.0,3142400.0,1108369200.0,403.0,46.9,356.0,111300.0,352.0,51400.0,24835000000.0,24834762500.0,1768252000.0,592600.0,282200.0,,0.0,0.0,0.0
2022-06-20,352.0,0.0,0.0,354.0,340.0,352.0,0.0,2943900.0,1018008200.0,421.0,46.9,352.0,7800.0,350.0,72000.0,24835000000.0,24834762500.0,1768252000.0,659800.0,9700.0,,0.0,0.0,0.0
2022-06-21,352.0,0.0,0.0,354.0,350.0,352.0,0.0,2281100.0,803442400.0,246.0,46.9,352.0,28600.0,350.0,149300.0,24835000000.0,24834762500.0,1768252000.0,411100.0,100.0,,0.0,0.0,0.0
2022-06-22,352.0,0.0,0.0,356.0,344.0,344.0,-8.0,1215800.0,423441600.0,360.0,45.9,346.0,362900.0,344.0,24000.0,24835000000.0,24834762500.0,1768252000.0,198500.0,33000.0,,0.0,0.0,0.0
2022-06-23,344.0,0.0,0.0,346.0,328.0,344.0,0.0,4060300.0,1363600400.0,479.0,45.9,344.0,62800.0,338.0,4300.0,24835000000.0,24834762500.0,1768252000.0,815500.0,307400.0,,0.0,0.0,0.0
2022-06-24,344.0,0.0,0.0,346.0,338.0,340.0,-4.0,1688600.0,575064200.0,237.0,45.3,342.0,1894500.0,340.0,417100.0,24835000000.0,24834762500.0,1768252000.0,690700.0,294000.0,,0.0,0.0,0.0
2022-06-27,340.0,0.0,0.0,348.0,332.0,348.0,8.0,1923800.0,652841800.0,295.0,46.4,348.0,55300.0,340.0,6100.0,24835000000.0,24834762500.0,1768252000.0,446100.0,393700.0,,785000.0,251200000.0,1.0
2022-06-28,348.0,0.0,0.0,348.0,342.0,342.0,-6.0,1352800.0,463773000.0,202.0,45.6,344.0,1610100.0,342.0,6700.0,24835000000.0,24834762500.0,1768252000.0,764300.0,502100.0,,0.0,0.0,0.0
2022-06-29,342.0,0.0,0.0,342.0,336.0,336.0,-6.0,1033800.0,349045600.0,233.0,44.8,336.0,138600.0,334.0,173000.0,24835000000.0,24835000000.0,1768252000.0,119200.0,73000.0,,0.0,0.0,0.0
2022-06-30,336.0,0.0,0.0,336.0,322.0,322.0,-14.0,5131000.0,1682452200.0,656.0,42.9,324.0,1350600.0,322.0,369200.0,24835000000.0,24835000000.0,1768252000.0,639000.0,15600.0,,0.0,0.0,0.0
2022-07-01,322.0,0.0,0.0,322.0,306.0,318.0,-4.0,3256200.0,1019960400.0,522.0,42.4,318.0,53500.0,314.0,300.0,24835000000.0,24835000000.0,1812955000.0,700100.0,730900.0,,0.0,0.0,0.0
2022-07-04,318.0,0.0,0.0,318.0,300.0,308.0,-10.0,3597100.0,1092010800.0,567.0,41.1,308.0,104800.0,306.0,500.0,24835000000.0,24835000000.0,1812955000.0,515400.0,134200.0,,0.0,0.0,0.0
2022-07-05,308.0,0.0,0.0,308.0,302.0,308.0,0.0,2879200.0,882398600.0,262.0,41.1,308.0,26100.0,306.0,10500.0,24835000000.0,24835000000.0,1812955000.0,136300.0,1132300.0,,0.0,0.0,0.0
2022-07-06,308.0,0.0,0.0,316.0,300.0,316.0,8.0,1700300.0,517884800.0,294.0,42.1,316.0,290700.0,308.0,500.0,24835000000.0,24835000000.0,1812955000.0,92400.0,294400.0,,0.0,0.0,0.0
2022-07-07,316.0,0.0,0.0,316.0,296.0,308.0,-8.0,729900.0,223719000.0,229.0,41.1,308.0,231800.0,306.0,21400.0,24835000000.0,24835000000.0,1812955000.0,7600.0,2300.0,,0.0,0.0,0.0
2022-07-08,308.0,0.0,0.0,314.0,306.0,308.0,0.0,1302600.0,403291000.0,241.0,41.1,308.0,21500.0,306.0,148900.0,24835000000.0,24835000000.0,1812955000.0,133400.0,6000.0,,0.0,0.0,0.0
2022-07-11,308.0,0.0,0.0,314.0,296.0,310.0,2.0,1725300.0,531961000.0,245.0,41.3,314.0,75700.0,310.0,81500.0,24835000000.0,24835000000.0,1812955000.0,121600.0,169700.0,,0.0,0.0,0.0
2022-07-12,310.0,0.0,0.0,324.0,306.0,316.0,6.0,4304800.0,1369681600.0,442.0,42.1,318.0,6200.0,316.0,196100.0,24835000000.0,24835000000.0,1812955000.0,159800.0,106600.0,,0.0,0.0,0.0
2022-07-13,316.0,0.0,0.0,320.0,308.0,308.0,-8.0,2100500.0,659768200.0,273.0,41.1,314.0,5000.0,308.0,645000.0,24835000000.0,24835000000.0,1812955000.0,125200.0,126000.0,,0.0,0.0,0.0
2022-07-14,308.0,0.0,0.0,318.0,304.0,314.0,6.0,1259900.0,392548800.0,177.0,41.9,314.0,16100.0,312.0,153700.0,24835000000.0,24835000000.0,1812955000.0,120500.0,13200.0,,0.0,0.0,0.0
2022-07-15,314.0,0.0,0.0,318.0,304.0,312.0,-2.0,703200.0,218344400.0,205.0,41.6,312.0,611000.0,310.0,105500.0,24835000000.0,24835000000.0,1812955000.0,17600.0,5900.0,,0.0,0.0,0.0
2022-07-18,312.0,0.0,0.0,314.0,306.0,312.0,0.0,844200.0,261285400.0,166.0,41.6,314.0,155500.0,312.0,4400.0,24835000000.0,24835000000.0,1812955000.0,6000.0,6900.0,,0.0,0.0,0.0
2022-07-19,312.0,0.0,0.0,318.0,312.0,318.0,6.0,653100.0,205553600.0,205.0,42.4,320.0,24200.0,318.0,100.0,24835000000.0,24835000000.0,1812955000.0,8600.0,52500.0,,0.0,0.0,0.0
2022-07-20,318.0,0.0,0.0,330.0,320.0,320.0,2.0,1766500.0,571423200.0,368.0,42.7,322.0,20000.0,320.0,85000.0,24835000000.0,24835000000.0,1812955000.0,152300.0,13000.0,,0.0,0.0,0.0
2022-07-21,320.0,0.0,0.0,330.0,314.0,330.0,10.0,1312000.0,426633400.0,385.0,44.0,332.0,442300.0,330.0,92100.0,24835000000.0,24835000000.0,1812955000.0,177600.0,10500.0,,0.0,0.0,0.0
2022-07-22,330.0,0.0,0.0,348.0,326.0,348.0,18.0,5617600.0,1895589000.0,808.0,46.4,348.0,467500.0,338.0,1700.0,24835000000.0,24835000000.0,1812955000.0,1466100.0,4600.0,,0.0,0.0,0.0
2022-07-25,348.0,0.0,0.0,352.0,340.0,342.0,-6.0,2299900.0,795082000.0,387.0,45.6,342.0,38500.0,340.0,404200.0,24835000000.0,24835000000.0,1812955000.0,377400.0,0.0,,0.0,0.0,0.0
2022-07-26,342.0,0.0,0.0,366.0,334.0,350.0,8.0,2550200.0,889919400.0,548.0,46.7,352.0,37900.0,348.0,500.0,24835000000.0,24835000000.0,1812955000.0,175400.0,0.0,,0.0,0.0,0.0
2022-07-27,350.0,0.0,0.0,352.0,338.0,348.0,-2.0,1394800.0,480122200.0,349.0,46.4,348.0,98700.0,344.0,1000.0,24835000000.0,24835000000.0,1812955000.0,99300.0,0.0,,0.0,0.0,0.0
2022-07-28,348.0,0.0,0.0,352.0,340.0,348.0,0.0,1559000.0,539911000.0,352.0,46.4,350.0,18100.0,348.0,6200.0,24835000000.0,24835000000.0,1812955000.0,115100.0,0.0,,0.0,0.0,0.0
2022-07-29,348.0,0.0,0.0,352.0,332.0,334.0,-14.0,3837400.0,1299585600.0,537.0,44.5,334.0,16500.0,332.0,189300.0,24835000000.0,24835000000.0,1812955000.0,114000.0,147000.0,,0.0,0.0,0.0
2022-08-01,334.0,0.0,0.0,338.0,322.0,338.0,4.0,3319700.0,1101380800.0,389.0,45.1,338.0,101500.0,336.0,92200.0,24835000000.0,24835000000.0,1812955000.0,54300.0,22800.0,,0.0,0.0,0.0
2022-08-02,338.0,0.0,0.0,338.0,318.0,330.0,-8.0,2592200.0,857281200.0,330.0,44.0,332.0,15000.0,330.0,203600.0,24835000000.0,24835000000.0,1812955000.0,354000.0,26300.0,,0.0,0.0,0.0
2022-08-03,330.0,0.0,0.0,334.0,316.0,316.0,-14.0,5114600.0,1657757600.0,517.0,42.1,318.0,218300.0,316.0,71200.0,24835000000.0,24835000000.0,1812955000.0,95200.0,177800.0,,0.0,0.0,0.0
2022-08-04,316.0,0.0,0.0,326.0,310.0,320.0,4.0,2749500.0,876090400.0,355.0,42.7,322.0,506000.0,320.0,4900.0,24835000000.0,24835000000.0,1812955000.0,0.0,109500.0,,0.0,0.0,0.0
2022-08-05,320.0,0.0,0.0,326.0,318.0,320.0,0.0,1609500.0,515853600.0,295.0,42.7,322.0,21200.0,320.0,37500.0,24835000000.0,24835000000.0,1812955000.0,0.0,161100.0,,0.0,0.0,0.0
2022-08-08,320.0,0.0,0.0,328.0,318.0,322.0,2.0,2816400.0,908604800.0,236.0,42.9,322.0,23600.0,320.0,420600.0,24835000000.0,24835000000.0,1812955000.0,0.0,118800.0,,0.0,0.0,0.0
2022-08-09,322.0,0.0,0.0,342.0,324.0,336.0,14.0,4567200.0,1514020000.0,659.0,44.8,338.0,200200.0,336.0,260600.0,24835000000.0,24835000000.0,1812955000.0,104900.0,0.0,,0.0,0.0,0.0
2022-08-10,336.0,0.0,0.0,350.0,338.0,348.0,12.0,5910900.0,2039823400.0,572.0,46.4,348.0,1284000.0,342.0,20200.0,24835000000.0,24835000000.0,1812955000.0,115800.0,400.0,,0.0,0.0,0.0
2022-08-11,348.0,0.0,0.0,364.0,342.0,358.0,10.0,7750300.0,2752129000.0,1067.0,47.7,358.0,805100.0,356.0,165000.0,24835000000.0,24835000000.0,1812955000.0,117200.0,43700.0,,0.0,0.0,0.0
2022-08-12,358.0,0.0,0.0,364.0,352.0,352.0,-6.0,2539500.0,909721600.0,512.0,46.9,356.0,5000.0,352.0,61700.0,24835000000.0,24835000000.0,1812955000.0,127600.0,0.0,,0.0,0.0,0.0
2022-08-15,352.0,0.0,0.0,384.0,344.0,374.0,22.0,9034200.0,3345674000.0,1285.0,49.9,374.0,438200.0,372.0,149500.0,24835000000.0,24835000000.0,1812955000.0,0.0,1400.0,,0.0,0.0,0.0
2022-08-16,374.0,0.0,0.0,376.0,366.0,366.0,-8.0,3369400.0,1244574800.0,530.0,48.8,366.0,4500.0,364.0,129100.0,24835000000.0,24835000000.0,1812955000.0,0.0,421800.0,,0.0,0.0,0.0
2022-08-18,366.0,0.0,0.0,378.0,366.0,368.0,2.0,3075300.0,1139522800.0,346.0,49.1,370.0,37200.0,368.0,620400.0,24835000000.0,24835000000.0,1812955000.0,0.0,352100.0,,0.0,0.0,0.0
2022-08-19,368.0,0.0,0.0,390.0,368.0,380.0,12.0,5835300.0,2216823800.0,827.0,50.7,380.0,161000.0,378.0,138800.0,24835000000.0,24835000000.0,1812955000.0,1400.0,92200.0,,0.0,0.0,0.0
2022-08-22,380.0,0.0,0.0,380.0,372.0,374.0,-6.0,3324400.0,1245664400.0,369.0,49.9,374.0,281900.0,372.0,357000.0,24835000000.0,24835000000.0,1812955000.0,0.0,1164000.0,,0.0,0.0,0.0
2022-08-23,374.0,0.0,0.0,378.0,370.0,376.0,2.0,2992500.0,1119711000.0,305.0,50.1,378.0,346400.0,376.0,209400.0,24835000000.0,24835000000.0,1812955000.0,500.0,2700.0,,0.0,0.0,0.0
2022-08-24,376.0,0.0,0.0,378.0,368.0,368.0,-8.0,2923700.0,1083004600.0,308.0,49.1,370.0,5000.0,368.0,145200.0,24835000000.0,24835000000.0,1812955000.0,0.0,15600.0,,0.0,0.0,0.0
2022-08-25,368.0,0.0,0.0,374.0,368.0,372.0,4.0,1303100.0,481251000.0,178.0,49.6,372.0,26200.0,370.0,100.0,24835000000.0,24835000000.0,1812955000.0,11500.0,400.0,,0.0,0.0,0.0
2022-08-26,372.0,0.0,0.0,374.0,368.0,370.0,-2.0,1211900.0,449918800.0,159.0,49.3,372.0,20900.0,370.0,3400.0,24835000000.0,24835000000.0,1812955000.0,300.0,305600.0,,0.0,0.0,0.0
2022-08-29,370.0,0.0,0.0,370.0,356.0,360.0,-10.0,2707700.0,969601200.0,396.0,48.0,362.0,109800.0,360.0,3642900.0,24835000000.0,24835000000.0,1812955000.0,7200.0,168000.0,,0.0,0.0,0.0
2022-08-30,360.0,0.0,0.0,366.0,360.0,362.0,2.0,2360100.0,855263200.0,188.0,48.3,364.0,31000.0,362.0,1305600.0,24835000000.0,24835000000.0,1812955000.0,19500.0,4200.0,,0.0,0.0,0.0
2022-08-31,362.0,0.0,0.0,368.0,362.0,366.0,4.0,1492600.0,546159400.0,141.0,48.8,366.0,18900.0,364.0,95800.0,24835000000.0,24835000000.0,1812955000.0,3400.0,100.0,,0.0,0.0,0.0
2022-09-01,366.0,0.0,0.0,382.0,368.0,376.0,10.0,2235600.0,836128600.0,268.0,50.1,376.0,4500.0,374.0,33600.0,24835000000.0,24835000000.0,1812955000.0,800.0,800.0,,0.0,0.0,0.0
2022-09-02,376.0,0.0,0.0,380.0,370.0,370.0,-6.0,746200.0,278695800.0,200.0,49.3,372.0,200.0,370.0,113000.0,24835000000.0,24835000000.0,1812955000.0,800.0,0.0,,0.0,0.0,0.0
2022-09-05,370.0,0.0,0.0,380.0,362.0,378.0,8.0,3008600.0,1122687800.0,355.0,50.4,378.0,141700.0,376.0,54800.0,24835000000.0,24835000000.0,1812955000.0,0.0,9200.0,,0.0,0.0,0.0
2022-09-06,378.0,0.0,0.0,384.0,376.0,378.0,0.0,3759100.0,1427057200.0,508.0,50.4,380.0,103800.0,376.0,26800.0,24835000000.0,24835000000.0,1812955000.0,7400.0,56200.0,,0.0,0.0,0.0
2022-09-07,378.0,0.0,0.0,382.0,376.0,376.0,-2.0,2570800.0,970542800.0,247.0,50.1,378.0,184100.0,376.0,365000.0,24835000000.0,24835000000.0,1812955000.0,17600.0,0.0,,0.0,0.0,0.0
2022-09-08,376.0,0.0,0.0,380.0,376.0,376.0,0.0,647800.0,244070400.0,190.0,50.1,376.0,381900.0,374.0,286600.0,24835000000.0,24835000000.0,1812955000.0,26500.0,0.0,,0.0,0.0,0.0
2022-09-09,376.0,0.0,0.0,378.0,368.0,374.0,-2.0,1769200.0,658514400.0,262.0,49.9,374.0,5200.0,372.0,400.0,24835000000.0,24835000000.0,1812955000.0,15900.0,77200.0,,0.0,0.0,0.0
2022-09-12,374.0,0.0,0.0,376.0,364.0,372.0,-2.0,1766700.0,652659400.0,265.0,49.6,372.0,583600.0,370.0,560500.0,24835000000.0,24835000000.0,1812955000.0,10100.0,2900.0,,0.0,0.0,0.0
2022-09-13,372.0,0.0,0.0,374.0,368.0,370.0,-2.0,1361900.0,504065800.0,225.0,49.3,370.0,19100.0,368.0,896500.0,24835000000.0,24835000000.0,1812955000.0,15600.0,400.0,,0.0,0.0,0.0
2022-09-14,370.0,0.0,0.0,370.0,360.0,366.0,-4.0,1697900.0,619885400.0,317.0,48.8,366.0,18800.0,364.0,484800.0,24835000000.0,24835000000.0,1812955000.0,34400.0,1800.0,,0.0,0.0,0.0
2022-09-15,366.0,0.0,0.0,370.0,362.0,364.0,-2.0,1440300.0,525080600.0,253.0,48.5,366.0,118900.0,364.0,24100.0,24835000000.0,24835000000.0,1812955000.0,16600.0,148500.0,,0.0,0.0,0.0
2022-09-16,364.0,0.0,0.0,366.0,346.0,346.0,-18.0,3327400.0,1175586200.0,610.0,46.1,346.0,22000.0,344.0,17900.0,24835000000.0,24835000000.0,1812955000.0,24500.0,47900.0,,0.0,0.0,0.0
2022-09-19,346.0,0.0,0.0,358.0,346.0,352.0,6.0,1402400.0,496071400.0,275.0,46.9,354.0,292500.0,352.0,45100.0,24835000000.0,24835000000.0,1812955000.0,3600.0,2100.0,,0.0,0.0,0.0
2022-09-20,352.0,0.0,0.0,354.0,346.0,350.0,-2.0,1244000.0,434195000.0,224.0,46.7,350.0,3900.0,348.0,176800.0,24835000000.0,24835000000.0,1812955000.0,6300.0,4200.0,,0.0,0.0,0.0
2022-09-21,350.0,0.0,0.0,354.0,344.0,348.0,-2.0,1380100.0,481017600.0,230.0,46.4,350.0,232200.0,348.0,186000.0,24835000000.0,24835000000.0,1812955000.0,400.0,700.0,,0.0,0.0,0.0
2022-09-22,348.0,0.0,0.0,350.0,344.0,348.0,0.0,935500.0,324694400.0,169.0,46.4,348.0,176700.0,346.0,1125600.0,24835000000.0,24835000000.0,1812955000.0,29900.0,0.0,,0.0,0.0,0.0
2022-09-23,348.0,0.0,0.0,356.0,346.0,352.0,4.0,522700.0,182986800.0,186.0,46.9,352.0,50800.0,350.0,11800.0,24835000000.0,24835000000.0,1812955000.0,800.0,43400.0,,0.0,0.0,0.0
2022-09-26,352.0,0.0,0.0,354.0,348.0,348.0,-4.0,566000.0,197839600.0,127.0,46.4,348.0,194800.0,346.0,235500.0,24835000000.0,24835000000.0,1812955000.0,20900.0,21500.0,,0.0,0.0,0.0
2022-09-27,348.0,0.0,0.0,348.0,342.0,348.0,0.0,1571100.0,541946000.0,192.0,46.4,350.0,22400.0,348.0,3100.0,24835000000.0,24835000000.0,1812955000.0,0.0,26500.0,,0.0,0.0,0.0
2022-09-28,348.0,0.0,0.0,354.0,346.0,350.0,2.0,1426000.0,498439600.0,146.0,46.7,350.0,3600.0,348.0,99900.0,24835000000.0,24835000000.0,1812955000.0,180000.0,0.0,,0.0,0.0,0.0
2022-09-29,350.0,0.0,0.0,356.0,344.0,344.0,-6.0,5221400.0,1820154400.0,7020.0,45.9,346.0,4800.0,344.0,137400.0,24835000000.0,24835000000.0,1812955000.0,0.0,0.0,,0.0,0.0,0.0
2022-09-30,344.0,0.0,0.0,344.0,336.0,336.0,-8.0,2261900.0,766908200.0,251.0,44.8,338.0,31800.0,336.0,68800.0,24835000000.0,24835000000.0,1812955000.0,111100.0,25000.0,,0.0,0.0,0.0
2022-10-03,336.0,0.0,0.0,338.0,332.0,338.0,2.0,1015100.0,339334600.0,149.0,45.1,340.0,13000.0,338.0,1800.0,24835000000.0,24835000000.0,1812955000.0,0.0,73500.0,,0.0,0.0,0.0
2022-10-04,338.0,0.0,0.0,348.0,338.0,346.0,8.0,409400.0,141254400.0,95.0,46.1,346.0,393000.0,344.0,100.0,24835000000.0,24835000000.0,1812955000.0,12000.0,53500.0,,0.0,0.0,0.0
2022-10-05,346.0,0.0,0.0,350.0,336.0,340.0,-6.0,760500.0,259815800.0,196.0,45.3,342.0,6800.0,340.0,140200.0,24835000000.0,24835000000.0,1812955000.0,34500.0,44100.0,,0.0,0.0,0.0
2022-10-06,340.0,0.0,0.0,344.0,336.0,342.0,2.0,163900.0,55652000.0,92.0,45.6,344.0,31400.0,342.0,21000.0,24835000000.0,24835000000.0,1812955000.0,0.0,700.0,,0.0,0.0,0.0
2022-10-07,342.0,0.0,0.0,342.0,336.0,340.0,-2.0,246200.0,83727400.0,144.0,45.3,340.0,53000.0,338.0,92400.0,24835000000.0,24835000000.0,1812955000.0,7800.0,900.0,,0.0,0.0,0.0
2022-10-10,340.0,0.0,0.0,342.0,336.0,340.0,0.0,451300.0,152803800.0,96.0,45.3,340.0,69200.0,338.0,15800.0,24835000000.0,24835000000.0,1812955000.0,14800.0,2200.0,,0.0,0.0,0.0
2022-10-11,340.0,0.0,0.0,340.0,336.0,336.0,-4.0,299300.0,100948800.0,108.0,44.8,338.0,9900.0,336.0,8500.0,24835000000.0,24835000000.0,1812955000.0,0.0,0.0,,40944000.0,13920960000.0,1.0
2022-10-12,336.0,0.0,0.0,336.0,330.0,332.0,-4.0,443800.0,147470800.0,137.0,44.3,334.0,15700.0,332.0,25900.0,24835000000.0,24835000000.0,1812955000.0,220000.0,5300.0,,40944000.0,13920960000.0,1.0
2022-10-13,332.0,0.0,0.0,334.0,328.0,330.0,-2.0,1422100.0,470008800.0,142.0,44.0,332.0,186300.0,330.0,450700.0,24835000000.0,24835000000.0,1812955000.0,213400.0,0.0,,44688000.0,14836416000.0,1.0
2022-10-14,330.0,0.0,0.0,330.0,324.0,324.0,-6.0,1452200.0,473808800.0,148.0,43.2,326.0,420300.0,324.0,465300.0,24835000000.0,24835000000.0,1812955000.0,24000.0,0.0,,44688000.0,14836416000.0,1.0
2022-10-17,324.0,0.0,0.0,324.0,310.0,324.0,0.0,910000.0,286468200.0,179.0,43.2,324.0,1893800.0,322.0,300.0,24835000000.0,24835000000.0,1812955000.0,2200.0,0.0,,16420000.0,5352920000.0,1.0
2022-10-18,324.0,0.0,0.0,326.0,318.0,326.0,2.0,2357100.0,759366200.0,105.0,43.5,326.0,31000.0,324.0,500.0,24835000000.0,24835000000.0,1812955000.0,16500.0,7300.0,,16420000.0,5352920000.0,1.0
2022-10-19,326.0,0.0,0.0,332.0,322.0,328.0,2.0,928100.0,303075000.0,113.0,43.7,330.0,148900.0,328.0,31400.0,24835000000.0,24835000000.0,1812955000.0,65000.0,0.0,,13471000.0,4364604000.0,1.0
2022-10-20,328.0,0.0,0.0,336.0,324.0,330.0,2.0,1300000.0,427982200.0,159.0,44.0,330.0,31600.0,326.0,38100.0,24835000000.0,24835000000.0,1812955000.0,0.0,0.0,,13471000.0,4364604000.0,1.0
2022-10-21,330.0,0.0,0.0,336.0,330.0,334.0,4.0,1173000.0,391387800.0,161.0,44.5,334.0,20100.0,332.0,22900.0,24835000000.0,24835000000.0,1812955000.0,40000.0,0.0,,0.0,0.0,0.0
2022-10-24,334.0,0.0,0.0,342.0,334.0,340.0,6.0,693500.0,233955800.0,159.0,45.3,340.0,385700.0,338.0,1300.0,24835000000.0,24835000000.0,1812955000.0,273300.0,0.0,,0.0,0.0,0.0
2022-10-25,340.0,0.0,0.0,344.0,332.0,332.0,-8.0,1734800.0,586395400.0,185.0,44.3,338.0,68700.0,332.0,50100.0,24835000000.0,24835000000.0,1812955000.0,60000.0,0.0,,0.0,0.0,0.0
2022-10-26,332.0,0.0,0.0,340.0,314.0,324.0,-8.0,5000800.0,1609362000.0,425.0,43.2,326.0,13700.0,324.0,151400.0,24835000000.0,24835000000.0,1812955000.0,63500.0,0.0,,0.0,0.0,0.0
2022-10-27,324.0,0.0,0.0,328.0,318.0,322.0,-2.0,2462900.0,795798800.0,236.0,42.9,324.0,15900.0,322.0,190500.0,24835000000.0,24835000000.0,1812955000.0,61400.0,48400.0,,800000.0,259200000.0,1.0
2022-10-28,322.0,0.0,0.0,326.0,314.0,322.0,0.0,2043000.0,650790000.0,236.0,42.9,324.0,69400.0,320.0,12600.0,24835000000.0,24835000000.0,1812955000.0,0.0,38400.0,,0.0,0.0,0.0
2022-10-31,322.0,0.0,0.0,332.0,322.0,322.0,0.0,1239400.0,405997600.0,171.0,42.9,324.0,300.0,322.0,118200.0,24835000000.0,24835000000.0,1812955000.0,63000.0,0.0,,0.0,0.0,0.0
2022-11-01,322.0,0.0,0.0,324.0,312.0,318.0,-4.0,845100.0,270123600.0,246.0,42.4,320.0,3500.0,318.0,4700.0,24835000000.0,24835000000.0,1812955000.0,63000.0,8000.0,,0.0,0.0,0.0
2022-11-02,318.0,0.0,0.0,322.0,314.0,318.0,0.0,810900.0,257922200.0,176.0,42.4,320.0,52500.0,318.0,33600.0,24835000000.0,24835000000.0,1812955000.0,0.0,1200.0,,0.0,0.0,0.0
2022-11-03,318.0,0.0,0.0,326.0,316.0,320.0,2.0,2687700.0,862132800.0,293.0,42.7,320.0,26000.0,318.0,173600.0,24835000000.0,24835000000.0,1812955000.0,0.0,62700.0,,0.0,0.0,0.0
2022-11-04,320.0,0.0,0.0,324.0,308.0,322.0,2.0,2507700.0,798248000.0,258.0,42.9,324.0,155600.0,322.0,1149300.0,24835000000.0,24835000000.0,1812955000.0,64500.0,62200.0,,0.0,0.0,0.0
2022-11-07,322.0,0.0,0.0,332.0,322.0,328.0,6.0,1485500.0,487478000.0,248.0,43.7,328.0,32100.0,326.0,30100.0,24835000000.0,24835000000.0,1812955000.0,0.0,8800.0,,0.0,0.0,0.0
2022-11-08,328.0,0.0,0.0,336.0,324.0,328.0,0.0,2065500.0,677259600.0,234.0,43.7,330.0,58800.0,328.0,1400.0,24835000000.0,24835000000.0,1812955000.0,75600.0,0.0,,0.0,0.0,0.0
2022-11-09,328.0,0.0,0.0,352.0,332.0,342.0,14.0,5040100.0,1718386800.0,680.0,45.6,342.0,577900.0,340.0,100800.0,24835000000.0,24835000000.0,1812955000.0,0.0,0.0,,0.0,0.0,0.0
2022-11-10,342.0,0.0,0.0,344.0,334.0,340.0,-2.0,1277000.0,432872400.0,427.0,45.3,340.0,73400.0,336.0,20200.0,24835000000.0,24835000000.0,1812955000.0,169000.0,0.0,,0.0,0.0,0.0
2022-11-11,340.0,0.0,0.0,348.0,336.0,340.0,0.0,1325500.0,452765000.0,335.0,45.3,342.0,10000.0,340.0,202500.0,24835000000.0,24835000000.0,1812955000.0,132500.0,0.0,,0.0,0.0,0.0
2022-11-14,340.0,0.0,0.0,344.0,338.0,342.0,2.0,1564600.0,534398200.0,293.0,45.6,344.0,130200.0,342.0,280200.0,24835000000.0,24835000000.0,1812955000.0,156500.0,4600.0,,0.0,0.0,0.0
2022-11-15,342.0,0.0,0.0,352.0,336.0,346.0,4.0,2075800.0,713397600.0,630.0,46.1,346.0,1500.0,344.0,11800.0,24835000000.0,24835000000.0,1812955000.0,207000.0,11500.0,,0.0,0.0,0.0
2022-11-16,346.0,0.0,0.0,348.0,336.0,340.0,-6.0,1964300.0,674290000.0,320.0,45.3,344.0,5000.0,342.0,10000.0,24835000000.0,24835000000.0,1812955000.0,196400.0,9900.0,,0.0,0.0,0.0
2022-11-17,340.0,0.0,0.0,344.0,336.0,340.0,0.0,1420300.0,481173600.0,199.0,45.3,340.0,64400.0,338.0,497700.0,24835000000.0,24835000000.0,1812955000.0,138000.0,8000.0,,0.0,0.0,0.0
2022-11-18,340.0,0.0,0.0,346.0,338.0,346.0,6.0,974200.0,332951800.0,209.0,46.1,346.0,264900.0,344.0,32300.0,24835000000.0,24835000000.0,1812955000.0,128800.0,8100.0,,0.0,0.0,0.0
2022-11-21,346.0,0.0,0.0,350.0,338.0,342.0,-4.0,1158700.0,395152400.0,360.0,45.6,344.0,20500.0,342.0,9500.0,24835000000.0,24835000000.0,1812955000.0,160900.0,6700.0,,0.0,0.0,0.0
2022-11-22,342.0,0.0,0.0,344.0,340.0,344.0,2.0,614800.0,210540800.0,127.0,45.9,344.0,570500.0,340.0,299900.0,24835000000.0,24835000000.0,1812955000.0,61400.0,7600.0,,0.0,0.0,0.0
2022-11-23,344.0,0.0,0.0,344.0,338.0,338.0,-6.0,826400.0,280584200.0,169.0,45.1,342.0,84800.0,338.0,459000.0,24835000000.0,24835000000.0,1812955000.0,97500.0,0.0,,0.0,0.0,0.0
2022-11-24,338.0,0.0,0.0,344.0,338.0,340.0,2.0,516800.0,176380800.0,133.0,45.3,342.0,29300.0,340.0,97700.0,24835000000.0,24835000000.0,1812955000.0,51600.0,0.0,,0.0,0.0,0.0
2022-11-25,340.0,0.0,0.0,344.0,338.0,340.0,0.0,370600.0,126143400.0,103.0,45.3,342.0,204500.0,340.0,115200.0,24835000000.0,24835000000.0,1812955000.0,37000.0,0.0,,0.0,0.0,0.0
2022-11-28,340.0,0.0,0.0,344.0,338.0,338.0,-2.0,1160600.0,393679400.0,179.0,45.1,340.0,1000.0,338.0,138200.0,24835000000.0,24835000000.0,1812955000.0,116000.0,44100.0,,0.0,0.0,0.0
2022-11-29,338.0,0.0,0.0,340.0,336.0,336.0,-2.0,421000.0,142166200.0,102.0,44.8,340.0,110600.0,336.0,141900.0,24835000000.0,24835000000.0,1812955000.0,46700.0,0.0,,0.0,0.0,0.0
2022-11-30,336.0,0.0,0.0,344.0,334.0,336.0,0.0,1066100.0,360504200.0,207.0,44.8,338.0,54500.0,336.0,171200.0,24835000000.0,24835000000.0,1812955000.0,106600.0,0.0,,0.0,0.0,0.0
2022-12-01,336.0,0.0,0.0,344.0,336.0,342.0,6.0,1988000.0,676902600.0,151.0,45.6,342.0,294500.0,340.0,2800.0,24835000000.0,24835000000.0,1812955000.0,2900.0,0.0,,0.0,0.0,0.0
2022-12-02,342.0,0.0,0.0,344.0,338.0,344.0,2.0,1207900.0,410396200.0,119.0,45.9,344.0,271100.0,342.0,541000.0,24835000000.0,24835000000.0,1812955000.0,113000.0,0.0,,0.0,0.0,0.0
2022-12-05,344.0,0.0,0.0,346.0,338.0,344.0,0.0,1060400.0,362229000.0,132.0,45.9,344.0,164800.0,338.0,105900.0,24835000000.0,24835000000.0,1812955000.0,4900.0,0.0,,0.0,0.0,0.0
2022-12-06,344.0,0.0,0.0,344.0,336.0,338.0,-6.0,591700.0,199292600.0,115.0,45.1,338.0,193500.0,336.0,224800.0,24835000000.0,24835000000.0,1812955000.0,0.0,2000.0,,0.0,0.0,0.0
2022-12-07,338.0,0.0,0.0,338.0,328.0,336.0,-2.0,605800.0,201882200.0,141.0,44.8,336.0,450800.0,332.0,90300.0,24835000000.0,24835000000.0,1812955000.0,0.0,6700.0,,0.0,0.0,0.0
2022-12-08,336.0,0.0,0.0,336.0,320.0,330.0,-6.0,2752300.0,900653000.0,242.0,44.0,330.0,70600.0,328.0,100.0,24835000000.0,24835000000.0,1812955000.0,0.0,250000.0,,0.0,0.0,0.0
2022-12-09,330.0,0.0,0.0,332.0,322.0,326.0,-4.0,1103500.0,358364800.0,212.0,43.5,326.0,105400.0,324.0,53400.0,24835000000.0,24835000000.0,1812955000.0,59100.0,41000.0,,0.0,0.0,0.0
2022-12-12,326.0,0.0,0.0,334.0,320.0,324.0,-2.0,777300.0,252994200.0,161.0,43.2,326.0,100500.0,324.0,78600.0,24835000000.0,24835000000.0,1812955000.0,58600.0,100000.0,,0.0,0.0,0.0
2022-12-13,324.0,0.0,0.0,328.0,308.0,318.0,-6.0,2147700.0,680766000.0,258.0,42.4,320.0,103300.0,318.0,448200.0,24835000000.0,24835000000.0,1812955000.0,56600.0,0.0,,0.0,0.0,0.0
2022-12-14,318.0,0.0,0.0,330.0,318.0,322.0,4.0,2186100.0,702999000.0,258.0,42.9,324.0,300.0,322.0,80700.0,24835000000.0,24835000000.0,1812955000.0,56800.0,157200.0,,0.0,0.0,0.0
2022-12-15,322.0,0.0,0.0,326.0,320.0,324.0,2.0,434500.0,140438800.0,140.0,43.2,326.0,106400.0,324.0,76000.0,24835000000.0,24835000000.0,1812955000.0,56400.0,0.0,,0.0,0.0,0.0
2022-12-16,324.0,0.0,0.0,328.0,316.0,328.0,4.0,2489600.0,798491000.0,216.0,43.7,328.0,124000.0,326.0,1000.0,24835000000.0,24835000000.0,1812955000.0,54800.0,190700.0,,0.0,0.0,0.0
2022-12-19,328.0,0.0,0.0,332.0,322.0,330.0,2.0,513300.0,167994600.0,143.0,44.0,330.0,34100.0,324.0,8200.0,24835000000.0,24835000000.0,1812955000.0,68400.0,0.0,,0.0,0.0,0.0
2022-12-20,330.0,0.0,0.0,330.0,322.0,322.0,-8.0,483200.0,156107400.0,130.0,42.9,324.0,183500.0,322.0,14700.0,24835000000.0,24835000000.0,1812955000.0,57000.0,0.0,,0.0,0.0,0.0
2022-12-21,322.0,0.0,0.0,328.0,320.0,326.0,4.0,974500.0,314509400.0,134.0,43.5,326.0,484000.0,324.0,188400.0,24835000000.0,24835000000.0,1812955000.0,53000.0,0.0,,0.0,0.0,0.0
2022-12-22,326.0,0.0,0.0,328.0,322.0,326.0,0.0,540800.0,175565200.0,102.0,43.5,326.0,263000.0,324.0,9900.0,24835000000.0,24835000000.0,1812955000.0,53400.0,0.0,,0.0,0.0,0.0
2022-12-23,326.0,0.0,0.0,330.0,320.0,330.0,4.0,1317400.0,426872200.0,168.0,44.0,332.0,100400.0,330.0,71800.0,24835000000.0,24835000000.0,1812955000.0,57100.0,0.0,,0.0,0.0,0.0
2022-12-26,330.0,0.0,0.0,330.0,320.0,324.0,-6.0,607300.0,196250600.0,92.0,43.2,326.0,5000.0,324.0,149900.0,24835000000.0,24835000000.0,1812955000.0,0.0,0.0,,0.0,0.0,0.0
2022-12-27,324.0,0.0,0.0,332.0,322.0,332.0,8.0,1389000.0,450887600.0,133.0,44.3,332.0,13000.0,330.0,400.0,24835000000.0,24835000000.0,1812955000.0,0.0,198300.0,,0.0,0.0,0.0
2022-12-28,332.0,0.0,0.0,336.0,326.0,328.0,-4.0,165900.0,54477600.0,68.0,43.7,328.0,121200.0,326.0,6000.0,24835000000.0,24835000000.0,1812955000.0,0.0,0.0,,0.0,0.0,0.0
2022-12-29,328.0,0.0,0.0,332.0,322.0,332.0,4.0,387700.0,126855400.0,114.0,44.3,332.0,70200.0,328.0,10000.0,24835000000.0,24835000000.0,1812955000.0,50600.0,0.0,,0.0,0.0,0.0
2022-12-30,332.0,0.0,0.0,338.0,322.0,332.0,0.0,1308900.0,429862200.0,162.0,44.3,332.0,104500.0,326.0,1300.0,24835000000.0,24835000000.0,1812955000.0,54300.0,0.0,,0.0,0.0,0.0
2023-01-02,332.0,0.0,0.0,334.0,326.0,334.0,2.0,1018700.0,334193600.0,109.0,44.5,334.0,131300.0,326.0,800.0,24835000000.0,24835000000.0,1812955000.0,0.0,0.0,,0.0,0.0,0.0
2023-01-03,334.0,0.0,0.0,344.0,320.0,342.0,8.0,9196300.0,3056515400.0,485.0,45.6,342.0,1735300.0,338.0,200.0,24835000000.0,24835000000.0,1812955000.0,15500.0,0.0,,11800.0,9841200.0,1.0
2023-01-04,342.0,0.0,0.0,344.0,332.0,340.0,-2.0,2288000.0,773680000.0,473.0,45.3,340.0,630100.0,336.0,2000.0,24835000000.0,24835000000.0,1812955000.0,234700.0,299300.0,,0.0,0.0,0.0
2023-01-05,340.0,0.0,0.0,342.0,326.0,334.0,-6.0,5400400.0,1790888200.0,487.0,44.5,334.0,126400.0,326.0,188400.0,24835000000.0,24835000000.0,1812955000.0,540000.0,0.0,,0.0,0.0,0.0
2023-01-06,334.0,0.0,0.0,330.0,322.0,330.0,-4.0,1382700.0,450474000.0,237.0,44.0,330.0,657600.0,328.0,12200.0,24835000000.0,24835000000.0,1812955000.0,138400.0,15000.0,,0.0,0.0,0.0
2023-01-09,330.0,0.0,0.0,338.0,328.0,330.0,0.0,1260000.0,419398000.0,309.0,44.0,330.0,53000.0,328.0,43400.0,24835000000.0,24835000000.0,1812955000.0,111900.0,0.0,,1700.0,578000.0,1.0
2023-01-10,330.0,0.0,0.0,334.0,316.0,330.0,0.0,2860300.0,929025000.0,306.0,44.0,330.0,194500.0,326.0,5500.0,24835000000.0,24835000000.0,1812955000.0,0.0,105000.0,,0.0,0.0,0.0
2023-01-11,330.0,0.0,0.0,338.0,322.0,338.0,8.0,3127000.0,1036216400.0,1223.0,45.1,338.0,1431500.0,336.0,100.0,24835000000.0,24835000000.0,1812955000.0,303300.0,134300.0,,0.0,0.0,0.0
2023-01-12,338.0,0.0,0.0,338.0,330.0,336.0,-2.0,2016500.0,672567800.0,298.0,44.8,336.0,57300.0,332.0,106900.0,24835000000.0,24835000000.0,1812955000.0,201600.0,0.0,,0.0,0.0,0.0
2023-01-13,336.0,0.0,0.0,340.0,330.0,338.0,2.0,2570700.0,858003600.0,358.0,45.1,338.0,1378100.0,332.0,100000.0,24835000000.0,24835000000.0,1812955000.0,252400.0,0.0,,0.0,0.0,0.0
2023-01-16,338.0,0.0,0.0,406.0,340.0,380.0,42.0,76146300.0,29475231600.0,9941.0,50.7,382.0,26000.0,380.0,144300.0,24835000000.0,24835000000.0,1812955000.0,3302500.0,179300.0,,0.0,0.0,0.0
2023-01-17,380.0,0.0,0.0,390.0,368.0,368.0,-12.0,22856800.0,8654007400.0,3247.0,49.1,368.0,773700.0,366.0,334800.0,24835000000.0,24835000000.0,1812955000.0,4672900.0,53000.0,,0.0,0.0,0.0
2023-01-18,368.0,0.0,0.0,376.0,362.0,372.0,4.0,9464100.0,3489527200.0,1449.0,49.6,374.0,111400.0,372.0,356900.0,24835000000.0,24835000000.0,1812955000.0,2210200.0,11000.0,,0.0,0.0,0.0
2023-01-19,372.0,0.0,0.0,386.0,368.0,372.0,0.0,12394600.0,4683424800.0,1922.0,49.6,374.0,193000.0,372.0,361500.0,24835000000.0,24835000000.0,1812955000.0,2432100.0,12100.0,,0.0,0.0,0.0
2023-01-20,372.0,0.0,0.0,386.0,374.0,382.0,10.0,22754500.0,8660630200.0,1813.0,50.9,384.0,73900.0,382.0,418600.0,24835000000.0,24835000000.0,1812955000.0,4416100.0,61400.0,,0.0,0.0,0.0
2023-01-24,382.0,0.0,0.0,388.0,374.0,380.0,-2.0,15476800.0,5895030800.0,1819.0,50.7,380.0,204100.0,378.0,291700.0,24835000000.0,24835000000.0,1812955000.0,3058400.0,159400.0,,0.0,0.0,0.0
2023-01-25,380.0,0.0,0.0,382.0,354.0,354.0,-26.0,31281400.0,11252781400.0,2571.0,47.2,354.0,946700.0,0.0,0.0,24835000000.0,24835000000.0,1812955000.0,6311800.0,0.0,,0.0,0.0,0.0
2023-01-26,354.0,0.0,0.0,358.0,330.0,334.0,-20.0,34212300.0,11548819800.0,4475.0,44.5,336.0,50000.0,334.0,68300.0,24835000000.0,24835000000.0,1812955000.0,8011500.0,334700.0,,0.0,0.0,0.0
2023-01-27,334.0,0.0,0.0,340.0,330.0,340.0,6.0,4749100.0,1598150800.0,1737.0,45.3,340.0,493200.0,338.0,632500.0,24835000000.0,24835000000.0,1812955000.0,1509700.0,170200.0,,0.0,0.0,0.0
2023-01-30,340.0,0.0,0.0,344.0,326.0,330.0,-10.0,11995900.0,4001066400.0,1256.0,44.0,332.0,500.0,330.0,238100.0,24835000000.0,24835000000.0,1812955000.0,2752000.0,258900.0,,0.0,0.0,0.0
2023-01-31,330.0,0.0,0.0,338.0,330.0,334.0,4.0,3584000.0,1199916000.0,586.0,44.5,334.0,254500.0,332.0,301100.0,24835000000.0,24835000000.0,1812955000.0,715300.0,248800.0,,0.0,0.0,0.0
2023-02-01,334.0,0.0,0.0,338.0,330.0,334.0,0.0,3298800.0,1104203400.0,536.0,44.5,336.0,114400.0,334.0,94000.0,24835000000.0,24835000000.0,1812955000.0,666600.0,18100.0,,0.0,0.0,0.0
2023-02-02,334.0,0.0,0.0,342.0,334.0,342.0,8.0,6439100.0,2190702400.0,676.0,45.6,342.0,27200.0,340.0,4000.0,24835000000.0,24835000000.0,1812955000.0,1309900.0,16900.0,,0.0,0.0,0.0
2023-02-03,342.0,0.0,0.0,342.0,330.0,334.0,-8.0,7520300.0,2514662800.0,779.0,44.5,334.0,758200.0,332.0,519500.0,24835000000.0,24835000000.0,1812955000.0,1532100.0,142200.0,,15.0,15.0,1.0
2023-02-06,334.0,0.0,0.0,336.0,326.0,332.0,-2.0,2723800.0,899582400.0,1504.0,44.3,332.0,1086100.0,330.0,874500.0,24835000000.0,24835000000.0,1812955000.0,549800.0,64900.0,,0.0,0.0,0.0
2023-02-07,332.0,0.0,0.0,334.0,328.0,332.0,0.0,2023500.0,669919400.0,333.0,44.3,332.0,300.0,330.0,430100.0,24835000000.0,24835000000.0,1812955000.0,404200.0,23900.0,,0.0,0.0,0.0
2023-02-08,332.0,0.0,0.0,336.0,330.0,332.0,0.0,5893500.0,1953112400.0,2449.0,44.3,332.0,69400.0,330.0,431400.0,24835000000.0,24835000000.0,1812955000.0,1125600.0,34300.0,,0.0,0.0,0.0
2023-02-09,332.0,0.0,0.0,334.0,328.0,330.0,-2.0,4571400.0,1513756200.0,2349.0,44.0,334.0,182400.0,330.0,547800.0,24835000000.0,24835000000.0,1812955000.0,887700.0,349700.0,,82800.0,27324000.0,1.0
2023-02-10,330.0,0.0,0.0,332.0,328.0,330.0,0.0,4168200.0,1375431800.0,230.0,44.0,330.0,7900.0,328.0,922300.0,24835000000.0,24835000000.0,1812955000.0,14100.0,86400.0,,0.0,0.0,0.0
2023-02-13,330.0,0.0,0.0,332.0,328.0,332.0,2.0,1816600.0,599964400.0,2154.0,44.3,332.0,293700.0,330.0,1279800.0,24835000000.0,24835000000.0,1812955000.0,6000.0,83100.0,,0.0,0.0,0.0
2023-02-14,332.0,0.0,0.0,336.0,330.0,330.0,-2.0,1564000.0,520591600.0,288.0,44.0,332.0,172900.0,330.0,1153600.0,24835000000.0,24835000000.0,1812955000.0,1100.0,397900.0,,0.0,0.0,0.0
2023-02-15,330.0,0.0,0.0,336.0,328.0,332.0,2.0,2474800.0,822831400.0,216.0,44.3,332.0,72500.0,330.0,1537400.0,24835000000.0,24835000000.0,1812955000.0,0.0,147100.0,,0.0,0.0,0.0
2023-02-16,332.0,0.0,0.0,334.0,332.0,332.0,0.0,853800.0,283629600.0,165.0,44.3,332.0,46800.0,330.0,1066400.0,24835000000.0,24835000000.0,1812955000.0,9200.0,46000.0,,0.0,0.0,0.0
2023-02-17,332.0,0.0,0.0,334.0,330.0,332.0,0.0,1428200.0,474296800.0,191.0,44.3,332.0,147900.0,330.0,1151000.0,24835000000.0,24835000000.0,1812955000.0,0.0,101500.0,,0.0,0.0,0.0
2023-02-20,332.0,0.0,0.0,336.0,332.0,334.0,2.0,1529500.0,509997800.0,1572.0,44.5,334.0,39200.0,332.0,211100.0,24835000000.0,24835000000.0,1812955000.0,0.0,159900.0,,0.0,0.0,0.0
2023-02-21,334.0,0.0,0.0,336.0,330.0,332.0,-2.0,1757900.0,585199000.0,238.0,44.3,332.0,8300.0,330.0,2104000.0,24835000000.0,24835000000.0,1812955000.0,0.0,175600.0,,0.0,0.0,0.0
2023-02-22,332.0,0.0,0.0,334.0,330.0,332.0,0.0,2071100.0,685963400.0,850.0,44.3,334.0,639500.0,332.0,173200.0,24835000000.0,24835000000.0,1812955000.0,0.0,92900.0,,0.0,0.0,0.0
2023-02-23,332.0,0.0,0.0,342.0,330.0,336.0,4.0,4675200.0,1568699400.0,462.0,44.8,338.0,158300.0,336.0,6100.0,24835000000.0,24835000000.0,1812955000.0,554500.0,0.0,,0.0,0.0,0.0
2023-02-24,336.0,0.0,0.0,336.0,332.0,332.0,-4.0,1840500.0,613123200.0,228.0,44.3,334.0,15000.0,332.0,22100.0,24835000000.0,24835000000.0,1812955000.0,168300.0,0.0,,0.0,0.0,0.0
2023-02-27,332.0,0.0,0.0,336.0,330.0,334.0,2.0,2438000.0,813342400.0,1613.0,44.5,334.0,65800.0,332.0,219400.0,24835000000.0,24835000000.0,1812955000.0,217300.0,0.0,,0.0,0.0,0.0
2023-02-28,334.0,0.0,0.0,334.0,330.0,330.0,-4.0,3164400.0,1046410000.0,278.0,44.0,332.0,64700.0,330.0,593600.0,24835000000.0,24835000000.0,1812955000.0,197500.0,0.0,,0.0,0.0,0.0
2023-03-01,330.0,0.0,0.0,332.0,330.0,330.0,0.0,3988700.0,1318604000.0,1253.0,44.0,332.0,222000.0,330.0,529200.0,24835000000.0,24835000000.0,1812955000.0,177400.0,100.0,,0.0,0.0,0.0
2023-03-02,330.0,0.0,0.0,334.0,330.0,332.0,2.0,2667300.0,885117800.0,501.0,44.3,332.0,82700.0,330.0,1893500.0,24835000000.0,24835000000.0,1812955000.0,148700.0,0.0,,0.0,0.0,0.0
2023-03-03,332.0,0.0,0.0,334.0,330.0,332.0,0.0,796600.0,265114200.0,129.0,44.3,332.0,133000.0,330.0,1440500.0,24835000000.0,24835000000.0,1812955000.0,0.0,0.0,,0.0,0.0,0.0
2023-03-06,332.0,0.0,0.0,336.0,330.0,332.0,0.0,2420200.0,803728400.0,1303.0,44.3,334.0,578800.0,332.0,900.0,24835000000.0,24835000000.0,1812955000.0,0.0,0.0,,0.0,0.0,0.0
2023-03-07,332.0,0.0,0.0,332.0,330.0,330.0,-2.0,2364700.0,780785600.0,131.0,44.0,332.0,189200.0,330.0,551000.0,24835000000.0,24835000000.0,1812955000.0,0.0,0.0,,0.0,0.0,0.0
2023-03-08,330.0,0.0,0.0,332.0,322.0,324.0,-6.0,3145700.0,1025985800.0,326.0,43.2,324.0,20800.0,322.0,173100.0,24835000000.0,24835000000.0,1812955000.0,100.0,0.0,,0.0,0.0,0.0
2023-03-09,324.0,0.0,0.0,328.0,320.0,324.0,0.0,1411000.0,457664600.0,186.0,43.2,328.0,46900.0,324.0,48300.0,24835000000.0,24835000000.0,1812955000.0,0.0,0.0,,0.0,0.0,0.0
2023-03-10,324.0,0.0,0.0,332.0,324.0,328.0,4.0,1459400.0,479123800.0,1006.0,43.7,328.0,137800.0,326.0,261400.0,24835000000.0,24835000000.0,1812955000.0,0.0,0.0,,0.0,0.0,0.0
2023-03-13,328.0,0.0,0.0,336.0,330.0,332.0,4.0,2830300.0,942173600.0,339.0,44.3,332.0,275000.0,330.0,1601300.0,24835000000.0,24835000000.0,1812955000.0,0.0,0.0,,0.0,0.0,0.0
2023-03-14,332.0,0.0,0.0,348.0,330.0,334.0,2.0,8933200.0,3031586600.0,1213.0,44.5,334.0,523600.0,332.0,295300.0,24835000000.0,24835000000.0,1812955000.0,0.0,0.0,,0.0,0.0,0.0
2023-03-15,334.0,0.0,0.0,334.0,328.0,330.0,-4.0,4277700.0,1413135000.0,301.0,44.0,332.0,120000.0,330.0,551300.0,24835000000.0,24835000000.0,1812955000.0,0.0,0.0,,0.0,0.0,0.0
2023-03-16,330.0,0.0,0.0,334.0,330.0,330.0,0.0,2732200.0,904690400.0,209.0,44.0,332.0,209800.0,330.0,972400.0,24835000000.0,24835000000.0,1812955000.0,0.0,0.0,,0.0,0.0,0.0
2023-03-17,330.0,0.0,0.0,342.0,330.0,334.0,4.0,3764200.0,1269888600.0,341.0,44.5,336.0,32200.0,334.0,384500.0,24835000000.0,24835000000.0,1812955000.0,0.0,68500.0,,0.0,0.0,0.0
2023-03-20,334.0,0.0,0.0,384.0,336.0,380.0,46.0,42957900.0,15968800800.0,4452.0,50.7,380.0,1773200.0,378.0,1077200.0,24835000000.0,24835000000.0,1812955000.0,268500.0,506700.0,,0.0,0.0,0.0
2023-03-21,380.0,0.0,0.0,382.0,366.0,372.0,-8.0,15411100.0,5733830400.0,1745.0,49.6,372.0,573800.0,370.0,31350000.0,24835000000.0,24835000000.0,1812955000.0,2897800.0,100000.0,,0.0,0.0,0.0
2023-03-24,372.0,0.0,0.0,390.0,352.0,364.0,-8.0,23963400.0,8935917000.0,2127.0,48.5,364.0,398000.0,362.0,126200.0,24835000000.0,24835000000.0,1812955000.0,4980800.0,224300.0,,0.0,0.0,0.0
2023-03-27,364.0,0.0,0.0,366.0,354.0,356.0,-8.0,6529100.0,2341028200.0,709.0,47.5,358.0,3300.0,356.0,99300.0,24835000000.0,24835000000.0,1812955000.0,1654500.0,9500.0,,0.0,0.0,0.0
2023-03-28,356.0,0.0,0.0,356.0,342.0,344.0,-12.0,11623700.0,4015527000.0,975.0,45.9,344.0,109800.0,342.0,699000.0,24835000000.0,24835000000.0,1812955000.0,2323700.0,503400.0,,0.0,0.0,0.0
2023-03-29,344.0,0.0,0.0,350.0,336.0,336.0,-8.0,7964000.0,2703561800.0,880.0,44.8,338.0,10000.0,336.0,185500.0,24835000000.0,24835000000.0,1812955000.0,1834100.0,46700.0,,0.0,0.0,0.0
2023-03-30,336.0,0.0,0.0,360.0,336.0,346.0,10.0,8653100.0,2989045200.0,815.0,46.1,346.0,490600.0,344.0,132100.0,24835000000.0,24835000000.0,1812955000.0,0.0,685000.0,,0.0,0.0,0.0
2023-03-31,346.0,0.0,0.0,362.0,336.0,340.0,-6.0,13319600.0,4620684200.0,1309.0,45.3,340.0,189600.0,338.0,151700.0,24835000000.0,24835000000.0,1812955000.0,385900.0,427900.0,,0.0,0.0,0.0
2023-04-03,340.0,0.0,0.0,348.0,332.0,342.0,2.0,5469900.0,1872031400.0,490.0,45.6,344.0,11400.0,342.0,152200.0,24835000000.0,24835000000.0,1812955000.0,8700.0,396600.0,,0.0,0.0,0.0
2023-04-04,342.0,0.0,0.0,358.0,344.0,356.0,14.0,5319200.0,1873707200.0,685.0,47.5,356.0,831100.0,354.0,40000.0,24835000000.0,24835000000.0,1812955000.0,113600.0,280900.0,,0.0,0.0,0.0
2023-04-05,356.0,0.0,0.0,374.0,352.0,364.0,8.0,40016500.0,14479167200.0,5107.0,48.5,364.0,232600.0,362.0,303900.0,24835000000.0,24835000000.0,1812955000.0,7912900.0,3070300.0,,0.0,0.0,0.0
2023-04-06,364.0,0.0,0.0,366.0,350.0,352.0,-12.0,4521000.0,1608439200.0,808.0,46.9,354.0,117800.0,352.0,12700.0,24835000000.0,24835000000.0,1812955000.0,907900.0,48200.0,,0.0,0.0,0.0
2023-04-10,352.0,0.0,0.0,352.0,340.0,342.0,-10.0,5212000.0,1795540200.0,656.0,45.6,342.0,465300.0,340.0,863200.0,24835000000.0,24835000000.0,1812955000.0,1027600.0,152000.0,,0.0,0.0,0.0
2023-04-11,342.0,0.0,0.0,354.0,340.0,354.0,12.0,3576200.0,1245555400.0,532.0,47.2,354.0,315300.0,350.0,93900.0,24835000000.0,24835000000.0,1812955000.0,776100.0,468700.0,,0.0,0.0,0.0
2023-04-12,354.0,0.0,0.0,358.0,344.0,348.0,-6.0,3523300.0,1228205000.0,579.0,46.4,348.0,62000.0,346.0,9600.0,24835000000.0,24835000000.0,1812955000.0,1065500.0,0.0,,600.0,210000.0,1.0
2023-04-13,348.0,0.0,0.0,348.0,338.0,340.0,-8.0,15358600.0,5268144400.0,664.0,45.3,342.0,115200.0,340.0,185000.0,24835000000.0,24835000000.0,1812955000.0,48100.0,1736100.0,,0.0,0.0,0.0
2023-04-14,340.0,0.0,0.0,356.0,340.0,350.0,10.0,14517800.0,5101301600.0,1205.0,46.7,350.0,956700.0,348.0,529100.0,24835000000.0,24835000000.0,1812955000.0,776100.0,2938100.0,,0.0,0.0,0.0
2023-04-17,350.0,0.0,0.0,354.0,342.0,346.0,-4.0,2693700.0,937697000.0,491.0,46.1,348.0,6700.0,346.0,185400.0,24835000000.0,24835000000.0,1812955000.0,603000.0,374800.0,,0.0,0.0,0.0
2023-04-18,346.0,0.0,0.0,354.0,342.0,350.0,4.0,4211000.0,1464017000.0,619.0,46.7,350.0,181100.0,348.0,50500.0,24835000000.0,24835000000.0,1812955000.0,984800.0,187600.0,,0.0,0.0,0.0
2023-04-26,350.0,0.0,0.0,352.0,344.0,350.0,0.0,1371700.0,478607000.0,340.0,46.7,352.0,155600.0,350.0,145400.0,24835000000.0,24835000000.0,1812955000.0,350500.0,42300.0,,0.0,0.0,0.0
2023-04-27,350.0,0.0,0.0,352.0,346.0,350.0,0.0,2139200.0,746823400.0,248.0,46.7,350.0,162100.0,348.0,268800.0,24835000000.0,24835000000.0,1812955000.0,788700.0,0.0,,0.0,0.0,0.0
2023-04-28,350.0,0.0,0.0,350.0,342.0,342.0,-8.0,4338900.0,1492998400.0,608.0,45.6,344.0,122800.0,342.0,99000.0,24835000000.0,24835000000.0,1812955000.0,1599300.0,47700.0,,0.0,0.0,0.0
2023-05-02,342.0,0.0,0.0,348.0,320.0,330.0,-12.0,14629400.0,4843436000.0,1163.0,44.0,332.0,200.0,330.0,396800.0,24835000000.0,24835000000.0,1812955000.0,3912600.0,1037700.0,,0.0,0.0,0.0
2023-05-03,330.0,0.0,0.0,338.0,328.0,334.0,4.0,3510500.0,1165616400.0,537.0,44.5,334.0,3700.0,330.0,102300.0,24835000000.0,24835000000.0,1812955000.0,1547200.0,155200.0,,0.0,0.0,0.0
2023-05-04,334.0,0.0,0.0,350.0,334.0,336.0,2.0,5683800.0,1927969800.0,562.0,44.8,338.0,101900.0,336.0,230600.0,24835000000.0,24835000000.0,1812955000.0,1373800.0,238600.0,,0.0,0.0,0.0
2023-05-05,336.0,0.0,0.0,340.0,330.0,330.0,-6.0,4860700.0,1623085800.0,472.0,44.0,332.0,5600.0,330.0,11800.0,24835000000.0,24835000000.0,1812955000.0,1207900.0,59200.0,,0.0,0.0,0.0
2023-05-08,330.0,0.0,0.0,332.0,326.0,326.0,-4.0,4500500.0,1474499400.0,589.0,43.5,326.0,51800.0,324.0,468700.0,24835000000.0,24835000000.0,1812955000.0,1515400.0,0.0,,0.0,0.0,0.0
2023-05-09,326.0,0.0,0.0,332.0,326.0,328.0,2.0,2920500.0,960362400.0,298.0,43.7,330.0,13700.0,328.0,363300.0,24835000000.0,24835000000.0,1812955000.0,31600.0,52700.0,,0.0,0.0,0.0
2023-05-10,328.0,0.0,0.0,332.0,328.0,330.0,2.0,1065200.0,351615800.0,213.0,44.0,332.0,274900.0,330.0,164400.0,24835000000.0,24835000000.0,1812955000.0,12200.0,100.0,,0.0,0.0,0.0
2023-05-11,330.0,0.0,0.0,334.0,328.0,330.0,0.0,841200.0,277883200.0,173.0,44.0,332.0,128400.0,330.0,308200.0,24835000000.0,24835000000.0,1812955000.0,3300.0,55800.0,,0.0,0.0,0.0
2023-05-12,330.0,0.0,0.0,340.0,328.0,336.0,6.0,2340100.0,784983400.0,297.0,44.8,336.0,64000.0,334.0,304100.0,24835000000.0,24835000000.0,1812955000.0,209700.0,100400.0,,0.0,0.0,0.0
2023-05-15,336.0,0.0,0.0,350.0,334.0,342.0,6.0,2071800.0,702301600.0,313.0,45.6,342.0,297800.0,340.0,358900.0,24835000000.0,24835000000.0,1812955000.0,179200.0,261300.0,,0.0,0.0,0.0
2023-05-16,342.0,0.0,0.0,344.0,336.0,338.0,-4.0,1295500.0,438630200.0,240.0,45.1,338.0,49700.0,336.0,202300.0,24835000000.0,24835000000.0,1812955000.0,355000.0,0.0,,0.0,0.0,0.0
2023-05-17,338.0,0.0,0.0,338.0,328.0,336.0,-2.0,2290400.0,760706200.0,313.0,44.8,336.0,68600.0,334.0,14200.0,24835000000.0,24835000000.0,1812955000.0,0.0,369900.0,,0.0,0.0,0.0
2023-05-19,336.0,0.0,0.0,336.0,328.0,332.0,-4.0,2166200.0,714566200.0,440.0,44.3,334.0,6000.0,332.0,60700.0,24835000000.0,24835000000.0,1812955000.0,86700.0,202800.0,,0.0,0.0,0.0
2023-05-22,332.0,0.0,0.0,342.0,332.0,336.0,4.0,4037400.0,1366402200.0,366.0,44.8,338.0,60300.0,336.0,352000.0,24835000000.0,24835000000.0,1812955000.0,176200.0,165300.0,,0.0,0.0,0.0
2023-05-23,336.0,0.0,0.0,340.0,336.0,340.0,4.0,765800.0,258628600.0,129.0,45.3,340.0,216000.0,338.0,248200.0,24835000000.0,24835000000.0,1812955000.0,2100.0,111700.0,,0.0,0.0,0.0
2023-05-24,340.0,0.0,0.0,340.0,336.0,336.0,-4.0,2668700.0,901167800.0,256.0,44.8,338.0,542400.0,336.0,99100.0,24835000000.0,24835000000.0,1812955000.0,346300.0,67100.0,,380000000.0,120840000000.0,1.0
2023-05-25,336.0,0.0,0.0,338.0,332.0,334.0,-2.0,1767900.0,591864000.0,237.0,44.5,336.0,102900.0,334.0,28000.0,24835000000.0,24835000000.0,1812955000.0,297400.0,135800.0,,0.0,0.0,0.0
2023-05-26,334.0,0.0,0.0,336.0,330.0,330.0,-4.0,2511900.0,833594600.0,224.0,44.0,332.0,73500.0,330.0,2787000.0,24835000000.0,24835000000.0,1812955000.0,227400.0,106000.0,,0.0,0.0,0.0
2023-05-29,330.0,0.0,0.0,334.0,326.0,330.0,0.0,5825700.0,1920356600.0,502.0,44.0,330.0,104600.0,328.0,365000.0,24835000000.0,24835000000.0,1812955000.0,1497200.0,136000.0,,0.0,0.0,0.0
2023-05-30,330.0,0.0,0.0,332.0,328.0,330.0,0.0,2312800.0,760215600.0,207.0,44.0,330.0,32000.0,328.0,583000.0,24835000000.0,24835000000.0,1812955000.0,48800.0,443600.0,,0.0,0.0,0.0
2023-05-31,330.0,0.0,0.0,330.0,326.0,326.0,-4.0,2886500.0,947227800.0,238.0,43.5,330.0,101000.0,326.0,757000.0,24835000000.0,24835000000.0,1812955000.0,327800.0,0.0,,0.0,0.0,0.0
2023-06-05,326.0,0.0,0.0,332.0,326.0,330.0,4.0,1322500.0,434693000.0,176.0,44.0,330.0,211600.0,328.0,166300.0,24835000000.0,24835000000.0,1812955000.0,0.0,127500.0,,0.0,0.0,0.0
2023-06-06,330.0,0.0,0.0,332.0,326.0,330.0,0.0,2489100.0,817242600.0,271.0,44.0,330.0,13500.0,328.0,101600.0,24835000000.0,24835000000.0,1812955000.0,0.0,297700.0,,0.0,0.0,0.0
2023-06-07,330.0,0.0,0.0,338.0,332.0,338.0,8.0,3439800.0,1154297800.0,350.0,45.1,338.0,221500.0,336.0,114700.0,24835000000.0,24835000000.0,1812955000.0,62300.0,439100.0,,0.0,0.0,0.0
2023-06-08,338.0,0.0,0.0,340.0,332.0,336.0,-2.0,1020000.0,342099600.0,277.0,44.8,338.0,156700.0,336.0,125000.0,24835000000.0,24835000000.0,1812955000.0,168700.0,41500.0,,0.0,0.0,0.0
2023-06-09,336.0,0.0,0.0,340.0,336.0,336.0,0.0,1732200.0,584854000.0,175.0,44.8,338.0,849800.0,336.0,261400.0,24835000000.0,24835000000.0,1812955000.0,71300.0,18700.0,,0.0,0.0,0.0
2023-06-12,336.0,0.0,0.0,338.0,334.0,336.0,0.0,771500.0,258758600.0,159.0,44.8,336.0,6900.0,334.0,163800.0,24835000000.0,24835000000.0,1812955000.0,0.0,34200.0,,263000.0,86790000.0,2.0
2023-06-13,336.0,0.0,0.0,344.0,336.0,340.0,4.0,3122200.0,1059374800.0,318.0,45.3,340.0,227200.0,338.0,475900.0,24835000000.0,24835000000.0,1812955000.0,0.0,526400.0,,0.0,0.0,0.0
2023-06-14,340.0,0.0,0.0,342.0,336.0,338.0,-2.0,1554600.0,525837200.0,190.0,45.1,340.0,192800.0,338.0,126500.0,24835000000.0,24835000000.0,1812955000.0,0.0,84800.0,,0.0,0.0,0.0
2023-06-15,338.0,0.0,0.0,342.0,336.0,338.0,0.0,4032500.0,1366964400.0,187.0,45.1,338.0,437000.0,336.0,18200.0,24835000000.0,24835000000.0,1812955000.0,0.0,23800.0,,0.0,0.0,0.0
2023-06-16,338.0,0.0,0.0,338.0,330.0,334.0,-4.0,4650300.0,1550108400.0,379.0,44.5,334.0,62400.0,332.0,258700.0,24835000000.0,24835000000.0,1812955000.0,103900.0,47000.0,,0.0,0.0,0.0
2023-06-19,334.0,0.0,0.0,338.0,330.0,332.0,-2.0,1597000.0,532689000.0,187.0,44.3,334.0,253700.0,332.0,137400.0,24835000000.0,24835000000.0,1812955000.0,0.0,0.0,,0.0,0.0,0.0
2023-06-20,332.0,0.0,0.0,338.0,330.0,336.0,4.0,2402500.0,800213600.0,241.0,44.8,336.0,472500.0,334.0,8500.0,24835000000.0,24835000000.0,1812955000.0,180100.0,220600.0,,0.0,0.0,0.0
2023-06-21,336.0,0.0,0.0,350.0,334.0,346.0,10.0,7048500.0,2406120600.0,898.0,46.1,346.0,67000.0,344.0,197000.0,24835000000.0,24835000000.0,1812955000.0,598900.0,1357300.0,,0.0,0.0,0.0
2023-06-22,346.0,0.0,0.0,350.0,344.0,344.0,-2.0,3364900.0,1164987400.0,465.0,45.9,344.0,31500.0,342.0,432000.0,24835000000.0,24835000000.0,1812955000.0,38200.0,15100.0,,0.0,0.0,0.0
2023-06-23,344.0,0.0,0.0,346.0,338.0,342.0,-2.0,1310700.0,449013600.0,203.0,45.6,344.0,24000.0,342.0,9400.0,24835000000.0,24835000000.0,1812955000.0,25000.0,99700.0,,0.0,0.0,0.0
2023-06-26,342.0,0.0,0.0,350.0,342.0,346.0,4.0,1427800.0,494243000.0,257.0,46.1,346.0,3700.0,344.0,237700.0,24835000000.0,24835000000.0,1812955000.0,90100.0,0.0,,0.0,0.0,0.0
2023-06-27,346.0,0.0,0.0,346.0,342.0,342.0,-4.0,1437900.0,493705000.0,241.0,45.6,344.0,133500.0,342.0,53700.0,24835000000.0,24835000000.0,1812955000.0,75100.0,2000.0,,0.0,0.0,0.0
2023-07-03,342.0,0.0,0.0,344.0,338.0,340.0,-2.0,1498500.0,511959000.0,270.0,45.3,342.0,24900.0,340.0,264400.0,24835000000.0,24835000000.0,2190447000.0,277000.0,26600.0,,0.0,0.0,0.0
2023-07-04,340.0,0.0,0.0,350.0,340.0,346.0,6.0,1685200.0,578289000.0,249.0,46.1,346.0,38400.0,344.0,30500.0,24835000000.0,24835000000.0,2190447000.0,68800.0,60500.0,,0.0,0.0,0.0
2023-07-05,346.0,0.0,0.0,348.0,342.0,346.0,0.0,1456000.0,500768600.0,228.0,46.1,346.0,303300.0,344.0,40100.0,24835000000.0,24835000000.0,2190447000.0,75100.0,0.0,,0.0,0.0,0.0
2023-07-06,346.0,0.0,0.0,352.0,344.0,348.0,2.0,2631600.0,915884400.0,312.0,46.4,350.0,871800.0,348.0,78000.0,24835000000.0,24835000000.0,2190447000.0,90400.0,0.0,,0.0,0.0,0.0
2023-07-07,348.0,0.0,0.0,350.0,346.0,346.0,-2.0,1284500.0,445047800.0,212.0,46.1,348.0,306700.0,346.0,1200.0,24835000000.0,24835000000.0,2190447000.0,72200.0,0.0,,0.0,0.0,0.0
2023-07-10,346.0,0.0,0.0,350.0,346.0,348.0,2.0,2071000.0,720604400.0,224.0,46.4,348.0,262200.0,346.0,397400.0,24835000000.0,24835000000.0,2190447000.0,261400.0,0.0,,0.0,0.0,0.0
2023-07-11,348.0,0.0,0.0,350.0,344.0,348.0,0.0,1385800.0,481758600.0,231.0,46.4,348.0,67800.0,346.0,275300.0,24835000000.0,24835000000.0,2190447000.0,92000.0,0.0,,0.0,0.0,0.0
2023-07-12,348.0,0.0,0.0,360.0,348.0,352.0,4.0,4936800.0,1745681000.0,572.0,46.9,354.0,20400.0,352.0,212600.0,24835000000.0,24835000000.0,2190447000.0,475100.0,591800.0,,0.0,0.0,0.0
2023-07-13,352.0,0.0,0.0,364.0,352.0,360.0,8.0,4996900.0,1792712200.0,655.0,48.0,360.0,33600.0,358.0,116500.0,24835000000.0,24835000000.0,2190447000.0,1232000.0,0.0,,0.0,0.0,0.0
2023-07-14,360.0,0.0,0.0,364.0,354.0,358.0,-2.0,2793900.0,1000844000.0,395.0,47.7,358.0,246300.0,356.0,70300.0,24835000000.0,24835000000.0,2190447000.0,746600.0,0.0,,0.0,0.0,0.0
2023-07-17,358.0,0.0,0.0,360.0,346.0,356.0,-2.0,4722700.0,1661746400.0,507.0,47.5,356.0,88600.0,354.0,2300.0,24835000000.0,24835000000.0,2190447000.0,1065800.0,0.0,,0.0,0.0,0.0
2023-07-18,356.0,0.0,0.0,370.0,348.0,366.0,10.0,12360400.0,4469602600.0,842.0,48.8,368.0,443300.0,366.0,863400.0,24835000000.0,24835000000.0,2190447000.0,3527300.0,977400.0,,53938300.0,18878405000.0,1.0
2023-07-20,366.0,0.0,0.0,376.0,362.0,370.0,4.0,5022900.0,1861734200.0,543.0,49.3,372.0,87600.0,370.0,205500.0,24835000000.0,24835000000.0,2190447000.0,1695800.0,133600.0,,0.0,0.0,0.0
2023-07-21,370.0,0.0,0.0,382.0,364.0,370.0,0.0,8852400.0,3313615200.0,665.0,49.3,374.0,132100.0,368.0,276800.0,24835000000.0,24835000000.0,2190447000.0,2267600.0,293300.0,,53938300.0,18608713500.0,1.0
2023-07-24,370.0,0.0,0.0,372.0,358.0,364.0,-6.0,3219400.0,1176354800.0,441.0,48.5,364.0,58700.0,362.0,194900.0,24835000000.0,24835000000.0,2190447000.0,869600.0,62500.0,,1000.0,330000.0,1.0
2023-07-25,364.0,0.0,0.0,370.0,354.0,362.0,-2.0,6595700.0,2398922400.0,487.0,48.3,364.0,49600.0,362.0,227400.0,24835000000.0,24835000000.0,2190447000.0,2450600.0,2925100.0,,0.0,0.0,0.0
2023-07-26,362.0,0.0,0.0,372.0,360.0,368.0,6.0,3710900.0,1361126000.0,334.0,49.1,370.0,486100.0,368.0,148700.0,24835000000.0,24835000000.0,2190447000.0,1000700.0,211800.0,,0.0,0.0,0.0
2023-07-27,368.0,0.0,0.0,376.0,368.0,368.0,0.0,3405400.0,1263644800.0,302.0,49.1,370.0,167400.0,368.0,316500.0,24835000000.0,24835000000.0,2190447000.0,690300.0,64100.0,,0.0,0.0,0.0
2023-07-28,368.0,0.0,0.0,368.0,348.0,352.0,-16.0,8570300.0,3030401400.0,613.0,46.9,352.0,10700.0,350.0,1018700.0,24835000000.0,24835000000.0,2190447000.0,2026100.0,354100.0,,0.0,0.0,0.0
2023-07-31,352.0,0.0,0.0,354.0,338.0,348.0,-4.0,12415500.0,4311888200.0,566.0,46.4,352.0,72100.0,348.0,1939000.0,24835000000.0,24835000000.0,2190447000.0,2865000.0,1088600.0,,0.0,0.0,0.0
2023-08-01,348.0,0.0,0.0,352.0,328.0,342.0,-6.0,11984100.0,4092566600.0,806.0,45.6,344.0,1800.0,340.0,429500.0,24835000000.0,24835000000.0,2190447000.0,3062600.0,508400.0,,0.0,0.0,0.0
2023-08-02,342.0,0.0,0.0,378.0,338.0,374.0,32.0,17878800.0,6455960600.0,1112.0,49.9,376.0,636500.0,374.0,551600.0,24835000000.0,24835000000.0,2190447000.0,430700.0,1654800.0,,0.0,0.0,0.0
2023-08-03,374.0,0.0,0.0,394.0,374.0,392.0,18.0,45630400.0,17654497000.0,3075.0,52.3,392.0,133800.0,390.0,1166400.0,24835000000.0,24835000000.0,2190447000.0,8335200.0,6302900.0,,0.0,0.0,0.0
2023-08-04,392.0,0.0,0.0,396.0,378.0,390.0,-2.0,11666400.0,4528234200.0,962.0,52.0,390.0,242400.0,388.0,650700.0,24835000000.0,24835000000.0,2190447000.0,845600.0,2030300.0,,0.0,0.0,0.0
2023-08-07,390.0,0.0,0.0,414.0,386.0,410.0,20.0,25929500.0,10517788000.0,1915.0,54.7,410.0,391000.0,408.0,10251700.0,24835000000.0,24835000000.0,2190447000.0,1058100.0,6104000.0,,0.0,0.0,0.0
2023-08-08,410.0,0.0,0.0,426.0,392.0,400.0,-10.0,51047400.0,20915833000.0,2414.0,53.3,400.0,113600.0,396.0,15200.0,24835000000.0,24835000000.0,2190447000.0,1272700.0,3382600.0,,0.0,0.0,0.0
2023-08-09,400.0,0.0,0.0,402.0,382.0,400.0,0.0,18627000.0,7319453600.0,1475.0,53.3,402.0,69900.0,400.0,216400.0,24835000000.0,24835000000.0,2190447000.0,2437100.0,1539300.0,,0.0,0.0,0.0
2023-08-10,400.0,0.0,0.0,436.0,400.0,426.0,26.0,40888000.0,17155638600.0,2855.0,56.8,426.0,408200.0,424.0,71800.0,24835000000.0,24835000000.0,2190447000.0,7692500.0,5371200.0,,0.0,0.0,0.0
2023-08-11,426.0,0.0,0.0,426.0,402.0,404.0,-22.0,25909700.0,10704193400.0,1649.0,53.9,404.0,24900.0,402.0,526500.0,24835000000.0,24835000000.0,2190447000.0,3543700.0,1300700.0,,0.0,0.0,0.0
2023-08-14,404.0,0.0,0.0,410.0,382.0,388.0,-16.0,37013700.0,14492291000.0,2521.0,51.7,388.0,307800.0,386.0,1000000.0,24835000000.0,24835000000.0,2190447000.0,533200.0,3884800.0,,0.0,0.0,0.0
2023-08-15,388.0,0.0,0.0,388.0,374.0,374.0,-14.0,18122200.0,6844192000.0,1818.0,49.9,374.0,238100.0,372.0,1025600.0,24835000000.0,24835000000.0,2190447000.0,2575200.0,179900.0,,0.0,0.0,0.0
2023-08-16,374.0,0.0,0.0,388.0,364.0,372.0,-2.0,9719900.0,3668615200.0,1134.0,49.6,372.0,99200.0,370.0,618800.0,24835000000.0,24835000000.0,2190447000.0,959800.0,364000.0,,0.0,0.0,0.0
2023-08-18,372.0,0.0,0.0,370.0,354.0,360.0,-12.0,15574000.0,5635453800.0,1703.0,48.0,362.0,76100.0,360.0,120700.0,24835000000.0,24835000000.0,2190447000.0,587400.0,1292300.0,,0.0,0.0,0.0
2023-08-21,360.0,0.0,0.0,360.0,340.0,344.0,-16.0,39051500.0,13503159600.0,2183.0,45.9,346.0,94500.0,342.0,925700.0,24835000000.0,24835000000.0,2190447000.0,187500.0,1577000.0,,0.0,0.0,0.0
2023-08-22,344.0,0.0,0.0,356.0,340.0,348.0,4.0,9079200.0,3175293400.0,961.0,46.4,348.0,113700.0,346.0,456600.0,24835000000.0,24835000000.0,2190447000.0,107500.0,3260100.0,,0.0,0.0,0.0
2023-08-23,348.0,0.0,0.0,376.0,348.0,364.0,16.0,21404900.0,7819196800.0,2328.0,48.5,366.0,124200.0,364.0,167500.0,24835000000.0,24835000000.0,2190447000.0,4646800.0,1086300.0,,0.0,0.0,0.0
2023-08-24,364.0,0.0,0.0,376.0,346.0,364.0,0.0,11130600.0,4089100600.0,1296.0,48.5,366.0,49100.0,364.0,257300.0,24835000000.0,24835000000.0,2190447000.0,1648000.0,65400.0,,0.0,0.0,0.0
2023-08-25,364.0,0.0,0.0,368.0,354.0,368.0,4.0,5455500.0,1972826600.0,745.0,49.1,368.0,266000.0,366.0,3500.0,24835000000.0,24835000000.0,2190447000.0,606300.0,406900.0,,0.0,0.0,0.0
2023-08-28,368.0,0.0,0.0,368.0,350.0,354.0,-14.0,12207400.0,4317027400.0,1045.0,47.2,354.0,364300.0,352.0,390900.0,24835000000.0,24835000000.0,2190447000.0,338600.0,1619900.0,,30000.0,10860000.0,1.0
2023-08-29,354.0,0.0,0.0,354.0,340.0,350.0,-4.0,7817800.0,2734578800.0,671.0,46.7,352.0,32400.0,350.0,254300.0,24835000000.0,24835000000.0,2190447000.0,1937100.0,195700.0,,0.0,0.0,0.0
2023-08-30,350.0,0.0,0.0,356.0,346.0,346.0,-4.0,9024300.0,3156837600.0,585.0,46.1,350.0,10000.0,346.0,611300.0,24835000000.0,24835000000.0,2190447000.0,714600.0,18700.0,,0.0,0.0,0.0
2023-08-31,346.0,0.0,0.0,356.0,346.0,354.0,8.0,9161800.0,3230641800.0,436.0,47.2,354.0,50800.0,352.0,1015100.0,24835000000.0,24835000000.0,2190447000.0,1173700.0,4586300.0,,0.0,0.0,0.0
2023-09-01,354.0,0.0,0.0,354.0,344.0,348.0,-6.0,5486500.0,1918006600.0,391.0,46.4,350.0,13400.0,348.0,165700.0,24835000000.0,24835000000.0,2190447000.0,413700.0,704600.0,,0.0,0.0,0.0
2023-09-04,348.0,0.0,0.0,358.0,348.0,350.0,2.0,3175700.0,1121912200.0,353.0,46.7,352.0,17500.0,350.0,372500.0,24835000000.0,24835000000.0,2190447000.0,15900.0,1074100.0,,0.0,0.0,0.0
2023-09-05,350.0,0.0,0.0,356.0,344.0,348.0,-2.0,6028500.0,2111314800.0,484.0,46.4,350.0,40200.0,348.0,590100.0,24835000000.0,24835000000.0,2190447000.0,284200.0,230000.0,,0.0,0.0,0.0
2023-09-06,348.0,0.0,0.0,352.0,346.0,346.0,-2.0,3037200.0,1057697400.0,327.0,46.1,348.0,49000.0,346.0,16000.0,24835000000.0,24835000000.0,2190447000.0,233400.0,117600.0,,0.0,0.0,0.0
2023-09-07,346.0,0.0,0.0,350.0,330.0,346.0,0.0,5925000.0,2055707800.0,303.0,46.1,348.0,173000.0,346.0,561300.0,24835000000.0,24835000000.0,2190447000.0,1334700.0,68300.0,,0.0,0.0,0.0
2023-09-08,346.0,0.0,0.0,354.0,344.0,348.0,2.0,3587500.0,1248894800.0,305.0,46.4,350.0,202300.0,348.0,36900.0,24835000000.0,24835000000.0,2190447000.0,4800.0,996000.0,,0.0,0.0,0.0
2023-09-11,348.0,0.0,0.0,352.0,346.0,348.0,0.0,2331500.0,812481400.0,218.0,46.4,348.0,7200.0,346.0,218800.0,24835000000.0,24835000000.0,2190447000.0,4500.0,39500.0,,0.0,0.0,0.0
2023-09-12,348.0,0.0,0.0,350.0,344.0,348.0,0.0,1880100.0,651970800.0,243.0,46.4,350.0,418300.0,348.0,17400.0,24835000000.0,24835000000.0,2190447000.0,363900.0,169900.0,,0.0,0.0,0.0
2023-09-13,348.0,0.0,0.0,352.0,346.0,348.0,0.0,4439400.0,1544858600.0,328.0,46.4,350.0,153800.0,348.0,12500.0,24835000000.0,24835000000.0,2190447000.0,12400.0,1570600.0,,0.0,0.0,0.0
2023-09-14,348.0,0.0,0.0,352.0,340.0,346.0,-2.0,7329800.0,2532020800.0,516.0,46.1,348.0,160600.0,346.0,31800.0,24835000000.0,24835000000.0,2190447000.0,790100.0,628600.0,,0.0,0.0,0.0
2023-09-15,346.0,0.0,0.0,350.0,336.0,342.0,-4.0,8048100.0,2736697800.0,545.0,45.6,342.0,26500.0,340.0,449300.0,24835000000.0,24835000000.0,2190447000.0,426500.0,447500.0,,0.0,0.0,0.0
2023-09-18,342.0,0.0,0.0,344.0,336.0,340.0,-2.0,5491500.0,1867021000.0,355.0,45.3,340.0,4800.0,338.0,37900.0,24835000000.0,24835000000.0,2190447000.0,346500.0,355200.0,,0.0,0.0,0.0
2023-09-19,340.0,0.0,0.0,344.0,336.0,340.0,0.0,2286800.0,775526800.0,274.0,45.3,342.0,205200.0,340.0,21900.0,24835000000.0,24835000000.0,2190447000.0,26200.0,562500.0,,0.0,0.0,0.0
2023-09-20,340.0,0.0,0.0,346.0,336.0,342.0,2.0,2961600.0,1011349800.0,268.0,45.6,346.0,104500.0,342.0,6100.0,24835000000.0,24835000000.0,2190447000.0,121400.0,849100.0,,0.0,0.0,0.0
2023-09-21,342.0,0.0,0.0,346.0,330.0,340.0,-2.0,3245600.0,1095989800.0,348.0,45.3,342.0,129300.0,340.0,5700.0,24835000000.0,24835000000.0,2190447000.0,33800.0,486400.0,,0.0,0.0,0.0
2023-09-22,340.0,0.0,0.0,346.0,340.0,342.0,2.0,2151800.0,736524000.0,170.0,45.6,344.0,270400.0,342.0,11700.0,24835000000.0,24835000000.0,2190447000.0,14100.0,754700.0,,0.0,0.0,0.0
2023-09-25,342.0,0.0,0.0,352.0,342.0,352.0,10.0,4550800.0,1585848800.0,466.0,46.9,352.0,796200.0,350.0,66400.0,24835000000.0,24835000000.0,2190447000.0,43800.0,2338100.0,,0.0,0.0,0.0
2023-09-26,352.0,0.0,0.0,354.0,342.0,342.0,-10.0,5276800.0,1835360800.0,483.0,45.6,344.0,3700.0,342.0,26900.0,24835000000.0,24835000000.0,2190447000.0,2224900.0,82000.0,,0.0,0.0,0.0
2023-09-27,342.0,0.0,0.0,344.0,338.0,340.0,-2.0,2451900.0,833692200.0,289.0,45.3,340.0,9900.0,338.0,409100.0,24835000000.0,24835000000.0,2190447000.0,465900.0,57300.0,,0.0,0.0,0.0
2023-09-29,340.0,0.0,0.0,342.0,338.0,340.0,0.0,1615100.0,547164200.0,181.0,45.3,342.0,56300.0,340.0,800.0,24835000000.0,24835000000.0,2190447000.0,301200.0,174600.0,,0.0,0.0,0.0
2023-10-02,340.0,0.0,0.0,340.0,334.0,336.0,-4.0,1695700.0,571493800.0,266.0,44.8,340.0,341300.0,336.0,269300.0,24835000000.0,24835000000.0,2190447000.0,664900.0,236100.0,,0.0,0.0,0.0
2023-10-03,336.0,0.0,0.0,340.0,330.0,338.0,2.0,3776700.0,1277346200.0,310.0,45.1,338.0,53200.0,336.0,18700.0,24835000000.0,24835000000.0,2190447000.0,578200.0,712000.0,,0.0,0.0,0.0
2023-10-04,338.0,0.0,0.0,338.0,334.0,336.0,-2.0,2112300.0,710199400.0,186.0,44.8,338.0,61800.0,336.0,406200.0,24835000000.0,24835000000.0,2190447000.0,450400.0,316000.0,,0.0,0.0,0.0
2023-10-05,336.0,0.0,0.0,340.0,330.0,332.0,-4.0,4450600.0,1480558800.0,367.0,44.3,332.0,105000.0,330.0,165400.0,24835000000.0,24835000000.0,2190447000.0,496200.0,140000.0,,0.0,0.0,0.0
2023-10-06,332.0,0.0,0.0,340.0,330.0,336.0,4.0,2320700.0,777556400.0,223.0,44.8,338.0,57500.0,336.0,900.0,24835000000.0,24835000000.0,2190447000.0,347300.0,101800.0,,0.0,0.0,0.0
2023-10-09,336.0,0.0,0.0,346.0,334.0,342.0,6.0,3398700.0,1160965000.0,427.0,45.6,344.0,120800.0,342.0,5800.0,24835000000.0,24835000000.0,2190447000.0,618000.0,341600.0,,0.0,0.0,0.0
2023-10-10,342.0,0.0,0.0,348.0,326.0,344.0,2.0,2006000.0,691279600.0,243.0,45.9,344.0,43800.0,342.0,89100.0,24835000000.0,24835000000.0,2190447000.0,279700.0,143500.0,,0.0,0.0,0.0
2023-10-11,344.0,0.0,0.0,344.0,338.0,340.0,-4.0,2865500.0,977327800.0,226.0,45.3,340.0,11000.0,338.0,476900.0,24835000000.0,24835000000.0,2190447000.0,767500.0,0.0,,0.0,0.0,0.0
2023-10-12,340.0,0.0,0.0,340.0,308.0,338.0,-2.0,3292500.0,1108129400.0,288.0,45.1,340.0,32600.0,338.0,79200.0,24835000000.0,24835000000.0,2190447000.0,659600.0,200000.0,,0.0,0.0,0.0
2023-10-13,338.0,0.0,0.0,400.0,334.0,360.0,22.0,63902900.0,23662274000.0,3970.0,48.0,362.0,150700.0,360.0,35200.0,24835000000.0,24835000000.0,2190447000.0,4428300.0,6082600.0,,0.0,0.0,0.0
2023-10-16,360.0,0.0,0.0,448.0,370.0,422.0,62.0,231673700.0,94946591800.0,21123.0,56.3,422.0,82900.0,420.0,484200.0,24835000000.0,24835000000.0,2190447000.0,27858800.0,20179400.0,,0.0,0.0,0.0
2023-10-17,422.0,0.0,0.0,432.0,382.0,390.0,-32.0,85630500.0,34400208400.0,8885.0,52.0,392.0,44800.0,390.0,2152400.0,24835000000.0,24835000000.0,2190447000.0,13067300.0,6007400.0,,0.0,0.0,0.0
2023-10-18,390.0,0.0,0.0,408.0,360.0,384.0,-6.0,45111800.0,17706524200.0,4805.0,51.2,386.0,45000.0,384.0,309700.0,24835000000.0,24835000000.0,2190447000.0,2640600.0,5222500.0,,0.0,0.0,0.0
2023-10-19,384.0,0.0,0.0,426.0,376.0,404.0,20.0,51462900.0,20869234000.0,6354.0,53.9,406.0,82900.0,404.0,32900.0,24835000000.0,24835000000.0,2190447000.0,2631900.0,3224800.0,,0.0,0.0,0.0
2023-10-20,404.0,0.0,0.0,416.0,398.0,400.0,-4.0,16507700.0,6686575200.0,2166.0,53.3,402.0,110500.0,400.0,27200.0,24835000000.0,24835000000.0,2190447000.0,1583200.0,102200.0,,0.0,0.0,0.0
2023-10-23,400.0,0.0,0.0,406.0,376.0,390.0,-10.0,18879100.0,7310733600.0,1689.0,52.0,392.0,253300.0,390.0,154800.0,24835000000.0,24835000000.0,2190447000.0,429400.0,1962700.0,,0.0,0.0,0.0
2023-10-24,390.0,0.0,0.0,416.0,390.0,398.0,8.0,21437200.0,8671853400.0,2620.0,53.1,400.0,47800.0,398.0,9900.0,24835000000.0,24835000000.0,2190447000.0,2283700.0,1558500.0,,95240900.0,29524679000.0,1.0
2023-10-25,398.0,0.0,0.0,406.0,396.0,402.0,4.0,7819400.0,3131510800.0,1131.0,53.6,404.0,451300.0,402.0,181400.0,24835000000.0,24835000000.0,2190447000.0,493400.0,627000.0,,0.0,0.0,0.0
2023-10-26,402.0,0.0,0.0,436.0,404.0,420.0,18.0,57351500.0,24093863000.0,5948.0,56.0,420.0,20400.0,418.0,105000.0,24835000000.0,24835000000.0,2190447000.0,2979900.0,6760800.0,,0.0,0.0,0.0
2023-10-27,420.0,0.0,0.0,422.0,408.0,408.0,-12.0,16375100.0,6748449200.0,1790.0,54.4,410.0,1100.0,408.0,819800.0,24835000000.0,24835000000.0,2190447000.0,1519400.0,575300.0,,0.0,0.0,0.0
2023-10-30,408.0,0.0,0.0,418.0,394.0,396.0,-12.0,19044400.0,7682140800.0,1970.0,52.8,396.0,8100.0,394.0,336100.0,24835000000.0,24835000000.0,2190447000.0,1280600.0,2232000.0,,0.0,0.0,0.0
2023-10-31,396.0,0.0,0.0,402.0,384.0,390.0,-6.0,11319300.0,4412959400.0,1183.0,52.0,390.0,222700.0,388.0,263200.0,24835000000.0,24835000000.0,2190447000.0,1454700.0,1531900.0,,0.0,0.0,0.0
2023-11-01,390.0,0.0,0.0,390.0,360.0,360.0,-30.0,23987600.0,8885329200.0,1955.0,48.0,368.0,82100.0,360.0,532700.0,24835000000.0,24835000000.0,2190447000.0,2468900.0,2624000.0,,0.0,0.0,0.0
2023-11-02,360.0,0.0,0.0,372.0,354.0,360.0,0.0,9024100.0,3266394400.0,1024.0,48.0,362.0,10000.0,360.0,191400.0,24835000000.0,24835000000.0,2190447000.0,1803100.0,746300.0,,0.0,0.0,0.0
2023-11-03,360.0,0.0,0.0,370.0,360.0,366.0,6.0,3530200.0,1288772600.0,402.0,48.8,366.0,198300.0,364.0,156200.0,24835000000.0,24835000000.0,2190447000.0,653500.0,887400.0,,0.0,0.0,0.0
2023-11-06,366.0,0.0,0.0,370.0,350.0,366.0,0.0,4987500.0,1811107200.0,473.0,48.8,366.0,95000.0,364.0,2700.0,24835000000.0,24835000000.0,2190447000.0,692600.0,366600.0,,0.0,0.0,0.0
2023-11-07,366.0,0.0,0.0,382.0,362.0,370.0,4.0,4728700.0,1762310400.0,739.0,49.3,372.0,1300.0,370.0,23200.0,24835000000.0,24835000000.0,2190447000.0,668600.0,337000.0,,0.0,0.0,0.0
2023-11-08,370.0,0.0,0.0,370.0,356.0,356.0,-14.0,7084900.0,2552310200.0,602.0,47.5,358.0,11000.0,356.0,412700.0,24835000000.0,24835000000.0,2190447000.0,435600.0,775100.0,,0.0,0.0,0.0
2023-11-09,356.0,0.0,0.0,366.0,354.0,362.0,6.0,3361600.0,1199363400.0,484.0,48.3,362.0,145600.0,360.0,24000.0,24835000000.0,24835000000.0,2190447000.0,522700.0,72100.0,,0.0,0.0,0.0
2023-11-10,362.0,0.0,0.0,364.0,346.0,348.0,-14.0,6893000.0,2425931400.0,508.0,46.4,350.0,15000.0,348.0,154900.0,24835000000.0,24835000000.0,2190447000.0,413800.0,220600.0,,0.0,0.0,0.0
2023-11-13,348.0,0.0,0.0,348.0,332.0,342.0,-6.0,7129100.0,2437978800.0,693.0,45.6,344.0,110400.0,342.0,523200.0,24835000000.0,24835000000.0,2190447000.0,147400.0,1301200.0,,0.0,0.0,0.0
2023-11-14,342.0,0.0,0.0,354.0,330.0,346.0,4.0,6067200.0,2090381200.0,554.0,46.1,350.0,44900.0,346.0,20800.0,24835000000.0,24835000000.0,2190447000.0,52800.0,1619300.0,,0.0,0.0,0.0
2023-11-15,346.0,0.0,0.0,356.0,346.0,350.0,4.0,2716500.0,952526000.0,341.0,46.7,350.0,47400.0,348.0,64800.0,24835000000.0,24835000000.0,2190447000.0,59300.0,526500.0,,0.0,0.0,0.0
2023-11-16,350.0,0.0,0.0,360.0,348.0,350.0,0.0,4443800.0,1561260000.0,387.0,46.7,352.0,78600.0,350.0,110900.0,24835000000.0,24835000000.0,2190447000.0,193200.0,217900.0,,0.0,0.0,0.0
2023-11-17,350.0,0.0,0.0,360.0,354.0,354.0,4.0,2286300.0,814540400.0,342.0,47.2,356.0,17100.0,354.0,310800.0,24835000000.0,24835000000.0,2190447000.0,97200.0,40000.0,,0.0,0.0,0.0
2023-11-20,354.0,0.0,0.0,354.0,342.0,346.0,-8.0,4548100.0,1577273200.0,413.0,46.1,346.0,59400.0,344.0,707200.0,24835000000.0,24835000000.0,2190447000.0,14100.0,385600.0,,0.0,0.0,0.0
2023-11-21,346.0,0.0,0.0,360.0,344.0,358.0,12.0,2953100.0,1042590600.0,469.0,47.7,358.0,87100.0,356.0,17500.0,24835000000.0,24835000000.0,2190447000.0,223000.0,223300.0,,0.0,0.0,0.0
2023-11-22,358.0,0.0,0.0,362.0,350.0,352.0,-6.0,3315400.0,1177922200.0,413.0,46.9,356.0,55000.0,352.0,212800.0,24835000000.0,24835000000.0,2190447000.0,475600.0,79700.0,,0.0,0.0,0.0
2023-11-23,352.0,0.0,0.0,396.0,352.0,384.0,32.0,19801300.0,7510760000.0,2777.0,51.2,386.0,88900.0,384.0,66100.0,24835000000.0,24835000000.0,2190447000.0,1930000.0,629700.0,,0.0,0.0,0.0
2023-11-24,384.0,0.0,0.0,388.0,368.0,378.0,-6.0,9148900.0,3432439400.0,1450.0,50.4,380.0,101600.0,376.0,18000.0,24835000000.0,24835000000.0,2190447000.0,1613200.0,320800.0,,0.0,0.0,0.0
2023-11-27,378.0,0.0,0.0,396.0,374.0,376.0,-2.0,12592000.0,4839138000.0,1415.0,50.1,376.0,92900.0,374.0,260100.0,24835000000.0,24835000000.0,2190447000.0,469000.0,728400.0,,0.0,0.0,0.0
2023-11-28,376.0,0.0,0.0,394.0,376.0,376.0,0.0,12847400.0,4925867400.0,1310.0,50.1,378.0,104500.0,376.0,2900.0,24835000000.0,24835000000.0,2190447000.0,310100.0,1519600.0,,0.0,0.0,0.0
2023-11-29,376.0,0.0,0.0,404.0,380.0,392.0,16.0,55025800.0,21735596200.0,4657.0,52.3,392.0,138500.0,390.0,46400.0,24835000000.0,24835000000.0,2190447000.0,5598900.0,1378500.0,,0.0,0.0,0.0
2023-11-30,392.0,0.0,0.0,398.0,376.0,378.0,-14.0,14914700.0,5736081400.0,1946.0,50.4,380.0,22500.0,378.0,499000.0,24835000000.0,24835000000.0,2190447000.0,1223600.0,11300.0,,0.0,0.0,0.0
2023-12-01,378.0,0.0,0.0,382.0,370.0,374.0,-4.0,9559800.0,3586606200.0,1141.0,49.9,374.0,2200.0,372.0,206700.0,24835000000.0,24835000000.0,2190447000.0,402000.0,1151800.0,,0.0,0.0,0.0
2023-12-04,374.0,0.0,0.0,404.0,380.0,388.0,14.0,38530900.0,15180256000.0,4048.0,51.7,390.0,115700.0,388.0,18600.0,24835000000.0,24835000000.0,2190447000.0,2051800.0,3779700.0,,0.0,0.0,0.0
2023-12-05,388.0,0.0,0.0,398.0,372.0,386.0,-2.0,23165300.0,8863493400.0,2227.0,51.5,388.0,56600.0,386.0,226100.0,24835000000.0,24835000000.0,2190447000.0,3756400.0,2847400.0,,0.0,0.0,0.0
2023-12-06,386.0,0.0,0.0,466.0,384.0,422.0,36.0,303356300.0,130354098400.0,25981.0,56.3,424.0,228900.0,422.0,6975600.0,24835000000.0,24835000000.0,2190447000.0,48608800.0,31259800.0,,0.0,0.0,0.0
2023-12-07,422.0,0.0,0.0,426.0,392.0,400.0,-22.0,111574400.0,45050675200.0,9385.0,53.3,400.0,846100.0,398.0,680800.0,24835000000.0,24835000000.0,2190447000.0,29962300.0,6626700.0,,50000.0,19900000.0,1.0
2023-12-08,400.0,0.0,0.0,484.0,394.0,452.0,52.0,334145800.0,150273217400.0,24305.0,60.3,452.0,192500.0,450.0,446900.0,24835000000.0,24835000000.0,2190447000.0,31676100.0,52185900.0,,50.0,21900.0,1.0
2023-12-11,452.0,0.0,0.0,472.0,424.0,426.0,-26.0,122042100.0,54646325200.0,12140.0,56.8,428.0,210700.0,426.0,902200.0,24835000000.0,24835000000.0,2190447000.0,16716000.0,11396300.0,,0.0,0.0,0.0
2023-12-12,426.0,0.0,0.0,466.0,422.0,446.0,20.0,126185600.0,55848075400.0,16759.0,59.5,448.0,279000.0,446.0,138300.0,24835000000.0,24835000000.0,2190447000.0,17639900.0,7709300.0,,0.0,0.0,0.0
2023-12-13,446.0,0.0,0.0,454.0,432.0,434.0,-12.0,46521000.0,20649762400.0,5034.0,57.9,436.0,319100.0,434.0,392500.0,24835000000.0,24835000000.0,2190447000.0,6971600.0,3483200.0,,0.0,0.0,0.0
2023-12-14,434.0,0.0,0.0,450.0,412.0,420.0,-14.0,98608100.0,42076638000.0,11300.0,56.0,422.0,155500.0,420.0,482400.0,24835000000.0,24835000000.0,2190447000.0,21633100.0,9331200.0,,0.0,0.0,0.0
2023-12-15,420.0,0.0,0.0,432.0,418.0,426.0,6.0,27988900.0,11907337000.0,7004.0,56.8,428.0,265700.0,426.0,168800.0,24835000000.0,24835000000.0,2190447000.0,2749400.0,1710100.0,,0.0,0.0,0.0
2023-12-18,426.0,0.0,0.0,434.0,420.0,422.0,-4.0,27096800.0,11484025200.0,6797.0,56.3,422.0,8500.0,420.0,873400.0,24835000000.0,24835000000.0,2190447000.0,2294700.0,1325400.0,,0.0,0.0,0.0
2023-12-19,422.0,0.0,0.0,426.0,418.0,420.0,-2.0,17104400.0,7213255200.0,3908.0,56.0,422.0,105000.0,420.0,160800.0,24835000000.0,24835000000.0,2190447000.0,1057300.0,3903000.0,,0.0,0.0,0.0
2023-12-20,420.0,0.0,0.0,434.0,416.0,422.0,2.0,22779300.0,9691851600.0,3341.0,56.3,422.0,73600.0,420.0,1191600.0,24835000000.0,24835000000.0,2190447000.0,2184400.0,2175700.0,,0.0,0.0,0.0
2023-12-21,422.0,0.0,0.0,426.0,400.0,400.0,-22.0,37728800.0,15411424200.0,8231.0,53.3,402.0,26300.0,400.0,3979200.0,24835000000.0,24835000000.0,2190447000.0,3309100.0,1589300.0,,400000.0,128000000.0,1.0
2023-12-22,400.0,0.0,0.0,412.0,396.0,398.0,-2.0,16855200.0,6776088000.0,3067.0,53.1,400.0,400.0,398.0,53000.0,24835000000.0,24835000000.0,2190447000.0,1995400.0,2310300.0,,0.0,0.0,0.0
2023-12-27,398.0,0.0,0.0,412.0,388.0,402.0,4.0,6679600.0,2703689200.0,1056.0,53.6,404.0,40700.0,402.0,211500.0,24835000000.0,24835000000.0,2190447000.0,356500.0,1636600.0,,0.0,0.0,0.0
2023-12-28,402.0,0.0,0.0,420.0,408.0,410.0,8.0,15929200.0,6587361000.0,1959.0,54.7,412.0,114800.0,410.0,184000.0,24835000000.0,24835000000.0,2190447000.0,1551600.0,1842700.0,,0.0,0.0,0.0
2023-12-29,410.0,0.0,0.0,416.0,408.0,408.0,-2.0,5852800.0,2404064800.0,807.0,54.4,408.0,56600.0,406.0,205600.0,24835000000.0,24835000000.0,2190447000.0,1321100.0,77400.0,,0.0,0.0,0.0
2024-01-02,408.0,0.0,0.0,418.0,404.0,418.0,10.0,8704500.0,3592801000.0,1047.0,55.7,418.0,34000.0,416.0,11000.0,24835000000.0,24835000000.0,2190447000.0,402000.0,1249400.0,,0.0,0.0,0.0
2024-01-03,418.0,0.0,0.0,428.0,408.0,420.0,2.0,16996900.0,7163643400.0,2126.0,56.0,422.0,127700.0,420.0,218100.0,24835000000.0,24835000000.0,2190447000.0,1232700.0,1126900.0,,0.0,0.0,0.0
2024-01-04,420.0,0.0,0.0,424.0,412.0,416.0,-4.0,5227100.0,2168100200.0,838.0,55.5,416.0,600.0,414.0,81900.0,24835000000.0,24835000000.0,2190447000.0,1049900.0,38800.0,,0.0,0.0,0.0
2024-01-05,416.0,0.0,0.0,418.0,412.0,412.0,-4.0,5547600.0,2293400200.0,525.0,54.9,414.0,60200.0,412.0,1033200.0,24835000000.0,24835000000.0,2190447000.0,367600.0,187700.0,,0.0,0.0,0.0
2024-01-08,412.0,0.0,0.0,416.0,406.0,406.0,-6.0,5130100.0,2094359600.0,808.0,54.1,406.0,898600.0,404.0,394200.0,24835000000.0,24835000000.0,2190447000.0,740500.0,89100.0,,0.0,0.0,0.0
2024-01-09,406.0,0.0,0.0,410.0,390.0,402.0,-4.0,18551900.0,7392141200.0,2273.0,53.6,404.0,222300.0,402.0,23000.0,24835000000.0,24835000000.0,2190447000.0,1833200.0,1885500.0,,0.0,0.0,0.0
2024-01-10,402.0,0.0,0.0,404.0,394.0,398.0,-4.0,5789500.0,2307328800.0,1338.0,53.1,400.0,222400.0,398.0,593600.0,24835000000.0,24835000000.0,2190447000.0,782800.0,325500.0,,0.0,0.0,0.0
2024-01-11,398.0,0.0,0.0,402.0,390.0,396.0,-2.0,8738400.0,3460855000.0,1342.0,52.8,396.0,21900.0,394.0,451500.0,24835000000.0,24835000000.0,2190447000.0,942100.0,605900.0,,0.0,0.0,0.0
2024-01-12,396.0,0.0,0.0,400.0,386.0,390.0,-6.0,11103100.0,4342783400.0,1129.0,52.0,390.0,306500.0,388.0,93500.0,24835000000.0,24835000000.0,2190447000.0,310600.0,2143900.0,,0.0,0.0,0.0
2024-01-15,390.0,0.0,0.0,402.0,390.0,392.0,2.0,14879200.0,5890923000.0,2039.0,52.3,394.0,405500.0,392.0,1200.0,24835000000.0,24835000000.0,2190447000.0,2962300.0,1691100.0,,0.0,0.0,0.0
2024-01-16,392.0,0.0,0.0,398.0,390.0,396.0,4.0,6659000.0,2623711000.0,1074.0,52.8,396.0,818600.0,394.0,17800.0,24835000000.0,24835000000.0,2190447000.0,717900.0,1791800.0,,0.0,0.0,0.0
2024-01-17,396.0,0.0,0.0,396.0,384.0,386.0,-10.0,14130000.0,5493691600.0,1945.0,51.5,388.0,201200.0,386.0,726100.0,24835000000.0,24835000000.0,2190447000.0,3188500.0,326700.0,,0.0,0.0,0.0
2024-01-18,386.0,0.0,0.0,390.0,368.0,372.0,-14.0,31074400.0,11713368000.0,2847.0,49.6,372.0,104000.0,370.0,1578100.0,24835000000.0,24835000000.0,2190447000.0,707200.0,5413800.0,,0.0,0.0,0.0
2024-01-19,372.0,0.0,0.0,380.0,362.0,378.0,6.0,11454400.0,4265397200.0,1630.0,50.4,378.0,465700.0,376.0,304300.0,24835000000.0,24835000000.0,2190447000.0,1027800.0,2124000.0,,0.0,0.0,0.0
2024-01-22,378.0,0.0,0.0,386.0,374.0,378.0,0.0,11207000.0,4266486800.0,1610.0,50.4,380.0,1000.0,378.0,193600.0,24835000000.0,24835000000.0,2190447000.0,808200.0,1479800.0,,0.0,0.0,0.0
2024-01-23,378.0,0.0,0.0,380.0,362.0,366.0,-12.0,10324300.0,3805218800.0,1289.0,48.8,368.0,20000.0,366.0,281700.0,24835000000.0,24835000000.0,2190447000.0,510300.0,2122600.0,,0.0,0.0,0.0
2024-01-24,366.0,0.0,0.0,384.0,362.0,364.0,-2.0,12381200.0,4594897600.0,1834.0,48.5,366.0,6700.0,364.0,132200.0,24835000000.0,24835000000.0,2190447000.0,2195500.0,1560300.0,,0.0,0.0,0.0
2024-01-25,364.0,0.0,0.0,368.0,354.0,354.0,-10.0,14462500.0,5174930400.0,1479.0,47.2,356.0,20200.0,354.0,402400.0,24835000000.0,24835000000.0,2190447000.0,595700.0,2907900.0,,0.0,0.0,0.0
2024-01-26,354.0,0.0,0.0,362.0,352.0,356.0,2.0,14976900.0,5346804200.0,818.0,47.5,356.0,534300.0,354.0,15500.0,24835000000.0,24835000000.0,2190447000.0,244200.0,1808900.0,,0.0,0.0,0.0
2024-01-29,356.0,0.0,0.0,360.0,346.0,356.0,0.0,9176600.0,3225117400.0,1385.0,47.5,358.0,437300.0,356.0,96500.0,24835000000.0,24835000000.0,2190447000.0,1458900.0,865800.0,,0.0,0.0,0.0
2024-01-30,356.0,0.0,0.0,358.0,340.0,348.0,-8.0,16146900.0,5614016400.0,1449.0,46.4,350.0,346700.0,348.0,192800.0,24835000000.0,24835000000.0,2190447000.0,294000.0,3125900.0,,0.0,0.0,0.0
2024-01-31,348.0,0.0,0.0,362.0,332.0,356.0,8.0,9148700.0,3258373000.0,854.0,47.5,358.0,297200.0,356.0,123900.0,24835000000.0,24835000000.0,2190447000.0,551000.0,1311700.0,,0.0,0.0,0.0
2024-02-01,356.0,0.0,0.0,360.0,354.0,358.0,2.0,3949600.0,1411825000.0,1022.0,47.7,358.0,448900.0,356.0,45300.0,24835000000.0,24835000000.0,2190447000.0,534700.0,22100.0,,0.0,0.0,0.0
2024-02-02,358.0,0.0,0.0,366.0,352.0,352.0,-6.0,5630800.0,2017447400.0,872.0,46.9,354.0,11000.0,352.0,553500.0,24835000000.0,24835000000.0,2190447000.0,2504600.0,379700.0,,0.0,0.0,0.0
2024-02-05,352.0,0.0,0.0,356.0,348.0,348.0,-4.0,3284900.0,1153224000.0,1069.0,46.4,350.0,62600.0,348.0,145300.0,24835000000.0,24835000000.0,2190447000.0,762600.0,205500.0,,0.0,0.0,0.0
2024-02-06,348.0,0.0,0.0,358.0,346.0,348.0,0.0,8482200.0,2977386800.0,540.0,46.4,350.0,62900.0,348.0,589100.0,24835000000.0,24835000000.0,2190447000.0,710100.0,924400.0,,0.0,0.0,0.0
2024-02-07,348.0,0.0,0.0,358.0,346.0,348.0,0.0,8991600.0,3154421600.0,628.0,46.4,348.0,42900.0,346.0,952000.0,24835000000.0,24835000000.0,2190447000.0,931200.0,91800.0,,0.0,0.0,0.0
2024-02-12,348.0,0.0,0.0,350.0,344.0,344.0,-4.0,6962200.0,2409922400.0,949.0,45.9,344.0,192600.0,342.0,1532900.0,24835000000.0,24835000000.0,2190447000.0,130900.0,1003400.0,,0.0,0.0,0.0
2024-02-13,344.0,0.0,0.0,348.0,342.0,346.0,2.0,4793400.0,1649143400.0,416.0,46.1,346.0,19000.0,344.0,91700.0,24835000000.0,24835000000.0,2190447000.0,88700.0,382400.0,,0.0,0.0,0.0
2024-02-15,346.0,0.0,0.0,354.0,344.0,350.0,4.0,4517000.0,1577946200.0,447.0,46.7,352.0,93300.0,350.0,170200.0,24835000000.0,24835000000.0,2190447000.0,52000.0,469000.0,,0.0,0.0,0.0
2024-02-16,350.0,0.0,0.0,358.0,348.0,348.0,-2.0,3757400.0,1319076600.0,547.0,46.4,348.0,678400.0,346.0,444600.0,24835000000.0,24835000000.0,2190447000.0,546500.0,332900.0,,0.0,0.0,0.0
2024-02-19,348.0,0.0,0.0,352.0,342.0,344.0,-4.0,5044400.0,1739208000.0,1086.0,45.9,346.0,62000.0,344.0,75000.0,24835000000.0,24835000000.0,2190447000.0,1644000.0,6900.0,,0.0,0.0,0.0
2024-02-20,344.0,0.0,0.0,348.0,342.0,344.0,0.0,1792600.0,617149000.0,300.0,45.9,346.0,11000.0,344.0,284500.0,24835000000.0,24835000000.0,2190447000.0,137300.0,100600.0,,0.0,0.0,0.0
2024-02-21,344.0,0.0,0.0,350.0,342.0,346.0,2.0,9883400.0,3412245000.0,1108.0,46.1,348.0,99400.0,346.0,43900.0,24835000000.0,24835000000.0,2190447000.0,344900.0,2106800.0,,0.0,0.0,0.0
2024-02-22,346.0,0.0,0.0,368.0,346.0,366.0,20.0,10651700.0,3834889200.0,986.0,48.8,366.0,87500.0,364.0,177700.0,24835000000.0,24835000000.0,2190447000.0,623000.0,1961600.0,,0.0,0.0,0.0
2024-02-23,366.0,0.0,0.0,372.0,352.0,362.0,-4.0,15343500.0,5511882400.0,1421.0,48.3,362.0,350300.0,360.0,242500.0,24835000000.0,24835000000.0,2190447000.0,3879300.0,476900.0,,0.0,0.0,0.0
2024-02-26,362.0,0.0,0.0,366.0,354.0,354.0,-8.0,7675900.0,2754096400.0,1043.0,47.2,356.0,27700.0,354.0,468700.0,24835000000.0,24835000000.0,2190447000.0,1087800.0,327500.0,,0.0,0.0,0.0
2024-02-27,354.0,0.0,0.0,360.0,342.0,348.0,-6.0,6610800.0,2299949400.0,1249.0,46.4,352.0,293700.0,348.0,622100.0,24835000000.0,24835000000.0,2190447000.0,315400.0,706200.0,,0.0,0.0,0.0
2024-02-28,348.0,0.0,0.0,358.0,348.0,354.0,6.0,4366500.0,1540715800.0,907.0,47.2,356.0,268600.0,354.0,13200.0,24835000000.0,24835000000.0,2190447000.0,13300.0,651800.0,,0.0,0.0,0.0
2024-02-29,354.0,0.0,0.0,356.0,346.0,350.0,-4.0,4760600.0,1661503400.0,487.0,46.7,350.0,298400.0,348.0,30200.0,24835000000.0,24835000000.0,2190447000.0,357500.0,237100.0,,0.0,0.0,0.0
2024-03-01,350.0,0.0,0.0,358.0,344.0,346.0,-4.0,8765700.0,3069601200.0,978.0,46.1,346.0,2600.0,344.0,1505200.0,24835000000.0,24835000000.0,2190447000.0,2456700.0,448800.0,,0.0,0.0,0.0
2024-03-04,346.0,0.0,0.0,360.0,344.0,346.0,0.0,12956100.0,4504325000.0,1213.0,46.1,348.0,250000.0,346.0,549100.0,24835000000.0,24835000000.0,2190447000.0,303100.0,1891700.0,,0.0,0.0,0.0
2024-03-05,346.0,0.0,0.0,356.0,346.0,352.0,6.0,24917700.0,8712671400.0,1892.0,46.9,352.0,1000.0,350.0,327100.0,24835000000.0,24835000000.0,2190447000.0,921100.0,6720600.0,,0.0,0.0,0.0
2024-03-06,352.0,0.0,0.0,362.0,350.0,354.0,2.0,20766600.0,7393648800.0,1346.0,47.2,354.0,459100.0,352.0,217500.0,24835000000.0,24835000000.0,2190447000.0,1727500.0,3489500.0,,0.0,0.0,0.0
2024-03-07,354.0,0.0,0.0,362.0,338.0,352.0,-2.0,11636900.0,4108254000.0,1127.0,46.9,354.0,79600.0,352.0,138700.0,24835000000.0,24835000000.0,2190447000.0,2299300.0,461900.0,,0.0,0.0,0.0
2024-03-08,352.0,0.0,0.0,358.0,352.0,354.0,2.0,13070600.0,4643484200.0,1022.0,47.2,354.0,624700.0,352.0,681600.0,24835000000.0,24835000000.0,2190447000.0,511400.0,2945400.0,,0.0,0.0,0.0
2024-03-13,354.0,0.0,0.0,360.0,352.0,354.0,0.0,9327100.0,3316052200.0,883.0,47.2,354.0,356600.0,352.0,843600.0,24835000000.0,24835000000.0,2190447000.0,843400.0,1271100.0,,0.0,0.0,0.0
2024-03-14,354.0,0.0,0.0,354.0,350.0,350.0,-4.0,4664700.0,1638716200.0,471.0,46.7,352.0,50300.0,350.0,1603700.0,24835000000.0,24835000000.0,2190447000.0,342700.0,273300.0,,0.0,0.0,0.0
2024-03-15,350.0,0.0,0.0,354.0,346.0,346.0,-4.0,7260400.0,2534476000.0,651.0,46.1,348.0,9900.0,346.0,3376900.0,24835000000.0,24835000000.0,2190447000.0,2367000.0,153800.0,,0.0,0.0,0.0
2024-03-18,346.0,0.0,0.0,350.0,344.0,346.0,0.0,12205200.0,4226050600.0,945.0,46.1,348.0,1080100.0,346.0,77400.0,24835000000.0,24835000000.0,2190447000.0,1878600.0,81300.0,,0.0,0.0,0.0
2024-03-19,346.0,0.0,0.0,350.0,344.0,346.0,0.0,3804000.0,1318193200.0,334.0,46.1,348.0,93900.0,346.0,105500.0,24835000000.0,24835000000.0,2190447000.0,92700.0,93200.0,,10357000.0,3231384000.0,1.0
2024-03-20,346.0,0.0,0.0,348.0,338.0,340.0,-6.0,13947300.0,4777539200.0,1147.0,45.3,342.0,521900.0,340.0,540000.0,24835000000.0,24835000000.0,2190447000.0,1933300.0,110700.0,,147970900.0,46166920800.0,1.0
2024-03-21,340.0,0.0,0.0,358.0,342.0,352.0,12.0,25029000.0,8816518000.0,1731.0,46.9,352.0,9700.0,350.0,1265500.0,24835000000.0,24835000000.0,2190447000.0,1260000.0,4575600.0,,0.0,0.0,0.0
2024-03-22,352.0,0.0,0.0,354.0,346.0,346.0,-6.0,5258900.0,1833065800.0,528.0,46.1,348.0,122900.0,346.0,1005800.0,24835000000.0,24835000000.0,2190447000.0,1752900.0,30200.0,,0.0,0.0,0.0
2024-03-25,346.0,0.0,0.0,348.0,340.0,344.0,-2.0,5703600.0,1961134600.0,658.0,45.9,346.0,62200.0,344.0,169900.0,24835000000.0,24835000000.0,2190447000.0,247400.0,223300.0,,171629300.0,53548341600.0,1.0
2024-03-26,344.0,0.0,0.0,346.0,342.0,344.0,0.0,3640100.0,1252545800.0,332.0,45.9,344.0,265200.0,342.0,1821200.0,24835000000.0,24835000000.0,2190447000.0,189400.0,92500.0,,0.0,0.0,0.0
2024-03-27,344.0,0.0,0.0,348.0,342.0,346.0,2.0,8610900.0,2967334000.0,388.0,46.1,346.0,143700.0,344.0,16800.0,24835000000.0,24835000000.0,2190447000.0,277600.0,1910800.0,,0.0,0.0,0.0
2024-03-28,346.0,0.0,0.0,352.0,342.0,344.0,-2.0,7450700.0,2559526800.0,535.0,45.9,346.0,340500.0,344.0,93100.0,24835000000.0,24835000000.0,2190447000.0,256500.0,614000.0,,0.0,0.0,0.0
2024-04-01,344.0,0.0,0.0,350.0,340.0,344.0,0.0,6824400.0,2344633000.0,669.0,45.9,344.0,303500.0,342.0,418100.0,24835000000.0,24835000000.0,2190447000.0,1227800.0,173100.0,,0.0,0.0,0.0
2024-04-02,344.0,0.0,0.0,346.0,326.0,344.0,0.0,7373900.0,2517191600.0,745.0,45.9,344.0,34300.0,342.0,262200.0,24835000000.0,24835000000.0,2190447000.0,945100.0,737500.0,,0.0,0.0,0.0
2024-04-03,344.0,0.0,0.0,348.0,340.0,340.0,-4.0,5885900.0,2027260400.0,542.0,45.3,344.0,295700.0,340.0,1452800.0,24835000000.0,24835000000.0,2190447000.0,100900.0,1657700.0,,0.0,0.0,0.0
2024-04-04,340.0,0.0,0.0,362.0,344.0,356.0,16.0,29139000.0,10355113600.0,1521.0,47.5,358.0,839900.0,356.0,42700.0,24835000000.0,24835000000.0,2190447000.0,392800.0,4276800.0,,0.0,0.0,0.0
2024-04-05,356.0,0.0,0.0,358.0,352.0,356.0,0.0,4373400.0,1554364400.0,539.0,47.5,358.0,372400.0,356.0,104000.0,24835000000.0,24835000000.0,2190447000.0,240900.0,735200.0,,0.0,0.0,0.0
2024-04-16,356.0,0.0,0.0,374.0,342.0,364.0,8.0,45875100.0,16733242000.0,2372.0,48.5,366.0,17200.0,364.0,19700.0,24835000000.0,24835000000.0,2190447000.0,3797000.0,4274600.0,,0.0,0.0,0.0
2024-04-17,364.0,0.0,0.0,364.0,344.0,348.0,-16.0,37871600.0,13307223000.0,2082.0,46.4,348.0,294000.0,346.0,1500.0,24835000000.0,24835000000.0,2190447000.0,6381900.0,1673800.0,,0.0,0.0,0.0
2024-04-18,348.0,0.0,0.0,350.0,330.0,340.0,-8.0,33274300.0,11225188400.0,1962.0,45.3,342.0,282800.0,340.0,379000.0,24835000000.0,24835000000.0,2190447000.0,5246100.0,5604600.0,,0.0,0.0,0.0
2024-04-19,340.0,0.0,0.0,346.0,332.0,340.0,0.0,7458100.0,2540168400.0,701.0,45.3,340.0,258800.0,338.0,155700.0,24835000000.0,24835000000.0,2190447000.0,660700.0,354800.0,,0.0,0.0,0.0
2024-04-22,340.0,0.0,0.0,344.0,336.0,336.0,-4.0,8938200.0,3027070000.0,632.0,44.8,338.0,8400.0,336.0,145400.0,24835000000.0,24835000000.0,2190447000.0,176700.0,954600.0,,0.0,0.0,0.0
2024-04-23,336.0,0.0,0.0,338.0,304.0,336.0,0.0,6384300.0,2131231000.0,544.0,44.8,336.0,72500.0,334.0,275900.0,24835000000.0,24835000000.0,2190447000.0,252000.0,1665400.0,,0.0,0.0,0.0
2024-04-24,336.0,0.0,0.0,344.0,330.0,334.0,-2.0,9358500.0,3158173600.0,581.0,44.5,336.0,20200.0,334.0,223000.0,24835000000.0,24835000000.0,2190447000.0,1738900.0,1343000.0,,0.0,0.0,0.0
2024-04-25,334.0,0.0,0.0,340.0,324.0,326.0,-8.0,10339000.0,3402021600.0,948.0,43.5,326.0,311000.0,324.0,182500.0,24835000000.0,24835000000.0,2190447000.0,2275600.0,176700.0,,0.0,0.0,0.0
2024-04-26,326.0,0.0,0.0,328.0,306.0,310.0,-16.0,14044700.0,4410066800.0,1165.0,41.3,312.0,559700.0,310.0,277100.0,24835000000.0,24835000000.0,2190447000.0,2915500.0,932400.0,,0.0,0.0,0.0
2024-04-29,310.0,0.0,0.0,316.0,304.0,314.0,4.0,8688900.0,2682306800.0,662.0,41.9,314.0,214800.0,312.0,23500.0,24835000000.0,24835000000.0,2190447000.0,550100.0,2570800.0,,0.0,0.0,0.0
2024-04-30,314.0,0.0,0.0,316.0,290.0,300.0,-14.0,22600200.0,6841209800.0,1328.0,40.0,300.0,317600.0,298.0,774500.0,24835000000.0,24835000000.0,2190447000.0,2395200.0,6413200.0,,0.0,0.0,0.0
2024-05-02,300.0,0.0,0.0,302.0,292.0,298.0,-2.0,18186400.0,5384075200.0,955.0,39.7,300.0,500300.0,298.0,1346900.0,24835000000.0,24835000000.0,2190447000.0,314900.0,2918500.0,,0.0,0.0,0.0
2024-05-03,298.0,0.0,0.0,304.0,242.0,294.0,-4.0,4745900.0,1395227600.0,599.0,39.2,296.0,205000.0,294.0,1126600.0,24835000000.0,24835000000.0,2190447000.0,1057900.0,712800.0,,0.0,0.0,0.0
2024-05-06,294.0,0.0,0.0,304.0,290.0,300.0,6.0,10971100.0,3261418800.0,646.0,40.0,302.0,160000.0,300.0,725500.0,24835000000.0,24835000000.0,2190447000.0,2844000.0,877800.0,,0.0,0.0,0.0
2024-05-07,300.0,0.0,0.0,314.0,284.0,314.0,14.0,4143300.0,1262010600.0,485.0,41.9,314.0,659000.0,312.0,8300.0,24835000000.0,24835000000.0,2190447000.0,1031700.0,537900.0,,0.0,0.0,0.0
2024-05-08,314.0,0.0,0.0,314.0,300.0,300.0,-14.0,2803100.0,849304400.0,462.0,40.0,304.0,6300.0,300.0,1114700.0,24835000000.0,24835000000.0,2190447000.0,1531500.0,5700.0,,0.0,0.0,0.0
2024-05-13,300.0,0.0,0.0,302.0,296.0,298.0,-2.0,3358600.0,1005300000.0,296.0,39.7,302.0,643400.0,298.0,443100.0,24835000000.0,24835000000.0,2190447000.0,582800.0,119400.0,,0.0,0.0,0.0
2024-05-14,298.0,0.0,0.0,308.0,296.0,304.0,6.0,8238100.0,2473899400.0,510.0,40.5,304.0,7900.0,302.0,500.0,24835000000.0,24835000000.0,2190447000.0,224500.0,1830000.0,,0.0,0.0,0.0
2024-05-15,304.0,0.0,0.0,308.0,300.0,302.0,-2.0,3145600.0,952572200.0,279.0,40.3,302.0,30800.0,300.0,677500.0,24835000000.0,24835000000.0,2190447000.0,408800.0,1148400.0,,0.0,0.0,0.0
2024-05-16,302.0,0.0,0.0,308.0,300.0,304.0,2.0,4573400.0,1393116200.0,517.0,40.5,304.0,302000.0,302.0,18000.0,24835000000.0,24835000000.0,2190447000.0,150700.0,795500.0,,0.0,0.0,0.0
2024-05-17,304.0,0.0,0.0,306.0,300.0,302.0,-2.0,1086300.0,328136600.0,243.0,40.3,304.0,295800.0,302.0,562700.0,24835000000.0,24835000000.0,2190447000.0,48000.0,276800.0,,0.0,0.0,0.0
2024-05-20,302.0,0.0,0.0,320.0,304.0,314.0,12.0,5511200.0,1722678800.0,731.0,41.9,314.0,14000.0,312.0,82300.0,24835000000.0,24835000000.0,2190447000.0,638200.0,314200.0,,0.0,0.0,0.0
2024-05-21,314.0,0.0,0.0,316.0,304.0,306.0,-8.0,4910300.0,1513033200.0,343.0,40.8,306.0,84800.0,304.0,327700.0,24835000000.0,24835000000.0,2190447000.0,647300.0,69800.0,,2773900.0,871004600.0,1.0
2024-05-22,306.0,0.0,0.0,310.0,292.0,302.0,-4.0,11434600.0,3424267200.0,640.0,40.3,302.0,31800.0,300.0,628000.0,24835000000.0,24835000000.0,2190447000.0,63400.0,3983200.0,,0.0,0.0,0.0
2024-05-27,302.0,0.0,0.0,304.0,296.0,298.0,-4.0,4126300.0,1235721000.0,531.0,39.7,300.0,140000.0,296.0,817900.0,24835000000.0,24835000000.0,2190447000.0,280700.0,303800.0,,0.0,0.0,0.0
2024-05-28,298.0,0.0,0.0,302.0,296.0,298.0,0.0,2961900.0,881807600.0,306.0,39.7,300.0,11500.0,298.0,3700.0,24835000000.0,24835000000.0,2190447000.0,92500.0,352400.0,,0.0,0.0,0.0
2024-05-29,298.0,0.0,0.0,300.0,294.0,298.0,0.0,3891600.0,1154274600.0,317.0,39.7,298.0,341200.0,296.0,488500.0,24835000000.0,24835000000.0,2190447000.0,199100.0,56100.0,,0.0,0.0,0.0
2024-05-30,298.0,0.0,0.0,298.0,282.0,296.0,-2.0,3680400.0,1085700000.0,314.0,39.5,296.0,402900.0,294.0,514700.0,24835000000.0,24835000000.0,2190447000.0,953900.0,158700.0,,0.0,0.0,0.0
2024-05-31,296.0,0.0,0.0,300.0,294.0,294.0,-2.0,5155000.0,1529136800.0,233.0,39.2,294.0,600.0,292.0,879900.0,24835000000.0,24835000000.0,2190447000.0,992700.0,0.0,,0.0,0.0,0.0
2024-06-03,294.0,0.0,0.0,294.0,274.0,290.0,-4.0,6722500.0,1957129000.0,490.0,38.7,290.0,121000.0,288.0,438500.0,24835000000.0,24835000000.0,2190447000.0,1438900.0,48700.0,,0.0,0.0,0.0
2024-06-04,290.0,0.0,0.0,294.0,288.0,288.0,-2.0,4333300.0,1257942200.0,301.0,38.4,290.0,305800.0,288.0,449000.0,24835000000.0,24835000000.0,2190447000.0,143100.0,463800.0,,0.0,0.0,0.0
2024-06-05,288.0,0.0,0.0,290.0,264.0,268.0,-20.0,16268800.0,4431990200.0,1279.0,35.7,270.0,90800.0,268.0,90200.0,24835000000.0,24835000000.0,2190447000.0,1774200.0,1164100.0,,0.0,0.0,0.0
2024-06-06,268.0,0.0,0.0,286.0,216.0,274.0,6.0,3669000.0,1006307800.0,477.0,36.5,276.0,128200.0,274.0,115900.0,24835000000.0,24835000000.0,2190447000.0,149300.0,837000.0,,30000000.0,8100000000.0,1.0
2024-06-07,274.0,0.0,0.0,280.0,270.0,276.0,2.0,2385200.0,653020800.0,265.0,36.8,276.0,540500.0,274.0,30000.0,24835000000.0,24835000000.0,2190447000.0,341900.0,204400.0,,0.0,0.0,0.0
2024-06-10,276.0,0.0,0.0,276.0,266.0,268.0,-8.0,5394900.0,1444911400.0,441.0,35.7,268.0,500900.0,266.0,818700.0,24835000000.0,24835000000.0,2190447000.0,457100.0,50500.0,,20000000.0,5400000000.0,1.0
2024-06-11,268.0,0.0,0.0,268.0,258.0,264.0,-4.0,3077800.0,806200000.0,385.0,35.2,264.0,82500.0,262.0,114100.0,24835000000.0,24835000000.0,2190447000.0,343400.0,172000.0,,0.0,0.0,0.0
2024-06-12,264.0,0.0,0.0,272.0,250.0,272.0,8.0,8887700.0,2315015600.0,692.0,36.3,272.0,192200.0,270.0,500.0,24835000000.0,24835000000.0,2190447000.0,2827900.0,232800.0,,0.0,0.0,0.0
2024-06-13,272.0,0.0,0.0,274.0,256.0,260.0,-12.0,2976000.0,779860200.0,528.0,34.7,260.0,69700.0,258.0,163900.0,24835000000.0,24835000000.0,2190447000.0,1420100.0,1900.0,,0.0,0.0,0.0
2024-06-14,260.0,0.0,0.0,262.0,242.0,258.0,-2.0,9143500.0,2306670600.0,725.0,34.4,258.0,326800.0,256.0,500.0,24835000000.0,24835000000.0,2190447000.0,5028400.0,0.0,,0.0,0.0,0.0
2024-06-19,258.0,0.0,0.0,260.0,240.0,240.0,-18.0,5735000.0,1405366000.0,767.0,32.0,242.0,36700.0,240.0,200.0,24835000000.0,24835000000.0,2190447000.0,470000.0,76300.0,,0.0,0.0,0.0
2024-06-20,240.0,0.0,0.0,240.0,224.0,230.0,-10.0,8004400.0,1858175600.0,642.0,30.7,234.0,19000.0,230.0,310000.0,24835000000.0,24835000000.0,2190447000.0,276500.0,382200.0,,30000000.0,7200000000.0,1.0
2024-06-21,230.0,0.0,0.0,236.0,199.0,232.0,2.0,5557300.0,1294616100.0,345.0,30.9,234.0,137400.0,232.0,101000.0,24835000000.0,24835000000.0,2190447000.0,1900.0,870400.0,,30000000.0,6900000000.0,1.0
2024-06-24,232.0,0.0,0.0,234.0,230.0,234.0,2.0,2514700.0,585815600.0,282.0,31.2,234.0,131700.0,232.0,82400.0,24835000000.0,24835000000.0,2190447000.0,50900.0,320200.0,,720000.0,185760000.0,1.0
2024-06-25,234.0,0.0,0.0,236.0,230.0,234.0,0.0,1297400.0,302075200.0,165.0,31.2,234.0,145400.0,232.0,182400.0,24835000000.0,24835000000.0,2190447000.0,0.0,253700.0,,0.0,0.0,0.0
2024-06-26,234.0,0.0,0.0,240.0,234.0,236.0,2.0,2124500.0,503498400.0,230.0,31.5,238.0,99400.0,236.0,150600.0,24835000000.0,24835000000.0,2190447000.0,0.0,808800.0,,0.0,0.0,0.0
2024-06-27,236.0,0.0,0.0,242.0,222.0,240.0,4.0,1131000.0,271142400.0,156.0,32.0,240.0,97700.0,238.0,32600.0,24835000000.0,24835000000.0,2190447000.0,12500.0,276100.0,,0.0,0.0,0.0
2024-06-28,240.0,0.0,0.0,240.0,234.0,240.0,0.0,2212000.0,527744800.0,220.0,32.0,240.0,8000.0,238.0,200000.0,24835000000.0,24835000000.0,2190447000.0,188900.0,130900.0,,0.0,0.0,0.0
2024-07-01,240.0,0.0,0.0,244.0,240.0,242.0,2.0,936600.0,227593200.0,174.0,32.3,242.0,617200.0,240.0,476300.0,24835000000.0,24835000000.0,2190447000.0,74300.0,60400.0,,0.0,0.0,0.0
2024-07-02,242.0,0.0,0.0,246.0,240.0,242.0,0.0,1472900.0,357459200.0,139.0,32.3,244.0,522600.0,242.0,96500.0,24835000000.0,24835000000.0,2190447000.0,50200.0,13100.0,,0.0,0.0,0.0
2024-07-03,242.0,0.0,0.0,244.0,238.0,242.0,0.0,541000.0,130369200.0,148.0,32.3,244.0,215600.0,242.0,40600.0,24835000000.0,24835000000.0,2190447000.0,49800.0,6100.0,,0.0,0.0,0.0
2024-07-04,242.0,0.0,0.0,242.0,234.0,240.0,-2.0,2529200.0,599094800.0,381.0,32.0,240.0,175500.0,236.0,2400.0,24835000000.0,24835000000.0,2190447000.0,109500.0,74600.0,,0.0,0.0,0.0
2024-07-05,240.0,0.0,0.0,244.0,236.0,238.0,-2.0,2302900.0,553422800.0,226.0,31.7,240.0,38900.0,238.0,20800.0,24835000000.0,24835000000.0,2190447000.0,0.0,37800.0,,0.0,0.0,0.0
2024-07-08,238.0,0.0,0.0,242.0,236.0,240.0,2.0,1433600.0,343670600.0,230.0,32.0,240.0,256800.0,238.0,155800.0,24835000000.0,24835000000.0,2190447000.0,50500.0,59700.0,,0.0,0.0,0.0
2024-07-09,240.0,0.0,0.0,244.0,240.0,244.0,4.0,2411200.0,584801600.0,276.0,32.5,244.0,4238100.0,242.0,5500.0,24835000000.0,24835000000.0,2190447000.0,0.0,209200.0,,0.0,0.0,0.0
2024-07-10,244.0,0.0,0.0,248.0,244.0,244.0,0.0,1579300.0,387204400.0,166.0,32.5,246.0,116100.0,244.0,254900.0,24835000000.0,24835000000.0,2190447000.0,150000.0,46700.0,,0.0,0.0,0.0
2024-07-11,244.0,0.0,0.0,246.0,232.0,238.0,-6.0,3276100.0,787317800.0,253.0,31.7,240.0,1678500.0,238.0,362300.0,24835000000.0,24835000000.0,2190447000.0,0.0,75800.0,,0.0,0.0,0.0
2024-07-12,238.0,0.0,0.0,244.0,240.0,242.0,4.0,1583200.0,382811800.0,164.0,32.3,244.0,202900.0,242.0,138900.0,24835000000.0,24835000000.0,2190447000.0,111500.0,69800.0,,0.0,0.0,0.0
2024-07-15,242.0,0.0,0.0,298.0,242.0,270.0,28.0,40658500.0,11313975400.0,6021.0,36.0,272.0,76400.0,270.0,335000.0,24835000000.0,24835000000.0,2190447000.0,2071200.0,2900200.0,,71700.0,18928800.0,4.0
2024-07-16,270.0,0.0,0.0,302.0,270.0,284.0,14.0,36877500.0,10658926200.0,4879.0,37.9,286.0,59100.0,284.0,417600.0,24835000000.0,24835000000.0,2190447000.0,3705500.0,1515300.0,,0.0,0.0,0.0
2024-07-17,284.0,0.0,0.0,304.0,284.0,288.0,4.0,29001900.0,8500643000.0,2948.0,38.4,290.0,307900.0,288.0,1126700.0,24835000000.0,24835000000.0,2190447000.0,3177000.0,1667500.0,,0.0,0.0,0.0
2024-07-18,288.0,0.0,0.0,292.0,278.0,288.0,0.0,7145900.0,2051876400.0,875.0,38.4,290.0,217500.0,288.0,324100.0,24835000000.0,24835000000.0,2190447000.0,999700.0,78800.0,,0.0,0.0,0.0
2024-07-19,288.0,0.0,0.0,290.0,280.0,282.0,-6.0,3363700.0,952247000.0,487.0,37.6,284.0,236400.0,282.0,48500.0,24835000000.0,24835000000.0,2190447000.0,118600.0,5700.0,,0.0,0.0,0.0
2024-07-22,282.0,0.0,0.0,286.0,276.0,276.0,-6.0,5523200.0,1548264400.0,543.0,36.8,278.0,572800.0,276.0,215100.0,24835000000.0,24835000000.0,2190447000.0,39600.0,108200.0,,0.0,0.0,0.0
2024-07-23,276.0,0.0,0.0,296.0,272.0,286.0,10.0,8946500.0,2547976200.0,1047.0,38.1,290.0,251300.0,286.0,672100.0,24835000000.0,24835000000.0,2190447000.0,7200.0,910000.0,,0.0,0.0,0.0
2024-07-24,286.0,0.0,0.0,294.0,284.0,286.0,0.0,4135900.0,1191398400.0,472.0,38.1,286.0,100500.0,284.0,380800.0,24835000000.0,24835000000.0,2190447000.0,487800.0,36700.0,,0.0,0.0,0.0
2024-07-25,286.0,0.0,0.0,290.0,270.0,278.0,-8.0,3290500.0,926748200.0,335.0,37.1,282.0,127700.0,278.0,114900.0,24835000000.0,24835000000.0,2190447000.0,249900.0,94000.0,,0.0,0.0,0.0
2024-07-26,278.0,0.0,0.0,284.0,280.0,282.0,4.0,1288500.0,363931800.0,201.0,37.6,284.0,115400.0,282.0,70700.0,24835000000.0,24835000000.0,2190447000.0,3700.0,156700.0,,0.0,0.0,0.0
2024-07-29,282.0,0.0,0.0,286.0,276.0,280.0,-2.0,4574100.0,1290019000.0,335.0,37.3,282.0,55700.0,280.0,134500.0,24835000000.0,24835000000.0,2190447000.0,1105800.0,679700.0,,0.0,0.0,0.0
2024-07-30,280.0,0.0,0.0,282.0,276.0,278.0,-2.0,2280000.0,635194800.0,179.0,37.1,278.0,333700.0,276.0,752400.0,24835000000.0,24835000000.0,2190447000.0,105900.0,142800.0,,0.0,0.0,0.0
2024-07-31,278.0,0.0,0.0,284.0,274.0,280.0,2.0,1660300.0,462133400.0,226.0,37.3,282.0,307100.0,280.0,18300.0,24835000000.0,24835000000.0,2190447000.0,206100.0,27500.0,,0.0,0.0,0.0
2024-08-01,280.0,0.0,0.0,308.0,282.0,288.0,8.0,14968700.0,4416057600.0,2094.0,38.4,288.0,273900.0,286.0,202200.0,24835000000.0,24835000000.0,2190447000.0,753900.0,171500.0,,0.0,0.0,0.0
2024-08-02,288.0,0.0,0.0,300.0,288.0,290.0,2.0,5054100.0,1472176800.0,579.0,38.7,292.0,47600.0,290.0,285200.0,24835000000.0,24835000000.0,2190447000.0,599600.0,0.0,,0.0,0.0,0.0
2024-08-05,290.0,0.0,0.0,304.0,278.0,284.0,-6.0,23974700.0,7047035600.0,1327.0,37.9,286.0,3000.0,284.0,8300.0,24835000000.0,24835000000.0,2190447000.0,386100.0,836300.0,,0.0,0.0,0.0
2024-08-06,284.0,0.0,0.0,294.0,282.0,290.0,6.0,4938000.0,1434752800.0,463.0,38.7,290.0,22200.0,288.0,395600.0,24835000000.0,24835000000.0,2190447000.0,395400.0,309600.0,,0.0,0.0,0.0
2024-08-07,290.0,0.0,0.0,296.0,286.0,294.0,4.0,2305200.0,671213200.0,283.0,39.2,294.0,364000.0,292.0,31300.0,24835000000.0,24835000000.0,2190447000.0,232800.0,423300.0,,0.0,0.0,0.0
2024-08-08,294.0,0.0,0.0,306.0,290.0,298.0,4.0,9725500.0,2900024000.0,1145.0,39.7,298.0,98200.0,296.0,240800.0,24835000000.0,24835000000.0,2190447000.0,184100.0,384300.0,,0.0,0.0,0.0
2024-08-09,298.0,0.0,0.0,306.0,294.0,296.0,-2.0,4466200.0,1338488800.0,621.0,39.5,298.0,23000.0,296.0,329900.0,24835000000.0,24835000000.0,2190447000.0,77000.0,182900.0,,0.0,0.0,0.0
2024-08-12,296.0,0.0,0.0,300.0,292.0,298.0,2.0,3507500.0,1031832800.0,332.0,39.7,298.0,89100.0,296.0,78500.0,24835000000.0,24835000000.0,2190447000.0,29800.0,354800.0,,0.0,0.0,0.0
2024-08-13,298.0,0.0,0.0,302.0,290.0,294.0,-4.0,3051000.0,896251000.0,456.0,39.2,294.0,95800.0,292.0,20500.0,24835000000.0,24835000000.0,2190447000.0,23600.0,140600.0,,0.0,0.0,0.0
2024-08-14,294.0,0.0,0.0,296.0,288.0,292.0,-2.0,2369200.0,689746600.0,306.0,38.9,292.0,88700.0,290.0,732900.0,24835000000.0,24835000000.0,2190447000.0,113600.0,88300.0,,0.0,0.0,0.0
2024-08-15,292.0,0.0,0.0,292.0,288.0,292.0,0.0,1890200.0,547649200.0,261.0,38.9,292.0,88000.0,288.0,455900.0,24835000000.0,24835000000.0,2190447000.0,69100.0,291800.0,,0.0,0.0,0.0
2024-08-16,292.0,0.0,0.0,296.0,286.0,292.0,0.0,2895900.0,847384800.0,280.0,38.9,294.0,204400.0,292.0,17500.0,24835000000.0,24835000000.0,2190447000.0,105800.0,144800.0,,0.0,0.0,0.0
2024-08-19,292.0,0.0,0.0,318.0,292.0,308.0,16.0,29771500.0,9151669200.0,3080.0,41.1,308.0,78600.0,306.0,130500.0,24835000000.0,24835000000.0,2190447000.0,616400.0,744900.0,,0.0,0.0,0.0
2024-08-20,308.0,0.0,0.0,312.0,300.0,306.0,-2.0,8573600.0,2607157800.0,1063.0,40.8,306.0,344400.0,304.0,12000.0,24835000000.0,24835000000.0,2190447000.0,998300.0,0.0,,0.0,0.0,0.0
2024-08-21,306.0,0.0,0.0,308.0,302.0,302.0,-4.0,4065800.0,1231158600.0,414.0,40.3,302.0,190400.0,300.0,488900.0,24835000000.0,24835000000.0,2190447000.0,295500.0,5100.0,,0.0,0.0,0.0
2024-08-22,302.0,0.0,0.0,304.0,290.0,294.0,-8.0,3217900.0,951639000.0,589.0,39.2,294.0,25200.0,292.0,209600.0,24835000000.0,24835000000.0,2190447000.0,304700.0,153400.0,,0.0,0.0,0.0
2024-08-23,294.0,0.0,0.0,298.0,292.0,296.0,2.0,4105900.0,1207451000.0,400.0,39.5,298.0,130200.0,296.0,8400.0,24835000000.0,24835000000.0,2190447000.0,182700.0,255200.0,,0.0,0.0,0.0
2024-08-26,296.0,0.0,0.0,300.0,292.0,294.0,-2.0,3467400.0,1026002000.0,400.0,39.2,296.0,59300.0,294.0,161300.0,24835000000.0,24835000000.0,2190447000.0,34500.0,209100.0,,0.0,0.0,0.0
2024-08-27,294.0,0.0,0.0,304.0,292.0,300.0,6.0,4335400.0,1298252400.0,463.0,40.0,302.0,48600.0,300.0,15900.0,24835000000.0,24835000000.0,2190447000.0,5700.0,33800.0,,0.0,0.0,0.0
2024-08-28,300.0,0.0,0.0,306.0,292.0,294.0,-6.0,5278600.0,1573209200.0,868.0,39.2,296.0,45200.0,294.0,163600.0,24835000000.0,24835000000.0,2190447000.0,346200.0,438600.0,,0.0,0.0,0.0
2024-08-29,294.0,0.0,0.0,298.0,288.0,290.0,-4.0,7950900.0,2315663400.0,590.0,38.7,292.0,297900.0,290.0,481300.0,24835000000.0,24835000000.0,2190447000.0,5300.0,413400.0,,0.0,0.0,0.0
2024-08-30,290.0,0.0,0.0,296.0,290.0,290.0,0.0,1780700.0,519819600.0,272.0,38.7,294.0,87800.0,290.0,459000.0,24835000000.0,24835000000.0,2190447000.0,38300.0,3500.0,,0.0,0.0,0.0
2024-09-02,290.0,0.0,0.0,294.0,288.0,292.0,2.0,1920700.0,559963200.0,277.0,38.9,292.0,1213300.0,290.0,1759100.0,24835000000.0,24835000000.0,2190447000.0,194000.0,2800.0,,0.0,0.0,0.0
2024-09-03,292.0,0.0,0.0,294.0,282.0,284.0,-8.0,7573400.0,2173857800.0,532.0,37.9,286.0,1000.0,284.0,234000.0,24835000000.0,24835000000.0,2190447000.0,772800.0,45500.0,,0.0,0.0,0.0
2024-09-04,284.0,0.0,0.0,286.0,268.0,276.0,-8.0,5022900.0,1401273200.0,592.0,36.8,278.0,36500.0,276.0,73100.0,24835000000.0,24835000000.0,2190447000.0,504700.0,0.0,,887600.0,235214000.0,1.0
2024-09-05,276.0,0.0,0.0,288.0,274.0,280.0,4.0,3855100.0,1072235600.0,434.0,37.3,280.0,63400.0,278.0,369500.0,24835000000.0,24835000000.0,2190447000.0,3001100.0,120800.0,,200.0,55500.0,3.0
2024-09-06,280.0,0.0,0.0,290.0,280.0,284.0,4.0,1466900.0,414832800.0,228.0,37.9,284.0,20300.0,282.0,55500.0,24835000000.0,24835000000.0,2190447000.0,139000.0,4300.0,,0.0,0.0,0.0
2024-09-09,284.0,0.0,0.0,286.0,278.0,284.0,0.0,1468300.0,413603400.0,214.0,37.9,284.0,430900.0,280.0,265200.0,24835000000.0,24835000000.0,2190447000.0,162200.0,0.0,,0.0,0.0,0.0
2024-09-10,284.0,0.0,0.0,302.0,280.0,292.0,8.0,18457800.0,5441448200.0,1678.0,38.9,294.0,43800.0,292.0,10900.0,24835000000.0,24835000000.0,2190447000.0,1082600.0,1167900.0,,0.0,0.0,0.0
2024-09-11,292.0,0.0,0.0,298.0,284.0,286.0,-6.0,5084700.0,1467065400.0,673.0,38.1,288.0,2300.0,286.0,81000.0,24835000000.0,24835000000.0,2190447000.0,327900.0,188600.0,,0.0,0.0,0.0
2024-09-12,286.0,0.0,0.0,290.0,284.0,284.0,-2.0,1524200.0,436093400.0,332.0,37.9,288.0,107000.0,284.0,83400.0,24835000000.0,24835000000.0,2190447000.0,0.0,0.0,,0.0,0.0,0.0
2024-09-13,284.0,0.0,0.0,292.0,284.0,284.0,0.0,1948400.0,560320400.0,450.0,37.9,286.0,166200.0,284.0,214000.0,24835000000.0,24835000000.0,2190447000.0,73600.0,0.0,,0.0,0.0,0.0
2024-09-17,284.0,0.0,0.0,292.0,284.0,286.0,2.0,6355000.0,1820473200.0,658.0,38.1,288.0,82500.0,286.0,98200.0,24835000000.0,24835000000.0,2190447000.0,0.0,278700.0,,0.0,0.0,0.0
2024-09-18,286.0,0.0,0.0,290.0,284.0,286.0,0.0,1913600.0,545757800.0,366.0,38.1,288.0,307900.0,286.0,229900.0,24835000000.0,24835000000.0,2190447000.0,46500.0,0.0,,0.0,0.0,0.0
2024-09-19,286.0,0.0,0.0,288.0,278.0,284.0,-2.0,4853900.0,1373719000.0,463.0,37.9,286.0,239300.0,284.0,21200.0,24835000000.0,24835000000.0,2190447000.0,212700.0,30000.0,,0.0,0.0,0.0
2024-09-20,284.0,0.0,0.0,286.0,280.0,284.0,0.0,2726100.0,767132400.0,433.0,37.9,284.0,78700.0,282.0,700.0,24835000000.0,24835000000.0,2190447000.0,265400.0,180000.0,,0.0,0.0,0.0
2024-09-23,284.0,0.0,0.0,290.0,282.0,288.0,4.0,3123300.0,893052400.0,413.0,38.4,290.0,703200.0,288.0,322600.0,24835000000.0,24835000000.0,2190447000.0,3500.0,208200.0,,0.0,0.0,0.0
2024-09-24,288.0,0.0,0.0,292.0,284.0,284.0,-4.0,3366000.0,963366000.0,369.0,37.9,288.0,296300.0,284.0,154000.0,24835000000.0,24835000000.0,2190447000.0,46600.0,0.0,,0.0,0.0,0.0
2024-09-25,284.0,0.0,0.0,298.0,286.0,292.0,8.0,7305400.0,2134731400.0,703.0,38.9,292.0,186900.0,290.0,395200.0,24835000000.0,24835000000.0,2190447000.0,81500.0,331300.0,,0.0,0.0,0.0
2024-09-26,292.0,0.0,0.0,310.0,288.0,300.0,8.0,11770900.0,3519504200.0,1070.0,40.0,300.0,125600.0,298.0,520000.0,24835000000.0,24835000000.0,2190447000.0,573700.0,671600.0,,0.0,0.0,0.0
2024-09-27,300.0,0.0,0.0,308.0,296.0,298.0,-2.0,9078000.0,2733155200.0,1201.0,39.7,298.0,77500.0,296.0,49900.0,24835000000.0,24835000000.0,2190447000.0,166700.0,75900.0,,0.0,0.0,0.0
2024-09-30,298.0,0.0,0.0,302.0,288.0,292.0,-6.0,7872500.0,2313283200.0,820.0,38.9,294.0,15500.0,292.0,671600.0,24835000000.0,24835000000.0,2190447000.0,580400.0,0.0,,0.0,0.0,0.0
2024-10-01,292.0,0.0,0.0,298.0,288.0,292.0,0.0,3972200.0,1155382000.0,520.0,38.9,292.0,223600.0,290.0,151100.0,24835000000.0,24835000000.0,2190447000.0,34500.0,300.0,,0.0,0.0,0.0
2024-10-02,292.0,0.0,0.0,304.0,290.0,292.0,0.0,12273800.0,3640436200.0,1099.0,38.9,292.0,26500.0,290.0,270500.0,24835000000.0,24835000000.0,2190447000.0,312600.0,496100.0,,0.0,0.0,0.0
2024-10-03,292.0,0.0,0.0,302.0,292.0,294.0,2.0,4963400.0,1472303400.0,566.0,39.2,296.0,464300.0,294.0,458000.0,24835000000.0,24835000000.0,2190447000.0,351100.0,206500.0,,0.0,0.0,0.0
2024-10-04,294.0,0.0,0.0,304.0,292.0,296.0,2.0,7948300.0,2372663200.0,664.0,39.5,298.0,114700.0,296.0,198600.0,24835000000.0,24835000000.0,2190447000.0,640500.0,137000.0,,0.0,0.0,0.0
2024-10-07,296.0,0.0,0.0,300.0,296.0,298.0,2.0,1931900.0,573508200.0,333.0,39.7,298.0,260300.0,296.0,15400.0,24835000000.0,24835000000.0,2190447000.0,13100.0,446200.0,,0.0,0.0,0.0
2024-10-08,298.0,0.0,0.0,300.0,292.0,292.0,-6.0,2659000.0,779218400.0,353.0,38.9,294.0,417100.0,292.0,509800.0,24835000000.0,24835000000.0,2190447000.0,193600.0,7500.0,,0.0,0.0,0.0
2024-10-09,292.0,0.0,0.0,294.0,288.0,290.0,-2.0,2725400.0,791248200.0,291.0,38.7,292.0,447800.0,290.0,330000.0,24835000000.0,24835000000.0,2190447000.0,5500.0,250000.0,,0.0,0.0,0.0
2024-10-10,290.0,0.0,0.0,292.0,288.0,288.0,-2.0,1428000.0,413503600.0,201.0,38.4,290.0,23700.0,288.0,537000.0,24835000000.0,24835000000.0,2190447000.0,2100.0,5400.0,,1700000.0,494700000.0,1.0
2024-10-11,288.0,0.0,0.0,294.0,286.0,292.0,4.0,2714300.0,787018800.0,265.0,38.9,292.0,380100.0,290.0,601200.0,24835000000.0,24835000000.0,2190447000.0,39700.0,246200.0,,0.0,0.0,0.0
2024-10-14,292.0,0.0,0.0,298.0,290.0,296.0,4.0,3323500.0,980117000.0,236.0,39.5,298.0,498500.0,296.0,277100.0,24835000000.0,24835000000.0,2190447000.0,459600.0,619200.0,,300000.0,65700000.0,1.0
2024-10-15,296.0,0.0,0.0,306.0,296.0,298.0,2.0,8079100.0,2435705600.0,848.0,39.7,300.0,1138200.0,298.0,253200.0,24835000000.0,24835000000.0,2190447000.0,290500.0,696600.0,,0.0,0.0,0.0
2024-10-16,298.0,0.0,0.0,304.0,296.0,298.0,0.0,5329200.0,1592592200.0,433.0,39.7,298.0,820700.0,296.0,500100.0,24835000000.0,24835000000.0,2190447000.0,862500.0,500000.0,,0.0,0.0,0.0
2024-10-17,298.0,0.0,0.0,316.0,294.0,312.0,14.0,20656100.0,6342749600.0,1674.0,41.6,312.0,1007400.0,310.0,524300.0,24835000000.0,24835000000.0,2190447000.0,1750500.0,1216800.0,,0.0,0.0,0.0
2024-10-18,312.0,0.0,0.0,330.0,308.0,308.0,-4.0,53738700.0,17139669400.0,4275.0,41.1,308.0,725800.0,306.0,417900.0,24835000000.0,24835000000.0,2190447000.0,6381100.0,1904300.0,,0.0,0.0,0.0
2024-10-21,308.0,0.0,0.0,326.0,308.0,316.0,8.0,19882800.0,6320917400.0,2108.0,42.1,318.0,498300.0,316.0,30400.0,24835000000.0,24835000000.0,2190447000.0,1430900.0,531500.0,,0.0,0.0,0.0
2024-10-22,316.0,0.0,0.0,318.0,300.0,306.0,-10.0,12778600.0,3909232800.0,1529.0,40.8,308.0,364700.0,306.0,88000.0,24835000000.0,24835000000.0,2190447000.0,1358700.0,752700.0,,0.0,0.0,0.0
2024-10-23,306.0,0.0,0.0,314.0,304.0,310.0,4.0,13839500.0,4264379600.0,797.0,41.3,312.0,466100.0,310.0,800.0,24835000000.0,24835000000.0,2190447000.0,958800.0,1034000.0,,0.0,0.0,0.0
2024-10-24,310.0,0.0,0.0,310.0,304.0,304.0,-6.0,7601300.0,2326074000.0,629.0,40.5,306.0,100000.0,304.0,221400.0,24835000000.0,24835000000.0,2190447000.0,587300.0,49800.0,,0.0,0.0,0.0
2024-10-25,304.0,0.0,0.0,310.0,296.0,298.0,-6.0,9653300.0,2911492400.0,657.0,39.7,298.0,127600.0,296.0,918300.0,24835000000.0,24835000000.0,2190447000.0,1182900.0,657800.0,,0.0,0.0,0.0
2024-10-28,298.0,0.0,0.0,314.0,296.0,300.0,2.0,5958300.0,1787752200.0,579.0,40.0,300.0,135000.0,298.0,787900.0,24835000000.0,24835000000.0,2190447000.0,812100.0,477100.0,,0.0,0.0,0.0
2024-10-29,300.0,0.0,0.0,304.0,290.0,294.0,-6.0,11868800.0,3500507400.0,924.0,39.2,294.0,303200.0,292.0,227400.0,24835000000.0,24835000000.0,2190447000.0,1076500.0,996600.0,,0.0,0.0,0.0
2024-10-30,294.0,0.0,0.0,306.0,292.0,296.0,2.0,4814900.0,1429329800.0,671.0,39.5,298.0,208300.0,296.0,29700.0,24835000000.0,24835000000.0,2190447000.0,957300.0,138900.0,,0.0,0.0,0.0
2024-10-31,296.0,0.0,0.0,300.0,284.0,284.0,-12.0,10862700.0,3145283400.0,1079.0,37.9,284.0,293000.0,282.0,612600.0,24835000000.0,24835000000.0,2190447000.0,1158600.0,610900.0,,0.0,0.0,0.0
2024-11-01,284.0,0.0,0.0,288.0,278.0,280.0,-4.0,7567200.0,2126970800.0,749.0,37.3,282.0,361500.0,280.0,136000.0,24835000000.0,24835000000.0,2190447000.0,1105200.0,646600.0,,0.0,0.0,0.0
2024-11-04,280.0,0.0,0.0,284.0,264.0,284.0,4.0,5961600.0,1648682400.0,838.0,37.9,284.0,81700.0,282.0,1000.0,24835000000.0,24835000000.0,2190447000.0,531300.0,510100.0,,0.0,0.0,0.0
2024-11-05,284.0,0.0,0.0,288.0,278.0,282.0,-2.0,1776100.0,502378800.0,384.0,37.6,284.0,7200.0,282.0,142200.0,24835000000.0,24835000000.0,2190447000.0,375000.0,89000.0,,0.0,0.0,0.0
2024-11-06,282.0,0.0,0.0,292.0,270.0,284.0,2.0,4648400.0,1302379000.0,659.0,37.9,286.0,209200.0,284.0,900.0,24835000000.0,24835000000.0,2190447000.0,685600.0,366400.0,,0.0,0.0,0.0
2024-11-07,284.0,0.0,0.0,282.0,270.0,274.0,-10.0,2039900.0,560306800.0,473.0,36.5,276.0,6000.0,274.0,28700.0,24835000000.0,24835000000.0,2190447000.0,293400.0,304000.0,,0.0,0.0,0.0
2024-11-08,274.0,0.0,0.0,290.0,274.0,284.0,10.0,4590300.0,1280349400.0,355.0,37.9,284.0,138400.0,276.0,110300.0,24835000000.0,24835000000.0,2190447000.0,387700.0,0.0,,0.0,0.0,0.0
2024-11-11,284.0,0.0,0.0,284.0,268.0,270.0,-14.0,4833700.0,1314334200.0,629.0,36.0,272.0,37200.0,270.0,70800.0,24835000000.0,24835000000.0,2190447000.0,487300.0,405900.0,,0.0,0.0,0.0
2024-11-12,270.0,0.0,0.0,274.0,264.0,268.0,-2.0,3170300.0,847098400.0,495.0,35.7,268.0,44600.0,266.0,18400.0,24835000000.0,24835000000.0,2190447000.0,233800.0,108400.0,,0.0,0.0,0.0
2024-11-13,268.0,0.0,0.0,280.0,252.0,278.0,10.0,3308700.0,895809400.0,440.0,37.1,278.0,11200.0,276.0,3000.0,24835000000.0,24835000000.0,2190447000.0,190800.0,233000.0,,0.0,0.0,0.0
2024-11-14,278.0,0.0,0.0,278.0,264.0,266.0,-12.0,2041900.0,548527200.0,304.0,35.5,268.0,30000.0,266.0,52100.0,24835000000.0,24835000000.0,2190447000.0,17700.0,119300.0,,0.0,0.0,0.0
2024-11-15,266.0,0.0,0.0,268.0,258.0,262.0,-4.0,1663600.0,435435000.0,333.0,34.9,264.0,605400.0,262.0,29000.0,24835000000.0,24835000000.0,2190447000.0,205600.0,223700.0,,0.0,0.0,0.0
2024-11-18,262.0,0.0,0.0,280.0,256.0,270.0,8.0,5659600.0,1484413800.0,311.0,36.0,270.0,1330400.0,268.0,157400.0,24835000000.0,24835000000.0,2190447000.0,55400.0,51700.0,,0.0,0.0,0.0
2024-11-19,270.0,0.0,0.0,270.0,258.0,268.0,-2.0,2939300.0,779712800.0,306.0,35.7,268.0,116200.0,264.0,204400.0,24835000000.0,24835000000.0,2190447000.0,205400.0,320700.0,,0.0,0.0,0.0
2024-11-20,268.0,0.0,0.0,280.0,264.0,268.0,0.0,1842200.0,495742400.0,257.0,35.7,268.0,199800.0,266.0,20000.0,24835000000.0,24835000000.0,2190447000.0,290900.0,175400.0,,0.0,0.0,0.0
2024-11-21,268.0,0.0,0.0,290.0,264.0,268.0,0.0,1720300.0,469880200.0,165.0,35.7,270.0,422100.0,266.0,207000.0,24835000000.0,24835000000.0,2190447000.0,122200.0,15500.0,,0.0,0.0,0.0
2024-11-22,268.0,0.0,0.0,272.0,264.0,264.0,-4.0,2244200.0,600212600.0,143.0,35.2,268.0,1400.0,264.0,726700.0,24835000000.0,24835000000.0,2190447000.0,0.0,700400.0,,0.0,0.0,0.0
2024-11-25,264.0,0.0,0.0,274.0,262.0,266.0,2.0,2126900.0,562418200.0,253.0,35.5,266.0,10000.0,264.0,115800.0,24835000000.0,24835000000.0,2190447000.0,0.0,59800.0,,0.0,0.0,0.0
2024-11-26,266.0,0.0,0.0,266.0,258.0,266.0,0.0,2772800.0,727930000.0,407.0,35.5,268.0,329400.0,264.0,300.0,24835000000.0,24835000000.0,2190447000.0,363800.0,0.0,,0.0,0.0,0.0
2024-11-28,266.0,0.0,0.0,268.0,258.0,260.0,-6.0,2409700.0,628156400.0,208.0,34.7,262.0,92200.0,260.0,110900.0,24835000000.0,24835000000.0,2190447000.0,69900.0,13300.0,,0.0,0.0,0.0
2024-11-29,260.0,0.0,0.0,272.0,258.0,266.0,6.0,3934000.0,1023086800.0,176.0,35.5,266.0,178300.0,264.0,4500.0,24835000000.0,24835000000.0,2190447000.0,15500.0,159900.0,,18510000.0,4812600000.0,1.0
2024-12-02,266.0,0.0,0.0,266.0,256.0,266.0,0.0,3365800.0,876379800.0,267.0,35.5,266.0,98100.0,264.0,50000.0,24835000000.0,24835000000.0,2190447000.0,114000.0,348000.0,,0.0,0.0,0.0
2024-12-03,266.0,0.0,0.0,272.0,258.0,260.0,-6.0,1524100.0,394822200.0,224.0,34.7,262.0,113400.0,258.0,203300.0,24835000000.0,24835000000.0,2190447000.0,2900.0,94100.0,,0.0,0.0,0.0
2024-12-04,260.0,0.0,0.0,272.0,258.0,266.0,6.0,5743600.0,1511667600.0,342.0,35.5,268.0,62600.0,266.0,121300.0,24835000000.0,24835000000.0,2190447000.0,1926000.0,223900.0,,0.0,0.0,0.0
2024-12-05,266.0,0.0,0.0,268.0,258.0,258.0,-8.0,2236800.0,579741600.0,303.0,34.4,260.0,21000.0,258.0,207800.0,24835000000.0,24835000000.0,2190447000.0,1300000.0,0.0,,10.0,2580.0,1.0
2024-12-06,258.0,0.0,0.0,268.0,258.0,266.0,8.0,1594900.0,417084200.0,153.0,35.5,266.0,278200.0,260.0,126100.0,24835000000.0,24835000000.0,2190447000.0,0.0,0.0,,0.0,0.0,0.0
2024-12-09,266.0,266.0,266.0,266.0,262.0,262.0,-4.0,864200.0,227716600.0,112.0,34.9,264.0,41600.0,262.0,370800.0,24835000000.0,24835000000.0,2190447000.0,0.0,43700.0,,0.0,0.0,0.0
2024-12-10,262.0,264.0,266.0,274.0,264.0,270.0,8.0,2350600.0,633805400.0,436.0,36.0,272.0,59400.0,270.0,196700.0,24835000000.0,24835000000.0,2190447000.0,0.0,74600.0,,0.0,0.0,0.0
2024-12-11,270.0,274.0,274.0,276.0,260.0,266.0,-4.0,2887500.0,763942600.0,347.0,35.5,266.0,234900.0,264.0,203200.0,24835000000.0,24835000000.0,2190447000.0,94000.0,241400.0,,0.0,0.0,0.0
2024-12-12,266.0,266.0,268.0,268.0,264.0,264.0,-2.0,751800.0,199662400.0,100.0,35.2,266.0,176100.0,264.0,239200.0,24835000000.0,24835000000.0,2190447000.0,105000.0,0.0,,0.0,0.0,0.0
2024-12-13,264.0,264.0,262.0,266.0,262.0,266.0,2.0,464800.0,122028400.0,111.0,35.5,266.0,154400.0,264.0,26400.0,24835000000.0,24835000000.0,2190447000.0,0.0,6000.0,,111671000.0,29034460000.0,1.0
2024-12-16,266.0,266.0,266.0,268.0,258.0,260.0,-6.0,2245500.0,586317200.0,160.0,34.7,262.0,356100.0,260.0,34000.0,24835000000.0,24835000000.0,2190447000.0,223000.0,0.0,,0.0,0.0,0.0
2024-12-17,260.0,260.0,262.0,264.0,256.0,258.0,-2.0,818700.0,211014800.0,180.0,34.4,258.0,4900.0,256.0,174500.0,24835000000.0,24835000000.0,2190447000.0,154800.0,0.0,,0.0,0.0,0.0
2024-12-18,258.0,258.0,260.0,260.0,250.0,256.0,-2.0,2789200.0,712104000.0,302.0,34.1,256.0,29800.0,254.0,18000.0,24835000000.0,24835000000.0,2190447000.0,68200.0,15600.0,,0.0,0.0,0.0
2024-12-19,256.0,256.0,254.0,256.0,240.0,248.0,-8.0,2459900.0,601532800.0,385.0,33.1,248.0,463300.0,246.0,3000.0,24835000000.0,24835000000.0,2190447000.0,40300.0,90900.0,,0.0,0.0,0.0
2024-12-20,248.0,250.0,250.0,254.0,242.0,244.0,-4.0,2665300.0,653009000.0,260.0,32.5,250.0,11300.0,244.0,115400.0,24835000000.0,24835000000.0,2190447000.0,81800.0,0.0,,0.0,0.0,0.0
2024-12-23,244.0,0.0,0.0,250.0,242.0,244.0,0.0,531400.0,130353000.0,136.0,32.5,244.0,21900.0,242.0,31600.0,24835000000.0,24835000000.0,2190447000.0,69200.0,36000.0,,0.0,0.0,0.0
2024-12-24,244.0,244.0,242.0,246.0,240.0,242.0,-2.0,711400.0,172068400.0,139.0,32.3,242.0,153900.0,240.0,273000.0,24835000000.0,24835000000.0,2190447000.0,107700.0,112100.0,,0.0,0.0,0.0
2024-12-27,242.0,240.0,242.0,248.0,240.0,246.0,4.0,240100.0,58628600.0,119.0,32.8,246.0,104400.0,242.0,108800.0,24835000000.0,24835000000.0,2190447000.0,0.0,48700.0,,0.0,0.0,0.0
2024-12-30,246.0,242.0,244.0,248.0,240.0,248.0,2.0,1575400.0,381017600.0,181.0,33.1,250.0,35300.0,246.0,76400.0,24835000000.0,24835000000.0,2190447000.0,0.0,194900.0,,0.0,0.0,0.0
2025-01-02,248.0,250.0,250.0,250.0,240.0,244.0,-4.0,830600.0,203399600.0,135.0,32.5,246.0,43900.0,244.0,132700.0,24835000000.0,24835000000.0,2190447000.0,0.0,70300.0,,0.0,0.0,0.0
2025-01-03,244.0,0.0,0.0,254.0,246.0,248.0,4.0,2642900.0,660768600.0,215.0,33.1,248.0,151300.0,246.0,112200.0,24835000000.0,24835000000.0,2190447000.0,54400.0,386600.0,,0.0,0.0,0.0
2025-01-06,248.0,248.0,248.0,248.0,242.0,242.0,-6.0,316800.0,77543600.0,130.0,32.3,246.0,3400.0,242.0,50200.0,24835000000.0,24835000000.0,2190447000.0,0.0,0.0,,12500.0,3100000.0,1.0
2025-01-07,242.0,244.0,246.0,246.0,240.0,244.0,2.0,449200.0,109065800.0,121.0,32.5,244.0,138500.0,240.0,155300.0,24835000000.0,24835000000.0,2190447000.0,0.0,6500.0,,0.0,0.0,0.0
2025-01-08,244.0,244.0,244.0,248.0,240.0,242.0,-2.0,649300.0,156416800.0,174.0,32.3,242.0,74000.0,240.0,1070500.0,24835000000.0,24835000000.0,2190447000.0,60800.0,0.0,,0.0,0.0,0.0
2025-01-09,242.0,244.0,246.0,246.0,240.0,242.0,0.0,472200.0,114140400.0,106.0,32.3,242.0,2900.0,240.0,195000.0,24835000000.0,24835000000.0,2190447000.0,85500.0,0.0,,0.0,0.0,0.0
2025-01-10,242.0,0.0,0.0,252.0,240.0,248.0,6.0,1054300.0,261225400.0,172.0,33.1,250.0,8900.0,248.0,100200.0,24835000000.0,24835000000.0,2190447000.0,0.0,0.0,,0.0,0.0,0.0
2025-01-13,248.0,248.0,248.0,276.0,242.0,248.0,0.0,6808200.0,1777169400.0,1132.0,33.1,250.0,100.0,248.0,42300.0,24835000000.0,24835000000.0,2190447000.0,764200.0,254900.0,,0.0,0.0,0.0
2025-01-14,248.0,250.0,250.0,254.0,248.0,250.0,2.0,1593500.0,400656800.0,211.0,33.3,252.0,900.0,250.0,111400.0,24835000000.0,24835000000.0,2190447000.0,13400.0,0.0,,0.0,0.0,0.0
2025-01-15,250.0,0.0,0.0,252.0,240.0,250.0,0.0,2898800.0,714478600.0,308.0,33.3,250.0,25000.0,248.0,122700.0,24835000000.0,24835000000.0,2190447000.0,4300.0,106200.0,,0.0,0.0,0.0
2025-01-16,250.0,250.0,252.0,252.0,244.0,244.0,-6.0,1082100.0,266878800.0,154.0,32.5,248.0,245600.0,244.0,236700.0,24835000000.0,24835000000.0,2190447000.0,0.0,0.0,,0.0,0.0,0.0
2025-01-17,244.0,0.0,0.0,248.0,244.0,246.0,2.0,447800.0,109860600.0,105.0,32.8,248.0,48100.0,246.0,63200.0,24835000000.0,24835000000.0,2190447000.0,0.0,0.0,,0.0,0.0,0.0
2025-01-20,246.0,246.0,246.0,248.0,242.0,246.0,0.0,1031000.0,251733600.0,131.0,32.8,246.0,63800.0,244.0,251500.0,24835000000.0,24835000000.0,2190447000.0,0.0,187500.0,,0.0,0.0,0.0
2025-01-21,246.0,246.0,248.0,250.0,244.0,248.0,2.0,877600.0,216294200.0,136.0,33.1,248.0,105100.0,246.0,189100.0,24835000000.0,24835000000.0,2190447000.0,0.0,46800.0,,0.0,0.0,0.0
2025-01-22,248.0,248.0,248.0,254.0,246.0,248.0,0.0,1950500.0,487613200.0,175.0,33.1,250.0,13600.0,248.0,199200.0,24835000000.0,24835000000.0,2190447000.0,0.0,262000.0,,0.0,0.0,0.0
2025-01-23,248.0,250.0,250.0,256.0,248.0,252.0,4.0,1054300.0,265349400.0,200.0,33.6,252.0,10200.0,250.0,115000.0,24835000000.0,24835000000.0,2190447000.0,6700.0,0.0,,0.0,0.0,0.0
2025-01-24,252.0,252.0,254.0,258.0,252.0,254.0,2.0,538400.0,136863200.0,129.0,33.9,256.0,45500.0,254.0,835500.0,24835000000.0,24835000000.0,2190447000.0,78200.0,0.0,,0.0,0.0,0.0
2025-01-30,254.0,254.0,254.0,264.0,250.0,254.0,0.0,2945900.0,757207200.0,325.0,33.9,256.0,103500.0,252.0,125000.0,24835000000.0,24835000000.0,2190447000.0,0.0,336600.0,,0.0,0.0,0.0
2025-01-31,254.0,258.0,260.0,274.0,256.0,258.0,4.0,6199600.0,1625364600.0,605.0,34.4,260.0,88500.0,258.0,161600.0,24835000000.0,24835000000.0,2190447000.0,192600.0,54300.0,,0.0,0.0,0.0
2025-02-03,258.0,260.0,260.0,268.0,254.0,264.0,6.0,4108400.0,1071623400.0,313.0,35.2,264.0,213400.0,262.0,170000.0,24835000000.0,24835000000.0,2190447000.0,122000.0,147800.0,,0.0,0.0,0.0
2025-02-04,264.0,266.0,268.0,278.0,264.0,278.0,14.0,10865600.0,2967362000.0,1149.0,37.1,278.0,46000.0,276.0,818000.0,24835000000.0,24835000000.0,2190447000.0,338000.0,707800.0,,0.0,0.0,0.0
2025-02-05,278.0,282.0,282.0,284.0,272.0,278.0,0.0,8144800.0,2271985800.0,944.0,37.1,280.0,75800.0,278.0,128500.0,24835000000.0,24835000000.0,2190447000.0,39000.0,40400.0,,0.0,0.0,0.0
2025-02-06,278.0,280.0,280.0,280.0,260.0,266.0,-12.0,4767700.0,1278288800.0,599.0,35.5,268.0,2300.0,266.0,45900.0,24835000000.0,24835000000.0,2190447000.0,49500.0,0.0,,0.0,0.0,0.0
2025-02-07,266.0,268.0,266.0,268.0,258.0,260.0,-6.0,2420800.0,631033000.0,271.0,34.7,262.0,43500.0,260.0,305800.0,24835000000.0,24835000000.0,2190447000.0,0.0,49500.0,,0.0,0.0,0.0
2025-02-10,260.0,272.0,272.0,272.0,258.0,262.0,2.0,2195600.0,577074400.0,233.0,34.9,262.0,16500.0,260.0,342900.0,24835000000.0,24835000000.0,2190447000.0,74800.0,3000.0,,0.0,0.0,0.0
2025-02-11,262.0,266.0,268.0,268.0,250.0,250.0,-12.0,5871600.0,1516505600.0,523.0,33.3,254.0,100.0,250.0,364400.0,24835000000.0,24835000000.0,2190447000.0,215900.0,0.0,,0.0,0.0,0.0
2025-02-12,250.0,252.0,254.0,260.0,252.0,256.0,6.0,1871000.0,478882800.0,249.0,34.1,258.0,78200.0,256.0,74700.0,24835000000.0,24835000000.0,2190447000.0,107700.0,56000.0,,0.0,0.0,0.0
2025-02-13,256.0,258.0,258.0,268.0,256.0,268.0,12.0,2677100.0,702193400.0,420.0,35.7,270.0,225300.0,268.0,2400.0,24835000000.0,24835000000.0,2190447000.0,0.0,168000.0,,0.0,0.0,0.0
2025-02-14,268.0,270.0,270.0,272.0,264.0,266.0,-2.0,3625200.0,972587600.0,330.0,35.5,270.0,1000.0,266.0,600.0,24835000000.0,24835000000.0,2190447000.0,0.0,0.0,,250700.0,69694600.0,1.0
2025-02-17,266.0,266.0,262.0,274.0,262.0,268.0,2.0,1415100.0,380441000.0,255.0,35.7,270.0,2500.0,268.0,15100.0,24835000000.0,24835000000.0,2190447000.0,0.0,69500.0,,144000.0,40032000.0,1.0
2025-02-18,268.0,270.0,272.0,272.0,264.0,272.0,4.0,1758600.0,472536000.0,193.0,36.3,272.0,270000.0,268.0,327900.0,24835000000.0,24835000000.0,2190447000.0,0.0,0.0,,0.0,0.0,0.0
2025-02-19,272.0,272.0,272.0,290.0,266.0,268.0,-4.0,21985900.0,6137698400.0,1901.0,35.7,270.0,302600.0,268.0,572300.0,24835000000.0,24835000000.0,2190447000.0,445000.0,0.0,,0.0,0.0,0.0
2025-02-20,268.0,272.0,272.0,282.0,270.0,280.0,12.0,8187900.0,2264760800.0,843.0,37.3,282.0,323300.0,280.0,194700.0,24835000000.0,24835000000.0,2190447000.0,197000.0,362500.0,,0.0,0.0,0.0
2025-02-21,280.0,278.0,278.0,280.0,266.0,268.0,-12.0,3056000.0,833723600.0,522.0,35.7,270.0,829000.0,268.0,49100.0,24835000000.0,24835000000.0,2190447000.0,30300.0,21100.0,,0.0,0.0,0.0
2025-02-24,268.0,270.0,270.0,272.0,264.0,270.0,2.0,1727300.0,462338800.0,294.0,36.0,272.0,105800.0,270.0,1036100.0,24835000000.0,24835000000.0,2190447000.0,4900.0,125000.0,,37223667.0,9008127414.0,1.0
2025-02-25,270.0,272.0,270.0,274.0,262.0,268.0,-2.0,3714300.0,997147600.0,416.0,35.7,270.0,347500.0,266.0,29600.0,24835000000.0,24835000000.0,2190447000.0,239400.0,0.0,,18518519.0,5000000130.0,1.0
2025-02-26,268.0,268.0,268.0,270.0,264.0,266.0,-2.0,2757700.0,736000600.0,277.0,35.5,268.0,9600.0,266.0,1400.0,24835000000.0,24835000000.0,2190447000.0,0.0,366900.0,,14925375.0,4000000500.0,1.0
2025-02-27,266.0,266.0,268.0,270.0,250.0,252.0,-14.0,4833900.0,1246163400.0,523.0,33.6,252.0,69600.0,250.0,346000.0,24835000000.0,24835000000.0,2190447000.0,450200.0,74100.0,,0.0,0.0,0.0
2025-02-28,252.0,254.0,254.0,256.0,242.0,246.0,-6.0,2064800.0,509862000.0,314.0,32.8,246.0,56200.0,244.0,211000.0,24835000000.0,24835000000.0,2190447000.0,73900.0,280000.0,,0.0,0.0,0.0
2025-03-03,246.0,246.0,248.0,256.0,246.0,252.0,6.0,1415200.0,356290000.0,216.0,33.6,254.0,4700.0,252.0,65900.0,24835000000.0,24835000000.0,2190447000.0,0.0,325000.0,,21323300.0,5409680800.0,3.0
2025-03-04,252.0,0.0,0.0,258.0,232.0,248.0,-4.0,1872200.0,464205200.0,266.0,33.1,248.0,4800.0,246.0,146600.0,24835000000.0,24835000000.0,2190447000.0,512900.0,174100.0,,15656200.0,4007987200.0,1.0
2025-03-05,248.0,250.0,250.0,256.0,246.0,252.0,4.0,2693200.0,680334000.0,250.0,33.6,252.0,386100.0,250.0,66600.0,24835000000.0,24835000000.0,2190447000.0,0.0,696400.0,,0.0,0.0,0.0
2025-03-06,252.0,0.0,0.0,260.0,252.0,254.0,2.0,1489900.0,381574400.0,262.0,33.9,254.0,16900.0,252.0,140800.0,24835000000.0,24835000000.0,2190447000.0,500000.0,213500.0,,0.0,0.0,0.0
2025-03-07,254.0,254.0,258.0,258.0,250.0,256.0,2.0,1421800.0,360375200.0,242.0,34.1,256.0,33000.0,254.0,2100.0,24835000000.0,24835000000.0,2190447000.0,0.0,417200.0,,19418600.0,5009998800.0,1.0
2025-03-10,256.0,256.0,258.0,260.0,250.0,250.0,-6.0,3141000.0,791674200.0,226.0,33.3,250.0,143500.0,248.0,41800.0,24835000000.0,24835000000.0,2190447000.0,121900.0,265700.0,,15505100.0,4000315800.0,1.0
2025-03-11,250.0,250.0,250.0,260.0,244.0,250.0,0.0,1221700.0,305069200.0,291.0,33.3,250.0,84800.0,248.0,18700.0,24835000000.0,24835000000.0,2190447000.0,137300.0,195300.0,,0.0,0.0,0.0
2025-03-12,250.0,0.0,0.0,256.0,248.0,252.0,2.0,457300.0,115205000.0,129.0,33.6,252.0,70700.0,250.0,98600.0,24835000000.0,24835000000.0,2190447000.0,97500.0,68500.0,,0.0,0.0,0.0
2025-03-13,252.0,252.0,252.0,258.0,248.0,252.0,0.0,1435100.0,362712000.0,212.0,33.6,252.0,9800.0,250.0,500.0,24835000000.0,24835000000.0,2190447000.0,114900.0,442000.0,,35468200.0,9008922800.0,1.0
2025-03-14,252.0,258.0,258.0,280.0,258.0,278.0,26.0,16693900.0,4545339600.0,1342.0,37.1,278.0,64800.0,276.0,500.0,24835000000.0,24835000000.0,2190447000.0,327400.0,556600.0,,0.0,0.0,0.0
2025-03-17,278.0,286.0,288.0,292.0,276.0,280.0,2.0,23086400.0,6549021800.0,2105.0,37.3,282.0,29900.0,280.0,107900.0,24835000000.0,24835000000.0,2190447000.0,1246800.0,420700.0,,0.0,0.0,0.0
2025-03-18,280.0,282.0,284.0,286.0,250.0,268.0,-12.0,10210400.0,2738206800.0,944.0,35.7,268.0,14200.0,266.0,100.0,24835000000.0,24835000000.0,2190447000.0,327100.0,824300.0,,0.0,0.0,0.0
2025-03-19,268.0,270.0,272.0,276.0,264.0,268.0,0.0,4313800.0,1169567000.0,429.0,35.7,270.0,102500.0,268.0,900.0,24835000000.0,24835000000.0,2190447000.0,0.0,0.0,,33332900.0,8999883000.0,2.0
2025-03-20,268.0,272.0,274.0,276.0,268.0,272.0,4.0,1765900.0,478085200.0,285.0,36.3,272.0,97400.0,268.0,199300.0,24835000000.0,24835000000.0,2190447000.0,0.0,50000.0,,0.0,0.0,0.0
2025-03-21,272.0,276.0,276.0,276.0,254.0,254.0,-18.0,4248500.0,1098024400.0,491.0,33.9,256.0,41400.0,254.0,3600.0,24835000000.0,24835000000.0,2190447000.0,26800.0,164700.0,,0.0,0.0,0.0
2025-03-24,254.0,256.0,260.0,260.0,244.0,254.0,0.0,3388600.0,846297200.0,401.0,33.9,254.0,133800.0,248.0,28300.0,24835000000.0,24835000000.0,2190447000.0,92000.0,505100.0,,0.0,0.0,0.0
2025-03-25,254.0,254.0,256.0,258.0,228.0,246.0,-8.0,2944400.0,719720200.0,369.0,32.8,248.0,39900.0,246.0,32300.0,24835000000.0,24835000000.0,2190447000.0,41800.0,230400.0,,35156300.0,9000012800.0,1.0
2025-03-26,246.0,248.0,250.0,268.0,248.0,256.0,10.0,2546200.0,656370400.0,262.0,34.1,256.0,233600.0,254.0,155200.0,24835000000.0,24835000000.0,2190447000.0,17300.0,200.0,,0.0,0.0,0.0
2025-03-27,256.0,0.0,0.0,258.0,252.0,256.0,0.0,1233500.0,313937400.0,155.0,34.1,256.0,142600.0,254.0,41400.0,24835000000.0,24835000000.0,2190447000.0,1600.0,11000.0,,0.0,0.0,0.0
2025-04-08,256.0,240.0,242.0,260.0,232.0,248.0,-8.0,7441000.0,1833510800.0,743.0,33.1,250.0,76600.0,248.0,24300.0,24835000000.0,24835000000.0,2190447000.0,181100.0,1230700.0,,0.0,0.0,0.0
2025-04-09,248.0,250.0,254.0,262.0,244.0,256.0,8.0,2953400.0,758208600.0,403.0,34.1,256.0,2000.0,254.0,247400.0,24835000000.0,24835000000.0,2190447000.0,94800.0,17200.0,,36129000.0,9035346000.0,2.0
2025-04-10,256.0,268.0,268.0,272.0,260.0,266.0,10.0,7870700.0,2095154600.0,601.0,35.5,266.0,196300.0,264.0,10000.0,24835000000.0,24835000000.0,2190447000.0,24100.0,96900.0,,0.0,0.0,0.0
2025-04-11,266.0,278.0,278.0,308.0,274.0,290.0,24.0,39872500.0,11783306000.0,4689.0,38.7,290.0,520900.0,288.0,56900.0,24835000000.0,24835000000.0,2190447000.0,2508700.0,3408500.0,,0.0,0.0,0.0
2025-04-14,290.0,298.0,298.0,306.0,296.0,300.0,10.0,21789000.0,6559137800.0,2151.0,40.0,302.0,100900.0,300.0,398600.0,24835000000.0,24835000000.0,2190447000.0,855900.0,2234200.0,,0.0,0.0,0.0
2025-04-15,300.0,300.0,302.0,306.0,294.0,296.0,-4.0,9074000.0,2717503800.0,1095.0,39.5,298.0,33300.0,296.0,154400.0,24835000000.0,24835000000.0,2190447000.0,787100.0,1105700.0,,30000000.0,9000000000.0,1.0
2025-04-16,296.0,302.0,302.0,318.0,298.0,310.0,14.0,28022300.0,8587461000.0,2189.0,41.3,312.0,1526700.0,310.0,516000.0,24835000000.0,24835000000.0,2190447000.0,1815100.0,2584300.0,,0.0,0.0,0.0
2025-04-17,310.0,312.0,314.0,330.0,312.0,320.0,10.0,39956200.0,12834319000.0,3771.0,42.7,322.0,119200.0,320.0,211500.0,24835000000.0,24835000000.0,2190447000.0,2506500.0,2409800.0,,0.0,0.0,0.0
2025-04-21,320.0,328.0,330.0,354.0,328.0,354.0,34.0,59833200.0,20586411200.0,5215.0,47.2,354.0,696200.0,352.0,205600.0,24835000000.0,24835000000.0,2190447000.0,7894400.0,8454300.0,,0.0,0.0,0.0
2025-04-22,354.0,362.0,364.0,370.0,348.0,348.0,-6.0,61072000.0,22040961600.0,6452.0,46.4,348.0,152900.0,346.0,398500.0,24835000000.0,24835000000.0,2190447000.0,3006800.0,1920200.0,,25000000.0,9000000000.0,1.0
2025-04-23,348.0,342.0,340.0,342.0,322.0,324.0,-24.0,26711500.0,8834096600.0,3130.0,43.2,326.0,27700.0,324.0,64700.0,24835000000.0,24835000000.0,2190447000.0,394500.0,2752200.0,,0.0,0.0,0.0
2025-04-24,324.0,328.0,330.0,336.0,318.0,326.0,2.0,17347400.0,5658962200.0,2011.0,43.5,328.0,119400.0,326.0,181000.0,24835000000.0,24835000000.0,2190447000.0,1995800.0,319500.0,,0.0,0.0,0.0
2025-04-25,326.0,326.0,328.0,332.0,320.0,322.0,-4.0,13275900.0,4310293000.0,1763.0,42.9,324.0,361300.0,322.0,285700.0,24835000000.0,24835000000.0,2190447000.0,728900.0,495400.0,,0.0,0.0,0.0
2025-04-28,322.0,320.0,320.0,322.0,310.0,316.0,-6.0,12316900.0,3883253000.0,1447.0,42.1,318.0,439500.0,316.0,197500.0,24835000000.0,24835000000.0,2190447000.0,326800.0,907300.0,,28125000.0,9000000000.0,1.0
2025-04-29,316.0,320.0,322.0,332.0,320.0,332.0,16.0,15319800.0,5006369200.0,1737.0,44.3,332.0,132600.0,330.0,261300.0,24835000000.0,24835000000.0,2190447000.0,445200.0,845700.0,,0.0,0.0,0.0
2025-04-30,332.0,334.0,334.0,338.0,324.0,328.0,-4.0,19974700.0,6619308600.0,1814.0,43.7,330.0,97900.0,328.0,585600.0,24835000000.0,24835000000.0,2190447000.0,1817700.0,2546100.0,,0.0,0.0,0.0
2025-05-02,328.0,332.0,334.0,346.0,328.0,336.0,8.0,28745300.0,9664658800.0,2131.0,44.8,338.0,181400.0,336.0,144900.0,24835000000.0,24835000000.0,2190447000.0,2299000.0,2370900.0,,0.0,0.0,0.0
2025-05-05,336.0,342.0,342.0,352.0,338.0,352.0,16.0,22822800.0,7907610400.0,1861.0,46.9,352.0,727200.0,350.0,248800.0,24835000000.0,24835000000.0,2190447000.0,496100.0,5111600.0,,25000000.0,9000000000.0,1.0
2025-05-06,352.0,360.0,360.0,382.0,356.0,382.0,30.0,69351800.0,25983686200.0,6312.0,50.9,384.0,1038000.0,382.0,340000.0,24835000000.0,24835000000.0,2190447000.0,8866500.0,5854000.0,,0.0,0.0,0.0
2025-05-07,382.0,384.0,386.0,396.0,376.0,376.0,-6.0,51697000.0,19935744200.0,5709.0,50.1,378.0,570300.0,376.0,380100.0,24835000000.0,24835000000.0,2190447000.0,6768400.0,1078700.0,,0.0,0.0,0.0
2025-05-08,376.0,378.0,380.0,382.0,364.0,372.0,-4.0,22648300.0,8432045400.0,2503.0,49.6,372.0,18200.0,370.0,765900.0,24835000000.0,24835000000.0,2190447000.0,1623700.0,2205900.0,,0.0,0.0,0.0
2025-05-09,372.0,368.0,366.0,370.0,358.0,366.0,-6.0,10543200.0,3849814400.0,1319.0,48.8,366.0,66600.0,364.0,699900.0,24835000000.0,24835000000.0,2190447000.0,353100.0,928400.0,,24000000.0,9000000000.0,1.0
2025-05-14,366.0,362.0,362.0,362.0,342.0,346.0,-20.0,27036100.0,9449568200.0,2463.0,46.1,348.0,971200.0,346.0,18800.0,24835000000.0,24835000000.0,2190447000.0,2108200.0,6016500.0,,0.0,0.0,0.0
2025-05-15,346.0,342.0,340.0,352.0,338.0,342.0,-4.0,21005600.0,7223191200.0,1758.0,45.6,342.0,623700.0,340.0,204600.0,24835000000.0,24835000000.0,2190447000.0,610800.0,995800.0,,0.0,0.0,0.0
2025-05-16,342.0,352.0,352.0,358.0,344.0,344.0,2.0,10863100.0,3798119200.0,1587.0,45.9,346.0,4200.0,344.0,644200.0,24835000000.0,24835000000.0,2190447000.0,1994400.0,664700.0,,0.0,0.0,0.0
2025-05-19,344.0,354.0,352.0,358.0,348.0,354.0,10.0,10694400.0,3783074400.0,1361.0,47.2,356.0,400600.0,354.0,408500.0,24835000000.0,24835000000.0,2190447000.0,142400.0,1680000.0,,25000000.0,9000000000.0,1.0
2025-05-20,354.0,358.0,358.0,364.0,346.0,348.0,-6.0,11324100.0,3986551200.0,1497.0,46.4,348.0,5600.0,346.0,369500.0,24835000000.0,24835000000.0,2190447000.0,3174500.0,601900.0,,0.0,0.0,0.0
2025-05-21,348.0,358.0,358.0,370.0,356.0,364.0,16.0,25036300.0,9089977000.0,2524.0,48.5,366.0,667700.0,364.0,107600.0,24835000000.0,24835000000.0,2190447000.0,4190700.0,4476000.0,,0.0,0.0,0.0
2025-05-22,364.0,370.0,370.0,376.0,360.0,362.0,-2.0,24389200.0,8992432200.0,2244.0,48.3,364.0,124800.0,362.0,198500.0,24835000000.0,24835000000.0,2190447000.0,5825300.0,246800.0,,0.0,0.0,0.0
2025-05-23,362.0,362.0,362.0,372.0,350.0,366.0,4.0,15664200.0,5715779400.0,1596.0,48.8,368.0,237000.0,366.0,224900.0,24835000000.0,24835000000.0,2190447000.0,2819700.0,3969800.0,,25000000.0,9000000000.0,1.0
2025-05-26,366.0,370.0,370.0,378.0,364.0,364.0,-2.0,24742200.0,9200960600.0,2606.0,48.5,366.0,51700.0,364.0,462600.0,24835000000.0,24835000000.0,2190447000.0,6550400.0,1988100.0,,0.0,0.0,0.0
2025-05-27,364.0,366.0,368.0,368.0,358.0,360.0,-4.0,5713900.0,2060490400.0,1123.0,48.0,360.0,281100.0,358.0,681900.0,24835000000.0,24835000000.0,2190447000.0,962800.0,167200.0,,0.0,0.0,0.0
2025-05-28,360.0,360.0,362.0,366.0,358.0,360.0,0.0,2629700.0,949931800.0,636.0,48.0,360.0,401600.0,358.0,420800.0,24835000000.0,24835000000.0,2190447000.0,306200.0,654200.0,,0.0,0.0,0.0
2025-06-02,360.0,360.0,360.0,400.0,354.0,392.0,32.0,66352900.0,25268944000.0,6353.0,52.3,394.0,802500.0,392.0,1720600.0,24835000000.0,24835000000.0,2190447000.0,10738300.0,13793800.0,,25000000.0,9000000000.0,1.0
2025-06-03,392.0,396.0,398.0,416.0,388.0,402.0,10.0,104488700.0,41965160800.0,11374.0,53.6,404.0,1080300.0,402.0,31800.0,24835000000.0,24835000000.0,2190447000.0,21560200.0,8282900.0,,0.0,0.0,0.0
2025-06-04,402.0,404.0,404.0,424.0,402.0,406.0,4.0,79276600.0,32719310200.0,7051.0,54.1,408.0,260200.0,406.0,824100.0,24835000000.0,24835000000.0,2190447000.0,17463700.0,7785300.0,,0.0,0.0,0.0
2025-06-05,406.0,412.0,412.0,412.0,398.0,402.0,-4.0,24450800.0,9876104200.0,2257.0,53.6,402.0,359800.0,400.0,233300.0,24835000000.0,24835000000.0,2190447000.0,3613700.0,4535200.0,,0.0,0.0,0.0
2025-06-10,402.0,400.0,398.0,408.0,382.0,398.0,-4.0,34249300.0,13639914800.0,3021.0,53.1,400.0,225300.0,398.0,608000.0,24835000000.0,24835000000.0,2190447000.0,4062600.0,12404100.0,,22500000.0,9000000000.0,1.0
2025-06-11,398.0,400.0,400.0,438.0,400.0,422.0,24.0,90750800.0,38068020400.0,10494.0,56.3,424.0,204900.0,422.0,152200.0,24835000000.0,24835000000.0,2190447000.0,19618800.0,20924800.0,,0.0,0.0,0.0
2025-06-12,422.0,428.0,430.0,432.0,412.0,418.0,-4.0,46016300.0,19394414000.0,3703.0,55.7,420.0,190800.0,418.0,16600.0,24835000000.0,24835000000.0,2190447000.0,15069800.0,2764000.0,,429000.0,181038000.0,1.0
2025-06-13,418.0,428.0,428.0,520.0,426.0,515.0,97.0,221027100.0,107321285100.0,21066.0,68.7,520.0,14594600.0,515.0,1046900.0,24835000000.0,24835000000.0,2190447000.0,30710900.0,62705600.0,,0.0,0.0,0.0
2025-06-16,515.0,530.0,535.0,595.0,500.0,540.0,25.0,165035200.0,89984996000.0,19408.0,72.0,545.0,657500.0,540.0,1552100.0,24835000000.0,24835000000.0,2190447000.0,48591300.0,24732300.0,,22500000.0,9000000000.0,1.0
2025-06-17,540.0,545.0,545.0,555.0,505.0,545.0,5.0,57858400.0,31104490000.0,7171.0,72.7,550.0,1455000.0,545.0,121200.0,24835000000.0,24835000000.0,2190447000.0,10595500.0,13619400.0,,0.0,0.0,0.0
2025-06-18,545.0,545.0,545.0,555.0,520.0,540.0,-5.0,40136500.0,21581175000.0,4028.0,72.0,545.0,1245900.0,540.0,118300.0,24835000000.0,24835000000.0,2190447000.0,4404400.0,12467300.0,,0.0,0.0,0.0
2025-06-19,540.0,550.0,550.0,600.0,520.0,600.0,60.0,208343800.0,118538424500.0,15253.0,80.0,605.0,1569300.0,600.0,504500.0,24835000000.0,24835000000.0,2190447000.0,31135500.0,49065700.0,,0.0,0.0,0.0
2025-06-20,600.0,610.0,615.0,715.0,570.0,655.0,55.0,195707300.0,126315512500.0,18676.0,87.3,660.0,209200.0,655.0,76400.0,24835000000.0,24835000000.0,2190447000.0,36506400.0,34600200.0,,0.0,0.0,0.0
2025-06-23,655.0,0.0,0.0,0.0,0.0,655.0,0.0,0.0,0.0,0.0,87.3,0.0,0.0,0.0,0.0,24835000000.0,24835000000.0,2190447000.0,0.0,0.0,,0.0,0.0,0.0
2025-06-24,655.0,630.0,630.0,675.0,585.0,615.0,-40.0,83767700.0,53016998500.0,11126.0,82.0,620.0,39700.0,615.0,61600.0,24835000000.0,24835000000.0,2190447000.0,21968800.0,13832700.0,,0.0,0.0,0.0
2025-06-25,615.0,615.0,610.0,615.0,545.0,550.0,-65.0,78058300.0,44704701500.0,6557.0,73.3,555.0,224900.0,550.0,1253100.0,24835000000.0,24835000000.0,2190447000.0,33531500.0,24282400.0,,0.0,0.0,0.0
2025-06-26,550.0,550.0,550.0,605.0,550.0,575.0,25.0,73391100.0,42793677000.0,5901.0,76.7,580.0,1641700.0,575.0,426800.0,24835000000.0,24835000000.0,2190447000.0,29140200.0,19119700.0,,0.0,0.0,0.0
2025-06-30,575.0,565.0,565.0,585.0,530.0,560.0,-15.0,44063900.0,24692440500.0,4013.0,74.7,565.0,441100.0,560.0,18300.0,24835000000.0,24835000000.0,2190447000.0,16665100.0,11548100.0,,0.0,0.0,0.0
2025-07-01,560.0,580.0,575.0,645.0,560.0,630.0,70.0,90477700.0,54830265500.0,10364.0,84.0,635.0,185600.0,630.0,5442600.0,24835000000.0,24835000000.0,2190447000.0,16974000.0,17460500.0,,2785000.0,1551375000.0,2.0
2025-07-02,630.0,635.0,640.0,640.0,585.0,600.0,-30.0,65072400.0,39368030500.0,7596.0,80.0,600.0,86600.0,595.0,54700.0,24835000000.0,24835000000.0,2190447000.0,30896900.0,5318800.0,,0.0,0.0,0.0
2025-07-03,600.0,600.0,605.0,625.0,585.0,605.0,5.0,71218000.0,43181774000.0,7067.0,80.7,610.0,1002100.0,605.0,270300.0,24835000000.0,24835000000.0,2190447000.0,22140400.0,12033100.0,,0.0,0.0,0.0
2025-07-04,605.0,605.0,605.0,610.0,580.0,590.0,-15.0,30874100.0,18339985000.0,4177.0,78.7,595.0,42500.0,590.0,795500.0,24835000000.0,24835000000.0,2190447000.0,6632900.0,5787600.0,,0.0,0.0,0.0
2025-07-07,590.0,585.0,585.0,590.0,560.0,570.0,-20.0,20224800.0,11578655500.0,3173.0,76.0,570.0,143400.0,565.0,750600.0,24835000000.0,24835000000.0,2190447000.0,5189300.0,2572100.0,,0.0,0.0,0.0
2025-07-08,570.0,570.0,570.0,600.0,570.0,580.0,10.0,26217700.0,15393694000.0,2997.0,77.3,585.0,172400.0,580.0,887700.0,24835000000.0,24835000000.0,2190447000.0,5378400.0,3411200.0,,0.0,0.0,0.0
2025-07-09,580.0,580.0,580.0,615.0,575.0,605.0,25.0,45008000.0,27123098000.0,5023.0,80.7,605.0,123400.0,600.0,350500.0,24835000000.0,24835000000.0,2190447000.0,8543900.0,11840300.0,,0.0,0.0,0.0
2025-07-10,605.0,615.0,615.0,625.0,595.0,600.0,-5.0,45068900.0,27426678500.0,3692.0,80.0,600.0,492600.0,595.0,3085900.0,24835000000.0,24835000000.0,2190447000.0,19189900.0,8329300.0,,0.0,0.0,0.0
2025-07-11,600.0,610.0,615.0,615.0,595.0,595.0,-5.0,19298800.0,11590432000.0,2794.0,79.3,600.0,407400.0,595.0,864200.0,24835000000.0,24835000000.0,2190447000.0,5491900.0,4403500.0,,0.0,0.0,0.0
2025-07-14,595.0,605.0,605.0,620.0,570.0,595.0,0.0,69326300.0,41518862000.0,6420.0,79.3,595.0,645200.0,590.0,234000.0,24835000000.0,24835000000.0,2190447000.0,35751800.0,18031000.0,,0.0,0.0,0.0
2025-07-15,595.0,590.0,585.0,590.0,550.0,575.0,-20.0,60050400.0,34220652000.0,6337.0,76.7,580.0,1096300.0,575.0,8500.0,24835000000.0,24835000000.0,2190447000.0,23211600.0,9555000.0,,0.0,0.0,0.0
2025-07-16,575.0,565.0,560.0,590.0,555.0,590.0,15.0,35684600.0,20578381000.0,2842.0,78.7,590.0,961500.0,585.0,173300.0,24835000000.0,24835000000.0,2190447000.0,12019800.0,12001500.0,,0.0,0.0,0.0
2025-07-17,590.0,590.0,595.0,670.0,575.0,665.0,75.0,198684500.0,126407098000.0,16848.0,88.7,665.0,1235900.0,660.0,373300.0,24835000000.0,24835000000.0,2190447000.0,41621100.0,62660200.0,,50050.0,29783500.0,2.0
2025-07-18,665.0,665.0,670.0,800.0,660.0,735.0,70.0,245705700.0,178321641500.0,23517.0,98.0,740.0,136100.0,735.0,518600.0,24835000000.0,24835000000.0,2190447000.0,28099900.0,50879000.0,,0.0,0.0,0.0
2025-07-21,735.0,735.0,740.0,770.0,725.0,765.0,30.0,101118100.0,75823685500.0,9319.0,102.0,765.0,1206200.0,760.0,149100.0,24835000000.0,24835000000.0,2190447000.0,26614100.0,26881300.0,,0.0,0.0,0.0
2025-07-22,765.0,0.0,0.0,0.0,0.0,765.0,0.0,0.0,0.0,0.0,102.0,0.0,0.0,0.0,0.0,24835000000.0,24835000000.0,2190447000.0,0.0,0.0,,0.0,0.0,0.0
2025-07-23,765.0,0.0,0.0,0.0,0.0,765.0,0.0,0.0,0.0,0.0,102.0,0.0,0.0,0.0,0.0,24835000000.0,24835000000.0,2190447000.0,0.0,0.0,,0.0,0.0,0.0
2025-07-24,765.0,0.0,0.0,0.0,0.0,765.0,0.0,0.0,0.0,0.0,102.0,0.0,0.0,0.0,0.0,24835000000.0,24835000000.0,2190447000.0,0.0,0.0,,0.0,0.0,0.0
2025-07-25,765.0,0.0,0.0,0.0,0.0,765.0,0.0,0.0,0.0,0.0,102.0,0.0,0.0,0.0,0.0,24835000000.0,24835000000.0,2190447000.0,0.0,0.0,,7500.0,5737500.0,1.0
2025-07-28,765.0,0.0,0.0,770.0,690.0,770.0,5.0,40786700.0,29463652000.0,2686.0,102.7,770.0,1909700.0,765.0,140800.0,24835000000.0,24835000000.0,2190447000.0,2071000.0,2827200.0,,0.0,0.0,0.0
2025-07-29,770.0,0.0,0.0,770.0,765.0,765.0,-5.0,12998800.0,9984123500.0,1074.0,102.0,770.0,28720300.0,765.0,97500.0,24835000000.0,24835000000.0,2190447000.0,0.0,1010000.0,,0.0,0.0,0.0
2025-07-30,765.0,0.0,0.0,765.0,720.0,720.0,-45.0,13952000.0,10269420000.0,1137.0,96.0,725.0,23900.0,720.0,419100.0,24835000000.0,24835000000.0,2190447000.0,389500.0,1266100.0,,0.0,0.0,0.0
2025-07-31,720.0,0.0,0.0,780.0,720.0,720.0,0.0,22196600.0,16694022000.0,1707.0,96.0,720.0,3045000.0,715.0,46600.0,24835000000.0,24835000000.0,2190447000.0,50000.0,0.0,,0.0,0.0,0.0
2025-08-01,720.0,0.0,0.0,710.0,710.0,710.0,-10.0,9517400.0,6757354000.0,740.0,94.7,715.0,46400.0,710.0,244200.0,24835000000.0,24835000000.0,2190447000.0,166900.0,821400.0,,0.0,0.0,0.0
2025-08-04,710.0,0.0,0.0,770.0,725.0,760.0,50.0,14125400.0,10668856000.0,1283.0,101.3,760.0,1921900.0,755.0,21400.0,24835000000.0,24835000000.0,2190447000.0,78900.0,0.0,,3063800.0,2175298000.0,1.0
2025-08-05,760.0,0.0,0.0,755.0,740.0,745.0,-15.0,7629300.0,5693344000.0,1051.0,99.3,750.0,61800.0,745.0,372400.0,24835000000.0,24835000000.0,2190447000.0,162700.0,20000.0,,0.0,0.0,0.0
2025-08-06,745.0,760.0,765.0,790.0,725.0,770.0,25.0,112813400.0,85367074000.0,9334.0,102.7,770.0,1194000.0,765.0,319700.0,24835000000.0,24835000000.0,2190447000.0,39038800.0,5512700.0,,0.0,0.0,0.0
2025-08-07,770.0,770.0,765.0,795.0,745.0,765.0,-5.0,58350700.0,44838733000.0,6135.0,102.0,770.0,45100.0,765.0,158300.0,24835000000.0,24835000000.0,2190447000.0,25080800.0,6142300.0,,0.0,0.0,0.0
2025-08-08,765.0,770.0,770.0,775.0,710.0,715.0,-50.0,56104900.0,40869967000.0,7556.0,95.3,720.0,4200.0,715.0,68700.0,24835000000.0,24835000000.0,2190447000.0,19874300.0,5142600.0,,0.0,0.0,0.0
2025-08-11,715.0,715.0,715.0,715.0,610.0,665.0,-50.0,107536300.0,70603793500.0,14913.0,88.7,665.0,605400.0,660.0,177200.0,24835000000.0,24835000000.0,2190447000.0,19676100.0,20386300.0,,0.0,0.0,0.0
2025-08-12,665.0,660.0,655.0,705.0,635.0,705.0,40.0,48290300.0,32652810000.0,5336.0,94.0,710.0,245000.0,705.0,34000.0,24835000000.0,24835000000.0,2190447000.0,7427800.0,6431800.0,,0.0,0.0,0.0
2025-08-13,705.0,710.0,715.0,715.0,675.0,680.0,-25.0,18906700.0,13095815000.0,3490.0,90.7,685.0,5000.0,680.0,71400.0,24835000000.0,24835000000.0,2190447000.0,4222200.0,1058000.0,,81900.0,53235000.0,1.0
2025-08-14,680.0,685.0,685.0,720.0,670.0,720.0,40.0,29552600.0,20718175000.0,2914.0,96.0,720.0,1673800.0,715.0,12300.0,24835000000.0,24835000000.0,2190447000.0,2897600.0,5962900.0,,220000.0,155540000.0,1.0
2025-08-15,720.0,725.0,720.0,725.0,660.0,665.0,-55.0,41295200.0,28312250000.0,4161.0,88.7,670.0,9700.0,665.0,12200.0,24835000000.0,24835000000.0,2190447000.0,12200900.0,1336900.0,,0.0,0.0,0.0
2025-08-19,665.0,665.0,665.0,685.0,645.0,650.0,-15.0,22310400.0,14776054500.0,3368.0,86.7,660.0,17000.0,650.0,39800.0,24835000000.0,24835000000.0,2190447000.0,5480500.0,2647200.0,,0.0,0.0,0.0
2025-08-20,650.0,650.0,650.0,685.0,635.0,670.0,20.0,27275000.0,18009370000.0,2935.0,89.3,675.0,261000.0,670.0,49400.0,24835000000.0,24835000000.0,2190447000.0,4281500.0,5242000.0,,0.0,0.0,0.0
2025-08-21,670.0,675.0,675.0,675.0,625.0,650.0,-20.0,20569500.0,13316857000.0,3058.0,86.7,655.0,409700.0,650.0,88100.0,24835000000.0,24835000000.0,2190447000.0,3534900.0,2391200.0,,0.0,0.0,0.0
2025-08-22,650.0,655.0,655.0,680.0,640.0,655.0,5.0,25386900.0,16733297000.0,2387.0,87.3,660.0,549800.0,655.0,239400.0,24835000000.0,24835000000.0,2190447000.0,1460000.0,4303600.0,,0.0,0.0,0.0
2025-08-25,655.0,670.0,670.0,700.0,655.0,690.0,35.0,28022400.0,19055594000.0,3023.0,92.0,690.0,37600.0,685.0,374200.0,24835000000.0,24835000000.0,2190447000.0,1512300.0,6660600.0,,0.0,0.0,0.0
2025-08-26,690.0,695.0,700.0,710.0,670.0,690.0,0.0,31654500.0,21810650000.0,3178.0,92.0,695.0,842900.0,690.0,71700.0,24835000000.0,24835000000.0,2190447000.0,6711500.0,5961500.0,,0.0,0.0,0.0
2025-08-27,690.0,695.0,695.0,730.0,675.0,710.0,20.0,62195300.0,43929421500.0,7123.0,94.7,715.0,2261200.0,710.0,800.0,24835000000.0,24835000000.0,2190447000.0,11500400.0,8820900.0,,5000000.0,2370000000.0,2.0
2025-08-28,710.0,720.0,725.0,775.0,710.0,760.0,50.0,98297000.0,73333184500.0,10053.0,101.3,765.0,211200.0,760.0,857100.0,24835000000.0,24835000000.0,2190447000.0,15700700.0,13895000.0,,6100000.0,2891400000.0,2.0
2025-08-29,760.0,760.0,755.0,760.0,700.0,745.0,-15.0,117196900.0,86324638000.0,7279.0,99.3,745.0,330800.0,740.0,116300.0,24835000000.0,24835000000.0,2190447000.0,17879500.0,28087800.0,,5100000.0,2417400000.0,2.0
2025-09-01,745.0,735.0,740.0,820.0,715.0,760.0,15.0,213093300.0,164859477000.0,25489.0,101.3,765.0,120700.0,760.0,2029400.0,24835000000.0,24835000000.0,2190447000.0,43765200.0,24689400.0,,1352800.0,642019600.0,3.0
2025-09-02,760.0,785.0,790.0,860.0,775.0,845.0,85.0,288201500.0,236969400500.0,24275.0,112.7,845.0,5454600.0,840.0,1256200.0,24835000000.0,24835000000.0,2190447000.0,49999500.0,71385900.0,,250000.0,200000000.0,1.0
2025-09-03,845.0,885.0,885.0,935.0,825.0,900.0,55.0,318259600.0,279077890000.0,36846.0,120.0,900.0,1556000.0,895.0,775200.0,24835000000.0,24835000000.0,2190447000.0,71722000.0,39613400.0,,402400.0,339880000.0,2.0
2025-09-04,900.0,900.0,900.0,905.0,840.0,850.0,-50.0,107894200.0,93041904000.0,15445.0,113.3,855.0,38700.0,850.0,91600.0,24835000000.0,24835000000.0,2190447000.0,30734600.0,10552100.0,,0.0,0.0,0.0
2025-09-08,850.0,880.0,880.0,920.0,875.0,890.0,40.0,160322900.0,144104438000.0,16436.0,118.7,890.0,728500.0,885.0,640900.0,24835000000.0,24835000000.0,2190447000.0,22371200.0,45630800.0,,2800000.0,2517200000.0,1.0
2025-09-09,890.0,915.0,915.0,975.0,905.0,940.0,50.0,187766800.0,176046414000.0,20059.0,125.3,940.0,1006200.0,935.0,468900.0,24835000000.0,24835000000.0,2190447000.0,41578900.0,63935200.0,,0.0,0.0,0.0
2025-09-10,940.0,925.0,925.0,925.0,880.0,900.0,-40.0,74967100.0,67690807500.0,8567.0,120.0,905.0,307600.0,900.0,601900.0,24835000000.0,24835000000.0,2190447000.0,20720300.0,5668200.0,,0.0,0.0,0.0
2025-09-11,900.0,905.0,905.0,910.0,850.0,860.0,-40.0,72621000.0,63695983500.0,8362.0,114.7,860.0,37300.0,855.0,1028800.0,24835000000.0,24835000000.0,2190447000.0,14174900.0,16078500.0,,0.0,0.0,0.0
2025-09-12,860.0,875.0,880.0,990.0,875.0,975.0,115.0,132331500.0,124081445000.0,13230.0,130.0,975.0,1269900.0,970.0,508500.0,24835000000.0,24835000000.0,2190447000.0,10896000.0,71393400.0,,5936200.0,5544410800.0,1.0
2025-09-15,975.0,975.0,975.0,975.0,935.0,945.0,-30.0,66421000.0,63440035500.0,9930.0,126.0,950.0,126100.0,945.0,1308400.0,24835000000.0,24835000000.0,2190447000.0,24067300.0,3604000.0,,0.0,0.0,0.0
2025-09-16,945.0,965.0,965.0,975.0,930.0,955.0,10.0,84978500.0,80839378000.0,8469.0,127.3,955.0,998900.0,950.0,888900.0,24835000000.0,24835000000.0,2190447000.0,36928400.0,6874400.0,,0.0,0.0,0.0
2025-09-17,955.0,950.0,945.0,960.0,895.0,910.0,-45.0,93831000.0,86861795500.0,10099.0,121.3,915.0,251500.0,910.0,1193100.0,24835000000.0,24835000000.0,2190447000.0,32874500.0,4538600.0,,0.0,0.0,0.0
2025-09-18,910.0,910.0,910.0,920.0,885.0,890.0,-20.0,56285600.0,50555210500.0,7051.0,118.7,895.0,1683300.0,890.0,319800.0,24835000000.0,24835000000.0,2190447000.0,8613100.0,15746600.0,,0.0,0.0,0.0
2025-09-19,890.0,895.0,900.0,910.0,885.0,885.0,-5.0,27118100.0,24318347000.0,4585.0,118.0,890.0,96400.0,885.0,449000.0,24835000000.0,24835000000.0,2190447000.0,5890600.0,2091200.0,,2967375000.0,2373900000000.0,2.0
2025-09-22,885.0,910.0,915.0,955.0,890.0,950.0,65.0,99381400.0,92606298000.0,10818.0,126.7,955.0,2336100.0,950.0,210900.0,24835000000.0,24835000000.0,2190447000.0,10759700.0,37522200.0,,0.0,0.0,0.0
2025-09-23,950.0,970.0,975.0,1085.0,970.0,1080.0,130.0,208803800.0,217445590500.0,23241.0,144.0,1085.0,2070700.0,1080.0,2807700.0,24835000000.0,24835000000.0,2190447000.0,20621400.0,86880200.0,,2500.0,2687500.0,1.0
2025-09-24,1080.0,1085.0,1090.0,1100.0,1035.0,1075.0,-5.0,99346000.0,106879203500.0,12588.0,143.3,1075.0,167600.0,1070.0,228800.0,24835000000.0,24835000000.0,2190447000.0,26247300.0,22002700.0,,0.0,0.0,0.0
2025-09-25,1075.0,1075.0,1075.0,1075.0,975.0,1010.0,-65.0,108589600.0,109531428500.0,14976.0,134.7,1015.0,195900.0,1010.0,189400.0,24835000000.0,24835000000.0,2190447000.0,37288800.0,13243000.0,,0.0,0.0,0.0
2025-09-26,1010.0,1010.0,1005.0,1030.0,975.0,1030.0,20.0,44133700.0,44707520000.0,4632.0,137.3,1030.0,7500.0,1025.0,96400.0,24835000000.0,24835000000.0,2190447000.0,6186100.0,18184900.0,,0.0,0.0,0.0
2025-09-29,1030.0,1060.0,1060.0,1140.0,1055.0,1110.0,80.0,141415100.0,155699938000.0,16595.0,148.0,1115.0,302200.0,1110.0,654700.0,24835000000.0,24835000000.0,2190447000.0,19098200.0,59478500.0,,0.0,0.0,0.0
2025-09-30,1110.0,1095.0,1090.0,1095.0,1000.0,1005.0,-105.0,388662200.0,401663092000.0,38846.0,134.0,1005.0,593500.0,1000.0,8107300.0,24835000000.0,24835000000.0,2190447000.0,260304400.0,52845800.0,,1525193300.0,1372700470000.0,26.0
2025-10-01,1005.0,1010.0,1015.0,1020.0,980.0,1010.0,5.0,166380700.0,166943335500.0,18822.0,134.7,1015.0,264400.0,1010.0,851900.0,24835000000.0,24835000000.0,2205348000.0,91799100.0,18623800.0,,2963000.0,2038544000.0,1.0
2025-10-02,1010.0,1010.0,1010.0,1010.0,950.0,960.0,-50.0,162412100.0,157783871500.0,24436.0,128.0,960.0,6934300.0,955.0,1500200.0,24835000000.0,24835000000.0,2205348000.0,69030200.0,16074600.0,,300000.0,286500000.0,1.0
2025-10-03,960.0,960.0,955.0,975.0,935.0,935.0,-25.0,110222600.0,104825918500.0,15223.0,124.7,940.0,534600.0,935.0,3627800.0,24835000000.0,24835000000.0,2205348000.0,45271400.0,16968600.0,,8301700.0,7820201400.0,1.0
2025-10-06,935.0,965.0,960.0,1080.0,945.0,1065.0,130.0,391122300.0,400253467500.0,39274.0,142.0,1065.0,541600.0,1060.0,463200.0,24835000000.0,24835000000.0,2205348000.0,130464300.0,148504000.0,,0.0,0.0,0.0
2025-10-07,1065.0,1085.0,1080.0,1100.0,1025.0,1035.0,-30.0,168370100.0,176254294500.0,20729.0,138.0,1040.0,246500.0,1035.0,76000.0,24835000000.0,24835000000.0,2205348000.0,40726900.0,36324500.0,,300000.0,303000000.0,1.0
2025-10-08,1035.0,1060.0,1065.0,1165.0,1040.0,1140.0,105.0,333348700.0,371115275000.0,36455.0,152.0,1140.0,794100.0,1135.0,422300.0,24835000000.0,24835000000.0,2205348000.0,54978500.0,121761500.0,,758500.0,843452000.0,1.0
2025-10-09,1140.0,1140.0,1145.0,1145.0,1065.0,1095.0,-45.0,146744400.0,162697310000.0,19265.0,146.0,1095.0,6325700.0,1090.0,709200.0,24835000000.0,24835000000.0,2205348000.0,52078500.0,27869000.0,,538000.0,599870000.0,1.0
2025-10-10,1095.0,1065.0,1060.0,1075.0,1035.0,1070.0,-25.0,117516600.0,123722174000.0,12302.0,142.7,1075.0,698900.0,1070.0,1604400.0,24835000000.0,24835000000.0,2205348000.0,57894900.0,35163100.0,,0.0,0.0,0.0
2025-10-13,1070.0,1090.0,1090.0,1335.0,1080.0,1240.0,170.0,439802700.0,534455522500.0,49825.0,165.3,1245.0,328100.0,1240.0,3723700.0,24835000000.0,24835000000.0,2205348000.0,108389900.0,160862100.0,,10000000.0,12770000000.0,1.0
2025-10-14,1240.0,1325.0,1325.0,1480.0,1290.0,1380.0,140.0,566878800.0,794208106000.0,68930.0,184.0,1380.0,466800.0,1375.0,150500.0,24835000000.0,24835000000.0,2205348000.0,159469600.0,179257000.0,,0.0,0.0,0.0
2025-10-15,1380.0,1475.0,1475.0,1505.0,1320.0,1440.0,60.0,362460300.0,509571496500.0,53238.0,192.0,1440.0,2340800.0,1435.0,1004200.0,24835000000.0,24835000000.0,2205348000.0,124134200.0,66354400.0,,0.0,0.0,0.0
2025-10-16,1440.0,1440.0,1445.0,1525.0,1385.0,1475.0,35.0,237542900.0,351209948500.0,35981.0,196.7,1480.0,341000.0,1475.0,321400.0,24835000000.0,24835000000.0,2205348000.0,49183800.0,59001000.0,,80.0,110400.0,1.0
2025-10-17,1475.0,1520.0,1525.0,1645.0,1410.0,1435.0,-40.0,438553600.0,670115013000.0,62236.0,191.3,1440.0,117400.0,1435.0,267000.0,24835000000.0,24835000000.0,2205348000.0,184529300.0,59693400.0,,82.0,117670.0,1.0
2025-10-20,1435.0,1400.0,1400.0,1405.0,1310.0,1385.0,-50.0,188961400.0,254244647000.0,27910.0,184.7,1385.0,2300900.0,1380.0,420000.0,24835000000.0,24835000000.0,2205348000.0,45400400.0,48222100.0,,0.0,0.0,0.0
2025-10-21,1385.0,1475.0,1480.0,1495.0,1315.0,1325.0,-60.0,173214700.0,242498097000.0,30930.0,176.7,1330.0,4000.0,1325.0,388700.0,24835000000.0,24835000000.0,2205348000.0,52919300.0,15521700.0,,225000.0,320400000.0,36.0
2025-10-22,1325.0,1180.0,1175.0,1315.0,1160.0,1250.0,-75.0,268726600.0,332334383000.0,39555.0,166.7,1250.0,440500.0,1245.0,200900.0,24835000000.0,24835000000.0,2205348000.0,61523800.0,71039900.0,,39800.0,49551000.0,1.0
2025-10-23,1250.0,1250.0,1250.0,1290.0,1210.0,1245.0,-5.0,115307400.0,143034295500.0,17174.0,166.0,1250.0,264600.0,1245.0,250400.0,24835000000.0,24835000000.0,2205348000.0,22925200.0,19776900.0,,0.0,0.0,0.0
2025-10-24,1245.0,1245.0,1250.0,1255.0,1170.0,1185.0,-60.0,104420800.0,126107759000.0,15911.0,158.0,1185.0,1000.0,1180.0,1503800.0,24835000000.0,24835000000.0,2205348000.0,21698600.0,23461000.0,,0.0,0.0,0.0
2025-10-27,1185.0,1195.0,1200.0,1235.0,1145.0,1170.0,-15.0,76649700.0,90802077500.0,13568.0,156.0,1175.0,690000.0,1170.0,60900.0,24835000000.0,24835000000.0,2205348000.0,16080200.0,18593700.0,,0.0,0.0,0.0
2025-10-28,1170.0,1135.0,1135.0,1175.0,1100.0,1105.0,-65.0,113740400.0,128459354000.0,15002.0,147.3,1105.0,330300.0,1100.0,885300.0,24835000000.0,24835000000.0,2205348000.0,31407900.0,37145900.0,,0.0,0.0,0.0
2025-10-29,1105.0,1130.0,1135.0,1240.0,1130.0,1235.0,130.0,171319100.0,204874930500.0,23278.0,164.7,1240.0,695300.0,1235.0,4850000.0,24835000000.0,24835000000.0,2205348000.0,54906700.0,31376000.0,,0.0,0.0,0.0
2025-10-30,1235.0,1210.0,1210.0,1215.0,1160.0,1185.0,-50.0,145083300.0,172539265500.0,23373.0,158.0,1190.0,120700.0,1185.0,876800.0,24835000000.0,24835000000.0,2205348000.0,56935000.0,13182500.0,,8100.0,12555000.0,1.0
2025-10-31,1185.0,1215.0,1220.0,1230.0,1185.0,1195.0,10.0,81409600.0,97995019500.0,9405.0,159.3,1195.0,373000.0,1190.0,1831000.0,24835000000.0,24835000000.0,2205348000.0,27672700.0,6661800.0,,3850000.0,4621750000.0,32.0
2025-11-04,1210.0,1195.0,1190.0,1205.0,1135.0,1160.0,-50.0,80985500.0,94498176500.0,14290.0,154.7,1160.0,12815300.0,1155.0,2179500.0,24835000000.0,24835000000.0,2205348000.0,32244000.0,6815400.0,,0.0,0.0,0.0
2025-11-05,1160.0,1135.0,1135.0,1165.0,1105.0,1150.0,-10.0,136878900.0,155337425000.0,16323.0,153.3,1155.0,49900.0,1150.0,2027200.0,24835000000.0,24835000000.0,2205348000.0,38245900.0,27006900.0,,0.0,0.0,0.0
2025-11-06,1150.0,1150.0,1155.0,1200.0,1125.0,1175.0,25.0,97422300.0,113690032500.0,12117.0,156.7,1180.0,431200.0,1175.0,1634800.0,24835000000.0,24835000000.0,2205348000.0,15715400.0,8919800.0,,0.0,0.0,0.0
2025-11-07,1175.0,1185.0,1185.0,1185.0,1145.0,1150.0,-25.0,47917600.0,55428086500.0,7866.0,153.3,1155.0,151100.0,1150.0,4172900.0,24835000000.0,24835000000.0,2205348000.0,11764900.0,2441400.0,,1390500.0,1610026500.0,2.0
2025-11-10,1150.0,1175.0,1175.0,1285.0,1175.0,1280.0,130.0,224514900.0,277586937000.0,33508.0,170.7,1280.0,2475600.0,1275.0,415100.0,24835000000.0,24835000000.0,2205348000.0,41588200.0,68298400.0,,1304500.0,1500175000.0,1.0
2025-11-11,1280.0,1310.0,1315.0,1330.0,1255.0,1285.0,5.0,182857500.0,236216987500.0,31973.0,171.3,1290.0,314800.0,1285.0,1853900.0,24835000000.0,24835000000.0,2205348000.0,39622800.0,14190700.0,,0.0,0.0,0.0
2025-11-12,1285.0,1295.0,1295.0,1305.0,1250.0,1270.0,-15.0,53982600.0,68298068500.0,10414.0,169.3,1270.0,86900.0,1265.0,129600.0,24835000000.0,24835000000.0,2205348000.0,5207500.0,5892500.0,,0.0,0.0,0.0
2025-11-13,1270.0,1310.0,1310.0,1325.0,1285.0,1320.0,50.0,152006800.0,198998640000.0,21114.0,176.0,1325.0,3773800.0,1320.0,1255500.0,24835000000.0,24835000000.0,2205348000.0,15778300.0,23660700.0,,0.0,0.0,0.0
2025-11-14,1320.0,1305.0,1305.0,1320.0,1265.0,1265.0,-55.0,102924700.0,132462673000.0,16360.0,168.7,1270.0,5200.0,1265.0,30100.0,24835000000.0,24835000000.0,2205348000.0,19849600.0,18234000.0,,0.0,0.0,0.0
2025-11-17,1265.0,1260.0,1255.0,1260.0,1185.0,1190.0,-75.0,160378700.0,193784706000.0,24985.0,158.7,1195.0,273300.0,1190.0,80900.0,24835000000.0,24835000000.0,2205348000.0,22741500.0,19642000.0,,0.0,0.0,0.0
2025-11-18,1190.0,1165.0,1165.0,1165.0,1125.0,1150.0,-40.0,105102300.0,120439281500.0,19077.0,153.3,1155.0,557800.0,1150.0,1464000.0,24835000000.0,24835000000.0,2205348000.0,30041400.0,12983600.0,,8751300.0,10054047000.0,3.0
2025-11-19,1150.0,1155.0,1160.0,1195.0,1155.0,1165.0,15.0,78951000.0,92421404500.0,10203.0,155.3,1170.0,48900.0,1165.0,2315800.0,24835000000.0,24835000000.0,2205348000.0,23241900.0,4887800.0,,14608500.0,16712124000.0,20.0
2025-11-20,1165.0,1175.0,1180.0,1185.0,1140.0,1145.0,-20.0,52459900.0,60706733000.0,9534.0,152.7,1150.0,322700.0,1145.0,485000.0,24835000000.0,24835000000.0,2205348000.0,9057100.0,654000.0,,0.0,0.0,0.0
2025-11-21,1145.0,1145.0,1145.0,1175.0,1130.0,1130.0,-15.0,47794800.0,54755737500.0,9455.0,150.7,1135.0,7000.0,1130.0,2777400.0,24835000000.0,24835000000.0,2205348000.0,8014400.0,2245400.0,,0.0,0.0,0.0
2025-11-24,1130.0,1140.0,1145.0,1160.0,1130.0,1145.0,15.0,41292100.0,47374614500.0,7478.0,152.7,1150.0,143300.0,1145.0,518300.0,24835000000.0,24835000000.0,2205348000.0,1549400.0,12948100.0,,700000.0,819000000.0,1.0
2025-11-25,1145.0,1175.0,1175.0,1190.0,1170.0,1175.0,30.0,52191300.0,61463679000.0,7698.0,156.7,1175.0,793700.0,1170.0,1872700.0,24835000000.0,24835000000.0,2205348000.0,2324700.0,11308000.0,,0.0,0.0,0.0
2025-11-26,1175.0,1185.0,1185.0,1225.0,1170.0,1220.0,45.0,113270000.0,136844609500.0,17466.0,162.7,1225.0,1418000.0,1220.0,1240700.0,24835000000.0,24835000000.0,2205348000.0,9864000.0,27032000.0,,0.0,0.0,0.0
2025-11-27,1220.0,1230.0,1230.0,1235.0,1200.0,1220.0,0.0,69915300.0,84952642500.0,11114.0,162.7,1225.0,1294900.0,1220.0,185500.0,24835000000.0,24835000000.0,2205348000.0,8756900.0,3726500.0,,0.0,0.0,0.0
2025-11-28,1220.0,1240.0,1240.0,1260.0,1225.0,1230.0,10.0,84646300.0,105053584000.0,13107.0,164.0,1235.0,162100.0,1230.0,404600.0,24835000000.0,24835000000.0,2205348000.0,13867800.0,23661800.0,,0.0,0.0,0.0
2025-12-01,1230.0,1260.0,1265.0,1320.0,1255.0,1315.0,85.0,186742200.0,240125853000.0,27262.0,175.3,1320.0,2947400.0,1315.0,198300.0,24835000000.0,24835000000.0,2205348000.0,15085900.0,37379100.0,,0.0,0.0,0.0
2025-12-02,1315.0,1315.0,1310.0,1315.0,1265.0,1290.0,-25.0,91964700.0,118637450500.0,22355.0,172.0,1290.0,432100.0,1285.0,280800.0,24835000000.0,24835000000.0,2205348000.0,14579500.0,2422200.0,,0.0,0.0,0.0
2025-12-03,1290.0,1300.0,1305.0,1310.0,1270.0,1290.0,0.0,79743400.0,102999515500.0,13250.0,172.0,1290.0,196500.0,1285.0,254700.0,24835000000.0,24835000000.0,2205348000.0,13847900.0,10071900.0,,0.0,0.0,0.0
2025-12-04,1290.0,1295.0,1295.0,1300.0,1255.0,1260.0,-30.0,54144400.0,68698316500.0,9535.0,168.0,1265.0,674700.0,1260.0,1788100.0,24884125700.0,24884125700.0,2205348000.0,6527900.0,7330400.0,,372000.0,279000000.0,1.0
2025-12-05,1260.0,1260.0,1260.0,1305.0,1240.0,1300.0,40.0,78064400.0,100287439000.0,9793.0,173.3,1305.0,2142300.0,1300.0,118000.0,24899892900.0,24899892900.0,2205348000.0,6887800.0,36682900.0,,27.0,35100.0,1.0
2025-12-08,1300.0,1305.0,1310.0,1450.0,1305.0,1400.0,100.0,333329800.0,459561924500.0,59956.0,186.7,1405.0,350300.0,1400.0,456500.0,24905795900.0,24905795900.0,2205348000.0,46390500.0,77027900.0,,171599100.0,224679681000.0,6.0
2025-12-09,1400.0,1415.0,1420.0,1430.0,1340.0,1375.0,-25.0,172964000.0,236595062000.0,41002.0,183.3,1380.0,815700.0,1375.0,413500.0,25205005000.0,25205005000.0,2205348000.0,61272300.0,13114100.0,,3600.0,5148000.0,1.0
2025-12-10,1375.0,1380.0,1385.0,1415.0,1350.0,1380.0,5.0,185386600.0,255712541500.0,29403.0,184.0,1380.0,3328900.0,1370.0,900.0,25234519000.0,25234519000.0,2205348000.0,39623500.0,48305800.0,,18500.0,25925000.0,2.0
2025-12-11,1380.0,1395.0,1400.0,1430.0,1360.0,1375.0,-5.0,132458100.0,183858430500.0,20849.0,183.3,1380.0,90800.0,1375.0,314200.0,25235000000.0,25235000000.0,2205348000.0,28320600.0,34806400.0,,0.0,0.0,0.0
2025-12-12,1375.0,1410.0,1415.0,1715.0,1405.0,1715.0,340.0,722704800.0,1155105512000.0,109548.0,228.7,0.0,0.0,1715.0,62179700.0,25235000000.0,25235000000.0,2205348000.0,146992600.0,304856600.0,,0.0,0.0,0.0
2025-12-15,1715.0,1750.0,1755.0,1850.0,1610.0,1670.0,-45.0,407574200.0,701168019000.0,80862.0,222.7,1675.0,322800.0,1670.0,1085700.0,25235000000.0,25235000000.0,2205348000.0,125994500.0,88114200.0,,184000.0,201120000.0,2.0
2025-12-16,1670.0,1620.0,1620.0,1650.0,1525.0,1600.0,-70.0,171068700.0,271076869500.0,31846.0,213.3,1600.0,13400.0,1595.0,36600.0,25235000000.0,25235000000.0,2205348000.0,35726700.0,54722300.0,,2438700.0,3887926500.0,4.0
2025-12-17,1600.0,1640.0,1645.0,1715.0,1625.0,1630.0,30.0,180720500.0,301902287500.0,39331.0,217.3,1635.0,93700.0,1630.0,577500.0,25235000000.0,25235000000.0,2205348000.0,53295700.0,31453300.0,,473200.0,775275200.0,2.0
2025-12-18,1630.0,1640.0,1645.0,1660.0,1595.0,1605.0,-25.0,62224600.0,100837293000.0,16356.0,214.0,1605.0,75400.0,1600.0,168600.0,25235000000.0,25235000000.0,2205348000.0,18009400.0,11248700.0,,0.0,0.0,0.0
2025-12-19,1605.0,1610.0,1610.0,1625.0,1535.0,1585.0,-20.0,89310400.0,139848247000.0,16239.0,211.3,1585.0,486200.0,1580.0,2300.0,25235000000.0,25235000000.0,2205348000.0,12689800.0,24681800.0,,262500.0,187425000.0,1.0
2025-12-22,1585.0,1625.0,1630.0,1730.0,1625.0,1680.0,95.0,216358900.0,362366981000.0,41990.0,224.0,1685.0,1803600.0,1680.0,656900.0,25235000000.0,25235000000.0,2205348000.0,45946700.0,43352500.0,,3070660.0,5054996100.0,2.0
2025-12-23,1680.0,1760.0,1760.0,1780.0,1680.0,1690.0,10.0,198067100.0,341685412000.0,41735.0,225.3,1690.0,29800.0,1685.0,1086400.0,25235000000.0,25235000000.0,2205348000.0,57693400.0,38478000.0,,0.0,0.0,0.0
2025-12-24,1690.0,1740.0,1740.0,1800.0,1660.0,1690.0,0.0,236921300.0,411048462000.0,46744.0,225.3,1690.0,517600.0,1685.0,92400.0,25235000000.0,25235000000.0,2205348000.0,52747900.0,47740200.0,,0.0,0.0,0.0
2025-12-29,1690.0,1710.0,1710.0,1780.0,1705.0,1715.0,25.0,191205900.0,332995640500.0,36905.0,228.7,1715.0,4223500.0,1710.0,1568000.0,25235000000.0,25235000000.0,2205348000.0,29622400.0,69531000.0,,0.0,0.0,0.0
2025-12-30,1715.0,1580.0,1580.0,1650.0,1545.0,1620.0,-95.0,199604000.0,321406850500.0,45994.0,216.0,1625.0,280500.0,1620.0,997300.0,25235000000.0,25235000000.0,2205348000.0,75413900.0,30296700.0,,4700.0,5437900.0,1.0
2026-01-02,1620.0,1620.0,1620.0,1660.0,1605.0,1645.0,25.0,81749600.0,133315024000.0,20708.0,219.3,1645.0,955000.0,1640.0,316200.0,25235000000.0,25235000000.0,3805438000.0,15871000.0,12419700.0,,0.0,0.0,0.0
2026-01-05,1645.0,1705.0,1710.0,1770.0,1680.0,1725.0,80.0,217325600.0,374355495000.0,41301.0,230.0,1730.0,822600.0,1725.0,199000.0,25235000000.0,25235000000.0,3805438000.0,51824600.0,52509800.0,,0.0,0.0,0.0
2026-01-06,1725.0,1745.0,1745.0,1750.0,1680.0,1705.0,-20.0,120930400.0,206618181000.0,34005.0,227.3,1710.0,272900.0,1705.0,185100.0,25235000000.0,25235000000.0,3805438000.0,31037800.0,23580600.0,,0.0,0.0,0.0
2026-01-07,1705.0,1720.0,1720.0,1760.0,1665.0,1690.0,-15.0,184073200.0,315612610500.0,36445.0,225.3,1695.0,17800.0,1690.0,200.0,25235000000.0,25235000000.0,3805438000.0,54215600.0,59853500.0,,3000000.0,5070000000.0,3.0
2026-01-08,1690.0,1685.0,1685.0,1685.0,1615.0,1625.0,-65.0,126165900.0,206960325500.0,31023.0,216.7,1630.0,170600.0,1625.0,1247700.0,25235000000.0,25235000000.0,3805438000.0,32385100.0,38078000.0,,0.0,0.0,0.0
2026-01-09,1625.0,1640.0,1640.0,1720.0,1620.0,1695.0,70.0,150449900.0,251180251000.0,23861.0,226.0,1700.0,994100.0,1695.0,1412100.0,25235000000.0,25235000000.0,3805438000.0,27975200.0,58306900.0,,0.0,0.0,0.0
2026-01-12,1695.0,1800.0,1800.0,1865.0,1690.0,1790.0,95.0,409885600.0,732016986500.0,87577.0,238.7,1795.0,2349300.0,1790.0,1361400.0,25235000000.0,25235000000.0,3805438000.0,79159900.0,94096700.0,,0.0,0.0,0.0
2026-01-13,1790.0,1790.0,1790.0,1810.0,1730.0,1755.0,-35.0,138731300.0,245882524500.0,32299.0,234.0,1760.0,43100.0,1755.0,1393000.0,25235000000.0,25235000000.0,3805438000.0,29864900.0,37788300.0,,19000.0,15580000.0,1.0
2026-01-14,1755.0,1800.0,1800.0,2020.0,1795.0,1950.0,195.0,653029600.0,1268684012000.0,116566.0,260.0,1955.0,191100.0,1950.0,2223500.0,25235000000.0,25235000000.0,3805438000.0,89632500.0,284472100.0,,0.0,0.0,0.0
2026-01-15,1950.0,1950.0,1945.0,1950.0,1875.0,1900.0,-50.0,192376500.0,366502318000.0,55276.0,253.3,1905.0,417400.0,1900.0,201700.0,25235000000.0,25235000000.0,3805438000.0,70153200.0,21096000.0,,0.0,0.0,0.0
2026-01-19,1900.0,1950.0,1955.0,1985.0,1900.0,1905.0,5.0,155492100.0,300455132000.0,35695.0,254.0,1910.0,292700.0,1905.0,2601800.0,25235000000.0,25235000000.0,3805438000.0,69513900.0,10512600.0,,10000.0,16200000.0,1.0
2026-01-20,1905.0,1910.0,1915.0,2050.0,1840.0,2020.0,115.0,314279400.0,615254249500.0,56370.0,269.3,2030.0,2070800.0,2020.0,191100.0,25235000000.0,25235000000.0,3805438000.0,59877200.0,68083300.0,,0.0,0.0,0.0
2026-01-21,2020.0,2070.0,2070.0,2120.0,2000.0,2030.0,10.0,314626200.0,646362305000.0,64050.0,270.7,2030.0,1765600.0,2020.0,583100.0,25235000000.0,25235000000.0,3805438000.0,68520000.0,49116600.0,,0.0,0.0,0.0
2026-01-22,2030.0,1980.0,1980.0,1985.0,1910.0,1940.0,-90.0,162530900.0,315475572000.0,45066.0,258.7,1940.0,416500.0,1935.0,207600.0,25235000000.0,25235000000.0,3805438000.0,55741600.0,21084100.0,,0.0,0.0,0.0
2026-01-23,1940.0,2020.0,2030.0,2040.0,1925.0,1935.0,-5.0,167326100.0,329372250000.0,34682.0,258.0,1940.0,173300.0,1935.0,88100.0,25235000000.0,25235000000.0,3805438000.0,41102800.0,16895000.0,,0.0,0.0,0.0
2026-01-26,1935.0,2010.0,2010.0,2090.0,1980.0,2030.0,95.0,312353200.0,637450466500.0,59459.0,270.7,2030.0,4856200.0,2020.0,975200.0,25235000000.0,25235000000.0,3805438000.0,45142600.0,135129800.0,,0.0,0.0,0.0
2026-01-27,2030.0,2040.0,2050.0,2050.0,1960.0,1985.0,-45.0,124542500.0,248244925000.0,36362.0,264.7,1990.0,186100.0,1985.0,1641800.0,25235000000.0,25235000000.0,3805438000.0,45858100.0,17049400.0,,1200000.0,2379600000.0,1.0
2026-01-28,1985.0,1970.0,1970.0,2030.0,1800.0,1940.0,-45.0,347496500.0,667292661000.0,81528.0,258.7,1940.0,29500.0,1935.0,1176200.0,25235000000.0,25235000000.0,3805438000.0,119633300.0,98689400.0,,0.0,0.0,0.0
2026-01-29,1940.0,1955.0,1960.0,1995.0,1650.0,1915.0,-25.0,400138800.0,744417667500.0,80982.0,255.3,1920.0,220300.0,1915.0,63500.0,25235000000.0,25235000000.0,3805438000.0,114058800.0,101653800.0,,538600.0,1052941500.0,6.0
2026-01-30,1915.0,1865.0,1865.0,1930.0,1760.0,1775.0,-140.0,253686000.0,461733985500.0,67499.0,236.7,1775.0,816300.0,1770.0,834200.0,25235000000.0,25235000000.0,3805438000.0,60555900.0,35635500.0,,0.0,0.0,0.0
2026-02-02,1775.0,1570.0,1570.0,1640.0,1510.0,1510.0,-265.0,204191500.0,317627985500.0,39941.0,201.3,1510.0,19857200.0,0.0,0.0,25235000000.0,25235000000.0,3805438000.0,24220200.0,70624800.0,,9800.0,12593000.0,1.0
2026-02-03,1510.0,1560.0,1565.0,1715.0,1470.0,1705.0,195.0,224843300.0,362775482000.0,43939.0,227.3,1705.0,1725000.0,1700.0,329600.0,25235000000.0,25235000000.0,3805438000.0,76070900.0,56076700.0,,2000000.0,3600000000.0,2.0
2026-02-04,1705.0,1740.0,1745.0,1805.0,1710.0,1735.0,30.0,133079000.0,233545797500.0,33331.0,231.3,1740.0,144300.0,1735.0,282300.0,25235000000.0,25235000000.0,3805438000.0,43080300.0,11758700.0,,0.0,0.0,0.0
2026-02-05,1735.0,1710.0,1710.0,1720.0,1625.0,1635.0,-100.0,105294800.0,174603129000.0,32486.0,218.0,1640.0,27300.0,1635.0,177900.0,25235000000.0,25235000000.0,3805438000.0,33810500.0,8576300.0,,0.0,0.0,0.0
2026-02-06,1635.0,1570.0,1565.0,1635.0,1540.0,1605.0,-30.0,108451700.0,171952777000.0,22902.0,214.0,1605.0,606900.0,1600.0,129500.0,25235000000.0,25235000000.0,3805438000.0,31888400.0,33335200.0,,0.0,0.0,0.0
2026-02-09,1605.0,1640.0,1645.0,1695.0,1615.0,1690.0,85.0,97038100.0,161591825000.0,19478.0,225.3,1690.0,2157600.0,1685.0,247300.0,25235000000.0,25235000000.0,3805438000.0,21782000.0,38623300.0,,93300.0,154878000.0,1.0
2026-02-10,1690.0,1685.0,1680.0,1725.0,1660.0,1705.0,15.0,82604200.0,140732045000.0,20120.0,227.3,1710.0,504200.0,1705.0,862900.0,25235000000.0,25235000000.0,3805438000.0,20113600.0,8037500.0,,0.0,0.0,0.0
2026-02-11,1705.0,1705.0,1710.0,1740.0,1690.0,1710.0,5.0,76613300.0,131622382000.0,16021.0,228.0,1710.0,539600.0,1705.0,1078500.0,25235000000.0,25235000000.0,3805438000.0,10135700.0,21694200.0,,0.0,0.0,0.0
2026-02-12,1710.0,1720.0,1725.0,1790.0,1710.0,1750.0,40.0,105221100.0,184408924500.0,21505.0,233.3,1750.0,6100.0,1745.0,316900.0,25235000000.0,25235000000.0,3805438000.0,22366200.0,21288000.0,,0.0,0.0,0.0
2026-02-13,1750.0,1700.0,1705.0,1710.0,1675.0,1700.0,-50.0,96525300.0,163170065000.0,23578.0,226.7,1700.0,1475900.0,1695.0,1105400.0,25235000000.0,25235000000.0,3805438000.0,22056100.0,8362800.0,,0.0,0.0,0.0
2026-02-18,1700.0,1665.0,1665.0,1710.0,1655.0,1695.0,-5.0,75599500.0,127315797500.0,16389.0,226.0,1700.0,396600.0,1695.0,304700.0,25235000000.0,25235000000.0,3805438000.0,6068400.0,27149400.0,,0.0,0.0,0.0
2026-02-19,1695.0,1710.0,1715.0,1770.0,1705.0,1765.0,70.0,101099800.0,176151190000.0,22837.0,235.3,1765.0,1112700.0,1760.0,76500.0,25235000000.0,25235000000.0,3805438000.0,11664200.0,35321500.0,,0.0,0.0,0.0
2026-02-20,1765.0,1790.0,1785.0,1820.0,1735.0,1810.0,45.0,141697900.0,253569637000.0,35433.0,241.3,1815.0,1621200.0,1805.0,548900.0,25235000000.0,25235000000.0,3805438000.0,41489600.0,30058400.0,,0.0,0.0,0.0
2026-02-23,1810.0,1865.0,1870.0,1880.0,1840.0,1850.0,40.0,143110600.0,266194424000.0,32913.0,246.7,1855.0,123500.0,1850.0,686100.0,25235000000.0,25235000000.0,3805438000.0,42450000.0,36287400.0,,0.0,0.0,0.0
2026-02-24,1850.0,1865.0,1865.0,1915.0,1820.0,1825.0,-25.0,123108800.0,229793595000.0,30036.0,243.3,1830.0,120200.0,1825.0,663600.0,25235000000.0,25235000000.0,3805438000.0,26465600.0,24676200.0,,0.0,0.0,0.0
2026-02-25,1825.0,1850.0,1855.0,1885.0,1800.0,1885.0,60.0,93915100.0,174333419500.0,18142.0,251.3,1885.0,612300.0,1880.0,195600.0,25235000000.0,25235000000.0,3805438000.0,15477800.0,35589700.0,,0.0,0.0,0.0
2026-02-26,1885.0,1885.0,1890.0,1895.0,1785.0,1800.0,-85.0,113497400.0,206888446500.0,26903.0,240.0,1805.0,3300.0,1800.0,736700.0,25235000000.0,25235000000.0,3805438000.0,39322600.0,31871100.0,,180.0,334000.0,2.0
2026-02-27,1800.0,1800.0,1800.0,1880.0,1765.0,1880.0,80.0,106641800.0,197237421500.0,19527.0,250.7,1880.0,1740300.0,1875.0,181800.0,25235000000.0,25235000000.0,3805438000.0,15497300.0,47432000.0,,1513200.0,2820604800.0,4.0
2026-03-02,1880.0,1950.0,1950.0,2020.0,1910.0,1995.0,115.0,233230400.0,458301278500.0,60916.0,266.0,2000.0,3396300.0,1995.0,419900.0,25235000000.0,25235000000.0,3805438000.0,49437600.0,48575300.0,,0.0,0.0,0.0
2026-03-03,1995.0,2000.0,2000.0,2000.0,1880.0,1890.0,-105.0,132578600.0,254974620000.0,39693.0,252.0,1890.0,555600.0,1885.0,380400.0,25235000000.0,25235000000.0,3805438000.0,42979000.0,10329700.0,,150006500.0,300012655500.0,10.0
2026-03-04,1890.0,1820.0,1815.0,1835.0,1725.0,1770.0,-120.0,161281100.0,286742392000.0,38732.0,236.0,1775.0,146900.0,1770.0,313600.0,25235000000.0,25235000000.0,3805438000.0,46973200.0,47454700.0,,0.0,0.0,0.0
2026-03-05,1770.0,1815.0,1815.0,1840.0,1770.0,1785.0,15.0,64365900.0,115916235500.0,25039.0,238.0,1790.0,141600.0,1785.0,307400.0,25235000000.0,25235000000.0,3805438000.0,23338200.0,15342800.0,,500.0,887500.0,1.0
2026-03-06,1785.0,1780.0,1780.0,1780.0,1675.0,1680.0,-105.0,95626700.0,163283890500.0,23945.0,224.0,1685.0,885200.0,1680.0,739600.0,25235000000.0,25235000000.0,3805438000.0,32058600.0,40308400.0,,0.0,0.0,0.0
2026-03-09,1680.0,1560.0,1560.0,1625.0,1485.0,1590.0,-90.0,133492000.0,208579099000.0,30380.0,212.0,1595.0,66800.0,1590.0,39700.0,25235000000.0,25235000000.0,3805438000.0,51566700.0,64380900.0,,17000.0,13940000.0,1.0
2026-03-10,1590.0,1655.0,1660.0,1770.0,1625.0,1735.0,145.0,107493600.0,183146279000.0,20671.0,231.3,1740.0,506400.0,1735.0,169400.0,25235000000.0,25235000000.0,3805438000.0,34514200.0,16915500.0,,4500.0,7360000.0,3.0
2026-03-11,1735.0,1745.0,1750.0,1765.0,1700.0,1705.0,-30.0,40538500.0,69687012500.0,11503.0,227.3,1705.0,171300.0,1700.0,387500.0,25235000000.0,25235000000.0,3805438000.0,13373600.0,4709500.0,,3700.0,6284000.0,3.0
2026-03-12,1705.0,1685.0,1685.0,1690.0,1625.0,1665.0,-40.0,44538300.0,74061285500.0,11671.0,222.0,1670.0,8600.0,1665.0,27400.0,25235000000.0,25235000000.0,3805438000.0,11692800.0,22140900.0,,0.0,0.0,0.0
2026-03-13,1665.0,1625.0,1625.0,1695.0,1605.0,1605.0,-60.0,40705500.0,66569033500.0,11149.0,214.0,1610.0,24600.0,1605.0,45400.0,25235000000.0,25235000000.0,3805438000.0,10242700.0,9554100.0,,0.0,0.0,0.0
2026-03-16,1605.0,1605.0,1605.0,1770.0,1550.0,1690.0,85.0,184065200.0,309807137000.0,35426.0,225.3,1690.0,30200.0,1685.0,159000.0,25235000000.0,25235000000.0,3805438000.0,48573200.0,97568700.0,,0.0,0.0,0.0
2026-03-17,1690.0,1715.0,1720.0,1770.0,1600.0,1600.0,-90.0,251275200.0,416335578500.0,41262.0,213.3,1605.0,1000.0,1600.0,1557500.0,25235000000.0,25235000000.0,3805438000.0,77047300.0,110257900.0,,34073200.0,54517120000.0,2.0
2026-03-25,1600.0,1510.0,1505.0,1560.0,1475.0,1530.0,-70.0,122920300.0,187195268000.0,33862.0,204.0,1535.0,83100.0,1530.0,568800.0,25235000000.0,25235000000.0,3805438000.0,38967300.0,23283200.0,,510000.0,418200000.0,1.0
2026-03-26,1530.0,1530.0,1535.0,1545.0,1425.0,1435.0,-95.0,78377900.0,115416335500.0,22041.0,191.3,1440.0,84000.0,1435.0,1863700.0,25235000000.0,25235000000.0,3805438000.0,20350400.0,15085000.0,,0.0,0.0,0.0
2026-03-27,1435.0,1430.0,1425.0,1445.0,1385.0,1410.0,-25.0,74639600.0,104874113500.0,17065.0,188.0,1415.0,116600.0,1410.0,472200.0,25235000000.0,25235000000.0,3805438000.0,26219400.0,24062100.0,,0.0,0.0,0.0
2026-03-30,1410.0,1360.0,1360.0,1395.0,1320.0,1370.0,-40.0,74754900.0,101604623500.0,15386.0,182.7,1375.0,127800.0,1370.0,686300.0,25235000000.0,25235000000.0,3805438000.0,18037200.0,23511600.0,,0.0,0.0,0.0
2026-03-31,1370.0,1400.0,1405.0,1420.0,1330.0,1375.0,5.0,88228200.0,122048891500.0,17077.0,183.3,1380.0,38100.0,1375.0,320400.0,25235000000.0,25235000000.0,3805438000.0,31814700.0,16704700.0,,369000.0,580000000.0,4.0
2026-04-01,1375.0,1430.0,1435.0,1515.0,1420.0,1500.0,125.0,115391500.0,170747631500.0,21467.0,200.0,1505.0,746200.0,1500.0,1579300.0,25235000000.0,25235000000.0,4009841500.0,10864000.0,45121200.0,,0.0,0.0,0.0
2026-04-02,1500.0,1480.0,1480.0,1480.0,1405.0,1415.0,-85.0,72447200.0,103555072000.0,14797.0,188.7,1420.0,43300.0,1415.0,730900.0,25235000000.0,25235000000.0,4009841500.0,25433000.0,4065200.0,,0.0,0.0,0.0
2026-04-06,1415.0,1410.0,1410.0,1430.0,1365.0,1430.0,15.0,34794400.0,49083909500.0,8714.0,190.7,1435.0,155900.0,1430.0,397500.0,25235000000.0,25235000000.0,4009841500.0,7391500.0,11779200.0,,1536825000.0,1959451875000.0,1.0
2026-04-07,1430.0,1430.0,1430.0,1445.0,1385.0,1440.0,10.0,35381000.0,50253889000.0,7821.0,192.0,1445.0,1105800.0,1440.0,5100.0,25235000000.0,25235000000.0,4009841500.0,16542100.0,4869900.0,,0.0,0.0,0.0
2026-04-08,1440.0,1525.0,1530.0,1580.0,1515.0,1560.0,120.0,101340500.0,157262065000.0,19807.0,208.0,1560.0,44200.0,1555.0,56300.0,25235000000.0,25235000000.0,4009841500.0,20048900.0,40745200.0,,0.0,0.0,0.0
2026-04-09,1560.0,1525.0,1520.0,1535.0,1490.0,1520.0,-40.0,45155300.0,68443500000.0,10085.0,202.7,1525.0,82500.0,1520.0,107800.0,25235000000.0,25235000000.0,4009841500.0,17555300.0,5649300.0,,0.0,0.0,0.0
2026-04-10,1520.0,1535.0,1530.0,1585.0,1520.0,1560.0,40.0,57139200.0,88728583500.0,10521.0,208.0,1560.0,93300.0,1555.0,151900.0,25235000000.0,25235000000.0,4009841500.0,17341200.0,28627200.0,,0.0,0.0,0.0
2026-04-13,1560.0,1540.0,1540.0,1565.0,1505.0,1555.0,-5.0,35827500.0,55194051500.0,9446.0,207.3,1555.0,198200.0,1550.0,112500.0,25235000000.0,25235000000.0,4009841500.0,9865000.0,10374700.0,,0.0,0.0,0.0
2026-04-14,1555.0,1585.0,1580.0,1620.0,1555.0,1605.0,50.0,65816700.0,104457768000.0,12791.0,214.0,1610.0,550600.0,1605.0,361700.0,25235000000.0,25235000000.0,4009841500.0,14052800.0,15927400.0,,650000.0,1056250000.0,1.0
2026-04-15,1605.0,1645.0,1650.0,1655.0,1580.0,1585.0,-20.0,47345600.0,76261907500.0,11754.0,211.3,1585.0,47900.0,1580.0,1231400.0,25235000000.0,25235000000.0,4009841500.0,13549000.0,5987800.0,,0.0,0.0,0.0
2026-04-16,1585.0,1590.0,1595.0,1635.0,1590.0,1605.0,20.0,39630000.0,63852175000.0,9719.0,214.0,1610.0,360300.0,1605.0,408100.0,25235000000.0,25235000000.0,4009841500.0,3913600.0,10427600.0,,7630600.0,12299812800.0,7.0
2026-04-17,1605.0,1605.0,1605.0,1610.0,1580.0,1605.0,0.0,17592600.0,28128327500.0,5223.0,214.0,1605.0,43800.0,1600.0,90700.0,25235000000.0,25235000000.0,4009841500.0,3051200.0,3504300.0,,0.0,0.0,0.0
2026-04-20,1605.0,1600.0,1600.0,1645.0,1580.0,1605.0,0.0,43850500.0,70654356500.0,9973.0,214.0,1605.0,175200.0,1600.0,68000.0,25235000000.0,25235000000.0,4009841500.0,6128400.0,11217100.0,,0.0,0.0,0.0
2026-04-21,1605.0,1625.0,1625.0,1640.0,1595.0,1615.0,10.0,29259800.0,47322282500.0,6294.0,215.3,1615.0,100.0,1610.0,337100.0,25235000000.0,25235000000.0,4009841500.0,2843200.0,6927000.0,,0.0,0.0,0.0
2026-04-22,1615.0,1615.0,1615.0,1645.0,1610.0,1610.0,-5.0,34362000.0,55845162500.0,8971.0,214.7,1615.0,45900.0,1610.0,857800.0,25235000000.0,25235000000.0,4009841500.0,3777300.0,7849500.0,,324000.0,583200000.0,1.0
2026-04-23,1610.0,1620.0,1625.0,1630.0,1555.0,1595.0,-15.0,41323200.0,65431547000.0,11646.0,212.7,1595.0,64400.0,1590.0,5300.0,25235000000.0,25235000000.0,4009841500.0,11546400.0,14225000.0,,0.0,0.0,0.0
2026-04-24,1595.0,1585.0,1585.0,1620.0,1555.0,1590.0,-5.0,40998400.0,65090699500.0,6948.0,212.0,1590.0,462500.0,1585.0,150200.0,25235000000.0,25235000000.0,4009841500.0,6444600.0,27582700.0,,0.0,0.0,0.0
2026-04-27,1590.0,1590.0,1590.0,1695.0,1585.0,1680.0,90.0,100357400.0,167040816000.0,20850.0,224.0,1685.0,939500.0,1680.0,914100.0,25235000000.0,25235000000.0,4009841500.0,23833700.0,54647700.0,,1000600.0,820972000.0,2.0
2026-04-28,1680.0,1690.0,1695.0,1700.0,1605.0,1615.0,-65.0,68636400.0,113001372000.0,15552.0,215.3,1615.0,16300.0,1610.0,1088200.0,25235000000.0,25235000000.0,4009841500.0,40609900.0,24402700.0,,324000.0,586440000.0,1.0
2026-04-29,1615.0,1600.0,1600.0,1600.0,1555.0,1570.0,-45.0,56591200.0,89084489000.0,11025.0,209.3,1575.0,205600.0,1570.0,212500.0,25235000000.0,25235000000.0,4009841500.0,8901400.0,15169000.0,,500.0,780000.0,1.0
2026-04-30,1570.0,1565.0,1565.0,1580.0,1505.0,1550.0,-20.0,44882800.0,69183401000.0,8918.0,206.7,1555.0,1000.0,1550.0,115700.0,25235000000.0,25235000000.0,4009841500.0,10291600.0,9639100.0,,324000.0,589680000.0,1.0
2026-05-04,1550.0,1570.0,1570.0,1575.0,1515.0,1520.0,-30.0,29147800.0,44685224000.0,7923.0,202.7,1525.0,117900.0,1520.0,87700.0,25235000000.0,25235000000.0,4009841500.0,6498400.0,4730000.0,,0.0,0.0,0.0
2026-05-05,1520.0,1510.0,1510.0,1520.0,1495.0,1500.0,-20.0,34690300.0,52213012500.0,8299.0,200.0,1500.0,41100.0,1495.0,487300.0,25235000000.0,25235000000.0,4009841500.0,4766100.0,7314000.0,,4026700.0,6050999700.0,6.0
2026-05-06,1500.0,1520.0,1525.0,1585.0,1520.0,1585.0,85.0,34942500.0,54622834500.0,7847.0,211.3,1590.0,396900.0,1585.0,853700.0,25235000000.0,25235000000.0,4009841500.0,4577500.0,5689900.0,,0.0,0.0,0.0
2026-05-07,1585.0,1620.0,1620.0,1625.0,1585.0,1605.0,20.0,63398300.0,102050315500.0,12719.0,214.0,1610.0,544100.0,1605.0,61600.0,25235000000.0,25235000000.0,4009841500.0,27176000.0,23646800.0,,324000.0,592920000.0,1.0
2026-05-08,1605.0,1600.0,1600.0,1605.0,1380.0,1385.0,-220.0,100163400.0,147361898500.0,21555.0,184.7,1390.0,36000.0,1385.0,333000.0,25235000000.0,25235000000.0,4009841500.0,31398600.0,18270000.0,,12921700.0,18851928500.0,25.0
