date,previous,open_price,first_trade,high,low,close,change,volume,value,frequency,index_individual,offer,offer_volume,bid,bid_volume,listed_shares,tradeble_shares,weight_for_index,foreign_sell,foreign_buy,delisting_date,non_regular_volume,non_regular_value,non_regular_frequency
2023-10-09,780.0,0.0,0.0,975.0,975.0,975.0,195.0,22298500.0,21741037500.0,6129.0,125.0,0.0,0.0,975.0,902781400.0,133786220000.0,15694413334.0,15694413334.0,1433700.0,0.0,,267722000.0,214809149000.0,134.0
2023-10-10,975.0,0.0,0.0,1215.0,1060.0,1215.0,240.0,13625200.0,16552959500.0,4753.0,155.8,0.0,0.0,1215.0,698107700.0,133786220000.0,15694413334.0,15694413334.0,48900.0,25000.0,,1380700.0,1527342500.0,80.0
2023-10-11,1215.0,0.0,0.0,1515.0,1515.0,1515.0,300.0,38431400.0,58223571000.0,5840.0,194.2,0.0,0.0,1515.0,416249700.0,133786220000.0,15694413334.0,15694413334.0,325300.0,0.0,,1238300.0,2232055000.0,16.0
2023-10-12,1515.0,0.0,0.0,1890.0,1820.0,1890.0,375.0,219262300.0,414249919500.0,26806.0,242.3,0.0,0.0,1890.0,169315300.0,133786220000.0,15694413334.0,15694413334.0,353700.0,44927000.0,,874500.0,1650805000.0,12.0
2023-10-13,1890.0,0.0,0.0,2360.0,2240.0,2360.0,470.0,39504100.0,93155289000.0,5866.0,302.6,0.0,0.0,2360.0,106347900.0,133786220000.0,15694413334.0,15694413334.0,25000.0,30107700.0,,32100.0,70037000.0,3.0
2023-10-16,2360.0,0.0,0.0,2950.0,2400.0,2750.0,390.0,227720100.0,623027416000.0,66445.0,352.6,2760.0,11500.0,2750.0,10232300.0,133786220000.0,15694413334.0,15694413334.0,9833000.0,15655000.0,,44600.0,80327100.0,2.0
2023-10-17,2750.0,0.0,0.0,3430.0,2650.0,3430.0,680.0,215604400.0,676669967000.0,71084.0,439.7,0.0,0.0,3430.0,12874100.0,133786220000.0,15694413334.0,15694413334.0,8163700.0,8538800.0,,468900.0,1019371000.0,4.0
2023-10-18,3430.0,0.0,0.0,4270.0,3330.0,3790.0,360.0,311694400.0,1198792487000.0,115702.0,485.9,3800.0,374100.0,3790.0,1514300.0,133786220000.0,15694413334.0,15694413334.0,37253800.0,4537400.0,,277600.0,1006300000.0,4.0
2023-10-19,3790.0,0.0,0.0,4160.0,3800.0,4050.0,260.0,150507700.0,602679189000.0,46517.0,519.2,4060.0,190900.0,4050.0,1665800.0,133786220000.0,15694413334.0,15694413334.0,9458100.0,2048900.0,,101173610.0,80102250000.0,3.0
2023-10-20,4050.0,0.0,0.0,4210.0,3850.0,4030.0,-20.0,85371300.0,343238794000.0,30699.0,516.7,4030.0,941300.0,4020.0,1500.0,133786220000.0,15694413334.0,15694413334.0,8583100.0,756900.0,,77600.0,314280000.0,17.0
2023-10-23,4030.0,0.0,0.0,4040.0,3560.0,3740.0,-290.0,98962200.0,373045810000.0,31631.0,479.5,3740.0,377800.0,3730.0,20100.0,133786220000.0,15694413334.0,15694413334.0,4137300.0,3225600.0,,37500.0,140250000.0,1.0
2023-10-24,3740.0,0.0,0.0,3880.0,3570.0,3800.0,60.0,40442200.0,152858645000.0,13148.0,487.2,3810.0,157600.0,3800.0,206900.0,133786220000.0,15694413334.0,15694413334.0,628200.0,580900.0,,0.0,0.0,0.0
2023-10-25,3800.0,0.0,0.0,3860.0,3770.0,3820.0,20.0,20457100.0,77878065000.0,5927.0,489.7,3820.0,226500.0,3810.0,504600.0,133786220000.0,15694413334.0,15694413334.0,48900.0,1248200.0,,0.0,0.0,0.0
2023-10-26,3820.0,0.0,0.0,3860.0,3750.0,3800.0,-20.0,23103000.0,87650621000.0,7990.0,487.2,3800.0,215200.0,3790.0,80300.0,133786220000.0,15694413334.0,15694413334.0,179300.0,1081400.0,,0.0,0.0,0.0
2023-10-27,3800.0,0.0,0.0,4110.0,3800.0,4060.0,260.0,76315200.0,305045551000.0,26228.0,520.5,4060.0,687600.0,4050.0,1051500.0,133786220000.0,15694413334.0,15694413334.0,8752800.0,6868700.0,,100.0,406000.0,2.0
2023-10-30,4060.0,0.0,0.0,4630.0,3980.0,4500.0,440.0,136498000.0,593644019000.0,44948.0,576.9,4500.0,800100.0,4490.0,589100.0,133786220000.0,15694413334.0,15694413334.0,12979700.0,18763300.0,,114800.0,505370000.0,4.0
2023-10-31,4500.0,0.0,0.0,4610.0,4390.0,4580.0,80.0,55551200.0,251238550000.0,19756.0,587.2,4580.0,1514900.0,4570.0,458500.0,133786220000.0,15694413334.0,15694413334.0,6328800.0,6106000.0,,5000.0,21550000.0,1.0
2023-11-01,4580.0,0.0,0.0,4640.0,4290.0,4290.0,-290.0,50048400.0,223068978000.0,14755.0,550.0,4290.0,367300.0,4280.0,512900.0,133786220000.0,15694413334.0,15694413334.0,6607300.0,2884700.0,,3000.0,13080000.0,1.0
2023-11-02,4290.0,0.0,0.0,4450.0,4030.0,4050.0,-240.0,63249300.0,264647102000.0,23784.0,519.2,4060.0,168900.0,4050.0,117100.0,133786220000.0,15694413334.0,15694413334.0,9120900.0,2238500.0,,0.0,0.0,0.0
2023-11-03,4050.0,0.0,0.0,4190.0,3870.0,4140.0,90.0,54842200.0,220017623000.0,19687.0,530.8,4140.0,1069100.0,4130.0,64800.0,133786220000.0,15694413334.0,15694413334.0,5603600.0,2311000.0,,0.0,0.0,0.0
2023-11-06,4140.0,0.0,0.0,4310.0,4110.0,4290.0,150.0,28846900.0,122428940000.0,12639.0,550.0,4300.0,978200.0,4290.0,203100.0,133786220000.0,15694413334.0,15694413334.0,1779500.0,1763500.0,,12250000.0,50715000000.0,2.0
2023-11-07,4290.0,0.0,0.0,4410.0,4260.0,4390.0,100.0,26103200.0,113682154000.0,11496.0,562.8,4390.0,413100.0,4380.0,57400.0,133786220000.0,15694413334.0,15694413334.0,538800.0,1286100.0,,16200.0,53460000.0,1.0
2023-11-08,4390.0,0.0,0.0,4440.0,4340.0,4400.0,10.0,18479900.0,81176212000.0,6187.0,564.1,4400.0,832900.0,4390.0,1012700.0,133786220000.0,15694413334.0,15694413334.0,716200.0,1614600.0,,0.0,0.0,0.0
2023-11-09,4400.0,0.0,0.0,5400.0,4350.0,5225.0,825.0,111849600.0,545485001500.0,38653.0,669.9,5225.0,2227700.0,5200.0,104700.0,133786220000.0,15694413334.0,15694413334.0,7891200.0,24001500.0,,282000.0,1370263000.0,8.0
2023-11-10,5225.0,0.0,0.0,0.0,0.0,5225.0,0.0,0.0,0.0,0.0,669.9,0.0,0.0,0.0,0.0,133786220000.0,15694413334.0,15694413334.0,0.0,0.0,,0.0,0.0,0.0
2023-11-13,5225.0,0.0,0.0,5500.0,5000.0,5300.0,75.0,69960400.0,368607055000.0,28294.0,679.5,5300.0,169100.0,5275.0,181500.0,133786220000.0,15694413334.0,15694413334.0,5650300.0,4308500.0,,0.0,0.0,0.0
2023-11-14,5300.0,0.0,0.0,5425.0,5250.0,5375.0,75.0,24752100.0,132293977500.0,10542.0,689.1,5375.0,224300.0,5350.0,419600.0,133786220000.0,15694413334.0,15694413334.0,1410600.0,2478900.0,,0.0,0.0,0.0
2023-11-15,5375.0,0.0,0.0,5950.0,5325.0,5725.0,350.0,63375300.0,363644412500.0,24545.0,734.0,5750.0,382800.0,5725.0,310700.0,133786220000.0,15694413334.0,15694413334.0,7459300.0,15862900.0,,0.0,0.0,0.0
2023-11-16,5725.0,0.0,0.0,6050.0,5300.0,5700.0,-25.0,62010300.0,359927952500.0,25709.0,730.8,5700.0,74600.0,5675.0,158600.0,133786220000.0,15694413334.0,15694413334.0,6933100.0,10295900.0,,0.0,0.0,0.0
2023-11-17,5700.0,0.0,0.0,6350.0,5675.0,6325.0,625.0,60573100.0,368715435000.0,22577.0,810.9,6350.0,273200.0,6325.0,27200.0,133786220000.0,15694413334.0,15694413334.0,9393000.0,20050800.0,,40000.0,236500000.0,2.0
2023-11-20,6325.0,0.0,0.0,6900.0,6350.0,6800.0,475.0,53142500.0,358467517500.0,25895.0,871.8,6825.0,222700.0,6800.0,568400.0,133786220000.0,15694413334.0,15694413334.0,10475100.0,3793900.0,,0.0,0.0,0.0
2023-11-21,6800.0,0.0,0.0,6950.0,6200.0,6275.0,-525.0,80088500.0,521466785000.0,39869.0,804.5,6275.0,502200.0,6250.0,920900.0,133786220000.0,15694413334.0,15694413334.0,19905200.0,6301300.0,,1278000.0,8753550000.0,3.0
2023-11-22,6275.0,0.0,0.0,6275.0,5500.0,5650.0,-625.0,92961400.0,536408102500.0,40525.0,724.4,5675.0,49200.0,5650.0,4598200.0,133786220000.0,15694413334.0,15694413334.0,12125400.0,20919900.0,,108500.0,614450000.0,6.0
2023-11-23,5650.0,0.0,0.0,6450.0,5700.0,6425.0,775.0,52116100.0,324887685000.0,24544.0,823.7,6450.0,1006400.0,6425.0,4560000.0,133786220000.0,15694413334.0,15694413334.0,8751300.0,6629000.0,,120000.0,742500000.0,3.0
2023-11-24,6425.0,0.0,0.0,6600.0,6000.0,6075.0,-350.0,35573700.0,221053492500.0,18900.0,778.8,6100.0,7000.0,6075.0,304900.0,133786220000.0,15694413334.0,15694413334.0,10245100.0,3173000.0,,0.0,0.0,0.0
2023-11-27,6075.0,0.0,0.0,6150.0,5800.0,5950.0,-125.0,27030500.0,160945687500.0,14300.0,762.8,5950.0,378200.0,5925.0,69400.0,133786220000.0,15694413334.0,15694413334.0,6143100.0,1936500.0,,0.0,0.0,0.0
2023-11-28,5950.0,0.0,0.0,6300.0,5900.0,6250.0,300.0,38044200.0,234118712500.0,17991.0,801.3,6250.0,317900.0,6225.0,91800.0,133786220000.0,15694413334.0,15694413334.0,9358000.0,2895100.0,,90000.0,560250000.0,4.0
2023-11-29,6250.0,0.0,0.0,6300.0,6100.0,6125.0,-125.0,28091900.0,173770535000.0,12224.0,785.3,6125.0,58800.0,6100.0,410800.0,133786220000.0,15694413334.0,15694413334.0,3214300.0,1634400.0,,0.0,0.0,0.0
2023-11-30,6125.0,0.0,0.0,7075.0,6125.0,6875.0,750.0,76689700.0,510981037500.0,36584.0,881.4,6875.0,1280900.0,6850.0,852900.0,133786220000.0,15694413334.0,15694413334.0,6804800.0,14227600.0,,0.0,0.0,0.0
2023-12-01,6875.0,0.0,0.0,7100.0,6500.0,6800.0,-75.0,49599600.0,336421510000.0,25835.0,871.8,6800.0,163500.0,6775.0,543500.0,133786220000.0,15694413334.0,15694413334.0,7709800.0,5490400.0,,0.0,0.0,0.0
2023-12-04,6800.0,0.0,0.0,7050.0,6575.0,6850.0,50.0,39168800.0,267131120000.0,18243.0,878.2,6850.0,93400.0,6825.0,47500.0,133786220000.0,15694413334.0,15694413334.0,7738000.0,5555100.0,,32600.0,218420000.0,2.0
2023-12-05,6850.0,0.0,0.0,7050.0,6475.0,6825.0,-25.0,50994200.0,346715532500.0,22133.0,875.0,6825.0,128000.0,6800.0,52700.0,133786220000.0,15694413334.0,15694413334.0,13801000.0,8179900.0,,0.0,0.0,0.0
2023-12-06,6825.0,0.0,0.0,7375.0,6800.0,7200.0,375.0,68123500.0,487046307500.0,28550.0,923.1,7225.0,117700.0,7200.0,320100.0,133786220000.0,15694413334.0,15694413334.0,8903500.0,15111100.0,,0.0,0.0,0.0
2023-12-07,7200.0,0.0,0.0,7775.0,7125.0,7750.0,550.0,57980500.0,433352975000.0,23103.0,993.6,7750.0,1278600.0,7725.0,843100.0,133786220000.0,15694413334.0,15694413334.0,8748100.0,19121100.0,,152100.0,1129247500.0,5.0
2023-12-08,7750.0,0.0,0.0,8175.0,7750.0,8050.0,300.0,50224300.0,403547277500.0,20021.0,1032.1,8050.0,424700.0,8025.0,1031400.0,133786220000.0,15694413334.0,15694413334.0,8808900.0,15851800.0,,200000.0,1580000000.0,8.0
2023-12-11,8050.0,0.0,0.0,8050.0,7500.0,7600.0,-450.0,38133500.0,297728935000.0,21089.0,974.4,7600.0,382700.0,7575.0,389000.0,133786220000.0,15694413334.0,15694413334.0,4424400.0,7723700.0,,194200.0,1528430000.0,6.0
2023-12-12,7600.0,0.0,0.0,7875.0,7225.0,7650.0,50.0,34839300.0,262671740000.0,17131.0,980.8,7675.0,139100.0,7650.0,234500.0,133786220000.0,15694413334.0,15694413334.0,12637500.0,9519800.0,,0.0,0.0,0.0
2023-12-13,7650.0,0.0,0.0,7750.0,7425.0,7575.0,-75.0,14746100.0,111915942500.0,7585.0,971.2,7575.0,54800.0,7550.0,250000.0,133786220000.0,15694413334.0,15694413334.0,6897000.0,2772900.0,,0.0,0.0,0.0
2023-12-14,7575.0,0.0,0.0,7625.0,7025.0,7200.0,-375.0,29173400.0,211935542500.0,14470.0,923.1,7225.0,37600.0,7200.0,149500.0,133786220000.0,15694413334.0,15694413334.0,11496100.0,6220600.0,,0.0,0.0,0.0
2023-12-15,7200.0,0.0,0.0,7500.0,7100.0,7400.0,200.0,22179600.0,162832687500.0,9026.0,948.7,7400.0,1730700.0,7275.0,200.0,133786220000.0,15694413334.0,15694413334.0,7204600.0,12000800.0,,2377700.0,17594980000.0,1.0
2023-12-18,7400.0,0.0,0.0,7650.0,7100.0,7150.0,-250.0,18483400.0,136142767500.0,11592.0,916.7,7175.0,12600.0,7150.0,51500.0,133786220000.0,15694413334.0,15694413334.0,4664400.0,3892900.0,,75725.0,568005000.0,4.0
2023-12-19,7150.0,0.0,0.0,7450.0,6950.0,7325.0,175.0,21446100.0,154094805000.0,12372.0,939.1,7325.0,57600.0,7300.0,327100.0,133786220000.0,15694413334.0,15694413334.0,2779000.0,7840600.0,,12300900.0,70419698100.0,3.0
2023-12-20,7325.0,0.0,0.0,7550.0,7225.0,7450.0,125.0,21918400.0,162495785000.0,8598.0,955.1,7450.0,64300.0,7425.0,218600.0,133786220000.0,15694413334.0,15694413334.0,4623600.0,9802100.0,,101200.0,753880000.0,6.0
2023-12-21,7450.0,0.0,0.0,7550.0,7350.0,7500.0,50.0,11927700.0,89052260000.0,5864.0,961.5,7500.0,468100.0,7475.0,505800.0,133786220000.0,15694413334.0,15694413334.0,1141100.0,4680600.0,,0.0,0.0,0.0
2023-12-22,7500.0,0.0,0.0,7650.0,7375.0,7500.0,0.0,17981700.0,134907020000.0,6162.0,961.5,7500.0,470200.0,7475.0,250700.0,133786220000.0,15694413334.0,15694413334.0,4295600.0,7858900.0,,0.0,0.0,0.0
2023-12-27,7500.0,0.0,0.0,8200.0,7450.0,7650.0,150.0,42756100.0,336411722500.0,19318.0,980.8,7650.0,171700.0,7625.0,299600.0,133786220000.0,15694413334.0,15694413334.0,6509400.0,10379700.0,,0.0,0.0,0.0
2023-12-28,7650.0,0.0,0.0,7775.0,7500.0,7675.0,25.0,13392200.0,102476320000.0,6808.0,984.0,7675.0,274000.0,7650.0,83400.0,133786220000.0,15694413334.0,15694413334.0,4696300.0,2833500.0,,0.0,0.0,0.0
2023-12-29,7675.0,0.0,0.0,7825.0,7400.0,7475.0,-200.0,15244000.0,115719655000.0,7018.0,958.3,7475.0,323400.0,7450.0,120700.0,133786220000.0,15694413334.0,15694413334.0,3743400.0,3886200.0,,1000.0,1000.0,1.0
2024-01-02,7475.0,0.0,0.0,7725.0,7375.0,7600.0,125.0,15012300.0,113575577500.0,7265.0,974.4,7600.0,58700.0,7575.0,2300.0,133786220000.0,15694413334.0,15693123606.0,4516000.0,3682900.0,,0.0,0.0,0.0
2024-01-03,7600.0,0.0,0.0,7650.0,7500.0,7575.0,-25.0,6026800.0,45614462500.0,3906.0,971.2,7600.0,113500.0,7575.0,15500.0,133786220000.0,15694413334.0,15693123606.0,920300.0,2955700.0,,1500.0,1500.0,1.0
2024-01-04,7575.0,0.0,0.0,7700.0,7500.0,7525.0,-50.0,12330100.0,93483505000.0,4859.0,964.7,7550.0,31700.0,7525.0,83500.0,133786220000.0,15694413334.0,15693123606.0,4261500.0,2663600.0,,0.0,0.0,0.0
2024-01-05,7525.0,0.0,0.0,7600.0,7225.0,7225.0,-300.0,16149400.0,118877890000.0,10758.0,926.3,7225.0,105400.0,7200.0,571200.0,133786220000.0,15694413334.0,15693123606.0,4255500.0,2307300.0,,1600.0,11720000.0,1.0
2024-01-08,7225.0,0.0,0.0,7325.0,6700.0,6750.0,-475.0,30456400.0,212521355000.0,14449.0,865.4,6750.0,1006000.0,6725.0,158700.0,133786220000.0,15694413334.0,15693123606.0,6257300.0,7967800.0,,13.0,93925.0,1.0
2024-01-09,6750.0,0.0,0.0,6850.0,5400.0,5400.0,-1350.0,100068600.0,581709985000.0,41892.0,692.3,5400.0,5477000.0,0.0,0.0,133786220000.0,15694413334.0,15693123606.0,14206400.0,22065600.0,,4320120.0,24834160000.0,5.0
2024-01-10,5400.0,0.0,0.0,5925.0,4900.0,5675.0,275.0,78655800.0,434560614500.0,30718.0,727.6,5675.0,105100.0,5650.0,247800.0,133786220000.0,15694413334.0,15693123606.0,18200400.0,11296200.0,,113089.0,639055075.0,4.0
2024-01-11,5675.0,0.0,0.0,5775.0,4950.0,5050.0,-625.0,53028700.0,284644028000.0,20805.0,647.4,5050.0,196900.0,5025.0,577100.0,133786220000.0,15694413334.0,15693123606.0,12025800.0,7749800.0,,81.0,409050.0,1.0
2024-01-12,5050.0,0.0,0.0,5300.0,4610.0,4700.0,-350.0,63660700.0,309265420500.0,28523.0,602.6,4710.0,36900.0,4700.0,75100.0,133786220000.0,15694413334.0,15693123606.0,10326000.0,16349200.0,,0.0,0.0,0.0
2024-01-15,4700.0,0.0,0.0,5050.0,3930.0,4430.0,-270.0,94768000.0,426926627000.0,44385.0,567.9,4440.0,4100.0,4430.0,110100.0,133786220000.0,15694413334.0,15693123606.0,17062400.0,22022800.0,,85.0,376550.0,1.0
2024-01-16,4430.0,0.0,0.0,4990.0,4320.0,4880.0,450.0,70243100.0,336288847000.0,30340.0,625.6,4890.0,192700.0,4880.0,5123300.0,133786220000.0,15694413334.0,15693123606.0,15572100.0,10776400.0,,0.0,0.0,0.0
2024-01-17,4880.0,0.0,0.0,5200.0,4640.0,5150.0,270.0,65649600.0,321794057500.0,26647.0,660.3,5150.0,264300.0,5125.0,51400.0,133786220000.0,15694413334.0,15693123606.0,12210900.0,8760400.0,,145600.0,732300000.0,3.0
2024-01-18,5150.0,0.0,0.0,5925.0,5000.0,5650.0,500.0,87583400.0,491004675000.0,37479.0,724.4,5650.0,790400.0,5625.0,757900.0,133786220000.0,15694413334.0,15693123606.0,18819100.0,5457400.0,,0.0,0.0,0.0
2024-01-19,5650.0,0.0,0.0,5750.0,5075.0,5100.0,-550.0,49338700.0,265035970000.0,22962.0,653.8,5125.0,65500.0,5100.0,1246600.0,133786220000.0,15694413334.0,15693123606.0,9448300.0,4599800.0,,0.0,0.0,0.0
2024-01-22,5100.0,0.0,0.0,5500.0,4940.0,5350.0,250.0,43627700.0,229500895000.0,17419.0,685.9,5375.0,50800.0,5350.0,467100.0,133786220000.0,15694413334.0,15693123606.0,7937400.0,3939300.0,,13.0,65975.0,1.0
2024-01-23,5350.0,0.0,0.0,5625.0,5350.0,5575.0,225.0,36952000.0,203872477500.0,15002.0,714.7,5575.0,597700.0,5550.0,100000.0,133786220000.0,15694413334.0,15693123606.0,3837400.0,5432800.0,,39200.0,216580000.0,1.0
2024-01-24,5575.0,0.0,0.0,5775.0,5250.0,5375.0,-200.0,40178600.0,221970290000.0,18730.0,689.1,5375.0,389900.0,5350.0,75800.0,133786220000.0,15694413334.0,15693123606.0,7446900.0,2978500.0,,102976602.0,550924823625.0,2.0
2024-01-25,5375.0,0.0,0.0,5525.0,5250.0,5250.0,-125.0,11912100.0,63931470000.0,8915.0,673.1,5250.0,58000.0,5225.0,101700.0,133786220000.0,15694413334.0,15693123606.0,1579700.0,560300.0,,0.0,0.0,0.0
2024-01-26,5250.0,0.0,0.0,5275.0,4990.0,5200.0,-50.0,22713900.0,115906592000.0,8456.0,666.7,5225.0,96300.0,5200.0,979000.0,133786220000.0,15694413334.0,15693123606.0,1829200.0,6226300.0,,7500.0,41625000.0,1.0
2024-01-29,5200.0,0.0,0.0,5375.0,5000.0,5025.0,-175.0,13895700.0,71328625000.0,7049.0,644.2,5050.0,29000.0,5025.0,278600.0,133786220000.0,15694413334.0,15693123606.0,1019900.0,824500.0,,0.0,0.0,0.0
2024-01-30,5025.0,0.0,0.0,5150.0,4850.0,5025.0,0.0,22211800.0,111412656500.0,8979.0,644.2,5025.0,153800.0,5000.0,12800.0,133786220000.0,15694413334.0,15693123606.0,1699400.0,4599400.0,,26.0,131950.0,1.0
2024-01-31,5025.0,0.0,0.0,5100.0,4920.0,4950.0,-75.0,11020900.0,55027716500.0,5583.0,634.6,4950.0,56600.0,4940.0,161900.0,133786220000.0,15694413334.0,15693123606.0,1564100.0,1395400.0,,0.0,0.0,0.0
2024-02-01,4950.0,0.0,0.0,4970.0,4850.0,4850.0,-100.0,11225400.0,54952913000.0,6090.0,621.8,4850.0,1145100.0,4840.0,458700.0,133786220000.0,15694413334.0,15693123606.0,1552700.0,900700.0,,69.0,343827.0,1.0
2024-02-02,4850.0,0.0,0.0,4950.0,4770.0,4950.0,100.0,12812900.0,62161746000.0,6521.0,634.6,4960.0,166800.0,4950.0,68500.0,133786220000.0,15694413334.0,15693123606.0,1128000.0,1783500.0,,13.0,63050.0,1.0
2024-02-05,4950.0,0.0,0.0,5250.0,4950.0,5175.0,225.0,21611100.0,110091606500.0,8566.0,663.5,5175.0,830700.0,5150.0,130000.0,133786220000.0,15694413334.0,15693123606.0,2729700.0,2666400.0,,0.0,0.0,0.0
2024-02-06,5175.0,0.0,0.0,5625.0,5125.0,5600.0,425.0,37579800.0,203205315000.0,13172.0,717.9,5600.0,961000.0,5575.0,140400.0,133786220000.0,15694413334.0,15693123606.0,1597500.0,8921400.0,,39500.0,214265000.0,2.0
2024-02-07,5600.0,0.0,0.0,5800.0,5400.0,5400.0,-200.0,40187400.0,225547905000.0,14858.0,692.3,5425.0,1000.0,5400.0,1028000.0,133786220000.0,15694413334.0,15693123606.0,7288200.0,3714300.0,,112200.0,635780000.0,3.0
2024-02-12,5400.0,0.0,0.0,5550.0,5350.0,5450.0,50.0,13497400.0,73761692500.0,5867.0,698.7,5475.0,48400.0,5450.0,19900.0,133786220000.0,15694413334.0,15693123606.0,1615200.0,4894100.0,,0.0,0.0,0.0
2024-02-13,5450.0,0.0,0.0,5400.0,4960.0,5050.0,-400.0,24426100.0,125018080500.0,11316.0,647.4,5075.0,43900.0,5050.0,200000.0,133786220000.0,15694413334.0,15693123606.0,4577200.0,2939300.0,,0.0,0.0,0.0
2024-02-15,5050.0,0.0,0.0,5250.0,5050.0,5125.0,75.0,8823500.0,45189560000.0,3676.0,657.1,5125.0,26800.0,5100.0,89700.0,133786220000.0,15694413334.0,15693123606.0,1124000.0,1547800.0,,0.0,0.0,0.0
2024-02-16,5125.0,0.0,0.0,5550.0,5125.0,5475.0,350.0,23471500.0,127297487500.0,9697.0,701.9,5500.0,335000.0,5475.0,58700.0,133786220000.0,15694413334.0,15693123606.0,2869300.0,6017700.0,,0.0,0.0,0.0
2024-02-19,5475.0,0.0,0.0,5700.0,5475.0,5500.0,25.0,16293100.0,91108647500.0,8738.0,705.1,5525.0,33300.0,5500.0,2800.0,133786220000.0,15694413334.0,15693123606.0,3448700.0,1469000.0,,0.0,0.0,0.0
2024-02-20,5500.0,0.0,0.0,5600.0,5350.0,5500.0,0.0,7225000.0,39665380000.0,4256.0,705.1,5525.0,58900.0,5500.0,20400.0,133786220000.0,15694413334.0,15693123606.0,584300.0,1441500.0,,0.0,0.0,0.0
2024-02-21,5500.0,0.0,0.0,5675.0,5400.0,5500.0,0.0,8317200.0,45958787500.0,3759.0,705.1,5525.0,22600.0,5500.0,21500.0,133786220000.0,15694413334.0,15693123606.0,1444400.0,3828600.0,,0.0,0.0,0.0
2024-02-22,5500.0,0.0,0.0,5675.0,5500.0,5575.0,75.0,9897400.0,55473495000.0,4029.0,714.7,5575.0,58600.0,5550.0,89400.0,133786220000.0,15694413334.0,15693123606.0,1175100.0,4593000.0,,0.0,0.0,0.0
2024-02-23,5575.0,0.0,0.0,5675.0,5475.0,5500.0,-75.0,7899600.0,43876085000.0,3106.0,705.1,5500.0,337900.0,5475.0,701800.0,133786220000.0,15694413334.0,15693123606.0,1253700.0,3032400.0,,0.0,0.0,0.0
2024-02-26,5500.0,0.0,0.0,5625.0,5450.0,5500.0,0.0,5992200.0,33181045000.0,2303.0,705.1,5525.0,3500.0,5500.0,490500.0,133786220000.0,15694413334.0,15693123606.0,594400.0,2384000.0,,0.0,0.0,0.0
2024-02-27,5500.0,0.0,0.0,5700.0,5500.0,5500.0,0.0,4676700.0,25907850000.0,1889.0,705.1,5525.0,2700.0,5500.0,361000.0,133786220000.0,15694413334.0,15693123606.0,729900.0,1793900.0,,142602740.0,780750001500.0,1.0
2024-02-28,5500.0,0.0,0.0,6050.0,5500.0,5950.0,450.0,32515800.0,191059735000.0,12383.0,762.8,5975.0,72400.0,5950.0,1652800.0,133786220000.0,15694413334.0,15693123606.0,1032500.0,8967500.0,,0.0,0.0,0.0
2024-02-29,5950.0,0.0,0.0,6225.0,5950.0,6050.0,100.0,21307100.0,130653200000.0,9552.0,775.6,6050.0,486800.0,6025.0,602100.0,133786220000.0,15694413334.0,15693123606.0,3835300.0,3262900.0,,0.0,0.0,0.0
2024-03-01,6050.0,0.0,0.0,6250.0,5975.0,6200.0,150.0,17035800.0,104571575000.0,6584.0,794.9,6200.0,118100.0,6175.0,28600.0,133786220000.0,15694413334.0,15693123606.0,2415600.0,5693900.0,,13.0,78650.0,1.0
2024-03-04,6200.0,0.0,0.0,6375.0,6075.0,6125.0,-75.0,10333200.0,64150742500.0,5580.0,785.3,6150.0,5600.0,6125.0,708500.0,133786220000.0,15694413334.0,15693123606.0,3004900.0,1896000.0,,3548900.0,17744500000.0,4.0
2024-03-05,6125.0,0.0,0.0,6200.0,5900.0,5900.0,-225.0,11693200.0,70017235000.0,5359.0,756.4,5925.0,100000.0,5900.0,505200.0,133786220000.0,15694413334.0,15693123606.0,966200.0,2696700.0,,3052100.0,15260500000.0,2.0
2024-03-06,5900.0,0.0,0.0,6100.0,5800.0,6000.0,100.0,11782200.0,70132315000.0,4841.0,769.2,6025.0,10100.0,6000.0,402400.0,133786220000.0,15694413334.0,15693123606.0,2381900.0,3176000.0,,0.0,0.0,0.0
2024-03-07,6000.0,0.0,0.0,6300.0,6000.0,6250.0,250.0,15735100.0,97404267500.0,5642.0,801.3,6250.0,195400.0,6225.0,530000.0,133786220000.0,15694413334.0,15693123606.0,1261900.0,4601600.0,,0.0,0.0,0.0
2024-03-08,6250.0,0.0,0.0,6350.0,6125.0,6125.0,-125.0,8847000.0,55153805000.0,3518.0,785.3,6125.0,16100.0,6100.0,258000.0,133786220000.0,15694413334.0,15693123606.0,1826000.0,1625000.0,,0.0,0.0,0.0
2024-03-13,6125.0,0.0,0.0,6275.0,6000.0,6150.0,25.0,10280200.0,63218942500.0,4469.0,788.5,6150.0,176800.0,6125.0,104300.0,133786220000.0,15694413334.0,15693123606.0,1751900.0,2001900.0,,64.0,393600.0,2.0
2024-03-14,6150.0,0.0,0.0,6225.0,5850.0,5900.0,-250.0,15583100.0,94263390000.0,6887.0,756.4,5925.0,189100.0,5900.0,132300.0,133786220000.0,15694413334.0,15693123606.0,5147300.0,3322300.0,,13.0,76700.0,1.0
2024-03-15,5900.0,0.0,0.0,5950.0,5550.0,5550.0,-350.0,23637300.0,133300445000.0,7286.0,711.5,5550.0,127800.0,5525.0,398500.0,133786220000.0,15694413334.0,15693123606.0,11442100.0,8448500.0,,93.0,516150.0,1.0
2024-03-18,5550.0,0.0,0.0,5600.0,5100.0,5175.0,-375.0,14212600.0,74904210000.0,6274.0,663.5,5200.0,39800.0,5175.0,71100.0,133786220000.0,15694413334.0,15693123606.0,1758900.0,2299500.0,,0.0,0.0,0.0
2024-03-19,5175.0,0.0,0.0,5400.0,5100.0,5350.0,175.0,6320700.0,33425035000.0,5183.0,685.9,5350.0,33400.0,5325.0,313000.0,133786220000.0,15694413334.0,15693123606.0,1341100.0,2527200.0,,0.0,0.0,0.0
2024-03-20,5350.0,0.0,0.0,5475.0,5225.0,5400.0,50.0,8111400.0,43409675000.0,3147.0,692.3,5400.0,95200.0,5375.0,10500.0,133786220000.0,15694413334.0,15693123606.0,1921500.0,2115900.0,,0.0,0.0,0.0
2024-03-21,5400.0,0.0,0.0,5550.0,5325.0,5350.0,-50.0,7186600.0,39065272500.0,2757.0,685.9,5350.0,129200.0,5325.0,87100.0,133786220000.0,15694413334.0,15693123606.0,1319700.0,1710300.0,,93.0,497550.0,1.0
2024-03-22,5350.0,0.0,0.0,5425.0,5275.0,5350.0,0.0,3729200.0,19929985000.0,1906.0,685.9,5350.0,266500.0,5325.0,63700.0,133786220000.0,15694413334.0,15693123606.0,1246600.0,1035100.0,,12.0,64200.0,1.0
2024-03-25,5350.0,0.0,0.0,5425.0,5275.0,5400.0,50.0,4753700.0,25416610000.0,2034.0,692.3,5400.0,226900.0,5375.0,80000.0,133786220000.0,15694413334.0,15693123606.0,954900.0,3049400.0,,0.0,0.0,0.0
2024-03-26,5400.0,0.0,0.0,5500.0,5350.0,5450.0,50.0,4247000.0,23109260000.0,2085.0,698.7,5450.0,122400.0,5425.0,406500.0,133786220000.0,15694413334.0,15693123606.0,808400.0,2249000.0,,2000.0,11400000.0,1.0
2024-03-27,5450.0,0.0,0.0,5475.0,5300.0,5450.0,0.0,5390600.0,29027245000.0,2000.0,698.7,5450.0,258300.0,5425.0,400000.0,133786220000.0,15694413334.0,15693123606.0,1459600.0,2877800.0,,0.0,0.0,0.0
2024-03-28,5450.0,0.0,0.0,5450.0,5325.0,5375.0,-75.0,2727000.0,14651070000.0,1134.0,689.1,5375.0,3900.0,5350.0,2000.0,133786220000.0,15694413334.0,15693123606.0,492700.0,1369900.0,,0.0,0.0,0.0
2024-04-01,5375.0,0.0,0.0,5500.0,5225.0,5400.0,25.0,4999900.0,26893262500.0,1756.0,692.3,5400.0,71400.0,5375.0,28100.0,133786220000.0,15694413334.0,15693123606.0,262200.0,3414700.0,,0.0,0.0,0.0
2024-04-02,5400.0,0.0,0.0,5725.0,5375.0,5725.0,325.0,10248500.0,57205465000.0,4420.0,734.0,5725.0,514600.0,5700.0,57600.0,133786220000.0,15694413334.0,15693123606.0,622300.0,4659000.0,,0.0,0.0,0.0
2024-04-03,5725.0,0.0,0.0,5950.0,5600.0,5675.0,-50.0,13411500.0,77853652500.0,5779.0,727.6,5675.0,87800.0,5650.0,14900.0,133786220000.0,15694413334.0,15693123606.0,3396100.0,3692500.0,,0.0,0.0,0.0
2024-04-04,5675.0,0.0,0.0,5900.0,5675.0,5875.0,200.0,6732200.0,39165690000.0,2476.0,753.2,5900.0,662900.0,5875.0,216600.0,133786220000.0,15694413334.0,15693123606.0,1442600.0,4612400.0,,0.0,0.0,0.0
2024-04-05,5875.0,0.0,0.0,6925.0,5850.0,6925.0,1050.0,67105300.0,440638122500.0,19182.0,887.8,6950.0,246500.0,6925.0,3328700.0,133786220000.0,15694413334.0,15693123606.0,8881300.0,36943400.0,,50106.0,303774050.0,3.0
2024-04-16,6925.0,0.0,0.0,7600.0,6350.0,7475.0,550.0,74828100.0,545075887500.0,22596.0,958.3,7475.0,265500.0,7450.0,280500.0,133786220000.0,15694413334.0,15693123606.0,41314000.0,55939000.0,,9600.0,70800000.0,1.0
2024-04-17,7475.0,0.0,0.0,7975.0,7425.0,7950.0,475.0,65779000.0,518660102500.0,20860.0,1019.2,7950.0,4225400.0,7925.0,7600.0,133786220000.0,15694413334.0,15693123606.0,37649300.0,54177800.0,,100099.0,790725373.0,6.0
2024-04-18,7950.0,0.0,0.0,8075.0,7550.0,7925.0,-25.0,40979900.0,325517450000.0,14782.0,1016.0,7925.0,130600.0,7900.0,4100.0,133786220000.0,15694413334.0,15693123606.0,17189700.0,35393900.0,,20000.0,158000000.0,3.0
2024-04-19,7925.0,0.0,0.0,8125.0,7550.0,8125.0,200.0,119478400.0,967571305000.0,6106.0,1041.7,8150.0,121400.0,8125.0,535800.0,133786220000.0,15694413334.0,15693123606.0,99629500.0,115891400.0,,40020005.0,325155540625.0,5.0
2024-04-22,8125.0,0.0,0.0,8150.0,7400.0,7625.0,-500.0,23379200.0,180209717500.0,8203.0,977.6,7625.0,65300.0,7600.0,35800.0,133786220000.0,15694413334.0,15693123606.0,5678700.0,6958400.0,,30.0,243750.0,1.0
2024-04-23,7625.0,0.0,0.0,7725.0,7250.0,7300.0,-325.0,14399000.0,106340077500.0,7239.0,935.9,7325.0,13000.0,7300.0,34500.0,133786220000.0,15694413334.0,15693123606.0,3917000.0,7152400.0,,0.0,0.0,0.0
2024-04-24,7300.0,0.0,0.0,7975.0,7300.0,7975.0,675.0,16627200.0,130281012500.0,8342.0,1022.4,7975.0,145300.0,7950.0,32000.0,133786220000.0,15694413334.0,15693123606.0,3050200.0,10101800.0,,0.0,0.0,0.0
2024-04-25,7975.0,0.0,0.0,8325.0,7800.0,8275.0,300.0,16941200.0,138226285000.0,8733.0,1060.9,8275.0,552800.0,8250.0,15000.0,133786220000.0,15694413334.0,15693123606.0,2082700.0,8621200.0,,0.0,0.0,0.0
2024-04-26,8275.0,0.0,0.0,9350.0,8200.0,8625.0,350.0,36478400.0,319833185000.0,15565.0,1105.8,8625.0,473200.0,8600.0,400.0,133786220000.0,15694413334.0,15693123606.0,10079300.0,20220600.0,,53400.0,458065200.0,1.0
2024-04-29,8625.0,0.0,0.0,9125.0,8625.0,9025.0,400.0,17974400.0,160753017500.0,8783.0,1157.1,9025.0,791000.0,9000.0,24300.0,133786220000.0,15694413334.0,15693123606.0,8625700.0,12007800.0,,0.0,0.0,0.0
2024-04-30,9025.0,0.0,0.0,9250.0,8800.0,9225.0,200.0,24471600.0,224062160000.0,9641.0,1182.7,9225.0,170200.0,9200.0,63700.0,133786220000.0,15694413334.0,15693123606.0,11008100.0,17133200.0,,0.0,0.0,0.0
2024-05-02,9225.0,0.0,0.0,9875.0,9225.0,9875.0,650.0,22657200.0,217717090000.0,7792.0,1266.0,9875.0,2710700.0,9775.0,100.0,133786220000.0,15694413334.0,15693123606.0,11454300.0,15175300.0,,0.0,0.0,0.0
2024-05-03,9875.0,0.0,0.0,0.0,0.0,9875.0,0.0,0.0,0.0,0.0,1266.0,0.0,0.0,0.0,0.0,133786220000.0,15694413334.0,15693123606.0,0.0,0.0,,120.0,1185000.0,2.0
2024-05-06,9875.0,0.0,0.0,9725.0,9150.0,9300.0,-575.0,13332100.0,125889205000.0,8541.0,1192.3,9350.0,500.0,9300.0,231400.0,133786220000.0,15694413334.0,15693123606.0,4437500.0,4401600.0,,0.0,0.0,0.0
2024-05-07,9300.0,0.0,0.0,9925.0,9325.0,9875.0,575.0,13495400.0,130898542500.0,9933.0,1266.0,9875.0,7100.0,9825.0,20600.0,133786220000.0,15694413334.0,15693123606.0,3858600.0,7908100.0,,62.0,612250.0,1.0
2024-05-08,9875.0,0.0,0.0,10200.0,9450.0,9650.0,-225.0,12895300.0,125296227500.0,9099.0,1237.2,9675.0,2600.0,9650.0,224700.0,133786220000.0,15694413334.0,15693123606.0,6843700.0,5240500.0,,0.0,0.0,0.0
2024-05-13,9650.0,0.0,0.0,9875.0,9400.0,9450.0,-200.0,12510700.0,119954500000.0,7033.0,1211.5,9450.0,14500.0,9425.0,61000.0,133786220000.0,15694413334.0,15693123606.0,5516000.0,8411600.0,,0.0,0.0,0.0
2024-05-14,9450.0,0.0,0.0,9725.0,9200.0,9275.0,-175.0,11060200.0,103521220000.0,7570.0,1189.1,9300.0,18500.0,9275.0,2100.0,133786220000.0,15694413334.0,15693123606.0,5835300.0,6725900.0,,21400.0,198485000.0,2.0
2024-05-15,9275.0,0.0,0.0,10450.0,9150.0,9975.0,700.0,32641300.0,324428562500.0,13583.0,1278.8,9975.0,518300.0,9950.0,9900.0,133786220000.0,15694413334.0,15693123606.0,18985700.0,22302400.0,,62094.0,629156821.0,5.0
2024-05-16,9975.0,0.0,0.0,10450.0,10000.0,10375.0,400.0,25578300.0,264352097500.0,9350.0,1330.1,10375.0,971200.0,10350.0,6600.0,133786220000.0,15694413334.0,15693123606.0,17548100.0,19683000.0,,0.0,0.0,0.0
2024-05-17,10375.0,0.0,0.0,12200.0,10200.0,10750.0,375.0,33916900.0,373613187500.0,17086.0,1378.2,10750.0,425200.0,10725.0,25700.0,133786220000.0,15694413334.0,15693123606.0,20121900.0,21594000.0,,5413.0,58719750.0,3.0
2024-05-20,10750.0,0.0,0.0,11275.0,10700.0,10975.0,225.0,20232700.0,219867965000.0,9341.0,1407.1,10975.0,678000.0,10875.0,12500.0,133786220000.0,15694413334.0,15693123606.0,10539600.0,16175600.0,,54.0,580500.0,1.0
2024-05-21,10975.0,0.0,0.0,11575.0,11000.0,11150.0,175.0,18010600.0,201447355000.0,8128.0,1429.5,11150.0,1179800.0,11125.0,29700.0,133786220000.0,15694413334.0,15693123606.0,13248900.0,13890300.0,,0.0,0.0,0.0
2024-05-22,11150.0,0.0,0.0,11450.0,11025.0,11250.0,100.0,14429800.0,161980950000.0,7489.0,1442.3,11250.0,209000.0,11225.0,12100.0,133786220000.0,15694413334.0,15693123606.0,11989000.0,12439500.0,,10066.0,112741100.0,3.0
2024-05-27,11250.0,0.0,0.0,0.0,0.0,11250.0,0.0,0.0,0.0,0.0,1442.3,0.0,0.0,0.0,0.0,133786220000.0,15694413334.0,15693123606.0,0.0,0.0,,0.0,0.0,0.0
2024-05-28,11250.0,0.0,0.0,0.0,0.0,11250.0,0.0,0.0,0.0,0.0,1442.3,0.0,0.0,0.0,0.0,133786220000.0,15694413334.0,15693123606.0,0.0,0.0,,0.0,0.0,0.0
2024-05-29,11250.0,0.0,0.0,10125.0,10125.0,10125.0,-1125.0,3269100.0,33099637500.0,442.0,1298.1,10125.0,14271500.0,0.0,0.0,133786220000.0,15694413334.0,15693123606.0,765000.0,2741500.0,,0.0,0.0,0.0
2024-05-30,10125.0,0.0,0.0,9125.0,9125.0,9125.0,-1000.0,338500.0,3088812500.0,393.0,1169.9,9125.0,23656900.0,0.0,0.0,133786220000.0,133786220000.0,15693123606.0,0.0,139700.0,,0.0,0.0,0.0
2024-05-31,9125.0,0.0,0.0,8225.0,8225.0,8225.0,-900.0,1072500.0,8821312500.0,741.0,1054.5,8225.0,23528000.0,0.0,0.0,133786220000.0,133786220000.0,15693123606.0,919700.0,495300.0,,39400.0,324065000.0,1.0
2024-06-03,8225.0,0.0,0.0,9025.0,7950.0,7950.0,-275.0,28527100.0,240095880000.0,3630.0,1019.2,7975.0,1000.0,7950.0,1756700.0,133786220000.0,133786220000.0,15693123606.0,13423200.0,8963700.0,,0.0,0.0,0.0
2024-06-04,7950.0,0.0,0.0,8250.0,8000.0,8250.0,300.0,14694300.0,120284950000.0,2204.0,1057.7,8250.0,290800.0,8225.0,5300.0,133786220000.0,133786220000.0,15693123606.0,10225200.0,9134400.0,,0.0,0.0,0.0
2024-06-05,8250.0,0.0,0.0,7425.0,7425.0,7425.0,-825.0,3842600.0,28531305000.0,858.0,951.9,7425.0,7101900.0,0.0,0.0,133786220000.0,133786220000.0,15693123606.0,1686300.0,163100.0,,0.0,0.0,0.0
2024-06-06,7425.0,0.0,0.0,6700.0,6700.0,6700.0,-725.0,3041600.0,20378720000.0,929.0,859.0,6700.0,45685400.0,0.0,0.0,133786220000.0,133786220000.0,15693123606.0,640200.0,1409700.0,,0.0,0.0,0.0
2024-06-07,6700.0,0.0,0.0,6050.0,6050.0,6050.0,-650.0,2561500.0,15497075000.0,919.0,775.6,6050.0,11708400.0,0.0,0.0,133786220000.0,133786220000.0,15693123606.0,2273300.0,521700.0,,1800.0,13415000.0,4.0
2024-06-10,6050.0,0.0,0.0,6650.0,5500.0,6650.0,600.0,69433800.0,411077845000.0,2017.0,852.6,0.0,0.0,6650.0,7753000.0,133786220000.0,133786220000.0,15693123606.0,45510800.0,501200.0,,750000.0,4125000000.0,2.0
2024-06-11,6650.0,0.0,0.0,7300.0,7300.0,7300.0,650.0,29963800.0,218735740000.0,2145.0,935.9,7300.0,670300.0,7275.0,3100.0,133786220000.0,133786220000.0,15693123606.0,15930400.0,6015800.0,,13177.0,72877775.0,3.0
2024-06-12,7300.0,0.0,0.0,8025.0,8025.0,8025.0,725.0,22866000.0,183499650000.0,2081.0,1028.8,8025.0,2233600.0,8000.0,32600.0,133786220000.0,133786220000.0,15693123606.0,8964600.0,987200.0,,20078.0,160625950.0,2.0
2024-06-13,8025.0,0.0,0.0,8025.0,7700.0,8025.0,0.0,6122700.0,48244607500.0,1666.0,1028.8,8025.0,3168200.0,8000.0,65000.0,133786220000.0,133786220000.0,15693123606.0,2954000.0,1167800.0,,10000.0,80000000.0,1.0
2024-06-14,8025.0,0.0,0.0,7850.0,7800.0,7850.0,-175.0,3790700.0,29697880000.0,899.0,1006.4,7875.0,1000.0,7850.0,162700.0,133786220000.0,133786220000.0,15693123606.0,1539800.0,37800.0,,0.0,0.0,0.0
2024-06-19,7850.0,0.0,0.0,8625.0,8125.0,8250.0,400.0,6744200.0,57054472500.0,1491.0,1057.7,8300.0,100.0,8250.0,876300.0,133786220000.0,133786220000.0,15693123606.0,4100600.0,777000.0,,0.0,0.0,0.0
2024-06-20,8250.0,0.0,0.0,8500.0,8250.0,8450.0,200.0,8628800.0,72423340000.0,1190.0,1083.3,8475.0,519900.0,8450.0,4217500.0,133786220000.0,133786220000.0,15693123606.0,5193400.0,1329100.0,,90.0,731250.0,1.0
2024-06-21,8450.0,0.0,0.0,9500.0,8700.0,9100.0,650.0,61377500.0,555240100000.0,16297.0,1166.7,9100.0,1203900.0,9075.0,77000.0,133786220000.0,133786220000.0,15693123606.0,43518800.0,30924900.0,,1020.0,9265000.0,5.0
2024-06-24,9100.0,0.0,0.0,9475.0,9025.0,9400.0,300.0,22229200.0,208046402500.0,9103.0,1205.1,9425.0,1698100.0,9400.0,301000.0,133786220000.0,133786220000.0,15693123606.0,12484800.0,9827300.0,,6.0,54600.0,1.0
2024-06-25,9400.0,0.0,0.0,9800.0,9400.0,9650.0,250.0,22310600.0,214597355000.0,8141.0,1237.2,9650.0,1081700.0,9625.0,2020500.0,133786220000.0,133786220000.0,15693123606.0,11169400.0,10698100.0,,0.0,0.0,0.0
2024-06-26,9650.0,0.0,0.0,9850.0,9500.0,9750.0,100.0,15070700.0,146446795000.0,7727.0,1250.0,9750.0,1241000.0,9725.0,108800.0,133786220000.0,133786220000.0,15693123606.0,8673200.0,7682600.0,,500.0,4850000.0,1.0
2024-06-27,9750.0,0.0,0.0,9875.0,9700.0,9800.0,50.0,9625300.0,94344477500.0,4756.0,1256.4,9800.0,422200.0,9775.0,25100.0,133786220000.0,133786220000.0,15693123606.0,5327100.0,6083700.0,,0.0,0.0,0.0
2024-06-28,9800.0,0.0,0.0,10225.0,9600.0,10075.0,275.0,30775000.0,307041447500.0,9374.0,1291.7,10075.0,1590600.0,10050.0,5400.0,133786220000.0,133786220000.0,15693123606.0,17412000.0,16579000.0,,0.0,0.0,0.0
2024-07-01,10075.0,0.0,0.0,10450.0,10100.0,10425.0,350.0,24594800.0,254258482500.0,9184.0,1336.5,10450.0,1545300.0,10425.0,1533600.0,133786220000.0,133786220000.0,15693123606.0,13419300.0,11135700.0,,30025.0,309260625.0,5.0
2024-07-02,10425.0,0.0,0.0,10700.0,9775.0,10150.0,-275.0,22879500.0,233265202500.0,12697.0,1301.3,10150.0,67100.0,10125.0,3900.0,133786220000.0,133786220000.0,15693123606.0,10740100.0,7129900.0,,10000.0,106000000.0,1.0
2024-07-03,10150.0,0.0,0.0,10375.0,10000.0,10350.0,200.0,12859500.0,132360352500.0,5399.0,1326.9,10350.0,5140300.0,10325.0,50300.0,133786220000.0,133786220000.0,15693123606.0,6466000.0,9472000.0,,10000.0,103000000.0,1.0
2024-07-04,10350.0,0.0,0.0,10475.0,10275.0,10400.0,50.0,9005200.0,93504425000.0,5803.0,1333.3,10425.0,360700.0,10400.0,2325100.0,133786220000.0,133786220000.0,15693123606.0,3914500.0,4727800.0,,0.0,0.0,0.0
2024-07-05,10400.0,0.0,0.0,10500.0,10075.0,10300.0,-100.0,11766300.0,120671272500.0,7035.0,1320.5,10300.0,461800.0,10275.0,1100000.0,133786220000.0,133786220000.0,15693123606.0,7383700.0,7180900.0,,5024.0,51872200.0,2.0
2024-07-08,10300.0,0.0,0.0,10300.0,9950.0,10175.0,-125.0,7814100.0,79420582500.0,4835.0,1304.5,10175.0,284600.0,10150.0,1400.0,133786220000.0,133786220000.0,15693123606.0,3214400.0,5885700.0,,0.0,0.0,0.0
2024-07-09,10175.0,0.0,0.0,10300.0,9925.0,9950.0,-225.0,13353200.0,134726455000.0,6590.0,1275.6,9950.0,391300.0,9925.0,56200.0,133786220000.0,133786220000.0,15693123606.0,6645800.0,9452300.0,,0.0,0.0,0.0
2024-07-10,9950.0,0.0,0.0,10075.0,9625.0,9825.0,-125.0,10028200.0,99455780000.0,7354.0,1259.6,9850.0,6300.0,9800.0,63000.0,133786220000.0,133786220000.0,15693123606.0,6481100.0,5207000.0,,0.0,0.0,0.0
2024-07-11,9825.0,0.0,0.0,9925.0,9425.0,9425.0,-400.0,17900500.0,171157775000.0,11932.0,1208.3,9425.0,69900.0,9400.0,477000.0,133786220000.0,133786220000.0,15693123606.0,12395000.0,6188900.0,,200.0,1925000.0,1.0
2024-07-12,9425.0,0.0,0.0,9600.0,9025.0,9450.0,25.0,20197400.0,187714517500.0,11298.0,1211.5,9475.0,4000.0,9450.0,186000.0,133786220000.0,133786220000.0,15693123606.0,10987700.0,6034400.0,,0.0,0.0,0.0
2024-07-15,9450.0,0.0,0.0,9575.0,9000.0,9050.0,-400.0,19445200.0,179206522500.0,10731.0,1160.3,9075.0,24900.0,9050.0,3000.0,133786220000.0,133786220000.0,15693123606.0,14127500.0,5052900.0,,0.0,0.0,0.0
2024-07-16,9050.0,0.0,0.0,9175.0,8500.0,8500.0,-550.0,28227600.0,246025310000.0,16249.0,1089.7,8500.0,261700.0,8475.0,79900.0,133786220000.0,133786220000.0,15693123606.0,14567800.0,6893000.0,,1500000.0,13575000000.0,1.0
2024-07-17,8500.0,0.0,0.0,8500.0,7750.0,7775.0,-725.0,46259600.0,367675757500.0,24866.0,996.8,7800.0,291900.0,7775.0,15900.0,133786220000.0,133786220000.0,15693123606.0,23115400.0,10006300.0,,0.0,0.0,0.0
2024-07-18,7775.0,0.0,0.0,8725.0,7625.0,8700.0,925.0,51865800.0,426625932500.0,27067.0,1115.4,8725.0,25400.0,8700.0,171400.0,133786220000.0,133786220000.0,15693123606.0,13127600.0,10639100.0,,0.0,0.0,0.0
2024-07-19,8700.0,0.0,0.0,9050.0,8375.0,8725.0,25.0,98544500.0,858968657500.0,20160.0,1118.6,8750.0,13000.0,8725.0,5875500.0,133786220000.0,133786220000.0,15693123606.0,77025700.0,59410500.0,,60.0,523500.0,1.0
2024-07-22,8725.0,0.0,0.0,9250.0,8800.0,9050.0,325.0,28857600.0,261809465000.0,16589.0,1160.3,9075.0,2800.0,9050.0,217200.0,133786220000.0,133786220000.0,15693123606.0,8536800.0,8639000.0,,28.0,247100.0,1.0
2024-07-23,9050.0,0.0,0.0,9200.0,8750.0,8750.0,-300.0,18774000.0,167372172500.0,13121.0,1121.8,8750.0,105100.0,8725.0,155500.0,133786220000.0,133786220000.0,15693123606.0,6875400.0,2199500.0,,12100.0,99825000.0,1.0
2024-07-24,8750.0,0.0,0.0,8850.0,8500.0,8550.0,-200.0,14257200.0,123236652500.0,11714.0,1096.2,8600.0,4000.0,8550.0,235800.0,133786220000.0,133786220000.0,15693123606.0,3499900.0,1844500.0,,172.0,1443702.0,2.0
2024-07-25,8550.0,0.0,0.0,8575.0,8150.0,8375.0,-175.0,18465200.0,154446755000.0,12275.0,1073.7,8400.0,46300.0,8375.0,43200.0,133786220000.0,133786220000.0,15693123606.0,4901200.0,4673200.0,,0.0,0.0,0.0
2024-07-26,8375.0,0.0,0.0,8850.0,8350.0,8800.0,425.0,12978100.0,112377830000.0,8462.0,1128.2,8825.0,451800.0,8800.0,104000.0,133786220000.0,133786220000.0,15693123606.0,2650200.0,2877200.0,,0.0,0.0,0.0
2024-07-29,8800.0,0.0,0.0,9025.0,8600.0,8600.0,-200.0,13833100.0,121904747500.0,8990.0,1102.6,8625.0,1000.0,8600.0,100300.0,133786220000.0,133786220000.0,15693123606.0,5096500.0,2281000.0,,15010094.0,122639808400.0,3.0
2024-07-30,8600.0,0.0,0.0,8725.0,8400.0,8650.0,50.0,11277000.0,96449587500.0,7796.0,1109.0,8675.0,65800.0,8650.0,190500.0,133786220000.0,133786220000.0,15693123606.0,5019600.0,1125200.0,,9100060.0,79210319000.0,3.0
2024-07-31,8650.0,0.0,0.0,8850.0,8575.0,8650.0,0.0,14387900.0,125738745000.0,6866.0,1109.0,8700.0,12500.0,8650.0,4100.0,133786220000.0,133786220000.0,15693123606.0,4858300.0,7538000.0,,0.0,0.0,0.0
2024-08-01,8650.0,0.0,0.0,8775.0,8575.0,8675.0,25.0,7539700.0,65667392500.0,4738.0,1112.2,8700.0,5900.0,8675.0,37000.0,133786220000.0,133786220000.0,15693123606.0,2943100.0,1584400.0,,40890.0,370795400.0,4.0
2024-08-02,8675.0,0.0,0.0,8825.0,8525.0,8600.0,-75.0,6979100.0,60322160000.0,4403.0,1102.6,8600.0,91400.0,8575.0,91000.0,133786220000.0,133786220000.0,15693123606.0,3014000.0,1384200.0,,0.0,0.0,0.0
2024-08-05,8600.0,0.0,0.0,8550.0,7750.0,7900.0,-700.0,28040800.0,226598942500.0,19781.0,1012.8,7900.0,42400.0,7875.0,64200.0,133786220000.0,133786220000.0,15693123606.0,11567600.0,4085300.0,,140.0,1135750.0,2.0
2024-08-06,7900.0,0.0,0.0,8250.0,7825.0,7950.0,50.0,15551700.0,125077917500.0,10057.0,1019.2,7950.0,700.0,7925.0,382000.0,133786220000.0,133786220000.0,15693123606.0,5604500.0,3964100.0,,30.0,243000.0,1.0
2024-08-07,7950.0,0.0,0.0,8450.0,7900.0,8225.0,275.0,20430000.0,168112727500.0,10483.0,1054.5,8250.0,18400.0,8225.0,214900.0,133786220000.0,133786220000.0,15693123606.0,6637000.0,6995500.0,,50000.0,407500000.0,5.0
2024-08-08,8225.0,0.0,0.0,8350.0,8075.0,8125.0,-100.0,8853500.0,72317727500.0,6104.0,1041.7,8150.0,7900.0,8125.0,5900.0,133786220000.0,133786220000.0,15693123606.0,4804500.0,3082900.0,,6.0,48750.0,1.0
2024-08-09,8125.0,0.0,0.0,8350.0,8150.0,8350.0,225.0,9458700.0,78496602500.0,5127.0,1070.5,8350.0,538900.0,8325.0,12200.0,133786220000.0,133786220000.0,15693123606.0,3921100.0,5075600.0,,64.0,534400.0,1.0
2024-08-12,8350.0,0.0,0.0,8500.0,8275.0,8425.0,75.0,6735900.0,56510535000.0,4807.0,1080.1,8450.0,292000.0,8425.0,4700.0,133786220000.0,133786220000.0,15693123606.0,2878200.0,3418700.0,,0.0,0.0,0.0
2024-08-13,8425.0,0.0,0.0,8600.0,8125.0,8400.0,-25.0,9766200.0,82303205000.0,6934.0,1076.9,8425.0,9300.0,8400.0,15900.0,133786220000.0,133786220000.0,15693123606.0,3179400.0,3340300.0,,60.0,504000.0,1.0
2024-08-14,8400.0,0.0,0.0,8825.0,8375.0,8800.0,400.0,16591200.0,143556922500.0,10932.0,1128.2,8825.0,72400.0,8800.0,141400.0,133786220000.0,133786220000.0,15693123606.0,4811600.0,6864200.0,,0.0,0.0,0.0
2024-08-15,8800.0,0.0,0.0,8925.0,8625.0,8675.0,-125.0,12918000.0,113493577500.0,9282.0,1112.2,8700.0,700.0,8650.0,172400.0,133786220000.0,133786220000.0,15693123606.0,5502000.0,6152800.0,,16.0,138800.0,1.0
2024-08-16,8675.0,0.0,0.0,8900.0,8675.0,8750.0,75.0,7753700.0,68128667500.0,6720.0,1121.8,8750.0,467400.0,8725.0,4700.0,133786220000.0,133786220000.0,15693123606.0,3215100.0,4993300.0,,64.0,560000.0,1.0
2024-08-19,8750.0,0.0,0.0,9450.0,8725.0,9200.0,450.0,34839100.0,319268510000.0,19497.0,1179.5,9225.0,790800.0,9200.0,139400.0,133786220000.0,133786220000.0,15693123606.0,12864800.0,18553300.0,,85000.0,784625000.0,9.0
2024-08-20,9200.0,0.0,0.0,9525.0,9225.0,9425.0,225.0,28068200.0,265038820000.0,12710.0,1208.3,9450.0,3440100.0,9425.0,62300.0,133786220000.0,133786220000.0,15693123606.0,15951400.0,9064900.0,,12000.0,112200000.0,2.0
2024-08-21,9425.0,0.0,0.0,9625.0,9375.0,9525.0,100.0,19196600.0,182123665000.0,8841.0,1221.2,9525.0,1901000.0,9500.0,28600.0,133786220000.0,133786220000.0,15693123606.0,7061800.0,6513000.0,,60896.0,574964800.0,10.0
2024-08-22,9525.0,0.0,0.0,9625.0,9225.0,9375.0,-150.0,25542900.0,240445400000.0,14638.0,1201.9,9375.0,1373100.0,9350.0,5300.0,133786220000.0,133786220000.0,15693123606.0,14710900.0,14665600.0,,20000.0,187750000.0,2.0
2024-08-23,9375.0,0.0,0.0,9475.0,9275.0,9450.0,75.0,23899900.0,224833692500.0,10049.0,1211.5,9450.0,2592000.0,9425.0,59500.0,133786220000.0,133786220000.0,15693123606.0,19818600.0,11990900.0,,0.0,0.0,0.0
2024-08-26,9450.0,0.0,0.0,9925.0,9625.0,9725.0,275.0,57298000.0,558651610000.0,20448.0,1246.8,9725.0,135100.0,9700.0,111300.0,133786220000.0,133786220000.0,15693123606.0,27763200.0,23727800.0,,25064.0,189992600.0,2.0
2024-08-27,9725.0,0.0,0.0,9800.0,9650.0,9800.0,75.0,17492500.0,170071745000.0,10847.0,1256.4,9800.0,675000.0,9775.0,1100.0,133786220000.0,133786220000.0,15693123606.0,5184600.0,13170200.0,,0.0,0.0,0.0
2024-08-28,9800.0,0.0,0.0,10350.0,9800.0,10200.0,400.0,40802700.0,413451862500.0,20327.0,1307.7,10225.0,29000.0,10200.0,1522600.0,133786220000.0,133786220000.0,15693123606.0,19473000.0,26864700.0,,0.0,0.0,0.0
2024-08-29,10200.0,0.0,0.0,10975.0,10225.0,10425.0,225.0,81771500.0,873138035000.0,28951.0,1336.5,10500.0,40500.0,10425.0,230600.0,133786220000.0,133786220000.0,15693123606.0,45913100.0,57291900.0,,3410000.0,36156250000.0,11.0
2024-08-30,10425.0,0.0,0.0,10750.0,10450.0,10750.0,325.0,41385100.0,441075270000.0,15940.0,1378.2,10775.0,40000.0,10750.0,253300.0,133786220000.0,133786220000.0,15693123606.0,25083900.0,30360600.0,,30800.0,331380000.0,4.0
2024-09-02,10750.0,0.0,0.0,11050.0,10600.0,10750.0,0.0,38161000.0,412967022500.0,13008.0,1378.2,10750.0,1464400.0,10725.0,10200.0,133786220000.0,133786220000.0,15693123606.0,22918900.0,29382300.0,,0.0,0.0,0.0
2024-09-03,10750.0,0.0,0.0,10850.0,10150.0,10250.0,-500.0,33730400.0,355171245000.0,12115.0,1314.1,10275.0,1000.0,10250.0,6600.0,133786220000.0,133786220000.0,15693123606.0,16750400.0,23481600.0,,0.0,0.0,0.0
2024-09-04,10250.0,0.0,0.0,11250.0,9975.0,11250.0,1000.0,51227800.0,555430302500.0,19419.0,1442.3,11275.0,43800.0,11250.0,596900.0,133786220000.0,133786220000.0,15693123606.0,24120600.0,40336700.0,,0.0,0.0,0.0
2024-09-05,11250.0,0.0,0.0,11700.0,10575.0,10750.0,-500.0,45513500.0,499462002500.0,25128.0,1378.2,10775.0,13000.0,10750.0,561400.0,133786220000.0,133786220000.0,15693123606.0,30005300.0,24829300.0,,2077000.0,20770000000.0,1.0
2024-09-06,10750.0,0.0,0.0,11075.0,10675.0,10800.0,50.0,23803900.0,259440945000.0,13535.0,1384.6,10825.0,10200.0,10800.0,687200.0,133786220000.0,133786220000.0,15693123606.0,17523700.0,16362100.0,,64.0,696000.0,1.0
2024-09-09,10800.0,0.0,0.0,10975.0,10450.0,10750.0,-50.0,26312900.0,282871770000.0,13599.0,1378.2,10775.0,4200.0,10750.0,506200.0,133786220000.0,133786220000.0,15693123606.0,14789700.0,15856400.0,,87464.0,934911400.0,2.0
2024-09-10,10750.0,0.0,0.0,11500.0,10775.0,11500.0,750.0,38892300.0,439786997500.0,19750.0,1474.4,11525.0,39600.0,11500.0,523400.0,133786220000.0,133786220000.0,15693123606.0,21709100.0,28823800.0,,10000.0,112875000.0,2.0
2024-09-11,11500.0,0.0,0.0,11950.0,11425.0,11900.0,400.0,41615200.0,489221735000.0,16543.0,1525.6,11900.0,2751100.0,11875.0,16500.0,133786220000.0,133786220000.0,15693123606.0,19915200.0,28394800.0,,25086.0,294273400.0,6.0
2024-09-12,11900.0,0.0,0.0,12100.0,11675.0,11750.0,-150.0,25427800.0,302821555000.0,13690.0,1506.4,11775.0,3600.0,11750.0,1484100.0,133786220000.0,133786220000.0,15693123606.0,13232100.0,18070000.0,,1777000.0,20435500000.0,1.0
2024-09-13,11750.0,0.0,0.0,12000.0,11650.0,11775.0,25.0,12601300.0,149371785000.0,10421.0,1509.6,11800.0,300.0,11775.0,800.0,133786220000.0,133786220000.0,15693123606.0,7588700.0,9971700.0,,0.0,0.0,0.0
2024-09-17,11775.0,0.0,0.0,12050.0,10925.0,11150.0,-625.0,45242600.0,513621277500.0,22025.0,1429.5,11150.0,379200.0,11125.0,129400.0,133786220000.0,133786220000.0,15693123606.0,32439300.0,23916200.0,,0.0,0.0,0.0
2024-09-18,11150.0,0.0,0.0,11400.0,10725.0,10725.0,-425.0,34909700.0,386406657500.0,15847.0,1375.0,10750.0,1600.0,10725.0,175600.0,133786220000.0,133786220000.0,15693123606.0,22566200.0,25043600.0,,800064.0,8860715200.0,3.0
2024-09-19,10725.0,0.0,0.0,11350.0,10725.0,11025.0,300.0,36434400.0,405332490000.0,16838.0,1413.5,11050.0,302400.0,11025.0,68500.0,133786220000.0,133786220000.0,15693123606.0,23071500.0,26647000.0,,0.0,0.0,0.0
2024-09-20,11025.0,0.0,0.0,10200.0,8825.0,8825.0,-2200.0,17045100.0,150425682500.0,8974.0,1131.4,8825.0,133889100.0,0.0,0.0,133786220000.0,133786220000.0,15693123606.0,15162300.0,1248100.0,,1051885.0,9838635125.0,6.0
2024-09-23,8825.0,0.0,0.0,7075.0,7075.0,7075.0,-1750.0,12591300.0,89083447500.0,6449.0,907.1,7075.0,239002500.0,0.0,0.0,133786220000.0,133786220000.0,15693123606.0,125000.0,1041900.0,,262900.0,1788210000.0,5.0
2024-09-24,7075.0,0.0,0.0,7925.0,5675.0,7225.0,150.0,467025900.0,3130135540000.0,168385.0,926.3,7250.0,474500.0,7225.0,2407300.0,133786220000.0,133786220000.0,15693123606.0,202809000.0,67873600.0,,745858.0,5267570350.0,3.0
2024-09-25,7225.0,0.0,0.0,7325.0,6900.0,6975.0,-250.0,66286900.0,467137982500.0,37196.0,894.2,7000.0,165400.0,6975.0,73200.0,133786220000.0,133786220000.0,15693123606.0,22396200.0,5155800.0,,23.0,160425.0,2.0
2024-09-26,6975.0,0.0,0.0,7400.0,6950.0,7300.0,325.0,58899700.0,426294915000.0,29420.0,935.9,7325.0,281000.0,7300.0,171000.0,133786220000.0,133786220000.0,15693123606.0,9136500.0,8554600.0,,18500.0,129037500.0,2.0
2024-09-27,7300.0,0.0,0.0,7425.0,7025.0,7175.0,-125.0,33279500.0,237848912500.0,18334.0,919.9,7175.0,447700.0,7150.0,5700.0,133786220000.0,133786220000.0,15693123606.0,14616300.0,2534400.0,,0.0,0.0,0.0
2024-09-30,7175.0,0.0,0.0,7225.0,6525.0,6600.0,-575.0,50373500.0,342701847500.0,32691.0,846.2,6625.0,162300.0,6600.0,92200.0,133786220000.0,133786220000.0,15693123606.0,10887400.0,4149600.0,,10000.0,68500000.0,1.0
2024-10-01,6600.0,0.0,0.0,6900.0,6575.0,6800.0,200.0,24884500.0,168675137500.0,14422.0,871.8,6800.0,217300.0,6775.0,163300.0,133786220000.0,133786220000.0,15693123606.0,6566400.0,7877400.0,,0.0,0.0,0.0
2024-10-02,6800.0,0.0,0.0,7100.0,6375.0,6975.0,175.0,60147400.0,402341062500.0,31187.0,894.2,6975.0,279600.0,6950.0,106500.0,133786220000.0,133786220000.0,15693123606.0,20948900.0,13491000.0,,15000.0,98000000.0,2.0
2024-10-03,6975.0,0.0,0.0,7150.0,6650.0,6850.0,-125.0,43581700.0,298781915000.0,21896.0,878.2,6850.0,768900.0,6825.0,100500.0,133786220000.0,133786220000.0,15693123606.0,17143200.0,12799700.0,,20300.0,139502500.0,3.0
2024-10-04,6850.0,0.0,0.0,7000.0,6550.0,6950.0,100.0,53098700.0,359417152500.0,24268.0,891.0,6950.0,644600.0,6925.0,1000.0,133786220000.0,133786220000.0,15693123606.0,18357900.0,21766700.0,,10074.0,68245800.0,2.0
2024-10-07,6950.0,0.0,0.0,7000.0,6750.0,6750.0,-200.0,24792200.0,169888560000.0,15780.0,865.4,6775.0,2200.0,6750.0,227400.0,133786220000.0,133786220000.0,15693123606.0,10644600.0,3189000.0,,0.0,0.0,0.0
2024-10-08,6750.0,0.0,0.0,6900.0,6650.0,6700.0,-50.0,12943900.0,87676697500.0,8490.0,859.0,6725.0,4600.0,6700.0,89500.0,133786220000.0,133786220000.0,15693123606.0,3234800.0,1719200.0,,3000000.0,20700000000.0,1.0
2024-10-09,6700.0,0.0,0.0,6825.0,6600.0,6600.0,-100.0,11196700.0,75050625000.0,9179.0,846.2,6625.0,29500.0,6600.0,445500.0,133786220000.0,133786220000.0,15693123606.0,3987800.0,780500.0,,4200.0,29400000.0,1.0
2024-10-10,6600.0,0.0,0.0,6700.0,6525.0,6525.0,-75.0,10231500.0,67413772500.0,8084.0,836.5,6550.0,58400.0,6525.0,353300.0,133786220000.0,133786220000.0,15693123606.0,1905000.0,971800.0,,0.0,0.0,0.0
2024-10-11,6525.0,0.0,0.0,6600.0,6400.0,6500.0,-25.0,14669000.0,95289270000.0,10560.0,833.3,6500.0,43000.0,6475.0,297100.0,133786220000.0,133786220000.0,15693123606.0,2092900.0,3301800.0,,2000.0,13000000.0,1.0
2024-10-14,6500.0,0.0,0.0,6850.0,6500.0,6700.0,200.0,19802300.0,133237117500.0,12478.0,859.0,6725.0,58100.0,6700.0,132300.0,133786220000.0,133786220000.0,15693123606.0,4759900.0,7730000.0,,0.0,0.0,0.0
2024-10-15,6700.0,0.0,0.0,6775.0,6550.0,6550.0,-150.0,16954300.0,112397177500.0,10740.0,839.7,6575.0,10700.0,6550.0,991600.0,133786220000.0,133786220000.0,15693123606.0,9210300.0,5911900.0,,0.0,0.0,0.0
2024-10-16,6550.0,0.0,0.0,6875.0,6600.0,6875.0,325.0,26103900.0,177039092500.0,10619.0,881.4,6875.0,992000.0,6800.0,15600.0,133786220000.0,133786220000.0,15693123606.0,7135600.0,16350500.0,,69.0,474375.0,1.0
2024-10-17,6875.0,0.0,0.0,7250.0,6800.0,7175.0,300.0,43453000.0,307983500000.0,20187.0,919.9,7175.0,1621300.0,7150.0,259800.0,133786220000.0,133786220000.0,15693123606.0,9732300.0,12470900.0,,0.0,0.0,0.0
2024-10-18,7175.0,0.0,0.0,7300.0,6975.0,7175.0,0.0,95394100.0,683170622500.0,12572.0,919.9,7175.0,633300.0,7150.0,3800.0,133786220000.0,133786220000.0,15693123606.0,74564200.0,75620200.0,,10.0,71750.0,1.0
2024-10-21,7175.0,0.0,0.0,7250.0,7025.0,7025.0,-150.0,20722600.0,146900077500.0,11085.0,900.6,7050.0,116800.0,7025.0,684100.0,133786220000.0,133786220000.0,15693123606.0,6646800.0,7284100.0,,300043.0,2122808525.0,2.0
2024-10-22,7025.0,0.0,0.0,7650.0,7050.0,7625.0,600.0,69416000.0,515687465000.0,31103.0,977.6,7650.0,606300.0,7625.0,8700.0,133786220000.0,133786220000.0,15693123606.0,10378800.0,14467000.0,,15000.0,109500000.0,3.0
2024-10-23,7625.0,0.0,0.0,7850.0,7450.0,7575.0,-50.0,39537300.0,302125252500.0,18299.0,971.2,7575.0,4700.0,7550.0,35400.0,133786220000.0,133786220000.0,15693123606.0,8592900.0,3063100.0,,12700.0,98175000.0,4.0
2024-10-24,7575.0,0.0,0.0,7800.0,7400.0,7400.0,-175.0,25490300.0,193241707500.0,12546.0,948.7,7425.0,7700.0,7400.0,10400.0,133786220000.0,133786220000.0,15693123606.0,5113100.0,2754200.0,,10005000.0,75038500000.0,2.0
2024-10-25,7400.0,0.0,0.0,7550.0,7225.0,7275.0,-125.0,13699600.0,101309482500.0,8239.0,932.7,7275.0,294200.0,7250.0,229700.0,133786220000.0,133786220000.0,15693123606.0,1071200.0,1128400.0,,0.0,0.0,0.0
2024-10-28,7275.0,0.0,0.0,7325.0,6700.0,6800.0,-475.0,38459900.0,265448782500.0,21269.0,871.8,6825.0,11800.0,6800.0,303600.0,133786220000.0,133786220000.0,15693123606.0,4919300.0,4776400.0,,0.0,0.0,0.0
2024-10-29,6800.0,0.0,0.0,6975.0,6775.0,6800.0,0.0,10521400.0,72326467500.0,6614.0,871.8,6825.0,133800.0,6800.0,110800.0,133786220000.0,133786220000.0,15693123606.0,1180100.0,1824400.0,,0.0,0.0,0.0
2024-10-30,6800.0,0.0,0.0,6875.0,6675.0,6675.0,-125.0,9464700.0,63580375000.0,6867.0,855.8,6700.0,7700.0,6675.0,31700.0,133786220000.0,133786220000.0,15693123606.0,1756600.0,662700.0,,10800.0,75330000.0,1.0
2024-10-31,6675.0,0.0,0.0,7000.0,6700.0,6800.0,125.0,18560900.0,127025922500.0,8945.0,871.8,6800.0,82000.0,6775.0,93900.0,133786220000.0,133786220000.0,15693123606.0,2142000.0,3192000.0,,135000.0,912125000.0,2.0
2024-11-01,6800.0,0.0,0.0,6950.0,6700.0,6700.0,-100.0,11549600.0,78395222500.0,7796.0,859.0,6725.0,15900.0,6700.0,1079900.0,133786220000.0,133786220000.0,15693123606.0,4502400.0,880100.0,,1260800.0,7587830000.0,2.0
2024-11-04,6700.0,0.0,0.0,6825.0,6575.0,6600.0,-100.0,8692500.0,58044077500.0,6958.0,846.2,6625.0,3500.0,6600.0,418100.0,133786220000.0,133786220000.0,15693123606.0,2397500.0,855800.0,,0.0,0.0,0.0
2024-11-05,6600.0,0.0,0.0,6775.0,6400.0,6400.0,-200.0,15252200.0,99247875000.0,11095.0,820.5,6425.0,1100.0,6400.0,359700.0,133786220000.0,133786220000.0,15693123606.0,2836400.0,544700.0,,0.0,0.0,0.0
2024-11-06,6400.0,0.0,0.0,6500.0,6150.0,6375.0,-25.0,16740100.0,105472855000.0,9985.0,817.3,6375.0,590200.0,6350.0,2400.0,133786220000.0,133786220000.0,15693123606.0,2649600.0,3543800.0,,0.0,0.0,0.0
2024-11-07,6375.0,0.0,0.0,6400.0,6000.0,6000.0,-375.0,14418500.0,88608635000.0,8844.0,769.2,6025.0,35400.0,6000.0,507900.0,133786220000.0,133786220000.0,15693123606.0,4465000.0,2131300.0,,5006.0,33538250.0,2.0
2024-11-08,6000.0,0.0,0.0,7025.0,6250.0,6875.0,875.0,56921800.0,386235290000.0,24868.0,881.4,6875.0,76500.0,6850.0,78700.0,133786220000.0,133786220000.0,15693123606.0,6673000.0,8606900.0,,10126.0,64866250.0,3.0
2024-11-11,6875.0,0.0,0.0,7525.0,6625.0,7375.0,500.0,51912700.0,366653920000.0,25321.0,945.5,7400.0,6100.0,7375.0,458900.0,133786220000.0,133786220000.0,15693123606.0,7944100.0,2771700.0,,10200.0,74460000.0,2.0
2024-11-12,7375.0,0.0,0.0,7875.0,7425.0,7500.0,125.0,55528200.0,424256495000.0,30560.0,961.5,7525.0,23000.0,7500.0,1102600.0,133786220000.0,133786220000.0,15693123606.0,5135400.0,5093900.0,,15000.0,113250000.0,3.0
2024-11-13,7500.0,0.0,0.0,7625.0,7275.0,7375.0,-125.0,22572100.0,167945517500.0,12662.0,945.5,7400.0,700.0,7375.0,91200.0,133786220000.0,133786220000.0,15693123606.0,4339600.0,4298400.0,,0.0,0.0,0.0
2024-11-14,7375.0,0.0,0.0,7450.0,7025.0,7025.0,-350.0,19680100.0,140744315000.0,10518.0,900.6,7050.0,23700.0,7025.0,78800.0,133786220000.0,133786220000.0,15693123606.0,3088800.0,1569800.0,,10000.0,73000000.0,1.0
2024-11-15,7025.0,0.0,0.0,7175.0,6725.0,6900.0,-125.0,20269300.0,141071487500.0,12064.0,884.6,6900.0,100.0,6875.0,19200.0,133786220000.0,133786220000.0,15693123606.0,3170800.0,2487600.0,,0.0,0.0,0.0
2024-11-18,6900.0,0.0,0.0,6975.0,6675.0,6675.0,-225.0,12805400.0,86652107500.0,6895.0,855.8,6700.0,11600.0,6675.0,37600.0,133786220000.0,133786220000.0,15693123606.0,3334000.0,2458600.0,,10120.0,73810450.0,3.0
2024-11-19,6675.0,0.0,0.0,7050.0,6675.0,6850.0,175.0,13064000.0,90087115000.0,7248.0,878.2,6875.0,37600.0,6850.0,33300.0,133786220000.0,133786220000.0,15693123606.0,2142500.0,2020600.0,,1500.0,10012500.0,1.0
2024-11-20,6850.0,0.0,0.0,6925.0,6725.0,6750.0,-100.0,7025800.0,47681257500.0,5386.0,865.4,6750.0,1200.0,6725.0,476600.0,133786220000.0,133786220000.0,15693123606.0,2463100.0,436500.0,,0.0,0.0,0.0
2024-11-21,6750.0,0.0,0.0,6875.0,6550.0,6550.0,-200.0,12451700.0,82946752500.0,7430.0,839.7,6550.0,6300.0,6525.0,170400.0,133786220000.0,133786220000.0,15693123606.0,4577400.0,501600.0,,0.0,0.0,0.0
2024-11-22,6550.0,0.0,0.0,6775.0,6550.0,6700.0,150.0,10506200.0,70137247500.0,6149.0,859.0,6725.0,94500.0,6700.0,222700.0,133786220000.0,133786220000.0,15693123606.0,1248700.0,931800.0,,57.0,381900.0,1.0
2024-11-25,6700.0,0.0,0.0,7050.0,6650.0,6900.0,200.0,18223100.0,125531025000.0,9635.0,884.6,6925.0,17900.0,6900.0,38200.0,133786220000.0,133786220000.0,15693123606.0,1615300.0,1806400.0,,0.0,0.0,0.0
2024-11-26,6900.0,0.0,0.0,7000.0,6700.0,6700.0,-200.0,12522000.0,85888660000.0,7057.0,859.0,6725.0,200.0,6700.0,561700.0,133786220000.0,133786220000.0,15693123606.0,3511500.0,1908300.0,,55.0,368750.0,2.0
2024-11-28,6700.0,0.0,0.0,6800.0,6700.0,6750.0,50.0,4553600.0,30687442500.0,3373.0,865.4,6750.0,341900.0,6725.0,19300.0,133786220000.0,133786220000.0,15693123606.0,1595400.0,999800.0,,0.0,0.0,0.0
2024-11-29,6750.0,0.0,0.0,6800.0,6600.0,6625.0,-125.0,12623100.0,84400587500.0,4539.0,849.4,6675.0,100.0,6625.0,563000.0,133786220000.0,133786220000.0,15693123606.0,2566400.0,1666600.0,,0.0,0.0,0.0
2024-12-02,6625.0,0.0,0.0,6775.0,6625.0,6725.0,100.0,8955800.0,59919622500.0,3461.0,862.2,6725.0,7700.0,6700.0,19200.0,133786220000.0,133786220000.0,15693123606.0,1016800.0,539200.0,,0.0,0.0,0.0
2024-12-03,6725.0,0.0,0.0,7000.0,6725.0,6800.0,75.0,10095800.0,69194325000.0,4713.0,871.8,6800.0,392500.0,6775.0,24500.0,133786220000.0,133786220000.0,15693123606.0,1461900.0,918000.0,,0.0,0.0,0.0
2024-12-04,6800.0,0.0,0.0,7500.0,6800.0,7475.0,675.0,41585700.0,300512605000.0,17696.0,958.3,7475.0,651400.0,7450.0,45900.0,133786220000.0,133786220000.0,15693123606.0,2988300.0,15117900.0,,0.0,0.0,0.0
2024-12-05,7475.0,0.0,0.0,7675.0,7300.0,7500.0,25.0,33477500.0,251363390000.0,18098.0,961.5,7500.0,758600.0,7475.0,11900.0,133786220000.0,133786220000.0,15693123606.0,2969400.0,5265700.0,,0.0,0.0,0.0
2024-12-06,7500.0,0.0,0.0,8500.0,7450.0,8500.0,1000.0,65924600.0,531383120000.0,30633.0,1089.7,8500.0,1397800.0,8475.0,16900.0,133786220000.0,133786220000.0,15693123606.0,4380600.0,20261500.0,,2500.0,19200000.0,3.0
2024-12-09,8500.0,8400.0,8375.0,8550.0,8275.0,8325.0,-175.0,31066900.0,260948985000.0,19609.0,1067.3,8325.0,302800.0,8300.0,633000.0,133786220000.0,133786220000.0,15693123606.0,8773700.0,4322900.0,,0.0,0.0,0.0
2024-12-10,8325.0,8400.0,8400.0,8700.0,8050.0,8450.0,125.0,38842600.0,326684897500.0,20777.0,1083.3,8450.0,161300.0,8425.0,3500.0,133786220000.0,133786220000.0,15693123606.0,5706800.0,6859300.0,,10600.0,87480000.0,2.0
2024-12-11,8450.0,8450.0,8475.0,8750.0,8400.0,8400.0,-50.0,29210500.0,249481715000.0,17605.0,1076.9,8425.0,10100.0,8400.0,53400.0,133786220000.0,133786220000.0,15693123606.0,2727000.0,5365400.0,,0.0,0.0,0.0
2024-12-12,8400.0,8475.0,8500.0,8675.0,8350.0,8525.0,125.0,17602300.0,149865310000.0,11853.0,1092.9,8550.0,46700.0,8525.0,18900.0,133786220000.0,133786220000.0,15693123606.0,2894300.0,4111700.0,,0.0,0.0,0.0
2024-12-13,8525.0,8600.0,8600.0,8850.0,8525.0,8525.0,0.0,27358700.0,237853667500.0,14975.0,1092.9,8550.0,40300.0,8525.0,947700.0,133786220000.0,133786220000.0,15693123606.0,2270800.0,4541600.0,,50.0,426250.0,1.0
2024-12-16,8525.0,8625.0,8625.0,8650.0,8050.0,8425.0,-100.0,24698300.0,206834822500.0,13525.0,1080.1,8450.0,3500.0,8425.0,454300.0,133786220000.0,133786220000.0,15693123606.0,3746300.0,6156200.0,,4512.0,37640700.0,4.0
2024-12-17,8425.0,8450.0,8475.0,9025.0,8425.0,8800.0,375.0,37949700.0,334287342500.0,19700.0,1128.2,8800.0,168700.0,8775.0,58700.0,133786220000.0,133786220000.0,15693123606.0,4309300.0,11419600.0,,5000.0,44500000.0,1.0
2024-12-18,8800.0,8900.0,8900.0,9100.0,8825.0,8975.0,175.0,24813500.0,223059720000.0,12886.0,1150.6,8975.0,81200.0,8950.0,119500.0,133786220000.0,133786220000.0,15693123606.0,8772100.0,6835800.0,,0.0,0.0,0.0
2024-12-19,8975.0,8700.0,8700.0,9000.0,8500.0,8825.0,-150.0,26992300.0,236536547500.0,14862.0,1131.4,8825.0,162500.0,8800.0,87000.0,133786220000.0,133786220000.0,15693123606.0,4318300.0,8227100.0,,0.0,0.0,0.0
2024-12-20,8825.0,8900.0,8900.0,9375.0,8700.0,9200.0,375.0,32532200.0,294552735000.0,15010.0,1179.5,9200.0,842000.0,9175.0,64300.0,133786220000.0,133786220000.0,15693123606.0,2792000.0,13654000.0,,5000.0,44500000.0,3.0
2024-12-23,9200.0,9200.0,9225.0,9500.0,9100.0,9375.0,175.0,27643300.0,257963917500.0,15303.0,1201.9,9400.0,327900.0,9375.0,211600.0,133786220000.0,133786220000.0,15693123606.0,7261300.0,9919000.0,,10462601.0,97613129175.0,6.0
2024-12-24,9375.0,9425.0,9425.0,9600.0,8950.0,9125.0,-250.0,21027300.0,194552790000.0,13414.0,1169.9,9125.0,621200.0,9100.0,13800.0,133786220000.0,133786220000.0,15693123606.0,4418500.0,5966800.0,,0.0,0.0,0.0
2024-12-27,9125.0,9125.0,9125.0,9275.0,9075.0,9200.0,75.0,11432100.0,104915690000.0,7192.0,1179.5,9200.0,568800.0,9150.0,3000.0,133786220000.0,133786220000.0,15693123606.0,1577200.0,7614800.0,,0.0,0.0,0.0
2024-12-30,9200.0,9275.0,9275.0,9400.0,9075.0,9275.0,75.0,22948300.0,213153250000.0,9399.0,1189.1,9275.0,384900.0,9250.0,39500.0,133786220000.0,133786220000.0,15693123606.0,3739200.0,14091900.0,,12043.0,99998825.0,2.0
2025-01-02,9275.0,9275.0,9300.0,9825.0,9275.0,9475.0,200.0,31228000.0,298239685000.0,17019.0,1214.7,9475.0,208400.0,9450.0,92900.0,133786220000.0,133786220000.0,15559337386.0,8856600.0,10423900.0,,0.0,0.0,0.0
2025-01-03,9475.0,9525.0,9550.0,9750.0,9450.0,9675.0,200.0,16136000.0,155375177500.0,7759.0,1240.4,9700.0,33400.0,9675.0,226400.0,133786220000.0,133786220000.0,15559337386.0,6033600.0,7214700.0,,0.0,0.0,0.0
2025-01-06,9675.0,9700.0,9725.0,9925.0,9700.0,9800.0,125.0,19534300.0,192188352500.0,9259.0,1256.4,9825.0,10100.0,9800.0,397400.0,133786220000.0,133786220000.0,15559337386.0,9714000.0,6266700.0,,0.0,0.0,0.0
2025-01-07,9800.0,9850.0,9850.0,10550.0,9750.0,10550.0,750.0,50713700.0,520919602500.0,21466.0,1352.6,10575.0,180300.0,10550.0,85100.0,133786220000.0,133786220000.0,15559337386.0,12075800.0,24080800.0,,21000068.0,200025686800.0,44.0
2025-01-08,10550.0,10600.0,10600.0,10650.0,10200.0,10475.0,-75.0,35618900.0,369860190000.0,22324.0,1342.9,10475.0,7500.0,10450.0,595500.0,133786220000.0,133786220000.0,15559337386.0,12865100.0,8182700.0,,200.0,156000.0,1.0
2025-01-09,10475.0,10475.0,10475.0,10500.0,10125.0,10225.0,-250.0,21496500.0,221317652500.0,10731.0,1310.9,10250.0,1900.0,10225.0,260500.0,133786220000.0,133786220000.0,15559337386.0,9437900.0,9548100.0,,0.0,0.0,0.0
2025-01-10,10225.0,10300.0,10325.0,10525.0,10200.0,10450.0,225.0,16317700.0,169479072500.0,9934.0,1339.7,10450.0,170500.0,10425.0,6400.0,133786220000.0,133786220000.0,15559337386.0,6159000.0,8533600.0,,985.0,9134050.0,3.0
2025-01-13,10450.0,10450.0,10475.0,10525.0,9500.0,10025.0,-425.0,37723000.0,383448762500.0,19213.0,1285.3,10050.0,24500.0,10025.0,103600.0,133786220000.0,133786220000.0,15559337386.0,13712000.0,16175700.0,,179.0,1850975.0,2.0
2025-01-14,10025.0,10200.0,10200.0,10225.0,9625.0,9650.0,-375.0,30077600.0,296092877500.0,18779.0,1237.2,9650.0,332800.0,9625.0,271000.0,133786220000.0,133786220000.0,15559337386.0,10639600.0,12265400.0,,88.0,849200.0,1.0
2025-01-15,9650.0,9650.0,9625.0,9725.0,9025.0,9075.0,-575.0,40012900.0,371918072500.0,25158.0,1163.5,9100.0,9500.0,9075.0,98700.0,133786220000.0,133786220000.0,15559337386.0,7496500.0,11157100.0,,28.0,254100.0,1.0
2025-01-16,9075.0,9100.0,9100.0,9775.0,8875.0,9575.0,500.0,35353500.0,331922980000.0,21797.0,1227.6,9600.0,47000.0,9575.0,339900.0,133786220000.0,133786220000.0,15559337386.0,10261600.0,15025600.0,,91.0,871325.0,1.0
2025-01-17,9575.0,9650.0,9650.0,10075.0,9600.0,9825.0,250.0,60357300.0,594733977500.0,17001.0,1259.6,9850.0,1500.0,9825.0,1830600.0,133786220000.0,133786220000.0,15559337386.0,44034200.0,37543400.0,,18153090.0,178354109250.0,3.0
2025-01-20,9825.0,9925.0,9950.0,10000.0,9600.0,9600.0,-225.0,21370700.0,209554615000.0,14657.0,1230.8,9625.0,500.0,9600.0,681600.0,133786220000.0,133786220000.0,15559337386.0,6576000.0,6150800.0,,0.0,0.0,0.0
2025-01-21,9600.0,9650.0,9675.0,9850.0,9100.0,9850.0,250.0,50440000.0,477643597500.0,26704.0,1262.8,9875.0,76900.0,9850.0,2300.0,133786220000.0,133786220000.0,15559337386.0,9471000.0,17911100.0,,106.0,1044100.0,2.0
2025-01-22,9850.0,9950.0,9975.0,10075.0,9775.0,9850.0,0.0,25079100.0,249227960000.0,14591.0,1262.8,9875.0,20300.0,9850.0,197100.0,133786220000.0,133786220000.0,15559337386.0,8463800.0,9148200.0,,11.0,108350.0,1.0
2025-01-23,9850.0,9900.0,9925.0,10050.0,9775.0,10000.0,150.0,22516700.0,223212772500.0,12527.0,1282.1,10000.0,1183000.0,9975.0,1100.0,133786220000.0,133786220000.0,15559337386.0,4796100.0,12972200.0,,7.0,70000.0,1.0
2025-01-24,10000.0,9975.0,9950.0,9975.0,9400.0,9600.0,-400.0,28283600.0,271238230000.0,18193.0,1230.8,9600.0,773700.0,9575.0,25000.0,133786220000.0,133786220000.0,15559337386.0,6355500.0,10427300.0,,0.0,0.0,0.0
2025-01-30,9600.0,9600.0,9625.0,9625.0,9050.0,9125.0,-475.0,19450700.0,179241517500.0,12073.0,1169.9,9150.0,228500.0,9125.0,183600.0,133786220000.0,133786220000.0,15559337386.0,5582000.0,6479100.0,,72.0,671400.0,1.0
2025-01-31,9125.0,9175.0,9200.0,9325.0,9025.0,9025.0,-100.0,13310200.0,121711520000.0,8244.0,1157.1,9075.0,4900.0,9025.0,24200.0,133786220000.0,133786220000.0,15559337386.0,5276100.0,5440600.0,,0.0,0.0,0.0
2025-02-03,9025.0,8975.0,8975.0,9000.0,8250.0,8400.0,-625.0,27467700.0,234884492500.0,16921.0,1076.9,8450.0,16600.0,8400.0,408000.0,133786220000.0,133786220000.0,15559337386.0,5394900.0,8434700.0,,124.0,1041600.0,2.0
2025-02-04,8400.0,8500.0,8525.0,8975.0,8475.0,8875.0,475.0,17040900.0,149980650000.0,10223.0,1137.8,8875.0,60600.0,8850.0,5800.0,133786220000.0,133786220000.0,15559337386.0,4131900.0,6156200.0,,5000.0,44250000.0,1.0
2025-02-05,8875.0,8950.0,8950.0,8975.0,8700.0,8850.0,-25.0,13590000.0,119547155000.0,9408.0,1134.6,8850.0,40400.0,8800.0,1500.0,133786220000.0,133786220000.0,15559337386.0,5853500.0,6798600.0,,81.0,716850.0,1.0
2025-02-06,8850.0,8900.0,8925.0,8925.0,8600.0,8775.0,-75.0,8514600.0,74279760000.0,6550.0,1125.0,8775.0,172200.0,8750.0,200.0,133786220000.0,133786220000.0,15559337386.0,2358700.0,4926800.0,,183.0,1619925.0,3.0
2025-02-07,8775.0,7025.0,7025.0,7025.0,7025.0,7025.0,-1750.0,9594200.0,67399255000.0,5918.0,900.6,7025.0,40683100.0,0.0,0.0,133786220000.0,133786220000.0,15559337386.0,8520800.0,186900.0,,25190315.0,176961962875.0,50.0
2025-02-10,7025.0,6500.0,6600.0,7100.0,5800.0,6650.0,-375.0,154387100.0,967292670000.0,60099.0,852.6,6675.0,41300.0,6650.0,8888600.0,133786220000.0,133786220000.0,15559337386.0,51418900.0,33829000.0,,293.0,1909950.0,5.0
2025-02-11,6650.0,6700.0,6700.0,6775.0,5825.0,6025.0,-625.0,60707200.0,378093860000.0,36499.0,772.4,6050.0,21000.0,6025.0,132400.0,133786220000.0,133786220000.0,15559337386.0,28807800.0,13582000.0,,48.0,289200.0,1.0
2025-02-12,6025.0,6100.0,6125.0,6450.0,6025.0,6275.0,250.0,27758900.0,173099490000.0,16065.0,804.5,6275.0,69000.0,6250.0,55700.0,133786220000.0,133786220000.0,15559337386.0,9632200.0,10449800.0,,0.0,0.0,0.0
2025-02-13,6275.0,6475.0,6450.0,6475.0,6025.0,6125.0,-150.0,20652100.0,126482200000.0,14302.0,785.3,6125.0,565400.0,6100.0,117100.0,133786220000.0,133786220000.0,15559337386.0,10947400.0,3405500.0,,4130.0,27742600.0,4.0
2025-02-14,6125.0,6150.0,6150.0,6350.0,6075.0,6150.0,25.0,17429300.0,108117532500.0,10227.0,788.5,6175.0,80200.0,6150.0,263700.0,133786220000.0,133786220000.0,15559337386.0,4525300.0,4197700.0,,3016.0,20024400.0,2.0
2025-02-17,6150.0,6250.0,6250.0,7050.0,6225.0,7025.0,875.0,45916300.0,308332250000.0,26898.0,900.6,7050.0,98600.0,7025.0,124200.0,133786220000.0,133786220000.0,15559337386.0,8617900.0,13456000.0,,38.0,266950.0,1.0
2025-02-18,7025.0,7100.0,7100.0,7150.0,6800.0,6825.0,-200.0,26653500.0,184552017500.0,18404.0,875.0,6850.0,47900.0,6825.0,420500.0,133786220000.0,133786220000.0,15559337386.0,12583000.0,1662700.0,,1177.0,8405525.0,4.0
2025-02-19,6825.0,6850.0,6875.0,6950.0,6675.0,6725.0,-100.0,11896600.0,80994835000.0,10463.0,862.2,6750.0,4600.0,6725.0,45000.0,133786220000.0,133786220000.0,15559337386.0,4011300.0,866400.0,,30000000.0,210000000000.0,1.0
2025-02-20,6725.0,6725.0,6750.0,6950.0,6650.0,6700.0,-25.0,12642500.0,85696210000.0,9389.0,859.0,6725.0,2500.0,6700.0,97400.0,133786220000.0,133786220000.0,15559337386.0,3627800.0,915500.0,,0.0,0.0,0.0
2025-02-21,6700.0,6900.0,6925.0,7000.0,6750.0,6900.0,200.0,21679300.0,149051297500.0,11111.0,884.6,6900.0,489800.0,6875.0,3700.0,133786220000.0,133786220000.0,15559337386.0,10493600.0,6032200.0,,0.0,0.0,0.0
2025-02-24,6900.0,6900.0,6900.0,6900.0,6300.0,6300.0,-600.0,23643300.0,154214010000.0,17470.0,807.7,6350.0,45100.0,6300.0,297200.0,133786220000.0,133786220000.0,15559337386.0,9488700.0,2000700.0,,179600.0,1251810000.0,3.0
2025-02-25,6300.0,6325.0,6350.0,6450.0,6050.0,6125.0,-175.0,19056200.0,118216442500.0,12927.0,785.3,6150.0,1100.0,6125.0,324300.0,133786220000.0,133786220000.0,15559337386.0,8047900.0,3352400.0,,200.0,1200000.0,2.0
2025-02-26,6125.0,6225.0,6225.0,6600.0,6175.0,6425.0,300.0,23444300.0,150293737500.0,14265.0,823.7,6450.0,23900.0,6425.0,339400.0,133786220000.0,133786220000.0,15559337386.0,5182100.0,4499300.0,,0.0,0.0,0.0
2025-02-27,6425.0,6475.0,6475.0,6525.0,6200.0,6200.0,-225.0,19662900.0,124216197500.0,12187.0,794.9,6250.0,132300.0,6200.0,397900.0,133786220000.0,133786220000.0,15559337386.0,7833100.0,2137300.0,,5500.0,35887500.0,1.0
2025-02-28,6200.0,6125.0,6125.0,6350.0,6025.0,6125.0,-75.0,14415600.0,89262297500.0,8568.0,785.3,6125.0,1100.0,6100.0,112100.0,133786220000.0,133786220000.0,15559337386.0,4168800.0,4273800.0,,109400.0,744365000.0,2.0
2025-03-03,6125.0,6225.0,6200.0,6525.0,6200.0,6400.0,275.0,13993600.0,89592677500.0,7330.0,820.5,6450.0,284900.0,6400.0,403100.0,133786220000.0,133786220000.0,15559337386.0,2655500.0,6137100.0,,712819.0,5247201600.0,3.0
2025-03-04,6400.0,6400.0,6400.0,6425.0,5875.0,6075.0,-325.0,23552800.0,143637025000.0,13125.0,778.8,6100.0,79200.0,6075.0,278200.0,133786220000.0,133786220000.0,15559337386.0,9214500.0,1879200.0,,67000.0,460200000.0,3.0
2025-03-05,6075.0,6125.0,6125.0,6250.0,6100.0,6100.0,25.0,9871600.0,60848715000.0,5718.0,782.1,6125.0,8400.0,6100.0,595900.0,133786220000.0,133786220000.0,15559337386.0,3147500.0,1684900.0,,15544.0,118070600.0,2.0
2025-03-06,6100.0,6200.0,6175.0,6375.0,6175.0,6325.0,225.0,10928500.0,68340492500.0,5333.0,810.9,6325.0,203500.0,6300.0,129500.0,133786220000.0,133786220000.0,15559337386.0,1348000.0,2987000.0,,16500.0,125400000.0,1.0
2025-03-07,6325.0,6400.0,6400.0,6825.0,6225.0,6475.0,150.0,22735800.0,148650922500.0,13988.0,830.1,6500.0,275500.0,6475.0,106000.0,133786220000.0,133786220000.0,15559337386.0,5825800.0,7523700.0,,10000.0,62875000.0,2.0
2025-03-10,6475.0,6500.0,6525.0,6600.0,6225.0,6225.0,-250.0,9591300.0,60921975000.0,7112.0,798.1,6250.0,71100.0,6225.0,537200.0,133786220000.0,133786220000.0,15559337386.0,3663100.0,1030100.0,,0.0,0.0,0.0
2025-03-11,6225.0,6050.0,6050.0,6225.0,6050.0,6150.0,-75.0,8972200.0,55024260000.0,6049.0,788.5,6175.0,12400.0,6150.0,64000.0,133786220000.0,133786220000.0,15559337386.0,3182100.0,1691600.0,,0.0,0.0,0.0
2025-03-12,6150.0,6175.0,6175.0,6250.0,6100.0,6150.0,0.0,5643400.0,34760845000.0,3723.0,788.5,6175.0,63000.0,6150.0,18600.0,133786220000.0,133786220000.0,15559337386.0,1882500.0,850900.0,,0.0,0.0,0.0
2025-03-13,6150.0,6200.0,6200.0,6200.0,6025.0,6075.0,-75.0,5912700.0,36111605000.0,4329.0,778.8,6100.0,5100.0,6075.0,35900.0,133786220000.0,133786220000.0,15559337386.0,1668900.0,877200.0,,67100.0,461515000.0,4.0
2025-03-14,6075.0,6150.0,6150.0,6150.0,6000.0,6025.0,-50.0,6515500.0,39347937500.0,5277.0,772.4,6050.0,194400.0,6025.0,74200.0,133786220000.0,133786220000.0,15559337386.0,2138600.0,870200.0,,0.0,0.0,0.0
2025-03-17,6025.0,6050.0,6075.0,6100.0,5700.0,5725.0,-300.0,13714900.0,79928572500.0,9787.0,734.0,5750.0,500.0,5725.0,167400.0,133786220000.0,133786220000.0,15559337386.0,3037300.0,1416100.0,,0.0,0.0,0.0
2025-03-18,5725.0,5775.0,5775.0,5825.0,4580.0,5050.0,-675.0,49691200.0,249880725000.0,27513.0,647.4,5075.0,4400.0,5050.0,63100.0,133786220000.0,133786220000.0,15559337386.0,10846000.0,10196000.0,,0.0,0.0,0.0
2025-03-19,5050.0,5125.0,5150.0,5400.0,4940.0,5300.0,250.0,21392000.0,111183169000.0,12254.0,679.5,5325.0,150600.0,5300.0,113800.0,133786220000.0,133786220000.0,15559337386.0,5790500.0,4747100.0,,0.0,0.0,0.0
2025-03-20,5300.0,5350.0,5350.0,5800.0,5325.0,5600.0,300.0,23914000.0,134073622500.0,13624.0,717.9,5625.0,14400.0,5600.0,800.0,133786220000.0,133786220000.0,15559337386.0,5386100.0,6390300.0,,15000.0,86000000.0,2.0
2025-03-21,5600.0,5675.0,5700.0,6350.0,5400.0,5975.0,375.0,44922600.0,266509032500.0,21440.0,766.0,6000.0,99700.0,5975.0,110800.0,133786220000.0,133786220000.0,15559337386.0,9492500.0,11437000.0,,29000.0,166300000.0,2.0
2025-03-24,5975.0,6000.0,6025.0,6100.0,5100.0,5450.0,-525.0,25866200.0,145308770000.0,15377.0,698.7,5475.0,28000.0,5450.0,78900.0,133786220000.0,133786220000.0,15559337386.0,10636200.0,3814300.0,,0.0,0.0,0.0
2025-03-25,5450.0,5525.0,5525.0,5625.0,5125.0,5125.0,-325.0,15840600.0,84118690000.0,9574.0,657.1,5150.0,14400.0,5125.0,222600.0,133786220000.0,133786220000.0,15559337386.0,7257800.0,2516300.0,,0.0,0.0,0.0
2025-03-26,5125.0,5150.0,5175.0,5575.0,5125.0,5450.0,325.0,15462000.0,83341557500.0,7960.0,698.7,5475.0,100900.0,5450.0,134500.0,133786220000.0,133786220000.0,15559337386.0,4475100.0,5125200.0,,100.0,600000.0,1.0
2025-03-27,5450.0,5500.0,5475.0,5675.0,5350.0,5500.0,50.0,10002700.0,55218660000.0,6446.0,705.1,5525.0,4500.0,5500.0,36400.0,133786220000.0,133786220000.0,15559337386.0,1937800.0,3035300.0,,0.0,0.0,0.0
2025-04-08,5500.0,4790.0,4790.0,4980.0,4690.0,4740.0,-760.0,23613500.0,113573010000.0,15360.0,607.7,4750.0,100.0,4740.0,33300.0,133786220000.0,133786220000.0,15559337386.0,10082400.0,2609600.0,,85.0,402900.0,3.0
2025-04-09,4740.0,4700.0,4690.0,4820.0,4170.0,4250.0,-490.0,24074500.0,107911201000.0,17144.0,544.9,4260.0,178400.0,4250.0,8673000.0,133786220000.0,133786220000.0,15559337386.0,9073600.0,4179600.0,,50000.0,413350000.0,1.0
2025-04-10,4250.0,4700.0,4700.0,5175.0,4620.0,5000.0,750.0,32828300.0,161157911000.0,15952.0,641.0,5000.0,70800.0,4990.0,69500.0,133786220000.0,133786220000.0,15559337386.0,4385500.0,14403200.0,,4500.0,21150000.0,1.0
2025-04-11,5000.0,5000.0,5000.0,5450.0,4890.0,5150.0,150.0,19504500.0,102516454000.0,11947.0,660.3,5175.0,40600.0,5150.0,57600.0,133786220000.0,133786220000.0,15559337386.0,5646000.0,6446400.0,,0.0,0.0,0.0
2025-04-14,5150.0,4800.0,4830.0,5675.0,4760.0,5650.0,500.0,33865700.0,182555313500.0,15024.0,724.4,5650.0,219100.0,5625.0,2100.0,133786220000.0,133786220000.0,15559337386.0,9237500.0,15614300.0,,69.0,389850.0,1.0
2025-04-15,5650.0,5750.0,5750.0,6050.0,5575.0,5900.0,250.0,27318000.0,159833785000.0,15452.0,756.4,5900.0,330800.0,5850.0,6600.0,133786220000.0,133786220000.0,15559337386.0,8924900.0,5814000.0,,31900.0,242440000.0,1.0
2025-04-16,5900.0,5975.0,6000.0,6050.0,5600.0,5600.0,-300.0,20801000.0,121374970000.0,12225.0,717.9,5625.0,1400.0,5600.0,251800.0,133786220000.0,133786220000.0,15559337386.0,7380400.0,4995200.0,,31978.0,245428800.0,2.0
2025-04-17,5600.0,5600.0,5625.0,5725.0,5525.0,5600.0,0.0,8101700.0,45424342500.0,5473.0,717.9,5625.0,26300.0,5600.0,36600.0,133786220000.0,133786220000.0,15559337386.0,3578300.0,2013000.0,,0.0,0.0,0.0
2025-04-21,5600.0,5625.0,5650.0,5800.0,5525.0,5600.0,0.0,6984400.0,39419550000.0,5057.0,717.9,5625.0,221200.0,5600.0,64800.0,133786220000.0,133786220000.0,15559337386.0,2684200.0,1772000.0,,98.0,548800.0,1.0
2025-04-22,5600.0,5600.0,5575.0,6025.0,5475.0,6000.0,400.0,21718600.0,127362850000.0,10684.0,769.2,6000.0,371400.0,5975.0,80100.0,133786220000.0,133786220000.0,15559337386.0,2873500.0,8845600.0,,28.0,168000.0,1.0
2025-04-23,6000.0,6200.0,6225.0,6375.0,6050.0,6100.0,100.0,20022000.0,123738847500.0,11401.0,782.1,6100.0,49300.0,6075.0,223400.0,133786220000.0,133786220000.0,15559337386.0,6732400.0,4547400.0,,20000000.0,103000000000.0,42.0
2025-04-24,6100.0,6100.0,6125.0,6175.0,5850.0,6000.0,-100.0,55496500.0,333625732500.0,9387.0,769.2,6000.0,2812200.0,5950.0,1400.0,133786220000.0,133786220000.0,15559337386.0,41585800.0,44519700.0,,23687160.0,142122960000.0,4.0
2025-04-25,6000.0,6050.0,6050.0,6050.0,5925.0,6000.0,0.0,9172000.0,55007432500.0,5450.0,769.2,6000.0,180900.0,5975.0,62300.0,133786220000.0,133786220000.0,15559337386.0,2410100.0,1445500.0,,0.0,0.0,0.0
2025-04-28,6000.0,6050.0,6050.0,6250.0,5900.0,6050.0,50.0,26241400.0,160644040000.0,15219.0,775.6,6075.0,20200.0,6050.0,125200.0,133786220000.0,133786220000.0,15559337386.0,4920500.0,3023900.0,,81900.0,557492000.0,4.0
2025-04-29,6050.0,6100.0,6125.0,6175.0,6025.0,6025.0,-25.0,8116900.0,49412302500.0,4689.0,772.4,6025.0,53900.0,6000.0,785900.0,133786220000.0,133786220000.0,15559337386.0,972400.0,123000.0,,31900.0,244992000.0,1.0
2025-04-30,6025.0,6050.0,6050.0,6125.0,5950.0,6025.0,0.0,7406500.0,44678630000.0,4415.0,772.4,6025.0,329500.0,6000.0,52500.0,133786220000.0,133786220000.0,15559337386.0,855500.0,982600.0,,2.0,12150.0,1.0
2025-05-02,6025.0,6100.0,6100.0,6150.0,6025.0,6100.0,75.0,11343400.0,69087242500.0,5776.0,782.1,6125.0,182100.0,6100.0,678900.0,133786220000.0,133786220000.0,15559337386.0,2743300.0,2736800.0,,0.0,0.0,0.0
2025-05-05,6100.0,6150.0,6150.0,6375.0,6125.0,6150.0,50.0,14416100.0,89731380000.0,7564.0,788.5,6175.0,105200.0,6150.0,373300.0,133786220000.0,133786220000.0,15559337386.0,3024500.0,2692600.0,,0.0,0.0,0.0
2025-05-06,6150.0,6175.0,6200.0,6250.0,6100.0,6200.0,50.0,23176000.0,143588000000.0,12383.0,794.9,6225.0,370700.0,6200.0,525900.0,133786220000.0,133786220000.0,15559337386.0,3438200.0,3998500.0,,0.0,0.0,0.0
2025-05-07,6200.0,6250.0,6225.0,6550.0,6100.0,6100.0,-100.0,70037000.0,443738285000.0,27239.0,782.1,6125.0,2500.0,6100.0,1182100.0,133786220000.0,133786220000.0,15559337386.0,22567800.0,11724900.0,,0.0,0.0,0.0
2025-05-08,6100.0,6175.0,6175.0,6250.0,5925.0,5950.0,-150.0,21520300.0,130909477500.0,12338.0,762.8,5975.0,93700.0,5950.0,386500.0,133786220000.0,133786220000.0,15559337386.0,4177300.0,639100.0,,0.0,0.0,0.0
2025-05-09,5950.0,6000.0,6000.0,6150.0,5900.0,6000.0,50.0,9024500.0,54002425000.0,6545.0,769.2,6000.0,239200.0,5975.0,96000.0,133786220000.0,133786220000.0,15559337386.0,1072700.0,882600.0,,70.0,418250.0,1.0
2025-05-14,6000.0,6150.0,6150.0,6275.0,6075.0,6175.0,175.0,17243800.0,106381022500.0,11201.0,791.7,6200.0,196200.0,6175.0,43700.0,133786220000.0,133786220000.0,15559337386.0,2447200.0,2399500.0,,0.0,0.0,0.0
2025-05-15,6175.0,6225.0,6225.0,6300.0,6175.0,6200.0,25.0,21087000.0,131574325000.0,11503.0,794.9,6225.0,95400.0,6200.0,205700.0,133786220000.0,133786220000.0,15559337386.0,4320900.0,6081900.0,,6.0,37200.0,1.0
2025-05-16,6200.0,6200.0,6225.0,6825.0,6150.0,6675.0,475.0,66787100.0,437654530000.0,25971.0,855.8,6675.0,203500.0,6650.0,52100.0,133786220000.0,133786220000.0,15559337386.0,5189200.0,19149200.0,,20050000.0,110322500000.0,44.0
2025-05-19,6675.0,6700.0,6725.0,6775.0,6500.0,6500.0,-175.0,27206000.0,180708237500.0,15092.0,833.3,6525.0,35000.0,6500.0,438000.0,133786220000.0,133786220000.0,15559337386.0,10054200.0,3432200.0,,79700.0,530642600.0,1.0
2025-05-20,6500.0,6650.0,6650.0,6850.0,6475.0,6500.0,0.0,42947100.0,286491507500.0,19113.0,833.3,6525.0,132900.0,6500.0,15400.0,133786220000.0,133786220000.0,15559337386.0,6810900.0,5331000.0,,0.0,0.0,0.0
2025-05-21,6500.0,6500.0,6500.0,6550.0,6300.0,6500.0,0.0,18383400.0,118217070000.0,12846.0,833.3,6500.0,218500.0,6450.0,6700.0,133786220000.0,133786220000.0,15559337386.0,2577700.0,3017000.0,,40000.0,274000000.0,2.0
2025-05-22,6500.0,6500.0,6500.0,6600.0,6450.0,6500.0,0.0,8950800.0,58368260000.0,6433.0,833.3,6525.0,133500.0,6500.0,127000.0,133786220000.0,133786220000.0,15559337386.0,1279100.0,796000.0,,0.0,0.0,0.0
2025-05-23,6500.0,6550.0,6550.0,6800.0,6500.0,6650.0,150.0,24229700.0,161076625000.0,10731.0,852.6,6650.0,456300.0,6625.0,101000.0,133786220000.0,133786220000.0,15559337386.0,2890600.0,3457500.0,,8.0,53200.0,1.0
2025-05-26,6650.0,6675.0,6700.0,6750.0,6500.0,6525.0,-125.0,19338300.0,127847037500.0,10697.0,836.5,6550.0,27500.0,6525.0,177000.0,133786220000.0,133786220000.0,15559337386.0,4650800.0,1426300.0,,0.0,0.0,0.0
2025-05-27,6525.0,6575.0,6575.0,6725.0,6500.0,6575.0,50.0,16376900.0,108370227500.0,8377.0,842.9,6600.0,154000.0,6575.0,162400.0,133786220000.0,133786220000.0,15559337386.0,2232000.0,2235900.0,,90.0,591750.0,1.0
2025-05-28,6575.0,6625.0,6600.0,6675.0,6500.0,6500.0,-75.0,10009200.0,65676915000.0,4453.0,833.3,6525.0,8300.0,6500.0,816100.0,133786220000.0,133786220000.0,15559337386.0,1104200.0,327900.0,,74900.0,498085000.0,1.0
2025-06-02,6500.0,6525.0,6550.0,6575.0,6250.0,6275.0,-225.0,13383300.0,85201892500.0,8516.0,804.5,6300.0,51300.0,6275.0,23200.0,133786220000.0,133786220000.0,15559337386.0,1546000.0,2057500.0,,0.0,0.0,0.0
2025-06-03,6275.0,6300.0,6325.0,6350.0,6100.0,6200.0,-75.0,10494200.0,65013755000.0,7032.0,794.9,6200.0,100.0,6175.0,117500.0,133786220000.0,133786220000.0,15559337386.0,1692000.0,2125400.0,,0.0,0.0,0.0
2025-06-04,6200.0,6225.0,6200.0,6250.0,6150.0,6150.0,-50.0,6962600.0,43074690000.0,4091.0,788.5,6175.0,4000.0,6150.0,484200.0,133786220000.0,133786220000.0,15559337386.0,735500.0,2303800.0,,10000.0,65750000.0,1.0
2025-06-05,6150.0,6200.0,6225.0,6550.0,6200.0,6350.0,200.0,21487100.0,137896455000.0,9799.0,814.1,6375.0,28600.0,6350.0,138800.0,133786220000.0,133786220000.0,15559337386.0,3144200.0,6643500.0,,20000.0,127500000.0,1.0
2025-06-10,6350.0,6450.0,6450.0,6900.0,6425.0,6725.0,375.0,46468500.0,310058967500.0,20835.0,862.2,6750.0,112400.0,6725.0,572800.0,133786220000.0,133786220000.0,15559337386.0,7361500.0,10850900.0,,13000000.0,81900000000.0,1.0
2025-06-11,6725.0,6850.0,6850.0,6900.0,6500.0,6575.0,-150.0,30497100.0,202144815000.0,14290.0,842.9,6600.0,58600.0,6575.0,835600.0,133786220000.0,133786220000.0,15559337386.0,12293700.0,2830600.0,,140.0,913500.0,2.0
2025-06-12,6575.0,6500.0,6525.0,6650.0,6425.0,6450.0,-125.0,18601700.0,121175225000.0,10842.0,826.9,6475.0,625500.0,6450.0,329500.0,133786220000.0,133786220000.0,15559337386.0,4058200.0,3707000.0,,0.0,0.0,0.0
2025-06-13,6450.0,6450.0,6475.0,6475.0,6325.0,6375.0,-75.0,20286500.0,129409917500.0,8540.0,817.3,6400.0,2200.0,6375.0,90400.0,133786220000.0,133786220000.0,15559337386.0,3479300.0,10133200.0,,71560.0,490159000.0,3.0
2025-06-16,6375.0,6400.0,6425.0,6450.0,6300.0,6325.0,-50.0,13282300.0,84473502500.0,7331.0,810.9,6350.0,162700.0,6325.0,400.0,133786220000.0,133786220000.0,15559337386.0,4691900.0,4790800.0,,0.0,0.0,0.0
2025-06-17,6325.0,6400.0,6400.0,6500.0,6300.0,6400.0,75.0,16143200.0,102896847500.0,8060.0,820.5,6400.0,222600.0,6375.0,9600.0,133786220000.0,133786220000.0,15559337386.0,2255200.0,4175000.0,,0.0,0.0,0.0
2025-06-18,6400.0,6400.0,6400.0,6400.0,6300.0,6300.0,-100.0,9674300.0,61275407500.0,5923.0,807.7,6325.0,6700.0,6300.0,846700.0,133786220000.0,133786220000.0,15559337386.0,2143300.0,3824100.0,,0.0,0.0,0.0
2025-06-19,6300.0,6350.0,6350.0,6350.0,6025.0,6125.0,-175.0,19086900.0,117527665000.0,11233.0,785.3,6125.0,305300.0,6100.0,48000.0,133786220000.0,133786220000.0,15559337386.0,2050800.0,5938400.0,,0.0,0.0,0.0
2025-06-20,6125.0,6125.0,6125.0,6175.0,6000.0,6050.0,-75.0,18678500.0,113396215000.0,5120.0,775.6,6075.0,36300.0,6050.0,1425700.0,133786220000.0,133786220000.0,15559337386.0,9414600.0,11642900.0,,306089.0,1857340800.0,5.0
2025-06-23,6050.0,5850.0,5850.0,5925.0,5650.0,5800.0,-250.0,14815400.0,86127835000.0,7304.0,743.6,5825.0,5100.0,5800.0,149600.0,133786220000.0,133786220000.0,15559337386.0,2057100.0,3983300.0,,0.0,0.0,0.0
2025-06-24,5800.0,5950.0,5975.0,6050.0,5800.0,5850.0,50.0,14893700.0,88268272500.0,7304.0,750.0,5875.0,65000.0,5850.0,442300.0,133786220000.0,133786220000.0,15559337386.0,3524200.0,3288500.0,,110.0,651750.0,2.0
2025-06-25,5850.0,5875.0,5900.0,5975.0,5775.0,5775.0,-75.0,8470800.0,49645125000.0,5380.0,740.4,5800.0,2900.0,5775.0,6700.0,133786220000.0,133786220000.0,15559337386.0,413400.0,3200400.0,,30030.0,185425500.0,2.0
2025-06-26,5775.0,5775.0,5800.0,5900.0,5750.0,5775.0,0.0,6855600.0,39829080000.0,4476.0,740.4,5775.0,176100.0,5750.0,300100.0,133786220000.0,133786220000.0,15559337386.0,707500.0,1603400.0,,47484200.0,274221255000.0,7.0
2025-06-30,5775.0,5875.0,5875.0,5925.0,5775.0,5875.0,100.0,13487000.0,78840252500.0,3763.0,753.2,5900.0,404200.0,5875.0,209300.0,133786220000.0,133786220000.0,15559337386.0,734200.0,3811100.0,,0.0,0.0,0.0
2025-07-01,5875.0,5900.0,5925.0,6225.0,5850.0,5900.0,25.0,22084700.0,132485335000.0,9000.0,756.4,5925.0,48600.0,5900.0,62600.0,133786220000.0,133786220000.0,15559337386.0,5405800.0,1729000.0,,0.0,0.0,0.0
2025-07-02,5900.0,5925.0,5950.0,6050.0,5700.0,5825.0,-75.0,15638000.0,91170352500.0,5214.0,746.8,5850.0,13700.0,5825.0,234200.0,133786220000.0,133786220000.0,15559337386.0,1983200.0,2039200.0,,0.0,0.0,0.0
2025-07-03,5825.0,5850.0,5850.0,5875.0,5725.0,5750.0,-75.0,3185700.0,18400157500.0,2623.0,737.2,5750.0,13700.0,5725.0,432600.0,133786220000.0,133786220000.0,15559337386.0,561500.0,96900.0,,0.0,0.0,0.0
2025-07-04,5750.0,5800.0,5825.0,5825.0,5650.0,5700.0,-50.0,4715800.0,26945827500.0,3235.0,730.8,5700.0,229200.0,5675.0,380500.0,133786220000.0,133786220000.0,15559337386.0,512500.0,710500.0,,0.0,0.0,0.0
2025-07-07,5700.0,5775.0,5775.0,5925.0,5700.0,5825.0,125.0,15984900.0,93030537500.0,4246.0,746.8,5850.0,65500.0,5825.0,53500.0,133786220000.0,133786220000.0,15559337386.0,3986000.0,2337600.0,,0.0,0.0,0.0
2025-07-08,5825.0,5850.0,5875.0,6050.0,5775.0,6000.0,175.0,11718100.0,69486760000.0,6355.0,769.2,6025.0,411200.0,6000.0,10400.0,133786220000.0,133786220000.0,15559337386.0,2359100.0,2661400.0,,0.0,0.0,0.0
2025-07-09,6000.0,6050.0,6075.0,6125.0,5925.0,5975.0,-25.0,9563400.0,57422525000.0,6803.0,766.0,5975.0,40500.0,5950.0,200200.0,133786220000.0,133786220000.0,15559337386.0,2142500.0,539100.0,,0.0,0.0,0.0
2025-07-10,5975.0,6000.0,6025.0,6200.0,5975.0,6100.0,125.0,15585100.0,95167790000.0,9759.0,782.1,6100.0,10800.0,6075.0,153300.0,133786220000.0,133786220000.0,15559337386.0,5158000.0,2626000.0,,320.0,1145000.0,2.0
2025-07-11,6100.0,6150.0,6175.0,6200.0,6050.0,6100.0,0.0,12951800.0,79071057500.0,5996.0,782.1,6125.0,99100.0,6100.0,149500.0,133786220000.0,133786220000.0,15559337386.0,5051400.0,1386800.0,,0.0,0.0,0.0
2025-07-14,6100.0,7300.0,7300.0,7300.0,6725.0,7300.0,1200.0,150102200.0,1074993425000.0,50294.0,935.9,0.0,0.0,7300.0,7259500.0,133786220000.0,133786220000.0,15559337386.0,29895400.0,41258100.0,,990900.0,7118416500.0,2.0
2025-07-15,7300.0,7550.0,7550.0,8500.0,7425.0,7750.0,450.0,121620600.0,966865302500.0,61786.0,993.6,7775.0,1790900.0,7750.0,15000.0,133786220000.0,133786220000.0,15559337386.0,33084200.0,15720500.0,,0.0,0.0,0.0
2025-07-16,7750.0,7850.0,7850.0,7875.0,7350.0,7700.0,-50.0,55971100.0,424454210000.0,31720.0,987.2,7725.0,88900.0,7700.0,31100.0,133786220000.0,133786220000.0,15559337386.0,10432100.0,7716700.0,,45000.0,327250000.0,4.0
2025-07-17,7700.0,7550.0,7550.0,7950.0,7550.0,7725.0,25.0,38443100.0,298406812500.0,20497.0,990.4,7750.0,154800.0,7725.0,58200.0,133786220000.0,133786220000.0,15559337386.0,10321600.0,13643800.0,,0.0,0.0,0.0
2025-07-18,7725.0,7800.0,7800.0,8450.0,7725.0,8000.0,275.0,95900700.0,778263580000.0,35395.0,1025.6,8025.0,5000.0,8000.0,1955900.0,133786220000.0,133786220000.0,15559337386.0,38959800.0,35022200.0,,20458550.0,163669400000.0,6.0
2025-07-21,8000.0,8125.0,8150.0,8175.0,7750.0,7900.0,-100.0,45820100.0,361763022500.0,21512.0,1012.8,7900.0,38800.0,7875.0,38400.0,133786220000.0,133786220000.0,15559337386.0,12388600.0,6578200.0,,15057.0,118950300.0,2.0
2025-07-22,7900.0,8125.0,8125.0,8375.0,7875.0,7875.0,-25.0,70858500.0,574577712500.0,35193.0,1009.6,7875.0,1402500.0,7850.0,254600.0,133786220000.0,133786220000.0,15559337386.0,10676700.0,20153400.0,,0.0,0.0,0.0
2025-07-23,7875.0,7925.0,7950.0,8025.0,7550.0,7825.0,-50.0,33058300.0,257062602500.0,19282.0,1003.2,7825.0,97400.0,7800.0,784900.0,133786220000.0,133786220000.0,15559337386.0,5933400.0,9121400.0,,24.0,187800.0,1.0
2025-07-24,7825.0,7825.0,7850.0,7950.0,7700.0,7725.0,-100.0,20312400.0,158712557500.0,12164.0,990.4,7725.0,60500.0,7700.0,390100.0,133786220000.0,133786220000.0,15559337386.0,2589800.0,5664500.0,,180788.0,1566367600.0,3.0
2025-07-25,7725.0,7725.0,7725.0,7775.0,7500.0,7650.0,-75.0,20860300.0,159755922500.0,12357.0,980.8,7650.0,108700.0,7625.0,191600.0,133786220000.0,133786220000.0,15559337386.0,3386700.0,6328100.0,,88.0,673200.0,1.0
2025-07-28,7650.0,7650.0,7675.0,7950.0,7625.0,7925.0,275.0,29391500.0,229526365000.0,14782.0,1016.0,7925.0,484100.0,7900.0,1147100.0,133786220000.0,133786220000.0,15559337386.0,3716900.0,8102900.0,,470000000.0,3219500000000.0,1.0
2025-07-29,7925.0,8000.0,8000.0,8000.0,7800.0,7925.0,0.0,21903100.0,173356795000.0,12242.0,1016.0,7950.0,190100.0,7925.0,1248900.0,133786220000.0,133786220000.0,15559337386.0,3257600.0,8301700.0,,0.0,0.0,0.0
2025-07-30,7925.0,8000.0,8000.0,8100.0,7750.0,7825.0,-100.0,22115500.0,175030347500.0,13821.0,1003.2,7825.0,936500.0,7800.0,113200.0,133786220000.0,133786220000.0,15559337386.0,4708600.0,8676300.0,,0.0,0.0,0.0
2025-07-31,7825.0,7825.0,7850.0,7875.0,7700.0,7825.0,0.0,10829100.0,84385780000.0,7665.0,1003.2,7825.0,633600.0,7800.0,1600.0,133786220000.0,133786220000.0,15559337386.0,2413100.0,4996500.0,,0.0,0.0,0.0
2025-08-01,7825.0,7900.0,7900.0,7925.0,7775.0,7800.0,-25.0,15546700.0,122148957500.0,9235.0,1000.0,7825.0,34500.0,7800.0,180100.0,133786220000.0,133786220000.0,15559337386.0,3322000.0,5371900.0,,0.0,0.0,0.0
2025-08-04,7800.0,7800.0,7800.0,7800.0,7150.0,7200.0,-600.0,38666700.0,287457825000.0,25932.0,923.1,7200.0,2079700.0,7175.0,205900.0,133786220000.0,133786220000.0,15559337386.0,5966600.0,7381100.0,,251000.0,1982900000.0,4.0
2025-08-05,7200.0,7225.0,7225.0,7300.0,6775.0,7075.0,-125.0,35004600.0,245712552500.0,21496.0,907.1,7075.0,446100.0,7050.0,127000.0,133786220000.0,133786220000.0,15559337386.0,7880500.0,12817600.0,,1358080.0,9540514000.0,3.0
2025-08-06,7075.0,7200.0,7200.0,7450.0,7075.0,7225.0,150.0,21124000.0,153571355000.0,13430.0,926.3,7250.0,13900.0,7225.0,128300.0,133786220000.0,133786220000.0,15559337386.0,8447800.0,7517300.0,,3.0,21675.0,1.0
2025-08-07,7225.0,7325.0,7325.0,7375.0,7025.0,7250.0,25.0,25660000.0,184219372500.0,15439.0,929.5,7275.0,42300.0,7250.0,14600.0,133786220000.0,133786220000.0,15559337386.0,7565100.0,12438000.0,,13000.0,100750000.0,1.0
2025-08-08,7250.0,7925.0,7900.0,8050.0,7375.0,7950.0,700.0,73663400.0,572561290000.0,29175.0,1019.2,7950.0,772500.0,7925.0,319000.0,133786220000.0,133786220000.0,15559337386.0,14094300.0,22836600.0,,0.0,0.0,0.0
2025-08-11,7950.0,8050.0,8050.0,8825.0,7850.0,8750.0,800.0,84544500.0,710342825000.0,37868.0,1121.8,8750.0,1392300.0,8725.0,93700.0,133786220000.0,133786220000.0,15559337386.0,17553900.0,23515700.0,,30000.0,166500000.0,1.0
2025-08-12,8750.0,8900.0,8875.0,9325.0,8825.0,9100.0,350.0,72575500.0,658388395000.0,33683.0,1166.7,9100.0,7400.0,9075.0,109400.0,133786220000.0,133786220000.0,15559337386.0,20716900.0,24106300.0,,0.0,0.0,0.0
2025-08-13,9100.0,9150.0,9175.0,9450.0,8875.0,9100.0,0.0,55874800.0,511458342500.0,27984.0,1166.7,9100.0,1000.0,9075.0,85700.0,133786220000.0,133786220000.0,15559337386.0,16338400.0,25626400.0,,0.0,0.0,0.0
2025-08-14,9100.0,9200.0,9175.0,9375.0,9150.0,9225.0,125.0,37491300.0,347467267500.0,16558.0,1182.7,9225.0,102800.0,9200.0,211800.0,133786220000.0,133786220000.0,15559337386.0,8408100.0,20582600.0,,0.0,0.0,0.0
2025-08-15,9225.0,9275.0,9275.0,9325.0,8700.0,8750.0,-475.0,39895400.0,354830980000.0,24621.0,1121.8,8750.0,2532300.0,8725.0,191100.0,133786220000.0,133786220000.0,15559337386.0,11425300.0,11155500.0,,2573300.0,22839051200.0,2.0
2025-08-19,8750.0,8750.0,8725.0,8925.0,8475.0,8575.0,-175.0,30511700.0,263381717500.0,22166.0,1099.4,8575.0,88500.0,8550.0,173400.0,133786220000.0,133786220000.0,15559337386.0,13261400.0,14794400.0,,0.0,0.0,0.0
2025-08-20,8575.0,8600.0,8625.0,8750.0,8550.0,8600.0,25.0,15708700.0,135624045000.0,10410.0,1102.6,8625.0,15300.0,8600.0,122900.0,133786220000.0,133786220000.0,15559337386.0,6665400.0,6941000.0,,1842000.0,15905670000.0,3.0
2025-08-21,8600.0,8600.0,8575.0,8600.0,8250.0,8425.0,-175.0,23015500.0,194081102500.0,17574.0,1080.1,8450.0,83300.0,8425.0,93000.0,133786220000.0,133786220000.0,15559337386.0,9845700.0,7817100.0,,414300.0,3493377600.0,1.0
2025-08-22,8425.0,8425.0,8425.0,8575.0,8350.0,8525.0,100.0,18611300.0,157750817500.0,8798.0,1092.9,8550.0,57700.0,8525.0,281300.0,133786220000.0,133786220000.0,15559337386.0,8761300.0,8821700.0,,776800.0,6579096300.0,2.0
2025-08-25,8525.0,8575.0,8575.0,9050.0,8525.0,8925.0,400.0,27637600.0,242010050000.0,14974.0,1144.2,8950.0,69900.0,8925.0,450300.0,133786220000.0,133786220000.0,15559337386.0,5299000.0,8376900.0,,0.0,0.0,0.0
2025-08-26,8925.0,8975.0,8975.0,9100.0,8650.0,8875.0,-50.0,37895200.0,337335342500.0,17089.0,1137.8,8900.0,10100.0,8875.0,236200.0,133786220000.0,133786220000.0,15559337386.0,11015600.0,12837000.0,,0.0,0.0,0.0
2025-08-27,8875.0,9000.0,9000.0,9850.0,8950.0,9800.0,925.0,76579700.0,729133110000.0,41147.0,1256.4,9800.0,330200.0,9775.0,27800.0,133786220000.0,133786220000.0,15559337386.0,11644100.0,43906100.0,,19058500.0,162950175000.0,1.0
2025-08-28,9800.0,9750.0,9750.0,9850.0,9175.0,9300.0,-500.0,50123200.0,476491812500.0,32477.0,1192.3,9325.0,4900.0,9300.0,18200.0,133786220000.0,133786220000.0,15559337386.0,20554600.0,14803100.0,,0.0,0.0,0.0
2025-08-29,9300.0,9000.0,9025.0,9425.0,8825.0,9025.0,-275.0,51571200.0,468160450000.0,24979.0,1157.1,9025.0,881600.0,9000.0,309300.0,133786220000.0,133786220000.0,15559337386.0,9625600.0,17365500.0,,0.0,0.0,0.0
2025-09-01,9025.0,8650.0,8650.0,9125.0,8600.0,8950.0,-75.0,48145300.0,427949030000.0,21429.0,1147.4,8950.0,229100.0,8925.0,4100.0,133786220000.0,133786220000.0,15559337386.0,15364300.0,13149700.0,,8238292.0,73223281200.0,20.0
2025-09-02,8950.0,9050.0,9075.0,9100.0,8825.0,8825.0,-125.0,27352000.0,244715292500.0,14874.0,1131.4,8850.0,124000.0,8825.0,557400.0,133786220000.0,133786220000.0,15559337386.0,14422900.0,4727600.0,,76.0,670700.0,1.0
2025-09-03,8825.0,8875.0,8900.0,8925.0,8600.0,8600.0,-225.0,30961700.0,269530382500.0,18804.0,1102.6,8625.0,9500.0,8600.0,465200.0,133786220000.0,133786220000.0,15559337386.0,15057100.0,5856100.0,,38704400.0,329026044600.0,2.0
2025-09-04,8600.0,8600.0,8575.0,8725.0,8525.0,8625.0,25.0,15343800.0,132324327500.0,10208.0,1105.8,8625.0,231300.0,8600.0,190100.0,133786220000.0,133786220000.0,15559337386.0,6160900.0,3837900.0,,110630.0,984598750.0,4.0
2025-09-08,8625.0,8675.0,8675.0,8950.0,8550.0,8575.0,-50.0,31595900.0,277501787500.0,15881.0,1099.4,8575.0,518500.0,8550.0,152800.0,133786220000.0,133786220000.0,15559337386.0,9196100.0,10994900.0,,39233600.0,327600560000.0,1.0
2025-09-09,8575.0,8600.0,8600.0,8725.0,8250.0,8325.0,-250.0,24691700.0,207132402500.0,20117.0,1067.3,8350.0,274300.0,8325.0,104500.0,133786220000.0,133786220000.0,15559337386.0,11030900.0,6604400.0,,9890600.0,82751675000.0,2.0
2025-09-10,8325.0,8525.0,8500.0,8650.0,8350.0,8550.0,225.0,19462600.0,166333812500.0,9393.0,1096.2,8550.0,343000.0,8525.0,29300.0,133786220000.0,133786220000.0,15559337386.0,7876400.0,6858600.0,,0.0,0.0,0.0
2025-09-11,8550.0,8600.0,8600.0,8650.0,8400.0,8550.0,0.0,15391700.0,131476140000.0,8715.0,1096.2,8575.0,50300.0,8550.0,148500.0,133786220000.0,133786220000.0,15559337386.0,6207400.0,4958300.0,,15000.0,115500000.0,1.0
2025-09-12,8550.0,8700.0,8650.0,8850.0,8600.0,8650.0,100.0,16236100.0,141316780000.0,10481.0,1109.0,8675.0,41700.0,8650.0,310800.0,133786220000.0,133786220000.0,15559337386.0,6100700.0,3760600.0,,111200.0,811760000.0,1.0
2025-09-15,8650.0,8650.0,8675.0,8950.0,8650.0,8875.0,225.0,19471400.0,172447195000.0,12328.0,1137.8,8900.0,16800.0,8875.0,364000.0,133786220000.0,133786220000.0,15559337386.0,5245600.0,11566900.0,,39600000.0,328680000000.0,1.0
2025-09-16,8875.0,9000.0,9000.0,9050.0,8775.0,8875.0,0.0,11936400.0,105763610000.0,8691.0,1137.8,8875.0,254600.0,8850.0,73100.0,133786220000.0,133786220000.0,15559337386.0,4711600.0,6022800.0,,0.0,0.0,0.0
2025-09-17,8875.0,8875.0,8900.0,9200.0,8775.0,8925.0,50.0,25326200.0,226561575000.0,13495.0,1144.2,8925.0,4100.0,8900.0,8400.0,133786220000.0,133786220000.0,15559337386.0,9248200.0,10126200.0,,0.0,0.0,0.0
2025-09-18,8925.0,8950.0,8975.0,9200.0,8900.0,9075.0,150.0,42983000.0,390422945000.0,18705.0,1163.5,9075.0,7600.0,9050.0,434700.0,133786220000.0,133786220000.0,15559337386.0,19745900.0,6864900.0,,0.0,0.0,0.0
2025-09-19,9075.0,9125.0,9100.0,9125.0,8800.0,9050.0,-25.0,38933800.0,349043785000.0,17382.0,1160.3,9050.0,765400.0,9025.0,200.0,133786220000.0,133786220000.0,15559337386.0,20802500.0,21382100.0,,0.0,0.0,0.0
2025-09-22,9050.0,9050.0,9050.0,9050.0,8775.0,8925.0,-125.0,30798500.0,272890640000.0,15178.0,1144.2,8950.0,254000.0,8925.0,1000.0,133786220000.0,133786220000.0,15559337386.0,15683200.0,7909000.0,,84640518.0,697998336550.0,46.0
2025-09-23,8925.0,8925.0,8925.0,9200.0,8900.0,9025.0,100.0,29343200.0,264375985000.0,13181.0,1157.1,9050.0,362300.0,9025.0,6800.0,133786220000.0,133786220000.0,15559337386.0,9154500.0,11874700.0,,72528.0,703502700.0,2.0
2025-09-24,9025.0,9150.0,9175.0,9400.0,8875.0,8875.0,-150.0,57939000.0,523682917500.0,24353.0,1137.8,8875.0,147000.0,8850.0,408100.0,133786220000.0,133786220000.0,15559337386.0,12599700.0,16457700.0,,0.0,0.0,0.0
2025-09-25,8875.0,8850.0,8850.0,9100.0,8525.0,8800.0,-75.0,33165700.0,294183700000.0,17328.0,1128.2,8825.0,2200.0,8800.0,70000.0,133786220000.0,133786220000.0,15559337386.0,7173100.0,10906700.0,,31000.0,283375000.0,3.0
2025-09-26,8800.0,9000.0,9000.0,9300.0,8925.0,9025.0,225.0,35396100.0,321586222500.0,16407.0,1157.1,9025.0,352200.0,9000.0,176400.0,133786220000.0,133786220000.0,15559337386.0,12053900.0,10104000.0,,0.0,0.0,0.0
2025-09-29,9025.0,9025.0,9025.0,9950.0,8975.0,9675.0,650.0,102431800.0,976381985000.0,37812.0,1240.4,9675.0,804300.0,9650.0,22400.0,133786220000.0,133786220000.0,15559337386.0,21516900.0,39057600.0,,77400032.0,675335309600.0,4.0
2025-09-30,9675.0,9800.0,9800.0,9800.0,9275.0,9375.0,-300.0,39361700.0,373814120000.0,20037.0,1201.9,9375.0,77700.0,9350.0,158500.0,133786220000.0,133786220000.0,15559337386.0,16038200.0,9660000.0,,132197.0,1283364375.0,4.0
2025-10-01,9375.0,9425.0,9425.0,9500.0,9150.0,9150.0,-225.0,31562600.0,293530160000.0,16755.0,1173.1,9175.0,67900.0,9150.0,12400.0,133786220000.0,133786220000.0,17579509308.0,9808600.0,10017500.0,,9190062.0,83399817300.0,2.0
2025-10-02,9150.0,9175.0,9175.0,9275.0,9025.0,9175.0,25.0,23891800.0,219352435000.0,12774.0,1176.3,9175.0,38600.0,9150.0,36100.0,133786220000.0,133786220000.0,17579509308.0,5874700.0,8500400.0,,481220014.0,4162553128450.0,2.0
2025-10-03,9175.0,9375.0,9375.0,9800.0,9350.0,9550.0,375.0,53213300.0,507433510000.0,20589.0,1224.4,9550.0,58400.0,9525.0,101900.0,133786220000.0,133786220000.0,17579509308.0,17648200.0,20666600.0,,0.0,0.0,0.0
2025-10-06,9550.0,9675.0,9700.0,10150.0,9575.0,9975.0,425.0,67404700.0,664971732500.0,27943.0,1278.8,10000.0,670200.0,9975.0,5400.0,133786220000.0,133786220000.0,17579509308.0,20872100.0,26932700.0,,88070086.0,827858857850.0,2.0
2025-10-07,9975.0,10150.0,10150.0,10350.0,9900.0,9975.0,0.0,43961800.0,442489097500.0,23363.0,1278.8,10000.0,231800.0,9975.0,89100.0,133786220000.0,133786220000.0,17579509308.0,15485200.0,9151100.0,,0.0,0.0,0.0
2025-10-08,9975.0,10050.0,10075.0,10100.0,9300.0,9650.0,-325.0,43227100.0,418510172500.0,23805.0,1237.2,9675.0,1100.0,9650.0,75300.0,133786220000.0,133786220000.0,17579509308.0,17729500.0,9159700.0,,62.0,598300.0,1.0
2025-10-09,9650.0,9700.0,9725.0,10075.0,9500.0,9875.0,225.0,38499900.0,378984705000.0,21763.0,1266.0,9900.0,432300.0,9875.0,31200.0,133786220000.0,133786220000.0,17579509308.0,10281500.0,17883100.0,,0.0,0.0,0.0
2025-10-10,9875.0,9900.0,9900.0,9975.0,9650.0,9850.0,-25.0,37198100.0,364265360000.0,18442.0,1262.8,9850.0,129200.0,9825.0,30400.0,133786220000.0,133786220000.0,17579509308.0,11756600.0,14140900.0,,57.0,561450.0,1.0
2025-10-13,9850.0,9600.0,9625.0,10250.0,9575.0,9825.0,-25.0,52095700.0,514048232500.0,29204.0,1259.6,9825.0,279100.0,9800.0,27800.0,133786220000.0,133786220000.0,17579509308.0,14280000.0,18842200.0,,81000.0,888875000.0,2.0
2025-10-14,9825.0,9850.0,9850.0,9900.0,9100.0,9675.0,-150.0,47403400.0,452388442500.0,30109.0,1240.4,9675.0,178300.0,9650.0,4700.0,133786220000.0,133786220000.0,17579509308.0,12964400.0,16176900.0,,128974.0,1170918000.0,5.0
2025-10-15,9675.0,9675.0,9675.0,9725.0,9250.0,9550.0,-125.0,30362500.0,288395930000.0,15331.0,1224.4,9550.0,65800.0,9525.0,28500.0,133786220000.0,133786220000.0,17579509308.0,13498900.0,13348800.0,,30089.0,299349950.0,3.0
2025-10-16,9550.0,9650.0,9625.0,9825.0,9475.0,9800.0,250.0,26735900.0,259868640000.0,12337.0,1256.4,9800.0,975400.0,9775.0,26800.0,133786220000.0,133786220000.0,17579509308.0,9317400.0,13310600.0,,78688.0,865462400.0,2.0
2025-10-17,9800.0,9800.0,9800.0,9800.0,9100.0,9300.0,-500.0,48110600.0,448358147500.0,21967.0,1192.3,9325.0,116400.0,9300.0,777500.0,133786220000.0,133786220000.0,17579509308.0,26595700.0,15474300.0,,10182123.0,94630863900.0,5.0
2025-10-20,9300.0,9350.0,9375.0,9425.0,9125.0,9275.0,-25.0,20358300.0,188379742500.0,16027.0,1189.1,9275.0,23000.0,9250.0,122900.0,133786220000.0,133786220000.0,17579509308.0,7283300.0,4987400.0,,3000140.0,27826316924.0,3.0
2025-10-21,9275.0,9250.0,9275.0,9350.0,9200.0,9250.0,-25.0,10678300.0,99081310000.0,7961.0,1185.9,9250.0,204800.0,9225.0,219700.0,133786220000.0,133786220000.0,17579509308.0,3382200.0,4257700.0,,0.0,0.0,0.0
2025-10-22,9250.0,9250.0,9250.0,9275.0,9075.0,9100.0,-150.0,15204100.0,139231070000.0,12424.0,1166.7,9100.0,420200.0,9075.0,156500.0,133786220000.0,133786220000.0,17579509308.0,7089600.0,4408100.0,,99.0,900900.0,1.0
2025-10-23,9100.0,9125.0,9125.0,9175.0,8850.0,9025.0,-75.0,21356000.0,192369302500.0,15006.0,1157.1,9025.0,636900.0,9000.0,130100.0,133786220000.0,133786220000.0,17579509308.0,7238600.0,3194800.0,,105.0,911250.0,2.0
2025-10-24,9025.0,9000.0,8975.0,9300.0,8950.0,9175.0,150.0,18440900.0,168775995000.0,9321.0,1176.3,9175.0,292100.0,9150.0,15200.0,133786220000.0,133786220000.0,17579509308.0,5557600.0,4404000.0,,15.0,137625.0,1.0
2025-10-27,9175.0,9050.0,9050.0,9075.0,7800.0,8900.0,-275.0,156992400.0,1294681130000.0,57696.0,1141.0,8925.0,139800.0,8900.0,2724100.0,133786220000.0,133786220000.0,17579509308.0,38586000.0,56296000.0,,177500.0,1942000000.0,5.0
2025-10-28,8900.0,8900.0,8875.0,8975.0,8400.0,8900.0,0.0,39432500.0,347080357500.0,20586.0,1141.0,8900.0,552000.0,8875.0,5300.0,133786220000.0,133786220000.0,17579509308.0,10650700.0,19531000.0,,153.0,1343300.0,2.0
2025-10-29,8900.0,8975.0,8975.0,9000.0,8675.0,8750.0,-150.0,20629000.0,181194680000.0,12341.0,1121.8,8750.0,304600.0,8725.0,144000.0,133786220000.0,133786220000.0,17579509308.0,4229100.0,6364200.0,,66.0,579150.0,1.0
2025-10-30,8750.0,8750.0,8775.0,8900.0,8525.0,8625.0,-125.0,14234100.0,124217065000.0,11971.0,1105.8,8650.0,42200.0,8625.0,312900.0,133786220000.0,133786220000.0,17579509308.0,4015900.0,5874700.0,,0.0,0.0,0.0
2025-10-31,8625.0,8700.0,8700.0,8850.0,8650.0,8675.0,50.0,11425900.0,99909742500.0,8019.0,1112.2,8700.0,89000.0,8675.0,127800.0,133786220000.0,133786220000.0,17579509308.0,3658500.0,6947300.0,,1107308.0,9965736900.0,11.0
2025-11-04,9275.0,9400.0,9400.0,9750.0,9175.0,9225.0,-50.0,55631300.0,527738172500.0,35232.0,1182.7,9225.0,73300.0,9200.0,258000.0,133786220000.0,133786220000.0,17579509308.0,17411400.0,22391800.0,,58.0,535050.0,1.0
2025-11-05,9225.0,9200.0,9200.0,9750.0,9125.0,9750.0,525.0,53216800.0,504997872500.0,32245.0,1250.0,9750.0,81900.0,9725.0,152900.0,133786220000.0,133786220000.0,17579509308.0,15904700.0,16376200.0,,0.0,0.0,0.0
2025-11-06,9750.0,10000.0,10025.0,10175.0,9500.0,9925.0,175.0,103014800.0,1010718510000.0,52864.0,1272.4,9925.0,1338600.0,9900.0,11700.0,133786220000.0,133786220000.0,17579509308.0,13909500.0,36876200.0,,718682.0,6983474850.0,12.0
2025-11-07,9925.0,9925.0,9900.0,9975.0,9750.0,9975.0,50.0,32421800.0,321273120000.0,18851.0,1278.8,9975.0,1307800.0,9950.0,14600.0,133786220000.0,133786220000.0,17579509308.0,6790300.0,22484100.0,,0.0,0.0,0.0
2025-11-10,9975.0,10000.0,10000.0,10725.0,9975.0,10225.0,250.0,84614200.0,875154715000.0,41833.0,1310.9,10225.0,6900.0,10200.0,8600.0,133786220000.0,133786220000.0,17579509308.0,16852700.0,46778000.0,,52879.0,503321950.0,3.0
2025-11-11,10225.0,10325.0,10325.0,10350.0,9900.0,10025.0,-200.0,39156400.0,392423665000.0,20024.0,1285.3,10025.0,171000.0,10000.0,7000.0,133786220000.0,133786220000.0,17579509308.0,16638200.0,17445800.0,,0.0,0.0,0.0
2025-11-12,10025.0,10050.0,10050.0,10100.0,9875.0,9925.0,-100.0,24978600.0,248617835000.0,15715.0,1272.4,9925.0,199400.0,9900.0,517800.0,133786220000.0,133786220000.0,17579509308.0,7256500.0,14710900.0,,0.0,0.0,0.0
2025-11-13,9925.0,9975.0,9975.0,10025.0,9725.0,9900.0,-25.0,39026800.0,383823327500.0,21303.0,1269.2,9900.0,140700.0,9875.0,1015200.0,133786220000.0,133786220000.0,17579509308.0,16880000.0,15066500.0,,20055.0,199914275.0,14.0
2025-11-14,9900.0,9825.0,9850.0,9900.0,9750.0,9750.0,-150.0,18481200.0,181459325000.0,17664.0,1250.0,9750.0,41900.0,9725.0,154500.0,133786220000.0,133786220000.0,17579509308.0,5073900.0,12225600.0,,100.0,975000.0,2.0
2025-11-17,9750.0,9800.0,9800.0,9925.0,9675.0,9725.0,-25.0,24739000.0,241913297500.0,27062.0,1246.8,9725.0,19400.0,9700.0,62900.0,133786220000.0,133786220000.0,17579509308.0,9478400.0,17039500.0,,15006093.0,142559706750.0,10.0
2025-11-18,9725.0,9750.0,9750.0,9800.0,9575.0,9625.0,-100.0,22462800.0,216926107500.0,21504.0,1234.0,9625.0,700.0,9600.0,48000.0,133786220000.0,133786220000.0,17579509308.0,5866400.0,13556100.0,,22010.0,253115000.0,13.0
2025-11-19,9625.0,9725.0,9700.0,9775.0,9600.0,9675.0,50.0,23150100.0,223722575000.0,17438.0,1240.4,9675.0,598000.0,9650.0,60200.0,133786220000.0,133786220000.0,17579509308.0,10824900.0,17640100.0,,132687.0,1303299975.0,16.0
2025-11-20,9675.0,9775.0,9775.0,9875.0,9675.0,9800.0,125.0,47084000.0,459582000000.0,19426.0,1256.4,9800.0,376500.0,9775.0,56000.0,133786220000.0,133786220000.0,17579509308.0,26627600.0,30199300.0,,88.0,856025.0,2.0
2025-11-21,9800.0,9800.0,9825.0,9900.0,9675.0,9850.0,50.0,53431000.0,523268027500.0,20836.0,1262.8,9875.0,440400.0,9850.0,113500.0,133786220000.0,133786220000.0,17579509308.0,40969300.0,37633700.0,,51.0,502350.0,1.0
2025-11-24,9850.0,10025.0,10025.0,10125.0,9775.0,10125.0,275.0,694632000.0,7008224650000.0,59537.0,1298.1,10125.0,6830800.0,10100.0,9100.0,133786220000.0,133786220000.0,17579509308.0,574309600.0,627677400.0,,174220995.0,1763983316875.0,20.0
2025-11-25,10125.0,10125.0,10100.0,10125.0,9625.0,9650.0,-475.0,34782900.0,340555522500.0,21330.0,1237.2,9650.0,805900.0,9625.0,459300.0,133786220000.0,133786220000.0,17579509308.0,13245700.0,9758800.0,,301325.0,2905632411.0,12.0
2025-11-26,9650.0,9850.0,9850.0,9850.0,9400.0,9575.0,-75.0,41654800.0,395736985000.0,23454.0,1227.6,9575.0,422800.0,9550.0,36600.0,133786220000.0,133786220000.0,17579509308.0,18401600.0,13428900.0,,222234.0,1891423000.0,11.0
2025-11-27,9575.0,9525.0,9550.0,9600.0,9400.0,9525.0,-50.0,23357600.0,221632287500.0,13804.0,1221.2,9525.0,193200.0,9500.0,33000.0,133786220000.0,133786220000.0,17579509308.0,8061700.0,11055700.0,,220000.0,2420000000.0,1.0
2025-11-28,9525.0,9575.0,9575.0,9625.0,9450.0,9575.0,50.0,21597800.0,206170772500.0,8387.0,1227.6,9600.0,906800.0,9575.0,6900.0,133786220000.0,133786220000.0,17579509308.0,11806600.0,16955600.0,,340313.0,2892649250.0,5.0
2025-12-01,9575.0,9625.0,9625.0,9625.0,9400.0,9550.0,-25.0,10400800.0,98606112500.0,7468.0,1224.4,9550.0,231600.0,9525.0,2400.0,133786220000.0,133786220000.0,17579509308.0,1814600.0,4054400.0,,380200.0,4141898275.0,6.0
2025-12-02,9550.0,9550.0,9575.0,9650.0,9525.0,9650.0,100.0,18978500.0,182059602500.0,10555.0,1237.2,9650.0,244000.0,9625.0,19200.0,133786220000.0,133786220000.0,17579509308.0,6152100.0,14899000.0,,256.0,2462025.0,4.0
2025-12-03,9650.0,9675.0,9675.0,9700.0,9525.0,9625.0,-25.0,8797100.0,84263295000.0,8351.0,1234.0,9625.0,364200.0,9600.0,3200.0,133786220000.0,133786220000.0,17579509308.0,5118900.0,5299600.0,,25154.0,246470525.0,4.0
2025-12-04,9625.0,9600.0,9600.0,9625.0,9450.0,9450.0,-175.0,5266400.0,50032527500.0,5277.0,1211.5,9475.0,3900.0,9450.0,271300.0,133786220000.0,133786220000.0,17579509308.0,1756300.0,1626800.0,,183734.0,2002513000.0,3.0
2025-12-05,9450.0,9450.0,9475.0,9650.0,9450.0,9625.0,175.0,7697300.0,73614697500.0,4435.0,1234.0,9625.0,576500.0,9550.0,2600.0,133786220000.0,133786220000.0,17579509308.0,1585100.0,4022800.0,,310434.0,3149293000.0,4.0
2025-12-08,9625.0,9625.0,9625.0,9650.0,9500.0,9650.0,25.0,7491700.0,71876400000.0,5316.0,1237.2,9650.0,876900.0,9625.0,800.0,133786220000.0,133786220000.0,17579509308.0,2011300.0,5869800.0,,212.0,2035475.0,3.0
2025-12-09,9650.0,9525.0,9575.0,9600.0,9425.0,9575.0,-75.0,10046600.0,95509107500.0,5885.0,1227.6,9575.0,553000.0,9550.0,6800.0,133786220000.0,133786220000.0,17579509308.0,2949800.0,5150300.0,,134.0,1273000.0,2.0
2025-12-10,9575.0,9550.0,9525.0,9650.0,9450.0,9625.0,50.0,9881100.0,94211282500.0,5133.0,1234.0,9625.0,1394300.0,9600.0,23100.0,133786220000.0,133786220000.0,17579509308.0,1835000.0,3767000.0,,0.0,0.0,0.0
2025-12-11,9625.0,9650.0,9650.0,9650.0,9450.0,9450.0,-175.0,7489400.0,71196907500.0,4617.0,1211.5,9475.0,30400.0,9450.0,454300.0,133786220000.0,133786220000.0,17579509308.0,1841000.0,1975000.0,,134.0,1273000.0,2.0
2025-12-12,9450.0,9550.0,9525.0,9600.0,9450.0,9575.0,125.0,12996800.0,124122687500.0,8737.0,1227.6,9575.0,331000.0,9550.0,75700.0,133786220000.0,133786220000.0,17579509308.0,1506600.0,9355900.0,,23.0,220225.0,1.0
2025-12-15,9575.0,9625.0,9600.0,9650.0,9475.0,9500.0,-75.0,8838100.0,84251117500.0,7218.0,1217.9,9500.0,1247800.0,9475.0,108500.0,133786220000.0,133786220000.0,17579509308.0,4502200.0,2527700.0,,134.0,1273000.0,2.0
2025-12-16,9500.0,9450.0,9475.0,9800.0,9300.0,9800.0,300.0,22256800.0,213882640000.0,12221.0,1256.4,9800.0,603200.0,9775.0,99100.0,133786220000.0,133786220000.0,17579509308.0,4811000.0,6745900.0,,1272334.0,11270494625.0,8.0
2025-12-17,9800.0,9825.0,9800.0,9875.0,9600.0,9725.0,-75.0,8889900.0,86452235000.0,6781.0,1246.8,9725.0,1521500.0,9700.0,8100.0,133786220000.0,133786220000.0,17579509308.0,2248300.0,2372700.0,,0.0,0.0,0.0
2025-12-18,9725.0,9675.0,9675.0,9700.0,9450.0,9450.0,-275.0,7204600.0,68527635000.0,6169.0,1211.5,9475.0,800.0,9450.0,119400.0,133786220000.0,133786220000.0,17579509308.0,2547500.0,922400.0,,134.0,1276350.0,2.0
2025-12-19,9450.0,9475.0,9500.0,9550.0,9325.0,9375.0,-75.0,11809000.0,110920690000.0,7831.0,1201.9,9400.0,3100.0,9375.0,634500.0,133786220000.0,133786220000.0,17579509308.0,6553000.0,7169200.0,,0.0,0.0,0.0
2025-12-22,9375.0,9400.0,9425.0,9550.0,9350.0,9500.0,125.0,7242700.0,68650852500.0,6168.0,1217.9,9500.0,29300.0,9475.0,7600.0,133786220000.0,133786220000.0,17579509308.0,1463300.0,3957600.0,,712292.0,6866064800.0,7.0
2025-12-23,9500.0,9575.0,9550.0,9575.0,9375.0,9425.0,-75.0,5424200.0,51261012500.0,5710.0,1208.3,9425.0,500.0,9400.0,108900.0,133786220000.0,133786220000.0,17579509308.0,1260400.0,2840000.0,,36.0,339300.0,1.0
2025-12-24,9425.0,9450.0,9450.0,9450.0,9300.0,9325.0,-100.0,4142600.0,38731365000.0,4427.0,1195.5,9350.0,3800.0,9325.0,4600.0,133786220000.0,133786220000.0,17579509308.0,835500.0,1372900.0,,57940852.0,546092530038.0,3.0
2025-12-29,9325.0,9325.0,9350.0,9625.0,9325.0,9525.0,200.0,7204500.0,68124995000.0,4216.0,1221.2,9525.0,43000.0,9500.0,12200.0,133786220000.0,133786220000.0,17579509308.0,1723400.0,1206100.0,,84300.0,820997700.0,1.0
2025-12-30,9525.0,9600.0,9625.0,9700.0,9475.0,9700.0,175.0,10900100.0,105158945000.0,6687.0,1243.6,9700.0,183400.0,9675.0,14300.0,133786220000.0,133786220000.0,17579509308.0,2055900.0,5128200.0,,20134.0,223288075.0,3.0
2026-01-02,9700.0,9700.0,9725.0,9800.0,9650.0,9675.0,-25.0,5601000.0,54327322500.0,4524.0,1240.4,9675.0,77000.0,9650.0,54900.0,133786220000.0,133786220000.0,16455705060.0,624900.0,2031600.0,,134.0,1298125.0,2.0
2026-01-05,9675.0,9700.0,9700.0,9700.0,9500.0,9650.0,-25.0,6321800.0,60580300000.0,5954.0,1237.2,9650.0,768900.0,9550.0,14300.0,133786220000.0,133786220000.0,16455705060.0,2374200.0,2958000.0,,84387.0,822755850.0,2.0
2026-01-06,9650.0,9600.0,9600.0,9650.0,9525.0,9575.0,-75.0,6441000.0,61663917500.0,7176.0,1227.6,9575.0,45800.0,9550.0,7100.0,133786220000.0,133786220000.0,16455705060.0,2114300.0,4026400.0,,84332.0,976078900.0,2.0
2026-01-07,9575.0,9575.0,9600.0,9600.0,9425.0,9600.0,25.0,7914600.0,75255052500.0,8866.0,1230.8,9600.0,470600.0,9550.0,100.0,133786220000.0,133786220000.0,16455705060.0,1744900.0,3080300.0,,84485.0,688803500.0,4.0
2026-01-08,9600.0,9550.0,9550.0,9700.0,9500.0,9550.0,-50.0,9401800.0,90385120000.0,7087.0,1224.4,9550.0,655600.0,9525.0,156100.0,133786220000.0,133786220000.0,16455705060.0,2375100.0,5841500.0,,84319.0,969631450.0,3.0
2026-01-09,9550.0,9550.0,9550.0,9550.0,9450.0,9475.0,-75.0,6306400.0,59784375000.0,6435.0,1214.7,9475.0,137500.0,9450.0,41700.0,133786220000.0,133786220000.0,16455705060.0,2133000.0,3035700.0,,84377.0,687337750.0,3.0
2026-01-12,9475.0,9475.0,9475.0,9475.0,8550.0,9000.0,-475.0,14459900.0,132112142500.0,12506.0,1153.8,9025.0,10600.0,9000.0,105000.0,133786220000.0,133786220000.0,16455705060.0,3474100.0,7812100.0,,146.0,1345825.0,3.0
2026-01-13,9000.0,9000.0,9000.0,9200.0,8650.0,9200.0,200.0,12282600.0,109001575000.0,11658.0,1179.5,9200.0,233700.0,9175.0,4400.0,133786220000.0,133786220000.0,16455705060.0,3535600.0,6113200.0,,84398.0,911341600.0,4.0
2026-01-14,9200.0,9700.0,9725.0,9800.0,9500.0,9650.0,450.0,30130800.0,290426055000.0,17479.0,1237.2,9650.0,244600.0,9625.0,49400.0,133786220000.0,133786220000.0,16455705060.0,2740700.0,12550300.0,,84449.0,661083675.0,4.0
2026-01-15,9650.0,9650.0,9625.0,9700.0,9450.0,9700.0,50.0,15750100.0,151234435000.0,7553.0,1243.6,9700.0,1449100.0,9600.0,300.0,133786220000.0,133786220000.0,16455705060.0,5965000.0,10587700.0,,2061712.0,20113909175.0,5.0
2026-01-19,9700.0,9550.0,9550.0,9650.0,9475.0,9575.0,-125.0,14129000.0,134997340000.0,11670.0,1227.6,9575.0,13300.0,9550.0,74300.0,133786220000.0,133786220000.0,16455705060.0,3452700.0,5189000.0,,61836.0,556699650.0,6.0
2026-01-20,9575.0,9575.0,9600.0,9600.0,9450.0,9500.0,-75.0,9699100.0,92142342500.0,7422.0,1217.9,9500.0,296200.0,9475.0,34700.0,133786220000.0,133786220000.0,16455705060.0,3064800.0,4816400.0,,35.0,332500.0,1.0
2026-01-21,9500.0,9500.0,9475.0,9500.0,9225.0,9300.0,-200.0,10705000.0,99597195000.0,9158.0,1192.3,9300.0,124100.0,9275.0,27100.0,133786220000.0,133786220000.0,16455705060.0,2619200.0,5715500.0,,176.0,1633450.0,3.0
2026-01-22,9300.0,9375.0,9375.0,9500.0,9300.0,9500.0,200.0,13300300.0,125466667500.0,10212.0,1217.9,9500.0,1140800.0,9425.0,600.0,133786220000.0,133786220000.0,16455705060.0,3059800.0,11375500.0,,89.0,827700.0,2.0
2026-01-23,9500.0,9500.0,9475.0,9500.0,8875.0,9300.0,-200.0,16082000.0,148205412500.0,13151.0,1192.3,9300.0,524800.0,9275.0,25400.0,133786220000.0,133786220000.0,16455705060.0,5365700.0,10333700.0,,92.0,855600.0,1.0
2026-01-26,9300.0,9300.0,9300.0,9475.0,9225.0,9375.0,75.0,9753300.0,91096522500.0,8179.0,1201.9,9375.0,327300.0,9350.0,100.0,133786220000.0,133786220000.0,16455705060.0,3334500.0,7219100.0,,2.0,18600.0,1.0
2026-01-27,9375.0,9450.0,9450.0,9600.0,9375.0,9500.0,125.0,27099500.0,257458322500.0,17288.0,1217.9,9525.0,714200.0,9500.0,5400.0,133786220000.0,133786220000.0,16455705060.0,6586900.0,20072400.0,,243.0,2311850.0,4.0
2026-01-28,9500.0,8100.0,8150.0,8800.0,8075.0,8300.0,-1200.0,37142800.0,306871180000.0,21016.0,1064.1,8300.0,124200.0,8275.0,9200.0,133786220000.0,133786220000.0,16455705060.0,16993700.0,14631100.0,,252.0,2121400.0,4.0
2026-01-29,8300.0,7450.0,7450.0,9200.0,7075.0,8675.0,375.0,44811400.0,355202722500.0,26379.0,1112.2,8675.0,19300.0,8650.0,100.0,133786220000.0,133786220000.0,16455705060.0,22117800.0,26693700.0,,671545.0,4779081104.0,5.0
2026-01-30,8675.0,8850.0,8875.0,8875.0,8325.0,8525.0,-150.0,36041400.0,307335557500.0,20844.0,1092.9,8550.0,24900.0,8525.0,600.0,133786220000.0,133786220000.0,16455705060.0,17148100.0,27815100.0,,90920.0,873891300.0,9.0
2026-02-02,8525.0,8550.0,8550.0,8550.0,7800.0,8325.0,-200.0,23613300.0,192793460000.0,14074.0,1067.3,8325.0,34200.0,8275.0,100.0,133786220000.0,133786220000.0,16455705060.0,10108500.0,18262700.0,,143.0,1202675.0,3.0
2026-02-03,8325.0,8200.0,8200.0,8350.0,7900.0,8225.0,-100.0,21094900.0,171765530000.0,13468.0,1054.5,8225.0,180900.0,8200.0,3200.0,133786220000.0,133786220000.0,16455705060.0,11360700.0,11286300.0,,50191.0,401552550.0,4.0
2026-02-04,8225.0,8225.0,8225.0,8600.0,8150.0,8200.0,-25.0,15842900.0,131432017500.0,10642.0,1051.3,8225.0,10100.0,8200.0,2700.0,133786220000.0,133786220000.0,16455705060.0,9570900.0,6840800.0,,414.0,3393125.0,7.0
2026-02-05,8200.0,8250.0,8250.0,8275.0,8125.0,8250.0,50.0,7653100.0,62793405000.0,7250.0,1057.7,8250.0,197300.0,8225.0,800.0,133786220000.0,133786220000.0,16455705060.0,4783400.0,4701900.0,,58491.0,549594750.0,4.0
2026-02-06,8250.0,8175.0,8150.0,8175.0,7900.0,8025.0,-225.0,11159500.0,89406717500.0,7084.0,1028.8,8025.0,100100.0,8000.0,2600.0,133786220000.0,133786220000.0,16455705060.0,5628600.0,5406000.0,,0.0,0.0,0.0
2026-02-09,8025.0,8025.0,8025.0,8125.0,7900.0,8050.0,25.0,4484400.0,36021280000.0,4389.0,1032.1,8050.0,83800.0,8025.0,20200.0,133786220000.0,133786220000.0,16455705060.0,2097800.0,3318100.0,,216.0,1738425.0,3.0
2026-02-10,8050.0,8050.0,8050.0,8075.0,7925.0,8000.0,-50.0,6433400.0,51358787500.0,6045.0,1025.6,8000.0,79000.0,7975.0,7600.0,133786220000.0,133786220000.0,16455705060.0,4583100.0,2834800.0,,58434.0,554922000.0,3.0
2026-02-11,8000.0,8000.0,8000.0,8350.0,7975.0,8300.0,300.0,26345300.0,216581977500.0,16417.0,1064.1,8325.0,16900.0,8300.0,50700.0,133786220000.0,133786220000.0,16455705060.0,7782100.0,16773900.0,,120.0,962400.0,3.0
2026-02-12,8300.0,8400.0,8400.0,8425.0,8000.0,8200.0,-100.0,18471300.0,150122260000.0,10245.0,1051.3,8200.0,343700.0,8150.0,17400.0,133786220000.0,133786220000.0,16455705060.0,13746600.0,1345000.0,,122.0,998450.0,3.0
2026-02-13,8200.0,8125.0,8125.0,8125.0,7925.0,8000.0,-200.0,7032600.0,56352305000.0,4859.0,1025.6,8000.0,3800.0,7975.0,182600.0,133786220000.0,133786220000.0,16455705060.0,4088600.0,1287900.0,,58431.0,543238000.0,3.0
2026-02-18,8000.0,8000.0,8025.0,8350.0,8000.0,8225.0,225.0,12550100.0,103415182500.0,7843.0,1054.5,8250.0,700.0,8225.0,38300.0,133786220000.0,133786220000.0,16455705060.0,4398400.0,10849800.0,,0.0,0.0,0.0
2026-02-19,8225.0,8300.0,8300.0,8325.0,8100.0,8100.0,-125.0,5262700.0,43219152500.0,5118.0,1038.5,8125.0,10000.0,8100.0,80100.0,133786220000.0,133786220000.0,16455705060.0,2561400.0,3208800.0,,135.0,1108575.0,3.0
2026-02-20,8100.0,8150.0,8150.0,8175.0,8025.0,8050.0,-50.0,3038700.0,24582045000.0,3663.0,1032.1,8075.0,10000.0,8050.0,44200.0,133786220000.0,133786220000.0,16455705060.0,2080600.0,2015000.0,,0.0,0.0,0.0
2026-02-23,8050.0,8100.0,8100.0,8150.0,8075.0,8075.0,25.0,3709800.0,30084517500.0,3788.0,1035.3,8100.0,3500.0,8075.0,57700.0,133786220000.0,133786220000.0,16455705060.0,2301800.0,2912000.0,,134.0,1088750.0,2.0
2026-02-24,8075.0,8100.0,8125.0,8225.0,7950.0,7950.0,-125.0,11859800.0,95673885000.0,6627.0,1019.2,7975.0,100.0,7950.0,362500.0,133786220000.0,133786220000.0,16455705060.0,9350900.0,8974000.0,,106.0,852744.0,2.0
2026-02-25,7950.0,8050.0,8050.0,8075.0,7775.0,7775.0,-175.0,8223800.0,64674947500.0,4955.0,996.8,7825.0,300.0,7775.0,172300.0,133786220000.0,133786220000.0,16455705060.0,6413800.0,3381500.0,,28.0,217700.0,1.0
2026-02-26,7775.0,7850.0,7825.0,8000.0,7675.0,7850.0,75.0,9281900.0,72627332500.0,5387.0,1006.4,7850.0,38100.0,7800.0,300.0,133786220000.0,133786220000.0,16455705060.0,6858500.0,7128400.0,,0.0,0.0,0.0
2026-02-27,7850.0,7800.0,7775.0,8225.0,7400.0,8225.0,375.0,35921400.0,290628367500.0,6426.0,1054.5,8250.0,31800.0,8225.0,824800.0,133786220000.0,133786220000.0,16455705060.0,27092400.0,32976500.0,,4067832.0,33432387725.0,8.0
2026-03-02,8225.0,8050.0,8050.0,8150.0,7675.0,7775.0,-450.0,11101200.0,87531607500.0,6356.0,996.8,7775.0,62800.0,7750.0,8600.0,133786220000.0,133786220000.0,16455705060.0,6909900.0,5976200.0,,94.0,771400.0,2.0
2026-03-03,7775.0,7775.0,7775.0,7850.0,7575.0,7575.0,-200.0,3985100.0,30631405000.0,3587.0,971.2,7600.0,1300.0,7575.0,9800.0,133786220000.0,133786220000.0,16455705060.0,2597900.0,2353300.0,,58344.0,530863300.0,2.0
2026-03-04,7575.0,7500.0,7500.0,7500.0,7000.0,7425.0,-150.0,11161100.0,80556035000.0,7612.0,951.9,7425.0,111200.0,7400.0,100.0,133786220000.0,133786220000.0,16455705060.0,5323100.0,6991700.0,,108.0,818100.0,2.0
2026-03-05,7425.0,7525.0,7525.0,7675.0,7225.0,7300.0,-125.0,7306200.0,53676270000.0,3504.0,935.9,7300.0,19500.0,7275.0,6700.0,133786220000.0,133786220000.0,16455705060.0,5562600.0,4226900.0,,191.0,1404800.0,3.0
2026-03-06,7300.0,7300.0,7275.0,7725.0,7025.0,7725.0,425.0,7039400.0,51512902500.0,3842.0,990.4,7725.0,161500.0,7550.0,100.0,133786220000.0,133786220000.0,16455705060.0,2565800.0,4578500.0,,140.0,990500.0,2.0
2026-03-09,7725.0,7325.0,7300.0,7575.0,6800.0,7350.0,-375.0,7668700.0,55765002500.0,5779.0,942.3,7350.0,47800.0,7300.0,100.0,133786220000.0,133786220000.0,16455705060.0,4569700.0,4219800.0,,158300.0,1409275000.0,2.0
2026-03-10,7350.0,7425.0,7450.0,7550.0,7150.0,7150.0,-200.0,6038800.0,43751017500.0,3594.0,916.7,7250.0,4100.0,7150.0,76900.0,133786220000.0,133786220000.0,16455705060.0,4768400.0,2727200.0,,70.0,514500.0,1.0
2026-03-11,7150.0,7225.0,7225.0,7225.0,6975.0,6975.0,-175.0,3188000.0,22487550000.0,3175.0,894.2,7025.0,13600.0,6975.0,4100.0,133786220000.0,133786220000.0,16455705060.0,2143300.0,1166000.0,,28.0,195300.0,1.0
2026-03-12,6975.0,6975.0,6975.0,7000.0,6575.0,6575.0,-400.0,5889900.0,39673997500.0,4063.0,842.9,6650.0,4000.0,6575.0,202400.0,133786220000.0,133786220000.0,16455705060.0,4228300.0,3745100.0,,3990.0,27871300.0,4.0
2026-03-13,6575.0,6600.0,6600.0,6675.0,6300.0,6300.0,-275.0,10029100.0,64168307500.0,5151.0,807.7,6350.0,33700.0,6300.0,25800.0,133786220000.0,133786220000.0,16455705060.0,6792500.0,6229700.0,,158406.0,1227514650.0,4.0
2026-03-16,6300.0,6075.0,6100.0,6175.0,5775.0,5975.0,-325.0,10642100.0,63520765000.0,7453.0,766.0,5975.0,28900.0,5925.0,1900.0,133786220000.0,133786220000.0,16455705060.0,7561900.0,7811500.0,,0.0,0.0,0.0
2026-03-17,5975.0,6075.0,6075.0,6100.0,5600.0,5800.0,-175.0,22312300.0,130581405000.0,8574.0,743.6,5800.0,34000.0,5750.0,3900.0,133786220000.0,133786220000.0,16455705060.0,18293800.0,16206000.0,,99583.0,691142600.0,5.0
2026-03-25,5800.0,5800.0,5800.0,6050.0,5625.0,5800.0,0.0,16591500.0,96015500000.0,9509.0,743.6,5800.0,32000.0,5750.0,10000.0,133786220000.0,133786220000.0,16455705060.0,13280100.0,10833200.0,,20332.0,130904900.0,5.0
2026-03-26,5800.0,5800.0,5800.0,5800.0,5400.0,5550.0,-250.0,7900900.0,44151560000.0,5832.0,711.5,5550.0,167400.0,5500.0,15100.0,133786220000.0,133786220000.0,16455705060.0,5855300.0,3965500.0,,64835.0,446943604.0,6.0
2026-03-27,5550.0,5475.0,5475.0,5550.0,5325.0,5525.0,-25.0,9643000.0,52192610000.0,4603.0,708.3,5525.0,50000.0,5500.0,11100.0,133786220000.0,133786220000.0,16455705060.0,7438400.0,4190600.0,,10000.0,58250000.0,1.0
2026-03-30,5525.0,5400.0,5400.0,5650.0,5225.0,5475.0,-50.0,8403400.0,46093287500.0,4794.0,701.9,5500.0,1400.0,5475.0,50800.0,133786220000.0,133786220000.0,16455705060.0,5676000.0,6206100.0,,20154.0,116335750.0,4.0
2026-03-31,5475.0,5500.0,5525.0,5575.0,5175.0,5250.0,-225.0,7254200.0,38525417500.0,4459.0,673.1,5275.0,22700.0,5250.0,2200.0,133786220000.0,133786220000.0,16455705060.0,4100900.0,4223400.0,,10084.0,64451800.0,3.0
2026-04-01,5250.0,5350.0,5375.0,5575.0,5350.0,5500.0,250.0,6543600.0,35721157500.0,4336.0,705.1,5500.0,3800.0,5475.0,1300.0,133786220000.0,133786220000.0,16455705060.0,3454900.0,4747300.0,,19.0,104500.0,1.0
2026-04-02,5500.0,5475.0,5450.0,5475.0,4800.0,4800.0,-700.0,14761900.0,74044859000.0,11033.0,615.4,4800.0,166900.0,4790.0,600.0,133786220000.0,133786220000.0,16455705060.0,11495200.0,3378900.0,,10000.0,61000000.0,1.0
2026-04-06,4800.0,4510.0,4500.0,4600.0,4140.0,4360.0,-440.0,35650500.0,154417871000.0,17636.0,559.0,4360.0,268400.0,4340.0,11500.0,133786220000.0,133786220000.0,16455705060.0,12746200.0,15763400.0,,350030092.0,1578680384560.0,3.0
2026-04-07,4360.0,4360.0,4370.0,4680.0,4290.0,4650.0,290.0,38144300.0,171749342000.0,12641.0,596.2,4650.0,22900.0,4630.0,4300.0,133786220000.0,133786220000.0,16455705060.0,23687400.0,22068100.0,,100038.0,371165680.0,2.0
2026-04-08,4650.0,5650.0,5600.0,5650.0,4830.0,5000.0,350.0,25956500.0,129260326000.0,12415.0,641.0,5025.0,8100.0,5000.0,598200.0,133786220000.0,133786220000.0,16455705060.0,12130600.0,10644000.0,,0.0,0.0,0.0
2026-04-09,5000.0,5000.0,5025.0,5700.0,4870.0,5700.0,700.0,40474400.0,213570122500.0,16826.0,730.8,5700.0,102400.0,5675.0,700.0,133786220000.0,133786220000.0,16455705060.0,20954200.0,19726000.0,,2079.0,9527800.0,4.0
2026-04-10,5700.0,5725.0,5750.0,6000.0,5525.0,5800.0,100.0,37599200.0,220057352500.0,15432.0,743.6,5800.0,54300.0,5775.0,37900.0,133786220000.0,133786220000.0,16455705060.0,22677100.0,11153900.0,,184.0,1078700.0,2.0
2026-04-13,5800.0,5700.0,5675.0,6100.0,5550.0,6075.0,275.0,20617100.0,123359097500.0,10277.0,778.8,6075.0,39300.0,6050.0,16500.0,133786220000.0,133786220000.0,16455705060.0,7967700.0,8868500.0,,47.0,272600.0,1.0
2026-04-14,6075.0,6125.0,6125.0,6575.0,6125.0,6500.0,425.0,20517000.0,130365517500.0,11710.0,833.3,6500.0,307100.0,6475.0,22000.0,133786220000.0,133786220000.0,16455705060.0,8160100.0,8401100.0,,92.0,586500.0,1.0
2026-04-15,6500.0,6600.0,6625.0,6675.0,6200.0,6450.0,-50.0,20185300.0,129472010000.0,14135.0,826.9,6450.0,190500.0,6400.0,100.0,133786220000.0,133786220000.0,16455705060.0,10644700.0,9217500.0,,0.0,0.0,0.0
2026-04-16,6450.0,6400.0,6375.0,6625.0,6050.0,6325.0,-125.0,20777100.0,131871220000.0,13016.0,810.9,6325.0,68600.0,6300.0,7700.0,133786220000.0,133786220000.0,16455705060.0,13830500.0,8544900.0,,83863300.0,513662712500.0,3.0
2026-04-17,6325.0,6325.0,6325.0,6625.0,6250.0,6625.0,300.0,25934000.0,169683202500.0,5496.0,849.4,6625.0,392600.0,6525.0,300.0,133786220000.0,133786220000.0,16455705060.0,17480300.0,22796300.0,,113.0,748625.0,2.0
2026-04-20,6625.0,6600.0,6625.0,6700.0,6350.0,6600.0,-25.0,64129100.0,419199092500.0,6996.0,846.2,6600.0,965600.0,6550.0,300100.0,133786220000.0,133786220000.0,16455705060.0,6665800.0,47952200.0,,79388848.0,490545135900.0,5.0
2026-04-21,6600.0,6450.0,6475.0,6475.0,5950.0,5975.0,-625.0,37541900.0,229130270000.0,21186.0,766.0,5975.0,1673500.0,5950.0,285600.0,133786220000.0,133786220000.0,16455705060.0,14998500.0,6512700.0,,0.0,0.0,0.0
2026-04-22,5975.0,5325.0,5400.0,5700.0,5325.0,5400.0,-575.0,22019100.0,121240507500.0,13835.0,692.3,5400.0,139400.0,5375.0,193800.0,133786220000.0,133786220000.0,16455705060.0,8479300.0,5897700.0,,107.0,576762.0,3.0
2026-04-23,5400.0,5325.0,5350.0,5550.0,4930.0,4930.0,-470.0,25968800.0,132326026500.0,14206.0,632.1,4930.0,33300.0,4920.0,92000.0,133786220000.0,133786220000.0,16455705060.0,12099800.0,9159400.0,,85.0,447977.0,3.0
2026-04-24,4930.0,5000.0,5000.0,5125.0,4620.0,4620.0,-310.0,20415900.0,98840143000.0,11348.0,592.3,4650.0,2100.0,4620.0,13000.0,133786220000.0,133786220000.0,16455705060.0,10697100.0,6644900.0,,0.0,0.0,0.0
2026-04-27,4620.0,4630.0,4640.0,4850.0,4630.0,4660.0,40.0,10239200.0,48804584000.0,7169.0,597.4,4670.0,3500.0,4660.0,269100.0,133786220000.0,133786220000.0,16455705060.0,3592300.0,4148500.0,,32330.0,198794970.0,2.0
2026-04-28,4660.0,4740.0,4740.0,4790.0,4510.0,4650.0,-10.0,9734000.0,45343419000.0,7143.0,596.2,4650.0,315000.0,4640.0,84000.0,133786220000.0,133786220000.0,16455705060.0,5680500.0,3848700.0,,0.0,0.0,0.0
2026-04-29,4650.0,4680.0,4680.0,4730.0,4610.0,4730.0,80.0,5482300.0,25623311000.0,3412.0,606.4,4730.0,18600.0,4680.0,300.0,133786220000.0,133786220000.0,16455705060.0,3152500.0,2113200.0,,0.0,0.0,0.0
2026-04-30,4730.0,4730.0,4730.0,4880.0,4360.0,4460.0,-270.0,15291500.0,69527426000.0,11512.0,571.8,4470.0,10600.0,4460.0,121800.0,133786220000.0,133786220000.0,16455705060.0,5992100.0,6336100.0,,0.0,0.0,0.0
2026-05-04,4460.0,4470.0,4470.0,4750.0,4430.0,4600.0,140.0,8043000.0,36739192000.0,7611.0,589.7,4600.0,52700.0,4550.0,1700.0,133786220000.0,133786220000.0,16455705060.0,4024600.0,3895600.0,,32345.0,198857850.0,2.0
2026-05-05,4600.0,4600.0,4590.0,4840.0,4470.0,4730.0,130.0,17771100.0,83166704000.0,9345.0,606.4,4740.0,8700.0,4730.0,47500.0,133786220000.0,133786220000.0,16455705060.0,5883400.0,4111200.0,,0.0,0.0,0.0
2026-05-06,4730.0,4770.0,4780.0,4830.0,4620.0,4820.0,90.0,18716700.0,88710977000.0,8585.0,617.9,4820.0,641300.0,4770.0,800.0,133786220000.0,133786220000.0,16455705060.0,9392100.0,8689500.0,,0.0,0.0,0.0
2026-05-07,4820.0,4840.0,4850.0,5125.0,4520.0,4650.0,-170.0,29886300.0,142576519500.0,16058.0,596.2,4650.0,166800.0,4600.0,1100.0,133786220000.0,133786220000.0,16455705060.0,15810200.0,10251800.0,,194.0,920200.0,3.0
2026-05-08,4650.0,4560.0,4560.0,4600.0,4100.0,4100.0,-550.0,27905000.0,120972839000.0,16323.0,525.6,4150.0,600.0,4100.0,290900.0,133786220000.0,133786220000.0,16455705060.0,19655100.0,2840800.0,,32368.0,200574840.0,2.0
