date,previous,open_price,first_trade,high,low,close,change,volume,value,frequency,index_individual,offer,offer_volume,bid,bid_volume,listed_shares,tradeble_shares,weight_for_index,foreign_sell,foreign_buy,delisting_date,non_regular_volume,non_regular_value,non_regular_frequency
2023-08-02,270.0,0.0,0.0,318.0,270.0,316.0,46.0,2002459400.0,593631857200.0,94042.0,117.0,316.0,13052500.0,314.0,20813800.0,83345000000.0,8323888000.0,8345000000.0,382542000.0,333293800.0,,18751227400.0,5062849398000.0,11.0
2023-08-03,316.0,0.0,0.0,340.0,302.0,314.0,-2.0,840282200.0,265609361800.0,51049.0,116.3,314.0,9910500.0,312.0,4300.0,83345000000.0,8323888000.0,8345000000.0,44956700.0,7707400.0,,0.0,0.0,0.0
2023-08-04,314.0,0.0,0.0,322.0,304.0,304.0,-10.0,212113900.0,66210766200.0,16473.0,112.6,306.0,99000.0,304.0,1375400.0,83345000000.0,8323888000.0,8345000000.0,4791500.0,23001500.0,,0.0,0.0,0.0
2023-08-07,304.0,0.0,0.0,316.0,304.0,310.0,6.0,142431200.0,44215301800.0,9454.0,114.8,312.0,278800.0,310.0,319200.0,83345000000.0,8323888000.0,8345000000.0,7716400.0,865500.0,,8130.0,2552700.0,2.0
2023-08-08,310.0,0.0,0.0,318.0,306.0,308.0,-2.0,125042600.0,38902188000.0,7446.0,114.1,308.0,8936200.0,306.0,7289200.0,83345000000.0,8323888000.0,8345000000.0,7139700.0,24760300.0,,2004070.0,617221840.0,6.0
2023-08-09,308.0,0.0,0.0,314.0,300.0,302.0,-6.0,94350000.0,28695798200.0,6428.0,111.9,304.0,174200.0,302.0,8521000.0,83345000000.0,8323888000.0,8345000000.0,1789400.0,20282500.0,,0.0,0.0,0.0
2023-08-10,302.0,0.0,0.0,308.0,302.0,306.0,4.0,47493800.0,14464191200.0,2974.0,113.3,306.0,102600.0,304.0,1039000.0,83345000000.0,8323888000.0,8345000000.0,1518400.0,9116700.0,,0.0,0.0,0.0
2023-08-11,306.0,0.0,0.0,308.0,294.0,300.0,-6.0,62235600.0,18731021600.0,4800.0,111.1,302.0,678600.0,300.0,781300.0,83345000000.0,8323888000.0,8345000000.0,4598000.0,10544300.0,,0.0,0.0,0.0
2023-08-14,300.0,0.0,0.0,302.0,272.0,292.0,-8.0,79845900.0,23355931800.0,5675.0,108.1,294.0,4021000.0,292.0,57300.0,83345000000.0,8323888000.0,8345000000.0,3458600.0,13016800.0,,6864400.0,2045591200.0,1.0
2023-08-15,292.0,0.0,0.0,296.0,276.0,294.0,2.0,148859800.0,43004382000.0,5236.0,108.9,296.0,1411300.0,294.0,253500.0,83345000000.0,8323888000.0,8345000000.0,30264600.0,3640200.0,,2000900.0,582261900.0,1.0
2023-08-16,294.0,0.0,0.0,300.0,292.0,296.0,2.0,26812100.0,7921118800.0,3247.0,109.6,296.0,374400.0,294.0,1213600.0,83345000000.0,8323888000.0,8345000000.0,6991700.0,1584800.0,,200000.0,60400000.0,1.0
2023-08-18,296.0,0.0,0.0,298.0,290.0,296.0,0.0,31844700.0,9353428000.0,2045.0,109.6,298.0,1083700.0,296.0,62600.0,83345000000.0,8323888000.0,8345000000.0,8659300.0,9490700.0,,1000.0,290000.0,1.0
2023-08-21,296.0,0.0,0.0,300.0,292.0,294.0,-2.0,17737500.0,5232610200.0,1854.0,108.9,294.0,1116900.0,292.0,7288300.0,83345000000.0,8323888000.0,8345000000.0,1859600.0,926100.0,,0.0,0.0,0.0
2023-08-22,294.0,0.0,0.0,296.0,284.0,284.0,-10.0,59606500.0,17084372800.0,3094.0,105.2,286.0,56100.0,284.0,5321600.0,83345000000.0,8323888000.0,8345000000.0,15410100.0,10674600.0,,5990144.0,1617338880.0,1.0
2023-08-23,284.0,0.0,0.0,284.0,278.0,284.0,0.0,99748200.0,27981622400.0,3006.0,105.2,284.0,290200.0,282.0,24100.0,83345000000.0,8323888000.0,8345000000.0,28226100.0,32506500.0,,0.0,0.0,0.0
2023-08-24,284.0,0.0,0.0,284.0,278.0,280.0,-4.0,31648200.0,8849508400.0,1766.0,103.7,282.0,2650600.0,280.0,5400.0,83345000000.0,8323888000.0,8345000000.0,7922500.0,3742700.0,,0.0,0.0,0.0
2023-08-25,280.0,0.0,0.0,282.0,266.0,280.0,0.0,27238200.0,7591847400.0,2073.0,103.7,280.0,1190400.0,278.0,10032700.0,83345000000.0,8323888000.0,8345000000.0,6009000.0,13490000.0,,0.0,0.0,0.0
2023-08-28,280.0,0.0,0.0,282.0,272.0,272.0,-8.0,107299700.0,29453739200.0,3879.0,100.7,274.0,1147300.0,272.0,25930700.0,83345000000.0,8323888000.0,8345000000.0,35013200.0,36781500.0,,2337937.0,631242990.0,1.0
2023-08-29,272.0,0.0,0.0,276.0,272.0,274.0,2.0,36969500.0,10108366400.0,1416.0,101.5,274.0,1359800.0,272.0,41479200.0,83345000000.0,8323888000.0,8345000000.0,19590000.0,14479900.0,,0.0,0.0,0.0
2023-08-30,274.0,0.0,0.0,278.0,272.0,274.0,0.0,36842300.0,10085037000.0,1968.0,101.5,274.0,4991900.0,272.0,29790200.0,83345000000.0,8323888000.0,8345000000.0,19771100.0,10966900.0,,3744600.0,1011205600.0,2.0
2023-08-31,274.0,0.0,0.0,276.0,272.0,272.0,-2.0,36826100.0,10029912200.0,1136.0,100.7,274.0,5329500.0,272.0,30791000.0,83345000000.0,8323888000.0,8345000000.0,18642600.0,23418900.0,,0.0,0.0,0.0
2023-09-01,272.0,0.0,0.0,274.0,270.0,272.0,0.0,28945200.0,7877816000.0,1254.0,100.7,274.0,1615400.0,272.0,3442300.0,83345000000.0,8323888000.0,8345000000.0,10752000.0,20384800.0,,1000000.0,272000000.0,1.0
2023-09-04,272.0,0.0,0.0,284.0,272.0,272.0,0.0,92387100.0,25516880800.0,7168.0,100.7,274.0,223200.0,272.0,1671800.0,83345000000.0,8323888000.0,8345000000.0,19501800.0,18452900.0,,0.0,0.0,0.0
2023-09-05,272.0,0.0,0.0,278.0,272.0,272.0,0.0,33554100.0,9141062800.0,1411.0,100.7,272.0,197500.0,270.0,16912600.0,83345000000.0,8323888000.0,8345000000.0,11670900.0,27367800.0,,0.0,0.0,0.0
2023-09-06,272.0,0.0,0.0,274.0,272.0,272.0,0.0,49892900.0,13581612600.0,1087.0,100.7,274.0,1878100.0,272.0,248400.0,83345000000.0,8323888000.0,8345000000.0,37881800.0,39775200.0,,0.0,0.0,0.0
2023-09-07,272.0,0.0,0.0,274.0,272.0,272.0,0.0,31118000.0,8484467400.0,1097.0,100.7,274.0,5290000.0,272.0,4687600.0,83345000000.0,8323888000.0,8345000000.0,20635500.0,19547600.0,,0.0,0.0,0.0
2023-09-08,272.0,0.0,0.0,274.0,272.0,272.0,0.0,12723200.0,3465670400.0,776.0,100.7,274.0,4566800.0,272.0,1273600.0,83345000000.0,8323888000.0,8345000000.0,1803000.0,8395400.0,,0.0,0.0,0.0
2023-09-11,272.0,0.0,0.0,288.0,272.0,278.0,6.0,100866900.0,28117789400.0,4943.0,103.0,278.0,798000.0,276.0,576800.0,83345000000.0,8323888000.0,8345000000.0,13408300.0,14250400.0,,0.0,0.0,0.0
2023-09-12,278.0,0.0,0.0,282.0,272.0,274.0,-4.0,55420800.0,15224487600.0,2318.0,101.5,276.0,38500.0,274.0,58700.0,83345000000.0,8323888000.0,8345000000.0,22979600.0,17017300.0,,0.0,0.0,0.0
2023-09-13,274.0,0.0,0.0,280.0,274.0,280.0,6.0,33727900.0,9369946000.0,1860.0,103.7,280.0,8244100.0,276.0,1000000.0,83345000000.0,8323888000.0,8345000000.0,13347100.0,6467000.0,,0.0,0.0,0.0
2023-09-14,280.0,0.0,0.0,282.0,274.0,274.0,-6.0,14251000.0,3936088400.0,952.0,101.5,276.0,30400.0,274.0,7855500.0,83345000000.0,8323888000.0,8345000000.0,1016400.0,1315400.0,,2750000.0,760000000.0,8.0
2023-09-15,274.0,0.0,0.0,278.0,272.0,274.0,0.0,51520200.0,14047698400.0,1051.0,101.5,274.0,1114900.0,272.0,24992800.0,83345000000.0,8323888000.0,8345000000.0,23481300.0,31426200.0,,5700000.0,1561100000.0,8.0
2023-09-18,274.0,0.0,0.0,276.0,272.0,274.0,0.0,14025200.0,3819040600.0,574.0,101.5,274.0,4461900.0,272.0,34975300.0,83345000000.0,8323888000.0,8345000000.0,17200.0,7705000.0,,87.0,23838.0,1.0
2023-09-19,274.0,0.0,0.0,274.0,270.0,272.0,-2.0,47134900.0,12820654800.0,715.0,100.7,272.0,527600.0,270.0,16869300.0,83345000000.0,8323888000.0,8345000000.0,24317900.0,41167900.0,,0.0,0.0,0.0
2023-09-20,272.0,0.0,0.0,288.0,270.0,276.0,4.0,89895100.0,25098813800.0,3962.0,102.2,278.0,50000.0,276.0,112900.0,83345000000.0,8323888000.0,8345000000.0,4835900.0,20907000.0,,14191200.0,3916771200.0,1.0
2023-09-21,276.0,0.0,0.0,300.0,276.0,298.0,22.0,108411600.0,31436883800.0,6156.0,110.4,298.0,3797900.0,296.0,910600.0,83345000000.0,8323888000.0,8345000000.0,5092600.0,28936900.0,,14556500.0,4337837000.0,1.0
2023-09-22,298.0,0.0,0.0,302.0,284.0,286.0,-12.0,43924800.0,12746151600.0,3719.0,105.9,288.0,616300.0,286.0,268200.0,83345000000.0,8323888000.0,8345000000.0,6301000.0,14928800.0,,14191200.0,4058683200.0,1.0
2023-09-25,286.0,0.0,0.0,298.0,284.0,294.0,8.0,36297600.0,10598912200.0,2623.0,108.9,296.0,1116300.0,294.0,498200.0,83345000000.0,8323888000.0,8345000000.0,5085900.0,11579000.0,,14191200.0,4172212800.0,1.0
2023-09-26,294.0,0.0,0.0,306.0,290.0,296.0,2.0,54645200.0,16282011400.0,3986.0,109.6,296.0,222100.0,294.0,139100.0,83345000000.0,8323888000.0,8345000000.0,14682100.0,13928400.0,,14191200.0,4200595200.0,1.0
2023-09-27,296.0,0.0,0.0,304.0,292.0,294.0,-2.0,18970600.0,5650400000.0,2129.0,108.9,294.0,59800.0,292.0,915500.0,83345000000.0,8323888000.0,8345000000.0,4097100.0,4801900.0,,12305100.0,3617699400.0,1.0
2023-09-29,294.0,0.0,0.0,300.0,282.0,300.0,6.0,52284400.0,15424045800.0,2036.0,111.1,300.0,5791700.0,296.0,100.0,83345000000.0,8323888000.0,8345000000.0,9406300.0,30914700.0,,0.0,0.0,0.0
2023-10-02,300.0,0.0,0.0,302.0,292.0,294.0,-6.0,15353300.0,4524666400.0,1782.0,108.9,296.0,1073200.0,294.0,171700.0,83345000000.0,8323888000.0,8334500000.0,4828400.0,250400.0,,0.0,0.0,0.0
2023-10-03,294.0,0.0,0.0,300.0,290.0,292.0,-2.0,22074300.0,6506481800.0,1333.0,108.1,294.0,19400.0,292.0,10002100.0,83345000000.0,8323888000.0,8334500000.0,3946100.0,2604600.0,,0.0,0.0,0.0
2023-10-04,292.0,0.0,0.0,294.0,282.0,292.0,0.0,20645600.0,5978854000.0,1339.0,108.1,294.0,567400.0,292.0,2767100.0,83345000000.0,8323888000.0,8334500000.0,269300.0,3366800.0,,0.0,0.0,0.0
2023-10-05,292.0,0.0,0.0,312.0,292.0,300.0,8.0,91258700.0,27651750600.0,5165.0,111.1,302.0,898900.0,300.0,1392900.0,83345000000.0,8323888000.0,8334500000.0,4891200.0,8416600.0,,0.0,0.0,0.0
2023-10-06,300.0,0.0,0.0,310.0,300.0,300.0,0.0,32820000.0,9960806800.0,2694.0,111.1,300.0,548800.0,298.0,959300.0,83345000000.0,8323888000.0,8334500000.0,7528700.0,7330800.0,,0.0,0.0,0.0
2023-10-09,300.0,0.0,0.0,300.0,292.0,292.0,-8.0,21481500.0,6322097200.0,1830.0,108.1,294.0,324100.0,292.0,547300.0,83345000000.0,8323888000.0,8334500000.0,2397200.0,4620600.0,,0.0,0.0,0.0
2023-10-10,292.0,0.0,0.0,296.0,288.0,292.0,0.0,10210600.0,2974574800.0,995.0,108.1,294.0,845800.0,292.0,387900.0,83345000000.0,8323888000.0,8334500000.0,408900.0,580400.0,,0.0,0.0,0.0
2023-10-11,292.0,0.0,0.0,298.0,292.0,292.0,0.0,23814100.0,6982814400.0,1029.0,108.1,292.0,8200.0,290.0,3188500.0,83345000000.0,8323888000.0,8334500000.0,374100.0,7104300.0,,0.0,0.0,0.0
2023-10-12,292.0,0.0,0.0,298.0,290.0,292.0,0.0,15779900.0,4617655400.0,896.0,108.1,292.0,120400.0,290.0,3523300.0,83345000000.0,8323888000.0,8334500000.0,707100.0,992000.0,,0.0,0.0,0.0
2023-10-13,292.0,0.0,0.0,294.0,282.0,288.0,-4.0,25480400.0,7317145200.0,1546.0,106.7,290.0,83500.0,288.0,145000.0,83345000000.0,8323888000.0,8334500000.0,4646700.0,7347600.0,,0.0,0.0,0.0
2023-10-16,288.0,0.0,0.0,292.0,278.0,278.0,-10.0,31927800.0,9013369800.0,1888.0,103.0,280.0,9500.0,278.0,2180200.0,83345000000.0,8323888000.0,8334500000.0,5032700.0,1867300.0,,0.0,0.0,0.0
2023-10-17,278.0,0.0,0.0,286.0,280.0,284.0,6.0,10275600.0,2910906400.0,765.0,105.2,286.0,1975500.0,284.0,132100.0,83345000000.0,8323888000.0,8334500000.0,2098900.0,1463700.0,,0.0,0.0,0.0
2023-10-18,284.0,0.0,0.0,284.0,280.0,280.0,-4.0,7602200.0,2144038800.0,925.0,103.7,284.0,277600.0,280.0,646600.0,83345000000.0,8323888000.0,8334500000.0,3402800.0,3711200.0,,0.0,0.0,0.0
2023-10-19,280.0,0.0,0.0,286.0,266.0,284.0,4.0,8905600.0,2519350200.0,756.0,105.2,284.0,5400.0,282.0,13500.0,83345000000.0,8323888000.0,8334500000.0,680800.0,1349100.0,,0.0,0.0,0.0
2023-10-20,284.0,0.0,0.0,290.0,280.0,288.0,4.0,6884500.0,1955998000.0,547.0,106.7,288.0,73500.0,286.0,28700.0,83345000000.0,8323888000.0,8334500000.0,620500.0,1285900.0,,0.0,0.0,0.0
2023-10-23,288.0,0.0,0.0,292.0,280.0,282.0,-6.0,8436800.0,2385091000.0,816.0,104.4,284.0,504000.0,282.0,3500.0,83345000000.0,8323888000.0,8334500000.0,1000900.0,3017100.0,,0.0,0.0,0.0
2023-10-24,282.0,0.0,0.0,286.0,282.0,284.0,2.0,5727500.0,1621536200.0,612.0,105.2,284.0,69000.0,282.0,133500.0,83345000000.0,8323888000.0,8334500000.0,1277800.0,2362900.0,,0.0,0.0,0.0
2023-10-25,284.0,0.0,0.0,286.0,280.0,280.0,-4.0,3425000.0,965786400.0,511.0,103.7,284.0,146500.0,280.0,942700.0,83345000000.0,8323888000.0,8334500000.0,625100.0,2407000.0,,0.0,0.0,0.0
2023-10-26,280.0,0.0,0.0,282.0,274.0,274.0,-6.0,13907600.0,3845922000.0,850.0,101.5,276.0,708000.0,274.0,10555500.0,83345000000.0,8323888000.0,8334500000.0,2656300.0,2445600.0,,0.0,0.0,0.0
2023-10-27,274.0,0.0,0.0,282.0,274.0,280.0,6.0,8014000.0,2227774800.0,655.0,103.7,280.0,4220500.0,278.0,79600.0,83345000000.0,8323888000.0,8334500000.0,1314300.0,731900.0,,0.0,0.0,0.0
2023-10-30,280.0,0.0,0.0,284.0,274.0,280.0,0.0,12974300.0,3607075800.0,1200.0,103.7,280.0,1011800.0,278.0,21400.0,83345000000.0,8323888000.0,8334500000.0,2135500.0,3833900.0,,0.0,0.0,0.0
2023-10-31,280.0,0.0,0.0,282.0,276.0,278.0,-2.0,5851600.0,1625784200.0,716.0,103.0,280.0,1792400.0,278.0,35100.0,83345000000.0,8323888000.0,8334500000.0,1016100.0,1558400.0,,0.0,0.0,0.0
2023-11-01,278.0,0.0,0.0,280.0,272.0,276.0,-2.0,16916300.0,4645984800.0,938.0,102.2,278.0,623800.0,276.0,13000.0,83345000000.0,8323888000.0,8334500000.0,8237900.0,3999300.0,,0.0,0.0,0.0
2023-11-02,276.0,0.0,0.0,282.0,274.0,278.0,2.0,10178800.0,2842395400.0,516.0,103.0,280.0,883800.0,278.0,112900.0,83345000000.0,8323888000.0,8334500000.0,4387500.0,7031700.0,,0.0,0.0,0.0
2023-11-03,278.0,0.0,0.0,280.0,274.0,276.0,-2.0,3524100.0,968126600.0,467.0,102.2,276.0,322000.0,274.0,1416500.0,83345000000.0,8323888000.0,8334500000.0,314800.0,100.0,,0.0,0.0,0.0
2023-11-06,276.0,0.0,0.0,278.0,260.0,276.0,0.0,5546400.0,1520843400.0,531.0,102.2,276.0,55100.0,274.0,713500.0,83345000000.0,8323888000.0,8334500000.0,582400.0,821900.0,,0.0,0.0,0.0
2023-11-07,276.0,0.0,0.0,276.0,272.0,276.0,0.0,8683800.0,2373847400.0,690.0,102.2,276.0,993400.0,274.0,22200.0,83345000000.0,8323888000.0,8334500000.0,875800.0,1847600.0,,0.0,0.0,0.0
2023-11-08,276.0,0.0,0.0,276.0,272.0,274.0,-2.0,2614800.0,712779600.0,287.0,101.5,274.0,593100.0,272.0,23296600.0,83345000000.0,8323888000.0,8334500000.0,246900.0,100600.0,,0.0,0.0,0.0
2023-11-09,274.0,0.0,0.0,278.0,272.0,276.0,2.0,17797100.0,4901077400.0,697.0,102.2,276.0,1320700.0,274.0,36800.0,83345000000.0,8323888000.0,8334500000.0,1833900.0,940600.0,,0.0,0.0,0.0
2023-11-10,276.0,0.0,0.0,278.0,272.0,272.0,-4.0,10721200.0,2922671800.0,720.0,100.7,274.0,53500.0,272.0,8159400.0,83345000000.0,8323888000.0,8334500000.0,879300.0,4200000.0,,0.0,0.0,0.0
2023-11-13,272.0,0.0,0.0,276.0,272.0,274.0,2.0,9933700.0,2708609600.0,535.0,101.5,274.0,272300.0,272.0,21404600.0,83345000000.0,8323888000.0,8334500000.0,950000.0,179200.0,,0.0,0.0,0.0
2023-11-14,274.0,0.0,0.0,276.0,272.0,274.0,0.0,7723500.0,2112104600.0,354.0,101.5,276.0,410400.0,274.0,1001500.0,83345000000.0,8323888000.0,8334500000.0,855200.0,3006500.0,,0.0,0.0,0.0
2023-11-15,274.0,0.0,0.0,276.0,270.0,276.0,2.0,10736900.0,2941152400.0,520.0,102.2,276.0,1614300.0,274.0,23100.0,83345000000.0,8323888000.0,8334500000.0,1362200.0,1407600.0,,0.0,0.0,0.0
2023-11-16,276.0,0.0,0.0,278.0,272.0,276.0,0.0,9278800.0,2547925000.0,2103.0,102.2,276.0,639600.0,274.0,200.0,83345000000.0,8323888000.0,8334500000.0,917900.0,3683900.0,,0.0,0.0,0.0
2023-11-17,276.0,0.0,0.0,276.0,272.0,272.0,-4.0,9057000.0,2471300800.0,365.0,100.7,274.0,222400.0,272.0,9780200.0,83345000000.0,8323888000.0,8334500000.0,914400.0,11400.0,,0.0,0.0,0.0
2023-11-20,272.0,0.0,0.0,274.0,256.0,274.0,2.0,36543300.0,9945456400.0,527.0,101.5,274.0,3422200.0,272.0,20737100.0,83345000000.0,8323888000.0,8334500000.0,3342200.0,22655400.0,,0.0,0.0,0.0
2023-11-21,274.0,0.0,0.0,274.0,272.0,274.0,0.0,13421000.0,3651752200.0,269.0,101.5,274.0,5303200.0,272.0,18644500.0,83345000000.0,8323888000.0,8334500000.0,1848100.0,11960400.0,,0.0,0.0,0.0
2023-11-22,274.0,0.0,0.0,274.0,272.0,272.0,-2.0,6630800.0,1805304800.0,418.0,100.7,272.0,124300.0,270.0,26186400.0,83345000000.0,8323888000.0,8334500000.0,1255300.0,2431900.0,,0.0,0.0,0.0
2023-11-23,272.0,0.0,0.0,274.0,272.0,274.0,2.0,8671700.0,2363563000.0,295.0,101.5,274.0,5001800.0,272.0,15582600.0,83345000000.0,8323888000.0,8334500000.0,1278800.0,5925000.0,,0.0,0.0,0.0
2023-11-24,274.0,0.0,0.0,274.0,272.0,272.0,-2.0,25575100.0,6975863400.0,461.0,100.7,274.0,646600.0,272.0,331200.0,83345000000.0,8323888000.0,8334500000.0,4954300.0,14569300.0,,0.0,0.0,0.0
2023-11-27,272.0,0.0,0.0,274.0,272.0,272.0,0.0,4963200.0,1355949200.0,430.0,100.7,274.0,519100.0,272.0,16205400.0,83345000000.0,8323888000.0,8334500000.0,279300.0,1312000.0,,268500.0,73032000.0,1.0
2023-11-28,272.0,0.0,0.0,274.0,270.0,274.0,2.0,121363400.0,33018919000.0,581.0,101.5,274.0,3011600.0,272.0,322300.0,83345000000.0,8323888000.0,8334500000.0,109916400.0,104389100.0,,0.0,0.0,0.0
2023-11-29,274.0,0.0,0.0,286.0,272.0,274.0,0.0,19903500.0,5516393600.0,1214.0,101.5,274.0,310600.0,272.0,23443100.0,83345000000.0,8323888000.0,8334500000.0,4522300.0,4922700.0,,0.0,0.0,0.0
2023-11-30,274.0,0.0,0.0,278.0,272.0,274.0,0.0,4825000.0,1324116000.0,579.0,101.5,274.0,10002200.0,272.0,23782500.0,83345000000.0,8323888000.0,8334500000.0,732200.0,3706500.0,,0.0,0.0,0.0
2023-12-01,274.0,0.0,0.0,276.0,272.0,274.0,0.0,4631700.0,1268723600.0,310.0,101.5,274.0,685200.0,272.0,16383300.0,83345000000.0,8323888000.0,8334500000.0,175500.0,1404600.0,,0.0,0.0,0.0
2023-12-04,274.0,0.0,0.0,276.0,272.0,272.0,-2.0,23168100.0,6315503400.0,536.0,100.7,274.0,593100.0,272.0,13454200.0,83345000000.0,8323888000.0,8334500000.0,6762500.0,12904100.0,,234200.0,63702400.0,1.0
2023-12-05,272.0,0.0,0.0,274.0,272.0,274.0,2.0,17908600.0,4877344000.0,586.0,101.5,274.0,4403100.0,272.0,9551200.0,83345000000.0,8323888000.0,8334500000.0,6403400.0,13340300.0,,0.0,0.0,0.0
2023-12-06,274.0,0.0,0.0,274.0,272.0,274.0,0.0,21490700.0,5855820000.0,839.0,101.5,274.0,7069400.0,272.0,12781900.0,83345000000.0,8323888000.0,8334500000.0,8626700.0,13713300.0,,0.0,0.0,0.0
2023-12-07,274.0,0.0,0.0,274.0,272.0,274.0,0.0,31837800.0,8664954000.0,1509.0,101.5,274.0,6169800.0,272.0,12180300.0,83345000000.0,8323888000.0,8334500000.0,7649600.0,27285300.0,,0.0,0.0,0.0
2023-12-08,274.0,0.0,0.0,274.0,272.0,274.0,0.0,26825000.0,7306375000.0,1617.0,101.5,274.0,1686800.0,272.0,9918300.0,83345000000.0,8323888000.0,8334500000.0,7289100.0,21863900.0,,0.0,0.0,0.0
2023-12-11,274.0,0.0,0.0,274.0,272.0,274.0,0.0,29992600.0,8173334200.0,2265.0,101.5,274.0,2415100.0,272.0,19264300.0,83345000000.0,8323888000.0,8334500000.0,15153000.0,22955300.0,,0.0,0.0,0.0
2023-12-12,274.0,0.0,0.0,274.0,272.0,272.0,-2.0,11419400.0,3106147200.0,741.0,100.7,272.0,6818900.0,270.0,22471700.0,83345000000.0,8323888000.0,8334500000.0,5272500.0,981500.0,,0.0,0.0,0.0
2023-12-13,272.0,0.0,0.0,274.0,272.0,272.0,0.0,15418800.0,4196904000.0,660.0,100.7,272.0,16600.0,270.0,20464800.0,83345000000.0,8323888000.0,8334500000.0,6094400.0,13704700.0,,0.0,0.0,0.0
2023-12-14,272.0,0.0,0.0,274.0,268.0,272.0,0.0,85926300.0,23199023000.0,837.0,100.7,272.0,17461000.0,270.0,850200.0,83345000000.0,8323888000.0,8334500000.0,22038200.0,72199000.0,,0.0,0.0,0.0
2023-12-15,272.0,0.0,0.0,274.0,268.0,270.0,-2.0,17021900.0,4583544000.0,758.0,100.0,270.0,4617800.0,268.0,26505500.0,83345000000.0,8323888000.0,8334500000.0,4693300.0,11288400.0,,0.0,0.0,0.0
2023-12-18,270.0,0.0,0.0,270.0,242.0,262.0,-8.0,54870700.0,14230891800.0,2513.0,97.0,262.0,2502200.0,260.0,203400.0,83345000000.0,8323888000.0,8334500000.0,7166000.0,29969700.0,,0.0,0.0,0.0
2023-12-19,262.0,0.0,0.0,262.0,250.0,254.0,-8.0,9357800.0,2393599800.0,806.0,94.1,256.0,16000.0,254.0,277100.0,83345000000.0,8323888000.0,8334500000.0,2165800.0,4973400.0,,0.0,0.0,0.0
2023-12-20,254.0,0.0,0.0,260.0,234.0,254.0,0.0,31046700.0,7800952600.0,1200.0,94.1,254.0,5984700.0,252.0,4000.0,83345000000.0,8323888000.0,8334500000.0,8159800.0,17108000.0,,0.0,0.0,0.0
2023-12-21,254.0,0.0,0.0,256.0,246.0,252.0,-2.0,25039000.0,6288679200.0,836.0,93.3,252.0,46900.0,248.0,175600.0,83345000000.0,8323888000.0,8334500000.0,4863900.0,20396700.0,,0.0,0.0,0.0
2023-12-22,252.0,0.0,0.0,258.0,250.0,256.0,4.0,11536400.0,2923565800.0,468.0,94.8,258.0,485500.0,254.0,2200.0,83345000000.0,8323888000.0,8334500000.0,591900.0,6810100.0,,0.0,0.0,0.0
2023-12-27,256.0,0.0,0.0,258.0,252.0,252.0,-4.0,6584800.0,1666222200.0,610.0,93.3,252.0,1500.0,250.0,1039500.0,83345000000.0,8323888000.0,8334500000.0,1212700.0,2403000.0,,0.0,0.0,0.0
2023-12-28,252.0,0.0,0.0,264.0,250.0,264.0,12.0,37094200.0,9439797800.0,1052.0,97.8,264.0,360100.0,262.0,7500.0,83345000000.0,8323888000.0,8334500000.0,7656000.0,30451200.0,,0.0,0.0,0.0
2023-12-29,264.0,0.0,0.0,270.0,260.0,270.0,6.0,25044000.0,6661271000.0,890.0,100.0,270.0,91815400.0,266.0,200.0,83345000000.0,8323888000.0,8334500000.0,2739800.0,17448900.0,,0.0,0.0,0.0
2024-01-02,270.0,0.0,0.0,274.0,264.0,268.0,-2.0,18825900.0,5088370200.0,1237.0,99.3,270.0,130700.0,268.0,220000.0,83345000000.0,8323888000.0,8334500000.0,2904100.0,8884300.0,,0.0,0.0,0.0
2024-01-03,268.0,0.0,0.0,270.0,264.0,270.0,2.0,6094800.0,1632766400.0,528.0,100.0,270.0,1135000.0,266.0,3200.0,83345000000.0,8323888000.0,8334500000.0,3244700.0,4995300.0,,0.0,0.0,0.0
2024-01-04,270.0,0.0,0.0,274.0,266.0,270.0,0.0,17557900.0,4741043600.0,757.0,100.0,270.0,6795300.0,268.0,3100.0,83345000000.0,8323888000.0,8334500000.0,3159000.0,12016300.0,,0.0,0.0,0.0
2024-01-05,270.0,0.0,0.0,270.0,264.0,270.0,0.0,12808400.0,3418912200.0,520.0,100.0,270.0,12718500.0,266.0,38100.0,83345000000.0,8323888000.0,8334500000.0,783400.0,11047200.0,,0.0,0.0,0.0
2024-01-08,270.0,0.0,0.0,270.0,260.0,270.0,0.0,24179800.0,6381741200.0,937.0,100.0,270.0,7056100.0,262.0,5600.0,83345000000.0,8323888000.0,8334500000.0,4878900.0,18431000.0,,7500000.0,2002500000.0,1.0
2024-01-09,270.0,0.0,0.0,270.0,262.0,270.0,0.0,10840300.0,2901254800.0,1115.0,100.0,270.0,5685500.0,268.0,10800.0,83345000000.0,8323888000.0,8334500000.0,2791500.0,8559200.0,,0.0,0.0,0.0
2024-01-10,270.0,0.0,0.0,270.0,266.0,268.0,-2.0,2323200.0,621228000.0,817.0,99.3,268.0,4611200.0,266.0,284000.0,83345000000.0,8323888000.0,8334500000.0,355600.0,1532300.0,,0.0,0.0,0.0
2024-01-11,268.0,0.0,0.0,268.0,262.0,268.0,0.0,5657300.0,1508337200.0,791.0,99.3,268.0,3649200.0,264.0,112600.0,83345000000.0,8323888000.0,8334500000.0,1615700.0,4795600.0,,0.0,0.0,0.0
2024-01-12,268.0,0.0,0.0,268.0,264.0,268.0,0.0,7196000.0,1914369200.0,468.0,99.3,268.0,3600300.0,266.0,700.0,83345000000.0,8323888000.0,8334500000.0,1832700.0,6159800.0,,4000000.0,1060000000.0,1.0
2024-01-15,268.0,0.0,0.0,270.0,264.0,270.0,2.0,7808400.0,2094203600.0,391.0,100.0,270.0,1013000.0,268.0,1000.0,83345000000.0,8323888000.0,8334500000.0,2520400.0,7223600.0,,0.0,0.0,0.0
2024-01-16,270.0,0.0,0.0,270.0,266.0,270.0,0.0,6110400.0,1639889000.0,447.0,100.0,270.0,12558800.0,268.0,300.0,83345000000.0,8323888000.0,8334500000.0,1853100.0,3524500.0,,15000000.0,4020000000.0,6.0
2024-01-17,270.0,0.0,0.0,270.0,266.0,270.0,0.0,4209900.0,1132629600.0,255.0,100.0,270.0,4466100.0,268.0,55800.0,83345000000.0,8323888000.0,8334500000.0,1484200.0,3045900.0,,16011200.0,4291001600.0,7.0
2024-01-18,270.0,0.0,0.0,270.0,266.0,270.0,0.0,4889300.0,1312642400.0,550.0,100.0,270.0,2089800.0,266.0,1145000.0,83345000000.0,8323888000.0,8334500000.0,1932200.0,2972600.0,,10150000.0,2709900000.0,2.0
2024-01-19,270.0,0.0,0.0,270.0,266.0,268.0,-2.0,11622800.0,3114224600.0,700.0,99.3,270.0,1999800.0,268.0,100.0,83345000000.0,8323888000.0,8334500000.0,4553400.0,10615100.0,,0.0,0.0,0.0
2024-01-22,268.0,0.0,0.0,270.0,266.0,270.0,2.0,11622100.0,3118985600.0,605.0,100.0,270.0,1325500.0,268.0,2000.0,83345000000.0,8323888000.0,8334500000.0,1720700.0,9944900.0,,0.0,0.0,0.0
2024-01-23,270.0,0.0,0.0,270.0,266.0,268.0,-2.0,14844100.0,3983851600.0,1013.0,99.3,270.0,2478800.0,268.0,1088500.0,83345000000.0,8323888000.0,8334500000.0,4357200.0,12846400.0,,0.0,0.0,0.0
2024-01-24,268.0,0.0,0.0,270.0,266.0,266.0,-2.0,13885200.0,3714239600.0,1309.0,98.5,268.0,4100.0,264.0,382600.0,83345000000.0,8323888000.0,8334500000.0,4676100.0,11313700.0,,0.0,0.0,0.0
2024-01-25,266.0,0.0,0.0,266.0,262.0,262.0,-4.0,3084700.0,811923400.0,310.0,97.0,262.0,622300.0,260.0,330700.0,83345000000.0,8323888000.0,8334500000.0,747000.0,705900.0,,0.0,0.0,0.0
2024-01-26,262.0,0.0,0.0,264.0,258.0,262.0,0.0,5381100.0,1409342800.0,481.0,97.0,262.0,90200.0,260.0,680200.0,83345000000.0,83333888000.0,8334500000.0,2436300.0,3110500.0,,973300.0,255004600.0,1.0
2024-01-29,262.0,0.0,0.0,266.0,256.0,262.0,0.0,7172900.0,1875694800.0,522.0,97.0,264.0,86300.0,262.0,200.0,83345000000.0,83333888000.0,8334500000.0,2348600.0,6041000.0,,0.0,0.0,0.0
2024-01-30,262.0,0.0,0.0,268.0,258.0,268.0,6.0,7294200.0,1919223600.0,583.0,99.3,268.0,27600.0,262.0,30900.0,83345000000.0,83333888000.0,8334500000.0,2557300.0,5527100.0,,7361600.0,1925031400.0,5.0
2024-01-31,268.0,0.0,0.0,268.0,258.0,268.0,0.0,15864800.0,4207606600.0,544.0,99.3,268.0,20100.0,262.0,26900.0,83345000000.0,83333888000.0,8334500000.0,6578100.0,11016000.0,,0.0,0.0,0.0
2024-02-01,268.0,0.0,0.0,268.0,258.0,258.0,-10.0,5853400.0,1532147800.0,823.0,95.6,260.0,28300.0,258.0,540600.0,83345000000.0,83333888000.0,8334500000.0,2096100.0,580100.0,,0.0,0.0,0.0
2024-02-02,258.0,0.0,0.0,258.0,242.0,250.0,-8.0,29218500.0,7303359200.0,1502.0,92.6,252.0,48800.0,250.0,9300.0,83345000000.0,83333888000.0,8334500000.0,9817700.0,15195800.0,,1489300.0,370835700.0,3.0
2024-02-05,250.0,0.0,0.0,254.0,242.0,250.0,0.0,3828700.0,957697800.0,580.0,92.6,252.0,134000.0,250.0,49100.0,83345000000.0,83333888000.0,8334500000.0,1208900.0,3284900.0,,0.0,0.0,0.0
2024-02-06,250.0,0.0,0.0,258.0,248.0,252.0,2.0,2169100.0,546841600.0,358.0,93.3,252.0,100.0,250.0,303700.0,83345000000.0,83333888000.0,8334500000.0,385200.0,1186800.0,,0.0,0.0,0.0
2024-02-07,252.0,0.0,0.0,254.0,250.0,250.0,-2.0,2162700.0,541249400.0,227.0,92.6,252.0,100.0,250.0,400.0,83345000000.0,83333888000.0,8334500000.0,571800.0,953700.0,,1500000.0,375000000.0,4.0
2024-02-12,250.0,0.0,0.0,252.0,242.0,252.0,2.0,4567700.0,1130032000.0,736.0,93.3,252.0,97000.0,246.0,300.0,83345000000.0,83333888000.0,8334500000.0,1497400.0,1335000.0,,0.0,0.0,0.0
2024-02-13,252.0,0.0,0.0,250.0,246.0,248.0,-4.0,12303100.0,3050802400.0,685.0,91.9,250.0,133800.0,248.0,39500.0,83345000000.0,83333888000.0,8334500000.0,2929000.0,8873200.0,,0.0,0.0,0.0
2024-02-15,248.0,0.0,0.0,260.0,246.0,250.0,2.0,11386100.0,2841776800.0,630.0,92.6,250.0,51300.0,248.0,2200.0,83345000000.0,83333888000.0,8334500000.0,1794800.0,8949700.0,,0.0,0.0,0.0
2024-02-16,250.0,0.0,0.0,250.0,242.0,246.0,-4.0,25717700.0,6340173000.0,689.0,91.1,246.0,200.0,244.0,110600.0,83345000000.0,83333888000.0,8334500000.0,5326100.0,21961100.0,,0.0,0.0,0.0
2024-02-19,246.0,0.0,0.0,246.0,228.0,236.0,-10.0,22646100.0,5388863000.0,2513.0,87.4,238.0,125500.0,236.0,24500.0,83345000000.0,83333888000.0,8334500000.0,7353400.0,13714300.0,,718500.0,170771500.0,12.0
2024-02-20,236.0,0.0,0.0,242.0,234.0,238.0,2.0,10690400.0,2554820200.0,596.0,88.1,240.0,204300.0,236.0,1800.0,83345000000.0,83333888000.0,8334500000.0,2243700.0,9053700.0,,0.0,0.0,0.0
2024-02-21,238.0,0.0,0.0,242.0,238.0,240.0,2.0,2551000.0,611834800.0,299.0,88.9,240.0,900.0,238.0,212300.0,83345000000.0,83333888000.0,8334500000.0,788000.0,1649300.0,,0.0,0.0,0.0
2024-02-22,240.0,0.0,0.0,246.0,220.0,242.0,2.0,4780300.0,1162601800.0,373.0,89.6,244.0,555800.0,242.0,8500.0,83345000000.0,83333888000.0,8334500000.0,2691900.0,1576000.0,,2093600.0,506651200.0,2.0
2024-02-23,242.0,0.0,0.0,246.0,240.0,240.0,-2.0,4435100.0,1075401200.0,307.0,88.9,242.0,738600.0,240.0,5300.0,83345000000.0,83333888000.0,8334500000.0,743700.0,1605300.0,,3519800.0,854841600.0,14.0
2024-02-26,240.0,0.0,0.0,246.0,242.0,244.0,4.0,1064500.0,258569000.0,216.0,90.4,244.0,278900.0,242.0,74100.0,83345000000.0,83333888000.0,8334500000.0,324800.0,201200.0,,4848800.0,1179458400.0,30.0
2024-02-27,244.0,0.0,0.0,254.0,242.0,250.0,6.0,11950400.0,2976924600.0,598.0,92.6,252.0,1200.0,250.0,500.0,83345000000.0,83333888000.0,8334500000.0,4279800.0,4291700.0,,0.0,0.0,0.0
2024-02-28,250.0,0.0,0.0,254.0,246.0,250.0,0.0,10025900.0,2503763400.0,764.0,92.6,250.0,30000.0,248.0,2300.0,83345000000.0,83333888000.0,8334500000.0,4301400.0,7544500.0,,300000.0,75000000.0,1.0
2024-02-29,250.0,0.0,0.0,254.0,246.0,248.0,-2.0,7583400.0,1893518000.0,377.0,91.9,250.0,229100.0,248.0,20300.0,83345000000.0,83333888000.0,8334500000.0,1552900.0,5496300.0,,0.0,0.0,0.0
2024-03-01,248.0,0.0,0.0,256.0,248.0,256.0,8.0,3776400.0,956043400.0,319.0,94.8,256.0,506900.0,254.0,65400.0,83345000000.0,83333888000.0,8334500000.0,1642300.0,1371700.0,,2960800.0,740200000.0,1.0
2024-03-04,256.0,0.0,0.0,260.0,240.0,250.0,-6.0,9744900.0,2389262000.0,921.0,92.6,250.0,3507200.0,244.0,10000.0,83345000000.0,83333888000.0,8334500000.0,1696100.0,2748100.0,,0.0,0.0,0.0
2024-03-05,250.0,0.0,0.0,250.0,240.0,248.0,-2.0,2021300.0,495392400.0,257.0,91.9,248.0,845000.0,246.0,500.0,83345000000.0,83333888000.0,8334500000.0,662800.0,946800.0,,0.0,0.0,0.0
2024-03-06,248.0,0.0,0.0,250.0,242.0,250.0,2.0,4486200.0,1102190800.0,350.0,92.6,250.0,2485900.0,246.0,14100.0,83345000000.0,83333888000.0,8334500000.0,1100400.0,1548600.0,,0.0,0.0,0.0
2024-03-07,250.0,0.0,0.0,250.0,244.0,246.0,-4.0,812800.0,200865600.0,178.0,91.1,246.0,116100.0,244.0,1171600.0,83345000000.0,83333888000.0,8334500000.0,207500.0,216200.0,,0.0,0.0,0.0
2024-03-08,246.0,0.0,0.0,246.0,234.0,238.0,-8.0,21903600.0,5232796200.0,1321.0,88.1,240.0,153000.0,238.0,907400.0,83345000000.0,83333888000.0,8334500000.0,8636900.0,10148000.0,,500000.0,119500000.0,1.0
2024-03-13,238.0,0.0,0.0,282.0,216.0,216.0,-22.0,178636600.0,43904378200.0,13625.0,80.0,216.0,494900.0,214.0,25800.0,83345000000.0,83333888000.0,8334500000.0,31736200.0,37625200.0,,0.0,0.0,0.0
2024-03-14,216.0,0.0,0.0,234.0,198.0,226.0,10.0,37972700.0,8615903400.0,3055.0,83.7,228.0,709300.0,226.0,912900.0,83345000000.0,83333888000.0,8334500000.0,2844200.0,15097500.0,,0.0,0.0,0.0
2024-03-15,226.0,0.0,0.0,228.0,218.0,222.0,-4.0,22272900.0,4923931200.0,1280.0,82.2,224.0,377800.0,222.0,4437800.0,83345000000.0,83333888000.0,8334500000.0,4919300.0,13512700.0,,0.0,0.0,0.0
2024-03-18,222.0,0.0,0.0,228.0,222.0,222.0,0.0,5769100.0,1291305600.0,664.0,82.2,224.0,15000.0,222.0,13900.0,83345000000.0,83333888000.0,8334500000.0,389200.0,2876100.0,,0.0,0.0,0.0
2024-03-19,222.0,0.0,0.0,226.0,220.0,222.0,0.0,7915000.0,1758534400.0,555.0,82.2,224.0,229400.0,220.0,1262600.0,83345000000.0,83333888000.0,8334500000.0,1385300.0,3912000.0,,0.0,0.0,0.0
2024-03-20,222.0,0.0,0.0,226.0,222.0,222.0,0.0,4655000.0,1037176200.0,421.0,82.2,224.0,16100.0,222.0,93800.0,83345000000.0,83333888000.0,8334500000.0,424600.0,3306700.0,,0.0,0.0,0.0
2024-03-21,222.0,0.0,0.0,226.0,220.0,222.0,0.0,18048800.0,3995497200.0,654.0,82.2,222.0,1200.0,220.0,3429700.0,83345000000.0,83333888000.0,8334500000.0,194500.0,11443800.0,,0.0,0.0,0.0
2024-03-22,222.0,0.0,0.0,224.0,220.0,220.0,-2.0,9042100.0,1995514200.0,522.0,81.5,222.0,1047400.0,220.0,513700.0,83345000000.0,83333888000.0,8334500000.0,199600.0,6049200.0,,0.0,0.0,0.0
2024-03-25,220.0,0.0,0.0,228.0,220.0,224.0,4.0,7107700.0,1594640000.0,579.0,83.0,224.0,19700.0,222.0,323800.0,83345000000.0,83333888000.0,8334500000.0,51400.0,3545400.0,,0.0,0.0,0.0
2024-03-26,224.0,0.0,0.0,230.0,224.0,226.0,2.0,3398900.0,771596000.0,417.0,83.7,228.0,225800.0,226.0,4800.0,83345000000.0,83333888000.0,8334500000.0,123500.0,820400.0,,0.0,0.0,0.0
2024-03-27,226.0,0.0,0.0,228.0,214.0,220.0,-6.0,24146800.0,5288269800.0,999.0,81.5,222.0,33700.0,220.0,732800.0,83345000000.0,83333888000.0,8334500000.0,292800.0,12119600.0,,0.0,0.0,0.0
2024-03-28,220.0,0.0,0.0,234.0,220.0,230.0,10.0,7720600.0,1762817000.0,830.0,85.2,232.0,3800.0,230.0,1201600.0,83345000000.0,83333888000.0,8334500000.0,957000.0,353200.0,,200000.0,45400000.0,1.0
2024-04-01,230.0,0.0,0.0,236.0,228.0,234.0,4.0,12836300.0,2977035000.0,1314.0,86.7,236.0,927000.0,234.0,181700.0,83345000000.0,83333888000.0,8334500000.0,1691200.0,1546800.0,,0.0,0.0,0.0
2024-04-02,234.0,0.0,0.0,238.0,228.0,234.0,0.0,11647600.0,2720080200.0,532.0,86.7,236.0,56700.0,234.0,50000.0,83345000000.0,83333888000.0,8334500000.0,1399600.0,75200.0,,0.0,0.0,0.0
2024-04-03,234.0,0.0,0.0,238.0,230.0,236.0,2.0,10224300.0,2417727800.0,543.0,87.4,238.0,2617300.0,236.0,2847400.0,83345000000.0,83333888000.0,8334500000.0,609200.0,9800.0,,0.0,0.0,0.0
2024-04-04,236.0,0.0,0.0,242.0,230.0,242.0,6.0,20754500.0,4977634000.0,782.0,89.6,242.0,1827300.0,240.0,295000.0,83345000000.0,83333888000.0,8334500000.0,75600.0,13063300.0,,0.0,0.0,0.0
2024-04-05,242.0,0.0,0.0,242.0,238.0,238.0,-4.0,3235500.0,774742400.0,530.0,88.1,238.0,29600.0,236.0,125200.0,83345000000.0,83333888000.0,8334500000.0,1671100.0,54500.0,,0.0,0.0,0.0
2024-04-16,238.0,0.0,0.0,240.0,228.0,230.0,-8.0,1977700.0,456398600.0,657.0,85.2,230.0,125400.0,228.0,366500.0,83345000000.0,83333888000.0,8334500000.0,9200.0,208700.0,,157900.0,36317000.0,1.0
2024-04-17,230.0,0.0,0.0,234.0,226.0,226.0,-4.0,2661700.0,608324400.0,492.0,83.7,228.0,5400.0,226.0,584000.0,83345000000.0,83333888000.0,8334500000.0,123800.0,276100.0,,0.0,0.0,0.0
2024-04-18,226.0,0.0,0.0,228.0,220.0,222.0,-4.0,9432700.0,2095858000.0,1374.0,82.2,222.0,23300.0,220.0,462700.0,83345000000.0,83333888000.0,8334500000.0,1954300.0,3690600.0,,0.0,0.0,0.0
2024-04-19,222.0,0.0,0.0,224.0,212.0,212.0,-10.0,8329500.0,1806284600.0,988.0,78.5,216.0,191900.0,212.0,676200.0,83345000000.0,83333888000.0,8334500000.0,702800.0,4261800.0,,0.0,0.0,0.0
2024-04-22,212.0,0.0,0.0,218.0,210.0,212.0,0.0,2100500.0,448908000.0,574.0,78.5,212.0,10500.0,210.0,991000.0,83345000000.0,83333888000.0,8334500000.0,368800.0,751200.0,,5000000.0,1085000000.0,1.0
2024-04-23,212.0,0.0,0.0,226.0,212.0,226.0,14.0,1929100.0,427887000.0,392.0,83.7,228.0,233500.0,224.0,500.0,83345000000.0,83333888000.0,8334500000.0,288900.0,517400.0,,0.0,0.0,0.0
2024-04-24,226.0,0.0,0.0,228.0,220.0,224.0,-2.0,1651300.0,370587800.0,243.0,83.0,224.0,14900.0,222.0,32800.0,83345000000.0,83333888000.0,8334500000.0,251100.0,75400.0,,0.0,0.0,0.0
2024-04-25,224.0,0.0,0.0,226.0,216.0,220.0,-4.0,905300.0,198354800.0,409.0,81.5,220.0,45900.0,218.0,60200.0,83345000000.0,83333888000.0,8334500000.0,50000.0,800.0,,0.0,0.0,0.0
2024-04-26,220.0,0.0,0.0,222.0,212.0,214.0,-6.0,1400300.0,300110800.0,528.0,79.3,214.0,77700.0,212.0,540500.0,83345000000.0,83333888000.0,8334500000.0,835300.0,200200.0,,0.0,0.0,0.0
2024-04-29,214.0,0.0,0.0,222.0,212.0,218.0,4.0,4845700.0,1040724400.0,548.0,80.7,218.0,21800.0,216.0,22000.0,83345000000.0,83333888000.0,8334500000.0,2473800.0,1756300.0,,0.0,0.0,0.0
2024-04-30,218.0,0.0,0.0,234.0,200.0,226.0,8.0,47384200.0,10307525000.0,1249.0,83.7,226.0,542400.0,224.0,50900.0,83345000000.0,83333888000.0,8334500000.0,1010000.0,8174400.0,,0.0,0.0,0.0
2024-05-02,226.0,0.0,0.0,230.0,212.0,222.0,-4.0,32973500.0,7288006200.0,798.0,82.2,222.0,6519500.0,220.0,109200.0,83345000000.0,83333888000.0,8334500000.0,1060500.0,2161000.0,,0.0,0.0,0.0
2024-05-03,222.0,0.0,0.0,222.0,216.0,220.0,-2.0,21367700.0,4693682800.0,1489.0,81.5,222.0,1382200.0,220.0,711300.0,83345000000.0,83333888000.0,8334500000.0,1683200.0,11761900.0,,58.0,12760.0,1.0
2024-05-06,220.0,0.0,0.0,226.0,218.0,222.0,2.0,2679200.0,589613200.0,385.0,82.2,222.0,64700.0,220.0,800.0,83345000000.0,83333888000.0,8334500000.0,337200.0,401900.0,,0.0,0.0,0.0
2024-05-07,222.0,0.0,0.0,222.0,216.0,218.0,-4.0,3149200.0,687095800.0,390.0,80.7,220.0,144900.0,218.0,879200.0,83345000000.0,83333888000.0,8334500000.0,400100.0,846600.0,,1000.0,294000.0,1.0
2024-05-08,218.0,0.0,0.0,220.0,212.0,220.0,2.0,4928400.0,1072376400.0,432.0,81.5,220.0,4100.0,216.0,46700.0,83345000000.0,83333888000.0,8334500000.0,765100.0,743800.0,,0.0,0.0,0.0
2024-05-13,220.0,0.0,0.0,220.0,210.0,212.0,-8.0,16656100.0,3539646200.0,768.0,78.5,214.0,1000.0,212.0,491600.0,83345000000.0,83333888000.0,8334500000.0,1739200.0,5173500.0,,0.0,0.0,0.0
2024-05-14,212.0,0.0,0.0,214.0,208.0,210.0,-2.0,11245000.0,2373324800.0,736.0,77.8,210.0,1200.0,208.0,77900.0,83345000000.0,83333888000.0,8334500000.0,470100.0,7486400.0,,0.0,0.0,0.0
2024-05-15,210.0,0.0,0.0,216.0,210.0,214.0,4.0,2322900.0,496919800.0,299.0,79.3,216.0,390900.0,214.0,38400.0,83345000000.0,83333888000.0,8334500000.0,719100.0,1203900.0,,0.0,0.0,0.0
2024-05-16,214.0,0.0,0.0,218.0,212.0,216.0,2.0,2240800.0,482921400.0,339.0,80.0,216.0,114800.0,214.0,566600.0,83345000000.0,83333888000.0,8334500000.0,336500.0,442000.0,,0.0,0.0,0.0
2024-05-17,216.0,0.0,0.0,216.0,210.0,212.0,-4.0,2410400.0,512359400.0,705.0,78.5,214.0,107800.0,212.0,15304300.0,83345000000.0,83333888000.0,8334500000.0,694900.0,387100.0,,0.0,0.0,0.0
2024-05-20,212.0,0.0,0.0,216.0,210.0,212.0,0.0,21995300.0,4667955600.0,551.0,78.5,214.0,944800.0,210.0,20358200.0,83345000000.0,83333888000.0,8334500000.0,1728200.0,11539800.0,,0.0,0.0,0.0
2024-05-21,212.0,0.0,0.0,220.0,208.0,210.0,-2.0,12703800.0,2669957400.0,600.0,77.8,212.0,10100.0,210.0,176900.0,83345000000.0,83333888000.0,8334500000.0,237300.0,7561700.0,,0.0,0.0,0.0
2024-05-22,210.0,0.0,0.0,212.0,204.0,206.0,-4.0,6010200.0,1243634200.0,774.0,76.3,206.0,265200.0,204.0,140300.0,83345000000.0,83333888000.0,8334500000.0,1715600.0,100200.0,,0.0,0.0,0.0
2024-05-27,206.0,0.0,0.0,214.0,200.0,212.0,6.0,7260300.0,1522045000.0,751.0,78.5,212.0,12800.0,210.0,2636900.0,83345000000.0,83333888000.0,8334500000.0,1273200.0,3035500.0,,100000.0,21000000.0,1.0
2024-05-28,212.0,0.0,0.0,214.0,210.0,212.0,0.0,3874700.0,821935600.0,368.0,78.5,214.0,26800.0,212.0,3319700.0,83345000000.0,83333888000.0,8334500000.0,673900.0,1084600.0,,0.0,0.0,0.0
2024-05-29,212.0,0.0,0.0,216.0,210.0,216.0,4.0,3405500.0,726816000.0,272.0,80.0,218.0,73400.0,216.0,645400.0,83345000000.0,83333888000.0,8334500000.0,444200.0,1232900.0,,0.0,0.0,0.0
2024-05-30,216.0,0.0,0.0,220.0,210.0,218.0,2.0,2139600.0,461754400.0,370.0,80.7,218.0,300.0,216.0,48400.0,83345000000.0,83333888000.0,8334500000.0,287100.0,70300.0,,0.0,0.0,0.0
2024-05-31,218.0,0.0,0.0,222.0,214.0,220.0,2.0,12600400.0,2768980200.0,363.0,81.5,222.0,19700.0,218.0,5100.0,83345000000.0,83333888000.0,8334500000.0,4052100.0,3600.0,,0.0,0.0,0.0
2024-06-03,220.0,0.0,0.0,224.0,212.0,214.0,-6.0,4410400.0,945037200.0,509.0,79.3,214.0,103200.0,212.0,479700.0,83345000000.0,83333888000.0,8334500000.0,682300.0,9800.0,,0.0,0.0,0.0
2024-06-04,214.0,0.0,0.0,214.0,206.0,210.0,-4.0,2342000.0,493489800.0,549.0,77.8,210.0,7000.0,208.0,248200.0,83345000000.0,83333888000.0,8334500000.0,416500.0,84400.0,,0.0,0.0,0.0
2024-06-05,210.0,0.0,0.0,214.0,190.0,208.0,-2.0,4425800.0,923942900.0,450.0,77.0,208.0,23400.0,206.0,318500.0,83345000000.0,83333888000.0,8334500000.0,960400.0,2751600.0,,11576500.0,2396135500.0,2.0
2024-06-06,208.0,0.0,0.0,212.0,206.0,210.0,2.0,902400.0,188653200.0,323.0,77.8,212.0,86800.0,210.0,73500.0,83345000000.0,83333888000.0,8334500000.0,240500.0,3900.0,,7625000.0,1608875000.0,4.0
2024-06-07,210.0,0.0,0.0,212.0,208.0,208.0,-2.0,297100.0,62068800.0,159.0,77.0,210.0,31100.0,208.0,30800.0,83345000000.0,83333888000.0,8334500000.0,33400.0,0.0,,0.0,0.0,0.0
2024-06-10,208.0,0.0,0.0,216.0,206.0,210.0,2.0,703700.0,146501000.0,363.0,77.8,210.0,176900.0,208.0,20900.0,83345000000.0,83333888000.0,8334500000.0,182900.0,51900.0,,0.0,0.0,0.0
2024-06-11,210.0,0.0,0.0,210.0,204.0,206.0,-4.0,5889700.0,1213521600.0,340.0,76.3,206.0,13500.0,204.0,263600.0,83345000000.0,83333888000.0,8334500000.0,574800.0,5047700.0,,0.0,0.0,0.0
2024-06-12,206.0,0.0,0.0,208.0,206.0,206.0,0.0,897300.0,184908600.0,181.0,76.3,208.0,139500.0,206.0,9900.0,83345000000.0,83333888000.0,8334500000.0,256400.0,793900.0,,0.0,0.0,0.0
2024-06-13,206.0,0.0,0.0,206.0,204.0,204.0,-2.0,1586600.0,323934200.0,374.0,75.6,206.0,15000.0,204.0,1200.0,83345000000.0,83333888000.0,8334500000.0,220900.0,1315700.0,,0.0,0.0,0.0
2024-06-14,204.0,0.0,0.0,206.0,204.0,204.0,0.0,5690200.0,1161331600.0,364.0,75.6,206.0,105400.0,204.0,8200.0,83345000000.0,83333888000.0,8334500000.0,908500.0,5323600.0,,0.0,0.0,0.0
2024-06-19,204.0,0.0,0.0,214.0,200.0,210.0,6.0,10291800.0,2163771600.0,679.0,77.8,212.0,13500.0,210.0,217200.0,83345000000.0,83333888000.0,8334500000.0,1696700.0,9533700.0,,0.0,0.0,0.0
2024-06-20,210.0,0.0,0.0,214.0,206.0,210.0,0.0,2996800.0,629734000.0,287.0,77.8,212.0,72300.0,210.0,2700.0,83345000000.0,83333888000.0,8334500000.0,562700.0,1874700.0,,0.0,0.0,0.0
2024-06-21,210.0,0.0,0.0,214.0,206.0,212.0,2.0,2211600.0,465873200.0,164.0,78.5,212.0,117500.0,210.0,179000.0,83345000000.0,83333888000.0,8334500000.0,405100.0,2072400.0,,0.0,0.0,0.0
2024-06-24,212.0,0.0,0.0,216.0,208.0,214.0,2.0,2067400.0,440566800.0,273.0,79.3,216.0,129600.0,214.0,1048400.0,83345000000.0,83333888000.0,8334500000.0,398600.0,182200.0,,0.0,0.0,0.0
2024-06-25,214.0,0.0,0.0,216.0,208.0,212.0,-2.0,2459900.0,520023000.0,271.0,78.5,212.0,19100.0,210.0,230300.0,83345000000.0,83333888000.0,8334500000.0,501400.0,300.0,,0.0,0.0,0.0
2024-06-26,212.0,0.0,0.0,220.0,210.0,212.0,0.0,2646500.0,572194000.0,273.0,78.5,220.0,548500.0,212.0,354400.0,83345000000.0,83333888000.0,8334500000.0,721100.0,309500.0,,0.0,0.0,0.0
2024-06-27,212.0,0.0,0.0,216.0,212.0,214.0,2.0,310000.0,65799600.0,95.0,79.3,214.0,95100.0,212.0,971200.0,83345000000.0,83333888000.0,8334500000.0,34000.0,30400.0,,0.0,0.0,0.0
2024-06-28,214.0,0.0,0.0,230.0,210.0,230.0,16.0,9796500.0,2187536400.0,534.0,85.2,232.0,193400.0,230.0,7300.0,83345000000.0,83333888000.0,8334500000.0,1600600.0,35600.0,,0.0,0.0,0.0
2024-07-01,230.0,0.0,0.0,232.0,218.0,224.0,-6.0,9565300.0,2143372800.0,725.0,83.0,226.0,382500.0,224.0,2478200.0,83345000000.0,83333888000.0,8334500000.0,901100.0,0.0,,0.0,0.0,0.0
2024-07-02,224.0,0.0,0.0,244.0,220.0,228.0,4.0,19933900.0,4584775000.0,818.0,84.4,232.0,8100.0,228.0,4162500.0,83345000000.0,83333888000.0,8334500000.0,1305200.0,5091400.0,,0.0,0.0,0.0
2024-07-03,228.0,0.0,0.0,232.0,220.0,220.0,-8.0,4712400.0,1057292800.0,579.0,81.5,222.0,33300.0,220.0,1717700.0,83345000000.0,83333888000.0,8334500000.0,610900.0,0.0,,0.0,0.0,0.0
2024-07-04,220.0,0.0,0.0,228.0,220.0,228.0,8.0,2076500.0,467339000.0,740.0,84.4,228.0,85000.0,224.0,453000.0,83345000000.0,83333888000.0,8334500000.0,386300.0,1111100.0,,0.0,0.0,0.0
2024-07-05,228.0,0.0,0.0,228.0,220.0,222.0,-6.0,883500.0,196400600.0,265.0,82.2,224.0,112100.0,222.0,889300.0,83345000000.0,83333888000.0,8334500000.0,170600.0,5400.0,,0.0,0.0,0.0
2024-07-08,222.0,0.0,0.0,224.0,218.0,220.0,-2.0,1543300.0,340558800.0,308.0,81.5,222.0,8700.0,220.0,7800.0,83345000000.0,83333888000.0,8334500000.0,178400.0,300.0,,0.0,0.0,0.0
2024-07-09,220.0,0.0,0.0,224.0,216.0,222.0,2.0,11909400.0,2632994800.0,391.0,82.2,224.0,150700.0,222.0,106000.0,83345000000.0,83333888000.0,8334500000.0,677900.0,1000000.0,,0.0,0.0,0.0
2024-07-10,222.0,0.0,0.0,234.0,220.0,228.0,6.0,15151900.0,3492818600.0,1061.0,84.4,232.0,11100.0,228.0,317300.0,83345000000.0,83333888000.0,8334500000.0,1354800.0,63800.0,,0.0,0.0,0.0
2024-07-11,228.0,0.0,0.0,234.0,220.0,228.0,0.0,6383900.0,1459639800.0,461.0,84.4,230.0,9700.0,228.0,897400.0,83345000000.0,83333888000.0,8334500000.0,2797800.0,1700100.0,,0.0,0.0,0.0
2024-07-12,228.0,0.0,0.0,232.0,220.0,222.0,-6.0,7935200.0,1798797600.0,538.0,82.2,224.0,2100.0,222.0,11133800.0,83345000000.0,83333888000.0,8334500000.0,3773800.0,600100.0,,0.0,0.0,0.0
2024-07-15,222.0,0.0,0.0,228.0,220.0,226.0,4.0,2489300.0,557520400.0,387.0,83.7,228.0,221300.0,226.0,910000.0,83345000000.0,83333888000.0,8334500000.0,766900.0,0.0,,0.0,0.0,0.0
2024-07-16,226.0,0.0,0.0,230.0,224.0,228.0,2.0,11261500.0,2546585600.0,280.0,84.4,230.0,811600.0,228.0,1012300.0,83345000000.0,83333888000.0,8334500000.0,10387200.0,0.0,,0.0,0.0,0.0
2024-07-17,228.0,0.0,0.0,230.0,226.0,228.0,0.0,10585900.0,2417968000.0,403.0,84.4,232.0,620200.0,228.0,1574100.0,83345000000.0,83333888000.0,8334500000.0,6795000.0,0.0,,0.0,0.0,0.0
2024-07-18,228.0,0.0,0.0,232.0,226.0,228.0,0.0,12335900.0,2815505600.0,281.0,84.4,230.0,55500.0,228.0,1176700.0,83345000000.0,83333888000.0,8334500000.0,9822400.0,1000000.0,,0.0,0.0,0.0
2024-07-19,228.0,0.0,0.0,230.0,222.0,222.0,-6.0,7905300.0,1787592400.0,507.0,82.2,224.0,1300.0,222.0,5339400.0,83345000000.0,83333888000.0,8334500000.0,3244800.0,1100000.0,,0.0,0.0,0.0
2024-07-22,222.0,0.0,0.0,232.0,222.0,228.0,6.0,13995700.0,3184963200.0,387.0,84.4,230.0,208500.0,228.0,221200.0,83345000000.0,83333888000.0,8334500000.0,11784800.0,2172200.0,,0.0,0.0,0.0
2024-07-23,228.0,0.0,0.0,234.0,226.0,228.0,0.0,5847200.0,1333596400.0,264.0,84.4,230.0,6100.0,228.0,1133900.0,83345000000.0,83333888000.0,8334500000.0,5330900.0,0.0,,0.0,0.0,0.0
2024-07-24,228.0,0.0,0.0,230.0,212.0,220.0,-8.0,16616000.0,3704220600.0,1022.0,81.5,222.0,500.0,220.0,11703000.0,83345000000.0,83333888000.0,8334500000.0,5143600.0,2706200.0,,0.0,0.0,0.0
2024-07-25,220.0,0.0,0.0,222.0,214.0,216.0,-4.0,3354300.0,728795800.0,400.0,80.0,220.0,94800.0,216.0,1482000.0,83345000000.0,83333888000.0,8334500000.0,742900.0,779800.0,,0.0,0.0,0.0
2024-07-26,216.0,0.0,0.0,238.0,216.0,220.0,4.0,23047200.0,5172506800.0,2314.0,81.5,220.0,47300.0,218.0,238100.0,83345000000.0,83333888000.0,8334500000.0,6807000.0,2375000.0,,0.0,0.0,0.0
2024-07-29,220.0,0.0,0.0,228.0,220.0,228.0,8.0,5383000.0,1211370400.0,616.0,84.4,228.0,2371600.0,226.0,39800.0,83345000000.0,83333888000.0,8334500000.0,1460500.0,11100.0,,0.0,0.0,0.0
2024-07-30,228.0,0.0,0.0,230.0,226.0,228.0,0.0,11661200.0,2658627800.0,547.0,84.4,230.0,357500.0,228.0,110000.0,83345000000.0,83333888000.0,8334500000.0,3079400.0,4936300.0,,0.0,0.0,0.0
2024-07-31,228.0,0.0,0.0,232.0,228.0,230.0,2.0,21836000.0,5022555200.0,787.0,85.2,232.0,1862200.0,230.0,539100.0,83345000000.0,83333888000.0,8334500000.0,13431600.0,4389100.0,,0.0,0.0,0.0
2024-08-01,230.0,0.0,0.0,232.0,224.0,228.0,-2.0,8973000.0,2056961000.0,458.0,84.4,228.0,282900.0,226.0,251200.0,83345000000.0,83333888000.0,8334500000.0,3800200.0,7100.0,,0.0,0.0,0.0
2024-08-02,228.0,0.0,0.0,228.0,222.0,228.0,0.0,10438200.0,2349370800.0,444.0,84.4,228.0,63800.0,224.0,302000.0,83345000000.0,83333888000.0,8334500000.0,596800.0,3575100.0,,0.0,0.0,0.0
2024-08-05,228.0,0.0,0.0,228.0,212.0,214.0,-14.0,8399900.0,1831498200.0,902.0,79.3,216.0,123600.0,214.0,1496800.0,83345000000.0,83345000000.0,8334500000.0,2689700.0,2524000.0,,0.0,0.0,0.0
2024-08-06,214.0,0.0,0.0,222.0,212.0,220.0,6.0,14188000.0,3092082600.0,676.0,81.5,220.0,92200.0,218.0,32700.0,83345000000.0,83345000000.0,8334500000.0,9069500.0,3837800.0,,0.0,0.0,0.0
2024-08-07,220.0,0.0,0.0,222.0,216.0,218.0,-2.0,15450200.0,3394754400.0,496.0,80.7,220.0,20000.0,218.0,5200.0,83345000000.0,83345000000.0,8334500000.0,13752800.0,6500.0,,0.0,0.0,0.0
2024-08-08,218.0,0.0,0.0,220.0,214.0,218.0,0.0,16773200.0,3651188400.0,418.0,80.7,218.0,31500.0,216.0,2487300.0,83345000000.0,83345000000.0,8334500000.0,8220700.0,17200.0,,0.0,0.0,0.0
2024-08-09,218.0,0.0,0.0,220.0,216.0,218.0,0.0,6684400.0,1461283200.0,323.0,80.7,220.0,246700.0,218.0,646700.0,83345000000.0,83345000000.0,8334500000.0,4721600.0,0.0,,0.0,0.0,0.0
2024-08-12,218.0,0.0,0.0,222.0,216.0,218.0,0.0,10368500.0,2275047200.0,389.0,80.7,222.0,225400.0,218.0,5932100.0,83345000000.0,83345000000.0,8334500000.0,7511900.0,129400.0,,0.0,0.0,0.0
2024-08-13,218.0,0.0,0.0,220.0,216.0,218.0,0.0,12417900.0,2709399200.0,452.0,80.7,220.0,900.0,218.0,88500.0,83345000000.0,83345000000.0,8334500000.0,10268900.0,227200.0,,0.0,0.0,0.0
2024-08-14,218.0,0.0,0.0,230.0,218.0,222.0,4.0,32304500.0,7218324600.0,1119.0,82.2,224.0,35100.0,222.0,29200.0,83345000000.0,83345000000.0,8334500000.0,14563600.0,13226200.0,,0.0,0.0,0.0
2024-08-15,222.0,0.0,0.0,228.0,220.0,222.0,0.0,19861700.0,4443852800.0,901.0,82.2,224.0,167400.0,222.0,2747600.0,83345000000.0,83345000000.0,8334500000.0,6326700.0,9080600.0,,14370900.0,3211527400.0,4.0
2024-08-16,222.0,0.0,0.0,226.0,222.0,224.0,2.0,5571000.0,1248459600.0,415.0,83.0,226.0,163100.0,224.0,119600.0,83345000000.0,83345000000.0,8334500000.0,2403700.0,2305100.0,,11319300.0,2540708700.0,5.0
2024-08-19,224.0,0.0,0.0,228.0,220.0,222.0,-2.0,10902100.0,2430247200.0,604.0,82.2,224.0,54500.0,222.0,597300.0,83345000000.0,83345000000.0,8334500000.0,5046400.0,4247200.0,,0.0,0.0,0.0
2024-08-20,222.0,0.0,0.0,230.0,216.0,222.0,0.0,20085800.0,4437337600.0,760.0,82.2,222.0,62900.0,220.0,330500.0,83345000000.0,83345000000.0,8334500000.0,2150600.0,1957500.0,,0.0,0.0,0.0
2024-08-21,222.0,0.0,0.0,226.0,222.0,224.0,2.0,6756200.0,1510333200.0,449.0,83.0,224.0,152900.0,222.0,1395200.0,83345000000.0,83345000000.0,8334500000.0,2198800.0,905100.0,,0.0,0.0,0.0
2024-08-22,224.0,0.0,0.0,226.0,220.0,220.0,-4.0,19681100.0,4370835200.0,617.0,81.5,224.0,94400.0,220.0,4396500.0,83345000000.0,83345000000.0,8334500000.0,6561000.0,3094000.0,,0.0,0.0,0.0
2024-08-23,220.0,0.0,0.0,226.0,220.0,224.0,4.0,5159900.0,1147742600.0,295.0,83.0,224.0,204300.0,222.0,8400.0,83345000000.0,83345000000.0,8334500000.0,3073900.0,397300.0,,0.0,0.0,0.0
2024-08-26,224.0,0.0,0.0,224.0,220.0,222.0,-2.0,17643400.0,3910738800.0,529.0,82.2,222.0,2877800.0,220.0,2427300.0,83345000000.0,83345000000.0,8334500000.0,8222600.0,2751600.0,,0.0,0.0,0.0
2024-08-27,222.0,0.0,0.0,226.0,220.0,222.0,0.0,1744400.0,386857200.0,228.0,82.2,222.0,72600.0,220.0,2924900.0,83345000000.0,83345000000.0,8334500000.0,369000.0,1169500.0,,0.0,0.0,0.0
2024-08-28,222.0,0.0,0.0,224.0,220.0,220.0,-2.0,7924000.0,1744262200.0,359.0,81.5,222.0,21700.0,220.0,1457900.0,83345000000.0,83345000000.0,8334500000.0,6604100.0,2049300.0,,0.0,0.0,0.0
2024-08-29,220.0,0.0,0.0,222.0,218.0,222.0,2.0,3340500.0,735180400.0,289.0,82.2,222.0,30700.0,220.0,5800.0,83345000000.0,83345000000.0,8334500000.0,1548500.0,1818400.0,,794600.0,174812000.0,1.0
2024-08-30,222.0,0.0,0.0,228.0,218.0,222.0,0.0,11461300.0,2554058400.0,445.0,82.2,222.0,5528100.0,220.0,28300.0,83345000000.0,83345000000.0,8334500000.0,4627300.0,2289000.0,,3199300.0,709746500.0,2.0
2024-09-02,222.0,0.0,0.0,228.0,220.0,220.0,-2.0,12569600.0,2811261800.0,617.0,81.5,222.0,100.0,220.0,3052600.0,83345000000.0,83345000000.0,8334500000.0,3170900.0,2492900.0,,26296400.0,5915800800.0,6.0
2024-09-03,220.0,0.0,0.0,222.0,212.0,214.0,-6.0,17946900.0,3877125400.0,1244.0,79.3,214.0,12100.0,212.0,329700.0,83345000000.0,83345000000.0,8334500000.0,3725300.0,7590500.0,,2874005.0,629407095.0,1.0
2024-09-04,214.0,0.0,0.0,218.0,210.0,212.0,-2.0,7290900.0,1553162600.0,609.0,78.5,214.0,79700.0,212.0,241700.0,83345000000.0,83345000000.0,8334500000.0,1399100.0,756900.0,,0.0,0.0,0.0
2024-09-05,212.0,0.0,0.0,214.0,202.0,204.0,-8.0,20031700.0,4117561000.0,1725.0,75.6,206.0,7500.0,204.0,558400.0,83345000000.0,83345000000.0,8334500000.0,2874200.0,6373900.0,,0.0,0.0,0.0
2024-09-06,204.0,0.0,0.0,212.0,190.0,212.0,8.0,7178000.0,1501982300.0,627.0,78.5,212.0,28800.0,210.0,154800.0,83345000000.0,83345000000.0,8334500000.0,2251300.0,1669200.0,,0.0,0.0,0.0
2024-09-09,212.0,0.0,0.0,216.0,210.0,214.0,2.0,8201200.0,1745652200.0,572.0,79.3,216.0,766200.0,214.0,122600.0,83345000000.0,83345000000.0,8334500000.0,871500.0,2621100.0,,0.0,0.0,0.0
2024-09-10,214.0,0.0,0.0,220.0,210.0,218.0,4.0,7974200.0,1727307600.0,554.0,80.7,220.0,1325700.0,218.0,9100.0,83345000000.0,83345000000.0,8334500000.0,2664900.0,989700.0,,0.0,0.0,0.0
2024-09-11,218.0,0.0,0.0,230.0,216.0,224.0,6.0,16416700.0,3672489400.0,1126.0,83.0,226.0,138000.0,224.0,42800.0,83345000000.0,83345000000.0,8334500000.0,4188500.0,5596700.0,,0.0,0.0,0.0
2024-09-12,224.0,0.0,0.0,228.0,220.0,224.0,0.0,11237700.0,2494544000.0,715.0,83.0,224.0,4000.0,222.0,279100.0,83345000000.0,83345000000.0,8334500000.0,2302800.0,5316600.0,,3816000.0,847152000.0,1.0
2024-09-13,224.0,0.0,0.0,224.0,220.0,224.0,0.0,9154600.0,2024130400.0,634.0,83.0,224.0,12100.0,222.0,2500.0,83345000000.0,83345000000.0,8334500000.0,1098600.0,3250200.0,,0.0,0.0,0.0
2024-09-17,224.0,0.0,0.0,226.0,220.0,222.0,-2.0,2013600.0,446121800.0,360.0,82.2,224.0,342100.0,222.0,101500.0,83345000000.0,83345000000.0,8334500000.0,485600.0,1300400.0,,4250000.0,939250000.0,1.0
2024-09-18,222.0,0.0,0.0,222.0,218.0,222.0,0.0,9697900.0,2136752800.0,485.0,82.2,222.0,747500.0,220.0,39800.0,83345000000.0,83345000000.0,8334500000.0,2266400.0,5285200.0,,11000000.0,2427000000.0,13.0
2024-09-19,222.0,0.0,0.0,224.0,218.0,220.0,-2.0,6369200.0,1405476800.0,446.0,81.5,222.0,148600.0,220.0,914700.0,83345000000.0,83345000000.0,8334500000.0,1554500.0,3037200.0,,3000000.0,663000000.0,3.0
2024-09-20,220.0,0.0,0.0,222.0,216.0,220.0,0.0,20103300.0,4389325800.0,1111.0,81.5,220.0,72600.0,218.0,201400.0,83345000000.0,83345000000.0,8334500000.0,3179200.0,12536100.0,,7350000.0,1602300000.0,1.0
2024-09-23,220.0,0.0,0.0,222.0,218.0,222.0,2.0,4515600.0,992749200.0,531.0,82.2,222.0,442600.0,220.0,1100.0,83345000000.0,83345000000.0,8334500000.0,679700.0,3702000.0,,76877900.0,17061604300.0,5.0
2024-09-24,222.0,0.0,0.0,226.0,220.0,220.0,-2.0,5361100.0,1192394200.0,393.0,81.5,224.0,148600.0,220.0,167800.0,83345000000.0,83345000000.0,8334500000.0,881200.0,2633700.0,,2000000.0,446000000.0,3.0
2024-09-25,220.0,0.0,0.0,224.0,218.0,222.0,2.0,6749700.0,1485061200.0,578.0,82.2,222.0,88700.0,220.0,800.0,83345000000.0,83345000000.0,8334500000.0,1530000.0,4815000.0,,4600000.0,1011400000.0,9.0
2024-09-26,222.0,0.0,0.0,224.0,220.0,222.0,0.0,2293000.0,508809200.0,278.0,82.2,222.0,53200.0,220.0,53100.0,83345000000.0,83345000000.0,8334500000.0,609800.0,909600.0,,0.0,0.0,0.0
2024-09-27,222.0,0.0,0.0,226.0,218.0,224.0,2.0,12981600.0,2871208600.0,388.0,83.0,224.0,67600.0,222.0,90800.0,83345000000.0,83345000000.0,8334500000.0,1348600.0,4987600.0,,0.0,0.0,0.0
2024-09-30,224.0,0.0,0.0,228.0,218.0,222.0,-2.0,9308200.0,2055366800.0,363.0,82.2,222.0,352400.0,220.0,106900.0,83345000000.0,83345000000.0,8334500000.0,2867900.0,4934700.0,,3848600.0,850540600.0,2.0
2024-10-01,222.0,0.0,0.0,224.0,220.0,224.0,2.0,8083100.0,1798437800.0,226.0,83.0,226.0,937400.0,222.0,68900.0,83345000000.0,83345000000.0,8334500000.0,1067300.0,1225100.0,,195500.0,43401000.0,1.0
2024-10-02,224.0,0.0,0.0,224.0,218.0,220.0,-4.0,18472500.0,4067790600.0,636.0,81.5,222.0,91200.0,220.0,100.0,83345000000.0,83345000000.0,8334500000.0,2248700.0,9922400.0,,9750000.0,2145250000.0,12.0
2024-10-03,220.0,0.0,0.0,224.0,218.0,220.0,0.0,19813600.0,4360892200.0,536.0,81.5,222.0,78100.0,218.0,406000.0,83345000000.0,83345000000.0,8334500000.0,12175200.0,12200300.0,,248714100.0,54778943300.0,5.0
2024-10-04,220.0,0.0,0.0,222.0,214.0,218.0,-2.0,8677200.0,1898258000.0,400.0,80.7,220.0,19000.0,216.0,10500.0,83345000000.0,83345000000.0,8334500000.0,229700.0,5750900.0,,354101300.0,77890126400.0,23.0
2024-10-07,218.0,0.0,0.0,222.0,212.0,214.0,-4.0,9172300.0,1980904800.0,546.0,79.3,216.0,31300.0,214.0,376800.0,83345000000.0,83345000000.0,8334500000.0,699300.0,2864600.0,,4000000.0,872000000.0,2.0
2024-10-08,214.0,0.0,0.0,216.0,208.0,210.0,-4.0,12272200.0,2593647000.0,967.0,77.8,212.0,1000.0,210.0,1533200.0,83345000000.0,83345000000.0,8334500000.0,410100.0,1611100.0,,0.0,0.0,0.0
2024-10-09,210.0,0.0,0.0,218.0,210.0,212.0,2.0,6280000.0,1346155200.0,611.0,78.5,214.0,700.0,212.0,277100.0,83345000000.0,83345000000.0,8334500000.0,681000.0,1004800.0,,0.0,0.0,0.0
2024-10-10,212.0,0.0,0.0,214.0,208.0,208.0,-4.0,7880400.0,1664107400.0,608.0,77.0,208.0,1377900.0,206.0,501800.0,83345000000.0,83345000000.0,8334500000.0,559700.0,1482400.0,,0.0,0.0,0.0
2024-10-11,208.0,0.0,0.0,212.0,206.0,212.0,4.0,7214400.0,1522946200.0,318.0,78.5,214.0,748900.0,210.0,9500.0,83345000000.0,83345000000.0,8334500000.0,396600.0,0.0,,0.0,0.0,0.0
2024-10-14,212.0,0.0,0.0,214.0,206.0,210.0,-2.0,6663600.0,1398447200.0,463.0,77.8,212.0,106600.0,210.0,61500.0,83345000000.0,83345000000.0,8334500000.0,936300.0,1519500.0,,0.0,0.0,0.0
2024-10-15,210.0,0.0,0.0,212.0,206.0,208.0,-2.0,3864500.0,804568400.0,404.0,77.0,208.0,22500.0,206.0,1363500.0,83345000000.0,83345000000.0,8334500000.0,11500.0,7900.0,,0.0,0.0,0.0
2024-10-16,208.0,0.0,0.0,210.0,206.0,208.0,0.0,1772600.0,368922200.0,380.0,77.0,210.0,88200.0,206.0,1149100.0,83345000000.0,83345000000.0,8334500000.0,95900.0,172400.0,,0.0,0.0,0.0
2024-10-17,208.0,0.0,0.0,210.0,206.0,208.0,0.0,1238900.0,256983200.0,260.0,77.0,210.0,775800.0,208.0,451500.0,83345000000.0,83345000000.0,8334500000.0,102500.0,13400.0,,0.0,0.0,0.0
2024-10-18,208.0,0.0,0.0,210.0,204.0,208.0,0.0,4959900.0,1024454200.0,546.0,77.0,208.0,299400.0,206.0,5900.0,83345000000.0,83345000000.0,8334500000.0,16300.0,287800.0,,0.0,0.0,0.0
2024-10-21,208.0,0.0,0.0,210.0,204.0,206.0,-2.0,3742000.0,771487000.0,453.0,76.3,208.0,444800.0,206.0,500.0,83345000000.0,83345000000.0,8334500000.0,289000.0,0.0,,0.0,0.0,0.0
2024-10-22,206.0,0.0,0.0,208.0,199.0,202.0,-4.0,24870000.0,5014499000.0,1737.0,74.8,202.0,87700.0,200.0,1077200.0,83345000000.0,83345000000.0,8334500000.0,2319100.0,1367400.0,,0.0,0.0,0.0
2024-10-23,202.0,0.0,0.0,206.0,199.0,199.0,-3.0,28698900.0,5789798800.0,2510.0,73.7,202.0,1538300.0,199.0,1050600.0,83345000000.0,83345000000.0,8334500000.0,4637400.0,1260700.0,,125981100.0,25322201100.0,1.0
2024-10-24,199.0,0.0,0.0,206.0,199.0,202.0,3.0,43183100.0,8743935000.0,2273.0,74.8,204.0,66100.0,202.0,689000.0,83345000000.0,83345000000.0,8334500000.0,237800.0,11400600.0,,600.0,120000.0,1.0
2024-10-25,202.0,0.0,0.0,208.0,202.0,204.0,2.0,34682700.0,7150063800.0,2101.0,75.6,206.0,565700.0,204.0,2320600.0,83345000000.0,83345000000.0,8334500000.0,34500.0,10067400.0,,2390000.0,492340000.0,2.0
2024-10-28,204.0,0.0,0.0,208.0,204.0,208.0,4.0,14065900.0,2900022800.0,1000.0,77.0,208.0,1949200.0,206.0,71000.0,83345000000.0,83345000000.0,8334500000.0,355000.0,5213400.0,,0.0,0.0,0.0
2024-10-29,208.0,0.0,0.0,210.0,204.0,208.0,0.0,17117600.0,3536878400.0,1313.0,77.0,208.0,662800.0,206.0,15600.0,83345000000.0,83345000000.0,8334500000.0,1380200.0,5098800.0,,16000.0,3296000.0,1.0
2024-10-30,208.0,0.0,0.0,208.0,202.0,206.0,-2.0,14880100.0,3056851200.0,986.0,76.3,206.0,2899500.0,204.0,1506200.0,83345000000.0,83345000000.0,8334500000.0,1229300.0,3999200.0,,0.0,0.0,0.0
2024-10-31,206.0,0.0,0.0,206.0,199.0,200.0,-6.0,15501300.0,3108180200.0,1030.0,74.1,202.0,1606000.0,200.0,478400.0,83345000000.0,83345000000.0,8334500000.0,1034100.0,3790300.0,,0.0,0.0,0.0
2024-11-01,200.0,0.0,0.0,202.0,199.0,200.0,0.0,6105800.0,1221661900.0,506.0,74.1,202.0,1661800.0,199.0,444700.0,83345000000.0,83345000000.0,8334500000.0,354900.0,881300.0,,0.0,0.0,0.0
2024-11-04,200.0,0.0,0.0,202.0,191.0,192.0,-8.0,17747800.0,3472712800.0,1429.0,71.1,193.0,45300.0,192.0,760000.0,83345000000.0,83345000000.0,8334500000.0,1555300.0,1037400.0,,2151400.0,419523000.0,1.0
2024-11-05,192.0,0.0,0.0,195.0,178.0,180.0,-12.0,40717300.0,7496729000.0,2628.0,66.7,181.0,1060500.0,180.0,10700.0,83345000000.0,83345000000.0,8334500000.0,1081600.0,6498900.0,,0.0,0.0,0.0
2024-11-06,180.0,0.0,0.0,182.0,171.0,178.0,-2.0,16828800.0,3025997100.0,822.0,65.9,180.0,2000.0,178.0,19700.0,83345000000.0,83345000000.0,8334500000.0,3207000.0,10985300.0,,4400000.0,792000000.0,1.0
2024-11-07,178.0,0.0,0.0,183.0,179.0,180.0,2.0,7672000.0,1393526500.0,689.0,66.7,181.0,1000.0,180.0,75500.0,83345000000.0,83345000000.0,8334500000.0,2886500.0,1736400.0,,0.0,0.0,0.0
2024-11-08,180.0,0.0,0.0,183.0,170.0,180.0,0.0,7218100.0,1299014700.0,1072.0,66.7,181.0,55000.0,180.0,17500.0,83345000000.0,83345000000.0,8334500000.0,1666900.0,1303700.0,,0.0,0.0,0.0
2024-11-11,180.0,0.0,0.0,182.0,180.0,180.0,0.0,9207100.0,1659927400.0,473.0,66.7,181.0,37500.0,180.0,4342100.0,83345000000.0,83345000000.0,8334500000.0,701800.0,451200.0,,0.0,0.0,0.0
2024-11-12,180.0,0.0,0.0,183.0,180.0,182.0,2.0,3766600.0,684912600.0,466.0,67.4,182.0,24200.0,181.0,366600.0,83345000000.0,83345000000.0,8334500000.0,792300.0,323800.0,,0.0,0.0,0.0
2024-11-13,182.0,0.0,0.0,194.0,180.0,187.0,5.0,5873500.0,1090608300.0,1126.0,69.3,187.0,22100.0,186.0,900.0,83345000000.0,83345000000.0,8334500000.0,1174300.0,2118500.0,,0.0,0.0,0.0
2024-11-14,187.0,0.0,0.0,187.0,181.0,184.0,-3.0,12111600.0,2225229800.0,401.0,68.1,184.0,35000.0,183.0,14500.0,83345000000.0,83345000000.0,8334500000.0,1937700.0,190900.0,,12651400.0,2324530100.0,2.0
2024-11-15,184.0,0.0,0.0,185.0,180.0,182.0,-2.0,5435500.0,997253200.0,457.0,67.4,184.0,6000.0,182.0,177400.0,83345000000.0,83345000000.0,8334500000.0,904600.0,1014000.0,,0.0,0.0,0.0
2024-11-18,182.0,0.0,0.0,183.0,178.0,180.0,-2.0,10222900.0,1841039900.0,493.0,66.7,181.0,4700.0,180.0,1297900.0,83345000000.0,83345000000.0,8334500000.0,261500.0,1210800.0,,0.0,0.0,0.0
2024-11-19,180.0,0.0,0.0,189.0,180.0,181.0,1.0,9858700.0,1783813700.0,428.0,67.0,181.0,804100.0,180.0,17300.0,83345000000.0,83345000000.0,8334500000.0,636800.0,4981400.0,,1297900.0,233622000.0,1.0
2024-11-20,181.0,0.0,0.0,184.0,180.0,182.0,1.0,5170100.0,932746100.0,267.0,67.4,183.0,174500.0,182.0,54900.0,83345000000.0,83345000000.0,8334500000.0,650800.0,3676900.0,,0.0,0.0,0.0
2024-11-21,182.0,0.0,0.0,183.0,175.0,175.0,-7.0,5040600.0,903455500.0,643.0,64.8,176.0,100.0,175.0,45400.0,83345000000.0,83345000000.0,8334500000.0,1255600.0,1285300.0,,10526800.0,1873770400.0,1.0
2024-11-22,175.0,0.0,0.0,181.0,175.0,181.0,6.0,4042800.0,726306000.0,801.0,67.0,181.0,493500.0,180.0,2000.0,83345000000.0,83345000000.0,8334500000.0,837200.0,3612600.0,,4000000.0,720000000.0,1.0
2024-11-25,181.0,0.0,0.0,182.0,179.0,179.0,-2.0,1253900.0,225635600.0,369.0,66.3,180.0,209100.0,179.0,117200.0,83345000000.0,83345000000.0,8334500000.0,196900.0,150300.0,,3106000.0,559080000.0,1.0
2024-11-26,179.0,0.0,0.0,181.0,178.0,180.0,1.0,1187900.0,213625000.0,296.0,66.7,180.0,130300.0,179.0,323200.0,83345000000.0,83345000000.0,8334500000.0,243500.0,612100.0,,5987000.0,1077660000.0,2.0
2024-11-28,180.0,0.0,0.0,182.0,176.0,178.0,-2.0,3817600.0,684416600.0,453.0,65.9,179.0,1000.0,178.0,400.0,83345000000.0,83345000000.0,8334500000.0,1542200.0,2132000.0,,0.0,0.0,0.0
2024-11-29,178.0,0.0,0.0,180.0,176.0,178.0,0.0,3569300.0,635147700.0,379.0,65.9,179.0,1700.0,178.0,300.0,83345000000.0,83345000000.0,8334500000.0,55600.0,1026900.0,,0.0,0.0,0.0
2024-12-02,178.0,0.0,0.0,181.0,177.0,177.0,-1.0,5884500.0,1056982500.0,441.0,65.6,178.0,1000.0,177.0,21000.0,83345000000.0,83345000000.0,8334500000.0,1315500.0,4874400.0,,23495700.0,4182234600.0,2.0
2024-12-03,177.0,0.0,0.0,181.0,177.0,178.0,1.0,6276700.0,1118813700.0,323.0,65.9,178.0,842200.0,177.0,322500.0,83345000000.0,83345000000.0,8334500000.0,128900.0,3224900.0,,0.0,0.0,0.0
2024-12-04,178.0,0.0,0.0,183.0,178.0,183.0,5.0,5534200.0,998675600.0,337.0,67.8,183.0,131600.0,182.0,27700.0,83345000000.0,83345000000.0,8334500000.0,827200.0,3914700.0,,1800.0,327600.0,1.0
2024-12-05,183.0,0.0,0.0,183.0,179.0,180.0,-3.0,6503800.0,1171128500.0,282.0,66.7,180.0,215400.0,179.0,127800.0,83345000000.0,83345000000.0,8334500000.0,2708800.0,4136200.0,,2461800.0,443124000.0,1.0
2024-12-06,180.0,0.0,0.0,183.0,179.0,180.0,0.0,9085700.0,1638957700.0,285.0,66.7,181.0,14900.0,180.0,34700.0,83345000000.0,83345000000.0,8334500000.0,1290900.0,1835800.0,,0.0,0.0,0.0
2024-12-09,180.0,180.0,181.0,183.0,180.0,183.0,3.0,4959000.0,895273800.0,474.0,67.8,183.0,1535300.0,181.0,25000.0,83345000000.0,83345000000.0,8334500000.0,3245700.0,2573700.0,,0.0,0.0,0.0
2024-12-10,183.0,183.0,182.0,183.0,179.0,180.0,-3.0,9722300.0,1750839100.0,409.0,66.7,181.0,117000.0,180.0,536700.0,83345000000.0,83345000000.0,8334500000.0,2633400.0,4001400.0,,0.0,0.0,0.0
2024-12-11,180.0,181.0,182.0,182.0,178.0,179.0,-1.0,15046500.0,2702573000.0,475.0,66.3,180.0,36600.0,179.0,65100.0,83345000000.0,83345000000.0,8334500000.0,7266700.0,5646000.0,,0.0,0.0,0.0
2024-12-12,179.0,185.0,186.0,186.0,177.0,180.0,1.0,16470700.0,2967944400.0,721.0,66.7,180.0,240000.0,179.0,149500.0,83345000000.0,83345000000.0,8334500000.0,4433400.0,10877400.0,,7207700.0,1282970600.0,1.0
2024-12-13,180.0,180.0,180.0,181.0,177.0,178.0,-2.0,3962400.0,710996000.0,261.0,65.9,179.0,20600.0,177.0,122400.0,83345000000.0,83345000000.0,8334500000.0,512200.0,2700000.0,,2182000.0,390578000.0,1.0
2024-12-16,178.0,180.0,181.0,183.0,173.0,177.0,-1.0,11141000.0,1996043700.0,739.0,65.6,177.0,26800.0,176.0,200.0,83345000000.0,83345000000.0,8334500000.0,3176400.0,8741800.0,,569400.0,100783800.0,1.0
2024-12-17,177.0,180.0,180.0,181.0,172.0,179.0,2.0,6177300.0,1096410600.0,529.0,66.3,179.0,202400.0,177.0,100.0,83345000000.0,83345000000.0,8334500000.0,1159100.0,4202100.0,,7579100.0,1356658900.0,1.0
2024-12-18,179.0,179.0,179.0,180.0,176.0,178.0,-1.0,2753700.0,492458300.0,365.0,65.9,179.0,74400.0,177.0,1700.0,83345000000.0,83345000000.0,8334500000.0,1249200.0,2368100.0,,0.0,0.0,0.0
2024-12-19,178.0,178.0,179.0,180.0,175.0,176.0,-2.0,3116400.0,554402900.0,385.0,65.2,178.0,36300.0,176.0,89400.0,83345000000.0,83345000000.0,8334500000.0,709300.0,2300000.0,,0.0,0.0,0.0
2024-12-20,176.0,176.0,178.0,180.0,174.0,175.0,-1.0,5257300.0,931160200.0,279.0,64.8,177.0,1100.0,175.0,140700.0,83345000000.0,83345000000.0,8334500000.0,663000.0,4119700.0,,50000.0,8634000.0,2.0
2024-12-23,175.0,176.0,176.0,180.0,171.0,179.0,4.0,3962700.0,705518300.0,648.0,66.3,179.0,71000.0,176.0,200.0,83345000000.0,83345000000.0,8334500000.0,1994100.0,2580000.0,,0.0,0.0,0.0
2024-12-24,179.0,179.0,179.0,180.0,179.0,180.0,1.0,2528300.0,454474700.0,185.0,66.7,180.0,50100.0,179.0,28400.0,83345000000.0,83345000000.0,8334500000.0,1552100.0,2067100.0,,0.0,0.0,0.0
2024-12-27,180.0,180.0,180.0,181.0,179.0,181.0,1.0,3180300.0,573351700.0,207.0,67.0,181.0,11300.0,180.0,125800.0,83345000000.0,83345000000.0,8334500000.0,710900.0,1508500.0,,20000.0,3600000.0,1.0
2024-12-30,181.0,181.0,181.0,202.0,175.0,202.0,21.0,16772800.0,3281031600.0,657.0,74.8,204.0,1000.0,202.0,200.0,83345000000.0,83345000000.0,8334500000.0,471900.0,1900.0,,0.0,0.0,0.0
2025-01-02,202.0,198.0,197.0,198.0,181.0,184.0,-18.0,3864200.0,719420200.0,1283.0,68.1,185.0,281600.0,184.0,44600.0,83345000000.0,83345000000.0,8334500000.0,82100.0,557300.0,,7673400.0,1550026800.0,1.0
2025-01-03,184.0,185.0,184.0,185.0,181.0,181.0,-3.0,748300.0,136374700.0,330.0,67.0,182.0,32400.0,181.0,15800.0,83345000000.0,83345000000.0,8334500000.0,6500.0,292000.0,,6648100.0,1209954200.0,1.0
2025-01-06,181.0,182.0,182.0,183.0,176.0,177.0,-4.0,1446600.0,257423200.0,544.0,65.6,177.0,131200.0,176.0,213300.0,83345000000.0,83345000000.0,8334500000.0,600.0,110500.0,,0.0,0.0,0.0
2025-01-07,177.0,178.0,177.0,179.0,175.0,175.0,-2.0,629700.0,111041400.0,616.0,64.8,177.0,10700.0,175.0,234900.0,83345000000.0,83345000000.0,8334500000.0,23700.0,0.0,,0.0,0.0,0.0
2025-01-08,175.0,175.0,175.0,177.0,172.0,173.0,-2.0,2362400.0,411124400.0,629.0,64.1,173.0,100.0,172.0,196200.0,83345000000.0,83345000000.0,8334500000.0,239000.0,0.0,,0.0,0.0,0.0
2025-01-09,173.0,173.0,173.0,174.0,171.0,174.0,1.0,1251900.0,216206800.0,253.0,64.4,175.0,52800.0,174.0,2600.0,83345000000.0,83345000000.0,8334500000.0,296100.0,418900.0,,0.0,0.0,0.0
2025-01-10,174.0,174.0,173.0,174.0,168.0,170.0,-4.0,5213900.0,886689900.0,821.0,63.0,171.0,222200.0,170.0,100.0,83345000000.0,83345000000.0,8334500000.0,357700.0,2155500.0,,29398800.0,5026593600.0,6.0
2025-01-13,170.0,171.0,170.0,171.0,158.0,168.0,-2.0,2749900.0,454236100.0,611.0,62.2,168.0,12400.0,167.0,3600.0,83345000000.0,83345000000.0,8334500000.0,232200.0,165700.0,,0.0,0.0,0.0
2025-01-14,168.0,168.0,167.0,168.0,160.0,160.0,-8.0,1913700.0,310880700.0,534.0,59.3,161.0,66600.0,160.0,491600.0,83345000000.0,83345000000.0,8334500000.0,6800.0,0.0,,18000000.0,2946000000.0,2.0
2025-01-15,160.0,161.0,161.0,165.0,161.0,165.0,5.0,1241200.0,202446300.0,443.0,61.1,165.0,116900.0,164.0,700.0,83345000000.0,83345000000.0,8334500000.0,0.0,434700.0,,5260600.0,857477800.0,1.0
2025-01-16,165.0,165.0,165.0,165.0,162.0,163.0,-2.0,688800.0,112409000.0,232.0,60.4,164.0,273800.0,163.0,106100.0,83345000000.0,83345000000.0,8334500000.0,400.0,0.0,,0.0,0.0,0.0
2025-01-17,163.0,163.0,164.0,164.0,159.0,160.0,-3.0,1518100.0,243931000.0,434.0,59.3,161.0,234600.0,160.0,122000.0,83345000000.0,83345000000.0,8334500000.0,305000.0,0.0,,0.0,0.0,0.0
2025-01-20,160.0,160.0,161.0,161.0,156.0,158.0,-2.0,3227400.0,508231400.0,761.0,58.5,158.0,1185900.0,157.0,1510900.0,83345000000.0,83345000000.0,8334500000.0,856000.0,100.0,,0.0,0.0,0.0
2025-01-21,158.0,157.0,157.0,158.0,156.0,158.0,0.0,1538600.0,242097900.0,432.0,58.5,158.0,66600.0,157.0,2507800.0,83345000000.0,83345000000.0,8334500000.0,307200.0,0.0,,0.0,0.0,0.0
2025-01-22,158.0,158.0,159.0,159.0,157.0,157.0,-1.0,1151100.0,181714700.0,206.0,58.1,158.0,7000.0,157.0,209000.0,83345000000.0,83345000000.0,8334500000.0,1500.0,0.0,,0.0,0.0,0.0
2025-01-23,157.0,158.0,159.0,161.0,158.0,159.0,2.0,1144700.0,182282500.0,268.0,58.9,159.0,5800.0,158.0,122800.0,83345000000.0,83345000000.0,8334500000.0,0.0,0.0,,11893600.0,1891082400.0,1.0
2025-01-24,159.0,159.0,159.0,159.0,157.0,158.0,-1.0,694700.0,109752500.0,204.0,58.5,159.0,177900.0,158.0,3600.0,83345000000.0,83345000000.0,8334500000.0,1300.0,0.0,,0.0,0.0,0.0
2025-01-30,158.0,158.0,157.0,158.0,153.0,153.0,-5.0,2269800.0,352188600.0,559.0,56.7,154.0,8000.0,153.0,18900.0,83345000000.0,83345000000.0,8334500000.0,294800.0,17000.0,,0.0,0.0,0.0
2025-01-31,153.0,153.0,154.0,154.0,151.0,152.0,-1.0,1326700.0,202525900.0,345.0,56.3,153.0,374700.0,152.0,49300.0,83345000000.0,83345000000.0,8334500000.0,196400.0,3000.0,,0.0,0.0,0.0
2025-02-03,152.0,152.0,152.0,152.0,145.0,151.0,-1.0,4757900.0,701092300.0,724.0,55.9,151.0,42600.0,150.0,22900.0,83345000000.0,83345000000.0,8334500000.0,782500.0,5500.0,,0.0,0.0,0.0
2025-02-04,151.0,151.0,153.0,153.0,147.0,147.0,-4.0,3413500.0,505199100.0,819.0,54.4,148.0,72500.0,147.0,34200.0,83345000000.0,83345000000.0,8334500000.0,351500.0,44200.0,,0.0,0.0,0.0
2025-02-05,147.0,148.0,148.0,149.0,140.0,141.0,-6.0,5027700.0,719336500.0,960.0,52.2,142.0,40000.0,141.0,73000.0,83345000000.0,83345000000.0,8334500000.0,559900.0,600.0,,0.0,0.0,0.0
2025-02-06,141.0,142.0,143.0,143.0,136.0,137.0,-4.0,3480900.0,482040600.0,746.0,50.7,138.0,51000.0,136.0,366200.0,83345000000.0,83345000000.0,8334500000.0,304400.0,0.0,,0.0,0.0,0.0
2025-02-07,137.0,137.0,137.0,138.0,125.0,128.0,-9.0,14876300.0,1924789700.0,2489.0,47.4,128.0,140000.0,127.0,16100.0,83345000000.0,83345000000.0,8334500000.0,2830200.0,3000000.0,,0.0,0.0,0.0
2025-02-10,128.0,128.0,129.0,137.0,128.0,131.0,3.0,8787100.0,1155533000.0,2175.0,48.5,131.0,2200.0,130.0,700.0,83345000000.0,83345000000.0,8334500000.0,1298400.0,4611400.0,,5288600.0,693095200.0,6.0
2025-02-11,131.0,131.0,132.0,143.0,125.0,127.0,-4.0,15128900.0,2008854600.0,1604.0,47.0,127.0,20500.0,126.0,319800.0,83345000000.0,83345000000.0,8334500000.0,2071300.0,6500000.0,,0.0,0.0,0.0
2025-02-12,127.0,128.0,128.0,130.0,127.0,129.0,2.0,6701100.0,862852800.0,1273.0,47.8,130.0,400.0,129.0,439400.0,83345000000.0,83345000000.0,8334500000.0,1021200.0,2531900.0,,0.0,0.0,0.0
2025-02-13,129.0,130.0,130.0,174.0,129.0,174.0,45.0,106045500.0,17677256900.0,9762.0,64.4,0.0,0.0,174.0,25846200.0,83345000000.0,83345000000.0,8334500000.0,20100400.0,9157400.0,,33533700.0,4333448400.0,15.0
2025-02-14,174.0,180.0,179.0,188.0,147.0,149.0,-25.0,163776400.0,27450682000.0,13629.0,55.2,149.0,1472500.0,148.0,121000.0,83345000000.0,83345000000.0,8334500000.0,41873400.0,4452900.0,,10571800.0,1575198200.0,1.0
2025-02-17,149.0,149.0,149.0,151.0,137.0,141.0,-8.0,42997300.0,6108299000.0,4952.0,52.2,141.0,93600.0,140.0,1274900.0,83345000000.0,83345000000.0,8334500000.0,6869900.0,3289200.0,,96540400.0,13708736800.0,1.0
2025-02-18,141.0,142.0,142.0,157.0,142.0,148.0,7.0,109588500.0,16501487800.0,7030.0,54.8,148.0,16800.0,147.0,765700.0,83345000000.0,83345000000.0,8334500000.0,13837700.0,4232800.0,,0.0,0.0,0.0
2025-02-19,148.0,148.0,149.0,149.0,142.0,143.0,-5.0,24671700.0,3567041200.0,2276.0,53.0,143.0,2114400.0,142.0,1637600.0,83345000000.0,83345000000.0,8334500000.0,1380900.0,1039500.0,,0.0,0.0,0.0
2025-02-20,143.0,144.0,145.0,150.0,143.0,147.0,4.0,21783500.0,3190003200.0,1677.0,54.4,148.0,540300.0,147.0,33000.0,83345000000.0,83345000000.0,8334500000.0,1036000.0,1657900.0,,0.0,0.0,0.0
2025-02-21,147.0,148.0,149.0,150.0,143.0,145.0,-2.0,15345800.0,2238931600.0,1287.0,53.7,145.0,62300.0,144.0,22800.0,83345000000.0,83345000000.0,8334500000.0,3180900.0,22800.0,,0.0,0.0,0.0
2025-02-24,145.0,145.0,146.0,147.0,140.0,140.0,-5.0,12230400.0,1737145400.0,1091.0,51.9,140.0,176500.0,139.0,79400.0,83345000000.0,83345000000.0,8334500000.0,482400.0,495500.0,,165889400.0,23390405400.0,3.0
2025-02-25,140.0,141.0,142.0,146.0,139.0,140.0,0.0,8108500.0,1145664600.0,963.0,51.9,141.0,2500.0,140.0,169600.0,83345000000.0,83345000000.0,8334500000.0,808500.0,298400.0,,0.0,0.0,0.0
2025-02-26,140.0,141.0,142.0,145.0,139.0,142.0,2.0,8721000.0,1233321300.0,866.0,52.6,142.0,426100.0,141.0,172500.0,83345000000.0,83345000000.0,8334500000.0,782600.0,2080000.0,,0.0,0.0,0.0
2025-02-27,142.0,142.0,142.0,148.0,137.0,138.0,-4.0,19218700.0,2733707100.0,1822.0,51.1,138.0,459200.0,137.0,1254300.0,83345000000.0,83345000000.0,8334500000.0,2045200.0,1124200.0,,0.0,0.0,0.0
2025-02-28,138.0,141.0,141.0,141.0,131.0,131.0,-7.0,13589700.0,1848112000.0,1401.0,48.5,132.0,29000.0,130.0,698700.0,83345000000.0,83345000000.0,8334500000.0,583000.0,3246000.0,,0.0,0.0,0.0
2025-03-03,131.0,133.0,134.0,141.0,133.0,139.0,8.0,8011100.0,1100951600.0,690.0,51.5,139.0,459000.0,138.0,36900.0,83345000000.0,83345000000.0,8334500000.0,521800.0,1339200.0,,0.0,0.0,0.0
2025-03-04,139.0,140.0,139.0,140.0,135.0,136.0,-3.0,3838400.0,527072400.0,576.0,50.4,136.0,97200.0,135.0,33600.0,83345000000.0,83345000000.0,8334500000.0,471600.0,23800.0,,0.0,0.0,0.0
2025-03-05,136.0,136.0,137.0,137.0,131.0,132.0,-4.0,9507700.0,1270185500.0,1487.0,48.9,132.0,4200.0,131.0,507400.0,83345000000.0,83345000000.0,8334500000.0,367000.0,136400.0,,0.0,0.0,0.0
2025-03-06,132.0,134.0,134.0,144.0,133.0,139.0,7.0,23193200.0,3182815800.0,1552.0,51.5,140.0,1227600.0,139.0,3700.0,83345000000.0,83345000000.0,8334500000.0,559200.0,4463300.0,,0.0,0.0,0.0
2025-03-07,139.0,140.0,140.0,140.0,135.0,137.0,-2.0,10280300.0,1406734200.0,942.0,50.7,137.0,273200.0,136.0,394000.0,83345000000.0,83345000000.0,8334500000.0,593500.0,1196100.0,,0.0,0.0,0.0
2025-03-10,137.0,137.0,137.0,138.0,133.0,134.0,-3.0,8934200.0,1205721800.0,1802.0,49.6,135.0,141100.0,133.0,479800.0,83345000000.0,83345000000.0,8334500000.0,1080500.0,1113800.0,,0.0,0.0,0.0
2025-03-11,134.0,134.0,133.0,136.0,132.0,133.0,-1.0,7696500.0,1021417400.0,648.0,49.3,134.0,29700.0,133.0,9700.0,83345000000.0,83345000000.0,8334500000.0,769000.0,1428500.0,,0.0,0.0,0.0
2025-03-12,133.0,134.0,134.0,136.0,131.0,132.0,-1.0,7151000.0,953385100.0,1181.0,48.9,133.0,285000.0,132.0,200.0,83345000000.0,83345000000.0,8334500000.0,2253800.0,0.0,,0.0,0.0,0.0
2025-03-13,132.0,133.0,134.0,145.0,132.0,133.0,1.0,12630900.0,1725697400.0,1932.0,49.3,134.0,12500.0,133.0,17200.0,83345000000.0,83345000000.0,8334500000.0,2982400.0,0.0,,0.0,0.0,0.0
2025-03-14,133.0,133.0,134.0,135.0,131.0,132.0,-1.0,7929400.0,1050852500.0,858.0,48.9,132.0,387500.0,131.0,1267500.0,83345000000.0,83345000000.0,8334500000.0,2614300.0,0.0,,0.0,0.0,0.0
2025-03-17,132.0,132.0,132.0,133.0,128.0,129.0,-3.0,17198500.0,2231899600.0,1470.0,47.8,130.0,307700.0,129.0,453400.0,83345000000.0,83345000000.0,8334500000.0,10548000.0,0.0,,0.0,0.0,0.0
2025-03-18,129.0,129.0,130.0,132.0,122.0,125.0,-4.0,15899500.0,2019742800.0,1883.0,46.3,126.0,1000.0,125.0,28400.0,83345000000.0,83345000000.0,8334500000.0,3720800.0,797900.0,,0.0,0.0,0.0
2025-03-19,125.0,125.0,126.0,128.0,121.0,124.0,-1.0,25281400.0,3161909600.0,1330.0,45.9,124.0,1989800.0,123.0,438600.0,83345000000.0,83345000000.0,8334500000.0,6502200.0,5571100.0,,0.0,0.0,0.0
2025-03-20,124.0,146.0,144.0,146.0,123.0,123.0,-1.0,32085300.0,4149170800.0,2947.0,45.6,124.0,2400.0,123.0,359700.0,83345000000.0,83345000000.0,8334500000.0,5650500.0,3105700.0,,0.0,0.0,0.0
2025-03-21,123.0,124.0,125.0,125.0,120.0,120.0,-3.0,10151400.0,1240829200.0,1071.0,44.4,120.0,500000.0,119.0,76200.0,83345000000.0,83345000000.0,8334500000.0,1101600.0,73600.0,,0.0,0.0,0.0
2025-03-24,120.0,121.0,121.0,123.0,116.0,119.0,-1.0,15903100.0,1891000500.0,1529.0,44.1,119.0,50000.0,118.0,18300.0,83345000000.0,83345000000.0,8334500000.0,143400.0,287700.0,,0.0,0.0,0.0
2025-03-25,119.0,119.0,119.0,153.0,117.0,127.0,8.0,273928700.0,38303105600.0,18076.0,47.0,128.0,425400.0,127.0,46500.0,83345000000.0,83345000000.0,8334500000.0,10324400.0,11713900.0,,0.0,0.0,0.0
2025-03-26,127.0,129.0,129.0,132.0,123.0,123.0,-4.0,62185200.0,7841771100.0,3381.0,45.6,123.0,3158300.0,122.0,3375400.0,83345000000.0,83345000000.0,8334500000.0,1211300.0,2372500.0,,0.0,0.0,0.0
2025-03-27,123.0,124.0,125.0,128.0,123.0,123.0,0.0,32168300.0,4001393400.0,2093.0,45.6,123.0,362600.0,122.0,1123100.0,83345000000.0,83345000000.0,8334500000.0,1689300.0,2171000.0,,0.0,0.0,0.0
2025-04-08,123.0,115.0,114.0,118.0,105.0,116.0,-7.0,42666500.0,4782459300.0,2568.0,43.0,116.0,7599400.0,115.0,255100.0,83345000000.0,83345000000.0,8334500000.0,15459800.0,1443500.0,,0.0,0.0,0.0
2025-04-09,116.0,116.0,116.0,118.0,110.0,112.0,-4.0,16722300.0,1887700600.0,1603.0,41.5,112.0,3666500.0,111.0,803900.0,83345000000.0,83345000000.0,8334500000.0,669000.0,737500.0,,0.0,0.0,0.0
2025-04-10,112.0,117.0,116.0,120.0,114.0,114.0,2.0,57611300.0,6663214800.0,1989.0,42.2,114.0,205600.0,113.0,1656300.0,83345000000.0,83345000000.0,8334500000.0,1012000.0,24657200.0,,0.0,0.0,0.0
2025-04-11,114.0,112.0,111.0,116.0,111.0,114.0,0.0,17109400.0,1936403500.0,1252.0,42.2,114.0,323200.0,113.0,401400.0,83345000000.0,83345000000.0,8334500000.0,1420600.0,6348500.0,,3000000.0,336000000.0,1.0
2025-04-14,114.0,114.0,115.0,117.0,113.0,114.0,0.0,58450000.0,6678880300.0,2105.0,42.2,114.0,2000.0,113.0,18213200.0,83345000000.0,83345000000.0,8334500000.0,3266700.0,18338200.0,,0.0,0.0,0.0
2025-04-15,114.0,115.0,115.0,120.0,114.0,114.0,0.0,81831200.0,9466629400.0,2332.0,42.2,115.0,572900.0,114.0,12600.0,83345000000.0,83345000000.0,8334500000.0,2779500.0,26252700.0,,0.0,0.0,0.0
2025-04-16,114.0,115.0,115.0,116.0,113.0,114.0,0.0,18362900.0,2100003800.0,1139.0,42.2,115.0,962100.0,114.0,120500.0,83345000000.0,83345000000.0,8334500000.0,1470100.0,6316400.0,,0.0,0.0,0.0
2025-04-17,114.0,114.0,115.0,115.0,113.0,114.0,0.0,15424200.0,1754562600.0,1018.0,42.2,114.0,199600.0,113.0,797100.0,83345000000.0,83345000000.0,8334500000.0,1313000.0,5340900.0,,0.0,0.0,0.0
2025-04-21,114.0,114.0,114.0,118.0,114.0,117.0,3.0,29396900.0,3420701000.0,1419.0,43.3,117.0,12510000.0,116.0,1610700.0,83345000000.0,83345000000.0,8334500000.0,112000.0,6570900.0,,0.0,0.0,0.0
2025-04-22,117.0,117.0,118.0,128.0,115.0,120.0,3.0,72311000.0,8753905600.0,4695.0,44.4,121.0,39800.0,120.0,2916500.0,83345000000.0,83345000000.0,8334500000.0,7738100.0,9269900.0,,0.0,0.0,0.0
2025-04-23,120.0,122.0,122.0,125.0,121.0,123.0,3.0,40102900.0,4927725300.0,1519.0,45.6,124.0,449400.0,123.0,401400.0,83345000000.0,83345000000.0,8334500000.0,539300.0,4268000.0,,5800.0,719200.0,1.0
2025-04-24,123.0,124.0,124.0,131.0,123.0,129.0,6.0,47284200.0,6050402700.0,3424.0,47.8,130.0,1833200.0,129.0,99200.0,83345000000.0,83345000000.0,8334500000.0,3669600.0,13884900.0,,0.0,0.0,0.0
2025-04-25,129.0,127.0,126.0,136.0,122.0,132.0,3.0,72716500.0,9409057700.0,3126.0,48.9,133.0,414600.0,132.0,489400.0,83345000000.0,83345000000.0,8334500000.0,2773200.0,26930700.0,,0.0,0.0,0.0
2025-04-28,132.0,134.0,134.0,147.0,133.0,144.0,12.0,74391400.0,10582356300.0,5324.0,53.3,144.0,101400.0,143.0,1926100.0,83345000000.0,83345000000.0,8334500000.0,11139200.0,11146800.0,,650000.0,92300000.0,3.0
2025-04-29,144.0,145.0,145.0,146.0,141.0,143.0,-1.0,32499300.0,4634301200.0,1763.0,53.0,143.0,59300.0,142.0,903000.0,83345000000.0,83345000000.0,8334500000.0,5712300.0,11093200.0,,0.0,0.0,0.0
2025-04-30,143.0,144.0,144.0,147.0,140.0,142.0,-1.0,24278500.0,3506643300.0,1862.0,52.6,143.0,484000.0,142.0,132600.0,83345000000.0,83345000000.0,8334500000.0,2512500.0,8097100.0,,0.0,0.0,0.0
2025-05-02,142.0,143.0,144.0,152.0,143.0,151.0,9.0,45724800.0,6759387100.0,2662.0,55.9,151.0,886600.0,150.0,312900.0,83345000000.0,83345000000.0,8334500000.0,7622300.0,11198500.0,,0.0,0.0,0.0
2025-05-05,151.0,151.0,151.0,162.0,151.0,159.0,8.0,58167600.0,9195865900.0,5080.0,58.9,160.0,372400.0,159.0,244800.0,83345000000.0,83345000000.0,8334500000.0,11874500.0,13152000.0,,0.0,0.0,0.0
2025-05-06,159.0,160.0,160.0,175.0,157.0,162.0,3.0,64894400.0,10656298500.0,5177.0,60.0,163.0,250100.0,162.0,5900.0,83345000000.0,83345000000.0,8334500000.0,13688400.0,17918900.0,,0.0,0.0,0.0
2025-05-07,162.0,163.0,164.0,164.0,151.0,162.0,0.0,49958900.0,7912890200.0,2964.0,60.0,163.0,564100.0,162.0,14700.0,83345000000.0,83345000000.0,8334500000.0,3386600.0,17040500.0,,100000.0,15000000.0,1.0
2025-05-08,162.0,163.0,163.0,163.0,158.0,159.0,-3.0,16135200.0,2574111800.0,1255.0,58.9,159.0,338800.0,158.0,58800.0,83345000000.0,83345000000.0,8334500000.0,2034300.0,7806800.0,,0.0,0.0,0.0
2025-05-09,159.0,159.0,159.0,164.0,156.0,157.0,-2.0,23033100.0,3656266800.0,2048.0,58.1,158.0,119400.0,157.0,3100.0,83345000000.0,83345000000.0,8334500000.0,5814900.0,7435400.0,,0.0,0.0,0.0
2025-05-14,157.0,158.0,158.0,166.0,156.0,164.0,7.0,25879600.0,4184815200.0,3581.0,60.7,164.0,296100.0,163.0,291100.0,83345000000.0,83345000000.0,8334500000.0,6335600.0,11607000.0,,0.0,0.0,0.0
2025-05-15,164.0,166.0,166.0,167.0,160.0,161.0,-3.0,28240900.0,4564246100.0,2074.0,59.6,161.0,2838200.0,160.0,1800.0,83345000000.0,83345000000.0,8334500000.0,4542300.0,8659800.0,,0.0,0.0,0.0
2025-05-16,161.0,161.0,161.0,164.0,156.0,156.0,-5.0,23773500.0,3778354700.0,1890.0,57.8,156.0,1632900.0,155.0,187100.0,83345000000.0,83345000000.0,8334500000.0,3683100.0,9092100.0,,0.0,0.0,0.0
2025-05-19,156.0,156.0,156.0,159.0,155.0,156.0,0.0,10072800.0,1582133100.0,1057.0,57.8,157.0,27200.0,156.0,50000.0,83345000000.0,83345000000.0,8334500000.0,1282100.0,4302800.0,,0.0,0.0,0.0
2025-05-20,156.0,156.0,157.0,158.0,147.0,149.0,-7.0,52382500.0,7952970100.0,4739.0,55.2,150.0,960900.0,149.0,25000.0,83345000000.0,83345000000.0,8334500000.0,5999300.0,14442400.0,,0.0,0.0,0.0
2025-05-21,149.0,150.0,151.0,154.0,148.0,148.0,-1.0,21448000.0,3209538400.0,3868.0,54.8,149.0,300.0,148.0,20400.0,83345000000.0,83345000000.0,8334500000.0,2684500.0,8114400.0,,0.0,0.0,0.0
2025-05-22,148.0,148.0,148.0,150.0,143.0,146.0,-2.0,30373500.0,4435546700.0,3365.0,54.1,147.0,64300.0,146.0,66200.0,83345000000.0,83345000000.0,8334500000.0,2054700.0,9676000.0,,100000000.0,14600000000.0,1.0
2025-05-23,146.0,147.0,147.0,158.0,145.0,148.0,2.0,64258400.0,9657251700.0,5730.0,54.8,149.0,262300.0,148.0,60600.0,83345000000.0,83345000000.0,8334500000.0,12726600.0,7113200.0,,81460900.0,12056213200.0,4.0
2025-05-26,148.0,149.0,150.0,150.0,143.0,146.0,-2.0,41822100.0,6091890700.0,2607.0,54.1,147.0,125000.0,146.0,1000.0,83345000000.0,83345000000.0,8334500000.0,18171900.0,21637500.0,,150000000.0,21900000000.0,1.0
2025-05-27,146.0,146.0,147.0,149.0,146.0,147.0,1.0,7645100.0,1128123300.0,1025.0,54.4,147.0,81700.0,146.0,232700.0,83345000000.0,83345000000.0,8334500000.0,2983900.0,3916600.0,,52189100.0,7682954400.0,46.0
2025-05-28,147.0,147.0,146.0,151.0,145.0,146.0,-1.0,14285000.0,2108449800.0,915.0,54.1,148.0,5700.0,146.0,545400.0,83345000000.0,83345000000.0,8334500000.0,5027300.0,6513900.0,,0.0,0.0,0.0
2025-06-02,146.0,146.0,146.0,146.0,143.0,144.0,-2.0,30731700.0,4447241600.0,1094.0,53.3,144.0,3700.0,143.0,754800.0,83345000000.0,83345000000.0,8334500000.0,5716000.0,7403100.0,,0.0,0.0,0.0
2025-06-03,144.0,144.0,144.0,145.0,141.0,143.0,-1.0,8041600.0,1144132900.0,586.0,53.0,143.0,58400.0,142.0,140500.0,83345000000.0,83345000000.0,8334500000.0,1735100.0,1750100.0,,250000000.0,35000000000.0,1.0
2025-06-04,143.0,143.0,143.0,148.0,141.0,142.0,-1.0,18510400.0,2671005200.0,1001.0,52.6,144.0,58400.0,142.0,434000.0,83345000000.0,83345000000.0,8334500000.0,1030800.0,3596500.0,,19302200.0,2779516800.0,1.0
2025-06-05,142.0,145.0,145.0,150.0,141.0,148.0,6.0,23601200.0,3471324700.0,1781.0,54.8,148.0,233500.0,147.0,222000.0,83345000000.0,83345000000.0,8334500000.0,5132700.0,8721300.0,,0.0,0.0,0.0
2025-06-10,148.0,148.0,149.0,158.0,148.0,153.0,5.0,38842700.0,5930347800.0,2374.0,56.7,154.0,2040100.0,153.0,127600.0,83345000000.0,83345000000.0,8334500000.0,7562800.0,1497600.0,,0.0,0.0,0.0
2025-06-11,153.0,153.0,154.0,157.0,153.0,156.0,3.0,18991100.0,2942986100.0,1116.0,57.8,156.0,2711900.0,155.0,239000.0,83345000000.0,83345000000.0,8334500000.0,1403900.0,1603200.0,,0.0,0.0,0.0
2025-06-12,156.0,158.0,158.0,164.0,154.0,157.0,1.0,47151000.0,7486474000.0,2372.0,58.1,157.0,76500.0,156.0,30000.0,83345000000.0,83345000000.0,8334500000.0,8156900.0,16878000.0,,0.0,0.0,0.0
2025-06-13,157.0,157.0,156.0,157.0,151.0,154.0,-3.0,22169200.0,3404865800.0,1109.0,57.0,154.0,2077600.0,153.0,565900.0,83345000000.0,83345000000.0,8334500000.0,8434600.0,4185100.0,,0.0,0.0,0.0
2025-06-16,154.0,154.0,154.0,154.0,146.0,149.0,-5.0,12891700.0,1945019200.0,1033.0,55.2,150.0,37200.0,149.0,329100.0,83345000000.0,83345000000.0,8334500000.0,2281600.0,4373500.0,,0.0,0.0,0.0
2025-06-17,149.0,149.0,150.0,152.0,149.0,150.0,1.0,8263500.0,1243252400.0,754.0,55.6,150.0,6700.0,149.0,562800.0,83345000000.0,83345000000.0,8334500000.0,2934400.0,1316900.0,,0.0,0.0,0.0
2025-06-18,150.0,150.0,150.0,153.0,149.0,150.0,0.0,14856600.0,2240673900.0,740.0,55.6,151.0,1895300.0,150.0,899400.0,83345000000.0,83345000000.0,8334500000.0,5257700.0,2460300.0,,0.0,0.0,0.0
2025-06-19,150.0,151.0,151.0,151.0,144.0,148.0,-2.0,24425100.0,3584933900.0,1209.0,54.8,148.0,1145800.0,147.0,381100.0,83345000000.0,83345000000.0,8334500000.0,8810800.0,4018400.0,,0.0,0.0,0.0
2025-06-20,148.0,148.0,147.0,150.0,145.0,148.0,0.0,7476800.0,1101002100.0,433.0,54.8,148.0,84300.0,147.0,233100.0,83345000000.0,83345000000.0,8334500000.0,1962100.0,1981800.0,,0.0,0.0,0.0
2025-06-23,148.0,145.0,145.0,147.0,141.0,142.0,-6.0,9333800.0,1343683800.0,738.0,52.6,144.0,60400.0,142.0,50900.0,83345000000.0,83345000000.0,8334500000.0,2986800.0,1539300.0,,0.0,0.0,0.0
2025-06-24,142.0,143.0,144.0,149.0,143.0,146.0,4.0,6232700.0,912060700.0,459.0,54.1,147.0,35400.0,146.0,38500.0,83345000000.0,83345000000.0,8334500000.0,1135000.0,2195300.0,,0.0,0.0,0.0
2025-06-25,146.0,146.0,147.0,147.0,144.0,145.0,-1.0,4658100.0,676758400.0,434.0,53.7,147.0,177700.0,145.0,33700.0,83345000000.0,83345000000.0,8334500000.0,2663400.0,2032200.0,,0.0,0.0,0.0
2025-06-26,145.0,145.0,144.0,150.0,144.0,148.0,3.0,8481000.0,1256692200.0,673.0,54.8,149.0,145300.0,148.0,39800.0,83345000000.0,83345000000.0,8334500000.0,2068100.0,3932800.0,,0.0,0.0,0.0
2025-06-30,148.0,149.0,150.0,164.0,149.0,158.0,10.0,54547700.0,8584653700.0,3444.0,58.5,159.0,71800.0,158.0,25196600.0,83345000000.0,83345000000.0,8334500000.0,15977100.0,13864000.0,,103400000.0,16039000000.0,4.0
2025-07-01,158.0,159.0,159.0,161.0,156.0,158.0,0.0,21157600.0,3360334100.0,1823.0,58.5,159.0,185400.0,158.0,17375800.0,83345000000.0,83345000000.0,7876102500.0,2723800.0,3958100.0,,0.0,0.0,0.0
2025-07-02,158.0,158.0,159.0,163.0,151.0,155.0,-3.0,34360700.0,5410180100.0,1853.0,57.4,155.0,257800.0,154.0,29811400.0,83345000000.0,83345000000.0,7876102500.0,10001100.0,7833500.0,,0.0,0.0,0.0
2025-07-03,155.0,156.0,156.0,161.0,154.0,158.0,3.0,22575900.0,3517994100.0,3609.0,58.5,158.0,522600.0,156.0,102500.0,83345000000.0,83345000000.0,7876102500.0,3933000.0,7350400.0,,64696900.0,10028019500.0,2.0
2025-07-04,158.0,160.0,160.0,160.0,154.0,154.0,-4.0,14211300.0,2204861300.0,1491.0,57.0,155.0,16000.0,153.0,1423100.0,83345000000.0,83345000000.0,7876102500.0,6072800.0,458000.0,,445700.0,69083500.0,1.0
2025-07-07,154.0,155.0,155.0,155.0,152.0,154.0,0.0,8882200.0,1365188300.0,695.0,57.0,155.0,134400.0,153.0,1439800.0,83345000000.0,83345000000.0,7876102500.0,3397700.0,1386500.0,,248900.0,38579500.0,1.0
2025-07-08,154.0,152.0,153.0,159.0,152.0,156.0,2.0,24984300.0,3884841600.0,1720.0,57.8,157.0,38400.0,156.0,12817800.0,83345000000.0,83345000000.0,7876102500.0,7433700.0,4241400.0,,0.0,0.0,0.0
2025-07-09,156.0,157.0,156.0,161.0,153.0,154.0,-2.0,105087800.0,16637161500.0,4380.0,57.0,154.0,557600.0,153.0,25661900.0,83345000000.0,83345000000.0,7876102500.0,17202700.0,5182500.0,,145200.0,22651200.0,1.0
2025-07-10,154.0,154.0,155.0,162.0,154.0,159.0,5.0,103687100.0,16399873000.0,3320.0,58.9,159.0,879500.0,158.0,45208900.0,83345000000.0,83345000000.0,7876102500.0,26822600.0,16918300.0,,0.0,0.0,0.0
2025-07-11,159.0,160.0,159.0,161.0,157.0,159.0,0.0,48439900.0,7713167400.0,1860.0,58.9,160.0,1809500.0,159.0,357700.0,83345000000.0,83345000000.0,7876102500.0,21836700.0,4105900.0,,0.0,0.0,0.0
2025-07-14,159.0,159.0,159.0,159.0,154.0,154.0,-5.0,40654000.0,6347598900.0,2102.0,57.0,154.0,1132600.0,153.0,639500.0,83345000000.0,83345000000.0,7876102500.0,7936400.0,1331500.0,,0.0,0.0,0.0
2025-07-15,154.0,154.0,154.0,155.0,151.0,153.0,-1.0,34255600.0,5215874300.0,1734.0,56.7,153.0,106400.0,152.0,168900.0,83345000000.0,83345000000.0,7876102500.0,5940600.0,4451400.0,,0.0,0.0,0.0
2025-07-16,153.0,151.0,151.0,157.0,151.0,152.0,-1.0,28221600.0,4326924900.0,1190.0,56.3,153.0,55800.0,152.0,746600.0,83345000000.0,83345000000.0,7876102500.0,9454100.0,1694100.0,,0.0,0.0,0.0
2025-07-17,152.0,152.0,153.0,155.0,148.0,149.0,-3.0,54079000.0,8163752600.0,2185.0,55.2,150.0,64500.0,148.0,2900600.0,83345000000.0,83345000000.0,7876102500.0,23331100.0,1430000.0,,0.0,0.0,0.0
2025-07-18,149.0,150.0,150.0,150.0,145.0,145.0,-4.0,37148100.0,5451132600.0,2367.0,53.7,146.0,7500.0,145.0,4023200.0,83345000000.0,83345000000.0,7876102500.0,11784500.0,1329300.0,,0.0,0.0,0.0
2025-07-21,145.0,146.0,147.0,148.0,143.0,144.0,-1.0,34483100.0,4997171800.0,2537.0,53.3,145.0,10700.0,144.0,1045900.0,83345000000.0,83345000000.0,7876102500.0,11369700.0,3156900.0,,0.0,0.0,0.0
2025-07-22,144.0,145.0,146.0,147.0,143.0,145.0,1.0,57044800.0,8292813800.0,1894.0,53.7,146.0,1051900.0,145.0,58900.0,83345000000.0,83345000000.0,7876102500.0,19857800.0,2638000.0,,0.0,0.0,0.0
2025-07-23,145.0,145.0,146.0,157.0,145.0,151.0,6.0,105384300.0,16011551500.0,4920.0,55.9,151.0,40800.0,150.0,10851900.0,83345000000.0,83345000000.0,7876102500.0,33385700.0,15001800.0,,0.0,0.0,0.0
2025-07-24,151.0,152.0,153.0,155.0,149.0,152.0,1.0,36680900.0,5581163200.0,2143.0,56.3,153.0,201400.0,152.0,74100.0,83345000000.0,83345000000.0,7876102500.0,6400300.0,3168700.0,,0.0,0.0,0.0
2025-07-25,152.0,154.0,153.0,154.0,149.0,151.0,-1.0,56591600.0,8586429000.0,1448.0,55.9,152.0,113700.0,151.0,122300.0,83345000000.0,83345000000.0,7876102500.0,5872100.0,8826200.0,,0.0,0.0,0.0
2025-07-28,151.0,152.0,151.0,162.0,145.0,145.0,-6.0,226971600.0,34525714500.0,9420.0,53.7,146.0,19400.0,145.0,547200.0,83345000000.0,83345000000.0,7876102500.0,50383800.0,13527900.0,,0.0,0.0,0.0
2025-07-29,145.0,145.0,146.0,146.0,141.0,143.0,-2.0,82655300.0,11787486300.0,5177.0,53.0,144.0,1563400.0,143.0,45900.0,83345000000.0,83345000000.0,7876102500.0,20035800.0,12546900.0,,0.0,0.0,0.0
2025-07-30,143.0,143.0,143.0,143.0,139.0,139.0,-4.0,50768700.0,7142807900.0,3020.0,51.5,139.0,1605300.0,138.0,2315100.0,83345000000.0,83345000000.0,7876102500.0,7396200.0,2307900.0,,0.0,0.0,0.0
2025-07-31,139.0,138.0,137.0,141.0,132.0,139.0,0.0,110424700.0,15087995500.0,4180.0,51.5,140.0,1570600.0,139.0,242800.0,83345000000.0,83345000000.0,7876102500.0,15262900.0,36277800.0,,0.0,0.0,0.0
2025-08-01,139.0,140.0,140.0,141.0,134.0,135.0,-4.0,30898500.0,4223182200.0,2559.0,50.0,136.0,231200.0,135.0,683100.0,83345000000.0,83345000000.0,7876102500.0,7011700.0,3042000.0,,0.0,0.0,0.0
2025-08-04,135.0,135.0,135.0,136.0,129.0,130.0,-5.0,68675000.0,9039141900.0,3587.0,48.1,131.0,110000.0,130.0,413100.0,83345000000.0,83345000000.0,7876102500.0,24817700.0,15004600.0,,0.0,0.0,0.0
2025-08-05,130.0,130.0,130.0,138.0,129.0,137.0,7.0,70275400.0,9377529100.0,2963.0,50.7,137.0,845100.0,136.0,3097200.0,83345000000.0,83345000000.0,7876102500.0,36986900.0,21323400.0,,0.0,0.0,0.0
2025-08-06,137.0,137.0,136.0,137.0,131.0,133.0,-4.0,65682300.0,8708744100.0,2955.0,49.3,133.0,610000.0,132.0,505300.0,83345000000.0,83345000000.0,7876102500.0,32220200.0,1475700.0,,0.0,0.0,0.0
2025-08-07,133.0,134.0,134.0,144.0,133.0,141.0,8.0,73252900.0,10132808900.0,3704.0,52.2,141.0,980800.0,140.0,295900.0,83345000000.0,83345000000.0,7876102500.0,14366600.0,8982100.0,,16600000.0,2290800000.0,1.0
2025-08-08,141.0,143.0,143.0,143.0,136.0,141.0,0.0,44598300.0,6188021000.0,2455.0,52.2,141.0,900400.0,140.0,195700.0,83345000000.0,83345000000.0,7876102500.0,22372300.0,3252500.0,,0.0,0.0,0.0
2025-08-11,141.0,141.0,142.0,142.0,137.0,140.0,-1.0,23370900.0,3249145100.0,1770.0,51.9,140.0,339500.0,139.0,175300.0,83345000000.0,83345000000.0,7876102500.0,8880300.0,6111300.0,,0.0,0.0,0.0
2025-08-12,140.0,140.0,140.0,141.0,138.0,138.0,-2.0,16599200.0,2312385600.0,1277.0,51.1,139.0,31100.0,138.0,448000.0,83345000000.0,83345000000.0,7876102500.0,2048000.0,6928300.0,,0.0,0.0,0.0
2025-08-13,138.0,138.0,139.0,141.0,138.0,141.0,3.0,25288200.0,3524776800.0,1891.0,52.2,141.0,842600.0,140.0,2007000.0,83345000000.0,83345000000.0,7876102500.0,3275800.0,7970400.0,,0.0,0.0,0.0
2025-08-14,141.0,140.0,140.0,141.0,135.0,140.0,-1.0,40091800.0,5531183600.0,1825.0,51.9,140.0,934500.0,139.0,1834700.0,83345000000.0,83345000000.0,7876102500.0,9576700.0,4801800.0,,0.0,0.0,0.0
2025-08-15,140.0,140.0,140.0,141.0,136.0,140.0,0.0,40110900.0,5555749100.0,1795.0,51.9,140.0,12600.0,139.0,2110400.0,83345000000.0,83345000000.0,7876102500.0,6605300.0,9743600.0,,0.0,0.0,0.0
2025-08-19,140.0,143.0,142.0,143.0,137.0,138.0,-2.0,31574600.0,4399940300.0,1529.0,51.1,139.0,78100.0,138.0,1052500.0,83345000000.0,83345000000.0,7876102500.0,6640900.0,3544500.0,,0.0,0.0,0.0
2025-08-20,138.0,138.0,138.0,140.0,135.0,138.0,0.0,38285100.0,5250198300.0,1947.0,51.1,138.0,87600.0,137.0,25900.0,83345000000.0,83345000000.0,7876102500.0,10525500.0,2884200.0,,0.0,0.0,0.0
2025-08-21,138.0,139.0,138.0,141.0,136.0,141.0,3.0,35821800.0,4945194400.0,1385.0,52.2,141.0,9234200.0,140.0,156100.0,83345000000.0,83345000000.0,7876102500.0,4995500.0,13163800.0,,0.0,0.0,0.0
2025-08-22,141.0,141.0,141.0,142.0,138.0,139.0,-2.0,27547500.0,3829660600.0,1692.0,51.5,140.0,1654100.0,139.0,700700.0,83345000000.0,83345000000.0,7876102500.0,9167600.0,3948100.0,,0.0,0.0,0.0
2025-08-25,139.0,141.0,141.0,141.0,137.0,140.0,1.0,46179700.0,6402381400.0,2231.0,51.9,140.0,2456000.0,139.0,2529500.0,83345000000.0,83345000000.0,7876102500.0,10039400.0,6473500.0,,0.0,0.0,0.0
2025-08-26,140.0,140.0,140.0,140.0,135.0,135.0,-5.0,36316900.0,4969227200.0,2103.0,50.0,136.0,154100.0,135.0,4773100.0,83345000000.0,83345000000.0,7876102500.0,7865800.0,1727400.0,,0.0,0.0,0.0
2025-08-27,135.0,135.0,136.0,139.0,133.0,139.0,4.0,46006900.0,6258561000.0,1989.0,51.5,139.0,6306800.0,138.0,6200.0,83345000000.0,83345000000.0,7876102500.0,11940800.0,8234500.0,,0.0,0.0,0.0
2025-08-28,139.0,139.0,138.0,139.0,135.0,135.0,-4.0,30938500.0,4227991800.0,1285.0,50.0,137.0,59900.0,135.0,8541300.0,83345000000.0,83345000000.0,7876102500.0,13933500.0,620900.0,,0.0,0.0,0.0
2025-08-29,135.0,135.0,135.0,135.0,130.0,133.0,-2.0,85150400.0,11276543100.0,2721.0,49.3,133.0,1288500.0,132.0,315600.0,83345000000.0,83345000000.0,7876102500.0,27869200.0,4186500.0,,0.0,0.0,0.0
2025-09-01,133.0,129.0,130.0,133.0,125.0,131.0,-2.0,44727200.0,5790367200.0,2039.0,48.5,131.0,268600.0,130.0,635500.0,83345000000.0,83345000000.0,7876102500.0,11749000.0,7748600.0,,6900.0,890100.0,1.0
2025-09-02,131.0,133.0,133.0,134.0,130.0,130.0,-1.0,27094200.0,3568413200.0,1729.0,48.1,131.0,56000.0,130.0,73000.0,83345000000.0,83345000000.0,7876102500.0,4923600.0,897900.0,,0.0,0.0,0.0
2025-09-03,130.0,130.0,131.0,134.0,129.0,133.0,3.0,22243200.0,2927101200.0,1587.0,49.3,134.0,1649600.0,133.0,736600.0,83345000000.0,83345000000.0,7876102500.0,3386000.0,2227500.0,,0.0,0.0,0.0
2025-09-04,133.0,134.0,133.0,134.0,131.0,132.0,-1.0,26964400.0,3560015800.0,1165.0,48.9,132.0,231100.0,131.0,2250400.0,83345000000.0,83345000000.0,7876102500.0,3579100.0,3513200.0,,0.0,0.0,0.0
2025-09-08,132.0,132.0,132.0,135.0,132.0,133.0,1.0,19079100.0,2545989800.0,1137.0,49.3,133.0,1172900.0,132.0,1551100.0,83345000000.0,83345000000.0,7876102500.0,3876600.0,2985100.0,,0.0,0.0,0.0
2025-09-09,133.0,133.0,133.0,134.0,129.0,131.0,-2.0,21390600.0,2814353100.0,1264.0,48.5,132.0,36100.0,131.0,248500.0,83345000000.0,83345000000.0,7876102500.0,4880500.0,7864600.0,,0.0,0.0,0.0
2025-09-10,131.0,131.0,131.0,134.0,131.0,131.0,0.0,13812500.0,1820100400.0,1109.0,48.5,132.0,37700.0,131.0,798200.0,83345000000.0,83345000000.0,7876102500.0,426600.0,2610000.0,,0.0,0.0,0.0
2025-09-11,131.0,131.0,131.0,134.0,130.0,130.0,-1.0,30676600.0,4031250500.0,1383.0,48.1,131.0,30100.0,130.0,1497400.0,83345000000.0,83345000000.0,7876102500.0,8344000.0,10903400.0,,300000000.0,39300000000.0,1.0
2025-09-12,130.0,130.0,131.0,131.0,129.0,130.0,0.0,25962000.0,3378999900.0,1180.0,48.1,130.0,126400.0,129.0,2030400.0,83345000000.0,83345000000.0,7876102500.0,10091300.0,2524300.0,,356829500.0,46387835000.0,1.0
2025-09-15,130.0,132.0,132.0,136.0,130.0,133.0,3.0,58380600.0,7778254500.0,2239.0,49.3,134.0,349200.0,133.0,101200.0,83345000000.0,83345000000.0,7876102500.0,28182500.0,21063700.0,,0.0,0.0,0.0
2025-09-16,133.0,133.0,133.0,138.0,131.0,132.0,-1.0,107727700.0,14451290500.0,4599.0,48.9,133.0,758600.0,132.0,3715800.0,83345000000.0,83345000000.0,7876102500.0,56436200.0,11491700.0,,0.0,0.0,0.0
2025-09-17,132.0,132.0,133.0,133.0,129.0,130.0,-2.0,67428300.0,8790786300.0,3423.0,48.1,130.0,885900.0,129.0,3326500.0,83345000000.0,83345000000.0,7876102500.0,38065900.0,819700.0,,0.0,0.0,0.0
2025-09-18,130.0,130.0,130.0,131.0,128.0,129.0,-1.0,35546600.0,4595178500.0,2111.0,47.8,129.0,27200.0,128.0,4982900.0,83345000000.0,83345000000.0,7876102500.0,22307500.0,1611500.0,,0.0,0.0,0.0
2025-09-19,129.0,129.0,129.0,131.0,126.0,130.0,1.0,50013500.0,6414752200.0,2464.0,48.1,130.0,3261200.0,129.0,181700.0,83345000000.0,83345000000.0,7876102500.0,23237500.0,823200.0,,121100.0,15774000.0,5.0
2025-09-22,130.0,129.0,129.0,130.0,127.0,128.0,-2.0,40695000.0,5221057300.0,2076.0,47.4,129.0,500.0,128.0,80000.0,83345000000.0,83345000000.0,7876102500.0,18166400.0,2176300.0,,0.0,0.0,0.0
2025-09-23,128.0,128.0,128.0,129.0,126.0,126.0,-2.0,40070600.0,5096348400.0,2174.0,46.7,127.0,400000.0,126.0,6330500.0,83345000000.0,83345000000.0,7876102500.0,11041000.0,11212700.0,,0.0,0.0,0.0
2025-09-24,126.0,126.0,127.0,127.0,121.0,121.0,-5.0,98580500.0,12122431600.0,4111.0,44.8,122.0,347500.0,121.0,7563300.0,83345000000.0,83345000000.0,7876102500.0,32635200.0,11332800.0,,395000.0,50560000.0,1.0
2025-09-25,121.0,122.0,123.0,123.0,118.0,119.0,-2.0,91399600.0,10931839100.0,3669.0,44.1,120.0,522600.0,119.0,150100.0,83345000000.0,83345000000.0,7876102500.0,52486400.0,24368200.0,,0.0,0.0,0.0
2025-09-26,119.0,119.0,119.0,120.0,117.0,119.0,0.0,29899900.0,3536678600.0,1917.0,44.1,120.0,2203600.0,119.0,242700.0,83345000000.0,83345000000.0,7876102500.0,9581400.0,9965200.0,,0.0,0.0,0.0
2025-09-29,119.0,120.0,120.0,123.0,119.0,120.0,1.0,55724100.0,6709822600.0,2555.0,44.4,120.0,498400.0,119.0,1395300.0,83345000000.0,83345000000.0,7876102500.0,37224200.0,9827400.0,,0.0,0.0,0.0
2025-09-30,120.0,120.0,120.0,120.0,117.0,119.0,-1.0,115764900.0,13719830100.0,2566.0,44.1,119.0,134500.0,118.0,868800.0,83345000000.0,83345000000.0,7876102500.0,40282700.0,12730500.0,,0.0,0.0,0.0
2025-10-01,119.0,119.0,119.0,121.0,117.0,119.0,0.0,39835400.0,4745184300.0,1367.0,44.1,120.0,333100.0,119.0,1821200.0,83345000000.0,83345000000.0,7442708500.0,19386200.0,13828400.0,,26139100.0,3110552900.0,2.0
2025-10-02,119.0,120.0,120.0,123.0,119.0,119.0,0.0,51761700.0,6243980800.0,2106.0,44.1,120.0,400.0,119.0,7584300.0,83345000000.0,83345000000.0,7442708500.0,21726200.0,18539300.0,,0.0,0.0,0.0
2025-10-03,119.0,122.0,121.0,122.0,118.0,119.0,0.0,37188700.0,4428934700.0,1667.0,44.1,120.0,781800.0,119.0,3900.0,83345000000.0,83345000000.0,7442708500.0,21833200.0,4447400.0,,0.0,0.0,0.0
2025-10-06,119.0,119.0,120.0,120.0,116.0,119.0,0.0,34625100.0,4080527000.0,2108.0,44.1,119.0,144600.0,118.0,618300.0,83345000000.0,83345000000.0,7442708500.0,10714200.0,3603600.0,,0.0,0.0,0.0
2025-10-07,119.0,119.0,119.0,119.0,117.0,118.0,-1.0,20078000.0,2369495800.0,1521.0,43.7,119.0,323100.0,118.0,323500.0,83345000000.0,83345000000.0,7442708500.0,3897200.0,1729500.0,,0.0,0.0,0.0
2025-10-08,118.0,118.0,118.0,119.0,116.0,118.0,0.0,19641800.0,2306250400.0,1141.0,43.7,119.0,2319400.0,118.0,1000.0,83345000000.0,83345000000.0,7442708500.0,6955600.0,2933600.0,,0.0,0.0,0.0
2025-10-09,118.0,118.0,118.0,119.0,117.0,118.0,0.0,20933900.0,2462834200.0,1193.0,43.7,119.0,2422700.0,117.0,3415700.0,83345000000.0,83345000000.0,7442708500.0,3345300.0,5916700.0,,0.0,0.0,0.0
2025-10-10,118.0,118.0,118.0,119.0,117.0,117.0,-1.0,12358100.0,1451587500.0,868.0,43.3,118.0,1550600.0,117.0,2268800.0,83345000000.0,83345000000.0,7442708500.0,2610500.0,2063400.0,,0.0,0.0,0.0
2025-10-13,117.0,116.0,117.0,120.0,115.0,119.0,2.0,28060800.0,3309597900.0,1501.0,44.1,119.0,2068400.0,118.0,534800.0,83345000000.0,83345000000.0,7442708500.0,8067900.0,2793000.0,,0.0,0.0,0.0
2025-10-14,119.0,119.0,119.0,119.0,114.0,116.0,-3.0,39938900.0,4645417800.0,1947.0,43.0,117.0,470000.0,116.0,345500.0,83345000000.0,83345000000.0,7442708500.0,20213500.0,2186900.0,,0.0,0.0,0.0
2025-10-15,116.0,116.0,116.0,119.0,114.0,118.0,2.0,32923600.0,3806761000.0,1423.0,43.7,118.0,3055400.0,117.0,110000.0,83345000000.0,83345000000.0,7442708500.0,13100400.0,3343200.0,,0.0,0.0,0.0
2025-10-16,118.0,119.0,118.0,119.0,116.0,116.0,-2.0,15555300.0,1824027400.0,898.0,43.0,117.0,4500.0,116.0,2457200.0,83345000000.0,83345000000.0,7442708500.0,3567900.0,3496900.0,,0.0,0.0,0.0
2025-10-17,116.0,116.0,117.0,117.0,111.0,114.0,-2.0,43203200.0,4918109400.0,2333.0,42.2,115.0,10400.0,114.0,42500.0,83345000000.0,83345000000.0,7442708500.0,24882700.0,8811400.0,,0.0,0.0,0.0
2025-10-20,114.0,115.0,115.0,118.0,114.0,117.0,3.0,24640400.0,2868763300.0,1097.0,43.3,118.0,4679900.0,117.0,50100.0,83345000000.0,83345000000.0,7442708500.0,5557100.0,11748900.0,,0.0,0.0,0.0
2025-10-21,117.0,117.0,117.0,119.0,116.0,118.0,1.0,18249900.0,2147146200.0,1060.0,43.7,118.0,2000600.0,117.0,2042200.0,83345000000.0,83345000000.0,7442708500.0,4967500.0,8984200.0,,0.0,0.0,0.0
2025-10-22,118.0,118.0,118.0,119.0,117.0,118.0,0.0,16641500.0,1957873200.0,1071.0,43.7,118.0,2095800.0,117.0,1774000.0,83345000000.0,83345000000.0,7442708500.0,5485600.0,5104400.0,,0.0,0.0,0.0
2025-10-23,118.0,119.0,118.0,124.0,117.0,118.0,0.0,96344100.0,11612033100.0,3649.0,43.7,119.0,386100.0,118.0,23700.0,83345000000.0,83345000000.0,7442708500.0,37605300.0,15587100.0,,0.0,0.0,0.0
2025-10-24,118.0,118.0,118.0,119.0,115.0,116.0,-2.0,45276100.0,5276584900.0,2312.0,43.0,117.0,565900.0,116.0,1190900.0,83345000000.0,83345000000.0,7442708500.0,22942600.0,4178000.0,,100000.0,11800000.0,1.0
2025-10-27,116.0,117.0,117.0,117.0,114.0,114.0,-2.0,35571100.0,4093833200.0,1797.0,42.2,115.0,500100.0,114.0,6303700.0,83345000000.0,83345000000.0,7442708500.0,17315900.0,3073100.0,,0.0,0.0,0.0
2025-10-28,114.0,115.0,115.0,117.0,114.0,116.0,2.0,14440200.0,1669133700.0,1008.0,43.0,116.0,12400.0,115.0,2835400.0,83345000000.0,83345000000.0,7442708500.0,868200.0,2774900.0,,7776300.0,894274500.0,1.0
2025-10-29,116.0,116.0,117.0,120.0,115.0,117.0,1.0,50140600.0,5911807100.0,2244.0,43.3,118.0,613400.0,117.0,5058900.0,83345000000.0,83345000000.0,7442708500.0,14510100.0,3885900.0,,0.0,0.0,0.0
2025-10-30,117.0,118.0,118.0,121.0,117.0,119.0,2.0,70331900.0,8418551400.0,2664.0,44.1,120.0,100100.0,119.0,656200.0,83345000000.0,83345000000.0,7442708500.0,25793800.0,8700700.0,,0.0,0.0,0.0
2025-10-31,119.0,122.0,121.0,122.0,119.0,119.0,0.0,29151000.0,3500914100.0,1381.0,44.1,120.0,659300.0,119.0,3925100.0,83345000000.0,83345000000.0,7442708500.0,17982100.0,758800.0,,0.0,0.0,0.0
2025-11-04,120.0,120.0,120.0,121.0,118.0,119.0,-1.0,38200400.0,4562905300.0,1505.0,44.1,120.0,4741600.0,119.0,5002000.0,83345000000.0,83345000000.0,7442708500.0,21494200.0,1641000.0,,0.0,0.0,0.0
2025-11-05,119.0,120.0,119.0,120.0,117.0,119.0,0.0,23206900.0,2755188100.0,1399.0,44.1,119.0,809300.0,118.0,6831500.0,83345000000.0,83345000000.0,7442708500.0,10019500.0,287300.0,,0.0,0.0,0.0
2025-11-06,119.0,119.0,119.0,121.0,118.0,120.0,1.0,81045700.0,9672713400.0,2137.0,44.4,120.0,13996200.0,119.0,571800.0,83345000000.0,83345000000.0,7442708500.0,49017700.0,10646400.0,,0.0,0.0,0.0
2025-11-07,120.0,115.0,116.0,117.0,115.0,116.0,-4.0,42059700.0,4876781800.0,2366.0,43.0,117.0,3030900.0,116.0,2064700.0,83345000000.0,83345000000.0,7442708500.0,3930200.0,261200.0,,0.0,0.0,0.0
2025-11-10,116.0,117.0,116.0,117.0,115.0,115.0,-1.0,18794800.0,2171939200.0,1419.0,42.6,116.0,3702200.0,115.0,7237500.0,83345000000.0,83345000000.0,7442708500.0,4110300.0,83700.0,,0.0,0.0,0.0
2025-11-11,115.0,115.0,115.0,117.0,114.0,117.0,2.0,32658500.0,3777720200.0,1703.0,43.3,117.0,1820300.0,116.0,1337800.0,83345000000.0,83345000000.0,7442708500.0,9190400.0,352100.0,,0.0,0.0,0.0
2025-11-12,117.0,117.0,117.0,118.0,115.0,115.0,-2.0,19660600.0,2275263400.0,1539.0,42.6,116.0,1117700.0,115.0,8887600.0,83345000000.0,83345000000.0,7442708500.0,7821200.0,47700.0,,0.0,0.0,0.0
2025-11-13,115.0,116.0,116.0,116.0,115.0,115.0,0.0,16789800.0,1935820000.0,931.0,42.6,116.0,855300.0,115.0,4279000.0,83345000000.0,83345000000.0,7442708500.0,4461900.0,909400.0,,0.0,0.0,0.0
2025-11-14,115.0,115.0,116.0,116.0,114.0,115.0,0.0,16576500.0,1901980200.0,1138.0,42.6,115.0,238300.0,114.0,2959000.0,83345000000.0,83345000000.0,7442708500.0,4828400.0,298300.0,,0.0,0.0,0.0
2025-11-17,115.0,115.0,115.0,115.0,113.0,114.0,-1.0,21883800.0,2500600600.0,1424.0,42.2,115.0,532100.0,114.0,131900.0,83345000000.0,83345000000.0,7442708500.0,4740600.0,602300.0,,0.0,0.0,0.0
2025-11-18,114.0,114.0,114.0,115.0,113.0,114.0,0.0,11632700.0,1329949300.0,974.0,42.2,115.0,1204600.0,114.0,1222600.0,83345000000.0,83345000000.0,7442708500.0,3226200.0,675300.0,,0.0,0.0,0.0
2025-11-19,114.0,114.0,114.0,115.0,114.0,114.0,0.0,8953700.0,1024591400.0,607.0,42.2,115.0,975900.0,114.0,5648400.0,83345000000.0,83345000000.0,7442708500.0,2522600.0,110500.0,,0.0,0.0,0.0
2025-11-20,114.0,115.0,114.0,115.0,114.0,114.0,0.0,14319600.0,1637589600.0,1041.0,42.2,115.0,2309600.0,114.0,3989100.0,83345000000.0,83345000000.0,7442708500.0,3703500.0,105100.0,,0.0,0.0,0.0
2025-11-21,114.0,114.0,115.0,115.0,113.0,113.0,-1.0,25145500.0,2850260900.0,1935.0,41.9,114.0,116900.0,113.0,1337900.0,83345000000.0,83345000000.0,7442708500.0,7662300.0,396200.0,,0.0,0.0,0.0
2025-11-24,113.0,113.0,113.0,116.0,113.0,114.0,1.0,25629400.0,2924224700.0,1511.0,42.2,115.0,3123400.0,114.0,95200.0,83345000000.0,83345000000.0,7442708500.0,3180500.0,5221500.0,,0.0,0.0,0.0
2025-11-25,114.0,115.0,114.0,115.0,113.0,114.0,0.0,17089900.0,1952208700.0,1061.0,42.2,115.0,1826600.0,114.0,984100.0,83345000000.0,83345000000.0,7442708500.0,3433100.0,345100.0,,0.0,0.0,0.0
2025-11-26,114.0,114.0,115.0,117.0,114.0,116.0,2.0,37579000.0,4338321000.0,1600.0,43.0,117.0,4684000.0,116.0,684200.0,83345000000.0,83345000000.0,7442708500.0,3676300.0,9295400.0,,0.0,0.0,0.0
2025-11-27,116.0,117.0,117.0,119.0,116.0,117.0,1.0,50879800.0,5978742500.0,1711.0,43.3,118.0,557400.0,117.0,3067500.0,83345000000.0,83345000000.0,7442708500.0,5516100.0,8568800.0,,0.0,0.0,0.0
2025-11-28,117.0,118.0,118.0,119.0,116.0,117.0,0.0,26749500.0,3138196800.0,1361.0,43.3,118.0,3729200.0,116.0,5216500.0,83345000000.0,83345000000.0,7442708500.0,4109600.0,281000.0,,0.0,0.0,0.0
2025-12-01,117.0,119.0,119.0,131.0,119.0,124.0,7.0,334840100.0,41826318200.0,14037.0,45.9,124.0,611500.0,123.0,547300.0,83345000000.0,83345000000.0,7442708500.0,77701900.0,33463900.0,,0.0,0.0,0.0
2025-12-02,124.0,125.0,125.0,130.0,123.0,124.0,0.0,121424000.0,15269428100.0,5404.0,45.9,125.0,1380500.0,124.0,599800.0,83345000000.0,83345000000.0,7442708500.0,32783500.0,12571700.0,,0.0,0.0,0.0
2025-12-03,124.0,124.0,125.0,125.0,121.0,122.0,-2.0,72045500.0,8807560200.0,3426.0,45.2,123.0,1897800.0,122.0,382900.0,83345000000.0,83345000000.0,7442708500.0,5086400.0,18829900.0,,0.0,0.0,0.0
2025-12-04,122.0,123.0,123.0,124.0,121.0,122.0,0.0,29417400.0,3586182400.0,1932.0,45.2,123.0,1012000.0,122.0,91500.0,83345000000.0,83345000000.0,7442708500.0,2726500.0,2629600.0,,0.0,0.0,0.0
2025-12-05,122.0,121.0,122.0,122.0,120.0,121.0,-1.0,29744500.0,3586325300.0,1739.0,44.8,121.0,1328900.0,120.0,1933600.0,83345000000.0,83345000000.0,7442708500.0,2294600.0,5026200.0,,0.0,0.0,0.0
2025-12-08,121.0,121.0,122.0,123.0,120.0,121.0,0.0,27361900.0,3326674200.0,1807.0,44.8,122.0,3069300.0,121.0,347600.0,83345000000.0,83345000000.0,7442708500.0,4030500.0,4222100.0,,0.0,0.0,0.0
2025-12-09,121.0,123.0,123.0,123.0,118.0,119.0,-2.0,50997200.0,6087361000.0,2711.0,44.1,119.0,222200.0,118.0,11831700.0,83345000000.0,83345000000.0,7442708500.0,15849200.0,922500.0,,0.0,0.0,0.0
2025-12-10,119.0,119.0,119.0,120.0,118.0,119.0,0.0,27320400.0,3247859600.0,1483.0,44.1,120.0,4152600.0,119.0,165300.0,83345000000.0,83345000000.0,7442708500.0,5942800.0,1940100.0,,0.0,0.0,0.0
2025-12-11,119.0,120.0,120.0,120.0,116.0,118.0,-1.0,33401600.0,3933088200.0,2078.0,43.7,118.0,134100.0,117.0,761400.0,83345000000.0,83345000000.0,7442708500.0,9626800.0,530700.0,,0.0,0.0,0.0
2025-12-12,118.0,118.0,118.0,119.0,114.0,116.0,-2.0,29578000.0,3433055300.0,1470.0,43.0,117.0,1306700.0,116.0,1332000.0,83345000000.0,83345000000.0,7442708500.0,3546100.0,1933400.0,,0.0,0.0,0.0
2025-12-15,116.0,116.0,117.0,120.0,116.0,118.0,2.0,31373200.0,3694931600.0,1935.0,43.7,118.0,571500.0,117.0,484900.0,83345000000.0,83345000000.0,7442708500.0,3992300.0,11535100.0,,0.0,0.0,0.0
2025-12-16,118.0,118.0,119.0,120.0,117.0,119.0,1.0,18206400.0,2154503600.0,981.0,44.1,119.0,2257600.0,118.0,579600.0,83345000000.0,83345000000.0,7442708500.0,5207800.0,2613200.0,,0.0,0.0,0.0
2025-12-17,119.0,119.0,119.0,124.0,118.0,122.0,3.0,54788300.0,6643747300.0,3806.0,45.2,122.0,1311000.0,121.0,2627800.0,83345000000.0,83345000000.0,7442708500.0,6334900.0,9224600.0,,0.0,0.0,0.0
2025-12-18,122.0,123.0,124.0,125.0,120.0,120.0,-2.0,38241900.0,4664079300.0,2051.0,44.4,121.0,241100.0,120.0,7370100.0,83345000000.0,83345000000.0,7442708500.0,7376000.0,4453700.0,,0.0,0.0,0.0
2025-12-19,120.0,121.0,120.0,121.0,118.0,118.0,-2.0,19574200.0,2326409600.0,1390.0,43.7,120.0,1366600.0,118.0,1193600.0,83345000000.0,83345000000.0,7442708500.0,3126900.0,420500.0,,0.0,0.0,0.0
2025-12-22,118.0,118.0,118.0,120.0,118.0,118.0,0.0,15247200.0,1810129400.0,1138.0,43.7,119.0,337200.0,118.0,1074900.0,83345000000.0,83345000000.0,7442708500.0,3526700.0,130200.0,,0.0,0.0,0.0
2025-12-23,118.0,118.0,118.0,120.0,117.0,119.0,1.0,23706000.0,2808962300.0,1118.0,44.1,120.0,2212800.0,119.0,162300.0,83345000000.0,83345000000.0,7442708500.0,4949500.0,4586200.0,,0.0,0.0,0.0
2025-12-24,119.0,120.0,120.0,121.0,118.0,120.0,1.0,38346100.0,4590607500.0,1353.0,44.4,120.0,337300.0,119.0,114800.0,83345000000.0,83345000000.0,7442708500.0,3803900.0,8314800.0,,200000.0,23600000.0,1.0
2025-12-29,120.0,121.0,121.0,122.0,119.0,121.0,1.0,21553700.0,2593848300.0,1681.0,44.8,121.0,158300.0,120.0,1283400.0,83345000000.0,83345000000.0,7442708500.0,3057200.0,7741400.0,,0.0,0.0,0.0
2025-12-30,121.0,121.0,121.0,123.0,120.0,120.0,-1.0,25962300.0,3146927500.0,1513.0,44.4,121.0,7500.0,120.0,2430600.0,83345000000.0,83345000000.0,7442708500.0,4390900.0,4099700.0,,0.0,0.0,0.0
2026-01-02,120.0,120.0,120.0,122.0,119.0,121.0,1.0,37077100.0,4472160900.0,1612.0,44.8,122.0,2833000.0,121.0,434500.0,83345000000.0,83345000000.0,6642596500.0,9965500.0,11238900.0,,0.0,0.0,0.0
2026-01-05,121.0,121.0,121.0,129.0,119.0,128.0,7.0,208453200.0,26271984200.0,8409.0,47.4,129.0,6537800.0,128.0,589100.0,83345000000.0,83345000000.0,6642596500.0,57040800.0,18888100.0,,0.0,0.0,0.0
2026-01-06,128.0,128.0,127.0,128.0,123.0,124.0,-4.0,75010900.0,9341216300.0,4928.0,45.9,125.0,1347400.0,124.0,95200.0,83345000000.0,83345000000.0,6642596500.0,15525000.0,2536100.0,,0.0,0.0,0.0
2026-01-07,124.0,125.0,125.0,125.0,118.0,119.0,-5.0,119278600.0,14361606200.0,6001.0,44.1,120.0,1763400.0,119.0,904500.0,83345000000.0,83345000000.0,6642596500.0,9568800.0,15160300.0,,0.0,0.0,0.0
2026-01-08,119.0,120.0,120.0,120.0,118.0,119.0,0.0,33101800.0,3930780900.0,2523.0,44.1,120.0,4746200.0,119.0,1420800.0,83345000000.0,83345000000.0,6642596500.0,5097900.0,1225200.0,,600000.0,71400000.0,1.0
2026-01-09,119.0,120.0,119.0,120.0,118.0,119.0,0.0,31920100.0,3789350600.0,1562.0,44.1,120.0,2472100.0,119.0,8500.0,83345000000.0,83345000000.0,6642596500.0,7679100.0,84000.0,,0.0,0.0,0.0
2026-01-12,119.0,119.0,119.0,120.0,118.0,120.0,1.0,49099100.0,5846003500.0,1860.0,44.4,120.0,329400.0,119.0,157200.0,83345000000.0,83345000000.0,6642596500.0,10728100.0,887400.0,,0.0,0.0,0.0
2026-01-13,120.0,120.0,120.0,121.0,119.0,120.0,0.0,27547000.0,3303516700.0,1227.0,44.4,120.0,141100.0,119.0,3831000.0,83345000000.0,83345000000.0,6642596500.0,4714300.0,1627200.0,,0.0,0.0,0.0
2026-01-14,120.0,120.0,120.0,123.0,119.0,123.0,3.0,39666800.0,4802041300.0,1537.0,45.6,123.0,3378500.0,122.0,2715900.0,83345000000.0,83345000000.0,6642596500.0,668800.0,7606800.0,,0.0,0.0,0.0
2026-01-15,123.0,123.0,124.0,124.0,121.0,122.0,-1.0,19790900.0,2420775900.0,1257.0,45.2,122.0,353200.0,121.0,1659000.0,83345000000.0,83345000000.0,6642596500.0,427400.0,3218900.0,,0.0,0.0,0.0
2026-01-19,122.0,122.0,122.0,124.0,120.0,123.0,1.0,31238300.0,3815913000.0,1639.0,45.6,123.0,438800.0,122.0,895300.0,83345000000.0,83345000000.0,6642596500.0,1557800.0,13377700.0,,0.0,0.0,0.0
2026-01-20,123.0,123.0,123.0,125.0,123.0,124.0,1.0,30612300.0,3788706400.0,1711.0,45.9,124.0,773800.0,123.0,5355400.0,83345000000.0,83345000000.0,6642596500.0,491500.0,9928700.0,,0.0,0.0,0.0
2026-01-21,124.0,124.0,123.0,124.0,120.0,120.0,-4.0,38245800.0,4642424800.0,3173.0,44.4,121.0,176600.0,120.0,2492900.0,83345000000.0,83345000000.0,6642596500.0,4907000.0,5295300.0,,0.0,0.0,0.0
2026-01-22,120.0,120.0,120.0,123.0,120.0,121.0,1.0,23222000.0,2816277100.0,1051.0,44.8,122.0,2149700.0,121.0,1404300.0,83345000000.0,83345000000.0,6642596500.0,117900.0,11700600.0,,0.0,0.0,0.0
2026-01-23,121.0,122.0,122.0,122.0,120.0,121.0,0.0,17043700.0,2054881400.0,1169.0,44.8,122.0,3321200.0,121.0,1162300.0,83345000000.0,83345000000.0,6642596500.0,2112600.0,78700.0,,0.0,0.0,0.0
2026-01-26,121.0,121.0,122.0,122.0,120.0,120.0,-1.0,21271300.0,2567692400.0,1192.0,44.4,121.0,578600.0,120.0,989500.0,83345000000.0,83345000000.0,6642596500.0,2992100.0,1642200.0,,0.0,0.0,0.0
2026-01-27,120.0,120.0,120.0,121.0,119.0,119.0,-1.0,25603800.0,3060638300.0,1159.0,44.1,120.0,931700.0,119.0,6326200.0,83345000000.0,83345000000.0,6642596500.0,7690300.0,92400.0,,631500.0,75780000.0,1.0
2026-01-28,119.0,118.0,118.0,119.0,102.0,109.0,-10.0,218561300.0,23730441700.0,6749.0,40.4,109.0,84700.0,108.0,1536800.0,83345000000.0,83345000000.0,6642596500.0,36990900.0,30364100.0,,0.0,0.0,0.0
2026-01-29,109.0,113.0,113.0,113.0,98.0,108.0,-1.0,89659100.0,9449084700.0,4536.0,40.0,109.0,760100.0,108.0,481100.0,83345000000.0,83345000000.0,6642596500.0,22969600.0,23981700.0,,0.0,0.0,0.0
2026-01-30,108.0,110.0,110.0,111.0,108.0,109.0,1.0,32036700.0,3501609600.0,1614.0,40.4,110.0,885400.0,109.0,1220900.0,83345000000.0,83345000000.0,6642596500.0,13580700.0,2704500.0,,0.0,0.0,0.0
2026-02-02,109.0,109.0,109.0,111.0,103.0,105.0,-4.0,45642000.0,4814425500.0,2513.0,38.9,105.0,453800.0,104.0,1936200.0,83345000000.0,83345000000.0,6642596500.0,5432100.0,9192800.0,,0.0,0.0,0.0
2026-02-03,105.0,105.0,105.0,110.0,103.0,110.0,5.0,51882700.0,5619151700.0,1738.0,40.7,110.0,170500.0,109.0,56800.0,83345000000.0,83345000000.0,6642596500.0,29027400.0,3074100.0,,0.0,0.0,0.0
2026-02-04,110.0,110.0,110.0,110.0,108.0,110.0,0.0,20149600.0,2200218100.0,1027.0,40.7,110.0,1132400.0,109.0,717000.0,83345000000.0,83345000000.0,6642596500.0,6855900.0,608200.0,,0.0,0.0,0.0
2026-02-05,110.0,110.0,110.0,110.0,108.0,109.0,-1.0,10037800.0,1096937100.0,983.0,40.4,110.0,1485300.0,109.0,31700.0,83345000000.0,83345000000.0,6642596500.0,1830600.0,897800.0,,0.0,0.0,0.0
2026-02-06,109.0,109.0,109.0,109.0,107.0,109.0,0.0,20958400.0,2258370200.0,1107.0,40.4,109.0,3278800.0,108.0,36100.0,83345000000.0,83345000000.0,6642596500.0,2666500.0,2080600.0,,0.0,0.0,0.0
2026-02-09,109.0,109.0,108.0,110.0,107.0,109.0,0.0,7311000.0,791578200.0,739.0,40.4,109.0,129800.0,108.0,880300.0,83345000000.0,83345000000.0,6642596500.0,1451300.0,484600.0,,0.0,0.0,0.0
2026-02-10,109.0,109.0,109.0,111.0,108.0,111.0,2.0,11068000.0,1215019100.0,827.0,41.1,112.0,330100.0,111.0,56100.0,83345000000.0,83345000000.0,6642596500.0,669300.0,1834900.0,,0.0,0.0,0.0
2026-02-11,111.0,112.0,112.0,115.0,111.0,114.0,3.0,22768500.0,2573266800.0,1032.0,42.2,114.0,745500.0,113.0,1869300.0,83345000000.0,83345000000.0,6642596500.0,5901400.0,531400.0,,0.0,0.0,0.0
2026-02-12,114.0,114.0,114.0,114.0,110.0,113.0,-1.0,19946000.0,2238665800.0,1085.0,41.9,113.0,1206400.0,112.0,318400.0,83345000000.0,83345000000.0,6642596500.0,362400.0,2526600.0,,0.0,0.0,0.0
2026-02-13,113.0,113.0,113.0,113.0,111.0,112.0,-1.0,9849400.0,1099545500.0,719.0,41.5,113.0,1369900.0,111.0,1221900.0,83345000000.0,83345000000.0,6642596500.0,119600.0,945200.0,,0.0,0.0,0.0
2026-02-18,112.0,112.0,112.0,113.0,111.0,113.0,1.0,7421700.0,831303100.0,759.0,41.9,113.0,2639400.0,112.0,612000.0,83345000000.0,83345000000.0,6642596500.0,119700.0,2255600.0,,0.0,0.0,0.0
2026-02-19,113.0,113.0,113.0,113.0,111.0,112.0,-1.0,8863400.0,994963600.0,676.0,41.5,112.0,185300.0,111.0,1072600.0,83345000000.0,83345000000.0,6642596500.0,28300.0,823000.0,,0.0,0.0,0.0
2026-02-20,112.0,111.0,112.0,113.0,111.0,112.0,0.0,8651200.0,969103200.0,616.0,41.5,112.0,120700.0,111.0,2015200.0,83345000000.0,83345000000.0,6642596500.0,1640100.0,2145200.0,,0.0,0.0,0.0
2026-02-23,112.0,113.0,113.0,118.0,112.0,115.0,3.0,33024100.0,3802159800.0,1439.0,42.6,116.0,2592700.0,115.0,1351400.0,83345000000.0,83345000000.0,6642596500.0,948300.0,3273700.0,,0.0,0.0,0.0
2026-02-24,115.0,116.0,116.0,117.0,114.0,114.0,-1.0,11357700.0,1304989700.0,825.0,42.2,115.0,283300.0,114.0,31500.0,83345000000.0,83345000000.0,6642596500.0,781900.0,379500.0,,0.0,0.0,0.0
2026-02-25,114.0,115.0,115.0,116.0,113.0,113.0,-1.0,15226200.0,1730074200.0,797.0,41.9,114.0,568600.0,112.0,1178600.0,83345000000.0,83345000000.0,6642596500.0,8397400.0,2608800.0,,0.0,0.0,0.0
2026-02-26,113.0,113.0,113.0,114.0,110.0,111.0,-2.0,32478500.0,3614865000.0,1351.0,41.1,111.0,4458900.0,110.0,8825100.0,83345000000.0,83345000000.0,6642596500.0,27743800.0,79900.0,,0.0,0.0,0.0
2026-02-27,111.0,111.0,111.0,113.0,110.0,112.0,1.0,10335000.0,1153375300.0,875.0,41.5,113.0,1170400.0,112.0,6500.0,83345000000.0,83345000000.0,6642596500.0,1672400.0,458400.0,,0.0,0.0,0.0
2026-03-02,112.0,109.0,109.0,110.0,107.0,107.0,-5.0,29406900.0,3173309200.0,1970.0,39.6,107.0,302100.0,106.0,1534800.0,83345000000.0,83345000000.0,6642596500.0,14541200.0,301400.0,,0.0,0.0,0.0
2026-03-03,107.0,107.0,107.0,109.0,106.0,107.0,0.0,17307000.0,1852702100.0,1174.0,39.6,107.0,849400.0,106.0,1344200.0,83345000000.0,83345000000.0,6642596500.0,6335600.0,207500.0,,0.0,0.0,0.0
2026-03-04,107.0,107.0,106.0,107.0,101.0,102.0,-5.0,32902800.0,3390623100.0,2289.0,37.8,102.0,697100.0,101.0,933500.0,83345000000.0,83345000000.0,6642596500.0,7839900.0,5552800.0,,0.0,0.0,0.0
2026-03-05,102.0,102.0,103.0,106.0,102.0,105.0,3.0,11484900.0,1201253900.0,650.0,38.9,106.0,467400.0,105.0,173700.0,83345000000.0,83345000000.0,6642596500.0,3539600.0,1374100.0,,0.0,0.0,0.0
2026-03-06,105.0,105.0,105.0,109.0,104.0,107.0,2.0,16247600.0,1720755800.0,1025.0,39.6,107.0,3541100.0,106.0,110800.0,83345000000.0,83345000000.0,6642596500.0,6224800.0,2094700.0,,0.0,0.0,0.0
2026-03-09,107.0,104.0,104.0,105.0,100.0,103.0,-4.0,24691500.0,2533138600.0,1341.0,38.1,104.0,182800.0,103.0,6100.0,83345000000.0,83345000000.0,6642596500.0,2846600.0,4446600.0,,0.0,0.0,0.0
2026-03-10,103.0,105.0,106.0,107.0,103.0,104.0,1.0,7484300.0,783391800.0,673.0,38.5,105.0,161100.0,104.0,26500.0,83345000000.0,83345000000.0,6642596500.0,1587800.0,24900.0,,0.0,0.0,0.0
2026-03-11,104.0,104.0,104.0,105.0,102.0,104.0,0.0,7190900.0,742187900.0,692.0,38.5,104.0,1351300.0,103.0,212500.0,83345000000.0,83345000000.0,6642596500.0,266500.0,60500.0,,0.0,0.0,0.0
2026-03-12,104.0,103.0,103.0,104.0,101.0,102.0,-2.0,11492200.0,1172447200.0,921.0,37.8,102.0,38200.0,101.0,1480700.0,83345000000.0,83345000000.0,6642596500.0,1585700.0,301000.0,,0.0,0.0,0.0
2026-03-13,102.0,102.0,101.0,102.0,101.0,101.0,-1.0,8361400.0,846303000.0,831.0,37.4,101.0,222300.0,100.0,4731000.0,83345000000.0,83345000000.0,6642596500.0,917300.0,14500.0,,0.0,0.0,0.0
2026-03-16,101.0,101.0,102.0,104.0,101.0,104.0,3.0,9833100.0,1005444600.0,938.0,38.5,104.0,764800.0,103.0,516100.0,83345000000.0,83345000000.0,6642596500.0,393600.0,319500.0,,0.0,0.0,0.0
2026-03-17,104.0,102.0,102.0,104.0,102.0,104.0,0.0,5951400.0,615302400.0,504.0,38.5,104.0,1122400.0,103.0,742500.0,83345000000.0,83345000000.0,6642596500.0,586800.0,131400.0,,0.0,0.0,0.0
2026-03-25,104.0,102.0,103.0,109.0,102.0,107.0,3.0,10727000.0,1139205500.0,882.0,39.6,107.0,140500.0,106.0,452800.0,83345000000.0,83345000000.0,6642596500.0,196200.0,923000.0,,0.0,0.0,0.0
2026-03-26,107.0,108.0,109.0,109.0,106.0,107.0,0.0,6971000.0,749500200.0,579.0,39.6,107.0,47300.0,106.0,70000.0,83345000000.0,83345000000.0,6642596500.0,144600.0,202800.0,,0.0,0.0,0.0
2026-03-27,107.0,107.0,107.0,107.0,104.0,106.0,-1.0,9507700.0,1005690000.0,596.0,39.3,107.0,658800.0,105.0,512900.0,83345000000.0,83345000000.0,6642596500.0,4812700.0,263000.0,,0.0,0.0,0.0
2026-03-30,106.0,106.0,106.0,106.0,104.0,106.0,0.0,5689300.0,598100600.0,560.0,39.3,106.0,514400.0,105.0,69000.0,83345000000.0,83345000000.0,6642596500.0,2012400.0,263200.0,,0.0,0.0,0.0
2026-03-31,106.0,106.0,106.0,107.0,105.0,107.0,1.0,11912200.0,1263038600.0,687.0,39.6,107.0,792600.0,106.0,1600.0,83345000000.0,83345000000.0,6642596500.0,3169000.0,203400.0,,0.0,0.0,0.0
2026-04-01,107.0,107.0,107.0,108.0,103.0,104.0,-3.0,21289900.0,2230800600.0,1617.0,38.5,105.0,240800.0,104.0,405700.0,83345000000.0,83345000000.0,6634262000.0,5458800.0,128900.0,,0.0,0.0,0.0
2026-04-02,104.0,105.0,105.0,106.0,103.0,105.0,1.0,9965300.0,1040301200.0,703.0,38.9,105.0,456700.0,104.0,679600.0,83345000000.0,83345000000.0,6634262000.0,2443600.0,30500.0,,0.0,0.0,0.0
2026-04-06,105.0,108.0,109.0,111.0,107.0,108.0,3.0,36524000.0,3962323100.0,1994.0,40.0,109.0,284600.0,108.0,31400.0,83345000000.0,83345000000.0,6634262000.0,12485200.0,679500.0,,0.0,0.0,0.0
2026-04-07,108.0,110.0,110.0,111.0,109.0,110.0,2.0,34968200.0,3842488200.0,1556.0,40.7,110.0,192400.0,109.0,3069300.0,83345000000.0,83345000000.0,6634262000.0,12401300.0,298700.0,,0.0,0.0,0.0
2026-04-08,110.0,111.0,111.0,112.0,108.0,109.0,-1.0,41858700.0,4596883100.0,3681.0,40.4,109.0,73000.0,108.0,2488800.0,83345000000.0,83345000000.0,6634262000.0,20134200.0,848300.0,,0.0,0.0,0.0
2026-04-09,109.0,110.0,110.0,112.0,109.0,111.0,2.0,36376700.0,4029266900.0,1823.0,41.1,111.0,871700.0,110.0,6025600.0,83345000000.0,83345000000.0,6634262000.0,12714500.0,3527800.0,,0.0,0.0,0.0
2026-04-10,111.0,112.0,112.0,113.0,110.0,112.0,1.0,31881600.0,3560883500.0,2107.0,41.5,113.0,2388600.0,111.0,3091000.0,83345000000.0,83345000000.0,6634262000.0,10533900.0,847900.0,,0.0,0.0,0.0
2026-04-13,112.0,112.0,112.0,113.0,110.0,112.0,0.0,33531200.0,3754499700.0,2639.0,41.5,113.0,1394300.0,112.0,350300.0,83345000000.0,83345000000.0,6634262000.0,11647700.0,63800.0,,0.0,0.0,0.0
2026-04-14,112.0,112.0,113.0,114.0,110.0,112.0,0.0,89444600.0,10063944100.0,3457.0,41.5,113.0,3565200.0,112.0,209300.0,83345000000.0,83345000000.0,6634262000.0,29073600.0,296000.0,,0.0,0.0,0.0
2026-04-15,112.0,107.0,106.0,107.0,104.0,107.0,-5.0,60529500.0,6396811800.0,4018.0,39.6,107.0,9923600.0,106.0,1968000.0,83345000000.0,83345000000.0,6634262000.0,7600200.0,2126800.0,,0.0,0.0,0.0
2026-04-16,107.0,107.0,107.0,107.0,105.0,106.0,-1.0,18225900.0,1924934200.0,1496.0,39.3,107.0,8838500.0,106.0,60900.0,83345000000.0,83345000000.0,6634262000.0,982000.0,962000.0,,0.0,0.0,0.0
2026-04-17,106.0,106.0,106.0,107.0,105.0,106.0,0.0,12136100.0,1277269500.0,1007.0,39.3,106.0,7702400.0,105.0,2108200.0,83345000000.0,83345000000.0,6634262000.0,4056600.0,533800.0,,0.0,0.0,0.0
2026-04-20,106.0,106.0,106.0,106.0,104.0,105.0,-1.0,14662300.0,1538775800.0,1287.0,38.9,105.0,124700.0,104.0,5186800.0,83345000000.0,83345000000.0,6634262000.0,2137700.0,670900.0,,0.0,0.0,0.0
2026-04-21,105.0,105.0,105.0,107.0,105.0,105.0,0.0,16607800.0,1758597600.0,851.0,38.9,106.0,2129400.0,105.0,2502500.0,83345000000.0,83345000000.0,6634262000.0,343100.0,4601000.0,,8980000.0,942900000.0,22.0
2026-04-22,105.0,106.0,106.0,106.0,104.0,105.0,0.0,15450400.0,1624015200.0,1263.0,38.9,106.0,2206000.0,105.0,152100.0,83345000000.0,83345000000.0,6634262000.0,3793400.0,431500.0,,0.0,0.0,0.0
2026-04-23,105.0,105.0,105.0,106.0,104.0,104.0,-1.0,12076300.0,1267350900.0,815.0,38.5,105.0,254600.0,104.0,5627800.0,83345000000.0,83345000000.0,6634262000.0,216500.0,137900.0,,4000.0,456000.0,1.0
2026-04-24,104.0,105.0,104.0,105.0,102.0,103.0,-1.0,18296400.0,1891054400.0,1185.0,38.1,104.0,2542200.0,103.0,444600.0,83345000000.0,83345000000.0,6634262000.0,1724200.0,86100.0,,3000038.0,312003914.0,2.0
2026-04-27,103.0,103.0,103.0,105.0,102.0,103.0,0.0,10859300.0,1120504300.0,1159.0,38.1,104.0,1507500.0,102.0,3970200.0,83345000000.0,83345000000.0,6634262000.0,3605200.0,190900.0,,0.0,0.0,0.0
2026-04-28,103.0,103.0,103.0,105.0,103.0,104.0,1.0,17001500.0,1771654300.0,1523.0,38.5,105.0,999600.0,104.0,1200.0,83345000000.0,83345000000.0,6634262000.0,243000.0,7556200.0,,2555524.0,265744352.0,2.0
2026-04-29,104.0,104.0,104.0,106.0,103.0,104.0,0.0,15028100.0,1567346800.0,1361.0,38.5,104.0,1056400.0,103.0,5756900.0,83345000000.0,83345000000.0,6634262000.0,808600.0,108400.0,,568.0,58936.0,2.0
2026-04-30,104.0,104.0,104.0,104.0,102.0,104.0,0.0,18245300.0,1875663200.0,1373.0,38.5,104.0,2436000.0,103.0,29900.0,83345000000.0,83345000000.0,6634262000.0,1700400.0,55000.0,,120.0,12450.0,2.0
2026-05-04,104.0,104.0,104.0,104.0,101.0,103.0,-1.0,19758100.0,2009782700.0,1462.0,38.1,103.0,270300.0,102.0,2099700.0,83345000000.0,83345000000.0,6634262000.0,1311200.0,6433700.0,,0.0,0.0,0.0
2026-05-05,103.0,104.0,103.0,104.0,102.0,102.0,-1.0,10429200.0,1069290100.0,971.0,37.8,103.0,954200.0,102.0,834400.0,83345000000.0,83345000000.0,6634262000.0,3931000.0,59100.0,,110.0,11220.0,4.0
2026-05-06,102.0,102.0,102.0,104.0,101.0,103.0,1.0,6835900.0,702264000.0,845.0,38.1,103.0,338500.0,102.0,4755700.0,83345000000.0,83345000000.0,6634262000.0,239300.0,36900.0,,20066.0,2566732.0,2.0
2026-05-07,103.0,103.0,103.0,104.0,102.0,104.0,1.0,6665400.0,686957200.0,665.0,38.5,104.0,3196500.0,103.0,905600.0,83345000000.0,83345000000.0,6634262000.0,10200.0,1010200.0,,0.0,0.0,0.0
2026-05-08,104.0,104.0,104.0,104.0,101.0,101.0,-3.0,13562700.0,1387834900.0,1098.0,37.4,102.0,156200.0,101.0,5381900.0,83345000000.0,83345000000.0,6634262000.0,141100.0,1342300.0,,0.0,0.0,0.0
