date,previous,open_price,first_trade,high,low,close,change,volume,value,frequency,index_individual,offer,offer_volume,bid,bid_volume,listed_shares,tradeble_shares,weight_for_index,foreign_sell,foreign_buy,delisting_date,non_regular_volume,non_regular_value,non_regular_frequency
2023-07-10,125.0,0.0,0.0,168.0,132.0,143.0,18.0,577174300.0,85322272600.0,55452.0,114.4,144.0,409200.0,143.0,3255100.0,2892000000.0,600000000.0,600000000.0,1895800.0,1937900.0,,108700.0,13587500.0,47.0
2023-07-11,143.0,0.0,0.0,145.0,122.0,122.0,-21.0,145463600.0,18443714500.0,13740.0,97.6,122.0,481300.0,0.0,0.0,2892000000.0,600000000.0,600000000.0,274600.0,882900.0,,1574700.0,218155500.0,45.0
2023-07-12,122.0,0.0,0.0,129.0,111.0,121.0,-1.0,40637300.0,5031005800.0,4860.0,96.8,122.0,121700.0,121.0,147400.0,2892000000.0,600000000.0,600000000.0,9400.0,11100.0,,0.0,0.0,0.0
2023-07-13,121.0,0.0,0.0,123.0,118.0,118.0,-3.0,18773800.0,2242459000.0,1932.0,94.4,118.0,2925200.0,117.0,2097100.0,2892000000.0,600000000.0,600000000.0,0.0,0.0,,0.0,0.0,0.0
2023-07-14,118.0,0.0,0.0,121.0,111.0,113.0,-5.0,25313900.0,2902923400.0,2434.0,90.4,114.0,20100.0,113.0,45500.0,2892000000.0,600000000.0,600000000.0,20000.0,0.0,,0.0,0.0,0.0
2023-07-17,113.0,0.0,0.0,117.0,106.0,107.0,-6.0,43792400.0,4798732100.0,3893.0,85.6,107.0,640200.0,106.0,883700.0,2892000000.0,600000000.0,600000000.0,1800.0,24400.0,,0.0,0.0,0.0
2023-07-18,107.0,0.0,0.0,108.0,99.0,99.0,-8.0,31974100.0,3257238200.0,3131.0,79.2,99.0,463600.0,98.0,647400.0,2892000000.0,600000000.0,600000000.0,265800.0,165500.0,,0.0,0.0,0.0
2023-07-20,99.0,0.0,0.0,123.0,97.0,112.0,13.0,149451700.0,16878078900.0,13264.0,89.6,113.0,166600.0,112.0,291600.0,2892000000.0,600000000.0,600000000.0,451600.0,503100.0,,0.0,0.0,0.0
2023-07-21,112.0,0.0,0.0,119.0,106.0,111.0,-1.0,52988100.0,6014948900.0,5368.0,88.8,112.0,1145100.0,111.0,741100.0,2892000000.0,600000000.0,600000000.0,133400.0,51600.0,,0.0,0.0,0.0
2023-07-24,111.0,0.0,0.0,117.0,108.0,110.0,-1.0,25728900.0,2912913000.0,2483.0,88.0,111.0,28700.0,110.0,885900.0,2892000000.0,600000000.0,600000000.0,41600.0,61800.0,,0.0,0.0,0.0
2023-07-25,110.0,0.0,0.0,113.0,107.0,108.0,-2.0,14074800.0,1530228000.0,1439.0,86.4,109.0,520400.0,108.0,327400.0,2892000000.0,600000000.0,600000000.0,78600.0,16000.0,,0.0,0.0,0.0
2023-07-26,108.0,0.0,0.0,114.0,106.0,110.0,2.0,22772800.0,2509785800.0,2219.0,88.0,111.0,501600.0,110.0,121200.0,2892000000.0,600000000.0,600000000.0,344300.0,437700.0,,0.0,0.0,0.0
2023-07-27,110.0,0.0,0.0,116.0,108.0,109.0,-1.0,35201600.0,3946017100.0,2741.0,87.2,110.0,297500.0,109.0,573900.0,2892000000.0,600000000.0,600000000.0,34200.0,32500.0,,0.0,0.0,0.0
2023-07-28,109.0,0.0,0.0,112.0,108.0,109.0,0.0,11537300.0,1264951500.0,1106.0,87.2,110.0,253600.0,109.0,207000.0,2892000000.0,600000000.0,600000000.0,45700.0,41200.0,,0.0,0.0,0.0
2023-07-31,109.0,0.0,0.0,116.0,109.0,115.0,6.0,35799600.0,4051807500.0,2525.0,92.0,115.0,67000.0,114.0,974600.0,2892000000.0,600000000.0,600000000.0,56000.0,37900.0,,0.0,0.0,0.0
2023-08-01,115.0,0.0,0.0,118.0,112.0,117.0,2.0,54747000.0,6312861000.0,2711.0,93.6,118.0,1295600.0,117.0,848000.0,2892000000.0,600000000.0,600000000.0,537900.0,312800.0,,0.0,0.0,0.0
2023-08-02,117.0,0.0,0.0,127.0,115.0,125.0,8.0,65211000.0,7930231600.0,4077.0,100.0,125.0,4324500.0,124.0,241200.0,2892000000.0,600000000.0,600000000.0,50000.0,352200.0,,0.0,0.0,0.0
2023-08-03,125.0,0.0,0.0,127.0,120.0,125.0,0.0,32652400.0,4033864000.0,2707.0,100.0,126.0,2315600.0,125.0,117600.0,2892000000.0,600000000.0,600000000.0,68200.0,97500.0,,0.0,0.0,0.0
2023-08-04,125.0,0.0,0.0,129.0,122.0,124.0,-1.0,23311100.0,2911982100.0,1855.0,99.2,125.0,1438700.0,124.0,317500.0,2892000000.0,600000000.0,600000000.0,398200.0,71700.0,,0.0,0.0,0.0
2023-08-07,124.0,0.0,0.0,129.0,123.0,125.0,1.0,22673600.0,2841828300.0,1448.0,100.0,126.0,1291900.0,125.0,346100.0,2892000000.0,600000000.0,600000000.0,202300.0,30000.0,,0.0,0.0,0.0
2023-08-08,125.0,0.0,0.0,132.0,123.0,131.0,6.0,59453200.0,7660701800.0,3264.0,104.8,132.0,2858800.0,131.0,300100.0,2892000000.0,600000000.0,600000000.0,874700.0,216400.0,,0.0,0.0,0.0
2023-08-09,131.0,0.0,0.0,133.0,112.0,116.0,-15.0,52262500.0,6372705700.0,4266.0,92.8,117.0,207900.0,116.0,600800.0,2892000000.0,600000000.0,600000000.0,619700.0,63900.0,,0.0,0.0,0.0
2023-08-10,116.0,0.0,0.0,124.0,116.0,120.0,4.0,37153000.0,4472151400.0,3268.0,96.0,120.0,902400.0,119.0,226200.0,2892000000.0,600000000.0,600000000.0,38900.0,86300.0,,0.0,0.0,0.0
2023-08-11,120.0,0.0,0.0,120.0,112.0,116.0,-4.0,10763100.0,1244745100.0,950.0,92.8,117.0,99400.0,116.0,15400.0,2892000000.0,600000000.0,600000000.0,153200.0,22700.0,,0.0,0.0,0.0
2023-08-14,116.0,0.0,0.0,118.0,116.0,116.0,0.0,3994400.0,465925400.0,322.0,92.8,116.0,587400.0,115.0,290200.0,2892000000.0,600000000.0,600000000.0,63200.0,0.0,,0.0,0.0,0.0
2023-08-15,116.0,0.0,0.0,117.0,108.0,109.0,-7.0,13225700.0,1460062400.0,1255.0,87.2,109.0,94500.0,108.0,50500.0,2892000000.0,600000000.0,600000000.0,55800.0,39400.0,,0.0,0.0,0.0
2023-08-16,109.0,0.0,0.0,109.0,96.0,106.0,-3.0,28338900.0,2896970000.0,1966.0,84.8,107.0,217600.0,106.0,900.0,2892000000.0,600000000.0,600000000.0,53000.0,42700.0,,0.0,0.0,0.0
2023-08-18,106.0,0.0,0.0,110.0,103.0,109.0,3.0,7768600.0,829997700.0,673.0,87.2,109.0,229700.0,108.0,594100.0,2892000000.0,600000000.0,600000000.0,14500.0,216700.0,,0.0,0.0,0.0
2023-08-21,109.0,0.0,0.0,118.0,101.0,115.0,6.0,31339300.0,3576926000.0,2231.0,92.0,116.0,109300.0,115.0,1172200.0,2892000000.0,600000000.0,600000000.0,1618000.0,4328400.0,,0.0,0.0,0.0
2023-08-22,115.0,0.0,0.0,123.0,112.0,113.0,-2.0,35087900.0,4129896900.0,3205.0,90.4,114.0,93200.0,113.0,5000.0,2892000000.0,600000000.0,600000000.0,3162300.0,633700.0,,0.0,0.0,0.0
2023-08-23,113.0,0.0,0.0,114.0,108.0,110.0,-3.0,5370200.0,591091900.0,606.0,88.0,111.0,205800.0,110.0,56600.0,2892000000.0,600000000.0,600000000.0,25600.0,107000.0,,0.0,0.0,0.0
2023-08-24,110.0,0.0,0.0,114.0,109.0,112.0,2.0,2081800.0,232776700.0,319.0,89.6,112.0,202100.0,111.0,114700.0,2892000000.0,600000000.0,600000000.0,1500.0,102200.0,,0.0,0.0,0.0
2023-08-25,112.0,0.0,0.0,115.0,110.0,111.0,-1.0,1720600.0,193370600.0,297.0,88.8,112.0,5000.0,111.0,145300.0,2892000000.0,600000000.0,600000000.0,1200.0,300.0,,0.0,0.0,0.0
2023-08-28,111.0,0.0,0.0,114.0,111.0,112.0,1.0,2854100.0,319997200.0,301.0,89.6,112.0,5400.0,111.0,376800.0,2892000000.0,600000000.0,600000000.0,72200.0,174900.0,,0.0,0.0,0.0
2023-08-29,112.0,0.0,0.0,113.0,108.0,112.0,0.0,3148900.0,348735700.0,382.0,89.6,113.0,156500.0,112.0,232500.0,2892000000.0,600000000.0,600000000.0,7200.0,412700.0,,0.0,0.0,0.0
2023-08-30,112.0,0.0,0.0,118.0,111.0,114.0,2.0,7396900.0,853397600.0,939.0,91.2,115.0,21600.0,114.0,500.0,2892000000.0,600000000.0,600000000.0,245200.0,1191800.0,,0.0,0.0,0.0
2023-08-31,114.0,0.0,0.0,117.0,112.0,114.0,0.0,2109600.0,240414300.0,290.0,91.2,115.0,4200.0,114.0,30000.0,2892000000.0,600000000.0,600000000.0,22000.0,53700.0,,0.0,0.0,0.0
2023-09-01,114.0,0.0,0.0,121.0,110.0,116.0,2.0,15052000.0,1760388600.0,1243.0,92.8,116.0,288800.0,115.0,516000.0,2892000000.0,600000000.0,600000000.0,1837800.0,1548400.0,,0.0,0.0,0.0
2023-09-04,116.0,0.0,0.0,118.0,113.0,115.0,-1.0,12320600.0,1412888500.0,743.0,92.0,115.0,41600.0,114.0,43000.0,2892000000.0,600000000.0,600000000.0,1843100.0,2005500.0,,0.0,0.0,0.0
2023-09-05,115.0,0.0,0.0,118.0,112.0,116.0,1.0,12024600.0,1376229200.0,682.0,92.8,116.0,541000.0,115.0,1089500.0,2892000000.0,600000000.0,600000000.0,203900.0,2103200.0,,0.0,0.0,0.0
2023-09-06,116.0,0.0,0.0,117.0,113.0,113.0,-3.0,4604100.0,525525500.0,404.0,90.4,114.0,1900.0,113.0,496500.0,2892000000.0,600000000.0,600000000.0,31700.0,260900.0,,0.0,0.0,0.0
2023-09-07,113.0,0.0,0.0,115.0,111.0,111.0,-2.0,4298600.0,481780600.0,446.0,88.8,112.0,15500.0,111.0,692200.0,2892000000.0,600000000.0,600000000.0,240300.0,95300.0,,0.0,0.0,0.0
2023-09-08,111.0,0.0,0.0,116.0,110.0,113.0,2.0,8048100.0,917988400.0,835.0,90.4,114.0,121500.0,113.0,659300.0,2892000000.0,600000000.0,600000000.0,318000.0,0.0,,0.0,0.0,0.0
2023-09-11,113.0,0.0,0.0,121.0,109.0,120.0,7.0,27301400.0,3183057100.0,2571.0,96.0,120.0,177500.0,119.0,1205100.0,2892000000.0,600000000.0,600000000.0,1748400.0,894100.0,,0.0,0.0,0.0
2023-09-12,120.0,0.0,0.0,124.0,114.0,114.0,-6.0,25405800.0,3056812500.0,2421.0,91.2,115.0,8500.0,114.0,375800.0,2892000000.0,600000000.0,600000000.0,3407400.0,858000.0,,0.0,0.0,0.0
2023-09-13,114.0,0.0,0.0,118.0,114.0,114.0,0.0,6110800.0,709213300.0,615.0,91.2,114.0,454900.0,113.0,759600.0,2892000000.0,600000000.0,600000000.0,383800.0,563600.0,,0.0,0.0,0.0
2023-09-14,114.0,0.0,0.0,114.0,112.0,112.0,-2.0,2015200.0,226506700.0,289.0,89.6,113.0,7300.0,112.0,26700.0,2892000000.0,600000000.0,600000000.0,45000.0,0.0,,0.0,0.0,0.0
2023-09-15,112.0,0.0,0.0,116.0,111.0,113.0,1.0,5313400.0,605665800.0,463.0,90.4,114.0,55000.0,113.0,535800.0,2892000000.0,600000000.0,600000000.0,362900.0,1053900.0,,0.0,0.0,0.0
2023-09-18,113.0,0.0,0.0,113.0,108.0,108.0,-5.0,6291900.0,692518200.0,465.0,86.4,109.0,1300.0,108.0,160800.0,2892000000.0,600000000.0,600000000.0,56600.0,472800.0,,0.0,0.0,0.0
2023-09-19,108.0,0.0,0.0,112.0,106.0,109.0,1.0,7889800.0,862669200.0,678.0,87.2,110.0,25000.0,109.0,158200.0,2892000000.0,600000000.0,600000000.0,79000.0,809200.0,,0.0,0.0,0.0
2023-09-20,109.0,0.0,0.0,115.0,109.0,115.0,6.0,5058400.0,567109000.0,567.0,92.0,115.0,1532800.0,114.0,17900.0,2892000000.0,600000000.0,600000000.0,0.0,607500.0,,0.0,0.0,0.0
2023-09-21,115.0,0.0,0.0,115.0,112.0,113.0,-2.0,2187600.0,247882900.0,175.0,90.4,114.0,117400.0,113.0,111000.0,2892000000.0,600000000.0,600000000.0,16500.0,0.0,,0.0,0.0,0.0
2023-09-22,113.0,0.0,0.0,114.0,110.0,111.0,-2.0,4994800.0,558487000.0,359.0,88.8,112.0,800.0,111.0,779200.0,2892000000.0,600000000.0,600000000.0,220000.0,0.0,,0.0,0.0,0.0
2023-09-25,111.0,0.0,0.0,113.0,109.0,110.0,-1.0,2246600.0,247590500.0,272.0,88.0,112.0,118700.0,110.0,111600.0,2892000000.0,600000000.0,600000000.0,13100.0,0.0,,0.0,0.0,0.0
2023-09-26,110.0,0.0,0.0,112.0,108.0,108.0,-2.0,3895700.0,426831200.0,367.0,86.4,109.0,102700.0,108.0,123600.0,2892000000.0,600000000.0,600000000.0,1366300.0,0.0,,0.0,0.0,0.0
2023-09-27,108.0,0.0,0.0,109.0,106.0,109.0,1.0,999600.0,107864500.0,175.0,87.2,109.0,149100.0,107.0,192700.0,2892000000.0,600000000.0,600000000.0,11100.0,0.0,,0.0,0.0,0.0
2023-09-29,109.0,0.0,0.0,110.0,107.0,109.0,0.0,878200.0,95167400.0,212.0,87.2,110.0,221500.0,109.0,504100.0,2892000000.0,600000000.0,600000000.0,0.0,0.0,,0.0,0.0,0.0
2023-10-02,109.0,0.0,0.0,113.0,107.0,110.0,1.0,3792800.0,421587300.0,460.0,88.0,110.0,34100.0,109.0,528900.0,2892000000.0,600000000.0,600090000.0,9000.0,0.0,,0.0,0.0,0.0
2023-10-03,110.0,0.0,0.0,110.0,107.0,107.0,-3.0,1583500.0,170601000.0,176.0,85.6,108.0,16800.0,107.0,1459800.0,2892000000.0,600000000.0,600090000.0,0.0,0.0,,0.0,0.0,0.0
2023-10-04,107.0,0.0,0.0,108.0,100.0,102.0,-5.0,4307700.0,445139200.0,413.0,81.6,102.0,148700.0,101.0,554600.0,2892000000.0,600000000.0,600090000.0,210300.0,0.0,,0.0,0.0,0.0
2023-10-05,102.0,0.0,0.0,104.0,95.0,102.0,0.0,18524000.0,1857183400.0,861.0,81.6,102.0,31300.0,101.0,547600.0,2892000000.0,600000000.0,600090000.0,0.0,219300.0,,0.0,0.0,0.0
2023-10-06,102.0,0.0,0.0,104.0,97.0,101.0,-1.0,2716500.0,279064500.0,384.0,80.8,102.0,110000.0,101.0,1817700.0,2892000000.0,600000000.0,600090000.0,0.0,0.0,,0.0,0.0,0.0
2023-10-09,101.0,0.0,0.0,103.0,96.0,100.0,-1.0,2147200.0,215469500.0,253.0,80.0,101.0,131700.0,100.0,39400.0,2892000000.0,600000000.0,600090000.0,31900.0,0.0,,0.0,0.0,0.0
2023-10-10,100.0,0.0,0.0,102.0,91.0,101.0,1.0,2943300.0,293501200.0,429.0,80.8,102.0,312200.0,101.0,318200.0,2892000000.0,600000000.0,600090000.0,0.0,0.0,,0.0,0.0,0.0
2023-10-11,101.0,0.0,0.0,103.0,96.0,102.0,1.0,3016200.0,306215900.0,228.0,81.6,103.0,404900.0,102.0,426700.0,2892000000.0,600000000.0,600090000.0,0.0,0.0,,0.0,0.0,0.0
2023-10-12,102.0,0.0,0.0,105.0,100.0,104.0,2.0,22655900.0,2337104600.0,1340.0,83.2,104.0,580300.0,103.0,575300.0,2892000000.0,600000000.0,600090000.0,0.0,0.0,,0.0,0.0,0.0
2023-10-13,104.0,0.0,0.0,107.0,100.0,104.0,0.0,3575200.0,374888100.0,432.0,83.2,105.0,241100.0,104.0,59600.0,2892000000.0,600000000.0,600090000.0,0.0,0.0,,0.0,0.0,0.0
2023-10-16,104.0,0.0,0.0,105.0,101.0,103.0,-1.0,2317100.0,239372600.0,399.0,82.4,104.0,90500.0,103.0,155500.0,2892000000.0,600000000.0,600090000.0,0.0,0.0,,0.0,0.0,0.0
2023-10-17,103.0,0.0,0.0,106.0,101.0,103.0,0.0,14453000.0,1500257800.0,807.0,82.4,104.0,2000.0,103.0,305100.0,2892000000.0,600000000.0,600090000.0,0.0,0.0,,0.0,0.0,0.0
2023-10-18,103.0,0.0,0.0,106.0,103.0,106.0,3.0,2371400.0,248829100.0,341.0,84.8,106.0,484700.0,105.0,40600.0,2892000000.0,600000000.0,600090000.0,0.0,0.0,,0.0,0.0,0.0
2023-10-19,106.0,0.0,0.0,106.0,103.0,105.0,-1.0,2345300.0,244691500.0,329.0,84.0,105.0,362700.0,104.0,206500.0,2892000000.0,600000000.0,600090000.0,0.0,0.0,,0.0,0.0,0.0
2023-10-20,105.0,0.0,0.0,105.0,103.0,104.0,-1.0,1246700.0,129503000.0,208.0,83.2,105.0,351700.0,104.0,177000.0,2892000000.0,600000000.0,600090000.0,0.0,0.0,,0.0,0.0,0.0
2023-10-23,104.0,0.0,0.0,105.0,102.0,103.0,-1.0,2163800.0,223417800.0,317.0,82.4,104.0,95000.0,103.0,122900.0,2892000000.0,600000000.0,600090000.0,0.0,0.0,,0.0,0.0,0.0
2023-10-24,103.0,0.0,0.0,109.0,102.0,105.0,2.0,19555900.0,2060902200.0,1092.0,84.0,106.0,392700.0,105.0,542300.0,2892000000.0,600000000.0,600090000.0,0.0,0.0,,0.0,0.0,0.0
2023-10-25,105.0,0.0,0.0,110.0,104.0,107.0,2.0,4412400.0,474051200.0,536.0,85.6,107.0,210500.0,106.0,181000.0,2892000000.0,600000000.0,600090000.0,78200.0,0.0,,0.0,0.0,0.0
2023-10-26,107.0,0.0,0.0,109.0,105.0,106.0,-1.0,3617400.0,387655500.0,426.0,84.8,106.0,514400.0,105.0,159700.0,2892000000.0,600000000.0,600090000.0,66400.0,78700.0,,0.0,0.0,0.0
2023-10-27,106.0,0.0,0.0,109.0,105.0,107.0,1.0,22028000.0,2356913800.0,899.0,85.6,108.0,148000.0,107.0,679900.0,2892000000.0,600000000.0,600090000.0,0.0,0.0,,0.0,0.0,0.0
2023-10-30,107.0,0.0,0.0,108.0,105.0,106.0,-1.0,2073900.0,219461100.0,224.0,84.8,107.0,289400.0,106.0,1094100.0,2892000000.0,600000000.0,600090000.0,0.0,0.0,,0.0,0.0,0.0
2023-10-31,106.0,0.0,0.0,109.0,106.0,106.0,0.0,2369100.0,253903300.0,236.0,84.8,107.0,100000.0,106.0,1394700.0,2892000000.0,600000000.0,600090000.0,0.0,0.0,,0.0,0.0,0.0
2023-11-01,106.0,0.0,0.0,107.0,103.0,106.0,0.0,2468900.0,258787700.0,243.0,84.8,106.0,261400.0,105.0,50000.0,2892000000.0,600000000.0,600090000.0,2100.0,0.0,,0.0,0.0,0.0
2023-11-02,106.0,0.0,0.0,108.0,104.0,108.0,2.0,18835400.0,1997945500.0,861.0,86.4,109.0,1166000.0,108.0,122100.0,2892000000.0,600000000.0,600090000.0,16200.0,0.0,,0.0,0.0,0.0
2023-11-03,108.0,0.0,0.0,110.0,108.0,109.0,1.0,2401100.0,261803500.0,165.0,87.2,109.0,407500.0,108.0,235800.0,2892000000.0,600000000.0,600090000.0,0.0,0.0,,0.0,0.0,0.0
2023-11-06,109.0,0.0,0.0,110.0,107.0,109.0,0.0,1835500.0,198984500.0,223.0,87.2,109.0,61900.0,108.0,235900.0,2892000000.0,600000000.0,600090000.0,0.0,0.0,,0.0,0.0,0.0
2023-11-07,109.0,0.0,0.0,112.0,110.0,112.0,3.0,11544600.0,1282427800.0,704.0,89.6,112.0,404400.0,111.0,333400.0,2892000000.0,600000000.0,600090000.0,0.0,0.0,,0.0,0.0,0.0
2023-11-08,112.0,0.0,0.0,113.0,109.0,110.0,-2.0,4753800.0,527712000.0,458.0,88.0,111.0,99200.0,110.0,119400.0,2892000000.0,600000000.0,600090000.0,0.0,0.0,,0.0,0.0,0.0
2023-11-09,110.0,0.0,0.0,111.0,108.0,110.0,0.0,1440500.0,157434800.0,257.0,88.0,110.0,87700.0,109.0,15200.0,2892000000.0,600000000.0,600090000.0,0.0,0.0,,0.0,0.0,0.0
2023-11-10,110.0,0.0,0.0,110.0,103.0,105.0,-5.0,3546900.0,372920600.0,305.0,84.0,105.0,162900.0,104.0,109200.0,2892000000.0,600000000.0,600090000.0,0.0,0.0,,0.0,0.0,0.0
2023-11-13,105.0,0.0,0.0,105.0,100.0,102.0,-3.0,2557800.0,259618800.0,272.0,81.6,102.0,121800.0,101.0,334300.0,2892000000.0,600000000.0,600090000.0,0.0,0.0,,0.0,0.0,0.0
2023-11-14,102.0,0.0,0.0,102.0,100.0,102.0,0.0,724300.0,72994300.0,114.0,81.6,102.0,120300.0,101.0,124300.0,2892000000.0,600000000.0,600090000.0,0.0,0.0,,0.0,0.0,0.0
2023-11-15,102.0,0.0,0.0,103.0,100.0,103.0,1.0,515900.0,52388000.0,68.0,82.4,103.0,28500.0,102.0,213800.0,2892000000.0,600000000.0,600090000.0,0.0,0.0,,0.0,0.0,0.0
2023-11-16,103.0,0.0,0.0,104.0,101.0,102.0,-1.0,212700.0,21741900.0,144.0,81.6,103.0,22200.0,102.0,100000.0,2892000000.0,600000000.0,600090000.0,0.0,0.0,,0.0,0.0,0.0
2023-11-17,102.0,0.0,0.0,107.0,103.0,104.0,2.0,2236500.0,233400100.0,285.0,83.2,104.0,37000.0,103.0,201600.0,2892000000.0,600000000.0,600090000.0,0.0,0.0,,0.0,0.0,0.0
2023-11-20,104.0,0.0,0.0,105.0,100.0,104.0,0.0,738300.0,75453000.0,128.0,83.2,104.0,117900.0,102.0,45600.0,2892000000.0,600000000.0,600090000.0,0.0,0.0,,0.0,0.0,0.0
2023-11-21,104.0,0.0,0.0,104.0,101.0,103.0,-1.0,280900.0,28710300.0,81.0,82.4,103.0,140600.0,102.0,4800.0,2892000000.0,600000000.0,600090000.0,0.0,0.0,,0.0,0.0,0.0
2023-11-22,103.0,0.0,0.0,104.0,101.0,102.0,-1.0,1160600.0,118284600.0,128.0,81.6,103.0,50000.0,102.0,67600.0,2892000000.0,600000000.0,600090000.0,0.0,0.0,,0.0,0.0,0.0
2023-11-23,102.0,0.0,0.0,103.0,101.0,102.0,0.0,835100.0,84697900.0,70.0,81.6,103.0,150200.0,101.0,353900.0,2892000000.0,600000000.0,600090000.0,0.0,0.0,,0.0,0.0,0.0
2023-11-24,102.0,0.0,0.0,103.0,97.0,100.0,-2.0,1572900.0,156978700.0,189.0,80.0,100.0,1659900.0,99.0,212800.0,2892000000.0,600000000.0,600090000.0,0.0,0.0,,0.0,0.0,0.0
2023-11-27,100.0,0.0,0.0,100.0,96.0,98.0,-2.0,3384500.0,330716800.0,265.0,78.4,98.0,100300.0,97.0,163800.0,2892000000.0,600000000.0,600090000.0,0.0,0.0,,0.0,0.0,0.0
2023-11-28,98.0,0.0,0.0,100.0,97.0,97.0,-1.0,727200.0,71264500.0,117.0,77.6,98.0,5200.0,97.0,762300.0,2892000000.0,600000000.0,600090000.0,0.0,0.0,,0.0,0.0,0.0
2023-11-29,97.0,0.0,0.0,100.0,96.0,99.0,2.0,1207700.0,117832500.0,167.0,79.2,99.0,317000.0,98.0,566200.0,2892000000.0,600000000.0,600090000.0,0.0,0.0,,0.0,0.0,0.0
2023-11-30,99.0,0.0,0.0,100.0,95.0,97.0,-2.0,984400.0,95902300.0,156.0,77.6,98.0,91600.0,97.0,325000.0,2892000000.0,600000000.0,600090000.0,0.0,0.0,,0.0,0.0,0.0
2023-12-01,97.0,0.0,0.0,98.0,92.0,94.0,-3.0,1817700.0,170519600.0,225.0,75.2,95.0,100000.0,94.0,195400.0,2892000000.0,600000000.0,600090000.0,122100.0,0.0,,0.0,0.0,0.0
2023-12-04,94.0,0.0,0.0,96.0,91.0,95.0,1.0,1083500.0,100691000.0,408.0,76.0,95.0,259000.0,94.0,211500.0,2892000000.0,600000000.0,600090000.0,0.0,0.0,,0.0,0.0,0.0
2023-12-05,95.0,0.0,0.0,96.0,92.0,94.0,-1.0,1497400.0,139136600.0,172.0,75.2,94.0,290800.0,93.0,1200.0,2892000000.0,600000000.0,600090000.0,105400.0,0.0,,0.0,0.0,0.0
2023-12-06,94.0,0.0,0.0,95.0,93.0,94.0,0.0,687900.0,64808500.0,88.0,75.2,95.0,43000.0,94.0,393100.0,2892000000.0,600000000.0,600090000.0,0.0,0.0,,0.0,0.0,0.0
2023-12-07,94.0,0.0,0.0,100.0,94.0,97.0,3.0,3637000.0,354464300.0,252.0,77.6,97.0,34000.0,96.0,355000.0,2892000000.0,600000000.0,600090000.0,0.0,233100.0,,0.0,0.0,0.0
2023-12-08,97.0,0.0,0.0,99.0,95.0,95.0,-2.0,9033700.0,876666800.0,536.0,76.0,96.0,30500.0,95.0,102400.0,2892000000.0,600000000.0,600090000.0,207500.0,219900.0,,0.0,0.0,0.0
2023-12-11,95.0,0.0,0.0,106.0,94.0,100.0,5.0,33730900.0,3391641900.0,2660.0,80.0,102.0,565800.0,100.0,568200.0,2892000000.0,600000000.0,600090000.0,2076500.0,1973400.0,,0.0,0.0,0.0
2023-12-12,100.0,0.0,0.0,103.0,99.0,101.0,1.0,14974000.0,1517655000.0,539.0,80.8,102.0,140800.0,101.0,93100.0,2892000000.0,600000000.0,600090000.0,2302300.0,360300.0,,0.0,0.0,0.0
2023-12-13,101.0,0.0,0.0,104.0,97.0,98.0,-3.0,8840900.0,903294700.0,428.0,78.4,99.0,8000.0,98.0,791700.0,2892000000.0,600000000.0,600090000.0,740700.0,260300.0,,0.0,0.0,0.0
2023-12-14,98.0,0.0,0.0,101.0,97.0,101.0,3.0,3992900.0,396688200.0,206.0,80.8,101.0,219900.0,100.0,95500.0,2892000000.0,600000000.0,600090000.0,0.0,120900.0,,0.0,0.0,0.0
2023-12-15,101.0,0.0,0.0,102.0,98.0,101.0,0.0,514000.0,51188500.0,75.0,80.8,101.0,10200.0,100.0,354600.0,2892000000.0,600000000.0,600090000.0,0.0,0.0,,0.0,0.0,0.0
2023-12-18,101.0,0.0,0.0,101.0,95.0,100.0,-1.0,886700.0,86853100.0,139.0,80.0,100.0,42900.0,99.0,338100.0,2892000000.0,600000000.0,600090000.0,0.0,0.0,,0.0,0.0,0.0
2023-12-19,100.0,0.0,0.0,109.0,95.0,106.0,6.0,13201000.0,1340784900.0,534.0,84.8,107.0,20300.0,106.0,75200.0,2892000000.0,600000000.0,600090000.0,706100.0,307600.0,,0.0,0.0,0.0
2023-12-20,106.0,0.0,0.0,116.0,101.0,109.0,3.0,6293000.0,683023800.0,635.0,87.2,110.0,18000.0,108.0,3000.0,2892000000.0,600000000.0,600090000.0,858500.0,820800.0,,0.0,0.0,0.0
2023-12-21,109.0,0.0,0.0,124.0,103.0,120.0,11.0,18468700.0,2193031700.0,1501.0,96.0,120.0,1717900.0,119.0,332300.0,2892000000.0,600000000.0,600090000.0,475200.0,757800.0,,0.0,0.0,0.0
2023-12-22,120.0,0.0,0.0,130.0,112.0,129.0,9.0,16803000.0,2058850400.0,1047.0,103.2,129.0,338600.0,128.0,46600.0,2892000000.0,600000000.0,600090000.0,74400.0,599500.0,,0.0,0.0,0.0
2023-12-27,129.0,0.0,0.0,140.0,123.0,126.0,-3.0,14128200.0,1865529000.0,2023.0,100.8,126.0,97500.0,125.0,41900.0,2892000000.0,600000000.0,600090000.0,308400.0,689600.0,,0.0,0.0,0.0
2023-12-28,126.0,0.0,0.0,128.0,118.0,120.0,-6.0,3432500.0,417726000.0,676.0,96.0,120.0,31500.0,119.0,6000.0,2892000000.0,600000000.0,600090000.0,0.0,0.0,,0.0,0.0,0.0
2023-12-29,120.0,0.0,0.0,133.0,118.0,129.0,9.0,20268200.0,2585340500.0,1148.0,103.2,129.0,1550800.0,128.0,295000.0,2892000000.0,600000000.0,600090000.0,1208300.0,960000.0,,0.0,0.0,0.0
2024-01-02,129.0,0.0,0.0,130.0,126.0,126.0,-3.0,1967000.0,249891100.0,406.0,100.8,127.0,1700.0,126.0,39200.0,2892000000.0,600000000.0,600090000.0,0.0,0.0,,0.0,0.0,0.0
2024-01-03,126.0,0.0,0.0,129.0,119.0,121.0,-5.0,5538600.0,681815300.0,560.0,96.8,122.0,47100.0,121.0,129000.0,2892000000.0,600000000.0,600090000.0,0.0,1081000.0,,0.0,0.0,0.0
2024-01-04,121.0,0.0,0.0,127.0,120.0,125.0,4.0,2283700.0,281591400.0,420.0,100.0,125.0,16800.0,124.0,64400.0,2892000000.0,600000000.0,600090000.0,0.0,0.0,,0.0,0.0,0.0
2024-01-05,125.0,0.0,0.0,127.0,122.0,125.0,0.0,1229500.0,152415400.0,259.0,100.0,125.0,273400.0,123.0,50400.0,2892000000.0,600000000.0,600090000.0,104800.0,0.0,,0.0,0.0,0.0
2024-01-08,125.0,0.0,0.0,128.0,121.0,123.0,-2.0,2789500.0,345222600.0,382.0,98.4,123.0,32700.0,122.0,53800.0,2892000000.0,600000000.0,600090000.0,1000.0,65900.0,,0.0,0.0,0.0
2024-01-09,123.0,0.0,0.0,124.0,118.0,122.0,-1.0,2707200.0,328428000.0,319.0,97.6,123.0,175400.0,122.0,246100.0,2892000000.0,600000000.0,600090000.0,0.0,0.0,,0.0,0.0,0.0
2024-01-10,122.0,0.0,0.0,124.0,119.0,122.0,0.0,1803800.0,218399700.0,220.0,97.6,122.0,87800.0,121.0,94100.0,2892000000.0,600000000.0,600090000.0,0.0,0.0,,0.0,0.0,0.0
2024-01-11,122.0,0.0,0.0,122.0,120.0,120.0,-2.0,730700.0,88142400.0,118.0,96.0,120.0,30300.0,119.0,160000.0,2892000000.0,600000000.0,600090000.0,0.0,0.0,,0.0,0.0,0.0
2024-01-12,120.0,0.0,0.0,121.0,119.0,120.0,0.0,900500.0,107700500.0,297.0,96.0,120.0,69700.0,119.0,121600.0,2892000000.0,600000000.0,600090000.0,0.0,0.0,,0.0,0.0,0.0
2024-01-15,120.0,0.0,0.0,124.0,114.0,117.0,-3.0,2595600.0,306490200.0,398.0,93.6,118.0,9700.0,116.0,70300.0,2892000000.0,600000000.0,600090000.0,17200.0,0.0,,0.0,0.0,0.0
2024-01-16,117.0,0.0,0.0,118.0,111.0,112.0,-5.0,2552500.0,289487000.0,377.0,89.6,112.0,861500.0,111.0,79600.0,2892000000.0,600000000.0,600090000.0,69400.0,0.0,,0.0,0.0,0.0
2024-01-17,112.0,0.0,0.0,114.0,108.0,111.0,-1.0,2250600.0,247433200.0,300.0,88.8,111.0,85800.0,110.0,58500.0,2892000000.0,600000000.0,600090000.0,0.0,73300.0,,0.0,0.0,0.0
2024-01-18,111.0,0.0,0.0,112.0,102.0,103.0,-8.0,3550500.0,376074300.0,494.0,82.4,104.0,122500.0,103.0,41900.0,2892000000.0,600000000.0,600090000.0,191100.0,154800.0,,0.0,0.0,0.0
2024-01-19,103.0,0.0,0.0,109.0,99.0,105.0,2.0,3483200.0,362904500.0,499.0,84.0,107.0,7800.0,105.0,200.0,2892000000.0,600000000.0,600090000.0,0.0,0.0,,0.0,0.0,0.0
2024-01-22,105.0,0.0,0.0,108.0,103.0,103.0,-2.0,810100.0,84240500.0,164.0,82.4,105.0,2000.0,103.0,13100.0,2892000000.0,600000000.0,600090000.0,0.0,0.0,,0.0,0.0,0.0
2024-01-23,103.0,0.0,0.0,110.0,103.0,109.0,6.0,1069600.0,113567800.0,245.0,87.2,109.0,201300.0,107.0,10000.0,2892000000.0,600000000.0,600090000.0,0.0,0.0,,0.0,0.0,0.0
2024-01-24,109.0,0.0,0.0,112.0,104.0,106.0,-3.0,833500.0,90475500.0,157.0,84.8,106.0,53500.0,105.0,15800.0,2892000000.0,600000000.0,600090000.0,148700.0,0.0,,0.0,0.0,0.0
2024-01-25,106.0,0.0,0.0,108.0,102.0,104.0,-2.0,869500.0,90556500.0,103.0,83.2,105.0,39100.0,103.0,77800.0,2892000000.0,600000000.0,600090000.0,0.0,0.0,,0.0,0.0,0.0
2024-01-26,104.0,0.0,0.0,106.0,102.0,105.0,1.0,449900.0,46515400.0,65.0,84.0,105.0,42100.0,103.0,28200.0,2892000000.0,600000000.0,600090000.0,0.0,0.0,,0.0,0.0,0.0
2024-01-29,105.0,0.0,0.0,106.0,103.0,103.0,-2.0,395100.0,41296000.0,47.0,82.4,105.0,85200.0,103.0,32300.0,2892000000.0,600000000.0,600090000.0,0.0,0.0,,0.0,0.0,0.0
2024-01-30,103.0,0.0,0.0,107.0,103.0,104.0,1.0,470400.0,49369400.0,72.0,83.2,105.0,7500.0,103.0,163300.0,2892000000.0,600000000.0,600090000.0,0.0,14000.0,,0.0,0.0,0.0
2024-01-31,104.0,0.0,0.0,105.0,103.0,104.0,0.0,304800.0,31443300.0,57.0,83.2,104.0,4100.0,103.0,99500.0,2892000000.0,600000000.0,600090000.0,0.0,0.0,,0.0,0.0,0.0
2024-02-01,104.0,0.0,0.0,118.0,103.0,106.0,2.0,3664000.0,404153600.0,916.0,84.8,107.0,38400.0,106.0,37300.0,2892000000.0,600000000.0,600090000.0,207800.0,129000.0,,0.0,0.0,0.0
2024-02-02,106.0,0.0,0.0,107.0,103.0,104.0,-2.0,650500.0,67795500.0,135.0,83.2,105.0,8300.0,104.0,28900.0,2892000000.0,600000000.0,600090000.0,0.0,0.0,,0.0,0.0,0.0
2024-02-05,104.0,0.0,0.0,106.0,103.0,103.0,-1.0,392000.0,40531200.0,75.0,82.4,104.0,7400.0,103.0,28500.0,2892000000.0,600000000.0,600090000.0,0.0,0.0,,0.0,0.0,0.0
2024-02-06,103.0,0.0,0.0,105.0,102.0,103.0,0.0,176900.0,18239000.0,39.0,82.4,105.0,64200.0,103.0,147200.0,2892000000.0,600000000.0,600090000.0,0.0,0.0,,0.0,0.0,0.0
2024-02-07,103.0,0.0,0.0,105.0,103.0,104.0,1.0,458800.0,47318500.0,55.0,83.2,104.0,24100.0,103.0,67800.0,2892000000.0,600000000.0,600090000.0,27200.0,0.0,,0.0,0.0,0.0
2024-02-12,104.0,0.0,0.0,106.0,102.0,103.0,-1.0,562400.0,58334900.0,68.0,82.4,104.0,700.0,103.0,12600.0,2892000000.0,600000000.0,600090000.0,48700.0,0.0,,0.0,0.0,0.0
2024-02-13,103.0,0.0,0.0,105.0,103.0,103.0,0.0,469500.0,48546500.0,49.0,82.4,104.0,5100.0,103.0,71900.0,2892000000.0,600000000.0,600090000.0,0.0,0.0,,0.0,0.0,0.0
2024-02-15,103.0,0.0,0.0,104.0,103.0,103.0,0.0,432000.0,44524900.0,54.0,82.4,104.0,88700.0,102.0,158500.0,2892000000.0,600000000.0,600090000.0,0.0,0.0,,0.0,0.0,0.0
2024-02-16,103.0,0.0,0.0,104.0,103.0,103.0,0.0,410700.0,42330400.0,54.0,82.4,104.0,7700.0,103.0,43100.0,2892000000.0,600000000.0,600090000.0,73200.0,0.0,,0.0,0.0,0.0
2024-02-19,103.0,0.0,0.0,104.0,102.0,102.0,-1.0,516300.0,52891900.0,85.0,81.6,103.0,3200.0,102.0,76700.0,2892000000.0,600000000.0,600090000.0,48900.0,0.0,,0.0,0.0,0.0
2024-02-20,102.0,0.0,0.0,104.0,102.0,102.0,0.0,611100.0,62452200.0,44.0,81.6,103.0,26200.0,102.0,6400.0,2892000000.0,600000000.0,600090000.0,23900.0,0.0,,0.0,0.0,0.0
2024-02-21,102.0,0.0,0.0,102.0,99.0,100.0,-2.0,780200.0,78428900.0,115.0,80.0,101.0,17100.0,100.0,612900.0,2892000000.0,600000000.0,600090000.0,118800.0,0.0,,0.0,0.0,0.0
2024-02-22,100.0,0.0,0.0,102.0,99.0,101.0,1.0,799200.0,80231600.0,90.0,80.8,101.0,263400.0,100.0,64900.0,2892000000.0,600000000.0,600090000.0,50000.0,0.0,,0.0,0.0,0.0
2024-02-23,101.0,0.0,0.0,102.0,99.0,100.0,-1.0,239600.0,24146200.0,39.0,80.0,101.0,44200.0,100.0,13600.0,2892000000.0,600000000.0,600090000.0,45600.0,0.0,,0.0,0.0,0.0
2024-02-26,100.0,0.0,0.0,102.0,99.0,100.0,0.0,508300.0,50893500.0,37.0,80.0,101.0,5300.0,100.0,69600.0,2892000000.0,600000000.0,600090000.0,132800.0,0.0,,0.0,0.0,0.0
2024-02-27,100.0,0.0,0.0,103.0,100.0,101.0,1.0,371800.0,37894300.0,71.0,80.8,103.0,52000.0,101.0,1900.0,2892000000.0,600000000.0,600090000.0,0.0,0.0,,0.0,0.0,0.0
2024-02-28,101.0,0.0,0.0,105.0,101.0,104.0,3.0,433400.0,44905300.0,86.0,83.2,104.0,67200.0,103.0,101900.0,2892000000.0,2892000000.0,600090000.0,0.0,0.0,,0.0,0.0,0.0
2024-02-29,104.0,0.0,0.0,106.0,102.0,104.0,0.0,586100.0,60673500.0,78.0,83.2,105.0,23500.0,103.0,51400.0,2892000000.0,2892000000.0,600090000.0,0.0,42800.0,,0.0,0.0,0.0
2024-03-01,104.0,0.0,0.0,110.0,104.0,107.0,3.0,1186500.0,126826400.0,189.0,85.6,107.0,42300.0,105.0,20900.0,2892000000.0,2892000000.0,600090000.0,0.0,56500.0,,0.0,0.0,0.0
2024-03-04,107.0,0.0,0.0,108.0,105.0,107.0,0.0,240500.0,25407400.0,86.0,85.6,107.0,48100.0,105.0,91500.0,2892000000.0,2892000000.0,600090000.0,39700.0,0.0,,0.0,0.0,0.0
2024-03-05,107.0,0.0,0.0,105.0,102.0,103.0,-4.0,665600.0,68540700.0,68.0,82.4,105.0,4000.0,103.0,26300.0,2892000000.0,2892000000.0,600090000.0,89800.0,0.0,,0.0,0.0,0.0
2024-03-06,103.0,0.0,0.0,105.0,102.0,103.0,0.0,210300.0,21713900.0,31.0,82.4,105.0,17900.0,103.0,236100.0,2892000000.0,2892000000.0,600090000.0,0.0,0.0,,0.0,0.0,0.0
2024-03-07,103.0,0.0,0.0,105.0,103.0,105.0,2.0,46800.0,4904200.0,20.0,84.0,105.0,400.0,104.0,32500.0,2892000000.0,2892000000.0,600090000.0,500.0,0.0,,0.0,0.0,0.0
2024-03-08,105.0,0.0,0.0,105.0,103.0,103.0,-2.0,129400.0,13357600.0,35.0,82.4,105.0,9300.0,104.0,2500.0,2892000000.0,2892000000.0,600090000.0,0.0,0.0,,0.0,0.0,0.0
2024-03-13,103.0,0.0,0.0,104.0,101.0,103.0,0.0,502900.0,51045800.0,57.0,82.4,104.0,25000.0,102.0,41900.0,2892000000.0,2892000000.0,600090000.0,13300.0,0.0,,0.0,0.0,0.0
2024-03-14,103.0,0.0,0.0,105.0,102.0,105.0,2.0,140100.0,14548800.0,35.0,84.0,105.0,49700.0,104.0,2600.0,2892000000.0,2892000000.0,600090000.0,16800.0,0.0,,0.0,0.0,0.0
2024-03-15,105.0,0.0,0.0,106.0,103.0,104.0,-1.0,509800.0,53128400.0,36.0,83.2,105.0,34600.0,104.0,51000.0,2892000000.0,2892000000.0,600090000.0,35100.0,0.0,,0.0,0.0,0.0
2024-03-18,104.0,0.0,0.0,105.0,103.0,103.0,-1.0,527200.0,54335600.0,42.0,82.4,104.0,200.0,103.0,29500.0,2892000000.0,2892000000.0,600090000.0,85900.0,0.0,,0.0,0.0,0.0
2024-03-19,103.0,0.0,0.0,105.0,103.0,103.0,0.0,169800.0,17586700.0,27.0,82.4,104.0,100.0,103.0,29600.0,2892000000.0,2892000000.0,600090000.0,54700.0,0.0,,0.0,0.0,0.0
2024-03-20,103.0,0.0,0.0,105.0,102.0,102.0,-1.0,156700.0,16182200.0,31.0,81.6,104.0,83800.0,102.0,21600.0,2892000000.0,2892000000.0,600090000.0,52700.0,0.0,,0.0,0.0,0.0
2024-03-21,102.0,0.0,0.0,103.0,102.0,103.0,1.0,96400.0,9904000.0,22.0,82.4,104.0,85800.0,103.0,1600.0,2892000000.0,2892000000.0,600090000.0,28600.0,0.0,,0.0,0.0,0.0
2024-03-22,103.0,0.0,0.0,105.0,101.0,103.0,0.0,383300.0,39345900.0,53.0,82.4,103.0,25100.0,102.0,41500.0,2892000000.0,2892000000.0,600090000.0,18200.0,0.0,,0.0,0.0,0.0
2024-03-25,103.0,0.0,0.0,103.0,102.0,102.0,-1.0,166900.0,17049600.0,29.0,81.6,102.0,25700.0,101.0,28200.0,2892000000.0,2892000000.0,600090000.0,0.0,0.0,,0.0,0.0,0.0
2024-03-26,102.0,0.0,0.0,104.0,102.0,102.0,0.0,234800.0,24102700.0,30.0,81.6,103.0,93300.0,102.0,48200.0,2892000000.0,2892000000.0,600090000.0,67200.0,0.0,,0.0,0.0,0.0
2024-03-27,102.0,0.0,0.0,103.0,102.0,103.0,1.0,188900.0,19368600.0,32.0,82.4,103.0,21100.0,102.0,65000.0,2892000000.0,2892000000.0,600090000.0,8300.0,0.0,,0.0,0.0,0.0
2024-03-28,103.0,0.0,0.0,104.0,100.0,103.0,0.0,373900.0,38294400.0,39.0,82.4,104.0,108100.0,103.0,10600.0,2892000000.0,2892000000.0,600090000.0,29300.0,0.0,,0.0,0.0,0.0
2024-04-01,103.0,0.0,0.0,103.0,101.0,102.0,-1.0,417400.0,42563700.0,58.0,81.6,103.0,108000.0,102.0,1500.0,2892000000.0,2892000000.0,600090000.0,0.0,0.0,,0.0,0.0,0.0
2024-04-02,102.0,0.0,0.0,103.0,101.0,101.0,-1.0,59300.0,6044500.0,13.0,80.8,103.0,131700.0,101.0,82700.0,2892000000.0,2892000000.0,600090000.0,0.0,0.0,,0.0,0.0,0.0
2024-04-03,101.0,0.0,0.0,103.0,101.0,103.0,2.0,178100.0,18148100.0,32.0,82.4,104.0,500000.0,103.0,36600.0,2892000000.0,2892000000.0,600090000.0,21600.0,0.0,,0.0,0.0,0.0
2024-04-04,103.0,0.0,0.0,103.0,101.0,103.0,0.0,131300.0,13347400.0,25.0,82.4,103.0,15900.0,101.0,2100.0,2892000000.0,2892000000.0,600090000.0,0.0,0.0,,0.0,0.0,0.0
2024-04-05,103.0,0.0,0.0,102.0,102.0,102.0,-1.0,34500.0,3519000.0,15.0,81.6,102.0,2500.0,101.0,52400.0,2892000000.0,2892000000.0,600090000.0,0.0,0.0,,0.0,0.0,0.0
2024-04-16,102.0,0.0,0.0,102.0,100.0,102.0,0.0,234000.0,23669900.0,49.0,81.6,103.0,94200.0,101.0,39200.0,2892000000.0,2892000000.0,600090000.0,100.0,0.0,,0.0,0.0,0.0
2024-04-17,102.0,0.0,0.0,103.0,101.0,102.0,0.0,202500.0,20643400.0,25.0,81.6,103.0,103100.0,102.0,24400.0,2892000000.0,2892000000.0,600090000.0,0.0,0.0,,0.0,0.0,0.0
2024-04-18,102.0,0.0,0.0,103.0,101.0,102.0,0.0,413600.0,42186300.0,43.0,81.6,103.0,181200.0,101.0,34400.0,2892000000.0,2892000000.0,600090000.0,0.0,0.0,,0.0,0.0,0.0
2024-04-19,102.0,0.0,0.0,102.0,101.0,102.0,0.0,104000.0,10607800.0,15.0,81.6,102.0,4900.0,101.0,78500.0,2892000000.0,2892000000.0,600090000.0,0.0,0.0,,0.0,0.0,0.0
2024-04-22,102.0,0.0,0.0,104.0,101.0,104.0,2.0,213200.0,21899500.0,36.0,83.2,104.0,460400.0,103.0,36900.0,2892000000.0,2892000000.0,600090000.0,2800.0,0.0,,0.0,0.0,0.0
2024-04-23,104.0,0.0,0.0,104.0,102.0,103.0,-1.0,73700.0,7630100.0,27.0,82.4,103.0,7900.0,102.0,118800.0,2892000000.0,2892000000.0,600090000.0,0.0,0.0,,0.0,0.0,0.0
2024-04-24,103.0,0.0,0.0,103.0,101.0,102.0,-1.0,79200.0,8065800.0,13.0,81.6,102.0,66200.0,101.0,73800.0,2892000000.0,2892000000.0,600090000.0,0.0,0.0,,0.0,0.0,0.0
2024-04-25,102.0,0.0,0.0,103.0,99.0,101.0,-1.0,194400.0,19638500.0,49.0,80.8,103.0,62300.0,101.0,4600.0,2892000000.0,2892000000.0,600090000.0,0.0,0.0,,0.0,0.0,0.0
2024-04-26,101.0,0.0,0.0,102.0,100.0,101.0,0.0,36300.0,3687900.0,31.0,80.8,101.0,267400.0,100.0,5100.0,2892000000.0,2892000000.0,600090000.0,100.0,0.0,,0.0,0.0,0.0
2024-04-29,101.0,0.0,0.0,103.0,98.0,100.0,-1.0,583000.0,57840800.0,46.0,80.0,100.0,88200.0,99.0,9600.0,2892000000.0,2892000000.0,600090000.0,1900.0,0.0,,0.0,0.0,0.0
2024-04-30,100.0,0.0,0.0,101.0,97.0,100.0,0.0,320200.0,31551300.0,38.0,80.0,100.0,134300.0,99.0,5000.0,2892000000.0,2892000000.0,600090000.0,49000.0,0.0,,0.0,0.0,0.0
2024-05-02,100.0,0.0,0.0,100.0,95.0,95.0,-5.0,190700.0,18327300.0,72.0,76.0,96.0,18000.0,95.0,67500.0,2892000000.0,2892000000.0,600090000.0,0.0,0.0,,0.0,0.0,0.0
2024-05-03,95.0,0.0,0.0,95.0,91.0,93.0,-2.0,701400.0,65533100.0,108.0,74.4,95.0,2900.0,93.0,27900.0,2892000000.0,2892000000.0,600090000.0,9700.0,0.0,,0.0,0.0,0.0
2024-05-06,93.0,0.0,0.0,97.0,93.0,97.0,4.0,102900.0,9785700.0,52.0,77.6,97.0,132300.0,96.0,4993900.0,2892000000.0,2892000000.0,600090000.0,7600.0,0.0,,0.0,0.0,0.0
2024-05-07,97.0,0.0,0.0,105.0,96.0,104.0,7.0,1092600.0,110673000.0,225.0,83.2,104.0,83600.0,102.0,397100.0,2892000000.0,2892000000.0,600090000.0,0.0,0.0,,0.0,0.0,0.0
2024-05-08,104.0,0.0,0.0,104.0,92.0,100.0,-4.0,415500.0,40410500.0,169.0,80.0,100.0,110200.0,99.0,400.0,2892000000.0,2892000000.0,600090000.0,0.0,0.0,,0.0,0.0,0.0
2024-05-13,100.0,0.0,0.0,100.0,95.0,99.0,-1.0,39000.0,3824100.0,34.0,79.2,99.0,119200.0,97.0,9900.0,2892000000.0,2892000000.0,600090000.0,9100.0,0.0,,0.0,0.0,0.0
2024-05-14,99.0,0.0,0.0,102.0,96.0,102.0,3.0,218800.0,21713900.0,59.0,81.6,103.0,5500.0,100.0,10600.0,2892000000.0,2892000000.0,600090000.0,200.0,0.0,,0.0,0.0,0.0
2024-05-15,102.0,0.0,0.0,103.0,98.0,103.0,1.0,291000.0,29680400.0,47.0,82.4,104.0,25500.0,103.0,1000.0,2892000000.0,2892000000.0,600090000.0,0.0,0.0,,969000.0,121125000.0,14.0
2024-05-16,103.0,0.0,0.0,103.0,99.0,103.0,0.0,271800.0,27361700.0,34.0,82.4,102.0,1500.0,100.0,33500.0,2892000000.0,2892000000.0,600090000.0,4600.0,0.0,,0.0,0.0,0.0
2024-05-17,103.0,0.0,0.0,109.0,102.0,109.0,6.0,501200.0,52714300.0,109.0,87.2,110.0,34600.0,107.0,100.0,2892000000.0,2892000000.0,600090000.0,7900.0,0.0,,0.0,0.0,0.0
2024-05-20,109.0,0.0,0.0,107.0,103.0,104.0,-5.0,530700.0,55374800.0,91.0,83.2,106.0,3500.0,104.0,53000.0,2892000000.0,2892000000.0,600090000.0,0.0,0.0,,245000.0,30625000.0,6.0
2024-05-21,104.0,0.0,0.0,102.0,100.0,101.0,-3.0,990800.0,100005800.0,73.0,80.8,101.0,2400.0,100.0,184200.0,2892000000.0,2892000000.0,600090000.0,0.0,0.0,,0.0,0.0,0.0
2024-05-22,101.0,0.0,0.0,110.0,100.0,106.0,5.0,39300.0,4074700.0,51.0,84.8,106.0,42600.0,104.0,3600.0,2892000000.0,2892000000.0,600090000.0,3900.0,0.0,,0.0,0.0,0.0
2024-05-27,106.0,0.0,0.0,106.0,103.0,103.0,-3.0,285100.0,29599700.0,49.0,82.4,106.0,138900.0,103.0,83900.0,2892000000.0,2892000000.0,600090000.0,2200.0,0.0,,0.0,0.0,0.0
2024-05-28,103.0,0.0,0.0,103.0,98.0,101.0,-2.0,302800.0,30347500.0,91.0,80.8,103.0,110200.0,101.0,93700.0,2892000000.0,2892000000.0,600090000.0,200.0,0.0,,0.0,0.0,0.0
2024-05-29,101.0,0.0,0.0,103.0,101.0,103.0,2.0,242200.0,24566500.0,30.0,82.4,103.0,60800.0,102.0,8100.0,2892000000.0,2892000000.0,600090000.0,0.0,0.0,,0.0,0.0,0.0
2024-05-30,103.0,0.0,0.0,103.0,100.0,101.0,-2.0,318000.0,32023900.0,42.0,80.8,103.0,72300.0,100.0,79200.0,2892000000.0,2892000000.0,600090000.0,0.0,0.0,,0.0,0.0,0.0
2024-05-31,101.0,0.0,0.0,101.0,99.0,100.0,-1.0,197100.0,19700000.0,35.0,80.0,100.0,4300.0,99.0,113000.0,2892000000.0,2892000000.0,600090000.0,0.0,0.0,,0.0,0.0,0.0
2024-06-03,100.0,0.0,0.0,104.0,99.0,103.0,3.0,270700.0,27238200.0,42.0,82.4,102.0,18800.0,100.0,1800.0,2892000000.0,2892000000.0,600090000.0,6400.0,0.0,,0.0,0.0,0.0
2024-06-04,103.0,0.0,0.0,102.0,100.0,101.0,-2.0,491600.0,49414200.0,33.0,80.8,102.0,89100.0,101.0,188700.0,2892000000.0,2892000000.0,600090000.0,109800.0,0.0,,0.0,0.0,0.0
2024-06-05,101.0,0.0,0.0,103.0,101.0,103.0,2.0,144400.0,14603000.0,29.0,82.4,103.0,174500.0,102.0,9200.0,2892000000.0,2892000000.0,600090000.0,0.0,0.0,,0.0,0.0,0.0
2024-06-06,103.0,0.0,0.0,102.0,99.0,100.0,-3.0,504000.0,50575200.0,56.0,80.0,101.0,17200.0,99.0,170900.0,2892000000.0,2892000000.0,600090000.0,0.0,0.0,,0.0,0.0,0.0
2024-06-07,100.0,0.0,0.0,103.0,100.0,102.0,2.0,181700.0,18370500.0,34.0,81.6,102.0,75300.0,100.0,93900.0,2892000000.0,2892000000.0,600090000.0,7300.0,0.0,,0.0,0.0,0.0
2024-06-10,102.0,0.0,0.0,102.0,99.0,102.0,0.0,434400.0,43385800.0,33.0,81.6,101.0,500.0,100.0,2600.0,2892000000.0,2892000000.0,600090000.0,8900.0,0.0,,0.0,0.0,0.0
2024-06-11,102.0,0.0,0.0,102.0,99.0,101.0,-1.0,510700.0,50798400.0,47.0,80.8,101.0,53500.0,99.0,136900.0,2892000000.0,2892000000.0,600090000.0,100.0,0.0,,0.0,0.0,0.0
2024-06-12,101.0,0.0,0.0,101.0,100.0,101.0,0.0,3300.0,330100.0,5.0,80.8,101.0,129900.0,99.0,119000.0,2892000000.0,2892000000.0,600090000.0,0.0,0.0,,0.0,0.0,0.0
2024-06-13,101.0,0.0,0.0,101.0,99.0,101.0,0.0,83900.0,8376100.0,28.0,80.8,101.0,8000.0,99.0,142300.0,2892000000.0,2892000000.0,600090000.0,300.0,0.0,,0.0,0.0,0.0
2024-06-14,101.0,0.0,0.0,102.0,96.0,102.0,1.0,1501500.0,146581600.0,193.0,81.6,102.0,264100.0,97.0,1000.0,2892000000.0,2892000000.0,600090000.0,14900.0,0.0,,0.0,0.0,0.0
2024-06-19,102.0,0.0,0.0,99.0,95.0,99.0,-3.0,693900.0,66854200.0,82.0,79.2,99.0,21700.0,97.0,2600.0,2892000000.0,2892000000.0,600090000.0,5100.0,0.0,,0.0,0.0,0.0
2024-06-20,99.0,0.0,0.0,99.0,96.0,97.0,-2.0,113100.0,10925900.0,36.0,77.6,97.0,96500.0,96.0,6500.0,2892000000.0,2892000000.0,600090000.0,10200.0,0.0,,0.0,0.0,0.0
2024-06-21,97.0,0.0,0.0,101.0,96.0,97.0,0.0,11900.0,1159100.0,15.0,77.6,97.0,82600.0,96.0,22000.0,2892000000.0,2892000000.0,600090000.0,400.0,0.0,,0.0,0.0,0.0
2024-06-24,97.0,0.0,0.0,99.0,97.0,98.0,1.0,115000.0,11265900.0,20.0,78.4,99.0,11700.0,98.0,22900.0,2892000000.0,2892000000.0,600090000.0,4600.0,0.0,,0.0,0.0,0.0
2024-06-25,98.0,0.0,0.0,98.0,98.0,98.0,0.0,18400.0,1803200.0,10.0,78.4,98.0,79400.0,97.0,20100.0,2892000000.0,2892000000.0,600090000.0,2800.0,0.0,,0.0,0.0,0.0
2024-06-26,98.0,0.0,0.0,98.0,97.0,98.0,0.0,120400.0,11778900.0,6.0,78.4,99.0,43100.0,98.0,2900.0,2892000000.0,2892000000.0,600090000.0,40900.0,0.0,,0.0,0.0,0.0
2024-06-27,98.0,0.0,0.0,99.0,96.0,99.0,1.0,232800.0,22975300.0,20.0,79.2,99.0,192000.0,98.0,24700.0,2892000000.0,2892000000.0,600090000.0,0.0,0.0,,0.0,0.0,0.0
2024-06-28,99.0,0.0,0.0,100.0,98.0,100.0,1.0,340200.0,33536400.0,23.0,80.0,100.0,8300.0,98.0,10500.0,2892000000.0,2892000000.0,600090000.0,88400.0,0.0,,0.0,0.0,0.0
2024-07-01,100.0,0.0,0.0,100.0,98.0,100.0,0.0,125600.0,12476900.0,26.0,80.0,101.0,130200.0,100.0,500.0,2892000000.0,2892000000.0,600090000.0,58600.0,0.0,,0.0,0.0,0.0
2024-07-02,100.0,0.0,0.0,101.0,99.0,101.0,1.0,95900.0,9584800.0,37.0,80.8,101.0,82800.0,99.0,26700.0,2892000000.0,2892000000.0,600090000.0,28300.0,0.0,,0.0,0.0,0.0
2024-07-03,101.0,0.0,0.0,101.0,98.0,101.0,0.0,53800.0,5332000.0,27.0,80.8,101.0,50400.0,100.0,26400.0,2892000000.0,2892000000.0,600090000.0,31000.0,0.0,,0.0,0.0,0.0
2024-07-04,101.0,0.0,0.0,101.0,98.0,101.0,0.0,241700.0,24077400.0,60.0,80.8,101.0,48800.0,100.0,1000.0,2892000000.0,2892000000.0,600090000.0,0.0,0.0,,0.0,0.0,0.0
2024-07-05,101.0,0.0,0.0,101.0,99.0,99.0,-2.0,1702600.0,170187000.0,69.0,79.2,99.0,5800.0,98.0,13300.0,2892000000.0,2892000000.0,600090000.0,5800.0,0.0,,0.0,0.0,0.0
2024-07-08,99.0,0.0,0.0,118.0,97.0,100.0,1.0,506200.0,50366800.0,136.0,80.0,100.0,126800.0,99.0,20800.0,2892000000.0,2892000000.0,600090000.0,1700.0,0.0,,0.0,0.0,0.0
2024-07-09,100.0,0.0,0.0,100.0,97.0,100.0,0.0,340100.0,33448200.0,111.0,80.0,100.0,201900.0,97.0,20800.0,2892000000.0,2892000000.0,600090000.0,6700.0,0.0,,0.0,0.0,0.0
2024-07-10,100.0,0.0,0.0,100.0,96.0,99.0,-1.0,300900.0,29514700.0,90.0,79.2,100.0,136400.0,99.0,9500.0,2892000000.0,2892000000.0,600090000.0,10700.0,0.0,,0.0,0.0,0.0
2024-07-11,99.0,0.0,0.0,100.0,97.0,99.0,0.0,242400.0,23968500.0,42.0,79.2,100.0,360000.0,99.0,12100.0,2892000000.0,2892000000.0,600090000.0,110100.0,0.0,,0.0,0.0,0.0
2024-07-12,99.0,0.0,0.0,100.0,98.0,99.0,0.0,126700.0,12438700.0,53.0,79.2,100.0,179300.0,98.0,11900.0,2892000000.0,2892000000.0,600090000.0,0.0,0.0,,0.0,0.0,0.0
2024-07-15,99.0,0.0,0.0,100.0,98.0,100.0,1.0,172100.0,16930700.0,37.0,80.0,100.0,187700.0,98.0,59800.0,2892000000.0,2892000000.0,600090000.0,0.0,0.0,,0.0,0.0,0.0
2024-07-16,100.0,0.0,0.0,100.0,98.0,100.0,0.0,287400.0,28502500.0,37.0,80.0,100.0,143500.0,99.0,300.0,2892000000.0,2892000000.0,600090000.0,40000.0,0.0,,0.0,0.0,0.0
2024-07-17,100.0,0.0,0.0,100.0,98.0,99.0,-1.0,480100.0,47468800.0,51.0,79.2,100.0,129200.0,99.0,17200.0,2892000000.0,2892000000.0,600090000.0,29600.0,21100.0,,0.0,0.0,0.0
2024-07-18,99.0,0.0,0.0,99.0,97.0,99.0,0.0,163700.0,16073300.0,40.0,79.2,99.0,57100.0,97.0,28700.0,2892000000.0,2892000000.0,600090000.0,11100.0,0.0,,0.0,0.0,0.0
2024-07-19,99.0,0.0,0.0,99.0,97.0,99.0,0.0,71500.0,6976700.0,47.0,79.2,99.0,77400.0,97.0,86800.0,2892000000.0,2892000000.0,600090000.0,10000.0,0.0,,0.0,0.0,0.0
2024-07-22,99.0,0.0,0.0,99.0,97.0,99.0,0.0,368500.0,36131300.0,40.0,79.2,99.0,3500.0,98.0,100.0,2892000000.0,2892000000.0,600090000.0,0.0,0.0,,0.0,0.0,0.0
2024-07-23,99.0,0.0,0.0,99.0,98.0,98.0,-1.0,83600.0,8225800.0,13.0,78.4,99.0,21400.0,97.0,8200.0,2892000000.0,2892000000.0,600090000.0,0.0,0.0,,0.0,0.0,0.0
2024-07-24,98.0,0.0,0.0,100.0,97.0,98.0,0.0,61300.0,6004300.0,25.0,78.4,99.0,110200.0,97.0,33600.0,2892000000.0,2892000000.0,600090000.0,0.0,0.0,,0.0,0.0,0.0
2024-07-25,98.0,0.0,0.0,99.0,96.0,98.0,0.0,92000.0,8942600.0,26.0,78.4,98.0,5000.0,96.0,62100.0,2892000000.0,2892000000.0,600090000.0,0.0,14900.0,,0.0,0.0,0.0
2024-07-26,98.0,0.0,0.0,100.0,96.0,97.0,-1.0,455200.0,44851200.0,71.0,77.6,98.0,39900.0,97.0,19400.0,2892000000.0,2892000000.0,600090000.0,0.0,24200.0,,0.0,0.0,0.0
2024-07-29,97.0,0.0,0.0,99.0,96.0,98.0,1.0,411000.0,39742700.0,69.0,78.4,98.0,40100.0,97.0,29900.0,2892000000.0,2892000000.0,600090000.0,0.0,10000.0,,0.0,0.0,0.0
2024-07-30,98.0,0.0,0.0,98.0,96.0,98.0,0.0,85300.0,8276900.0,34.0,78.4,98.0,37600.0,96.0,53000.0,2892000000.0,2892000000.0,600090000.0,22400.0,0.0,,0.0,0.0,0.0
2024-07-31,98.0,0.0,0.0,98.0,95.0,98.0,0.0,371300.0,35884100.0,66.0,78.4,98.0,16400.0,96.0,23300.0,2892000000.0,2892000000.0,600090000.0,10000.0,0.0,,0.0,0.0,0.0
2024-08-01,98.0,0.0,0.0,100.0,96.0,100.0,2.0,137900.0,13545200.0,39.0,80.0,100.0,60600.0,97.0,36500.0,2892000000.0,2892000000.0,600090000.0,21300.0,0.0,,0.0,0.0,0.0
2024-08-02,100.0,0.0,0.0,100.0,97.0,99.0,-1.0,57200.0,5610500.0,18.0,79.2,99.0,40400.0,98.0,84000.0,2892000000.0,2892000000.0,600090000.0,0.0,0.0,,0.0,0.0,0.0
2024-08-05,99.0,0.0,0.0,100.0,94.0,99.0,0.0,362000.0,35322600.0,69.0,79.2,99.0,48700.0,96.0,9700.0,2892000000.0,2892000000.0,600090000.0,34600.0,17100.0,,0.0,0.0,0.0
2024-08-06,99.0,0.0,0.0,99.0,96.0,97.0,-2.0,19000.0,1855800.0,19.0,77.6,98.0,19800.0,97.0,2400.0,2892000000.0,2892000000.0,600090000.0,0.0,0.0,,0.0,0.0,0.0
2024-08-07,97.0,0.0,0.0,98.0,96.0,98.0,1.0,41600.0,4020800.0,20.0,78.4,98.0,24100.0,97.0,14500.0,2892000000.0,2892000000.0,600090000.0,0.0,0.0,,0.0,0.0,0.0
2024-08-08,98.0,0.0,0.0,98.0,96.0,98.0,0.0,94100.0,9151400.0,32.0,78.4,98.0,69300.0,96.0,19400.0,2892000000.0,2892000000.0,600090000.0,10100.0,0.0,,0.0,0.0,0.0
2024-08-09,98.0,0.0,0.0,98.0,90.0,96.0,-2.0,144600.0,13814800.0,51.0,76.8,98.0,34800.0,96.0,22900.0,2892000000.0,2892000000.0,600090000.0,0.0,20600.0,,0.0,0.0,0.0
2024-08-12,96.0,0.0,0.0,97.0,94.0,96.0,0.0,218600.0,20834000.0,48.0,76.8,96.0,299100.0,94.0,115800.0,2892000000.0,2892000000.0,600090000.0,10000.0,0.0,,0.0,0.0,0.0
2024-08-13,96.0,0.0,0.0,96.0,93.0,96.0,0.0,525300.0,49450500.0,68.0,76.8,96.0,5400.0,95.0,39400.0,2892000000.0,2892000000.0,600090000.0,11900.0,137000.0,,0.0,0.0,0.0
2024-08-14,96.0,0.0,0.0,97.0,94.0,97.0,1.0,155200.0,14798800.0,47.0,77.6,97.0,35600.0,94.0,38100.0,2892000000.0,2892000000.0,600090000.0,58000.0,0.0,,0.0,0.0,0.0
2024-08-15,97.0,0.0,0.0,97.0,95.0,95.0,-2.0,108300.0,10378600.0,23.0,76.0,97.0,31700.0,95.0,86600.0,2892000000.0,2892000000.0,600090000.0,0.0,0.0,,0.0,0.0,0.0
2024-08-16,95.0,0.0,0.0,97.0,93.0,96.0,1.0,86700.0,8195600.0,37.0,76.8,96.0,15200.0,95.0,1000.0,2892000000.0,2892000000.0,600090000.0,0.0,12900.0,,0.0,0.0,0.0
2024-08-19,96.0,0.0,0.0,95.0,94.0,95.0,-1.0,60200.0,5680700.0,23.0,76.0,95.0,45500.0,93.0,12900.0,2892000000.0,2892000000.0,600090000.0,0.0,0.0,,0.0,0.0,0.0
2024-08-20,95.0,0.0,0.0,95.0,91.0,95.0,0.0,87200.0,8155400.0,40.0,76.0,95.0,48900.0,94.0,500.0,2892000000.0,2892000000.0,600090000.0,0.0,0.0,,0.0,0.0,0.0
2024-08-21,95.0,0.0,0.0,96.0,94.0,95.0,0.0,117700.0,11106300.0,27.0,76.0,95.0,38300.0,94.0,25300.0,2892000000.0,2892000000.0,600090000.0,0.0,0.0,,0.0,0.0,0.0
2024-08-22,95.0,0.0,0.0,95.0,91.0,94.0,-1.0,127600.0,11802900.0,36.0,75.2,95.0,107000.0,94.0,22300.0,2892000000.0,2892000000.0,600090000.0,0.0,0.0,,0.0,0.0,0.0
2024-08-23,94.0,0.0,0.0,95.0,94.0,95.0,1.0,111100.0,10502900.0,22.0,76.0,95.0,50000.0,94.0,6900.0,2892000000.0,2892000000.0,600090000.0,0.0,0.0,,0.0,0.0,0.0
2024-08-26,95.0,0.0,0.0,96.0,94.0,95.0,0.0,183200.0,17338900.0,33.0,76.0,96.0,43100.0,95.0,25000.0,2892000000.0,2892000000.0,600090000.0,7000.0,10200.0,,0.0,0.0,0.0
2024-08-27,95.0,0.0,0.0,97.0,94.0,97.0,2.0,97700.0,9313300.0,38.0,77.6,97.0,35500.0,95.0,700.0,2892000000.0,2892000000.0,600090000.0,16100.0,0.0,,0.0,0.0,0.0
2024-08-28,97.0,0.0,0.0,96.0,95.0,95.0,-2.0,144300.0,13771600.0,17.0,76.0,96.0,61500.0,95.0,2000.0,2892000000.0,2892000000.0,600090000.0,44100.0,0.0,,0.0,0.0,0.0
2024-08-29,95.0,0.0,0.0,96.0,94.0,96.0,1.0,98300.0,9257200.0,21.0,76.8,96.0,39400.0,94.0,120700.0,2892000000.0,2892000000.0,600090000.0,0.0,10000.0,,0.0,0.0,0.0
2024-08-30,96.0,0.0,0.0,95.0,95.0,95.0,-1.0,193800.0,18411000.0,13.0,76.0,95.0,6700.0,94.0,28700.0,2892000000.0,2892000000.0,600090000.0,0.0,0.0,,0.0,0.0,0.0
2024-09-02,95.0,0.0,0.0,96.0,94.0,96.0,1.0,79900.0,7511900.0,21.0,76.8,96.0,118800.0,94.0,3200.0,2892000000.0,2892000000.0,600090000.0,0.0,0.0,,0.0,0.0,0.0
2024-09-03,96.0,0.0,0.0,95.0,90.0,95.0,-1.0,313200.0,28825500.0,57.0,76.0,95.0,46400.0,92.0,100500.0,2892000000.0,2892000000.0,600090000.0,0.0,0.0,,0.0,0.0,0.0
2024-09-04,95.0,0.0,0.0,95.0,94.0,95.0,0.0,132900.0,12552600.0,32.0,76.0,95.0,25800.0,94.0,48900.0,2892000000.0,2892000000.0,600090000.0,0.0,0.0,,0.0,0.0,0.0
2024-09-05,95.0,0.0,0.0,98.0,93.0,94.0,-1.0,207000.0,19636500.0,151.0,75.2,95.0,2000.0,93.0,30000.0,2892000000.0,2892000000.0,600090000.0,27700.0,29900.0,,0.0,0.0,0.0
2024-09-06,94.0,0.0,0.0,96.0,94.0,95.0,1.0,26800.0,2537000.0,19.0,76.0,95.0,6300.0,94.0,45300.0,2892000000.0,2892000000.0,600090000.0,6300.0,0.0,,0.0,0.0,0.0
2024-09-09,95.0,0.0,0.0,94.0,93.0,94.0,-1.0,137600.0,12850800.0,31.0,75.2,94.0,31300.0,93.0,17200.0,2892000000.0,2892000000.0,600090000.0,0.0,0.0,,0.0,0.0,0.0
2024-09-10,94.0,0.0,0.0,94.0,91.0,93.0,-1.0,121800.0,11214100.0,35.0,74.4,93.0,46700.0,92.0,1300.0,2892000000.0,2892000000.0,600090000.0,9400.0,0.0,,0.0,0.0,0.0
2024-09-11,93.0,0.0,0.0,94.0,92.0,94.0,1.0,117200.0,10857300.0,32.0,75.2,94.0,74100.0,91.0,103500.0,2892000000.0,2892000000.0,600090000.0,0.0,1500.0,,0.0,0.0,0.0
2024-09-12,94.0,0.0,0.0,95.0,93.0,94.0,0.0,118200.0,11107700.0,25.0,75.2,94.0,5000.0,93.0,5300.0,2892000000.0,2892000000.0,600090000.0,0.0,0.0,,0.0,0.0,0.0
2024-09-13,94.0,0.0,0.0,94.0,92.0,93.0,-1.0,27900.0,2610400.0,15.0,74.4,94.0,5200.0,93.0,2000.0,2892000000.0,2892000000.0,600090000.0,0.0,0.0,,0.0,0.0,0.0
2024-09-17,93.0,0.0,0.0,95.0,92.0,95.0,2.0,384600.0,35855300.0,33.0,76.0,95.0,63700.0,94.0,35500.0,2892000000.0,2892000000.0,600090000.0,0.0,0.0,,0.0,0.0,0.0
2024-09-18,95.0,0.0,0.0,94.0,93.0,94.0,-1.0,14700.0,1378500.0,9.0,75.2,94.0,8300.0,93.0,234700.0,2892000000.0,2892000000.0,600090000.0,0.0,0.0,,0.0,0.0,0.0
2024-09-19,94.0,0.0,0.0,96.0,93.0,96.0,2.0,84800.0,8007900.0,40.0,76.8,95.0,110900.0,94.0,74900.0,2892000000.0,2892000000.0,600090000.0,0.0,10800.0,,0.0,0.0,0.0
2024-09-20,96.0,0.0,0.0,96.0,94.0,94.0,-2.0,205200.0,19503300.0,26.0,75.2,95.0,462300.0,94.0,1100.0,2892000000.0,2892000000.0,600090000.0,56700.0,28700.0,,0.0,0.0,0.0
2024-09-23,94.0,0.0,0.0,95.0,94.0,94.0,0.0,21400.0,2021800.0,8.0,75.2,94.0,36700.0,93.0,14200.0,2892000000.0,2892000000.0,600090000.0,0.0,0.0,,0.0,0.0,0.0
2024-09-24,94.0,0.0,0.0,94.0,93.0,93.0,-1.0,21600.0,2019600.0,22.0,74.4,94.0,138000.0,93.0,5100.0,2892000000.0,2892000000.0,600090000.0,0.0,0.0,,0.0,0.0,0.0
2024-09-25,93.0,0.0,0.0,94.0,90.0,93.0,0.0,278800.0,25616200.0,49.0,74.4,93.0,21500.0,91.0,7700.0,2892000000.0,2892000000.0,600090000.0,9500.0,54100.0,,0.0,0.0,0.0
2024-09-26,93.0,0.0,0.0,125.0,90.0,106.0,13.0,36449400.0,4241618600.0,5072.0,84.8,106.0,57600.0,105.0,38600.0,2892000000.0,2892000000.0,600090000.0,797800.0,756100.0,,0.0,0.0,0.0
2024-09-27,106.0,0.0,0.0,111.0,101.0,102.0,-4.0,5604100.0,588804600.0,1005.0,81.6,104.0,25900.0,102.0,100.0,2892000000.0,2892000000.0,600090000.0,72400.0,150200.0,,0.0,0.0,0.0
2024-09-30,102.0,0.0,0.0,113.0,93.0,104.0,2.0,11112000.0,1168752400.0,1538.0,83.2,104.0,224800.0,103.0,72200.0,2892000000.0,2892000000.0,600090000.0,270500.0,229200.0,,0.0,0.0,0.0
2024-10-01,104.0,0.0,0.0,127.0,95.0,114.0,10.0,33611300.0,3943810100.0,5117.0,91.2,114.0,255100.0,113.0,103600.0,2892000000.0,2892000000.0,600090000.0,831500.0,866500.0,,0.0,0.0,0.0
2024-10-02,114.0,0.0,0.0,115.0,106.0,107.0,-7.0,3229200.0,354649300.0,542.0,85.6,108.0,21500.0,107.0,19900.0,2892000000.0,2892000000.0,600090000.0,211600.0,159700.0,,0.0,0.0,0.0
2024-10-03,107.0,0.0,0.0,109.0,98.0,106.0,-1.0,842000.0,89494700.0,208.0,84.8,106.0,11700.0,105.0,33400.0,2892000000.0,2892000000.0,600090000.0,73800.0,65800.0,,0.0,0.0,0.0
2024-10-04,106.0,0.0,0.0,112.0,96.0,102.0,-4.0,2783700.0,295733700.0,468.0,81.6,103.0,20000.0,102.0,47000.0,2892000000.0,2892000000.0,600090000.0,158100.0,181500.0,,0.0,0.0,0.0
2024-10-07,102.0,0.0,0.0,116.0,93.0,101.0,-1.0,9858300.0,1064961000.0,1276.0,80.8,102.0,3100.0,101.0,140400.0,2892000000.0,2892000000.0,600090000.0,167100.0,229900.0,,0.0,0.0,0.0
2024-10-08,101.0,0.0,0.0,122.0,92.0,103.0,2.0,20340100.0,2259787000.0,2255.0,82.4,104.0,34000.0,103.0,4300.0,2892000000.0,2892000000.0,600090000.0,230900.0,205400.0,,0.0,0.0,0.0
2024-10-09,103.0,0.0,0.0,110.0,94.0,106.0,3.0,2509200.0,266650800.0,418.0,84.8,107.0,38400.0,106.0,35100.0,2892000000.0,2892000000.0,600090000.0,101800.0,107400.0,,0.0,0.0,0.0
2024-10-10,106.0,0.0,0.0,108.0,97.0,105.0,-1.0,1139000.0,120195400.0,183.0,84.0,105.0,63700.0,104.0,10700.0,2892000000.0,2892000000.0,600090000.0,0.0,20600.0,,0.0,0.0,0.0
2024-10-11,105.0,0.0,0.0,106.0,95.0,102.0,-3.0,838900.0,86143700.0,122.0,81.6,102.0,7800.0,101.0,86000.0,2892000000.0,2892000000.0,600090000.0,45000.0,74800.0,,0.0,0.0,0.0
2024-10-14,102.0,0.0,0.0,137.0,93.0,137.0,35.0,95150000.0,12368078000.0,4900.0,109.6,0.0,0.0,137.0,64134800.0,2892000000.0,2892000000.0,600090000.0,644300.0,551200.0,,0.0,0.0,0.0
2024-10-15,137.0,0.0,0.0,147.0,115.0,118.0,-19.0,67147600.0,8354115200.0,5488.0,94.4,118.0,237900.0,117.0,272300.0,2892000000.0,2892000000.0,600090000.0,837200.0,789200.0,,0.0,0.0,0.0
2024-10-16,118.0,0.0,0.0,122.0,108.0,118.0,0.0,9260200.0,1089967500.0,1164.0,94.4,118.0,325300.0,117.0,9000.0,2892000000.0,2892000000.0,600090000.0,169100.0,157900.0,,0.0,0.0,0.0
2024-10-17,118.0,0.0,0.0,122.0,116.0,119.0,1.0,9583900.0,1140785700.0,1131.0,95.2,120.0,273300.0,119.0,30400.0,2892000000.0,2892000000.0,600090000.0,195600.0,244100.0,,0.0,0.0,0.0
2024-10-18,119.0,0.0,0.0,121.0,117.0,117.0,-2.0,4470500.0,527121900.0,460.0,93.6,117.0,218900.0,116.0,293800.0,2892000000.0,2892000000.0,600090000.0,47700.0,99300.0,,0.0,0.0,0.0
2024-10-21,117.0,0.0,0.0,119.0,107.0,115.0,-2.0,2318800.0,268858800.0,247.0,92.0,117.0,105900.0,115.0,173300.0,2892000000.0,2892000000.0,600090000.0,104200.0,10000.0,,0.0,0.0,0.0
2024-10-22,115.0,0.0,0.0,118.0,110.0,111.0,-4.0,4643400.0,521898400.0,480.0,88.8,112.0,50000.0,110.0,290100.0,2892000000.0,2892000000.0,600090000.0,17600.0,147000.0,,0.0,0.0,0.0
2024-10-23,111.0,0.0,0.0,113.0,102.0,107.0,-4.0,3814700.0,415714100.0,524.0,85.6,107.0,44800.0,106.0,254300.0,2892000000.0,2892000000.0,600090000.0,86600.0,34700.0,,0.0,0.0,0.0
2024-10-24,107.0,0.0,0.0,116.0,105.0,107.0,0.0,5487000.0,606952100.0,702.0,85.6,107.0,82400.0,106.0,84200.0,2892000000.0,2892000000.0,600090000.0,119400.0,137800.0,,0.0,0.0,0.0
2024-10-25,107.0,0.0,0.0,111.0,105.0,106.0,-1.0,973100.0,103918700.0,240.0,84.8,106.0,700.0,105.0,213200.0,2892000000.0,2892000000.0,600090000.0,35500.0,7300.0,,0.0,0.0,0.0
2024-10-28,106.0,0.0,0.0,108.0,100.0,106.0,0.0,1386400.0,146818100.0,180.0,84.8,106.0,57100.0,105.0,584000.0,2892000000.0,2892000000.0,600090000.0,37100.0,81300.0,,0.0,0.0,0.0
2024-10-29,106.0,0.0,0.0,111.0,100.0,104.0,-2.0,2224900.0,235302700.0,517.0,83.2,106.0,66600.0,104.0,297000.0,2892000000.0,2892000000.0,600090000.0,108200.0,90400.0,,0.0,0.0,0.0
2024-10-30,104.0,0.0,0.0,106.0,95.0,104.0,0.0,793200.0,82702200.0,159.0,83.2,105.0,51100.0,103.0,170600.0,2892000000.0,2892000000.0,600090000.0,6700.0,0.0,,0.0,0.0,0.0
2024-10-31,104.0,0.0,0.0,106.0,94.0,104.0,0.0,634400.0,66219300.0,109.0,83.2,105.0,33700.0,104.0,33700.0,2892000000.0,2892000000.0,600090000.0,19400.0,0.0,,0.0,0.0,0.0
2024-11-01,104.0,0.0,0.0,107.0,95.0,105.0,1.0,723200.0,76222100.0,108.0,84.0,105.0,74500.0,104.0,119600.0,2892000000.0,2892000000.0,600090000.0,0.0,24900.0,,0.0,0.0,0.0
2024-11-04,105.0,0.0,0.0,106.0,95.0,105.0,0.0,580300.0,60288200.0,209.0,84.0,105.0,115900.0,104.0,52900.0,2892000000.0,2892000000.0,600090000.0,0.0,10000.0,,0.0,0.0,0.0
2024-11-05,105.0,0.0,0.0,106.0,95.0,104.0,-1.0,865400.0,89618900.0,142.0,83.2,104.0,200200.0,103.0,49900.0,2892000000.0,2892000000.0,600090000.0,15100.0,20700.0,,0.0,0.0,0.0
2024-11-06,104.0,0.0,0.0,105.0,100.0,102.0,-2.0,1561900.0,159419400.0,166.0,81.6,102.0,133100.0,101.0,112100.0,2892000000.0,2892000000.0,600090000.0,83700.0,14100.0,,0.0,0.0,0.0
2024-11-07,102.0,0.0,0.0,105.0,92.0,103.0,1.0,884700.0,89886100.0,113.0,82.4,103.0,76300.0,102.0,121600.0,2892000000.0,2892000000.0,600090000.0,37800.0,116000.0,,0.0,0.0,0.0
2024-11-08,103.0,0.0,0.0,104.0,93.0,101.0,-2.0,715500.0,73095700.0,96.0,80.8,103.0,248400.0,100.0,150900.0,2892000000.0,2892000000.0,600090000.0,18300.0,20800.0,,0.0,0.0,0.0
2024-11-11,101.0,0.0,0.0,102.0,98.0,101.0,0.0,863900.0,87033500.0,110.0,80.8,102.0,18700.0,101.0,184900.0,2892000000.0,2892000000.0,600090000.0,0.0,44400.0,,0.0,0.0,0.0
2024-11-12,101.0,0.0,0.0,103.0,92.0,96.0,-5.0,833200.0,81480400.0,177.0,76.8,99.0,52400.0,96.0,504000.0,2892000000.0,2892000000.0,600090000.0,0.0,0.0,,0.0,0.0,0.0
2024-11-13,96.0,0.0,0.0,99.0,87.0,99.0,3.0,580900.0,56116000.0,119.0,79.2,99.0,60800.0,95.0,158500.0,2892000000.0,2892000000.0,600090000.0,0.0,100.0,,0.0,0.0,0.0
2024-11-14,99.0,0.0,0.0,99.0,90.0,97.0,-2.0,328800.0,31710200.0,73.0,77.6,97.0,10100.0,96.0,5100.0,2892000000.0,2892000000.0,600090000.0,0.0,100.0,,0.0,0.0,0.0
2024-11-15,97.0,0.0,0.0,100.0,94.0,95.0,-2.0,561900.0,53914300.0,118.0,76.0,95.0,7100.0,94.0,124700.0,2892000000.0,2892000000.0,600090000.0,0.0,0.0,,0.0,0.0,0.0
2024-11-18,95.0,0.0,0.0,98.0,86.0,95.0,0.0,313000.0,29997900.0,58.0,76.0,98.0,36800.0,95.0,8200.0,2892000000.0,2892000000.0,600090000.0,0.0,0.0,,0.0,0.0,0.0
2024-11-19,95.0,0.0,0.0,98.0,93.0,95.0,0.0,284800.0,27182900.0,77.0,76.0,96.0,38100.0,95.0,3600.0,2892000000.0,2892000000.0,600090000.0,400.0,0.0,,0.0,0.0,0.0
2024-11-20,95.0,0.0,0.0,97.0,86.0,94.0,-1.0,2661700.0,246552900.0,208.0,75.2,94.0,39700.0,93.0,3100.0,2892000000.0,2892000000.0,600090000.0,32800.0,0.0,,0.0,0.0,0.0
2024-11-21,94.0,0.0,0.0,94.0,81.0,91.0,-3.0,1141700.0,102361900.0,154.0,72.8,92.0,80000.0,91.0,35900.0,2892000000.0,2892000000.0,600090000.0,19800.0,0.0,,0.0,0.0,0.0
2024-11-22,91.0,0.0,0.0,94.0,82.0,92.0,1.0,289000.0,26509000.0,113.0,73.6,93.0,44300.0,91.0,25800.0,2892000000.0,2892000000.0,600090000.0,0.0,26000.0,,0.0,0.0,0.0
2024-11-25,92.0,0.0,0.0,95.0,84.0,94.0,2.0,167500.0,15703100.0,53.0,75.2,94.0,131500.0,93.0,24000.0,2892000000.0,2892000000.0,600090000.0,0.0,0.0,,0.0,0.0,0.0
2024-11-26,94.0,0.0,0.0,100.0,85.0,95.0,1.0,874900.0,82904700.0,142.0,76.0,96.0,20000.0,95.0,15500.0,2892000000.0,2892000000.0,600090000.0,0.0,25900.0,,0.0,0.0,0.0
2024-11-28,95.0,0.0,0.0,96.0,86.0,95.0,0.0,246800.0,23356800.0,46.0,76.0,95.0,490800.0,94.0,25800.0,2892000000.0,2892000000.0,600090000.0,0.0,37800.0,,0.0,0.0,0.0
2024-11-29,95.0,0.0,0.0,97.0,86.0,94.0,-1.0,886300.0,82382400.0,113.0,75.2,94.0,108200.0,91.0,379900.0,2892000000.0,2892000000.0,600090000.0,40700.0,187900.0,,0.0,0.0,0.0
2024-12-02,94.0,0.0,0.0,94.0,85.0,91.0,-3.0,241200.0,22030800.0,79.0,72.8,92.0,77900.0,91.0,28100.0,2892000000.0,2892000000.0,600090000.0,0.0,0.0,,0.0,0.0,0.0
2024-12-03,91.0,0.0,0.0,100.0,83.0,92.0,1.0,884800.0,83309200.0,97.0,73.6,95.0,27000.0,92.0,101000.0,2892000000.0,2892000000.0,600090000.0,0.0,0.0,,0.0,0.0,0.0
2024-12-04,92.0,0.0,0.0,99.0,83.0,94.0,2.0,108300.0,10222800.0,80.0,75.2,95.0,14800.0,94.0,15100.0,2892000000.0,2892000000.0,600090000.0,0.0,0.0,,0.0,0.0,0.0
2024-12-05,94.0,0.0,0.0,98.0,86.0,94.0,0.0,318200.0,29520700.0,64.0,75.2,94.0,57000.0,93.0,10800.0,2892000000.0,2892000000.0,600090000.0,0.0,0.0,,0.0,0.0,0.0
2024-12-06,94.0,0.0,0.0,95.0,86.0,94.0,0.0,5709800.0,531072600.0,34.0,75.2,95.0,227400.0,94.0,22500.0,2892000000.0,2892000000.0,600090000.0,0.0,0.0,,0.0,0.0,0.0
2024-12-09,94.0,94.0,94.0,96.0,93.0,95.0,1.0,1574700.0,149306300.0,103.0,76.0,95.0,6100.0,94.0,175500.0,2892000000.0,2892000000.0,600090000.0,0.0,56400.0,,0.0,0.0,0.0
2024-12-10,95.0,96.0,96.0,98.0,95.0,96.0,1.0,786100.0,75441400.0,65.0,76.8,97.0,125600.0,96.0,72300.0,2892000000.0,2892000000.0,600090000.0,0.0,404700.0,,0.0,0.0,0.0
2024-12-11,96.0,96.0,97.0,98.0,95.0,97.0,1.0,412600.0,39988100.0,72.0,77.6,98.0,34400.0,97.0,700.0,2892000000.0,2892000000.0,600090000.0,0.0,0.0,,0.0,0.0,0.0
2024-12-12,97.0,96.0,98.0,103.0,96.0,98.0,1.0,619500.0,62083600.0,248.0,78.4,98.0,5700.0,97.0,55900.0,2892000000.0,2892000000.0,600090000.0,0.0,5400.0,,0.0,0.0,0.0
2024-12-13,98.0,98.0,102.0,102.0,97.0,98.0,0.0,183300.0,18272900.0,54.0,78.4,98.0,74600.0,97.0,19700.0,2892000000.0,2892000000.0,600090000.0,0.0,0.0,,0.0,0.0,0.0
2024-12-16,98.0,98.0,98.0,107.0,97.0,97.0,-1.0,1577000.0,160301600.0,347.0,77.6,99.0,56400.0,97.0,48600.0,2892000000.0,2892000000.0,600090000.0,60500.0,0.0,,0.0,0.0,0.0
2024-12-17,97.0,100.0,100.0,104.0,98.0,100.0,3.0,946000.0,94597600.0,219.0,80.0,100.0,66700.0,99.0,82500.0,2892000000.0,2892000000.0,600090000.0,60200.0,54100.0,,0.0,0.0,0.0
2024-12-18,100.0,100.0,101.0,104.0,100.0,100.0,0.0,383300.0,38623000.0,89.0,80.0,102.0,36900.0,100.0,20100.0,2892000000.0,2892000000.0,600090000.0,0.0,22700.0,,0.0,0.0,0.0
2024-12-19,100.0,101.0,102.0,104.0,101.0,101.0,1.0,1884400.0,191524300.0,173.0,80.8,102.0,14100.0,101.0,28700.0,2892000000.0,2892000000.0,600090000.0,0.0,43000.0,,0.0,0.0,0.0
2024-12-20,101.0,101.0,102.0,107.0,101.0,104.0,3.0,2553300.0,265779400.0,267.0,83.2,104.0,30500.0,103.0,34500.0,2892000000.0,2892000000.0,600090000.0,0.0,0.0,,0.0,0.0,0.0
2024-12-23,104.0,104.0,105.0,114.0,104.0,105.0,1.0,4079400.0,447822400.0,453.0,84.0,108.0,200.0,105.0,18800.0,2892000000.0,2892000000.0,600090000.0,165600.0,59000.0,,0.0,0.0,0.0
2024-12-24,105.0,0.0,0.0,116.0,105.0,114.0,9.0,3678200.0,411744300.0,378.0,91.2,114.0,322500.0,110.0,7500.0,2892000000.0,2892000000.0,600090000.0,225700.0,0.0,,0.0,0.0,0.0
2024-12-27,114.0,115.0,115.0,123.0,108.0,116.0,2.0,5867100.0,691693800.0,435.0,92.8,118.0,145200.0,116.0,2100.0,2892000000.0,2892000000.0,600090000.0,230100.0,76200.0,,0.0,0.0,0.0
2024-12-30,116.0,115.0,115.0,126.0,110.0,118.0,2.0,12796100.0,1561947700.0,588.0,94.4,119.0,29000.0,118.0,2000.0,2892000000.0,2892000000.0,600090000.0,1416700.0,139500.0,,0.0,0.0,0.0
2025-01-02,118.0,120.0,120.0,125.0,109.0,114.0,-4.0,8485200.0,1003525500.0,910.0,91.2,117.0,100.0,114.0,290800.0,2892000000.0,2892000000.0,592281600.0,0.0,0.0,,0.0,0.0,0.0
2025-01-03,114.0,116.0,115.0,116.0,112.0,114.0,0.0,929300.0,106406000.0,127.0,91.2,115.0,35100.0,114.0,75000.0,2892000000.0,2892000000.0,592281600.0,0.0,162000.0,,0.0,0.0,0.0
2025-01-06,114.0,114.0,114.0,116.0,109.0,112.0,-2.0,1118300.0,124780000.0,173.0,89.6,112.0,17300.0,111.0,64800.0,2892000000.0,2892000000.0,592281600.0,0.0,0.0,,0.0,0.0,0.0
2025-01-07,112.0,114.0,114.0,114.0,112.0,114.0,2.0,160000.0,18094900.0,69.0,91.2,114.0,139800.0,113.0,8800.0,2892000000.0,2892000000.0,592281600.0,0.0,0.0,,0.0,0.0,0.0
2025-01-08,114.0,0.0,0.0,114.0,104.0,109.0,-5.0,801500.0,88107800.0,194.0,87.2,109.0,45700.0,108.0,146300.0,2892000000.0,2892000000.0,592281600.0,0.0,0.0,,0.0,0.0,0.0
2025-01-09,109.0,110.0,109.0,111.0,108.0,108.0,-1.0,287600.0,31220900.0,93.0,86.4,111.0,17800.0,108.0,15500.0,2892000000.0,2892000000.0,592281600.0,0.0,27900.0,,0.0,0.0,0.0
2025-01-10,108.0,0.0,0.0,111.0,104.0,111.0,3.0,374900.0,40125500.0,91.0,88.8,111.0,59400.0,110.0,200.0,2892000000.0,2892000000.0,592281600.0,0.0,0.0,,0.0,0.0,0.0
2025-01-13,111.0,0.0,0.0,113.0,108.0,109.0,-2.0,53800.0,5895100.0,52.0,87.2,110.0,8100.0,109.0,26700.0,2892000000.0,2892000000.0,592281600.0,0.0,0.0,,0.0,0.0,0.0
2025-01-14,109.0,0.0,0.0,113.0,107.0,111.0,2.0,794900.0,87318800.0,100.0,88.8,111.0,55800.0,109.0,9900.0,2892000000.0,2892000000.0,592281600.0,177100.0,0.0,,0.0,0.0,0.0
2025-01-15,111.0,0.0,0.0,111.0,108.0,109.0,-2.0,191100.0,20912000.0,64.0,87.2,109.0,11500.0,108.0,19400.0,2892000000.0,2892000000.0,592281600.0,0.0,0.0,,0.0,0.0,0.0
2025-01-16,109.0,0.0,0.0,112.0,103.0,109.0,0.0,878500.0,93621400.0,142.0,87.2,109.0,22800.0,107.0,3300.0,2892000000.0,2892000000.0,592281600.0,0.0,34700.0,,0.0,0.0,0.0
2025-01-17,109.0,109.0,109.0,109.0,106.0,106.0,-3.0,221200.0,23634300.0,67.0,84.8,107.0,10700.0,106.0,12700.0,2892000000.0,2892000000.0,592281600.0,0.0,0.0,,0.0,0.0,0.0
2025-01-20,106.0,106.0,107.0,108.0,105.0,108.0,2.0,305900.0,32489200.0,85.0,86.4,108.0,33400.0,107.0,1000.0,2892000000.0,2892000000.0,592281600.0,0.0,0.0,,0.0,0.0,0.0
2025-01-21,108.0,0.0,0.0,108.0,103.0,107.0,-1.0,817900.0,86622200.0,116.0,85.6,107.0,10900.0,106.0,400.0,2892000000.0,2892000000.0,592281600.0,0.0,0.0,,0.0,0.0,0.0
2025-01-22,107.0,0.0,0.0,108.0,105.0,106.0,-1.0,126600.0,13427700.0,25.0,84.8,107.0,87900.0,106.0,16300.0,2892000000.0,2892000000.0,592281600.0,0.0,0.0,,0.0,0.0,0.0
2025-01-23,106.0,107.0,106.0,107.0,104.0,106.0,0.0,263100.0,27772200.0,73.0,84.8,106.0,6800.0,105.0,11000.0,2892000000.0,2892000000.0,592281600.0,0.0,0.0,,0.0,0.0,0.0
2025-01-24,106.0,106.0,106.0,107.0,104.0,107.0,1.0,74100.0,7779100.0,42.0,85.6,107.0,38600.0,106.0,600.0,2892000000.0,2892000000.0,592281600.0,0.0,0.0,,0.0,0.0,0.0
2025-01-30,107.0,0.0,0.0,107.0,100.0,106.0,-1.0,132400.0,13822700.0,67.0,84.8,106.0,61100.0,105.0,66100.0,2892000000.0,2892000000.0,592281600.0,0.0,0.0,,0.0,0.0,0.0
2025-01-31,106.0,0.0,0.0,107.0,105.0,106.0,0.0,111500.0,11772600.0,33.0,84.8,106.0,3000.0,105.0,18200.0,2892000000.0,2892000000.0,592281600.0,0.0,40500.0,,0.0,0.0,0.0
2025-02-03,106.0,108.0,108.0,108.0,105.0,106.0,0.0,107700.0,11437500.0,39.0,84.8,107.0,49000.0,106.0,3200.0,2892000000.0,2892000000.0,592281600.0,0.0,0.0,,0.0,0.0,0.0
2025-02-04,106.0,0.0,0.0,111.0,106.0,109.0,3.0,695200.0,75506000.0,78.0,87.2,109.0,10300.0,106.0,35200.0,2892000000.0,2892000000.0,592281600.0,80200.0,26700.0,,0.0,0.0,0.0
2025-02-05,109.0,0.0,0.0,111.0,108.0,111.0,2.0,522000.0,57005100.0,69.0,88.8,111.0,7000.0,110.0,5100.0,2892000000.0,2892000000.0,592281600.0,0.0,39100.0,,0.0,0.0,0.0
2025-02-06,111.0,111.0,111.0,111.0,108.0,108.0,-3.0,131400.0,14324500.0,40.0,86.4,110.0,8600.0,107.0,43700.0,2892000000.0,2892000000.0,592281600.0,0.0,0.0,,0.0,0.0,0.0
2025-02-07,108.0,0.0,0.0,110.0,105.0,110.0,2.0,387400.0,42171400.0,53.0,88.0,110.0,50000.0,109.0,3000.0,2892000000.0,2892000000.0,592281600.0,19800.0,51600.0,,0.0,0.0,0.0
2025-02-10,110.0,0.0,0.0,112.0,108.0,109.0,-1.0,658400.0,72663200.0,107.0,87.2,112.0,1100.0,109.0,58200.0,2892000000.0,2892000000.0,592281600.0,0.0,177400.0,,0.0,0.0,0.0
2025-02-11,109.0,0.0,0.0,122.0,109.0,111.0,2.0,1936600.0,220786400.0,397.0,88.8,111.0,13600.0,110.0,80600.0,2892000000.0,2892000000.0,592281600.0,25300.0,160400.0,,0.0,0.0,0.0
2025-02-12,111.0,0.0,0.0,114.0,109.0,110.0,-1.0,288100.0,31953600.0,123.0,88.0,111.0,8900.0,110.0,13600.0,2892000000.0,2892000000.0,592281600.0,0.0,0.0,,0.0,0.0,0.0
2025-02-13,110.0,110.0,110.0,110.0,107.0,109.0,-1.0,350100.0,37962300.0,95.0,87.2,108.0,20000.0,107.0,72300.0,2892000000.0,2892000000.0,592281600.0,0.0,25800.0,,0.0,0.0,0.0
2025-02-14,109.0,109.0,109.0,110.0,107.0,108.0,-1.0,313300.0,33865800.0,77.0,86.4,108.0,34600.0,107.0,51100.0,2892000000.0,2892000000.0,592281600.0,0.0,29600.0,,0.0,0.0,0.0
2025-02-17,108.0,109.0,108.0,115.0,107.0,115.0,7.0,373100.0,41177200.0,78.0,92.0,114.0,16600.0,110.0,8300.0,2892000000.0,2892000000.0,592281600.0,19500.0,0.0,,0.0,0.0,0.0
2025-02-18,115.0,115.0,114.0,115.0,110.0,111.0,-4.0,303200.0,33992600.0,65.0,88.8,111.0,60600.0,110.0,94700.0,2892000000.0,2892000000.0,592281600.0,14800.0,0.0,,0.0,0.0,0.0
2025-02-19,111.0,110.0,110.0,113.0,109.0,113.0,2.0,235800.0,25946000.0,47.0,90.4,113.0,80400.0,110.0,50000.0,2892000000.0,2892000000.0,592281600.0,0.0,0.0,,0.0,0.0,0.0
2025-02-20,113.0,0.0,0.0,113.0,110.0,112.0,-1.0,88000.0,9708500.0,32.0,89.6,112.0,28300.0,110.0,43300.0,2892000000.0,2892000000.0,592281600.0,27400.0,0.0,,0.0,0.0,0.0
2025-02-21,112.0,113.0,113.0,114.0,109.0,110.0,-2.0,234000.0,26152200.0,51.0,88.0,111.0,50000.0,110.0,3900.0,2892000000.0,2892000000.0,592281600.0,0.0,0.0,,0.0,0.0,0.0
2025-02-24,110.0,0.0,0.0,112.0,108.0,108.0,-2.0,155500.0,16927300.0,56.0,86.4,110.0,5600.0,108.0,53200.0,2892000000.0,2892000000.0,592281600.0,0.0,0.0,,0.0,0.0,0.0
2025-02-25,108.0,0.0,0.0,110.0,105.0,106.0,-2.0,551700.0,58592700.0,94.0,84.8,107.0,1700.0,106.0,19400.0,2892000000.0,2892000000.0,592281600.0,0.0,0.0,,0.0,0.0,0.0
2025-02-26,106.0,101.0,102.0,110.0,101.0,109.0,3.0,298400.0,32233300.0,67.0,87.2,110.0,12000.0,109.0,7000.0,2892000000.0,2892000000.0,592281600.0,94900.0,0.0,,0.0,0.0,0.0
2025-02-27,109.0,109.0,109.0,109.0,107.0,109.0,0.0,87900.0,9491400.0,37.0,87.2,110.0,63900.0,109.0,10400.0,2892000000.0,2892000000.0,592281600.0,0.0,0.0,,0.0,0.0,0.0
2025-02-28,109.0,106.0,106.0,120.0,106.0,111.0,2.0,929300.0,102295200.0,193.0,88.8,111.0,21400.0,108.0,56200.0,2892000000.0,2892000000.0,592281600.0,41600.0,80500.0,,0.0,0.0,0.0
2025-03-03,111.0,111.0,111.0,112.0,108.0,111.0,0.0,286500.0,31486500.0,47.0,88.8,112.0,108500.0,111.0,5100.0,2892000000.0,2892000000.0,592281600.0,6400.0,0.0,,0.0,0.0,0.0
2025-03-04,111.0,111.0,111.0,112.0,108.0,112.0,1.0,380500.0,41905600.0,47.0,89.6,112.0,52400.0,108.0,185500.0,2892000000.0,2892000000.0,592281600.0,0.0,0.0,,0.0,0.0,0.0
2025-03-05,112.0,0.0,0.0,112.0,110.0,110.0,-2.0,118000.0,13062500.0,53.0,88.0,112.0,85300.0,110.0,117300.0,2892000000.0,2892000000.0,592281600.0,0.0,0.0,,0.0,0.0,0.0
2025-03-06,110.0,110.0,111.0,112.0,110.0,111.0,1.0,138200.0,15289600.0,45.0,88.8,112.0,201600.0,111.0,70100.0,2892000000.0,2892000000.0,592281600.0,0.0,0.0,,0.0,0.0,0.0
2025-03-07,111.0,0.0,0.0,118.0,110.0,116.0,5.0,254400.0,28972600.0,50.0,92.8,116.0,45500.0,113.0,1000.0,2892000000.0,2892000000.0,592281600.0,0.0,0.0,,0.0,0.0,0.0
2025-03-10,116.0,116.0,116.0,121.0,115.0,116.0,0.0,1232400.0,144490600.0,185.0,92.8,117.0,26200.0,115.0,25000.0,2892000000.0,2892000000.0,592281600.0,45600.0,39300.0,,0.0,0.0,0.0
2025-03-11,116.0,0.0,0.0,141.0,114.0,115.0,-1.0,16850700.0,2140932400.0,2923.0,92.0,118.0,77400.0,115.0,4700400.0,2892000000.0,2892000000.0,592281600.0,758700.0,753100.0,,0.0,0.0,0.0
2025-03-12,115.0,116.0,117.0,127.0,112.0,117.0,2.0,4428600.0,527666900.0,1136.0,93.6,119.0,45200.0,117.0,5400.0,2892000000.0,2892000000.0,592281600.0,342900.0,267300.0,,0.0,0.0,0.0
2025-03-13,117.0,116.0,116.0,120.0,113.0,116.0,-1.0,752000.0,87099000.0,383.0,92.8,119.0,61300.0,116.0,82300.0,2892000000.0,2892000000.0,592281600.0,0.0,75600.0,,0.0,0.0,0.0
2025-03-14,116.0,119.0,118.0,119.0,112.0,115.0,-1.0,472600.0,53920500.0,148.0,92.0,115.0,19500.0,113.0,2300.0,2892000000.0,2892000000.0,592281600.0,0.0,0.0,,0.0,0.0,0.0
2025-03-17,115.0,0.0,0.0,115.0,110.0,112.0,-3.0,876800.0,97450600.0,148.0,89.6,112.0,78100.0,111.0,37300.0,2892000000.0,2892000000.0,592281600.0,0.0,0.0,,0.0,0.0,0.0
2025-03-18,112.0,0.0,0.0,114.0,101.0,108.0,-4.0,1021200.0,110102800.0,242.0,86.4,110.0,8500.0,106.0,100.0,2892000000.0,2892000000.0,592281600.0,10900.0,0.0,,0.0,0.0,0.0
2025-03-19,108.0,112.0,110.0,115.0,98.0,107.0,-1.0,616900.0,65096100.0,147.0,85.6,109.0,5000.0,107.0,37400.0,2892000000.0,2892000000.0,592281600.0,200.0,0.0,,0.0,0.0,0.0
2025-03-20,107.0,0.0,0.0,111.0,106.0,107.0,0.0,247400.0,26709000.0,92.0,85.6,109.0,64000.0,107.0,15300.0,2892000000.0,2892000000.0,592281600.0,0.0,0.0,,0.0,0.0,0.0
2025-03-21,107.0,0.0,0.0,109.0,105.0,107.0,0.0,268100.0,28540500.0,69.0,85.6,107.0,8200.0,106.0,10100.0,2892000000.0,2892000000.0,592281600.0,0.0,0.0,,0.0,0.0,0.0
2025-03-24,107.0,107.0,110.0,110.0,105.0,108.0,1.0,221300.0,23508300.0,72.0,86.4,109.0,12100.0,108.0,141000.0,2892000000.0,2892000000.0,592281600.0,0.0,0.0,,0.0,0.0,0.0
2025-03-25,108.0,0.0,0.0,109.0,101.0,107.0,-1.0,251700.0,26683600.0,72.0,85.6,108.0,35000.0,106.0,13500.0,2892000000.0,2892000000.0,592281600.0,0.0,0.0,,0.0,0.0,0.0
2025-03-26,107.0,106.0,106.0,108.0,106.0,107.0,0.0,161000.0,17128900.0,40.0,85.6,108.0,111800.0,107.0,4000.0,2892000000.0,2892000000.0,592281600.0,0.0,0.0,,0.0,0.0,0.0
2025-03-27,107.0,0.0,0.0,108.0,105.0,108.0,1.0,206900.0,22070900.0,34.0,86.4,108.0,23900.0,106.0,48100.0,2892000000.0,2892000000.0,592281600.0,0.0,0.0,,0.0,0.0,0.0
2025-04-08,108.0,104.0,103.0,107.0,101.0,107.0,-1.0,727900.0,76263800.0,111.0,85.6,108.0,30600.0,107.0,27800.0,2892000000.0,2892000000.0,592281600.0,25000.0,0.0,,0.0,0.0,0.0
2025-04-09,107.0,108.0,109.0,109.0,105.0,109.0,2.0,204400.0,21977500.0,52.0,87.2,110.0,700.0,109.0,47200.0,2892000000.0,2892000000.0,592281600.0,0.0,0.0,,0.0,0.0,0.0
2025-04-10,109.0,0.0,0.0,117.0,108.0,115.0,6.0,749900.0,85434800.0,131.0,92.0,116.0,22000.0,115.0,43400.0,2892000000.0,2892000000.0,592281600.0,8100.0,0.0,,0.0,0.0,0.0
2025-04-11,115.0,114.0,114.0,117.0,112.0,116.0,1.0,69400.0,7967700.0,43.0,92.8,115.0,300.0,112.0,600.0,2892000000.0,2892000000.0,592281600.0,0.0,0.0,,0.0,0.0,0.0
2025-04-14,116.0,116.0,116.0,116.0,112.0,115.0,-1.0,113500.0,12954500.0,30.0,92.0,115.0,82300.0,114.0,4000.0,2892000000.0,2892000000.0,592281600.0,0.0,0.0,,0.0,0.0,0.0
2025-04-15,115.0,114.0,114.0,116.0,114.0,115.0,0.0,134200.0,15429200.0,20.0,92.0,116.0,1300.0,115.0,7400.0,2892000000.0,2892000000.0,592281600.0,0.0,0.0,,0.0,0.0,0.0
2025-04-16,115.0,0.0,0.0,117.0,113.0,113.0,-2.0,130300.0,14735700.0,25.0,90.4,115.0,27000.0,113.0,1400.0,2892000000.0,2892000000.0,592281600.0,0.0,0.0,,0.0,0.0,0.0
2025-04-17,113.0,113.0,110.0,113.0,109.0,112.0,-1.0,190500.0,21045300.0,55.0,89.6,112.0,11200.0,110.0,5000.0,2892000000.0,2892000000.0,592281600.0,0.0,0.0,,0.0,0.0,0.0
2025-04-21,112.0,111.0,111.0,111.0,109.0,110.0,-2.0,23000.0,2511800.0,28.0,88.0,110.0,48600.0,109.0,18900.0,2892000000.0,2892000000.0,592281600.0,0.0,0.0,,0.0,0.0,0.0
2025-04-22,110.0,111.0,110.0,111.0,107.0,110.0,0.0,193900.0,20922200.0,71.0,88.0,110.0,62800.0,108.0,200.0,2892000000.0,2892000000.0,592281600.0,0.0,0.0,,0.0,0.0,0.0
2025-04-23,110.0,0.0,0.0,115.0,108.0,112.0,2.0,403700.0,44245500.0,152.0,89.6,112.0,52900.0,110.0,18500.0,2892000000.0,2892000000.0,592281600.0,400.0,0.0,,0.0,0.0,0.0
2025-04-24,112.0,0.0,0.0,111.0,108.0,109.0,-3.0,50600.0,5520500.0,33.0,87.2,109.0,81200.0,108.0,125200.0,2892000000.0,2892000000.0,592281600.0,0.0,0.0,,0.0,0.0,0.0
2025-04-25,109.0,0.0,0.0,111.0,107.0,109.0,0.0,498900.0,54280100.0,67.0,87.2,109.0,47000.0,108.0,60900.0,2892000000.0,2892000000.0,592281600.0,14800.0,0.0,,0.0,0.0,0.0
2025-04-28,109.0,109.0,109.0,112.0,108.0,111.0,2.0,316500.0,34544900.0,28.0,88.8,110.0,12700.0,108.0,16200.0,2892000000.0,2892000000.0,592281600.0,0.0,0.0,,0.0,0.0,0.0
2025-04-29,111.0,111.0,111.0,112.0,108.0,111.0,0.0,149700.0,16473200.0,37.0,88.8,111.0,31100.0,110.0,14500.0,2892000000.0,2892000000.0,592281600.0,0.0,0.0,,0.0,0.0,0.0
2025-04-30,111.0,0.0,0.0,113.0,108.0,110.0,-1.0,622700.0,68569200.0,83.0,88.0,110.0,12100.0,109.0,290600.0,2892000000.0,2892000000.0,592281600.0,0.0,0.0,,0.0,0.0,0.0
2025-05-02,110.0,111.0,111.0,117.0,108.0,117.0,7.0,2151500.0,239025200.0,220.0,93.6,117.0,1400.0,116.0,100.0,2892000000.0,2892000000.0,592281600.0,0.0,700.0,,0.0,0.0,0.0
2025-05-05,117.0,117.0,117.0,118.0,109.0,111.0,-6.0,1609500.0,180333900.0,282.0,88.8,111.0,1000.0,110.0,33600.0,2892000000.0,2892000000.0,592281600.0,0.0,116700.0,,0.0,0.0,0.0
2025-05-06,111.0,111.0,112.0,119.0,110.0,114.0,3.0,764200.0,87057500.0,195.0,91.2,114.0,39600.0,113.0,2800.0,2892000000.0,2892000000.0,592281600.0,8600.0,0.0,,0.0,0.0,0.0
2025-05-07,114.0,114.0,114.0,115.0,110.0,114.0,0.0,589700.0,66263000.0,116.0,91.2,114.0,41000.0,112.0,9900.0,2892000000.0,2892000000.0,592281600.0,0.0,33200.0,,0.0,0.0,0.0
2025-05-08,114.0,112.0,112.0,131.0,110.0,120.0,6.0,1961500.0,236638800.0,505.0,96.0,120.0,2300.0,119.0,20300.0,2892000000.0,2892000000.0,592281600.0,23900.0,800.0,,0.0,0.0,0.0
2025-05-09,120.0,125.0,125.0,145.0,114.0,121.0,1.0,24710200.0,3246601500.0,3657.0,96.8,121.0,55300.0,120.0,282400.0,2892000000.0,2892000000.0,592281600.0,741700.0,585700.0,,0.0,0.0,0.0
2025-05-14,121.0,121.0,121.0,121.0,117.0,119.0,-2.0,1477100.0,175621000.0,239.0,95.2,120.0,34000.0,119.0,23900.0,2892000000.0,2892000000.0,592281600.0,0.0,303700.0,,0.0,0.0,0.0
2025-05-15,119.0,120.0,120.0,123.0,116.0,120.0,1.0,2446000.0,289360900.0,252.0,96.0,120.0,8500.0,119.0,21100.0,2892000000.0,2892000000.0,592281600.0,0.0,58800.0,,0.0,0.0,0.0
2025-05-16,120.0,119.0,118.0,120.0,116.0,117.0,-3.0,1462700.0,172141800.0,158.0,93.6,119.0,47200.0,117.0,33200.0,2892000000.0,2892000000.0,592281600.0,0.0,123500.0,,0.0,0.0,0.0
2025-05-19,117.0,119.0,119.0,123.0,116.0,120.0,3.0,1416800.0,168929500.0,240.0,96.0,120.0,63000.0,118.0,32100.0,2892000000.0,2892000000.0,592281600.0,0.0,64300.0,,0.0,0.0,0.0
2025-05-20,120.0,119.0,119.0,119.0,112.0,112.0,-8.0,3573100.0,411323700.0,393.0,89.6,112.0,290000.0,111.0,160900.0,2892000000.0,2892000000.0,592281600.0,10000.0,106900.0,,0.0,0.0,0.0
2025-05-21,112.0,113.0,113.0,114.0,110.0,112.0,0.0,1059300.0,118137000.0,168.0,89.6,112.0,273800.0,111.0,174500.0,2892000000.0,2892000000.0,592281600.0,0.0,0.0,,0.0,0.0,0.0
2025-05-22,112.0,113.0,112.0,115.0,110.0,113.0,1.0,742600.0,83071000.0,100.0,90.4,113.0,8800.0,112.0,23800.0,2892000000.0,2892000000.0,592281600.0,0.0,0.0,,0.0,0.0,0.0
2025-05-23,113.0,113.0,113.0,113.0,110.0,112.0,-1.0,1169400.0,130121000.0,120.0,89.6,113.0,94100.0,111.0,62600.0,2892000000.0,2892000000.0,592281600.0,0.0,0.0,,0.0,0.0,0.0
2025-05-26,112.0,112.0,113.0,115.0,110.0,110.0,-2.0,823800.0,90749400.0,118.0,88.0,110.0,138000.0,109.0,102600.0,2892000000.0,2892000000.0,592281600.0,7500.0,26500.0,,0.0,0.0,0.0
2025-05-27,110.0,110.0,109.0,112.0,108.0,109.0,-1.0,453000.0,49479800.0,109.0,87.2,110.0,33400.0,108.0,352900.0,2892000000.0,2892000000.0,592281600.0,75000.0,0.0,,0.0,0.0,0.0
2025-05-28,109.0,111.0,110.0,113.0,108.0,108.0,-1.0,899000.0,97843400.0,168.0,86.4,108.0,23200.0,107.0,159800.0,2892000000.0,2892000000.0,592281600.0,241500.0,0.0,,0.0,0.0,0.0
2025-06-02,108.0,111.0,109.0,111.0,108.0,111.0,3.0,468600.0,51159500.0,76.0,88.8,111.0,93200.0,110.0,35500.0,2892000000.0,2892000000.0,592281600.0,0.0,0.0,,0.0,0.0,0.0
2025-06-03,111.0,111.0,110.0,111.0,107.0,110.0,-1.0,620300.0,67602000.0,72.0,88.0,110.0,265900.0,109.0,66600.0,2892000000.0,2892000000.0,592281600.0,0.0,0.0,,0.0,0.0,0.0
2025-06-04,110.0,110.0,110.0,111.0,109.0,110.0,0.0,643000.0,70562400.0,73.0,88.0,110.0,17900.0,109.0,117900.0,2892000000.0,2892000000.0,592281600.0,217100.0,56000.0,,0.0,0.0,0.0
2025-06-05,110.0,110.0,109.0,111.0,109.0,109.0,-1.0,496000.0,54088300.0,56.0,87.2,109.0,33600.0,108.0,175800.0,2892000000.0,2892000000.0,592281600.0,106400.0,0.0,,0.0,0.0,0.0
2025-06-10,109.0,109.0,109.0,112.0,109.0,110.0,1.0,387800.0,42698900.0,76.0,88.0,110.0,82500.0,109.0,86400.0,2892000000.0,2892000000.0,592281600.0,0.0,103200.0,,0.0,0.0,0.0
2025-06-11,110.0,110.0,110.0,112.0,109.0,111.0,1.0,654500.0,72580000.0,87.0,88.8,111.0,25200.0,110.0,14600.0,2892000000.0,2892000000.0,592281600.0,4800.0,24800.0,,0.0,0.0,0.0
2025-06-12,111.0,0.0,0.0,111.0,109.0,110.0,-1.0,230400.0,25271400.0,55.0,88.0,110.0,59900.0,109.0,122800.0,2892000000.0,2892000000.0,592281600.0,50000.0,0.0,,0.0,0.0,0.0
2025-06-13,110.0,110.0,110.0,110.0,107.0,107.0,-3.0,649600.0,70320700.0,118.0,85.6,107.0,112900.0,106.0,43000.0,2892000000.0,2892000000.0,592281600.0,36100.0,0.0,,0.0,0.0,0.0
2025-06-16,107.0,0.0,0.0,107.0,105.0,107.0,0.0,218200.0,23160000.0,69.0,85.6,107.0,12100.0,106.0,33000.0,2892000000.0,2892000000.0,592281600.0,0.0,0.0,,0.0,0.0,0.0
2025-06-17,107.0,0.0,0.0,109.0,104.0,105.0,-2.0,336400.0,35749800.0,75.0,84.0,106.0,55000.0,105.0,29700.0,2892000000.0,2892000000.0,592281600.0,45000.0,0.0,,0.0,0.0,0.0
2025-06-18,105.0,106.0,106.0,106.0,103.0,104.0,-1.0,472500.0,49138000.0,94.0,83.2,104.0,15300.0,103.0,20300.0,2892000000.0,2892000000.0,592281600.0,0.0,0.0,,0.0,0.0,0.0
2025-06-19,104.0,105.0,105.0,105.0,100.0,102.0,-2.0,484000.0,49502300.0,93.0,81.6,103.0,11100.0,102.0,9100.0,2892000000.0,2892000000.0,592281600.0,33500.0,0.0,,0.0,0.0,0.0
2025-06-20,102.0,104.0,103.0,107.0,100.0,102.0,0.0,692300.0,70760000.0,127.0,81.6,103.0,2000.0,102.0,13200.0,2892000000.0,2892000000.0,592281600.0,22700.0,17800.0,,0.0,0.0,0.0
2025-06-23,102.0,102.0,102.0,102.0,98.0,100.0,-2.0,437800.0,43825500.0,107.0,80.0,101.0,800.0,99.0,19500.0,2892000000.0,2892000000.0,592281600.0,0.0,0.0,,0.0,0.0,0.0
2025-06-24,100.0,100.0,103.0,105.0,100.0,104.0,4.0,577400.0,58191000.0,73.0,83.2,104.0,27400.0,102.0,31300.0,2892000000.0,2892000000.0,592281600.0,0.0,57700.0,,0.0,0.0,0.0
2025-06-25,104.0,0.0,0.0,107.0,101.0,107.0,3.0,195600.0,20132400.0,55.0,85.6,107.0,213900.0,102.0,1100.0,2892000000.0,2892000000.0,592281600.0,20000.0,0.0,,0.0,0.0,0.0
2025-06-26,107.0,107.0,106.0,107.0,103.0,104.0,-3.0,151300.0,15644200.0,35.0,83.2,104.0,45500.0,103.0,59500.0,2892000000.0,2892000000.0,592281600.0,7500.0,0.0,,0.0,0.0,0.0
2025-06-30,104.0,105.0,104.0,107.0,102.0,105.0,1.0,82500.0,8556500.0,45.0,84.0,105.0,50900.0,104.0,500.0,2892000000.0,2892000000.0,592281600.0,0.0,0.0,,0.0,0.0,0.0
2025-07-01,105.0,106.0,104.0,106.0,101.0,102.0,-3.0,463600.0,47418600.0,61.0,81.6,102.0,28700.0,101.0,55400.0,2892000000.0,2892000000.0,592281600.0,0.0,0.0,,0.0,0.0,0.0
2025-07-02,102.0,102.0,102.0,105.0,100.0,102.0,0.0,760800.0,78202600.0,52.0,81.6,104.0,2300.0,102.0,138000.0,2892000000.0,2892000000.0,592281600.0,0.0,0.0,,0.0,0.0,0.0
2025-07-03,102.0,106.0,105.0,107.0,103.0,105.0,3.0,27700.0,2891300.0,29.0,84.0,105.0,58500.0,103.0,4000.0,2892000000.0,2892000000.0,592281600.0,0.0,0.0,,0.0,0.0,0.0
2025-07-04,105.0,105.0,105.0,105.0,102.0,103.0,-2.0,92100.0,9507000.0,44.0,82.4,103.0,26100.0,102.0,37000.0,2892000000.0,2892000000.0,592281600.0,0.0,0.0,,0.0,0.0,0.0
2025-07-07,103.0,103.0,103.0,104.0,101.0,103.0,0.0,68000.0,6929400.0,68.0,82.4,103.0,4500.0,102.0,3200.0,2892000000.0,2892000000.0,592281600.0,0.0,0.0,,0.0,0.0,0.0
2025-07-08,103.0,103.0,103.0,107.0,101.0,106.0,3.0,299800.0,30741500.0,67.0,84.8,106.0,1900.0,105.0,100.0,2892000000.0,2892000000.0,592281600.0,0.0,0.0,,0.0,0.0,0.0
2025-07-09,106.0,106.0,106.0,106.0,100.0,106.0,0.0,96600.0,9841400.0,51.0,84.8,106.0,45100.0,103.0,8600.0,2892000000.0,2892000000.0,592281600.0,0.0,0.0,,0.0,0.0,0.0
2025-07-10,106.0,0.0,0.0,106.0,103.0,106.0,0.0,148600.0,15618600.0,65.0,84.8,106.0,29400.0,104.0,44700.0,2892000000.0,2892000000.0,592281600.0,0.0,51600.0,,0.0,0.0,0.0
2025-07-11,106.0,104.0,106.0,109.0,104.0,105.0,-1.0,74800.0,7938800.0,53.0,84.0,105.0,3200.0,104.0,5700.0,2892000000.0,2892000000.0,592281600.0,0.0,0.0,,0.0,0.0,0.0
2025-07-14,105.0,105.0,105.0,105.0,102.0,104.0,-1.0,156000.0,16065700.0,94.0,83.2,105.0,45100.0,104.0,200.0,2892000000.0,2892000000.0,592281600.0,0.0,0.0,,923000.0,115375000.0,25.0
2025-07-15,104.0,105.0,105.0,105.0,101.0,103.0,-1.0,178300.0,18221200.0,61.0,82.4,103.0,38200.0,102.0,15300.0,2892000000.0,2892000000.0,592281600.0,0.0,0.0,,0.0,0.0,0.0
2025-07-16,103.0,105.0,105.0,105.0,101.0,102.0,-1.0,138300.0,14124800.0,61.0,81.6,103.0,17500.0,102.0,33100.0,2892000000.0,2892000000.0,592281600.0,0.0,0.0,,0.0,0.0,0.0
2025-07-17,102.0,102.0,101.0,103.0,101.0,103.0,1.0,118100.0,12050400.0,67.0,82.4,103.0,58000.0,102.0,18100.0,2892000000.0,2892000000.0,592281600.0,0.0,0.0,,0.0,0.0,0.0
2025-07-18,103.0,103.0,102.0,103.0,101.0,101.0,-2.0,117100.0,11965200.0,48.0,80.8,102.0,7700.0,101.0,245100.0,2892000000.0,2892000000.0,592281600.0,0.0,0.0,,0.0,0.0,0.0
2025-07-21,101.0,101.0,102.0,104.0,101.0,103.0,2.0,134500.0,13794200.0,63.0,82.4,103.0,18500.0,102.0,22000.0,2892000000.0,2892000000.0,592281600.0,0.0,0.0,,0.0,0.0,0.0
2025-07-22,103.0,103.0,102.0,104.0,101.0,103.0,0.0,492000.0,50489800.0,53.0,82.4,104.0,26800.0,103.0,12900.0,2892000000.0,2892000000.0,592281600.0,0.0,0.0,,0.0,0.0,0.0
2025-07-23,103.0,103.0,102.0,103.0,101.0,103.0,0.0,413600.0,41928200.0,53.0,82.4,103.0,108700.0,102.0,52100.0,2892000000.0,2892000000.0,592281600.0,0.0,0.0,,0.0,0.0,0.0
2025-07-24,103.0,101.0,102.0,105.0,101.0,105.0,2.0,348200.0,35742100.0,60.0,84.0,105.0,4700.0,103.0,500.0,2892000000.0,2892000000.0,592281600.0,0.0,0.0,,0.0,0.0,0.0
2025-07-25,105.0,105.0,105.0,108.0,102.0,105.0,0.0,454300.0,47359100.0,99.0,84.0,105.0,20000.0,104.0,20300.0,2892000000.0,2892000000.0,592281600.0,3000.0,0.0,,0.0,0.0,0.0
2025-07-28,105.0,105.0,105.0,105.0,102.0,103.0,-2.0,272500.0,28221800.0,58.0,82.4,105.0,92000.0,103.0,55500.0,2892000000.0,2892000000.0,592281600.0,0.0,0.0,,0.0,0.0,0.0
2025-07-29,103.0,105.0,105.0,109.0,104.0,105.0,2.0,627900.0,66875000.0,155.0,84.0,106.0,39900.0,105.0,154700.0,2892000000.0,2892000000.0,592281600.0,0.0,32100.0,,0.0,0.0,0.0
2025-07-30,105.0,0.0,0.0,108.0,104.0,106.0,1.0,235400.0,24767700.0,47.0,84.8,106.0,31200.0,104.0,41200.0,2892000000.0,2892000000.0,592281600.0,92200.0,26900.0,,0.0,0.0,0.0
2025-07-31,106.0,106.0,106.0,124.0,106.0,111.0,5.0,19926000.0,2310207600.0,1410.0,88.8,111.0,236500.0,110.0,352600.0,2892000000.0,2892000000.0,592281600.0,668200.0,611900.0,,0.0,0.0,0.0
2025-08-01,111.0,112.0,113.0,114.0,107.0,107.0,-4.0,1194100.0,131300000.0,254.0,85.6,109.0,76900.0,107.0,184200.0,2892000000.0,2892000000.0,592281600.0,224900.0,53000.0,,0.0,0.0,0.0
2025-08-04,107.0,108.0,108.0,110.0,107.0,110.0,3.0,393700.0,42629500.0,108.0,88.0,110.0,35700.0,109.0,6100.0,2892000000.0,2892000000.0,592281600.0,0.0,122800.0,,0.0,0.0,0.0
2025-08-05,110.0,110.0,110.0,110.0,108.0,110.0,0.0,421800.0,45925200.0,86.0,88.0,110.0,139600.0,108.0,27700.0,2892000000.0,2892000000.0,592281600.0,0.0,91300.0,,0.0,0.0,0.0
2025-08-06,110.0,110.0,108.0,112.0,107.0,107.0,-3.0,370400.0,39962200.0,80.0,85.6,109.0,91700.0,107.0,36700.0,2892000000.0,2892000000.0,592281600.0,12100.0,0.0,,0.0,0.0,0.0
2025-08-07,107.0,107.0,108.0,110.0,107.0,108.0,1.0,144000.0,15477400.0,51.0,86.4,108.0,9900.0,107.0,39400.0,2892000000.0,2892000000.0,592281600.0,5100.0,0.0,,0.0,0.0,0.0
2025-08-08,108.0,108.0,108.0,112.0,107.0,109.0,1.0,878500.0,95426800.0,101.0,87.2,109.0,900.0,108.0,200.0,2892000000.0,2892000000.0,592281600.0,24900.0,120200.0,,0.0,0.0,0.0
2025-08-11,109.0,109.0,110.0,110.0,107.0,109.0,0.0,125200.0,13585000.0,66.0,87.2,109.0,4800.0,108.0,1000.0,2892000000.0,2892000000.0,592281600.0,0.0,0.0,,0.0,0.0,0.0
2025-08-12,109.0,109.0,109.0,117.0,107.0,114.0,5.0,3339500.0,380631100.0,410.0,91.2,115.0,64100.0,114.0,5318900.0,2892000000.0,2892000000.0,592281600.0,0.0,127100.0,,0.0,0.0,0.0
2025-08-13,114.0,120.0,120.0,146.0,119.0,136.0,22.0,100926300.0,13362426000.0,12614.0,108.8,136.0,619400.0,135.0,40324100.0,2892000000.0,2892000000.0,592281600.0,4566400.0,2939000.0,,0.0,0.0,0.0
2025-08-14,136.0,137.0,137.0,140.0,124.0,124.0,-12.0,19879800.0,2658747300.0,2896.0,99.2,124.0,491500.0,123.0,258100.0,2892000000.0,2892000000.0,592281600.0,1012600.0,638300.0,,0.0,0.0,0.0
2025-08-15,124.0,124.0,124.0,124.0,116.0,117.0,-7.0,5103300.0,608664300.0,673.0,93.6,118.0,43500.0,117.0,33100.0,2892000000.0,2892000000.0,592281600.0,55400.0,305100.0,,0.0,0.0,0.0
2025-08-19,117.0,117.0,119.0,124.0,117.0,121.0,4.0,2561700.0,307999200.0,501.0,96.8,122.0,62200.0,121.0,400.0,2892000000.0,2892000000.0,592281600.0,0.0,0.0,,0.0,0.0,0.0
2025-08-20,121.0,120.0,120.0,122.0,115.0,115.0,-6.0,2261300.0,264959400.0,415.0,92.0,117.0,35100.0,115.0,55200.0,2892000000.0,2892000000.0,592281600.0,60800.0,17900.0,,0.0,0.0,0.0
2025-08-21,115.0,116.0,116.0,118.0,115.0,116.0,1.0,650700.0,75672400.0,202.0,92.8,116.0,5700.0,115.0,55700.0,2892000000.0,2892000000.0,592281600.0,31600.0,10200.0,,0.0,0.0,0.0
2025-08-22,116.0,116.0,116.0,118.0,115.0,116.0,0.0,907500.0,105180200.0,198.0,92.8,117.0,87700.0,116.0,26400.0,2892000000.0,2892000000.0,592281600.0,2200.0,2500.0,,0.0,0.0,0.0
2025-08-25,116.0,116.0,115.0,117.0,112.0,115.0,-1.0,1453900.0,165839300.0,316.0,92.0,116.0,35900.0,115.0,9800.0,2892000000.0,2892000000.0,592281600.0,10500.0,9100.0,,0.0,0.0,0.0
2025-08-26,115.0,115.0,115.0,122.0,114.0,116.0,1.0,1691900.0,199303500.0,260.0,92.8,116.0,500.0,115.0,235700.0,2892000000.0,2892000000.0,592281600.0,21500.0,0.0,,0.0,0.0,0.0
2025-08-27,116.0,117.0,117.0,118.0,114.0,114.0,-2.0,1202900.0,138748000.0,193.0,91.2,115.0,49700.0,114.0,51500.0,2892000000.0,2892000000.0,592281600.0,800.0,9900.0,,0.0,0.0,0.0
2025-08-28,114.0,114.0,114.0,115.0,110.0,114.0,0.0,549300.0,61809600.0,153.0,91.2,114.0,98400.0,113.0,81400.0,2892000000.0,2892000000.0,592281600.0,15200.0,0.0,,0.0,0.0,0.0
2025-08-29,114.0,114.0,115.0,115.0,109.0,110.0,-4.0,1466500.0,163324900.0,228.0,88.0,113.0,42700.0,109.0,127600.0,2892000000.0,2892000000.0,592281600.0,16300.0,0.0,,0.0,0.0,0.0
2025-09-01,110.0,109.0,109.0,118.0,106.0,112.0,2.0,2296300.0,258033200.0,274.0,89.6,114.0,25000.0,112.0,6100.0,2892000000.0,2892000000.0,592281600.0,120200.0,20000.0,,0.0,0.0,0.0
2025-09-02,112.0,112.0,113.0,117.0,109.0,113.0,1.0,1702400.0,191368100.0,239.0,90.4,114.0,100000.0,113.0,57400.0,2892000000.0,2892000000.0,592281600.0,21100.0,126600.0,,0.0,0.0,0.0
2025-09-03,113.0,114.0,114.0,117.0,113.0,115.0,2.0,684800.0,78779900.0,141.0,92.0,115.0,108400.0,114.0,71900.0,2892000000.0,2892000000.0,592281600.0,0.0,0.0,,0.0,0.0,0.0
2025-09-04,115.0,115.0,115.0,116.0,110.0,113.0,-2.0,1191900.0,134085200.0,141.0,90.4,114.0,16200.0,113.0,2600.0,2892000000.0,2892000000.0,592281600.0,0.0,0.0,,0.0,0.0,0.0
2025-09-08,113.0,113.0,112.0,113.0,109.0,110.0,-3.0,489600.0,54084700.0,127.0,88.0,110.0,8900.0,109.0,235000.0,2892000000.0,2892000000.0,592281600.0,0.0,14300.0,,0.0,0.0,0.0
2025-09-09,110.0,111.0,110.0,111.0,108.0,108.0,-2.0,279200.0,30275500.0,99.0,86.4,108.0,18200.0,107.0,47100.0,2892000000.0,2892000000.0,592281600.0,0.0,0.0,,0.0,0.0,0.0
2025-09-10,108.0,110.0,109.0,111.0,102.0,108.0,0.0,1307300.0,138479300.0,201.0,86.4,107.0,74100.0,106.0,28100.0,2892000000.0,2892000000.0,592281600.0,0.0,0.0,,0.0,0.0,0.0
2025-09-11,108.0,108.0,108.0,109.0,105.0,107.0,-1.0,499700.0,53333400.0,112.0,85.6,107.0,4100.0,106.0,139500.0,2892000000.0,2892000000.0,592281600.0,0.0,0.0,,0.0,0.0,0.0
2025-09-12,107.0,106.0,106.0,109.0,106.0,108.0,1.0,245600.0,26246600.0,67.0,86.4,108.0,42000.0,106.0,79700.0,2892000000.0,2892000000.0,592281600.0,0.0,0.0,,0.0,0.0,0.0
2025-09-15,108.0,109.0,109.0,111.0,108.0,109.0,1.0,157200.0,17144200.0,69.0,87.2,110.0,45900.0,109.0,100.0,2892000000.0,2892000000.0,592281600.0,0.0,0.0,,0.0,0.0,0.0
2025-09-16,109.0,110.0,109.0,110.0,107.0,108.0,-1.0,318600.0,34397700.0,89.0,86.4,109.0,1200.0,108.0,4100.0,2892000000.0,2892000000.0,592281600.0,0.0,12400.0,,0.0,0.0,0.0
2025-09-17,108.0,0.0,0.0,117.0,109.0,110.0,2.0,1209200.0,136221600.0,345.0,88.0,111.0,190000.0,110.0,105100.0,2892000000.0,2892000000.0,592281600.0,21500.0,21200.0,,0.0,0.0,0.0
2025-09-18,110.0,111.0,111.0,114.0,109.0,113.0,3.0,746700.0,83108700.0,154.0,90.4,113.0,35000.0,112.0,8700.0,2892000000.0,2892000000.0,592281600.0,12100.0,12400.0,,0.0,0.0,0.0
2025-09-19,113.0,115.0,114.0,115.0,110.0,110.0,-3.0,776500.0,87235800.0,100.0,88.0,111.0,30700.0,110.0,9300.0,2892000000.0,2892000000.0,592281600.0,163200.0,13400.0,,0.0,0.0,0.0
2025-09-22,110.0,111.0,111.0,113.0,110.0,111.0,1.0,355900.0,39650800.0,54.0,88.8,112.0,32200.0,110.0,74100.0,2892000000.0,2892000000.0,592281600.0,0.0,69000.0,,0.0,0.0,0.0
2025-09-23,111.0,111.0,110.0,114.0,110.0,113.0,2.0,506900.0,57010600.0,122.0,90.4,113.0,22500.0,112.0,135400.0,2892000000.0,2892000000.0,592281600.0,15200.0,77300.0,,0.0,0.0,0.0
2025-09-24,113.0,114.0,114.0,114.0,110.0,113.0,0.0,550100.0,60987500.0,94.0,90.4,113.0,23300.0,110.0,69200.0,2892000000.0,2892000000.0,592281600.0,0.0,0.0,,0.0,0.0,0.0
2025-09-25,113.0,0.0,0.0,113.0,108.0,109.0,-4.0,419300.0,45654700.0,82.0,87.2,110.0,33500.0,109.0,8100.0,2892000000.0,2892000000.0,592281600.0,40800.0,0.0,,0.0,0.0,0.0
2025-09-26,109.0,109.0,108.0,110.0,107.0,110.0,1.0,122200.0,13242400.0,40.0,88.0,110.0,14600.0,108.0,239100.0,2892000000.0,2892000000.0,592281600.0,0.0,0.0,,0.0,0.0,0.0
2025-09-29,110.0,110.0,110.0,112.0,108.0,110.0,0.0,401200.0,43633100.0,82.0,88.0,110.0,80200.0,108.0,105800.0,2892000000.0,2892000000.0,592281600.0,0.0,0.0,,0.0,0.0,0.0
2025-09-30,110.0,109.0,109.0,110.0,108.0,108.0,-2.0,368100.0,39965100.0,61.0,86.4,109.0,18900.0,108.0,228500.0,2892000000.0,2892000000.0,592281600.0,0.0,0.0,,0.0,0.0,0.0
2025-10-01,108.0,108.0,109.0,117.0,108.0,113.0,5.0,2682000.0,305579700.0,542.0,90.4,113.0,10400.0,112.0,144800.0,2892000000.0,2892000000.0,592281600.0,42000.0,60700.0,,0.0,0.0,0.0
2025-10-02,113.0,116.0,116.0,116.0,111.0,113.0,0.0,486000.0,54630700.0,113.0,90.4,113.0,1600.0,112.0,9700.0,2892000000.0,2892000000.0,592281600.0,113500.0,0.0,,0.0,0.0,0.0
2025-10-03,113.0,113.0,112.0,114.0,111.0,112.0,-1.0,299400.0,33789900.0,118.0,89.6,114.0,35900.0,112.0,123700.0,2892000000.0,2892000000.0,592281600.0,0.0,0.0,,0.0,0.0,0.0
2025-10-06,112.0,114.0,114.0,115.0,110.0,114.0,2.0,820300.0,91988800.0,117.0,91.2,114.0,11700.0,113.0,7100.0,2892000000.0,2892000000.0,592281600.0,35000.0,150300.0,,0.0,0.0,0.0
2025-10-07,114.0,117.0,117.0,142.0,117.0,122.0,8.0,37293500.0,4830870300.0,4877.0,97.6,122.0,421900.0,121.0,63900.0,2892000000.0,2892000000.0,592281600.0,2706600.0,2557000.0,,0.0,0.0,0.0
2025-10-08,122.0,124.0,124.0,125.0,115.0,115.0,-7.0,5447100.0,640908200.0,597.0,92.0,116.0,16500.0,115.0,1593800.0,2892000000.0,2892000000.0,592281600.0,254400.0,466200.0,,0.0,0.0,0.0
2025-10-09,115.0,115.0,120.0,120.0,115.0,117.0,2.0,2773500.0,325445900.0,267.0,93.6,118.0,70800.0,117.0,800.0,2892000000.0,2892000000.0,592281600.0,0.0,0.0,,0.0,0.0,0.0
2025-10-10,117.0,117.0,117.0,119.0,113.0,114.0,-3.0,1482700.0,170392600.0,209.0,91.2,115.0,100.0,114.0,89800.0,2892000000.0,2892000000.0,592281600.0,0.0,0.0,,0.0,0.0,0.0
2025-10-13,114.0,114.0,114.0,137.0,114.0,119.0,5.0,15574600.0,1983429200.0,1813.0,95.2,120.0,35000.0,119.0,17000.0,2892000000.0,2892000000.0,592281600.0,1169500.0,1074700.0,,0.0,0.0,0.0
2025-10-14,119.0,122.0,122.0,123.0,115.0,116.0,-3.0,1888400.0,223262300.0,345.0,92.8,117.0,23700.0,116.0,67800.0,2892000000.0,2892000000.0,592281600.0,140000.0,178500.0,,0.0,0.0,0.0
2025-10-15,116.0,116.0,115.0,118.0,113.0,116.0,0.0,979500.0,112055500.0,166.0,92.8,116.0,107500.0,115.0,1000.0,2892000000.0,2892000000.0,592281600.0,0.0,49700.0,,0.0,0.0,0.0
2025-10-16,116.0,116.0,116.0,117.0,112.0,114.0,-2.0,940100.0,107290800.0,177.0,91.2,115.0,15300.0,112.0,305700.0,2892000000.0,2892000000.0,592281600.0,0.0,0.0,,0.0,0.0,0.0
2025-10-17,114.0,115.0,115.0,115.0,111.0,113.0,-1.0,683800.0,76991600.0,111.0,90.4,113.0,107100.0,111.0,76200.0,2892000000.0,2892000000.0,592281600.0,0.0,0.0,,0.0,0.0,0.0
2025-10-20,113.0,113.0,113.0,113.0,110.0,112.0,-1.0,874500.0,96852400.0,129.0,89.6,112.0,334000.0,110.0,271800.0,2892000000.0,2892000000.0,592281600.0,0.0,66700.0,,0.0,0.0,0.0
2025-10-21,112.0,112.0,112.0,115.0,110.0,113.0,1.0,156200.0,17517800.0,63.0,90.4,113.0,8900.0,112.0,84100.0,2892000000.0,2892000000.0,592281600.0,0.0,0.0,,0.0,0.0,0.0
2025-10-22,113.0,113.0,113.0,114.0,111.0,112.0,-1.0,311600.0,34958600.0,281.0,89.6,114.0,9300.0,112.0,18000.0,2892000000.0,2892000000.0,592281600.0,0.0,0.0,,0.0,0.0,0.0
2025-10-23,112.0,112.0,111.0,120.0,111.0,112.0,0.0,1109300.0,124448300.0,153.0,89.6,112.0,520800.0,111.0,99300.0,2892000000.0,2892000000.0,592281600.0,0.0,0.0,,0.0,0.0,0.0
2025-10-24,112.0,112.0,111.0,113.0,109.0,109.0,-3.0,2566900.0,282435800.0,222.0,87.2,111.0,10000.0,109.0,377700.0,2892000000.0,2892000000.0,592281600.0,0.0,0.0,,0.0,0.0,0.0
2025-10-27,109.0,111.0,111.0,117.0,109.0,112.0,3.0,2041300.0,229464000.0,302.0,89.6,112.0,7200.0,110.0,29700.0,2892000000.0,2892000000.0,592281600.0,138700.0,285700.0,,0.0,0.0,0.0
2025-10-28,112.0,110.0,115.0,115.0,109.0,111.0,-1.0,483700.0,53350000.0,129.0,88.8,112.0,21300.0,111.0,14000.0,2892000000.0,2892000000.0,592281600.0,0.0,0.0,,0.0,0.0,0.0
2025-10-29,111.0,111.0,111.0,117.0,109.0,110.0,-1.0,549100.0,61286500.0,109.0,88.0,110.0,89900.0,109.0,154200.0,2892000000.0,2892000000.0,592281600.0,0.0,0.0,,0.0,0.0,0.0
2025-10-30,110.0,0.0,0.0,110.0,108.0,109.0,-1.0,334700.0,36526800.0,77.0,87.2,111.0,10100.0,109.0,27400.0,2892000000.0,2892000000.0,592281600.0,0.0,0.0,,0.0,0.0,0.0
2025-10-31,109.0,0.0,0.0,112.0,110.0,110.0,1.0,273100.0,30161700.0,46.0,88.0,111.0,400.0,110.0,129300.0,2892000000.0,2892000000.0,592281600.0,0.0,0.0,,0.0,0.0,0.0
2025-11-04,110.0,110.0,111.0,111.0,107.0,110.0,0.0,430800.0,46849500.0,106.0,88.0,110.0,1000.0,109.0,900.0,2892000000.0,2892000000.0,592281600.0,0.0,22100.0,,0.0,0.0,0.0
2025-11-05,110.0,110.0,110.0,115.0,109.0,110.0,0.0,884100.0,97603400.0,83.0,88.0,112.0,7100.0,110.0,56700.0,2892000000.0,2892000000.0,592281600.0,0.0,0.0,,0.0,0.0,0.0
2025-11-06,110.0,112.0,111.0,114.0,110.0,114.0,4.0,481100.0,53898200.0,126.0,91.2,114.0,66300.0,113.0,1500.0,2892000000.0,2892000000.0,592281600.0,0.0,30800.0,,0.0,0.0,0.0
2025-11-07,114.0,114.0,114.0,149.0,113.0,132.0,18.0,142763300.0,19554861800.0,13437.0,105.6,133.0,359800.0,132.0,38663600.0,2892000000.0,2892000000.0,592281600.0,5351600.0,3943400.0,,0.0,0.0,0.0
2025-11-10,132.0,133.0,133.0,134.0,121.0,123.0,-9.0,24066600.0,3043674100.0,2994.0,98.4,124.0,75500.0,123.0,1334500.0,2892000000.0,2892000000.0,592281600.0,858400.0,1616100.0,,0.0,0.0,0.0
2025-11-11,123.0,125.0,124.0,125.0,120.0,121.0,-2.0,3872500.0,474170200.0,657.0,96.8,122.0,64500.0,121.0,32800.0,2892000000.0,2892000000.0,592281600.0,195600.0,73600.0,,0.0,0.0,0.0
2025-11-12,121.0,122.0,122.0,135.0,119.0,120.0,-1.0,27020900.0,3446566600.0,2347.0,96.0,121.0,4600.0,120.0,550000.0,2892000000.0,2892000000.0,592281600.0,1021000.0,1028000.0,,0.0,0.0,0.0
2025-11-13,120.0,120.0,120.0,122.0,119.0,119.0,-1.0,3573800.0,425927900.0,269.0,95.2,119.0,46800.0,118.0,193000.0,2892000000.0,2892000000.0,592281600.0,4500.0,147000.0,,0.0,0.0,0.0
2025-11-14,119.0,121.0,121.0,135.0,118.0,135.0,16.0,17701800.0,2250915100.0,1487.0,108.0,136.0,82000.0,135.0,52324200.0,2892000000.0,2892000000.0,592281600.0,114200.0,14800.0,,0.0,0.0,0.0
2025-11-17,135.0,180.0,170.0,180.0,145.0,161.0,26.0,104561700.0,17121608900.0,17222.0,128.8,162.0,51900.0,161.0,910700.0,2892000000.0,2892000000.0,592281600.0,4118600.0,2500300.0,,0.0,0.0,0.0
2025-11-18,161.0,162.0,163.0,165.0,139.0,152.0,-9.0,24461600.0,3581702500.0,3114.0,121.6,153.0,390300.0,152.0,6353500.0,2892000000.0,2892000000.0,592281600.0,899200.0,1762000.0,,0.0,0.0,0.0
2025-11-19,152.0,155.0,155.0,160.0,148.0,152.0,0.0,12385500.0,1906261400.0,1810.0,121.6,152.0,154200.0,151.0,9000.0,2892000000.0,2892000000.0,592281600.0,885400.0,612500.0,,0.0,0.0,0.0
2025-11-20,152.0,152.0,152.0,154.0,148.0,150.0,-2.0,1831800.0,274044500.0,416.0,120.0,151.0,47600.0,150.0,9900.0,2892000000.0,2892000000.0,592281600.0,44500.0,28200.0,,0.0,0.0,0.0
2025-11-21,150.0,151.0,151.0,163.0,147.0,151.0,1.0,16106600.0,2499846800.0,1911.0,120.8,152.0,5000.0,151.0,15600.0,2892000000.0,2892000000.0,592281600.0,578000.0,575500.0,,0.0,0.0,0.0
2025-11-24,151.0,152.0,152.0,170.0,149.0,168.0,17.0,11805000.0,1882464500.0,1135.0,134.4,168.0,517700.0,167.0,100.0,2892000000.0,2892000000.0,592281600.0,12800.0,172400.0,,0.0,0.0,0.0
2025-11-25,168.0,168.0,167.0,181.0,152.0,180.0,12.0,44081500.0,7536057800.0,4771.0,144.0,181.0,427600.0,180.0,17326000.0,2892000000.0,2892000000.0,592281600.0,1591000.0,1851200.0,,0.0,0.0,0.0
2025-11-26,180.0,178.0,178.0,178.0,169.0,173.0,-7.0,32949800.0,5752060100.0,2129.0,138.4,173.0,519800.0,172.0,344300.0,2892000000.0,2892000000.0,592281600.0,896700.0,337700.0,,0.0,0.0,0.0
2025-11-27,173.0,173.0,173.0,198.0,148.0,148.0,-25.0,108875800.0,18637035800.0,8895.0,118.4,148.0,2304300.0,0.0,0.0,2892000000.0,2892000000.0,592281600.0,2902400.0,2454000.0,,0.0,0.0,0.0
2025-11-28,148.0,140.0,141.0,142.0,134.0,135.0,-13.0,10306600.0,1412478300.0,1759.0,108.0,136.0,700.0,135.0,189700.0,2892000000.0,2892000000.0,592281600.0,395900.0,814900.0,,0.0,0.0,0.0
2025-12-01,135.0,135.0,137.0,138.0,130.0,133.0,-2.0,5951100.0,793246300.0,1037.0,106.4,134.0,100.0,133.0,155000.0,2892000000.0,2892000000.0,592281600.0,24700.0,277200.0,,0.0,0.0,0.0
2025-12-02,133.0,135.0,135.0,147.0,131.0,139.0,6.0,17825800.0,2473377500.0,2018.0,111.2,139.0,178600.0,137.0,1100.0,2892000000.0,2892000000.0,592281600.0,1062200.0,725900.0,,0.0,0.0,0.0
2025-12-03,139.0,147.0,146.0,148.0,135.0,137.0,-2.0,3797200.0,526283000.0,870.0,109.6,137.0,64800.0,136.0,51300.0,2892000000.0,2892000000.0,592281600.0,306100.0,12300.0,,0.0,0.0,0.0
2025-12-04,137.0,137.0,136.0,141.0,131.0,137.0,0.0,6360200.0,865488800.0,1073.0,109.6,138.0,112100.0,137.0,37700.0,2892000000.0,2892000000.0,592281600.0,126200.0,115600.0,,0.0,0.0,0.0
2025-12-05,137.0,137.0,138.0,139.0,134.0,135.0,-2.0,1453100.0,197417900.0,266.0,108.0,135.0,158500.0,134.0,65400.0,2892000000.0,2892000000.0,592281600.0,13800.0,0.0,,0.0,0.0,0.0
2025-12-08,135.0,135.0,137.0,137.0,128.0,132.0,-3.0,4049800.0,531110100.0,716.0,105.6,132.0,366500.0,131.0,37400.0,2892000000.0,2892000000.0,592281600.0,60600.0,119500.0,,0.0,0.0,0.0
2025-12-09,132.0,132.0,132.0,143.0,131.0,137.0,5.0,10197100.0,1401780700.0,1457.0,109.6,137.0,316800.0,136.0,10200.0,2892000000.0,2892000000.0,592281600.0,607200.0,576300.0,,0.0,0.0,0.0
2025-12-10,137.0,138.0,137.0,138.0,133.0,135.0,-2.0,1610700.0,217786200.0,409.0,108.0,135.0,42300.0,134.0,400.0,2892000000.0,2892000000.0,592281600.0,39700.0,24700.0,,0.0,0.0,0.0
2025-12-11,135.0,135.0,135.0,135.0,130.0,131.0,-4.0,1757000.0,233359100.0,280.0,104.8,131.0,6000.0,130.0,311300.0,2892000000.0,2892000000.0,592281600.0,12400.0,3700.0,,0.0,0.0,0.0
2025-12-12,131.0,131.0,131.0,135.0,130.0,131.0,0.0,932500.0,122388700.0,179.0,104.8,133.0,57500.0,131.0,30400.0,2892000000.0,2892000000.0,592281600.0,17400.0,65300.0,,0.0,0.0,0.0
2025-12-15,131.0,130.0,130.0,171.0,130.0,135.0,4.0,196785700.0,30013050600.0,11554.0,108.0,136.0,47300.0,135.0,159100.0,2892000000.0,2892000000.0,592281600.0,4822100.0,5215300.0,,0.0,0.0,0.0
2025-12-16,135.0,135.0,135.0,136.0,127.0,130.0,-5.0,9184400.0,1200972200.0,1271.0,104.0,130.0,5000.0,129.0,50900.0,2892000000.0,2892000000.0,592281600.0,415500.0,712500.0,,0.0,0.0,0.0
2025-12-17,130.0,130.0,130.0,132.0,127.0,129.0,-1.0,2904200.0,372915800.0,597.0,103.2,129.0,89300.0,128.0,304600.0,2892000000.0,2892000000.0,592281600.0,44700.0,40800.0,,0.0,0.0,0.0
2025-12-18,129.0,127.0,128.0,149.0,126.0,146.0,17.0,42835400.0,6086739000.0,4640.0,116.8,146.0,746800.0,145.0,10599400.0,2892000000.0,2892000000.0,592281600.0,1687500.0,2250100.0,,0.0,0.0,0.0
2025-12-19,146.0,148.0,148.0,149.0,134.0,140.0,-6.0,19762800.0,2801805200.0,2108.0,112.0,141.0,12200.0,140.0,220800.0,2892000000.0,2892000000.0,592281600.0,1335700.0,768900.0,,0.0,0.0,0.0
2025-12-22,140.0,142.0,142.0,160.0,124.0,126.0,-14.0,78940100.0,11385309800.0,6884.0,100.8,126.0,79800.0,125.0,402500.0,2892000000.0,2892000000.0,592281600.0,4386100.0,5028900.0,,0.0,0.0,0.0
2025-12-23,126.0,126.0,127.0,130.0,121.0,121.0,-5.0,7514800.0,940381800.0,921.0,96.8,125.0,40000.0,121.0,16000.0,2892000000.0,2892000000.0,592281600.0,216900.0,505900.0,,0.0,0.0,0.0
2025-12-24,121.0,121.0,122.0,128.0,121.0,123.0,2.0,5529800.0,686273600.0,754.0,98.4,124.0,15500.0,122.0,105200.0,2892000000.0,2892000000.0,592281600.0,263400.0,2300.0,,0.0,0.0,0.0
2025-12-29,123.0,123.0,123.0,125.0,122.0,125.0,2.0,2507100.0,308430700.0,388.0,100.0,125.0,338000.0,124.0,100.0,2892000000.0,2892000000.0,592281600.0,17700.0,416100.0,,0.0,0.0,0.0
2025-12-30,125.0,125.0,125.0,128.0,123.0,123.0,-2.0,2477700.0,309216000.0,376.0,98.4,124.0,76400.0,123.0,206000.0,2892000000.0,2892000000.0,592281600.0,20800.0,297300.0,,0.0,0.0,0.0
2026-01-02,123.0,125.0,124.0,125.0,122.0,124.0,1.0,1234500.0,152440300.0,318.0,99.2,124.0,1800.0,123.0,38600.0,2892000000.0,2892000000.0,592281600.0,69000.0,19800.0,,0.0,0.0,0.0
2026-01-05,124.0,124.0,125.0,127.0,123.0,124.0,0.0,1696900.0,210491600.0,810.0,99.2,127.0,13800.0,124.0,35600.0,2892000000.0,2892000000.0,592281600.0,124400.0,8400.0,,0.0,0.0,0.0
2026-01-06,124.0,133.0,130.0,133.0,124.0,126.0,2.0,2438900.0,306952300.0,408.0,100.8,126.0,50000.0,125.0,13600.0,2892000000.0,2892000000.0,592281600.0,104100.0,13600.0,,0.0,0.0,0.0
2026-01-07,126.0,126.0,126.0,145.0,123.0,144.0,18.0,19626100.0,2684060100.0,1988.0,115.2,145.0,96600.0,144.0,2271600.0,2892000000.0,2892000000.0,592281600.0,294800.0,1435600.0,,0.0,0.0,0.0
2026-01-08,144.0,146.0,146.0,194.0,146.0,174.0,30.0,455739100.0,80815462200.0,23513.0,139.2,174.0,2752900.0,173.0,44958700.0,2892000000.0,2892000000.0,592281600.0,23796000.0,20814800.0,,0.0,0.0,0.0
2026-01-09,174.0,174.0,173.0,174.0,148.0,151.0,-23.0,69695300.0,10845025600.0,6556.0,120.8,152.0,15500.0,151.0,91900.0,2892000000.0,2892000000.0,592281600.0,5185300.0,5596400.0,,0.0,0.0,0.0
2026-01-12,151.0,151.0,151.0,156.0,144.0,148.0,-3.0,14915200.0,2234030700.0,2400.0,118.4,148.0,67400.0,147.0,2500.0,2892000000.0,2892000000.0,592281600.0,1040500.0,1911600.0,,0.0,0.0,0.0
2026-01-13,148.0,148.0,148.0,151.0,141.0,147.0,-1.0,5228400.0,767428200.0,885.0,117.6,147.0,25700.0,145.0,16000.0,2892000000.0,2892000000.0,592281600.0,434100.0,540700.0,,0.0,0.0,0.0
2026-01-14,147.0,147.0,149.0,152.0,147.0,151.0,4.0,4062300.0,610925400.0,703.0,120.8,151.0,252200.0,150.0,5000.0,2892000000.0,2892000000.0,592281600.0,87000.0,676600.0,,0.0,0.0,0.0
2026-01-15,151.0,152.0,152.0,153.0,146.0,148.0,-3.0,2927100.0,434843700.0,607.0,118.4,149.0,56400.0,147.0,66600.0,2892000000.0,2892000000.0,592281600.0,93800.0,98800.0,,0.0,0.0,0.0
2026-01-19,148.0,148.0,148.0,148.0,145.0,146.0,-2.0,1762800.0,257389500.0,499.0,116.8,147.0,63900.0,146.0,700.0,2892000000.0,2892000000.0,592281600.0,28400.0,41300.0,,0.0,0.0,0.0
2026-01-20,146.0,146.0,146.0,150.0,142.0,149.0,3.0,3027800.0,443457600.0,598.0,119.2,149.0,224000.0,147.0,17300.0,2892000000.0,2892000000.0,592281600.0,85600.0,432500.0,,0.0,0.0,0.0
2026-01-21,149.0,149.0,149.0,149.0,145.0,145.0,-4.0,1991400.0,290113400.0,375.0,116.0,147.0,20700.0,145.0,38300.0,2892000000.0,2892000000.0,592281600.0,299500.0,11400.0,,0.0,0.0,0.0
2026-01-22,145.0,146.0,146.0,147.0,144.0,144.0,-1.0,1468800.0,212235000.0,215.0,115.2,146.0,49600.0,144.0,91300.0,2892000000.0,2892000000.0,592281600.0,30300.0,168100.0,,0.0,0.0,0.0
2026-01-23,144.0,144.0,144.0,146.0,135.0,144.0,0.0,3949600.0,557333300.0,621.0,115.2,144.0,2200.0,143.0,10600.0,2892000000.0,2892000000.0,592281600.0,154100.0,376100.0,,0.0,0.0,0.0
2026-01-26,144.0,145.0,145.0,145.0,139.0,141.0,-3.0,1570500.0,220936900.0,316.0,112.8,141.0,300.0,140.0,15000.0,2892000000.0,2892000000.0,592281600.0,19900.0,170000.0,,0.0,0.0,0.0
2026-01-27,141.0,141.0,141.0,143.0,139.0,142.0,1.0,621700.0,87353500.0,227.0,113.6,143.0,189900.0,142.0,2000.0,2892000000.0,2892000000.0,592281600.0,11900.0,0.0,,0.0,0.0,0.0
2026-01-28,142.0,141.0,141.0,141.0,121.0,131.0,-11.0,3493200.0,449175100.0,692.0,104.8,131.0,107700.0,130.0,9800.0,2892000000.0,2892000000.0,592281600.0,3300.0,204500.0,,0.0,0.0,0.0
2026-01-29,131.0,130.0,130.0,131.0,112.0,128.0,-3.0,5695000.0,670755700.0,631.0,102.4,129.0,111200.0,128.0,400.0,2892000000.0,2892000000.0,592281600.0,113300.0,626300.0,,0.0,0.0,0.0
2026-01-30,128.0,128.0,128.0,133.0,127.0,130.0,2.0,1250400.0,163943700.0,244.0,104.0,132.0,44500.0,130.0,82700.0,2892000000.0,2892000000.0,592281600.0,68400.0,84800.0,,0.0,0.0,0.0
2026-02-02,130.0,130.0,130.0,130.0,112.0,116.0,-14.0,1472300.0,171267200.0,381.0,92.8,117.0,12200.0,116.0,1700.0,2892000000.0,2892000000.0,592281600.0,65500.0,32400.0,,0.0,0.0,0.0
2026-02-03,116.0,116.0,116.0,126.0,111.0,121.0,5.0,1220800.0,145052300.0,392.0,96.8,121.0,100.0,119.0,900.0,2892000000.0,2892000000.0,592281600.0,90300.0,252000.0,,0.0,0.0,0.0
2026-02-04,121.0,122.0,123.0,125.0,118.0,119.0,-2.0,550200.0,67142600.0,202.0,95.2,122.0,18900.0,119.0,4400.0,2892000000.0,2892000000.0,592281600.0,25100.0,4100.0,,0.0,0.0,0.0
2026-02-05,119.0,120.0,120.0,122.0,116.0,119.0,0.0,668300.0,79407300.0,139.0,95.2,120.0,2000.0,118.0,57500.0,2892000000.0,2892000000.0,592281600.0,21400.0,248900.0,,0.0,0.0,0.0
2026-02-06,119.0,117.0,116.0,120.0,113.0,115.0,-4.0,951000.0,110513700.0,213.0,92.0,115.0,71900.0,113.0,22100.0,2892000000.0,2892000000.0,592281600.0,37300.0,317100.0,,0.0,0.0,0.0
2026-02-09,115.0,115.0,115.0,120.0,112.0,117.0,2.0,1360400.0,156706200.0,284.0,93.6,117.0,4400.0,116.0,75300.0,2892000000.0,2892000000.0,592281600.0,37300.0,608500.0,,0.0,0.0,0.0
2026-02-10,117.0,115.0,115.0,130.0,115.0,122.0,5.0,4962100.0,614710100.0,987.0,97.6,122.0,25200.0,121.0,114700.0,2892000000.0,2892000000.0,592281600.0,70900.0,231200.0,,0.0,0.0,0.0
2026-02-11,122.0,125.0,125.0,126.0,122.0,124.0,2.0,407500.0,50246900.0,177.0,99.2,124.0,20400.0,122.0,71700.0,2892000000.0,2892000000.0,592281600.0,10900.0,33300.0,,0.0,0.0,0.0
2026-02-12,124.0,124.0,124.0,125.0,121.0,123.0,-1.0,417900.0,51361300.0,136.0,98.4,123.0,75500.0,122.0,2000.0,2892000000.0,2892000000.0,592281600.0,1300.0,4200.0,,0.0,0.0,0.0
2026-02-13,123.0,122.0,122.0,124.0,121.0,122.0,-1.0,352700.0,43043300.0,112.0,97.6,122.0,52600.0,121.0,143400.0,2892000000.0,2892000000.0,592281600.0,3300.0,10200.0,,0.0,0.0,0.0
2026-02-18,122.0,122.0,124.0,124.0,119.0,123.0,1.0,962300.0,115762200.0,203.0,98.4,124.0,6700.0,123.0,1400.0,2892000000.0,2892000000.0,592281600.0,7100.0,396900.0,,0.0,0.0,0.0
2026-02-19,123.0,124.0,124.0,124.0,121.0,123.0,0.0,256800.0,31527500.0,145.0,98.4,123.0,29300.0,122.0,7300.0,2892000000.0,2892000000.0,592281600.0,23300.0,2300.0,,0.0,0.0,0.0
2026-02-20,123.0,122.0,122.0,124.0,122.0,123.0,0.0,252900.0,31055200.0,74.0,98.4,124.0,255500.0,123.0,700.0,2892000000.0,2892000000.0,592281600.0,27300.0,0.0,,0.0,0.0,0.0
2026-02-23,123.0,123.0,125.0,125.0,122.0,125.0,2.0,532900.0,65895000.0,154.0,100.0,125.0,11300.0,123.0,1500.0,2892000000.0,2892000000.0,592281600.0,27100.0,800.0,,0.0,0.0,0.0
2026-02-24,125.0,128.0,126.0,128.0,121.0,124.0,-1.0,716100.0,88428300.0,219.0,99.2,122.0,20000.0,121.0,61200.0,2892000000.0,2892000000.0,592281600.0,89600.0,9400.0,,0.0,0.0,0.0
2026-02-25,124.0,123.0,123.0,123.0,121.0,122.0,-2.0,478000.0,58387400.0,128.0,97.6,122.0,47700.0,121.0,75700.0,2892000000.0,2892000000.0,592281600.0,49600.0,3700.0,,0.0,0.0,0.0
2026-02-26,122.0,123.0,122.0,123.0,116.0,120.0,-2.0,1268000.0,151028600.0,396.0,96.0,121.0,20000.0,120.0,54300.0,2892000000.0,2892000000.0,592281600.0,45400.0,2700.0,,0.0,0.0,0.0
2026-02-27,120.0,120.0,120.0,121.0,118.0,120.0,0.0,387500.0,46343400.0,135.0,96.0,120.0,11000.0,119.0,19500.0,2892000000.0,2892000000.0,592281600.0,31800.0,0.0,,0.0,0.0,0.0
2026-03-02,120.0,115.0,114.0,116.0,110.0,112.0,-8.0,776200.0,88016700.0,251.0,89.6,112.0,90200.0,111.0,41900.0,2892000000.0,2892000000.0,592281600.0,41900.0,3800.0,,0.0,0.0,0.0
2026-03-03,112.0,110.0,111.0,116.0,110.0,115.0,3.0,425500.0,47909300.0,205.0,92.0,115.0,24200.0,112.0,500.0,2892000000.0,2892000000.0,592281600.0,44500.0,600.0,,0.0,0.0,0.0
2026-03-04,115.0,115.0,114.0,117.0,105.0,112.0,-3.0,1543900.0,170176500.0,319.0,89.6,112.0,29600.0,111.0,24000.0,2892000000.0,2892000000.0,592281600.0,7500.0,4300.0,,0.0,0.0,0.0
2026-03-05,112.0,116.0,116.0,117.0,113.0,115.0,3.0,802400.0,92616300.0,97.0,92.0,116.0,18100.0,115.0,126000.0,2892000000.0,2892000000.0,592281600.0,3800.0,1200.0,,0.0,0.0,0.0
2026-03-06,115.0,117.0,117.0,117.0,109.0,114.0,-1.0,468900.0,53061400.0,101.0,91.2,115.0,8800.0,112.0,10100.0,2892000000.0,2892000000.0,592281600.0,3500.0,3300.0,,0.0,0.0,0.0
2026-03-09,114.0,100.0,103.0,110.0,100.0,102.0,-12.0,1610800.0,165136500.0,447.0,81.6,104.0,3300.0,102.0,200000.0,2892000000.0,2892000000.0,592281600.0,5300.0,1900.0,,0.0,0.0,0.0
2026-03-10,102.0,102.0,105.0,105.0,102.0,104.0,2.0,541400.0,55726600.0,160.0,83.2,104.0,33200.0,103.0,37500.0,2892000000.0,2892000000.0,592281600.0,1000.0,0.0,,0.0,0.0,0.0
2026-03-11,104.0,104.0,110.0,110.0,104.0,105.0,1.0,414200.0,43776700.0,73.0,84.0,105.0,2300.0,104.0,14400.0,2892000000.0,2892000000.0,592281600.0,3200.0,1600.0,,0.0,0.0,0.0
2026-03-12,105.0,105.0,106.0,110.0,98.0,103.0,-2.0,1301900.0,135447900.0,303.0,82.4,104.0,6700.0,102.0,500.0,2892000000.0,2892000000.0,592281600.0,2000.0,2700.0,,0.0,0.0,0.0
2026-03-13,103.0,106.0,106.0,107.0,100.0,105.0,2.0,376300.0,38840900.0,163.0,84.0,104.0,1900.0,100.0,172500.0,2892000000.0,2892000000.0,592281600.0,3200.0,2000.0,,0.0,0.0,0.0
2026-03-16,105.0,105.0,105.0,105.0,98.0,98.0,-7.0,804300.0,79822500.0,144.0,78.4,101.0,10400.0,98.0,119400.0,2892000000.0,2892000000.0,592281600.0,900.0,1300.0,,0.0,0.0,0.0
2026-03-17,98.0,101.0,101.0,101.0,98.0,101.0,3.0,264700.0,26120800.0,85.0,80.8,101.0,8600.0,99.0,2300.0,2892000000.0,2892000000.0,592281600.0,1600.0,1000.0,,0.0,0.0,0.0
2026-03-25,101.0,101.0,100.0,109.0,100.0,105.0,4.0,149900.0,15249500.0,79.0,84.0,105.0,18700.0,102.0,300.0,2892000000.0,2892000000.0,592281600.0,2000.0,500.0,,0.0,0.0,0.0
2026-03-26,105.0,105.0,104.0,105.0,102.0,104.0,-1.0,141000.0,14533300.0,65.0,83.2,104.0,10500.0,102.0,302800.0,2892000000.0,2892000000.0,592281600.0,700.0,800.0,,0.0,0.0,0.0
2026-03-27,104.0,0.0,0.0,105.0,102.0,105.0,1.0,17800.0,1842400.0,49.0,84.0,105.0,119600.0,104.0,700.0,2892000000.0,2892000000.0,592281600.0,700.0,1000.0,,0.0,0.0,0.0
2026-03-30,105.0,104.0,104.0,118.0,101.0,106.0,1.0,1645600.0,177807300.0,347.0,84.8,106.0,35200.0,105.0,60500.0,2892000000.0,2892000000.0,592281600.0,46300.0,7800.0,,0.0,0.0,0.0
2026-03-31,106.0,0.0,0.0,108.0,104.0,105.0,-1.0,285300.0,30084600.0,126.0,84.0,105.0,26200.0,104.0,20300.0,2892000000.0,2892000000.0,592281600.0,500.0,1600.0,,0.0,0.0,0.0
2026-04-01,105.0,105.0,105.0,107.0,104.0,105.0,0.0,186300.0,19600700.0,47.0,84.0,105.0,6600.0,104.0,6900.0,2892000000.0,2892000000.0,592281600.0,400.0,0.0,,0.0,0.0,0.0
2026-04-02,105.0,0.0,0.0,106.0,102.0,102.0,-3.0,161300.0,16621500.0,36.0,81.6,103.0,500.0,102.0,108500.0,2892000000.0,2892000000.0,592281600.0,1100.0,0.0,,0.0,0.0,0.0
2026-04-06,102.0,101.0,101.0,105.0,100.0,102.0,0.0,307500.0,31462400.0,63.0,81.6,103.0,10000.0,102.0,13800.0,2892000000.0,2892000000.0,592281600.0,700.0,600.0,,0.0,0.0,0.0
2026-04-07,102.0,103.0,104.0,105.0,101.0,105.0,3.0,227100.0,23167800.0,129.0,84.0,105.0,49300.0,103.0,3800.0,2892000000.0,2892000000.0,592281600.0,600.0,500.0,,0.0,0.0,0.0
2026-04-08,105.0,105.0,105.0,108.0,103.0,106.0,1.0,549700.0,57921300.0,87.0,84.8,106.0,45000.0,105.0,89600.0,2892000000.0,2892000000.0,592281600.0,700.0,800.0,,0.0,0.0,0.0
2026-04-09,106.0,106.0,105.0,106.0,103.0,105.0,-1.0,388800.0,40562000.0,71.0,84.0,106.0,11100.0,104.0,8500.0,2892000000.0,2892000000.0,592281600.0,1000.0,800.0,,0.0,0.0,0.0
2026-04-10,105.0,106.0,106.0,106.0,104.0,106.0,1.0,307600.0,32409000.0,69.0,84.8,106.0,88800.0,105.0,500.0,2892000000.0,2892000000.0,592281600.0,0.0,100.0,,0.0,0.0,0.0
2026-04-13,106.0,106.0,106.0,108.0,103.0,106.0,0.0,545500.0,57150800.0,175.0,84.8,107.0,2300.0,106.0,21900.0,2892000000.0,2892000000.0,592281600.0,8600.0,2000.0,,0.0,0.0,0.0
2026-04-14,106.0,106.0,107.0,111.0,106.0,108.0,2.0,335300.0,36190100.0,183.0,86.4,110.0,11000.0,108.0,4600.0,2892000000.0,2892000000.0,592281600.0,600.0,500.0,,0.0,0.0,0.0
2026-04-15,108.0,0.0,0.0,116.0,105.0,115.0,7.0,2833600.0,317555500.0,744.0,92.0,115.0,80100.0,113.0,66600.0,2892000000.0,2892000000.0,592281600.0,19900.0,3200.0,,0.0,0.0,0.0
2026-04-16,115.0,115.0,115.0,115.0,112.0,114.0,-1.0,689300.0,78466700.0,200.0,91.2,115.0,108000.0,114.0,6200.0,2892000000.0,2892000000.0,592281600.0,34500.0,500.0,,0.0,0.0,0.0
2026-04-17,114.0,114.0,114.0,123.0,113.0,121.0,7.0,4008000.0,479912600.0,851.0,96.8,121.0,3700.0,120.0,57800.0,2892000000.0,2892000000.0,592281600.0,2100.0,2200.0,,0.0,0.0,0.0
2026-04-20,121.0,120.0,120.0,121.0,117.0,119.0,-2.0,953100.0,112716800.0,184.0,95.2,119.0,6600.0,117.0,42500.0,2892000000.0,2892000000.0,592281600.0,16900.0,500.0,,0.0,0.0,0.0
2026-04-21,119.0,121.0,120.0,121.0,118.0,119.0,0.0,238400.0,28270000.0,65.0,95.2,119.0,18700.0,118.0,64300.0,2892000000.0,2892000000.0,592281600.0,500.0,400.0,,0.0,0.0,0.0
2026-04-22,119.0,117.0,117.0,120.0,117.0,118.0,-1.0,700500.0,82729700.0,127.0,94.4,118.0,8600.0,117.0,58700.0,2892000000.0,2892000000.0,592281600.0,200.0,0.0,,0.0,0.0,0.0
2026-04-23,118.0,117.0,118.0,120.0,117.0,119.0,1.0,292000.0,34418000.0,104.0,95.2,119.0,141400.0,118.0,2300.0,2892000000.0,2892000000.0,592281600.0,600.0,400.0,,0.0,0.0,0.0
2026-04-24,119.0,119.0,118.0,119.0,109.0,112.0,-7.0,715300.0,80482100.0,194.0,89.6,113.0,48900.0,111.0,3500.0,2892000000.0,2892000000.0,592281600.0,45300.0,1200.0,,0.0,0.0,0.0
2026-04-27,112.0,112.0,111.0,118.0,110.0,113.0,1.0,654400.0,74435700.0,203.0,90.4,113.0,36700.0,112.0,1400.0,2892000000.0,2892000000.0,592281600.0,164200.0,1700.0,,0.0,0.0,0.0
2026-04-28,113.0,0.0,0.0,116.0,112.0,113.0,0.0,221000.0,25153800.0,65.0,90.4,114.0,7900.0,113.0,100.0,2892000000.0,2892000000.0,592281600.0,46900.0,100.0,,0.0,0.0,0.0
2026-04-29,113.0,115.0,114.0,116.0,112.0,115.0,2.0,229800.0,26186900.0,188.0,92.0,115.0,80500.0,113.0,9300.0,2892000000.0,2892000000.0,592281600.0,500.0,700.0,,0.0,0.0,0.0
2026-04-30,115.0,0.0,0.0,116.0,110.0,110.0,-5.0,152700.0,17149700.0,92.0,88.0,111.0,3400.0,110.0,13200.0,2892000000.0,2892000000.0,592281600.0,3500.0,600.0,,0.0,0.0,0.0
2026-05-04,110.0,111.0,113.0,128.0,111.0,121.0,11.0,12309400.0,1487965500.0,2055.0,96.8,121.0,15800.0,120.0,4600.0,2892000000.0,2892000000.0,592281600.0,1559000.0,28700.0,,0.0,0.0,0.0
2026-05-05,121.0,122.0,121.0,122.0,117.0,117.0,-4.0,1470100.0,174883600.0,327.0,93.6,118.0,1700.0,117.0,19600.0,2892000000.0,2892000000.0,592281600.0,59300.0,2300.0,,0.0,0.0,0.0
2026-05-06,117.0,117.0,118.0,120.0,114.0,120.0,3.0,1002100.0,116464400.0,192.0,96.0,120.0,58200.0,115.0,103000.0,2892000000.0,2892000000.0,592281600.0,1800.0,1300.0,,0.0,0.0,0.0
2026-05-07,120.0,119.0,118.0,119.0,116.0,118.0,-2.0,219700.0,25905200.0,144.0,94.4,118.0,38900.0,117.0,34000.0,2892000000.0,2892000000.0,592281600.0,1300.0,1600.0,,0.0,0.0,0.0
2026-05-08,118.0,119.0,118.0,119.0,112.0,116.0,-2.0,474600.0,54638400.0,157.0,92.8,116.0,34900.0,113.0,57000.0,2892000000.0,2892000000.0,592281600.0,4000.0,900.0,,0.0,0.0,0.0
