date,previous,open_price,first_trade,high,low,close,change,volume,value,frequency,index_individual,offer,offer_volume,bid,bid_volume,listed_shares,tradeble_shares,weight_for_index,foreign_sell,foreign_buy,delisting_date,non_regular_volume,non_regular_value,non_regular_frequency
2019-07-29,1995.0,0.0,0.0,0.0,0.0,1995.0,0.0,0.0,0.0,0.0,4004.3,2000.0,800.0,1995.0,500.0,676000000.0,676000000.0,676000000.0,0.0,0.0,,0.0,0.0,0.0
2019-07-30,1995.0,0.0,0.0,1995.0,1995.0,1995.0,0.0,500.0,997500.0,1.0,4004.3,1995.0,500.0,1990.0,500.0,676000000.0,676000000.0,676000000.0,0.0,0.0,,0.0,0.0,0.0
2019-07-31,1995.0,0.0,0.0,1995.0,1995.0,1995.0,0.0,500.0,997500.0,1.0,4004.3,1995.0,500.0,1990.0,600.0,676000000.0,676000000.0,676000000.0,0.0,0.0,,0.0,0.0,0.0
2019-08-01,1995.0,0.0,0.0,1995.0,1985.0,1985.0,-10.0,1700.0,3385500.0,3.0,3984.2,1990.0,400.0,1985.0,300.0,676000000.0,676000000.0,676000000.0,0.0,0.0,,0.0,0.0,0.0
2019-08-02,1985.0,0.0,0.0,0.0,0.0,1985.0,0.0,0.0,0.0,0.0,3984.2,1990.0,800.0,1985.0,700.0,676000000.0,676000000.0,676000000.0,0.0,0.0,,0.0,0.0,0.0
2019-08-05,1985.0,0.0,0.0,1985.0,1955.0,1955.0,-30.0,6800.0,13381000.0,13.0,3924.0,1960.0,500.0,1950.0,500.0,676000000.0,676000000.0,676000000.0,0.0,0.0,,0.0,0.0,0.0
2019-08-06,1955.0,0.0,0.0,1955.0,1930.0,1930.0,-25.0,4800.0,9320000.0,13.0,3873.8,1930.0,700.0,1925.0,700.0,676000000.0,676000000.0,676000000.0,0.0,0.0,,0.0,0.0,0.0
2019-08-07,1930.0,0.0,0.0,1925.0,1920.0,1920.0,-10.0,1600.0,3075500.0,2.0,3853.7,1920.0,900.0,1915.0,700.0,676000000.0,676000000.0,676000000.0,0.0,0.0,,0.0,0.0,0.0
2019-08-08,1920.0,0.0,0.0,0.0,0.0,1920.0,0.0,0.0,0.0,0.0,3853.7,1920.0,900.0,1915.0,800.0,676000000.0,676000000.0,676000000.0,0.0,0.0,,0.0,0.0,0.0
2019-08-09,1920.0,0.0,0.0,0.0,0.0,1920.0,0.0,0.0,0.0,0.0,3853.7,1920.0,900.0,1915.0,800.0,676000000.0,676000000.0,676000000.0,0.0,0.0,,0.0,0.0,0.0
2019-08-12,1920.0,0.0,0.0,0.0,0.0,1920.0,0.0,0.0,0.0,0.0,3853.7,1920.0,900.0,1915.0,800.0,676000000.0,676000000.0,676000000.0,0.0,0.0,,0.0,0.0,0.0
2019-08-13,1920.0,0.0,0.0,1915.0,1910.0,1915.0,-5.0,7500.0,14352500.0,7.0,3843.7,1920.0,900.0,1915.0,300.0,676000000.0,676000000.0,676000000.0,0.0,0.0,,0.0,0.0,0.0
2019-08-14,1915.0,0.0,0.0,1915.0,1915.0,1915.0,0.0,500.0,957500.0,1.0,3843.7,1920.0,800.0,1915.0,200.0,676000000.0,676000000.0,676000000.0,0.0,0.0,,0.0,0.0,0.0
2019-08-15,1915.0,0.0,0.0,1915.0,1910.0,1910.0,-5.0,2000.0,3824000.0,5.0,3833.6,1915.0,700.0,1910.0,800.0,676000000.0,676000000.0,676000000.0,0.0,0.0,,0.0,0.0,0.0
2019-08-16,1910.0,0.0,0.0,0.0,0.0,1910.0,0.0,0.0,0.0,0.0,3833.6,1915.0,800.0,1910.0,700.0,676000000.0,676000000.0,676000000.0,0.0,0.0,,0.0,0.0,0.0
2019-08-19,1910.0,0.0,0.0,1910.0,1910.0,1910.0,0.0,700.0,1337000.0,1.0,3833.6,1910.0,300.0,1905.0,300.0,676000000.0,676000000.0,676000000.0,0.0,0.0,,0.0,0.0,0.0
2019-08-20,1910.0,0.0,0.0,1910.0,1910.0,1910.0,0.0,400.0,764000.0,1.0,3833.6,1915.0,500.0,1910.0,700.0,676000000.0,676000000.0,676000000.0,0.0,0.0,,0.0,0.0,0.0
2019-08-21,1910.0,0.0,0.0,1910.0,1910.0,1910.0,0.0,1000.0,1910000.0,2.0,3833.6,1915.0,6700.0,1905.0,400.0,676000000.0,676000000.0,676000000.0,0.0,0.0,,0.0,0.0,0.0
2019-08-22,1910.0,0.0,0.0,0.0,0.0,1910.0,0.0,0.0,0.0,0.0,3833.6,1915.0,900.0,1910.0,800.0,676000000.0,676000000.0,676000000.0,0.0,0.0,,0.0,0.0,0.0
2019-08-23,1910.0,0.0,0.0,1910.0,1910.0,1910.0,0.0,800.0,1528000.0,2.0,3833.6,1915.0,900.0,1905.0,1000.0,676000000.0,676000000.0,676000000.0,0.0,0.0,,0.0,0.0,0.0
2019-08-26,1910.0,0.0,0.0,1910.0,1905.0,1905.0,-5.0,1600.0,3051500.0,5.0,3823.6,1910.0,400.0,1900.0,500.0,676000000.0,676000000.0,676000000.0,0.0,0.0,,0.0,0.0,0.0
2019-08-27,1905.0,0.0,0.0,1900.0,1900.0,1900.0,-5.0,1000.0,1900000.0,4.0,3813.6,1905.0,700.0,1895.0,800.0,676000000.0,676000000.0,676000000.0,0.0,0.0,,0.0,0.0,0.0
2019-08-28,1900.0,0.0,0.0,1900.0,1900.0,1900.0,0.0,800.0,1520000.0,2.0,3813.6,1900.0,200.0,1895.0,900.0,676000000.0,676000000.0,676000000.0,0.0,0.0,,0.0,0.0,0.0
2019-08-29,1900.0,0.0,0.0,0.0,0.0,1900.0,0.0,0.0,0.0,0.0,3813.6,1900.0,900.0,1895.0,800.0,676000000.0,676000000.0,676000000.0,0.0,0.0,,0.0,0.0,0.0
2019-08-30,1900.0,0.0,0.0,1895.0,1895.0,1895.0,-5.0,800.0,1516000.0,1.0,3803.5,1895.0,10200.0,1890.0,800.0,676000000.0,676000000.0,676000000.0,0.0,0.0,,0.0,0.0,0.0
2019-09-02,1895.0,0.0,0.0,0.0,0.0,1895.0,0.0,0.0,0.0,0.0,3803.5,1900.0,20400.0,1895.0,300.0,676000000.0,676000000.0,676000000.0,0.0,0.0,,0.0,0.0,0.0
2019-09-03,1895.0,0.0,0.0,0.0,0.0,1895.0,0.0,0.0,0.0,0.0,3803.5,1900.0,20400.0,1895.0,300.0,676000000.0,676000000.0,676000000.0,0.0,0.0,,0.0,0.0,0.0
2019-09-04,1895.0,0.0,0.0,1895.0,1890.0,1890.0,-5.0,1300.0,2459000.0,5.0,3793.5,1890.0,100.0,1885.0,400.0,676000000.0,676000000.0,676000000.0,0.0,0.0,,0.0,0.0,0.0
2019-09-05,1890.0,0.0,0.0,1885.0,1880.0,1880.0,-10.0,1700.0,3200000.0,4.0,3773.4,1880.0,100.0,1875.0,500.0,676000000.0,676000000.0,676000000.0,0.0,0.0,,0.0,0.0,0.0
2019-09-06,1880.0,0.0,0.0,1880.0,1880.0,1880.0,0.0,700.0,1316000.0,1.0,3773.4,1880.0,9300.0,1875.0,800.0,676000000.0,676000000.0,676000000.0,0.0,0.0,,0.0,0.0,0.0
2019-09-09,1880.0,0.0,0.0,1880.0,1870.0,1870.0,-10.0,2300.0,4311500.0,5.0,3753.4,1875.0,700.0,1865.0,400.0,676000000.0,676000000.0,676000000.0,0.0,0.0,,0.0,0.0,0.0
2019-09-10,1870.0,0.0,0.0,1865.0,1865.0,1865.0,-5.0,800.0,1492000.0,1.0,3743.3,1865.0,200.0,1860.0,900.0,676000000.0,676000000.0,676000000.0,0.0,0.0,,0.0,0.0,0.0
2019-09-11,1865.0,0.0,0.0,1865.0,1865.0,1865.0,0.0,700.0,1305500.0,1.0,3743.3,1870.0,800.0,1860.0,800.0,676000000.0,676000000.0,676000000.0,0.0,0.0,,0.0,0.0,0.0
2019-09-12,1865.0,0.0,0.0,1865.0,1865.0,1865.0,0.0,500.0,932500.0,1.0,3743.3,1870.0,1000.0,1865.0,100.0,676000000.0,676000000.0,676000000.0,0.0,0.0,,0.0,0.0,0.0
2019-09-13,1865.0,0.0,0.0,1865.0,1865.0,1865.0,0.0,800.0,1492000.0,1.0,3743.3,1870.0,800.0,1860.0,1000.0,676000000.0,676000000.0,676000000.0,0.0,0.0,,0.0,0.0,0.0
2019-09-16,1865.0,0.0,0.0,1865.0,1865.0,1865.0,0.0,900.0,1678500.0,1.0,3743.3,1870.0,900.0,1860.0,1100.0,676000000.0,676000000.0,676000000.0,0.0,0.0,,0.0,0.0,0.0
2019-09-17,1865.0,0.0,0.0,1865.0,1855.0,1865.0,0.0,2700.0,5021000.0,5.0,3743.3,1865.0,300.0,1855.0,100.0,676000000.0,676000000.0,676000000.0,0.0,0.0,,0.0,0.0,0.0
2019-09-18,1865.0,0.0,0.0,0.0,0.0,1865.0,0.0,0.0,0.0,0.0,3743.3,1865.0,900.0,1855.0,700.0,676000000.0,676000000.0,676000000.0,0.0,0.0,,0.0,0.0,0.0
2019-09-19,1865.0,0.0,0.0,1860.0,1860.0,1860.0,-5.0,800.0,1488000.0,2.0,3733.3,1860.0,900.0,1855.0,900.0,676000000.0,676000000.0,676000000.0,0.0,0.0,,0.0,0.0,0.0
2019-09-20,1860.0,0.0,0.0,1855.0,1855.0,1855.0,-5.0,800.0,1484000.0,1.0,3723.3,1855.0,200.0,1850.0,800.0,676000000.0,676000000.0,676000000.0,0.0,0.0,,0.0,0.0,0.0
2019-09-23,1855.0,0.0,0.0,1855.0,1850.0,1850.0,-5.0,1700.0,3149000.0,6.0,3713.2,1855.0,200.0,1845.0,1000.0,676000000.0,676000000.0,676000000.0,0.0,0.0,,0.0,0.0,0.0
2019-09-24,1850.0,0.0,0.0,1845.0,1845.0,1845.0,-5.0,600.0,1107000.0,1.0,3703.2,1845.0,400.0,1840.0,700.0,676000000.0,676000000.0,676000000.0,0.0,0.0,,0.0,0.0,0.0
2019-09-25,1845.0,0.0,0.0,1840.0,1835.0,1835.0,-10.0,1500.0,2756000.0,4.0,3683.1,1840.0,300.0,1835.0,100.0,676000000.0,676000000.0,676000000.0,0.0,0.0,,0.0,0.0,0.0
2019-09-26,1835.0,0.0,0.0,1910.0,1835.0,1910.0,75.0,30500.0,57310000.0,49.0,3833.6,1910.0,300.0,1900.0,200.0,676000000.0,676000000.0,676000000.0,500.0,2600.0,,0.0,0.0,0.0
2019-09-27,1910.0,0.0,0.0,1980.0,1905.0,1965.0,55.0,16400.0,31895000.0,31.0,3944.0,1980.0,900.0,1965.0,100.0,676000000.0,676000000.0,676000000.0,1600.0,2400.0,,0.0,0.0,0.0
2019-09-30,1965.0,0.0,0.0,2050.0,1960.0,2010.0,45.0,52000.0,104555500.0,41.0,4034.4,2050.0,900.0,2000.0,51100.0,676000000.0,676000000.0,676000000.0,0.0,1400.0,,0.0,0.0,0.0
2019-10-01,2010.0,0.0,0.0,1980.0,1880.0,1895.0,-115.0,5000.0,9723500.0,17.0,3803.5,1895.0,1800.0,1880.0,800.0,676000000.0,676000000.0,676000000.0,1500.0,0.0,,0.0,0.0,0.0
2019-10-02,1895.0,0.0,0.0,1900.0,1900.0,1900.0,5.0,300.0,570000.0,3.0,3813.6,1900.0,9100.0,1890.0,100.0,676000000.0,676000000.0,676000000.0,0.0,0.0,,0.0,0.0,0.0
2019-10-03,1900.0,0.0,0.0,1880.0,1875.0,1875.0,-25.0,1800.0,3380000.0,5.0,3763.4,1875.0,200.0,1870.0,500.0,676000000.0,676000000.0,676000000.0,0.0,0.0,,0.0,0.0,0.0
2019-10-04,1875.0,0.0,0.0,1870.0,1795.0,1835.0,-40.0,15400.0,28131500.0,39.0,3683.1,1840.0,5600.0,1835.0,500.0,676000000.0,676000000.0,676000000.0,0.0,0.0,,0.0,0.0,0.0
2019-10-07,1835.0,0.0,0.0,1840.0,1815.0,1815.0,-20.0,3900.0,7122000.0,11.0,3643.0,1815.0,100.0,1810.0,500.0,676000000.0,676000000.0,676000000.0,2000.0,200.0,,0.0,0.0,0.0
2019-10-08,1815.0,0.0,0.0,1815.0,1815.0,1815.0,0.0,600.0,1089000.0,2.0,3643.0,1820.0,700.0,1815.0,700.0,676000000.0,676000000.0,676000000.0,0.0,0.0,,0.0,0.0,0.0
2019-10-09,1815.0,0.0,0.0,0.0,0.0,1815.0,0.0,0.0,0.0,0.0,3643.0,1820.0,800.0,1815.0,700.0,676000000.0,676000000.0,676000000.0,0.0,0.0,,0.0,0.0,0.0
2019-10-10,1815.0,0.0,0.0,1825.0,1820.0,1820.0,5.0,3200.0,5832000.0,5.0,3653.0,1820.0,2000.0,1815.0,700.0,676000000.0,676000000.0,676000000.0,0.0,0.0,,0.0,0.0,0.0
2019-10-11,1820.0,0.0,0.0,1815.0,1815.0,1815.0,-5.0,800.0,1452000.0,2.0,3643.0,1815.0,300.0,1810.0,900.0,676000000.0,676000000.0,676000000.0,0.0,0.0,,0.0,0.0,0.0
2019-10-14,1815.0,0.0,0.0,0.0,0.0,1815.0,0.0,0.0,0.0,0.0,3643.0,1815.0,800.0,1810.0,700.0,676000000.0,676000000.0,676000000.0,0.0,0.0,,0.0,0.0,0.0
2019-10-15,1815.0,0.0,0.0,1810.0,1810.0,1810.0,-5.0,700.0,1267000.0,1.0,3632.9,1810.0,2300.0,1805.0,800.0,676000000.0,676000000.0,676000000.0,0.0,0.0,,857800.0,1535462000.0,1.0
2019-10-16,1810.0,0.0,0.0,1805.0,1805.0,1805.0,-5.0,500.0,902500.0,1.0,3622.9,1810.0,900.0,1805.0,300.0,676000000.0,676000000.0,676000000.0,500.0,0.0,,0.0,0.0,0.0
2019-10-17,1805.0,0.0,0.0,0.0,0.0,1805.0,0.0,0.0,0.0,0.0,3622.9,1810.0,800.0,1805.0,700.0,676000000.0,676000000.0,676000000.0,0.0,0.0,,0.0,0.0,0.0
2019-10-18,1805.0,0.0,0.0,0.0,0.0,1805.0,0.0,0.0,0.0,0.0,3622.9,1810.0,800.0,1805.0,700.0,676000000.0,676000000.0,676000000.0,0.0,0.0,,0.0,0.0,0.0
2019-10-21,1805.0,0.0,0.0,1805.0,1790.0,1790.0,-15.0,2300.0,4137000.0,7.0,3592.8,1810.0,800.0,1785.0,600.0,676000000.0,676000000.0,676000000.0,0.0,0.0,,0.0,0.0,0.0
2019-10-22,1790.0,0.0,0.0,1785.0,1785.0,1785.0,-5.0,500.0,892500.0,1.0,3582.8,1790.0,10700.0,1785.0,300.0,676000000.0,676000000.0,676000000.0,500.0,0.0,,0.0,0.0,0.0
2019-10-23,1785.0,0.0,0.0,1790.0,1785.0,1785.0,0.0,800.0,1428500.0,2.0,3582.8,1790.0,10700.0,1780.0,700.0,676000000.0,676000000.0,676000000.0,0.0,0.0,,0.0,0.0,0.0
2019-10-24,1785.0,0.0,0.0,0.0,0.0,1785.0,0.0,0.0,0.0,0.0,3582.8,1785.0,700.0,1780.0,800.0,676000000.0,676000000.0,676000000.0,0.0,0.0,,0.0,0.0,0.0
2019-10-25,1785.0,0.0,0.0,0.0,0.0,1785.0,0.0,0.0,0.0,0.0,3582.8,1785.0,700.0,1780.0,800.0,676000000.0,676000000.0,676000000.0,0.0,0.0,,0.0,0.0,0.0
2019-10-28,1785.0,0.0,0.0,1780.0,1775.0,1775.0,-10.0,1700.0,3021500.0,4.0,3562.7,1785.0,700.0,1770.0,400.0,676000000.0,676000000.0,676000000.0,0.0,0.0,,0.0,0.0,0.0
2019-10-29,1775.0,0.0,0.0,1775.0,1775.0,1775.0,0.0,1500.0,2662500.0,3.0,3562.7,1775.0,300.0,1770.0,800.0,676000000.0,676000000.0,676000000.0,0.0,0.0,,0.0,0.0,0.0
2019-10-30,1775.0,0.0,0.0,0.0,0.0,1775.0,0.0,0.0,0.0,0.0,3562.7,1775.0,600.0,1770.0,900.0,676000000.0,676000000.0,676000000.0,0.0,0.0,,0.0,0.0,0.0
2019-10-31,1775.0,0.0,0.0,1770.0,1770.0,1770.0,-5.0,100.0,177000.0,1.0,3552.6,1775.0,600.0,1770.0,800.0,676000000.0,676000000.0,676000000.0,0.0,0.0,,0.0,0.0,0.0
2019-11-01,1770.0,0.0,0.0,0.0,0.0,1770.0,0.0,0.0,0.0,0.0,3552.6,1775.0,700.0,1770.0,900.0,676000000.0,676000000.0,676000000.0,0.0,0.0,,0.0,0.0,0.0
2019-11-04,1770.0,0.0,0.0,1770.0,1770.0,1770.0,0.0,100.0,177000.0,1.0,3552.6,1775.0,700.0,1770.0,800.0,676000000.0,676000000.0,676000000.0,0.0,0.0,,0.0,0.0,0.0
2019-11-05,1770.0,0.0,0.0,0.0,0.0,1770.0,0.0,0.0,0.0,0.0,3552.6,1775.0,600.0,1770.0,700.0,676000000.0,676000000.0,676000000.0,0.0,0.0,,0.0,0.0,0.0
2019-11-06,1770.0,0.0,0.0,1780.0,1775.0,1780.0,10.0,4500.0,7999000.0,9.0,3572.7,1785.0,700.0,1780.0,1700.0,676000000.0,676000000.0,676000000.0,0.0,0.0,,0.0,0.0,0.0
2019-11-07,1780.0,0.0,0.0,0.0,0.0,1780.0,0.0,0.0,0.0,0.0,3572.7,1785.0,700.0,1780.0,800.0,676000000.0,676000000.0,676000000.0,0.0,0.0,,0.0,0.0,0.0
2019-11-08,1780.0,0.0,0.0,0.0,0.0,1780.0,0.0,0.0,0.0,0.0,3572.7,1785.0,800.0,1780.0,800.0,676000000.0,676000000.0,676000000.0,0.0,0.0,,0.0,0.0,0.0
2019-11-11,1780.0,0.0,0.0,0.0,0.0,1780.0,0.0,0.0,0.0,0.0,3572.7,1785.0,700.0,1780.0,800.0,676000000.0,676000000.0,676000000.0,0.0,0.0,,0.0,0.0,0.0
2019-11-12,1780.0,0.0,0.0,0.0,0.0,1780.0,0.0,0.0,0.0,0.0,3572.7,1785.0,700.0,1780.0,800.0,676000000.0,676000000.0,676000000.0,0.0,0.0,,0.0,0.0,0.0
2019-11-13,1780.0,0.0,0.0,0.0,0.0,1780.0,0.0,0.0,0.0,0.0,3572.7,1785.0,700.0,1780.0,800.0,676000000.0,676000000.0,676000000.0,0.0,0.0,,0.0,0.0,0.0
2019-11-14,1780.0,0.0,0.0,0.0,0.0,1780.0,0.0,0.0,0.0,0.0,3572.7,1785.0,700.0,1780.0,800.0,676000000.0,676000000.0,676000000.0,0.0,0.0,,0.0,0.0,0.0
2019-11-15,1780.0,0.0,0.0,1780.0,1775.0,1775.0,-5.0,1900.0,3376500.0,5.0,3562.7,1785.0,700.0,1770.0,1000.0,676000000.0,676000000.0,676000000.0,0.0,0.0,,0.0,0.0,0.0
2019-11-18,1775.0,0.0,0.0,0.0,0.0,1775.0,0.0,0.0,0.0,0.0,3562.7,1775.0,900.0,1770.0,800.0,676000000.0,676000000.0,676000000.0,0.0,0.0,,0.0,0.0,0.0
2019-11-19,1775.0,0.0,0.0,1775.0,1770.0,1775.0,0.0,1300.0,2303500.0,5.0,3562.7,1775.0,400.0,1770.0,100.0,676000000.0,676000000.0,676000000.0,0.0,0.0,,0.0,0.0,0.0
2019-11-20,1775.0,0.0,0.0,1775.0,1770.0,1775.0,0.0,1300.0,2304500.0,4.0,3562.7,1780.0,900.0,1770.0,100.0,676000000.0,676000000.0,676000000.0,0.0,0.0,,0.0,0.0,0.0
2019-11-21,1775.0,0.0,0.0,1775.0,1775.0,1775.0,0.0,1000.0,1775000.0,4.0,3562.7,1780.0,800.0,1770.0,2000.0,676000000.0,676000000.0,676000000.0,0.0,0.0,,0.0,0.0,0.0
2019-11-22,1775.0,0.0,0.0,1770.0,1770.0,1770.0,-5.0,600.0,1062000.0,1.0,3552.6,1775.0,800.0,1770.0,100.0,676000000.0,676000000.0,676000000.0,0.0,0.0,,0.0,0.0,0.0
2019-11-25,1770.0,0.0,0.0,0.0,0.0,1770.0,0.0,0.0,0.0,0.0,3552.6,1775.0,800.0,1770.0,800.0,676000000.0,676000000.0,676000000.0,0.0,0.0,,0.0,0.0,0.0
2019-11-26,1770.0,0.0,0.0,0.0,0.0,1770.0,0.0,0.0,0.0,0.0,3552.6,1775.0,800.0,1770.0,700.0,676000000.0,676000000.0,676000000.0,0.0,0.0,,0.0,0.0,0.0
2019-11-27,1770.0,0.0,0.0,1770.0,1770.0,1770.0,0.0,1500.0,2655000.0,3.0,3552.6,1775.0,800.0,1765.0,700.0,676000000.0,676000000.0,676000000.0,0.0,0.0,,0.0,0.0,0.0
2019-11-28,1770.0,0.0,0.0,1770.0,1765.0,1765.0,-5.0,180700.0,319393000.0,60.0,3542.6,1775.0,700.0,1765.0,800.0,676000000.0,676000000.0,676000000.0,0.0,0.0,,0.0,0.0,0.0
2019-11-29,1765.0,0.0,0.0,1765.0,1765.0,1765.0,0.0,700.0,1235500.0,1.0,3542.6,1770.0,800.0,1765.0,100.0,676000000.0,676000000.0,676000000.0,0.0,0.0,,0.0,0.0,0.0
2019-12-02,1765.0,0.0,0.0,1765.0,1765.0,1765.0,0.0,800.0,1412000.0,2.0,3542.6,1770.0,800.0,1760.0,700.0,676000000.0,676000000.0,676000000.0,0.0,0.0,,0.0,0.0,0.0
2019-12-03,1765.0,0.0,0.0,1765.0,1765.0,1765.0,0.0,800.0,1412000.0,2.0,3542.6,1770.0,800.0,1760.0,800.0,676000000.0,676000000.0,676000000.0,0.0,0.0,,0.0,0.0,0.0
2019-12-04,1765.0,0.0,0.0,1810.0,1765.0,1810.0,45.0,23900.0,42847000.0,40.0,3632.9,1815.0,1500.0,1810.0,7100.0,676000000.0,676000000.0,676000000.0,0.0,0.0,,2600000.0,4589000000.0,1.0
2019-12-05,1810.0,0.0,0.0,1810.0,1800.0,1800.0,-10.0,6400.0,11539000.0,7.0,3612.9,1800.0,1200.0,1795.0,1700.0,676000000.0,676000000.0,676000000.0,0.0,0.0,,0.0,0.0,0.0
2019-12-06,1800.0,0.0,0.0,1795.0,1795.0,1795.0,-5.0,1200.0,2154000.0,1.0,3602.8,1795.0,1800.0,1790.0,1500.0,676000000.0,676000000.0,676000000.0,0.0,0.0,,0.0,0.0,0.0
2019-12-09,1795.0,0.0,0.0,1805.0,1790.0,1805.0,10.0,14200.0,25545000.0,28.0,3622.9,1805.0,3500.0,1800.0,300.0,676000000.0,676000000.0,676000000.0,0.0,0.0,,0.0,0.0,0.0
2019-12-10,1805.0,0.0,0.0,1800.0,1800.0,1800.0,-5.0,2300.0,4140000.0,4.0,3612.9,1800.0,2800.0,1795.0,1300.0,676000000.0,676000000.0,676000000.0,0.0,0.0,,0.0,0.0,0.0
2019-12-11,1800.0,0.0,0.0,1800.0,1795.0,1795.0,-5.0,3100.0,5572500.0,6.0,3602.8,1800.0,10000.0,1790.0,1500.0,676000000.0,676000000.0,676000000.0,0.0,0.0,,0.0,0.0,0.0
2019-12-12,1795.0,0.0,0.0,1795.0,1790.0,1790.0,-5.0,5100.0,9136500.0,6.0,3592.8,1800.0,3500.0,1785.0,1900.0,676000000.0,676000000.0,676000000.0,0.0,0.0,,0.0,0.0,0.0
2019-12-13,1790.0,0.0,0.0,1820.0,1790.0,1820.0,30.0,10800.0,19512000.0,20.0,3653.0,1820.0,200.0,1815.0,700.0,676000000.0,676000000.0,676000000.0,0.0,0.0,,0.0,0.0,0.0
2019-12-16,1820.0,0.0,0.0,1835.0,1820.0,1835.0,15.0,4400.0,8041500.0,8.0,3683.1,1840.0,600.0,1835.0,300.0,676000000.0,676000000.0,676000000.0,0.0,0.0,,1879900.0,3421418000.0,1.0
2019-12-17,1835.0,0.0,0.0,0.0,0.0,1835.0,0.0,0.0,0.0,0.0,3683.1,1840.0,700.0,1835.0,700.0,676000000.0,676000000.0,676000000.0,0.0,0.0,,0.0,0.0,0.0
2019-12-18,1835.0,0.0,0.0,1835.0,1835.0,1835.0,0.0,700.0,1284500.0,2.0,3683.1,1840.0,700.0,1830.0,800.0,676000000.0,676000000.0,676000000.0,0.0,0.0,,0.0,0.0,0.0
2019-12-19,1835.0,0.0,0.0,1835.0,1835.0,1835.0,0.0,800.0,1468000.0,2.0,3683.1,1840.0,900.0,1830.0,900.0,676000000.0,676000000.0,676000000.0,0.0,0.0,,0.0,0.0,0.0
2019-12-20,1835.0,0.0,0.0,1855.0,1835.0,1835.0,0.0,10100.0,18613500.0,26.0,3683.1,1860.0,600.0,1830.0,800.0,676000000.0,676000000.0,676000000.0,0.0,0.0,,0.0,0.0,0.0
2019-12-23,1835.0,0.0,0.0,1855.0,1840.0,1855.0,20.0,4800.0,8870500.0,14.0,3723.3,1860.0,900.0,1850.0,1400.0,676000000.0,676000000.0,676000000.0,0.0,0.0,,0.0,0.0,0.0
2019-12-26,1855.0,0.0,0.0,1855.0,1850.0,1855.0,0.0,1500.0,2777500.0,3.0,3723.3,1855.0,1400.0,1850.0,400.0,676000000.0,676000000.0,676000000.0,0.0,0.0,,0.0,0.0,0.0
2019-12-27,1855.0,0.0,0.0,1855.0,1855.0,1855.0,0.0,100.0,185500.0,1.0,3723.3,1855.0,700.0,1850.0,1000.0,676000000.0,676000000.0,676000000.0,0.0,0.0,,0.0,0.0,0.0
2019-12-30,1855.0,0.0,0.0,1975.0,1850.0,1975.0,120.0,10000.0,19131000.0,24.0,3964.1,0.0,0.0,0.0,0.0,676000000.0,676000000.0,687266666.0,0.0,0.0,,0.0,0.0,0.0
2020-01-02,1975.0,0.0,0.0,1900.0,1890.0,1900.0,-75.0,3000.0,5680000.0,12.0,3813.6,1900.0,900.0,1890.0,700.0,676000000.0,676000000.0,687266666.0,0.0,0.0,,0.0,0.0,0.0
2020-01-03,1900.0,0.0,0.0,1900.0,1860.0,1860.0,-40.0,3400.0,6379500.0,14.0,3733.3,1870.0,100.0,1860.0,800.0,676000000.0,676000000.0,687266666.0,0.0,0.0,,0.0,0.0,0.0
2020-01-06,1860.0,0.0,0.0,1890.0,1860.0,1890.0,30.0,13600.0,25605500.0,21.0,3793.5,1890.0,3600.0,1885.0,1100.0,676000000.0,676000000.0,687266666.0,0.0,0.0,,0.0,0.0,0.0
2020-01-07,1890.0,0.0,0.0,1910.0,1890.0,1910.0,20.0,7400.0,14071500.0,18.0,3833.6,1915.0,700.0,1905.0,600.0,676000000.0,676000000.0,687266666.0,0.0,0.0,,0.0,0.0,0.0
2020-01-08,1910.0,0.0,0.0,1925.0,1850.0,1850.0,-60.0,13100.0,24939500.0,20.0,3713.2,1860.0,700.0,1840.0,1000.0,676000000.0,676000000.0,687266666.0,0.0,0.0,,0.0,0.0,0.0
2020-01-09,1850.0,0.0,0.0,1845.0,1815.0,1815.0,-35.0,6400.0,11695000.0,18.0,3643.0,1815.0,600.0,1810.0,1400.0,676000006.0,676000006.0,687266666.0,0.0,0.0,,0.0,0.0,0.0
2020-01-10,1815.0,0.0,0.0,1810.0,1800.0,1800.0,-15.0,3200.0,5772500.0,8.0,3612.9,1805.0,600.0,1800.0,800.0,676000006.0,676000006.0,687266666.0,0.0,0.0,,0.0,0.0,0.0
2020-01-13,1800.0,0.0,0.0,1800.0,1800.0,1800.0,0.0,100.0,180000.0,1.0,3612.9,1805.0,800.0,1800.0,600.0,676000007.0,676000007.0,687266666.0,0.0,0.0,,0.0,0.0,0.0
2020-01-14,1800.0,0.0,0.0,1870.0,1805.0,1855.0,55.0,21300.0,39277000.0,43.0,3723.3,1855.0,500.0,1850.0,1100.0,676000007.0,676000007.0,687266666.0,0.0,0.0,,0.0,0.0,0.0
2020-01-15,1855.0,0.0,0.0,1860.0,1845.0,1850.0,-5.0,9400.0,17412000.0,23.0,3713.2,1850.0,1300.0,1845.0,800.0,679666176.0,679666176.0,687266666.0,0.0,0.0,,0.0,0.0,0.0
2020-01-16,1850.0,0.0,0.0,1870.0,1850.0,1870.0,20.0,5000.0,9295500.0,10.0,3753.4,1875.0,800.0,1865.0,500.0,679666176.0,679666176.0,687266666.0,0.0,500.0,,0.0,0.0,0.0
2020-01-17,1870.0,0.0,0.0,1870.0,1860.0,1870.0,0.0,3400.0,6337500.0,8.0,3753.4,1875.0,800.0,1865.0,300.0,679666176.0,679666176.0,687266666.0,500.0,0.0,,0.0,0.0,0.0
2020-01-20,1870.0,0.0,0.0,1900.0,1875.0,1900.0,30.0,8000.0,15105000.0,15.0,3813.6,1905.0,1000.0,1900.0,1200.0,687266666.0,687266666.0,687266666.0,0.0,0.0,,0.0,0.0,0.0
2020-01-21,1900.0,0.0,0.0,1900.0,1890.0,1890.0,-10.0,2600.0,4927000.0,8.0,3793.5,1895.0,800.0,1885.0,300.0,687266666.0,687266666.0,687266666.0,0.0,0.0,,0.0,0.0,0.0
2020-01-22,1890.0,0.0,0.0,1890.0,1890.0,1890.0,0.0,100.0,189000.0,1.0,3793.5,1895.0,700.0,1890.0,700.0,687266666.0,687266666.0,687266666.0,0.0,0.0,,0.0,0.0,0.0
2020-01-23,1890.0,0.0,0.0,1890.0,1890.0,1890.0,0.0,10800.0,20412000.0,11.0,3793.5,1895.0,800.0,1890.0,1100.0,687266666.0,687266666.0,687266666.0,0.0,0.0,,399573.0,751197240.0,2.0
2020-01-24,1890.0,0.0,0.0,1895.0,1890.0,1895.0,5.0,50400.0,95406000.0,18.0,3803.5,1895.0,500.0,1890.0,7700.0,687266666.0,687266666.0,687266666.0,0.0,0.0,,0.0,0.0,0.0
2020-01-27,1895.0,0.0,0.0,1895.0,1890.0,1895.0,0.0,21300.0,40312000.0,17.0,3803.5,1900.0,1000.0,1895.0,1000.0,687266666.0,687266666.0,687266666.0,0.0,0.0,,0.0,0.0,0.0
2020-01-28,1895.0,0.0,0.0,1895.0,1890.0,1890.0,-5.0,20900.0,39555500.0,15.0,3793.5,1895.0,700.0,1890.0,800.0,687266666.0,687266666.0,687266666.0,0.0,0.0,,0.0,0.0,0.0
2020-01-29,1890.0,0.0,0.0,1895.0,1880.0,1890.0,0.0,85500.0,161377500.0,66.0,3793.5,1895.0,700.0,1885.0,800.0,687266666.0,687266666.0,687266666.0,0.0,0.0,,0.0,0.0,0.0
2020-01-30,1890.0,0.0,0.0,1895.0,1875.0,1895.0,5.0,151900.0,286020500.0,109.0,3803.5,1900.0,900.0,1895.0,900.0,687266666.0,687266666.0,687266666.0,0.0,0.0,,21165000.0,40001850000.0,1.0
2020-01-31,1895.0,0.0,0.0,1895.0,1890.0,1895.0,0.0,81400.0,154078000.0,75.0,3803.5,1895.0,1100.0,1890.0,1000.0,687266666.0,687266666.0,687266666.0,0.0,0.0,,0.0,0.0,0.0
2020-02-03,1895.0,0.0,0.0,1890.0,1875.0,1890.0,-5.0,65100.0,122605500.0,60.0,3793.5,1895.0,1000.0,1890.0,800.0,687266666.0,687266666.0,687266666.0,0.0,0.0,,0.0,0.0,0.0
2020-02-04,1890.0,0.0,0.0,1895.0,1880.0,1895.0,5.0,56000.0,105777500.0,64.0,3803.5,1900.0,900.0,1895.0,200.0,687266666.0,687266666.0,687266666.0,0.0,0.0,,0.0,0.0,0.0
2020-02-05,1895.0,0.0,0.0,1900.0,1880.0,1900.0,5.0,66600.0,125867000.0,65.0,3813.6,1905.0,900.0,1900.0,700.0,687266666.0,687266666.0,687266666.0,0.0,0.0,,0.0,0.0,0.0
2020-02-06,1900.0,0.0,0.0,1905.0,1890.0,1900.0,0.0,45300.0,85941500.0,31.0,3813.6,1905.0,900.0,1895.0,800.0,687266666.0,687266666.0,687266666.0,0.0,0.0,,0.0,0.0,0.0
2020-02-07,1900.0,0.0,0.0,1900.0,1885.0,1900.0,0.0,27500.0,52043500.0,33.0,3813.6,1905.0,600.0,1895.0,900.0,687266666.0,687266666.0,687266666.0,0.0,0.0,,0.0,0.0,0.0
2020-02-10,1900.0,0.0,0.0,1900.0,1880.0,1890.0,-10.0,38000.0,71883500.0,32.0,3793.5,1895.0,1600.0,1875.0,900.0,687266666.0,687266666.0,687266666.0,0.0,0.0,,0.0,0.0,0.0
2020-02-11,1890.0,0.0,0.0,1890.0,1800.0,1835.0,-55.0,77800.0,143288500.0,134.0,3683.1,1840.0,700.0,1830.0,400.0,687266666.0,687266666.0,687266666.0,0.0,0.0,,0.0,0.0,0.0
2020-02-12,1835.0,0.0,0.0,1840.0,1785.0,1830.0,-5.0,82500.0,148887500.0,101.0,3673.1,1835.0,400.0,1830.0,1200.0,687266666.0,687266666.0,687266666.0,0.0,0.0,,0.0,0.0,0.0
2020-02-13,1830.0,0.0,0.0,1830.0,1780.0,1800.0,-30.0,110400.0,200675500.0,103.0,3612.9,1805.0,500.0,1780.0,800.0,687266666.0,687266666.0,687266666.0,0.0,0.0,,0.0,0.0,0.0
2020-02-14,1800.0,0.0,0.0,1800.0,1750.0,1800.0,0.0,126500.0,225169500.0,102.0,3612.9,1805.0,700.0,1785.0,400.0,687266666.0,687266666.0,687266666.0,0.0,0.0,,0.0,0.0,0.0
2020-02-17,1800.0,0.0,0.0,1795.0,1770.0,1795.0,-5.0,32000.0,57185000.0,64.0,3602.8,1800.0,800.0,1790.0,1000.0,687266666.0,687266666.0,687266666.0,0.0,0.0,,0.0,0.0,0.0
2020-02-18,1795.0,0.0,0.0,1795.0,1790.0,1795.0,0.0,6700.0,12014500.0,12.0,3602.8,1795.0,900.0,1790.0,600.0,687266666.0,687266666.0,687266666.0,0.0,0.0,,0.0,0.0,0.0
2020-02-19,1795.0,0.0,0.0,1795.0,1795.0,1795.0,0.0,1700.0,3051500.0,3.0,3602.8,1800.0,1900.0,1790.0,700.0,687266666.0,687266666.0,687266666.0,0.0,0.0,,0.0,0.0,0.0
2020-02-20,1795.0,0.0,0.0,1795.0,1790.0,1795.0,0.0,4600.0,8246500.0,9.0,3602.8,1800.0,1800.0,1795.0,1700.0,687266666.0,687266666.0,687266666.0,0.0,0.0,,0.0,0.0,0.0
2020-02-21,1795.0,0.0,0.0,1795.0,1795.0,1795.0,0.0,2000.0,3590000.0,4.0,3602.8,1800.0,1600.0,1795.0,200.0,687266666.0,687266666.0,687266666.0,0.0,0.0,,0.0,0.0,0.0
2020-02-24,1795.0,0.0,0.0,1795.0,1785.0,1785.0,-10.0,4400.0,7876000.0,8.0,3582.8,1790.0,800.0,1785.0,500.0,687266666.0,687266666.0,687266666.0,0.0,0.0,,0.0,0.0,0.0
2020-02-25,1785.0,0.0,0.0,1805.0,1775.0,1775.0,-10.0,7100.0,12683000.0,11.0,3562.7,1785.0,800.0,1775.0,200.0,687266666.0,687266666.0,687266666.0,0.0,0.0,,0.0,0.0,0.0
2020-02-26,1775.0,0.0,0.0,1775.0,1760.0,1770.0,-5.0,6100.0,10777500.0,11.0,3552.6,1775.0,1200.0,1765.0,800.0,687266666.0,687266666.0,687266666.0,0.0,0.0,,0.0,0.0,0.0
2020-02-27,1770.0,0.0,0.0,1770.0,1760.0,1760.0,-10.0,4200.0,7403000.0,8.0,3532.6,1765.0,900.0,1755.0,1200.0,687266666.0,687266666.0,687266666.0,0.0,0.0,,0.0,0.0,0.0
2020-02-28,1760.0,0.0,0.0,1760.0,1745.0,1745.0,-15.0,5500.0,9623500.0,8.0,3502.5,1750.0,800.0,1740.0,900.0,687266666.0,687266666.0,687266666.0,0.0,0.0,,0.0,0.0,0.0
2020-03-02,1745.0,0.0,0.0,1745.0,1735.0,1735.0,-10.0,4000.0,6960500.0,8.0,3482.4,1735.0,300.0,1730.0,800.0,687266666.0,687266666.0,687266666.0,0.0,0.0,,0.0,0.0,0.0
2020-03-03,1735.0,0.0,0.0,1745.0,1735.0,1745.0,10.0,2200.0,3828000.0,3.0,3502.5,1750.0,500.0,1740.0,800.0,687266666.0,687266666.0,687266666.0,0.0,0.0,,0.0,0.0,0.0
2020-03-04,1745.0,0.0,0.0,1750.0,1745.0,1750.0,5.0,2700.0,4723000.0,5.0,3512.5,1755.0,900.0,1745.0,400.0,687266666.0,687266666.0,687266666.0,0.0,0.0,,0.0,0.0,0.0
2020-03-05,1750.0,0.0,0.0,1755.0,1745.0,1755.0,5.0,7900.0,13814000.0,9.0,3522.5,1760.0,800.0,1745.0,1100.0,687266666.0,687266666.0,687266666.0,0.0,0.0,,0.0,0.0,0.0
2020-03-06,1755.0,0.0,0.0,1755.0,1750.0,1750.0,-5.0,3300.0,5783000.0,7.0,3512.5,1750.0,600.0,1745.0,700.0,687266666.0,687266666.0,687266666.0,0.0,0.0,,0.0,0.0,0.0
2020-03-09,1750.0,0.0,0.0,0.0,0.0,1750.0,0.0,0.0,0.0,0.0,3512.5,1750.0,700.0,1745.0,700.0,687266666.0,687266666.0,687266666.0,0.0,0.0,,0.0,0.0,0.0
2020-03-10,1750.0,0.0,0.0,1755.0,1750.0,1755.0,5.0,3700.0,6486000.0,7.0,3522.5,1760.0,1700.0,1750.0,500.0,687266666.0,687266666.0,687266666.0,0.0,0.0,,0.0,0.0,0.0
2020-03-11,1755.0,0.0,0.0,1755.0,1755.0,1755.0,0.0,200.0,351000.0,2.0,3522.5,1760.0,800.0,1755.0,600.0,687266666.0,687266666.0,687266666.0,0.0,0.0,,0.0,0.0,0.0
2020-03-12,1755.0,0.0,0.0,1755.0,1745.0,1745.0,-10.0,6200.0,10854500.0,11.0,3502.5,1750.0,700.0,1745.0,200.0,687266666.0,687266666.0,687266666.0,0.0,0.0,,0.0,0.0,0.0
2020-03-13,1745.0,0.0,0.0,1745.0,1725.0,1735.0,-10.0,8200.0,14224000.0,18.0,3482.4,1735.0,800.0,1725.0,800.0,687266666.0,687266666.0,687266666.0,0.0,0.0,,0.0,0.0,0.0
2020-03-16,1735.0,0.0,0.0,1730.0,1730.0,1730.0,-5.0,1000.0,1730000.0,2.0,3472.4,1735.0,700.0,1725.0,800.0,687266666.0,687266666.0,687266666.0,0.0,0.0,,0.0,0.0,0.0
2020-03-17,1730.0,0.0,0.0,1730.0,1725.0,1725.0,-5.0,700.0,1208500.0,3.0,3462.3,1730.0,500.0,1725.0,200.0,687266666.0,687266666.0,687266666.0,0.0,0.0,,0.0,0.0,0.0
2020-03-18,1725.0,0.0,0.0,1720.0,1720.0,1720.0,-5.0,700.0,1204000.0,1.0,3452.3,1725.0,600.0,1715.0,800.0,687266666.0,687266666.0,687266666.0,0.0,0.0,,0.0,0.0,0.0
2020-03-19,1720.0,0.0,0.0,0.0,0.0,1720.0,0.0,0.0,0.0,0.0,3452.3,1720.0,800.0,1715.0,700.0,687266666.0,687266666.0,687266666.0,0.0,0.0,,3050000.0,5246000000.0,1.0
2020-03-20,1720.0,0.0,0.0,1720.0,1710.0,1720.0,0.0,2800.0,4805500.0,4.0,3452.3,1725.0,900.0,1705.0,600.0,687266666.0,687266666.0,687266666.0,0.0,0.0,,0.0,0.0,0.0
2020-03-23,1720.0,0.0,0.0,0.0,0.0,1720.0,0.0,0.0,0.0,0.0,3452.3,1720.0,700.0,1715.0,600.0,687266666.0,687266666.0,687266666.0,0.0,0.0,,840000.0,1344000000.0,1.0
2020-03-24,1720.0,0.0,0.0,0.0,0.0,1720.0,0.0,0.0,0.0,0.0,3452.3,1720.0,800.0,1715.0,1200.0,687266666.0,687266666.0,687266666.0,0.0,0.0,,0.0,0.0,0.0
2020-03-26,1720.0,0.0,0.0,1800.0,1725.0,1800.0,80.0,25000.0,44047000.0,46.0,3612.9,1800.0,1800.0,1750.0,200.0,687266666.0,687266666.0,687266666.0,0.0,0.0,,0.0,0.0,0.0
2020-03-27,1800.0,0.0,0.0,1930.0,1810.0,1930.0,130.0,15300.0,28561500.0,26.0,3873.8,1950.0,1000.0,1925.0,500.0,687266666.0,687266666.0,687266666.0,0.0,0.0,,0.0,0.0,0.0
2020-03-30,1930.0,0.0,0.0,1910.0,1860.0,1905.0,-25.0,12400.0,23425000.0,28.0,3823.6,1910.0,200.0,1900.0,200.0,687266666.0,687266666.0,687266666.0,0.0,0.0,,0.0,0.0,0.0
2020-03-31,1905.0,0.0,0.0,1945.0,1900.0,1945.0,40.0,6200.0,11940500.0,13.0,3903.9,1950.0,2700.0,1945.0,100.0,687266666.0,687266666.0,687266666.0,0.0,0.0,,0.0,0.0,0.0
2020-04-01,1945.0,0.0,0.0,1935.0,1900.0,1900.0,-45.0,2600.0,4974500.0,8.0,3813.6,1900.0,200.0,1895.0,500.0,687266666.0,687266666.0,687266666.0,0.0,0.0,,0.0,0.0,0.0
2020-04-02,1900.0,0.0,0.0,1890.0,1885.0,1885.0,-15.0,500.0,943500.0,2.0,3783.5,1885.0,200.0,1880.0,200.0,687266666.0,687266666.0,687266666.0,0.0,0.0,,0.0,0.0,0.0
2020-04-03,1885.0,0.0,0.0,1885.0,1875.0,1875.0,-10.0,1500.0,2819500.0,3.0,3763.4,1875.0,400.0,1870.0,700.0,687266666.0,687266666.0,687266666.0,0.0,0.0,,0.0,0.0,0.0
2020-04-06,1875.0,0.0,0.0,1875.0,1875.0,1875.0,0.0,500.0,937500.0,1.0,3763.4,1875.0,500.0,1870.0,600.0,687266666.0,687266666.0,687266666.0,0.0,0.0,,0.0,0.0,0.0
2020-04-07,1875.0,0.0,0.0,0.0,0.0,1875.0,0.0,0.0,0.0,0.0,3763.4,1875.0,800.0,1870.0,700.0,687266666.0,687266666.0,687266666.0,0.0,0.0,,0.0,0.0,0.0
2020-04-08,1875.0,0.0,0.0,1870.0,1860.0,1865.0,-10.0,2900.0,5410000.0,4.0,3743.3,1875.0,800.0,1860.0,400.0,687266666.0,687266666.0,687266666.0,0.0,0.0,,0.0,0.0,0.0
2020-04-09,1865.0,0.0,0.0,1870.0,1860.0,1860.0,-5.0,3300.0,6155500.0,5.0,3733.3,1860.0,900.0,1855.0,900.0,687266666.0,687266666.0,687266666.0,0.0,0.0,,0.0,0.0,0.0
2020-04-13,1860.0,0.0,0.0,1855.0,1850.0,1855.0,-5.0,5500.0,10190500.0,9.0,3723.3,1860.0,1200.0,1845.0,800.0,687266666.0,687266666.0,687266666.0,0.0,0.0,,0.0,0.0,0.0
2020-04-14,1855.0,0.0,0.0,1865.0,1855.0,1865.0,10.0,5200.0,9662000.0,7.0,3743.3,1870.0,900.0,1860.0,800.0,687266666.0,687266666.0,687266666.0,0.0,0.0,,0.0,0.0,0.0
2020-04-15,1865.0,0.0,0.0,1870.0,1860.0,1860.0,-5.0,6600.0,12309000.0,8.0,3733.3,1865.0,1100.0,1855.0,900.0,687266666.0,687266666.0,687266666.0,0.0,0.0,,0.0,0.0,0.0
2020-04-16,1860.0,0.0,0.0,1860.0,1850.0,1855.0,-5.0,3300.0,6115500.0,6.0,3723.3,1860.0,1000.0,1855.0,1200.0,687266666.0,687266666.0,687266666.0,0.0,0.0,,0.0,0.0,0.0
2020-04-17,1855.0,0.0,0.0,1860.0,1855.0,1860.0,5.0,8100.0,15048000.0,12.0,3733.3,1860.0,1000.0,1850.0,1300.0,687266666.0,687266666.0,687266666.0,0.0,0.0,,0.0,0.0,0.0
2020-04-20,1860.0,0.0,0.0,1860.0,1850.0,1850.0,-10.0,7800.0,14461500.0,9.0,3713.2,1855.0,200.0,1850.0,900.0,687266666.0,687266666.0,687266666.0,0.0,0.0,,0.0,0.0,0.0
2020-04-21,1850.0,0.0,0.0,1850.0,1840.0,1840.0,-10.0,11200.0,20631500.0,14.0,3693.1,1845.0,1500.0,1835.0,1700.0,687266666.0,687266666.0,687266666.0,0.0,0.0,,0.0,0.0,0.0
2020-04-22,1840.0,0.0,0.0,1850.0,1840.0,1850.0,10.0,10400.0,19194500.0,9.0,3713.2,1855.0,1900.0,1850.0,700.0,687266666.0,687266666.0,687266666.0,0.0,0.0,,0.0,0.0,0.0
2020-04-23,1850.0,0.0,0.0,1860.0,1855.0,1855.0,5.0,7000.0,12992500.0,7.0,3723.3,1855.0,400.0,1850.0,1500.0,687266666.0,687266666.0,687266666.0,0.0,0.0,,4100000.0,7585000000.0,1.0
2020-04-24,1855.0,0.0,0.0,1850.0,1845.0,1845.0,-10.0,4400.0,8125000.0,3.0,3703.2,1850.0,1400.0,1845.0,800.0,687266666.0,687266666.0,687266666.0,0.0,0.0,,0.0,0.0,0.0
2020-04-27,1845.0,0.0,0.0,1850.0,1840.0,1845.0,0.0,6600.0,12191500.0,7.0,3703.2,1850.0,1900.0,1845.0,100.0,687266666.0,687266666.0,687266666.0,0.0,0.0,,0.0,0.0,0.0
2020-04-28,1845.0,0.0,0.0,1845.0,1840.0,1845.0,0.0,6200.0,11423000.0,4.0,3703.2,1845.0,300.0,1840.0,300.0,687266666.0,687266666.0,687266666.0,0.0,0.0,,0.0,0.0,0.0
2020-04-29,1845.0,0.0,0.0,1850.0,1850.0,1850.0,5.0,1500.0,2775000.0,1.0,3713.2,1855.0,1600.0,1850.0,1500.0,687266666.0,687266666.0,687266666.0,0.0,0.0,,0.0,0.0,0.0
2020-04-30,1850.0,0.0,0.0,1855.0,1850.0,1855.0,5.0,5500.0,10195000.0,6.0,3723.3,1855.0,4400.0,1845.0,1700.0,687266666.0,687266666.0,687266666.0,0.0,0.0,,0.0,0.0,0.0
2020-05-04,1855.0,0.0,0.0,1850.0,1840.0,1840.0,-15.0,5300.0,9776500.0,4.0,3693.1,1845.0,1600.0,1840.0,1400.0,687266666.0,687266666.0,687266666.0,0.0,0.0,,0.0,0.0,0.0
2020-05-05,1840.0,0.0,0.0,1845.0,1840.0,1845.0,5.0,1800.0,3320500.0,2.0,3703.2,1850.0,1800.0,1845.0,300.0,687266666.0,687266666.0,687266666.0,0.0,0.0,,0.0,0.0,0.0
2020-05-06,1845.0,0.0,0.0,1845.0,1840.0,1840.0,-5.0,3400.0,6264500.0,3.0,3693.1,1840.0,1800.0,1835.0,1800.0,687266666.0,687266666.0,687266666.0,0.0,0.0,,0.0,0.0,0.0
2020-05-08,1840.0,0.0,0.0,1840.0,1840.0,1840.0,0.0,3000.0,5520000.0,4.0,3693.1,1845.0,1200.0,1835.0,1500.0,687266666.0,687266666.0,687266666.0,0.0,0.0,,0.0,0.0,0.0
2020-05-11,1840.0,0.0,0.0,1845.0,1840.0,1845.0,5.0,9300.0,17136000.0,7.0,3703.2,1850.0,2300.0,1835.0,1900.0,687266666.0,687266666.0,687266666.0,0.0,0.0,,0.0,0.0,0.0
2020-05-12,1845.0,0.0,0.0,1840.0,1835.0,1835.0,-10.0,3100.0,5696000.0,2.0,3683.1,1835.0,400.0,1830.0,1700.0,687266666.0,687266666.0,687266666.0,0.0,0.0,,0.0,0.0,0.0
2020-05-13,1835.0,0.0,0.0,1830.0,1825.0,1825.0,-10.0,6600.0,12055500.0,4.0,3663.0,1825.0,500.0,1820.0,2200.0,687266666.0,687266666.0,687266666.0,0.0,0.0,,0.0,0.0,0.0
2020-05-14,1825.0,0.0,0.0,1820.0,1820.0,1820.0,-5.0,3900.0,7098000.0,3.0,3653.0,1820.0,1100.0,1815.0,1800.0,687266666.0,687266666.0,687266666.0,0.0,0.0,,0.0,0.0,0.0
2020-05-15,1820.0,0.0,0.0,0.0,0.0,1820.0,0.0,0.0,0.0,0.0,3653.0,1820.0,2000.0,1815.0,1700.0,687266666.0,687266666.0,687266666.0,0.0,0.0,,0.0,0.0,0.0
2020-05-18,1820.0,0.0,0.0,0.0,0.0,1820.0,0.0,0.0,0.0,0.0,3653.0,1820.0,2000.0,1815.0,1700.0,687266666.0,687266666.0,687266666.0,0.0,0.0,,0.0,0.0,0.0
2020-05-19,1820.0,0.0,0.0,1825.0,1820.0,1820.0,0.0,7800.0,14215000.0,5.0,3653.0,1825.0,100.0,1815.0,1700.0,687266666.0,687266666.0,687266666.0,0.0,0.0,,0.0,0.0,0.0
2020-05-20,1820.0,0.0,0.0,0.0,0.0,1820.0,0.0,0.0,0.0,0.0,3653.0,1820.0,1800.0,1815.0,1600.0,687266666.0,687266666.0,687266666.0,0.0,0.0,,0.0,0.0,0.0
2020-05-26,1820.0,0.0,0.0,0.0,0.0,1820.0,0.0,0.0,0.0,0.0,3653.0,1820.0,1800.0,1815.0,1600.0,687266666.0,687266666.0,687266666.0,0.0,0.0,,0.0,0.0,0.0
2020-05-27,1820.0,0.0,0.0,1820.0,1820.0,1820.0,0.0,1800.0,3276000.0,1.0,3653.0,1825.0,1700.0,1815.0,1600.0,687266666.0,687266666.0,687266666.0,0.0,0.0,,0.0,0.0,0.0
2020-05-28,1820.0,0.0,0.0,0.0,0.0,1820.0,0.0,0.0,0.0,0.0,3653.0,1820.0,1800.0,1815.0,1600.0,687266666.0,687266666.0,687266666.0,0.0,0.0,,0.0,0.0,0.0
2020-05-29,1820.0,0.0,0.0,0.0,0.0,1820.0,0.0,0.0,0.0,0.0,3653.0,1820.0,1800.0,1815.0,1600.0,687266666.0,687266666.0,687266666.0,0.0,0.0,,0.0,0.0,0.0
2020-06-02,1820.0,0.0,0.0,1825.0,1820.0,1825.0,5.0,3500.0,6378500.0,2.0,3663.0,1830.0,1700.0,1825.0,800.0,687266666.0,687266666.0,687266666.0,0.0,0.0,,0.0,0.0,0.0
2020-06-03,1825.0,0.0,0.0,1830.0,1830.0,1830.0,5.0,3500.0,6405000.0,3.0,3673.1,1830.0,1200.0,1825.0,1700.0,687266666.0,687266666.0,687266666.0,0.0,0.0,,0.0,0.0,0.0
2020-06-04,1830.0,0.0,0.0,1830.0,1825.0,1830.0,0.0,2100.0,3842000.0,3.0,3673.1,1835.0,1600.0,1825.0,1400.0,687266666.0,687266666.0,687266666.0,0.0,0.0,,0.0,0.0,0.0
2020-06-05,1830.0,0.0,0.0,1830.0,1825.0,1825.0,-5.0,2800.0,5118000.0,4.0,3663.0,1830.0,1900.0,1825.0,500.0,687266666.0,687266666.0,687266666.0,0.0,0.0,,0.0,0.0,0.0
2020-06-08,1825.0,0.0,0.0,1830.0,1825.0,1830.0,5.0,7000.0,12801000.0,10.0,3673.1,1835.0,2100.0,1820.0,1800.0,687266666.0,687266666.0,687266666.0,0.0,0.0,,0.0,0.0,0.0
2020-06-09,1830.0,0.0,0.0,1830.0,1830.0,1830.0,0.0,1600.0,2928000.0,1.0,3673.1,1835.0,1600.0,1825.0,1600.0,687266666.0,687266666.0,687266666.0,0.0,0.0,,3300000.0,6039000000.0,2.0
2020-06-10,1830.0,0.0,0.0,1825.0,1820.0,1820.0,-10.0,3400.0,6196500.0,3.0,3653.0,1820.0,1000.0,1815.0,1800.0,687266666.0,687266666.0,687266666.0,0.0,0.0,,0.0,0.0,0.0
2020-06-11,1820.0,0.0,0.0,1815.0,1810.0,1810.0,-10.0,3500.0,6343500.0,2.0,3632.9,1810.0,1700.0,1805.0,1800.0,687266666.0,687266666.0,687266666.0,0.0,0.0,,0.0,0.0,0.0
2020-06-12,1810.0,0.0,0.0,1810.0,1800.0,1810.0,0.0,8200.0,14795000.0,7.0,3632.9,1810.0,100.0,1805.0,1300.0,687266666.0,687266666.0,687266666.0,0.0,0.0,,0.0,0.0,0.0
2020-06-15,1810.0,0.0,0.0,1810.0,1810.0,1810.0,0.0,1900.0,3439000.0,1.0,3632.9,1815.0,2000.0,1810.0,1100.0,687266666.0,687266666.0,687266666.0,0.0,0.0,,0.0,0.0,0.0
2020-06-16,1810.0,0.0,0.0,1825.0,1810.0,1825.0,15.0,8400.0,15267000.0,7.0,3663.0,1825.0,400.0,1820.0,200.0,687266666.0,687266666.0,687266666.0,0.0,0.0,,0.0,0.0,0.0
2020-06-17,1825.0,0.0,0.0,1830.0,1825.0,1830.0,5.0,6200.0,11325000.0,9.0,3673.1,1835.0,1700.0,1820.0,1600.0,687266666.0,687266666.0,687266666.0,0.0,0.0,,0.0,0.0,0.0
2020-06-18,1830.0,0.0,0.0,1835.0,1820.0,1830.0,0.0,10400.0,19016500.0,8.0,3673.1,1830.0,100.0,1825.0,1000.0,687266666.0,687266666.0,687266666.0,0.0,0.0,,11777500.0,21552825000.0,3.0
2020-06-19,1830.0,0.0,0.0,1830.0,1820.0,1825.0,-5.0,15100.0,27585500.0,15.0,3663.0,1825.0,1000.0,1820.0,2000.0,687266666.0,687266666.0,687266666.0,0.0,0.0,,0.0,0.0,0.0
2020-06-22,1825.0,0.0,0.0,1830.0,1820.0,1820.0,-5.0,9400.0,17162500.0,7.0,3653.0,1825.0,2200.0,1815.0,1800.0,687266666.0,687266666.0,687266666.0,0.0,0.0,,0.0,0.0,0.0
2020-06-23,1820.0,0.0,0.0,1820.0,1815.0,1815.0,-5.0,11600.0,21099500.0,10.0,3643.0,1820.0,1600.0,1815.0,1200.0,687266666.0,687266666.0,687266666.0,0.0,0.0,,0.0,0.0,0.0
2020-06-24,1815.0,0.0,0.0,1825.0,1820.0,1825.0,10.0,9200.0,16772500.0,6.0,3663.0,1825.0,1900.0,1815.0,1700.0,687266666.0,687266666.0,687266666.0,0.0,0.0,,0.0,0.0,0.0
2020-06-25,1825.0,0.0,0.0,1820.0,1795.0,1800.0,-25.0,15500.0,27984000.0,12.0,3612.9,1800.0,5000.0,1795.0,1500.0,687266666.0,687266666.0,687266666.0,0.0,0.0,,0.0,0.0,0.0
2020-06-26,1800.0,0.0,0.0,1805.0,1800.0,1800.0,0.0,7900.0,14236000.0,6.0,3612.9,1805.0,1700.0,1795.0,1700.0,687266666.0,687266666.0,687266666.0,0.0,0.0,,0.0,0.0,0.0
2020-06-29,1800.0,0.0,0.0,1830.0,1800.0,1820.0,20.0,28400.0,51689500.0,30.0,3653.0,1820.0,2000.0,1815.0,1300.0,687266666.0,687266666.0,687266666.0,0.0,0.0,,0.0,0.0,0.0
2020-06-30,1820.0,0.0,0.0,1820.0,1800.0,1800.0,-20.0,16400.0,29687000.0,13.0,3612.9,1800.0,2400.0,1795.0,1800.0,687266666.0,687266666.0,687266666.0,0.0,0.0,,0.0,0.0,0.0
2020-07-01,1800.0,0.0,0.0,1800.0,1795.0,1800.0,0.0,2500.0,4498000.0,10.0,3612.9,1805.0,2200.0,1795.0,1300.0,687266666.0,687266666.0,687266666.0,0.0,0.0,,0.0,0.0,0.0
2020-07-02,1800.0,0.0,0.0,1805.0,1800.0,1800.0,0.0,7100.0,12797000.0,5.0,3612.9,1800.0,2300.0,1795.0,1800.0,687266666.0,687266666.0,687266666.0,0.0,0.0,,0.0,0.0,0.0
2020-07-03,1800.0,0.0,0.0,1800.0,1790.0,1800.0,0.0,8500.0,15249500.0,7.0,3612.9,1805.0,4300.0,1800.0,200.0,687266666.0,687266666.0,687266666.0,0.0,0.0,,0.0,0.0,0.0
2020-07-06,1800.0,0.0,0.0,1805.0,1800.0,1805.0,5.0,8600.0,15490000.0,6.0,3622.9,1805.0,2000.0,1800.0,1000.0,687266666.0,687266666.0,687266666.0,0.0,0.0,,0.0,0.0,0.0
2020-07-07,1805.0,0.0,0.0,1815.0,1800.0,1800.0,-5.0,26800.0,48400000.0,21.0,3612.9,1805.0,1900.0,1795.0,1700.0,687266666.0,687266666.0,687266666.0,0.0,0.0,,0.0,0.0,0.0
2020-07-08,1800.0,0.0,0.0,1800.0,1795.0,1795.0,-5.0,31600.0,56783000.0,33.0,3602.8,1800.0,4300.0,1795.0,1500.0,687266666.0,687266666.0,687266666.0,0.0,0.0,,0.0,0.0,0.0
2020-07-09,1795.0,0.0,0.0,1800.0,1795.0,1800.0,5.0,12000.0,21552500.0,8.0,3612.9,1800.0,5600.0,1795.0,1700.0,687266666.0,687266666.0,687266666.0,0.0,0.0,,0.0,0.0,0.0
2020-07-10,1800.0,0.0,0.0,1795.0,1790.0,1795.0,-5.0,28600.0,51282500.0,30.0,3602.8,1800.0,5600.0,1795.0,200.0,687266666.0,687266666.0,687266666.0,0.0,0.0,,0.0,0.0,0.0
2020-07-13,1795.0,0.0,0.0,1800.0,1795.0,1800.0,5.0,11600.0,20827000.0,14.0,3612.9,1800.0,3100.0,1795.0,1700.0,687266666.0,687266666.0,687266666.0,0.0,0.0,,0.0,0.0,0.0
2020-07-14,1800.0,0.0,0.0,1805.0,1800.0,1800.0,0.0,20900.0,37654000.0,18.0,3612.9,1800.0,3100.0,1795.0,1800.0,687266666.0,687266666.0,687266666.0,0.0,0.0,,0.0,0.0,0.0
2020-07-15,1800.0,0.0,0.0,0.0,0.0,1800.0,0.0,0.0,0.0,0.0,3612.9,1800.0,2100.0,1795.0,1900.0,687266666.0,687266666.0,687266666.0,0.0,0.0,,0.0,0.0,0.0
2020-07-16,1800.0,0.0,0.0,1795.0,1790.0,1795.0,-5.0,12500.0,22405000.0,15.0,3602.8,1800.0,6100.0,1795.0,2700.0,687266666.0,687266666.0,687266666.0,0.0,0.0,,0.0,0.0,0.0
2020-07-17,1795.0,0.0,0.0,1795.0,1790.0,1790.0,-5.0,15400.0,27608000.0,15.0,3592.8,1795.0,1600.0,1790.0,1800.0,687266666.0,687266666.0,687266666.0,0.0,0.0,,0.0,0.0,0.0
2020-07-20,1790.0,0.0,0.0,1790.0,1780.0,1785.0,-5.0,24700.0,44121000.0,29.0,3582.8,1785.0,600.0,1780.0,2200.0,687266666.0,687266666.0,687266666.0,0.0,0.0,,1680000.0,3007200000.0,1.0
2020-07-21,1785.0,0.0,0.0,1795.0,1790.0,1795.0,10.0,22500.0,40354000.0,19.0,3602.8,1795.0,200.0,1790.0,2100.0,687266666.0,687266666.0,687266666.0,0.0,0.0,,0.0,0.0,0.0
2020-07-22,1795.0,0.0,0.0,1800.0,1790.0,1795.0,0.0,28900.0,51899000.0,30.0,3602.8,1795.0,600.0,1790.0,2700.0,687266666.0,687266666.0,687266666.0,0.0,0.0,,0.0,0.0,0.0
2020-07-23,1795.0,0.0,0.0,1800.0,1795.0,1800.0,5.0,17500.0,31422500.0,20.0,3612.9,1800.0,5100.0,1795.0,1900.0,687266666.0,687266666.0,687266666.0,0.0,0.0,,0.0,0.0,0.0
2020-07-24,1800.0,0.0,0.0,1795.0,1790.0,1795.0,-5.0,29900.0,53599500.0,34.0,3602.8,1800.0,7100.0,1790.0,1000.0,687266666.0,687266666.0,687266666.0,0.0,0.0,,0.0,0.0,0.0
2020-07-27,1795.0,0.0,0.0,1800.0,1795.0,1795.0,0.0,35900.0,64485500.0,26.0,3602.8,1800.0,3100.0,1795.0,200.0,687266666.0,687266666.0,687266666.0,0.0,0.0,,0.0,0.0,0.0
2020-07-28,1795.0,0.0,0.0,1795.0,1790.0,1790.0,-5.0,36100.0,64634000.0,22.0,3592.8,1790.0,2100.0,1785.0,4000.0,687266666.0,687266666.0,687266666.0,0.0,0.0,,0.0,0.0,0.0
2020-07-29,1790.0,0.0,0.0,1795.0,1780.0,1785.0,-5.0,34200.0,61125000.0,36.0,3582.8,1785.0,200.0,1780.0,1900.0,687266666.0,687266666.0,687266666.0,0.0,0.0,,0.0,0.0,0.0
2020-07-30,1785.0,0.0,0.0,1790.0,1780.0,1785.0,0.0,27400.0,48943000.0,32.0,3582.8,1790.0,1700.0,1785.0,700.0,687266666.0,687266666.0,687266666.0,0.0,0.0,,0.0,0.0,0.0
2020-08-03,1785.0,0.0,0.0,1785.0,1775.0,1775.0,-10.0,30100.0,53471000.0,23.0,3562.7,1775.0,2200.0,1770.0,2600.0,687266666.0,687266666.0,687266666.0,0.0,0.0,,0.0,0.0,0.0
2020-08-04,1775.0,0.0,0.0,1785.0,1775.0,1780.0,5.0,32100.0,57160000.0,39.0,3572.7,1780.0,900.0,1775.0,1700.0,687266666.0,687266666.0,687266666.0,0.0,0.0,,0.0,0.0,0.0
2020-08-05,1780.0,0.0,0.0,1785.0,1775.0,1775.0,-5.0,15000.0,26695000.0,23.0,3562.7,1780.0,3000.0,1775.0,2900.0,687266666.0,687266666.0,687266666.0,0.0,0.0,,0.0,0.0,0.0
2020-08-06,1775.0,0.0,0.0,1785.0,1780.0,1780.0,5.0,14000.0,24952000.0,15.0,3572.7,1785.0,2100.0,1780.0,500.0,687266666.0,687266666.0,687266666.0,0.0,0.0,,0.0,0.0,0.0
2020-08-07,1780.0,0.0,0.0,1785.0,1770.0,1770.0,-10.0,21300.0,37835500.0,27.0,3552.6,1775.0,3900.0,1770.0,500.0,687266666.0,687266666.0,687266666.0,0.0,0.0,,0.0,0.0,0.0
2020-08-10,1770.0,0.0,0.0,1770.0,1760.0,1760.0,-10.0,6600.0,11648500.0,9.0,3532.6,1760.0,5700.0,1755.0,2400.0,687266666.0,687266666.0,687266666.0,0.0,0.0,,0.0,0.0,0.0
2020-08-11,1760.0,0.0,0.0,1765.0,1760.0,1760.0,0.0,11500.0,20262500.0,18.0,3532.6,1760.0,200.0,1755.0,2100.0,687266666.0,687266666.0,687266666.0,0.0,0.0,,0.0,0.0,0.0
2020-08-12,1760.0,0.0,0.0,1760.0,1740.0,1760.0,0.0,17100.0,29968500.0,21.0,3532.6,1760.0,4800.0,1750.0,800.0,687266666.0,687266666.0,687266666.0,0.0,0.0,,0.0,0.0,0.0
2020-08-13,1760.0,0.0,0.0,1765.0,1755.0,1765.0,5.0,21300.0,37488500.0,35.0,3542.6,1765.0,1100.0,1760.0,1200.0,687266666.0,687266666.0,687266666.0,0.0,0.0,,0.0,0.0,0.0
2020-08-14,1765.0,0.0,0.0,1770.0,1750.0,1770.0,5.0,20700.0,36391000.0,28.0,3552.6,1770.0,1300.0,1765.0,1200.0,687266666.0,687266666.0,687266666.0,2200.0,0.0,,0.0,0.0,0.0
2020-08-18,1770.0,0.0,0.0,1755.0,1750.0,1750.0,-20.0,4200.0,7362000.0,10.0,3512.5,1750.0,1200.0,1735.0,3000.0,687266666.0,687266666.0,687266666.0,0.0,0.0,,0.0,0.0,0.0
2020-08-19,1750.0,0.0,0.0,1745.0,1740.0,1740.0,-10.0,3200.0,5576000.0,4.0,3492.4,1740.0,900.0,1735.0,1500.0,687266666.0,687266666.0,687266666.0,0.0,0.0,,0.0,0.0,0.0
2020-08-24,1740.0,0.0,0.0,1735.0,1735.0,1735.0,-5.0,6500.0,11277500.0,8.0,3482.4,1740.0,1800.0,1730.0,1600.0,687266666.0,687266666.0,687266666.0,0.0,0.0,,0.0,0.0,0.0
2020-08-25,1735.0,0.0,0.0,1735.0,1730.0,1730.0,-5.0,9600.0,16629000.0,13.0,3472.4,1735.0,900.0,1725.0,1800.0,687266666.0,687266666.0,687266666.0,0.0,0.0,,615000.0,1002450000.0,1.0
2020-08-26,1730.0,0.0,0.0,1725.0,1715.0,1720.0,-10.0,13700.0,23568000.0,20.0,3452.3,1720.0,1400.0,1715.0,100.0,687266666.0,687266666.0,687266666.0,0.0,0.0,,0.0,0.0,0.0
2020-08-27,1720.0,0.0,0.0,1725.0,1710.0,1710.0,-10.0,8000.0,13759500.0,9.0,3432.2,1710.0,3300.0,1705.0,1700.0,687266666.0,687266666.0,687266666.0,0.0,0.0,,0.0,0.0,0.0
2020-08-28,1710.0,0.0,0.0,1710.0,1705.0,1705.0,-5.0,6400.0,10927500.0,8.0,3422.2,1710.0,3900.0,1705.0,600.0,687266666.0,687266666.0,687266666.0,0.0,0.0,,0.0,0.0,0.0
2020-08-31,1705.0,0.0,0.0,1705.0,1700.0,1700.0,-5.0,4900.0,8332500.0,8.0,3412.1,1700.0,1900.0,1695.0,2700.0,687266666.0,687266666.0,687266666.0,0.0,0.0,,0.0,0.0,0.0
2020-09-01,1700.0,0.0,0.0,1700.0,1695.0,1700.0,0.0,6900.0,11710500.0,9.0,3412.1,1700.0,2200.0,1695.0,600.0,687266666.0,687266666.0,687266666.0,0.0,0.0,,0.0,0.0,0.0
2020-09-02,1700.0,0.0,0.0,1695.0,1685.0,1685.0,-15.0,7000.0,11826500.0,9.0,3382.0,1685.0,500.0,1680.0,2500.0,687266666.0,687266666.0,687266666.0,0.0,0.0,,0.0,0.0,0.0
2020-09-03,1685.0,0.0,0.0,1680.0,1670.0,1670.0,-15.0,10200.0,17090500.0,11.0,3351.9,1680.0,5000.0,1665.0,1900.0,687266666.0,687266666.0,687266666.0,0.0,0.0,,0.0,0.0,0.0
2020-09-04,1670.0,0.0,0.0,1670.0,1660.0,1660.0,-10.0,12000.0,19994500.0,15.0,3331.9,1660.0,600.0,1650.0,2100.0,687266666.0,687266666.0,687266666.0,0.0,0.0,,0.0,0.0,0.0
2020-09-07,1660.0,0.0,0.0,1655.0,1640.0,1650.0,-10.0,10500.0,17300500.0,10.0,3311.8,1655.0,900.0,1650.0,500.0,687266666.0,687266666.0,687266666.0,0.0,0.0,,0.0,0.0,0.0
2020-09-08,1650.0,0.0,0.0,1645.0,1635.0,1645.0,-5.0,11300.0,18543500.0,14.0,3301.8,1650.0,2400.0,1645.0,1000.0,687266666.0,687266666.0,687266666.0,0.0,0.0,,3230000.0,5006500000.0,1.0
2020-09-09,1645.0,0.0,0.0,1640.0,1635.0,1635.0,-10.0,8600.0,14082000.0,7.0,3281.7,1635.0,1400.0,1630.0,900.0,687266666.0,687266666.0,687266666.0,0.0,0.0,,0.0,0.0,0.0
2020-09-10,1635.0,0.0,0.0,1630.0,1625.0,1625.0,-10.0,4100.0,6670500.0,5.0,3261.6,1625.0,100.0,1620.0,900.0,687266666.0,687266666.0,687266666.0,0.0,0.0,,0.0,0.0,0.0
2020-09-11,1625.0,0.0,0.0,1625.0,1615.0,1625.0,0.0,5900.0,9559000.0,11.0,3261.6,1630.0,900.0,1625.0,300.0,687266666.0,687266666.0,687266666.0,0.0,0.0,,0.0,0.0,0.0
2020-09-14,1625.0,0.0,0.0,1650.0,1630.0,1635.0,10.0,5900.0,9653000.0,11.0,3281.7,1650.0,1600.0,1635.0,1400.0,687266666.0,687266666.0,687266666.0,0.0,0.0,,0.0,0.0,0.0
2020-09-15,1635.0,0.0,0.0,1630.0,1625.0,1625.0,-10.0,5300.0,8621500.0,5.0,3261.6,1630.0,1300.0,1625.0,900.0,687266666.0,687266666.0,687266666.0,0.0,0.0,,0.0,0.0,0.0
2020-09-16,1625.0,0.0,0.0,1620.0,1610.0,1610.0,-15.0,10100.0,16315000.0,14.0,3231.5,1615.0,1100.0,1610.0,400.0,687266666.0,687266666.0,687266666.0,0.0,0.0,,0.0,0.0,0.0
2020-09-17,1610.0,0.0,0.0,0.0,0.0,1610.0,0.0,0.0,0.0,0.0,3231.5,1620.0,800.0,1600.0,900.0,687266666.0,687266666.0,687266666.0,0.0,0.0,,0.0,0.0,0.0
2020-09-18,1610.0,0.0,0.0,0.0,0.0,1610.0,0.0,0.0,0.0,0.0,3231.5,1620.0,800.0,1600.0,900.0,687266666.0,687266666.0,687266666.0,0.0,0.0,,0.0,0.0,0.0
2020-09-21,1610.0,0.0,0.0,0.0,0.0,1610.0,0.0,0.0,0.0,0.0,3231.5,1620.0,800.0,1600.0,900.0,687266666.0,687266666.0,687266666.0,0.0,0.0,,0.0,0.0,0.0
2020-09-22,1610.0,0.0,0.0,0.0,0.0,1610.0,0.0,0.0,0.0,0.0,3231.5,1620.0,900.0,1600.0,700.0,687266666.0,687266666.0,687266666.0,0.0,0.0,,0.0,0.0,0.0
2020-09-23,1610.0,0.0,0.0,0.0,0.0,1610.0,0.0,0.0,0.0,0.0,3231.5,1620.0,900.0,1600.0,700.0,687266666.0,687266666.0,687266666.0,0.0,0.0,,0.0,0.0,0.0
2020-09-24,1610.0,0.0,0.0,0.0,0.0,1610.0,0.0,0.0,0.0,0.0,3231.5,1620.0,900.0,1600.0,700.0,687266666.0,687266666.0,687266666.0,0.0,0.0,,0.0,0.0,0.0
2020-09-25,1610.0,0.0,0.0,0.0,0.0,1610.0,0.0,0.0,0.0,0.0,3231.5,1610.0,700.0,1595.0,900.0,687266666.0,687266666.0,687266666.0,0.0,0.0,,0.0,0.0,0.0
2020-09-28,1610.0,0.0,0.0,1610.0,1610.0,1610.0,0.0,300.0,483000.0,1.0,3231.5,1610.0,400.0,1595.0,900.0,687266666.0,687266666.0,687266666.0,0.0,0.0,,0.0,0.0,0.0
2020-09-29,1610.0,0.0,0.0,0.0,0.0,1610.0,0.0,0.0,0.0,0.0,3231.5,1610.0,700.0,1595.0,900.0,687266666.0,687266666.0,687266666.0,0.0,0.0,,0.0,0.0,0.0
2020-09-30,1610.0,0.0,0.0,1610.0,1610.0,1610.0,0.0,5700.0,9177000.0,6.0,3231.5,1610.0,1000.0,1595.0,900.0,687266666.0,687266666.0,687266666.0,0.0,0.0,,0.0,0.0,0.0
2020-10-01,1610.0,0.0,0.0,1620.0,1600.0,1615.0,5.0,15500.0,24967000.0,21.0,3241.5,1615.0,1500.0,1610.0,300.0,687266666.0,687266666.0,687266666.0,0.0,0.0,,0.0,0.0,0.0
2020-10-02,1615.0,0.0,0.0,1610.0,1605.0,1605.0,-10.0,11100.0,17837500.0,16.0,3221.5,1610.0,1100.0,1605.0,400.0,687266666.0,687266666.0,687266666.0,0.0,0.0,,0.0,0.0,0.0
2020-10-05,1605.0,0.0,0.0,1610.0,1605.0,1610.0,5.0,16500.0,26510000.0,18.0,3231.5,1615.0,1800.0,1610.0,200.0,687266666.0,687266666.0,687266666.0,0.0,0.0,,0.0,0.0,0.0
2020-10-06,1610.0,0.0,0.0,1615.0,1600.0,1615.0,5.0,18200.0,29289000.0,21.0,3241.5,1620.0,1900.0,1595.0,900.0,687266666.0,687266666.0,687266666.0,0.0,0.0,,0.0,0.0,0.0
2020-10-07,1615.0,0.0,0.0,1615.0,1610.0,1610.0,-5.0,13200.0,21286000.0,17.0,3231.5,1610.0,600.0,1605.0,800.0,687266666.0,687266666.0,687266666.0,0.0,0.0,,0.0,0.0,0.0
2020-10-08,1610.0,0.0,0.0,1620.0,1610.0,1615.0,5.0,14600.0,23538500.0,16.0,3241.5,1615.0,800.0,1610.0,500.0,687266666.0,687266666.0,687266666.0,0.0,0.0,,0.0,0.0,0.0
2020-10-09,1615.0,0.0,0.0,1620.0,1610.0,1620.0,5.0,13900.0,22455000.0,21.0,3251.6,1620.0,800.0,1615.0,700.0,687266666.0,687266666.0,687266666.0,0.0,0.0,,0.0,0.0,0.0
2020-10-12,1620.0,0.0,0.0,1630.0,1620.0,1630.0,10.0,13000.0,21161500.0,29.0,3271.6,1630.0,1800.0,1625.0,1800.0,687266666.0,687266666.0,687266666.0,0.0,0.0,,0.0,0.0,0.0
2020-10-13,1630.0,0.0,0.0,1635.0,1630.0,1635.0,5.0,10100.0,16502500.0,15.0,3281.7,1640.0,1800.0,1635.0,200.0,687266666.0,687266666.0,687266666.0,0.0,0.0,,0.0,0.0,0.0
2020-10-14,1635.0,0.0,0.0,1645.0,1635.0,1640.0,5.0,12700.0,20835000.0,18.0,3291.7,1645.0,2000.0,1640.0,600.0,687266666.0,687266666.0,687266666.0,0.0,0.0,,0.0,0.0,0.0
2020-10-15,1640.0,0.0,0.0,1650.0,1635.0,1645.0,5.0,17000.0,27933500.0,21.0,3301.8,1645.0,700.0,1640.0,700.0,687266666.0,687266666.0,687266666.0,0.0,0.0,,0.0,0.0,0.0
2020-10-16,1645.0,0.0,0.0,1650.0,1630.0,1640.0,-5.0,14700.0,24122500.0,19.0,3291.7,1645.0,1500.0,1640.0,500.0,687266666.0,687266666.0,687266666.0,0.0,400.0,,0.0,0.0,0.0
2020-10-19,1640.0,0.0,0.0,1650.0,1640.0,1640.0,0.0,12300.0,20222500.0,15.0,3291.7,1640.0,900.0,1635.0,1700.0,687266666.0,687266666.0,687266666.0,0.0,0.0,,0.0,0.0,0.0
2020-10-20,1640.0,0.0,0.0,1640.0,1630.0,1640.0,0.0,13400.0,21922500.0,16.0,3291.7,1645.0,2600.0,1640.0,400.0,687266666.0,687266666.0,687266666.0,0.0,0.0,,0.0,0.0,0.0
2020-10-21,1640.0,0.0,0.0,1645.0,1635.0,1640.0,0.0,13900.0,22802500.0,18.0,3291.7,1645.0,1700.0,1640.0,400.0,687266666.0,687266666.0,687266666.0,0.0,0.0,,0.0,0.0,0.0
2020-10-22,1640.0,0.0,0.0,1640.0,1625.0,1635.0,-5.0,16200.0,26444000.0,20.0,3281.7,1640.0,700.0,1630.0,1500.0,687266666.0,687266666.0,687266666.0,0.0,0.0,,0.0,0.0,0.0
2020-10-23,1635.0,0.0,0.0,1635.0,1635.0,1635.0,0.0,7500.0,12262500.0,11.0,3281.7,1635.0,500.0,1630.0,1900.0,687266666.0,687266666.0,687266666.0,0.0,0.0,,0.0,0.0,0.0
2020-10-26,1635.0,0.0,0.0,0.0,0.0,1635.0,0.0,0.0,0.0,0.0,3281.7,1640.0,1800.0,1630.0,800.0,687266666.0,687266666.0,687266666.0,0.0,0.0,,0.0,0.0,0.0
2020-10-27,1635.0,0.0,0.0,0.0,0.0,1635.0,0.0,0.0,0.0,0.0,3281.7,1640.0,1800.0,1630.0,800.0,687266666.0,687266666.0,687266666.0,0.0,0.0,,0.0,0.0,0.0
2020-11-02,1635.0,0.0,0.0,1635.0,1630.0,1630.0,-5.0,5600.0,9147000.0,9.0,3271.6,1630.0,1200.0,1625.0,1900.0,687266666.0,687266666.0,687266666.0,0.0,0.0,,0.0,0.0,0.0
2020-11-03,1630.0,0.0,0.0,1635.0,1625.0,1635.0,5.0,15500.0,25266500.0,17.0,3281.7,1640.0,900.0,1635.0,700.0,687266666.0,687266666.0,687266666.0,0.0,0.0,,0.0,0.0,0.0
2020-11-04,1635.0,0.0,0.0,1635.0,1635.0,1635.0,0.0,7200.0,11772000.0,10.0,3281.7,1640.0,1700.0,1635.0,1200.0,687266666.0,687266666.0,687266666.0,0.0,0.0,,0.0,0.0,0.0
2020-11-05,1635.0,0.0,0.0,1645.0,1635.0,1645.0,10.0,12000.0,19686500.0,18.0,3301.8,1645.0,1300.0,1640.0,1100.0,687266666.0,687266666.0,687266666.0,0.0,0.0,,0.0,0.0,0.0
2020-11-06,1645.0,0.0,0.0,1650.0,1640.0,1650.0,5.0,11300.0,18576000.0,18.0,3311.8,1650.0,600.0,1645.0,900.0,687266666.0,687266666.0,687266666.0,0.0,0.0,,23.0,36800.0,1.0
2020-11-09,1650.0,0.0,0.0,1650.0,1645.0,1645.0,-5.0,11800.0,19428500.0,15.0,3301.8,1645.0,400.0,1640.0,800.0,687266666.0,687266666.0,687266666.0,0.0,0.0,,0.0,0.0,0.0
2020-11-10,1645.0,0.0,0.0,1650.0,1645.0,1645.0,0.0,10500.0,17307000.0,10.0,3301.8,1650.0,300.0,1640.0,1900.0,687266666.0,687266666.0,687266666.0,0.0,0.0,,0.0,0.0,0.0
2020-11-11,1645.0,0.0,0.0,1650.0,1645.0,1645.0,0.0,7800.0,12851000.0,9.0,3301.8,1645.0,1500.0,1640.0,900.0,687266666.0,687266666.0,687266666.0,0.0,0.0,,0.0,0.0,0.0
2020-11-12,1645.0,0.0,0.0,1640.0,1635.0,1640.0,-5.0,11900.0,19498500.0,22.0,3291.7,1645.0,1800.0,1640.0,700.0,687266666.0,687266666.0,687266666.0,0.0,0.0,,0.0,0.0,0.0
2020-11-13,1640.0,0.0,0.0,1640.0,1635.0,1640.0,0.0,10300.0,16845500.0,11.0,3291.7,1640.0,900.0,1635.0,1600.0,687266666.0,687266666.0,687266666.0,0.0,0.0,,0.0,0.0,0.0
2020-11-16,1640.0,0.0,0.0,1645.0,1640.0,1645.0,5.0,15300.0,25164000.0,18.0,3301.8,1645.0,400.0,1640.0,1500.0,687266666.0,687266666.0,687266666.0,0.0,0.0,,0.0,0.0,0.0
2020-11-17,1645.0,0.0,0.0,1650.0,1645.0,1650.0,5.0,10300.0,16983000.0,12.0,3311.8,1655.0,2400.0,1650.0,100.0,687266666.0,687266666.0,687266666.0,0.0,0.0,,0.0,0.0,0.0
2020-11-18,1650.0,0.0,0.0,1655.0,1650.0,1655.0,5.0,18800.0,31053500.0,20.0,3321.8,1660.0,2700.0,1655.0,700.0,687266666.0,687266666.0,687266666.0,0.0,0.0,,0.0,0.0,0.0
2020-11-19,1655.0,0.0,0.0,1660.0,1655.0,1660.0,5.0,15500.0,25692000.0,17.0,3331.9,1665.0,2300.0,1660.0,400.0,687266666.0,687266666.0,687266666.0,0.0,0.0,,0.0,0.0,0.0
2020-11-20,1660.0,0.0,0.0,1655.0,1645.0,1655.0,-5.0,8200.0,13538500.0,10.0,3321.8,1660.0,2300.0,1655.0,600.0,687266666.0,687266666.0,687266666.0,0.0,0.0,,0.0,0.0,0.0
2020-11-23,1655.0,0.0,0.0,1665.0,1645.0,1665.0,10.0,17000.0,28136000.0,18.0,3341.9,1665.0,1300.0,1660.0,16900.0,687266666.0,687266666.0,687266666.0,0.0,0.0,,0.0,0.0,0.0
2020-11-24,1665.0,0.0,0.0,1675.0,1665.0,1670.0,5.0,16100.0,26891500.0,19.0,3351.9,1670.0,2800.0,1665.0,1200.0,687266666.0,687266666.0,687266666.0,0.0,0.0,,0.0,0.0,0.0
2020-11-25,1670.0,0.0,0.0,1675.0,1670.0,1670.0,0.0,12300.0,20556500.0,15.0,3351.9,1675.0,4100.0,1670.0,100.0,687266666.0,687266666.0,687266666.0,0.0,0.0,,0.0,0.0,0.0
2020-11-26,1670.0,0.0,0.0,1675.0,1670.0,1675.0,5.0,16000.0,26761500.0,25.0,3362.0,1675.0,300.0,1670.0,1400.0,687266666.0,687266666.0,687266666.0,0.0,0.0,,0.0,0.0,0.0
2020-11-27,1675.0,0.0,0.0,1670.0,1660.0,1670.0,-5.0,11200.0,18650000.0,16.0,3351.9,1675.0,1900.0,1670.0,1700.0,687266666.0,687266666.0,687266666.0,0.0,0.0,,0.0,0.0,0.0
2020-11-30,1670.0,0.0,0.0,1670.0,1660.0,1660.0,-10.0,9200.0,15313000.0,10.0,3331.9,1660.0,600.0,1655.0,800.0,687266666.0,687266666.0,687266666.0,0.0,0.0,,0.0,0.0,0.0
2020-12-01,1660.0,0.0,0.0,1665.0,1650.0,1665.0,5.0,17900.0,29681500.0,18.0,3341.9,1665.0,400.0,1660.0,900.0,687266666.0,687266666.0,687266666.0,0.0,0.0,,0.0,0.0,0.0
2020-12-02,1665.0,0.0,0.0,1680.0,1665.0,1675.0,10.0,16900.0,28244500.0,21.0,3362.0,1675.0,900.0,1670.0,800.0,687266666.0,687266666.0,687266666.0,0.0,0.0,,0.0,0.0,0.0
2020-12-03,1675.0,0.0,0.0,1680.0,1675.0,1675.0,0.0,19300.0,32391000.0,23.0,3362.0,1680.0,2800.0,1675.0,1700.0,687266666.0,687266666.0,687266666.0,0.0,0.0,,0.0,0.0,0.0
2020-12-04,1675.0,0.0,0.0,1675.0,1650.0,1665.0,-10.0,15400.0,25607500.0,12.0,3341.9,1665.0,200.0,1660.0,1200.0,687266666.0,687266666.0,687266666.0,0.0,0.0,,0.0,0.0,0.0
2020-12-07,1665.0,0.0,0.0,1680.0,1670.0,1675.0,10.0,19000.0,31800500.0,20.0,3362.0,1680.0,1200.0,1675.0,700.0,687266666.0,687266666.0,687266666.0,0.0,0.0,,0.0,0.0,0.0
2020-12-08,1675.0,0.0,0.0,1685.0,1680.0,1680.0,5.0,11400.0,19172500.0,11.0,3372.0,1680.0,1000.0,1675.0,1600.0,687266666.0,687266666.0,687266666.0,0.0,0.0,,0.0,0.0,0.0
2020-12-10,1680.0,0.0,0.0,1690.0,1680.0,1685.0,5.0,14800.0,24946000.0,17.0,3382.0,1685.0,1000.0,1680.0,1700.0,687266666.0,687266666.0,687266666.0,0.0,0.0,,0.0,0.0,0.0
2020-12-11,1685.0,0.0,0.0,1695.0,1680.0,1680.0,-5.0,17100.0,28827500.0,23.0,3372.0,1685.0,1200.0,1680.0,500.0,687266666.0,687266666.0,687266666.0,0.0,0.0,,0.0,0.0,0.0
2020-12-14,1680.0,0.0,0.0,1690.0,1685.0,1685.0,5.0,12400.0,20915000.0,12.0,3382.0,1690.0,2600.0,1685.0,1100.0,687266666.0,687266666.0,687266666.0,0.0,0.0,,0.0,0.0,0.0
2020-12-15,1685.0,0.0,0.0,1690.0,1675.0,1680.0,-5.0,16400.0,27575000.0,21.0,3372.0,1685.0,2000.0,1680.0,900.0,687266666.0,687266666.0,687266666.0,0.0,0.0,,0.0,0.0,0.0
2020-12-16,1680.0,0.0,0.0,1695.0,1685.0,1695.0,15.0,16900.0,28592500.0,18.0,3402.1,1695.0,300.0,1690.0,600.0,687266666.0,687266666.0,687266666.0,0.0,0.0,,0.0,0.0,0.0
2020-12-17,1695.0,0.0,0.0,1700.0,1690.0,1690.0,-5.0,18700.0,31706500.0,16.0,3392.1,1695.0,300.0,1690.0,900.0,687266666.0,687266666.0,687266666.0,0.0,0.0,,0.0,0.0,0.0
2020-12-18,1690.0,0.0,0.0,1690.0,1680.0,1685.0,-5.0,17600.0,29625500.0,17.0,3382.0,1690.0,1700.0,1680.0,1000.0,687266666.0,687266666.0,687266666.0,0.0,0.0,,0.0,0.0,0.0
2020-12-21,1685.0,0.0,0.0,1695.0,1685.0,1695.0,10.0,15900.0,26868000.0,15.0,3402.1,1695.0,600.0,1690.0,1500.0,687266666.0,687266666.0,687266666.0,0.0,0.0,,0.0,0.0,0.0
2020-12-22,1695.0,0.0,0.0,1690.0,1680.0,1680.0,-15.0,9700.0,16321000.0,11.0,3372.0,1685.0,2000.0,1680.0,1100.0,687266666.0,687266666.0,687266666.0,0.0,0.0,,0.0,0.0,0.0
2020-12-23,1680.0,0.0,0.0,1680.0,1670.0,1670.0,-10.0,15400.0,25744000.0,20.0,3351.9,1670.0,500.0,1665.0,2000.0,687266666.0,687266666.0,687266666.0,0.0,0.0,,0.0,0.0,0.0
2020-12-28,1670.0,0.0,0.0,1680.0,1670.0,1680.0,10.0,16400.0,27524500.0,17.0,3372.0,1685.0,2400.0,1675.0,1900.0,687266666.0,687266666.0,687266666.0,0.0,0.0,,0.0,0.0,0.0
2020-12-29,1680.0,0.0,0.0,1695.0,1685.0,1690.0,10.0,19700.0,33304500.0,16.0,3392.1,1690.0,1000.0,1685.0,1500.0,687266666.0,687266666.0,687266666.0,0.0,0.0,,0.0,0.0,0.0
2020-12-30,1690.0,0.0,0.0,1690.0,1680.0,1685.0,-5.0,12100.0,20375000.0,14.0,3382.0,1685.0,1700.0,1680.0,1900.0,687266666.0,687266666.0,687266666.0,0.0,0.0,,0.0,0.0,0.0
2021-01-04,1685.0,0.0,0.0,1690.0,1675.0,1690.0,5.0,11700.0,19666500.0,14.0,3392.1,1690.0,2300.0,1685.0,1700.0,687266666.0,687266666.0,687266666.0,0.0,0.0,,0.0,0.0,0.0
2021-01-05,1690.0,0.0,0.0,1700.0,1690.0,1700.0,10.0,12700.0,21538500.0,14.0,3412.1,1700.0,800.0,1695.0,1100.0,687266666.0,687266666.0,687266666.0,0.0,0.0,,0.0,0.0,0.0
2021-01-06,1700.0,0.0,0.0,1705.0,1695.0,1695.0,-5.0,15200.0,25819000.0,17.0,3402.1,1700.0,1100.0,1695.0,500.0,687266666.0,687266666.0,687266666.0,0.0,0.0,,200.0,340000.0,1.0
2021-01-07,1695.0,0.0,0.0,1700.0,1695.0,1700.0,5.0,15300.0,25994000.0,16.0,3412.1,1700.0,1000.0,1695.0,1200.0,687266666.0,687266666.0,687266666.0,0.0,0.0,,197535.0,325932750.0,1.0
2021-01-08,1700.0,0.0,0.0,1705.0,1700.0,1705.0,5.0,13900.0,23662500.0,24.0,3422.2,1705.0,1700.0,1700.0,1200.0,687266666.0,687266666.0,687266666.0,0.0,0.0,,0.0,0.0,0.0
2021-01-11,1705.0,0.0,0.0,1715.0,1705.0,1710.0,5.0,12700.0,21727000.0,19.0,3432.2,1715.0,900.0,1710.0,2400.0,687266666.0,687266666.0,687266666.0,0.0,0.0,,43.0,70950.0,1.0
2021-01-12,1710.0,0.0,0.0,1715.0,1705.0,1705.0,-5.0,13600.0,23237500.0,24.0,3422.2,1710.0,1400.0,1705.0,800.0,687266666.0,687266666.0,687266666.0,0.0,0.0,,0.0,0.0,0.0
2021-01-13,1705.0,0.0,0.0,1715.0,1710.0,1715.0,10.0,12000.0,20549500.0,16.0,3442.3,1720.0,2700.0,1715.0,1700.0,687266666.0,687266666.0,687266666.0,0.0,0.0,,0.0,0.0,0.0
2021-01-14,1715.0,0.0,0.0,1715.0,1705.0,1705.0,-10.0,12900.0,22036500.0,11.0,3422.2,1705.0,1300.0,1700.0,800.0,687266666.0,687266666.0,687266666.0,0.0,0.0,,0.0,0.0,0.0
2021-01-15,1705.0,0.0,0.0,1705.0,1695.0,1700.0,-5.0,18100.0,30773500.0,25.0,3412.1,1700.0,600.0,1695.0,900.0,687266666.0,687266666.0,687266666.0,0.0,0.0,,0.0,0.0,0.0
2021-01-18,1700.0,0.0,0.0,1705.0,1695.0,1705.0,5.0,10700.0,18192500.0,16.0,3422.2,1705.0,1200.0,1700.0,1600.0,687266666.0,687266666.0,687266666.0,0.0,0.0,,500000.0,845000000.0,1.0
2021-01-19,1705.0,0.0,0.0,1705.0,1695.0,1700.0,-5.0,12400.0,21075500.0,19.0,3412.1,1705.0,1900.0,1700.0,100.0,687266666.0,687266666.0,687266666.0,0.0,0.0,,0.0,0.0,0.0
2021-01-20,1700.0,0.0,0.0,1710.0,1705.0,1705.0,5.0,12500.0,21331500.0,20.0,3422.2,1705.0,1300.0,1700.0,1600.0,687266666.0,687266666.0,687266666.0,0.0,0.0,,0.0,0.0,0.0
2021-01-21,1705.0,0.0,0.0,1710.0,1705.0,1710.0,5.0,12700.0,21677000.0,16.0,3432.2,1710.0,1700.0,1705.0,1100.0,687266666.0,687266666.0,687266666.0,0.0,0.0,,0.0,0.0,0.0
2021-01-22,1710.0,0.0,0.0,1710.0,1700.0,1705.0,-5.0,8100.0,13793000.0,11.0,3422.2,1710.0,2300.0,1705.0,400.0,687266666.0,687266666.0,687266666.0,0.0,0.0,,0.0,0.0,0.0
2021-01-25,1705.0,0.0,0.0,1705.0,1695.0,1695.0,-10.0,11800.0,20026500.0,21.0,3402.1,1700.0,1600.0,1695.0,2100.0,687266666.0,687266666.0,687266666.0,0.0,0.0,,0.0,0.0,0.0
2021-01-26,1695.0,0.0,0.0,1695.0,1685.0,1690.0,-5.0,12800.0,21630000.0,23.0,3392.1,1695.0,2000.0,1685.0,1200.0,687266666.0,687266666.0,687266666.0,0.0,0.0,,0.0,0.0,0.0
2021-01-27,1690.0,0.0,0.0,1685.0,1680.0,1685.0,-5.0,11200.0,18853500.0,16.0,3382.0,1690.0,1700.0,1685.0,1600.0,687266666.0,687266666.0,687266666.0,0.0,0.0,,0.0,0.0,0.0
2021-01-28,1685.0,0.0,0.0,1685.0,1675.0,1675.0,-10.0,14700.0,24677500.0,19.0,3362.0,1680.0,1300.0,1675.0,300.0,687266666.0,687266666.0,687266666.0,0.0,0.0,,0.0,0.0,0.0
2021-01-29,1675.0,0.0,0.0,1675.0,1670.0,1670.0,-5.0,11100.0,18546000.0,10.0,3351.9,1675.0,1700.0,1670.0,1800.0,687266666.0,687266666.0,687266666.0,0.0,0.0,,0.0,0.0,0.0
2021-02-01,1670.0,0.0,0.0,1680.0,1670.0,1680.0,10.0,9900.0,16605500.0,16.0,3372.0,1685.0,2400.0,1680.0,300.0,687266666.0,687266666.0,687266666.0,0.0,0.0,,0.0,0.0,0.0
2021-02-02,1680.0,0.0,0.0,1685.0,1675.0,1675.0,-5.0,10300.0,17303500.0,20.0,3362.0,1680.0,1500.0,1675.0,800.0,687266666.0,687266666.0,687266666.0,0.0,0.0,,0.0,0.0,0.0
2021-02-03,1675.0,0.0,0.0,1685.0,1680.0,1685.0,10.0,11200.0,18843500.0,15.0,3382.0,1685.0,1300.0,1680.0,1200.0,687266666.0,687266666.0,687266666.0,0.0,0.0,,0.0,0.0,0.0
2021-02-04,1685.0,0.0,0.0,1690.0,1685.0,1690.0,5.0,11300.0,19079000.0,15.0,3392.1,1690.0,1300.0,1685.0,1200.0,687266666.0,687266666.0,687266666.0,0.0,0.0,,0.0,0.0,0.0
2021-02-05,1690.0,0.0,0.0,1695.0,1695.0,1695.0,5.0,8500.0,14407500.0,10.0,3402.1,1700.0,2600.0,1690.0,1700.0,687266666.0,687266666.0,687266666.0,0.0,0.0,,0.0,0.0,0.0
2021-02-08,1695.0,0.0,0.0,1700.0,1695.0,1700.0,5.0,12700.0,21577000.0,13.0,3412.1,1700.0,1000.0,1695.0,2700.0,687266666.0,687266666.0,687266666.0,0.0,0.0,,0.0,0.0,0.0
2021-02-09,1700.0,0.0,0.0,1705.0,1700.0,1705.0,5.0,13200.0,22468500.0,22.0,3422.2,1710.0,2400.0,1705.0,500.0,687266666.0,687266666.0,687266666.0,0.0,0.0,,0.0,0.0,0.0
2021-02-10,1705.0,0.0,0.0,1700.0,1670.0,1700.0,-5.0,15500.0,26148500.0,18.0,3412.1,1700.0,200.0,1695.0,100.0,687266666.0,687266666.0,687266666.0,0.0,0.0,,0.0,0.0,0.0
2021-02-11,1700.0,0.0,0.0,1705.0,1700.0,1705.0,5.0,12200.0,20777000.0,12.0,3422.2,1705.0,900.0,1700.0,700.0,687266666.0,687266666.0,687266666.0,0.0,0.0,,0.0,0.0,0.0
2021-02-15,1705.0,0.0,0.0,1710.0,1700.0,1700.0,-5.0,8600.0,14653500.0,14.0,3412.1,1710.0,3000.0,1700.0,700.0,687266666.0,687266666.0,687266666.0,0.0,0.0,,0.0,0.0,0.0
2021-02-16,1700.0,0.0,0.0,1705.0,1705.0,1705.0,5.0,7400.0,12617000.0,9.0,3422.2,1710.0,1900.0,1705.0,800.0,687266666.0,687266666.0,687266666.0,0.0,0.0,,0.0,0.0,0.0
2021-02-17,1705.0,0.0,0.0,1700.0,1700.0,1700.0,-5.0,7300.0,12410000.0,10.0,3412.1,1705.0,1600.0,1700.0,200.0,687266666.0,687266666.0,687266666.0,0.0,0.0,,0.0,0.0,0.0
2021-02-18,1700.0,0.0,0.0,1710.0,1705.0,1705.0,5.0,10500.0,17912500.0,10.0,3422.2,1710.0,2800.0,1705.0,200.0,687266666.0,687266666.0,687266666.0,0.0,0.0,,0.0,0.0,0.0
2021-02-19,1705.0,0.0,0.0,1710.0,1695.0,1710.0,5.0,10800.0,18369000.0,10.0,3432.2,1715.0,2600.0,1710.0,600.0,687266666.0,687266666.0,687266666.0,0.0,0.0,,0.0,0.0,0.0
2021-02-22,1710.0,0.0,0.0,1715.0,1705.0,1715.0,5.0,10800.0,18484000.0,12.0,3442.3,1720.0,3700.0,1715.0,600.0,687266666.0,687266666.0,687266666.0,0.0,0.0,,0.0,0.0,0.0
2021-02-23,1715.0,0.0,0.0,1720.0,1715.0,1720.0,5.0,13200.0,22676500.0,15.0,3452.3,1720.0,1800.0,1715.0,800.0,687266666.0,687266666.0,687266666.0,0.0,0.0,,0.0,0.0,0.0
2021-02-24,1720.0,0.0,0.0,1725.0,1710.0,1710.0,-10.0,10800.0,18554500.0,13.0,3432.2,1715.0,1000.0,1710.0,800.0,687266666.0,687266666.0,687266666.0,0.0,0.0,,0.0,0.0,0.0
2021-02-25,1710.0,0.0,0.0,1715.0,1710.0,1715.0,5.0,5200.0,8904500.0,8.0,3442.3,1715.0,900.0,1710.0,800.0,687266666.0,687266666.0,687266666.0,0.0,0.0,,0.0,0.0,0.0
2021-02-26,1715.0,0.0,0.0,1710.0,1705.0,1705.0,-10.0,3700.0,6317000.0,5.0,3422.2,1705.0,1000.0,1700.0,2300.0,687266666.0,687266666.0,687266666.0,0.0,0.0,,0.0,0.0,0.0
2021-03-01,1705.0,0.0,0.0,1710.0,1705.0,1710.0,5.0,3400.0,5802000.0,4.0,3432.2,1710.0,1700.0,1705.0,1500.0,687266666.0,687266666.0,687266666.0,0.0,0.0,,0.0,0.0,0.0
2021-03-02,1710.0,0.0,0.0,1710.0,1675.0,1675.0,-35.0,21100.0,35793000.0,14.0,3362.0,1680.0,3600.0,1675.0,2800.0,687266666.0,687266666.0,687266666.0,0.0,0.0,,0.0,0.0,0.0
2021-03-03,1675.0,0.0,0.0,1700.0,1645.0,1700.0,25.0,3088300.0,5097113000.0,97.0,3412.1,1700.0,5900.0,1670.0,1700.0,687266666.0,687266666.0,687266666.0,0.0,0.0,,0.0,0.0,0.0
2021-03-04,1700.0,0.0,0.0,1750.0,1680.0,1680.0,-20.0,65600.0,112312000.0,80.0,3372.0,1695.0,2300.0,1685.0,1500.0,687266666.0,687266666.0,687266666.0,0.0,0.0,,0.0,0.0,0.0
2021-03-05,1680.0,0.0,0.0,1690.0,1665.0,1675.0,-5.0,19300.0,32413500.0,20.0,3362.0,1675.0,1900.0,1665.0,2900.0,687266666.0,687266666.0,687266666.0,0.0,0.0,,0.0,0.0,0.0
2021-03-08,1675.0,0.0,0.0,1675.0,1670.0,1670.0,-5.0,5400.0,9029500.0,6.0,3351.9,1675.0,1100.0,1665.0,2200.0,687266666.0,687266666.0,687266666.0,0.0,0.0,,0.0,0.0,0.0
2021-03-09,1670.0,0.0,0.0,1675.0,1630.0,1630.0,-40.0,3081000.0,5098857500.0,68.0,3271.6,1640.0,4000.0,1630.0,1900.0,687266666.0,687266666.0,687266666.0,0.0,0.0,,0.0,0.0,0.0
2021-03-10,1630.0,0.0,0.0,1655.0,1620.0,1650.0,20.0,24400.0,40026000.0,23.0,3311.8,1660.0,2600.0,1650.0,100.0,687266666.0,687266666.0,687266666.0,0.0,0.0,,0.0,0.0,0.0
2021-03-12,1650.0,0.0,0.0,1660.0,1645.0,1650.0,0.0,23100.0,38208000.0,24.0,3311.8,1655.0,3000.0,1645.0,3100.0,687266666.0,687266666.0,687266666.0,0.0,0.0,,0.0,0.0,0.0
2021-03-15,1650.0,0.0,0.0,1650.0,1645.0,1650.0,0.0,10100.0,16621000.0,16.0,3311.8,1650.0,2500.0,1645.0,2800.0,687266666.0,687266666.0,687266666.0,0.0,0.0,,0.0,0.0,0.0
2021-03-16,1650.0,0.0,0.0,1650.0,1640.0,1640.0,-10.0,10000.0,16460000.0,8.0,3291.7,1650.0,3500.0,1640.0,2400.0,687266666.0,687266666.0,687266666.0,0.0,0.0,,0.0,0.0,0.0
2021-03-17,1640.0,0.0,0.0,1645.0,1640.0,1645.0,5.0,8800.0,14445500.0,10.0,3301.8,1645.0,6400.0,1640.0,2100.0,687266666.0,687266666.0,687266666.0,0.0,0.0,,0.0,0.0,0.0
2021-03-18,1645.0,0.0,0.0,1660.0,1640.0,1660.0,15.0,15100.0,24906500.0,14.0,3331.9,1660.0,3600.0,1650.0,1700.0,687266666.0,687266666.0,687266666.0,0.0,0.0,,3110000.0,4976000000.0,1.0
2021-03-19,1660.0,0.0,0.0,1660.0,1645.0,1650.0,-10.0,8200.0,13537500.0,8.0,3311.8,1655.0,2500.0,1650.0,400.0,687266666.0,687266666.0,687266666.0,0.0,0.0,,0.0,0.0,0.0
2021-03-22,1650.0,0.0,0.0,1655.0,1645.0,1655.0,5.0,14300.0,23584000.0,21.0,3321.8,1655.0,2100.0,1650.0,2000.0,687266666.0,687266666.0,687266666.0,0.0,0.0,,2175000.0,3480000000.0,1.0
2021-03-23,1655.0,0.0,0.0,1665.0,1650.0,1665.0,10.0,8700.0,14413500.0,6.0,3341.9,1665.0,5200.0,1660.0,2300.0,687266666.0,687266666.0,687266666.0,0.0,0.0,,0.0,0.0,0.0
2021-03-24,1665.0,0.0,0.0,1665.0,1650.0,1650.0,-15.0,7000.0,11601000.0,12.0,3311.8,1655.0,3900.0,1650.0,2100.0,687266666.0,687266666.0,687266666.0,0.0,0.0,,0.0,0.0,0.0
2021-03-25,1650.0,0.0,0.0,1650.0,1645.0,1645.0,-5.0,3700.0,6102500.0,4.0,3301.8,1650.0,2500.0,1645.0,2100.0,687266666.0,687266666.0,687266666.0,0.0,0.0,,0.0,0.0,0.0
2021-03-26,1645.0,0.0,0.0,1655.0,1650.0,1655.0,10.0,3800.0,6273500.0,3.0,3321.8,1655.0,2100.0,1650.0,4300.0,687266666.0,687266666.0,687266666.0,0.0,0.0,,0.0,0.0,0.0
2021-03-29,1655.0,0.0,0.0,1660.0,1650.0,1650.0,-5.0,10800.0,17861000.0,9.0,3311.8,1650.0,3000.0,1645.0,2600.0,687266666.0,687266666.0,687266666.0,0.0,0.0,,0.0,0.0,0.0
2021-03-30,1650.0,0.0,0.0,1645.0,1645.0,1645.0,-5.0,2300.0,3783500.0,2.0,3301.8,1645.0,2900.0,1640.0,2800.0,687266666.0,687266666.0,687266666.0,0.0,0.0,,0.0,0.0,0.0
2021-03-31,1645.0,0.0,0.0,1645.0,1635.0,1635.0,-10.0,3900.0,6397500.0,4.0,3281.7,1640.0,10700.0,1635.0,2700.0,687266666.0,687266666.0,687266666.0,0.0,0.0,,0.0,0.0,0.0
2021-04-01,1635.0,0.0,0.0,1640.0,1630.0,1635.0,0.0,4500.0,7359000.0,5.0,3281.7,1635.0,2300.0,1630.0,2200.0,687266666.0,687266666.0,687266666.0,0.0,0.0,,0.0,0.0,0.0
2021-04-05,1635.0,0.0,0.0,1635.0,1630.0,1630.0,-5.0,12900.0,21053500.0,9.0,3271.6,1635.0,3700.0,1630.0,2200.0,687266666.0,687266666.0,687266666.0,0.0,0.0,,0.0,0.0,0.0
2021-04-06,1630.0,0.0,0.0,1640.0,1630.0,1640.0,10.0,5000.0,8176500.0,5.0,3291.7,1640.0,1600.0,1635.0,3200.0,687266666.0,687266666.0,687266666.0,0.0,0.0,,0.0,0.0,0.0
2021-04-07,1640.0,0.0,0.0,1655.0,1640.0,1655.0,15.0,13400.0,22073500.0,9.0,3321.8,1655.0,2200.0,1650.0,5400.0,687266666.0,687266666.0,687266666.0,0.0,0.0,,0.0,0.0,0.0
2021-04-08,1655.0,0.0,0.0,1665.0,1655.0,1665.0,10.0,8600.0,14273000.0,11.0,3341.9,1665.0,3100.0,1660.0,2300.0,687266666.0,687266666.0,687266666.0,0.0,0.0,,0.0,0.0,0.0
2021-04-09,1665.0,0.0,0.0,1670.0,1665.0,1670.0,5.0,5000.0,8332500.0,6.0,3351.9,1670.0,8900.0,1665.0,2100.0,687266666.0,687266666.0,687266666.0,0.0,0.0,,0.0,0.0,0.0
2021-04-12,1670.0,0.0,0.0,1665.0,1660.0,1660.0,-10.0,4000.0,6653000.0,6.0,3331.9,1665.0,3300.0,1660.0,1400.0,687266666.0,687266666.0,687266666.0,0.0,0.0,,0.0,0.0,0.0
2021-04-13,1660.0,0.0,0.0,1660.0,1655.0,1655.0,-5.0,11400.0,18917000.0,7.0,3321.8,1660.0,2200.0,1655.0,5200.0,687266666.0,687266666.0,687266666.0,0.0,0.0,,0.0,0.0,0.0
2021-04-14,1655.0,0.0,0.0,1665.0,1660.0,1665.0,10.0,7000.0,11639000.0,6.0,3341.9,1670.0,11500.0,1665.0,3000.0,687266666.0,687266666.0,687266666.0,0.0,0.0,,0.0,0.0,0.0
2021-04-15,1665.0,0.0,0.0,1670.0,1665.0,1670.0,5.0,1300.0,2168000.0,2.0,3351.9,1670.0,9100.0,1665.0,2400.0,687266666.0,687266666.0,687266666.0,0.0,0.0,,0.0,0.0,0.0
2021-04-16,1670.0,0.0,0.0,1670.0,1660.0,1660.0,-10.0,3900.0,6494500.0,6.0,3331.9,1665.0,2400.0,1660.0,2900.0,687266666.0,687266666.0,687266666.0,0.0,0.0,,0.0,0.0,0.0
2021-04-19,1660.0,0.0,0.0,1660.0,1650.0,1650.0,-10.0,17500.0,29011000.0,10.0,3311.8,1655.0,400.0,1650.0,2600.0,687266666.0,687266666.0,687266666.0,0.0,0.0,,0.0,0.0,0.0
2021-04-20,1650.0,0.0,0.0,1650.0,1645.0,1645.0,-5.0,14100.0,23245000.0,8.0,3301.8,1650.0,2200.0,1645.0,2700.0,687266666.0,687266666.0,687266666.0,0.0,0.0,,0.0,0.0,0.0
2021-04-21,1645.0,0.0,0.0,1645.0,1640.0,1640.0,-5.0,3500.0,5753500.0,5.0,3291.7,1645.0,2300.0,1640.0,2100.0,687266666.0,687266666.0,687266666.0,0.0,0.0,,0.0,0.0,0.0
2021-04-22,1640.0,0.0,0.0,1645.0,1640.0,1645.0,5.0,5600.0,9188500.0,4.0,3301.8,1645.0,2200.0,1640.0,5200.0,687266666.0,687266666.0,687266666.0,0.0,0.0,,0.0,0.0,0.0
2021-04-23,1645.0,0.0,0.0,1650.0,1640.0,1650.0,5.0,8500.0,13984000.0,6.0,3311.8,1655.0,3400.0,1650.0,1900.0,687266666.0,687266666.0,687266666.0,0.0,0.0,,0.0,0.0,0.0
2021-04-26,1650.0,0.0,0.0,1650.0,1645.0,1645.0,-5.0,18500.0,30493500.0,13.0,3301.8,1645.0,3100.0,1640.0,2600.0,687266666.0,687266666.0,687266666.0,0.0,0.0,,0.0,0.0,0.0
2021-04-27,1645.0,0.0,0.0,1645.0,1640.0,1640.0,-5.0,15500.0,25463000.0,12.0,3291.7,1645.0,400.0,1640.0,2700.0,687266666.0,687266666.0,687266666.0,0.0,0.0,,0.0,0.0,0.0
2021-04-28,1640.0,0.0,0.0,1650.0,1640.0,1650.0,10.0,7300.0,12001500.0,5.0,3311.8,1650.0,1800.0,1645.0,1100.0,687266666.0,687266666.0,687266666.0,0.0,0.0,,0.0,0.0,0.0
2021-04-29,1650.0,0.0,0.0,1660.0,1650.0,1660.0,10.0,8800.0,14564000.0,7.0,3331.9,1660.0,4300.0,1655.0,2300.0,687266666.0,687266666.0,687266666.0,0.0,0.0,,0.0,0.0,0.0
2021-04-30,1660.0,0.0,0.0,1655.0,1645.0,1650.0,-10.0,615700.0,1015907000.0,8.0,3311.8,1650.0,4000.0,1645.0,4300.0,687266666.0,687266666.0,687266666.0,0.0,0.0,,0.0,0.0,0.0
2021-05-03,1650.0,0.0,0.0,1645.0,1640.0,1640.0,-10.0,5600.0,9197500.0,3.0,3291.7,1640.0,3700.0,1635.0,6600.0,687266666.0,687266666.0,687266666.0,0.0,0.0,,68600.0,112504000.0,1.0
2021-05-04,1640.0,0.0,0.0,1645.0,1630.0,1630.0,-10.0,15600.0,25525500.0,13.0,3271.6,1645.0,2800.0,1630.0,2200.0,687266666.0,687266666.0,687266666.0,0.0,0.0,,0.0,0.0,0.0
2021-05-05,1630.0,0.0,0.0,1640.0,1635.0,1640.0,10.0,616300.0,1010716000.0,5.0,3291.7,1645.0,3600.0,1640.0,2300.0,687266666.0,687266666.0,687266666.0,0.0,0.0,,0.0,0.0,0.0
2021-05-06,1640.0,0.0,0.0,1645.0,1635.0,1635.0,-5.0,12600.0,20665000.0,9.0,3281.7,1640.0,2300.0,1635.0,5400.0,687266666.0,687266666.0,687266666.0,0.0,0.0,,0.0,0.0,0.0
2021-05-07,1635.0,0.0,0.0,1640.0,1625.0,1625.0,-10.0,14400.0,23526000.0,14.0,3261.6,1630.0,1300.0,1625.0,4100.0,687266666.0,687266666.0,687266666.0,0.0,0.0,,0.0,0.0,0.0
2021-05-10,1625.0,0.0,0.0,1635.0,1630.0,1635.0,10.0,6100.0,9958500.0,6.0,3281.7,1640.0,7100.0,1635.0,2500.0,687266666.0,687266666.0,687266666.0,0.0,0.0,,0.0,0.0,0.0
2021-05-11,1635.0,0.0,0.0,1635.0,1625.0,1630.0,-5.0,624900.0,1018581000.0,8.0,3271.6,1635.0,2100.0,1625.0,2700.0,687266666.0,687266666.0,687266666.0,0.0,0.0,,86.0,140610.0,1.0
2021-05-17,1630.0,0.0,0.0,1630.0,1625.0,1625.0,-5.0,12300.0,20032000.0,9.0,3261.6,1630.0,2100.0,1625.0,2900.0,687266666.0,687266666.0,687266666.0,0.0,0.0,,0.0,0.0,0.0
2021-05-18,1625.0,0.0,0.0,1625.0,1620.0,1620.0,-5.0,5500.0,8921500.0,4.0,3251.6,1620.0,2900.0,1615.0,6200.0,687266666.0,687266666.0,687266666.0,0.0,0.0,,0.0,0.0,0.0
2021-05-19,1620.0,0.0,0.0,1615.0,1610.0,1610.0,-10.0,4600.0,7417000.0,2.0,3231.5,1610.0,2200.0,1605.0,6100.0,687266666.0,687266666.0,687266666.0,0.0,0.0,,0.0,0.0,0.0
2021-05-20,1610.0,0.0,0.0,1620.0,1610.0,1620.0,10.0,9300.0,15025500.0,7.0,3251.6,1620.0,2900.0,1615.0,3200.0,687266666.0,687266666.0,687266666.0,0.0,0.0,,0.0,0.0,0.0
2021-05-21,1620.0,0.0,0.0,1620.0,1615.0,1615.0,-5.0,8200.0,13273000.0,9.0,3241.5,1615.0,2800.0,1610.0,2400.0,687266666.0,687266666.0,687266666.0,0.0,0.0,,0.0,0.0,0.0
2021-05-22,1615.0,0.0,0.0,0.0,0.0,1615.0,0.0,0.0,0.0,0.0,3241.5,0.0,0.0,0.0,0.0,687266666.0,687266666.0,687266666.0,0.0,0.0,,0.0,0.0,0.0
2021-05-24,1615.0,0.0,0.0,1615.0,1610.0,1615.0,0.0,7400.0,11942500.0,4.0,3241.5,1615.0,1900.0,1610.0,7100.0,687266666.0,687266666.0,687266666.0,0.0,0.0,,1600000.0,2512000000.0,1.0
2021-05-25,1615.0,0.0,0.0,1625.0,1615.0,1625.0,10.0,6900.0,11167000.0,4.0,3261.6,1625.0,2600.0,1620.0,3200.0,687266666.0,687266666.0,687266666.0,0.0,0.0,,0.0,0.0,0.0
2021-05-27,1625.0,0.0,0.0,1635.0,1625.0,1635.0,10.0,10300.0,16793500.0,10.0,3281.7,1640.0,7000.0,1635.0,4100.0,687266666.0,687266666.0,687266666.0,0.0,0.0,,0.0,0.0,0.0
2021-05-28,1635.0,0.0,0.0,1645.0,1640.0,1645.0,10.0,10700.0,17563500.0,10.0,3301.8,1650.0,7100.0,1645.0,4500.0,687266666.0,687266666.0,687266666.0,0.0,0.0,,0.0,0.0,0.0
2021-05-31,1645.0,0.0,0.0,1660.0,1650.0,1660.0,15.0,8900.0,14721500.0,9.0,3331.9,1660.0,6300.0,1655.0,2500.0,687266666.0,687266666.0,687266666.0,0.0,0.0,,0.0,0.0,0.0
2021-06-02,1660.0,0.0,0.0,1670.0,1660.0,1670.0,10.0,10100.0,16817000.0,9.0,3351.9,1670.0,5100.0,1665.0,2700.0,687266666.0,687266666.0,687266666.0,0.0,0.0,,0.0,0.0,0.0
2021-06-03,1670.0,0.0,0.0,1680.0,1670.0,1680.0,10.0,7600.0,12718000.0,11.0,3372.0,1680.0,7600.0,1675.0,2800.0,687266666.0,687266666.0,687266666.0,0.0,0.0,,0.0,0.0,0.0
2021-06-04,1680.0,0.0,0.0,1675.0,1665.0,1665.0,-15.0,6500.0,10862500.0,8.0,3341.9,1670.0,3200.0,1665.0,5400.0,687266666.0,687266666.0,687266666.0,0.0,0.0,,0.0,0.0,0.0
2021-06-07,1665.0,0.0,0.0,1670.0,1655.0,1655.0,-10.0,11000.0,18283000.0,10.0,3321.8,1660.0,3600.0,1655.0,4200.0,687266666.0,687266666.0,687266666.0,0.0,0.0,,0.0,0.0,0.0
2021-06-08,1655.0,0.0,0.0,1655.0,1645.0,1645.0,-10.0,11300.0,18625500.0,7.0,3301.8,1645.0,2400.0,1640.0,3000.0,687266666.0,687266666.0,687266666.0,0.0,0.0,,0.0,0.0,0.0
2021-06-09,1645.0,0.0,0.0,1655.0,1645.0,1655.0,10.0,8800.0,14522500.0,6.0,3321.8,1660.0,6800.0,1655.0,3100.0,687266666.0,687266666.0,687266666.0,0.0,0.0,,0.0,0.0,0.0
2021-06-10,1655.0,0.0,0.0,1670.0,1655.0,1670.0,15.0,7200.0,11981500.0,6.0,3351.9,1670.0,5200.0,1665.0,3900.0,687266666.0,687266666.0,687266666.0,0.0,0.0,,0.0,0.0,0.0
2021-06-11,1670.0,0.0,0.0,1665.0,1660.0,1660.0,-10.0,4400.0,7314500.0,5.0,3331.9,1660.0,3500.0,1655.0,6000.0,687266666.0,687266666.0,687266666.0,0.0,0.0,,0.0,0.0,0.0
2021-06-14,1660.0,0.0,0.0,1660.0,1645.0,1645.0,-15.0,7200.0,11906500.0,6.0,3301.8,1650.0,3300.0,1645.0,5400.0,687266666.0,687266666.0,687266666.0,0.0,0.0,,0.0,0.0,0.0
2021-06-15,1645.0,0.0,0.0,1645.0,1635.0,1640.0,-5.0,977800.0,1603596000.0,9.0,3291.7,1645.0,2800.0,1635.0,4700.0,687266666.0,687266666.0,687266666.0,0.0,0.0,,0.0,0.0,0.0
2021-06-16,1640.0,0.0,0.0,1645.0,1640.0,1645.0,5.0,7900.0,12982500.0,6.0,3301.8,1645.0,3400.0,1640.0,2900.0,687266666.0,687266666.0,687266666.0,0.0,0.0,,50000.0,85000000.0,1.0
2021-06-17,1645.0,0.0,0.0,1640.0,1635.0,1635.0,-10.0,15000.0,24569000.0,6.0,3281.7,1635.0,2900.0,1630.0,2500.0,687266666.0,687266666.0,687266666.0,0.0,0.0,,0.0,0.0,0.0
2021-06-18,1635.0,0.0,0.0,1630.0,1625.0,1625.0,-10.0,4800.0,7811500.0,2.0,3261.6,1625.0,2900.0,1620.0,2700.0,687266666.0,687266666.0,687266666.0,0.0,0.0,,0.0,0.0,0.0
2021-06-21,1625.0,0.0,0.0,1620.0,1610.0,1610.0,-15.0,5600.0,9058500.0,3.0,3231.5,1615.0,2600.0,1610.0,1900.0,687266666.0,687266666.0,687266666.0,0.0,0.0,,0.0,0.0,0.0
2021-06-22,1610.0,0.0,0.0,1620.0,1615.0,1620.0,10.0,4300.0,6956000.0,5.0,3251.6,1625.0,3000.0,1620.0,2800.0,687266666.0,687266666.0,687266666.0,0.0,0.0,,1238000.0,1999370000.0,1.0
2021-06-23,1620.0,0.0,0.0,1620.0,1620.0,1620.0,0.0,4700.0,7614000.0,5.0,3251.6,1625.0,2300.0,1620.0,2600.0,687266666.0,687266666.0,687266666.0,0.0,0.0,,0.0,0.0,0.0
2021-06-24,1620.0,0.0,0.0,1625.0,1610.0,1610.0,-10.0,14400.0,23292000.0,9.0,3231.5,1610.0,3400.0,1605.0,5800.0,687266666.0,687266666.0,687266666.0,0.0,0.0,,0.0,0.0,0.0
2021-06-25,1610.0,0.0,0.0,1620.0,1610.0,1620.0,10.0,6900.0,11132500.0,5.0,3251.6,1620.0,4600.0,1615.0,2600.0,687266666.0,687266666.0,687266666.0,0.0,0.0,,0.0,0.0,0.0
2021-06-28,1620.0,0.0,0.0,1625.0,1610.0,1610.0,-10.0,18400.0,29773000.0,14.0,3231.5,1610.0,3300.0,1605.0,2900.0,687266666.0,687266666.0,687266666.0,0.0,0.0,,0.0,0.0,0.0
2021-06-29,1610.0,0.0,0.0,1620.0,1610.0,1620.0,10.0,6500.0,10484500.0,9.0,3251.6,1620.0,3000.0,1615.0,2600.0,687266666.0,687266666.0,687266666.0,0.0,0.0,,1245000.0,2004450000.0,1.0
2021-06-30,1620.0,0.0,0.0,1620.0,1620.0,1620.0,0.0,6400.0,10368000.0,6.0,3251.6,1625.0,2400.0,1620.0,2100.0,687266666.0,687266666.0,687266666.0,0.0,0.0,,0.0,0.0,0.0
2021-07-01,1620.0,0.0,0.0,1620.0,1620.0,1620.0,0.0,15000.0,24300000.0,10.0,3251.6,1625.0,2500.0,1620.0,2500.0,687266666.0,687266666.0,687266666.0,0.0,0.0,,0.0,0.0,0.0
2021-07-02,1620.0,0.0,0.0,0.0,0.0,1620.0,0.0,0.0,0.0,0.0,3251.6,1625.0,3000.0,1620.0,2000.0,687266666.0,687266666.0,687266666.0,0.0,0.0,,0.0,0.0,0.0
2021-07-05,1620.0,0.0,0.0,0.0,0.0,1620.0,0.0,0.0,0.0,0.0,3251.6,1625.0,3000.0,1620.0,2000.0,687266666.0,687266666.0,687266666.0,0.0,0.0,,0.0,0.0,0.0
2021-07-06,1620.0,0.0,0.0,1620.0,1620.0,1620.0,0.0,200.0,324000.0,1.0,3251.6,1625.0,3500.0,1620.0,2300.0,687266666.0,687266666.0,687266666.0,0.0,0.0,,0.0,0.0,0.0
2021-07-07,1620.0,0.0,0.0,0.0,0.0,1620.0,0.0,0.0,0.0,0.0,3251.6,1625.0,3300.0,1620.0,2300.0,687266666.0,687266666.0,687266666.0,0.0,0.0,,0.0,0.0,0.0
2021-07-08,1620.0,0.0,0.0,1625.0,1625.0,1625.0,5.0,4000.0,6500000.0,2.0,3261.6,1630.0,3300.0,1625.0,1000.0,687266666.0,687266666.0,687266666.0,0.0,0.0,,0.0,0.0,0.0
2021-07-09,1625.0,0.0,0.0,0.0,0.0,1625.0,0.0,0.0,0.0,0.0,3261.6,1630.0,3300.0,1625.0,2300.0,687266666.0,687266666.0,687266666.0,0.0,0.0,,0.0,0.0,0.0
2021-07-12,1625.0,0.0,0.0,1630.0,1630.0,1630.0,5.0,3300.0,5379000.0,2.0,3271.6,1635.0,3700.0,1630.0,1700.0,687266666.0,687266666.0,687266666.0,0.0,0.0,,0.0,0.0,0.0
2021-07-13,1630.0,0.0,0.0,1630.0,1630.0,1630.0,0.0,2700.0,4401000.0,2.0,3271.6,1630.0,2300.0,1625.0,3200.0,687266666.0,687266666.0,687266666.0,0.0,0.0,,0.0,0.0,0.0
2021-07-14,1630.0,0.0,0.0,1625.0,1625.0,1625.0,-5.0,2500.0,4062500.0,1.0,3261.6,1630.0,3300.0,1620.0,3100.0,687266666.0,687266666.0,687266666.0,0.0,0.0,,0.0,0.0,0.0
2021-07-15,1625.0,0.0,0.0,1625.0,1625.0,1625.0,0.0,1000.0,1625000.0,2.0,3261.6,1625.0,2600.0,1620.0,1500.0,687266666.0,687266666.0,687266666.0,0.0,0.0,,0.0,0.0,0.0
2021-07-16,1625.0,0.0,0.0,0.0,0.0,1625.0,0.0,0.0,0.0,0.0,3261.6,1630.0,2600.0,1625.0,700.0,687266666.0,687266666.0,687266666.0,0.0,0.0,,0.0,0.0,0.0
2021-07-19,1625.0,0.0,0.0,0.0,0.0,1625.0,0.0,0.0,0.0,0.0,3261.6,1630.0,2000.0,1625.0,500.0,687266666.0,687266666.0,687266666.0,0.0,0.0,,0.0,0.0,0.0
2021-07-21,1625.0,0.0,0.0,0.0,0.0,1625.0,0.0,0.0,0.0,0.0,3261.6,1630.0,1500.0,1625.0,800.0,687266666.0,687266666.0,687266666.0,0.0,0.0,,0.0,0.0,0.0
2021-07-22,1625.0,0.0,0.0,0.0,0.0,1625.0,0.0,0.0,0.0,0.0,3261.6,1630.0,2600.0,1625.0,700.0,687266666.0,687266666.0,687266666.0,0.0,0.0,,0.0,0.0,0.0
2021-07-23,1625.0,0.0,0.0,0.0,0.0,1625.0,0.0,0.0,0.0,0.0,3261.6,1630.0,3200.0,1625.0,900.0,687266666.0,687266666.0,687266666.0,0.0,0.0,,1000000.0,1625000000.0,1.0
2021-07-26,1625.0,0.0,0.0,0.0,0.0,1625.0,0.0,0.0,0.0,0.0,3261.6,1630.0,2900.0,1625.0,600.0,687266666.0,687266666.0,687266666.0,0.0,0.0,,0.0,0.0,0.0
2021-07-27,1625.0,0.0,0.0,0.0,0.0,1625.0,0.0,0.0,0.0,0.0,3261.6,1630.0,2600.0,1625.0,800.0,687266666.0,687266666.0,687266666.0,0.0,0.0,,0.0,0.0,0.0
2021-07-28,1625.0,0.0,0.0,0.0,0.0,1625.0,0.0,0.0,0.0,0.0,3261.6,1630.0,1500.0,1625.0,400.0,687266666.0,687266666.0,687266666.0,0.0,0.0,,0.0,0.0,0.0
2021-07-29,1625.0,0.0,0.0,1625.0,1610.0,1610.0,-15.0,2500.0,4042000.0,6.0,3231.5,1610.0,10600.0,1605.0,1000.0,687266666.0,687266666.0,687266666.0,0.0,0.0,,1000000.0,1820000000.0,1.0
2021-07-30,1610.0,0.0,0.0,0.0,0.0,1610.0,0.0,0.0,0.0,0.0,3231.5,1620.0,1000.0,1605.0,300.0,687266666.0,687266666.0,687266666.0,0.0,0.0,,0.0,0.0,0.0
2021-08-02,1610.0,0.0,0.0,1605.0,1600.0,1600.0,-10.0,800.0,1281500.0,2.0,3211.4,1580.0,1900.0,1515.0,100.0,687266666.0,687266666.0,687266666.0,0.0,0.0,,0.0,0.0,0.0
2021-08-03,1600.0,0.0,0.0,0.0,0.0,1600.0,0.0,0.0,0.0,0.0,3211.4,1590.0,1900.0,1515.0,100.0,687266666.0,687266666.0,687266666.0,0.0,0.0,,550000.0,1001000000.0,1.0
2021-08-04,1600.0,0.0,0.0,1600.0,1500.0,1600.0,0.0,962000.0,1524611500.0,4.0,3211.4,1600.0,10200.0,1500.0,100.0,687266666.0,687266666.0,687266666.0,0.0,0.0,,0.0,0.0,0.0
2021-08-05,1600.0,0.0,0.0,1550.0,1550.0,1550.0,-50.0,825100.0,1278905000.0,2.0,3111.1,1550.0,2300.0,0.0,0.0,687266666.0,687266666.0,687266666.0,0.0,0.0,,0.0,0.0,0.0
2021-08-06,1550.0,0.0,0.0,1935.0,1935.0,1935.0,385.0,5700.0,11029500.0,19.0,3883.8,0.0,0.0,1935.0,2700.0,687266666.0,687266666.0,687266666.0,0.0,0.0,,0.0,0.0,0.0
2021-08-09,1935.0,0.0,0.0,2410.0,1935.0,2220.0,285.0,45500.0,103011500.0,72.0,4455.9,2220.0,6800.0,1935.0,2400.0,687266666.0,687266666.0,687266666.0,400.0,700.0,,0.0,0.0,0.0
2021-08-10,2220.0,0.0,0.0,2220.0,2070.0,2070.0,-150.0,7500.0,15664000.0,11.0,4154.8,2070.0,29400.0,0.0,0.0,687266666.0,687266666.0,687266666.0,300.0,0.0,,121473.0,218651400.0,1.0
2021-08-12,2070.0,0.0,0.0,2060.0,1930.0,1930.0,-140.0,1300.0,2522000.0,3.0,3873.8,1930.0,29300.0,0.0,0.0,687266666.0,687266666.0,687266666.0,0.0,0.0,,0.0,0.0,0.0
2021-08-13,1930.0,0.0,0.0,1910.0,1795.0,1795.0,-135.0,2900.0,5320500.0,9.0,3602.8,1795.0,23100.0,0.0,0.0,687266666.0,687266666.0,687266666.0,0.0,0.0,,0.0,0.0,0.0
2021-08-16,1795.0,0.0,0.0,0.0,0.0,1795.0,0.0,0.0,0.0,0.0,3602.8,1785.0,10900.0,0.0,0.0,687266666.0,687266666.0,687266666.0,0.0,0.0,,0.0,0.0,0.0
2021-08-18,1795.0,0.0,0.0,1705.0,1680.0,1680.0,-115.0,11100.0,18844000.0,9.0,3372.0,1680.0,19000.0,0.0,0.0,687266666.0,687266666.0,687266666.0,0.0,0.0,,0.0,0.0,0.0
2021-08-19,1680.0,0.0,0.0,0.0,0.0,1680.0,0.0,0.0,0.0,0.0,3372.0,1650.0,32100.0,0.0,0.0,687266666.0,687266666.0,687266666.0,0.0,0.0,,0.0,0.0,0.0
2021-08-20,1680.0,0.0,0.0,1650.0,1650.0,1650.0,-30.0,300.0,495000.0,2.0,3311.8,1595.0,200.0,0.0,0.0,687266666.0,687266666.0,687266666.0,0.0,0.0,,1250000.0,2037500000.0,1.0
2021-08-23,1650.0,0.0,0.0,1640.0,1580.0,1580.0,-70.0,2000.0,3208000.0,6.0,3171.3,1580.0,24100.0,0.0,0.0,687266666.0,687266666.0,687266666.0,0.0,0.0,,0.0,0.0,0.0
2021-08-24,1580.0,0.0,0.0,1550.0,1470.0,1470.0,-110.0,4200.0,6190000.0,20.0,2950.5,1470.0,8600.0,0.0,0.0,687266666.0,687266666.0,687266666.0,0.0,0.0,,0.0,0.0,0.0
2021-08-25,1470.0,0.0,0.0,0.0,0.0,1470.0,0.0,0.0,0.0,0.0,2950.5,1370.0,6700.0,0.0,0.0,687266666.0,687266666.0,687266666.0,0.0,0.0,,0.0,0.0,0.0
2021-08-26,1470.0,0.0,0.0,1450.0,1385.0,1385.0,-85.0,3100.0,4466500.0,11.0,2779.9,1390.0,6000.0,0.0,0.0,687266666.0,687266666.0,687266666.0,0.0,0.0,,0.0,0.0,0.0
2021-08-27,1385.0,0.0,0.0,1370.0,1290.0,1290.0,-95.0,7400.0,9977000.0,12.0,2589.2,1290.0,2400.0,0.0,0.0,687266666.0,687266666.0,687266666.0,0.0,0.0,,0.0,0.0,0.0
2021-08-30,1290.0,0.0,0.0,1250.0,1240.0,1240.0,-50.0,900.0,1121500.0,6.0,2488.9,1240.0,7200.0,0.0,0.0,687266666.0,687266666.0,687266666.0,0.0,0.0,,0.0,0.0,0.0
2021-08-31,1240.0,0.0,0.0,1300.0,1155.0,1165.0,-75.0,10800.0,12809500.0,20.0,2338.3,1300.0,100.0,1175.0,1200.0,687266666.0,687266666.0,687266666.0,0.0,0.0,,0.0,0.0,0.0
2021-09-01,1165.0,0.0,0.0,1450.0,1110.0,1190.0,25.0,21800.0,27687000.0,46.0,2388.5,1200.0,100.0,1190.0,1200.0,687266666.0,687266666.0,687266666.0,200.0,900.0,,0.0,0.0,0.0
2021-09-02,1190.0,0.0,0.0,1240.0,1110.0,1120.0,-70.0,19300.0,22632000.0,43.0,2248.0,1120.0,1000.0,0.0,0.0,687266666.0,687266666.0,687266666.0,800.0,100.0,,0.0,0.0,0.0
2021-09-03,1120.0,0.0,0.0,1400.0,1230.0,1400.0,280.0,36900.0,48886000.0,55.0,2810.0,0.0,0.0,1400.0,5600.0,687266666.0,687266666.0,687266666.0,0.0,0.0,,0.0,0.0,0.0
2021-09-06,1400.0,0.0,0.0,1500.0,1400.0,1400.0,0.0,26500.0,37864000.0,65.0,2810.0,1435.0,800.0,1400.0,300.0,687266666.0,687266666.0,687266666.0,0.0,0.0,,0.0,0.0,0.0
2021-09-07,1400.0,0.0,0.0,1455.0,1305.0,1435.0,35.0,5700.0,7692000.0,18.0,2880.3,1400.0,4500.0,1395.0,200.0,687266666.0,687266666.0,687266666.0,0.0,0.0,,0.0,0.0,0.0
2021-09-08,1435.0,0.0,0.0,1485.0,1430.0,1430.0,-5.0,400.0,578500.0,3.0,2870.2,1420.0,4400.0,0.0,0.0,687266666.0,687266666.0,687266666.0,0.0,0.0,,0.0,0.0,0.0
2021-09-09,1430.0,0.0,0.0,1430.0,1400.0,1400.0,-30.0,2100.0,2946000.0,4.0,2810.0,1380.0,2500.0,0.0,0.0,687266666.0,687266666.0,687266666.0,0.0,0.0,,0.0,0.0,0.0
2021-09-10,1400.0,0.0,0.0,0.0,0.0,1400.0,0.0,0.0,0.0,0.0,2810.0,1360.0,7500.0,0.0,0.0,687266666.0,687266666.0,687266666.0,0.0,0.0,,0.0,0.0,0.0
2021-09-13,1400.0,0.0,0.0,1475.0,1440.0,1440.0,40.0,200.0,291500.0,2.0,2890.3,1420.0,2400.0,0.0,0.0,687266666.0,687266666.0,687266666.0,0.0,0.0,,0.0,0.0,0.0
2021-09-14,1440.0,0.0,0.0,0.0,0.0,1440.0,0.0,0.0,0.0,0.0,2890.3,1400.0,2500.0,0.0,0.0,687266666.0,687266666.0,687266666.0,0.0,0.0,,0.0,0.0,0.0
2021-09-15,1440.0,0.0,0.0,1420.0,1410.0,1415.0,-25.0,5300.0,7493500.0,4.0,2840.1,1400.0,2500.0,0.0,0.0,687266666.0,687266666.0,687266666.0,0.0,0.0,,0.0,0.0,0.0
2021-09-16,1415.0,0.0,0.0,0.0,0.0,1415.0,0.0,0.0,0.0,0.0,2840.1,1385.0,3700.0,0.0,0.0,687266666.0,687266666.0,687266666.0,0.0,0.0,,0.0,0.0,0.0
2021-09-17,1415.0,0.0,0.0,0.0,0.0,1415.0,0.0,0.0,0.0,0.0,2840.1,1390.0,2500.0,0.0,0.0,687266666.0,687266666.0,687266666.0,0.0,0.0,,0.0,0.0,0.0
2021-09-20,1415.0,0.0,0.0,0.0,0.0,1415.0,0.0,0.0,0.0,0.0,2840.1,1390.0,2500.0,0.0,0.0,687266666.0,687266666.0,687266666.0,0.0,0.0,,0.0,0.0,0.0
2021-09-21,1415.0,0.0,0.0,0.0,0.0,1415.0,0.0,0.0,0.0,0.0,2840.1,1380.0,2500.0,0.0,0.0,687266666.0,687266666.0,687266666.0,0.0,0.0,,925000.0,1304250000.0,1.0
2021-09-22,1415.0,0.0,0.0,0.0,0.0,1415.0,0.0,0.0,0.0,0.0,2840.1,1380.0,3400.0,0.0,0.0,687266666.0,687266666.0,687266666.0,0.0,0.0,,0.0,0.0,0.0
2021-09-23,1415.0,0.0,0.0,1370.0,1320.0,1320.0,-95.0,16500.0,22525000.0,18.0,2649.4,1400.0,2100.0,0.0,0.0,687266666.0,687266666.0,687266666.0,0.0,0.0,,0.0,0.0,0.0
2021-09-24,1320.0,0.0,0.0,1320.0,1230.0,1290.0,-30.0,3200.0,4007500.0,7.0,2589.2,1290.0,1900.0,0.0,0.0,687266666.0,687266666.0,687266666.0,0.0,0.0,,0.0,0.0,0.0
2021-09-27,1290.0,0.0,0.0,1280.0,1275.0,1275.0,-15.0,200.0,255500.0,2.0,2559.1,1270.0,1800.0,0.0,0.0,687266666.0,687266666.0,687266666.0,0.0,0.0,,86.0,110940.0,1.0
2021-09-28,1275.0,0.0,0.0,0.0,0.0,1275.0,0.0,0.0,0.0,0.0,2559.1,1250.0,2100.0,0.0,0.0,687266666.0,687266666.0,687266666.0,0.0,0.0,,0.0,0.0,0.0
2021-09-29,1275.0,0.0,0.0,1250.0,1210.0,1210.0,-65.0,300.0,368000.0,3.0,2428.6,1190.0,1900.0,0.0,0.0,687266666.0,687266666.0,687266666.0,0.0,0.0,,0.0,0.0,0.0
2021-09-30,1210.0,0.0,0.0,1210.0,1210.0,1210.0,0.0,100.0,121000.0,1.0,2428.6,1170.0,100.0,0.0,0.0,687266666.0,687266666.0,687266666.0,0.0,0.0,,0.0,0.0,0.0
2021-10-01,1210.0,0.0,0.0,1170.0,1170.0,1170.0,-40.0,200.0,234000.0,2.0,2348.4,1160.0,1800.0,0.0,0.0,687266666.0,687266666.0,532425486.0,0.0,0.0,,0.0,0.0,0.0
2021-10-04,1170.0,0.0,0.0,1455.0,1090.0,1095.0,-75.0,8500.0,9577500.0,25.0,2197.8,1170.0,100.0,1095.0,1500.0,687266666.0,687266666.0,532425486.0,0.0,0.0,,0.0,0.0,0.0
2021-10-05,1095.0,0.0,0.0,1095.0,1020.0,1020.0,-75.0,10700.0,11310500.0,20.0,2047.3,1090.0,100.0,0.0,0.0,687266666.0,687266666.0,532425486.0,0.0,0.0,,0.0,0.0,0.0
2021-10-06,1020.0,0.0,0.0,1200.0,1020.0,1160.0,140.0,2900.0,3370500.0,15.0,2328.3,1160.0,3200.0,1050.0,200.0,687266666.0,687266666.0,532425486.0,0.0,0.0,,0.0,0.0,0.0
2021-10-07,1160.0,0.0,0.0,1160.0,1080.0,1080.0,-80.0,13000.0,14068000.0,14.0,2167.7,1080.0,100.0,0.0,0.0,687266666.0,687266666.0,532425486.0,0.0,0.0,,0.0,0.0,0.0
2021-10-08,1080.0,0.0,0.0,1315.0,1100.0,1100.0,20.0,3200.0,3990500.0,17.0,2207.9,1100.0,2400.0,1085.0,400.0,687266666.0,687266666.0,532425486.0,0.0,0.0,,0.0,0.0,0.0
2021-10-11,1100.0,0.0,0.0,1250.0,1190.0,1200.0,100.0,9700.0,11633000.0,17.0,2408.6,1200.0,7800.0,1120.0,500.0,687266666.0,687266666.0,532425486.0,0.0,0.0,,0.0,0.0,0.0
2021-10-12,1200.0,0.0,0.0,1150.0,1120.0,1120.0,-80.0,2232500.0,2500414500.0,19.0,2248.0,1120.0,100.0,0.0,0.0,687266666.0,687266666.0,532425486.0,0.0,2230100.0,,0.0,0.0,0.0
2021-10-13,1120.0,0.0,0.0,1120.0,1055.0,1055.0,-65.0,3200.0,3510000.0,10.0,2117.5,1115.0,300.0,1060.0,100.0,687266666.0,687266666.0,532425486.0,100.0,0.0,,0.0,0.0,0.0
2021-10-14,1055.0,0.0,0.0,1045.0,1000.0,1045.0,-10.0,3700.0,3799000.0,17.0,2097.5,1100.0,6900.0,1045.0,200.0,687266666.0,687266666.0,532425486.0,0.0,0.0,,0.0,0.0,0.0
2021-10-15,1045.0,0.0,0.0,1200.0,975.0,1000.0,-45.0,6200.0,6288500.0,31.0,2007.1,1005.0,500.0,1000.0,200.0,687266666.0,687266666.0,532425486.0,0.0,0.0,,0.0,0.0,0.0
2021-10-18,1000.0,0.0,0.0,1000.0,1000.0,1000.0,0.0,5200.0,5200000.0,7.0,2007.1,1100.0,900.0,990.0,100.0,687266666.0,687266666.0,532425486.0,0.0,0.0,,0.0,0.0,0.0
2021-10-19,1000.0,0.0,0.0,1000.0,1000.0,1000.0,0.0,200.0,200000.0,1.0,2007.1,1185.0,1000.0,1005.0,100.0,687266666.0,687266666.0,532425486.0,0.0,0.0,,5050000.0,4822750000.0,1.0
2021-10-21,1000.0,0.0,0.0,1000.0,975.0,975.0,-25.0,2400.0,2349500.0,10.0,1957.0,980.0,4100.0,975.0,200.0,687266666.0,687266666.0,532425486.0,0.0,0.0,,0.0,0.0,0.0
2021-10-22,975.0,0.0,0.0,960.0,950.0,960.0,-15.0,600.0,575000.0,3.0,1926.9,1010.0,100.0,955.0,100.0,687266666.0,687266666.0,532425486.0,0.0,0.0,,0.0,0.0,0.0
2021-10-25,960.0,0.0,0.0,960.0,900.0,960.0,0.0,3400.0,3191500.0,10.0,1926.9,955.0,1000.0,930.0,300.0,687266666.0,687266666.0,532425486.0,0.0,0.0,,0.0,0.0,0.0
2021-10-26,960.0,0.0,0.0,1040.0,930.0,995.0,35.0,2996900.0,2996662000.0,10.0,1997.1,995.0,900.0,930.0,5800.0,687266666.0,687266666.0,532425486.0,0.0,2996000.0,,0.0,0.0,0.0
2021-10-27,995.0,0.0,0.0,995.0,995.0,995.0,0.0,3400.0,3383000.0,8.0,1997.1,1075.0,100.0,995.0,100.0,687266666.0,687266666.0,532425486.0,0.0,0.0,,0.0,0.0,0.0
2021-10-28,995.0,0.0,0.0,1095.0,935.0,1080.0,85.0,4100.0,4188000.0,15.0,2167.7,1080.0,1600.0,970.0,100.0,687266666.0,687266666.0,532425486.0,0.0,0.0,,0.0,0.0,0.0
2021-10-29,1080.0,0.0,0.0,1015.0,1005.0,1010.0,-70.0,1600.0,1616000.0,6.0,2027.2,1065.0,900.0,1010.0,6900.0,687266666.0,687266666.0,532425486.0,0.0,0.0,,0.0,0.0,0.0
2021-11-01,1010.0,0.0,0.0,1060.0,1005.0,1005.0,-5.0,3100.0,3157000.0,17.0,2017.2,1050.0,100.0,1005.0,700.0,687266666.0,687266666.0,532425486.0,0.0,0.0,,0.0,0.0,0.0
2021-11-02,1005.0,0.0,0.0,940.0,940.0,940.0,-65.0,100.0,94000.0,1.0,1886.7,1030.0,900.0,955.0,2500.0,687266666.0,687266666.0,532425486.0,0.0,0.0,,0.0,0.0,0.0
2021-11-03,940.0,0.0,0.0,1030.0,880.0,1030.0,90.0,200.0,191000.0,2.0,2067.4,1030.0,1000.0,910.0,1200.0,687266666.0,687266666.0,532425486.0,0.0,0.0,,0.0,0.0,0.0
2021-11-04,1030.0,0.0,0.0,1030.0,970.0,980.0,-50.0,10400.0,10449000.0,48.0,1967.0,985.0,100.0,980.0,4000.0,687266666.0,687266666.0,532425486.0,0.0,0.0,,0.0,0.0,0.0
2021-11-05,980.0,0.0,0.0,1025.0,985.0,1015.0,35.0,20400.0,20462500.0,78.0,2037.3,1020.0,400.0,985.0,200.0,687266666.0,687266666.0,532425486.0,0.0,0.0,,0.0,0.0,0.0
2021-11-08,1015.0,0.0,0.0,1075.0,1015.0,1045.0,30.0,3600.0,3698000.0,18.0,2097.5,1075.0,100.0,1045.0,100.0,687266666.0,687266666.0,532425486.0,0.0,0.0,,0.0,0.0,0.0
2021-11-09,1045.0,0.0,0.0,1045.0,975.0,1040.0,-5.0,12500.0,12645500.0,39.0,2087.4,1010.0,100.0,995.0,200.0,687266666.0,687266666.0,532425486.0,0.0,0.0,,0.0,0.0,0.0
2021-11-10,1040.0,0.0,0.0,1085.0,970.0,1085.0,45.0,2200.0,2215000.0,10.0,2177.8,1080.0,2000.0,1075.0,100.0,687266666.0,687266666.0,532425486.0,0.0,0.0,,0.0,0.0,0.0
2021-11-11,1085.0,0.0,0.0,1080.0,1015.0,1065.0,-20.0,16600.0,17448000.0,44.0,2137.6,1050.0,2100.0,0.0,0.0,687266666.0,687266666.0,532425486.0,0.0,0.0,,0.0,0.0,0.0
2021-11-12,1065.0,0.0,0.0,1260.0,1025.0,1190.0,125.0,12700.0,13492000.0,33.0,2388.5,1170.0,5200.0,1070.0,100.0,687266666.0,687266666.0,532425486.0,0.0,0.0,,0.0,0.0,0.0
2021-11-15,1190.0,0.0,0.0,1190.0,1110.0,1110.0,-80.0,3000.0,3346000.0,10.0,2227.9,1110.0,8600.0,0.0,0.0,687266666.0,687266666.0,532425486.0,0.0,0.0,,0.0,0.0,0.0
2021-11-16,1110.0,0.0,0.0,1110.0,1035.0,1055.0,-55.0,5300.0,5537000.0,30.0,2117.5,1110.0,5800.0,1055.0,100.0,687266666.0,687266666.0,532425486.0,0.0,0.0,,0.0,0.0,0.0
2021-11-17,1055.0,0.0,0.0,1100.0,985.0,1100.0,45.0,9900.0,10685500.0,17.0,2207.9,1190.0,2500.0,1100.0,13900.0,687266666.0,687266666.0,532425486.0,0.0,0.0,,0.0,0.0,0.0
2021-11-18,1100.0,0.0,0.0,1035.0,1025.0,1025.0,-75.0,4500.0,4631000.0,10.0,2057.3,1025.0,3400.0,0.0,0.0,687266666.0,687266666.0,532425486.0,0.0,0.0,,0.0,0.0,0.0
2021-11-19,1025.0,0.0,0.0,1210.0,1030.0,1150.0,125.0,7000.0,7734500.0,18.0,2308.2,1175.0,800.0,1030.0,500.0,687266666.0,687266666.0,532425486.0,0.0,0.0,,0.0,0.0,0.0
2021-11-22,1150.0,0.0,0.0,1150.0,1070.0,1110.0,-40.0,3600.0,4007000.0,21.0,2227.9,1110.0,1000.0,0.0,0.0,687266666.0,687266666.0,532425486.0,0.0,0.0,,0.0,0.0,0.0
2021-11-23,1110.0,0.0,0.0,1110.0,1050.0,1050.0,-60.0,1400.0,1482000.0,4.0,2107.5,1110.0,5000.0,1050.0,7000.0,687266666.0,687266666.0,532425486.0,0.0,0.0,,0.0,0.0,0.0
2021-11-24,1050.0,0.0,0.0,1150.0,980.0,1010.0,-40.0,2300.0,2506500.0,18.0,2027.2,1135.0,7900.0,1015.0,400.0,687266666.0,687266666.0,532425486.0,0.0,0.0,,0.0,0.0,0.0
2021-11-25,1010.0,0.0,0.0,1015.0,1010.0,1010.0,0.0,1000.0,1010500.0,6.0,2027.2,1095.0,100.0,990.0,100.0,687266666.0,687266666.0,532425486.0,0.0,0.0,,0.0,0.0,0.0
2021-11-26,1010.0,0.0,0.0,1000.0,980.0,1000.0,-10.0,1500.0,1479500.0,12.0,2007.1,1210.0,400.0,980.0,200.0,687266666.0,687266666.0,532425486.0,0.0,0.0,,0.0,0.0,0.0
2021-11-29,1000.0,0.0,0.0,975.0,975.0,975.0,-25.0,1600.0,1560000.0,4.0,1957.0,1035.0,100.0,975.0,600.0,687266666.0,687266666.0,532425486.0,0.0,0.0,,0.0,0.0,0.0
2021-11-30,975.0,0.0,0.0,975.0,910.0,910.0,-65.0,200.0,188500.0,2.0,1826.5,935.0,100.0,930.0,2500.0,687266666.0,687266666.0,532425486.0,0.0,0.0,,0.0,0.0,0.0
2021-12-01,910.0,0.0,0.0,895.0,850.0,850.0,-60.0,200.0,174500.0,2.0,1706.1,900.0,100.0,895.0,400.0,687266666.0,687266666.0,532425486.0,0.0,0.0,,0.0,0.0,0.0
2021-12-02,850.0,0.0,0.0,0.0,0.0,850.0,0.0,0.0,0.0,0.0,1706.1,0.0,0.0,880.0,3300.0,687266666.0,687266666.0,532425486.0,0.0,0.0,,0.0,0.0,0.0
2021-12-03,850.0,0.0,0.0,850.0,850.0,850.0,0.0,200.0,170000.0,2.0,1706.1,0.0,0.0,860.0,3300.0,687266666.0,687266666.0,532425486.0,0.0,0.0,,0.0,0.0,0.0
2021-12-06,850.0,0.0,0.0,0.0,0.0,850.0,0.0,0.0,0.0,0.0,1706.1,920.0,100.0,855.0,2500.0,687266666.0,687266666.0,532425486.0,0.0,0.0,,0.0,0.0,0.0
2021-12-07,850.0,0.0,0.0,850.0,850.0,850.0,0.0,200.0,170000.0,2.0,1706.1,1000.0,200.0,855.0,1000.0,687266666.0,687266666.0,532425486.0,0.0,0.0,,2300000.0,1955000000.0,1.0
2021-12-08,850.0,0.0,0.0,0.0,0.0,850.0,0.0,0.0,0.0,0.0,1706.1,995.0,100.0,860.0,100.0,687266666.0,687266666.0,532425486.0,0.0,0.0,,0.0,0.0,0.0
2021-12-09,850.0,0.0,0.0,0.0,0.0,850.0,0.0,0.0,0.0,0.0,1706.1,1000.0,200.0,870.0,100.0,687266666.0,687266666.0,532425486.0,0.0,0.0,,0.0,0.0,0.0
2021-12-10,850.0,0.0,0.0,875.0,875.0,875.0,25.0,300.0,262500.0,3.0,1756.3,990.0,100.0,880.0,1200.0,687266666.0,687266666.0,532425486.0,0.0,0.0,,0.0,0.0,0.0
2021-12-13,875.0,0.0,0.0,875.0,825.0,850.0,-25.0,700.0,590000.0,6.0,1706.1,980.0,100.0,850.0,2600.0,687266666.0,687266666.0,532425486.0,0.0,0.0,,0.0,0.0,0.0
2021-12-14,850.0,0.0,0.0,0.0,0.0,850.0,0.0,0.0,0.0,0.0,1706.1,980.0,100.0,850.0,800.0,687266666.0,687266666.0,532425486.0,0.0,0.0,,0.0,0.0,0.0
2021-12-15,850.0,0.0,0.0,900.0,800.0,800.0,-50.0,400.0,345000.0,4.0,1605.7,990.0,100.0,850.0,100.0,687266666.0,687266666.0,532425486.0,0.0,0.0,,0.0,0.0,0.0
2021-12-16,800.0,0.0,0.0,0.0,0.0,800.0,0.0,0.0,0.0,0.0,1605.7,970.0,100.0,810.0,900.0,687266666.0,687266666.0,532425486.0,0.0,0.0,,8500.0,6332500.0,1.0
2021-12-17,800.0,0.0,0.0,805.0,805.0,805.0,5.0,100.0,80500.0,1.0,1615.8,900.0,100.0,810.0,1400.0,687266666.0,687266666.0,532425486.0,0.0,0.0,,0.0,0.0,0.0
2021-12-20,805.0,0.0,0.0,810.0,810.0,810.0,5.0,900.0,729000.0,2.0,1625.8,1000.0,200.0,810.0,2200.0,687266666.0,687266666.0,532425486.0,0.0,0.0,,0.0,0.0,0.0
2021-12-21,810.0,0.0,0.0,0.0,0.0,810.0,0.0,0.0,0.0,0.0,1625.8,1010.0,100.0,830.0,1500.0,687266666.0,687266666.0,532425486.0,0.0,0.0,,0.0,0.0,0.0
2021-12-22,810.0,0.0,0.0,810.0,755.0,755.0,-55.0,600.0,479500.0,5.0,1515.4,970.0,100.0,790.0,5500.0,687266666.0,687266666.0,532425486.0,0.0,0.0,,0.0,0.0,0.0
2021-12-23,755.0,0.0,0.0,755.0,705.0,740.0,-15.0,500.0,365500.0,5.0,1485.3,785.0,100.0,760.0,3500.0,687266666.0,687266666.0,532425486.0,0.0,0.0,,0.0,0.0,0.0
2021-12-24,740.0,0.0,0.0,775.0,765.0,770.0,30.0,400.0,308000.0,4.0,1545.5,875.0,100.0,770.0,3700.0,687266666.0,687266666.0,532425486.0,0.0,0.0,,91123.0,64697330.0,1.0
2021-12-27,770.0,0.0,0.0,775.0,775.0,775.0,5.0,100.0,77500.0,1.0,1555.5,835.0,100.0,775.0,3700.0,687266666.0,687266666.0,532425486.0,0.0,0.0,,0.0,0.0,0.0
2021-12-28,775.0,0.0,0.0,780.0,780.0,780.0,5.0,100.0,78000.0,1.0,1565.6,875.0,100.0,780.0,3500.0,687266666.0,687266666.0,532425486.0,0.0,0.0,,0.0,0.0,0.0
2021-12-29,780.0,0.0,0.0,800.0,800.0,800.0,20.0,200.0,160000.0,2.0,1605.7,880.0,100.0,820.0,100.0,687266666.0,687266666.0,532425486.0,0.0,0.0,,0.0,0.0,0.0
2021-12-30,800.0,0.0,0.0,1000.0,745.0,1000.0,200.0,28700.0,28271500.0,71.0,2007.1,0.0,0.0,1000.0,23100.0,687266666.0,687266666.0,532425486.0,0.0,0.0,,0.0,0.0,0.0
2022-01-03,1000.0,0.0,0.0,1250.0,1050.0,1250.0,250.0,53900.0,65180000.0,108.0,2508.9,0.0,0.0,1250.0,29400.0,687266666.0,687266666.0,382601353.0,0.0,0.0,,0.0,0.0,0.0
2022-01-04,1250.0,0.0,0.0,1560.0,1305.0,1560.0,310.0,114500.0,177125500.0,214.0,3131.1,0.0,0.0,1560.0,2700.0,687266666.0,687266666.0,382601353.0,0.0,0.0,,0.0,0.0,0.0
2022-01-05,1560.0,0.0,0.0,1610.0,1455.0,1455.0,-105.0,46000.0,69096000.0,105.0,2920.4,1455.0,13200.0,0.0,0.0,687266666.0,687266666.0,382601353.0,0.0,0.0,,0.0,0.0,0.0
2022-01-06,1455.0,0.0,0.0,0.0,0.0,1455.0,0.0,0.0,0.0,0.0,2920.4,0.0,0.0,0.0,0.0,687266666.0,687266666.0,382601353.0,0.0,0.0,,0.0,0.0,0.0
2022-01-07,1455.0,0.0,0.0,0.0,0.0,1455.0,0.0,0.0,0.0,0.0,2920.4,0.0,0.0,0.0,0.0,687266666.0,687266666.0,382601353.0,0.0,0.0,,0.0,0.0,0.0
2022-01-10,1455.0,0.0,0.0,0.0,0.0,1455.0,0.0,0.0,0.0,0.0,2920.4,0.0,0.0,0.0,0.0,687266666.0,687266666.0,382601353.0,0.0,0.0,,0.0,0.0,0.0
2022-01-11,1455.0,0.0,0.0,0.0,0.0,1455.0,0.0,0.0,0.0,0.0,2920.4,0.0,0.0,0.0,0.0,687266666.0,687266666.0,382601353.0,0.0,0.0,,0.0,0.0,0.0
2022-01-12,1455.0,0.0,0.0,0.0,0.0,1455.0,0.0,0.0,0.0,0.0,2920.4,0.0,0.0,0.0,0.0,687266666.0,687266666.0,382601353.0,0.0,0.0,,0.0,0.0,0.0
2022-01-13,1455.0,0.0,0.0,0.0,0.0,1455.0,0.0,0.0,0.0,0.0,2920.4,0.0,0.0,0.0,0.0,687266666.0,687266666.0,382601353.0,0.0,0.0,,0.0,0.0,0.0
2022-01-14,1455.0,0.0,0.0,0.0,0.0,1455.0,0.0,0.0,0.0,0.0,2920.4,0.0,0.0,0.0,0.0,687266666.0,687266666.0,382601353.0,0.0,0.0,,0.0,0.0,0.0
2022-01-17,1455.0,0.0,0.0,0.0,0.0,1455.0,0.0,0.0,0.0,0.0,2920.4,0.0,0.0,0.0,0.0,687266666.0,687266666.0,382601353.0,0.0,0.0,,0.0,0.0,0.0
2022-01-18,1455.0,0.0,0.0,0.0,0.0,1455.0,0.0,0.0,0.0,0.0,2920.4,0.0,0.0,0.0,0.0,687266666.0,687266666.0,382601353.0,0.0,0.0,,0.0,0.0,0.0
2022-01-19,1455.0,0.0,0.0,0.0,0.0,1455.0,0.0,0.0,0.0,0.0,2920.4,0.0,0.0,0.0,0.0,687266666.0,687266666.0,382601353.0,0.0,0.0,,0.0,0.0,0.0
2022-01-20,1455.0,0.0,0.0,0.0,0.0,1455.0,0.0,0.0,0.0,0.0,2920.4,0.0,0.0,0.0,0.0,687266666.0,687266666.0,382601353.0,0.0,0.0,,0.0,0.0,0.0
2022-01-21,1455.0,0.0,0.0,0.0,0.0,1455.0,0.0,0.0,0.0,0.0,2920.4,0.0,0.0,0.0,0.0,687266666.0,687266666.0,382601353.0,0.0,0.0,,0.0,0.0,0.0
2022-01-24,1455.0,0.0,0.0,0.0,0.0,1455.0,0.0,0.0,0.0,0.0,2920.4,0.0,0.0,0.0,0.0,687266666.0,687266666.0,382601353.0,0.0,0.0,,0.0,0.0,0.0
2022-01-25,1455.0,0.0,0.0,0.0,0.0,1455.0,0.0,0.0,0.0,0.0,2920.4,0.0,0.0,0.0,0.0,687266666.0,687266666.0,382601353.0,0.0,0.0,,0.0,0.0,0.0
2022-01-26,1455.0,0.0,0.0,0.0,0.0,1455.0,0.0,0.0,0.0,0.0,2920.4,0.0,0.0,0.0,0.0,687266666.0,687266666.0,382601353.0,0.0,0.0,,0.0,0.0,0.0
2022-01-27,1455.0,0.0,0.0,0.0,0.0,1455.0,0.0,0.0,0.0,0.0,2920.4,0.0,0.0,0.0,0.0,687266666.0,687266666.0,382601353.0,0.0,0.0,,0.0,0.0,0.0
2022-01-28,1455.0,0.0,0.0,0.0,0.0,1455.0,0.0,0.0,0.0,0.0,2920.4,0.0,0.0,0.0,0.0,687266666.0,687266666.0,382601353.0,0.0,0.0,,0.0,0.0,0.0
2022-01-31,1455.0,0.0,0.0,0.0,0.0,1455.0,0.0,0.0,0.0,0.0,2920.4,0.0,0.0,0.0,0.0,687266666.0,687266666.0,382601353.0,0.0,0.0,,0.0,0.0,0.0
2022-02-02,1455.0,0.0,0.0,0.0,0.0,1455.0,0.0,0.0,0.0,0.0,2920.4,0.0,0.0,0.0,0.0,687266666.0,687266666.0,382601353.0,0.0,0.0,,0.0,0.0,0.0
2022-02-03,1455.0,0.0,0.0,0.0,0.0,1455.0,0.0,0.0,0.0,0.0,2920.4,0.0,0.0,0.0,0.0,687266666.0,687266666.0,382601353.0,0.0,0.0,,0.0,0.0,0.0
2022-02-04,1455.0,0.0,0.0,0.0,0.0,1455.0,0.0,0.0,0.0,0.0,2920.4,0.0,0.0,0.0,0.0,687266666.0,687266666.0,382601353.0,0.0,0.0,,0.0,0.0,0.0
2022-02-07,1455.0,0.0,0.0,0.0,0.0,1455.0,0.0,0.0,0.0,0.0,2920.4,0.0,0.0,0.0,0.0,687266666.0,687266666.0,382601353.0,0.0,0.0,,0.0,0.0,0.0
2022-02-08,1455.0,0.0,0.0,0.0,0.0,1455.0,0.0,0.0,0.0,0.0,2920.4,0.0,0.0,0.0,0.0,687266666.0,687266666.0,382601353.0,0.0,0.0,,0.0,0.0,0.0
2022-02-09,1455.0,0.0,0.0,0.0,0.0,1455.0,0.0,0.0,0.0,0.0,2920.4,0.0,0.0,0.0,0.0,687266666.0,687266666.0,382601353.0,0.0,0.0,,0.0,0.0,0.0
2022-02-10,1455.0,0.0,0.0,0.0,0.0,1455.0,0.0,0.0,0.0,0.0,2920.4,0.0,0.0,0.0,0.0,687266666.0,687266666.0,382601353.0,0.0,0.0,,0.0,0.0,0.0
2022-02-11,1455.0,0.0,0.0,0.0,0.0,1455.0,0.0,0.0,0.0,0.0,2920.4,0.0,0.0,0.0,0.0,687266666.0,687266666.0,382601353.0,0.0,0.0,,0.0,0.0,0.0
2022-02-14,1455.0,0.0,0.0,0.0,0.0,1455.0,0.0,0.0,0.0,0.0,2920.4,0.0,0.0,0.0,0.0,687266666.0,687266666.0,382601353.0,0.0,0.0,,0.0,0.0,0.0
2022-02-15,1455.0,0.0,0.0,0.0,0.0,1455.0,0.0,0.0,0.0,0.0,2920.4,0.0,0.0,0.0,0.0,687266666.0,687266666.0,382601353.0,0.0,0.0,,0.0,0.0,0.0
2022-02-16,1455.0,0.0,0.0,0.0,0.0,1455.0,0.0,0.0,0.0,0.0,2920.4,0.0,0.0,0.0,0.0,687266666.0,687266666.0,382601353.0,0.0,0.0,,0.0,0.0,0.0
2022-02-17,1455.0,0.0,0.0,0.0,0.0,1455.0,0.0,0.0,0.0,0.0,2920.4,0.0,0.0,0.0,0.0,687266666.0,687266666.0,382601353.0,0.0,0.0,,0.0,0.0,0.0
2022-02-18,1455.0,0.0,0.0,0.0,0.0,1455.0,0.0,0.0,0.0,0.0,2920.4,0.0,0.0,0.0,0.0,687266666.0,687266666.0,382601353.0,0.0,0.0,,0.0,0.0,0.0
2022-02-21,1455.0,0.0,0.0,0.0,0.0,1455.0,0.0,0.0,0.0,0.0,2920.4,0.0,0.0,0.0,0.0,687266666.0,687266666.0,382601353.0,0.0,0.0,,0.0,0.0,0.0
2022-02-22,1455.0,0.0,0.0,0.0,0.0,1455.0,0.0,0.0,0.0,0.0,2920.4,0.0,0.0,0.0,0.0,687266666.0,687266666.0,382601353.0,0.0,0.0,,0.0,0.0,0.0
2022-02-23,1455.0,0.0,0.0,0.0,0.0,1455.0,0.0,0.0,0.0,0.0,2920.4,0.0,0.0,0.0,0.0,687266666.0,687266666.0,382601353.0,0.0,0.0,,0.0,0.0,0.0
2022-02-24,1455.0,0.0,0.0,0.0,0.0,1455.0,0.0,0.0,0.0,0.0,2920.4,0.0,0.0,0.0,0.0,687266666.0,687266666.0,382601353.0,0.0,0.0,,0.0,0.0,0.0
2022-02-25,1455.0,0.0,0.0,0.0,0.0,1455.0,0.0,0.0,0.0,0.0,2920.4,0.0,0.0,0.0,0.0,687266666.0,687266666.0,382601353.0,0.0,0.0,,0.0,0.0,0.0
2022-03-01,1455.0,0.0,0.0,0.0,0.0,1455.0,0.0,0.0,0.0,0.0,2920.4,0.0,0.0,0.0,0.0,687266666.0,687266666.0,382601353.0,0.0,0.0,,0.0,0.0,0.0
2022-03-02,1455.0,0.0,0.0,0.0,0.0,1455.0,0.0,0.0,0.0,0.0,2920.4,0.0,0.0,0.0,0.0,687266666.0,687266666.0,382601353.0,0.0,0.0,,0.0,0.0,0.0
2022-03-04,1455.0,0.0,0.0,0.0,0.0,1455.0,0.0,0.0,0.0,0.0,2920.4,0.0,0.0,0.0,0.0,687266666.0,687266666.0,382601353.0,0.0,0.0,,0.0,0.0,0.0
2022-03-07,1455.0,0.0,0.0,0.0,0.0,1455.0,0.0,0.0,0.0,0.0,2920.4,0.0,0.0,0.0,0.0,687266666.0,687266666.0,382601353.0,0.0,0.0,,0.0,0.0,0.0
2022-03-08,1455.0,0.0,0.0,0.0,0.0,1455.0,0.0,0.0,0.0,0.0,2920.4,0.0,0.0,0.0,0.0,687266666.0,687266666.0,382601353.0,0.0,0.0,,0.0,0.0,0.0
2022-03-09,1455.0,0.0,0.0,0.0,0.0,1455.0,0.0,0.0,0.0,0.0,2920.4,0.0,0.0,0.0,0.0,687266666.0,687266666.0,382601353.0,0.0,0.0,,0.0,0.0,0.0
2022-03-10,1455.0,0.0,0.0,0.0,0.0,1455.0,0.0,0.0,0.0,0.0,2920.4,0.0,0.0,0.0,0.0,687266666.0,687266666.0,382601353.0,0.0,0.0,,0.0,0.0,0.0
2022-03-11,1455.0,0.0,0.0,0.0,0.0,1455.0,0.0,0.0,0.0,0.0,2920.4,0.0,0.0,0.0,0.0,687266666.0,687266666.0,382601353.0,0.0,0.0,,0.0,0.0,0.0
2022-03-14,1455.0,0.0,0.0,0.0,0.0,1455.0,0.0,0.0,0.0,0.0,2920.4,0.0,0.0,0.0,0.0,687266666.0,687266666.0,382601353.0,0.0,0.0,,0.0,0.0,0.0
2022-03-15,1455.0,0.0,0.0,0.0,0.0,1455.0,0.0,0.0,0.0,0.0,2920.4,0.0,0.0,0.0,0.0,687266666.0,687266666.0,382601353.0,0.0,0.0,,0.0,0.0,0.0
2022-03-16,1455.0,0.0,0.0,0.0,0.0,1455.0,0.0,0.0,0.0,0.0,2920.4,0.0,0.0,0.0,0.0,687266666.0,687266666.0,382601353.0,0.0,0.0,,0.0,0.0,0.0
2022-03-17,1455.0,0.0,0.0,0.0,0.0,1455.0,0.0,0.0,0.0,0.0,2920.4,0.0,0.0,0.0,0.0,687266666.0,687266666.0,382601353.0,0.0,0.0,,0.0,0.0,0.0
2022-03-18,1455.0,0.0,0.0,0.0,0.0,1455.0,0.0,0.0,0.0,0.0,2920.4,0.0,0.0,0.0,0.0,687266666.0,687266666.0,382601353.0,0.0,0.0,,0.0,0.0,0.0
2022-03-21,1455.0,0.0,0.0,0.0,0.0,1455.0,0.0,0.0,0.0,0.0,2920.4,0.0,0.0,0.0,0.0,687266666.0,687266666.0,382601353.0,0.0,0.0,,0.0,0.0,0.0
2022-03-22,1455.0,0.0,0.0,0.0,0.0,1455.0,0.0,0.0,0.0,0.0,2920.4,0.0,0.0,0.0,0.0,687266666.0,687266666.0,382601353.0,0.0,0.0,,0.0,0.0,0.0
2022-03-23,1455.0,0.0,0.0,0.0,0.0,1455.0,0.0,0.0,0.0,0.0,2920.4,0.0,0.0,0.0,0.0,687266666.0,687266666.0,382601353.0,0.0,0.0,,0.0,0.0,0.0
2022-03-24,1455.0,0.0,0.0,0.0,0.0,1455.0,0.0,0.0,0.0,0.0,2920.4,0.0,0.0,0.0,0.0,687266666.0,687266666.0,382601353.0,0.0,0.0,,0.0,0.0,0.0
2022-03-25,1455.0,0.0,0.0,0.0,0.0,1455.0,0.0,0.0,0.0,0.0,2920.4,0.0,0.0,0.0,0.0,687266666.0,687266666.0,382601353.0,0.0,0.0,,0.0,0.0,0.0
2022-03-28,1455.0,0.0,0.0,0.0,0.0,1455.0,0.0,0.0,0.0,0.0,2920.4,0.0,0.0,0.0,0.0,687266666.0,687266666.0,382601353.0,0.0,0.0,,0.0,0.0,0.0
2022-03-29,1455.0,0.0,0.0,0.0,0.0,1455.0,0.0,0.0,0.0,0.0,2920.4,0.0,0.0,0.0,0.0,687266666.0,687266666.0,382601353.0,0.0,0.0,,0.0,0.0,0.0
2022-03-30,1455.0,0.0,0.0,0.0,0.0,1455.0,0.0,0.0,0.0,0.0,2920.4,0.0,0.0,0.0,0.0,687266666.0,687266666.0,382601353.0,0.0,0.0,,0.0,0.0,0.0
2022-03-31,1455.0,0.0,0.0,0.0,0.0,1455.0,0.0,0.0,0.0,0.0,2920.4,0.0,0.0,0.0,0.0,687266666.0,687266666.0,382601353.0,0.0,0.0,,0.0,0.0,0.0
2022-04-01,1455.0,0.0,0.0,0.0,0.0,1455.0,0.0,0.0,0.0,0.0,2920.4,0.0,0.0,0.0,0.0,687266666.0,687266666.0,179514053.0,0.0,0.0,,0.0,0.0,0.0
2022-04-04,1455.0,0.0,0.0,0.0,0.0,1455.0,0.0,0.0,0.0,0.0,2920.4,0.0,0.0,0.0,0.0,687266666.0,687266666.0,179514053.0,0.0,0.0,,0.0,0.0,0.0
2022-04-05,1455.0,0.0,0.0,0.0,0.0,1455.0,0.0,0.0,0.0,0.0,2920.4,0.0,0.0,0.0,0.0,687266666.0,687266666.0,179514053.0,0.0,0.0,,0.0,0.0,0.0
2022-04-06,1455.0,0.0,0.0,0.0,0.0,1455.0,0.0,0.0,0.0,0.0,2920.4,0.0,0.0,0.0,0.0,687266666.0,687266666.0,179514053.0,0.0,0.0,,0.0,0.0,0.0
2022-04-07,1455.0,0.0,0.0,0.0,0.0,1455.0,0.0,0.0,0.0,0.0,2920.4,0.0,0.0,0.0,0.0,687266666.0,687266666.0,179514053.0,0.0,0.0,,0.0,0.0,0.0
2022-04-08,1455.0,0.0,0.0,0.0,0.0,1455.0,0.0,0.0,0.0,0.0,2920.4,0.0,0.0,0.0,0.0,687266666.0,687266666.0,179514053.0,0.0,0.0,,0.0,0.0,0.0
2022-04-11,1455.0,0.0,0.0,0.0,0.0,1455.0,0.0,0.0,0.0,0.0,2920.4,0.0,0.0,0.0,0.0,687266666.0,687266666.0,179514053.0,0.0,0.0,,0.0,0.0,0.0
2022-04-12,1455.0,0.0,0.0,0.0,0.0,1455.0,0.0,0.0,0.0,0.0,2920.4,0.0,0.0,0.0,0.0,687266666.0,687266666.0,179514053.0,0.0,0.0,,0.0,0.0,0.0
2022-04-13,1455.0,0.0,0.0,0.0,0.0,1455.0,0.0,0.0,0.0,0.0,2920.4,0.0,0.0,0.0,0.0,687266666.0,687266666.0,179514053.0,0.0,0.0,,0.0,0.0,0.0
2022-04-14,1455.0,0.0,0.0,0.0,0.0,1455.0,0.0,0.0,0.0,0.0,2920.4,0.0,0.0,0.0,0.0,687266666.0,687266666.0,179514053.0,0.0,0.0,,0.0,0.0,0.0
2022-04-18,1455.0,0.0,0.0,0.0,0.0,1455.0,0.0,0.0,0.0,0.0,2920.4,0.0,0.0,0.0,0.0,687266666.0,687266666.0,179514053.0,0.0,0.0,,0.0,0.0,0.0
2022-04-19,1455.0,0.0,0.0,0.0,0.0,1455.0,0.0,0.0,0.0,0.0,2920.4,0.0,0.0,0.0,0.0,687266666.0,687266666.0,179514053.0,0.0,0.0,,0.0,0.0,0.0
2022-04-20,1455.0,0.0,0.0,0.0,0.0,1455.0,0.0,0.0,0.0,0.0,2920.4,0.0,0.0,0.0,0.0,687266666.0,687266666.0,179514053.0,0.0,0.0,,0.0,0.0,0.0
2022-04-21,1455.0,0.0,0.0,0.0,0.0,1455.0,0.0,0.0,0.0,0.0,2920.4,0.0,0.0,0.0,0.0,687266666.0,687266666.0,179514053.0,0.0,0.0,,0.0,0.0,0.0
2022-04-22,1455.0,0.0,0.0,0.0,0.0,1455.0,0.0,0.0,0.0,0.0,2920.4,0.0,0.0,0.0,0.0,687266666.0,687266666.0,179514053.0,0.0,0.0,,0.0,0.0,0.0
2022-04-25,1455.0,0.0,0.0,0.0,0.0,1455.0,0.0,0.0,0.0,0.0,2920.4,0.0,0.0,0.0,0.0,687266666.0,687266666.0,179514053.0,0.0,0.0,,0.0,0.0,0.0
2022-04-26,1455.0,0.0,0.0,0.0,0.0,1455.0,0.0,0.0,0.0,0.0,2920.4,0.0,0.0,0.0,0.0,687266666.0,687266666.0,179514053.0,0.0,0.0,,0.0,0.0,0.0
2022-04-27,1455.0,0.0,0.0,0.0,0.0,1455.0,0.0,0.0,0.0,0.0,2920.4,0.0,0.0,0.0,0.0,687266666.0,687266666.0,179514053.0,0.0,0.0,,0.0,0.0,0.0
2022-04-28,1455.0,0.0,0.0,0.0,0.0,1455.0,0.0,0.0,0.0,0.0,2920.4,0.0,0.0,0.0,0.0,687266666.0,687266666.0,179514053.0,0.0,0.0,,0.0,0.0,0.0
2022-05-09,1455.0,0.0,0.0,0.0,0.0,1455.0,0.0,0.0,0.0,0.0,2920.4,0.0,0.0,0.0,0.0,687266666.0,687266666.0,179514053.0,0.0,0.0,,0.0,0.0,0.0
2022-05-10,1455.0,0.0,0.0,0.0,0.0,1455.0,0.0,0.0,0.0,0.0,2920.4,0.0,0.0,0.0,0.0,687266666.0,687266666.0,179514053.0,0.0,0.0,,0.0,0.0,0.0
2022-05-11,1455.0,0.0,0.0,0.0,0.0,1455.0,0.0,0.0,0.0,0.0,2920.4,0.0,0.0,0.0,0.0,687266666.0,687266666.0,179514053.0,0.0,0.0,,0.0,0.0,0.0
2022-05-12,1455.0,0.0,0.0,0.0,0.0,1455.0,0.0,0.0,0.0,0.0,2920.4,0.0,0.0,0.0,0.0,687266666.0,687266666.0,179514053.0,0.0,0.0,,0.0,0.0,0.0
2022-05-13,1455.0,0.0,0.0,0.0,0.0,1455.0,0.0,0.0,0.0,0.0,2920.4,0.0,0.0,0.0,0.0,687266666.0,687266666.0,179514053.0,0.0,0.0,,0.0,0.0,0.0
2022-05-17,1455.0,0.0,0.0,0.0,0.0,1455.0,0.0,0.0,0.0,0.0,2920.4,0.0,0.0,0.0,0.0,687266666.0,687266666.0,179514053.0,0.0,0.0,,0.0,0.0,0.0
2022-05-18,1455.0,0.0,0.0,0.0,0.0,1455.0,0.0,0.0,0.0,0.0,2920.4,0.0,0.0,0.0,0.0,687266666.0,687266666.0,179514053.0,0.0,0.0,,0.0,0.0,0.0
2022-05-19,1455.0,0.0,0.0,0.0,0.0,1455.0,0.0,0.0,0.0,0.0,2920.4,0.0,0.0,0.0,0.0,687266666.0,687266666.0,179514053.0,0.0,0.0,,0.0,0.0,0.0
2022-05-20,1455.0,0.0,0.0,0.0,0.0,1455.0,0.0,0.0,0.0,0.0,2920.4,0.0,0.0,0.0,0.0,687266666.0,687266666.0,179514053.0,0.0,0.0,,0.0,0.0,0.0
2022-05-23,1455.0,0.0,0.0,0.0,0.0,1455.0,0.0,0.0,0.0,0.0,2920.4,0.0,0.0,0.0,0.0,687266666.0,687266666.0,179514053.0,0.0,0.0,,0.0,0.0,0.0
2022-05-24,1455.0,0.0,0.0,0.0,0.0,1455.0,0.0,0.0,0.0,0.0,2920.4,0.0,0.0,0.0,0.0,687266666.0,687266666.0,179514053.0,0.0,0.0,,0.0,0.0,0.0
2022-05-25,1455.0,0.0,0.0,0.0,0.0,1455.0,0.0,0.0,0.0,0.0,2920.4,0.0,0.0,0.0,0.0,687266666.0,687266666.0,179514053.0,0.0,0.0,,0.0,0.0,0.0
2022-05-27,1455.0,0.0,0.0,0.0,0.0,1455.0,0.0,0.0,0.0,0.0,2920.4,0.0,0.0,0.0,0.0,687266666.0,687266666.0,179514053.0,0.0,0.0,,0.0,0.0,0.0
2022-05-30,1455.0,0.0,0.0,0.0,0.0,1455.0,0.0,0.0,0.0,0.0,2920.4,0.0,0.0,0.0,0.0,687266666.0,687266666.0,179514053.0,0.0,0.0,,0.0,0.0,0.0
2022-05-31,1455.0,0.0,0.0,0.0,0.0,1455.0,0.0,0.0,0.0,0.0,2920.4,0.0,0.0,0.0,0.0,687266666.0,687266666.0,179514053.0,0.0,0.0,,0.0,0.0,0.0
2022-06-02,1455.0,0.0,0.0,0.0,0.0,1455.0,0.0,0.0,0.0,0.0,2920.4,0.0,0.0,0.0,0.0,687266666.0,687266666.0,179514053.0,0.0,0.0,,0.0,0.0,0.0
2022-06-03,1455.0,0.0,0.0,0.0,0.0,1455.0,0.0,0.0,0.0,0.0,2920.4,0.0,0.0,0.0,0.0,687266666.0,687266666.0,179514053.0,0.0,0.0,,0.0,0.0,0.0
2022-06-06,1455.0,0.0,0.0,0.0,0.0,1455.0,0.0,0.0,0.0,0.0,2920.4,0.0,0.0,0.0,0.0,687266666.0,687266666.0,179514053.0,0.0,0.0,,0.0,0.0,0.0
2022-06-07,1455.0,0.0,0.0,0.0,0.0,1455.0,0.0,0.0,0.0,0.0,2920.4,0.0,0.0,0.0,0.0,687266666.0,687266666.0,179514053.0,0.0,0.0,,0.0,0.0,0.0
2022-06-08,1455.0,0.0,0.0,0.0,0.0,1455.0,0.0,0.0,0.0,0.0,2920.4,0.0,0.0,0.0,0.0,687266666.0,687266666.0,179514053.0,0.0,0.0,,0.0,0.0,0.0
2022-06-09,1455.0,0.0,0.0,0.0,0.0,1455.0,0.0,0.0,0.0,0.0,2920.4,0.0,0.0,0.0,0.0,687266666.0,687266666.0,179514053.0,0.0,0.0,,0.0,0.0,0.0
2022-06-10,1455.0,0.0,0.0,0.0,0.0,1455.0,0.0,0.0,0.0,0.0,2920.4,0.0,0.0,0.0,0.0,687266666.0,687266666.0,179514053.0,0.0,0.0,,0.0,0.0,0.0
2022-06-13,1455.0,0.0,0.0,0.0,0.0,1455.0,0.0,0.0,0.0,0.0,2920.4,0.0,0.0,0.0,0.0,687266666.0,687266666.0,179514053.0,0.0,0.0,,0.0,0.0,0.0
2022-06-14,1455.0,0.0,0.0,0.0,0.0,1455.0,0.0,0.0,0.0,0.0,2920.4,0.0,0.0,0.0,0.0,687266666.0,687266666.0,179514053.0,0.0,0.0,,0.0,0.0,0.0
2022-06-15,1455.0,0.0,0.0,0.0,0.0,1455.0,0.0,0.0,0.0,0.0,2920.4,0.0,0.0,0.0,0.0,687266666.0,687266666.0,179514053.0,0.0,0.0,,0.0,0.0,0.0
2022-06-16,1455.0,0.0,0.0,0.0,0.0,1455.0,0.0,0.0,0.0,0.0,2920.4,0.0,0.0,0.0,0.0,687266666.0,687266666.0,179514053.0,0.0,0.0,,0.0,0.0,0.0
2022-06-17,1455.0,0.0,0.0,0.0,0.0,1455.0,0.0,0.0,0.0,0.0,2920.4,0.0,0.0,0.0,0.0,687266666.0,687266666.0,179514053.0,0.0,0.0,,0.0,0.0,0.0
2022-06-20,1455.0,0.0,0.0,0.0,0.0,1455.0,0.0,0.0,0.0,0.0,2920.4,0.0,0.0,0.0,0.0,687266666.0,687266666.0,179514053.0,0.0,0.0,,0.0,0.0,0.0
2022-06-21,1455.0,0.0,0.0,0.0,0.0,1455.0,0.0,0.0,0.0,0.0,2920.4,0.0,0.0,0.0,0.0,687266666.0,687266666.0,179514053.0,0.0,0.0,,0.0,0.0,0.0
2022-06-22,1455.0,0.0,0.0,0.0,0.0,1455.0,0.0,0.0,0.0,0.0,2920.4,0.0,0.0,0.0,0.0,687266666.0,687266666.0,179514053.0,0.0,0.0,,0.0,0.0,0.0
2022-06-23,1455.0,0.0,0.0,0.0,0.0,1455.0,0.0,0.0,0.0,0.0,2920.4,0.0,0.0,0.0,0.0,687266666.0,687266666.0,179514053.0,0.0,0.0,,0.0,0.0,0.0
2022-06-24,1455.0,0.0,0.0,0.0,0.0,1455.0,0.0,0.0,0.0,0.0,2920.4,0.0,0.0,0.0,0.0,687266666.0,687266666.0,179514053.0,0.0,0.0,,0.0,0.0,0.0
2022-06-27,1455.0,0.0,0.0,0.0,0.0,1455.0,0.0,0.0,0.0,0.0,2920.4,0.0,0.0,0.0,0.0,687266666.0,687266666.0,179514053.0,0.0,0.0,,0.0,0.0,0.0
2022-06-28,1455.0,0.0,0.0,0.0,0.0,1455.0,0.0,0.0,0.0,0.0,2920.4,0.0,0.0,0.0,0.0,687266666.0,687266666.0,179514053.0,0.0,0.0,,0.0,0.0,0.0
2022-06-29,1455.0,0.0,0.0,0.0,0.0,1455.0,0.0,0.0,0.0,0.0,2920.4,0.0,0.0,0.0,0.0,687266666.0,687266666.0,179514053.0,0.0,0.0,,0.0,0.0,0.0
2022-06-30,1455.0,0.0,0.0,0.0,0.0,1455.0,0.0,0.0,0.0,0.0,2920.4,0.0,0.0,0.0,0.0,687266666.0,687266666.0,179514053.0,0.0,0.0,,0.0,0.0,0.0
2022-07-01,1455.0,0.0,0.0,0.0,0.0,1455.0,0.0,0.0,0.0,0.0,2920.4,0.0,0.0,0.0,0.0,687266666.0,687266666.0,169273780.0,0.0,0.0,,0.0,0.0,0.0
2022-07-04,1455.0,0.0,0.0,0.0,0.0,1455.0,0.0,0.0,0.0,0.0,2920.4,0.0,0.0,0.0,0.0,687266666.0,687266666.0,169273780.0,0.0,0.0,,0.0,0.0,0.0
2022-07-05,1455.0,0.0,0.0,0.0,0.0,1455.0,0.0,0.0,0.0,0.0,2920.4,0.0,0.0,0.0,0.0,687266666.0,687266666.0,169273780.0,0.0,0.0,,0.0,0.0,0.0
2022-07-06,1455.0,0.0,0.0,0.0,0.0,1455.0,0.0,0.0,0.0,0.0,2920.4,0.0,0.0,0.0,0.0,687266666.0,687266666.0,169273780.0,0.0,0.0,,0.0,0.0,0.0
2022-07-07,1455.0,0.0,0.0,0.0,0.0,1455.0,0.0,0.0,0.0,0.0,2920.4,0.0,0.0,0.0,0.0,687266666.0,687266666.0,169273780.0,0.0,0.0,,0.0,0.0,0.0
2022-07-08,1455.0,0.0,0.0,0.0,0.0,1455.0,0.0,0.0,0.0,0.0,2920.4,0.0,0.0,0.0,0.0,687266666.0,687266666.0,169273780.0,0.0,0.0,,0.0,0.0,0.0
2022-07-11,1455.0,0.0,0.0,0.0,0.0,1455.0,0.0,0.0,0.0,0.0,2920.4,0.0,0.0,0.0,0.0,687266666.0,687266666.0,169273780.0,0.0,0.0,,0.0,0.0,0.0
2022-07-12,1455.0,0.0,0.0,0.0,0.0,1455.0,0.0,0.0,0.0,0.0,2920.4,0.0,0.0,0.0,0.0,687266666.0,687266666.0,169273780.0,0.0,0.0,,0.0,0.0,0.0
2022-07-13,1455.0,0.0,0.0,0.0,0.0,1455.0,0.0,0.0,0.0,0.0,2920.4,0.0,0.0,0.0,0.0,687266666.0,687266666.0,169273780.0,0.0,0.0,,0.0,0.0,0.0
2022-07-14,1455.0,0.0,0.0,0.0,0.0,1455.0,0.0,0.0,0.0,0.0,2920.4,0.0,0.0,0.0,0.0,687266666.0,687266666.0,169273780.0,0.0,0.0,,0.0,0.0,0.0
2022-07-15,1455.0,0.0,0.0,0.0,0.0,1455.0,0.0,0.0,0.0,0.0,2920.4,0.0,0.0,0.0,0.0,687266666.0,687266666.0,169273780.0,0.0,0.0,,0.0,0.0,0.0
2022-07-18,1455.0,0.0,0.0,0.0,0.0,1455.0,0.0,0.0,0.0,0.0,2920.4,0.0,0.0,0.0,0.0,687266666.0,687266666.0,169273780.0,0.0,0.0,,0.0,0.0,0.0
2022-07-19,1455.0,0.0,0.0,0.0,0.0,1455.0,0.0,0.0,0.0,0.0,2920.4,0.0,0.0,0.0,0.0,687266666.0,687266666.0,169273780.0,0.0,0.0,,0.0,0.0,0.0
2022-07-20,1455.0,0.0,0.0,0.0,0.0,1455.0,0.0,0.0,0.0,0.0,2920.4,0.0,0.0,0.0,0.0,687266666.0,687266666.0,169273780.0,0.0,0.0,,0.0,0.0,0.0
2022-07-21,1455.0,0.0,0.0,0.0,0.0,1455.0,0.0,0.0,0.0,0.0,2920.4,0.0,0.0,0.0,0.0,687266666.0,687266666.0,169273780.0,0.0,0.0,,0.0,0.0,0.0
2022-07-22,1455.0,0.0,0.0,0.0,0.0,1455.0,0.0,0.0,0.0,0.0,2920.4,0.0,0.0,0.0,0.0,687266666.0,687266666.0,169273780.0,0.0,0.0,,0.0,0.0,0.0
2022-07-25,1455.0,0.0,0.0,0.0,0.0,1455.0,0.0,0.0,0.0,0.0,2920.4,0.0,0.0,0.0,0.0,687266666.0,687266666.0,169273780.0,0.0,0.0,,0.0,0.0,0.0
2022-07-26,1455.0,0.0,0.0,0.0,0.0,1455.0,0.0,0.0,0.0,0.0,2920.4,0.0,0.0,0.0,0.0,687266666.0,687266666.0,169273780.0,0.0,0.0,,0.0,0.0,0.0
2022-07-27,1455.0,0.0,0.0,0.0,0.0,1455.0,0.0,0.0,0.0,0.0,2920.4,0.0,0.0,0.0,0.0,687266666.0,687266666.0,169273780.0,0.0,0.0,,0.0,0.0,0.0
2022-07-28,1455.0,0.0,0.0,0.0,0.0,1455.0,0.0,0.0,0.0,0.0,2920.4,0.0,0.0,0.0,0.0,687266666.0,687266666.0,169273780.0,0.0,0.0,,0.0,0.0,0.0
2022-07-29,1455.0,0.0,0.0,0.0,0.0,1455.0,0.0,0.0,0.0,0.0,2920.4,0.0,0.0,0.0,0.0,687266666.0,687266666.0,169273780.0,0.0,0.0,,0.0,0.0,0.0
2022-08-01,1455.0,0.0,0.0,0.0,0.0,1455.0,0.0,0.0,0.0,0.0,2920.4,0.0,0.0,0.0,0.0,687266666.0,687266666.0,169273780.0,0.0,0.0,,0.0,0.0,0.0
2022-08-02,1455.0,0.0,0.0,0.0,0.0,1455.0,0.0,0.0,0.0,0.0,2920.4,0.0,0.0,0.0,0.0,687266666.0,687266666.0,169273780.0,0.0,0.0,,0.0,0.0,0.0
2022-08-03,1455.0,0.0,0.0,0.0,0.0,1455.0,0.0,0.0,0.0,0.0,2920.4,0.0,0.0,0.0,0.0,687266666.0,687266666.0,169273780.0,0.0,0.0,,0.0,0.0,0.0
2022-08-04,1455.0,0.0,0.0,0.0,0.0,1455.0,0.0,0.0,0.0,0.0,2920.4,0.0,0.0,0.0,0.0,687266666.0,687266666.0,169273780.0,0.0,0.0,,0.0,0.0,0.0
2022-08-05,1455.0,0.0,0.0,0.0,0.0,1455.0,0.0,0.0,0.0,0.0,2920.4,0.0,0.0,0.0,0.0,687266666.0,687266666.0,169273780.0,0.0,0.0,,0.0,0.0,0.0
2022-08-08,1455.0,0.0,0.0,0.0,0.0,1455.0,0.0,0.0,0.0,0.0,2920.4,0.0,0.0,0.0,0.0,687266666.0,687266666.0,169273780.0,0.0,0.0,,0.0,0.0,0.0
2022-08-09,1455.0,0.0,0.0,0.0,0.0,1455.0,0.0,0.0,0.0,0.0,2920.4,0.0,0.0,0.0,0.0,687266666.0,687266666.0,169273780.0,0.0,0.0,,0.0,0.0,0.0
2022-08-10,1455.0,0.0,0.0,0.0,0.0,1455.0,0.0,0.0,0.0,0.0,2920.4,0.0,0.0,0.0,0.0,687266666.0,687266666.0,169273780.0,0.0,0.0,,0.0,0.0,0.0
2022-08-11,1455.0,0.0,0.0,0.0,0.0,1455.0,0.0,0.0,0.0,0.0,2920.4,0.0,0.0,0.0,0.0,687266666.0,687266666.0,169273780.0,0.0,0.0,,0.0,0.0,0.0
2022-08-12,1455.0,0.0,0.0,0.0,0.0,1455.0,0.0,0.0,0.0,0.0,2920.4,0.0,0.0,0.0,0.0,687266666.0,687266666.0,169273780.0,0.0,0.0,,0.0,0.0,0.0
2022-08-15,1455.0,0.0,0.0,0.0,0.0,1455.0,0.0,0.0,0.0,0.0,2920.4,0.0,0.0,0.0,0.0,687266666.0,687266666.0,169273780.0,0.0,0.0,,0.0,0.0,0.0
2022-08-16,1455.0,0.0,0.0,0.0,0.0,1455.0,0.0,0.0,0.0,0.0,2920.4,0.0,0.0,0.0,0.0,687266666.0,687266666.0,169273780.0,0.0,0.0,,0.0,0.0,0.0
2022-08-18,1455.0,0.0,0.0,0.0,0.0,1455.0,0.0,0.0,0.0,0.0,2920.4,0.0,0.0,0.0,0.0,687266666.0,687266666.0,169273780.0,0.0,0.0,,0.0,0.0,0.0
2022-08-19,1455.0,0.0,0.0,0.0,0.0,1455.0,0.0,0.0,0.0,0.0,2920.4,0.0,0.0,0.0,0.0,687266666.0,687266666.0,169273780.0,0.0,0.0,,0.0,0.0,0.0
2022-08-22,1455.0,0.0,0.0,0.0,0.0,1455.0,0.0,0.0,0.0,0.0,2920.4,0.0,0.0,0.0,0.0,687266666.0,687266666.0,169273780.0,0.0,0.0,,0.0,0.0,0.0
2022-08-23,1455.0,0.0,0.0,0.0,0.0,1455.0,0.0,0.0,0.0,0.0,2920.4,0.0,0.0,0.0,0.0,687266666.0,687266666.0,169273780.0,0.0,0.0,,0.0,0.0,0.0
2022-08-24,1455.0,0.0,0.0,0.0,0.0,1455.0,0.0,0.0,0.0,0.0,2920.4,0.0,0.0,0.0,0.0,687266666.0,687266666.0,169273780.0,0.0,0.0,,0.0,0.0,0.0
2022-08-25,1455.0,0.0,0.0,0.0,0.0,1455.0,0.0,0.0,0.0,0.0,2920.4,0.0,0.0,0.0,0.0,687266666.0,687266666.0,169273780.0,0.0,0.0,,0.0,0.0,0.0
2022-08-26,1455.0,0.0,0.0,0.0,0.0,1455.0,0.0,0.0,0.0,0.0,2920.4,0.0,0.0,0.0,0.0,687266666.0,687266666.0,169273780.0,0.0,0.0,,0.0,0.0,0.0
2022-08-29,1455.0,0.0,0.0,0.0,0.0,1455.0,0.0,0.0,0.0,0.0,2920.4,0.0,0.0,0.0,0.0,687266666.0,687266666.0,169273780.0,0.0,0.0,,0.0,0.0,0.0
2022-08-30,1455.0,0.0,0.0,0.0,0.0,1455.0,0.0,0.0,0.0,0.0,2920.4,0.0,0.0,0.0,0.0,687266666.0,687266666.0,169273780.0,0.0,0.0,,0.0,0.0,0.0
2022-08-31,1455.0,0.0,0.0,0.0,0.0,1455.0,0.0,0.0,0.0,0.0,2920.4,0.0,0.0,0.0,0.0,687266666.0,687266666.0,169273780.0,0.0,0.0,,0.0,0.0,0.0
2022-09-01,1455.0,0.0,0.0,0.0,0.0,1455.0,0.0,0.0,0.0,0.0,2920.4,0.0,0.0,0.0,0.0,687266666.0,687266666.0,169273780.0,0.0,0.0,,0.0,0.0,0.0
2022-09-02,1455.0,0.0,0.0,0.0,0.0,1455.0,0.0,0.0,0.0,0.0,2920.4,0.0,0.0,0.0,0.0,687266666.0,687266666.0,169273780.0,0.0,0.0,,0.0,0.0,0.0
2022-09-05,1455.0,0.0,0.0,0.0,0.0,1455.0,0.0,0.0,0.0,0.0,2920.4,0.0,0.0,0.0,0.0,687266666.0,687266666.0,169273780.0,0.0,0.0,,0.0,0.0,0.0
2022-09-06,1455.0,0.0,0.0,0.0,0.0,1455.0,0.0,0.0,0.0,0.0,2920.4,0.0,0.0,0.0,0.0,687266666.0,687266666.0,169273780.0,0.0,0.0,,0.0,0.0,0.0
2022-09-07,1455.0,0.0,0.0,0.0,0.0,1455.0,0.0,0.0,0.0,0.0,2920.4,0.0,0.0,0.0,0.0,687266666.0,687266666.0,169273780.0,0.0,0.0,,0.0,0.0,0.0
2022-09-08,1455.0,0.0,0.0,0.0,0.0,1455.0,0.0,0.0,0.0,0.0,2920.4,0.0,0.0,0.0,0.0,687266666.0,687266666.0,169273780.0,0.0,0.0,,0.0,0.0,0.0
2022-09-09,1455.0,0.0,0.0,0.0,0.0,1455.0,0.0,0.0,0.0,0.0,2920.4,0.0,0.0,0.0,0.0,687266666.0,687266666.0,169273780.0,0.0,0.0,,0.0,0.0,0.0
2022-09-12,1455.0,0.0,0.0,0.0,0.0,1455.0,0.0,0.0,0.0,0.0,2920.4,0.0,0.0,0.0,0.0,687266666.0,687266666.0,169273780.0,0.0,0.0,,0.0,0.0,0.0
2022-09-13,1455.0,0.0,0.0,0.0,0.0,1455.0,0.0,0.0,0.0,0.0,2920.4,0.0,0.0,0.0,0.0,687266666.0,687266666.0,169273780.0,0.0,0.0,,0.0,0.0,0.0
2022-09-14,1455.0,0.0,0.0,0.0,0.0,1455.0,0.0,0.0,0.0,0.0,2920.4,0.0,0.0,0.0,0.0,687266666.0,687266666.0,169273780.0,0.0,0.0,,0.0,0.0,0.0
2022-09-15,1455.0,0.0,0.0,0.0,0.0,1455.0,0.0,0.0,0.0,0.0,2920.4,0.0,0.0,0.0,0.0,687266666.0,687266666.0,169273780.0,0.0,0.0,,0.0,0.0,0.0
2022-09-16,1455.0,0.0,0.0,0.0,0.0,1455.0,0.0,0.0,0.0,0.0,2920.4,0.0,0.0,0.0,0.0,687266666.0,687266666.0,169273780.0,0.0,0.0,,0.0,0.0,0.0
2022-09-19,1455.0,0.0,0.0,0.0,0.0,1455.0,0.0,0.0,0.0,0.0,2920.4,0.0,0.0,0.0,0.0,687266666.0,687266666.0,169273780.0,0.0,0.0,,0.0,0.0,0.0
2022-09-20,1455.0,0.0,0.0,0.0,0.0,1455.0,0.0,0.0,0.0,0.0,2920.4,0.0,0.0,0.0,0.0,687266666.0,687266666.0,169273780.0,0.0,0.0,,0.0,0.0,0.0
2022-09-21,1455.0,0.0,0.0,0.0,0.0,1455.0,0.0,0.0,0.0,0.0,2920.4,0.0,0.0,0.0,0.0,687266666.0,687266666.0,169273780.0,0.0,0.0,,0.0,0.0,0.0
2022-09-22,1455.0,0.0,0.0,0.0,0.0,1455.0,0.0,0.0,0.0,0.0,2920.4,0.0,0.0,0.0,0.0,687266666.0,687266666.0,169273780.0,0.0,0.0,,0.0,0.0,0.0
2022-09-23,1455.0,0.0,0.0,0.0,0.0,1455.0,0.0,0.0,0.0,0.0,2920.4,0.0,0.0,0.0,0.0,687266666.0,687266666.0,169273780.0,0.0,0.0,,0.0,0.0,0.0
2022-09-26,1455.0,0.0,0.0,0.0,0.0,1455.0,0.0,0.0,0.0,0.0,2920.4,0.0,0.0,0.0,0.0,687266666.0,687266666.0,169273780.0,0.0,0.0,,0.0,0.0,0.0
2022-09-27,1455.0,0.0,0.0,0.0,0.0,1455.0,0.0,0.0,0.0,0.0,2920.4,0.0,0.0,0.0,0.0,687266666.0,687266666.0,169273780.0,0.0,0.0,,0.0,0.0,0.0
2022-09-28,1455.0,0.0,0.0,0.0,0.0,1455.0,0.0,0.0,0.0,0.0,2920.4,0.0,0.0,0.0,0.0,687266666.0,687266666.0,169273780.0,0.0,0.0,,0.0,0.0,0.0
2022-09-29,1455.0,0.0,0.0,0.0,0.0,1455.0,0.0,0.0,0.0,0.0,2920.4,0.0,0.0,0.0,0.0,687266666.0,687266666.0,169273780.0,0.0,0.0,,0.0,0.0,0.0
2022-09-30,1455.0,0.0,0.0,0.0,0.0,1455.0,0.0,0.0,0.0,0.0,2920.4,0.0,0.0,0.0,0.0,687266666.0,687266666.0,169273780.0,0.0,0.0,,0.0,0.0,0.0
2022-10-03,1455.0,0.0,0.0,0.0,0.0,1455.0,0.0,0.0,0.0,0.0,2920.4,0.0,0.0,0.0,0.0,687266666.0,687266666.0,169273780.0,0.0,0.0,,0.0,0.0,0.0
2022-10-04,1455.0,0.0,0.0,0.0,0.0,1455.0,0.0,0.0,0.0,0.0,2920.4,0.0,0.0,0.0,0.0,687266666.0,687266666.0,169273780.0,0.0,0.0,,0.0,0.0,0.0
2022-10-05,1455.0,0.0,0.0,0.0,0.0,1455.0,0.0,0.0,0.0,0.0,2920.4,0.0,0.0,0.0,0.0,687266666.0,687266666.0,169273780.0,0.0,0.0,,0.0,0.0,0.0
2022-10-06,1455.0,0.0,0.0,0.0,0.0,1455.0,0.0,0.0,0.0,0.0,2920.4,0.0,0.0,0.0,0.0,687266666.0,687266666.0,169273780.0,0.0,0.0,,0.0,0.0,0.0
2022-10-07,1455.0,0.0,0.0,0.0,0.0,1455.0,0.0,0.0,0.0,0.0,2920.4,0.0,0.0,0.0,0.0,687266666.0,687266666.0,169273780.0,0.0,0.0,,0.0,0.0,0.0
2022-10-10,1455.0,0.0,0.0,0.0,0.0,1455.0,0.0,0.0,0.0,0.0,2920.4,0.0,0.0,0.0,0.0,687266666.0,687266666.0,169273780.0,0.0,0.0,,0.0,0.0,0.0
2022-10-11,1455.0,0.0,0.0,0.0,0.0,1455.0,0.0,0.0,0.0,0.0,2920.4,0.0,0.0,0.0,0.0,687266666.0,687266666.0,169273780.0,0.0,0.0,,0.0,0.0,0.0
2022-10-12,1455.0,0.0,0.0,0.0,0.0,1455.0,0.0,0.0,0.0,0.0,2920.4,0.0,0.0,0.0,0.0,687266666.0,687266666.0,169273780.0,0.0,0.0,,0.0,0.0,0.0
2022-10-13,1455.0,0.0,0.0,0.0,0.0,1455.0,0.0,0.0,0.0,0.0,2920.4,0.0,0.0,0.0,0.0,687266666.0,687266666.0,169273780.0,0.0,0.0,,0.0,0.0,0.0
2022-10-14,1455.0,0.0,0.0,0.0,0.0,1455.0,0.0,0.0,0.0,0.0,2920.4,0.0,0.0,0.0,0.0,687266666.0,687266666.0,169273780.0,0.0,0.0,,0.0,0.0,0.0
2022-10-17,1455.0,0.0,0.0,0.0,0.0,1455.0,0.0,0.0,0.0,0.0,2920.4,0.0,0.0,0.0,0.0,687266666.0,687266666.0,169273780.0,0.0,0.0,,0.0,0.0,0.0
2022-10-18,1455.0,0.0,0.0,0.0,0.0,1455.0,0.0,0.0,0.0,0.0,2920.4,0.0,0.0,0.0,0.0,687266666.0,687266666.0,169273780.0,0.0,0.0,,0.0,0.0,0.0
2022-10-19,1455.0,0.0,0.0,0.0,0.0,1455.0,0.0,0.0,0.0,0.0,2920.4,0.0,0.0,0.0,0.0,687266666.0,687266666.0,169273780.0,0.0,0.0,,0.0,0.0,0.0
2022-10-20,1455.0,0.0,0.0,0.0,0.0,1455.0,0.0,0.0,0.0,0.0,2920.4,0.0,0.0,0.0,0.0,687266666.0,687266666.0,169273780.0,0.0,0.0,,0.0,0.0,0.0
2022-10-21,1455.0,0.0,0.0,0.0,0.0,1455.0,0.0,0.0,0.0,0.0,2920.4,0.0,0.0,0.0,0.0,687266666.0,687266666.0,169273780.0,0.0,0.0,,0.0,0.0,0.0
2022-10-24,1455.0,0.0,0.0,0.0,0.0,1455.0,0.0,0.0,0.0,0.0,2920.4,0.0,0.0,0.0,0.0,687266666.0,687266666.0,169273780.0,0.0,0.0,,0.0,0.0,0.0
2022-10-25,1455.0,0.0,0.0,0.0,0.0,1455.0,0.0,0.0,0.0,0.0,2920.4,0.0,0.0,0.0,0.0,687266666.0,687266666.0,169273780.0,0.0,0.0,,0.0,0.0,0.0
2022-10-26,1455.0,0.0,0.0,0.0,0.0,1455.0,0.0,0.0,0.0,0.0,2920.4,0.0,0.0,0.0,0.0,687266666.0,687266666.0,169273780.0,0.0,0.0,,0.0,0.0,0.0
2022-10-27,1455.0,0.0,0.0,0.0,0.0,1455.0,0.0,0.0,0.0,0.0,2920.4,0.0,0.0,0.0,0.0,687266666.0,687266666.0,169273780.0,0.0,0.0,,0.0,0.0,0.0
2022-10-28,1455.0,0.0,0.0,0.0,0.0,1455.0,0.0,0.0,0.0,0.0,2920.4,0.0,0.0,0.0,0.0,687266666.0,687266666.0,169273780.0,0.0,0.0,,0.0,0.0,0.0
2022-10-31,1455.0,0.0,0.0,0.0,0.0,1455.0,0.0,0.0,0.0,0.0,2920.4,0.0,0.0,0.0,0.0,687266666.0,687266666.0,169273780.0,0.0,0.0,,0.0,0.0,0.0
2022-11-01,1455.0,0.0,0.0,0.0,0.0,1455.0,0.0,0.0,0.0,0.0,2920.4,0.0,0.0,0.0,0.0,687266666.0,687266666.0,169273780.0,0.0,0.0,,0.0,0.0,0.0
2022-11-02,1455.0,0.0,0.0,0.0,0.0,1455.0,0.0,0.0,0.0,0.0,2920.4,0.0,0.0,0.0,0.0,687266666.0,687266666.0,169273780.0,0.0,0.0,,0.0,0.0,0.0
2022-11-03,1455.0,0.0,0.0,0.0,0.0,1455.0,0.0,0.0,0.0,0.0,2920.4,0.0,0.0,0.0,0.0,687266666.0,687266666.0,169273780.0,0.0,0.0,,0.0,0.0,0.0
2022-11-04,1455.0,0.0,0.0,0.0,0.0,1455.0,0.0,0.0,0.0,0.0,2920.4,0.0,0.0,0.0,0.0,687266666.0,687266666.0,169273780.0,0.0,0.0,,0.0,0.0,0.0
2022-11-07,1455.0,0.0,0.0,0.0,0.0,1455.0,0.0,0.0,0.0,0.0,2920.4,0.0,0.0,0.0,0.0,687266666.0,687266666.0,169273780.0,0.0,0.0,,0.0,0.0,0.0
2022-11-08,1455.0,0.0,0.0,0.0,0.0,1455.0,0.0,0.0,0.0,0.0,2920.4,0.0,0.0,0.0,0.0,687266666.0,687266666.0,169273780.0,0.0,0.0,,0.0,0.0,0.0
2022-11-09,1455.0,0.0,0.0,0.0,0.0,1455.0,0.0,0.0,0.0,0.0,2920.4,0.0,0.0,0.0,0.0,687266666.0,687266666.0,169273780.0,0.0,0.0,,0.0,0.0,0.0
2022-11-10,1455.0,0.0,0.0,0.0,0.0,1455.0,0.0,0.0,0.0,0.0,2920.4,0.0,0.0,0.0,0.0,687266666.0,687266666.0,169273780.0,0.0,0.0,,0.0,0.0,0.0
2022-11-11,1455.0,0.0,0.0,0.0,0.0,1455.0,0.0,0.0,0.0,0.0,2920.4,0.0,0.0,0.0,0.0,687266666.0,687266666.0,169273780.0,0.0,0.0,,0.0,0.0,0.0
2022-11-14,1455.0,0.0,0.0,0.0,0.0,1455.0,0.0,0.0,0.0,0.0,2920.4,0.0,0.0,0.0,0.0,687266666.0,687266666.0,169273780.0,0.0,0.0,,0.0,0.0,0.0
2022-11-15,1455.0,0.0,0.0,0.0,0.0,1455.0,0.0,0.0,0.0,0.0,2920.4,0.0,0.0,0.0,0.0,687266666.0,687266666.0,169273780.0,0.0,0.0,,0.0,0.0,0.0
2022-11-16,1455.0,0.0,0.0,0.0,0.0,1455.0,0.0,0.0,0.0,0.0,2920.4,0.0,0.0,0.0,0.0,687266666.0,687266666.0,169273780.0,0.0,0.0,,0.0,0.0,0.0
2022-11-17,1455.0,0.0,0.0,0.0,0.0,1455.0,0.0,0.0,0.0,0.0,2920.4,0.0,0.0,0.0,0.0,687266666.0,687266666.0,169273780.0,0.0,0.0,,0.0,0.0,0.0
2022-11-18,1455.0,0.0,0.0,0.0,0.0,1455.0,0.0,0.0,0.0,0.0,2920.4,0.0,0.0,0.0,0.0,687266666.0,687266666.0,169273780.0,0.0,0.0,,0.0,0.0,0.0
2022-11-21,1455.0,0.0,0.0,0.0,0.0,1455.0,0.0,0.0,0.0,0.0,2920.4,0.0,0.0,0.0,0.0,687266666.0,687266666.0,169273780.0,0.0,0.0,,0.0,0.0,0.0
2022-11-22,1455.0,0.0,0.0,0.0,0.0,1455.0,0.0,0.0,0.0,0.0,2920.4,0.0,0.0,0.0,0.0,687266666.0,687266666.0,169273780.0,0.0,0.0,,0.0,0.0,0.0
2022-11-23,1455.0,0.0,0.0,0.0,0.0,1455.0,0.0,0.0,0.0,0.0,2920.4,0.0,0.0,0.0,0.0,687266666.0,687266666.0,169273780.0,0.0,0.0,,0.0,0.0,0.0
2022-11-24,1455.0,0.0,0.0,0.0,0.0,1455.0,0.0,0.0,0.0,0.0,2920.4,0.0,0.0,0.0,0.0,687266666.0,687266666.0,169273780.0,0.0,0.0,,0.0,0.0,0.0
2022-11-25,1455.0,0.0,0.0,0.0,0.0,1455.0,0.0,0.0,0.0,0.0,2920.4,0.0,0.0,0.0,0.0,687266666.0,687266666.0,169273780.0,0.0,0.0,,0.0,0.0,0.0
2022-11-28,1455.0,0.0,0.0,0.0,0.0,1455.0,0.0,0.0,0.0,0.0,2920.4,0.0,0.0,0.0,0.0,687266666.0,687266666.0,169273780.0,0.0,0.0,,0.0,0.0,0.0
2022-11-29,1455.0,0.0,0.0,0.0,0.0,1455.0,0.0,0.0,0.0,0.0,2920.4,0.0,0.0,0.0,0.0,687266666.0,687266666.0,169273780.0,0.0,0.0,,0.0,0.0,0.0
2022-11-30,1455.0,0.0,0.0,0.0,0.0,1455.0,0.0,0.0,0.0,0.0,2920.4,0.0,0.0,0.0,0.0,687266666.0,687266666.0,169273780.0,0.0,0.0,,0.0,0.0,0.0
2022-12-01,1455.0,0.0,0.0,0.0,0.0,1455.0,0.0,0.0,0.0,0.0,2920.4,0.0,0.0,0.0,0.0,687266666.0,687266666.0,169273780.0,0.0,0.0,,0.0,0.0,0.0
2022-12-02,1455.0,0.0,0.0,0.0,0.0,1455.0,0.0,0.0,0.0,0.0,2920.4,0.0,0.0,0.0,0.0,687266666.0,687266666.0,169273780.0,0.0,0.0,,0.0,0.0,0.0
2022-12-05,1455.0,0.0,0.0,0.0,0.0,1455.0,0.0,0.0,0.0,0.0,2920.4,0.0,0.0,0.0,0.0,687266666.0,687266666.0,169273780.0,0.0,0.0,,0.0,0.0,0.0
2022-12-06,1455.0,0.0,0.0,0.0,0.0,1455.0,0.0,0.0,0.0,0.0,2920.4,0.0,0.0,0.0,0.0,687266666.0,687266666.0,169273780.0,0.0,0.0,,0.0,0.0,0.0
2022-12-07,1455.0,0.0,0.0,0.0,0.0,1455.0,0.0,0.0,0.0,0.0,2920.4,0.0,0.0,0.0,0.0,687266666.0,687266666.0,169273780.0,0.0,0.0,,0.0,0.0,0.0
2022-12-08,1455.0,0.0,0.0,0.0,0.0,1455.0,0.0,0.0,0.0,0.0,2920.4,0.0,0.0,0.0,0.0,687266666.0,687266666.0,169273780.0,0.0,0.0,,0.0,0.0,0.0
2022-12-09,1455.0,0.0,0.0,0.0,0.0,1455.0,0.0,0.0,0.0,0.0,2920.4,0.0,0.0,0.0,0.0,687266666.0,687266666.0,169273780.0,0.0,0.0,,0.0,0.0,0.0
2022-12-12,1455.0,0.0,0.0,0.0,0.0,1455.0,0.0,0.0,0.0,0.0,2920.4,0.0,0.0,0.0,0.0,687266666.0,687266666.0,169273780.0,0.0,0.0,,0.0,0.0,0.0
2022-12-13,1455.0,0.0,0.0,0.0,0.0,1455.0,0.0,0.0,0.0,0.0,2920.4,0.0,0.0,0.0,0.0,687266666.0,687266666.0,169273780.0,0.0,0.0,,0.0,0.0,0.0
2022-12-14,1455.0,0.0,0.0,0.0,0.0,1455.0,0.0,0.0,0.0,0.0,2920.4,0.0,0.0,0.0,0.0,687266666.0,687266666.0,169273780.0,0.0,0.0,,0.0,0.0,0.0
2022-12-15,1455.0,0.0,0.0,0.0,0.0,1455.0,0.0,0.0,0.0,0.0,2920.4,0.0,0.0,0.0,0.0,687266666.0,687266666.0,169273780.0,0.0,0.0,,0.0,0.0,0.0
2022-12-16,1455.0,0.0,0.0,0.0,0.0,1455.0,0.0,0.0,0.0,0.0,2920.4,0.0,0.0,0.0,0.0,687266666.0,687266666.0,169273780.0,0.0,0.0,,0.0,0.0,0.0
2022-12-19,1455.0,0.0,0.0,0.0,0.0,1455.0,0.0,0.0,0.0,0.0,2920.4,0.0,0.0,0.0,0.0,687266666.0,687266666.0,169273780.0,0.0,0.0,,0.0,0.0,0.0
2022-12-20,1455.0,0.0,0.0,0.0,0.0,1455.0,0.0,0.0,0.0,0.0,2920.4,0.0,0.0,0.0,0.0,687266666.0,687266666.0,169273780.0,0.0,0.0,,0.0,0.0,0.0
2022-12-21,1455.0,0.0,0.0,0.0,0.0,1455.0,0.0,0.0,0.0,0.0,2920.4,0.0,0.0,0.0,0.0,687266666.0,687266666.0,169273780.0,0.0,0.0,,0.0,0.0,0.0
2022-12-22,1455.0,0.0,0.0,0.0,0.0,1455.0,0.0,0.0,0.0,0.0,2920.4,0.0,0.0,0.0,0.0,687266666.0,687266666.0,169273780.0,0.0,0.0,,0.0,0.0,0.0
2022-12-23,1455.0,0.0,0.0,0.0,0.0,1455.0,0.0,0.0,0.0,0.0,2920.4,0.0,0.0,0.0,0.0,687266666.0,687266666.0,169273780.0,0.0,0.0,,0.0,0.0,0.0
2022-12-26,1455.0,0.0,0.0,0.0,0.0,1455.0,0.0,0.0,0.0,0.0,2920.4,0.0,0.0,0.0,0.0,687266666.0,687266666.0,169273780.0,0.0,0.0,,0.0,0.0,0.0
2022-12-27,1455.0,0.0,0.0,0.0,0.0,1455.0,0.0,0.0,0.0,0.0,2920.4,0.0,0.0,0.0,0.0,687266666.0,687266666.0,169273780.0,0.0,0.0,,0.0,0.0,0.0
2022-12-28,1455.0,0.0,0.0,0.0,0.0,1455.0,0.0,0.0,0.0,0.0,2920.4,0.0,0.0,0.0,0.0,687266666.0,687266666.0,169273780.0,0.0,0.0,,0.0,0.0,0.0
2022-12-29,1455.0,0.0,0.0,0.0,0.0,1455.0,0.0,0.0,0.0,0.0,2920.4,0.0,0.0,0.0,0.0,687266666.0,687266666.0,169273780.0,0.0,0.0,,0.0,0.0,0.0
2022-12-30,1455.0,0.0,0.0,0.0,0.0,1455.0,0.0,0.0,0.0,0.0,2920.4,0.0,0.0,0.0,0.0,687266666.0,687266666.0,169273780.0,0.0,0.0,,0.0,0.0,0.0
2023-01-02,1455.0,0.0,0.0,0.0,0.0,1455.0,0.0,0.0,0.0,0.0,2920.4,0.0,0.0,0.0,0.0,687266666.0,687266666.0,169273780.0,0.0,0.0,,0.0,0.0,0.0
2023-01-03,1455.0,0.0,0.0,0.0,0.0,1455.0,0.0,0.0,0.0,0.0,2920.4,0.0,0.0,0.0,0.0,687266666.0,687266666.0,169273780.0,0.0,0.0,,0.0,0.0,0.0
2023-01-04,1455.0,0.0,0.0,0.0,0.0,1455.0,0.0,0.0,0.0,0.0,2920.4,0.0,0.0,0.0,0.0,687266666.0,687266666.0,169273780.0,0.0,0.0,,0.0,0.0,0.0
2023-01-05,1455.0,0.0,0.0,0.0,0.0,1455.0,0.0,0.0,0.0,0.0,2920.4,0.0,0.0,0.0,0.0,687266666.0,687266666.0,169273780.0,0.0,0.0,,0.0,0.0,0.0
2023-01-06,1455.0,0.0,0.0,0.0,0.0,1455.0,0.0,0.0,0.0,0.0,2920.4,0.0,0.0,0.0,0.0,687266666.0,687266666.0,169273780.0,0.0,0.0,,0.0,0.0,0.0
2023-01-09,1455.0,0.0,0.0,0.0,0.0,1455.0,0.0,0.0,0.0,0.0,2920.4,0.0,0.0,0.0,0.0,687266666.0,687266666.0,169273780.0,0.0,0.0,,0.0,0.0,0.0
2023-01-10,1455.0,0.0,0.0,0.0,0.0,1455.0,0.0,0.0,0.0,0.0,2920.4,0.0,0.0,0.0,0.0,687266666.0,687266666.0,169273780.0,0.0,0.0,,0.0,0.0,0.0
2023-01-11,1455.0,0.0,0.0,0.0,0.0,1455.0,0.0,0.0,0.0,0.0,2920.4,0.0,0.0,0.0,0.0,687266666.0,687266666.0,169273780.0,0.0,0.0,,0.0,0.0,0.0
2023-01-12,1455.0,0.0,0.0,0.0,0.0,1455.0,0.0,0.0,0.0,0.0,2920.4,0.0,0.0,0.0,0.0,687266666.0,687266666.0,169273780.0,0.0,0.0,,0.0,0.0,0.0
2023-01-13,1455.0,0.0,0.0,0.0,0.0,1455.0,0.0,0.0,0.0,0.0,2920.4,0.0,0.0,0.0,0.0,687266666.0,687266666.0,169273780.0,0.0,0.0,,0.0,0.0,0.0
2023-01-16,1455.0,0.0,0.0,0.0,0.0,1455.0,0.0,0.0,0.0,0.0,2920.4,0.0,0.0,0.0,0.0,687266666.0,687266666.0,169273780.0,0.0,0.0,,0.0,0.0,0.0
2023-01-17,1455.0,0.0,0.0,0.0,0.0,1455.0,0.0,0.0,0.0,0.0,2920.4,0.0,0.0,0.0,0.0,687266666.0,687266666.0,169273780.0,0.0,0.0,,0.0,0.0,0.0
2023-01-18,1455.0,0.0,0.0,0.0,0.0,1455.0,0.0,0.0,0.0,0.0,2920.4,0.0,0.0,0.0,0.0,687266666.0,687266666.0,169273780.0,0.0,0.0,,0.0,0.0,0.0
2023-01-19,1455.0,0.0,0.0,0.0,0.0,1455.0,0.0,0.0,0.0,0.0,2920.4,0.0,0.0,0.0,0.0,687266666.0,687266666.0,169273780.0,0.0,0.0,,0.0,0.0,0.0
2023-01-20,1455.0,0.0,0.0,0.0,0.0,1455.0,0.0,0.0,0.0,0.0,2920.4,0.0,0.0,0.0,0.0,687266666.0,687266666.0,169273780.0,0.0,0.0,,0.0,0.0,0.0
2023-01-24,1455.0,0.0,0.0,0.0,0.0,1455.0,0.0,0.0,0.0,0.0,2920.4,0.0,0.0,0.0,0.0,687266666.0,687266666.0,169273780.0,0.0,0.0,,0.0,0.0,0.0
2023-01-25,1455.0,0.0,0.0,0.0,0.0,1455.0,0.0,0.0,0.0,0.0,2920.4,0.0,0.0,0.0,0.0,687266666.0,687266666.0,169273780.0,0.0,0.0,,0.0,0.0,0.0
2023-01-26,1455.0,0.0,0.0,0.0,0.0,1455.0,0.0,0.0,0.0,0.0,2920.4,0.0,0.0,0.0,0.0,687266666.0,687266666.0,169273780.0,0.0,0.0,,0.0,0.0,0.0
2023-01-27,1455.0,0.0,0.0,0.0,0.0,1455.0,0.0,0.0,0.0,0.0,2920.4,0.0,0.0,0.0,0.0,687266666.0,687266666.0,169273780.0,0.0,0.0,,0.0,0.0,0.0
2023-01-30,1455.0,0.0,0.0,0.0,0.0,1455.0,0.0,0.0,0.0,0.0,2920.4,0.0,0.0,0.0,0.0,687266666.0,687266666.0,169273780.0,0.0,0.0,,0.0,0.0,0.0
2023-01-31,1455.0,0.0,0.0,0.0,0.0,1455.0,0.0,0.0,0.0,0.0,2920.4,0.0,0.0,0.0,0.0,687266666.0,687266666.0,169273780.0,0.0,0.0,,0.0,0.0,0.0
2023-02-01,1455.0,0.0,0.0,0.0,0.0,1455.0,0.0,0.0,0.0,0.0,2920.4,0.0,0.0,0.0,0.0,687266666.0,687266666.0,169273780.0,0.0,0.0,,0.0,0.0,0.0
2023-02-02,1455.0,0.0,0.0,0.0,0.0,1455.0,0.0,0.0,0.0,0.0,2920.4,0.0,0.0,0.0,0.0,687266666.0,687266666.0,169273780.0,0.0,0.0,,0.0,0.0,0.0
2023-02-03,1455.0,0.0,0.0,0.0,0.0,1455.0,0.0,0.0,0.0,0.0,2920.4,0.0,0.0,0.0,0.0,687266666.0,687266666.0,169273780.0,0.0,0.0,,0.0,0.0,0.0
2023-02-06,1455.0,0.0,0.0,0.0,0.0,1455.0,0.0,0.0,0.0,0.0,2920.4,0.0,0.0,0.0,0.0,687266666.0,687266666.0,169273780.0,0.0,0.0,,0.0,0.0,0.0
2023-02-07,1455.0,0.0,0.0,0.0,0.0,1455.0,0.0,0.0,0.0,0.0,2920.4,0.0,0.0,0.0,0.0,687266666.0,687266666.0,169273780.0,0.0,0.0,,0.0,0.0,0.0
2023-02-08,1455.0,0.0,0.0,0.0,0.0,1455.0,0.0,0.0,0.0,0.0,2920.4,0.0,0.0,0.0,0.0,687266666.0,687266666.0,169273780.0,0.0,0.0,,0.0,0.0,0.0
2023-02-09,1455.0,0.0,0.0,0.0,0.0,1455.0,0.0,0.0,0.0,0.0,2920.4,0.0,0.0,0.0,0.0,687266666.0,687266666.0,169273780.0,0.0,0.0,,0.0,0.0,0.0
2023-02-10,1455.0,0.0,0.0,0.0,0.0,1455.0,0.0,0.0,0.0,0.0,2920.4,0.0,0.0,0.0,0.0,687266666.0,687266666.0,169273780.0,0.0,0.0,,0.0,0.0,0.0
2023-02-13,1455.0,0.0,0.0,0.0,0.0,1455.0,0.0,0.0,0.0,0.0,2920.4,0.0,0.0,0.0,0.0,687266666.0,687266666.0,169273780.0,0.0,0.0,,0.0,0.0,0.0
2023-02-14,1455.0,0.0,0.0,0.0,0.0,1455.0,0.0,0.0,0.0,0.0,2920.4,0.0,0.0,0.0,0.0,687266666.0,687266666.0,169273780.0,0.0,0.0,,0.0,0.0,0.0
2023-02-15,1455.0,0.0,0.0,0.0,0.0,1455.0,0.0,0.0,0.0,0.0,2920.4,0.0,0.0,0.0,0.0,687266666.0,687266666.0,169273780.0,0.0,0.0,,0.0,0.0,0.0
2023-02-16,1455.0,0.0,0.0,0.0,0.0,1455.0,0.0,0.0,0.0,0.0,2920.4,0.0,0.0,0.0,0.0,687266666.0,687266666.0,169273780.0,0.0,0.0,,0.0,0.0,0.0
2023-02-17,1455.0,0.0,0.0,0.0,0.0,1455.0,0.0,0.0,0.0,0.0,2920.4,0.0,0.0,0.0,0.0,687266666.0,687266666.0,169273780.0,0.0,0.0,,0.0,0.0,0.0
2023-02-20,1455.0,0.0,0.0,0.0,0.0,1455.0,0.0,0.0,0.0,0.0,2920.4,0.0,0.0,0.0,0.0,687266666.0,687266666.0,169273780.0,0.0,0.0,,0.0,0.0,0.0
2023-02-21,1455.0,0.0,0.0,0.0,0.0,1455.0,0.0,0.0,0.0,0.0,2920.4,0.0,0.0,0.0,0.0,687266666.0,687266666.0,169273780.0,0.0,0.0,,0.0,0.0,0.0
2023-02-22,1455.0,0.0,0.0,0.0,0.0,1455.0,0.0,0.0,0.0,0.0,2920.4,0.0,0.0,0.0,0.0,687266666.0,687266666.0,169273780.0,0.0,0.0,,0.0,0.0,0.0
2023-02-23,1455.0,0.0,0.0,0.0,0.0,1455.0,0.0,0.0,0.0,0.0,2920.4,0.0,0.0,0.0,0.0,687266666.0,687266666.0,169273780.0,0.0,0.0,,0.0,0.0,0.0
2023-02-24,1455.0,0.0,0.0,0.0,0.0,1455.0,0.0,0.0,0.0,0.0,2920.4,0.0,0.0,0.0,0.0,687266666.0,687266666.0,169273780.0,0.0,0.0,,0.0,0.0,0.0
2023-02-27,1455.0,0.0,0.0,0.0,0.0,1455.0,0.0,0.0,0.0,0.0,2920.4,0.0,0.0,0.0,0.0,687266666.0,687266666.0,169273780.0,0.0,0.0,,0.0,0.0,0.0
2023-02-28,1455.0,0.0,0.0,0.0,0.0,1455.0,0.0,0.0,0.0,0.0,2920.4,0.0,0.0,0.0,0.0,687266666.0,687266666.0,169273780.0,0.0,0.0,,0.0,0.0,0.0
2023-03-01,1455.0,0.0,0.0,0.0,0.0,1455.0,0.0,0.0,0.0,0.0,2920.4,0.0,0.0,0.0,0.0,687266666.0,687266666.0,169273780.0,0.0,0.0,,0.0,0.0,0.0
2023-03-02,1455.0,0.0,0.0,0.0,0.0,1455.0,0.0,0.0,0.0,0.0,2920.4,0.0,0.0,0.0,0.0,687266666.0,687266666.0,169273780.0,0.0,0.0,,0.0,0.0,0.0
2023-03-03,1455.0,0.0,0.0,0.0,0.0,1455.0,0.0,0.0,0.0,0.0,2920.4,0.0,0.0,0.0,0.0,687266666.0,687266666.0,169273780.0,0.0,0.0,,0.0,0.0,0.0
2023-03-06,1455.0,0.0,0.0,0.0,0.0,1455.0,0.0,0.0,0.0,0.0,2920.4,0.0,0.0,0.0,0.0,687266666.0,687266666.0,169273780.0,0.0,0.0,,0.0,0.0,0.0
2023-03-07,1455.0,0.0,0.0,0.0,0.0,1455.0,0.0,0.0,0.0,0.0,2920.4,0.0,0.0,0.0,0.0,687266666.0,687266666.0,169273780.0,0.0,0.0,,0.0,0.0,0.0
2023-03-08,1455.0,0.0,0.0,0.0,0.0,1455.0,0.0,0.0,0.0,0.0,2920.4,0.0,0.0,0.0,0.0,687266666.0,687266666.0,169273780.0,0.0,0.0,,0.0,0.0,0.0
2023-03-09,1455.0,0.0,0.0,0.0,0.0,1455.0,0.0,0.0,0.0,0.0,2920.4,0.0,0.0,0.0,0.0,687266666.0,687266666.0,169273780.0,0.0,0.0,,0.0,0.0,0.0
2023-03-10,1455.0,0.0,0.0,0.0,0.0,1455.0,0.0,0.0,0.0,0.0,2920.4,0.0,0.0,0.0,0.0,687266666.0,687266666.0,169273780.0,0.0,0.0,,0.0,0.0,0.0
2023-03-13,1455.0,0.0,0.0,0.0,0.0,1455.0,0.0,0.0,0.0,0.0,2920.4,0.0,0.0,0.0,0.0,687266666.0,687266666.0,169273780.0,0.0,0.0,,0.0,0.0,0.0
2023-03-14,1455.0,0.0,0.0,0.0,0.0,1455.0,0.0,0.0,0.0,0.0,2920.4,0.0,0.0,0.0,0.0,687266666.0,687266666.0,169273780.0,0.0,0.0,,0.0,0.0,0.0
2023-03-15,1455.0,0.0,0.0,0.0,0.0,1455.0,0.0,0.0,0.0,0.0,2920.4,0.0,0.0,0.0,0.0,687266666.0,687266666.0,169273780.0,0.0,0.0,,0.0,0.0,0.0
2023-03-16,1455.0,0.0,0.0,0.0,0.0,1455.0,0.0,0.0,0.0,0.0,2920.4,0.0,0.0,0.0,0.0,687266666.0,687266666.0,169273780.0,0.0,0.0,,0.0,0.0,0.0
2023-03-17,1455.0,0.0,0.0,0.0,0.0,1455.0,0.0,0.0,0.0,0.0,2920.4,0.0,0.0,0.0,0.0,687266666.0,687266666.0,169273780.0,0.0,0.0,,0.0,0.0,0.0
2023-03-20,1455.0,0.0,0.0,0.0,0.0,1455.0,0.0,0.0,0.0,0.0,2920.4,0.0,0.0,0.0,0.0,687266666.0,687266666.0,169273780.0,0.0,0.0,,0.0,0.0,0.0
2023-03-21,1455.0,0.0,0.0,0.0,0.0,1455.0,0.0,0.0,0.0,0.0,2920.4,0.0,0.0,0.0,0.0,687266666.0,687266666.0,169273780.0,0.0,0.0,,0.0,0.0,0.0
2023-03-24,1455.0,0.0,0.0,0.0,0.0,1455.0,0.0,0.0,0.0,0.0,2920.4,0.0,0.0,0.0,0.0,687266666.0,687266666.0,169273780.0,0.0,0.0,,0.0,0.0,0.0
2023-03-27,1455.0,0.0,0.0,0.0,0.0,1455.0,0.0,0.0,0.0,0.0,2920.4,0.0,0.0,0.0,0.0,687266666.0,687266666.0,169273780.0,0.0,0.0,,0.0,0.0,0.0
2023-03-28,1455.0,0.0,0.0,0.0,0.0,1455.0,0.0,0.0,0.0,0.0,2920.4,0.0,0.0,0.0,0.0,687266666.0,687266666.0,169273780.0,0.0,0.0,,0.0,0.0,0.0
2023-03-29,1455.0,0.0,0.0,0.0,0.0,1455.0,0.0,0.0,0.0,0.0,2920.4,0.0,0.0,0.0,0.0,687266666.0,687266666.0,169273780.0,0.0,0.0,,0.0,0.0,0.0
2023-03-30,1455.0,0.0,0.0,0.0,0.0,1455.0,0.0,0.0,0.0,0.0,2920.4,0.0,0.0,0.0,0.0,687266666.0,687266666.0,169273780.0,0.0,0.0,,0.0,0.0,0.0
2023-03-31,1455.0,0.0,0.0,0.0,0.0,1455.0,0.0,0.0,0.0,0.0,2920.4,0.0,0.0,0.0,0.0,687266666.0,687266666.0,169273780.0,0.0,0.0,,0.0,0.0,0.0
2023-04-03,1455.0,0.0,0.0,0.0,0.0,1455.0,0.0,0.0,0.0,0.0,2920.4,0.0,0.0,0.0,0.0,687266666.0,687266666.0,169273780.0,0.0,0.0,,0.0,0.0,0.0
2023-04-04,1455.0,0.0,0.0,0.0,0.0,1455.0,0.0,0.0,0.0,0.0,2920.4,0.0,0.0,0.0,0.0,687266666.0,687266666.0,169273780.0,0.0,0.0,,0.0,0.0,0.0
2023-04-05,1455.0,0.0,0.0,0.0,0.0,1455.0,0.0,0.0,0.0,0.0,2920.4,0.0,0.0,0.0,0.0,687266666.0,687266666.0,169273780.0,0.0,0.0,,0.0,0.0,0.0
2023-04-06,1455.0,0.0,0.0,0.0,0.0,1455.0,0.0,0.0,0.0,0.0,2920.4,0.0,0.0,0.0,0.0,687266666.0,687266666.0,169273780.0,0.0,0.0,,0.0,0.0,0.0
2023-04-10,1455.0,0.0,0.0,0.0,0.0,1455.0,0.0,0.0,0.0,0.0,2920.4,0.0,0.0,0.0,0.0,687266666.0,687266666.0,169273780.0,0.0,0.0,,0.0,0.0,0.0
2023-04-11,1455.0,0.0,0.0,0.0,0.0,1455.0,0.0,0.0,0.0,0.0,2920.4,0.0,0.0,0.0,0.0,687266666.0,687266666.0,169273780.0,0.0,0.0,,0.0,0.0,0.0
2023-04-12,1455.0,0.0,0.0,0.0,0.0,1455.0,0.0,0.0,0.0,0.0,2920.4,0.0,0.0,0.0,0.0,687266666.0,687266666.0,169273780.0,0.0,0.0,,0.0,0.0,0.0
2023-04-13,1455.0,0.0,0.0,0.0,0.0,1455.0,0.0,0.0,0.0,0.0,2920.4,0.0,0.0,0.0,0.0,687266666.0,687266666.0,169273780.0,0.0,0.0,,0.0,0.0,0.0
2023-04-14,1455.0,0.0,0.0,0.0,0.0,1455.0,0.0,0.0,0.0,0.0,2920.4,0.0,0.0,0.0,0.0,687266666.0,687266666.0,169273780.0,0.0,0.0,,0.0,0.0,0.0
2023-04-17,1455.0,0.0,0.0,0.0,0.0,1455.0,0.0,0.0,0.0,0.0,2920.4,0.0,0.0,0.0,0.0,687266666.0,687266666.0,169273780.0,0.0,0.0,,0.0,0.0,0.0
2023-04-18,1455.0,0.0,0.0,0.0,0.0,1455.0,0.0,0.0,0.0,0.0,2920.4,0.0,0.0,0.0,0.0,687266666.0,687266666.0,169273780.0,0.0,0.0,,0.0,0.0,0.0
2023-04-26,1455.0,0.0,0.0,0.0,0.0,1455.0,0.0,0.0,0.0,0.0,2920.4,0.0,0.0,0.0,0.0,687266666.0,687266666.0,169273780.0,0.0,0.0,,0.0,0.0,0.0
2023-04-27,1455.0,0.0,0.0,0.0,0.0,1455.0,0.0,0.0,0.0,0.0,2920.4,0.0,0.0,0.0,0.0,687266666.0,687266666.0,169273780.0,0.0,0.0,,0.0,0.0,0.0
2023-04-28,1455.0,0.0,0.0,0.0,0.0,1455.0,0.0,0.0,0.0,0.0,2920.4,0.0,0.0,0.0,0.0,687266666.0,687266666.0,169273780.0,0.0,0.0,,0.0,0.0,0.0
2023-05-02,1455.0,0.0,0.0,0.0,0.0,1455.0,0.0,0.0,0.0,0.0,2920.4,0.0,0.0,0.0,0.0,687266666.0,687266666.0,169273780.0,0.0,0.0,,0.0,0.0,0.0
2023-05-03,1455.0,0.0,0.0,0.0,0.0,1455.0,0.0,0.0,0.0,0.0,2920.4,0.0,0.0,0.0,0.0,687266666.0,687266666.0,169273780.0,0.0,0.0,,0.0,0.0,0.0
2023-05-04,1455.0,0.0,0.0,0.0,0.0,1455.0,0.0,0.0,0.0,0.0,2920.4,0.0,0.0,0.0,0.0,687266666.0,687266666.0,169273780.0,0.0,0.0,,0.0,0.0,0.0
2023-05-05,1455.0,0.0,0.0,0.0,0.0,1455.0,0.0,0.0,0.0,0.0,2920.4,0.0,0.0,0.0,0.0,687266666.0,687266666.0,169273780.0,0.0,0.0,,0.0,0.0,0.0
2023-05-08,1455.0,0.0,0.0,0.0,0.0,1455.0,0.0,0.0,0.0,0.0,2920.4,0.0,0.0,0.0,0.0,687266666.0,687266666.0,169273780.0,0.0,0.0,,0.0,0.0,0.0
2023-05-09,1455.0,0.0,0.0,0.0,0.0,1455.0,0.0,0.0,0.0,0.0,2920.4,0.0,0.0,0.0,0.0,687266666.0,687266666.0,169273780.0,0.0,0.0,,0.0,0.0,0.0
2023-05-10,1455.0,0.0,0.0,0.0,0.0,1455.0,0.0,0.0,0.0,0.0,2920.4,0.0,0.0,0.0,0.0,687266666.0,687266666.0,169273780.0,0.0,0.0,,0.0,0.0,0.0
2023-05-11,1455.0,0.0,0.0,0.0,0.0,1455.0,0.0,0.0,0.0,0.0,2920.4,0.0,0.0,0.0,0.0,687266666.0,687266666.0,169273780.0,0.0,0.0,,0.0,0.0,0.0
2023-05-12,1455.0,0.0,0.0,0.0,0.0,1455.0,0.0,0.0,0.0,0.0,2920.4,0.0,0.0,0.0,0.0,687266666.0,687266666.0,169273780.0,0.0,0.0,,0.0,0.0,0.0
2023-05-15,1455.0,0.0,0.0,0.0,0.0,1455.0,0.0,0.0,0.0,0.0,2920.4,0.0,0.0,0.0,0.0,687266666.0,687266666.0,169273780.0,0.0,0.0,,0.0,0.0,0.0
2023-05-16,1455.0,0.0,0.0,0.0,0.0,1455.0,0.0,0.0,0.0,0.0,2920.4,0.0,0.0,0.0,0.0,687266666.0,687266666.0,169273780.0,0.0,0.0,,0.0,0.0,0.0
2023-05-17,1455.0,0.0,0.0,0.0,0.0,1455.0,0.0,0.0,0.0,0.0,2920.4,0.0,0.0,0.0,0.0,687266666.0,687266666.0,169273780.0,0.0,0.0,,0.0,0.0,0.0
2023-05-19,1455.0,0.0,0.0,0.0,0.0,1455.0,0.0,0.0,0.0,0.0,2920.4,0.0,0.0,0.0,0.0,687266666.0,687266666.0,169273780.0,0.0,0.0,,0.0,0.0,0.0
2023-05-22,1455.0,0.0,0.0,0.0,0.0,1455.0,0.0,0.0,0.0,0.0,2920.4,0.0,0.0,0.0,0.0,687266666.0,687266666.0,169273780.0,0.0,0.0,,0.0,0.0,0.0
2023-05-23,1455.0,0.0,0.0,0.0,0.0,1455.0,0.0,0.0,0.0,0.0,2920.4,0.0,0.0,0.0,0.0,687266666.0,687266666.0,169273780.0,0.0,0.0,,0.0,0.0,0.0
2023-05-24,1455.0,0.0,0.0,0.0,0.0,1455.0,0.0,0.0,0.0,0.0,2920.4,0.0,0.0,0.0,0.0,687266666.0,687266666.0,169273780.0,0.0,0.0,,0.0,0.0,0.0
2023-05-25,1455.0,0.0,0.0,0.0,0.0,1455.0,0.0,0.0,0.0,0.0,2920.4,0.0,0.0,0.0,0.0,687266666.0,687266666.0,169273780.0,0.0,0.0,,0.0,0.0,0.0
2023-05-26,1455.0,0.0,0.0,0.0,0.0,1455.0,0.0,0.0,0.0,0.0,2920.4,0.0,0.0,0.0,0.0,687266666.0,687266666.0,169273780.0,0.0,0.0,,0.0,0.0,0.0
2023-05-29,1455.0,0.0,0.0,0.0,0.0,1455.0,0.0,0.0,0.0,0.0,2920.4,0.0,0.0,0.0,0.0,687266666.0,687266666.0,169273780.0,0.0,0.0,,0.0,0.0,0.0
2023-05-30,1455.0,0.0,0.0,0.0,0.0,1455.0,0.0,0.0,0.0,0.0,2920.4,0.0,0.0,0.0,0.0,687266666.0,687266666.0,169273780.0,0.0,0.0,,0.0,0.0,0.0
2023-05-31,1455.0,0.0,0.0,0.0,0.0,1455.0,0.0,0.0,0.0,0.0,2920.4,0.0,0.0,0.0,0.0,687266666.0,687266666.0,169273780.0,0.0,0.0,,0.0,0.0,0.0
2023-06-05,1455.0,0.0,0.0,0.0,0.0,1455.0,0.0,0.0,0.0,0.0,2920.4,0.0,0.0,0.0,0.0,687266666.0,687266666.0,169273780.0,0.0,0.0,,0.0,0.0,0.0
2023-06-06,1455.0,0.0,0.0,0.0,0.0,1455.0,0.0,0.0,0.0,0.0,2920.4,0.0,0.0,0.0,0.0,687266666.0,687266666.0,169273780.0,0.0,0.0,,0.0,0.0,0.0
2023-06-07,1455.0,0.0,0.0,0.0,0.0,1455.0,0.0,0.0,0.0,0.0,2920.4,0.0,0.0,0.0,0.0,687266666.0,687266666.0,169273780.0,0.0,0.0,,0.0,0.0,0.0
2023-06-08,1455.0,0.0,0.0,0.0,0.0,1455.0,0.0,0.0,0.0,0.0,2920.4,0.0,0.0,0.0,0.0,687266666.0,687266666.0,169273780.0,0.0,0.0,,0.0,0.0,0.0
2023-06-09,1455.0,0.0,0.0,0.0,0.0,1455.0,0.0,0.0,0.0,0.0,2920.4,0.0,0.0,0.0,0.0,687266666.0,687266666.0,169273780.0,0.0,0.0,,0.0,0.0,0.0
2023-06-12,1455.0,0.0,0.0,0.0,0.0,1455.0,0.0,0.0,0.0,0.0,2920.4,0.0,0.0,0.0,0.0,687266666.0,687266666.0,169273780.0,0.0,0.0,,0.0,0.0,0.0
2023-06-13,1455.0,0.0,0.0,0.0,0.0,1455.0,0.0,0.0,0.0,0.0,2920.4,0.0,0.0,0.0,0.0,687266666.0,687266666.0,169273780.0,0.0,0.0,,0.0,0.0,0.0
2023-06-14,1455.0,0.0,0.0,0.0,0.0,1455.0,0.0,0.0,0.0,0.0,2920.4,0.0,0.0,0.0,0.0,687266666.0,687266666.0,169273780.0,0.0,0.0,,0.0,0.0,0.0
2023-06-15,1455.0,0.0,0.0,0.0,0.0,1455.0,0.0,0.0,0.0,0.0,2920.4,0.0,0.0,0.0,0.0,687266666.0,687266666.0,169273780.0,0.0,0.0,,0.0,0.0,0.0
2023-06-16,1455.0,0.0,0.0,0.0,0.0,1455.0,0.0,0.0,0.0,0.0,2920.4,0.0,0.0,0.0,0.0,687266666.0,687266666.0,169273780.0,0.0,0.0,,0.0,0.0,0.0
2023-06-19,1455.0,0.0,0.0,0.0,0.0,1455.0,0.0,0.0,0.0,0.0,2920.4,0.0,0.0,0.0,0.0,687266666.0,687266666.0,169273780.0,0.0,0.0,,0.0,0.0,0.0
2023-06-20,1455.0,0.0,0.0,0.0,0.0,1455.0,0.0,0.0,0.0,0.0,2920.4,0.0,0.0,0.0,0.0,687266666.0,687266666.0,169273780.0,0.0,0.0,,0.0,0.0,0.0
2023-06-21,1455.0,0.0,0.0,0.0,0.0,1455.0,0.0,0.0,0.0,0.0,2920.4,0.0,0.0,0.0,0.0,687266666.0,687266666.0,169273780.0,0.0,0.0,,0.0,0.0,0.0
2023-06-22,1455.0,0.0,0.0,0.0,0.0,1455.0,0.0,0.0,0.0,0.0,2920.4,0.0,0.0,0.0,0.0,687266666.0,687266666.0,169273780.0,0.0,0.0,,0.0,0.0,0.0
2023-06-23,1455.0,0.0,0.0,0.0,0.0,1455.0,0.0,0.0,0.0,0.0,2920.4,0.0,0.0,0.0,0.0,687266666.0,687266666.0,169273780.0,0.0,0.0,,0.0,0.0,0.0
2023-06-26,1455.0,0.0,0.0,0.0,0.0,1455.0,0.0,0.0,0.0,0.0,2920.4,0.0,0.0,0.0,0.0,687266666.0,687266666.0,169273780.0,0.0,0.0,,0.0,0.0,0.0
2023-06-27,1455.0,0.0,0.0,0.0,0.0,1455.0,0.0,0.0,0.0,0.0,2920.4,0.0,0.0,0.0,0.0,687266666.0,687266666.0,169273780.0,0.0,0.0,,0.0,0.0,0.0
2023-07-03,1455.0,0.0,0.0,0.0,0.0,1455.0,0.0,0.0,0.0,0.0,2920.4,0.0,0.0,0.0,0.0,687266666.0,687266666.0,169273780.0,0.0,0.0,,0.0,0.0,0.0
2023-07-04,1455.0,0.0,0.0,0.0,0.0,1455.0,0.0,0.0,0.0,0.0,2920.4,0.0,0.0,0.0,0.0,687266666.0,687266666.0,169273780.0,0.0,0.0,,0.0,0.0,0.0
2023-07-05,1455.0,0.0,0.0,0.0,0.0,1455.0,0.0,0.0,0.0,0.0,2920.4,0.0,0.0,0.0,0.0,687266666.0,687266666.0,169273780.0,0.0,0.0,,0.0,0.0,0.0
2023-07-06,1455.0,0.0,0.0,0.0,0.0,1455.0,0.0,0.0,0.0,0.0,2920.4,0.0,0.0,0.0,0.0,687266666.0,687266666.0,169273780.0,0.0,0.0,,0.0,0.0,0.0
2023-07-07,1455.0,0.0,0.0,0.0,0.0,1455.0,0.0,0.0,0.0,0.0,2920.4,0.0,0.0,0.0,0.0,687266666.0,687266666.0,169273780.0,0.0,0.0,,0.0,0.0,0.0
2023-07-10,1455.0,0.0,0.0,0.0,0.0,1455.0,0.0,0.0,0.0,0.0,2920.4,0.0,0.0,0.0,0.0,687266666.0,687266666.0,169273780.0,0.0,0.0,,0.0,0.0,0.0
2023-07-11,1455.0,0.0,0.0,0.0,0.0,1455.0,0.0,0.0,0.0,0.0,2920.4,0.0,0.0,0.0,0.0,687266666.0,687266666.0,169273780.0,0.0,0.0,,0.0,0.0,0.0
2023-07-12,1455.0,0.0,0.0,0.0,0.0,1455.0,0.0,0.0,0.0,0.0,2920.4,0.0,0.0,0.0,0.0,687266666.0,687266666.0,169273780.0,0.0,0.0,,0.0,0.0,0.0
2023-07-13,1455.0,0.0,0.0,0.0,0.0,1455.0,0.0,0.0,0.0,0.0,2920.4,0.0,0.0,0.0,0.0,687266666.0,687266666.0,169273780.0,0.0,0.0,,0.0,0.0,0.0
2023-07-14,1455.0,0.0,0.0,0.0,0.0,1455.0,0.0,0.0,0.0,0.0,2920.4,0.0,0.0,0.0,0.0,687266666.0,687266666.0,169273780.0,0.0,0.0,,0.0,0.0,0.0
2023-07-17,1455.0,0.0,0.0,0.0,0.0,1455.0,0.0,0.0,0.0,0.0,2920.4,0.0,0.0,0.0,0.0,687266666.0,687266666.0,169273780.0,0.0,0.0,,0.0,0.0,0.0
2023-07-18,1455.0,0.0,0.0,0.0,0.0,1455.0,0.0,0.0,0.0,0.0,2920.4,0.0,0.0,0.0,0.0,687266666.0,687266666.0,169273780.0,0.0,0.0,,0.0,0.0,0.0
2023-07-20,1455.0,0.0,0.0,0.0,0.0,1455.0,0.0,0.0,0.0,0.0,2920.4,0.0,0.0,0.0,0.0,687266666.0,687266666.0,169273780.0,0.0,0.0,,0.0,0.0,0.0
2023-07-21,1455.0,0.0,0.0,0.0,0.0,1455.0,0.0,0.0,0.0,0.0,2920.4,0.0,0.0,0.0,0.0,687266666.0,687266666.0,169273780.0,0.0,0.0,,0.0,0.0,0.0
2023-07-24,1455.0,0.0,0.0,0.0,0.0,1455.0,0.0,0.0,0.0,0.0,2920.4,0.0,0.0,0.0,0.0,687266666.0,687266666.0,169273780.0,0.0,0.0,,0.0,0.0,0.0
2023-07-25,1455.0,0.0,0.0,0.0,0.0,1455.0,0.0,0.0,0.0,0.0,2920.4,0.0,0.0,0.0,0.0,687266666.0,687266666.0,169273780.0,0.0,0.0,,0.0,0.0,0.0
2023-07-26,1455.0,0.0,0.0,0.0,0.0,1455.0,0.0,0.0,0.0,0.0,2920.4,0.0,0.0,0.0,0.0,687266666.0,687266666.0,169273780.0,0.0,0.0,,0.0,0.0,0.0
2023-07-27,1455.0,0.0,0.0,0.0,0.0,1455.0,0.0,0.0,0.0,0.0,2920.4,0.0,0.0,0.0,0.0,687266666.0,687266666.0,169273780.0,0.0,0.0,,0.0,0.0,0.0
2023-07-28,1455.0,0.0,0.0,0.0,0.0,1455.0,0.0,0.0,0.0,0.0,2920.4,0.0,0.0,0.0,0.0,687266666.0,687266666.0,169273780.0,0.0,0.0,,0.0,0.0,0.0
2023-07-31,1455.0,0.0,0.0,0.0,0.0,1455.0,0.0,0.0,0.0,0.0,2920.4,0.0,0.0,0.0,0.0,687266666.0,687266666.0,169273780.0,0.0,0.0,,0.0,0.0,0.0
2023-08-01,1455.0,0.0,0.0,0.0,0.0,1455.0,0.0,0.0,0.0,0.0,2920.4,0.0,0.0,0.0,0.0,687266666.0,687266666.0,169273780.0,0.0,0.0,,0.0,0.0,0.0
2023-08-02,1455.0,0.0,0.0,0.0,0.0,1455.0,0.0,0.0,0.0,0.0,2920.4,0.0,0.0,0.0,0.0,687266666.0,687266666.0,169273780.0,0.0,0.0,,0.0,0.0,0.0
2023-08-03,1455.0,0.0,0.0,0.0,0.0,1455.0,0.0,0.0,0.0,0.0,2920.4,0.0,0.0,0.0,0.0,687266666.0,687266666.0,169273780.0,0.0,0.0,,0.0,0.0,0.0
2023-08-04,1455.0,0.0,0.0,0.0,0.0,1455.0,0.0,0.0,0.0,0.0,2920.4,0.0,0.0,0.0,0.0,687266666.0,687266666.0,169273780.0,0.0,0.0,,0.0,0.0,0.0
2023-08-07,1455.0,0.0,0.0,0.0,0.0,1455.0,0.0,0.0,0.0,0.0,2920.4,0.0,0.0,0.0,0.0,687266666.0,687266666.0,169273780.0,0.0,0.0,,0.0,0.0,0.0
2023-08-08,1455.0,0.0,0.0,0.0,0.0,1455.0,0.0,0.0,0.0,0.0,2920.4,0.0,0.0,0.0,0.0,687266666.0,687266666.0,169273780.0,0.0,0.0,,0.0,0.0,0.0
2023-08-09,1455.0,0.0,0.0,0.0,0.0,1455.0,0.0,0.0,0.0,0.0,2920.4,0.0,0.0,0.0,0.0,687266666.0,687266666.0,169273780.0,0.0,0.0,,0.0,0.0,0.0
2023-08-10,1455.0,0.0,0.0,0.0,0.0,1455.0,0.0,0.0,0.0,0.0,2920.4,0.0,0.0,0.0,0.0,687266666.0,687266666.0,169273780.0,0.0,0.0,,0.0,0.0,0.0
2023-08-11,1455.0,0.0,0.0,0.0,0.0,1455.0,0.0,0.0,0.0,0.0,2920.4,0.0,0.0,0.0,0.0,687266666.0,687266666.0,169273780.0,0.0,0.0,,0.0,0.0,0.0
2023-08-14,1455.0,0.0,0.0,0.0,0.0,1455.0,0.0,0.0,0.0,0.0,2920.4,0.0,0.0,0.0,0.0,687266666.0,687266666.0,169273780.0,0.0,0.0,,0.0,0.0,0.0
2023-08-15,1455.0,0.0,0.0,0.0,0.0,1455.0,0.0,0.0,0.0,0.0,2920.4,0.0,0.0,0.0,0.0,687266666.0,687266666.0,169273780.0,0.0,0.0,,0.0,0.0,0.0
2023-08-16,1455.0,0.0,0.0,0.0,0.0,1455.0,0.0,0.0,0.0,0.0,2920.4,0.0,0.0,0.0,0.0,687266666.0,687266666.0,169273780.0,0.0,0.0,,0.0,0.0,0.0
2023-08-18,1455.0,0.0,0.0,0.0,0.0,1455.0,0.0,0.0,0.0,0.0,2920.4,0.0,0.0,0.0,0.0,687266666.0,687266666.0,169273780.0,0.0,0.0,,0.0,0.0,0.0
2023-08-21,1455.0,0.0,0.0,0.0,0.0,1455.0,0.0,0.0,0.0,0.0,2920.4,0.0,0.0,0.0,0.0,687266666.0,687266666.0,169273780.0,0.0,0.0,,0.0,0.0,0.0
2023-08-22,1455.0,0.0,0.0,0.0,0.0,1455.0,0.0,0.0,0.0,0.0,2920.4,0.0,0.0,0.0,0.0,687266666.0,687266666.0,169273780.0,0.0,0.0,,0.0,0.0,0.0
2023-08-23,1455.0,0.0,0.0,0.0,0.0,1455.0,0.0,0.0,0.0,0.0,2920.4,0.0,0.0,0.0,0.0,687266666.0,687266666.0,169273780.0,0.0,0.0,,0.0,0.0,0.0
2023-08-24,1455.0,0.0,0.0,0.0,0.0,1455.0,0.0,0.0,0.0,0.0,2920.4,0.0,0.0,0.0,0.0,687266666.0,687266666.0,169273780.0,0.0,0.0,,0.0,0.0,0.0
2023-08-25,1455.0,0.0,0.0,0.0,0.0,1455.0,0.0,0.0,0.0,0.0,2920.4,0.0,0.0,0.0,0.0,687266666.0,687266666.0,169273780.0,0.0,0.0,,0.0,0.0,0.0
2023-08-28,1455.0,0.0,0.0,0.0,0.0,1455.0,0.0,0.0,0.0,0.0,2920.4,0.0,0.0,0.0,0.0,687266666.0,687266666.0,169273780.0,0.0,0.0,,0.0,0.0,0.0
2023-08-29,1455.0,0.0,0.0,0.0,0.0,1455.0,0.0,0.0,0.0,0.0,2920.4,0.0,0.0,0.0,0.0,687266666.0,687266666.0,169273780.0,0.0,0.0,,0.0,0.0,0.0
2023-08-30,1455.0,0.0,0.0,0.0,0.0,1455.0,0.0,0.0,0.0,0.0,2920.4,0.0,0.0,0.0,0.0,687266666.0,687266666.0,169273780.0,0.0,0.0,,0.0,0.0,0.0
2023-08-31,1455.0,0.0,0.0,0.0,0.0,1455.0,0.0,0.0,0.0,0.0,2920.4,0.0,0.0,0.0,0.0,687266666.0,687266666.0,169273780.0,0.0,0.0,,0.0,0.0,0.0
2023-09-01,1455.0,0.0,0.0,0.0,0.0,1455.0,0.0,0.0,0.0,0.0,2920.4,0.0,0.0,0.0,0.0,687266666.0,687266666.0,169273780.0,0.0,0.0,,0.0,0.0,0.0
2023-09-04,1455.0,0.0,0.0,0.0,0.0,1455.0,0.0,0.0,0.0,0.0,2920.4,0.0,0.0,0.0,0.0,687266666.0,687266666.0,169273780.0,0.0,0.0,,0.0,0.0,0.0
2023-09-05,1455.0,0.0,0.0,0.0,0.0,1455.0,0.0,0.0,0.0,0.0,2920.4,0.0,0.0,0.0,0.0,687266666.0,687266666.0,169273780.0,0.0,0.0,,0.0,0.0,0.0
2023-09-06,1455.0,0.0,0.0,0.0,0.0,1455.0,0.0,0.0,0.0,0.0,2920.4,0.0,0.0,0.0,0.0,687266666.0,687266666.0,169273780.0,0.0,0.0,,0.0,0.0,0.0
2023-09-07,1455.0,0.0,0.0,0.0,0.0,1455.0,0.0,0.0,0.0,0.0,2920.4,0.0,0.0,0.0,0.0,687266666.0,687266666.0,169273780.0,0.0,0.0,,0.0,0.0,0.0
2023-09-08,1455.0,0.0,0.0,0.0,0.0,1455.0,0.0,0.0,0.0,0.0,2920.4,0.0,0.0,0.0,0.0,687266666.0,687266666.0,169273780.0,0.0,0.0,,0.0,0.0,0.0
2023-09-11,1455.0,0.0,0.0,0.0,0.0,1455.0,0.0,0.0,0.0,0.0,2920.4,0.0,0.0,0.0,0.0,687266666.0,687266666.0,169273780.0,0.0,0.0,,0.0,0.0,0.0
2023-09-12,1455.0,0.0,0.0,0.0,0.0,1455.0,0.0,0.0,0.0,0.0,2920.4,0.0,0.0,0.0,0.0,687266666.0,687266666.0,169273780.0,0.0,0.0,,0.0,0.0,0.0
2023-09-13,1455.0,0.0,0.0,0.0,0.0,1455.0,0.0,0.0,0.0,0.0,2920.4,0.0,0.0,0.0,0.0,687266666.0,687266666.0,169273780.0,0.0,0.0,,0.0,0.0,0.0
2023-09-14,1455.0,0.0,0.0,0.0,0.0,1455.0,0.0,0.0,0.0,0.0,2920.4,0.0,0.0,0.0,0.0,687266666.0,687266666.0,169273780.0,0.0,0.0,,0.0,0.0,0.0
2023-09-15,1455.0,0.0,0.0,0.0,0.0,1455.0,0.0,0.0,0.0,0.0,2920.4,0.0,0.0,0.0,0.0,687266666.0,687266666.0,169273780.0,0.0,0.0,,0.0,0.0,0.0
2023-09-18,1455.0,0.0,0.0,0.0,0.0,1455.0,0.0,0.0,0.0,0.0,2920.4,0.0,0.0,0.0,0.0,687266666.0,687266666.0,169273780.0,0.0,0.0,,0.0,0.0,0.0
2023-09-19,1455.0,0.0,0.0,0.0,0.0,1455.0,0.0,0.0,0.0,0.0,2920.4,0.0,0.0,0.0,0.0,687266666.0,687266666.0,169273780.0,0.0,0.0,,0.0,0.0,0.0
2023-09-20,1455.0,0.0,0.0,0.0,0.0,1455.0,0.0,0.0,0.0,0.0,2920.4,0.0,0.0,0.0,0.0,687266666.0,687266666.0,169273780.0,0.0,0.0,,0.0,0.0,0.0
2023-09-21,1455.0,0.0,0.0,0.0,0.0,1455.0,0.0,0.0,0.0,0.0,2920.4,0.0,0.0,0.0,0.0,687266666.0,687266666.0,169273780.0,0.0,0.0,,0.0,0.0,0.0
2023-09-22,1455.0,0.0,0.0,0.0,0.0,1455.0,0.0,0.0,0.0,0.0,2920.4,0.0,0.0,0.0,0.0,687266666.0,687266666.0,169273780.0,0.0,0.0,,0.0,0.0,0.0
2023-09-25,1455.0,0.0,0.0,0.0,0.0,1455.0,0.0,0.0,0.0,0.0,2920.4,0.0,0.0,0.0,0.0,687266666.0,687266666.0,169273780.0,0.0,0.0,,0.0,0.0,0.0
2023-09-26,1455.0,0.0,0.0,0.0,0.0,1455.0,0.0,0.0,0.0,0.0,2920.4,0.0,0.0,0.0,0.0,687266666.0,687266666.0,169273780.0,0.0,0.0,,0.0,0.0,0.0
2023-09-27,1455.0,0.0,0.0,0.0,0.0,1455.0,0.0,0.0,0.0,0.0,2920.4,0.0,0.0,0.0,0.0,687266666.0,687266666.0,169273780.0,0.0,0.0,,0.0,0.0,0.0
2023-09-29,1455.0,0.0,0.0,0.0,0.0,1455.0,0.0,0.0,0.0,0.0,2920.4,0.0,0.0,0.0,0.0,687266666.0,687266666.0,169273780.0,0.0,0.0,,0.0,0.0,0.0
2023-10-02,1455.0,0.0,0.0,0.0,0.0,1455.0,0.0,0.0,0.0,0.0,2920.4,0.0,0.0,0.0,0.0,687266666.0,687266666.0,169273780.0,0.0,0.0,,0.0,0.0,0.0
2023-10-03,1455.0,0.0,0.0,0.0,0.0,1455.0,0.0,0.0,0.0,0.0,2920.4,0.0,0.0,0.0,0.0,687266666.0,687266666.0,169273780.0,0.0,0.0,,0.0,0.0,0.0
2023-10-04,1455.0,0.0,0.0,0.0,0.0,1455.0,0.0,0.0,0.0,0.0,2920.4,0.0,0.0,0.0,0.0,687266666.0,687266666.0,169273780.0,0.0,0.0,,0.0,0.0,0.0
2023-10-05,1455.0,0.0,0.0,0.0,0.0,1455.0,0.0,0.0,0.0,0.0,2920.4,0.0,0.0,0.0,0.0,687266666.0,687266666.0,169273780.0,0.0,0.0,,0.0,0.0,0.0
2023-10-06,1455.0,0.0,0.0,0.0,0.0,1455.0,0.0,0.0,0.0,0.0,2920.4,0.0,0.0,0.0,0.0,687266666.0,687266666.0,169273780.0,0.0,0.0,,0.0,0.0,0.0
2023-10-09,1455.0,0.0,0.0,0.0,0.0,1455.0,0.0,0.0,0.0,0.0,2920.4,0.0,0.0,0.0,0.0,687266666.0,687266666.0,169273780.0,0.0,0.0,,0.0,0.0,0.0
2023-10-10,1455.0,0.0,0.0,0.0,0.0,1455.0,0.0,0.0,0.0,0.0,2920.4,0.0,0.0,0.0,0.0,687266666.0,687266666.0,169273780.0,0.0,0.0,,0.0,0.0,0.0
2023-10-11,1455.0,0.0,0.0,0.0,0.0,1455.0,0.0,0.0,0.0,0.0,2920.4,0.0,0.0,0.0,0.0,687266666.0,687266666.0,169273780.0,0.0,0.0,,0.0,0.0,0.0
2023-10-12,1455.0,0.0,0.0,0.0,0.0,1455.0,0.0,0.0,0.0,0.0,2920.4,0.0,0.0,0.0,0.0,687266666.0,687266666.0,169273780.0,0.0,0.0,,0.0,0.0,0.0
2023-10-13,1455.0,0.0,0.0,0.0,0.0,1455.0,0.0,0.0,0.0,0.0,2920.4,0.0,0.0,0.0,0.0,687266666.0,687266666.0,169273780.0,0.0,0.0,,0.0,0.0,0.0
2023-10-16,1455.0,0.0,0.0,0.0,0.0,1455.0,0.0,0.0,0.0,0.0,2920.4,0.0,0.0,0.0,0.0,687266666.0,687266666.0,169273780.0,0.0,0.0,,0.0,0.0,0.0
2023-10-17,1455.0,0.0,0.0,0.0,0.0,1455.0,0.0,0.0,0.0,0.0,2920.4,0.0,0.0,0.0,0.0,687266666.0,687266666.0,169273780.0,0.0,0.0,,0.0,0.0,0.0
2023-10-18,1455.0,0.0,0.0,0.0,0.0,1455.0,0.0,0.0,0.0,0.0,2920.4,0.0,0.0,0.0,0.0,687266666.0,687266666.0,169273780.0,0.0,0.0,,0.0,0.0,0.0
2023-10-19,1455.0,0.0,0.0,0.0,0.0,1455.0,0.0,0.0,0.0,0.0,2920.4,0.0,0.0,0.0,0.0,687266666.0,687266666.0,169273780.0,0.0,0.0,,0.0,0.0,0.0
2023-10-20,1455.0,0.0,0.0,0.0,0.0,1455.0,0.0,0.0,0.0,0.0,2920.4,0.0,0.0,0.0,0.0,687266666.0,687266666.0,169273780.0,0.0,0.0,,0.0,0.0,0.0
2023-10-23,1455.0,0.0,0.0,0.0,0.0,1455.0,0.0,0.0,0.0,0.0,2920.4,0.0,0.0,0.0,0.0,687266666.0,687266666.0,169273780.0,0.0,0.0,,0.0,0.0,0.0
2023-10-24,1455.0,0.0,0.0,0.0,0.0,1455.0,0.0,0.0,0.0,0.0,2920.4,0.0,0.0,0.0,0.0,687266666.0,687266666.0,169273780.0,0.0,0.0,,0.0,0.0,0.0
2023-10-25,1455.0,0.0,0.0,0.0,0.0,1455.0,0.0,0.0,0.0,0.0,2920.4,0.0,0.0,0.0,0.0,687266666.0,687266666.0,169273780.0,0.0,0.0,,0.0,0.0,0.0
2023-10-26,1455.0,0.0,0.0,0.0,0.0,1455.0,0.0,0.0,0.0,0.0,2920.4,0.0,0.0,0.0,0.0,687266666.0,687266666.0,169273780.0,0.0,0.0,,0.0,0.0,0.0
2023-10-27,1455.0,0.0,0.0,0.0,0.0,1455.0,0.0,0.0,0.0,0.0,2920.4,0.0,0.0,0.0,0.0,687266666.0,687266666.0,169273780.0,0.0,0.0,,0.0,0.0,0.0
2023-10-30,1455.0,0.0,0.0,0.0,0.0,1455.0,0.0,0.0,0.0,0.0,2920.4,0.0,0.0,0.0,0.0,687266666.0,687266666.0,169273780.0,0.0,0.0,,0.0,0.0,0.0
2023-10-31,1455.0,0.0,0.0,0.0,0.0,1455.0,0.0,0.0,0.0,0.0,2920.4,0.0,0.0,0.0,0.0,687266666.0,687266666.0,169273780.0,0.0,0.0,,0.0,0.0,0.0
2023-11-01,1455.0,0.0,0.0,0.0,0.0,1455.0,0.0,0.0,0.0,0.0,2920.4,0.0,0.0,0.0,0.0,687266666.0,687266666.0,169273780.0,0.0,0.0,,0.0,0.0,0.0
2023-11-02,1455.0,0.0,0.0,0.0,0.0,1455.0,0.0,0.0,0.0,0.0,2920.4,0.0,0.0,0.0,0.0,687266666.0,687266666.0,169273780.0,0.0,0.0,,0.0,0.0,0.0
2023-11-03,1455.0,0.0,0.0,0.0,0.0,1455.0,0.0,0.0,0.0,0.0,2920.4,0.0,0.0,0.0,0.0,687266666.0,687266666.0,169273780.0,0.0,0.0,,0.0,0.0,0.0
2023-11-06,1455.0,0.0,0.0,0.0,0.0,1455.0,0.0,0.0,0.0,0.0,2920.4,0.0,0.0,0.0,0.0,687266666.0,687266666.0,169273780.0,0.0,0.0,,0.0,0.0,0.0
2023-11-07,1455.0,0.0,0.0,0.0,0.0,1455.0,0.0,0.0,0.0,0.0,2920.4,0.0,0.0,0.0,0.0,687266666.0,687266666.0,169273780.0,0.0,0.0,,0.0,0.0,0.0
2023-11-08,1455.0,0.0,0.0,0.0,0.0,1455.0,0.0,0.0,0.0,0.0,2920.4,0.0,0.0,0.0,0.0,687266666.0,687266666.0,169273780.0,0.0,0.0,,0.0,0.0,0.0
2023-11-09,1455.0,0.0,0.0,0.0,0.0,1455.0,0.0,0.0,0.0,0.0,2920.4,0.0,0.0,0.0,0.0,687266666.0,687266666.0,169273780.0,0.0,0.0,,0.0,0.0,0.0
2023-11-10,1455.0,0.0,0.0,0.0,0.0,1455.0,0.0,0.0,0.0,0.0,2920.4,0.0,0.0,0.0,0.0,687266666.0,687266666.0,169273780.0,0.0,0.0,,0.0,0.0,0.0
2023-11-13,1455.0,0.0,0.0,0.0,0.0,1455.0,0.0,0.0,0.0,0.0,2920.4,0.0,0.0,0.0,0.0,687266666.0,687266666.0,169273780.0,0.0,0.0,,0.0,0.0,0.0
2023-11-14,1455.0,0.0,0.0,0.0,0.0,1455.0,0.0,0.0,0.0,0.0,2920.4,0.0,0.0,0.0,0.0,687266666.0,687266666.0,169273780.0,0.0,0.0,,0.0,0.0,0.0
2023-11-15,1455.0,0.0,0.0,0.0,0.0,1455.0,0.0,0.0,0.0,0.0,2920.4,0.0,0.0,0.0,0.0,687266666.0,687266666.0,169273780.0,0.0,0.0,,0.0,0.0,0.0
2023-11-16,1455.0,0.0,0.0,0.0,0.0,1455.0,0.0,0.0,0.0,0.0,2920.4,0.0,0.0,0.0,0.0,687266666.0,687266666.0,169273780.0,0.0,0.0,,0.0,0.0,0.0
2023-11-17,1455.0,0.0,0.0,0.0,0.0,1455.0,0.0,0.0,0.0,0.0,2920.4,0.0,0.0,0.0,0.0,687266666.0,687266666.0,169273780.0,0.0,0.0,,0.0,0.0,0.0
2023-11-20,1455.0,0.0,0.0,0.0,0.0,1455.0,0.0,0.0,0.0,0.0,2920.4,0.0,0.0,0.0,0.0,687266666.0,687266666.0,169273780.0,0.0,0.0,,0.0,0.0,0.0
2023-11-21,1455.0,0.0,0.0,0.0,0.0,1455.0,0.0,0.0,0.0,0.0,2920.4,0.0,0.0,0.0,0.0,687266666.0,687266666.0,169273780.0,0.0,0.0,,0.0,0.0,0.0
2023-11-22,1455.0,0.0,0.0,0.0,0.0,1455.0,0.0,0.0,0.0,0.0,2920.4,0.0,0.0,0.0,0.0,687266666.0,687266666.0,169273780.0,0.0,0.0,,0.0,0.0,0.0
2023-11-23,1455.0,0.0,0.0,0.0,0.0,1455.0,0.0,0.0,0.0,0.0,2920.4,0.0,0.0,0.0,0.0,687266666.0,687266666.0,169273780.0,0.0,0.0,,0.0,0.0,0.0
2023-11-24,1455.0,0.0,0.0,0.0,0.0,1455.0,0.0,0.0,0.0,0.0,2920.4,0.0,0.0,0.0,0.0,687266666.0,687266666.0,169273780.0,0.0,0.0,,0.0,0.0,0.0
2023-11-27,1455.0,0.0,0.0,0.0,0.0,1455.0,0.0,0.0,0.0,0.0,2920.4,0.0,0.0,0.0,0.0,687266666.0,687266666.0,169273780.0,0.0,0.0,,0.0,0.0,0.0
2023-11-28,1455.0,0.0,0.0,0.0,0.0,1455.0,0.0,0.0,0.0,0.0,2920.4,0.0,0.0,0.0,0.0,687266666.0,687266666.0,169273780.0,0.0,0.0,,0.0,0.0,0.0
2023-11-29,1455.0,0.0,0.0,0.0,0.0,1455.0,0.0,0.0,0.0,0.0,2920.4,0.0,0.0,0.0,0.0,687266666.0,687266666.0,169273780.0,0.0,0.0,,0.0,0.0,0.0
2023-11-30,1455.0,0.0,0.0,0.0,0.0,1455.0,0.0,0.0,0.0,0.0,2920.4,0.0,0.0,0.0,0.0,687266666.0,687266666.0,169273780.0,0.0,0.0,,0.0,0.0,0.0
2023-12-01,1455.0,0.0,0.0,0.0,0.0,1455.0,0.0,0.0,0.0,0.0,2920.4,0.0,0.0,0.0,0.0,687266666.0,687266666.0,169273780.0,0.0,0.0,,0.0,0.0,0.0
2023-12-04,1455.0,0.0,0.0,0.0,0.0,1455.0,0.0,0.0,0.0,0.0,2920.4,0.0,0.0,0.0,0.0,687266666.0,687266666.0,169273780.0,0.0,0.0,,0.0,0.0,0.0
2023-12-05,1455.0,0.0,0.0,0.0,0.0,1455.0,0.0,0.0,0.0,0.0,2920.4,0.0,0.0,0.0,0.0,687266666.0,687266666.0,169273780.0,0.0,0.0,,0.0,0.0,0.0
2023-12-06,1455.0,0.0,0.0,0.0,0.0,1455.0,0.0,0.0,0.0,0.0,2920.4,0.0,0.0,0.0,0.0,687266666.0,687266666.0,169273780.0,0.0,0.0,,0.0,0.0,0.0
2023-12-07,1455.0,0.0,0.0,0.0,0.0,1455.0,0.0,0.0,0.0,0.0,2920.4,0.0,0.0,0.0,0.0,687266666.0,687266666.0,169273780.0,0.0,0.0,,0.0,0.0,0.0
2023-12-08,1455.0,0.0,0.0,0.0,0.0,1455.0,0.0,0.0,0.0,0.0,2920.4,0.0,0.0,0.0,0.0,687266666.0,687266666.0,169273780.0,0.0,0.0,,0.0,0.0,0.0
2023-12-11,1455.0,0.0,0.0,0.0,0.0,1455.0,0.0,0.0,0.0,0.0,2920.4,0.0,0.0,0.0,0.0,687266666.0,687266666.0,169273780.0,0.0,0.0,,0.0,0.0,0.0
2023-12-12,1455.0,0.0,0.0,0.0,0.0,1455.0,0.0,0.0,0.0,0.0,2920.4,0.0,0.0,0.0,0.0,687266666.0,687266666.0,169273780.0,0.0,0.0,,0.0,0.0,0.0
2023-12-13,1455.0,0.0,0.0,0.0,0.0,1455.0,0.0,0.0,0.0,0.0,2920.4,0.0,0.0,0.0,0.0,687266666.0,687266666.0,169273780.0,0.0,0.0,,0.0,0.0,0.0
2023-12-14,1455.0,0.0,0.0,0.0,0.0,1455.0,0.0,0.0,0.0,0.0,2920.4,0.0,0.0,0.0,0.0,687266666.0,687266666.0,169273780.0,0.0,0.0,,0.0,0.0,0.0
2023-12-15,1455.0,0.0,0.0,0.0,0.0,1455.0,0.0,0.0,0.0,0.0,2920.4,0.0,0.0,0.0,0.0,687266666.0,687266666.0,169273780.0,0.0,0.0,,0.0,0.0,0.0
2023-12-18,1455.0,0.0,0.0,0.0,0.0,1455.0,0.0,0.0,0.0,0.0,2920.4,0.0,0.0,0.0,0.0,687266666.0,687266666.0,169273780.0,0.0,0.0,,0.0,0.0,0.0
2023-12-19,1455.0,0.0,0.0,0.0,0.0,1455.0,0.0,0.0,0.0,0.0,2920.4,0.0,0.0,0.0,0.0,687266666.0,687266666.0,169273780.0,0.0,0.0,,0.0,0.0,0.0
2023-12-20,1455.0,0.0,0.0,0.0,0.0,1455.0,0.0,0.0,0.0,0.0,2920.4,0.0,0.0,0.0,0.0,687266666.0,687266666.0,169273780.0,0.0,0.0,,0.0,0.0,0.0
2023-12-21,1455.0,0.0,0.0,0.0,0.0,1455.0,0.0,0.0,0.0,0.0,2920.4,0.0,0.0,0.0,0.0,687266666.0,687266666.0,169273780.0,0.0,0.0,,0.0,0.0,0.0
2023-12-22,1455.0,0.0,0.0,0.0,0.0,1455.0,0.0,0.0,0.0,0.0,2920.4,0.0,0.0,0.0,0.0,687266666.0,687266666.0,169273780.0,0.0,0.0,,0.0,0.0,0.0
2023-12-27,1455.0,0.0,0.0,0.0,0.0,1455.0,0.0,0.0,0.0,0.0,2920.4,0.0,0.0,0.0,0.0,687266666.0,687266666.0,169273780.0,0.0,0.0,,0.0,0.0,0.0
2023-12-28,1455.0,0.0,0.0,0.0,0.0,1455.0,0.0,0.0,0.0,0.0,2920.4,0.0,0.0,0.0,0.0,687266666.0,687266666.0,169273780.0,0.0,0.0,,0.0,0.0,0.0
2023-12-29,1455.0,0.0,0.0,0.0,0.0,1455.0,0.0,0.0,0.0,0.0,2920.4,0.0,0.0,0.0,0.0,687266666.0,687266666.0,169273780.0,0.0,0.0,,0.0,0.0,0.0
2024-01-02,1455.0,0.0,0.0,0.0,0.0,1455.0,0.0,0.0,0.0,0.0,2920.4,0.0,0.0,0.0,0.0,687266666.0,687266666.0,169273780.0,0.0,0.0,,0.0,0.0,0.0
2024-01-03,1455.0,0.0,0.0,0.0,0.0,1455.0,0.0,0.0,0.0,0.0,2920.4,0.0,0.0,0.0,0.0,687266666.0,687266666.0,169273780.0,0.0,0.0,,0.0,0.0,0.0
2024-01-04,1455.0,0.0,0.0,0.0,0.0,1455.0,0.0,0.0,0.0,0.0,2920.4,0.0,0.0,0.0,0.0,687266666.0,687266666.0,169273780.0,0.0,0.0,,0.0,0.0,0.0
2024-01-05,1455.0,0.0,0.0,0.0,0.0,1455.0,0.0,0.0,0.0,0.0,2920.4,0.0,0.0,0.0,0.0,687266666.0,687266666.0,169273780.0,0.0,0.0,,0.0,0.0,0.0
2024-01-08,1455.0,0.0,0.0,0.0,0.0,1455.0,0.0,0.0,0.0,0.0,2920.4,0.0,0.0,0.0,0.0,687266666.0,687266666.0,169273780.0,0.0,0.0,,0.0,0.0,0.0
2024-01-09,1455.0,0.0,0.0,0.0,0.0,1455.0,0.0,0.0,0.0,0.0,2920.4,0.0,0.0,0.0,0.0,687266666.0,687266666.0,169273780.0,0.0,0.0,,0.0,0.0,0.0
2024-01-10,1455.0,0.0,0.0,0.0,0.0,1455.0,0.0,0.0,0.0,0.0,2920.4,0.0,0.0,0.0,0.0,687266666.0,687266666.0,169273780.0,0.0,0.0,,0.0,0.0,0.0
2024-01-11,1455.0,0.0,0.0,0.0,0.0,1455.0,0.0,0.0,0.0,0.0,2920.4,0.0,0.0,0.0,0.0,687266666.0,687266666.0,169273780.0,0.0,0.0,,0.0,0.0,0.0
2024-01-12,1455.0,0.0,0.0,0.0,0.0,1455.0,0.0,0.0,0.0,0.0,2920.4,0.0,0.0,0.0,0.0,687266666.0,687266666.0,169273780.0,0.0,0.0,,0.0,0.0,0.0
2024-01-15,1455.0,0.0,0.0,0.0,0.0,1455.0,0.0,0.0,0.0,0.0,2920.4,0.0,0.0,0.0,0.0,687266666.0,687266666.0,169273780.0,0.0,0.0,,0.0,0.0,0.0
2024-01-16,1455.0,0.0,0.0,0.0,0.0,1455.0,0.0,0.0,0.0,0.0,2920.4,0.0,0.0,0.0,0.0,687266666.0,687266666.0,169273780.0,0.0,0.0,,0.0,0.0,0.0
2024-01-17,1455.0,0.0,0.0,0.0,0.0,1455.0,0.0,0.0,0.0,0.0,2920.4,0.0,0.0,0.0,0.0,687266666.0,687266666.0,169273780.0,0.0,0.0,,0.0,0.0,0.0
2024-01-18,1455.0,0.0,0.0,0.0,0.0,1455.0,0.0,0.0,0.0,0.0,2920.4,0.0,0.0,0.0,0.0,687266666.0,687266666.0,169273780.0,0.0,0.0,,0.0,0.0,0.0
2024-01-19,1455.0,0.0,0.0,0.0,0.0,1455.0,0.0,0.0,0.0,0.0,2920.4,0.0,0.0,0.0,0.0,687266666.0,687266666.0,169273780.0,0.0,0.0,,0.0,0.0,0.0
2024-01-22,1455.0,0.0,0.0,0.0,0.0,1455.0,0.0,0.0,0.0,0.0,2920.4,0.0,0.0,0.0,0.0,687266666.0,687266666.0,169273780.0,0.0,0.0,,0.0,0.0,0.0
2024-01-23,1455.0,0.0,0.0,0.0,0.0,1455.0,0.0,0.0,0.0,0.0,2920.4,0.0,0.0,0.0,0.0,687266666.0,687266666.0,169273780.0,0.0,0.0,,0.0,0.0,0.0
2024-01-24,1455.0,0.0,0.0,0.0,0.0,1455.0,0.0,0.0,0.0,0.0,2920.4,0.0,0.0,0.0,0.0,687266666.0,687266666.0,169273780.0,0.0,0.0,,0.0,0.0,0.0
2024-01-25,1455.0,0.0,0.0,0.0,0.0,1455.0,0.0,0.0,0.0,0.0,2920.4,0.0,0.0,0.0,0.0,687266666.0,687266666.0,169273780.0,0.0,0.0,,0.0,0.0,0.0
2024-01-26,1455.0,0.0,0.0,0.0,0.0,1455.0,0.0,0.0,0.0,0.0,2920.4,0.0,0.0,0.0,0.0,687266666.0,687266666.0,169273780.0,0.0,0.0,,0.0,0.0,0.0
2024-01-29,1455.0,0.0,0.0,0.0,0.0,1455.0,0.0,0.0,0.0,0.0,2920.4,0.0,0.0,0.0,0.0,687266666.0,687266666.0,169273780.0,0.0,0.0,,0.0,0.0,0.0
2024-01-30,1455.0,0.0,0.0,0.0,0.0,1455.0,0.0,0.0,0.0,0.0,2920.4,0.0,0.0,0.0,0.0,687266666.0,687266666.0,169273780.0,0.0,0.0,,0.0,0.0,0.0
2024-01-31,1455.0,0.0,0.0,0.0,0.0,1455.0,0.0,0.0,0.0,0.0,2920.4,0.0,0.0,0.0,0.0,687266666.0,687266666.0,169273780.0,0.0,0.0,,0.0,0.0,0.0
2024-02-01,1455.0,0.0,0.0,0.0,0.0,1455.0,0.0,0.0,0.0,0.0,2920.4,0.0,0.0,0.0,0.0,687266666.0,687266666.0,169273780.0,0.0,0.0,,0.0,0.0,0.0
2024-02-02,1455.0,0.0,0.0,0.0,0.0,1455.0,0.0,0.0,0.0,0.0,2920.4,0.0,0.0,0.0,0.0,687266666.0,687266666.0,169273780.0,0.0,0.0,,0.0,0.0,0.0
2024-02-05,1455.0,0.0,0.0,0.0,0.0,1455.0,0.0,0.0,0.0,0.0,2920.4,0.0,0.0,0.0,0.0,687266666.0,687266666.0,169273780.0,0.0,0.0,,0.0,0.0,0.0
2024-02-06,1455.0,0.0,0.0,0.0,0.0,1455.0,0.0,0.0,0.0,0.0,2920.4,0.0,0.0,0.0,0.0,687266666.0,687266666.0,169273780.0,0.0,0.0,,0.0,0.0,0.0
2024-02-07,1455.0,0.0,0.0,0.0,0.0,1455.0,0.0,0.0,0.0,0.0,2920.4,0.0,0.0,0.0,0.0,687266666.0,687266666.0,169273780.0,0.0,0.0,,0.0,0.0,0.0
2024-02-12,1455.0,0.0,0.0,0.0,0.0,1455.0,0.0,0.0,0.0,0.0,2920.4,0.0,0.0,0.0,0.0,687266666.0,687266666.0,169273780.0,0.0,0.0,,0.0,0.0,0.0
2024-02-13,1455.0,0.0,0.0,0.0,0.0,1455.0,0.0,0.0,0.0,0.0,2920.4,0.0,0.0,0.0,0.0,687266666.0,687266666.0,169273780.0,0.0,0.0,,0.0,0.0,0.0
2024-02-15,1455.0,0.0,0.0,0.0,0.0,1455.0,0.0,0.0,0.0,0.0,2920.4,0.0,0.0,0.0,0.0,687266666.0,687266666.0,169273780.0,0.0,0.0,,0.0,0.0,0.0
2024-02-16,1455.0,0.0,0.0,0.0,0.0,1455.0,0.0,0.0,0.0,0.0,2920.4,0.0,0.0,0.0,0.0,687266666.0,687266666.0,169273780.0,0.0,0.0,,0.0,0.0,0.0
2024-02-19,1455.0,0.0,0.0,0.0,0.0,1455.0,0.0,0.0,0.0,0.0,2920.4,0.0,0.0,0.0,0.0,687266666.0,687266666.0,169273780.0,0.0,0.0,,0.0,0.0,0.0
2024-02-20,1455.0,0.0,0.0,0.0,0.0,1455.0,0.0,0.0,0.0,0.0,2920.4,0.0,0.0,0.0,0.0,687266666.0,687266666.0,169273780.0,0.0,0.0,,0.0,0.0,0.0
2024-02-21,1455.0,0.0,0.0,0.0,0.0,1455.0,0.0,0.0,0.0,0.0,2920.4,0.0,0.0,0.0,0.0,687266666.0,687266666.0,169273780.0,0.0,0.0,,0.0,0.0,0.0
2024-02-22,1455.0,0.0,0.0,0.0,0.0,1455.0,0.0,0.0,0.0,0.0,2920.4,0.0,0.0,0.0,0.0,687266666.0,687266666.0,169273780.0,0.0,0.0,,0.0,0.0,0.0
2024-02-23,1455.0,0.0,0.0,0.0,0.0,1455.0,0.0,0.0,0.0,0.0,2920.4,0.0,0.0,0.0,0.0,687266666.0,687266666.0,169273780.0,0.0,0.0,,0.0,0.0,0.0
2024-02-26,1455.0,0.0,0.0,0.0,0.0,1455.0,0.0,0.0,0.0,0.0,2920.4,0.0,0.0,0.0,0.0,687266666.0,687266666.0,169273780.0,0.0,0.0,,0.0,0.0,0.0
2024-02-27,1455.0,0.0,0.0,0.0,0.0,1455.0,0.0,0.0,0.0,0.0,2920.4,0.0,0.0,0.0,0.0,687266666.0,687266666.0,169273780.0,0.0,0.0,,0.0,0.0,0.0
2024-02-28,1455.0,0.0,0.0,0.0,0.0,1455.0,0.0,0.0,0.0,0.0,2920.4,0.0,0.0,0.0,0.0,687266666.0,687266666.0,169273780.0,0.0,0.0,,0.0,0.0,0.0
2024-02-29,1455.0,0.0,0.0,0.0,0.0,1455.0,0.0,0.0,0.0,0.0,2920.4,0.0,0.0,0.0,0.0,687266666.0,687266666.0,169273780.0,0.0,0.0,,0.0,0.0,0.0
2024-03-01,1455.0,0.0,0.0,0.0,0.0,1455.0,0.0,0.0,0.0,0.0,2920.4,0.0,0.0,0.0,0.0,687266666.0,687266666.0,169273780.0,0.0,0.0,,0.0,0.0,0.0
2024-03-04,1455.0,0.0,0.0,0.0,0.0,1455.0,0.0,0.0,0.0,0.0,2920.4,0.0,0.0,0.0,0.0,687266666.0,687266666.0,169273780.0,0.0,0.0,,0.0,0.0,0.0
2024-03-05,1455.0,0.0,0.0,0.0,0.0,1455.0,0.0,0.0,0.0,0.0,2920.4,0.0,0.0,0.0,0.0,687266666.0,687266666.0,169273780.0,0.0,0.0,,0.0,0.0,0.0
2024-03-06,1455.0,0.0,0.0,0.0,0.0,1455.0,0.0,0.0,0.0,0.0,2920.4,0.0,0.0,0.0,0.0,687266666.0,687266666.0,169273780.0,0.0,0.0,,0.0,0.0,0.0
2024-03-07,1455.0,0.0,0.0,0.0,0.0,1455.0,0.0,0.0,0.0,0.0,2920.4,0.0,0.0,0.0,0.0,687266666.0,687266666.0,169273780.0,0.0,0.0,,0.0,0.0,0.0
2024-03-08,1455.0,0.0,0.0,0.0,0.0,1455.0,0.0,0.0,0.0,0.0,2920.4,0.0,0.0,0.0,0.0,687266666.0,687266666.0,169273780.0,0.0,0.0,,0.0,0.0,0.0
2024-03-13,1455.0,0.0,0.0,0.0,0.0,1455.0,0.0,0.0,0.0,0.0,2920.4,0.0,0.0,0.0,0.0,687266666.0,687266666.0,169273780.0,0.0,0.0,,0.0,0.0,0.0
2024-03-14,1455.0,0.0,0.0,0.0,0.0,1455.0,0.0,0.0,0.0,0.0,2920.4,0.0,0.0,0.0,0.0,687266666.0,687266666.0,169273780.0,0.0,0.0,,0.0,0.0,0.0
2024-03-15,1455.0,0.0,0.0,0.0,0.0,1455.0,0.0,0.0,0.0,0.0,2920.4,0.0,0.0,0.0,0.0,687266666.0,687266666.0,169273780.0,0.0,0.0,,0.0,0.0,0.0
2024-03-18,1455.0,0.0,0.0,0.0,0.0,1455.0,0.0,0.0,0.0,0.0,2920.4,0.0,0.0,0.0,0.0,687266666.0,687266666.0,169273780.0,0.0,0.0,,0.0,0.0,0.0
2024-03-19,1455.0,0.0,0.0,0.0,0.0,1455.0,0.0,0.0,0.0,0.0,2920.4,0.0,0.0,0.0,0.0,687266666.0,687266666.0,169273780.0,0.0,0.0,,0.0,0.0,0.0
2024-03-20,1455.0,0.0,0.0,0.0,0.0,1455.0,0.0,0.0,0.0,0.0,2920.4,0.0,0.0,0.0,0.0,687266666.0,687266666.0,169273780.0,0.0,0.0,,0.0,0.0,0.0
2024-03-21,1455.0,0.0,0.0,0.0,0.0,1455.0,0.0,0.0,0.0,0.0,2920.4,0.0,0.0,0.0,0.0,687266666.0,687266666.0,169273780.0,0.0,0.0,,0.0,0.0,0.0
2024-03-22,1455.0,0.0,0.0,0.0,0.0,1455.0,0.0,0.0,0.0,0.0,2920.4,0.0,0.0,0.0,0.0,687266666.0,687266666.0,169273780.0,0.0,0.0,,0.0,0.0,0.0
2024-03-25,1455.0,0.0,0.0,0.0,0.0,1455.0,0.0,0.0,0.0,0.0,2920.4,0.0,0.0,0.0,0.0,687266666.0,687266666.0,169273780.0,0.0,0.0,,0.0,0.0,0.0
2024-03-26,1455.0,0.0,0.0,0.0,0.0,1455.0,0.0,0.0,0.0,0.0,2920.4,0.0,0.0,0.0,0.0,687266666.0,687266666.0,169273780.0,0.0,0.0,,0.0,0.0,0.0
2024-03-27,1455.0,0.0,0.0,0.0,0.0,1455.0,0.0,0.0,0.0,0.0,2920.4,0.0,0.0,0.0,0.0,687266666.0,687266666.0,169273780.0,0.0,0.0,,0.0,0.0,0.0
2024-03-28,1455.0,0.0,0.0,0.0,0.0,1455.0,0.0,0.0,0.0,0.0,2920.4,0.0,0.0,0.0,0.0,687266666.0,687266666.0,169273780.0,0.0,0.0,,0.0,0.0,0.0
2024-04-01,1455.0,0.0,0.0,0.0,0.0,1455.0,0.0,0.0,0.0,0.0,2920.4,0.0,0.0,0.0,0.0,687266666.0,687266666.0,169273780.0,0.0,0.0,,0.0,0.0,0.0
2024-04-02,1455.0,0.0,0.0,0.0,0.0,1455.0,0.0,0.0,0.0,0.0,2920.4,0.0,0.0,0.0,0.0,687266666.0,687266666.0,169273780.0,0.0,0.0,,0.0,0.0,0.0
2024-04-03,1455.0,0.0,0.0,0.0,0.0,1455.0,0.0,0.0,0.0,0.0,2920.4,0.0,0.0,0.0,0.0,687266666.0,687266666.0,169273780.0,0.0,0.0,,0.0,0.0,0.0
2024-04-04,1455.0,0.0,0.0,0.0,0.0,1455.0,0.0,0.0,0.0,0.0,2920.4,0.0,0.0,0.0,0.0,687266666.0,687266666.0,169273780.0,0.0,0.0,,0.0,0.0,0.0
2024-04-05,1455.0,0.0,0.0,0.0,0.0,1455.0,0.0,0.0,0.0,0.0,2920.4,0.0,0.0,0.0,0.0,687266666.0,687266666.0,169273780.0,0.0,0.0,,0.0,0.0,0.0
2024-04-16,1455.0,0.0,0.0,0.0,0.0,1455.0,0.0,0.0,0.0,0.0,2920.4,0.0,0.0,0.0,0.0,687266666.0,687266666.0,169273780.0,0.0,0.0,,0.0,0.0,0.0
2024-04-17,1455.0,0.0,0.0,0.0,0.0,1455.0,0.0,0.0,0.0,0.0,2920.4,0.0,0.0,0.0,0.0,687266666.0,687266666.0,169273780.0,0.0,0.0,,0.0,0.0,0.0
2024-04-18,1455.0,0.0,0.0,0.0,0.0,1455.0,0.0,0.0,0.0,0.0,2920.4,0.0,0.0,0.0,0.0,687266666.0,687266666.0,169273780.0,0.0,0.0,,0.0,0.0,0.0
2024-04-19,1455.0,0.0,0.0,0.0,0.0,1455.0,0.0,0.0,0.0,0.0,2920.4,0.0,0.0,0.0,0.0,687266666.0,687266666.0,169273780.0,0.0,0.0,,0.0,0.0,0.0
2024-04-22,1455.0,0.0,0.0,0.0,0.0,1455.0,0.0,0.0,0.0,0.0,2920.4,0.0,0.0,0.0,0.0,687266666.0,687266666.0,169273780.0,0.0,0.0,,0.0,0.0,0.0
2024-04-23,1455.0,0.0,0.0,0.0,0.0,1455.0,0.0,0.0,0.0,0.0,2920.4,0.0,0.0,0.0,0.0,687266666.0,687266666.0,169273780.0,0.0,0.0,,0.0,0.0,0.0
2024-04-24,1455.0,0.0,0.0,0.0,0.0,1455.0,0.0,0.0,0.0,0.0,2920.4,0.0,0.0,0.0,0.0,687266666.0,687266666.0,169273780.0,0.0,0.0,,0.0,0.0,0.0
2024-04-25,1455.0,0.0,0.0,0.0,0.0,1455.0,0.0,0.0,0.0,0.0,2920.4,0.0,0.0,0.0,0.0,687266666.0,687266666.0,169273780.0,0.0,0.0,,0.0,0.0,0.0
2024-04-26,1455.0,0.0,0.0,0.0,0.0,1455.0,0.0,0.0,0.0,0.0,2920.4,0.0,0.0,0.0,0.0,687266666.0,687266666.0,169273780.0,0.0,0.0,,0.0,0.0,0.0
2024-04-29,1455.0,0.0,0.0,0.0,0.0,1455.0,0.0,0.0,0.0,0.0,2920.4,0.0,0.0,0.0,0.0,687266666.0,687266666.0,169273780.0,0.0,0.0,,0.0,0.0,0.0
2024-04-30,1455.0,0.0,0.0,0.0,0.0,1455.0,0.0,0.0,0.0,0.0,2920.4,0.0,0.0,0.0,0.0,687266666.0,687266666.0,169273780.0,0.0,0.0,,0.0,0.0,0.0
2024-05-02,1455.0,0.0,0.0,0.0,0.0,1455.0,0.0,0.0,0.0,0.0,2920.4,0.0,0.0,0.0,0.0,687266666.0,687266666.0,169273780.0,0.0,0.0,,0.0,0.0,0.0
2024-05-03,1455.0,0.0,0.0,0.0,0.0,1455.0,0.0,0.0,0.0,0.0,2920.4,0.0,0.0,0.0,0.0,687266666.0,687266666.0,169273780.0,0.0,0.0,,0.0,0.0,0.0
2024-05-06,1455.0,0.0,0.0,0.0,0.0,1455.0,0.0,0.0,0.0,0.0,2920.4,0.0,0.0,0.0,0.0,687266666.0,687266666.0,169273780.0,0.0,0.0,,0.0,0.0,0.0
2024-05-07,1455.0,0.0,0.0,0.0,0.0,1455.0,0.0,0.0,0.0,0.0,2920.4,0.0,0.0,0.0,0.0,687266666.0,687266666.0,169273780.0,0.0,0.0,,0.0,0.0,0.0
2024-05-08,1455.0,0.0,0.0,0.0,0.0,1455.0,0.0,0.0,0.0,0.0,2920.4,0.0,0.0,0.0,0.0,687266666.0,687266666.0,169273780.0,0.0,0.0,,0.0,0.0,0.0
2024-05-13,1455.0,0.0,0.0,0.0,0.0,1455.0,0.0,0.0,0.0,0.0,2920.4,0.0,0.0,0.0,0.0,687266666.0,687266666.0,169273780.0,0.0,0.0,,0.0,0.0,0.0
2024-05-14,1455.0,0.0,0.0,0.0,0.0,1455.0,0.0,0.0,0.0,0.0,2920.4,0.0,0.0,0.0,0.0,687266666.0,687266666.0,169273780.0,0.0,0.0,,0.0,0.0,0.0
2024-05-15,1455.0,0.0,0.0,0.0,0.0,1455.0,0.0,0.0,0.0,0.0,2920.4,0.0,0.0,0.0,0.0,687266666.0,687266666.0,169273780.0,0.0,0.0,,0.0,0.0,0.0
2024-05-16,1455.0,0.0,0.0,0.0,0.0,1455.0,0.0,0.0,0.0,0.0,2920.4,0.0,0.0,0.0,0.0,687266666.0,687266666.0,169273780.0,0.0,0.0,,0.0,0.0,0.0
2024-05-17,1455.0,0.0,0.0,0.0,0.0,1455.0,0.0,0.0,0.0,0.0,2920.4,0.0,0.0,0.0,0.0,687266666.0,687266666.0,169273780.0,0.0,0.0,,0.0,0.0,0.0
2024-05-20,1455.0,0.0,0.0,0.0,0.0,1455.0,0.0,0.0,0.0,0.0,2920.4,0.0,0.0,0.0,0.0,687266666.0,687266666.0,169273780.0,0.0,0.0,,0.0,0.0,0.0
2024-05-21,1455.0,0.0,0.0,0.0,0.0,1455.0,0.0,0.0,0.0,0.0,2920.4,0.0,0.0,0.0,0.0,687266666.0,687266666.0,169273780.0,0.0,0.0,,0.0,0.0,0.0
2024-05-22,1455.0,0.0,0.0,0.0,0.0,1455.0,0.0,0.0,0.0,0.0,2920.4,0.0,0.0,0.0,0.0,687266666.0,687266666.0,169273780.0,0.0,0.0,,0.0,0.0,0.0
2024-05-27,1455.0,0.0,0.0,0.0,0.0,1455.0,0.0,0.0,0.0,0.0,2920.4,0.0,0.0,0.0,0.0,687266666.0,687266666.0,169273780.0,0.0,0.0,,0.0,0.0,0.0
2024-05-28,1455.0,0.0,0.0,0.0,0.0,1455.0,0.0,0.0,0.0,0.0,2920.4,0.0,0.0,0.0,0.0,687266666.0,687266666.0,169273780.0,0.0,0.0,,0.0,0.0,0.0
2024-05-29,1455.0,0.0,0.0,0.0,0.0,1455.0,0.0,0.0,0.0,0.0,2920.4,0.0,0.0,0.0,0.0,687266666.0,687266666.0,169273780.0,0.0,0.0,,0.0,0.0,0.0
2024-05-30,1455.0,0.0,0.0,0.0,0.0,1455.0,0.0,0.0,0.0,0.0,2920.4,0.0,0.0,0.0,0.0,687266666.0,687266666.0,169273780.0,0.0,0.0,,0.0,0.0,0.0
2024-05-31,1455.0,0.0,0.0,0.0,0.0,1455.0,0.0,0.0,0.0,0.0,2920.4,0.0,0.0,0.0,0.0,687266666.0,687266666.0,169273780.0,0.0,0.0,,0.0,0.0,0.0
2024-06-03,1455.0,0.0,0.0,0.0,0.0,1455.0,0.0,0.0,0.0,0.0,2920.4,0.0,0.0,0.0,0.0,687266666.0,687266666.0,169273780.0,0.0,0.0,,0.0,0.0,0.0
2024-06-04,1455.0,0.0,0.0,0.0,0.0,1455.0,0.0,0.0,0.0,0.0,2920.4,0.0,0.0,0.0,0.0,687266666.0,687266666.0,169273780.0,0.0,0.0,,0.0,0.0,0.0
2024-06-05,1455.0,0.0,0.0,0.0,0.0,1455.0,0.0,0.0,0.0,0.0,2920.4,0.0,0.0,0.0,0.0,687266666.0,687266666.0,169273780.0,0.0,0.0,,0.0,0.0,0.0
2024-06-06,1455.0,0.0,0.0,0.0,0.0,1455.0,0.0,0.0,0.0,0.0,2920.4,0.0,0.0,0.0,0.0,687266666.0,687266666.0,169273780.0,0.0,0.0,,0.0,0.0,0.0
2024-06-07,1455.0,0.0,0.0,0.0,0.0,1455.0,0.0,0.0,0.0,0.0,2920.4,0.0,0.0,0.0,0.0,687266666.0,687266666.0,169273780.0,0.0,0.0,,0.0,0.0,0.0
2024-06-10,1455.0,0.0,0.0,0.0,0.0,1455.0,0.0,0.0,0.0,0.0,2920.4,0.0,0.0,0.0,0.0,687266666.0,687266666.0,169273780.0,0.0,0.0,,0.0,0.0,0.0
2024-06-11,1455.0,0.0,0.0,0.0,0.0,1455.0,0.0,0.0,0.0,0.0,2920.4,0.0,0.0,0.0,0.0,687266666.0,687266666.0,169273780.0,0.0,0.0,,0.0,0.0,0.0
2024-06-12,1455.0,0.0,0.0,0.0,0.0,1455.0,0.0,0.0,0.0,0.0,2920.4,0.0,0.0,0.0,0.0,687266666.0,687266666.0,169273780.0,0.0,0.0,,0.0,0.0,0.0
2024-06-13,1455.0,0.0,0.0,0.0,0.0,1455.0,0.0,0.0,0.0,0.0,2920.4,0.0,0.0,0.0,0.0,687266666.0,687266666.0,169273780.0,0.0,0.0,,0.0,0.0,0.0
2024-06-14,1455.0,0.0,0.0,0.0,0.0,1455.0,0.0,0.0,0.0,0.0,2920.4,0.0,0.0,0.0,0.0,687266666.0,687266666.0,169273780.0,0.0,0.0,,0.0,0.0,0.0
2024-06-19,1455.0,0.0,0.0,0.0,0.0,1455.0,0.0,0.0,0.0,0.0,2920.4,0.0,0.0,0.0,0.0,687266666.0,687266666.0,169273780.0,0.0,0.0,,0.0,0.0,0.0
2024-06-20,1455.0,0.0,0.0,0.0,0.0,1455.0,0.0,0.0,0.0,0.0,2920.4,0.0,0.0,0.0,0.0,687266666.0,687266666.0,169273780.0,0.0,0.0,,0.0,0.0,0.0
2024-06-21,1455.0,0.0,0.0,0.0,0.0,1455.0,0.0,0.0,0.0,0.0,2920.4,0.0,0.0,0.0,0.0,687266666.0,687266666.0,169273780.0,0.0,0.0,,0.0,0.0,0.0
2024-06-24,1455.0,0.0,0.0,0.0,0.0,1455.0,0.0,0.0,0.0,0.0,2920.4,0.0,0.0,0.0,0.0,687266666.0,687266666.0,169273780.0,0.0,0.0,,0.0,0.0,0.0
2024-06-25,1455.0,0.0,0.0,0.0,0.0,1455.0,0.0,0.0,0.0,0.0,2920.4,0.0,0.0,0.0,0.0,687266666.0,687266666.0,169273780.0,0.0,0.0,,0.0,0.0,0.0
2024-06-26,1455.0,0.0,0.0,0.0,0.0,1455.0,0.0,0.0,0.0,0.0,2920.4,0.0,0.0,0.0,0.0,687266666.0,687266666.0,169273780.0,0.0,0.0,,0.0,0.0,0.0
2024-06-27,1455.0,0.0,0.0,0.0,0.0,1455.0,0.0,0.0,0.0,0.0,2920.4,0.0,0.0,0.0,0.0,687266666.0,687266666.0,169273780.0,0.0,0.0,,0.0,0.0,0.0
2024-06-28,1455.0,0.0,0.0,0.0,0.0,1455.0,0.0,0.0,0.0,0.0,2920.4,0.0,0.0,0.0,0.0,687266666.0,687266666.0,169273780.0,0.0,0.0,,0.0,0.0,0.0
2024-07-01,1455.0,0.0,0.0,0.0,0.0,1455.0,0.0,0.0,0.0,0.0,2920.4,0.0,0.0,0.0,0.0,687266666.0,687266666.0,169273780.0,0.0,0.0,,0.0,0.0,0.0
2024-07-02,1455.0,0.0,0.0,0.0,0.0,1455.0,0.0,0.0,0.0,0.0,2920.4,0.0,0.0,0.0,0.0,687266666.0,687266666.0,169273780.0,0.0,0.0,,0.0,0.0,0.0
2024-07-03,1455.0,0.0,0.0,0.0,0.0,1455.0,0.0,0.0,0.0,0.0,2920.4,0.0,0.0,0.0,0.0,687266666.0,687266666.0,169273780.0,0.0,0.0,,0.0,0.0,0.0
2024-07-04,1455.0,0.0,0.0,0.0,0.0,1455.0,0.0,0.0,0.0,0.0,2920.4,0.0,0.0,0.0,0.0,687266666.0,687266666.0,169273780.0,0.0,0.0,,0.0,0.0,0.0
2024-07-05,1455.0,0.0,0.0,0.0,0.0,1455.0,0.0,0.0,0.0,0.0,2920.4,0.0,0.0,0.0,0.0,687266666.0,687266666.0,169273780.0,0.0,0.0,,0.0,0.0,0.0
2024-07-08,1455.0,0.0,0.0,0.0,0.0,1455.0,0.0,0.0,0.0,0.0,2920.4,0.0,0.0,0.0,0.0,687266666.0,687266666.0,169273780.0,0.0,0.0,,0.0,0.0,0.0
2024-07-09,1455.0,0.0,0.0,0.0,0.0,1455.0,0.0,0.0,0.0,0.0,2920.4,0.0,0.0,0.0,0.0,687266666.0,687266666.0,169273780.0,0.0,0.0,,0.0,0.0,0.0
2024-07-10,1455.0,0.0,0.0,0.0,0.0,1455.0,0.0,0.0,0.0,0.0,2920.4,0.0,0.0,0.0,0.0,687266666.0,687266666.0,169273780.0,0.0,0.0,,0.0,0.0,0.0
2024-07-11,1455.0,0.0,0.0,0.0,0.0,1455.0,0.0,0.0,0.0,0.0,2920.4,0.0,0.0,0.0,0.0,687266666.0,687266666.0,169273780.0,0.0,0.0,,0.0,0.0,0.0
2024-07-12,1455.0,0.0,0.0,0.0,0.0,1455.0,0.0,0.0,0.0,0.0,2920.4,0.0,0.0,0.0,0.0,687266666.0,687266666.0,169273780.0,0.0,0.0,,0.0,0.0,0.0
2024-07-15,1455.0,0.0,0.0,0.0,0.0,1455.0,0.0,0.0,0.0,0.0,2920.4,0.0,0.0,0.0,0.0,687266666.0,687266666.0,169273780.0,0.0,0.0,,0.0,0.0,0.0
2024-07-16,1455.0,0.0,0.0,0.0,0.0,1455.0,0.0,0.0,0.0,0.0,2920.4,0.0,0.0,0.0,0.0,687266666.0,687266666.0,169273780.0,0.0,0.0,,0.0,0.0,0.0
2024-07-17,1455.0,0.0,0.0,0.0,0.0,1455.0,0.0,0.0,0.0,0.0,2920.4,0.0,0.0,0.0,0.0,687266666.0,687266666.0,169273780.0,0.0,0.0,,0.0,0.0,0.0
2024-07-18,1455.0,0.0,0.0,0.0,0.0,1455.0,0.0,0.0,0.0,0.0,2920.4,0.0,0.0,0.0,0.0,687266666.0,687266666.0,169273780.0,0.0,0.0,,0.0,0.0,0.0
2024-07-19,1455.0,0.0,0.0,0.0,0.0,1455.0,0.0,0.0,0.0,0.0,2920.4,0.0,0.0,0.0,0.0,687266666.0,687266666.0,169273780.0,0.0,0.0,,0.0,0.0,0.0
2024-07-22,1455.0,0.0,0.0,0.0,0.0,1455.0,0.0,0.0,0.0,0.0,2920.4,0.0,0.0,0.0,0.0,687266666.0,687266666.0,169273780.0,0.0,0.0,,0.0,0.0,0.0
2024-07-23,1455.0,0.0,0.0,0.0,0.0,1455.0,0.0,0.0,0.0,0.0,2920.4,0.0,0.0,0.0,0.0,687266666.0,687266666.0,169273780.0,0.0,0.0,,0.0,0.0,0.0
2024-07-24,1455.0,0.0,0.0,0.0,0.0,1455.0,0.0,0.0,0.0,0.0,2920.4,0.0,0.0,0.0,0.0,687266666.0,687266666.0,169273780.0,0.0,0.0,,0.0,0.0,0.0
2024-07-25,1455.0,0.0,0.0,0.0,0.0,1455.0,0.0,0.0,0.0,0.0,2920.4,0.0,0.0,0.0,0.0,687266666.0,687266666.0,169273780.0,0.0,0.0,,0.0,0.0,0.0
2024-07-26,1455.0,0.0,0.0,0.0,0.0,1455.0,0.0,0.0,0.0,0.0,2920.4,0.0,0.0,0.0,0.0,687266666.0,687266666.0,169273780.0,0.0,0.0,,0.0,0.0,0.0
2024-07-29,1455.0,0.0,0.0,0.0,0.0,1455.0,0.0,0.0,0.0,0.0,2920.4,0.0,0.0,0.0,0.0,687266666.0,687266666.0,169273780.0,0.0,0.0,,0.0,0.0,0.0
2024-07-30,1455.0,0.0,0.0,0.0,0.0,1455.0,0.0,0.0,0.0,0.0,2920.4,0.0,0.0,0.0,0.0,687266666.0,687266666.0,169273780.0,0.0,0.0,,0.0,0.0,0.0
2024-07-31,1455.0,0.0,0.0,0.0,0.0,1455.0,0.0,0.0,0.0,0.0,2920.4,0.0,0.0,0.0,0.0,687266666.0,687266666.0,169273780.0,0.0,0.0,,0.0,0.0,0.0
2024-08-01,1455.0,0.0,0.0,0.0,0.0,1455.0,0.0,0.0,0.0,0.0,2920.4,0.0,0.0,0.0,0.0,687266666.0,687266666.0,169273780.0,0.0,0.0,,0.0,0.0,0.0
2024-08-02,1455.0,0.0,0.0,0.0,0.0,1455.0,0.0,0.0,0.0,0.0,2920.4,0.0,0.0,0.0,0.0,687266666.0,687266666.0,169273780.0,0.0,0.0,,0.0,0.0,0.0
2024-08-05,1455.0,0.0,0.0,0.0,0.0,1455.0,0.0,0.0,0.0,0.0,2920.4,0.0,0.0,0.0,0.0,687266666.0,687266666.0,169273780.0,0.0,0.0,,0.0,0.0,0.0
2024-08-06,1455.0,0.0,0.0,0.0,0.0,1455.0,0.0,0.0,0.0,0.0,2920.4,0.0,0.0,0.0,0.0,687266666.0,687266666.0,169273780.0,0.0,0.0,,0.0,0.0,0.0
2024-08-07,1455.0,0.0,0.0,0.0,0.0,1455.0,0.0,0.0,0.0,0.0,2920.4,0.0,0.0,0.0,0.0,687266666.0,687266666.0,169273780.0,0.0,0.0,,0.0,0.0,0.0
2024-08-08,1455.0,0.0,0.0,0.0,0.0,1455.0,0.0,0.0,0.0,0.0,2920.4,0.0,0.0,0.0,0.0,687266666.0,687266666.0,169273780.0,0.0,0.0,,0.0,0.0,0.0
2024-08-09,1455.0,0.0,0.0,0.0,0.0,1455.0,0.0,0.0,0.0,0.0,2920.4,0.0,0.0,0.0,0.0,687266666.0,687266666.0,169273780.0,0.0,0.0,,0.0,0.0,0.0
2024-08-12,1455.0,0.0,0.0,0.0,0.0,1455.0,0.0,0.0,0.0,0.0,2920.4,0.0,0.0,0.0,0.0,687266666.0,687266666.0,169273780.0,0.0,0.0,,0.0,0.0,0.0
2024-08-13,1455.0,0.0,0.0,0.0,0.0,1455.0,0.0,0.0,0.0,0.0,2920.4,0.0,0.0,0.0,0.0,687266666.0,687266666.0,169273780.0,0.0,0.0,,0.0,0.0,0.0
2024-08-14,1455.0,0.0,0.0,0.0,0.0,1455.0,0.0,0.0,0.0,0.0,2920.4,0.0,0.0,0.0,0.0,687266666.0,687266666.0,169273780.0,0.0,0.0,,0.0,0.0,0.0
2024-08-15,1455.0,0.0,0.0,0.0,0.0,1455.0,0.0,0.0,0.0,0.0,2920.4,0.0,0.0,0.0,0.0,687266666.0,687266666.0,169273780.0,0.0,0.0,,0.0,0.0,0.0
2024-08-16,1455.0,0.0,0.0,0.0,0.0,1455.0,0.0,0.0,0.0,0.0,2920.4,0.0,0.0,0.0,0.0,687266666.0,687266666.0,169273780.0,0.0,0.0,,0.0,0.0,0.0
2024-08-19,1455.0,0.0,0.0,0.0,0.0,1455.0,0.0,0.0,0.0,0.0,2920.4,0.0,0.0,0.0,0.0,687266666.0,687266666.0,169273780.0,0.0,0.0,,0.0,0.0,0.0
2024-08-20,1455.0,0.0,0.0,0.0,0.0,1455.0,0.0,0.0,0.0,0.0,2920.4,0.0,0.0,0.0,0.0,687266666.0,687266666.0,169273780.0,0.0,0.0,,0.0,0.0,0.0
2024-08-21,1455.0,0.0,0.0,0.0,0.0,1455.0,0.0,0.0,0.0,0.0,2920.4,0.0,0.0,0.0,0.0,687266666.0,687266666.0,169273780.0,0.0,0.0,,0.0,0.0,0.0
2024-08-22,1455.0,0.0,0.0,0.0,0.0,1455.0,0.0,0.0,0.0,0.0,2920.4,0.0,0.0,0.0,0.0,687266666.0,687266666.0,169273780.0,0.0,0.0,,0.0,0.0,0.0
2024-08-23,1455.0,0.0,0.0,0.0,0.0,1455.0,0.0,0.0,0.0,0.0,2920.4,0.0,0.0,0.0,0.0,687266666.0,687266666.0,169273780.0,0.0,0.0,,0.0,0.0,0.0
2024-08-26,1455.0,0.0,0.0,0.0,0.0,1455.0,0.0,0.0,0.0,0.0,2920.4,0.0,0.0,0.0,0.0,687266666.0,687266666.0,169273780.0,0.0,0.0,,0.0,0.0,0.0
2024-08-27,1455.0,0.0,0.0,0.0,0.0,1455.0,0.0,0.0,0.0,0.0,2920.4,0.0,0.0,0.0,0.0,687266666.0,687266666.0,169273780.0,0.0,0.0,,0.0,0.0,0.0
2024-08-28,1455.0,0.0,0.0,0.0,0.0,1455.0,0.0,0.0,0.0,0.0,2920.4,0.0,0.0,0.0,0.0,687266666.0,687266666.0,169273780.0,0.0,0.0,,0.0,0.0,0.0
2024-08-29,1455.0,0.0,0.0,0.0,0.0,1455.0,0.0,0.0,0.0,0.0,2920.4,0.0,0.0,0.0,0.0,687266666.0,687266666.0,169273780.0,0.0,0.0,,0.0,0.0,0.0
2024-08-30,1455.0,0.0,0.0,0.0,0.0,1455.0,0.0,0.0,0.0,0.0,2920.4,0.0,0.0,0.0,0.0,687266666.0,687266666.0,169273780.0,0.0,0.0,,0.0,0.0,0.0
2024-09-02,1455.0,0.0,0.0,0.0,0.0,1455.0,0.0,0.0,0.0,0.0,2920.4,0.0,0.0,0.0,0.0,687266666.0,687266666.0,169273780.0,0.0,0.0,,0.0,0.0,0.0
2024-09-03,1455.0,0.0,0.0,0.0,0.0,1455.0,0.0,0.0,0.0,0.0,2920.4,0.0,0.0,0.0,0.0,687266666.0,687266666.0,169273780.0,0.0,0.0,,0.0,0.0,0.0
2024-09-04,1455.0,0.0,0.0,0.0,0.0,1455.0,0.0,0.0,0.0,0.0,2920.4,0.0,0.0,0.0,0.0,687266666.0,687266666.0,169273780.0,0.0,0.0,,0.0,0.0,0.0
2024-09-05,1455.0,0.0,0.0,0.0,0.0,1455.0,0.0,0.0,0.0,0.0,2920.4,0.0,0.0,0.0,0.0,687266666.0,687266666.0,169273780.0,0.0,0.0,,0.0,0.0,0.0
2024-09-06,1455.0,0.0,0.0,0.0,0.0,1455.0,0.0,0.0,0.0,0.0,2920.4,0.0,0.0,0.0,0.0,687266666.0,687266666.0,169273780.0,0.0,0.0,,0.0,0.0,0.0
2024-09-09,1455.0,0.0,0.0,0.0,0.0,1455.0,0.0,0.0,0.0,0.0,2920.4,0.0,0.0,0.0,0.0,687266666.0,687266666.0,169273780.0,0.0,0.0,,0.0,0.0,0.0
2024-09-10,1455.0,0.0,0.0,0.0,0.0,1455.0,0.0,0.0,0.0,0.0,2920.4,0.0,0.0,0.0,0.0,687266666.0,687266666.0,169273780.0,0.0,0.0,,0.0,0.0,0.0
2024-09-11,1455.0,0.0,0.0,0.0,0.0,1455.0,0.0,0.0,0.0,0.0,2920.4,0.0,0.0,0.0,0.0,687266666.0,687266666.0,169273780.0,0.0,0.0,,0.0,0.0,0.0
2024-09-12,1455.0,0.0,0.0,0.0,0.0,1455.0,0.0,0.0,0.0,0.0,2920.4,0.0,0.0,0.0,0.0,687266666.0,687266666.0,169273780.0,0.0,0.0,,0.0,0.0,0.0
2024-09-13,1455.0,0.0,0.0,0.0,0.0,1455.0,0.0,0.0,0.0,0.0,2920.4,0.0,0.0,0.0,0.0,687266666.0,687266666.0,169273780.0,0.0,0.0,,0.0,0.0,0.0
2024-09-17,1455.0,0.0,0.0,0.0,0.0,1455.0,0.0,0.0,0.0,0.0,2920.4,0.0,0.0,0.0,0.0,687266666.0,687266666.0,169273780.0,0.0,0.0,,0.0,0.0,0.0
2024-09-18,1455.0,0.0,0.0,0.0,0.0,1455.0,0.0,0.0,0.0,0.0,2920.4,0.0,0.0,0.0,0.0,687266666.0,687266666.0,169273780.0,0.0,0.0,,0.0,0.0,0.0
2024-09-19,1455.0,0.0,0.0,0.0,0.0,1455.0,0.0,0.0,0.0,0.0,2920.4,0.0,0.0,0.0,0.0,687266666.0,687266666.0,169273780.0,0.0,0.0,,0.0,0.0,0.0
2024-09-20,1455.0,0.0,0.0,0.0,0.0,1455.0,0.0,0.0,0.0,0.0,2920.4,0.0,0.0,0.0,0.0,687266666.0,687266666.0,169273780.0,0.0,0.0,,0.0,0.0,0.0
2024-09-23,1455.0,0.0,0.0,0.0,0.0,1455.0,0.0,0.0,0.0,0.0,2920.4,0.0,0.0,0.0,0.0,687266666.0,687266666.0,169273780.0,0.0,0.0,,0.0,0.0,0.0
2024-09-24,1455.0,0.0,0.0,0.0,0.0,1455.0,0.0,0.0,0.0,0.0,2920.4,0.0,0.0,0.0,0.0,687266666.0,687266666.0,169273780.0,0.0,0.0,,0.0,0.0,0.0
2024-09-25,1455.0,0.0,0.0,0.0,0.0,1455.0,0.0,0.0,0.0,0.0,2920.4,0.0,0.0,0.0,0.0,687266666.0,687266666.0,169273780.0,0.0,0.0,,0.0,0.0,0.0
2024-09-26,1455.0,0.0,0.0,0.0,0.0,1455.0,0.0,0.0,0.0,0.0,2920.4,0.0,0.0,0.0,0.0,687266666.0,687266666.0,169273780.0,0.0,0.0,,0.0,0.0,0.0
2024-09-27,1455.0,0.0,0.0,0.0,0.0,1455.0,0.0,0.0,0.0,0.0,2920.4,0.0,0.0,0.0,0.0,687266666.0,687266666.0,169273780.0,0.0,0.0,,0.0,0.0,0.0
2024-09-30,1455.0,0.0,0.0,0.0,0.0,1455.0,0.0,0.0,0.0,0.0,2920.4,0.0,0.0,0.0,0.0,687266666.0,687266666.0,169273780.0,0.0,0.0,,0.0,0.0,0.0
2024-10-01,1455.0,0.0,0.0,0.0,0.0,1455.0,0.0,0.0,0.0,0.0,2920.4,0.0,0.0,0.0,0.0,687266666.0,687266666.0,169273780.0,0.0,0.0,,0.0,0.0,0.0
2024-10-02,1455.0,0.0,0.0,0.0,0.0,1455.0,0.0,0.0,0.0,0.0,2920.4,0.0,0.0,0.0,0.0,687266666.0,687266666.0,169273780.0,0.0,0.0,,0.0,0.0,0.0
2024-10-03,1455.0,0.0,0.0,0.0,0.0,1455.0,0.0,0.0,0.0,0.0,2920.4,0.0,0.0,0.0,0.0,687266666.0,687266666.0,169273780.0,0.0,0.0,,0.0,0.0,0.0
2024-10-04,1455.0,0.0,0.0,0.0,0.0,1455.0,0.0,0.0,0.0,0.0,2920.4,0.0,0.0,0.0,0.0,687266666.0,687266666.0,169273780.0,0.0,0.0,,0.0,0.0,0.0
2024-10-07,1455.0,0.0,0.0,0.0,0.0,1455.0,0.0,0.0,0.0,0.0,2920.4,0.0,0.0,0.0,0.0,687266666.0,687266666.0,169273780.0,0.0,0.0,,0.0,0.0,0.0
2024-10-08,1455.0,0.0,0.0,0.0,0.0,1455.0,0.0,0.0,0.0,0.0,2920.4,0.0,0.0,0.0,0.0,687266666.0,687266666.0,169273780.0,0.0,0.0,,0.0,0.0,0.0
2024-10-09,1455.0,0.0,0.0,0.0,0.0,1455.0,0.0,0.0,0.0,0.0,2920.4,0.0,0.0,0.0,0.0,687266666.0,687266666.0,169273780.0,0.0,0.0,,0.0,0.0,0.0
2024-10-10,1455.0,0.0,0.0,0.0,0.0,1455.0,0.0,0.0,0.0,0.0,2920.4,0.0,0.0,0.0,0.0,687266666.0,687266666.0,169273780.0,0.0,0.0,,0.0,0.0,0.0
2024-10-11,1455.0,0.0,0.0,0.0,0.0,1455.0,0.0,0.0,0.0,0.0,2920.4,0.0,0.0,0.0,0.0,687266666.0,687266666.0,169273780.0,0.0,0.0,,0.0,0.0,0.0
2024-10-14,1455.0,0.0,0.0,0.0,0.0,1455.0,0.0,0.0,0.0,0.0,2920.4,0.0,0.0,0.0,0.0,687266666.0,687266666.0,169273780.0,0.0,0.0,,0.0,0.0,0.0
2024-10-15,1455.0,0.0,0.0,0.0,0.0,1455.0,0.0,0.0,0.0,0.0,2920.4,0.0,0.0,0.0,0.0,687266666.0,687266666.0,169273780.0,0.0,0.0,,0.0,0.0,0.0
2024-10-16,1455.0,0.0,0.0,0.0,0.0,1455.0,0.0,0.0,0.0,0.0,2920.4,0.0,0.0,0.0,0.0,687266666.0,687266666.0,169273780.0,0.0,0.0,,0.0,0.0,0.0
2024-10-17,1455.0,0.0,0.0,0.0,0.0,1455.0,0.0,0.0,0.0,0.0,2920.4,0.0,0.0,0.0,0.0,687266666.0,687266666.0,169273780.0,0.0,0.0,,0.0,0.0,0.0
2024-10-18,1455.0,0.0,0.0,0.0,0.0,1455.0,0.0,0.0,0.0,0.0,2920.4,0.0,0.0,0.0,0.0,687266666.0,687266666.0,169273780.0,0.0,0.0,,0.0,0.0,0.0
2024-10-21,1455.0,0.0,0.0,0.0,0.0,1455.0,0.0,0.0,0.0,0.0,2920.4,0.0,0.0,0.0,0.0,687266666.0,687266666.0,169273780.0,0.0,0.0,,0.0,0.0,0.0
2024-10-22,1455.0,0.0,0.0,0.0,0.0,1455.0,0.0,0.0,0.0,0.0,2920.4,0.0,0.0,0.0,0.0,687266666.0,687266666.0,169273780.0,0.0,0.0,,0.0,0.0,0.0
2024-10-23,1455.0,0.0,0.0,0.0,0.0,1455.0,0.0,0.0,0.0,0.0,2920.4,0.0,0.0,0.0,0.0,687266666.0,687266666.0,169273780.0,0.0,0.0,,0.0,0.0,0.0
2024-10-24,1455.0,0.0,0.0,0.0,0.0,1455.0,0.0,0.0,0.0,0.0,2920.4,0.0,0.0,0.0,0.0,687266666.0,687266666.0,169273780.0,0.0,0.0,,0.0,0.0,0.0
2024-10-25,1455.0,0.0,0.0,0.0,0.0,1455.0,0.0,0.0,0.0,0.0,2920.4,0.0,0.0,0.0,0.0,687266666.0,687266666.0,169273780.0,0.0,0.0,,0.0,0.0,0.0
2024-10-28,1455.0,0.0,0.0,0.0,0.0,1455.0,0.0,0.0,0.0,0.0,2920.4,0.0,0.0,0.0,0.0,687266666.0,687266666.0,169273780.0,0.0,0.0,,0.0,0.0,0.0
2024-10-29,1455.0,0.0,0.0,0.0,0.0,1455.0,0.0,0.0,0.0,0.0,2920.4,0.0,0.0,0.0,0.0,687266666.0,687266666.0,169273780.0,0.0,0.0,,0.0,0.0,0.0
2024-10-30,1455.0,0.0,0.0,0.0,0.0,1455.0,0.0,0.0,0.0,0.0,2920.4,0.0,0.0,0.0,0.0,687266666.0,687266666.0,169273780.0,0.0,0.0,,0.0,0.0,0.0
2024-10-31,1455.0,0.0,0.0,0.0,0.0,1455.0,0.0,0.0,0.0,0.0,2920.4,0.0,0.0,0.0,0.0,687266666.0,687266666.0,169273780.0,0.0,0.0,,0.0,0.0,0.0
2024-11-01,1455.0,0.0,0.0,0.0,0.0,1455.0,0.0,0.0,0.0,0.0,2920.4,0.0,0.0,0.0,0.0,687266666.0,687266666.0,169273780.0,0.0,0.0,,0.0,0.0,0.0
2024-11-04,1455.0,0.0,0.0,0.0,0.0,1455.0,0.0,0.0,0.0,0.0,2920.4,0.0,0.0,0.0,0.0,687266666.0,687266666.0,169273780.0,0.0,0.0,,0.0,0.0,0.0
2024-11-05,1455.0,0.0,0.0,0.0,0.0,1455.0,0.0,0.0,0.0,0.0,2920.4,0.0,0.0,0.0,0.0,687266666.0,687266666.0,169273780.0,0.0,0.0,,0.0,0.0,0.0
2024-11-06,1455.0,0.0,0.0,0.0,0.0,1455.0,0.0,0.0,0.0,0.0,2920.4,0.0,0.0,0.0,0.0,687266666.0,687266666.0,169273780.0,0.0,0.0,,0.0,0.0,0.0
2024-11-07,1455.0,0.0,0.0,0.0,0.0,1455.0,0.0,0.0,0.0,0.0,2920.4,0.0,0.0,0.0,0.0,687266666.0,687266666.0,169273780.0,0.0,0.0,,0.0,0.0,0.0
2024-11-08,1455.0,0.0,0.0,0.0,0.0,1455.0,0.0,0.0,0.0,0.0,2920.4,0.0,0.0,0.0,0.0,687266666.0,687266666.0,169273780.0,0.0,0.0,,0.0,0.0,0.0
2024-11-11,1455.0,0.0,0.0,0.0,0.0,1455.0,0.0,0.0,0.0,0.0,2920.4,0.0,0.0,0.0,0.0,687266666.0,687266666.0,169273780.0,0.0,0.0,,0.0,0.0,0.0
2024-11-12,1455.0,0.0,0.0,0.0,0.0,1455.0,0.0,0.0,0.0,0.0,2920.4,0.0,0.0,0.0,0.0,687266666.0,687266666.0,169273780.0,0.0,0.0,,0.0,0.0,0.0
2024-11-13,1455.0,0.0,0.0,0.0,0.0,1455.0,0.0,0.0,0.0,0.0,2920.4,0.0,0.0,0.0,0.0,687266666.0,687266666.0,169273780.0,0.0,0.0,,0.0,0.0,0.0
2024-11-14,1455.0,0.0,0.0,0.0,0.0,1455.0,0.0,0.0,0.0,0.0,2920.4,0.0,0.0,0.0,0.0,687266666.0,687266666.0,169273780.0,0.0,0.0,,0.0,0.0,0.0
2024-11-15,1455.0,0.0,0.0,0.0,0.0,1455.0,0.0,0.0,0.0,0.0,2920.4,0.0,0.0,0.0,0.0,687266666.0,687266666.0,169273780.0,0.0,0.0,,0.0,0.0,0.0
2024-11-18,1455.0,0.0,0.0,0.0,0.0,1455.0,0.0,0.0,0.0,0.0,2920.4,0.0,0.0,0.0,0.0,687266666.0,687266666.0,169273780.0,0.0,0.0,,0.0,0.0,0.0
2024-11-19,1455.0,0.0,0.0,0.0,0.0,1455.0,0.0,0.0,0.0,0.0,2920.4,0.0,0.0,0.0,0.0,687266666.0,687266666.0,169273780.0,0.0,0.0,,0.0,0.0,0.0
2024-11-20,1455.0,0.0,0.0,0.0,0.0,1455.0,0.0,0.0,0.0,0.0,2920.4,0.0,0.0,0.0,0.0,687266666.0,687266666.0,169273780.0,0.0,0.0,,0.0,0.0,0.0
2024-11-21,1455.0,0.0,0.0,0.0,0.0,1455.0,0.0,0.0,0.0,0.0,2920.4,0.0,0.0,0.0,0.0,687266666.0,687266666.0,169273780.0,0.0,0.0,,0.0,0.0,0.0
2024-11-22,1455.0,0.0,0.0,0.0,0.0,1455.0,0.0,0.0,0.0,0.0,2920.4,0.0,0.0,0.0,0.0,687266666.0,687266666.0,169273780.0,0.0,0.0,,0.0,0.0,0.0
2024-11-25,1455.0,0.0,0.0,0.0,0.0,1455.0,0.0,0.0,0.0,0.0,2920.4,0.0,0.0,0.0,0.0,687266666.0,687266666.0,169273780.0,0.0,0.0,,0.0,0.0,0.0
2024-11-26,1455.0,0.0,0.0,0.0,0.0,1455.0,0.0,0.0,0.0,0.0,2920.4,0.0,0.0,0.0,0.0,687266666.0,687266666.0,169273780.0,0.0,0.0,,0.0,0.0,0.0
2024-11-28,1455.0,0.0,0.0,0.0,0.0,1455.0,0.0,0.0,0.0,0.0,2920.4,0.0,0.0,0.0,0.0,687266666.0,687266666.0,169273780.0,0.0,0.0,,0.0,0.0,0.0
2024-11-29,1455.0,0.0,0.0,0.0,0.0,1455.0,0.0,0.0,0.0,0.0,2920.4,0.0,0.0,0.0,0.0,687266666.0,687266666.0,169273780.0,0.0,0.0,,0.0,0.0,0.0
2024-12-02,1455.0,0.0,0.0,0.0,0.0,1455.0,0.0,0.0,0.0,0.0,2920.4,0.0,0.0,0.0,0.0,687266666.0,687266666.0,169273780.0,0.0,0.0,,0.0,0.0,0.0
2024-12-03,1455.0,0.0,0.0,0.0,0.0,1455.0,0.0,0.0,0.0,0.0,2920.4,0.0,0.0,0.0,0.0,687266666.0,687266666.0,169273780.0,0.0,0.0,,0.0,0.0,0.0
2024-12-04,1455.0,0.0,0.0,0.0,0.0,1455.0,0.0,0.0,0.0,0.0,2920.4,0.0,0.0,0.0,0.0,687266666.0,687266666.0,169273780.0,0.0,0.0,,0.0,0.0,0.0
2024-12-05,1455.0,0.0,0.0,0.0,0.0,1455.0,0.0,0.0,0.0,0.0,2920.4,0.0,0.0,0.0,0.0,687266666.0,687266666.0,169273780.0,0.0,0.0,,0.0,0.0,0.0
2024-12-06,1455.0,0.0,0.0,0.0,0.0,1455.0,0.0,0.0,0.0,0.0,2920.4,0.0,0.0,0.0,0.0,687266666.0,687266666.0,169273780.0,0.0,0.0,,0.0,0.0,0.0
2024-12-09,1455.0,0.0,0.0,0.0,0.0,1455.0,0.0,0.0,0.0,0.0,2920.4,0.0,0.0,0.0,0.0,687266666.0,687266666.0,169273780.0,0.0,0.0,,0.0,0.0,0.0
2024-12-10,1455.0,0.0,0.0,0.0,0.0,1455.0,0.0,0.0,0.0,0.0,2920.4,0.0,0.0,0.0,0.0,687266666.0,687266666.0,169273780.0,0.0,0.0,,0.0,0.0,0.0
2024-12-11,1455.0,0.0,0.0,0.0,0.0,1455.0,0.0,0.0,0.0,0.0,2920.4,0.0,0.0,0.0,0.0,687266666.0,687266666.0,169273780.0,0.0,0.0,,0.0,0.0,0.0
2024-12-12,1455.0,0.0,0.0,0.0,0.0,1455.0,0.0,0.0,0.0,0.0,2920.4,0.0,0.0,0.0,0.0,687266666.0,687266666.0,169273780.0,0.0,0.0,,0.0,0.0,0.0
2024-12-13,1455.0,0.0,0.0,0.0,0.0,1455.0,0.0,0.0,0.0,0.0,2920.4,0.0,0.0,0.0,0.0,687266666.0,687266666.0,169273780.0,0.0,0.0,,0.0,0.0,0.0
2024-12-16,1455.0,0.0,0.0,0.0,0.0,1455.0,0.0,0.0,0.0,0.0,2920.4,0.0,0.0,0.0,0.0,687266666.0,687266666.0,169273780.0,0.0,0.0,,0.0,0.0,0.0
2024-12-17,1455.0,0.0,0.0,0.0,0.0,1455.0,0.0,0.0,0.0,0.0,2920.4,0.0,0.0,0.0,0.0,687266666.0,687266666.0,169273780.0,0.0,0.0,,0.0,0.0,0.0
2024-12-18,1455.0,0.0,0.0,0.0,0.0,1455.0,0.0,0.0,0.0,0.0,2920.4,0.0,0.0,0.0,0.0,687266666.0,687266666.0,169273780.0,0.0,0.0,,0.0,0.0,0.0
2024-12-19,1455.0,0.0,0.0,0.0,0.0,1455.0,0.0,0.0,0.0,0.0,2920.4,0.0,0.0,0.0,0.0,687266666.0,687266666.0,169273780.0,0.0,0.0,,0.0,0.0,0.0
2024-12-20,1455.0,0.0,0.0,0.0,0.0,1455.0,0.0,0.0,0.0,0.0,2920.4,0.0,0.0,0.0,0.0,687266666.0,687266666.0,169273780.0,0.0,0.0,,0.0,0.0,0.0
2024-12-23,1455.0,0.0,0.0,0.0,0.0,1455.0,0.0,0.0,0.0,0.0,2920.4,0.0,0.0,0.0,0.0,687266666.0,687266666.0,169273780.0,0.0,0.0,,0.0,0.0,0.0
2024-12-24,1455.0,0.0,0.0,0.0,0.0,1455.0,0.0,0.0,0.0,0.0,2920.4,0.0,0.0,0.0,0.0,687266666.0,687266666.0,169273780.0,0.0,0.0,,0.0,0.0,0.0
2024-12-27,1455.0,0.0,0.0,0.0,0.0,1455.0,0.0,0.0,0.0,0.0,2920.4,0.0,0.0,0.0,0.0,687266666.0,687266666.0,169273780.0,0.0,0.0,,0.0,0.0,0.0
2024-12-30,1455.0,0.0,0.0,0.0,0.0,1455.0,0.0,0.0,0.0,0.0,2920.4,0.0,0.0,0.0,0.0,687266666.0,687266666.0,169273780.0,0.0,0.0,,0.0,0.0,0.0
2025-01-02,1455.0,0.0,0.0,0.0,0.0,1455.0,0.0,0.0,0.0,0.0,2920.4,0.0,0.0,0.0,0.0,687266666.0,687266666.0,169273780.0,0.0,0.0,,0.0,0.0,0.0
2025-01-03,1455.0,0.0,0.0,0.0,0.0,1455.0,0.0,0.0,0.0,0.0,2920.4,0.0,0.0,0.0,0.0,687266666.0,687266666.0,169273780.0,0.0,0.0,,0.0,0.0,0.0
2025-01-06,1455.0,0.0,0.0,0.0,0.0,1455.0,0.0,0.0,0.0,0.0,2920.4,0.0,0.0,0.0,0.0,687266666.0,687266666.0,169273780.0,0.0,0.0,,0.0,0.0,0.0
2025-01-07,1455.0,0.0,0.0,0.0,0.0,1455.0,0.0,0.0,0.0,0.0,2920.4,0.0,0.0,0.0,0.0,687266666.0,687266666.0,169273780.0,0.0,0.0,,0.0,0.0,0.0
2025-01-08,1455.0,0.0,0.0,0.0,0.0,1455.0,0.0,0.0,0.0,0.0,2920.4,0.0,0.0,0.0,0.0,687266666.0,687266666.0,169273780.0,0.0,0.0,,0.0,0.0,0.0
2025-01-09,1455.0,0.0,0.0,0.0,0.0,1455.0,0.0,0.0,0.0,0.0,2920.4,0.0,0.0,0.0,0.0,687266666.0,687266666.0,169273780.0,0.0,0.0,,0.0,0.0,0.0
2025-01-10,1455.0,0.0,0.0,0.0,0.0,1455.0,0.0,0.0,0.0,0.0,2920.4,0.0,0.0,0.0,0.0,687266666.0,687266666.0,169273780.0,0.0,0.0,,0.0,0.0,0.0
2025-01-13,1455.0,0.0,0.0,0.0,0.0,1455.0,0.0,0.0,0.0,0.0,2920.4,0.0,0.0,0.0,0.0,687266666.0,687266666.0,169273780.0,0.0,0.0,,0.0,0.0,0.0
2025-01-14,1455.0,0.0,0.0,0.0,0.0,1455.0,0.0,0.0,0.0,0.0,2920.4,0.0,0.0,0.0,0.0,687266666.0,687266666.0,169273780.0,0.0,0.0,,0.0,0.0,0.0
2025-01-15,1455.0,0.0,0.0,0.0,0.0,1455.0,0.0,0.0,0.0,0.0,2920.4,0.0,0.0,0.0,0.0,687266666.0,687266666.0,169273780.0,0.0,0.0,,0.0,0.0,0.0
2025-01-16,1455.0,0.0,0.0,0.0,0.0,1455.0,0.0,0.0,0.0,0.0,2920.4,0.0,0.0,0.0,0.0,687266666.0,687266666.0,169273780.0,0.0,0.0,,0.0,0.0,0.0
2025-01-17,1455.0,0.0,0.0,0.0,0.0,1455.0,0.0,0.0,0.0,0.0,2920.4,0.0,0.0,0.0,0.0,687266666.0,687266666.0,169273780.0,0.0,0.0,,0.0,0.0,0.0
2025-01-20,1455.0,0.0,0.0,0.0,0.0,1455.0,0.0,0.0,0.0,0.0,2920.4,0.0,0.0,0.0,0.0,687266666.0,687266666.0,169273780.0,0.0,0.0,,0.0,0.0,0.0
2025-01-21,1455.0,0.0,0.0,0.0,0.0,1455.0,0.0,0.0,0.0,0.0,2920.4,0.0,0.0,0.0,0.0,687266666.0,687266666.0,169273780.0,0.0,0.0,,0.0,0.0,0.0
2025-01-22,1455.0,0.0,0.0,0.0,0.0,1455.0,0.0,0.0,0.0,0.0,2920.4,0.0,0.0,0.0,0.0,687266666.0,687266666.0,169273780.0,0.0,0.0,,0.0,0.0,0.0
2025-01-23,1455.0,0.0,0.0,0.0,0.0,1455.0,0.0,0.0,0.0,0.0,2920.4,0.0,0.0,0.0,0.0,687266666.0,687266666.0,169273780.0,0.0,0.0,,0.0,0.0,0.0
2025-01-24,1455.0,0.0,0.0,0.0,0.0,1455.0,0.0,0.0,0.0,0.0,2920.4,0.0,0.0,0.0,0.0,687266666.0,687266666.0,169273780.0,0.0,0.0,,0.0,0.0,0.0
2025-01-30,1455.0,0.0,0.0,0.0,0.0,1455.0,0.0,0.0,0.0,0.0,2920.4,0.0,0.0,0.0,0.0,687266666.0,687266666.0,169273780.0,0.0,0.0,,0.0,0.0,0.0
2025-01-31,1455.0,0.0,0.0,0.0,0.0,1455.0,0.0,0.0,0.0,0.0,2920.4,0.0,0.0,0.0,0.0,687266666.0,687266666.0,169273780.0,0.0,0.0,,0.0,0.0,0.0
2025-02-03,1455.0,0.0,0.0,0.0,0.0,1455.0,0.0,0.0,0.0,0.0,2920.4,0.0,0.0,0.0,0.0,687266666.0,687266666.0,169273780.0,0.0,0.0,,0.0,0.0,0.0
2025-02-04,1455.0,0.0,0.0,0.0,0.0,1455.0,0.0,0.0,0.0,0.0,2920.4,0.0,0.0,0.0,0.0,687266666.0,687266666.0,169273780.0,0.0,0.0,,0.0,0.0,0.0
2025-02-05,1455.0,0.0,0.0,0.0,0.0,1455.0,0.0,0.0,0.0,0.0,2920.4,0.0,0.0,0.0,0.0,687266666.0,687266666.0,169273780.0,0.0,0.0,,0.0,0.0,0.0
2025-02-06,1455.0,0.0,0.0,0.0,0.0,1455.0,0.0,0.0,0.0,0.0,2920.4,0.0,0.0,0.0,0.0,687266666.0,687266666.0,169273780.0,0.0,0.0,,0.0,0.0,0.0
2025-02-07,1455.0,0.0,0.0,0.0,0.0,1455.0,0.0,0.0,0.0,0.0,2920.4,0.0,0.0,0.0,0.0,687266666.0,687266666.0,169273780.0,0.0,0.0,,0.0,0.0,0.0
2025-02-10,1455.0,0.0,0.0,0.0,0.0,1455.0,0.0,0.0,0.0,0.0,2920.4,0.0,0.0,0.0,0.0,687266666.0,687266666.0,169273780.0,0.0,0.0,,0.0,0.0,0.0
2025-02-11,1455.0,0.0,0.0,0.0,0.0,1455.0,0.0,0.0,0.0,0.0,2920.4,0.0,0.0,0.0,0.0,687266666.0,687266666.0,169273780.0,0.0,0.0,,0.0,0.0,0.0
2025-02-12,1455.0,0.0,0.0,0.0,0.0,1455.0,0.0,0.0,0.0,0.0,2920.4,0.0,0.0,0.0,0.0,687266666.0,687266666.0,169273780.0,0.0,0.0,,0.0,0.0,0.0
2025-02-13,1455.0,0.0,0.0,0.0,0.0,1455.0,0.0,0.0,0.0,0.0,2920.4,0.0,0.0,0.0,0.0,687266666.0,687266666.0,169273780.0,0.0,0.0,,0.0,0.0,0.0
2025-02-14,1455.0,0.0,0.0,0.0,0.0,1455.0,0.0,0.0,0.0,0.0,2920.4,0.0,0.0,0.0,0.0,687266666.0,687266666.0,169273780.0,0.0,0.0,,0.0,0.0,0.0
2025-02-17,1455.0,0.0,0.0,0.0,0.0,1455.0,0.0,0.0,0.0,0.0,2920.4,0.0,0.0,0.0,0.0,687266666.0,687266666.0,169273780.0,0.0,0.0,,0.0,0.0,0.0
2025-02-18,1455.0,0.0,0.0,0.0,0.0,1455.0,0.0,0.0,0.0,0.0,2920.4,0.0,0.0,0.0,0.0,687266666.0,687266666.0,169273780.0,0.0,0.0,,0.0,0.0,0.0
2025-02-19,1455.0,0.0,0.0,0.0,0.0,1455.0,0.0,0.0,0.0,0.0,2920.4,0.0,0.0,0.0,0.0,687266666.0,687266666.0,169273780.0,0.0,0.0,,0.0,0.0,0.0
2025-02-20,1455.0,0.0,0.0,0.0,0.0,1455.0,0.0,0.0,0.0,0.0,2920.4,0.0,0.0,0.0,0.0,687266666.0,687266666.0,169273780.0,0.0,0.0,,0.0,0.0,0.0
2025-02-21,1455.0,0.0,0.0,0.0,0.0,1455.0,0.0,0.0,0.0,0.0,2920.4,0.0,0.0,0.0,0.0,687266666.0,687266666.0,169273780.0,0.0,0.0,,0.0,0.0,0.0
2025-02-24,1455.0,0.0,0.0,0.0,0.0,1455.0,0.0,0.0,0.0,0.0,2920.4,0.0,0.0,0.0,0.0,687266666.0,687266666.0,169273780.0,0.0,0.0,,0.0,0.0,0.0
2025-02-25,1455.0,0.0,0.0,0.0,0.0,1455.0,0.0,0.0,0.0,0.0,2920.4,0.0,0.0,0.0,0.0,687266666.0,687266666.0,169273780.0,0.0,0.0,,0.0,0.0,0.0
2025-02-26,1455.0,0.0,0.0,0.0,0.0,1455.0,0.0,0.0,0.0,0.0,2920.4,0.0,0.0,0.0,0.0,687266666.0,687266666.0,169273780.0,0.0,0.0,,0.0,0.0,0.0
2025-02-27,1455.0,0.0,0.0,0.0,0.0,1455.0,0.0,0.0,0.0,0.0,2920.4,0.0,0.0,0.0,0.0,687266666.0,687266666.0,169273780.0,0.0,0.0,,0.0,0.0,0.0
2025-02-28,1455.0,0.0,0.0,0.0,0.0,1455.0,0.0,0.0,0.0,0.0,2920.4,0.0,0.0,0.0,0.0,687266666.0,687266666.0,169273780.0,0.0,0.0,,0.0,0.0,0.0
2025-03-03,1455.0,0.0,0.0,0.0,0.0,1455.0,0.0,0.0,0.0,0.0,2920.4,0.0,0.0,0.0,0.0,687266666.0,687266666.0,169273780.0,0.0,0.0,,0.0,0.0,0.0
2025-03-04,1455.0,0.0,0.0,0.0,0.0,1455.0,0.0,0.0,0.0,0.0,2920.4,0.0,0.0,0.0,0.0,687266666.0,687266666.0,169273780.0,0.0,0.0,,0.0,0.0,0.0
2025-03-05,1455.0,0.0,0.0,0.0,0.0,1455.0,0.0,0.0,0.0,0.0,2920.4,0.0,0.0,0.0,0.0,687266666.0,687266666.0,169273780.0,0.0,0.0,,0.0,0.0,0.0
2025-03-06,1455.0,0.0,0.0,0.0,0.0,1455.0,0.0,0.0,0.0,0.0,2920.4,0.0,0.0,0.0,0.0,687266666.0,687266666.0,169273780.0,0.0,0.0,,0.0,0.0,0.0
2025-03-07,1455.0,0.0,0.0,0.0,0.0,1455.0,0.0,0.0,0.0,0.0,2920.4,0.0,0.0,0.0,0.0,687266666.0,687266666.0,169273780.0,0.0,0.0,,0.0,0.0,0.0
2025-03-10,1455.0,0.0,0.0,0.0,0.0,1455.0,0.0,0.0,0.0,0.0,2920.4,0.0,0.0,0.0,0.0,687266666.0,687266666.0,169273780.0,0.0,0.0,,0.0,0.0,0.0
2025-03-11,1455.0,0.0,0.0,0.0,0.0,1455.0,0.0,0.0,0.0,0.0,2920.4,0.0,0.0,0.0,0.0,687266666.0,687266666.0,169273780.0,0.0,0.0,,0.0,0.0,0.0
2025-03-12,1455.0,0.0,0.0,0.0,0.0,1455.0,0.0,0.0,0.0,0.0,2920.4,0.0,0.0,0.0,0.0,687266666.0,687266666.0,169273780.0,0.0,0.0,,0.0,0.0,0.0
2025-03-13,1455.0,0.0,0.0,0.0,0.0,1455.0,0.0,0.0,0.0,0.0,2920.4,0.0,0.0,0.0,0.0,687266666.0,687266666.0,169273780.0,0.0,0.0,,0.0,0.0,0.0
2025-03-14,1455.0,0.0,0.0,0.0,0.0,1455.0,0.0,0.0,0.0,0.0,2920.4,0.0,0.0,0.0,0.0,687266666.0,687266666.0,169273780.0,0.0,0.0,,0.0,0.0,0.0
2025-03-17,1455.0,0.0,0.0,0.0,0.0,1455.0,0.0,0.0,0.0,0.0,2920.4,0.0,0.0,0.0,0.0,687266666.0,687266666.0,169273780.0,0.0,0.0,,0.0,0.0,0.0
2025-03-18,1455.0,0.0,0.0,0.0,0.0,1455.0,0.0,0.0,0.0,0.0,2920.4,0.0,0.0,0.0,0.0,687266666.0,687266666.0,169273780.0,0.0,0.0,,0.0,0.0,0.0
2025-03-19,1455.0,0.0,0.0,0.0,0.0,1455.0,0.0,0.0,0.0,0.0,2920.4,0.0,0.0,0.0,0.0,687266666.0,687266666.0,169273780.0,0.0,0.0,,0.0,0.0,0.0
2025-03-20,1455.0,0.0,0.0,0.0,0.0,1455.0,0.0,0.0,0.0,0.0,2920.4,0.0,0.0,0.0,0.0,687266666.0,687266666.0,169273780.0,0.0,0.0,,0.0,0.0,0.0
2025-03-21,1455.0,0.0,0.0,0.0,0.0,1455.0,0.0,0.0,0.0,0.0,2920.4,0.0,0.0,0.0,0.0,687266666.0,687266666.0,169273780.0,0.0,0.0,,0.0,0.0,0.0
2025-03-24,1455.0,0.0,0.0,0.0,0.0,1455.0,0.0,0.0,0.0,0.0,2920.4,0.0,0.0,0.0,0.0,687266666.0,687266666.0,169273780.0,0.0,0.0,,0.0,0.0,0.0
2025-03-25,1455.0,0.0,0.0,0.0,0.0,1455.0,0.0,0.0,0.0,0.0,2920.4,0.0,0.0,0.0,0.0,687266666.0,687266666.0,169273780.0,0.0,0.0,,0.0,0.0,0.0
2025-03-26,1455.0,0.0,0.0,0.0,0.0,1455.0,0.0,0.0,0.0,0.0,2920.4,0.0,0.0,0.0,0.0,687266666.0,687266666.0,169273780.0,0.0,0.0,,0.0,0.0,0.0
2025-03-27,1455.0,0.0,0.0,0.0,0.0,1455.0,0.0,0.0,0.0,0.0,2920.4,0.0,0.0,0.0,0.0,687266666.0,687266666.0,169273780.0,0.0,0.0,,0.0,0.0,0.0
2025-04-08,1455.0,0.0,0.0,0.0,0.0,1455.0,0.0,0.0,0.0,0.0,2920.4,0.0,0.0,0.0,0.0,687266666.0,687266666.0,169273780.0,0.0,0.0,,0.0,0.0,0.0
2025-04-09,1455.0,0.0,0.0,0.0,0.0,1455.0,0.0,0.0,0.0,0.0,2920.4,0.0,0.0,0.0,0.0,687266666.0,687266666.0,169273780.0,0.0,0.0,,0.0,0.0,0.0
2025-04-10,1455.0,0.0,0.0,0.0,0.0,1455.0,0.0,0.0,0.0,0.0,2920.4,0.0,0.0,0.0,0.0,687266666.0,687266666.0,169273780.0,0.0,0.0,,0.0,0.0,0.0
2025-04-11,1455.0,0.0,0.0,0.0,0.0,1455.0,0.0,0.0,0.0,0.0,2920.4,0.0,0.0,0.0,0.0,687266666.0,687266666.0,169273780.0,0.0,0.0,,0.0,0.0,0.0
2025-04-14,1455.0,0.0,0.0,0.0,0.0,1455.0,0.0,0.0,0.0,0.0,2920.4,0.0,0.0,0.0,0.0,687266666.0,687266666.0,169273780.0,0.0,0.0,,0.0,0.0,0.0
2025-04-15,1455.0,0.0,0.0,0.0,0.0,1455.0,0.0,0.0,0.0,0.0,2920.4,0.0,0.0,0.0,0.0,687266666.0,687266666.0,169273780.0,0.0,0.0,,0.0,0.0,0.0
2025-04-16,1455.0,0.0,0.0,0.0,0.0,1455.0,0.0,0.0,0.0,0.0,2920.4,0.0,0.0,0.0,0.0,687266666.0,687266666.0,169273780.0,0.0,0.0,,0.0,0.0,0.0
2025-04-17,1455.0,0.0,0.0,0.0,0.0,1455.0,0.0,0.0,0.0,0.0,2920.4,0.0,0.0,0.0,0.0,687266666.0,687266666.0,169273780.0,0.0,0.0,,0.0,0.0,0.0
2025-04-21,1455.0,0.0,0.0,0.0,0.0,1455.0,0.0,0.0,0.0,0.0,2920.4,0.0,0.0,0.0,0.0,687266666.0,687266666.0,169273780.0,0.0,0.0,,0.0,0.0,0.0
2025-04-22,1455.0,0.0,0.0,0.0,0.0,1455.0,0.0,0.0,0.0,0.0,2920.4,1455.0,2000.0,0.0,0.0,687266666.0,687266666.0,169273780.0,0.0,0.0,,0.0,0.0,0.0
2025-04-23,1455.0,0.0,0.0,1455.0,1455.0,1455.0,0.0,100.0,145500.0,1.0,2920.4,1455.0,200.0,1310.0,100.0,687266666.0,687266666.0,169273780.0,0.0,0.0,,0.0,0.0,0.0
2025-04-24,1455.0,0.0,0.0,0.0,0.0,1455.0,0.0,0.0,0.0,0.0,2920.4,1455.0,2100.0,1310.0,100.0,687266666.0,687266666.0,169273780.0,0.0,0.0,,0.0,0.0,0.0
2025-04-25,1455.0,0.0,0.0,0.0,0.0,1455.0,0.0,0.0,0.0,0.0,2920.4,1455.0,2200.0,1310.0,100.0,687266666.0,687266666.0,169273780.0,0.0,0.0,,0.0,0.0,0.0
2025-04-28,1455.0,0.0,0.0,0.0,0.0,1455.0,0.0,0.0,0.0,0.0,2920.4,1455.0,2200.0,1310.0,100.0,687266666.0,687266666.0,169273780.0,0.0,0.0,,0.0,0.0,0.0
2025-04-29,1455.0,0.0,0.0,0.0,0.0,1455.0,0.0,0.0,0.0,0.0,2920.4,1455.0,2100.0,1310.0,100.0,687266666.0,687266666.0,169273780.0,0.0,0.0,,0.0,0.0,0.0
2025-04-30,1455.0,0.0,0.0,0.0,0.0,1455.0,0.0,0.0,0.0,0.0,2920.4,1400.0,600.0,0.0,0.0,687266666.0,687266666.0,169273780.0,0.0,0.0,,0.0,0.0,0.0
2025-05-02,1455.0,0.0,0.0,0.0,0.0,1455.0,0.0,0.0,0.0,0.0,2920.4,1455.0,2100.0,1310.0,100.0,687266666.0,687266666.0,169273780.0,0.0,0.0,,0.0,0.0,0.0
2025-05-05,1455.0,0.0,0.0,0.0,0.0,1455.0,0.0,0.0,0.0,0.0,2920.4,1455.0,2300.0,1310.0,100.0,687266666.0,687266666.0,169273780.0,0.0,0.0,,0.0,0.0,0.0
2025-05-06,1455.0,0.0,0.0,0.0,0.0,1455.0,0.0,0.0,0.0,0.0,2920.4,1455.0,2000.0,0.0,0.0,687266666.0,687266666.0,169273780.0,0.0,0.0,,0.0,0.0,0.0
2025-05-07,1455.0,0.0,0.0,0.0,0.0,1455.0,0.0,0.0,0.0,0.0,2920.4,1455.0,2100.0,1310.0,100.0,687266666.0,687266666.0,169273780.0,0.0,0.0,,0.0,0.0,0.0
2025-05-08,1455.0,0.0,0.0,0.0,0.0,1455.0,0.0,0.0,0.0,0.0,2920.4,1455.0,2100.0,1440.0,100.0,687266666.0,687266666.0,169273780.0,0.0,0.0,,0.0,0.0,0.0
2025-05-09,1455.0,0.0,0.0,0.0,0.0,1455.0,0.0,0.0,0.0,0.0,2920.4,1455.0,2100.0,1310.0,100.0,687266666.0,687266666.0,169273780.0,0.0,0.0,,0.0,0.0,0.0
2025-05-14,1455.0,0.0,0.0,0.0,0.0,1455.0,0.0,0.0,0.0,0.0,2920.4,1455.0,2200.0,1310.0,100.0,687266666.0,687266666.0,169273780.0,0.0,0.0,,0.0,0.0,0.0
2025-05-15,1455.0,0.0,0.0,0.0,0.0,1455.0,0.0,0.0,0.0,0.0,2920.4,1455.0,5400.0,0.0,0.0,687266666.0,687266666.0,169273780.0,0.0,0.0,,0.0,0.0,0.0
2025-05-16,1455.0,0.0,0.0,0.0,0.0,1455.0,0.0,0.0,0.0,0.0,2920.4,1455.0,2200.0,1310.0,100.0,687266666.0,687266666.0,169273780.0,0.0,0.0,,0.0,0.0,0.0
2025-05-19,1455.0,0.0,0.0,0.0,0.0,1455.0,0.0,0.0,0.0,0.0,2920.4,1455.0,2100.0,1310.0,100.0,687266666.0,687266666.0,169273780.0,0.0,0.0,,0.0,0.0,0.0
2025-05-20,1455.0,0.0,0.0,0.0,0.0,1455.0,0.0,0.0,0.0,0.0,2920.4,1455.0,5200.0,1310.0,100.0,687266666.0,687266666.0,169273780.0,0.0,0.0,,0.0,0.0,0.0
2025-05-21,1455.0,0.0,0.0,0.0,0.0,1455.0,0.0,0.0,0.0,0.0,2920.4,1455.0,2500.0,1310.0,100.0,687266666.0,687266666.0,169273780.0,0.0,0.0,,0.0,0.0,0.0
2025-05-22,1455.0,0.0,0.0,0.0,0.0,1455.0,0.0,0.0,0.0,0.0,2920.4,1455.0,2100.0,0.0,0.0,687266666.0,687266666.0,169273780.0,0.0,0.0,,0.0,0.0,0.0
2025-05-23,1455.0,0.0,0.0,0.0,0.0,1455.0,0.0,0.0,0.0,0.0,2920.4,1455.0,2500.0,1310.0,100.0,687266666.0,687266666.0,169273780.0,0.0,0.0,,0.0,0.0,0.0
2025-05-26,1455.0,0.0,0.0,0.0,0.0,1455.0,0.0,0.0,0.0,0.0,2920.4,1455.0,2500.0,1310.0,100.0,687266666.0,687266666.0,169273780.0,0.0,0.0,,0.0,0.0,0.0
2025-05-27,1455.0,0.0,0.0,1455.0,1455.0,1455.0,0.0,100.0,145500.0,1.0,2920.4,1455.0,3000.0,1310.0,100.0,687266666.0,687266666.0,169273780.0,0.0,0.0,,0.0,0.0,0.0
2025-05-28,1455.0,0.0,0.0,0.0,0.0,1455.0,0.0,0.0,0.0,0.0,2920.4,1455.0,2000.0,1310.0,100.0,687266666.0,687266666.0,169273780.0,0.0,0.0,,0.0,0.0,0.0
2025-06-02,1455.0,0.0,0.0,0.0,0.0,1455.0,0.0,0.0,0.0,0.0,2920.4,1455.0,2000.0,0.0,0.0,687266666.0,687266666.0,169273780.0,0.0,0.0,,0.0,0.0,0.0
2025-06-03,1455.0,0.0,0.0,0.0,0.0,1455.0,0.0,0.0,0.0,0.0,2920.4,1455.0,2000.0,0.0,0.0,687266666.0,687266666.0,169273780.0,0.0,0.0,,0.0,0.0,0.0
2025-06-04,1455.0,0.0,0.0,0.0,0.0,1455.0,0.0,0.0,0.0,0.0,2920.4,1400.0,500.0,1310.0,100.0,687266666.0,687266666.0,169273780.0,0.0,0.0,,0.0,0.0,0.0
2025-06-05,1455.0,0.0,0.0,0.0,0.0,1455.0,0.0,0.0,0.0,0.0,2920.4,1350.0,6400.0,0.0,0.0,687266666.0,687266666.0,169273780.0,0.0,0.0,,0.0,0.0,0.0
2025-06-10,1455.0,0.0,0.0,0.0,0.0,1455.0,0.0,0.0,0.0,0.0,2920.4,1455.0,2200.0,1310.0,100.0,687266666.0,687266666.0,169273780.0,0.0,0.0,,0.0,0.0,0.0
2025-06-11,1455.0,0.0,0.0,0.0,0.0,1455.0,0.0,0.0,0.0,0.0,2920.4,1435.0,700.0,1310.0,100.0,687266666.0,687266666.0,169273780.0,0.0,0.0,,0.0,0.0,0.0
2025-06-12,1455.0,0.0,0.0,0.0,0.0,1455.0,0.0,0.0,0.0,0.0,2920.4,1455.0,2300.0,1310.0,100.0,687266666.0,687266666.0,169273780.0,0.0,0.0,,0.0,0.0,0.0
2025-06-13,1455.0,0.0,0.0,0.0,0.0,1455.0,0.0,0.0,0.0,0.0,2920.4,1455.0,2200.0,1310.0,100.0,687266666.0,687266666.0,169273780.0,0.0,0.0,,0.0,0.0,0.0
2025-06-16,1455.0,0.0,0.0,0.0,0.0,1455.0,0.0,0.0,0.0,0.0,2920.4,1455.0,5700.0,1310.0,100.0,687266666.0,687266666.0,169273780.0,0.0,0.0,,0.0,0.0,0.0
2025-06-17,1455.0,0.0,0.0,0.0,0.0,1455.0,0.0,0.0,0.0,0.0,2920.4,1455.0,8700.0,1310.0,100.0,687266666.0,687266666.0,169273780.0,0.0,0.0,,0.0,0.0,0.0
2025-06-18,1455.0,0.0,0.0,0.0,0.0,1455.0,0.0,0.0,0.0,0.0,2920.4,1455.0,2200.0,1310.0,100.0,687266666.0,687266666.0,169273780.0,0.0,0.0,,0.0,0.0,0.0
2025-06-19,1455.0,0.0,0.0,0.0,0.0,1455.0,0.0,0.0,0.0,0.0,2920.4,1450.0,200.0,1310.0,100.0,687266666.0,687266666.0,169273780.0,0.0,0.0,,0.0,0.0,0.0
2025-06-20,1455.0,0.0,0.0,1350.0,1350.0,1350.0,-105.0,600.0,810000.0,3.0,2709.6,1350.0,13500.0,1310.0,100.0,687266666.0,687266666.0,169273780.0,0.0,0.0,,0.0,0.0,0.0
2025-06-23,1350.0,0.0,0.0,1215.0,1215.0,1215.0,-135.0,100.0,121500.0,1.0,2438.7,1215.0,24100.0,0.0,0.0,687266666.0,687266666.0,169273780.0,0.0,0.0,,0.0,0.0,0.0
2025-06-24,1215.0,0.0,0.0,0.0,0.0,1215.0,0.0,0.0,0.0,0.0,2438.7,1095.0,6100.0,0.0,0.0,687266666.0,687266666.0,169273780.0,0.0,0.0,,0.0,0.0,0.0
2025-06-25,1215.0,0.0,0.0,0.0,0.0,1215.0,0.0,0.0,0.0,0.0,2438.7,1095.0,6100.0,0.0,0.0,687266666.0,687266666.0,169273780.0,0.0,0.0,,0.0,0.0,0.0
2025-06-26,1215.0,0.0,0.0,0.0,0.0,1215.0,0.0,0.0,0.0,0.0,2438.7,1210.0,1900.0,0.0,0.0,687266666.0,687266666.0,169273780.0,0.0,0.0,,0.0,0.0,0.0
2025-06-30,1215.0,0.0,0.0,0.0,0.0,1215.0,0.0,0.0,0.0,0.0,2438.7,1215.0,22500.0,0.0,0.0,687266666.0,687266666.0,169273780.0,0.0,0.0,,0.0,0.0,0.0
2025-07-01,1215.0,0.0,0.0,1210.0,1210.0,1210.0,-5.0,800.0,968000.0,1.0,2428.6,1205.0,500.0,0.0,0.0,687266666.0,687266666.0,169273780.0,0.0,0.0,,0.0,0.0,0.0
2025-07-02,1210.0,0.0,0.0,0.0,0.0,1210.0,0.0,0.0,0.0,0.0,2428.6,1100.0,6400.0,0.0,0.0,687266666.0,687266666.0,169273780.0,0.0,0.0,,0.0,0.0,0.0
2025-07-03,1210.0,0.0,0.0,0.0,0.0,1210.0,0.0,0.0,0.0,0.0,2428.6,1150.0,900.0,0.0,0.0,687266666.0,687266666.0,169273780.0,0.0,0.0,,0.0,0.0,0.0
2025-07-04,1210.0,0.0,0.0,0.0,0.0,1210.0,0.0,0.0,0.0,0.0,2428.6,1150.0,900.0,0.0,0.0,687266666.0,687266666.0,169273780.0,0.0,0.0,,0.0,0.0,0.0
2025-07-07,1210.0,0.0,0.0,0.0,0.0,1210.0,0.0,0.0,0.0,0.0,2428.6,1190.0,700.0,0.0,0.0,687266666.0,687266666.0,169273780.0,0.0,0.0,,0.0,0.0,0.0
2025-07-08,1210.0,0.0,0.0,0.0,0.0,1210.0,0.0,0.0,0.0,0.0,2428.6,1160.0,600.0,0.0,0.0,687266666.0,687266666.0,169273780.0,0.0,0.0,,0.0,0.0,0.0
2025-07-09,1210.0,0.0,0.0,0.0,0.0,1210.0,0.0,0.0,0.0,0.0,2428.6,1150.0,900.0,0.0,0.0,687266666.0,687266666.0,169273780.0,0.0,0.0,,0.0,0.0,0.0
2025-07-10,1210.0,0.0,0.0,0.0,0.0,1210.0,0.0,0.0,0.0,0.0,2428.6,1150.0,200.0,0.0,0.0,687266666.0,687266666.0,169273780.0,0.0,0.0,,0.0,0.0,0.0
2025-07-11,1210.0,0.0,0.0,0.0,0.0,1210.0,0.0,0.0,0.0,0.0,2428.6,1200.0,6400.0,0.0,0.0,687266666.0,687266666.0,169273780.0,0.0,0.0,,0.0,0.0,0.0
2025-07-14,1210.0,0.0,0.0,0.0,0.0,1210.0,0.0,0.0,0.0,0.0,2428.6,1205.0,400.0,0.0,0.0,687266666.0,687266666.0,169273780.0,0.0,0.0,,0.0,0.0,0.0
2025-07-15,1210.0,0.0,0.0,0.0,0.0,1210.0,0.0,0.0,0.0,0.0,2428.6,1200.0,400.0,0.0,0.0,687266666.0,687266666.0,169273780.0,0.0,0.0,,0.0,0.0,0.0
2025-07-16,1210.0,0.0,0.0,0.0,0.0,1210.0,0.0,0.0,0.0,0.0,2428.6,1195.0,100.0,0.0,0.0,687266666.0,687266666.0,169273780.0,0.0,0.0,,0.0,0.0,0.0
2025-07-17,1210.0,0.0,0.0,0.0,0.0,1210.0,0.0,0.0,0.0,0.0,2428.6,1190.0,1900.0,0.0,0.0,687266666.0,687266666.0,169273780.0,0.0,0.0,,0.0,0.0,0.0
2025-07-18,1210.0,0.0,0.0,0.0,0.0,1210.0,0.0,0.0,0.0,0.0,2428.6,1100.0,6400.0,0.0,0.0,687266666.0,687266666.0,169273780.0,0.0,0.0,,0.0,0.0,0.0
2025-07-21,1210.0,0.0,0.0,0.0,0.0,1210.0,0.0,0.0,0.0,0.0,2428.6,1205.0,1200.0,0.0,0.0,687266666.0,687266666.0,169273780.0,0.0,0.0,,0.0,0.0,0.0
2025-07-22,1210.0,0.0,0.0,0.0,0.0,1210.0,0.0,0.0,0.0,0.0,2428.6,1210.0,8400.0,0.0,0.0,687266666.0,687266666.0,169273780.0,0.0,0.0,,0.0,0.0,0.0
2025-07-23,1210.0,0.0,0.0,0.0,0.0,1210.0,0.0,0.0,0.0,0.0,2428.6,1205.0,1200.0,0.0,0.0,687266666.0,687266666.0,169273780.0,0.0,0.0,,0.0,0.0,0.0
2025-07-24,1210.0,0.0,0.0,0.0,0.0,1210.0,0.0,0.0,0.0,0.0,2428.6,1205.0,1200.0,0.0,0.0,687266666.0,687266666.0,169273780.0,0.0,0.0,,0.0,0.0,0.0
2025-07-25,1210.0,0.0,0.0,0.0,0.0,1210.0,0.0,0.0,0.0,0.0,2428.6,1200.0,200.0,0.0,0.0,687266666.0,687266666.0,169273780.0,0.0,0.0,,0.0,0.0,0.0
2025-07-28,1210.0,0.0,0.0,0.0,0.0,1210.0,0.0,0.0,0.0,0.0,2428.6,1205.0,1400.0,0.0,0.0,687266666.0,687266666.0,169273780.0,0.0,0.0,,0.0,0.0,0.0
2025-07-29,1210.0,0.0,0.0,0.0,0.0,1210.0,0.0,0.0,0.0,0.0,2428.6,1205.0,1900.0,0.0,0.0,687266666.0,687266666.0,169273780.0,0.0,0.0,,0.0,0.0,0.0
2025-07-30,1210.0,0.0,0.0,0.0,0.0,1210.0,0.0,0.0,0.0,0.0,2428.6,1205.0,1900.0,0.0,0.0,687266666.0,687266666.0,169273780.0,0.0,0.0,,0.0,0.0,0.0
2025-07-31,1210.0,0.0,0.0,0.0,0.0,1210.0,0.0,0.0,0.0,0.0,2428.6,1205.0,1400.0,0.0,0.0,687266666.0,687266666.0,169273780.0,0.0,0.0,,0.0,0.0,0.0
2025-08-01,1210.0,0.0,0.0,0.0,0.0,1210.0,0.0,0.0,0.0,0.0,2428.6,1205.0,700.0,0.0,0.0,687266666.0,687266666.0,169273780.0,0.0,0.0,,0.0,0.0,0.0
2025-08-04,1210.0,0.0,0.0,0.0,0.0,1210.0,0.0,0.0,0.0,0.0,2428.6,1200.0,1700.0,0.0,0.0,687266666.0,687266666.0,169273780.0,0.0,0.0,,0.0,0.0,0.0
2025-08-05,1210.0,0.0,0.0,0.0,0.0,1210.0,0.0,0.0,0.0,0.0,2428.6,1205.0,200.0,0.0,0.0,687266666.0,687266666.0,169273780.0,0.0,0.0,,0.0,0.0,0.0
2025-08-06,1210.0,0.0,0.0,0.0,0.0,1210.0,0.0,0.0,0.0,0.0,2428.6,1200.0,1200.0,0.0,0.0,687266666.0,687266666.0,169273780.0,0.0,0.0,,17588.0,21281480.0,1.0
2025-08-07,1210.0,0.0,0.0,0.0,0.0,1210.0,0.0,0.0,0.0,0.0,2428.6,1205.0,200.0,0.0,0.0,687266666.0,687266666.0,169273780.0,0.0,0.0,,0.0,0.0,0.0
2025-08-08,1210.0,0.0,0.0,0.0,0.0,1210.0,0.0,0.0,0.0,0.0,2428.6,1205.0,1900.0,0.0,0.0,687266666.0,687266666.0,169273780.0,0.0,0.0,,0.0,0.0,0.0
2025-08-11,1210.0,0.0,0.0,0.0,0.0,1210.0,0.0,0.0,0.0,0.0,2428.6,1200.0,500.0,0.0,0.0,687266666.0,687266666.0,169273780.0,0.0,0.0,,0.0,0.0,0.0
2025-08-12,1210.0,0.0,0.0,1090.0,1090.0,1090.0,-120.0,1500.0,1635000.0,7.0,2187.8,1090.0,18400.0,0.0,0.0,687266666.0,687266666.0,169273780.0,0.0,0.0,,0.0,0.0,0.0
2025-08-13,1090.0,0.0,0.0,0.0,0.0,1090.0,0.0,0.0,0.0,0.0,2187.8,985.0,10500.0,0.0,0.0,687266666.0,687266666.0,169273780.0,0.0,0.0,,0.0,0.0,0.0
2025-08-14,1090.0,0.0,0.0,985.0,985.0,985.0,-105.0,3500.0,3447500.0,7.0,1977.0,985.0,22900.0,0.0,0.0,687266666.0,687266666.0,169273780.0,0.0,0.0,,0.0,0.0,0.0
2025-08-15,985.0,0.0,0.0,890.0,890.0,890.0,-95.0,35100.0,31239000.0,30.0,1786.4,890.0,1088200.0,0.0,0.0,687266666.0,687266666.0,169273780.0,0.0,0.0,,0.0,0.0,0.0
2025-08-19,890.0,0.0,0.0,885.0,805.0,805.0,-85.0,35900.0,29156000.0,15.0,1615.8,805.0,76900.0,0.0,0.0,687266666.0,687266666.0,169273780.0,0.0,0.0,,0.0,0.0,0.0
2025-08-20,805.0,0.0,0.0,730.0,725.0,725.0,-80.0,143500.0,104372500.0,33.0,1455.2,725.0,60000.0,0.0,0.0,687266666.0,687266666.0,169273780.0,0.0,0.0,,0.0,0.0,0.0
2025-08-21,725.0,0.0,0.0,655.0,655.0,655.0,-70.0,28900.0,18929500.0,32.0,1314.7,655.0,88200.0,0.0,0.0,687266666.0,687266666.0,169273780.0,0.0,0.0,,0.0,0.0,0.0
2025-08-22,655.0,0.0,0.0,720.0,660.0,720.0,65.0,363400.0,261090000.0,55.0,1445.1,720.0,900.0,715.0,100.0,687266666.0,687266666.0,169273780.0,0.0,0.0,,0.0,0.0,0.0
2025-08-25,720.0,0.0,0.0,650.0,650.0,650.0,-70.0,31000.0,20150000.0,28.0,1304.6,650.0,492700.0,0.0,0.0,687266666.0,687266666.0,169273780.0,0.0,0.0,,0.0,0.0,0.0
2025-08-26,650.0,0.0,0.0,590.0,585.0,585.0,-65.0,26300.0,15393000.0,44.0,1174.2,590.0,800.0,585.0,21800.0,687266666.0,687266666.0,169273780.0,0.0,0.0,,0.0,0.0,0.0
2025-08-27,585.0,0.0,0.0,530.0,530.0,530.0,-55.0,39500.0,20935000.0,42.0,1063.8,530.0,163000.0,0.0,0.0,687266666.0,687266666.0,169273780.0,0.0,0.0,,0.0,0.0,0.0
2025-08-28,530.0,0.0,0.0,478.0,478.0,478.0,-52.0,49800.0,23804400.0,44.0,959.4,478.0,57400.0,0.0,0.0,687266666.0,687266666.0,169273780.0,0.0,0.0,,0.0,0.0,0.0
2025-08-29,478.0,0.0,0.0,478.0,432.0,432.0,-46.0,68300.0,29832200.0,35.0,867.1,432.0,239100.0,0.0,0.0,687266666.0,687266666.0,169273780.0,0.0,0.0,,0.0,0.0,0.0
2025-09-01,432.0,0.0,0.0,474.0,390.0,474.0,42.0,83800.0,35109600.0,54.0,951.4,0.0,0.0,474.0,700.0,687266666.0,687266666.0,169273780.0,1000.0,2000.0,,0.0,0.0,0.0
2025-09-02,474.0,0.0,0.0,428.0,428.0,428.0,-46.0,204700.0,87611600.0,64.0,859.1,428.0,201300.0,0.0,0.0,687266666.0,687266666.0,169273780.0,0.0,0.0,,0.0,0.0,0.0
2025-09-03,428.0,0.0,0.0,386.0,386.0,386.0,-42.0,261300.0,100861800.0,79.0,774.8,386.0,186200.0,0.0,0.0,687266666.0,687266666.0,169273780.0,0.0,0.0,,0.0,0.0,0.0
2025-09-04,386.0,0.0,0.0,424.0,398.0,398.0,12.0,80500.0,32691600.0,47.0,798.8,398.0,8000.0,386.0,207800.0,687266666.0,687266666.0,169273780.0,1000.0,0.0,,0.0,0.0,0.0
2025-09-08,398.0,0.0,0.0,398.0,360.0,360.0,-38.0,72500.0,26187400.0,42.0,722.6,360.0,164500.0,0.0,0.0,687266666.0,687266666.0,169273780.0,0.0,0.0,,0.0,0.0,0.0
2025-09-09,360.0,0.0,0.0,380.0,324.0,324.0,-36.0,113500.0,36994400.0,44.0,650.3,324.0,231200.0,0.0,0.0,687266666.0,687266666.0,169273780.0,0.0,0.0,,0.0,0.0,0.0
2025-09-10,324.0,0.0,0.0,354.0,324.0,354.0,30.0,45000.0,14587600.0,12.0,710.5,356.0,100.0,354.0,1400.0,687266666.0,687266666.0,169273780.0,0.0,0.0,,0.0,0.0,0.0
2025-09-11,354.0,0.0,0.0,388.0,350.0,350.0,-4.0,38100.0,13532600.0,22.0,702.5,350.0,172700.0,348.0,100.0,687266666.0,687266666.0,169273780.0,0.0,0.0,,0.0,0.0,0.0
2025-09-12,350.0,0.0,0.0,350.0,318.0,350.0,0.0,24000.0,7642800.0,29.0,702.5,350.0,24400.0,320.0,1500.0,687266666.0,687266666.0,169273780.0,0.0,0.0,,0.0,0.0,0.0
2025-09-15,350.0,0.0,0.0,316.0,316.0,316.0,-34.0,381800.0,120648800.0,106.0,634.3,316.0,52100.0,0.0,0.0,687266666.0,687266666.0,169273780.0,0.0,0.0,,0.0,0.0,0.0
2025-09-16,316.0,0.0,0.0,0.0,0.0,316.0,0.0,0.0,0.0,0.0,634.3,0.0,0.0,0.0,0.0,687266666.0,687266666.0,169273780.0,0.0,0.0,,0.0,0.0,0.0
2025-09-17,316.0,0.0,0.0,346.0,318.0,346.0,30.0,303800.0,105089600.0,102.0,694.5,0.0,0.0,320.0,25000.0,687266666.0,687266666.0,169273780.0,0.0,0.0,,0.0,0.0,0.0
2025-09-18,346.0,0.0,0.0,380.0,380.0,380.0,34.0,261400.0,99332000.0,125.0,762.7,0.0,0.0,370.0,19500.0,687266666.0,687266666.0,169273780.0,0.0,0.0,,0.0,0.0,0.0
2025-09-19,380.0,0.0,0.0,418.0,418.0,418.0,38.0,829100.0,346563800.0,163.0,839.0,418.0,114700.0,412.0,1000.0,687266666.0,687266666.0,169273780.0,0.0,0.0,,0.0,0.0,0.0
2025-09-22,418.0,0.0,0.0,458.0,458.0,458.0,40.0,798700.0,365804600.0,139.0,919.3,0.0,0.0,456.0,2100.0,687266666.0,687266666.0,169273780.0,0.0,0.0,,0.0,0.0,0.0
2025-09-23,458.0,0.0,0.0,500.0,414.0,414.0,-44.0,486000.0,216139400.0,200.0,831.0,414.0,82300.0,0.0,0.0,687266666.0,687266666.0,169273780.0,0.0,0.0,,0.0,0.0,0.0
2025-09-24,414.0,0.0,0.0,432.0,374.0,374.0,-40.0,342900.0,134919200.0,86.0,750.7,374.0,692800.0,0.0,0.0,687266666.0,687266666.0,169273780.0,0.0,0.0,,0.0,0.0,0.0
2025-09-25,374.0,0.0,0.0,370.0,338.0,338.0,-36.0,193000.0,65966800.0,96.0,678.4,338.0,514000.0,0.0,0.0,687266666.0,687266666.0,169273780.0,0.0,0.0,,0.0,0.0,0.0
2025-09-26,338.0,0.0,0.0,306.0,306.0,306.0,-32.0,148700.0,45502200.0,85.0,614.2,306.0,685800.0,0.0,0.0,687266666.0,687266666.0,169273780.0,0.0,0.0,,0.0,0.0,0.0
2025-09-29,306.0,0.0,0.0,276.0,276.0,276.0,-30.0,266100.0,73443600.0,114.0,554.0,276.0,231900.0,0.0,0.0,687266666.0,687266666.0,169273780.0,0.0,0.0,,0.0,0.0,0.0
2025-09-30,276.0,0.0,0.0,250.0,250.0,250.0,-26.0,99400.0,24850000.0,66.0,501.8,250.0,507000.0,0.0,0.0,687266666.0,687266666.0,169273780.0,0.0,0.0,,62600.0,17277600.0,1.0
2025-10-01,250.0,0.0,0.0,248.0,230.0,232.0,-18.0,203200.0,47506200.0,80.0,465.7,232.0,33200.0,230.0,10100.0,687266666.0,687266666.0,169273780.0,0.0,0.0,,670416.0,167604000.0,1.0
2025-10-02,232.0,0.0,0.0,252.0,210.0,210.0,-22.0,349900.0,76675800.0,127.0,421.5,210.0,577200.0,0.0,0.0,687266666.0,687266666.0,169273780.0,0.0,0.0,,0.0,0.0,0.0
2025-10-03,210.0,0.0,0.0,189.0,189.0,189.0,-21.0,313500.0,59251500.0,141.0,379.4,190.0,900.0,189.0,900.0,687266666.0,687266666.0,169273780.0,0.0,0.0,,0.0,0.0,0.0
2025-10-06,189.0,0.0,0.0,172.0,171.0,171.0,-18.0,230800.0,39649500.0,88.0,343.2,172.0,141400.0,171.0,214400.0,687266666.0,687266666.0,169273780.0,0.0,0.0,,0.0,0.0,0.0
2025-10-07,171.0,0.0,0.0,0.0,0.0,171.0,0.0,0.0,0.0,0.0,343.2,0.0,0.0,0.0,0.0,687266666.0,687266666.0,169273780.0,0.0,0.0,,0.0,0.0,0.0
2025-10-08,171.0,0.0,0.0,0.0,0.0,171.0,0.0,0.0,0.0,0.0,343.2,0.0,0.0,0.0,0.0,687266666.0,687266666.0,169273780.0,0.0,0.0,,0.0,0.0,0.0
2025-10-09,171.0,0.0,0.0,0.0,0.0,171.0,0.0,0.0,0.0,0.0,343.2,0.0,0.0,0.0,0.0,687266666.0,687266666.0,169273780.0,0.0,0.0,,0.0,0.0,0.0
2025-10-10,171.0,0.0,0.0,0.0,0.0,171.0,0.0,0.0,0.0,0.0,343.2,0.0,0.0,0.0,0.0,687266666.0,687266666.0,169273780.0,0.0,0.0,,0.0,0.0,0.0
2025-10-13,171.0,0.0,0.0,0.0,0.0,171.0,0.0,0.0,0.0,0.0,343.2,0.0,0.0,0.0,0.0,687266666.0,687266666.0,169273780.0,0.0,0.0,,0.0,0.0,0.0
2025-10-14,171.0,0.0,0.0,0.0,0.0,171.0,0.0,0.0,0.0,0.0,343.2,0.0,0.0,0.0,0.0,687266666.0,687266666.0,169273780.0,0.0,0.0,,0.0,0.0,0.0
2025-10-15,171.0,0.0,0.0,0.0,0.0,171.0,0.0,0.0,0.0,0.0,343.2,0.0,0.0,0.0,0.0,687266666.0,687266666.0,169273780.0,0.0,0.0,,0.0,0.0,0.0
2025-10-16,171.0,0.0,0.0,0.0,0.0,171.0,0.0,0.0,0.0,0.0,343.2,0.0,0.0,0.0,0.0,687266666.0,687266666.0,169273780.0,0.0,0.0,,0.0,0.0,0.0
2025-10-17,171.0,0.0,0.0,0.0,0.0,171.0,0.0,0.0,0.0,0.0,343.2,0.0,0.0,0.0,0.0,687266666.0,687266666.0,169273780.0,0.0,0.0,,0.0,0.0,0.0
2025-10-20,171.0,0.0,0.0,0.0,0.0,171.0,0.0,0.0,0.0,0.0,343.2,0.0,0.0,0.0,0.0,687266666.0,687266666.0,169273780.0,0.0,0.0,,0.0,0.0,0.0
2025-10-21,171.0,0.0,0.0,0.0,0.0,171.0,0.0,0.0,0.0,0.0,343.2,0.0,0.0,0.0,0.0,687266666.0,687266666.0,169273780.0,0.0,0.0,,0.0,0.0,0.0
2025-10-22,171.0,0.0,0.0,0.0,0.0,171.0,0.0,0.0,0.0,0.0,343.2,0.0,0.0,0.0,0.0,687266666.0,687266666.0,169273780.0,0.0,0.0,,0.0,0.0,0.0
2025-10-23,171.0,0.0,0.0,0.0,0.0,171.0,0.0,0.0,0.0,0.0,343.2,0.0,0.0,0.0,0.0,687266666.0,687266666.0,169273780.0,0.0,0.0,,0.0,0.0,0.0
2025-10-24,171.0,0.0,0.0,0.0,0.0,171.0,0.0,0.0,0.0,0.0,343.2,0.0,0.0,0.0,0.0,687266666.0,687266666.0,169273780.0,0.0,0.0,,0.0,0.0,0.0
2025-10-27,171.0,0.0,0.0,0.0,0.0,171.0,0.0,0.0,0.0,0.0,343.2,0.0,0.0,0.0,0.0,687266666.0,687266666.0,169273780.0,0.0,0.0,,0.0,0.0,0.0
2025-10-28,171.0,0.0,0.0,0.0,0.0,171.0,0.0,0.0,0.0,0.0,343.2,0.0,0.0,0.0,0.0,687266666.0,687266666.0,169273780.0,0.0,0.0,,0.0,0.0,0.0
2025-10-29,171.0,0.0,0.0,0.0,0.0,171.0,0.0,0.0,0.0,0.0,343.2,0.0,0.0,0.0,0.0,687266666.0,687266666.0,169273780.0,0.0,0.0,,0.0,0.0,0.0
2025-10-30,171.0,0.0,0.0,0.0,0.0,171.0,0.0,0.0,0.0,0.0,343.2,0.0,0.0,0.0,0.0,687266666.0,687266666.0,169273780.0,0.0,0.0,,0.0,0.0,0.0
2025-10-31,171.0,0.0,0.0,0.0,0.0,171.0,0.0,0.0,0.0,0.0,343.2,0.0,0.0,0.0,0.0,687266666.0,687266666.0,169273780.0,0.0,0.0,,0.0,0.0,0.0
2025-11-04,171.0,0.0,0.0,0.0,0.0,171.0,0.0,0.0,0.0,0.0,343.2,0.0,0.0,0.0,0.0,687266666.0,687266666.0,169273780.0,0.0,0.0,,0.0,0.0,0.0
2025-11-05,171.0,0.0,0.0,0.0,0.0,171.0,0.0,0.0,0.0,0.0,343.2,0.0,0.0,0.0,0.0,687266666.0,687266666.0,169273780.0,0.0,0.0,,0.0,0.0,0.0
2025-11-06,171.0,0.0,0.0,0.0,0.0,171.0,0.0,0.0,0.0,0.0,343.2,0.0,0.0,0.0,0.0,687266666.0,687266666.0,169273780.0,0.0,0.0,,0.0,0.0,0.0
2025-11-07,171.0,0.0,0.0,0.0,0.0,171.0,0.0,0.0,0.0,0.0,343.2,0.0,0.0,0.0,0.0,687266666.0,687266666.0,169273780.0,0.0,0.0,,0.0,0.0,0.0
2025-11-10,171.0,0.0,0.0,0.0,0.0,171.0,0.0,0.0,0.0,0.0,343.2,0.0,0.0,0.0,0.0,687266666.0,687266666.0,169273780.0,0.0,0.0,,0.0,0.0,0.0
2025-11-11,171.0,0.0,0.0,0.0,0.0,171.0,0.0,0.0,0.0,0.0,343.2,0.0,0.0,0.0,0.0,687266666.0,687266666.0,169273780.0,0.0,0.0,,0.0,0.0,0.0
2025-11-12,171.0,0.0,0.0,0.0,0.0,171.0,0.0,0.0,0.0,0.0,343.2,0.0,0.0,0.0,0.0,687266666.0,687266666.0,169273780.0,0.0,0.0,,0.0,0.0,0.0
2025-11-13,171.0,0.0,0.0,0.0,0.0,171.0,0.0,0.0,0.0,0.0,343.2,0.0,0.0,0.0,0.0,687266666.0,687266666.0,169273780.0,0.0,0.0,,0.0,0.0,0.0
2025-11-14,171.0,0.0,0.0,0.0,0.0,171.0,0.0,0.0,0.0,0.0,343.2,0.0,0.0,0.0,0.0,687266666.0,687266666.0,169273780.0,0.0,0.0,,0.0,0.0,0.0
2025-11-17,171.0,0.0,0.0,0.0,0.0,171.0,0.0,0.0,0.0,0.0,343.2,0.0,0.0,0.0,0.0,687266666.0,687266666.0,169273780.0,0.0,0.0,,0.0,0.0,0.0
2025-11-18,171.0,0.0,0.0,0.0,0.0,171.0,0.0,0.0,0.0,0.0,343.2,0.0,0.0,0.0,0.0,687266666.0,687266666.0,169273780.0,0.0,0.0,,0.0,0.0,0.0
2025-11-19,171.0,0.0,0.0,0.0,0.0,171.0,0.0,0.0,0.0,0.0,343.2,0.0,0.0,0.0,0.0,687266666.0,687266666.0,169273780.0,0.0,0.0,,0.0,0.0,0.0
2025-11-20,171.0,0.0,0.0,0.0,0.0,171.0,0.0,0.0,0.0,0.0,343.2,0.0,0.0,0.0,0.0,687266666.0,687266666.0,169273780.0,0.0,0.0,,0.0,0.0,0.0
2025-11-21,171.0,0.0,0.0,0.0,0.0,171.0,0.0,0.0,0.0,0.0,343.2,0.0,0.0,0.0,0.0,687266666.0,687266666.0,169273780.0,0.0,0.0,,0.0,0.0,0.0
2025-11-24,171.0,0.0,0.0,0.0,0.0,171.0,0.0,0.0,0.0,0.0,343.2,0.0,0.0,0.0,0.0,687266666.0,687266666.0,169273780.0,0.0,0.0,,0.0,0.0,0.0
2025-11-25,171.0,0.0,0.0,0.0,0.0,171.0,0.0,0.0,0.0,0.0,343.2,0.0,0.0,0.0,0.0,687266666.0,687266666.0,169273780.0,0.0,0.0,,0.0,0.0,0.0
2025-11-26,171.0,0.0,0.0,0.0,0.0,171.0,0.0,0.0,0.0,0.0,343.2,0.0,0.0,0.0,0.0,687266666.0,687266666.0,169273780.0,0.0,0.0,,0.0,0.0,0.0
2025-11-27,171.0,0.0,0.0,0.0,0.0,171.0,0.0,0.0,0.0,0.0,343.2,0.0,0.0,0.0,0.0,687266666.0,687266666.0,169273780.0,0.0,0.0,,0.0,0.0,0.0
2025-11-28,171.0,0.0,0.0,0.0,0.0,171.0,0.0,0.0,0.0,0.0,343.2,0.0,0.0,0.0,0.0,687266666.0,687266666.0,169273780.0,0.0,0.0,,0.0,0.0,0.0
2025-12-01,171.0,0.0,0.0,0.0,0.0,171.0,0.0,0.0,0.0,0.0,343.2,0.0,0.0,0.0,0.0,687266666.0,687266666.0,169273780.0,0.0,0.0,,0.0,0.0,0.0
2025-12-02,171.0,0.0,0.0,0.0,0.0,171.0,0.0,0.0,0.0,0.0,343.2,0.0,0.0,0.0,0.0,687266666.0,687266666.0,169273780.0,0.0,0.0,,0.0,0.0,0.0
2025-12-03,171.0,0.0,0.0,0.0,0.0,171.0,0.0,0.0,0.0,0.0,343.2,0.0,0.0,0.0,0.0,687266666.0,687266666.0,169273780.0,0.0,0.0,,0.0,0.0,0.0
2025-12-04,171.0,0.0,0.0,0.0,0.0,171.0,0.0,0.0,0.0,0.0,343.2,0.0,0.0,0.0,0.0,687266666.0,687266666.0,169273780.0,0.0,0.0,,0.0,0.0,0.0
2025-12-05,171.0,0.0,0.0,0.0,0.0,171.0,0.0,0.0,0.0,0.0,343.2,0.0,0.0,0.0,0.0,687266666.0,687266666.0,169273780.0,0.0,0.0,,0.0,0.0,0.0
2025-12-08,171.0,0.0,0.0,0.0,0.0,171.0,0.0,0.0,0.0,0.0,343.2,0.0,0.0,0.0,0.0,687266666.0,687266666.0,169273780.0,0.0,0.0,,0.0,0.0,0.0
2025-12-09,171.0,0.0,0.0,0.0,0.0,171.0,0.0,0.0,0.0,0.0,343.2,0.0,0.0,0.0,0.0,687266666.0,687266666.0,169273780.0,0.0,0.0,,0.0,0.0,0.0
2025-12-10,171.0,0.0,0.0,0.0,0.0,171.0,0.0,0.0,0.0,0.0,343.2,0.0,0.0,0.0,0.0,687266666.0,687266666.0,169273780.0,0.0,0.0,,0.0,0.0,0.0
2025-12-11,171.0,0.0,0.0,0.0,0.0,171.0,0.0,0.0,0.0,0.0,343.2,0.0,0.0,0.0,0.0,687266666.0,687266666.0,169273780.0,0.0,0.0,,0.0,0.0,0.0
2025-12-12,171.0,0.0,0.0,0.0,0.0,171.0,0.0,0.0,0.0,0.0,343.2,0.0,0.0,0.0,0.0,687266666.0,687266666.0,169273780.0,0.0,0.0,,0.0,0.0,0.0
2025-12-15,171.0,0.0,0.0,0.0,0.0,171.0,0.0,0.0,0.0,0.0,343.2,0.0,0.0,0.0,0.0,687266666.0,687266666.0,169273780.0,0.0,0.0,,0.0,0.0,0.0
2025-12-16,171.0,0.0,0.0,0.0,0.0,171.0,0.0,0.0,0.0,0.0,343.2,0.0,0.0,0.0,0.0,687266666.0,687266666.0,169273780.0,0.0,0.0,,0.0,0.0,0.0
2025-12-17,171.0,0.0,0.0,0.0,0.0,171.0,0.0,0.0,0.0,0.0,343.2,0.0,0.0,0.0,0.0,687266666.0,687266666.0,169273780.0,0.0,0.0,,0.0,0.0,0.0
2025-12-18,171.0,0.0,0.0,0.0,0.0,171.0,0.0,0.0,0.0,0.0,343.2,0.0,0.0,0.0,0.0,687266666.0,687266666.0,169273780.0,0.0,0.0,,0.0,0.0,0.0
2025-12-19,171.0,0.0,0.0,188.0,188.0,188.0,17.0,289100.0,54350800.0,21.0,377.3,0.0,0.0,188.0,3439400.0,687266666.0,687266666.0,169273780.0,0.0,0.0,,0.0,0.0,0.0
2025-12-22,188.0,0.0,0.0,206.0,206.0,206.0,18.0,37400.0,7704400.0,10.0,413.5,0.0,0.0,206.0,1638000.0,687266666.0,687266666.0,169273780.0,0.0,0.0,,0.0,0.0,0.0
2025-12-23,206.0,0.0,0.0,226.0,226.0,226.0,20.0,86600.0,19571600.0,13.0,453.6,0.0,0.0,226.0,1725000.0,687266666.0,687266666.0,169273780.0,0.0,0.0,,0.0,0.0,0.0
2025-12-24,226.0,0.0,0.0,248.0,248.0,248.0,22.0,57600.0,14284800.0,21.0,497.8,0.0,0.0,248.0,1004600.0,687266666.0,687266666.0,169273780.0,0.0,0.0,,0.0,0.0,0.0
2025-12-29,248.0,0.0,0.0,272.0,272.0,272.0,24.0,544400.0,148076800.0,40.0,545.9,0.0,0.0,272.0,392000.0,687266666.0,687266666.0,169273780.0,0.0,0.0,,0.0,0.0,0.0
2025-12-30,272.0,0.0,0.0,298.0,298.0,298.0,26.0,90800.0,27058400.0,36.0,598.1,0.0,0.0,298.0,246500.0,687266666.0,687266666.0,169273780.0,0.0,0.0,,0.0,0.0,0.0
2026-01-02,298.0,0.0,0.0,326.0,326.0,326.0,28.0,25500.0,8313000.0,21.0,654.3,0.0,0.0,326.0,316600.0,687266666.0,687266666.0,169273780.0,0.0,0.0,,0.0,0.0,0.0
2026-01-05,326.0,406.0,406.0,406.0,406.0,406.0,80.0,365700.0,148474200.0,74.0,814.9,0.0,0.0,406.0,3524600.0,687266666.0,687266666.0,169273780.0,0.0,0.0,,0.0,0.0,0.0
2026-01-06,406.0,505.0,505.0,505.0,362.0,364.0,-42.0,3668800.0,1604990100.0,1643.0,730.6,366.0,35000.0,364.0,68700.0,687266666.0,687266666.0,169273780.0,0.0,0.0,,0.0,0.0,0.0
2026-01-07,364.0,364.0,364.0,404.0,328.0,370.0,6.0,848700.0,310002800.0,573.0,742.6,370.0,1100.0,364.0,19300.0,687266666.0,687266666.0,169273780.0,0.0,0.0,,0.0,0.0,0.0
2026-01-08,370.0,398.0,398.0,398.0,336.0,338.0,-32.0,335400.0,117137800.0,236.0,678.4,340.0,1300.0,338.0,12000.0,687266666.0,687266666.0,169273780.0,0.0,0.0,,0.0,0.0,0.0
2026-01-09,338.0,338.0,338.0,376.0,336.0,340.0,2.0,399400.0,141173600.0,175.0,682.4,340.0,5600.0,338.0,66300.0,687266666.0,687266666.0,169273780.0,0.0,0.0,,0.0,0.0,0.0
2026-01-12,340.0,340.0,340.0,358.0,320.0,334.0,-6.0,99800.0,33054200.0,92.0,670.4,334.0,1700.0,326.0,23500.0,687266666.0,687266666.0,169273780.0,0.0,0.0,,0.0,0.0,0.0
2026-01-13,334.0,0.0,0.0,344.0,310.0,334.0,0.0,51800.0,16703200.0,91.0,670.4,334.0,300100.0,326.0,200.0,687266666.0,687266666.0,169273780.0,0.0,0.0,,0.0,0.0,0.0
2026-01-14,334.0,334.0,334.0,338.0,284.0,316.0,-18.0,115600.0,35593200.0,133.0,634.3,316.0,1000.0,310.0,1900.0,687266666.0,687266666.0,169273780.0,0.0,0.0,,0.0,0.0,0.0
2026-01-15,316.0,316.0,316.0,328.0,270.0,278.0,-38.0,2799400.0,803312200.0,590.0,558.0,282.0,49100.0,278.0,48500.0,687266666.0,687266666.0,169273780.0,0.0,0.0,,0.0,0.0,0.0
2026-01-19,278.0,278.0,278.0,284.0,250.0,264.0,-14.0,494300.0,129946600.0,277.0,529.9,268.0,53800.0,264.0,33400.0,687266666.0,687266666.0,169273780.0,0.0,0.0,,0.0,0.0,0.0
2026-01-20,264.0,0.0,0.0,284.0,246.0,270.0,6.0,374000.0,101781000.0,267.0,541.9,270.0,12100.0,258.0,2400.0,687266666.0,687266666.0,169273780.0,0.0,0.0,,0.0,0.0,0.0
2026-01-21,270.0,276.0,272.0,276.0,250.0,262.0,-8.0,329100.0,84704800.0,157.0,525.9,262.0,147800.0,250.0,1100.0,687266666.0,687266666.0,169273780.0,0.0,0.0,,0.0,0.0,0.0
2026-01-22,262.0,270.0,268.0,270.0,246.0,262.0,0.0,355500.0,90528600.0,129.0,525.9,262.0,102700.0,250.0,900.0,687266666.0,687266666.0,169273780.0,0.0,0.0,,0.0,0.0,0.0
2026-01-23,262.0,250.0,250.0,260.0,226.0,246.0,-16.0,132700.0,32248600.0,121.0,493.8,250.0,18800.0,246.0,15600.0,687266666.0,687266666.0,169273780.0,0.0,0.0,,0.0,0.0,0.0
2026-01-26,246.0,248.0,254.0,258.0,234.0,242.0,-4.0,249300.0,61277800.0,78.0,485.7,242.0,800.0,238.0,200.0,687266666.0,687266666.0,169273780.0,0.0,0.0,,0.0,0.0,0.0
2026-01-27,242.0,246.0,246.0,246.0,228.0,234.0,-8.0,70300.0,16327800.0,73.0,469.7,234.0,107500.0,232.0,1700.0,687266666.0,687266666.0,169273780.0,0.0,0.0,,0.0,0.0,0.0
2026-01-28,234.0,0.0,0.0,234.0,220.0,220.0,-14.0,209800.0,46572400.0,65.0,441.6,238.0,17400.0,220.0,1200.0,687266666.0,687266666.0,169273780.0,0.0,0.0,,0.0,0.0,0.0
2026-01-29,220.0,220.0,220.0,274.0,187.0,195.0,-25.0,2866400.0,690913200.0,1214.0,391.4,195.0,9500.0,188.0,33600.0,687266666.0,687266666.0,169273780.0,0.0,0.0,,0.0,0.0,0.0
2026-01-30,195.0,196.0,196.0,220.0,190.0,199.0,4.0,397800.0,78508100.0,290.0,399.4,199.0,25400.0,196.0,300.0,687266666.0,687266666.0,169273780.0,0.0,0.0,,77004.0,14630760.0,1.0
2026-02-02,199.0,199.0,199.0,199.0,189.0,189.0,-10.0,76300.0,14584700.0,69.0,379.4,190.0,117600.0,189.0,139600.0,687266666.0,687266666.0,169273780.0,0.0,0.0,,0.0,0.0,0.0
2026-02-03,189.0,190.0,200.0,204.0,186.0,186.0,-3.0,193500.0,36320600.0,148.0,373.3,186.0,1200.0,181.0,1700.0,687266666.0,687266666.0,169273780.0,0.0,0.0,,0.0,0.0,0.0
2026-02-04,186.0,187.0,187.0,197.0,186.0,193.0,7.0,132800.0,24952300.0,220.0,387.4,193.0,6100.0,191.0,300.0,687266666.0,687266666.0,169273780.0,0.0,0.0,,0.0,0.0,0.0
2026-02-05,193.0,197.0,197.0,200.0,187.0,193.0,0.0,54700.0,10468700.0,111.0,387.4,196.0,3800.0,193.0,2400.0,687266666.0,687266666.0,169273780.0,0.0,0.0,,0.0,0.0,0.0
2026-02-06,193.0,193.0,193.0,193.0,187.0,187.0,-6.0,20200.0,3803900.0,22.0,375.3,192.0,1000.0,187.0,41600.0,687266666.0,687266666.0,169273780.0,0.0,0.0,,0.0,0.0,0.0
2026-02-09,187.0,191.0,188.0,191.0,180.0,182.0,-5.0,62200.0,11450000.0,70.0,365.3,186.0,900.0,182.0,21000.0,687266666.0,687266666.0,169273780.0,0.0,0.0,,0.0,0.0,0.0
2026-02-10,182.0,0.0,0.0,244.0,180.0,187.0,5.0,8667300.0,1939210100.0,2037.0,375.3,187.0,189500.0,186.0,2000.0,687266666.0,687266666.0,169273780.0,600.0,1100.0,,0.0,0.0,0.0
2026-02-11,187.0,185.0,185.0,185.0,169.0,172.0,-15.0,9515600.0,1651355300.0,1935.0,345.2,173.0,600500.0,172.0,21600.0,687266666.0,687266666.0,169273780.0,0.0,0.0,,0.0,0.0,0.0
2026-02-12,172.0,172.0,173.0,173.0,165.0,167.0,-5.0,2121700.0,357307000.0,601.0,335.2,167.0,12700.0,166.0,100.0,687266666.0,687266666.0,169273780.0,0.0,0.0,,0.0,0.0,0.0
2026-02-13,167.0,167.0,166.0,167.0,142.0,160.0,-7.0,717900.0,115229200.0,412.0,321.1,163.0,12500.0,160.0,600.0,687266666.0,687266666.0,169273780.0,0.0,0.0,,0.0,0.0,0.0
2026-02-18,160.0,161.0,161.0,161.0,148.0,149.0,-11.0,4345100.0,654077200.0,984.0,299.1,151.0,9000.0,149.0,231800.0,687266666.0,687266666.0,169273780.0,0.0,0.0,,0.0,0.0,0.0
2026-02-19,149.0,160.0,154.0,160.0,145.0,148.0,-1.0,1212700.0,182265300.0,424.0,297.1,148.0,6300.0,147.0,17500.0,687266666.0,687266666.0,169273780.0,0.0,0.0,,0.0,0.0,0.0
2026-02-20,148.0,148.0,148.0,150.0,142.0,147.0,-1.0,382000.0,56179300.0,274.0,295.1,148.0,1100.0,147.0,24500.0,687266666.0,687266666.0,169273780.0,0.0,0.0,,0.0,0.0,0.0
2026-02-23,147.0,145.0,145.0,150.0,135.0,139.0,-8.0,1930500.0,270343200.0,690.0,279.0,140.0,290500.0,139.0,700.0,687266666.0,687266666.0,169273780.0,0.0,0.0,,0.0,0.0,0.0
2026-02-24,139.0,140.0,140.0,140.0,128.0,128.0,-11.0,1065400.0,140453100.0,505.0,256.9,129.0,57400.0,128.0,32400.0,687266666.0,687266666.0,169273780.0,0.0,0.0,,0.0,0.0,0.0
2026-02-25,128.0,0.0,0.0,132.0,118.0,126.0,-2.0,672000.0,83890800.0,317.0,252.9,128.0,35100.0,125.0,1400.0,687266666.0,687266666.0,169273780.0,0.0,0.0,,0.0,0.0,0.0
2026-02-26,126.0,125.0,124.0,128.0,119.0,121.0,-5.0,482900.0,58545500.0,291.0,242.9,124.0,1900.0,119.0,5100.0,687266666.0,687266666.0,169273780.0,0.0,0.0,,0.0,0.0,0.0
2026-02-27,121.0,121.0,121.0,125.0,113.0,121.0,0.0,393100.0,46654500.0,219.0,242.9,121.0,85500.0,120.0,900.0,687266666.0,687266666.0,169273780.0,0.0,0.0,,0.0,0.0,0.0
2026-03-02,121.0,122.0,121.0,122.0,113.0,113.0,-8.0,407300.0,46938600.0,254.0,226.8,114.0,10000.0,113.0,2000.0,687266666.0,687266666.0,169273780.0,0.0,0.0,,0.0,0.0,0.0
2026-03-03,113.0,114.0,115.0,129.0,107.0,117.0,4.0,603200.0,71456100.0,336.0,234.8,117.0,4600.0,115.0,300.0,687266666.0,687266666.0,169273780.0,0.0,0.0,,0.0,0.0,0.0
2026-03-04,117.0,118.0,116.0,157.0,100.0,107.0,-10.0,19832000.0,2457137400.0,3084.0,214.8,107.0,149700.0,100.0,600.0,687266666.0,687266666.0,169273780.0,0.0,0.0,,0.0,0.0,0.0
2026-03-05,107.0,99.0,98.0,105.0,94.0,96.0,-11.0,3095500.0,307060700.0,723.0,192.7,97.0,34000.0,96.0,35300.0,687266666.0,687266666.0,169273780.0,0.0,0.0,,0.0,0.0,0.0
2026-03-06,96.0,96.0,102.0,107.0,88.0,90.0,-6.0,1222500.0,118501000.0,368.0,180.6,90.0,427100.0,89.0,34200.0,687266666.0,687266666.0,169273780.0,0.0,0.0,,0.0,0.0,0.0
2026-03-09,90.0,77.0,80.0,89.0,77.0,79.0,-11.0,1302000.0,102256200.0,305.0,158.6,79.0,12100.0,78.0,12000.0,687266666.0,687266666.0,169273780.0,0.0,0.0,,0.0,0.0,0.0
2026-03-10,79.0,79.0,81.0,104.0,70.0,89.0,10.0,10112000.0,966066000.0,2734.0,178.6,90.0,4200.0,89.0,7000.0,687266666.0,687266666.0,169273780.0,0.0,27400.0,,0.0,0.0,0.0
2026-03-11,89.0,95.0,96.0,120.0,94.0,110.0,21.0,48118300.0,5585482200.0,6031.0,220.8,110.0,583400.0,109.0,355200.0,687266666.0,687266666.0,169273780.0,34300.0,6400.0,,0.0,0.0,0.0
2026-03-12,110.0,111.0,112.0,115.0,94.0,94.0,-16.0,28342200.0,2829784000.0,4120.0,188.7,94.0,155300.0,0.0,0.0,687266666.0,687266666.0,169273780.0,0.0,2100.0,,0.0,0.0,0.0
2026-03-13,94.0,89.0,88.0,93.0,81.0,86.0,-8.0,4874000.0,427931600.0,898.0,172.6,86.0,71400.0,85.0,10000.0,687266666.0,687266666.0,169273780.0,0.0,0.0,,0.0,0.0,0.0
2026-03-16,86.0,86.0,86.0,88.0,74.0,76.0,-10.0,4629800.0,357054900.0,944.0,152.5,77.0,4000.0,76.0,6800.0,687266666.0,687266666.0,169273780.0,0.0,0.0,,0.0,0.0,0.0
2026-03-17,76.0,78.0,78.0,85.0,72.0,82.0,6.0,3801700.0,298687700.0,661.0,164.6,82.0,88500.0,80.0,20000.0,687266666.0,687266666.0,169273780.0,0.0,0.0,,0.0,0.0,0.0
2026-03-25,82.0,82.0,82.0,85.0,76.0,80.0,-2.0,4898800.0,384075900.0,518.0,160.6,81.0,200000.0,80.0,100000.0,687266666.0,687266666.0,169273780.0,0.0,0.0,,0.0,0.0,0.0
2026-03-26,80.0,80.0,80.0,83.0,68.0,68.0,-12.0,7191000.0,522517600.0,817.0,136.5,69.0,28000.0,68.0,25600.0,687266666.0,687266666.0,169273780.0,0.0,0.0,,0.0,0.0,0.0
2026-03-27,68.0,69.0,72.0,89.0,69.0,71.0,3.0,37322900.0,3012341000.0,4696.0,142.5,71.0,83100.0,70.0,69500.0,687266666.0,687266666.0,169273780.0,0.0,0.0,,0.0,0.0,0.0
2026-03-30,71.0,71.0,71.0,79.0,71.0,73.0,2.0,7852800.0,579459600.0,1405.0,146.5,74.0,183400.0,73.0,1000.0,687266666.0,687266666.0,169273780.0,0.0,0.0,,0.0,0.0,0.0
2026-03-31,73.0,74.0,74.0,77.0,68.0,70.0,-3.0,7020600.0,493017100.0,798.0,140.5,70.0,36400.0,69.0,50700.0,687266666.0,687266666.0,169273780.0,0.0,1012800.0,,0.0,0.0,0.0
2026-04-01,70.0,70.0,71.0,72.0,68.0,69.0,-1.0,5700000.0,395574900.0,743.0,138.5,69.0,26200.0,68.0,1200.0,687266666.0,687266666.0,169273780.0,0.0,0.0,,0.0,0.0,0.0
2026-04-02,69.0,70.0,70.0,70.0,59.0,60.0,-9.0,18985500.0,1160381500.0,1367.0,120.4,60.0,66200.0,59.0,76800.0,687266666.0,687266666.0,169273780.0,2861900.0,0.0,,0.0,0.0,0.0
2026-04-06,60.0,60.0,59.0,60.0,51.0,51.0,-9.0,46374300.0,2397875600.0,2097.0,102.4,52.0,4252600.0,51.0,29400.0,687266666.0,687266666.0,169273780.0,3964100.0,0.0,,0.0,0.0,0.0
2026-04-07,51.0,51.0,51.0,52.0,50.0,50.0,-1.0,10285800.0,514820800.0,528.0,100.4,50.0,2771700.0,0.0,0.0,687266666.0,687266666.0,169273780.0,0.0,0.0,,0.0,0.0,0.0
2026-04-08,50.0,50.0,50.0,50.0,50.0,50.0,0.0,2285100.0,114255000.0,229.0,100.4,50.0,7829000.0,0.0,0.0,687266666.0,687266666.0,169273780.0,0.0,0.0,,0.0,0.0,0.0
2026-04-09,50.0,50.0,50.0,50.0,50.0,50.0,0.0,5750200.0,287510000.0,471.0,100.4,50.0,2644300.0,0.0,0.0,687266666.0,687266666.0,169273780.0,0.0,0.0,,8900000.0,267000000.0,1.0
2026-04-10,50.0,50.0,50.0,53.0,50.0,50.0,0.0,25999400.0,1307687100.0,1356.0,100.4,50.0,3010700.0,0.0,0.0,687266666.0,687266666.0,169273780.0,0.0,0.0,,0.0,0.0,0.0
2026-04-13,50.0,50.0,50.0,52.0,50.0,50.0,0.0,22553100.0,1131834400.0,2096.0,100.4,50.0,597300.0,0.0,0.0,687266666.0,687266666.0,169273780.0,1012800.0,0.0,,10000000.0,300000000.0,1.0
2026-04-14,50.0,50.0,51.0,67.0,50.0,67.0,17.0,238190600.0,14986484100.0,11208.0,134.5,0.0,0.0,67.0,61421800.0,687266666.0,687266666.0,169273780.0,0.0,81000.0,,8000000.0,336000000.0,1.0
2026-04-15,67.0,74.0,74.0,90.0,69.0,90.0,23.0,182288500.0,15267476300.0,11896.0,180.6,0.0,0.0,90.0,31245800.0,687266666.0,687266666.0,169273780.0,29700.0,3027500.0,,0.0,0.0,0.0
2026-04-16,90.0,106.0,106.0,121.0,102.0,121.0,31.0,81792300.0,9352884100.0,5519.0,242.9,0.0,0.0,121.0,31964900.0,687266666.0,687266666.0,169273780.0,101700.0,151700.0,,0.0,0.0,0.0
2026-04-17,121.0,145.0,149.0,163.0,121.0,163.0,42.0,444144400.0,68884479400.0,42092.0,327.2,0.0,0.0,163.0,6083300.0,687266666.0,687266666.0,169273780.0,2086300.0,3575500.0,,0.0,0.0,0.0
2026-04-20,163.0,191.0,191.0,220.0,190.0,220.0,57.0,172244200.0,36439059400.0,20464.0,441.6,0.0,0.0,220.0,17679900.0,687266666.0,687266666.0,169273780.0,0.0,1533300.0,,0.0,0.0,0.0
2026-04-21,220.0,266.0,264.0,274.0,200.0,274.0,54.0,215721000.0,57934841200.0,24381.0,550.0,274.0,2509800.0,272.0,147700.0,687266666.0,687266666.0,169273780.0,954700.0,551600.0,,0.0,0.0,0.0
2026-04-22,274.0,258.0,256.0,258.0,234.0,234.0,-40.0,27835800.0,6655848600.0,5799.0,469.7,234.0,44091700.0,0.0,0.0,687266666.0,687266666.0,169273780.0,0.0,100000.0,,0.0,0.0,0.0
2026-04-23,234.0,199.0,199.0,199.0,199.0,199.0,-35.0,5783600.0,1150936400.0,1565.0,399.4,199.0,73142800.0,0.0,0.0,687266666.0,687266666.0,169273780.0,0.0,0.0,,0.0,0.0,0.0
2026-04-24,199.0,170.0,170.0,170.0,170.0,170.0,-29.0,5061000.0,860370000.0,1056.0,341.2,170.0,56116300.0,0.0,0.0,687266666.0,687266666.0,169273780.0,0.0,0.0,,19524000.0,2100020000.0,2.0
2026-04-27,170.0,145.0,145.0,228.0,145.0,204.0,34.0,891918800.0,181126368100.0,77475.0,409.5,206.0,291400.0,204.0,3651900.0,687266666.0,687266666.0,169273780.0,24482300.0,24157400.0,,30000000.0,3660000000.0,1.0
2026-04-28,204.0,210.0,208.0,228.0,190.0,195.0,-9.0,383250000.0,80384610700.0,43609.0,391.4,196.0,160400.0,195.0,256600.0,687266666.0,687266666.0,169273780.0,5725400.0,5286300.0,,0.0,0.0,0.0
2026-04-29,195.0,194.0,194.0,194.0,166.0,166.0,-29.0,186870000.0,31990456800.0,19810.0,333.2,166.0,2377200.0,0.0,0.0,687266666.0,687266666.0,169273780.0,10296500.0,8049000.0,,0.0,0.0,0.0
2026-04-30,166.0,166.0,166.0,183.0,150.0,160.0,-6.0,229992100.0,38837088300.0,22985.0,321.1,161.0,21300.0,160.0,140600.0,687266666.0,687266666.0,169273780.0,7279900.0,12323500.0,,0.0,0.0,0.0
2026-05-04,160.0,160.0,160.0,166.0,143.0,150.0,-10.0,65381700.0,9961895600.0,8758.0,301.1,151.0,7000.0,150.0,373400.0,687266666.0,687266666.0,169273780.0,7669400.0,3654600.0,,0.0,0.0,0.0
2026-05-05,150.0,151.0,151.0,163.0,142.0,149.0,-1.0,79738000.0,12281355200.0,9547.0,299.1,150.0,73000.0,149.0,590000.0,687266666.0,687266666.0,169273780.0,3228900.0,5371900.0,,0.0,0.0,0.0
2026-05-06,149.0,154.0,153.0,200.0,146.0,200.0,51.0,572781400.0,107617544500.0,42011.0,401.4,0.0,0.0,200.0,221251400.0,687266666.0,687266666.0,169273780.0,17464300.0,36359300.0,,0.0,0.0,0.0
2026-05-07,200.0,220.0,220.0,250.0,204.0,212.0,12.0,570448800.0,132174981800.0,62359.0,425.5,214.0,1438500.0,212.0,1053000.0,687266666.0,687266666.0,169273780.0,32558900.0,14188100.0,,0.0,0.0,0.0
2026-05-08,212.0,210.0,208.0,224.0,181.0,181.0,-31.0,113407700.0,22467676000.0,18534.0,363.3,181.0,2210500.0,0.0,0.0,687266666.0,687266666.0,169273780.0,13677500.0,11421100.0,,0.0,0.0,0.0
