date,previous,open_price,first_trade,high,low,close,change,volume,value,frequency,index_individual,offer,offer_volume,bid,bid_volume,listed_shares,tradeble_shares,weight_for_index,foreign_sell,foreign_buy,delisting_date,non_regular_volume,non_regular_value,non_regular_frequency
2023-02-01,118.0,0.0,0.0,159.0,150.0,159.0,41.0,12518400.0,1990304600.0,5955.0,134.7,0.0,0.0,159.0,61899700.0,1875000000.0,375000000.0,375000000.0,50900.0,0.0,,0.0,0.0,0.0
2023-02-02,159.0,0.0,0.0,206.0,148.0,148.0,-11.0,91326300.0,14815993900.0,6250.0,125.4,148.0,46671200.0,0.0,0.0,1875000000.0,375000000.0,375000000.0,113000.0,5154200.0,,1000.0,118000.0,1.0
2023-02-03,148.0,0.0,0.0,138.0,138.0,138.0,-10.0,3636800.0,501878400.0,438.0,116.9,138.0,58634300.0,0.0,0.0,1875000000.0,375000000.0,375000000.0,0.0,0.0,,0.0,0.0,0.0
2023-02-06,138.0,0.0,0.0,129.0,129.0,129.0,-9.0,3544400.0,457227600.0,399.0,109.3,129.0,55863600.0,0.0,0.0,1875000000.0,375000000.0,375000000.0,0.0,23200.0,,0.0,0.0,0.0
2023-02-07,129.0,0.0,0.0,133.0,120.0,120.0,-9.0,216676500.0,26561738700.0,22165.0,101.7,120.0,3044500.0,0.0,0.0,1875000000.0,375000000.0,375000000.0,320800.0,400000.0,,84000000.0,10416000000.0,1.0
2023-02-08,120.0,0.0,0.0,122.0,112.0,112.0,-8.0,44889400.0,5140080600.0,6249.0,94.9,113.0,165300.0,112.0,286500.0,1875000000.0,375000000.0,375000000.0,86900.0,10000.0,,11200.0,1288000.0,1.0
2023-02-09,112.0,0.0,0.0,128.0,105.0,128.0,16.0,144089200.0,17530550800.0,14029.0,108.5,129.0,528200.0,128.0,4588500.0,1875000000.0,375000000.0,375000000.0,50000.0,525000.0,,0.0,0.0,0.0
2023-02-10,128.0,0.0,0.0,138.0,125.0,130.0,2.0,181895500.0,23905919100.0,18551.0,110.2,130.0,166000.0,129.0,686200.0,1875000000.0,375000000.0,375000000.0,1678900.0,10772200.0,,0.0,0.0,0.0
2023-02-13,130.0,0.0,0.0,144.0,130.0,144.0,14.0,156349300.0,21609598000.0,14678.0,122.0,145.0,471900.0,144.0,1165600.0,1875000000.0,375000000.0,375000000.0,2061300.0,1910800.0,,0.0,0.0,0.0
2023-02-14,144.0,0.0,0.0,155.0,134.0,134.0,-10.0,129529900.0,18980021800.0,12059.0,113.6,134.0,9877300.0,0.0,0.0,1875000000.0,375000000.0,375000000.0,939400.0,2175300.0,,0.0,0.0,0.0
2023-02-15,134.0,0.0,0.0,141.0,125.0,129.0,-5.0,85162900.0,11091724300.0,9479.0,109.3,130.0,343000.0,129.0,881500.0,1875000000.0,375000000.0,375000000.0,1821500.0,0.0,,0.0,0.0,0.0
2023-02-16,129.0,0.0,0.0,133.0,125.0,127.0,-2.0,36489000.0,4690333600.0,4126.0,107.6,127.0,298100.0,126.0,464900.0,1875000000.0,375000000.0,375000000.0,1672700.0,0.0,,0.0,0.0,0.0
2023-02-17,127.0,0.0,0.0,131.0,119.0,120.0,-7.0,28770700.0,3589622500.0,2799.0,101.7,120.0,133100.0,119.0,600600.0,1875000000.0,375000000.0,375000000.0,96800.0,25600.0,,0.0,0.0,0.0
2023-02-20,120.0,0.0,0.0,124.0,114.0,122.0,2.0,20221500.0,2413873500.0,2565.0,103.4,123.0,196500.0,122.0,3200.0,1875000000.0,375000000.0,375000000.0,5100.0,71900.0,,0.0,0.0,0.0
2023-02-21,122.0,0.0,0.0,124.0,115.0,118.0,-4.0,11534700.0,1368765500.0,1636.0,100.0,118.0,558700.0,117.0,278100.0,1875000000.0,375000000.0,375000000.0,25600.0,10000.0,,0.0,0.0,0.0
2023-02-22,118.0,0.0,0.0,118.0,112.0,112.0,-6.0,13914000.0,1597428900.0,1797.0,94.9,113.0,197200.0,112.0,552500.0,1875000000.0,375000000.0,375000000.0,53100.0,19800.0,,0.0,0.0,0.0
2023-02-23,112.0,0.0,0.0,115.0,107.0,109.0,-3.0,13892400.0,1540822100.0,2029.0,92.4,110.0,174500.0,109.0,22400.0,1875000000.0,375000000.0,375000000.0,25000.0,35500.0,,0.0,0.0,0.0
2023-02-24,109.0,0.0,0.0,124.0,106.0,119.0,10.0,60693800.0,7111839000.0,8020.0,100.8,119.0,1994700.0,118.0,125200.0,1875000000.0,375000000.0,375000000.0,242700.0,241100.0,,0.0,0.0,0.0
2023-02-27,119.0,0.0,0.0,120.0,113.0,114.0,-5.0,13173700.0,1517176500.0,1861.0,96.6,114.0,299100.0,113.0,880100.0,1875000000.0,375000000.0,375000000.0,63400.0,54900.0,,0.0,0.0,0.0
2023-02-28,114.0,0.0,0.0,115.0,108.0,110.0,-4.0,21767700.0,2394894900.0,2383.0,93.2,110.0,336600.0,109.0,329100.0,1875000000.0,375000000.0,375000000.0,6367900.0,42300.0,,0.0,0.0,0.0
2023-03-01,110.0,0.0,0.0,116.0,108.0,112.0,2.0,23676100.0,2651706600.0,2653.0,94.9,112.0,6600.0,111.0,321000.0,1875000000.0,375000000.0,375000000.0,2512300.0,84100.0,,0.0,0.0,0.0
2023-03-02,112.0,0.0,0.0,129.0,111.0,123.0,11.0,140192800.0,16966029100.0,12576.0,104.2,124.0,322200.0,123.0,1901500.0,1875000000.0,375000000.0,375000000.0,144100.0,232000.0,,0.0,0.0,0.0
2023-03-03,123.0,0.0,0.0,124.0,115.0,115.0,-8.0,52842700.0,6211978500.0,5034.0,97.5,115.0,1254500.0,0.0,0.0,1875000000.0,375000000.0,375000000.0,138100.0,35700.0,,0.0,0.0,0.0
2023-03-06,115.0,0.0,0.0,123.0,111.0,115.0,0.0,9792400.0,1124501000.0,1567.0,97.5,115.0,136800.0,114.0,194900.0,1875000000.0,375000000.0,375000000.0,54000.0,28800.0,,0.0,0.0,0.0
2023-03-07,115.0,0.0,0.0,118.0,112.0,113.0,-2.0,11154300.0,1274530800.0,1447.0,95.8,114.0,55300.0,113.0,38500.0,1875000000.0,375000000.0,375000000.0,44100.0,54800.0,,0.0,0.0,0.0
2023-03-08,113.0,0.0,0.0,116.0,110.0,111.0,-2.0,13019000.0,1465686300.0,1559.0,94.1,111.0,145600.0,110.0,633500.0,1875000000.0,375000000.0,375000000.0,54800.0,55000.0,,0.0,0.0,0.0
2023-03-09,111.0,0.0,0.0,118.0,110.0,117.0,6.0,20145500.0,2303485400.0,1873.0,99.2,117.0,1773500.0,116.0,1289200.0,1875000000.0,375000000.0,375000000.0,40200.0,27700.0,,0.0,0.0,0.0
2023-03-10,117.0,0.0,0.0,118.0,109.0,110.0,-7.0,44936400.0,5030997100.0,2797.0,93.2,111.0,112000.0,110.0,90900.0,1875000000.0,375000000.0,375000000.0,25400.0,395200.0,,0.0,0.0,0.0
2023-03-13,110.0,0.0,0.0,110.0,103.0,106.0,-4.0,21423200.0,2271680800.0,1996.0,89.8,107.0,37500.0,106.0,1040500.0,1875000000.0,375000000.0,375000000.0,102300.0,55800.0,,0.0,0.0,0.0
2023-03-14,106.0,0.0,0.0,110.0,99.0,99.0,-7.0,17616500.0,1792437600.0,2378.0,83.9,100.0,1421600.0,99.0,64300.0,1875000000.0,375000000.0,375000000.0,45800.0,57600.0,,0.0,0.0,0.0
2023-03-15,99.0,0.0,0.0,104.0,93.0,100.0,1.0,7068700.0,710869300.0,841.0,84.7,101.0,298800.0,100.0,95300.0,1875000000.0,375000000.0,375000000.0,30100.0,32800.0,,0.0,0.0,0.0
2023-03-16,100.0,0.0,0.0,101.0,93.0,94.0,-6.0,13574400.0,1292365200.0,1431.0,79.7,95.0,49600.0,94.0,119800.0,1875000000.0,375000000.0,375000000.0,40400.0,49800.0,,0.0,0.0,0.0
2023-03-17,94.0,0.0,0.0,95.0,88.0,92.0,-2.0,18250400.0,1651567700.0,1708.0,78.0,93.0,118300.0,92.0,1674600.0,1875000000.0,375000000.0,375000000.0,44400.0,18900.0,,0.0,0.0,0.0
2023-03-20,92.0,0.0,0.0,94.0,86.0,88.0,-4.0,19782700.0,1759343700.0,1973.0,74.6,89.0,47800.0,88.0,3100.0,1875000000.0,375000000.0,375000000.0,18900.0,109200.0,,0.0,0.0,0.0
2023-03-21,88.0,0.0,0.0,107.0,87.0,100.0,12.0,107387900.0,10863556800.0,9565.0,84.7,101.0,46800.0,100.0,1182200.0,1875000000.0,375000000.0,375000000.0,399200.0,53500.0,,0.0,0.0,0.0
2023-03-24,100.0,0.0,0.0,101.0,93.0,98.0,-2.0,34945900.0,3415473800.0,4201.0,83.1,98.0,214000.0,97.0,472800.0,1875000000.0,375000000.0,375000000.0,40400.0,37500.0,,0.0,0.0,0.0
2023-03-27,98.0,0.0,0.0,102.0,96.0,101.0,3.0,21220100.0,2118833700.0,2715.0,85.6,101.0,695800.0,100.0,349300.0,1875000000.0,375000000.0,375000000.0,50600.0,0.0,,0.0,0.0,0.0
2023-03-28,101.0,0.0,0.0,103.0,98.0,102.0,1.0,14721100.0,1477457900.0,1592.0,86.4,102.0,858800.0,101.0,688300.0,1875000000.0,375000000.0,375000000.0,0.0,90200.0,,0.0,0.0,0.0
2023-03-29,102.0,0.0,0.0,102.0,99.0,101.0,-1.0,11340800.0,1139284900.0,974.0,85.6,101.0,740500.0,100.0,1794800.0,1875000000.0,375000000.0,375000000.0,49000.0,30900.0,,0.0,0.0,0.0
2023-03-30,101.0,0.0,0.0,102.0,98.0,100.0,-1.0,7419100.0,740510700.0,892.0,84.7,100.0,347800.0,99.0,900200.0,1875000000.0,375000000.0,375000000.0,30900.0,0.0,,0.0,0.0,0.0
2023-03-31,100.0,0.0,0.0,101.0,97.0,98.0,-2.0,7968000.0,782890400.0,1100.0,83.1,99.0,237800.0,98.0,210300.0,1875000000.0,375000000.0,375000000.0,0.0,16400.0,,0.0,0.0,0.0
2023-04-03,98.0,0.0,0.0,99.0,95.0,95.0,-3.0,6916800.0,664571300.0,1327.0,80.5,96.0,66200.0,95.0,57100.0,1875000000.0,375000000.0,387562500.0,36100.0,21500.0,,0.0,0.0,0.0
2023-04-04,95.0,0.0,0.0,103.0,95.0,99.0,4.0,25188200.0,2516074300.0,2936.0,83.9,100.0,174600.0,99.0,241200.0,1875000000.0,375000000.0,387562500.0,14400.0,75500.0,,0.0,0.0,0.0
2023-04-05,99.0,0.0,0.0,101.0,96.0,97.0,-2.0,5487700.0,537531600.0,783.0,82.2,98.0,96500.0,97.0,114900.0,1875000000.0,375000000.0,387562500.0,47800.0,12100.0,,0.0,0.0,0.0
2023-04-06,97.0,0.0,0.0,98.0,95.0,96.0,-1.0,6444200.0,620423500.0,718.0,81.4,97.0,283100.0,96.0,108400.0,1875000000.0,375000000.0,387562500.0,1900.0,24800.0,,0.0,0.0,0.0
2023-04-10,96.0,0.0,0.0,99.0,93.0,96.0,0.0,6896600.0,659829800.0,896.0,81.4,97.0,266300.0,96.0,556100.0,1875000000.0,375000000.0,387562500.0,64700.0,17200.0,,0.0,0.0,0.0
2023-04-11,96.0,0.0,0.0,97.0,90.0,94.0,-2.0,9962300.0,928581500.0,947.0,79.7,95.0,576800.0,94.0,54700.0,1875000000.0,375000000.0,387562500.0,25400.0,10000.0,,0.0,0.0,0.0
2023-04-12,94.0,0.0,0.0,95.0,90.0,92.0,-2.0,6275800.0,577590900.0,736.0,78.0,93.0,282600.0,92.0,10400.0,1875000000.0,375000000.0,387562500.0,22300.0,0.0,,0.0,0.0,0.0
2023-04-13,92.0,0.0,0.0,110.0,91.0,93.0,1.0,152603400.0,15628421500.0,13642.0,78.8,94.0,100.0,93.0,210600.0,1875000000.0,375000000.0,387562500.0,7000.0,158900.0,,0.0,0.0,0.0
2023-04-14,93.0,0.0,0.0,103.0,91.0,92.0,-1.0,57056800.0,5538380000.0,5878.0,78.0,92.0,29000.0,91.0,831900.0,1875000000.0,375000000.0,387562500.0,2500.0,1200000.0,,0.0,0.0,0.0
2023-04-17,92.0,0.0,0.0,96.0,91.0,93.0,1.0,9773900.0,910445100.0,1154.0,78.8,93.0,261700.0,92.0,106100.0,1875000000.0,375000000.0,387562500.0,0.0,25900.0,,0.0,0.0,0.0
2023-04-18,93.0,0.0,0.0,93.0,91.0,92.0,-1.0,6218600.0,571730200.0,630.0,78.0,93.0,557200.0,92.0,1463800.0,1875000000.0,375000000.0,387562500.0,74000.0,12000.0,,0.0,0.0,0.0
2023-04-26,92.0,0.0,0.0,95.0,90.0,93.0,1.0,7683100.0,708417300.0,845.0,78.8,93.0,211600.0,92.0,7500.0,1875000000.0,375000000.0,387562500.0,13800.0,541200.0,,0.0,0.0,0.0
2023-04-27,93.0,0.0,0.0,94.0,91.0,92.0,-1.0,5844400.0,536445800.0,577.0,78.0,92.0,42300.0,91.0,566300.0,1875000000.0,375000000.0,387562500.0,90400.0,15100.0,,0.0,0.0,0.0
2023-04-28,92.0,0.0,0.0,94.0,92.0,92.0,0.0,3205900.0,296710400.0,320.0,78.0,93.0,94300.0,92.0,180000.0,1875000000.0,375000000.0,387562500.0,83100.0,124900.0,,0.0,0.0,0.0
2023-05-02,92.0,0.0,0.0,96.0,90.0,91.0,-1.0,12599800.0,1168520500.0,1338.0,77.1,91.0,698000.0,90.0,845400.0,1875000000.0,375000000.0,387562500.0,30000.0,530700.0,,0.0,0.0,0.0
2023-05-03,91.0,0.0,0.0,90.0,86.0,87.0,-4.0,17246800.0,1515712000.0,1544.0,73.7,87.0,823300.0,86.0,704600.0,1875000000.0,375000000.0,387562500.0,983700.0,21700.0,,0.0,0.0,0.0
2023-05-04,87.0,0.0,0.0,87.0,81.0,81.0,-6.0,13160600.0,1083178600.0,1264.0,68.6,82.0,208400.0,81.0,14600.0,1875000000.0,375000000.0,387562500.0,161500.0,16000.0,,0.0,0.0,0.0
2023-05-05,81.0,0.0,0.0,82.0,76.0,76.0,-5.0,7224900.0,553404600.0,845.0,64.4,76.0,224500.0,0.0,0.0,1875000000.0,375000000.0,387562500.0,39400.0,10000.0,,0.0,0.0,0.0
2023-05-08,76.0,0.0,0.0,77.0,71.0,73.0,-3.0,8427300.0,611516400.0,816.0,61.9,73.0,1076600.0,72.0,492500.0,1875000000.0,375000000.0,387562500.0,0.0,39000.0,,0.0,0.0,0.0
2023-05-09,73.0,0.0,0.0,74.0,68.0,70.0,-3.0,12174400.0,848833700.0,943.0,59.3,70.0,116500.0,69.0,881700.0,1875000000.0,375000000.0,387562500.0,1400.0,0.0,,0.0,0.0,0.0
2023-05-10,70.0,0.0,0.0,78.0,68.0,75.0,5.0,21075400.0,1572374300.0,2393.0,63.6,75.0,21800.0,74.0,98500.0,1875000000.0,375000000.0,387562500.0,68300.0,101900.0,,0.0,0.0,0.0
2023-05-11,75.0,0.0,0.0,78.0,70.0,73.0,-2.0,16145700.0,1195014500.0,1888.0,61.9,73.0,258400.0,72.0,332800.0,1875000000.0,375000000.0,387562500.0,52200.0,12000.0,,0.0,0.0,0.0
2023-05-12,73.0,0.0,0.0,73.0,71.0,71.0,-2.0,3777300.0,270406200.0,464.0,60.2,72.0,249000.0,71.0,76800.0,1875000000.0,375000000.0,387562500.0,0.0,0.0,,0.0,0.0,0.0
2023-05-15,71.0,0.0,0.0,73.0,71.0,72.0,1.0,2285000.0,163887800.0,339.0,61.0,72.0,402700.0,71.0,397700.0,1875000000.0,375000000.0,387562500.0,0.0,0.0,,0.0,0.0,0.0
2023-05-16,72.0,0.0,0.0,79.0,71.0,74.0,2.0,17156700.0,1298110500.0,1911.0,62.7,74.0,15600.0,73.0,753400.0,1875000000.0,375000000.0,387562500.0,0.0,0.0,,0.0,0.0,0.0
2023-05-17,74.0,0.0,0.0,75.0,71.0,74.0,0.0,4655800.0,339299600.0,483.0,62.7,74.0,94100.0,73.0,47800.0,1875000000.0,375000000.0,387562500.0,0.0,0.0,,0.0,0.0,0.0
2023-05-19,74.0,0.0,0.0,75.0,71.0,72.0,-2.0,2452400.0,176432400.0,399.0,61.0,73.0,205400.0,72.0,2000.0,1875000000.0,375000000.0,387562500.0,0.0,52000.0,,0.0,0.0,0.0
2023-05-22,72.0,0.0,0.0,73.0,69.0,70.0,-2.0,4071700.0,285844400.0,514.0,59.3,71.0,496900.0,70.0,14100.0,1875000000.0,375000000.0,387562500.0,0.0,0.0,,0.0,0.0,0.0
2023-05-23,70.0,0.0,0.0,71.0,68.0,68.0,-2.0,5228100.0,360270800.0,495.0,57.6,69.0,216200.0,68.0,258500.0,1875000000.0,375000000.0,387562500.0,0.0,0.0,,0.0,0.0,0.0
2023-05-24,68.0,0.0,0.0,70.0,66.0,66.0,-2.0,4245700.0,284028600.0,399.0,55.9,67.0,204200.0,66.0,343600.0,1875000000.0,375000000.0,387562500.0,0.0,0.0,,0.0,0.0,0.0
2023-05-25,66.0,0.0,0.0,67.0,63.0,65.0,-1.0,3878300.0,252291800.0,454.0,55.1,66.0,2608000.0,65.0,113800.0,1875000000.0,375000000.0,387562500.0,98600.0,49900.0,,0.0,0.0,0.0
2023-05-26,65.0,0.0,0.0,66.0,63.0,66.0,1.0,3412500.0,221175100.0,658.0,55.9,67.0,520700.0,66.0,8700.0,1875000000.0,375000000.0,387562500.0,4800.0,18000.0,,1802400.0,111748800.0,1.0
2023-05-29,66.0,0.0,0.0,67.0,64.0,66.0,0.0,4217800.0,274825900.0,376.0,55.9,66.0,435900.0,65.0,520200.0,1875000000.0,375000000.0,387562500.0,22400.0,0.0,,0.0,0.0,0.0
2023-05-30,66.0,0.0,0.0,66.0,64.0,64.0,-2.0,5151300.0,331876700.0,507.0,54.2,64.0,374000.0,63.0,726300.0,1875000000.0,375000000.0,387562500.0,0.0,0.0,,0.0,0.0,0.0
2023-05-31,64.0,0.0,0.0,64.0,60.0,60.0,-4.0,12437500.0,764986600.0,9444.0,50.8,60.0,1241600.0,0.0,0.0,1875000000.0,375000000.0,387562500.0,7300.0,0.0,,0.0,0.0,0.0
2023-06-05,60.0,0.0,0.0,60.0,52.0,55.0,-5.0,7410900.0,407162600.0,2595.0,46.6,55.0,219400.0,54.0,487300.0,1875000000.0,375000000.0,387562500.0,0.0,40000.0,,0.0,0.0,0.0
2023-06-06,55.0,0.0,0.0,58.0,53.0,54.0,-1.0,5032900.0,273927500.0,529.0,45.8,54.0,174600.0,53.0,492600.0,1875000000.0,375000000.0,387562500.0,0.0,0.0,,0.0,0.0,0.0
2023-06-07,54.0,0.0,0.0,55.0,51.0,52.0,-2.0,9733200.0,511601000.0,3651.0,44.1,53.0,410600.0,52.0,195900.0,1875000000.0,375000000.0,387562500.0,0.0,0.0,,0.0,0.0,0.0
2023-06-08,52.0,0.0,0.0,56.0,52.0,53.0,1.0,13659300.0,733747300.0,1256.0,44.9,54.0,756600.0,53.0,1184200.0,1875000000.0,375000000.0,387562500.0,0.0,0.0,,0.0,0.0,0.0
2023-06-09,53.0,0.0,0.0,59.0,53.0,59.0,6.0,13916300.0,787624300.0,1343.0,50.0,60.0,493800.0,59.0,54200.0,1875000000.0,375000000.0,387562500.0,0.0,0.0,,0.0,0.0,0.0
2023-06-12,59.0,0.0,0.0,62.0,57.0,60.0,1.0,13068400.0,774510400.0,992.0,50.8,61.0,468300.0,60.0,181000.0,1875000000.0,375000000.0,387562500.0,476700.0,0.0,,0.0,0.0,0.0
2023-06-13,60.0,0.0,0.0,62.0,59.0,60.0,0.0,7600700.0,456749900.0,948.0,50.8,61.0,152200.0,60.0,1092100.0,1875000000.0,375000000.0,387562500.0,0.0,0.0,,0.0,0.0,0.0
2023-06-14,60.0,0.0,0.0,60.0,55.0,55.0,-5.0,9379800.0,526606000.0,661.0,46.6,55.0,59000.0,54.0,1015100.0,1875000000.0,375000000.0,387562500.0,0.0,0.0,,0.0,0.0,0.0
2023-06-15,55.0,0.0,0.0,56.0,53.0,55.0,0.0,2909600.0,158059700.0,328.0,46.6,55.0,261400.0,54.0,76000.0,1875000000.0,375000000.0,387562500.0,4000.0,0.0,,0.0,0.0,0.0
2023-06-16,55.0,0.0,0.0,55.0,53.0,53.0,-2.0,3178700.0,171502700.0,309.0,44.9,54.0,349900.0,53.0,880000.0,1875000000.0,375000000.0,387562500.0,0.0,0.0,,0.0,0.0,0.0
2023-06-19,53.0,0.0,0.0,54.0,52.0,53.0,0.0,4686900.0,246320300.0,308.0,44.9,54.0,591800.0,53.0,39400.0,1875000000.0,375000000.0,387562500.0,0.0,0.0,,0.0,0.0,0.0
2023-06-20,53.0,0.0,0.0,54.0,52.0,52.0,-1.0,4811700.0,250947600.0,268.0,44.1,53.0,734100.0,52.0,10000.0,1875000000.0,375000000.0,387562500.0,0.0,40000.0,,0.0,0.0,0.0
2023-06-21,52.0,0.0,0.0,53.0,50.0,51.0,-1.0,4469100.0,228571300.0,334.0,43.2,52.0,855000.0,51.0,668300.0,1875000000.0,375000000.0,387562500.0,0.0,3000.0,,0.0,0.0,0.0
2023-06-22,51.0,0.0,0.0,53.0,50.0,52.0,1.0,3189300.0,163293200.0,612.0,44.1,53.0,440300.0,52.0,972100.0,1875000000.0,375000000.0,387562500.0,0.0,0.0,,0.0,0.0,0.0
2023-06-23,52.0,0.0,0.0,53.0,51.0,51.0,-1.0,1258300.0,64539400.0,145.0,43.2,52.0,580000.0,51.0,3716500.0,1875000000.0,375000000.0,387562500.0,0.0,0.0,,0.0,0.0,0.0
2023-06-26,51.0,0.0,0.0,53.0,51.0,52.0,1.0,2540300.0,132013800.0,148.0,44.1,53.0,679900.0,52.0,213900.0,1875000000.0,375000000.0,387562500.0,0.0,0.0,,0.0,0.0,0.0
2023-06-27,52.0,0.0,0.0,54.0,52.0,53.0,1.0,1878800.0,99646500.0,1307.0,44.9,53.0,343500.0,52.0,1202900.0,1875000000.0,375000000.0,387562500.0,0.0,0.0,,0.0,0.0,0.0
2023-07-03,53.0,0.0,0.0,54.0,52.0,53.0,0.0,2029000.0,105604400.0,100.0,44.9,53.0,714500.0,52.0,162500.0,1875000000.0,375000000.0,387562500.0,3000.0,0.0,,25000000.0,1475000000.0,1.0
2023-07-04,53.0,0.0,0.0,53.0,51.0,52.0,-1.0,2558600.0,132522300.0,136.0,44.1,52.0,8000.0,51.0,2349200.0,1875000000.0,375000000.0,387562500.0,0.0,0.0,,0.0,0.0,0.0
2023-07-05,52.0,0.0,0.0,53.0,50.0,51.0,-1.0,7852900.0,401325000.0,301.0,43.2,51.0,402500.0,50.0,9301900.0,1875000000.0,375000000.0,387562500.0,0.0,0.0,,0.0,0.0,0.0
2023-07-06,51.0,0.0,0.0,52.0,51.0,52.0,1.0,2216000.0,113236300.0,209.0,44.1,52.0,483600.0,51.0,705400.0,1875000000.0,375000000.0,387562500.0,0.0,0.0,,0.0,0.0,0.0
2023-07-07,52.0,0.0,0.0,53.0,51.0,51.0,-1.0,3230600.0,165653100.0,159.0,43.2,52.0,215900.0,51.0,5906300.0,1875000000.0,375000000.0,387562500.0,0.0,0.0,,0.0,0.0,0.0
2023-07-10,51.0,0.0,0.0,54.0,51.0,52.0,1.0,5331600.0,277803400.0,283.0,44.1,53.0,60200.0,52.0,469600.0,1875000000.0,375000000.0,387562500.0,0.0,0.0,,0.0,0.0,0.0
2023-07-11,52.0,0.0,0.0,65.0,52.0,58.0,6.0,87609700.0,5249905400.0,7101.0,49.2,58.0,1542700.0,57.0,963300.0,1875000000.0,375000000.0,387562500.0,0.0,5100.0,,0.0,0.0,0.0
2023-07-12,58.0,0.0,0.0,59.0,53.0,53.0,-5.0,16479100.0,895088500.0,1207.0,44.9,54.0,275600.0,53.0,4903000.0,1875000000.0,375000000.0,387562500.0,0.0,0.0,,0.0,0.0,0.0
2023-07-13,53.0,0.0,0.0,55.0,53.0,54.0,1.0,3924700.0,210159000.0,301.0,45.8,54.0,559700.0,53.0,3576300.0,1875000000.0,375000000.0,387562500.0,0.0,0.0,,0.0,0.0,0.0
2023-07-14,54.0,0.0,0.0,54.0,52.0,54.0,0.0,4260600.0,225560000.0,285.0,45.8,54.0,867700.0,53.0,1066700.0,1875000000.0,375000000.0,387562500.0,0.0,0.0,,0.0,0.0,0.0
2023-07-17,54.0,0.0,0.0,54.0,53.0,54.0,0.0,1653200.0,87946700.0,142.0,45.8,54.0,708300.0,53.0,799200.0,1875000000.0,375000000.0,387562500.0,0.0,0.0,,0.0,0.0,0.0
2023-07-18,54.0,0.0,0.0,54.0,52.0,53.0,-1.0,2067100.0,108654300.0,196.0,44.9,53.0,1100900.0,52.0,4403000.0,1875000000.0,375000000.0,387562500.0,0.0,0.0,,0.0,0.0,0.0
2023-07-20,53.0,0.0,0.0,53.0,52.0,53.0,0.0,3092200.0,161591700.0,201.0,44.9,53.0,321500.0,52.0,3501100.0,1875000000.0,375000000.0,387562500.0,0.0,0.0,,0.0,0.0,0.0
2023-07-21,53.0,0.0,0.0,53.0,52.0,52.0,-1.0,1161300.0,60608900.0,100.0,44.1,53.0,1156000.0,52.0,1417400.0,1875000000.0,375000000.0,387562500.0,0.0,0.0,,0.0,0.0,0.0
2023-07-24,52.0,0.0,0.0,55.0,52.0,54.0,2.0,7590100.0,407424500.0,548.0,45.8,55.0,2355800.0,54.0,319200.0,1875000000.0,375000000.0,387562500.0,0.0,0.0,,0.0,0.0,0.0
2023-07-25,54.0,0.0,0.0,55.0,53.0,54.0,0.0,753200.0,40309100.0,161.0,45.8,54.0,1364400.0,53.0,1503500.0,1875000000.0,375000000.0,387562500.0,0.0,0.0,,0.0,0.0,0.0
2023-07-26,54.0,0.0,0.0,54.0,52.0,52.0,-2.0,1216100.0,64416200.0,162.0,44.1,53.0,1182900.0,52.0,3391200.0,1875000000.0,375000000.0,387562500.0,0.0,0.0,,0.0,0.0,0.0
2023-07-27,52.0,0.0,0.0,54.0,52.0,54.0,2.0,2860900.0,151358600.0,228.0,45.8,54.0,2354100.0,53.0,528200.0,1875000000.0,375000000.0,387562500.0,0.0,0.0,,0.0,0.0,0.0
2023-07-28,54.0,0.0,0.0,54.0,52.0,52.0,-2.0,1104400.0,58049500.0,132.0,44.1,53.0,519500.0,52.0,2180600.0,1875000000.0,375000000.0,387562500.0,0.0,0.0,,0.0,0.0,0.0
2023-07-31,52.0,0.0,0.0,53.0,52.0,52.0,0.0,1785600.0,93153600.0,128.0,44.1,53.0,503500.0,52.0,2987300.0,1875000000.0,375000000.0,387562500.0,0.0,0.0,,0.0,0.0,0.0
2023-08-01,52.0,0.0,0.0,53.0,51.0,53.0,1.0,4163500.0,215453700.0,207.0,44.9,53.0,754900.0,52.0,190300.0,1875000000.0,375000000.0,387562500.0,0.0,0.0,,0.0,0.0,0.0
2023-08-02,53.0,0.0,0.0,53.0,51.0,52.0,-1.0,5496400.0,284786300.0,166.0,44.1,53.0,459800.0,52.0,2006800.0,1875000000.0,375000000.0,387562500.0,0.0,0.0,,0.0,0.0,0.0
2023-08-03,52.0,0.0,0.0,53.0,51.0,52.0,0.0,2272800.0,118036500.0,116.0,44.1,52.0,391900.0,51.0,7115500.0,1875000000.0,375000000.0,387562500.0,0.0,0.0,,0.0,0.0,0.0
2023-08-04,52.0,0.0,0.0,53.0,51.0,52.0,0.0,1492300.0,77801800.0,108.0,44.1,53.0,839200.0,52.0,3475900.0,1875000000.0,375000000.0,387562500.0,0.0,0.0,,0.0,0.0,0.0
2023-08-07,52.0,0.0,0.0,54.0,52.0,54.0,2.0,4521400.0,239330800.0,147.0,45.8,54.0,3390300.0,53.0,234300.0,1875000000.0,375000000.0,387562500.0,0.0,0.0,,0.0,0.0,0.0
2023-08-08,54.0,0.0,0.0,54.0,52.0,52.0,-2.0,1811100.0,95724500.0,163.0,44.1,53.0,159100.0,52.0,10711200.0,1875000000.0,375000000.0,387562500.0,0.0,0.0,,0.0,0.0,0.0
2023-08-09,52.0,0.0,0.0,55.0,52.0,54.0,2.0,6625300.0,354160900.0,995.0,45.8,55.0,599200.0,54.0,500.0,1875000000.0,375000000.0,387562500.0,0.0,0.0,,0.0,0.0,0.0
2023-08-10,54.0,0.0,0.0,54.0,53.0,53.0,-1.0,1601900.0,84963300.0,120.0,44.9,54.0,1309500.0,53.0,642300.0,1875000000.0,375000000.0,387562500.0,0.0,0.0,,0.0,0.0,0.0
2023-08-11,53.0,0.0,0.0,54.0,52.0,54.0,1.0,1305100.0,69137200.0,89.0,45.8,54.0,486600.0,53.0,990000.0,1875000000.0,375000000.0,387562500.0,0.0,0.0,,0.0,0.0,0.0
2023-08-14,54.0,0.0,0.0,54.0,52.0,52.0,-2.0,850700.0,44976800.0,107.0,44.1,53.0,204300.0,52.0,3418800.0,1875000000.0,375000000.0,387562500.0,0.0,0.0,,0.0,0.0,0.0
2023-08-15,52.0,0.0,0.0,53.0,51.0,53.0,1.0,4710000.0,245942400.0,158.0,44.9,54.0,770900.0,52.0,3426400.0,1875000000.0,375000000.0,387562500.0,1121300.0,0.0,,0.0,0.0,0.0
2023-08-16,53.0,0.0,0.0,53.0,52.0,52.0,-1.0,405500.0,21097800.0,44.0,44.1,53.0,615300.0,52.0,4582800.0,1875000000.0,375000000.0,387562500.0,0.0,0.0,,40000.0,2120000.0,1.0
2023-08-18,52.0,0.0,0.0,53.0,52.0,52.0,0.0,771700.0,40357300.0,57.0,44.1,53.0,1217000.0,52.0,2154300.0,1875000000.0,375000000.0,387562500.0,0.0,0.0,,0.0,0.0,0.0
2023-08-21,52.0,0.0,0.0,53.0,51.0,52.0,0.0,3822300.0,198184600.0,119.0,44.1,53.0,1480500.0,52.0,117000.0,1875000000.0,375000000.0,387562500.0,0.0,14000.0,,0.0,0.0,0.0
2023-08-22,52.0,0.0,0.0,55.0,51.0,54.0,2.0,3125400.0,166088900.0,222.0,45.8,54.0,595000.0,53.0,1155200.0,1875000000.0,375000000.0,387562500.0,100.0,0.0,,0.0,0.0,0.0
2023-08-23,54.0,0.0,0.0,54.0,52.0,53.0,-1.0,1251400.0,66668200.0,154.0,44.9,53.0,1065800.0,52.0,1178400.0,1875000000.0,375000000.0,387562500.0,0.0,15000.0,,0.0,0.0,0.0
2023-08-24,53.0,0.0,0.0,54.0,52.0,53.0,0.0,1199400.0,63342100.0,119.0,44.9,54.0,1178800.0,53.0,105600.0,1875000000.0,375000000.0,387562500.0,0.0,0.0,,0.0,0.0,0.0
2023-08-25,53.0,0.0,0.0,54.0,52.0,53.0,0.0,2427400.0,127003300.0,134.0,44.9,53.0,193900.0,52.0,3239100.0,1875000000.0,375000000.0,387562500.0,0.0,0.0,,0.0,0.0,0.0
2023-08-28,53.0,0.0,0.0,54.0,52.0,52.0,-1.0,765500.0,40037700.0,90.0,44.1,53.0,191400.0,52.0,1911900.0,1875000000.0,375000000.0,387562500.0,0.0,0.0,,0.0,0.0,0.0
2023-08-29,52.0,0.0,0.0,53.0,52.0,52.0,0.0,816900.0,42652800.0,96.0,44.1,53.0,330100.0,52.0,2271500.0,1875000000.0,375000000.0,387562500.0,0.0,0.0,,0.0,0.0,0.0
2023-08-30,52.0,0.0,0.0,54.0,52.0,53.0,1.0,2825000.0,149496900.0,212.0,44.9,54.0,2333000.0,52.0,2134200.0,1875000000.0,375000000.0,387562500.0,0.0,0.0,,0.0,0.0,0.0
2023-08-31,53.0,0.0,0.0,54.0,52.0,52.0,-1.0,2355100.0,124527300.0,520.0,44.1,53.0,88600.0,52.0,1542800.0,1875000000.0,375000000.0,387562500.0,0.0,0.0,,0.0,0.0,0.0
2023-09-01,52.0,0.0,0.0,53.0,52.0,52.0,0.0,765400.0,39809600.0,63.0,44.1,53.0,809000.0,52.0,2170400.0,1875000000.0,375000000.0,387562500.0,0.0,0.0,,0.0,0.0,0.0
2023-09-04,52.0,0.0,0.0,53.0,51.0,51.0,-1.0,1581300.0,82214700.0,198.0,43.2,52.0,39500.0,51.0,7786400.0,1875000000.0,375000000.0,387562500.0,0.0,0.0,,0.0,0.0,0.0
2023-09-05,51.0,0.0,0.0,54.0,51.0,53.0,2.0,4352300.0,229687300.0,214.0,44.9,53.0,59200.0,52.0,337200.0,1875000000.0,375000000.0,387562500.0,0.0,0.0,,0.0,0.0,0.0
2023-09-06,53.0,0.0,0.0,54.0,52.0,52.0,-1.0,908800.0,47841800.0,142.0,44.1,53.0,367700.0,52.0,3413100.0,1875000000.0,375000000.0,387562500.0,0.0,0.0,,0.0,0.0,0.0
2023-09-07,52.0,0.0,0.0,54.0,52.0,53.0,1.0,666100.0,35217700.0,91.0,44.9,53.0,5179900.0,52.0,935800.0,1875000000.0,375000000.0,387562500.0,5100.0,0.0,,0.0,0.0,0.0
2023-09-08,53.0,0.0,0.0,53.0,52.0,53.0,0.0,604300.0,31480800.0,58.0,44.9,53.0,3122800.0,52.0,426400.0,1875000000.0,375000000.0,387562500.0,0.0,0.0,,0.0,0.0,0.0
2023-09-11,53.0,0.0,0.0,53.0,51.0,52.0,-1.0,1589200.0,83175700.0,61.0,44.1,53.0,2298900.0,52.0,630400.0,1875000000.0,375000000.0,387562500.0,0.0,0.0,,0.0,0.0,0.0
2023-09-12,52.0,0.0,0.0,53.0,51.0,53.0,1.0,1578300.0,81474400.0,54.0,44.9,53.0,3219100.0,52.0,1014100.0,1875000000.0,375000000.0,387562500.0,0.0,0.0,,0.0,0.0,0.0
2023-09-13,53.0,0.0,0.0,53.0,52.0,53.0,0.0,860300.0,45237500.0,57.0,44.9,53.0,585300.0,52.0,36600.0,1875000000.0,375000000.0,387562500.0,0.0,0.0,,0.0,0.0,0.0
2023-09-14,53.0,0.0,0.0,53.0,51.0,52.0,-1.0,957400.0,49287300.0,169.0,44.1,53.0,584500.0,52.0,61000.0,1875000000.0,375000000.0,387562500.0,0.0,0.0,,0.0,0.0,0.0
2023-09-15,52.0,0.0,0.0,53.0,51.0,51.0,-1.0,229700.0,11852800.0,220.0,43.2,52.0,99500.0,51.0,1688400.0,1875000000.0,375000000.0,387562500.0,0.0,15000.0,,0.0,0.0,0.0
2023-09-18,51.0,0.0,0.0,53.0,51.0,52.0,1.0,1211100.0,62505500.0,92.0,44.1,52.0,74000.0,51.0,795500.0,1875000000.0,375000000.0,387562500.0,0.0,0.0,,0.0,0.0,0.0
2023-09-19,52.0,0.0,0.0,53.0,51.0,52.0,0.0,1457200.0,75698100.0,163.0,44.1,52.0,88400.0,51.0,1226000.0,1875000000.0,375000000.0,387562500.0,0.0,0.0,,0.0,0.0,0.0
2023-09-20,52.0,0.0,0.0,54.0,53.0,53.0,1.0,2129700.0,112897200.0,77.0,44.9,53.0,19900.0,52.0,1929800.0,1875000000.0,375000000.0,387562500.0,0.0,0.0,,0.0,0.0,0.0
2023-09-21,53.0,0.0,0.0,54.0,52.0,53.0,0.0,604400.0,32052200.0,98.0,44.9,54.0,1560200.0,53.0,187000.0,1875000000.0,375000000.0,387562500.0,0.0,0.0,,0.0,0.0,0.0
2023-09-22,53.0,0.0,0.0,54.0,53.0,54.0,1.0,804700.0,43199600.0,62.0,45.8,54.0,366900.0,53.0,331200.0,1875000000.0,375000000.0,387562500.0,0.0,0.0,,0.0,0.0,0.0
2023-09-25,54.0,0.0,0.0,54.0,52.0,53.0,-1.0,3844300.0,201164300.0,128.0,44.9,53.0,44100.0,52.0,2381900.0,1875000000.0,1862550000.0,387562500.0,0.0,15000.0,,0.0,0.0,0.0
2023-09-26,53.0,0.0,0.0,54.0,52.0,53.0,0.0,460100.0,24181200.0,69.0,44.9,53.0,123900.0,52.0,3099700.0,1875000000.0,1862550000.0,387562500.0,0.0,0.0,,0.0,0.0,0.0
2023-09-27,53.0,0.0,0.0,54.0,52.0,54.0,1.0,328600.0,17422400.0,55.0,45.8,54.0,2103500.0,53.0,198300.0,1875000000.0,1862550000.0,387562500.0,0.0,0.0,,0.0,0.0,0.0
2023-09-29,54.0,0.0,0.0,54.0,52.0,53.0,-1.0,213000.0,11274500.0,194.0,44.9,53.0,1059700.0,52.0,4081300.0,1875000000.0,1862550000.0,387562500.0,0.0,0.0,,0.0,0.0,0.0
2023-10-02,53.0,0.0,0.0,54.0,52.0,53.0,0.0,1417400.0,74984400.0,108.0,44.9,53.0,165300.0,52.0,4088800.0,1875000000.0,1862550000.0,387562500.0,0.0,0.0,,0.0,0.0,0.0
2023-10-03,53.0,0.0,0.0,69.0,52.0,55.0,2.0,85630800.0,5294784600.0,5746.0,46.6,56.0,241900.0,55.0,204100.0,1875000000.0,1862550000.0,387562500.0,0.0,151000.0,,0.0,0.0,0.0
2023-10-04,55.0,0.0,0.0,67.0,54.0,59.0,4.0,82456400.0,5067768000.0,6384.0,50.0,59.0,79600.0,58.0,74300.0,1875000000.0,1862550000.0,387562500.0,217400.0,117400.0,,0.0,0.0,0.0
2023-10-05,59.0,0.0,0.0,68.0,59.0,65.0,6.0,58915300.0,3775123500.0,4095.0,55.1,65.0,211900.0,64.0,126800.0,1875000000.0,1862550000.0,387562500.0,0.0,0.0,,0.0,0.0,0.0
2023-10-06,65.0,0.0,0.0,66.0,59.0,60.0,-5.0,19444000.0,1187679900.0,1316.0,50.8,60.0,223900.0,59.0,928200.0,1875000000.0,1862550000.0,387562500.0,0.0,100000.0,,0.0,0.0,0.0
2023-10-09,60.0,0.0,0.0,61.0,55.0,58.0,-2.0,9297800.0,533934000.0,846.0,49.2,58.0,1019200.0,57.0,492800.0,1875000000.0,1862550000.0,387562500.0,0.0,0.0,,0.0,0.0,0.0
2023-10-10,58.0,0.0,0.0,59.0,56.0,56.0,-2.0,4466900.0,256000300.0,421.0,47.5,57.0,113700.0,56.0,914900.0,1875000000.0,1862550000.0,387562500.0,0.0,0.0,,0.0,0.0,0.0
2023-10-11,56.0,0.0,0.0,62.0,56.0,58.0,2.0,14844100.0,881316500.0,1130.0,49.2,59.0,500.0,58.0,524900.0,1875000000.0,1862550000.0,387562500.0,0.0,0.0,,0.0,0.0,0.0
2023-10-12,58.0,0.0,0.0,60.0,57.0,57.0,-1.0,5788300.0,334239000.0,495.0,48.3,57.0,89800.0,56.0,652100.0,1875000000.0,1862550000.0,387562500.0,0.0,0.0,,0.0,0.0,0.0
2023-10-13,57.0,0.0,0.0,58.0,53.0,55.0,-2.0,9672000.0,535841500.0,542.0,46.6,55.0,9900.0,54.0,159800.0,1875000000.0,1862550000.0,387562500.0,0.0,100000.0,,0.0,0.0,0.0
2023-10-16,55.0,0.0,0.0,55.0,52.0,53.0,-2.0,5089300.0,270664700.0,345.0,44.9,53.0,232100.0,52.0,785100.0,1875000000.0,1862550000.0,387562500.0,100000.0,0.0,,0.0,0.0,0.0
2023-10-17,53.0,0.0,0.0,54.0,52.0,53.0,0.0,5725400.0,298772900.0,389.0,44.9,53.0,156300.0,52.0,2271700.0,1875000000.0,1862550000.0,387562500.0,100000.0,0.0,,0.0,0.0,0.0
2023-10-18,53.0,0.0,0.0,57.0,53.0,54.0,1.0,7993500.0,438651800.0,1058.0,45.8,55.0,206900.0,54.0,1170300.0,1875000000.0,1862550000.0,387562500.0,0.0,0.0,,0.0,0.0,0.0
2023-10-19,54.0,0.0,0.0,55.0,52.0,54.0,0.0,3914500.0,208897400.0,265.0,45.8,55.0,309800.0,54.0,264400.0,1875000000.0,1862550000.0,387562500.0,0.0,0.0,,0.0,0.0,0.0
2023-10-20,54.0,0.0,0.0,55.0,53.0,53.0,-1.0,2710300.0,145554900.0,146.0,44.9,54.0,160100.0,53.0,644200.0,1875000000.0,1862550000.0,387562500.0,0.0,0.0,,0.0,0.0,0.0
2023-10-23,53.0,0.0,0.0,54.0,52.0,53.0,0.0,2938900.0,154833000.0,186.0,44.9,53.0,102800.0,52.0,4894300.0,1875000000.0,1862550000.0,387562500.0,0.0,0.0,,0.0,0.0,0.0
2023-10-24,53.0,0.0,0.0,54.0,52.0,53.0,0.0,1818300.0,95095800.0,98.0,44.9,53.0,403500.0,52.0,1106600.0,1875000000.0,1862550000.0,387562500.0,0.0,0.0,,0.0,0.0,0.0
2023-10-25,53.0,0.0,0.0,56.0,52.0,53.0,0.0,7524800.0,406633700.0,1018.0,44.9,54.0,124600.0,53.0,370000.0,1875000000.0,1862550000.0,387562500.0,0.0,0.0,,0.0,0.0,0.0
2023-10-26,53.0,0.0,0.0,55.0,52.0,53.0,0.0,2290300.0,121473600.0,314.0,44.9,54.0,484500.0,53.0,16600.0,1875000000.0,1862550000.0,387562500.0,0.0,0.0,,0.0,0.0,0.0
2023-10-27,53.0,0.0,0.0,54.0,52.0,53.0,0.0,3634100.0,190479400.0,139.0,44.9,53.0,146900.0,52.0,3342100.0,1875000000.0,1862550000.0,387562500.0,0.0,0.0,,0.0,0.0,0.0
2023-10-30,53.0,0.0,0.0,55.0,53.0,54.0,1.0,3871600.0,208073600.0,128.0,45.8,55.0,409200.0,53.0,42600.0,1875000000.0,1862550000.0,387562500.0,0.0,0.0,,0.0,0.0,0.0
2023-10-31,54.0,0.0,0.0,55.0,52.0,54.0,0.0,2025900.0,107502600.0,109.0,45.8,54.0,335400.0,53.0,480000.0,1875000000.0,1862550000.0,387562500.0,0.0,0.0,,0.0,0.0,0.0
2023-11-01,54.0,0.0,0.0,68.0,54.0,64.0,10.0,105572100.0,6637186500.0,6387.0,54.2,64.0,1451400.0,63.0,522200.0,1875000000.0,1862550000.0,387562500.0,0.0,0.0,,0.0,0.0,0.0
2023-11-02,64.0,0.0,0.0,65.0,55.0,59.0,-5.0,40562500.0,2420864600.0,2373.0,50.0,59.0,725800.0,58.0,337700.0,1875000000.0,1862550000.0,387562500.0,0.0,0.0,,0.0,0.0,0.0
2023-11-03,59.0,0.0,0.0,59.0,55.0,55.0,-4.0,10483300.0,597144100.0,685.0,46.6,56.0,22000.0,55.0,258000.0,1875000000.0,1862550000.0,387562500.0,0.0,0.0,,0.0,0.0,0.0
2023-11-06,55.0,0.0,0.0,56.0,53.0,54.0,-1.0,6965100.0,375055200.0,547.0,45.8,54.0,453600.0,53.0,1385500.0,1875000000.0,1862550000.0,387562500.0,0.0,0.0,,0.0,0.0,0.0
2023-11-07,54.0,0.0,0.0,55.0,53.0,54.0,0.0,3001000.0,161646800.0,217.0,45.8,55.0,705600.0,54.0,1596800.0,1875000000.0,1862550000.0,387562500.0,0.0,0.0,,0.0,0.0,0.0
2023-11-08,54.0,0.0,0.0,55.0,53.0,55.0,1.0,3048600.0,164751900.0,153.0,46.6,55.0,602600.0,54.0,1671200.0,1875000000.0,1862550000.0,387562500.0,0.0,0.0,,0.0,0.0,0.0
2023-11-09,55.0,0.0,0.0,55.0,53.0,54.0,-1.0,2903400.0,156993700.0,146.0,45.8,55.0,613300.0,54.0,2080100.0,1875000000.0,1862550000.0,387562500.0,0.0,0.0,,0.0,0.0,0.0
2023-11-10,54.0,0.0,0.0,55.0,53.0,54.0,0.0,2972600.0,159491500.0,117.0,45.8,54.0,85700.0,53.0,2085800.0,1875000000.0,1862550000.0,387562500.0,0.0,0.0,,0.0,0.0,0.0
2023-11-13,54.0,0.0,0.0,54.0,53.0,53.0,-1.0,2462400.0,130783600.0,130.0,44.9,54.0,456100.0,53.0,149200.0,1875000000.0,1862550000.0,387562500.0,0.0,0.0,,0.0,0.0,0.0
2023-11-14,53.0,0.0,0.0,54.0,53.0,54.0,1.0,390700.0,20793400.0,80.0,45.8,54.0,547600.0,53.0,831500.0,1875000000.0,1862550000.0,387562500.0,0.0,0.0,,0.0,0.0,0.0
2023-11-15,54.0,0.0,0.0,61.0,53.0,58.0,4.0,27488000.0,1584379000.0,2229.0,49.2,59.0,815900.0,57.0,233100.0,1875000000.0,1862550000.0,387562500.0,0.0,0.0,,0.0,0.0,0.0
2023-11-16,58.0,0.0,0.0,62.0,56.0,61.0,3.0,14727000.0,871019300.0,1207.0,51.7,61.0,649900.0,60.0,5000.0,1875000000.0,1862550000.0,387562500.0,214500.0,4600000.0,,0.0,0.0,0.0
2023-11-17,61.0,0.0,0.0,64.0,59.0,62.0,1.0,10102200.0,617945000.0,779.0,52.5,62.0,150500.0,61.0,1800.0,1875000000.0,1862550000.0,387562500.0,0.0,1992100.0,,0.0,0.0,0.0
2023-11-20,62.0,0.0,0.0,77.0,59.0,70.0,8.0,106453000.0,7527527400.0,7269.0,59.3,71.0,850000.0,70.0,163300.0,1875000000.0,1862550000.0,387562500.0,9592100.0,3000000.0,,0.0,0.0,0.0
2023-11-21,70.0,0.0,0.0,76.0,66.0,69.0,-1.0,51799300.0,3627208700.0,3957.0,58.5,69.0,341800.0,68.0,96100.0,1875000000.0,1862550000.0,387562500.0,0.0,3400000.0,,0.0,0.0,0.0
2023-11-22,69.0,0.0,0.0,82.0,69.0,75.0,6.0,100188800.0,7676496000.0,8036.0,63.6,76.0,168700.0,75.0,218800.0,1875000000.0,1862550000.0,387562500.0,0.0,200000.0,,0.0,0.0,0.0
2023-11-23,75.0,0.0,0.0,79.0,72.0,72.0,-3.0,36967000.0,2769190200.0,2758.0,61.0,72.0,596200.0,71.0,312200.0,1875000000.0,1862550000.0,387562500.0,200000.0,0.0,,0.0,0.0,0.0
2023-11-24,72.0,0.0,0.0,73.0,66.0,71.0,-1.0,32872500.0,2262039500.0,1720.0,60.2,71.0,195200.0,70.0,131600.0,1875000000.0,1862550000.0,387562500.0,0.0,5819800.0,,0.0,0.0,0.0
2023-11-27,71.0,0.0,0.0,73.0,69.0,72.0,1.0,16610600.0,1182678100.0,831.0,61.0,72.0,311900.0,71.0,1400.0,1875000000.0,1862550000.0,387562500.0,484700.0,5017400.0,,0.0,0.0,0.0
2023-11-28,72.0,0.0,0.0,94.0,72.0,74.0,2.0,336460500.0,28455510400.0,24095.0,62.7,75.0,1140900.0,74.0,4482500.0,1875000000.0,1862550000.0,387562500.0,14217400.0,23600.0,,2500000.0,192500000.0,1.0
2023-11-29,74.0,0.0,0.0,82.0,71.0,81.0,7.0,120699400.0,9289022200.0,7223.0,68.6,81.0,1505800.0,80.0,155300.0,1875000000.0,1862550000.0,387562500.0,23600.0,22956000.0,,0.0,0.0,0.0
2023-11-30,81.0,0.0,0.0,88.0,79.0,81.0,0.0,69795100.0,5796114600.0,5964.0,68.6,81.0,1309600.0,79.0,1005900.0,1875000000.0,1862550000.0,387562500.0,128400.0,2100100.0,,0.0,0.0,0.0
2023-12-01,81.0,0.0,0.0,82.0,75.0,81.0,0.0,56500900.0,4420443700.0,2777.0,68.6,81.0,964900.0,80.0,5000.0,1875000000.0,1862550000.0,387562500.0,40100.0,9065800.0,,0.0,0.0,0.0
2023-12-04,81.0,0.0,0.0,83.0,69.0,81.0,0.0,74785000.0,5820860000.0,3409.0,68.6,81.0,2981100.0,80.0,8000.0,1875000000.0,1862550000.0,387562500.0,1875300.0,24056100.0,,0.0,0.0,0.0
2023-12-05,81.0,0.0,0.0,80.0,74.0,75.0,-6.0,32958900.0,2521508200.0,1669.0,63.6,75.0,483000.0,74.0,1184600.0,1875000000.0,1862550000.0,387562500.0,64800.0,64800.0,,0.0,0.0,0.0
2023-12-06,75.0,0.0,0.0,75.0,71.0,71.0,-4.0,17073900.0,1239694100.0,1242.0,60.2,71.0,2421900.0,70.0,1216200.0,1875000000.0,1862550000.0,387562500.0,50100.0,1561200.0,,0.0,0.0,0.0
2023-12-07,71.0,0.0,0.0,75.0,70.0,72.0,1.0,27033000.0,1944150100.0,1583.0,61.0,72.0,2324200.0,71.0,53900.0,1875000000.0,1862550000.0,387562500.0,80900.0,59200.0,,0.0,0.0,0.0
2023-12-08,72.0,0.0,0.0,73.0,60.0,62.0,-10.0,58353500.0,3715464800.0,2805.0,52.5,62.0,1333300.0,61.0,479500.0,1875000000.0,1862550000.0,387562500.0,119200.0,3082200.0,,0.0,0.0,0.0
2023-12-11,62.0,0.0,0.0,69.0,53.0,63.0,1.0,35643100.0,2272589200.0,2013.0,53.4,63.0,200900.0,62.0,80100.0,1875000000.0,1862550000.0,387562500.0,41100.0,2681300.0,,0.0,0.0,0.0
2023-12-12,63.0,0.0,0.0,69.0,59.0,61.0,-2.0,12228400.0,740737300.0,1161.0,51.7,62.0,577900.0,61.0,3022200.0,1875000000.0,1862550000.0,387562500.0,24900.0,2597100.0,,0.0,0.0,0.0
2023-12-13,61.0,0.0,0.0,67.0,61.0,63.0,2.0,14985700.0,956839800.0,732.0,53.4,64.0,390900.0,63.0,1868500.0,1875000000.0,1862550000.0,387562500.0,98500.0,2490500.0,,0.0,0.0,0.0
2023-12-14,63.0,0.0,0.0,65.0,62.0,64.0,1.0,7094300.0,449410400.0,526.0,54.2,65.0,372600.0,64.0,347600.0,1875000000.0,1862550000.0,387562500.0,0.0,2678000.0,,0.0,0.0,0.0
2023-12-15,64.0,0.0,0.0,67.0,63.0,66.0,2.0,7533100.0,490627500.0,361.0,55.9,67.0,1074900.0,66.0,5022200.0,1875000000.0,1862550000.0,387562500.0,33300.0,3060400.0,,0.0,0.0,0.0
2023-12-18,66.0,0.0,0.0,76.0,66.0,73.0,7.0,62859200.0,4517876800.0,3884.0,61.9,74.0,1274600.0,73.0,1535100.0,1875000000.0,1862550000.0,387562500.0,65100.0,5895200.0,,0.0,0.0,0.0
2023-12-19,73.0,0.0,0.0,75.0,70.0,73.0,0.0,22704800.0,1652297200.0,1184.0,61.9,74.0,2034400.0,73.0,2869000.0,1875000000.0,1862550000.0,387562500.0,1655200.0,1078000.0,,0.0,0.0,0.0
2023-12-20,73.0,0.0,0.0,74.0,72.0,73.0,0.0,6988400.0,509522100.0,402.0,61.9,74.0,5286300.0,73.0,3007400.0,1875000000.0,1862550000.0,387562500.0,1400.0,1652200.0,,0.0,0.0,0.0
2023-12-21,73.0,0.0,0.0,74.0,71.0,72.0,-1.0,6590800.0,475884000.0,315.0,61.0,73.0,652200.0,72.0,1000200.0,1875000000.0,1862550000.0,387562500.0,21300.0,1550400.0,,0.0,0.0,0.0
2023-12-22,72.0,0.0,0.0,74.0,72.0,73.0,1.0,4232600.0,307564100.0,328.0,61.9,74.0,4307700.0,73.0,284600.0,1875000000.0,1862550000.0,387562500.0,40600.0,232000.0,,0.0,0.0,0.0
2023-12-27,73.0,0.0,0.0,74.0,72.0,73.0,0.0,4763300.0,347821400.0,518.0,61.9,74.0,4785900.0,73.0,1306300.0,1875000000.0,1862550000.0,387562500.0,0.0,356900.0,,0.0,0.0,0.0
2023-12-28,73.0,0.0,0.0,74.0,71.0,73.0,0.0,7374300.0,534438300.0,344.0,61.9,74.0,1266900.0,73.0,23900.0,1875000000.0,1862550000.0,387562500.0,14700.0,4531700.0,,0.0,0.0,0.0
2023-12-29,73.0,0.0,0.0,75.0,72.0,75.0,2.0,5601500.0,413167100.0,315.0,63.6,75.0,208600.0,72.0,560600.0,1875000000.0,1862550000.0,387562500.0,0.0,2500100.0,,0.0,0.0,0.0
2024-01-02,75.0,0.0,0.0,76.0,73.0,75.0,0.0,4970300.0,369270000.0,654.0,63.6,75.0,1306900.0,74.0,536400.0,1875000000.0,1862550000.0,387562500.0,0.0,124500.0,,0.0,0.0,0.0
2024-01-03,75.0,0.0,0.0,80.0,74.0,76.0,1.0,12751400.0,983204200.0,1088.0,64.4,77.0,455600.0,76.0,691000.0,1875000000.0,1862550000.0,387562500.0,0.0,856800.0,,0.0,0.0,0.0
2024-01-04,76.0,0.0,0.0,78.0,75.0,77.0,1.0,5465100.0,415832900.0,289.0,65.3,78.0,550900.0,77.0,408300.0,1875000000.0,1862550000.0,387562500.0,0.0,2626700.0,,0.0,0.0,0.0
2024-01-05,77.0,0.0,0.0,80.0,77.0,80.0,3.0,8342500.0,657431800.0,579.0,67.8,81.0,159100.0,77.0,488100.0,1875000000.0,1862550000.0,387562500.0,0.0,2100000.0,,0.0,0.0,0.0
2024-01-08,80.0,0.0,0.0,84.0,78.0,81.0,1.0,9073100.0,730049900.0,689.0,68.6,81.0,188800.0,80.0,340900.0,1875000000.0,1862550000.0,387562500.0,0.0,1324500.0,,0.0,0.0,0.0
2024-01-09,81.0,0.0,0.0,87.0,79.0,82.0,1.0,13609000.0,1122334400.0,1155.0,69.5,83.0,381700.0,82.0,151700.0,1875000000.0,1862550000.0,387562500.0,0.0,1000000.0,,0.0,0.0,0.0
2024-01-10,82.0,0.0,0.0,83.0,81.0,82.0,0.0,3968900.0,325417700.0,307.0,69.5,82.0,127700.0,81.0,798800.0,1875000000.0,1862550000.0,387562500.0,0.0,265300.0,,0.0,0.0,0.0
2024-01-11,82.0,0.0,0.0,82.0,79.0,82.0,0.0,11105600.0,891644500.0,354.0,69.5,82.0,620700.0,80.0,542700.0,1875000000.0,1862550000.0,387562500.0,0.0,6760000.0,,0.0,0.0,0.0
2024-01-12,82.0,0.0,0.0,82.0,80.0,82.0,0.0,4351700.0,352730800.0,172.0,69.5,82.0,1298800.0,81.0,38900.0,1875000000.0,1862550000.0,387562500.0,0.0,2698300.0,,0.0,0.0,0.0
2024-01-15,82.0,0.0,0.0,84.0,80.0,82.0,0.0,8498400.0,690893700.0,527.0,69.5,82.0,1764800.0,81.0,500400.0,1875000000.0,1862550000.0,387562500.0,0.0,1664600.0,,0.0,0.0,0.0
2024-01-16,82.0,0.0,0.0,82.0,80.0,81.0,-1.0,2717300.0,219755400.0,134.0,68.6,81.0,47300.0,80.0,2639000.0,1875000000.0,1862550000.0,387562500.0,0.0,1447300.0,,0.0,0.0,0.0
2024-01-17,81.0,0.0,0.0,83.0,79.0,82.0,1.0,6131500.0,495998200.0,220.0,69.5,82.0,827700.0,81.0,100.0,1875000000.0,1862550000.0,387562500.0,0.0,3000000.0,,0.0,0.0,0.0
2024-01-18,82.0,0.0,0.0,82.0,79.0,80.0,-2.0,4306900.0,345024300.0,247.0,67.8,80.0,570100.0,79.0,692300.0,1875000000.0,1862550000.0,387562500.0,0.0,0.0,,0.0,0.0,0.0
2024-01-19,80.0,0.0,0.0,79.0,76.0,77.0,-3.0,4763800.0,369280100.0,338.0,65.3,77.0,510200.0,76.0,533300.0,1875000000.0,1862550000.0,387562500.0,2000.0,0.0,,0.0,0.0,0.0
2024-01-22,77.0,0.0,0.0,78.0,73.0,73.0,-4.0,3207100.0,239633100.0,305.0,61.9,73.0,505700.0,72.0,156100.0,1875000000.0,1862550000.0,387562500.0,0.0,0.0,,0.0,0.0,0.0
2024-01-23,73.0,0.0,0.0,74.0,71.0,73.0,0.0,1791800.0,129432500.0,253.0,61.9,74.0,261900.0,73.0,20900.0,1875000000.0,1862550000.0,387562500.0,0.0,0.0,,0.0,0.0,0.0
2024-01-24,73.0,0.0,0.0,74.0,71.0,72.0,-1.0,2276400.0,162882800.0,168.0,61.0,72.0,90300.0,71.0,276400.0,1875000000.0,1862550000.0,387562500.0,0.0,0.0,,0.0,0.0,0.0
2024-01-25,72.0,0.0,0.0,74.0,67.0,72.0,0.0,2856700.0,200468100.0,236.0,61.0,72.0,173500.0,71.0,148400.0,1875000000.0,1875000000.0,387562500.0,0.0,0.0,,0.0,0.0,0.0
2024-01-26,72.0,0.0,0.0,72.0,67.0,70.0,-2.0,1891900.0,131443300.0,212.0,59.3,71.0,109100.0,70.0,108200.0,1875000000.0,1875000000.0,387562500.0,0.0,0.0,,0.0,0.0,0.0
2024-01-29,70.0,0.0,0.0,76.0,70.0,72.0,2.0,1694600.0,122165100.0,246.0,61.0,72.0,55900.0,71.0,356000.0,1875000000.0,1875000000.0,387562500.0,0.0,0.0,,0.0,0.0,0.0
2024-01-30,72.0,0.0,0.0,73.0,70.0,71.0,-1.0,862000.0,61587500.0,142.0,60.2,71.0,100.0,70.0,566400.0,1875000000.0,1875000000.0,387562500.0,0.0,0.0,,0.0,0.0,0.0
2024-01-31,71.0,0.0,0.0,72.0,68.0,71.0,0.0,2904100.0,203427400.0,279.0,60.2,71.0,49400.0,70.0,513100.0,1875000000.0,1875000000.0,387562500.0,0.0,0.0,,0.0,0.0,0.0
2024-02-01,71.0,0.0,0.0,71.0,68.0,70.0,-1.0,1119400.0,77580900.0,164.0,59.3,70.0,362000.0,69.0,115800.0,1875000000.0,1875000000.0,387562500.0,0.0,0.0,,0.0,0.0,0.0
2024-02-02,70.0,0.0,0.0,72.0,68.0,72.0,2.0,566700.0,40164900.0,130.0,61.0,72.0,50400.0,71.0,84900.0,1875000000.0,1875000000.0,387562500.0,0.0,0.0,,0.0,0.0,0.0
2024-02-05,72.0,0.0,0.0,73.0,71.0,71.0,-1.0,340500.0,24339400.0,96.0,60.2,71.0,70800.0,70.0,32200.0,1875000000.0,1875000000.0,387562500.0,0.0,0.0,,0.0,0.0,0.0
2024-02-06,71.0,0.0,0.0,72.0,69.0,69.0,-2.0,1924600.0,134856000.0,355.0,58.5,69.0,40000.0,68.0,269400.0,1875000000.0,1875000000.0,387562500.0,0.0,0.0,,0.0,0.0,0.0
2024-02-07,69.0,0.0,0.0,70.0,68.0,68.0,-1.0,1218700.0,83368100.0,186.0,57.6,70.0,83600.0,68.0,3400.0,1875000000.0,1875000000.0,387562500.0,0.0,0.0,,0.0,0.0,0.0
2024-02-12,68.0,0.0,0.0,70.0,66.0,70.0,2.0,1711000.0,115982100.0,162.0,59.3,70.0,240800.0,69.0,472100.0,1875000000.0,1875000000.0,387562500.0,0.0,0.0,,400050000.0,29203650000.0,1.0
2024-02-13,70.0,0.0,0.0,73.0,69.0,73.0,3.0,14509600.0,1029092200.0,282.0,61.9,73.0,64700.0,72.0,2300.0,1875000000.0,1875000000.0,387562500.0,0.0,12451200.0,,0.0,0.0,0.0
2024-02-15,73.0,0.0,0.0,74.0,72.0,73.0,0.0,1062800.0,77665300.0,225.0,61.9,73.0,24500.0,72.0,267600.0,1875000000.0,1875000000.0,387562500.0,0.0,0.0,,0.0,0.0,0.0
2024-02-16,73.0,0.0,0.0,73.0,71.0,71.0,-2.0,1514600.0,107718700.0,134.0,60.2,71.0,30200.0,70.0,383600.0,1875000000.0,1875000000.0,387562500.0,0.0,500000.0,,0.0,0.0,0.0
2024-02-19,71.0,0.0,0.0,72.0,69.0,71.0,0.0,1866800.0,130454700.0,174.0,60.2,71.0,210800.0,70.0,5300.0,1875000000.0,1875000000.0,387562500.0,0.0,500000.0,,0.0,0.0,0.0
2024-02-20,71.0,0.0,0.0,71.0,69.0,71.0,0.0,1208700.0,83730400.0,153.0,60.2,72.0,7800.0,70.0,68600.0,1875000000.0,1875000000.0,387562500.0,0.0,321600.0,,0.0,0.0,0.0
2024-02-21,71.0,0.0,0.0,71.0,69.0,70.0,-1.0,381000.0,26703900.0,102.0,59.3,70.0,79600.0,69.0,575700.0,1875000000.0,1875000000.0,387562500.0,0.0,14800.0,,0.0,0.0,0.0
2024-02-22,70.0,0.0,0.0,70.0,69.0,69.0,-1.0,918000.0,63628300.0,76.0,58.5,70.0,116000.0,69.0,23900.0,1875000000.0,1875000000.0,387562500.0,0.0,500000.0,,0.0,0.0,0.0
2024-02-23,69.0,0.0,0.0,72.0,69.0,71.0,2.0,513900.0,36321000.0,125.0,60.2,72.0,594600.0,70.0,13200.0,1875000000.0,1875000000.0,387562500.0,0.0,100.0,,0.0,0.0,0.0
2024-02-26,71.0,0.0,0.0,72.0,69.0,71.0,0.0,421700.0,29561000.0,127.0,60.2,71.0,201300.0,70.0,2500.0,1875000000.0,1875000000.0,387562500.0,0.0,0.0,,0.0,0.0,0.0
2024-02-27,71.0,0.0,0.0,71.0,69.0,71.0,0.0,272400.0,19168500.0,74.0,60.2,71.0,168200.0,70.0,1900.0,1875000000.0,1875000000.0,387562500.0,0.0,0.0,,0.0,0.0,0.0
2024-02-28,71.0,0.0,0.0,71.0,69.0,71.0,0.0,3159900.0,221128700.0,105.0,60.2,71.0,808300.0,70.0,32000.0,1875000000.0,1875000000.0,387562500.0,2500000.0,2686400.0,,0.0,0.0,0.0
2024-02-29,71.0,0.0,0.0,70.0,68.0,70.0,-1.0,512500.0,35357900.0,127.0,59.3,70.0,176800.0,69.0,50700.0,1875000000.0,1875000000.0,387562500.0,0.0,0.0,,0.0,0.0,0.0
2024-03-01,70.0,0.0,0.0,70.0,67.0,69.0,-1.0,526000.0,36056400.0,139.0,58.5,69.0,37000.0,68.0,72700.0,1875000000.0,1875000000.0,387562500.0,0.0,0.0,,0.0,0.0,0.0
2024-03-04,69.0,0.0,0.0,69.0,68.0,68.0,-1.0,559700.0,38123400.0,86.0,57.6,69.0,153900.0,67.0,111900.0,1875000000.0,1875000000.0,387562500.0,0.0,0.0,,0.0,0.0,0.0
2024-03-05,68.0,0.0,0.0,69.0,67.0,69.0,1.0,477400.0,32307200.0,104.0,58.5,69.0,65400.0,68.0,100.0,1875000000.0,1875000000.0,387562500.0,0.0,0.0,,0.0,0.0,0.0
2024-03-06,69.0,0.0,0.0,69.0,66.0,69.0,0.0,978400.0,65374900.0,130.0,58.5,69.0,147300.0,67.0,130100.0,1875000000.0,1875000000.0,387562500.0,0.0,0.0,,0.0,0.0,0.0
2024-03-07,69.0,0.0,0.0,69.0,67.0,69.0,0.0,856200.0,58281000.0,105.0,58.5,69.0,158300.0,68.0,10800.0,1875000000.0,1875000000.0,387562500.0,0.0,0.0,,0.0,0.0,0.0
2024-03-08,69.0,0.0,0.0,70.0,68.0,69.0,0.0,587300.0,40377200.0,66.0,58.5,69.0,146900.0,68.0,195000.0,1875000000.0,1875000000.0,387562500.0,0.0,0.0,,0.0,0.0,0.0
2024-03-13,69.0,0.0,0.0,71.0,68.0,68.0,-1.0,520700.0,35939400.0,79.0,57.6,69.0,97000.0,68.0,246500.0,1875000000.0,1875000000.0,387562500.0,0.0,0.0,,0.0,0.0,0.0
2024-03-14,68.0,0.0,0.0,69.0,67.0,69.0,1.0,549300.0,37389500.0,87.0,58.5,69.0,319000.0,68.0,29000.0,1875000000.0,1875000000.0,387562500.0,0.0,20000.0,,0.0,0.0,0.0
2024-03-15,69.0,0.0,0.0,69.0,67.0,69.0,0.0,201900.0,13745200.0,80.0,58.5,69.0,476700.0,67.0,149900.0,1875000000.0,1875000000.0,387562500.0,0.0,0.0,,0.0,0.0,0.0
2024-03-18,69.0,0.0,0.0,69.0,67.0,67.0,-2.0,784900.0,53142500.0,82.0,56.8,68.0,31000.0,67.0,181400.0,1875000000.0,1875000000.0,387562500.0,0.0,0.0,,0.0,0.0,0.0
2024-03-19,67.0,0.0,0.0,68.0,67.0,68.0,1.0,234700.0,15872600.0,45.0,57.6,68.0,28500.0,67.0,246200.0,1875000000.0,1875000000.0,387562500.0,0.0,0.0,,0.0,0.0,0.0
2024-03-20,68.0,0.0,0.0,69.0,67.0,68.0,0.0,269700.0,18261400.0,48.0,57.6,68.0,91000.0,67.0,227500.0,1875000000.0,1875000000.0,387562500.0,0.0,0.0,,0.0,0.0,0.0
2024-03-21,68.0,0.0,0.0,69.0,67.0,68.0,0.0,250100.0,16962600.0,40.0,57.6,68.0,12600.0,67.0,218400.0,1875000000.0,1875000000.0,387562500.0,0.0,0.0,,0.0,0.0,0.0
2024-03-22,68.0,0.0,0.0,68.0,67.0,67.0,-1.0,193400.0,13017500.0,41.0,56.8,68.0,165300.0,67.0,244200.0,1875000000.0,1875000000.0,387562500.0,0.0,0.0,,0.0,0.0,0.0
2024-03-25,67.0,0.0,0.0,69.0,67.0,67.0,0.0,640900.0,43539400.0,56.0,56.8,68.0,66400.0,67.0,272900.0,1875000000.0,1875000000.0,387562500.0,0.0,0.0,,0.0,0.0,0.0
2024-03-26,67.0,0.0,0.0,70.0,67.0,70.0,3.0,987300.0,68122700.0,97.0,59.3,70.0,172500.0,68.0,44200.0,1875000000.0,1875000000.0,387562500.0,0.0,0.0,,0.0,0.0,0.0
2024-03-27,70.0,0.0,0.0,70.0,68.0,68.0,-2.0,447300.0,30650900.0,77.0,57.6,69.0,96000.0,68.0,131600.0,1875000000.0,1875000000.0,387562500.0,0.0,0.0,,0.0,0.0,0.0
2024-03-28,68.0,0.0,0.0,69.0,67.0,68.0,0.0,319200.0,21687800.0,59.0,57.6,69.0,108500.0,68.0,38800.0,1875000000.0,1875000000.0,387562500.0,0.0,0.0,,0.0,0.0,0.0
2024-04-01,68.0,0.0,0.0,91.0,69.0,83.0,15.0,114694300.0,9917579900.0,8563.0,70.3,84.0,112600.0,83.0,243500.0,1875000000.0,1875000000.0,318000000.0,0.0,0.0,,0.0,0.0,0.0
2024-04-02,83.0,0.0,0.0,109.0,80.0,102.0,19.0,189024300.0,18604242100.0,13989.0,86.4,103.0,104500.0,102.0,247700.0,1875000000.0,1875000000.0,318000000.0,131800.0,802800.0,,0.0,0.0,0.0
2024-04-03,102.0,0.0,0.0,136.0,102.0,136.0,34.0,256624800.0,31571874800.0,19696.0,115.3,137.0,1335900.0,136.0,1058600.0,1875000000.0,1875000000.0,318000000.0,38099700.0,41636000.0,,0.0,0.0,0.0
2024-04-04,136.0,0.0,0.0,150.0,107.0,128.0,-8.0,199671700.0,26200945900.0,16494.0,108.5,128.0,104300.0,127.0,5000.0,1875000000.0,1875000000.0,318000000.0,13935800.0,11594300.0,,0.0,0.0,0.0
2024-04-05,128.0,0.0,0.0,135.0,121.0,123.0,-5.0,30124400.0,3809463200.0,3116.0,104.2,123.0,685100.0,122.0,244800.0,1875000000.0,1875000000.0,318000000.0,1085700.0,1080300.0,,0.0,0.0,0.0
2024-04-16,123.0,0.0,0.0,124.0,104.0,114.0,-9.0,20333400.0,2299493200.0,1877.0,96.6,115.0,144800.0,114.0,104700.0,1875000000.0,1875000000.0,318000000.0,650900.0,990300.0,,0.0,0.0,0.0
2024-04-17,114.0,0.0,0.0,149.0,112.0,143.0,29.0,107774100.0,14792178800.0,11075.0,121.2,144.0,273800.0,143.0,603700.0,1875000000.0,1875000000.0,318000000.0,8365400.0,6214100.0,,0.0,0.0,0.0
2024-04-18,143.0,0.0,0.0,149.0,126.0,132.0,-11.0,58538500.0,8123387700.0,5670.0,111.9,132.0,61400.0,131.0,72500.0,1875000000.0,1875000000.0,318000000.0,1895800.0,2008700.0,,0.0,0.0,0.0
2024-04-19,132.0,0.0,0.0,159.0,132.0,143.0,11.0,94593800.0,14151259200.0,11105.0,121.2,143.0,345400.0,142.0,57800.0,1875000000.0,1875000000.0,318000000.0,3753500.0,4009700.0,,0.0,0.0,0.0
2024-04-22,143.0,0.0,0.0,160.0,143.0,151.0,8.0,45485700.0,6881365900.0,5868.0,128.0,152.0,252200.0,151.0,770300.0,1875000000.0,1875000000.0,318000000.0,4835600.0,3386000.0,,0.0,0.0,0.0
2024-04-23,151.0,0.0,0.0,153.0,138.0,142.0,-9.0,11437300.0,1645532400.0,1314.0,120.3,143.0,25200.0,142.0,61900.0,1875000000.0,1875000000.0,318000000.0,608400.0,602200.0,,0.0,0.0,0.0
2024-04-24,142.0,0.0,0.0,162.0,143.0,152.0,10.0,51973800.0,7981693600.0,6808.0,128.8,152.0,632700.0,151.0,32900.0,1875000000.0,1875000000.0,318000000.0,2081700.0,1866600.0,,0.0,0.0,0.0
2024-04-25,152.0,0.0,0.0,153.0,144.0,148.0,-4.0,11375800.0,1679726500.0,1421.0,125.4,149.0,160800.0,148.0,383200.0,1875000000.0,1875000000.0,318000000.0,783400.0,731600.0,,0.0,0.0,0.0
2024-04-26,148.0,0.0,0.0,153.0,139.0,142.0,-6.0,9540300.0,1380548800.0,1202.0,120.3,143.0,53700.0,142.0,1074900.0,1875000000.0,1875000000.0,318000000.0,68900.0,103300.0,,0.0,0.0,0.0
2024-04-29,142.0,0.0,0.0,152.0,139.0,142.0,0.0,10159800.0,1470377500.0,1205.0,120.3,143.0,243300.0,142.0,63500.0,1875000000.0,1875000000.0,318000000.0,461400.0,730200.0,,0.0,0.0,0.0
2024-04-30,142.0,0.0,0.0,143.0,135.0,137.0,-5.0,6786000.0,934517200.0,735.0,116.1,138.0,300.0,137.0,154300.0,1875000000.0,1875000000.0,318000000.0,310300.0,389400.0,,0.0,0.0,0.0
2024-05-02,137.0,0.0,0.0,150.0,121.0,131.0,-6.0,29975300.0,3908635900.0,2881.0,111.0,132.0,45800.0,131.0,125000.0,1875000000.0,1875000000.0,318000000.0,1996800.0,5509600.0,,0.0,0.0,0.0
2024-05-03,131.0,0.0,0.0,144.0,125.0,137.0,6.0,20306300.0,2813577900.0,2230.0,116.1,138.0,231600.0,137.0,123400.0,1875000000.0,1875000000.0,318000000.0,462500.0,2424200.0,,0.0,0.0,0.0
2024-05-06,137.0,0.0,0.0,141.0,132.0,135.0,-2.0,8442600.0,1148475500.0,811.0,114.4,135.0,5200.0,134.0,2900.0,1875000000.0,1875000000.0,318000000.0,578300.0,1965600.0,,0.0,0.0,0.0
2024-05-07,135.0,0.0,0.0,137.0,129.0,136.0,1.0,5803000.0,774164200.0,736.0,115.3,136.0,392800.0,135.0,2500.0,1875000000.0,1875000000.0,318000000.0,219600.0,195300.0,,0.0,0.0,0.0
2024-05-08,136.0,0.0,0.0,137.0,129.0,130.0,-6.0,4486400.0,589464800.0,449.0,110.2,131.0,63300.0,130.0,3200.0,1875000000.0,1875000000.0,318000000.0,223400.0,388900.0,,0.0,0.0,0.0
2024-05-13,130.0,0.0,0.0,137.0,126.0,134.0,4.0,7328400.0,967773300.0,823.0,113.6,134.0,29000.0,133.0,480800.0,1875000000.0,1875000000.0,318000000.0,333100.0,1308200.0,,0.0,0.0,0.0
2024-05-14,134.0,0.0,0.0,140.0,132.0,136.0,2.0,4628600.0,629337700.0,768.0,115.3,137.0,161000.0,136.0,100.0,1875000000.0,1875000000.0,318000000.0,359500.0,423600.0,,0.0,0.0,0.0
2024-05-15,136.0,0.0,0.0,148.0,135.0,144.0,8.0,18652800.0,2644226900.0,2617.0,122.0,145.0,141300.0,144.0,202800.0,1875000000.0,1875000000.0,318000000.0,2088000.0,1462600.0,,0.0,0.0,0.0
2024-05-16,144.0,0.0,0.0,148.0,140.0,140.0,-4.0,13954800.0,2008015600.0,2093.0,118.6,140.0,21407000.0,139.0,39900.0,1875000000.0,1875000000.0,318000000.0,2447400.0,1341500.0,,0.0,0.0,0.0
2024-05-17,140.0,0.0,0.0,141.0,135.0,140.0,0.0,4185500.0,577792000.0,536.0,118.6,141.0,107200.0,140.0,51600.0,1875000000.0,1875000000.0,318000000.0,445400.0,599500.0,,0.0,0.0,0.0
2024-05-20,140.0,0.0,0.0,143.0,139.0,141.0,1.0,3031300.0,428251600.0,507.0,119.5,141.0,37500.0,140.0,37000.0,1875000000.0,1875000000.0,318000000.0,60300.0,420600.0,,0.0,0.0,0.0
2024-05-21,141.0,0.0,0.0,173.0,143.0,165.0,24.0,73473400.0,12042085300.0,9849.0,139.8,166.0,233900.0,165.0,595100.0,1875000000.0,1875000000.0,318000000.0,10114500.0,6845600.0,,0.0,0.0,0.0
2024-05-22,165.0,0.0,0.0,169.0,146.0,149.0,-16.0,28905600.0,4467729400.0,4494.0,126.3,149.0,506000.0,148.0,28100.0,1875000000.0,1875000000.0,318000000.0,3100400.0,1288200.0,,0.0,0.0,0.0
2024-05-27,149.0,0.0,0.0,149.0,138.0,142.0,-7.0,10270500.0,1460392800.0,1561.0,120.3,142.0,43500.0,141.0,14800.0,1875000000.0,1875000000.0,318000000.0,282700.0,1990300.0,,0.0,0.0,0.0
2024-05-28,142.0,0.0,0.0,145.0,139.0,142.0,0.0,2617500.0,370487600.0,596.0,120.3,142.0,46000.0,141.0,155800.0,1875000000.0,1875000000.0,318000000.0,29300.0,175500.0,,0.0,0.0,0.0
2024-05-29,142.0,0.0,0.0,153.0,139.0,150.0,8.0,6722100.0,985452200.0,1011.0,127.1,150.0,202300.0,149.0,8000.0,1875000000.0,1875000000.0,318000000.0,88300.0,501600.0,,0.0,0.0,0.0
2024-05-30,150.0,0.0,0.0,152.0,142.0,148.0,-2.0,4051900.0,591905700.0,821.0,125.4,148.0,38000.0,146.0,2500.0,1875000000.0,1875000000.0,318000000.0,146100.0,607400.0,,0.0,0.0,0.0
2024-05-31,148.0,0.0,0.0,149.0,142.0,143.0,-5.0,2215400.0,319517400.0,353.0,121.2,144.0,15000.0,143.0,260300.0,1875000000.0,1875000000.0,318000000.0,785300.0,9200.0,,0.0,0.0,0.0
2024-06-03,143.0,0.0,0.0,144.0,114.0,131.0,-12.0,8087100.0,1058353200.0,1319.0,111.0,132.0,1200.0,131.0,40100.0,1875000000.0,1875000000.0,318000000.0,1913600.0,442700.0,,0.0,0.0,0.0
2024-06-04,131.0,0.0,0.0,144.0,127.0,131.0,0.0,18615500.0,2548169100.0,3485.0,111.0,132.0,3700.0,131.0,38700.0,1875000000.0,1875000000.0,318000000.0,2678200.0,1185700.0,,0.0,0.0,0.0
2024-06-05,131.0,0.0,0.0,135.0,128.0,129.0,-2.0,2230400.0,291412100.0,487.0,109.3,130.0,4800.0,129.0,500.0,1875000000.0,1875000000.0,318000000.0,3700.0,2700.0,,0.0,0.0,0.0
2024-06-06,129.0,0.0,0.0,136.0,129.0,136.0,7.0,3315800.0,440372800.0,508.0,115.3,136.0,20800.0,135.0,18500.0,1875000000.0,1875000000.0,318000000.0,10900.0,124200.0,,0.0,0.0,0.0
2024-06-07,136.0,0.0,0.0,143.0,134.0,142.0,6.0,9116100.0,1281716500.0,1775.0,120.3,142.0,362300.0,141.0,6800.0,1875000000.0,1875000000.0,318000000.0,2773600.0,571200.0,,0.0,0.0,0.0
2024-06-10,142.0,0.0,0.0,143.0,131.0,137.0,-5.0,6301100.0,865889400.0,920.0,116.1,138.0,8000.0,137.0,60800.0,1875000000.0,1875000000.0,318000000.0,644700.0,1425100.0,,0.0,0.0,0.0
2024-06-11,137.0,0.0,0.0,139.0,134.0,139.0,2.0,2609400.0,359439200.0,556.0,117.8,139.0,100800.0,138.0,4400.0,1875000000.0,1875000000.0,318000000.0,72400.0,287000.0,,0.0,0.0,0.0
2024-06-12,139.0,0.0,0.0,135.0,125.0,129.0,-10.0,3173800.0,413101400.0,610.0,109.3,130.0,5500.0,129.0,150600.0,1875000000.0,1875000000.0,318000000.0,261000.0,26000.0,,0.0,0.0,0.0
2024-06-13,129.0,0.0,0.0,134.0,126.0,131.0,2.0,6058900.0,784765600.0,1262.0,111.0,131.0,39700.0,130.0,38900.0,1875000000.0,1875000000.0,318000000.0,901700.0,1230800.0,,0.0,0.0,0.0
2024-06-14,131.0,0.0,0.0,132.0,115.0,121.0,-10.0,5151500.0,633986300.0,890.0,102.5,121.0,129300.0,120.0,50000.0,1875000000.0,1875000000.0,318000000.0,663000.0,502200.0,,0.0,0.0,0.0
2024-06-19,121.0,0.0,0.0,121.0,95.0,99.0,-22.0,19466000.0,2045665400.0,2412.0,83.9,99.0,1603600.0,98.0,6600.0,1875000000.0,1875000000.0,318000000.0,6816800.0,2127200.0,,0.0,0.0,0.0
2024-06-20,99.0,0.0,0.0,101.0,90.0,93.0,-6.0,20806300.0,1947431200.0,2121.0,78.8,93.0,24600.0,92.0,130100.0,1875000000.0,1875000000.0,318000000.0,8045700.0,3547300.0,,0.0,0.0,0.0
2024-06-21,93.0,0.0,0.0,121.0,84.0,115.0,22.0,51194300.0,5715224400.0,6983.0,97.5,116.0,36100.0,115.0,166300.0,1875000000.0,1875000000.0,318000000.0,3689400.0,4135500.0,,0.0,0.0,0.0
2024-06-24,115.0,0.0,0.0,120.0,110.0,113.0,-2.0,12692600.0,1462417400.0,2194.0,95.8,113.0,158600.0,112.0,364700.0,1875000000.0,1875000000.0,318000000.0,2092700.0,282300.0,,0.0,0.0,0.0
2024-06-25,113.0,0.0,0.0,115.0,103.0,111.0,-2.0,3721100.0,415509700.0,765.0,94.1,111.0,160600.0,110.0,120400.0,1875000000.0,1875000000.0,318000000.0,231000.0,653900.0,,0.0,0.0,0.0
2024-06-26,111.0,0.0,0.0,111.0,101.0,109.0,-2.0,1843600.0,199686600.0,1137.0,92.4,109.0,177800.0,107.0,181000.0,1875000000.0,1875000000.0,318000000.0,83100.0,24800.0,,0.0,0.0,0.0
2024-06-27,109.0,0.0,0.0,136.0,107.0,128.0,19.0,76950200.0,9870492400.0,11306.0,108.5,129.0,50700.0,128.0,279000.0,1875000000.0,1875000000.0,318000000.0,3393700.0,3124600.0,,0.0,0.0,0.0
2024-06-28,128.0,0.0,0.0,131.0,119.0,122.0,-6.0,13208700.0,1647397100.0,2320.0,103.4,123.0,1300.0,122.0,157000.0,1875000000.0,1875000000.0,318000000.0,1083800.0,696500.0,,0.0,0.0,0.0
2024-07-01,122.0,0.0,0.0,128.0,113.0,126.0,4.0,5970000.0,744049800.0,1022.0,106.8,127.0,140000.0,126.0,205200.0,1875000000.0,1875000000.0,318375000.0,0.0,818000.0,,0.0,0.0,0.0
2024-07-02,126.0,0.0,0.0,129.0,122.0,127.0,1.0,3591100.0,452705800.0,669.0,107.6,128.0,387500.0,127.0,104400.0,1875000000.0,1875000000.0,318375000.0,126900.0,279900.0,,0.0,0.0,0.0
2024-07-03,127.0,0.0,0.0,136.0,118.0,131.0,4.0,16051800.0,2107520800.0,2281.0,111.0,132.0,136900.0,131.0,513100.0,1875000000.0,1875000000.0,318375000.0,524900.0,925900.0,,0.0,0.0,0.0
2024-07-04,131.0,0.0,0.0,133.0,123.0,128.0,-3.0,8342100.0,1080247600.0,1134.0,108.5,128.0,19000.0,127.0,282100.0,1875000000.0,1875000000.0,318375000.0,178800.0,15100.0,,0.0,0.0,0.0
2024-07-05,128.0,0.0,0.0,131.0,125.0,128.0,0.0,2166100.0,277456900.0,579.0,108.5,129.0,186500.0,128.0,90900.0,1875000000.0,1875000000.0,318375000.0,118300.0,0.0,,0.0,0.0,0.0
2024-07-08,128.0,0.0,0.0,129.0,120.0,126.0,-2.0,2452400.0,309575500.0,526.0,106.8,127.0,558000.0,126.0,5500.0,1875000000.0,1875000000.0,318375000.0,0.0,151300.0,,0.0,0.0,0.0
2024-07-09,126.0,0.0,0.0,128.0,117.0,125.0,-1.0,2040000.0,254963900.0,600.0,105.9,127.0,65100.0,125.0,1300.0,1875000000.0,1875000000.0,318375000.0,18000.0,78400.0,,0.0,0.0,0.0
2024-07-10,125.0,0.0,0.0,128.0,116.0,125.0,0.0,1842000.0,230005800.0,571.0,105.9,125.0,96100.0,124.0,26200.0,1875000000.0,1875000000.0,318375000.0,10900.0,82200.0,,0.0,0.0,0.0
2024-07-11,125.0,0.0,0.0,127.0,116.0,123.0,-2.0,2292200.0,283491500.0,582.0,104.2,125.0,40300.0,123.0,23000.0,1875000000.0,1875000000.0,318375000.0,17700.0,19800.0,,0.0,0.0,0.0
2024-07-12,123.0,0.0,0.0,125.0,114.0,124.0,1.0,1682400.0,205978200.0,377.0,105.1,124.0,74900.0,123.0,1500.0,1875000000.0,1875000000.0,318375000.0,0.0,49300.0,,0.0,0.0,0.0
2024-07-15,124.0,0.0,0.0,124.0,115.0,118.0,-6.0,3033500.0,364349800.0,651.0,100.0,119.0,2000.0,118.0,22300.0,1875000000.0,1875000000.0,318375000.0,53300.0,78100.0,,0.0,0.0,0.0
2024-07-16,118.0,0.0,0.0,126.0,116.0,120.0,2.0,2257600.0,270652100.0,575.0,101.7,121.0,242500.0,120.0,124000.0,1875000000.0,1875000000.0,318375000.0,0.0,0.0,,0.0,0.0,0.0
2024-07-17,120.0,0.0,0.0,121.0,111.0,119.0,-1.0,925700.0,110486700.0,368.0,100.8,120.0,45500.0,119.0,65300.0,1875000000.0,1875000000.0,318375000.0,0.0,0.0,,0.0,0.0,0.0
2024-07-18,119.0,0.0,0.0,121.0,112.0,120.0,1.0,2402900.0,281669900.0,646.0,101.7,120.0,11800.0,117.0,500.0,1875000000.0,1875000000.0,318375000.0,0.0,18000.0,,0.0,0.0,0.0
2024-07-19,120.0,0.0,0.0,120.0,112.0,115.0,-5.0,1037600.0,121042300.0,401.0,97.5,118.0,34900.0,115.0,64900.0,1875000000.0,1875000000.0,318375000.0,0.0,0.0,,0.0,0.0,0.0
2024-07-22,115.0,0.0,0.0,118.0,106.0,117.0,2.0,1226900.0,142281800.0,356.0,99.2,117.0,13300.0,116.0,188600.0,1875000000.0,1875000000.0,318375000.0,0.0,0.0,,0.0,0.0,0.0
2024-07-23,117.0,0.0,0.0,117.0,107.0,117.0,0.0,1145900.0,132756100.0,421.0,99.2,118.0,23600.0,116.0,5800.0,1875000000.0,1875000000.0,318375000.0,0.0,0.0,,0.0,0.0,0.0
2024-07-24,117.0,0.0,0.0,127.0,115.0,125.0,8.0,3702700.0,451357300.0,715.0,105.9,125.0,177100.0,124.0,163500.0,1875000000.0,1875000000.0,318375000.0,0.0,330200.0,,0.0,0.0,0.0
2024-07-25,125.0,0.0,0.0,126.0,115.0,123.0,-2.0,3296800.0,408192000.0,758.0,104.2,124.0,101100.0,123.0,183700.0,1875000000.0,1875000000.0,318375000.0,0.0,0.0,,0.0,0.0,0.0
2024-07-26,123.0,0.0,0.0,133.0,123.0,129.0,6.0,8333600.0,1068970900.0,1505.0,109.3,129.0,196700.0,128.0,46900.0,1875000000.0,1875000000.0,318375000.0,256100.0,905500.0,,0.0,0.0,0.0
2024-07-29,129.0,0.0,0.0,137.0,117.0,125.0,-4.0,20409100.0,2655392700.0,3096.0,105.9,125.0,18900.0,124.0,10500.0,1875000000.0,1875000000.0,318375000.0,309800.0,292300.0,,0.0,0.0,0.0
2024-07-30,125.0,0.0,0.0,130.0,115.0,128.0,3.0,4512700.0,567580300.0,1329.0,108.5,129.0,219400.0,128.0,351900.0,1875000000.0,1875000000.0,318375000.0,229700.0,79400.0,,0.0,0.0,0.0
2024-07-31,128.0,0.0,0.0,131.0,110.0,113.0,-15.0,18811900.0,2142615900.0,2003.0,95.8,113.0,245200.0,112.0,298800.0,1875000000.0,1875000000.0,318375000.0,3635700.0,654500.0,,0.0,0.0,0.0
2024-08-01,113.0,0.0,0.0,132.0,108.0,112.0,-1.0,3770800.0,418954100.0,825.0,94.9,112.0,30500.0,111.0,55400.0,1875000000.0,1875000000.0,318375000.0,273000.0,45100.0,,0.0,0.0,0.0
2024-08-02,112.0,0.0,0.0,116.0,108.0,109.0,-3.0,2810800.0,307553100.0,563.0,92.4,110.0,58400.0,108.0,669800.0,1875000000.0,1875000000.0,318375000.0,0.0,0.0,,0.0,0.0,0.0
2024-08-05,109.0,0.0,0.0,111.0,103.0,103.0,-6.0,5047000.0,533399400.0,4129.0,87.3,103.0,189000.0,102.0,87600.0,1875000000.0,1875000000.0,318375000.0,157800.0,0.0,,0.0,0.0,0.0
2024-08-06,103.0,0.0,0.0,111.0,99.0,104.0,1.0,3914900.0,399700400.0,646.0,88.1,105.0,140600.0,104.0,8000.0,1875000000.0,1875000000.0,318375000.0,320500.0,0.0,,0.0,0.0,0.0
2024-08-07,104.0,0.0,0.0,110.0,101.0,101.0,-3.0,2893800.0,297294800.0,433.0,85.6,102.0,94000.0,100.0,568000.0,1875000000.0,1875000000.0,318375000.0,0.0,0.0,,0.0,0.0,0.0
2024-08-08,101.0,0.0,0.0,104.0,98.0,100.0,-1.0,2209400.0,220992900.0,391.0,84.7,100.0,154500.0,99.0,553700.0,1875000000.0,1875000000.0,318375000.0,0.0,0.0,,0.0,0.0,0.0
2024-08-09,100.0,0.0,0.0,104.0,100.0,101.0,1.0,2556700.0,257848700.0,430.0,85.6,101.0,299300.0,100.0,248000.0,1875000000.0,1875000000.0,318375000.0,228700.0,0.0,,0.0,0.0,0.0
2024-08-12,101.0,0.0,0.0,104.0,100.0,102.0,1.0,2437300.0,247056400.0,315.0,86.4,102.0,104400.0,101.0,1800.0,1875000000.0,1875000000.0,318375000.0,186300.0,0.0,,0.0,0.0,0.0
2024-08-13,102.0,0.0,0.0,104.0,100.0,102.0,0.0,2208000.0,225139500.0,373.0,86.4,103.0,200000.0,101.0,963700.0,1875000000.0,1875000000.0,318375000.0,0.0,367100.0,,0.0,0.0,0.0
2024-08-14,102.0,0.0,0.0,111.0,101.0,104.0,2.0,28085100.0,2986195600.0,3115.0,88.1,105.0,117800.0,104.0,105300.0,1875000000.0,1875000000.0,318375000.0,474500.0,1041000.0,,0.0,0.0,0.0
2024-08-15,104.0,0.0,0.0,105.0,100.0,105.0,1.0,3570000.0,367238700.0,1059.0,89.0,105.0,691300.0,104.0,55200.0,1875000000.0,1875000000.0,318375000.0,92500.0,265900.0,,0.0,0.0,0.0
2024-08-16,105.0,0.0,0.0,105.0,95.0,103.0,-2.0,3057100.0,314443600.0,679.0,87.3,103.0,352400.0,102.0,275100.0,1875000000.0,1875000000.0,318375000.0,177000.0,0.0,,0.0,0.0,0.0
2024-08-19,103.0,0.0,0.0,103.0,94.0,102.0,-1.0,3226200.0,326218300.0,527.0,86.4,103.0,101400.0,102.0,294900.0,1875000000.0,1875000000.0,318375000.0,0.0,0.0,,0.0,0.0,0.0
2024-08-20,102.0,0.0,0.0,107.0,93.0,106.0,4.0,7922400.0,832673000.0,1158.0,89.8,107.0,159900.0,106.0,96800.0,1875000000.0,1875000000.0,318375000.0,729900.0,694500.0,,0.0,0.0,0.0
2024-08-21,106.0,0.0,0.0,108.0,97.0,106.0,0.0,2344900.0,248254400.0,597.0,89.8,106.0,96900.0,105.0,48800.0,1875000000.0,1875000000.0,318375000.0,190700.0,0.0,,0.0,0.0,0.0
2024-08-22,106.0,0.0,0.0,107.0,96.0,105.0,-1.0,1549600.0,163732900.0,337.0,89.0,105.0,800.0,104.0,347100.0,1875000000.0,1875000000.0,318375000.0,98800.0,0.0,,0.0,0.0,0.0
2024-08-23,105.0,0.0,0.0,107.0,97.0,103.0,-2.0,2622500.0,271862400.0,600.0,87.3,104.0,50000.0,103.0,52000.0,1875000000.0,1875000000.0,318375000.0,0.0,0.0,,0.0,0.0,0.0
2024-08-26,103.0,0.0,0.0,106.0,95.0,104.0,1.0,1532000.0,159134700.0,488.0,88.1,105.0,181600.0,104.0,23200.0,1875000000.0,1875000000.0,318375000.0,0.0,0.0,,0.0,0.0,0.0
2024-08-27,104.0,0.0,0.0,106.0,97.0,104.0,0.0,1519300.0,158230100.0,260.0,88.1,104.0,105200.0,103.0,136800.0,1875000000.0,1875000000.0,318375000.0,0.0,115800.0,,0.0,0.0,0.0
2024-08-28,104.0,0.0,0.0,106.0,102.0,105.0,1.0,2274700.0,237865300.0,269.0,89.0,105.0,399700.0,104.0,266700.0,1875000000.0,1875000000.0,318375000.0,0.0,0.0,,0.0,0.0,0.0
2024-08-29,105.0,0.0,0.0,106.0,96.0,104.0,-1.0,2026800.0,211525000.0,217.0,88.1,104.0,17500.0,103.0,3800.0,1875000000.0,1875000000.0,318375000.0,0.0,0.0,,0.0,0.0,0.0
2024-08-30,104.0,0.0,0.0,105.0,102.0,104.0,0.0,1216600.0,124899300.0,206.0,88.1,104.0,75000.0,102.0,491200.0,1875000000.0,1875000000.0,318375000.0,0.0,0.0,,0.0,0.0,0.0
2024-09-02,104.0,0.0,0.0,106.0,95.0,106.0,2.0,2544100.0,265495800.0,386.0,89.8,106.0,113900.0,105.0,612500.0,1875000000.0,1875000000.0,318375000.0,0.0,328700.0,,0.0,0.0,0.0
2024-09-03,106.0,0.0,0.0,108.0,97.0,105.0,-1.0,1560000.0,162313700.0,412.0,89.0,105.0,43100.0,103.0,387700.0,1875000000.0,1875000000.0,318375000.0,0.0,0.0,,0.0,0.0,0.0
2024-09-04,105.0,0.0,0.0,106.0,96.0,105.0,0.0,1216700.0,126695500.0,253.0,89.0,105.0,284100.0,103.0,219400.0,1875000000.0,1875000000.0,318375000.0,0.0,0.0,,0.0,0.0,0.0
2024-09-05,105.0,0.0,0.0,108.0,95.0,108.0,3.0,3772800.0,401793400.0,693.0,91.5,108.0,906400.0,107.0,53000.0,1875000000.0,1875000000.0,318375000.0,0.0,429000.0,,0.0,0.0,0.0
2024-09-06,108.0,0.0,0.0,108.0,100.0,108.0,0.0,1815400.0,193774700.0,577.0,91.5,108.0,1325400.0,107.0,44600.0,1875000000.0,1875000000.0,318375000.0,0.0,207200.0,,0.0,0.0,0.0
2024-09-09,108.0,0.0,0.0,108.0,98.0,107.0,-1.0,1182400.0,125188600.0,299.0,90.7,107.0,820600.0,106.0,40000.0,1875000000.0,1875000000.0,318375000.0,48800.0,0.0,,0.0,0.0,0.0
2024-09-10,107.0,0.0,0.0,107.0,97.0,106.0,-1.0,1315200.0,138241400.0,245.0,89.8,106.0,33700.0,105.0,28600.0,1875000000.0,1875000000.0,318375000.0,11800.0,0.0,,0.0,0.0,0.0
2024-09-11,106.0,0.0,0.0,106.0,97.0,103.0,-3.0,2931200.0,303977000.0,407.0,87.3,104.0,208700.0,103.0,2500.0,1875000000.0,1875000000.0,318375000.0,19400.0,0.0,,0.0,0.0,0.0
2024-09-12,103.0,0.0,0.0,106.0,95.0,105.0,2.0,1080700.0,111869800.0,216.0,89.0,105.0,186000.0,104.0,45800.0,1875000000.0,1875000000.0,318375000.0,5700.0,0.0,,0.0,0.0,0.0
2024-09-13,105.0,0.0,0.0,105.0,96.0,102.0,-3.0,929100.0,95709600.0,132.0,86.4,104.0,71600.0,102.0,283600.0,1875000000.0,1875000000.0,318375000.0,3200.0,0.0,,0.0,0.0,0.0
2024-09-17,102.0,0.0,0.0,105.0,100.0,103.0,1.0,3216600.0,327422000.0,368.0,87.3,103.0,45100.0,102.0,125000.0,1875000000.0,1875000000.0,318375000.0,52100.0,0.0,,0.0,0.0,0.0
2024-09-18,103.0,0.0,0.0,104.0,100.0,102.0,-1.0,1406800.0,142846300.0,305.0,86.4,102.0,6100.0,101.0,340400.0,1875000000.0,1875000000.0,318375000.0,74900.0,0.0,,0.0,0.0,0.0
2024-09-19,102.0,0.0,0.0,103.0,101.0,102.0,0.0,448400.0,45672900.0,168.0,86.4,102.0,123400.0,101.0,140700.0,1875000000.0,1875000000.0,318375000.0,62100.0,0.0,,0.0,0.0,0.0
2024-09-20,102.0,0.0,0.0,109.0,101.0,102.0,0.0,1124400.0,114550800.0,173.0,86.4,103.0,145200.0,102.0,1800.0,1875000000.0,1875000000.0,318375000.0,100.0,0.0,,0.0,0.0,0.0
2024-09-23,102.0,0.0,0.0,109.0,100.0,101.0,-1.0,2455100.0,247233700.0,278.0,85.6,101.0,94200.0,100.0,655000.0,1875000000.0,1875000000.0,318375000.0,100.0,0.0,,0.0,0.0,0.0
2024-09-24,101.0,0.0,0.0,107.0,100.0,102.0,1.0,858700.0,87134700.0,193.0,86.4,102.0,106800.0,100.0,1023000.0,1875000000.0,1875000000.0,318375000.0,32300.0,0.0,,0.0,0.0,0.0
2024-09-25,102.0,0.0,0.0,107.0,101.0,103.0,1.0,2832900.0,292454600.0,376.0,87.3,104.0,177100.0,102.0,1020200.0,1875000000.0,1875000000.0,318375000.0,2300.0,195600.0,,64983300.0,6498330000.0,1.0
2024-09-26,103.0,0.0,0.0,104.0,95.0,102.0,-1.0,969500.0,99607800.0,144.0,86.4,102.0,3700.0,101.0,348800.0,1875000000.0,1875000000.0,318375000.0,2900.0,0.0,,0.0,0.0,0.0
2024-09-27,102.0,0.0,0.0,104.0,94.0,102.0,0.0,530300.0,54009600.0,123.0,86.4,102.0,2600.0,101.0,325200.0,1875000000.0,1875000000.0,318375000.0,1800.0,0.0,,0.0,0.0,0.0
2024-09-30,102.0,0.0,0.0,105.0,93.0,103.0,1.0,1513100.0,155841400.0,167.0,87.3,104.0,31800.0,103.0,475600.0,1875000000.0,1875000000.0,318375000.0,100.0,0.0,,0.0,0.0,0.0
2024-10-01,103.0,0.0,0.0,105.0,95.0,104.0,1.0,1057700.0,109709000.0,193.0,88.1,105.0,219200.0,104.0,45900.0,1875000000.0,1875000000.0,316500000.0,7000.0,0.0,,0.0,0.0,0.0
2024-10-02,104.0,0.0,0.0,106.0,95.0,103.0,-1.0,1548900.0,160723100.0,192.0,87.3,104.0,77000.0,103.0,45500.0,1875000000.0,1875000000.0,316500000.0,28100.0,0.0,,0.0,0.0,0.0
2024-10-03,103.0,0.0,0.0,105.0,94.0,103.0,0.0,666000.0,68656200.0,130.0,87.3,104.0,91700.0,103.0,100.0,1875000000.0,1875000000.0,316500000.0,4900.0,0.0,,0.0,0.0,0.0
2024-10-04,103.0,0.0,0.0,104.0,94.0,102.0,-1.0,1068400.0,108617900.0,213.0,86.4,102.0,26600.0,101.0,236100.0,1875000000.0,1875000000.0,316500000.0,11400.0,0.0,,0.0,0.0,0.0
2024-10-07,102.0,0.0,0.0,103.0,94.0,102.0,0.0,611500.0,62183900.0,118.0,86.4,103.0,91500.0,101.0,127300.0,1875000000.0,1875000000.0,316500000.0,0.0,0.0,,0.0,0.0,0.0
2024-10-08,102.0,0.0,0.0,103.0,93.0,101.0,-1.0,542800.0,55252800.0,98.0,85.6,103.0,73800.0,101.0,255600.0,1875000000.0,1875000000.0,316500000.0,50000.0,0.0,,0.0,0.0,0.0
2024-10-09,101.0,0.0,0.0,104.0,92.0,102.0,1.0,691100.0,70799500.0,102.0,86.4,103.0,108300.0,102.0,11700.0,1875000000.0,1875000000.0,316500000.0,69100.0,0.0,,0.0,0.0,0.0
2024-10-10,102.0,0.0,0.0,103.0,93.0,101.0,-1.0,606800.0,61671500.0,71.0,85.6,103.0,41000.0,101.0,338400.0,1875000000.0,1875000000.0,316500000.0,0.0,0.0,,0.0,0.0,0.0
2024-10-11,101.0,0.0,0.0,107.0,92.0,105.0,4.0,3312800.0,347676300.0,442.0,89.0,105.0,36400.0,104.0,55500.0,1875000000.0,1875000000.0,316500000.0,106500.0,0.0,,0.0,0.0,0.0
2024-10-14,105.0,0.0,0.0,106.0,95.0,104.0,-1.0,1038300.0,107806100.0,179.0,88.1,104.0,127200.0,103.0,101100.0,1875000000.0,1875000000.0,316500000.0,102600.0,0.0,,0.0,0.0,0.0
2024-10-15,104.0,0.0,0.0,105.0,94.0,103.0,-1.0,1221700.0,126327200.0,112.0,87.3,104.0,119700.0,103.0,69000.0,1875000000.0,1875000000.0,316500000.0,0.0,0.0,,0.0,0.0,0.0
2024-10-16,103.0,0.0,0.0,105.0,94.0,103.0,0.0,470100.0,48714000.0,75.0,87.3,104.0,237800.0,103.0,595600.0,1875000000.0,1875000000.0,316500000.0,0.0,0.0,,0.0,0.0,0.0
2024-10-17,103.0,0.0,0.0,109.0,103.0,107.0,4.0,3503600.0,373331400.0,430.0,90.7,107.0,66600.0,106.0,5600.0,1875000000.0,1875000000.0,316500000.0,34000.0,5000.0,,0.0,0.0,0.0
2024-10-18,107.0,0.0,0.0,109.0,104.0,106.0,-1.0,1725600.0,184267900.0,135.0,89.8,107.0,40700.0,106.0,162400.0,1875000000.0,1875000000.0,316500000.0,0.0,0.0,,0.0,0.0,0.0
2024-10-21,106.0,0.0,0.0,110.0,104.0,106.0,0.0,3706400.0,393311800.0,375.0,89.8,106.0,51600.0,104.0,694300.0,1875000000.0,1875000000.0,316500000.0,1000.0,0.0,,0.0,0.0,0.0
2024-10-22,106.0,0.0,0.0,107.0,100.0,105.0,-1.0,1596400.0,168900600.0,105.0,89.0,106.0,40000.0,105.0,259900.0,1875000000.0,1875000000.0,316500000.0,4000.0,0.0,,0.0,0.0,0.0
2024-10-23,105.0,0.0,0.0,107.0,105.0,106.0,1.0,1284000.0,135127300.0,81.0,89.8,106.0,54700.0,105.0,304700.0,1875000000.0,1875000000.0,316500000.0,100.0,0.0,,0.0,0.0,0.0
2024-10-24,106.0,0.0,0.0,143.0,106.0,127.0,21.0,129797200.0,16976383100.0,13315.0,107.6,127.0,225100.0,126.0,220000.0,1875000000.0,1875000000.0,316500000.0,9264800.0,5705900.0,,0.0,0.0,0.0
2024-10-25,127.0,0.0,0.0,136.0,117.0,121.0,-6.0,15813900.0,1944051400.0,1660.0,102.5,121.0,1900.0,120.0,703800.0,1875000000.0,1875000000.0,316500000.0,993700.0,1187800.0,,0.0,0.0,0.0
2024-10-28,121.0,0.0,0.0,128.0,112.0,124.0,3.0,7144700.0,890859000.0,1025.0,105.1,125.0,333700.0,124.0,1169500.0,1875000000.0,1875000000.0,316500000.0,377500.0,334100.0,,0.0,0.0,0.0
2024-10-29,124.0,0.0,0.0,132.0,116.0,123.0,-1.0,7371500.0,931724600.0,1060.0,104.2,124.0,3500.0,123.0,146900.0,1875000000.0,1875000000.0,316500000.0,319000.0,184700.0,,0.0,0.0,0.0
2024-10-30,123.0,0.0,0.0,149.0,114.0,136.0,13.0,74915400.0,10521850700.0,6825.0,115.3,137.0,148400.0,136.0,108700.0,1875000000.0,1875000000.0,316500000.0,3092800.0,4721900.0,,0.0,0.0,0.0
2024-10-31,136.0,0.0,0.0,139.0,129.0,131.0,-5.0,16872200.0,2227961300.0,1405.0,111.0,131.0,107100.0,130.0,177000.0,1875000000.0,1875000000.0,316500000.0,1304200.0,458800.0,,0.0,0.0,0.0
2024-11-01,131.0,0.0,0.0,136.0,125.0,132.0,1.0,10103900.0,1330618300.0,908.0,111.9,132.0,266100.0,131.0,45600.0,1875000000.0,1875000000.0,316500000.0,1675100.0,460300.0,,0.0,0.0,0.0
2024-11-04,132.0,0.0,0.0,135.0,122.0,126.0,-6.0,11674600.0,1485677600.0,975.0,106.8,126.0,47500.0,123.0,18500.0,1875000000.0,1875000000.0,316500000.0,312800.0,62700.0,,0.0,0.0,0.0
2024-11-05,126.0,0.0,0.0,127.0,116.0,120.0,-6.0,6825200.0,832552300.0,602.0,101.7,122.0,73200.0,120.0,347300.0,1875000000.0,1875000000.0,316500000.0,433100.0,1700800.0,,0.0,0.0,0.0
2024-11-06,120.0,0.0,0.0,130.0,121.0,127.0,7.0,8923400.0,1120636500.0,1646.0,107.6,127.0,89300.0,126.0,187100.0,1875000000.0,1875000000.0,316500000.0,588400.0,1100300.0,,0.0,0.0,0.0
2024-11-07,127.0,0.0,0.0,129.0,117.0,127.0,0.0,3837000.0,480005100.0,705.0,107.6,127.0,209800.0,126.0,40000.0,1875000000.0,1875000000.0,316500000.0,778500.0,272200.0,,0.0,0.0,0.0
2024-11-08,127.0,0.0,0.0,132.0,121.0,130.0,3.0,7075500.0,914195200.0,1222.0,110.2,130.0,338000.0,129.0,5400.0,1875000000.0,1875000000.0,316500000.0,1422600.0,264000.0,,0.0,0.0,0.0
2024-11-11,130.0,0.0,0.0,131.0,120.0,128.0,-2.0,2387700.0,304673800.0,454.0,108.5,128.0,12700.0,127.0,127000.0,1875000000.0,1875000000.0,316500000.0,40600.0,25500.0,,0.0,0.0,0.0
2024-11-12,128.0,0.0,0.0,132.0,118.0,126.0,-2.0,1735200.0,219383000.0,264.0,106.8,127.0,31500.0,126.0,899000.0,1875000000.0,1875000000.0,316500000.0,10100.0,0.0,,0.0,0.0,0.0
2024-11-13,126.0,0.0,0.0,130.0,122.0,128.0,2.0,2846600.0,362295100.0,279.0,108.5,128.0,21800.0,127.0,150700.0,1875000000.0,1875000000.0,316500000.0,114700.0,27800.0,,0.0,0.0,0.0
2024-11-14,128.0,0.0,0.0,128.0,124.0,124.0,-4.0,2428300.0,304389900.0,343.0,105.1,127.0,508300.0,124.0,137800.0,1875000000.0,1875000000.0,316500000.0,103200.0,157300.0,,0.0,0.0,0.0
2024-11-15,124.0,0.0,0.0,126.0,115.0,121.0,-3.0,2086300.0,256023800.0,256.0,102.5,122.0,168200.0,121.0,46900.0,1875000000.0,1875000000.0,316500000.0,2500.0,464800.0,,0.0,0.0,0.0
2024-11-18,121.0,0.0,0.0,126.0,112.0,124.0,3.0,6140900.0,751632200.0,526.0,105.1,125.0,189000.0,124.0,57100.0,1875000000.0,1875000000.0,316500000.0,12900.0,518300.0,,0.0,0.0,0.0
2024-11-19,124.0,0.0,0.0,125.0,114.0,122.0,-2.0,1113000.0,135604700.0,238.0,103.4,123.0,57300.0,122.0,6000.0,1875000000.0,1875000000.0,316500000.0,127000.0,0.0,,0.0,0.0,0.0
2024-11-20,122.0,0.0,0.0,124.0,120.0,120.0,-2.0,1928700.0,233447900.0,217.0,101.7,120.0,77900.0,119.0,207300.0,1875000000.0,1875000000.0,316500000.0,100000.0,0.0,,0.0,0.0,0.0
2024-11-21,120.0,0.0,0.0,123.0,111.0,121.0,1.0,1087500.0,130810700.0,209.0,102.5,121.0,146000.0,119.0,146000.0,1875000000.0,1875000000.0,316500000.0,100000.0,0.0,,0.0,0.0,0.0
2024-11-22,121.0,0.0,0.0,122.0,118.0,120.0,-1.0,1270800.0,151823600.0,187.0,101.7,121.0,85000.0,120.0,4200.0,1875000000.0,1875000000.0,316500000.0,0.0,0.0,,0.0,0.0,0.0
2024-11-25,120.0,0.0,0.0,123.0,111.0,122.0,2.0,2071300.0,251511200.0,219.0,103.4,122.0,174200.0,121.0,226700.0,1875000000.0,1875000000.0,316500000.0,784800.0,785000.0,,0.0,0.0,0.0
2024-11-26,122.0,0.0,0.0,125.0,115.0,122.0,0.0,2608800.0,319132500.0,361.0,103.4,123.0,117900.0,122.0,3700.0,1875000000.0,1875000000.0,316500000.0,0.0,107800.0,,0.0,0.0,0.0
2024-11-28,122.0,0.0,0.0,127.0,112.0,124.0,2.0,1908300.0,237510400.0,270.0,105.1,125.0,194000.0,124.0,1375600.0,1875000000.0,1875000000.0,316500000.0,0.0,372000.0,,0.0,0.0,0.0
2024-11-29,124.0,0.0,0.0,126.0,115.0,125.0,1.0,1575000.0,194776100.0,151.0,105.9,125.0,225800.0,124.0,123300.0,1875000000.0,1875000000.0,316500000.0,0.0,0.0,,0.0,0.0,0.0
2024-12-02,125.0,0.0,0.0,130.0,115.0,129.0,4.0,4286900.0,548732800.0,496.0,109.3,130.0,532400.0,129.0,901800.0,1875000000.0,1875000000.0,316500000.0,0.0,0.0,,0.0,0.0,0.0
2024-12-03,129.0,0.0,0.0,134.0,120.0,128.0,-1.0,6421500.0,841350700.0,476.0,108.5,128.0,170700.0,127.0,205100.0,1875000000.0,1875000000.0,316500000.0,80800.0,670000.0,,0.0,0.0,0.0
2024-12-04,128.0,0.0,0.0,132.0,118.0,132.0,4.0,2657200.0,346462100.0,372.0,111.9,132.0,48000.0,131.0,82300.0,1875000000.0,1875000000.0,316500000.0,23700.0,0.0,,0.0,0.0,0.0
2024-12-05,132.0,0.0,0.0,133.0,122.0,131.0,-1.0,1199900.0,157351400.0,226.0,111.0,132.0,219300.0,131.0,9500.0,1875000000.0,1875000000.0,316500000.0,1800.0,0.0,,0.0,0.0,0.0
2024-12-06,131.0,0.0,0.0,134.0,121.0,132.0,1.0,570200.0,74821400.0,146.0,111.9,132.0,289300.0,131.0,12700.0,1875000000.0,1875000000.0,316500000.0,17800.0,0.0,,0.0,0.0,0.0
2024-12-09,132.0,132.0,131.0,132.0,129.0,130.0,-2.0,1561000.0,202713900.0,139.0,110.2,131.0,21600.0,130.0,638000.0,1875000000.0,1875000000.0,316500000.0,0.0,132000.0,,0.0,0.0,0.0
2024-12-10,130.0,131.0,131.0,131.0,128.0,129.0,-1.0,1895200.0,245993700.0,110.0,109.3,129.0,8800.0,128.0,498500.0,1875000000.0,1875000000.0,316500000.0,250400.0,688000.0,,0.0,0.0,0.0
2024-12-11,129.0,130.0,130.0,131.0,127.0,130.0,1.0,890600.0,114811600.0,127.0,110.2,131.0,138200.0,130.0,1222900.0,1875000000.0,1875000000.0,316500000.0,0.0,0.0,,0.0,0.0,0.0
2024-12-12,130.0,128.0,131.0,131.0,125.0,126.0,-4.0,2013500.0,255805100.0,171.0,106.8,128.0,900.0,126.0,156000.0,1875000000.0,1875000000.0,316500000.0,0.0,0.0,,0.0,0.0,0.0
2024-12-13,126.0,132.0,131.0,132.0,127.0,127.0,1.0,650600.0,84181600.0,93.0,107.6,128.0,22200.0,126.0,302300.0,1875000000.0,1875000000.0,316500000.0,100000.0,0.0,,13100.0,1637500.0,1.0
2024-12-16,127.0,127.0,128.0,130.0,126.0,127.0,0.0,2096300.0,266802500.0,175.0,107.6,128.0,351100.0,126.0,353900.0,1875000000.0,1875000000.0,316500000.0,85000.0,0.0,,0.0,0.0,0.0
2024-12-17,127.0,0.0,0.0,128.0,125.0,125.0,-2.0,1532500.0,193219700.0,121.0,105.9,127.0,24600.0,125.0,192300.0,1875000000.0,1875000000.0,316500000.0,0.0,0.0,,0.0,0.0,0.0
2024-12-18,125.0,125.0,127.0,130.0,125.0,125.0,0.0,827600.0,105128900.0,438.0,105.9,127.0,23700.0,125.0,335400.0,1875000000.0,1875000000.0,316500000.0,0.0,19100.0,,0.0,0.0,0.0
2024-12-19,125.0,125.0,125.0,127.0,124.0,125.0,0.0,787700.0,98417000.0,116.0,105.9,125.0,18600.0,124.0,181200.0,1875000000.0,1875000000.0,316500000.0,117200.0,0.0,,0.0,0.0,0.0
2024-12-20,125.0,125.0,125.0,129.0,125.0,126.0,1.0,672100.0,85252000.0,186.0,106.8,127.0,1000.0,126.0,237100.0,1875000000.0,1875000000.0,316500000.0,0.0,126700.0,,0.0,0.0,0.0
2024-12-23,126.0,0.0,0.0,128.0,125.0,127.0,1.0,495600.0,62315900.0,87.0,107.6,127.0,29800.0,125.0,223700.0,1875000000.0,1875000000.0,316500000.0,0.0,0.0,,0.0,0.0,0.0
2024-12-24,127.0,0.0,0.0,129.0,125.0,125.0,-2.0,1391300.0,175625300.0,116.0,105.9,127.0,58800.0,125.0,399900.0,1875000000.0,1875000000.0,316500000.0,108600.0,0.0,,0.0,0.0,0.0
2024-12-27,125.0,124.0,126.0,126.0,121.0,124.0,-1.0,942100.0,116503500.0,124.0,105.1,126.0,100800.0,124.0,40500.0,1875000000.0,1875000000.0,316500000.0,46500.0,0.0,,0.0,0.0,0.0
2024-12-30,124.0,0.0,0.0,130.0,124.0,129.0,5.0,1519000.0,193167000.0,135.0,109.3,129.0,222100.0,128.0,500.0,1875000000.0,1875000000.0,316500000.0,0.0,0.0,,0.0,0.0,0.0
2025-01-02,129.0,129.0,128.0,129.0,125.0,127.0,-2.0,1561000.0,196983700.0,111.0,107.6,127.0,49300.0,126.0,72000.0,1875000000.0,1875000000.0,251437500.0,0.0,94300.0,,0.0,0.0,0.0
2025-01-03,127.0,127.0,127.0,128.0,126.0,126.0,-1.0,376300.0,47719900.0,65.0,106.8,127.0,51000.0,126.0,42700.0,1875000000.0,1875000000.0,251437500.0,0.0,0.0,,0.0,0.0,0.0
2025-01-06,126.0,127.0,127.0,127.0,121.0,124.0,-2.0,519800.0,64804900.0,80.0,105.1,126.0,300.0,124.0,9900.0,1875000000.0,1875000000.0,251437500.0,54100.0,0.0,,0.0,0.0,0.0
2025-01-07,124.0,124.0,126.0,126.0,123.0,123.0,-1.0,527600.0,65366500.0,74.0,104.2,123.0,60600.0,122.0,312200.0,1875000000.0,1875000000.0,251437500.0,0.0,0.0,,0.0,0.0,0.0
2025-01-08,123.0,0.0,0.0,125.0,122.0,124.0,1.0,938200.0,115664800.0,144.0,105.1,124.0,247600.0,123.0,63600.0,1875000000.0,1875000000.0,251437500.0,0.0,0.0,,0.0,0.0,0.0
2025-01-09,124.0,124.0,124.0,125.0,115.0,122.0,-2.0,815100.0,97155800.0,106.0,103.4,125.0,47900.0,122.0,100.0,1875000000.0,1875000000.0,251437500.0,0.0,326500.0,,0.0,0.0,0.0
2025-01-10,122.0,123.0,125.0,125.0,120.0,123.0,1.0,408900.0,50162200.0,58.0,104.2,124.0,58400.0,122.0,63600.0,1875000000.0,1875000000.0,251437500.0,164000.0,0.0,,0.0,0.0,0.0
2025-01-13,123.0,123.0,122.0,124.0,120.0,123.0,0.0,586800.0,71351900.0,90.0,104.2,122.0,80000.0,121.0,5000.0,1875000000.0,1875000000.0,251437500.0,0.0,48100.0,,0.0,0.0,0.0
2025-01-14,123.0,124.0,124.0,128.0,121.0,126.0,3.0,1336400.0,166723700.0,133.0,106.8,127.0,204500.0,126.0,200.0,1875000000.0,1875000000.0,251437500.0,0.0,0.0,,0.0,0.0,0.0
2025-01-15,126.0,0.0,0.0,127.0,123.0,125.0,-1.0,367900.0,45803300.0,50.0,105.9,125.0,7800.0,124.0,7100.0,1875000000.0,1875000000.0,251437500.0,0.0,0.0,,0.0,0.0,0.0
2025-01-16,125.0,125.0,124.0,127.0,123.0,127.0,2.0,758200.0,95152400.0,82.0,107.6,127.0,531700.0,126.0,10200.0,1875000000.0,1875000000.0,251437500.0,0.0,900.0,,0.0,0.0,0.0
2025-01-17,127.0,128.0,128.0,129.0,124.0,125.0,-2.0,1370000.0,172957700.0,97.0,105.9,126.0,7200.0,125.0,30100.0,1875000000.0,1875000000.0,251437500.0,0.0,123600.0,,0.0,0.0,0.0
2025-01-20,125.0,0.0,0.0,132.0,125.0,130.0,5.0,3398900.0,438930200.0,301.0,110.2,130.0,29500.0,129.0,107900.0,1875000000.0,1875000000.0,251437500.0,0.0,386100.0,,0.0,0.0,0.0
2025-01-21,130.0,131.0,131.0,132.0,127.0,129.0,-1.0,1551800.0,199998200.0,192.0,109.3,129.0,27700.0,128.0,61000.0,1875000000.0,1875000000.0,251437500.0,0.0,0.0,,0.0,0.0,0.0
2025-01-22,129.0,129.0,128.0,132.0,128.0,131.0,2.0,1345500.0,175439600.0,112.0,111.0,131.0,200.0,130.0,33400.0,1875000000.0,1875000000.0,251437500.0,0.0,0.0,,0.0,0.0,0.0
2025-01-23,131.0,131.0,131.0,144.0,129.0,136.0,5.0,8631300.0,1182014500.0,846.0,115.3,137.0,66800.0,136.0,3200.0,1875000000.0,1875000000.0,251437500.0,99600.0,0.0,,0.0,0.0,0.0
2025-01-24,136.0,136.0,137.0,138.0,132.0,134.0,-2.0,1540100.0,207647000.0,270.0,113.6,135.0,10000.0,134.0,61900.0,1875000000.0,1875000000.0,251437500.0,31000.0,0.0,,0.0,0.0,0.0
2025-01-30,134.0,136.0,135.0,144.0,133.0,142.0,8.0,5196100.0,724537800.0,815.0,120.3,142.0,917500.0,141.0,200.0,1875000000.0,1875000000.0,251437500.0,85000.0,127100.0,,0.0,0.0,0.0
2025-01-31,142.0,143.0,142.0,166.0,138.0,155.0,13.0,21330600.0,3270628100.0,2174.0,131.4,155.0,78900.0,154.0,1800.0,1875000000.0,1875000000.0,251437500.0,1297700.0,72300.0,,0.0,0.0,0.0
2025-02-03,155.0,158.0,159.0,186.0,156.0,175.0,20.0,53291800.0,9073103600.0,6426.0,148.3,176.0,504500.0,175.0,378000.0,1875000000.0,1875000000.0,251437500.0,1395600.0,1500400.0,,0.0,0.0,0.0
2025-02-04,175.0,177.0,178.0,179.0,156.0,167.0,-8.0,22618400.0,3810789700.0,3066.0,141.5,167.0,2038600.0,166.0,17600.0,1875000000.0,1875000000.0,251437500.0,2165700.0,2070700.0,,0.0,0.0,0.0
2025-02-05,167.0,167.0,166.0,170.0,164.0,167.0,0.0,6368700.0,1059574700.0,821.0,141.5,167.0,5731000.0,164.0,6800.0,1875000000.0,1875000000.0,251437500.0,114800.0,256000.0,,0.0,0.0,0.0
2025-02-06,167.0,168.0,168.0,168.0,152.0,160.0,-7.0,9810100.0,1561463200.0,1012.0,135.6,160.0,3137500.0,159.0,205100.0,1875000000.0,1875000000.0,251437500.0,41000.0,1082400.0,,0.0,0.0,0.0
2025-02-07,160.0,160.0,159.0,166.0,155.0,158.0,-2.0,5549600.0,881272200.0,503.0,133.9,158.0,305000.0,157.0,41100.0,1875000000.0,1875000000.0,251437500.0,113700.0,219000.0,,0.0,0.0,0.0
2025-02-10,158.0,159.0,159.0,163.0,155.0,160.0,2.0,8008400.0,1261888900.0,635.0,135.6,160.0,1160500.0,159.0,190700.0,1875000000.0,1875000000.0,251437500.0,126200.0,10800.0,,0.0,0.0,0.0
2025-02-11,160.0,161.0,160.0,161.0,155.0,159.0,-1.0,3079200.0,484028100.0,545.0,134.7,159.0,283700.0,156.0,34500.0,1875000000.0,1875000000.0,251437500.0,102100.0,1000.0,,0.0,0.0,0.0
2025-02-12,159.0,159.0,160.0,161.0,151.0,152.0,-7.0,5712700.0,879534700.0,623.0,128.8,152.0,830900.0,151.0,37600.0,1875000000.0,1875000000.0,251437500.0,231300.0,44500.0,,0.0,0.0,0.0
2025-02-13,152.0,152.0,152.0,155.0,143.0,153.0,1.0,9846600.0,1467796300.0,947.0,129.7,154.0,18200.0,153.0,4900.0,1875000000.0,1875000000.0,251437500.0,1131100.0,311000.0,,0.0,0.0,0.0
2025-02-14,153.0,155.0,154.0,156.0,150.0,153.0,0.0,1731900.0,263516100.0,178.0,129.7,153.0,68200.0,150.0,40500.0,1875000000.0,1875000000.0,251437500.0,6900.0,51600.0,,0.0,0.0,0.0
2025-02-17,153.0,150.0,150.0,155.0,147.0,150.0,-3.0,1702400.0,255220700.0,194.0,127.1,152.0,175100.0,150.0,249900.0,1875000000.0,1875000000.0,251437500.0,3700.0,127800.0,,0.0,0.0,0.0
2025-02-18,150.0,152.0,152.0,155.0,150.0,152.0,2.0,1176100.0,178497700.0,213.0,128.8,152.0,7800.0,151.0,182600.0,1875000000.0,1875000000.0,251437500.0,2500.0,354700.0,,0.0,0.0,0.0
2025-02-19,152.0,0.0,0.0,165.0,151.0,161.0,9.0,5363700.0,855207600.0,960.0,136.4,162.0,155000.0,161.0,63000.0,1875000000.0,1875000000.0,251437500.0,376900.0,289000.0,,0.0,0.0,0.0
2025-02-20,161.0,162.0,162.0,165.0,159.0,165.0,4.0,4378000.0,711948500.0,461.0,139.8,165.0,270100.0,164.0,21000.0,1875000000.0,1875000000.0,251437500.0,198600.0,307900.0,,0.0,0.0,0.0
2025-02-21,165.0,166.0,167.0,167.0,161.0,164.0,-1.0,1152400.0,188234900.0,263.0,139.0,164.0,25100.0,162.0,200300.0,1875000000.0,1875000000.0,251437500.0,0.0,0.0,,0.0,0.0,0.0
2025-02-24,164.0,162.0,163.0,170.0,161.0,167.0,3.0,2924600.0,488570800.0,478.0,141.5,167.0,30900.0,166.0,100.0,1875000000.0,1875000000.0,251437500.0,0.0,301800.0,,0.0,0.0,0.0
2025-02-25,167.0,170.0,170.0,170.0,161.0,166.0,-1.0,1966800.0,326119000.0,408.0,140.7,166.0,121000.0,163.0,500.0,1875000000.0,1875000000.0,251437500.0,214700.0,56600.0,,0.0,0.0,0.0
2025-02-26,166.0,167.0,168.0,168.0,154.0,160.0,-6.0,4643100.0,736954200.0,553.0,135.6,160.0,34100.0,159.0,27000.0,1875000000.0,1875000000.0,251437500.0,93100.0,3000.0,,0.0,0.0,0.0
2025-02-27,160.0,161.0,161.0,163.0,155.0,156.0,-4.0,1235600.0,194349400.0,206.0,132.2,156.0,505100.0,155.0,33900.0,1875000000.0,1875000000.0,251437500.0,57200.0,0.0,,0.0,0.0,0.0
2025-02-28,156.0,156.0,155.0,157.0,152.0,157.0,1.0,1788100.0,275853000.0,191.0,133.1,157.0,185000.0,156.0,25000.0,1875000000.0,1875000000.0,251437500.0,158600.0,10000.0,,0.0,0.0,0.0
2025-03-03,157.0,157.0,158.0,162.0,155.0,161.0,4.0,1259100.0,199221300.0,247.0,136.4,162.0,29200.0,161.0,200000.0,1875000000.0,1875000000.0,251437500.0,0.0,163900.0,,82469800.0,13112698200.0,1.0
2025-03-04,161.0,163.0,163.0,164.0,155.0,155.0,-6.0,1703900.0,269978800.0,261.0,131.4,155.0,206000.0,154.0,14000.0,1875000000.0,1875000000.0,251437500.0,0.0,0.0,,0.0,0.0,0.0
2025-03-05,155.0,155.0,154.0,158.0,153.0,156.0,1.0,1409900.0,220374200.0,312.0,132.2,157.0,5000.0,156.0,20900.0,1875000000.0,1875000000.0,251437500.0,210000.0,59800.0,,0.0,0.0,0.0
2025-03-06,156.0,158.0,156.0,169.0,155.0,168.0,12.0,2238000.0,369920400.0,423.0,142.4,169.0,44100.0,168.0,131800.0,1875000000.0,1875000000.0,251437500.0,0.0,41600.0,,0.0,0.0,0.0
2025-03-07,168.0,170.0,170.0,170.0,164.0,168.0,0.0,2975400.0,497627200.0,249.0,142.4,169.0,139900.0,167.0,50100.0,1875000000.0,1875000000.0,251437500.0,2057800.0,117000.0,,0.0,0.0,0.0
2025-03-10,168.0,168.0,168.0,190.0,167.0,171.0,3.0,14152100.0,2533533100.0,2177.0,144.9,171.0,34300.0,170.0,142600.0,1875000000.0,1875000000.0,251437500.0,1211800.0,485700.0,,0.0,0.0,0.0
2025-03-11,171.0,170.0,170.0,196.0,165.0,181.0,10.0,9074100.0,1635185400.0,1511.0,153.4,183.0,101100.0,181.0,40900.0,1875000000.0,1875000000.0,251437500.0,371500.0,485800.0,,0.0,0.0,0.0
2025-03-12,181.0,202.0,202.0,202.0,172.0,173.0,-8.0,14137400.0,2548188900.0,1609.0,146.6,173.0,362000.0,172.0,161000.0,1875000000.0,1875000000.0,251437500.0,1203600.0,245800.0,,0.0,0.0,0.0
2025-03-13,173.0,174.0,175.0,182.0,170.0,177.0,4.0,4465700.0,785241800.0,1304.0,150.0,177.0,89800.0,176.0,13000.0,1875000000.0,1875000000.0,251437500.0,8000.0,514500.0,,0.0,0.0,0.0
2025-03-14,177.0,180.0,180.0,180.0,174.0,176.0,-1.0,4873800.0,863997900.0,548.0,149.2,176.0,40000.0,175.0,305200.0,1875000000.0,1875000000.0,251437500.0,61000.0,231700.0,,0.0,0.0,0.0
2025-03-17,176.0,178.0,178.0,187.0,175.0,185.0,9.0,5192600.0,943167400.0,680.0,156.8,186.0,43500.0,185.0,1400.0,1875000000.0,1875000000.0,251437500.0,77100.0,224900.0,,0.0,0.0,0.0
2025-03-18,185.0,188.0,189.0,236.0,185.0,228.0,43.0,28481300.0,5964814400.0,5539.0,193.2,228.0,33000.0,226.0,6900.0,1875000000.0,1875000000.0,251437500.0,1733200.0,1753300.0,,0.0,0.0,0.0
2025-03-19,228.0,228.0,228.0,238.0,206.0,222.0,-6.0,15817000.0,3535590800.0,2189.0,188.1,224.0,100.0,222.0,4500.0,1875000000.0,1875000000.0,251437500.0,722700.0,451100.0,,0.0,0.0,0.0
2025-03-20,222.0,220.0,220.0,220.0,208.0,212.0,-10.0,2102700.0,446107600.0,602.0,179.7,212.0,56800.0,210.0,11800.0,1875000000.0,1875000000.0,251437500.0,42500.0,0.0,,0.0,0.0,0.0
2025-03-21,212.0,212.0,216.0,236.0,204.0,206.0,-6.0,14369000.0,3204852200.0,2996.0,174.6,206.0,10200.0,204.0,93700.0,1875000000.0,1875000000.0,251437500.0,974200.0,130100.0,,0.0,0.0,0.0
2025-03-24,206.0,206.0,204.0,206.0,182.0,188.0,-18.0,3339300.0,637184000.0,696.0,159.3,191.0,4800.0,188.0,293600.0,1875000000.0,1875000000.0,251437500.0,58300.0,286400.0,,0.0,0.0,0.0
2025-03-25,188.0,191.0,191.0,198.0,182.0,182.0,-6.0,1637100.0,304143300.0,367.0,154.2,183.0,100.0,182.0,22600.0,1875000000.0,1875000000.0,251437500.0,5800.0,200400.0,,0.0,0.0,0.0
2025-03-26,182.0,186.0,187.0,196.0,184.0,185.0,3.0,1391600.0,261126800.0,435.0,156.8,186.0,18500.0,184.0,159500.0,1875000000.0,1875000000.0,251437500.0,14800.0,14600.0,,0.0,0.0,0.0
2025-03-27,185.0,185.0,185.0,189.0,183.0,183.0,-2.0,700200.0,129591900.0,219.0,155.1,183.0,38400.0,182.0,30800.0,1875000000.0,1875000000.0,251437500.0,9300.0,0.0,,0.0,0.0,0.0
2025-04-08,183.0,156.0,156.0,175.0,156.0,162.0,-21.0,2999900.0,481317600.0,654.0,137.3,162.0,300.0,160.0,91700.0,1875000000.0,1875000000.0,251437500.0,4400.0,12500.0,,0.0,0.0,0.0
2025-04-09,162.0,167.0,165.0,182.0,147.0,167.0,5.0,3112500.0,518531000.0,642.0,141.5,168.0,1800.0,167.0,4200.0,1875000000.0,1875000000.0,251437500.0,0.0,172100.0,,0.0,0.0,0.0
2025-04-10,167.0,174.0,173.0,177.0,168.0,175.0,8.0,1254100.0,215828800.0,200.0,148.3,175.0,36100.0,174.0,6500.0,1875000000.0,1875000000.0,251437500.0,0.0,462000.0,,0.0,0.0,0.0
2025-04-11,175.0,175.0,175.0,175.0,168.0,173.0,-2.0,541700.0,92531300.0,113.0,146.6,173.0,24900.0,171.0,100.0,1875000000.0,1875000000.0,251437500.0,0.0,5800.0,,0.0,0.0,0.0
2025-04-14,173.0,173.0,173.0,202.0,172.0,195.0,22.0,5980600.0,1143981700.0,983.0,165.3,195.0,200.0,194.0,24600.0,1875000000.0,1875000000.0,251437500.0,160800.0,998200.0,,0.0,0.0,0.0
2025-04-15,195.0,196.0,195.0,196.0,181.0,187.0,-8.0,2842500.0,529978300.0,596.0,158.5,186.0,18900.0,185.0,100.0,1875000000.0,1875000000.0,251437500.0,2800.0,0.0,,0.0,0.0,0.0
2025-04-16,187.0,187.0,188.0,189.0,181.0,185.0,-2.0,1095200.0,202861300.0,343.0,156.8,185.0,16700.0,182.0,16200.0,1875000000.0,1875000000.0,251437500.0,75100.0,0.0,,0.0,0.0,0.0
2025-04-17,185.0,187.0,185.0,191.0,177.0,182.0,-3.0,1458000.0,266846700.0,392.0,154.2,182.0,150800.0,180.0,32100.0,1875000000.0,1875000000.0,251437500.0,0.0,62200.0,,0.0,0.0,0.0
2025-04-21,182.0,183.0,183.0,184.0,177.0,183.0,1.0,878900.0,158803000.0,230.0,155.1,183.0,113000.0,179.0,151900.0,1875000000.0,1875000000.0,251437500.0,0.0,116600.0,,0.0,0.0,0.0
2025-04-22,183.0,183.0,183.0,195.0,177.0,186.0,3.0,3084400.0,574302400.0,476.0,157.6,186.0,9800.0,182.0,144100.0,1875000000.0,1875000000.0,251437500.0,50000.0,357500.0,,0.0,0.0,0.0
2025-04-23,186.0,0.0,0.0,192.0,184.0,184.0,-2.0,965700.0,179572700.0,206.0,155.9,186.0,4100.0,184.0,4700.0,1875000000.0,1875000000.0,251437500.0,0.0,0.0,,0.0,0.0,0.0
2025-04-24,184.0,186.0,186.0,188.0,180.0,183.0,-1.0,873700.0,161638200.0,224.0,155.1,185.0,1100.0,183.0,25000.0,1875000000.0,1875000000.0,251437500.0,5400.0,0.0,,0.0,0.0,0.0
2025-04-25,183.0,182.0,183.0,186.0,182.0,185.0,2.0,728000.0,133370700.0,151.0,156.8,185.0,14600.0,184.0,30700.0,1875000000.0,1875000000.0,251437500.0,0.0,0.0,,0.0,0.0,0.0
2025-04-28,185.0,185.0,185.0,185.0,183.0,184.0,-1.0,1748000.0,320811700.0,119.0,155.9,185.0,38800.0,184.0,2200.0,1875000000.0,1875000000.0,251437500.0,0.0,0.0,,0.0,0.0,0.0
2025-04-29,184.0,186.0,186.0,186.0,182.0,183.0,-1.0,814500.0,149990200.0,156.0,155.1,185.0,23300.0,183.0,191600.0,1875000000.0,1875000000.0,251437500.0,0.0,0.0,,0.0,0.0,0.0
2025-04-30,183.0,183.0,183.0,190.0,156.0,161.0,-22.0,17323600.0,2799604600.0,2362.0,136.4,161.0,161000.0,160.0,385300.0,1875000000.0,1875000000.0,251437500.0,507200.0,162500.0,,0.0,0.0,0.0
2025-05-02,161.0,161.0,162.0,164.0,156.0,157.0,-4.0,2538100.0,403560000.0,702.0,133.1,158.0,48800.0,157.0,116100.0,1875000000.0,1875000000.0,251437500.0,111600.0,0.0,,0.0,0.0,0.0
2025-05-05,157.0,159.0,159.0,166.0,158.0,163.0,6.0,3385700.0,549869800.0,963.0,138.1,163.0,52200.0,162.0,100.0,1875000000.0,1875000000.0,251437500.0,183000.0,139700.0,,0.0,0.0,0.0
2025-05-06,163.0,163.0,163.0,164.0,159.0,159.0,-4.0,1324200.0,213029800.0,361.0,134.7,162.0,360600.0,159.0,148000.0,1875000000.0,1875000000.0,251437500.0,6100.0,0.0,,0.0,0.0,0.0
2025-05-07,159.0,159.0,159.0,162.0,157.0,158.0,-1.0,1230600.0,195276100.0,273.0,133.9,159.0,200.0,158.0,36700.0,1875000000.0,1875000000.0,251437500.0,0.0,71400.0,,0.0,0.0,0.0
2025-05-08,158.0,158.0,158.0,160.0,157.0,159.0,1.0,391500.0,61902800.0,140.0,134.7,159.0,22200.0,158.0,100.0,1875000000.0,1875000000.0,251437500.0,0.0,55900.0,,0.0,0.0,0.0
2025-05-09,159.0,0.0,0.0,160.0,156.0,156.0,-3.0,1225200.0,192737300.0,215.0,132.2,157.0,2700.0,156.0,51600.0,1875000000.0,1875000000.0,251437500.0,153800.0,0.0,,0.0,0.0,0.0
2025-05-14,156.0,156.0,157.0,160.0,156.0,158.0,2.0,707000.0,111313500.0,173.0,133.9,159.0,138600.0,158.0,4100.0,1875000000.0,1875000000.0,251437500.0,100000.0,0.0,,0.0,0.0,0.0
2025-05-15,158.0,0.0,0.0,160.0,157.0,158.0,0.0,1073100.0,169793300.0,147.0,133.9,159.0,109000.0,158.0,102200.0,1875000000.0,1875000000.0,251437500.0,0.0,187700.0,,0.0,0.0,0.0
2025-05-16,158.0,160.0,160.0,204.0,158.0,180.0,22.0,31126300.0,5655783200.0,3998.0,152.5,181.0,800.0,180.0,374000.0,1875000000.0,1875000000.0,251437500.0,2217800.0,1613500.0,,0.0,0.0,0.0
2025-05-19,180.0,180.0,181.0,184.0,173.0,177.0,-3.0,4886400.0,874027800.0,953.0,150.0,178.0,46300.0,177.0,17600.0,1875000000.0,1875000000.0,251437500.0,311900.0,517900.0,,0.0,0.0,0.0
2025-05-20,177.0,178.0,179.0,180.0,173.0,175.0,-2.0,2102700.0,369834700.0,387.0,148.3,175.0,124300.0,173.0,212500.0,1875000000.0,1875000000.0,251437500.0,5000.0,70000.0,,0.0,0.0,0.0
2025-05-21,175.0,176.0,175.0,176.0,167.0,170.0,-5.0,3231700.0,551406400.0,491.0,144.1,170.0,216500.0,168.0,6500.0,1875000000.0,1875000000.0,251437500.0,0.0,226700.0,,0.0,0.0,0.0
2025-05-22,170.0,170.0,170.0,173.0,168.0,172.0,2.0,1163400.0,199307700.0,233.0,145.8,172.0,7800.0,171.0,387600.0,1875000000.0,1875000000.0,251437500.0,0.0,89900.0,,0.0,0.0,0.0
2025-05-23,172.0,172.0,172.0,172.0,167.0,168.0,-4.0,1134600.0,191770800.0,211.0,142.4,169.0,523600.0,168.0,186600.0,1875000000.0,1875000000.0,251437500.0,0.0,0.0,,0.0,0.0,0.0
2025-05-26,168.0,168.0,168.0,170.0,155.0,158.0,-10.0,5860500.0,925592900.0,866.0,133.9,159.0,7300.0,158.0,62900.0,1875000000.0,1875000000.0,251437500.0,17300.0,200000.0,,0.0,0.0,0.0
2025-05-27,158.0,162.0,161.0,162.0,156.0,159.0,1.0,601700.0,95163200.0,217.0,134.7,159.0,73500.0,158.0,3200.0,1875000000.0,1875000000.0,251437500.0,8500.0,0.0,,0.0,0.0,0.0
2025-05-28,159.0,0.0,0.0,162.0,157.0,159.0,0.0,763000.0,121326000.0,146.0,134.7,159.0,77700.0,158.0,14200.0,1875000000.0,1875000000.0,251437500.0,46600.0,0.0,,0.0,0.0,0.0
2025-06-02,159.0,160.0,161.0,161.0,156.0,156.0,-3.0,584800.0,92073000.0,188.0,132.2,159.0,83400.0,156.0,88800.0,1875000000.0,1875000000.0,251437500.0,64300.0,0.0,,0.0,0.0,0.0
2025-06-03,156.0,156.0,156.0,159.0,156.0,159.0,3.0,416700.0,65695800.0,101.0,134.7,159.0,113500.0,157.0,25000.0,1875000000.0,1875000000.0,251437500.0,100.0,0.0,,0.0,0.0,0.0
2025-06-04,159.0,160.0,160.0,160.0,157.0,158.0,-1.0,323400.0,51197300.0,91.0,133.9,158.0,30400.0,157.0,303400.0,1875000000.0,1875000000.0,251437500.0,0.0,0.0,,0.0,0.0,0.0
2025-06-05,158.0,158.0,158.0,159.0,156.0,157.0,-1.0,617200.0,96972800.0,92.0,133.1,157.0,8300.0,156.0,118100.0,1875000000.0,1875000000.0,251437500.0,0.0,0.0,,0.0,0.0,0.0
2025-06-10,157.0,156.0,157.0,159.0,155.0,158.0,1.0,1523100.0,237674100.0,204.0,133.9,159.0,56800.0,158.0,1500.0,1875000000.0,1875000000.0,251437500.0,0.0,0.0,,0.0,0.0,0.0
2025-06-11,158.0,158.0,159.0,159.0,155.0,157.0,-1.0,334300.0,52424000.0,123.0,133.1,158.0,20800.0,157.0,570200.0,1875000000.0,1875000000.0,251437500.0,0.0,0.0,,0.0,0.0,0.0
2025-06-12,157.0,0.0,0.0,159.0,156.0,159.0,2.0,707500.0,111136000.0,111.0,134.7,159.0,469800.0,156.0,223600.0,1875000000.0,1875000000.0,251437500.0,0.0,0.0,,0.0,0.0,0.0
2025-06-13,159.0,159.0,157.0,159.0,156.0,159.0,0.0,624700.0,99026200.0,81.0,134.7,159.0,128100.0,157.0,179300.0,1875000000.0,1875000000.0,251437500.0,30400.0,0.0,,0.0,0.0,0.0
2025-06-16,159.0,164.0,164.0,166.0,158.0,160.0,1.0,1943100.0,313466200.0,268.0,135.6,161.0,166300.0,160.0,55500.0,1875000000.0,1875000000.0,251437500.0,96300.0,0.0,,0.0,0.0,0.0
2025-06-17,160.0,162.0,160.0,162.0,156.0,156.0,-4.0,1654400.0,264910500.0,304.0,132.2,159.0,36600.0,156.0,61100.0,1875000000.0,1875000000.0,251437500.0,13000.0,0.0,,0.0,0.0,0.0
2025-06-18,156.0,156.0,156.0,159.0,155.0,155.0,-1.0,671300.0,105025400.0,161.0,131.4,156.0,19200.0,155.0,4000.0,1875000000.0,1875000000.0,251437500.0,157700.0,13000.0,,0.0,0.0,0.0
2025-06-19,155.0,156.0,157.0,161.0,156.0,159.0,4.0,1883500.0,298826800.0,269.0,134.7,159.0,27600.0,158.0,74400.0,1875000000.0,1875000000.0,251437500.0,104500.0,0.0,,0.0,0.0,0.0
2025-06-20,159.0,164.0,160.0,164.0,156.0,159.0,0.0,855600.0,135831000.0,165.0,134.7,159.0,111300.0,158.0,8900.0,1875000000.0,1875000000.0,251437500.0,186600.0,0.0,,0.0,0.0,0.0
2025-06-23,159.0,160.0,159.0,160.0,152.0,154.0,-5.0,1114700.0,172325200.0,235.0,130.5,154.0,122400.0,153.0,28600.0,1875000000.0,1875000000.0,251437500.0,166600.0,0.0,,0.0,0.0,0.0
2025-06-24,154.0,157.0,157.0,157.0,154.0,156.0,2.0,291500.0,45410300.0,101.0,132.2,157.0,298100.0,156.0,63500.0,1875000000.0,1875000000.0,251437500.0,0.0,0.0,,0.0,0.0,0.0
2025-06-25,156.0,158.0,158.0,158.0,152.0,153.0,-3.0,1073300.0,164654400.0,198.0,129.7,154.0,112500.0,153.0,700.0,1875000000.0,1875000000.0,251437500.0,41500.0,0.0,,0.0,0.0,0.0
2025-06-26,153.0,145.0,145.0,150.0,144.0,148.0,-5.0,920600.0,135180300.0,226.0,125.4,148.0,174700.0,147.0,47000.0,1875000000.0,1875000000.0,251437500.0,47000.0,0.0,,0.0,0.0,0.0
2025-06-30,148.0,148.0,148.0,152.0,147.0,148.0,0.0,258400.0,38222800.0,118.0,125.4,148.0,15000.0,147.0,48500.0,1875000000.0,1875000000.0,251437500.0,0.0,0.0,,0.0,0.0,0.0
2025-07-01,148.0,0.0,0.0,149.0,145.0,145.0,-3.0,587700.0,86053800.0,130.0,122.9,147.0,100000.0,145.0,75800.0,1875000000.0,1875000000.0,253500000.0,0.0,0.0,,0.0,0.0,0.0
2025-07-02,145.0,0.0,0.0,149.0,144.0,146.0,1.0,241600.0,35266500.0,100.0,123.7,147.0,49700.0,146.0,5000.0,1963000000.0,1963000000.0,253500000.0,0.0,0.0,,0.0,0.0,0.0
2025-07-03,146.0,0.0,0.0,148.0,144.0,145.0,-1.0,176700.0,25562500.0,104.0,122.9,146.0,82700.0,144.0,11600.0,1963000000.0,1963000000.0,253500000.0,0.0,0.0,,0.0,0.0,0.0
2025-07-04,145.0,148.0,148.0,148.0,144.0,146.0,1.0,666000.0,97138500.0,97.0,123.7,147.0,35300.0,145.0,3200.0,1963000000.0,1963000000.0,253500000.0,0.0,0.0,,0.0,0.0,0.0
2025-07-07,146.0,146.0,147.0,147.0,144.0,145.0,-1.0,785500.0,114243400.0,71.0,122.9,146.0,216100.0,145.0,1300.0,1963000000.0,1963000000.0,253500000.0,35000.0,0.0,,0.0,0.0,0.0
2025-07-08,145.0,146.0,146.0,146.0,144.0,145.0,0.0,525500.0,76116700.0,76.0,122.9,145.0,247000.0,143.0,141400.0,1963000000.0,1963000000.0,253500000.0,98400.0,0.0,,0.0,0.0,0.0
2025-07-09,145.0,0.0,0.0,145.0,142.0,142.0,-3.0,421600.0,60381500.0,116.0,120.3,142.0,141300.0,141.0,11100.0,1963000000.0,1963000000.0,253500000.0,39000.0,0.0,,0.0,0.0,0.0
2025-07-10,142.0,142.0,143.0,148.0,141.0,145.0,3.0,578700.0,83744900.0,118.0,122.9,145.0,5500.0,144.0,5600.0,1963000000.0,1963000000.0,253500000.0,0.0,158500.0,,0.0,0.0,0.0
2025-07-11,145.0,0.0,0.0,147.0,143.0,145.0,0.0,218700.0,31822400.0,79.0,122.9,145.0,117300.0,144.0,7300.0,1963000000.0,1963000000.0,253500000.0,0.0,0.0,,0.0,0.0,0.0
2025-07-14,145.0,145.0,144.0,145.0,140.0,140.0,-5.0,921000.0,130989300.0,201.0,118.6,144.0,21600.0,140.0,64300.0,1963000000.0,1963000000.0,253500000.0,102600.0,0.0,,0.0,0.0,0.0
2025-07-15,140.0,0.0,0.0,142.0,133.0,137.0,-3.0,1340200.0,182977100.0,270.0,116.1,137.0,22900.0,135.0,13500.0,1963000000.0,1963000000.0,253500000.0,104100.0,0.0,,0.0,0.0,0.0
2025-07-16,137.0,137.0,137.0,141.0,135.0,140.0,3.0,1364100.0,188459600.0,189.0,118.6,140.0,100.0,137.0,12800.0,1963000000.0,1963000000.0,253500000.0,0.0,332600.0,,0.0,0.0,0.0
2025-07-17,140.0,140.0,139.0,142.0,135.0,140.0,0.0,1793500.0,246751600.0,236.0,118.6,141.0,92100.0,140.0,800.0,1963000000.0,1963000000.0,253500000.0,0.0,0.0,,0.0,0.0,0.0
2025-07-18,140.0,140.0,140.0,150.0,135.0,135.0,-5.0,4039800.0,564400600.0,634.0,114.4,138.0,4000.0,135.0,84600.0,1963000000.0,1963000000.0,253500000.0,31400.0,31400.0,,0.0,0.0,0.0
2025-07-21,135.0,137.0,137.0,142.0,135.0,136.0,1.0,1440000.0,196210300.0,245.0,115.3,136.0,49600.0,135.0,56400.0,1963000000.0,1963000000.0,253500000.0,1500.0,0.0,,0.0,0.0,0.0
2025-07-22,136.0,0.0,0.0,137.0,135.0,135.0,-1.0,766900.0,104513700.0,163.0,114.4,137.0,160000.0,135.0,155300.0,1963000000.0,1963000000.0,253500000.0,254900.0,0.0,,0.0,0.0,0.0
2025-07-23,135.0,136.0,136.0,137.0,134.0,136.0,1.0,498900.0,67157900.0,124.0,115.3,136.0,35000.0,135.0,17800.0,1963000000.0,1963000000.0,253500000.0,23000.0,0.0,,0.0,0.0,0.0
2025-07-24,136.0,138.0,138.0,138.0,136.0,136.0,0.0,882800.0,120458500.0,142.0,115.3,137.0,483200.0,136.0,30100.0,1963000000.0,1963000000.0,253500000.0,237400.0,0.0,,0.0,0.0,0.0
2025-07-25,136.0,137.0,137.0,137.0,132.0,132.0,-4.0,567200.0,76425000.0,207.0,111.9,135.0,3200.0,131.0,7500.0,1963000000.0,1963000000.0,253500000.0,341300.0,0.0,,0.0,0.0,0.0
2025-07-28,132.0,132.0,133.0,137.0,132.0,132.0,0.0,483100.0,64388700.0,198.0,111.9,135.0,1100.0,132.0,11100.0,1963000000.0,1963000000.0,253500000.0,303000.0,0.0,,0.0,0.0,0.0
2025-07-29,132.0,134.0,134.0,136.0,133.0,133.0,1.0,994100.0,133926300.0,198.0,112.7,136.0,277500.0,133.0,100700.0,1963000000.0,1963000000.0,253500000.0,279900.0,57500.0,,0.0,0.0,0.0
2025-07-30,133.0,136.0,136.0,136.0,134.0,135.0,2.0,463200.0,62485800.0,107.0,114.4,136.0,104900.0,135.0,30100.0,1963000000.0,1963000000.0,253500000.0,800.0,0.0,,0.0,0.0,0.0
2025-07-31,135.0,135.0,135.0,136.0,134.0,134.0,-1.0,458800.0,61799400.0,114.0,113.6,135.0,800.0,134.0,313300.0,1963000000.0,1963000000.0,253500000.0,177800.0,300.0,,0.0,0.0,0.0
2025-08-01,134.0,142.0,143.0,178.0,142.0,171.0,37.0,58585700.0,9686617800.0,8456.0,144.9,172.0,44900.0,171.0,116600.0,1963000000.0,1963000000.0,253500000.0,9740200.0,5385000.0,,0.0,0.0,0.0
2025-08-04,171.0,174.0,174.0,176.0,157.0,163.0,-8.0,12232800.0,2057149400.0,1905.0,138.1,165.0,66600.0,163.0,67400.0,1963000000.0,1963000000.0,253500000.0,269400.0,542400.0,,0.0,0.0,0.0
2025-08-05,163.0,165.0,165.0,165.0,152.0,162.0,-1.0,3878100.0,613234400.0,895.0,137.3,162.0,44500.0,161.0,72800.0,1963000000.0,1963000000.0,253500000.0,172700.0,515200.0,,0.0,0.0,0.0
2025-08-06,162.0,162.0,161.0,162.0,155.0,159.0,-3.0,2705600.0,426344500.0,538.0,134.7,159.0,384400.0,158.0,54500.0,1963000000.0,1963000000.0,253500000.0,3800.0,177300.0,,0.0,0.0,0.0
2025-08-07,159.0,157.0,157.0,160.0,152.0,155.0,-4.0,2245300.0,348210400.0,482.0,131.4,155.0,48400.0,154.0,532900.0,1963000000.0,1963000000.0,253500000.0,3200.0,3500.0,,0.0,0.0,0.0
2025-08-08,155.0,156.0,157.0,158.0,150.0,154.0,-1.0,2405900.0,368755100.0,387.0,130.5,156.0,12000.0,154.0,118800.0,1963000000.0,1963000000.0,253500000.0,207900.0,64100.0,,0.0,0.0,0.0
2025-08-11,154.0,154.0,154.0,154.0,147.0,149.0,-5.0,2069000.0,311177900.0,398.0,126.3,150.0,14900.0,149.0,128400.0,1963000000.0,1963000000.0,253500000.0,4000.0,5000.0,,0.0,0.0,0.0
2025-08-12,149.0,150.0,149.0,158.0,149.0,158.0,9.0,2251600.0,346307700.0,450.0,133.9,158.0,12500.0,156.0,41600.0,1963000000.0,1963000000.0,253500000.0,308600.0,2200.0,,0.0,0.0,0.0
2025-08-13,158.0,160.0,159.0,160.0,152.0,152.0,-6.0,1803200.0,278246100.0,389.0,128.8,154.0,32300.0,152.0,24400.0,1963000000.0,1963000000.0,253500000.0,149700.0,5300.0,,0.0,0.0,0.0
2025-08-14,152.0,154.0,154.0,155.0,152.0,154.0,2.0,359700.0,55283500.0,172.0,130.5,155.0,60400.0,154.0,9400.0,1963000000.0,1963000000.0,253500000.0,900.0,800.0,,0.0,0.0,0.0
2025-08-15,154.0,154.0,154.0,157.0,151.0,151.0,-3.0,1146800.0,176268300.0,240.0,128.0,151.0,4800.0,150.0,25300.0,1963000000.0,1963000000.0,253500000.0,44700.0,3400.0,,0.0,0.0,0.0
2025-08-19,151.0,151.0,151.0,154.0,149.0,153.0,2.0,1440300.0,217996400.0,296.0,129.7,153.0,400.0,150.0,236900.0,1963000000.0,1963000000.0,253500000.0,800.0,23600.0,,0.0,0.0,0.0
2025-08-20,153.0,152.0,152.0,158.0,152.0,155.0,2.0,1866100.0,290962400.0,360.0,131.4,157.0,159300.0,155.0,46900.0,1963000000.0,1963000000.0,253500000.0,63600.0,280900.0,,0.0,0.0,0.0
2025-08-21,155.0,155.0,155.0,158.0,153.0,153.0,-2.0,1459900.0,226475500.0,232.0,129.7,155.0,307600.0,153.0,474000.0,1963000000.0,1963000000.0,253500000.0,61700.0,1500.0,,0.0,0.0,0.0
2025-08-22,153.0,153.0,154.0,159.0,153.0,157.0,4.0,1925000.0,299902500.0,200.0,133.1,158.0,85000.0,157.0,143900.0,1963000000.0,1963000000.0,253500000.0,1800.0,265300.0,,0.0,0.0,0.0
2025-08-25,157.0,159.0,159.0,160.0,156.0,158.0,1.0,1638500.0,259419900.0,207.0,133.9,159.0,104300.0,158.0,102900.0,1963000000.0,1963000000.0,253500000.0,4300.0,30500.0,,0.0,0.0,0.0
2025-08-26,158.0,159.0,159.0,161.0,149.0,154.0,-4.0,5277800.0,824034300.0,518.0,130.5,154.0,26400.0,153.0,14100.0,1963000000.0,1963000000.0,253500000.0,8000.0,9200.0,,0.0,0.0,0.0
2025-08-27,154.0,154.0,154.0,157.0,150.0,153.0,-1.0,2994300.0,455338200.0,404.0,129.7,153.0,81000.0,152.0,75900.0,1963000000.0,1963000000.0,253500000.0,51700.0,8000.0,,0.0,0.0,0.0
2025-08-28,153.0,153.0,153.0,153.0,150.0,152.0,-1.0,2988300.0,452290400.0,271.0,128.8,152.0,400.0,151.0,51500.0,1963000000.0,1963000000.0,253500000.0,36200.0,6900.0,,0.0,0.0,0.0
2025-08-29,152.0,152.0,152.0,152.0,148.0,149.0,-3.0,5693700.0,854154100.0,267.0,126.3,150.0,259900.0,149.0,59400.0,1963000000.0,1963000000.0,253500000.0,646700.0,26600.0,,0.0,0.0,0.0
2025-09-01,149.0,148.0,148.0,150.0,145.0,149.0,0.0,2060700.0,305700600.0,239.0,126.3,149.0,27500.0,148.0,109500.0,1963000000.0,1963000000.0,253500000.0,68700.0,97100.0,,0.0,0.0,0.0
2025-09-02,149.0,149.0,150.0,169.0,149.0,164.0,15.0,17666000.0,2848825700.0,1910.0,139.0,165.0,429900.0,164.0,67000.0,1963000000.0,1963000000.0,253500000.0,1098500.0,1730600.0,,0.0,0.0,0.0
2025-09-03,164.0,162.0,162.0,163.0,159.0,160.0,-4.0,4867300.0,780077900.0,556.0,135.6,161.0,35000.0,160.0,159100.0,1963000000.0,1963000000.0,253500000.0,61100.0,9700.0,,0.0,0.0,0.0
2025-09-04,160.0,162.0,162.0,162.0,159.0,160.0,0.0,1195100.0,191607300.0,190.0,135.6,161.0,109500.0,160.0,6600.0,1963000000.0,1963000000.0,253500000.0,289100.0,0.0,,0.0,0.0,0.0
2025-09-08,160.0,161.0,162.0,163.0,157.0,157.0,-3.0,2087100.0,332530100.0,271.0,133.1,157.0,14700.0,156.0,7600.0,1963000000.0,1963000000.0,253500000.0,144400.0,3000.0,,0.0,0.0,0.0
2025-09-09,157.0,157.0,156.0,159.0,151.0,155.0,-2.0,1360700.0,209894500.0,252.0,131.4,156.0,5200.0,155.0,2000.0,1963000000.0,1963000000.0,253500000.0,97800.0,49300.0,,0.0,0.0,0.0
2025-09-10,155.0,155.0,155.0,159.0,150.0,154.0,-1.0,1631800.0,252029400.0,229.0,130.5,154.0,12400.0,153.0,200.0,1963000000.0,1963000000.0,253500000.0,73700.0,3300.0,,0.0,0.0,0.0
2025-09-11,154.0,154.0,157.0,158.0,153.0,157.0,3.0,275200.0,42903600.0,118.0,133.1,157.0,52200.0,156.0,200.0,1963000000.0,1963000000.0,253500000.0,3000.0,3800.0,,0.0,0.0,0.0
2025-09-12,157.0,157.0,156.0,160.0,150.0,154.0,-3.0,2300700.0,353853500.0,216.0,130.5,155.0,100000.0,154.0,83100.0,1963000000.0,1963000000.0,253500000.0,62200.0,7500.0,,0.0,0.0,0.0
2025-09-15,154.0,155.0,155.0,160.0,155.0,158.0,4.0,2385500.0,376762000.0,225.0,133.9,158.0,88300.0,156.0,402900.0,1963000000.0,1963000000.0,253500000.0,6100.0,399500.0,,0.0,0.0,0.0
2025-09-16,158.0,158.0,158.0,160.0,155.0,158.0,0.0,1389600.0,218155600.0,175.0,133.9,158.0,418000.0,157.0,141500.0,1963000000.0,1963000000.0,253500000.0,200.0,1200.0,,0.0,0.0,0.0
2025-09-17,158.0,158.0,158.0,161.0,156.0,160.0,2.0,1980600.0,313753700.0,224.0,135.6,160.0,90000.0,158.0,300.0,1963000000.0,1963000000.0,253500000.0,262100.0,160900.0,,0.0,0.0,0.0
2025-09-18,160.0,161.0,161.0,168.0,157.0,158.0,-2.0,9818200.0,1609900800.0,1067.0,133.9,159.0,10000.0,157.0,100800.0,1963000000.0,1963000000.0,253500000.0,896600.0,909200.0,,0.0,0.0,0.0
2025-09-19,158.0,159.0,161.0,161.0,155.0,159.0,1.0,836800.0,132239500.0,180.0,134.7,159.0,179500.0,158.0,12100.0,1963000000.0,1963000000.0,253500000.0,83800.0,8800.0,,0.0,0.0,0.0
2025-09-22,159.0,159.0,159.0,165.0,157.0,162.0,3.0,4214100.0,680765500.0,459.0,137.3,163.0,203800.0,162.0,16700.0,1963000000.0,1963000000.0,253500000.0,51500.0,786500.0,,0.0,0.0,0.0
2025-09-23,162.0,162.0,163.0,166.0,162.0,163.0,1.0,2670500.0,437935700.0,473.0,138.1,164.0,35700.0,163.0,147900.0,1963000000.0,1963000000.0,253500000.0,3400.0,120800.0,,0.0,0.0,0.0
2025-09-24,163.0,164.0,164.0,164.0,158.0,163.0,0.0,3144900.0,508906300.0,300.0,138.1,164.0,76900.0,163.0,14500.0,1963000000.0,1963000000.0,253500000.0,250500.0,120100.0,,0.0,0.0,0.0
2025-09-25,163.0,164.0,163.0,167.0,159.0,159.0,-4.0,1496200.0,243135700.0,239.0,134.7,160.0,142000.0,159.0,24000.0,1963000000.0,1963000000.0,253500000.0,63700.0,5100.0,,0.0,0.0,0.0
2025-09-26,159.0,161.0,161.0,163.0,157.0,158.0,-1.0,1302400.0,208188700.0,182.0,133.9,160.0,12000.0,158.0,1313000.0,1963000000.0,1963000000.0,253500000.0,117700.0,26100.0,,0.0,0.0,0.0
2025-09-29,158.0,161.0,160.0,163.0,159.0,161.0,3.0,902000.0,145652600.0,158.0,136.4,162.0,33300.0,161.0,100.0,1963000000.0,1963000000.0,253500000.0,184600.0,1200.0,,0.0,0.0,0.0
2025-09-30,161.0,162.0,162.0,162.0,156.0,159.0,-2.0,2572300.0,408058000.0,259.0,134.7,159.0,19900.0,158.0,1500.0,1963000000.0,1963000000.0,253500000.0,6100.0,370600.0,,0.0,0.0,0.0
2025-10-01,159.0,161.0,161.0,171.0,159.0,166.0,7.0,11746900.0,1964115500.0,813.0,140.7,167.0,117000.0,166.0,1390800.0,1963000000.0,1963000000.0,341365700.0,625200.0,824500.0,,0.0,0.0,0.0
2025-10-02,166.0,171.0,169.0,171.0,158.0,164.0,-2.0,7368300.0,1217381800.0,796.0,139.0,165.0,203700.0,164.0,557200.0,1963000000.0,1963000000.0,341365700.0,145600.0,20400.0,,0.0,0.0,0.0
2025-10-03,164.0,163.0,162.0,167.0,160.0,165.0,1.0,1948900.0,317559200.0,368.0,139.8,165.0,98500.0,164.0,2600.0,1963000000.0,1963000000.0,341365700.0,68600.0,5300.0,,0.0,0.0,0.0
2025-10-06,165.0,165.0,164.0,165.0,160.0,160.0,-5.0,1929600.0,310301300.0,321.0,135.6,160.0,26400.0,159.0,306000.0,1963000000.0,1963000000.0,341365700.0,207400.0,3200.0,,0.0,0.0,0.0
2025-10-07,160.0,161.0,162.0,162.0,157.0,158.0,-2.0,1537900.0,243412400.0,357.0,133.9,159.0,11800.0,158.0,28900.0,1963000000.0,1963000000.0,341365700.0,4800.0,130900.0,,0.0,0.0,0.0
2025-10-08,158.0,158.0,159.0,162.0,158.0,161.0,3.0,901400.0,143529000.0,222.0,136.4,161.0,75700.0,160.0,600.0,1963000000.0,1963000000.0,341365700.0,57100.0,204000.0,,0.0,0.0,0.0
2025-10-09,161.0,161.0,161.0,161.0,154.0,159.0,-2.0,3724200.0,584954600.0,361.0,134.7,159.0,92900.0,158.0,100.0,1963000000.0,1963000000.0,341365700.0,29400.0,101200.0,,0.0,0.0,0.0
2025-10-10,159.0,159.0,159.0,164.0,154.0,157.0,-2.0,6243500.0,984516100.0,478.0,133.1,157.0,55700.0,156.0,6500.0,1963000000.0,1963000000.0,341365700.0,301900.0,13900.0,,0.0,0.0,0.0
2025-10-13,157.0,155.0,155.0,158.0,155.0,157.0,0.0,1379500.0,215686200.0,198.0,133.1,158.0,98000.0,157.0,5000.0,1963000000.0,1963000000.0,341365700.0,3100.0,51400.0,,0.0,0.0,0.0
2025-10-14,157.0,157.0,157.0,157.0,151.0,155.0,-2.0,2558400.0,393467000.0,388.0,131.4,155.0,956400.0,154.0,27600.0,1963000000.0,1963000000.0,341365700.0,7900.0,8900.0,,0.0,0.0,0.0
2025-10-15,155.0,154.0,153.0,154.0,146.0,152.0,-3.0,3381700.0,508363800.0,368.0,128.8,152.0,475100.0,151.0,23600.0,1963000000.0,1963000000.0,341365700.0,4100.0,416300.0,,0.0,0.0,0.0
2025-10-16,152.0,152.0,153.0,153.0,141.0,150.0,-2.0,4897500.0,726064500.0,469.0,127.1,151.0,36600.0,150.0,606900.0,1963000000.0,1963000000.0,341365700.0,228600.0,19300.0,,0.0,0.0,0.0
2025-10-17,150.0,151.0,150.0,151.0,142.0,147.0,-3.0,3210700.0,467930800.0,381.0,124.6,147.0,221100.0,146.0,800.0,1963000000.0,1963000000.0,341365700.0,157800.0,21100.0,,0.0,0.0,0.0
2025-10-20,147.0,147.0,147.0,150.0,140.0,148.0,1.0,1760400.0,255480600.0,244.0,125.4,148.0,39500.0,147.0,53900.0,1963000000.0,1963000000.0,341365700.0,10700.0,140100.0,,0.0,0.0,0.0
2025-10-21,148.0,150.0,150.0,152.0,140.0,147.0,-1.0,8359000.0,1220922300.0,568.0,124.6,148.0,300.0,147.0,17100.0,1963000000.0,1963000000.0,341365700.0,154600.0,633500.0,,0.0,0.0,0.0
2025-10-22,147.0,0.0,0.0,150.0,146.0,150.0,3.0,1065100.0,157571300.0,265.0,127.1,150.0,377600.0,149.0,2600.0,1963000000.0,1963000000.0,341365700.0,14800.0,3600.0,,0.0,0.0,0.0
2025-10-23,150.0,150.0,150.0,151.0,146.0,150.0,0.0,3090100.0,457364400.0,398.0,127.1,150.0,111500.0,149.0,148000.0,1963000000.0,1963000000.0,341365700.0,73300.0,16600.0,,0.0,0.0,0.0
2025-10-24,150.0,150.0,149.0,151.0,146.0,151.0,1.0,2654800.0,393139500.0,297.0,128.0,151.0,395600.0,150.0,500.0,1963000000.0,1963000000.0,341365700.0,252300.0,8300.0,,0.0,0.0,0.0
2025-10-27,151.0,151.0,151.0,153.0,142.0,145.0,-6.0,8249300.0,1201164000.0,609.0,122.9,145.0,1400.0,144.0,30000.0,1963000000.0,1963000000.0,341365700.0,15600.0,677800.0,,82469800.0,13195168000.0,1.0
2025-10-28,145.0,151.0,150.0,151.0,145.0,148.0,3.0,5966300.0,878913200.0,490.0,125.4,148.0,267200.0,147.0,110400.0,1963000000.0,1963000000.0,341365700.0,380500.0,11100.0,,0.0,0.0,0.0
2025-10-29,148.0,148.0,148.0,150.0,145.0,148.0,0.0,3715600.0,542112900.0,337.0,125.4,148.0,316400.0,147.0,102300.0,1963000000.0,1963000000.0,341365700.0,23100.0,33500.0,,0.0,0.0,0.0
2025-10-30,148.0,149.0,149.0,149.0,145.0,146.0,-2.0,2740200.0,400127300.0,295.0,123.7,146.0,57600.0,145.0,167600.0,1963000000.0,1963000000.0,341365700.0,92800.0,19800.0,,0.0,0.0,0.0
2025-10-31,146.0,148.0,148.0,148.0,142.0,145.0,-1.0,6784200.0,982426600.0,585.0,122.9,145.0,216500.0,144.0,123200.0,1963000000.0,1963000000.0,341365700.0,14200.0,111100.0,,0.0,0.0,0.0
2025-11-04,144.0,145.0,144.0,145.0,140.0,144.0,0.0,8111900.0,1144804000.0,790.0,122.0,144.0,1112800.0,143.0,202500.0,1963000000.0,1963000000.0,341365700.0,700500.0,228000.0,,0.0,0.0,0.0
2025-11-05,144.0,144.0,144.0,145.0,140.0,144.0,0.0,3491900.0,495948100.0,370.0,122.0,144.0,1056400.0,143.0,1700.0,1963000000.0,1963000000.0,341365700.0,538300.0,23000.0,,0.0,0.0,0.0
2025-11-06,144.0,144.0,144.0,144.0,140.0,143.0,-1.0,3790500.0,535762300.0,481.0,121.2,143.0,1093800.0,142.0,239700.0,1963000000.0,1963000000.0,341365700.0,256900.0,15200.0,,0.0,0.0,0.0
2025-11-07,143.0,142.0,142.0,143.0,140.0,141.0,-2.0,4253900.0,597890900.0,403.0,119.5,141.0,496000.0,140.0,122100.0,1963000000.0,1963000000.0,341365700.0,85100.0,2500.0,,0.0,0.0,0.0
2025-11-10,141.0,143.0,143.0,155.0,140.0,150.0,9.0,25224700.0,3691157800.0,1654.0,127.1,150.0,124500.0,149.0,228900.0,1963000000.0,1963000000.0,341365700.0,1986300.0,3089500.0,,0.0,0.0,0.0
2025-11-11,150.0,154.0,153.0,154.0,149.0,152.0,2.0,8235600.0,1241837700.0,720.0,128.8,152.0,85700.0,151.0,187700.0,1963000000.0,1963000000.0,341365700.0,14200.0,692200.0,,0.0,0.0,0.0
2025-11-12,152.0,153.0,152.0,155.0,151.0,155.0,3.0,11336200.0,1730915100.0,606.0,131.4,156.0,185600.0,155.0,245300.0,1963000000.0,1963000000.0,341365700.0,9300.0,549000.0,,0.0,0.0,0.0
2025-11-13,155.0,156.0,156.0,166.0,155.0,160.0,5.0,17661100.0,2829847100.0,1587.0,135.6,160.0,390000.0,159.0,457400.0,1963000000.0,1963000000.0,341365700.0,2503700.0,96100.0,,0.0,0.0,0.0
2025-11-14,160.0,160.0,160.0,160.0,150.0,155.0,-5.0,8616200.0,1319636800.0,655.0,131.4,155.0,62300.0,154.0,150500.0,1963000000.0,1963000000.0,341365700.0,304500.0,38800.0,,0.0,0.0,0.0
2025-11-17,155.0,155.0,154.0,155.0,140.0,146.0,-9.0,21517800.0,3135851900.0,1096.0,123.7,147.0,322500.0,146.0,82400.0,1963000000.0,1963000000.0,341365700.0,121700.0,431600.0,,0.0,0.0,0.0
2025-11-18,146.0,147.0,148.0,149.0,145.0,149.0,3.0,3171400.0,466831000.0,356.0,126.3,149.0,163800.0,148.0,139300.0,1963000000.0,1963000000.0,341365700.0,20500.0,5300.0,,0.0,0.0,0.0
2025-11-19,149.0,149.0,149.0,151.0,140.0,151.0,2.0,16908100.0,2444804700.0,1038.0,128.0,151.0,497500.0,150.0,300.0,1963000000.0,1963000000.0,341365700.0,245300.0,264700.0,,0.0,0.0,0.0
2025-11-20,151.0,149.0,149.0,150.0,142.0,146.0,-5.0,17132000.0,2478183500.0,1321.0,123.7,146.0,168300.0,145.0,289900.0,1963000000.0,1963000000.0,341365700.0,1213000.0,31800.0,,0.0,0.0,0.0
2025-11-21,146.0,146.0,146.0,147.0,142.0,144.0,-2.0,8179400.0,1180126200.0,593.0,122.0,144.0,62800.0,143.0,109900.0,1963000000.0,1963000000.0,341365700.0,527100.0,50900.0,,0.0,0.0,0.0
2025-11-24,144.0,145.0,145.0,146.0,141.0,146.0,2.0,5429300.0,780612500.0,523.0,123.7,146.0,462200.0,145.0,5500.0,1963000000.0,1963000000.0,341365700.0,790500.0,392500.0,,0.0,0.0,0.0
2025-11-25,146.0,146.0,145.0,146.0,143.0,146.0,0.0,5334500.0,767247400.0,523.0,123.7,146.0,652900.0,145.0,101300.0,1963000000.0,1963000000.0,341365700.0,27000.0,24900.0,,0.0,0.0,0.0
2025-11-26,146.0,146.0,146.0,146.0,143.0,146.0,0.0,6176700.0,890766300.0,371.0,123.7,146.0,957100.0,145.0,506400.0,1963000000.0,1963000000.0,341365700.0,10400.0,496000.0,,0.0,0.0,0.0
2025-11-27,146.0,146.0,146.0,146.0,143.0,145.0,-1.0,3064600.0,442368300.0,288.0,122.9,145.0,1302700.0,144.0,153400.0,1963000000.0,1963000000.0,341365700.0,28400.0,10600.0,,0.0,0.0,0.0
2025-11-28,145.0,144.0,143.0,145.0,143.0,144.0,-1.0,4317600.0,619289700.0,320.0,122.0,144.0,96800.0,143.0,195700.0,1963000000.0,1963000000.0,341365700.0,76100.0,10500.0,,0.0,0.0,0.0
2025-12-01,144.0,144.0,144.0,144.0,143.0,144.0,0.0,2057800.0,294786000.0,199.0,122.0,144.0,314200.0,143.0,779200.0,1963000000.0,1963000000.0,341365700.0,0.0,9400.0,,0.0,0.0,0.0
2025-12-02,144.0,143.0,143.0,146.0,143.0,144.0,0.0,3440900.0,495749200.0,270.0,122.0,145.0,282700.0,144.0,811900.0,1963000000.0,1963000000.0,341365700.0,14300.0,351700.0,,0.0,0.0,0.0
2025-12-03,144.0,144.0,144.0,147.0,144.0,147.0,3.0,1850900.0,269388100.0,243.0,124.6,147.0,626100.0,146.0,153900.0,1963000000.0,1963000000.0,341365700.0,3000.0,308900.0,,0.0,0.0,0.0
2025-12-04,147.0,147.0,147.0,147.0,144.0,146.0,-1.0,2571500.0,373941200.0,285.0,123.7,146.0,77200.0,145.0,152700.0,1963000000.0,1963000000.0,341365700.0,73700.0,60900.0,,0.0,0.0,0.0
2025-12-05,146.0,146.0,145.0,147.0,143.0,144.0,-2.0,6192000.0,893946200.0,364.0,122.0,145.0,486600.0,144.0,37500.0,1963000000.0,1963000000.0,341365700.0,301400.0,528200.0,,0.0,0.0,0.0
2025-12-08,144.0,145.0,145.0,160.0,144.0,150.0,6.0,24634000.0,3704382300.0,2562.0,127.1,150.0,371000.0,149.0,188800.0,1963000000.0,1963000000.0,341365700.0,1874800.0,3645200.0,,0.0,0.0,0.0
2025-12-09,150.0,150.0,151.0,152.0,145.0,148.0,-2.0,11388000.0,1676692900.0,646.0,125.4,149.0,287800.0,148.0,54800.0,1963000000.0,1963000000.0,341365700.0,182800.0,1438000.0,,8000.0,1296000.0,1.0
2025-12-10,148.0,148.0,149.0,152.0,148.0,150.0,2.0,7632100.0,1149042100.0,714.0,127.1,150.0,149900.0,149.0,418800.0,1963000000.0,1963000000.0,341365700.0,27100.0,457800.0,,0.0,0.0,0.0
2025-12-11,150.0,150.0,151.0,152.0,145.0,147.0,-3.0,6474500.0,962896600.0,508.0,124.6,147.0,1254600.0,146.0,582200.0,1963000000.0,1963000000.0,341365700.0,589500.0,115100.0,,0.0,0.0,0.0
2025-12-12,147.0,147.0,147.0,148.0,145.0,148.0,1.0,2220700.0,325042900.0,274.0,125.4,148.0,1061900.0,147.0,12500.0,1963000000.0,1963000000.0,341365700.0,233300.0,11200.0,,0.0,0.0,0.0
2025-12-15,148.0,148.0,148.0,150.0,144.0,145.0,-3.0,3100600.0,450622500.0,434.0,122.9,147.0,247700.0,145.0,158700.0,1963000000.0,1963000000.0,341365700.0,77200.0,20500.0,,0.0,0.0,0.0
2025-12-16,145.0,148.0,148.0,148.0,145.0,146.0,1.0,1560200.0,227256600.0,260.0,123.7,146.0,38000.0,145.0,104700.0,1963000000.0,1963000000.0,341365700.0,71800.0,10800.0,,0.0,0.0,0.0
2025-12-17,146.0,146.0,146.0,146.0,144.0,146.0,0.0,2424200.0,351571000.0,216.0,123.7,146.0,665300.0,145.0,163100.0,1963000000.0,1963000000.0,341365700.0,0.0,0.0,,0.0,0.0,0.0
2025-12-18,146.0,146.0,145.0,147.0,144.0,144.0,-2.0,3762000.0,544913500.0,331.0,122.0,146.0,670200.0,144.0,1040900.0,1963000000.0,1963000000.0,341365700.0,168100.0,393300.0,,0.0,0.0,0.0
2025-12-19,144.0,145.0,146.0,157.0,143.0,146.0,2.0,15153500.0,2257090200.0,1486.0,123.7,146.0,17400.0,145.0,576400.0,1963000000.0,1963000000.0,341365700.0,2488000.0,764900.0,,0.0,0.0,0.0
2025-12-22,146.0,146.0,146.0,148.0,144.0,147.0,1.0,3228700.0,471645500.0,375.0,124.6,148.0,196000.0,147.0,61700.0,1963000000.0,1963000000.0,341365700.0,185100.0,7100.0,,0.0,0.0,0.0
2025-12-23,147.0,149.0,149.0,149.0,144.0,146.0,-1.0,4868200.0,704992700.0,398.0,123.7,146.0,806400.0,145.0,25400.0,1963000000.0,1963000000.0,341365700.0,313000.0,14700.0,,0.0,0.0,0.0
2025-12-24,146.0,147.0,146.0,147.0,144.0,144.0,-2.0,2674000.0,386053700.0,290.0,122.0,145.0,13400.0,144.0,90500.0,1963000000.0,1963000000.0,341365700.0,16100.0,12600.0,,0.0,0.0,0.0
2025-12-29,144.0,146.0,146.0,146.0,144.0,146.0,2.0,2313800.0,335402900.0,225.0,123.7,146.0,276800.0,145.0,29400.0,1963000000.0,1963000000.0,341365700.0,8500.0,197500.0,,0.0,0.0,0.0
2025-12-30,146.0,146.0,145.0,146.0,144.0,145.0,-1.0,2453100.0,355253400.0,218.0,122.9,146.0,751800.0,145.0,17700.0,1963000000.0,1963000000.0,341365700.0,6700.0,5200.0,,0.0,0.0,0.0
2026-01-02,145.0,145.0,145.0,147.0,144.0,147.0,2.0,3878200.0,562881800.0,275.0,124.6,147.0,955600.0,146.0,13200.0,1963000000.0,1963000000.0,341365700.0,6000.0,769800.0,,0.0,0.0,0.0
2026-01-05,147.0,147.0,147.0,147.0,145.0,147.0,0.0,1931900.0,281867700.0,249.0,124.6,147.0,665000.0,146.0,422300.0,1963000000.0,1963000000.0,341365700.0,5600.0,308200.0,,0.0,0.0,0.0
2026-01-06,147.0,147.0,147.0,148.0,143.0,145.0,-2.0,7599000.0,1103824500.0,517.0,122.9,145.0,81000.0,144.0,882700.0,1963000000.0,1963000000.0,341365700.0,4396500.0,3700.0,,0.0,0.0,0.0
2026-01-07,145.0,144.0,144.0,146.0,143.0,145.0,0.0,9249800.0,1335436000.0,574.0,122.9,145.0,2900.0,144.0,10800.0,1963000000.0,1963000000.0,341365700.0,6183600.0,2600.0,,0.0,0.0,0.0
2026-01-08,145.0,145.0,145.0,145.0,141.0,141.0,-4.0,10254300.0,1460989600.0,940.0,119.5,141.0,2326900.0,140.0,2218900.0,1963000000.0,1963000000.0,341365700.0,7127900.0,9200.0,,40000000.0,5200000000.0,1.0
2026-01-09,141.0,140.0,141.0,143.0,139.0,141.0,0.0,18528100.0,2600539300.0,1166.0,119.5,141.0,853600.0,140.0,43700.0,1963000000.0,1963000000.0,341365700.0,5747400.0,31300.0,,0.0,0.0,0.0
2026-01-12,141.0,141.0,141.0,141.0,138.0,140.0,-1.0,18458100.0,2577402500.0,985.0,118.6,141.0,1122000.0,139.0,121800.0,1963000000.0,1963000000.0,341365700.0,17100.0,48300.0,,0.0,0.0,0.0
2026-01-13,140.0,139.0,139.0,141.0,138.0,140.0,0.0,5888000.0,820328200.0,545.0,118.6,140.0,182500.0,139.0,331900.0,1963000000.0,1963000000.0,341365700.0,135000.0,856500.0,,0.0,0.0,0.0
2026-01-14,140.0,140.0,140.0,141.0,138.0,140.0,0.0,5780900.0,806625600.0,516.0,118.6,141.0,501200.0,140.0,5000.0,1963000000.0,1963000000.0,341365700.0,19900.0,15200.0,,0.0,0.0,0.0
2026-01-15,140.0,141.0,141.0,141.0,138.0,140.0,0.0,11441900.0,1592841900.0,796.0,118.6,140.0,153200.0,139.0,157400.0,1963000000.0,1963000000.0,341365700.0,252600.0,11500.0,,0.0,0.0,0.0
2026-01-19,140.0,140.0,140.0,141.0,137.0,139.0,-1.0,17098500.0,2370392100.0,973.0,117.8,140.0,695500.0,139.0,75200.0,1963000000.0,1963000000.0,341365700.0,510800.0,13000.0,,0.0,0.0,0.0
2026-01-20,139.0,139.0,139.0,144.0,139.0,144.0,5.0,11999800.0,1704891500.0,739.0,122.0,145.0,501400.0,144.0,97400.0,1963000000.0,1963000000.0,341365700.0,13600.0,2477000.0,,0.0,0.0,0.0
2026-01-21,144.0,145.0,145.0,146.0,140.0,142.0,-2.0,11849800.0,1683239100.0,643.0,120.3,142.0,30200.0,141.0,409400.0,1963000000.0,1963000000.0,341365700.0,1972500.0,524500.0,,0.0,0.0,0.0
2026-01-22,142.0,141.0,142.0,150.0,141.0,145.0,3.0,15008800.0,2191005400.0,949.0,122.9,145.0,161400.0,144.0,1383900.0,1963000000.0,1963000000.0,341365700.0,1460100.0,3825200.0,,0.0,0.0,0.0
2026-01-23,145.0,145.0,146.0,148.0,142.0,144.0,-1.0,6469600.0,934224600.0,477.0,122.0,144.0,2000.0,143.0,56700.0,1963000000.0,1963000000.0,341365700.0,957000.0,720600.0,,0.0,0.0,0.0
2026-01-26,144.0,144.0,144.0,144.0,141.0,142.0,-2.0,4595400.0,654619200.0,387.0,120.3,143.0,170200.0,142.0,107000.0,1963000000.0,1963000000.0,341365700.0,303000.0,366400.0,,0.0,0.0,0.0
2026-01-27,142.0,141.0,141.0,141.0,139.0,139.0,-3.0,7249400.0,1010815800.0,525.0,117.8,140.0,3811300.0,139.0,340800.0,1963000000.0,1963000000.0,341365700.0,2260900.0,18600.0,,0.0,0.0,0.0
2026-01-28,139.0,139.0,139.0,139.0,131.0,133.0,-6.0,13227200.0,1790031000.0,1053.0,112.7,135.0,631900.0,133.0,9100.0,1963000000.0,1963000000.0,341365700.0,2081000.0,300600.0,,0.0,0.0,0.0
2026-01-29,133.0,135.0,135.0,137.0,115.0,135.0,2.0,10404200.0,1320017000.0,975.0,114.4,136.0,358100.0,135.0,14800.0,1963000000.0,1963000000.0,341365700.0,1392000.0,1764600.0,,0.0,0.0,0.0
2026-01-30,135.0,135.0,135.0,140.0,135.0,138.0,3.0,3817200.0,526491400.0,287.0,116.9,139.0,213200.0,138.0,438800.0,1963000000.0,1963000000.0,341365700.0,474700.0,14200.0,,0.0,0.0,0.0
2026-02-02,138.0,140.0,140.0,140.0,130.0,137.0,-1.0,7637600.0,1026168200.0,589.0,116.1,137.0,627300.0,136.0,12100.0,1963000000.0,1963000000.0,341365700.0,612600.0,2925400.0,,0.0,0.0,0.0
2026-02-03,137.0,0.0,0.0,137.0,132.0,136.0,-1.0,3294900.0,443633000.0,373.0,115.3,136.0,460200.0,135.0,197500.0,1963000000.0,1963000000.0,341365700.0,72300.0,373700.0,,0.0,0.0,0.0
2026-02-04,136.0,136.0,135.0,136.0,129.0,132.0,-4.0,12511600.0,1649955400.0,824.0,111.9,132.0,262000.0,131.0,28000.0,1963000000.0,1963000000.0,341365700.0,1081600.0,1239800.0,,0.0,0.0,0.0
2026-02-05,132.0,132.0,132.0,133.0,130.0,132.0,0.0,5529100.0,728155600.0,346.0,111.9,132.0,72100.0,131.0,1778000.0,1963000000.0,1963000000.0,341365700.0,400600.0,2033800.0,,0.0,0.0,0.0
2026-02-06,132.0,132.0,131.0,134.0,130.0,133.0,1.0,3565600.0,471132000.0,327.0,112.7,133.0,3600.0,132.0,4000.0,1963000000.0,1963000000.0,341365700.0,266300.0,49800.0,,0.0,0.0,0.0
2026-02-09,133.0,134.0,134.0,137.0,133.0,137.0,4.0,3068400.0,414895500.0,292.0,116.1,137.0,233100.0,136.0,80000.0,1963000000.0,1963000000.0,341365700.0,99400.0,284400.0,,0.0,0.0,0.0
2026-02-10,137.0,138.0,138.0,139.0,137.0,138.0,1.0,3369100.0,465239600.0,309.0,116.9,138.0,316100.0,137.0,439500.0,1963000000.0,1963000000.0,341365700.0,17500.0,811600.0,,0.0,0.0,0.0
2026-02-11,138.0,138.0,138.0,141.0,137.0,139.0,1.0,4985600.0,695790600.0,311.0,117.8,140.0,947800.0,139.0,57200.0,1963000000.0,1963000000.0,341365700.0,2362700.0,2415900.0,,12450000.0,2116500000.0,1.0
2026-02-12,139.0,139.0,139.0,139.0,135.0,139.0,0.0,3123100.0,428760500.0,246.0,117.8,139.0,655900.0,138.0,112700.0,1963000000.0,1963000000.0,341365700.0,16900.0,16600.0,,0.0,0.0,0.0
2026-02-13,139.0,139.0,138.0,139.0,137.0,139.0,0.0,2170300.0,300499500.0,138.0,117.8,139.0,527500.0,138.0,139400.0,1963000000.0,1963000000.0,341365700.0,3100.0,3500.0,,0.0,0.0,0.0
2026-02-18,139.0,137.0,137.0,139.0,135.0,137.0,-2.0,7657000.0,1043423600.0,543.0,116.1,137.0,124200.0,136.0,169500.0,1963000000.0,1963000000.0,341365700.0,102000.0,556000.0,,0.0,0.0,0.0
2026-02-19,137.0,137.0,137.0,137.0,133.0,134.0,-3.0,4436800.0,596974700.0,508.0,113.6,134.0,239800.0,133.0,1032400.0,1963000000.0,1963000000.0,341365700.0,149500.0,90200.0,,0.0,0.0,0.0
2026-02-20,134.0,134.0,134.0,135.0,133.0,134.0,0.0,3646500.0,485957400.0,388.0,113.6,134.0,1485000.0,133.0,839700.0,1963000000.0,1963000000.0,341365700.0,100.0,7500.0,,0.0,0.0,0.0
2026-02-23,134.0,134.0,133.0,135.0,132.0,135.0,1.0,3726300.0,496693800.0,254.0,114.4,135.0,983400.0,134.0,499700.0,1963000000.0,1963000000.0,341365700.0,19600.0,276400.0,,0.0,0.0,0.0
2026-02-24,135.0,135.0,136.0,136.0,133.0,134.0,-1.0,1474300.0,197490100.0,229.0,113.6,134.0,803600.0,133.0,1177900.0,1963000000.0,1963000000.0,341365700.0,3600.0,6800.0,,0.0,0.0,0.0
2026-02-25,134.0,134.0,134.0,135.0,132.0,134.0,0.0,4262400.0,567739200.0,331.0,113.6,134.0,190800.0,133.0,9000.0,1963000000.0,1963000000.0,341365700.0,11400.0,3100.0,,0.0,0.0,0.0
2026-02-26,134.0,134.0,134.0,134.0,131.0,132.0,-2.0,4320400.0,572347600.0,312.0,111.9,132.0,2300.0,131.0,266300.0,1963000000.0,1963000000.0,341365700.0,140600.0,7300.0,,0.0,0.0,0.0
2026-02-27,132.0,132.0,132.0,133.0,130.0,133.0,1.0,2176500.0,285710500.0,231.0,112.7,133.0,641500.0,132.0,203000.0,1963000000.0,1963000000.0,341365700.0,117900.0,7200.0,,0.0,0.0,0.0
2026-03-02,133.0,129.0,129.0,131.0,128.0,131.0,-2.0,5608200.0,726507100.0,466.0,111.0,131.0,62300.0,129.0,128300.0,1963000000.0,1963000000.0,341365700.0,91400.0,22800.0,,0.0,0.0,0.0
2026-03-03,131.0,131.0,130.0,131.0,125.0,127.0,-4.0,3990400.0,507857100.0,395.0,107.6,129.0,139900.0,127.0,212700.0,1963000000.0,1963000000.0,341365700.0,177600.0,17400.0,,0.0,0.0,0.0
2026-03-04,127.0,128.0,128.0,129.0,124.0,125.0,-2.0,2694000.0,337977900.0,382.0,105.9,126.0,379500.0,125.0,103500.0,1963000000.0,1963000000.0,341365700.0,194900.0,355100.0,,0.0,0.0,0.0
2026-03-05,125.0,128.0,128.0,130.0,126.0,128.0,3.0,1760600.0,224852900.0,161.0,108.5,128.0,21200.0,127.0,78300.0,1963000000.0,1963000000.0,341365700.0,98300.0,122500.0,,0.0,0.0,0.0
2026-03-06,128.0,0.0,0.0,129.0,126.0,127.0,-1.0,901500.0,114741800.0,162.0,107.6,127.0,163200.0,126.0,90500.0,1963000000.0,1963000000.0,341365700.0,3800.0,2900.0,,0.0,0.0,0.0
2026-03-09,127.0,127.0,126.0,127.0,119.0,126.0,-1.0,3558800.0,433254400.0,354.0,106.8,126.0,561700.0,125.0,2000.0,1963000000.0,1963000000.0,341365700.0,315000.0,324600.0,,0.0,0.0,0.0
2026-03-10,126.0,126.0,126.0,131.0,125.0,129.0,3.0,721800.0,91651400.0,195.0,109.3,129.0,152700.0,128.0,4200.0,1963000000.0,1963000000.0,341365700.0,0.0,0.0,,0.0,0.0,0.0
2026-03-11,129.0,130.0,129.0,130.0,126.0,128.0,-1.0,382400.0,48916200.0,104.0,108.5,128.0,72600.0,127.0,91000.0,1963000000.0,1963000000.0,341365700.0,119200.0,37800.0,,0.0,0.0,0.0
2026-03-12,128.0,124.0,124.0,129.0,124.0,126.0,-2.0,456300.0,57524000.0,138.0,106.8,128.0,18800.0,126.0,3400.0,1963000000.0,1963000000.0,341365700.0,5500.0,22700.0,,0.0,0.0,0.0
2026-03-13,126.0,126.0,126.0,126.0,123.0,124.0,-2.0,710600.0,88569000.0,167.0,105.1,125.0,158000.0,124.0,107700.0,1963000000.0,1963000000.0,341365700.0,5500.0,7200.0,,0.0,0.0,0.0
2026-03-16,124.0,126.0,126.0,126.0,120.0,123.0,-1.0,1029200.0,125902300.0,186.0,104.2,123.0,17300.0,122.0,90600.0,1963000000.0,1963000000.0,341365700.0,12400.0,12300.0,,0.0,0.0,0.0
2026-03-17,123.0,123.0,122.0,125.0,118.0,123.0,0.0,2303400.0,278297500.0,259.0,104.2,123.0,21000.0,122.0,200.0,1963000000.0,1963000000.0,341365700.0,10900.0,397600.0,,0.0,0.0,0.0
2026-03-25,123.0,123.0,124.0,127.0,123.0,126.0,3.0,412700.0,51528600.0,103.0,106.8,126.0,32100.0,125.0,38100.0,1963000000.0,1963000000.0,341365700.0,2500.0,700.0,,0.0,0.0,0.0
2026-03-26,126.0,126.0,126.0,129.0,125.0,126.0,0.0,618700.0,78229100.0,162.0,106.8,126.0,155300.0,125.0,313500.0,1963000000.0,1963000000.0,341365700.0,77900.0,4200.0,,0.0,0.0,0.0
2026-03-27,126.0,126.0,126.0,128.0,123.0,127.0,1.0,759100.0,95470700.0,115.0,107.6,127.0,35400.0,126.0,1000.0,1963000000.0,1963000000.0,341365700.0,103200.0,3700.0,,0.0,0.0,0.0
2026-03-30,127.0,126.0,125.0,126.0,123.0,126.0,-1.0,364100.0,45522400.0,121.0,106.8,126.0,54900.0,125.0,191600.0,1963000000.0,1963000000.0,341365700.0,2500.0,95500.0,,0.0,0.0,0.0
2026-03-31,126.0,126.0,125.0,127.0,125.0,126.0,0.0,367300.0,46170800.0,96.0,106.8,126.0,49900.0,125.0,13200.0,1963000000.0,1963000000.0,341365700.0,1200.0,1400.0,,0.0,0.0,0.0
2026-04-01,126.0,120.0,120.0,121.0,108.0,108.0,-18.0,14742800.0,1631523500.0,1236.0,91.5,108.0,9441700.0,0.0,0.0,1963000000.0,1963000000.0,353928900.0,1478300.0,8700.0,,0.0,0.0,0.0
2026-04-02,108.0,96.0,95.0,98.0,92.0,92.0,-16.0,27497100.0,2577041200.0,2584.0,78.0,92.0,92200.0,0.0,0.0,1963000000.0,1963000000.0,353928900.0,520100.0,4720900.0,,0.0,0.0,0.0
2026-04-06,92.0,92.0,91.0,92.0,82.0,86.0,-6.0,13036900.0,1126154200.0,2078.0,72.9,86.0,230400.0,85.0,254900.0,1963000000.0,1963000000.0,353928900.0,1075200.0,406000.0,,0.0,0.0,0.0
2026-04-07,86.0,87.0,86.0,87.0,79.0,79.0,-7.0,13699200.0,1111027400.0,1690.0,66.9,81.0,488700.0,79.0,570000.0,1963000000.0,1963000000.0,353928900.0,179600.0,31100.0,,0.0,0.0,0.0
2026-04-08,79.0,80.0,80.0,106.0,80.0,106.0,27.0,154299300.0,15156087200.0,15445.0,89.8,0.0,0.0,106.0,5565700.0,1963000000.0,1963000000.0,353928900.0,2623300.0,1248300.0,,0.0,0.0,0.0
2026-04-09,106.0,115.0,115.0,117.0,95.0,99.0,-7.0,77944200.0,8078070300.0,8779.0,83.9,100.0,436600.0,99.0,9700.0,1963000000.0,1963000000.0,353928900.0,4000800.0,4725200.0,,0.0,0.0,0.0
2026-04-10,99.0,100.0,101.0,101.0,96.0,98.0,-1.0,12238900.0,1196336900.0,1774.0,83.1,99.0,438800.0,98.0,9200.0,1963000000.0,1963000000.0,353928900.0,441900.0,1776600.0,,0.0,0.0,0.0
2026-04-13,98.0,98.0,98.0,99.0,96.0,97.0,-1.0,4720000.0,457245000.0,792.0,82.2,98.0,523700.0,97.0,1386300.0,1963000000.0,1963000000.0,353928900.0,172200.0,202000.0,,0.0,0.0,0.0
2026-04-14,97.0,98.0,99.0,103.0,97.0,97.0,0.0,12131900.0,1200950200.0,1380.0,82.2,98.0,642300.0,97.0,630900.0,1963000000.0,1963000000.0,353928900.0,1488000.0,1663700.0,,0.0,0.0,0.0
2026-04-15,97.0,99.0,99.0,99.0,97.0,98.0,1.0,3292700.0,322496700.0,676.0,83.1,98.0,177200.0,97.0,864100.0,1963000000.0,1963000000.0,353928900.0,288700.0,275900.0,,0.0,0.0,0.0
2026-04-16,98.0,97.0,97.0,100.0,96.0,99.0,1.0,4144000.0,405050100.0,664.0,83.9,99.0,610400.0,98.0,187200.0,1963000000.0,1963000000.0,353928900.0,48300.0,593500.0,,0.0,0.0,0.0
2026-04-17,99.0,99.0,98.0,99.0,96.0,96.0,-3.0,3722200.0,360148500.0,601.0,81.4,97.0,46400.0,96.0,775200.0,1963000000.0,1963000000.0,353928900.0,169000.0,713000.0,,0.0,0.0,0.0
2026-04-20,96.0,96.0,96.0,96.0,90.0,94.0,-2.0,4412800.0,412800000.0,855.0,79.7,94.0,5600.0,93.0,379000.0,1963000000.0,1963000000.0,353928900.0,499500.0,385100.0,,0.0,0.0,0.0
2026-04-21,94.0,94.0,94.0,96.0,92.0,95.0,1.0,3832400.0,358368800.0,676.0,80.5,95.0,270200.0,94.0,119800.0,1963000000.0,1963000000.0,353928900.0,68600.0,587200.0,,0.0,0.0,0.0
2026-04-22,95.0,96.0,96.0,100.0,94.0,97.0,2.0,9055000.0,879668500.0,1449.0,82.2,97.0,160900.0,96.0,463700.0,1963000000.0,1963000000.0,353928900.0,943600.0,743700.0,,0.0,0.0,0.0
2026-04-23,97.0,97.0,97.0,98.0,94.0,96.0,-1.0,1946700.0,186584900.0,493.0,81.4,96.0,86500.0,95.0,105700.0,1963000000.0,1963000000.0,353928900.0,147900.0,121100.0,,0.0,0.0,0.0
2026-04-24,96.0,97.0,97.0,97.0,90.0,91.0,-5.0,3213400.0,296091300.0,612.0,77.1,92.0,2900.0,91.0,50200.0,1963000000.0,1963000000.0,353928900.0,215800.0,550500.0,,0.0,0.0,0.0
2026-04-27,91.0,91.0,93.0,95.0,90.0,95.0,4.0,1386600.0,127014300.0,406.0,80.5,95.0,397900.0,94.0,24600.0,1963000000.0,1963000000.0,353928900.0,150200.0,25800.0,,0.0,0.0,0.0
2026-04-28,95.0,95.0,95.0,95.0,92.0,92.0,-3.0,1391300.0,129803200.0,349.0,78.0,93.0,42200.0,92.0,200600.0,1963000000.0,1963000000.0,353928900.0,18100.0,23300.0,,0.0,0.0,0.0
2026-04-29,92.0,92.0,92.0,96.0,91.0,94.0,2.0,2097700.0,196263400.0,392.0,79.7,94.0,222800.0,93.0,182400.0,1963000000.0,1963000000.0,353928900.0,59300.0,165600.0,,0.0,0.0,0.0
2026-04-30,94.0,94.0,94.0,95.0,89.0,89.0,-5.0,3040700.0,278988900.0,556.0,75.4,91.0,1500.0,89.0,108000.0,1963000000.0,1963000000.0,353928900.0,49900.0,177100.0,,0.0,0.0,0.0
2026-05-04,89.0,90.0,90.0,120.0,90.0,120.0,31.0,224035800.0,24713361400.0,17090.0,101.7,0.0,0.0,120.0,128583600.0,1963000000.0,1963000000.0,353928900.0,17931000.0,20107600.0,,0.0,0.0,0.0
2026-05-05,120.0,130.0,130.0,134.0,102.0,102.0,-18.0,153051500.0,17465033200.0,11896.0,86.4,103.0,81200.0,102.0,2680300.0,1963000000.0,1963000000.0,353928900.0,15186000.0,11937400.0,,0.0,0.0,0.0
2026-05-06,102.0,104.0,104.0,111.0,99.0,102.0,0.0,56378900.0,5906831800.0,4971.0,86.4,102.0,10700.0,101.0,2068700.0,1963000000.0,1963000000.0,353928900.0,6657400.0,6465700.0,,0.0,0.0,0.0
2026-05-07,102.0,103.0,103.0,112.0,101.0,102.0,0.0,52599600.0,5578372300.0,3976.0,86.4,102.0,299200.0,101.0,444800.0,1963000000.0,1963000000.0,353928900.0,4904500.0,2720400.0,,0.0,0.0,0.0
2026-05-08,102.0,105.0,105.0,106.0,95.0,97.0,-5.0,17131800.0,1730594500.0,1757.0,82.2,97.0,84200.0,96.0,453200.0,1963000000.0,1963000000.0,353928900.0,1328800.0,935900.0,,0.0,0.0,0.0
