date,previous,open_price,first_trade,high,low,close,change,volume,value,frequency,index_individual,offer,offer_volume,bid,bid_volume,listed_shares,tradeble_shares,weight_for_index,foreign_sell,foreign_buy,delisting_date,non_regular_volume,non_regular_value,non_regular_frequency
2019-07-29,360.0,0.0,0.0,370.0,370.0,370.0,10.0,70400.0,26048000.0,6.0,822.2,372.0,1350000.0,330.0,5000.0,1600000000.0,1600000000.0,1600000000.0,0.0,0.0,,0.0,0.0,0.0
2019-07-30,370.0,0.0,0.0,370.0,368.0,368.0,-2.0,210200.0,77354000.0,6.0,817.8,370.0,1379800.0,332.0,1500.0,1600000000.0,1600000000.0,1600000000.0,0.0,0.0,,0.0,0.0,0.0
2019-07-31,368.0,0.0,0.0,368.0,368.0,368.0,0.0,100200.0,36873600.0,20.0,817.8,368.0,170200.0,300.0,5000.0,1600000000.0,1600000000.0,1600000000.0,0.0,0.0,,0.0,0.0,0.0
2019-08-01,368.0,0.0,0.0,368.0,368.0,368.0,0.0,50200.0,18473600.0,11.0,817.8,368.0,230200.0,322.0,1000.0,1600000000.0,1600000000.0,1600000000.0,0.0,0.0,,0.0,0.0,0.0
2019-08-02,368.0,0.0,0.0,370.0,368.0,368.0,0.0,50100.0,18437000.0,6.0,817.8,368.0,170200.0,310.0,5000.0,1600000000.0,1600000000.0,1600000000.0,0.0,0.0,,0.0,0.0,0.0
2019-08-05,368.0,0.0,0.0,366.0,366.0,366.0,-2.0,20000.0,7320000.0,1.0,813.3,366.0,180000.0,310.0,3000.0,1600000000.0,1600000000.0,1600000000.0,0.0,0.0,,0.0,0.0,0.0
2019-08-06,366.0,0.0,0.0,370.0,370.0,370.0,4.0,20000.0,7400000.0,1.0,822.2,370.0,1360000.0,302.0,4900.0,1600000000.0,1600000000.0,1600000000.0,0.0,0.0,,0.0,0.0,0.0
2019-08-07,370.0,0.0,0.0,370.0,368.0,370.0,0.0,110200.0,40773800.0,8.0,822.2,370.0,1360000.0,320.0,8600.0,1600000000.0,1600000000.0,1600000000.0,0.0,0.0,,0.0,0.0,0.0
2019-08-08,370.0,0.0,0.0,370.0,368.0,370.0,0.0,250200.0,92573600.0,12.0,822.2,370.0,1375100.0,322.0,8900.0,1600000000.0,1600000000.0,1600000000.0,0.0,0.0,,0.0,0.0,0.0
2019-08-09,370.0,0.0,0.0,0.0,0.0,370.0,0.0,0.0,0.0,0.0,822.2,368.0,120000.0,330.0,10000.0,1600000000.0,1600000000.0,1600000000.0,0.0,0.0,,0.0,0.0,0.0
2019-08-12,370.0,0.0,0.0,0.0,0.0,370.0,0.0,0.0,0.0,0.0,822.2,368.0,570000.0,330.0,16500.0,1600000000.0,1600000000.0,1600000000.0,0.0,0.0,,0.0,0.0,0.0
2019-08-13,370.0,0.0,0.0,0.0,0.0,370.0,0.0,0.0,0.0,0.0,822.2,368.0,70000.0,310.0,2900.0,1600000000.0,1600000000.0,1600000000.0,0.0,0.0,,0.0,0.0,0.0
2019-08-14,370.0,0.0,0.0,0.0,0.0,370.0,0.0,0.0,0.0,0.0,822.2,368.0,300000.0,322.0,4900.0,1600000000.0,1600000000.0,1600000000.0,0.0,0.0,,0.0,0.0,0.0
2019-08-15,370.0,0.0,0.0,0.0,0.0,370.0,0.0,0.0,0.0,0.0,822.2,368.0,305000.0,302.0,4800.0,1600000000.0,1600000000.0,1600000000.0,0.0,0.0,,0.0,0.0,0.0
2019-08-16,370.0,0.0,0.0,370.0,370.0,370.0,0.0,12000.0,4440000.0,2.0,822.2,370.0,20000.0,322.0,8100.0,1600000000.0,1600000000.0,1600000000.0,0.0,0.0,,0.0,0.0,0.0
2019-08-19,370.0,0.0,0.0,370.0,370.0,370.0,0.0,100.0,37000.0,1.0,822.2,368.0,255000.0,302.0,9000.0,1600000000.0,1600000000.0,1600000000.0,0.0,0.0,,0.0,0.0,0.0
2019-08-20,370.0,0.0,0.0,370.0,368.0,368.0,-2.0,62000.0,22820000.0,2.0,817.8,368.0,140000.0,322.0,8700.0,1600000000.0,1600000000.0,1600000000.0,0.0,0.0,,0.0,0.0,0.0
2019-08-21,368.0,0.0,0.0,368.0,368.0,368.0,0.0,20000.0,7360000.0,2.0,817.8,370.0,260000.0,300.0,10000.0,1600000000.0,1600000000.0,1600000000.0,0.0,0.0,,0.0,0.0,0.0
2019-08-22,368.0,0.0,0.0,378.0,368.0,368.0,0.0,600.0,223800.0,2.0,817.8,368.0,9700.0,328.0,7700.0,1600000000.0,1600000000.0,1600000000.0,0.0,0.0,,0.0,0.0,0.0
2019-08-23,368.0,0.0,0.0,378.0,370.0,370.0,2.0,20300.0,7513400.0,2.0,822.2,370.0,130500.0,326.0,4100.0,1600000000.0,1600000000.0,1600000000.0,0.0,0.0,,0.0,0.0,0.0
2019-08-26,370.0,0.0,0.0,370.0,370.0,370.0,0.0,10000.0,3700000.0,3.0,822.2,370.0,11000.0,320.0,8900.0,1600000000.0,1600000000.0,1600000000.0,0.0,0.0,,0.0,0.0,0.0
2019-08-27,370.0,0.0,0.0,370.0,360.0,370.0,0.0,20400.0,7544000.0,4.0,822.2,370.0,80400.0,356.0,200.0,1600000000.0,1600000000.0,1600000000.0,0.0,0.0,,0.0,0.0,0.0
2019-08-28,370.0,0.0,0.0,370.0,370.0,370.0,0.0,10000.0,3700000.0,1.0,822.2,370.0,40000.0,338.0,1900.0,1600000000.0,1600000000.0,1600000000.0,0.0,0.0,,0.0,0.0,0.0
2019-08-29,370.0,0.0,0.0,370.0,370.0,370.0,0.0,15000.0,5550000.0,2.0,822.2,370.0,45000.0,322.0,9300.0,1600000000.0,1600000000.0,1600000000.0,0.0,0.0,,0.0,0.0,0.0
2019-08-30,370.0,0.0,0.0,370.0,370.0,370.0,0.0,12000.0,4440000.0,1.0,822.2,370.0,63400.0,330.0,6500.0,1600000000.0,1600000000.0,1600000000.0,0.0,0.0,,0.0,0.0,0.0
2019-09-02,370.0,0.0,0.0,370.0,370.0,370.0,0.0,2500.0,925000.0,2.0,822.2,370.0,49500.0,320.0,4900.0,1600000000.0,1600000000.0,1600000000.0,0.0,0.0,,0.0,0.0,0.0
2019-09-03,370.0,0.0,0.0,370.0,370.0,370.0,0.0,10000.0,3700000.0,2.0,822.2,370.0,49500.0,302.0,5000.0,1600000000.0,1600000000.0,1600000000.0,0.0,0.0,,0.0,0.0,0.0
2019-09-04,370.0,0.0,0.0,370.0,370.0,370.0,0.0,10000.0,3700000.0,2.0,822.2,370.0,10500.0,330.0,8900.0,1600000000.0,1600000000.0,1600000000.0,0.0,0.0,,0.0,0.0,0.0
2019-09-05,370.0,0.0,0.0,0.0,0.0,370.0,0.0,0.0,0.0,0.0,822.2,366.0,1000000.0,330.0,500.0,1600000000.0,1600000000.0,1600000000.0,0.0,0.0,,0.0,0.0,0.0
2019-09-06,370.0,0.0,0.0,370.0,370.0,370.0,0.0,20000.0,7400000.0,1.0,822.2,370.0,230000.0,330.0,300.0,1600000000.0,1600000000.0,1600000000.0,0.0,0.0,,0.0,0.0,0.0
2019-09-09,370.0,0.0,0.0,0.0,0.0,370.0,0.0,0.0,0.0,0.0,822.2,378.0,200000.0,330.0,1300.0,1600000000.0,1600000000.0,1600000000.0,0.0,0.0,,0.0,0.0,0.0
2019-09-10,370.0,0.0,0.0,376.0,350.0,376.0,6.0,41500.0,15565000.0,3.0,835.6,376.0,340000.0,340.0,2000.0,1600000000.0,1600000000.0,1600000000.0,0.0,0.0,,0.0,0.0,0.0
2019-09-11,376.0,0.0,0.0,378.0,376.0,376.0,0.0,50200.0,18875600.0,6.0,835.6,376.0,280000.0,340.0,300.0,1600000000.0,1600000000.0,1600000000.0,0.0,0.0,,0.0,0.0,0.0
2019-09-12,376.0,0.0,0.0,376.0,376.0,376.0,0.0,10000.0,3760000.0,1.0,835.6,376.0,50000.0,336.0,10400.0,1600000000.0,1600000000.0,1600000000.0,0.0,0.0,,0.0,0.0,0.0
2019-09-13,376.0,0.0,0.0,376.0,376.0,376.0,0.0,10300.0,3872800.0,2.0,835.6,376.0,289700.0,340.0,2800.0,1600000000.0,1600000000.0,1600000000.0,0.0,0.0,,0.0,0.0,0.0
2019-09-16,376.0,0.0,0.0,376.0,376.0,376.0,0.0,20000.0,7520000.0,2.0,835.6,376.0,81900.0,310.0,4000.0,1600000000.0,1600000000.0,1600000000.0,0.0,0.0,,0.0,0.0,0.0
2019-09-17,376.0,0.0,0.0,376.0,376.0,376.0,0.0,20000.0,7520000.0,4.0,835.6,376.0,195000.0,300.0,5000.0,1600000000.0,1600000000.0,1600000000.0,0.0,0.0,,0.0,0.0,0.0
2019-09-18,376.0,0.0,0.0,0.0,0.0,376.0,0.0,0.0,0.0,0.0,835.6,376.0,80400.0,320.0,5000.0,1600000000.0,1600000000.0,1600000000.0,0.0,0.0,,0.0,0.0,0.0
2019-09-19,376.0,0.0,0.0,380.0,380.0,380.0,4.0,20000.0,7600000.0,6.0,844.4,380.0,120400.0,336.0,8200.0,1600000000.0,1600000000.0,1600000000.0,0.0,0.0,,0.0,0.0,0.0
2019-09-20,380.0,0.0,0.0,378.0,378.0,378.0,-2.0,50500.0,19089000.0,5.0,840.0,378.0,49300.0,320.0,6000.0,1600000000.0,1600000000.0,1600000000.0,0.0,0.0,,1.0,376.0,1.0
2019-09-23,378.0,0.0,0.0,378.0,378.0,378.0,0.0,30000.0,11340000.0,5.0,840.0,378.0,295100.0,332.0,1900.0,1600000000.0,1600000000.0,1600000000.0,0.0,0.0,,0.0,0.0,0.0
2019-09-24,378.0,0.0,0.0,378.0,376.0,376.0,-2.0,20100.0,7557800.0,4.0,835.6,376.0,110000.0,310.0,2000.0,1600000000.0,1600000000.0,1600000000.0,0.0,0.0,,0.0,0.0,0.0
2019-09-25,376.0,0.0,0.0,376.0,376.0,376.0,0.0,15000.0,5640000.0,2.0,835.6,376.0,5000.0,340.0,1000.0,1600000000.0,1600000000.0,1600000000.0,0.0,0.0,,0.0,0.0,0.0
2019-09-26,376.0,0.0,0.0,378.0,378.0,378.0,2.0,40000.0,15120000.0,3.0,840.0,378.0,195000.0,360.0,900.0,1600000000.0,1600000000.0,1600000000.0,0.0,0.0,,0.0,0.0,0.0
2019-09-27,378.0,0.0,0.0,378.0,378.0,378.0,0.0,30000.0,11340000.0,1.0,840.0,378.0,330000.0,332.0,1900.0,1600000000.0,1600000000.0,1600000000.0,0.0,0.0,,0.0,0.0,0.0
2019-09-30,378.0,0.0,0.0,0.0,0.0,378.0,0.0,0.0,0.0,0.0,840.0,376.0,20000.0,370.0,1000.0,1600000000.0,1600000000.0,1600000000.0,0.0,0.0,,0.0,0.0,0.0
2019-10-01,378.0,0.0,0.0,376.0,376.0,376.0,-2.0,50000.0,18800000.0,4.0,835.6,376.0,180000.0,330.0,1000.0,1600000000.0,1600000000.0,1600000000.0,0.0,0.0,,18518500.0,6999993000.0,2.0
2019-10-02,376.0,0.0,0.0,376.0,376.0,376.0,0.0,50000.0,18800000.0,3.0,835.6,376.0,15000.0,330.0,1000.0,1600000000.0,1600000000.0,1600000000.0,0.0,0.0,,0.0,0.0,0.0
2019-10-03,376.0,0.0,0.0,0.0,0.0,376.0,0.0,0.0,0.0,0.0,835.6,376.0,11000.0,330.0,1000.0,1600000000.0,1600000000.0,1600000000.0,0.0,0.0,,0.0,0.0,0.0
2019-10-04,376.0,0.0,0.0,376.0,376.0,376.0,0.0,10000.0,3760000.0,2.0,835.6,376.0,91000.0,330.0,1000.0,1600000000.0,1600000000.0,1600000000.0,0.0,0.0,,0.0,0.0,0.0
2019-10-07,376.0,0.0,0.0,374.0,374.0,374.0,-2.0,50000.0,18700000.0,1.0,831.1,374.0,200000.0,340.0,1000.0,1600000000.0,1600000000.0,1600000000.0,0.0,0.0,,0.0,0.0,0.0
2019-10-08,374.0,0.0,0.0,376.0,374.0,374.0,0.0,50600.0,18924600.0,9.0,831.1,374.0,169900.0,340.0,1000.0,1600000000.0,1600000000.0,1600000000.0,0.0,0.0,,0.0,0.0,0.0
2019-10-09,374.0,0.0,0.0,0.0,0.0,374.0,0.0,0.0,0.0,0.0,831.1,374.0,120000.0,330.0,5000.0,1600000000.0,1600000000.0,1600000000.0,0.0,0.0,,0.0,0.0,0.0
2019-10-10,374.0,0.0,0.0,0.0,0.0,374.0,0.0,0.0,0.0,0.0,831.1,372.0,10000.0,350.0,1900.0,1600000000.0,1600000000.0,1600000000.0,0.0,0.0,,0.0,0.0,0.0
2019-10-11,374.0,0.0,0.0,374.0,374.0,374.0,0.0,40000.0,14960000.0,3.0,831.1,374.0,190000.0,370.0,100.0,1600000000.0,1600000000.0,1600000000.0,0.0,0.0,,0.0,0.0,0.0
2019-10-14,374.0,0.0,0.0,374.0,368.0,368.0,-6.0,50100.0,18437400.0,2.0,817.8,370.0,100000.0,310.0,2000.0,1600000000.0,1600000000.0,1600000000.0,0.0,0.0,,0.0,0.0,0.0
2019-10-15,368.0,0.0,0.0,0.0,0.0,368.0,0.0,0.0,0.0,0.0,817.8,370.0,10000.0,330.0,1100.0,1600000000.0,1600000000.0,1600000000.0,0.0,0.0,,0.0,0.0,0.0
2019-10-16,368.0,0.0,0.0,372.0,368.0,372.0,4.0,20100.0,7476800.0,3.0,826.7,372.0,10000.0,320.0,5000.0,1600000000.0,1600000000.0,1600000000.0,0.0,0.0,,5434800.0,2000006400.0,1.0
2019-10-17,372.0,0.0,0.0,376.0,370.0,372.0,0.0,320100.0,120037600.0,5.0,826.7,370.0,20000.0,310.0,9800.0,1600000000.0,1600000000.0,1600000000.0,0.0,0.0,,0.0,0.0,0.0
2019-10-18,372.0,0.0,0.0,0.0,0.0,372.0,0.0,0.0,0.0,0.0,826.7,370.0,220800.0,310.0,1000.0,1600000000.0,1600000000.0,1600000000.0,0.0,0.0,,0.0,0.0,0.0
2019-10-21,372.0,0.0,0.0,0.0,0.0,372.0,0.0,0.0,0.0,0.0,826.7,370.0,230000.0,310.0,2900.0,1600000000.0,1600000000.0,1600000000.0,0.0,0.0,,0.0,0.0,0.0
2019-10-22,372.0,0.0,0.0,368.0,368.0,368.0,-4.0,150000.0,55200000.0,1.0,817.8,368.0,250000.0,330.0,10000.0,1600000000.0,1600000000.0,1600000000.0,0.0,0.0,,0.0,0.0,0.0
2019-10-23,368.0,0.0,0.0,368.0,368.0,368.0,0.0,40000.0,14720000.0,4.0,817.8,368.0,190000.0,320.0,5000.0,1600000000.0,1600000000.0,1600000000.0,0.0,0.0,,0.0,0.0,0.0
2019-10-24,368.0,0.0,0.0,368.0,368.0,368.0,0.0,10000.0,3680000.0,2.0,817.8,368.0,190100.0,310.0,4000.0,1600000000.0,1600000000.0,1600000000.0,0.0,0.0,,0.0,0.0,0.0
2019-10-25,368.0,0.0,0.0,368.0,276.0,368.0,0.0,1015600.0,348859200.0,44.0,817.8,370.0,257500.0,362.0,54400.0,1600000000.0,1600000000.0,1600000000.0,250000.0,0.0,,0.0,0.0,0.0
2019-10-28,368.0,0.0,0.0,368.0,368.0,368.0,0.0,4100.0,1508800.0,11.0,817.8,368.0,136500.0,320.0,11100.0,1600000000.0,1600000000.0,1600000000.0,0.0,0.0,,0.0,0.0,0.0
2019-10-29,368.0,0.0,0.0,370.0,370.0,370.0,2.0,50000.0,18500000.0,3.0,822.2,370.0,1350000.0,302.0,500.0,1600000000.0,1600000000.0,1600000000.0,0.0,0.0,,0.0,0.0,0.0
2019-10-30,370.0,0.0,0.0,0.0,0.0,370.0,0.0,0.0,0.0,0.0,822.2,366.0,20000.0,364.0,30000.0,1600000000.0,1600000000.0,1600000000.0,0.0,0.0,,0.0,0.0,0.0
2019-10-31,370.0,0.0,0.0,368.0,368.0,368.0,-2.0,20100.0,7396800.0,4.0,817.8,368.0,219900.0,352.0,200.0,1600000000.0,1600000000.0,1600000000.0,0.0,0.0,,0.0,0.0,0.0
2019-11-01,368.0,0.0,0.0,368.0,368.0,368.0,0.0,100.0,36800.0,1.0,817.8,368.0,29900.0,310.0,5000.0,1600000000.0,1600000000.0,1600000000.0,0.0,0.0,,0.0,0.0,0.0
2019-11-04,368.0,0.0,0.0,370.0,352.0,370.0,2.0,102900.0,38020800.0,6.0,822.2,370.0,1327800.0,352.0,200.0,1600000000.0,1600000000.0,1600000000.0,0.0,0.0,,0.0,0.0,0.0
2019-11-05,370.0,0.0,0.0,370.0,328.0,370.0,0.0,61300.0,22638400.0,10.0,822.2,370.0,1309500.0,334.0,100.0,1600000000.0,1600000000.0,1600000000.0,0.0,0.0,,0.0,0.0,0.0
2019-11-06,370.0,0.0,0.0,370.0,334.0,370.0,0.0,60200.0,22190200.0,7.0,822.2,370.0,1289500.0,342.0,100.0,1600000000.0,1600000000.0,1600000000.0,0.0,0.0,,0.0,0.0,0.0
2019-11-07,370.0,0.0,0.0,0.0,0.0,370.0,0.0,0.0,0.0,0.0,822.2,368.0,100000.0,330.0,5000.0,1600000000.0,1600000000.0,1600000000.0,0.0,0.0,,0.0,0.0,0.0
2019-11-08,370.0,0.0,0.0,370.0,370.0,370.0,0.0,110100.0,40737000.0,2.0,822.2,370.0,1184500.0,320.0,1000.0,1600000000.0,1600000000.0,1600000000.0,0.0,0.0,,0.0,0.0,0.0
2019-11-11,370.0,0.0,0.0,0.0,0.0,370.0,0.0,0.0,0.0,0.0,822.2,366.0,15000.0,310.0,1000.0,1600000000.0,1600000000.0,1600000000.0,0.0,0.0,,0.0,0.0,0.0
2019-11-12,370.0,0.0,0.0,0.0,0.0,370.0,0.0,0.0,0.0,0.0,822.2,366.0,10000.0,310.0,5000.0,1600000000.0,1600000000.0,1600000000.0,0.0,0.0,,0.0,0.0,0.0
2019-11-13,370.0,0.0,0.0,0.0,0.0,370.0,0.0,0.0,0.0,0.0,822.2,368.0,45100.0,302.0,500.0,1600000000.0,1600000000.0,1600000000.0,0.0,0.0,,0.0,0.0,0.0
2019-11-14,370.0,0.0,0.0,0.0,0.0,370.0,0.0,0.0,0.0,0.0,822.2,366.0,10000.0,310.0,1000.0,1600000000.0,1600000000.0,1600000000.0,0.0,0.0,,0.0,0.0,0.0
2019-11-15,370.0,0.0,0.0,0.0,0.0,370.0,0.0,0.0,0.0,0.0,822.2,368.0,250000.0,302.0,500.0,1600000000.0,1600000000.0,1600000000.0,0.0,0.0,,0.0,0.0,0.0
2019-11-18,370.0,0.0,0.0,370.0,370.0,370.0,0.0,100900.0,37333000.0,6.0,822.2,370.0,1082600.0,304.0,1000.0,1600000000.0,1600000000.0,1600000000.0,0.0,0.0,,0.0,0.0,0.0
2019-11-19,370.0,0.0,0.0,0.0,0.0,370.0,0.0,0.0,0.0,0.0,822.2,368.0,127200.0,310.0,1900.0,1600000000.0,1600000000.0,1600000000.0,0.0,0.0,,0.0,0.0,0.0
2019-11-20,370.0,0.0,0.0,370.0,370.0,370.0,0.0,100000.0,37000000.0,4.0,822.2,370.0,1063100.0,304.0,1000.0,1600000000.0,1600000000.0,1600000000.0,0.0,0.0,,0.0,0.0,0.0
2019-11-21,370.0,0.0,0.0,0.0,0.0,370.0,0.0,0.0,0.0,0.0,822.2,366.0,20000.0,302.0,500.0,1600000000.0,1600000000.0,1600000000.0,0.0,0.0,,0.0,0.0,0.0
2019-11-22,370.0,0.0,0.0,368.0,368.0,368.0,-2.0,100.0,36800.0,1.0,817.8,366.0,50000.0,302.0,500.0,1600000000.0,1600000000.0,1600000000.0,0.0,0.0,,0.0,0.0,0.0
2019-11-25,368.0,0.0,0.0,368.0,366.0,366.0,-2.0,12600.0,4612800.0,5.0,813.3,366.0,8300.0,304.0,22000.0,1600000000.0,1600000000.0,1600000000.0,0.0,0.0,,0.0,0.0,0.0
2019-11-26,366.0,0.0,0.0,366.0,364.0,366.0,0.0,10300.0,3769200.0,3.0,813.3,366.0,54700.0,322.0,1000.0,1600000000.0,1600000000.0,1600000000.0,0.0,0.0,,0.0,0.0,0.0
2019-11-27,366.0,0.0,0.0,364.0,364.0,364.0,-2.0,10000.0,3640000.0,1.0,808.9,364.0,39400.0,320.0,1000.0,1600000000.0,1600000000.0,1600000000.0,0.0,0.0,,0.0,0.0,0.0
2019-11-28,364.0,0.0,0.0,0.0,0.0,364.0,0.0,0.0,0.0,0.0,808.9,362.0,400.0,304.0,2000.0,1600000000.0,1600000000.0,1600000000.0,0.0,0.0,,0.0,0.0,0.0
2019-11-29,364.0,0.0,0.0,366.0,366.0,366.0,2.0,12000.0,4392000.0,4.0,813.3,366.0,28500.0,320.0,5000.0,1600000000.0,1600000000.0,1600000000.0,0.0,0.0,,0.0,0.0,0.0
2019-12-02,366.0,0.0,0.0,0.0,0.0,366.0,0.0,0.0,0.0,0.0,813.3,362.0,20000.0,320.0,10000.0,1600000000.0,1600000000.0,1600000000.0,0.0,0.0,,0.0,0.0,0.0
2019-12-03,366.0,0.0,0.0,366.0,310.0,366.0,0.0,47800.0,17153200.0,9.0,813.3,366.0,41300.0,324.0,5000.0,1600000000.0,1600000000.0,1600000000.0,0.0,0.0,,0.0,0.0,0.0
2019-12-04,366.0,0.0,0.0,364.0,364.0,364.0,-2.0,100.0,36400.0,1.0,808.9,364.0,49900.0,352.0,100.0,1600000000.0,1600000000.0,1600000000.0,0.0,0.0,,0.0,0.0,0.0
2019-12-05,364.0,0.0,0.0,0.0,0.0,364.0,0.0,0.0,0.0,0.0,808.9,364.0,25000.0,344.0,100.0,1600000000.0,1600000000.0,1600000000.0,0.0,0.0,,0.0,0.0,0.0
2019-12-06,364.0,0.0,0.0,370.0,370.0,370.0,6.0,15000.0,5550000.0,1.0,822.2,370.0,1116000.0,330.0,10000.0,1600000000.0,1600000000.0,1600000000.0,0.0,0.0,,0.0,0.0,0.0
2019-12-09,370.0,0.0,0.0,356.0,330.0,356.0,-14.0,18620000.0,6148820000.0,67.0,791.1,356.0,10010000.0,300.0,20000.0,1600000000.0,1600000000.0,1600000000.0,35000.0,0.0,,0.0,0.0,0.0
2019-12-10,356.0,0.0,0.0,366.0,330.0,330.0,-26.0,18484000.0,6760214600.0,22.0,733.3,330.0,26500.0,326.0,100.0,1600000000.0,1600000000.0,1600000000.0,103600.0,0.0,,0.0,0.0,0.0
2019-12-11,330.0,0.0,0.0,334.0,334.0,334.0,4.0,12000.0,4008000.0,2.0,742.2,334.0,7800.0,322.0,100.0,1600000000.0,1600000000.0,1600000000.0,0.0,0.0,,0.0,0.0,0.0
2019-12-12,334.0,0.0,0.0,334.0,334.0,334.0,0.0,12000.0,4008000.0,5.0,742.2,338.0,9700.0,260.0,20000.0,1600000000.0,1600000000.0,1600000000.0,0.0,0.0,,0.0,0.0,0.0
2019-12-13,334.0,0.0,0.0,346.0,346.0,346.0,12.0,1900.0,657400.0,2.0,768.9,340.0,19900.0,300.0,20000.0,1600000000.0,1600000000.0,1600000000.0,0.0,0.0,,0.0,0.0,0.0
2019-12-16,346.0,0.0,0.0,340.0,340.0,340.0,-6.0,20000.0,6800000.0,2.0,755.6,342.0,58200.0,306.0,2000.0,1600000000.0,1600000000.0,1600000000.0,0.0,0.0,,0.0,0.0,0.0
2019-12-17,340.0,0.0,0.0,348.0,320.0,348.0,8.0,224900.0,76768000.0,8.0,773.3,348.0,36400.0,320.0,100.0,1600000000.0,1600000000.0,1600000000.0,0.0,0.0,,0.0,0.0,0.0
2019-12-18,348.0,0.0,0.0,348.0,320.0,348.0,0.0,250300.0,85496000.0,6.0,773.3,348.0,136700.0,322.0,100.0,1600000000.0,1600000000.0,1600000000.0,0.0,0.0,,0.0,0.0,0.0
2019-12-19,348.0,0.0,0.0,340.0,340.0,340.0,-8.0,100.0,34000.0,1.0,755.6,340.0,99900.0,310.0,10000.0,1600000000.0,1600000000.0,1600000000.0,0.0,0.0,,0.0,0.0,0.0
2019-12-20,340.0,0.0,0.0,340.0,340.0,340.0,0.0,10000.0,3400000.0,1.0,755.6,340.0,90000.0,300.0,50000.0,1600000000.0,1600000000.0,1600000000.0,0.0,0.0,,0.0,0.0,0.0
2019-12-23,340.0,0.0,0.0,340.0,320.0,338.0,-2.0,3400.0,1123000.0,5.0,751.1,340.0,101200.0,326.0,100.0,1600000000.0,1600000000.0,1600000000.0,0.0,0.0,,0.0,0.0,0.0
2019-12-26,338.0,0.0,0.0,340.0,338.0,340.0,2.0,13500.0,4587000.0,2.0,755.6,340.0,188000.0,338.0,1500.0,1600000000.0,1600000000.0,1600000000.0,0.0,0.0,,0.0,0.0,0.0
2019-12-27,340.0,0.0,0.0,340.0,340.0,340.0,0.0,10000.0,3400000.0,1.0,755.6,340.0,190000.0,310.0,30000.0,1600000000.0,1600000000.0,1600000000.0,0.0,0.0,,0.0,0.0,0.0
2019-12-30,340.0,0.0,0.0,338.0,302.0,338.0,-2.0,91600.0,30653200.0,30.0,751.1,0.0,0.0,0.0,0.0,1600000000.0,1600000000.0,1600000000.0,0.0,0.0,,0.0,0.0,0.0
2020-01-02,338.0,0.0,0.0,338.0,338.0,338.0,0.0,20000.0,6760000.0,1.0,751.1,338.0,180000.0,310.0,30000.0,1600000000.0,1600000000.0,1600000000.0,0.0,0.0,,0.0,0.0,0.0
2020-01-03,338.0,0.0,0.0,0.0,0.0,338.0,0.0,0.0,0.0,0.0,751.1,336.0,200000.0,310.0,9000.0,1600000000.0,1600000000.0,1600000000.0,0.0,0.0,,0.0,0.0,0.0
2020-01-06,338.0,0.0,0.0,0.0,0.0,338.0,0.0,0.0,0.0,0.0,751.1,336.0,100000.0,320.0,11400.0,1600000000.0,1600000000.0,1600000000.0,0.0,0.0,,0.0,0.0,0.0
2020-01-07,338.0,0.0,0.0,334.0,320.0,334.0,-4.0,20500.0,6840000.0,4.0,742.2,334.0,130500.0,324.0,100.0,1600000000.0,1600000000.0,1600000000.0,0.0,0.0,,0.0,0.0,0.0
2020-01-08,334.0,0.0,0.0,336.0,336.0,336.0,2.0,100.0,33600.0,1.0,746.7,336.0,49900.0,300.0,5000.0,1600000000.0,1600000000.0,1600000000.0,0.0,0.0,,0.0,0.0,0.0
2020-01-09,336.0,0.0,0.0,330.0,330.0,330.0,-6.0,30000.0,9900000.0,1.0,733.3,330.0,70000.0,312.0,13300.0,1600000000.0,1600000000.0,1600000000.0,0.0,0.0,,0.0,0.0,0.0
2020-01-10,330.0,0.0,0.0,330.0,310.0,310.0,-20.0,166400.0,51903000.0,15.0,688.9,310.0,8400.0,0.0,0.0,1600000000.0,1600000000.0,1600000000.0,0.0,0.0,,0.0,0.0,0.0
2020-01-13,310.0,0.0,0.0,350.0,350.0,350.0,40.0,270000.0,94500000.0,5.0,777.8,350.0,416200.0,310.0,100.0,1600000000.0,1600000000.0,1600000000.0,0.0,0.0,,0.0,0.0,0.0
2020-01-14,350.0,0.0,0.0,350.0,320.0,350.0,0.0,479700.0,161005200.0,15.0,777.8,350.0,29700.0,312.0,7000.0,1600000000.0,1600000000.0,1600000000.0,0.0,0.0,,0.0,0.0,0.0
2020-01-15,350.0,0.0,0.0,360.0,360.0,360.0,10.0,150000.0,54000000.0,3.0,800.0,360.0,430000.0,320.0,100.0,1600000000.0,1600000000.0,1600000000.0,117700.0,0.0,,0.0,0.0,0.0
2020-01-16,360.0,0.0,0.0,0.0,0.0,360.0,0.0,0.0,0.0,0.0,800.0,360.0,430000.0,342.0,100.0,1600000000.0,1600000000.0,1600000000.0,0.0,0.0,,0.0,0.0,0.0
2020-01-17,360.0,0.0,0.0,0.0,0.0,360.0,0.0,0.0,0.0,0.0,800.0,356.0,30000.0,342.0,100.0,1600000000.0,1600000000.0,1600000000.0,0.0,0.0,,0.0,0.0,0.0
2020-01-20,360.0,0.0,0.0,0.0,0.0,360.0,0.0,0.0,0.0,0.0,800.0,356.0,30000.0,342.0,100.0,1600000000.0,1600000000.0,1600000000.0,0.0,0.0,,0.0,0.0,0.0
2020-01-21,360.0,0.0,0.0,358.0,358.0,358.0,-2.0,20000.0,7160000.0,2.0,795.6,358.0,5000.0,340.0,5000.0,1600000000.0,1600000000.0,1600000000.0,0.0,0.0,,0.0,0.0,0.0
2020-01-22,358.0,0.0,0.0,366.0,366.0,366.0,8.0,95100.0,34806600.0,4.0,813.3,366.0,92000.0,310.0,61500.0,1600000000.0,1600000000.0,1600000000.0,62000.0,0.0,,0.0,0.0,0.0
2020-01-23,366.0,0.0,0.0,364.0,364.0,364.0,-2.0,20000.0,7280000.0,1.0,808.9,364.0,30000.0,312.0,5000.0,1600000000.0,1600000000.0,1600000000.0,0.0,0.0,,0.0,0.0,0.0
2020-01-24,364.0,0.0,0.0,364.0,324.0,364.0,0.0,30200.0,10986800.0,4.0,808.9,366.0,40000.0,348.0,600.0,1600000000.0,1600000000.0,1600000000.0,0.0,0.0,,0.0,0.0,0.0
2020-01-27,364.0,0.0,0.0,0.0,0.0,364.0,0.0,0.0,0.0,0.0,808.9,364.0,20000.0,330.0,99900.0,1600000000.0,1600000000.0,1600000000.0,0.0,0.0,,0.0,0.0,0.0
2020-01-28,364.0,0.0,0.0,366.0,366.0,366.0,2.0,40000.0,14640000.0,2.0,813.3,368.0,30000.0,320.0,1000.0,1600000000.0,1600000000.0,1600000000.0,0.0,0.0,,0.0,0.0,0.0
2020-01-29,366.0,0.0,0.0,0.0,0.0,366.0,0.0,0.0,0.0,0.0,813.3,366.0,20000.0,300.0,50200.0,1600000000.0,1600000000.0,1600000000.0,0.0,0.0,,0.0,0.0,0.0
2020-01-30,366.0,0.0,0.0,0.0,0.0,366.0,0.0,0.0,0.0,0.0,813.3,366.0,20000.0,310.0,50000.0,1600000000.0,1600000000.0,1600000000.0,0.0,0.0,,0.0,0.0,0.0
2020-01-31,366.0,0.0,0.0,0.0,0.0,366.0,0.0,0.0,0.0,0.0,813.3,366.0,20000.0,310.0,10000.0,1600000000.0,1600000000.0,1600000000.0,0.0,0.0,,0.0,0.0,0.0
2020-02-03,366.0,0.0,0.0,366.0,366.0,366.0,0.0,20000.0,7320000.0,1.0,813.3,366.0,30000.0,310.0,10000.0,1600000000.0,1600000000.0,1600000000.0,0.0,0.0,,0.0,0.0,0.0
2020-02-04,366.0,0.0,0.0,366.0,364.0,366.0,0.0,10100.0,3696400.0,2.0,813.3,366.0,10000.0,320.0,4000.0,1600000000.0,1600000000.0,1600000000.0,0.0,0.0,,0.0,0.0,0.0
2020-02-05,366.0,0.0,0.0,366.0,366.0,366.0,0.0,10000.0,3660000.0,1.0,813.3,366.0,15000.0,310.0,26500.0,1600000000.0,1600000000.0,1600000000.0,0.0,0.0,,0.0,0.0,0.0
2020-02-06,366.0,0.0,0.0,368.0,368.0,368.0,2.0,30000.0,11040000.0,3.0,817.8,368.0,30100.0,340.0,100.0,1600000000.0,1600000000.0,1600000000.0,0.0,0.0,,0.0,0.0,0.0
2020-02-07,368.0,0.0,0.0,370.0,370.0,370.0,2.0,30000.0,11100000.0,1.0,822.2,370.0,3600.0,312.0,13700.0,1600000000.0,1600000000.0,1600000000.0,0.0,0.0,,0.0,0.0,0.0
2020-02-10,370.0,0.0,0.0,0.0,0.0,370.0,0.0,0.0,0.0,0.0,822.2,368.0,75000.0,320.0,10100.0,1600000000.0,1600000000.0,1600000000.0,0.0,0.0,,0.0,0.0,0.0
2020-02-11,370.0,0.0,0.0,0.0,0.0,370.0,0.0,0.0,0.0,0.0,822.2,368.0,25000.0,332.0,1100.0,1600000000.0,1600000000.0,1600000000.0,0.0,0.0,,0.0,0.0,0.0
2020-02-12,370.0,0.0,0.0,0.0,0.0,370.0,0.0,0.0,0.0,0.0,822.2,366.0,20000.0,312.0,9000.0,1600000000.0,1600000000.0,1600000000.0,0.0,0.0,,0.0,0.0,0.0
2020-02-13,370.0,0.0,0.0,0.0,0.0,370.0,0.0,0.0,0.0,0.0,822.2,368.0,60000.0,312.0,9600.0,1600000000.0,1600000000.0,1600000000.0,0.0,0.0,,0.0,0.0,0.0
2020-02-14,370.0,0.0,0.0,0.0,0.0,370.0,0.0,0.0,0.0,0.0,822.2,360.0,10000.0,330.0,5000.0,1600000000.0,1600000000.0,1600000000.0,0.0,0.0,,0.0,0.0,0.0
2020-02-17,370.0,0.0,0.0,370.0,370.0,370.0,0.0,1100.0,407000.0,1.0,822.2,370.0,60600.0,320.0,4000.0,1600000000.0,1600000000.0,1600000000.0,0.0,0.0,,0.0,0.0,0.0
2020-02-18,370.0,0.0,0.0,370.0,370.0,370.0,0.0,400.0,148000.0,2.0,822.2,366.0,20000.0,320.0,5000.0,1600000000.0,1600000000.0,1600000000.0,0.0,0.0,,1891800.0,699966000.0,1.0
2020-02-19,370.0,0.0,0.0,364.0,364.0,364.0,-6.0,20600.0,7498400.0,4.0,808.9,364.0,29600.0,330.0,1100.0,1600000000.0,1600000000.0,1600000000.0,0.0,0.0,,0.0,0.0,0.0
2020-02-20,364.0,0.0,0.0,370.0,370.0,370.0,6.0,10300.0,3811000.0,2.0,822.2,370.0,45200.0,316.0,100.0,1600000000.0,1600000000.0,1600000000.0,0.0,0.0,,0.0,0.0,0.0
2020-02-21,370.0,0.0,0.0,370.0,364.0,364.0,-6.0,11300.0,4121000.0,3.0,808.9,364.0,10000.0,310.0,7700.0,1600000000.0,1600000000.0,1600000000.0,0.0,0.0,,0.0,0.0,0.0
2020-02-24,364.0,0.0,0.0,366.0,366.0,366.0,2.0,20000.0,7320000.0,1.0,813.3,366.0,30000.0,300.0,8800.0,1600000000.0,1600000000.0,1600000000.0,0.0,0.0,,0.0,0.0,0.0
2020-02-25,366.0,0.0,0.0,370.0,370.0,370.0,4.0,1200.0,444000.0,4.0,822.2,366.0,50000.0,330.0,500.0,1600000000.0,1600000000.0,1600000000.0,0.0,0.0,,0.0,0.0,0.0
2020-02-26,370.0,0.0,0.0,0.0,0.0,370.0,0.0,0.0,0.0,0.0,822.2,366.0,25000.0,300.0,6000.0,1600000000.0,1600000000.0,1600000000.0,0.0,0.0,,0.0,0.0,0.0
2020-02-27,370.0,0.0,0.0,0.0,0.0,370.0,0.0,0.0,0.0,0.0,822.2,366.0,20000.0,290.0,100.0,1600000000.0,1600000000.0,1600000000.0,0.0,0.0,,0.0,0.0,0.0
2020-02-28,370.0,0.0,0.0,370.0,370.0,370.0,0.0,500.0,185000.0,1.0,822.2,366.0,40000.0,290.0,1000.0,1600000000.0,1600000000.0,1600000000.0,0.0,0.0,,0.0,0.0,0.0
2020-03-02,370.0,0.0,0.0,0.0,0.0,370.0,0.0,0.0,0.0,0.0,822.2,366.0,50000.0,320.0,11300.0,1600000000.0,1600000000.0,1600000000.0,0.0,0.0,,0.0,0.0,0.0
2020-03-03,370.0,0.0,0.0,366.0,366.0,366.0,-4.0,20000.0,7320000.0,1.0,813.3,366.0,80000.0,314.0,1000.0,1600000000.0,1600000000.0,1600000000.0,0.0,0.0,,0.0,0.0,0.0
2020-03-04,366.0,0.0,0.0,364.0,310.0,364.0,-2.0,32500.0,11255000.0,6.0,808.9,364.0,32400.0,318.0,100.0,1600000000.0,1600000000.0,1600000000.0,0.0,0.0,,0.0,0.0,0.0
2020-03-05,364.0,0.0,0.0,364.0,364.0,364.0,0.0,11000.0,4004000.0,2.0,808.9,364.0,34000.0,316.0,100.0,1600000000.0,1600000000.0,1600000000.0,0.0,0.0,,0.0,0.0,0.0
2020-03-06,364.0,0.0,0.0,0.0,0.0,364.0,0.0,0.0,0.0,0.0,808.9,364.0,20000.0,322.0,1000.0,1600000000.0,1600000000.0,1600000000.0,0.0,0.0,,0.0,0.0,0.0
2020-03-09,364.0,0.0,0.0,370.0,330.0,364.0,0.0,12100.0,4404000.0,5.0,808.9,364.0,13500.0,302.0,9000.0,1600000000.0,1600000000.0,1600000000.0,0.0,0.0,,0.0,0.0,0.0
2020-03-10,364.0,0.0,0.0,0.0,0.0,364.0,0.0,0.0,0.0,0.0,808.9,364.0,55000.0,330.0,5000.0,1600000000.0,1600000000.0,1600000000.0,0.0,0.0,,0.0,0.0,0.0
2020-03-11,364.0,0.0,0.0,0.0,0.0,364.0,0.0,0.0,0.0,0.0,808.9,364.0,30000.0,328.0,200.0,1600000000.0,1600000000.0,1600000000.0,0.0,0.0,,0.0,0.0,0.0
2020-03-12,364.0,0.0,0.0,360.0,360.0,360.0,-4.0,2000.0,720000.0,1.0,800.0,360.0,8000.0,330.0,2100.0,1600000000.0,1600000000.0,1600000000.0,0.0,0.0,,0.0,0.0,0.0
2020-03-13,360.0,0.0,0.0,0.0,0.0,360.0,0.0,0.0,0.0,0.0,800.0,358.0,500000.0,336.0,500.0,1600000000.0,1600000000.0,1600000000.0,0.0,0.0,,0.0,0.0,0.0
2020-03-16,360.0,0.0,0.0,360.0,340.0,360.0,0.0,20100.0,7234000.0,3.0,800.0,360.0,140100.0,336.0,1100.0,1600000000.0,1600000000.0,1600000000.0,0.0,0.0,,0.0,0.0,0.0
2020-03-17,360.0,0.0,0.0,0.0,0.0,360.0,0.0,0.0,0.0,0.0,800.0,360.0,56500.0,0.0,0.0,1600000000.0,1600000000.0,1600000000.0,0.0,0.0,,0.0,0.0,0.0
2020-03-18,360.0,0.0,0.0,354.0,336.0,354.0,-6.0,73000.0,24904000.0,15.0,786.7,350.0,32900.0,0.0,0.0,1600000000.0,1600000000.0,1600000000.0,0.0,0.0,,27777700.0,9999972000.0,1.0
2020-03-19,354.0,0.0,0.0,342.0,342.0,342.0,-12.0,10000.0,3420000.0,3.0,760.0,342.0,1600.0,0.0,0.0,1600000000.0,1600000000.0,1600000000.0,0.0,0.0,,0.0,0.0,0.0
2020-03-20,342.0,0.0,0.0,338.0,320.0,338.0,-4.0,100000.0,33440000.0,22.0,751.1,338.0,22900.0,0.0,0.0,1600000000.0,1600000000.0,1600000000.0,0.0,0.0,,0.0,0.0,0.0
2020-03-23,338.0,0.0,0.0,0.0,0.0,338.0,0.0,0.0,0.0,0.0,751.1,336.0,100000.0,0.0,0.0,1600000000.0,1600000000.0,1600000000.0,0.0,0.0,,0.0,0.0,0.0
2020-03-24,338.0,0.0,0.0,0.0,0.0,338.0,0.0,0.0,0.0,0.0,751.1,336.0,100000.0,316.0,10000.0,1600000000.0,1600000000.0,1600000000.0,0.0,0.0,,0.0,0.0,0.0
2020-03-26,338.0,0.0,0.0,338.0,316.0,332.0,-6.0,60600.0,19639400.0,10.0,737.8,332.0,100.0,0.0,0.0,1600000000.0,1600000000.0,1600000000.0,0.0,0.0,,0.0,0.0,0.0
2020-03-27,332.0,0.0,0.0,348.0,344.0,344.0,12.0,600.0,208400.0,2.0,764.4,346.0,25000.0,0.0,0.0,1600000000.0,1600000000.0,1600000000.0,0.0,0.0,,0.0,0.0,0.0
2020-03-30,344.0,0.0,0.0,344.0,344.0,344.0,0.0,12000.0,4128000.0,3.0,764.4,344.0,43200.0,322.0,100.0,1600000000.0,1600000000.0,1600000000.0,0.0,0.0,,56612800.0,19474803200.0,2.0
2020-03-31,344.0,0.0,0.0,0.0,0.0,344.0,0.0,0.0,0.0,0.0,764.4,344.0,20000.0,320.0,10000.0,1600000000.0,1600000000.0,1600000000.0,0.0,0.0,,0.0,0.0,0.0
2020-04-01,344.0,0.0,0.0,350.0,350.0,350.0,6.0,500.0,175000.0,1.0,777.8,350.0,103100.0,320.0,100.0,1600000000.0,1600000000.0,1600000000.0,0.0,0.0,,0.0,0.0,0.0
2020-04-02,350.0,0.0,0.0,326.0,326.0,326.0,-24.0,20000.0,6520000.0,2.0,724.4,328.0,20000.0,326.0,10000.0,1600000000.0,1600000000.0,1600000000.0,0.0,0.0,,0.0,0.0,0.0
2020-04-03,326.0,0.0,0.0,372.0,372.0,372.0,46.0,400000.0,148800000.0,9.0,826.7,372.0,3098300.0,306.0,100.0,1600000000.0,1600000000.0,1600000000.0,40000.0,0.0,,0.0,0.0,0.0
2020-04-06,372.0,0.0,0.0,0.0,0.0,372.0,0.0,0.0,0.0,0.0,826.7,362.0,25000.0,0.0,0.0,1600000000.0,1600000000.0,1600000000.0,0.0,0.0,,0.0,0.0,0.0
2020-04-07,372.0,0.0,0.0,0.0,0.0,372.0,0.0,0.0,0.0,0.0,826.7,368.0,81400.0,0.0,0.0,1600000000.0,1600000000.0,1600000000.0,0.0,0.0,,5376300.0,1999983600.0,1.0
2020-04-08,372.0,0.0,0.0,366.0,346.0,366.0,-6.0,15200.0,5559200.0,4.0,813.3,366.0,30200.0,0.0,0.0,1600000000.0,1600000000.0,1600000000.0,0.0,0.0,,0.0,0.0,0.0
2020-04-09,366.0,0.0,0.0,0.0,0.0,366.0,0.0,0.0,0.0,0.0,813.3,364.0,10000.0,0.0,0.0,1600000000.0,1600000000.0,1600000000.0,0.0,0.0,,0.0,0.0,0.0
2020-04-13,366.0,0.0,0.0,362.0,342.0,362.0,-4.0,21000.0,7482000.0,12.0,804.4,362.0,48000.0,0.0,0.0,1600000000.0,1600000000.0,1600000000.0,0.0,0.0,,0.0,0.0,0.0
2020-04-14,362.0,0.0,0.0,362.0,340.0,362.0,0.0,22000.0,7744000.0,6.0,804.4,362.0,23100.0,340.0,100.0,1600000000.0,1600000000.0,1600000000.0,0.0,0.0,,0.0,0.0,0.0
2020-04-15,362.0,0.0,0.0,352.0,348.0,352.0,-10.0,28100.0,9858800.0,6.0,782.2,352.0,1100.0,0.0,0.0,1600000000.0,1600000000.0,1600000000.0,0.0,0.0,,0.0,0.0,0.0
2020-04-16,352.0,0.0,0.0,350.0,350.0,350.0,-2.0,9900.0,3465000.0,1.0,777.8,352.0,4000.0,328.0,10000.0,1600000000.0,1600000000.0,1600000000.0,0.0,0.0,,0.0,0.0,0.0
2020-04-17,350.0,0.0,0.0,370.0,326.0,370.0,20.0,365000.0,133570000.0,23.0,822.2,372.0,98300.0,0.0,0.0,1600000000.0,1600000000.0,1600000000.0,0.0,0.0,,0.0,0.0,0.0
2020-04-20,370.0,0.0,0.0,364.0,346.0,364.0,-6.0,36000.0,12816000.0,8.0,808.9,364.0,6000.0,0.0,0.0,1600000000.0,1600000000.0,1600000000.0,0.0,0.0,,0.0,0.0,0.0
2020-04-21,364.0,0.0,0.0,346.0,340.0,344.0,-20.0,113600.0,38881200.0,20.0,764.4,344.0,13400.0,0.0,0.0,1600000000.0,1600000000.0,1600000000.0,0.0,0.0,,0.0,0.0,0.0
2020-04-22,344.0,0.0,0.0,360.0,344.0,360.0,16.0,105400.0,37857600.0,31.0,800.0,360.0,53000.0,0.0,0.0,1600000000.0,1600000000.0,1600000000.0,0.0,0.0,,0.0,0.0,0.0
2020-04-23,360.0,0.0,0.0,360.0,336.0,360.0,0.0,233500.0,82347000.0,66.0,800.0,360.0,16300.0,336.0,500.0,1600000000.0,1600000000.0,1600000000.0,0.0,0.0,,0.0,0.0,0.0
2020-04-24,360.0,0.0,0.0,360.0,344.0,360.0,0.0,65100.0,23247600.0,17.0,800.0,360.0,49200.0,340.0,500.0,1600000000.0,1600000000.0,1600000000.0,0.0,0.0,,0.0,0.0,0.0
2020-04-27,360.0,0.0,0.0,356.0,346.0,356.0,-4.0,136100.0,48286600.0,41.0,791.1,356.0,6800.0,346.0,1000.0,1600000000.0,1600000000.0,1600000000.0,0.0,0.0,,0.0,0.0,0.0
2020-04-28,356.0,0.0,0.0,348.0,342.0,348.0,-8.0,262800.0,90850400.0,79.0,773.3,348.0,87800.0,332.0,10000.0,1600000000.0,1600000000.0,1600000000.0,0.0,0.0,,0.0,0.0,0.0
2020-04-29,348.0,0.0,0.0,348.0,346.0,346.0,-2.0,23000.0,7964000.0,5.0,768.9,346.0,35800.0,334.0,16700.0,1600000000.0,1600000000.0,1600000000.0,0.0,0.0,,0.0,0.0,0.0
2020-04-30,346.0,0.0,0.0,350.0,346.0,350.0,4.0,101500.0,35519000.0,7.0,777.8,350.0,19300.0,0.0,0.0,1600000000.0,1600000000.0,1600000000.0,0.0,0.0,,0.0,0.0,0.0
2020-05-04,350.0,0.0,0.0,350.0,350.0,350.0,0.0,12000.0,4200000.0,5.0,777.8,350.0,18700.0,0.0,0.0,1600000000.0,1600000000.0,1600000000.0,0.0,0.0,,0.0,0.0,0.0
2020-05-05,350.0,0.0,0.0,348.0,348.0,348.0,-2.0,10000.0,3480000.0,1.0,773.3,348.0,40000.0,330.0,20000.0,1600000000.0,1600000000.0,1600000000.0,0.0,0.0,,0.0,0.0,0.0
2020-05-06,348.0,0.0,0.0,350.0,350.0,350.0,2.0,20000.0,7000000.0,1.0,777.8,350.0,30000.0,330.0,20000.0,1600000000.0,1600000000.0,1600000000.0,0.0,0.0,,0.0,0.0,0.0
2020-05-08,350.0,0.0,0.0,344.0,330.0,344.0,-6.0,50500.0,17004600.0,9.0,764.4,344.0,10500.0,0.0,0.0,1600000000.0,1600000000.0,1600000000.0,0.0,0.0,,0.0,0.0,0.0
2020-05-11,344.0,0.0,0.0,346.0,346.0,346.0,2.0,12000.0,4152000.0,2.0,768.9,346.0,18500.0,326.0,30000.0,1600000000.0,1600000000.0,1600000000.0,0.0,0.0,,0.0,0.0,0.0
2020-05-12,346.0,0.0,0.0,346.0,346.0,346.0,0.0,100.0,34600.0,1.0,768.9,346.0,9900.0,328.0,10000.0,1600000000.0,1600000000.0,1600000000.0,0.0,0.0,,0.0,0.0,0.0
2020-05-13,346.0,0.0,0.0,348.0,348.0,348.0,2.0,10000.0,3480000.0,1.0,773.3,348.0,10000.0,328.0,20000.0,1600000000.0,1600000000.0,1600000000.0,0.0,0.0,,0.0,0.0,0.0
2020-05-14,348.0,0.0,0.0,348.0,348.0,348.0,0.0,10000.0,3480000.0,1.0,773.3,348.0,20000.0,0.0,0.0,1600000000.0,1600000000.0,1600000000.0,0.0,0.0,,0.0,0.0,0.0
2020-05-15,348.0,0.0,0.0,352.0,352.0,352.0,4.0,20000.0,7040000.0,1.0,782.2,352.0,30000.0,324.0,10000.0,1600000000.0,1600000000.0,1600000000.0,0.0,0.0,,0.0,0.0,0.0
2020-05-18,352.0,0.0,0.0,0.0,0.0,352.0,0.0,0.0,0.0,0.0,782.2,356.0,53600.0,352.0,100.0,1600000000.0,1600000000.0,1600000000.0,0.0,0.0,,0.0,0.0,0.0
2020-05-19,352.0,0.0,0.0,0.0,0.0,352.0,0.0,0.0,0.0,0.0,782.2,352.0,10000.0,330.0,10000.0,1600000000.0,1600000000.0,1600000000.0,0.0,0.0,,0.0,0.0,0.0
2020-05-20,352.0,0.0,0.0,0.0,0.0,352.0,0.0,0.0,0.0,0.0,782.2,352.0,33600.0,0.0,0.0,1600000000.0,1600000000.0,1600000000.0,0.0,0.0,,0.0,0.0,0.0
2020-05-26,352.0,0.0,0.0,0.0,0.0,352.0,0.0,0.0,0.0,0.0,782.2,352.0,33600.0,330.0,10000.0,1600000000.0,1600000000.0,1600000000.0,0.0,0.0,,0.0,0.0,0.0
2020-05-27,352.0,0.0,0.0,0.0,0.0,352.0,0.0,0.0,0.0,0.0,782.2,352.0,33600.0,330.0,10000.0,1600000000.0,1600000000.0,1600000000.0,0.0,0.0,,0.0,0.0,0.0
2020-05-28,352.0,0.0,0.0,352.0,352.0,352.0,0.0,400.0,140800.0,2.0,782.2,352.0,29600.0,330.0,10000.0,1600000000.0,1600000000.0,1600000000.0,0.0,0.0,,0.0,0.0,0.0
2020-05-29,352.0,0.0,0.0,372.0,364.0,364.0,12.0,200.0,73600.0,2.0,808.9,364.0,49900.0,0.0,0.0,1600000000.0,1600000000.0,1600000000.0,100.0,0.0,,0.0,0.0,0.0
2020-06-02,364.0,0.0,0.0,0.0,0.0,364.0,0.0,0.0,0.0,0.0,808.9,360.0,30000.0,0.0,0.0,1600000000.0,1600000000.0,1600000000.0,0.0,0.0,,0.0,0.0,0.0
2020-06-03,364.0,0.0,0.0,356.0,342.0,356.0,-8.0,45000.0,15640000.0,5.0,791.1,356.0,15000.0,342.0,3000.0,1600000000.0,1600000000.0,1600000000.0,0.0,0.0,,0.0,0.0,0.0
2020-06-04,356.0,0.0,0.0,348.0,334.0,348.0,-8.0,35000.0,11850000.0,10.0,773.3,348.0,20000.0,338.0,8000.0,1600000000.0,1600000000.0,1600000000.0,0.0,0.0,,0.0,0.0,0.0
2020-06-05,348.0,0.0,0.0,348.0,348.0,348.0,0.0,10000.0,3480000.0,1.0,773.3,352.0,400.0,330.0,20000.0,1600000000.0,1600000000.0,1600000000.0,0.0,0.0,,0.0,0.0,0.0
2020-06-08,348.0,0.0,0.0,364.0,352.0,352.0,4.0,10400.0,3665600.0,3.0,782.2,356.0,10000.0,0.0,0.0,1600000000.0,1600000000.0,1600000000.0,0.0,0.0,,0.0,0.0,0.0
2020-06-09,352.0,0.0,0.0,352.0,328.0,344.0,-8.0,72200.0,24118000.0,11.0,764.4,344.0,3100.0,328.0,5000.0,1600000000.0,1600000000.0,1600000000.0,0.0,0.0,,0.0,0.0,0.0
2020-06-10,344.0,0.0,0.0,360.0,360.0,360.0,16.0,20000.0,7200000.0,9.0,800.0,360.0,38600.0,0.0,0.0,1600000000.0,1600000000.0,1600000000.0,0.0,0.0,,10174400.0,3499993600.0,1.0
2020-06-11,360.0,0.0,0.0,358.0,340.0,358.0,-2.0,65500.0,23295400.0,28.0,795.6,358.0,600.0,336.0,20000.0,1600000000.0,1600000000.0,1600000000.0,0.0,0.0,,0.0,0.0,0.0
2020-06-12,358.0,0.0,0.0,364.0,364.0,364.0,6.0,10000.0,3640000.0,5.0,808.9,364.0,1300.0,0.0,0.0,1600000000.0,1600000000.0,1600000000.0,0.0,0.0,,0.0,0.0,0.0
2020-06-15,364.0,0.0,0.0,364.0,364.0,364.0,0.0,100.0,36400.0,1.0,808.9,358.0,20000.0,340.0,200.0,1600000000.0,1600000000.0,1600000000.0,0.0,0.0,,0.0,0.0,0.0
2020-06-16,364.0,0.0,0.0,372.0,350.0,364.0,0.0,30600.0,11132200.0,5.0,808.9,364.0,25500.0,0.0,0.0,1600000000.0,1600000000.0,1600000000.0,100.0,0.0,,0.0,0.0,0.0
2020-06-17,364.0,0.0,0.0,370.0,364.0,370.0,6.0,300.0,109800.0,2.0,822.2,370.0,1200.0,340.0,10000.0,1600000000.0,1600000000.0,1600000000.0,0.0,0.0,,0.0,0.0,0.0
2020-06-18,370.0,0.0,0.0,360.0,360.0,360.0,-10.0,20100.0,7236000.0,3.0,800.0,360.0,199900.0,0.0,0.0,1600000000.0,1600000000.0,1600000000.0,0.0,0.0,,20270300.0,7500011000.0,1.0
2020-06-19,360.0,0.0,0.0,0.0,0.0,360.0,0.0,0.0,0.0,0.0,800.0,372.0,103500.0,360.0,100.0,1600000000.0,1600000000.0,1600000000.0,0.0,0.0,,0.0,0.0,0.0
2020-06-22,360.0,0.0,0.0,362.0,360.0,362.0,2.0,10100.0,3656000.0,4.0,804.4,362.0,10400.0,354.0,100.0,1600000000.0,1600000000.0,1600000000.0,0.0,0.0,,0.0,0.0,0.0
2020-06-23,362.0,0.0,0.0,362.0,362.0,362.0,0.0,100.0,36200.0,1.0,804.4,362.0,50000.0,0.0,0.0,1600000000.0,1600000000.0,1600000000.0,0.0,0.0,,0.0,0.0,0.0
2020-06-24,362.0,0.0,0.0,0.0,0.0,362.0,0.0,0.0,0.0,0.0,804.4,360.0,10100.0,0.0,0.0,1600000000.0,1600000000.0,1600000000.0,0.0,0.0,,0.0,0.0,0.0
2020-06-25,362.0,0.0,0.0,362.0,360.0,362.0,0.0,20100.0,7276000.0,3.0,804.4,362.0,20200.0,0.0,0.0,1600000000.0,1600000000.0,1600000000.0,0.0,0.0,,0.0,0.0,0.0
2020-06-26,362.0,0.0,0.0,372.0,362.0,362.0,0.0,20200.0,7313400.0,5.0,804.4,362.0,10000.0,0.0,0.0,1600000000.0,1600000000.0,1600000000.0,100.0,0.0,,0.0,0.0,0.0
2020-06-29,362.0,0.0,0.0,0.0,0.0,362.0,0.0,0.0,0.0,0.0,804.4,362.0,20000.0,0.0,0.0,1600000000.0,1600000000.0,1600000000.0,0.0,0.0,,0.0,0.0,0.0
2020-06-30,362.0,0.0,0.0,362.0,350.0,362.0,0.0,25100.0,9085000.0,3.0,804.4,362.0,25400.0,0.0,0.0,1600000000.0,1600000000.0,1600000000.0,0.0,0.0,,0.0,0.0,0.0
2020-07-01,362.0,0.0,0.0,368.0,368.0,368.0,6.0,10000.0,3680000.0,1.0,817.8,370.0,300.0,340.0,100.0,1600000000.0,1600000000.0,1600000000.0,0.0,0.0,,0.0,0.0,0.0
2020-07-02,368.0,0.0,0.0,0.0,0.0,368.0,0.0,0.0,0.0,0.0,817.8,364.0,10000.0,344.0,10000.0,1600000000.0,1600000000.0,1600000000.0,0.0,0.0,,0.0,0.0,0.0
2020-07-03,368.0,0.0,0.0,0.0,0.0,368.0,0.0,0.0,0.0,0.0,817.8,364.0,10000.0,344.0,10000.0,1600000000.0,1600000000.0,1600000000.0,0.0,0.0,,0.0,0.0,0.0
2020-07-06,368.0,0.0,0.0,0.0,0.0,368.0,0.0,0.0,0.0,0.0,817.8,366.0,30300.0,358.0,100.0,1600000000.0,1600000000.0,1600000000.0,0.0,0.0,,0.0,0.0,0.0
2020-07-07,368.0,0.0,0.0,0.0,0.0,368.0,0.0,0.0,0.0,0.0,817.8,364.0,10000.0,0.0,0.0,1600000000.0,1600000000.0,1600000000.0,0.0,0.0,,0.0,0.0,0.0
2020-07-08,368.0,0.0,0.0,0.0,0.0,368.0,0.0,0.0,0.0,0.0,817.8,364.0,600.0,0.0,0.0,1600000000.0,1600000000.0,1600000000.0,0.0,0.0,,0.0,0.0,0.0
2020-07-09,368.0,0.0,0.0,368.0,362.0,368.0,0.0,40800.0,15010600.0,9.0,817.8,368.0,52000.0,344.0,10000.0,1600000000.0,1600000000.0,1600000000.0,0.0,0.0,,0.0,0.0,0.0
2020-07-10,368.0,0.0,0.0,368.0,366.0,368.0,0.0,10700.0,3936200.0,3.0,817.8,368.0,7500.0,0.0,0.0,1600000000.0,1600000000.0,1600000000.0,0.0,0.0,,0.0,0.0,0.0
2020-07-13,368.0,0.0,0.0,372.0,372.0,372.0,4.0,10000.0,3720000.0,5.0,826.7,372.0,3098300.0,362.0,100.0,1600000000.0,1600000000.0,1600000000.0,6200.0,0.0,,0.0,0.0,0.0
2020-07-14,372.0,0.0,0.0,0.0,0.0,372.0,0.0,0.0,0.0,0.0,826.7,366.0,22600.0,0.0,0.0,1600000000.0,1600000000.0,1600000000.0,0.0,0.0,,0.0,0.0,0.0
2020-07-15,372.0,0.0,0.0,0.0,0.0,372.0,0.0,0.0,0.0,0.0,826.7,362.0,10000.0,0.0,0.0,1600000000.0,1600000000.0,1600000000.0,0.0,0.0,,0.0,0.0,0.0
2020-07-16,372.0,0.0,0.0,0.0,0.0,372.0,0.0,0.0,0.0,0.0,826.7,366.0,22600.0,0.0,0.0,1600000000.0,1600000000.0,1600000000.0,0.0,0.0,,0.0,0.0,0.0
2020-07-17,372.0,0.0,0.0,0.0,0.0,372.0,0.0,0.0,0.0,0.0,826.7,366.0,22600.0,0.0,0.0,1600000000.0,1600000000.0,1600000000.0,0.0,0.0,,0.0,0.0,0.0
2020-07-20,372.0,0.0,0.0,0.0,0.0,372.0,0.0,0.0,0.0,0.0,826.7,360.0,600.0,0.0,0.0,1600000000.0,1600000000.0,1600000000.0,0.0,0.0,,0.0,0.0,0.0
2020-07-21,372.0,0.0,0.0,0.0,0.0,372.0,0.0,0.0,0.0,0.0,826.7,366.0,22600.0,0.0,0.0,1600000000.0,1600000000.0,1600000000.0,0.0,0.0,,0.0,0.0,0.0
2020-07-22,372.0,0.0,0.0,0.0,0.0,372.0,0.0,0.0,0.0,0.0,826.7,366.0,22600.0,0.0,0.0,1600000000.0,1600000000.0,1600000000.0,0.0,0.0,,0.0,0.0,0.0
2020-07-23,372.0,0.0,0.0,366.0,360.0,366.0,-6.0,10100.0,3696000.0,5.0,813.3,366.0,25100.0,0.0,0.0,1600000000.0,1600000000.0,1600000000.0,0.0,0.0,,0.0,0.0,0.0
2020-07-24,366.0,0.0,0.0,0.0,0.0,366.0,0.0,0.0,0.0,0.0,813.3,366.0,7100.0,0.0,0.0,1600000000.0,1600000000.0,1600000000.0,0.0,0.0,,0.0,0.0,0.0
2020-07-27,366.0,0.0,0.0,366.0,364.0,366.0,0.0,13000.0,4754000.0,6.0,813.3,366.0,15800.0,0.0,0.0,1600000000.0,1600000000.0,1600000000.0,0.0,0.0,,0.0,0.0,0.0
2020-07-28,366.0,0.0,0.0,0.0,0.0,366.0,0.0,0.0,0.0,0.0,813.3,366.0,21700.0,0.0,0.0,1600000000.0,1600000000.0,1600000000.0,0.0,0.0,,0.0,0.0,0.0
2020-07-29,366.0,0.0,0.0,372.0,372.0,372.0,6.0,12000.0,4464000.0,5.0,826.7,372.0,3118400.0,0.0,0.0,1600000000.0,1600000000.0,1600000000.0,0.0,0.0,,0.0,0.0,0.0
2020-07-30,372.0,0.0,0.0,0.0,0.0,372.0,0.0,0.0,0.0,0.0,826.7,368.0,14600.0,366.0,100.0,1600000000.0,1600000000.0,1600000000.0,0.0,0.0,,0.0,0.0,0.0
2020-08-03,372.0,0.0,0.0,0.0,0.0,372.0,0.0,0.0,0.0,0.0,826.7,366.0,300.0,0.0,0.0,1600000000.0,1600000000.0,1600000000.0,0.0,0.0,,0.0,0.0,0.0
2020-08-04,372.0,0.0,0.0,0.0,0.0,372.0,0.0,0.0,0.0,0.0,826.7,366.0,4900.0,0.0,0.0,1600000000.0,1600000000.0,1600000000.0,0.0,0.0,,0.0,0.0,0.0
2020-08-05,372.0,0.0,0.0,0.0,0.0,372.0,0.0,0.0,0.0,0.0,826.7,366.0,30300.0,0.0,0.0,1600000000.0,1600000000.0,1600000000.0,0.0,0.0,,0.0,0.0,0.0
2020-08-06,372.0,0.0,0.0,0.0,0.0,372.0,0.0,0.0,0.0,0.0,826.7,364.0,100.0,0.0,0.0,1600000000.0,1600000000.0,1600000000.0,0.0,0.0,,0.0,0.0,0.0
2020-08-07,372.0,0.0,0.0,0.0,0.0,372.0,0.0,0.0,0.0,0.0,826.7,366.0,300.0,0.0,0.0,1600000000.0,1600000000.0,1600000000.0,0.0,0.0,,0.0,0.0,0.0
2020-08-10,372.0,0.0,0.0,0.0,0.0,372.0,0.0,0.0,0.0,0.0,826.7,364.0,8800.0,346.0,1000.0,1600000000.0,1600000000.0,1600000000.0,0.0,0.0,,0.0,0.0,0.0
2020-08-11,372.0,0.0,0.0,0.0,0.0,372.0,0.0,0.0,0.0,0.0,826.7,366.0,300.0,0.0,0.0,1600000000.0,1600000000.0,1600000000.0,0.0,0.0,,0.0,0.0,0.0
2020-08-12,372.0,0.0,0.0,372.0,372.0,372.0,0.0,1500.0,558000.0,2.0,826.7,366.0,28800.0,346.0,5000.0,1600000000.0,1600000000.0,1600000000.0,0.0,0.0,,0.0,0.0,0.0
2020-08-13,372.0,0.0,0.0,372.0,354.0,368.0,-4.0,20800.0,7655000.0,6.0,817.8,368.0,3400.0,354.0,100.0,1600000000.0,1600000000.0,1600000000.0,0.0,0.0,,0.0,0.0,0.0
2020-08-14,368.0,0.0,0.0,344.0,344.0,344.0,-24.0,38100.0,13106400.0,8.0,764.4,344.0,3010000.0,0.0,0.0,1600000000.0,1600000000.0,1600000000.0,38100.0,0.0,,0.0,0.0,0.0
2020-08-18,344.0,0.0,0.0,340.0,340.0,340.0,-4.0,10000.0,3400000.0,1.0,755.6,342.0,3000.0,0.0,0.0,1600000000.0,1600000000.0,1600000000.0,0.0,0.0,,0.0,0.0,0.0
2020-08-19,340.0,0.0,0.0,0.0,0.0,340.0,0.0,0.0,0.0,0.0,755.6,340.0,8300.0,0.0,0.0,1600000000.0,1600000000.0,1600000000.0,0.0,0.0,,0.0,0.0,0.0
2020-08-24,340.0,0.0,0.0,340.0,340.0,340.0,0.0,100.0,34000.0,1.0,755.6,340.0,10700.0,0.0,0.0,1600000000.0,1600000000.0,1600000000.0,0.0,0.0,,0.0,0.0,0.0
2020-08-25,340.0,0.0,0.0,344.0,344.0,344.0,4.0,20000.0,6880000.0,1.0,764.4,344.0,3002500.0,0.0,0.0,1600000000.0,1600000000.0,1600000000.0,20000.0,0.0,,0.0,0.0,0.0
2020-08-26,344.0,0.0,0.0,342.0,342.0,342.0,-2.0,4900.0,1675800.0,1.0,760.0,344.0,3000.0,0.0,0.0,1600000000.0,1600000000.0,1600000000.0,0.0,0.0,,0.0,0.0,0.0
2020-08-27,342.0,0.0,0.0,342.0,342.0,342.0,0.0,100.0,34200.0,1.0,760.0,342.0,4900.0,0.0,0.0,1600000000.0,1600000000.0,1600000000.0,0.0,0.0,,0.0,0.0,0.0
2020-08-28,342.0,0.0,0.0,344.0,340.0,344.0,2.0,23100.0,7934000.0,5.0,764.4,344.0,3003500.0,0.0,0.0,1600000000.0,1600000000.0,1600000000.0,16100.0,0.0,,0.0,0.0,0.0
2020-08-31,344.0,0.0,0.0,344.0,344.0,344.0,0.0,2900.0,997600.0,2.0,764.4,340.0,3900.0,0.0,0.0,1600000000.0,1600000000.0,1600000000.0,2800.0,0.0,,0.0,0.0,0.0
2020-09-01,344.0,0.0,0.0,344.0,330.0,344.0,0.0,33900.0,11607000.0,6.0,764.4,344.0,3000000.0,330.0,600.0,1600000000.0,1600000000.0,1600000000.0,25200.0,0.0,,0.0,0.0,0.0
2020-09-02,344.0,0.0,0.0,344.0,342.0,342.0,-2.0,11500.0,3943600.0,11.0,760.0,370.0,13000.0,342.0,1300.0,1600000000.0,1600000000.0,1600000000.0,5300.0,0.0,,0.0,0.0,0.0
2020-09-03,342.0,0.0,0.0,360.0,342.0,360.0,18.0,15800.0,5601600.0,4.0,800.0,360.0,12000.0,342.0,800.0,1600000000.0,1600000000.0,1600000000.0,0.0,0.0,,0.0,0.0,0.0
2020-09-04,360.0,0.0,0.0,360.0,358.0,358.0,-2.0,13400.0,4800000.0,7.0,795.6,360.0,104600.0,350.0,3000.0,1600000000.0,1600000000.0,1600000000.0,0.0,0.0,,0.0,0.0,0.0
2020-09-07,358.0,0.0,0.0,362.0,356.0,358.0,0.0,4100.0,1468000.0,11.0,795.6,358.0,23200.0,338.0,5000.0,1600000000.0,1600000000.0,1600000000.0,0.0,0.0,,0.0,0.0,0.0
2020-09-08,358.0,0.0,0.0,360.0,358.0,360.0,2.0,20100.0,7235800.0,5.0,800.0,360.0,5900.0,334.0,5100.0,1600000000.0,1600000000.0,1600000000.0,0.0,0.0,,0.0,0.0,0.0
2020-09-09,360.0,0.0,0.0,366.0,340.0,366.0,6.0,13500.0,4850000.0,5.0,813.3,366.0,2600.0,340.0,1500.0,1600000000.0,1600000000.0,1600000000.0,0.0,0.0,,0.0,0.0,0.0
2020-09-10,366.0,0.0,0.0,366.0,362.0,362.0,-4.0,12200.0,4417200.0,3.0,804.4,362.0,6300.0,342.0,100.0,1600000000.0,1600000000.0,1600000000.0,0.0,0.0,,0.0,0.0,0.0
2020-09-11,362.0,0.0,0.0,360.0,360.0,360.0,-2.0,3000.0,1080000.0,1.0,800.0,362.0,22500.0,342.0,100.0,1600000000.0,1600000000.0,1600000000.0,0.0,0.0,,0.0,0.0,0.0
2020-09-14,360.0,0.0,0.0,372.0,340.0,372.0,12.0,15300.0,5682800.0,8.0,826.7,372.0,159900.0,348.0,5000.0,1600000000.0,1600000000.0,1600000000.0,0.0,0.0,,0.0,0.0,0.0
2020-09-15,372.0,0.0,0.0,372.0,364.0,364.0,-8.0,15300.0,5571600.0,3.0,808.9,366.0,3000.0,346.0,100.0,1600000000.0,1600000000.0,1600000000.0,0.0,0.0,,0.0,0.0,0.0
2020-09-16,364.0,0.0,0.0,364.0,362.0,362.0,-2.0,10100.0,3656400.0,2.0,804.4,364.0,14300.0,0.0,0.0,1600000000.0,1600000000.0,1600000000.0,0.0,0.0,,0.0,0.0,0.0
2020-09-17,362.0,0.0,0.0,364.0,362.0,362.0,0.0,300.0,108800.0,3.0,804.4,360.0,15100.0,0.0,0.0,1600000000.0,1600000000.0,1600000000.0,0.0,0.0,,0.0,0.0,0.0
2020-09-18,362.0,0.0,0.0,370.0,346.0,370.0,8.0,15200.0,5619400.0,10.0,822.2,370.0,19400.0,0.0,0.0,1600000000.0,1600000000.0,1600000000.0,0.0,0.0,,0.0,0.0,0.0
2020-09-21,370.0,0.0,0.0,372.0,370.0,370.0,0.0,19500.0,7215400.0,4.0,822.2,372.0,100300.0,348.0,200.0,1600000000.0,1600000000.0,1600000000.0,0.0,0.0,,0.0,0.0,0.0
2020-09-22,370.0,0.0,0.0,368.0,346.0,368.0,-2.0,22500.0,8225200.0,5.0,817.8,368.0,12400.0,348.0,200.0,1600000000.0,1600000000.0,1600000000.0,0.0,0.0,,0.0,0.0,0.0
2020-09-23,368.0,0.0,0.0,0.0,0.0,368.0,0.0,0.0,0.0,0.0,817.8,368.0,50000.0,344.0,100.0,1600000000.0,1600000000.0,1600000000.0,0.0,0.0,,0.0,0.0,0.0
2020-09-24,368.0,0.0,0.0,372.0,372.0,372.0,4.0,20000.0,7440000.0,1.0,826.7,372.0,82300.0,344.0,100.0,1600000000.0,1600000000.0,1600000000.0,0.0,0.0,,0.0,0.0,0.0
2020-09-25,372.0,0.0,0.0,0.0,0.0,372.0,0.0,0.0,0.0,0.0,826.7,368.0,50000.0,346.0,100.0,1600000000.0,1600000000.0,1600000000.0,0.0,0.0,,0.0,0.0,0.0
2020-09-28,372.0,0.0,0.0,372.0,346.0,370.0,-2.0,50200.0,18571800.0,7.0,822.2,370.0,140500.0,346.0,6000.0,1600000000.0,1600000000.0,1600000000.0,0.0,0.0,,0.0,0.0,0.0
2020-09-29,370.0,0.0,0.0,372.0,372.0,372.0,2.0,20000.0,7440000.0,1.0,826.7,372.0,57200.0,346.0,100.0,1600000000.0,1600000000.0,1600000000.0,0.0,0.0,,0.0,0.0,0.0
2020-09-30,372.0,0.0,0.0,0.0,0.0,372.0,0.0,0.0,0.0,0.0,826.7,368.0,10500.0,346.0,300.0,1600000000.0,1600000000.0,1600000000.0,0.0,0.0,,0.0,0.0,0.0
2020-10-01,372.0,0.0,0.0,0.0,0.0,372.0,0.0,0.0,0.0,0.0,826.7,368.0,10500.0,346.0,200.0,1600000000.0,1600000000.0,1600000000.0,0.0,0.0,,0.0,0.0,0.0
2020-10-02,372.0,0.0,0.0,370.0,370.0,370.0,-2.0,300.0,111000.0,1.0,822.2,370.0,53100.0,346.0,200.0,1600000000.0,1600000000.0,1600000000.0,0.0,0.0,,0.0,0.0,0.0
2020-10-05,370.0,0.0,0.0,370.0,370.0,370.0,0.0,20600.0,7622000.0,7.0,822.2,370.0,23300.0,346.0,1400.0,1600000000.0,1600000000.0,1600000000.0,0.0,0.0,,0.0,0.0,0.0
2020-10-06,370.0,0.0,0.0,370.0,370.0,370.0,0.0,100.0,37000.0,1.0,822.2,370.0,23200.0,346.0,200.0,1600000000.0,1600000000.0,1600000000.0,0.0,0.0,,0.0,0.0,0.0
2020-10-07,370.0,0.0,0.0,372.0,372.0,372.0,2.0,10000.0,3720000.0,1.0,826.7,372.0,52200.0,370.0,100.0,1600000000.0,1600000000.0,1600000000.0,0.0,0.0,,0.0,0.0,0.0
2020-10-08,372.0,0.0,0.0,372.0,372.0,372.0,0.0,100.0,37200.0,1.0,826.7,370.0,23200.0,346.0,500.0,1600000000.0,1600000000.0,1600000000.0,0.0,0.0,,0.0,0.0,0.0
2020-10-09,372.0,0.0,0.0,372.0,372.0,372.0,0.0,200.0,74400.0,1.0,826.7,372.0,47300.0,346.0,1000.0,1600000000.0,1600000000.0,1600000000.0,0.0,0.0,,0.0,0.0,0.0
2020-10-12,372.0,0.0,0.0,0.0,0.0,372.0,0.0,0.0,0.0,0.0,826.7,372.0,48400.0,346.0,1500.0,1600000000.0,1600000000.0,1600000000.0,0.0,0.0,,0.0,0.0,0.0
2020-10-13,372.0,0.0,0.0,0.0,0.0,372.0,0.0,0.0,0.0,0.0,826.7,372.0,47400.0,346.0,2000.0,1600000000.0,1600000000.0,1600000000.0,0.0,0.0,,0.0,0.0,0.0
2020-10-14,372.0,0.0,0.0,0.0,0.0,372.0,0.0,0.0,0.0,0.0,826.7,368.0,3200.0,346.0,2000.0,1600000000.0,1600000000.0,1600000000.0,0.0,0.0,,0.0,0.0,0.0
2020-10-15,372.0,0.0,0.0,372.0,372.0,372.0,0.0,200.0,74400.0,2.0,826.7,370.0,73200.0,346.0,2000.0,1600000000.0,1600000000.0,1600000000.0,0.0,0.0,,0.0,0.0,0.0
2020-10-16,372.0,0.0,0.0,0.0,0.0,372.0,0.0,0.0,0.0,0.0,826.7,370.0,79200.0,346.0,3000.0,1600000000.0,1600000000.0,1600000000.0,0.0,0.0,,0.0,0.0,0.0
2020-10-19,372.0,0.0,0.0,372.0,372.0,372.0,0.0,100.0,37200.0,1.0,826.7,368.0,23200.0,0.0,0.0,1600000000.0,1600000000.0,1600000000.0,0.0,0.0,,0.0,0.0,0.0
2020-10-20,372.0,0.0,0.0,372.0,354.0,354.0,-18.0,30200.0,10694400.0,2.0,786.7,354.0,470000.0,0.0,0.0,1600000000.0,1600000000.0,1600000000.0,30200.0,0.0,,0.0,0.0,0.0
2020-10-21,354.0,0.0,0.0,354.0,330.0,330.0,-24.0,35100.0,11615400.0,7.0,733.3,330.0,217000.0,0.0,0.0,1600000000.0,1600000000.0,1600000000.0,35100.0,0.0,,0.0,0.0,0.0
2020-10-22,330.0,0.0,0.0,330.0,308.0,308.0,-22.0,161900.0,50082800.0,13.0,684.4,308.0,215800.0,0.0,0.0,1600000000.0,1600000000.0,1600000000.0,161900.0,0.0,,0.0,0.0,0.0
2020-10-23,308.0,0.0,0.0,338.0,288.0,338.0,30.0,3800.0,1253400.0,9.0,751.1,340.0,900.0,288.0,300.0,1600000000.0,1600000000.0,1600000000.0,700.0,0.0,,0.0,0.0,0.0
2020-10-26,338.0,0.0,0.0,352.0,352.0,352.0,14.0,11000.0,3872000.0,3.0,782.2,352.0,9400.0,0.0,0.0,1600000000.0,1600000000.0,1600000000.0,0.0,0.0,,0.0,0.0,0.0
2020-10-27,352.0,0.0,0.0,342.0,328.0,342.0,-10.0,20100.0,6872800.0,2.0,760.0,342.0,29900.0,328.0,100.0,1600000000.0,1600000000.0,1600000000.0,0.0,0.0,,5000000.0,1000000000.0,1.0
2020-11-02,342.0,0.0,0.0,358.0,322.0,342.0,0.0,22200.0,7748400.0,5.0,760.0,342.0,18400.0,322.0,300.0,1600000000.0,1600000000.0,1600000000.0,12000.0,0.0,,0.0,0.0,0.0
2020-11-03,342.0,0.0,0.0,342.0,340.0,340.0,-2.0,12100.0,4114200.0,3.0,755.6,340.0,4200.0,320.0,1000.0,1600000000.0,1600000000.0,1600000000.0,0.0,0.0,,0.0,0.0,0.0
2020-11-04,340.0,0.0,0.0,340.0,336.0,336.0,-4.0,4200.0,1411600.0,2.0,746.7,340.0,400.0,0.0,0.0,1600000000.0,1600000000.0,1600000000.0,0.0,0.0,,0.0,0.0,0.0
2020-11-05,336.0,0.0,0.0,336.0,336.0,336.0,0.0,100.0,33600.0,1.0,746.7,356.0,50000.0,318.0,100.0,1600000000.0,1600000000.0,1600000000.0,0.0,0.0,,0.0,0.0,0.0
2020-11-06,336.0,0.0,0.0,338.0,338.0,338.0,2.0,18400.0,6219200.0,1.0,751.1,338.0,18400.0,314.0,2000.0,1600000000.0,1600000000.0,1600000000.0,18400.0,0.0,,0.0,0.0,0.0
2020-11-09,338.0,0.0,0.0,316.0,316.0,316.0,-22.0,100.0,31600.0,1.0,702.2,336.0,1100.0,0.0,0.0,1600000000.0,1600000000.0,1600000000.0,0.0,0.0,,2.0,676.0,1.0
2020-11-10,316.0,0.0,0.0,338.0,316.0,338.0,22.0,30900.0,10424400.0,8.0,751.1,338.0,25000.0,296.0,10000.0,1600000000.0,1600000000.0,1600000000.0,23300.0,0.0,,0.0,0.0,0.0
2020-11-11,338.0,0.0,0.0,338.0,316.0,316.0,-22.0,52300.0,16531200.0,7.0,702.2,316.0,22400.0,0.0,0.0,1600000000.0,1600000000.0,1600000000.0,44700.0,0.0,,0.0,0.0,0.0
2020-11-12,316.0,0.0,0.0,332.0,296.0,332.0,16.0,30200.0,10021200.0,6.0,737.8,332.0,34500.0,294.0,300.0,1600000000.0,1600000000.0,1600000000.0,22500.0,0.0,,0.0,0.0,0.0
2020-11-13,332.0,0.0,0.0,316.0,316.0,316.0,-16.0,20000.0,6320000.0,1.0,702.2,316.0,22400.0,0.0,0.0,1600000000.0,1600000000.0,1600000000.0,20000.0,0.0,,0.0,0.0,0.0
2020-11-16,316.0,0.0,0.0,300.0,296.0,298.0,-18.0,86800.0,25991000.0,14.0,662.2,298.0,74300.0,296.0,2000.0,1600000000.0,1600000000.0,1600000000.0,86500.0,0.0,,0.0,0.0,0.0
2020-11-17,298.0,0.0,0.0,298.0,278.0,290.0,-8.0,77500.0,22262000.0,33.0,644.4,290.0,74300.0,278.0,25000.0,1600000000.0,1600000000.0,1600000000.0,43100.0,0.0,,0.0,0.0,0.0
2020-11-18,290.0,0.0,0.0,282.0,270.0,280.0,-10.0,52900.0,14453400.0,24.0,622.2,280.0,30600.0,270.0,4100.0,1600000000.0,1600000000.0,1600000000.0,45000.0,0.0,,0.0,0.0,0.0
2020-11-19,280.0,0.0,0.0,298.0,262.0,298.0,18.0,40000.0,11888400.0,7.0,662.2,298.0,11000.0,264.0,1200.0,1600000000.0,1600000000.0,1600000000.0,0.0,0.0,,0.0,0.0,0.0
2020-11-20,298.0,0.0,0.0,298.0,278.0,288.0,-10.0,74600.0,21007200.0,19.0,640.0,294.0,728800.0,278.0,200.0,1600000000.0,1600000000.0,1600000000.0,21200.0,400.0,,0.0,0.0,0.0
2020-11-23,288.0,0.0,0.0,292.0,270.0,290.0,2.0,42400.0,12232800.0,44.0,644.4,292.0,21200.0,288.0,200.0,1600000000.0,1600000000.0,1600000000.0,28600.0,0.0,,0.0,0.0,0.0
2020-11-24,290.0,0.0,0.0,300.0,290.0,300.0,10.0,16600.0,4964000.0,4.0,666.7,300.0,8000.0,288.0,600.0,1600000000.0,1600000000.0,1600000000.0,0.0,0.0,,0.0,0.0,0.0
2020-11-25,300.0,0.0,0.0,298.0,280.0,298.0,-2.0,20100.0,5988000.0,4.0,662.2,298.0,2485300.0,282.0,15000.0,1600000000.0,1600000000.0,1600000000.0,18900.0,0.0,,0.0,0.0,0.0
2020-11-26,298.0,0.0,0.0,300.0,282.0,298.0,0.0,20700.0,6168200.0,5.0,662.2,298.0,2200.0,282.0,5200.0,1600000000.0,1600000000.0,1600000000.0,0.0,0.0,,0.0,0.0,0.0
2020-11-27,298.0,0.0,0.0,304.0,292.0,304.0,6.0,16900.0,5056000.0,10.0,675.6,338.0,76500.0,290.0,5000.0,1600000000.0,1600000000.0,1600000000.0,0.0,0.0,,0.0,0.0,0.0
2020-11-30,304.0,0.0,0.0,310.0,304.0,308.0,4.0,31300.0,9641800.0,8.0,684.4,310.0,88300.0,308.0,5000.0,1600000000.0,1600000000.0,1600000000.0,0.0,0.0,,0.0,0.0,0.0
2020-12-01,308.0,0.0,0.0,346.0,346.0,346.0,38.0,20000.0,6920000.0,5.0,768.9,346.0,75500.0,308.0,3600.0,1600000000.0,1600000000.0,1600000000.0,0.0,0.0,,0.0,0.0,0.0
2020-12-02,346.0,0.0,0.0,344.0,322.0,344.0,-2.0,10100.0,3472200.0,5.0,764.4,344.0,41800.0,322.0,4900.0,1600000000.0,1600000000.0,1600000000.0,0.0,0.0,,0.0,0.0,0.0
2020-12-03,344.0,0.0,0.0,342.0,320.0,342.0,-2.0,78100.0,26204000.0,7.0,760.0,342.0,19600.0,324.0,100.0,1600000000.0,1600000000.0,1600000000.0,28000.0,0.0,,0.0,0.0,0.0
2020-12-04,342.0,0.0,0.0,342.0,320.0,342.0,0.0,89800.0,30670000.0,6.0,760.0,350.0,100.0,340.0,300.0,1600000000.0,1600000000.0,1600000000.0,69800.0,0.0,,0.0,0.0,0.0
2020-12-07,342.0,0.0,0.0,342.0,342.0,342.0,0.0,100000.0,34200000.0,5.0,760.0,342.0,70200.0,320.0,2000.0,1600000000.0,1600000000.0,1600000000.0,79800.0,0.0,,0.0,0.0,0.0
2020-12-08,342.0,0.0,0.0,0.0,0.0,342.0,0.0,0.0,0.0,0.0,760.0,342.0,100000.0,320.0,5000.0,1600000000.0,1600000000.0,1600000000.0,0.0,0.0,,0.0,0.0,0.0
2020-12-10,342.0,0.0,0.0,0.0,0.0,342.0,0.0,0.0,0.0,0.0,760.0,342.0,101200.0,320.0,5000.0,1600000000.0,1600000000.0,1600000000.0,0.0,0.0,,0.0,0.0,0.0
2020-12-11,342.0,0.0,0.0,342.0,320.0,320.0,-22.0,90100.0,29425000.0,12.0,711.1,320.0,20000.0,0.0,0.0,1600000000.0,1600000000.0,1600000000.0,37900.0,0.0,,8772000.0,3000024000.0,1.0
2020-12-14,320.0,0.0,0.0,0.0,0.0,320.0,0.0,0.0,0.0,0.0,711.1,342.0,4700.0,320.0,10700.0,1600000000.0,1600000000.0,1600000000.0,0.0,0.0,,0.0,0.0,0.0
2020-12-15,320.0,0.0,0.0,340.0,340.0,340.0,20.0,300.0,102000.0,1.0,755.6,340.0,4600.0,320.0,10000.0,1600000000.0,1600000000.0,1600000000.0,0.0,0.0,,0.0,0.0,0.0
2020-12-16,340.0,0.0,0.0,340.0,318.0,340.0,0.0,8100.0,2751800.0,4.0,755.6,342.0,100.0,322.0,12000.0,1600000000.0,1600000000.0,1600000000.0,0.0,0.0,,0.0,0.0,0.0
2020-12-17,340.0,0.0,0.0,0.0,0.0,340.0,0.0,0.0,0.0,0.0,755.6,344.0,168500.0,318.0,5000.0,1600000000.0,1600000000.0,1600000000.0,0.0,0.0,,0.0,0.0,0.0
2020-12-18,340.0,0.0,0.0,336.0,330.0,336.0,-4.0,30100.0,10113000.0,3.0,746.7,336.0,735900.0,330.0,100.0,1600000000.0,1600000000.0,1600000000.0,22100.0,0.0,,0.0,0.0,0.0
2020-12-21,336.0,0.0,0.0,346.0,336.0,346.0,10.0,11000.0,3796000.0,4.0,768.9,346.0,727400.0,336.0,500.0,1600000000.0,1600000000.0,1600000000.0,8500.0,0.0,,0.0,0.0,0.0
2020-12-22,346.0,0.0,0.0,0.0,0.0,346.0,0.0,0.0,0.0,0.0,768.9,346.0,752500.0,322.0,1000.0,1600000000.0,1600000000.0,1600000000.0,0.0,0.0,,0.0,0.0,0.0
2020-12-23,346.0,0.0,0.0,0.0,0.0,346.0,0.0,0.0,0.0,0.0,768.9,346.0,752600.0,322.0,1000.0,1600000000.0,1600000000.0,1600000000.0,0.0,0.0,,0.0,0.0,0.0
2020-12-28,346.0,0.0,0.0,346.0,322.0,346.0,0.0,30300.0,10480400.0,4.0,768.9,346.0,722300.0,322.0,1900.0,1600000000.0,1600000000.0,1600000000.0,30100.0,0.0,,0.0,0.0,0.0
2020-12-29,346.0,0.0,0.0,346.0,346.0,346.0,0.0,20000.0,6920000.0,2.0,768.9,346.0,677400.0,324.0,100.0,1600000000.0,1600000000.0,1600000000.0,19900.0,0.0,,0.0,0.0,0.0
2020-12-30,346.0,0.0,0.0,0.0,0.0,346.0,0.0,0.0,0.0,0.0,768.9,344.0,30000.0,324.0,100.0,1600000000.0,1600000000.0,1600000000.0,0.0,0.0,,0.0,0.0,0.0
2021-01-04,346.0,0.0,0.0,360.0,360.0,360.0,14.0,100000.0,36000000.0,3.0,800.0,360.0,10100.0,322.0,2000.0,1600000000.0,1600000000.0,1600000000.0,0.0,0.0,,0.0,0.0,0.0
2021-01-05,360.0,0.0,0.0,364.0,364.0,364.0,4.0,110000.0,40040000.0,5.0,808.9,364.0,15000.0,336.0,2100.0,1600000000.0,1600000000.0,1600000000.0,0.0,0.0,,0.0,0.0,0.0
2021-01-06,364.0,0.0,0.0,366.0,362.0,366.0,2.0,31800.0,11634600.0,6.0,813.3,366.0,24800.0,362.0,1000.0,1600000000.0,1600000000.0,1600000000.0,0.0,0.0,,0.0,0.0,0.0
2021-01-07,366.0,0.0,0.0,366.0,364.0,366.0,0.0,20600.0,7538400.0,5.0,813.3,366.0,5800.0,360.0,100.0,1600000000.0,1600000000.0,1600000000.0,0.0,0.0,,0.0,0.0,0.0
2021-01-08,366.0,0.0,0.0,366.0,366.0,366.0,0.0,2700.0,988200.0,2.0,813.3,366.0,57300.0,362.0,100.0,1600000000.0,1600000000.0,1600000000.0,0.0,0.0,,0.0,0.0,0.0
2021-01-11,366.0,0.0,0.0,366.0,366.0,366.0,0.0,21000.0,7686000.0,4.0,813.3,366.0,41600.0,348.0,100.0,1600000000.0,1600000000.0,1600000000.0,0.0,0.0,,0.0,0.0,0.0
2021-01-12,366.0,0.0,0.0,366.0,348.0,366.0,0.0,200000.0,71500000.0,17.0,813.3,366.0,20400.0,344.0,100.0,1600000000.0,1600000000.0,1600000000.0,0.0,0.0,,0.0,0.0,0.0
2021-01-13,366.0,0.0,0.0,358.0,342.0,352.0,-14.0,931500.0,323074800.0,85.0,782.2,352.0,16600.0,342.0,19100.0,1600000000.0,1600000000.0,1600000000.0,0.0,0.0,,0.0,0.0,0.0
2021-01-14,352.0,0.0,0.0,352.0,348.0,352.0,0.0,31400.0,11047200.0,16.0,782.2,352.0,24900.0,342.0,100.0,1600000000.0,1600000000.0,1600000000.0,0.0,0.0,,0.0,0.0,0.0
2021-01-15,352.0,0.0,0.0,350.0,348.0,350.0,-2.0,30100.0,10534800.0,13.0,777.8,350.0,17300.0,340.0,100.0,1600000000.0,1600000000.0,1600000000.0,0.0,0.0,,0.0,0.0,0.0
2021-01-18,350.0,0.0,0.0,350.0,350.0,350.0,0.0,20000.0,7000000.0,8.0,777.8,350.0,23400.0,326.0,5000.0,1600000000.0,1600000000.0,1600000000.0,0.0,0.0,,0.0,0.0,0.0
2021-01-19,350.0,0.0,0.0,360.0,350.0,360.0,10.0,70500.0,25375000.0,15.0,800.0,360.0,24200.0,326.0,5000.0,1600000000.0,1600000000.0,1600000000.0,0.0,0.0,,0.0,0.0,0.0
2021-01-20,360.0,0.0,0.0,372.0,350.0,372.0,12.0,205700.0,76405000.0,27.0,826.7,372.0,20900.0,338.0,10000.0,1600000000.0,1600000000.0,1600000000.0,8400.0,0.0,,0.0,0.0,0.0
2021-01-21,372.0,0.0,0.0,372.0,346.0,366.0,-6.0,422200.0,151757200.0,111.0,813.3,366.0,23000.0,348.0,500.0,1600000000.0,1600000000.0,1600000000.0,22600.0,0.0,,0.0,0.0,0.0
2021-01-22,366.0,0.0,0.0,358.0,344.0,344.0,-22.0,318900.0,110459800.0,84.0,764.4,348.0,12600.0,344.0,49300.0,1600000000.0,1600000000.0,1600000000.0,5000.0,0.0,,0.0,0.0,0.0
2021-01-25,344.0,0.0,0.0,350.0,344.0,350.0,6.0,20900.0,7273200.0,9.0,777.8,350.0,45000.0,322.0,100.0,1600000000.0,1600000000.0,1600000000.0,0.0,0.0,,0.0,0.0,0.0
2021-01-26,350.0,0.0,0.0,350.0,346.0,350.0,0.0,10100.0,3534600.0,5.0,777.8,350.0,19200.0,326.0,100.0,1600000000.0,1600000000.0,1600000000.0,7500.0,0.0,,0.0,0.0,0.0
2021-01-27,350.0,0.0,0.0,372.0,330.0,372.0,22.0,36100.0,12933200.0,14.0,826.7,372.0,9200.0,326.0,4100.0,1600000000.0,1600000000.0,1600000000.0,8500.0,0.0,,0.0,0.0,0.0
2021-01-28,372.0,0.0,0.0,372.0,346.0,346.0,-26.0,44600.0,15537000.0,25.0,768.9,346.0,14900.0,0.0,0.0,1600000000.0,1600000000.0,1600000000.0,16500.0,0.0,,0.0,0.0,0.0
2021-01-29,346.0,0.0,0.0,348.0,342.0,344.0,-2.0,55200.0,19031000.0,17.0,764.4,344.0,400000.0,340.0,1500.0,1600000000.0,1600000000.0,1600000000.0,36500.0,0.0,,0.0,0.0,0.0
2021-02-01,344.0,0.0,0.0,350.0,346.0,350.0,6.0,53500.0,18677000.0,19.0,777.8,350.0,40000.0,348.0,5000.0,1600000000.0,1600000000.0,1600000000.0,0.0,0.0,,0.0,0.0,0.0
2021-02-02,350.0,0.0,0.0,348.0,334.0,348.0,-2.0,48600.0,16911400.0,9.0,773.3,348.0,100300.0,334.0,200.0,1600000000.0,1600000000.0,1600000000.0,0.0,0.0,,0.0,0.0,0.0
2021-02-03,348.0,0.0,0.0,350.0,324.0,350.0,2.0,78900.0,27494800.0,19.0,777.8,350.0,29500.0,328.0,200.0,1600000000.0,1600000000.0,1600000000.0,10000.0,0.0,,0.0,0.0,0.0
2021-02-04,350.0,0.0,0.0,350.0,348.0,350.0,0.0,40200.0,14029600.0,12.0,777.8,350.0,129300.0,340.0,1000.0,1600000000.0,1600000000.0,1600000000.0,17800.0,0.0,,22988500.0,7999998000.0,1.0
2021-02-05,350.0,0.0,0.0,348.0,346.0,348.0,-2.0,20300.0,7064200.0,7.0,773.3,348.0,44500.0,336.0,1100.0,1600000000.0,1600000000.0,1600000000.0,0.0,0.0,,0.0,0.0,0.0
2021-02-08,348.0,0.0,0.0,348.0,348.0,348.0,0.0,10100.0,3514800.0,4.0,773.3,348.0,33100.0,336.0,200.0,1600000000.0,1600000000.0,1600000000.0,0.0,0.0,,0.0,0.0,0.0
2021-02-09,348.0,0.0,0.0,348.0,336.0,348.0,0.0,22500.0,7801200.0,12.0,773.3,348.0,206700.0,336.0,2300.0,1600000000.0,1600000000.0,1600000000.0,0.0,0.0,,0.0,0.0,0.0
2021-02-10,348.0,0.0,0.0,348.0,348.0,348.0,0.0,20100.0,6994800.0,2.0,773.3,348.0,96800.0,340.0,200.0,1600000000.0,1600000000.0,1600000000.0,0.0,0.0,,0.0,0.0,0.0
2021-02-11,348.0,0.0,0.0,348.0,342.0,348.0,0.0,20100.0,6994200.0,3.0,773.3,348.0,111900.0,342.0,100.0,1600000000.0,1600000000.0,1600000000.0,0.0,0.0,,0.0,0.0,0.0
2021-02-15,348.0,0.0,0.0,348.0,348.0,348.0,0.0,26800.0,9326400.0,23.0,773.3,348.0,5000.0,338.0,100.0,1600000000.0,1600000000.0,1600000000.0,0.0,0.0,,7183900.0,2499997200.0,1.0
2021-02-16,348.0,0.0,0.0,350.0,346.0,348.0,0.0,30200.0,10525000.0,10.0,773.3,348.0,5000.0,338.0,1300.0,1600000000.0,1600000000.0,1600000000.0,9200.0,0.0,,13183000.0,4614050000.0,1.0
2021-02-17,348.0,0.0,0.0,348.0,338.0,348.0,0.0,10900.0,3784200.0,5.0,773.3,348.0,102700.0,340.0,100.0,1600000000.0,1600000000.0,1600000000.0,0.0,0.0,,0.0,0.0,0.0
2021-02-18,348.0,0.0,0.0,0.0,0.0,348.0,0.0,0.0,0.0,0.0,773.3,348.0,112700.0,324.0,5000.0,1600000000.0,1600000000.0,1600000000.0,0.0,0.0,,0.0,0.0,0.0
2021-02-19,348.0,0.0,0.0,0.0,0.0,348.0,0.0,0.0,0.0,0.0,773.3,348.0,107400.0,342.0,100.0,1600000000.0,1600000000.0,1600000000.0,0.0,0.0,,0.0,0.0,0.0
2021-02-22,348.0,0.0,0.0,348.0,346.0,348.0,0.0,26400.0,9154400.0,6.0,773.3,348.0,112500.0,346.0,400.0,1600000000.0,1600000000.0,1600000000.0,0.0,0.0,,22988500.0,7999998000.0,1.0
2021-02-23,348.0,0.0,0.0,0.0,0.0,348.0,0.0,0.0,0.0,0.0,773.3,346.0,10000.0,0.0,0.0,1600000000.0,1600000000.0,1600000000.0,0.0,0.0,,0.0,0.0,0.0
2021-02-24,348.0,0.0,0.0,350.0,348.0,348.0,0.0,400.0,139400.0,3.0,773.3,348.0,73700.0,324.0,100.0,1600000000.0,1600000000.0,1600000000.0,100.0,0.0,,0.0,0.0,0.0
2021-02-25,348.0,0.0,0.0,348.0,346.0,348.0,0.0,20200.0,7029200.0,5.0,773.3,348.0,97300.0,324.0,5000.0,1600000000.0,1600000000.0,1600000000.0,0.0,0.0,,0.0,0.0,0.0
2021-02-26,348.0,0.0,0.0,348.0,348.0,348.0,0.0,100.0,34800.0,1.0,773.3,348.0,97200.0,344.0,200.0,1600000000.0,1600000000.0,1600000000.0,0.0,0.0,,0.0,0.0,0.0
2021-03-01,348.0,0.0,0.0,0.0,0.0,348.0,0.0,0.0,0.0,0.0,773.3,348.0,103400.0,346.0,200.0,1600000000.0,1600000000.0,1600000000.0,0.0,0.0,,0.0,0.0,0.0
2021-03-02,348.0,0.0,0.0,348.0,348.0,348.0,0.0,200.0,69600.0,1.0,773.3,346.0,25000.0,324.0,10000.0,1600000000.0,1600000000.0,1600000000.0,0.0,0.0,,0.0,0.0,0.0
2021-03-03,348.0,0.0,0.0,0.0,0.0,348.0,0.0,0.0,0.0,0.0,773.3,348.0,102300.0,346.0,200.0,1600000000.0,1600000000.0,1600000000.0,0.0,0.0,,0.0,0.0,0.0
2021-03-04,348.0,0.0,0.0,348.0,348.0,348.0,0.0,100.0,34800.0,1.0,773.3,348.0,52100.0,324.0,5000.0,1600000000.0,1600000000.0,1600000000.0,0.0,0.0,,0.0,0.0,0.0
2021-03-05,348.0,0.0,0.0,0.0,0.0,348.0,0.0,0.0,0.0,0.0,773.3,348.0,52300.0,324.0,15000.0,1600000000.0,1600000000.0,1600000000.0,0.0,0.0,,0.0,0.0,0.0
2021-03-08,348.0,0.0,0.0,348.0,348.0,348.0,0.0,1000.0,348000.0,1.0,773.3,348.0,54800.0,346.0,200.0,1600000000.0,1600000000.0,1600000000.0,0.0,0.0,,0.0,0.0,0.0
2021-03-09,348.0,0.0,0.0,348.0,346.0,348.0,0.0,20300.0,7064000.0,4.0,773.3,348.0,32500.0,324.0,2300.0,1600000000.0,1600000000.0,1600000000.0,0.0,0.0,,0.0,0.0,0.0
2021-03-10,348.0,0.0,0.0,348.0,348.0,348.0,0.0,10200.0,3549600.0,3.0,773.3,348.0,26900.0,324.0,12000.0,1600000000.0,1600000000.0,1600000000.0,0.0,0.0,,0.0,0.0,0.0
2021-03-12,348.0,0.0,0.0,348.0,348.0,348.0,0.0,20100.0,6994800.0,8.0,773.3,348.0,13900.0,344.0,400.0,1600000000.0,1600000000.0,1600000000.0,0.0,0.0,,0.0,0.0,0.0
2021-03-15,348.0,0.0,0.0,346.0,324.0,346.0,-2.0,22400.0,7707200.0,7.0,768.9,346.0,23400.0,324.0,10200.0,1600000000.0,1600000000.0,1600000000.0,0.0,0.0,,0.0,0.0,0.0
2021-03-16,346.0,0.0,0.0,348.0,348.0,348.0,2.0,100.0,34800.0,1.0,773.3,348.0,38800.0,324.0,50000.0,1600000000.0,1600000000.0,1600000000.0,100.0,0.0,,0.0,0.0,0.0
2021-03-17,348.0,0.0,0.0,348.0,324.0,348.0,0.0,113500.0,37597400.0,18.0,773.3,348.0,36800.0,324.0,37700.0,1600000000.0,1600000000.0,1600000000.0,97000.0,0.0,,0.0,0.0,0.0
2021-03-18,348.0,0.0,0.0,348.0,328.0,344.0,-4.0,30500.0,10439600.0,10.0,764.4,344.0,141300.0,326.0,70900.0,1600000000.0,1600000000.0,1600000000.0,0.0,0.0,,13354000.0,4620484000.0,1.0
2021-03-19,344.0,0.0,0.0,348.0,344.0,348.0,4.0,20300.0,7063200.0,6.0,773.3,348.0,31800.0,332.0,100.0,1600000000.0,1600000000.0,1600000000.0,17700.0,0.0,,0.0,0.0,0.0
2021-03-22,348.0,0.0,0.0,0.0,0.0,348.0,0.0,0.0,0.0,0.0,773.3,340.0,2000.0,324.0,200.0,1600000000.0,1600000000.0,1600000000.0,0.0,0.0,,0.0,0.0,0.0
2021-03-23,348.0,0.0,0.0,344.0,330.0,334.0,-14.0,35400.0,11970800.0,21.0,742.2,336.0,2000.0,334.0,1300.0,1600000000.0,1600000000.0,1600000000.0,0.0,0.0,,0.0,0.0,0.0
2021-03-24,334.0,0.0,0.0,346.0,328.0,346.0,12.0,14100.0,4830200.0,16.0,768.9,344.0,2300.0,334.0,1000.0,1600000000.0,1600000000.0,1600000000.0,0.0,0.0,,0.0,0.0,0.0
2021-03-25,346.0,0.0,0.0,342.0,332.0,342.0,-4.0,24700.0,8423400.0,18.0,760.0,342.0,3600.0,332.0,6000.0,1600000000.0,1600000000.0,1600000000.0,0.0,0.0,,0.0,0.0,0.0
2021-03-26,342.0,0.0,0.0,348.0,348.0,348.0,6.0,25000.0,8700000.0,9.0,773.3,348.0,39200.0,320.0,25000.0,1600000000.0,1600000000.0,1600000000.0,3800.0,0.0,,0.0,0.0,0.0
2021-03-29,348.0,0.0,0.0,348.0,348.0,348.0,0.0,20000.0,6960000.0,2.0,773.3,348.0,34800.0,326.0,60000.0,1600000000.0,1600000000.0,1600000000.0,18000.0,0.0,,0.0,0.0,0.0
2021-03-30,348.0,0.0,0.0,348.0,328.0,342.0,-6.0,800.0,275800.0,4.0,760.0,344.0,25000.0,328.0,300.0,1600000000.0,1600000000.0,1600000000.0,0.0,0.0,,0.0,0.0,0.0
2021-03-31,342.0,0.0,0.0,348.0,348.0,348.0,6.0,10000.0,3480000.0,8.0,773.3,348.0,18000.0,324.0,22000.0,1600000000.0,1600000000.0,1600000000.0,4600.0,0.0,,0.0,0.0,0.0
2021-04-01,348.0,0.0,0.0,348.0,340.0,348.0,0.0,20100.0,6994000.0,4.0,773.3,348.0,23300.0,340.0,2000.0,1600000000.0,1600000000.0,1600000000.0,0.0,0.0,,0.0,0.0,0.0
2021-04-05,348.0,0.0,0.0,348.0,340.0,348.0,0.0,20800.0,7232000.0,10.0,773.3,348.0,32000.0,338.0,100.0,1600000000.0,1600000000.0,1600000000.0,0.0,0.0,,0.0,0.0,0.0
2021-04-06,348.0,0.0,0.0,344.0,340.0,344.0,-4.0,119500.0,41008200.0,23.0,764.4,344.0,10000.0,342.0,600.0,1600000000.0,1600000000.0,1600000000.0,0.0,0.0,,0.0,0.0,0.0
2021-04-07,344.0,0.0,0.0,344.0,334.0,344.0,0.0,30400.0,10453600.0,6.0,764.4,344.0,11000.0,334.0,49600.0,1600000000.0,1600000000.0,1600000000.0,0.0,0.0,,0.0,0.0,0.0
2021-04-08,344.0,0.0,0.0,344.0,344.0,344.0,0.0,20000.0,6880000.0,3.0,764.4,344.0,15000.0,336.0,50000.0,1600000000.0,1600000000.0,1600000000.0,0.0,0.0,,0.0,0.0,0.0
2021-04-09,344.0,0.0,0.0,0.0,0.0,344.0,0.0,0.0,0.0,0.0,764.4,340.0,10000.0,336.0,50000.0,1600000000.0,1600000000.0,1600000000.0,0.0,0.0,,0.0,0.0,0.0
2021-04-12,344.0,0.0,0.0,344.0,334.0,344.0,0.0,161300.0,54579800.0,21.0,764.4,344.0,110800.0,324.0,63200.0,1600000000.0,1600000000.0,1600000000.0,0.0,0.0,,0.0,0.0,0.0
2021-04-13,344.0,0.0,0.0,342.0,336.0,342.0,-2.0,25500.0,8688000.0,5.0,760.0,342.0,3500.0,324.0,13200.0,1600000000.0,1600000000.0,1600000000.0,0.0,0.0,,0.0,0.0,0.0
2021-04-14,342.0,0.0,0.0,344.0,336.0,344.0,2.0,20500.0,7048600.0,7.0,764.4,344.0,21000.0,334.0,100.0,1600000000.0,1600000000.0,1600000000.0,0.0,0.0,,0.0,0.0,0.0
2021-04-15,344.0,0.0,0.0,0.0,0.0,344.0,0.0,0.0,0.0,0.0,764.4,342.0,10500.0,324.0,103000.0,1600000000.0,1600000000.0,1600000000.0,0.0,0.0,,0.0,0.0,0.0
2021-04-16,344.0,0.0,0.0,338.0,336.0,338.0,-6.0,30200.0,10168400.0,9.0,751.1,338.0,10200.0,330.0,100.0,1600000000.0,1600000000.0,1600000000.0,0.0,0.0,,0.0,0.0,0.0
2021-04-19,338.0,0.0,0.0,340.0,338.0,338.0,0.0,10800.0,3652000.0,3.0,751.1,338.0,300.0,316.0,10300.0,1600000000.0,1600000000.0,1600000000.0,0.0,0.0,,0.0,0.0,0.0
2021-04-20,338.0,0.0,0.0,338.0,338.0,338.0,0.0,20000.0,6760000.0,1.0,751.1,338.0,60300.0,316.0,13000.0,1600000000.0,1600000000.0,1600000000.0,20000.0,0.0,,0.0,0.0,0.0
2021-04-21,338.0,0.0,0.0,0.0,0.0,338.0,0.0,0.0,0.0,0.0,751.1,336.0,300.0,316.0,13000.0,1600000000.0,1600000000.0,1600000000.0,0.0,0.0,,0.0,0.0,0.0
2021-04-22,338.0,0.0,0.0,336.0,336.0,336.0,-2.0,300.0,100800.0,1.0,746.7,342.0,5000.0,320.0,30000.0,1600000000.0,1600000000.0,1600000000.0,0.0,0.0,,0.0,0.0,0.0
2021-04-23,336.0,0.0,0.0,336.0,336.0,336.0,0.0,20000.0,6720000.0,1.0,746.7,342.0,5000.0,330.0,500.0,1600000000.0,1600000000.0,1600000000.0,0.0,0.0,,0.0,0.0,0.0
2021-04-26,336.0,0.0,0.0,336.0,336.0,336.0,0.0,10000.0,3360000.0,1.0,746.7,336.0,10000.0,330.0,400.0,1600000000.0,1600000000.0,1600000000.0,0.0,0.0,,0.0,0.0,0.0
2021-04-27,336.0,0.0,0.0,336.0,336.0,336.0,0.0,20000.0,6720000.0,1.0,746.7,342.0,5000.0,328.0,400.0,1600000000.0,1600000000.0,1600000000.0,0.0,0.0,,0.0,0.0,0.0
2021-04-28,336.0,0.0,0.0,336.0,336.0,336.0,0.0,10000.0,3360000.0,1.0,746.7,336.0,10000.0,318.0,100.0,1600000000.0,1600000000.0,1600000000.0,0.0,0.0,,0.0,0.0,0.0
2021-04-29,336.0,0.0,0.0,338.0,336.0,336.0,0.0,10500.0,3529000.0,3.0,746.7,336.0,4200.0,314.0,12100.0,1600000000.0,1600000000.0,1600000000.0,0.0,0.0,,0.0,0.0,0.0
2021-04-30,336.0,0.0,0.0,340.0,340.0,340.0,4.0,10000.0,3400000.0,2.0,755.6,340.0,24200.0,314.0,12000.0,1600000000.0,1600000000.0,1600000000.0,0.0,0.0,,0.0,0.0,0.0
2021-05-03,340.0,0.0,0.0,0.0,0.0,340.0,0.0,0.0,0.0,0.0,755.6,340.0,10200.0,318.0,15000.0,1600000000.0,1600000000.0,1600000000.0,0.0,0.0,,0.0,0.0,0.0
2021-05-04,340.0,0.0,0.0,338.0,338.0,338.0,-2.0,10000.0,3380000.0,1.0,751.1,338.0,4200.0,318.0,65000.0,1600000000.0,1600000000.0,1600000000.0,0.0,0.0,,0.0,0.0,0.0
2021-05-05,338.0,0.0,0.0,346.0,346.0,346.0,8.0,9500.0,3287000.0,2.0,768.9,346.0,5000.0,318.0,20000.0,1600000000.0,1600000000.0,1600000000.0,0.0,0.0,,0.0,0.0,0.0
2021-05-06,346.0,0.0,0.0,344.0,344.0,344.0,-2.0,12400.0,4265600.0,5.0,764.4,344.0,8000.0,322.0,20000.0,1600000000.0,1600000000.0,1600000000.0,0.0,0.0,,0.0,0.0,0.0
2021-05-07,344.0,0.0,0.0,0.0,0.0,344.0,0.0,0.0,0.0,0.0,764.4,342.0,5200.0,324.0,3000.0,1600000000.0,1600000000.0,1600000000.0,0.0,0.0,,0.0,0.0,0.0
2021-05-10,344.0,0.0,0.0,342.0,340.0,340.0,-4.0,10100.0,3434200.0,3.0,755.6,340.0,10100.0,322.0,100.0,1600000000.0,1600000000.0,1600000000.0,0.0,0.0,,0.0,0.0,0.0
2021-05-11,340.0,0.0,0.0,340.0,340.0,340.0,0.0,20100.0,6834000.0,5.0,755.6,340.0,18100.0,322.0,100.0,1600000000.0,1600000000.0,1600000000.0,0.0,0.0,,0.0,0.0,0.0
2021-05-17,340.0,0.0,0.0,340.0,340.0,340.0,0.0,5200.0,1768000.0,5.0,755.6,340.0,13700.0,322.0,100.0,1600000000.0,1600000000.0,1600000000.0,0.0,0.0,,0.0,0.0,0.0
2021-05-18,340.0,0.0,0.0,338.0,338.0,338.0,-2.0,100.0,33800.0,1.0,751.1,340.0,18700.0,320.0,100.0,1600000000.0,1600000000.0,1600000000.0,0.0,0.0,,0.0,0.0,0.0
2021-05-19,338.0,0.0,0.0,340.0,340.0,340.0,2.0,10000.0,3400000.0,1.0,755.6,340.0,7400.0,316.0,10000.0,1600000000.0,1600000000.0,1600000000.0,0.0,0.0,,0.0,0.0,0.0
2021-05-20,340.0,0.0,0.0,342.0,340.0,342.0,2.0,10100.0,3454000.0,3.0,760.0,342.0,1046900.0,338.0,100.0,1600000000.0,1600000000.0,1600000000.0,8100.0,0.0,,0.0,0.0,0.0
2021-05-21,342.0,0.0,0.0,342.0,320.0,342.0,0.0,30200.0,10326000.0,4.0,760.0,342.0,971000.0,324.0,100.0,1600000000.0,1600000000.0,1600000000.0,26400.0,0.0,,0.0,0.0,0.0
2021-05-22,342.0,0.0,0.0,0.0,0.0,342.0,0.0,0.0,0.0,0.0,760.0,0.0,0.0,0.0,0.0,1600000000.0,1600000000.0,1600000000.0,0.0,0.0,,0.0,0.0,0.0
2021-05-24,342.0,0.0,0.0,342.0,334.0,342.0,0.0,22300.0,7625400.0,5.0,760.0,342.0,966300.0,334.0,100.0,1600000000.0,1600000000.0,1600000000.0,2200.0,0.0,,0.0,0.0,0.0
2021-05-25,342.0,0.0,0.0,0.0,0.0,342.0,0.0,0.0,0.0,0.0,760.0,340.0,20000.0,334.0,100.0,1600000000.0,1600000000.0,1600000000.0,0.0,0.0,,0.0,0.0,0.0
2021-05-27,342.0,0.0,0.0,340.0,340.0,340.0,-2.0,10000.0,3400000.0,1.0,755.6,340.0,30000.0,334.0,300.0,1600000000.0,1600000000.0,1600000000.0,0.0,0.0,,0.0,0.0,0.0
2021-05-28,340.0,0.0,0.0,0.0,0.0,340.0,0.0,0.0,0.0,0.0,755.6,340.0,21000.0,320.0,14900.0,1600000000.0,1600000000.0,1600000000.0,0.0,0.0,,0.0,0.0,0.0
2021-05-31,340.0,0.0,0.0,342.0,340.0,342.0,2.0,20100.0,6874000.0,3.0,760.0,342.0,1047200.0,336.0,400.0,1600000000.0,1600000000.0,1600000000.0,19100.0,0.0,,5882400.0,2000016000.0,1.0
2021-06-02,342.0,0.0,0.0,0.0,0.0,342.0,0.0,0.0,0.0,0.0,760.0,342.0,26100.0,338.0,100.0,1600000000.0,1600000000.0,1600000000.0,0.0,0.0,,0.0,0.0,0.0
2021-06-03,342.0,0.0,0.0,340.0,338.0,338.0,-4.0,12000.0,4059600.0,5.0,751.1,338.0,9800.0,336.0,100.0,1600000000.0,1600000000.0,1600000000.0,0.0,0.0,,0.0,0.0,0.0
2021-06-04,338.0,0.0,0.0,344.0,344.0,344.0,6.0,10000.0,3440000.0,2.0,764.4,344.0,13000.0,340.0,100.0,1600000000.0,1600000000.0,1600000000.0,5000.0,0.0,,0.0,0.0,0.0
2021-06-07,344.0,0.0,0.0,344.0,342.0,344.0,0.0,15600.0,5365200.0,7.0,764.4,344.0,15200.0,338.0,200.0,1600000000.0,1600000000.0,1600000000.0,5000.0,0.0,,0.0,0.0,0.0
2021-06-08,344.0,0.0,0.0,342.0,320.0,342.0,-2.0,17000.0,5771800.0,4.0,760.0,342.0,25000.0,324.0,200.0,1600000000.0,1600000000.0,1600000000.0,0.0,0.0,,0.0,0.0,0.0
2021-06-09,342.0,0.0,0.0,382.0,342.0,382.0,40.0,15200.0,5798400.0,7.0,848.9,382.0,77000.0,330.0,400.0,1600000000.0,1600000000.0,1600000000.0,5000.0,0.0,,0.0,0.0,0.0
2021-06-10,382.0,0.0,0.0,380.0,356.0,380.0,-2.0,27200.0,10175200.0,30.0,844.4,380.0,9000.0,0.0,0.0,1600000000.0,1600000000.0,1600000000.0,11200.0,0.0,,0.0,0.0,0.0
2021-06-11,380.0,0.0,0.0,376.0,372.0,372.0,-8.0,31200.0,11610400.0,11.0,826.7,372.0,7400.0,0.0,0.0,1600000000.0,1600000000.0,1600000000.0,5900.0,0.0,,0.0,0.0,0.0
2021-06-14,372.0,0.0,0.0,360.0,346.0,360.0,-12.0,46500.0,16551800.0,31.0,800.0,362.0,20000.0,360.0,1100.0,1600000000.0,1600000000.0,1600000000.0,0.0,0.0,,0.0,0.0,0.0
2021-06-15,360.0,0.0,0.0,360.0,336.0,344.0,-16.0,165300.0,56144000.0,28.0,764.4,350.0,500.0,344.0,900.0,1600000000.0,1600000000.0,1600000000.0,0.0,0.0,,0.0,0.0,0.0
2021-06-16,344.0,0.0,0.0,344.0,344.0,344.0,0.0,6000.0,2064000.0,3.0,764.4,344.0,4700.0,328.0,200.0,1600000000.0,1600000000.0,1600000000.0,0.0,0.0,,0.0,0.0,0.0
2021-06-17,344.0,0.0,0.0,352.0,324.0,352.0,8.0,20100.0,7072400.0,5.0,782.2,352.0,75800.0,330.0,100.0,1600000000.0,1600000000.0,1600000000.0,0.0,0.0,,0.0,0.0,0.0
2021-06-18,352.0,0.0,0.0,352.0,346.0,346.0,-6.0,18500.0,6445000.0,8.0,768.9,346.0,1900.0,330.0,200.0,1600000000.0,1600000000.0,1600000000.0,0.0,0.0,,0.0,0.0,0.0
2021-06-21,346.0,0.0,0.0,0.0,0.0,346.0,0.0,0.0,0.0,0.0,768.9,344.0,12200.0,0.0,0.0,1600000000.0,1600000000.0,1600000000.0,0.0,0.0,,0.0,0.0,0.0
2021-06-22,346.0,0.0,0.0,346.0,344.0,344.0,-2.0,10100.0,3474600.0,5.0,764.4,344.0,27800.0,330.0,400.0,1600000000.0,1600000000.0,1600000000.0,0.0,0.0,,0.0,0.0,0.0
2021-06-23,344.0,0.0,0.0,0.0,0.0,344.0,0.0,0.0,0.0,0.0,764.4,342.0,1000.0,330.0,100.0,1600000000.0,1600000000.0,1600000000.0,0.0,0.0,,0.0,0.0,0.0
2021-06-24,344.0,0.0,0.0,352.0,328.0,352.0,8.0,10500.0,3684000.0,6.0,782.2,352.0,59800.0,324.0,200.0,1600000000.0,1600000000.0,1600000000.0,0.0,0.0,,0.0,0.0,0.0
2021-06-25,352.0,0.0,0.0,348.0,328.0,348.0,-4.0,15700.0,5376800.0,8.0,773.3,348.0,3600.0,328.0,5000.0,1600000000.0,1600000000.0,1600000000.0,0.0,0.0,,0.0,0.0,0.0
2021-06-28,348.0,0.0,0.0,346.0,346.0,346.0,-2.0,5000.0,1730000.0,3.0,768.9,346.0,5900.0,328.0,5000.0,1600000000.0,1600000000.0,1600000000.0,0.0,0.0,,0.0,0.0,0.0
2021-06-29,346.0,0.0,0.0,348.0,322.0,340.0,-6.0,48900.0,16384800.0,12.0,755.6,340.0,10000.0,0.0,0.0,1600000000.0,1600000000.0,1600000000.0,0.0,0.0,,0.0,0.0,0.0
2021-06-30,340.0,0.0,0.0,346.0,328.0,346.0,6.0,16200.0,5493600.0,9.0,768.9,346.0,65400.0,322.0,5000.0,1600000000.0,1600000000.0,1600000000.0,0.0,0.0,,0.0,0.0,0.0
2021-07-01,346.0,0.0,0.0,344.0,344.0,344.0,-2.0,9900.0,3405600.0,2.0,764.4,346.0,10200.0,322.0,200.0,1600000000.0,1600000000.0,1600000000.0,0.0,0.0,,0.0,0.0,0.0
2021-07-02,344.0,0.0,0.0,344.0,344.0,344.0,0.0,10000.0,3440000.0,2.0,764.4,344.0,8100.0,322.0,100.0,1600000000.0,1600000000.0,1600000000.0,0.0,0.0,,0.0,0.0,0.0
2021-07-05,344.0,0.0,0.0,0.0,0.0,344.0,0.0,0.0,0.0,0.0,764.4,344.0,8100.0,320.0,5000.0,1600000000.0,1600000000.0,1600000000.0,0.0,0.0,,0.0,0.0,0.0
2021-07-06,344.0,0.0,0.0,360.0,360.0,360.0,16.0,10000.0,3600000.0,2.0,800.0,360.0,1700.0,324.0,200.0,1600000000.0,1600000000.0,1600000000.0,0.0,0.0,,0.0,0.0,0.0
2021-07-07,360.0,0.0,0.0,364.0,356.0,360.0,0.0,30200.0,10792400.0,6.0,800.0,360.0,8100.0,340.0,5000.0,1600000000.0,1600000000.0,1600000000.0,0.0,0.0,,0.0,0.0,0.0
2021-07-08,360.0,0.0,0.0,360.0,352.0,358.0,-2.0,7100.0,2541600.0,4.0,795.6,360.0,10100.0,340.0,5000.0,1600000000.0,1600000000.0,1600000000.0,0.0,0.0,,0.0,0.0,0.0
2021-07-09,358.0,0.0,0.0,360.0,340.0,360.0,2.0,17100.0,6044600.0,11.0,800.0,360.0,38300.0,334.0,90000.0,1600000000.0,1600000000.0,1600000000.0,0.0,0.0,,0.0,0.0,0.0
2021-07-12,360.0,0.0,0.0,362.0,350.0,362.0,2.0,40400.0,14623200.0,5.0,804.4,362.0,60200.0,348.0,100.0,1600000000.0,1600000000.0,1600000000.0,2000.0,0.0,,0.0,0.0,0.0
2021-07-13,362.0,0.0,0.0,360.0,338.0,360.0,-2.0,131000.0,44918400.0,12.0,800.0,360.0,27200.0,356.0,100.0,1600000000.0,1600000000.0,1600000000.0,122300.0,0.0,,0.0,0.0,0.0
2021-07-14,360.0,0.0,0.0,0.0,0.0,360.0,0.0,0.0,0.0,0.0,800.0,356.0,9600.0,0.0,0.0,1600000000.0,1600000000.0,1600000000.0,0.0,0.0,,0.0,0.0,0.0
2021-07-15,360.0,0.0,0.0,356.0,350.0,356.0,-4.0,6600.0,2346800.0,6.0,791.1,356.0,4500.0,0.0,0.0,1600000000.0,1600000000.0,1600000000.0,0.0,0.0,,0.0,0.0,0.0
2021-07-16,356.0,0.0,0.0,0.0,0.0,356.0,0.0,0.0,0.0,0.0,791.1,354.0,95000.0,0.0,0.0,1600000000.0,1600000000.0,1600000000.0,0.0,0.0,,0.0,0.0,0.0
2021-07-19,356.0,0.0,0.0,0.0,0.0,356.0,0.0,0.0,0.0,0.0,791.1,356.0,9900.0,0.0,0.0,1600000000.0,1600000000.0,1600000000.0,0.0,0.0,,0.0,0.0,0.0
2021-07-21,356.0,0.0,0.0,354.0,354.0,354.0,-2.0,20000.0,7080000.0,1.0,786.7,354.0,75000.0,0.0,0.0,1600000000.0,1600000000.0,1600000000.0,0.0,0.0,,0.0,0.0,0.0
2021-07-22,354.0,0.0,0.0,358.0,354.0,358.0,4.0,1800.0,641200.0,3.0,795.6,354.0,75100.0,352.0,100.0,1600000000.0,1600000000.0,1600000000.0,1000.0,0.0,,4190000.0,1500020000.0,1.0
2021-07-23,358.0,0.0,0.0,0.0,0.0,358.0,0.0,0.0,0.0,0.0,795.6,356.0,99500.0,0.0,0.0,1600000000.0,1600000000.0,1600000000.0,0.0,0.0,,0.0,0.0,0.0
2021-07-26,358.0,0.0,0.0,0.0,0.0,358.0,0.0,0.0,0.0,0.0,795.6,354.0,75000.0,0.0,0.0,1600000000.0,1600000000.0,1600000000.0,0.0,0.0,,0.0,0.0,0.0
2021-07-27,358.0,0.0,0.0,358.0,356.0,358.0,0.0,300.0,107200.0,3.0,795.6,356.0,75000.0,0.0,0.0,1600000000.0,1600000000.0,1600000000.0,200.0,0.0,,0.0,0.0,0.0
2021-07-28,358.0,0.0,0.0,356.0,356.0,356.0,-2.0,20000.0,7120000.0,1.0,791.1,356.0,55000.0,0.0,0.0,1600000000.0,1600000000.0,1600000000.0,0.0,0.0,,0.0,0.0,0.0
2021-07-29,356.0,0.0,0.0,0.0,0.0,356.0,0.0,0.0,0.0,0.0,791.1,356.0,100700.0,0.0,0.0,1600000000.0,1600000000.0,1600000000.0,0.0,0.0,,0.0,0.0,0.0
2021-07-30,356.0,0.0,0.0,358.0,332.0,332.0,-24.0,179500.0,59764800.0,18.0,737.8,336.0,10000.0,0.0,0.0,1600000000.0,1600000000.0,1600000000.0,179100.0,0.0,,0.0,0.0,0.0
2021-08-02,332.0,0.0,0.0,332.0,310.0,328.0,-4.0,57800.0,18737600.0,7.0,728.9,328.0,42400.0,0.0,0.0,1600000000.0,1600000000.0,1600000000.0,0.0,0.0,,0.0,0.0,0.0
2021-08-03,328.0,0.0,0.0,328.0,324.0,324.0,-4.0,10100.0,3272800.0,2.0,720.0,324.0,10000.0,308.0,1000.0,1600000000.0,1600000000.0,1600000000.0,0.0,0.0,,0.0,0.0,0.0
2021-08-04,324.0,0.0,0.0,330.0,330.0,330.0,6.0,200.0,66000.0,2.0,733.3,328.0,8500.0,306.0,10100.0,1600000000.0,1600000000.0,1600000000.0,0.0,0.0,,0.0,0.0,0.0
2021-08-05,330.0,0.0,0.0,338.0,314.0,330.0,0.0,25200.0,8315200.0,4.0,733.3,330.0,17500.0,316.0,100.0,1600000000.0,1600000000.0,1600000000.0,0.0,0.0,,2958500.0,999973000.0,1.0
2021-08-06,330.0,0.0,0.0,330.0,312.0,312.0,-18.0,300.0,95400.0,3.0,693.3,330.0,700.0,312.0,13700.0,1600000000.0,1600000000.0,1600000000.0,0.0,0.0,,0.0,0.0,0.0
2021-08-09,312.0,0.0,0.0,348.0,312.0,344.0,32.0,3500.0,1167200.0,14.0,764.4,338.0,600.0,320.0,500.0,1600000000.0,1600000000.0,1600000000.0,0.0,0.0,,0.0,0.0,0.0
2021-08-10,344.0,0.0,0.0,352.0,338.0,352.0,8.0,20400.0,7094800.0,8.0,782.2,352.0,97100.0,320.0,1500.0,1600000000.0,1600000000.0,1600000000.0,0.0,0.0,,0.0,0.0,0.0
2021-08-12,352.0,0.0,0.0,364.0,350.0,354.0,2.0,25800.0,9188000.0,11.0,786.7,354.0,85300.0,328.0,1000.0,1600000000.0,1600000000.0,1600000000.0,5300.0,0.0,,0.0,0.0,0.0
2021-08-13,354.0,0.0,0.0,0.0,0.0,354.0,0.0,0.0,0.0,0.0,786.7,354.0,10000.0,330.0,700.0,1600000000.0,1600000000.0,1600000000.0,0.0,0.0,,0.0,0.0,0.0
2021-08-16,354.0,0.0,0.0,354.0,354.0,354.0,0.0,100.0,35400.0,1.0,786.7,354.0,15700.0,0.0,0.0,1600000000.0,1600000000.0,1600000000.0,0.0,0.0,,0.0,0.0,0.0
2021-08-18,354.0,0.0,0.0,0.0,0.0,354.0,0.0,0.0,0.0,0.0,786.7,352.0,5300.0,0.0,0.0,1600000000.0,1600000000.0,1600000000.0,0.0,0.0,,0.0,0.0,0.0
2021-08-19,354.0,0.0,0.0,0.0,0.0,354.0,0.0,0.0,0.0,0.0,786.7,344.0,5100.0,0.0,0.0,1600000000.0,1600000000.0,1600000000.0,0.0,0.0,,0.0,0.0,0.0
2021-08-20,354.0,0.0,0.0,354.0,354.0,354.0,0.0,300.0,106200.0,2.0,786.7,342.0,5300.0,0.0,0.0,1600000000.0,1600000000.0,1600000000.0,0.0,0.0,,0.0,0.0,0.0
2021-08-23,354.0,0.0,0.0,348.0,330.0,348.0,-6.0,29800.0,10117000.0,19.0,773.3,348.0,28700.0,332.0,200.0,1600000000.0,1600000000.0,1600000000.0,0.0,0.0,,0.0,0.0,0.0
2021-08-24,348.0,0.0,0.0,0.0,0.0,348.0,0.0,0.0,0.0,0.0,773.3,346.0,9900.0,324.0,5000.0,1600000000.0,1600000000.0,1600000000.0,0.0,0.0,,0.0,0.0,0.0
2021-08-25,348.0,0.0,0.0,350.0,328.0,350.0,2.0,10100.0,3532800.0,3.0,777.8,350.0,2900.0,330.0,100.0,1600000000.0,1600000000.0,1600000000.0,0.0,0.0,,0.0,0.0,0.0
2021-08-26,350.0,0.0,0.0,350.0,326.0,350.0,0.0,10300.0,3602600.0,5.0,777.8,350.0,15100.0,330.0,100.0,1600000000.0,1600000000.0,1600000000.0,0.0,0.0,,0.0,0.0,0.0
2021-08-27,350.0,0.0,0.0,350.0,348.0,350.0,0.0,10000.0,3499200.0,4.0,777.8,348.0,9900.0,0.0,0.0,1600000000.0,1600000000.0,1600000000.0,0.0,0.0,,5714200.0,1999970000.0,1.0
2021-08-30,350.0,0.0,0.0,352.0,350.0,352.0,2.0,50100.0,17635000.0,6.0,782.2,352.0,24000.0,0.0,0.0,1600000000.0,1600000000.0,1600000000.0,22600.0,0.0,,0.0,0.0,0.0
2021-08-31,352.0,0.0,0.0,352.0,352.0,352.0,0.0,200.0,70400.0,1.0,782.2,350.0,9700.0,0.0,0.0,1600000000.0,1600000000.0,1600000000.0,0.0,0.0,,0.0,0.0,0.0
2021-09-01,352.0,0.0,0.0,350.0,350.0,350.0,-2.0,9900.0,3465000.0,1.0,777.8,352.0,20000.0,0.0,0.0,1600000000.0,1600000000.0,1600000000.0,0.0,0.0,,0.0,0.0,0.0
2021-09-02,350.0,0.0,0.0,366.0,366.0,366.0,16.0,10000.0,3660000.0,2.0,813.3,366.0,34300.0,0.0,0.0,1600000000.0,1600000000.0,1600000000.0,0.0,0.0,,0.0,0.0,0.0
2021-09-03,366.0,0.0,0.0,366.0,366.0,366.0,0.0,100.0,36600.0,1.0,813.3,364.0,34300.0,0.0,0.0,1600000000.0,1600000000.0,1600000000.0,0.0,0.0,,0.0,0.0,0.0
2021-09-06,366.0,0.0,0.0,0.0,0.0,366.0,0.0,0.0,0.0,0.0,813.3,364.0,19900.0,0.0,0.0,1600000000.0,1600000000.0,1600000000.0,0.0,0.0,,0.0,0.0,0.0
2021-09-07,366.0,0.0,0.0,0.0,0.0,366.0,0.0,0.0,0.0,0.0,813.3,364.0,34300.0,0.0,0.0,1600000000.0,1600000000.0,1600000000.0,0.0,0.0,,0.0,0.0,0.0
2021-09-08,366.0,0.0,0.0,364.0,364.0,364.0,-2.0,9900.0,3603600.0,1.0,808.9,366.0,100.0,0.0,0.0,1600000000.0,1600000000.0,1600000000.0,0.0,0.0,,0.0,0.0,0.0
2021-09-09,364.0,0.0,0.0,0.0,0.0,364.0,0.0,0.0,0.0,0.0,808.9,362.0,20200.0,340.0,1000.0,1600000000.0,1600000000.0,1600000000.0,0.0,0.0,,0.0,0.0,0.0
2021-09-10,364.0,0.0,0.0,364.0,364.0,364.0,0.0,100.0,36400.0,1.0,808.9,364.0,100.0,342.0,1000.0,1600000000.0,1600000000.0,1600000000.0,0.0,0.0,,0.0,0.0,0.0
2021-09-13,364.0,0.0,0.0,0.0,0.0,364.0,0.0,0.0,0.0,0.0,808.9,364.0,15300.0,0.0,0.0,1600000000.0,1600000000.0,1600000000.0,0.0,0.0,,0.0,0.0,0.0
2021-09-14,364.0,0.0,0.0,0.0,0.0,364.0,0.0,0.0,0.0,0.0,808.9,362.0,24400.0,340.0,1000.0,1600000000.0,1600000000.0,1600000000.0,0.0,0.0,,0.0,0.0,0.0
2021-09-15,364.0,0.0,0.0,362.0,362.0,362.0,-2.0,10000.0,3620000.0,1.0,804.4,362.0,14400.0,0.0,0.0,1600000000.0,1600000000.0,1600000000.0,0.0,0.0,,0.0,0.0,0.0
2021-09-16,362.0,0.0,0.0,0.0,0.0,362.0,0.0,0.0,0.0,0.0,804.4,360.0,9900.0,0.0,0.0,1600000000.0,1600000000.0,1600000000.0,0.0,0.0,,0.0,0.0,0.0
2021-09-17,362.0,0.0,0.0,0.0,0.0,362.0,0.0,0.0,0.0,0.0,804.4,358.0,8800.0,0.0,0.0,1600000000.0,1600000000.0,1600000000.0,0.0,0.0,,0.0,0.0,0.0
2021-09-20,362.0,0.0,0.0,0.0,0.0,362.0,0.0,0.0,0.0,0.0,804.4,358.0,4700.0,0.0,0.0,1600000000.0,1600000000.0,1600000000.0,0.0,0.0,,0.0,0.0,0.0
2021-09-21,362.0,0.0,0.0,0.0,0.0,362.0,0.0,0.0,0.0,0.0,804.4,358.0,9700.0,0.0,0.0,1600000000.0,1600000000.0,1600000000.0,0.0,0.0,,0.0,0.0,0.0
2021-09-22,362.0,0.0,0.0,362.0,360.0,362.0,0.0,300.0,108400.0,3.0,804.4,360.0,9900.0,0.0,0.0,1600000000.0,1600000000.0,1600000000.0,0.0,0.0,,0.0,0.0,0.0
2021-09-23,362.0,0.0,0.0,362.0,362.0,362.0,0.0,20000.0,7240000.0,1.0,804.4,360.0,9900.0,0.0,0.0,1600000000.0,1600000000.0,1600000000.0,0.0,0.0,,4143600.0,1499983200.0,1.0
2021-09-24,362.0,0.0,0.0,362.0,338.0,362.0,0.0,21100.0,7625800.0,20.0,804.4,362.0,17200.0,0.0,0.0,1600000000.0,1600000000.0,1600000000.0,0.0,0.0,,0.0,0.0,0.0
2021-09-27,362.0,0.0,0.0,0.0,0.0,362.0,0.0,0.0,0.0,0.0,804.4,362.0,110200.0,0.0,0.0,1600000000.0,1600000000.0,1600000000.0,0.0,0.0,,0.0,0.0,0.0
2021-09-28,362.0,0.0,0.0,362.0,362.0,362.0,0.0,2000.0,724000.0,2.0,804.4,362.0,13000.0,338.0,200.0,1600000000.0,1600000000.0,1600000000.0,0.0,0.0,,0.0,0.0,0.0
2021-09-29,362.0,0.0,0.0,0.0,0.0,362.0,0.0,0.0,0.0,0.0,804.4,362.0,10100.0,0.0,0.0,1600000000.0,1600000000.0,1600000000.0,0.0,0.0,,10000000.0,3400000000.0,1.0
2021-09-30,362.0,0.0,0.0,0.0,0.0,362.0,0.0,0.0,0.0,0.0,804.4,362.0,10100.0,0.0,0.0,1600000000.0,1600000000.0,1600000000.0,0.0,0.0,,0.0,0.0,0.0
2021-10-01,362.0,0.0,0.0,0.0,0.0,362.0,0.0,0.0,0.0,0.0,804.4,362.0,40000.0,338.0,100.0,1600000000.0,1600000000.0,1222560000.0,0.0,0.0,,0.0,0.0,0.0
2021-10-04,362.0,0.0,0.0,362.0,362.0,362.0,0.0,200.0,72400.0,2.0,804.4,362.0,1800.0,0.0,0.0,1600000000.0,1600000000.0,1222560000.0,0.0,0.0,,0.0,0.0,0.0
2021-10-05,362.0,0.0,0.0,362.0,362.0,362.0,0.0,100.0,36200.0,1.0,804.4,360.0,20000.0,0.0,0.0,1600000000.0,1600000000.0,1222560000.0,0.0,0.0,,0.0,0.0,0.0
2021-10-06,362.0,0.0,0.0,0.0,0.0,362.0,0.0,0.0,0.0,0.0,804.4,362.0,1400.0,0.0,0.0,1600000000.0,1600000000.0,1222560000.0,0.0,0.0,,0.0,0.0,0.0
2021-10-07,362.0,0.0,0.0,384.0,384.0,384.0,22.0,20000.0,7680000.0,5.0,853.3,384.0,24500.0,344.0,100.0,1600000000.0,1600000000.0,1222560000.0,0.0,0.0,,0.0,0.0,0.0
2021-10-08,384.0,0.0,0.0,0.0,0.0,384.0,0.0,0.0,0.0,0.0,853.3,374.0,10000.0,0.0,0.0,1600000000.0,1600000000.0,1222560000.0,0.0,0.0,,0.0,0.0,0.0
2021-10-11,384.0,0.0,0.0,384.0,384.0,384.0,0.0,31900.0,12249600.0,7.0,853.3,378.0,20000.0,366.0,100.0,1600000000.0,1600000000.0,1222560000.0,0.0,0.0,,0.0,0.0,0.0
2021-10-12,384.0,0.0,0.0,382.0,382.0,382.0,-2.0,100.0,38200.0,1.0,848.9,380.0,200.0,0.0,0.0,1600000000.0,1600000000.0,1222560000.0,0.0,0.0,,0.0,0.0,0.0
2021-10-13,382.0,0.0,0.0,0.0,0.0,382.0,0.0,0.0,0.0,0.0,848.9,380.0,36800.0,0.0,0.0,1600000000.0,1600000000.0,1222560000.0,0.0,0.0,,0.0,0.0,0.0
2021-10-14,382.0,0.0,0.0,0.0,0.0,382.0,0.0,0.0,0.0,0.0,848.9,380.0,200.0,0.0,0.0,1600000000.0,1600000000.0,1222560000.0,0.0,0.0,,0.0,0.0,0.0
2021-10-15,382.0,0.0,0.0,362.0,356.0,356.0,-26.0,4400.0,1577400.0,14.0,791.1,356.0,4997100.0,0.0,0.0,1600000000.0,1600000000.0,1222560000.0,3900.0,0.0,,0.0,0.0,0.0
2021-10-18,356.0,0.0,0.0,354.0,332.0,332.0,-24.0,58500.0,19462800.0,16.0,737.8,332.0,4400.0,0.0,0.0,1600000000.0,1600000000.0,1222560000.0,300.0,0.0,,0.0,0.0,0.0
2021-10-19,332.0,0.0,0.0,346.0,314.0,346.0,14.0,44300.0,14623400.0,14.0,768.9,346.0,5500.0,322.0,100.0,1600000000.0,1600000000.0,1222560000.0,0.0,0.0,,0.0,0.0,0.0
2021-10-21,346.0,0.0,0.0,346.0,322.0,346.0,0.0,12200.0,4216200.0,12.0,768.9,346.0,25200.0,344.0,100.0,1600000000.0,1600000000.0,1222560000.0,5000.0,0.0,,0.0,0.0,0.0
2021-10-22,346.0,0.0,0.0,346.0,346.0,346.0,0.0,200.0,69200.0,2.0,768.9,344.0,20000.0,0.0,0.0,1600000000.0,1600000000.0,1222560000.0,200.0,0.0,,0.0,0.0,0.0
2021-10-25,346.0,0.0,0.0,346.0,346.0,346.0,0.0,200.0,69200.0,2.0,768.9,346.0,1100.0,344.0,200.0,1600000000.0,1600000000.0,1222560000.0,0.0,0.0,,0.0,0.0,0.0
2021-10-26,346.0,0.0,0.0,0.0,0.0,346.0,0.0,0.0,0.0,0.0,768.9,346.0,11200.0,340.0,100.0,1600000000.0,1600000000.0,1222560000.0,0.0,0.0,,0.0,0.0,0.0
2021-10-27,346.0,0.0,0.0,346.0,346.0,346.0,0.0,10000.0,3460000.0,3.0,768.9,346.0,11100.0,328.0,100.0,1600000000.0,1600000000.0,1222560000.0,0.0,0.0,,0.0,0.0,0.0
2021-10-28,346.0,0.0,0.0,350.0,350.0,350.0,4.0,10000.0,3500000.0,2.0,777.8,350.0,12100.0,0.0,0.0,1600000000.0,1600000000.0,1222560000.0,8000.0,0.0,,0.0,0.0,0.0
2021-10-29,350.0,0.0,0.0,348.0,328.0,344.0,-6.0,5300.0,1841600.0,4.0,764.4,346.0,100.0,330.0,100.0,1600000000.0,1600000000.0,1222560000.0,4900.0,0.0,,0.0,0.0,0.0
2021-11-01,344.0,0.0,0.0,372.0,344.0,344.0,0.0,65500.0,22620400.0,34.0,764.4,344.0,20900.0,340.0,30000.0,1600000000.0,1600000000.0,1222560000.0,45000.0,0.0,,0.0,0.0,0.0
2021-11-02,344.0,0.0,0.0,358.0,346.0,354.0,10.0,4600.0,1616000.0,16.0,786.7,354.0,4800.0,328.0,100.0,1600000000.0,1600000000.0,1222560000.0,0.0,0.0,,0.0,0.0,0.0
2021-11-03,354.0,0.0,0.0,354.0,334.0,348.0,-6.0,42900.0,14763000.0,27.0,773.3,348.0,9300.0,334.0,1300.0,1600000000.0,1600000000.0,1222560000.0,8100.0,0.0,,0.0,0.0,0.0
2021-11-04,348.0,0.0,0.0,350.0,328.0,348.0,0.0,10800.0,3755000.0,8.0,773.3,348.0,48900.0,332.0,100.0,1600000000.0,1600000000.0,1222560000.0,10000.0,0.0,,0.0,0.0,0.0
2021-11-05,348.0,0.0,0.0,350.0,326.0,348.0,0.0,6600.0,2284600.0,14.0,773.3,348.0,53700.0,328.0,300.0,1600000000.0,1600000000.0,1222560000.0,500.0,0.0,,0.0,0.0,0.0
2021-11-08,348.0,0.0,0.0,348.0,346.0,348.0,0.0,10500.0,3653800.0,6.0,773.3,348.0,43300.0,330.0,100.0,1600000000.0,1600000000.0,1222560000.0,6700.0,0.0,,0.0,0.0,0.0
2021-11-09,348.0,0.0,0.0,350.0,332.0,346.0,-2.0,23800.0,8150000.0,19.0,768.9,348.0,19000.0,330.0,100.0,1600000000.0,1600000000.0,1222560000.0,10800.0,0.0,,26489200.0,9271220000.0,1.0
2021-11-10,346.0,0.0,0.0,346.0,322.0,346.0,0.0,10300.0,3557600.0,5.0,768.9,346.0,40100.0,330.0,200.0,1600000000.0,1600000000.0,1222560000.0,9900.0,0.0,,0.0,0.0,0.0
2021-11-11,346.0,0.0,0.0,348.0,346.0,346.0,0.0,40300.0,13984400.0,3.0,768.9,348.0,100000.0,322.0,100.0,1600000000.0,1600000000.0,1222560000.0,20300.0,0.0,,0.0,0.0,0.0
2021-11-12,346.0,0.0,0.0,348.0,324.0,346.0,0.0,130400.0,44044200.0,122.0,768.9,346.0,100.0,330.0,300.0,1600000000.0,1600000000.0,1222560000.0,9100.0,0.0,,0.0,0.0,0.0
2021-11-15,346.0,0.0,0.0,348.0,346.0,346.0,0.0,40400.0,14019000.0,5.0,768.9,346.0,50000.0,330.0,100.0,1600000000.0,1600000000.0,1222560000.0,20200.0,0.0,,0.0,0.0,0.0
2021-11-16,346.0,0.0,0.0,0.0,0.0,346.0,0.0,0.0,0.0,0.0,768.9,346.0,40000.0,334.0,100.0,1600000000.0,1600000000.0,1222560000.0,0.0,0.0,,0.0,0.0,0.0
2021-11-17,346.0,0.0,0.0,348.0,346.0,346.0,0.0,20100.0,6994600.0,2.0,768.9,346.0,70000.0,332.0,25000.0,1600000000.0,1600000000.0,1222560000.0,20000.0,0.0,,0.0,0.0,0.0
2021-11-18,346.0,0.0,0.0,0.0,0.0,346.0,0.0,0.0,0.0,0.0,768.9,346.0,20100.0,336.0,25800.0,1600000000.0,1600000000.0,1222560000.0,0.0,0.0,,0.0,0.0,0.0
2021-11-19,346.0,0.0,0.0,346.0,336.0,346.0,0.0,400.0,136800.0,3.0,768.9,346.0,39800.0,338.0,100.0,1600000000.0,1600000000.0,1222560000.0,0.0,0.0,,0.0,0.0,0.0
2021-11-22,346.0,0.0,0.0,346.0,346.0,346.0,0.0,100.0,34600.0,1.0,768.9,346.0,39900.0,336.0,25000.0,1600000000.0,1600000000.0,1222560000.0,0.0,0.0,,0.0,0.0,0.0
2021-11-23,346.0,0.0,0.0,0.0,0.0,346.0,0.0,0.0,0.0,0.0,768.9,346.0,40300.0,336.0,25000.0,1600000000.0,1600000000.0,1222560000.0,0.0,0.0,,0.0,0.0,0.0
2021-11-24,346.0,0.0,0.0,342.0,336.0,342.0,-4.0,46900.0,15878400.0,7.0,760.0,342.0,3200.0,330.0,26600.0,1600000000.0,1600000000.0,1222560000.0,0.0,0.0,,0.0,0.0,0.0
2021-11-25,342.0,0.0,0.0,342.0,334.0,342.0,0.0,5100.0,1743400.0,4.0,760.0,342.0,2300.0,334.0,1600.0,1600000000.0,1600000000.0,1222560000.0,0.0,0.0,,0.0,0.0,0.0
2021-11-26,342.0,0.0,0.0,0.0,0.0,342.0,0.0,0.0,0.0,0.0,760.0,342.0,2300.0,332.0,100.0,1600000000.0,1600000000.0,1222560000.0,0.0,0.0,,0.0,0.0,0.0
2021-11-29,342.0,0.0,0.0,342.0,342.0,342.0,0.0,10000.0,3420000.0,2.0,760.0,342.0,12300.0,322.0,9900.0,1600000000.0,1600000000.0,1222560000.0,0.0,0.0,,0.0,0.0,0.0
2021-11-30,342.0,0.0,0.0,0.0,0.0,342.0,0.0,0.0,0.0,0.0,760.0,342.0,20000.0,326.0,100.0,1600000000.0,1600000000.0,1222560000.0,0.0,0.0,,0.0,0.0,0.0
2021-12-01,342.0,0.0,0.0,344.0,344.0,344.0,2.0,300.0,103200.0,2.0,764.4,424.0,100.0,342.0,100.0,1600000000.0,1600000000.0,1222560000.0,0.0,0.0,,0.0,0.0,0.0
2021-12-02,344.0,0.0,0.0,398.0,348.0,348.0,4.0,10800.0,3783400.0,6.0,773.3,348.0,400.0,344.0,500.0,1600000000.0,1600000000.0,1222560000.0,0.0,0.0,,3107300.0,1087555000.0,1.0
2021-12-03,348.0,0.0,0.0,0.0,0.0,348.0,0.0,0.0,0.0,0.0,773.3,348.0,100.0,0.0,0.0,1600000000.0,1600000000.0,1222560000.0,0.0,0.0,,0.0,0.0,0.0
2021-12-06,348.0,0.0,0.0,352.0,332.0,352.0,4.0,49000.0,17241200.0,13.0,782.2,352.0,1700.0,330.0,20000.0,1600000000.0,1600000000.0,1222560000.0,48300.0,0.0,,0.0,0.0,0.0
2021-12-07,352.0,0.0,0.0,354.0,330.0,352.0,0.0,40900.0,14232800.0,21.0,782.2,354.0,200.0,330.0,21800.0,1600000000.0,1600000000.0,1222560000.0,15900.0,0.0,,0.0,0.0,0.0
2021-12-08,352.0,0.0,0.0,352.0,330.0,352.0,0.0,31100.0,10751200.0,15.0,782.2,354.0,20000.0,340.0,100.0,1600000000.0,1600000000.0,1222560000.0,0.0,0.0,,0.0,0.0,0.0
2021-12-09,352.0,0.0,0.0,356.0,336.0,356.0,4.0,10400.0,3694400.0,7.0,791.1,356.0,67100.0,334.0,300.0,1600000000.0,1600000000.0,1222560000.0,4600.0,0.0,,0.0,0.0,0.0
2021-12-10,356.0,0.0,0.0,356.0,356.0,356.0,0.0,600.0,213600.0,6.0,791.1,356.0,46600.0,344.0,100.0,1600000000.0,1600000000.0,1222560000.0,0.0,0.0,,0.0,0.0,0.0
2021-12-13,356.0,0.0,0.0,0.0,0.0,356.0,0.0,0.0,0.0,0.0,791.1,356.0,13400.0,344.0,100.0,1600000000.0,1600000000.0,1222560000.0,0.0,0.0,,0.0,0.0,0.0
2021-12-14,356.0,0.0,0.0,0.0,0.0,356.0,0.0,0.0,0.0,0.0,791.1,354.0,20000.0,334.0,100.0,1600000000.0,1600000000.0,1222560000.0,0.0,0.0,,0.0,0.0,0.0
2021-12-15,356.0,0.0,0.0,356.0,336.0,354.0,-2.0,10800.0,3819000.0,6.0,786.7,354.0,5000.0,350.0,100.0,1600000000.0,1600000000.0,1222560000.0,0.0,0.0,,0.0,0.0,0.0
2021-12-16,354.0,0.0,0.0,440.0,348.0,440.0,86.0,153400.0,64264600.0,34.0,977.8,440.0,179100.0,390.0,700.0,1600000000.0,1600000000.0,1222560000.0,131200.0,0.0,,0.0,0.0,0.0
2021-12-17,440.0,0.0,0.0,440.0,410.0,410.0,-30.0,16500.0,7188000.0,18.0,911.1,410.0,29200.0,0.0,0.0,1600000000.0,1600000000.0,1222560000.0,11300.0,0.0,,34242500.0,14998215000.0,2.0
2021-12-20,410.0,0.0,0.0,410.0,382.0,382.0,-28.0,4800.0,1839200.0,12.0,848.9,382.0,82600.0,0.0,0.0,1600000000.0,1600000000.0,1222560000.0,200.0,0.0,,0.0,0.0,0.0
2021-12-21,382.0,0.0,0.0,382.0,356.0,376.0,-6.0,63600.0,23309000.0,47.0,835.6,376.0,126300.0,368.0,100.0,1600000000.0,1600000000.0,1222560000.0,13300.0,0.0,,0.0,0.0,0.0
2021-12-22,376.0,0.0,0.0,376.0,350.0,370.0,-6.0,94400.0,33970200.0,37.0,822.2,370.0,400.0,350.0,200.0,1600000000.0,1600000000.0,1222560000.0,25100.0,0.0,,0.0,0.0,0.0
2021-12-23,370.0,0.0,0.0,364.0,350.0,360.0,-10.0,75700.0,27090200.0,20.0,800.0,360.0,7800.0,350.0,200.0,1600000000.0,1600000000.0,1222560000.0,5000.0,0.0,,0.0,0.0,0.0
2021-12-24,360.0,0.0,0.0,358.0,350.0,358.0,-2.0,36100.0,12827600.0,18.0,795.6,358.0,23000.0,350.0,14800.0,1600000000.0,1600000000.0,1222560000.0,0.0,0.0,,0.0,0.0,0.0
2021-12-27,358.0,0.0,0.0,352.0,336.0,336.0,-22.0,86000.0,29174600.0,11.0,746.7,336.0,2400.0,0.0,0.0,1600000000.0,1600000000.0,1222560000.0,0.0,0.0,,0.0,0.0,0.0
2021-12-28,336.0,0.0,0.0,336.0,318.0,336.0,0.0,14200.0,4725400.0,17.0,746.7,336.0,11400.0,322.0,700.0,1600000000.0,1600000000.0,1222560000.0,0.0,0.0,,0.0,0.0,0.0
2021-12-29,336.0,0.0,0.0,354.0,316.0,354.0,18.0,44500.0,15146800.0,23.0,786.7,354.0,23100.0,322.0,200.0,1600000000.0,1600000000.0,1222560000.0,0.0,0.0,,0.0,0.0,0.0
2021-12-30,354.0,0.0,0.0,354.0,332.0,354.0,0.0,33500.0,11848600.0,19.0,786.7,354.0,57700.0,334.0,100.0,1600000000.0,1600000000.0,1222560000.0,0.0,0.0,,0.0,0.0,0.0
2022-01-03,354.0,0.0,0.0,364.0,330.0,364.0,10.0,92000.0,32198800.0,38.0,808.9,364.0,5000.0,0.0,0.0,1600000000.0,1600000000.0,844960000.0,0.0,0.0,,0.0,0.0,0.0
2022-01-04,364.0,0.0,0.0,364.0,342.0,350.0,-14.0,66200.0,22979800.0,44.0,777.8,350.0,2100.0,340.0,15000.0,1600000000.0,1600000000.0,844960000.0,0.0,0.0,,0.0,0.0,0.0
2022-01-05,350.0,0.0,0.0,348.0,332.0,348.0,-2.0,5500.0,1911200.0,11.0,773.3,348.0,700.0,336.0,100.0,1600000000.0,1600000000.0,844960000.0,0.0,0.0,,0.0,0.0,0.0
2022-01-06,348.0,0.0,0.0,346.0,332.0,346.0,-2.0,22600.0,7792000.0,7.0,768.9,346.0,32200.0,330.0,10100.0,1600000000.0,1600000000.0,844960000.0,17800.0,0.0,,0.0,0.0,0.0
2022-01-07,346.0,0.0,0.0,0.0,0.0,346.0,0.0,0.0,0.0,0.0,768.9,344.0,500.0,324.0,200.0,1600000000.0,1600000000.0,844960000.0,0.0,0.0,,0.0,0.0,0.0
2022-01-10,346.0,0.0,0.0,0.0,0.0,346.0,0.0,0.0,0.0,0.0,768.9,344.0,1000.0,326.0,20000.0,1600000000.0,1600000000.0,844960000.0,0.0,0.0,,0.0,0.0,0.0
2022-01-11,346.0,0.0,0.0,346.0,338.0,346.0,0.0,20100.0,6953800.0,3.0,768.9,346.0,30500.0,336.0,100.0,1600000000.0,1600000000.0,844960000.0,19500.0,0.0,,0.0,0.0,0.0
2022-01-12,346.0,0.0,0.0,346.0,336.0,346.0,0.0,20400.0,7055600.0,9.0,768.9,346.0,31400.0,336.0,100.0,1600000000.0,1600000000.0,844960000.0,18600.0,0.0,,0.0,0.0,0.0
2022-01-13,346.0,0.0,0.0,346.0,338.0,346.0,0.0,23400.0,8090000.0,10.0,768.9,346.0,28700.0,322.0,20000.0,1600000000.0,1600000000.0,844960000.0,21800.0,0.0,,0.0,0.0,0.0
2022-01-14,346.0,0.0,0.0,0.0,0.0,346.0,0.0,0.0,0.0,0.0,768.9,344.0,1000.0,322.0,20000.0,1600000000.0,1600000000.0,844960000.0,0.0,0.0,,0.0,0.0,0.0
2022-01-17,346.0,0.0,0.0,346.0,336.0,346.0,0.0,15100.0,5189200.0,11.0,768.9,364.0,1000.0,324.0,100.0,1600000000.0,1600000000.0,844960000.0,3900.0,0.0,,0.0,0.0,0.0
2022-01-18,346.0,0.0,0.0,346.0,338.0,346.0,0.0,20300.0,7022200.0,5.0,768.9,364.0,1000.0,338.0,100.0,1600000000.0,1600000000.0,844960000.0,19900.0,0.0,,0.0,0.0,0.0
2022-01-19,346.0,0.0,0.0,344.0,324.0,344.0,-2.0,24600.0,8230200.0,8.0,764.4,348.0,1000.0,330.0,100.0,1600000000.0,1600000000.0,844960000.0,0.0,0.0,,0.0,0.0,0.0
2022-01-20,344.0,0.0,0.0,348.0,338.0,348.0,4.0,10100.0,3513800.0,3.0,773.3,348.0,5300.0,336.0,2000.0,1600000000.0,1600000000.0,844960000.0,0.0,0.0,,0.0,0.0,0.0
2022-01-21,348.0,0.0,0.0,0.0,0.0,348.0,0.0,0.0,0.0,0.0,773.3,348.0,3200.0,324.0,15000.0,1600000000.0,1600000000.0,844960000.0,0.0,0.0,,0.0,0.0,0.0
2022-01-24,348.0,0.0,0.0,0.0,0.0,348.0,0.0,0.0,0.0,0.0,773.3,348.0,2300.0,330.0,11100.0,1600000000.0,1600000000.0,844960000.0,0.0,0.0,,0.0,0.0,0.0
2022-01-25,348.0,0.0,0.0,0.0,0.0,348.0,0.0,0.0,0.0,0.0,773.3,348.0,30400.0,324.0,15000.0,1600000000.0,1600000000.0,844960000.0,0.0,0.0,,0.0,0.0,0.0
2022-01-26,348.0,0.0,0.0,430.0,334.0,358.0,10.0,49000.0,18917600.0,100.0,795.6,358.0,10900.0,340.0,100.0,1600000000.0,1600000000.0,844960000.0,500.0,500.0,,0.0,0.0,0.0
2022-01-27,358.0,0.0,0.0,358.0,338.0,358.0,0.0,24800.0,8627200.0,53.0,795.6,358.0,17600.0,338.0,300.0,1600000000.0,1600000000.0,844960000.0,0.0,0.0,,0.0,0.0,0.0
2022-01-28,358.0,0.0,0.0,356.0,346.0,346.0,-12.0,1900.0,663800.0,11.0,768.9,344.0,700.0,340.0,12000.0,1600000000.0,1600000000.0,844960000.0,0.0,0.0,,0.0,0.0,0.0
2022-01-31,346.0,0.0,0.0,352.0,338.0,352.0,6.0,24100.0,8458000.0,9.0,782.2,364.0,1000.0,338.0,500.0,1600000000.0,1600000000.0,844960000.0,0.0,0.0,,0.0,0.0,0.0
2022-02-02,352.0,0.0,0.0,352.0,352.0,352.0,0.0,30500.0,10736000.0,4.0,782.2,350.0,20000.0,342.0,100.0,1600000000.0,1600000000.0,844960000.0,0.0,0.0,,0.0,0.0,0.0
2022-02-03,352.0,0.0,0.0,0.0,0.0,352.0,0.0,0.0,0.0,0.0,782.2,350.0,50000.0,342.0,100.0,1600000000.0,1600000000.0,844960000.0,0.0,0.0,,0.0,0.0,0.0
2022-02-04,352.0,0.0,0.0,350.0,340.0,350.0,-2.0,11500.0,4010000.0,5.0,777.8,350.0,51500.0,340.0,6200.0,1600000000.0,1600000000.0,844960000.0,0.0,0.0,,0.0,0.0,0.0
2022-02-07,350.0,0.0,0.0,350.0,350.0,350.0,0.0,400.0,140000.0,1.0,777.8,350.0,30800.0,336.0,15000.0,1600000000.0,1600000000.0,844960000.0,0.0,0.0,,0.0,0.0,0.0
2022-02-08,350.0,0.0,0.0,348.0,340.0,348.0,-2.0,20600.0,7165000.0,8.0,773.3,348.0,6000.0,342.0,500.0,1600000000.0,1600000000.0,844960000.0,0.0,0.0,,0.0,0.0,0.0
2022-02-09,348.0,0.0,0.0,350.0,340.0,350.0,2.0,300.0,103000.0,2.0,777.8,350.0,20900.0,336.0,11100.0,1600000000.0,1600000000.0,844960000.0,0.0,0.0,,0.0,0.0,0.0
2022-02-10,350.0,0.0,0.0,352.0,340.0,350.0,0.0,14300.0,4965600.0,13.0,777.8,350.0,17800.0,336.0,12000.0,1600000000.0,1600000000.0,844960000.0,0.0,0.0,,0.0,0.0,0.0
2022-02-11,350.0,0.0,0.0,0.0,0.0,350.0,0.0,0.0,0.0,0.0,777.8,350.0,25300.0,336.0,10000.0,1600000000.0,1600000000.0,844960000.0,0.0,0.0,,0.0,0.0,0.0
2022-02-14,350.0,0.0,0.0,348.0,340.0,348.0,-2.0,12000.0,4160000.0,6.0,773.3,350.0,14400.0,340.0,1000.0,1600000000.0,1600000000.0,844960000.0,0.0,0.0,,0.0,0.0,0.0
2022-02-15,348.0,0.0,0.0,340.0,336.0,340.0,-8.0,31600.0,10676200.0,18.0,755.6,340.0,6300.0,330.0,15500.0,1600000000.0,1600000000.0,844960000.0,0.0,0.0,,0.0,0.0,0.0
2022-02-16,340.0,0.0,0.0,342.0,340.0,342.0,2.0,5700.0,1948000.0,7.0,760.0,342.0,200.0,336.0,11100.0,1600000000.0,1600000000.0,844960000.0,0.0,0.0,,0.0,0.0,0.0
2022-02-17,342.0,0.0,0.0,342.0,342.0,342.0,0.0,8100.0,2770200.0,5.0,760.0,344.0,5000.0,336.0,12200.0,1600000000.0,1600000000.0,844960000.0,0.0,0.0,,0.0,0.0,0.0
2022-02-18,342.0,0.0,0.0,346.0,336.0,346.0,4.0,10800.0,3730600.0,9.0,768.9,346.0,7100.0,336.0,10600.0,1600000000.0,1600000000.0,844960000.0,0.0,0.0,,0.0,0.0,0.0
2022-02-21,346.0,0.0,0.0,346.0,338.0,346.0,0.0,4900.0,1694600.0,5.0,768.9,348.0,16500.0,336.0,15000.0,1600000000.0,1600000000.0,844960000.0,0.0,0.0,,0.0,0.0,0.0
2022-02-22,346.0,0.0,0.0,350.0,338.0,350.0,4.0,20200.0,7068200.0,8.0,777.8,350.0,18800.0,338.0,2500.0,1600000000.0,1600000000.0,844960000.0,0.0,0.0,,0.0,0.0,0.0
2022-02-23,350.0,0.0,0.0,350.0,350.0,350.0,0.0,2200.0,770000.0,2.0,777.8,350.0,17900.0,338.0,2000.0,1600000000.0,1600000000.0,844960000.0,0.0,0.0,,0.0,0.0,0.0
2022-02-24,350.0,0.0,0.0,354.0,336.0,350.0,0.0,25600.0,9010200.0,12.0,777.8,350.0,8200.0,336.0,13800.0,1600000000.0,1600000000.0,844960000.0,0.0,0.0,,0.0,0.0,0.0
2022-02-25,350.0,0.0,0.0,350.0,330.0,348.0,-2.0,33500.0,11232400.0,13.0,773.3,348.0,10200.0,330.0,1100.0,1600000000.0,1600000000.0,844960000.0,0.0,0.0,,0.0,0.0,0.0
2022-03-01,348.0,0.0,0.0,348.0,332.0,348.0,0.0,51900.0,17590000.0,25.0,773.3,348.0,10300.0,332.0,400.0,1600000000.0,1600000000.0,844960000.0,0.0,0.0,,0.0,0.0,0.0
2022-03-02,348.0,0.0,0.0,338.0,332.0,332.0,-16.0,64800.0,21642600.0,22.0,737.8,348.0,400.0,330.0,100.0,1600000000.0,1600000000.0,844960000.0,0.0,0.0,,0.0,0.0,0.0
2022-03-04,332.0,0.0,0.0,350.0,338.0,350.0,18.0,15800.0,5460400.0,10.0,777.8,350.0,22300.0,326.0,100.0,1600000000.0,1600000000.0,844960000.0,0.0,0.0,,0.0,0.0,0.0
2022-03-07,350.0,0.0,0.0,350.0,350.0,350.0,0.0,300.0,105000.0,2.0,777.8,346.0,3800.0,336.0,1000.0,1600000000.0,1600000000.0,844960000.0,0.0,0.0,,0.0,0.0,0.0
2022-03-08,350.0,0.0,0.0,0.0,0.0,350.0,0.0,0.0,0.0,0.0,777.8,346.0,1800.0,338.0,1000.0,1600000000.0,1600000000.0,844960000.0,0.0,0.0,,0.0,0.0,0.0
2022-03-09,350.0,0.0,0.0,348.0,334.0,336.0,-14.0,9100.0,3060600.0,6.0,746.7,342.0,200.0,336.0,1500.0,1600000000.0,1600000000.0,844960000.0,0.0,0.0,,0.0,0.0,0.0
2022-03-10,336.0,0.0,0.0,348.0,336.0,348.0,12.0,5900.0,2049400.0,6.0,773.3,348.0,18700.0,326.0,10000.0,1600000000.0,1600000000.0,844960000.0,0.0,0.0,,0.0,0.0,0.0
2022-03-11,348.0,0.0,0.0,350.0,338.0,348.0,0.0,10400.0,3618600.0,4.0,773.3,348.0,10000.0,338.0,10000.0,1600000000.0,1600000000.0,844960000.0,0.0,0.0,,0.0,0.0,0.0
2022-03-14,348.0,0.0,0.0,342.0,332.0,342.0,-6.0,99700.0,33613400.0,18.0,760.0,344.0,5000.0,324.0,10000.0,1600000000.0,1600000000.0,844960000.0,0.0,0.0,,0.0,0.0,0.0
2022-03-15,342.0,0.0,0.0,340.0,330.0,340.0,-2.0,95000.0,31822800.0,30.0,755.6,340.0,2700.0,324.0,100.0,1600000000.0,1600000000.0,844960000.0,0.0,0.0,,0.0,0.0,0.0
2022-03-16,340.0,0.0,0.0,338.0,330.0,338.0,-2.0,21000.0,7058000.0,10.0,751.1,340.0,5500.0,332.0,100.0,1600000000.0,1600000000.0,844960000.0,0.0,0.0,,0.0,0.0,0.0
2022-03-17,338.0,0.0,0.0,336.0,330.0,334.0,-4.0,81900.0,27254400.0,16.0,742.2,334.0,16300.0,320.0,12200.0,1600000000.0,1600000000.0,844960000.0,0.0,0.0,,0.0,0.0,0.0
2022-03-18,334.0,0.0,0.0,338.0,334.0,338.0,4.0,10500.0,3530000.0,6.0,751.1,336.0,11300.0,332.0,100.0,1600000000.0,1600000000.0,844960000.0,0.0,0.0,,0.0,0.0,0.0
2022-03-21,338.0,0.0,0.0,332.0,330.0,332.0,-6.0,15000.0,4970000.0,5.0,737.8,336.0,6000.0,324.0,200.0,1600000000.0,1600000000.0,844960000.0,15000.0,0.0,,0.0,0.0,0.0
2022-03-22,332.0,0.0,0.0,336.0,328.0,332.0,0.0,50300.0,16878200.0,17.0,737.8,334.0,1900.0,316.0,200.0,1600000000.0,1600000000.0,844960000.0,29000.0,0.0,,0.0,0.0,0.0
2022-03-23,332.0,0.0,0.0,332.0,328.0,332.0,0.0,5300.0,1759200.0,6.0,737.8,332.0,1800.0,330.0,100.0,1600000000.0,1600000000.0,844960000.0,0.0,0.0,,0.0,0.0,0.0
2022-03-24,332.0,0.0,0.0,332.0,332.0,332.0,0.0,2000.0,664000.0,2.0,737.8,332.0,5300.0,328.0,100.0,1600000000.0,1600000000.0,844960000.0,0.0,0.0,,0.0,0.0,0.0
2022-03-25,332.0,0.0,0.0,334.0,332.0,334.0,2.0,2200.0,734400.0,4.0,742.2,334.0,3700.0,326.0,15000.0,1600000000.0,1600000000.0,844960000.0,1400.0,0.0,,0.0,0.0,0.0
2022-03-28,334.0,0.0,0.0,0.0,0.0,334.0,0.0,0.0,0.0,0.0,742.2,332.0,100.0,328.0,100.0,1600000000.0,1600000000.0,844960000.0,0.0,0.0,,0.0,0.0,0.0
2022-03-29,334.0,0.0,0.0,348.0,312.0,348.0,14.0,18200.0,6109600.0,20.0,773.3,348.0,2900.0,320.0,200.0,1600000000.0,1600000000.0,844960000.0,0.0,0.0,,0.0,0.0,0.0
2022-03-30,348.0,0.0,0.0,0.0,0.0,348.0,0.0,0.0,0.0,0.0,773.3,346.0,500.0,336.0,200.0,1600000000.0,1600000000.0,844960000.0,0.0,0.0,,0.0,0.0,0.0
2022-03-31,348.0,0.0,0.0,356.0,324.0,352.0,4.0,6500.0,2273200.0,11.0,782.2,352.0,10100.0,336.0,1000.0,1600000000.0,1600000000.0,844960000.0,0.0,0.0,,0.0,0.0,0.0
2022-04-01,352.0,0.0,0.0,340.0,332.0,340.0,-12.0,7100.0,2392200.0,19.0,755.6,340.0,4200.0,332.0,14000.0,1600000000.0,1600000000.0,341760000.0,0.0,0.0,,0.0,0.0,0.0
2022-04-04,340.0,0.0,0.0,340.0,330.0,340.0,0.0,3200.0,1076000.0,7.0,755.6,340.0,200.0,320.0,1000.0,1600000000.0,1600000000.0,341760000.0,0.0,0.0,,0.0,0.0,0.0
2022-04-05,340.0,0.0,0.0,348.0,330.0,348.0,8.0,10600.0,3680600.0,10.0,773.3,348.0,7700.0,328.0,100.0,1600000000.0,1600000000.0,341760000.0,0.0,0.0,,0.0,0.0,0.0
2022-04-06,348.0,0.0,0.0,350.0,332.0,340.0,-8.0,50300.0,16943200.0,17.0,755.6,340.0,3000.0,332.0,200.0,1600000000.0,1600000000.0,341760000.0,0.0,0.0,,0.0,0.0,0.0
2022-04-07,340.0,0.0,0.0,348.0,338.0,348.0,8.0,7300.0,2522400.0,10.0,773.3,348.0,28500.0,0.0,0.0,1600000000.0,1600000000.0,341760000.0,0.0,0.0,,0.0,0.0,0.0
2022-04-08,348.0,0.0,0.0,350.0,342.0,350.0,2.0,10300.0,3604200.0,11.0,777.8,350.0,3900.0,340.0,200.0,1600000000.0,1600000000.0,341760000.0,0.0,0.0,,0.0,0.0,0.0
2022-04-11,350.0,0.0,0.0,348.0,336.0,336.0,-14.0,10200.0,3433800.0,9.0,746.7,340.0,5500.0,0.0,0.0,1600000000.0,1600000000.0,341760000.0,0.0,0.0,,0.0,0.0,0.0
2022-04-12,336.0,0.0,0.0,336.0,336.0,336.0,0.0,200.0,67200.0,1.0,746.7,336.0,3500.0,332.0,15000.0,1600000000.0,1600000000.0,341760000.0,0.0,0.0,,0.0,0.0,0.0
2022-04-13,336.0,0.0,0.0,340.0,318.0,330.0,-6.0,55700.0,18224000.0,12.0,733.3,334.0,10000.0,324.0,100.0,1600000000.0,1600000000.0,341760000.0,0.0,0.0,,5882400.0,2000016000.0,1.0
2022-04-14,330.0,0.0,0.0,330.0,324.0,324.0,-6.0,14400.0,4666200.0,5.0,720.0,330.0,4900.0,324.0,1500.0,1600000000.0,1600000000.0,341760000.0,0.0,0.0,,0.0,0.0,0.0
2022-04-18,324.0,0.0,0.0,336.0,334.0,336.0,12.0,17300.0,5782200.0,8.0,746.7,336.0,400.0,316.0,100.0,1600000000.0,1600000000.0,341760000.0,0.0,0.0,,0.0,0.0,0.0
2022-04-19,336.0,0.0,0.0,336.0,332.0,336.0,0.0,10000.0,3320400.0,2.0,746.7,334.0,2000.0,318.0,100.0,1600000000.0,1600000000.0,341760000.0,0.0,0.0,,0.0,0.0,0.0
2022-04-20,336.0,0.0,0.0,336.0,336.0,336.0,0.0,14000.0,4704000.0,1.0,746.7,334.0,3000.0,320.0,15600.0,1600000000.0,1600000000.0,341760000.0,0.0,0.0,,4143600.0,1392249600.0,1.0
2022-04-21,336.0,0.0,0.0,334.0,320.0,320.0,-16.0,12700.0,4065400.0,2.0,711.1,336.0,5800.0,322.0,100.0,1600000000.0,1600000000.0,341760000.0,0.0,0.0,,0.0,0.0,0.0
2022-04-22,320.0,0.0,0.0,320.0,320.0,320.0,0.0,200.0,64000.0,2.0,711.1,338.0,100.0,324.0,100.0,1600000000.0,1600000000.0,341760000.0,0.0,0.0,,0.0,0.0,0.0
2022-04-25,320.0,0.0,0.0,350.0,322.0,350.0,30.0,5100.0,1782200.0,4.0,777.8,350.0,7600.0,320.0,100.0,1600000000.0,1600000000.0,341760000.0,0.0,0.0,,0.0,0.0,0.0
2022-04-26,350.0,0.0,0.0,350.0,344.0,346.0,-4.0,7300.0,2526800.0,10.0,768.9,346.0,3700.0,330.0,100.0,1600000000.0,1600000000.0,341760000.0,0.0,0.0,,0.0,0.0,0.0
2022-04-27,346.0,0.0,0.0,344.0,322.0,322.0,-24.0,26200.0,8867800.0,33.0,715.6,330.0,1000.0,322.0,14900.0,1600000000.0,1600000000.0,341760000.0,0.0,0.0,,32250200.0,11029568400.0,1.0
2022-04-28,322.0,0.0,0.0,330.0,330.0,330.0,8.0,300.0,99000.0,3.0,733.3,330.0,2900.0,326.0,1100.0,1600000000.0,1600000000.0,341760000.0,0.0,0.0,,0.0,0.0,0.0
2022-05-09,330.0,0.0,0.0,334.0,326.0,326.0,-4.0,2100.0,693000.0,3.0,724.4,330.0,13000.0,320.0,300.0,1600000000.0,1600000000.0,341760000.0,0.0,0.0,,0.0,0.0,0.0
2022-05-10,326.0,0.0,0.0,326.0,326.0,326.0,0.0,12900.0,4205400.0,1.0,724.4,338.0,100.0,320.0,1300.0,1600000000.0,1600000000.0,341760000.0,0.0,0.0,,0.0,0.0,0.0
2022-05-11,326.0,0.0,0.0,326.0,324.0,324.0,-2.0,600.0,195400.0,2.0,720.0,328.0,500.0,324.0,200.0,1600000000.0,1600000000.0,341760000.0,0.0,0.0,,29607500.0,9652045000.0,1.0
2022-05-12,324.0,0.0,0.0,0.0,0.0,324.0,0.0,0.0,0.0,0.0,720.0,326.0,500.0,320.0,300.0,1600000000.0,1600000000.0,341760000.0,0.0,0.0,,0.0,0.0,0.0
2022-05-13,324.0,0.0,0.0,0.0,0.0,324.0,0.0,0.0,0.0,0.0,720.0,324.0,4700.0,320.0,400.0,1600000000.0,1600000000.0,341760000.0,0.0,0.0,,0.0,0.0,0.0
2022-05-17,324.0,0.0,0.0,334.0,318.0,318.0,-6.0,1100.0,356200.0,4.0,706.7,334.0,1000.0,320.0,100.0,1600000000.0,1600000000.0,341760000.0,0.0,0.0,,0.0,0.0,0.0
2022-05-18,318.0,0.0,0.0,312.0,312.0,312.0,-6.0,1000.0,312000.0,1.0,693.3,350.0,10000.0,312.0,14200.0,1600000000.0,1600000000.0,341760000.0,0.0,0.0,,0.0,0.0,0.0
2022-05-19,312.0,0.0,0.0,0.0,0.0,312.0,0.0,0.0,0.0,0.0,693.3,346.0,10100.0,320.0,100.0,1600000000.0,1600000000.0,341760000.0,0.0,0.0,,0.0,0.0,0.0
2022-05-20,312.0,0.0,0.0,346.0,346.0,346.0,34.0,2000.0,692000.0,2.0,768.9,346.0,11600.0,314.0,200.0,1600000000.0,1600000000.0,341760000.0,0.0,0.0,,0.0,0.0,0.0
2022-05-23,346.0,0.0,0.0,0.0,0.0,346.0,0.0,0.0,0.0,0.0,768.9,338.0,100.0,324.0,200.0,1600000000.0,1600000000.0,341760000.0,0.0,0.0,,0.0,0.0,0.0
2022-05-24,346.0,0.0,0.0,342.0,338.0,340.0,-6.0,800.0,273000.0,3.0,755.6,340.0,2900.0,326.0,100.0,1600000000.0,1600000000.0,341760000.0,0.0,0.0,,0.0,0.0,0.0
2022-05-25,340.0,0.0,0.0,322.0,318.0,322.0,-18.0,300.0,95800.0,2.0,715.6,340.0,1800.0,324.0,200.0,1600000000.0,1600000000.0,341760000.0,0.0,0.0,,0.0,0.0,0.0
2022-05-27,322.0,0.0,0.0,350.0,322.0,350.0,28.0,6100.0,2132200.0,4.0,777.8,350.0,7700.0,322.0,100.0,1600000000.0,1600000000.0,341760000.0,0.0,0.0,,0.0,0.0,0.0
2022-05-30,350.0,0.0,0.0,350.0,330.0,350.0,0.0,27900.0,9686800.0,31.0,777.8,350.0,5200.0,328.0,100.0,1600000000.0,1600000000.0,341760000.0,0.0,0.0,,28360100.0,9869314800.0,1.0
2022-05-31,350.0,0.0,0.0,350.0,326.0,350.0,0.0,24800.0,8445800.0,42.0,777.8,350.0,5000.0,342.0,400.0,1600000000.0,1600000000.0,341760000.0,0.0,0.0,,14450900.0,5000011400.0,1.0
2022-06-02,350.0,0.0,0.0,0.0,0.0,350.0,0.0,0.0,0.0,0.0,777.8,348.0,600.0,344.0,100.0,1600000000.0,1600000000.0,341760000.0,0.0,0.0,,0.0,0.0,0.0
2022-06-03,350.0,0.0,0.0,0.0,0.0,350.0,0.0,0.0,0.0,0.0,777.8,348.0,10200.0,332.0,100.0,1600000000.0,1600000000.0,341760000.0,0.0,0.0,,0.0,0.0,0.0
2022-06-06,350.0,0.0,0.0,350.0,350.0,350.0,0.0,300.0,105000.0,1.0,777.8,348.0,19900.0,334.0,100.0,1600000000.0,1600000000.0,341760000.0,0.0,0.0,,0.0,0.0,0.0
2022-06-07,350.0,0.0,0.0,350.0,328.0,350.0,0.0,2600.0,903400.0,9.0,777.8,350.0,7600.0,332.0,100.0,1600000000.0,1600000000.0,341760000.0,0.0,0.0,,0.0,0.0,0.0
2022-06-08,350.0,0.0,0.0,348.0,330.0,348.0,-2.0,800.0,273400.0,7.0,773.3,348.0,800.0,332.0,100.0,1600000000.0,1600000000.0,341760000.0,0.0,0.0,,0.0,0.0,0.0
2022-06-09,348.0,0.0,0.0,348.0,342.0,348.0,0.0,1100.0,382200.0,2.0,773.3,348.0,9100.0,342.0,100.0,1600000000.0,1600000000.0,341760000.0,0.0,0.0,,0.0,0.0,0.0
2022-06-10,348.0,0.0,0.0,348.0,326.0,348.0,0.0,400.0,137000.0,4.0,773.3,346.0,200.0,324.0,15500.0,1600000000.0,1600000000.0,341760000.0,0.0,0.0,,0.0,0.0,0.0
2022-06-13,348.0,0.0,0.0,348.0,346.0,348.0,0.0,3900.0,1357000.0,6.0,773.3,354.0,100.0,324.0,15000.0,1600000000.0,1600000000.0,341760000.0,0.0,0.0,,0.0,0.0,0.0
2022-06-14,348.0,0.0,0.0,0.0,0.0,348.0,0.0,0.0,0.0,0.0,773.3,348.0,1900.0,330.0,100.0,1600000000.0,1600000000.0,341760000.0,0.0,0.0,,0.0,0.0,0.0
2022-06-15,348.0,0.0,0.0,0.0,0.0,348.0,0.0,0.0,0.0,0.0,773.3,348.0,106200.0,324.0,15900.0,1600000000.0,1600000000.0,341760000.0,0.0,0.0,,0.0,0.0,0.0
2022-06-16,348.0,0.0,0.0,348.0,324.0,348.0,0.0,10300.0,3582000.0,5.0,773.3,348.0,95000.0,326.0,300.0,1600000000.0,1600000000.0,341760000.0,0.0,0.0,,0.0,0.0,0.0
2022-06-17,348.0,0.0,0.0,342.0,340.0,340.0,-8.0,1000.0,341000.0,2.0,755.6,348.0,1000.0,342.0,100.0,1600000000.0,1600000000.0,341760000.0,0.0,0.0,,0.0,0.0,0.0
2022-06-20,340.0,0.0,0.0,342.0,342.0,342.0,2.0,100.0,34200.0,1.0,760.0,348.0,100.0,342.0,100.0,1600000000.0,1600000000.0,341760000.0,0.0,0.0,,0.0,0.0,0.0
2022-06-21,342.0,0.0,0.0,350.0,322.0,350.0,8.0,4200.0,1431200.0,11.0,777.8,350.0,3600.0,324.0,500.0,1600000000.0,1600000000.0,341760000.0,0.0,0.0,,0.0,0.0,0.0
2022-06-22,350.0,0.0,0.0,336.0,326.0,336.0,-14.0,6000.0,1986000.0,10.0,746.7,336.0,1200.0,326.0,15700.0,1600000000.0,1600000000.0,341760000.0,0.0,0.0,,0.0,0.0,0.0
2022-06-23,336.0,0.0,0.0,342.0,342.0,342.0,6.0,500.0,171000.0,4.0,760.0,342.0,1000.0,324.0,300.0,1600000000.0,1600000000.0,341760000.0,0.0,0.0,,0.0,0.0,0.0
2022-06-24,342.0,0.0,0.0,350.0,338.0,350.0,8.0,8400.0,2938800.0,8.0,777.8,354.0,1600.0,326.0,100.0,1600000000.0,1600000000.0,341760000.0,0.0,0.0,,0.0,0.0,0.0
2022-06-27,350.0,0.0,0.0,350.0,328.0,350.0,0.0,2900.0,999600.0,9.0,777.8,350.0,200.0,328.0,1100.0,1600000000.0,1600000000.0,341760000.0,0.0,0.0,,0.0,0.0,0.0
2022-06-28,350.0,0.0,0.0,354.0,326.0,350.0,0.0,10600.0,3617000.0,26.0,777.8,350.0,198800.0,330.0,300.0,1600000000.0,1600000000.0,341760000.0,0.0,0.0,,0.0,0.0,0.0
2022-06-29,350.0,0.0,0.0,350.0,328.0,348.0,-2.0,6000.0,2042600.0,10.0,773.3,348.0,2500.0,326.0,15000.0,1600000000.0,1600000000.0,341760000.0,0.0,0.0,,0.0,0.0,0.0
2022-06-30,348.0,0.0,0.0,352.0,348.0,352.0,4.0,300.0,104800.0,2.0,782.2,352.0,13000.0,324.0,15500.0,1600000000.0,1600000000.0,341760000.0,0.0,0.0,,0.0,0.0,0.0
2022-07-01,352.0,0.0,0.0,352.0,330.0,350.0,-2.0,13200.0,4546200.0,15.0,777.8,350.0,8700.0,330.0,200.0,1600000000.0,1600000000.0,341440000.0,0.0,0.0,,0.0,0.0,0.0
2022-07-04,350.0,0.0,0.0,350.0,350.0,350.0,0.0,700.0,245000.0,2.0,777.8,350.0,9400.0,0.0,0.0,1600000000.0,1600000000.0,341440000.0,0.0,0.0,,0.0,0.0,0.0
2022-07-05,350.0,0.0,0.0,350.0,348.0,348.0,-2.0,1300.0,453000.0,2.0,773.3,348.0,7100.0,0.0,0.0,1600000000.0,1600000000.0,341440000.0,0.0,0.0,,0.0,0.0,0.0
2022-07-06,348.0,0.0,0.0,0.0,0.0,348.0,0.0,0.0,0.0,0.0,773.3,348.0,7100.0,0.0,0.0,1600000000.0,1600000000.0,341440000.0,0.0,0.0,,0.0,0.0,0.0
2022-07-07,348.0,0.0,0.0,348.0,324.0,348.0,0.0,10800.0,3753600.0,9.0,773.3,350.0,17800.0,0.0,0.0,1600000000.0,1600000000.0,341440000.0,0.0,0.0,,0.0,0.0,0.0
2022-07-08,348.0,0.0,0.0,0.0,0.0,348.0,0.0,0.0,0.0,0.0,773.3,348.0,10000.0,0.0,0.0,1600000000.0,1600000000.0,341440000.0,0.0,0.0,,0.0,0.0,0.0
2022-07-11,348.0,0.0,0.0,356.0,330.0,350.0,2.0,36700.0,12635600.0,18.0,777.8,350.0,8900.0,334.0,100.0,1600000000.0,1600000000.0,341440000.0,0.0,0.0,,0.0,0.0,0.0
2022-07-12,350.0,0.0,0.0,350.0,328.0,350.0,0.0,11800.0,4120600.0,12.0,777.8,350.0,10400.0,328.0,10000.0,1600000000.0,1600000000.0,341440000.0,0.0,0.0,,0.0,0.0,0.0
2022-07-13,350.0,0.0,0.0,350.0,332.0,350.0,0.0,25200.0,8757800.0,6.0,777.8,350.0,5100.0,332.0,100.0,1600000000.0,1600000000.0,341440000.0,0.0,0.0,,0.0,0.0,0.0
2022-07-14,350.0,0.0,0.0,0.0,0.0,350.0,0.0,0.0,0.0,0.0,777.8,338.0,100.0,326.0,15000.0,1600000000.0,1600000000.0,341440000.0,0.0,0.0,,0.0,0.0,0.0
2022-07-15,350.0,0.0,0.0,350.0,338.0,350.0,0.0,6200.0,2158400.0,4.0,777.8,350.0,10000.0,330.0,11100.0,1600000000.0,1600000000.0,341440000.0,0.0,0.0,,0.0,0.0,0.0
2022-07-18,350.0,0.0,0.0,0.0,0.0,350.0,0.0,0.0,0.0,0.0,777.8,350.0,1000.0,330.0,100.0,1600000000.0,1600000000.0,341440000.0,0.0,0.0,,0.0,0.0,0.0
2022-07-19,350.0,0.0,0.0,350.0,326.0,350.0,0.0,11600.0,3808000.0,4.0,777.8,350.0,20000.0,330.0,200.0,1600000000.0,1600000000.0,341440000.0,0.0,0.0,,0.0,0.0,0.0
2022-07-20,350.0,0.0,0.0,0.0,0.0,350.0,0.0,0.0,0.0,0.0,777.8,348.0,10000.0,326.0,24500.0,1600000000.0,1600000000.0,341440000.0,0.0,0.0,,0.0,0.0,0.0
2022-07-21,350.0,0.0,0.0,338.0,326.0,326.0,-24.0,9400.0,3120800.0,2.0,724.4,338.0,300.0,326.0,4900.0,1600000000.0,1600000000.0,341440000.0,0.0,0.0,,0.0,0.0,0.0
2022-07-22,326.0,0.0,0.0,354.0,320.0,326.0,0.0,116300.0,40570600.0,34.0,724.4,352.0,400.0,320.0,9800.0,1600000000.0,1600000000.0,341440000.0,0.0,0.0,,0.0,0.0,0.0
2022-07-25,326.0,0.0,0.0,320.0,320.0,320.0,-6.0,10100.0,3232000.0,2.0,711.1,346.0,5300.0,320.0,11000.0,1600000000.0,1600000000.0,341440000.0,0.0,0.0,,0.0,0.0,0.0
2022-07-26,320.0,0.0,0.0,344.0,324.0,324.0,4.0,6100.0,2009000.0,6.0,720.0,344.0,100.0,322.0,100.0,1600000000.0,1600000000.0,341440000.0,0.0,0.0,,0.0,0.0,0.0
2022-07-27,324.0,0.0,0.0,344.0,314.0,344.0,20.0,400.0,134600.0,3.0,764.4,344.0,600.0,324.0,200.0,1600000000.0,1600000000.0,341440000.0,0.0,0.0,,0.0,0.0,0.0
2022-07-28,344.0,0.0,0.0,344.0,322.0,328.0,-16.0,14800.0,5033800.0,17.0,728.9,328.0,2000.0,322.0,200.0,1600000000.0,1600000000.0,341440000.0,0.0,0.0,,0.0,0.0,0.0
2022-07-29,328.0,0.0,0.0,342.0,314.0,342.0,14.0,3900.0,1292400.0,8.0,760.0,342.0,900.0,320.0,100.0,1600000000.0,1600000000.0,341440000.0,0.0,0.0,,0.0,0.0,0.0
2022-08-01,342.0,0.0,0.0,342.0,342.0,342.0,0.0,2700.0,923400.0,5.0,760.0,350.0,21000.0,324.0,100.0,1600000000.0,1600000000.0,341440000.0,0.0,0.0,,0.0,0.0,0.0
2022-08-02,342.0,0.0,0.0,346.0,342.0,346.0,4.0,200.0,68800.0,2.0,768.9,346.0,9900.0,342.0,200.0,1600000000.0,1600000000.0,341440000.0,0.0,0.0,,0.0,0.0,0.0
2022-08-03,346.0,0.0,0.0,346.0,346.0,346.0,0.0,10000.0,3460000.0,2.0,768.9,346.0,9900.0,326.0,100.0,1600000000.0,1600000000.0,341440000.0,0.0,0.0,,0.0,0.0,0.0
2022-08-04,346.0,0.0,0.0,346.0,346.0,346.0,0.0,10000.0,3460000.0,2.0,768.9,346.0,100.0,326.0,100.0,1600000000.0,1600000000.0,341440000.0,0.0,0.0,,0.0,0.0,0.0
2022-08-05,346.0,0.0,0.0,346.0,322.0,346.0,0.0,5500.0,1897600.0,6.0,768.9,346.0,5000.0,330.0,500.0,1600000000.0,1600000000.0,341440000.0,0.0,0.0,,0.0,0.0,0.0
2022-08-08,346.0,0.0,0.0,352.0,342.0,352.0,6.0,2100.0,738200.0,4.0,782.2,352.0,3200.0,328.0,400.0,1600000000.0,1600000000.0,341440000.0,0.0,0.0,,0.0,0.0,0.0
2022-08-09,352.0,0.0,0.0,352.0,330.0,346.0,-6.0,2300.0,789200.0,8.0,768.9,346.0,500.0,338.0,100.0,1600000000.0,1600000000.0,341440000.0,0.0,0.0,,0.0,0.0,0.0
2022-08-10,346.0,0.0,0.0,0.0,0.0,346.0,0.0,0.0,0.0,0.0,768.9,344.0,200.0,324.0,1000.0,1600000000.0,1600000000.0,341440000.0,0.0,0.0,,0.0,0.0,0.0
2022-08-11,346.0,0.0,0.0,346.0,322.0,330.0,-16.0,500.0,168400.0,5.0,733.3,342.0,100.0,330.0,600.0,1600000000.0,1600000000.0,341440000.0,0.0,0.0,,0.0,0.0,0.0
2022-08-12,330.0,0.0,0.0,342.0,342.0,342.0,12.0,300.0,102600.0,3.0,760.0,344.0,100.0,310.0,600.0,1600000000.0,1600000000.0,341440000.0,0.0,0.0,,0.0,0.0,0.0
2022-08-15,342.0,0.0,0.0,0.0,0.0,342.0,0.0,0.0,0.0,0.0,760.0,340.0,200.0,324.0,100.0,1600000000.0,1600000000.0,341440000.0,0.0,0.0,,0.0,0.0,0.0
2022-08-16,342.0,0.0,0.0,350.0,320.0,320.0,-22.0,26200.0,8412600.0,30.0,711.1,320.0,7600.0,0.0,0.0,1600000000.0,1600000000.0,341440000.0,0.0,0.0,,0.0,0.0,0.0
2022-08-18,320.0,0.0,0.0,340.0,320.0,320.0,0.0,5800.0,1871600.0,22.0,711.1,320.0,3200.0,316.0,100.0,1600000000.0,1600000000.0,341440000.0,0.0,0.0,,0.0,0.0,0.0
2022-08-19,320.0,0.0,0.0,334.0,318.0,320.0,0.0,3400.0,1089200.0,9.0,711.1,330.0,400.0,316.0,800.0,1600000000.0,1600000000.0,341440000.0,0.0,0.0,,0.0,0.0,0.0
2022-08-22,320.0,0.0,0.0,338.0,308.0,336.0,16.0,3800.0,1239800.0,18.0,746.7,336.0,2400.0,322.0,3200.0,1600000000.0,1600000000.0,341440000.0,0.0,0.0,,0.0,0.0,0.0
2022-08-23,336.0,0.0,0.0,336.0,314.0,320.0,-16.0,5000.0,1604200.0,31.0,711.1,326.0,100.0,320.0,1600.0,1600000000.0,1600000000.0,341440000.0,0.0,0.0,,0.0,0.0,0.0
2022-08-24,320.0,0.0,0.0,320.0,320.0,320.0,0.0,100.0,32000.0,1.0,711.1,324.0,200.0,316.0,800.0,1600000000.0,1600000000.0,341440000.0,0.0,0.0,,0.0,0.0,0.0
2022-08-25,320.0,0.0,0.0,330.0,310.0,310.0,-10.0,20100.0,6406000.0,17.0,688.9,318.0,5000.0,312.0,800.0,1600000000.0,1600000000.0,341440000.0,0.0,0.0,,0.0,0.0,0.0
2022-08-26,310.0,0.0,0.0,330.0,328.0,328.0,18.0,500.0,164600.0,4.0,728.9,322.0,3100.0,316.0,100.0,1600000000.0,1600000000.0,341440000.0,0.0,0.0,,0.0,0.0,0.0
2022-08-29,328.0,0.0,0.0,322.0,322.0,322.0,-6.0,100.0,32200.0,1.0,715.6,322.0,5500.0,316.0,800.0,1600000000.0,1600000000.0,341440000.0,0.0,0.0,,0.0,0.0,0.0
2022-08-30,322.0,0.0,0.0,348.0,322.0,348.0,26.0,7700.0,2609400.0,10.0,773.3,348.0,46000.0,316.0,200.0,1600000000.0,1600000000.0,341440000.0,0.0,0.0,,0.0,0.0,0.0
2022-08-31,348.0,0.0,0.0,346.0,328.0,346.0,-2.0,5200.0,1797200.0,9.0,768.9,346.0,11400.0,338.0,200.0,1600000000.0,1600000000.0,341440000.0,0.0,0.0,,0.0,0.0,0.0
2022-09-01,346.0,0.0,0.0,0.0,0.0,346.0,0.0,0.0,0.0,0.0,768.9,344.0,1500.0,322.0,700.0,1600000000.0,1600000000.0,341440000.0,0.0,0.0,,0.0,0.0,0.0
2022-09-02,346.0,0.0,0.0,346.0,346.0,346.0,0.0,23600.0,8165600.0,7.0,768.9,344.0,200.0,326.0,800.0,1600000000.0,1600000000.0,341440000.0,0.0,0.0,,0.0,0.0,0.0
2022-09-05,346.0,0.0,0.0,346.0,332.0,346.0,0.0,900.0,309200.0,8.0,768.9,346.0,4200.0,332.0,200.0,1600000000.0,1600000000.0,341440000.0,0.0,0.0,,0.0,0.0,0.0
2022-09-06,346.0,0.0,0.0,346.0,322.0,324.0,-22.0,21600.0,7005200.0,20.0,720.0,324.0,9700.0,322.0,1200.0,1600000000.0,1600000000.0,341440000.0,0.0,0.0,,0.0,0.0,0.0
2022-09-07,324.0,0.0,0.0,340.0,302.0,324.0,0.0,3800.0,1239800.0,14.0,720.0,324.0,7800.0,314.0,200.0,1600000000.0,1600000000.0,341440000.0,0.0,0.0,,0.0,0.0,0.0
2022-09-08,324.0,0.0,0.0,346.0,322.0,330.0,6.0,5000.0,1637600.0,11.0,733.3,330.0,2300.0,324.0,100.0,1600000000.0,1600000000.0,341440000.0,0.0,0.0,,0.0,0.0,0.0
2022-09-09,330.0,0.0,0.0,330.0,330.0,330.0,0.0,100.0,33000.0,1.0,733.3,328.0,100.0,320.0,100.0,1600000000.0,1600000000.0,341440000.0,0.0,0.0,,0.0,0.0,0.0
2022-09-12,330.0,0.0,0.0,336.0,332.0,332.0,2.0,300.0,100000.0,3.0,737.8,330.0,1700.0,310.0,1200.0,1600000000.0,1600000000.0,341440000.0,0.0,0.0,,0.0,0.0,0.0
2022-09-13,332.0,0.0,0.0,328.0,310.0,324.0,-8.0,2600.0,834600.0,13.0,720.0,324.0,2300.0,314.0,100.0,1600000000.0,1600000000.0,341440000.0,0.0,0.0,,0.0,0.0,0.0
2022-09-14,324.0,0.0,0.0,340.0,306.0,306.0,-18.0,8200.0,2731400.0,13.0,680.0,330.0,300.0,316.0,700.0,1600000000.0,1600000000.0,341440000.0,0.0,0.0,,0.0,0.0,0.0
2022-09-15,306.0,0.0,0.0,328.0,308.0,328.0,22.0,4000.0,1309400.0,10.0,728.9,328.0,2900.0,314.0,200.0,1600000000.0,1600000000.0,341440000.0,0.0,0.0,,0.0,0.0,0.0
2022-09-16,328.0,0.0,0.0,348.0,308.0,348.0,20.0,3900.0,1315200.0,9.0,773.3,348.0,8700.0,322.0,400.0,1600000000.0,1600000000.0,341440000.0,0.0,0.0,,0.0,0.0,0.0
2022-09-19,348.0,0.0,0.0,346.0,324.0,346.0,-2.0,2800.0,956400.0,12.0,768.9,346.0,11500.0,0.0,0.0,1600000000.0,1600000000.0,341440000.0,0.0,0.0,,0.0,0.0,0.0
2022-09-20,346.0,0.0,0.0,346.0,324.0,346.0,0.0,2500.0,858800.0,5.0,768.9,346.0,34100.0,324.0,3200.0,1600000000.0,1600000000.0,341440000.0,0.0,0.0,,0.0,0.0,0.0
2022-09-21,346.0,0.0,0.0,344.0,344.0,344.0,-2.0,10200.0,3508800.0,4.0,764.4,344.0,6000.0,326.0,100.0,1600000000.0,1600000000.0,341440000.0,0.0,0.0,,0.0,0.0,0.0
2022-09-22,344.0,0.0,0.0,344.0,344.0,344.0,0.0,100.0,34400.0,1.0,764.4,344.0,6800.0,0.0,0.0,1600000000.0,1600000000.0,341440000.0,0.0,0.0,,0.0,0.0,0.0
2022-09-23,344.0,0.0,0.0,344.0,344.0,344.0,0.0,200.0,68800.0,1.0,764.4,344.0,6900.0,0.0,0.0,1600000000.0,1600000000.0,341440000.0,0.0,0.0,,0.0,0.0,0.0
2022-09-26,344.0,0.0,0.0,342.0,326.0,342.0,-2.0,200.0,66800.0,2.0,760.0,344.0,8000.0,324.0,100.0,1600000000.0,1600000000.0,341440000.0,0.0,0.0,,0.0,0.0,0.0
2022-09-27,342.0,0.0,0.0,346.0,320.0,346.0,4.0,1300.0,446400.0,7.0,768.9,346.0,9800.0,320.0,200.0,1600000000.0,1600000000.0,341440000.0,0.0,0.0,,0.0,0.0,0.0
2022-09-28,346.0,0.0,0.0,0.0,0.0,346.0,0.0,0.0,0.0,0.0,768.9,344.0,5900.0,326.0,100.0,1600000000.0,1600000000.0,341440000.0,0.0,0.0,,0.0,0.0,0.0
2022-09-29,346.0,0.0,0.0,346.0,328.0,346.0,0.0,5100.0,1762800.0,3.0,768.9,346.0,7300.0,332.0,100.0,1600000000.0,1600000000.0,341440000.0,0.0,0.0,,0.0,0.0,0.0
2022-09-30,346.0,0.0,0.0,346.0,346.0,346.0,0.0,300.0,103800.0,1.0,768.9,346.0,5900.0,324.0,100.0,1600000000.0,1600000000.0,341440000.0,0.0,0.0,,0.0,0.0,0.0
2022-10-03,346.0,0.0,0.0,358.0,322.0,346.0,0.0,30700.0,10267200.0,29.0,768.9,346.0,10400.0,322.0,100.0,1600000000.0,1600000000.0,341440000.0,0.0,0.0,,0.0,0.0,0.0
2022-10-04,346.0,0.0,0.0,0.0,0.0,346.0,0.0,0.0,0.0,0.0,768.9,342.0,400.0,330.0,200.0,1600000000.0,1600000000.0,341440000.0,0.0,0.0,,0.0,0.0,0.0
2022-10-05,346.0,0.0,0.0,334.0,322.0,322.0,-24.0,60100.0,19372400.0,55.0,715.6,322.0,79700.0,0.0,0.0,1600000000.0,1600000000.0,341440000.0,0.0,0.0,,0.0,0.0,0.0
2022-10-06,322.0,0.0,0.0,336.0,304.0,318.0,-4.0,66700.0,20606000.0,39.0,706.7,318.0,110500.0,316.0,1300.0,1600000000.0,1600000000.0,341440000.0,50700.0,0.0,,0.0,0.0,0.0
2022-10-07,318.0,0.0,0.0,334.0,306.0,318.0,0.0,12700.0,4024200.0,28.0,706.7,318.0,37700.0,304.0,1100.0,1600000000.0,1600000000.0,341440000.0,6200.0,0.0,,0.0,0.0,0.0
2022-10-10,318.0,0.0,0.0,334.0,306.0,306.0,-12.0,30600.0,9377000.0,26.0,680.0,306.0,20700.0,304.0,1000.0,1600000000.0,1600000000.0,341440000.0,1700.0,0.0,,0.0,0.0,0.0
2022-10-11,306.0,0.0,0.0,322.0,286.0,286.0,-20.0,16900.0,4938200.0,28.0,635.6,286.0,13100.0,0.0,0.0,1600000000.0,1600000000.0,341440000.0,200.0,0.0,,0.0,0.0,0.0
2022-10-12,286.0,0.0,0.0,286.0,266.0,266.0,-20.0,38000.0,10175800.0,36.0,591.1,266.0,6700.0,0.0,0.0,1600000000.0,1600000000.0,341440000.0,0.0,0.0,,0.0,0.0,0.0
2022-10-13,266.0,0.0,0.0,292.0,266.0,280.0,14.0,20900.0,6027600.0,47.0,622.2,280.0,1200.0,270.0,1400.0,1600000000.0,1600000000.0,341440000.0,0.0,0.0,,0.0,0.0,0.0
2022-10-14,280.0,0.0,0.0,280.0,262.0,280.0,0.0,29500.0,7978400.0,20.0,622.2,280.0,7600.0,272.0,100.0,1600000000.0,1600000000.0,341440000.0,0.0,0.0,,7143000.0,2000040000.0,1.0
2022-10-17,280.0,0.0,0.0,284.0,262.0,284.0,4.0,11100.0,3099000.0,15.0,631.1,284.0,2300.0,262.0,1500.0,1600000000.0,1600000000.0,341440000.0,0.0,0.0,,0.0,0.0,0.0
2022-10-18,284.0,0.0,0.0,280.0,266.0,280.0,-4.0,2400.0,645800.0,5.0,622.2,282.0,300.0,268.0,100.0,1600000000.0,1600000000.0,341440000.0,0.0,0.0,,0.0,0.0,0.0
2022-10-19,280.0,0.0,0.0,276.0,276.0,276.0,-4.0,600.0,165600.0,3.0,613.3,276.0,100.0,270.0,100.0,1600000000.0,1600000000.0,341440000.0,0.0,0.0,,0.0,0.0,0.0
2022-10-20,276.0,0.0,0.0,282.0,276.0,278.0,2.0,700.0,196200.0,5.0,617.8,280.0,800.0,262.0,500.0,1600000000.0,1600000000.0,341440000.0,0.0,0.0,,0.0,0.0,0.0
2022-10-21,278.0,0.0,0.0,278.0,262.0,278.0,0.0,9500.0,2538200.0,14.0,617.8,280.0,300.0,278.0,300.0,1600000000.0,1600000000.0,341440000.0,0.0,0.0,,0.0,0.0,0.0
2022-10-24,278.0,0.0,0.0,276.0,276.0,276.0,-2.0,400.0,110400.0,1.0,613.3,276.0,400.0,268.0,100.0,1600000000.0,1600000000.0,341440000.0,0.0,0.0,,0.0,0.0,0.0
2022-10-25,276.0,0.0,0.0,280.0,260.0,280.0,4.0,6500.0,1793800.0,13.0,622.2,280.0,4400.0,262.0,200.0,1600000000.0,1600000000.0,341440000.0,0.0,0.0,,0.0,0.0,0.0
2022-10-26,280.0,0.0,0.0,282.0,262.0,282.0,2.0,53300.0,13977400.0,8.0,626.7,280.0,1500.0,262.0,5000.0,1600000000.0,1600000000.0,341440000.0,0.0,0.0,,0.0,0.0,0.0
2022-10-27,282.0,0.0,0.0,282.0,264.0,282.0,0.0,9600.0,2608200.0,7.0,626.7,282.0,500.0,0.0,0.0,1600000000.0,1600000000.0,341440000.0,0.0,0.0,,0.0,0.0,0.0
2022-10-28,282.0,0.0,0.0,0.0,0.0,282.0,0.0,0.0,0.0,0.0,626.7,280.0,2000.0,264.0,800.0,1600000000.0,1600000000.0,341440000.0,0.0,0.0,,0.0,0.0,0.0
2022-10-31,282.0,0.0,0.0,282.0,268.0,282.0,0.0,7100.0,1959200.0,6.0,626.7,282.0,300.0,276.0,100.0,1600000000.0,1600000000.0,341440000.0,0.0,0.0,,0.0,0.0,0.0
2022-11-01,282.0,0.0,0.0,282.0,282.0,282.0,0.0,300.0,84600.0,1.0,626.7,282.0,4700.0,274.0,100.0,1600000000.0,1600000000.0,341440000.0,0.0,0.0,,0.0,0.0,0.0
2022-11-02,282.0,0.0,0.0,282.0,282.0,282.0,0.0,100.0,28200.0,1.0,626.7,282.0,10900.0,270.0,100.0,1600000000.0,1600000000.0,341440000.0,0.0,0.0,,0.0,0.0,0.0
2022-11-03,282.0,0.0,0.0,0.0,0.0,282.0,0.0,0.0,0.0,0.0,626.7,282.0,2100.0,268.0,100.0,1600000000.0,1600000000.0,341440000.0,0.0,0.0,,0.0,0.0,0.0
2022-11-04,282.0,0.0,0.0,282.0,268.0,282.0,0.0,11600.0,3200200.0,14.0,626.7,284.0,3900.0,268.0,800.0,1600000000.0,1600000000.0,341440000.0,0.0,0.0,,0.0,0.0,0.0
2022-11-07,282.0,0.0,0.0,278.0,278.0,278.0,-4.0,1000.0,278000.0,1.0,617.8,284.0,3900.0,278.0,9400.0,1600000000.0,1600000000.0,341440000.0,0.0,0.0,,0.0,0.0,0.0
2022-11-08,278.0,0.0,0.0,282.0,278.0,282.0,4.0,4100.0,1140200.0,2.0,626.7,282.0,5500.0,278.0,6000.0,1600000000.0,1600000000.0,341440000.0,0.0,0.0,,0.0,0.0,0.0
2022-11-09,282.0,0.0,0.0,282.0,270.0,282.0,0.0,5100.0,1437000.0,4.0,626.7,282.0,200.0,270.0,100.0,1600000000.0,1600000000.0,341440000.0,0.0,0.0,,0.0,0.0,0.0
2022-11-10,282.0,0.0,0.0,282.0,282.0,282.0,0.0,100.0,28200.0,1.0,626.7,282.0,1300.0,272.0,100.0,1600000000.0,1600000000.0,341440000.0,0.0,0.0,,0.0,0.0,0.0
2022-11-11,282.0,0.0,0.0,0.0,0.0,282.0,0.0,0.0,0.0,0.0,626.7,282.0,1300.0,274.0,100.0,1600000000.0,1600000000.0,341440000.0,0.0,0.0,,0.0,0.0,0.0
2022-11-14,282.0,0.0,0.0,0.0,0.0,282.0,0.0,0.0,0.0,0.0,626.7,282.0,700.0,276.0,100.0,1600000000.0,1600000000.0,341440000.0,0.0,0.0,,0.0,0.0,0.0
2022-11-15,282.0,0.0,0.0,282.0,282.0,282.0,0.0,100.0,28200.0,1.0,626.7,282.0,1200.0,278.0,100.0,1600000000.0,1600000000.0,341440000.0,0.0,0.0,,0.0,0.0,0.0
2022-11-16,282.0,0.0,0.0,282.0,278.0,282.0,0.0,200.0,56000.0,2.0,626.7,282.0,1200.0,278.0,100.0,1600000000.0,1600000000.0,341440000.0,0.0,0.0,,0.0,0.0,0.0
2022-11-17,282.0,0.0,0.0,0.0,0.0,282.0,0.0,0.0,0.0,0.0,626.7,280.0,1700.0,272.0,2600.0,1600000000.0,1600000000.0,341440000.0,0.0,0.0,,0.0,0.0,0.0
2022-11-18,282.0,0.0,0.0,0.0,0.0,282.0,0.0,0.0,0.0,0.0,626.7,284.0,300.0,274.0,100.0,1600000000.0,1600000000.0,341440000.0,0.0,0.0,,0.0,0.0,0.0
2022-11-21,282.0,0.0,0.0,282.0,282.0,282.0,0.0,2500.0,705000.0,1.0,626.7,282.0,1000.0,274.0,200.0,1600000000.0,1600000000.0,341440000.0,2500.0,0.0,,0.0,0.0,0.0
2022-11-22,282.0,0.0,0.0,0.0,0.0,282.0,0.0,0.0,0.0,0.0,626.7,280.0,100.0,276.0,100.0,1600000000.0,1600000000.0,341440000.0,0.0,0.0,,0.0,0.0,0.0
2022-11-23,282.0,0.0,0.0,290.0,276.0,290.0,8.0,10100.0,2927600.0,8.0,644.4,290.0,6400.0,272.0,100.0,1600000000.0,1600000000.0,341440000.0,7900.0,0.0,,0.0,0.0,0.0
2022-11-24,290.0,0.0,0.0,0.0,0.0,290.0,0.0,0.0,0.0,0.0,644.4,284.0,100.0,276.0,100.0,1600000000.0,1600000000.0,341440000.0,0.0,0.0,,0.0,0.0,0.0
2022-11-25,290.0,0.0,0.0,290.0,272.0,288.0,-2.0,9800.0,2811400.0,9.0,640.0,288.0,3100.0,274.0,1000.0,1600000000.0,1600000000.0,341440000.0,5800.0,0.0,,0.0,0.0,0.0
2022-11-28,288.0,0.0,0.0,0.0,0.0,288.0,0.0,0.0,0.0,0.0,640.0,284.0,100.0,276.0,100.0,1600000000.0,1600000000.0,341440000.0,0.0,0.0,,0.0,0.0,0.0
2022-11-29,288.0,0.0,0.0,288.0,280.0,288.0,0.0,30200.0,8617200.0,8.0,640.0,288.0,3600.0,276.0,100.0,1600000000.0,1600000000.0,341440000.0,26900.0,0.0,,0.0,0.0,0.0
2022-11-30,288.0,0.0,0.0,0.0,0.0,288.0,0.0,0.0,0.0,0.0,640.0,286.0,3100.0,280.0,100.0,1600000000.0,1600000000.0,341440000.0,0.0,0.0,,0.0,0.0,0.0
2022-12-01,288.0,0.0,0.0,284.0,270.0,276.0,-12.0,3300.0,904200.0,8.0,613.3,276.0,999000.0,0.0,0.0,1600000000.0,1600000000.0,341440000.0,0.0,0.0,,0.0,0.0,0.0
2022-12-02,276.0,0.0,0.0,0.0,0.0,276.0,0.0,0.0,0.0,0.0,613.3,284.0,100.0,262.0,3000.0,1600000000.0,1600000000.0,341440000.0,0.0,0.0,,0.0,0.0,0.0
2022-12-05,276.0,0.0,0.0,280.0,262.0,280.0,4.0,2900.0,769600.0,7.0,622.2,280.0,800.0,262.0,900.0,1600000000.0,1600000000.0,341440000.0,0.0,0.0,,0.0,0.0,0.0
2022-12-06,280.0,0.0,0.0,286.0,266.0,284.0,4.0,4100.0,1158000.0,17.0,631.1,284.0,2600.0,266.0,100.0,1600000000.0,1600000000.0,341440000.0,0.0,0.0,,0.0,0.0,0.0
2022-12-07,284.0,0.0,0.0,288.0,274.0,288.0,4.0,2500.0,718600.0,7.0,640.0,290.0,700.0,268.0,3000.0,1600000000.0,1600000000.0,341440000.0,0.0,0.0,,0.0,0.0,0.0
2022-12-08,288.0,0.0,0.0,292.0,270.0,290.0,2.0,11800.0,3413800.0,10.0,644.4,290.0,9900.0,270.0,600.0,1600000000.0,1600000000.0,341440000.0,0.0,0.0,,0.0,0.0,0.0
2022-12-09,290.0,0.0,0.0,276.0,272.0,276.0,-14.0,345500.0,94096000.0,22.0,613.3,278.0,200000.0,0.0,0.0,1600000000.0,1600000000.0,341440000.0,235500.0,0.0,,0.0,0.0,0.0
2022-12-12,276.0,0.0,0.0,278.0,262.0,274.0,-2.0,440300.0,118343200.0,15.0,608.9,274.0,9900.0,270.0,100.0,1600000000.0,1600000000.0,341440000.0,0.0,0.0,,0.0,0.0,0.0
2022-12-13,274.0,0.0,0.0,0.0,0.0,274.0,0.0,0.0,0.0,0.0,608.9,278.0,3100.0,268.0,100.0,1600000000.0,1600000000.0,341440000.0,0.0,0.0,,0.0,0.0,0.0
2022-12-14,274.0,0.0,0.0,274.0,274.0,274.0,0.0,600.0,164400.0,3.0,608.9,274.0,1000.0,260.0,800.0,1600000000.0,1600000000.0,341440000.0,0.0,0.0,,0.0,0.0,0.0
2022-12-15,274.0,0.0,0.0,300.0,284.0,294.0,20.0,45100.0,13063200.0,26.0,653.3,296.0,59000.0,294.0,2600.0,1600000000.0,1600000000.0,341440000.0,0.0,0.0,,0.0,0.0,0.0
2022-12-16,294.0,0.0,0.0,294.0,280.0,280.0,-14.0,16000.0,4526400.0,14.0,622.2,288.0,41700.0,274.0,100.0,1600000000.0,1600000000.0,341440000.0,0.0,0.0,,0.0,0.0,0.0
2022-12-19,280.0,0.0,0.0,274.0,262.0,262.0,-18.0,52300.0,13705600.0,12.0,582.2,272.0,100.0,0.0,0.0,1600000000.0,1600000000.0,341440000.0,0.0,0.0,,0.0,0.0,0.0
2022-12-20,262.0,0.0,0.0,262.0,262.0,262.0,0.0,200.0,52400.0,1.0,582.2,262.0,500.0,252.0,100.0,1600000000.0,1600000000.0,341440000.0,0.0,0.0,,0.0,0.0,0.0
2022-12-21,262.0,0.0,0.0,252.0,250.0,250.0,-12.0,2400.0,600200.0,9.0,555.6,250.0,54300.0,248.0,100.0,1600000000.0,1600000000.0,341440000.0,0.0,0.0,,0.0,0.0,0.0
2022-12-22,250.0,0.0,0.0,272.0,238.0,238.0,-12.0,1800.0,461000.0,9.0,528.9,272.0,4000.0,236.0,700.0,1600000000.0,1600000000.0,341440000.0,0.0,0.0,,0.0,0.0,0.0
2022-12-23,238.0,0.0,0.0,260.0,254.0,260.0,22.0,1900.0,489600.0,8.0,577.8,260.0,1600.0,238.0,1000.0,1600000000.0,1600000000.0,341440000.0,0.0,0.0,,0.0,0.0,0.0
2022-12-26,260.0,0.0,0.0,276.0,246.0,270.0,10.0,2300.0,606400.0,23.0,600.0,258.0,100.0,244.0,200.0,1600000000.0,1600000000.0,341440000.0,0.0,0.0,,0.0,0.0,0.0
2022-12-27,270.0,0.0,0.0,272.0,252.0,270.0,0.0,2400.0,625400.0,23.0,600.0,270.0,3900.0,256.0,2200.0,1600000000.0,1600000000.0,341440000.0,0.0,0.0,,0.0,0.0,0.0
2022-12-28,270.0,0.0,0.0,268.0,258.0,268.0,-2.0,700.0,183000.0,5.0,595.6,268.0,200.0,258.0,200.0,1600000000.0,1600000000.0,341440000.0,0.0,0.0,,0.0,0.0,0.0
2022-12-29,268.0,0.0,0.0,280.0,256.0,278.0,10.0,2500.0,687600.0,14.0,617.8,278.0,5300.0,258.0,300.0,1600000000.0,1600000000.0,341440000.0,0.0,0.0,,0.0,0.0,0.0
2022-12-30,278.0,0.0,0.0,300.0,262.0,300.0,22.0,26400.0,7564600.0,24.0,666.7,300.0,3700.0,268.0,100.0,1600000000.0,1600000000.0,341440000.0,0.0,0.0,,0.0,0.0,0.0
2023-01-02,300.0,0.0,0.0,296.0,294.0,296.0,-4.0,200.0,59000.0,2.0,657.8,300.0,700.0,0.0,0.0,1600000000.0,1600000000.0,341280000.0,0.0,0.0,,0.0,0.0,0.0
2023-01-03,296.0,0.0,0.0,296.0,288.0,296.0,0.0,200.0,58400.0,2.0,657.8,296.0,100.0,284.0,200.0,1600000000.0,1600000000.0,341280000.0,0.0,0.0,,0.0,0.0,0.0
2023-01-04,296.0,0.0,0.0,314.0,296.0,310.0,14.0,1700.0,523000.0,9.0,688.9,308.0,100.0,288.0,100.0,1600000000.0,1600000000.0,341280000.0,0.0,0.0,,0.0,0.0,0.0
2023-01-05,310.0,0.0,0.0,308.0,306.0,308.0,-2.0,1000.0,307400.0,9.0,684.4,308.0,30300.0,0.0,0.0,1600000000.0,1600000000.0,341280000.0,0.0,0.0,,0.0,0.0,0.0
2023-01-06,308.0,0.0,0.0,308.0,306.0,308.0,0.0,1000.0,307800.0,2.0,684.4,306.0,1000.0,0.0,0.0,1600000000.0,1600000000.0,341280000.0,0.0,0.0,,10582200.0,3259317600.0,1.0
2023-01-09,308.0,0.0,0.0,314.0,314.0,314.0,6.0,100.0,31400.0,1.0,697.8,310.0,9700.0,300.0,200.0,1600000000.0,1600000000.0,341280000.0,0.0,0.0,,0.0,0.0,0.0
2023-01-10,314.0,0.0,0.0,308.0,296.0,296.0,-18.0,7100.0,2185600.0,8.0,657.8,296.0,100.0,0.0,0.0,1600000000.0,1600000000.0,341280000.0,0.0,0.0,,0.0,0.0,0.0
2023-01-11,296.0,0.0,0.0,316.0,294.0,294.0,-2.0,11500.0,3565200.0,9.0,653.3,302.0,15600.0,294.0,400.0,1600000000.0,1600000000.0,341280000.0,0.0,0.0,,0.0,0.0,0.0
2023-01-12,294.0,0.0,0.0,298.0,276.0,294.0,0.0,29400.0,8464600.0,19.0,653.3,292.0,100.0,276.0,100.0,1600000000.0,1600000000.0,341280000.0,0.0,0.0,,0.0,0.0,0.0
2023-01-13,294.0,0.0,0.0,300.0,300.0,300.0,6.0,21300.0,6390000.0,15.0,666.7,300.0,14600.0,280.0,100.0,1600000000.0,1600000000.0,341280000.0,0.0,0.0,,0.0,0.0,0.0
2023-01-16,300.0,0.0,0.0,0.0,0.0,300.0,0.0,0.0,0.0,0.0,666.7,300.0,13500.0,282.0,100.0,1600000000.0,1600000000.0,341280000.0,0.0,0.0,,0.0,0.0,0.0
2023-01-17,300.0,0.0,0.0,300.0,300.0,300.0,0.0,300.0,90000.0,2.0,666.7,300.0,10100.0,0.0,0.0,1600000000.0,1600000000.0,341280000.0,0.0,0.0,,0.0,0.0,0.0
2023-01-18,300.0,0.0,0.0,280.0,280.0,280.0,-20.0,1400.0,392000.0,10.0,622.2,296.0,100.0,280.0,300.0,1600000000.0,1600000000.0,341280000.0,0.0,0.0,,0.0,0.0,0.0
2023-01-19,280.0,0.0,0.0,278.0,278.0,278.0,-2.0,300.0,83400.0,2.0,617.8,278.0,200.0,270.0,100.0,1600000000.0,1600000000.0,341280000.0,0.0,0.0,,0.0,0.0,0.0
2023-01-20,278.0,0.0,0.0,304.0,260.0,298.0,20.0,2000.0,545200.0,12.0,662.2,298.0,3600.0,268.0,100.0,1600000000.0,1600000000.0,341280000.0,0.0,0.0,,0.0,0.0,0.0
2023-01-24,298.0,0.0,0.0,296.0,294.0,294.0,-4.0,20200.0,5939200.0,9.0,653.3,296.0,11400.0,0.0,0.0,1600000000.0,1600000000.0,341280000.0,0.0,0.0,,0.0,0.0,0.0
2023-01-25,294.0,0.0,0.0,292.0,292.0,292.0,-2.0,100.0,29200.0,1.0,648.9,292.0,13100.0,0.0,0.0,1600000000.0,1600000000.0,341280000.0,0.0,0.0,,0.0,0.0,0.0
2023-01-26,292.0,0.0,0.0,292.0,288.0,288.0,-4.0,1500.0,434600.0,5.0,640.0,286.0,500.0,0.0,0.0,1600000000.0,1600000000.0,341280000.0,0.0,0.0,,0.0,0.0,0.0
2023-01-27,288.0,0.0,0.0,290.0,284.0,284.0,-4.0,21500.0,6187200.0,13.0,631.1,284.0,700.0,0.0,0.0,1600000000.0,1600000000.0,341280000.0,0.0,0.0,,0.0,0.0,0.0
2023-01-30,284.0,0.0,0.0,286.0,284.0,284.0,0.0,1200.0,341200.0,3.0,631.1,284.0,300.0,272.0,2000.0,1600000000.0,1600000000.0,341280000.0,0.0,0.0,,0.0,0.0,0.0
2023-01-31,284.0,0.0,0.0,284.0,274.0,274.0,-10.0,1800.0,503200.0,6.0,608.9,274.0,4500.0,0.0,0.0,1600000000.0,1600000000.0,341280000.0,0.0,0.0,,0.0,0.0,0.0
2023-02-01,274.0,0.0,0.0,278.0,256.0,256.0,-18.0,22300.0,6167600.0,13.0,568.9,256.0,3200.0,0.0,0.0,1600000000.0,1600000000.0,341280000.0,0.0,0.0,,0.0,0.0,0.0
2023-02-02,256.0,0.0,0.0,266.0,240.0,260.0,4.0,24100.0,6222600.0,21.0,577.8,260.0,600.0,0.0,0.0,1600000000.0,1600000000.0,341280000.0,0.0,0.0,,0.0,0.0,0.0
2023-02-03,260.0,0.0,0.0,268.0,266.0,268.0,8.0,900.0,240800.0,6.0,595.6,268.0,400.0,248.0,200.0,1600000000.0,1600000000.0,341280000.0,0.0,0.0,,0.0,0.0,0.0
2023-02-06,268.0,0.0,0.0,270.0,250.0,270.0,2.0,10400.0,2605000.0,3.0,600.0,268.0,1000.0,0.0,0.0,1600000000.0,1600000000.0,341280000.0,0.0,0.0,,0.0,0.0,0.0
2023-02-07,270.0,0.0,0.0,270.0,268.0,270.0,0.0,1700.0,455800.0,2.0,600.0,270.0,11200.0,252.0,100.0,1600000000.0,1600000000.0,341280000.0,0.0,0.0,,0.0,0.0,0.0
2023-02-08,270.0,0.0,0.0,252.0,252.0,252.0,-18.0,3200.0,806400.0,10.0,560.0,264.0,100.0,252.0,100.0,1600000000.0,1600000000.0,341280000.0,0.0,0.0,,0.0,0.0,0.0
2023-02-09,252.0,0.0,0.0,262.0,238.0,238.0,-14.0,266400.0,68820800.0,15.0,528.9,256.0,100.0,240.0,100.0,1600000000.0,1600000000.0,341280000.0,0.0,100.0,,0.0,0.0,0.0
2023-02-10,238.0,0.0,0.0,0.0,0.0,238.0,0.0,0.0,0.0,0.0,528.9,252.0,100.0,224.0,3000.0,1600000000.0,1600000000.0,341280000.0,0.0,0.0,,0.0,0.0,0.0
2023-02-13,238.0,0.0,0.0,258.0,238.0,258.0,20.0,2600.0,662000.0,4.0,573.3,256.0,100.0,242.0,100.0,1600000000.0,1600000000.0,341280000.0,0.0,0.0,,0.0,0.0,0.0
2023-02-14,258.0,0.0,0.0,256.0,256.0,256.0,-2.0,100.0,25600.0,1.0,568.9,258.0,300.0,242.0,100.0,1600000000.0,1600000000.0,341280000.0,0.0,0.0,,0.0,0.0,0.0
2023-02-15,256.0,0.0,0.0,244.0,242.0,242.0,-14.0,1000.0,242200.0,5.0,537.8,252.0,100.0,242.0,400.0,1600000000.0,1600000000.0,341280000.0,0.0,0.0,,0.0,0.0,0.0
2023-02-16,242.0,0.0,0.0,0.0,0.0,242.0,0.0,0.0,0.0,0.0,537.8,254.0,100.0,240.0,200.0,1600000000.0,1600000000.0,341280000.0,0.0,0.0,,0.0,0.0,0.0
2023-02-17,242.0,0.0,0.0,242.0,242.0,242.0,0.0,100.0,24200.0,1.0,537.8,252.0,100.0,228.0,500.0,1600000000.0,1600000000.0,341280000.0,0.0,0.0,,0.0,0.0,0.0
2023-02-20,242.0,0.0,0.0,242.0,230.0,242.0,0.0,3700.0,852200.0,4.0,537.8,238.0,100.0,230.0,2200.0,1600000000.0,1600000000.0,341280000.0,0.0,0.0,,0.0,0.0,0.0
2023-02-21,242.0,0.0,0.0,242.0,240.0,240.0,-2.0,200.0,48200.0,2.0,533.3,242.0,300.0,240.0,100.0,1600000000.0,1600000000.0,341280000.0,0.0,0.0,,0.0,0.0,0.0
2023-02-22,240.0,0.0,0.0,242.0,240.0,242.0,2.0,200.0,48200.0,2.0,537.8,242.0,5900.0,240.0,100.0,1600000000.0,1600000000.0,341280000.0,0.0,0.0,,0.0,0.0,0.0
2023-02-23,242.0,0.0,0.0,252.0,228.0,252.0,10.0,74600.0,18695800.0,16.0,560.0,252.0,2500.0,228.0,100.0,1600000000.0,1600000000.0,341280000.0,0.0,0.0,,0.0,0.0,0.0
2023-02-24,252.0,0.0,0.0,248.0,248.0,248.0,-4.0,200.0,49600.0,2.0,551.1,248.0,3500.0,236.0,100.0,1600000000.0,1600000000.0,341280000.0,0.0,0.0,,0.0,0.0,0.0
2023-02-27,248.0,0.0,0.0,236.0,236.0,236.0,-12.0,100.0,23600.0,1.0,524.4,246.0,1500.0,238.0,100.0,1600000000.0,1600000000.0,341280000.0,0.0,0.0,,0.0,0.0,0.0
2023-02-28,236.0,0.0,0.0,236.0,236.0,236.0,0.0,400.0,94400.0,4.0,524.4,236.0,4400.0,234.0,300.0,1600000000.0,1600000000.0,341280000.0,0.0,0.0,,0.0,0.0,0.0
2023-03-01,236.0,0.0,0.0,232.0,232.0,232.0,-4.0,200.0,46400.0,1.0,515.6,236.0,1000.0,232.0,100.0,1600000000.0,1600000000.0,341280000.0,0.0,0.0,,0.0,0.0,0.0
2023-03-02,232.0,0.0,0.0,246.0,222.0,222.0,-10.0,2300.0,528800.0,10.0,493.3,244.0,100.0,224.0,200.0,1600000000.0,1600000000.0,341280000.0,0.0,0.0,,0.0,0.0,0.0
2023-03-03,222.0,0.0,0.0,244.0,222.0,226.0,4.0,101700.0,24781000.0,13.0,502.2,228.0,300.0,226.0,100.0,1600000000.0,1600000000.0,341280000.0,0.0,0.0,,0.0,0.0,0.0
2023-03-06,226.0,0.0,0.0,226.0,220.0,226.0,0.0,4000.0,883400.0,7.0,502.2,226.0,700.0,220.0,1700.0,1600000000.0,1600000000.0,341280000.0,0.0,0.0,,0.0,0.0,0.0
2023-03-07,226.0,0.0,0.0,224.0,212.0,224.0,-2.0,4200.0,912400.0,10.0,497.8,222.0,100.0,216.0,2000.0,1600000000.0,1600000000.0,341280000.0,0.0,0.0,,0.0,0.0,0.0
2023-03-08,224.0,0.0,0.0,224.0,210.0,222.0,-2.0,8100.0,1727000.0,13.0,493.3,222.0,300.0,210.0,300.0,1600000000.0,1600000000.0,341280000.0,0.0,0.0,,0.0,0.0,0.0
2023-03-09,222.0,0.0,0.0,222.0,208.0,216.0,-6.0,2000.0,420600.0,10.0,480.0,218.0,100.0,216.0,200.0,1600000000.0,1600000000.0,341280000.0,0.0,0.0,,0.0,0.0,0.0
2023-03-10,216.0,0.0,0.0,220.0,202.0,218.0,2.0,5400.0,1114200.0,14.0,484.4,218.0,900.0,202.0,500.0,1600000000.0,1600000000.0,341280000.0,0.0,0.0,,0.0,0.0,0.0
2023-03-13,218.0,0.0,0.0,218.0,204.0,216.0,-2.0,1800.0,369800.0,5.0,480.0,216.0,1000.0,0.0,0.0,1600000000.0,1600000000.0,341280000.0,0.0,0.0,,0.0,0.0,0.0
2023-03-14,216.0,0.0,0.0,226.0,202.0,222.0,6.0,3900.0,859400.0,12.0,493.3,224.0,2200.0,202.0,600.0,1600000000.0,1600000000.0,341280000.0,0.0,0.0,,0.0,0.0,0.0
2023-03-15,222.0,0.0,0.0,226.0,208.0,224.0,2.0,12800.0,2785800.0,14.0,497.8,224.0,1800.0,208.0,100.0,1600000000.0,1600000000.0,341280000.0,0.0,0.0,,0.0,0.0,0.0
2023-03-16,224.0,0.0,0.0,228.0,210.0,222.0,-2.0,10100.0,2196200.0,11.0,493.3,222.0,1700.0,0.0,0.0,1600000000.0,1600000000.0,341280000.0,0.0,0.0,,0.0,0.0,0.0
2023-03-17,222.0,0.0,0.0,216.0,208.0,214.0,-8.0,4600.0,983600.0,9.0,475.6,214.0,200.0,0.0,0.0,1600000000.0,1600000000.0,341280000.0,0.0,0.0,,0.0,0.0,0.0
2023-03-20,214.0,0.0,0.0,214.0,202.0,204.0,-10.0,1200.0,247000.0,9.0,453.3,204.0,2300.0,202.0,100.0,1600000000.0,1600000000.0,341280000.0,0.0,0.0,,0.0,0.0,0.0
2023-03-21,204.0,0.0,0.0,198.0,190.0,190.0,-14.0,19900.0,3863600.0,18.0,422.2,190.0,4995100.0,0.0,0.0,1600000000.0,1600000000.0,341280000.0,4900.0,0.0,,0.0,0.0,0.0
2023-03-24,190.0,0.0,0.0,197.0,190.0,195.0,5.0,1500.0,287700.0,7.0,433.3,195.0,100.0,190.0,4200.0,1600000000.0,1600000000.0,341280000.0,0.0,0.0,,0.0,0.0,0.0
2023-03-27,195.0,0.0,0.0,195.0,182.0,182.0,-13.0,11500.0,2145000.0,10.0,404.4,190.0,100.0,182.0,2000.0,1600000000.0,1600000000.0,341280000.0,0.0,0.0,,0.0,0.0,0.0
2023-03-28,182.0,0.0,0.0,195.0,170.0,171.0,-11.0,29000.0,4960200.0,18.0,380.0,191.0,400.0,171.0,500.0,1600000000.0,1600000000.0,341280000.0,0.0,0.0,,0.0,0.0,0.0
2023-03-29,171.0,0.0,0.0,178.0,165.0,170.0,-1.0,54600.0,9375800.0,24.0,377.8,170.0,41600.0,165.0,1000.0,1600000000.0,1600000000.0,341280000.0,0.0,100.0,,0.0,0.0,0.0
2023-03-30,170.0,0.0,0.0,187.0,165.0,187.0,17.0,28100.0,5084800.0,13.0,415.6,0.0,0.0,178.0,200.0,1600000000.0,1600000000.0,341280000.0,100.0,0.0,,0.0,0.0,0.0
2023-03-31,187.0,0.0,0.0,188.0,174.0,174.0,-13.0,44000.0,7962000.0,11.0,386.7,174.0,14000.0,0.0,0.0,1600000000.0,1600000000.0,341280000.0,0.0,0.0,,0.0,0.0,0.0
2023-04-03,174.0,0.0,0.0,181.0,167.0,181.0,7.0,2600.0,453300.0,14.0,402.2,181.0,2400.0,164.0,400.0,1600000000.0,1600000000.0,341280000.0,0.0,0.0,,0.0,0.0,0.0
2023-04-04,181.0,0.0,0.0,199.0,180.0,199.0,18.0,67800.0,13007900.0,28.0,442.2,0.0,0.0,182.0,100.0,1600000000.0,1600000000.0,341280000.0,0.0,0.0,,30800.0,5975200.0,1.0
2023-04-05,199.0,0.0,0.0,208.0,199.0,208.0,9.0,200.0,40700.0,2.0,462.2,208.0,1200.0,0.0,0.0,1600000000.0,1600000000.0,341280000.0,0.0,0.0,,0.0,0.0,0.0
2023-04-06,208.0,0.0,0.0,206.0,194.0,204.0,-4.0,700.0,140900.0,7.0,453.3,204.0,500.0,194.0,200.0,1600000000.0,1600000000.0,341280000.0,0.0,0.0,,0.0,0.0,0.0
2023-04-10,204.0,0.0,0.0,212.0,208.0,208.0,4.0,1000.0,209400.0,4.0,462.2,208.0,4800.0,194.0,200.0,1600000000.0,1600000000.0,341280000.0,0.0,0.0,,0.0,0.0,0.0
2023-04-11,208.0,0.0,0.0,222.0,195.0,222.0,14.0,24500.0,5177900.0,18.0,493.3,0.0,0.0,194.0,1000.0,1600000000.0,1600000000.0,341280000.0,0.0,0.0,,0.0,0.0,0.0
2023-04-12,222.0,0.0,0.0,224.0,210.0,220.0,-2.0,135400.0,30018000.0,15.0,488.9,220.0,2100.0,0.0,0.0,1600000000.0,1600000000.0,341280000.0,0.0,0.0,,0.0,0.0,0.0
2023-04-13,220.0,0.0,0.0,222.0,220.0,220.0,0.0,400.0,88200.0,3.0,488.9,220.0,20300.0,0.0,0.0,1600000000.0,1600000000.0,341280000.0,0.0,0.0,,0.0,0.0,0.0
2023-04-14,220.0,0.0,0.0,220.0,220.0,220.0,0.0,200.0,44000.0,1.0,488.9,220.0,7800.0,206.0,5000.0,1600000000.0,1600000000.0,341280000.0,0.0,0.0,,0.0,0.0,0.0
2023-04-17,220.0,0.0,0.0,0.0,0.0,220.0,0.0,0.0,0.0,0.0,488.9,218.0,1200.0,0.0,0.0,1600000000.0,1600000000.0,341280000.0,0.0,0.0,,0.0,0.0,0.0
2023-04-18,220.0,0.0,0.0,224.0,208.0,224.0,4.0,120200.0,26683200.0,14.0,497.8,224.0,1000.0,210.0,200.0,1600000000.0,1600000000.0,341280000.0,0.0,0.0,,0.0,0.0,0.0
2023-04-26,224.0,0.0,0.0,0.0,0.0,224.0,0.0,0.0,0.0,0.0,497.8,226.0,2900.0,0.0,0.0,1600000000.0,1600000000.0,341280000.0,0.0,0.0,,0.0,0.0,0.0
2023-04-27,224.0,0.0,0.0,222.0,222.0,222.0,-2.0,1400.0,310800.0,3.0,493.3,222.0,1500.0,0.0,0.0,1600000000.0,1600000000.0,341280000.0,0.0,0.0,,0.0,0.0,0.0
2023-04-28,222.0,0.0,0.0,226.0,222.0,222.0,0.0,2700.0,607400.0,5.0,493.3,226.0,100.0,212.0,200.0,1600000000.0,1600000000.0,341280000.0,0.0,0.0,,0.0,0.0,0.0
2023-05-02,222.0,0.0,0.0,212.0,212.0,212.0,-10.0,100.0,21200.0,1.0,471.1,226.0,100.0,212.0,200.0,1600000000.0,1600000000.0,341280000.0,0.0,0.0,,0.0,0.0,0.0
2023-05-03,212.0,0.0,0.0,212.0,202.0,202.0,-10.0,600.0,123200.0,3.0,448.9,202.0,100.0,198.0,200.0,1600000000.0,1600000000.0,341280000.0,0.0,0.0,,0.0,0.0,0.0
2023-05-04,202.0,0.0,0.0,202.0,197.0,202.0,0.0,700.0,138600.0,4.0,448.9,206.0,100.0,202.0,100.0,1600000000.0,1600000000.0,341280000.0,0.0,0.0,,0.0,0.0,0.0
2023-05-05,202.0,0.0,0.0,212.0,206.0,210.0,8.0,160600.0,34046000.0,13.0,466.7,214.0,100.0,189.0,700.0,1600000000.0,1600000000.0,341280000.0,0.0,0.0,,0.0,0.0,0.0
2023-05-08,210.0,0.0,0.0,228.0,226.0,228.0,18.0,160100.0,36422600.0,9.0,506.7,230.0,600.0,210.0,100.0,1600000000.0,1600000000.0,341280000.0,0.0,0.0,,0.0,0.0,0.0
2023-05-09,228.0,0.0,0.0,242.0,232.0,242.0,14.0,36200.0,8745000.0,8.0,537.8,244.0,600.0,0.0,0.0,1600000000.0,1600000000.0,341280000.0,0.0,0.0,,0.0,0.0,0.0
2023-05-10,242.0,0.0,0.0,0.0,0.0,242.0,0.0,0.0,0.0,0.0,537.8,256.0,600.0,242.0,100.0,1600000000.0,1600000000.0,341280000.0,0.0,0.0,,0.0,0.0,0.0
2023-05-11,242.0,0.0,0.0,266.0,252.0,266.0,24.0,2000.0,518200.0,13.0,591.1,0.0,0.0,266.0,300.0,1600000000.0,1600000000.0,341280000.0,0.0,0.0,,0.0,0.0,0.0
2023-05-12,266.0,0.0,0.0,292.0,266.0,284.0,18.0,3300.0,917200.0,11.0,631.1,292.0,4400.0,0.0,0.0,1600000000.0,1600000000.0,341280000.0,0.0,0.0,,0.0,0.0,0.0
2023-05-15,284.0,0.0,0.0,312.0,288.0,312.0,28.0,78800.0,24203200.0,42.0,693.3,312.0,20000.0,288.0,11400.0,1600000000.0,1600000000.0,341280000.0,0.0,0.0,,0.0,0.0,0.0
2023-05-16,312.0,0.0,0.0,310.0,292.0,292.0,-20.0,33600.0,9829200.0,10.0,648.9,292.0,24400.0,0.0,0.0,1600000000.0,1600000000.0,341280000.0,15700.0,0.0,,0.0,0.0,0.0
2023-05-17,292.0,0.0,0.0,312.0,286.0,296.0,4.0,15700.0,4672400.0,11.0,657.8,296.0,2000.0,282.0,100.0,1600000000.0,1600000000.0,341280000.0,14300.0,0.0,,0.0,0.0,0.0
2023-05-19,296.0,0.0,0.0,288.0,276.0,276.0,-20.0,26100.0,7262400.0,12.0,613.3,276.0,4900.0,0.0,0.0,1600000000.0,1600000000.0,341280000.0,14200.0,300.0,,0.0,0.0,0.0
2023-05-22,276.0,0.0,0.0,276.0,258.0,258.0,-18.0,400.0,107000.0,4.0,573.3,272.0,100.0,0.0,0.0,1600000000.0,1600000000.0,341280000.0,0.0,0.0,,0.0,0.0,0.0
2023-05-23,258.0,0.0,0.0,262.0,240.0,254.0,-4.0,17300.0,4321400.0,15.0,564.4,256.0,100.0,254.0,300.0,1600000000.0,1600000000.0,341280000.0,300.0,0.0,,0.0,0.0,0.0
2023-05-24,254.0,0.0,0.0,278.0,254.0,276.0,22.0,3900.0,1068200.0,11.0,613.3,268.0,100.0,252.0,100.0,1600000000.0,1600000000.0,341280000.0,0.0,0.0,,0.0,0.0,0.0
2023-05-25,276.0,0.0,0.0,302.0,274.0,276.0,0.0,5000.0,1448600.0,20.0,613.3,294.0,1600.0,274.0,100.0,1600000000.0,1600000000.0,341280000.0,0.0,0.0,,0.0,0.0,0.0
2023-05-26,276.0,0.0,0.0,288.0,272.0,288.0,12.0,18900.0,5425600.0,5.0,640.0,296.0,100.0,282.0,500.0,1600000000.0,1600000000.0,341280000.0,0.0,1000.0,,0.0,0.0,0.0
2023-05-29,288.0,0.0,0.0,296.0,278.0,292.0,4.0,85900.0,24403400.0,15.0,648.9,294.0,5500.0,0.0,0.0,1600000000.0,1600000000.0,341280000.0,100.0,0.0,,0.0,0.0,0.0
2023-05-30,292.0,0.0,0.0,0.0,0.0,292.0,0.0,0.0,0.0,0.0,648.9,292.0,1100.0,0.0,0.0,1600000000.0,1600000000.0,341280000.0,0.0,0.0,,0.0,0.0,0.0
2023-05-31,292.0,0.0,0.0,310.0,272.0,306.0,14.0,10900.0,3197000.0,44.0,680.0,306.0,15200.0,272.0,300.0,1600000000.0,1600000000.0,341280000.0,900.0,0.0,,0.0,0.0,0.0
2023-06-05,306.0,0.0,0.0,304.0,292.0,298.0,-8.0,15000.0,4509000.0,12.0,662.2,300.0,400.0,296.0,3000.0,1600000000.0,1600000000.0,341280000.0,0.0,0.0,,0.0,0.0,0.0
2023-06-06,298.0,0.0,0.0,300.0,296.0,300.0,2.0,24200.0,7185000.0,7.0,666.7,310.0,1000.0,298.0,10000.0,1600000000.0,1600000000.0,341280000.0,0.0,2400.0,,0.0,0.0,0.0
2023-06-07,300.0,0.0,0.0,310.0,300.0,304.0,4.0,22800.0,6874800.0,11.0,675.6,308.0,600.0,304.0,100.0,1600000000.0,1600000000.0,341280000.0,2400.0,0.0,,0.0,0.0,0.0
2023-06-08,304.0,0.0,0.0,308.0,308.0,308.0,4.0,400.0,123200.0,2.0,684.4,308.0,700.0,0.0,0.0,1600000000.0,1600000000.0,341280000.0,0.0,0.0,,0.0,0.0,0.0
2023-06-09,308.0,0.0,0.0,308.0,304.0,306.0,-2.0,6500.0,1988600.0,3.0,680.0,306.0,4100.0,0.0,0.0,1600000000.0,1600000000.0,341280000.0,0.0,0.0,,0.0,0.0,0.0
2023-06-12,306.0,0.0,0.0,306.0,304.0,304.0,-2.0,600.0,183400.0,3.0,675.6,304.0,800.0,0.0,0.0,1600000000.0,1600000000.0,341280000.0,0.0,0.0,,0.0,0.0,0.0
2023-06-13,304.0,0.0,0.0,314.0,304.0,310.0,6.0,85300.0,26345600.0,27.0,688.9,310.0,19700.0,302.0,1000.0,1600000000.0,1600000000.0,341280000.0,0.0,0.0,,0.0,0.0,0.0
2023-06-14,310.0,0.0,0.0,324.0,264.0,294.0,-16.0,32000.0,10169400.0,11.0,653.3,318.0,1800.0,310.0,3000.0,1600000000.0,1600000000.0,341280000.0,0.0,0.0,,0.0,0.0,0.0
2023-06-15,294.0,0.0,0.0,298.0,298.0,298.0,4.0,400.0,119200.0,2.0,662.2,310.0,5000.0,302.0,100.0,1600000000.0,1600000000.0,341280000.0,0.0,0.0,,0.0,0.0,0.0
2023-06-16,298.0,0.0,0.0,0.0,0.0,298.0,0.0,0.0,0.0,0.0,662.2,314.0,70000.0,306.0,7000.0,1600000000.0,1600000000.0,341280000.0,0.0,0.0,,0.0,0.0,0.0
2023-06-19,298.0,0.0,0.0,316.0,298.0,314.0,16.0,337600.0,102229600.0,17.0,697.8,314.0,26000.0,298.0,5000.0,1600000000.0,1600000000.0,341280000.0,25200.0,0.0,,0.0,0.0,0.0
2023-06-20,314.0,0.0,0.0,308.0,300.0,306.0,-8.0,80700.0,24284400.0,9.0,680.0,306.0,400.0,282.0,100.0,1600000000.0,1600000000.0,341280000.0,0.0,0.0,,0.0,0.0,0.0
2023-06-21,306.0,0.0,0.0,0.0,0.0,306.0,0.0,0.0,0.0,0.0,680.0,296.0,10000.0,282.0,100.0,1600000000.0,1600000000.0,341280000.0,0.0,0.0,,0.0,0.0,0.0
2023-06-22,306.0,0.0,0.0,306.0,296.0,296.0,-10.0,101200.0,30956000.0,4.0,657.8,296.0,8900.0,272.0,100.0,1600000000.0,1600000000.0,341280000.0,0.0,0.0,,0.0,0.0,0.0
2023-06-23,296.0,0.0,0.0,296.0,296.0,296.0,0.0,1100.0,325600.0,2.0,657.8,296.0,1400.0,252.0,4100.0,1600000000.0,1600000000.0,341280000.0,0.0,0.0,,0.0,0.0,0.0
2023-06-26,296.0,0.0,0.0,0.0,0.0,296.0,0.0,0.0,0.0,0.0,657.8,302.0,100.0,0.0,0.0,1600000000.0,1600000000.0,341280000.0,0.0,0.0,,0.0,0.0,0.0
2023-06-27,296.0,0.0,0.0,302.0,302.0,302.0,6.0,100.0,30200.0,1.0,671.1,318.0,500.0,254.0,4000.0,1600000000.0,1600000000.0,341280000.0,0.0,0.0,,0.0,0.0,0.0
2023-07-03,302.0,0.0,0.0,320.0,258.0,258.0,-44.0,61200.0,16097200.0,41.0,573.3,258.0,8100.0,0.0,0.0,1600000000.0,1600000000.0,341120000.0,30500.0,7300.0,,0.0,0.0,0.0
2023-07-04,258.0,0.0,0.0,258.0,226.0,252.0,-6.0,9000.0,2216200.0,28.0,560.0,250.0,200.0,238.0,500.0,1600000000.0,1600000000.0,341120000.0,1200.0,0.0,,0.0,0.0,0.0
2023-07-05,252.0,0.0,0.0,262.0,226.0,258.0,6.0,19200.0,4612000.0,37.0,573.3,262.0,8500.0,252.0,100.0,1600000000.0,1600000000.0,341120000.0,0.0,0.0,,0.0,0.0,0.0
2023-07-06,258.0,0.0,0.0,282.0,258.0,276.0,18.0,26500.0,7258400.0,41.0,613.3,276.0,100.0,274.0,300.0,1600000000.0,1600000000.0,341120000.0,0.0,0.0,,0.0,0.0,0.0
2023-07-07,276.0,0.0,0.0,316.0,278.0,278.0,2.0,500.0,147000.0,5.0,617.8,278.0,2300.0,262.0,100.0,1600000000.0,1600000000.0,341120000.0,0.0,0.0,,0.0,0.0,0.0
2023-07-10,278.0,0.0,0.0,0.0,0.0,278.0,0.0,0.0,0.0,0.0,617.8,278.0,1500.0,264.0,100.0,1600000000.0,1600000000.0,341120000.0,0.0,0.0,,0.0,0.0,0.0
2023-07-11,278.0,0.0,0.0,300.0,278.0,292.0,14.0,218100.0,62887800.0,24.0,648.9,292.0,10003000.0,278.0,500.0,1600000000.0,1600000000.0,341120000.0,6100.0,0.0,,0.0,0.0,0.0
2023-07-12,292.0,0.0,0.0,298.0,272.0,288.0,-4.0,35300.0,10453800.0,9.0,640.0,292.0,100.0,288.0,100.0,1600000000.0,1600000000.0,341120000.0,0.0,0.0,,0.0,0.0,0.0
2023-07-13,288.0,0.0,0.0,288.0,288.0,288.0,0.0,1100.0,316800.0,3.0,640.0,286.0,900.0,274.0,100.0,1600000000.0,1600000000.0,341120000.0,0.0,700.0,,0.0,0.0,0.0
2023-07-14,288.0,0.0,0.0,0.0,0.0,288.0,0.0,0.0,0.0,0.0,640.0,294.0,400.0,272.0,100.0,1600000000.0,1600000000.0,341120000.0,0.0,0.0,,0.0,0.0,0.0
2023-07-17,288.0,0.0,0.0,0.0,0.0,288.0,0.0,0.0,0.0,0.0,640.0,288.0,6200.0,268.0,100.0,1600000000.0,1600000000.0,341120000.0,0.0,0.0,,0.0,0.0,0.0
2023-07-18,288.0,0.0,0.0,0.0,0.0,288.0,0.0,0.0,0.0,0.0,640.0,288.0,6200.0,256.0,100.0,1600000000.0,1600000000.0,341120000.0,0.0,0.0,,0.0,0.0,0.0
2023-07-20,288.0,0.0,0.0,294.0,278.0,294.0,6.0,8700.0,2508800.0,8.0,653.3,298.0,100.0,290.0,100.0,1600000000.0,1600000000.0,341120000.0,0.0,400.0,,0.0,0.0,0.0
2023-07-21,294.0,0.0,0.0,322.0,294.0,318.0,24.0,1300.0,407600.0,9.0,706.7,320.0,4400.0,292.0,100.0,1600000000.0,1600000000.0,341120000.0,0.0,0.0,,0.0,0.0,0.0
2023-07-24,318.0,0.0,0.0,318.0,316.0,316.0,-2.0,51800.0,16369000.0,12.0,702.2,316.0,3900.0,302.0,100.0,1600000000.0,1600000000.0,341120000.0,1100.0,0.0,,0.0,0.0,0.0
2023-07-25,316.0,0.0,0.0,314.0,314.0,314.0,-2.0,35000.0,10990000.0,6.0,697.8,316.0,4300.0,302.0,100.0,1600000000.0,1600000000.0,341120000.0,0.0,0.0,,0.0,0.0,0.0
2023-07-26,314.0,0.0,0.0,316.0,302.0,302.0,-12.0,10100.0,3190200.0,4.0,671.1,308.0,100.0,272.0,400.0,1600000000.0,1600000000.0,341120000.0,0.0,0.0,,0.0,0.0,0.0
2023-07-27,302.0,0.0,0.0,308.0,308.0,308.0,6.0,400.0,123200.0,3.0,684.4,308.0,2600.0,260.0,4000.0,1600000000.0,1600000000.0,341120000.0,0.0,0.0,,0.0,0.0,0.0
2023-07-28,308.0,0.0,0.0,324.0,316.0,324.0,16.0,10100.0,3200400.0,12.0,720.0,330.0,1100.0,300.0,100.0,1600000000.0,1600000000.0,341120000.0,0.0,0.0,,0.0,0.0,0.0
2023-07-31,324.0,0.0,0.0,0.0,0.0,324.0,0.0,0.0,0.0,0.0,720.0,316.0,1000.0,300.0,100.0,1600000000.0,1600000000.0,341120000.0,0.0,0.0,,0.0,0.0,0.0
2023-08-01,324.0,0.0,0.0,316.0,316.0,316.0,-8.0,200.0,63200.0,2.0,702.2,316.0,800.0,276.0,4000.0,1600000000.0,1600000000.0,341120000.0,0.0,0.0,,0.0,0.0,0.0
2023-08-02,316.0,0.0,0.0,316.0,300.0,310.0,-6.0,31400.0,9628600.0,13.0,688.9,310.0,1200.0,274.0,600.0,1600000000.0,1600000000.0,341120000.0,0.0,0.0,,0.0,0.0,0.0
2023-08-03,310.0,0.0,0.0,342.0,328.0,330.0,20.0,93600.0,31309400.0,49.0,733.3,330.0,30300.0,320.0,300.0,1600000000.0,1600000000.0,341120000.0,900.0,900.0,,0.0,0.0,0.0
2023-08-04,330.0,0.0,0.0,320.0,290.0,320.0,-10.0,29900.0,9016400.0,40.0,711.1,320.0,5300.0,312.0,100.0,1600000000.0,1600000000.0,341120000.0,2100.0,2100.0,,0.0,0.0,0.0
2023-08-07,320.0,0.0,0.0,320.0,286.0,318.0,-2.0,34000.0,10578000.0,19.0,706.7,318.0,19800.0,312.0,1000.0,1600000000.0,1600000000.0,341120000.0,0.0,0.0,,3144700.0,1000014600.0,1.0
2023-08-08,318.0,0.0,0.0,318.0,290.0,298.0,-20.0,35500.0,10727800.0,13.0,662.2,314.0,6200.0,312.0,500.0,1600000000.0,1600000000.0,341120000.0,0.0,1200.0,,0.0,0.0,0.0
2023-08-09,298.0,0.0,0.0,324.0,304.0,306.0,8.0,8100.0,2523800.0,12.0,680.0,306.0,6300.0,294.0,100.0,1600000000.0,1600000000.0,341120000.0,0.0,0.0,,0.0,0.0,0.0
2023-08-10,306.0,0.0,0.0,320.0,288.0,290.0,-16.0,34900.0,10163400.0,26.0,644.4,290.0,500.0,282.0,100.0,1600000000.0,1600000000.0,341120000.0,0.0,1700.0,,0.0,0.0,0.0
2023-08-11,290.0,0.0,0.0,290.0,288.0,288.0,-2.0,300.0,86600.0,2.0,640.0,294.0,200.0,270.0,100.0,1600000000.0,1600000000.0,341120000.0,0.0,0.0,,0.0,0.0,0.0
2023-08-14,288.0,0.0,0.0,316.0,290.0,316.0,28.0,30500.0,9093000.0,11.0,702.2,300.0,30100.0,298.0,2000.0,1600000000.0,1600000000.0,341120000.0,2900.0,0.0,,0.0,0.0,0.0
2023-08-15,316.0,0.0,0.0,310.0,294.0,310.0,-6.0,17800.0,5286800.0,8.0,688.9,310.0,800.0,302.0,100.0,1600000000.0,1600000000.0,341120000.0,0.0,10500.0,,0.0,0.0,0.0
2023-08-16,310.0,0.0,0.0,296.0,292.0,296.0,-14.0,16600.0,4859600.0,14.0,657.8,296.0,3500.0,288.0,2500.0,1600000000.0,1600000000.0,341120000.0,2100.0,0.0,,0.0,0.0,0.0
2023-08-18,296.0,0.0,0.0,298.0,296.0,296.0,0.0,300.0,89200.0,2.0,657.8,296.0,900.0,252.0,4100.0,1600000000.0,1600000000.0,341120000.0,0.0,0.0,,0.0,0.0,0.0
2023-08-21,296.0,0.0,0.0,304.0,292.0,304.0,8.0,15600.0,4700200.0,15.0,675.6,304.0,900.0,254.0,4000.0,1600000000.0,1600000000.0,341120000.0,2800.0,0.0,,0.0,0.0,0.0
2023-08-22,304.0,0.0,0.0,304.0,304.0,304.0,0.0,500.0,152000.0,1.0,675.6,304.0,300.0,260.0,4000.0,1600000000.0,1600000000.0,341120000.0,0.0,0.0,,0.0,0.0,0.0
2023-08-23,304.0,0.0,0.0,298.0,262.0,296.0,-8.0,700.0,200800.0,6.0,657.8,296.0,800.0,260.0,4100.0,1600000000.0,1600000000.0,341120000.0,0.0,0.0,,0.0,0.0,0.0
2023-08-24,296.0,0.0,0.0,316.0,310.0,316.0,20.0,98500.0,30816000.0,26.0,702.2,316.0,18900.0,300.0,100.0,1600000000.0,1600000000.0,341120000.0,5600.0,0.0,,0.0,0.0,0.0
2023-08-25,316.0,0.0,0.0,306.0,296.0,304.0,-12.0,7200.0,2189200.0,7.0,675.6,304.0,1600.0,298.0,500.0,1600000000.0,1600000000.0,341120000.0,0.0,0.0,,0.0,0.0,0.0
2023-08-28,304.0,0.0,0.0,304.0,288.0,288.0,-16.0,2000.0,577600.0,3.0,640.0,304.0,200.0,288.0,3500.0,1600000000.0,1600000000.0,341120000.0,0.0,0.0,,0.0,0.0,0.0
2023-08-29,288.0,0.0,0.0,300.0,284.0,300.0,12.0,1700.0,488400.0,5.0,666.7,312.0,1500.0,262.0,100.0,1600000000.0,1600000000.0,341120000.0,0.0,0.0,,0.0,0.0,0.0
2023-08-30,300.0,0.0,0.0,300.0,300.0,300.0,0.0,100.0,30000.0,1.0,666.7,302.0,600.0,262.0,100.0,1600000000.0,1600000000.0,341120000.0,0.0,0.0,,0.0,0.0,0.0
2023-08-31,300.0,0.0,0.0,290.0,288.0,288.0,-12.0,3600.0,1040000.0,3.0,640.0,306.0,100.0,260.0,4000.0,1600000000.0,1600000000.0,341120000.0,0.0,500.0,,0.0,0.0,0.0
2023-09-01,288.0,0.0,0.0,306.0,300.0,306.0,18.0,49500.0,14969400.0,16.0,680.0,312.0,1000.0,280.0,1000.0,1600000000.0,1600000000.0,341120000.0,500.0,0.0,,0.0,0.0,0.0
2023-09-04,306.0,0.0,0.0,310.0,306.0,310.0,4.0,35100.0,10801000.0,9.0,688.9,310.0,5700.0,292.0,100.0,1600000000.0,1600000000.0,341120000.0,0.0,0.0,,0.0,0.0,0.0
2023-09-05,310.0,0.0,0.0,310.0,284.0,284.0,-26.0,34800.0,10613800.0,14.0,631.1,288.0,3900.0,260.0,4000.0,1600000000.0,1600000000.0,341120000.0,0.0,0.0,,0.0,0.0,0.0
2023-09-06,284.0,0.0,0.0,282.0,282.0,282.0,-2.0,30100.0,8488200.0,6.0,626.7,282.0,900.0,278.0,400.0,1600000000.0,1600000000.0,341120000.0,0.0,0.0,,0.0,0.0,0.0
2023-09-07,282.0,0.0,0.0,286.0,284.0,284.0,2.0,8100.0,2301600.0,6.0,631.1,290.0,100.0,228.0,5000.0,1600000000.0,1600000000.0,341120000.0,0.0,0.0,,0.0,0.0,0.0
2023-09-08,284.0,0.0,0.0,298.0,284.0,292.0,8.0,60300.0,17407600.0,18.0,648.9,298.0,10000.0,294.0,3200.0,1600000000.0,1600000000.0,341120000.0,0.0,0.0,,0.0,0.0,0.0
2023-09-11,292.0,0.0,0.0,288.0,288.0,288.0,-4.0,3000.0,864000.0,1.0,640.0,300.0,3000.0,252.0,100.0,1600000000.0,1600000000.0,341120000.0,0.0,0.0,,0.0,0.0,0.0
2023-09-12,288.0,0.0,0.0,306.0,288.0,288.0,0.0,153400.0,45126000.0,68.0,640.0,290.0,46300.0,288.0,44800.0,1600000000.0,1600000000.0,341120000.0,0.0,0.0,,0.0,0.0,0.0
2023-09-13,288.0,0.0,0.0,300.0,270.0,280.0,-8.0,65900.0,19010600.0,24.0,622.2,280.0,100.0,270.0,1100.0,1600000000.0,1600000000.0,341120000.0,0.0,0.0,,0.0,0.0,0.0
2023-09-14,280.0,0.0,0.0,290.0,256.0,290.0,10.0,108800.0,29981200.0,41.0,644.4,290.0,300.0,264.0,4000.0,1600000000.0,1600000000.0,341120000.0,1000.0,1100.0,,0.0,0.0,0.0
2023-09-15,290.0,0.0,0.0,280.0,270.0,270.0,-20.0,51600.0,14235200.0,13.0,600.0,284.0,100.0,250.0,1000.0,1600000000.0,1600000000.0,341120000.0,0.0,0.0,,0.0,0.0,0.0
2023-09-18,270.0,0.0,0.0,284.0,282.0,284.0,14.0,3400.0,964800.0,5.0,631.1,298.0,200.0,284.0,400.0,1600000000.0,1600000000.0,341120000.0,0.0,0.0,,0.0,0.0,0.0
2023-09-19,284.0,0.0,0.0,298.0,272.0,274.0,-10.0,3400.0,951600.0,9.0,608.9,274.0,19500.0,272.0,900.0,1600000000.0,1600000000.0,341120000.0,0.0,1400.0,,0.0,0.0,0.0
2023-09-20,274.0,0.0,0.0,300.0,268.0,298.0,24.0,72800.0,20237600.0,21.0,662.2,298.0,11000.0,272.0,100.0,1600000000.0,1600000000.0,341120000.0,6100.0,0.0,,0.0,0.0,0.0
2023-09-21,298.0,0.0,0.0,338.0,260.0,260.0,-38.0,31300.0,9213000.0,43.0,577.8,292.0,3500.0,260.0,1100.0,1600000000.0,1600000000.0,341120000.0,1400.0,1600.0,,0.0,0.0,0.0
2023-09-22,260.0,0.0,0.0,298.0,250.0,298.0,38.0,75300.0,20341000.0,48.0,662.2,298.0,6200.0,270.0,600.0,1600000000.0,1600000000.0,341120000.0,6700.0,5100.0,,0.0,0.0,0.0
2023-09-25,298.0,0.0,0.0,298.0,262.0,262.0,-36.0,10700.0,3139200.0,12.0,582.2,288.0,300.0,264.0,1200.0,1600000000.0,1600000000.0,341120000.0,0.0,0.0,,0.0,0.0,0.0
2023-09-26,262.0,0.0,0.0,264.0,262.0,262.0,0.0,11700.0,3069000.0,9.0,582.2,264.0,6700.0,262.0,900.0,1600000000.0,1600000000.0,341120000.0,0.0,4500.0,,0.0,0.0,0.0
2023-09-27,262.0,0.0,0.0,258.0,252.0,258.0,-4.0,6900.0,1779000.0,3.0,573.3,274.0,1000.0,260.0,100.0,1600000000.0,1600000000.0,341120000.0,0.0,6600.0,,62468400.0,15866973600.0,2.0
2023-09-29,258.0,0.0,0.0,320.0,260.0,320.0,62.0,66300.0,20666200.0,56.0,711.1,0.0,0.0,320.0,1200.0,1600000000.0,1600000000.0,341120000.0,0.0,2500.0,,68916500.0,17918290000.0,5.0
2023-10-02,320.0,0.0,0.0,392.0,300.0,392.0,72.0,1633500.0,571389600.0,95.0,871.1,392.0,35500.0,298.0,600.0,1600000000.0,1600000000.0,340800000.0,463600.0,0.0,,0.0,0.0,0.0
2023-10-03,392.0,0.0,0.0,460.0,362.0,366.0,-26.0,1474600.0,618690400.0,184.0,813.3,368.0,100.0,366.0,900.0,1600000000.0,1600000000.0,340800000.0,36000.0,4400.0,,131384900.0,59123205000.0,5.0
2023-10-04,366.0,0.0,0.0,376.0,320.0,342.0,-24.0,375200.0,128161800.0,101.0,760.0,342.0,84600.0,336.0,9300.0,1600000000.0,1600000000.0,340800000.0,283800.0,3100.0,,0.0,0.0,0.0
2023-10-05,342.0,0.0,0.0,330.0,284.0,300.0,-42.0,1221400.0,367081200.0,139.0,666.7,300.0,114300.0,286.0,1500.0,1600000000.0,1600000000.0,340800000.0,963400.0,2000.0,,49723100.0,16353067200.0,2.0
2023-10-06,300.0,0.0,0.0,298.0,278.0,278.0,-22.0,106700.0,29814800.0,32.0,617.8,278.0,15800.0,276.0,100.0,1600000000.0,1600000000.0,340800000.0,0.0,0.0,,0.0,0.0,0.0
2023-10-09,278.0,0.0,0.0,278.0,266.0,266.0,-12.0,26100.0,7052200.0,26.0,591.1,270.0,10400.0,266.0,1700.0,1600000000.0,1600000000.0,340800000.0,1800.0,0.0,,0.0,0.0,0.0
2023-10-10,266.0,0.0,0.0,278.0,270.0,274.0,8.0,3100.0,859600.0,8.0,608.9,280.0,200.0,272.0,200.0,1600000000.0,1600000000.0,340800000.0,2400.0,0.0,,0.0,0.0,0.0
2023-10-11,274.0,0.0,0.0,274.0,266.0,266.0,-8.0,20800.0,5629800.0,14.0,591.1,272.0,200.0,266.0,18100.0,1600000000.0,1600000000.0,340800000.0,10500.0,0.0,,0.0,0.0,0.0
2023-10-12,266.0,0.0,0.0,272.0,260.0,270.0,4.0,50600.0,13467200.0,16.0,600.0,272.0,100.0,260.0,900.0,1600000000.0,1600000000.0,340800000.0,31600.0,0.0,,0.0,0.0,0.0
2023-10-13,270.0,0.0,0.0,276.0,254.0,276.0,6.0,9500.0,2564800.0,43.0,613.3,276.0,1400.0,266.0,600.0,1600000000.0,1600000000.0,340800000.0,3200.0,0.0,,2000000.0,420000000.0,1.0
2023-10-16,276.0,0.0,0.0,282.0,270.0,282.0,6.0,9300.0,2597600.0,25.0,626.7,282.0,5700.0,276.0,200.0,1600000000.0,1600000000.0,340800000.0,0.0,0.0,,0.0,0.0,0.0
2023-10-17,282.0,0.0,0.0,284.0,276.0,284.0,2.0,3100.0,871800.0,14.0,631.1,284.0,2000.0,276.0,100.0,1600000000.0,1600000000.0,340800000.0,0.0,0.0,,0.0,0.0,0.0
2023-10-18,284.0,0.0,0.0,298.0,272.0,292.0,8.0,26300.0,7402800.0,53.0,648.9,288.0,5700.0,280.0,700.0,1600000000.0,1600000000.0,340800000.0,0.0,0.0,,0.0,0.0,0.0
2023-10-19,292.0,0.0,0.0,294.0,280.0,284.0,-8.0,12400.0,3535400.0,25.0,631.1,284.0,11200.0,280.0,900.0,1600000000.0,1600000000.0,340800000.0,0.0,0.0,,0.0,0.0,0.0
2023-10-20,284.0,0.0,0.0,286.0,284.0,286.0,2.0,8000.0,2286200.0,13.0,635.6,284.0,400.0,280.0,100.0,1600000000.0,1600000000.0,340800000.0,0.0,0.0,,0.0,0.0,0.0
2023-10-23,286.0,0.0,0.0,286.0,270.0,286.0,0.0,3400.0,955600.0,20.0,635.6,284.0,15000.0,280.0,100.0,1600000000.0,1600000000.0,340800000.0,0.0,0.0,,0.0,0.0,0.0
2023-10-24,286.0,0.0,0.0,286.0,272.0,286.0,0.0,10400.0,2971000.0,17.0,635.6,286.0,9500.0,274.0,500.0,1600000000.0,1600000000.0,340800000.0,0.0,0.0,,0.0,0.0,0.0
2023-10-25,286.0,0.0,0.0,290.0,282.0,284.0,-2.0,6000.0,1715000.0,13.0,631.1,286.0,11000.0,282.0,500.0,1600000000.0,1600000000.0,340800000.0,0.0,0.0,,0.0,0.0,0.0
2023-10-26,284.0,0.0,0.0,284.0,274.0,284.0,0.0,2000.0,562000.0,8.0,631.1,284.0,900.0,270.0,1800.0,1600000000.0,1600000000.0,340800000.0,0.0,0.0,,0.0,0.0,0.0
2023-10-27,284.0,0.0,0.0,290.0,282.0,284.0,0.0,46500.0,13194200.0,14.0,631.1,286.0,300.0,284.0,200.0,1600000000.0,1600000000.0,340800000.0,0.0,3700.0,,2800000.0,599200000.0,1.0
2023-10-30,284.0,0.0,0.0,282.0,268.0,274.0,-10.0,4000.0,1083600.0,9.0,608.9,276.0,100.0,272.0,200.0,1600000000.0,1600000000.0,340800000.0,0.0,0.0,,0.0,0.0,0.0
2023-10-31,274.0,0.0,0.0,276.0,274.0,274.0,0.0,1700.0,466600.0,4.0,608.9,288.0,1500.0,274.0,5500.0,1600000000.0,1600000000.0,340800000.0,0.0,0.0,,0.0,0.0,0.0
2023-11-01,274.0,0.0,0.0,286.0,274.0,276.0,2.0,2800.0,777400.0,11.0,613.3,278.0,100.0,264.0,200.0,1600000000.0,1600000000.0,340800000.0,900.0,0.0,,0.0,0.0,0.0
2023-11-02,276.0,0.0,0.0,272.0,266.0,272.0,-4.0,900.0,242800.0,7.0,604.4,274.0,100.0,272.0,1300.0,1600000000.0,1600000000.0,340800000.0,0.0,0.0,,0.0,0.0,0.0
2023-11-03,272.0,0.0,0.0,272.0,272.0,272.0,0.0,100.0,27200.0,1.0,604.4,286.0,200.0,274.0,400.0,1600000000.0,1600000000.0,340800000.0,0.0,0.0,,0.0,0.0,0.0
2023-11-06,272.0,0.0,0.0,288.0,272.0,272.0,0.0,1500.0,421600.0,10.0,604.4,282.0,100.0,272.0,800.0,1600000000.0,1600000000.0,340800000.0,0.0,0.0,,0.0,0.0,0.0
2023-11-07,272.0,0.0,0.0,272.0,264.0,264.0,-8.0,1000.0,270400.0,4.0,586.7,274.0,100.0,268.0,2400.0,1600000000.0,1600000000.0,340800000.0,0.0,0.0,,0.0,0.0,0.0
2023-11-08,264.0,0.0,0.0,262.0,250.0,262.0,-2.0,800.0,204800.0,8.0,582.2,264.0,100.0,262.0,300.0,1600000000.0,1600000000.0,340800000.0,0.0,0.0,,0.0,0.0,0.0
2023-11-09,262.0,0.0,0.0,276.0,252.0,276.0,14.0,2500.0,685400.0,7.0,613.3,276.0,200.0,262.0,300.0,1600000000.0,1600000000.0,340800000.0,0.0,0.0,,0.0,0.0,0.0
2023-11-10,276.0,0.0,0.0,282.0,278.0,278.0,2.0,1300.0,364400.0,5.0,617.8,280.0,5000.0,278.0,7300.0,1600000000.0,1600000000.0,340800000.0,800.0,0.0,,0.0,0.0,0.0
2023-11-13,278.0,0.0,0.0,292.0,242.0,292.0,14.0,8500.0,2386400.0,28.0,648.9,292.0,1000.0,262.0,100.0,1600000000.0,1600000000.0,340800000.0,500.0,0.0,,0.0,0.0,0.0
2023-11-14,292.0,0.0,0.0,280.0,274.0,274.0,-18.0,17300.0,4754600.0,11.0,608.9,274.0,9400.0,272.0,300.0,1600000000.0,1600000000.0,340800000.0,0.0,400.0,,0.0,0.0,0.0
2023-11-15,274.0,0.0,0.0,292.0,264.0,292.0,18.0,30800.0,8980200.0,8.0,648.9,292.0,1100.0,264.0,400.0,1600000000.0,1600000000.0,340800000.0,0.0,0.0,,0.0,0.0,0.0
2023-11-16,292.0,0.0,0.0,286.0,274.0,286.0,-6.0,1100.0,308600.0,3.0,635.6,290.0,6400.0,284.0,500.0,1600000000.0,1600000000.0,340800000.0,1000.0,0.0,,0.0,0.0,0.0
2023-11-17,286.0,0.0,0.0,286.0,278.0,278.0,-8.0,400.0,112800.0,4.0,617.8,286.0,4400.0,278.0,1900.0,1600000000.0,1600000000.0,340800000.0,0.0,0.0,,0.0,0.0,0.0
2023-11-20,278.0,0.0,0.0,286.0,268.0,268.0,-10.0,400.0,111200.0,4.0,595.6,282.0,100.0,270.0,100.0,1600000000.0,1600000000.0,340800000.0,0.0,0.0,,0.0,0.0,0.0
2023-11-21,268.0,0.0,0.0,284.0,268.0,272.0,4.0,9900.0,2670000.0,13.0,604.4,286.0,100.0,268.0,2000.0,1600000000.0,1600000000.0,340800000.0,500.0,0.0,,0.0,0.0,0.0
2023-11-22,272.0,0.0,0.0,294.0,282.0,288.0,16.0,63700.0,18360800.0,25.0,640.0,292.0,1000.0,288.0,11100.0,1600000000.0,1600000000.0,340800000.0,400.0,0.0,,0.0,0.0,0.0
2023-11-23,288.0,0.0,0.0,278.0,226.0,262.0,-26.0,103200.0,25639200.0,104.0,582.2,262.0,100.0,260.0,38200.0,1600000000.0,1600000000.0,340800000.0,0.0,8700.0,,0.0,0.0,0.0
2023-11-24,262.0,0.0,0.0,290.0,262.0,264.0,2.0,5900.0,1568800.0,21.0,586.7,264.0,1400.0,262.0,1000.0,1600000000.0,1600000000.0,340800000.0,600.0,0.0,,0.0,0.0,0.0
2023-11-27,264.0,0.0,0.0,294.0,260.0,266.0,2.0,41100.0,11545000.0,39.0,591.1,264.0,100.0,262.0,4800.0,1600000000.0,1600000000.0,340800000.0,4900.0,300.0,,0.0,0.0,0.0
2023-11-28,266.0,0.0,0.0,264.0,262.0,264.0,-2.0,400.0,105000.0,2.0,586.7,264.0,2300.0,260.0,5000.0,1600000000.0,1600000000.0,340800000.0,300.0,0.0,,0.0,0.0,0.0
2023-11-29,264.0,0.0,0.0,264.0,260.0,264.0,0.0,2800.0,732200.0,13.0,586.7,264.0,2000.0,216.0,5000.0,1600000000.0,1600000000.0,340800000.0,300.0,0.0,,0.0,0.0,0.0
2023-11-30,264.0,0.0,0.0,264.0,250.0,264.0,0.0,1000.0,255000.0,4.0,586.7,262.0,900.0,256.0,1300.0,1600000000.0,1600000000.0,340800000.0,0.0,0.0,,0.0,0.0,0.0
2023-12-01,264.0,0.0,0.0,286.0,262.0,262.0,-2.0,59900.0,16539000.0,26.0,582.2,262.0,600.0,260.0,600.0,1600000000.0,1600000000.0,340800000.0,3400.0,900.0,,0.0,0.0,0.0
2023-12-04,262.0,0.0,0.0,262.0,250.0,254.0,-8.0,1600.0,413600.0,5.0,564.4,264.0,1900.0,250.0,2900.0,1600000000.0,1600000000.0,340800000.0,400.0,0.0,,0.0,0.0,0.0
2023-12-05,254.0,0.0,0.0,300.0,244.0,246.0,-8.0,391500.0,109255600.0,455.0,546.7,246.0,2400.0,244.0,200.0,1600000000.0,1600000000.0,340800000.0,8600.0,12000.0,,0.0,0.0,0.0
2023-12-06,246.0,0.0,0.0,260.0,234.0,256.0,10.0,60900.0,14878400.0,91.0,568.9,256.0,3100.0,238.0,200.0,1600000000.0,1600000000.0,340800000.0,3400.0,0.0,,0.0,0.0,0.0
2023-12-07,256.0,0.0,0.0,268.0,238.0,246.0,-10.0,22400.0,5446600.0,41.0,546.7,246.0,2500.0,238.0,3800.0,1600000000.0,1600000000.0,340800000.0,0.0,0.0,,0.0,0.0,0.0
2023-12-08,246.0,0.0,0.0,280.0,230.0,246.0,0.0,7800.0,1915800.0,18.0,546.7,246.0,3000.0,236.0,500.0,1600000000.0,1600000000.0,340800000.0,0.0,0.0,,0.0,0.0,0.0
2023-12-11,246.0,0.0,0.0,246.0,234.0,238.0,-8.0,3500.0,841200.0,17.0,528.9,240.0,200.0,238.0,2700.0,1600000000.0,1600000000.0,340800000.0,0.0,1000.0,,0.0,0.0,0.0
2023-12-12,238.0,0.0,0.0,278.0,232.0,240.0,2.0,17500.0,4353200.0,63.0,533.3,242.0,100.0,238.0,100.0,1600000000.0,1600000000.0,340800000.0,700.0,2600.0,,0.0,0.0,0.0
2023-12-13,240.0,0.0,0.0,246.0,232.0,238.0,-2.0,3500.0,834800.0,11.0,528.9,244.0,500.0,238.0,1100.0,1600000000.0,1600000000.0,340800000.0,0.0,1600.0,,0.0,0.0,0.0
2023-12-14,238.0,0.0,0.0,246.0,240.0,246.0,8.0,500.0,121000.0,3.0,546.7,246.0,200.0,238.0,4900.0,1600000000.0,1600000000.0,340800000.0,0.0,0.0,,0.0,0.0,0.0
2023-12-15,246.0,0.0,0.0,246.0,240.0,246.0,0.0,400.0,96600.0,2.0,546.7,246.0,200.0,226.0,600.0,1600000000.0,1600000000.0,340800000.0,0.0,0.0,,0.0,0.0,0.0
2023-12-18,246.0,0.0,0.0,250.0,236.0,244.0,-2.0,2000.0,481800.0,5.0,542.2,244.0,100.0,238.0,3100.0,1600000000.0,1600000000.0,340800000.0,0.0,0.0,,0.0,0.0,0.0
2023-12-19,244.0,0.0,0.0,250.0,248.0,250.0,6.0,400.0,99400.0,2.0,555.6,246.0,400.0,236.0,200.0,1600000000.0,1600000000.0,340800000.0,0.0,0.0,,0.0,0.0,0.0
2023-12-20,250.0,0.0,0.0,248.0,238.0,240.0,-10.0,63300.0,15242200.0,23.0,533.3,242.0,200.0,238.0,100.0,1600000000.0,1600000000.0,340800000.0,2100.0,0.0,,0.0,0.0,0.0
2023-12-21,240.0,0.0,0.0,244.0,232.0,232.0,-8.0,1400.0,333600.0,9.0,515.6,240.0,1200.0,232.0,800.0,1600000000.0,1600000000.0,340800000.0,400.0,0.0,,0.0,0.0,0.0
2023-12-22,232.0,0.0,0.0,238.0,222.0,238.0,6.0,11000.0,2616200.0,11.0,528.9,240.0,400.0,238.0,300.0,1600000000.0,1600000000.0,340800000.0,700.0,0.0,,0.0,0.0,0.0
2023-12-27,238.0,0.0,0.0,278.0,240.0,278.0,40.0,9700.0,2513400.0,22.0,617.8,278.0,500.0,274.0,1000.0,1600000000.0,1600000000.0,340800000.0,500.0,0.0,,0.0,0.0,0.0
2023-12-28,278.0,0.0,0.0,286.0,248.0,284.0,6.0,17400.0,4784200.0,32.0,631.1,282.0,10000.0,252.0,400.0,1600000000.0,1600000000.0,340800000.0,800.0,0.0,,0.0,0.0,0.0
2023-12-29,284.0,0.0,0.0,282.0,250.0,280.0,-4.0,4600.0,1201000.0,12.0,622.2,280.0,6500.0,250.0,12100.0,1600000000.0,1600000000.0,340800000.0,0.0,2000.0,,0.0,0.0,0.0
2024-01-02,280.0,0.0,0.0,0.0,0.0,280.0,0.0,0.0,0.0,0.0,622.2,278.0,3100.0,262.0,100.0,1600000000.0,1600000000.0,342720000.0,0.0,0.0,,0.0,0.0,0.0
2024-01-03,280.0,0.0,0.0,274.0,256.0,274.0,-6.0,700.0,184600.0,2.0,608.9,270.0,9100.0,262.0,100.0,1600000000.0,1600000000.0,342720000.0,300.0,0.0,,0.0,0.0,0.0
2024-01-04,274.0,0.0,0.0,288.0,274.0,288.0,14.0,46600.0,13373800.0,11.0,640.0,284.0,600.0,266.0,300.0,1600000000.0,1600000000.0,342720000.0,0.0,0.0,,0.0,0.0,0.0
2024-01-05,288.0,0.0,0.0,270.0,266.0,266.0,-22.0,7500.0,2007400.0,8.0,591.1,268.0,100.0,264.0,600.0,1600000000.0,1600000000.0,342720000.0,0.0,500.0,,0.0,0.0,0.0
2024-01-08,266.0,0.0,0.0,266.0,262.0,266.0,0.0,600.0,158000.0,4.0,591.1,282.0,1300.0,262.0,500.0,1600000000.0,1600000000.0,342720000.0,200.0,0.0,,0.0,0.0,0.0
2024-01-09,266.0,0.0,0.0,284.0,262.0,262.0,-4.0,1000.0,266200.0,7.0,582.2,262.0,200.0,258.0,100.0,1600000000.0,1600000000.0,342720000.0,0.0,0.0,,0.0,0.0,0.0
2024-01-10,262.0,0.0,0.0,262.0,262.0,262.0,0.0,3300.0,864600.0,4.0,582.2,278.0,100.0,260.0,100.0,1600000000.0,1600000000.0,342720000.0,0.0,0.0,,0.0,0.0,0.0
2024-01-11,262.0,0.0,0.0,262.0,252.0,252.0,-10.0,2900.0,732600.0,4.0,560.0,254.0,5000.0,252.0,3400.0,1600000000.0,1600000000.0,342720000.0,0.0,0.0,,0.0,0.0,0.0
2024-01-12,252.0,0.0,0.0,254.0,254.0,254.0,2.0,300.0,76200.0,1.0,564.4,284.0,200.0,258.0,200.0,1600000000.0,1600000000.0,342720000.0,0.0,0.0,,0.0,0.0,0.0
2024-01-15,254.0,0.0,0.0,310.0,254.0,274.0,20.0,23500.0,6548400.0,39.0,608.9,274.0,6500.0,272.0,100.0,1600000000.0,1600000000.0,342720000.0,500.0,1900.0,,0.0,0.0,0.0
2024-01-16,274.0,0.0,0.0,282.0,258.0,270.0,-4.0,3600.0,972200.0,22.0,600.0,270.0,100.0,262.0,300.0,1600000000.0,1600000000.0,342720000.0,0.0,300.0,,0.0,0.0,0.0
2024-01-17,270.0,0.0,0.0,272.0,254.0,254.0,-16.0,7800.0,1990200.0,9.0,564.4,272.0,2000.0,254.0,2200.0,1600000000.0,1600000000.0,342720000.0,0.0,0.0,,0.0,0.0,0.0
2024-01-18,254.0,0.0,0.0,266.0,254.0,254.0,0.0,37200.0,9784200.0,26.0,564.4,264.0,100.0,254.0,100.0,1600000000.0,1600000000.0,342720000.0,400.0,0.0,,0.0,0.0,0.0
2024-01-19,254.0,0.0,0.0,316.0,252.0,276.0,22.0,454000.0,135279800.0,536.0,613.3,276.0,9700.0,262.0,1500.0,1600000000.0,1600000000.0,342720000.0,14500.0,11200.0,,0.0,0.0,0.0
2024-01-22,276.0,0.0,0.0,276.0,262.0,262.0,-14.0,5500.0,1453800.0,24.0,582.2,262.0,3400.0,260.0,100.0,1600000000.0,1600000000.0,342720000.0,0.0,0.0,,0.0,0.0,0.0
2024-01-23,262.0,0.0,0.0,278.0,252.0,256.0,-6.0,12400.0,3233400.0,29.0,568.9,258.0,100.0,256.0,1600.0,1600000000.0,1600000000.0,342720000.0,0.0,900.0,,0.0,0.0,0.0
2024-01-24,256.0,0.0,0.0,258.0,222.0,236.0,-20.0,32200.0,7492600.0,48.0,524.4,238.0,1000.0,236.0,1600.0,1600000000.0,1600000000.0,342720000.0,100.0,2000.0,,0.0,0.0,0.0
2024-01-25,236.0,0.0,0.0,246.0,224.0,240.0,4.0,3000.0,712200.0,16.0,533.3,240.0,400.0,224.0,5000.0,1600000000.0,1600000000.0,342720000.0,200.0,0.0,,0.0,0.0,0.0
2024-01-26,240.0,0.0,0.0,258.0,238.0,256.0,16.0,12700.0,3063400.0,24.0,568.9,252.0,2500.0,240.0,400.0,1600000000.0,1600000000.0,342720000.0,1200.0,100.0,,0.0,0.0,0.0
2024-01-29,256.0,0.0,0.0,254.0,240.0,254.0,-2.0,200.0,49400.0,2.0,564.4,256.0,300.0,230.0,600.0,1600000000.0,1600000000.0,342720000.0,0.0,0.0,,0.0,0.0,0.0
2024-01-30,254.0,0.0,0.0,250.0,236.0,246.0,-8.0,1200.0,292600.0,7.0,546.7,248.0,28300.0,238.0,100.0,1600000000.0,1600000000.0,342720000.0,100.0,0.0,,0.0,0.0,0.0
2024-01-31,246.0,0.0,0.0,302.0,195.0,258.0,12.0,239100.0,59820900.0,190.0,573.3,258.0,7400.0,250.0,2300.0,1600000000.0,1600000000.0,342720000.0,5600.0,5200.0,,0.0,0.0,0.0
2024-02-01,258.0,0.0,0.0,260.0,234.0,238.0,-20.0,55500.0,13513000.0,78.0,528.9,238.0,300.0,236.0,2400.0,1600000000.0,1600000000.0,342720000.0,1100.0,2300.0,,0.0,0.0,0.0
2024-02-02,238.0,0.0,0.0,286.0,224.0,238.0,0.0,314900.0,83600400.0,448.0,528.9,240.0,1900.0,238.0,4500.0,1600000000.0,1600000000.0,342720000.0,7900.0,6100.0,,0.0,0.0,0.0
2024-02-05,238.0,0.0,0.0,256.0,212.0,238.0,0.0,50800.0,11823200.0,85.0,528.9,240.0,900.0,228.0,2200.0,1600000000.0,1600000000.0,342720000.0,3500.0,3100.0,,0.0,0.0,0.0
2024-02-06,238.0,0.0,0.0,256.0,220.0,242.0,4.0,24000.0,5688200.0,59.0,537.8,244.0,5000.0,230.0,400.0,1600000000.0,1600000000.0,342720000.0,1500.0,3100.0,,0.0,0.0,0.0
2024-02-07,242.0,0.0,0.0,248.0,234.0,248.0,6.0,2800.0,681600.0,9.0,551.1,248.0,1500.0,234.0,1500.0,1600000000.0,1600000000.0,342720000.0,1600.0,100.0,,0.0,0.0,0.0
2024-02-12,248.0,0.0,0.0,248.0,230.0,244.0,-4.0,25900.0,6123400.0,37.0,542.2,246.0,500.0,238.0,200.0,1600000000.0,1600000000.0,342720000.0,0.0,2600.0,,0.0,0.0,0.0
2024-02-13,244.0,0.0,0.0,242.0,230.0,232.0,-12.0,3000.0,695000.0,6.0,515.6,242.0,800.0,234.0,800.0,1600000000.0,1600000000.0,342720000.0,0.0,0.0,,0.0,0.0,0.0
2024-02-15,232.0,0.0,0.0,244.0,228.0,232.0,0.0,3700.0,857000.0,11.0,515.6,240.0,100.0,232.0,10300.0,1600000000.0,1600000000.0,342720000.0,200.0,200.0,,0.0,0.0,0.0
2024-02-16,232.0,0.0,0.0,240.0,232.0,240.0,8.0,4300.0,1000800.0,8.0,533.3,240.0,900.0,232.0,500.0,1600000000.0,1600000000.0,342720000.0,0.0,0.0,,0.0,0.0,0.0
2024-02-19,240.0,0.0,0.0,286.0,234.0,238.0,-2.0,45800.0,11912600.0,118.0,528.9,244.0,100.0,236.0,3800.0,1600000000.0,1600000000.0,342720000.0,5400.0,3500.0,,0.0,0.0,0.0
2024-02-20,238.0,0.0,0.0,268.0,238.0,246.0,8.0,9600.0,2392200.0,25.0,546.7,246.0,2300.0,238.0,4300.0,1600000000.0,1600000000.0,342720000.0,600.0,1100.0,,0.0,0.0,0.0
2024-02-21,246.0,0.0,0.0,248.0,216.0,248.0,2.0,18900.0,4380000.0,19.0,551.1,248.0,4100.0,226.0,1700.0,1600000000.0,1600000000.0,342720000.0,0.0,1000.0,,0.0,0.0,0.0
2024-02-22,248.0,0.0,0.0,252.0,248.0,252.0,4.0,700.0,174800.0,5.0,560.0,250.0,800.0,230.0,100.0,1600000000.0,1600000000.0,342720000.0,0.0,0.0,,0.0,0.0,0.0
2024-02-23,252.0,0.0,0.0,258.0,236.0,248.0,-4.0,3000.0,745600.0,10.0,551.1,248.0,2200.0,240.0,1500.0,1600000000.0,1600000000.0,342720000.0,0.0,0.0,,0.0,0.0,0.0
2024-02-26,248.0,0.0,0.0,282.0,248.0,248.0,0.0,69300.0,18870200.0,123.0,551.1,256.0,35400.0,248.0,600.0,1600000000.0,1600000000.0,342720000.0,3600.0,1300.0,,0.0,0.0,0.0
2024-02-27,248.0,0.0,0.0,248.0,244.0,244.0,-4.0,5300.0,1302200.0,9.0,542.2,252.0,2500.0,240.0,400.0,1600000000.0,1600000000.0,342720000.0,200.0,2800.0,,0.0,0.0,0.0
2024-02-28,244.0,0.0,0.0,250.0,238.0,238.0,-6.0,1000.0,244000.0,8.0,528.9,250.0,500.0,238.0,1600.0,1600000000.0,1600000000.0,342720000.0,0.0,0.0,,0.0,0.0,0.0
2024-02-29,238.0,0.0,0.0,252.0,238.0,240.0,2.0,1900.0,460800.0,10.0,533.3,250.0,200.0,240.0,10600.0,1600000000.0,1600000000.0,342720000.0,0.0,0.0,,0.0,0.0,0.0
2024-03-01,240.0,0.0,0.0,254.0,222.0,250.0,10.0,3200.0,797600.0,12.0,555.6,254.0,300.0,250.0,12200.0,1600000000.0,1600000000.0,342720000.0,1000.0,0.0,,0.0,0.0,0.0
2024-03-04,250.0,0.0,0.0,260.0,250.0,260.0,10.0,15500.0,4025400.0,8.0,577.8,260.0,16900.0,236.0,1100.0,1600000000.0,1600000000.0,342720000.0,0.0,200.0,,0.0,0.0,0.0
2024-03-05,260.0,0.0,0.0,268.0,246.0,246.0,-14.0,20200.0,5284400.0,19.0,546.7,262.0,500.0,246.0,10300.0,1600000000.0,1600000000.0,342720000.0,1800.0,0.0,,0.0,0.0,0.0
2024-03-06,246.0,0.0,0.0,270.0,246.0,268.0,22.0,17900.0,4824800.0,8.0,595.6,268.0,1300.0,248.0,200.0,1600000000.0,1600000000.0,342720000.0,0.0,0.0,,0.0,0.0,0.0
2024-03-07,268.0,0.0,0.0,268.0,252.0,266.0,-2.0,5400.0,1405200.0,6.0,591.1,266.0,1400.0,254.0,800.0,1600000000.0,1600000000.0,342720000.0,0.0,0.0,,0.0,0.0,0.0
2024-03-08,266.0,0.0,0.0,266.0,248.0,262.0,-4.0,600.0,155600.0,5.0,582.2,262.0,900.0,254.0,100.0,1600000000.0,1600000000.0,342720000.0,0.0,200.0,,2150000.0,430000000.0,1.0
2024-03-13,262.0,0.0,0.0,270.0,250.0,262.0,0.0,9100.0,2316000.0,22.0,582.2,262.0,1100.0,250.0,900.0,1600000000.0,1600000000.0,342720000.0,0.0,700.0,,0.0,0.0,0.0
2024-03-14,262.0,0.0,0.0,276.0,250.0,256.0,-6.0,46100.0,12356800.0,46.0,568.9,268.0,500.0,256.0,5100.0,1600000000.0,1600000000.0,342720000.0,500.0,1100.0,,0.0,0.0,0.0
2024-03-15,256.0,0.0,0.0,274.0,260.0,260.0,4.0,800.0,217400.0,5.0,577.8,260.0,100.0,256.0,200.0,1600000000.0,1600000000.0,342720000.0,0.0,0.0,,0.0,0.0,0.0
2024-03-18,260.0,0.0,0.0,272.0,260.0,264.0,4.0,500.0,133000.0,5.0,586.7,266.0,700.0,260.0,100.0,1600000000.0,1600000000.0,342720000.0,0.0,0.0,,0.0,0.0,0.0
2024-03-19,264.0,0.0,0.0,272.0,262.0,262.0,-2.0,600.0,159400.0,6.0,582.2,272.0,10700.0,260.0,200.0,1600000000.0,1600000000.0,342720000.0,0.0,0.0,,0.0,0.0,0.0
2024-03-20,262.0,0.0,0.0,268.0,250.0,250.0,-12.0,1100.0,283600.0,6.0,555.6,270.0,700.0,250.0,11200.0,1600000000.0,1600000000.0,342720000.0,500.0,200.0,,0.0,0.0,0.0
2024-03-21,250.0,0.0,0.0,254.0,254.0,254.0,4.0,100.0,25400.0,1.0,564.4,266.0,200.0,254.0,100.0,1600000000.0,1600000000.0,342720000.0,0.0,0.0,,0.0,0.0,0.0
2024-03-22,254.0,0.0,0.0,270.0,264.0,270.0,16.0,6400.0,1712400.0,13.0,600.0,270.0,100.0,256.0,100.0,1600000000.0,1600000000.0,342720000.0,0.0,0.0,,0.0,0.0,0.0
2024-03-25,270.0,0.0,0.0,270.0,256.0,256.0,-14.0,200.0,52600.0,2.0,568.9,270.0,900.0,254.0,100.0,1600000000.0,1600000000.0,342720000.0,0.0,0.0,,0.0,0.0,0.0
2024-03-26,256.0,0.0,0.0,268.0,246.0,252.0,-4.0,2900.0,742000.0,19.0,560.0,260.0,4900.0,246.0,5000.0,1600000000.0,1600000000.0,342720000.0,0.0,0.0,,0.0,0.0,0.0
2024-03-27,252.0,0.0,0.0,270.0,262.0,270.0,18.0,23000.0,6063600.0,11.0,600.0,270.0,22400.0,240.0,600.0,1600000000.0,1600000000.0,342720000.0,0.0,0.0,,0.0,0.0,0.0
2024-03-28,270.0,0.0,0.0,268.0,234.0,262.0,-8.0,38500.0,9232600.0,25.0,582.2,258.0,5000.0,240.0,200.0,1600000000.0,1600000000.0,342720000.0,0.0,3300.0,,0.0,0.0,0.0
2024-04-01,262.0,0.0,0.0,270.0,240.0,262.0,0.0,9200.0,2426200.0,5.0,582.2,260.0,5300.0,240.0,1800.0,1600000000.0,1600000000.0,342560000.0,0.0,0.0,,0.0,0.0,0.0
2024-04-02,262.0,0.0,0.0,262.0,260.0,262.0,0.0,500.0,130400.0,2.0,582.2,260.0,5300.0,240.0,100.0,1600000000.0,1600000000.0,342560000.0,0.0,0.0,,0.0,0.0,0.0
2024-04-03,262.0,0.0,0.0,312.0,254.0,254.0,-8.0,201200.0,57687800.0,296.0,564.4,260.0,200.0,246.0,5100.0,1600000000.0,1600000000.0,342560000.0,9900.0,8900.0,,0.0,0.0,0.0
2024-04-04,254.0,0.0,0.0,316.0,256.0,272.0,18.0,66700.0,18302200.0,122.0,604.4,272.0,2200.0,260.0,1800.0,1600000000.0,1600000000.0,342560000.0,3400.0,4000.0,,0.0,0.0,0.0
2024-04-05,272.0,0.0,0.0,280.0,260.0,280.0,8.0,17500.0,4860400.0,20.0,622.2,280.0,6000.0,250.0,1900.0,1600000000.0,1600000000.0,342560000.0,300.0,0.0,,7407400.0,1999998000.0,1.0
2024-04-16,280.0,0.0,0.0,280.0,260.0,260.0,-20.0,7100.0,1878200.0,26.0,577.8,260.0,800.0,258.0,800.0,1600000000.0,1600000000.0,342560000.0,100.0,0.0,,7300000.0,2000200000.0,1.0
2024-04-17,260.0,0.0,0.0,274.0,258.0,258.0,-2.0,3300.0,871400.0,22.0,573.3,268.0,100.0,258.0,1000.0,1600000000.0,1600000000.0,342560000.0,400.0,0.0,,0.0,0.0,0.0
2024-04-18,258.0,0.0,0.0,274.0,258.0,260.0,2.0,1200.0,315200.0,9.0,577.8,270.0,900.0,260.0,100.0,1600000000.0,1600000000.0,342560000.0,0.0,400.0,,0.0,0.0,0.0
2024-04-19,260.0,0.0,0.0,268.0,252.0,268.0,8.0,14000.0,3638200.0,72.0,595.6,268.0,2700.0,254.0,200.0,1600000000.0,1600000000.0,342560000.0,500.0,0.0,,0.0,0.0,0.0
2024-04-22,268.0,0.0,0.0,268.0,256.0,268.0,0.0,2800.0,745000.0,7.0,595.6,268.0,15500.0,258.0,100.0,1600000000.0,1600000000.0,342560000.0,0.0,0.0,,0.0,0.0,0.0
2024-04-23,268.0,0.0,0.0,312.0,264.0,274.0,6.0,5400.0,1486000.0,16.0,608.9,272.0,100.0,264.0,200.0,1600000000.0,1600000000.0,342560000.0,200.0,0.0,,0.0,0.0,0.0
2024-04-24,274.0,0.0,0.0,290.0,256.0,266.0,-8.0,4900.0,1305800.0,24.0,591.1,266.0,200.0,256.0,100.0,1600000000.0,1600000000.0,342560000.0,400.0,0.0,,0.0,0.0,0.0
2024-04-25,266.0,0.0,0.0,270.0,254.0,270.0,4.0,2100.0,555000.0,12.0,600.0,268.0,400.0,256.0,200.0,1600000000.0,1600000000.0,342560000.0,0.0,300.0,,0.0,0.0,0.0
2024-04-26,270.0,0.0,0.0,314.0,254.0,256.0,-14.0,137300.0,39956400.0,186.0,568.9,266.0,100.0,256.0,17500.0,1600000000.0,1600000000.0,342560000.0,5500.0,7300.0,,0.0,0.0,0.0
2024-04-29,256.0,0.0,0.0,294.0,258.0,274.0,18.0,13700.0,3824600.0,38.0,608.9,280.0,2800.0,274.0,200.0,1600000000.0,1600000000.0,342560000.0,4900.0,200.0,,0.0,0.0,0.0
2024-04-30,274.0,0.0,0.0,276.0,258.0,272.0,-2.0,22300.0,5772600.0,23.0,604.4,272.0,200.0,260.0,200.0,1600000000.0,1600000000.0,342560000.0,0.0,600.0,,0.0,0.0,0.0
2024-05-02,272.0,0.0,0.0,294.0,278.0,278.0,6.0,800.0,227000.0,5.0,617.8,276.0,4300.0,270.0,100.0,1600000000.0,1600000000.0,342560000.0,0.0,0.0,,0.0,0.0,0.0
2024-05-03,278.0,0.0,0.0,294.0,260.0,276.0,-2.0,4800.0,1308600.0,26.0,613.3,276.0,4800.0,258.0,100.0,1600000000.0,1600000000.0,342560000.0,0.0,0.0,,0.0,0.0,0.0
2024-05-06,276.0,0.0,0.0,286.0,254.0,264.0,-12.0,2400.0,647600.0,17.0,586.7,264.0,100.0,258.0,100.0,1600000000.0,1600000000.0,342560000.0,200.0,0.0,,0.0,0.0,0.0
2024-05-07,264.0,0.0,0.0,294.0,270.0,274.0,10.0,4100.0,1172000.0,12.0,608.9,274.0,500.0,272.0,100.0,1600000000.0,1600000000.0,342560000.0,200.0,0.0,,0.0,0.0,0.0
2024-05-08,274.0,0.0,0.0,292.0,262.0,274.0,0.0,3900.0,1043200.0,16.0,608.9,274.0,1500.0,262.0,100.0,1600000000.0,1600000000.0,342560000.0,0.0,0.0,,0.0,0.0,0.0
2024-05-13,274.0,0.0,0.0,268.0,262.0,268.0,-6.0,1400.0,369600.0,7.0,595.6,268.0,1300.0,262.0,1000.0,1600000000.0,1600000000.0,342560000.0,200.0,0.0,,0.0,0.0,0.0
2024-05-14,268.0,0.0,0.0,268.0,268.0,268.0,0.0,100.0,26800.0,1.0,595.6,268.0,1200.0,262.0,100.0,1600000000.0,1600000000.0,342560000.0,0.0,0.0,,0.0,0.0,0.0
2024-05-15,268.0,0.0,0.0,294.0,264.0,276.0,8.0,1900.0,523000.0,7.0,613.3,274.0,6900.0,266.0,300.0,1600000000.0,1600000000.0,342560000.0,0.0,0.0,,0.0,0.0,0.0
2024-05-16,276.0,0.0,0.0,292.0,262.0,272.0,-4.0,1400.0,381000.0,12.0,604.4,272.0,100.0,264.0,100.0,1600000000.0,1600000000.0,342560000.0,0.0,0.0,,0.0,0.0,0.0
2024-05-17,272.0,0.0,0.0,300.0,270.0,282.0,10.0,76800.0,22477400.0,124.0,626.7,282.0,10200.0,274.0,3000.0,1600000000.0,1600000000.0,342560000.0,400.0,400.0,,0.0,0.0,0.0
2024-05-20,282.0,0.0,0.0,282.0,268.0,276.0,-6.0,1500.0,416200.0,7.0,613.3,276.0,8800.0,272.0,100.0,1600000000.0,1600000000.0,342560000.0,0.0,0.0,,0.0,0.0,0.0
2024-05-21,276.0,0.0,0.0,286.0,270.0,282.0,6.0,1300.0,357200.0,9.0,626.7,282.0,200.0,270.0,300.0,1600000000.0,1600000000.0,342560000.0,0.0,300.0,,0.0,0.0,0.0
2024-05-22,282.0,0.0,0.0,274.0,260.0,260.0,-22.0,1500.0,402800.0,11.0,577.8,276.0,200.0,260.0,10000.0,1600000000.0,1600000000.0,342560000.0,0.0,0.0,,0.0,0.0,0.0
2024-05-27,260.0,0.0,0.0,288.0,260.0,272.0,12.0,17900.0,4766600.0,39.0,604.4,272.0,600.0,262.0,10500.0,1600000000.0,1600000000.0,342560000.0,100.0,1800.0,,0.0,0.0,0.0
2024-05-28,272.0,0.0,0.0,296.0,264.0,270.0,-2.0,15700.0,4321600.0,21.0,600.0,288.0,100.0,266.0,600.0,1600000000.0,1600000000.0,342560000.0,100.0,100.0,,0.0,0.0,0.0
2024-05-29,270.0,0.0,0.0,288.0,266.0,266.0,-4.0,4000.0,1107800.0,36.0,591.1,282.0,200.0,264.0,4900.0,1600000000.0,1600000000.0,342560000.0,0.0,0.0,,0.0,0.0,0.0
2024-05-30,266.0,0.0,0.0,284.0,262.0,262.0,-4.0,14800.0,4018000.0,73.0,582.2,282.0,100.0,262.0,12300.0,1600000000.0,1600000000.0,342560000.0,0.0,200.0,,10500000.0,1575000000.0,1.0
2024-05-31,262.0,0.0,0.0,0.0,0.0,262.0,0.0,0.0,0.0,0.0,582.2,274.0,200.0,264.0,300.0,1600000000.0,1600000000.0,342560000.0,0.0,0.0,,0.0,0.0,0.0
2024-06-03,262.0,0.0,0.0,272.0,258.0,258.0,-4.0,12400.0,3252400.0,20.0,573.3,264.0,100.0,258.0,9400.0,1600000000.0,1600000000.0,342560000.0,0.0,0.0,,0.0,0.0,0.0
2024-06-04,258.0,0.0,0.0,288.0,260.0,288.0,30.0,17600.0,4705200.0,18.0,640.0,288.0,18700.0,264.0,100.0,1600000000.0,1600000000.0,342560000.0,0.0,100.0,,0.0,0.0,0.0
2024-06-05,288.0,0.0,0.0,288.0,272.0,288.0,0.0,21000.0,6039000.0,12.0,640.0,288.0,21200.0,270.0,500.0,1600000000.0,1600000000.0,342560000.0,200.0,0.0,,0.0,0.0,0.0
2024-06-06,288.0,0.0,0.0,290.0,276.0,286.0,-2.0,2300.0,658800.0,6.0,635.6,286.0,15600.0,274.0,10600.0,1600000000.0,1600000000.0,342560000.0,0.0,0.0,,0.0,0.0,0.0
2024-06-07,286.0,0.0,0.0,298.0,264.0,274.0,-12.0,13500.0,3679400.0,36.0,608.9,272.0,200.0,264.0,600.0,1600000000.0,1600000000.0,342560000.0,400.0,0.0,,0.0,0.0,0.0
2024-06-10,274.0,0.0,0.0,280.0,254.0,272.0,-2.0,16000.0,4221000.0,64.0,604.4,272.0,100.0,266.0,100.0,1600000000.0,1600000000.0,342560000.0,200.0,100.0,,0.0,0.0,0.0
2024-06-11,272.0,0.0,0.0,286.0,266.0,286.0,14.0,20400.0,5708200.0,10.0,635.6,284.0,1500.0,274.0,500.0,1600000000.0,1600000000.0,342560000.0,200.0,0.0,,0.0,0.0,0.0
2024-06-12,286.0,0.0,0.0,288.0,258.0,274.0,-12.0,10200.0,2754600.0,15.0,608.9,274.0,14000.0,264.0,10200.0,1600000000.0,1600000000.0,342560000.0,0.0,1600.0,,0.0,0.0,0.0
2024-06-13,274.0,0.0,0.0,278.0,260.0,278.0,4.0,3400.0,926600.0,28.0,617.8,278.0,5700.0,274.0,100.0,1600000000.0,1600000000.0,342560000.0,400.0,0.0,,0.0,0.0,0.0
2024-06-14,278.0,0.0,0.0,290.0,270.0,290.0,12.0,20100.0,5738400.0,15.0,644.4,286.0,1300.0,266.0,15300.0,1600000000.0,1600000000.0,342560000.0,0.0,0.0,,0.0,0.0,0.0
2024-06-19,290.0,0.0,0.0,294.0,282.0,282.0,-8.0,36100.0,10490000.0,26.0,626.7,294.0,2000.0,280.0,200.0,1600000000.0,1600000000.0,342560000.0,2000.0,0.0,,0.0,0.0,0.0
2024-06-20,282.0,0.0,0.0,284.0,266.0,266.0,-16.0,3100.0,856400.0,8.0,591.1,276.0,1000.0,266.0,21200.0,1600000000.0,1600000000.0,342560000.0,0.0,0.0,,39550000.0,5932500000.0,1.0
2024-06-21,266.0,0.0,0.0,284.0,266.0,266.0,0.0,1500.0,401800.0,5.0,591.1,280.0,100.0,266.0,26200.0,1600000000.0,1600000000.0,342560000.0,0.0,800.0,,0.0,0.0,0.0
2024-06-24,266.0,0.0,0.0,290.0,268.0,268.0,2.0,16900.0,4725800.0,30.0,595.6,286.0,11300.0,268.0,12600.0,1600000000.0,1600000000.0,342560000.0,2400.0,2000.0,,0.0,0.0,0.0
2024-06-25,268.0,0.0,0.0,298.0,268.0,284.0,16.0,15200.0,4169400.0,51.0,631.1,284.0,14800.0,270.0,100.0,1600000000.0,1600000000.0,342560000.0,0.0,0.0,,0.0,0.0,0.0
2024-06-26,284.0,0.0,0.0,282.0,274.0,280.0,-4.0,9400.0,2628400.0,19.0,622.2,280.0,32000.0,270.0,300.0,1600000000.0,1600000000.0,342560000.0,1000.0,0.0,,0.0,0.0,0.0
2024-06-27,280.0,0.0,0.0,302.0,270.0,280.0,0.0,2600.0,733400.0,20.0,622.2,280.0,18600.0,270.0,7500.0,1600000000.0,1600000000.0,342560000.0,0.0,200.0,,0.0,0.0,0.0
2024-06-28,280.0,0.0,0.0,288.0,268.0,288.0,8.0,51500.0,14225800.0,26.0,640.0,284.0,10000.0,268.0,1100.0,1600000000.0,1600000000.0,342560000.0,0.0,3200.0,,0.0,0.0,0.0
2024-07-01,288.0,0.0,0.0,298.0,268.0,274.0,-14.0,57600.0,16832600.0,51.0,608.9,296.0,3100.0,274.0,20100.0,1600000000.0,1600000000.0,342240000.0,3400.0,0.0,,0.0,0.0,0.0
2024-07-02,274.0,0.0,0.0,274.0,274.0,274.0,0.0,200.0,54800.0,2.0,608.9,286.0,300.0,274.0,20000.0,1600000000.0,1600000000.0,342240000.0,0.0,0.0,,0.0,0.0,0.0
2024-07-03,274.0,0.0,0.0,286.0,270.0,284.0,10.0,8400.0,2292800.0,12.0,631.1,284.0,200.0,270.0,600.0,1600000000.0,1600000000.0,342240000.0,0.0,200.0,,0.0,0.0,0.0
2024-07-04,284.0,0.0,0.0,286.0,272.0,286.0,2.0,600.0,166000.0,4.0,635.6,284.0,400.0,270.0,200.0,1600000000.0,1600000000.0,342240000.0,0.0,200.0,,0.0,0.0,0.0
2024-07-05,286.0,0.0,0.0,300.0,280.0,298.0,12.0,41600.0,12265800.0,17.0,662.2,298.0,100.0,278.0,100.0,1600000000.0,1600000000.0,342240000.0,0.0,0.0,,0.0,0.0,0.0
2024-07-08,298.0,0.0,0.0,296.0,268.0,274.0,-24.0,20200.0,5493000.0,13.0,608.9,274.0,3300.0,272.0,100.0,1600000000.0,1600000000.0,342240000.0,0.0,0.0,,0.0,0.0,0.0
2024-07-09,274.0,0.0,0.0,292.0,272.0,276.0,2.0,1400.0,388200.0,9.0,613.3,276.0,5000.0,270.0,100.0,1600000000.0,1600000000.0,342240000.0,300.0,0.0,,0.0,0.0,0.0
2024-07-10,276.0,0.0,0.0,290.0,268.0,274.0,-2.0,1100.0,299600.0,8.0,608.9,276.0,5300.0,268.0,1300.0,1600000000.0,1600000000.0,342240000.0,0.0,200.0,,0.0,0.0,0.0
2024-07-11,274.0,0.0,0.0,288.0,270.0,288.0,14.0,29600.0,8286000.0,13.0,640.0,288.0,10100.0,268.0,200.0,1600000000.0,1600000000.0,342240000.0,0.0,300.0,,0.0,0.0,0.0
2024-07-12,288.0,0.0,0.0,280.0,278.0,280.0,-8.0,302700.0,84151000.0,5.0,622.2,280.0,27800.0,278.0,47500.0,1600000000.0,1600000000.0,342240000.0,600.0,0.0,,0.0,0.0,0.0
2024-07-15,280.0,0.0,0.0,288.0,280.0,280.0,0.0,28200.0,7897400.0,5.0,622.2,282.0,5000.0,280.0,100.0,1600000000.0,1600000000.0,342240000.0,0.0,0.0,,0.0,0.0,0.0
2024-07-16,280.0,0.0,0.0,288.0,280.0,280.0,0.0,200.0,56800.0,2.0,622.2,280.0,28300.0,272.0,100.0,1600000000.0,1600000000.0,342240000.0,0.0,0.0,,0.0,0.0,0.0
2024-07-17,280.0,0.0,0.0,288.0,278.0,278.0,-2.0,600.0,167800.0,3.0,617.8,278.0,4500.0,274.0,200.0,1600000000.0,1600000000.0,342240000.0,0.0,0.0,,0.0,0.0,0.0
2024-07-18,278.0,0.0,0.0,288.0,278.0,278.0,0.0,600.0,167800.0,2.0,617.8,278.0,10000.0,270.0,200.0,1600000000.0,1600000000.0,342240000.0,0.0,0.0,,0.0,0.0,0.0
2024-07-19,278.0,0.0,0.0,278.0,270.0,278.0,0.0,200.0,54800.0,2.0,617.8,278.0,15100.0,268.0,2300.0,1600000000.0,1600000000.0,342240000.0,0.0,0.0,,0.0,0.0,0.0
2024-07-22,278.0,0.0,0.0,288.0,278.0,280.0,2.0,26200.0,7304800.0,15.0,622.2,278.0,3000.0,276.0,200.0,1600000000.0,1600000000.0,342240000.0,0.0,0.0,,0.0,0.0,0.0
2024-07-23,280.0,0.0,0.0,288.0,262.0,280.0,0.0,30000.0,7980400.0,18.0,622.2,280.0,7900.0,262.0,1200.0,1600000000.0,1600000000.0,342240000.0,0.0,4500.0,,0.0,0.0,0.0
2024-07-24,280.0,0.0,0.0,288.0,268.0,278.0,-2.0,13400.0,3616600.0,15.0,617.8,278.0,8600.0,274.0,1000.0,1600000000.0,1600000000.0,342240000.0,0.0,0.0,,0.0,0.0,0.0
2024-07-25,278.0,0.0,0.0,282.0,262.0,280.0,2.0,76500.0,20824600.0,24.0,622.2,278.0,2800.0,264.0,300.0,1600000000.0,1600000000.0,342240000.0,500.0,0.0,,0.0,0.0,0.0
2024-07-26,280.0,0.0,0.0,0.0,0.0,280.0,0.0,0.0,0.0,0.0,622.2,278.0,2800.0,270.0,200.0,1600000000.0,1600000000.0,342240000.0,0.0,0.0,,0.0,0.0,0.0
2024-07-29,280.0,0.0,0.0,280.0,268.0,276.0,-4.0,4000.0,1103800.0,7.0,613.3,278.0,2700.0,274.0,100.0,1600000000.0,1600000000.0,342240000.0,100.0,0.0,,0.0,0.0,0.0
2024-07-30,276.0,0.0,0.0,0.0,0.0,276.0,0.0,0.0,0.0,0.0,613.3,278.0,6100.0,276.0,100.0,1600000000.0,1600000000.0,342240000.0,0.0,0.0,,0.0,0.0,0.0
2024-07-31,276.0,0.0,0.0,288.0,280.0,280.0,4.0,200.0,56800.0,2.0,622.2,280.0,6800.0,270.0,100.0,1600000000.0,1600000000.0,342240000.0,0.0,0.0,,0.0,0.0,0.0
2024-08-01,280.0,0.0,0.0,278.0,270.0,276.0,-4.0,700.0,192200.0,6.0,613.3,278.0,7000.0,270.0,200.0,1600000000.0,1600000000.0,342240000.0,0.0,0.0,,0.0,0.0,0.0
2024-08-02,276.0,0.0,0.0,290.0,272.0,272.0,-4.0,41500.0,11821000.0,13.0,604.4,280.0,6000.0,272.0,300.0,1600000000.0,1600000000.0,342240000.0,0.0,0.0,,0.0,0.0,0.0
2024-08-05,272.0,0.0,0.0,266.0,266.0,266.0,-6.0,100.0,26600.0,1.0,591.1,280.0,5600.0,266.0,300.0,1600000000.0,1600000000.0,342240000.0,0.0,0.0,,0.0,0.0,0.0
2024-08-06,266.0,0.0,0.0,0.0,0.0,266.0,0.0,0.0,0.0,0.0,591.1,278.0,800.0,268.0,300.0,1600000000.0,1600000000.0,342240000.0,0.0,0.0,,0.0,0.0,0.0
2024-08-07,266.0,0.0,0.0,0.0,0.0,266.0,0.0,0.0,0.0,0.0,591.1,278.0,100.0,266.0,300.0,1600000000.0,1600000000.0,342240000.0,0.0,0.0,,0.0,0.0,0.0
2024-08-08,266.0,0.0,0.0,0.0,0.0,266.0,0.0,0.0,0.0,0.0,591.1,280.0,5000.0,266.0,7200.0,1600000000.0,1600000000.0,342240000.0,0.0,0.0,,0.0,0.0,0.0
2024-08-09,266.0,0.0,0.0,268.0,268.0,268.0,2.0,100.0,26800.0,1.0,595.6,278.0,100.0,268.0,100.0,1600000000.0,1600000000.0,342240000.0,0.0,0.0,,0.0,0.0,0.0
2024-08-12,268.0,0.0,0.0,280.0,268.0,268.0,0.0,900.0,246800.0,5.0,595.6,276.0,200.0,268.0,100.0,1600000000.0,1600000000.0,342240000.0,0.0,0.0,,0.0,0.0,0.0
2024-08-13,268.0,0.0,0.0,280.0,264.0,280.0,12.0,11000.0,2913000.0,10.0,622.2,276.0,100.0,266.0,100.0,1600000000.0,1600000000.0,342240000.0,0.0,0.0,,0.0,0.0,0.0
2024-08-14,280.0,0.0,0.0,278.0,270.0,278.0,-2.0,600.0,162800.0,3.0,617.8,278.0,300.0,270.0,100.0,1600000000.0,1600000000.0,342240000.0,0.0,0.0,,0.0,0.0,0.0
2024-08-15,278.0,0.0,0.0,280.0,280.0,280.0,2.0,100.0,28000.0,1.0,622.2,278.0,2400.0,270.0,300.0,1600000000.0,1600000000.0,342240000.0,0.0,0.0,,0.0,0.0,0.0
2024-08-16,280.0,0.0,0.0,288.0,272.0,272.0,-8.0,65700.0,18457800.0,23.0,604.4,280.0,4900.0,272.0,200.0,1600000000.0,1600000000.0,342240000.0,500.0,0.0,,0.0,0.0,0.0
2024-08-19,272.0,0.0,0.0,278.0,272.0,278.0,6.0,35100.0,9727800.0,7.0,617.8,278.0,3900.0,270.0,10200.0,1600000000.0,1600000000.0,342240000.0,0.0,0.0,,0.0,0.0,0.0
2024-08-20,278.0,0.0,0.0,278.0,274.0,274.0,-4.0,35200.0,9784800.0,7.0,608.9,280.0,5000.0,274.0,11900.0,1600000000.0,1600000000.0,342240000.0,0.0,0.0,,0.0,0.0,0.0
2024-08-21,274.0,0.0,0.0,276.0,276.0,276.0,2.0,300.0,82800.0,1.0,613.3,278.0,3900.0,276.0,9700.0,1600000000.0,1600000000.0,342240000.0,0.0,0.0,,10114100.0,2791491600.0,1.0
2024-08-22,276.0,0.0,0.0,278.0,274.0,274.0,-2.0,30800.0,8559200.0,7.0,608.9,278.0,4200.0,272.0,1000.0,1600000000.0,1600000000.0,342240000.0,0.0,0.0,,0.0,0.0,0.0
2024-08-23,274.0,0.0,0.0,0.0,0.0,274.0,0.0,0.0,0.0,0.0,608.9,278.0,3900.0,274.0,4400.0,1600000000.0,1600000000.0,342240000.0,0.0,0.0,,0.0,0.0,0.0
2024-08-26,274.0,0.0,0.0,280.0,278.0,278.0,4.0,4400.0,1223600.0,5.0,617.8,280.0,4800.0,278.0,500.0,1600000000.0,1600000000.0,342240000.0,0.0,0.0,,0.0,0.0,0.0
2024-08-27,278.0,0.0,0.0,272.0,272.0,272.0,-6.0,300.0,81600.0,1.0,604.4,278.0,400.0,272.0,20700.0,1600000000.0,1600000000.0,342240000.0,0.0,0.0,,0.0,0.0,0.0
2024-08-28,272.0,0.0,0.0,272.0,272.0,272.0,0.0,100.0,27200.0,1.0,604.4,278.0,400.0,272.0,21000.0,1600000000.0,1600000000.0,342240000.0,0.0,0.0,,0.0,0.0,0.0
2024-08-29,272.0,0.0,0.0,278.0,268.0,272.0,0.0,102800.0,28101000.0,42.0,604.4,272.0,80000.0,270.0,3200.0,1600000000.0,1600000000.0,342240000.0,3400.0,0.0,,0.0,0.0,0.0
2024-08-30,272.0,0.0,0.0,274.0,274.0,274.0,2.0,100.0,27400.0,1.0,608.9,272.0,50000.0,268.0,100.0,1600000000.0,1600000000.0,342240000.0,0.0,0.0,,0.0,0.0,0.0
2024-09-02,274.0,0.0,0.0,274.0,268.0,274.0,0.0,600.0,163800.0,3.0,608.9,274.0,500.0,268.0,500.0,1600000000.0,1600000000.0,342240000.0,0.0,0.0,,0.0,0.0,0.0
2024-09-03,274.0,0.0,0.0,0.0,0.0,274.0,0.0,0.0,0.0,0.0,608.9,274.0,500.0,268.0,500.0,1600000000.0,1600000000.0,342240000.0,0.0,0.0,,0.0,0.0,0.0
2024-09-04,274.0,0.0,0.0,276.0,274.0,276.0,2.0,1100.0,301800.0,5.0,613.3,276.0,800.0,274.0,2600.0,1600000000.0,1600000000.0,342240000.0,0.0,0.0,,0.0,0.0,0.0
2024-09-05,276.0,0.0,0.0,276.0,270.0,276.0,0.0,1300.0,355600.0,7.0,613.3,276.0,800.0,270.0,1300.0,1600000000.0,1600000000.0,342240000.0,0.0,0.0,,0.0,0.0,0.0
2024-09-06,276.0,0.0,0.0,340.0,270.0,326.0,50.0,939400.0,305626400.0,596.0,724.4,326.0,1200.0,322.0,2600.0,1600000000.0,1600000000.0,342240000.0,13900.0,14900.0,,0.0,0.0,0.0
2024-09-09,326.0,0.0,0.0,332.0,260.0,266.0,-60.0,900300.0,244468600.0,488.0,591.1,268.0,1200.0,266.0,25000.0,1600000000.0,1600000000.0,342240000.0,16500.0,20400.0,,0.0,0.0,0.0
2024-09-10,266.0,0.0,0.0,290.0,266.0,268.0,2.0,324100.0,89784200.0,294.0,595.6,270.0,15900.0,268.0,3000.0,1600000000.0,1600000000.0,342240000.0,13700.0,11100.0,,0.0,0.0,0.0
2024-09-11,268.0,0.0,0.0,278.0,262.0,266.0,-2.0,147000.0,39462600.0,95.0,591.1,272.0,33500.0,264.0,1000.0,1600000000.0,1600000000.0,342240000.0,2300.0,0.0,,0.0,0.0,0.0
2024-09-12,266.0,0.0,0.0,272.0,258.0,264.0,-2.0,174700.0,46126000.0,92.0,586.7,264.0,3000.0,260.0,10800.0,1600000000.0,1600000000.0,342240000.0,1400.0,7200.0,,0.0,0.0,0.0
2024-09-13,264.0,0.0,0.0,268.0,252.0,256.0,-8.0,15500.0,3977800.0,26.0,568.9,256.0,2000.0,254.0,6800.0,1600000000.0,1600000000.0,342240000.0,2000.0,0.0,,0.0,0.0,0.0
2024-09-17,256.0,0.0,0.0,266.0,250.0,262.0,6.0,94500.0,24287800.0,76.0,582.2,262.0,1500.0,256.0,1500.0,1600000000.0,1600000000.0,342240000.0,4300.0,3100.0,,0.0,0.0,0.0
2024-09-18,262.0,0.0,0.0,268.0,254.0,260.0,-2.0,17600.0,4539200.0,33.0,577.8,260.0,20800.0,256.0,300.0,1600000000.0,1600000000.0,342240000.0,500.0,0.0,,0.0,0.0,0.0
2024-09-19,260.0,0.0,0.0,262.0,256.0,260.0,0.0,33200.0,8625400.0,22.0,577.8,260.0,3800.0,258.0,5200.0,1600000000.0,1600000000.0,342240000.0,0.0,0.0,,0.0,0.0,0.0
2024-09-20,260.0,0.0,0.0,262.0,232.0,256.0,-4.0,64400.0,15872800.0,71.0,568.9,256.0,1000.0,246.0,500.0,1600000000.0,1600000000.0,342240000.0,700.0,2100.0,,0.0,0.0,0.0
2024-09-23,256.0,0.0,0.0,298.0,254.0,266.0,10.0,896700.0,250521600.0,756.0,591.1,266.0,9000.0,264.0,700.0,1600000000.0,1600000000.0,342240000.0,20900.0,24200.0,,0.0,0.0,0.0
2024-09-24,266.0,0.0,0.0,278.0,260.0,270.0,4.0,58000.0,15471800.0,145.0,600.0,270.0,19000.0,268.0,48800.0,1600000000.0,1600000000.0,342240000.0,1000.0,0.0,,0.0,0.0,0.0
2024-09-25,270.0,0.0,0.0,272.0,258.0,258.0,-12.0,25100.0,6587800.0,43.0,573.3,266.0,11100.0,258.0,5600.0,1600000000.0,1600000000.0,342240000.0,4600.0,700.0,,0.0,0.0,0.0
2024-09-26,258.0,0.0,0.0,264.0,256.0,256.0,-2.0,3600.0,929400.0,10.0,568.9,262.0,16100.0,256.0,11700.0,1600000000.0,1600000000.0,342240000.0,0.0,0.0,,0.0,0.0,0.0
2024-09-27,256.0,0.0,0.0,270.0,256.0,270.0,14.0,15500.0,4083400.0,25.0,600.0,270.0,40600.0,260.0,100.0,1600000000.0,1600000000.0,342240000.0,0.0,3700.0,,0.0,0.0,0.0
2024-09-30,270.0,0.0,0.0,262.0,258.0,262.0,-8.0,16400.0,4260400.0,16.0,582.2,264.0,1600.0,262.0,100.0,1600000000.0,1600000000.0,342240000.0,0.0,6200.0,,0.0,0.0,0.0
2024-10-01,262.0,0.0,0.0,270.0,262.0,270.0,8.0,15700.0,4209800.0,20.0,600.0,268.0,16100.0,264.0,9000.0,1600000000.0,1600000000.0,342080000.0,0.0,0.0,,0.0,0.0,0.0
2024-10-02,270.0,0.0,0.0,270.0,260.0,266.0,-4.0,14500.0,3876800.0,14.0,591.1,266.0,148800.0,260.0,1400.0,1600000000.0,1600000000.0,342080000.0,9300.0,0.0,,0.0,0.0,0.0
2024-10-03,266.0,0.0,0.0,266.0,240.0,256.0,-10.0,150000.0,37379600.0,92.0,568.9,252.0,5000.0,246.0,1100.0,1600000000.0,1600000000.0,342080000.0,0.0,10200.0,,0.0,0.0,0.0
2024-10-04,256.0,0.0,0.0,256.0,242.0,246.0,-10.0,46300.0,11416600.0,59.0,546.7,246.0,400.0,244.0,200.0,1600000000.0,1600000000.0,342080000.0,1100.0,0.0,,0.0,0.0,0.0
2024-10-07,246.0,0.0,0.0,260.0,246.0,254.0,8.0,84100.0,21582200.0,41.0,564.4,254.0,8400.0,246.0,1000.0,1600000000.0,1600000000.0,342080000.0,0.0,0.0,,0.0,0.0,0.0
2024-10-08,254.0,0.0,0.0,258.0,246.0,254.0,0.0,4600.0,1145600.0,12.0,564.4,254.0,5200.0,248.0,1300.0,1600000000.0,1600000000.0,342080000.0,0.0,0.0,,0.0,0.0,0.0
2024-10-09,254.0,0.0,0.0,258.0,248.0,256.0,2.0,1100.0,277800.0,8.0,568.9,256.0,400.0,248.0,700.0,1600000000.0,1600000000.0,342080000.0,0.0,0.0,,0.0,0.0,0.0
2024-10-10,256.0,0.0,0.0,256.0,246.0,250.0,-6.0,5000.0,1237800.0,10.0,555.6,252.0,1000.0,248.0,1100.0,1600000000.0,1600000000.0,342080000.0,0.0,0.0,,0.0,0.0,0.0
2024-10-11,250.0,0.0,0.0,256.0,252.0,254.0,4.0,4900.0,1248400.0,7.0,564.4,254.0,1400.0,246.0,3500.0,1600000000.0,1600000000.0,342080000.0,0.0,0.0,,0.0,0.0,0.0
2024-10-14,254.0,0.0,0.0,258.0,254.0,256.0,2.0,6100.0,1560800.0,13.0,568.9,256.0,10500.0,254.0,35300.0,1600000000.0,1600000000.0,342080000.0,0.0,800.0,,0.0,0.0,0.0
2024-10-15,256.0,0.0,0.0,272.0,256.0,270.0,14.0,13300.0,3470000.0,25.0,600.0,270.0,83600.0,266.0,800.0,1600000000.0,1600000000.0,342080000.0,0.0,0.0,,0.0,0.0,0.0
2024-10-16,270.0,0.0,0.0,286.0,248.0,262.0,-8.0,902900.0,242689200.0,220.0,582.2,268.0,1900.0,260.0,1800.0,1600000000.0,1600000000.0,342080000.0,37400.0,25000.0,,0.0,0.0,0.0
2024-10-17,262.0,0.0,0.0,288.0,262.0,262.0,0.0,234200.0,64429200.0,143.0,582.2,262.0,6300.0,260.0,3000.0,1600000000.0,1600000000.0,342080000.0,7200.0,9200.0,,0.0,0.0,0.0
2024-10-18,262.0,0.0,0.0,262.0,258.0,258.0,-4.0,8600.0,2227000.0,12.0,573.3,258.0,7200.0,256.0,1600.0,1600000000.0,1600000000.0,342080000.0,500.0,0.0,,0.0,0.0,0.0
2024-10-21,258.0,0.0,0.0,260.0,254.0,254.0,-4.0,14700.0,3764400.0,13.0,564.4,260.0,48700.0,254.0,4900.0,1600000000.0,1600000000.0,342080000.0,0.0,0.0,,0.0,0.0,0.0
2024-10-22,254.0,0.0,0.0,286.0,252.0,262.0,8.0,228100.0,61300400.0,170.0,582.2,268.0,2000.0,262.0,7500.0,1600000000.0,1600000000.0,342080000.0,14700.0,13200.0,,0.0,0.0,0.0
2024-10-23,262.0,0.0,0.0,272.0,262.0,262.0,0.0,19100.0,5029800.0,21.0,582.2,264.0,6000.0,262.0,200.0,1600000000.0,1600000000.0,342080000.0,0.0,3700.0,,0.0,0.0,0.0
2024-10-24,262.0,0.0,0.0,264.0,258.0,258.0,-4.0,21600.0,5621400.0,40.0,573.3,264.0,2100.0,258.0,1600.0,1600000000.0,1600000000.0,342080000.0,0.0,9100.0,,0.0,0.0,0.0
2024-10-25,258.0,0.0,0.0,258.0,258.0,258.0,0.0,4500.0,1161000.0,8.0,573.3,264.0,1000.0,258.0,11000.0,1600000000.0,1600000000.0,342080000.0,0.0,0.0,,0.0,0.0,0.0
2024-10-28,258.0,0.0,0.0,268.0,256.0,268.0,10.0,20800.0,5443000.0,17.0,595.6,264.0,1000.0,262.0,1400.0,1600000000.0,1600000000.0,342080000.0,0.0,0.0,,0.0,0.0,0.0
2024-10-29,268.0,0.0,0.0,272.0,260.0,268.0,0.0,12200.0,3233400.0,20.0,595.6,266.0,500.0,262.0,100.0,1600000000.0,1600000000.0,342080000.0,0.0,0.0,,0.0,0.0,0.0
2024-10-30,268.0,0.0,0.0,268.0,264.0,268.0,0.0,2700.0,718200.0,11.0,595.6,268.0,57400.0,264.0,1000.0,1600000000.0,1600000000.0,342080000.0,500.0,0.0,,0.0,0.0,0.0
2024-10-31,268.0,0.0,0.0,268.0,268.0,268.0,0.0,3100.0,830800.0,4.0,595.6,266.0,1200.0,262.0,1400.0,1600000000.0,1600000000.0,342080000.0,0.0,0.0,,0.0,0.0,0.0
2024-11-01,268.0,0.0,0.0,268.0,262.0,268.0,0.0,800.0,211400.0,7.0,595.6,268.0,6700.0,262.0,900.0,1600000000.0,1600000000.0,342080000.0,0.0,0.0,,0.0,0.0,0.0
2024-11-04,268.0,0.0,0.0,268.0,262.0,266.0,-2.0,2700.0,713600.0,12.0,591.1,266.0,3900.0,262.0,400.0,1600000000.0,1600000000.0,342080000.0,0.0,0.0,,0.0,0.0,0.0
2024-11-05,266.0,0.0,0.0,270.0,258.0,268.0,2.0,42000.0,11188000.0,26.0,595.6,268.0,23300.0,266.0,200.0,1600000000.0,1600000000.0,342080000.0,0.0,1000.0,,5600000.0,1500800000.0,1.0
2024-11-06,268.0,0.0,0.0,266.0,260.0,260.0,-8.0,20700.0,5463400.0,10.0,577.8,260.0,1500.0,258.0,1000.0,1600000000.0,1600000000.0,342080000.0,0.0,0.0,,3000.0,780000.0,1.0
2024-11-07,260.0,0.0,0.0,266.0,260.0,260.0,0.0,1000.0,261000.0,4.0,577.8,260.0,19500.0,258.0,1000.0,1600000000.0,1600000000.0,342080000.0,0.0,0.0,,0.0,0.0,0.0
2024-11-08,260.0,0.0,0.0,298.0,244.0,244.0,-16.0,207200.0,54891400.0,224.0,542.2,250.0,500.0,242.0,1200.0,1600000000.0,1600000000.0,342080000.0,45400.0,9500.0,,0.0,0.0,0.0
2024-11-11,244.0,0.0,0.0,264.0,238.0,244.0,0.0,38100.0,9284400.0,61.0,542.2,244.0,1000.0,240.0,500.0,1600000000.0,1600000000.0,342080000.0,27300.0,0.0,,0.0,0.0,0.0
2024-11-12,244.0,0.0,0.0,254.0,240.0,244.0,0.0,28900.0,7109400.0,37.0,542.2,244.0,1300.0,242.0,1400.0,1600000000.0,1600000000.0,342080000.0,13000.0,0.0,,0.0,0.0,0.0
2024-11-13,244.0,0.0,0.0,244.0,234.0,238.0,-6.0,30700.0,7285200.0,26.0,528.9,238.0,7000.0,234.0,7600.0,1600000000.0,1600000000.0,342080000.0,13800.0,0.0,,0.0,0.0,0.0
2024-11-14,238.0,0.0,0.0,238.0,232.0,236.0,-2.0,19900.0,4673000.0,18.0,524.4,236.0,19900.0,234.0,700.0,1600000000.0,1600000000.0,342080000.0,6300.0,0.0,,0.0,0.0,0.0
2024-11-15,236.0,0.0,0.0,278.0,218.0,224.0,-12.0,410800.0,101878800.0,302.0,497.8,224.0,5500.0,216.0,1300.0,1600000000.0,1600000000.0,342080000.0,122200.0,5900.0,,0.0,0.0,0.0
2024-11-18,224.0,0.0,0.0,230.0,220.0,226.0,2.0,20100.0,4469800.0,22.0,502.2,230.0,2200.0,220.0,1000.0,1600000000.0,1600000000.0,342080000.0,0.0,4600.0,,0.0,0.0,0.0
2024-11-19,226.0,0.0,0.0,240.0,226.0,228.0,2.0,60700.0,13958600.0,45.0,506.7,228.0,500.0,226.0,6900.0,1600000000.0,1600000000.0,342080000.0,1600.0,2100.0,,0.0,0.0,0.0
2024-11-20,228.0,0.0,0.0,242.0,226.0,238.0,10.0,21600.0,5093000.0,33.0,528.9,238.0,27800.0,232.0,100.0,1600000000.0,1600000000.0,342080000.0,0.0,600.0,,0.0,0.0,0.0
2024-11-21,238.0,0.0,0.0,238.0,228.0,238.0,0.0,17400.0,4047200.0,18.0,528.9,238.0,7600.0,230.0,500.0,1600000000.0,1600000000.0,342080000.0,1700.0,4700.0,,0.0,0.0,0.0
2024-11-22,238.0,0.0,0.0,236.0,226.0,236.0,-2.0,40800.0,9475400.0,28.0,524.4,236.0,200.0,228.0,500.0,1600000000.0,1600000000.0,342080000.0,0.0,0.0,,0.0,0.0,0.0
2024-11-25,236.0,0.0,0.0,232.0,228.0,230.0,-6.0,32500.0,7469800.0,18.0,511.1,234.0,500.0,228.0,100.0,1600000000.0,1600000000.0,342080000.0,0.0,1300.0,,0.0,0.0,0.0
2024-11-26,230.0,0.0,0.0,234.0,226.0,234.0,4.0,10600.0,2433800.0,20.0,520.0,234.0,6000.0,230.0,1600.0,1600000000.0,1600000000.0,342080000.0,0.0,2600.0,,0.0,0.0,0.0
2024-11-28,234.0,0.0,0.0,234.0,226.0,226.0,-8.0,6100.0,1382600.0,13.0,502.2,232.0,2500.0,226.0,1000.0,1600000000.0,1600000000.0,342080000.0,0.0,0.0,,0.0,0.0,0.0
2024-11-29,226.0,0.0,0.0,262.0,224.0,232.0,6.0,173300.0,42335800.0,241.0,515.6,236.0,2300.0,230.0,1700.0,1600000000.0,1600000000.0,342080000.0,16100.0,14000.0,,0.0,0.0,0.0
2024-12-02,232.0,0.0,0.0,234.0,226.0,234.0,2.0,30500.0,6982800.0,47.0,520.0,234.0,900.0,228.0,600.0,1600000000.0,1600000000.0,342080000.0,0.0,8100.0,,0.0,0.0,0.0
2024-12-03,234.0,0.0,0.0,0.0,0.0,234.0,0.0,0.0,0.0,0.0,520.0,230.0,1900.0,226.0,5700.0,1600000000.0,1600000000.0,342080000.0,0.0,0.0,,0.0,0.0,0.0
2024-12-04,234.0,0.0,0.0,234.0,228.0,234.0,0.0,17600.0,4091600.0,14.0,520.0,236.0,1000.0,228.0,1000.0,1600000000.0,1600000000.0,342080000.0,0.0,0.0,,0.0,0.0,0.0
2024-12-05,234.0,0.0,0.0,236.0,234.0,236.0,2.0,11700.0,2738000.0,2.0,524.4,236.0,900.0,230.0,800.0,1600000000.0,1600000000.0,342080000.0,0.0,0.0,,0.0,0.0,0.0
2024-12-06,236.0,0.0,0.0,256.0,234.0,238.0,2.0,147000.0,36513600.0,163.0,528.9,242.0,800.0,238.0,29700.0,1600000000.0,1600000000.0,342080000.0,18800.0,1100.0,,0.0,0.0,0.0
2024-12-09,238.0,0.0,0.0,254.0,238.0,242.0,4.0,13200.0,3197400.0,36.0,537.8,240.0,4300.0,238.0,20400.0,1600000000.0,1600000000.0,342080000.0,0.0,4900.0,,0.0,0.0,0.0
2024-12-10,242.0,0.0,0.0,250.0,242.0,248.0,6.0,55400.0,13673600.0,34.0,551.1,248.0,10000.0,244.0,500.0,1600000000.0,1600000000.0,342080000.0,1000.0,3700.0,,0.0,0.0,0.0
2024-12-11,248.0,0.0,0.0,254.0,230.0,232.0,-16.0,94000.0,22141600.0,77.0,515.6,232.0,64900.0,230.0,28000.0,1600000000.0,1600000000.0,342080000.0,0.0,7000.0,,4166600.0,999984000.0,1.0
2024-12-12,232.0,0.0,0.0,290.0,218.0,218.0,-14.0,9369300.0,2484214400.0,3065.0,484.4,218.0,8276800.0,216.0,100.0,1600000000.0,1600000000.0,342080000.0,1668900.0,133200.0,,0.0,0.0,0.0
2024-12-13,218.0,220.0,222.0,230.0,186.0,186.0,-32.0,2573700.0,511058300.0,1177.0,413.3,190.0,12200.0,186.0,225000.0,1600000000.0,1600000000.0,342080000.0,200800.0,50500.0,,0.0,0.0,0.0
2024-12-16,186.0,200.0,200.0,242.0,190.0,191.0,5.0,6767100.0,1480176700.0,2880.0,424.4,195.0,34100.0,191.0,600.0,1600000000.0,1600000000.0,342080000.0,703400.0,127900.0,,56801300.0,11133054800.0,1.0
2024-12-17,191.0,192.0,199.0,199.0,183.0,187.0,-4.0,474500.0,89246200.0,335.0,415.6,189.0,24800.0,185.0,100.0,1600000000.0,1600000000.0,342080000.0,19400.0,23900.0,,0.0,0.0,0.0
2024-12-18,187.0,187.0,187.0,187.0,180.0,184.0,-3.0,291300.0,53503900.0,149.0,408.9,185.0,3000.0,184.0,75700.0,1600000000.0,1600000000.0,342080000.0,7500.0,9200.0,,0.0,0.0,0.0
2024-12-19,184.0,0.0,0.0,185.0,170.0,175.0,-9.0,212800.0,37789400.0,149.0,388.9,175.0,14900.0,172.0,500.0,1600000000.0,1600000000.0,342080000.0,9500.0,0.0,,0.0,0.0,0.0
2024-12-20,175.0,175.0,183.0,183.0,170.0,170.0,-5.0,95300.0,16258700.0,69.0,377.8,170.0,2500.0,166.0,2500.0,1600000000.0,1600000000.0,342080000.0,9100.0,0.0,,0.0,0.0,0.0
2024-12-23,170.0,174.0,174.0,174.0,162.0,162.0,-8.0,118100.0,19929900.0,69.0,360.0,169.0,2000.0,162.0,2300.0,1600000000.0,1600000000.0,342080000.0,0.0,11400.0,,0.0,0.0,0.0
2024-12-24,162.0,168.0,168.0,189.0,160.0,167.0,5.0,586200.0,100905500.0,271.0,371.1,167.0,2500.0,165.0,220800.0,1600000000.0,1600000000.0,342080000.0,45900.0,41700.0,,0.0,0.0,0.0
2024-12-27,167.0,163.0,163.0,169.0,160.0,166.0,-1.0,60800.0,9935600.0,63.0,368.9,166.0,800.0,164.0,700.0,1600000000.0,1600000000.0,342080000.0,0.0,5600.0,,0.0,0.0,0.0
2024-12-30,166.0,0.0,0.0,166.0,160.0,162.0,-4.0,93300.0,15005900.0,56.0,360.0,162.0,4600.0,161.0,62200.0,1600000000.0,1600000000.0,342080000.0,0.0,8600.0,,0.0,0.0,0.0
2025-01-02,162.0,163.0,162.0,163.0,158.0,160.0,-2.0,155700.0,24935300.0,64.0,355.6,160.0,4100.0,157.0,1500.0,1600000000.0,1600000000.0,341600000.0,1500.0,5700.0,,0.0,0.0,0.0
2025-01-03,160.0,0.0,0.0,163.0,156.0,162.0,2.0,118200.0,18831400.0,62.0,360.0,162.0,3700.0,161.0,3000.0,1600000000.0,1600000000.0,341600000.0,0.0,3400.0,,0.0,0.0,0.0
2025-01-06,162.0,162.0,162.0,180.0,161.0,167.0,5.0,464000.0,78924400.0,340.0,371.1,167.0,9900.0,166.0,17300.0,1600000000.0,1600000000.0,341600000.0,40300.0,17000.0,,0.0,0.0,0.0
2025-01-07,167.0,0.0,0.0,167.0,161.0,163.0,-4.0,85700.0,14026600.0,63.0,362.2,163.0,9400.0,162.0,100.0,1600000000.0,1600000000.0,341600000.0,1500.0,1700.0,,0.0,0.0,0.0
2025-01-08,163.0,163.0,160.0,163.0,160.0,163.0,0.0,45000.0,7258900.0,40.0,362.2,163.0,7200.0,160.0,12200.0,1600000000.0,1600000000.0,341600000.0,0.0,9300.0,,0.0,0.0,0.0
2025-01-09,163.0,163.0,161.0,166.0,161.0,165.0,2.0,37400.0,6156300.0,20.0,366.7,165.0,89900.0,163.0,11300.0,1600000000.0,1600000000.0,341600000.0,4000.0,8000.0,,0.0,0.0,0.0
2025-01-10,165.0,0.0,0.0,167.0,164.0,166.0,1.0,16400.0,2707800.0,14.0,368.9,166.0,11000.0,165.0,500.0,1600000000.0,1600000000.0,341600000.0,0.0,0.0,,0.0,0.0,0.0
2025-01-13,166.0,0.0,0.0,166.0,163.0,163.0,-3.0,19500.0,3212400.0,22.0,362.2,164.0,1300.0,163.0,9700.0,1600000000.0,1600000000.0,341600000.0,0.0,0.0,,0.0,0.0,0.0
2025-01-14,163.0,0.0,0.0,166.0,160.0,165.0,2.0,104200.0,16945100.0,53.0,366.7,165.0,2400.0,164.0,1000.0,1600000000.0,1600000000.0,341600000.0,0.0,0.0,,0.0,0.0,0.0
2025-01-15,165.0,0.0,0.0,166.0,141.0,158.0,-7.0,345300.0,54619700.0,76.0,351.1,160.0,4300.0,157.0,2700.0,1600000000.0,1600000000.0,341600000.0,0.0,6100.0,,0.0,0.0,0.0
2025-01-16,158.0,0.0,0.0,165.0,160.0,162.0,4.0,13900.0,2252600.0,27.0,360.0,164.0,14100.0,162.0,1100.0,1600000000.0,1600000000.0,341600000.0,0.0,0.0,,0.0,0.0,0.0
2025-01-17,162.0,0.0,0.0,166.0,160.0,165.0,3.0,170600.0,28055500.0,34.0,366.7,165.0,20300.0,164.0,2000.0,1600000000.0,1600000000.0,341600000.0,2100.0,15200.0,,0.0,0.0,0.0
2025-01-20,165.0,165.0,165.0,165.0,161.0,164.0,-1.0,25500.0,4178800.0,24.0,364.4,164.0,93800.0,163.0,2000.0,1600000000.0,1600000000.0,341600000.0,0.0,0.0,,0.0,0.0,0.0
2025-01-21,164.0,164.0,164.0,170.0,164.0,164.0,0.0,31100.0,5134800.0,19.0,364.4,166.0,4500.0,163.0,10000.0,1600000000.0,1600000000.0,341600000.0,0.0,0.0,,0.0,0.0,0.0
2025-01-22,164.0,163.0,162.0,166.0,160.0,163.0,-1.0,103300.0,16664300.0,64.0,362.2,164.0,2800.0,163.0,2700.0,1600000000.0,1600000000.0,341600000.0,100.0,0.0,,0.0,0.0,0.0
2025-01-23,163.0,0.0,0.0,194.0,159.0,160.0,-3.0,615000.0,103584400.0,316.0,355.6,160.0,14200.0,159.0,1100.0,1600000000.0,1600000000.0,341600000.0,38300.0,0.0,,0.0,0.0,0.0
2025-01-24,160.0,0.0,0.0,163.0,158.0,162.0,2.0,63900.0,10302900.0,35.0,360.0,162.0,13600.0,159.0,1000.0,1600000000.0,1600000000.0,341600000.0,0.0,0.0,,0.0,0.0,0.0
2025-01-30,162.0,0.0,0.0,163.0,158.0,160.0,-2.0,80200.0,12741800.0,24.0,355.6,160.0,5800.0,159.0,100.0,1600000000.0,1600000000.0,341600000.0,0.0,2900.0,,0.0,0.0,0.0
2025-01-31,160.0,0.0,0.0,160.0,158.0,160.0,0.0,60100.0,9605600.0,16.0,355.6,160.0,8700.0,158.0,5100.0,1600000000.0,1600000000.0,341600000.0,2900.0,0.0,,0.0,0.0,0.0
2025-02-03,160.0,158.0,159.0,159.0,157.0,159.0,-1.0,48000.0,7587900.0,25.0,353.3,159.0,5600.0,157.0,2200.0,1600000000.0,1600000000.0,341600000.0,0.0,8500.0,,0.0,0.0,0.0
2025-02-04,159.0,0.0,0.0,160.0,156.0,158.0,-1.0,48800.0,7724100.0,40.0,351.1,159.0,300.0,156.0,11900.0,1600000000.0,1600000000.0,341600000.0,2000.0,6600.0,,0.0,0.0,0.0
2025-02-05,158.0,0.0,0.0,162.0,157.0,159.0,1.0,74100.0,11808400.0,30.0,353.3,159.0,2100.0,158.0,4000.0,1600000000.0,1600000000.0,341600000.0,0.0,12600.0,,0.0,0.0,0.0
2025-02-06,159.0,0.0,0.0,161.0,157.0,158.0,-1.0,26900.0,4250500.0,16.0,351.1,158.0,400.0,157.0,6100.0,1600000000.0,1600000000.0,341600000.0,0.0,3300.0,,0.0,0.0,0.0
2025-02-07,158.0,0.0,0.0,160.0,156.0,157.0,-1.0,47400.0,7485400.0,21.0,348.9,157.0,700.0,156.0,16200.0,1600000000.0,1600000000.0,341600000.0,0.0,3700.0,,0.0,0.0,0.0
2025-02-10,157.0,0.0,0.0,159.0,154.0,156.0,-1.0,69300.0,10722300.0,26.0,346.7,154.0,500.0,153.0,10000.0,1600000000.0,1600000000.0,341600000.0,0.0,28500.0,,0.0,0.0,0.0
2025-02-11,156.0,0.0,0.0,156.0,150.0,152.0,-4.0,53400.0,8107600.0,26.0,337.8,152.0,2500.0,150.0,5000.0,1600000000.0,1600000000.0,341600000.0,0.0,4200.0,,0.0,0.0,0.0
2025-02-12,152.0,0.0,0.0,161.0,152.0,155.0,3.0,21900.0,3392400.0,11.0,344.4,153.0,100.0,152.0,2900.0,1600000000.0,1600000000.0,341600000.0,0.0,0.0,,0.0,0.0,0.0
2025-02-13,155.0,0.0,0.0,165.0,159.0,162.0,7.0,108300.0,17541200.0,53.0,360.0,161.0,200.0,159.0,200.0,1600000000.0,1600000000.0,341600000.0,8600.0,0.0,,0.0,0.0,0.0
2025-02-14,162.0,162.0,162.0,162.0,145.0,161.0,-1.0,4600.0,700600.0,15.0,357.8,154.0,100.0,153.0,600.0,1600000000.0,1600000000.0,341600000.0,0.0,0.0,,0.0,0.0,0.0
2025-02-17,161.0,0.0,0.0,167.0,157.0,160.0,-1.0,25100.0,4002400.0,24.0,355.6,160.0,3300.0,157.0,13700.0,1600000000.0,1600000000.0,341600000.0,0.0,0.0,,0.0,0.0,0.0
2025-02-18,160.0,0.0,0.0,160.0,154.0,160.0,0.0,12600.0,1987700.0,27.0,355.6,160.0,1900.0,157.0,3800.0,1600000000.0,1600000000.0,341600000.0,0.0,0.0,,0.0,0.0,0.0
2025-02-19,160.0,0.0,0.0,165.0,157.0,162.0,2.0,53600.0,8696500.0,36.0,360.0,162.0,5200.0,157.0,1100.0,1600000000.0,1600000000.0,341600000.0,30000.0,0.0,,0.0,0.0,0.0
2025-02-20,162.0,0.0,0.0,167.0,158.0,164.0,2.0,17400.0,2799700.0,25.0,364.4,164.0,11000.0,159.0,400.0,1600000000.0,1600000000.0,341600000.0,0.0,0.0,,0.0,0.0,0.0
2025-02-21,164.0,0.0,0.0,167.0,164.0,165.0,1.0,2300.0,379600.0,6.0,366.7,165.0,59900.0,162.0,100.0,1600000000.0,1600000000.0,341600000.0,0.0,0.0,,0.0,0.0,0.0
2025-02-24,165.0,0.0,0.0,163.0,156.0,159.0,-6.0,39100.0,6147000.0,26.0,353.3,159.0,2200.0,158.0,500.0,1600000000.0,1600000000.0,341600000.0,0.0,2900.0,,0.0,0.0,0.0
2025-02-25,159.0,0.0,0.0,167.0,150.0,159.0,0.0,87700.0,13722900.0,82.0,353.3,159.0,14500.0,155.0,900.0,1600000000.0,1600000000.0,341600000.0,5600.0,0.0,,0.0,0.0,0.0
2025-02-26,159.0,0.0,0.0,167.0,151.0,160.0,1.0,18100.0,2885100.0,6.0,355.6,160.0,14000.0,156.0,4000.0,1600000000.0,1600000000.0,341600000.0,0.0,0.0,,0.0,0.0,0.0
2025-02-27,160.0,0.0,0.0,164.0,150.0,164.0,4.0,151700.0,23900300.0,46.0,364.4,162.0,1000.0,159.0,100.0,1600000000.0,1600000000.0,341600000.0,0.0,12200.0,,0.0,0.0,0.0
2025-02-28,164.0,164.0,164.0,164.0,162.0,163.0,-1.0,5000.0,812800.0,12.0,362.2,162.0,1000.0,154.0,100.0,1600000000.0,1600000000.0,341600000.0,0.0,0.0,,0.0,0.0,0.0
2025-03-03,163.0,0.0,0.0,163.0,151.0,157.0,-6.0,97600.0,15034800.0,37.0,348.9,157.0,1900.0,156.0,63100.0,1600000000.0,1600000000.0,341600000.0,9000.0,19800.0,,0.0,0.0,0.0
2025-03-04,157.0,0.0,0.0,165.0,156.0,163.0,6.0,62900.0,10189700.0,36.0,362.2,162.0,100.0,160.0,400.0,1600000000.0,1600000000.0,341600000.0,5100.0,0.0,,0.0,0.0,0.0
2025-03-05,163.0,163.0,154.0,163.0,154.0,160.0,-3.0,48100.0,7485100.0,25.0,355.6,159.0,2400.0,155.0,2000.0,1600000000.0,1600000000.0,341600000.0,0.0,10400.0,,0.0,0.0,0.0
2025-03-06,160.0,0.0,0.0,160.0,160.0,160.0,0.0,62200.0,9952000.0,9.0,355.6,160.0,16400.0,155.0,5100.0,1600000000.0,1600000000.0,341600000.0,0.0,0.0,,0.0,0.0,0.0
2025-03-07,160.0,0.0,0.0,165.0,155.0,165.0,5.0,47300.0,7659100.0,18.0,366.7,160.0,200.0,156.0,500.0,1600000000.0,1600000000.0,341600000.0,0.0,0.0,,0.0,0.0,0.0
2025-03-10,165.0,0.0,0.0,165.0,150.0,165.0,0.0,56600.0,8942100.0,37.0,366.7,165.0,2500.0,157.0,2000.0,1600000000.0,1600000000.0,341600000.0,0.0,0.0,,0.0,0.0,0.0
2025-03-11,165.0,164.0,163.0,165.0,163.0,164.0,-1.0,23400.0,3831800.0,14.0,364.4,160.0,900.0,158.0,100.0,1600000000.0,1600000000.0,341600000.0,0.0,0.0,,0.0,0.0,0.0
2025-03-12,164.0,0.0,0.0,162.0,156.0,162.0,-2.0,7500.0,1187200.0,8.0,360.0,162.0,3200.0,158.0,6000.0,1600000000.0,1600000000.0,341600000.0,0.0,5000.0,,0.0,0.0,0.0
2025-03-13,162.0,0.0,0.0,165.0,155.0,161.0,-1.0,400.0,64200.0,4.0,357.8,161.0,4900.0,157.0,6000.0,1600000000.0,1600000000.0,341600000.0,0.0,0.0,,0.0,0.0,0.0
2025-03-14,161.0,0.0,0.0,160.0,156.0,160.0,-1.0,7300.0,1139200.0,3.0,355.6,160.0,2100.0,157.0,5000.0,1600000000.0,1600000000.0,341600000.0,0.0,0.0,,0.0,0.0,0.0
2025-03-17,160.0,0.0,0.0,160.0,135.0,155.0,-5.0,43300.0,6578800.0,29.0,344.4,158.0,1500.0,155.0,4500.0,1600000000.0,1600000000.0,341600000.0,0.0,3900.0,,0.0,0.0,0.0
2025-03-18,155.0,0.0,0.0,157.0,147.0,147.0,-8.0,15000.0,2269600.0,16.0,326.7,147.0,5200.0,145.0,1300.0,1600000000.0,1600000000.0,341600000.0,0.0,0.0,,0.0,0.0,0.0
2025-03-19,147.0,0.0,0.0,153.0,142.0,152.0,5.0,11100.0,1592100.0,12.0,337.8,152.0,5000.0,145.0,900.0,1600000000.0,1600000000.0,341600000.0,0.0,0.0,,0.0,0.0,0.0
2025-03-20,152.0,152.0,152.0,159.0,143.0,149.0,-3.0,13900.0,2069000.0,16.0,331.1,149.0,3300.0,144.0,1200.0,1600000000.0,1600000000.0,341600000.0,0.0,0.0,,0.0,0.0,0.0
2025-03-21,149.0,149.0,143.0,149.0,142.0,142.0,-7.0,3000.0,433800.0,4.0,315.6,148.0,1000.0,142.0,1200.0,1600000000.0,1600000000.0,341600000.0,0.0,0.0,,0.0,0.0,0.0
2025-03-24,142.0,0.0,0.0,145.0,140.0,145.0,3.0,15100.0,2169400.0,22.0,322.2,145.0,1100.0,140.0,7400.0,1600000000.0,1600000000.0,341600000.0,0.0,0.0,,0.0,0.0,0.0
2025-03-25,145.0,0.0,0.0,149.0,138.0,149.0,4.0,28800.0,4248900.0,18.0,331.1,150.0,227500.0,138.0,9900.0,1600000000.0,1600000000.0,341600000.0,0.0,0.0,,0.0,0.0,0.0
2025-03-26,149.0,0.0,0.0,153.0,141.0,142.0,-7.0,20000.0,2869500.0,23.0,315.6,146.0,2200.0,142.0,25700.0,1600000000.0,1600000000.0,341600000.0,100.0,0.0,,0.0,0.0,0.0
2025-03-27,142.0,0.0,0.0,152.0,143.0,143.0,1.0,15100.0,2231400.0,15.0,317.8,152.0,18400.0,143.0,73400.0,1600000000.0,1600000000.0,341600000.0,5800.0,0.0,,0.0,0.0,0.0
2025-04-08,143.0,0.0,0.0,133.0,122.0,123.0,-20.0,89400.0,11032700.0,22.0,273.3,123.0,4922900.0,122.0,45200.0,1600000000.0,1600000000.0,341440000.0,77100.0,0.0,,0.0,0.0,0.0
2025-04-09,123.0,123.0,123.0,164.0,123.0,126.0,3.0,189800.0,26600800.0,192.0,280.0,128.0,1200.0,126.0,1900.0,1600000000.0,1600000000.0,341440000.0,34500.0,0.0,,0.0,0.0,0.0
2025-04-10,126.0,0.0,0.0,139.0,126.0,135.0,9.0,44700.0,5990000.0,54.0,300.0,138.0,12100.0,135.0,11500.0,1600000000.0,1600000000.0,341440000.0,7700.0,0.0,,0.0,0.0,0.0
2025-04-11,135.0,0.0,0.0,138.0,126.0,135.0,0.0,30700.0,3967700.0,28.0,300.0,136.0,700.0,135.0,1800.0,1600000000.0,1600000000.0,341440000.0,0.0,0.0,,0.0,0.0,0.0
2025-04-14,135.0,0.0,0.0,135.0,126.0,126.0,-9.0,24200.0,3192300.0,19.0,280.0,133.0,1000.0,126.0,13900.0,1600000000.0,1600000000.0,341440000.0,0.0,0.0,,0.0,0.0,0.0
2025-04-15,126.0,0.0,0.0,136.0,123.0,123.0,-3.0,416700.0,51504400.0,50.0,273.3,125.0,200000.0,122.0,19500.0,1600000000.0,1600000000.0,341440000.0,410400.0,0.0,,0.0,0.0,0.0
2025-04-16,123.0,0.0,0.0,131.0,124.0,130.0,7.0,88000.0,11383800.0,32.0,288.9,130.0,8500.0,128.0,6500.0,1600000000.0,1600000000.0,341440000.0,0.0,0.0,,0.0,0.0,0.0
2025-04-17,130.0,0.0,0.0,136.0,130.0,134.0,4.0,64700.0,8559000.0,31.0,297.8,133.0,500.0,130.0,1900.0,1600000000.0,1600000000.0,341440000.0,500.0,0.0,,0.0,0.0,0.0
2025-04-21,134.0,0.0,0.0,138.0,126.0,130.0,-4.0,20900.0,2692300.0,25.0,288.9,130.0,3400.0,128.0,1100.0,1600000000.0,1600000000.0,341440000.0,0.0,1500.0,,0.0,0.0,0.0
2025-04-22,130.0,130.0,130.0,130.0,125.0,126.0,-4.0,472500.0,59548000.0,49.0,280.0,126.0,539300.0,125.0,29200.0,1600000000.0,1600000000.0,341440000.0,0.0,0.0,,0.0,0.0,0.0
2025-04-23,126.0,0.0,0.0,170.0,108.0,108.0,-18.0,13492400.0,1842867800.0,3244.0,240.0,120.0,10100.0,108.0,2275300.0,1600000000.0,1600000000.0,341440000.0,7762300.0,224900.0,,0.0,0.0,0.0
2025-04-24,108.0,118.0,120.0,126.0,102.0,104.0,-4.0,18511800.0,2082207200.0,3191.0,231.1,105.0,46500.0,104.0,101600.0,1600000000.0,1600000000.0,341440000.0,6088300.0,93100.0,,0.0,0.0,0.0
2025-04-25,104.0,105.0,106.0,106.0,92.0,97.0,-7.0,15792600.0,1527534100.0,1689.0,215.6,98.0,204600.0,97.0,160300.0,1600000000.0,1600000000.0,341440000.0,10012700.0,0.0,,0.0,0.0,0.0
2025-04-28,97.0,98.0,98.0,101.0,96.0,100.0,3.0,5771100.0,571336500.0,727.0,222.2,100.0,90900.0,99.0,1100.0,1600000000.0,1600000000.0,341440000.0,1462300.0,0.0,,0.0,0.0,0.0
2025-04-29,100.0,100.0,99.0,100.0,98.0,100.0,0.0,1329600.0,132028400.0,267.0,222.2,100.0,230900.0,99.0,60200.0,1600000000.0,1600000000.0,341440000.0,0.0,0.0,,0.0,0.0,0.0
2025-04-30,100.0,100.0,100.0,100.0,98.0,98.0,-2.0,1801100.0,177791300.0,263.0,217.8,99.0,62400.0,98.0,453600.0,1600000000.0,1600000000.0,341440000.0,0.0,0.0,,0.0,0.0,0.0
2025-05-02,98.0,98.0,98.0,99.0,95.0,98.0,0.0,1308800.0,126827100.0,324.0,217.8,98.0,209900.0,97.0,99500.0,1600000000.0,1600000000.0,341440000.0,0.0,0.0,,0.0,0.0,0.0
2025-05-05,98.0,98.0,98.0,99.0,97.0,98.0,0.0,977200.0,95629100.0,203.0,217.8,98.0,23400.0,97.0,680100.0,1600000000.0,1600000000.0,341440000.0,0.0,0.0,,0.0,0.0,0.0
2025-05-06,98.0,98.0,98.0,98.0,97.0,98.0,0.0,865500.0,84319500.0,223.0,217.8,98.0,500.0,97.0,103900.0,1600000000.0,1600000000.0,341440000.0,0.0,0.0,,0.0,0.0,0.0
2025-05-07,98.0,98.0,99.0,99.0,97.0,98.0,0.0,1393500.0,136033400.0,225.0,217.8,98.0,185900.0,97.0,356500.0,1600000000.0,1600000000.0,341440000.0,0.0,0.0,,0.0,0.0,0.0
2025-05-08,98.0,98.0,99.0,107.0,98.0,103.0,5.0,5707900.0,582977600.0,782.0,228.9,103.0,9800.0,101.0,886200.0,1600000000.0,1600000000.0,341440000.0,0.0,0.0,,0.0,0.0,0.0
2025-05-09,103.0,104.0,104.0,105.0,101.0,101.0,-2.0,1029000.0,105727800.0,272.0,224.4,102.0,29600.0,101.0,68700.0,1600000000.0,1600000000.0,341440000.0,0.0,0.0,,0.0,0.0,0.0
2025-05-14,101.0,101.0,101.0,110.0,98.0,101.0,0.0,1688500.0,172617500.0,327.0,224.4,101.0,5400.0,100.0,14900.0,1600000000.0,1600000000.0,341440000.0,0.0,0.0,,0.0,0.0,0.0
2025-05-15,101.0,102.0,104.0,105.0,98.0,98.0,-3.0,1511200.0,151276100.0,312.0,217.8,99.0,1256300.0,98.0,724300.0,1600000000.0,1600000000.0,341440000.0,0.0,0.0,,0.0,0.0,0.0
2025-05-16,98.0,98.0,99.0,102.0,98.0,100.0,2.0,580800.0,58054200.0,165.0,222.2,101.0,92900.0,100.0,211500.0,1600000000.0,1600000000.0,341440000.0,0.0,0.0,,0.0,0.0,0.0
2025-05-19,100.0,101.0,100.0,101.0,99.0,99.0,-1.0,1598100.0,159160100.0,179.0,220.0,100.0,397800.0,99.0,224400.0,1600000000.0,1600000000.0,341440000.0,0.0,0.0,,0.0,0.0,0.0
2025-05-20,99.0,100.0,100.0,109.0,98.0,99.0,0.0,9039100.0,917322100.0,793.0,220.0,100.0,94300.0,99.0,296900.0,1600000000.0,1600000000.0,341440000.0,0.0,0.0,,0.0,0.0,0.0
2025-05-21,99.0,100.0,100.0,102.0,99.0,99.0,0.0,3287800.0,328079900.0,389.0,220.0,99.0,479400.0,98.0,439300.0,1600000000.0,1600000000.0,341440000.0,0.0,0.0,,0.0,0.0,0.0
2025-05-22,99.0,100.0,100.0,101.0,98.0,100.0,1.0,2677900.0,264993600.0,244.0,222.2,100.0,216800.0,99.0,163100.0,1600000000.0,1600000000.0,341440000.0,0.0,0.0,,0.0,0.0,0.0
2025-05-23,100.0,100.0,100.0,100.0,98.0,100.0,0.0,1494700.0,148181400.0,147.0,222.2,100.0,754100.0,99.0,2900.0,1600000000.0,1600000000.0,341440000.0,0.0,0.0,,0.0,0.0,0.0
2025-05-26,100.0,100.0,100.0,100.0,98.0,99.0,-1.0,311600.0,30845200.0,98.0,220.0,99.0,86100.0,98.0,715700.0,1600000000.0,1600000000.0,341440000.0,0.0,0.0,,0.0,0.0,0.0
2025-05-27,99.0,0.0,0.0,99.0,98.0,99.0,0.0,517600.0,51083800.0,101.0,220.0,100.0,571200.0,99.0,179300.0,1600000000.0,1600000000.0,341440000.0,0.0,0.0,,0.0,0.0,0.0
2025-05-28,99.0,99.0,99.0,100.0,98.0,99.0,0.0,530700.0,52393200.0,90.0,220.0,99.0,100.0,98.0,387400.0,1600000000.0,1600000000.0,341440000.0,0.0,0.0,,0.0,0.0,0.0
2025-06-02,99.0,98.0,98.0,99.0,98.0,99.0,0.0,772500.0,76234400.0,90.0,220.0,100.0,384000.0,99.0,113500.0,1600000000.0,1600000000.0,341440000.0,0.0,0.0,,0.0,0.0,0.0
2025-06-03,99.0,99.0,98.0,100.0,98.0,99.0,0.0,409900.0,40601100.0,60.0,220.0,100.0,411000.0,99.0,234600.0,1600000000.0,1600000000.0,341440000.0,0.0,0.0,,0.0,0.0,0.0
2025-06-04,99.0,0.0,0.0,100.0,98.0,100.0,1.0,375200.0,37146600.0,48.0,222.2,100.0,439500.0,99.0,38700.0,1600000000.0,1600000000.0,341440000.0,0.0,0.0,,0.0,0.0,0.0
2025-06-05,100.0,100.0,99.0,100.0,98.0,99.0,-1.0,650000.0,63888400.0,102.0,220.0,99.0,86500.0,98.0,425300.0,1600000000.0,1600000000.0,341440000.0,0.0,0.0,,0.0,0.0,0.0
2025-06-10,99.0,99.0,99.0,99.0,98.0,99.0,0.0,288100.0,28342500.0,70.0,220.0,99.0,311000.0,98.0,158400.0,1600000000.0,1600000000.0,341440000.0,0.0,0.0,,0.0,0.0,0.0
2025-06-11,99.0,99.0,98.0,100.0,98.0,100.0,1.0,352100.0,34792300.0,65.0,222.2,100.0,1210000.0,99.0,2500.0,1600000000.0,1600000000.0,341440000.0,0.0,0.0,,0.0,0.0,0.0
2025-06-12,100.0,100.0,99.0,100.0,85.0,97.0,-3.0,4034200.0,383869400.0,511.0,215.6,97.0,101100.0,96.0,190500.0,1600000000.0,1600000000.0,341440000.0,0.0,0.0,,0.0,0.0,0.0
2025-06-13,97.0,96.0,96.0,98.0,95.0,96.0,-1.0,568700.0,54705800.0,116.0,213.3,97.0,112700.0,96.0,182700.0,1600000000.0,1600000000.0,341440000.0,0.0,0.0,,0.0,0.0,0.0
2025-06-16,96.0,0.0,0.0,96.0,94.0,95.0,-1.0,821100.0,77816000.0,140.0,211.1,96.0,187000.0,95.0,75600.0,1600000000.0,1600000000.0,341440000.0,0.0,0.0,,0.0,0.0,0.0
2025-06-17,95.0,96.0,95.0,96.0,95.0,96.0,1.0,249600.0,23849700.0,60.0,213.3,96.0,100400.0,95.0,89000.0,1600000000.0,1600000000.0,341440000.0,0.0,0.0,,0.0,0.0,0.0
2025-06-18,96.0,96.0,96.0,96.0,94.0,96.0,0.0,552000.0,52479900.0,128.0,213.3,97.0,66300.0,96.0,23100.0,1600000000.0,1600000000.0,341440000.0,0.0,0.0,,0.0,0.0,0.0
2025-06-19,96.0,96.0,96.0,96.0,90.0,90.0,-6.0,1153400.0,106594100.0,253.0,200.0,92.0,45500.0,90.0,22000.0,1600000000.0,1600000000.0,341440000.0,0.0,0.0,,0.0,0.0,0.0
2025-06-20,90.0,90.0,91.0,93.0,90.0,90.0,0.0,479100.0,43661200.0,125.0,200.0,92.0,50500.0,91.0,66500.0,1600000000.0,1600000000.0,341440000.0,0.0,0.0,,0.0,0.0,0.0
2025-06-23,90.0,91.0,91.0,91.0,87.0,89.0,-1.0,529800.0,47099200.0,187.0,197.8,90.0,120000.0,89.0,4000.0,1600000000.0,1600000000.0,341440000.0,0.0,0.0,,0.0,0.0,0.0
2025-06-24,89.0,0.0,0.0,95.0,89.0,93.0,4.0,247100.0,22861500.0,94.0,206.7,93.0,87000.0,92.0,73500.0,1600000000.0,1600000000.0,341440000.0,0.0,0.0,,0.0,0.0,0.0
2025-06-25,93.0,95.0,95.0,97.0,93.0,94.0,1.0,265900.0,25158700.0,86.0,208.9,95.0,71900.0,94.0,60200.0,1600000000.0,1600000000.0,341440000.0,0.0,0.0,,0.0,0.0,0.0
2025-06-26,94.0,94.0,94.0,98.0,94.0,98.0,4.0,488300.0,46792800.0,110.0,217.8,98.0,108300.0,97.0,44600.0,1600000000.0,1600000000.0,341440000.0,0.0,0.0,,0.0,0.0,0.0
2025-06-30,98.0,98.0,98.0,98.0,94.0,96.0,-2.0,809500.0,78465500.0,130.0,213.3,96.0,10000.0,95.0,3900.0,1600000000.0,1600000000.0,341440000.0,0.0,0.0,,0.0,0.0,0.0
2025-07-01,96.0,96.0,96.0,96.0,95.0,96.0,0.0,72200.0,6883600.0,41.0,213.3,96.0,52000.0,95.0,24600.0,1600000000.0,1600000000.0,339520000.0,0.0,0.0,,0.0,0.0,0.0
2025-07-02,96.0,96.0,97.0,98.0,94.0,95.0,-1.0,214500.0,20562000.0,75.0,211.1,95.0,95800.0,94.0,94000.0,1600000000.0,1600000000.0,339520000.0,0.0,0.0,,0.0,0.0,0.0
2025-07-03,95.0,0.0,0.0,97.0,95.0,97.0,2.0,253400.0,24428500.0,92.0,215.6,97.0,44400.0,96.0,76400.0,1600000000.0,1600000000.0,339520000.0,0.0,0.0,,0.0,0.0,0.0
2025-07-04,97.0,97.0,97.0,98.0,96.0,98.0,1.0,601000.0,58505300.0,69.0,217.8,98.0,136500.0,97.0,500.0,1600000000.0,1600000000.0,339520000.0,0.0,0.0,,0.0,0.0,0.0
2025-07-07,98.0,98.0,98.0,98.0,95.0,96.0,-2.0,555500.0,53591200.0,167.0,213.3,97.0,17800.0,96.0,102400.0,1600000000.0,1600000000.0,339520000.0,0.0,0.0,,0.0,0.0,0.0
2025-07-08,96.0,93.0,93.0,95.0,93.0,93.0,-3.0,512300.0,47739500.0,109.0,206.7,94.0,22300.0,93.0,12200.0,1600000000.0,1600000000.0,339520000.0,0.0,0.0,,0.0,0.0,0.0
2025-07-09,93.0,93.0,94.0,95.0,92.0,93.0,0.0,126100.0,11761100.0,76.0,206.7,94.0,4700.0,93.0,59900.0,1600000000.0,1600000000.0,339520000.0,0.0,0.0,,0.0,0.0,0.0
2025-07-10,93.0,94.0,95.0,96.0,93.0,96.0,3.0,186100.0,17557400.0,88.0,213.3,96.0,75700.0,95.0,106100.0,1600000000.0,1600000000.0,339520000.0,0.0,0.0,,0.0,0.0,0.0
2025-07-11,96.0,97.0,96.0,97.0,90.0,92.0,-4.0,9351500.0,848420900.0,714.0,204.4,92.0,382400.0,91.0,206000.0,1600000000.0,1600000000.0,339520000.0,0.0,0.0,,0.0,0.0,0.0
2025-07-14,92.0,92.0,91.0,92.0,85.0,85.0,-7.0,10432500.0,896708200.0,1111.0,188.9,85.0,227700.0,84.0,280500.0,1600000000.0,1600000000.0,339520000.0,0.0,0.0,,0.0,0.0,0.0
2025-07-15,85.0,85.0,85.0,86.0,83.0,86.0,1.0,2125400.0,180407800.0,299.0,191.1,86.0,264200.0,85.0,34400.0,1600000000.0,1600000000.0,339520000.0,0.0,0.0,,0.0,0.0,0.0
2025-07-16,86.0,86.0,85.0,86.0,84.0,85.0,-1.0,850800.0,72365000.0,165.0,188.9,86.0,402200.0,85.0,13300.0,1600000000.0,1600000000.0,339520000.0,0.0,0.0,,0.0,0.0,0.0
2025-07-17,85.0,85.0,85.0,86.0,81.0,85.0,0.0,1789400.0,149928800.0,279.0,188.9,85.0,61000.0,84.0,305800.0,1600000000.0,1600000000.0,339520000.0,0.0,0.0,,0.0,0.0,0.0
2025-07-18,85.0,85.0,85.0,85.0,84.0,84.0,-1.0,280200.0,23699000.0,122.0,186.7,85.0,233200.0,84.0,343300.0,1600000000.0,1600000000.0,339520000.0,0.0,0.0,,0.0,0.0,0.0
2025-07-21,84.0,85.0,85.0,85.0,82.0,85.0,1.0,1607000.0,135229400.0,257.0,188.9,85.0,344200.0,84.0,66700.0,1600000000.0,1600000000.0,339520000.0,0.0,0.0,,0.0,0.0,0.0
2025-07-22,85.0,85.0,84.0,85.0,81.0,85.0,0.0,1356400.0,112427300.0,338.0,188.9,85.0,1001500.0,83.0,161300.0,1600000000.0,1600000000.0,339520000.0,0.0,0.0,,0.0,0.0,0.0
2025-07-23,85.0,84.0,84.0,85.0,83.0,85.0,0.0,636900.0,53210600.0,135.0,188.9,85.0,348600.0,84.0,100.0,1600000000.0,1600000000.0,339520000.0,0.0,0.0,,0.0,0.0,0.0
2025-07-24,85.0,85.0,84.0,85.0,77.0,81.0,-4.0,11274800.0,911483700.0,777.0,180.0,81.0,5100.0,80.0,837300.0,1600000000.0,1600000000.0,339520000.0,0.0,0.0,,0.0,0.0,0.0
2025-07-25,81.0,82.0,82.0,82.0,77.0,81.0,0.0,5024200.0,398124700.0,464.0,180.0,81.0,134800.0,80.0,1794200.0,1600000000.0,1600000000.0,339520000.0,0.0,0.0,,0.0,0.0,0.0
2025-07-28,81.0,81.0,80.0,93.0,78.0,88.0,7.0,48531200.0,4261708300.0,2800.0,195.6,88.0,402500.0,87.0,5533500.0,1600000000.0,1600000000.0,339520000.0,0.0,497000.0,,0.0,0.0,0.0
2025-07-29,88.0,89.0,90.0,102.0,87.0,102.0,14.0,67854500.0,6416274300.0,4211.0,226.7,102.0,2876800.0,101.0,101900.0,1600000000.0,1600000000.0,339520000.0,496900.0,1000000.0,,0.0,0.0,0.0
2025-07-30,102.0,103.0,104.0,114.0,98.0,107.0,5.0,78766100.0,8427080300.0,6152.0,237.8,107.0,83600.0,106.0,34100.0,1600000000.0,1600000000.0,339520000.0,0.0,0.0,,46015000.0,5153620000.0,2.0
2025-07-31,107.0,109.0,109.0,111.0,103.0,104.0,-3.0,15597800.0,1646339700.0,1541.0,231.1,105.0,90800.0,104.0,361200.0,1600000000.0,1600000000.0,339520000.0,0.0,0.0,,0.0,0.0,0.0
2025-08-01,104.0,104.0,104.0,104.0,94.0,98.0,-6.0,24217500.0,2387415200.0,1956.0,217.8,98.0,345600.0,97.0,4277500.0,1600000000.0,1600000000.0,339520000.0,0.0,15900.0,,0.0,0.0,0.0
2025-08-04,98.0,102.0,102.0,110.0,98.0,104.0,6.0,28603400.0,2959996900.0,2291.0,231.1,104.0,549200.0,102.0,372000.0,1600000000.0,1600000000.0,339520000.0,15900.0,14800.0,,0.0,0.0,0.0
2025-08-05,104.0,106.0,106.0,107.0,100.0,102.0,-2.0,12261700.0,1255211800.0,1208.0,226.7,103.0,184200.0,102.0,10600.0,1600000000.0,1600000000.0,339520000.0,14800.0,15000.0,,0.0,0.0,0.0
2025-08-06,102.0,102.0,103.0,103.0,98.0,99.0,-3.0,9163800.0,912011200.0,888.0,220.0,100.0,504100.0,99.0,26200.0,1600000000.0,1600000000.0,339520000.0,14200.0,16100.0,,0.0,0.0,0.0
2025-08-07,99.0,99.0,100.0,106.0,96.0,101.0,2.0,26381800.0,2659964900.0,1983.0,224.4,102.0,77700.0,101.0,416900.0,1600000000.0,1600000000.0,339520000.0,516900.0,9800.0,,0.0,0.0,0.0
2025-08-08,101.0,102.0,103.0,105.0,99.0,102.0,1.0,7622900.0,768541400.0,716.0,226.7,102.0,429800.0,101.0,12100.0,1600000000.0,1600000000.0,339520000.0,9800.0,23100.0,,0.0,0.0,0.0
2025-08-11,102.0,102.0,102.0,103.0,99.0,101.0,-1.0,11817500.0,1188840100.0,834.0,224.4,101.0,129500.0,100.0,3329600.0,1600000000.0,1600000000.0,339520000.0,16000.0,16000.0,,0.0,0.0,0.0
2025-08-12,101.0,100.0,100.0,101.0,98.0,100.0,-1.0,11347700.0,1130443500.0,684.0,222.2,100.0,411800.0,99.0,1157000.0,1600000000.0,1600000000.0,339520000.0,17100.0,16100.0,,0.0,0.0,0.0
2025-08-13,100.0,100.0,100.0,134.0,98.0,124.0,24.0,192828700.0,23593075200.0,12620.0,275.6,124.0,449800.0,123.0,216300.0,1600000000.0,1600000000.0,339520000.0,22100.0,23500.0,,0.0,0.0,0.0
2025-08-14,124.0,126.0,127.0,148.0,125.0,130.0,6.0,189239800.0,25338630700.0,15451.0,288.9,131.0,271300.0,130.0,522000.0,1600000000.0,1600000000.0,339520000.0,7215600.0,6717100.0,,500.0,60000.0,2.0
2025-08-15,130.0,130.0,130.0,140.0,116.0,121.0,-9.0,67072800.0,8632144600.0,5814.0,268.9,122.0,202000.0,121.0,2000.0,1600000000.0,1600000000.0,339520000.0,1903400.0,1971800.0,,0.0,0.0,0.0
2025-08-19,121.0,122.0,122.0,126.0,120.0,123.0,2.0,19083100.0,2333369300.0,2083.0,273.3,123.0,571600.0,122.0,52400.0,1600000000.0,1600000000.0,339520000.0,425400.0,1478200.0,,0.0,0.0,0.0
2025-08-20,123.0,125.0,124.0,128.0,122.0,123.0,0.0,21486800.0,2667544500.0,1882.0,273.3,123.0,96600.0,122.0,825400.0,1600000000.0,1600000000.0,339520000.0,1284800.0,792900.0,,0.0,0.0,0.0
2025-08-21,123.0,123.0,123.0,135.0,120.0,128.0,5.0,87466500.0,11208012100.0,5329.0,284.4,128.0,220500.0,127.0,678300.0,1600000000.0,1600000000.0,339520000.0,1730000.0,1867100.0,,0.0,0.0,0.0
2025-08-22,128.0,128.0,129.0,130.0,124.0,127.0,-1.0,16224000.0,2050901000.0,1508.0,282.2,127.0,347500.0,126.0,61900.0,1600000000.0,1600000000.0,339520000.0,593000.0,574500.0,,0.0,0.0,0.0
2025-08-25,127.0,129.0,128.0,131.0,124.0,125.0,-2.0,41039900.0,5245249700.0,3170.0,277.8,126.0,103700.0,125.0,1240700.0,1600000000.0,1600000000.0,339520000.0,2040100.0,2059100.0,,0.0,0.0,0.0
2025-08-26,125.0,125.0,125.0,127.0,124.0,124.0,-1.0,9381400.0,1171400200.0,868.0,275.6,124.0,1410900.0,123.0,667900.0,1600000000.0,1600000000.0,339520000.0,112300.0,194100.0,,0.0,0.0,0.0
2025-08-27,124.0,125.0,125.0,125.0,122.0,124.0,0.0,7830800.0,968559700.0,677.0,275.6,125.0,206300.0,124.0,291700.0,1600000000.0,1600000000.0,339520000.0,18500.0,37200.0,,0.0,0.0,0.0
2025-08-28,124.0,124.0,124.0,125.0,120.0,125.0,1.0,13053300.0,1595472200.0,1424.0,277.8,126.0,2057800.0,125.0,206400.0,1600000000.0,1600000000.0,339520000.0,886700.0,1484700.0,,0.0,0.0,0.0
2025-08-29,125.0,125.0,125.0,126.0,116.0,119.0,-6.0,14956200.0,1817407300.0,1386.0,264.4,120.0,400000.0,119.0,150700.0,1600000000.0,1600000000.0,339520000.0,1199400.0,961500.0,,0.0,0.0,0.0
2025-09-01,119.0,103.0,106.0,117.0,103.0,115.0,-4.0,9313400.0,1046435400.0,975.0,255.6,115.0,200700.0,114.0,123100.0,1600000000.0,1600000000.0,339520000.0,550700.0,2003900.0,,0.0,0.0,0.0
2025-09-02,115.0,115.0,115.0,121.0,115.0,119.0,4.0,4593300.0,546780800.0,599.0,264.4,120.0,12000.0,119.0,166700.0,1600000000.0,1600000000.0,339520000.0,293900.0,293700.0,,0.0,0.0,0.0
2025-09-03,119.0,120.0,122.0,122.0,116.0,117.0,-2.0,6232700.0,734606300.0,734.0,260.0,118.0,700.0,117.0,263700.0,1600000000.0,1600000000.0,339520000.0,445200.0,288100.0,,0.0,0.0,0.0
2025-09-04,117.0,117.0,117.0,128.0,116.0,121.0,4.0,29706600.0,3674849800.0,3316.0,268.9,122.0,189200.0,121.0,59500.0,1600000000.0,1600000000.0,339520000.0,2205200.0,325900.0,,0.0,0.0,0.0
2025-09-08,121.0,122.0,123.0,124.0,117.0,118.0,-3.0,8733000.0,1045929500.0,1062.0,262.2,118.0,98800.0,117.0,257700.0,1600000000.0,1600000000.0,339520000.0,104300.0,58600.0,,0.0,0.0,0.0
2025-09-09,118.0,118.0,119.0,120.0,105.0,112.0,-6.0,12674300.0,1421076600.0,1334.0,248.9,112.0,15000.0,110.0,10500.0,1600000000.0,1600000000.0,339520000.0,264300.0,1667200.0,,0.0,0.0,0.0
2025-09-10,112.0,112.0,113.0,116.0,112.0,112.0,0.0,4276100.0,486677900.0,427.0,248.9,113.0,258200.0,112.0,70900.0,1600000000.0,1600000000.0,339520000.0,145400.0,179000.0,,0.0,0.0,0.0
2025-09-11,112.0,115.0,115.0,118.0,113.0,117.0,5.0,7930500.0,918684100.0,972.0,260.0,117.0,72900.0,116.0,713300.0,1600000000.0,1600000000.0,339520000.0,265200.0,83800.0,,0.0,0.0,0.0
2025-09-12,117.0,117.0,117.0,119.0,115.0,119.0,2.0,9586800.0,1120487700.0,1615.0,264.4,119.0,53000.0,118.0,106200.0,1600000000.0,1600000000.0,339520000.0,317900.0,600400.0,,0.0,0.0,0.0
2025-09-15,119.0,120.0,120.0,124.0,119.0,122.0,3.0,15234400.0,1844377600.0,841.0,271.1,123.0,372100.0,122.0,59400.0,1600000000.0,1600000000.0,339520000.0,91300.0,3808900.0,,2500.0,295000.0,1.0
2025-09-16,122.0,123.0,124.0,125.0,121.0,123.0,1.0,11364400.0,1394587800.0,707.0,273.3,123.0,177600.0,122.0,213800.0,1600000000.0,1600000000.0,339520000.0,151700.0,1893300.0,,0.0,0.0,0.0
2025-09-17,123.0,124.0,124.0,125.0,118.0,118.0,-5.0,8235100.0,989920800.0,859.0,262.2,119.0,98000.0,118.0,20100.0,1600000000.0,1600000000.0,339520000.0,263000.0,460100.0,,0.0,0.0,0.0
2025-09-18,118.0,118.0,118.0,120.0,117.0,117.0,-1.0,4597700.0,542460200.0,529.0,260.0,119.0,185100.0,117.0,29500.0,1600000000.0,1600000000.0,339520000.0,297000.0,215800.0,,0.0,0.0,0.0
2025-09-19,117.0,118.0,118.0,118.0,115.0,116.0,-1.0,3282500.0,381841400.0,408.0,257.8,117.0,9400.0,116.0,87800.0,1600000000.0,1600000000.0,339520000.0,417300.0,65500.0,,0.0,0.0,0.0
2025-09-22,116.0,117.0,117.0,119.0,116.0,117.0,1.0,3587100.0,421485000.0,353.0,260.0,118.0,1505000.0,117.0,255600.0,1600000000.0,1600000000.0,339520000.0,0.0,833400.0,,0.0,0.0,0.0
2025-09-23,117.0,119.0,118.0,119.0,115.0,117.0,0.0,5827300.0,676512600.0,532.0,260.0,117.0,398700.0,116.0,377300.0,1600000000.0,1600000000.0,339520000.0,0.0,2317200.0,,0.0,0.0,0.0
2025-09-24,117.0,117.0,117.0,118.0,112.0,114.0,-3.0,10728700.0,1221112500.0,1020.0,253.3,115.0,356400.0,113.0,243400.0,1600000000.0,1600000000.0,339520000.0,429300.0,1282800.0,,0.0,0.0,0.0
2025-09-25,114.0,112.0,113.0,115.0,112.0,113.0,-1.0,6805300.0,769396800.0,588.0,251.1,114.0,453600.0,113.0,20300.0,1600000000.0,1600000000.0,339520000.0,0.0,2701500.0,,0.0,0.0,0.0
2025-09-26,113.0,114.0,113.0,115.0,111.0,112.0,-1.0,7680000.0,864127400.0,573.0,248.9,113.0,502600.0,112.0,7433600.0,1600000000.0,1600000000.0,339520000.0,0.0,908800.0,,0.0,0.0,0.0
2025-09-29,112.0,113.0,114.0,120.0,113.0,117.0,5.0,14647800.0,1712009100.0,1089.0,260.0,118.0,165000.0,117.0,279000.0,1600000000.0,1600000000.0,339520000.0,82400.0,2951500.0,,0.0,0.0,0.0
2025-09-30,117.0,119.0,119.0,126.0,118.0,121.0,4.0,22983400.0,2783509200.0,2068.0,268.9,121.0,790500.0,120.0,425000.0,1600000000.0,1600000000.0,339520000.0,1465700.0,2202700.0,,2000000.0,240000000.0,1.0
2025-10-01,121.0,122.0,122.0,127.0,114.0,115.0,-6.0,33614800.0,4050618600.0,2720.0,255.6,116.0,165600.0,115.0,534800.0,1600000000.0,1600000000.0,337600000.0,6563700.0,4459000.0,,0.0,0.0,0.0
2025-10-02,115.0,115.0,115.0,116.0,110.0,116.0,1.0,8897500.0,1009749000.0,1016.0,257.8,116.0,278300.0,115.0,171000.0,1600000000.0,1600000000.0,337600000.0,40400.0,744500.0,,0.0,0.0,0.0
2025-10-03,116.0,116.0,116.0,116.0,113.0,115.0,-1.0,4443000.0,507237900.0,472.0,255.6,115.0,1075900.0,114.0,374700.0,1600000000.0,1600000000.0,337600000.0,200000.0,98700.0,,0.0,0.0,0.0
2025-10-06,115.0,117.0,117.0,118.0,114.0,114.0,-1.0,4434600.0,510750600.0,530.0,253.3,115.0,171100.0,113.0,534100.0,1600000000.0,1600000000.0,337600000.0,448500.0,0.0,,0.0,0.0,0.0
2025-10-07,114.0,114.0,114.0,115.0,111.0,112.0,-2.0,6891100.0,776348000.0,600.0,248.9,113.0,139500.0,112.0,572200.0,1600000000.0,1600000000.0,337600000.0,906900.0,225700.0,,0.0,0.0,0.0
2025-10-08,112.0,112.0,112.0,114.0,109.0,110.0,-2.0,7335300.0,812762100.0,821.0,244.4,110.0,24300.0,109.0,201600.0,1600000000.0,1600000000.0,337600000.0,353000.0,15800.0,,0.0,0.0,0.0
2025-10-09,110.0,111.0,110.0,112.0,108.0,111.0,1.0,4281200.0,472536500.0,466.0,246.7,112.0,102600.0,111.0,3800.0,1600000000.0,1600000000.0,337600000.0,342700.0,84600.0,,0.0,0.0,0.0
2025-10-10,111.0,107.0,107.0,113.0,106.0,112.0,1.0,5135700.0,563454800.0,522.0,248.9,113.0,337800.0,112.0,800.0,1600000000.0,1600000000.0,337600000.0,639200.0,639900.0,,0.0,0.0,0.0
2025-10-13,112.0,111.0,110.0,114.0,108.0,112.0,0.0,8147300.0,901373600.0,596.0,248.9,112.0,43100.0,111.0,900900.0,1600000000.0,1600000000.0,337600000.0,436900.0,1978000.0,,0.0,0.0,0.0
2025-10-14,112.0,113.0,112.0,113.0,108.0,110.0,-2.0,4238000.0,467354000.0,408.0,244.4,110.0,75600.0,109.0,23400.0,1600000000.0,1600000000.0,337600000.0,1317000.0,0.0,,0.0,0.0,0.0
2025-10-15,110.0,108.0,109.0,111.0,104.0,106.0,-4.0,8790700.0,939026800.0,540.0,235.6,107.0,12700.0,106.0,327800.0,1600000000.0,1600000000.0,337600000.0,354900.0,1907400.0,,0.0,0.0,0.0
2025-10-16,106.0,106.0,107.0,111.0,106.0,109.0,3.0,2733100.0,295500200.0,311.0,242.2,110.0,38400.0,109.0,84000.0,1600000000.0,1600000000.0,337600000.0,228600.0,380700.0,,0.0,0.0,0.0
2025-10-17,109.0,109.0,109.0,111.0,105.0,105.0,-4.0,4651600.0,498913000.0,429.0,233.3,108.0,5000.0,105.0,155200.0,1600000000.0,1600000000.0,337600000.0,542400.0,148600.0,,0.0,0.0,0.0
2025-10-20,105.0,105.0,108.0,110.0,105.0,107.0,2.0,3145200.0,338619200.0,267.0,237.8,108.0,334400.0,107.0,144200.0,1600000000.0,1600000000.0,337600000.0,153600.0,869400.0,,0.0,0.0,0.0
2025-10-21,107.0,109.0,108.0,109.0,107.0,107.0,0.0,3131900.0,336550300.0,252.0,237.8,107.0,42400.0,106.0,584200.0,1600000000.0,1600000000.0,337600000.0,0.0,627800.0,,0.0,0.0,0.0
2025-10-22,107.0,108.0,107.0,108.0,105.0,107.0,0.0,4893100.0,519408600.0,431.0,237.8,108.0,266400.0,107.0,11500.0,1600000000.0,1600000000.0,337600000.0,0.0,1058300.0,,0.0,0.0,0.0
2025-10-23,107.0,108.0,107.0,115.0,107.0,112.0,5.0,9462700.0,1052511700.0,749.0,248.9,113.0,175300.0,112.0,917100.0,1600000000.0,1600000000.0,337600000.0,1359100.0,2443100.0,,0.0,0.0,0.0
2025-10-24,112.0,113.0,113.0,115.0,97.0,98.0,-14.0,52512200.0,5289545400.0,3321.0,217.8,99.0,48100.0,98.0,2099400.0,1600000000.0,1600000000.0,337600000.0,3478500.0,3594500.0,,0.0,0.0,0.0
2025-10-27,98.0,99.0,99.0,100.0,92.0,97.0,-1.0,19359200.0,1854342300.0,2058.0,215.6,97.0,126000.0,96.0,117000.0,1600000000.0,1600000000.0,337600000.0,1982900.0,945500.0,,0.0,0.0,0.0
2025-10-28,97.0,97.0,97.0,97.0,92.0,93.0,-4.0,6367700.0,595350100.0,1281.0,206.7,94.0,332100.0,93.0,472600.0,1600000000.0,1600000000.0,337600000.0,464600.0,1123100.0,,0.0,0.0,0.0
2025-10-29,93.0,93.0,93.0,94.0,87.0,90.0,-3.0,11085900.0,995098200.0,1398.0,200.0,90.0,399600.0,89.0,579300.0,1600000000.0,1600000000.0,337600000.0,189800.0,1012400.0,,0.0,0.0,0.0
2025-10-30,90.0,90.0,90.0,95.0,88.0,91.0,1.0,13062600.0,1194414300.0,1181.0,202.2,92.0,5000.0,91.0,2300.0,1600000000.0,1600000000.0,337600000.0,3362400.0,105300.0,,0.0,0.0,0.0
2025-10-31,91.0,93.0,93.0,93.0,89.0,89.0,-2.0,5736500.0,515497900.0,651.0,197.8,90.0,20000.0,89.0,1402100.0,1600000000.0,1600000000.0,337600000.0,787700.0,0.0,,0.0,0.0,0.0
2025-11-04,88.0,88.0,88.0,90.0,86.0,87.0,-1.0,3907300.0,341414400.0,558.0,193.3,88.0,298200.0,87.0,902400.0,1600000000.0,1600000000.0,337600000.0,537200.0,99600.0,,0.0,0.0,0.0
2025-11-05,87.0,88.0,88.0,89.0,85.0,87.0,0.0,4976600.0,430735300.0,662.0,193.3,88.0,418200.0,87.0,4500.0,1600000000.0,1600000000.0,337600000.0,501500.0,12000.0,,0.0,0.0,0.0
2025-11-06,87.0,87.0,88.0,109.0,86.0,94.0,7.0,201213500.0,20504118900.0,17114.0,208.9,95.0,100100.0,94.0,29300.0,1600000000.0,1600000000.0,337600000.0,8231800.0,1400800.0,,0.0,0.0,0.0
2025-11-07,94.0,94.0,95.0,99.0,88.0,92.0,-2.0,55522200.0,5114477000.0,7176.0,204.4,92.0,1777300.0,91.0,150400.0,1600000000.0,1600000000.0,337600000.0,4839200.0,701400.0,,0.0,0.0,0.0
2025-11-10,92.0,92.0,92.0,101.0,91.0,95.0,3.0,67864600.0,6466889300.0,10109.0,211.1,95.0,98300.0,94.0,224200.0,1600000000.0,1600000000.0,337600000.0,599600.0,152400.0,,0.0,0.0,0.0
2025-11-11,95.0,95.0,95.0,95.0,92.0,92.0,-3.0,10013400.0,932284500.0,1391.0,204.4,92.0,58000.0,91.0,1133600.0,1600000000.0,1600000000.0,337600000.0,53700.0,76100.0,,0.0,0.0,0.0
2025-11-12,92.0,93.0,93.0,94.0,90.0,92.0,0.0,7928500.0,724385600.0,900.0,204.4,92.0,114300.0,91.0,535900.0,1600000000.0,1600000000.0,337600000.0,48800.0,77400.0,,0.0,0.0,0.0
2025-11-13,92.0,92.0,91.0,102.0,90.0,94.0,2.0,57262300.0,5523911500.0,8441.0,208.9,94.0,647200.0,93.0,230800.0,1600000000.0,1600000000.0,337600000.0,403400.0,392800.0,,0.0,0.0,0.0
2025-11-14,94.0,94.0,93.0,97.0,93.0,94.0,0.0,11543100.0,1092789000.0,1155.0,208.9,94.0,193900.0,93.0,1857000.0,1600000000.0,1600000000.0,337600000.0,79900.0,74400.0,,5000.0,465000.0,1.0
2025-11-17,94.0,94.0,94.0,95.0,91.0,93.0,-1.0,11563400.0,1070513000.0,686.0,206.7,93.0,224100.0,92.0,1563300.0,1600000000.0,1600000000.0,337600000.0,64400.0,278200.0,,0.0,0.0,0.0
2025-11-18,93.0,93.0,93.0,96.0,92.0,94.0,1.0,9761000.0,915060700.0,1130.0,208.9,94.0,55000.0,93.0,229300.0,1600000000.0,1600000000.0,337600000.0,250000.0,56600.0,,0.0,0.0,0.0
2025-11-19,94.0,94.0,95.0,97.0,94.0,94.0,0.0,8675800.0,824275200.0,813.0,208.9,94.0,400.0,93.0,1700300.0,1600000000.0,1600000000.0,337600000.0,84500.0,30300.0,,0.0,0.0,0.0
2025-11-20,94.0,94.0,94.0,95.0,92.0,94.0,0.0,4254900.0,398513400.0,420.0,208.9,94.0,73500.0,93.0,825700.0,1600000000.0,1600000000.0,337600000.0,55000.0,72500.0,,0.0,0.0,0.0
2025-11-21,94.0,0.0,0.0,96.0,93.0,95.0,1.0,5888000.0,558001100.0,602.0,211.1,95.0,191300.0,94.0,101300.0,1600000000.0,1600000000.0,337600000.0,77800.0,42400.0,,0.0,0.0,0.0
2025-11-24,95.0,96.0,96.0,96.0,93.0,94.0,-1.0,7431200.0,699925800.0,718.0,208.9,94.0,56700.0,93.0,1366000.0,1600000000.0,1600000000.0,337600000.0,34000.0,47400.0,,0.0,0.0,0.0
2025-11-25,94.0,94.0,94.0,95.0,92.0,93.0,-1.0,4037400.0,377378900.0,478.0,206.7,94.0,258800.0,93.0,136100.0,1600000000.0,1600000000.0,337600000.0,23100.0,9400.0,,0.0,0.0,0.0
2025-11-26,93.0,94.0,94.0,95.0,92.0,92.0,-1.0,5722800.0,534688700.0,483.0,204.4,94.0,1424900.0,92.0,1113400.0,1600000000.0,1600000000.0,337600000.0,40800.0,25400.0,,0.0,0.0,0.0
2025-11-27,92.0,92.0,93.0,93.0,91.0,92.0,0.0,4982700.0,457458600.0,504.0,204.4,92.0,70400.0,91.0,680500.0,1600000000.0,1600000000.0,337600000.0,6100.0,5900.0,,0.0,0.0,0.0
2025-11-28,92.0,92.0,92.0,92.0,90.0,91.0,-1.0,5687100.0,517003900.0,564.0,202.2,91.0,230400.0,90.0,2472000.0,1600000000.0,1600000000.0,337600000.0,2302300.0,219400.0,,0.0,0.0,0.0
2025-12-01,91.0,91.0,91.0,92.0,89.0,91.0,0.0,3674100.0,333308700.0,462.0,202.2,92.0,368100.0,91.0,1454200.0,1600000000.0,1600000000.0,337600000.0,965700.0,20800.0,,0.0,0.0,0.0
2025-12-02,91.0,92.0,91.0,102.0,91.0,97.0,6.0,71298000.0,6963251100.0,4711.0,215.6,98.0,367400.0,97.0,689700.0,1600000000.0,1600000000.0,337600000.0,318900.0,316900.0,,0.0,0.0,0.0
2025-12-03,97.0,97.0,97.0,101.0,95.0,98.0,1.0,27076900.0,2660103700.0,1880.0,217.8,99.0,1102900.0,98.0,2158900.0,1600000000.0,1600000000.0,337600000.0,76600.0,172500.0,,0.0,0.0,0.0
2025-12-04,98.0,105.0,106.0,117.0,98.0,101.0,3.0,173058000.0,18537601200.0,13489.0,224.4,102.0,297100.0,101.0,275400.0,1600000000.0,1600000000.0,337600000.0,1065000.0,2171100.0,,0.0,0.0,0.0
2025-12-05,101.0,100.0,101.0,101.0,93.0,94.0,-7.0,26605300.0,2548213400.0,2640.0,208.9,95.0,250300.0,94.0,2093800.0,1600000000.0,1600000000.0,337600000.0,55200.0,49100.0,,0.0,0.0,0.0
2025-12-08,94.0,95.0,95.0,96.0,93.0,94.0,0.0,9934600.0,935138000.0,1329.0,208.9,95.0,464800.0,94.0,1213700.0,1600000000.0,1600000000.0,337600000.0,35100.0,85000.0,,0.0,0.0,0.0
2025-12-09,94.0,95.0,95.0,104.0,93.0,98.0,4.0,46863400.0,4625526400.0,3274.0,217.8,99.0,251400.0,98.0,1200.0,1600000000.0,1600000000.0,337600000.0,304000.0,271900.0,,0.0,0.0,0.0
2025-12-10,98.0,102.0,101.0,111.0,99.0,102.0,4.0,128844500.0,13573055900.0,14926.0,226.7,103.0,332700.0,102.0,1160600.0,1600000000.0,1600000000.0,337600000.0,984500.0,791300.0,,0.0,0.0,0.0
2025-12-11,102.0,102.0,102.0,105.0,96.0,99.0,-3.0,48527800.0,4818128200.0,3741.0,220.0,100.0,130600.0,99.0,399900.0,1600000000.0,1600000000.0,337600000.0,798700.0,298600.0,,0.0,0.0,0.0
2025-12-12,99.0,99.0,99.0,100.0,96.0,96.0,-3.0,12706000.0,1229161400.0,966.0,213.3,97.0,201400.0,96.0,1132800.0,1600000000.0,1600000000.0,337600000.0,65000.0,481300.0,,0.0,0.0,0.0
2025-12-15,96.0,96.0,95.0,97.0,93.0,95.0,-1.0,12810900.0,1212455000.0,1080.0,211.1,95.0,280500.0,94.0,2476200.0,1600000000.0,1600000000.0,337600000.0,56900.0,56600.0,,0.0,0.0,0.0
2025-12-16,95.0,96.0,96.0,96.0,93.0,94.0,-1.0,10941400.0,1032785700.0,786.0,208.9,95.0,156200.0,94.0,41500.0,1600000000.0,1600000000.0,337600000.0,47500.0,55800.0,,0.0,0.0,0.0
2025-12-17,94.0,94.0,94.0,96.0,93.0,94.0,0.0,15370000.0,1444941600.0,1396.0,208.9,94.0,262700.0,93.0,536500.0,1600000000.0,1600000000.0,337600000.0,69300.0,62000.0,,0.0,0.0,0.0
2025-12-18,94.0,94.0,94.0,98.0,93.0,95.0,1.0,18987600.0,1810066400.0,1364.0,211.1,96.0,357400.0,95.0,1181900.0,1600000000.0,1600000000.0,337600000.0,169000.0,147700.0,,0.0,0.0,0.0
2025-12-19,95.0,96.0,96.0,97.0,94.0,95.0,0.0,8139600.0,776602000.0,661.0,211.1,96.0,36600.0,95.0,2345900.0,1600000000.0,1600000000.0,337600000.0,57900.0,58700.0,,0.0,0.0,0.0
2025-12-22,95.0,96.0,97.0,97.0,95.0,95.0,0.0,4491600.0,429286800.0,534.0,211.1,96.0,295200.0,95.0,730600.0,1600000000.0,1600000000.0,337600000.0,28300.0,30300.0,,0.0,0.0,0.0
2025-12-23,95.0,95.0,95.0,98.0,95.0,97.0,2.0,9540700.0,915047400.0,652.0,215.6,97.0,886600.0,96.0,20000.0,1600000000.0,1600000000.0,337600000.0,42200.0,44700.0,,0.0,0.0,0.0
2025-12-24,97.0,97.0,97.0,97.0,95.0,95.0,-2.0,1876700.0,179415200.0,322.0,211.1,96.0,179400.0,95.0,446700.0,1600000000.0,1600000000.0,337600000.0,16100.0,22800.0,,0.0,0.0,0.0
2025-12-29,95.0,95.0,95.0,96.0,94.0,94.0,-1.0,2938700.0,278743400.0,532.0,208.9,96.0,367400.0,94.0,915100.0,1600000000.0,1600000000.0,337600000.0,192600.0,34700.0,,0.0,0.0,0.0
2025-12-30,94.0,94.0,94.0,97.0,94.0,97.0,3.0,4219700.0,405015400.0,420.0,215.6,97.0,250500.0,96.0,1000.0,1600000000.0,1600000000.0,337600000.0,32700.0,14800.0,,0.0,0.0,0.0
2026-01-02,97.0,97.0,98.0,98.0,95.0,96.0,-1.0,5611400.0,536414900.0,530.0,213.3,97.0,388900.0,96.0,512800.0,1600000000.0,1600000000.0,337280000.0,49800.0,45300.0,,0.0,0.0,0.0
2026-01-05,96.0,97.0,96.0,97.0,94.0,96.0,0.0,7366900.0,700086100.0,549.0,213.3,96.0,627600.0,95.0,445200.0,1600000000.0,1600000000.0,337280000.0,49200.0,39100.0,,0.0,0.0,0.0
2026-01-06,96.0,96.0,95.0,96.0,94.0,96.0,0.0,4580500.0,435017000.0,338.0,213.3,96.0,1122200.0,95.0,2772400.0,1600000000.0,1600000000.0,337280000.0,23600.0,124200.0,,0.0,0.0,0.0
2026-01-07,96.0,96.0,96.0,100.0,94.0,99.0,3.0,17300500.0,1684739400.0,1175.0,220.0,99.0,631000.0,98.0,449600.0,1600000000.0,1600000000.0,337280000.0,30500.0,32000.0,,0.0,0.0,0.0
2026-01-08,99.0,99.0,99.0,99.0,97.0,97.0,-2.0,4368800.0,426802400.0,554.0,215.6,98.0,166400.0,97.0,1018100.0,1600000000.0,1600000000.0,337280000.0,28600.0,20200.0,,0.0,0.0,0.0
2026-01-09,97.0,98.0,98.0,98.0,96.0,98.0,1.0,2350100.0,227570800.0,336.0,217.8,98.0,418400.0,97.0,284900.0,1600000000.0,1600000000.0,337280000.0,17200.0,21900.0,,0.0,0.0,0.0
2026-01-12,98.0,98.0,97.0,99.0,96.0,98.0,0.0,3806800.0,370589300.0,379.0,217.8,98.0,693100.0,97.0,1015100.0,1600000000.0,1600000000.0,337280000.0,18600.0,51900.0,,0.0,0.0,0.0
2026-01-13,98.0,98.0,98.0,102.0,97.0,99.0,1.0,7973500.0,792036600.0,1116.0,220.0,100.0,687400.0,99.0,59800.0,1600000000.0,1600000000.0,337280000.0,247500.0,58800.0,,0.0,0.0,0.0
2026-01-14,99.0,100.0,100.0,101.0,96.0,98.0,-1.0,9264600.0,908745200.0,732.0,217.8,99.0,282600.0,98.0,274800.0,1600000000.0,1600000000.0,337280000.0,41800.0,244900.0,,0.0,0.0,0.0
2026-01-15,98.0,99.0,99.0,99.0,96.0,97.0,-1.0,5415300.0,526902700.0,452.0,215.6,98.0,303000.0,97.0,454600.0,1600000000.0,1600000000.0,337280000.0,11800.0,12400.0,,0.0,0.0,0.0
2026-01-19,97.0,96.0,97.0,98.0,96.0,97.0,0.0,6895300.0,666193600.0,604.0,215.6,98.0,365900.0,97.0,435200.0,1600000000.0,1600000000.0,337280000.0,22900.0,19500.0,,0.0,0.0,0.0
2026-01-20,97.0,98.0,98.0,111.0,97.0,100.0,3.0,87042400.0,9123061500.0,5979.0,222.2,101.0,295900.0,100.0,442800.0,1600000000.0,1600000000.0,337280000.0,842900.0,825400.0,,0.0,0.0,0.0
2026-01-21,100.0,102.0,102.0,109.0,100.0,100.0,0.0,45506600.0,4754242700.0,3196.0,222.2,101.0,21600.0,100.0,10000.0,1600000000.0,1600000000.0,337280000.0,659500.0,277400.0,,0.0,0.0,0.0
2026-01-22,100.0,102.0,102.0,105.0,101.0,102.0,2.0,8885300.0,906383700.0,756.0,226.7,102.0,441400.0,101.0,4500.0,1600000000.0,1600000000.0,337280000.0,19600.0,23000.0,,0.0,0.0,0.0
2026-01-23,102.0,102.0,102.0,103.0,98.0,100.0,-2.0,7175200.0,719336000.0,517.0,222.2,100.0,3100.0,99.0,111300.0,1600000000.0,1600000000.0,337280000.0,35500.0,44100.0,,0.0,0.0,0.0
2026-01-26,100.0,101.0,101.0,101.0,98.0,99.0,-1.0,7847700.0,778121300.0,575.0,220.0,99.0,176400.0,98.0,287600.0,1600000000.0,1600000000.0,337280000.0,39400.0,44200.0,,0.0,0.0,0.0
2026-01-27,99.0,99.0,99.0,100.0,97.0,99.0,0.0,6658700.0,655105700.0,382.0,220.0,100.0,794400.0,98.0,2187500.0,1600000000.0,1600000000.0,337280000.0,24400.0,25200.0,,0.0,0.0,0.0
2026-01-28,99.0,98.0,98.0,99.0,92.0,93.0,-6.0,13085600.0,1243831600.0,906.0,206.7,93.0,3600.0,92.0,673300.0,1600000000.0,1600000000.0,337280000.0,466400.0,386400.0,,0.0,0.0,0.0
2026-01-29,93.0,93.0,93.0,93.0,80.0,89.0,-4.0,20101300.0,1722537500.0,1208.0,197.8,89.0,63600.0,88.0,46000.0,1600000000.0,1600000000.0,337280000.0,405500.0,705400.0,,0.0,0.0,0.0
2026-01-30,89.0,89.0,89.0,94.0,88.0,94.0,5.0,4799800.0,440277900.0,363.0,208.9,94.0,500100.0,93.0,566000.0,1600000000.0,1600000000.0,337280000.0,31200.0,35300.0,,0.0,0.0,0.0
2026-02-02,94.0,94.0,95.0,95.0,87.0,89.0,-5.0,5846700.0,525100600.0,561.0,197.8,89.0,300.0,88.0,47200.0,1600000000.0,1600000000.0,337280000.0,80900.0,87100.0,,0.0,0.0,0.0
2026-02-03,89.0,88.0,88.0,94.0,87.0,93.0,4.0,2563800.0,235600200.0,295.0,206.7,93.0,498700.0,92.0,60800.0,1600000000.0,1600000000.0,337280000.0,62700.0,35100.0,,0.0,0.0,0.0
2026-02-04,93.0,93.0,93.0,94.0,90.0,91.0,-2.0,2211000.0,201680400.0,166.0,202.2,92.0,511100.0,91.0,242400.0,1600000000.0,1600000000.0,337280000.0,17600.0,43300.0,,0.0,0.0,0.0
2026-02-05,91.0,93.0,93.0,93.0,90.0,90.0,-1.0,1741500.0,158745300.0,234.0,200.0,92.0,85800.0,90.0,764800.0,1600000000.0,1600000000.0,337280000.0,33300.0,16600.0,,0.0,0.0,0.0
2026-02-06,90.0,91.0,91.0,91.0,88.0,90.0,0.0,3264900.0,290289000.0,240.0,200.0,90.0,92400.0,89.0,2000.0,1600000000.0,1600000000.0,337280000.0,0.0,8100.0,,0.0,0.0,0.0
2026-02-09,90.0,89.0,89.0,91.0,88.0,90.0,0.0,1230200.0,110116400.0,183.0,200.0,90.0,253500.0,89.0,250100.0,1600000000.0,1600000000.0,337280000.0,111600.0,0.0,,0.0,0.0,0.0
2026-02-10,90.0,89.0,90.0,92.0,89.0,92.0,2.0,2820300.0,255684300.0,248.0,204.4,92.0,238300.0,91.0,632000.0,1600000000.0,1600000000.0,337280000.0,6600.0,8100.0,,0.0,0.0,0.0
2026-02-11,92.0,93.0,92.0,93.0,91.0,92.0,0.0,1868300.0,170764100.0,195.0,204.4,92.0,742700.0,91.0,295600.0,1600000000.0,1600000000.0,337280000.0,20200.0,15600.0,,0.0,0.0,0.0
2026-02-12,92.0,92.0,92.0,93.0,91.0,92.0,0.0,2527600.0,231395400.0,156.0,204.4,92.0,609600.0,91.0,500600.0,1600000000.0,1600000000.0,337280000.0,9500.0,6900.0,,0.0,0.0,0.0
2026-02-13,92.0,92.0,92.0,94.0,91.0,93.0,1.0,2550400.0,236542100.0,314.0,206.7,93.0,48800.0,92.0,421900.0,1600000000.0,1600000000.0,337280000.0,2800.0,2800.0,,0.0,0.0,0.0
2026-02-18,93.0,93.0,93.0,95.0,91.0,93.0,0.0,5166500.0,481750400.0,312.0,206.7,94.0,926800.0,92.0,1547400.0,1600000000.0,1600000000.0,337280000.0,12800.0,14800.0,,0.0,0.0,0.0
2026-02-19,93.0,92.0,92.0,97.0,92.0,94.0,1.0,8047100.0,759852600.0,734.0,208.9,95.0,61400.0,94.0,138800.0,1600000000.0,1600000000.0,337280000.0,29000.0,39400.0,,0.0,0.0,0.0
2026-02-20,94.0,97.0,98.0,120.0,97.0,105.0,11.0,184818200.0,20352054300.0,15009.0,233.3,105.0,977300.0,104.0,392000.0,1600000000.0,1600000000.0,337280000.0,1445400.0,2689900.0,,0.0,0.0,0.0
2026-02-23,105.0,105.0,105.0,106.0,100.0,103.0,-2.0,22325100.0,2302006500.0,2387.0,228.9,103.0,184500.0,102.0,62200.0,1600000000.0,1600000000.0,337280000.0,417000.0,296000.0,,0.0,0.0,0.0
2026-02-24,103.0,103.0,103.0,103.0,99.0,99.0,-4.0,16633100.0,1664081600.0,1442.0,220.0,100.0,54100.0,99.0,361500.0,1600000000.0,1600000000.0,337280000.0,80600.0,47000.0,,0.0,0.0,0.0
2026-02-25,99.0,99.0,100.0,101.0,96.0,99.0,0.0,9106600.0,890219000.0,1057.0,220.0,99.0,144700.0,98.0,936200.0,1600000000.0,1600000000.0,337280000.0,58900.0,34800.0,,0.0,0.0,0.0
2026-02-26,99.0,99.0,99.0,106.0,97.0,99.0,0.0,33940900.0,3458413700.0,2472.0,220.0,100.0,242200.0,99.0,56800.0,1600000000.0,1600000000.0,337280000.0,135300.0,119100.0,,0.0,0.0,0.0
2026-02-27,99.0,99.0,99.0,101.0,96.0,98.0,-1.0,6844000.0,671006300.0,739.0,217.8,99.0,390000.0,97.0,1890700.0,1600000000.0,1600000000.0,337280000.0,86600.0,28900.0,,0.0,0.0,0.0
2026-03-02,98.0,96.0,96.0,97.0,90.0,92.0,-6.0,19457000.0,1817614900.0,974.0,204.4,92.0,302300.0,91.0,1023000.0,1600000000.0,1600000000.0,337280000.0,147600.0,39700.0,,0.0,0.0,0.0
2026-03-03,92.0,90.0,90.0,93.0,88.0,92.0,0.0,3986900.0,362424800.0,428.0,204.4,92.0,64300.0,91.0,3000.0,1600000000.0,1600000000.0,337280000.0,38100.0,241000.0,,0.0,0.0,0.0
2026-03-04,92.0,92.0,91.0,92.0,84.0,88.0,-4.0,7010600.0,613380300.0,713.0,195.6,88.0,82000.0,86.0,27600.0,1600000000.0,1600000000.0,337280000.0,48000.0,89300.0,,0.0,0.0,0.0
2026-03-05,88.0,90.0,91.0,91.0,88.0,90.0,2.0,995300.0,88698200.0,292.0,200.0,90.0,685400.0,89.0,198100.0,1600000000.0,1600000000.0,337280000.0,23300.0,10700.0,,0.0,0.0,0.0
2026-03-06,90.0,90.0,89.0,90.0,85.0,88.0,-2.0,2908200.0,255115800.0,337.0,195.6,89.0,36700.0,88.0,35000.0,1600000000.0,1600000000.0,337280000.0,23500.0,35200.0,,0.0,0.0,0.0
2026-03-09,88.0,85.0,86.0,86.0,79.0,81.0,-7.0,5235000.0,425926400.0,551.0,180.0,82.0,315600.0,81.0,270300.0,1600000000.0,1600000000.0,337280000.0,55900.0,50500.0,,0.0,0.0,0.0
2026-03-10,81.0,81.0,82.0,85.0,81.0,83.0,2.0,2573300.0,215623700.0,281.0,184.4,84.0,771300.0,83.0,2800.0,1600000000.0,1600000000.0,337280000.0,17500.0,0.0,,0.0,0.0,0.0
2026-03-11,83.0,83.0,83.0,88.0,83.0,85.0,2.0,2706300.0,230827300.0,281.0,188.9,85.0,106700.0,84.0,229300.0,1600000000.0,1600000000.0,337280000.0,13000.0,12100.0,,0.0,0.0,0.0
2026-03-12,85.0,86.0,86.0,90.0,84.0,87.0,2.0,4254400.0,370685300.0,362.0,193.3,87.0,146900.0,86.0,562700.0,1600000000.0,1600000000.0,337280000.0,34600.0,31700.0,,0.0,0.0,0.0
2026-03-13,87.0,88.0,87.0,88.0,82.0,82.0,-5.0,2078800.0,174262600.0,215.0,182.2,83.0,308200.0,82.0,444000.0,1600000000.0,1600000000.0,337280000.0,17700.0,17500.0,,0.0,0.0,0.0
2026-03-16,82.0,0.0,0.0,85.0,77.0,82.0,0.0,6019900.0,483669500.0,425.0,182.2,82.0,81000.0,81.0,65700.0,1600000000.0,1600000000.0,337280000.0,9300.0,36400.0,,0.0,0.0,0.0
2026-03-17,82.0,83.0,83.0,93.0,81.0,83.0,1.0,5809900.0,501750900.0,746.0,184.4,84.0,23400.0,83.0,105300.0,1600000000.0,1600000000.0,337280000.0,85300.0,62700.0,,0.0,0.0,0.0
2026-03-25,83.0,83.0,84.0,89.0,82.0,87.0,4.0,2536600.0,217847800.0,242.0,193.3,87.0,283700.0,86.0,26200.0,1600000000.0,1600000000.0,337280000.0,16500.0,14300.0,,0.0,0.0,0.0
2026-03-26,87.0,87.0,87.0,89.0,83.0,86.0,-1.0,2339700.0,199041700.0,302.0,191.1,86.0,21700.0,85.0,98100.0,1600000000.0,1600000000.0,337280000.0,77300.0,17400.0,,0.0,0.0,0.0
2026-03-27,86.0,86.0,86.0,87.0,84.0,86.0,0.0,874700.0,74590500.0,134.0,191.1,87.0,124000.0,86.0,700.0,1600000000.0,1600000000.0,337280000.0,13500.0,15800.0,,0.0,0.0,0.0
2026-03-30,86.0,85.0,85.0,87.0,85.0,87.0,1.0,1485100.0,127809900.0,141.0,193.3,87.0,248600.0,86.0,58100.0,1600000000.0,1600000000.0,337280000.0,3400.0,62300.0,,0.0,0.0,0.0
2026-03-31,87.0,87.0,87.0,87.0,84.0,87.0,0.0,2409500.0,206400600.0,193.0,193.3,87.0,260000.0,85.0,223800.0,1600000000.0,1600000000.0,337280000.0,12000.0,8000.0,,0.0,0.0,0.0
2026-04-01,87.0,87.0,87.0,89.0,86.0,87.0,0.0,2757900.0,241125500.0,228.0,193.3,88.0,118400.0,87.0,122500.0,1600000000.0,1600000000.0,328800000.0,6100.0,650900.0,,0.0,0.0,0.0
2026-04-02,87.0,87.0,87.0,88.0,85.0,86.0,-1.0,1656800.0,143430600.0,215.0,191.1,86.0,47900.0,85.0,319600.0,1600000000.0,1600000000.0,328800000.0,8300.0,6900.0,,0.0,0.0,0.0
2026-04-06,86.0,86.0,85.0,86.0,84.0,85.0,-1.0,1134000.0,96055200.0,211.0,188.9,85.0,778800.0,84.0,25300.0,1600000000.0,1600000000.0,328800000.0,0.0,6200.0,,0.0,0.0,0.0
2026-04-07,85.0,85.0,85.0,86.0,84.0,85.0,0.0,441300.0,37489900.0,118.0,188.9,86.0,148000.0,85.0,9400.0,1600000000.0,1600000000.0,328800000.0,7500.0,3100.0,,0.0,0.0,0.0
2026-04-08,85.0,85.0,85.0,89.0,85.0,88.0,3.0,2225200.0,192389000.0,235.0,195.6,88.0,403800.0,87.0,26200.0,1600000000.0,1600000000.0,328800000.0,10000.0,9300.0,,0.0,0.0,0.0
2026-04-09,88.0,88.0,88.0,88.0,85.0,87.0,-1.0,1990000.0,170958200.0,222.0,193.3,87.0,275700.0,86.0,228400.0,1600000000.0,1600000000.0,328800000.0,4200.0,3100.0,,0.0,0.0,0.0
2026-04-10,87.0,86.0,87.0,89.0,85.0,88.0,1.0,2192500.0,192354700.0,233.0,195.6,88.0,181900.0,87.0,177300.0,1600000000.0,1600000000.0,328800000.0,3700.0,4800.0,,0.0,0.0,0.0
2026-04-13,88.0,87.0,87.0,89.0,86.0,88.0,0.0,2736100.0,238933000.0,361.0,195.6,89.0,476100.0,88.0,539100.0,1600000000.0,1600000000.0,328800000.0,10600.0,122800.0,,0.0,0.0,0.0
2026-04-14,88.0,88.0,89.0,91.0,88.0,89.0,1.0,3781700.0,338206000.0,311.0,197.8,90.0,9600.0,89.0,81700.0,1600000000.0,1600000000.0,328800000.0,6900.0,5800.0,,0.0,0.0,0.0
2026-04-15,89.0,90.0,90.0,94.0,89.0,94.0,5.0,2820800.0,258758800.0,441.0,208.9,95.0,103000.0,94.0,116500.0,1600000000.0,1600000000.0,328800000.0,1100.0,112100.0,,0.0,0.0,0.0
2026-04-16,94.0,94.0,94.0,94.0,92.0,93.0,-1.0,2377300.0,220871600.0,338.0,206.7,93.0,305700.0,92.0,270100.0,1600000000.0,1600000000.0,328800000.0,5400.0,200600.0,,0.0,0.0,0.0
2026-04-17,93.0,93.0,92.0,95.0,91.0,94.0,1.0,3276200.0,304163700.0,370.0,208.9,94.0,304800.0,93.0,72600.0,1600000000.0,1600000000.0,328800000.0,6600.0,274800.0,,0.0,0.0,0.0
2026-04-20,94.0,94.0,93.0,94.0,91.0,92.0,-2.0,2052600.0,189693800.0,275.0,204.4,93.0,430700.0,91.0,492100.0,1600000000.0,1600000000.0,328800000.0,4400.0,5500.0,,0.0,0.0,0.0
2026-04-21,92.0,93.0,93.0,95.0,91.0,94.0,2.0,5402800.0,507619500.0,810.0,208.9,94.0,1002600.0,93.0,450600.0,1600000000.0,1600000000.0,328800000.0,5400.0,411800.0,,0.0,0.0,0.0
2026-04-22,94.0,94.0,94.0,98.0,93.0,94.0,0.0,3655700.0,344581100.0,287.0,208.9,94.0,15900.0,93.0,184300.0,1600000000.0,1600000000.0,328800000.0,2800.0,4200.0,,0.0,0.0,0.0
2026-04-23,94.0,94.0,94.0,95.0,92.0,92.0,-2.0,2731800.0,253870100.0,373.0,204.4,93.0,38200.0,92.0,477400.0,1600000000.0,1600000000.0,328800000.0,4000.0,60100.0,,0.0,0.0,0.0
2026-04-24,92.0,94.0,93.0,94.0,89.0,90.0,-2.0,3100500.0,280485100.0,375.0,200.0,91.0,199100.0,90.0,223700.0,1600000000.0,1600000000.0,328800000.0,12000.0,312300.0,,0.0,0.0,0.0
2026-04-27,90.0,90.0,90.0,92.0,89.0,90.0,0.0,1055400.0,95023100.0,159.0,200.0,91.0,24500.0,90.0,122400.0,1600000000.0,1600000000.0,328800000.0,7100.0,115000.0,,0.0,0.0,0.0
2026-04-28,90.0,91.0,91.0,93.0,90.0,90.0,0.0,1979800.0,179918800.0,244.0,200.0,91.0,245000.0,90.0,191900.0,1600000000.0,1600000000.0,328800000.0,2200.0,1800.0,,0.0,0.0,0.0
2026-04-29,90.0,91.0,91.0,92.0,88.0,90.0,0.0,4205000.0,376224900.0,474.0,200.0,90.0,163700.0,89.0,300.0,1600000000.0,1600000000.0,328800000.0,4700.0,6300.0,,10000.0,890000.0,1.0
2026-04-30,90.0,90.0,89.0,90.0,87.0,89.0,-1.0,3176500.0,280471700.0,269.0,197.8,89.0,144400.0,88.0,135000.0,1600000000.0,1600000000.0,328800000.0,4000.0,1200.0,,0.0,0.0,0.0
2026-05-04,89.0,89.0,89.0,89.0,85.0,88.0,-1.0,6394200.0,556463000.0,360.0,195.6,88.0,127500.0,87.0,391000.0,1600000000.0,1600000000.0,328800000.0,8300.0,8300.0,,0.0,0.0,0.0
2026-05-05,88.0,88.0,87.0,94.0,87.0,89.0,1.0,4768400.0,433856600.0,643.0,197.8,90.0,53400.0,89.0,140400.0,1600000000.0,1600000000.0,328800000.0,147600.0,38000.0,,0.0,0.0,0.0
2026-05-06,89.0,90.0,89.0,91.0,89.0,90.0,1.0,718200.0,64475400.0,128.0,200.0,91.0,169900.0,90.0,449300.0,1600000000.0,1600000000.0,328800000.0,3500.0,33700.0,,0.0,0.0,0.0
2026-05-07,90.0,91.0,91.0,92.0,90.0,91.0,1.0,1010800.0,91613500.0,200.0,202.2,92.0,513700.0,90.0,200000.0,1600000000.0,1600000000.0,328800000.0,1400.0,2400.0,,0.0,0.0,0.0
2026-05-08,91.0,91.0,91.0,92.0,87.0,88.0,-3.0,2264800.0,201749000.0,239.0,195.6,88.0,200800.0,87.0,144400.0,1600000000.0,1600000000.0,328800000.0,3800.0,12000.0,,0.0,0.0,0.0
