date,previous,open_price,first_trade,high,low,close,change,volume,value,frequency,index_individual,offer,offer_volume,bid,bid_volume,listed_shares,tradeble_shares,weight_for_index,foreign_sell,foreign_buy,delisting_date,non_regular_volume,non_regular_value,non_regular_frequency
2019-07-29,19400.0,0.0,0.0,19500.0,19500.0,19500.0,100.0,500.0,9750000.0,3.0,3391.3,19500.0,300.0,17600.0,100.0,101538000.0,101538000.0,101538000.0,100.0,0.0,,0.0,0.0,0.0
2019-07-30,19500.0,0.0,0.0,19600.0,19600.0,19600.0,100.0,500.0,9800000.0,3.0,3408.7,19600.0,300.0,17625.0,100.0,101538000.0,101538000.0,101538000.0,100.0,0.0,,0.0,0.0,0.0
2019-07-31,19600.0,0.0,0.0,19900.0,19850.0,19900.0,300.0,133100.0,2648355000.0,11.0,3460.9,19900.0,100.0,17700.0,100.0,101538000.0,101538000.0,101538000.0,3800.0,0.0,,0.0,0.0,0.0
2019-08-01,19900.0,0.0,0.0,19700.0,19700.0,19700.0,-200.0,100.0,1970000.0,1.0,3426.1,19700.0,100.0,17650.0,100.0,101538000.0,101538000.0,101538000.0,100.0,0.0,,0.0,0.0,0.0
2019-08-02,19700.0,0.0,0.0,19900.0,19900.0,19900.0,200.0,100.0,1990000.0,1.0,3460.9,19900.0,100.0,17100.0,100.0,101538000.0,101538000.0,101538000.0,100.0,0.0,,0.0,0.0,0.0
2019-08-05,19900.0,0.0,0.0,19800.0,19800.0,19800.0,-100.0,100.0,1980000.0,1.0,3443.5,19800.0,100.0,17150.0,100.0,101538000.0,101538000.0,101538000.0,100.0,0.0,,0.0,0.0,0.0
2019-08-06,19800.0,0.0,0.0,19750.0,19750.0,19750.0,-50.0,100.0,1975000.0,1.0,3434.8,19750.0,100.0,17100.0,100.0,101538000.0,101538000.0,101538000.0,100.0,0.0,,0.0,0.0,0.0
2019-08-07,19750.0,0.0,0.0,19900.0,19900.0,19900.0,150.0,100.0,1990000.0,1.0,3460.9,19900.0,100.0,17200.0,100.0,101538000.0,101538000.0,101538000.0,100.0,0.0,,0.0,0.0,0.0
2019-08-08,19900.0,0.0,0.0,19900.0,19900.0,19900.0,0.0,1500.0,29850000.0,3.0,3460.9,19900.0,10500.0,17150.0,200.0,101538000.0,101538000.0,101538000.0,100.0,0.0,,0.0,0.0,0.0
2019-08-09,19900.0,0.0,0.0,19900.0,19900.0,19900.0,0.0,100.0,1990000.0,1.0,3460.9,19900.0,11000.0,16350.0,300.0,101538000.0,101538000.0,101538000.0,100.0,0.0,,0.0,0.0,0.0
2019-08-12,19900.0,0.0,0.0,19600.0,19600.0,19600.0,-300.0,500.0,9800000.0,2.0,3408.7,19600.0,10500.0,16600.0,200.0,101538000.0,101538000.0,101538000.0,100.0,0.0,,0.0,0.0,0.0
2019-08-13,19600.0,0.0,0.0,19800.0,19800.0,19800.0,200.0,200.0,3960000.0,2.0,3443.5,19800.0,10800.0,16500.0,200.0,101538000.0,101538000.0,101538000.0,100.0,0.0,,0.0,0.0,0.0
2019-08-14,19800.0,0.0,0.0,19800.0,19800.0,19800.0,0.0,100.0,1980000.0,1.0,3443.5,19800.0,100.0,16600.0,200.0,101538000.0,101538000.0,101538000.0,100.0,0.0,,0.0,0.0,0.0
2019-08-15,19800.0,0.0,0.0,19900.0,19900.0,19900.0,100.0,200.0,3980000.0,2.0,3460.9,19900.0,200.0,16700.0,200.0,101538000.0,101538000.0,101538000.0,100.0,0.0,,0.0,0.0,0.0
2019-08-16,19900.0,0.0,0.0,19800.0,19800.0,19800.0,-100.0,300.0,5940000.0,2.0,3443.5,19800.0,10700.0,15975.0,200.0,101538000.0,101538000.0,101538000.0,100.0,0.0,,0.0,0.0,0.0
2019-08-19,19800.0,0.0,0.0,19900.0,19900.0,19900.0,100.0,300.0,5970000.0,2.0,3460.9,19900.0,100.0,16325.0,100.0,101538000.0,101538000.0,101538000.0,100.0,0.0,,0.0,0.0,0.0
2019-08-20,19900.0,0.0,0.0,19900.0,19900.0,19900.0,0.0,200.0,3980000.0,2.0,3460.9,19900.0,200.0,16000.0,200.0,101538000.0,101538000.0,101538000.0,100.0,0.0,,0.0,0.0,0.0
2019-08-21,19900.0,0.0,0.0,19900.0,19900.0,19900.0,0.0,200.0,3980000.0,2.0,3460.9,19900.0,11200.0,16375.0,300.0,101538000.0,101538000.0,101538000.0,100.0,0.0,,0.0,0.0,0.0
2019-08-22,19900.0,0.0,0.0,19900.0,19900.0,19900.0,0.0,400.0,7960000.0,3.0,3460.9,19900.0,100.0,16400.0,200.0,101538000.0,101538000.0,101538000.0,100.0,0.0,,0.0,0.0,0.0
2019-08-23,19900.0,0.0,0.0,19700.0,19700.0,19700.0,-200.0,100.0,1970000.0,1.0,3426.1,19700.0,100.0,15950.0,300.0,101538000.0,101538000.0,101538000.0,100.0,0.0,,0.0,0.0,0.0
2019-08-26,19700.0,0.0,0.0,19700.0,19700.0,19700.0,0.0,100.0,1970000.0,1.0,3426.1,19700.0,7000.0,16125.0,300.0,101538000.0,101538000.0,101538000.0,100.0,0.0,,0.0,0.0,0.0
2019-08-27,19700.0,0.0,0.0,19900.0,19900.0,19900.0,200.0,200.0,3980000.0,1.0,3460.9,19900.0,800.0,16350.0,200.0,101538000.0,101538000.0,101538000.0,0.0,0.0,,0.0,0.0,0.0
2019-08-28,19900.0,0.0,0.0,19900.0,19900.0,19900.0,0.0,200.0,3980000.0,2.0,3460.9,19900.0,200.0,16300.0,200.0,101538000.0,101538000.0,101538000.0,100.0,0.0,,0.0,0.0,0.0
2019-08-29,19900.0,0.0,0.0,19800.0,19800.0,19800.0,-100.0,100.0,1980000.0,1.0,3443.5,19800.0,100.0,16300.0,200.0,101538000.0,101538000.0,101538000.0,100.0,0.0,,0.0,0.0,0.0
2019-08-30,19800.0,0.0,0.0,19800.0,19800.0,19800.0,0.0,100.0,1980000.0,1.0,3443.5,19800.0,100.0,16375.0,200.0,101538000.0,101538000.0,101538000.0,100.0,0.0,,0.0,0.0,0.0
2019-09-02,19800.0,0.0,0.0,19800.0,19800.0,19800.0,0.0,500.0,9900000.0,2.0,3443.5,19800.0,700.0,16325.0,200.0,101538000.0,101538000.0,101538000.0,100.0,0.0,,0.0,0.0,0.0
2019-09-03,19800.0,0.0,0.0,19800.0,19800.0,19800.0,0.0,100.0,1980000.0,1.0,3443.5,19800.0,100.0,16350.0,300.0,101538000.0,101538000.0,101538000.0,100.0,0.0,,0.0,0.0,0.0
2019-09-04,19800.0,0.0,0.0,19800.0,19800.0,19800.0,0.0,500.0,9900000.0,2.0,3443.5,19800.0,700.0,16025.0,100.0,101538000.0,101538000.0,101538000.0,100.0,0.0,,0.0,0.0,0.0
2019-09-05,19800.0,0.0,0.0,19800.0,19800.0,19800.0,0.0,100.0,1980000.0,1.0,3443.5,19800.0,100.0,16300.0,200.0,101538000.0,101538000.0,101538000.0,100.0,0.0,,0.0,0.0,0.0
2019-09-06,19800.0,0.0,0.0,19800.0,19800.0,19800.0,0.0,100.0,1980000.0,1.0,3443.5,19800.0,100.0,15875.0,300.0,101538000.0,101538000.0,101538000.0,100.0,0.0,,0.0,0.0,0.0
2019-09-09,19800.0,0.0,0.0,19000.0,19000.0,19000.0,-800.0,2500.0,47500000.0,2.0,3304.3,19000.0,4500.0,15900.0,100.0,101538000.0,101538000.0,101538000.0,0.0,0.0,,0.0,0.0,0.0
2019-09-10,19000.0,0.0,0.0,18950.0,18950.0,18950.0,-50.0,200.0,3790000.0,2.0,3295.7,18950.0,11000.0,16375.0,100.0,101538000.0,101538000.0,101538000.0,200.0,0.0,,0.0,0.0,0.0
2019-09-11,18950.0,0.0,0.0,18900.0,18900.0,18900.0,-50.0,500.0,9450000.0,3.0,3287.0,18900.0,5100.0,16300.0,200.0,101538000.0,101538000.0,101538000.0,200.0,0.0,,0.0,0.0,0.0
2019-09-12,18900.0,0.0,0.0,18850.0,18850.0,18850.0,-50.0,200.0,3770000.0,2.0,3278.3,18850.0,200.0,15175.0,100.0,101538000.0,101538000.0,101538000.0,200.0,0.0,,0.0,0.0,0.0
2019-09-13,18850.0,0.0,0.0,19000.0,19000.0,19000.0,150.0,500.0,9500000.0,3.0,3304.3,19000.0,1800.0,15350.0,100.0,101538000.0,101538000.0,101538000.0,200.0,0.0,,0.0,0.0,0.0
2019-09-16,19000.0,0.0,0.0,18975.0,18975.0,18975.0,-25.0,1500.0,28462500.0,3.0,3300.0,18975.0,1200.0,15400.0,100.0,101538000.0,101538000.0,101538000.0,600.0,0.0,,0.0,0.0,0.0
2019-09-17,18975.0,0.0,0.0,18975.0,18975.0,18975.0,0.0,500.0,9487500.0,2.0,3300.0,18975.0,5000.0,15550.0,100.0,101538000.0,101538000.0,101538000.0,100.0,0.0,,0.0,0.0,0.0
2019-09-18,18975.0,0.0,0.0,18950.0,18950.0,18950.0,-25.0,500.0,9475000.0,2.0,3295.7,18950.0,800.0,15525.0,100.0,101538000.0,101538000.0,101538000.0,100.0,0.0,,0.0,0.0,0.0
2019-09-19,18950.0,0.0,0.0,18900.0,18900.0,18900.0,-50.0,100.0,1890000.0,1.0,3287.0,18900.0,100.0,15600.0,100.0,101538000.0,101538000.0,101538000.0,100.0,0.0,,0.0,0.0,0.0
2019-09-20,18900.0,0.0,0.0,18875.0,18875.0,18875.0,-25.0,500.0,9437500.0,3.0,3282.6,18875.0,400.0,15575.0,100.0,101538000.0,101538000.0,101538000.0,100.0,0.0,,0.0,0.0,0.0
2019-09-23,18875.0,0.0,0.0,19800.0,19800.0,19800.0,925.0,500.0,9900000.0,3.0,3443.5,19800.0,1000.0,15150.0,100.0,101538000.0,101538000.0,101538000.0,100.0,0.0,,0.0,0.0,0.0
2019-09-24,19800.0,0.0,0.0,19000.0,19000.0,19000.0,-800.0,500.0,9500000.0,1.0,3304.3,19000.0,9500.0,0.0,0.0,101538000.0,101538000.0,101538000.0,0.0,0.0,,0.0,0.0,0.0
2019-09-25,19000.0,0.0,0.0,19000.0,19000.0,19000.0,0.0,500.0,9500000.0,2.0,3304.3,19000.0,10500.0,15575.0,300.0,101538000.0,101538000.0,101538000.0,100.0,0.0,,0.0,0.0,0.0
2019-09-26,19000.0,0.0,0.0,19000.0,19000.0,19000.0,0.0,500.0,9500000.0,2.0,3304.3,19000.0,10500.0,15225.0,100.0,101538000.0,101538000.0,101538000.0,100.0,0.0,,0.0,0.0,0.0
2019-09-27,19000.0,0.0,0.0,19000.0,19000.0,19000.0,0.0,500.0,9500000.0,2.0,3304.3,19000.0,10500.0,15550.0,100.0,101538000.0,101538000.0,101538000.0,100.0,0.0,,0.0,0.0,0.0
2019-09-30,19000.0,0.0,0.0,19000.0,19000.0,19000.0,0.0,500.0,9500000.0,2.0,3304.3,19000.0,10500.0,15500.0,200.0,101538000.0,101538000.0,101538000.0,100.0,0.0,,0.0,0.0,0.0
2019-10-01,19000.0,0.0,0.0,18375.0,18375.0,18375.0,-625.0,500.0,9187500.0,2.0,3195.7,18375.0,500.0,15350.0,100.0,101538000.0,101538000.0,101538000.0,500.0,0.0,,0.0,0.0,0.0
2019-10-02,18375.0,0.0,0.0,18000.0,18000.0,18000.0,-375.0,700.0,12600000.0,2.0,3130.4,18000.0,300.0,15400.0,100.0,101538000.0,101538000.0,101538000.0,700.0,0.0,,0.0,0.0,0.0
2019-10-03,18000.0,0.0,0.0,18000.0,18000.0,18000.0,0.0,500.0,9000000.0,1.0,3130.4,18000.0,10400.0,15325.0,200.0,101538000.0,101538000.0,101538000.0,0.0,0.0,,0.0,0.0,0.0
2019-10-04,18000.0,0.0,0.0,18000.0,18000.0,18000.0,0.0,500.0,9000000.0,1.0,3130.4,18000.0,10500.0,15300.0,200.0,101538000.0,101538000.0,101538000.0,0.0,0.0,,0.0,0.0,0.0
2019-10-07,18000.0,0.0,0.0,18000.0,18000.0,18000.0,0.0,1000.0,18000000.0,1.0,3130.4,18000.0,11500.0,15225.0,300.0,101538000.0,101538000.0,101538000.0,0.0,0.0,,0.0,0.0,0.0
2019-10-08,18000.0,0.0,0.0,18000.0,18000.0,18000.0,0.0,2000.0,36000000.0,1.0,3130.4,18000.0,9500.0,15250.0,200.0,101538000.0,101538000.0,101538000.0,0.0,0.0,,0.0,0.0,0.0
2019-10-09,18000.0,0.0,0.0,18000.0,18000.0,18000.0,0.0,500.0,9000000.0,1.0,3130.4,18000.0,8100.0,15000.0,200.0,101538000.0,101538000.0,101538000.0,0.0,0.0,,0.0,0.0,0.0
2019-10-10,18000.0,0.0,0.0,18000.0,18000.0,18000.0,0.0,1000.0,18000000.0,1.0,3130.4,18000.0,4500.0,15200.0,200.0,101538000.0,101538000.0,101538000.0,0.0,0.0,,0.0,0.0,0.0
2019-10-11,18000.0,0.0,0.0,18000.0,18000.0,18000.0,0.0,1000.0,18000000.0,1.0,3130.4,18000.0,4500.0,17000.0,100.0,101538000.0,101538000.0,101538000.0,0.0,0.0,,0.0,0.0,0.0
2019-10-14,18000.0,0.0,0.0,18000.0,18000.0,18000.0,0.0,1000.0,18000000.0,1.0,3130.4,18000.0,4500.0,15000.0,200.0,101538000.0,101538000.0,101538000.0,0.0,0.0,,0.0,0.0,0.0
2019-10-15,18000.0,0.0,0.0,18000.0,18000.0,18000.0,0.0,1000.0,18000000.0,1.0,3130.4,18000.0,8200.0,14475.0,100.0,101538000.0,101538000.0,101538000.0,0.0,0.0,,0.0,0.0,0.0
2019-10-16,18000.0,0.0,0.0,18000.0,18000.0,18000.0,0.0,1000.0,18000000.0,1.0,3130.4,18000.0,7100.0,14500.0,200.0,101538000.0,101538000.0,101538000.0,0.0,0.0,,0.0,0.0,0.0
2019-10-17,18000.0,0.0,0.0,18000.0,18000.0,18000.0,0.0,1000.0,18000000.0,1.0,3130.4,18000.0,6000.0,14475.0,200.0,101538000.0,101538000.0,101538000.0,0.0,0.0,,0.0,0.0,0.0
2019-10-18,18000.0,0.0,0.0,18000.0,18000.0,18000.0,0.0,1000.0,18000000.0,1.0,3130.4,18000.0,4900.0,14450.0,100.0,101538000.0,101538000.0,101538000.0,0.0,0.0,,0.0,0.0,0.0
2019-10-21,18000.0,0.0,0.0,18000.0,18000.0,18000.0,0.0,1000.0,18000000.0,1.0,3130.4,18000.0,14800.0,14450.0,100.0,101538000.0,101538000.0,101538000.0,0.0,0.0,,0.0,0.0,0.0
2019-10-22,18000.0,0.0,0.0,18000.0,18000.0,18000.0,0.0,1000.0,18000000.0,1.0,3130.4,18000.0,13700.0,14400.0,300.0,101538000.0,101538000.0,101538000.0,0.0,0.0,,0.0,0.0,0.0
2019-10-23,18000.0,0.0,0.0,18000.0,18000.0,18000.0,0.0,1000.0,18000000.0,1.0,3130.4,18000.0,10000.0,14450.0,100.0,101538000.0,101538000.0,101538000.0,0.0,0.0,,0.0,0.0,0.0
2019-10-24,18000.0,0.0,0.0,18000.0,18000.0,18000.0,0.0,1000.0,18000000.0,1.0,3130.4,18000.0,11500.0,14475.0,100.0,101538000.0,101538000.0,101538000.0,0.0,0.0,,0.0,0.0,0.0
2019-10-25,18000.0,0.0,0.0,18000.0,18000.0,18000.0,0.0,1000.0,18000000.0,1.0,3130.4,18000.0,10400.0,14525.0,100.0,101538000.0,101538000.0,101538000.0,0.0,0.0,,0.0,0.0,0.0
2019-10-28,18000.0,0.0,0.0,18000.0,18000.0,18000.0,0.0,1000.0,18000000.0,1.0,3130.4,18000.0,10000.0,14500.0,100.0,101538000.0,101538000.0,101538000.0,0.0,0.0,,0.0,0.0,0.0
2019-10-29,18000.0,0.0,0.0,18000.0,18000.0,18000.0,0.0,1000.0,18000000.0,1.0,3130.4,18000.0,10000.0,14650.0,100.0,101538000.0,101538000.0,101538000.0,0.0,0.0,,0.0,0.0,0.0
2019-10-30,18000.0,0.0,0.0,18000.0,18000.0,18000.0,0.0,1000.0,18000000.0,1.0,3130.4,18000.0,10000.0,14500.0,100.0,101538000.0,101538000.0,101538000.0,0.0,0.0,,0.0,0.0,0.0
2019-10-31,18000.0,0.0,0.0,18000.0,18000.0,18000.0,0.0,1000.0,18000000.0,1.0,3130.4,18000.0,10000.0,14475.0,100.0,101538000.0,101538000.0,101538000.0,0.0,0.0,,0.0,0.0,0.0
2019-11-01,18000.0,0.0,0.0,18000.0,18000.0,18000.0,0.0,1000.0,18000000.0,1.0,3130.4,18000.0,10000.0,14525.0,100.0,101538000.0,101538000.0,101538000.0,0.0,0.0,,0.0,0.0,0.0
2019-11-04,18000.0,0.0,0.0,18000.0,18000.0,18000.0,0.0,1000.0,18000000.0,1.0,3130.4,18000.0,14800.0,14475.0,100.0,101538000.0,101538000.0,101538000.0,0.0,0.0,,0.0,0.0,0.0
2019-11-05,18000.0,0.0,0.0,18000.0,18000.0,18000.0,0.0,500.0,9000000.0,1.0,3130.4,18000.0,10500.0,14700.0,100.0,101538000.0,101538000.0,101538000.0,0.0,0.0,,0.0,0.0,0.0
2019-11-06,18000.0,0.0,0.0,18000.0,18000.0,18000.0,0.0,1000.0,18000000.0,1.0,3130.4,18000.0,2100.0,14475.0,100.0,101538000.0,101538000.0,101538000.0,0.0,0.0,,75400.0,1500460000.0,1.0
2019-11-07,18000.0,0.0,0.0,18000.0,18000.0,18000.0,0.0,1000.0,18000000.0,1.0,3130.4,18000.0,12000.0,14475.0,100.0,101538000.0,101538000.0,101538000.0,0.0,0.0,,0.0,0.0,0.0
2019-11-08,18000.0,0.0,0.0,18000.0,18000.0,18000.0,0.0,1000.0,18000000.0,1.0,3130.4,18000.0,10900.0,15025.0,100.0,101538000.0,101538000.0,101538000.0,0.0,0.0,,0.0,0.0,0.0
2019-11-11,18000.0,0.0,0.0,18000.0,18000.0,18000.0,0.0,1000.0,18000000.0,1.0,3130.4,18000.0,9800.0,14475.0,100.0,101538000.0,101538000.0,101538000.0,0.0,0.0,,0.0,0.0,0.0
2019-11-12,18000.0,0.0,0.0,18000.0,18000.0,18000.0,0.0,1000.0,18000000.0,3.0,3130.4,18000.0,9500.0,14475.0,100.0,101538000.0,101538000.0,101538000.0,800.0,0.0,,0.0,0.0,0.0
2019-11-13,18000.0,0.0,0.0,18000.0,14550.0,18000.0,0.0,1700.0,30105000.0,8.0,3130.4,18000.0,19300.0,14850.0,100.0,101538000.0,101538000.0,101538000.0,400.0,0.0,,0.0,0.0,0.0
2019-11-14,18000.0,0.0,0.0,17375.0,17375.0,17375.0,-625.0,1000.0,17375000.0,1.0,3021.7,17375.0,700.0,15025.0,100.0,101538000.0,101538000.0,101538000.0,1000.0,0.0,,0.0,0.0,0.0
2019-11-15,17375.0,0.0,0.0,16750.0,16750.0,16750.0,-625.0,1000.0,16750000.0,1.0,2913.0,16750.0,700.0,14600.0,100.0,101538000.0,101538000.0,101538000.0,1000.0,0.0,,0.0,0.0,0.0
2019-11-18,16750.0,0.0,0.0,16500.0,16500.0,16500.0,-250.0,1000.0,16500000.0,1.0,2869.6,16500.0,700.0,13700.0,100.0,101538000.0,101538000.0,101538000.0,1000.0,0.0,,0.0,0.0,0.0
2019-11-19,16500.0,0.0,0.0,0.0,0.0,16500.0,0.0,0.0,0.0,0.0,2869.6,16500.0,19400.0,13275.0,100.0,101538000.0,101538000.0,101538000.0,0.0,0.0,,0.0,0.0,0.0
2019-11-20,16500.0,0.0,0.0,16500.0,16500.0,16500.0,0.0,2000.0,33000000.0,1.0,2869.6,16500.0,17300.0,13275.0,100.0,101538000.0,101538000.0,101538000.0,0.0,0.0,,0.0,0.0,0.0
2019-11-21,16500.0,0.0,0.0,16500.0,16500.0,16500.0,0.0,1000.0,16500000.0,1.0,2869.6,16500.0,16100.0,13350.0,100.0,101538000.0,101538000.0,101538000.0,0.0,0.0,,0.0,0.0,0.0
2019-11-22,16500.0,0.0,0.0,0.0,0.0,16500.0,0.0,0.0,0.0,0.0,2869.6,16500.0,16000.0,13225.0,100.0,101538000.0,101538000.0,101538000.0,0.0,0.0,,0.0,0.0,0.0
2019-11-25,16500.0,0.0,0.0,16500.0,16500.0,16500.0,0.0,1000.0,16500000.0,1.0,2869.6,16500.0,15000.0,13200.0,200.0,101538000.0,101538000.0,101538000.0,0.0,0.0,,0.0,0.0,0.0
2019-11-26,16500.0,0.0,0.0,16500.0,16500.0,16500.0,0.0,1000.0,16500000.0,1.0,2869.6,16500.0,13900.0,13325.0,100.0,101538000.0,101538000.0,101538000.0,0.0,0.0,,0.0,0.0,0.0
2019-11-27,16500.0,0.0,0.0,0.0,0.0,16500.0,0.0,0.0,0.0,0.0,2869.6,16500.0,13800.0,13325.0,100.0,101538000.0,101538000.0,101538000.0,0.0,0.0,,0.0,0.0,0.0
2019-11-28,16500.0,0.0,0.0,0.0,0.0,16500.0,0.0,0.0,0.0,0.0,2869.6,16500.0,25200.0,13325.0,100.0,101538000.0,101538000.0,101538000.0,0.0,0.0,,0.0,0.0,0.0
2019-11-29,16500.0,0.0,0.0,16500.0,16500.0,16500.0,0.0,2000.0,33000000.0,3.0,2869.6,16500.0,12700.0,13600.0,100.0,101538000.0,101538000.0,101538000.0,1000.0,0.0,,0.0,0.0,0.0
2019-12-02,16500.0,0.0,0.0,0.0,0.0,16500.0,0.0,0.0,0.0,0.0,2869.6,16250.0,21600.0,13225.0,100.0,101538000.0,101538000.0,101538000.0,0.0,0.0,,0.0,0.0,0.0
2019-12-03,16500.0,0.0,0.0,0.0,0.0,16500.0,0.0,0.0,0.0,0.0,2869.6,16250.0,11600.0,13225.0,100.0,101538000.0,101538000.0,101538000.0,0.0,0.0,,0.0,0.0,0.0
2019-12-04,16500.0,0.0,0.0,0.0,0.0,16500.0,0.0,0.0,0.0,0.0,2869.6,16250.0,21600.0,13525.0,100.0,101538000.0,101538000.0,101538000.0,0.0,0.0,,0.0,0.0,0.0
2019-12-05,16500.0,0.0,0.0,0.0,0.0,16500.0,0.0,0.0,0.0,0.0,2869.6,16250.0,21600.0,13225.0,100.0,101538000.0,101538000.0,101538000.0,0.0,0.0,,0.0,0.0,0.0
2019-12-06,16500.0,0.0,0.0,0.0,0.0,16500.0,0.0,0.0,0.0,0.0,2869.6,16250.0,21600.0,13200.0,100.0,101538000.0,101538000.0,101538000.0,0.0,0.0,,0.0,0.0,0.0
2019-12-09,16500.0,0.0,0.0,0.0,0.0,16500.0,0.0,0.0,0.0,0.0,2869.6,16250.0,21600.0,13225.0,100.0,101538000.0,101538000.0,101538000.0,0.0,0.0,,0.0,0.0,0.0
2019-12-10,16500.0,0.0,0.0,0.0,0.0,16500.0,0.0,0.0,0.0,0.0,2869.6,16250.0,21600.0,13300.0,100.0,101538000.0,101538000.0,101538000.0,0.0,0.0,,0.0,0.0,0.0
2019-12-11,16500.0,0.0,0.0,0.0,0.0,16500.0,0.0,0.0,0.0,0.0,2869.6,16250.0,21600.0,13425.0,100.0,101538000.0,101538000.0,101538000.0,0.0,0.0,,0.0,0.0,0.0
2019-12-12,16500.0,0.0,0.0,0.0,0.0,16500.0,0.0,0.0,0.0,0.0,2869.6,16250.0,21600.0,13225.0,100.0,101538000.0,101538000.0,101538000.0,0.0,0.0,,0.0,0.0,0.0
2019-12-13,16500.0,0.0,0.0,0.0,0.0,16500.0,0.0,0.0,0.0,0.0,2869.6,16250.0,100.0,13575.0,100.0,101538000.0,101538000.0,101538000.0,0.0,0.0,,0.0,0.0,0.0
2019-12-16,16500.0,0.0,0.0,0.0,0.0,16500.0,0.0,0.0,0.0,0.0,2869.6,16250.0,100.0,13350.0,100.0,101538000.0,101538000.0,101538000.0,0.0,0.0,,0.0,0.0,0.0
2019-12-17,16500.0,0.0,0.0,16200.0,16200.0,16200.0,-300.0,200.0,3240000.0,2.0,2817.4,16200.0,2100.0,13225.0,100.0,101538000.0,101538000.0,101538000.0,200.0,0.0,,0.0,0.0,0.0
2019-12-18,16200.0,0.0,0.0,0.0,0.0,16200.0,0.0,0.0,0.0,0.0,2817.4,16200.0,43200.0,13025.0,100.0,101538000.0,101538000.0,101538000.0,0.0,0.0,,0.0,0.0,0.0
2019-12-19,16200.0,0.0,0.0,0.0,0.0,16200.0,0.0,0.0,0.0,0.0,2817.4,16200.0,43200.0,13000.0,100.0,101538000.0,101538000.0,101538000.0,0.0,0.0,,0.0,0.0,0.0
2019-12-20,16200.0,0.0,0.0,0.0,0.0,16200.0,0.0,0.0,0.0,0.0,2817.4,16200.0,100.0,13000.0,100.0,101538000.0,101538000.0,101538000.0,0.0,0.0,,0.0,0.0,0.0
2019-12-23,16200.0,0.0,0.0,15575.0,15575.0,15575.0,-625.0,2000.0,31150000.0,1.0,2708.7,15575.0,100.0,13025.0,100.0,101538000.0,101538000.0,101538000.0,2000.0,0.0,,0.0,0.0,0.0
2019-12-26,15575.0,0.0,0.0,16000.0,16000.0,16000.0,425.0,1500.0,24000000.0,3.0,2782.6,16000.0,40600.0,12575.0,100.0,101538000.0,101538000.0,101538000.0,200.0,0.0,,0.0,0.0,0.0
2019-12-27,16000.0,0.0,0.0,16000.0,16000.0,16000.0,0.0,1000.0,16000000.0,1.0,2782.6,16000.0,1000.0,12875.0,100.0,101538000.0,101538000.0,101538000.0,1000.0,0.0,,0.0,0.0,0.0
2019-12-30,16000.0,0.0,0.0,0.0,0.0,16000.0,0.0,0.0,0.0,0.0,2782.6,0.0,0.0,0.0,0.0,101538000.0,101538000.0,101538000.0,0.0,0.0,,0.0,0.0,0.0
2020-01-02,16000.0,0.0,0.0,15950.0,15950.0,15950.0,-50.0,100.0,1595000.0,1.0,2773.9,15950.0,20300.0,12925.0,100.0,101538000.0,101538000.0,101538000.0,100.0,0.0,,0.0,0.0,0.0
2020-01-03,15950.0,0.0,0.0,15900.0,15900.0,15900.0,-50.0,800.0,12720000.0,1.0,2765.2,15900.0,800.0,12850.0,100.0,101538000.0,101538000.0,101538000.0,800.0,0.0,,0.0,0.0,0.0
2020-01-06,15900.0,0.0,0.0,16250.0,15750.0,16250.0,350.0,2800.0,44225000.0,9.0,2826.1,15750.0,700.0,12825.0,100.0,101538000.0,101538000.0,101538000.0,2800.0,0.0,,0.0,0.0,0.0
2020-01-07,16250.0,0.0,0.0,0.0,0.0,16250.0,0.0,0.0,0.0,0.0,2826.1,15750.0,900.0,13050.0,100.0,101538000.0,101538000.0,101538000.0,0.0,0.0,,0.0,0.0,0.0
2020-01-08,16250.0,0.0,0.0,0.0,0.0,16250.0,0.0,0.0,0.0,0.0,2826.1,15750.0,300.0,13075.0,100.0,101538000.0,101538000.0,101538000.0,0.0,0.0,,0.0,0.0,0.0
2020-01-09,16250.0,0.0,0.0,15700.0,15700.0,15700.0,-550.0,500.0,7850000.0,1.0,2730.4,15700.0,500.0,13050.0,100.0,101538000.0,101538000.0,101538000.0,500.0,0.0,,628500.0,12255750000.0,1.0
2020-01-10,15700.0,0.0,0.0,16000.0,16000.0,16000.0,300.0,600.0,9600000.0,2.0,2782.6,16000.0,19600.0,12625.0,100.0,101538000.0,101538000.0,101538000.0,100.0,0.0,,0.0,0.0,0.0
2020-01-13,16000.0,0.0,0.0,19100.0,19100.0,19100.0,3100.0,700.0,13370000.0,2.0,3321.7,19100.0,500.0,12850.0,100.0,101538000.0,101538000.0,101538000.0,500.0,0.0,,0.0,0.0,0.0
2020-01-14,19100.0,0.0,0.0,18700.0,18700.0,18700.0,-400.0,1000.0,18700000.0,1.0,3252.2,18475.0,500.0,15350.0,100.0,101538000.0,101538000.0,101538000.0,1000.0,0.0,,0.0,0.0,0.0
2020-01-15,18700.0,0.0,0.0,17900.0,17900.0,17900.0,-800.0,1000.0,17900000.0,1.0,3113.0,17900.0,19000.0,15000.0,100.0,101538000.0,101538000.0,101538000.0,0.0,0.0,,0.0,0.0,0.0
2020-01-16,17900.0,0.0,0.0,17850.0,17850.0,17850.0,-50.0,700.0,12495000.0,1.0,3104.3,17850.0,2700.0,14425.0,100.0,101538000.0,101538000.0,101538000.0,700.0,0.0,,0.0,0.0,0.0
2020-01-17,17850.0,0.0,0.0,17000.0,17000.0,17000.0,-850.0,1000.0,17000000.0,1.0,2956.5,17000.0,4800.0,14450.0,100.0,101538000.0,101538000.0,101538000.0,1000.0,0.0,,0.0,0.0,0.0
2020-01-20,17000.0,0.0,0.0,16500.0,16500.0,16500.0,-500.0,1000.0,16500000.0,1.0,2869.6,16500.0,800.0,14100.0,100.0,101538000.0,101538000.0,101538000.0,1000.0,0.0,,0.0,0.0,0.0
2020-01-21,16500.0,0.0,0.0,16450.0,16450.0,16450.0,-50.0,1000.0,16450000.0,1.0,2860.9,16000.0,500.0,13275.0,100.0,101538000.0,101538000.0,101538000.0,1000.0,0.0,,0.0,0.0,0.0
2020-01-22,16450.0,0.0,0.0,16450.0,16000.0,16000.0,-450.0,1100.0,17645000.0,2.0,2782.6,16000.0,4000.0,13325.0,100.0,101538000.0,101538000.0,101538000.0,1100.0,0.0,,0.0,0.0,0.0
2020-01-23,16000.0,0.0,0.0,19000.0,19000.0,19000.0,3000.0,1200.0,22800000.0,2.0,3304.3,19000.0,68900.0,13200.0,100.0,101538000.0,101538000.0,101538000.0,1000.0,0.0,,0.0,0.0,0.0
2020-01-24,19000.0,0.0,0.0,18900.0,18900.0,18900.0,-100.0,1000.0,18900000.0,3.0,3287.0,19900.0,200.0,15525.0,100.0,101538000.0,101538000.0,101538000.0,1000.0,0.0,,0.0,0.0,0.0
2020-01-27,18900.0,0.0,0.0,18600.0,18600.0,18600.0,-300.0,1000.0,18600000.0,1.0,3234.8,18600.0,1000.0,15150.0,100.0,101538000.0,101538000.0,101538000.0,1000.0,0.0,,0.0,0.0,0.0
2020-01-28,18600.0,0.0,0.0,18200.0,18200.0,18200.0,-400.0,1000.0,18200000.0,1.0,3165.2,17975.0,500.0,14900.0,100.0,101538000.0,101538000.0,101538000.0,1000.0,0.0,,0.0,0.0,0.0
2020-01-29,18200.0,0.0,0.0,17575.0,17575.0,17575.0,-625.0,1000.0,17575000.0,1.0,3056.5,17575.0,5000.0,14600.0,100.0,101538000.0,101538000.0,101538000.0,1000.0,0.0,,0.0,0.0,0.0
2020-01-30,17575.0,0.0,0.0,17550.0,17550.0,17550.0,-25.0,1000.0,17550000.0,1.0,3052.2,16950.0,1700.0,14075.0,100.0,101538000.0,101538000.0,101538000.0,1000.0,0.0,,0.0,0.0,0.0
2020-01-31,17550.0,0.0,0.0,0.0,0.0,17550.0,0.0,0.0,0.0,0.0,3052.2,17550.0,37600.0,14050.0,100.0,101538000.0,101538000.0,101538000.0,0.0,0.0,,0.0,0.0,0.0
2020-02-03,17550.0,0.0,0.0,17550.0,17550.0,17550.0,0.0,500.0,8775000.0,2.0,3052.2,17550.0,10800.0,14050.0,100.0,101538000.0,101538000.0,101538000.0,500.0,0.0,,0.0,0.0,0.0
2020-02-04,17550.0,0.0,0.0,17500.0,17500.0,17500.0,-50.0,1000.0,17500000.0,2.0,3043.5,16925.0,800.0,14050.0,100.0,101538000.0,101538000.0,101538000.0,1000.0,0.0,,0.0,0.0,0.0
2020-02-05,17500.0,0.0,0.0,17200.0,17200.0,17200.0,-300.0,1000.0,17200000.0,1.0,2991.3,17500.0,18800.0,14100.0,100.0,101538000.0,101538000.0,101538000.0,1000.0,0.0,,0.0,0.0,0.0
2020-02-06,17200.0,0.0,0.0,16575.0,16575.0,16575.0,-625.0,500.0,8287500.0,2.0,2882.6,16575.0,1800.0,13800.0,100.0,101538000.0,101538000.0,101538000.0,500.0,0.0,,0.0,0.0,0.0
2020-02-07,16575.0,0.0,0.0,16000.0,16000.0,16000.0,-575.0,600.0,9600000.0,3.0,2782.6,16000.0,100.0,13425.0,100.0,101538000.0,101538000.0,101538000.0,600.0,0.0,,0.0,0.0,0.0
2020-02-10,16000.0,0.0,0.0,15500.0,15500.0,15500.0,-500.0,500.0,7750000.0,2.0,2695.7,15500.0,200.0,12950.0,100.0,101538000.0,101538000.0,101538000.0,500.0,0.0,,0.0,0.0,0.0
2020-02-11,15500.0,0.0,0.0,15500.0,14625.0,14625.0,-875.0,1000.0,14775000.0,7.0,2543.5,14625.0,100.0,12450.0,100.0,101538000.0,101538000.0,101538000.0,1000.0,0.0,,0.0,0.0,0.0
2020-02-12,14625.0,0.0,0.0,14000.0,14000.0,14000.0,-625.0,500.0,7000000.0,2.0,2434.8,14000.0,100.0,11950.0,200.0,101538000.0,101538000.0,101538000.0,500.0,0.0,,0.0,0.0,0.0
2020-02-13,14000.0,0.0,0.0,15000.0,15000.0,15000.0,1000.0,1000.0,15000000.0,2.0,2608.7,15000.0,900.0,11350.0,100.0,101538000.0,101538000.0,101538000.0,900.0,0.0,,0.0,0.0,0.0
2020-02-14,15000.0,0.0,0.0,17000.0,17000.0,17000.0,2000.0,500.0,8500000.0,3.0,2956.5,17000.0,200.0,12075.0,100.0,101538000.0,101538000.0,101538000.0,400.0,0.0,,0.0,0.0,0.0
2020-02-17,17000.0,0.0,0.0,16375.0,16375.0,16375.0,-625.0,300.0,4912500.0,2.0,2847.8,16375.0,200.0,13650.0,100.0,101538000.0,101538000.0,101538000.0,300.0,0.0,,0.0,0.0,0.0
2020-02-18,16375.0,0.0,0.0,19000.0,19000.0,19000.0,2625.0,600.0,11400000.0,3.0,3304.3,19000.0,200.0,13125.0,100.0,101538000.0,101538000.0,101538000.0,300.0,0.0,,0.0,0.0,0.0
2020-02-19,19000.0,0.0,0.0,18975.0,18975.0,18975.0,-25.0,400.0,7590000.0,4.0,3300.0,18975.0,100.0,15350.0,100.0,101538000.0,101538000.0,101538000.0,100.0,0.0,,0.0,0.0,0.0
2020-02-20,18975.0,0.0,0.0,18950.0,18950.0,18950.0,-25.0,500.0,9475000.0,3.0,3295.7,18950.0,300.0,15200.0,200.0,101538000.0,101538000.0,101538000.0,300.0,0.0,,0.0,0.0,0.0
2020-02-21,18950.0,0.0,0.0,18900.0,18900.0,18900.0,-50.0,200.0,3780000.0,2.0,3287.0,18900.0,100.0,15175.0,200.0,101538000.0,101538000.0,101538000.0,200.0,0.0,,0.0,0.0,0.0
2020-02-24,18900.0,0.0,0.0,18900.0,18900.0,18900.0,0.0,200.0,3780000.0,2.0,3287.0,18900.0,100.0,15125.0,200.0,101538000.0,101538000.0,101538000.0,200.0,0.0,,0.0,0.0,0.0
2020-02-25,18900.0,0.0,0.0,18800.0,18800.0,18800.0,-100.0,400.0,7520000.0,1.0,3269.6,18800.0,400.0,15125.0,100.0,101538000.0,101538000.0,101538000.0,400.0,0.0,,0.0,0.0,0.0
2020-02-26,18800.0,0.0,0.0,18700.0,18700.0,18700.0,-100.0,100.0,1870000.0,1.0,3252.2,18700.0,100.0,15050.0,100.0,101538000.0,101538000.0,101538000.0,100.0,0.0,,0.0,0.0,0.0
2020-02-27,18700.0,0.0,0.0,18675.0,18675.0,18675.0,-25.0,300.0,5602500.0,2.0,3247.8,18675.0,100.0,15000.0,100.0,101538000.0,101538000.0,101538000.0,100.0,0.0,,0.0,0.0,0.0
2020-02-28,18675.0,0.0,0.0,17700.0,17700.0,17700.0,-975.0,100.0,1770000.0,1.0,3078.3,17700.0,100.0,14950.0,200.0,101538000.0,101538000.0,101538000.0,100.0,0.0,,0.0,0.0,0.0
2020-03-02,17700.0,0.0,0.0,19000.0,19000.0,19000.0,1300.0,500.0,9500000.0,3.0,3304.3,19000.0,100.0,14200.0,100.0,101538000.0,101538000.0,101538000.0,100.0,0.0,,0.0,0.0,0.0
2020-03-03,19000.0,0.0,0.0,18375.0,18375.0,18375.0,-625.0,200.0,3675000.0,1.0,3195.7,18375.0,300.0,15200.0,100.0,101538000.0,101538000.0,101538000.0,200.0,0.0,,0.0,0.0,0.0
2020-03-04,18375.0,0.0,0.0,17750.0,17750.0,17750.0,-625.0,300.0,5325000.0,1.0,3087.0,17750.0,700.0,14925.0,100.0,101538000.0,101538000.0,101538000.0,300.0,0.0,,0.0,0.0,0.0
2020-03-05,17750.0,0.0,0.0,19000.0,19000.0,19000.0,1250.0,200.0,3800000.0,2.0,3304.3,19000.0,300.0,14325.0,100.0,101538000.0,101538000.0,101538000.0,100.0,0.0,,0.0,0.0,0.0
2020-03-06,19000.0,0.0,0.0,18900.0,18900.0,18900.0,-100.0,100.0,1890000.0,1.0,3287.0,18900.0,1000.0,15250.0,200.0,101538000.0,101538000.0,101538000.0,100.0,0.0,,0.0,0.0,0.0
2020-03-09,18900.0,0.0,0.0,18975.0,18975.0,18975.0,75.0,200.0,3795000.0,2.0,3300.0,18975.0,200.0,15125.0,100.0,101538000.0,101538000.0,101538000.0,100.0,0.0,,0.0,0.0,0.0
2020-03-10,18975.0,0.0,0.0,19000.0,19000.0,19000.0,25.0,200.0,3800000.0,2.0,3304.3,19000.0,300.0,0.0,0.0,101538000.0,101538000.0,101538000.0,100.0,0.0,,0.0,0.0,0.0
2020-03-11,19000.0,0.0,0.0,19000.0,19000.0,19000.0,0.0,500.0,9500000.0,4.0,3304.3,19000.0,100.0,17125.0,100.0,101538000.0,101538000.0,101538000.0,100.0,0.0,,0.0,0.0,0.0
2020-03-12,19000.0,0.0,0.0,0.0,0.0,19000.0,0.0,0.0,0.0,0.0,3304.3,19000.0,400.0,0.0,0.0,101538000.0,101538000.0,101538000.0,0.0,0.0,,0.0,0.0,0.0
2020-03-13,19000.0,0.0,0.0,18700.0,18700.0,18700.0,-300.0,300.0,5610000.0,1.0,3252.2,18700.0,300.0,0.0,0.0,101538000.0,101538000.0,101538000.0,300.0,0.0,,0.0,0.0,0.0
2020-03-16,18700.0,0.0,0.0,0.0,0.0,18700.0,0.0,0.0,0.0,0.0,3252.2,18075.0,300.0,0.0,0.0,101538000.0,101538000.0,101538000.0,0.0,0.0,,0.0,0.0,0.0
2020-03-17,18700.0,0.0,0.0,0.0,0.0,18700.0,0.0,0.0,0.0,0.0,3252.2,18075.0,500.0,0.0,0.0,101538000.0,101538000.0,101538000.0,0.0,0.0,,0.0,0.0,0.0
2020-03-18,18700.0,0.0,0.0,18000.0,17400.0,18000.0,-700.0,500.0,8882500.0,5.0,3130.4,18000.0,200.0,0.0,0.0,101538000.0,101538000.0,101538000.0,200.0,0.0,,0.0,0.0,0.0
2020-03-19,18000.0,0.0,0.0,18425.0,18425.0,18425.0,425.0,300.0,5527500.0,3.0,3204.3,18425.0,100.0,0.0,0.0,101538000.0,101538000.0,101538000.0,100.0,0.0,,0.0,0.0,0.0
2020-03-20,18425.0,0.0,0.0,0.0,0.0,18425.0,0.0,0.0,0.0,0.0,3204.3,17425.0,300.0,0.0,0.0,101538000.0,101538000.0,101538000.0,0.0,0.0,,0.0,0.0,0.0
2020-03-23,18425.0,0.0,0.0,17300.0,17300.0,17300.0,-1125.0,100.0,1730000.0,1.0,3008.7,17800.0,500.0,0.0,0.0,101538000.0,101538000.0,101538000.0,0.0,0.0,,0.0,0.0,0.0
2020-03-24,17300.0,0.0,0.0,17300.0,17300.0,17300.0,0.0,100.0,1730000.0,1.0,3008.7,17300.0,100.0,0.0,0.0,101538000.0,101538000.0,101538000.0,100.0,0.0,,0.0,0.0,0.0
2020-03-26,17300.0,0.0,0.0,18425.0,18425.0,18425.0,1125.0,200.0,3685000.0,2.0,3204.3,18425.0,100.0,16100.0,100.0,101538000.0,101538000.0,101538000.0,100.0,0.0,,0.0,0.0,0.0
2020-03-27,18425.0,0.0,0.0,17800.0,17425.0,17800.0,-625.0,1200.0,21172500.0,5.0,3095.7,17800.0,500.0,17150.0,100.0,101538000.0,101538000.0,101538000.0,900.0,0.0,,0.0,0.0,0.0
2020-03-30,17800.0,0.0,0.0,17500.0,17500.0,17500.0,-300.0,500.0,8750000.0,1.0,3043.5,17500.0,600.0,16625.0,100.0,101538000.0,101538000.0,101538000.0,500.0,0.0,,0.0,0.0,0.0
2020-03-31,17500.0,0.0,0.0,18975.0,18975.0,18975.0,1475.0,300.0,5692500.0,3.0,3300.0,18975.0,100.0,16275.0,100.0,101538000.0,101538000.0,101538000.0,100.0,0.0,,0.0,0.0,0.0
2020-04-01,18975.0,0.0,0.0,18700.0,18700.0,18700.0,-275.0,100.0,1870000.0,1.0,3252.2,18700.0,100.0,17650.0,100.0,101538000.0,101538000.0,101538000.0,100.0,0.0,,0.0,0.0,0.0
2020-04-02,18700.0,0.0,0.0,18375.0,17475.0,18375.0,-325.0,600.0,10935000.0,3.0,3195.7,18375.0,400.0,17400.0,100.0,101538000.0,101538000.0,101538000.0,400.0,0.0,,0.0,0.0,0.0
2020-04-03,18375.0,0.0,0.0,18950.0,18950.0,18950.0,575.0,100.0,1895000.0,1.0,3295.7,18975.0,200.0,17100.0,100.0,101538000.0,101538000.0,101538000.0,0.0,0.0,,0.0,0.0,0.0
2020-04-06,18950.0,0.0,0.0,18875.0,17950.0,18875.0,-75.0,500.0,9160000.0,5.0,3282.6,18875.0,200.0,17625.0,100.0,101538000.0,101538000.0,101538000.0,400.0,0.0,,0.0,0.0,0.0
2020-04-07,18875.0,0.0,0.0,18200.0,18200.0,18200.0,-675.0,100.0,1820000.0,1.0,3165.2,18200.0,200.0,17575.0,100.0,101538000.0,101538000.0,101538000.0,0.0,0.0,,0.0,0.0,0.0
2020-04-08,18200.0,0.0,0.0,18900.0,18000.0,18900.0,700.0,400.0,7470000.0,4.0,3287.0,18900.0,100.0,17200.0,200.0,101538000.0,101538000.0,101538000.0,200.0,0.0,,0.0,0.0,0.0
2020-04-09,18900.0,0.0,0.0,18075.0,17675.0,18075.0,-825.0,1900.0,33952500.0,11.0,3143.5,18075.0,1200.0,0.0,0.0,101538000.0,101538000.0,101538000.0,1800.0,0.0,,0.0,0.0,0.0
2020-04-13,18075.0,0.0,0.0,17450.0,17450.0,17450.0,-625.0,200.0,3490000.0,1.0,3034.8,17450.0,500.0,0.0,0.0,101538000.0,101538000.0,101538000.0,200.0,0.0,,0.0,0.0,0.0
2020-04-14,17450.0,0.0,0.0,16825.0,16825.0,16825.0,-625.0,400.0,6730000.0,3.0,2926.1,16825.0,500.0,0.0,0.0,101538000.0,101538000.0,101538000.0,400.0,0.0,,0.0,0.0,0.0
2020-04-15,16825.0,0.0,0.0,16200.0,16200.0,16200.0,-625.0,200.0,3240000.0,1.0,2817.4,16200.0,500.0,0.0,0.0,101538000.0,101538000.0,101538000.0,200.0,0.0,,0.0,0.0,0.0
2020-04-16,16200.0,0.0,0.0,15500.0,15500.0,15500.0,-700.0,100.0,1550000.0,1.0,2695.7,15500.0,900.0,0.0,0.0,101538000.0,101538000.0,101538000.0,0.0,0.0,,0.0,0.0,0.0
2020-04-17,15500.0,0.0,0.0,16525.0,16525.0,16525.0,1025.0,500.0,8262500.0,2.0,2873.9,16525.0,400.0,0.0,0.0,101538000.0,101538000.0,101538000.0,400.0,0.0,,0.0,0.0,0.0
2020-04-20,16525.0,0.0,0.0,17600.0,17600.0,17600.0,1075.0,200.0,3520000.0,1.0,3060.9,15900.0,300.0,15375.0,100.0,101538000.0,101538000.0,101538000.0,200.0,0.0,,0.0,0.0,0.0
2020-04-21,17600.0,0.0,0.0,0.0,0.0,17600.0,0.0,0.0,0.0,0.0,3060.9,16975.0,400.0,0.0,0.0,101538000.0,101538000.0,101538000.0,0.0,0.0,,0.0,0.0,0.0
2020-04-22,17600.0,0.0,0.0,0.0,0.0,17600.0,0.0,0.0,0.0,0.0,3060.9,16975.0,400.0,0.0,0.0,101538000.0,101538000.0,101538000.0,0.0,0.0,,0.0,0.0,0.0
2020-04-23,17600.0,0.0,0.0,16975.0,16975.0,16975.0,-625.0,200.0,3395000.0,1.0,2952.2,16975.0,1300.0,0.0,0.0,101538000.0,101538000.0,101538000.0,200.0,0.0,,0.0,0.0,0.0
2020-04-24,16975.0,0.0,0.0,16350.0,16350.0,16350.0,-625.0,200.0,3270000.0,1.0,2843.5,16350.0,1100.0,0.0,0.0,101538000.0,101538000.0,101538000.0,200.0,0.0,,0.0,0.0,0.0
2020-04-27,16350.0,0.0,0.0,0.0,0.0,16350.0,0.0,0.0,0.0,0.0,2843.5,15725.0,500.0,0.0,0.0,101538000.0,101538000.0,101538000.0,0.0,0.0,,0.0,0.0,0.0
2020-04-28,16350.0,0.0,0.0,0.0,0.0,16350.0,0.0,0.0,0.0,0.0,2843.5,15725.0,400.0,0.0,0.0,101538000.0,101538000.0,101538000.0,0.0,0.0,,0.0,0.0,0.0
2020-04-29,16350.0,0.0,0.0,15725.0,15725.0,15725.0,-625.0,200.0,3145000.0,1.0,2734.8,15725.0,500.0,0.0,0.0,101538000.0,101538000.0,101538000.0,200.0,0.0,,0.0,0.0,0.0
2020-04-30,15725.0,0.0,0.0,0.0,0.0,15725.0,0.0,0.0,0.0,0.0,2734.8,15100.0,400.0,0.0,0.0,101538000.0,101538000.0,101538000.0,0.0,0.0,,0.0,0.0,0.0
2020-05-04,15725.0,0.0,0.0,15100.0,15100.0,15100.0,-625.0,200.0,3020000.0,1.0,2626.1,15100.0,1200.0,0.0,0.0,101538000.0,101538000.0,101538000.0,200.0,0.0,,0.0,0.0,0.0
2020-05-05,15100.0,0.0,0.0,16075.0,16075.0,16075.0,975.0,600.0,9645000.0,2.0,2795.7,16075.0,800.0,14100.0,100.0,101538000.0,101538000.0,101538000.0,300.0,0.0,,0.0,0.0,0.0
2020-05-06,16075.0,0.0,0.0,15450.0,15450.0,15450.0,-625.0,300.0,4635000.0,1.0,2687.0,15450.0,1000.0,0.0,0.0,101538000.0,101538000.0,101538000.0,300.0,0.0,,0.0,0.0,0.0
2020-05-08,15450.0,0.0,0.0,0.0,0.0,15450.0,0.0,0.0,0.0,0.0,2687.0,14825.0,600.0,0.0,0.0,101538000.0,101538000.0,101538000.0,0.0,0.0,,0.0,0.0,0.0
2020-05-11,15450.0,0.0,0.0,0.0,0.0,15450.0,0.0,0.0,0.0,0.0,2687.0,14825.0,400.0,0.0,0.0,101538000.0,101538000.0,101538000.0,0.0,0.0,,0.0,0.0,0.0
2020-05-12,15450.0,0.0,0.0,0.0,0.0,15450.0,0.0,0.0,0.0,0.0,2687.0,14825.0,100.0,0.0,0.0,101538000.0,101538000.0,101538000.0,0.0,0.0,,0.0,0.0,0.0
2020-05-13,15450.0,0.0,0.0,0.0,0.0,15450.0,0.0,0.0,0.0,0.0,2687.0,14825.0,400.0,0.0,0.0,101538000.0,101538000.0,101538000.0,0.0,0.0,,0.0,0.0,0.0
2020-05-14,15450.0,0.0,0.0,0.0,0.0,15450.0,0.0,0.0,0.0,0.0,2687.0,14825.0,100.0,0.0,0.0,101538000.0,101538000.0,101538000.0,0.0,0.0,,0.0,0.0,0.0
2020-05-15,15450.0,0.0,0.0,16450.0,16450.0,16450.0,1000.0,500.0,8225000.0,2.0,2860.9,15450.0,100.0,0.0,0.0,101538000.0,101538000.0,101538000.0,400.0,0.0,,0.0,0.0,0.0
2020-05-18,16450.0,0.0,0.0,17000.0,17000.0,17000.0,550.0,500.0,8500000.0,2.0,2956.5,16450.0,300.0,0.0,0.0,101538000.0,101538000.0,101538000.0,400.0,0.0,,0.0,0.0,0.0
2020-05-19,17000.0,0.0,0.0,0.0,0.0,17000.0,0.0,0.0,0.0,0.0,2956.5,16375.0,400.0,0.0,0.0,101538000.0,101538000.0,101538000.0,0.0,0.0,,0.0,0.0,0.0
2020-05-20,17000.0,0.0,0.0,0.0,0.0,17000.0,0.0,0.0,0.0,0.0,2956.5,16375.0,400.0,0.0,0.0,101538000.0,101538000.0,101538000.0,0.0,0.0,,0.0,0.0,0.0
2020-05-26,17000.0,0.0,0.0,0.0,0.0,17000.0,0.0,0.0,0.0,0.0,2956.5,16500.0,300.0,0.0,0.0,101538000.0,101538000.0,101538000.0,0.0,0.0,,0.0,0.0,0.0
2020-05-27,17000.0,0.0,0.0,0.0,0.0,17000.0,0.0,0.0,0.0,0.0,2956.5,16500.0,300.0,0.0,0.0,101538000.0,101538000.0,101538000.0,0.0,0.0,,0.0,0.0,0.0
2020-05-28,17000.0,0.0,0.0,0.0,0.0,17000.0,0.0,0.0,0.0,0.0,2956.5,16500.0,300.0,0.0,0.0,101538000.0,101538000.0,101538000.0,0.0,0.0,,0.0,0.0,0.0
2020-05-29,17000.0,0.0,0.0,0.0,0.0,17000.0,0.0,0.0,0.0,0.0,2956.5,16500.0,300.0,0.0,0.0,101538000.0,101538000.0,101538000.0,0.0,0.0,,0.0,0.0,0.0
2020-06-02,17000.0,0.0,0.0,0.0,0.0,17000.0,0.0,0.0,0.0,0.0,2956.5,16500.0,300.0,0.0,0.0,101538000.0,101538000.0,101538000.0,0.0,0.0,,0.0,0.0,0.0
2020-06-03,17000.0,0.0,0.0,0.0,0.0,17000.0,0.0,0.0,0.0,0.0,2956.5,16900.0,300.0,0.0,0.0,101538000.0,101538000.0,101538000.0,0.0,0.0,,0.0,0.0,0.0
2020-06-04,17000.0,0.0,0.0,0.0,0.0,17000.0,0.0,0.0,0.0,0.0,2956.5,16800.0,300.0,0.0,0.0,101538000.0,101538000.0,101538000.0,0.0,0.0,,0.0,0.0,0.0
2020-06-05,17000.0,0.0,0.0,0.0,0.0,17000.0,0.0,0.0,0.0,0.0,2956.5,17000.0,300.0,0.0,0.0,101538000.0,101538000.0,101538000.0,0.0,0.0,,0.0,0.0,0.0
2020-06-08,17000.0,0.0,0.0,0.0,0.0,17000.0,0.0,0.0,0.0,0.0,2956.5,16900.0,300.0,0.0,0.0,101538000.0,101538000.0,101538000.0,0.0,0.0,,0.0,0.0,0.0
2020-06-09,17000.0,0.0,0.0,0.0,0.0,17000.0,0.0,0.0,0.0,0.0,2956.5,16800.0,300.0,0.0,0.0,101538000.0,101538000.0,101538000.0,0.0,0.0,,0.0,0.0,0.0
2020-06-10,17000.0,0.0,0.0,0.0,0.0,17000.0,0.0,0.0,0.0,0.0,2956.5,16950.0,400.0,0.0,0.0,101538000.0,101538000.0,101538000.0,0.0,0.0,,0.0,0.0,0.0
2020-06-11,17000.0,0.0,0.0,0.0,0.0,17000.0,0.0,0.0,0.0,0.0,2956.5,16800.0,300.0,0.0,0.0,101538000.0,101538000.0,101538000.0,0.0,0.0,,0.0,0.0,0.0
2020-06-12,17000.0,0.0,0.0,0.0,0.0,17000.0,0.0,0.0,0.0,0.0,2956.5,16900.0,300.0,0.0,0.0,101538000.0,101538000.0,101538000.0,0.0,0.0,,0.0,0.0,0.0
2020-06-15,17000.0,0.0,0.0,0.0,0.0,17000.0,0.0,0.0,0.0,0.0,2956.5,16900.0,300.0,0.0,0.0,101538000.0,101538000.0,101538000.0,0.0,0.0,,0.0,0.0,0.0
2020-06-16,17000.0,0.0,0.0,0.0,0.0,17000.0,0.0,0.0,0.0,0.0,2956.5,17000.0,300.0,0.0,0.0,101538000.0,101538000.0,101538000.0,0.0,0.0,,0.0,0.0,0.0
2020-06-17,17000.0,0.0,0.0,0.0,0.0,17000.0,0.0,0.0,0.0,0.0,2956.5,16850.0,300.0,0.0,0.0,101538000.0,101538000.0,101538000.0,0.0,0.0,,0.0,0.0,0.0
2020-06-18,17000.0,0.0,0.0,0.0,0.0,17000.0,0.0,0.0,0.0,0.0,2956.5,16950.0,300.0,0.0,0.0,101538000.0,101538000.0,101538000.0,0.0,0.0,,75400.0,1281800000.0,1.0
2020-06-19,17000.0,0.0,0.0,0.0,0.0,17000.0,0.0,0.0,0.0,0.0,2956.5,17000.0,300.0,0.0,0.0,101538000.0,101538000.0,101538000.0,0.0,0.0,,0.0,0.0,0.0
2020-06-22,17000.0,0.0,0.0,0.0,0.0,17000.0,0.0,0.0,0.0,0.0,2956.5,16900.0,300.0,0.0,0.0,101538000.0,101538000.0,101538000.0,0.0,0.0,,0.0,0.0,0.0
2020-06-23,17000.0,0.0,0.0,0.0,0.0,17000.0,0.0,0.0,0.0,0.0,2956.5,17000.0,300.0,0.0,0.0,101538000.0,101538000.0,101538000.0,0.0,0.0,,0.0,0.0,0.0
2020-06-24,17000.0,0.0,0.0,16975.0,16975.0,16975.0,-25.0,300.0,5092500.0,1.0,2952.2,18000.0,100.0,0.0,0.0,101538000.0,101538000.0,101538000.0,0.0,0.0,,0.0,0.0,0.0
2020-06-25,16975.0,0.0,0.0,0.0,0.0,16975.0,0.0,0.0,0.0,0.0,2952.2,18000.0,100.0,0.0,0.0,101538000.0,101538000.0,101538000.0,0.0,0.0,,0.0,0.0,0.0
2020-06-26,16975.0,0.0,0.0,0.0,0.0,16975.0,0.0,0.0,0.0,0.0,2952.2,18000.0,200.0,0.0,0.0,101538000.0,101538000.0,101538000.0,0.0,0.0,,0.0,0.0,0.0
2020-06-29,16975.0,0.0,0.0,0.0,0.0,16975.0,0.0,0.0,0.0,0.0,2952.2,16975.0,300.0,0.0,0.0,101538000.0,101538000.0,101538000.0,0.0,0.0,,0.0,0.0,0.0
2020-06-30,16975.0,0.0,0.0,0.0,0.0,16975.0,0.0,0.0,0.0,0.0,2952.2,16975.0,300.0,0.0,0.0,101538000.0,101538000.0,101538000.0,0.0,0.0,,0.0,0.0,0.0
2020-07-01,16975.0,0.0,0.0,17975.0,17975.0,17975.0,1000.0,600.0,10785000.0,4.0,3126.1,18000.0,100.0,0.0,0.0,101538000.0,101538000.0,101538000.0,0.0,0.0,,0.0,0.0,0.0
2020-07-02,17975.0,0.0,0.0,0.0,0.0,17975.0,0.0,0.0,0.0,0.0,3126.1,17975.0,100.0,0.0,0.0,101538000.0,101538000.0,101538000.0,0.0,0.0,,0.0,0.0,0.0
2020-07-03,17975.0,0.0,0.0,0.0,0.0,17975.0,0.0,0.0,0.0,0.0,3126.1,17975.0,600.0,0.0,0.0,101538000.0,101538000.0,101538000.0,0.0,0.0,,0.0,0.0,0.0
2020-07-06,17975.0,0.0,0.0,0.0,0.0,17975.0,0.0,0.0,0.0,0.0,3126.1,17975.0,300.0,0.0,0.0,101538000.0,101538000.0,101538000.0,0.0,0.0,,0.0,0.0,0.0
2020-07-07,17975.0,0.0,0.0,0.0,0.0,17975.0,0.0,0.0,0.0,0.0,3126.1,17900.0,100.0,0.0,0.0,101538000.0,101538000.0,101538000.0,0.0,0.0,,0.0,0.0,0.0
2020-07-08,17975.0,0.0,0.0,0.0,0.0,17975.0,0.0,0.0,0.0,0.0,3126.1,17975.0,400.0,0.0,0.0,101538000.0,101538000.0,101538000.0,0.0,0.0,,0.0,0.0,0.0
2020-07-09,17975.0,0.0,0.0,0.0,0.0,17975.0,0.0,0.0,0.0,0.0,3126.1,17975.0,600.0,0.0,0.0,101538000.0,101538000.0,101538000.0,0.0,0.0,,0.0,0.0,0.0
2020-07-10,17975.0,0.0,0.0,0.0,0.0,17975.0,0.0,0.0,0.0,0.0,3126.1,17975.0,400.0,0.0,0.0,101538000.0,101538000.0,101538000.0,0.0,0.0,,0.0,0.0,0.0
2020-07-13,17975.0,0.0,0.0,0.0,0.0,17975.0,0.0,0.0,0.0,0.0,3126.1,17900.0,100.0,0.0,0.0,101538000.0,101538000.0,101538000.0,0.0,0.0,,0.0,0.0,0.0
2020-07-14,17975.0,0.0,0.0,0.0,0.0,17975.0,0.0,0.0,0.0,0.0,3126.1,17975.0,100.0,0.0,0.0,101538000.0,101538000.0,101538000.0,0.0,0.0,,0.0,0.0,0.0
2020-07-15,17975.0,0.0,0.0,0.0,0.0,17975.0,0.0,0.0,0.0,0.0,3126.1,17650.0,100.0,0.0,0.0,101538000.0,101538000.0,101538000.0,0.0,0.0,,0.0,0.0,0.0
2020-07-16,17975.0,0.0,0.0,0.0,0.0,17975.0,0.0,0.0,0.0,0.0,3126.1,17975.0,100.0,0.0,0.0,101538000.0,101538000.0,101538000.0,0.0,0.0,,0.0,0.0,0.0
2020-07-17,17975.0,0.0,0.0,0.0,0.0,17975.0,0.0,0.0,0.0,0.0,3126.1,17975.0,100.0,0.0,0.0,101538000.0,101538000.0,101538000.0,0.0,0.0,,0.0,0.0,0.0
2020-07-20,17975.0,0.0,0.0,0.0,0.0,17975.0,0.0,0.0,0.0,0.0,3126.1,18000.0,100.0,0.0,0.0,101538000.0,101538000.0,101538000.0,0.0,0.0,,0.0,0.0,0.0
2020-07-21,17975.0,0.0,0.0,0.0,0.0,17975.0,0.0,0.0,0.0,0.0,3126.1,17975.0,200.0,0.0,0.0,101538000.0,101538000.0,101538000.0,0.0,0.0,,0.0,0.0,0.0
2020-07-22,17975.0,0.0,0.0,0.0,0.0,17975.0,0.0,0.0,0.0,0.0,3126.1,17975.0,100.0,0.0,0.0,101538000.0,101538000.0,101538000.0,0.0,0.0,,0.0,0.0,0.0
2020-07-23,17975.0,0.0,0.0,0.0,0.0,17975.0,0.0,0.0,0.0,0.0,3126.1,18000.0,200.0,0.0,0.0,101538000.0,101538000.0,101538000.0,0.0,0.0,,0.0,0.0,0.0
2020-07-24,17975.0,0.0,0.0,17975.0,17975.0,17975.0,0.0,100.0,1797500.0,1.0,3126.1,17975.0,100.0,0.0,0.0,101538000.0,101538000.0,101538000.0,0.0,0.0,,0.0,0.0,0.0
2020-07-27,17975.0,0.0,0.0,0.0,0.0,17975.0,0.0,0.0,0.0,0.0,3126.1,17725.0,100.0,0.0,0.0,101538000.0,101538000.0,101538000.0,0.0,0.0,,0.0,0.0,0.0
2020-07-28,17975.0,0.0,0.0,0.0,0.0,17975.0,0.0,0.0,0.0,0.0,3126.1,17975.0,100.0,0.0,0.0,101538000.0,101538000.0,101538000.0,0.0,0.0,,0.0,0.0,0.0
2020-07-29,17975.0,0.0,0.0,0.0,0.0,17975.0,0.0,0.0,0.0,0.0,3126.1,18000.0,100.0,0.0,0.0,101538000.0,101538000.0,101538000.0,0.0,0.0,,0.0,0.0,0.0
2020-07-30,17975.0,0.0,0.0,0.0,0.0,17975.0,0.0,0.0,0.0,0.0,3126.1,17725.0,100.0,0.0,0.0,101538000.0,101538000.0,101538000.0,0.0,0.0,,0.0,0.0,0.0
2020-08-03,17975.0,0.0,0.0,0.0,0.0,17975.0,0.0,0.0,0.0,0.0,3126.1,17975.0,200.0,0.0,0.0,101538000.0,101538000.0,101538000.0,0.0,0.0,,0.0,0.0,0.0
2020-08-04,17975.0,0.0,0.0,0.0,0.0,17975.0,0.0,0.0,0.0,0.0,3126.1,17975.0,100.0,0.0,0.0,101538000.0,101538000.0,101538000.0,0.0,0.0,,0.0,0.0,0.0
2020-08-05,17975.0,0.0,0.0,0.0,0.0,17975.0,0.0,0.0,0.0,0.0,3126.1,17975.0,100.0,0.0,0.0,101538000.0,101538000.0,101538000.0,0.0,0.0,,0.0,0.0,0.0
2020-08-06,17975.0,0.0,0.0,0.0,0.0,17975.0,0.0,0.0,0.0,0.0,3126.1,17975.0,100.0,0.0,0.0,101538000.0,101538000.0,101538000.0,0.0,0.0,,0.0,0.0,0.0
2020-08-07,17975.0,0.0,0.0,0.0,0.0,17975.0,0.0,0.0,0.0,0.0,3126.1,17975.0,100.0,0.0,0.0,101538000.0,101538000.0,101538000.0,0.0,0.0,,0.0,0.0,0.0
2020-08-10,17975.0,0.0,0.0,0.0,0.0,17975.0,0.0,0.0,0.0,0.0,3126.1,17975.0,100.0,0.0,0.0,101538000.0,101538000.0,101538000.0,0.0,0.0,,0.0,0.0,0.0
2020-08-11,17975.0,0.0,0.0,17975.0,17975.0,17975.0,0.0,100.0,1797500.0,1.0,3126.1,18000.0,100.0,0.0,0.0,101538000.0,101538000.0,101538000.0,0.0,0.0,,0.0,0.0,0.0
2020-08-12,17975.0,0.0,0.0,0.0,0.0,17975.0,0.0,0.0,0.0,0.0,3126.1,17900.0,100.0,0.0,0.0,101538000.0,101538000.0,101538000.0,0.0,0.0,,0.0,0.0,0.0
2020-08-13,17975.0,0.0,0.0,0.0,0.0,17975.0,0.0,0.0,0.0,0.0,3126.1,17975.0,100.0,0.0,0.0,101538000.0,101538000.0,101538000.0,0.0,0.0,,0.0,0.0,0.0
2020-08-14,17975.0,0.0,0.0,0.0,0.0,17975.0,0.0,0.0,0.0,0.0,3126.1,18000.0,200.0,0.0,0.0,101538000.0,101538000.0,101538000.0,0.0,0.0,,0.0,0.0,0.0
2020-08-18,17975.0,0.0,0.0,0.0,0.0,17975.0,0.0,0.0,0.0,0.0,3126.1,17900.0,100.0,0.0,0.0,101538000.0,101538000.0,101538000.0,0.0,0.0,,0.0,0.0,0.0
2020-08-19,17975.0,0.0,0.0,0.0,0.0,17975.0,0.0,0.0,0.0,0.0,3126.1,17650.0,100.0,0.0,0.0,101538000.0,101538000.0,101538000.0,0.0,0.0,,0.0,0.0,0.0
2020-08-24,17975.0,0.0,0.0,0.0,0.0,17975.0,0.0,0.0,0.0,0.0,3126.1,18000.0,100.0,0.0,0.0,101538000.0,101538000.0,101538000.0,0.0,0.0,,0.0,0.0,0.0
2020-08-25,17975.0,0.0,0.0,0.0,0.0,17975.0,0.0,0.0,0.0,0.0,3126.1,17975.0,100.0,0.0,0.0,101538000.0,101538000.0,101538000.0,0.0,0.0,,0.0,0.0,0.0
2020-08-26,17975.0,0.0,0.0,0.0,0.0,17975.0,0.0,0.0,0.0,0.0,3126.1,17975.0,200.0,0.0,0.0,101538000.0,101538000.0,101538000.0,0.0,0.0,,0.0,0.0,0.0
2020-08-27,17975.0,0.0,0.0,0.0,0.0,17975.0,0.0,0.0,0.0,0.0,3126.1,17975.0,100.0,0.0,0.0,101538000.0,101538000.0,101538000.0,0.0,0.0,,0.0,0.0,0.0
2020-08-28,17975.0,0.0,0.0,0.0,0.0,17975.0,0.0,0.0,0.0,0.0,3126.1,17800.0,100.0,0.0,0.0,101538000.0,101538000.0,101538000.0,0.0,0.0,,0.0,0.0,0.0
2020-08-31,17975.0,0.0,0.0,0.0,0.0,17975.0,0.0,0.0,0.0,0.0,3126.1,17800.0,100.0,0.0,0.0,101538000.0,101538000.0,101538000.0,0.0,0.0,,639900.0,11502202500.0,1.0
2020-09-01,17975.0,0.0,0.0,0.0,0.0,17975.0,0.0,0.0,0.0,0.0,3126.1,17800.0,100.0,0.0,0.0,101538000.0,101538000.0,101538000.0,0.0,0.0,,0.0,0.0,0.0
2020-09-02,17975.0,0.0,0.0,0.0,0.0,17975.0,0.0,0.0,0.0,0.0,3126.1,17800.0,100.0,0.0,0.0,101538000.0,101538000.0,101538000.0,0.0,0.0,,0.0,0.0,0.0
2020-09-03,17975.0,0.0,0.0,0.0,0.0,17975.0,0.0,0.0,0.0,0.0,3126.1,18000.0,100.0,0.0,0.0,101538000.0,101538000.0,101538000.0,0.0,0.0,,0.0,0.0,0.0
2020-09-04,17975.0,0.0,0.0,0.0,0.0,17975.0,0.0,0.0,0.0,0.0,3126.1,18000.0,100.0,0.0,0.0,101538000.0,101538000.0,101538000.0,0.0,0.0,,0.0,0.0,0.0
2020-09-07,17975.0,0.0,0.0,0.0,0.0,17975.0,0.0,0.0,0.0,0.0,3126.1,17975.0,100.0,0.0,0.0,101538000.0,101538000.0,101538000.0,0.0,0.0,,0.0,0.0,0.0
2020-09-08,17975.0,0.0,0.0,0.0,0.0,17975.0,0.0,0.0,0.0,0.0,3126.1,17975.0,300.0,0.0,0.0,101538000.0,101538000.0,101538000.0,0.0,0.0,,0.0,0.0,0.0
2020-09-09,17975.0,0.0,0.0,0.0,0.0,17975.0,0.0,0.0,0.0,0.0,3126.1,17900.0,100.0,0.0,0.0,101538000.0,101538000.0,101538000.0,0.0,0.0,,0.0,0.0,0.0
2020-09-10,17975.0,0.0,0.0,17900.0,17900.0,17900.0,-75.0,100.0,1790000.0,1.0,3113.0,17900.0,300.0,0.0,0.0,101538000.0,101538000.0,101538000.0,0.0,0.0,,0.0,0.0,0.0
2020-09-11,17900.0,0.0,0.0,0.0,0.0,17900.0,0.0,0.0,0.0,0.0,3113.0,17900.0,300.0,0.0,0.0,101538000.0,101538000.0,101538000.0,0.0,0.0,,0.0,0.0,0.0
2020-09-14,17900.0,0.0,0.0,0.0,0.0,17900.0,0.0,0.0,0.0,0.0,3113.0,17875.0,100.0,0.0,0.0,101538000.0,101538000.0,101538000.0,0.0,0.0,,0.0,0.0,0.0
2020-09-15,17900.0,0.0,0.0,0.0,0.0,17900.0,0.0,0.0,0.0,0.0,3113.0,17800.0,100.0,0.0,0.0,101538000.0,101538000.0,101538000.0,0.0,0.0,,0.0,0.0,0.0
2020-09-16,17900.0,0.0,0.0,0.0,0.0,17900.0,0.0,0.0,0.0,0.0,3113.0,17900.0,100.0,0.0,0.0,101538000.0,101538000.0,101538000.0,0.0,0.0,,0.0,0.0,0.0
2020-09-17,17900.0,0.0,0.0,0.0,0.0,17900.0,0.0,0.0,0.0,0.0,3113.0,17800.0,100.0,0.0,0.0,101538000.0,101538000.0,101538000.0,0.0,0.0,,0.0,0.0,0.0
2020-09-18,17900.0,0.0,0.0,0.0,0.0,17900.0,0.0,0.0,0.0,0.0,3113.0,17875.0,100.0,0.0,0.0,101538000.0,101538000.0,101538000.0,0.0,0.0,,0.0,0.0,0.0
2020-09-21,17900.0,0.0,0.0,0.0,0.0,17900.0,0.0,0.0,0.0,0.0,3113.0,17850.0,200.0,0.0,0.0,101538000.0,101538000.0,101538000.0,0.0,0.0,,0.0,0.0,0.0
2020-09-22,17900.0,0.0,0.0,0.0,0.0,17900.0,0.0,0.0,0.0,0.0,3113.0,17875.0,100.0,0.0,0.0,101538000.0,101538000.0,101538000.0,0.0,0.0,,0.0,0.0,0.0
2020-09-23,17900.0,0.0,0.0,0.0,0.0,17900.0,0.0,0.0,0.0,0.0,3113.0,17900.0,100.0,0.0,0.0,101538000.0,101538000.0,101538000.0,0.0,0.0,,0.0,0.0,0.0
2020-09-24,17900.0,0.0,0.0,0.0,0.0,17900.0,0.0,0.0,0.0,0.0,3113.0,17850.0,200.0,0.0,0.0,101538000.0,101538000.0,101538000.0,0.0,0.0,,0.0,0.0,0.0
2020-09-25,17900.0,0.0,0.0,0.0,0.0,17900.0,0.0,0.0,0.0,0.0,3113.0,17850.0,100.0,0.0,0.0,101538000.0,101538000.0,101538000.0,0.0,0.0,,0.0,0.0,0.0
2020-09-28,17900.0,0.0,0.0,0.0,0.0,17900.0,0.0,0.0,0.0,0.0,3113.0,17800.0,100.0,0.0,0.0,101538000.0,101538000.0,101538000.0,0.0,0.0,,0.0,0.0,0.0
2020-09-29,17900.0,0.0,0.0,0.0,0.0,17900.0,0.0,0.0,0.0,0.0,3113.0,17900.0,200.0,0.0,0.0,101538000.0,101538000.0,101538000.0,0.0,0.0,,0.0,0.0,0.0
2020-09-30,17900.0,0.0,0.0,0.0,0.0,17900.0,0.0,0.0,0.0,0.0,3113.0,17800.0,100.0,0.0,0.0,101538000.0,101538000.0,101538000.0,0.0,0.0,,0.0,0.0,0.0
2020-10-01,17900.0,0.0,0.0,0.0,0.0,17900.0,0.0,0.0,0.0,0.0,3113.0,17825.0,100.0,0.0,0.0,101538000.0,101538000.0,101538000.0,0.0,0.0,,0.0,0.0,0.0
2020-10-02,17900.0,0.0,0.0,0.0,0.0,17900.0,0.0,0.0,0.0,0.0,3113.0,17900.0,500.0,0.0,0.0,101538000.0,101538000.0,101538000.0,0.0,0.0,,0.0,0.0,0.0
2020-10-05,17900.0,0.0,0.0,17900.0,17800.0,17800.0,-100.0,400.0,7150000.0,3.0,3095.7,17800.0,100.0,0.0,0.0,101538000.0,101538000.0,101538000.0,0.0,0.0,,0.0,0.0,0.0
2020-10-06,17800.0,0.0,0.0,0.0,0.0,17800.0,0.0,0.0,0.0,0.0,3095.7,17800.0,300.0,0.0,0.0,101538000.0,101538000.0,101538000.0,0.0,0.0,,0.0,0.0,0.0
2020-10-07,17800.0,0.0,0.0,0.0,0.0,17800.0,0.0,0.0,0.0,0.0,3095.7,17800.0,200.0,0.0,0.0,101538000.0,101538000.0,101538000.0,0.0,0.0,,0.0,0.0,0.0
2020-10-08,17800.0,0.0,0.0,0.0,0.0,17800.0,0.0,0.0,0.0,0.0,3095.7,17800.0,200.0,0.0,0.0,101538000.0,101538000.0,101538000.0,0.0,0.0,,0.0,0.0,0.0
2020-10-09,17800.0,0.0,0.0,17800.0,17800.0,17800.0,0.0,100.0,1780000.0,1.0,3095.7,17800.0,100.0,0.0,0.0,101538000.0,101538000.0,101538000.0,0.0,0.0,,0.0,0.0,0.0
2020-10-12,17800.0,0.0,0.0,0.0,0.0,17800.0,0.0,0.0,0.0,0.0,3095.7,17800.0,100.0,0.0,0.0,101538000.0,101538000.0,101538000.0,0.0,0.0,,0.0,0.0,0.0
2020-10-13,17800.0,0.0,0.0,0.0,0.0,17800.0,0.0,0.0,0.0,0.0,3095.7,17800.0,100.0,0.0,0.0,101538000.0,101538000.0,101538000.0,0.0,0.0,,0.0,0.0,0.0
2020-10-14,17800.0,0.0,0.0,0.0,0.0,17800.0,0.0,0.0,0.0,0.0,3095.7,17800.0,100.0,0.0,0.0,101538000.0,101538000.0,101538000.0,0.0,0.0,,0.0,0.0,0.0
2020-10-15,17800.0,0.0,0.0,0.0,0.0,17800.0,0.0,0.0,0.0,0.0,3095.7,17800.0,100.0,0.0,0.0,101538000.0,101538000.0,101538000.0,0.0,0.0,,0.0,0.0,0.0
2020-10-16,17800.0,0.0,0.0,0.0,0.0,17800.0,0.0,0.0,0.0,0.0,3095.7,17800.0,100.0,0.0,0.0,101538000.0,101538000.0,101538000.0,0.0,0.0,,0.0,0.0,0.0
2020-10-19,17800.0,0.0,0.0,0.0,0.0,17800.0,0.0,0.0,0.0,0.0,3095.7,17800.0,100.0,0.0,0.0,101538000.0,101538000.0,101538000.0,0.0,0.0,,0.0,0.0,0.0
2020-10-20,17800.0,0.0,0.0,17800.0,17800.0,17800.0,0.0,100.0,1780000.0,1.0,3095.7,17800.0,100.0,0.0,0.0,101538000.0,101538000.0,101538000.0,0.0,0.0,,0.0,0.0,0.0
2020-10-21,17800.0,0.0,0.0,0.0,0.0,17800.0,0.0,0.0,0.0,0.0,3095.7,17800.0,100.0,0.0,0.0,101538000.0,101538000.0,101538000.0,0.0,0.0,,0.0,0.0,0.0
2020-10-22,17800.0,0.0,0.0,0.0,0.0,17800.0,0.0,0.0,0.0,0.0,3095.7,17800.0,100.0,0.0,0.0,101538000.0,101538000.0,101538000.0,0.0,0.0,,0.0,0.0,0.0
2020-10-23,17800.0,0.0,0.0,0.0,0.0,17800.0,0.0,0.0,0.0,0.0,3095.7,17800.0,100.0,0.0,0.0,101538000.0,101538000.0,101538000.0,0.0,0.0,,0.0,0.0,0.0
2020-10-26,17800.0,0.0,0.0,0.0,0.0,17800.0,0.0,0.0,0.0,0.0,3095.7,17800.0,100.0,0.0,0.0,101538000.0,101538000.0,101538000.0,0.0,0.0,,0.0,0.0,0.0
2020-10-27,17800.0,0.0,0.0,0.0,0.0,17800.0,0.0,0.0,0.0,0.0,3095.7,17800.0,100.0,0.0,0.0,101538000.0,101538000.0,101538000.0,0.0,0.0,,0.0,0.0,0.0
2020-11-02,17800.0,0.0,0.0,0.0,0.0,17800.0,0.0,0.0,0.0,0.0,3095.7,17700.0,100.0,0.0,0.0,101538000.0,101538000.0,101538000.0,0.0,0.0,,0.0,0.0,0.0
2020-11-03,17800.0,0.0,0.0,17975.0,17975.0,17975.0,175.0,100.0,1797500.0,1.0,3126.1,17925.0,200.0,0.0,0.0,101538000.0,101538000.0,101538000.0,0.0,0.0,,0.0,0.0,0.0
2020-11-04,17975.0,0.0,0.0,0.0,0.0,17975.0,0.0,0.0,0.0,0.0,3126.1,17975.0,300.0,0.0,0.0,101538000.0,101538000.0,101538000.0,0.0,0.0,,0.0,0.0,0.0
2020-11-05,17975.0,0.0,0.0,0.0,0.0,17975.0,0.0,0.0,0.0,0.0,3126.1,17975.0,200.0,0.0,0.0,101538000.0,101538000.0,101538000.0,0.0,0.0,,0.0,0.0,0.0
2020-11-06,17975.0,0.0,0.0,0.0,0.0,17975.0,0.0,0.0,0.0,0.0,3126.1,17800.0,100.0,0.0,0.0,101538000.0,101538000.0,101538000.0,0.0,0.0,,0.0,0.0,0.0
2020-11-09,17975.0,0.0,0.0,0.0,0.0,17975.0,0.0,0.0,0.0,0.0,3126.1,17800.0,100.0,0.0,0.0,101538000.0,101538000.0,101538000.0,0.0,0.0,,0.0,0.0,0.0
2020-11-10,17975.0,0.0,0.0,0.0,0.0,17975.0,0.0,0.0,0.0,0.0,3126.1,17800.0,100.0,0.0,0.0,101538000.0,101538000.0,101538000.0,0.0,0.0,,0.0,0.0,0.0
2020-11-11,17975.0,0.0,0.0,0.0,0.0,17975.0,0.0,0.0,0.0,0.0,3126.1,17800.0,100.0,0.0,0.0,101538000.0,101538000.0,101538000.0,0.0,0.0,,0.0,0.0,0.0
2020-11-12,17975.0,0.0,0.0,0.0,0.0,17975.0,0.0,0.0,0.0,0.0,3126.1,17975.0,200.0,0.0,0.0,101538000.0,101538000.0,101538000.0,0.0,0.0,,0.0,0.0,0.0
2020-11-13,17975.0,0.0,0.0,0.0,0.0,17975.0,0.0,0.0,0.0,0.0,3126.1,17975.0,300.0,0.0,0.0,101538000.0,101538000.0,101538000.0,0.0,0.0,,0.0,0.0,0.0
2020-11-16,17975.0,0.0,0.0,0.0,0.0,17975.0,0.0,0.0,0.0,0.0,3126.1,17800.0,100.0,0.0,0.0,101538000.0,101538000.0,101538000.0,0.0,0.0,,0.0,0.0,0.0
2020-11-17,17975.0,0.0,0.0,0.0,0.0,17975.0,0.0,0.0,0.0,0.0,3126.1,17800.0,100.0,0.0,0.0,101538000.0,101538000.0,101538000.0,0.0,0.0,,0.0,0.0,0.0
2020-11-18,17975.0,0.0,0.0,0.0,0.0,17975.0,0.0,0.0,0.0,0.0,3126.1,17975.0,300.0,0.0,0.0,101538000.0,101538000.0,101538000.0,0.0,0.0,,0.0,0.0,0.0
2020-11-19,17975.0,0.0,0.0,0.0,0.0,17975.0,0.0,0.0,0.0,0.0,3126.1,17950.0,100.0,0.0,0.0,101538000.0,101538000.0,101538000.0,0.0,0.0,,0.0,0.0,0.0
2020-11-20,17975.0,0.0,0.0,0.0,0.0,17975.0,0.0,0.0,0.0,0.0,3126.1,17975.0,100.0,0.0,0.0,101538000.0,101538000.0,101538000.0,0.0,0.0,,0.0,0.0,0.0
2020-11-23,17975.0,0.0,0.0,0.0,0.0,17975.0,0.0,0.0,0.0,0.0,3126.1,17800.0,100.0,0.0,0.0,101538000.0,101538000.0,101538000.0,0.0,0.0,,0.0,0.0,0.0
2020-11-24,17975.0,0.0,0.0,0.0,0.0,17975.0,0.0,0.0,0.0,0.0,3126.1,17975.0,200.0,0.0,0.0,101538000.0,101538000.0,101538000.0,0.0,0.0,,0.0,0.0,0.0
2020-11-25,17975.0,0.0,0.0,0.0,0.0,17975.0,0.0,0.0,0.0,0.0,3126.1,17975.0,100.0,0.0,0.0,101538000.0,101538000.0,101538000.0,0.0,0.0,,0.0,0.0,0.0
2020-11-26,17975.0,0.0,0.0,0.0,0.0,17975.0,0.0,0.0,0.0,0.0,3126.1,17975.0,200.0,0.0,0.0,101538000.0,101538000.0,101538000.0,0.0,0.0,,0.0,0.0,0.0
2020-11-27,17975.0,0.0,0.0,0.0,0.0,17975.0,0.0,0.0,0.0,0.0,3126.1,17975.0,200.0,0.0,0.0,101538000.0,101538000.0,101538000.0,0.0,0.0,,0.0,0.0,0.0
2020-11-30,17975.0,0.0,0.0,0.0,0.0,17975.0,0.0,0.0,0.0,0.0,3126.1,17975.0,100.0,0.0,0.0,101538000.0,101538000.0,101538000.0,0.0,0.0,,0.0,0.0,0.0
2020-12-01,17975.0,0.0,0.0,0.0,0.0,17975.0,0.0,0.0,0.0,0.0,3126.1,17975.0,200.0,0.0,0.0,101538000.0,101538000.0,101538000.0,0.0,0.0,,0.0,0.0,0.0
2020-12-02,17975.0,0.0,0.0,0.0,0.0,17975.0,0.0,0.0,0.0,0.0,3126.1,17975.0,200.0,0.0,0.0,101538000.0,101538000.0,101538000.0,0.0,0.0,,0.0,0.0,0.0
2020-12-03,17975.0,0.0,0.0,0.0,0.0,17975.0,0.0,0.0,0.0,0.0,3126.1,17975.0,200.0,0.0,0.0,101538000.0,101538000.0,101538000.0,0.0,0.0,,0.0,0.0,0.0
2020-12-04,17975.0,0.0,0.0,0.0,0.0,17975.0,0.0,0.0,0.0,0.0,3126.1,17975.0,100.0,0.0,0.0,101538000.0,101538000.0,101538000.0,0.0,0.0,,0.0,0.0,0.0
2020-12-07,17975.0,0.0,0.0,0.0,0.0,17975.0,0.0,0.0,0.0,0.0,3126.1,17975.0,100.0,0.0,0.0,101538000.0,101538000.0,101538000.0,0.0,0.0,,0.0,0.0,0.0
2020-12-08,17975.0,0.0,0.0,17950.0,17950.0,17950.0,-25.0,100.0,1795000.0,1.0,3121.7,17975.0,100.0,0.0,0.0,101538000.0,101538000.0,101538000.0,0.0,0.0,,0.0,0.0,0.0
2020-12-10,17950.0,0.0,0.0,0.0,0.0,17950.0,0.0,0.0,0.0,0.0,3121.7,17950.0,100.0,0.0,0.0,101538000.0,101538000.0,101538000.0,0.0,0.0,,0.0,0.0,0.0
2020-12-11,17950.0,0.0,0.0,0.0,0.0,17950.0,0.0,0.0,0.0,0.0,3121.7,17950.0,100.0,0.0,0.0,101538000.0,101538000.0,101538000.0,0.0,0.0,,0.0,0.0,0.0
2020-12-14,17950.0,0.0,0.0,0.0,0.0,17950.0,0.0,0.0,0.0,0.0,3121.7,17950.0,100.0,0.0,0.0,101538000.0,101538000.0,101538000.0,0.0,0.0,,0.0,0.0,0.0
2020-12-15,17950.0,0.0,0.0,0.0,0.0,17950.0,0.0,0.0,0.0,0.0,3121.7,17950.0,100.0,0.0,0.0,101538000.0,101538000.0,101538000.0,0.0,0.0,,0.0,0.0,0.0
2020-12-16,17950.0,0.0,0.0,0.0,0.0,17950.0,0.0,0.0,0.0,0.0,3121.7,17950.0,100.0,0.0,0.0,101538000.0,101538000.0,101538000.0,0.0,0.0,,0.0,0.0,0.0
2020-12-17,17950.0,0.0,0.0,0.0,0.0,17950.0,0.0,0.0,0.0,0.0,3121.7,17950.0,100.0,0.0,0.0,101538000.0,101538000.0,101538000.0,0.0,0.0,,0.0,0.0,0.0
2020-12-18,17950.0,0.0,0.0,0.0,0.0,17950.0,0.0,0.0,0.0,0.0,3121.7,17950.0,100.0,0.0,0.0,101538000.0,101538000.0,101538000.0,0.0,0.0,,0.0,0.0,0.0
2020-12-21,17950.0,0.0,0.0,0.0,0.0,17950.0,0.0,0.0,0.0,0.0,3121.7,17875.0,100.0,0.0,0.0,101538000.0,101538000.0,101538000.0,0.0,0.0,,0.0,0.0,0.0
2020-12-22,17950.0,0.0,0.0,0.0,0.0,17950.0,0.0,0.0,0.0,0.0,3121.7,17750.0,100.0,0.0,0.0,101538000.0,101538000.0,101538000.0,0.0,0.0,,0.0,0.0,0.0
2020-12-23,17950.0,0.0,0.0,0.0,0.0,17950.0,0.0,0.0,0.0,0.0,3121.7,17700.0,100.0,0.0,0.0,101538000.0,101538000.0,101538000.0,0.0,0.0,,0.0,0.0,0.0
2020-12-28,17950.0,0.0,0.0,0.0,0.0,17950.0,0.0,0.0,0.0,0.0,3121.7,17950.0,100.0,0.0,0.0,101538000.0,101538000.0,101538000.0,0.0,0.0,,0.0,0.0,0.0
2020-12-29,17950.0,0.0,0.0,0.0,0.0,17950.0,0.0,0.0,0.0,0.0,3121.7,17950.0,100.0,0.0,0.0,101538000.0,101538000.0,101538000.0,0.0,0.0,,0.0,0.0,0.0
2020-12-30,17950.0,0.0,0.0,0.0,0.0,17950.0,0.0,0.0,0.0,0.0,3121.7,17950.0,100.0,0.0,0.0,101538000.0,101538000.0,101538000.0,0.0,0.0,,0.0,0.0,0.0
2021-01-04,17950.0,0.0,0.0,0.0,0.0,17950.0,0.0,0.0,0.0,0.0,3121.7,17975.0,100.0,0.0,0.0,101538000.0,101538000.0,101538000.0,0.0,0.0,,0.0,0.0,0.0
2021-01-05,17950.0,0.0,0.0,0.0,0.0,17950.0,0.0,0.0,0.0,0.0,3121.7,17700.0,100.0,0.0,0.0,101538000.0,101538000.0,101538000.0,0.0,0.0,,0.0,0.0,0.0
2021-01-06,17950.0,0.0,0.0,0.0,0.0,17950.0,0.0,0.0,0.0,0.0,3121.7,17450.0,100.0,0.0,0.0,101538000.0,101538000.0,101538000.0,0.0,0.0,,0.0,0.0,0.0
2021-01-07,17950.0,0.0,0.0,0.0,0.0,17950.0,0.0,0.0,0.0,0.0,3121.7,17700.0,100.0,0.0,0.0,101538000.0,101538000.0,101538000.0,0.0,0.0,,0.0,0.0,0.0
2021-01-08,17950.0,0.0,0.0,0.0,0.0,17950.0,0.0,0.0,0.0,0.0,3121.7,17200.0,200.0,0.0,0.0,101538000.0,101538000.0,101538000.0,0.0,0.0,,0.0,0.0,0.0
2021-01-11,17950.0,0.0,0.0,0.0,0.0,17950.0,0.0,0.0,0.0,0.0,3121.7,17600.0,100.0,0.0,0.0,101538000.0,101538000.0,101538000.0,0.0,0.0,,0.0,0.0,0.0
2021-01-12,17950.0,0.0,0.0,0.0,0.0,17950.0,0.0,0.0,0.0,0.0,3121.7,17950.0,8400.0,0.0,0.0,101538000.0,101538000.0,101538000.0,0.0,0.0,,0.0,0.0,0.0
2021-01-13,17950.0,0.0,0.0,0.0,0.0,17950.0,0.0,0.0,0.0,0.0,3121.7,17050.0,100.0,0.0,0.0,101538000.0,101538000.0,101538000.0,0.0,0.0,,0.0,0.0,0.0
2021-01-14,17950.0,0.0,0.0,0.0,0.0,17950.0,0.0,0.0,0.0,0.0,3121.7,17450.0,100.0,0.0,0.0,101538000.0,101538000.0,101538000.0,0.0,0.0,,0.0,0.0,0.0
2021-01-15,17950.0,0.0,0.0,0.0,0.0,17950.0,0.0,0.0,0.0,0.0,3121.7,17000.0,100.0,0.0,0.0,101538000.0,101538000.0,101538000.0,0.0,0.0,,0.0,0.0,0.0
2021-01-18,17950.0,0.0,0.0,17950.0,17950.0,17950.0,0.0,100.0,1795000.0,1.0,3121.7,17700.0,200.0,0.0,0.0,101538000.0,101538000.0,101538000.0,100.0,0.0,,0.0,0.0,0.0
2021-01-19,17950.0,0.0,0.0,0.0,0.0,17950.0,0.0,0.0,0.0,0.0,3121.7,17700.0,300.0,0.0,0.0,101538000.0,101538000.0,101538000.0,0.0,0.0,,0.0,0.0,0.0
2021-01-20,17950.0,0.0,0.0,0.0,0.0,17950.0,0.0,0.0,0.0,0.0,3121.7,17700.0,300.0,0.0,0.0,101538000.0,101538000.0,101538000.0,0.0,0.0,,0.0,0.0,0.0
2021-01-21,17950.0,0.0,0.0,0.0,0.0,17950.0,0.0,0.0,0.0,0.0,3121.7,17100.0,100.0,0.0,0.0,101538000.0,101538000.0,101538000.0,0.0,0.0,,0.0,0.0,0.0
2021-01-22,17950.0,0.0,0.0,0.0,0.0,17950.0,0.0,0.0,0.0,0.0,3121.7,17200.0,200.0,0.0,0.0,101538000.0,101538000.0,101538000.0,0.0,0.0,,0.0,0.0,0.0
2021-01-25,17950.0,0.0,0.0,0.0,0.0,17950.0,0.0,0.0,0.0,0.0,3121.7,17700.0,200.0,0.0,0.0,101538000.0,101538000.0,101538000.0,0.0,0.0,,0.0,0.0,0.0
2021-01-26,17950.0,0.0,0.0,0.0,0.0,17950.0,0.0,0.0,0.0,0.0,3121.7,17700.0,200.0,0.0,0.0,101538000.0,101538000.0,101538000.0,0.0,0.0,,0.0,0.0,0.0
2021-01-27,17950.0,0.0,0.0,17950.0,17950.0,17950.0,0.0,100.0,1795000.0,1.0,3121.7,17600.0,100.0,0.0,0.0,101538000.0,101538000.0,101538000.0,100.0,0.0,,0.0,0.0,0.0
2021-01-28,17950.0,0.0,0.0,0.0,0.0,17950.0,0.0,0.0,0.0,0.0,3121.7,17550.0,100.0,0.0,0.0,101538000.0,101538000.0,101538000.0,0.0,0.0,,0.0,0.0,0.0
2021-01-29,17950.0,0.0,0.0,0.0,0.0,17950.0,0.0,0.0,0.0,0.0,3121.7,17200.0,100.0,0.0,0.0,101538000.0,101538000.0,101538000.0,0.0,0.0,,0.0,0.0,0.0
2021-02-01,17950.0,0.0,0.0,0.0,0.0,17950.0,0.0,0.0,0.0,0.0,3121.7,17550.0,100.0,0.0,0.0,101538000.0,101538000.0,101538000.0,0.0,0.0,,0.0,0.0,0.0
2021-02-02,17950.0,0.0,0.0,0.0,0.0,17950.0,0.0,0.0,0.0,0.0,3121.7,17550.0,100.0,0.0,0.0,101538000.0,101538000.0,101538000.0,0.0,0.0,,0.0,0.0,0.0
2021-02-03,17950.0,0.0,0.0,0.0,0.0,17950.0,0.0,0.0,0.0,0.0,3121.7,17200.0,200.0,0.0,0.0,101538000.0,101538000.0,101538000.0,0.0,0.0,,0.0,0.0,0.0
2021-02-04,17950.0,0.0,0.0,0.0,0.0,17950.0,0.0,0.0,0.0,0.0,3121.7,17675.0,100.0,0.0,0.0,101538000.0,101538000.0,101538000.0,0.0,0.0,,0.0,0.0,0.0
2021-02-05,17950.0,0.0,0.0,0.0,0.0,17950.0,0.0,0.0,0.0,0.0,3121.7,17675.0,100.0,0.0,0.0,101538000.0,101538000.0,101538000.0,0.0,0.0,,0.0,0.0,0.0
2021-02-08,17950.0,0.0,0.0,17650.0,17650.0,17650.0,-300.0,100.0,1765000.0,1.0,3069.6,17650.0,100.0,0.0,0.0,101538000.0,101538000.0,101538000.0,0.0,0.0,,0.0,0.0,0.0
2021-02-09,17650.0,0.0,0.0,17600.0,17400.0,17600.0,-50.0,200.0,3500000.0,2.0,3060.9,17325.0,100.0,0.0,0.0,101538000.0,101538000.0,101538000.0,200.0,0.0,,0.0,0.0,0.0
2021-02-10,17600.0,0.0,0.0,17325.0,17325.0,17325.0,-275.0,100.0,1732500.0,1.0,3013.0,17325.0,100.0,0.0,0.0,101538000.0,101538000.0,101538000.0,0.0,0.0,,0.0,0.0,0.0
2021-02-11,17325.0,0.0,0.0,0.0,0.0,17325.0,0.0,0.0,0.0,0.0,3013.0,17325.0,8000.0,0.0,0.0,101538000.0,101538000.0,101538000.0,0.0,0.0,,0.0,0.0,0.0
2021-02-15,17325.0,0.0,0.0,0.0,0.0,17325.0,0.0,0.0,0.0,0.0,3013.0,16975.0,200.0,0.0,0.0,101538000.0,101538000.0,101538000.0,0.0,0.0,,0.0,0.0,0.0
2021-02-16,17325.0,0.0,0.0,0.0,0.0,17325.0,0.0,0.0,0.0,0.0,3013.0,16950.0,100.0,0.0,0.0,101538000.0,101538000.0,101538000.0,0.0,0.0,,0.0,0.0,0.0
2021-02-17,17325.0,0.0,0.0,16975.0,16975.0,16975.0,-350.0,200.0,3395000.0,1.0,2952.2,16700.0,100.0,0.0,0.0,101538000.0,101538000.0,101538000.0,0.0,0.0,,0.0,0.0,0.0
2021-02-18,16975.0,0.0,0.0,0.0,0.0,16975.0,0.0,0.0,0.0,0.0,2952.2,16800.0,200.0,0.0,0.0,101538000.0,101538000.0,101538000.0,0.0,0.0,,0.0,0.0,0.0
2021-02-19,16975.0,0.0,0.0,0.0,0.0,16975.0,0.0,0.0,0.0,0.0,2952.2,16800.0,100.0,0.0,0.0,101538000.0,101538000.0,101538000.0,0.0,0.0,,0.0,0.0,0.0
2021-02-22,16975.0,0.0,0.0,16975.0,16975.0,16975.0,0.0,100.0,1697500.0,1.0,2952.2,16800.0,100.0,0.0,0.0,101538000.0,101538000.0,101538000.0,0.0,0.0,,0.0,0.0,0.0
2021-02-23,16975.0,0.0,0.0,0.0,0.0,16975.0,0.0,0.0,0.0,0.0,2952.2,16800.0,100.0,0.0,0.0,101538000.0,101538000.0,101538000.0,0.0,0.0,,0.0,0.0,0.0
2021-02-24,16975.0,0.0,0.0,16975.0,16975.0,16975.0,0.0,100.0,1697500.0,1.0,2952.2,16800.0,200.0,0.0,0.0,101538000.0,101538000.0,101538000.0,0.0,0.0,,0.0,0.0,0.0
2021-02-25,16975.0,0.0,0.0,0.0,0.0,16975.0,0.0,0.0,0.0,0.0,2952.2,16800.0,100.0,0.0,0.0,101538000.0,101538000.0,101538000.0,0.0,0.0,,0.0,0.0,0.0
2021-02-26,16975.0,0.0,0.0,0.0,0.0,16975.0,0.0,0.0,0.0,0.0,2952.2,16975.0,300.0,0.0,0.0,101538000.0,101538000.0,101538000.0,0.0,0.0,,0.0,0.0,0.0
2021-03-01,16975.0,0.0,0.0,0.0,0.0,16975.0,0.0,0.0,0.0,0.0,2952.2,16800.0,200.0,0.0,0.0,101538000.0,101538000.0,101538000.0,0.0,0.0,,0.0,0.0,0.0
2021-03-02,16975.0,0.0,0.0,0.0,0.0,16975.0,0.0,0.0,0.0,0.0,2952.2,16800.0,100.0,0.0,0.0,101538000.0,101538000.0,101538000.0,0.0,0.0,,0.0,0.0,0.0
2021-03-03,16975.0,0.0,0.0,16975.0,16975.0,16975.0,0.0,100.0,1697500.0,1.0,2952.2,16800.0,100.0,0.0,0.0,101538000.0,101538000.0,101538000.0,100.0,0.0,,0.0,0.0,0.0
2021-03-04,16975.0,0.0,0.0,16975.0,16975.0,16975.0,0.0,100.0,1697500.0,1.0,2952.2,16800.0,100.0,0.0,0.0,101538000.0,101538000.0,101538000.0,100.0,0.0,,0.0,0.0,0.0
2021-03-05,16975.0,0.0,0.0,0.0,0.0,16975.0,0.0,0.0,0.0,0.0,2952.2,16800.0,100.0,0.0,0.0,101538000.0,101538000.0,101538000.0,0.0,0.0,,0.0,0.0,0.0
2021-03-08,16975.0,0.0,0.0,0.0,0.0,16975.0,0.0,0.0,0.0,0.0,2952.2,16800.0,200.0,0.0,0.0,101538000.0,101538000.0,101538000.0,0.0,0.0,,0.0,0.0,0.0
2021-03-09,16975.0,0.0,0.0,0.0,0.0,16975.0,0.0,0.0,0.0,0.0,2952.2,16800.0,100.0,0.0,0.0,101538000.0,101538000.0,101538000.0,0.0,0.0,,0.0,0.0,0.0
2021-03-10,16975.0,0.0,0.0,16775.0,16775.0,16775.0,-200.0,100.0,1677500.0,1.0,2917.4,16800.0,100.0,0.0,0.0,101538000.0,101538000.0,101538000.0,0.0,0.0,,0.0,0.0,0.0
2021-03-12,16775.0,0.0,0.0,16750.0,16750.0,16750.0,-25.0,100.0,1675000.0,1.0,2913.0,16725.0,100.0,0.0,0.0,101538000.0,101538000.0,101538000.0,0.0,0.0,,0.0,0.0,0.0
2021-03-15,16750.0,0.0,0.0,16750.0,16750.0,16750.0,0.0,100.0,1675000.0,1.0,2913.0,16750.0,7800.0,0.0,0.0,101538000.0,101538000.0,101538000.0,100.0,0.0,,0.0,0.0,0.0
2021-03-16,16750.0,0.0,0.0,0.0,0.0,16750.0,0.0,0.0,0.0,0.0,2913.0,16750.0,7900.0,0.0,0.0,101538000.0,101538000.0,101538000.0,0.0,0.0,,0.0,0.0,0.0
2021-03-17,16750.0,0.0,0.0,16750.0,16725.0,16725.0,-25.0,300.0,5020000.0,2.0,2908.7,16725.0,100.0,0.0,0.0,101538000.0,101538000.0,101538000.0,0.0,0.0,,0.0,0.0,0.0
2021-03-18,16725.0,0.0,0.0,0.0,0.0,16725.0,0.0,0.0,0.0,0.0,2908.7,16750.0,7800.0,0.0,0.0,101538000.0,101538000.0,101538000.0,0.0,0.0,,0.0,0.0,0.0
2021-03-19,16725.0,0.0,0.0,16725.0,16725.0,16725.0,0.0,100.0,1672500.0,1.0,2908.7,16750.0,7800.0,0.0,0.0,101538000.0,101538000.0,101538000.0,0.0,0.0,,0.0,0.0,0.0
2021-03-22,16725.0,0.0,0.0,0.0,0.0,16725.0,0.0,0.0,0.0,0.0,2908.7,16725.0,100.0,0.0,0.0,101538000.0,101538000.0,101538000.0,0.0,0.0,,0.0,0.0,0.0
2021-03-23,16725.0,0.0,0.0,0.0,0.0,16725.0,0.0,0.0,0.0,0.0,2908.7,16725.0,200.0,0.0,0.0,101538000.0,101538000.0,101538000.0,0.0,0.0,,0.0,0.0,0.0
2021-03-24,16725.0,0.0,0.0,0.0,0.0,16725.0,0.0,0.0,0.0,0.0,2908.7,16725.0,200.0,0.0,0.0,101538000.0,101538000.0,101538000.0,0.0,0.0,,0.0,0.0,0.0
2021-03-25,16725.0,0.0,0.0,0.0,0.0,16725.0,0.0,0.0,0.0,0.0,2908.7,16725.0,300.0,0.0,0.0,101538000.0,101538000.0,101538000.0,0.0,0.0,,0.0,0.0,0.0
2021-03-26,16725.0,0.0,0.0,0.0,0.0,16725.0,0.0,0.0,0.0,0.0,2908.7,16725.0,400.0,0.0,0.0,101538000.0,101538000.0,101538000.0,0.0,0.0,,0.0,0.0,0.0
2021-03-29,16725.0,0.0,0.0,0.0,0.0,16725.0,0.0,0.0,0.0,0.0,2908.7,16725.0,400.0,0.0,0.0,101538000.0,101538000.0,101538000.0,0.0,0.0,,0.0,0.0,0.0
2021-03-30,16725.0,0.0,0.0,0.0,0.0,16725.0,0.0,0.0,0.0,0.0,2908.7,16725.0,400.0,0.0,0.0,101538000.0,101538000.0,101538000.0,0.0,0.0,,0.0,0.0,0.0
2021-03-31,16725.0,0.0,0.0,0.0,0.0,16725.0,0.0,0.0,0.0,0.0,2908.7,16725.0,400.0,0.0,0.0,101538000.0,101538000.0,101538000.0,0.0,0.0,,0.0,0.0,0.0
2021-04-01,16725.0,0.0,0.0,0.0,0.0,16725.0,0.0,0.0,0.0,0.0,2908.7,16725.0,400.0,0.0,0.0,101538000.0,101538000.0,101538000.0,0.0,0.0,,0.0,0.0,0.0
2021-04-05,16725.0,0.0,0.0,0.0,0.0,16725.0,0.0,0.0,0.0,0.0,2908.7,16725.0,300.0,0.0,0.0,101538000.0,101538000.0,101538000.0,0.0,0.0,,0.0,0.0,0.0
2021-04-06,16725.0,0.0,0.0,0.0,0.0,16725.0,0.0,0.0,0.0,0.0,2908.7,16700.0,100.0,0.0,0.0,101538000.0,101538000.0,101538000.0,0.0,0.0,,0.0,0.0,0.0
2021-04-07,16725.0,0.0,0.0,0.0,0.0,16725.0,0.0,0.0,0.0,0.0,2908.7,16725.0,400.0,0.0,0.0,101538000.0,101538000.0,101538000.0,0.0,0.0,,0.0,0.0,0.0
2021-04-08,16725.0,0.0,0.0,0.0,0.0,16725.0,0.0,0.0,0.0,0.0,2908.7,16725.0,400.0,0.0,0.0,101538000.0,101538000.0,101538000.0,0.0,0.0,,0.0,0.0,0.0
2021-04-09,16725.0,0.0,0.0,0.0,0.0,16725.0,0.0,0.0,0.0,0.0,2908.7,16725.0,300.0,0.0,0.0,101538000.0,101538000.0,101538000.0,0.0,0.0,,0.0,0.0,0.0
2021-04-12,16725.0,0.0,0.0,0.0,0.0,16725.0,0.0,0.0,0.0,0.0,2908.7,16725.0,700.0,0.0,0.0,101538000.0,101538000.0,101538000.0,0.0,0.0,,0.0,0.0,0.0
2021-04-13,16725.0,0.0,0.0,0.0,0.0,16725.0,0.0,0.0,0.0,0.0,2908.7,16600.0,100.0,0.0,0.0,101538000.0,101538000.0,101538000.0,0.0,0.0,,0.0,0.0,0.0
2021-04-14,16725.0,0.0,0.0,0.0,0.0,16725.0,0.0,0.0,0.0,0.0,2908.7,16725.0,300.0,0.0,0.0,101538000.0,101538000.0,101538000.0,0.0,0.0,,0.0,0.0,0.0
2021-04-15,16725.0,0.0,0.0,0.0,0.0,16725.0,0.0,0.0,0.0,0.0,2908.7,16725.0,300.0,0.0,0.0,101538000.0,101538000.0,101538000.0,0.0,0.0,,0.0,0.0,0.0
2021-04-16,16725.0,0.0,0.0,0.0,0.0,16725.0,0.0,0.0,0.0,0.0,2908.7,16725.0,400.0,0.0,0.0,101538000.0,101538000.0,101538000.0,0.0,0.0,,0.0,0.0,0.0
2021-04-19,16725.0,0.0,0.0,0.0,0.0,16725.0,0.0,0.0,0.0,0.0,2908.7,16725.0,400.0,0.0,0.0,101538000.0,101538000.0,101538000.0,0.0,0.0,,0.0,0.0,0.0
2021-04-20,16725.0,0.0,0.0,0.0,0.0,16725.0,0.0,0.0,0.0,0.0,2908.7,16725.0,600.0,0.0,0.0,101538000.0,101538000.0,101538000.0,0.0,0.0,,0.0,0.0,0.0
2021-04-21,16725.0,0.0,0.0,0.0,0.0,16725.0,0.0,0.0,0.0,0.0,2908.7,16725.0,700.0,0.0,0.0,101538000.0,101538000.0,101538000.0,0.0,0.0,,0.0,0.0,0.0
2021-04-22,16725.0,0.0,0.0,0.0,0.0,16725.0,0.0,0.0,0.0,0.0,2908.7,16725.0,600.0,0.0,0.0,101538000.0,101538000.0,101538000.0,0.0,0.0,,0.0,0.0,0.0
2021-04-23,16725.0,0.0,0.0,0.0,0.0,16725.0,0.0,0.0,0.0,0.0,2908.7,16725.0,600.0,0.0,0.0,101538000.0,101538000.0,101538000.0,0.0,0.0,,0.0,0.0,0.0
2021-04-26,16725.0,0.0,0.0,0.0,0.0,16725.0,0.0,0.0,0.0,0.0,2908.7,16725.0,700.0,0.0,0.0,101538000.0,101538000.0,101538000.0,0.0,0.0,,0.0,0.0,0.0
2021-04-27,16725.0,0.0,0.0,0.0,0.0,16725.0,0.0,0.0,0.0,0.0,2908.7,16725.0,600.0,0.0,0.0,101538000.0,101538000.0,101538000.0,0.0,0.0,,0.0,0.0,0.0
2021-04-28,16725.0,0.0,0.0,0.0,0.0,16725.0,0.0,0.0,0.0,0.0,2908.7,16725.0,600.0,0.0,0.0,101538000.0,101538000.0,101538000.0,0.0,0.0,,0.0,0.0,0.0
2021-04-29,16725.0,0.0,0.0,0.0,0.0,16725.0,0.0,0.0,0.0,0.0,2908.7,16725.0,600.0,0.0,0.0,101538000.0,101538000.0,101538000.0,0.0,0.0,,0.0,0.0,0.0
2021-04-30,16725.0,0.0,0.0,0.0,0.0,16725.0,0.0,0.0,0.0,0.0,2908.7,16725.0,700.0,0.0,0.0,101538000.0,101538000.0,101538000.0,0.0,0.0,,0.0,0.0,0.0
2021-05-03,16725.0,0.0,0.0,0.0,0.0,16725.0,0.0,0.0,0.0,0.0,2908.7,16725.0,400.0,0.0,0.0,101538000.0,101538000.0,101538000.0,0.0,0.0,,0.0,0.0,0.0
2021-05-04,16725.0,0.0,0.0,0.0,0.0,16725.0,0.0,0.0,0.0,0.0,2908.7,16725.0,500.0,0.0,0.0,101538000.0,101538000.0,101538000.0,0.0,0.0,,0.0,0.0,0.0
2021-05-05,16725.0,0.0,0.0,0.0,0.0,16725.0,0.0,0.0,0.0,0.0,2908.7,16725.0,600.0,0.0,0.0,101538000.0,101538000.0,101538000.0,0.0,0.0,,0.0,0.0,0.0
2021-05-06,16725.0,0.0,0.0,0.0,0.0,16725.0,0.0,0.0,0.0,0.0,2908.7,16725.0,600.0,0.0,0.0,101538000.0,101538000.0,101538000.0,0.0,0.0,,0.0,0.0,0.0
2021-05-07,16725.0,0.0,0.0,0.0,0.0,16725.0,0.0,0.0,0.0,0.0,2908.7,16725.0,600.0,0.0,0.0,101538000.0,101538000.0,101538000.0,0.0,0.0,,0.0,0.0,0.0
2021-05-10,16725.0,0.0,0.0,0.0,0.0,16725.0,0.0,0.0,0.0,0.0,2908.7,16725.0,600.0,0.0,0.0,101538000.0,101538000.0,101538000.0,0.0,0.0,,0.0,0.0,0.0
2021-05-11,16725.0,0.0,0.0,0.0,0.0,16725.0,0.0,0.0,0.0,0.0,2908.7,16725.0,600.0,0.0,0.0,101538000.0,101538000.0,101538000.0,0.0,0.0,,0.0,0.0,0.0
2021-05-17,16725.0,0.0,0.0,0.0,0.0,16725.0,0.0,0.0,0.0,0.0,2908.7,16725.0,600.0,0.0,0.0,101538000.0,101538000.0,101538000.0,0.0,0.0,,0.0,0.0,0.0
2021-05-18,16725.0,0.0,0.0,0.0,0.0,16725.0,0.0,0.0,0.0,0.0,2908.7,16725.0,300.0,0.0,0.0,101538000.0,101538000.0,101538000.0,0.0,0.0,,0.0,0.0,0.0
2021-05-19,16725.0,0.0,0.0,0.0,0.0,16725.0,0.0,0.0,0.0,0.0,2908.7,16725.0,700.0,0.0,0.0,101538000.0,101538000.0,101538000.0,0.0,0.0,,0.0,0.0,0.0
2021-05-20,16725.0,0.0,0.0,0.0,0.0,16725.0,0.0,0.0,0.0,0.0,2908.7,16725.0,700.0,0.0,0.0,101538000.0,101538000.0,101538000.0,0.0,0.0,,0.0,0.0,0.0
2021-05-21,16725.0,0.0,0.0,0.0,0.0,16725.0,0.0,0.0,0.0,0.0,2908.7,16725.0,700.0,0.0,0.0,101538000.0,101538000.0,101538000.0,0.0,0.0,,0.0,0.0,0.0
2021-05-22,16725.0,0.0,0.0,16725.0,16725.0,16725.0,0.0,100.0,1672500.0,1.0,2908.7,0.0,0.0,0.0,0.0,101538000.0,101538000.0,101538000.0,0.0,0.0,,0.0,0.0,0.0
2021-05-24,16725.0,0.0,0.0,0.0,0.0,16725.0,0.0,0.0,0.0,0.0,2908.7,16725.0,600.0,15575.0,100.0,101538000.0,101538000.0,101538000.0,0.0,0.0,,0.0,0.0,0.0
2021-05-25,16725.0,0.0,0.0,0.0,0.0,16725.0,0.0,0.0,0.0,0.0,2908.7,16725.0,600.0,0.0,0.0,101538000.0,101538000.0,101538000.0,0.0,0.0,,0.0,0.0,0.0
2021-05-27,16725.0,0.0,0.0,0.0,0.0,16725.0,0.0,0.0,0.0,0.0,2908.7,16725.0,600.0,0.0,0.0,101538000.0,101538000.0,101538000.0,0.0,0.0,,0.0,0.0,0.0
2021-05-28,16725.0,0.0,0.0,0.0,0.0,16725.0,0.0,0.0,0.0,0.0,2908.7,16725.0,600.0,0.0,0.0,101538000.0,101538000.0,101538000.0,0.0,0.0,,0.0,0.0,0.0
2021-05-31,16725.0,0.0,0.0,0.0,0.0,16725.0,0.0,0.0,0.0,0.0,2908.7,16725.0,600.0,0.0,0.0,101538000.0,101538000.0,101538000.0,0.0,0.0,,0.0,0.0,0.0
2021-06-02,16725.0,0.0,0.0,0.0,0.0,16725.0,0.0,0.0,0.0,0.0,2908.7,16725.0,700.0,15575.0,100.0,101538000.0,101538000.0,101538000.0,0.0,0.0,,0.0,0.0,0.0
2021-06-03,16725.0,0.0,0.0,0.0,0.0,16725.0,0.0,0.0,0.0,0.0,2908.7,16500.0,100.0,0.0,0.0,101538000.0,101538000.0,101538000.0,0.0,0.0,,0.0,0.0,0.0
2021-06-04,16725.0,0.0,0.0,0.0,0.0,16725.0,0.0,0.0,0.0,0.0,2908.7,16725.0,700.0,0.0,0.0,101538000.0,101538000.0,101538000.0,0.0,0.0,,0.0,0.0,0.0
2021-06-07,16725.0,0.0,0.0,0.0,0.0,16725.0,0.0,0.0,0.0,0.0,2908.7,16725.0,400.0,0.0,0.0,101538000.0,101538000.0,101538000.0,0.0,0.0,,0.0,0.0,0.0
2021-06-08,16725.0,0.0,0.0,0.0,0.0,16725.0,0.0,0.0,0.0,0.0,2908.7,16725.0,700.0,0.0,0.0,101538000.0,101538000.0,101538000.0,0.0,0.0,,0.0,0.0,0.0
2021-06-09,16725.0,0.0,0.0,0.0,0.0,16725.0,0.0,0.0,0.0,0.0,2908.7,16725.0,500.0,0.0,0.0,101538000.0,101538000.0,101538000.0,0.0,0.0,,0.0,0.0,0.0
2021-06-10,16725.0,0.0,0.0,0.0,0.0,16725.0,0.0,0.0,0.0,0.0,2908.7,16725.0,400.0,0.0,0.0,101538000.0,101538000.0,101538000.0,0.0,0.0,,0.0,0.0,0.0
2021-06-11,16725.0,0.0,0.0,0.0,0.0,16725.0,0.0,0.0,0.0,0.0,2908.7,16725.0,500.0,0.0,0.0,101538000.0,101538000.0,101538000.0,0.0,0.0,,0.0,0.0,0.0
2021-06-14,16725.0,0.0,0.0,0.0,0.0,16725.0,0.0,0.0,0.0,0.0,2908.7,16725.0,600.0,0.0,0.0,101538000.0,101538000.0,101538000.0,0.0,0.0,,0.0,0.0,0.0
2021-06-15,16725.0,0.0,0.0,0.0,0.0,16725.0,0.0,0.0,0.0,0.0,2908.7,16725.0,500.0,0.0,0.0,101538000.0,101538000.0,101538000.0,0.0,0.0,,0.0,0.0,0.0
2021-06-16,16725.0,0.0,0.0,0.0,0.0,16725.0,0.0,0.0,0.0,0.0,2908.7,16725.0,300.0,0.0,0.0,101538000.0,101538000.0,101538000.0,0.0,0.0,,0.0,0.0,0.0
2021-06-17,16725.0,0.0,0.0,0.0,0.0,16725.0,0.0,0.0,0.0,0.0,2908.7,16725.0,500.0,0.0,0.0,101538000.0,101538000.0,101538000.0,0.0,0.0,,0.0,0.0,0.0
2021-06-18,16725.0,0.0,0.0,0.0,0.0,16725.0,0.0,0.0,0.0,0.0,2908.7,16725.0,500.0,0.0,0.0,101538000.0,101538000.0,101538000.0,0.0,0.0,,0.0,0.0,0.0
2021-06-21,16725.0,0.0,0.0,0.0,0.0,16725.0,0.0,0.0,0.0,0.0,2908.7,16725.0,500.0,0.0,0.0,101538000.0,101538000.0,101538000.0,0.0,0.0,,0.0,0.0,0.0
2021-06-22,16725.0,0.0,0.0,0.0,0.0,16725.0,0.0,0.0,0.0,0.0,2908.7,16725.0,200.0,0.0,0.0,101538000.0,101538000.0,101538000.0,0.0,0.0,,0.0,0.0,0.0
2021-06-23,16725.0,0.0,0.0,0.0,0.0,16725.0,0.0,0.0,0.0,0.0,2908.7,16725.0,500.0,0.0,0.0,101538000.0,101538000.0,101538000.0,0.0,0.0,,0.0,0.0,0.0
2021-06-24,16725.0,0.0,0.0,0.0,0.0,16725.0,0.0,0.0,0.0,0.0,2908.7,16725.0,700.0,0.0,0.0,101538000.0,101538000.0,101538000.0,0.0,0.0,,0.0,0.0,0.0
2021-06-25,16725.0,0.0,0.0,0.0,0.0,16725.0,0.0,0.0,0.0,0.0,2908.7,16725.0,400.0,0.0,0.0,101538000.0,101538000.0,101538000.0,0.0,0.0,,0.0,0.0,0.0
2021-06-28,16725.0,0.0,0.0,0.0,0.0,16725.0,0.0,0.0,0.0,0.0,2908.7,16725.0,500.0,0.0,0.0,101538000.0,101538000.0,101538000.0,0.0,0.0,,0.0,0.0,0.0
2021-06-29,16725.0,0.0,0.0,0.0,0.0,16725.0,0.0,0.0,0.0,0.0,2908.7,16725.0,500.0,0.0,0.0,101538000.0,101538000.0,101538000.0,0.0,0.0,,0.0,0.0,0.0
2021-06-30,16725.0,0.0,0.0,0.0,0.0,16725.0,0.0,0.0,0.0,0.0,2908.7,16700.0,100.0,0.0,0.0,101538000.0,101538000.0,101538000.0,0.0,0.0,,0.0,0.0,0.0
2021-07-01,16725.0,0.0,0.0,0.0,0.0,16725.0,0.0,0.0,0.0,0.0,2908.7,16725.0,400.0,0.0,0.0,101538000.0,101538000.0,101538000.0,0.0,0.0,,0.0,0.0,0.0
2021-07-02,16725.0,0.0,0.0,0.0,0.0,16725.0,0.0,0.0,0.0,0.0,2908.7,16725.0,500.0,0.0,0.0,101538000.0,101538000.0,101538000.0,0.0,0.0,,0.0,0.0,0.0
2021-07-05,16725.0,0.0,0.0,0.0,0.0,16725.0,0.0,0.0,0.0,0.0,2908.7,16725.0,100.0,0.0,0.0,101538000.0,101538000.0,101538000.0,0.0,0.0,,0.0,0.0,0.0
2021-07-06,16725.0,0.0,0.0,0.0,0.0,16725.0,0.0,0.0,0.0,0.0,2908.7,16725.0,200.0,0.0,0.0,101538000.0,101538000.0,101538000.0,0.0,0.0,,0.0,0.0,0.0
2021-07-07,16725.0,0.0,0.0,0.0,0.0,16725.0,0.0,0.0,0.0,0.0,2908.7,16725.0,200.0,0.0,0.0,101538000.0,101538000.0,101538000.0,0.0,0.0,,0.0,0.0,0.0
2021-07-08,16725.0,0.0,0.0,0.0,0.0,16725.0,0.0,0.0,0.0,0.0,2908.7,16725.0,500.0,0.0,0.0,101538000.0,101538000.0,101538000.0,0.0,0.0,,0.0,0.0,0.0
2021-07-09,16725.0,0.0,0.0,0.0,0.0,16725.0,0.0,0.0,0.0,0.0,2908.7,16500.0,200.0,0.0,0.0,101538000.0,101538000.0,101538000.0,0.0,0.0,,0.0,0.0,0.0
2021-07-12,16725.0,0.0,0.0,0.0,0.0,16725.0,0.0,0.0,0.0,0.0,2908.7,16725.0,100.0,0.0,0.0,101538000.0,101538000.0,101538000.0,0.0,0.0,,0.0,0.0,0.0
2021-07-13,16725.0,0.0,0.0,0.0,0.0,16725.0,0.0,0.0,0.0,0.0,2908.7,16725.0,300.0,0.0,0.0,101538000.0,101538000.0,101538000.0,0.0,0.0,,0.0,0.0,0.0
2021-07-14,16725.0,0.0,0.0,0.0,0.0,16725.0,0.0,0.0,0.0,0.0,2908.7,16700.0,300.0,0.0,0.0,101538000.0,101538000.0,101538000.0,0.0,0.0,,0.0,0.0,0.0
2021-07-15,16725.0,0.0,0.0,0.0,0.0,16725.0,0.0,0.0,0.0,0.0,2908.7,16725.0,100.0,0.0,0.0,101538000.0,101538000.0,101538000.0,0.0,0.0,,0.0,0.0,0.0
2021-07-16,16725.0,0.0,0.0,0.0,0.0,16725.0,0.0,0.0,0.0,0.0,2908.7,16725.0,300.0,0.0,0.0,101538000.0,101538000.0,101538000.0,0.0,0.0,,0.0,0.0,0.0
2021-07-19,16725.0,0.0,0.0,0.0,0.0,16725.0,0.0,0.0,0.0,0.0,2908.7,16725.0,100.0,0.0,0.0,101538000.0,101538000.0,101538000.0,0.0,0.0,,0.0,0.0,0.0
2021-07-21,16725.0,0.0,0.0,0.0,0.0,16725.0,0.0,0.0,0.0,0.0,2908.7,16725.0,200.0,0.0,0.0,101538000.0,101538000.0,101538000.0,0.0,0.0,,0.0,0.0,0.0
2021-07-22,16725.0,0.0,0.0,0.0,0.0,16725.0,0.0,0.0,0.0,0.0,2908.7,16725.0,100.0,0.0,0.0,101538000.0,101538000.0,101538000.0,0.0,0.0,,0.0,0.0,0.0
2021-07-23,16725.0,0.0,0.0,0.0,0.0,16725.0,0.0,0.0,0.0,0.0,2908.7,16725.0,300.0,0.0,0.0,101538000.0,101538000.0,101538000.0,0.0,0.0,,0.0,0.0,0.0
2021-07-26,16725.0,0.0,0.0,0.0,0.0,16725.0,0.0,0.0,0.0,0.0,2908.7,16725.0,400.0,0.0,0.0,101538000.0,101538000.0,101538000.0,0.0,0.0,,0.0,0.0,0.0
2021-07-27,16725.0,0.0,0.0,0.0,0.0,16725.0,0.0,0.0,0.0,0.0,2908.7,16725.0,100.0,0.0,0.0,101538000.0,101538000.0,101538000.0,0.0,0.0,,0.0,0.0,0.0
2021-07-28,16725.0,0.0,0.0,0.0,0.0,16725.0,0.0,0.0,0.0,0.0,2908.7,16725.0,200.0,0.0,0.0,101538000.0,101538000.0,101538000.0,0.0,0.0,,0.0,0.0,0.0
2021-07-29,16725.0,0.0,0.0,0.0,0.0,16725.0,0.0,0.0,0.0,0.0,2908.7,16725.0,100.0,0.0,0.0,101538000.0,101538000.0,101538000.0,0.0,0.0,,0.0,0.0,0.0
2021-07-30,16725.0,0.0,0.0,0.0,0.0,16725.0,0.0,0.0,0.0,0.0,2908.7,16725.0,400.0,0.0,0.0,101538000.0,101538000.0,101538000.0,0.0,0.0,,0.0,0.0,0.0
2021-08-02,16725.0,0.0,0.0,0.0,0.0,16725.0,0.0,0.0,0.0,0.0,2908.7,16725.0,300.0,0.0,0.0,101538000.0,101538000.0,101538000.0,0.0,0.0,,0.0,0.0,0.0
2021-08-03,16725.0,0.0,0.0,0.0,0.0,16725.0,0.0,0.0,0.0,0.0,2908.7,16725.0,100.0,0.0,0.0,101538000.0,101538000.0,101538000.0,0.0,0.0,,0.0,0.0,0.0
2021-08-04,16725.0,0.0,0.0,0.0,0.0,16725.0,0.0,0.0,0.0,0.0,2908.7,16725.0,500.0,0.0,0.0,101538000.0,101538000.0,101538000.0,0.0,0.0,,0.0,0.0,0.0
2021-08-05,16725.0,0.0,0.0,0.0,0.0,16725.0,0.0,0.0,0.0,0.0,2908.7,16700.0,100.0,0.0,0.0,101538000.0,101538000.0,101538000.0,0.0,0.0,,0.0,0.0,0.0
2021-08-06,16725.0,0.0,0.0,0.0,0.0,16725.0,0.0,0.0,0.0,0.0,2908.7,16725.0,400.0,0.0,0.0,101538000.0,101538000.0,101538000.0,0.0,0.0,,0.0,0.0,0.0
2021-08-09,16725.0,0.0,0.0,0.0,0.0,16725.0,0.0,0.0,0.0,0.0,2908.7,16725.0,100.0,0.0,0.0,101538000.0,101538000.0,101538000.0,0.0,0.0,,0.0,0.0,0.0
2021-08-10,16725.0,0.0,0.0,0.0,0.0,16725.0,0.0,0.0,0.0,0.0,2908.7,16725.0,200.0,0.0,0.0,101538000.0,101538000.0,101538000.0,0.0,0.0,,0.0,0.0,0.0
2021-08-12,16725.0,0.0,0.0,0.0,0.0,16725.0,0.0,0.0,0.0,0.0,2908.7,16725.0,200.0,0.0,0.0,101538000.0,101538000.0,101538000.0,0.0,0.0,,0.0,0.0,0.0
2021-08-13,16725.0,0.0,0.0,0.0,0.0,16725.0,0.0,0.0,0.0,0.0,2908.7,16725.0,100.0,0.0,0.0,101538000.0,101538000.0,101538000.0,0.0,0.0,,0.0,0.0,0.0
2021-08-16,16725.0,0.0,0.0,0.0,0.0,16725.0,0.0,0.0,0.0,0.0,2908.7,16725.0,200.0,0.0,0.0,101538000.0,101538000.0,101538000.0,0.0,0.0,,0.0,0.0,0.0
2021-08-18,16725.0,0.0,0.0,0.0,0.0,16725.0,0.0,0.0,0.0,0.0,2908.7,16725.0,300.0,0.0,0.0,101538000.0,101538000.0,101538000.0,0.0,0.0,,0.0,0.0,0.0
2021-08-19,16725.0,0.0,0.0,0.0,0.0,16725.0,0.0,0.0,0.0,0.0,2908.7,16725.0,100.0,0.0,0.0,101538000.0,101538000.0,101538000.0,0.0,0.0,,0.0,0.0,0.0
2021-08-20,16725.0,0.0,0.0,0.0,0.0,16725.0,0.0,0.0,0.0,0.0,2908.7,16725.0,100.0,0.0,0.0,101538000.0,101538000.0,101538000.0,0.0,0.0,,0.0,0.0,0.0
2021-08-23,16725.0,0.0,0.0,0.0,0.0,16725.0,0.0,0.0,0.0,0.0,2908.7,16725.0,100.0,0.0,0.0,101538000.0,101538000.0,101538000.0,0.0,0.0,,0.0,0.0,0.0
2021-08-24,16725.0,0.0,0.0,0.0,0.0,16725.0,0.0,0.0,0.0,0.0,2908.7,16725.0,100.0,0.0,0.0,101538000.0,101538000.0,101538000.0,0.0,0.0,,0.0,0.0,0.0
2021-08-25,16725.0,0.0,0.0,0.0,0.0,16725.0,0.0,0.0,0.0,0.0,2908.7,16725.0,100.0,0.0,0.0,101538000.0,101538000.0,101538000.0,0.0,0.0,,0.0,0.0,0.0
2021-08-26,16725.0,0.0,0.0,0.0,0.0,16725.0,0.0,0.0,0.0,0.0,2908.7,16725.0,200.0,0.0,0.0,101538000.0,101538000.0,101538000.0,0.0,0.0,,0.0,0.0,0.0
2021-08-27,16725.0,0.0,0.0,0.0,0.0,16725.0,0.0,0.0,0.0,0.0,2908.7,16725.0,100.0,0.0,0.0,101538000.0,101538000.0,101538000.0,0.0,0.0,,0.0,0.0,0.0
2021-08-30,16725.0,0.0,0.0,0.0,0.0,16725.0,0.0,0.0,0.0,0.0,2908.7,16725.0,100.0,0.0,0.0,101538000.0,101538000.0,101538000.0,0.0,0.0,,0.0,0.0,0.0
2021-08-31,16725.0,0.0,0.0,0.0,0.0,16725.0,0.0,0.0,0.0,0.0,2908.7,16725.0,100.0,0.0,0.0,101538000.0,101538000.0,101538000.0,0.0,0.0,,0.0,0.0,0.0
2021-09-01,16725.0,0.0,0.0,0.0,0.0,16725.0,0.0,0.0,0.0,0.0,2908.7,16725.0,200.0,0.0,0.0,101538000.0,101538000.0,101538000.0,0.0,0.0,,0.0,0.0,0.0
2021-09-02,16725.0,0.0,0.0,0.0,0.0,16725.0,0.0,0.0,0.0,0.0,2908.7,16725.0,100.0,0.0,0.0,101538000.0,101538000.0,101538000.0,0.0,0.0,,0.0,0.0,0.0
2021-09-03,16725.0,0.0,0.0,0.0,0.0,16725.0,0.0,0.0,0.0,0.0,2908.7,16725.0,100.0,0.0,0.0,101538000.0,101538000.0,101538000.0,0.0,0.0,,0.0,0.0,0.0
2021-09-06,16725.0,0.0,0.0,0.0,0.0,16725.0,0.0,0.0,0.0,0.0,2908.7,16750.0,7700.0,0.0,0.0,101538000.0,101538000.0,101538000.0,0.0,0.0,,0.0,0.0,0.0
2021-09-07,16725.0,0.0,0.0,0.0,0.0,16725.0,0.0,0.0,0.0,0.0,2908.7,16725.0,100.0,0.0,0.0,101538000.0,101538000.0,101538000.0,0.0,0.0,,0.0,0.0,0.0
2021-09-08,16725.0,0.0,0.0,0.0,0.0,16725.0,0.0,0.0,0.0,0.0,2908.7,16725.0,200.0,0.0,0.0,101538000.0,101538000.0,101538000.0,0.0,0.0,,0.0,0.0,0.0
2021-09-09,16725.0,0.0,0.0,0.0,0.0,16725.0,0.0,0.0,0.0,0.0,2908.7,16725.0,100.0,0.0,0.0,101538000.0,101538000.0,101538000.0,0.0,0.0,,0.0,0.0,0.0
2021-09-10,16725.0,0.0,0.0,0.0,0.0,16725.0,0.0,0.0,0.0,0.0,2908.7,16725.0,100.0,0.0,0.0,101538000.0,101538000.0,101538000.0,0.0,0.0,,0.0,0.0,0.0
2021-09-13,16725.0,0.0,0.0,0.0,0.0,16725.0,0.0,0.0,0.0,0.0,2908.7,16725.0,200.0,0.0,0.0,101538000.0,101538000.0,101538000.0,0.0,0.0,,0.0,0.0,0.0
2021-09-14,16725.0,0.0,0.0,0.0,0.0,16725.0,0.0,0.0,0.0,0.0,2908.7,16725.0,200.0,0.0,0.0,101538000.0,101538000.0,101538000.0,0.0,0.0,,0.0,0.0,0.0
2021-09-15,16725.0,0.0,0.0,0.0,0.0,16725.0,0.0,0.0,0.0,0.0,2908.7,16725.0,200.0,0.0,0.0,101538000.0,101538000.0,101538000.0,0.0,0.0,,0.0,0.0,0.0
2021-09-16,16725.0,0.0,0.0,0.0,0.0,16725.0,0.0,0.0,0.0,0.0,2908.7,16725.0,300.0,0.0,0.0,101538000.0,101538000.0,101538000.0,0.0,0.0,,0.0,0.0,0.0
2021-09-17,16725.0,0.0,0.0,0.0,0.0,16725.0,0.0,0.0,0.0,0.0,2908.7,16725.0,200.0,0.0,0.0,101538000.0,101538000.0,101538000.0,0.0,0.0,,0.0,0.0,0.0
2021-09-20,16725.0,0.0,0.0,0.0,0.0,16725.0,0.0,0.0,0.0,0.0,2908.7,16725.0,200.0,0.0,0.0,101538000.0,101538000.0,101538000.0,0.0,0.0,,0.0,0.0,0.0
2021-09-21,16725.0,0.0,0.0,0.0,0.0,16725.0,0.0,0.0,0.0,0.0,2908.7,16725.0,200.0,0.0,0.0,101538000.0,101538000.0,101538000.0,0.0,0.0,,0.0,0.0,0.0
2021-09-22,16725.0,0.0,0.0,0.0,0.0,16725.0,0.0,0.0,0.0,0.0,2908.7,16725.0,100.0,0.0,0.0,101538000.0,101538000.0,101538000.0,0.0,0.0,,0.0,0.0,0.0
2021-09-23,16725.0,0.0,0.0,0.0,0.0,16725.0,0.0,0.0,0.0,0.0,2908.7,16725.0,100.0,0.0,0.0,101538000.0,101538000.0,101538000.0,0.0,0.0,,0.0,0.0,0.0
2021-09-24,16725.0,0.0,0.0,0.0,0.0,16725.0,0.0,0.0,0.0,0.0,2908.7,16725.0,200.0,0.0,0.0,101538000.0,101538000.0,101538000.0,0.0,0.0,,0.0,0.0,0.0
2021-09-27,16725.0,0.0,0.0,0.0,0.0,16725.0,0.0,0.0,0.0,0.0,2908.7,16725.0,100.0,0.0,0.0,101538000.0,101538000.0,101538000.0,0.0,0.0,,0.0,0.0,0.0
2021-09-28,16725.0,0.0,0.0,0.0,0.0,16725.0,0.0,0.0,0.0,0.0,2908.7,16725.0,100.0,0.0,0.0,101538000.0,101538000.0,101538000.0,0.0,0.0,,0.0,0.0,0.0
2021-09-29,16725.0,0.0,0.0,0.0,0.0,16725.0,0.0,0.0,0.0,0.0,2908.7,16725.0,100.0,0.0,0.0,101538000.0,101538000.0,101538000.0,0.0,0.0,,0.0,0.0,0.0
2021-09-30,16725.0,0.0,0.0,0.0,0.0,16725.0,0.0,0.0,0.0,0.0,2908.7,16725.0,100.0,0.0,0.0,101538000.0,101538000.0,101538000.0,0.0,0.0,,0.0,0.0,0.0
2021-10-01,16725.0,0.0,0.0,0.0,0.0,16725.0,0.0,0.0,0.0,0.0,2908.7,16725.0,100.0,0.0,0.0,101538000.0,101538000.0,72670747.0,0.0,0.0,,0.0,0.0,0.0
2021-10-04,16725.0,0.0,0.0,0.0,0.0,16725.0,0.0,0.0,0.0,0.0,2908.7,16725.0,300.0,0.0,0.0,101538000.0,101538000.0,72670747.0,0.0,0.0,,0.0,0.0,0.0
2021-10-05,16725.0,0.0,0.0,0.0,0.0,16725.0,0.0,0.0,0.0,0.0,2908.7,16725.0,300.0,0.0,0.0,101538000.0,101538000.0,72670747.0,0.0,0.0,,0.0,0.0,0.0
2021-10-06,16725.0,0.0,0.0,0.0,0.0,16725.0,0.0,0.0,0.0,0.0,2908.7,16725.0,300.0,0.0,0.0,101538000.0,101538000.0,72670747.0,0.0,0.0,,0.0,0.0,0.0
2021-10-07,16725.0,0.0,0.0,0.0,0.0,16725.0,0.0,0.0,0.0,0.0,2908.7,16725.0,400.0,0.0,0.0,101538000.0,101538000.0,72670747.0,0.0,0.0,,0.0,0.0,0.0
2021-10-08,16725.0,0.0,0.0,0.0,0.0,16725.0,0.0,0.0,0.0,0.0,2908.7,16725.0,800.0,0.0,0.0,101538000.0,101538000.0,72670747.0,0.0,0.0,,0.0,0.0,0.0
2021-10-11,16725.0,0.0,0.0,0.0,0.0,16725.0,0.0,0.0,0.0,0.0,2908.7,16725.0,400.0,0.0,0.0,101538000.0,101538000.0,72670747.0,0.0,0.0,,0.0,0.0,0.0
2021-10-12,16725.0,0.0,0.0,0.0,0.0,16725.0,0.0,0.0,0.0,0.0,2908.7,16725.0,700.0,0.0,0.0,101538000.0,101538000.0,72670747.0,0.0,0.0,,0.0,0.0,0.0
2021-10-13,16725.0,0.0,0.0,0.0,0.0,16725.0,0.0,0.0,0.0,0.0,2908.7,16725.0,400.0,0.0,0.0,101538000.0,101538000.0,72670747.0,0.0,0.0,,0.0,0.0,0.0
2021-10-14,16725.0,0.0,0.0,0.0,0.0,16725.0,0.0,0.0,0.0,0.0,2908.7,16725.0,400.0,0.0,0.0,101538000.0,101538000.0,72670747.0,0.0,0.0,,0.0,0.0,0.0
2021-10-15,16725.0,0.0,0.0,0.0,0.0,16725.0,0.0,0.0,0.0,0.0,2908.7,16725.0,400.0,0.0,0.0,101538000.0,101538000.0,72670747.0,0.0,0.0,,0.0,0.0,0.0
2021-10-18,16725.0,0.0,0.0,0.0,0.0,16725.0,0.0,0.0,0.0,0.0,2908.7,16725.0,400.0,0.0,0.0,101538000.0,101538000.0,72670747.0,0.0,0.0,,0.0,0.0,0.0
2021-10-19,16725.0,0.0,0.0,0.0,0.0,16725.0,0.0,0.0,0.0,0.0,2908.7,16725.0,400.0,0.0,0.0,101538000.0,101538000.0,72670747.0,0.0,0.0,,0.0,0.0,0.0
2021-10-21,16725.0,0.0,0.0,0.0,0.0,16725.0,0.0,0.0,0.0,0.0,2908.7,16725.0,500.0,0.0,0.0,101538000.0,101538000.0,72670747.0,0.0,0.0,,0.0,0.0,0.0
2021-10-22,16725.0,0.0,0.0,0.0,0.0,16725.0,0.0,0.0,0.0,0.0,2908.7,16725.0,300.0,0.0,0.0,101538000.0,101538000.0,72670747.0,0.0,0.0,,0.0,0.0,0.0
2021-10-25,16725.0,0.0,0.0,0.0,0.0,16725.0,0.0,0.0,0.0,0.0,2908.7,16725.0,400.0,0.0,0.0,101538000.0,101538000.0,72670747.0,0.0,0.0,,0.0,0.0,0.0
2021-10-26,16725.0,0.0,0.0,0.0,0.0,16725.0,0.0,0.0,0.0,0.0,2908.7,16725.0,400.0,0.0,0.0,101538000.0,101538000.0,72670747.0,0.0,0.0,,0.0,0.0,0.0
2021-10-27,16725.0,0.0,0.0,0.0,0.0,16725.0,0.0,0.0,0.0,0.0,2908.7,16725.0,600.0,0.0,0.0,101538000.0,101538000.0,72670747.0,0.0,0.0,,0.0,0.0,0.0
2021-10-28,16725.0,0.0,0.0,0.0,0.0,16725.0,0.0,0.0,0.0,0.0,2908.7,16725.0,300.0,0.0,0.0,101538000.0,101538000.0,72670747.0,0.0,0.0,,0.0,0.0,0.0
2021-10-29,16725.0,0.0,0.0,0.0,0.0,16725.0,0.0,0.0,0.0,0.0,2908.7,16725.0,400.0,0.0,0.0,101538000.0,101538000.0,72670747.0,0.0,0.0,,0.0,0.0,0.0
2021-11-01,16725.0,0.0,0.0,0.0,0.0,16725.0,0.0,0.0,0.0,0.0,2908.7,16725.0,300.0,0.0,0.0,101538000.0,101538000.0,72670747.0,0.0,0.0,,0.0,0.0,0.0
2021-11-02,16725.0,0.0,0.0,0.0,0.0,16725.0,0.0,0.0,0.0,0.0,2908.7,16725.0,400.0,0.0,0.0,101538000.0,101538000.0,72670747.0,0.0,0.0,,0.0,0.0,0.0
2021-11-03,16725.0,0.0,0.0,0.0,0.0,16725.0,0.0,0.0,0.0,0.0,2908.7,16725.0,700.0,0.0,0.0,101538000.0,101538000.0,72670747.0,0.0,0.0,,0.0,0.0,0.0
2021-11-04,16725.0,0.0,0.0,0.0,0.0,16725.0,0.0,0.0,0.0,0.0,2908.7,16725.0,400.0,0.0,0.0,101538000.0,101538000.0,72670747.0,0.0,0.0,,0.0,0.0,0.0
2021-11-05,16725.0,0.0,0.0,0.0,0.0,16725.0,0.0,0.0,0.0,0.0,2908.7,16725.0,300.0,0.0,0.0,101538000.0,101538000.0,72670747.0,0.0,0.0,,0.0,0.0,0.0
2021-11-08,16725.0,0.0,0.0,0.0,0.0,16725.0,0.0,0.0,0.0,0.0,2908.7,16725.0,400.0,0.0,0.0,101538000.0,101538000.0,72670747.0,0.0,0.0,,0.0,0.0,0.0
2021-11-09,16725.0,0.0,0.0,0.0,0.0,16725.0,0.0,0.0,0.0,0.0,2908.7,16725.0,400.0,0.0,0.0,101538000.0,101538000.0,72670747.0,0.0,0.0,,0.0,0.0,0.0
2021-11-10,16725.0,0.0,0.0,0.0,0.0,16725.0,0.0,0.0,0.0,0.0,2908.7,16725.0,400.0,0.0,0.0,101538000.0,101538000.0,72670747.0,0.0,0.0,,0.0,0.0,0.0
2021-11-11,16725.0,0.0,0.0,0.0,0.0,16725.0,0.0,0.0,0.0,0.0,2908.7,16725.0,300.0,0.0,0.0,101538000.0,101538000.0,72670747.0,0.0,0.0,,0.0,0.0,0.0
2021-11-12,16725.0,0.0,0.0,0.0,0.0,16725.0,0.0,0.0,0.0,0.0,2908.7,16725.0,400.0,0.0,0.0,101538000.0,101538000.0,72670747.0,0.0,0.0,,0.0,0.0,0.0
2021-11-15,16725.0,0.0,0.0,0.0,0.0,16725.0,0.0,0.0,0.0,0.0,2908.7,16725.0,700.0,0.0,0.0,101538000.0,101538000.0,72670747.0,0.0,0.0,,0.0,0.0,0.0
2021-11-16,16725.0,0.0,0.0,16725.0,16725.0,16725.0,0.0,200.0,3345000.0,2.0,2908.7,16725.0,300.0,0.0,0.0,101538000.0,101538000.0,72670747.0,0.0,0.0,,0.0,0.0,0.0
2021-11-17,16725.0,0.0,0.0,0.0,0.0,16725.0,0.0,0.0,0.0,0.0,2908.7,16725.0,200.0,0.0,0.0,101538000.0,101538000.0,72670747.0,0.0,0.0,,0.0,0.0,0.0
2021-11-18,16725.0,0.0,0.0,0.0,0.0,16725.0,0.0,0.0,0.0,0.0,2908.7,16725.0,500.0,0.0,0.0,101538000.0,101538000.0,72670747.0,0.0,0.0,,0.0,0.0,0.0
2021-11-19,16725.0,0.0,0.0,16725.0,16725.0,16725.0,0.0,100.0,1672500.0,1.0,2908.7,16725.0,300.0,0.0,0.0,101538000.0,101538000.0,72670747.0,0.0,0.0,,0.0,0.0,0.0
2021-11-22,16725.0,0.0,0.0,0.0,0.0,16725.0,0.0,0.0,0.0,0.0,2908.7,16725.0,300.0,0.0,0.0,101538000.0,101538000.0,72670747.0,0.0,0.0,,0.0,0.0,0.0
2021-11-23,16725.0,0.0,0.0,0.0,0.0,16725.0,0.0,0.0,0.0,0.0,2908.7,16750.0,200.0,0.0,0.0,101538000.0,101538000.0,72670747.0,0.0,0.0,,0.0,0.0,0.0
2021-11-24,16725.0,0.0,0.0,0.0,0.0,16725.0,0.0,0.0,0.0,0.0,2908.7,16750.0,100.0,0.0,0.0,101538000.0,101538000.0,72670747.0,0.0,0.0,,0.0,0.0,0.0
2021-11-25,16725.0,0.0,0.0,0.0,0.0,16725.0,0.0,0.0,0.0,0.0,2908.7,16750.0,300.0,0.0,0.0,101538000.0,101538000.0,72670747.0,0.0,0.0,,0.0,0.0,0.0
2021-11-26,16725.0,0.0,0.0,0.0,0.0,16725.0,0.0,0.0,0.0,0.0,2908.7,16725.0,100.0,0.0,0.0,101538000.0,101538000.0,72670747.0,0.0,0.0,,0.0,0.0,0.0
2021-11-29,16725.0,0.0,0.0,0.0,0.0,16725.0,0.0,0.0,0.0,0.0,2908.7,16725.0,400.0,0.0,0.0,101538000.0,101538000.0,72670747.0,0.0,0.0,,0.0,0.0,0.0
2021-11-30,16725.0,0.0,0.0,0.0,0.0,16725.0,0.0,0.0,0.0,0.0,2908.7,16725.0,400.0,0.0,0.0,101538000.0,101538000.0,72670747.0,0.0,0.0,,0.0,0.0,0.0
2021-12-01,16725.0,0.0,0.0,0.0,0.0,16725.0,0.0,0.0,0.0,0.0,2908.7,16725.0,100.0,0.0,0.0,101538000.0,101538000.0,72670747.0,0.0,0.0,,0.0,0.0,0.0
2021-12-02,16725.0,0.0,0.0,0.0,0.0,16725.0,0.0,0.0,0.0,0.0,2908.7,16725.0,100.0,0.0,0.0,101538000.0,101538000.0,72670747.0,0.0,0.0,,0.0,0.0,0.0
2021-12-03,16725.0,0.0,0.0,0.0,0.0,16725.0,0.0,0.0,0.0,0.0,2908.7,16725.0,500.0,0.0,0.0,101538000.0,101538000.0,72670747.0,0.0,0.0,,0.0,0.0,0.0
2021-12-06,16725.0,0.0,0.0,0.0,0.0,16725.0,0.0,0.0,0.0,0.0,2908.7,16725.0,300.0,0.0,0.0,101538000.0,101538000.0,72670747.0,0.0,0.0,,0.0,0.0,0.0
2021-12-07,16725.0,0.0,0.0,0.0,0.0,16725.0,0.0,0.0,0.0,0.0,2908.7,16725.0,100.0,0.0,0.0,101538000.0,101538000.0,72670747.0,0.0,0.0,,0.0,0.0,0.0
2021-12-08,16725.0,0.0,0.0,0.0,0.0,16725.0,0.0,0.0,0.0,0.0,2908.7,16725.0,100.0,0.0,0.0,101538000.0,101538000.0,72670747.0,0.0,0.0,,0.0,0.0,0.0
2021-12-09,16725.0,0.0,0.0,0.0,0.0,16725.0,0.0,0.0,0.0,0.0,2908.7,16725.0,500.0,0.0,0.0,101538000.0,101538000.0,72670747.0,0.0,0.0,,0.0,0.0,0.0
2021-12-10,16725.0,0.0,0.0,0.0,0.0,16725.0,0.0,0.0,0.0,0.0,2908.7,16725.0,100.0,0.0,0.0,101538000.0,101538000.0,72670747.0,0.0,0.0,,0.0,0.0,0.0
2021-12-13,16725.0,0.0,0.0,0.0,0.0,16725.0,0.0,0.0,0.0,0.0,2908.7,16725.0,200.0,0.0,0.0,101538000.0,101538000.0,72670747.0,0.0,0.0,,0.0,0.0,0.0
2021-12-14,16725.0,0.0,0.0,0.0,0.0,16725.0,0.0,0.0,0.0,0.0,2908.7,16725.0,200.0,0.0,0.0,101538000.0,101538000.0,72670747.0,0.0,0.0,,0.0,0.0,0.0
2021-12-15,16725.0,0.0,0.0,0.0,0.0,16725.0,0.0,0.0,0.0,0.0,2908.7,16725.0,200.0,0.0,0.0,101538000.0,101538000.0,72670747.0,0.0,0.0,,0.0,0.0,0.0
2021-12-16,16725.0,0.0,0.0,0.0,0.0,16725.0,0.0,0.0,0.0,0.0,2908.7,16725.0,500.0,0.0,0.0,101538000.0,101538000.0,72670747.0,0.0,0.0,,0.0,0.0,0.0
2021-12-17,16725.0,0.0,0.0,0.0,0.0,16725.0,0.0,0.0,0.0,0.0,2908.7,16725.0,100.0,0.0,0.0,101538000.0,101538000.0,72670747.0,0.0,0.0,,0.0,0.0,0.0
2021-12-20,16725.0,0.0,0.0,0.0,0.0,16725.0,0.0,0.0,0.0,0.0,2908.7,16725.0,100.0,0.0,0.0,101538000.0,101538000.0,72670747.0,0.0,0.0,,0.0,0.0,0.0
2021-12-21,16725.0,0.0,0.0,0.0,0.0,16725.0,0.0,0.0,0.0,0.0,2908.7,16725.0,200.0,0.0,0.0,101538000.0,101538000.0,72670747.0,0.0,0.0,,0.0,0.0,0.0
2021-12-22,16725.0,0.0,0.0,0.0,0.0,16725.0,0.0,0.0,0.0,0.0,2908.7,16725.0,100.0,0.0,0.0,101538000.0,101538000.0,72670747.0,0.0,0.0,,0.0,0.0,0.0
2021-12-23,16725.0,0.0,0.0,0.0,0.0,16725.0,0.0,0.0,0.0,0.0,2908.7,16725.0,200.0,0.0,0.0,101538000.0,101538000.0,72670747.0,0.0,0.0,,0.0,0.0,0.0
2021-12-24,16725.0,0.0,0.0,0.0,0.0,16725.0,0.0,0.0,0.0,0.0,2908.7,16725.0,100.0,0.0,0.0,101538000.0,101538000.0,72670747.0,0.0,0.0,,0.0,0.0,0.0
2021-12-27,16725.0,0.0,0.0,0.0,0.0,16725.0,0.0,0.0,0.0,0.0,2908.7,16700.0,100.0,0.0,0.0,101538000.0,101538000.0,72670747.0,0.0,0.0,,0.0,0.0,0.0
2021-12-28,16725.0,0.0,0.0,0.0,0.0,16725.0,0.0,0.0,0.0,0.0,2908.7,16725.0,200.0,0.0,0.0,101538000.0,101538000.0,72670747.0,0.0,0.0,,0.0,0.0,0.0
2021-12-29,16725.0,0.0,0.0,0.0,0.0,16725.0,0.0,0.0,0.0,0.0,2908.7,16725.0,100.0,0.0,0.0,101538000.0,101538000.0,72670747.0,0.0,0.0,,0.0,0.0,0.0
2021-12-30,16725.0,0.0,0.0,0.0,0.0,16725.0,0.0,0.0,0.0,0.0,2908.7,16725.0,100.0,0.0,0.0,101538000.0,101538000.0,72670747.0,0.0,0.0,,0.0,0.0,0.0
2022-01-03,16725.0,0.0,0.0,0.0,0.0,16725.0,0.0,0.0,0.0,0.0,2908.7,16725.0,100.0,0.0,0.0,101538000.0,101538000.0,43803493.0,0.0,0.0,,0.0,0.0,0.0
2022-01-04,16725.0,0.0,0.0,0.0,0.0,16725.0,0.0,0.0,0.0,0.0,2908.7,16725.0,100.0,0.0,0.0,101538000.0,101538000.0,43803493.0,0.0,0.0,,50000.0,836250000.0,1.0
2022-01-05,16725.0,0.0,0.0,0.0,0.0,16725.0,0.0,0.0,0.0,0.0,2908.7,16725.0,200.0,0.0,0.0,101538000.0,101538000.0,43803493.0,0.0,0.0,,0.0,0.0,0.0
2022-01-06,16725.0,0.0,0.0,0.0,0.0,16725.0,0.0,0.0,0.0,0.0,2908.7,16725.0,200.0,0.0,0.0,101538000.0,101538000.0,43803493.0,0.0,0.0,,0.0,0.0,0.0
2022-01-07,16725.0,0.0,0.0,0.0,0.0,16725.0,0.0,0.0,0.0,0.0,2908.7,16725.0,100.0,0.0,0.0,101538000.0,101538000.0,43803493.0,0.0,0.0,,0.0,0.0,0.0
2022-01-10,16725.0,0.0,0.0,0.0,0.0,16725.0,0.0,0.0,0.0,0.0,2908.7,16725.0,100.0,0.0,0.0,101538000.0,101538000.0,43803493.0,0.0,0.0,,0.0,0.0,0.0
2022-01-11,16725.0,0.0,0.0,16725.0,16725.0,16725.0,0.0,100.0,1672500.0,1.0,2908.7,16750.0,100.0,0.0,0.0,101538000.0,101538000.0,43803493.0,0.0,0.0,,0.0,0.0,0.0
2022-01-12,16725.0,0.0,0.0,0.0,0.0,16725.0,0.0,0.0,0.0,0.0,2908.7,16700.0,200.0,0.0,0.0,101538000.0,101538000.0,43803493.0,0.0,0.0,,0.0,0.0,0.0
2022-01-13,16725.0,0.0,0.0,0.0,0.0,16725.0,0.0,0.0,0.0,0.0,2908.7,16725.0,100.0,0.0,0.0,101538000.0,101538000.0,43803493.0,0.0,0.0,,0.0,0.0,0.0
2022-01-14,16725.0,0.0,0.0,0.0,0.0,16725.0,0.0,0.0,0.0,0.0,2908.7,16725.0,600.0,0.0,0.0,101538000.0,101538000.0,43803493.0,0.0,0.0,,0.0,0.0,0.0
2022-01-17,16725.0,0.0,0.0,0.0,0.0,16725.0,0.0,0.0,0.0,0.0,2908.7,16700.0,500.0,0.0,0.0,101538000.0,101538000.0,43803493.0,0.0,0.0,,0.0,0.0,0.0
2022-01-18,16725.0,0.0,0.0,0.0,0.0,16725.0,0.0,0.0,0.0,0.0,2908.7,16225.0,200.0,0.0,0.0,101538000.0,101538000.0,43803493.0,0.0,0.0,,0.0,0.0,0.0
2022-01-19,16725.0,0.0,0.0,0.0,0.0,16725.0,0.0,0.0,0.0,0.0,2908.7,16725.0,100.0,0.0,0.0,101538000.0,101538000.0,43803493.0,0.0,0.0,,0.0,0.0,0.0
2022-01-20,16725.0,0.0,0.0,0.0,0.0,16725.0,0.0,0.0,0.0,0.0,2908.7,15575.0,100.0,0.0,0.0,101538000.0,101538000.0,43803493.0,0.0,0.0,,0.0,0.0,0.0
2022-01-21,16725.0,0.0,0.0,0.0,0.0,16725.0,0.0,0.0,0.0,0.0,2908.7,15575.0,100.0,0.0,0.0,101538000.0,101538000.0,43803493.0,0.0,0.0,,0.0,0.0,0.0
2022-01-24,16725.0,0.0,0.0,0.0,0.0,16725.0,0.0,0.0,0.0,0.0,2908.7,15575.0,100.0,0.0,0.0,101538000.0,101538000.0,43803493.0,0.0,0.0,,0.0,0.0,0.0
2022-01-25,16725.0,0.0,0.0,0.0,0.0,16725.0,0.0,0.0,0.0,0.0,2908.7,15575.0,100.0,0.0,0.0,101538000.0,101538000.0,43803493.0,0.0,0.0,,0.0,0.0,0.0
2022-01-26,16725.0,0.0,0.0,0.0,0.0,16725.0,0.0,0.0,0.0,0.0,2908.7,16725.0,200.0,0.0,0.0,101538000.0,101538000.0,43803493.0,0.0,0.0,,0.0,0.0,0.0
2022-01-27,16725.0,0.0,0.0,0.0,0.0,16725.0,0.0,0.0,0.0,0.0,2908.7,15575.0,100.0,0.0,0.0,101538000.0,101538000.0,43803493.0,0.0,0.0,,0.0,0.0,0.0
2022-01-28,16725.0,0.0,0.0,0.0,0.0,16725.0,0.0,0.0,0.0,0.0,2908.7,15575.0,100.0,0.0,0.0,101538000.0,101538000.0,43803493.0,0.0,0.0,,0.0,0.0,0.0
2022-01-31,16725.0,0.0,0.0,0.0,0.0,16725.0,0.0,0.0,0.0,0.0,2908.7,15575.0,100.0,0.0,0.0,101538000.0,101538000.0,43803493.0,0.0,0.0,,0.0,0.0,0.0
2022-02-02,16725.0,0.0,0.0,0.0,0.0,16725.0,0.0,0.0,0.0,0.0,2908.7,15575.0,100.0,0.0,0.0,101538000.0,101538000.0,43803493.0,0.0,0.0,,0.0,0.0,0.0
2022-02-03,16725.0,0.0,0.0,0.0,0.0,16725.0,0.0,0.0,0.0,0.0,2908.7,15575.0,100.0,0.0,0.0,101538000.0,101538000.0,43803493.0,0.0,0.0,,0.0,0.0,0.0
2022-02-04,16725.0,0.0,0.0,0.0,0.0,16725.0,0.0,0.0,0.0,0.0,2908.7,16675.0,200.0,0.0,0.0,101538000.0,101538000.0,43803493.0,0.0,0.0,,0.0,0.0,0.0
2022-02-07,16725.0,0.0,0.0,0.0,0.0,16725.0,0.0,0.0,0.0,0.0,2908.7,15575.0,100.0,0.0,0.0,101538000.0,101538000.0,43803493.0,0.0,0.0,,0.0,0.0,0.0
2022-02-08,16725.0,0.0,0.0,0.0,0.0,16725.0,0.0,0.0,0.0,0.0,2908.7,15575.0,100.0,0.0,0.0,101538000.0,101538000.0,43803493.0,0.0,0.0,,0.0,0.0,0.0
2022-02-09,16725.0,0.0,0.0,0.0,0.0,16725.0,0.0,0.0,0.0,0.0,2908.7,15575.0,100.0,0.0,0.0,101538000.0,101538000.0,43803493.0,0.0,0.0,,0.0,0.0,0.0
2022-02-10,16725.0,0.0,0.0,0.0,0.0,16725.0,0.0,0.0,0.0,0.0,2908.7,15575.0,100.0,0.0,0.0,101538000.0,101538000.0,43803493.0,0.0,0.0,,0.0,0.0,0.0
2022-02-11,16725.0,0.0,0.0,0.0,0.0,16725.0,0.0,0.0,0.0,0.0,2908.7,16725.0,100.0,0.0,0.0,101538000.0,101538000.0,43803493.0,0.0,0.0,,0.0,0.0,0.0
2022-02-14,16725.0,0.0,0.0,15600.0,15575.0,15600.0,-1125.0,600.0,9357500.0,3.0,2713.0,16675.0,100.0,0.0,0.0,101538000.0,101538000.0,43803493.0,0.0,0.0,,0.0,0.0,0.0
2022-02-15,15600.0,0.0,0.0,0.0,0.0,15600.0,0.0,0.0,0.0,0.0,2713.0,16675.0,400.0,0.0,0.0,101538000.0,101538000.0,43803493.0,0.0,0.0,,0.0,0.0,0.0
2022-02-16,15600.0,0.0,0.0,0.0,0.0,15600.0,0.0,0.0,0.0,0.0,2713.0,15600.0,200.0,0.0,0.0,101538000.0,101538000.0,43803493.0,0.0,0.0,,0.0,0.0,0.0
2022-02-17,15600.0,0.0,0.0,0.0,0.0,15600.0,0.0,0.0,0.0,0.0,2713.0,15600.0,100.0,0.0,0.0,101538000.0,101538000.0,43803493.0,0.0,0.0,,0.0,0.0,0.0
2022-02-18,15600.0,0.0,0.0,0.0,0.0,15600.0,0.0,0.0,0.0,0.0,2713.0,16725.0,100.0,14525.0,100.0,101538000.0,101538000.0,43803493.0,0.0,0.0,,0.0,0.0,0.0
2022-02-21,15600.0,0.0,0.0,0.0,0.0,15600.0,0.0,0.0,0.0,0.0,2713.0,15600.0,100.0,0.0,0.0,101538000.0,101538000.0,43803493.0,0.0,0.0,,0.0,0.0,0.0
2022-02-22,15600.0,0.0,0.0,0.0,0.0,15600.0,0.0,0.0,0.0,0.0,2713.0,15500.0,100.0,0.0,0.0,101538000.0,101538000.0,43803493.0,0.0,0.0,,0.0,0.0,0.0
2022-02-23,15600.0,0.0,0.0,0.0,0.0,15600.0,0.0,0.0,0.0,0.0,2713.0,15600.0,100.0,0.0,0.0,101538000.0,101538000.0,43803493.0,0.0,0.0,,0.0,0.0,0.0
2022-02-24,15600.0,0.0,0.0,0.0,0.0,15600.0,0.0,0.0,0.0,0.0,2713.0,15600.0,100.0,0.0,0.0,101538000.0,101538000.0,43803493.0,0.0,0.0,,0.0,0.0,0.0
2022-02-25,15600.0,0.0,0.0,0.0,0.0,15600.0,0.0,0.0,0.0,0.0,2713.0,15600.0,100.0,0.0,0.0,101538000.0,101538000.0,43803493.0,0.0,0.0,,0.0,0.0,0.0
2022-03-01,15600.0,0.0,0.0,0.0,0.0,15600.0,0.0,0.0,0.0,0.0,2713.0,15600.0,200.0,0.0,0.0,101538000.0,101538000.0,43803493.0,0.0,0.0,,0.0,0.0,0.0
2022-03-02,15600.0,0.0,0.0,0.0,0.0,15600.0,0.0,0.0,0.0,0.0,2713.0,16700.0,100.0,0.0,0.0,101538000.0,101538000.0,43803493.0,0.0,0.0,,0.0,0.0,0.0
2022-03-04,15600.0,0.0,0.0,0.0,0.0,15600.0,0.0,0.0,0.0,0.0,2713.0,15500.0,100.0,0.0,0.0,101538000.0,101538000.0,43803493.0,0.0,0.0,,0.0,0.0,0.0
2022-03-07,15600.0,0.0,0.0,0.0,0.0,15600.0,0.0,0.0,0.0,0.0,2713.0,15600.0,100.0,0.0,0.0,101538000.0,101538000.0,43803493.0,0.0,0.0,,0.0,0.0,0.0
2022-03-08,15600.0,0.0,0.0,0.0,0.0,15600.0,0.0,0.0,0.0,0.0,2713.0,15600.0,100.0,0.0,0.0,101538000.0,101538000.0,43803493.0,0.0,0.0,,0.0,0.0,0.0
2022-03-09,15600.0,0.0,0.0,0.0,0.0,15600.0,0.0,0.0,0.0,0.0,2713.0,15600.0,100.0,0.0,0.0,101538000.0,101538000.0,43803493.0,0.0,0.0,,0.0,0.0,0.0
2022-03-10,15600.0,0.0,0.0,0.0,0.0,15600.0,0.0,0.0,0.0,0.0,2713.0,15500.0,100.0,0.0,0.0,101538000.0,101538000.0,43803493.0,0.0,0.0,,0.0,0.0,0.0
2022-03-11,15600.0,0.0,0.0,0.0,0.0,15600.0,0.0,0.0,0.0,0.0,2713.0,15600.0,100.0,0.0,0.0,101538000.0,101538000.0,43803493.0,0.0,0.0,,0.0,0.0,0.0
2022-03-14,15600.0,0.0,0.0,0.0,0.0,15600.0,0.0,0.0,0.0,0.0,2713.0,14525.0,100.0,0.0,0.0,101538000.0,101538000.0,43803493.0,0.0,0.0,,0.0,0.0,0.0
2022-03-15,15600.0,0.0,0.0,0.0,0.0,15600.0,0.0,0.0,0.0,0.0,2713.0,15500.0,100.0,0.0,0.0,101538000.0,101538000.0,43803493.0,0.0,0.0,,0.0,0.0,0.0
2022-03-16,15600.0,0.0,0.0,0.0,0.0,15600.0,0.0,0.0,0.0,0.0,2713.0,15575.0,200.0,0.0,0.0,101538000.0,101538000.0,43803493.0,0.0,0.0,,0.0,0.0,0.0
2022-03-17,15600.0,0.0,0.0,0.0,0.0,15600.0,0.0,0.0,0.0,0.0,2713.0,15600.0,100.0,0.0,0.0,101538000.0,101538000.0,43803493.0,0.0,0.0,,0.0,0.0,0.0
2022-03-18,15600.0,0.0,0.0,0.0,0.0,15600.0,0.0,0.0,0.0,0.0,2713.0,16725.0,100.0,0.0,0.0,101538000.0,101538000.0,43803493.0,0.0,0.0,,0.0,0.0,0.0
2022-03-21,15600.0,0.0,0.0,0.0,0.0,15600.0,0.0,0.0,0.0,0.0,2713.0,15600.0,100.0,0.0,0.0,101538000.0,101538000.0,43803493.0,0.0,0.0,,0.0,0.0,0.0
2022-03-22,15600.0,0.0,0.0,0.0,0.0,15600.0,0.0,0.0,0.0,0.0,2713.0,15600.0,100.0,0.0,0.0,101538000.0,101538000.0,43803493.0,0.0,0.0,,0.0,0.0,0.0
2022-03-23,15600.0,0.0,0.0,0.0,0.0,15600.0,0.0,0.0,0.0,0.0,2713.0,16725.0,100.0,0.0,0.0,101538000.0,101538000.0,43803493.0,0.0,0.0,,0.0,0.0,0.0
2022-03-24,15600.0,0.0,0.0,0.0,0.0,15600.0,0.0,0.0,0.0,0.0,2713.0,15600.0,300.0,0.0,0.0,101538000.0,101538000.0,43803493.0,0.0,0.0,,0.0,0.0,0.0
2022-03-25,15600.0,0.0,0.0,0.0,0.0,15600.0,0.0,0.0,0.0,0.0,2713.0,15600.0,200.0,0.0,0.0,101538000.0,101538000.0,43803493.0,0.0,0.0,,0.0,0.0,0.0
2022-03-28,15600.0,0.0,0.0,0.0,0.0,15600.0,0.0,0.0,0.0,0.0,2713.0,15600.0,100.0,0.0,0.0,101538000.0,101538000.0,43803493.0,0.0,0.0,,0.0,0.0,0.0
2022-03-29,15600.0,0.0,0.0,0.0,0.0,15600.0,0.0,0.0,0.0,0.0,2713.0,15600.0,100.0,0.0,0.0,101538000.0,101538000.0,43803493.0,0.0,0.0,,0.0,0.0,0.0
2022-03-30,15600.0,0.0,0.0,0.0,0.0,15600.0,0.0,0.0,0.0,0.0,2713.0,15350.0,100.0,0.0,0.0,101538000.0,101538000.0,43803493.0,0.0,0.0,,0.0,0.0,0.0
2022-03-31,15600.0,0.0,0.0,0.0,0.0,15600.0,0.0,0.0,0.0,0.0,2713.0,15350.0,100.0,0.0,0.0,101538000.0,101538000.0,43803493.0,0.0,0.0,,0.0,0.0,0.0
2022-04-01,15600.0,0.0,0.0,0.0,0.0,15600.0,0.0,0.0,0.0,0.0,2713.0,16725.0,100.0,0.0,0.0,101538000.0,101538000.0,5310437.0,0.0,0.0,,0.0,0.0,0.0
2022-04-04,15600.0,0.0,0.0,0.0,0.0,15600.0,0.0,0.0,0.0,0.0,2713.0,15575.0,200.0,0.0,0.0,101538000.0,101538000.0,5310437.0,0.0,0.0,,0.0,0.0,0.0
2022-04-05,15600.0,0.0,0.0,0.0,0.0,15600.0,0.0,0.0,0.0,0.0,2713.0,15600.0,200.0,0.0,0.0,101538000.0,101538000.0,5310437.0,0.0,0.0,,0.0,0.0,0.0
2022-04-06,15600.0,0.0,0.0,0.0,0.0,15600.0,0.0,0.0,0.0,0.0,2713.0,15350.0,500.0,0.0,0.0,101538000.0,101538000.0,5310437.0,0.0,0.0,,0.0,0.0,0.0
2022-04-07,15600.0,0.0,0.0,0.0,0.0,15600.0,0.0,0.0,0.0,0.0,2713.0,15350.0,100.0,0.0,0.0,101538000.0,101538000.0,5310437.0,0.0,0.0,,0.0,0.0,0.0
2022-04-08,15600.0,0.0,0.0,0.0,0.0,15600.0,0.0,0.0,0.0,0.0,2713.0,15350.0,100.0,0.0,0.0,101538000.0,101538000.0,5310437.0,0.0,0.0,,0.0,0.0,0.0
2022-04-11,15600.0,0.0,0.0,0.0,0.0,15600.0,0.0,0.0,0.0,0.0,2713.0,15350.0,100.0,0.0,0.0,101538000.0,101538000.0,5310437.0,0.0,0.0,,0.0,0.0,0.0
2022-04-12,15600.0,0.0,0.0,0.0,0.0,15600.0,0.0,0.0,0.0,0.0,2713.0,15350.0,100.0,0.0,0.0,101538000.0,101538000.0,5310437.0,0.0,0.0,,0.0,0.0,0.0
2022-04-13,15600.0,0.0,0.0,0.0,0.0,15600.0,0.0,0.0,0.0,0.0,2713.0,15350.0,100.0,0.0,0.0,101538000.0,101538000.0,5310437.0,0.0,0.0,,0.0,0.0,0.0
2022-04-14,15600.0,0.0,0.0,0.0,0.0,15600.0,0.0,0.0,0.0,0.0,2713.0,15600.0,100.0,0.0,0.0,101538000.0,101538000.0,5310437.0,0.0,0.0,,0.0,0.0,0.0
2022-04-18,15600.0,0.0,0.0,0.0,0.0,15600.0,0.0,0.0,0.0,0.0,2713.0,15600.0,100.0,0.0,0.0,101538000.0,101538000.0,5310437.0,0.0,0.0,,0.0,0.0,0.0
2022-04-19,15600.0,0.0,0.0,0.0,0.0,15600.0,0.0,0.0,0.0,0.0,2713.0,15350.0,100.0,0.0,0.0,101538000.0,101538000.0,5310437.0,0.0,0.0,,0.0,0.0,0.0
2022-04-20,15600.0,0.0,0.0,0.0,0.0,15600.0,0.0,0.0,0.0,0.0,2713.0,15350.0,100.0,0.0,0.0,101538000.0,101538000.0,5310437.0,0.0,0.0,,0.0,0.0,0.0
2022-04-21,15600.0,0.0,0.0,0.0,0.0,15600.0,0.0,0.0,0.0,0.0,2713.0,15350.0,100.0,0.0,0.0,101538000.0,101538000.0,5310437.0,0.0,0.0,,0.0,0.0,0.0
2022-04-22,15600.0,0.0,0.0,0.0,0.0,15600.0,0.0,0.0,0.0,0.0,2713.0,16725.0,100.0,15350.0,100.0,101538000.0,101538000.0,5310437.0,0.0,0.0,,0.0,0.0,0.0
2022-04-25,15600.0,0.0,0.0,0.0,0.0,15600.0,0.0,0.0,0.0,0.0,2713.0,15350.0,100.0,0.0,0.0,101538000.0,101538000.0,5310437.0,0.0,0.0,,0.0,0.0,0.0
2022-04-26,15600.0,0.0,0.0,0.0,0.0,15600.0,0.0,0.0,0.0,0.0,2713.0,15350.0,300.0,0.0,0.0,101538000.0,101538000.0,5310437.0,0.0,0.0,,0.0,0.0,0.0
2022-04-27,15600.0,0.0,0.0,0.0,0.0,15600.0,0.0,0.0,0.0,0.0,2713.0,16725.0,300.0,0.0,0.0,101538000.0,101538000.0,5310437.0,0.0,0.0,,0.0,0.0,0.0
2022-04-28,15600.0,0.0,0.0,0.0,0.0,15600.0,0.0,0.0,0.0,0.0,2713.0,15350.0,100.0,0.0,0.0,101538000.0,101538000.0,5310437.0,0.0,0.0,,0.0,0.0,0.0
2022-05-09,15600.0,0.0,0.0,0.0,0.0,15600.0,0.0,0.0,0.0,0.0,2713.0,15350.0,100.0,0.0,0.0,101538000.0,101538000.0,5310437.0,0.0,0.0,,0.0,0.0,0.0
2022-05-10,15600.0,0.0,0.0,0.0,0.0,15600.0,0.0,0.0,0.0,0.0,2713.0,15350.0,300.0,0.0,0.0,101538000.0,101538000.0,5310437.0,0.0,0.0,,0.0,0.0,0.0
2022-05-11,15600.0,0.0,0.0,0.0,0.0,15600.0,0.0,0.0,0.0,0.0,2713.0,14525.0,200.0,0.0,0.0,101538000.0,101538000.0,5310437.0,0.0,0.0,,0.0,0.0,0.0
2022-05-12,15600.0,0.0,0.0,0.0,0.0,15600.0,0.0,0.0,0.0,0.0,2713.0,15350.0,200.0,0.0,0.0,101538000.0,101538000.0,5310437.0,0.0,0.0,,0.0,0.0,0.0
2022-05-13,15600.0,0.0,0.0,0.0,0.0,15600.0,0.0,0.0,0.0,0.0,2713.0,15350.0,100.0,0.0,0.0,101538000.0,101538000.0,5310437.0,0.0,0.0,,0.0,0.0,0.0
2022-05-17,15600.0,0.0,0.0,0.0,0.0,15600.0,0.0,0.0,0.0,0.0,2713.0,15350.0,200.0,0.0,0.0,101538000.0,101538000.0,5310437.0,0.0,0.0,,0.0,0.0,0.0
2022-05-18,15600.0,0.0,0.0,0.0,0.0,15600.0,0.0,0.0,0.0,0.0,2713.0,15350.0,300.0,0.0,0.0,101538000.0,101538000.0,5310437.0,0.0,0.0,,0.0,0.0,0.0
2022-05-19,15600.0,0.0,0.0,0.0,0.0,15600.0,0.0,0.0,0.0,0.0,2713.0,15350.0,200.0,14525.0,100.0,101538000.0,101538000.0,5310437.0,0.0,0.0,,0.0,0.0,0.0
2022-05-20,15600.0,0.0,0.0,0.0,0.0,15600.0,0.0,0.0,0.0,0.0,2713.0,15350.0,100.0,0.0,0.0,101538000.0,101538000.0,5310437.0,0.0,0.0,,0.0,0.0,0.0
2022-05-23,15600.0,0.0,0.0,0.0,0.0,15600.0,0.0,0.0,0.0,0.0,2713.0,15350.0,200.0,0.0,0.0,101538000.0,101538000.0,5310437.0,0.0,0.0,,0.0,0.0,0.0
2022-05-24,15600.0,0.0,0.0,0.0,0.0,15600.0,0.0,0.0,0.0,0.0,2713.0,15350.0,100.0,14525.0,100.0,101538000.0,101538000.0,5310437.0,0.0,0.0,,0.0,0.0,0.0
2022-05-25,15600.0,0.0,0.0,0.0,0.0,15600.0,0.0,0.0,0.0,0.0,2713.0,15350.0,100.0,14525.0,100.0,101538000.0,101538000.0,5310437.0,0.0,0.0,,0.0,0.0,0.0
2022-05-27,15600.0,0.0,0.0,0.0,0.0,15600.0,0.0,0.0,0.0,0.0,2713.0,16725.0,100.0,14525.0,100.0,101538000.0,101538000.0,5310437.0,0.0,0.0,,0.0,0.0,0.0
2022-05-30,15600.0,0.0,0.0,0.0,0.0,15600.0,0.0,0.0,0.0,0.0,2713.0,15350.0,100.0,14525.0,100.0,101538000.0,101538000.0,5310437.0,0.0,0.0,,0.0,0.0,0.0
2022-05-31,15600.0,0.0,0.0,0.0,0.0,15600.0,0.0,0.0,0.0,0.0,2713.0,16725.0,100.0,14525.0,100.0,101538000.0,101538000.0,5310437.0,0.0,0.0,,0.0,0.0,0.0
2022-06-02,15600.0,0.0,0.0,0.0,0.0,15600.0,0.0,0.0,0.0,0.0,2713.0,16725.0,100.0,0.0,0.0,101538000.0,101538000.0,5310437.0,0.0,0.0,,0.0,0.0,0.0
2022-06-03,15600.0,0.0,0.0,0.0,0.0,15600.0,0.0,0.0,0.0,0.0,2713.0,16725.0,100.0,0.0,0.0,101538000.0,101538000.0,5310437.0,0.0,0.0,,0.0,0.0,0.0
2022-06-06,15600.0,0.0,0.0,0.0,0.0,15600.0,0.0,0.0,0.0,0.0,2713.0,15400.0,100.0,0.0,0.0,101538000.0,101538000.0,5310437.0,0.0,0.0,,0.0,0.0,0.0
2022-06-07,15600.0,0.0,0.0,0.0,0.0,15600.0,0.0,0.0,0.0,0.0,2713.0,16725.0,100.0,0.0,0.0,101538000.0,101538000.0,5310437.0,0.0,0.0,,0.0,0.0,0.0
2022-06-08,15600.0,0.0,0.0,0.0,0.0,15600.0,0.0,0.0,0.0,0.0,2713.0,15600.0,100.0,14525.0,100.0,101538000.0,101538000.0,5310437.0,0.0,0.0,,0.0,0.0,0.0
2022-06-09,15600.0,0.0,0.0,0.0,0.0,15600.0,0.0,0.0,0.0,0.0,2713.0,16725.0,100.0,0.0,0.0,101538000.0,101538000.0,5310437.0,0.0,0.0,,0.0,0.0,0.0
2022-06-10,15600.0,0.0,0.0,0.0,0.0,15600.0,0.0,0.0,0.0,0.0,2713.0,16725.0,100.0,14525.0,100.0,101538000.0,101538000.0,5310437.0,0.0,0.0,,0.0,0.0,0.0
2022-06-13,15600.0,0.0,0.0,14525.0,14525.0,14525.0,-1075.0,100.0,1452500.0,1.0,2526.1,14525.0,400.0,0.0,0.0,101538000.0,101538000.0,5310437.0,0.0,0.0,,0.0,0.0,0.0
2022-06-14,14525.0,0.0,0.0,0.0,0.0,14525.0,0.0,0.0,0.0,0.0,2526.1,14525.0,100.0,13525.0,100.0,101538000.0,101538000.0,5310437.0,0.0,0.0,,0.0,0.0,0.0
2022-06-15,14525.0,0.0,0.0,0.0,0.0,14525.0,0.0,0.0,0.0,0.0,2526.1,14500.0,200.0,13525.0,100.0,101538000.0,101538000.0,5310437.0,0.0,0.0,,0.0,0.0,0.0
2022-06-16,14525.0,0.0,0.0,0.0,0.0,14525.0,0.0,0.0,0.0,0.0,2526.1,15925.0,100.0,13525.0,100.0,101538000.0,101538000.0,5310437.0,0.0,0.0,,0.0,0.0,0.0
2022-06-17,14525.0,0.0,0.0,0.0,0.0,14525.0,0.0,0.0,0.0,0.0,2526.1,14525.0,100.0,13525.0,100.0,101538000.0,101538000.0,5310437.0,0.0,0.0,,0.0,0.0,0.0
2022-06-20,14525.0,0.0,0.0,0.0,0.0,14525.0,0.0,0.0,0.0,0.0,2526.1,14275.0,100.0,13525.0,100.0,101538000.0,101538000.0,5310437.0,0.0,0.0,,0.0,0.0,0.0
2022-06-21,14525.0,0.0,0.0,0.0,0.0,14525.0,0.0,0.0,0.0,0.0,2526.1,14525.0,100.0,13525.0,100.0,101538000.0,101538000.0,5310437.0,0.0,0.0,,0.0,0.0,0.0
2022-06-22,14525.0,0.0,0.0,0.0,0.0,14525.0,0.0,0.0,0.0,0.0,2526.1,15925.0,100.0,13525.0,100.0,101538000.0,101538000.0,5310437.0,0.0,0.0,,0.0,0.0,0.0
2022-06-23,14525.0,0.0,0.0,0.0,0.0,14525.0,0.0,0.0,0.0,0.0,2526.1,14525.0,200.0,13525.0,100.0,101538000.0,101538000.0,5310437.0,0.0,0.0,,0.0,0.0,0.0
2022-06-24,14525.0,0.0,0.0,0.0,0.0,14525.0,0.0,0.0,0.0,0.0,2526.1,14525.0,100.0,13525.0,100.0,101538000.0,101538000.0,5310437.0,0.0,0.0,,0.0,0.0,0.0
2022-06-27,14525.0,0.0,0.0,0.0,0.0,14525.0,0.0,0.0,0.0,0.0,2526.1,15925.0,100.0,13525.0,100.0,101538000.0,101538000.0,5310437.0,0.0,0.0,,0.0,0.0,0.0
2022-06-28,14525.0,0.0,0.0,0.0,0.0,14525.0,0.0,0.0,0.0,0.0,2526.1,14525.0,100.0,13525.0,100.0,101538000.0,101538000.0,5310437.0,0.0,0.0,,0.0,0.0,0.0
2022-06-29,14525.0,0.0,0.0,0.0,0.0,14525.0,0.0,0.0,0.0,0.0,2526.1,14525.0,100.0,13525.0,100.0,101538000.0,101538000.0,5310437.0,0.0,0.0,,0.0,0.0,0.0
2022-06-30,14525.0,0.0,0.0,0.0,0.0,14525.0,0.0,0.0,0.0,0.0,2526.1,14525.0,100.0,13525.0,100.0,101538000.0,101538000.0,5310437.0,0.0,0.0,,0.0,0.0,0.0
2022-07-01,14525.0,0.0,0.0,0.0,0.0,14525.0,0.0,0.0,0.0,0.0,2526.1,15925.0,100.0,13525.0,100.0,101538000.0,101538000.0,5310437.0,0.0,0.0,,0.0,0.0,0.0
2022-07-04,14525.0,0.0,0.0,0.0,0.0,14525.0,0.0,0.0,0.0,0.0,2526.1,15775.0,100.0,13525.0,100.0,101538000.0,101538000.0,5310437.0,0.0,0.0,,0.0,0.0,0.0
2022-07-05,14525.0,0.0,0.0,0.0,0.0,14525.0,0.0,0.0,0.0,0.0,2526.1,14525.0,100.0,13525.0,100.0,101538000.0,101538000.0,5310437.0,0.0,0.0,,0.0,0.0,0.0
2022-07-06,14525.0,0.0,0.0,0.0,0.0,14525.0,0.0,0.0,0.0,0.0,2526.1,15925.0,100.0,13525.0,100.0,101538000.0,101538000.0,5310437.0,0.0,0.0,,0.0,0.0,0.0
2022-07-07,14525.0,0.0,0.0,0.0,0.0,14525.0,0.0,0.0,0.0,0.0,2526.1,14525.0,100.0,13525.0,100.0,101538000.0,101538000.0,5310437.0,0.0,0.0,,0.0,0.0,0.0
2022-07-08,14525.0,0.0,0.0,0.0,0.0,14525.0,0.0,0.0,0.0,0.0,2526.1,15925.0,100.0,13525.0,100.0,101538000.0,101538000.0,5310437.0,0.0,0.0,,0.0,0.0,0.0
2022-07-11,14525.0,0.0,0.0,0.0,0.0,14525.0,0.0,0.0,0.0,0.0,2526.1,14525.0,100.0,13525.0,100.0,101538000.0,101538000.0,5310437.0,0.0,0.0,,0.0,0.0,0.0
2022-07-12,14525.0,0.0,0.0,0.0,0.0,14525.0,0.0,0.0,0.0,0.0,2526.1,14525.0,200.0,13525.0,100.0,101538000.0,101538000.0,5310437.0,0.0,0.0,,0.0,0.0,0.0
2022-07-13,14525.0,0.0,0.0,0.0,0.0,14525.0,0.0,0.0,0.0,0.0,2526.1,14400.0,100.0,13525.0,100.0,101538000.0,101538000.0,5310437.0,0.0,0.0,,0.0,0.0,0.0
2022-07-14,14525.0,0.0,0.0,0.0,0.0,14525.0,0.0,0.0,0.0,0.0,2526.1,14525.0,100.0,13525.0,100.0,101538000.0,101538000.0,5310437.0,0.0,0.0,,0.0,0.0,0.0
2022-07-15,14525.0,0.0,0.0,0.0,0.0,14525.0,0.0,0.0,0.0,0.0,2526.1,14525.0,100.0,13525.0,100.0,101538000.0,101538000.0,5310437.0,0.0,0.0,,0.0,0.0,0.0
2022-07-18,14525.0,0.0,0.0,0.0,0.0,14525.0,0.0,0.0,0.0,0.0,2526.1,14525.0,100.0,13525.0,100.0,101538000.0,101538000.0,5310437.0,0.0,0.0,,0.0,0.0,0.0
2022-07-19,14525.0,0.0,0.0,0.0,0.0,14525.0,0.0,0.0,0.0,0.0,2526.1,15925.0,100.0,13525.0,100.0,101538000.0,101538000.0,5310437.0,0.0,0.0,,0.0,0.0,0.0
2022-07-20,14525.0,0.0,0.0,0.0,0.0,14525.0,0.0,0.0,0.0,0.0,2526.1,14525.0,100.0,13525.0,100.0,101538000.0,101538000.0,5310437.0,0.0,0.0,,0.0,0.0,0.0
2022-07-21,14525.0,0.0,0.0,0.0,0.0,14525.0,0.0,0.0,0.0,0.0,2526.1,14525.0,100.0,13525.0,100.0,101538000.0,101538000.0,5310437.0,0.0,0.0,,0.0,0.0,0.0
2022-07-22,14525.0,0.0,0.0,0.0,0.0,14525.0,0.0,0.0,0.0,0.0,2526.1,15925.0,100.0,13525.0,100.0,101538000.0,101538000.0,5310437.0,0.0,0.0,,0.0,0.0,0.0
2022-07-25,14525.0,0.0,0.0,0.0,0.0,14525.0,0.0,0.0,0.0,0.0,2526.1,14525.0,100.0,13525.0,100.0,101538000.0,101538000.0,5310437.0,0.0,0.0,,0.0,0.0,0.0
2022-07-26,14525.0,0.0,0.0,0.0,0.0,14525.0,0.0,0.0,0.0,0.0,2526.1,14275.0,100.0,13525.0,100.0,101538000.0,101538000.0,5310437.0,0.0,0.0,,0.0,0.0,0.0
2022-07-27,14525.0,0.0,0.0,0.0,0.0,14525.0,0.0,0.0,0.0,0.0,2526.1,14525.0,100.0,13525.0,100.0,101538000.0,101538000.0,5310437.0,0.0,0.0,,0.0,0.0,0.0
2022-07-28,14525.0,0.0,0.0,0.0,0.0,14525.0,0.0,0.0,0.0,0.0,2526.1,14525.0,100.0,13525.0,100.0,101538000.0,101538000.0,5310437.0,0.0,0.0,,0.0,0.0,0.0
2022-07-29,14525.0,0.0,0.0,0.0,0.0,14525.0,0.0,0.0,0.0,0.0,2526.1,14275.0,100.0,13525.0,100.0,101538000.0,101538000.0,5310437.0,0.0,0.0,,0.0,0.0,0.0
2022-08-01,14525.0,0.0,0.0,0.0,0.0,14525.0,0.0,0.0,0.0,0.0,2526.1,14525.0,100.0,13525.0,100.0,101538000.0,101538000.0,5310437.0,0.0,0.0,,0.0,0.0,0.0
2022-08-02,14525.0,0.0,0.0,0.0,0.0,14525.0,0.0,0.0,0.0,0.0,2526.1,15925.0,100.0,13525.0,100.0,101538000.0,101538000.0,5310437.0,0.0,0.0,,0.0,0.0,0.0
2022-08-03,14525.0,0.0,0.0,0.0,0.0,14525.0,0.0,0.0,0.0,0.0,2526.1,14525.0,100.0,13525.0,100.0,101538000.0,101538000.0,5310437.0,0.0,0.0,,0.0,0.0,0.0
2022-08-04,14525.0,0.0,0.0,0.0,0.0,14525.0,0.0,0.0,0.0,0.0,2526.1,15925.0,100.0,13525.0,100.0,101538000.0,101538000.0,5310437.0,0.0,0.0,,0.0,0.0,0.0
2022-08-05,14525.0,0.0,0.0,0.0,0.0,14525.0,0.0,0.0,0.0,0.0,2526.1,15925.0,100.0,0.0,0.0,101538000.0,101538000.0,5310437.0,0.0,0.0,,0.0,0.0,0.0
2022-08-08,14525.0,0.0,0.0,0.0,0.0,14525.0,0.0,0.0,0.0,0.0,2526.1,14525.0,100.0,13525.0,100.0,101538000.0,101538000.0,5310437.0,0.0,0.0,,0.0,0.0,0.0
2022-08-09,14525.0,0.0,0.0,0.0,0.0,14525.0,0.0,0.0,0.0,0.0,2526.1,14525.0,100.0,13525.0,100.0,101538000.0,101538000.0,5310437.0,0.0,0.0,,0.0,0.0,0.0
2022-08-10,14525.0,0.0,0.0,0.0,0.0,14525.0,0.0,0.0,0.0,0.0,2526.1,14525.0,100.0,13525.0,100.0,101538000.0,101538000.0,5310437.0,0.0,0.0,,0.0,0.0,0.0
2022-08-11,14525.0,0.0,0.0,0.0,0.0,14525.0,0.0,0.0,0.0,0.0,2526.1,14525.0,100.0,13525.0,100.0,101538000.0,101538000.0,5310437.0,0.0,0.0,,0.0,0.0,0.0
2022-08-12,14525.0,0.0,0.0,0.0,0.0,14525.0,0.0,0.0,0.0,0.0,2526.1,14525.0,100.0,13525.0,100.0,101538000.0,101538000.0,5310437.0,0.0,0.0,,0.0,0.0,0.0
2022-08-15,14525.0,0.0,0.0,0.0,0.0,14525.0,0.0,0.0,0.0,0.0,2526.1,14525.0,200.0,13525.0,100.0,101538000.0,101538000.0,5310437.0,0.0,0.0,,0.0,0.0,0.0
2022-08-16,14525.0,0.0,0.0,0.0,0.0,14525.0,0.0,0.0,0.0,0.0,2526.1,15925.0,100.0,13525.0,100.0,101538000.0,101538000.0,5310437.0,0.0,0.0,,0.0,0.0,0.0
2022-08-18,14525.0,0.0,0.0,0.0,0.0,14525.0,0.0,0.0,0.0,0.0,2526.1,14525.0,100.0,13525.0,100.0,101538000.0,101538000.0,5310437.0,0.0,0.0,,0.0,0.0,0.0
2022-08-19,14525.0,0.0,0.0,0.0,0.0,14525.0,0.0,0.0,0.0,0.0,2526.1,15925.0,100.0,13525.0,100.0,101538000.0,101538000.0,5310437.0,0.0,0.0,,0.0,0.0,0.0
2022-08-22,14525.0,0.0,0.0,0.0,0.0,14525.0,0.0,0.0,0.0,0.0,2526.1,14525.0,100.0,13525.0,100.0,101538000.0,101538000.0,5310437.0,0.0,0.0,,0.0,0.0,0.0
2022-08-23,14525.0,0.0,0.0,0.0,0.0,14525.0,0.0,0.0,0.0,0.0,2526.1,14525.0,300.0,13525.0,100.0,101538000.0,101538000.0,5310437.0,0.0,0.0,,0.0,0.0,0.0
2022-08-24,14525.0,0.0,0.0,0.0,0.0,14525.0,0.0,0.0,0.0,0.0,2526.1,15925.0,100.0,13525.0,100.0,101538000.0,101538000.0,5310437.0,0.0,0.0,,0.0,0.0,0.0
2022-08-25,14525.0,0.0,0.0,0.0,0.0,14525.0,0.0,0.0,0.0,0.0,2526.1,14525.0,100.0,13525.0,100.0,101538000.0,101538000.0,5310437.0,0.0,0.0,,0.0,0.0,0.0
2022-08-26,14525.0,0.0,0.0,0.0,0.0,14525.0,0.0,0.0,0.0,0.0,2526.1,14275.0,100.0,13525.0,100.0,101538000.0,101538000.0,5310437.0,0.0,0.0,,0.0,0.0,0.0
2022-08-29,14525.0,0.0,0.0,0.0,0.0,14525.0,0.0,0.0,0.0,0.0,2526.1,14525.0,100.0,13525.0,100.0,101538000.0,101538000.0,5310437.0,0.0,0.0,,0.0,0.0,0.0
2022-08-30,14525.0,0.0,0.0,0.0,0.0,14525.0,0.0,0.0,0.0,0.0,2526.1,14525.0,100.0,13525.0,100.0,101538000.0,101538000.0,5310437.0,0.0,0.0,,0.0,0.0,0.0
2022-08-31,14525.0,0.0,0.0,0.0,0.0,14525.0,0.0,0.0,0.0,0.0,2526.1,14525.0,100.0,13525.0,100.0,101538000.0,101538000.0,5310437.0,0.0,0.0,,0.0,0.0,0.0
2022-09-01,14525.0,0.0,0.0,0.0,0.0,14525.0,0.0,0.0,0.0,0.0,2526.1,14275.0,100.0,13525.0,100.0,101538000.0,101538000.0,5310437.0,0.0,0.0,,0.0,0.0,0.0
2022-09-02,14525.0,0.0,0.0,0.0,0.0,14525.0,0.0,0.0,0.0,0.0,2526.1,15925.0,100.0,13525.0,100.0,101538000.0,101538000.0,5310437.0,0.0,0.0,,0.0,0.0,0.0
2022-09-05,14525.0,0.0,0.0,0.0,0.0,14525.0,0.0,0.0,0.0,0.0,2526.1,15925.0,100.0,13525.0,100.0,101538000.0,101538000.0,5310437.0,0.0,0.0,,0.0,0.0,0.0
2022-09-06,14525.0,0.0,0.0,0.0,0.0,14525.0,0.0,0.0,0.0,0.0,2526.1,14525.0,200.0,13525.0,100.0,101538000.0,101538000.0,5310437.0,0.0,0.0,,0.0,0.0,0.0
2022-09-07,14525.0,0.0,0.0,0.0,0.0,14525.0,0.0,0.0,0.0,0.0,2526.1,14525.0,300.0,13525.0,100.0,101538000.0,101538000.0,5310437.0,0.0,0.0,,0.0,0.0,0.0
2022-09-08,14525.0,0.0,0.0,0.0,0.0,14525.0,0.0,0.0,0.0,0.0,2526.1,14525.0,100.0,13525.0,100.0,101538000.0,101538000.0,5310437.0,0.0,0.0,,0.0,0.0,0.0
2022-09-09,14525.0,0.0,0.0,0.0,0.0,14525.0,0.0,0.0,0.0,0.0,2526.1,15925.0,100.0,13525.0,100.0,101538000.0,101538000.0,5310437.0,0.0,0.0,,0.0,0.0,0.0
2022-09-12,14525.0,0.0,0.0,0.0,0.0,14525.0,0.0,0.0,0.0,0.0,2526.1,14525.0,100.0,13525.0,100.0,101538000.0,101538000.0,5310437.0,0.0,0.0,,0.0,0.0,0.0
2022-09-13,14525.0,0.0,0.0,0.0,0.0,14525.0,0.0,0.0,0.0,0.0,2526.1,15925.0,100.0,13525.0,100.0,101538000.0,101538000.0,5310437.0,0.0,0.0,,0.0,0.0,0.0
2022-09-14,14525.0,0.0,0.0,0.0,0.0,14525.0,0.0,0.0,0.0,0.0,2526.1,14525.0,100.0,13525.0,100.0,101538000.0,101538000.0,5310437.0,0.0,0.0,,0.0,0.0,0.0
2022-09-15,14525.0,0.0,0.0,0.0,0.0,14525.0,0.0,0.0,0.0,0.0,2526.1,15925.0,100.0,13525.0,100.0,101538000.0,101538000.0,5310437.0,0.0,0.0,,0.0,0.0,0.0
2022-09-16,14525.0,0.0,0.0,0.0,0.0,14525.0,0.0,0.0,0.0,0.0,2526.1,14525.0,100.0,13525.0,100.0,101538000.0,101538000.0,5310437.0,0.0,0.0,,0.0,0.0,0.0
2022-09-19,14525.0,0.0,0.0,0.0,0.0,14525.0,0.0,0.0,0.0,0.0,2526.1,14525.0,100.0,13525.0,100.0,101538000.0,101538000.0,5310437.0,0.0,0.0,,0.0,0.0,0.0
2022-09-20,14525.0,0.0,0.0,0.0,0.0,14525.0,0.0,0.0,0.0,0.0,2526.1,15925.0,100.0,13525.0,100.0,101538000.0,101538000.0,5310437.0,0.0,0.0,,0.0,0.0,0.0
2022-09-21,14525.0,0.0,0.0,0.0,0.0,14525.0,0.0,0.0,0.0,0.0,2526.1,14525.0,100.0,13525.0,100.0,101538000.0,101538000.0,5310437.0,0.0,0.0,,0.0,0.0,0.0
2022-09-22,14525.0,0.0,0.0,0.0,0.0,14525.0,0.0,0.0,0.0,0.0,2526.1,15925.0,100.0,13550.0,100.0,101538000.0,101538000.0,5310437.0,0.0,0.0,,0.0,0.0,0.0
2022-09-23,14525.0,0.0,0.0,0.0,0.0,14525.0,0.0,0.0,0.0,0.0,2526.1,15925.0,100.0,14550.0,100.0,101538000.0,101538000.0,5310437.0,0.0,0.0,,0.0,0.0,0.0
2022-09-26,14525.0,0.0,0.0,0.0,0.0,14525.0,0.0,0.0,0.0,0.0,2526.1,15925.0,100.0,13575.0,100.0,101538000.0,101538000.0,5310437.0,0.0,0.0,,0.0,0.0,0.0
2022-09-27,14525.0,0.0,0.0,0.0,0.0,14525.0,0.0,0.0,0.0,0.0,2526.1,14525.0,100.0,13550.0,100.0,101538000.0,101538000.0,5310437.0,0.0,0.0,,0.0,0.0,0.0
2022-09-28,14525.0,0.0,0.0,0.0,0.0,14525.0,0.0,0.0,0.0,0.0,2526.1,14525.0,100.0,13550.0,100.0,101538000.0,101538000.0,5310437.0,0.0,0.0,,0.0,0.0,0.0
2022-09-29,14525.0,0.0,0.0,0.0,0.0,14525.0,0.0,0.0,0.0,0.0,2526.1,15925.0,100.0,13550.0,100.0,101538000.0,101538000.0,5310437.0,0.0,0.0,,0.0,0.0,0.0
2022-09-30,14525.0,0.0,0.0,0.0,0.0,14525.0,0.0,0.0,0.0,0.0,2526.1,15925.0,100.0,13550.0,100.0,101538000.0,101538000.0,5310437.0,0.0,0.0,,0.0,0.0,0.0
2022-10-03,14525.0,0.0,0.0,0.0,0.0,14525.0,0.0,0.0,0.0,0.0,2526.1,14275.0,100.0,13550.0,100.0,101538000.0,101538000.0,5310437.0,0.0,0.0,,0.0,0.0,0.0
2022-10-04,14525.0,0.0,0.0,0.0,0.0,14525.0,0.0,0.0,0.0,0.0,2526.1,14275.0,200.0,13525.0,100.0,101538000.0,101538000.0,5310437.0,0.0,0.0,,0.0,0.0,0.0
2022-10-05,14525.0,0.0,0.0,0.0,0.0,14525.0,0.0,0.0,0.0,0.0,2526.1,14525.0,100.0,13575.0,100.0,101538000.0,101538000.0,5310437.0,0.0,0.0,,0.0,0.0,0.0
2022-10-06,14525.0,0.0,0.0,0.0,0.0,14525.0,0.0,0.0,0.0,0.0,2526.1,14525.0,200.0,13550.0,100.0,101538000.0,101538000.0,5310437.0,0.0,0.0,,0.0,0.0,0.0
2022-10-07,14525.0,0.0,0.0,0.0,0.0,14525.0,0.0,0.0,0.0,0.0,2526.1,15925.0,100.0,14550.0,100.0,101538000.0,101538000.0,5310437.0,0.0,0.0,,0.0,0.0,0.0
2022-10-10,14525.0,0.0,0.0,0.0,0.0,14525.0,0.0,0.0,0.0,0.0,2526.1,15925.0,100.0,13550.0,100.0,101538000.0,101538000.0,5310437.0,0.0,0.0,,0.0,0.0,0.0
2022-10-11,14525.0,0.0,0.0,0.0,0.0,14525.0,0.0,0.0,0.0,0.0,2526.1,14275.0,100.0,13575.0,100.0,101538000.0,101538000.0,5310437.0,0.0,0.0,,0.0,0.0,0.0
2022-10-12,14525.0,0.0,0.0,0.0,0.0,14525.0,0.0,0.0,0.0,0.0,2526.1,14525.0,100.0,13550.0,100.0,101538000.0,101538000.0,5310437.0,0.0,0.0,,0.0,0.0,0.0
2022-10-13,14525.0,0.0,0.0,0.0,0.0,14525.0,0.0,0.0,0.0,0.0,2526.1,14525.0,100.0,13575.0,100.0,101538000.0,101538000.0,5310437.0,0.0,0.0,,0.0,0.0,0.0
2022-10-14,14525.0,0.0,0.0,0.0,0.0,14525.0,0.0,0.0,0.0,0.0,2526.1,14525.0,100.0,13550.0,100.0,101538000.0,101538000.0,5310437.0,0.0,0.0,,0.0,0.0,0.0
2022-10-17,14525.0,0.0,0.0,0.0,0.0,14525.0,0.0,0.0,0.0,0.0,2526.1,15925.0,100.0,13550.0,100.0,101538000.0,101538000.0,5310437.0,0.0,0.0,,0.0,0.0,0.0
2022-10-18,14525.0,0.0,0.0,0.0,0.0,14525.0,0.0,0.0,0.0,0.0,2526.1,14500.0,100.0,13550.0,100.0,101538000.0,101538000.0,5310437.0,0.0,0.0,,0.0,0.0,0.0
2022-10-19,14525.0,0.0,0.0,0.0,0.0,14525.0,0.0,0.0,0.0,0.0,2526.1,15925.0,100.0,13550.0,100.0,101538000.0,101538000.0,5310437.0,0.0,0.0,,0.0,0.0,0.0
2022-10-20,14525.0,0.0,0.0,0.0,0.0,14525.0,0.0,0.0,0.0,0.0,2526.1,14500.0,100.0,13550.0,100.0,101538000.0,101538000.0,5310437.0,0.0,0.0,,0.0,0.0,0.0
2022-10-21,14525.0,0.0,0.0,0.0,0.0,14525.0,0.0,0.0,0.0,0.0,2526.1,14500.0,100.0,13550.0,100.0,101538000.0,101538000.0,5310437.0,0.0,0.0,,0.0,0.0,0.0
2022-10-24,14525.0,0.0,0.0,0.0,0.0,14525.0,0.0,0.0,0.0,0.0,2526.1,14525.0,100.0,13550.0,100.0,101538000.0,101538000.0,5310437.0,0.0,0.0,,0.0,0.0,0.0
2022-10-25,14525.0,0.0,0.0,14500.0,14500.0,14500.0,-25.0,100.0,1450000.0,1.0,2521.7,14500.0,200.0,13600.0,100.0,101538000.0,101538000.0,5310437.0,0.0,0.0,,0.0,0.0,0.0
2022-10-26,14500.0,0.0,0.0,0.0,0.0,14500.0,0.0,0.0,0.0,0.0,2521.7,14500.0,300.0,13550.0,100.0,101538000.0,101538000.0,5310437.0,0.0,0.0,,0.0,0.0,0.0
2022-10-27,14500.0,0.0,0.0,0.0,0.0,14500.0,0.0,0.0,0.0,0.0,2521.7,14500.0,200.0,13575.0,100.0,101538000.0,101538000.0,5310437.0,0.0,0.0,,0.0,0.0,0.0
2022-10-28,14500.0,0.0,0.0,0.0,0.0,14500.0,0.0,0.0,0.0,0.0,2521.7,14500.0,200.0,13525.0,100.0,101538000.0,101538000.0,5310437.0,0.0,0.0,,0.0,0.0,0.0
2022-10-31,14500.0,0.0,0.0,0.0,0.0,14500.0,0.0,0.0,0.0,0.0,2521.7,14500.0,200.0,13575.0,100.0,101538000.0,101538000.0,5310437.0,0.0,0.0,,0.0,0.0,0.0
2022-11-01,14500.0,0.0,0.0,0.0,0.0,14500.0,0.0,0.0,0.0,0.0,2521.7,14500.0,300.0,13550.0,100.0,101538000.0,101538000.0,5310437.0,0.0,0.0,,0.0,0.0,0.0
2022-11-02,14500.0,0.0,0.0,0.0,0.0,14500.0,0.0,0.0,0.0,0.0,2521.7,14500.0,200.0,13550.0,100.0,101538000.0,101538000.0,5310437.0,0.0,0.0,,0.0,0.0,0.0
2022-11-03,14500.0,0.0,0.0,0.0,0.0,14500.0,0.0,0.0,0.0,0.0,2521.7,14500.0,300.0,13525.0,100.0,101538000.0,101538000.0,5310437.0,0.0,0.0,,0.0,0.0,0.0
2022-11-04,14500.0,0.0,0.0,0.0,0.0,14500.0,0.0,0.0,0.0,0.0,2521.7,14500.0,200.0,13525.0,100.0,101538000.0,101538000.0,5310437.0,0.0,0.0,,0.0,0.0,0.0
2022-11-07,14500.0,0.0,0.0,0.0,0.0,14500.0,0.0,0.0,0.0,0.0,2521.7,14500.0,200.0,13525.0,100.0,101538000.0,101538000.0,5310437.0,0.0,0.0,,0.0,0.0,0.0
2022-11-08,14500.0,0.0,0.0,0.0,0.0,14500.0,0.0,0.0,0.0,0.0,2521.7,14500.0,200.0,13575.0,100.0,101538000.0,101538000.0,5310437.0,0.0,0.0,,0.0,0.0,0.0
2022-11-09,14500.0,0.0,0.0,0.0,0.0,14500.0,0.0,0.0,0.0,0.0,2521.7,14500.0,200.0,13575.0,100.0,101538000.0,101538000.0,5310437.0,0.0,0.0,,0.0,0.0,0.0
2022-11-10,14500.0,0.0,0.0,0.0,0.0,14500.0,0.0,0.0,0.0,0.0,2521.7,14500.0,200.0,13525.0,100.0,101538000.0,101538000.0,5310437.0,0.0,0.0,,0.0,0.0,0.0
2022-11-11,14500.0,0.0,0.0,0.0,0.0,14500.0,0.0,0.0,0.0,0.0,2521.7,14500.0,200.0,13525.0,100.0,101538000.0,101538000.0,5310437.0,0.0,0.0,,0.0,0.0,0.0
2022-11-14,14500.0,0.0,0.0,0.0,0.0,14500.0,0.0,0.0,0.0,0.0,2521.7,14250.0,100.0,13525.0,100.0,101538000.0,101538000.0,5310437.0,0.0,0.0,,0.0,0.0,0.0
2022-11-15,14500.0,0.0,0.0,0.0,0.0,14500.0,0.0,0.0,0.0,0.0,2521.7,14500.0,300.0,13525.0,100.0,101538000.0,101538000.0,5310437.0,0.0,0.0,,0.0,0.0,0.0
2022-11-16,14500.0,0.0,0.0,0.0,0.0,14500.0,0.0,0.0,0.0,0.0,2521.7,14500.0,200.0,13525.0,100.0,101538000.0,101538000.0,5310437.0,0.0,0.0,,0.0,0.0,0.0
2022-11-17,14500.0,0.0,0.0,0.0,0.0,14500.0,0.0,0.0,0.0,0.0,2521.7,14500.0,200.0,13575.0,100.0,101538000.0,101538000.0,5310437.0,0.0,0.0,,0.0,0.0,0.0
2022-11-18,14500.0,0.0,0.0,0.0,0.0,14500.0,0.0,0.0,0.0,0.0,2521.7,14500.0,300.0,13525.0,100.0,101538000.0,101538000.0,5310437.0,0.0,0.0,,0.0,0.0,0.0
2022-11-21,14500.0,0.0,0.0,0.0,0.0,14500.0,0.0,0.0,0.0,0.0,2521.7,14500.0,200.0,13525.0,100.0,101538000.0,101538000.0,5310437.0,0.0,0.0,,0.0,0.0,0.0
2022-11-22,14500.0,0.0,0.0,0.0,0.0,14500.0,0.0,0.0,0.0,0.0,2521.7,14500.0,200.0,13525.0,100.0,101538000.0,101538000.0,5310437.0,0.0,0.0,,0.0,0.0,0.0
2022-11-23,14500.0,0.0,0.0,0.0,0.0,14500.0,0.0,0.0,0.0,0.0,2521.7,14500.0,200.0,13525.0,100.0,101538000.0,101538000.0,5310437.0,0.0,0.0,,0.0,0.0,0.0
2022-11-24,14500.0,0.0,0.0,0.0,0.0,14500.0,0.0,0.0,0.0,0.0,2521.7,14500.0,200.0,13525.0,100.0,101538000.0,101538000.0,5310437.0,0.0,0.0,,0.0,0.0,0.0
2022-11-25,14500.0,0.0,0.0,0.0,0.0,14500.0,0.0,0.0,0.0,0.0,2521.7,14500.0,200.0,13575.0,100.0,101538000.0,101538000.0,5310437.0,0.0,0.0,,0.0,0.0,0.0
2022-11-28,14500.0,0.0,0.0,0.0,0.0,14500.0,0.0,0.0,0.0,0.0,2521.7,14500.0,300.0,13550.0,100.0,101538000.0,101538000.0,5310437.0,0.0,0.0,,0.0,0.0,0.0
2022-11-29,14500.0,0.0,0.0,0.0,0.0,14500.0,0.0,0.0,0.0,0.0,2521.7,14500.0,200.0,13550.0,100.0,101538000.0,101538000.0,5310437.0,0.0,0.0,,0.0,0.0,0.0
2022-11-30,14500.0,0.0,0.0,0.0,0.0,14500.0,0.0,0.0,0.0,0.0,2521.7,14500.0,200.0,13550.0,100.0,101538000.0,101538000.0,5310437.0,0.0,0.0,,0.0,0.0,0.0
2022-12-01,14500.0,0.0,0.0,0.0,0.0,14500.0,0.0,0.0,0.0,0.0,2521.7,14500.0,200.0,13550.0,100.0,101538000.0,101538000.0,5310437.0,0.0,0.0,,0.0,0.0,0.0
2022-12-02,14500.0,0.0,0.0,0.0,0.0,14500.0,0.0,0.0,0.0,0.0,2521.7,14500.0,200.0,13525.0,100.0,101538000.0,101538000.0,5310437.0,0.0,0.0,,0.0,0.0,0.0
2022-12-05,14500.0,0.0,0.0,0.0,0.0,14500.0,0.0,0.0,0.0,0.0,2521.7,14500.0,300.0,13550.0,100.0,101538000.0,101538000.0,5310437.0,0.0,0.0,,0.0,0.0,0.0
2022-12-06,14500.0,0.0,0.0,0.0,0.0,14500.0,0.0,0.0,0.0,0.0,2521.7,14500.0,300.0,13525.0,100.0,101538000.0,101538000.0,5310437.0,0.0,0.0,,0.0,0.0,0.0
2022-12-07,14500.0,0.0,0.0,0.0,0.0,14500.0,0.0,0.0,0.0,0.0,2521.7,14500.0,300.0,13550.0,100.0,101538000.0,101538000.0,5310437.0,0.0,0.0,,0.0,0.0,0.0
2022-12-08,14500.0,0.0,0.0,0.0,0.0,14500.0,0.0,0.0,0.0,0.0,2521.7,14500.0,200.0,13550.0,100.0,101538000.0,101538000.0,5310437.0,0.0,0.0,,0.0,0.0,0.0
2022-12-09,14500.0,0.0,0.0,0.0,0.0,14500.0,0.0,0.0,0.0,0.0,2521.7,14250.0,200.0,13525.0,100.0,101538000.0,101538000.0,5310437.0,0.0,0.0,,0.0,0.0,0.0
2022-12-12,14500.0,0.0,0.0,0.0,0.0,14500.0,0.0,0.0,0.0,0.0,2521.7,14250.0,100.0,13550.0,100.0,101538000.0,101538000.0,5310437.0,0.0,0.0,,0.0,0.0,0.0
2022-12-13,14500.0,0.0,0.0,0.0,0.0,14500.0,0.0,0.0,0.0,0.0,2521.7,14500.0,200.0,13550.0,100.0,101538000.0,101538000.0,5310437.0,0.0,0.0,,0.0,0.0,0.0
2022-12-14,14500.0,0.0,0.0,0.0,0.0,14500.0,0.0,0.0,0.0,0.0,2521.7,14250.0,100.0,13525.0,100.0,101538000.0,101538000.0,5310437.0,0.0,0.0,,0.0,0.0,0.0
2022-12-15,14500.0,0.0,0.0,0.0,0.0,14500.0,0.0,0.0,0.0,0.0,2521.7,14500.0,200.0,13550.0,100.0,101538000.0,101538000.0,5310437.0,0.0,0.0,,0.0,0.0,0.0
2022-12-16,14500.0,0.0,0.0,0.0,0.0,14500.0,0.0,0.0,0.0,0.0,2521.7,14500.0,400.0,13550.0,100.0,101538000.0,101538000.0,5310437.0,0.0,0.0,,0.0,0.0,0.0
2022-12-19,14500.0,0.0,0.0,0.0,0.0,14500.0,0.0,0.0,0.0,0.0,2521.7,14500.0,200.0,13550.0,100.0,101538000.0,101538000.0,5310437.0,0.0,0.0,,0.0,0.0,0.0
2022-12-20,14500.0,0.0,0.0,0.0,0.0,14500.0,0.0,0.0,0.0,0.0,2521.7,14500.0,200.0,13525.0,100.0,101538000.0,101538000.0,5310437.0,0.0,0.0,,0.0,0.0,0.0
2022-12-21,14500.0,0.0,0.0,0.0,0.0,14500.0,0.0,0.0,0.0,0.0,2521.7,14500.0,200.0,13550.0,100.0,101538000.0,101538000.0,5310437.0,0.0,0.0,,0.0,0.0,0.0
2022-12-22,14500.0,0.0,0.0,0.0,0.0,14500.0,0.0,0.0,0.0,0.0,2521.7,14500.0,500.0,13550.0,100.0,101538000.0,101538000.0,5310437.0,0.0,0.0,,0.0,0.0,0.0
2022-12-23,14500.0,0.0,0.0,0.0,0.0,14500.0,0.0,0.0,0.0,0.0,2521.7,14500.0,300.0,13550.0,100.0,101538000.0,101538000.0,5310437.0,0.0,0.0,,0.0,0.0,0.0
2022-12-26,14500.0,0.0,0.0,0.0,0.0,14500.0,0.0,0.0,0.0,0.0,2521.7,14500.0,200.0,13550.0,100.0,101538000.0,101538000.0,5310437.0,0.0,0.0,,0.0,0.0,0.0
2022-12-27,14500.0,0.0,0.0,0.0,0.0,14500.0,0.0,0.0,0.0,0.0,2521.7,14500.0,500.0,13550.0,100.0,101538000.0,101538000.0,5310437.0,0.0,0.0,,0.0,0.0,0.0
2022-12-28,14500.0,0.0,0.0,0.0,0.0,14500.0,0.0,0.0,0.0,0.0,2521.7,14500.0,300.0,13550.0,100.0,101538000.0,101538000.0,5310437.0,0.0,0.0,,0.0,0.0,0.0
2022-12-29,14500.0,0.0,0.0,0.0,0.0,14500.0,0.0,0.0,0.0,0.0,2521.7,14500.0,200.0,13525.0,100.0,101538000.0,101538000.0,5310437.0,0.0,0.0,,0.0,0.0,0.0
2022-12-30,14500.0,0.0,0.0,0.0,0.0,14500.0,0.0,0.0,0.0,0.0,2521.7,14500.0,200.0,13550.0,100.0,101538000.0,101538000.0,5310437.0,0.0,0.0,,0.0,0.0,0.0
2023-01-02,14500.0,0.0,0.0,0.0,0.0,14500.0,0.0,0.0,0.0,0.0,2521.7,14500.0,300.0,13550.0,100.0,101538000.0,101538000.0,5310437.0,0.0,0.0,,0.0,0.0,0.0
2023-01-03,14500.0,0.0,0.0,0.0,0.0,14500.0,0.0,0.0,0.0,0.0,2521.7,14500.0,200.0,13550.0,100.0,101538000.0,101538000.0,5310437.0,0.0,0.0,,0.0,0.0,0.0
2023-01-04,14500.0,0.0,0.0,0.0,0.0,14500.0,0.0,0.0,0.0,0.0,2521.7,14500.0,600.0,13550.0,100.0,101538000.0,101538000.0,5310437.0,0.0,0.0,,0.0,0.0,0.0
2023-01-05,14500.0,0.0,0.0,0.0,0.0,14500.0,0.0,0.0,0.0,0.0,2521.7,14500.0,300.0,13550.0,100.0,101538000.0,101538000.0,5310437.0,0.0,0.0,,0.0,0.0,0.0
2023-01-06,14500.0,0.0,0.0,0.0,0.0,14500.0,0.0,0.0,0.0,0.0,2521.7,14500.0,200.0,13550.0,100.0,101538000.0,101538000.0,5310437.0,0.0,0.0,,0.0,0.0,0.0
2023-01-09,14500.0,0.0,0.0,0.0,0.0,14500.0,0.0,0.0,0.0,0.0,2521.7,15925.0,100.0,13525.0,100.0,101538000.0,101538000.0,5310437.0,0.0,0.0,,0.0,0.0,0.0
2023-01-10,14500.0,0.0,0.0,0.0,0.0,14500.0,0.0,0.0,0.0,0.0,2521.7,15925.0,100.0,13525.0,100.0,101538000.0,101538000.0,5310437.0,0.0,0.0,,0.0,0.0,0.0
2023-01-11,14500.0,0.0,0.0,0.0,0.0,14500.0,0.0,0.0,0.0,0.0,2521.7,14500.0,200.0,13550.0,100.0,101538000.0,101538000.0,5310437.0,0.0,0.0,,0.0,0.0,0.0
2023-01-12,14500.0,0.0,0.0,0.0,0.0,14500.0,0.0,0.0,0.0,0.0,2521.7,14500.0,200.0,13550.0,100.0,101538000.0,101538000.0,5310437.0,0.0,0.0,,0.0,0.0,0.0
2023-01-13,14500.0,0.0,0.0,0.0,0.0,14500.0,0.0,0.0,0.0,0.0,2521.7,14500.0,200.0,13550.0,100.0,101538000.0,101538000.0,5310437.0,0.0,0.0,,0.0,0.0,0.0
2023-01-16,14500.0,0.0,0.0,0.0,0.0,14500.0,0.0,0.0,0.0,0.0,2521.7,14500.0,200.0,13550.0,100.0,101538000.0,101538000.0,5310437.0,0.0,0.0,,0.0,0.0,0.0
2023-01-17,14500.0,0.0,0.0,0.0,0.0,14500.0,0.0,0.0,0.0,0.0,2521.7,14250.0,100.0,13550.0,100.0,101538000.0,101538000.0,5310437.0,0.0,0.0,,0.0,0.0,0.0
2023-01-18,14500.0,0.0,0.0,0.0,0.0,14500.0,0.0,0.0,0.0,0.0,2521.7,14500.0,200.0,13525.0,100.0,101538000.0,101538000.0,5310437.0,0.0,0.0,,0.0,0.0,0.0
2023-01-19,14500.0,0.0,0.0,0.0,0.0,14500.0,0.0,0.0,0.0,0.0,2521.7,14500.0,200.0,13550.0,100.0,101538000.0,101538000.0,5310437.0,0.0,0.0,,0.0,0.0,0.0
2023-01-20,14500.0,0.0,0.0,0.0,0.0,14500.0,0.0,0.0,0.0,0.0,2521.7,14500.0,200.0,13550.0,100.0,101538000.0,101538000.0,5310437.0,0.0,0.0,,0.0,0.0,0.0
2023-01-24,14500.0,0.0,0.0,0.0,0.0,14500.0,0.0,0.0,0.0,0.0,2521.7,14500.0,200.0,13550.0,100.0,101538000.0,101538000.0,5310437.0,0.0,0.0,,0.0,0.0,0.0
2023-01-25,14500.0,0.0,0.0,0.0,0.0,14500.0,0.0,0.0,0.0,0.0,2521.7,14500.0,200.0,13550.0,100.0,101538000.0,101538000.0,5310437.0,0.0,0.0,,0.0,0.0,0.0
2023-01-26,14500.0,0.0,0.0,0.0,0.0,14500.0,0.0,0.0,0.0,0.0,2521.7,14500.0,300.0,13550.0,100.0,101538000.0,101538000.0,5310437.0,0.0,0.0,,0.0,0.0,0.0
2023-01-27,14500.0,0.0,0.0,0.0,0.0,14500.0,0.0,0.0,0.0,0.0,2521.7,14500.0,200.0,13550.0,100.0,101538000.0,101538000.0,5310437.0,0.0,0.0,,0.0,0.0,0.0
2023-01-30,14500.0,0.0,0.0,0.0,0.0,14500.0,0.0,0.0,0.0,0.0,2521.7,14500.0,200.0,13550.0,100.0,101538000.0,101538000.0,5310437.0,0.0,0.0,,0.0,0.0,0.0
2023-01-31,14500.0,0.0,0.0,0.0,0.0,14500.0,0.0,0.0,0.0,0.0,2521.7,14500.0,200.0,13550.0,100.0,101538000.0,101538000.0,5310437.0,0.0,0.0,,400000.0,5400000000.0,8.0
2023-02-01,14500.0,0.0,0.0,0.0,0.0,14500.0,0.0,0.0,0.0,0.0,2521.7,15925.0,100.0,13550.0,100.0,101538000.0,101538000.0,5310437.0,0.0,0.0,,0.0,0.0,0.0
2023-02-02,14500.0,0.0,0.0,0.0,0.0,14500.0,0.0,0.0,0.0,0.0,2521.7,14500.0,200.0,13550.0,100.0,101538000.0,101538000.0,5310437.0,0.0,0.0,,0.0,0.0,0.0
2023-02-03,14500.0,0.0,0.0,0.0,0.0,14500.0,0.0,0.0,0.0,0.0,2521.7,14500.0,200.0,13550.0,100.0,101538000.0,101538000.0,5310437.0,0.0,0.0,,0.0,0.0,0.0
2023-02-06,14500.0,0.0,0.0,0.0,0.0,14500.0,0.0,0.0,0.0,0.0,2521.7,14500.0,200.0,13550.0,100.0,101538000.0,101538000.0,5310437.0,0.0,0.0,,0.0,0.0,0.0
2023-02-07,14500.0,0.0,0.0,0.0,0.0,14500.0,0.0,0.0,0.0,0.0,2521.7,14500.0,200.0,13550.0,100.0,101538000.0,101538000.0,5310437.0,0.0,0.0,,0.0,0.0,0.0
2023-02-08,14500.0,0.0,0.0,0.0,0.0,14500.0,0.0,0.0,0.0,0.0,2521.7,14500.0,200.0,13550.0,100.0,101538000.0,101538000.0,5310437.0,0.0,0.0,,0.0,0.0,0.0
2023-02-09,14500.0,0.0,0.0,0.0,0.0,14500.0,0.0,0.0,0.0,0.0,2521.7,14500.0,200.0,13525.0,100.0,101538000.0,101538000.0,5310437.0,0.0,0.0,,0.0,0.0,0.0
2023-02-10,14500.0,0.0,0.0,0.0,0.0,14500.0,0.0,0.0,0.0,0.0,2521.7,14500.0,200.0,13550.0,100.0,101538000.0,101538000.0,5310437.0,0.0,0.0,,0.0,0.0,0.0
2023-02-13,14500.0,0.0,0.0,0.0,0.0,14500.0,0.0,0.0,0.0,0.0,2521.7,14500.0,200.0,13525.0,100.0,101538000.0,101538000.0,5310437.0,0.0,0.0,,0.0,0.0,0.0
2023-02-14,14500.0,0.0,0.0,0.0,0.0,14500.0,0.0,0.0,0.0,0.0,2521.7,14500.0,200.0,13550.0,100.0,101538000.0,101538000.0,5310437.0,0.0,0.0,,0.0,0.0,0.0
2023-02-15,14500.0,0.0,0.0,0.0,0.0,14500.0,0.0,0.0,0.0,0.0,2521.7,14500.0,200.0,13550.0,100.0,101538000.0,101538000.0,5310437.0,0.0,0.0,,708800.0,9561712000.0,1.0
2023-02-16,14500.0,0.0,0.0,0.0,0.0,14500.0,0.0,0.0,0.0,0.0,2521.7,14500.0,200.0,13550.0,100.0,101538000.0,101538000.0,5310437.0,0.0,0.0,,0.0,0.0,0.0
2023-02-17,14500.0,0.0,0.0,0.0,0.0,14500.0,0.0,0.0,0.0,0.0,2521.7,14500.0,300.0,13550.0,100.0,101538000.0,101538000.0,5310437.0,0.0,0.0,,0.0,0.0,0.0
2023-02-20,14500.0,0.0,0.0,0.0,0.0,14500.0,0.0,0.0,0.0,0.0,2521.7,14500.0,300.0,13550.0,100.0,101538000.0,101538000.0,5310437.0,0.0,0.0,,0.0,0.0,0.0
2023-02-21,14500.0,0.0,0.0,0.0,0.0,14500.0,0.0,0.0,0.0,0.0,2521.7,14500.0,200.0,13550.0,100.0,101538000.0,101538000.0,5310437.0,0.0,0.0,,0.0,0.0,0.0
2023-02-22,14500.0,0.0,0.0,0.0,0.0,14500.0,0.0,0.0,0.0,0.0,2521.7,14500.0,200.0,13550.0,100.0,101538000.0,101538000.0,5310437.0,0.0,0.0,,0.0,0.0,0.0
2023-02-23,14500.0,0.0,0.0,15950.0,15925.0,15950.0,1450.0,600.0,9567500.0,6.0,2773.9,0.0,0.0,15950.0,400.0,101538000.0,101538000.0,5310437.0,0.0,100.0,,0.0,0.0,0.0
2023-02-24,15950.0,0.0,0.0,15950.0,15950.0,15950.0,0.0,100.0,1595000.0,1.0,2773.9,16800.0,200.0,15850.0,100.0,101538000.0,101538000.0,5310437.0,0.0,0.0,,0.0,0.0,0.0
2023-02-27,15950.0,0.0,0.0,14850.0,14850.0,14850.0,-1100.0,200.0,2970000.0,2.0,2582.6,16750.0,100.0,14875.0,100.0,101538000.0,101538000.0,5310437.0,0.0,0.0,,0.0,0.0,0.0
2023-02-28,14850.0,0.0,0.0,0.0,0.0,14850.0,0.0,0.0,0.0,0.0,2582.6,16325.0,200.0,13825.0,100.0,101538000.0,101538000.0,5310437.0,0.0,0.0,,0.0,0.0,0.0
2023-03-01,14850.0,0.0,0.0,0.0,0.0,14850.0,0.0,0.0,0.0,0.0,2582.6,14850.0,100.0,13925.0,100.0,101538000.0,101538000.0,5310437.0,0.0,0.0,,0.0,0.0,0.0
2023-03-02,14850.0,0.0,0.0,0.0,0.0,14850.0,0.0,0.0,0.0,0.0,2582.6,16300.0,100.0,13900.0,100.0,101538000.0,101538000.0,5310437.0,0.0,0.0,,0.0,0.0,0.0
2023-03-03,14850.0,0.0,0.0,0.0,0.0,14850.0,0.0,0.0,0.0,0.0,2582.6,14850.0,100.0,13950.0,100.0,101538000.0,101538000.0,5310437.0,0.0,0.0,,0.0,0.0,0.0
2023-03-06,14850.0,0.0,0.0,0.0,0.0,14850.0,0.0,0.0,0.0,0.0,2582.6,16300.0,100.0,14000.0,100.0,101538000.0,101538000.0,5310437.0,0.0,0.0,,0.0,0.0,0.0
2023-03-07,14850.0,0.0,0.0,0.0,0.0,14850.0,0.0,0.0,0.0,0.0,2582.6,16300.0,100.0,13925.0,100.0,101538000.0,101538000.0,5310437.0,0.0,0.0,,0.0,0.0,0.0
2023-03-08,14850.0,0.0,0.0,0.0,0.0,14850.0,0.0,0.0,0.0,0.0,2582.6,16300.0,200.0,13850.0,100.0,101538000.0,101538000.0,5310437.0,0.0,0.0,,0.0,0.0,0.0
2023-03-09,14850.0,0.0,0.0,0.0,0.0,14850.0,0.0,0.0,0.0,0.0,2582.6,14850.0,200.0,13825.0,100.0,101538000.0,101538000.0,5310437.0,0.0,0.0,,0.0,0.0,0.0
2023-03-10,14850.0,0.0,0.0,0.0,0.0,14850.0,0.0,0.0,0.0,0.0,2582.6,16300.0,200.0,14000.0,100.0,101538000.0,101538000.0,5310437.0,0.0,0.0,,0.0,0.0,0.0
2023-03-13,14850.0,0.0,0.0,0.0,0.0,14850.0,0.0,0.0,0.0,0.0,2582.6,16300.0,100.0,13875.0,100.0,101538000.0,101538000.0,5310437.0,0.0,0.0,,0.0,0.0,0.0
2023-03-14,14850.0,0.0,0.0,0.0,0.0,14850.0,0.0,0.0,0.0,0.0,2582.6,16300.0,100.0,13900.0,100.0,101538000.0,101538000.0,5310437.0,0.0,0.0,,0.0,0.0,0.0
2023-03-15,14850.0,0.0,0.0,0.0,0.0,14850.0,0.0,0.0,0.0,0.0,2582.6,16175.0,100.0,13975.0,100.0,101538000.0,101538000.0,5310437.0,0.0,0.0,,0.0,0.0,0.0
2023-03-16,14850.0,0.0,0.0,0.0,0.0,14850.0,0.0,0.0,0.0,0.0,2582.6,14850.0,100.0,13875.0,100.0,101538000.0,101538000.0,5310437.0,0.0,0.0,,0.0,0.0,0.0
2023-03-17,14850.0,0.0,0.0,0.0,0.0,14850.0,0.0,0.0,0.0,0.0,2582.6,16300.0,100.0,13950.0,100.0,101538000.0,101538000.0,5310437.0,0.0,0.0,,0.0,0.0,0.0
2023-03-20,14850.0,0.0,0.0,0.0,0.0,14850.0,0.0,0.0,0.0,0.0,2582.6,16300.0,100.0,13925.0,100.0,101538000.0,101538000.0,5310437.0,0.0,0.0,,0.0,0.0,0.0
2023-03-21,14850.0,0.0,0.0,0.0,0.0,14850.0,0.0,0.0,0.0,0.0,2582.6,16300.0,100.0,13875.0,100.0,101538000.0,101538000.0,5310437.0,0.0,0.0,,0.0,0.0,0.0
2023-03-24,14850.0,0.0,0.0,0.0,0.0,14850.0,0.0,0.0,0.0,0.0,2582.6,14850.0,100.0,13900.0,100.0,101538000.0,101538000.0,5310437.0,0.0,0.0,,0.0,0.0,0.0
2023-03-27,14850.0,0.0,0.0,0.0,0.0,14850.0,0.0,0.0,0.0,0.0,2582.6,14825.0,100.0,13900.0,100.0,101538000.0,101538000.0,5310437.0,0.0,0.0,,0.0,0.0,0.0
2023-03-28,14850.0,0.0,0.0,0.0,0.0,14850.0,0.0,0.0,0.0,0.0,2582.6,14800.0,100.0,13850.0,100.0,101538000.0,101538000.0,5310437.0,0.0,0.0,,0.0,0.0,0.0
2023-03-29,14850.0,0.0,0.0,0.0,0.0,14850.0,0.0,0.0,0.0,0.0,2582.6,14850.0,200.0,13825.0,100.0,101538000.0,101538000.0,5310437.0,0.0,0.0,,0.0,0.0,0.0
2023-03-30,14850.0,0.0,0.0,0.0,0.0,14850.0,0.0,0.0,0.0,0.0,2582.6,14850.0,300.0,13925.0,100.0,101538000.0,101538000.0,5310437.0,0.0,0.0,,0.0,0.0,0.0
2023-03-31,14850.0,0.0,0.0,0.0,0.0,14850.0,0.0,0.0,0.0,0.0,2582.6,14850.0,100.0,13825.0,100.0,101538000.0,101538000.0,5310437.0,0.0,0.0,,0.0,0.0,0.0
2023-04-03,14850.0,0.0,0.0,0.0,0.0,14850.0,0.0,0.0,0.0,0.0,2582.6,14850.0,300.0,13825.0,100.0,101538000.0,101538000.0,5310437.0,0.0,0.0,,0.0,0.0,0.0
2023-04-04,14850.0,0.0,0.0,0.0,0.0,14850.0,0.0,0.0,0.0,0.0,2582.6,14850.0,100.0,13850.0,100.0,101538000.0,101538000.0,5310437.0,0.0,0.0,,0.0,0.0,0.0
2023-04-05,14850.0,0.0,0.0,0.0,0.0,14850.0,0.0,0.0,0.0,0.0,2582.6,14850.0,100.0,13925.0,100.0,101538000.0,101538000.0,5310437.0,0.0,0.0,,0.0,0.0,0.0
2023-04-06,14850.0,0.0,0.0,0.0,0.0,14850.0,0.0,0.0,0.0,0.0,2582.6,14850.0,100.0,13850.0,100.0,101538000.0,101538000.0,5310437.0,0.0,0.0,,0.0,0.0,0.0
2023-04-10,14850.0,0.0,0.0,0.0,0.0,14850.0,0.0,0.0,0.0,0.0,2582.6,14850.0,200.0,0.0,0.0,101538000.0,101538000.0,5310437.0,0.0,0.0,,0.0,0.0,0.0
2023-04-11,14850.0,0.0,0.0,0.0,0.0,14850.0,0.0,0.0,0.0,0.0,2582.6,14850.0,300.0,13825.0,100.0,101538000.0,101538000.0,5310437.0,0.0,0.0,,0.0,0.0,0.0
2023-04-12,14850.0,0.0,0.0,0.0,0.0,14850.0,0.0,0.0,0.0,0.0,2582.6,14850.0,100.0,13825.0,100.0,101538000.0,101538000.0,5310437.0,0.0,0.0,,0.0,0.0,0.0
2023-04-13,14850.0,0.0,0.0,0.0,0.0,14850.0,0.0,0.0,0.0,0.0,2582.6,14850.0,100.0,13825.0,100.0,101538000.0,101538000.0,5310437.0,0.0,0.0,,0.0,0.0,0.0
2023-04-14,14850.0,0.0,0.0,0.0,0.0,14850.0,0.0,0.0,0.0,0.0,2582.6,14850.0,200.0,13825.0,100.0,101538000.0,101538000.0,5310437.0,0.0,0.0,,0.0,0.0,0.0
2023-04-17,14850.0,0.0,0.0,0.0,0.0,14850.0,0.0,0.0,0.0,0.0,2582.6,14850.0,200.0,13825.0,100.0,101538000.0,101538000.0,5310437.0,0.0,0.0,,0.0,0.0,0.0
2023-04-18,14850.0,0.0,0.0,0.0,0.0,14850.0,0.0,0.0,0.0,0.0,2582.6,14850.0,100.0,13825.0,100.0,101538000.0,101538000.0,5310437.0,0.0,0.0,,0.0,0.0,0.0
2023-04-26,14850.0,0.0,0.0,0.0,0.0,14850.0,0.0,0.0,0.0,0.0,2582.6,14850.0,100.0,13825.0,100.0,101538000.0,101538000.0,5310437.0,0.0,0.0,,0.0,0.0,0.0
2023-04-27,14850.0,0.0,0.0,0.0,0.0,14850.0,0.0,0.0,0.0,0.0,2582.6,14850.0,300.0,13825.0,100.0,101538000.0,101538000.0,5310437.0,0.0,0.0,,0.0,0.0,0.0
2023-04-28,14850.0,0.0,0.0,0.0,0.0,14850.0,0.0,0.0,0.0,0.0,2582.6,14850.0,100.0,13825.0,100.0,101538000.0,101538000.0,5310437.0,0.0,0.0,,0.0,0.0,0.0
2023-05-02,14850.0,0.0,0.0,0.0,0.0,14850.0,0.0,0.0,0.0,0.0,2582.6,14850.0,100.0,13825.0,100.0,101538000.0,101538000.0,5310437.0,0.0,0.0,,0.0,0.0,0.0
2023-05-03,14850.0,0.0,0.0,0.0,0.0,14850.0,0.0,0.0,0.0,0.0,2582.6,14850.0,100.0,13825.0,100.0,101538000.0,101538000.0,5310437.0,0.0,0.0,,0.0,0.0,0.0
2023-05-04,14850.0,0.0,0.0,0.0,0.0,14850.0,0.0,0.0,0.0,0.0,2582.6,16300.0,100.0,13850.0,100.0,101538000.0,101538000.0,5310437.0,0.0,0.0,,0.0,0.0,0.0
2023-05-05,14850.0,0.0,0.0,0.0,0.0,14850.0,0.0,0.0,0.0,0.0,2582.6,14850.0,100.0,13825.0,100.0,101538000.0,101538000.0,5310437.0,0.0,0.0,,0.0,0.0,0.0
2023-05-08,14850.0,0.0,0.0,0.0,0.0,14850.0,0.0,0.0,0.0,0.0,2582.6,14850.0,200.0,13825.0,100.0,101538000.0,101538000.0,5310437.0,0.0,0.0,,0.0,0.0,0.0
2023-05-09,14850.0,0.0,0.0,0.0,0.0,14850.0,0.0,0.0,0.0,0.0,2582.6,14850.0,100.0,13825.0,100.0,101538000.0,101538000.0,5310437.0,0.0,0.0,,0.0,0.0,0.0
2023-05-10,14850.0,0.0,0.0,0.0,0.0,14850.0,0.0,0.0,0.0,0.0,2582.6,14850.0,100.0,13875.0,100.0,101538000.0,101538000.0,5310437.0,0.0,0.0,,0.0,0.0,0.0
2023-05-11,14850.0,0.0,0.0,0.0,0.0,14850.0,0.0,0.0,0.0,0.0,2582.6,14850.0,200.0,13825.0,100.0,101538000.0,101538000.0,5310437.0,0.0,0.0,,0.0,0.0,0.0
2023-05-12,14850.0,0.0,0.0,0.0,0.0,14850.0,0.0,0.0,0.0,0.0,2582.6,14850.0,100.0,13825.0,100.0,101538000.0,101538000.0,5310437.0,0.0,0.0,,0.0,0.0,0.0
2023-05-15,14850.0,0.0,0.0,0.0,0.0,14850.0,0.0,0.0,0.0,0.0,2582.6,14850.0,100.0,13825.0,100.0,101538000.0,101538000.0,5310437.0,0.0,0.0,,0.0,0.0,0.0
2023-05-16,14850.0,0.0,0.0,0.0,0.0,14850.0,0.0,0.0,0.0,0.0,2582.6,14850.0,100.0,13825.0,100.0,101538000.0,101538000.0,5310437.0,0.0,0.0,,0.0,0.0,0.0
2023-05-17,14850.0,0.0,0.0,0.0,0.0,14850.0,0.0,0.0,0.0,0.0,2582.6,14850.0,400.0,13825.0,100.0,101538000.0,101538000.0,5310437.0,0.0,0.0,,0.0,0.0,0.0
2023-05-19,14850.0,0.0,0.0,0.0,0.0,14850.0,0.0,0.0,0.0,0.0,2582.6,14850.0,100.0,13825.0,100.0,101538000.0,101538000.0,5310437.0,0.0,0.0,,0.0,0.0,0.0
2023-05-22,14850.0,0.0,0.0,0.0,0.0,14850.0,0.0,0.0,0.0,0.0,2582.6,14850.0,100.0,13825.0,100.0,101538000.0,101538000.0,5310437.0,0.0,0.0,,0.0,0.0,0.0
2023-05-23,14850.0,0.0,0.0,0.0,0.0,14850.0,0.0,0.0,0.0,0.0,2582.6,14850.0,200.0,13825.0,100.0,101538000.0,101538000.0,5310437.0,0.0,0.0,,0.0,0.0,0.0
2023-05-24,14850.0,0.0,0.0,0.0,0.0,14850.0,0.0,0.0,0.0,0.0,2582.6,14850.0,100.0,0.0,0.0,101538000.0,101538000.0,5310437.0,0.0,0.0,,0.0,0.0,0.0
2023-05-25,14850.0,0.0,0.0,0.0,0.0,14850.0,0.0,0.0,0.0,0.0,2582.6,14850.0,200.0,13825.0,100.0,101538000.0,101538000.0,5310437.0,0.0,0.0,,0.0,0.0,0.0
2023-05-26,14850.0,0.0,0.0,0.0,0.0,14850.0,0.0,0.0,0.0,0.0,2582.6,14850.0,100.0,0.0,0.0,101538000.0,101538000.0,5310437.0,0.0,0.0,,0.0,0.0,0.0
2023-05-29,14850.0,0.0,0.0,0.0,0.0,14850.0,0.0,0.0,0.0,0.0,2582.6,14850.0,300.0,13825.0,100.0,101538000.0,101538000.0,5310437.0,0.0,0.0,,0.0,0.0,0.0
2023-05-30,14850.0,0.0,0.0,0.0,0.0,14850.0,0.0,0.0,0.0,0.0,2582.6,14850.0,200.0,13825.0,100.0,101538000.0,101538000.0,5310437.0,0.0,0.0,,0.0,0.0,0.0
2023-05-31,14850.0,0.0,0.0,0.0,0.0,14850.0,0.0,0.0,0.0,0.0,2582.6,14850.0,100.0,0.0,0.0,101538000.0,101538000.0,5310437.0,0.0,0.0,,0.0,0.0,0.0
2023-06-05,14850.0,0.0,0.0,0.0,0.0,14850.0,0.0,0.0,0.0,0.0,2582.6,14600.0,100.0,13375.0,100.0,101538000.0,101538000.0,5310437.0,0.0,0.0,,0.0,0.0,0.0
2023-06-06,14850.0,0.0,0.0,0.0,0.0,14850.0,0.0,0.0,0.0,0.0,2582.6,14850.0,100.0,13375.0,100.0,101538000.0,101538000.0,5310437.0,0.0,0.0,,0.0,0.0,0.0
2023-06-07,14850.0,0.0,0.0,0.0,0.0,14850.0,0.0,0.0,0.0,0.0,2582.6,14850.0,200.0,13375.0,100.0,101538000.0,101538000.0,5310437.0,0.0,0.0,,0.0,0.0,0.0
2023-06-08,14850.0,0.0,0.0,0.0,0.0,14850.0,0.0,0.0,0.0,0.0,2582.6,14825.0,100.0,13375.0,100.0,101538000.0,101538000.0,5310437.0,0.0,0.0,,0.0,0.0,0.0
2023-06-09,14850.0,0.0,0.0,0.0,0.0,14850.0,0.0,0.0,0.0,0.0,2582.6,14850.0,100.0,13400.0,100.0,101538000.0,101538000.0,5310437.0,0.0,0.0,,0.0,0.0,0.0
2023-06-12,14850.0,0.0,0.0,0.0,0.0,14850.0,0.0,0.0,0.0,0.0,2582.6,14850.0,400.0,13375.0,100.0,101538000.0,101538000.0,5310437.0,0.0,0.0,,0.0,0.0,0.0
2023-06-13,14850.0,0.0,0.0,0.0,0.0,14850.0,0.0,0.0,0.0,0.0,2582.6,14850.0,100.0,13375.0,100.0,101538000.0,101538000.0,5310437.0,0.0,0.0,,0.0,0.0,0.0
2023-06-14,14850.0,0.0,0.0,0.0,0.0,14850.0,0.0,0.0,0.0,0.0,2582.6,14850.0,200.0,13375.0,100.0,101538000.0,101538000.0,5310437.0,0.0,0.0,,0.0,0.0,0.0
2023-06-15,14850.0,0.0,0.0,0.0,0.0,14850.0,0.0,0.0,0.0,0.0,2582.6,14850.0,300.0,0.0,0.0,101538000.0,101538000.0,5310437.0,0.0,0.0,,0.0,0.0,0.0
2023-06-16,14850.0,0.0,0.0,0.0,0.0,14850.0,0.0,0.0,0.0,0.0,2582.6,14850.0,200.0,0.0,0.0,101538000.0,101538000.0,5310437.0,0.0,0.0,,0.0,0.0,0.0
2023-06-19,14850.0,0.0,0.0,0.0,0.0,14850.0,0.0,0.0,0.0,0.0,2582.6,14850.0,300.0,0.0,0.0,101538000.0,101538000.0,5310437.0,0.0,0.0,,0.0,0.0,0.0
2023-06-20,14850.0,0.0,0.0,0.0,0.0,14850.0,0.0,0.0,0.0,0.0,2582.6,14850.0,200.0,0.0,0.0,101538000.0,101538000.0,5310437.0,0.0,0.0,,0.0,0.0,0.0
2023-06-21,14850.0,0.0,0.0,0.0,0.0,14850.0,0.0,0.0,0.0,0.0,2582.6,14850.0,200.0,13375.0,100.0,101538000.0,101538000.0,5310437.0,0.0,0.0,,0.0,0.0,0.0
2023-06-22,14850.0,0.0,0.0,0.0,0.0,14850.0,0.0,0.0,0.0,0.0,2582.6,14850.0,100.0,13400.0,100.0,101538000.0,101538000.0,5310437.0,0.0,0.0,,0.0,0.0,0.0
2023-06-23,14850.0,0.0,0.0,0.0,0.0,14850.0,0.0,0.0,0.0,0.0,2582.6,14850.0,200.0,13400.0,100.0,101538000.0,101538000.0,5310437.0,0.0,0.0,,0.0,0.0,0.0
2023-06-26,14850.0,0.0,0.0,0.0,0.0,14850.0,0.0,0.0,0.0,0.0,2582.6,14850.0,300.0,13375.0,100.0,101538000.0,101538000.0,5310437.0,0.0,0.0,,0.0,0.0,0.0
2023-06-27,14850.0,0.0,0.0,0.0,0.0,14850.0,0.0,0.0,0.0,0.0,2582.6,14850.0,400.0,13375.0,100.0,101538000.0,101538000.0,5310437.0,0.0,0.0,,0.0,0.0,0.0
2023-07-03,14850.0,0.0,0.0,0.0,0.0,14850.0,0.0,0.0,0.0,0.0,2582.6,14850.0,200.0,13375.0,100.0,101538000.0,101538000.0,5310437.0,0.0,0.0,,0.0,0.0,0.0
2023-07-04,14850.0,0.0,0.0,0.0,0.0,14850.0,0.0,0.0,0.0,0.0,2582.6,14850.0,200.0,13375.0,100.0,101538000.0,101538000.0,5310437.0,0.0,0.0,,0.0,0.0,0.0
2023-07-05,14850.0,0.0,0.0,0.0,0.0,14850.0,0.0,0.0,0.0,0.0,2582.6,14850.0,200.0,13375.0,100.0,101538000.0,101538000.0,5310437.0,0.0,0.0,,0.0,0.0,0.0
2023-07-06,14850.0,0.0,0.0,0.0,0.0,14850.0,0.0,0.0,0.0,0.0,2582.6,14850.0,300.0,13375.0,100.0,101538000.0,101538000.0,5310437.0,0.0,0.0,,0.0,0.0,0.0
2023-07-07,14850.0,0.0,0.0,0.0,0.0,14850.0,0.0,0.0,0.0,0.0,2582.6,14850.0,100.0,13375.0,100.0,101538000.0,101538000.0,5310437.0,0.0,0.0,,0.0,0.0,0.0
2023-07-10,14850.0,0.0,0.0,0.0,0.0,14850.0,0.0,0.0,0.0,0.0,2582.6,14850.0,100.0,0.0,0.0,101538000.0,101538000.0,5310437.0,0.0,0.0,,0.0,0.0,0.0
2023-07-11,14850.0,0.0,0.0,0.0,0.0,14850.0,0.0,0.0,0.0,0.0,2582.6,14850.0,100.0,13375.0,100.0,101538000.0,101538000.0,5310437.0,0.0,0.0,,0.0,0.0,0.0
2023-07-12,14850.0,0.0,0.0,0.0,0.0,14850.0,0.0,0.0,0.0,0.0,2582.6,14850.0,300.0,0.0,0.0,101538000.0,101538000.0,5310437.0,0.0,0.0,,0.0,0.0,0.0
2023-07-13,14850.0,0.0,0.0,0.0,0.0,14850.0,0.0,0.0,0.0,0.0,2582.6,14850.0,100.0,0.0,0.0,101538000.0,101538000.0,5310437.0,0.0,0.0,,0.0,0.0,0.0
2023-07-14,14850.0,0.0,0.0,0.0,0.0,14850.0,0.0,0.0,0.0,0.0,2582.6,14850.0,300.0,0.0,0.0,101538000.0,101538000.0,5310437.0,0.0,0.0,,0.0,0.0,0.0
2023-07-17,14850.0,0.0,0.0,0.0,0.0,14850.0,0.0,0.0,0.0,0.0,2582.6,14850.0,100.0,13375.0,100.0,101538000.0,101538000.0,5310437.0,0.0,0.0,,0.0,0.0,0.0
2023-07-18,14850.0,0.0,0.0,0.0,0.0,14850.0,0.0,0.0,0.0,0.0,2582.6,14850.0,200.0,13375.0,100.0,101538000.0,101538000.0,5310437.0,0.0,0.0,,0.0,0.0,0.0
2023-07-20,14850.0,0.0,0.0,0.0,0.0,14850.0,0.0,0.0,0.0,0.0,2582.6,14850.0,200.0,0.0,0.0,101538000.0,101538000.0,5310437.0,0.0,0.0,,0.0,0.0,0.0
2023-07-21,14850.0,0.0,0.0,0.0,0.0,14850.0,0.0,0.0,0.0,0.0,2582.6,14850.0,200.0,0.0,0.0,101538000.0,101538000.0,5310437.0,0.0,0.0,,0.0,0.0,0.0
2023-07-24,14850.0,0.0,0.0,0.0,0.0,14850.0,0.0,0.0,0.0,0.0,2582.6,14850.0,200.0,0.0,0.0,101538000.0,101538000.0,5310437.0,0.0,0.0,,0.0,0.0,0.0
2023-07-25,14850.0,0.0,0.0,0.0,0.0,14850.0,0.0,0.0,0.0,0.0,2582.6,14750.0,100.0,0.0,0.0,101538000.0,101538000.0,5310437.0,0.0,0.0,,0.0,0.0,0.0
2023-07-26,14850.0,0.0,0.0,0.0,0.0,14850.0,0.0,0.0,0.0,0.0,2582.6,14850.0,200.0,13375.0,100.0,101538000.0,101538000.0,5310437.0,0.0,0.0,,0.0,0.0,0.0
2023-07-27,14850.0,0.0,0.0,0.0,0.0,14850.0,0.0,0.0,0.0,0.0,2582.6,14850.0,200.0,0.0,0.0,101538000.0,101538000.0,5310437.0,0.0,0.0,,0.0,0.0,0.0
2023-07-28,14850.0,0.0,0.0,0.0,0.0,14850.0,0.0,0.0,0.0,0.0,2582.6,14850.0,200.0,0.0,0.0,101538000.0,101538000.0,5310437.0,0.0,0.0,,0.0,0.0,0.0
2023-07-31,14850.0,0.0,0.0,0.0,0.0,14850.0,0.0,0.0,0.0,0.0,2582.6,14850.0,300.0,0.0,0.0,101538000.0,101538000.0,5310437.0,0.0,0.0,,0.0,0.0,0.0
2023-08-01,14850.0,0.0,0.0,0.0,0.0,14850.0,0.0,0.0,0.0,0.0,2582.6,14850.0,500.0,0.0,0.0,101538000.0,101538000.0,5310437.0,0.0,0.0,,0.0,0.0,0.0
2023-08-02,14850.0,0.0,0.0,0.0,0.0,14850.0,0.0,0.0,0.0,0.0,2582.6,14850.0,200.0,0.0,0.0,101538000.0,101538000.0,5310437.0,0.0,0.0,,0.0,0.0,0.0
2023-08-03,14850.0,0.0,0.0,0.0,0.0,14850.0,0.0,0.0,0.0,0.0,2582.6,14850.0,200.0,0.0,0.0,101538000.0,101538000.0,5310437.0,0.0,0.0,,0.0,0.0,0.0
2023-08-04,14850.0,0.0,0.0,0.0,0.0,14850.0,0.0,0.0,0.0,0.0,2582.6,14850.0,200.0,0.0,0.0,101538000.0,101538000.0,5310437.0,0.0,0.0,,0.0,0.0,0.0
2023-08-07,14850.0,0.0,0.0,14850.0,14850.0,14850.0,0.0,100.0,1485000.0,1.0,2582.6,14850.0,100.0,0.0,0.0,101538000.0,101538000.0,5310437.0,0.0,0.0,,0.0,0.0,0.0
2023-08-08,14850.0,0.0,0.0,14850.0,14850.0,14850.0,0.0,100.0,1485000.0,1.0,2582.6,16325.0,100.0,0.0,0.0,101538000.0,101538000.0,5310437.0,0.0,0.0,,0.0,0.0,0.0
2023-08-09,14850.0,0.0,0.0,0.0,0.0,14850.0,0.0,0.0,0.0,0.0,2582.6,0.0,0.0,0.0,0.0,101538000.0,101538000.0,5310437.0,0.0,0.0,,0.0,0.0,0.0
2023-08-10,14850.0,0.0,0.0,0.0,0.0,14850.0,0.0,0.0,0.0,0.0,2582.6,0.0,0.0,0.0,0.0,101538000.0,101538000.0,5310437.0,0.0,0.0,,0.0,0.0,0.0
2023-08-11,14850.0,0.0,0.0,0.0,0.0,14850.0,0.0,0.0,0.0,0.0,2582.6,16325.0,100.0,0.0,0.0,101538000.0,101538000.0,5310437.0,0.0,0.0,,0.0,0.0,0.0
2023-08-14,14850.0,0.0,0.0,0.0,0.0,14850.0,0.0,0.0,0.0,0.0,2582.6,0.0,0.0,13375.0,100.0,101538000.0,101538000.0,5310437.0,0.0,0.0,,0.0,0.0,0.0
2023-08-15,14850.0,0.0,0.0,0.0,0.0,14850.0,0.0,0.0,0.0,0.0,2582.6,14850.0,200.0,0.0,0.0,101538000.0,101538000.0,5310437.0,0.0,0.0,,0.0,0.0,0.0
2023-08-16,14850.0,0.0,0.0,0.0,0.0,14850.0,0.0,0.0,0.0,0.0,2582.6,0.0,0.0,0.0,0.0,101538000.0,101538000.0,5310437.0,0.0,0.0,,0.0,0.0,0.0
2023-08-18,14850.0,0.0,0.0,0.0,0.0,14850.0,0.0,0.0,0.0,0.0,2582.6,16325.0,100.0,0.0,0.0,101538000.0,101538000.0,5310437.0,0.0,0.0,,0.0,0.0,0.0
2023-08-21,14850.0,0.0,0.0,0.0,0.0,14850.0,0.0,0.0,0.0,0.0,2582.6,14850.0,100.0,0.0,0.0,101538000.0,101538000.0,5310437.0,0.0,0.0,,0.0,0.0,0.0
2023-08-22,14850.0,0.0,0.0,0.0,0.0,14850.0,0.0,0.0,0.0,0.0,2582.6,0.0,0.0,0.0,0.0,101538000.0,101538000.0,5310437.0,0.0,0.0,,0.0,0.0,0.0
2023-08-23,14850.0,0.0,0.0,0.0,0.0,14850.0,0.0,0.0,0.0,0.0,2582.6,16325.0,100.0,0.0,0.0,101538000.0,101538000.0,5310437.0,0.0,0.0,,0.0,0.0,0.0
2023-08-24,14850.0,0.0,0.0,0.0,0.0,14850.0,0.0,0.0,0.0,0.0,2582.6,0.0,0.0,0.0,0.0,101538000.0,101538000.0,5310437.0,0.0,0.0,,0.0,0.0,0.0
2023-08-25,14850.0,0.0,0.0,0.0,0.0,14850.0,0.0,0.0,0.0,0.0,2582.6,16325.0,100.0,13375.0,100.0,101538000.0,101538000.0,5310437.0,0.0,0.0,,0.0,0.0,0.0
2023-08-28,14850.0,0.0,0.0,0.0,0.0,14850.0,0.0,0.0,0.0,0.0,2582.6,16325.0,100.0,0.0,0.0,101538000.0,101538000.0,5310437.0,0.0,0.0,,0.0,0.0,0.0
2023-08-29,14850.0,0.0,0.0,0.0,0.0,14850.0,0.0,0.0,0.0,0.0,2582.6,14850.0,100.0,0.0,0.0,101538000.0,101538000.0,5310437.0,0.0,0.0,,0.0,0.0,0.0
2023-08-30,14850.0,0.0,0.0,0.0,0.0,14850.0,0.0,0.0,0.0,0.0,2582.6,16325.0,100.0,0.0,0.0,101538000.0,101538000.0,5310437.0,0.0,0.0,,0.0,0.0,0.0
2023-08-31,14850.0,0.0,0.0,0.0,0.0,14850.0,0.0,0.0,0.0,0.0,2582.6,14850.0,200.0,0.0,0.0,101538000.0,101538000.0,5310437.0,0.0,0.0,,0.0,0.0,0.0
2023-09-01,14850.0,0.0,0.0,0.0,0.0,14850.0,0.0,0.0,0.0,0.0,2582.6,14850.0,100.0,0.0,0.0,101538000.0,101538000.0,5310437.0,0.0,0.0,,0.0,0.0,0.0
2023-09-04,14850.0,0.0,0.0,0.0,0.0,14850.0,0.0,0.0,0.0,0.0,2582.6,0.0,0.0,0.0,0.0,101538000.0,101538000.0,5310437.0,0.0,0.0,,0.0,0.0,0.0
2023-09-05,14850.0,0.0,0.0,0.0,0.0,14850.0,0.0,0.0,0.0,0.0,2582.6,14850.0,100.0,0.0,0.0,101538000.0,101538000.0,5310437.0,0.0,0.0,,0.0,0.0,0.0
2023-09-06,14850.0,0.0,0.0,0.0,0.0,14850.0,0.0,0.0,0.0,0.0,2582.6,0.0,0.0,0.0,0.0,101538000.0,101538000.0,5310437.0,0.0,0.0,,0.0,0.0,0.0
2023-09-07,14850.0,0.0,0.0,0.0,0.0,14850.0,0.0,0.0,0.0,0.0,2582.6,0.0,0.0,0.0,0.0,101538000.0,101538000.0,5310437.0,0.0,0.0,,0.0,0.0,0.0
2023-09-08,14850.0,0.0,0.0,0.0,0.0,14850.0,0.0,0.0,0.0,0.0,2582.6,0.0,0.0,0.0,0.0,101538000.0,101538000.0,5310437.0,0.0,0.0,,0.0,0.0,0.0
2023-09-11,14850.0,0.0,0.0,0.0,0.0,14850.0,0.0,0.0,0.0,0.0,2582.6,0.0,0.0,0.0,0.0,101538000.0,101538000.0,5310437.0,0.0,0.0,,0.0,0.0,0.0
2023-09-12,14850.0,0.0,0.0,0.0,0.0,14850.0,0.0,0.0,0.0,0.0,2582.6,0.0,0.0,0.0,0.0,101538000.0,101538000.0,5310437.0,0.0,0.0,,0.0,0.0,0.0
2023-09-13,14850.0,0.0,0.0,0.0,0.0,14850.0,0.0,0.0,0.0,0.0,2582.6,14850.0,100.0,0.0,0.0,101538000.0,101538000.0,5310437.0,0.0,0.0,,0.0,0.0,0.0
2023-09-14,14850.0,0.0,0.0,0.0,0.0,14850.0,0.0,0.0,0.0,0.0,2582.6,0.0,0.0,0.0,0.0,101538000.0,101538000.0,5310437.0,0.0,0.0,,0.0,0.0,0.0
2023-09-15,14850.0,0.0,0.0,0.0,0.0,14850.0,0.0,0.0,0.0,0.0,2582.6,14850.0,100.0,0.0,0.0,101538000.0,101538000.0,5310437.0,0.0,0.0,,0.0,0.0,0.0
2023-09-18,14850.0,0.0,0.0,0.0,0.0,14850.0,0.0,0.0,0.0,0.0,2582.6,0.0,0.0,0.0,0.0,101538000.0,101538000.0,5310437.0,0.0,0.0,,0.0,0.0,0.0
2023-09-19,14850.0,0.0,0.0,0.0,0.0,14850.0,0.0,0.0,0.0,0.0,2582.6,14850.0,200.0,0.0,0.0,101538000.0,101538000.0,5310437.0,0.0,0.0,,0.0,0.0,0.0
2023-09-20,14850.0,0.0,0.0,0.0,0.0,14850.0,0.0,0.0,0.0,0.0,2582.6,16325.0,100.0,0.0,0.0,101538000.0,101538000.0,5310437.0,0.0,0.0,,0.0,0.0,0.0
2023-09-21,14850.0,0.0,0.0,0.0,0.0,14850.0,0.0,0.0,0.0,0.0,2582.6,0.0,0.0,0.0,0.0,101538000.0,101538000.0,5310437.0,0.0,0.0,,0.0,0.0,0.0
2023-09-22,14850.0,0.0,0.0,0.0,0.0,14850.0,0.0,0.0,0.0,0.0,2582.6,0.0,0.0,0.0,0.0,101538000.0,101538000.0,5310437.0,0.0,0.0,,0.0,0.0,0.0
2023-09-25,14850.0,0.0,0.0,0.0,0.0,14850.0,0.0,0.0,0.0,0.0,2582.6,14850.0,200.0,0.0,0.0,101538000.0,101538000.0,5310437.0,0.0,0.0,,0.0,0.0,0.0
2023-09-26,14850.0,0.0,0.0,0.0,0.0,14850.0,0.0,0.0,0.0,0.0,2582.6,14850.0,100.0,0.0,0.0,101538000.0,101538000.0,5310437.0,0.0,0.0,,0.0,0.0,0.0
2023-09-27,14850.0,0.0,0.0,0.0,0.0,14850.0,0.0,0.0,0.0,0.0,2582.6,14850.0,200.0,0.0,0.0,101538000.0,101538000.0,5310437.0,0.0,0.0,,0.0,0.0,0.0
2023-09-29,14850.0,0.0,0.0,0.0,0.0,14850.0,0.0,0.0,0.0,0.0,2582.6,0.0,0.0,0.0,0.0,101538000.0,101538000.0,5310437.0,0.0,0.0,,0.0,0.0,0.0
2023-10-02,14850.0,0.0,0.0,0.0,0.0,14850.0,0.0,0.0,0.0,0.0,2582.6,16325.0,100.0,0.0,0.0,101538000.0,101538000.0,5310437.0,0.0,0.0,,0.0,0.0,0.0
2023-10-03,14850.0,0.0,0.0,0.0,0.0,14850.0,0.0,0.0,0.0,0.0,2582.6,16325.0,100.0,0.0,0.0,101538000.0,101538000.0,5310437.0,0.0,0.0,,0.0,0.0,0.0
2023-10-04,14850.0,0.0,0.0,0.0,0.0,14850.0,0.0,0.0,0.0,0.0,2582.6,14800.0,1000.0,0.0,0.0,101538000.0,101538000.0,5310437.0,0.0,0.0,,0.0,0.0,0.0
2023-10-05,14850.0,0.0,0.0,0.0,0.0,14850.0,0.0,0.0,0.0,0.0,2582.6,14850.0,100.0,0.0,0.0,101538000.0,101538000.0,5310437.0,0.0,0.0,,0.0,0.0,0.0
2023-10-06,14850.0,0.0,0.0,0.0,0.0,14850.0,0.0,0.0,0.0,0.0,2582.6,14850.0,400.0,0.0,0.0,101538000.0,101538000.0,5310437.0,0.0,0.0,,0.0,0.0,0.0
2023-10-09,14850.0,0.0,0.0,0.0,0.0,14850.0,0.0,0.0,0.0,0.0,2582.6,16325.0,100.0,0.0,0.0,101538000.0,101538000.0,5310437.0,0.0,0.0,,0.0,0.0,0.0
2023-10-10,14850.0,0.0,0.0,0.0,0.0,14850.0,0.0,0.0,0.0,0.0,2582.6,14850.0,100.0,0.0,0.0,101538000.0,101538000.0,5310437.0,0.0,0.0,,0.0,0.0,0.0
2023-10-11,14850.0,0.0,0.0,0.0,0.0,14850.0,0.0,0.0,0.0,0.0,2582.6,14850.0,100.0,0.0,0.0,101538000.0,101538000.0,5310437.0,0.0,0.0,,0.0,0.0,0.0
2023-10-12,14850.0,0.0,0.0,0.0,0.0,14850.0,0.0,0.0,0.0,0.0,2582.6,14850.0,100.0,0.0,0.0,101538000.0,101538000.0,5310437.0,0.0,0.0,,0.0,0.0,0.0
2023-10-13,14850.0,0.0,0.0,0.0,0.0,14850.0,0.0,0.0,0.0,0.0,2582.6,16325.0,100.0,0.0,0.0,101538000.0,101538000.0,5310437.0,0.0,0.0,,0.0,0.0,0.0
2023-10-16,14850.0,0.0,0.0,0.0,0.0,14850.0,0.0,0.0,0.0,0.0,2582.6,16325.0,100.0,0.0,0.0,101538000.0,101538000.0,5310437.0,0.0,0.0,,0.0,0.0,0.0
2023-10-17,14850.0,0.0,0.0,0.0,0.0,14850.0,0.0,0.0,0.0,0.0,2582.6,16325.0,100.0,0.0,0.0,101538000.0,101538000.0,5310437.0,0.0,0.0,,0.0,0.0,0.0
2023-10-18,14850.0,0.0,0.0,0.0,0.0,14850.0,0.0,0.0,0.0,0.0,2582.6,16325.0,100.0,0.0,0.0,101538000.0,101538000.0,5310437.0,0.0,0.0,,0.0,0.0,0.0
2023-10-19,14850.0,0.0,0.0,0.0,0.0,14850.0,0.0,0.0,0.0,0.0,2582.6,14850.0,100.0,0.0,0.0,101538000.0,101538000.0,5310437.0,0.0,0.0,,0.0,0.0,0.0
2023-10-20,14850.0,0.0,0.0,0.0,0.0,14850.0,0.0,0.0,0.0,0.0,2582.6,14850.0,100.0,0.0,0.0,101538000.0,101538000.0,5310437.0,0.0,0.0,,0.0,0.0,0.0
2023-10-23,14850.0,0.0,0.0,0.0,0.0,14850.0,0.0,0.0,0.0,0.0,2582.6,16325.0,100.0,0.0,0.0,101538000.0,101538000.0,5310437.0,0.0,0.0,,0.0,0.0,0.0
2023-10-24,14850.0,0.0,0.0,0.0,0.0,14850.0,0.0,0.0,0.0,0.0,2582.6,0.0,0.0,0.0,0.0,101538000.0,101538000.0,5310437.0,0.0,0.0,,0.0,0.0,0.0
2023-10-25,14850.0,0.0,0.0,0.0,0.0,14850.0,0.0,0.0,0.0,0.0,2582.6,16325.0,100.0,0.0,0.0,101538000.0,101538000.0,5310437.0,0.0,0.0,,0.0,0.0,0.0
2023-10-26,14850.0,0.0,0.0,0.0,0.0,14850.0,0.0,0.0,0.0,0.0,2582.6,16325.0,100.0,0.0,0.0,101538000.0,101538000.0,5310437.0,0.0,0.0,,0.0,0.0,0.0
2023-10-27,14850.0,0.0,0.0,0.0,0.0,14850.0,0.0,0.0,0.0,0.0,2582.6,0.0,0.0,0.0,0.0,101538000.0,101538000.0,5310437.0,0.0,0.0,,0.0,0.0,0.0
2023-10-30,14850.0,0.0,0.0,0.0,0.0,14850.0,0.0,0.0,0.0,0.0,2582.6,16325.0,100.0,0.0,0.0,101538000.0,101538000.0,5310437.0,0.0,0.0,,0.0,0.0,0.0
2023-10-31,14850.0,0.0,0.0,0.0,0.0,14850.0,0.0,0.0,0.0,0.0,2582.6,0.0,0.0,0.0,0.0,101538000.0,101538000.0,5310437.0,0.0,0.0,,0.0,0.0,0.0
2023-11-01,14850.0,0.0,0.0,0.0,0.0,14850.0,0.0,0.0,0.0,0.0,2582.6,0.0,0.0,0.0,0.0,101538000.0,101538000.0,5310437.0,0.0,0.0,,0.0,0.0,0.0
2023-11-02,14850.0,0.0,0.0,0.0,0.0,14850.0,0.0,0.0,0.0,0.0,2582.6,16325.0,100.0,0.0,0.0,101538000.0,101538000.0,5310437.0,0.0,0.0,,0.0,0.0,0.0
2023-11-03,14850.0,0.0,0.0,0.0,0.0,14850.0,0.0,0.0,0.0,0.0,2582.6,16300.0,100.0,0.0,0.0,101538000.0,101538000.0,5310437.0,0.0,0.0,,0.0,0.0,0.0
2023-11-06,14850.0,0.0,0.0,0.0,0.0,14850.0,0.0,0.0,0.0,0.0,2582.6,14850.0,100.0,0.0,0.0,101538000.0,101538000.0,5310437.0,0.0,0.0,,0.0,0.0,0.0
2023-11-07,14850.0,0.0,0.0,14900.0,14900.0,14900.0,50.0,100.0,1490000.0,1.0,2591.3,16325.0,100.0,14850.0,100.0,101538000.0,101538000.0,5310437.0,0.0,0.0,,0.0,0.0,0.0
2023-11-08,14900.0,0.0,0.0,15050.0,15050.0,15050.0,150.0,200.0,3010000.0,2.0,2617.4,16350.0,200.0,15050.0,100.0,101538000.0,101538000.0,5310437.0,0.0,0.0,,0.0,0.0,0.0
2023-11-09,15050.0,0.0,0.0,0.0,0.0,15050.0,0.0,0.0,0.0,0.0,2617.4,16350.0,100.0,0.0,0.0,101538000.0,101538000.0,5310437.0,0.0,0.0,,0.0,0.0,0.0
2023-11-10,15050.0,0.0,0.0,0.0,0.0,15050.0,0.0,0.0,0.0,0.0,2617.4,16350.0,100.0,0.0,0.0,101538000.0,101538000.0,5310437.0,0.0,0.0,,0.0,0.0,0.0
2023-11-13,15050.0,0.0,0.0,0.0,0.0,15050.0,0.0,0.0,0.0,0.0,2617.4,0.0,0.0,16325.0,600.0,101538000.0,101538000.0,5310437.0,0.0,0.0,,0.0,0.0,0.0
2023-11-14,15050.0,0.0,0.0,0.0,0.0,15050.0,0.0,0.0,0.0,0.0,2617.4,0.0,0.0,16325.0,600.0,101538000.0,101538000.0,5310437.0,0.0,0.0,,0.0,0.0,0.0
2023-11-15,15050.0,0.0,0.0,0.0,0.0,15050.0,0.0,0.0,0.0,0.0,2617.4,15950.0,100.0,0.0,0.0,101538000.0,101538000.0,5310437.0,0.0,0.0,,0.0,0.0,0.0
2023-11-16,15050.0,0.0,0.0,0.0,0.0,15050.0,0.0,0.0,0.0,0.0,2617.4,0.0,0.0,15950.0,600.0,101538000.0,101538000.0,5310437.0,0.0,0.0,,0.0,0.0,0.0
2023-11-17,15050.0,0.0,0.0,0.0,0.0,15050.0,0.0,0.0,0.0,0.0,2617.4,0.0,0.0,0.0,0.0,101538000.0,101538000.0,5310437.0,0.0,0.0,,0.0,0.0,0.0
2023-11-20,15050.0,0.0,0.0,0.0,0.0,15050.0,0.0,0.0,0.0,0.0,2617.4,0.0,0.0,15050.0,600.0,101538000.0,101538000.0,5310437.0,0.0,0.0,,0.0,0.0,0.0
2023-11-21,15050.0,0.0,0.0,0.0,0.0,15050.0,0.0,0.0,0.0,0.0,2617.4,0.0,0.0,15050.0,600.0,101538000.0,101538000.0,5310437.0,0.0,0.0,,0.0,0.0,0.0
2023-11-22,15050.0,0.0,0.0,0.0,0.0,15050.0,0.0,0.0,0.0,0.0,2617.4,0.0,0.0,15050.0,600.0,101538000.0,101538000.0,5310437.0,0.0,0.0,,0.0,0.0,0.0
2023-11-23,15050.0,0.0,0.0,0.0,0.0,15050.0,0.0,0.0,0.0,0.0,2617.4,16325.0,100.0,15050.0,600.0,101538000.0,101538000.0,5310437.0,0.0,0.0,,0.0,0.0,0.0
2023-11-24,15050.0,0.0,0.0,16325.0,16325.0,16325.0,1275.0,100.0,1632500.0,1.0,2839.1,0.0,0.0,15050.0,800.0,101538000.0,101538000.0,5310437.0,0.0,0.0,,0.0,0.0,0.0
2023-11-27,16325.0,0.0,0.0,16375.0,16375.0,16375.0,50.0,100.0,1637500.0,1.0,2847.8,17950.0,100.0,16350.0,1000.0,101538000.0,101538000.0,5310437.0,0.0,0.0,,0.0,0.0,0.0
2023-11-28,16375.0,0.0,0.0,17950.0,17950.0,17950.0,1575.0,200.0,3590000.0,2.0,3121.7,18000.0,100.0,17950.0,300.0,101538000.0,101538000.0,5310437.0,0.0,0.0,,0.0,0.0,0.0
2023-11-29,17950.0,0.0,0.0,0.0,0.0,17950.0,0.0,0.0,0.0,0.0,3121.7,19500.0,100.0,18000.0,100.0,101538000.0,101538000.0,5310437.0,0.0,0.0,,0.0,0.0,0.0
2023-11-30,17950.0,0.0,0.0,19725.0,19725.0,19725.0,1775.0,300.0,5917500.0,3.0,3430.4,0.0,0.0,19725.0,200.0,101538000.0,101538000.0,5310437.0,0.0,0.0,,0.0,0.0,0.0
2023-12-01,19725.0,0.0,0.0,19750.0,19750.0,19750.0,25.0,100.0,1975000.0,1.0,3434.8,21675.0,200.0,19725.0,200.0,101538000.0,101538000.0,5310437.0,0.0,0.0,,0.0,0.0,0.0
2023-12-04,19750.0,0.0,0.0,21675.0,21675.0,21675.0,1925.0,200.0,4335000.0,2.0,3769.6,21725.0,200.0,21675.0,100.0,101538000.0,101538000.0,5310437.0,0.0,0.0,,0.0,0.0,0.0
2023-12-05,21675.0,0.0,0.0,21725.0,21725.0,21725.0,50.0,100.0,2172500.0,1.0,3778.3,23825.0,200.0,21725.0,100.0,101538000.0,101538000.0,5310437.0,0.0,0.0,,0.0,0.0,0.0
2023-12-06,21725.0,0.0,0.0,0.0,0.0,21725.0,0.0,0.0,0.0,0.0,3778.3,23825.0,200.0,21750.0,100.0,101538000.0,101538000.0,5310437.0,0.0,0.0,,0.0,0.0,0.0
2023-12-07,21725.0,0.0,0.0,0.0,0.0,21725.0,0.0,0.0,0.0,0.0,3778.3,23825.0,200.0,21750.0,200.0,101538000.0,101538000.0,5310437.0,0.0,0.0,,0.0,0.0,0.0
2023-12-08,21725.0,0.0,0.0,23825.0,23825.0,23825.0,2100.0,200.0,4765000.0,1.0,4143.5,23875.0,200.0,0.0,0.0,101538000.0,101538000.0,5310437.0,0.0,0.0,,0.0,0.0,0.0
2023-12-11,23825.0,0.0,0.0,23875.0,23875.0,23875.0,50.0,100.0,2387500.0,1.0,4152.2,26200.0,500.0,23875.0,100.0,101538000.0,101538000.0,5310437.0,0.0,0.0,,0.0,0.0,0.0
2023-12-12,23875.0,0.0,0.0,0.0,0.0,23875.0,0.0,0.0,0.0,0.0,4152.2,23875.0,100.0,0.0,0.0,101538000.0,101538000.0,5310437.0,0.0,0.0,,0.0,0.0,0.0
2023-12-13,23875.0,0.0,0.0,23875.0,23875.0,23875.0,0.0,200.0,4775000.0,2.0,4152.2,26200.0,200.0,0.0,0.0,101538000.0,101538000.0,5310437.0,0.0,0.0,,0.0,0.0,0.0
2023-12-14,23875.0,0.0,0.0,23875.0,23875.0,23875.0,0.0,100.0,2387500.0,1.0,4152.2,23875.0,1000.0,0.0,0.0,101538000.0,101538000.0,5310437.0,0.0,0.0,,0.0,0.0,0.0
2023-12-15,23875.0,0.0,0.0,0.0,0.0,23875.0,0.0,0.0,0.0,0.0,4152.2,23875.0,500.0,0.0,0.0,101538000.0,101538000.0,5310437.0,0.0,0.0,,0.0,0.0,0.0
2023-12-18,23875.0,0.0,0.0,0.0,0.0,23875.0,0.0,0.0,0.0,0.0,4152.2,23875.0,1300.0,0.0,0.0,101538000.0,101538000.0,5310437.0,0.0,0.0,,0.0,0.0,0.0
2023-12-19,23875.0,0.0,0.0,0.0,0.0,23875.0,0.0,0.0,0.0,0.0,4152.2,23875.0,500.0,0.0,0.0,101538000.0,101538000.0,5310437.0,0.0,0.0,,0.0,0.0,0.0
2023-12-20,23875.0,0.0,0.0,0.0,0.0,23875.0,0.0,0.0,0.0,0.0,4152.2,23875.0,800.0,0.0,0.0,101538000.0,101538000.0,5310437.0,0.0,0.0,,0.0,0.0,0.0
2023-12-21,23875.0,0.0,0.0,0.0,0.0,23875.0,0.0,0.0,0.0,0.0,4152.2,23875.0,200.0,0.0,0.0,101538000.0,101538000.0,5310437.0,0.0,0.0,,0.0,0.0,0.0
2023-12-22,23875.0,0.0,0.0,0.0,0.0,23875.0,0.0,0.0,0.0,0.0,4152.2,23875.0,500.0,0.0,0.0,101538000.0,101538000.0,5310437.0,0.0,0.0,,0.0,0.0,0.0
2023-12-27,23875.0,0.0,0.0,23850.0,23825.0,23825.0,-50.0,300.0,7150000.0,3.0,4143.5,23825.0,200.0,0.0,0.0,101538000.0,101538000.0,5310437.0,0.0,0.0,,0.0,0.0,0.0
2023-12-28,23825.0,0.0,0.0,0.0,0.0,23825.0,0.0,0.0,0.0,0.0,4143.5,23800.0,100.0,0.0,0.0,101538000.0,101538000.0,5310437.0,0.0,0.0,,0.0,0.0,0.0
2023-12-29,23825.0,0.0,0.0,23875.0,23875.0,23875.0,50.0,1400.0,33425000.0,8.0,4152.2,26200.0,300.0,23875.0,1100.0,101538000.0,101538000.0,5310437.0,0.0,0.0,,0.0,0.0,0.0
2024-01-02,23875.0,0.0,0.0,0.0,0.0,23875.0,0.0,0.0,0.0,0.0,4152.2,26200.0,200.0,23875.0,1900.0,101538000.0,101538000.0,5310437.0,0.0,0.0,,0.0,0.0,0.0
2024-01-03,23875.0,0.0,0.0,23875.0,23875.0,23875.0,0.0,900.0,21487500.0,4.0,4152.2,26200.0,200.0,23875.0,200.0,101538000.0,101538000.0,5310437.0,0.0,0.0,,0.0,0.0,0.0
2024-01-04,2390.0,0.0,0.0,2520.0,2500.0,2520.0,130.0,3000.0,7536000.0,5.0,4378.0,2600.0,1200.0,2520.0,16400.0,1015380000.0,1015380000.0,53104370.0,0.0,0.0,,0.0,0.0,0.0
2024-01-05,2520.0,0.0,0.0,2600.0,2520.0,2600.0,80.0,8800.0,22224000.0,14.0,4517.0,2610.0,500.0,2530.0,2000.0,1015380000.0,1015380000.0,53104370.0,0.0,0.0,,0.0,0.0,0.0
2024-01-08,2600.0,0.0,0.0,2640.0,2620.0,2640.0,40.0,400.0,1052000.0,4.0,4586.5,2640.0,300.0,2630.0,100.0,1015380000.0,1015380000.0,53104370.0,0.0,0.0,,0.0,0.0,0.0
2024-01-09,2640.0,0.0,0.0,2660.0,2650.0,2660.0,20.0,900.0,2389000.0,6.0,4621.3,2700.0,1000.0,2660.0,3800.0,1015380000.0,1015380000.0,53104370.0,0.0,0.0,,0.0,0.0,0.0
2024-01-10,2660.0,0.0,0.0,2700.0,2680.0,2700.0,40.0,2500.0,6710000.0,3.0,4690.8,2750.0,500.0,2700.0,1500.0,1015380000.0,1015380000.0,53104370.0,0.0,0.0,,0.0,0.0,0.0
2024-01-11,2700.0,0.0,0.0,2830.0,2750.0,2830.0,130.0,1500.0,4221000.0,4.0,4916.6,2850.0,1000.0,2830.0,5500.0,1015380000.0,1015380000.0,53104370.0,0.0,0.0,,0.0,0.0,0.0
2024-01-12,2830.0,0.0,0.0,2900.0,2860.0,2900.0,70.0,2500.0,7210000.0,5.0,5038.2,2950.0,1500.0,2900.0,500.0,1015380000.0,1015380000.0,53104370.0,0.0,0.0,,0.0,0.0,0.0
2024-01-15,2900.0,0.0,0.0,3190.0,3100.0,3190.0,290.0,3600.0,11295000.0,7.0,5542.0,0.0,0.0,3190.0,12000.0,1015380000.0,1015380000.0,53104370.0,0.0,0.0,,0.0,0.0,0.0
2024-01-16,3190.0,0.0,0.0,3490.0,3300.0,3490.0,300.0,7600.0,25593000.0,15.0,6063.2,3490.0,9200.0,3400.0,1000.0,1015380000.0,1015380000.0,53104370.0,0.0,0.0,,0.0,0.0,0.0
2024-01-17,3490.0,0.0,0.0,3790.0,3610.0,3790.0,300.0,25500.0,95781000.0,26.0,6584.4,3790.0,3700.0,3730.0,2200.0,1015380000.0,1015380000.0,53104370.0,0.0,0.0,,0.0,0.0,0.0
2024-01-18,3790.0,0.0,0.0,4150.0,4140.0,4150.0,360.0,25700.0,106555000.0,23.0,7209.9,4150.0,5000.0,4140.0,2800.0,1015380000.0,1015380000.0,53104370.0,0.0,0.0,,0.0,0.0,0.0
2024-01-19,4150.0,0.0,0.0,4400.0,4400.0,4400.0,250.0,15900.0,69960000.0,29.0,7644.2,4400.0,4100.0,4150.0,100.0,1015380000.0,1015380000.0,53104370.0,0.0,0.0,,0.0,0.0,0.0
2024-01-22,4400.0,0.0,0.0,4590.0,4590.0,4590.0,190.0,9200.0,42228000.0,25.0,7974.3,4590.0,7300.0,4400.0,1400.0,1015380000.0,1015380000.0,53104370.0,0.0,0.0,,0.0,0.0,0.0
2024-01-23,4590.0,0.0,0.0,4990.0,4790.0,4990.0,400.0,24300.0,119057000.0,16.0,8669.2,4950.0,1900.0,4800.0,100.0,1015380000.0,1015380000.0,53104370.0,0.0,0.0,,0.0,0.0,0.0
2024-01-24,4990.0,0.0,0.0,5225.0,5200.0,5200.0,210.0,9200.0,47872500.0,25.0,9034.1,5200.0,11100.0,4990.0,2100.0,1015380000.0,1015380000.0,53104370.0,0.0,0.0,,0.0,0.0,0.0
2024-01-25,5200.0,0.0,0.0,5200.0,5175.0,5175.0,-25.0,21900.0,113852500.0,12.0,8990.6,5175.0,26600.0,0.0,0.0,1015380000.0,1015380000.0,53104370.0,0.0,0.0,,0.0,0.0,0.0
2024-01-26,5175.0,0.0,0.0,0.0,0.0,5175.0,0.0,0.0,0.0,0.0,8990.6,4700.0,800.0,0.0,0.0,1015380000.0,1015380000.0,53104370.0,0.0,0.0,,0.0,0.0,0.0
2024-01-29,5175.0,0.0,0.0,4660.0,4660.0,4660.0,-515.0,1500.0,6990000.0,7.0,8095.9,4660.0,22400.0,0.0,0.0,1015380000.0,1015380000.0,53104370.0,0.0,0.0,,0.0,0.0,0.0
2024-01-30,4660.0,0.0,0.0,4200.0,4200.0,4200.0,-460.0,1400.0,5880000.0,4.0,7296.7,4200.0,48200.0,0.0,0.0,1015380000.0,1015380000.0,53104370.0,0.0,0.0,,0.0,0.0,0.0
2024-01-31,4200.0,0.0,0.0,3780.0,3780.0,3780.0,-420.0,400.0,1512000.0,2.0,6567.1,3780.0,41900.0,0.0,0.0,1015380000.0,1015380000.0,53104370.0,0.0,0.0,,0.0,0.0,0.0
2024-02-01,3780.0,0.0,0.0,3410.0,3410.0,3410.0,-370.0,200.0,682000.0,1.0,5924.3,3410.0,28900.0,0.0,0.0,1015380000.0,1015380000.0,53104370.0,0.0,0.0,,0.0,0.0,0.0
2024-02-02,3410.0,0.0,0.0,3080.0,3080.0,3080.0,-330.0,13800.0,42504000.0,18.0,5350.9,3080.0,14600.0,0.0,0.0,1015380000.0,1015380000.0,53104370.0,0.0,0.0,,0.0,0.0,0.0
2024-02-05,3080.0,0.0,0.0,3370.0,3080.0,3370.0,290.0,21000.0,66101000.0,20.0,5854.8,3370.0,4100.0,3080.0,33900.0,1015380000.0,1015380000.0,53104370.0,0.0,0.0,,0.0,0.0,0.0
2024-02-06,3370.0,0.0,0.0,3700.0,3690.0,3690.0,320.0,12800.0,47287000.0,26.0,6410.7,3690.0,21200.0,3380.0,200.0,1015380000.0,1015380000.0,53104370.0,0.0,0.0,,0.0,0.0,0.0
2024-02-07,3690.0,0.0,0.0,3670.0,3660.0,3660.0,-30.0,2400.0,8788000.0,10.0,6358.6,3660.0,5800.0,3390.0,100.0,1015380000.0,1015380000.0,53104370.0,0.0,0.0,,0.0,0.0,0.0
2024-02-12,3660.0,0.0,0.0,3640.0,3630.0,3630.0,-30.0,900.0,3272000.0,4.0,6306.5,3630.0,12500.0,0.0,0.0,1015380000.0,1015380000.0,53104370.0,0.0,0.0,,0.0,0.0,0.0
2024-02-13,3630.0,0.0,0.0,0.0,0.0,3630.0,0.0,0.0,0.0,0.0,6306.5,3610.0,200.0,0.0,0.0,1015380000.0,1015380000.0,53104370.0,0.0,0.0,,0.0,0.0,0.0
2024-02-15,3630.0,0.0,0.0,3970.0,3970.0,3970.0,340.0,10100.0,40097000.0,11.0,6897.2,3970.0,19600.0,0.0,0.0,1015380000.0,1015380000.0,53104370.0,0.0,0.0,,0.0,0.0,0.0
2024-02-16,3970.0,0.0,0.0,4300.0,4300.0,4300.0,330.0,2300.0,9890000.0,10.0,7470.5,4300.0,67300.0,4040.0,500.0,1015380000.0,1015380000.0,53104370.0,0.0,0.0,,0.0,0.0,0.0
2024-02-19,4300.0,0.0,0.0,0.0,0.0,4300.0,0.0,0.0,0.0,0.0,7470.5,4040.0,100.0,0.0,0.0,1015380000.0,1015380000.0,53104370.0,0.0,0.0,,0.0,0.0,0.0
2024-02-20,4300.0,0.0,0.0,0.0,0.0,4300.0,0.0,0.0,0.0,0.0,7470.5,4230.0,1000.0,0.0,0.0,1015380000.0,1015380000.0,53104370.0,0.0,0.0,,0.0,0.0,0.0
2024-02-21,4300.0,0.0,0.0,4270.0,3870.0,4270.0,-30.0,8100.0,34547000.0,21.0,7418.3,4270.0,9000.0,3870.0,100.0,1015380000.0,1015380000.0,53104370.0,0.0,0.0,,0.0,0.0,0.0
2024-02-22,4270.0,0.0,0.0,0.0,0.0,4270.0,0.0,0.0,0.0,0.0,7418.3,4260.0,500.0,0.0,0.0,1015380000.0,1015380000.0,53104370.0,0.0,0.0,,0.0,0.0,0.0
2024-02-23,4270.0,0.0,0.0,0.0,0.0,4270.0,0.0,0.0,0.0,0.0,7418.3,4250.0,4000.0,0.0,0.0,1015380000.0,1015380000.0,53104370.0,0.0,0.0,,0.0,0.0,0.0
2024-02-26,4270.0,0.0,0.0,0.0,0.0,4270.0,0.0,0.0,0.0,0.0,7418.3,4270.0,16700.0,0.0,0.0,1015380000.0,1015380000.0,53104370.0,0.0,0.0,,0.0,0.0,0.0
2024-02-27,4270.0,0.0,0.0,4200.0,4200.0,4200.0,-70.0,600.0,2520000.0,2.0,7296.7,4200.0,7800.0,0.0,0.0,1015380000.0,1015380000.0,53104370.0,0.0,0.0,,0.0,0.0,0.0
2024-02-28,4200.0,0.0,0.0,0.0,0.0,4200.0,0.0,0.0,0.0,0.0,7296.7,4190.0,5000.0,0.0,0.0,1015380000.0,1015380000.0,53104370.0,0.0,0.0,,0.0,0.0,0.0
2024-02-29,4200.0,0.0,0.0,0.0,0.0,4200.0,0.0,0.0,0.0,0.0,7296.7,4170.0,2700.0,0.0,0.0,1015380000.0,1015380000.0,53104370.0,0.0,0.0,,0.0,0.0,0.0
2024-03-01,4200.0,0.0,0.0,0.0,0.0,4200.0,0.0,0.0,0.0,0.0,7296.7,4190.0,100.0,0.0,0.0,1015380000.0,1015380000.0,53104370.0,0.0,0.0,,0.0,0.0,0.0
2024-03-04,4200.0,0.0,0.0,0.0,0.0,4200.0,0.0,0.0,0.0,0.0,7296.7,4200.0,29400.0,0.0,0.0,1015380000.0,1015380000.0,53104370.0,0.0,0.0,,0.0,0.0,0.0
2024-03-05,4200.0,0.0,0.0,0.0,0.0,4200.0,0.0,0.0,0.0,0.0,7296.7,4150.0,1000.0,0.0,0.0,1015380000.0,1015380000.0,53104370.0,0.0,0.0,,0.0,0.0,0.0
2024-03-06,4200.0,0.0,0.0,0.0,0.0,4200.0,0.0,0.0,0.0,0.0,7296.7,4180.0,5000.0,0.0,0.0,1015380000.0,1015380000.0,53104370.0,0.0,0.0,,0.0,0.0,0.0
2024-03-07,4200.0,0.0,0.0,0.0,0.0,4200.0,0.0,0.0,0.0,0.0,7296.7,4190.0,1500.0,0.0,0.0,1015380000.0,1015380000.0,53104370.0,0.0,0.0,,0.0,0.0,0.0
2024-03-08,4200.0,0.0,0.0,0.0,0.0,4200.0,0.0,0.0,0.0,0.0,7296.7,4190.0,100.0,0.0,0.0,1015380000.0,1015380000.0,53104370.0,0.0,0.0,,0.0,0.0,0.0
2024-03-13,4200.0,0.0,0.0,0.0,0.0,4200.0,0.0,0.0,0.0,0.0,7296.7,4200.0,17700.0,0.0,0.0,1015380000.0,1015380000.0,53104370.0,0.0,0.0,,0.0,0.0,0.0
2024-03-14,4200.0,0.0,0.0,0.0,0.0,4200.0,0.0,0.0,0.0,0.0,7296.7,4180.0,3600.0,0.0,0.0,1015380000.0,1015380000.0,53104370.0,0.0,0.0,,0.0,0.0,0.0
2024-03-15,4200.0,0.0,0.0,0.0,0.0,4200.0,0.0,0.0,0.0,0.0,7296.7,4170.0,2000.0,0.0,0.0,1015380000.0,1015380000.0,53104370.0,0.0,0.0,,0.0,0.0,0.0
2024-03-18,4200.0,0.0,0.0,0.0,0.0,4200.0,0.0,0.0,0.0,0.0,7296.7,4190.0,800.0,0.0,0.0,1015380000.0,1015380000.0,53104370.0,0.0,0.0,,0.0,0.0,0.0
2024-03-19,4200.0,0.0,0.0,0.0,0.0,4200.0,0.0,0.0,0.0,0.0,7296.7,4190.0,2300.0,0.0,0.0,1015380000.0,1015380000.0,53104370.0,0.0,0.0,,0.0,0.0,0.0
2024-03-20,4200.0,0.0,0.0,0.0,0.0,4200.0,0.0,0.0,0.0,0.0,7296.7,4190.0,800.0,0.0,0.0,1015380000.0,1015380000.0,53104370.0,0.0,0.0,,0.0,0.0,0.0
2024-03-21,4200.0,0.0,0.0,0.0,0.0,4200.0,0.0,0.0,0.0,0.0,7296.7,4200.0,53100.0,0.0,0.0,1015380000.0,1015380000.0,53104370.0,0.0,0.0,,0.0,0.0,0.0
2024-03-22,4200.0,0.0,0.0,0.0,0.0,4200.0,0.0,0.0,0.0,0.0,7296.7,4000.0,100.0,0.0,0.0,1015380000.0,1015380000.0,53104370.0,0.0,0.0,,0.0,0.0,0.0
2024-03-25,4200.0,0.0,0.0,0.0,0.0,4200.0,0.0,0.0,0.0,0.0,7296.7,4200.0,14000.0,0.0,0.0,1015380000.0,1015380000.0,53104370.0,0.0,0.0,,0.0,0.0,0.0
2024-03-26,4200.0,0.0,0.0,0.0,0.0,4200.0,0.0,0.0,0.0,0.0,7296.7,4060.0,100.0,0.0,0.0,1015380000.0,1015380000.0,53104370.0,0.0,0.0,,0.0,0.0,0.0
2024-03-27,4200.0,0.0,0.0,4550.0,4550.0,4550.0,350.0,1600.0,7280000.0,6.0,7904.8,4310.0,800.0,0.0,0.0,1015380000.0,1015380000.0,53104370.0,0.0,0.0,,0.0,0.0,0.0
2024-03-28,4550.0,0.0,0.0,0.0,0.0,4550.0,0.0,0.0,0.0,0.0,7904.8,4500.0,10100.0,4100.0,100.0,1015380000.0,1015380000.0,53104370.0,0.0,0.0,,0.0,0.0,0.0
2024-04-01,4550.0,0.0,0.0,0.0,0.0,4550.0,0.0,0.0,0.0,0.0,7904.8,4500.0,5300.0,0.0,0.0,1015380000.0,1015380000.0,103162608.0,0.0,0.0,,0.0,0.0,0.0
2024-04-02,4550.0,0.0,0.0,0.0,0.0,4550.0,0.0,0.0,0.0,0.0,7904.8,4500.0,3000.0,0.0,0.0,1015380000.0,1015380000.0,103162608.0,0.0,0.0,,0.0,0.0,0.0
2024-04-03,4550.0,0.0,0.0,4500.0,4500.0,4500.0,-50.0,100.0,450000.0,1.0,7817.9,4500.0,5800.0,4100.0,100.0,1015380000.0,1015380000.0,103162608.0,0.0,0.0,,0.0,0.0,0.0
2024-04-04,4500.0,0.0,0.0,0.0,0.0,4500.0,0.0,0.0,0.0,0.0,7817.9,4490.0,5600.0,0.0,0.0,1015380000.0,1015380000.0,103162608.0,0.0,0.0,,0.0,0.0,0.0
2024-04-05,4500.0,0.0,0.0,4500.0,4390.0,4390.0,-110.0,11300.0,50201000.0,17.0,7626.8,4390.0,7500.0,0.0,0.0,1015380000.0,1015380000.0,103162608.0,0.0,0.0,,0.0,0.0,0.0
2024-04-16,4390.0,0.0,0.0,4800.0,4800.0,4800.0,410.0,5000.0,24000000.0,5.0,8339.1,4500.0,200.0,0.0,0.0,1015380000.0,1015380000.0,103162608.0,0.0,0.0,,0.0,0.0,0.0
2024-04-17,4800.0,0.0,0.0,0.0,0.0,4800.0,0.0,0.0,0.0,0.0,8339.1,4780.0,5000.0,0.0,0.0,1015380000.0,1015380000.0,103162608.0,0.0,0.0,,0.0,0.0,0.0
2024-04-18,4800.0,0.0,0.0,0.0,0.0,4800.0,0.0,0.0,0.0,0.0,8339.1,4780.0,10900.0,0.0,0.0,1015380000.0,1015380000.0,103162608.0,0.0,0.0,,0.0,0.0,0.0
2024-04-19,4800.0,0.0,0.0,0.0,0.0,4800.0,0.0,0.0,0.0,0.0,8339.1,4780.0,8000.0,0.0,0.0,1015380000.0,1015380000.0,103162608.0,0.0,0.0,,0.0,0.0,0.0
2024-04-22,4800.0,0.0,0.0,0.0,0.0,4800.0,0.0,0.0,0.0,0.0,8339.1,4780.0,10900.0,0.0,0.0,1015380000.0,1015380000.0,103162608.0,0.0,0.0,,0.0,0.0,0.0
2024-04-23,4800.0,0.0,0.0,0.0,0.0,4800.0,0.0,0.0,0.0,0.0,8339.1,4760.0,5000.0,0.0,0.0,1015380000.0,1015380000.0,103162608.0,0.0,0.0,,0.0,0.0,0.0
2024-04-24,4800.0,0.0,0.0,0.0,0.0,4800.0,0.0,0.0,0.0,0.0,8339.1,4760.0,4900.0,0.0,0.0,1015380000.0,1015380000.0,103162608.0,0.0,0.0,,0.0,0.0,0.0
2024-04-25,4800.0,0.0,0.0,0.0,0.0,4800.0,0.0,0.0,0.0,0.0,8339.1,4760.0,4900.0,0.0,0.0,1015380000.0,1015380000.0,103162608.0,0.0,0.0,,0.0,0.0,0.0
2024-04-26,4800.0,0.0,0.0,4700.0,4670.0,4670.0,-130.0,500.0,2342000.0,4.0,8113.3,4650.0,2900.0,4600.0,100.0,1015380000.0,1015380000.0,103162608.0,0.0,0.0,,0.0,0.0,0.0
2024-04-29,4670.0,0.0,0.0,0.0,0.0,4670.0,0.0,0.0,0.0,0.0,8113.3,4640.0,4900.0,0.0,0.0,1015380000.0,1015380000.0,103162608.0,0.0,0.0,,0.0,0.0,0.0
2024-04-30,4670.0,0.0,0.0,0.0,0.0,4670.0,0.0,0.0,0.0,0.0,8113.3,4650.0,4900.0,0.0,0.0,1015380000.0,1015380000.0,103162608.0,0.0,0.0,,0.0,0.0,0.0
2024-05-02,4670.0,0.0,0.0,0.0,0.0,4670.0,0.0,0.0,0.0,0.0,8113.3,4650.0,11900.0,0.0,0.0,1015380000.0,1015380000.0,103162608.0,0.0,0.0,,0.0,0.0,0.0
2024-05-03,4670.0,0.0,0.0,0.0,0.0,4670.0,0.0,0.0,0.0,0.0,8113.3,4640.0,4900.0,0.0,0.0,1015380000.0,1015380000.0,103162608.0,0.0,0.0,,0.0,0.0,0.0
2024-05-06,4670.0,0.0,0.0,0.0,0.0,4670.0,0.0,0.0,0.0,0.0,8113.3,4650.0,8800.0,0.0,0.0,1015380000.0,1015380000.0,103162608.0,0.0,0.0,,0.0,0.0,0.0
2024-05-07,4670.0,0.0,0.0,0.0,0.0,4670.0,0.0,0.0,0.0,0.0,8113.3,4640.0,4900.0,0.0,0.0,1015380000.0,1015380000.0,103162608.0,0.0,0.0,,0.0,0.0,0.0
2024-05-08,4670.0,0.0,0.0,0.0,0.0,4670.0,0.0,0.0,0.0,0.0,8113.3,4640.0,2500.0,0.0,0.0,1015380000.0,1015380000.0,103162608.0,0.0,0.0,,0.0,0.0,0.0
2024-05-13,4670.0,0.0,0.0,0.0,0.0,4670.0,0.0,0.0,0.0,0.0,8113.3,4650.0,5900.0,0.0,0.0,1015380000.0,1015380000.0,103162608.0,0.0,0.0,,0.0,0.0,0.0
2024-05-14,4670.0,0.0,0.0,4630.0,4630.0,4630.0,-40.0,100.0,463000.0,1.0,8043.8,4630.0,7100.0,0.0,0.0,1015380000.0,1015380000.0,103162608.0,0.0,0.0,,0.0,0.0,0.0
2024-05-15,4630.0,0.0,0.0,0.0,0.0,4630.0,0.0,0.0,0.0,0.0,8043.8,4600.0,8700.0,0.0,0.0,1015380000.0,1015380000.0,103162608.0,0.0,0.0,,0.0,0.0,0.0
2024-05-16,4630.0,0.0,0.0,0.0,0.0,4630.0,0.0,0.0,0.0,0.0,8043.8,4590.0,2900.0,0.0,0.0,1015380000.0,1015380000.0,103162608.0,0.0,0.0,,0.0,0.0,0.0
2024-05-17,4630.0,0.0,0.0,0.0,0.0,4630.0,0.0,0.0,0.0,0.0,8043.8,4600.0,2500.0,0.0,0.0,1015380000.0,1015380000.0,103162608.0,0.0,0.0,,0.0,0.0,0.0
2024-05-20,4630.0,0.0,0.0,0.0,0.0,4630.0,0.0,0.0,0.0,0.0,8043.8,4580.0,2500.0,0.0,0.0,1015380000.0,1015380000.0,103162608.0,0.0,0.0,,0.0,0.0,0.0
2024-05-21,4630.0,0.0,0.0,0.0,0.0,4630.0,0.0,0.0,0.0,0.0,8043.8,4580.0,4800.0,0.0,0.0,1015380000.0,1015380000.0,103162608.0,0.0,0.0,,0.0,0.0,0.0
2024-05-22,4630.0,0.0,0.0,0.0,0.0,4630.0,0.0,0.0,0.0,0.0,8043.8,4570.0,1000.0,0.0,0.0,1015380000.0,1015380000.0,103162608.0,0.0,0.0,,0.0,0.0,0.0
2024-05-27,4630.0,0.0,0.0,4800.0,4800.0,4800.0,170.0,2500.0,12000000.0,3.0,8339.1,4750.0,500.0,4640.0,100.0,1015380000.0,1015380000.0,103162608.0,0.0,0.0,,0.0,0.0,0.0
2024-05-28,4800.0,0.0,0.0,5200.0,5200.0,5200.0,400.0,2200.0,11440000.0,5.0,9034.1,4800.0,2300.0,0.0,0.0,1015380000.0,1015380000.0,103162608.0,0.0,0.0,,0.0,0.0,0.0
2024-05-29,5200.0,0.0,0.0,5125.0,5125.0,5125.0,-75.0,600.0,3075000.0,3.0,8903.8,5050.0,1200.0,0.0,0.0,1015380000.0,1015380000.0,103162608.0,0.0,0.0,,0.0,0.0,0.0
2024-05-30,5125.0,0.0,0.0,5000.0,5000.0,5000.0,-125.0,100.0,500000.0,1.0,8686.6,5000.0,13600.0,0.0,0.0,1015380000.0,1015380000.0,103162608.0,0.0,0.0,,0.0,0.0,0.0
2024-05-31,5000.0,0.0,0.0,5950.0,4990.0,5700.0,700.0,57900.0,315769000.0,159.0,9902.7,5675.0,900.0,5475.0,200.0,1015380000.0,1015380000.0,103162608.0,1700.0,2800.0,,0.0,0.0,0.0
2024-06-03,5700.0,0.0,0.0,5700.0,5025.0,5600.0,-100.0,22200.0,119780000.0,134.0,9729.0,5550.0,100.0,5300.0,100.0,1015380000.0,1015380000.0,103162608.0,1100.0,0.0,,0.0,0.0,0.0
2024-06-04,5600.0,0.0,0.0,6000.0,5600.0,5850.0,250.0,31700.0,182637500.0,185.0,10163.3,5850.0,2800.0,5625.0,100.0,1015380000.0,1015380000.0,103162608.0,0.0,0.0,,0.0,0.0,0.0
2024-06-05,5850.0,0.0,0.0,6175.0,5000.0,6150.0,300.0,13800.0,83730000.0,83.0,10684.5,6150.0,51900.0,6025.0,400.0,1015380000.0,1015380000.0,103162608.0,0.0,0.0,,0.0,0.0,0.0
2024-06-06,6150.0,0.0,0.0,6250.0,6075.0,6175.0,25.0,10800.0,66545000.0,27.0,10727.9,6175.0,800.0,6100.0,100.0,1015380000.0,1015380000.0,103162608.0,0.0,0.0,,0.0,0.0,0.0
2024-06-07,6175.0,0.0,0.0,7000.0,6025.0,6575.0,400.0,70800.0,469325000.0,349.0,11422.9,6575.0,111100.0,6300.0,100.0,1015380000.0,1015380000.0,103162608.0,0.0,0.0,,0.0,0.0,0.0
2024-06-10,6575.0,0.0,0.0,7000.0,6225.0,6550.0,-25.0,26800.0,175715000.0,137.0,11379.4,6550.0,104600.0,6350.0,100.0,1015380000.0,1015380000.0,103162608.0,0.0,0.0,,0.0,0.0,0.0
2024-06-11,6550.0,0.0,0.0,6700.0,6000.0,6450.0,-100.0,40400.0,256247500.0,219.0,11205.7,6350.0,1000.0,6150.0,100.0,1015380000.0,1015380000.0,103162608.0,0.0,0.0,,0.0,0.0,0.0
2024-06-12,6450.0,0.0,0.0,6900.0,6100.0,6525.0,75.0,10900.0,71187500.0,55.0,11336.0,6525.0,119600.0,6150.0,1300.0,1015380000.0,1015380000.0,103162608.0,0.0,0.0,,0.0,0.0,0.0
2024-06-13,6525.0,0.0,0.0,6775.0,6300.0,6425.0,-100.0,10600.0,68082500.0,59.0,11162.3,6425.0,900.0,6350.0,100.0,1015380000.0,1015380000.0,103162608.0,0.0,0.0,,0.0,0.0,0.0
2024-06-14,6425.0,0.0,0.0,6625.0,5150.0,6400.0,-25.0,15400.0,86150000.0,116.0,11118.8,6375.0,100.0,6025.0,100.0,1015380000.0,1015380000.0,103162608.0,0.0,0.0,,0.0,0.0,0.0
2024-06-19,6400.0,0.0,0.0,6400.0,5125.0,5125.0,-1275.0,28600.0,148765000.0,94.0,8903.8,5125.0,30200.0,0.0,0.0,1015380000.0,1015380000.0,103162608.0,0.0,0.0,,0.0,0.0,0.0
2024-06-20,5125.0,0.0,0.0,5000.0,4100.0,4100.0,-1025.0,54700.0,225398000.0,131.0,7123.0,4100.0,8067600.0,0.0,0.0,1015380000.0,1015380000.0,103162608.0,0.0,400.0,,0.0,0.0,0.0
2024-06-21,4100.0,0.0,0.0,4900.0,3080.0,3330.0,-770.0,157100.0,531657000.0,521.0,5785.3,3330.0,3200.0,3300.0,400.0,1015380000.0,1015380000.0,103162608.0,5100.0,7700.0,,0.0,0.0,0.0
2024-06-24,3330.0,0.0,0.0,3700.0,3100.0,3320.0,-10.0,23000.0,77506000.0,85.0,5767.9,3320.0,1200.0,3250.0,100.0,1015380000.0,1015380000.0,103162608.0,0.0,3900.0,,0.0,0.0,0.0
2024-06-25,3320.0,0.0,0.0,3540.0,3220.0,3500.0,180.0,9000.0,31242000.0,38.0,6080.6,3500.0,600.0,3480.0,900.0,1015380000.0,1015380000.0,103162608.0,0.0,0.0,,0.0,0.0,0.0
2024-06-26,3500.0,0.0,0.0,4090.0,3400.0,3760.0,260.0,101500.0,388003000.0,60.0,6532.3,3760.0,27800.0,3650.0,100.0,1015380000.0,1015380000.0,103162608.0,0.0,0.0,,0.0,0.0,0.0
2024-06-27,3760.0,0.0,0.0,4000.0,3750.0,3840.0,80.0,11600.0,44241000.0,44.0,6671.3,3830.0,1300.0,3750.0,100.0,1015380000.0,1015380000.0,103162608.0,2200.0,0.0,,0.0,0.0,0.0
2024-06-28,3840.0,0.0,0.0,3960.0,3730.0,3870.0,30.0,5600.0,21663000.0,36.0,6723.4,3850.0,300.0,3720.0,100.0,1015380000.0,1015380000.0,103162608.0,0.0,0.0,,0.0,0.0,0.0
2024-07-01,3870.0,0.0,0.0,3930.0,3650.0,3880.0,10.0,5500.0,21016000.0,34.0,6740.8,3880.0,5300.0,3760.0,500.0,1015380000.0,1015380000.0,103162608.0,0.0,0.0,,0.0,0.0,0.0
2024-07-02,3880.0,0.0,0.0,4290.0,3600.0,4290.0,410.0,133100.0,542359000.0,86.0,7453.1,4100.0,400.0,3790.0,200.0,1015380000.0,1015380000.0,103162608.0,0.0,0.0,,0.0,0.0,0.0
2024-07-03,4290.0,0.0,0.0,5275.0,4000.0,4820.0,530.0,37100.0,167414500.0,118.0,8373.9,4820.0,74600.0,4750.0,200.0,1015380000.0,1015380000.0,103162608.0,3400.0,4500.0,,0.0,0.0,0.0
2024-07-04,4820.0,0.0,0.0,5025.0,4800.0,4900.0,80.0,41100.0,199611000.0,92.0,8512.9,4900.0,51700.0,4320.0,100.0,1015380000.0,1015380000.0,103162608.0,5700.0,0.0,,0.0,0.0,0.0
2024-07-05,4900.0,0.0,0.0,4950.0,4700.0,4770.0,-130.0,16000.0,76047000.0,38.0,8287.0,4770.0,50500.0,4720.0,100.0,1015380000.0,1015380000.0,103162608.0,0.0,0.0,,0.0,0.0,0.0
2024-07-08,4770.0,0.0,0.0,4950.0,4750.0,4900.0,130.0,1700.0,8173000.0,8.0,8512.9,4890.0,300.0,4770.0,100.0,1015380000.0,1015380000.0,103162608.0,0.0,0.0,,0.0,0.0,0.0
2024-07-09,4900.0,0.0,0.0,4900.0,4440.0,4850.0,-50.0,2400.0,11381000.0,20.0,8426.0,4820.0,3600.0,4730.0,200.0,1015380000.0,1015380000.0,103162608.0,0.0,0.0,,0.0,0.0,0.0
2024-07-10,4850.0,0.0,0.0,4840.0,4410.0,4830.0,-20.0,2700.0,12777000.0,26.0,8391.2,4830.0,13000.0,4470.0,100.0,1015380000.0,1015380000.0,103162608.0,0.0,0.0,,0.0,0.0,0.0
2024-07-11,4830.0,0.0,0.0,6000.0,4800.0,5100.0,270.0,280700.0,1514807000.0,296.0,8860.3,5000.0,300.0,4950.0,200.0,1015380000.0,1015380000.0,103162608.0,0.0,2300.0,,0.0,0.0,0.0
2024-07-12,5100.0,0.0,0.0,5100.0,4700.0,5075.0,-25.0,68600.0,339885000.0,112.0,8816.9,5075.0,78100.0,4980.0,100.0,1015380000.0,1015380000.0,103162608.0,2400.0,0.0,,0.0,0.0,0.0
2024-07-15,5075.0,0.0,0.0,5075.0,5000.0,5050.0,-25.0,500.0,2527500.0,4.0,8773.5,5050.0,8200.0,4800.0,100.0,1015380000.0,1015380000.0,103162608.0,0.0,0.0,,0.0,0.0,0.0
2024-07-16,5050.0,0.0,0.0,5400.0,4900.0,5150.0,100.0,13800.0,70155000.0,80.0,8947.2,5150.0,7400.0,5025.0,200.0,1015380000.0,1015380000.0,103162608.0,0.0,0.0,,0.0,0.0,0.0
2024-07-17,5150.0,0.0,0.0,5275.0,4920.0,5150.0,0.0,25900.0,130788500.0,110.0,8947.2,5125.0,100.0,4970.0,100.0,1015380000.0,1015380000.0,103162608.0,0.0,9200.0,,0.0,0.0,0.0
2024-07-18,5150.0,0.0,0.0,5950.0,4350.0,4710.0,-440.0,276300.0,1332289500.0,689.0,8182.8,4710.0,44700.0,4670.0,100.0,1015380000.0,1015380000.0,103162608.0,9400.0,5700.0,,0.0,0.0,0.0
2024-07-19,4710.0,0.0,0.0,5000.0,4630.0,4820.0,110.0,100100.0,481105000.0,159.0,8373.9,4820.0,51200.0,4710.0,700.0,1015380000.0,1015380000.0,103162608.0,1600.0,0.0,,0.0,0.0,0.0
2024-07-22,4820.0,0.0,0.0,5000.0,4670.0,4780.0,-40.0,46400.0,220880000.0,220.0,8304.4,4760.0,400.0,4690.0,100.0,1015380000.0,1015380000.0,103162608.0,5300.0,2200.0,,0.0,0.0,0.0
2024-07-23,4780.0,0.0,0.0,5875.0,4600.0,4760.0,-20.0,92100.0,440269000.0,342.0,8269.6,4760.0,42400.0,4710.0,100.0,1015380000.0,1015380000.0,103162608.0,1500.0,9500.0,,0.0,0.0,0.0
2024-07-24,4760.0,0.0,0.0,4960.0,4500.0,4830.0,70.0,156900.0,736070000.0,351.0,8391.2,4830.0,1200.0,4690.0,100.0,1015380000.0,1015380000.0,103162608.0,1000.0,13100.0,,0.0,0.0,0.0
2024-07-25,4830.0,0.0,0.0,5400.0,4450.0,4820.0,-10.0,263400.0,1284462000.0,333.0,8373.9,4820.0,55400.0,4740.0,100.0,1015380000.0,1015380000.0,103162608.0,1200.0,0.0,,0.0,0.0,0.0
2024-07-26,4820.0,0.0,0.0,4900.0,4650.0,4720.0,-100.0,10800.0,51447000.0,68.0,8200.1,4790.0,200.0,4660.0,600.0,1015380000.0,1015380000.0,103162608.0,0.0,0.0,,0.0,0.0,0.0
2024-07-29,4720.0,0.0,0.0,4910.0,4490.0,4590.0,-130.0,40900.0,188136000.0,208.0,7974.3,4600.0,100.0,4550.0,400.0,1015380000.0,1015380000.0,103162608.0,700.0,0.0,,0.0,0.0,0.0
2024-07-30,4590.0,0.0,0.0,4880.0,4360.0,4700.0,110.0,199100.0,918847000.0,243.0,8165.4,4730.0,300.0,4520.0,300.0,1015380000.0,1015380000.0,103162608.0,3100.0,3300.0,,0.0,0.0,0.0
2024-07-31,4700.0,0.0,0.0,4800.0,4560.0,4740.0,40.0,12000.0,56139000.0,66.0,8234.9,4720.0,400.0,4620.0,100.0,1015380000.0,1015380000.0,103162608.0,1500.0,0.0,,0.0,0.0,0.0
2024-08-01,4740.0,0.0,0.0,4780.0,4590.0,4710.0,-30.0,14500.0,67559000.0,77.0,8182.8,4650.0,100.0,4600.0,400.0,1015380000.0,1015380000.0,103162608.0,0.0,0.0,,0.0,0.0,0.0
2024-08-02,4710.0,0.0,0.0,5400.0,4710.0,4780.0,70.0,183100.0,884304000.0,431.0,8304.4,4780.0,17200.0,4740.0,3700.0,1015380000.0,1015380000.0,103162608.0,12000.0,0.0,,0.0,0.0,0.0
2024-08-05,4780.0,0.0,0.0,4830.0,4660.0,4750.0,-30.0,9300.0,44012000.0,58.0,8252.3,4740.0,100.0,4650.0,1200.0,1015380000.0,1015380000.0,103162608.0,0.0,0.0,,0.0,0.0,0.0
2024-08-06,4750.0,0.0,0.0,5025.0,4740.0,4850.0,100.0,22500.0,108710500.0,72.0,8426.0,4850.0,300.0,4750.0,700.0,1015380000.0,1015380000.0,103162608.0,0.0,0.0,,0.0,0.0,0.0
2024-08-07,4850.0,0.0,0.0,5975.0,4840.0,5525.0,675.0,81200.0,426012000.0,341.0,9598.7,5525.0,50700.0,5500.0,2000.0,1015380000.0,1015380000.0,103162608.0,1000.0,12100.0,,0.0,0.0,0.0
2024-08-08,5525.0,0.0,0.0,6250.0,5200.0,5425.0,-100.0,298100.0,1672450000.0,667.0,9424.9,5425.0,34500.0,5300.0,100.0,1015380000.0,1015380000.0,103162608.0,900.0,6900.0,,0.0,0.0,0.0
2024-08-09,5425.0,0.0,0.0,5650.0,5250.0,5450.0,25.0,33500.0,180207500.0,152.0,9468.4,5450.0,16700.0,5325.0,100.0,1015380000.0,1015380000.0,103162608.0,3400.0,0.0,,0.0,0.0,0.0
2024-08-12,5450.0,0.0,0.0,5900.0,5250.0,5600.0,150.0,36600.0,201420000.0,191.0,9729.0,5600.0,44000.0,5500.0,200.0,1015380000.0,1015380000.0,103162608.0,0.0,2000.0,,0.0,0.0,0.0
2024-08-13,5600.0,0.0,0.0,5775.0,4980.0,5425.0,-175.0,257600.0,1388011500.0,381.0,9424.9,5425.0,16100.0,5350.0,200.0,1015380000.0,1015380000.0,103162608.0,5800.0,0.0,,0.0,0.0,0.0
2024-08-14,5425.0,0.0,0.0,5700.0,5225.0,5350.0,-75.0,53000.0,289807500.0,153.0,9294.6,5350.0,15900.0,5250.0,500.0,1015380000.0,1015380000.0,103162608.0,13600.0,0.0,,0.0,0.0,0.0
2024-08-15,5350.0,0.0,0.0,5450.0,5150.0,5300.0,-50.0,35800.0,189005000.0,136.0,9207.8,5300.0,24000.0,5225.0,100.0,1015380000.0,1015380000.0,103162608.0,0.0,3900.0,,0.0,0.0,0.0
2024-08-16,5300.0,0.0,0.0,5700.0,5200.0,5450.0,150.0,51900.0,280390000.0,182.0,9468.4,5425.0,200.0,5325.0,100.0,1015380000.0,1015380000.0,103162608.0,5000.0,2600.0,,0.0,0.0,0.0
2024-08-19,5450.0,0.0,0.0,5675.0,5300.0,5475.0,25.0,19500.0,105470000.0,106.0,9511.8,5475.0,40900.0,5375.0,300.0,1015380000.0,1015380000.0,103162608.0,0.0,0.0,,0.0,0.0,0.0
2024-08-20,5475.0,0.0,0.0,5575.0,5050.0,5125.0,-350.0,113500.0,600825000.0,258.0,8903.8,5200.0,300.0,5125.0,4400.0,1015380000.0,1015380000.0,103162608.0,6100.0,5400.0,,0.0,0.0,0.0
2024-08-21,5125.0,0.0,0.0,5225.0,5075.0,5125.0,0.0,11600.0,59405000.0,48.0,8903.8,5125.0,100.0,5100.0,100.0,1015380000.0,1015380000.0,103162608.0,0.0,0.0,,0.0,0.0,0.0
2024-08-22,5125.0,0.0,0.0,5125.0,4990.0,4990.0,-135.0,6800.0,34258000.0,26.0,8669.2,5075.0,100.0,4990.0,300.0,1015380000.0,1015380000.0,103162608.0,0.0,0.0,,0.0,0.0,0.0
2024-08-23,4990.0,0.0,0.0,4990.0,4920.0,4960.0,-30.0,7300.0,36161000.0,28.0,8617.1,4970.0,1000.0,4960.0,700.0,1015380000.0,1015380000.0,103162608.0,1000.0,3000.0,,0.0,0.0,0.0
2024-08-26,4960.0,0.0,0.0,5100.0,4800.0,4930.0,-30.0,6900.0,34052000.0,42.0,8565.0,4950.0,2100.0,4920.0,400.0,1015380000.0,1015380000.0,103162608.0,1000.0,1000.0,,0.0,0.0,0.0
2024-08-27,4930.0,0.0,0.0,4920.0,4900.0,4900.0,-30.0,4500.0,22061000.0,19.0,8512.9,4910.0,900.0,4900.0,100.0,1015380000.0,1015380000.0,103162608.0,0.0,0.0,,0.0,0.0,0.0
2024-08-28,4900.0,0.0,0.0,4900.0,4710.0,4820.0,-80.0,7000.0,33813000.0,39.0,8373.9,4840.0,3000.0,4820.0,200.0,1015380000.0,1015380000.0,103162608.0,800.0,800.0,,0.0,0.0,0.0
2024-08-29,4820.0,0.0,0.0,4820.0,4750.0,4770.0,-50.0,6800.0,32413000.0,34.0,8287.0,4800.0,200.0,4750.0,100.0,1015380000.0,1015380000.0,103162608.0,1700.0,0.0,,0.0,0.0,0.0
2024-08-30,4770.0,0.0,0.0,5425.0,4660.0,5100.0,330.0,24400.0,119027500.0,59.0,8860.3,5100.0,34500.0,4800.0,100.0,1015380000.0,1015380000.0,103162608.0,0.0,0.0,,0.0,0.0,0.0
2024-09-02,5100.0,0.0,0.0,4850.0,4590.0,4750.0,-350.0,46800.0,218752000.0,163.0,8252.3,4750.0,400.0,4730.0,200.0,1015380000.0,1015380000.0,103162608.0,1400.0,9000.0,,0.0,0.0,0.0
2024-09-03,4750.0,0.0,0.0,4700.0,4640.0,4640.0,-110.0,5300.0,24696000.0,24.0,8061.2,4670.0,400.0,4660.0,200.0,1015380000.0,1015380000.0,103162608.0,0.0,0.0,,0.0,0.0,0.0
2024-09-04,4640.0,0.0,0.0,4670.0,4500.0,4500.0,-140.0,21300.0,96664000.0,78.0,7817.9,4500.0,800.0,4410.0,100.0,1015380000.0,1015380000.0,103162608.0,0.0,0.0,,0.0,0.0,0.0
2024-09-05,4500.0,0.0,0.0,4520.0,4450.0,4450.0,-50.0,3300.0,14742000.0,18.0,7731.1,4450.0,1400.0,4410.0,1100.0,1015380000.0,1015380000.0,103162608.0,0.0,0.0,,0.0,0.0,0.0
2024-09-06,4450.0,0.0,0.0,4450.0,4350.0,4400.0,-50.0,5100.0,22431000.0,14.0,7644.2,4430.0,5000.0,4360.0,200.0,1015380000.0,1015380000.0,103162608.0,2800.0,0.0,,0.0,0.0,0.0
2024-09-09,4400.0,0.0,0.0,4410.0,4370.0,4370.0,-30.0,2300.0,10117000.0,9.0,7592.1,4380.0,800.0,4300.0,1200.0,1015380000.0,1015380000.0,103162608.0,1100.0,0.0,,0.0,0.0,0.0
2024-09-10,4370.0,0.0,0.0,4510.0,4350.0,4380.0,10.0,4100.0,17978000.0,22.0,7609.5,4380.0,200.0,4350.0,200.0,1015380000.0,1015380000.0,103162608.0,1500.0,0.0,,0.0,0.0,0.0
2024-09-11,4380.0,0.0,0.0,4380.0,4300.0,4350.0,-30.0,3400.0,14741000.0,10.0,7557.3,4340.0,500.0,4300.0,1100.0,1015380000.0,1015380000.0,103162608.0,1000.0,0.0,,0.0,0.0,0.0
2024-09-12,4350.0,0.0,0.0,4420.0,4200.0,4370.0,20.0,5100.0,21906000.0,26.0,7592.1,4370.0,200.0,4300.0,100.0,1015380000.0,1015380000.0,103162608.0,0.0,0.0,,0.0,0.0,0.0
2024-09-13,4370.0,0.0,0.0,4430.0,4050.0,4360.0,-10.0,6400.0,26865000.0,27.0,7574.7,4400.0,300.0,4350.0,400.0,1015380000.0,1015380000.0,103162608.0,0.0,0.0,,0.0,0.0,0.0
2024-09-17,4360.0,0.0,0.0,4460.0,4010.0,4190.0,-170.0,6200.0,25621000.0,33.0,7279.4,4190.0,200.0,4150.0,200.0,1015380000.0,1015380000.0,103162608.0,0.0,0.0,,0.0,0.0,0.0
2024-09-18,4190.0,0.0,0.0,4260.0,4100.0,4240.0,50.0,3000.0,12545000.0,20.0,7366.2,4240.0,500.0,4170.0,17200.0,1015380000.0,1015380000.0,103162608.0,0.0,0.0,,0.0,0.0,0.0
2024-09-19,4240.0,0.0,0.0,4340.0,4020.0,4200.0,-40.0,6500.0,27316000.0,46.0,7296.7,4230.0,100.0,4150.0,900.0,1015380000.0,1015380000.0,103162608.0,0.0,0.0,,0.0,0.0,0.0
2024-09-20,4200.0,0.0,0.0,4270.0,4030.0,4090.0,-110.0,5400.0,22016000.0,36.0,7105.6,4130.0,100.0,4070.0,100.0,1015380000.0,1015380000.0,103162608.0,0.0,0.0,,0.0,0.0,0.0
2024-09-23,4090.0,0.0,0.0,4180.0,4020.0,4070.0,-20.0,7800.0,31529000.0,27.0,7070.9,4070.0,700.0,4010.0,200.0,1015380000.0,1015380000.0,103162608.0,1000.0,0.0,,0.0,0.0,0.0
2024-09-24,4070.0,0.0,0.0,4300.0,3700.0,4220.0,150.0,25600.0,105901000.0,101.0,7331.5,4220.0,500.0,4180.0,1000.0,1015380000.0,1015380000.0,103162608.0,900.0,500.0,,0.0,0.0,0.0
2024-09-25,4220.0,0.0,0.0,4210.0,4040.0,4210.0,-10.0,7000.0,28867000.0,25.0,7314.1,4190.0,100.0,4130.0,1200.0,1015380000.0,1015380000.0,103162608.0,0.0,500.0,,0.0,0.0,0.0
2024-09-26,4210.0,0.0,0.0,4320.0,4010.0,4130.0,-80.0,13600.0,56568000.0,54.0,7175.1,4220.0,100.0,4130.0,700.0,1015380000.0,1015380000.0,103162608.0,0.0,2700.0,,0.0,0.0,0.0
2024-09-27,4130.0,0.0,0.0,4240.0,4080.0,4150.0,20.0,17500.0,72533000.0,19.0,7209.9,4190.0,100.0,4150.0,400.0,1015380000.0,1015380000.0,103162608.0,0.0,0.0,,0.0,0.0,0.0
2024-09-30,4150.0,0.0,0.0,4210.0,4080.0,4150.0,0.0,7300.0,30062000.0,14.0,7209.9,4150.0,2200.0,4090.0,15100.0,1015380000.0,1015380000.0,103162608.0,0.0,1000.0,,0.0,0.0,0.0
2024-10-01,4150.0,0.0,0.0,4210.0,4080.0,4080.0,-70.0,5000.0,20470000.0,12.0,7088.3,4090.0,800.0,4080.0,900.0,1015380000.0,1015380000.0,103162608.0,2000.0,0.0,,0.0,0.0,0.0
2024-10-02,4080.0,0.0,0.0,4170.0,4010.0,4100.0,20.0,9400.0,38183000.0,22.0,7123.0,4110.0,100.0,4100.0,1000.0,1015380000.0,1015380000.0,103162608.0,1200.0,0.0,,0.0,0.0,0.0
2024-10-03,4100.0,0.0,0.0,4170.0,4060.0,4080.0,-20.0,4900.0,19995000.0,11.0,7088.3,4080.0,300.0,4070.0,400.0,1015380000.0,1015380000.0,103162608.0,700.0,0.0,,0.0,0.0,0.0
2024-10-04,4080.0,0.0,0.0,4070.0,4000.0,4050.0,-30.0,5300.0,21425000.0,24.0,7036.1,4080.0,1000.0,4050.0,700.0,1015380000.0,1015380000.0,103162608.0,0.0,0.0,,0.0,0.0,0.0
2024-10-07,4050.0,0.0,0.0,4140.0,3840.0,4050.0,0.0,1700.0,6851000.0,10.0,7036.1,4090.0,400.0,3960.0,500.0,1015380000.0,1015380000.0,103162608.0,0.0,0.0,,0.0,0.0,0.0
2024-10-08,4050.0,0.0,0.0,4140.0,3860.0,4050.0,0.0,4200.0,16788000.0,19.0,7036.1,4080.0,300.0,4030.0,100.0,1015380000.0,1015380000.0,103162608.0,900.0,0.0,,0.0,0.0,0.0
2024-10-09,4050.0,0.0,0.0,4110.0,3950.0,4030.0,-20.0,2500.0,10029000.0,11.0,7001.4,4050.0,900.0,3940.0,700.0,1015380000.0,1015380000.0,103162608.0,0.0,400.0,,0.0,0.0,0.0
2024-10-10,4030.0,0.0,0.0,4080.0,3900.0,4030.0,0.0,1100.0,4357000.0,7.0,7001.4,4030.0,100.0,3990.0,200.0,1015380000.0,1015380000.0,103162608.0,0.0,0.0,,0.0,0.0,0.0
2024-10-11,4030.0,0.0,0.0,4120.0,3900.0,3900.0,-130.0,10400.0,40828000.0,28.0,6775.5,3900.0,6000.0,3890.0,700.0,1015380000.0,1015380000.0,103162608.0,500.0,0.0,,0.0,0.0,0.0
2024-10-14,3900.0,0.0,0.0,4020.0,3900.0,3930.0,30.0,9500.0,37342000.0,14.0,6827.7,3930.0,1500.0,3900.0,300.0,1015380000.0,1015380000.0,103162608.0,1400.0,0.0,,0.0,0.0,0.0
2024-10-15,3930.0,0.0,0.0,4040.0,3910.0,3930.0,0.0,5000.0,19931000.0,27.0,6827.7,3960.0,600.0,3930.0,2600.0,1015380000.0,1015380000.0,103162608.0,1200.0,400.0,,0.0,0.0,0.0
2024-10-16,3930.0,0.0,0.0,4010.0,3910.0,3970.0,40.0,1600.0,6284000.0,10.0,6897.2,3960.0,500.0,3910.0,400.0,1015380000.0,1015380000.0,103162608.0,0.0,0.0,,0.0,0.0,0.0
2024-10-17,3970.0,0.0,0.0,3990.0,3940.0,3940.0,-30.0,2800.0,11068000.0,9.0,6845.0,3990.0,400.0,3950.0,100.0,1015380000.0,1015380000.0,103162608.0,0.0,0.0,,0.0,0.0,0.0
2024-10-18,3940.0,0.0,0.0,4500.0,3890.0,4350.0,410.0,29300.0,125427000.0,86.0,7557.3,4350.0,200.0,4340.0,100.0,1015380000.0,1015380000.0,103162608.0,300.0,500.0,,0.0,0.0,0.0
2024-10-21,4350.0,0.0,0.0,4290.0,4050.0,4160.0,-190.0,5500.0,22785000.0,26.0,7227.2,4230.0,400.0,4160.0,100.0,1015380000.0,1015380000.0,103162608.0,0.0,1800.0,,0.0,0.0,0.0
2024-10-22,4160.0,0.0,0.0,4160.0,4150.0,4150.0,-10.0,1400.0,5811000.0,4.0,7209.9,4150.0,100.0,4030.0,100.0,1015380000.0,1015380000.0,103162608.0,1300.0,0.0,,0.0,0.0,0.0
2024-10-23,4150.0,0.0,0.0,4080.0,3990.0,3990.0,-160.0,9400.0,37989000.0,24.0,6931.9,4000.0,9100.0,3990.0,400.0,1015380000.0,1015380000.0,103162608.0,1100.0,1400.0,,0.0,0.0,0.0
2024-10-24,3990.0,0.0,0.0,4070.0,3990.0,3990.0,0.0,3200.0,12808000.0,9.0,6931.9,4000.0,8000.0,3990.0,1900.0,1015380000.0,1015380000.0,103162608.0,1000.0,0.0,,0.0,0.0,0.0
2024-10-25,3990.0,0.0,0.0,4030.0,3990.0,4020.0,30.0,900.0,3603000.0,6.0,6984.0,4030.0,1100.0,4020.0,900.0,1015380000.0,1015380000.0,103162608.0,0.0,0.0,,0.0,0.0,0.0
2024-10-28,4020.0,0.0,0.0,4040.0,4040.0,4040.0,20.0,200.0,808000.0,2.0,7018.8,4040.0,700.0,3800.0,400.0,1015380000.0,1015380000.0,103162608.0,0.0,0.0,,0.0,0.0,0.0
2024-10-29,4040.0,0.0,0.0,4400.0,3890.0,4200.0,160.0,16200.0,66174000.0,52.0,7296.7,4200.0,12700.0,4110.0,500.0,1015380000.0,1015380000.0,103162608.0,0.0,0.0,,0.0,0.0,0.0
2024-10-30,4200.0,0.0,0.0,4400.0,4050.0,4260.0,60.0,15700.0,65746000.0,66.0,7401.0,4260.0,6100.0,4170.0,100.0,1015380000.0,1015380000.0,103162608.0,2000.0,3000.0,,0.0,0.0,0.0
2024-10-31,4260.0,0.0,0.0,5000.0,4270.0,4670.0,410.0,123100.0,573791000.0,441.0,8113.3,4670.0,34000.0,4610.0,100.0,1015380000.0,1015380000.0,103162608.0,5000.0,8100.0,,0.0,0.0,0.0
2024-11-01,4670.0,0.0,0.0,4850.0,4420.0,4670.0,0.0,70200.0,323355000.0,291.0,8113.3,4670.0,71500.0,4590.0,100.0,1015380000.0,1015380000.0,103162608.0,6800.0,4900.0,,0.0,0.0,0.0
2024-11-04,4670.0,0.0,0.0,5000.0,4670.0,4800.0,130.0,142900.0,692942000.0,275.0,8339.1,4800.0,51900.0,4730.0,100.0,1015380000.0,1015380000.0,103162608.0,1200.0,5300.0,,0.0,0.0,0.0
2024-11-05,4800.0,0.0,0.0,5000.0,4680.0,4800.0,0.0,44300.0,212706000.0,142.0,8339.1,4780.0,200.0,4680.0,100.0,1015380000.0,1015380000.0,103162608.0,4900.0,3500.0,,0.0,0.0,0.0
2024-11-06,4800.0,0.0,0.0,4900.0,3870.0,4100.0,-700.0,208400.0,896697000.0,578.0,7123.0,4100.0,64500.0,4070.0,900.0,1015380000.0,1015380000.0,103162608.0,5900.0,2100.0,,0.0,0.0,0.0
2024-11-07,4100.0,0.0,0.0,4200.0,3980.0,4040.0,-60.0,7800.0,31687000.0,44.0,7018.8,4030.0,800.0,3960.0,100.0,1015380000.0,1015380000.0,103162608.0,0.0,1400.0,,0.0,0.0,0.0
2024-11-08,4040.0,0.0,0.0,4390.0,3860.0,4000.0,-40.0,72200.0,295384000.0,355.0,6949.3,4000.0,23000.0,3960.0,100.0,1015380000.0,1015380000.0,103162608.0,100.0,1100.0,,0.0,0.0,0.0
2024-11-11,4000.0,0.0,0.0,4180.0,3900.0,3970.0,-30.0,20600.0,82094000.0,130.0,6897.2,3980.0,600.0,3940.0,100.0,1015380000.0,1015380000.0,103162608.0,0.0,0.0,,0.0,0.0,0.0
2024-11-12,3970.0,0.0,0.0,4390.0,3880.0,4140.0,170.0,48500.0,196072000.0,179.0,7192.5,4140.0,34600.0,4050.0,100.0,1015380000.0,1015380000.0,103162608.0,100.0,300.0,,0.0,0.0,0.0
2024-11-13,4140.0,0.0,0.0,4280.0,4000.0,4130.0,-10.0,11200.0,45814000.0,86.0,7175.1,4130.0,1700.0,4060.0,100.0,1015380000.0,1015380000.0,103162608.0,600.0,1000.0,,0.0,0.0,0.0
2024-11-14,4130.0,0.0,0.0,4230.0,3800.0,3980.0,-150.0,46400.0,184713000.0,228.0,6914.5,3980.0,28000.0,3930.0,200.0,1015380000.0,1015380000.0,103162608.0,1400.0,800.0,,0.0,0.0,0.0
2024-11-15,3980.0,0.0,0.0,4090.0,3920.0,3990.0,10.0,31600.0,127467000.0,43.0,6931.9,3990.0,29400.0,3930.0,100.0,1015380000.0,1015380000.0,103162608.0,900.0,0.0,,0.0,0.0,0.0
2024-11-18,3990.0,0.0,0.0,4130.0,3980.0,4050.0,60.0,32700.0,132428000.0,25.0,7036.1,4050.0,12400.0,3990.0,100.0,1015380000.0,1015380000.0,103162608.0,200.0,0.0,,0.0,0.0,0.0
2024-11-19,4050.0,0.0,0.0,4060.0,3470.0,3530.0,-520.0,91700.0,335223000.0,372.0,6132.7,3530.0,15200.0,3520.0,1000.0,1015380000.0,1015380000.0,103162608.0,700.0,0.0,,0.0,0.0,0.0
2024-11-20,3530.0,0.0,0.0,3800.0,3500.0,3540.0,10.0,10300.0,36436000.0,50.0,6150.1,3540.0,700.0,3480.0,600.0,1015380000.0,1015380000.0,103162608.0,0.0,200.0,,0.0,0.0,0.0
2024-11-21,3540.0,0.0,0.0,3590.0,3460.0,3540.0,0.0,4300.0,15097000.0,21.0,6150.1,3530.0,300.0,3480.0,100.0,1015380000.0,1015380000.0,103162608.0,0.0,0.0,,0.0,0.0,0.0
2024-11-22,3540.0,0.0,0.0,3550.0,3200.0,3440.0,-100.0,14700.0,48711000.0,36.0,5976.4,3460.0,100.0,3330.0,100.0,1015380000.0,1015380000.0,103162608.0,400.0,5900.0,,0.0,0.0,0.0
2024-11-25,3440.0,0.0,0.0,3500.0,3400.0,3450.0,10.0,1500.0,5170000.0,12.0,5993.7,3440.0,400.0,3290.0,100.0,1015380000.0,1015380000.0,103162608.0,0.0,0.0,,0.0,0.0,0.0
2024-11-26,3450.0,0.0,0.0,3430.0,3310.0,3400.0,-50.0,1500.0,5067000.0,10.0,5906.9,3440.0,500.0,3320.0,800.0,1015380000.0,1015380000.0,103162608.0,0.0,0.0,,0.0,0.0,0.0
2024-11-28,3400.0,0.0,0.0,3480.0,3210.0,3300.0,-100.0,13300.0,44295000.0,51.0,5733.1,3300.0,9500.0,3260.0,100.0,1015380000.0,1015380000.0,103162608.0,0.0,300.0,,0.0,0.0,0.0
2024-11-29,3300.0,0.0,0.0,3700.0,3250.0,3300.0,0.0,43400.0,150308000.0,130.0,5733.1,3300.0,9100.0,3280.0,200.0,1015380000.0,1015380000.0,103162608.0,5000.0,200.0,,0.0,0.0,0.0
2024-12-02,3300.0,0.0,0.0,3490.0,3100.0,3450.0,150.0,13100.0,41648000.0,23.0,5993.7,3400.0,300.0,3320.0,100.0,1015380000.0,1015380000.0,103162608.0,0.0,4200.0,,0.0,0.0,0.0
2024-12-03,3450.0,0.0,0.0,3880.0,3270.0,3690.0,240.0,50100.0,179065000.0,197.0,6410.7,3690.0,600.0,3580.0,100.0,1015380000.0,1015380000.0,103162608.0,2100.0,0.0,,0.0,0.0,0.0
2024-12-04,3690.0,0.0,0.0,3790.0,3500.0,3740.0,50.0,19100.0,68698000.0,109.0,6497.6,3740.0,500.0,3630.0,100.0,1015380000.0,1015380000.0,103162608.0,1200.0,0.0,,0.0,0.0,0.0
2024-12-05,3740.0,0.0,0.0,3870.0,3530.0,3610.0,-130.0,103300.0,377042000.0,287.0,6271.7,3610.0,1000.0,3580.0,500.0,1015380000.0,1015380000.0,103162608.0,300.0,0.0,,0.0,0.0,0.0
2024-12-06,3610.0,0.0,0.0,4370.0,3500.0,4300.0,690.0,89100.0,332281000.0,129.0,7470.5,4300.0,32600.0,3720.0,100.0,1015380000.0,1015380000.0,103162608.0,2300.0,0.0,,0.0,0.0,0.0
2024-12-09,4300.0,0.0,0.0,4250.0,3870.0,4070.0,-230.0,62600.0,250948000.0,356.0,7070.9,4070.0,1000.0,3960.0,1100.0,1015380000.0,1015380000.0,103162608.0,600.0,600.0,,0.0,0.0,0.0
2024-12-10,4070.0,4070.0,4070.0,4400.0,3990.0,4150.0,80.0,39700.0,163322000.0,183.0,7209.9,4140.0,500.0,4070.0,100.0,1015380000.0,1015380000.0,103162608.0,0.0,100.0,,0.0,0.0,0.0
2024-12-11,4150.0,0.0,0.0,4240.0,3810.0,4050.0,-100.0,100600.0,414355000.0,153.0,7036.1,4050.0,7400.0,3960.0,100.0,1015380000.0,1015380000.0,103162608.0,0.0,0.0,,0.0,0.0,0.0
2024-12-12,4050.0,0.0,0.0,4350.0,3910.0,4220.0,170.0,108100.0,444210000.0,250.0,7331.5,4190.0,500.0,4080.0,100.0,1015380000.0,1015380000.0,103162608.0,0.0,0.0,,0.0,0.0,0.0
2024-12-13,4220.0,0.0,0.0,4290.0,3810.0,4020.0,-200.0,183900.0,761309000.0,248.0,6984.0,4020.0,5200.0,3920.0,100.0,1015380000.0,1015380000.0,103162608.0,0.0,300.0,,0.0,0.0,0.0
2024-12-16,4020.0,0.0,0.0,5025.0,3870.0,4430.0,410.0,146700.0,597393500.0,235.0,7696.3,4430.0,119400.0,4340.0,100.0,1015380000.0,1015380000.0,103162608.0,600.0,1000.0,,0.0,0.0,0.0
2024-12-17,4430.0,0.0,0.0,4800.0,4250.0,4540.0,110.0,12900.0,57615000.0,75.0,7887.4,4530.0,100.0,4440.0,100.0,1015380000.0,1015380000.0,103162608.0,300.0,800.0,,0.0,0.0,0.0
2024-12-18,4540.0,4760.0,4800.0,4800.0,4400.0,4680.0,140.0,169300.0,771587000.0,224.0,8130.6,4680.0,1200.0,4600.0,100.0,1015380000.0,1015380000.0,103162608.0,300.0,0.0,,0.0,0.0,0.0
2024-12-19,4680.0,0.0,0.0,4790.0,3900.0,4650.0,-30.0,218700.0,982433000.0,403.0,8078.5,4650.0,5800.0,4610.0,100.0,1015380000.0,1015380000.0,103162608.0,1300.0,1100.0,,0.0,0.0,0.0
2024-12-20,4650.0,0.0,0.0,4670.0,4510.0,4650.0,0.0,6500.0,29893000.0,43.0,8078.5,4650.0,9400.0,4560.0,100.0,1015380000.0,1015380000.0,103162608.0,0.0,200.0,,0.0,0.0,0.0
2024-12-23,4650.0,4800.0,4790.0,4800.0,4510.0,4670.0,20.0,12000.0,55839000.0,97.0,8113.3,4680.0,2400.0,4590.0,100.0,1015380000.0,1015380000.0,103162608.0,0.0,0.0,,0.0,0.0,0.0
2024-12-24,4670.0,4700.0,4650.0,4700.0,4520.0,4620.0,-50.0,166400.0,772862000.0,76.0,8026.4,4620.0,5100.0,4550.0,100.0,1015380000.0,1015380000.0,103162608.0,0.0,0.0,,0.0,0.0,0.0
2024-12-27,4620.0,4700.0,4700.0,4780.0,4680.0,4680.0,60.0,9000.0,42297000.0,11.0,8130.6,4680.0,2100.0,4570.0,100.0,1015380000.0,1015380000.0,103162608.0,0.0,0.0,,0.0,0.0,0.0
2024-12-30,4680.0,4780.0,4690.0,4780.0,4560.0,4680.0,0.0,173900.0,814882000.0,79.0,8130.6,4680.0,6900.0,4620.0,100.0,1015380000.0,1015380000.0,103162608.0,0.0,500.0,,0.0,0.0,0.0
2025-01-02,4680.0,0.0,0.0,4680.0,4320.0,4630.0,-50.0,18000.0,82333000.0,122.0,8043.8,4640.0,1700.0,4520.0,500.0,1015380000.0,1015380000.0,94734954.0,0.0,400.0,,0.0,0.0,0.0
2025-01-03,4630.0,0.0,0.0,4660.0,4410.0,4650.0,20.0,182600.0,845613000.0,137.0,8078.5,4650.0,42000.0,4550.0,100.0,1015380000.0,1015380000.0,94734954.0,0.0,500.0,,0.0,0.0,0.0
2025-01-06,4650.0,0.0,0.0,5000.0,4490.0,4560.0,-90.0,27200.0,127060000.0,123.0,7922.2,4560.0,1300.0,4490.0,100.0,1015380000.0,1015380000.0,94734954.0,0.0,600.0,,0.0,0.0,0.0
2025-01-07,4560.0,0.0,0.0,4750.0,4410.0,4660.0,100.0,177300.0,815794000.0,84.0,8095.9,4660.0,500.0,4560.0,200.0,1015380000.0,1015380000.0,94734954.0,800.0,0.0,,0.0,0.0,0.0
2025-01-08,4660.0,0.0,0.0,5000.0,4520.0,4630.0,-30.0,30400.0,140460000.0,143.0,8043.8,4670.0,100.0,4550.0,100.0,1015380000.0,1015380000.0,94734954.0,0.0,200.0,,0.0,0.0,0.0
2025-01-09,4630.0,4530.0,4630.0,4760.0,4520.0,4660.0,30.0,20100.0,92277000.0,128.0,8095.9,4650.0,100.0,4610.0,100.0,1015380000.0,1015380000.0,94734954.0,0.0,0.0,,0.0,0.0,0.0
2025-01-10,4660.0,0.0,0.0,5750.0,3500.0,3850.0,-810.0,357300.0,1369811500.0,993.0,6688.7,3850.0,300.0,3840.0,100.0,1015380000.0,1015380000.0,94734954.0,3100.0,3100.0,,0.0,0.0,0.0
2025-01-13,3850.0,3850.0,3850.0,3990.0,3530.0,3700.0,-150.0,58100.0,221417000.0,159.0,6428.1,3700.0,6700.0,3660.0,100.0,1015380000.0,1015380000.0,94734954.0,3900.0,6600.0,,0.0,0.0,0.0
2025-01-14,3700.0,3570.0,3530.0,3610.0,3500.0,3550.0,-150.0,25600.0,91265000.0,79.0,6167.5,3570.0,1100.0,3550.0,98400.0,1015380000.0,1015380000.0,94734954.0,900.0,6000.0,,0.0,0.0,0.0
2025-01-15,3550.0,3480.0,3490.0,3560.0,3480.0,3520.0,-30.0,7300.0,25627000.0,31.0,6115.4,3540.0,100.0,3520.0,100.0,1015380000.0,1015380000.0,94734954.0,0.0,2200.0,,0.0,0.0,0.0
2025-01-16,3520.0,0.0,0.0,3550.0,3450.0,3530.0,10.0,7500.0,26344000.0,34.0,6132.7,3530.0,900.0,3500.0,100.0,1015380000.0,1015380000.0,94734954.0,0.0,100.0,,0.0,0.0,0.0
2025-01-17,3530.0,0.0,0.0,3560.0,3390.0,3460.0,-70.0,8800.0,30269000.0,30.0,6011.1,3540.0,200.0,3460.0,200.0,1015380000.0,1015380000.0,94734954.0,300.0,2000.0,,0.0,0.0,0.0
2025-01-20,3460.0,0.0,0.0,3460.0,3370.0,3400.0,-60.0,8500.0,28984000.0,42.0,5906.9,3400.0,400.0,3370.0,200.0,1015380000.0,1015380000.0,94734954.0,200.0,0.0,,0.0,0.0,0.0
2025-01-21,3400.0,0.0,0.0,3430.0,3300.0,3410.0,10.0,6200.0,21036000.0,32.0,5924.3,3410.0,300.0,3400.0,13200.0,1015380000.0,1015380000.0,94734954.0,1100.0,0.0,,0.0,0.0,0.0
2025-01-22,3410.0,0.0,0.0,3500.0,3390.0,3420.0,10.0,10800.0,37010000.0,26.0,5941.6,3420.0,1000.0,3390.0,600.0,1015380000.0,1015380000.0,94734954.0,1300.0,0.0,,0.0,0.0,0.0
2025-01-23,3420.0,3390.0,3400.0,3500.0,3390.0,3420.0,0.0,2900.0,9954000.0,17.0,5941.6,3480.0,100.0,3420.0,400.0,1015380000.0,1015380000.0,94734954.0,100.0,0.0,,0.0,0.0,0.0
2025-01-24,3420.0,0.0,0.0,3450.0,3320.0,3380.0,-40.0,4700.0,15794000.0,25.0,5872.1,3410.0,100.0,3370.0,100.0,1015380000.0,1015380000.0,94734954.0,300.0,0.0,,0.0,0.0,0.0
2025-01-30,3380.0,0.0,0.0,3450.0,3170.0,3300.0,-80.0,6900.0,22548000.0,39.0,5733.1,3330.0,100.0,3300.0,200.0,1015380000.0,1015380000.0,94734954.0,200.0,800.0,,0.0,0.0,0.0
2025-01-31,3300.0,0.0,0.0,3360.0,3230.0,3320.0,20.0,4400.0,14509000.0,21.0,5767.9,3330.0,200.0,3300.0,1100.0,1015380000.0,1015380000.0,94734954.0,200.0,0.0,,0.0,0.0,0.0
2025-02-03,3320.0,0.0,0.0,3370.0,3240.0,3300.0,-20.0,3600.0,11790000.0,20.0,5733.1,3290.0,900.0,3210.0,100.0,1015380000.0,1015380000.0,94734954.0,100.0,0.0,,0.0,0.0,0.0
2025-02-04,3300.0,0.0,0.0,3340.0,3250.0,3330.0,30.0,2300.0,7626000.0,16.0,5785.3,3360.0,600.0,3320.0,200.0,1015380000.0,1015380000.0,94734954.0,600.0,0.0,,0.0,0.0,0.0
2025-02-05,3330.0,0.0,0.0,3360.0,3260.0,3280.0,-50.0,4100.0,13473000.0,22.0,5698.4,3280.0,5500.0,3270.0,400.0,1015380000.0,1015380000.0,94734954.0,0.0,0.0,,0.0,0.0,0.0
2025-02-06,3280.0,0.0,0.0,3330.0,3210.0,3330.0,50.0,3100.0,10270000.0,14.0,5785.3,3330.0,1300.0,3260.0,100.0,1015380000.0,1015380000.0,94734954.0,400.0,0.0,,0.0,0.0,0.0
2025-02-07,3330.0,0.0,0.0,3290.0,3200.0,3200.0,-130.0,900.0,2924000.0,7.0,5559.4,3270.0,100.0,3200.0,1000.0,1015380000.0,1015380000.0,94734954.0,0.0,0.0,,0.0,0.0,0.0
2025-02-10,3200.0,0.0,0.0,3240.0,3100.0,3160.0,-40.0,3500.0,10957000.0,21.0,5489.9,3160.0,700.0,3100.0,300.0,1015380000.0,1015380000.0,94734954.0,700.0,0.0,,0.0,0.0,0.0
2025-02-11,3160.0,0.0,0.0,3240.0,3020.0,3120.0,-40.0,2100.0,6547000.0,13.0,5420.4,3120.0,300.0,3030.0,100.0,1015380000.0,1015380000.0,94734954.0,0.0,0.0,,0.0,0.0,0.0
2025-02-12,3120.0,0.0,0.0,3180.0,3000.0,3180.0,60.0,4200.0,13034000.0,29.0,5524.7,3170.0,1500.0,3040.0,200.0,1015380000.0,1015380000.0,94734954.0,400.0,0.0,,0.0,0.0,0.0
2025-02-13,3180.0,0.0,0.0,3350.0,3060.0,3060.0,-120.0,3600.0,11359000.0,15.0,5316.2,3140.0,600.0,3060.0,300.0,1015380000.0,1015380000.0,94734954.0,0.0,0.0,,0.0,0.0,0.0
2025-02-14,3060.0,0.0,0.0,3130.0,3010.0,3070.0,10.0,1900.0,5823000.0,11.0,5333.6,3070.0,200.0,2900.0,100.0,1015380000.0,1015380000.0,94734954.0,0.0,0.0,,0.0,0.0,0.0
2025-02-17,3070.0,0.0,0.0,3120.0,3070.0,3100.0,30.0,3200.0,9911000.0,8.0,5385.7,3170.0,600.0,3100.0,2000.0,1015380000.0,1015380000.0,94734954.0,2000.0,0.0,,0.0,0.0,0.0
2025-02-18,3100.0,0.0,0.0,3170.0,3100.0,3140.0,40.0,800.0,2514000.0,8.0,5455.2,3180.0,1000.0,3100.0,500.0,1015380000.0,1015380000.0,94734954.0,0.0,0.0,,0.0,0.0,0.0
2025-02-19,3140.0,0.0,0.0,3130.0,3020.0,3100.0,-40.0,6300.0,19559000.0,25.0,5385.7,3130.0,2000.0,3100.0,2200.0,1015380000.0,1015380000.0,94734954.0,700.0,0.0,,0.0,0.0,0.0
2025-02-20,3100.0,0.0,0.0,3240.0,3070.0,3070.0,-30.0,1900.0,5966000.0,11.0,5333.6,3240.0,300.0,3070.0,400.0,1015380000.0,1015380000.0,94734954.0,0.0,0.0,,0.0,0.0,0.0
2025-02-21,3070.0,0.0,0.0,3270.0,3070.0,3100.0,30.0,3300.0,10375000.0,10.0,5385.7,3170.0,100.0,3120.0,100.0,1015380000.0,1015380000.0,94734954.0,1500.0,0.0,,0.0,0.0,0.0
2025-02-24,3100.0,0.0,0.0,3180.0,3090.0,3120.0,20.0,700.0,2189000.0,7.0,5420.4,3120.0,200.0,3050.0,100.0,1015380000.0,1015380000.0,94734954.0,0.0,0.0,,0.0,0.0,0.0
2025-02-25,3120.0,0.0,0.0,3220.0,3000.0,3050.0,-70.0,2100.0,6446000.0,21.0,5298.8,3090.0,100.0,2630.0,100.0,1015380000.0,1015380000.0,94734954.0,0.0,0.0,,0.0,0.0,0.0
2025-02-26,3050.0,0.0,0.0,3090.0,2700.0,2950.0,-100.0,3500.0,9941000.0,18.0,5125.1,2960.0,100.0,2950.0,200.0,1015380000.0,1015380000.0,94734954.0,0.0,800.0,,0.0,0.0,0.0
2025-02-27,2950.0,0.0,0.0,3070.0,2950.0,2950.0,0.0,1000.0,2999000.0,8.0,5125.1,2990.0,100.0,2810.0,100.0,1015380000.0,1015380000.0,94734954.0,0.0,0.0,,0.0,0.0,0.0
2025-02-28,2950.0,2530.0,2570.0,2970.0,2530.0,2840.0,-110.0,1800.0,4996000.0,18.0,4934.0,2800.0,300.0,2670.0,100.0,1015380000.0,1015380000.0,94734954.0,0.0,0.0,,0.0,0.0,0.0
2025-03-03,2840.0,0.0,0.0,2940.0,2840.0,2890.0,50.0,400.0,1154000.0,4.0,5020.8,2890.0,100.0,2750.0,100.0,1015380000.0,1015380000.0,94734954.0,0.0,0.0,,0.0,0.0,0.0
2025-03-04,2890.0,0.0,0.0,2890.0,2890.0,2890.0,0.0,1000.0,2890000.0,4.0,5020.8,2880.0,100.0,2260.0,6500.0,1015380000.0,1015380000.0,94734954.0,300.0,0.0,,0.0,0.0,0.0
2025-03-05,2890.0,0.0,0.0,2880.0,2850.0,2880.0,-10.0,200.0,573000.0,2.0,5003.5,2880.0,100.0,2620.0,200.0,1015380000.0,1015380000.0,94734954.0,0.0,0.0,,0.0,0.0,0.0
2025-03-06,2880.0,0.0,0.0,2960.0,2810.0,2890.0,10.0,800.0,2300000.0,7.0,5020.8,2890.0,200.0,2820.0,200.0,1015380000.0,1015380000.0,94734954.0,0.0,0.0,,0.0,0.0,0.0
2025-03-07,2890.0,0.0,0.0,3300.0,2890.0,2890.0,0.0,15600.0,47569000.0,47.0,5020.8,2890.0,3000.0,2800.0,200.0,1015380000.0,1015380000.0,94734954.0,1700.0,0.0,,0.0,0.0,0.0
2025-03-10,2890.0,0.0,0.0,3090.0,2920.0,2920.0,30.0,6100.0,18192000.0,18.0,5073.0,2920.0,3200.0,2900.0,100.0,1015380000.0,1015380000.0,94734954.0,0.0,0.0,,0.0,0.0,0.0
2025-03-11,2920.0,0.0,0.0,2700.0,2700.0,2700.0,-220.0,3200.0,8640000.0,11.0,4690.8,2990.0,1000.0,2700.0,600.0,1015380000.0,1015380000.0,94734954.0,0.0,0.0,,0.0,0.0,0.0
2025-03-12,2700.0,0.0,0.0,2820.0,2790.0,2790.0,90.0,2100.0,5914000.0,8.0,4847.1,2800.0,100.0,2780.0,100.0,1015380000.0,1015380000.0,94734954.0,0.0,0.0,,0.0,0.0,0.0
2025-03-13,2790.0,0.0,0.0,2940.0,2700.0,2830.0,40.0,2100.0,5807000.0,11.0,4916.6,2800.0,500.0,2600.0,100.0,1015380000.0,1015380000.0,94734954.0,0.0,0.0,,0.0,0.0,0.0
2025-03-14,2830.0,0.0,0.0,2780.0,2750.0,2750.0,-80.0,1100.0,3028000.0,5.0,4777.6,2770.0,2000.0,2750.0,700.0,1015380000.0,1015380000.0,94734954.0,0.0,0.0,,0.0,0.0,0.0
2025-03-17,2750.0,0.0,0.0,2800.0,2700.0,2760.0,10.0,1200.0,3283000.0,8.0,4795.0,2750.0,400.0,2610.0,100.0,1015380000.0,1015380000.0,94734954.0,0.0,0.0,,0.0,0.0,0.0
2025-03-18,2760.0,0.0,0.0,2730.0,2400.0,2490.0,-270.0,1600.0,3968000.0,8.0,4325.9,2500.0,6000.0,2410.0,100.0,1015380000.0,1015380000.0,94734954.0,0.0,0.0,,0.0,0.0,0.0
2025-03-19,2490.0,0.0,0.0,2410.0,2250.0,2370.0,-120.0,9400.0,21501000.0,37.0,4117.4,2370.0,1000.0,2300.0,200.0,1015380000.0,1015380000.0,94734954.0,500.0,1100.0,,0.0,0.0,0.0
2025-03-20,2370.0,2370.0,2370.0,2370.0,2290.0,2310.0,-60.0,2500.0,5773000.0,12.0,4013.2,2310.0,100.0,2300.0,200.0,1015380000.0,1015380000.0,94734954.0,200.0,0.0,,0.0,0.0,0.0
2025-03-21,2310.0,0.0,0.0,2360.0,2330.0,2330.0,20.0,400.0,937000.0,3.0,4047.9,2330.0,100.0,2270.0,100.0,1015380000.0,1015380000.0,94734954.0,0.0,0.0,,0.0,0.0,0.0
2025-03-24,2330.0,0.0,0.0,2350.0,2240.0,2260.0,-70.0,500.0,1152000.0,5.0,3926.3,2280.0,100.0,2130.0,100.0,1015380000.0,1015380000.0,94734954.0,0.0,0.0,,0.0,0.0,0.0
2025-03-25,2260.0,0.0,0.0,2340.0,2280.0,2340.0,80.0,200.0,462000.0,2.0,4065.3,2290.0,500.0,1725.0,100.0,1015380000.0,1015380000.0,94734954.0,0.0,0.0,,0.0,0.0,0.0
2025-03-26,2340.0,0.0,0.0,2340.0,2310.0,2330.0,-10.0,1600.0,3727000.0,4.0,4047.9,2320.0,100.0,2310.0,100.0,1015380000.0,1015380000.0,94734954.0,0.0,1500.0,,0.0,0.0,0.0
2025-03-27,2330.0,0.0,0.0,2490.0,2300.0,2400.0,70.0,3000.0,7035000.0,17.0,4169.6,2400.0,200.0,2330.0,200.0,1015380000.0,1015380000.0,94734954.0,0.0,0.0,,0.0,0.0,0.0
2025-04-08,2400.0,2260.0,-99999999.0,2260.0,2260.0,2260.0,-140.0,5500.0,12430000.0,3.0,3926.3,2390.0,300.0,2280.0,200.0,1015380000.0,1015380000.0,94734954.0,0.0,5000.0,,0.0,0.0,0.0
2025-04-09,2260.0,0.0,0.0,2360.0,2260.0,2300.0,40.0,500.0,1144000.0,5.0,3995.8,2290.0,100.0,2070.0,100.0,1015380000.0,1015380000.0,94734954.0,0.0,0.0,,0.0,0.0,0.0
2025-04-10,2300.0,0.0,0.0,2390.0,2330.0,2360.0,60.0,3000.0,7068000.0,12.0,4100.1,2360.0,100.0,2250.0,100.0,1015380000.0,1015380000.0,94734954.0,0.0,0.0,,0.0,0.0,0.0
2025-04-11,2360.0,0.0,0.0,2490.0,2370.0,2480.0,120.0,1400.0,3355000.0,9.0,4308.5,2480.0,100.0,2290.0,100.0,1015380000.0,1015380000.0,94734954.0,0.0,0.0,,0.0,0.0,0.0
2025-04-14,2480.0,0.0,0.0,2570.0,2520.0,2570.0,90.0,300.0,764000.0,3.0,4464.9,2560.0,200.0,2360.0,100.0,1015380000.0,1015380000.0,94734954.0,0.0,0.0,,0.0,0.0,0.0
2025-04-15,2570.0,0.0,0.0,2750.0,2570.0,2710.0,140.0,3200.0,8613000.0,12.0,4708.1,2700.0,100.0,2530.0,100.0,1015380000.0,1015380000.0,94734954.0,0.0,0.0,,0.0,0.0,0.0
2025-04-16,2710.0,0.0,0.0,2950.0,2550.0,2920.0,210.0,5700.0,16192000.0,27.0,5073.0,2910.0,100.0,2710.0,100.0,1015380000.0,1015380000.0,94734954.0,200.0,0.0,,0.0,0.0,0.0
2025-04-17,2920.0,0.0,0.0,3000.0,2710.0,2990.0,70.0,6500.0,19037000.0,26.0,5194.6,2970.0,100.0,2770.0,100.0,1015380000.0,1015380000.0,94734954.0,200.0,0.0,,0.0,0.0,0.0
2025-04-21,2990.0,0.0,0.0,2990.0,2730.0,2970.0,-20.0,2700.0,7674000.0,11.0,5159.8,2970.0,2700.0,2770.0,100.0,1015380000.0,1015380000.0,94734954.0,1100.0,0.0,,0.0,0.0,0.0
2025-04-22,2970.0,0.0,0.0,2960.0,2960.0,2960.0,-10.0,2100.0,6216000.0,4.0,5142.5,2860.0,200.0,2800.0,100.0,1015380000.0,1015380000.0,94734954.0,1600.0,0.0,,0.0,0.0,0.0
2025-04-23,2960.0,0.0,0.0,2940.0,2850.0,2850.0,-110.0,1200.0,3429000.0,6.0,4951.4,2910.0,100.0,2850.0,200.0,1015380000.0,1015380000.0,94734954.0,0.0,0.0,,0.0,0.0,0.0
2025-04-24,2850.0,0.0,0.0,2870.0,2700.0,2830.0,-20.0,7800.0,21204000.0,22.0,4916.6,2830.0,100.0,2730.0,200.0,1015380000.0,1015380000.0,94734954.0,100.0,700.0,,0.0,0.0,0.0
2025-04-25,2830.0,0.0,0.0,2880.0,2810.0,2860.0,30.0,400.0,1141000.0,3.0,4968.7,2860.0,1100.0,2810.0,200.0,1015380000.0,1015380000.0,94734954.0,0.0,0.0,,0.0,0.0,0.0
2025-04-28,2860.0,0.0,0.0,2890.0,2800.0,2870.0,10.0,1100.0,3146000.0,7.0,4986.1,2860.0,100.0,2710.0,100.0,1015380000.0,1015380000.0,94734954.0,0.0,0.0,,0.0,0.0,0.0
2025-04-29,2870.0,0.0,0.0,2860.0,2850.0,2860.0,-10.0,700.0,1996000.0,4.0,4968.7,2860.0,500.0,2760.0,300.0,1015380000.0,1015380000.0,94734954.0,0.0,0.0,,0.0,0.0,0.0
2025-04-30,2860.0,0.0,0.0,2880.0,2850.0,2880.0,20.0,600.0,1714000.0,5.0,5003.5,2870.0,100.0,2790.0,100.0,1015380000.0,1015380000.0,94734954.0,0.0,0.0,,0.0,0.0,0.0
2025-05-02,2880.0,0.0,0.0,2940.0,2880.0,2920.0,40.0,1600.0,4673000.0,6.0,5073.0,2900.0,200.0,2830.0,100.0,1015380000.0,1015380000.0,94734954.0,0.0,0.0,,0.0,0.0,0.0
2025-05-05,2920.0,0.0,0.0,2900.0,2820.0,2890.0,-30.0,800.0,2285000.0,8.0,5020.8,2890.0,500.0,2770.0,100.0,1015380000.0,1015380000.0,94734954.0,0.0,0.0,,0.0,0.0,0.0
2025-05-06,2890.0,0.0,0.0,2960.0,2930.0,2930.0,40.0,5100.0,15009000.0,13.0,5090.3,2930.0,500.0,2800.0,100.0,1015380000.0,1015380000.0,94734954.0,1300.0,0.0,,0.0,0.0,0.0
2025-05-07,2930.0,0.0,0.0,2930.0,2930.0,2930.0,0.0,100.0,293000.0,1.0,5090.3,2930.0,900.0,2760.0,200.0,1015380000.0,1015380000.0,94734954.0,0.0,0.0,,0.0,0.0,0.0
2025-05-08,2930.0,0.0,0.0,3030.0,2700.0,2900.0,-30.0,3000.0,8751000.0,17.0,5038.2,2920.0,300.0,2760.0,500.0,1015380000.0,1015380000.0,94734954.0,0.0,0.0,,0.0,0.0,0.0
2025-05-09,2900.0,0.0,0.0,2900.0,2850.0,2900.0,0.0,1100.0,3154000.0,7.0,5038.2,2890.0,200.0,2850.0,1600.0,1015380000.0,1015380000.0,94734954.0,0.0,0.0,,0.0,0.0,0.0
2025-05-14,2900.0,0.0,0.0,2890.0,2860.0,2880.0,-20.0,8300.0,23891000.0,19.0,5003.5,2880.0,500.0,2790.0,400.0,1015380000.0,1015380000.0,94734954.0,7200.0,800.0,,0.0,0.0,0.0
2025-05-15,2880.0,0.0,0.0,2940.0,2880.0,2900.0,20.0,500.0,1454000.0,5.0,5038.2,2920.0,4300.0,2730.0,100.0,1015380000.0,1015380000.0,94734954.0,0.0,0.0,,0.0,0.0,0.0
2025-05-16,2900.0,0.0,0.0,2940.0,2770.0,2930.0,30.0,900.0,2619000.0,6.0,5090.3,2910.0,100.0,2790.0,300.0,1015380000.0,1015380000.0,94734954.0,0.0,0.0,,0.0,0.0,0.0
2025-05-19,2930.0,0.0,0.0,2900.0,2800.0,2800.0,-130.0,1400.0,3955000.0,7.0,4864.5,2910.0,500.0,2810.0,200.0,1015380000.0,1015380000.0,94734954.0,0.0,0.0,,0.0,0.0,0.0
2025-05-20,2800.0,2890.0,2810.0,2890.0,2600.0,2720.0,-80.0,9200.0,24891000.0,48.0,4725.5,2760.0,700.0,2720.0,500.0,1015380000.0,1015380000.0,94734954.0,0.0,0.0,,0.0,0.0,0.0
2025-05-21,2720.0,0.0,0.0,2820.0,2670.0,2750.0,30.0,3500.0,9634000.0,12.0,4777.6,2770.0,100.0,2750.0,400.0,1015380000.0,1015380000.0,94734954.0,0.0,0.0,,0.0,0.0,0.0
2025-05-22,2750.0,0.0,0.0,2850.0,2750.0,2850.0,100.0,1200.0,3373000.0,10.0,4951.4,2840.0,400.0,2720.0,200.0,1015380000.0,1015380000.0,94734954.0,0.0,0.0,,0.0,0.0,0.0
2025-05-23,2850.0,0.0,0.0,2840.0,2830.0,2830.0,-20.0,200.0,567000.0,2.0,4916.6,2830.0,4200.0,2670.0,200.0,1015380000.0,1015380000.0,94734954.0,100.0,0.0,,0.0,0.0,0.0
2025-05-26,2830.0,0.0,0.0,2830.0,2830.0,2830.0,0.0,100.0,283000.0,1.0,4916.6,2820.0,1000.0,2720.0,100.0,1015380000.0,1015380000.0,94734954.0,0.0,0.0,,0.0,0.0,0.0
2025-05-27,2830.0,0.0,0.0,2820.0,2720.0,2760.0,-70.0,5700.0,15589000.0,26.0,4795.0,2750.0,1000.0,2700.0,100.0,1015380000.0,1015380000.0,94734954.0,1000.0,0.0,,0.0,0.0,0.0
2025-05-28,2760.0,0.0,0.0,2750.0,2750.0,2750.0,-10.0,100.0,275000.0,1.0,4777.6,2760.0,100.0,2630.0,100.0,1015380000.0,1015380000.0,94734954.0,0.0,0.0,,0.0,0.0,0.0
2025-06-02,2750.0,0.0,0.0,2750.0,2650.0,2650.0,-100.0,4000.0,10880000.0,9.0,4603.9,2650.0,600.0,2560.0,200.0,1015380000.0,1015380000.0,94734954.0,300.0,0.0,,0.0,0.0,0.0
2025-06-03,2650.0,2650.0,2650.0,2710.0,2650.0,2710.0,60.0,1200.0,3186000.0,5.0,4708.1,2710.0,900.0,2650.0,1100.0,1015380000.0,1015380000.0,94734954.0,0.0,0.0,,0.0,0.0,0.0
2025-06-04,2710.0,0.0,0.0,2730.0,2310.0,2640.0,-70.0,10800.0,26995000.0,23.0,4586.5,2760.0,200.0,2640.0,500.0,1015380000.0,1015380000.0,94734954.0,0.0,600.0,,0.0,0.0,0.0
2025-06-05,2640.0,0.0,0.0,0.0,0.0,2640.0,0.0,0.0,0.0,0.0,4586.5,2640.0,2500.0,2520.0,100.0,1015380000.0,1015380000.0,94734954.0,0.0,0.0,,0.0,0.0,0.0
2025-06-10,2640.0,0.0,0.0,2630.0,2500.0,2500.0,-140.0,7400.0,18567000.0,32.0,4343.3,2550.0,200.0,2500.0,400.0,1015380000.0,1015380000.0,94734954.0,0.0,700.0,,0.0,0.0,0.0
2025-06-11,2500.0,0.0,0.0,2520.0,2420.0,2470.0,-30.0,1100.0,2739000.0,9.0,4291.2,2490.0,200.0,2470.0,600.0,1015380000.0,1015380000.0,94734954.0,0.0,0.0,,0.0,0.0,0.0
2025-06-12,2470.0,0.0,0.0,2490.0,2470.0,2490.0,20.0,400.0,991000.0,4.0,4325.9,2590.0,400.0,2480.0,300.0,1015380000.0,1015380000.0,94734954.0,0.0,0.0,,0.0,0.0,0.0
2025-06-13,2490.0,0.0,0.0,2770.0,2530.0,2580.0,90.0,9100.0,23952000.0,51.0,4482.3,2580.0,300.0,2510.0,100.0,1015380000.0,1015380000.0,94734954.0,500.0,500.0,,0.0,0.0,0.0
2025-06-16,2580.0,0.0,0.0,2650.0,2540.0,2540.0,-40.0,2600.0,6766000.0,16.0,4412.8,2590.0,100.0,2540.0,100.0,1015380000.0,1015380000.0,94734954.0,0.0,0.0,,0.0,0.0,0.0
2025-06-17,2540.0,0.0,0.0,2610.0,2440.0,2560.0,20.0,4100.0,10356000.0,23.0,4447.5,2560.0,200.0,2470.0,200.0,1015380000.0,1015380000.0,94734954.0,0.0,100.0,,0.0,0.0,0.0
2025-06-18,2560.0,0.0,0.0,2760.0,2510.0,2510.0,-50.0,3200.0,8386000.0,21.0,4360.7,2560.0,300.0,2480.0,100.0,1015380000.0,1015380000.0,94734954.0,400.0,400.0,,0.0,0.0,0.0
2025-06-19,2510.0,2500.0,2450.0,2500.0,2440.0,2440.0,-70.0,2700.0,6639000.0,11.0,4239.1,2500.0,500.0,2440.0,2600.0,1015380000.0,1015380000.0,94734954.0,0.0,0.0,,0.0,0.0,0.0
2025-06-20,2440.0,0.0,0.0,2500.0,2450.0,2490.0,50.0,1800.0,4450000.0,8.0,4325.9,2490.0,100.0,2440.0,2600.0,1015380000.0,1015380000.0,94734954.0,0.0,0.0,,0.0,0.0,0.0
2025-06-23,2490.0,0.0,0.0,2570.0,2440.0,2510.0,20.0,1900.0,4721000.0,9.0,4360.7,2520.0,100.0,2510.0,300.0,1015380000.0,1015380000.0,94734954.0,0.0,0.0,,0.0,0.0,0.0
2025-06-24,2510.0,0.0,0.0,2560.0,2450.0,2560.0,50.0,1400.0,3497000.0,7.0,4447.5,2540.0,100.0,2460.0,100.0,1015380000.0,1015380000.0,94734954.0,0.0,0.0,,0.0,0.0,0.0
2025-06-25,2560.0,2560.0,2540.0,2560.0,2540.0,2540.0,-20.0,200.0,510000.0,2.0,4412.8,2540.0,300.0,2450.0,100.0,1015380000.0,1015380000.0,94734954.0,0.0,0.0,,0.0,0.0,0.0
2025-06-26,2540.0,0.0,0.0,2540.0,2460.0,2540.0,0.0,800.0,2000000.0,4.0,4412.8,2530.0,100.0,2510.0,100.0,1015380000.0,1015380000.0,94734954.0,0.0,0.0,,0.0,0.0,0.0
2025-06-30,2540.0,0.0,0.0,2520.0,2440.0,2520.0,-20.0,600.0,1486000.0,4.0,4378.0,2520.0,300.0,2450.0,100.0,1015380000.0,1015380000.0,94734954.0,100.0,0.0,,0.0,0.0,0.0
2025-07-01,2520.0,0.0,0.0,0.0,0.0,2520.0,0.0,0.0,0.0,0.0,4378.0,2510.0,100.0,2450.0,1100.0,1015380000.0,1015380000.0,94734954.0,0.0,0.0,,0.0,0.0,0.0
2025-07-02,2520.0,0.0,0.0,2580.0,2450.0,2450.0,-70.0,1300.0,3242000.0,10.0,4256.4,2460.0,500.0,2450.0,200.0,1015380000.0,1015380000.0,94734954.0,0.0,0.0,,0.0,0.0,0.0
2025-07-03,2450.0,0.0,0.0,2490.0,2440.0,2440.0,-10.0,500.0,1225000.0,2.0,4239.1,2500.0,1000.0,2440.0,800.0,1015380000.0,1015380000.0,94734954.0,0.0,0.0,,1606500.0,4000185000.0,1.0
2025-07-04,2440.0,0.0,0.0,0.0,0.0,2440.0,0.0,0.0,0.0,0.0,4239.1,2490.0,100.0,2450.0,100.0,1015380000.0,1015380000.0,94734954.0,0.0,0.0,,0.0,0.0,0.0
2025-07-07,2440.0,0.0,0.0,2500.0,2440.0,2500.0,60.0,800.0,1975000.0,5.0,4343.3,2500.0,700.0,2440.0,700.0,1015380000.0,1015380000.0,94734954.0,0.0,0.0,,0.0,0.0,0.0
2025-07-08,2500.0,0.0,0.0,0.0,0.0,2500.0,0.0,0.0,0.0,0.0,4343.3,2500.0,1300.0,2440.0,400.0,1015380000.0,1015380000.0,94734954.0,0.0,0.0,,0.0,0.0,0.0
2025-07-09,2500.0,0.0,0.0,0.0,0.0,2500.0,0.0,0.0,0.0,0.0,4343.3,2500.0,1900.0,2440.0,400.0,1015380000.0,1015380000.0,94734954.0,0.0,0.0,,0.0,0.0,0.0
2025-07-10,2500.0,0.0,0.0,2590.0,2460.0,2520.0,20.0,4700.0,11809000.0,37.0,4378.0,2560.0,400.0,2520.0,2000.0,1015380000.0,1015380000.0,94734954.0,400.0,200.0,,13964200.0,30693311600.0,8.0
2025-07-11,2520.0,0.0,0.0,2590.0,2450.0,2570.0,50.0,4600.0,11611000.0,20.0,4464.9,2570.0,300.0,2460.0,100.0,1015380000.0,1015380000.0,94734954.0,200.0,300.0,,0.0,0.0,0.0
2025-07-14,2570.0,0.0,0.0,2570.0,2460.0,2470.0,-100.0,1800.0,4493000.0,18.0,4291.2,2470.0,200.0,2450.0,300.0,1015380000.0,1015380000.0,94734954.0,200.0,300.0,,0.0,0.0,0.0
2025-07-15,2470.0,2130.0,2220.0,2440.0,2130.0,2340.0,-130.0,3400.0,7753000.0,20.0,4065.3,2410.0,100.0,2310.0,1200.0,1015380000.0,1015380000.0,94734954.0,0.0,100.0,,0.0,0.0,0.0
2025-07-16,2340.0,2340.0,2340.0,2920.0,2150.0,2270.0,-70.0,158400.0,420421000.0,397.0,3943.7,2290.0,300.0,2270.0,700.0,1015380000.0,1015380000.0,94734954.0,3000.0,2500.0,,0.0,0.0,0.0
2025-07-17,2270.0,2270.0,2300.0,2360.0,2220.0,2290.0,20.0,16800.0,38456000.0,58.0,3978.5,2290.0,1800.0,2250.0,100.0,1015380000.0,1015380000.0,94734954.0,1300.0,700.0,,0.0,0.0,0.0
2025-07-18,2290.0,0.0,0.0,2380.0,2220.0,2230.0,-60.0,9700.0,22290000.0,55.0,3874.2,2270.0,200.0,2230.0,100.0,1015380000.0,1015380000.0,94734954.0,1000.0,1600.0,,0.0,0.0,0.0
2025-07-21,2230.0,0.0,0.0,2250.0,2150.0,2190.0,-40.0,5100.0,11192000.0,35.0,3804.7,2200.0,800.0,2180.0,200.0,1015380000.0,1015380000.0,94734954.0,0.0,100.0,,0.0,0.0,0.0
2025-07-22,2190.0,0.0,0.0,2240.0,2100.0,2200.0,10.0,4600.0,9950000.0,23.0,3822.1,2220.0,200.0,2100.0,700.0,1015380000.0,1015380000.0,94734954.0,0.0,0.0,,0.0,0.0,0.0
2025-07-23,2200.0,0.0,0.0,2260.0,2150.0,2150.0,-50.0,1100.0,2429000.0,9.0,3735.2,2220.0,5500.0,2150.0,600.0,1015380000.0,1015380000.0,94734954.0,200.0,0.0,,0.0,0.0,0.0
2025-07-24,2150.0,0.0,0.0,2320.0,2170.0,2270.0,120.0,13600.0,30815000.0,44.0,3943.7,2300.0,3100.0,2270.0,6700.0,1015380000.0,1015380000.0,94734954.0,100.0,700.0,,0.0,0.0,0.0
2025-07-25,2270.0,0.0,0.0,2340.0,2220.0,2220.0,-50.0,2000.0,4539000.0,14.0,3856.8,2270.0,100.0,2180.0,300.0,1015380000.0,1015380000.0,94734954.0,200.0,0.0,,0.0,0.0,0.0
2025-07-28,2220.0,0.0,0.0,2340.0,2180.0,2210.0,-10.0,7000.0,15830000.0,40.0,3839.5,2290.0,1300.0,2210.0,300.0,1015380000.0,1015380000.0,94734954.0,700.0,200.0,,0.0,0.0,0.0
2025-07-29,2210.0,0.0,0.0,2290.0,2190.0,2200.0,-10.0,8100.0,18059000.0,20.0,3822.1,2250.0,500.0,2180.0,100.0,1015380000.0,1015380000.0,94734954.0,100.0,500.0,,0.0,0.0,0.0
2025-07-30,2200.0,0.0,0.0,2240.0,2160.0,2220.0,20.0,2400.0,5323000.0,12.0,3856.8,2200.0,200.0,2160.0,100.0,1015380000.0,1015380000.0,94734954.0,700.0,200.0,,0.0,0.0,0.0
2025-07-31,2220.0,0.0,0.0,2290.0,2180.0,2250.0,30.0,1700.0,3850000.0,8.0,3909.0,2280.0,300.0,2190.0,100.0,1015380000.0,1015380000.0,94734954.0,0.0,0.0,,0.0,0.0,0.0
2025-08-01,2250.0,0.0,0.0,2290.0,2160.0,2220.0,-30.0,2800.0,6205000.0,13.0,3856.8,2220.0,700.0,2180.0,200.0,1015380000.0,1015380000.0,94734954.0,500.0,100.0,,0.0,0.0,0.0
2025-08-04,2220.0,0.0,0.0,2220.0,2210.0,2220.0,0.0,1100.0,2432000.0,8.0,3856.8,2220.0,2800.0,2180.0,300.0,1015380000.0,1015380000.0,94734954.0,0.0,0.0,,0.0,0.0,0.0
2025-08-05,2220.0,0.0,0.0,2250.0,2220.0,2220.0,0.0,500.0,1119000.0,5.0,3856.8,2240.0,2800.0,2220.0,900.0,1015380000.0,1015380000.0,94734954.0,0.0,0.0,,0.0,0.0,0.0
2025-08-06,2220.0,0.0,0.0,2280.0,2180.0,2180.0,-40.0,4500.0,9890000.0,13.0,3787.4,2180.0,1500.0,2150.0,100.0,1015380000.0,1015380000.0,94734954.0,0.0,100.0,,0.0,0.0,0.0
2025-08-07,2180.0,0.0,0.0,2220.0,2030.0,2180.0,0.0,6800.0,14629000.0,21.0,3787.4,2180.0,800.0,2120.0,100.0,1015380000.0,1015380000.0,94734954.0,0.0,400.0,,0.0,0.0,0.0
2025-08-08,2180.0,0.0,0.0,2200.0,2160.0,2200.0,20.0,1000.0,2176000.0,7.0,3822.1,2200.0,700.0,2120.0,100.0,1015380000.0,1015380000.0,94734954.0,0.0,100.0,,0.0,0.0,0.0
2025-08-11,2200.0,0.0,0.0,2220.0,2190.0,2190.0,-10.0,2700.0,5950000.0,12.0,3804.7,2220.0,700.0,2190.0,300.0,1015380000.0,1015380000.0,94734954.0,0.0,1400.0,,0.0,0.0,0.0
2025-08-12,2190.0,0.0,0.0,2240.0,2160.0,2200.0,10.0,2400.0,5272000.0,10.0,3822.1,2250.0,200.0,2200.0,500.0,1015380000.0,1015380000.0,94734954.0,0.0,100.0,,0.0,0.0,0.0
2025-08-13,2200.0,0.0,0.0,2240.0,2170.0,2230.0,30.0,1400.0,3063000.0,5.0,3874.2,2230.0,900.0,2200.0,500.0,1015380000.0,1015380000.0,94734954.0,0.0,500.0,,0.0,0.0,0.0
2025-08-14,2230.0,0.0,0.0,2250.0,2180.0,2240.0,10.0,1200.0,2673000.0,8.0,3891.6,2240.0,2300.0,2190.0,100.0,1015380000.0,1015380000.0,94734954.0,0.0,100.0,,0.0,0.0,0.0
2025-08-15,2240.0,0.0,0.0,2280.0,2220.0,2270.0,30.0,3400.0,7652000.0,10.0,3943.7,2290.0,100.0,2220.0,200.0,1015380000.0,1015380000.0,94734954.0,100.0,0.0,,0.0,0.0,0.0
2025-08-19,2270.0,0.0,0.0,2400.0,2200.0,2220.0,-50.0,4300.0,9854000.0,25.0,3856.8,2290.0,400.0,2220.0,1200.0,1015380000.0,1015380000.0,94734954.0,0.0,200.0,,0.0,0.0,0.0
2025-08-20,2220.0,0.0,0.0,2310.0,2190.0,2200.0,-20.0,4300.0,9555000.0,32.0,3822.1,2250.0,100.0,2200.0,600.0,1015380000.0,1015380000.0,94734954.0,200.0,200.0,,0.0,0.0,0.0
2025-08-21,2200.0,0.0,0.0,2370.0,2150.0,2190.0,-10.0,3400.0,7526000.0,27.0,3804.7,2190.0,500.0,2120.0,100.0,1015380000.0,1015380000.0,94734954.0,200.0,0.0,,0.0,0.0,0.0
2025-08-22,2190.0,0.0,0.0,2270.0,2260.0,2270.0,80.0,2700.0,6108000.0,11.0,3943.7,2270.0,3100.0,2130.0,100.0,1015380000.0,1015380000.0,94734954.0,300.0,0.0,,0.0,0.0,0.0
2025-08-25,2270.0,0.0,0.0,2270.0,2200.0,2270.0,0.0,900.0,2021000.0,9.0,3943.7,2270.0,1400.0,2260.0,100.0,1015380000.0,1015380000.0,94734954.0,0.0,0.0,,0.0,0.0,0.0
2025-08-26,2270.0,0.0,0.0,0.0,0.0,2270.0,0.0,0.0,0.0,0.0,3943.7,2270.0,1400.0,2180.0,4300.0,1015380000.0,1015380000.0,94734954.0,0.0,0.0,,0.0,0.0,0.0
2025-08-27,2270.0,0.0,0.0,2360.0,2190.0,2300.0,30.0,3500.0,7872000.0,24.0,3995.8,2290.0,400.0,2210.0,500.0,1015380000.0,1015380000.0,94734954.0,100.0,100.0,,0.0,0.0,0.0
2025-08-28,2300.0,0.0,0.0,2290.0,2210.0,2240.0,-60.0,10400.0,23291000.0,8.0,3891.6,2260.0,100.0,2240.0,8000.0,1015380000.0,1015380000.0,94734954.0,0.0,300.0,,0.0,0.0,0.0
2025-08-29,2240.0,2240.0,2210.0,2310.0,2180.0,2200.0,-40.0,9400.0,20783000.0,11.0,3822.1,2210.0,1000.0,2200.0,200.0,1015380000.0,1015380000.0,94734954.0,0.0,0.0,,0.0,0.0,0.0
2025-09-01,2200.0,2200.0,2200.0,2280.0,2150.0,2220.0,20.0,3400.0,7621000.0,17.0,3856.8,2240.0,100.0,2220.0,100.0,1015380000.0,1015380000.0,94734954.0,1000.0,0.0,,0.0,0.0,0.0
2025-09-02,2220.0,0.0,0.0,2240.0,2180.0,2240.0,20.0,1600.0,3538000.0,5.0,3891.6,2240.0,1500.0,2180.0,5400.0,1015380000.0,1015380000.0,94734954.0,0.0,900.0,,0.0,0.0,0.0
2025-09-03,2240.0,0.0,0.0,2280.0,2260.0,2260.0,20.0,600.0,1358000.0,5.0,3926.3,2240.0,300.0,2190.0,200.0,1015380000.0,1015380000.0,94734954.0,200.0,0.0,,0.0,0.0,0.0
2025-09-04,2260.0,0.0,0.0,2260.0,2260.0,2260.0,0.0,200.0,452000.0,2.0,3926.3,2250.0,1300.0,2200.0,100.0,1015380000.0,1015380000.0,94734954.0,0.0,0.0,,0.0,0.0,0.0
2025-09-08,2260.0,0.0,0.0,2230.0,2190.0,2230.0,-30.0,1800.0,3982000.0,7.0,3874.2,2230.0,600.0,2190.0,200.0,1015380000.0,1015380000.0,94734954.0,0.0,1000.0,,0.0,0.0,0.0
2025-09-09,2230.0,0.0,0.0,2190.0,2100.0,2190.0,-40.0,5800.0,12616000.0,10.0,3804.7,2190.0,200.0,2120.0,100.0,1015380000.0,1015380000.0,94734954.0,0.0,0.0,,0.0,0.0,0.0
2025-09-10,2190.0,0.0,0.0,2200.0,2200.0,2200.0,10.0,700.0,1540000.0,4.0,3822.1,2200.0,3500.0,2120.0,200.0,1015380000.0,1015380000.0,94734954.0,100.0,0.0,,0.0,0.0,0.0
2025-09-11,2200.0,0.0,0.0,2280.0,2150.0,2210.0,10.0,800.0,1771000.0,8.0,3839.5,2220.0,300.0,2120.0,100.0,1015380000.0,1015380000.0,94734954.0,300.0,0.0,,0.0,0.0,0.0
2025-09-12,2210.0,0.0,0.0,2200.0,2110.0,2200.0,-10.0,2200.0,4785000.0,7.0,3822.1,2200.0,500.0,2110.0,1100.0,1015380000.0,1015380000.0,94734954.0,1300.0,0.0,,0.0,0.0,0.0
2025-09-15,2200.0,0.0,0.0,2250.0,2150.0,2150.0,-50.0,1300.0,2843000.0,9.0,3735.2,2150.0,500.0,2130.0,500.0,1015380000.0,1015380000.0,94734954.0,0.0,100.0,,0.0,0.0,0.0
2025-09-16,2150.0,0.0,0.0,2230.0,2110.0,2120.0,-30.0,2900.0,6282000.0,10.0,3683.1,2180.0,500.0,2110.0,700.0,1015380000.0,1015380000.0,94734954.0,0.0,200.0,,0.0,0.0,0.0
2025-09-17,2120.0,2180.0,2180.0,2180.0,2110.0,2130.0,10.0,2800.0,5964000.0,17.0,3700.5,2130.0,1100.0,2110.0,600.0,1015380000.0,1015380000.0,94734954.0,0.0,0.0,,0.0,0.0,0.0
2025-09-18,2130.0,0.0,0.0,2160.0,2120.0,2160.0,30.0,3000.0,6364000.0,3.0,3752.6,2140.0,1400.0,2110.0,100.0,1015380000.0,1015380000.0,94734954.0,0.0,0.0,,0.0,0.0,0.0
2025-09-19,2160.0,0.0,0.0,2190.0,2120.0,2170.0,10.0,3500.0,7525000.0,9.0,3770.0,2160.0,400.0,2130.0,600.0,1015380000.0,1015380000.0,94734954.0,0.0,0.0,,0.0,0.0,0.0
2025-09-22,2170.0,0.0,0.0,2190.0,2100.0,2110.0,-60.0,2300.0,4865000.0,9.0,3665.7,2150.0,1000.0,2110.0,100.0,1015380000.0,1015380000.0,94734954.0,0.0,0.0,,0.0,0.0,0.0
2025-09-23,2110.0,0.0,0.0,2180.0,2110.0,2110.0,0.0,1600.0,3453000.0,6.0,3665.7,2160.0,200.0,2110.0,100.0,1015380000.0,1015380000.0,94734954.0,0.0,0.0,,0.0,0.0,0.0
2025-09-24,2110.0,0.0,0.0,2190.0,2020.0,2120.0,10.0,5000.0,10467000.0,27.0,3683.1,2180.0,500.0,2040.0,200.0,1015380000.0,1015380000.0,94734954.0,500.0,500.0,,0.0,0.0,0.0
2025-09-25,2120.0,0.0,0.0,2160.0,2100.0,2150.0,30.0,4000.0,8493000.0,12.0,3735.2,2150.0,1000.0,2110.0,400.0,1015380000.0,1015380000.0,94734954.0,400.0,0.0,,0.0,0.0,0.0
2025-09-26,2150.0,2200.0,2190.0,2200.0,2010.0,2130.0,-20.0,10700.0,22520000.0,62.0,3700.5,2140.0,200.0,2110.0,800.0,1015380000.0,1015380000.0,94734954.0,200.0,0.0,,0.0,0.0,0.0
2025-09-29,2130.0,0.0,0.0,2180.0,2100.0,2170.0,40.0,1900.0,4014000.0,7.0,3770.0,2170.0,900.0,2120.0,100.0,1015380000.0,1015380000.0,94734954.0,0.0,0.0,,0.0,0.0,0.0
2025-09-30,2170.0,0.0,0.0,2170.0,2080.0,2140.0,-30.0,1300.0,2750000.0,11.0,3717.9,2150.0,100.0,2100.0,100.0,1015380000.0,1015380000.0,94734954.0,200.0,0.0,,0.0,0.0,0.0
2025-10-01,2140.0,0.0,0.0,2170.0,2080.0,2080.0,-60.0,1200.0,2515000.0,7.0,3613.6,2150.0,300.0,2080.0,600.0,1015380000.0,1015380000.0,94734954.0,0.0,0.0,,0.0,0.0,0.0
2025-10-02,2080.0,0.0,0.0,2180.0,2050.0,2150.0,70.0,30400.0,64706000.0,103.0,3735.2,2150.0,500.0,2080.0,300.0,1015380000.0,1015380000.0,94734954.0,100.0,0.0,,0.0,0.0,0.0
2025-10-03,2150.0,0.0,0.0,2170.0,2070.0,2090.0,-60.0,3700.0,7816000.0,13.0,3631.0,2160.0,200.0,2080.0,400.0,1015380000.0,1015380000.0,94734954.0,100.0,200.0,,0.0,0.0,0.0
2025-10-06,2090.0,2160.0,2190.0,2190.0,2080.0,2100.0,10.0,900.0,1905000.0,7.0,3648.4,2100.0,200.0,2090.0,400.0,1015380000.0,1015380000.0,94734954.0,0.0,200.0,,0.0,0.0,0.0
2025-10-07,2100.0,0.0,0.0,2130.0,2080.0,2080.0,-20.0,1200.0,2518000.0,10.0,3613.6,2090.0,400.0,2060.0,100.0,1015380000.0,1015380000.0,94734954.0,300.0,0.0,,0.0,0.0,0.0
2025-10-08,2080.0,0.0,0.0,2120.0,2080.0,2120.0,40.0,400.0,844000.0,4.0,3683.1,2160.0,1000.0,2080.0,200.0,1015380000.0,1015380000.0,94734954.0,0.0,0.0,,0.0,0.0,0.0
2025-10-09,2120.0,0.0,0.0,2090.0,2080.0,2090.0,-30.0,1100.0,2296000.0,9.0,3631.0,2110.0,100.0,2090.0,4500.0,1015380000.0,1015380000.0,94734954.0,0.0,0.0,,0.0,0.0,0.0
2025-10-10,2090.0,2120.0,2100.0,2120.0,2080.0,2090.0,0.0,7800.0,16264000.0,12.0,3631.0,2100.0,100.0,2080.0,200.0,1015380000.0,1015380000.0,94734954.0,0.0,200.0,,0.0,0.0,0.0
2025-10-13,2090.0,2100.0,2090.0,2110.0,2080.0,2090.0,0.0,800.0,1675000.0,8.0,3631.0,2100.0,2600.0,2080.0,700.0,1015380000.0,1015380000.0,94734954.0,0.0,0.0,,0.0,0.0,0.0
2025-10-14,2090.0,0.0,0.0,2120.0,2070.0,2070.0,-20.0,10300.0,21345000.0,16.0,3596.2,2110.0,100.0,2080.0,100.0,1015380000.0,1015380000.0,94734954.0,0.0,0.0,,0.0,0.0,0.0
2025-10-15,2070.0,0.0,0.0,2110.0,2080.0,2080.0,10.0,300.0,627000.0,3.0,3613.6,2120.0,100.0,2080.0,100.0,1015380000.0,1015380000.0,94734954.0,0.0,0.0,,0.0,0.0,0.0
2025-10-16,2080.0,0.0,0.0,2080.0,2030.0,2030.0,-50.0,4400.0,9013000.0,13.0,3526.8,2080.0,900.0,2040.0,100.0,1015380000.0,1015380000.0,94734954.0,0.0,0.0,,0.0,0.0,0.0
2025-10-17,2030.0,0.0,0.0,2110.0,2040.0,2040.0,10.0,3100.0,6458000.0,16.0,3544.1,2100.0,200.0,2030.0,900.0,1015380000.0,1015380000.0,94734954.0,200.0,200.0,,0.0,0.0,0.0
2025-10-20,2040.0,0.0,0.0,2100.0,2030.0,2040.0,0.0,2100.0,4288000.0,12.0,3544.1,2080.0,600.0,2030.0,500.0,1015380000.0,1015380000.0,94734954.0,0.0,400.0,,0.0,0.0,0.0
2025-10-21,2040.0,0.0,0.0,2210.0,2030.0,2040.0,0.0,9400.0,19901000.0,48.0,3544.1,2050.0,1400.0,2030.0,300.0,1015380000.0,1015380000.0,94734954.0,700.0,400.0,,0.0,0.0,0.0
2025-10-22,2040.0,0.0,0.0,2080.0,2030.0,2030.0,-10.0,2200.0,4491000.0,10.0,3526.8,2070.0,800.0,2040.0,1000.0,1015380000.0,1015380000.0,94734954.0,0.0,0.0,,0.0,0.0,0.0
2025-10-23,2030.0,0.0,0.0,2080.0,2040.0,2040.0,10.0,400.0,824000.0,3.0,3544.1,2090.0,100.0,2030.0,700.0,1015380000.0,1015380000.0,94734954.0,0.0,0.0,,0.0,0.0,0.0
2025-10-24,2040.0,0.0,0.0,2200.0,2040.0,2070.0,30.0,113500.0,240396000.0,135.0,3596.2,2170.0,300.0,2050.0,400.0,1015380000.0,1015380000.0,94734954.0,0.0,1900.0,,0.0,0.0,0.0
2025-10-27,2070.0,0.0,0.0,2160.0,2070.0,2070.0,0.0,1000.0,2130000.0,7.0,3596.2,2140.0,200.0,2070.0,1000.0,1015380000.0,1015380000.0,94734954.0,0.0,0.0,,0.0,0.0,0.0
2025-10-28,2070.0,0.0,0.0,2150.0,2000.0,2130.0,60.0,4500.0,9475000.0,22.0,3700.5,2150.0,200.0,2110.0,500.0,1015380000.0,1015380000.0,94734954.0,300.0,200.0,,0.0,0.0,0.0
2025-10-29,2130.0,2130.0,2130.0,2130.0,2130.0,2130.0,0.0,600.0,1278000.0,3.0,3700.5,2150.0,100.0,2130.0,1000.0,1015380000.0,1015380000.0,94734954.0,0.0,0.0,,0.0,0.0,0.0
2025-10-30,2130.0,0.0,0.0,0.0,0.0,2130.0,0.0,0.0,0.0,0.0,3700.5,2140.0,200.0,2030.0,1100.0,1015380000.0,1015380000.0,94734954.0,0.0,0.0,,0.0,0.0,0.0
2025-10-31,2130.0,0.0,0.0,0.0,0.0,2130.0,0.0,0.0,0.0,0.0,3700.5,2140.0,200.0,2110.0,600.0,1015380000.0,1015380000.0,94734954.0,0.0,0.0,,0.0,0.0,0.0
2025-11-04,2230.0,0.0,0.0,2260.0,2200.0,2230.0,0.0,2900.0,6469000.0,5.0,3874.2,2230.0,1900.0,2060.0,500.0,1015380000.0,1015380000.0,94734954.0,100.0,0.0,,0.0,0.0,0.0
2025-11-05,2230.0,0.0,0.0,2220.0,2210.0,2210.0,-20.0,300.0,665000.0,2.0,3839.5,2200.0,200.0,2050.0,500.0,1015380000.0,1015380000.0,94734954.0,0.0,0.0,,0.0,0.0,0.0
2025-11-06,2210.0,0.0,0.0,2200.0,2200.0,2200.0,-10.0,200.0,440000.0,2.0,3822.1,2210.0,300.0,2200.0,200.0,1015380000.0,1015380000.0,94734954.0,0.0,0.0,,0.0,0.0,0.0
2025-11-07,2200.0,0.0,0.0,2750.0,2200.0,2750.0,550.0,69000.0,180351000.0,205.0,4777.6,0.0,0.0,2750.0,11900.0,1015380000.0,1015380000.0,94734954.0,1200.0,200.0,,0.0,0.0,0.0
2025-11-10,2750.0,2750.0,2800.0,3290.0,2700.0,2780.0,30.0,159900.0,469794000.0,442.0,4829.7,2790.0,900.0,2780.0,1600.0,1015380000.0,1015380000.0,94734954.0,7900.0,11700.0,,0.0,0.0,0.0
2025-11-11,2780.0,0.0,0.0,3280.0,2460.0,3040.0,260.0,227400.0,651860000.0,607.0,5281.4,3040.0,55300.0,2980.0,100.0,1015380000.0,1015380000.0,94734954.0,2200.0,2200.0,,0.0,0.0,0.0
2025-11-12,3040.0,3030.0,3020.0,3420.0,2940.0,3100.0,60.0,136200.0,413463000.0,541.0,5385.7,3100.0,2800.0,3010.0,100.0,1015380000.0,1015380000.0,94734954.0,1500.0,0.0,,0.0,0.0,0.0
2025-11-13,3100.0,3100.0,3110.0,3140.0,2970.0,3020.0,-80.0,96800.0,294035000.0,441.0,5246.7,3020.0,42500.0,3000.0,100.0,1015380000.0,1015380000.0,94734954.0,0.0,0.0,,0.0,0.0,0.0
2025-11-14,3020.0,3020.0,3030.0,3110.0,2570.0,2570.0,-450.0,256200.0,736777000.0,732.0,4464.9,2570.0,3100.0,0.0,0.0,1015380000.0,1015380000.0,94734954.0,800.0,1200.0,,0.0,0.0,0.0
2025-11-17,2570.0,2570.0,2580.0,2630.0,2520.0,2520.0,-50.0,18700.0,47940000.0,66.0,4378.0,2570.0,200.0,2520.0,3100.0,1015380000.0,1015380000.0,94734954.0,100.0,600.0,,0.0,0.0,0.0
2025-11-18,2520.0,2530.0,2530.0,2530.0,2300.0,2440.0,-80.0,14700.0,35481000.0,58.0,4239.1,2440.0,1600.0,2410.0,100.0,1015380000.0,1015380000.0,94734954.0,0.0,2100.0,,0.0,0.0,0.0
2025-11-19,2440.0,2440.0,2440.0,2700.0,2350.0,2400.0,-40.0,30200.0,75274000.0,152.0,4169.6,2430.0,100.0,2370.0,700.0,1015380000.0,1015380000.0,94734954.0,1000.0,1200.0,,0.0,0.0,0.0
2025-11-20,2400.0,0.0,0.0,2460.0,2350.0,2460.0,60.0,5400.0,12810000.0,24.0,4273.8,2500.0,300.0,2460.0,900.0,1015380000.0,1015380000.0,94734954.0,0.0,0.0,,0.0,0.0,0.0
2025-11-21,2460.0,0.0,0.0,2440.0,2330.0,2430.0,-30.0,2900.0,6921000.0,24.0,4221.7,2430.0,200.0,2380.0,1600.0,1015380000.0,1015380000.0,94734954.0,300.0,300.0,,0.0,0.0,0.0
2025-11-24,2430.0,2360.0,2390.0,2750.0,2360.0,2530.0,100.0,19800.0,50930000.0,86.0,4395.4,2530.0,100.0,2490.0,1400.0,1015380000.0,1015380000.0,94734954.0,1700.0,500.0,,0.0,0.0,0.0
2025-11-25,2530.0,0.0,0.0,2500.0,2400.0,2410.0,-120.0,13300.0,32100000.0,41.0,4186.9,2410.0,900.0,2400.0,700.0,1015380000.0,1015380000.0,94734954.0,600.0,1500.0,,0.0,0.0,0.0
2025-11-26,2410.0,0.0,0.0,2400.0,2300.0,2360.0,-50.0,2300.0,5369000.0,17.0,4100.1,2360.0,200.0,2330.0,100.0,1015380000.0,1015380000.0,94734954.0,300.0,0.0,,0.0,0.0,0.0
2025-11-27,2360.0,2170.0,2380.0,2440.0,2130.0,2330.0,-30.0,13000.0,30172000.0,59.0,4047.9,2380.0,100.0,2330.0,1700.0,1015380000.0,1015380000.0,94734954.0,0.0,200.0,,0.0,0.0,0.0
2025-11-28,2330.0,0.0,0.0,2390.0,2330.0,2360.0,30.0,6300.0,14867000.0,14.0,4100.1,2370.0,100.0,2360.0,4000.0,1015380000.0,1015380000.0,94734954.0,0.0,0.0,,0.0,0.0,0.0
2025-12-01,2360.0,0.0,0.0,2340.0,2310.0,2310.0,-50.0,500.0,1158000.0,4.0,4013.2,2300.0,400.0,2240.0,100.0,1015380000.0,1015380000.0,94734954.0,0.0,0.0,,0.0,0.0,0.0
2025-12-02,2310.0,0.0,0.0,2410.0,2220.0,2320.0,10.0,4700.0,10950000.0,21.0,4030.6,2320.0,500.0,2300.0,300.0,1015380000.0,1015380000.0,94734954.0,1800.0,0.0,,0.0,0.0,0.0
2025-12-03,2320.0,0.0,0.0,2370.0,2210.0,2250.0,-70.0,10600.0,23637000.0,33.0,3909.0,2250.0,2800.0,2220.0,100.0,1015380000.0,1015380000.0,94734954.0,400.0,1000.0,,0.0,0.0,0.0
2025-12-04,2250.0,2260.0,2260.0,2300.0,2110.0,2170.0,-80.0,12600.0,27672000.0,48.0,3770.0,2190.0,100.0,2170.0,300.0,1015380000.0,1015380000.0,94734954.0,600.0,1500.0,,0.0,0.0,0.0
2025-12-05,2170.0,0.0,0.0,2180.0,2110.0,2140.0,-30.0,3000.0,6396000.0,15.0,3717.9,2150.0,100.0,2140.0,700.0,1015380000.0,1015380000.0,94734954.0,0.0,400.0,,0.0,0.0,0.0
2025-12-08,2140.0,2150.0,2130.0,2180.0,2130.0,2140.0,0.0,2000.0,4308000.0,13.0,3717.9,2150.0,200.0,2140.0,100.0,1015380000.0,1015380000.0,94734954.0,200.0,0.0,,0.0,0.0,0.0
2025-12-09,2140.0,2150.0,2110.0,2200.0,2110.0,2140.0,0.0,3300.0,7079000.0,19.0,3717.9,2170.0,100.0,2140.0,100.0,1015380000.0,1015380000.0,94734954.0,0.0,0.0,,0.0,0.0,0.0
2025-12-10,2140.0,0.0,0.0,2220.0,2070.0,2160.0,20.0,9500.0,20636000.0,31.0,3752.6,2160.0,1000.0,2120.0,100.0,1015380000.0,1015380000.0,94734954.0,0.0,100.0,,0.0,0.0,0.0
2025-12-11,2160.0,0.0,0.0,2180.0,2140.0,2140.0,-20.0,2200.0,4716000.0,8.0,3717.9,2180.0,3500.0,2140.0,2700.0,1015380000.0,1015380000.0,94734954.0,100.0,0.0,,0.0,0.0,0.0
2025-12-12,2140.0,0.0,0.0,2220.0,2140.0,2140.0,0.0,1800.0,3972000.0,5.0,3717.9,2200.0,100.0,2140.0,100.0,1015380000.0,1015380000.0,94734954.0,0.0,0.0,,0.0,0.0,0.0
2025-12-15,2140.0,0.0,0.0,2650.0,2110.0,2630.0,490.0,47200.0,110056000.0,68.0,4569.1,2630.0,32200.0,2620.0,400.0,1015380000.0,1015380000.0,94734954.0,2900.0,200.0,,0.0,0.0,0.0
2025-12-16,2630.0,2630.0,2620.0,3000.0,2560.0,2940.0,310.0,160200.0,443434000.0,563.0,5107.7,2940.0,68400.0,2880.0,200.0,1015380000.0,1015380000.0,94734954.0,2800.0,2300.0,,0.0,0.0,0.0
2025-12-17,2940.0,2940.0,2940.0,3500.0,2900.0,2960.0,20.0,350100.0,1116300000.0,563.0,5142.5,2960.0,67200.0,2950.0,300.0,1015380000.0,1015380000.0,94734954.0,2700.0,2200.0,,0.0,0.0,0.0
2025-12-18,2960.0,2970.0,2960.0,3300.0,2880.0,3020.0,60.0,223400.0,679200000.0,688.0,5246.7,3020.0,200.0,3000.0,100.0,1015380000.0,1015380000.0,94734954.0,6600.0,4100.0,,0.0,0.0,0.0
2025-12-19,3020.0,3000.0,2990.0,3000.0,2570.0,2570.0,-450.0,115200.0,309210000.0,286.0,4464.9,2570.0,49500.0,0.0,0.0,1015380000.0,1015380000.0,94734954.0,2900.0,3200.0,,0.0,0.0,0.0
2025-12-22,2570.0,2550.0,2520.0,3000.0,2190.0,2830.0,260.0,109000.0,257448000.0,289.0,4916.6,2830.0,38200.0,2580.0,100.0,1015380000.0,1015380000.0,94734954.0,2400.0,2000.0,,0.0,0.0,0.0
2025-12-23,2830.0,2830.0,2570.0,3200.0,2430.0,2970.0,140.0,150900.0,445668000.0,486.0,5159.8,2970.0,68900.0,2930.0,100.0,1015380000.0,1015380000.0,94734954.0,2200.0,2600.0,,0.0,0.0,0.0
2025-12-24,2970.0,2970.0,2970.0,3200.0,2970.0,3010.0,40.0,19400.0,58643000.0,90.0,5229.3,3030.0,100.0,3010.0,100.0,1015380000.0,1015380000.0,94734954.0,0.0,0.0,,0.0,0.0,0.0
2025-12-29,3010.0,0.0,0.0,3390.0,2920.0,3290.0,280.0,128500.0,397966000.0,253.0,5715.8,3290.0,8400.0,3260.0,200.0,1015380000.0,1015380000.0,94734954.0,3300.0,3300.0,,0.0,0.0,0.0
2025-12-30,3290.0,0.0,0.0,3400.0,3110.0,3340.0,50.0,116400.0,391731000.0,86.0,5802.6,3340.0,11800.0,3290.0,100.0,1015380000.0,1015380000.0,94734954.0,0.0,0.0,,0.0,0.0,0.0
2026-01-02,3340.0,3340.0,3340.0,3400.0,2840.0,2920.0,-420.0,362200.0,1076170000.0,562.0,5073.0,2940.0,100.0,2920.0,2200.0,1015380000.0,1015380000.0,94734954.0,2800.0,2800.0,,0.0,0.0,0.0
2026-01-05,2920.0,2920.0,2940.0,3000.0,2760.0,2810.0,-110.0,42000.0,120098000.0,147.0,4881.9,2970.0,100.0,2810.0,300.0,1015380000.0,1015380000.0,94734954.0,1000.0,2700.0,,0.0,0.0,0.0
2026-01-06,2810.0,0.0,0.0,2970.0,2770.0,2810.0,0.0,10300.0,29183000.0,46.0,4881.9,2810.0,1000.0,2770.0,1100.0,1015380000.0,1015380000.0,94734954.0,700.0,500.0,,0.0,0.0,0.0
2026-01-07,2810.0,2810.0,2810.0,2820.0,2610.0,2810.0,0.0,20600.0,57866000.0,26.0,4881.9,2790.0,100.0,2620.0,100.0,1015380000.0,1015380000.0,94734954.0,0.0,0.0,,0.0,0.0,0.0
2026-01-08,2810.0,0.0,0.0,2800.0,2790.0,2790.0,-20.0,400.0,1118000.0,3.0,4847.1,2800.0,100.0,2790.0,200.0,1015380000.0,1015380000.0,94734954.0,0.0,0.0,,0.0,0.0,0.0
2026-01-09,2790.0,2790.0,2790.0,2790.0,2600.0,2640.0,-150.0,17200.0,45130000.0,43.0,4586.5,2640.0,200.0,2600.0,1600.0,1015380000.0,1015380000.0,94734954.0,200.0,1200.0,,0.0,0.0,0.0
2026-01-12,2640.0,0.0,0.0,2730.0,2640.0,2640.0,0.0,1900.0,5113000.0,7.0,4586.5,2640.0,2700.0,2600.0,100.0,1015380000.0,1015380000.0,94734954.0,500.0,0.0,,0.0,0.0,0.0
2026-01-13,2640.0,0.0,0.0,2640.0,2640.0,2640.0,0.0,100.0,264000.0,1.0,4586.5,2640.0,700.0,2460.0,100.0,1015380000.0,1015380000.0,94734954.0,0.0,0.0,,0.0,0.0,0.0
2026-01-14,2640.0,0.0,0.0,2640.0,2610.0,2610.0,-30.0,1200.0,3137000.0,3.0,4534.4,2610.0,1700.0,2500.0,100.0,1015380000.0,1015380000.0,94734954.0,100.0,0.0,,0.0,0.0,0.0
2026-01-15,2610.0,2500.0,2400.0,2590.0,2400.0,2570.0,-40.0,10200.0,25852000.0,39.0,4464.9,2590.0,100.0,2570.0,17100.0,1015380000.0,1015380000.0,94734954.0,300.0,2000.0,,0.0,0.0,0.0
2026-01-19,2570.0,0.0,0.0,2570.0,2400.0,2500.0,-70.0,11800.0,29058000.0,37.0,4343.3,2510.0,100.0,2500.0,7800.0,1015380000.0,1015380000.0,94734954.0,400.0,3100.0,,0.0,0.0,0.0
2026-01-20,2500.0,0.0,0.0,2510.0,2400.0,2410.0,-90.0,24600.0,59326000.0,42.0,4186.9,2430.0,14000.0,2410.0,500.0,1015380000.0,1015380000.0,94734954.0,2400.0,0.0,,0.0,0.0,0.0
2026-01-21,2410.0,2400.0,2400.0,3000.0,2360.0,2780.0,370.0,114500.0,309903000.0,331.0,4829.7,2780.0,28200.0,2740.0,100.0,1015380000.0,1015380000.0,94734954.0,7300.0,2000.0,,0.0,0.0,0.0
2026-01-22,2780.0,2900.0,2810.0,2900.0,2650.0,2710.0,-70.0,83300.0,230516000.0,148.0,4708.1,2730.0,200.0,2710.0,300.0,1015380000.0,1015380000.0,94734954.0,0.0,1600.0,,0.0,0.0,0.0
2026-01-23,2710.0,0.0,0.0,2720.0,2510.0,2520.0,-190.0,4500.0,11838000.0,22.0,4378.0,2600.0,100.0,2520.0,700.0,1015380000.0,1015380000.0,94734954.0,900.0,300.0,,0.0,0.0,0.0
2026-01-26,2520.0,0.0,0.0,2660.0,2410.0,2500.0,-20.0,11200.0,27563000.0,34.0,4343.3,2590.0,600.0,2500.0,200.0,1015380000.0,1015380000.0,94734954.0,400.0,5400.0,,3846500.0,10000900000.0,1.0
2026-01-27,2500.0,0.0,0.0,2670.0,2410.0,2590.0,90.0,7900.0,20332000.0,43.0,4499.7,2590.0,700.0,2500.0,200.0,1015380000.0,1015380000.0,94734954.0,300.0,0.0,,0.0,0.0,0.0
2026-01-28,2590.0,0.0,0.0,2580.0,2350.0,2350.0,-240.0,3000.0,7268000.0,19.0,4082.7,2350.0,3000.0,2300.0,400.0,1015380000.0,1015380000.0,94734954.0,400.0,0.0,,0.0,0.0,0.0
2026-01-29,2350.0,0.0,0.0,2350.0,2130.0,2140.0,-210.0,10000.0,21666000.0,23.0,3717.9,2140.0,1100.0,2130.0,300.0,1015380000.0,1015380000.0,94734954.0,0.0,3800.0,,0.0,0.0,0.0
2026-01-30,2140.0,2140.0,2120.0,2490.0,2120.0,2200.0,60.0,8300.0,18939000.0,52.0,3822.1,2270.0,100.0,2200.0,100.0,1015380000.0,1015380000.0,94734954.0,0.0,0.0,,0.0,0.0,0.0
2026-02-02,2200.0,0.0,0.0,2290.0,2190.0,2290.0,90.0,1400.0,3124000.0,10.0,3978.5,2300.0,1600.0,2290.0,2500.0,1015380000.0,1015380000.0,94734954.0,0.0,0.0,,0.0,0.0,0.0
2026-02-03,2290.0,0.0,0.0,2290.0,2180.0,2270.0,-20.0,4800.0,10782000.0,13.0,3943.7,2280.0,2200.0,2190.0,200.0,1015380000.0,1015380000.0,94734954.0,0.0,0.0,,0.0,0.0,0.0
2026-02-04,2270.0,0.0,0.0,2270.0,2260.0,2270.0,0.0,5300.0,12011000.0,9.0,3943.7,2270.0,1100.0,2160.0,100.0,1015380000.0,1015380000.0,94734954.0,0.0,0.0,,0.0,0.0,0.0
2026-02-05,2270.0,0.0,0.0,2230.0,2130.0,2130.0,-140.0,5900.0,12670000.0,29.0,3700.5,2210.0,100.0,2130.0,1200.0,1015380000.0,1015380000.0,94734954.0,0.0,0.0,,0.0,0.0,0.0
2026-02-06,2130.0,0.0,0.0,2150.0,2110.0,2150.0,20.0,7500.0,15953000.0,25.0,3735.2,2150.0,600.0,2110.0,200.0,1015380000.0,1015380000.0,94734954.0,0.0,900.0,,0.0,0.0,0.0
2026-02-09,2150.0,0.0,0.0,2160.0,2050.0,2140.0,-10.0,4100.0,8601000.0,15.0,3717.9,2140.0,2000.0,2100.0,100.0,1015380000.0,1015380000.0,94734954.0,0.0,1000.0,,0.0,0.0,0.0
2026-02-10,2140.0,0.0,0.0,2180.0,2040.0,2120.0,-20.0,4400.0,9384000.0,23.0,3683.1,2140.0,100.0,2120.0,600.0,1015380000.0,1015380000.0,94734954.0,0.0,0.0,,0.0,0.0,0.0
2026-02-11,2120.0,0.0,0.0,2650.0,2140.0,2650.0,530.0,1041000.0,2751978000.0,743.0,4603.9,2650.0,148500.0,2640.0,2700.0,1015380000.0,1015380000.0,94734954.0,15600.0,4600.0,,0.0,0.0,0.0
2026-02-12,2650.0,2680.0,2700.0,2810.0,2260.0,2280.0,-370.0,545800.0,1302312000.0,1118.0,3961.1,2280.0,500.0,2270.0,1900.0,1015380000.0,1015380000.0,94734954.0,10500.0,10500.0,,0.0,0.0,0.0
2026-02-13,2280.0,2280.0,2280.0,2290.0,2160.0,2210.0,-70.0,62100.0,137917000.0,188.0,3839.5,2210.0,300.0,2200.0,9900.0,1015380000.0,1015380000.0,94734954.0,0.0,700.0,,0.0,0.0,0.0
2026-02-18,2210.0,2210.0,2200.0,2230.0,2130.0,2180.0,-30.0,53400.0,115972000.0,139.0,3787.4,2220.0,5600.0,2180.0,11300.0,1015380000.0,1015380000.0,94734954.0,0.0,12200.0,,0.0,0.0,0.0
2026-02-19,2180.0,0.0,0.0,2250.0,2160.0,2200.0,20.0,25200.0,54945000.0,74.0,3822.1,2200.0,500.0,2180.0,100.0,1015380000.0,1015380000.0,94734954.0,0.0,0.0,,0.0,0.0,0.0
2026-02-20,2200.0,2200.0,2190.0,2200.0,2120.0,2150.0,-50.0,28800.0,62495000.0,72.0,3735.2,2170.0,1700.0,2150.0,200.0,1015380000.0,1015380000.0,94734954.0,7800.0,0.0,,0.0,0.0,0.0
2026-02-23,2150.0,0.0,0.0,2230.0,2120.0,2130.0,-20.0,20500.0,43912000.0,68.0,3700.5,2150.0,1400.0,2130.0,200.0,1015380000.0,1015380000.0,94734954.0,0.0,0.0,,0.0,0.0,0.0
2026-02-24,2130.0,0.0,0.0,2190.0,2080.0,2080.0,-50.0,22900.0,48220000.0,73.0,3613.6,2080.0,200.0,2060.0,200.0,1015380000.0,1015380000.0,94734954.0,4400.0,200.0,,0.0,0.0,0.0
2026-02-25,2080.0,0.0,0.0,2110.0,2010.0,2040.0,-40.0,29400.0,60276000.0,87.0,3544.1,2040.0,1100.0,2010.0,1300.0,1015380000.0,1015380000.0,94734954.0,0.0,6000.0,,0.0,0.0,0.0
2026-02-26,2040.0,2010.0,2020.0,2190.0,1990.0,1990.0,-50.0,54700.0,111673500.0,93.0,3457.3,2000.0,5400.0,1990.0,500.0,1015380000.0,1015380000.0,94734954.0,1900.0,5200.0,,0.0,0.0,0.0
2026-02-27,1990.0,0.0,0.0,2000.0,1980.0,2000.0,10.0,8500.0,16878000.0,33.0,3474.6,2000.0,4800.0,1980.0,1600.0,1015380000.0,1015380000.0,94734954.0,0.0,0.0,,0.0,0.0,0.0
2026-03-02,2000.0,2000.0,1985.0,2000.0,1700.0,1825.0,-175.0,37800.0,68271500.0,133.0,3170.6,1825.0,600.0,1705.0,2400.0,1015380000.0,1015380000.0,94734954.0,7700.0,1300.0,,0.0,0.0,0.0
2026-03-03,1825.0,0.0,0.0,1810.0,1650.0,1650.0,-175.0,23800.0,41046500.0,64.0,2866.6,1695.0,300.0,1640.0,500.0,1015380000.0,1015380000.0,94734954.0,900.0,8700.0,,0.0,0.0,0.0
2026-03-04,1650.0,0.0,0.0,1650.0,1415.0,1435.0,-215.0,23700.0,35017000.0,102.0,2493.1,1475.0,1800.0,1435.0,1400.0,1015380000.0,1015380000.0,94734954.0,0.0,700.0,,0.0,0.0,0.0
2026-03-05,1435.0,0.0,0.0,1770.0,1415.0,1700.0,265.0,24900.0,40259500.0,96.0,2953.4,1700.0,100.0,1650.0,400.0,1015380000.0,1015380000.0,94734954.0,500.0,0.0,,0.0,0.0,0.0
2026-03-06,1700.0,0.0,0.0,1700.0,1670.0,1680.0,-20.0,11100.0,18601500.0,12.0,2918.7,1680.0,700.0,1545.0,200.0,1015380000.0,1015380000.0,94734954.0,9700.0,0.0,,0.0,0.0,0.0
2026-03-09,1680.0,0.0,0.0,1680.0,1525.0,1525.0,-155.0,1800.0,2991500.0,8.0,2649.4,1615.0,100.0,1520.0,100.0,1015380000.0,1015380000.0,94734954.0,100.0,0.0,,0.0,0.0,0.0
2026-03-10,1525.0,0.0,0.0,1525.0,1500.0,1505.0,-20.0,7800.0,11705500.0,13.0,2614.7,1680.0,100.0,1500.0,200.0,1015380000.0,1015380000.0,94734954.0,0.0,6200.0,,0.0,0.0,0.0
2026-03-11,1505.0,0.0,0.0,1580.0,1455.0,1575.0,70.0,2400.0,3625500.0,19.0,2736.3,1580.0,200.0,1505.0,100.0,1015380000.0,1015380000.0,94734954.0,100.0,0.0,,0.0,0.0,0.0
2026-03-12,1575.0,0.0,0.0,1760.0,1535.0,1535.0,-40.0,11500.0,18529000.0,52.0,2666.8,1630.0,100.0,1530.0,100.0,1015380000.0,1015380000.0,94734954.0,900.0,100.0,,0.0,0.0,0.0
2026-03-13,1535.0,0.0,0.0,1650.0,1510.0,1605.0,70.0,4800.0,7509000.0,21.0,2788.4,1605.0,500.0,1525.0,100.0,1015380000.0,1015380000.0,94734954.0,100.0,2000.0,,0.0,0.0,0.0
2026-03-16,1605.0,0.0,0.0,1525.0,1415.0,1415.0,-190.0,10500.0,15075000.0,31.0,2458.3,1460.0,100.0,1420.0,200.0,1015380000.0,1015380000.0,94734954.0,0.0,0.0,,0.0,0.0,0.0
2026-03-17,1415.0,1415.0,1460.0,1515.0,1415.0,1440.0,25.0,18600.0,27049000.0,20.0,2501.7,1455.0,100.0,1415.0,9300.0,1015380000.0,1015380000.0,94734954.0,1400.0,0.0,,0.0,0.0,0.0
2026-03-25,1440.0,1455.0,1455.0,1580.0,1455.0,1505.0,65.0,9100.0,13711500.0,39.0,2614.7,1510.0,100.0,1455.0,6000.0,1015380000.0,1015380000.0,94734954.0,0.0,2800.0,,0.0,0.0,0.0
2026-03-26,1505.0,0.0,0.0,1550.0,1500.0,1550.0,45.0,1000.0,1519000.0,8.0,2692.8,1550.0,3100.0,1505.0,9600.0,1015380000.0,1015380000.0,94734954.0,0.0,0.0,,0.0,0.0,0.0
2026-03-27,1550.0,0.0,0.0,1620.0,1485.0,1525.0,-25.0,2900.0,4470500.0,20.0,2649.4,1525.0,200.0,1500.0,100.0,1015380000.0,1015380000.0,94734954.0,0.0,0.0,,0.0,0.0,0.0
2026-03-30,1525.0,0.0,0.0,1535.0,1450.0,1535.0,10.0,2300.0,3388500.0,11.0,2666.8,1535.0,100.0,1480.0,100.0,1015380000.0,1015380000.0,94734954.0,0.0,1400.0,,0.0,0.0,0.0
2026-03-31,1535.0,1535.0,1485.0,1535.0,1470.0,1470.0,-65.0,1800.0,2662500.0,11.0,2553.9,1550.0,1900.0,1470.0,400.0,1015380000.0,1015380000.0,94734954.0,0.0,0.0,,0.0,0.0,0.0
2026-04-01,1470.0,0.0,0.0,1550.0,1485.0,1545.0,75.0,400.0,611000.0,4.0,2684.2,1540.0,100.0,1490.0,100.0,1015380000.0,1015380000.0,94734954.0,0.0,0.0,,0.0,0.0,0.0
2026-04-02,1545.0,0.0,0.0,1515.0,1480.0,1485.0,-60.0,2500.0,3725000.0,7.0,2579.9,1495.0,100.0,1485.0,1600.0,1015380000.0,1015380000.0,94734954.0,0.0,0.0,,0.0,0.0,0.0
2026-04-06,1485.0,0.0,0.0,1495.0,1485.0,1495.0,10.0,1300.0,1940000.0,7.0,2597.3,1525.0,1600.0,1490.0,800.0,1015380000.0,1015380000.0,94734954.0,0.0,0.0,,0.0,0.0,0.0
2026-04-07,1495.0,0.0,0.0,1490.0,1470.0,1470.0,-25.0,900.0,1325000.0,7.0,2553.9,1495.0,200.0,1470.0,300.0,1015380000.0,1015380000.0,94734954.0,0.0,0.0,,0.0,0.0,0.0
2026-04-08,1470.0,0.0,0.0,1605.0,1475.0,1565.0,95.0,3800.0,5824000.0,17.0,2718.9,1565.0,400.0,1480.0,100.0,1015380000.0,1015380000.0,94734954.0,500.0,0.0,,0.0,0.0,0.0
2026-04-09,1565.0,0.0,0.0,1565.0,1565.0,1565.0,0.0,2000.0,3130000.0,3.0,2718.9,1560.0,100.0,1490.0,200.0,1015380000.0,1015380000.0,94734954.0,1600.0,0.0,,0.0,0.0,0.0
2026-04-10,1565.0,0.0,0.0,1565.0,1565.0,1565.0,0.0,100.0,156500.0,1.0,2718.9,1565.0,1100.0,1500.0,3100.0,1015380000.0,1015380000.0,94734954.0,0.0,0.0,,0.0,0.0,0.0
2026-04-13,1565.0,1565.0,1565.0,1595.0,1450.0,1520.0,-45.0,2600.0,4013500.0,12.0,2640.7,1550.0,500.0,1520.0,200.0,1015380000.0,1015380000.0,94734954.0,600.0,0.0,,0.0,0.0,0.0
2026-04-14,1520.0,0.0,0.0,1570.0,1475.0,1540.0,20.0,3900.0,5852000.0,21.0,2675.5,1540.0,100.0,1505.0,100.0,1015380000.0,1015380000.0,94734954.0,0.0,0.0,,0.0,0.0,0.0
2026-04-15,1540.0,0.0,0.0,1560.0,1490.0,1560.0,20.0,7300.0,11051000.0,20.0,2710.2,1560.0,300.0,1510.0,100.0,1015380000.0,1015380000.0,94734954.0,0.0,3200.0,,0.0,0.0,0.0
2026-04-16,1560.0,0.0,0.0,1600.0,1525.0,1525.0,-35.0,3800.0,5915500.0,21.0,2649.4,1555.0,2000.0,1525.0,600.0,1015380000.0,1015380000.0,94734954.0,0.0,0.0,,0.0,0.0,0.0
2026-04-17,1525.0,0.0,0.0,1905.0,1540.0,1905.0,380.0,128900.0,236081000.0,309.0,3309.6,0.0,0.0,1905.0,15100.0,1015380000.0,1015380000.0,94734954.0,2700.0,2700.0,,0.0,0.0,0.0
2026-04-20,1905.0,1920.0,1950.0,2060.0,1880.0,1885.0,-20.0,119100.0,229834000.0,192.0,3274.8,1885.0,3500.0,1880.0,200.0,1015380000.0,1015380000.0,94734954.0,16600.0,4100.0,,0.0,0.0,0.0
2026-04-21,1885.0,0.0,0.0,1865.0,1660.0,1785.0,-100.0,56200.0,98730000.0,90.0,3101.1,1860.0,1700.0,1785.0,800.0,1015380000.0,1015380000.0,94734954.0,800.0,9200.0,,0.0,0.0,0.0
2026-04-22,1785.0,1785.0,1785.0,1790.0,1645.0,1775.0,-10.0,12700.0,21530000.0,42.0,3083.7,1775.0,100.0,1705.0,100.0,1015380000.0,1015380000.0,94734954.0,0.0,0.0,,0.0,0.0,0.0
2026-04-23,1775.0,0.0,0.0,1975.0,1655.0,1660.0,-115.0,17000.0,29587500.0,96.0,2883.9,1685.0,100.0,1660.0,1300.0,1015380000.0,1015380000.0,94734954.0,1500.0,0.0,,0.0,0.0,0.0
2026-04-24,1660.0,0.0,0.0,1685.0,1550.0,1560.0,-100.0,4800.0,7599500.0,22.0,2710.2,1630.0,100.0,1555.0,100.0,1015380000.0,1015380000.0,94734954.0,0.0,0.0,,0.0,0.0,0.0
2026-04-27,1560.0,0.0,0.0,1825.0,1555.0,1580.0,20.0,11700.0,19171500.0,61.0,2745.0,1580.0,800.0,1560.0,100.0,1015380000.0,1015380000.0,94734954.0,100.0,0.0,,0.0,0.0,0.0
2026-04-28,1580.0,0.0,0.0,1740.0,1530.0,1565.0,-15.0,26200.0,43718000.0,58.0,2718.9,1565.0,100.0,1560.0,18000.0,1015380000.0,1015380000.0,94734954.0,3700.0,3700.0,,0.0,0.0,0.0
2026-04-29,1565.0,1650.0,1650.0,1785.0,1580.0,1620.0,55.0,12400.0,20568000.0,47.0,2814.5,1625.0,100.0,1620.0,6200.0,1015380000.0,1015380000.0,94734954.0,2800.0,0.0,,0.0,0.0,0.0
2026-04-30,1620.0,1620.0,1620.0,1625.0,1560.0,1575.0,-45.0,4800.0,7564500.0,19.0,2736.3,1735.0,100.0,1585.0,100.0,1015380000.0,1015380000.0,94734954.0,0.0,400.0,,0.0,0.0,0.0
2026-05-04,1575.0,1740.0,1740.0,1925.0,1515.0,1785.0,210.0,72300.0,127672500.0,227.0,3101.1,1800.0,400.0,1785.0,300.0,1015380000.0,1015380000.0,94734954.0,800.0,4300.0,,0.0,0.0,0.0
2026-05-05,1785.0,1785.0,1765.0,1785.0,1620.0,1680.0,-105.0,41300.0,69238000.0,124.0,2918.7,1700.0,500.0,1680.0,600.0,1015380000.0,1015380000.0,94734954.0,3500.0,3500.0,,0.0,0.0,0.0
2026-05-06,1680.0,1670.0,1665.0,1695.0,1610.0,1625.0,-55.0,13200.0,21513000.0,51.0,2823.1,1660.0,100.0,1615.0,100.0,1015380000.0,1015380000.0,94734954.0,0.0,0.0,,0.0,0.0,0.0
2026-05-07,1625.0,0.0,0.0,1645.0,1590.0,1645.0,20.0,2100.0,3393000.0,9.0,2857.9,1655.0,200.0,1640.0,300.0,1015380000.0,1015380000.0,94734954.0,0.0,0.0,,0.0,0.0,0.0
2026-05-08,1645.0,0.0,0.0,1710.0,1600.0,1610.0,-35.0,5200.0,8688000.0,29.0,2797.1,1630.0,600.0,1605.0,100.0,1015380000.0,1015380000.0,94734954.0,0.0,0.0,,0.0,0.0,0.0
