date,previous,open_price,first_trade,high,low,close,change,volume,value,frequency,index_individual,offer,offer_volume,bid,bid_volume,listed_shares,tradeble_shares,weight_for_index,foreign_sell,foreign_buy,delisting_date,non_regular_volume,non_regular_value,non_regular_frequency
2023-07-10,120.0,0.0,0.0,108.0,108.0,108.0,-12.0,7573800.0,817970400.0,1041.0,90.0,108.0,44795900.0,0.0,0.0,1545000000.0,309000000.0,0.0,0.0,254700.0,,66666600.0,7999992000.0,2.0
2023-07-11,108.0,0.0,0.0,98.0,98.0,98.0,-10.0,2971900.0,291246200.0,834.0,81.7,98.0,35943900.0,0.0,0.0,1545000000.0,309000000.0,0.0,0.0,52600.0,,0.0,0.0,0.0
2023-07-12,98.0,0.0,0.0,99.0,89.0,89.0,-9.0,39262900.0,3581371000.0,6750.0,74.2,89.0,5913800.0,0.0,0.0,1545000000.0,309000000.0,0.0,1069600.0,60000.0,,0.0,0.0,0.0
2023-07-13,89.0,0.0,0.0,91.0,81.0,89.0,0.0,61081800.0,5354952200.0,8449.0,74.2,89.0,244200.0,88.0,297900.0,1545000000.0,309000000.0,0.0,30600.0,201000.0,,0.0,0.0,0.0
2023-07-14,89.0,0.0,0.0,89.0,84.0,84.0,-5.0,13725600.0,1174577900.0,2644.0,70.0,84.0,188100.0,83.0,838400.0,1545000000.0,309000000.0,0.0,0.0,10000.0,,0.0,0.0,0.0
2023-07-17,84.0,0.0,0.0,92.0,84.0,92.0,8.0,32209100.0,2931339900.0,2727.0,76.7,0.0,0.0,92.0,7465500.0,1545000000.0,309000000.0,0.0,43000.0,500.0,,0.0,0.0,0.0
2023-07-18,92.0,0.0,0.0,99.0,84.0,86.0,-6.0,43787800.0,4044709000.0,6005.0,71.7,86.0,97200.0,85.0,755100.0,1545000000.0,309000000.0,0.0,16200.0,50000.0,,0.0,0.0,0.0
2023-07-20,86.0,0.0,0.0,89.0,83.0,85.0,-1.0,8140800.0,695073400.0,1435.0,70.8,85.0,285500.0,84.0,53300.0,1545000000.0,309000000.0,0.0,100.0,510500.0,,0.0,0.0,0.0
2023-07-21,85.0,0.0,0.0,86.0,81.0,82.0,-3.0,9101000.0,754658300.0,1425.0,68.3,83.0,213200.0,82.0,209200.0,1545000000.0,309000000.0,0.0,73000.0,20000.0,,0.0,0.0,0.0
2023-07-24,82.0,0.0,0.0,83.0,74.0,74.0,-8.0,26867700.0,2012413900.0,2826.0,61.7,75.0,280300.0,74.0,1941500.0,1545000000.0,309000000.0,0.0,300000.0,11100.0,,0.0,0.0,0.0
2023-07-25,74.0,0.0,0.0,75.0,68.0,73.0,-1.0,16204200.0,1135570800.0,1596.0,60.8,73.0,85200.0,72.0,468900.0,1545000000.0,309000000.0,0.0,300000.0,5000.0,,0.0,0.0,0.0
2023-07-26,73.0,0.0,0.0,73.0,69.0,71.0,-2.0,6792500.0,480444300.0,963.0,59.2,72.0,316300.0,71.0,321300.0,1545000000.0,309000000.0,0.0,499900.0,0.0,,0.0,0.0,0.0
2023-07-27,71.0,0.0,0.0,78.0,71.0,78.0,7.0,17895600.0,1370775400.0,1776.0,65.0,0.0,0.0,78.0,11367700.0,1545000000.0,309000000.0,0.0,40000.0,1400.0,,0.0,0.0,0.0
2023-07-28,78.0,0.0,0.0,85.0,71.0,73.0,-5.0,38511200.0,3032225200.0,3947.0,60.8,74.0,75000.0,73.0,105400.0,1545000000.0,309000000.0,0.0,0.0,0.0,,0.0,0.0,0.0
2023-07-31,73.0,0.0,0.0,80.0,69.0,70.0,-3.0,8411100.0,596998900.0,1114.0,58.3,71.0,40100.0,70.0,800900.0,1545000000.0,309000000.0,0.0,46300.0,0.0,,0.0,0.0,0.0
2023-08-01,70.0,0.0,0.0,71.0,67.0,68.0,-2.0,4164100.0,286232500.0,782.0,56.7,69.0,120500.0,68.0,227800.0,1545000000.0,309000000.0,0.0,31700.0,300.0,,0.0,0.0,0.0
2023-08-02,68.0,0.0,0.0,70.0,65.0,66.0,-2.0,7904200.0,518810100.0,978.0,55.0,66.0,419700.0,65.0,834600.0,1545000000.0,309000000.0,0.0,200000.0,0.0,,0.0,0.0,0.0
2023-08-03,66.0,0.0,0.0,72.0,65.0,72.0,6.0,9111600.0,638425200.0,1449.0,60.0,0.0,0.0,72.0,4549300.0,1545000000.0,309000000.0,0.0,0.0,0.0,,0.0,0.0,0.0
2023-08-04,72.0,0.0,0.0,79.0,70.0,79.0,7.0,23223100.0,1781681200.0,2425.0,65.8,0.0,0.0,79.0,1912100.0,1545000000.0,309000000.0,0.0,0.0,0.0,,0.0,0.0,0.0
2023-08-07,79.0,0.0,0.0,84.0,73.0,80.0,1.0,28971700.0,2296409100.0,2832.0,66.7,80.0,30000.0,79.0,30000.0,1545000000.0,309000000.0,0.0,0.0,3000.0,,0.0,0.0,0.0
2023-08-08,80.0,0.0,0.0,82.0,75.0,76.0,-4.0,8578200.0,659595300.0,1269.0,63.3,77.0,71900.0,75.0,333400.0,1545000000.0,309000000.0,0.0,0.0,2000.0,,0.0,0.0,0.0
2023-08-09,76.0,0.0,0.0,80.0,73.0,74.0,-2.0,3417600.0,258631700.0,616.0,61.7,75.0,95900.0,74.0,6000.0,1545000000.0,309000000.0,0.0,0.0,2100.0,,0.0,0.0,0.0
2023-08-10,74.0,0.0,0.0,75.0,72.0,75.0,1.0,2550500.0,187672500.0,419.0,62.5,75.0,747100.0,74.0,123700.0,1545000000.0,309000000.0,0.0,6800.0,2000.0,,0.0,0.0,0.0
2023-08-11,75.0,0.0,0.0,75.0,72.0,72.0,-3.0,2697900.0,196023800.0,362.0,60.0,73.0,198800.0,72.0,10000.0,1545000000.0,309000000.0,0.0,7000.0,0.0,,0.0,0.0,0.0
2023-08-14,72.0,0.0,0.0,74.0,71.0,71.0,-1.0,2837200.0,204286300.0,404.0,59.2,72.0,1000.0,71.0,127400.0,1545000000.0,309000000.0,0.0,4000.0,2100.0,,0.0,0.0,0.0
2023-08-15,71.0,0.0,0.0,73.0,66.0,68.0,-3.0,5402000.0,372383900.0,755.0,56.7,69.0,452400.0,68.0,32600.0,1545000000.0,309000000.0,0.0,799000.0,4000.0,,0.0,0.0,0.0
2023-08-16,68.0,0.0,0.0,74.0,67.0,72.0,4.0,9627300.0,689081900.0,1146.0,60.0,72.0,195800.0,71.0,79100.0,1545000000.0,309000000.0,0.0,0.0,0.0,,0.0,0.0,0.0
2023-08-18,72.0,0.0,0.0,73.0,67.0,68.0,-4.0,5082200.0,349502300.0,838.0,56.7,70.0,754400.0,68.0,3343700.0,1545000000.0,309000000.0,0.0,0.0,0.0,,0.0,0.0,0.0
2023-08-21,68.0,0.0,0.0,70.0,65.0,66.0,-2.0,16372600.0,1088691700.0,954.0,55.0,67.0,379700.0,66.0,67420900.0,1545000000.0,309000000.0,0.0,340200.0,10000.0,,0.0,0.0,0.0
2023-08-22,66.0,0.0,0.0,72.0,66.0,72.0,6.0,16861700.0,1197786200.0,988.0,60.0,0.0,0.0,72.0,988800.0,1545000000.0,309000000.0,0.0,0.0,0.0,,0.0,0.0,0.0
2023-08-23,72.0,0.0,0.0,79.0,74.0,79.0,7.0,32486400.0,2510984000.0,2548.0,65.8,0.0,0.0,79.0,1350800.0,1545000000.0,309000000.0,0.0,0.0,70000.0,,0.0,0.0,0.0
2023-08-24,79.0,0.0,0.0,84.0,73.0,74.0,-5.0,19795600.0,1532547400.0,1688.0,61.7,74.0,159000.0,73.0,1739900.0,1545000000.0,309000000.0,0.0,0.0,0.0,,16666700.0,1316669300.0,1.0
2023-08-25,74.0,0.0,0.0,77.0,67.0,72.0,-2.0,5652200.0,416972200.0,578.0,60.0,73.0,747200.0,72.0,162000.0,1545000000.0,309000000.0,0.0,0.0,0.0,,0.0,0.0,0.0
2023-08-28,72.0,0.0,0.0,72.0,65.0,70.0,-2.0,14730200.0,1017290000.0,858.0,58.3,70.0,215100.0,69.0,67800.0,1545000000.0,309000000.0,0.0,0.0,100.0,,0.0,0.0,0.0
2023-08-29,70.0,0.0,0.0,77.0,68.0,69.0,-1.0,4840400.0,333388600.0,531.0,57.5,70.0,35100.0,69.0,140600.0,1545000000.0,309000000.0,0.0,0.0,0.0,,0.0,0.0,0.0
2023-08-30,69.0,0.0,0.0,75.0,67.0,67.0,-2.0,7756900.0,523651600.0,597.0,55.8,68.0,222700.0,67.0,36900.0,1545000000.0,309000000.0,0.0,2709800.0,0.0,,0.0,0.0,0.0
2023-08-31,67.0,0.0,0.0,70.0,66.0,69.0,2.0,2691300.0,182812100.0,337.0,57.5,69.0,517200.0,68.0,314700.0,1545000000.0,309000000.0,0.0,0.0,109800.0,,0.0,0.0,0.0
2023-09-01,69.0,0.0,0.0,72.0,67.0,68.0,-1.0,2972600.0,201131600.0,392.0,56.7,68.0,291500.0,67.0,1493500.0,1545000000.0,309000000.0,0.0,81600.0,0.0,,0.0,0.0,0.0
2023-09-04,68.0,0.0,0.0,70.0,66.0,68.0,0.0,3631500.0,244793300.0,424.0,56.7,68.0,326000.0,67.0,801900.0,1545000000.0,309000000.0,0.0,0.0,1170300.0,,0.0,0.0,0.0
2023-09-05,68.0,0.0,0.0,70.0,67.0,68.0,0.0,865900.0,58242300.0,200.0,56.7,68.0,650500.0,67.0,298700.0,1545000000.0,309000000.0,0.0,0.0,0.0,,0.0,0.0,0.0
2023-09-06,68.0,0.0,0.0,70.0,66.0,67.0,-1.0,5026000.0,335361200.0,345.0,55.8,67.0,1100.0,66.0,1196700.0,1545000000.0,309000000.0,0.0,0.0,0.0,,0.0,0.0,0.0
2023-09-07,67.0,0.0,0.0,71.0,66.0,66.0,-1.0,2665400.0,177913400.0,317.0,55.0,67.0,21200.0,66.0,456700.0,1545000000.0,309000000.0,0.0,0.0,0.0,,0.0,0.0,0.0
2023-09-08,66.0,0.0,0.0,66.0,62.0,63.0,-3.0,3607200.0,229607000.0,464.0,52.5,64.0,668300.0,63.0,1363600.0,1545000000.0,309000000.0,0.0,0.0,2000.0,,0.0,0.0,0.0
2023-09-11,63.0,0.0,0.0,65.0,63.0,64.0,1.0,1720200.0,110282400.0,327.0,53.3,65.0,245000.0,64.0,3317400.0,1545000000.0,309000000.0,0.0,109800.0,0.0,,0.0,0.0,0.0
2023-09-12,64.0,0.0,0.0,70.0,63.0,70.0,6.0,6418400.0,437466400.0,635.0,58.3,0.0,0.0,70.0,1217500.0,1545000000.0,309000000.0,0.0,0.0,295000.0,,0.0,0.0,0.0
2023-09-13,70.0,0.0,0.0,77.0,66.0,66.0,-4.0,11363200.0,795077000.0,1059.0,55.0,67.0,5300.0,66.0,122000.0,1545000000.0,309000000.0,0.0,295000.0,0.0,,0.0,0.0,0.0
2023-09-14,66.0,0.0,0.0,66.0,61.0,64.0,-2.0,3147700.0,201690800.0,274.0,53.3,65.0,170800.0,64.0,723700.0,1545000000.0,309000000.0,0.0,0.0,0.0,,0.0,0.0,0.0
2023-09-15,64.0,0.0,0.0,70.0,64.0,66.0,2.0,3869800.0,255951000.0,518.0,55.0,67.0,54000.0,65.0,510800.0,1545000000.0,309000000.0,0.0,0.0,0.0,,0.0,0.0,0.0
2023-09-18,66.0,0.0,0.0,68.0,60.0,63.0,-3.0,4972100.0,314667500.0,418.0,52.5,64.0,27900.0,63.0,551500.0,1545000000.0,309000000.0,0.0,0.0,0.0,,0.0,0.0,0.0
2023-09-19,63.0,0.0,0.0,65.0,60.0,64.0,1.0,1255000.0,79516300.0,198.0,53.3,64.0,73100.0,63.0,140200.0,1545000000.0,309000000.0,0.0,0.0,0.0,,0.0,0.0,0.0
2023-09-20,64.0,0.0,0.0,64.0,61.0,63.0,-1.0,814500.0,51291700.0,166.0,52.5,64.0,312300.0,63.0,24100.0,1545000000.0,309000000.0,0.0,0.0,0.0,,0.0,0.0,0.0
2023-09-21,63.0,0.0,0.0,63.0,61.0,62.0,-1.0,707600.0,43947300.0,147.0,51.7,63.0,104400.0,62.0,381600.0,1545000000.0,309000000.0,0.0,0.0,100.0,,0.0,0.0,0.0
2023-09-22,62.0,0.0,0.0,64.0,56.0,63.0,1.0,3202300.0,194561400.0,164.0,52.5,63.0,93500.0,62.0,91500.0,1545000000.0,309000000.0,0.0,0.0,0.0,,0.0,0.0,0.0
2023-09-25,63.0,0.0,0.0,63.0,57.0,62.0,-1.0,663400.0,41291300.0,145.0,51.7,63.0,381300.0,61.0,58700.0,1545000000.0,309000000.0,0.0,0.0,0.0,,1300.0,124800.0,1.0
2023-09-26,62.0,0.0,0.0,67.0,56.0,62.0,0.0,1971400.0,123979700.0,289.0,51.7,62.0,12700.0,61.0,124000.0,1545000000.0,309000000.0,0.0,70000.0,0.0,,0.0,0.0,0.0
2023-09-27,62.0,0.0,0.0,63.0,61.0,63.0,1.0,525100.0,32177300.0,124.0,52.5,63.0,322300.0,61.0,7900.0,1545000000.0,309000000.0,0.0,0.0,0.0,,0.0,0.0,0.0
2023-09-29,63.0,0.0,0.0,64.0,57.0,62.0,-1.0,881300.0,55074400.0,200.0,51.7,63.0,70800.0,62.0,30700.0,1545000000.0,309000000.0,0.0,0.0,0.0,,0.0,0.0,0.0
2023-10-02,62.0,0.0,0.0,64.0,60.0,61.0,-1.0,713000.0,43842100.0,213.0,50.8,62.0,38800.0,61.0,72900.0,1545000000.0,309000000.0,0.0,0.0,0.0,,0.0,0.0,0.0
2023-10-03,61.0,0.0,0.0,63.0,58.0,60.0,-1.0,1860600.0,114522000.0,217.0,50.0,60.0,1400.0,59.0,379400.0,1545000000.0,309000000.0,0.0,741700.0,0.0,,0.0,0.0,0.0
2023-10-04,60.0,0.0,0.0,66.0,58.0,65.0,5.0,18987400.0,1194747400.0,1043.0,54.2,65.0,341200.0,64.0,16000.0,1545000000.0,309000000.0,0.0,0.0,0.0,,0.0,0.0,0.0
2023-10-05,65.0,0.0,0.0,66.0,61.0,62.0,-3.0,3002600.0,186239700.0,402.0,51.7,62.0,21500.0,61.0,335700.0,1545000000.0,309000000.0,0.0,0.0,0.0,,0.0,0.0,0.0
2023-10-06,62.0,0.0,0.0,65.0,59.0,64.0,2.0,3060900.0,191268200.0,325.0,53.3,64.0,35600.0,63.0,9000.0,1545000000.0,309000000.0,0.0,0.0,0.0,,0.0,0.0,0.0
2023-10-09,64.0,0.0,0.0,66.0,60.0,61.0,-3.0,2616700.0,161670500.0,298.0,50.8,62.0,20100.0,60.0,638100.0,1545000000.0,309000000.0,0.0,34200.0,0.0,,0.0,0.0,0.0
2023-10-10,61.0,0.0,0.0,62.0,57.0,61.0,0.0,2035900.0,124009300.0,137.0,50.8,62.0,80800.0,61.0,302400.0,1545000000.0,309000000.0,0.0,1500000.0,0.0,,0.0,0.0,0.0
2023-10-11,61.0,0.0,0.0,64.0,58.0,62.0,1.0,1478000.0,92596300.0,299.0,51.7,62.0,2600.0,61.0,169900.0,1545000000.0,309000000.0,0.0,0.0,0.0,,0.0,0.0,0.0
2023-10-12,62.0,0.0,0.0,63.0,59.0,61.0,-1.0,2108600.0,128767400.0,215.0,50.8,62.0,95500.0,61.0,147700.0,1545000000.0,309000000.0,0.0,1500000.0,0.0,,0.0,0.0,0.0
2023-10-13,61.0,0.0,0.0,62.0,59.0,61.0,0.0,821000.0,49972100.0,166.0,50.8,61.0,15200.0,60.0,13000.0,1545000000.0,309000000.0,0.0,0.0,0.0,,0.0,0.0,0.0
2023-10-16,61.0,0.0,0.0,64.0,58.0,60.0,-1.0,3131700.0,189336800.0,345.0,50.0,62.0,72300.0,60.0,62100.0,1545000000.0,309000000.0,0.0,0.0,0.0,,0.0,0.0,0.0
2023-10-17,60.0,0.0,0.0,62.0,55.0,59.0,-1.0,1179000.0,69636200.0,155.0,49.2,60.0,374900.0,59.0,127200.0,1545000000.0,309000000.0,0.0,0.0,0.0,,0.0,0.0,0.0
2023-10-18,59.0,0.0,0.0,60.0,56.0,59.0,0.0,1604300.0,93482700.0,192.0,49.2,59.0,94400.0,58.0,153600.0,1545000000.0,309000000.0,0.0,0.0,0.0,,0.0,0.0,0.0
2023-10-19,59.0,0.0,0.0,60.0,58.0,59.0,0.0,669300.0,39346400.0,82.0,49.2,59.0,52100.0,58.0,185800.0,1545000000.0,309000000.0,0.0,0.0,0.0,,0.0,0.0,0.0
2023-10-20,59.0,0.0,0.0,60.0,58.0,58.0,-1.0,1708900.0,99820000.0,122.0,48.3,59.0,19800.0,58.0,1731600.0,1545000000.0,309000000.0,0.0,0.0,0.0,,0.0,0.0,0.0
2023-10-23,58.0,0.0,0.0,60.0,58.0,59.0,1.0,1634200.0,95041500.0,116.0,49.2,59.0,68100.0,58.0,147100.0,1545000000.0,309000000.0,0.0,0.0,0.0,,0.0,0.0,0.0
2023-10-24,59.0,0.0,0.0,59.0,57.0,58.0,-1.0,923600.0,53374900.0,101.0,48.3,59.0,141500.0,58.0,6400.0,1545000000.0,309000000.0,0.0,0.0,0.0,,0.0,0.0,0.0
2023-10-25,58.0,0.0,0.0,60.0,57.0,58.0,0.0,1700100.0,97642200.0,120.0,48.3,59.0,73000.0,58.0,228400.0,1545000000.0,309000000.0,0.0,0.0,100.0,,0.0,0.0,0.0
2023-10-26,58.0,0.0,0.0,59.0,57.0,58.0,0.0,353700.0,20487300.0,66.0,48.3,58.0,45100.0,57.0,337200.0,1545000000.0,309000000.0,0.0,0.0,0.0,,0.0,0.0,0.0
2023-10-27,58.0,0.0,0.0,59.0,57.0,59.0,1.0,255300.0,14724500.0,56.0,49.2,59.0,439000.0,58.0,400.0,1545000000.0,309000000.0,0.0,0.0,0.0,,0.0,0.0,0.0
2023-10-30,59.0,0.0,0.0,59.0,57.0,57.0,-2.0,705300.0,40337600.0,89.0,47.5,58.0,160600.0,57.0,40900.0,1545000000.0,309000000.0,0.0,0.0,0.0,,0.0,0.0,0.0
2023-10-31,57.0,0.0,0.0,57.0,56.0,57.0,0.0,623200.0,34972700.0,89.0,47.5,57.0,76700.0,56.0,302000.0,1545000000.0,309000000.0,0.0,0.0,0.0,,0.0,0.0,0.0
2023-11-01,57.0,0.0,0.0,57.0,55.0,56.0,-1.0,1518900.0,83839800.0,100.0,46.7,56.0,101100.0,55.0,180600.0,1545000000.0,309000000.0,0.0,0.0,0.0,,0.0,0.0,0.0
2023-11-02,56.0,0.0,0.0,57.0,53.0,54.0,-2.0,2640100.0,142967800.0,177.0,45.0,55.0,205700.0,54.0,11465600.0,1545000000.0,309000000.0,0.0,0.0,0.0,,0.0,0.0,0.0
2023-11-03,54.0,0.0,0.0,56.0,53.0,54.0,0.0,1036900.0,55668700.0,150.0,45.0,54.0,420500.0,53.0,88400.0,1545000000.0,309000000.0,0.0,0.0,0.0,,0.0,0.0,0.0
2023-11-06,54.0,0.0,0.0,55.0,49.0,52.0,-2.0,4047600.0,207376900.0,265.0,43.3,53.0,259300.0,52.0,2157300.0,1545000000.0,309000000.0,0.0,0.0,0.0,,0.0,0.0,0.0
2023-11-07,52.0,0.0,0.0,54.0,51.0,53.0,1.0,880200.0,45646900.0,106.0,44.2,53.0,435900.0,52.0,250100.0,1545000000.0,309000000.0,0.0,50000.0,0.0,,0.0,0.0,0.0
2023-11-08,53.0,0.0,0.0,58.0,53.0,58.0,5.0,5398900.0,304334800.0,230.0,48.3,0.0,0.0,58.0,14780900.0,1545000000.0,309000000.0,0.0,0.0,0.0,,0.0,0.0,0.0
2023-11-09,58.0,0.0,0.0,63.0,59.0,63.0,5.0,6457500.0,404775900.0,372.0,52.5,0.0,0.0,63.0,10337700.0,1545000000.0,309000000.0,0.0,0.0,0.0,,0.0,0.0,0.0
2023-11-10,63.0,0.0,0.0,69.0,58.0,60.0,-3.0,3437600.0,209985600.0,415.0,50.0,60.0,254700.0,59.0,23000.0,1545000000.0,309000000.0,0.0,0.0,0.0,,0.0,0.0,0.0
2023-11-13,60.0,0.0,0.0,66.0,57.0,59.0,-1.0,965300.0,55438300.0,205.0,49.2,59.0,272900.0,58.0,50000.0,1545000000.0,309000000.0,0.0,0.0,0.0,,0.0,0.0,0.0
2023-11-14,59.0,0.0,0.0,64.0,55.0,58.0,-1.0,2621200.0,150551600.0,219.0,48.3,58.0,96400.0,57.0,150600.0,1545000000.0,309000000.0,0.0,0.0,0.0,,0.0,0.0,0.0
2023-11-15,58.0,0.0,0.0,63.0,57.0,59.0,1.0,441800.0,25387900.0,94.0,49.2,59.0,169700.0,57.0,202600.0,1545000000.0,309000000.0,0.0,10800.0,0.0,,0.0,0.0,0.0
2023-11-16,59.0,0.0,0.0,64.0,57.0,59.0,0.0,252600.0,14524000.0,70.0,49.2,59.0,213200.0,58.0,124100.0,1545000000.0,309000000.0,0.0,0.0,0.0,,0.0,0.0,0.0
2023-11-17,59.0,0.0,0.0,64.0,56.0,59.0,0.0,438100.0,25272000.0,193.0,49.2,58.0,5400.0,57.0,113400.0,1545000000.0,309000000.0,0.0,0.0,0.0,,0.0,0.0,0.0
2023-11-20,59.0,0.0,0.0,64.0,57.0,59.0,0.0,1320300.0,76875100.0,586.0,49.2,59.0,34600.0,58.0,276000.0,1545000000.0,309000000.0,0.0,1000000.0,0.0,,0.0,0.0,0.0
2023-11-21,59.0,0.0,0.0,64.0,57.0,59.0,0.0,122700.0,7102500.0,51.0,49.2,59.0,120700.0,58.0,2700.0,1545000000.0,309000000.0,0.0,0.0,0.0,,0.0,0.0,0.0
2023-11-22,59.0,0.0,0.0,64.0,57.0,59.0,0.0,69500.0,4065100.0,44.0,49.2,59.0,71200.0,58.0,50000.0,1545000000.0,309000000.0,0.0,0.0,0.0,,0.0,0.0,0.0
2023-11-23,59.0,0.0,0.0,64.0,56.0,58.0,-1.0,323900.0,18427700.0,80.0,48.3,58.0,643500.0,57.0,1581800.0,1545000000.0,309000000.0,0.0,0.0,0.0,,0.0,0.0,0.0
2023-11-24,58.0,0.0,0.0,63.0,56.0,57.0,-1.0,225600.0,12861000.0,42.0,47.5,57.0,40300.0,56.0,117400.0,1545000000.0,309000000.0,0.0,0.0,0.0,,0.0,0.0,0.0
2023-11-27,57.0,0.0,0.0,62.0,56.0,57.0,0.0,706800.0,40178900.0,75.0,47.5,57.0,161100.0,56.0,13000.0,1545000000.0,309000000.0,0.0,0.0,0.0,,0.0,0.0,0.0
2023-11-28,57.0,0.0,0.0,60.0,56.0,57.0,0.0,31400.0,1772900.0,29.0,47.5,57.0,196000.0,56.0,24700.0,1545000000.0,309000000.0,0.0,0.0,0.0,,0.0,0.0,0.0
2023-11-29,57.0,0.0,0.0,62.0,55.0,56.0,-1.0,231500.0,12857700.0,206.0,46.7,57.0,609100.0,55.0,33900.0,1545000000.0,309000000.0,0.0,0.0,0.0,,0.0,0.0,0.0
2023-11-30,56.0,0.0,0.0,60.0,54.0,56.0,0.0,874400.0,48106700.0,70.0,46.7,56.0,332500.0,55.0,117200.0,1545000000.0,309000000.0,0.0,0.0,0.0,,0.0,0.0,0.0
2023-12-01,56.0,0.0,0.0,61.0,54.0,55.0,-1.0,783500.0,43107900.0,162.0,45.8,56.0,393400.0,55.0,46700.0,1545000000.0,309000000.0,0.0,0.0,0.0,,0.0,0.0,0.0
2023-12-04,55.0,0.0,0.0,60.0,54.0,56.0,1.0,362900.0,19699200.0,66.0,46.7,56.0,249800.0,55.0,700.0,1545000000.0,309000000.0,0.0,11300.0,0.0,,0.0,0.0,0.0
2023-12-05,56.0,0.0,0.0,61.0,55.0,56.0,0.0,270600.0,14891200.0,94.0,46.7,56.0,65000.0,55.0,11100.0,1545000000.0,309000000.0,0.0,0.0,0.0,,0.0,0.0,0.0
2023-12-06,56.0,0.0,0.0,59.0,54.0,56.0,0.0,330500.0,18240200.0,58.0,46.7,56.0,136500.0,55.0,250100.0,1545000000.0,309000000.0,0.0,0.0,0.0,,0.0,0.0,0.0
2023-12-07,56.0,0.0,0.0,61.0,52.0,55.0,-1.0,1107200.0,58122700.0,165.0,45.8,55.0,99700.0,54.0,240000.0,1545000000.0,309000000.0,0.0,0.0,0.0,,0.0,0.0,0.0
2023-12-08,55.0,0.0,0.0,60.0,53.0,54.0,-1.0,302900.0,16077400.0,84.0,45.0,54.0,35900.0,53.0,68400.0,1545000000.0,309000000.0,0.0,0.0,0.0,,0.0,0.0,0.0
2023-12-11,54.0,0.0,0.0,58.0,52.0,57.0,3.0,2413300.0,132439300.0,176.0,47.5,57.0,267300.0,56.0,27400.0,1545000000.0,309000000.0,0.0,0.0,0.0,,0.0,0.0,0.0
2023-12-12,57.0,0.0,0.0,60.0,53.0,54.0,-3.0,1335500.0,71233400.0,144.0,45.0,54.0,342400.0,53.0,17300.0,1545000000.0,309000000.0,0.0,0.0,0.0,,0.0,0.0,0.0
2023-12-13,54.0,0.0,0.0,55.0,51.0,53.0,-1.0,348800.0,18242200.0,109.0,44.2,53.0,118600.0,51.0,200000.0,1545000000.0,309000000.0,0.0,0.0,6000.0,,0.0,0.0,0.0
2023-12-14,53.0,0.0,0.0,58.0,50.0,53.0,0.0,554500.0,28411900.0,140.0,44.2,53.0,106000.0,51.0,78500.0,1545000000.0,309000000.0,0.0,0.0,0.0,,0.0,0.0,0.0
2023-12-15,53.0,0.0,0.0,58.0,49.0,51.0,-2.0,793400.0,39931700.0,150.0,42.5,51.0,161700.0,50.0,286000.0,1545000000.0,309000000.0,0.0,0.0,0.0,,0.0,0.0,0.0
2023-12-18,51.0,0.0,0.0,56.0,48.0,50.0,-1.0,1701800.0,83421000.0,173.0,41.7,50.0,120800.0,49.0,135800.0,1545000000.0,309000000.0,0.0,0.0,0.0,,0.0,0.0,0.0
2023-12-19,50.0,0.0,0.0,50.0,48.0,50.0,0.0,528700.0,25858300.0,83.0,41.7,50.0,234700.0,49.0,82700.0,1545000000.0,309000000.0,0.0,20700.0,0.0,,0.0,0.0,0.0
2023-12-20,50.0,0.0,0.0,50.0,48.0,50.0,0.0,552000.0,26829200.0,73.0,41.7,50.0,125500.0,49.0,164800.0,1545000000.0,309000000.0,0.0,0.0,0.0,,0.0,0.0,0.0
2023-12-21,50.0,0.0,0.0,55.0,48.0,50.0,0.0,507300.0,24568800.0,108.0,41.7,50.0,112100.0,49.0,600.0,1545000000.0,309000000.0,0.0,0.0,0.0,,0.0,0.0,0.0
2023-12-22,50.0,0.0,0.0,50.0,48.0,50.0,0.0,333800.0,16103900.0,101.0,41.7,50.0,160000.0,49.0,9100.0,1545000000.0,309000000.0,0.0,0.0,0.0,,0.0,0.0,0.0
2023-12-27,50.0,0.0,0.0,50.0,48.0,49.0,-1.0,322300.0,15713700.0,53.0,40.8,49.0,537900.0,48.0,297800.0,1545000000.0,309000000.0,0.0,0.0,0.0,,0.0,0.0,0.0
2023-12-28,49.0,0.0,0.0,50.0,48.0,49.0,0.0,70200.0,3375100.0,47.0,40.8,49.0,171000.0,48.0,89300.0,1545000000.0,309000000.0,0.0,10800.0,200.0,,1000.0,48000.0,1.0
2023-12-29,49.0,0.0,0.0,50.0,48.0,48.0,-1.0,396700.0,19070300.0,55.0,40.0,49.0,10000.0,48.0,137900.0,1545000000.0,309000000.0,0.0,0.0,0.0,,0.0,0.0,0.0
2024-01-02,48.0,0.0,0.0,50.0,47.0,49.0,1.0,525900.0,25014500.0,70.0,40.8,49.0,84400.0,48.0,131000.0,1545000000.0,309000000.0,0.0,0.0,0.0,,0.0,0.0,0.0
2024-01-03,49.0,0.0,0.0,53.0,47.0,48.0,-1.0,164800.0,7864800.0,73.0,40.0,49.0,53400.0,48.0,138500.0,1545000000.0,309000000.0,0.0,0.0,0.0,,0.0,0.0,0.0
2024-01-04,48.0,0.0,0.0,52.0,47.0,49.0,1.0,244900.0,11754000.0,74.0,40.8,49.0,129400.0,48.0,100000.0,1545000000.0,309000000.0,0.0,0.0,0.0,,0.0,0.0,0.0
2024-01-05,49.0,0.0,0.0,49.0,48.0,49.0,0.0,158300.0,7686100.0,54.0,40.8,49.0,20800.0,48.0,49400.0,1545000000.0,309000000.0,0.0,200.0,0.0,,0.0,0.0,0.0
2024-01-08,49.0,0.0,0.0,53.0,47.0,49.0,0.0,292600.0,13893800.0,71.0,40.8,49.0,52100.0,48.0,20000.0,1545000000.0,309000000.0,0.0,0.0,0.0,,0.0,0.0,0.0
2024-01-09,49.0,0.0,0.0,49.0,47.0,48.0,-1.0,299800.0,14185100.0,68.0,40.0,48.0,84800.0,47.0,389100.0,1545000000.0,309000000.0,0.0,0.0,0.0,,0.0,0.0,0.0
2024-01-10,48.0,0.0,0.0,49.0,47.0,49.0,1.0,137600.0,6540000.0,59.0,40.8,49.0,172000.0,47.0,203400.0,1545000000.0,309000000.0,0.0,0.0,0.0,,0.0,0.0,0.0
2024-01-11,49.0,0.0,0.0,49.0,47.0,49.0,0.0,150400.0,7216600.0,60.0,40.8,49.0,298700.0,48.0,102100.0,1545000000.0,309000000.0,0.0,0.0,0.0,,0.0,0.0,0.0
2024-01-12,49.0,0.0,0.0,52.0,47.0,48.0,-1.0,110700.0,5281800.0,60.0,40.0,48.0,39700.0,47.0,229000.0,1545000000.0,309000000.0,0.0,0.0,0.0,,0.0,0.0,0.0
2024-01-15,48.0,0.0,0.0,52.0,47.0,48.0,0.0,217900.0,10301800.0,53.0,40.0,48.0,33800.0,47.0,133900.0,1545000050.0,309000050.0,0.0,0.0,0.0,,0.0,0.0,0.0
2024-01-16,48.0,0.0,0.0,49.0,47.0,49.0,1.0,307500.0,14634800.0,161.0,40.8,49.0,138100.0,48.0,300200.0,1545000200.0,309000200.0,0.0,0.0,0.0,,0.0,0.0,0.0
2024-01-17,49.0,0.0,0.0,50.0,48.0,49.0,0.0,143900.0,6965800.0,46.0,40.8,49.0,245000.0,48.0,105200.0,1545000200.0,309000200.0,0.0,100.0,0.0,,0.0,0.0,0.0
2024-01-18,49.0,0.0,0.0,49.0,47.0,49.0,0.0,135300.0,6462800.0,56.0,40.8,49.0,227800.0,48.0,18300.0,1545000200.0,309000200.0,0.0,20600.0,0.0,,0.0,0.0,0.0
2024-01-19,49.0,0.0,0.0,49.0,47.0,49.0,0.0,104200.0,4929300.0,33.0,40.8,49.0,158500.0,48.0,10000.0,1545000351.0,309000351.0,0.0,0.0,0.0,,0.0,0.0,0.0
2024-01-22,49.0,0.0,0.0,49.0,47.0,49.0,0.0,263300.0,12406800.0,47.0,40.8,49.0,336100.0,47.0,177900.0,1545000352.0,309000352.0,0.0,0.0,0.0,,0.0,0.0,0.0
2024-01-23,49.0,0.0,0.0,49.0,48.0,49.0,0.0,15300.0,735600.0,25.0,40.8,49.0,300900.0,48.0,300.0,1545000452.0,309000452.0,0.0,0.0,0.0,,0.0,0.0,0.0
2024-01-24,49.0,0.0,0.0,49.0,47.0,49.0,0.0,280100.0,13183200.0,48.0,40.8,49.0,573000.0,48.0,100000.0,1545000452.0,309000452.0,0.0,0.0,0.0,,0.0,0.0,0.0
2024-01-25,49.0,0.0,0.0,49.0,47.0,48.0,-1.0,109500.0,5216200.0,35.0,40.0,48.0,70600.0,47.0,204600.0,1545000452.0,309000452.0,0.0,0.0,0.0,,0.0,0.0,0.0
2024-01-26,48.0,0.0,0.0,49.0,46.0,48.0,0.0,189300.0,8767100.0,50.0,40.0,48.0,137300.0,47.0,24800.0,1545000452.0,309000452.0,0.0,0.0,0.0,,0.0,0.0,0.0
2024-01-29,48.0,0.0,0.0,48.0,46.0,48.0,0.0,238100.0,11007100.0,45.0,40.0,48.0,185100.0,47.0,100000.0,1545000452.0,309000452.0,0.0,0.0,0.0,,0.0,0.0,0.0
2024-01-30,48.0,0.0,0.0,49.0,46.0,48.0,0.0,211500.0,9745300.0,60.0,40.0,47.0,2500.0,46.0,98500.0,1545000452.0,309000452.0,0.0,0.0,0.0,,0.0,0.0,0.0
2024-01-31,48.0,0.0,0.0,49.0,46.0,48.0,0.0,33500.0,1554100.0,39.0,40.0,48.0,98600.0,46.0,208100.0,1545000502.0,309000502.0,0.0,0.0,0.0,,0.0,0.0,0.0
2024-02-01,48.0,0.0,0.0,49.0,46.0,48.0,0.0,102000.0,4821000.0,42.0,40.0,48.0,129900.0,47.0,200000.0,1545000563.0,309000563.0,0.0,0.0,0.0,,0.0,0.0,0.0
2024-02-02,48.0,0.0,0.0,49.0,46.0,48.0,0.0,104200.0,4879300.0,47.0,40.0,48.0,195000.0,47.0,100000.0,1545000563.0,309000563.0,0.0,0.0,0.0,,0.0,0.0,0.0
2024-02-05,48.0,0.0,0.0,48.0,45.0,47.0,-1.0,374100.0,17014300.0,59.0,39.2,47.0,164200.0,46.0,100000.0,1545000563.0,309000563.0,0.0,0.0,0.0,,0.0,0.0,0.0
2024-02-06,47.0,0.0,0.0,47.0,45.0,47.0,0.0,71700.0,3304800.0,38.0,39.2,47.0,192500.0,46.0,100600.0,1545000663.0,309000663.0,0.0,0.0,0.0,,0.0,0.0,0.0
2024-02-07,47.0,0.0,0.0,47.0,45.0,46.0,-1.0,76500.0,3484700.0,35.0,38.3,46.0,81400.0,45.0,127800.0,1545000663.0,309000663.0,0.0,0.0,0.0,,0.0,0.0,0.0
2024-02-12,46.0,0.0,0.0,46.0,43.0,45.0,-1.0,533800.0,23316000.0,120.0,37.5,45.0,129400.0,43.0,150600.0,1545000663.0,309000663.0,0.0,0.0,0.0,,0.0,0.0,0.0
2024-02-13,45.0,0.0,0.0,46.0,43.0,45.0,0.0,196200.0,8675100.0,66.0,37.5,45.0,293800.0,44.0,100000.0,1545000663.0,309000663.0,0.0,0.0,0.0,,0.0,0.0,0.0
2024-02-15,45.0,0.0,0.0,46.0,43.0,44.0,-1.0,145800.0,6368300.0,65.0,36.7,44.0,91800.0,43.0,135100.0,1545000663.0,309000663.0,0.0,0.0,0.0,,0.0,0.0,0.0
2024-02-16,44.0,0.0,0.0,44.0,41.0,42.0,-2.0,706200.0,29288400.0,125.0,35.0,42.0,354300.0,41.0,56500.0,1545000663.0,309000663.0,0.0,0.0,0.0,,0.0,0.0,0.0
2024-02-19,42.0,0.0,0.0,43.0,40.0,42.0,0.0,202000.0,8285200.0,78.0,35.0,42.0,162500.0,41.0,9800.0,1545000663.0,309000663.0,0.0,0.0,0.0,,0.0,0.0,0.0
2024-02-20,42.0,0.0,0.0,46.0,40.0,42.0,0.0,259900.0,10644100.0,65.0,35.0,42.0,76100.0,40.0,110300.0,1545000663.0,309000663.0,0.0,100.0,0.0,,0.0,0.0,0.0
2024-02-21,42.0,0.0,0.0,43.0,38.0,38.0,-4.0,1944000.0,74668500.0,240.0,31.7,38.0,1428100.0,0.0,0.0,1545000663.0,309000663.0,0.0,0.0,0.0,,0.0,0.0,0.0
2024-02-22,38.0,0.0,0.0,41.0,35.0,41.0,3.0,6210000.0,236908600.0,148.0,34.2,0.0,0.0,41.0,7831700.0,1545000663.0,309000663.0,0.0,6600.0,0.0,,0.0,0.0,0.0
2024-02-23,41.0,0.0,0.0,45.0,41.0,42.0,1.0,11367900.0,469861600.0,195.0,35.0,42.0,69300.0,41.0,661400.0,1545000663.0,309000663.0,0.0,0.0,0.0,,0.0,0.0,0.0
2024-02-26,42.0,0.0,0.0,45.0,38.0,41.0,-1.0,1148600.0,47895000.0,177.0,34.2,41.0,17600.0,40.0,150100.0,1545000663.0,309000663.0,0.0,0.0,0.0,,0.0,0.0,0.0
2024-02-27,41.0,0.0,0.0,41.0,38.0,40.0,-1.0,407600.0,15779000.0,88.0,33.3,40.0,94800.0,39.0,100000.0,1545000663.0,309000663.0,0.0,0.0,0.0,,0.0,0.0,0.0
2024-02-28,40.0,0.0,0.0,40.0,38.0,40.0,0.0,169600.0,6548200.0,63.0,33.3,40.0,247500.0,39.0,100000.0,1545000663.0,1545000663.0,0.0,0.0,0.0,,0.0,0.0,0.0
2024-02-29,40.0,0.0,0.0,44.0,39.0,42.0,2.0,298400.0,12473500.0,141.0,35.0,42.0,71300.0,41.0,250000.0,1545000663.0,1545000663.0,0.0,0.0,0.0,,0.0,0.0,0.0
2024-03-01,42.0,0.0,0.0,45.0,42.0,43.0,1.0,279200.0,12113800.0,70.0,35.8,43.0,54200.0,42.0,85200.0,1545000713.0,1545000713.0,0.0,0.0,0.0,,0.0,0.0,0.0
2024-03-04,43.0,0.0,0.0,45.0,42.0,44.0,1.0,67000.0,2832100.0,60.0,36.7,44.0,28600.0,43.0,100000.0,1545000713.0,1545000713.0,0.0,0.0,0.0,,0.0,0.0,0.0
2024-03-05,44.0,0.0,0.0,47.0,44.0,46.0,2.0,232900.0,10574700.0,107.0,38.3,46.0,53400.0,45.0,236700.0,1545000724.0,1545000724.0,0.0,0.0,0.0,,0.0,0.0,0.0
2024-03-06,46.0,0.0,0.0,48.0,44.0,47.0,1.0,142900.0,6425700.0,44.0,39.2,47.0,104000.0,46.0,120000.0,1545000724.0,1545000724.0,0.0,0.0,50000.0,,0.0,0.0,0.0
2024-03-07,47.0,0.0,0.0,48.0,45.0,47.0,0.0,24600.0,1150500.0,17.0,39.2,47.0,28300.0,46.0,131000.0,1545000724.0,1545000724.0,0.0,0.0,0.0,,0.0,0.0,0.0
2024-03-08,47.0,0.0,0.0,47.0,44.0,47.0,0.0,230500.0,10460100.0,48.0,39.2,47.0,53400.0,46.0,25000.0,1545000774.0,1545000774.0,0.0,0.0,0.0,,0.0,0.0,0.0
2024-03-13,47.0,0.0,0.0,48.0,45.0,48.0,1.0,162600.0,7628100.0,62.0,40.0,48.0,231700.0,47.0,100000.0,1545000774.0,1545000774.0,0.0,0.0,0.0,,0.0,0.0,0.0
2024-03-14,48.0,0.0,0.0,48.0,46.0,48.0,0.0,232600.0,10759500.0,28.0,40.0,48.0,210400.0,47.0,250000.0,1545000774.0,1545000774.0,0.0,0.0,0.0,,0.0,0.0,0.0
2024-03-15,48.0,0.0,0.0,51.0,45.0,48.0,0.0,118700.0,5474800.0,54.0,40.0,48.0,159400.0,47.0,120000.0,1545000774.0,1545000774.0,0.0,0.0,0.0,,0.0,0.0,0.0
2024-03-18,48.0,0.0,0.0,50.0,46.0,48.0,0.0,179400.0,8398400.0,174.0,40.0,48.0,172800.0,47.0,120000.0,1545000874.0,1545000874.0,0.0,300.0,0.0,,0.0,0.0,0.0
2024-03-19,48.0,0.0,0.0,48.0,46.0,48.0,0.0,198500.0,9381500.0,150.0,40.0,48.0,70900.0,47.0,153100.0,1545000924.0,1545000924.0,0.0,0.0,0.0,,0.0,0.0,0.0
2024-03-20,48.0,0.0,0.0,48.0,46.0,48.0,0.0,59600.0,2806600.0,42.0,40.0,47.0,35500.0,46.0,104600.0,1545000924.0,1545000924.0,0.0,0.0,0.0,,0.0,0.0,0.0
2024-03-21,48.0,0.0,0.0,48.0,46.0,48.0,0.0,139900.0,6469200.0,69.0,40.0,47.0,35400.0,46.0,137000.0,1545000924.0,1545000924.0,0.0,600.0,0.0,,0.0,0.0,0.0
2024-03-22,48.0,0.0,0.0,48.0,46.0,47.0,-1.0,207000.0,9528400.0,55.0,39.2,47.0,99200.0,46.0,104700.0,1545001074.0,1545001074.0,0.0,0.0,0.0,,0.0,0.0,0.0
2024-03-25,47.0,0.0,0.0,50.0,47.0,49.0,2.0,680800.0,33155600.0,72.0,40.8,49.0,327100.0,48.0,30100.0,1545001074.0,1545001074.0,0.0,0.0,0.0,,0.0,0.0,0.0
2024-03-26,49.0,0.0,0.0,48.0,46.0,47.0,-2.0,83600.0,3917700.0,60.0,39.2,47.0,201800.0,46.0,204900.0,1545001074.0,1545001074.0,0.0,0.0,0.0,,0.0,0.0,0.0
2024-03-27,47.0,0.0,0.0,48.0,45.0,46.0,-1.0,258500.0,11699800.0,70.0,38.3,46.0,266900.0,45.0,72100.0,1545001124.0,1545001124.0,0.0,0.0,0.0,,0.0,0.0,0.0
2024-03-28,46.0,0.0,0.0,46.0,44.0,45.0,-1.0,209200.0,9301200.0,89.0,37.5,45.0,258100.0,44.0,23900.0,1545001174.0,1545001174.0,0.0,0.0,0.0,,0.0,0.0,0.0
2024-04-01,45.0,0.0,0.0,45.0,41.0,43.0,-2.0,422600.0,17728400.0,158.0,35.8,43.0,21000.0,41.0,21800.0,1545001174.0,1545001174.0,0.0,0.0,0.0,,0.0,0.0,0.0
2024-04-02,43.0,0.0,0.0,43.0,39.0,42.0,-1.0,199600.0,8109900.0,82.0,35.0,42.0,48200.0,39.0,159000.0,1545001174.0,1545001174.0,0.0,0.0,0.0,,0.0,0.0,0.0
2024-04-03,42.0,0.0,0.0,45.0,38.0,43.0,1.0,1791000.0,69093500.0,279.0,35.8,43.0,93900.0,41.0,2500.0,1545001224.0,1545001224.0,0.0,0.0,0.0,,0.0,0.0,0.0
2024-04-04,43.0,0.0,0.0,45.0,41.0,43.0,0.0,3725200.0,160011900.0,594.0,35.8,43.0,7900.0,42.0,112000.0,1545001224.0,1545001224.0,0.0,0.0,0.0,,0.0,0.0,0.0
2024-04-05,43.0,0.0,0.0,46.0,42.0,44.0,1.0,253900.0,11151000.0,71.0,36.7,44.0,109600.0,43.0,28700.0,1545001224.0,1545001224.0,0.0,0.0,0.0,,0.0,0.0,0.0
2024-04-16,44.0,0.0,0.0,47.0,42.0,45.0,1.0,272600.0,11795200.0,118.0,37.5,45.0,215300.0,44.0,500.0,1545001224.0,1545001224.0,0.0,0.0,0.0,,0.0,0.0,0.0
2024-04-17,45.0,0.0,0.0,46.0,42.0,45.0,0.0,149300.0,6461900.0,106.0,37.5,45.0,71500.0,43.0,21900.0,1545003708.0,1545003708.0,0.0,0.0,0.0,,0.0,0.0,0.0
2024-04-18,45.0,0.0,0.0,46.0,43.0,45.0,0.0,116400.0,5020600.0,62.0,37.5,45.0,54800.0,43.0,27200.0,1545003708.0,1545003708.0,0.0,0.0,0.0,,0.0,0.0,0.0
2024-04-19,45.0,0.0,0.0,46.0,43.0,44.0,-1.0,81200.0,3499900.0,37.0,36.7,44.0,79600.0,43.0,11100.0,1545003708.0,1545003708.0,0.0,0.0,0.0,,0.0,0.0,0.0
2024-04-22,44.0,0.0,0.0,47.0,41.0,43.0,-1.0,400200.0,16680900.0,89.0,35.8,43.0,86000.0,41.0,209700.0,1545003758.0,1545003758.0,0.0,0.0,0.0,,0.0,0.0,0.0
2024-04-23,43.0,0.0,0.0,43.0,41.0,43.0,0.0,742000.0,31157100.0,37.0,35.8,43.0,35200.0,41.0,133100.0,1545003758.0,1545003758.0,0.0,0.0,0.0,,0.0,0.0,0.0
2024-04-24,43.0,0.0,0.0,43.0,41.0,43.0,0.0,161600.0,6651400.0,38.0,35.8,43.0,214600.0,41.0,75700.0,1545003758.0,1545003758.0,0.0,0.0,0.0,,0.0,0.0,0.0
2024-04-25,43.0,0.0,0.0,43.0,41.0,42.0,-1.0,105200.0,4404100.0,50.0,35.0,43.0,87300.0,42.0,2600.0,1545003758.0,1545003758.0,0.0,0.0,0.0,,0.0,0.0,0.0
2024-04-26,42.0,0.0,0.0,43.0,40.0,43.0,1.0,337100.0,13733900.0,85.0,35.8,43.0,341700.0,41.0,10000.0,1545003758.0,1545003758.0,0.0,0.0,0.0,,0.0,0.0,0.0
2024-04-29,43.0,0.0,0.0,46.0,41.0,44.0,1.0,340700.0,14412400.0,72.0,36.7,43.0,200.0,42.0,1000.0,1545003758.0,1545003758.0,0.0,0.0,0.0,,0.0,0.0,0.0
2024-04-30,44.0,0.0,0.0,46.0,42.0,44.0,0.0,22100.0,946600.0,21.0,36.7,44.0,338200.0,43.0,1000.0,1545003808.0,1545003808.0,0.0,0.0,0.0,,0.0,0.0,0.0
2024-05-02,44.0,0.0,0.0,48.0,43.0,46.0,2.0,152500.0,6895700.0,49.0,38.3,45.0,142300.0,44.0,100.0,1545003808.0,1545003808.0,0.0,0.0,0.0,,0.0,0.0,0.0
2024-05-03,46.0,0.0,0.0,49.0,43.0,45.0,-1.0,37100.0,1685300.0,36.0,37.5,45.0,52600.0,44.0,5000.0,1545003808.0,1545003808.0,0.0,0.0,0.0,,0.0,0.0,0.0
2024-05-06,45.0,0.0,0.0,45.0,43.0,45.0,0.0,195700.0,8432600.0,26.0,37.5,45.0,75700.0,43.0,448100.0,1545003809.0,1545003809.0,0.0,0.0,0.0,,0.0,0.0,0.0
2024-05-07,45.0,0.0,0.0,48.0,44.0,45.0,0.0,339500.0,15467900.0,42.0,37.5,45.0,38600.0,44.0,61100.0,1545003809.0,1545003809.0,0.0,0.0,0.0,,0.0,0.0,0.0
2024-05-08,45.0,0.0,0.0,47.0,44.0,45.0,0.0,63300.0,2789600.0,56.0,37.5,45.0,45500.0,44.0,104600.0,1545003859.0,1545003859.0,0.0,0.0,0.0,,0.0,0.0,0.0
2024-05-13,45.0,0.0,0.0,48.0,44.0,45.0,0.0,595100.0,26337400.0,106.0,37.5,46.0,52100.0,45.0,500.0,1545003859.0,1545003859.0,0.0,0.0,0.0,,0.0,0.0,0.0
2024-05-14,45.0,0.0,0.0,48.0,43.0,45.0,0.0,327000.0,14392200.0,50.0,37.5,45.0,73600.0,43.0,253100.0,1545003859.0,1545003859.0,0.0,0.0,0.0,,0.0,0.0,0.0
2024-05-15,45.0,0.0,0.0,46.0,44.0,45.0,0.0,170600.0,7512800.0,32.0,37.5,45.0,326400.0,44.0,10900.0,1545003859.0,1545003859.0,0.0,0.0,0.0,,0.0,0.0,0.0
2024-05-16,45.0,0.0,0.0,46.0,44.0,45.0,0.0,2364800.0,104139300.0,376.0,37.5,45.0,297700.0,44.0,114300.0,1545004509.0,1545004509.0,0.0,0.0,0.0,,0.0,0.0,0.0
2024-05-17,45.0,0.0,0.0,45.0,43.0,45.0,0.0,5250100.0,231069300.0,320.0,37.5,45.0,37700.0,43.0,1265900.0,1545004559.0,1545004559.0,0.0,0.0,0.0,,0.0,0.0,0.0
2024-05-20,45.0,0.0,0.0,47.0,44.0,45.0,0.0,1269500.0,55865300.0,89.0,37.5,45.0,319600.0,44.0,500.0,1545004559.0,1545004559.0,0.0,0.0,0.0,,0.0,0.0,0.0
2024-05-21,45.0,0.0,0.0,45.0,44.0,45.0,0.0,967600.0,42578600.0,64.0,37.5,45.0,36400.0,44.0,10000.0,1545004559.0,1545004559.0,0.0,0.0,0.0,,0.0,0.0,0.0
2024-05-22,45.0,0.0,0.0,45.0,41.0,45.0,0.0,1118200.0,48117000.0,91.0,37.5,45.0,221200.0,43.0,380800.0,1545004659.0,1545004659.0,0.0,0.0,0.0,,0.0,0.0,0.0
2024-05-27,45.0,0.0,0.0,46.0,43.0,45.0,0.0,810400.0,35827600.0,263.0,37.5,45.0,172500.0,44.0,1200.0,1545004659.0,1545004659.0,0.0,0.0,0.0,,0.0,0.0,0.0
2024-05-28,45.0,0.0,0.0,45.0,43.0,45.0,0.0,505200.0,22330500.0,249.0,37.5,45.0,154200.0,44.0,6900.0,1545004709.0,1545004709.0,0.0,0.0,0.0,,0.0,0.0,0.0
2024-05-29,45.0,0.0,0.0,45.0,43.0,44.0,-1.0,523600.0,23034500.0,210.0,36.7,44.0,1060400.0,43.0,349800.0,1545004709.0,1545004709.0,0.0,0.0,0.0,,0.0,0.0,0.0
2024-05-30,44.0,0.0,0.0,45.0,43.0,44.0,0.0,171400.0,7401100.0,58.0,36.7,44.0,207800.0,43.0,81000.0,1545004709.0,1545004709.0,0.0,0.0,0.0,,0.0,0.0,0.0
2024-05-31,44.0,0.0,0.0,44.0,43.0,43.0,-1.0,337300.0,14510600.0,90.0,35.8,44.0,32800.0,43.0,124500.0,1545004709.0,1545004709.0,0.0,0.0,0.0,,0.0,0.0,0.0
2024-06-03,43.0,0.0,0.0,45.0,42.0,44.0,1.0,391300.0,16987500.0,92.0,36.7,44.0,184500.0,43.0,118600.0,1545004709.0,1545004709.0,0.0,0.0,0.0,,0.0,0.0,0.0
2024-06-04,44.0,0.0,0.0,46.0,43.0,44.0,0.0,566400.0,24779500.0,90.0,36.7,44.0,53000.0,43.0,141500.0,1545004759.0,1545004759.0,0.0,0.0,0.0,,0.0,0.0,0.0
2024-06-05,44.0,0.0,0.0,46.0,43.0,44.0,0.0,122100.0,5258100.0,37.0,36.7,44.0,146100.0,43.0,102500.0,1545004759.0,1545004759.0,0.0,0.0,0.0,,0.0,0.0,0.0
2024-06-06,44.0,0.0,0.0,44.0,43.0,44.0,0.0,172200.0,7411100.0,47.0,36.7,44.0,532400.0,43.0,100500.0,1545004759.0,1545004759.0,0.0,0.0,0.0,,0.0,0.0,0.0
2024-06-07,44.0,0.0,0.0,45.0,43.0,45.0,1.0,313900.0,13853200.0,67.0,37.5,45.0,86900.0,44.0,2900.0,1545004759.0,1545004759.0,0.0,0.0,0.0,,0.0,0.0,0.0
2024-06-10,45.0,0.0,0.0,45.0,43.0,45.0,0.0,638400.0,28064600.0,69.0,37.5,44.0,200000.0,43.0,189900.0,1545004759.0,1545004759.0,0.0,0.0,0.0,,0.0,0.0,0.0
2024-06-11,45.0,0.0,0.0,45.0,44.0,45.0,0.0,125800.0,5548900.0,22.0,37.5,44.0,2500.0,43.0,205700.0,1545004759.0,1545004759.0,0.0,0.0,0.0,,0.0,0.0,0.0
2024-06-12,45.0,0.0,0.0,45.0,43.0,45.0,0.0,486800.0,21115200.0,49.0,37.5,45.0,491600.0,43.0,313200.0,1545004809.0,1545004809.0,0.0,0.0,0.0,,0.0,0.0,0.0
2024-06-13,45.0,0.0,0.0,45.0,43.0,45.0,0.0,359300.0,15502500.0,22.0,37.5,45.0,658600.0,43.0,54200.0,1545004809.0,1545004809.0,0.0,0.0,0.0,,0.0,0.0,0.0
2024-06-14,45.0,0.0,0.0,45.0,43.0,44.0,-1.0,383800.0,16554400.0,26.0,36.7,44.0,163800.0,43.0,25100.0,1545004859.0,1545004859.0,0.0,0.0,0.0,,0.0,0.0,0.0
2024-06-19,44.0,0.0,0.0,45.0,44.0,45.0,1.0,1015700.0,44691600.0,30.0,37.5,44.0,3000.0,43.0,101800.0,1545004859.0,1545004859.0,0.0,0.0,0.0,,0.0,0.0,0.0
2024-06-20,45.0,0.0,0.0,45.0,43.0,45.0,0.0,44400.0,1925300.0,28.0,37.5,45.0,447800.0,43.0,211700.0,1545004909.0,1545004909.0,0.0,0.0,0.0,,0.0,0.0,0.0
2024-06-21,45.0,0.0,0.0,45.0,43.0,44.0,-1.0,29000.0,1271900.0,22.0,36.7,44.0,249100.0,43.0,694300.0,1545004909.0,1545004909.0,0.0,0.0,0.0,,0.0,0.0,0.0
2024-06-24,44.0,0.0,0.0,45.0,43.0,44.0,0.0,20000.0,864600.0,21.0,36.7,44.0,18500.0,43.0,189400.0,1545004909.0,1545004909.0,0.0,0.0,0.0,,0.0,0.0,0.0
2024-06-25,44.0,0.0,0.0,45.0,43.0,45.0,1.0,179700.0,7786600.0,48.0,37.5,45.0,147900.0,43.0,109500.0,1545004959.0,1545004959.0,0.0,0.0,0.0,,0.0,0.0,0.0
2024-06-26,45.0,0.0,0.0,45.0,43.0,45.0,0.0,1185300.0,51849900.0,48.0,37.5,45.0,494100.0,43.0,101500.0,1545005009.0,1545005009.0,0.0,0.0,0.0,,0.0,0.0,0.0
2024-06-27,45.0,0.0,0.0,45.0,43.0,45.0,0.0,114400.0,4969900.0,42.0,37.5,45.0,306600.0,43.0,2332500.0,1545005009.0,1545005009.0,0.0,0.0,0.0,,0.0,0.0,0.0
2024-06-28,45.0,0.0,0.0,45.0,44.0,45.0,0.0,42700.0,1881700.0,25.0,37.5,45.0,364600.0,43.0,1127400.0,1545005009.0,1545005009.0,0.0,0.0,0.0,,164000000.0,19680000000.0,1.0
2024-07-01,45.0,0.0,0.0,45.0,44.0,45.0,0.0,123400.0,5431200.0,28.0,37.5,45.0,559700.0,44.0,71300.0,1545005009.0,1545005009.0,0.0,0.0,0.0,,0.0,0.0,0.0
2024-07-02,45.0,0.0,0.0,45.0,43.0,43.0,-2.0,1265700.0,55583600.0,54.0,35.8,45.0,461600.0,43.0,339000.0,1545005059.0,1545005059.0,0.0,0.0,0.0,,0.0,0.0,0.0
2024-07-03,43.0,0.0,0.0,45.0,44.0,45.0,2.0,413000.0,18173700.0,39.0,37.5,45.0,655900.0,44.0,10000.0,1545005059.0,1545005059.0,0.0,0.0,0.0,,0.0,0.0,0.0
2024-07-04,45.0,0.0,0.0,45.0,43.0,44.0,-1.0,273300.0,11809500.0,58.0,36.7,44.0,109700.0,43.0,270400.0,1545005059.0,1545005059.0,0.0,0.0,0.0,,0.0,0.0,0.0
2024-07-05,44.0,0.0,0.0,45.0,43.0,45.0,1.0,33900.0,1485500.0,22.0,37.5,45.0,750600.0,43.0,455400.0,1545005059.0,1545005059.0,0.0,0.0,0.0,,0.0,0.0,0.0
2024-07-08,45.0,0.0,0.0,45.0,44.0,44.0,-1.0,278600.0,12270500.0,44.0,36.7,44.0,140700.0,43.0,403400.0,1545005059.0,1545005059.0,0.0,0.0,0.0,,0.0,0.0,0.0
2024-07-09,44.0,0.0,0.0,44.0,43.0,44.0,0.0,22800.0,998000.0,10.0,36.7,44.0,198300.0,43.0,532300.0,1545005059.0,1545005059.0,0.0,0.0,0.0,,0.0,0.0,0.0
2024-07-10,44.0,0.0,0.0,44.0,43.0,44.0,0.0,31000.0,1354000.0,5.0,36.7,44.0,225000.0,43.0,350000.0,1545005059.0,1545005059.0,0.0,0.0,0.0,,0.0,0.0,0.0
2024-07-11,44.0,0.0,0.0,44.0,43.0,44.0,0.0,381500.0,16411700.0,56.0,36.7,44.0,182000.0,43.0,149000.0,1545005109.0,1545005109.0,0.0,0.0,0.0,,0.0,0.0,0.0
2024-07-12,44.0,0.0,0.0,44.0,43.0,44.0,0.0,192000.0,8261600.0,42.0,36.7,44.0,176900.0,43.0,50100.0,1545005109.0,1545005109.0,0.0,0.0,0.0,,0.0,0.0,0.0
2024-07-15,44.0,0.0,0.0,44.0,43.0,44.0,0.0,11000.0,482000.0,14.0,36.7,44.0,179300.0,43.0,93100.0,1545005209.0,1545005209.0,0.0,0.0,0.0,,0.0,0.0,0.0
2024-07-16,44.0,0.0,0.0,44.0,43.0,44.0,0.0,65600.0,2825600.0,28.0,36.7,44.0,341600.0,43.0,121700.0,1545055259.0,1545055259.0,0.0,0.0,0.0,,0.0,0.0,0.0
2024-07-17,44.0,0.0,0.0,44.0,43.0,44.0,0.0,189400.0,8180400.0,31.0,36.7,44.0,260500.0,43.0,303000.0,1545055259.0,1545055259.0,0.0,0.0,0.0,,0.0,0.0,0.0
2024-07-18,44.0,0.0,0.0,44.0,43.0,44.0,0.0,143600.0,6182500.0,27.0,36.7,44.0,51200.0,43.0,350600.0,1545055259.0,1545055259.0,0.0,0.0,0.0,,1000.0,45000.0,1.0
2024-07-19,44.0,0.0,0.0,44.0,43.0,44.0,0.0,76400.0,3352400.0,18.0,36.7,44.0,487300.0,43.0,287800.0,1545055259.0,1545055259.0,0.0,0.0,0.0,,0.0,0.0,0.0
2024-07-22,44.0,0.0,0.0,47.0,43.0,47.0,3.0,702800.0,31295200.0,71.0,39.2,47.0,192200.0,43.0,113800.0,1545055259.0,1545055259.0,0.0,0.0,0.0,,0.0,0.0,0.0
2024-07-23,47.0,0.0,0.0,47.0,44.0,46.0,-1.0,316100.0,13962700.0,51.0,38.3,46.0,345000.0,44.0,1700.0,1545055309.0,1545055309.0,0.0,0.0,0.0,,0.0,0.0,0.0
2024-07-24,46.0,0.0,0.0,46.0,44.0,45.0,-1.0,276900.0,12184500.0,31.0,37.5,45.0,159800.0,44.0,100.0,1545055309.0,1545055309.0,0.0,0.0,0.0,,0.0,0.0,0.0
2024-07-25,45.0,0.0,0.0,45.0,44.0,45.0,0.0,21400.0,952300.0,17.0,37.5,45.0,59900.0,43.0,122500.0,1545055309.0,1545055309.0,0.0,0.0,0.0,,0.0,0.0,0.0
2024-07-26,45.0,0.0,0.0,45.0,44.0,45.0,0.0,23600.0,1038700.0,8.0,37.5,45.0,205600.0,44.0,11900.0,1545055309.0,1545055309.0,0.0,0.0,0.0,,0.0,0.0,0.0
2024-07-29,45.0,0.0,0.0,45.0,43.0,45.0,0.0,40900.0,1824600.0,25.0,37.5,45.0,97900.0,43.0,156700.0,1545055309.0,1545055309.0,0.0,0.0,0.0,,0.0,0.0,0.0
2024-07-30,45.0,0.0,0.0,49.0,43.0,49.0,4.0,659500.0,30557300.0,77.0,40.8,49.0,86500.0,48.0,100.0,1545055309.0,1545055309.0,0.0,0.0,0.0,,0.0,0.0,0.0
2024-07-31,49.0,0.0,0.0,53.0,45.0,52.0,3.0,498200.0,24121900.0,127.0,43.3,52.0,11600.0,49.0,100.0,1545055309.0,1545055309.0,0.0,0.0,0.0,,0.0,0.0,0.0
2024-08-01,52.0,0.0,0.0,57.0,52.0,54.0,2.0,1306300.0,70692500.0,179.0,45.0,55.0,644800.0,54.0,4700.0,1545055309.0,1545055309.0,0.0,0.0,0.0,,0.0,0.0,0.0
2024-08-02,54.0,0.0,0.0,59.0,52.0,55.0,1.0,1501300.0,81086600.0,91.0,45.8,55.0,328700.0,53.0,64500.0,1545055309.0,1545055309.0,0.0,0.0,0.0,,0.0,0.0,0.0
2024-08-05,55.0,0.0,0.0,60.0,53.0,56.0,1.0,462600.0,25648300.0,59.0,46.7,56.0,36800.0,55.0,1000.0,1545055309.0,1545055309.0,0.0,0.0,0.0,,0.0,0.0,0.0
2024-08-06,56.0,0.0,0.0,61.0,54.0,57.0,1.0,158400.0,8756800.0,66.0,47.5,57.0,464700.0,55.0,49200.0,1545055309.0,1545055309.0,0.0,0.0,0.0,,0.0,0.0,0.0
2024-08-07,57.0,0.0,0.0,62.0,54.0,57.0,0.0,527100.0,29138900.0,51.0,47.5,57.0,451500.0,56.0,300.0,1545055309.0,1545055309.0,0.0,0.0,0.0,,0.0,0.0,0.0
2024-08-08,57.0,0.0,0.0,62.0,54.0,57.0,0.0,117800.0,6573400.0,31.0,47.5,57.0,676500.0,55.0,18300.0,1545055309.0,1545055309.0,0.0,0.0,0.0,,0.0,0.0,0.0
2024-08-09,57.0,0.0,0.0,56.0,53.0,56.0,-1.0,369700.0,19891100.0,54.0,46.7,55.0,2000.0,53.0,109800.0,1545055309.0,1545055309.0,0.0,0.0,0.0,,0.0,0.0,0.0
2024-08-12,56.0,0.0,0.0,61.0,51.0,51.0,-5.0,1625200.0,85264100.0,189.0,42.5,53.0,100200.0,51.0,265900.0,1545055309.0,1545055309.0,0.0,0.0,0.0,,0.0,0.0,0.0
2024-08-13,51.0,0.0,0.0,56.0,50.0,53.0,2.0,259400.0,13109900.0,60.0,44.2,53.0,206100.0,51.0,9400.0,1545055309.0,1545055309.0,0.0,0.0,0.0,,0.0,0.0,0.0
2024-08-14,53.0,0.0,0.0,58.0,50.0,51.0,-2.0,2946200.0,150335100.0,59.0,42.5,51.0,38000.0,50.0,147300.0,1545055309.0,1545055309.0,0.0,0.0,0.0,,0.0,0.0,0.0
2024-08-15,51.0,0.0,0.0,56.0,49.0,53.0,2.0,153600.0,7792700.0,49.0,44.2,53.0,3225600.0,51.0,1000.0,1545055309.0,1545055309.0,0.0,0.0,70000.0,,0.0,0.0,0.0
2024-08-16,53.0,0.0,0.0,58.0,50.0,52.0,-1.0,158900.0,8099500.0,57.0,43.3,52.0,12900.0,50.0,72700.0,1545055309.0,1545055309.0,0.0,0.0,0.0,,0.0,0.0,0.0
2024-08-19,52.0,0.0,0.0,52.0,50.0,51.0,-1.0,55700.0,2798000.0,36.0,42.5,51.0,152900.0,50.0,28000.0,1545055359.0,1545055359.0,0.0,0.0,0.0,,0.0,0.0,0.0
2024-08-20,51.0,0.0,0.0,51.0,49.0,51.0,0.0,138500.0,6859100.0,43.0,42.5,50.0,4200.0,49.0,11000.0,1545055359.0,1545055359.0,0.0,0.0,0.0,,0.0,0.0,0.0
2024-08-21,51.0,0.0,0.0,50.0,48.0,50.0,-1.0,144500.0,7094200.0,40.0,41.7,50.0,79500.0,48.0,122700.0,1545055359.0,1545055359.0,0.0,9100.0,0.0,,0.0,0.0,0.0
2024-08-22,50.0,0.0,0.0,51.0,49.0,51.0,1.0,32700.0,1639000.0,17.0,42.5,51.0,50700.0,49.0,28300.0,1545055359.0,1545055359.0,0.0,0.0,0.0,,0.0,0.0,0.0
2024-08-23,51.0,0.0,0.0,51.0,50.0,51.0,0.0,20500.0,1028100.0,32.0,42.5,51.0,49400.0,50.0,28500.0,1545055359.0,1545055359.0,0.0,0.0,0.0,,0.0,0.0,0.0
2024-08-26,51.0,0.0,0.0,51.0,50.0,51.0,0.0,132900.0,6665500.0,30.0,42.5,51.0,42500.0,50.0,42300.0,1545055359.0,1545055359.0,0.0,0.0,0.0,,0.0,0.0,0.0
2024-08-27,51.0,0.0,0.0,55.0,50.0,53.0,2.0,179700.0,9458000.0,83.0,44.2,53.0,49500.0,51.0,10600.0,1545055359.0,1545055359.0,0.0,0.0,0.0,,0.0,0.0,0.0
2024-08-28,53.0,0.0,0.0,58.0,51.0,53.0,0.0,2448600.0,129334800.0,113.0,44.2,54.0,235600.0,52.0,220000.0,1545055359.0,1545055359.0,0.0,100.0,0.0,,0.0,0.0,0.0
2024-08-29,53.0,0.0,0.0,55.0,52.0,55.0,2.0,294800.0,15716300.0,75.0,45.8,55.0,2932400.0,53.0,21100.0,1545055359.0,1545055359.0,0.0,0.0,0.0,,0.0,0.0,0.0
2024-08-30,55.0,0.0,0.0,55.0,53.0,54.0,-1.0,51700.0,2766500.0,31.0,45.0,54.0,2767600.0,53.0,300.0,1545055359.0,1545055359.0,0.0,0.0,0.0,,0.0,0.0,0.0
2024-09-02,54.0,0.0,0.0,59.0,52.0,52.0,-2.0,152200.0,7954800.0,39.0,43.3,53.0,13100.0,52.0,125600.0,1545055409.0,1545055409.0,0.0,0.0,0.0,,0.0,0.0,0.0
2024-09-03,52.0,0.0,0.0,54.0,52.0,53.0,1.0,122000.0,6465300.0,22.0,44.2,53.0,12000.0,52.0,59400.0,1545055409.0,1545055409.0,0.0,0.0,101500.0,,0.0,0.0,0.0
2024-09-04,53.0,0.0,0.0,54.0,52.0,53.0,0.0,592800.0,31377500.0,21.0,44.2,53.0,2025900.0,52.0,43500.0,1545055409.0,1545055409.0,0.0,80000.0,0.0,,0.0,0.0,0.0
2024-09-05,53.0,0.0,0.0,54.0,52.0,53.0,0.0,513600.0,27719300.0,17.0,44.2,53.0,145400.0,52.0,150700.0,1545055409.0,1545055409.0,0.0,39000.0,0.0,,0.0,0.0,0.0
2024-09-06,53.0,0.0,0.0,53.0,50.0,52.0,-1.0,1734600.0,87983400.0,68.0,43.3,53.0,36800.0,51.0,10000.0,1545055459.0,1545055459.0,0.0,0.0,0.0,,0.0,0.0,0.0
2024-09-09,52.0,0.0,0.0,52.0,50.0,51.0,-1.0,68100.0,3441600.0,17.0,42.5,51.0,7700.0,50.0,57900.0,1545055459.0,1545055459.0,0.0,0.0,0.0,,0.0,0.0,0.0
2024-09-10,51.0,0.0,0.0,51.0,50.0,51.0,0.0,37200.0,1878100.0,17.0,42.5,51.0,65100.0,50.0,180200.0,1545055459.0,1545055459.0,0.0,0.0,0.0,,0.0,0.0,0.0
2024-09-11,51.0,0.0,0.0,52.0,50.0,51.0,0.0,74500.0,3795900.0,21.0,42.5,52.0,32100.0,51.0,32300.0,1545055459.0,1545055459.0,0.0,0.0,0.0,,0.0,0.0,0.0
2024-09-12,51.0,0.0,0.0,53.0,51.0,53.0,2.0,172900.0,8960200.0,33.0,44.2,53.0,3091800.0,52.0,100.0,1545055459.0,1545055459.0,0.0,0.0,0.0,,0.0,0.0,0.0
2024-09-13,53.0,0.0,0.0,53.0,52.0,53.0,0.0,50300.0,2638900.0,22.0,44.2,53.0,3061700.0,52.0,50400.0,1545055459.0,1545055459.0,0.0,0.0,0.0,,0.0,0.0,0.0
2024-09-17,53.0,0.0,0.0,54.0,52.0,52.0,-1.0,867500.0,46001000.0,2893.0,43.3,53.0,2917500.0,52.0,92000.0,1545055459.0,1545055459.0,0.0,25000.0,0.0,,0.0,0.0,0.0
2024-09-18,52.0,0.0,0.0,53.0,51.0,53.0,1.0,480500.0,25343500.0,28.0,44.2,53.0,2622400.0,52.0,31300.0,1545055459.0,1545055459.0,0.0,0.0,0.0,,0.0,0.0,0.0
2024-09-19,53.0,0.0,0.0,53.0,52.0,53.0,0.0,1295800.0,68103800.0,314.0,44.2,53.0,2062400.0,52.0,160000.0,1545055459.0,1545055459.0,0.0,0.0,0.0,,0.0,0.0,0.0
2024-09-20,53.0,0.0,0.0,53.0,52.0,53.0,0.0,241500.0,12796500.0,28.0,44.2,53.0,1925000.0,52.0,321000.0,1545055459.0,1545055459.0,0.0,0.0,0.0,,0.0,0.0,0.0
2024-09-23,53.0,0.0,0.0,54.0,53.0,53.0,0.0,382900.0,20502900.0,43.0,44.2,54.0,1524600.0,53.0,111600.0,1545055459.0,1545055459.0,0.0,0.0,0.0,,0.0,0.0,0.0
2024-09-24,53.0,0.0,0.0,54.0,53.0,53.0,0.0,29700.0,1586200.0,24.0,44.2,54.0,1624300.0,53.0,181100.0,1545055459.0,1545055459.0,0.0,0.0,0.0,,0.0,0.0,0.0
2024-09-25,53.0,0.0,0.0,54.0,52.0,53.0,0.0,1073200.0,56886800.0,399.0,44.2,53.0,250500.0,52.0,367400.0,1545055459.0,1545055459.0,0.0,0.0,0.0,,0.0,0.0,0.0
2024-09-26,53.0,0.0,0.0,54.0,52.0,53.0,0.0,993700.0,52695400.0,3878.0,44.2,54.0,1737100.0,53.0,400.0,1545055459.0,1545055459.0,0.0,0.0,0.0,,0.0,0.0,0.0
2024-09-27,53.0,0.0,0.0,54.0,52.0,53.0,0.0,456100.0,24161100.0,3161.0,44.2,53.0,181300.0,52.0,649800.0,1545055459.0,1545055459.0,0.0,0.0,0.0,,0.0,0.0,0.0
2024-09-30,53.0,0.0,0.0,54.0,50.0,53.0,0.0,1729500.0,89580900.0,2557.0,44.2,53.0,138500.0,52.0,500.0,1545055959.0,1545055959.0,0.0,0.0,10000.0,,0.0,0.0,0.0
2024-10-01,53.0,0.0,0.0,54.0,51.0,53.0,0.0,256900.0,13460600.0,78.0,44.2,53.0,5137200.0,52.0,6200.0,1545055959.0,1545055959.0,0.0,0.0,0.0,,0.0,0.0,0.0
2024-10-02,53.0,0.0,0.0,54.0,51.0,51.0,-2.0,302400.0,15995300.0,38.0,42.5,52.0,14600.0,51.0,369000.0,1545055959.0,1545055959.0,0.0,100.0,0.0,,0.0,0.0,0.0
2024-10-03,51.0,0.0,0.0,53.0,48.0,52.0,1.0,1454000.0,75791400.0,62.0,43.3,52.0,15200.0,51.0,187900.0,1545055959.0,1545055959.0,0.0,0.0,0.0,,0.0,0.0,0.0
2024-10-04,52.0,0.0,0.0,53.0,50.0,52.0,0.0,536100.0,27426600.0,28.0,43.3,52.0,17200.0,51.0,100.0,1545055959.0,1545055959.0,0.0,0.0,0.0,,0.0,0.0,0.0
2024-10-07,52.0,0.0,0.0,53.0,51.0,52.0,0.0,19700.0,1022900.0,20.0,43.3,53.0,522300.0,52.0,16000.0,1545055959.0,1545055959.0,0.0,0.0,0.0,,0.0,0.0,0.0
2024-10-08,52.0,0.0,0.0,53.0,51.0,52.0,0.0,36200.0,1847200.0,21.0,43.3,52.0,12300.0,51.0,118700.0,1545055959.0,1545055959.0,0.0,0.0,0.0,,0.0,0.0,0.0
2024-10-09,52.0,0.0,0.0,52.0,51.0,52.0,0.0,71800.0,3684800.0,20.0,43.3,53.0,597900.0,51.0,247200.0,1545055959.0,1545055959.0,0.0,0.0,0.0,,0.0,0.0,0.0
2024-10-10,52.0,0.0,0.0,52.0,51.0,51.0,-1.0,148700.0,7585100.0,32.0,42.5,52.0,118600.0,51.0,98300.0,1545055959.0,1545055959.0,0.0,0.0,0.0,,0.0,0.0,0.0
2024-10-11,51.0,0.0,0.0,53.0,51.0,53.0,2.0,420700.0,21634300.0,49.0,44.2,53.0,1207600.0,52.0,30000.0,1545055959.0,1545055959.0,0.0,0.0,0.0,,0.0,0.0,0.0
2024-10-14,53.0,0.0,0.0,53.0,50.0,53.0,0.0,223100.0,11410200.0,36.0,44.2,53.0,1212900.0,52.0,1200.0,1545055959.0,1545055959.0,0.0,0.0,0.0,,0.0,0.0,0.0
2024-10-15,53.0,0.0,0.0,55.0,51.0,53.0,0.0,24500.0,1264000.0,16.0,44.2,53.0,686700.0,52.0,2500.0,1545055959.0,1545055959.0,0.0,0.0,0.0,,0.0,0.0,0.0
2024-10-16,53.0,0.0,0.0,53.0,51.0,52.0,-1.0,70800.0,3681800.0,58.0,43.3,53.0,1197300.0,52.0,200.0,1545055959.0,1545055959.0,0.0,0.0,0.0,,0.0,0.0,0.0
2024-10-17,52.0,0.0,0.0,53.0,51.0,52.0,0.0,145300.0,7539200.0,40.0,43.3,52.0,43200.0,51.0,531500.0,1545055959.0,1545055959.0,0.0,0.0,0.0,,0.0,0.0,0.0
2024-10-18,52.0,0.0,0.0,52.0,51.0,52.0,0.0,201700.0,10297000.0,17.0,43.3,52.0,553400.0,51.0,372200.0,1545055959.0,1545055959.0,0.0,0.0,0.0,,0.0,0.0,0.0
2024-10-21,52.0,0.0,0.0,52.0,51.0,52.0,0.0,582000.0,29686700.0,59.0,43.3,52.0,43200.0,51.0,27000.0,1545055959.0,1545055959.0,0.0,0.0,100.0,,0.0,0.0,0.0
2024-10-22,52.0,0.0,0.0,52.0,51.0,52.0,0.0,412500.0,21103400.0,41.0,43.3,53.0,1596400.0,52.0,95800.0,1545055959.0,1545055959.0,0.0,0.0,0.0,,0.0,0.0,0.0
2024-10-23,52.0,0.0,0.0,53.0,51.0,53.0,1.0,419900.0,21458500.0,39.0,44.2,53.0,1070000.0,52.0,6000.0,1545055959.0,1545055959.0,0.0,0.0,0.0,,0.0,0.0,0.0
2024-10-24,53.0,0.0,0.0,53.0,51.0,53.0,0.0,389300.0,20032800.0,46.0,44.2,53.0,2964100.0,51.0,88600.0,1545055959.0,1545055959.0,0.0,0.0,0.0,,0.0,0.0,0.0
2024-10-25,53.0,0.0,0.0,53.0,51.0,53.0,0.0,50800.0,2668600.0,32.0,44.2,53.0,2987400.0,51.0,302100.0,1545055959.0,1545055959.0,0.0,100.0,0.0,,0.0,0.0,0.0
2024-10-28,53.0,0.0,0.0,53.0,52.0,53.0,0.0,3000.0,157200.0,10.0,44.2,53.0,1018300.0,52.0,2300.0,1545055959.0,1545055959.0,0.0,0.0,0.0,,0.0,0.0,0.0
2024-10-29,53.0,0.0,0.0,53.0,51.0,53.0,0.0,101500.0,5205300.0,32.0,44.2,53.0,3018100.0,52.0,100.0,1545055959.0,1545055959.0,0.0,0.0,0.0,,0.0,0.0,0.0
2024-10-30,53.0,0.0,0.0,53.0,50.0,52.0,-1.0,1285100.0,64833700.0,69.0,43.3,52.0,1212800.0,51.0,30400.0,1545055959.0,1545055959.0,0.0,0.0,100.0,,0.0,0.0,0.0
2024-10-31,52.0,0.0,0.0,52.0,50.0,51.0,-1.0,40200.0,2063100.0,14.0,42.5,52.0,599800.0,51.0,39300.0,1545055959.0,1545055959.0,0.0,0.0,0.0,,0.0,0.0,0.0
2024-11-01,51.0,0.0,0.0,53.0,50.0,51.0,0.0,28300.0,1445700.0,26.0,42.5,52.0,856800.0,51.0,161300.0,1545055959.0,1545055959.0,0.0,0.0,0.0,,0.0,0.0,0.0
2024-11-04,51.0,0.0,0.0,52.0,51.0,52.0,1.0,13000.0,669200.0,15.0,43.3,52.0,576800.0,51.0,23400.0,1545059359.0,1545059359.0,0.0,0.0,0.0,,0.0,0.0,0.0
2024-11-05,52.0,0.0,0.0,52.0,50.0,52.0,0.0,246200.0,12349900.0,21.0,43.3,52.0,587100.0,51.0,5100.0,1545059359.0,1545059359.0,0.0,0.0,0.0,,0.0,0.0,0.0
2024-11-06,52.0,0.0,0.0,52.0,50.0,50.0,-2.0,95800.0,4799300.0,15.0,41.7,51.0,34700.0,50.0,241000.0,1545059359.0,1545059359.0,0.0,0.0,0.0,,0.0,0.0,0.0
2024-11-07,50.0,0.0,0.0,52.0,49.0,52.0,2.0,80300.0,4061600.0,30.0,43.3,52.0,712400.0,51.0,12600.0,1545059359.0,1545059359.0,0.0,0.0,0.0,,0.0,0.0,0.0
2024-11-08,52.0,0.0,0.0,52.0,50.0,51.0,-1.0,399400.0,20334100.0,45.0,42.5,52.0,600500.0,51.0,62500.0,1545059359.0,1545059359.0,0.0,0.0,0.0,,0.0,0.0,0.0
2024-11-11,51.0,0.0,0.0,52.0,49.0,50.0,-1.0,187700.0,9287300.0,31.0,41.7,51.0,89900.0,50.0,22500.0,1545059359.0,1545059359.0,0.0,0.0,0.0,,0.0,0.0,0.0
2024-11-12,50.0,0.0,0.0,51.0,49.0,51.0,1.0,157600.0,7880200.0,31.0,42.5,51.0,15500.0,50.0,5500.0,1545059359.0,1545059359.0,0.0,0.0,0.0,,0.0,0.0,0.0
2024-11-13,51.0,0.0,0.0,51.0,49.0,50.0,-1.0,36600.0,1839400.0,27.0,41.7,51.0,38900.0,50.0,12800.0,1545059359.0,1545059359.0,0.0,0.0,0.0,,0.0,0.0,0.0
2024-11-14,50.0,0.0,0.0,51.0,49.0,51.0,1.0,116400.0,5827900.0,30.0,42.5,51.0,339400.0,50.0,95200.0,1545059359.0,1545059359.0,0.0,0.0,0.0,,0.0,0.0,0.0
2024-11-15,51.0,0.0,0.0,51.0,50.0,51.0,0.0,45100.0,2255400.0,12.0,42.5,51.0,98700.0,50.0,100.0,1545059359.0,1545059359.0,0.0,0.0,0.0,,0.0,0.0,0.0
2024-11-18,51.0,0.0,0.0,51.0,49.0,50.0,-1.0,383300.0,18993500.0,36.0,41.7,51.0,99400.0,49.0,170000.0,1545059359.0,1545059359.0,0.0,0.0,0.0,,0.0,0.0,0.0
2024-11-19,50.0,0.0,0.0,51.0,49.0,51.0,1.0,316600.0,15824900.0,34.0,42.5,51.0,109700.0,50.0,23900.0,1545059359.0,1545059359.0,0.0,0.0,0.0,,0.0,0.0,0.0
2024-11-20,51.0,0.0,0.0,51.0,50.0,50.0,-1.0,12100.0,608900.0,7.0,41.7,51.0,178200.0,50.0,55800.0,1545059359.0,1545059359.0,0.0,0.0,0.0,,0.0,0.0,0.0
2024-11-21,50.0,0.0,0.0,51.0,50.0,51.0,1.0,228300.0,11496300.0,27.0,42.5,51.0,3000.0,50.0,115500.0,1545059359.0,1545059359.0,0.0,0.0,0.0,,0.0,0.0,0.0
2024-11-22,51.0,0.0,0.0,52.0,50.0,51.0,0.0,553300.0,27717100.0,41.0,42.5,51.0,6000.0,50.0,264100.0,1545059459.0,1545059459.0,0.0,0.0,2000.0,,0.0,0.0,0.0
2024-11-25,51.0,0.0,0.0,52.0,49.0,51.0,0.0,1893300.0,94667500.0,59.0,42.5,51.0,1005600.0,49.0,1087900.0,1545059459.0,1545059459.0,0.0,0.0,0.0,,0.0,0.0,0.0
2024-11-26,51.0,0.0,0.0,52.0,50.0,50.0,-1.0,766800.0,38366000.0,37.0,41.7,50.0,2866900.0,49.0,960200.0,1545059509.0,1545059509.0,0.0,0.0,0.0,,0.0,0.0,0.0
2024-11-28,50.0,0.0,0.0,51.0,49.0,50.0,0.0,95000.0,4720300.0,15.0,41.7,50.0,900.0,49.0,223200.0,1545059509.0,1545059509.0,0.0,0.0,0.0,,0.0,0.0,0.0
2024-11-29,50.0,0.0,0.0,50.0,49.0,49.0,-1.0,38000.0,1879600.0,18.0,40.8,50.0,240500.0,49.0,298600.0,1545059559.0,1545059559.0,0.0,0.0,0.0,,0.0,0.0,0.0
2024-12-02,49.0,0.0,0.0,50.0,49.0,50.0,1.0,175000.0,8581100.0,17.0,41.7,50.0,283100.0,49.0,69800.0,1545059559.0,1545059559.0,0.0,0.0,0.0,,0.0,0.0,0.0
2024-12-03,50.0,0.0,0.0,50.0,49.0,50.0,0.0,23500.0,1162300.0,12.0,41.7,50.0,162700.0,49.0,100700.0,1545059559.0,1545059559.0,0.0,0.0,0.0,,0.0,0.0,0.0
2024-12-04,50.0,0.0,0.0,50.0,49.0,49.0,-1.0,22100.0,1085800.0,10.0,40.8,50.0,162000.0,49.0,102400.0,1545059559.0,1545059559.0,0.0,0.0,0.0,,0.0,0.0,0.0
2024-12-05,49.0,0.0,0.0,50.0,49.0,50.0,1.0,1800.0,88800.0,4.0,41.7,50.0,3336700.0,49.0,6000.0,1545059559.0,1545059559.0,0.0,0.0,0.0,,0.0,0.0,0.0
2024-12-06,50.0,0.0,0.0,53.0,46.0,46.0,-4.0,1065500.0,52089800.0,792.0,38.3,50.0,2736400.0,46.0,77500.0,1545059559.0,1545059559.0,0.0,0.0,0.0,,0.0,0.0,0.0
2024-12-09,46.0,0.0,0.0,50.0,48.0,50.0,4.0,1201800.0,59584100.0,123.0,41.7,0.0,0.0,50.0,600.0,1545059609.0,1545059609.0,0.0,0.0,0.0,,4108100.0,188972600.0,1.0
2024-12-10,50.0,0.0,0.0,51.0,49.0,50.0,0.0,257000.0,12774500.0,41.0,41.7,50.0,29800.0,49.0,61300.0,1545059759.0,1545059759.0,0.0,0.0,0.0,,0.0,0.0,0.0
2024-12-11,50.0,0.0,0.0,50.0,48.0,50.0,0.0,918300.0,44952400.0,37.0,41.7,50.0,1381700.0,49.0,5100.0,1545060409.0,1545060409.0,0.0,0.0,0.0,,0.0,0.0,0.0
2024-12-12,50.0,0.0,0.0,53.0,49.0,50.0,0.0,269500.0,13759400.0,44.0,41.7,51.0,18200.0,49.0,232300.0,1545060460.0,1545060460.0,0.0,10000.0,0.0,,0.0,0.0,0.0
2024-12-13,50.0,0.0,0.0,50.0,49.0,49.0,-1.0,204100.0,10132500.0,20.0,40.8,50.0,1221100.0,49.0,1756700.0,1545060460.0,1545060460.0,0.0,0.0,0.0,,0.0,0.0,0.0
2024-12-16,49.0,0.0,0.0,50.0,49.0,49.0,0.0,306000.0,15003100.0,26.0,40.8,50.0,360900.0,49.0,11600.0,1545060510.0,1545060510.0,0.0,0.0,0.0,,0.0,0.0,0.0
2024-12-17,49.0,0.0,0.0,50.0,47.0,49.0,0.0,261200.0,12535400.0,27.0,40.8,50.0,1504200.0,48.0,1500.0,1545060510.0,1545060510.0,0.0,0.0,0.0,,0.0,0.0,0.0
2024-12-18,49.0,0.0,0.0,50.0,46.0,48.0,-1.0,678100.0,31369500.0,26.0,40.0,48.0,11400.0,47.0,44700.0,1545060560.0,1545060560.0,0.0,0.0,0.0,,0.0,0.0,0.0
2024-12-19,48.0,0.0,0.0,50.0,44.0,48.0,0.0,2390000.0,108566900.0,85.0,40.0,48.0,10600.0,46.0,205100.0,1545060560.0,1545060560.0,0.0,0.0,0.0,,0.0,0.0,0.0
2024-12-20,48.0,0.0,0.0,51.0,48.0,48.0,0.0,1914800.0,94995600.0,56.0,40.0,50.0,754000.0,48.0,539700.0,1545060560.0,1545060560.0,0.0,0.0,0.0,,0.0,0.0,0.0
2024-12-23,48.0,0.0,0.0,50.0,48.0,49.0,1.0,247500.0,12152900.0,34.0,40.8,50.0,685200.0,49.0,600.0,1545060560.0,1545060560.0,0.0,0.0,0.0,,0.0,0.0,0.0
2024-12-24,49.0,0.0,0.0,49.0,49.0,49.0,0.0,581400.0,28488600.0,19.0,40.8,49.0,100.0,48.0,530700.0,1545060960.0,1545060960.0,0.0,0.0,0.0,,0.0,0.0,0.0
2024-12-27,49.0,0.0,0.0,50.0,48.0,48.0,-1.0,17300.0,839300.0,14.0,40.0,49.0,146300.0,48.0,16900.0,1545060960.0,1545060960.0,0.0,0.0,0.0,,0.0,0.0,0.0
2024-12-30,48.0,0.0,0.0,49.0,48.0,49.0,1.0,20300.0,976900.0,23.0,40.8,49.0,146800.0,48.0,14000.0,1545060960.0,1545060960.0,0.0,0.0,100.0,,0.0,0.0,0.0
2025-01-02,49.0,0.0,0.0,49.0,46.0,48.0,-1.0,179700.0,8480800.0,36.0,40.0,48.0,9700.0,47.0,25300.0,1545060960.0,1545060960.0,0.0,0.0,0.0,,0.0,0.0,0.0
2025-01-03,48.0,0.0,0.0,52.0,48.0,52.0,4.0,1617900.0,81565700.0,100.0,43.3,52.0,545700.0,50.0,362400.0,1545061010.0,1545061010.0,0.0,0.0,0.0,,0.0,0.0,0.0
2025-01-06,52.0,0.0,0.0,53.0,50.0,51.0,-1.0,460000.0,23550000.0,73.0,42.5,51.0,12200.0,50.0,1264200.0,1545061010.0,1545061010.0,0.0,0.0,0.0,,0.0,0.0,0.0
2025-01-07,51.0,0.0,0.0,52.0,50.0,50.0,-1.0,905600.0,45320600.0,31.0,41.7,51.0,648800.0,50.0,31600.0,1545061010.0,1545061010.0,0.0,0.0,0.0,,0.0,0.0,0.0
2025-01-08,50.0,0.0,0.0,55.0,50.0,55.0,5.0,3656000.0,199128400.0,235.0,45.8,0.0,0.0,55.0,228300.0,1545061010.0,1545061010.0,0.0,0.0,0.0,,0.0,0.0,0.0
2025-01-09,55.0,0.0,0.0,60.0,55.0,60.0,5.0,6963200.0,411977900.0,326.0,50.0,0.0,0.0,60.0,3062100.0,1545061760.0,1545061760.0,0.0,0.0,0.0,,0.0,0.0,0.0
2025-01-10,60.0,0.0,0.0,66.0,66.0,66.0,6.0,1499000.0,98934000.0,99.0,55.0,0.0,0.0,66.0,10478600.0,1545061760.0,1545061760.0,0.0,0.0,0.0,,0.0,0.0,0.0
2025-01-13,66.0,0.0,0.0,72.0,72.0,72.0,6.0,926000.0,66672000.0,80.0,60.0,0.0,0.0,72.0,7863600.0,1545061760.0,1545061760.0,0.0,0.0,0.0,,0.0,0.0,0.0
2025-01-14,72.0,0.0,0.0,79.0,78.0,79.0,7.0,7712400.0,609200000.0,226.0,65.8,0.0,0.0,79.0,8212300.0,1545061760.0,1545061760.0,0.0,0.0,0.0,,0.0,0.0,0.0
2025-01-15,79.0,0.0,0.0,86.0,86.0,86.0,7.0,1209300.0,103999800.0,98.0,71.7,0.0,0.0,86.0,15560700.0,1545061760.0,1545061760.0,0.0,0.0,0.0,,0.0,0.0,0.0
2025-01-16,86.0,0.0,0.0,94.0,94.0,94.0,8.0,4383300.0,412030200.0,113.0,78.3,0.0,0.0,94.0,11328000.0,1545061918.0,1545061918.0,0.0,0.0,0.0,,0.0,0.0,0.0
2025-01-17,94.0,0.0,0.0,103.0,85.0,85.0,-9.0,31660800.0,3011625700.0,1922.0,70.8,85.0,1038200.0,0.0,0.0,1545061968.0,1545061968.0,0.0,50000.0,5000.0,,0.0,0.0,0.0
2025-01-20,85.0,0.0,0.0,77.0,77.0,77.0,-8.0,1538600.0,118472200.0,278.0,64.2,77.0,2329500.0,0.0,0.0,1545062018.0,1545062018.0,0.0,0.0,0.0,,0.0,0.0,0.0
2025-01-21,77.0,0.0,0.0,77.0,70.0,70.0,-7.0,4527000.0,319247700.0,628.0,58.3,70.0,4636500.0,0.0,0.0,1545062168.0,1545062168.0,0.0,0.0,300.0,,0.0,0.0,0.0
2025-01-22,70.0,0.0,0.0,77.0,63.0,77.0,7.0,11818100.0,870432900.0,828.0,64.2,0.0,0.0,77.0,603800.0,1545062168.0,1545062168.0,0.0,300.0,0.0,,0.0,0.0,0.0
2025-01-23,77.0,0.0,0.0,82.0,70.0,70.0,-7.0,5271100.0,383099300.0,905.0,58.3,70.0,176500.0,0.0,0.0,1545062218.0,1545062218.0,0.0,0.0,800.0,,0.0,0.0,0.0
2025-01-24,70.0,0.0,0.0,71.0,63.0,70.0,0.0,1475400.0,100635800.0,413.0,58.3,70.0,43500.0,69.0,306800.0,1545062218.0,1545062218.0,0.0,0.0,0.0,,0.0,0.0,0.0
2025-01-30,70.0,0.0,0.0,77.0,63.0,76.0,6.0,4496800.0,310708600.0,655.0,63.3,76.0,76000.0,74.0,106300.0,1545062218.0,1545062218.0,0.0,0.0,0.0,,0.0,0.0,0.0
2025-01-31,76.0,0.0,0.0,83.0,69.0,73.0,-3.0,3610900.0,287513900.0,441.0,60.8,75.0,3600.0,73.0,26100.0,1545062218.0,1545062218.0,0.0,800.0,0.0,,0.0,0.0,0.0
2025-02-03,73.0,0.0,0.0,79.0,73.0,76.0,3.0,1617800.0,122714100.0,180.0,63.3,76.0,25000.0,75.0,690400.0,1545062218.0,1545062218.0,0.0,0.0,0.0,,0.0,0.0,0.0
2025-02-04,76.0,0.0,0.0,83.0,77.0,83.0,7.0,2038600.0,169050900.0,129.0,69.2,0.0,0.0,83.0,1883100.0,1545062218.0,1545062218.0,0.0,10000.0,0.0,,0.0,0.0,0.0
2025-02-05,83.0,0.0,0.0,91.0,81.0,91.0,8.0,7165800.0,647143900.0,562.0,75.8,0.0,0.0,91.0,772300.0,1545062218.0,1545062218.0,0.0,0.0,0.0,,0.0,0.0,0.0
2025-02-06,91.0,0.0,0.0,100.0,86.0,100.0,9.0,7329200.0,730069100.0,421.0,83.3,0.0,0.0,100.0,763400.0,1545062218.0,1545062218.0,0.0,0.0,0.0,,0.0,0.0,0.0
2025-02-07,100.0,0.0,0.0,0.0,0.0,100.0,0.0,0.0,0.0,0.0,83.3,0.0,0.0,0.0,0.0,1545062268.0,1545062268.0,0.0,0.0,0.0,,0.0,0.0,0.0
2025-02-10,100.0,0.0,0.0,106.0,91.0,94.0,-6.0,2068300.0,198985900.0,372.0,78.3,94.0,30200.0,93.0,53800.0,1545062568.0,1545062568.0,0.0,5000.0,0.0,,0.0,0.0,0.0
2025-02-11,94.0,0.0,0.0,97.0,85.0,85.0,-9.0,1412100.0,123786900.0,318.0,70.8,85.0,888900.0,0.0,0.0,1545062568.0,1545062568.0,0.0,0.0,0.0,,0.0,0.0,0.0
2025-02-12,85.0,0.0,0.0,93.0,77.0,78.0,-7.0,2675200.0,214169100.0,452.0,65.0,79.0,32900.0,78.0,134000.0,1545062568.0,1545062568.0,0.0,0.0,0.0,,0.0,0.0,0.0
2025-02-13,78.0,0.0,0.0,85.0,72.0,85.0,7.0,689000.0,58163900.0,51.0,70.8,0.0,0.0,85.0,2121100.0,1545062568.0,1545062568.0,0.0,0.0,0.0,,0.0,0.0,0.0
2025-02-14,85.0,0.0,0.0,93.0,89.0,93.0,8.0,9840100.0,912733700.0,460.0,77.5,0.0,0.0,93.0,744700.0,1545062568.0,1545062568.0,0.0,0.0,0.0,,0.0,0.0,0.0
2025-02-17,93.0,0.0,0.0,98.0,85.0,92.0,-1.0,1331200.0,121575300.0,221.0,76.7,93.0,207600.0,92.0,100.0,1545062568.0,1545062568.0,0.0,0.0,0.0,,0.0,0.0,0.0
2025-02-18,92.0,0.0,0.0,93.0,83.0,86.0,-6.0,3694100.0,311745400.0,445.0,71.7,86.0,4200.0,85.0,41300.0,1545062618.0,1545062618.0,0.0,0.0,0.0,,0.0,0.0,0.0
2025-02-19,86.0,0.0,0.0,92.0,79.0,85.0,-1.0,4259200.0,355056900.0,601.0,70.8,85.0,192500.0,84.0,1900.0,1545062618.0,1545062618.0,0.0,100.0,100.0,,0.0,0.0,0.0
2025-02-20,85.0,0.0,0.0,90.0,77.0,77.0,-8.0,4497200.0,355337700.0,490.0,64.2,77.0,9500.0,0.0,0.0,1545063218.0,1545063218.0,0.0,0.0,0.0,,0.0,0.0,0.0
2025-02-21,77.0,0.0,0.0,82.0,71.0,75.0,-2.0,1987900.0,151408000.0,371.0,62.5,76.0,31500.0,75.0,62200.0,1545063268.0,1545063268.0,0.0,0.0,0.0,,0.0,0.0,0.0
2025-02-24,75.0,0.0,0.0,76.0,68.0,68.0,-7.0,4541100.0,314870100.0,496.0,56.7,70.0,84000.0,68.0,341400.0,1545063268.0,1545063268.0,0.0,0.0,0.0,,0.0,0.0,0.0
2025-02-25,68.0,0.0,0.0,70.0,63.0,65.0,-3.0,2540800.0,166887400.0,318.0,54.2,65.0,439400.0,64.0,65000.0,1545063268.0,1545063268.0,0.0,0.0,0.0,,0.0,0.0,0.0
2025-02-26,65.0,0.0,0.0,65.0,59.0,59.0,-6.0,5697100.0,341008200.0,472.0,49.2,59.0,565800.0,0.0,0.0,1545063268.0,1545063268.0,0.0,0.0,0.0,,0.0,0.0,0.0
2025-02-27,59.0,0.0,0.0,58.0,54.0,54.0,-5.0,4633100.0,252508000.0,312.0,45.0,54.0,827800.0,0.0,0.0,1545063268.0,1545063268.0,0.0,0.0,0.0,,0.0,0.0,0.0
2025-02-28,54.0,0.0,0.0,57.0,49.0,53.0,-1.0,3981200.0,211543500.0,267.0,44.2,54.0,95000.0,53.0,14400.0,1545063268.0,1545063268.0,0.0,0.0,0.0,,0.0,0.0,0.0
2025-03-03,53.0,0.0,0.0,57.0,49.0,51.0,-2.0,6202000.0,315702300.0,524.0,42.5,51.0,104700.0,50.0,255400.0,1545063268.0,1545063268.0,0.0,0.0,0.0,,0.0,0.0,0.0
2025-03-04,51.0,0.0,0.0,54.0,49.0,51.0,0.0,3128700.0,160344100.0,253.0,42.5,51.0,94100.0,50.0,205000.0,1545063318.0,1545063318.0,0.0,0.0,0.0,,0.0,0.0,0.0
2025-03-05,51.0,0.0,0.0,56.0,50.0,51.0,0.0,1462300.0,74312000.0,171.0,42.5,52.0,338900.0,51.0,10100.0,1545063368.0,1545063368.0,0.0,0.0,0.0,,0.0,0.0,0.0
2025-03-06,51.0,0.0,0.0,56.0,51.0,56.0,5.0,2855600.0,154556800.0,234.0,46.7,0.0,0.0,56.0,3556000.0,1545063368.0,1545063368.0,0.0,0.0,0.0,,0.0,0.0,0.0
2025-03-07,56.0,0.0,0.0,61.0,53.0,53.0,-3.0,2305200.0,131314300.0,325.0,44.2,53.0,41600.0,52.0,182000.0,1545063368.0,1545063368.0,0.0,0.0,0.0,,0.0,0.0,0.0
2025-03-10,53.0,0.0,0.0,58.0,52.0,53.0,0.0,1163400.0,62342100.0,305.0,44.2,53.0,34700.0,51.0,865800.0,1545063368.0,1545063368.0,0.0,0.0,0.0,,0.0,0.0,0.0
2025-03-11,53.0,0.0,0.0,58.0,51.0,52.0,-1.0,632900.0,33049000.0,125.0,43.3,52.0,7100.0,51.0,180800.0,1545063368.0,1545063368.0,0.0,0.0,0.0,,0.0,0.0,0.0
2025-03-12,52.0,0.0,0.0,57.0,53.0,57.0,5.0,3587200.0,199746300.0,356.0,47.5,0.0,0.0,57.0,560100.0,1545063368.0,1545063368.0,0.0,0.0,0.0,,0.0,0.0,0.0
2025-03-13,57.0,0.0,0.0,62.0,57.0,62.0,5.0,2762300.0,170052100.0,457.0,51.7,62.0,747700.0,61.0,1500.0,1545063368.0,1545063368.0,0.0,0.0,0.0,,0.0,0.0,0.0
2025-03-14,62.0,0.0,0.0,68.0,58.0,68.0,6.0,81872000.0,5560867700.0,498.0,56.7,0.0,0.0,68.0,39448400.0,1545063368.0,1545063368.0,0.0,0.0,0.0,,1089385900.0,130426308000.0,4.0
2025-03-17,68.0,0.0,0.0,74.0,68.0,74.0,6.0,139541700.0,10273017800.0,1358.0,61.7,74.0,955900.0,73.0,5000400.0,1545063368.0,1545063368.0,0.0,0.0,0.0,,0.0,0.0,0.0
2025-03-18,74.0,0.0,0.0,67.0,67.0,67.0,-7.0,4761500.0,319020500.0,156.0,55.8,67.0,23288800.0,0.0,0.0,1545063368.0,1545063368.0,0.0,0.0,0.0,,0.0,0.0,0.0
2025-03-19,67.0,0.0,0.0,61.0,61.0,61.0,-6.0,523100.0,31909100.0,139.0,50.8,61.0,22816000.0,0.0,0.0,1545063368.0,1545063368.0,0.0,0.0,0.0,,0.0,0.0,0.0
2025-03-20,61.0,0.0,0.0,64.0,55.0,57.0,-4.0,59069600.0,3300230500.0,1656.0,47.5,57.0,406700.0,56.0,601700.0,1545063368.0,1545063368.0,0.0,0.0,24800.0,,0.0,0.0,0.0
2025-03-21,57.0,0.0,0.0,59.0,53.0,54.0,-3.0,8153500.0,444268800.0,392.0,45.0,54.0,39700.0,53.0,2850900.0,1545063368.0,1545063368.0,0.0,24800.0,1300.0,,2000000.0,148000000.0,1.0
2025-03-24,54.0,0.0,0.0,54.0,49.0,49.0,-5.0,20215700.0,998919100.0,527.0,40.8,49.0,4279000.0,0.0,0.0,1545063368.0,1545063368.0,0.0,1300.0,0.0,,0.0,0.0,0.0
2025-03-25,49.0,0.0,0.0,49.0,45.0,47.0,-2.0,15400100.0,708194200.0,604.0,39.2,47.0,2500.0,46.0,135200.0,1545063368.0,1545063368.0,0.0,0.0,30800.0,,0.0,0.0,0.0
2025-03-26,47.0,0.0,0.0,49.0,43.0,47.0,0.0,14963300.0,676313500.0,444.0,39.2,47.0,192600.0,44.0,65400.0,1545063368.0,1545063368.0,0.0,7400.0,13000.0,,0.0,0.0,0.0
2025-03-27,47.0,0.0,0.0,47.0,44.0,47.0,0.0,3053300.0,140188700.0,202.0,39.2,47.0,462800.0,46.0,422100.0,1545063368.0,1545063368.0,0.0,31700.0,0.0,,0.0,0.0,0.0
2025-04-08,47.0,0.0,0.0,46.0,43.0,43.0,-4.0,9809100.0,424978600.0,256.0,35.8,45.0,109800.0,43.0,2900.0,1545063368.0,1545063368.0,0.0,4700.0,0.0,,0.0,0.0,0.0
2025-04-09,43.0,0.0,0.0,46.0,42.0,44.0,1.0,2462700.0,107532600.0,170.0,36.7,44.0,1432300.0,43.0,963100.0,1545063368.0,1545063368.0,0.0,0.0,39300.0,,0.0,0.0,0.0
2025-04-10,44.0,0.0,0.0,47.0,43.0,46.0,2.0,4749700.0,216176200.0,160.0,38.3,46.0,603900.0,45.0,121200.0,1545065218.0,1545065218.0,0.0,39300.0,10000.0,,0.0,0.0,0.0
2025-04-11,46.0,0.0,0.0,48.0,42.0,46.0,0.0,4478200.0,196076800.0,225.0,38.3,46.0,408000.0,44.0,434400.0,1545076568.0,1545076568.0,0.0,0.0,0.0,,0.0,0.0,0.0
2025-04-14,46.0,0.0,0.0,46.0,43.0,45.0,-1.0,1707300.0,75348900.0,607.0,37.5,46.0,165200.0,44.0,457800.0,1545076618.0,1545076618.0,0.0,0.0,0.0,,0.0,0.0,0.0
2025-04-15,45.0,0.0,0.0,49.0,45.0,46.0,1.0,5926100.0,281347900.0,520.0,38.3,47.0,42900.0,46.0,91900.0,1545076618.0,1545076618.0,0.0,0.0,0.0,,0.0,0.0,0.0
2025-04-16,46.0,0.0,0.0,47.0,44.0,45.0,-1.0,2834900.0,128767200.0,197.0,37.5,46.0,22500.0,45.0,21000.0,1545076668.0,1545076668.0,0.0,0.0,0.0,,0.0,0.0,0.0
2025-04-17,45.0,0.0,0.0,48.0,45.0,45.0,0.0,3640900.0,165995200.0,294.0,37.5,46.0,83600.0,45.0,122300.0,1545076718.0,1545076718.0,0.0,0.0,0.0,,0.0,0.0,0.0
2025-04-21,45.0,0.0,0.0,46.0,44.0,45.0,0.0,1518000.0,67479200.0,236.0,37.5,45.0,1953000.0,44.0,1630000.0,1545076718.0,1545076718.0,0.0,0.0,0.0,,0.0,0.0,0.0
2025-04-22,45.0,0.0,0.0,46.0,44.0,46.0,1.0,1214800.0,54774700.0,117.0,38.3,46.0,313400.0,45.0,296600.0,1545076718.0,1545076718.0,0.0,0.0,0.0,,0.0,0.0,0.0
2025-04-23,46.0,0.0,0.0,47.0,44.0,46.0,0.0,5570100.0,252168000.0,460.0,38.3,46.0,348300.0,45.0,374800.0,1545076718.0,1545076718.0,0.0,0.0,30000.0,,0.0,0.0,0.0
2025-04-24,46.0,0.0,0.0,47.0,44.0,45.0,-1.0,2495400.0,112504000.0,175.0,37.5,46.0,185000.0,45.0,340100.0,1545076718.0,1545076718.0,0.0,0.0,6000.0,,0.0,0.0,0.0
2025-04-25,45.0,0.0,0.0,46.0,44.0,45.0,0.0,1027500.0,45949900.0,89.0,37.5,45.0,100.0,44.0,2370000.0,1545076718.0,1545076718.0,0.0,0.0,0.0,,0.0,0.0,0.0
2025-04-28,45.0,0.0,0.0,45.0,44.0,44.0,-1.0,1756200.0,77766700.0,100.0,36.7,45.0,218900.0,44.0,1155900.0,1545076718.0,1545076718.0,0.0,0.0,0.0,,0.0,0.0,0.0
2025-04-29,44.0,0.0,0.0,46.0,44.0,45.0,1.0,1206200.0,53407600.0,155.0,37.5,45.0,270200.0,44.0,452100.0,1545076718.0,1545076718.0,0.0,0.0,0.0,,0.0,0.0,0.0
2025-04-30,45.0,0.0,0.0,46.0,44.0,45.0,0.0,1881700.0,84054500.0,188.0,37.5,45.0,52900.0,44.0,614400.0,1545076718.0,1545076718.0,0.0,0.0,0.0,,0.0,0.0,0.0
2025-05-02,45.0,0.0,0.0,49.0,45.0,49.0,4.0,4001300.0,191854200.0,254.0,40.8,0.0,0.0,49.0,3066200.0,1545076718.0,1545076718.0,0.0,0.0,0.0,,0.0,0.0,0.0
2025-05-05,49.0,0.0,0.0,52.0,48.0,50.0,1.0,1922200.0,96691500.0,515.0,41.7,50.0,38800.0,48.0,274700.0,1545076718.0,1545076718.0,0.0,0.0,0.0,,0.0,0.0,0.0
2025-05-06,50.0,0.0,0.0,55.0,49.0,55.0,5.0,5601600.0,301943700.0,373.0,45.8,0.0,0.0,55.0,1575600.0,1545076768.0,1545076768.0,0.0,0.0,0.0,,0.0,0.0,0.0
2025-05-07,55.0,0.0,0.0,60.0,54.0,60.0,5.0,8137400.0,483554000.0,523.0,50.0,0.0,0.0,60.0,641900.0,1545076768.0,1545076768.0,0.0,0.0,0.0,,0.0,0.0,0.0
2025-05-08,60.0,0.0,0.0,62.0,55.0,56.0,-4.0,7350000.0,422787500.0,406.0,46.7,56.0,7600.0,55.0,944600.0,1545076768.0,1545076768.0,0.0,35000.0,0.0,,0.0,0.0,0.0
2025-05-09,56.0,0.0,0.0,56.0,51.0,53.0,-3.0,3192800.0,168533000.0,243.0,44.2,54.0,17000.0,53.0,1034200.0,1545076866.0,1545076866.0,0.0,0.0,10000.0,,0.0,0.0,0.0
2025-05-14,53.0,0.0,0.0,58.0,52.0,57.0,4.0,3515700.0,198597100.0,217.0,47.5,57.0,12000.0,56.0,332400.0,1545076966.0,1545076966.0,0.0,10000.0,0.0,,0.0,0.0,0.0
2025-05-15,57.0,0.0,0.0,58.0,54.0,55.0,-2.0,2204300.0,121090400.0,126.0,45.8,55.0,53900.0,54.0,531900.0,1545076966.0,1545076966.0,0.0,0.0,2100.0,,0.0,0.0,0.0
2025-05-16,55.0,0.0,0.0,55.0,53.0,54.0,-1.0,3417000.0,183669800.0,132.0,45.0,54.0,90800.0,53.0,1271200.0,1545076966.0,1545076966.0,0.0,0.0,0.0,,0.0,0.0,0.0
2025-05-19,54.0,0.0,0.0,57.0,53.0,57.0,3.0,2460100.0,135416300.0,159.0,47.5,57.0,375800.0,56.0,9500.0,1545076966.0,1545076966.0,0.0,0.0,100.0,,0.0,0.0,0.0
2025-05-20,57.0,0.0,0.0,59.0,53.0,55.0,-2.0,2915200.0,165584400.0,258.0,45.8,56.0,500.0,55.0,169500.0,1545076969.0,1545076969.0,0.0,0.0,0.0,,0.0,0.0,0.0
2025-05-21,55.0,0.0,0.0,58.0,53.0,56.0,1.0,3399100.0,190403700.0,544.0,46.7,56.0,1100300.0,55.0,251700.0,1545077020.0,1545077020.0,0.0,0.0,0.0,,0.0,0.0,0.0
2025-05-22,56.0,0.0,0.0,60.0,54.0,56.0,0.0,3825900.0,214026800.0,282.0,46.7,56.0,323800.0,55.0,291300.0,1545077020.0,1545077020.0,0.0,0.0,0.0,,0.0,0.0,0.0
2025-05-23,56.0,0.0,0.0,56.0,52.0,53.0,-3.0,2730300.0,145473700.0,358.0,44.2,54.0,818600.0,53.0,11000.0,1545077070.0,1545077070.0,0.0,0.0,10000.0,,0.0,0.0,0.0
2025-05-26,53.0,0.0,0.0,54.0,51.0,53.0,0.0,3022900.0,158304200.0,360.0,44.2,53.0,1482100.0,52.0,657500.0,1545077174.0,1545077174.0,0.0,0.0,0.0,,0.0,0.0,0.0
2025-05-27,53.0,0.0,0.0,56.0,52.0,53.0,0.0,2784100.0,149422100.0,237.0,44.2,54.0,638300.0,53.0,158300.0,1545077274.0,1545077274.0,0.0,0.0,0.0,,0.0,0.0,0.0
2025-05-28,53.0,0.0,0.0,55.0,52.0,53.0,0.0,1622400.0,86476800.0,98.0,44.2,53.0,112300.0,52.0,435600.0,1545077324.0,1545077324.0,0.0,0.0,0.0,,0.0,0.0,0.0
2025-06-02,53.0,0.0,0.0,55.0,52.0,53.0,0.0,1675700.0,89410300.0,237.0,44.2,54.0,624200.0,53.0,79900.0,1545077324.0,1545077324.0,0.0,0.0,0.0,,0.0,0.0,0.0
2025-06-03,53.0,0.0,0.0,54.0,52.0,52.0,-1.0,2239400.0,117233000.0,101.0,43.3,54.0,548300.0,52.0,1318600.0,1545077334.0,1545077334.0,0.0,0.0,0.0,,0.0,0.0,0.0
2025-06-04,52.0,0.0,0.0,54.0,50.0,53.0,1.0,2094400.0,106846500.0,111.0,44.2,53.0,205200.0,52.0,10300.0,1545077432.0,1545077432.0,0.0,0.0,0.0,,0.0,0.0,0.0
2025-06-05,53.0,0.0,0.0,53.0,50.0,53.0,0.0,315900.0,16188700.0,73.0,44.2,53.0,100000.0,52.0,248300.0,1545077439.0,1545077439.0,0.0,0.0,0.0,,0.0,0.0,0.0
2025-06-10,53.0,0.0,0.0,54.0,50.0,51.0,-2.0,2218100.0,113682500.0,111.0,42.5,51.0,894600.0,50.0,422200.0,1545077996.0,1545077996.0,0.0,0.0,0.0,,0.0,0.0,0.0
2025-06-11,51.0,0.0,0.0,52.0,50.0,50.0,-1.0,1310600.0,66787300.0,74.0,41.7,51.0,495000.0,50.0,805100.0,1545077998.0,1545077998.0,0.0,0.0,0.0,,0.0,0.0,0.0
2025-06-12,50.0,0.0,0.0,51.0,49.0,49.0,-1.0,1088200.0,53842000.0,96.0,40.8,50.0,414600.0,49.0,522900.0,1545078000.0,1545078000.0,0.0,0.0,0.0,,0.0,0.0,0.0
2025-06-13,49.0,0.0,0.0,51.0,49.0,51.0,2.0,367000.0,18509200.0,74.0,42.5,51.0,474500.0,50.0,47100.0,1545078000.0,1545078000.0,0.0,0.0,0.0,,0.0,0.0,0.0
2025-06-16,51.0,0.0,0.0,51.0,48.0,50.0,-1.0,1304300.0,63817300.0,68.0,41.7,50.0,1419500.0,49.0,10000.0,1545078000.0,1545078000.0,0.0,0.0,0.0,,0.0,0.0,0.0
2025-06-17,50.0,0.0,0.0,50.0,48.0,49.0,-1.0,1179700.0,57694500.0,103.0,40.8,49.0,393100.0,48.0,681400.0,1545078000.0,1545078000.0,0.0,0.0,0.0,,0.0,0.0,0.0
2025-06-18,49.0,0.0,0.0,50.0,47.0,48.0,-1.0,2705100.0,129881000.0,144.0,40.0,48.0,40400.0,47.0,1051200.0,1545078005.0,1545078005.0,0.0,0.0,0.0,,0.0,0.0,0.0
2025-06-19,48.0,0.0,0.0,49.0,46.0,46.0,-2.0,2425100.0,113893200.0,114.0,38.3,47.0,43100.0,46.0,1475000.0,1545078005.0,1545078005.0,0.0,0.0,0.0,,0.0,0.0,0.0
2025-06-20,46.0,0.0,0.0,50.0,47.0,50.0,4.0,2618100.0,129814100.0,160.0,41.7,50.0,418300.0,49.0,16800.0,1545078005.0,1545078005.0,0.0,0.0,0.0,,0.0,0.0,0.0
2025-06-23,50.0,0.0,0.0,55.0,51.0,55.0,5.0,11633300.0,636072000.0,445.0,45.8,0.0,0.0,55.0,52792200.0,1545078015.0,1545078015.0,0.0,0.0,0.0,,0.0,0.0,0.0
2025-06-24,55.0,0.0,0.0,60.0,52.0,54.0,-1.0,5940400.0,336764500.0,335.0,45.0,54.0,243800.0,53.0,12300.0,1545078015.0,1545078015.0,0.0,0.0,93500.0,,0.0,0.0,0.0
2025-06-25,54.0,0.0,0.0,56.0,52.0,53.0,-1.0,3492000.0,190836200.0,223.0,44.2,54.0,71800.0,53.0,20000.0,1545078015.0,1545078015.0,0.0,0.0,0.0,,0.0,0.0,0.0
2025-06-26,53.0,0.0,0.0,53.0,49.0,50.0,-3.0,2491700.0,124503900.0,137.0,41.7,50.0,72300.0,49.0,425000.0,1545078015.0,1545078015.0,0.0,0.0,0.0,,0.0,0.0,0.0
2025-06-30,50.0,0.0,0.0,52.0,48.0,50.0,0.0,2684300.0,132377200.0,114.0,41.7,51.0,142800.0,50.0,140000.0,1545078015.0,1545078015.0,0.0,0.0,0.0,,0.0,0.0,0.0
2025-07-01,50.0,0.0,0.0,50.0,48.0,50.0,0.0,3230600.0,158415800.0,1045.0,41.7,50.0,184400.0,49.0,2600.0,1545078016.0,1545078016.0,0.0,0.0,0.0,,0.0,0.0,0.0
2025-07-02,50.0,0.0,0.0,51.0,49.0,50.0,0.0,1347600.0,67008000.0,86.0,41.7,51.0,492400.0,50.0,2100.0,1545078016.0,1545078016.0,0.0,0.0,0.0,,0.0,0.0,0.0
2025-07-03,50.0,0.0,0.0,51.0,49.0,50.0,0.0,159000.0,7805100.0,45.0,41.7,50.0,734600.0,49.0,363200.0,1545078016.0,1545078016.0,0.0,0.0,0.0,,0.0,0.0,0.0
2025-07-04,50.0,0.0,0.0,55.0,50.0,53.0,3.0,17992400.0,958549200.0,1520.0,44.2,53.0,1104000.0,52.0,32088600.0,1545078016.0,1545078016.0,0.0,0.0,0.0,,0.0,0.0,0.0
2025-07-07,53.0,0.0,0.0,53.0,49.0,51.0,-2.0,7101300.0,359833500.0,424.0,42.5,51.0,312300.0,50.0,59123800.0,1545078016.0,1545078016.0,0.0,93500.0,0.0,,0.0,0.0,0.0
2025-07-08,51.0,0.0,0.0,51.0,50.0,51.0,0.0,1662800.0,83294100.0,102.0,42.5,51.0,655600.0,50.0,15286200.0,1545078016.0,1545078016.0,0.0,0.0,0.0,,0.0,0.0,0.0
2025-07-09,51.0,0.0,0.0,50.0,48.0,49.0,-2.0,3919000.0,192949000.0,217.0,40.8,49.0,289700.0,48.0,3887200.0,1545078016.0,1545078016.0,0.0,0.0,0.0,,0.0,0.0,0.0
2025-07-10,49.0,0.0,0.0,50.0,48.0,49.0,0.0,2466700.0,118989900.0,158.0,40.8,49.0,186100.0,48.0,4935100.0,1545078025.0,1545078025.0,0.0,0.0,0.0,,0.0,0.0,0.0
2025-07-11,49.0,0.0,0.0,49.0,48.0,49.0,0.0,955500.0,46109200.0,101.0,40.8,49.0,292500.0,48.0,4423600.0,1545078025.0,1545078025.0,0.0,0.0,0.0,,0.0,0.0,0.0
2025-07-14,49.0,0.0,0.0,50.0,48.0,49.0,0.0,659700.0,32236700.0,145.0,40.8,49.0,153800.0,48.0,1496000.0,1545078025.0,1545078025.0,0.0,0.0,0.0,,0.0,0.0,0.0
2025-07-15,49.0,0.0,0.0,50.0,48.0,50.0,1.0,2257800.0,109509000.0,146.0,41.7,50.0,213000.0,49.0,6874800.0,1545078075.0,1545078075.0,0.0,0.0,0.0,,0.0,0.0,0.0
2025-07-16,50.0,0.0,0.0,54.0,48.0,50.0,0.0,10819400.0,575856000.0,1149.0,41.7,50.0,105500.0,49.0,590400.0,1545078093.0,1545078093.0,0.0,0.0,0.0,,0.0,0.0,0.0
2025-07-17,50.0,0.0,0.0,50.0,49.0,50.0,0.0,264300.0,12969000.0,63.0,41.7,50.0,177800.0,49.0,157800.0,1545078094.0,1545078094.0,0.0,0.0,0.0,,0.0,0.0,0.0
2025-07-18,50.0,0.0,0.0,50.0,48.0,50.0,0.0,2935000.0,142875200.0,153.0,41.7,50.0,50000.0,49.0,37300.0,1545078160.0,1545078160.0,0.0,0.0,0.0,,0.0,0.0,0.0
2025-07-21,50.0,0.0,0.0,51.0,48.0,48.0,-2.0,1472200.0,71276400.0,140.0,40.0,49.0,7000.0,48.0,2055900.0,1545078160.0,1545078160.0,0.0,0.0,0.0,,0.0,0.0,0.0
2025-07-22,48.0,0.0,0.0,49.0,47.0,47.0,-1.0,2452800.0,118119500.0,149.0,39.2,48.0,100.0,47.0,905600.0,1545078260.0,1545078260.0,0.0,0.0,0.0,,0.0,0.0,0.0
2025-07-23,47.0,0.0,0.0,49.0,47.0,48.0,1.0,1179600.0,56046500.0,98.0,40.0,48.0,237200.0,47.0,521800.0,1545078260.0,1545078260.0,0.0,0.0,0.0,,0.0,0.0,0.0
2025-07-24,48.0,0.0,0.0,48.0,47.0,47.0,-1.0,1684700.0,79545900.0,111.0,39.2,48.0,533700.0,47.0,1163600.0,1545078260.0,1545078260.0,0.0,0.0,0.0,,0.0,0.0,0.0
2025-07-25,47.0,0.0,0.0,48.0,47.0,47.0,0.0,283700.0,13344000.0,46.0,39.2,48.0,1027300.0,47.0,111900.0,1545078260.0,1545078260.0,0.0,0.0,0.0,,0.0,0.0,0.0
2025-07-28,47.0,0.0,0.0,48.0,47.0,48.0,1.0,1444300.0,68730300.0,126.0,40.0,48.0,890000.0,47.0,398000.0,1545078260.0,1545078260.0,0.0,0.0,20000.0,,0.0,0.0,0.0
2025-07-29,48.0,0.0,0.0,48.0,46.0,47.0,-1.0,1312200.0,61635100.0,99.0,39.2,47.0,360000.0,46.0,3282500.0,1545078260.0,1545078260.0,0.0,0.0,0.0,,0.0,0.0,0.0
2025-07-30,47.0,0.0,0.0,48.0,46.0,47.0,0.0,1682600.0,77869300.0,124.0,39.2,47.0,494000.0,46.0,1975500.0,1545078310.0,1545078310.0,0.0,0.0,0.0,,0.0,0.0,0.0
2025-07-31,47.0,0.0,0.0,47.0,46.0,46.0,-1.0,2982000.0,137860800.0,156.0,38.3,47.0,224900.0,46.0,63700.0,1545078360.0,1545078360.0,0.0,0.0,0.0,,0.0,0.0,0.0
2025-08-01,46.0,0.0,0.0,47.0,46.0,46.0,0.0,728200.0,33700700.0,70.0,38.3,47.0,418300.0,46.0,598000.0,1545078364.0,1545078364.0,0.0,0.0,0.0,,0.0,0.0,0.0
2025-08-04,46.0,0.0,0.0,47.0,46.0,46.0,0.0,441300.0,20391200.0,120.0,38.3,47.0,714700.0,46.0,659700.0,1545078364.0,1545078364.0,0.0,0.0,0.0,,0.0,0.0,0.0
2025-08-05,46.0,0.0,0.0,47.0,45.0,46.0,0.0,6221300.0,283644300.0,118.0,38.3,46.0,113400.0,45.0,467500.0,1545078364.0,1545078364.0,0.0,0.0,0.0,,0.0,0.0,0.0
2025-08-06,46.0,0.0,0.0,47.0,45.0,46.0,0.0,2358700.0,107928500.0,127.0,38.3,47.0,710800.0,46.0,170000.0,1545078417.0,1545078417.0,0.0,0.0,0.0,,0.0,0.0,0.0
2025-08-07,46.0,0.0,0.0,47.0,46.0,46.0,0.0,345000.0,16136400.0,84.0,38.3,47.0,847400.0,46.0,297400.0,1545078417.0,1545078417.0,0.0,0.0,0.0,,0.0,0.0,0.0
2025-08-08,46.0,0.0,0.0,48.0,46.0,48.0,2.0,1485800.0,70250800.0,217.0,40.0,48.0,83300.0,47.0,630100.0,1545078417.0,1545078417.0,0.0,0.0,0.0,,0.0,0.0,0.0
2025-08-11,48.0,0.0,0.0,48.0,46.0,47.0,-1.0,741100.0,34926500.0,115.0,39.2,48.0,769700.0,47.0,78800.0,1545078517.0,1545078517.0,0.0,0.0,0.0,,0.0,0.0,0.0
2025-08-12,47.0,0.0,0.0,48.0,46.0,47.0,0.0,1057000.0,49475600.0,75.0,39.2,48.0,170900.0,47.0,206200.0,1545078517.0,1545078517.0,0.0,0.0,0.0,,0.0,0.0,0.0
2025-08-13,47.0,0.0,0.0,50.0,48.0,50.0,3.0,4849400.0,239429100.0,330.0,41.7,50.0,958700.0,49.0,280400.0,1545079043.0,1545079043.0,0.0,0.0,15000.0,,0.0,0.0,0.0
2025-08-14,50.0,0.0,0.0,52.0,48.0,50.0,0.0,4085400.0,203533600.0,244.0,41.7,50.0,560500.0,49.0,203200.0,1545079045.0,1545079045.0,0.0,0.0,0.0,,0.0,0.0,0.0
2025-08-15,50.0,0.0,0.0,51.0,50.0,50.0,0.0,2449000.0,122756600.0,112.0,41.7,51.0,1947100.0,50.0,322100.0,1545079045.0,1545079045.0,0.0,0.0,0.0,,0.0,0.0,0.0
2025-08-19,50.0,0.0,0.0,52.0,50.0,51.0,1.0,5132400.0,262042300.0,158.0,42.5,51.0,39700.0,50.0,639600.0,1545079095.0,1545079095.0,0.0,0.0,0.0,,0.0,0.0,0.0
2025-08-20,51.0,0.0,0.0,54.0,51.0,53.0,2.0,4023600.0,211451800.0,152.0,44.2,53.0,1927000.0,52.0,86532700.0,1545079126.0,1545079126.0,0.0,0.0,0.0,,0.0,0.0,0.0
2025-08-21,53.0,0.0,0.0,53.0,52.0,53.0,0.0,2284500.0,119670600.0,116.0,44.2,53.0,3871600.0,52.0,11677400.0,1545079126.0,1545079126.0,0.0,0.0,0.0,,0.0,0.0,0.0
2025-08-22,53.0,0.0,0.0,53.0,50.0,52.0,-1.0,4224800.0,217233400.0,213.0,43.3,52.0,384500.0,51.0,191500.0,1545079126.0,1545079126.0,0.0,0.0,0.0,,0.0,0.0,0.0
2025-08-25,52.0,0.0,0.0,57.0,51.0,57.0,5.0,65832700.0,3657472500.0,2541.0,47.5,0.0,0.0,57.0,935400.0,1545079126.0,1545079126.0,0.0,0.0,15000.0,,0.0,0.0,0.0
2025-08-26,57.0,0.0,0.0,61.0,54.0,56.0,-1.0,10082300.0,569887000.0,708.0,46.7,56.0,238500.0,55.0,128400.0,1545079126.0,1545079126.0,0.0,0.0,0.0,,0.0,0.0,0.0
2025-08-27,56.0,0.0,0.0,58.0,53.0,58.0,2.0,7842900.0,434391700.0,529.0,48.3,58.0,4756600.0,56.0,100.0,1545079176.0,1545079176.0,0.0,0.0,0.0,,0.0,0.0,0.0
2025-08-28,58.0,0.0,0.0,60.0,55.0,57.0,-1.0,4720100.0,264816900.0,473.0,47.5,57.0,1858600.0,56.0,156400.0,1545079176.0,1545079176.0,0.0,0.0,0.0,,0.0,0.0,0.0
2025-08-29,57.0,0.0,0.0,57.0,52.0,53.0,-4.0,12819200.0,681605800.0,597.0,44.2,54.0,996900.0,53.0,324600.0,1545079176.0,1545079176.0,0.0,0.0,0.0,,0.0,0.0,0.0
2025-09-01,53.0,0.0,0.0,56.0,50.0,53.0,0.0,11295100.0,599946100.0,633.0,44.2,54.0,83900.0,53.0,88100.0,1545079176.0,1545079176.0,0.0,0.0,0.0,,0.0,0.0,0.0
2025-09-02,53.0,0.0,0.0,56.0,53.0,55.0,2.0,4544100.0,249762900.0,361.0,45.8,55.0,273900.0,54.0,1042100.0,1545079176.0,1545079176.0,0.0,0.0,0.0,,0.0,0.0,0.0
2025-09-03,55.0,0.0,0.0,56.0,53.0,55.0,0.0,3940200.0,214233000.0,296.0,45.8,56.0,1159600.0,55.0,315100.0,1545079176.0,1545079176.0,0.0,0.0,0.0,,0.0,0.0,0.0
2025-09-04,55.0,0.0,0.0,56.0,53.0,54.0,-1.0,5223600.0,282646200.0,387.0,45.0,55.0,1216000.0,54.0,1380600.0,1545079226.0,1545079226.0,0.0,0.0,0.0,,0.0,0.0,0.0
2025-09-08,54.0,0.0,0.0,59.0,54.0,59.0,5.0,20496600.0,1185012000.0,819.0,49.2,0.0,0.0,59.0,774600.0,1545079326.0,1545079326.0,0.0,0.0,0.0,,0.0,0.0,0.0
2025-09-09,59.0,0.0,0.0,64.0,54.0,55.0,-4.0,34761700.0,2074543300.0,1333.0,45.8,57.0,200000.0,55.0,1328900.0,1545079326.0,1545079326.0,0.0,0.0,0.0,,0.0,0.0,0.0
2025-09-10,55.0,0.0,0.0,60.0,53.0,55.0,0.0,11597000.0,640256200.0,635.0,45.8,55.0,117300.0,54.0,997700.0,1545079326.0,1545079326.0,0.0,0.0,0.0,,0.0,0.0,0.0
2025-09-11,55.0,0.0,0.0,57.0,53.0,56.0,1.0,10256400.0,561299900.0,490.0,46.7,57.0,481900.0,56.0,11600.0,1545079326.0,1545079326.0,0.0,0.0,0.0,,0.0,0.0,0.0
2025-09-12,56.0,0.0,0.0,57.0,54.0,55.0,-1.0,5383800.0,300965300.0,337.0,45.8,56.0,212800.0,55.0,30100.0,1545079376.0,1545079376.0,0.0,0.0,0.0,,0.0,0.0,0.0
2025-09-15,55.0,0.0,0.0,59.0,55.0,57.0,2.0,3470900.0,195449600.0,290.0,47.5,57.0,835200.0,56.0,1234500.0,1545079377.0,1545079377.0,0.0,0.0,0.0,,0.0,0.0,0.0
2025-09-16,57.0,0.0,0.0,59.0,56.0,57.0,0.0,6379900.0,366261100.0,364.0,47.5,57.0,685400.0,56.0,1639800.0,1545079427.0,1545079427.0,0.0,0.0,0.0,,0.0,0.0,0.0
2025-09-17,57.0,0.0,0.0,57.0,55.0,57.0,0.0,3460800.0,193678400.0,330.0,47.5,57.0,1258400.0,56.0,600.0,1545079427.0,1545079427.0,0.0,10000.0,7000.0,,0.0,0.0,0.0
2025-09-18,57.0,0.0,0.0,62.0,56.0,62.0,5.0,46015900.0,2793811500.0,26932.0,51.7,62.0,2518100.0,61.0,4000.0,1545079427.0,1545079427.0,0.0,0.0,0.0,,0.0,0.0,0.0
2025-09-19,62.0,0.0,0.0,68.0,57.0,63.0,1.0,16376800.0,1022112800.0,1130.0,52.5,63.0,199300.0,62.0,225700.0,1545079427.0,1545079427.0,0.0,0.0,0.0,,0.0,0.0,0.0
2025-09-22,63.0,0.0,0.0,69.0,61.0,69.0,6.0,35028700.0,2369638800.0,1680.0,57.5,0.0,0.0,69.0,2751100.0,1545079427.0,1545079427.0,0.0,0.0,120000.0,,0.0,0.0,0.0
2025-09-23,69.0,0.0,0.0,75.0,69.0,75.0,6.0,21879300.0,1608108400.0,1121.0,62.5,0.0,0.0,75.0,1946100.0,1545079455.0,1545079455.0,0.0,0.0,3000.0,,0.0,0.0,0.0
2025-09-24,75.0,0.0,0.0,82.0,68.0,68.0,-7.0,57375800.0,4064627600.0,2783.0,56.7,68.0,434200.0,0.0,0.0,1545079505.0,1545079505.0,0.0,0.0,500000.0,,0.0,0.0,0.0
2025-09-25,68.0,0.0,0.0,69.0,62.0,63.0,-5.0,24324600.0,1535970000.0,1393.0,52.5,64.0,54800.0,63.0,528900.0,1545079605.0,1545079605.0,0.0,0.0,0.0,,0.0,0.0,0.0
2025-09-26,63.0,0.0,0.0,65.0,60.0,62.0,-1.0,5183700.0,325190100.0,597.0,51.7,62.0,100700.0,61.0,7500.0,1545079605.0,1545079605.0,0.0,0.0,0.0,,0.0,0.0,0.0
2025-09-29,62.0,0.0,0.0,65.0,58.0,63.0,1.0,10157500.0,619588100.0,1141.0,52.5,63.0,114600.0,62.0,6300.0,1545079605.0,1545079605.0,0.0,0.0,0.0,,0.0,0.0,0.0
2025-09-30,63.0,0.0,0.0,69.0,60.0,66.0,3.0,27957800.0,1808234200.0,3409.0,55.0,66.0,325800.0,65.0,177200.0,1545079605.0,1545079605.0,0.0,0.0,500000.0,,0.0,0.0,0.0
2025-10-01,66.0,0.0,0.0,68.0,62.0,63.0,-3.0,11694800.0,738613300.0,924.0,52.5,63.0,39800.0,62.0,1642600.0,1545079656.0,1545079656.0,0.0,0.0,0.0,,0.0,0.0,0.0
2025-10-02,63.0,0.0,0.0,64.0,62.0,62.0,-1.0,4123300.0,259783500.0,393.0,51.7,63.0,125000.0,62.0,2003400.0,1545079857.0,1545079857.0,0.0,0.0,100000.0,,0.0,0.0,0.0
2025-10-03,62.0,0.0,0.0,64.0,60.0,60.0,-2.0,5450400.0,330913000.0,518.0,50.0,61.0,753300.0,60.0,18300.0,1545079857.0,1545079857.0,0.0,0.0,200000.0,,0.0,0.0,0.0
2025-10-06,60.0,0.0,0.0,61.0,58.0,59.0,-1.0,5650000.0,332832600.0,418.0,49.2,59.0,408000.0,58.0,344400.0,1545079858.0,1545079858.0,0.0,800000.0,0.0,,0.0,0.0,0.0
2025-10-07,59.0,0.0,0.0,62.0,57.0,62.0,3.0,4457500.0,269299400.0,620.0,51.7,62.0,267900.0,61.0,1000.0,1545079908.0,1545079908.0,0.0,0.0,0.0,,0.0,0.0,0.0
2025-10-08,62.0,0.0,0.0,64.0,59.0,61.0,-1.0,8036200.0,494014900.0,700.0,50.8,62.0,290000.0,61.0,1061800.0,1545080008.0,1545080008.0,0.0,0.0,0.0,,0.0,0.0,0.0
2025-10-09,61.0,0.0,0.0,63.0,59.0,62.0,1.0,5741400.0,353738700.0,714.0,51.7,62.0,41900.0,61.0,629800.0,1545080047.0,1545080047.0,0.0,0.0,0.0,,0.0,0.0,0.0
2025-10-10,62.0,0.0,0.0,63.0,61.0,61.0,-1.0,3362500.0,206170700.0,479.0,50.8,62.0,524600.0,61.0,288200.0,1545080097.0,1545080097.0,0.0,0.0,0.0,,0.0,0.0,0.0
2025-10-13,61.0,0.0,0.0,63.0,59.0,61.0,0.0,4329800.0,263675600.0,819.0,50.8,61.0,20500.0,60.0,379800.0,1545080197.0,1545080197.0,0.0,0.0,0.0,,0.0,0.0,0.0
2025-10-14,61.0,0.0,0.0,62.0,59.0,60.0,-1.0,2422000.0,145218700.0,266.0,50.0,60.0,317000.0,59.0,1753300.0,1545080197.0,1545080197.0,0.0,0.0,0.0,,0.0,0.0,0.0
2025-10-15,60.0,0.0,0.0,63.0,59.0,62.0,2.0,8868500.0,546690700.0,553.0,51.7,62.0,18500.0,61.0,1379100.0,1545080197.0,1545080197.0,0.0,0.0,0.0,,0.0,0.0,0.0
2025-10-16,62.0,0.0,0.0,63.0,61.0,61.0,-1.0,2390200.0,146914500.0,268.0,50.8,62.0,257500.0,61.0,2600.0,1545081197.0,1545081197.0,0.0,0.0,0.0,,0.0,0.0,0.0
2025-10-17,61.0,0.0,0.0,62.0,59.0,59.0,-2.0,2526200.0,151692400.0,188.0,49.2,60.0,10000.0,59.0,1016500.0,1545081197.0,1545081197.0,0.0,0.0,0.0,,0.0,0.0,0.0
2025-10-20,59.0,0.0,0.0,62.0,57.0,62.0,3.0,2177000.0,128979600.0,202.0,51.7,62.0,1000500.0,60.0,2500.0,1545081197.0,1545081197.0,0.0,0.0,0.0,,0.0,0.0,0.0
2025-10-21,62.0,0.0,0.0,62.0,60.0,61.0,-1.0,827200.0,50276400.0,121.0,50.8,61.0,127300.0,60.0,500000.0,1545081197.0,1545081197.0,0.0,0.0,0.0,,0.0,0.0,0.0
2025-10-22,61.0,0.0,0.0,62.0,59.0,62.0,1.0,3668900.0,225661800.0,167.0,51.7,63.0,555900.0,62.0,826600.0,1545081197.0,1545081197.0,0.0,13100.0,0.0,,0.0,0.0,0.0
2025-10-23,62.0,0.0,0.0,63.0,60.0,62.0,0.0,2849200.0,173256900.0,169.0,51.7,62.0,477100.0,61.0,145200.0,1545081197.0,1545081197.0,0.0,0.0,0.0,,0.0,0.0,0.0
2025-10-24,62.0,0.0,0.0,63.0,61.0,61.0,-1.0,388400.0,23957800.0,82.0,50.8,62.0,690200.0,61.0,1133600.0,1545081232.0,1545081232.0,0.0,0.0,0.0,,0.0,0.0,0.0
2025-10-27,61.0,0.0,0.0,66.0,59.0,62.0,1.0,5742500.0,353485800.0,403.0,51.7,62.0,510300.0,61.0,634400.0,1545081233.0,1545081233.0,0.0,0.0,0.0,,0.0,0.0,0.0
2025-10-28,62.0,0.0,0.0,63.0,60.0,62.0,0.0,2050300.0,126758800.0,210.0,51.7,62.0,33500.0,61.0,163800.0,1545081233.0,1545081233.0,0.0,0.0,0.0,,0.0,0.0,0.0
2025-10-29,62.0,0.0,0.0,63.0,61.0,62.0,0.0,902400.0,55714600.0,131.0,51.7,62.0,84000.0,61.0,200100.0,1545081233.0,1545081233.0,0.0,0.0,0.0,,0.0,0.0,0.0
2025-10-30,62.0,0.0,0.0,63.0,60.0,62.0,0.0,1472200.0,88919500.0,146.0,51.7,62.0,302300.0,61.0,166000.0,1545081233.0,1545081233.0,0.0,0.0,0.0,,0.0,0.0,0.0
2025-10-31,62.0,0.0,0.0,63.0,60.0,62.0,0.0,1542300.0,94628000.0,102.0,51.7,63.0,414800.0,62.0,20000.0,1545081235.0,1545081235.0,0.0,0.0,0.0,,0.0,0.0,0.0
2025-11-04,62.0,0.0,0.0,63.0,60.0,62.0,0.0,861600.0,52614700.0,77.0,51.7,62.0,506400.0,61.0,327000.0,1545081285.0,1545081285.0,0.0,1200.0,0.0,,0.0,0.0,0.0
2025-11-05,62.0,0.0,0.0,62.0,60.0,61.0,-1.0,1372500.0,83548600.0,136.0,50.8,61.0,32300.0,60.0,511200.0,1545081285.0,1545081285.0,0.0,0.0,0.0,,0.0,0.0,0.0
2025-11-06,61.0,0.0,0.0,62.0,60.0,61.0,0.0,518800.0,31451300.0,89.0,50.8,62.0,812800.0,61.0,144300.0,1545081335.0,1545081335.0,0.0,0.0,0.0,,0.0,0.0,0.0
2025-11-07,61.0,0.0,0.0,62.0,60.0,60.0,-1.0,1075000.0,64779800.0,116.0,50.0,61.0,233600.0,60.0,125000.0,1545081335.0,1545081335.0,0.0,0.0,0.0,,0.0,0.0,0.0
2025-11-10,60.0,0.0,0.0,61.0,59.0,60.0,0.0,1246600.0,75072100.0,122.0,50.0,61.0,954500.0,60.0,273000.0,1545081335.0,1545081335.0,0.0,0.0,0.0,,0.0,0.0,0.0
2025-11-11,60.0,0.0,0.0,61.0,60.0,61.0,1.0,1118500.0,67398300.0,67.0,50.8,61.0,723500.0,60.0,508900.0,1545081335.0,1545081335.0,0.0,0.0,0.0,,0.0,0.0,0.0
2025-11-12,61.0,0.0,0.0,61.0,59.0,61.0,0.0,487400.0,29326500.0,97.0,50.8,61.0,1284300.0,60.0,347300.0,1545081820.0,1545081820.0,0.0,0.0,0.0,,0.0,0.0,0.0
2025-11-13,61.0,0.0,0.0,61.0,59.0,59.0,-2.0,989000.0,58878200.0,77.0,49.2,60.0,100.0,59.0,1117300.0,1545081820.0,1545081820.0,0.0,0.0,0.0,,0.0,0.0,0.0
2025-11-14,59.0,0.0,0.0,61.0,59.0,60.0,1.0,2442600.0,145084300.0,169.0,50.0,60.0,8000.0,59.0,2192800.0,1545082420.0,1545082420.0,0.0,0.0,0.0,,0.0,0.0,0.0
2025-11-17,60.0,0.0,0.0,61.0,59.0,60.0,0.0,652400.0,39048700.0,157.0,50.0,61.0,911300.0,60.0,208600.0,1545082420.0,1545082420.0,0.0,0.0,0.0,,0.0,0.0,0.0
2025-11-18,60.0,0.0,0.0,62.0,60.0,60.0,0.0,2555000.0,155390400.0,213.0,50.0,62.0,599600.0,60.0,716200.0,1545082470.0,1545082470.0,0.0,0.0,0.0,,0.0,0.0,0.0
2025-11-19,60.0,0.0,0.0,62.0,60.0,61.0,1.0,1923300.0,117660600.0,170.0,50.8,62.0,1133500.0,61.0,484300.0,1545082470.0,1545082470.0,0.0,0.0,0.0,,0.0,0.0,0.0
2025-11-20,61.0,0.0,0.0,62.0,61.0,61.0,0.0,1703800.0,104057600.0,92.0,50.8,62.0,1270000.0,61.0,11500.0,1545082470.0,1545082470.0,0.0,0.0,0.0,,0.0,0.0,0.0
2025-11-21,61.0,0.0,0.0,62.0,58.0,60.0,-1.0,1736000.0,105208600.0,112.0,50.0,61.0,102900.0,60.0,830900.0,1545082520.0,1545082520.0,0.0,0.0,0.0,,0.0,0.0,0.0
2025-11-24,60.0,0.0,0.0,61.0,59.0,59.0,-1.0,1195600.0,71673700.0,113.0,49.2,60.0,45400.0,59.0,2910800.0,1545082570.0,1545082570.0,0.0,0.0,0.0,,0.0,0.0,0.0
2025-11-25,59.0,0.0,0.0,62.0,59.0,61.0,2.0,1960100.0,118310000.0,193.0,50.8,61.0,1258000.0,60.0,443600.0,1545082570.0,1545082570.0,0.0,0.0,0.0,,0.0,0.0,0.0
2025-11-26,61.0,0.0,0.0,61.0,60.0,61.0,0.0,763600.0,45958000.0,88.0,50.8,61.0,830100.0,60.0,184600.0,1545082620.0,1545082620.0,0.0,0.0,0.0,,0.0,0.0,0.0
2025-11-27,61.0,0.0,0.0,62.0,59.0,60.0,-1.0,3443600.0,208636000.0,186.0,50.0,61.0,335700.0,60.0,1230300.0,1545082620.0,1545082620.0,0.0,0.0,0.0,,0.0,0.0,0.0
2025-11-28,60.0,0.0,0.0,62.0,59.0,59.0,-1.0,1007800.0,60566400.0,124.0,49.2,60.0,3400.0,59.0,2443600.0,1545082620.0,1545082620.0,0.0,0.0,0.0,,0.0,0.0,0.0
2025-12-01,59.0,0.0,0.0,63.0,59.0,63.0,4.0,4269600.0,262734800.0,309.0,52.5,63.0,93500.0,60.0,483900.0,1545082620.0,1545082620.0,0.0,0.0,0.0,,0.0,0.0,0.0
2025-12-02,63.0,0.0,0.0,69.0,61.0,63.0,0.0,2094800.0,130998000.0,226.0,52.5,63.0,65800.0,61.0,205800.0,1545082620.0,1545082620.0,0.0,0.0,0.0,,0.0,0.0,0.0
2025-12-03,63.0,0.0,0.0,63.0,61.0,62.0,-1.0,1287000.0,79722000.0,121.0,51.7,62.0,265100.0,61.0,1108200.0,1545082670.0,1545082670.0,0.0,0.0,0.0,,0.0,0.0,0.0
2025-12-04,62.0,0.0,0.0,63.0,60.0,62.0,0.0,780600.0,47530900.0,198.0,51.7,62.0,264600.0,61.0,193800.0,1545082720.0,1545082720.0,0.0,0.0,0.0,,0.0,0.0,0.0
2025-12-05,62.0,0.0,0.0,62.0,60.0,61.0,-1.0,1970800.0,118739800.0,162.0,50.8,61.0,131100.0,60.0,174600.0,1545083320.0,1545083320.0,0.0,0.0,0.0,,0.0,0.0,0.0
2025-12-08,61.0,0.0,0.0,62.0,60.0,62.0,1.0,1746500.0,106767600.0,146.0,51.7,62.0,191000.0,61.0,106700.0,1545083370.0,1545083370.0,0.0,0.0,0.0,,50000.0,1000000.0,1.0
2025-12-09,62.0,0.0,0.0,64.0,61.0,63.0,1.0,3409300.0,211976600.0,295.0,52.5,63.0,417800.0,62.0,123500.0,1545083371.0,1545083371.0,0.0,0.0,0.0,,0.0,0.0,0.0
2025-12-10,63.0,0.0,0.0,64.0,61.0,62.0,-1.0,3456700.0,214642900.0,260.0,51.7,62.0,40800.0,61.0,1295000.0,1545083371.0,1545083371.0,0.0,0.0,0.0,,0.0,0.0,0.0
2025-12-11,62.0,0.0,0.0,63.0,61.0,62.0,0.0,1320500.0,81193600.0,144.0,51.7,62.0,362100.0,61.0,294900.0,1545083371.0,1545083371.0,0.0,0.0,0.0,,0.0,0.0,0.0
2025-12-12,62.0,0.0,0.0,62.0,60.0,60.0,-2.0,1075000.0,65573900.0,82.0,50.0,61.0,547500.0,60.0,1350000.0,1545083383.0,1545083383.0,0.0,0.0,0.0,,0.0,0.0,0.0
2025-12-15,60.0,0.0,0.0,62.0,59.0,62.0,2.0,2175200.0,130465300.0,210.0,51.7,62.0,542100.0,61.0,700.0,1545083383.0,1545083383.0,0.0,0.0,0.0,,0.0,0.0,0.0
2025-12-16,62.0,0.0,0.0,62.0,60.0,61.0,-1.0,1205700.0,72852700.0,159.0,50.8,61.0,435100.0,60.0,476000.0,1545083433.0,1545083433.0,0.0,0.0,0.0,,0.0,0.0,0.0
2025-12-17,61.0,0.0,0.0,62.0,60.0,61.0,0.0,1425100.0,86316800.0,145.0,50.8,61.0,452900.0,60.0,1958100.0,1545083933.0,1545083933.0,0.0,0.0,0.0,,0.0,0.0,0.0
2025-12-18,61.0,0.0,0.0,61.0,60.0,60.0,-1.0,1669600.0,100384400.0,118.0,50.0,61.0,151900.0,60.0,371100.0,1545083933.0,1545083933.0,0.0,617000.0,0.0,,0.0,0.0,0.0
2025-12-19,60.0,0.0,0.0,63.0,60.0,62.0,2.0,2704500.0,166640900.0,351.0,51.7,63.0,1257700.0,62.0,112600.0,1545083983.0,1545083983.0,0.0,0.0,0.0,,0.0,0.0,0.0
2025-12-22,62.0,0.0,0.0,63.0,60.0,61.0,-1.0,1307600.0,80404600.0,215.0,50.8,62.0,922000.0,61.0,200200.0,1545083983.0,1545083983.0,0.0,0.0,0.0,,0.0,0.0,0.0
2025-12-23,61.0,0.0,0.0,67.0,60.0,64.0,3.0,23959100.0,1537123100.0,482.0,53.3,65.0,46300.0,64.0,55800.0,1545084033.0,1545084033.0,0.0,0.0,18965400.0,,0.0,0.0,0.0
2025-12-24,64.0,0.0,0.0,70.0,70.0,70.0,6.0,6947900.0,486353000.0,313.0,58.3,0.0,0.0,70.0,13432400.0,1545084033.0,1545084033.0,0.0,0.0,6933500.0,,0.0,0.0,0.0
2025-12-29,70.0,0.0,0.0,77.0,77.0,77.0,7.0,1984100.0,152775700.0,134.0,64.2,0.0,0.0,77.0,18930700.0,1545084133.0,1545084133.0,0.0,0.0,873000.0,,0.0,0.0,0.0
2025-12-30,77.0,0.0,0.0,84.0,84.0,84.0,7.0,1052200.0,88384800.0,94.0,70.0,0.0,0.0,84.0,34760900.0,1545087633.0,1545087633.0,0.0,0.0,0.0,,0.0,0.0,0.0
2026-01-02,84.0,0.0,0.0,92.0,92.0,92.0,8.0,1127200.0,103702400.0,106.0,76.7,0.0,0.0,92.0,34978700.0,1545087760.0,1545087760.0,0.0,0.0,0.0,,0.0,0.0,0.0
2026-01-05,92.0,0.0,0.0,101.0,101.0,101.0,9.0,4702400.0,474942400.0,157.0,84.2,0.0,0.0,101.0,24762800.0,1545087815.0,1545087815.0,0.0,0.0,0.0,,0.0,0.0,0.0
2026-01-06,101.0,0.0,0.0,111.0,96.0,111.0,10.0,33081100.0,3629417400.0,1132.0,92.5,0.0,0.0,111.0,3812100.0,1545091164.0,1545091164.0,0.0,0.0,1990000.0,,82638400.0,9916608000.0,2.0
2026-01-07,111.0,0.0,0.0,122.0,111.0,122.0,11.0,9738000.0,1171225300.0,802.0,101.7,0.0,0.0,122.0,3401900.0,1545091253.0,1545091253.0,0.0,0.0,50100.0,,0.0,0.0,0.0
2026-01-08,122.0,0.0,0.0,0.0,0.0,122.0,0.0,0.0,0.0,0.0,101.7,0.0,0.0,0.0,0.0,1545091255.0,1545091255.0,0.0,0.0,0.0,,0.0,0.0,0.0
2026-01-09,122.0,0.0,0.0,134.0,134.0,134.0,12.0,4677300.0,626758200.0,216.0,111.7,0.0,0.0,134.0,11139100.0,1545091805.0,1545091805.0,0.0,1955900.0,1623800.0,,0.0,0.0,0.0
2026-01-12,134.0,0.0,0.0,0.0,0.0,134.0,0.0,0.0,0.0,0.0,111.7,0.0,0.0,0.0,0.0,1545092116.0,1545092116.0,0.0,0.0,0.0,,0.0,0.0,0.0
2026-01-13,134.0,0.0,0.0,0.0,0.0,134.0,0.0,0.0,0.0,0.0,111.7,0.0,0.0,0.0,0.0,1545092295.0,1545092295.0,0.0,0.0,0.0,,0.0,0.0,0.0
2026-01-14,134.0,0.0,0.0,0.0,0.0,134.0,0.0,0.0,0.0,0.0,111.7,0.0,0.0,0.0,0.0,1545093161.0,1545093161.0,0.0,0.0,0.0,,0.0,0.0,0.0
2026-01-15,134.0,0.0,0.0,0.0,0.0,134.0,0.0,0.0,0.0,0.0,111.7,0.0,0.0,0.0,0.0,1545093261.0,1545093261.0,0.0,0.0,0.0,,0.0,0.0,0.0
2026-01-19,134.0,0.0,0.0,0.0,0.0,134.0,0.0,0.0,0.0,0.0,111.7,0.0,0.0,0.0,0.0,1545093311.0,1545093311.0,0.0,0.0,0.0,,0.0,0.0,0.0
2026-01-20,134.0,0.0,0.0,0.0,0.0,134.0,0.0,0.0,0.0,0.0,111.7,0.0,0.0,0.0,0.0,1545093361.0,1545093361.0,0.0,0.0,0.0,,0.0,0.0,0.0
2026-01-21,134.0,0.0,0.0,0.0,0.0,134.0,0.0,0.0,0.0,0.0,111.7,0.0,0.0,0.0,0.0,1545093626.0,1545093626.0,0.0,0.0,0.0,,0.0,0.0,0.0
2026-01-22,134.0,0.0,0.0,0.0,0.0,134.0,0.0,0.0,0.0,0.0,111.7,0.0,0.0,0.0,0.0,1545093743.0,1545093743.0,0.0,0.0,0.0,,0.0,0.0,0.0
2026-01-23,134.0,0.0,0.0,0.0,0.0,134.0,0.0,0.0,0.0,0.0,111.7,0.0,0.0,0.0,0.0,1545093863.0,1545093863.0,0.0,0.0,0.0,,0.0,0.0,0.0
2026-01-26,134.0,0.0,0.0,147.0,147.0,147.0,13.0,4061100.0,596981700.0,214.0,122.5,0.0,0.0,147.0,28639700.0,1545093873.0,1545093873.0,0.0,0.0,0.0,,164000800.0,19680117600.0,5.0
2026-01-27,147.0,0.0,0.0,161.0,161.0,161.0,14.0,1442200.0,232194200.0,143.0,134.2,0.0,0.0,161.0,35298900.0,1545095273.0,1545095273.0,0.0,0.0,0.0,,0.0,0.0,0.0
2026-01-28,161.0,0.0,0.0,177.0,177.0,177.0,16.0,6027100.0,1066796700.0,180.0,147.5,0.0,0.0,177.0,27168600.0,1545095325.0,1545095325.0,0.0,0.0,0.0,,0.0,0.0,0.0
2026-01-29,177.0,0.0,0.0,194.0,193.0,194.0,17.0,21081900.0,4074504300.0,664.0,161.7,0.0,0.0,194.0,11723900.0,1545111385.0,1545111385.0,0.0,290900.0,7898700.0,,0.0,0.0,0.0
2026-01-30,194.0,0.0,0.0,212.0,212.0,212.0,18.0,8843500.0,1874822000.0,158.0,176.7,0.0,0.0,212.0,19080600.0,1545111893.0,1545111893.0,0.0,4000000.0,0.0,,0.0,0.0,0.0
2026-02-02,212.0,0.0,0.0,232.0,232.0,232.0,20.0,2162900.0,501792800.0,142.0,193.3,0.0,0.0,232.0,15043000.0,1545111893.0,1545111893.0,0.0,0.0,200.0,,236000.0,50032000.0,1.0
2026-02-03,232.0,0.0,0.0,254.0,254.0,254.0,22.0,6893600.0,1750974400.0,213.0,211.7,0.0,0.0,254.0,17824500.0,1545140732.0,1545140732.0,0.0,30000.0,0.0,,0.0,0.0,0.0
2026-02-04,254.0,0.0,0.0,278.0,230.0,278.0,24.0,47826100.0,12461670400.0,3521.0,231.7,0.0,0.0,278.0,16297600.0,1545141180.0,1545141180.0,0.0,5026900.0,7797400.0,,0.0,0.0,0.0
2026-02-05,278.0,0.0,0.0,304.0,252.0,304.0,26.0,25498900.0,7518432400.0,2735.0,253.3,0.0,0.0,304.0,233200.0,1545141332.0,1545141332.0,0.0,3820100.0,4354900.0,,100000.0,29800000.0,1.0
2026-02-06,304.0,0.0,0.0,334.0,290.0,334.0,30.0,17474600.0,5612947000.0,2361.0,278.3,0.0,0.0,334.0,5850900.0,1545150580.0,1545150580.0,0.0,4102300.0,6017900.0,,0.0,0.0,0.0
2026-02-09,334.0,0.0,0.0,366.0,334.0,366.0,32.0,3638100.0,1316677600.0,585.0,305.0,0.0,0.0,366.0,4073300.0,1545151013.0,1545151013.0,0.0,212000.0,699700.0,,0.0,0.0,0.0
2026-02-10,366.0,0.0,0.0,402.0,380.0,402.0,36.0,2835500.0,1137345000.0,257.0,335.0,0.0,0.0,402.0,3486900.0,1545160178.0,1545160178.0,0.0,233200.0,155000.0,,0.0,0.0,0.0
2026-02-11,402.0,0.0,0.0,442.0,402.0,442.0,40.0,12377900.0,5443458800.0,1399.0,368.3,0.0,0.0,442.0,1393000.0,1545166105.0,1545166105.0,0.0,661400.0,954000.0,,8465800.0,3809610000.0,1.0
2026-02-12,442.0,0.0,0.0,486.0,452.0,486.0,44.0,15947900.0,7687713400.0,2393.0,405.0,0.0,0.0,486.0,1284100.0,1546469809.0,1546469809.0,0.0,1230400.0,3078700.0,,0.0,0.0,0.0
2026-02-13,486.0,0.0,0.0,525.0,438.0,438.0,-48.0,45481300.0,21606707600.0,6797.0,365.0,438.0,1973200.0,0.0,0.0,1546479378.0,1546479378.0,0.0,4833500.0,3576500.0,,0.0,0.0,0.0
2026-02-18,438.0,0.0,0.0,446.0,396.0,396.0,-42.0,6630500.0,2636899000.0,910.0,330.0,396.0,8328300.0,0.0,0.0,1546509630.0,1546509630.0,0.0,84000.0,493400.0,,0.0,0.0,0.0
2026-02-19,396.0,0.0,0.0,358.0,358.0,358.0,-38.0,4326200.0,1548779600.0,521.0,298.3,358.0,7518200.0,0.0,0.0,1546778761.0,1546778761.0,0.0,19900.0,253500.0,,0.0,0.0,0.0
2026-02-20,358.0,0.0,0.0,380.0,324.0,344.0,-14.0,51041900.0,17496791600.0,5104.0,286.7,344.0,34800.0,342.0,10100.0,1547180657.0,1547180657.0,0.0,8998600.0,2576600.0,,0.0,0.0,0.0
2026-02-23,344.0,0.0,0.0,356.0,322.0,344.0,0.0,18250900.0,6093376600.0,1764.0,286.7,344.0,443900.0,342.0,37300.0,1547184978.0,1547184978.0,0.0,711200.0,774600.0,,0.0,0.0,0.0
2026-02-24,344.0,0.0,0.0,370.0,330.0,340.0,-4.0,5841800.0,2008582600.0,1224.0,283.3,340.0,16400.0,338.0,300.0,1547495062.0,1547495062.0,0.0,471200.0,507100.0,,14234000.0,4981900000.0,1.0
2026-02-25,340.0,0.0,0.0,374.0,340.0,374.0,34.0,11993000.0,4436759400.0,1873.0,311.7,0.0,0.0,374.0,2208400.0,1547504162.0,1547504162.0,0.0,720000.0,829400.0,,0.0,0.0,0.0
2026-02-26,374.0,0.0,0.0,410.0,338.0,350.0,-24.0,15173400.0,5420527200.0,2764.0,291.7,350.0,357700.0,344.0,10400.0,1547504352.0,1547504352.0,0.0,3215800.0,856800.0,,0.0,0.0,0.0
2026-02-27,350.0,0.0,0.0,350.0,316.0,346.0,-4.0,8547400.0,2826978000.0,986.0,288.3,348.0,99600.0,338.0,2600.0,1547525762.0,1547525762.0,0.0,524400.0,382700.0,,14234000.0,4554880000.0,2.0
2026-03-02,346.0,0.0,0.0,330.0,312.0,312.0,-34.0,9183200.0,2880499600.0,819.0,260.0,316.0,40000.0,0.0,0.0,1547558812.0,1547558812.0,0.0,144400.0,306100.0,,0.0,0.0,0.0
2026-03-03,312.0,0.0,0.0,342.0,290.0,342.0,30.0,7092500.0,2370766600.0,447.0,285.0,0.0,0.0,342.0,12555000.0,1547559438.0,1547559438.0,0.0,1101500.0,93600.0,,0.0,0.0,0.0
2026-03-04,342.0,0.0,0.0,376.0,342.0,376.0,34.0,13028400.0,4895257600.0,1758.0,313.3,0.0,0.0,376.0,5030800.0,1547564637.0,1547564637.0,0.0,1145300.0,171800.0,,0.0,0.0,0.0
2026-03-05,376.0,0.0,0.0,412.0,352.0,366.0,-10.0,9353500.0,3538616800.0,2729.0,305.0,366.0,10300.0,356.0,12200.0,1547564766.0,1547564766.0,0.0,708700.0,1373200.0,,0.0,0.0,0.0
2026-03-06,366.0,0.0,0.0,376.0,332.0,342.0,-24.0,4740300.0,1633655200.0,682.0,285.0,342.0,9900.0,340.0,3400.0,1547616124.0,1547616124.0,0.0,484200.0,654200.0,,0.0,0.0,0.0
2026-03-09,342.0,0.0,0.0,344.0,308.0,318.0,-24.0,3713900.0,1168510800.0,563.0,265.0,318.0,15200.0,314.0,140400.0,1547767324.0,1547767324.0,0.0,24100.0,799200.0,,0.0,0.0,0.0
2026-03-10,318.0,0.0,0.0,348.0,314.0,344.0,26.0,1581200.0,530879600.0,392.0,286.7,344.0,500.0,338.0,20500.0,1547770525.0,1547770525.0,0.0,216300.0,414200.0,,0.0,0.0,0.0
2026-03-11,344.0,0.0,0.0,354.0,320.0,328.0,-16.0,2448900.0,819331400.0,461.0,273.3,330.0,100.0,326.0,9400.0,1547786625.0,1547786625.0,0.0,763900.0,745700.0,,0.0,0.0,0.0
2026-03-12,328.0,0.0,0.0,334.0,312.0,312.0,-16.0,3934900.0,1276164200.0,263.0,260.0,320.0,10000.0,310.0,6200.0,1547792675.0,1547792675.0,0.0,170200.0,335800.0,,0.0,0.0,0.0
2026-03-13,312.0,0.0,0.0,312.0,288.0,294.0,-18.0,2669300.0,794895400.0,272.0,245.0,300.0,89000.0,294.0,179100.0,1547792975.0,1547792975.0,0.0,1084400.0,1319700.0,,0.0,0.0,0.0
2026-03-16,294.0,0.0,0.0,294.0,266.0,276.0,-18.0,6395400.0,1763703600.0,490.0,230.0,276.0,13800.0,274.0,6700.0,1547800872.0,1547800872.0,0.0,1999700.0,1064200.0,,0.0,0.0,0.0
2026-03-17,276.0,0.0,0.0,290.0,254.0,282.0,6.0,4201200.0,1140869000.0,246.0,235.0,284.0,41200.0,282.0,7300.0,1547803487.0,1547803487.0,0.0,264600.0,505300.0,,0.0,0.0,0.0
2026-03-25,282.0,0.0,0.0,298.0,260.0,294.0,12.0,1704900.0,490379600.0,241.0,245.0,296.0,10600.0,290.0,1500.0,1547816988.0,1547816988.0,0.0,202900.0,389500.0,,0.0,0.0,0.0
2026-03-26,294.0,0.0,0.0,302.0,286.0,298.0,4.0,822800.0,243023400.0,185.0,248.3,298.0,108300.0,294.0,17000.0,1547816988.0,1547816988.0,0.0,162500.0,133100.0,,0.0,0.0,0.0
2026-03-27,298.0,0.0,0.0,298.0,272.0,290.0,-8.0,984700.0,284890000.0,172.0,241.7,290.0,2200.0,288.0,10100.0,1547918491.0,1547918491.0,0.0,194800.0,125400.0,,0.0,0.0,0.0
2026-03-30,290.0,0.0,0.0,318.0,288.0,318.0,28.0,3199700.0,958313200.0,286.0,265.0,0.0,0.0,318.0,510900.0,1547920991.0,1547920991.0,0.0,66800.0,212600.0,,0.0,0.0,0.0
2026-03-31,318.0,0.0,0.0,348.0,310.0,320.0,2.0,3319700.0,1111345200.0,1012.0,266.7,322.0,1300.0,320.0,33900.0,1547922791.0,1547922791.0,0.0,653800.0,262600.0,,0.0,0.0,0.0
2026-04-01,320.0,0.0,0.0,340.0,320.0,338.0,18.0,1438900.0,475615400.0,442.0,281.7,338.0,55200.0,334.0,24300.0,1548080810.0,1548080810.0,0.0,347400.0,7300.0,,0.0,0.0,0.0
2026-04-02,338.0,0.0,0.0,370.0,314.0,320.0,-18.0,998700.0,321453400.0,362.0,266.7,318.0,100.0,314.0,8000.0,1548081013.0,1548081013.0,0.0,178200.0,311400.0,,0.0,0.0,0.0
2026-04-06,320.0,0.0,0.0,328.0,294.0,310.0,-10.0,3118200.0,990995600.0,336.0,258.3,322.0,6600.0,310.0,500.0,1548083276.0,1548083276.0,0.0,327700.0,124700.0,,100.0,31200.0,1.0
2026-04-07,310.0,0.0,0.0,328.0,296.0,298.0,-12.0,869300.0,265552400.0,317.0,248.3,306.0,1000.0,298.0,300.0,1548083301.0,1548083301.0,0.0,388900.0,0.0,,0.0,0.0,0.0
2026-04-08,298.0,0.0,0.0,310.0,290.0,304.0,6.0,1506700.0,452809200.0,301.0,253.3,306.0,27600.0,304.0,4100.0,1548083454.0,1548083454.0,0.0,132100.0,585200.0,,1.0,300.0,1.0
2026-04-09,304.0,0.0,0.0,310.0,296.0,302.0,-2.0,605300.0,182079000.0,136.0,251.7,302.0,72200.0,298.0,40100.0,1548083454.0,1548083454.0,0.0,236400.0,73800.0,,0.0,0.0,0.0
2026-04-10,302.0,0.0,0.0,332.0,300.0,326.0,24.0,6767000.0,2127434600.0,506.0,271.7,326.0,79200.0,322.0,100.0,1548083504.0,1548083504.0,0.0,259100.0,1806000.0,,0.0,0.0,0.0
2026-04-13,326.0,0.0,0.0,358.0,324.0,350.0,24.0,5018500.0,1739876200.0,1148.0,291.7,350.0,24300.0,348.0,600.0,1548088404.0,1548088404.0,0.0,501900.0,60200.0,,0.0,0.0,0.0
2026-04-14,350.0,0.0,0.0,374.0,338.0,364.0,14.0,2957500.0,1064214800.0,730.0,303.3,364.0,104000.0,354.0,140000.0,1548088454.0,1548088454.0,0.0,476600.0,336000.0,,0.0,0.0,0.0
2026-04-15,364.0,0.0,0.0,374.0,336.0,360.0,-4.0,1760100.0,627180400.0,490.0,300.0,360.0,49700.0,358.0,300.0,1548099896.0,1548099896.0,0.0,222200.0,350700.0,,0.0,0.0,0.0
2026-04-16,360.0,0.0,0.0,374.0,346.0,350.0,-10.0,4737000.0,1699514400.0,374.0,291.7,350.0,13600.0,348.0,14700.0,1548103296.0,1548103296.0,0.0,117600.0,47500.0,,100.0,35000.0,1.0
2026-04-17,350.0,0.0,0.0,368.0,346.0,350.0,0.0,549500.0,193862000.0,251.0,291.7,350.0,475400.0,348.0,1000.0,1548219954.0,1548219954.0,0.0,118900.0,0.0,,0.0,0.0,0.0
2026-04-20,350.0,0.0,0.0,352.0,316.0,338.0,-12.0,1432200.0,474731000.0,406.0,281.7,338.0,5500.0,336.0,60000.0,1548250104.0,1548250104.0,0.0,122700.0,500.0,,0.0,0.0,0.0
2026-04-21,338.0,0.0,0.0,346.0,322.0,330.0,-8.0,800000.0,265787200.0,296.0,275.0,332.0,5400.0,330.0,16200.0,1548295904.0,1548295904.0,0.0,160000.0,57400.0,,0.0,0.0,0.0
2026-04-22,330.0,0.0,0.0,340.0,322.0,328.0,-2.0,4465200.0,1484913800.0,356.0,273.3,330.0,1700.0,328.0,300.0,1548311055.0,1548311055.0,0.0,1100.0,233200.0,,0.0,0.0,0.0
2026-04-23,328.0,0.0,0.0,338.0,324.0,328.0,0.0,1031300.0,340389800.0,279.0,273.3,332.0,40300.0,328.0,1100.0,1548344255.0,1548344255.0,0.0,53800.0,4100.0,,0.0,0.0,0.0
2026-04-24,328.0,0.0,0.0,328.0,300.0,310.0,-18.0,1386100.0,433712800.0,358.0,258.3,310.0,38500.0,306.0,4500.0,1548387819.0,1548387819.0,0.0,21600.0,143600.0,,0.0,0.0,0.0
2026-04-27,310.0,0.0,0.0,326.0,300.0,314.0,4.0,335000.0,104013800.0,188.0,261.7,312.0,6800.0,310.0,8000.0,1548394742.0,1548394742.0,0.0,400.0,32500.0,,0.0,0.0,0.0
2026-04-28,314.0,0.0,0.0,324.0,292.0,312.0,-2.0,4166700.0,1303831200.0,196.0,260.0,312.0,1600.0,306.0,36200.0,1548400043.0,1548400043.0,0.0,1500000.0,87200.0,,1410300.0,485143200.0,1.0
2026-04-29,312.0,0.0,0.0,328.0,296.0,318.0,6.0,696200.0,217516600.0,197.0,265.0,318.0,35800.0,308.0,800.0,1548417444.0,1548417444.0,0.0,66500.0,58200.0,,0.0,0.0,0.0
2026-04-30,318.0,0.0,0.0,322.0,290.0,300.0,-18.0,834000.0,249323200.0,251.0,250.0,300.0,231500.0,296.0,4100.0,1548423120.0,1548423120.0,0.0,58600.0,2200.0,,0.0,0.0,0.0
2026-05-04,300.0,0.0,0.0,316.0,284.0,298.0,-2.0,1231200.0,363346600.0,301.0,248.3,302.0,11300.0,296.0,4300.0,1548528220.0,1548528220.0,0.0,95900.0,98600.0,,0.0,0.0,0.0
2026-05-05,298.0,0.0,0.0,308.0,278.0,286.0,-12.0,4063400.0,1184303800.0,500.0,238.3,288.0,67300.0,286.0,3700.0,1548534601.0,1548534601.0,0.0,386500.0,156500.0,,0.0,0.0,0.0
2026-05-06,286.0,0.0,0.0,314.0,278.0,314.0,28.0,1567300.0,478517800.0,376.0,261.7,0.0,0.0,314.0,238400.0,1548600446.0,1548600446.0,0.0,296100.0,69200.0,,0.0,0.0,0.0
2026-05-07,314.0,0.0,0.0,326.0,300.0,300.0,-14.0,1160200.0,361965800.0,429.0,250.0,306.0,49000.0,300.0,162500.0,1548621526.0,1548621526.0,0.0,148700.0,119200.0,,0.0,0.0,0.0
2026-05-08,300.0,0.0,0.0,306.0,286.0,294.0,-6.0,488300.0,144578200.0,161.0,245.0,294.0,85900.0,292.0,7500.0,1548623526.0,1548623526.0,0.0,47300.0,5400.0,,0.0,0.0,0.0
