date,previous,open_price,first_trade,high,low,close,change,volume,value,frequency,index_individual,offer,offer_volume,bid,bid_volume,listed_shares,tradeble_shares,weight_for_index,foreign_sell,foreign_buy,delisting_date,non_regular_volume,non_regular_value,non_regular_frequency
2023-02-08,100.0,0.0,0.0,135.0,93.0,117.0,17.0,926245300.0,108055627700.0,72707.0,117.0,118.0,288500.0,117.0,11241700.0,5650000000.0,1130500000.0,1130000000.0,2292300.0,54866500.0,,3750000.0,375000000.0,2.0
2023-02-09,117.0,0.0,0.0,127.0,110.0,118.0,1.0,153682600.0,18316245500.0,14749.0,118.0,118.0,1106300.0,117.0,141200.0,5650000000.0,1130500000.0,1130000000.0,386800.0,6827800.0,,0.0,0.0,0.0
2023-02-10,118.0,0.0,0.0,137.0,117.0,131.0,13.0,445460900.0,58517544400.0,29449.0,131.0,131.0,4734600.0,130.0,507800.0,5650000000.0,1130500000.0,1130000000.0,3904800.0,3972900.0,,65000000.0,6500000000.0,1.0
2023-02-13,131.0,0.0,0.0,133.0,122.0,122.0,-9.0,67187400.0,8267895900.0,4256.0,122.0,122.0,7368000.0,0.0,0.0,5650000000.0,1130500000.0,1130000000.0,1048200.0,3603400.0,,0.0,0.0,0.0
2023-02-14,122.0,0.0,0.0,125.0,114.0,119.0,-3.0,75872900.0,8924789700.0,6588.0,119.0,120.0,568500.0,119.0,3054000.0,5650000000.0,1130500000.0,1130000000.0,1751100.0,6309500.0,,0.0,0.0,0.0
2023-02-15,119.0,0.0,0.0,129.0,118.0,126.0,7.0,131894600.0,16533177000.0,9794.0,126.0,126.0,3590100.0,125.0,243800.0,5650000000.0,1130500000.0,1130000000.0,377600.0,4170100.0,,0.0,0.0,0.0
2023-02-16,126.0,0.0,0.0,127.0,122.0,122.0,-4.0,31275700.0,3876939400.0,3390.0,122.0,123.0,107800.0,122.0,522200.0,5650000000.0,1130500000.0,1130000000.0,321000.0,3099800.0,,0.0,0.0,0.0
2023-02-17,122.0,0.0,0.0,125.0,115.0,116.0,-6.0,28485400.0,3362828200.0,3488.0,116.0,117.0,58100.0,116.0,12500.0,5650000000.0,1130500000.0,1130000000.0,77900.0,616200.0,,292262000.0,35655964000.0,2.0
2023-02-20,116.0,0.0,0.0,122.0,110.0,113.0,-3.0,22631700.0,2614957800.0,2338.0,113.0,113.0,42400.0,112.0,2254000.0,5650000000.0,1130500000.0,1130000000.0,66000.0,349900.0,,15200000.0,1763200000.0,1.0
2023-02-21,113.0,0.0,0.0,116.0,109.0,112.0,-1.0,15316700.0,1718399600.0,1399.0,112.0,114.0,551200.0,112.0,488800.0,5650000000.0,1130500000.0,1130000000.0,62200.0,384500.0,,0.0,0.0,0.0
2023-02-22,112.0,0.0,0.0,118.0,112.0,114.0,2.0,21670800.0,2468606200.0,2016.0,114.0,115.0,294300.0,114.0,51500.0,5650000000.0,1130500000.0,1130000000.0,138700.0,214600.0,,185000000.0,21090000000.0,1.0
2023-02-23,114.0,0.0,0.0,121.0,111.0,115.0,1.0,56298600.0,6569189900.0,5885.0,115.0,115.0,131700.0,114.0,209600.0,5650000000.0,1130500000.0,1130000000.0,2058000.0,64100.0,,0.0,0.0,0.0
2023-02-24,115.0,0.0,0.0,117.0,112.0,112.0,-3.0,26249600.0,3000239300.0,2175.0,112.0,113.0,60400.0,112.0,13100.0,5650000000.0,1130500000.0,1130000000.0,1045900.0,4811400.0,,0.0,0.0,0.0
2023-02-27,112.0,0.0,0.0,114.0,111.0,112.0,0.0,9637000.0,1080088900.0,790.0,112.0,113.0,623500.0,112.0,49700.0,5650000000.0,1130500000.0,1130000000.0,23200.0,1611800.0,,0.0,0.0,0.0
2023-02-28,112.0,0.0,0.0,113.0,111.0,112.0,0.0,4736400.0,529041000.0,584.0,112.0,112.0,499200.0,111.0,2006800.0,5650000000.0,1130500000.0,1130000000.0,217400.0,16600.0,,0.0,0.0,0.0
2023-03-01,112.0,0.0,0.0,113.0,109.0,112.0,0.0,11539600.0,1280833900.0,810.0,112.0,112.0,345000.0,111.0,2500.0,5650000000.0,1130500000.0,1130000000.0,21100.0,21100.0,,0.0,0.0,0.0
2023-03-02,112.0,0.0,0.0,113.0,105.0,109.0,-3.0,19926600.0,2143508400.0,1956.0,109.0,109.0,56400.0,108.0,224200.0,5650000000.0,1130500000.0,1130000000.0,15500.0,15500.0,,0.0,0.0,0.0
2023-03-03,109.0,0.0,0.0,120.0,109.0,114.0,5.0,66258800.0,7588970300.0,6873.0,114.0,114.0,826300.0,113.0,1149400.0,5650000000.0,1130500000.0,1130000000.0,46000.0,7200.0,,0.0,0.0,0.0
2023-03-06,114.0,0.0,0.0,120.0,113.0,117.0,3.0,58858800.0,6858634300.0,6612.0,117.0,117.0,860100.0,116.0,486400.0,5650000000.0,1130500000.0,1130000000.0,107200.0,44200.0,,0.0,0.0,0.0
2023-03-07,117.0,0.0,0.0,118.0,111.0,117.0,0.0,28329100.0,3249915200.0,3704.0,117.0,117.0,1153800.0,116.0,1088200.0,5650000000.0,1130500000.0,1130000000.0,194200.0,43300.0,,0.0,0.0,0.0
2023-03-08,117.0,0.0,0.0,118.0,112.0,116.0,-1.0,24190700.0,2788629000.0,3110.0,116.0,116.0,1042400.0,115.0,3165200.0,5650000000.0,1130500000.0,1130000000.0,35000.0,0.0,,0.0,0.0,0.0
2023-03-09,116.0,0.0,0.0,122.0,114.0,120.0,4.0,45372600.0,5366871800.0,8375.0,120.0,120.0,2588900.0,119.0,42200.0,5650000000.0,1130500000.0,1130000000.0,8300.0,102200.0,,0.0,0.0,0.0
2023-03-10,120.0,0.0,0.0,122.0,116.0,118.0,-2.0,25468800.0,3028822600.0,6134.0,118.0,118.0,758000.0,117.0,373900.0,5650000000.0,1130500000.0,1130000000.0,28600.0,28000.0,,0.0,0.0,0.0
2023-03-13,118.0,0.0,0.0,125.0,116.0,120.0,2.0,53702100.0,6479462000.0,9206.0,120.0,120.0,396200.0,119.0,220700.0,5650000000.0,1130500000.0,1130000000.0,23400.0,145800.0,,0.0,0.0,0.0
2023-03-14,120.0,0.0,0.0,125.0,116.0,117.0,-3.0,40626300.0,4885645600.0,6731.0,117.0,118.0,335800.0,117.0,11510900.0,5650000000.0,1130500000.0,1130000000.0,8200.0,400000.0,,0.0,0.0,0.0
2023-03-15,117.0,0.0,0.0,123.0,116.0,123.0,6.0,26334700.0,3179183500.0,5570.0,123.0,123.0,1324700.0,122.0,89000.0,5650000000.0,1130500000.0,1130000000.0,15600.0,27500.0,,25000000.0,2800000000.0,1.0
2023-03-16,123.0,0.0,0.0,166.0,119.0,166.0,43.0,259775800.0,38281584600.0,30030.0,166.0,166.0,1593200.0,165.0,1528700.0,5650000000.0,1130500000.0,1130000000.0,6569600.0,566900.0,,0.0,0.0,0.0
2023-03-17,166.0,0.0,0.0,224.0,166.0,220.0,54.0,339248900.0,67893037900.0,32694.0,220.0,220.0,1656600.0,218.0,38600.0,5650000000.0,1130500000.0,1130000000.0,15097500.0,157600.0,,0.0,0.0,0.0
2023-03-20,220.0,0.0,0.0,266.0,206.0,224.0,4.0,253886200.0,58806965000.0,35137.0,224.0,224.0,1698800.0,222.0,372000.0,5650000000.0,1130500000.0,1130000000.0,13690400.0,6998800.0,,0.0,0.0,0.0
2023-03-21,224.0,0.0,0.0,246.0,210.0,210.0,-14.0,153639400.0,34026283600.0,26037.0,210.0,210.0,8042400.0,0.0,0.0,5650000000.0,1130500000.0,1130000000.0,3996200.0,5863800.0,,0.0,0.0,0.0
2023-03-24,210.0,0.0,0.0,224.0,196.0,196.0,-14.0,124788700.0,25618036100.0,19587.0,196.0,196.0,755400.0,0.0,0.0,5650000000.0,1130500000.0,1130000000.0,459400.0,2589100.0,,0.0,0.0,0.0
2023-03-27,196.0,0.0,0.0,202.0,191.0,193.0,-3.0,49811500.0,9773243600.0,14745.0,193.0,193.0,769700.0,192.0,105000.0,5650000000.0,1130500000.0,1130000000.0,432500.0,84200.0,,0.0,0.0,0.0
2023-03-28,193.0,0.0,0.0,218.0,186.0,202.0,9.0,93241600.0,19103673700.0,11037.0,202.0,202.0,1302200.0,200.0,348200.0,5650000000.0,1130500000.0,1130000000.0,2151200.0,81900.0,,0.0,0.0,0.0
2023-03-29,202.0,0.0,0.0,210.0,197.0,204.0,2.0,48533400.0,9838789700.0,7059.0,204.0,204.0,654500.0,202.0,1330000.0,5650000000.0,1130500000.0,1130000000.0,259400.0,2747100.0,,0.0,0.0,0.0
2023-03-30,204.0,0.0,0.0,212.0,200.0,206.0,2.0,43080600.0,8833059200.0,8007.0,206.0,206.0,292900.0,204.0,1002800.0,5650000000.0,1130500000.0,1130000000.0,894100.0,2008900.0,,0.0,0.0,0.0
2023-03-31,206.0,0.0,0.0,220.0,204.0,212.0,6.0,66723200.0,14086588200.0,12121.0,212.0,212.0,1099900.0,210.0,607100.0,5650000000.0,1130500000.0,1130000000.0,536300.0,2702100.0,,108600000.0,23023200000.0,1.0
2023-04-03,212.0,0.0,0.0,238.0,198.0,220.0,8.0,224096000.0,47008887300.0,20575.0,220.0,222.0,216900.0,220.0,405100.0,5650000000.0,1130500000.0,1129435000.0,8338400.0,6485500.0,,0.0,0.0,0.0
2023-04-04,220.0,0.0,0.0,274.0,212.0,260.0,40.0,214713200.0,54653598000.0,25470.0,260.0,260.0,2129300.0,258.0,100.0,5650000000.0,1130500000.0,1129435000.0,24950400.0,10406000.0,,25000000.0,5125000000.0,1.0
2023-04-05,260.0,0.0,0.0,306.0,248.0,286.0,26.0,160047400.0,45049465200.0,22966.0,286.0,286.0,825200.0,284.0,36500.0,5650000000.0,1130500000.0,1129435000.0,12126300.0,3991100.0,,0.0,0.0,0.0
2023-04-06,286.0,0.0,0.0,304.0,278.0,300.0,14.0,64878300.0,18789442600.0,9905.0,300.0,300.0,743100.0,298.0,12900.0,5650000000.0,1130500000.0,1129435000.0,1528000.0,1531700.0,,0.0,0.0,0.0
2023-04-10,300.0,0.0,0.0,302.0,280.0,286.0,-14.0,34857800.0,9918897400.0,6302.0,286.0,286.0,1224400.0,284.0,55400.0,5650000000.0,1130500000.0,1129435000.0,270000.0,3337800.0,,0.0,0.0,0.0
2023-04-11,286.0,0.0,0.0,296.0,266.0,288.0,2.0,31157500.0,8770268200.0,11912.0,288.0,288.0,1978000.0,284.0,13700.0,5650000000.0,1130500000.0,1129435000.0,577400.0,3897300.0,,0.0,0.0,0.0
2023-04-12,288.0,0.0,0.0,328.0,268.0,268.0,-20.0,21878100.0,6195859600.0,6218.0,268.0,268.0,2717000.0,0.0,0.0,5650000000.0,1130500000.0,1129435000.0,932700.0,2357000.0,,0.0,0.0,0.0
2023-04-13,268.0,0.0,0.0,278.0,250.0,272.0,4.0,38958900.0,10489776200.0,6075.0,272.0,272.0,899700.0,270.0,5100.0,5650000000.0,1130500000.0,1129435000.0,768700.0,5200600.0,,0.0,0.0,0.0
2023-04-14,272.0,0.0,0.0,296.0,264.0,276.0,4.0,67361500.0,18889523600.0,18706.0,276.0,276.0,793000.0,274.0,241900.0,5650000000.0,1130500000.0,1129435000.0,7422000.0,2234600.0,,0.0,0.0,0.0
2023-04-17,276.0,0.0,0.0,306.0,260.0,260.0,-16.0,27852000.0,7517773200.0,5711.0,260.0,260.0,142700.0,258.0,3352500.0,5650000000.0,1130500000.0,1129435000.0,1347700.0,716800.0,,0.0,0.0,0.0
2023-04-18,260.0,0.0,0.0,272.0,244.0,262.0,2.0,28678700.0,7367137400.0,5693.0,262.0,262.0,1779900.0,258.0,80100.0,5650000000.0,1130500000.0,1129435000.0,2296900.0,1898500.0,,0.0,0.0,0.0
2023-04-26,262.0,0.0,0.0,268.0,244.0,248.0,-14.0,20631500.0,5202453400.0,5096.0,248.0,248.0,800800.0,246.0,6300.0,5650000000.0,1130500000.0,1129435000.0,1002600.0,4208100.0,,0.0,0.0,0.0
2023-04-27,248.0,0.0,0.0,282.0,232.0,232.0,-16.0,64251500.0,15656750800.0,16071.0,232.0,232.0,2389900.0,0.0,0.0,5650000000.0,1130500000.0,1129435000.0,5905400.0,5366000.0,,0.0,0.0,0.0
2023-04-28,232.0,0.0,0.0,232.0,216.0,220.0,-12.0,41448400.0,9149949200.0,6890.0,220.0,220.0,959700.0,218.0,300.0,5650000000.0,1130500000.0,1129435000.0,5355800.0,4254900.0,,0.0,0.0,0.0
2023-05-02,220.0,0.0,0.0,238.0,216.0,228.0,8.0,22791600.0,5211698000.0,3445.0,228.0,228.0,78500.0,226.0,500.0,5650000000.0,1130500000.0,1129435000.0,635000.0,601700.0,,0.0,0.0,0.0
2023-05-03,228.0,0.0,0.0,236.0,228.0,236.0,8.0,16074400.0,3730720600.0,2903.0,236.0,236.0,77600.0,234.0,115300.0,5650000000.0,1130500000.0,1129435000.0,1303900.0,843800.0,,0.0,0.0,0.0
2023-05-04,236.0,0.0,0.0,242.0,230.0,238.0,2.0,17896600.0,4229474800.0,3038.0,238.0,240.0,1660000.0,238.0,5500.0,5650000000.0,1130500000.0,1129435000.0,2271500.0,509100.0,,0.0,0.0,0.0
2023-05-05,238.0,0.0,0.0,240.0,222.0,222.0,-16.0,30199700.0,6802760400.0,4547.0,222.0,222.0,1378900.0,0.0,0.0,5650000000.0,1130500000.0,1129435000.0,3586000.0,1284300.0,,0.0,0.0,0.0
2023-05-08,222.0,0.0,0.0,226.0,208.0,208.0,-14.0,35056200.0,7431014200.0,2847.0,208.0,208.0,1010600.0,0.0,0.0,5650000000.0,1130500000.0,1129435000.0,1177700.0,3728600.0,,0.0,0.0,0.0
2023-05-09,208.0,0.0,0.0,214.0,200.0,200.0,-8.0,14139500.0,2898882400.0,1813.0,200.0,200.0,717700.0,199.0,512700.0,5650000000.0,1130500000.0,1129435000.0,304300.0,1491300.0,,0.0,0.0,0.0
2023-05-10,200.0,0.0,0.0,208.0,189.0,194.0,-6.0,36175800.0,7092649700.0,8811.0,194.0,194.0,809900.0,193.0,43100.0,5650000000.0,1130500000.0,1129435000.0,3240400.0,1494200.0,,0.0,0.0,0.0
2023-05-11,194.0,0.0,0.0,222.0,189.0,195.0,1.0,94426800.0,18764969200.0,24018.0,195.0,195.0,105700.0,194.0,4400.0,5650000000.0,1130500000.0,1129435000.0,5688100.0,1518700.0,,0.0,0.0,0.0
2023-05-12,195.0,0.0,0.0,206.0,194.0,202.0,7.0,40943300.0,8149396300.0,20027.0,202.0,202.0,371600.0,200.0,117300.0,5650000000.0,1130500000.0,1129435000.0,24000.0,206900.0,,0.0,0.0,0.0
2023-05-15,202.0,0.0,0.0,208.0,188.0,188.0,-14.0,92245900.0,17977644900.0,25579.0,188.0,188.0,1029600.0,0.0,0.0,5650000000.0,1130500000.0,1129435000.0,433100.0,4033000.0,,0.0,0.0,0.0
2023-05-16,188.0,0.0,0.0,194.0,177.0,191.0,3.0,37737400.0,6997244000.0,10226.0,191.0,191.0,545200.0,190.0,2700.0,5650000000.0,1130500000.0,1129435000.0,220800.0,538800.0,,0.0,0.0,0.0
2023-05-17,191.0,0.0,0.0,194.0,179.0,189.0,-2.0,27298400.0,5056596300.0,4229.0,189.0,189.0,802900.0,188.0,2500.0,5650000000.0,1130500000.0,1129435000.0,152300.0,2002400.0,,0.0,0.0,0.0
2023-05-19,189.0,0.0,0.0,199.0,176.0,176.0,-13.0,35784300.0,6536295900.0,5366.0,176.0,177.0,70100.0,176.0,2700.0,5650000000.0,1130500000.0,1129435000.0,10600.0,900.0,,0.0,0.0,0.0
2023-05-22,176.0,0.0,0.0,180.0,164.0,177.0,1.0,10152300.0,1762687700.0,1131.0,177.0,177.0,58500.0,176.0,71500.0,5650000000.0,1130500000.0,1129435000.0,69300.0,117700.0,,0.0,0.0,0.0
2023-05-23,177.0,0.0,0.0,180.0,165.0,165.0,-12.0,28586500.0,4861005400.0,3056.0,165.0,165.0,568600.0,0.0,0.0,5650000000.0,1130500000.0,1129435000.0,54200.0,464800.0,,0.0,0.0,0.0
2023-05-24,165.0,0.0,0.0,166.0,154.0,156.0,-9.0,77522900.0,12080863500.0,7528.0,156.0,156.0,267500.0,155.0,56100.0,5650000000.0,1130500000.0,1129435000.0,863900.0,1747300.0,,0.0,0.0,0.0
2023-05-25,156.0,0.0,0.0,162.0,146.0,158.0,2.0,87018000.0,13228611700.0,18871.0,158.0,158.0,192800.0,157.0,25200.0,5650000000.0,1130500000.0,1129435000.0,1509700.0,1901200.0,,0.0,0.0,0.0
2023-05-26,158.0,0.0,0.0,188.0,147.0,147.0,-11.0,103204300.0,16169990100.0,26466.0,147.0,148.0,168000.0,147.0,647300.0,5650000000.0,1130500000.0,1129435000.0,1571600.0,258000.0,,0.0,0.0,0.0
2023-05-29,147.0,0.0,0.0,180.0,137.0,150.0,3.0,151301800.0,23804471200.0,34824.0,150.0,150.0,275200.0,149.0,369600.0,5650000000.0,1130500000.0,1129435000.0,52200.0,261600.0,,0.0,0.0,0.0
2023-05-30,150.0,0.0,0.0,174.0,151.0,159.0,9.0,51383600.0,8514531600.0,9075.0,159.0,160.0,136800.0,159.0,121600.0,5650000000.0,1130500000.0,1129435000.0,51600.0,100.0,,0.0,0.0,0.0
2023-05-31,159.0,0.0,0.0,162.0,148.0,148.0,-11.0,13292400.0,2035832200.0,1878.0,148.0,148.0,741700.0,0.0,0.0,5650000000.0,1130500000.0,1129435000.0,100.0,25900.0,,0.0,0.0,0.0
2023-06-05,148.0,0.0,0.0,148.0,126.0,126.0,-22.0,25670000.0,3316069200.0,2033.0,126.0,126.0,3501700.0,0.0,0.0,5650000000.0,1130500000.0,1129435000.0,173400.0,3325300.0,,0.0,0.0,0.0
2023-06-06,126.0,0.0,0.0,134.0,118.0,119.0,-7.0,58195500.0,7338481400.0,20298.0,119.0,119.0,8500.0,118.0,150800.0,5650000000.0,1130500000.0,1129435000.0,806400.0,4937200.0,,0.0,0.0,0.0
2023-06-07,119.0,0.0,0.0,123.0,115.0,116.0,-3.0,16884000.0,2008018200.0,2018.0,116.0,116.0,366000.0,115.0,1027200.0,5650000000.0,1130500000.0,1129435000.0,201300.0,3511600.0,,0.0,0.0,0.0
2023-06-08,116.0,0.0,0.0,122.0,116.0,120.0,4.0,8067300.0,959972500.0,1053.0,120.0,120.0,201800.0,119.0,206500.0,5650000000.0,1130500000.0,1129435000.0,29300.0,1556700.0,,0.0,0.0,0.0
2023-06-09,120.0,0.0,0.0,148.0,117.0,121.0,1.0,101153900.0,13015423100.0,11291.0,121.0,121.0,18400.0,120.0,1269100.0,5650000000.0,1130500000.0,1129435000.0,6267600.0,3821800.0,,0.0,0.0,0.0
2023-06-12,121.0,0.0,0.0,144.0,121.0,129.0,8.0,89534600.0,11735765100.0,8259.0,129.0,129.0,346900.0,128.0,730000.0,5650000000.0,1130500000.0,1129435000.0,7711500.0,3487600.0,,0.0,0.0,0.0
2023-06-13,129.0,0.0,0.0,131.0,119.0,121.0,-8.0,32170000.0,3958002000.0,3034.0,121.0,121.0,58600.0,120.0,1224100.0,5650000000.0,1130500000.0,1129435000.0,4447600.0,116800.0,,0.0,0.0,0.0
2023-06-14,121.0,0.0,0.0,134.0,103.0,105.0,-16.0,137365200.0,16156745200.0,21234.0,105.0,105.0,1930600.0,104.0,113300.0,5650000000.0,1130500000.0,1129435000.0,628500.0,4166300.0,,0.0,0.0,0.0
2023-06-15,105.0,0.0,0.0,108.0,95.0,104.0,-1.0,17319500.0,1790035700.0,1729.0,104.0,105.0,541400.0,104.0,592100.0,5650000000.0,1130500000.0,1129435000.0,486900.0,295900.0,,0.0,0.0,0.0
2023-06-16,104.0,0.0,0.0,111.0,102.0,111.0,7.0,28793000.0,3105448100.0,2840.0,111.0,112.0,510200.0,111.0,169500.0,5650000000.0,1130500000.0,1129435000.0,907400.0,1221500.0,,0.0,0.0,0.0
2023-06-19,111.0,0.0,0.0,122.0,111.0,120.0,9.0,36354500.0,4273942700.0,4438.0,120.0,121.0,368400.0,120.0,397400.0,5650000000.0,1130500000.0,1129435000.0,1109700.0,1733100.0,,0.0,0.0,0.0
2023-06-20,120.0,0.0,0.0,125.0,117.0,120.0,0.0,18554200.0,2243619900.0,2534.0,120.0,120.0,217200.0,119.0,20900.0,5650000000.0,1130500000.0,1129435000.0,739000.0,1271100.0,,0.0,0.0,0.0
2023-06-21,120.0,0.0,0.0,121.0,113.0,119.0,-1.0,10902300.0,1286683200.0,8540.0,119.0,119.0,104400.0,117.0,113500.0,5650000000.0,1130500000.0,1129435000.0,177900.0,351900.0,,0.0,0.0,0.0
2023-06-22,119.0,0.0,0.0,122.0,117.0,119.0,0.0,7139000.0,850164500.0,770.0,119.0,119.0,559500.0,118.0,100000.0,5650000000.0,1130500000.0,1129435000.0,29800.0,1347700.0,,0.0,0.0,0.0
2023-06-23,119.0,0.0,0.0,120.0,116.0,119.0,0.0,8767700.0,1033952600.0,713.0,119.0,119.0,21898100.0,118.0,10000.0,5650000000.0,1130500000.0,1129435000.0,138700.0,936100.0,,0.0,0.0,0.0
2023-06-26,119.0,0.0,0.0,119.0,115.0,119.0,0.0,3284300.0,384010600.0,551.0,119.0,119.0,763800.0,118.0,131400.0,5650000000.0,1130500000.0,1129435000.0,107500.0,54700.0,,0.0,0.0,0.0
2023-06-27,119.0,0.0,0.0,122.0,115.0,119.0,0.0,12609100.0,1499521600.0,1500.0,119.0,119.0,987600.0,118.0,114600.0,5650000000.0,1130500000.0,1129435000.0,295300.0,771600.0,,0.0,0.0,0.0
2023-07-03,119.0,0.0,0.0,125.0,119.0,121.0,2.0,10111000.0,1223983900.0,1160.0,121.0,121.0,55300.0,120.0,372000.0,5650000000.0,1130500000.0,1129435000.0,49100.0,4454500.0,,0.0,0.0,0.0
2023-07-04,121.0,0.0,0.0,132.0,122.0,126.0,5.0,46492000.0,5920709300.0,5669.0,126.0,126.0,40300.0,125.0,322100.0,5650000000.0,1130500000.0,1129435000.0,7241000.0,5734100.0,,0.0,0.0,0.0
2023-07-05,126.0,0.0,0.0,132.0,121.0,126.0,0.0,31275400.0,3968881300.0,2394.0,126.0,126.0,835100.0,125.0,10900.0,5650000000.0,1130500000.0,1129435000.0,3221600.0,4984600.0,,0.0,0.0,0.0
2023-07-06,126.0,0.0,0.0,127.0,119.0,119.0,-7.0,18719000.0,2287896500.0,1779.0,119.0,120.0,150000.0,119.0,1319600.0,5650000000.0,1130500000.0,1129435000.0,1277400.0,595900.0,,0.0,0.0,0.0
2023-07-07,119.0,0.0,0.0,119.0,106.0,109.0,-10.0,25443700.0,2827431600.0,2256.0,109.0,109.0,296600.0,108.0,231900.0,5650000000.0,1130500000.0,1129435000.0,5028500.0,1938600.0,,0.0,0.0,0.0
2023-07-10,109.0,0.0,0.0,113.0,104.0,106.0,-3.0,22783100.0,2451206300.0,1757.0,106.0,106.0,473700.0,105.0,50700.0,5650000000.0,1130500000.0,1129435000.0,1826700.0,3087300.0,,0.0,0.0,0.0
2023-07-11,106.0,0.0,0.0,109.0,100.0,107.0,1.0,18315100.0,1918264000.0,1607.0,107.0,107.0,1551800.0,104.0,40000.0,5650000000.0,1130500000.0,1129435000.0,811800.0,654300.0,,0.0,0.0,0.0
2023-07-12,107.0,0.0,0.0,111.0,104.0,105.0,-2.0,8030700.0,860791700.0,809.0,105.0,105.0,35400.0,104.0,984500.0,5650000000.0,1130500000.0,1129435000.0,1540000.0,22900.0,,0.0,0.0,0.0
2023-07-13,105.0,0.0,0.0,107.0,102.0,104.0,-1.0,4831600.0,501361700.0,794.0,104.0,104.0,320800.0,103.0,18500.0,5650000000.0,1130500000.0,1129435000.0,20500.0,434000.0,,0.0,0.0,0.0
2023-07-14,104.0,0.0,0.0,106.0,94.0,105.0,1.0,28278200.0,2862164400.0,10077.0,105.0,105.0,1750600.0,103.0,40000.0,5650000000.0,1130500000.0,1129435000.0,1624700.0,1678600.0,,0.0,0.0,0.0
2023-07-17,105.0,0.0,0.0,105.0,97.0,98.0,-7.0,20746600.0,2060728700.0,11094.0,98.0,98.0,2500.0,97.0,1710100.0,5650000000.0,1130500000.0,1129435000.0,603200.0,2109300.0,,0.0,0.0,0.0
2023-07-18,98.0,0.0,0.0,100.0,84.0,100.0,2.0,35598800.0,3278442800.0,5089.0,100.0,100.0,129000.0,99.0,311200.0,5650000000.0,1130500000.0,1129435000.0,3157700.0,2062000.0,,0.0,0.0,0.0
2023-07-20,100.0,0.0,0.0,105.0,95.0,95.0,-5.0,13601300.0,1333860300.0,1453.0,95.0,96.0,91100.0,95.0,1900.0,5650000000.0,1130500000.0,1129435000.0,1846100.0,871300.0,,0.0,0.0,0.0
2023-07-21,95.0,0.0,0.0,102.0,88.0,95.0,0.0,23734300.0,2268057200.0,1849.0,95.0,95.0,1078200.0,94.0,5000.0,5650000000.0,1130500000.0,1129435000.0,1654000.0,2239500.0,,0.0,0.0,0.0
2023-07-24,95.0,0.0,0.0,98.0,82.0,85.0,-10.0,44742200.0,3853876800.0,2804.0,85.0,86.0,153400.0,85.0,375300.0,5650000000.0,1130500000.0,1129435000.0,3196700.0,2499900.0,,0.0,0.0,0.0
2023-07-25,85.0,0.0,0.0,88.0,77.0,86.0,1.0,9081400.0,764379000.0,1166.0,86.0,86.0,397200.0,85.0,100.0,5650000000.0,1130500000.0,1129435000.0,611500.0,558700.0,,0.0,0.0,0.0
2023-07-26,86.0,0.0,0.0,88.0,82.0,85.0,-1.0,23789100.0,2007981800.0,1719.0,85.0,85.0,479600.0,84.0,40400.0,5650000000.0,1130500000.0,1129435000.0,1334200.0,1861300.0,,0.0,0.0,0.0
2023-07-27,85.0,0.0,0.0,92.0,84.0,88.0,3.0,23833600.0,2082891600.0,2387.0,88.0,88.0,592700.0,87.0,201800.0,5650000000.0,1130500000.0,1129435000.0,999400.0,4104200.0,,0.0,0.0,0.0
2023-07-28,88.0,0.0,0.0,94.0,85.0,88.0,0.0,10487100.0,925996800.0,1069.0,88.0,88.0,543100.0,86.0,64900.0,5650000000.0,1130500000.0,1129435000.0,1138500.0,602400.0,,0.0,0.0,0.0
2023-07-31,88.0,0.0,0.0,89.0,85.0,88.0,0.0,3168700.0,274444900.0,404.0,88.0,88.0,559000.0,87.0,108800.0,5650000000.0,1130500000.0,1129435000.0,475400.0,41700.0,,0.0,0.0,0.0
2023-08-01,88.0,0.0,0.0,90.0,85.0,87.0,-1.0,10075000.0,876819600.0,1014.0,87.0,87.0,330000.0,86.0,150200.0,5650000000.0,1130500000.0,1129435000.0,662700.0,1383500.0,,0.0,0.0,0.0
2023-08-02,87.0,0.0,0.0,94.0,84.0,87.0,0.0,12448400.0,1101102900.0,1161.0,87.0,87.0,470000.0,86.0,46700.0,5650000000.0,1130500000.0,1129435000.0,1096000.0,795700.0,,0.0,0.0,0.0
2023-08-03,87.0,0.0,0.0,88.0,80.0,86.0,-1.0,6590000.0,559816400.0,630.0,86.0,86.0,240000.0,85.0,56900.0,5650000000.0,1130500000.0,1129435000.0,1363700.0,0.0,,0.0,0.0,0.0
2023-08-04,86.0,0.0,0.0,90.0,83.0,84.0,-2.0,15063200.0,1288320600.0,924.0,84.0,84.0,112500.0,83.0,319200.0,5650000000.0,1130500000.0,1129435000.0,524800.0,1148900.0,,0.0,0.0,0.0
2023-08-07,84.0,0.0,0.0,84.0,79.0,80.0,-4.0,10222400.0,824640100.0,696.0,80.0,81.0,97800.0,80.0,36500.0,5650000000.0,1130500000.0,1129435000.0,590300.0,662700.0,,0.0,0.0,0.0
2023-08-08,80.0,0.0,0.0,81.0,75.0,77.0,-3.0,8041500.0,617892100.0,825.0,77.0,77.0,402900.0,76.0,49300.0,5650000000.0,1130500000.0,1129435000.0,2411600.0,600000.0,,0.0,0.0,0.0
2023-08-09,77.0,0.0,0.0,88.0,75.0,78.0,1.0,37369200.0,2986576100.0,2786.0,78.0,78.0,799100.0,77.0,236700.0,5650000000.0,1130500000.0,1129435000.0,4855200.0,2138200.0,,2500.0,200000.0,1.0
2023-08-10,78.0,0.0,0.0,88.0,75.0,78.0,0.0,63723500.0,5131460800.0,3810.0,78.0,78.0,1035600.0,77.0,164000.0,5650000000.0,1130500000.0,1129435000.0,4062500.0,4859700.0,,0.0,0.0,0.0
2023-08-11,78.0,0.0,0.0,79.0,75.0,75.0,-3.0,7923000.0,604188000.0,1222.0,75.0,75.0,815000.0,74.0,1718000.0,5650000000.0,1130500000.0,1129435000.0,36000.0,861600.0,,0.0,0.0,0.0
2023-08-14,75.0,0.0,0.0,86.0,73.0,78.0,3.0,101985400.0,8142632300.0,5129.0,78.0,78.0,1072300.0,77.0,230900.0,5650000200.0,1130500200.0,1129435000.0,4731200.0,5249900.0,,0.0,0.0,0.0
2023-08-15,78.0,0.0,0.0,82.0,77.0,80.0,2.0,14019800.0,1118579100.0,1292.0,80.0,81.0,593700.0,80.0,52000.0,5650000200.0,1130500200.0,1129435000.0,19700.0,1823300.0,,0.0,0.0,0.0
2023-08-16,80.0,0.0,0.0,87.0,72.0,76.0,-4.0,67239200.0,5329565000.0,3545.0,76.0,77.0,256000.0,76.0,10000.0,5650000200.0,1130500200.0,1129435000.0,2959700.0,1822800.0,,0.0,0.0,0.0
2023-08-18,76.0,0.0,0.0,77.0,70.0,70.0,-6.0,28595200.0,2050977500.0,1789.0,70.0,71.0,70100.0,70.0,70000.0,5650001800.0,1130501800.0,1129435000.0,110500.0,1807500.0,,0.0,0.0,0.0
2023-08-21,70.0,0.0,0.0,71.0,62.0,67.0,-3.0,16307900.0,1090514400.0,1164.0,67.0,68.0,25100.0,67.0,20700.0,5650002026.0,1130502026.0,1129435000.0,2412500.0,1000000.0,,0.0,0.0,0.0
2023-08-22,67.0,0.0,0.0,72.0,66.0,69.0,2.0,7804600.0,540226100.0,894.0,69.0,70.0,378800.0,69.0,6700.0,5650002026.0,1130502026.0,1129435000.0,599700.0,9600.0,,0.0,0.0,0.0
2023-08-23,69.0,0.0,0.0,71.0,69.0,70.0,1.0,4613000.0,322288500.0,400.0,70.0,70.0,240200.0,69.0,890000.0,5650002026.0,1130502026.0,1129435000.0,7400.0,889700.0,,0.0,0.0,0.0
2023-08-24,70.0,0.0,0.0,71.0,64.0,65.0,-5.0,15786900.0,1044682000.0,979.0,65.0,65.0,715200.0,64.0,2011200.0,5650002349.0,1130502349.0,1129435000.0,261600.0,811600.0,,0.0,0.0,0.0
2023-08-25,65.0,0.0,0.0,66.0,60.0,64.0,-1.0,18742400.0,1164173000.0,879.0,64.0,64.0,735800.0,63.0,312000.0,5650002349.0,1130502349.0,1129435000.0,771700.0,437900.0,,0.0,0.0,0.0
2023-08-28,64.0,0.0,0.0,66.0,56.0,66.0,2.0,19312800.0,1251045600.0,551.0,66.0,67.0,1036000.0,66.0,729400.0,5650002349.0,1130502349.0,1129435000.0,2852400.0,887600.0,,0.0,0.0,0.0
2023-08-29,66.0,0.0,0.0,75.0,59.0,59.0,-7.0,72758800.0,4678789300.0,4165.0,59.0,60.0,59800.0,59.0,440300.0,5650002349.0,1130502349.0,1129435000.0,6278300.0,2086700.0,,0.0,0.0,0.0
2023-08-30,59.0,0.0,0.0,61.0,54.0,57.0,-2.0,33525300.0,1927603500.0,1662.0,57.0,58.0,172100.0,57.0,204400.0,5650002349.0,1130502349.0,1129435000.0,221300.0,4675300.0,,0.0,0.0,0.0
2023-08-31,57.0,0.0,0.0,60.0,50.0,58.0,1.0,13718300.0,797850800.0,654.0,58.0,59.0,85400.0,58.0,466500.0,5650002349.0,1130502349.0,1129435000.0,941700.0,269200.0,,0.0,0.0,0.0
2023-09-01,58.0,0.0,0.0,62.0,57.0,60.0,2.0,9228000.0,551003600.0,624.0,60.0,61.0,1647100.0,60.0,313000.0,5650003050.0,1130503050.0,1129435000.0,555000.0,664400.0,,0.0,0.0,0.0
2023-09-04,60.0,0.0,0.0,61.0,58.0,59.0,-1.0,6080100.0,359395100.0,502.0,59.0,60.0,540500.0,59.0,54000.0,5650003050.0,1130503050.0,1129435000.0,306500.0,72700.0,,0.0,0.0,0.0
2023-09-05,59.0,0.0,0.0,60.0,55.0,59.0,0.0,13611400.0,780839500.0,938.0,59.0,59.0,178400.0,58.0,83100.0,5650003050.0,1130503050.0,1129435000.0,402600.0,762300.0,,0.0,0.0,0.0
2023-09-06,59.0,0.0,0.0,59.0,54.0,55.0,-4.0,22644800.0,1252629500.0,1066.0,55.0,55.0,816800.0,54.0,683100.0,5650003050.0,1130503050.0,1129435000.0,2540600.0,237500.0,,0.0,0.0,0.0
2023-09-07,55.0,0.0,0.0,55.0,53.0,54.0,-1.0,4001100.0,216405300.0,475.0,54.0,54.0,602400.0,53.0,2558000.0,5650003050.0,1130503050.0,1129435000.0,332200.0,108000.0,,0.0,0.0,0.0
2023-09-08,54.0,0.0,0.0,63.0,53.0,57.0,3.0,86948100.0,5084293600.0,5040.0,57.0,58.0,383900.0,57.0,459000.0,5650003400.0,1130503400.0,1129435000.0,2159600.0,15823500.0,,0.0,0.0,0.0
2023-09-11,57.0,0.0,0.0,61.0,55.0,57.0,0.0,39750900.0,2316981100.0,1696.0,57.0,58.0,1271700.0,57.0,120000.0,5650003500.0,1130503500.0,1129435000.0,787300.0,5613400.0,,0.0,0.0,0.0
2023-09-12,57.0,0.0,0.0,58.0,56.0,57.0,0.0,9411300.0,536479500.0,385.0,57.0,58.0,904300.0,57.0,84200.0,5650003500.0,1130503500.0,1129435000.0,35700.0,3530800.0,,0.0,0.0,0.0
2023-09-13,57.0,0.0,0.0,59.0,56.0,56.0,-1.0,5681400.0,324927600.0,619.0,56.0,57.0,96100.0,56.0,1590000.0,5650003600.0,1130503600.0,1129435000.0,185600.0,65100.0,,0.0,0.0,0.0
2023-09-14,56.0,0.0,0.0,70.0,57.0,66.0,10.0,291829800.0,19151448300.0,14930.0,66.0,66.0,920400.0,65.0,760700.0,5650003750.0,1130503750.0,1129435000.0,14826700.0,12868500.0,,100000.0,6800000.0,1.0
2023-09-15,66.0,0.0,0.0,67.0,58.0,58.0,-8.0,71480400.0,4326393700.0,4570.0,58.0,59.0,993200.0,58.0,757000.0,5650003750.0,1130503750.0,1129435000.0,6948200.0,2827800.0,,0.0,0.0,0.0
2023-09-18,58.0,0.0,0.0,60.0,56.0,58.0,0.0,17703100.0,1009637100.0,1097.0,58.0,58.0,913100.0,57.0,1663500.0,5650003800.0,1130503800.0,1129435000.0,502300.0,1115700.0,,0.0,0.0,0.0
2023-09-19,58.0,0.0,0.0,59.0,56.0,57.0,-1.0,9189000.0,525153200.0,632.0,57.0,58.0,871600.0,57.0,10200.0,5650003900.0,1130503900.0,1129435000.0,697400.0,366100.0,,0.0,0.0,0.0
2023-09-20,57.0,0.0,0.0,62.0,57.0,59.0,2.0,17269200.0,1016117200.0,964.0,59.0,60.0,591400.0,59.0,15900.0,5650003950.0,1130503950.0,1129435000.0,533600.0,1434700.0,,0.0,0.0,0.0
2023-09-21,59.0,0.0,0.0,62.0,57.0,61.0,2.0,15442200.0,927813800.0,909.0,61.0,61.0,406000.0,60.0,37100.0,5650003950.0,1130503950.0,1129435000.0,612400.0,2825500.0,,0.0,0.0,0.0
2023-09-22,61.0,0.0,0.0,66.0,61.0,63.0,2.0,49905600.0,3189180000.0,3152.0,63.0,63.0,380100.0,62.0,344700.0,5650003950.0,1130503950.0,1129435000.0,2995500.0,1307400.0,,50.0,50.0,1.0
2023-09-25,63.0,0.0,0.0,74.0,63.0,69.0,6.0,108636700.0,7452254700.0,6191.0,69.0,70.0,2313700.0,69.0,2410900.0,5650004150.0,1130504150.0,1129435000.0,2786000.0,6582600.0,,0.0,0.0,0.0
2023-09-26,69.0,0.0,0.0,72.0,65.0,66.0,-3.0,30515500.0,2070574100.0,1816.0,66.0,67.0,422100.0,66.0,102000.0,5650004150.0,1130504150.0,1129435000.0,4632900.0,168600.0,,0.0,0.0,0.0
2023-09-27,66.0,0.0,0.0,83.0,62.0,71.0,5.0,222069400.0,16805347800.0,14523.0,71.0,72.0,457800.0,71.0,2226600.0,5650004204.0,1130504204.0,1129435000.0,12345600.0,11990900.0,,0.0,0.0,0.0
2023-09-29,71.0,0.0,0.0,79.0,68.0,74.0,3.0,111133500.0,8324031600.0,8911.0,74.0,74.0,28100.0,73.0,1179300.0,5650004204.0,1130504204.0,1129435000.0,2123700.0,3580900.0,,0.0,0.0,0.0
2023-10-02,74.0,0.0,0.0,82.0,71.0,77.0,3.0,91564200.0,7044950500.0,5924.0,77.0,77.0,574000.0,76.0,578700.0,5650004204.0,1130504204.0,1100055769.0,5908400.0,4392400.0,,50.0,50.0,1.0
2023-10-03,77.0,0.0,0.0,89.0,76.0,83.0,6.0,181800800.0,15056633900.0,11427.0,83.0,83.0,195800.0,82.0,426000.0,5650004204.0,1130504204.0,1100055769.0,8613100.0,12797300.0,,0.0,0.0,0.0
2023-10-04,83.0,0.0,0.0,89.0,76.0,79.0,-4.0,132022900.0,10821190100.0,7331.0,79.0,80.0,364900.0,78.0,328500.0,5650004954.0,1130504954.0,1100055769.0,4713600.0,4699000.0,,0.0,0.0,0.0
2023-10-05,79.0,0.0,0.0,82.0,78.0,80.0,1.0,31795800.0,2538525700.0,1813.0,80.0,80.0,1905800.0,79.0,50800.0,5650004954.0,1130504954.0,1100055769.0,1779500.0,3578700.0,,0.0,0.0,0.0
2023-10-06,80.0,0.0,0.0,80.0,71.0,72.0,-8.0,26445900.0,1950788000.0,1829.0,72.0,72.0,538900.0,71.0,586500.0,5650004954.0,1130504954.0,1100055769.0,283100.0,3365600.0,,0.0,0.0,0.0
2023-10-09,72.0,0.0,0.0,83.0,67.0,71.0,-1.0,60430400.0,4537861600.0,3661.0,71.0,72.0,1018600.0,71.0,5500.0,5650004954.0,1130504954.0,1100055769.0,2119500.0,3497900.0,,0.0,0.0,0.0
2023-10-10,71.0,0.0,0.0,76.0,70.0,75.0,4.0,13003300.0,954379200.0,1083.0,75.0,75.0,1167300.0,74.0,292300.0,5650004954.0,1130504954.0,1100055769.0,773400.0,568000.0,,100.0,7200.0,1.0
2023-10-11,75.0,0.0,0.0,77.0,72.0,75.0,0.0,23651100.0,1749227200.0,1478.0,75.0,75.0,1389900.0,74.0,30000.0,5650005304.0,1130505304.0,1100055769.0,3599900.0,2950400.0,,0.0,0.0,0.0
2023-10-12,75.0,0.0,0.0,75.0,71.0,71.0,-4.0,7488300.0,542640000.0,591.0,71.0,72.0,908600.0,71.0,19600.0,5650005362.0,1130505362.0,1100055769.0,1175700.0,0.0,,0.0,0.0,0.0
2023-10-13,71.0,0.0,0.0,75.0,67.0,71.0,0.0,28454000.0,1997293100.0,1675.0,71.0,71.0,767700.0,69.0,63800.0,5650005370.0,1130505370.0,1100055769.0,2564800.0,886000.0,,0.0,0.0,0.0
2023-10-16,71.0,0.0,0.0,79.0,63.0,67.0,-4.0,222026100.0,15627568700.0,5536.0,67.0,67.0,556000.0,66.0,1265100.0,5650005370.0,1130505370.0,1100055769.0,8462700.0,9886900.0,,100000.0,6900000.0,1.0
2023-10-17,67.0,0.0,0.0,80.0,66.0,67.0,0.0,212527000.0,15226089300.0,9357.0,67.0,68.0,1216300.0,67.0,4406500.0,5650005520.0,1130505520.0,1100055769.0,3485700.0,2930100.0,,0.0,0.0,0.0
2023-10-18,67.0,0.0,0.0,69.0,60.0,67.0,0.0,113856000.0,7382528700.0,4586.0,67.0,67.0,628700.0,66.0,1129600.0,5650005520.0,1130505520.0,1100055769.0,2570200.0,2244200.0,,0.0,0.0,0.0
2023-10-19,67.0,0.0,0.0,73.0,60.0,61.0,-6.0,223083300.0,14122803100.0,6639.0,61.0,62.0,1052300.0,61.0,24200.0,5650005538.0,1130505538.0,1100055769.0,4265200.0,4163800.0,,0.0,0.0,0.0
2023-10-20,61.0,0.0,0.0,62.0,53.0,60.0,-1.0,85673800.0,4899155500.0,2949.0,60.0,60.0,1070500.0,59.0,157700.0,5650006438.0,1130506438.0,1100055769.0,3279400.0,3739100.0,,0.0,0.0,0.0
2023-10-23,60.0,0.0,0.0,60.0,57.0,58.0,-2.0,10686000.0,618700800.0,794.0,58.0,58.0,136700.0,57.0,1010100.0,5650006438.0,1130506438.0,1100055769.0,407200.0,63600.0,,0.0,0.0,0.0
2023-10-24,58.0,0.0,0.0,59.0,57.0,58.0,0.0,3698200.0,213897000.0,381.0,58.0,58.0,588800.0,57.0,893100.0,5650006438.0,1130506438.0,1100055769.0,87500.0,31300.0,,0.0,0.0,0.0
2023-10-25,58.0,0.0,0.0,58.0,56.0,57.0,-1.0,9044900.0,511255000.0,555.0,57.0,57.0,1173400.0,56.0,340200.0,5650006488.0,1130506488.0,1100055769.0,1230100.0,1000000.0,,0.0,0.0,0.0
2023-10-26,57.0,0.0,0.0,58.0,54.0,55.0,-2.0,12922100.0,713049900.0,553.0,55.0,55.0,73400.0,54.0,1768500.0,5650006488.0,1130506488.0,1100055769.0,2115900.0,3086800.0,,0.0,0.0,0.0
2023-10-27,55.0,0.0,0.0,58.0,50.0,50.0,-5.0,96011600.0,4952196700.0,4755.0,50.0,51.0,3428100.0,50.0,704600.0,5650006491.0,1130506491.0,1100055769.0,7210400.0,13001100.0,,0.0,0.0,0.0
2023-10-30,50.0,0.0,0.0,51.0,50.0,50.0,0.0,17053700.0,854088800.0,609.0,50.0,51.0,4062700.0,50.0,944400.0,5650006491.0,1130506491.0,1100055769.0,1011500.0,0.0,,0.0,0.0,0.0
2023-10-31,50.0,0.0,0.0,51.0,50.0,50.0,0.0,8353600.0,418192900.0,367.0,50.0,50.0,2021700.0,0.0,0.0,5650006541.0,1130506541.0,1100055769.0,512900.0,1002000.0,,0.0,0.0,0.0
2023-11-01,50.0,0.0,0.0,51.0,50.0,50.0,0.0,4608200.0,230410200.0,184.0,50.0,50.0,200.0,0.0,0.0,5650006641.0,1130506641.0,1100055769.0,100200.0,0.0,,0.0,0.0,0.0
2023-11-02,50.0,0.0,0.0,51.0,50.0,50.0,0.0,5806700.0,290376800.0,424.0,50.0,51.0,3639900.0,50.0,578300.0,5650006691.0,1130506691.0,1100055769.0,283000.0,34200.0,,0.0,0.0,0.0
2023-11-03,50.0,0.0,0.0,51.0,50.0,50.0,0.0,4045700.0,202348100.0,206.0,50.0,51.0,3528100.0,50.0,662000.0,5650006791.0,1130506791.0,1100055769.0,1360000.0,0.0,,0.0,0.0,0.0
2023-11-06,50.0,0.0,0.0,51.0,50.0,51.0,1.0,4508200.0,227000100.0,191.0,51.0,51.0,3154200.0,50.0,1792100.0,5650006791.0,1130506791.0,1100055769.0,1389500.0,1218000.0,,0.0,0.0,0.0
2023-11-07,51.0,0.0,0.0,54.0,50.0,51.0,0.0,11309800.0,581658900.0,429.0,51.0,51.0,3994100.0,50.0,2994900.0,5650006791.0,1130506791.0,1100055769.0,365200.0,898900.0,,0.0,0.0,0.0
2023-11-08,51.0,0.0,0.0,51.0,50.0,51.0,0.0,1810900.0,91251000.0,94.0,51.0,51.0,2417800.0,50.0,4981000.0,5650006791.0,1130506791.0,1100055769.0,0.0,0.0,,0.0,0.0,0.0
2023-11-09,51.0,0.0,0.0,51.0,50.0,50.0,-1.0,2196800.0,109865400.0,154.0,50.0,51.0,3423400.0,50.0,4597400.0,5650006791.0,1130506791.0,1100055769.0,0.0,0.0,,0.0,0.0,0.0
2023-11-10,50.0,0.0,0.0,51.0,50.0,50.0,0.0,4650800.0,232932600.0,140.0,50.0,51.0,4689600.0,50.0,727600.0,5650006841.0,1130506841.0,1100055769.0,31300.0,121100.0,,0.0,0.0,0.0
2023-11-13,50.0,0.0,0.0,52.0,50.0,50.0,0.0,5861900.0,297867700.0,250.0,50.0,51.0,877800.0,50.0,5566300.0,5650006891.0,1130506891.0,1100055769.0,204800.0,1338700.0,,0.0,0.0,0.0
2023-11-14,50.0,0.0,0.0,51.0,50.0,51.0,1.0,3594900.0,181365300.0,104.0,51.0,51.0,1155400.0,50.0,6919800.0,5650006891.0,1130506891.0,1100055769.0,0.0,343200.0,,0.0,0.0,0.0
2023-11-15,51.0,0.0,0.0,53.0,51.0,52.0,1.0,8352100.0,432504800.0,342.0,52.0,53.0,3190300.0,52.0,30900.0,5650006941.0,1130506941.0,1100055769.0,0.0,2254600.0,,0.0,0.0,0.0
2023-11-16,52.0,0.0,0.0,53.0,51.0,53.0,1.0,5115800.0,265723600.0,284.0,53.0,53.0,3628100.0,52.0,489100.0,5650006941.0,1130506941.0,1100055769.0,1110900.0,2091900.0,,0.0,0.0,0.0
2023-11-17,53.0,0.0,0.0,53.0,51.0,53.0,0.0,5514900.0,288977500.0,192.0,53.0,53.0,2898900.0,52.0,1607100.0,5650006941.0,1130506941.0,1100055769.0,200.0,3654100.0,,0.0,0.0,0.0
2023-11-20,53.0,0.0,0.0,54.0,52.0,53.0,0.0,4115300.0,217544900.0,162.0,53.0,53.0,1161700.0,52.0,2070000.0,5650007091.0,1130507091.0,1100055769.0,0.0,2660700.0,,0.0,0.0,0.0
2023-11-21,53.0,0.0,0.0,54.0,52.0,52.0,-1.0,3251100.0,169455200.0,155.0,52.0,53.0,1498700.0,52.0,360000.0,5650007091.0,1130507091.0,1100055769.0,385100.0,1198700.0,,0.0,0.0,0.0
2023-11-22,52.0,0.0,0.0,53.0,51.0,51.0,-1.0,2441200.0,126780500.0,139.0,51.0,52.0,299100.0,51.0,2915000.0,5650007141.0,1130507141.0,1100055769.0,23300.0,0.0,,0.0,0.0,0.0
2023-11-23,51.0,0.0,0.0,52.0,51.0,51.0,0.0,5153400.0,263479700.0,237.0,51.0,52.0,750400.0,51.0,2311400.0,5650007141.0,1130507141.0,1100055769.0,500000.0,1430000.0,,0.0,0.0,0.0
2023-11-24,51.0,0.0,0.0,52.0,51.0,51.0,0.0,1415000.0,72337500.0,84.0,51.0,52.0,1560500.0,51.0,632300.0,5650007141.0,1130507141.0,1100055769.0,0.0,100000.0,,10140000.0,507000000.0,1.0
2023-11-27,51.0,0.0,0.0,52.0,51.0,51.0,0.0,2782400.0,142021200.0,114.0,51.0,52.0,2544700.0,51.0,600.0,5650007191.0,1130507191.0,1100055769.0,151500.0,200000.0,,6490900.0,324545000.0,1.0
2023-11-28,51.0,0.0,0.0,51.0,50.0,51.0,0.0,2529900.0,126874300.0,106.0,51.0,51.0,1331600.0,50.0,5706700.0,5650007191.0,1130507191.0,1100055769.0,505600.0,500000.0,,0.0,0.0,0.0
2023-11-29,51.0,0.0,0.0,52.0,50.0,51.0,0.0,1944700.0,98984300.0,177.0,51.0,52.0,641600.0,51.0,122700.0,5650007191.0,1130507191.0,1100055769.0,0.0,0.0,,0.0,0.0,0.0
2023-11-30,51.0,0.0,0.0,52.0,50.0,51.0,0.0,2535000.0,128676700.0,197.0,51.0,51.0,101800.0,50.0,4157500.0,5650007191.0,1130507191.0,1100055769.0,0.0,140000.0,,0.0,0.0,0.0
2023-12-01,51.0,0.0,0.0,52.0,50.0,52.0,1.0,2410700.0,124903400.0,127.0,52.0,53.0,1527400.0,52.0,132200.0,5650007191.0,1130507191.0,1100055769.0,0.0,50000.0,,0.0,0.0,0.0
2023-12-04,52.0,0.0,0.0,53.0,50.0,51.0,-1.0,2702500.0,139162700.0,169.0,51.0,51.0,88700.0,50.0,5139300.0,5650007441.0,1130507441.0,1100055769.0,1211300.0,200000.0,,0.0,0.0,0.0
2023-12-05,51.0,0.0,0.0,55.0,50.0,54.0,3.0,14463500.0,769530600.0,624.0,54.0,54.0,615800.0,53.0,112800.0,5650007441.0,1130507441.0,1100055769.0,200000.0,2049700.0,,8800000.0,440000000.0,1.0
2023-12-06,54.0,0.0,0.0,55.0,51.0,53.0,-1.0,12849100.0,675212600.0,494.0,53.0,53.0,84600.0,52.0,1682400.0,5650007491.0,1130507491.0,1100055769.0,1200000.0,1200000.0,,0.0,0.0,0.0
2023-12-07,53.0,0.0,0.0,54.0,51.0,52.0,-1.0,5395300.0,279158800.0,206.0,52.0,52.0,971300.0,51.0,2314700.0,5650007541.0,1130507541.0,1100055769.0,1517400.0,1942900.0,,0.0,0.0,0.0
2023-12-08,52.0,0.0,0.0,52.0,50.0,52.0,0.0,4511400.0,230273200.0,137.0,52.0,52.0,1707800.0,51.0,121700.0,5650007541.0,1130507541.0,1100055769.0,1971300.0,1000000.0,,0.0,0.0,0.0
2023-12-11,52.0,0.0,0.0,52.0,50.0,50.0,-2.0,6858400.0,344031600.0,270.0,50.0,50.0,440900.0,0.0,0.0,5650007543.0,1130507543.0,1100055769.0,212700.0,286800.0,,10000000.0,500000000.0,1.0
2023-12-12,50.0,0.0,0.0,58.0,50.0,51.0,1.0,58663800.0,3106759900.0,1987.0,51.0,51.0,1328300.0,50.0,3438800.0,5650007543.0,1130507543.0,1100055769.0,3127400.0,4309400.0,,0.0,0.0,0.0
2023-12-13,51.0,0.0,0.0,52.0,50.0,50.0,-1.0,15224600.0,764343600.0,695.0,50.0,51.0,1451900.0,50.0,19700.0,5650007623.0,1130507623.0,1100055769.0,3347500.0,0.0,,0.0,0.0,0.0
2023-12-14,50.0,0.0,0.0,52.0,50.0,50.0,0.0,91533200.0,4624734300.0,4870.0,50.0,50.0,599700.0,0.0,0.0,5650007623.0,1130507623.0,1100055769.0,370800.0,360000.0,,3301300.0,165065000.0,1.0
2023-12-15,50.0,0.0,0.0,51.0,50.0,50.0,0.0,3159600.0,157987700.0,148.0,50.0,50.0,397700.0,0.0,0.0,5650008123.0,1130508123.0,1100055769.0,0.0,0.0,,0.0,0.0,0.0
2023-12-18,50.0,0.0,0.0,51.0,50.0,50.0,0.0,1404600.0,70230100.0,77.0,50.0,50.0,1799400.0,0.0,0.0,5650008123.0,1130508123.0,1100055769.0,0.0,0.0,,0.0,0.0,0.0
2023-12-19,50.0,0.0,0.0,51.0,50.0,50.0,0.0,3829400.0,191470300.0,134.0,50.0,50.0,1321700.0,0.0,0.0,5650008123.0,1130508123.0,1100055769.0,0.0,0.0,,0.0,0.0,0.0
2023-12-20,50.0,0.0,0.0,65.0,50.0,54.0,4.0,309430500.0,18245622700.0,12418.0,54.0,55.0,3103900.0,54.0,11800.0,5650008173.0,1130508173.0,1100055769.0,23351300.0,13311300.0,,0.0,0.0,0.0
2023-12-21,54.0,0.0,0.0,55.0,50.0,50.0,-4.0,117388600.0,5958005900.0,3027.0,50.0,51.0,5535500.0,50.0,124700.0,5650008223.0,1130508223.0,1100055769.0,0.0,9910800.0,,0.0,0.0,0.0
2023-12-22,50.0,0.0,0.0,51.0,50.0,51.0,1.0,26733400.0,1342264400.0,956.0,51.0,51.0,5187900.0,50.0,1216100.0,5650008223.0,1130508223.0,1100055769.0,100000.0,0.0,,0.0,0.0,0.0
2023-12-27,51.0,0.0,0.0,51.0,50.0,50.0,-1.0,10640200.0,533158800.0,589.0,50.0,50.0,3184800.0,0.0,0.0,5650008223.0,1130508223.0,1100055769.0,0.0,0.0,,0.0,0.0,0.0
2023-12-28,50.0,0.0,0.0,50.0,50.0,50.0,0.0,2064400.0,103220000.0,119.0,50.0,50.0,7653100.0,0.0,0.0,5650008223.0,1130508223.0,1100055769.0,0.0,0.0,,700.0,700.0,1.0
2023-12-29,50.0,0.0,0.0,50.0,50.0,50.0,0.0,907700.0,45385000.0,57.0,50.0,50.0,9333800.0,0.0,0.0,5650008223.0,1130508223.0,1100055769.0,0.0,0.0,,0.0,0.0,0.0
2024-01-02,50.0,0.0,0.0,50.0,50.0,50.0,0.0,944200.0,47210000.0,85.0,50.0,50.0,9451000.0,0.0,0.0,5650008223.0,1130508223.0,1080846554.0,0.0,0.0,,0.0,0.0,0.0
2024-01-03,50.0,0.0,0.0,50.0,50.0,50.0,0.0,197900.0,9895000.0,41.0,50.0,50.0,9408500.0,0.0,0.0,5650008273.0,1130508273.0,1080846554.0,0.0,0.0,,0.0,0.0,0.0
2024-01-04,50.0,0.0,0.0,50.0,50.0,50.0,0.0,445500.0,22275000.0,42.0,50.0,50.0,7623100.0,0.0,0.0,5650008273.0,1130508273.0,1080846554.0,0.0,0.0,,0.0,0.0,0.0
2024-01-05,50.0,0.0,0.0,50.0,50.0,50.0,0.0,1222600.0,61130000.0,44.0,50.0,50.0,11795000.0,0.0,0.0,5650008323.0,1130508323.0,1080846554.0,0.0,830000.0,,0.0,0.0,0.0
2024-01-08,50.0,0.0,0.0,50.0,50.0,50.0,0.0,287000.0,14350000.0,46.0,50.0,50.0,14052500.0,0.0,0.0,5650008423.0,1130508423.0,1080846554.0,0.0,0.0,,0.0,0.0,0.0
2024-01-09,50.0,0.0,0.0,50.0,50.0,50.0,0.0,393200.0,19660000.0,25.0,50.0,50.0,9723200.0,0.0,0.0,5650008423.0,1130508423.0,1080846554.0,0.0,0.0,,0.0,0.0,0.0
2024-01-10,50.0,0.0,0.0,50.0,50.0,50.0,0.0,36300.0,1815000.0,24.0,50.0,50.0,9547700.0,0.0,0.0,5650008423.0,1130508423.0,1080846554.0,0.0,0.0,,4000000.0,200000000.0,1.0
2024-01-11,50.0,0.0,0.0,50.0,50.0,50.0,0.0,345700.0,17285000.0,23.0,50.0,50.0,13701000.0,0.0,0.0,5650008523.0,1130508523.0,1080846554.0,0.0,0.0,,0.0,0.0,0.0
2024-01-12,50.0,0.0,0.0,50.0,50.0,50.0,0.0,225600.0,11280000.0,18.0,50.0,50.0,12802600.0,0.0,0.0,5650008523.0,1130508523.0,1080846554.0,0.0,0.0,,0.0,0.0,0.0
2024-01-15,50.0,0.0,0.0,50.0,50.0,50.0,0.0,1184500.0,59225000.0,36.0,50.0,50.0,13299500.0,0.0,0.0,5650008523.0,1130508523.0,1080846554.0,0.0,0.0,,0.0,0.0,0.0
2024-01-16,50.0,0.0,0.0,50.0,50.0,50.0,0.0,1122600.0,56130000.0,46.0,50.0,50.0,8366200.0,0.0,0.0,5650008523.0,1130508523.0,1080846554.0,0.0,100000.0,,238300.0,9555400.0,3.0
2024-01-17,50.0,0.0,0.0,50.0,50.0,50.0,0.0,2291700.0,114585000.0,134.0,50.0,50.0,6612400.0,0.0,0.0,5650008523.0,1130508523.0,1080846554.0,0.0,0.0,,1100.0,44000.0,1.0
2024-01-18,50.0,0.0,0.0,50.0,50.0,50.0,0.0,871100.0,43555000.0,62.0,50.0,50.0,7141600.0,0.0,0.0,5650008523.0,1130508523.0,1080846554.0,0.0,0.0,,24200.0,968000.0,1.0
2024-01-19,50.0,0.0,0.0,50.0,50.0,50.0,0.0,6100.0,305000.0,16.0,50.0,50.0,10321700.0,0.0,0.0,5650008523.0,1130508523.0,1080846554.0,0.0,0.0,,0.0,0.0,0.0
2024-01-22,50.0,0.0,0.0,50.0,50.0,50.0,0.0,286600.0,14330000.0,26.0,50.0,50.0,10156700.0,0.0,0.0,5650008723.0,1130508723.0,1080846554.0,0.0,0.0,,0.0,0.0,0.0
2024-01-23,50.0,0.0,0.0,50.0,50.0,50.0,0.0,73600.0,3680000.0,21.0,50.0,50.0,10193000.0,0.0,0.0,5650008723.0,1130508723.0,1080846554.0,0.0,0.0,,0.0,0.0,0.0
2024-01-24,50.0,0.0,0.0,50.0,50.0,50.0,0.0,110100.0,5505000.0,14.0,50.0,50.0,12853200.0,0.0,0.0,5650008723.0,1130508723.0,1080846554.0,0.0,0.0,,415600.0,16624000.0,2.0
2024-01-25,50.0,0.0,0.0,50.0,50.0,50.0,0.0,617400.0,30870000.0,41.0,50.0,50.0,11859600.0,0.0,0.0,5650008773.0,1130508773.0,1080846554.0,0.0,0.0,,2200.0,77000.0,1.0
2024-01-26,50.0,0.0,0.0,50.0,50.0,50.0,0.0,110100.0,5505000.0,9.0,50.0,50.0,11714200.0,0.0,0.0,5650008773.0,1130508773.0,1080846554.0,0.0,0.0,,961200.0,38448000.0,2.0
2024-01-29,50.0,0.0,0.0,50.0,50.0,50.0,0.0,121000.0,6050000.0,31.0,50.0,50.0,5661000.0,0.0,0.0,5650008773.0,1130508773.0,1080846554.0,0.0,0.0,,0.0,0.0,0.0
2024-01-30,50.0,0.0,0.0,52.0,50.0,50.0,0.0,17937600.0,899568900.0,629.0,50.0,50.0,1716600.0,0.0,0.0,5650008773.0,1130508773.0,1080846554.0,438200.0,0.0,,0.0,0.0,0.0
2024-01-31,50.0,0.0,0.0,50.0,50.0,50.0,0.0,487400.0,24370000.0,28.0,50.0,50.0,3289000.0,0.0,0.0,5650008773.0,1130508773.0,1080846554.0,0.0,0.0,,0.0,0.0,0.0
2024-02-01,50.0,0.0,0.0,50.0,50.0,50.0,0.0,100500.0,5025000.0,16.0,50.0,50.0,4112400.0,0.0,0.0,5650008773.0,5650008773.0,1080846554.0,0.0,0.0,,30000.0,1050000.0,1.0
2024-02-02,50.0,0.0,0.0,50.0,50.0,50.0,0.0,102300.0,5115000.0,9.0,50.0,50.0,3901400.0,0.0,0.0,5650008773.0,5650008773.0,1080846554.0,0.0,0.0,,13500.0,472500.0,1.0
2024-02-05,50.0,0.0,0.0,50.0,50.0,50.0,0.0,890700.0,44535000.0,27.0,50.0,50.0,3938500.0,0.0,0.0,5650008773.0,5650008773.0,1080846554.0,0.0,0.0,,0.0,0.0,0.0
2024-02-06,50.0,0.0,0.0,51.0,50.0,50.0,0.0,3610000.0,180504500.0,282.0,50.0,50.0,5392800.0,0.0,0.0,5650008773.0,5650008773.0,1080846554.0,19300.0,0.0,,0.0,0.0,0.0
2024-02-07,50.0,0.0,0.0,50.0,50.0,50.0,0.0,720900.0,36045000.0,25.0,50.0,50.0,7964800.0,0.0,0.0,5650008773.0,5650008773.0,1080846554.0,0.0,0.0,,0.0,0.0,0.0
2024-02-12,50.0,0.0,0.0,50.0,50.0,50.0,0.0,727600.0,36380000.0,33.0,50.0,50.0,9907600.0,0.0,0.0,5650008773.0,5650008773.0,1080846554.0,0.0,0.0,,0.0,0.0,0.0
2024-02-13,50.0,0.0,0.0,50.0,50.0,50.0,0.0,260500.0,13025000.0,12.0,50.0,50.0,6920100.0,0.0,0.0,5650008885.0,5650008885.0,1080846554.0,0.0,0.0,,19900.0,796000.0,1.0
2024-02-15,50.0,0.0,0.0,50.0,50.0,50.0,0.0,480400.0,24020000.0,22.0,50.0,50.0,7756900.0,0.0,0.0,5650008935.0,5650008935.0,1080846554.0,0.0,0.0,,366600.0,14454000.0,3.0
2024-02-16,50.0,0.0,0.0,50.0,50.0,50.0,0.0,653900.0,32695000.0,31.0,50.0,50.0,9066600.0,0.0,0.0,5650008935.0,5650008935.0,1080846554.0,0.0,0.0,,0.0,0.0,0.0
2024-02-19,50.0,0.0,0.0,50.0,50.0,50.0,0.0,2987600.0,149380000.0,151.0,50.0,50.0,3265600.0,0.0,0.0,5650009085.0,5650009085.0,1080846554.0,200000.0,0.0,,0.0,0.0,0.0
2024-02-20,50.0,0.0,0.0,50.0,50.0,50.0,0.0,2381100.0,119055000.0,155.0,50.0,50.0,5394200.0,0.0,0.0,5650009135.0,5650009135.0,1080846554.0,0.0,0.0,,0.0,0.0,0.0
2024-02-21,50.0,0.0,0.0,50.0,50.0,50.0,0.0,697700.0,34885000.0,51.0,50.0,50.0,5397200.0,0.0,0.0,5650009135.0,5650009135.0,1080846554.0,0.0,0.0,,560000.0,22400000.0,1.0
2024-02-22,50.0,0.0,0.0,50.0,50.0,50.0,0.0,482900.0,24145000.0,39.0,50.0,50.0,4628900.0,0.0,0.0,5650009185.0,5650009185.0,1080846554.0,0.0,0.0,,0.0,0.0,0.0
2024-02-23,50.0,0.0,0.0,50.0,50.0,50.0,0.0,541700.0,27085000.0,35.0,50.0,50.0,1741700.0,0.0,0.0,5650009185.0,5650009185.0,1080846554.0,0.0,800.0,,0.0,0.0,0.0
2024-02-26,50.0,0.0,0.0,50.0,50.0,50.0,0.0,60400.0,3020000.0,15.0,50.0,50.0,5731500.0,0.0,0.0,5650009185.0,5650009185.0,1080846554.0,0.0,0.0,,1400.0,56000.0,1.0
2024-02-27,50.0,0.0,0.0,50.0,50.0,50.0,0.0,17500.0,875000.0,9.0,50.0,50.0,6614400.0,0.0,0.0,5650009185.0,5650009185.0,1080846554.0,0.0,0.0,,572600.0,22904000.0,1.0
2024-02-28,50.0,0.0,0.0,50.0,50.0,50.0,0.0,23700.0,1185000.0,13.0,50.0,50.0,6770100.0,0.0,0.0,5650009285.0,5650009285.0,1080846554.0,0.0,0.0,,0.0,0.0,0.0
2024-02-29,50.0,0.0,0.0,50.0,50.0,50.0,0.0,16500.0,825000.0,9.0,50.0,50.0,8089600.0,0.0,0.0,5650009335.0,5650009335.0,1080846554.0,0.0,0.0,,173700.0,6426900.0,1.0
2024-03-01,50.0,0.0,0.0,50.0,50.0,50.0,0.0,627900.0,31395000.0,39.0,50.0,50.0,6787300.0,0.0,0.0,5650009335.0,5650009335.0,1080846554.0,0.0,0.0,,179000.0,8886000.0,2.0
2024-03-04,50.0,0.0,0.0,50.0,50.0,50.0,0.0,58000.0,2900000.0,19.0,50.0,50.0,4060400.0,0.0,0.0,5650009335.0,5650009335.0,1080846554.0,0.0,0.0,,154000.0,7700000.0,1.0
2024-03-05,50.0,0.0,0.0,50.0,50.0,50.0,0.0,273600.0,13680000.0,13.0,50.0,50.0,5741500.0,0.0,0.0,5650009335.0,5650009335.0,1080846554.0,0.0,0.0,,0.0,0.0,0.0
2024-03-06,50.0,0.0,0.0,50.0,50.0,50.0,0.0,430100.0,21505000.0,8.0,50.0,50.0,5262200.0,0.0,0.0,5650009335.0,5650009335.0,1080846554.0,0.0,0.0,,175000.0,8750000.0,1.0
2024-03-07,50.0,0.0,0.0,50.0,50.0,50.0,0.0,20700.0,1035000.0,10.0,50.0,50.0,4896700.0,0.0,0.0,5650009335.0,5650009335.0,1080846554.0,0.0,0.0,,151000.0,6350000.0,2.0
2024-03-08,50.0,0.0,0.0,50.0,50.0,50.0,0.0,17300.0,865000.0,7.0,50.0,50.0,4024900.0,0.0,0.0,5650009335.0,5650009335.0,1080846554.0,0.0,0.0,,0.0,0.0,0.0
2024-03-13,50.0,0.0,0.0,50.0,50.0,50.0,0.0,934400.0,46720000.0,45.0,50.0,50.0,6148600.0,0.0,0.0,5650009335.0,5650009335.0,1080846554.0,0.0,0.0,,0.0,0.0,0.0
2024-03-14,50.0,0.0,0.0,50.0,50.0,50.0,0.0,110900.0,5545000.0,10.0,50.0,50.0,10195000.0,0.0,0.0,5650009335.0,5650009335.0,1080846554.0,0.0,0.0,,0.0,0.0,0.0
2024-03-15,50.0,0.0,0.0,50.0,50.0,50.0,0.0,20500.0,1025000.0,6.0,50.0,50.0,8741200.0,0.0,0.0,5650009385.0,5650009385.0,1080846554.0,0.0,0.0,,0.0,0.0,0.0
2024-03-18,50.0,0.0,0.0,50.0,50.0,50.0,0.0,390400.0,19520000.0,17.0,50.0,50.0,3570600.0,0.0,0.0,5650009385.0,5650009385.0,1080846554.0,0.0,0.0,,85000.0,4250000.0,2.0
2024-03-19,50.0,0.0,0.0,50.0,50.0,50.0,0.0,126200.0,6310000.0,10.0,50.0,50.0,4380400.0,0.0,0.0,5650009385.0,5650009385.0,1080846554.0,0.0,0.0,,558700.0,22352400.0,2.0
2024-03-20,50.0,0.0,0.0,50.0,50.0,50.0,0.0,38400.0,1920000.0,12.0,50.0,50.0,5500000.0,0.0,0.0,5650009385.0,5650009385.0,1080846554.0,0.0,0.0,,0.0,0.0,0.0
2024-03-21,50.0,0.0,0.0,50.0,50.0,50.0,0.0,33500.0,1675000.0,5.0,50.0,50.0,6900600.0,0.0,0.0,5650009435.0,5650009435.0,1080846554.0,0.0,0.0,,19400.0,776000.0,2.0
2024-03-22,50.0,0.0,0.0,50.0,50.0,50.0,0.0,180000.0,9000000.0,101.0,50.0,50.0,6264300.0,0.0,0.0,5650009485.0,5650009485.0,1080846554.0,0.0,0.0,,0.0,0.0,0.0
2024-03-25,50.0,0.0,0.0,50.0,50.0,50.0,0.0,74500.0,3725000.0,25.0,50.0,50.0,11228700.0,0.0,0.0,5650009535.0,5650009535.0,1080846554.0,0.0,0.0,,60000.0,2220000.0,1.0
2024-03-26,50.0,0.0,0.0,50.0,50.0,50.0,0.0,14000.0,700000.0,5.0,50.0,50.0,14247200.0,0.0,0.0,5650009585.0,5650009585.0,1080846554.0,0.0,0.0,,321900.0,12876000.0,1.0
2024-03-27,50.0,0.0,0.0,50.0,50.0,50.0,0.0,19500.0,975000.0,9.0,50.0,50.0,14859200.0,0.0,0.0,5650009585.0,5650009585.0,1080846554.0,0.0,0.0,,0.0,0.0,0.0
2024-03-28,50.0,0.0,0.0,50.0,50.0,50.0,0.0,8000.0,400000.0,7.0,50.0,50.0,11532000.0,0.0,0.0,5650009635.0,5650009635.0,1080846554.0,0.0,0.0,,10000.0,370000.0,1.0
2024-04-01,50.0,0.0,0.0,50.0,50.0,50.0,0.0,1300.0,65000.0,2.0,50.0,50.0,17107500.0,0.0,0.0,5650009635.0,5650009635.0,1053161749.0,0.0,0.0,,0.0,0.0,0.0
2024-04-02,50.0,0.0,0.0,50.0,50.0,50.0,0.0,20200.0,1010000.0,3.0,50.0,50.0,14306200.0,0.0,0.0,5650009685.0,5650009685.0,1053161749.0,0.0,0.0,,0.0,0.0,0.0
2024-04-03,50.0,0.0,0.0,50.0,50.0,50.0,0.0,20400.0,1020000.0,5.0,50.0,50.0,12386600.0,0.0,0.0,5650009835.0,5650009835.0,1053161749.0,0.0,0.0,,1500.0,60000.0,1.0
2024-04-04,50.0,0.0,0.0,50.0,50.0,50.0,0.0,14000.0,700000.0,3.0,50.0,50.0,13586600.0,0.0,0.0,5650009835.0,5650009835.0,1053161749.0,0.0,0.0,,0.0,0.0,0.0
2024-04-05,50.0,0.0,0.0,50.0,50.0,50.0,0.0,351700.0,17585000.0,38.0,50.0,50.0,14233500.0,0.0,0.0,5650009835.0,5650009835.0,1053161749.0,0.0,0.0,,0.0,0.0,0.0
2024-04-16,50.0,0.0,0.0,50.0,50.0,50.0,0.0,1112200.0,55610000.0,22.0,50.0,50.0,19434500.0,0.0,0.0,5650009930.0,5650009930.0,1053161749.0,0.0,0.0,,0.0,0.0,0.0
2024-04-17,50.0,0.0,0.0,50.0,50.0,50.0,0.0,1492900.0,74645000.0,150.0,50.0,50.0,12879000.0,0.0,0.0,5650009980.0,5650009980.0,1053161749.0,0.0,0.0,,60000.0,3000000.0,1.0
2024-04-18,50.0,0.0,0.0,50.0,50.0,50.0,0.0,3136900.0,156845000.0,196.0,50.0,50.0,8472400.0,0.0,0.0,5650010585.0,5650010585.0,1053161749.0,597400.0,0.0,,0.0,0.0,0.0
2024-04-19,50.0,0.0,0.0,50.0,50.0,50.0,0.0,775700.0,38785000.0,66.0,50.0,50.0,9932600.0,0.0,0.0,5650010685.0,5650010685.0,1053161749.0,427400.0,0.0,,3240300.0,113410500.0,1.0
2024-04-22,50.0,0.0,0.0,50.0,50.0,50.0,0.0,373600.0,18680000.0,76.0,50.0,50.0,9429000.0,0.0,0.0,5650010735.0,5650010735.0,1053161749.0,0.0,0.0,,14600.0,584000.0,1.0
2024-04-23,50.0,0.0,0.0,50.0,50.0,50.0,0.0,12500.0,625000.0,5.0,50.0,50.0,11024100.0,0.0,0.0,5650010735.0,5650010735.0,1053161749.0,0.0,0.0,,0.0,0.0,0.0
2024-04-24,50.0,0.0,0.0,50.0,50.0,50.0,0.0,521400.0,26070000.0,51.0,50.0,50.0,14748000.0,0.0,0.0,5650010735.0,5650010735.0,1053161749.0,0.0,0.0,,80000.0,2800000.0,1.0
2024-04-25,50.0,0.0,0.0,50.0,50.0,50.0,0.0,426300.0,21315000.0,93.0,50.0,50.0,14704300.0,0.0,0.0,5650010785.0,5650010785.0,1053161749.0,0.0,0.0,,0.0,0.0,0.0
2024-04-26,50.0,0.0,0.0,50.0,50.0,50.0,0.0,445000.0,22250000.0,52.0,50.0,50.0,14275700.0,0.0,0.0,5650010785.0,5650010785.0,1053161749.0,0.0,0.0,,0.0,0.0,0.0
2024-04-29,50.0,0.0,0.0,50.0,50.0,50.0,0.0,781100.0,39055000.0,56.0,50.0,50.0,13376300.0,0.0,0.0,5650010835.0,5650010835.0,1053161749.0,0.0,0.0,,0.0,0.0,0.0
2024-04-30,50.0,0.0,0.0,50.0,50.0,50.0,0.0,467700.0,23385000.0,41.0,50.0,50.0,11281000.0,0.0,0.0,5650010835.0,5650010835.0,1053161749.0,0.0,0.0,,0.0,0.0,0.0
2024-05-02,50.0,0.0,0.0,50.0,50.0,50.0,0.0,540700.0,27035000.0,24.0,50.0,50.0,14497500.0,0.0,0.0,5650010885.0,5650010885.0,1053161749.0,0.0,0.0,,115000.0,4830000.0,1.0
2024-05-03,50.0,0.0,0.0,50.0,50.0,50.0,0.0,133600.0,6680000.0,36.0,50.0,50.0,14274100.0,0.0,0.0,5650010885.0,5650010885.0,1053161749.0,0.0,0.0,,200000.0,6000000.0,1.0
2024-05-06,50.0,0.0,0.0,50.0,50.0,50.0,0.0,143100.0,7155000.0,20.0,50.0,50.0,15817400.0,0.0,0.0,5650010885.0,5650010885.0,1053161749.0,0.0,0.0,,1065200.0,40008000.0,3.0
2024-05-07,50.0,0.0,0.0,50.0,50.0,50.0,0.0,417500.0,20875000.0,34.0,50.0,50.0,14312100.0,0.0,0.0,5650010885.0,5650010885.0,1053161749.0,0.0,0.0,,0.0,0.0,0.0
2024-05-08,50.0,0.0,0.0,50.0,50.0,50.0,0.0,747400.0,37370000.0,38.0,50.0,50.0,12070100.0,0.0,0.0,5650010885.0,5650010885.0,1053161749.0,0.0,0.0,,400000.0,12350000.0,3.0
2024-05-13,50.0,0.0,0.0,50.0,50.0,50.0,0.0,1919100.0,95955000.0,59.0,50.0,50.0,13010700.0,0.0,0.0,5650010885.0,5650010885.0,1053161749.0,1511700.0,0.0,,1625000.0,81250000.0,1.0
2024-05-14,50.0,0.0,0.0,50.0,50.0,50.0,0.0,2041100.0,102055000.0,205.0,50.0,50.0,13399300.0,0.0,0.0,5650010885.0,5650010885.0,1053161749.0,656700.0,0.0,,0.0,0.0,0.0
2024-05-15,50.0,0.0,0.0,50.0,50.0,50.0,0.0,1083200.0,54160000.0,10.0,50.0,50.0,13052900.0,0.0,0.0,5650010885.0,5650010885.0,1053161749.0,1083200.0,0.0,,280000.0,10940000.0,4.0
2024-05-16,50.0,0.0,0.0,50.0,50.0,50.0,0.0,860800.0,43040000.0,52.0,50.0,50.0,10092600.0,0.0,0.0,5650010935.0,5650010935.0,1053161749.0,164500.0,0.0,,445000.0,17300000.0,2.0
2024-05-17,50.0,0.0,0.0,50.0,50.0,50.0,0.0,847400.0,42370000.0,51.0,50.0,50.0,10646100.0,0.0,0.0,5650010935.0,5650010935.0,1053161749.0,407400.0,0.0,,93500.0,3927000.0,1.0
2024-05-20,50.0,0.0,0.0,50.0,50.0,50.0,0.0,435300.0,21765000.0,22.0,50.0,50.0,12790900.0,0.0,0.0,5650010935.0,5650010935.0,1053161749.0,0.0,0.0,,463200.0,16560000.0,2.0
2024-05-21,50.0,0.0,0.0,52.0,50.0,51.0,1.0,42079200.0,2120213300.0,3635.0,51.0,51.0,1472200.0,50.0,18200.0,5650010935.0,5650010935.0,1053161749.0,2700000.0,0.0,,0.0,0.0,0.0
2024-05-22,51.0,0.0,0.0,52.0,50.0,50.0,-1.0,8793200.0,446646200.0,393.0,50.0,50.0,5986600.0,0.0,0.0,5650010935.0,5650010935.0,1053161749.0,2015200.0,0.0,,0.0,0.0,0.0
2024-05-27,50.0,0.0,0.0,50.0,50.0,50.0,0.0,76300.0,3815000.0,28.0,50.0,50.0,10596600.0,0.0,0.0,5650010935.0,5650010935.0,1053161749.0,0.0,0.0,,0.0,0.0,0.0
2024-05-28,50.0,0.0,0.0,50.0,50.0,50.0,0.0,105600.0,5280000.0,55.0,50.0,50.0,11816200.0,0.0,0.0,5650010935.0,5650010935.0,1053161749.0,0.0,0.0,,0.0,0.0,0.0
2024-05-29,50.0,0.0,0.0,50.0,50.0,50.0,0.0,1600.0,80000.0,3.0,50.0,50.0,12761600.0,0.0,0.0,5650010985.0,5650010985.0,1053161749.0,0.0,0.0,,0.0,0.0,0.0
2024-05-30,50.0,0.0,0.0,50.0,50.0,50.0,0.0,1200.0,60000.0,4.0,50.0,50.0,14223800.0,0.0,0.0,5650010985.0,5650010985.0,1053161749.0,0.0,0.0,,0.0,0.0,0.0
2024-05-31,50.0,0.0,0.0,45.0,45.0,45.0,-5.0,5276700.0,237451500.0,43.0,45.0,45.0,21315900.0,0.0,0.0,5650011035.0,5650011035.0,1053161749.0,0.0,0.0,,0.0,0.0,0.0
2024-06-03,45.0,0.0,0.0,41.0,41.0,41.0,-4.0,2122000.0,87002000.0,25.0,41.0,41.0,26650000.0,0.0,0.0,5650011035.0,5650011035.0,1053161749.0,1521100.0,0.0,,0.0,0.0,0.0
2024-06-04,41.0,0.0,0.0,38.0,37.0,37.0,-4.0,32228600.0,1194815900.0,342.0,37.0,38.0,1134000.0,37.0,3895000.0,5650011035.0,5650011035.0,1053161749.0,3238900.0,0.0,,0.0,0.0,0.0
2024-06-05,37.0,0.0,0.0,34.0,34.0,34.0,-3.0,8470800.0,288007200.0,146.0,34.0,34.0,7347100.0,0.0,0.0,5650011035.0,5650011035.0,1053161749.0,500000.0,0.0,,0.0,0.0,0.0
2024-06-06,34.0,0.0,0.0,33.0,31.0,33.0,-1.0,7026400.0,221907000.0,140.0,33.0,33.0,476400.0,32.0,10100.0,5650011035.0,5650011035.0,1053161749.0,515300.0,0.0,,5400.0,183600.0,1.0
2024-06-07,33.0,0.0,0.0,35.0,35.0,35.0,2.0,6604100.0,231143500.0,165.0,35.0,36.0,999300.0,35.0,664200.0,5650011035.0,5650011035.0,1053161749.0,450000.0,0.0,,0.0,0.0,0.0
2024-06-10,35.0,0.0,0.0,36.0,35.0,35.0,0.0,1536900.0,54340500.0,71.0,35.0,35.0,2559100.0,34.0,15000.0,5650011035.0,5650011035.0,1053161749.0,0.0,11000.0,,0.0,0.0,0.0
2024-06-11,35.0,0.0,0.0,38.0,38.0,38.0,3.0,14246300.0,541359400.0,138.0,38.0,0.0,0.0,38.0,3399400.0,5650011085.0,5650011085.0,1053161749.0,934700.0,0.0,,0.0,0.0,0.0
2024-06-12,38.0,0.0,0.0,41.0,41.0,41.0,3.0,1429500.0,58609500.0,79.0,41.0,0.0,0.0,41.0,12465300.0,5650011135.0,5650011135.0,1053161749.0,0.0,0.0,,0.0,0.0,0.0
2024-06-13,41.0,0.0,0.0,45.0,45.0,45.0,4.0,2527600.0,113742000.0,85.0,45.0,0.0,0.0,45.0,11133900.0,5650011135.0,5650011135.0,1053161749.0,0.0,0.0,,0.0,0.0,0.0
2024-06-14,45.0,0.0,0.0,49.0,46.0,46.0,1.0,4623500.0,224597000.0,126.0,46.0,46.0,43300.0,45.0,28600.0,5650011185.0,5650011185.0,1053161749.0,0.0,0.0,,0.0,0.0,0.0
2024-06-19,46.0,0.0,0.0,50.0,47.0,50.0,4.0,6231100.0,307761100.0,124.0,50.0,0.0,0.0,50.0,1192300.0,5650011185.0,5650011185.0,1053161749.0,0.0,0.0,,0.0,0.0,0.0
2024-06-20,50.0,0.0,0.0,51.0,50.0,51.0,1.0,3150600.0,158493800.0,116.0,51.0,51.0,1567500.0,50.0,1159400.0,5650011185.0,5650011185.0,1053161749.0,0.0,0.0,,0.0,0.0,0.0
2024-06-21,51.0,0.0,0.0,55.0,50.0,52.0,1.0,16457400.0,847261000.0,796.0,52.0,52.0,2860800.0,51.0,478400.0,5650011235.0,5650011235.0,1053161749.0,91000.0,91000.0,,0.0,0.0,0.0
2024-06-24,52.0,0.0,0.0,52.0,50.0,50.0,-2.0,5522200.0,277069200.0,271.0,50.0,50.0,387000.0,0.0,0.0,5650011235.0,5650011235.0,1053161749.0,0.0,0.0,,0.0,0.0,0.0
2024-06-25,50.0,0.0,0.0,52.0,50.0,52.0,2.0,6586300.0,335146400.0,3167.0,52.0,52.0,3358100.0,51.0,1053000.0,5650011235.0,5650011235.0,1053161749.0,0.0,74200.0,,0.0,0.0,0.0
2024-06-26,52.0,0.0,0.0,53.0,50.0,51.0,-1.0,21195200.0,1075738300.0,6638.0,51.0,51.0,2929200.0,50.0,1027500.0,5650011235.0,5650011235.0,1053161749.0,0.0,0.0,,0.0,0.0,0.0
2024-06-27,51.0,0.0,0.0,51.0,50.0,51.0,0.0,2974100.0,148816200.0,325.0,51.0,51.0,3794000.0,50.0,2713600.0,5650011235.0,5650011235.0,1053161749.0,0.0,0.0,,0.0,0.0,0.0
2024-06-28,51.0,0.0,0.0,50.0,50.0,50.0,-1.0,157800.0,7890000.0,41.0,50.0,50.0,1661800.0,0.0,0.0,5650011235.0,5650011235.0,1053161749.0,0.0,0.0,,0.0,0.0,0.0
2024-07-01,50.0,0.0,0.0,50.0,50.0,50.0,0.0,9200.0,460000.0,5.0,50.0,50.0,4492100.0,0.0,0.0,5650011235.0,5650011235.0,995531971.0,0.0,0.0,,0.0,0.0,0.0
2024-07-02,50.0,0.0,0.0,51.0,50.0,50.0,0.0,8667500.0,433405100.0,114.0,50.0,51.0,2879500.0,50.0,459100.0,5650011235.0,5650011235.0,995531971.0,0.0,0.0,,0.0,0.0,0.0
2024-07-03,50.0,0.0,0.0,51.0,50.0,50.0,0.0,3576000.0,178809100.0,168.0,50.0,50.0,2558700.0,0.0,0.0,5650011235.0,5650011235.0,995531971.0,0.0,28900.0,,0.0,0.0,0.0
2024-07-04,50.0,0.0,0.0,50.0,50.0,50.0,0.0,243700.0,12185000.0,15.0,50.0,50.0,2885200.0,0.0,0.0,5650011235.0,5650011235.0,995531971.0,0.0,0.0,,0.0,0.0,0.0
2024-07-05,50.0,0.0,0.0,51.0,50.0,50.0,0.0,854700.0,42827800.0,60.0,50.0,50.0,575000.0,0.0,0.0,5650011235.0,5650011235.0,995531971.0,0.0,12100.0,,0.0,0.0,0.0
2024-07-08,50.0,0.0,0.0,51.0,50.0,51.0,1.0,5830800.0,291874200.0,1166.0,51.0,51.0,2660600.0,50.0,602000.0,5650011235.0,5650011235.0,995531971.0,0.0,0.0,,0.0,0.0,0.0
2024-07-09,51.0,0.0,0.0,51.0,50.0,50.0,-1.0,2532600.0,126878200.0,124.0,50.0,50.0,214200.0,0.0,0.0,5650011235.0,5650011235.0,995531971.0,0.0,0.0,,0.0,0.0,0.0
2024-07-10,50.0,0.0,0.0,51.0,50.0,50.0,0.0,367100.0,18375000.0,49.0,50.0,50.0,626300.0,0.0,0.0,5650011235.0,5650011235.0,995531971.0,0.0,0.0,,0.0,0.0,0.0
2024-07-11,50.0,0.0,0.0,50.0,50.0,50.0,0.0,13600.0,680000.0,11.0,50.0,50.0,4291100.0,0.0,0.0,5650011285.0,5650011285.0,995531971.0,0.0,0.0,,0.0,0.0,0.0
2024-07-12,50.0,0.0,0.0,50.0,50.0,50.0,0.0,35700.0,1785000.0,16.0,50.0,50.0,1468700.0,0.0,0.0,5650011285.0,5650011285.0,995531971.0,0.0,0.0,,0.0,0.0,0.0
2024-07-15,50.0,0.0,0.0,50.0,50.0,50.0,0.0,4106100.0,205305000.0,29.0,50.0,50.0,1051100.0,0.0,0.0,5650011385.0,5650011385.0,995531971.0,3400000.0,0.0,,0.0,0.0,0.0
2024-07-16,50.0,0.0,0.0,50.0,50.0,50.0,0.0,37200.0,1860000.0,12.0,50.0,50.0,4416800.0,0.0,0.0,5650011385.0,5650011385.0,995531971.0,0.0,0.0,,0.0,0.0,0.0
2024-07-17,50.0,0.0,0.0,50.0,50.0,50.0,0.0,29900.0,1495000.0,15.0,50.0,50.0,1659300.0,0.0,0.0,5650011385.0,5650011385.0,995531971.0,0.0,0.0,,0.0,0.0,0.0
2024-07-18,50.0,0.0,0.0,50.0,50.0,50.0,0.0,26700.0,1335000.0,9.0,50.0,50.0,1640500.0,0.0,0.0,5650011385.0,5650011385.0,995531971.0,0.0,0.0,,0.0,0.0,0.0
2024-07-19,50.0,0.0,0.0,51.0,50.0,51.0,1.0,8163900.0,408469800.0,138.0,51.0,51.0,2663700.0,50.0,2074100.0,5650011435.0,5650011435.0,995531971.0,0.0,0.0,,0.0,0.0,0.0
2024-07-22,51.0,0.0,0.0,55.0,50.0,52.0,1.0,18237700.0,948611200.0,641.0,52.0,52.0,2576300.0,51.0,181100.0,5650011435.0,5650011435.0,995531971.0,74200.0,1776400.0,,0.0,0.0,0.0
2024-07-23,52.0,0.0,0.0,54.0,50.0,52.0,0.0,3522700.0,181849800.0,524.0,52.0,53.0,1404800.0,52.0,1574600.0,5650011435.0,5650011435.0,995531971.0,31300.0,160000.0,,0.0,0.0,0.0
2024-07-24,52.0,0.0,0.0,53.0,51.0,53.0,1.0,3191700.0,166056800.0,186.0,53.0,53.0,1835000.0,52.0,188800.0,5650011485.0,5650011485.0,995531971.0,0.0,0.0,,0.0,0.0,0.0
2024-07-25,53.0,0.0,0.0,53.0,51.0,53.0,0.0,2594900.0,134627800.0,199.0,53.0,53.0,1627500.0,52.0,80900.0,5650011485.0,5650011485.0,995531971.0,120000.0,31300.0,,0.0,0.0,0.0
2024-07-26,53.0,0.0,0.0,60.0,51.0,54.0,1.0,35211400.0,1967687800.0,1439.0,54.0,55.0,157000.0,54.0,706300.0,5650011535.0,5650011535.0,995531971.0,1006700.0,1248700.0,,0.0,0.0,0.0
2024-07-29,54.0,0.0,0.0,59.0,54.0,56.0,2.0,9181900.0,516550400.0,502.0,56.0,57.0,907900.0,56.0,43100.0,5650011585.0,5650011585.0,995531971.0,210800.0,227000.0,,0.0,0.0,0.0
2024-07-30,56.0,0.0,0.0,57.0,55.0,57.0,1.0,4351500.0,243636500.0,221.0,57.0,57.0,846400.0,56.0,117300.0,5650011585.0,5650011585.0,995531971.0,0.0,113500.0,,0.0,0.0,0.0
2024-07-31,57.0,0.0,0.0,60.0,55.0,59.0,2.0,17114700.0,993574900.0,852.0,59.0,59.0,660000.0,58.0,417600.0,5650011585.0,5650011585.0,995531971.0,79600.0,105400.0,,0.0,0.0,0.0
2024-08-01,59.0,0.0,0.0,61.0,58.0,60.0,1.0,14161000.0,839047800.0,862.0,60.0,60.0,429400.0,59.0,880400.0,5650011585.0,5650011585.0,995531971.0,207300.0,0.0,,0.0,0.0,0.0
2024-08-02,60.0,0.0,0.0,67.0,58.0,66.0,6.0,35369100.0,2202550300.0,1455.0,66.0,66.0,61900.0,65.0,182700.0,5650011585.0,5650011585.0,995531971.0,1070300.0,234200.0,,0.0,0.0,0.0
2024-08-05,66.0,0.0,0.0,72.0,63.0,72.0,6.0,46028300.0,3156882700.0,2499.0,72.0,72.0,5090100.0,71.0,848400.0,5650012335.0,5650012335.0,995531971.0,1169700.0,1488000.0,,0.0,0.0,0.0
2024-08-06,72.0,0.0,0.0,73.0,65.0,72.0,0.0,22138500.0,1560526700.0,1551.0,72.0,72.0,469800.0,71.0,713000.0,5650012385.0,5650012385.0,995531971.0,958800.0,958800.0,,0.0,0.0,0.0
2024-08-07,72.0,0.0,0.0,80.0,68.0,71.0,-1.0,41501100.0,3044675800.0,2649.0,71.0,71.0,893300.0,70.0,269400.0,5650012385.0,5650012385.0,995531971.0,1716900.0,2282600.0,,0.0,0.0,0.0
2024-08-08,71.0,0.0,0.0,72.0,66.0,70.0,-1.0,19523100.0,1352587900.0,887.0,70.0,71.0,475500.0,69.0,1480100.0,5650012385.0,5650012385.0,995531971.0,55000.0,634700.0,,0.0,0.0,0.0
2024-08-09,70.0,0.0,0.0,75.0,70.0,73.0,3.0,11138700.0,800892600.0,633.0,73.0,73.0,1434800.0,72.0,534100.0,5650012385.0,5650012385.0,995531971.0,0.0,728500.0,,0.0,0.0,0.0
2024-08-12,73.0,0.0,0.0,78.0,72.0,75.0,2.0,52535500.0,3956100100.0,6546.0,75.0,76.0,1789000.0,75.0,17100.0,5650012385.0,5650012385.0,995531971.0,1150200.0,887300.0,,0.0,0.0,0.0
2024-08-13,75.0,0.0,0.0,76.0,72.0,75.0,0.0,23906400.0,1769246200.0,4893.0,75.0,75.0,1727500.0,74.0,10400.0,5650012385.0,5650012385.0,995531971.0,1344900.0,285400.0,,0.0,0.0,0.0
2024-08-14,75.0,0.0,0.0,75.0,70.0,70.0,-5.0,15675600.0,1123926600.0,1140.0,70.0,70.0,2291000.0,69.0,1744700.0,5650012385.0,5650012385.0,995531971.0,247200.0,20000.0,,0.0,0.0,0.0
2024-08-15,70.0,0.0,0.0,72.0,66.0,71.0,1.0,26534300.0,1825423300.0,1871.0,71.0,71.0,1301800.0,70.0,267300.0,5650012385.0,5650012385.0,995531971.0,1164000.0,874400.0,,0.0,0.0,0.0
2024-08-16,71.0,0.0,0.0,72.0,68.0,71.0,0.0,7788900.0,545379600.0,340.0,71.0,71.0,2007900.0,70.0,821100.0,5650012385.0,5650012385.0,995531971.0,23300.0,1063500.0,,0.0,0.0,0.0
2024-08-19,71.0,0.0,0.0,71.0,68.0,69.0,-2.0,9508100.0,657129900.0,449.0,69.0,69.0,566400.0,68.0,915600.0,5650012485.0,5650012485.0,995531971.0,22400.0,22200.0,,0.0,0.0,0.0
2024-08-20,69.0,0.0,0.0,73.0,67.0,70.0,1.0,10625400.0,738743800.0,557.0,70.0,70.0,789600.0,69.0,1351200.0,5650012485.0,5650012485.0,995531971.0,259800.0,1215200.0,,0.0,0.0,0.0
2024-08-21,70.0,0.0,0.0,72.0,69.0,70.0,0.0,6847000.0,479444600.0,329.0,70.0,71.0,261600.0,70.0,79200.0,5650012485.0,5650012485.0,995531971.0,168600.0,0.0,,0.0,0.0,0.0
2024-08-22,70.0,0.0,0.0,71.0,69.0,70.0,0.0,2916900.0,204153900.0,223.0,70.0,71.0,2597300.0,70.0,822300.0,5650012485.0,5650012485.0,995531971.0,30000.0,0.0,,0.0,0.0,0.0
2024-08-23,70.0,0.0,0.0,71.0,68.0,70.0,0.0,5818500.0,403224700.0,312.0,70.0,70.0,1816200.0,69.0,1686200.0,5650012535.0,5650012535.0,995531971.0,151500.0,200100.0,,0.0,0.0,0.0
2024-08-26,70.0,0.0,0.0,72.0,68.0,71.0,1.0,10010000.0,696522200.0,509.0,71.0,71.0,655900.0,70.0,83600.0,5650012535.0,5650012535.0,995531971.0,113500.0,0.0,,0.0,0.0,0.0
2024-08-27,71.0,0.0,0.0,71.0,69.0,70.0,-1.0,3694100.0,256317300.0,316.0,70.0,70.0,255100.0,69.0,231000.0,5650012535.0,5650012535.0,995531971.0,0.0,0.0,,0.0,0.0,0.0
2024-08-28,70.0,0.0,0.0,70.0,67.0,70.0,0.0,7013000.0,479190500.0,482.0,70.0,70.0,1162300.0,69.0,19600.0,5650012535.0,5650012535.0,995531971.0,625400.0,0.0,,0.0,0.0,0.0
2024-08-29,70.0,0.0,0.0,70.0,68.0,70.0,0.0,4679000.0,321634900.0,260.0,70.0,70.0,1403900.0,68.0,1023300.0,5650012535.0,5650012535.0,995531971.0,0.0,268100.0,,0.0,0.0,0.0
2024-08-30,70.0,0.0,0.0,70.0,67.0,69.0,-1.0,7364700.0,504022400.0,251.0,69.0,69.0,264700.0,67.0,1784800.0,5650012635.0,5650012635.0,995531971.0,0.0,178700.0,,0.0,0.0,0.0
2024-09-02,69.0,0.0,0.0,69.0,66.0,67.0,-2.0,6471800.0,432760800.0,443.0,67.0,68.0,361600.0,67.0,516400.0,5650012635.0,5650012635.0,995531971.0,594800.0,0.0,,0.0,0.0,0.0
2024-09-03,67.0,0.0,0.0,68.0,66.0,68.0,1.0,3762100.0,251561800.0,251.0,68.0,69.0,1128700.0,68.0,105000.0,5650012635.0,5650012635.0,995531971.0,0.0,0.0,,0.0,0.0,0.0
2024-09-04,68.0,0.0,0.0,69.0,63.0,68.0,0.0,8248500.0,546191600.0,537.0,68.0,69.0,497200.0,68.0,2600.0,5650012635.0,5650012635.0,995531971.0,131800.0,504700.0,,0.0,0.0,0.0
2024-09-05,68.0,0.0,0.0,70.0,67.0,68.0,0.0,4318500.0,294276400.0,261.0,68.0,69.0,197700.0,68.0,15600.0,5650012685.0,5650012685.0,995531971.0,0.0,0.0,,0.0,0.0,0.0
2024-09-06,68.0,0.0,0.0,72.0,67.0,70.0,2.0,3512900.0,245350800.0,308.0,70.0,70.0,1148000.0,68.0,1318200.0,5650012685.0,5650012685.0,995531971.0,105200.0,400000.0,,0.0,0.0,0.0
2024-09-09,70.0,0.0,0.0,70.0,68.0,69.0,-1.0,5119100.0,355661700.0,398.0,69.0,70.0,727900.0,69.0,3300.0,5650012685.0,5650012685.0,995531971.0,0.0,181500.0,,0.0,0.0,0.0
2024-09-10,69.0,0.0,0.0,71.0,69.0,70.0,1.0,3228000.0,225295400.0,213.0,70.0,71.0,1945100.0,70.0,126300.0,5650012685.0,5650012685.0,995531971.0,0.0,1142800.0,,0.0,0.0,0.0
2024-09-11,70.0,0.0,0.0,73.0,69.0,70.0,0.0,6614400.0,468177400.0,534.0,70.0,70.0,449400.0,69.0,1047300.0,5650012685.0,5650012685.0,995531971.0,0.0,60100.0,,0.0,0.0,0.0
2024-09-12,70.0,0.0,0.0,70.0,68.0,68.0,-2.0,3929400.0,270063700.0,344.0,68.0,69.0,860300.0,68.0,375500.0,5650012685.0,5650012685.0,995531971.0,0.0,21100.0,,0.0,0.0,0.0
2024-09-13,68.0,0.0,0.0,72.0,66.0,70.0,2.0,9040800.0,629458100.0,647.0,70.0,71.0,307100.0,70.0,192500.0,5650012685.0,5650012685.0,995531971.0,460600.0,116700.0,,0.0,0.0,0.0
2024-09-17,70.0,0.0,0.0,72.0,69.0,71.0,1.0,3265300.0,229380700.0,294.0,71.0,71.0,238200.0,70.0,61600.0,5650012785.0,5650012785.0,995531971.0,0.0,455600.0,,0.0,0.0,0.0
2024-09-18,71.0,0.0,0.0,71.0,69.0,70.0,-1.0,60423100.0,4229535600.0,216.0,70.0,70.0,935000.0,69.0,2506300.0,5650012835.0,5650012835.0,995531971.0,0.0,57021100.0,,0.0,0.0,0.0
2024-09-19,70.0,0.0,0.0,85.0,70.0,77.0,7.0,106787900.0,8357361400.0,7627.0,77.0,77.0,1337100.0,76.0,134600.0,5650012976.0,5650012976.0,995531971.0,4740900.0,4514400.0,,0.0,0.0,0.0
2024-09-20,77.0,0.0,0.0,78.0,73.0,74.0,-3.0,12689200.0,945411400.0,833.0,74.0,75.0,397000.0,74.0,43900.0,5650012976.0,5650012976.0,995531971.0,1044100.0,370300.0,,0.0,0.0,0.0
2024-09-23,74.0,0.0,0.0,76.0,71.0,74.0,0.0,9514200.0,692897700.0,2081.0,74.0,75.0,265200.0,74.0,245200.0,5650012976.0,5650012976.0,995531971.0,0.0,419800.0,,0.0,0.0,0.0
2024-09-24,74.0,0.0,0.0,79.0,66.0,78.0,4.0,108393600.0,8127961800.0,3999.0,78.0,78.0,1582000.0,77.0,369700.0,5650012976.0,5650012976.0,995531971.0,627500.0,30450200.0,,0.0,0.0,0.0
2024-09-25,78.0,0.0,0.0,79.0,75.0,77.0,-1.0,8603700.0,660037600.0,2230.0,77.0,77.0,191500.0,76.0,31500.0,5650012976.0,5650012976.0,995531971.0,74800.0,122200.0,,0.0,0.0,0.0
2024-09-26,77.0,0.0,0.0,79.0,74.0,77.0,0.0,13428000.0,1024286700.0,1541.0,77.0,77.0,933200.0,76.0,40300.0,5650012976.0,5650012976.0,995531971.0,450000.0,825600.0,,0.0,0.0,0.0
2024-09-27,77.0,0.0,0.0,77.0,73.0,76.0,-1.0,4024200.0,299943900.0,397.0,76.0,76.0,1270600.0,75.0,10000.0,5650012976.0,5650012976.0,995531971.0,182300.0,0.0,,0.0,0.0,0.0
2024-09-30,76.0,0.0,0.0,76.0,72.0,74.0,-2.0,5055500.0,373032600.0,354.0,74.0,74.0,549800.0,73.0,200.0,5650013031.0,5650013031.0,995531971.0,47900.0,0.0,,0.0,0.0,0.0
2024-10-01,74.0,0.0,0.0,74.0,71.0,73.0,-1.0,1703400.0,123276300.0,204.0,73.0,73.0,721700.0,72.0,368000.0,5650013031.0,5650013031.0,922647119.0,521000.0,0.0,,0.0,0.0,0.0
2024-10-02,73.0,0.0,0.0,73.0,69.0,69.0,-4.0,3604400.0,253106700.0,278.0,69.0,70.0,257800.0,69.0,543800.0,5650013031.0,5650013031.0,922647119.0,895300.0,0.0,,0.0,0.0,0.0
2024-10-03,69.0,0.0,0.0,71.0,64.0,69.0,0.0,20815200.0,1395386000.0,1062.0,69.0,69.0,189300.0,68.0,127200.0,5650013031.0,5650013031.0,922647119.0,1306900.0,617600.0,,0.0,0.0,0.0
2024-10-04,69.0,0.0,0.0,71.0,65.0,71.0,2.0,15922500.0,1076322300.0,575.0,71.0,72.0,505600.0,71.0,443200.0,5650013031.0,5650013031.0,922647119.0,37900.0,503600.0,,0.0,0.0,0.0
2024-10-07,71.0,0.0,0.0,79.0,68.0,74.0,3.0,14833900.0,1078484400.0,795.0,74.0,74.0,1946600.0,73.0,223800.0,5650013031.0,5650013031.0,922647119.0,513800.0,882500.0,,0.0,0.0,0.0
2024-10-08,74.0,0.0,0.0,75.0,68.0,73.0,-1.0,12502400.0,885558600.0,961.0,73.0,73.0,756400.0,72.0,20000.0,5650013031.0,5650013031.0,922647119.0,40300.0,668900.0,,0.0,0.0,0.0
2024-10-09,73.0,0.0,0.0,77.0,71.0,76.0,3.0,15899300.0,1185664400.0,995.0,76.0,76.0,1540200.0,75.0,197900.0,5650013031.0,5650013031.0,922647119.0,582700.0,2236600.0,,0.0,0.0,0.0
2024-10-10,76.0,0.0,0.0,77.0,70.0,73.0,-3.0,27810700.0,2019553900.0,2862.0,73.0,73.0,1445600.0,72.0,100000.0,5650013081.0,5650013081.0,922647119.0,249500.0,456800.0,,0.0,0.0,0.0
2024-10-11,73.0,0.0,0.0,77.0,71.0,75.0,2.0,27608100.0,2029565100.0,2032.0,75.0,75.0,2784100.0,74.0,69100.0,5650013081.0,5650013081.0,922647119.0,920600.0,215500.0,,0.0,0.0,0.0
2024-10-14,75.0,0.0,0.0,76.0,73.0,75.0,0.0,4057700.0,299892800.0,246.0,75.0,75.0,2230300.0,74.0,20500.0,5650013081.0,5650013081.0,922647119.0,0.0,115000.0,,0.0,0.0,0.0
2024-10-15,75.0,0.0,0.0,77.0,73.0,73.0,-2.0,2979000.0,221525900.0,187.0,73.0,73.0,700.0,72.0,851300.0,5650013081.0,5650013081.0,922647119.0,847200.0,0.0,,0.0,0.0,0.0
2024-10-16,73.0,0.0,0.0,74.0,72.0,74.0,1.0,1634900.0,118675100.0,125.0,74.0,74.0,3336300.0,73.0,62400.0,5650013081.0,5650013081.0,922647119.0,240700.0,262000.0,,0.0,0.0,0.0
2024-10-17,74.0,0.0,0.0,74.0,70.0,71.0,-3.0,4304100.0,305467200.0,295.0,71.0,71.0,378700.0,70.0,1193600.0,5650013081.0,5650013081.0,922647119.0,911600.0,0.0,,0.0,0.0,0.0
2024-10-18,71.0,0.0,0.0,72.0,70.0,72.0,1.0,1902700.0,134398100.0,121.0,72.0,72.0,1448200.0,71.0,52300.0,5650013081.0,5650013081.0,922647119.0,210000.0,0.0,,0.0,0.0,0.0
2024-10-21,72.0,0.0,0.0,73.0,70.0,71.0,-1.0,3700000.0,261730800.0,222.0,71.0,71.0,187500.0,70.0,999600.0,5650013181.0,5650013181.0,922647119.0,340400.0,0.0,,0.0,0.0,0.0
2024-10-22,71.0,0.0,0.0,72.0,69.0,72.0,1.0,2181900.0,152342900.0,254.0,72.0,72.0,1627500.0,71.0,24100.0,5650013181.0,5650013181.0,922647119.0,150000.0,0.0,,0.0,0.0,0.0
2024-10-23,72.0,0.0,0.0,72.0,70.0,70.0,-2.0,659900.0,46329900.0,100.0,70.0,71.0,622100.0,70.0,1000.0,5650013181.0,5650013181.0,922647119.0,55000.0,0.0,,0.0,0.0,0.0
2024-10-24,70.0,0.0,0.0,70.0,68.0,69.0,-1.0,4526500.0,311039600.0,209.0,69.0,70.0,648500.0,69.0,12200.0,5650013181.0,5650013181.0,922647119.0,427900.0,0.0,,0.0,0.0,0.0
2024-10-25,69.0,0.0,0.0,70.0,68.0,70.0,1.0,873300.0,60047400.0,101.0,70.0,70.0,491600.0,69.0,80000.0,5650013181.0,5650013181.0,922647119.0,0.0,0.0,,0.0,0.0,0.0
2024-10-28,70.0,0.0,0.0,71.0,65.0,70.0,0.0,9191900.0,633852600.0,436.0,70.0,70.0,1090400.0,69.0,219500.0,5650013181.0,5650013181.0,922647119.0,0.0,0.0,,0.0,0.0,0.0
2024-10-29,70.0,0.0,0.0,73.0,67.0,71.0,1.0,41596600.0,2901464800.0,3064.0,71.0,71.0,1077600.0,70.0,169800.0,5650013181.0,5650013181.0,922647119.0,329600.0,2044100.0,,0.0,0.0,0.0
2024-10-30,71.0,0.0,0.0,74.0,67.0,68.0,-3.0,37636200.0,2644821900.0,1800.0,68.0,69.0,480700.0,68.0,524600.0,5650013181.0,5650013181.0,922647119.0,822100.0,2989600.0,,0.0,0.0,0.0
2024-10-31,68.0,0.0,0.0,72.0,67.0,71.0,3.0,17639600.0,1221947900.0,2058.0,71.0,71.0,2575300.0,70.0,400200.0,5650013181.0,5650013181.0,922647119.0,44400.0,466700.0,,0.0,0.0,0.0
2024-11-01,71.0,0.0,0.0,72.0,62.0,67.0,-4.0,75790300.0,5146572100.0,2889.0,67.0,69.0,223500.0,67.0,1206000.0,5650013281.0,5650013281.0,922647119.0,1028900.0,1326900.0,,0.0,0.0,0.0
2024-11-04,67.0,0.0,0.0,70.0,66.0,67.0,0.0,24958500.0,1677627900.0,868.0,67.0,68.0,504700.0,67.0,440400.0,5650013281.0,5650013281.0,922647119.0,215600.0,0.0,,0.0,0.0,0.0
2024-11-05,67.0,0.0,0.0,69.0,66.0,68.0,1.0,16386500.0,1104517200.0,717.0,68.0,68.0,367000.0,67.0,574400.0,5650013281.0,5650013281.0,922647119.0,490200.0,0.0,,0.0,0.0,0.0
2024-11-06,68.0,0.0,0.0,69.0,64.0,66.0,-2.0,18389800.0,1224897600.0,697.0,66.0,66.0,294300.0,65.0,338500.0,5650013281.0,5650013281.0,922647119.0,0.0,492300.0,,0.0,0.0,0.0
2024-11-07,66.0,0.0,0.0,71.0,64.0,67.0,1.0,24300800.0,1627218500.0,1298.0,67.0,67.0,878700.0,66.0,119900.0,5650013281.0,5650013281.0,922647119.0,2954900.0,414000.0,,0.0,0.0,0.0
2024-11-08,67.0,0.0,0.0,68.0,65.0,68.0,1.0,7900500.0,528235200.0,1141.0,68.0,68.0,1266500.0,67.0,1000000.0,5650013281.0,5650013281.0,922647119.0,813400.0,16700.0,,0.0,0.0,0.0
2024-11-11,68.0,0.0,0.0,69.0,58.0,60.0,-8.0,43903100.0,2778774200.0,1528.0,60.0,61.0,270300.0,60.0,4664300.0,5650013281.0,5650013281.0,922647119.0,139500.0,2049500.0,,0.0,0.0,0.0
2024-11-12,60.0,0.0,0.0,62.0,57.0,61.0,1.0,11863600.0,710684100.0,1385.0,61.0,61.0,1468900.0,59.0,144500.0,5650013431.0,5650013431.0,922647119.0,729900.0,21500.0,,0.0,0.0,0.0
2024-11-13,61.0,0.0,0.0,63.0,59.0,61.0,0.0,11500900.0,697980600.0,464.0,61.0,61.0,528700.0,60.0,56300.0,5650013431.0,5650013431.0,922647119.0,482700.0,0.0,,0.0,0.0,0.0
2024-11-14,61.0,0.0,0.0,64.0,60.0,63.0,2.0,7718400.0,476628500.0,1291.0,63.0,63.0,144600.0,62.0,10000.0,5650013431.0,5650013431.0,922647119.0,4300.0,537400.0,,0.0,0.0,0.0
2024-11-15,63.0,0.0,0.0,66.0,62.0,64.0,1.0,7465800.0,474427200.0,1675.0,64.0,64.0,77000.0,63.0,244000.0,5650013431.0,5650013431.0,922647119.0,22600.0,22100.0,,0.0,0.0,0.0
2024-11-18,64.0,0.0,0.0,67.0,62.0,65.0,1.0,15088300.0,976916000.0,1155.0,65.0,66.0,672300.0,65.0,214700.0,5650013431.0,5650013431.0,922647119.0,186700.0,696200.0,,0.0,0.0,0.0
2024-11-19,65.0,0.0,0.0,69.0,64.0,67.0,2.0,16219800.0,1082181500.0,1994.0,67.0,67.0,116800.0,66.0,696100.0,5650013431.0,5650013431.0,922647119.0,135600.0,159400.0,,0.0,0.0,0.0
2024-11-20,67.0,0.0,0.0,68.0,65.0,67.0,0.0,6899200.0,458962900.0,2402.0,67.0,67.0,122300.0,66.0,647300.0,5650013481.0,5650013481.0,922647119.0,0.0,238900.0,,0.0,0.0,0.0
2024-11-21,67.0,0.0,0.0,67.0,63.0,65.0,-2.0,48920700.0,3170553800.0,2896.0,65.0,65.0,737400.0,64.0,283100.0,5650013481.0,5650013481.0,922647119.0,3160800.0,30173100.0,,0.0,0.0,0.0
2024-11-22,65.0,0.0,0.0,65.0,62.0,64.0,-1.0,7088800.0,448788000.0,1699.0,64.0,64.0,1897900.0,63.0,880500.0,5650014231.0,5650014231.0,922647119.0,0.0,0.0,,0.0,0.0,0.0
2024-11-25,64.0,0.0,0.0,65.0,61.0,62.0,-2.0,23408900.0,1466555100.0,2082.0,62.0,63.0,31900.0,62.0,32200.0,5650014281.0,5650014281.0,922647119.0,0.0,731900.0,,0.0,0.0,0.0
2024-11-26,62.0,0.0,0.0,63.0,61.0,62.0,0.0,2362500.0,146225100.0,1705.0,62.0,62.0,304800.0,61.0,40900.0,5650014281.0,5650014281.0,922647119.0,0.0,0.0,,0.0,0.0,0.0
2024-11-28,62.0,0.0,0.0,63.0,60.0,62.0,0.0,1696200.0,103934300.0,484.0,62.0,62.0,447900.0,61.0,203500.0,5650014331.0,5650014331.0,922647119.0,0.0,0.0,,0.0,0.0,0.0
2024-11-29,62.0,0.0,0.0,62.0,59.0,60.0,-2.0,3293600.0,197247700.0,285.0,60.0,60.0,294000.0,59.0,1154900.0,5650014381.0,5650014381.0,922647119.0,0.0,0.0,,0.0,0.0,0.0
2024-12-02,60.0,0.0,0.0,60.0,58.0,58.0,-2.0,3984700.0,232936900.0,1139.0,58.0,58.0,49900.0,57.0,328100.0,5650014381.0,5650014381.0,922647119.0,181900.0,0.0,,0.0,0.0,0.0
2024-12-03,58.0,0.0,0.0,59.0,52.0,52.0,-6.0,6500800.0,361274100.0,579.0,52.0,53.0,165000.0,52.0,1215100.0,5650014381.0,5650014381.0,922647119.0,0.0,0.0,,0.0,0.0,0.0
2024-12-04,52.0,0.0,0.0,54.0,50.0,51.0,-1.0,7365500.0,376255100.0,331.0,51.0,51.0,106400.0,50.0,5696100.0,5650014481.0,5650014481.0,922647119.0,0.0,956000.0,,0.0,0.0,0.0
2024-12-05,51.0,0.0,0.0,52.0,50.0,52.0,1.0,7683200.0,392787200.0,145.0,52.0,52.0,342800.0,51.0,104500.0,5650014531.0,5650014531.0,922647119.0,0.0,1210000.0,,0.0,0.0,0.0
2024-12-06,52.0,0.0,0.0,52.0,51.0,52.0,0.0,791200.0,40413300.0,76.0,52.0,52.0,1424700.0,51.0,373100.0,5650014531.0,5650014531.0,922647119.0,0.0,0.0,,0.0,0.0,0.0
2024-12-09,52.0,52.0,51.0,52.0,51.0,52.0,0.0,1342300.0,69119300.0,56.0,52.0,52.0,2112600.0,51.0,564300.0,5650014631.0,5650014631.0,922647119.0,0.0,0.0,,0.0,0.0,0.0
2024-12-10,52.0,51.0,51.0,52.0,50.0,50.0,-2.0,986800.0,50045500.0,82.0,50.0,51.0,794300.0,50.0,5280600.0,5650014881.0,5650014881.0,922647119.0,0.0,0.0,,0.0,0.0,0.0
2024-12-11,50.0,50.0,50.0,67.0,50.0,58.0,8.0,153757400.0,9661384400.0,9076.0,58.0,59.0,761400.0,58.0,25000.0,5650015032.0,5650015032.0,922647119.0,10051800.0,5079400.0,,0.0,0.0,0.0
2024-12-12,58.0,59.0,59.0,60.0,53.0,54.0,-4.0,51020700.0,2815646700.0,2107.0,54.0,55.0,50000.0,54.0,4759200.0,5650015732.0,5650015732.0,922647119.0,217500.0,3478300.0,,0.0,0.0,0.0
2024-12-13,54.0,55.0,55.0,61.0,53.0,54.0,0.0,49024700.0,2788362900.0,2607.0,54.0,54.0,1083400.0,53.0,4185000.0,5650015732.0,5650015732.0,922647119.0,4607800.0,2366000.0,,0.0,0.0,0.0
2024-12-16,54.0,54.0,54.0,59.0,53.0,54.0,0.0,18806100.0,1034808900.0,1344.0,54.0,54.0,227300.0,53.0,1369800.0,5650015931.0,5650015931.0,922647119.0,550900.0,328200.0,,0.0,0.0,0.0
2024-12-17,54.0,54.0,54.0,60.0,53.0,58.0,4.0,32401500.0,1842265300.0,2123.0,58.0,58.0,96500.0,57.0,550000.0,5650015931.0,5650015931.0,922647119.0,92300.0,3041400.0,,0.0,0.0,0.0
2024-12-18,58.0,58.0,59.0,61.0,55.0,56.0,-2.0,15362600.0,888358700.0,976.0,56.0,57.0,511500.0,56.0,1845300.0,5650015981.0,5650015981.0,922647119.0,1827000.0,1885300.0,,0.0,0.0,0.0
2024-12-19,56.0,57.0,57.0,64.0,54.0,57.0,1.0,45834500.0,2637773200.0,2060.0,57.0,57.0,424200.0,56.0,2030900.0,5650015981.0,5650015981.0,922647119.0,3742500.0,449800.0,,0.0,0.0,0.0
2024-12-20,57.0,57.0,57.0,60.0,55.0,56.0,-1.0,11385700.0,640379200.0,1038.0,56.0,56.0,106100.0,55.0,863000.0,5650015981.0,5650015981.0,922647119.0,24400.0,26900.0,,0.0,0.0,0.0
2024-12-23,56.0,56.0,57.0,57.0,52.0,55.0,-1.0,11763800.0,637192300.0,616.0,55.0,55.0,1760500.0,54.0,1512400.0,5650015981.0,5650015981.0,922647119.0,365900.0,291500.0,,0.0,0.0,0.0
2024-12-24,55.0,55.0,54.0,56.0,52.0,52.0,-3.0,19588900.0,1042571900.0,576.0,52.0,53.0,216200.0,52.0,1257500.0,5650016131.0,5650016131.0,922647119.0,8700.0,1173800.0,,0.0,0.0,0.0
2024-12-27,52.0,53.0,53.0,53.0,52.0,53.0,1.0,4712400.0,245462000.0,255.0,53.0,53.0,1730000.0,52.0,1001000.0,5650016181.0,5650016181.0,922647119.0,31200.0,1370200.0,,0.0,0.0,0.0
2024-12-30,53.0,53.0,53.0,54.0,51.0,54.0,1.0,16088900.0,839698600.0,482.0,54.0,54.0,606400.0,53.0,300000.0,5650016181.0,5650016181.0,922647119.0,22200.0,2280000.0,,0.0,0.0,0.0
2025-01-02,54.0,54.0,54.0,55.0,52.0,53.0,-1.0,14012800.0,740307500.0,579.0,53.0,53.0,1694000.0,52.0,1684200.0,5650016181.0,5650016181.0,912477581.0,464600.0,865100.0,,0.0,0.0,0.0
2025-01-03,53.0,53.0,52.0,53.0,52.0,52.0,-1.0,1918500.0,99831300.0,108.0,52.0,53.0,2203200.0,52.0,134200.0,5650016181.0,5650016181.0,912477581.0,35900.0,0.0,,0.0,0.0,0.0
2025-01-06,52.0,52.0,53.0,58.0,51.0,57.0,5.0,27504800.0,1500748600.0,1872.0,57.0,57.0,94000.0,56.0,2186300.0,5650016231.0,5650016231.0,912477581.0,543700.0,3980600.0,,0.0,0.0,0.0
2025-01-07,57.0,59.0,58.0,60.0,55.0,57.0,0.0,24140500.0,1374819000.0,2511.0,57.0,57.0,1211400.0,56.0,1499200.0,5650016231.0,5650016231.0,912477581.0,1502900.0,0.0,,0.0,0.0,0.0
2025-01-08,57.0,56.0,56.0,70.0,54.0,62.0,5.0,80158600.0,4955710000.0,6957.0,62.0,63.0,163400.0,62.0,152200.0,5650016331.0,5650016331.0,912477581.0,3117500.0,4669500.0,,0.0,0.0,0.0
2025-01-09,62.0,62.0,62.0,68.0,59.0,60.0,-2.0,66915500.0,4151301300.0,8048.0,60.0,60.0,170700.0,59.0,1264400.0,5650016381.0,5650016381.0,912477581.0,3350500.0,1095100.0,,0.0,0.0,0.0
2025-01-10,60.0,61.0,60.0,63.0,56.0,60.0,0.0,60238500.0,3550373600.0,8666.0,60.0,60.0,764600.0,59.0,1825200.0,5650016532.0,5650016532.0,912477581.0,640100.0,2550900.0,,0.0,0.0,0.0
2025-01-13,60.0,60.0,60.0,62.0,57.0,59.0,-1.0,97265600.0,5721701300.0,8967.0,59.0,59.0,1985000.0,58.0,2204500.0,5650016532.0,5650016532.0,912477581.0,288200.0,318300.0,,0.0,0.0,0.0
2025-01-14,59.0,58.0,58.0,59.0,54.0,55.0,-4.0,74022100.0,4171704400.0,3714.0,55.0,56.0,101700.0,55.0,70000.0,5650016582.0,5650016582.0,912477581.0,141800.0,27700.0,,0.0,0.0,0.0
2025-01-15,55.0,56.0,56.0,56.0,53.0,55.0,0.0,5565100.0,304180600.0,260.0,55.0,56.0,917500.0,55.0,159200.0,5650017132.0,5650017132.0,912477581.0,27700.0,0.0,,0.0,0.0,0.0
2025-01-16,55.0,55.0,55.0,57.0,54.0,55.0,0.0,19728700.0,1079779500.0,569.0,55.0,55.0,1439000.0,54.0,2029800.0,5650017132.0,5650017132.0,912477581.0,5700.0,685000.0,,0.0,0.0,0.0
2025-01-17,55.0,54.0,54.0,55.0,53.0,55.0,0.0,4381500.0,235549500.0,305.0,55.0,55.0,2945400.0,54.0,1214900.0,5650017182.0,5650017182.0,912477581.0,33500.0,0.0,,0.0,0.0,0.0
2025-01-20,55.0,55.0,54.0,56.0,52.0,52.0,-3.0,36542700.0,1949771500.0,2583.0,52.0,53.0,3755600.0,52.0,1025000.0,5650017182.0,5650017182.0,912477581.0,1321000.0,29800.0,,0.0,0.0,0.0
2025-01-21,52.0,52.0,51.0,53.0,51.0,52.0,0.0,5952900.0,310263500.0,518.0,52.0,53.0,2409300.0,52.0,382700.0,5650017232.0,5650017232.0,912477581.0,26000.0,31500.0,,0.0,0.0,0.0
2025-01-22,52.0,52.0,53.0,55.0,51.0,54.0,2.0,45121300.0,2381787800.0,3111.0,54.0,54.0,1423500.0,53.0,2664600.0,5650017332.0,5650017332.0,912477581.0,33200.0,2757100.0,,0.0,0.0,0.0
2025-01-23,54.0,54.0,54.0,56.0,52.0,53.0,-1.0,45484900.0,2438200100.0,3553.0,53.0,53.0,1238300.0,52.0,1946900.0,5650017382.0,5650017382.0,912477581.0,297800.0,30200.0,,0.0,0.0,0.0
2025-01-24,53.0,53.0,53.0,53.0,51.0,52.0,-1.0,9260900.0,482394300.0,262.0,52.0,53.0,3172500.0,52.0,114800.0,5650017432.0,5650017432.0,912477581.0,239200.0,30800.0,,0.0,0.0,0.0
2025-01-30,52.0,52.0,52.0,52.0,51.0,52.0,0.0,2980600.0,153614400.0,114.0,52.0,52.0,1567500.0,51.0,3689600.0,5650017432.0,5650017432.0,912477581.0,100.0,13700.0,,0.0,0.0,0.0
2025-01-31,52.0,52.0,51.0,52.0,51.0,52.0,0.0,964900.0,49719100.0,100.0,52.0,52.0,1357200.0,51.0,1944100.0,5650017432.0,5650017432.0,912477581.0,32600.0,0.0,,0.0,0.0,0.0
2025-02-03,52.0,51.0,51.0,52.0,50.0,50.0,-2.0,4077100.0,205899700.0,232.0,50.0,51.0,3286900.0,50.0,5758200.0,5650017482.0,5650017482.0,912477581.0,76000.0,0.0,,0.0,0.0,0.0
2025-02-04,50.0,50.0,50.0,51.0,50.0,51.0,1.0,3543400.0,177481600.0,151.0,51.0,51.0,2114800.0,50.0,1103000.0,5650017482.0,5650017482.0,912477581.0,14600.0,0.0,,0.0,0.0,0.0
2025-02-05,51.0,51.0,51.0,51.0,50.0,51.0,0.0,2920400.0,146046600.0,142.0,51.0,51.0,4168600.0,50.0,332900.0,5650017532.0,5650017532.0,912477581.0,0.0,0.0,,0.0,0.0,0.0
2025-02-06,51.0,51.0,50.0,51.0,50.0,51.0,0.0,1152400.0,57723500.0,83.0,51.0,51.0,2198300.0,50.0,228100.0,5650017532.0,5650017532.0,912477581.0,0.0,0.0,,0.0,0.0,0.0
2025-02-07,51.0,50.0,50.0,50.0,50.0,50.0,-1.0,1326400.0,66320000.0,85.0,50.0,50.0,1535200.0,0.0,0.0,5650017632.0,5650017632.0,912477581.0,0.0,0.0,,0.0,0.0,0.0
2025-02-10,50.0,50.0,50.0,50.0,50.0,50.0,0.0,909800.0,45490000.0,36.0,50.0,50.0,219300.0,0.0,0.0,5650017632.0,5650017632.0,912477581.0,0.0,0.0,,0.0,0.0,0.0
2025-02-11,50.0,50.0,50.0,50.0,50.0,50.0,0.0,109000.0,5450000.0,17.0,50.0,50.0,1255500.0,0.0,0.0,5650017632.0,5650017632.0,912477581.0,0.0,0.0,,0.0,0.0,0.0
2025-02-12,50.0,50.0,50.0,50.0,50.0,50.0,0.0,39200.0,1960000.0,15.0,50.0,50.0,1790300.0,0.0,0.0,5650017632.0,5650017632.0,912477581.0,0.0,0.0,,0.0,0.0,0.0
2025-02-13,50.0,50.0,50.0,50.0,50.0,50.0,0.0,76600.0,3830000.0,24.0,50.0,50.0,3905500.0,0.0,0.0,5650017632.0,5650017632.0,912477581.0,0.0,0.0,,0.0,0.0,0.0
2025-02-14,50.0,50.0,50.0,50.0,50.0,50.0,0.0,123900.0,6195000.0,12.0,50.0,50.0,4365400.0,0.0,0.0,5650017732.0,5650017732.0,912477581.0,0.0,0.0,,0.0,0.0,0.0
2025-02-17,50.0,50.0,50.0,50.0,50.0,50.0,0.0,62100.0,3105000.0,17.0,50.0,50.0,3711800.0,0.0,0.0,5650018282.0,5650018282.0,912477581.0,0.0,0.0,,0.0,0.0,0.0
2025-02-18,50.0,50.0,50.0,50.0,50.0,50.0,0.0,170000.0,8500000.0,471.0,50.0,50.0,4657500.0,0.0,0.0,5650018282.0,5650018282.0,912477581.0,0.0,0.0,,0.0,0.0,0.0
2025-02-19,50.0,50.0,50.0,50.0,50.0,50.0,0.0,12300.0,615000.0,6.0,50.0,50.0,3599500.0,0.0,0.0,5650018282.0,5650018282.0,912477581.0,0.0,0.0,,117400.0,3991600.0,1.0
2025-02-20,50.0,50.0,50.0,50.0,50.0,50.0,0.0,23300.0,1165000.0,14.0,50.0,50.0,3787200.0,0.0,0.0,5650018332.0,5650018332.0,912477581.0,0.0,0.0,,0.0,0.0,0.0
2025-02-21,50.0,50.0,50.0,50.0,50.0,50.0,0.0,29100.0,1455000.0,9.0,50.0,50.0,3419800.0,0.0,0.0,5650018332.0,5650018332.0,912477581.0,0.0,0.0,,0.0,0.0,0.0
2025-02-24,50.0,50.0,50.0,50.0,50.0,50.0,0.0,27400.0,1370000.0,14.0,50.0,50.0,3485000.0,0.0,0.0,5650018332.0,5650018332.0,912477581.0,0.0,0.0,,0.0,0.0,0.0
2025-02-25,50.0,0.0,0.0,50.0,50.0,50.0,0.0,25700.0,1285000.0,8.0,50.0,50.0,3717900.0,0.0,0.0,5650018332.0,5650018332.0,912477581.0,0.0,0.0,,0.0,0.0,0.0
2025-02-26,50.0,0.0,0.0,50.0,50.0,50.0,0.0,7300.0,365000.0,69.0,50.0,50.0,4017200.0,0.0,0.0,5650018332.0,5650018332.0,912477581.0,0.0,0.0,,0.0,0.0,0.0
2025-02-27,50.0,0.0,0.0,50.0,50.0,50.0,0.0,10100.0,505000.0,7.0,50.0,50.0,5030100.0,0.0,0.0,5650018332.0,5650018332.0,912477581.0,0.0,0.0,,0.0,0.0,0.0
2025-02-28,50.0,0.0,0.0,50.0,50.0,50.0,0.0,1200.0,60000.0,3.0,50.0,50.0,6296700.0,0.0,0.0,5650018332.0,5650018332.0,912477581.0,0.0,0.0,,0.0,0.0,0.0
2025-03-03,50.0,50.0,50.0,50.0,50.0,50.0,0.0,5000.0,250000.0,4.0,50.0,50.0,4652500.0,0.0,0.0,5650018332.0,5650018332.0,912477581.0,0.0,0.0,,0.0,0.0,0.0
2025-03-04,50.0,50.0,50.0,50.0,50.0,50.0,0.0,35200.0,1760000.0,7.0,50.0,50.0,4573600.0,0.0,0.0,5650018332.0,5650018332.0,912477581.0,0.0,0.0,,0.0,0.0,0.0
2025-03-05,50.0,50.0,50.0,50.0,50.0,50.0,0.0,3200.0,160000.0,5.0,50.0,50.0,5769600.0,0.0,0.0,5650018332.0,5650018332.0,912477581.0,0.0,0.0,,0.0,0.0,0.0
2025-03-06,50.0,0.0,0.0,50.0,50.0,50.0,0.0,17300.0,865000.0,8.0,50.0,50.0,5586500.0,0.0,0.0,5650018333.0,5650018333.0,912477581.0,0.0,0.0,,0.0,0.0,0.0
2025-03-07,50.0,0.0,0.0,50.0,50.0,50.0,0.0,16100.0,805000.0,8.0,50.0,50.0,5258900.0,0.0,0.0,5650018383.0,5650018383.0,912477581.0,0.0,0.0,,0.0,0.0,0.0
2025-03-10,50.0,50.0,50.0,50.0,50.0,50.0,0.0,3700.0,185000.0,6.0,50.0,50.0,5374900.0,0.0,0.0,5650018383.0,5650018383.0,912477581.0,0.0,0.0,,0.0,0.0,0.0
2025-03-11,50.0,50.0,50.0,50.0,50.0,50.0,0.0,35700.0,1785000.0,12.0,50.0,50.0,3929700.0,0.0,0.0,5650018383.0,5650018383.0,912477581.0,0.0,0.0,,0.0,0.0,0.0
2025-03-12,50.0,0.0,0.0,50.0,50.0,50.0,0.0,7900.0,395000.0,9.0,50.0,50.0,5274100.0,0.0,0.0,5650018433.0,5650018433.0,912477581.0,0.0,0.0,,0.0,0.0,0.0
2025-03-13,50.0,0.0,0.0,50.0,50.0,50.0,0.0,800.0,40000.0,4.0,50.0,50.0,5152000.0,0.0,0.0,5650018433.0,5650018433.0,912477581.0,0.0,0.0,,0.0,0.0,0.0
2025-03-14,50.0,0.0,0.0,50.0,50.0,50.0,0.0,900.0,45000.0,5.0,50.0,50.0,5367600.0,0.0,0.0,5650018433.0,5650018433.0,912477581.0,0.0,0.0,,0.0,0.0,0.0
2025-03-17,50.0,50.0,50.0,50.0,50.0,50.0,0.0,3500.0,175000.0,18.0,50.0,50.0,5340200.0,0.0,0.0,5650018433.0,5650018433.0,912477581.0,0.0,0.0,,0.0,0.0,0.0
2025-03-18,50.0,50.0,50.0,50.0,50.0,50.0,0.0,3400.0,170000.0,12.0,50.0,50.0,5272900.0,0.0,0.0,5650018433.0,5650018433.0,912477581.0,0.0,0.0,,0.0,0.0,0.0
2025-03-19,50.0,0.0,0.0,50.0,50.0,50.0,0.0,539500.0,26975000.0,18.0,50.0,50.0,5581700.0,0.0,0.0,5650018433.0,5650018433.0,912477581.0,0.0,0.0,,0.0,0.0,0.0
2025-03-20,50.0,0.0,0.0,50.0,50.0,50.0,0.0,12100.0,605000.0,13.0,50.0,50.0,5347000.0,0.0,0.0,5650018433.0,5650018433.0,912477581.0,0.0,0.0,,0.0,0.0,0.0
2025-03-21,50.0,0.0,0.0,50.0,50.0,50.0,0.0,2300.0,115000.0,10.0,50.0,50.0,4695900.0,0.0,0.0,5650018433.0,5650018433.0,912477581.0,0.0,0.0,,0.0,0.0,0.0
2025-03-24,50.0,0.0,0.0,50.0,50.0,50.0,0.0,500.0,25000.0,4.0,50.0,50.0,5378000.0,0.0,0.0,5650018433.0,5650018433.0,912477581.0,0.0,0.0,,0.0,0.0,0.0
2025-03-25,50.0,50.0,50.0,50.0,50.0,50.0,0.0,1234000.0,61700000.0,182.0,50.0,50.0,4482700.0,0.0,0.0,5650018433.0,5650018433.0,912477581.0,0.0,0.0,,0.0,0.0,0.0
2025-03-26,50.0,50.0,50.0,50.0,50.0,50.0,0.0,1501600.0,75080000.0,368.0,50.0,50.0,3799100.0,0.0,0.0,5650018433.0,5650018433.0,912477581.0,0.0,0.0,,0.0,0.0,0.0
2025-03-27,50.0,50.0,50.0,51.0,50.0,50.0,0.0,19821300.0,991365300.0,576.0,50.0,50.0,4290400.0,0.0,0.0,5650018433.0,5650018433.0,912477581.0,0.0,29000.0,,0.0,0.0,0.0
2025-04-08,50.0,50.0,50.0,50.0,50.0,50.0,0.0,1587400.0,79370000.0,250.0,50.0,50.0,5430100.0,0.0,0.0,5650018433.0,5650018433.0,909652968.0,5700.0,0.0,,0.0,0.0,0.0
2025-04-09,50.0,50.0,50.0,50.0,50.0,50.0,0.0,703200.0,35160000.0,83.0,50.0,50.0,4973600.0,0.0,0.0,5650018583.0,5650018583.0,909652968.0,0.0,0.0,,0.0,0.0,0.0
2025-04-10,50.0,0.0,0.0,50.0,50.0,50.0,0.0,194100.0,9705000.0,59.0,50.0,50.0,3874600.0,0.0,0.0,5650019083.0,5650019083.0,909652968.0,0.0,0.0,,0.0,0.0,0.0
2025-04-11,50.0,0.0,0.0,50.0,50.0,50.0,0.0,806300.0,40315000.0,415.0,50.0,50.0,4465700.0,0.0,0.0,5650019133.0,5650019133.0,909652968.0,0.0,0.0,,0.0,0.0,0.0
2025-04-14,50.0,0.0,0.0,50.0,50.0,50.0,0.0,438400.0,21920000.0,152.0,50.0,50.0,3000400.0,0.0,0.0,5650019133.0,5650019133.0,909652968.0,0.0,0.0,,0.0,0.0,0.0
2025-04-15,50.0,50.0,50.0,51.0,50.0,50.0,0.0,6354300.0,317715300.0,610.0,50.0,51.0,3092200.0,50.0,14700.0,5650019133.0,5650019133.0,909652968.0,66500.0,0.0,,0.0,0.0,0.0
2025-04-16,50.0,50.0,50.0,51.0,50.0,50.0,0.0,8950200.0,447522800.0,763.0,50.0,50.0,1580600.0,0.0,0.0,5650019133.0,5650019133.0,909652968.0,2216800.0,0.0,,0.0,0.0,0.0
2025-04-17,50.0,50.0,50.0,53.0,50.0,52.0,2.0,15118000.0,763130400.0,624.0,52.0,52.0,1461900.0,51.0,421000.0,5650019133.0,5650019133.0,909652968.0,23400.0,0.0,,0.0,0.0,0.0
2025-04-21,52.0,52.0,52.0,53.0,50.0,51.0,-1.0,4876100.0,246182600.0,291.0,51.0,51.0,922400.0,50.0,772000.0,5650019133.0,5650019133.0,909652968.0,245800.0,0.0,,0.0,0.0,0.0
2025-04-22,51.0,51.0,51.0,51.0,50.0,51.0,0.0,291300.0,14703200.0,47.0,51.0,51.0,882700.0,50.0,2075700.0,5650019183.0,5650019183.0,909652968.0,0.0,0.0,,0.0,0.0,0.0
2025-04-23,51.0,51.0,50.0,51.0,50.0,51.0,0.0,4258500.0,213159300.0,377.0,51.0,51.0,1855800.0,50.0,57800.0,5650019183.0,5650019183.0,909652968.0,0.0,30000.0,,0.0,0.0,0.0
2025-04-24,51.0,50.0,50.0,51.0,50.0,51.0,0.0,2194000.0,109706900.0,135.0,51.0,51.0,3130400.0,50.0,189100.0,5650019283.0,5650019283.0,909652968.0,0.0,0.0,,0.0,0.0,0.0
2025-04-25,51.0,0.0,0.0,51.0,50.0,50.0,-1.0,1823000.0,91152300.0,91.0,50.0,51.0,2145000.0,50.0,49100.0,5650019283.0,5650019283.0,909652968.0,0.0,0.0,,0.0,0.0,0.0
2025-04-28,50.0,50.0,50.0,51.0,50.0,50.0,0.0,779700.0,38985200.0,61.0,50.0,51.0,2199500.0,50.0,1000.0,5650020983.0,5650020983.0,909652968.0,0.0,0.0,,0.0,0.0,0.0
2025-04-29,50.0,50.0,50.0,51.0,50.0,50.0,0.0,1387800.0,69390800.0,121.0,50.0,51.0,1877400.0,50.0,10900.0,5650020983.0,5650020983.0,909652968.0,0.0,0.0,,0.0,0.0,0.0
2025-04-30,50.0,51.0,50.0,51.0,50.0,51.0,1.0,236200.0,11820200.0,65.0,51.0,51.0,2428000.0,50.0,83300.0,5650020983.0,5650020983.0,909652968.0,0.0,0.0,,0.0,0.0,0.0
2025-05-02,51.0,51.0,51.0,51.0,50.0,50.0,-1.0,282200.0,14227400.0,41.0,50.0,51.0,2373400.0,50.0,844200.0,5650020983.0,5650020983.0,909652968.0,0.0,98900.0,,0.0,0.0,0.0
2025-05-05,50.0,50.0,50.0,51.0,50.0,51.0,1.0,1242200.0,62162400.0,78.0,51.0,51.0,2726500.0,50.0,491300.0,5650021033.0,5650021033.0,909652968.0,0.0,60000.0,,0.0,0.0,0.0
2025-05-06,51.0,50.0,51.0,51.0,50.0,51.0,0.0,1342300.0,67844200.0,113.0,51.0,51.0,2021900.0,50.0,373200.0,5650021033.0,5650021033.0,909652968.0,0.0,66200.0,,0.0,0.0,0.0
2025-05-07,51.0,51.0,50.0,52.0,50.0,51.0,0.0,4655600.0,236994700.0,249.0,51.0,52.0,886400.0,50.0,1822400.0,5650021083.0,5650021083.0,909652968.0,0.0,1175000.0,,0.0,0.0,0.0
2025-05-08,51.0,51.0,52.0,58.0,50.0,55.0,4.0,36511500.0,1974527800.0,2016.0,55.0,55.0,2200.0,54.0,115400.0,5650021184.0,5650021184.0,909652968.0,336400.0,50000.0,,0.0,0.0,0.0
2025-05-09,55.0,55.0,55.0,56.0,52.0,52.0,-3.0,5609800.0,297462900.0,318.0,52.0,53.0,727000.0,52.0,1817900.0,5650021383.0,5650021383.0,909652968.0,522900.0,220000.0,,0.0,0.0,0.0
2025-05-14,52.0,52.0,52.0,57.0,52.0,54.0,2.0,14853000.0,812972400.0,919.0,54.0,55.0,739200.0,54.0,417000.0,5650021383.0,5650021383.0,909652968.0,67000.0,88500.0,,0.0,0.0,0.0
2025-05-15,54.0,54.0,54.0,55.0,53.0,53.0,-1.0,3227700.0,172333100.0,180.0,53.0,54.0,1645700.0,53.0,716100.0,5650021383.0,5650021383.0,909652968.0,140000.0,0.0,,0.0,0.0,0.0
2025-05-16,53.0,53.0,54.0,54.0,52.0,52.0,-1.0,5549900.0,289780400.0,223.0,52.0,53.0,109800.0,52.0,284000.0,5650021383.0,5650021383.0,909652968.0,245000.0,80000.0,,0.0,0.0,0.0
2025-05-19,52.0,52.0,53.0,54.0,52.0,53.0,1.0,2925900.0,154745200.0,376.0,53.0,53.0,136300.0,52.0,3982400.0,5650021433.0,5650021433.0,909652968.0,50000.0,0.0,,0.0,0.0,0.0
2025-05-20,53.0,53.0,53.0,53.0,52.0,52.0,-1.0,1955700.0,102167400.0,106.0,52.0,53.0,547600.0,52.0,1514300.0,5650021483.0,5650021483.0,909652968.0,150000.0,0.0,,0.0,0.0,0.0
2025-05-21,52.0,52.0,52.0,53.0,51.0,52.0,0.0,1397400.0,72698400.0,105.0,52.0,52.0,103200.0,51.0,1587600.0,5650021533.0,5650021533.0,909652968.0,146800.0,0.0,,0.0,0.0,0.0
2025-05-22,52.0,52.0,52.0,58.0,51.0,54.0,2.0,17469400.0,958710700.0,855.0,54.0,55.0,187500.0,54.0,375200.0,5650021533.0,5650021533.0,909652968.0,1459100.0,875600.0,,0.0,0.0,0.0
2025-05-23,54.0,55.0,55.0,56.0,52.0,54.0,0.0,5987700.0,319528100.0,334.0,54.0,54.0,1537400.0,53.0,166400.0,5650021583.0,5650021583.0,909652968.0,49000.0,418400.0,,0.0,0.0,0.0
2025-05-26,54.0,53.0,54.0,54.0,51.0,52.0,-2.0,4185400.0,218148700.0,392.0,52.0,52.0,1483900.0,51.0,803400.0,5650021733.0,5650021733.0,909652968.0,0.0,38700.0,,0.0,0.0,0.0
2025-05-27,52.0,52.0,52.0,53.0,51.0,52.0,0.0,2875500.0,149394000.0,112.0,52.0,53.0,863800.0,52.0,57800.0,5650021733.0,5650021733.0,909652968.0,0.0,0.0,,0.0,0.0,0.0
2025-05-28,52.0,52.0,52.0,53.0,51.0,51.0,-1.0,593400.0,30841300.0,98.0,51.0,52.0,329900.0,51.0,2037600.0,5650021783.0,5650021783.0,909652968.0,0.0,0.0,,0.0,0.0,0.0
2025-06-02,51.0,51.0,52.0,54.0,51.0,52.0,1.0,4953000.0,262943500.0,257.0,52.0,53.0,680600.0,52.0,1884400.0,5650021783.0,5650021783.0,909652968.0,0.0,350000.0,,0.0,0.0,0.0
2025-06-03,52.0,53.0,52.0,53.0,51.0,51.0,-1.0,4338500.0,223060300.0,121.0,51.0,52.0,1770500.0,51.0,1998300.0,5650021783.0,5650021783.0,909652968.0,0.0,0.0,,0.0,0.0,0.0
2025-06-04,51.0,52.0,52.0,53.0,51.0,52.0,1.0,2633800.0,137078500.0,126.0,52.0,52.0,482400.0,51.0,3995200.0,5650021783.0,5650021783.0,909652968.0,0.0,0.0,,0.0,0.0,0.0
2025-06-05,52.0,52.0,51.0,52.0,51.0,51.0,-1.0,2738600.0,139786900.0,89.0,51.0,52.0,1759800.0,51.0,3187200.0,5650021783.0,5650021783.0,909652968.0,100000.0,0.0,,0.0,0.0,0.0
2025-06-10,51.0,51.0,51.0,52.0,50.0,51.0,0.0,2550700.0,130049000.0,165.0,51.0,52.0,2435700.0,51.0,123600.0,5650021783.0,5650021783.0,909652968.0,0.0,0.0,,0.0,0.0,0.0
2025-06-11,51.0,52.0,52.0,53.0,51.0,53.0,2.0,6844200.0,356087900.0,351.0,53.0,53.0,1746000.0,52.0,384500.0,5650021783.0,5650021783.0,909652968.0,14000.0,0.0,,0.0,0.0,0.0
2025-06-12,53.0,53.0,53.0,55.0,52.0,55.0,2.0,3401300.0,182388100.0,451.0,55.0,55.0,900000.0,54.0,200100.0,5650022433.0,5650022433.0,909652968.0,0.0,0.0,,0.0,0.0,0.0
2025-06-13,55.0,56.0,56.0,60.0,55.0,59.0,4.0,19593100.0,1137324900.0,1557.0,59.0,59.0,2742600.0,58.0,55800.0,5650022484.0,5650022484.0,909652968.0,432600.0,0.0,,0.0,0.0,0.0
2025-06-16,59.0,60.0,60.0,64.0,60.0,64.0,5.0,16358800.0,1031278900.0,1616.0,64.0,65.0,248800.0,64.0,591200.0,5650022489.0,5650022489.0,909652968.0,823200.0,0.0,,0.0,0.0,0.0
2025-06-17,64.0,66.0,65.0,67.0,60.0,65.0,1.0,12262500.0,781163100.0,1164.0,65.0,65.0,255700.0,64.0,2301100.0,5650022489.0,5650022489.0,909652968.0,1496400.0,346000.0,,0.0,0.0,0.0
2025-06-18,65.0,66.0,66.0,87.0,65.0,87.0,22.0,156979000.0,12540849200.0,9321.0,87.0,0.0,0.0,87.0,15333600.0,5650022489.0,5650022489.0,909652968.0,13596200.0,7483900.0,,0.0,0.0,0.0
2025-06-19,87.0,94.0,94.0,100.0,78.0,84.0,-3.0,199434600.0,17655202800.0,11504.0,84.0,86.0,231400.0,84.0,200000.0,5650022539.0,5650022539.0,909652968.0,12116900.0,10204800.0,,0.0,0.0,0.0
2025-06-20,84.0,84.0,84.0,90.0,81.0,83.0,-1.0,33982500.0,2861312200.0,2960.0,83.0,83.0,455600.0,82.0,521000.0,5650022539.0,5650022539.0,909652968.0,1981700.0,2243400.0,,0.0,0.0,0.0
2025-06-23,83.0,82.0,82.0,84.0,79.0,83.0,0.0,18491200.0,1504079500.0,1592.0,83.0,84.0,1133800.0,83.0,10000.0,5650022589.0,5650022589.0,909652968.0,124800.0,940500.0,,0.0,0.0,0.0
2025-06-24,83.0,90.0,87.0,90.0,82.0,85.0,2.0,15941700.0,1352102000.0,1571.0,85.0,85.0,727200.0,84.0,262300.0,5650022589.0,5650022589.0,909652968.0,130800.0,132100.0,,0.0,0.0,0.0
2025-06-25,85.0,86.0,86.0,90.0,82.0,85.0,0.0,35585300.0,3068006400.0,2680.0,85.0,85.0,640500.0,84.0,706400.0,5650022589.0,5650022589.0,909652968.0,30600.0,300100.0,,0.0,0.0,0.0
2025-06-26,85.0,86.0,86.0,86.0,82.0,82.0,-3.0,9702700.0,807289600.0,1544.0,82.0,83.0,631300.0,82.0,182300.0,5650022589.0,5650022589.0,909652968.0,1459900.0,20300.0,,0.0,0.0,0.0
2025-06-30,82.0,83.0,83.0,83.0,74.0,78.0,-4.0,21942800.0,1711217000.0,2296.0,78.0,78.0,357300.0,77.0,226400.0,5650022589.0,5650022589.0,909652968.0,236800.0,57000.0,,0.0,0.0,0.0
2025-07-01,78.0,77.0,77.0,80.0,76.0,76.0,-2.0,4250100.0,327511200.0,516.0,76.0,77.0,924900.0,76.0,483100.0,5650022589.0,5650022589.0,868408464.0,533200.0,12700.0,,0.0,0.0,0.0
2025-07-02,76.0,77.0,77.0,81.0,71.0,74.0,-2.0,22945700.0,1741512200.0,3025.0,74.0,74.0,102200.0,73.0,4900.0,5650022646.0,5650022646.0,868408464.0,404100.0,40200.0,,0.0,0.0,0.0
2025-07-03,74.0,74.0,74.0,78.0,71.0,72.0,-2.0,9655700.0,711660200.0,2164.0,72.0,73.0,389300.0,71.0,1201300.0,5650022696.0,5650022696.0,868408464.0,204900.0,37700.0,,0.0,0.0,0.0
2025-07-04,72.0,74.0,73.0,83.0,72.0,76.0,4.0,59575300.0,4647800700.0,4226.0,76.0,76.0,768100.0,75.0,331800.0,5650022696.0,5650022696.0,868408464.0,2730900.0,1503100.0,,0.0,0.0,0.0
2025-07-07,76.0,77.0,78.0,78.0,74.0,76.0,0.0,8588900.0,649732900.0,1884.0,76.0,76.0,389100.0,75.0,467700.0,5650022746.0,5650022746.0,868408464.0,792800.0,314500.0,,0.0,0.0,0.0
2025-07-08,76.0,76.0,76.0,76.0,73.0,75.0,-1.0,5725700.0,426022900.0,757.0,75.0,76.0,700800.0,75.0,1395800.0,5650022746.0,5650022746.0,868408464.0,107300.0,21400.0,,0.0,0.0,0.0
2025-07-09,75.0,76.0,76.0,77.0,75.0,76.0,1.0,6074000.0,460470200.0,982.0,76.0,76.0,25500.0,75.0,119000.0,5650022746.0,5650022746.0,868408464.0,0.0,712100.0,,0.0,0.0,0.0
2025-07-10,76.0,77.0,76.0,81.0,75.0,77.0,1.0,29652500.0,2333497400.0,2530.0,77.0,78.0,6300.0,77.0,191400.0,5650022746.0,5650022746.0,868408464.0,1999200.0,1937400.0,,0.0,0.0,0.0
2025-07-11,77.0,78.0,78.0,80.0,75.0,78.0,1.0,10387200.0,806049700.0,807.0,78.0,78.0,987000.0,77.0,440000.0,5650022784.0,5650022784.0,868408464.0,1331600.0,400.0,,0.0,0.0,0.0
2025-07-14,78.0,78.0,78.0,87.0,75.0,81.0,3.0,94616500.0,7792510000.0,8864.0,81.0,82.0,329000.0,81.0,23930400.0,5650022884.0,5650022884.0,868408464.0,16515600.0,4455200.0,,0.0,0.0,0.0
2025-07-15,81.0,81.0,82.0,85.0,79.0,81.0,0.0,34031100.0,2793222500.0,4248.0,81.0,82.0,95700.0,81.0,28878600.0,5650022934.0,5650022934.0,868408464.0,310100.0,1354200.0,,0.0,0.0,0.0
2025-07-16,81.0,84.0,83.0,86.0,79.0,79.0,-2.0,86628100.0,7234841800.0,10884.0,79.0,80.0,434200.0,79.0,392600.0,5650023084.0,5650023084.0,868408464.0,3354200.0,40000.0,,0.0,0.0,0.0
2025-07-17,79.0,79.0,79.0,80.0,76.0,79.0,0.0,14037500.0,1093757400.0,1781.0,79.0,79.0,1585200.0,78.0,32200.0,5650023234.0,5650023234.0,868408464.0,235000.0,1480300.0,,0.0,0.0,0.0
2025-07-18,79.0,79.0,78.0,80.0,77.0,79.0,0.0,5316200.0,417232100.0,596.0,79.0,79.0,773500.0,78.0,1134300.0,5650023334.0,5650023334.0,868408464.0,36100.0,638000.0,,0.0,0.0,0.0
2025-07-21,79.0,79.0,78.0,84.0,78.0,82.0,3.0,24293100.0,1987154100.0,1710.0,82.0,82.0,105500.0,81.0,1756900.0,5650023384.0,5650023384.0,868408464.0,265000.0,1712200.0,,0.0,0.0,0.0
2025-07-22,82.0,81.0,82.0,83.0,80.0,81.0,-1.0,9484900.0,769576400.0,1398.0,81.0,82.0,1837800.0,81.0,11200.0,5650023484.0,5650023484.0,868408464.0,1139200.0,36000.0,,0.0,0.0,0.0
2025-07-23,81.0,81.0,81.0,82.0,79.0,80.0,-1.0,6546300.0,526117800.0,781.0,80.0,81.0,880500.0,80.0,304900.0,5650023484.0,5650023484.0,868408464.0,22100.0,20200.0,,0.0,0.0,0.0
2025-07-24,80.0,80.0,81.0,82.0,80.0,81.0,1.0,5018900.0,403100700.0,438.0,81.0,81.0,938400.0,80.0,1797900.0,5650023534.0,5650023534.0,868408464.0,20400.0,12100.0,,0.0,0.0,0.0
2025-07-25,81.0,82.0,82.0,82.0,80.0,81.0,0.0,3504900.0,284040100.0,352.0,81.0,81.0,55200.0,80.0,870400.0,5650023534.0,5650023534.0,868408464.0,1600.0,40400.0,,0.0,0.0,0.0
2025-07-28,81.0,80.0,81.0,82.0,80.0,81.0,0.0,3356100.0,269457300.0,1064.0,81.0,81.0,1308400.0,80.0,3607200.0,5650023584.0,5650023584.0,868408464.0,225200.0,19200.0,,0.0,0.0,0.0
2025-07-29,81.0,81.0,81.0,83.0,80.0,83.0,2.0,8132900.0,666950700.0,1443.0,83.0,83.0,482700.0,82.0,2960100.0,5650023584.0,5650023584.0,868408464.0,32300.0,834900.0,,0.0,0.0,0.0
2025-07-30,83.0,83.0,83.0,86.0,76.0,81.0,-2.0,33021900.0,2706563200.0,1866.0,81.0,81.0,29100.0,80.0,677100.0,5650023634.0,5650023634.0,868408464.0,3248100.0,1747600.0,,0.0,0.0,0.0
2025-07-31,81.0,80.0,80.0,82.0,78.0,81.0,0.0,10280700.0,821066400.0,782.0,81.0,82.0,533800.0,81.0,177700.0,5650023684.0,5650023684.0,868408464.0,252800.0,0.0,,0.0,0.0,0.0
2025-08-01,81.0,82.0,82.0,83.0,79.0,81.0,0.0,7375100.0,593013000.0,409.0,81.0,82.0,934800.0,81.0,13900.0,5650023734.0,5650023734.0,868408464.0,0.0,1233300.0,,0.0,0.0,0.0
2025-08-04,81.0,81.0,81.0,81.0,79.0,81.0,0.0,6420900.0,511818600.0,891.0,81.0,81.0,404100.0,80.0,971400.0,5650023784.0,5650023784.0,868408464.0,0.0,1094000.0,,0.0,0.0,0.0
2025-08-05,81.0,81.0,81.0,84.0,80.0,81.0,0.0,4010600.0,326083400.0,674.0,81.0,81.0,21400.0,80.0,326500.0,5650023834.0,5650023834.0,868408464.0,131700.0,0.0,,0.0,0.0,0.0
2025-08-06,81.0,81.0,81.0,81.0,79.0,81.0,0.0,5055200.0,403886500.0,573.0,81.0,81.0,1276600.0,80.0,560000.0,5650023834.0,5650023834.0,868408464.0,0.0,123800.0,,0.0,0.0,0.0
2025-08-07,81.0,81.0,80.0,81.0,79.0,81.0,0.0,4290200.0,344251400.0,305.0,81.0,81.0,719600.0,79.0,548300.0,5650023834.0,5650023834.0,868408464.0,0.0,1301000.0,,0.0,0.0,0.0
2025-08-08,81.0,80.0,81.0,81.0,79.0,79.0,-2.0,3157900.0,251274500.0,365.0,79.0,80.0,783900.0,79.0,1843500.0,5650023834.0,5650023834.0,868408464.0,0.0,0.0,,0.0,0.0,0.0
2025-08-11,79.0,80.0,80.0,81.0,79.0,81.0,2.0,5634900.0,449759700.0,476.0,81.0,81.0,600200.0,80.0,471500.0,5650023834.0,5650023834.0,868408464.0,0.0,1585000.0,,0.0,0.0,0.0
2025-08-12,81.0,81.0,81.0,86.0,81.0,83.0,2.0,22967800.0,1924165600.0,2571.0,83.0,84.0,774000.0,83.0,442500.0,5650023884.0,5650023884.0,868408464.0,783000.0,1350200.0,,0.0,0.0,0.0
2025-08-13,83.0,84.0,84.0,85.0,82.0,83.0,0.0,6446900.0,537538400.0,1330.0,83.0,83.0,252500.0,82.0,1069500.0,5650023884.0,5650023884.0,868408464.0,676700.0,283500.0,,0.0,0.0,0.0
2025-08-14,83.0,83.0,84.0,86.0,82.0,83.0,0.0,7779300.0,653171500.0,1111.0,83.0,84.0,597100.0,83.0,60700.0,5650023884.0,5650023884.0,868408464.0,121800.0,770800.0,,0.0,0.0,0.0
2025-08-15,83.0,83.0,85.0,85.0,82.0,83.0,0.0,5700800.0,474135400.0,543.0,83.0,84.0,2725200.0,83.0,92800.0,5650023884.0,5650023884.0,868408464.0,0.0,99900.0,,0.0,0.0,0.0
2025-08-19,83.0,84.0,83.0,84.0,81.0,81.0,-2.0,3983000.0,327419500.0,744.0,81.0,83.0,334100.0,81.0,424900.0,5650023884.0,5650023884.0,868408464.0,347900.0,0.0,,0.0,0.0,0.0
2025-08-20,81.0,82.0,82.0,89.0,81.0,84.0,3.0,59481600.0,5087659700.0,3572.0,84.0,84.0,1128000.0,83.0,941800.0,5650023884.0,5650023884.0,868408464.0,1648400.0,1729600.0,,0.0,0.0,0.0
2025-08-21,84.0,85.0,85.0,85.0,82.0,84.0,0.0,11051000.0,919937500.0,1440.0,84.0,84.0,456900.0,83.0,661200.0,5650023884.0,5650023884.0,868408464.0,500000.0,976700.0,,0.0,0.0,0.0
2025-08-22,84.0,84.0,85.0,85.0,82.0,84.0,0.0,7070000.0,588114100.0,761.0,84.0,84.0,969500.0,83.0,5700.0,5650023884.0,5650023884.0,868408464.0,0.0,0.0,,0.0,0.0,0.0
2025-08-25,84.0,84.0,84.0,85.0,83.0,84.0,0.0,5256900.0,441056900.0,539.0,84.0,84.0,118500.0,83.0,3041300.0,5650023884.0,5650023884.0,868408464.0,0.0,0.0,,0.0,0.0,0.0
2025-08-26,84.0,84.0,84.0,105.0,83.0,91.0,7.0,209878600.0,20178208100.0,12235.0,91.0,92.0,180000.0,91.0,1054300.0,5650023934.0,5650023934.0,868408464.0,9583600.0,4577900.0,,0.0,0.0,0.0
2025-08-27,91.0,91.0,91.0,91.0,87.0,89.0,-2.0,20686300.0,1834347300.0,2040.0,89.0,89.0,1561900.0,88.0,264900.0,5650023984.0,5650023984.0,868408464.0,110600.0,3693200.0,,0.0,0.0,0.0
2025-08-28,89.0,89.0,89.0,90.0,87.0,89.0,0.0,12539200.0,1109534400.0,1117.0,89.0,89.0,943700.0,88.0,383000.0,5650023984.0,5650023984.0,868408464.0,214700.0,1092200.0,,0.0,0.0,0.0
2025-08-29,89.0,89.0,89.0,90.0,78.0,87.0,-2.0,19194500.0,1656994400.0,1582.0,87.0,87.0,158000.0,86.0,8000.0,5650024034.0,5650024034.0,868408464.0,3199300.0,1221500.0,,0.0,0.0,0.0
2025-09-01,87.0,84.0,82.0,87.0,80.0,87.0,0.0,6249500.0,524205800.0,1525.0,87.0,88.0,541300.0,87.0,691600.0,5650024184.0,5650024184.0,868408464.0,20000.0,1432300.0,,0.0,0.0,0.0
2025-09-02,87.0,91.0,90.0,91.0,85.0,88.0,1.0,4007900.0,353593100.0,459.0,88.0,88.0,483700.0,87.0,7800.0,5650024184.0,5650024184.0,868408464.0,19300.0,0.0,,0.0,0.0,0.0
2025-09-03,88.0,89.0,88.0,89.0,86.0,88.0,0.0,3394200.0,297324700.0,336.0,88.0,88.0,970100.0,87.0,52000.0,5650024234.0,5650024234.0,868408464.0,13500.0,221200.0,,0.0,0.0,0.0
2025-09-04,88.0,88.0,88.0,88.0,84.0,85.0,-3.0,4683600.0,400619900.0,1353.0,85.0,85.0,2450300.0,84.0,1046200.0,5650024234.0,5650024234.0,868408464.0,14500.0,197800.0,,0.0,0.0,0.0
2025-09-08,85.0,85.0,86.0,87.0,80.0,83.0,-2.0,10168100.0,840366700.0,592.0,83.0,83.0,490200.0,82.0,64100.0,5650024834.0,5650024834.0,868408464.0,19400.0,532200.0,,0.0,0.0,0.0
2025-09-09,83.0,81.0,81.0,83.0,81.0,83.0,0.0,3566100.0,291673300.0,1332.0,83.0,83.0,348000.0,82.0,50000.0,5650024834.0,5650024834.0,868408464.0,103600.0,29000.0,,0.0,0.0,0.0
2025-09-10,83.0,82.0,81.0,85.0,81.0,84.0,1.0,2889400.0,239881500.0,1887.0,84.0,84.0,912500.0,83.0,38900.0,5650024934.0,5650024934.0,868408464.0,457500.0,74800.0,,0.0,0.0,0.0
2025-09-11,84.0,84.0,84.0,84.0,82.0,84.0,0.0,2293300.0,190709600.0,1655.0,84.0,84.0,752000.0,83.0,1449400.0,5650024934.0,5650024934.0,868408464.0,19600.0,59100.0,,0.0,0.0,0.0
2025-09-12,84.0,84.0,84.0,84.0,82.0,84.0,0.0,2867900.0,238210000.0,1443.0,84.0,84.0,1096900.0,83.0,69100.0,5650024934.0,5650024934.0,868408464.0,263600.0,45600.0,,0.0,0.0,0.0
2025-09-15,84.0,84.0,83.0,105.0,83.0,98.0,14.0,320051200.0,31039543100.0,13871.0,98.0,99.0,400100.0,98.0,2612300.0,5650038784.0,5650038784.0,868408464.0,17288200.0,10487800.0,,0.0,0.0,0.0
2025-09-16,98.0,99.0,99.0,100.0,88.0,97.0,-1.0,63477200.0,5976894500.0,3816.0,97.0,97.0,5456900.0,95.0,1000.0,5650038784.0,5650038784.0,868408464.0,1669300.0,6505600.0,,0.0,0.0,0.0
2025-09-17,97.0,97.0,96.0,97.0,90.0,91.0,-6.0,18023900.0,1667895700.0,1990.0,91.0,92.0,168200.0,91.0,146600.0,5650038784.0,5650038784.0,868408464.0,697300.0,27000.0,,0.0,0.0,0.0
2025-09-18,91.0,92.0,92.0,103.0,89.0,99.0,8.0,173399000.0,16969085700.0,16600.0,99.0,100.0,925300.0,99.0,1234000.0,5650038784.0,5650038784.0,868408464.0,9005500.0,7422500.0,,0.0,0.0,0.0
2025-09-19,99.0,99.0,98.0,111.0,92.0,97.0,-2.0,180172300.0,18368651000.0,11329.0,97.0,98.0,203800.0,97.0,31800.0,5650038784.0,5650038784.0,868408464.0,6151100.0,8589000.0,,0.0,0.0,0.0
2025-09-22,97.0,99.0,99.0,102.0,95.0,98.0,1.0,27073300.0,2683492700.0,1182.0,98.0,99.0,617400.0,98.0,1451300.0,5650038784.0,5650038784.0,868408464.0,281100.0,3112600.0,,0.0,0.0,0.0
2025-09-23,98.0,100.0,100.0,103.0,98.0,100.0,2.0,16119500.0,1615984200.0,1279.0,100.0,101.0,1239500.0,100.0,26500.0,5650038834.0,5650038834.0,868408464.0,499900.0,209200.0,,0.0,0.0,0.0
2025-09-24,100.0,101.0,101.0,110.0,99.0,102.0,2.0,139275400.0,14581250400.0,11006.0,102.0,103.0,215800.0,102.0,191800.0,5650038834.0,5650038834.0,868408464.0,8039600.0,3460800.0,,0.0,0.0,0.0
2025-09-25,102.0,102.0,103.0,103.0,98.0,100.0,-2.0,20908400.0,2114997700.0,2515.0,100.0,100.0,206500.0,99.0,324200.0,5650038849.0,5650038849.0,868408464.0,4823000.0,966300.0,,0.0,0.0,0.0
2025-09-26,100.0,100.0,100.0,104.0,96.0,101.0,1.0,28048200.0,2810986300.0,3202.0,101.0,101.0,574400.0,100.0,1002200.0,5650038899.0,5650038899.0,868408464.0,2428400.0,1415500.0,,0.0,0.0,0.0
2025-09-29,101.0,102.0,102.0,113.0,99.0,106.0,5.0,164078400.0,17289275500.0,11088.0,106.0,107.0,817900.0,106.0,129000.0,5650039049.0,5650039049.0,868408464.0,9443600.0,995600.0,,0.0,0.0,0.0
2025-09-30,106.0,108.0,108.0,108.0,103.0,103.0,-3.0,14795200.0,1556099500.0,1256.0,103.0,104.0,236100.0,103.0,87000.0,5650039049.0,5650039049.0,868408464.0,2173600.0,2104800.0,,0.0,0.0,0.0
2025-10-01,103.0,104.0,104.0,110.0,101.0,108.0,5.0,66664600.0,7126112900.0,7792.0,108.0,108.0,1524700.0,107.0,5095500.0,5650039049.0,5650039049.0,759930216.0,7424400.0,3340400.0,,0.0,0.0,0.0
2025-10-02,108.0,108.0,109.0,116.0,106.0,110.0,2.0,109899100.0,12220197800.0,4056.0,110.0,111.0,1177000.0,110.0,110600.0,5650039049.0,5650039049.0,759930216.0,7989200.0,8651600.0,,0.0,0.0,0.0
2025-10-03,110.0,111.0,111.0,116.0,109.0,114.0,4.0,98693300.0,11087526300.0,12254.0,114.0,114.0,395300.0,113.0,2478200.0,5650039049.0,5650039049.0,759930216.0,1891700.0,5265700.0,,0.0,0.0,0.0
2025-10-06,114.0,114.0,114.0,120.0,111.0,116.0,2.0,133757100.0,15500404800.0,13582.0,116.0,117.0,1296100.0,116.0,62900.0,5650039099.0,5650039099.0,759930216.0,7988000.0,12279200.0,,0.0,0.0,0.0
2025-10-07,116.0,117.0,117.0,131.0,116.0,123.0,7.0,143613300.0,17663718000.0,10150.0,123.0,123.0,1233000.0,122.0,179100.0,5650039099.0,5650039099.0,759930216.0,12536800.0,9161100.0,,0.0,0.0,0.0
2025-10-08,123.0,123.0,123.0,130.0,116.0,122.0,-1.0,152749400.0,18900432300.0,10305.0,122.0,123.0,10400.0,122.0,4905600.0,5650039199.0,5650039199.0,759930216.0,8436300.0,9193500.0,,0.0,0.0,0.0
2025-10-09,122.0,125.0,125.0,164.0,122.0,127.0,5.0,223470000.0,32205394500.0,26368.0,127.0,128.0,69300.0,127.0,293800.0,5650039199.0,5650039199.0,759930216.0,16460300.0,14646000.0,,0.0,0.0,0.0
2025-10-10,127.0,127.0,127.0,134.0,123.0,130.0,3.0,98450600.0,12626405700.0,5755.0,130.0,130.0,926000.0,129.0,2486100.0,5650039249.0,5650039249.0,759930216.0,9444800.0,6266100.0,,0.0,0.0,0.0
2025-10-13,130.0,128.0,128.0,164.0,123.0,153.0,23.0,266918900.0,38690986600.0,21508.0,153.0,153.0,4741300.0,152.0,7780100.0,5650048799.0,5650048799.0,759930216.0,30840300.0,31651300.0,,0.0,0.0,0.0
2025-10-14,153.0,153.0,153.0,196.0,153.0,173.0,20.0,321819400.0,55494965000.0,37343.0,173.0,174.0,197900.0,173.0,1128200.0,5650048849.0,5650048849.0,759930216.0,48470100.0,32983900.0,,0.0,0.0,0.0
2025-10-15,173.0,173.0,173.0,178.0,148.0,148.0,-25.0,101923000.0,15708467300.0,5460.0,148.0,148.0,2677100.0,0.0,0.0,5650048849.0,5650048849.0,759930216.0,12530700.0,6628100.0,,0.0,0.0,0.0
2025-10-16,148.0,147.0,146.0,159.0,129.0,146.0,-2.0,60833800.0,8705597700.0,8356.0,146.0,147.0,199600.0,146.0,89300.0,5650049400.0,5650049400.0,759930216.0,8745500.0,6389100.0,,0.0,0.0,0.0
2025-10-17,146.0,146.0,146.0,147.0,127.0,136.0,-10.0,20595800.0,2821305100.0,2319.0,136.0,136.0,528700.0,135.0,230000.0,5650049450.0,5650049450.0,759930216.0,3708700.0,3257300.0,,0.0,0.0,0.0
2025-10-20,136.0,138.0,138.0,143.0,125.0,139.0,3.0,15196600.0,2086258100.0,1972.0,139.0,140.0,11400.0,139.0,190700.0,5650049450.0,5650049450.0,759930216.0,2902000.0,3539900.0,,0.0,0.0,0.0
2025-10-21,139.0,141.0,140.0,149.0,128.0,139.0,0.0,185208700.0,25248462700.0,5768.0,139.0,139.0,183400.0,138.0,77000.0,5650049800.0,5650049800.0,759930216.0,24266100.0,23560700.0,,0.0,0.0,0.0
2025-10-22,139.0,139.0,140.0,142.0,127.0,136.0,-3.0,165550500.0,22123579100.0,7131.0,136.0,136.0,2999200.0,135.0,4032000.0,5650049850.0,5650049850.0,759930216.0,8341200.0,9925900.0,,0.0,0.0,0.0
2025-10-23,136.0,133.0,133.0,137.0,118.0,132.0,-4.0,191474700.0,24185974200.0,5564.0,132.0,132.0,829400.0,131.0,15000.0,5650050700.0,5650050700.0,759930216.0,20652800.0,20486700.0,,0.0,0.0,0.0
2025-10-24,132.0,132.0,132.0,138.0,126.0,130.0,-2.0,121084200.0,15827408100.0,5188.0,130.0,130.0,953000.0,129.0,1113600.0,5650050750.0,5650050750.0,759930216.0,11324600.0,9865500.0,,0.0,0.0,0.0
2025-10-27,130.0,129.0,128.0,133.0,117.0,124.0,-6.0,148980100.0,18699410100.0,4107.0,124.0,125.0,96100.0,124.0,65000.0,5650050751.0,5650050751.0,759930216.0,13999800.0,13912500.0,,0.0,0.0,0.0
2025-10-28,124.0,124.0,124.0,126.0,121.0,124.0,0.0,64832900.0,7951292100.0,1678.0,124.0,124.0,968500.0,123.0,550000.0,5650050751.0,5650050751.0,759930216.0,2505600.0,9520100.0,,0.0,0.0,0.0
2025-10-29,124.0,124.0,123.0,124.0,115.0,115.0,-9.0,39160900.0,4634263800.0,1335.0,115.0,116.0,10100.0,115.0,62800.0,5650050751.0,5650050751.0,759930216.0,6731500.0,7969700.0,,0.0,0.0,0.0
2025-10-30,115.0,119.0,118.0,120.0,108.0,110.0,-5.0,99912500.0,11305782800.0,2870.0,110.0,111.0,61800.0,110.0,24500.0,5650050751.0,5650050751.0,759930216.0,13442000.0,13628800.0,,0.0,0.0,0.0
2025-10-31,110.0,110.0,111.0,124.0,109.0,114.0,4.0,105966300.0,12199181300.0,4914.0,114.0,114.0,624300.0,113.0,1704700.0,5650050752.0,5650050752.0,759930216.0,8052600.0,11882100.0,,0.0,0.0,0.0
2025-11-04,114.0,113.0,113.0,134.0,103.0,104.0,-10.0,277326500.0,31139345300.0,13568.0,104.0,105.0,124600.0,103.0,4551700.0,5650050756.0,5650050756.0,759930216.0,23374500.0,25971000.0,,0.0,0.0,0.0
2025-11-05,104.0,103.0,103.0,107.0,103.0,106.0,2.0,16326800.0,1709711800.0,1358.0,106.0,106.0,1012700.0,105.0,3001500.0,5650050756.0,5650050756.0,759930216.0,1341000.0,2709700.0,,0.0,0.0,0.0
2025-11-06,106.0,105.0,105.0,109.0,105.0,107.0,1.0,21039800.0,2262560500.0,1613.0,107.0,108.0,317500.0,107.0,847400.0,5650050856.0,5650050856.0,759930216.0,787600.0,10417600.0,,0.0,0.0,0.0
2025-11-07,107.0,109.0,109.0,117.0,107.0,113.0,6.0,83596800.0,9368995500.0,5358.0,113.0,113.0,45300.0,112.0,1275000.0,5650050856.0,5650050856.0,759930216.0,18556100.0,9703600.0,,0.0,0.0,0.0
2025-11-10,113.0,113.0,114.0,132.0,105.0,110.0,-3.0,498173800.0,57337797200.0,16828.0,110.0,110.0,606500.0,109.0,10425400.0,5650051056.0,5650051056.0,759930216.0,40772200.0,28938400.0,,0.0,0.0,0.0
2025-11-11,110.0,110.0,110.0,116.0,107.0,111.0,1.0,260777600.0,28984016400.0,5591.0,111.0,111.0,350900.0,110.0,5835300.0,5650051156.0,5650051156.0,759930216.0,9248300.0,11745000.0,,0.0,0.0,0.0
2025-11-12,111.0,112.0,112.0,120.0,109.0,115.0,4.0,189932200.0,21474648200.0,7555.0,115.0,115.0,82800.0,114.0,1190400.0,5650051206.0,5650051206.0,759930216.0,12042300.0,17968800.0,,0.0,0.0,0.0
2025-11-13,115.0,115.0,115.0,122.0,108.0,114.0,-1.0,530935900.0,59934755300.0,8655.0,114.0,115.0,3095300.0,114.0,260300.0,5650051206.0,5650051206.0,759930216.0,34656700.0,33137300.0,,0.0,0.0,0.0
2025-11-14,114.0,114.0,114.0,115.0,110.0,112.0,-2.0,122066900.0,13661200700.0,2258.0,112.0,112.0,2948200.0,111.0,3373700.0,5680052006.0,5680052006.0,759930216.0,10566600.0,2296000.0,,0.0,0.0,0.0
2025-11-17,112.0,112.0,112.0,114.0,104.0,112.0,0.0,414315300.0,45178454900.0,9961.0,112.0,112.0,8404800.0,111.0,10218900.0,5680052056.0,5680052056.0,759930216.0,20751700.0,20477000.0,,0.0,0.0,0.0
2025-11-18,112.0,112.0,112.0,121.0,109.0,117.0,5.0,655139100.0,73987817000.0,26664.0,117.0,118.0,737000.0,117.0,5177400.0,5680052056.0,5680052056.0,759930216.0,37201600.0,55413300.0,,0.0,0.0,0.0
2025-11-19,117.0,119.0,119.0,120.0,106.0,110.0,-7.0,511226800.0,58155736900.0,19008.0,110.0,110.0,160700.0,109.0,3461300.0,5710052057.0,5710052057.0,759930216.0,28921200.0,20674400.0,,0.0,0.0,0.0
2025-11-20,110.0,110.0,111.0,111.0,108.0,110.0,0.0,21427600.0,2334571500.0,1828.0,110.0,110.0,3626600.0,109.0,2315500.0,5732052107.0,5732052107.0,759930216.0,684700.0,148600.0,,0.0,0.0,0.0
2025-11-21,110.0,110.0,109.0,110.0,107.0,109.0,-1.0,24206600.0,2623214200.0,3131.0,109.0,109.0,956300.0,108.0,12015400.0,5750052161.0,5750052161.0,759930216.0,762900.0,5288600.0,,0.0,0.0,0.0
2025-11-24,109.0,110.0,110.0,115.0,105.0,108.0,-1.0,1068235200.0,116149966200.0,32525.0,108.0,109.0,4795600.0,108.0,591700.0,5770052211.0,5770052211.0,759930216.0,20717800.0,18809000.0,,0.0,0.0,0.0
2025-11-25,108.0,109.0,108.0,111.0,105.0,107.0,-1.0,769118400.0,82766953300.0,11452.0,107.0,107.0,110500.0,106.0,23367500.0,5788921211.0,5788921211.0,759930216.0,22697800.0,22648000.0,,0.0,0.0,0.0
2025-11-26,107.0,108.0,108.0,110.0,101.0,102.0,-5.0,1071984100.0,113971158800.0,11384.0,102.0,103.0,1073800.0,102.0,39369200.0,5788921211.0,5788921211.0,759930216.0,5131500.0,14243200.0,,0.0,0.0,0.0
2025-11-27,102.0,103.0,103.0,109.0,101.0,108.0,6.0,613972900.0,64306232000.0,14543.0,108.0,109.0,10793800.0,108.0,14421400.0,5788921350.0,5788921350.0,759930216.0,16919100.0,33705200.0,,0.0,0.0,0.0
2025-11-28,108.0,109.0,109.0,113.0,105.0,105.0,-3.0,714640000.0,77268638900.0,20058.0,105.0,106.0,413300.0,105.0,478300.0,5788921350.0,5788921350.0,759930216.0,51116900.0,40623700.0,,0.0,0.0,0.0
2025-12-01,105.0,105.0,105.0,106.0,103.0,103.0,-2.0,22100100.0,2303610600.0,1624.0,103.0,104.0,947200.0,103.0,5892700.0,5788921350.0,5788921350.0,759930216.0,677200.0,646900.0,,0.0,0.0,0.0
2025-12-02,103.0,103.0,103.0,104.0,101.0,102.0,-1.0,29823800.0,3048584800.0,1616.0,102.0,102.0,167500.0,101.0,8020500.0,5822421400.0,5822421400.0,759930216.0,2213800.0,291100.0,,0.0,0.0,0.0
2025-12-03,102.0,102.0,102.0,103.0,100.0,101.0,-1.0,19458500.0,1972366100.0,1610.0,101.0,101.0,2536000.0,100.0,3708800.0,5862421589.0,5862421589.0,759930216.0,4063400.0,110200.0,,0.0,0.0,0.0
2025-12-04,101.0,101.0,101.0,101.0,93.0,95.0,-6.0,58894800.0,5697228100.0,4285.0,95.0,96.0,336000.0,95.0,2491900.0,5898421589.0,5898421589.0,759930216.0,4162300.0,859600.0,,0.0,0.0,0.0
2025-12-05,95.0,96.0,96.0,99.0,95.0,96.0,1.0,21759800.0,2104635800.0,1373.0,96.0,97.0,1000200.0,96.0,877200.0,5925053699.0,5925053699.0,759930216.0,1538600.0,2870000.0,,0.0,0.0,0.0
2025-12-08,96.0,97.0,97.0,100.0,96.0,98.0,2.0,28654000.0,2807457200.0,2205.0,98.0,99.0,2763300.0,98.0,460000.0,5925053849.0,5925053849.0,759930216.0,1700600.0,588900.0,,0.0,0.0,0.0
2025-12-09,98.0,98.0,98.0,99.0,95.0,96.0,-2.0,18013700.0,1740737100.0,2906.0,96.0,97.0,1232100.0,96.0,16600.0,5925053849.0,5925053849.0,759930216.0,697800.0,440100.0,,0.0,0.0,0.0
2025-12-10,96.0,96.0,96.0,97.0,94.0,94.0,-2.0,22372900.0,2121034900.0,1550.0,94.0,94.0,125000.0,93.0,2273100.0,5925053849.0,5925053849.0,759930216.0,1418800.0,204400.0,,0.0,0.0,0.0
2025-12-11,94.0,94.0,95.0,95.0,91.0,94.0,0.0,33469800.0,3107999400.0,5134.0,94.0,94.0,541600.0,93.0,2100.0,5925053849.0,5925053849.0,759930216.0,1220900.0,5468200.0,,0.0,0.0,0.0
2025-12-12,94.0,94.0,94.0,94.0,92.0,93.0,-1.0,14593300.0,1354954000.0,2696.0,93.0,93.0,2110800.0,92.0,1481800.0,5925054149.0,5925054149.0,759930216.0,3811300.0,991700.0,,0.0,0.0,0.0
2025-12-15,93.0,93.0,93.0,95.0,90.0,92.0,-1.0,16675600.0,1538510700.0,1502.0,92.0,92.0,1891100.0,91.0,141200.0,5925054149.0,5925054149.0,759930216.0,299700.0,3368800.0,,0.0,0.0,0.0
2025-12-16,92.0,92.0,92.0,98.0,91.0,93.0,1.0,37800700.0,3546375500.0,2670.0,93.0,93.0,2044400.0,92.0,2547900.0,5925054149.0,5925054149.0,759930216.0,7328400.0,2803500.0,,0.0,0.0,0.0
2025-12-17,93.0,93.0,92.0,97.0,91.0,93.0,0.0,40087900.0,3764654700.0,1948.0,93.0,93.0,222300.0,92.0,3271600.0,5925054199.0,5925054199.0,759930216.0,3599600.0,3496500.0,,0.0,0.0,0.0
2025-12-18,93.0,93.0,94.0,94.0,92.0,94.0,1.0,12040100.0,1118912600.0,1303.0,94.0,94.0,1617300.0,93.0,1600.0,5925054199.0,5925054199.0,759930216.0,874600.0,715300.0,,0.0,0.0,0.0
2025-12-19,94.0,94.0,93.0,95.0,89.0,90.0,-4.0,62709800.0,5737059000.0,1965.0,90.0,91.0,1669400.0,90.0,150300.0,5925054199.0,5925054199.0,759930216.0,3037400.0,6824400.0,,0.0,0.0,0.0
2025-12-22,90.0,90.0,90.0,91.0,88.0,90.0,0.0,17526600.0,1565251100.0,1215.0,90.0,90.0,2501200.0,89.0,1945300.0,5925054199.0,5925054199.0,759930216.0,2165600.0,2873100.0,,0.0,0.0,0.0
2025-12-23,90.0,90.0,89.0,91.0,89.0,91.0,1.0,6118800.0,548734800.0,584.0,91.0,91.0,847500.0,90.0,1769400.0,5925054299.0,5925054299.0,759930216.0,50200.0,2210500.0,,0.0,0.0,0.0
2025-12-24,91.0,91.0,90.0,91.0,89.0,89.0,-2.0,5007900.0,448453700.0,602.0,89.0,90.0,899500.0,89.0,344600.0,5925054399.0,5925054399.0,759930216.0,84000.0,241000.0,,0.0,0.0,0.0
2025-12-29,89.0,89.0,90.0,90.0,88.0,89.0,0.0,6206000.0,552972500.0,351.0,89.0,90.0,2610700.0,89.0,27300.0,5925054449.0,5925054449.0,759930216.0,19000.0,2446400.0,,0.0,0.0,0.0
2025-12-30,89.0,89.0,90.0,90.0,86.0,89.0,0.0,13332200.0,1171766400.0,939.0,89.0,89.0,505600.0,88.0,540800.0,5925054449.0,5925054449.0,759930216.0,6624400.0,3673600.0,,0.0,0.0,0.0
2026-01-02,89.0,89.0,90.0,92.0,88.0,89.0,0.0,8510300.0,766818900.0,832.0,89.0,90.0,5600.0,89.0,1936500.0,5925054615.0,5925054615.0,911273336.0,760800.0,2557500.0,,0.0,0.0,0.0
2026-01-05,89.0,90.0,90.0,92.0,89.0,92.0,3.0,10188900.0,926382200.0,777.0,92.0,92.0,2577700.0,91.0,541200.0,5925054715.0,5925054715.0,911273336.0,45200.0,3161100.0,,0.0,0.0,0.0
2026-01-06,92.0,92.0,93.0,94.0,92.0,93.0,1.0,12026500.0,1119319900.0,839.0,93.0,94.0,754700.0,93.0,526800.0,5925054715.0,5925054715.0,911273336.0,18300.0,2626300.0,,0.0,0.0,0.0
2026-01-07,93.0,94.0,94.0,94.0,92.0,93.0,0.0,9574900.0,887379600.0,549.0,93.0,93.0,1836200.0,92.0,760300.0,5925055065.0,5925055065.0,911273336.0,3168500.0,21100.0,,0.0,0.0,0.0
2026-01-08,93.0,94.0,94.0,94.0,91.0,93.0,0.0,11671600.0,1076927800.0,660.0,93.0,93.0,19600.0,92.0,369600.0,5925055315.0,5925055315.0,911273336.0,3745200.0,0.0,,0.0,0.0,0.0
2026-01-09,93.0,93.0,94.0,94.0,91.0,92.0,-1.0,7104800.0,653567400.0,550.0,92.0,92.0,1109800.0,91.0,1838600.0,5925055365.0,5925055365.0,911273336.0,1884700.0,24500.0,,0.0,0.0,0.0
2026-01-12,92.0,91.0,91.0,96.0,89.0,92.0,0.0,32747800.0,3029311500.0,1525.0,92.0,92.0,1936700.0,91.0,436600.0,5925055465.0,5925055465.0,911273336.0,10326200.0,3928500.0,,0.0,0.0,0.0
2026-01-13,92.0,92.0,91.0,92.0,90.0,90.0,-2.0,7725400.0,699355200.0,609.0,90.0,91.0,696500.0,90.0,105000.0,5925056585.0,5925056585.0,911273336.0,607200.0,11600.0,,0.0,0.0,0.0
2026-01-14,90.0,91.0,90.0,93.0,89.0,92.0,2.0,6657100.0,603430000.0,575.0,92.0,92.0,375300.0,90.0,848400.0,5925056636.0,5925056636.0,911273336.0,278100.0,140700.0,,0.0,0.0,0.0
2026-01-15,92.0,92.0,91.0,94.0,90.0,92.0,0.0,7158000.0,660178500.0,725.0,92.0,92.0,491700.0,91.0,786400.0,5925057186.0,5925057186.0,911273336.0,263800.0,75000.0,,0.0,0.0,0.0
2026-01-19,92.0,92.0,92.0,95.0,91.0,93.0,1.0,20399200.0,1907468900.0,1221.0,93.0,94.0,1533600.0,93.0,229400.0,5925057186.0,5925057186.0,911273336.0,100.0,3315700.0,,0.0,0.0,0.0
2026-01-20,93.0,94.0,94.0,99.0,92.0,96.0,3.0,42793500.0,4097453500.0,2617.0,96.0,97.0,996300.0,95.0,1588300.0,5925057246.0,5925057246.0,911273336.0,1981700.0,3308400.0,,0.0,0.0,0.0
2026-01-21,96.0,96.0,96.0,97.0,93.0,95.0,-1.0,13175700.0,1250311100.0,1002.0,95.0,95.0,676100.0,94.0,627200.0,5925087436.0,5925087436.0,911273336.0,2496700.0,203500.0,,0.0,0.0,0.0
2026-01-22,95.0,95.0,96.0,108.0,95.0,101.0,6.0,206218900.0,21138428700.0,11137.0,101.0,102.0,509500.0,101.0,163500.0,5999406286.0,5999406286.0,911273336.0,23601000.0,18101800.0,,0.0,0.0,0.0
2026-01-23,101.0,101.0,101.0,103.0,96.0,97.0,-4.0,35979500.0,3539933400.0,2464.0,97.0,97.0,218500.0,96.0,1847900.0,5999407136.0,5999407136.0,911273336.0,3975000.0,3812600.0,,0.0,0.0,0.0
2026-01-26,97.0,98.0,98.0,100.0,96.0,97.0,0.0,23474700.0,2297094100.0,1389.0,97.0,97.0,331200.0,96.0,84700.0,5999407186.0,5999407186.0,911273336.0,3113700.0,1693400.0,,0.0,0.0,0.0
2026-01-27,97.0,97.0,97.0,97.0,90.0,92.0,-5.0,29621200.0,2745852700.0,2003.0,92.0,92.0,132600.0,91.0,2347100.0,6012175686.0,6012175686.0,911273336.0,2211100.0,1337000.0,,0.0,0.0,0.0
2026-01-28,92.0,89.0,90.0,90.0,80.0,81.0,-11.0,47407200.0,3987504600.0,3030.0,81.0,81.0,721900.0,80.0,2154900.0,6016604186.0,6016604186.0,911273336.0,1774700.0,9814100.0,,0.0,0.0,0.0
2026-01-29,81.0,80.0,79.0,86.0,69.0,80.0,-1.0,33555500.0,2508390000.0,2451.0,80.0,81.0,82100.0,80.0,1900.0,6025919200.0,6025919200.0,911273336.0,2423500.0,3768200.0,,0.0,0.0,0.0
2026-01-30,80.0,83.0,83.0,84.0,72.0,83.0,3.0,6073300.0,489548400.0,636.0,83.0,83.0,120700.0,82.0,15000.0,6040008300.0,6040008300.0,911273336.0,1305100.0,1397200.0,,0.0,0.0,0.0
2026-02-02,83.0,87.0,87.0,87.0,77.0,80.0,-3.0,8400100.0,673781600.0,749.0,80.0,80.0,292600.0,79.0,10400.0,6045508460.0,6045508460.0,911273336.0,2435300.0,37500.0,,0.0,0.0,0.0
2026-02-03,80.0,80.0,80.0,82.0,76.0,81.0,1.0,2554800.0,203317100.0,507.0,81.0,81.0,362000.0,79.0,59300.0,6045508460.0,6045508460.0,911273336.0,69100.0,230600.0,,0.0,0.0,0.0
2026-02-04,81.0,82.0,82.0,93.0,79.0,82.0,1.0,107641700.0,9444272500.0,7260.0,82.0,83.0,156700.0,82.0,401300.0,6045508664.0,6045508664.0,911273336.0,18540200.0,6533700.0,,0.0,0.0,0.0
2026-02-05,82.0,84.0,83.0,84.0,80.0,80.0,-2.0,11117500.0,901384600.0,1306.0,80.0,81.0,28200.0,80.0,746100.0,6045508814.0,6045508814.0,911273336.0,948200.0,826800.0,,0.0,0.0,0.0
2026-02-06,80.0,78.0,78.0,80.0,78.0,79.0,-1.0,7002900.0,551890800.0,508.0,79.0,79.0,470000.0,78.0,1784800.0,6045508854.0,6045508854.0,911273336.0,187600.0,1473200.0,,0.0,0.0,0.0
2026-02-09,79.0,79.0,79.0,81.0,75.0,77.0,-2.0,7774400.0,605210000.0,689.0,77.0,79.0,148000.0,77.0,400500.0,6045508855.0,6045508855.0,911273336.0,26400.0,2406000.0,,0.0,0.0,0.0
2026-02-10,77.0,79.0,79.0,82.0,78.0,80.0,3.0,6180400.0,490589900.0,648.0,80.0,81.0,326900.0,80.0,381700.0,6047709047.0,6047709047.0,911273336.0,69800.0,1361700.0,,0.0,0.0,0.0
2026-02-11,80.0,81.0,82.0,85.0,80.0,84.0,4.0,9341800.0,773305600.0,751.0,84.0,84.0,1025400.0,83.0,11800.0,6047709430.0,6047709430.0,911273336.0,138800.0,2718900.0,,0.0,0.0,0.0
2026-02-12,84.0,85.0,84.0,85.0,82.0,83.0,-1.0,3150400.0,261657400.0,309.0,83.0,84.0,790300.0,83.0,31900.0,6078729032.0,6078729032.0,911273336.0,171400.0,130500.0,,0.0,0.0,0.0
2026-02-13,83.0,84.0,84.0,84.0,81.0,81.0,-2.0,3106300.0,255609200.0,244.0,81.0,82.0,1074100.0,81.0,1250200.0,6078729117.0,6078729117.0,911273336.0,95600.0,0.0,,0.0,0.0,0.0
2026-02-18,81.0,81.0,81.0,85.0,80.0,82.0,1.0,4885500.0,400048400.0,474.0,82.0,83.0,910900.0,81.0,10300.0,6078729117.0,6078729117.0,911273336.0,375600.0,947300.0,,0.0,0.0,0.0
2026-02-19,82.0,83.0,83.0,87.0,82.0,85.0,3.0,11218400.0,948789500.0,760.0,85.0,86.0,1297400.0,85.0,1035500.0,6078729117.0,6078729117.0,911273336.0,51100.0,1194700.0,,0.0,0.0,0.0
2026-02-20,85.0,85.0,85.0,90.0,84.0,85.0,0.0,25602800.0,2243810400.0,1784.0,85.0,86.0,91400.0,85.0,13200.0,6078729117.0,6078729117.0,911273336.0,853400.0,2588700.0,,0.0,0.0,0.0
2026-02-23,85.0,86.0,86.0,88.0,84.0,85.0,0.0,5775700.0,494633800.0,547.0,85.0,86.0,152000.0,85.0,7500.0,6078729117.0,6078729117.0,911273336.0,368600.0,836800.0,,0.0,0.0,0.0
2026-02-24,85.0,86.0,85.0,88.0,84.0,84.0,-1.0,9163500.0,782100400.0,801.0,84.0,84.0,35700.0,83.0,1108100.0,6078729117.0,6078729117.0,911273336.0,818600.0,615200.0,,0.0,0.0,0.0
2026-02-25,84.0,85.0,85.0,85.0,82.0,83.0,-1.0,4468000.0,370235800.0,398.0,83.0,83.0,139800.0,82.0,845700.0,6078729117.0,6078729117.0,911273336.0,191100.0,114800.0,,0.0,0.0,0.0
2026-02-26,83.0,82.0,82.0,83.0,81.0,83.0,0.0,5524200.0,451453200.0,353.0,83.0,83.0,382300.0,82.0,121500.0,6078729117.0,6078729117.0,911273336.0,116000.0,207900.0,,0.0,0.0,0.0
2026-02-27,83.0,82.0,82.0,86.0,81.0,82.0,-1.0,6496800.0,542777600.0,476.0,82.0,83.0,435900.0,82.0,145400.0,6078729117.0,6078729117.0,911273336.0,898900.0,254400.0,,0.0,0.0,0.0
2026-03-02,82.0,79.0,78.0,80.0,76.0,77.0,-5.0,8709800.0,677346900.0,759.0,77.0,77.0,2600.0,76.0,614400.0,6078729117.0,6078729117.0,911273336.0,147600.0,1630100.0,,0.0,0.0,0.0
2026-03-03,77.0,77.0,77.0,80.0,76.0,77.0,0.0,4077800.0,314910100.0,290.0,77.0,77.0,306600.0,76.0,136700.0,6078729117.0,6078729117.0,911273336.0,0.0,1199100.0,,0.0,0.0,0.0
2026-03-04,77.0,77.0,76.0,78.0,72.0,73.0,-4.0,4508500.0,334913900.0,991.0,73.0,75.0,243900.0,73.0,3200.0,6078729117.0,6078729117.0,911273336.0,100.0,958600.0,,0.0,0.0,0.0
2026-03-05,73.0,73.0,73.0,83.0,72.0,77.0,4.0,11344300.0,896782700.0,1226.0,77.0,79.0,8700.0,77.0,273200.0,6078729117.0,6078729117.0,911273336.0,2087000.0,400400.0,,0.0,0.0,0.0
2026-03-06,77.0,77.0,77.0,77.0,74.0,76.0,-1.0,3434900.0,258386700.0,288.0,76.0,77.0,19300.0,76.0,27100.0,6078729117.0,6078729117.0,911273336.0,0.0,845600.0,,0.0,0.0,0.0
2026-03-09,76.0,71.0,71.0,72.0,67.0,69.0,-7.0,3572500.0,248301300.0,609.0,69.0,70.0,35700.0,69.0,400.0,6078729117.0,6078729117.0,911273336.0,59500.0,76400.0,,0.0,0.0,0.0
2026-03-10,69.0,69.0,69.0,74.0,69.0,72.0,3.0,1729700.0,121175100.0,330.0,72.0,73.0,80600.0,71.0,22300.0,6078729117.0,6078729117.0,911273336.0,600.0,0.0,,0.0,0.0,0.0
2026-03-11,72.0,0.0,0.0,74.0,70.0,70.0,-2.0,1544800.0,109335700.0,286.0,70.0,72.0,136700.0,70.0,23200.0,6078729117.0,6078729117.0,911273336.0,0.0,0.0,,0.0,0.0,0.0
2026-03-12,70.0,71.0,70.0,77.0,70.0,72.0,2.0,5946300.0,436297100.0,678.0,72.0,72.0,38200.0,70.0,304400.0,6078729117.0,6078729117.0,911273336.0,296100.0,3500.0,,0.0,0.0,0.0
2026-03-13,72.0,0.0,0.0,72.0,68.0,69.0,-3.0,1736300.0,120267200.0,398.0,69.0,69.0,89700.0,68.0,282900.0,6078729117.0,6078729117.0,911273336.0,120100.0,0.0,,0.0,0.0,0.0
2026-03-16,69.0,70.0,70.0,70.0,66.0,68.0,-1.0,1130000.0,76102600.0,235.0,68.0,69.0,91800.0,68.0,157600.0,6078729117.0,6078729117.0,911273336.0,11900.0,0.0,,0.0,0.0,0.0
2026-03-17,68.0,66.0,67.0,73.0,66.0,70.0,2.0,1358900.0,94423500.0,148.0,70.0,70.0,40300.0,68.0,7900.0,6078729117.0,6078729117.0,911273336.0,97200.0,0.0,,0.0,0.0,0.0
2026-03-25,70.0,70.0,70.0,73.0,68.0,70.0,0.0,2091900.0,146302100.0,162.0,70.0,70.0,86000.0,69.0,439000.0,6078729117.0,6078729117.0,911273336.0,200.0,200.0,,0.0,0.0,0.0
2026-03-26,70.0,0.0,0.0,72.0,69.0,70.0,0.0,426700.0,29761100.0,227.0,70.0,70.0,107200.0,69.0,138200.0,6078729117.0,6078729117.0,911273336.0,17000.0,800.0,,0.0,0.0,0.0
2026-03-27,70.0,70.0,69.0,73.0,68.0,68.0,-2.0,7318800.0,516528200.0,986.0,68.0,70.0,21700.0,68.0,602000.0,6078729117.0,6078729117.0,911273336.0,883300.0,0.0,,0.0,0.0,0.0
2026-03-30,68.0,68.0,68.0,70.0,67.0,67.0,-1.0,1278000.0,86789400.0,225.0,67.0,68.0,61200.0,67.0,446900.0,6078729117.0,6078729117.0,911273336.0,109600.0,0.0,,0.0,0.0,0.0
2026-03-31,67.0,67.0,67.0,74.0,66.0,67.0,0.0,11557500.0,809578300.0,940.0,67.0,67.0,52800.0,66.0,573000.0,6078729117.0,6078729117.0,911273336.0,541000.0,0.0,,0.0,0.0,0.0
2026-04-01,67.0,67.0,67.0,69.0,66.0,67.0,0.0,3325100.0,223207400.0,375.0,67.0,68.0,288200.0,67.0,35700.0,6078729117.0,6078729117.0,724584511.0,0.0,0.0,,0.0,0.0,0.0
2026-04-02,67.0,67.0,68.0,72.0,67.0,67.0,0.0,5034700.0,345819100.0,455.0,67.0,68.0,360000.0,67.0,308000.0,6078729117.0,6078729117.0,724584511.0,160400.0,0.0,,0.0,0.0,0.0
2026-04-06,67.0,65.0,65.0,67.0,64.0,65.0,-2.0,1935000.0,125545000.0,302.0,65.0,66.0,71700.0,65.0,37900.0,6078729117.0,6078729117.0,724584511.0,0.0,0.0,,0.0,0.0,0.0
2026-04-07,65.0,65.0,65.0,67.0,65.0,66.0,1.0,1093800.0,72514500.0,234.0,66.0,67.0,60100.0,66.0,27300.0,6078729117.0,6078729117.0,724584511.0,0.0,16200.0,,0.0,0.0,0.0
2026-04-08,66.0,66.0,66.0,67.0,64.0,66.0,0.0,4126300.0,269533100.0,421.0,66.0,67.0,864800.0,66.0,205800.0,6078729117.0,6078729117.0,724584511.0,0.0,0.0,,0.0,0.0,0.0
2026-04-09,66.0,67.0,67.0,67.0,65.0,66.0,0.0,1470800.0,97262200.0,163.0,66.0,67.0,379500.0,66.0,33600.0,6078729117.0,6078729117.0,724584511.0,133600.0,36300.0,,0.0,0.0,0.0
2026-04-10,66.0,67.0,67.0,69.0,66.0,68.0,2.0,3752400.0,253181200.0,275.0,68.0,68.0,362600.0,67.0,412400.0,6078729117.0,6078729117.0,724584511.0,0.0,308700.0,,0.0,0.0,0.0
2026-04-13,68.0,69.0,69.0,70.0,67.0,69.0,1.0,1850100.0,126498500.0,311.0,69.0,69.0,301100.0,68.0,196000.0,6078729117.0,6078729117.0,724584511.0,0.0,0.0,,0.0,0.0,0.0
2026-04-14,69.0,69.0,69.0,72.0,69.0,71.0,2.0,4531200.0,320038400.0,329.0,71.0,71.0,106200.0,70.0,155700.0,6078729117.0,6078729117.0,724584511.0,17800.0,0.0,,0.0,0.0,0.0
2026-04-15,71.0,72.0,71.0,74.0,71.0,72.0,1.0,3497800.0,252405400.0,383.0,72.0,72.0,240500.0,71.0,239600.0,6078729117.0,6078729117.0,724584511.0,30700.0,0.0,,0.0,0.0,0.0
2026-04-16,72.0,73.0,72.0,74.0,71.0,72.0,0.0,2961300.0,214064700.0,264.0,72.0,73.0,711500.0,72.0,311000.0,6078729117.0,6078729117.0,724584511.0,12700.0,0.0,,0.0,0.0,0.0
2026-04-17,72.0,72.0,73.0,75.0,72.0,74.0,2.0,4632100.0,340311200.0,359.0,74.0,74.0,156400.0,73.0,9700.0,6078729117.0,6078729117.0,724584511.0,0.0,0.0,,0.0,0.0,0.0
2026-04-20,74.0,74.0,75.0,95.0,74.0,86.0,12.0,297195000.0,26376738600.0,19269.0,86.0,87.0,156000.0,86.0,952200.0,6078729117.0,6078729117.0,724584511.0,24243500.0,13843600.0,,0.0,0.0,0.0
2026-04-21,86.0,88.0,88.0,89.0,80.0,82.0,-4.0,46789500.0,3865535600.0,4444.0,82.0,82.0,1507200.0,81.0,1556300.0,6078729117.0,6078729117.0,724584511.0,1822400.0,5084800.0,,0.0,0.0,0.0
2026-04-22,82.0,83.0,83.0,83.0,78.0,82.0,0.0,20067900.0,1613402200.0,1594.0,82.0,82.0,248400.0,81.0,73500.0,6078729117.0,6078729117.0,724584511.0,196300.0,1658700.0,,0.0,0.0,0.0
2026-04-23,82.0,84.0,83.0,84.0,79.0,81.0,-1.0,13486500.0,1097818700.0,1363.0,81.0,81.0,156900.0,80.0,467700.0,6078729117.0,6078729117.0,724584511.0,541500.0,156400.0,,0.0,0.0,0.0
2026-04-24,81.0,80.0,81.0,87.0,72.0,76.0,-5.0,84941500.0,6896038400.0,5700.0,76.0,77.0,142400.0,76.0,11100.0,6078729117.0,6078729117.0,724584511.0,9290300.0,5250300.0,,0.0,0.0,0.0
2026-04-27,76.0,73.0,74.0,77.0,72.0,75.0,-1.0,11324200.0,846571800.0,1289.0,75.0,76.0,547500.0,75.0,1500.0,6078729117.0,6078729117.0,724584511.0,22700.0,3154500.0,,0.0,0.0,0.0
2026-04-28,75.0,76.0,76.0,81.0,75.0,75.0,0.0,21506800.0,1678184600.0,1801.0,75.0,76.0,8400.0,75.0,452100.0,6078729117.0,6078729117.0,724584511.0,2488500.0,774300.0,,0.0,0.0,0.0
2026-04-29,75.0,76.0,76.0,78.0,75.0,77.0,2.0,5110200.0,391576400.0,391.0,77.0,77.0,1000.0,76.0,736400.0,6078729117.0,6078729117.0,724584511.0,46400.0,1548300.0,,0.0,0.0,0.0
2026-04-30,77.0,78.0,78.0,78.0,73.0,74.0,-3.0,10649900.0,798823800.0,654.0,74.0,74.0,667000.0,73.0,617300.0,6078729117.0,6078729117.0,724584511.0,5300.0,45000.0,,0.0,0.0,0.0
2026-05-04,74.0,74.0,74.0,75.0,72.0,73.0,-1.0,3536800.0,259221800.0,710.0,73.0,74.0,72400.0,73.0,233900.0,6078729117.0,6078729117.0,724584511.0,69600.0,43100.0,,0.0,0.0,0.0
2026-05-05,73.0,73.0,73.0,75.0,72.0,73.0,0.0,2344000.0,171304700.0,368.0,73.0,74.0,160700.0,73.0,167200.0,6078729117.0,6078729117.0,724584511.0,42800.0,23800.0,,0.0,0.0,0.0
2026-05-06,73.0,74.0,74.0,96.0,74.0,91.0,18.0,427607300.0,38288649500.0,28656.0,91.0,92.0,444700.0,91.0,472400.0,6078729117.0,6078729117.0,724584511.0,22986700.0,17902400.0,,0.0,0.0,0.0
2026-05-07,91.0,92.0,91.0,93.0,80.0,81.0,-10.0,114681700.0,9738687800.0,8880.0,81.0,82.0,2535500.0,81.0,148700.0,6078729117.0,6078729117.0,724584511.0,2744600.0,6703500.0,,0.0,0.0,0.0
2026-05-08,81.0,81.0,81.0,103.0,81.0,88.0,7.0,919367900.0,89045398300.0,50760.0,88.0,89.0,245400.0,88.0,8700.0,6078729117.0,6078729117.0,724584511.0,46455100.0,45406000.0,,0.0,0.0,0.0
