date,previous,open_price,first_trade,high,low,close,change,volume,value,frequency,index_individual,offer,offer_volume,bid,bid_volume,listed_shares,tradeble_shares,weight_for_index,foreign_sell,foreign_buy,delisting_date,non_regular_volume,non_regular_value,non_regular_frequency
2022-04-25,100.0,0.0,0.0,110.0,90.0,110.0,10.0,261111700.0,28176762800.0,11583.0,110.0,0.0,0.0,110.0,111096300.0,8036800000.0,1928832000.0,0.0,2047400.0,0.0,,480401.0,51842000.0,4.0
2022-04-26,110.0,0.0,0.0,121.0,109.0,112.0,2.0,230769300.0,26392434300.0,20166.0,112.0,113.0,997800.0,112.0,279900.0,8036800000.0,1928832000.0,0.0,1002400.0,650000.0,,1200000.0,120000000.0,1.0
2022-04-27,112.0,0.0,0.0,116.0,112.0,115.0,3.0,40655300.0,4634047400.0,4044.0,115.0,116.0,1944500.0,115.0,372400.0,8036800000.0,1928832000.0,0.0,28600.0,554700.0,,0.0,0.0,0.0
2022-04-28,115.0,0.0,0.0,122.0,117.0,118.0,3.0,23414700.0,2781005700.0,3093.0,118.0,119.0,2635800.0,118.0,801000.0,8036800000.0,1928832000.0,0.0,0.0,0.0,,0.0,0.0,0.0
2022-05-09,118.0,0.0,0.0,120.0,118.0,118.0,0.0,10084900.0,1192446400.0,1224.0,118.0,119.0,1708000.0,118.0,42972700.0,8036800000.0,1928832000.0,0.0,0.0,0.0,,0.0,0.0,0.0
2022-05-10,118.0,0.0,0.0,119.0,118.0,118.0,0.0,13456700.0,1588314900.0,821.0,118.0,119.0,2857800.0,118.0,27474100.0,8036800000.0,1928832000.0,0.0,0.0,0.0,,0.0,0.0,0.0
2022-05-11,118.0,0.0,0.0,119.0,118.0,118.0,0.0,4437100.0,524260000.0,603.0,118.0,119.0,3748000.0,118.0,41978400.0,8036800000.0,1928832000.0,0.0,0.0,0.0,,0.0,0.0,0.0
2022-05-12,118.0,0.0,0.0,120.0,119.0,120.0,2.0,6407300.0,764118400.0,731.0,120.0,120.0,2603600.0,119.0,37492800.0,8036800000.0,1928832000.0,0.0,0.0,0.0,,0.0,0.0,0.0
2022-05-13,120.0,0.0,0.0,120.0,119.0,119.0,-1.0,3454300.0,411627300.0,421.0,119.0,120.0,2264800.0,119.0,40906100.0,8036800000.0,1928832000.0,0.0,0.0,0.0,,0.0,0.0,0.0
2022-05-17,119.0,0.0,0.0,120.0,119.0,119.0,0.0,3195000.0,380454400.0,440.0,119.0,120.0,3391200.0,119.0,36486300.0,8036800000.0,1928832000.0,0.0,0.0,22100.0,,0.0,0.0,0.0
2022-05-18,119.0,0.0,0.0,120.0,119.0,119.0,0.0,3221800.0,383452200.0,332.0,119.0,120.0,4192300.0,119.0,28932500.0,8036800000.0,1928832000.0,0.0,194600.0,0.0,,0.0,0.0,0.0
2022-05-19,119.0,0.0,0.0,120.0,119.0,120.0,1.0,2494300.0,297330100.0,302.0,120.0,120.0,4419000.0,119.0,34340800.0,8036800000.0,1928832000.0,0.0,0.0,0.0,,0.0,0.0,0.0
2022-05-20,120.0,0.0,0.0,121.0,120.0,121.0,1.0,4589400.0,551577500.0,442.0,121.0,121.0,3634600.0,120.0,28212900.0,8036800000.0,1928832000.0,0.0,0.0,0.0,,0.0,0.0,0.0
2022-05-23,121.0,0.0,0.0,121.0,120.0,120.0,-1.0,1769600.0,212564500.0,299.0,120.0,121.0,3701400.0,120.0,32423100.0,8036800000.0,1928832000.0,0.0,0.0,0.0,,0.0,0.0,0.0
2022-05-24,120.0,0.0,0.0,121.0,120.0,121.0,1.0,2720400.0,326761100.0,223.0,121.0,121.0,2347100.0,120.0,30187000.0,8036800000.0,1928832000.0,0.0,6400.0,0.0,,0.0,0.0,0.0
2022-05-25,121.0,0.0,0.0,121.0,120.0,121.0,0.0,897000.0,107773900.0,180.0,121.0,121.0,2568800.0,120.0,32495100.0,8036800000.0,1928832000.0,0.0,0.0,0.0,,0.0,0.0,0.0
2022-05-27,121.0,0.0,0.0,121.0,120.0,120.0,-1.0,3764100.0,451941000.0,275.0,120.0,121.0,2545600.0,120.0,6256200.0,8036800000.0,1928832000.0,0.0,0.0,0.0,,42000000.0,4830000000.0,3.0
2022-05-30,120.0,0.0,0.0,120.0,119.0,120.0,0.0,3880000.0,462817500.0,202.0,120.0,120.0,1627900.0,119.0,1416300.0,8036800000.0,1928832000.0,0.0,10000.0,0.0,,0.0,0.0,0.0
2022-05-31,120.0,0.0,0.0,120.0,108.0,117.0,-3.0,4926700.0,571359600.0,668.0,117.0,119.0,685000.0,117.0,59600.0,8036800000.0,1928832000.0,0.0,12100.0,0.0,,0.0,0.0,0.0
2022-06-02,117.0,0.0,0.0,120.0,117.0,117.0,0.0,1478500.0,173175600.0,309.0,117.0,118.0,89400.0,117.0,968900.0,8036800000.0,1928832000.0,0.0,12000.0,0.0,,0.0,0.0,0.0
2022-06-03,117.0,0.0,0.0,120.0,117.0,117.0,0.0,957600.0,112153000.0,144.0,117.0,118.0,293100.0,117.0,446200.0,8036800000.0,1928832000.0,0.0,0.0,0.0,,0.0,0.0,0.0
2022-06-06,117.0,0.0,0.0,120.0,117.0,119.0,2.0,1438300.0,170437600.0,239.0,119.0,120.0,1991100.0,119.0,69200.0,8036800000.0,1928832000.0,0.0,0.0,0.0,,0.0,0.0,0.0
2022-06-07,119.0,0.0,0.0,119.0,117.0,118.0,-1.0,471400.0,55640400.0,185.0,118.0,118.0,76200.0,117.0,1075500.0,8036800000.0,1928832000.0,0.0,0.0,0.0,,0.0,0.0,0.0
2022-06-08,118.0,0.0,0.0,120.0,117.0,117.0,-1.0,1221200.0,143352700.0,159.0,117.0,118.0,113300.0,117.0,350700.0,8036800000.0,1928832000.0,0.0,0.0,0.0,,0.0,0.0,0.0
2022-06-09,117.0,0.0,0.0,119.0,116.0,118.0,1.0,480600.0,56242300.0,149.0,118.0,118.0,157900.0,117.0,4500.0,8036800000.0,1928832000.0,0.0,0.0,0.0,,0.0,0.0,0.0
2022-06-10,118.0,0.0,0.0,119.0,116.0,116.0,-2.0,404100.0,47170000.0,107.0,116.0,118.0,129000.0,116.0,636900.0,8036800000.0,1928832000.0,0.0,0.0,0.0,,0.0,0.0,0.0
2022-06-13,116.0,0.0,0.0,118.0,110.0,115.0,-1.0,1061100.0,120201800.0,258.0,115.0,114.0,500.0,113.0,46100.0,8036800000.0,1928832000.0,0.0,0.0,0.0,,0.0,0.0,0.0
2022-06-14,115.0,0.0,0.0,117.0,113.0,114.0,-1.0,284300.0,32372200.0,178.0,114.0,115.0,23100.0,114.0,90000.0,8036800000.0,1928832000.0,0.0,0.0,0.0,,0.0,0.0,0.0
2022-06-15,114.0,0.0,0.0,115.0,105.0,108.0,-6.0,1556400.0,168432900.0,276.0,108.0,109.0,103100.0,108.0,288700.0,8036800000.0,1928832000.0,0.0,544700.0,0.0,,0.0,0.0,0.0
2022-06-16,108.0,0.0,0.0,118.0,103.0,109.0,1.0,682000.0,75725100.0,237.0,109.0,111.0,12200.0,109.0,15700.0,8036800000.0,1928832000.0,0.0,9300.0,0.0,,0.0,0.0,0.0
2022-06-17,109.0,0.0,0.0,111.0,108.0,108.0,-1.0,119100.0,12922100.0,95.0,108.0,109.0,13300.0,108.0,197900.0,8036800000.0,1928832000.0,0.0,0.0,0.0,,0.0,0.0,0.0
2022-06-20,108.0,0.0,0.0,109.0,104.0,107.0,-1.0,908200.0,95820300.0,191.0,107.0,107.0,411100.0,106.0,134400.0,8036800000.0,1928832000.0,0.0,0.0,0.0,,0.0,0.0,0.0
2022-06-21,107.0,0.0,0.0,107.0,104.0,105.0,-2.0,316100.0,33462600.0,139.0,105.0,106.0,17900.0,105.0,6500.0,8036800000.0,1928832000.0,0.0,0.0,0.0,,0.0,0.0,0.0
2022-06-22,105.0,0.0,0.0,108.0,104.0,104.0,-1.0,697900.0,72937400.0,151.0,104.0,105.0,86000.0,104.0,224500.0,8036800000.0,1928832000.0,0.0,0.0,0.0,,0.0,0.0,0.0
2022-06-23,104.0,0.0,0.0,114.0,104.0,108.0,4.0,788800.0,82872700.0,229.0,108.0,108.0,26200.0,105.0,5100.0,8036800000.0,1928832000.0,0.0,0.0,0.0,,0.0,0.0,0.0
2022-06-24,108.0,0.0,0.0,108.0,104.0,104.0,-4.0,352400.0,37066400.0,87.0,104.0,105.0,88000.0,104.0,768900.0,8036800000.0,1928832000.0,0.0,0.0,0.0,,0.0,0.0,0.0
2022-06-27,104.0,0.0,0.0,108.0,104.0,104.0,0.0,458900.0,48418500.0,164.0,104.0,105.0,16400.0,104.0,27900.0,8036800000.0,1928832000.0,0.0,0.0,0.0,,0.0,0.0,0.0
2022-06-28,104.0,0.0,0.0,114.0,102.0,114.0,10.0,6982800.0,761999300.0,1194.0,114.0,0.0,0.0,114.0,32295400.0,8036800000.0,1928832000.0,0.0,0.0,0.0,,0.0,0.0,0.0
2022-06-29,114.0,0.0,0.0,118.0,110.0,114.0,0.0,13447000.0,1539297200.0,1660.0,114.0,114.0,28200.0,113.0,148500.0,8036800000.0,1928832000.0,0.0,0.0,0.0,,0.0,0.0,0.0
2022-06-30,114.0,0.0,0.0,118.0,113.0,115.0,1.0,6925800.0,797631600.0,846.0,115.0,116.0,114800.0,115.0,100.0,8036800000.0,1928832000.0,0.0,0.0,0.0,,0.0,0.0,0.0
2022-07-01,115.0,0.0,0.0,117.0,113.0,117.0,2.0,13107400.0,1520721000.0,1064.0,117.0,118.0,272200.0,117.0,1558300.0,8036800000.0,1928832000.0,0.0,0.0,0.0,,0.0,0.0,0.0
2022-07-04,117.0,0.0,0.0,128.0,117.0,127.0,10.0,16969800.0,2152307800.0,1309.0,127.0,128.0,647800.0,127.0,50100.0,8036800000.0,1928832000.0,0.0,0.0,370000.0,,50000000.0,5700000000.0,4.0
2022-07-05,127.0,0.0,0.0,129.0,115.0,124.0,-3.0,20602200.0,2500106400.0,1248.0,124.0,124.0,177800.0,123.0,515900.0,8036800000.0,1928832000.0,0.0,470000.0,203100.0,,0.0,0.0,0.0
2022-07-06,124.0,0.0,0.0,126.0,113.0,116.0,-8.0,21982900.0,2608320900.0,1487.0,116.0,116.0,490900.0,115.0,1123900.0,8036800000.0,1928832000.0,0.0,4100.0,0.0,,0.0,0.0,0.0
2022-07-07,116.0,0.0,0.0,116.0,105.0,108.0,-8.0,17952900.0,1935093200.0,1320.0,108.0,109.0,5200.0,108.0,1578900.0,8036800000.0,1928832000.0,0.0,0.0,0.0,,0.0,0.0,0.0
2022-07-08,108.0,0.0,0.0,113.0,104.0,110.0,2.0,17954400.0,1960365800.0,1084.0,110.0,111.0,23700.0,110.0,118600.0,8036800000.0,1928832000.0,0.0,0.0,0.0,,0.0,0.0,0.0
2022-07-11,110.0,0.0,0.0,112.0,108.0,110.0,0.0,13170800.0,1452253600.0,659.0,110.0,110.0,5400.0,109.0,779200.0,8036800000.0,1928832000.0,0.0,0.0,0.0,,3000000.0,318000000.0,1.0
2022-07-12,110.0,0.0,0.0,115.0,109.0,110.0,0.0,15962700.0,1767092300.0,856.0,110.0,110.0,335900.0,109.0,102300.0,8036800000.0,1928832000.0,0.0,0.0,0.0,,0.0,0.0,0.0
2022-07-13,110.0,0.0,0.0,114.0,107.0,110.0,0.0,16360600.0,1790806600.0,738.0,110.0,110.0,124500.0,109.0,700900.0,8036800000.0,1928832000.0,0.0,40000.0,0.0,,0.0,0.0,0.0
2022-07-14,110.0,0.0,0.0,111.0,106.0,108.0,-2.0,11023100.0,1206378700.0,489.0,108.0,108.0,2500.0,107.0,1075000.0,8036800000.0,1928832000.0,0.0,29000.0,0.0,,0.0,0.0,0.0
2022-07-15,108.0,0.0,0.0,110.0,106.0,108.0,0.0,21112800.0,2282983400.0,774.0,108.0,108.0,7500.0,107.0,600000.0,8036800000.0,1928832000.0,0.0,0.0,0.0,,0.0,0.0,0.0
2022-07-18,108.0,0.0,0.0,109.0,104.0,107.0,-1.0,9482600.0,1013836000.0,385.0,107.0,107.0,91800.0,105.0,142100.0,8036800000.0,1928832000.0,0.0,0.0,93400.0,,0.0,0.0,0.0
2022-07-19,107.0,0.0,0.0,108.0,104.0,105.0,-2.0,18335100.0,1939097800.0,731.0,105.0,106.0,302000.0,105.0,48900.0,8036800000.0,1928832000.0,0.0,0.0,0.0,,0.0,0.0,0.0
2022-07-20,105.0,0.0,0.0,106.0,103.0,103.0,-2.0,13924200.0,1456324700.0,588.0,103.0,104.0,136000.0,103.0,2701300.0,8036800000.0,1928832000.0,0.0,0.0,0.0,,0.0,0.0,0.0
2022-07-21,103.0,0.0,0.0,105.0,101.0,102.0,-1.0,9923500.0,1021244400.0,475.0,102.0,102.0,23700.0,101.0,114400.0,8036800000.0,1928832000.0,0.0,19800.0,0.0,,0.0,0.0,0.0
2022-07-22,102.0,0.0,0.0,104.0,100.0,102.0,0.0,21391400.0,2181241800.0,896.0,102.0,102.0,10700.0,101.0,1000900.0,8036800000.0,1928832000.0,0.0,0.0,250000.0,,0.0,0.0,0.0
2022-07-25,102.0,0.0,0.0,103.0,101.0,102.0,0.0,22854500.0,2331266300.0,819.0,102.0,102.0,500.0,101.0,1140700.0,8036800000.0,1928832000.0,0.0,10200.0,0.0,,0.0,0.0,0.0
2022-07-26,102.0,0.0,0.0,103.0,99.0,102.0,0.0,14691300.0,1497470000.0,666.0,102.0,102.0,4226100.0,101.0,1700.0,8036800000.0,1928832000.0,0.0,42200.0,0.0,,0.0,0.0,0.0
2022-07-27,102.0,0.0,0.0,104.0,100.0,103.0,1.0,14000300.0,1430322700.0,694.0,103.0,103.0,45200.0,102.0,1164700.0,8036800000.0,1928832000.0,0.0,0.0,0.0,,0.0,0.0,0.0
2022-07-28,103.0,0.0,0.0,108.0,102.0,105.0,2.0,14769400.0,1536788700.0,954.0,105.0,106.0,1400.0,105.0,27100.0,8036800000.0,1928832000.0,0.0,0.0,0.0,,0.0,0.0,0.0
2022-07-29,105.0,0.0,0.0,108.0,102.0,102.0,-3.0,12538800.0,1308976700.0,509.0,102.0,105.0,32100.0,102.0,349100.0,8036800000.0,1928832000.0,0.0,0.0,0.0,,0.0,0.0,0.0
2022-08-01,102.0,0.0,0.0,107.0,101.0,102.0,0.0,13785400.0,1425631700.0,400.0,102.0,104.0,25400.0,102.0,11800.0,8036800000.0,1928832000.0,0.0,0.0,0.0,,0.0,0.0,0.0
2022-08-02,102.0,0.0,0.0,107.0,102.0,104.0,2.0,10378500.0,1069016200.0,343.0,104.0,104.0,120800.0,103.0,100.0,8036800000.0,1928832000.0,0.0,0.0,0.0,,0.0,0.0,0.0
2022-08-03,104.0,0.0,0.0,105.0,100.0,101.0,-3.0,14924000.0,1507778100.0,512.0,101.0,103.0,72400.0,101.0,46200.0,8036800000.0,1928832000.0,0.0,0.0,0.0,,0.0,0.0,0.0
2022-08-04,101.0,0.0,0.0,102.0,99.0,100.0,-1.0,13957600.0,1399116900.0,598.0,100.0,101.0,11900.0,100.0,135900.0,8036800000.0,1928832000.0,0.0,0.0,0.0,,0.0,0.0,0.0
2022-08-05,100.0,0.0,0.0,103.0,99.0,101.0,1.0,10370100.0,1057563900.0,398.0,101.0,102.0,40900.0,100.0,53100.0,8036800000.0,1928832000.0,0.0,0.0,0.0,,0.0,0.0,0.0
2022-08-08,101.0,0.0,0.0,102.0,100.0,100.0,-1.0,12838500.0,1296493500.0,499.0,100.0,101.0,20000.0,100.0,76600.0,8036800000.0,1928832000.0,0.0,0.0,1800.0,,0.0,0.0,0.0
2022-08-09,100.0,0.0,0.0,102.0,100.0,101.0,1.0,12099700.0,1210202300.0,609.0,101.0,102.0,47500.0,100.0,41500.0,8036800000.0,1928832000.0,0.0,1800.0,0.0,,0.0,0.0,0.0
2022-08-10,101.0,0.0,0.0,102.0,100.0,101.0,0.0,13217800.0,1334843500.0,627.0,101.0,101.0,19600.0,100.0,10300.0,8036800000.0,1928832000.0,0.0,0.0,0.0,,0.0,0.0,0.0
2022-08-11,101.0,0.0,0.0,102.0,99.0,102.0,1.0,9514500.0,956781200.0,436.0,102.0,102.0,205600.0,101.0,5500.0,8036800000.0,1928832000.0,0.0,0.0,0.0,,0.0,0.0,0.0
2022-08-12,102.0,0.0,0.0,102.0,100.0,101.0,-1.0,6310200.0,637134700.0,282.0,101.0,101.0,143500.0,100.0,16100.0,8036800000.0,1928832000.0,0.0,3000.0,0.0,,0.0,0.0,0.0
2022-08-15,101.0,0.0,0.0,103.0,99.0,101.0,0.0,11251600.0,1138034000.0,529.0,101.0,101.0,12500.0,99.0,326100.0,8036800000.0,1928832000.0,0.0,0.0,0.0,,0.0,0.0,0.0
2022-08-16,101.0,0.0,0.0,102.0,99.0,100.0,-1.0,9289700.0,930121000.0,551.0,100.0,100.0,33700.0,99.0,130000.0,8036800000.0,1928832000.0,0.0,0.0,0.0,,0.0,0.0,0.0
2022-08-18,100.0,0.0,0.0,101.0,98.0,99.0,-1.0,15470600.0,1531515000.0,552.0,99.0,100.0,393900.0,99.0,120700.0,8036800000.0,1928832000.0,0.0,0.0,0.0,,0.0,0.0,0.0
2022-08-19,99.0,0.0,0.0,102.0,98.0,101.0,2.0,18265100.0,1810786800.0,695.0,101.0,101.0,76000.0,100.0,200100.0,8036800000.0,1928832000.0,0.0,0.0,0.0,,0.0,0.0,0.0
2022-08-22,101.0,0.0,0.0,103.0,98.0,102.0,1.0,14408400.0,1441591200.0,670.0,102.0,102.0,21200.0,101.0,16500.0,8036800000.0,1928832000.0,0.0,0.0,0.0,,0.0,0.0,0.0
2022-08-23,102.0,0.0,0.0,103.0,99.0,99.0,-3.0,17198500.0,1736984700.0,543.0,99.0,101.0,18000.0,99.0,266300.0,8036800000.0,1928832000.0,0.0,121700.0,0.0,,0.0,0.0,0.0
2022-08-24,99.0,0.0,0.0,103.0,99.0,101.0,2.0,14198300.0,1433621900.0,494.0,101.0,101.0,60400.0,100.0,23500.0,8036800000.0,1928832000.0,0.0,0.0,0.0,,0.0,0.0,0.0
2022-08-25,101.0,0.0,0.0,102.0,100.0,100.0,-1.0,8837100.0,892556700.0,226.0,100.0,102.0,945900.0,100.0,150000.0,8036800000.0,1928832000.0,0.0,0.0,1100000.0,,0.0,0.0,0.0
2022-08-26,100.0,0.0,0.0,103.0,100.0,100.0,0.0,20488700.0,2069045700.0,610.0,100.0,100.0,83100.0,99.0,204500.0,8036800000.0,1928832000.0,0.0,0.0,0.0,,0.0,0.0,0.0
2022-08-29,100.0,0.0,0.0,101.0,98.0,98.0,-2.0,15252900.0,1510156500.0,522.0,98.0,99.0,6900.0,98.0,95100.0,8036800000.0,1928832000.0,0.0,0.0,0.0,,0.0,0.0,0.0
2022-08-30,98.0,0.0,0.0,101.0,98.0,100.0,2.0,15353800.0,1520212100.0,703.0,100.0,100.0,168600.0,99.0,30000.0,8036800000.0,1928832000.0,0.0,0.0,0.0,,0.0,0.0,0.0
2022-08-31,100.0,0.0,0.0,101.0,98.0,100.0,0.0,14862800.0,1471902800.0,519.0,100.0,100.0,19700.0,99.0,55700.0,8036800000.0,1928832000.0,0.0,0.0,0.0,,0.0,0.0,0.0
2022-09-01,100.0,0.0,0.0,101.0,98.0,101.0,1.0,15658800.0,1558475900.0,556.0,101.0,101.0,256700.0,100.0,300000.0,8036800000.0,1928832000.0,0.0,0.0,0.0,,0.0,0.0,0.0
2022-09-02,101.0,0.0,0.0,101.0,99.0,100.0,-1.0,11970100.0,1196975100.0,350.0,100.0,100.0,11500.0,99.0,302700.0,8036800000.0,1928832000.0,0.0,0.0,0.0,,0.0,0.0,0.0
2022-09-05,100.0,0.0,0.0,101.0,98.0,100.0,0.0,8855800.0,882249100.0,331.0,100.0,100.0,66300.0,98.0,99300.0,8036800000.0,1928832000.0,0.0,0.0,300.0,,1000000.0,100000000.0,1.0
2022-09-06,100.0,0.0,0.0,100.0,98.0,100.0,0.0,21336100.0,2112402200.0,550.0,100.0,100.0,354400.0,99.0,20300.0,8036800000.0,1928832000.0,0.0,300.0,0.0,,0.0,0.0,0.0
2022-09-07,100.0,0.0,0.0,100.0,97.0,100.0,0.0,21941700.0,2155651500.0,746.0,100.0,100.0,366500.0,99.0,9000.0,8036800000.0,1928832000.0,0.0,93400.0,13000.0,,0.0,0.0,0.0
2022-09-08,100.0,0.0,0.0,100.0,96.0,98.0,-2.0,11292500.0,1112092100.0,466.0,98.0,98.0,271800.0,97.0,3900.0,8036800000.0,1928832000.0,0.0,13000.0,8100.0,,0.0,0.0,0.0
2022-09-09,98.0,0.0,0.0,98.0,96.0,96.0,-2.0,6399000.0,620131900.0,240.0,96.0,96.0,9900.0,95.0,150700.0,8036800000.0,1928832000.0,0.0,8100.0,0.0,,10000000.0,1000000000.0,1.0
2022-09-12,96.0,0.0,0.0,97.0,94.0,94.0,-2.0,11638100.0,1108490200.0,394.0,94.0,95.0,232800.0,94.0,56000.0,8036800000.0,1928832000.0,0.0,0.0,0.0,,0.0,0.0,0.0
2022-09-13,94.0,0.0,0.0,98.0,91.0,97.0,3.0,15088500.0,1395356000.0,582.0,97.0,97.0,125400.0,96.0,1800.0,8036800000.0,1928832000.0,0.0,0.0,200.0,,0.0,0.0,0.0
2022-09-14,97.0,0.0,0.0,98.0,93.0,98.0,1.0,23481100.0,2245069200.0,716.0,98.0,98.0,162600.0,94.0,13000.0,8036800000.0,1928832000.0,0.0,200.0,3900.0,,0.0,0.0,0.0
2022-09-15,98.0,0.0,0.0,99.0,94.0,97.0,-1.0,22715200.0,2165966500.0,725.0,97.0,97.0,13200.0,95.0,300.0,8036800000.0,1928832000.0,0.0,3900.0,100.0,,0.0,0.0,0.0
2022-09-16,97.0,0.0,0.0,98.0,94.0,95.0,-2.0,24070700.0,2287884400.0,668.0,95.0,97.0,1000.0,95.0,42100.0,8036800000.0,1928832000.0,0.0,0.0,0.0,,0.0,0.0,0.0
2022-09-19,95.0,0.0,0.0,95.0,90.0,93.0,-2.0,1841500.0,170285700.0,270.0,93.0,93.0,74500.0,91.0,20000.0,8036800000.0,1928832000.0,0.0,0.0,7400.0,,0.0,0.0,0.0
2022-09-20,93.0,0.0,0.0,96.0,90.0,96.0,3.0,1205500.0,111998400.0,217.0,96.0,96.0,191400.0,95.0,109900.0,8036800000.0,1928832000.0,0.0,7400.0,461100.0,,0.0,0.0,0.0
2022-09-21,96.0,0.0,0.0,100.0,94.0,99.0,3.0,2493500.0,243545700.0,228.0,99.0,99.0,31300.0,98.0,100000.0,8036800000.0,1928832000.0,0.0,254200.0,1096700.0,,0.0,0.0,0.0
2022-09-22,99.0,0.0,0.0,103.0,97.0,102.0,3.0,3307100.0,332734700.0,345.0,102.0,102.0,159400.0,101.0,100000.0,8036800000.0,1928832000.0,0.0,35000.0,801400.0,,0.0,0.0,0.0
2022-09-23,102.0,0.0,0.0,103.0,99.0,101.0,-1.0,1305200.0,131422800.0,200.0,101.0,101.0,140500.0,100.0,100600.0,8036800000.0,1928832000.0,0.0,17500.0,38100.0,,0.0,0.0,0.0
2022-09-26,101.0,0.0,0.0,101.0,98.0,101.0,0.0,1198000.0,120003300.0,163.0,101.0,101.0,111900.0,100.0,74500.0,8036800000.0,1928832000.0,0.0,127800.0,190500.0,,0.0,0.0,0.0
2022-09-27,101.0,0.0,0.0,104.0,96.0,104.0,3.0,3062700.0,309639100.0,230.0,104.0,104.0,999900.0,103.0,122600.0,8036800000.0,1928832000.0,0.0,0.0,148400.0,,0.0,0.0,0.0
2022-09-28,104.0,0.0,0.0,104.0,98.0,101.0,-3.0,1724400.0,173491100.0,168.0,101.0,101.0,79000.0,100.0,82500.0,8036800000.0,1928832000.0,0.0,0.0,0.0,,0.0,0.0,0.0
2022-09-29,101.0,0.0,0.0,101.0,98.0,98.0,-3.0,333600.0,33306600.0,61.0,98.0,98.0,22700.0,97.0,70100.0,8036800000.0,1928832000.0,0.0,0.0,0.0,,0.0,0.0,0.0
2022-09-30,98.0,0.0,0.0,104.0,96.0,103.0,5.0,1880000.0,189676800.0,306.0,103.0,103.0,147200.0,102.0,236400.0,8036800000.0,1928832000.0,0.0,0.0,9900.0,,0.0,0.0,0.0
2022-10-03,103.0,0.0,0.0,111.0,101.0,110.0,7.0,7416800.0,791505500.0,716.0,110.0,110.0,45700.0,109.0,47800.0,8036800000.0,1928832000.0,0.0,125000.0,1000.0,,0.0,0.0,0.0
2022-10-04,110.0,0.0,0.0,111.0,105.0,107.0,-3.0,2703200.0,293225400.0,299.0,107.0,108.0,83700.0,107.0,146700.0,8036800000.0,1928832000.0,0.0,0.0,0.0,,0.0,0.0,0.0
2022-10-05,107.0,0.0,0.0,108.0,105.0,107.0,0.0,1099500.0,117631200.0,161.0,107.0,107.0,400.0,106.0,166100.0,8036800000.0,1928832000.0,0.0,0.0,0.0,,0.0,0.0,0.0
2022-10-06,107.0,0.0,0.0,108.0,103.0,107.0,0.0,534100.0,56928300.0,87.0,107.0,107.0,44600.0,106.0,25700.0,8036800000.0,1928832000.0,0.0,55500.0,0.0,,0.0,0.0,0.0
2022-10-07,107.0,0.0,0.0,108.0,101.0,104.0,-3.0,2358900.0,243086900.0,133.0,104.0,104.0,32300.0,101.0,700.0,8036800000.0,1928832000.0,0.0,0.0,0.0,,0.0,0.0,0.0
2022-10-10,104.0,0.0,0.0,105.0,101.0,105.0,1.0,228400.0,23776800.0,80.0,105.0,105.0,19400.0,104.0,100.0,8036800000.0,1928832000.0,0.0,0.0,0.0,,0.0,0.0,0.0
2022-10-11,105.0,0.0,0.0,106.0,101.0,106.0,1.0,475300.0,48866400.0,124.0,106.0,106.0,236400.0,105.0,12900.0,8036800000.0,1928832000.0,0.0,0.0,0.0,,0.0,0.0,0.0
2022-10-12,106.0,0.0,0.0,106.0,96.0,97.0,-9.0,1490600.0,150267000.0,178.0,97.0,99.0,612200.0,97.0,45100.0,8036800000.0,1928832000.0,0.0,0.0,0.0,,0.0,0.0,0.0
2022-10-13,97.0,0.0,0.0,99.0,93.0,93.0,-4.0,1168000.0,110794200.0,129.0,93.0,95.0,74600.0,93.0,15200.0,8036800000.0,1928832000.0,0.0,0.0,0.0,,0.0,0.0,0.0
2022-10-14,93.0,0.0,0.0,98.0,92.0,93.0,0.0,341700.0,32081300.0,123.0,93.0,94.0,43800.0,93.0,100.0,8036800000.0,1928832000.0,0.0,0.0,0.0,,0.0,0.0,0.0
2022-10-17,93.0,0.0,0.0,95.0,91.0,93.0,0.0,507300.0,46718700.0,117.0,93.0,93.0,111600.0,91.0,56000.0,8036800000.0,1928832000.0,0.0,0.0,0.0,,0.0,0.0,0.0
2022-10-18,93.0,0.0,0.0,93.0,86.0,92.0,-1.0,1763700.0,156840300.0,137.0,92.0,92.0,46400.0,91.0,35700.0,8036800000.0,1928832000.0,0.0,1000000.0,0.0,,0.0,0.0,0.0
2022-10-19,92.0,0.0,0.0,93.0,89.0,92.0,0.0,1378800.0,124488600.0,85.0,92.0,92.0,1400.0,90.0,64400.0,8036800000.0,1928832000.0,0.0,0.0,0.0,,0.0,0.0,0.0
2022-10-20,92.0,0.0,0.0,94.0,90.0,92.0,0.0,273100.0,24997800.0,86.0,92.0,93.0,26100.0,92.0,67800.0,8036800000.0,1928832000.0,0.0,0.0,0.0,,0.0,0.0,0.0
2022-10-21,92.0,0.0,0.0,95.0,92.0,95.0,3.0,737500.0,68285200.0,101.0,95.0,95.0,377900.0,93.0,2600.0,8036800000.0,1928832000.0,0.0,0.0,0.0,,0.0,0.0,0.0
2022-10-24,95.0,0.0,0.0,97.0,91.0,92.0,-3.0,2336200.0,217473200.0,75.0,92.0,92.0,57700.0,91.0,82500.0,8036800000.0,1928832000.0,0.0,0.0,0.0,,0.0,0.0,0.0
2022-10-25,92.0,0.0,0.0,94.0,90.0,92.0,0.0,492900.0,45164600.0,48.0,92.0,92.0,166200.0,91.0,5000.0,8036800000.0,1928832000.0,0.0,0.0,0.0,,30000000.0,2880000000.0,1.0
2022-10-26,92.0,0.0,0.0,93.0,91.0,91.0,-1.0,202500.0,18447400.0,55.0,91.0,92.0,5000.0,91.0,4800.0,8036800000.0,1928832000.0,0.0,0.0,0.0,,20000000.0,1920000000.0,3.0
2022-10-27,91.0,0.0,0.0,93.0,89.0,91.0,0.0,254000.0,22914900.0,38.0,91.0,92.0,49000.0,91.0,1600.0,8036800800.0,1928832800.0,0.0,0.0,0.0,,0.0,0.0,0.0
2022-10-28,91.0,0.0,0.0,93.0,90.0,93.0,2.0,315200.0,28773600.0,35.0,93.0,93.0,168800.0,91.0,3600.0,8036801810.0,1928833810.0,0.0,0.0,0.0,,0.0,0.0,0.0
2022-10-31,93.0,0.0,0.0,94.0,92.0,93.0,0.0,232200.0,21577400.0,48.0,93.0,93.0,38700.0,92.0,8900.0,8036802260.0,1928834260.0,0.0,0.0,0.0,,0.0,0.0,0.0
2022-11-01,93.0,0.0,0.0,95.0,92.0,93.0,0.0,278600.0,26057000.0,44.0,93.0,93.0,96500.0,92.0,18600.0,8036802810.0,1928834810.0,0.0,0.0,0.0,,0.0,0.0,0.0
2022-11-02,93.0,0.0,0.0,93.0,92.0,92.0,-1.0,423200.0,38935500.0,64.0,92.0,93.0,79000.0,92.0,11000.0,8036802812.0,1928834812.0,0.0,0.0,0.0,,0.0,0.0,0.0
2022-11-03,92.0,0.0,0.0,93.0,90.0,92.0,0.0,137100.0,12570600.0,34.0,92.0,92.0,1200.0,90.0,100000.0,8036803512.0,1928835512.0,0.0,0.0,0.0,,0.0,0.0,0.0
2022-11-04,92.0,0.0,0.0,93.0,90.0,90.0,-2.0,138800.0,12612500.0,51.0,90.0,90.0,112100.0,89.0,23300.0,8036803562.0,1928835562.0,0.0,0.0,0.0,,0.0,0.0,0.0
2022-11-07,90.0,0.0,0.0,91.0,89.0,91.0,1.0,454100.0,40777300.0,59.0,91.0,91.0,103800.0,90.0,76400.0,8036803762.0,1928835762.0,0.0,0.0,0.0,,10000000.0,950000000.0,1.0
2022-11-08,91.0,0.0,0.0,93.0,88.0,88.0,-3.0,354200.0,31641900.0,62.0,88.0,90.0,195400.0,88.0,145700.0,8036804565.0,1928836565.0,0.0,0.0,0.0,,0.0,0.0,0.0
2022-11-09,88.0,0.0,0.0,89.0,85.0,87.0,-1.0,872500.0,75604800.0,94.0,87.0,87.0,168800.0,86.0,200.0,8036805165.0,1928837165.0,0.0,0.0,0.0,,0.0,0.0,0.0
2022-11-10,87.0,0.0,0.0,87.0,85.0,85.0,-2.0,199100.0,17054000.0,52.0,85.0,85.0,131600.0,84.0,130100.0,8036805570.0,1928837570.0,0.0,0.0,0.0,,0.0,0.0,0.0
2022-11-11,85.0,0.0,0.0,85.0,80.0,83.0,-2.0,913100.0,74783500.0,137.0,83.0,83.0,16800.0,82.0,140800.0,8036805943.0,1928837943.0,0.0,0.0,0.0,,0.0,0.0,0.0
2022-11-14,83.0,0.0,0.0,84.0,80.0,80.0,-3.0,694800.0,56558000.0,97.0,80.0,80.0,159400.0,79.0,316300.0,8036806292.0,1928838292.0,0.0,0.0,0.0,,0.0,0.0,0.0
2022-11-15,80.0,0.0,0.0,80.0,72.0,76.0,-4.0,4613400.0,343141800.0,404.0,76.0,76.0,18400.0,75.0,150100.0,8036806542.0,1928838542.0,0.0,0.0,0.0,,0.0,0.0,0.0
2022-11-16,76.0,0.0,0.0,77.0,74.0,77.0,1.0,734000.0,55435300.0,158.0,77.0,77.0,160800.0,76.0,93800.0,8036806742.0,1928838742.0,0.0,0.0,0.0,,0.0,0.0,0.0
2022-11-17,77.0,0.0,0.0,84.0,78.0,84.0,7.0,2579400.0,209759800.0,302.0,84.0,0.0,0.0,84.0,889100.0,8036807492.0,1928839492.0,0.0,0.0,0.0,,29165800.0,2274932400.0,1.0
2022-11-18,84.0,0.0,0.0,92.0,84.0,92.0,8.0,8868800.0,808744300.0,944.0,92.0,0.0,0.0,92.0,1700500.0,8036807492.0,1928839492.0,0.0,0.0,0.0,,0.0,0.0,0.0
2022-11-21,92.0,0.0,0.0,97.0,86.0,91.0,-1.0,5614400.0,510225800.0,665.0,91.0,91.0,126700.0,90.0,40300.0,8036807702.0,1928839702.0,0.0,0.0,0.0,,0.0,0.0,0.0
2022-11-22,91.0,0.0,0.0,93.0,86.0,88.0,-3.0,1348900.0,119034500.0,340.0,88.0,88.0,9000.0,87.0,21500.0,8036807852.0,1928839852.0,0.0,0.0,0.0,,0.0,0.0,0.0
2022-11-23,88.0,0.0,0.0,91.0,86.0,89.0,1.0,947600.0,83290400.0,137.0,89.0,90.0,43400.0,89.0,23700.0,8036807902.0,1928839902.0,0.0,0.0,0.0,,4061300.0,345210500.0,1.0
2022-11-24,89.0,0.0,0.0,91.0,85.0,90.0,1.0,987700.0,86175000.0,145.0,90.0,91.0,68800.0,90.0,23400.0,8036807972.0,1928839972.0,0.0,0.0,0.0,,0.0,0.0,0.0
2022-11-25,90.0,0.0,0.0,96.0,85.0,95.0,5.0,2070600.0,190497200.0,172.0,95.0,95.0,149200.0,94.0,96800.0,8036808022.0,1928840022.0,0.0,0.0,0.0,,0.0,0.0,0.0
2022-11-28,95.0,0.0,0.0,95.0,89.0,90.0,-5.0,2017400.0,184976800.0,168.0,90.0,90.0,1021000.0,89.0,109100.0,8036808472.0,1928840472.0,0.0,0.0,0.0,,0.0,0.0,0.0
2022-11-29,90.0,0.0,0.0,93.0,89.0,92.0,2.0,967400.0,87979500.0,264.0,92.0,92.0,1104100.0,91.0,2600.0,8036808632.0,1928840632.0,0.0,102100.0,0.0,,0.0,0.0,0.0
2022-11-30,92.0,0.0,0.0,92.0,88.0,91.0,-1.0,480700.0,43101800.0,121.0,91.0,91.0,1158000.0,90.0,200.0,8036809282.0,1928841282.0,0.0,0.0,0.0,,0.0,0.0,0.0
2022-12-01,91.0,0.0,0.0,92.0,89.0,91.0,0.0,314500.0,28450300.0,78.0,91.0,91.0,935000.0,90.0,500.0,8036809332.0,1928841332.0,0.0,0.0,0.0,,0.0,0.0,0.0
2022-12-02,91.0,0.0,0.0,91.0,85.0,89.0,-2.0,1172200.0,103273900.0,99.0,89.0,90.0,914600.0,88.0,89100.0,8036809432.0,1928841432.0,0.0,0.0,0.0,,0.0,0.0,0.0
2022-12-05,89.0,0.0,0.0,92.0,86.0,90.0,1.0,227300.0,20050800.0,47.0,90.0,90.0,36700.0,89.0,9500.0,8036809432.0,1928841432.0,0.0,0.0,0.0,,0.0,0.0,0.0
2022-12-06,90.0,0.0,0.0,91.0,85.0,89.0,-1.0,259900.0,23094600.0,75.0,89.0,89.0,1900.0,88.0,16900.0,8036809482.0,1928841482.0,0.0,0.0,0.0,,0.0,0.0,0.0
2022-12-07,89.0,0.0,0.0,90.0,86.0,90.0,1.0,21000.0,1855300.0,31.0,90.0,90.0,134500.0,89.0,800.0,8036809482.0,1928841482.0,0.0,0.0,0.0,,0.0,0.0,0.0
2022-12-08,90.0,0.0,0.0,88.0,84.0,87.0,-3.0,115600.0,9821300.0,54.0,87.0,87.0,284700.0,86.0,2800.0,8036809732.0,1928841732.0,0.0,0.0,0.0,,0.0,0.0,0.0
2022-12-09,87.0,0.0,0.0,90.0,85.0,90.0,3.0,79400.0,6920200.0,77.0,90.0,90.0,327400.0,88.0,200.0,8036809893.0,1928841893.0,0.0,0.0,0.0,,0.0,0.0,0.0
2022-12-12,90.0,0.0,0.0,90.0,85.0,86.0,-4.0,87300.0,7516500.0,30.0,86.0,87.0,7300.0,86.0,19500.0,8036810043.0,1928842043.0,0.0,0.0,0.0,,99.0,99.0,1.0
2022-12-13,86.0,0.0,0.0,88.0,86.0,87.0,1.0,247300.0,21288500.0,64.0,87.0,87.0,9100.0,86.0,700.0,8036810143.0,1928842143.0,0.0,0.0,0.0,,0.0,0.0,0.0
2022-12-14,87.0,0.0,0.0,88.0,83.0,87.0,0.0,391300.0,33067400.0,156.0,87.0,85.0,100.0,83.0,44800.0,8036810243.0,1928842243.0,0.0,0.0,0.0,,0.0,0.0,0.0
2022-12-15,87.0,0.0,0.0,87.0,84.0,87.0,0.0,94500.0,8088200.0,72.0,87.0,87.0,28900.0,86.0,3100.0,8036810293.0,3525525999.0,0.0,0.0,0.0,,0.0,0.0,0.0
2022-12-16,87.0,0.0,0.0,90.0,86.0,87.0,0.0,120500.0,10550500.0,100.0,87.0,88.0,45500.0,87.0,1000.0,8036810293.0,3525525999.0,0.0,0.0,0.0,,0.0,0.0,0.0
2022-12-19,87.0,0.0,0.0,92.0,86.0,90.0,3.0,632500.0,55924900.0,216.0,90.0,90.0,247800.0,89.0,1500.0,8036810443.0,3525526149.0,0.0,0.0,0.0,,0.0,0.0,0.0
2022-12-20,90.0,0.0,0.0,91.0,88.0,90.0,0.0,69500.0,6230900.0,57.0,90.0,90.0,113400.0,89.0,1100.0,8036812123.0,3525527829.0,0.0,0.0,0.0,,0.0,0.0,0.0
2022-12-21,90.0,0.0,0.0,91.0,87.0,90.0,0.0,64000.0,5706100.0,41.0,90.0,90.0,221600.0,89.0,14600.0,8036814496.0,3525530202.0,0.0,0.0,0.0,,0.0,0.0,0.0
2022-12-22,90.0,0.0,0.0,91.0,88.0,89.0,-1.0,104800.0,9307300.0,60.0,89.0,89.0,3800.0,87.0,10100.0,8036815346.0,3525531052.0,0.0,0.0,0.0,,0.0,0.0,0.0
2022-12-23,89.0,0.0,0.0,90.0,86.0,89.0,0.0,277000.0,24466800.0,70.0,89.0,89.0,206400.0,88.0,1000.0,8036815796.0,3525531502.0,0.0,0.0,0.0,,0.0,0.0,0.0
2022-12-26,89.0,0.0,0.0,88.0,84.0,84.0,-5.0,85300.0,7275400.0,41.0,84.0,87.0,5100.0,84.0,57400.0,8036815928.0,3525531634.0,0.0,0.0,0.0,,0.0,0.0,0.0
2022-12-27,84.0,0.0,0.0,90.0,85.0,88.0,4.0,121200.0,10565200.0,60.0,88.0,88.0,1500.0,87.0,4900.0,8036815928.0,3525531634.0,0.0,0.0,0.0,,0.0,0.0,0.0
2022-12-28,88.0,0.0,0.0,88.0,84.0,86.0,-2.0,96200.0,8226800.0,37.0,86.0,86.0,98500.0,85.0,100.0,8036816228.0,3525531934.0,0.0,0.0,0.0,,0.0,0.0,0.0
2022-12-29,86.0,0.0,0.0,86.0,84.0,86.0,0.0,56200.0,4776600.0,27.0,86.0,86.0,34600.0,85.0,1000.0,8036816428.0,3525532134.0,0.0,0.0,0.0,,0.0,0.0,0.0
2022-12-30,86.0,0.0,0.0,88.0,84.0,86.0,0.0,239100.0,20287900.0,54.0,86.0,86.0,15000.0,85.0,1000.0,8036816528.0,3525532234.0,0.0,0.0,0.0,,0.0,0.0,0.0
2023-01-02,86.0,0.0,0.0,86.0,82.0,85.0,-1.0,441700.0,36690300.0,86.0,85.0,85.0,187600.0,84.0,10600.0,8036817278.0,3525532984.0,0.0,0.0,0.0,,0.0,0.0,0.0
2023-01-03,85.0,0.0,0.0,85.0,83.0,83.0,-2.0,330200.0,27424000.0,46.0,83.0,84.0,200.0,83.0,28600.0,8036818078.0,3525533784.0,0.0,0.0,0.0,,0.0,0.0,0.0
2023-01-04,83.0,0.0,0.0,85.0,80.0,83.0,0.0,623300.0,51474900.0,93.0,83.0,84.0,47400.0,83.0,50000.0,8036818128.0,3525533834.0,0.0,0.0,0.0,,0.0,0.0,0.0
2023-01-05,83.0,0.0,0.0,84.0,80.0,82.0,-1.0,218700.0,17804600.0,90.0,82.0,82.0,22300.0,81.0,700.0,8036818845.0,3525534551.0,0.0,0.0,0.0,,0.0,0.0,0.0
2023-01-06,82.0,0.0,0.0,83.0,80.0,82.0,0.0,108800.0,8882800.0,48.0,82.0,82.0,73100.0,81.0,1100.0,8036818845.0,3525534551.0,0.0,0.0,0.0,,0.0,0.0,0.0
2023-01-09,82.0,0.0,0.0,82.0,78.0,78.0,-4.0,279900.0,22308900.0,80.0,78.0,78.0,74600.0,77.0,40700.0,8036818961.0,3525534667.0,0.0,0.0,0.0,,0.0,0.0,0.0
2023-01-10,78.0,0.0,0.0,80.0,78.0,80.0,2.0,106500.0,8451100.0,43.0,80.0,81.0,25800.0,80.0,2200.0,8036819111.0,3525534817.0,0.0,0.0,0.0,,0.0,0.0,0.0
2023-01-11,80.0,0.0,0.0,81.0,77.0,81.0,1.0,496100.0,39662800.0,86.0,81.0,81.0,396200.0,80.0,21500.0,8036819161.0,3525534867.0,0.0,0.0,0.0,,0.0,0.0,0.0
2023-01-12,81.0,0.0,0.0,82.0,77.0,80.0,-1.0,280100.0,22324900.0,77.0,80.0,80.0,79200.0,79.0,10100.0,8036819261.0,3525534967.0,0.0,0.0,0.0,,0.0,0.0,0.0
2023-01-13,80.0,0.0,0.0,82.0,79.0,82.0,2.0,565700.0,45904500.0,53.0,82.0,82.0,279700.0,81.0,39600.0,8036819361.0,3525535067.0,0.0,0.0,0.0,,0.0,0.0,0.0
2023-01-16,82.0,0.0,0.0,90.0,81.0,90.0,8.0,1883500.0,166580500.0,171.0,90.0,0.0,0.0,90.0,1025300.0,8036819411.0,3525535117.0,0.0,0.0,0.0,,300.0,24000.0,1.0
2023-01-17,90.0,0.0,0.0,99.0,92.0,99.0,9.0,8693100.0,854628800.0,675.0,99.0,0.0,0.0,99.0,86500.0,8036819411.0,3525535117.0,0.0,0.0,100.0,,0.0,0.0,0.0
2023-01-18,99.0,0.0,0.0,108.0,98.0,108.0,9.0,12855100.0,1348233100.0,520.0,108.0,0.0,0.0,108.0,2300.0,8036819511.0,3525535217.0,0.0,100.0,0.0,,0.0,0.0,0.0
2023-01-19,108.0,0.0,0.0,113.0,99.0,103.0,-5.0,23268300.0,2554857000.0,433.0,103.0,103.0,46300.0,102.0,19000.0,8036819561.0,3525535267.0,0.0,0.0,700.0,,0.0,0.0,0.0
2023-01-20,103.0,0.0,0.0,103.0,100.0,103.0,0.0,1420800.0,144913200.0,137.0,103.0,103.0,617800.0,102.0,100000.0,8036819861.0,3525535567.0,0.0,0.0,0.0,,0.0,0.0,0.0
2023-01-24,103.0,0.0,0.0,113.0,101.0,113.0,10.0,23218700.0,2563537700.0,482.0,113.0,0.0,0.0,113.0,491100.0,8036819911.0,3525535617.0,0.0,3543300.0,0.0,,0.0,0.0,0.0
2023-01-25,113.0,0.0,0.0,123.0,104.0,106.0,-7.0,5016200.0,561443900.0,500.0,106.0,107.0,110000.0,106.0,293100.0,8036820611.0,3525536317.0,0.0,0.0,0.0,,0.0,0.0,0.0
2023-01-26,106.0,0.0,0.0,116.0,101.0,116.0,10.0,4506400.0,510762400.0,294.0,116.0,0.0,0.0,116.0,1277500.0,8036820611.0,3525536317.0,0.0,0.0,0.0,,0.0,0.0,0.0
2023-01-27,116.0,0.0,0.0,123.0,113.0,113.0,-3.0,1141800.0,135947400.0,266.0,113.0,116.0,200.0,113.0,87200.0,8036823775.0,3525539481.0,0.0,3700.0,0.0,,0.0,0.0,0.0
2023-01-30,113.0,0.0,0.0,124.0,106.0,124.0,11.0,1745100.0,214243700.0,194.0,124.0,0.0,0.0,124.0,97000.0,8036823925.0,3525539631.0,0.0,0.0,0.0,,0.0,0.0,0.0
2023-01-31,124.0,0.0,0.0,134.0,118.0,120.0,-4.0,8252300.0,1065684200.0,827.0,120.0,124.0,10000.0,120.0,962900.0,8036823975.0,3525539681.0,0.0,0.0,200.0,,0.0,0.0,0.0
2023-02-01,120.0,0.0,0.0,129.0,120.0,124.0,4.0,1180700.0,147045500.0,191.0,124.0,125.0,1162800.0,123.0,31500.0,8036824225.0,3525539931.0,0.0,200.0,20000.0,,0.0,0.0,0.0
2023-02-02,124.0,0.0,0.0,136.0,120.0,136.0,12.0,3234100.0,432684900.0,252.0,136.0,0.0,0.0,136.0,13500.0,8036825925.0,3525541631.0,0.0,20000.0,0.0,,1.0,1.0,1.0
2023-02-03,136.0,0.0,0.0,148.0,135.0,146.0,10.0,2111300.0,300387900.0,252.0,146.0,147.0,770400.0,146.0,23800.0,8036825975.0,3525541681.0,0.0,0.0,0.0,,9.0,9.0,1.0
2023-02-06,146.0,0.0,0.0,160.0,137.0,142.0,-4.0,7833400.0,1163251300.0,327.0,142.0,143.0,100.0,142.0,17900.0,8036826175.0,3525541881.0,0.0,0.0,0.0,,0.0,0.0,0.0
2023-02-07,142.0,0.0,0.0,146.0,135.0,139.0,-3.0,1509700.0,211648800.0,179.0,139.0,139.0,202700.0,138.0,102600.0,8036827026.0,3525542732.0,0.0,0.0,0.0,,0.0,0.0,0.0
2023-02-08,139.0,0.0,0.0,145.0,127.0,135.0,-4.0,313500.0,42999700.0,178.0,135.0,141.0,516400.0,135.0,9900.0,8036827026.0,3525542732.0,0.0,0.0,0.0,,0.0,0.0,0.0
2023-02-09,135.0,0.0,0.0,140.0,122.0,122.0,-13.0,857000.0,108719900.0,237.0,122.0,125.0,3000.0,122.0,89000.0,8036827126.0,3525542832.0,0.0,0.0,0.0,,0.0,0.0,0.0
2023-02-10,122.0,0.0,0.0,124.0,110.0,114.0,-8.0,2542200.0,287646600.0,361.0,114.0,117.0,2900.0,114.0,20100.0,8036827326.0,3525543032.0,0.0,0.0,0.0,,0.0,0.0,0.0
2023-02-13,114.0,0.0,0.0,125.0,112.0,125.0,11.0,1405700.0,173130000.0,259.0,125.0,0.0,0.0,125.0,236400.0,8036827476.0,3525543182.0,0.0,0.0,0.0,,0.0,0.0,0.0
2023-02-14,125.0,0.0,0.0,137.0,125.0,137.0,12.0,3752700.0,510898700.0,347.0,137.0,0.0,0.0,137.0,555500.0,8036827576.0,3525543282.0,0.0,0.0,0.0,,10.0,10.0,1.0
2023-02-15,137.0,0.0,0.0,150.0,139.0,150.0,13.0,3373900.0,503287800.0,288.0,150.0,0.0,0.0,150.0,94500.0,8036827601.0,3525543307.0,0.0,0.0,0.0,,5000000.0,695000000.0,1.0
2023-02-16,150.0,0.0,0.0,162.0,138.0,139.0,-11.0,11056900.0,1698573200.0,644.0,139.0,142.0,2900.0,139.0,27700.0,8036827701.0,3525543407.0,0.0,0.0,200.0,,0.0,0.0,0.0
2023-02-17,139.0,0.0,0.0,150.0,139.0,140.0,1.0,1261400.0,181447800.0,219.0,140.0,142.0,792700.0,140.0,33300.0,8036827791.0,3525543497.0,0.0,100.0,0.0,,30000000.0,4170000000.0,1.0
2023-02-20,140.0,0.0,0.0,154.0,137.0,154.0,14.0,3356200.0,506055800.0,416.0,154.0,0.0,0.0,154.0,222900.0,8036827841.0,3525543547.0,0.0,100.0,0.0,,0.0,0.0,0.0
2023-02-21,154.0,0.0,0.0,159.0,147.0,159.0,5.0,2157500.0,333846000.0,352.0,159.0,160.0,28800.0,159.0,55600.0,8036827991.0,3525543697.0,0.0,0.0,0.0,,0.0,0.0,0.0
2023-02-22,159.0,0.0,0.0,173.0,159.0,167.0,8.0,826300.0,138596100.0,367.0,167.0,167.0,58000.0,166.0,9600.0,8036828041.0,3525543747.0,0.0,0.0,0.0,,0.0,0.0,0.0
2023-02-23,167.0,0.0,0.0,183.0,160.0,168.0,1.0,1567600.0,266005500.0,475.0,168.0,168.0,21100.0,167.0,24800.0,8036828291.0,3525543997.0,0.0,0.0,100.0,,0.0,0.0,0.0
2023-02-24,168.0,0.0,0.0,184.0,161.0,184.0,16.0,10823100.0,1897192100.0,560.0,184.0,0.0,0.0,184.0,2346600.0,8036829391.0,3525545097.0,0.0,0.0,4000.0,,0.0,0.0,0.0
2023-02-27,184.0,0.0,0.0,202.0,175.0,175.0,-9.0,6502000.0,1245643000.0,1798.0,175.0,176.0,200.0,175.0,82900.0,8036829391.0,3525545097.0,0.0,4000.0,0.0,,0.0,0.0,0.0
2023-02-28,175.0,0.0,0.0,178.0,159.0,172.0,-3.0,1454700.0,248011800.0,371.0,172.0,172.0,30600.0,171.0,6500.0,8036830141.0,3525545847.0,0.0,0.0,0.0,,0.0,0.0,0.0
2023-03-01,172.0,0.0,0.0,179.0,165.0,165.0,-7.0,1013900.0,172437500.0,271.0,165.0,166.0,1500.0,165.0,47000.0,8036831030.0,3525546736.0,0.0,0.0,5000.0,,0.0,0.0,0.0
2023-03-02,165.0,0.0,0.0,181.0,165.0,181.0,16.0,2825900.0,507120700.0,470.0,181.0,0.0,0.0,181.0,388900.0,8036833530.0,3525549236.0,0.0,5000.0,0.0,,0.0,0.0,0.0
2023-03-03,181.0,0.0,0.0,199.0,181.0,199.0,18.0,2729400.0,527903000.0,644.0,199.0,0.0,0.0,199.0,1290000.0,8036833720.0,3525549426.0,0.0,0.0,0.0,,0.0,0.0,0.0
2023-03-06,199.0,0.0,0.0,218.0,181.0,218.0,19.0,2616000.0,560141900.0,571.0,218.0,0.0,0.0,218.0,191000.0,8036833881.0,3525549587.0,0.0,0.0,0.0,,0.0,0.0,0.0
2023-03-07,218.0,0.0,0.0,238.0,218.0,238.0,20.0,9434900.0,2232993200.0,796.0,238.0,238.0,10200.0,236.0,719300.0,8036834131.0,3525549837.0,0.0,0.0,32200.0,,0.0,0.0,0.0
2023-03-08,238.0,0.0,0.0,258.0,216.0,216.0,-22.0,5174200.0,1223222800.0,1412.0,216.0,216.0,481700.0,0.0,0.0,8036834231.0,3525549937.0,0.0,0.0,147800.0,,0.0,0.0,0.0
2023-03-09,216.0,0.0,0.0,234.0,195.0,195.0,-21.0,12850000.0,2610908000.0,1429.0,195.0,195.0,79500.0,0.0,0.0,8036835831.0,3525551537.0,0.0,20000.0,4000.0,,0.0,0.0,0.0
2023-03-10,195.0,0.0,0.0,200.0,176.0,192.0,-3.0,2423900.0,461319900.0,505.0,192.0,192.0,24300.0,190.0,28800.0,8036842031.0,3525557737.0,0.0,0.0,0.0,,0.0,0.0,0.0
2023-03-13,192.0,0.0,0.0,208.0,190.0,196.0,4.0,2244700.0,443941000.0,662.0,196.0,196.0,57700.0,195.0,500.0,8036842131.0,3525557837.0,0.0,0.0,0.0,,0.0,0.0,0.0
2023-03-14,196.0,0.0,0.0,214.0,191.0,214.0,18.0,4192600.0,858510500.0,663.0,214.0,0.0,0.0,214.0,422800.0,8036842181.0,3525557887.0,0.0,0.0,0.0,,0.0,0.0,0.0
2023-03-15,214.0,0.0,0.0,234.0,216.0,234.0,20.0,3373700.0,765996000.0,706.0,234.0,0.0,0.0,234.0,1172600.0,8036842331.0,3525558037.0,0.0,130400.0,0.0,,50.0,9000.0,1.0
2023-03-16,234.0,0.0,0.0,256.0,212.0,212.0,-22.0,13813200.0,3061914400.0,1012.0,212.0,212.0,228300.0,0.0,0.0,8036842381.0,3525558087.0,0.0,63300.0,0.0,,19250000.0,4081000000.0,1.0
2023-03-17,212.0,0.0,0.0,204.0,191.0,191.0,-21.0,4337700.0,841624700.0,1169.0,191.0,191.0,64100.0,0.0,0.0,8036843131.0,3525558837.0,0.0,2700.0,0.0,,0.0,0.0,0.0
2023-03-20,191.0,0.0,0.0,195.0,172.0,173.0,-18.0,3162100.0,563030500.0,562.0,173.0,174.0,30500.0,173.0,100.0,8036843231.0,3525558937.0,0.0,17600.0,0.0,,0.0,0.0,0.0
2023-03-21,173.0,0.0,0.0,185.0,173.0,178.0,5.0,525900.0,92958000.0,285.0,178.0,179.0,21900.0,176.0,500.0,8036844081.0,3525559787.0,0.0,0.0,0.0,,0.0,0.0,0.0
2023-03-24,178.0,0.0,0.0,195.0,178.0,195.0,17.0,10963800.0,2096122700.0,360.0,195.0,0.0,0.0,195.0,169700.0,8036844131.0,3525559837.0,0.0,0.0,0.0,,0.0,0.0,0.0
2023-03-27,195.0,0.0,0.0,214.0,198.0,214.0,19.0,11948900.0,2503825400.0,592.0,214.0,0.0,0.0,214.0,241900.0,8036844181.0,3525559887.0,0.0,0.0,0.0,,0.0,0.0,0.0
2023-03-28,214.0,0.0,0.0,234.0,204.0,234.0,20.0,11448900.0,2621813000.0,557.0,234.0,0.0,0.0,234.0,831500.0,8036844181.0,3525559887.0,0.0,0.0,0.0,,0.0,0.0,0.0
2023-03-29,234.0,0.0,0.0,256.0,240.0,256.0,22.0,10109200.0,2550535600.0,370.0,256.0,0.0,0.0,256.0,794800.0,8036846781.0,3525562487.0,0.0,32100.0,51700.0,,50.0,11000.0,1.0
2023-03-30,256.0,0.0,0.0,280.0,260.0,280.0,24.0,12165400.0,3383622200.0,419.0,280.0,0.0,0.0,280.0,619300.0,8036847331.0,3525563037.0,0.0,105100.0,295100.0,,756500.0,211820000.0,1.0
2023-03-31,280.0,0.0,0.0,308.0,252.0,276.0,-4.0,16179000.0,4877714600.0,937.0,276.0,276.0,71400.0,274.0,10100.0,8036848531.0,3525564237.0,0.0,55400.0,85400.0,,190000000.0,50920000000.0,2.0
2023-04-03,276.0,0.0,0.0,298.0,266.0,286.0,10.0,8828900.0,2534333600.0,463.0,286.0,286.0,235000.0,280.0,4700.0,8036857331.0,3525573037.0,0.0,30000.0,4100.0,,0.0,0.0,0.0
2023-04-04,286.0,0.0,0.0,292.0,270.0,278.0,-8.0,9141300.0,2542096600.0,282.0,278.0,280.0,2800.0,278.0,25000.0,8036858381.0,3525574087.0,0.0,41600.0,5100.0,,0.0,0.0,0.0
2023-04-05,278.0,0.0,0.0,282.0,262.0,280.0,2.0,9039300.0,2458979800.0,220.0,280.0,280.0,6900.0,272.0,5000.0,8036858431.0,3525574137.0,0.0,300.0,100.0,,0.0,0.0,0.0
2023-04-06,280.0,0.0,0.0,296.0,268.0,280.0,0.0,9460800.0,2623374600.0,298.0,280.0,280.0,79100.0,276.0,10500.0,8036864931.0,3525580637.0,0.0,10000.0,2000.0,,0.0,0.0,0.0
2023-04-10,280.0,0.0,0.0,294.0,272.0,278.0,-2.0,8124300.0,2287698200.0,165.0,278.0,278.0,9600.0,276.0,27000.0,8036893551.0,3525609257.0,0.0,3500.0,0.0,,0.0,0.0,0.0
2023-04-11,278.0,0.0,0.0,282.0,266.0,272.0,-6.0,7717700.0,2135859000.0,151.0,272.0,272.0,16600.0,270.0,109600.0,8037104683.0,3525820389.0,0.0,30800.0,33300.0,,0.0,0.0,0.0
2023-04-12,272.0,0.0,0.0,276.0,264.0,266.0,-6.0,9301700.0,2534107000.0,167.0,266.0,266.0,6300.0,264.0,9000.0,8037693833.0,3526409539.0,0.0,102500.0,0.0,,0.0,0.0,0.0
2023-04-13,266.0,0.0,0.0,272.0,248.0,258.0,-8.0,8347600.0,2216910400.0,247.0,258.0,258.0,62000.0,256.0,1200.0,8037729033.0,3526444739.0,0.0,0.0,2000.0,,0.0,0.0,0.0
2023-04-14,258.0,0.0,0.0,256.0,244.0,246.0,-12.0,6363500.0,1603640600.0,184.0,246.0,246.0,12100.0,244.0,5800.0,8037729333.0,3526445039.0,0.0,1200.0,200.0,,0.0,0.0,0.0
2023-04-17,246.0,0.0,0.0,246.0,222.0,230.0,-16.0,2962800.0,677103000.0,309.0,230.0,230.0,144900.0,222.0,12000.0,8037729333.0,3526445039.0,0.0,1000.0,0.0,,0.0,0.0,0.0
2023-04-18,230.0,0.0,0.0,252.0,210.0,252.0,22.0,3492100.0,775460800.0,378.0,252.0,252.0,60900.0,246.0,5000.0,8037730834.0,3526446540.0,0.0,11100.0,84000.0,,0.0,0.0,0.0
2023-04-26,252.0,0.0,0.0,274.0,246.0,274.0,22.0,3011600.0,790085400.0,438.0,274.0,274.0,219200.0,270.0,20400.0,8037730984.0,3526446690.0,0.0,179600.0,40500.0,,0.0,0.0,0.0
2023-04-27,274.0,0.0,0.0,300.0,266.0,274.0,0.0,2877200.0,784482200.0,339.0,274.0,274.0,12000.0,272.0,100.0,8037731234.0,3526446940.0,0.0,390200.0,0.0,,0.0,0.0,0.0
2023-04-28,274.0,0.0,0.0,288.0,260.0,274.0,0.0,3003800.0,827919000.0,236.0,274.0,274.0,93100.0,264.0,9700.0,8037731456.0,3526447162.0,0.0,69100.0,157500.0,,0.0,0.0,0.0
2023-05-02,274.0,0.0,0.0,280.0,260.0,274.0,0.0,2361000.0,648891400.0,134.0,274.0,274.0,500.0,272.0,6000.0,8037731656.0,3526447362.0,0.0,91900.0,1700.0,,0.0,0.0,0.0
2023-05-03,274.0,0.0,0.0,286.0,270.0,280.0,6.0,11051900.0,3040502400.0,130.0,280.0,280.0,45100.0,278.0,5800.0,8037733807.0,3526449513.0,0.0,31200.0,104500.0,,0.0,0.0,0.0
2023-05-04,280.0,0.0,0.0,280.0,258.0,268.0,-12.0,11026800.0,3027839600.0,177.0,268.0,268.0,8200.0,266.0,500.0,8037734058.0,3526449764.0,0.0,36900.0,119300.0,,0.0,0.0,0.0
2023-05-05,268.0,0.0,0.0,270.0,250.0,262.0,-6.0,11114900.0,2985634600.0,170.0,262.0,268.0,77500.0,262.0,15700.0,8037749858.0,3526465564.0,0.0,100900.0,7200.0,,0.0,0.0,0.0
2023-05-08,262.0,0.0,0.0,270.0,248.0,260.0,-2.0,11017500.0,2960919000.0,112.0,260.0,262.0,800.0,260.0,13600.0,8037783058.0,3526498764.0,0.0,86200.0,24400.0,,0.0,0.0,0.0
2023-05-09,260.0,0.0,0.0,264.0,236.0,258.0,-2.0,246300.0,62068800.0,102.0,258.0,258.0,14600.0,254.0,5900.0,8037783808.0,3526499514.0,0.0,15300.0,0.0,,0.0,0.0,0.0
2023-05-10,258.0,0.0,0.0,266.0,252.0,258.0,0.0,139300.0,35551200.0,69.0,258.0,260.0,6900.0,258.0,100.0,8037784008.0,3526499714.0,0.0,9800.0,95700.0,,0.0,0.0,0.0
2023-05-11,258.0,0.0,0.0,262.0,248.0,262.0,4.0,70900.0,18224800.0,61.0,262.0,262.0,600.0,260.0,100.0,8037815108.0,3526530814.0,0.0,6300.0,20500.0,,0.0,0.0,0.0
2023-05-12,262.0,0.0,0.0,288.0,260.0,288.0,26.0,2576900.0,735721000.0,245.0,288.0,0.0,0.0,288.0,396500.0,8037817558.0,3526533264.0,0.0,16700.0,58000.0,,50.0,50.0,1.0
2023-05-15,288.0,0.0,0.0,316.0,290.0,316.0,28.0,3341300.0,1044881400.0,433.0,316.0,0.0,0.0,316.0,433800.0,8037817658.0,3526533364.0,0.0,76600.0,348300.0,,350000.0,100800000.0,1.0
2023-05-16,316.0,0.0,0.0,342.0,286.0,294.0,-22.0,3476200.0,1068522800.0,893.0,294.0,294.0,9500.0,292.0,20000.0,8037817808.0,3526533514.0,0.0,230000.0,153200.0,,0.0,0.0,0.0
2023-05-17,294.0,0.0,0.0,322.0,274.0,322.0,28.0,2055700.0,634041000.0,397.0,322.0,0.0,0.0,322.0,182500.0,8037818610.0,3526534316.0,0.0,84800.0,51400.0,,0.0,0.0,0.0
2023-05-19,322.0,0.0,0.0,340.0,304.0,310.0,-12.0,901800.0,292126400.0,310.0,310.0,312.0,3100.0,310.0,25400.0,8037820910.0,3526536616.0,0.0,56300.0,49200.0,,50.0,50.0,1.0
2023-05-22,310.0,0.0,0.0,340.0,310.0,338.0,28.0,1058600.0,349298600.0,407.0,338.0,0.0,0.0,338.0,800.0,8037820960.0,3526536666.0,0.0,32500.0,114900.0,,0.0,0.0,0.0
2023-05-23,338.0,0.0,0.0,366.0,312.0,312.0,-26.0,1476300.0,489773400.0,556.0,312.0,316.0,25000.0,312.0,3300.0,8037821310.0,3526537016.0,0.0,131000.0,4100.0,,0.0,0.0,0.0
2023-05-24,312.0,0.0,0.0,342.0,312.0,330.0,18.0,2645200.0,877389400.0,584.0,330.0,330.0,168500.0,328.0,700.0,8037821460.0,3526537166.0,0.0,118600.0,206400.0,,0.0,0.0,0.0
2023-05-25,330.0,0.0,0.0,356.0,318.0,336.0,6.0,1913200.0,642454000.0,424.0,336.0,346.0,9700.0,336.0,13100.0,8037821710.0,3526537416.0,0.0,51800.0,108800.0,,0.0,0.0,0.0
2023-05-26,336.0,0.0,0.0,368.0,332.0,368.0,32.0,1790000.0,641606400.0,372.0,368.0,0.0,0.0,368.0,87200.0,8037824110.0,3526539816.0,0.0,0.0,157300.0,,0.0,0.0,0.0
2023-05-29,368.0,0.0,0.0,400.0,346.0,362.0,-6.0,2657100.0,1007558600.0,1171.0,362.0,364.0,500.0,362.0,14400.0,8037825410.0,3526541116.0,0.0,199200.0,125800.0,,0.0,0.0,0.0
2023-05-30,362.0,0.0,0.0,388.0,358.0,376.0,14.0,1863300.0,687863000.0,443.0,376.0,378.0,44000.0,372.0,900.0,8037825560.0,3526541266.0,0.0,40100.0,402600.0,,50.0,50.0,1.0
2023-05-31,376.0,0.0,0.0,412.0,356.0,384.0,8.0,3281000.0,1258714000.0,855.0,384.0,384.0,46400.0,382.0,276400.0,8037825760.0,3526541466.0,0.0,46500.0,137400.0,,0.0,0.0,0.0
2023-06-05,384.0,0.0,0.0,396.0,366.0,366.0,-18.0,1429500.0,543270600.0,432.0,366.0,366.0,22200.0,364.0,5000.0,8037825861.0,3526541567.0,0.0,24000.0,319600.0,,0.0,0.0,0.0
2023-06-06,366.0,0.0,0.0,402.0,346.0,402.0,36.0,1898400.0,726853000.0,524.0,402.0,0.0,0.0,402.0,50700.0,8037858411.0,3526574117.0,0.0,10900.0,87000.0,,0.0,0.0,0.0
2023-06-07,402.0,0.0,0.0,424.0,380.0,390.0,-12.0,12072400.0,4942702200.0,1340.0,390.0,396.0,41100.0,390.0,1400.0,8037858411.0,8037858411.0,0.0,130800.0,845300.0,,0.0,0.0,0.0
2023-06-08,390.0,0.0,0.0,396.0,378.0,386.0,-4.0,1411600.0,545527400.0,401.0,386.0,386.0,6500.0,384.0,38400.0,8037859411.0,8037859411.0,0.0,0.0,52200.0,,50.0,50.0,1.0
2023-06-09,386.0,0.0,0.0,390.0,366.0,378.0,-8.0,3564700.0,1328699400.0,688.0,378.0,380.0,3700.0,378.0,2200.0,8037860061.0,8037860061.0,0.0,45500.0,141700.0,,0.0,0.0,0.0
2023-06-12,378.0,0.0,0.0,392.0,364.0,370.0,-8.0,1880200.0,721504200.0,412.0,370.0,370.0,300.0,368.0,11400.0,8037889345.0,8037889345.0,0.0,6200.0,32300.0,,50.0,50.0,1.0
2023-06-13,370.0,0.0,0.0,370.0,334.0,334.0,-36.0,1839700.0,641537800.0,597.0,334.0,334.0,2500.0,0.0,0.0,8037890095.0,8037890095.0,0.0,191800.0,0.0,,0.0,0.0,0.0
2023-06-14,334.0,0.0,0.0,366.0,302.0,366.0,32.0,1989400.0,692077800.0,531.0,366.0,0.0,0.0,366.0,7700.0,8037890695.0,8037890695.0,0.0,26800.0,210200.0,,0.0,0.0,0.0
2023-06-15,366.0,0.0,0.0,374.0,330.0,330.0,-36.0,8779600.0,3020196600.0,677.0,330.0,330.0,118400.0,0.0,0.0,8037890845.0,8037890845.0,0.0,43400.0,89700.0,,134375000.0,41925000000.0,2.0
2023-06-16,330.0,0.0,0.0,332.0,302.0,308.0,-22.0,4222900.0,1345714400.0,517.0,308.0,308.0,41700.0,306.0,2500.0,8037891245.0,8037891245.0,0.0,21200.0,80800.0,,0.0,0.0,0.0
2023-06-19,308.0,0.0,0.0,338.0,310.0,338.0,30.0,3037700.0,1019871400.0,504.0,338.0,0.0,0.0,338.0,10900.0,8037891445.0,8037891445.0,0.0,107200.0,47200.0,,0.0,0.0,0.0
2023-06-20,338.0,0.0,0.0,352.0,318.0,352.0,14.0,2975100.0,1008407400.0,515.0,352.0,352.0,29900.0,350.0,53100.0,8037891745.0,8037891745.0,0.0,115300.0,86100.0,,0.0,0.0,0.0
2023-06-21,352.0,0.0,0.0,356.0,318.0,318.0,-34.0,2419600.0,792497200.0,603.0,318.0,318.0,98100.0,0.0,0.0,8037891845.0,8037891845.0,0.0,21300.0,0.0,,0.0,0.0,0.0
2023-06-22,318.0,0.0,0.0,342.0,292.0,334.0,16.0,8268400.0,2618914600.0,1100.0,334.0,334.0,8200.0,332.0,43900.0,8037891845.0,8037891845.0,0.0,688200.0,24400.0,,0.0,0.0,0.0
2023-06-23,334.0,0.0,0.0,360.0,326.0,346.0,12.0,2146900.0,740847200.0,440.0,346.0,346.0,2600.0,344.0,16700.0,8037895695.0,8037895695.0,0.0,153500.0,0.0,,0.0,0.0,0.0
2023-06-26,346.0,0.0,0.0,360.0,338.0,360.0,14.0,893700.0,315299000.0,305.0,360.0,360.0,316500.0,358.0,4000.0,8037897345.0,8037897345.0,0.0,191700.0,22600.0,,0.0,0.0,0.0
2023-06-27,360.0,0.0,0.0,362.0,340.0,342.0,-18.0,2445800.0,855851200.0,360.0,342.0,346.0,14500.0,342.0,16600.0,8037898145.0,8037898145.0,0.0,206000.0,0.0,,0.0,0.0,0.0
2023-07-03,342.0,0.0,0.0,358.0,338.0,342.0,0.0,1813300.0,626506200.0,160.0,342.0,342.0,6100.0,340.0,25200.0,8037898145.0,8037898145.0,0.0,59000.0,0.0,,0.0,0.0,0.0
2023-07-04,342.0,0.0,0.0,348.0,340.0,340.0,-2.0,1941000.0,667945800.0,97.0,340.0,342.0,2400.0,340.0,5600.0,8037898245.0,8037898245.0,0.0,42300.0,0.0,,0.0,0.0,0.0
2023-07-05,340.0,0.0,0.0,346.0,334.0,340.0,0.0,1863200.0,630512200.0,61.0,340.0,340.0,200.0,338.0,1000.0,8037899945.0,8037899945.0,0.0,12500.0,5600.0,,0.0,0.0,0.0
2023-07-06,340.0,0.0,0.0,346.0,332.0,336.0,-4.0,2037000.0,692133000.0,75.0,336.0,338.0,51400.0,336.0,2100.0,8037900045.0,8037900045.0,0.0,0.0,0.0,,1300000.0,390000000.0,1.0
2023-07-07,336.0,0.0,0.0,342.0,332.0,332.0,-4.0,1945100.0,654829000.0,98.0,332.0,336.0,23300.0,332.0,102900.0,8037901145.0,8037901145.0,0.0,4700.0,3200.0,,50.0,50.0,1.0
2023-07-10,332.0,0.0,0.0,340.0,328.0,332.0,0.0,1761300.0,588522800.0,82.0,332.0,336.0,1400.0,332.0,7800.0,8037901145.0,8037901145.0,0.0,0.0,10400.0,,0.0,0.0,0.0
2023-07-11,332.0,0.0,0.0,336.0,330.0,332.0,0.0,1653000.0,549437400.0,52.0,332.0,332.0,4400.0,330.0,26400.0,8037906146.0,8037906146.0,0.0,4500.0,0.0,,0.0,0.0,0.0
2023-07-12,332.0,0.0,0.0,338.0,328.0,334.0,2.0,1716100.0,570856200.0,94.0,334.0,334.0,14300.0,328.0,48200.0,8037906246.0,8037906246.0,0.0,0.0,9800.0,,333300.0,99990000.0,1.0
2023-07-13,334.0,0.0,0.0,338.0,326.0,328.0,-6.0,1632200.0,539240600.0,84.0,328.0,328.0,2500.0,326.0,136500.0,8037915326.0,8037915326.0,0.0,0.0,0.0,,226000000.0,67800000000.0,4.0
2023-07-14,328.0,0.0,0.0,334.0,320.0,320.0,-8.0,1986300.0,649949000.0,112.0,320.0,324.0,5500.0,320.0,178300.0,8037925578.0,8037925578.0,0.0,0.0,72200.0,,3500000.0,1050000000.0,1.0
2023-07-17,320.0,0.0,0.0,338.0,320.0,330.0,10.0,1811600.0,605820800.0,84.0,330.0,334.0,600.0,330.0,35600.0,8037935778.0,8037935778.0,0.0,0.0,0.0,,0.0,0.0,0.0
2023-07-18,330.0,0.0,0.0,336.0,324.0,324.0,-6.0,1813500.0,593626800.0,91.0,324.0,326.0,2300.0,324.0,93100.0,8037937478.0,8037937478.0,0.0,12400.0,498200.0,,48487100.0,14546130000.0,1.0
2023-07-20,324.0,0.0,0.0,342.0,324.0,328.0,4.0,1866400.0,619070600.0,101.0,328.0,330.0,400.0,328.0,4200.0,8037968078.0,8037968078.0,0.0,800.0,0.0,,0.0,0.0,0.0
2023-07-21,328.0,0.0,0.0,330.0,324.0,324.0,-4.0,1835100.0,602131200.0,40.0,324.0,328.0,13800.0,324.0,4800.0,8037973127.0,8037973127.0,0.0,0.0,3700.0,,12345679.0,2037037035.0,1.0
2023-07-24,324.0,0.0,0.0,336.0,324.0,326.0,2.0,1708500.0,563626000.0,56.0,326.0,328.0,13100.0,326.0,7000.0,8037974725.0,8037974725.0,0.0,0.0,0.0,,0.0,0.0,0.0
2023-07-25,326.0,0.0,0.0,336.0,326.0,328.0,2.0,1899200.0,628475800.0,85.0,328.0,330.0,9000.0,326.0,38400.0,8038005075.0,8038005075.0,0.0,0.0,0.0,,0.0,0.0,0.0
2023-07-26,328.0,0.0,0.0,330.0,324.0,326.0,-2.0,1980200.0,649458000.0,71.0,326.0,326.0,10000.0,324.0,142900.0,8038056275.0,8038056275.0,0.0,27200.0,0.0,,0.0,0.0,0.0
2023-07-27,326.0,0.0,0.0,330.0,320.0,320.0,-6.0,1857000.0,604458600.0,87.0,320.0,324.0,3000.0,320.0,79300.0,8038071175.0,8038071175.0,0.0,0.0,5500.0,,0.0,0.0,0.0
2023-07-28,320.0,0.0,0.0,326.0,318.0,318.0,-2.0,1853200.0,599351600.0,82.0,318.0,320.0,10200.0,318.0,139400.0,8038082775.0,8038082775.0,0.0,0.0,9900.0,,0.0,0.0,0.0
2023-07-31,318.0,0.0,0.0,324.0,318.0,318.0,0.0,2916600.0,937122200.0,101.0,318.0,320.0,8500.0,318.0,58400.0,8038126625.0,8038126625.0,0.0,20600.0,0.0,,0.0,0.0,0.0
2023-08-01,318.0,0.0,0.0,324.0,318.0,318.0,0.0,2001800.0,643800400.0,77.0,318.0,320.0,30800.0,318.0,25200.0,8038148831.0,8038148831.0,0.0,0.0,0.0,,0.0,0.0,0.0
2023-08-02,318.0,0.0,0.0,322.0,312.0,312.0,-6.0,1848400.0,590749800.0,76.0,312.0,316.0,1100.0,312.0,72500.0,8038191381.0,8038191381.0,0.0,0.0,0.0,,0.0,0.0,0.0
2023-08-03,312.0,0.0,0.0,314.0,304.0,306.0,-6.0,1677800.0,524933200.0,72.0,306.0,310.0,3000.0,306.0,45000.0,8038257231.0,8038257231.0,0.0,0.0,16700.0,,0.0,0.0,0.0
2023-08-04,306.0,0.0,0.0,314.0,308.0,310.0,4.0,1743000.0,545876800.0,70.0,310.0,312.0,5800.0,310.0,600.0,8038291981.0,8038291981.0,0.0,19800.0,0.0,,0.0,0.0,0.0
2023-08-07,310.0,0.0,0.0,312.0,306.0,306.0,-4.0,1599700.0,495709400.0,59.0,306.0,308.0,20300.0,306.0,101600.0,8038325751.0,8038325751.0,0.0,9900.0,0.0,,0.0,0.0,0.0
2023-08-08,306.0,0.0,0.0,320.0,308.0,312.0,6.0,1483300.0,463751000.0,77.0,312.0,316.0,4900.0,312.0,1400.0,8038327301.0,8038327301.0,0.0,0.0,0.0,,10000000.0,1000000000.0,1.0
2023-08-09,312.0,0.0,0.0,314.0,308.0,310.0,-2.0,1544600.0,481861000.0,72.0,310.0,310.0,100.0,308.0,66600.0,8038334201.0,8038334201.0,0.0,7600.0,0.0,,0.0,0.0,0.0
2023-08-10,310.0,0.0,0.0,314.0,306.0,314.0,4.0,1622900.0,504992000.0,52.0,314.0,314.0,6400.0,306.0,66100.0,8038364751.0,8038364751.0,0.0,0.0,0.0,,400000.0,100000000.0,1.0
2023-08-11,314.0,0.0,0.0,314.0,304.0,304.0,-10.0,1757400.0,545824800.0,69.0,304.0,308.0,100.0,304.0,1200.0,8038368751.0,8038368751.0,0.0,4700.0,0.0,,0.0,0.0,0.0
2023-08-14,304.0,0.0,0.0,304.0,294.0,294.0,-10.0,1371300.0,413497000.0,88.0,294.0,300.0,9000.0,294.0,1900.0,8038439501.0,8038439501.0,0.0,175100.0,0.0,,0.0,0.0,0.0
2023-08-15,294.0,0.0,0.0,290.0,278.0,288.0,-6.0,802000.0,229205800.0,155.0,288.0,290.0,25600.0,288.0,45200.0,8038468151.0,8038468151.0,0.0,313800.0,0.0,,76335400.0,7633540000.0,3.0
2023-08-16,288.0,0.0,0.0,288.0,278.0,284.0,-4.0,426800.0,120699400.0,87.0,284.0,286.0,1900.0,284.0,16800.0,8038484551.0,8038484551.0,0.0,61200.0,0.0,,0.0,0.0,0.0
2023-08-18,284.0,0.0,0.0,284.0,278.0,280.0,-4.0,153900.0,43254000.0,49.0,280.0,282.0,2200.0,280.0,45700.0,8038486401.0,8038486401.0,0.0,7900.0,0.0,,0.0,0.0,0.0
2023-08-21,280.0,0.0,0.0,290.0,278.0,278.0,-2.0,1146200.0,325088000.0,98.0,278.0,288.0,1300.0,278.0,4000.0,8038486501.0,8038486501.0,0.0,1004700.0,144600.0,,0.0,0.0,0.0
2023-08-22,278.0,0.0,0.0,282.0,278.0,280.0,2.0,1036200.0,290127600.0,61.0,280.0,286.0,12300.0,280.0,3500.0,8038486501.0,8038486501.0,0.0,1000000.0,0.0,,0.0,0.0,0.0
2023-08-23,280.0,0.0,0.0,286.0,272.0,272.0,-8.0,1195700.0,337198400.0,73.0,272.0,282.0,200.0,270.0,100.0,8038486501.0,8038486501.0,0.0,1093100.0,0.0,,0.0,0.0,0.0
2023-08-24,272.0,0.0,0.0,280.0,270.0,274.0,2.0,142700.0,39087000.0,47.0,274.0,278.0,11000.0,272.0,3400.0,8038486633.0,8038486633.0,0.0,0.0,0.0,,1923100.0,500006000.0,1.0
2023-08-25,274.0,0.0,0.0,276.0,274.0,276.0,2.0,11200.0,3083400.0,17.0,276.0,278.0,1200.0,276.0,700.0,8038486633.0,8038486633.0,0.0,0.0,0.0,,0.0,0.0,0.0
2023-08-28,276.0,0.0,0.0,276.0,272.0,272.0,-4.0,19000.0,5179200.0,21.0,272.0,274.0,18100.0,270.0,1000.0,8038486633.0,8038486633.0,0.0,800.0,0.0,,0.0,0.0,0.0
2023-08-29,272.0,0.0,0.0,298.0,270.0,274.0,2.0,803300.0,219233200.0,132.0,274.0,280.0,100.0,274.0,1100.0,8038532033.0,8038532033.0,0.0,35900.0,590500.0,,0.0,0.0,0.0
2023-08-30,274.0,0.0,0.0,276.0,272.0,274.0,0.0,30000.0,8176400.0,26.0,274.0,276.0,65800.0,274.0,5100.0,8038532033.0,8038532033.0,0.0,3500.0,0.0,,1158400.0,300025600.0,1.0
2023-08-31,274.0,0.0,0.0,282.0,270.0,270.0,-4.0,22200.0,6094000.0,38.0,270.0,276.0,9800.0,270.0,7000.0,8038563333.0,8038563333.0,0.0,0.0,0.0,,10000000.0,2500000000.0,1.0
2023-09-01,270.0,0.0,0.0,278.0,268.0,268.0,-2.0,41100.0,11117400.0,56.0,268.0,268.0,14000.0,266.0,100.0,8038564683.0,8038564683.0,0.0,0.0,8100.0,,0.0,0.0,0.0
2023-09-04,268.0,0.0,0.0,288.0,266.0,272.0,4.0,961200.0,264733200.0,102.0,272.0,276.0,1200.0,272.0,7700.0,8038564689.0,8038564689.0,0.0,701500.0,191500.0,,0.0,0.0,0.0
2023-09-05,272.0,0.0,0.0,276.0,270.0,274.0,2.0,22400.0,6094000.0,27.0,274.0,274.0,1000.0,270.0,8400.0,8038564939.0,8038564939.0,0.0,0.0,0.0,,0.0,0.0,0.0
2023-09-06,274.0,0.0,0.0,284.0,268.0,278.0,4.0,465500.0,126350200.0,69.0,278.0,278.0,300.0,270.0,300.0,8038574239.0,8038574239.0,0.0,0.0,166900.0,,0.0,0.0,0.0
2023-09-07,278.0,0.0,0.0,280.0,268.0,270.0,-8.0,273900.0,74292200.0,64.0,270.0,270.0,500.0,268.0,1800.0,8038579339.0,8038579339.0,0.0,0.0,0.0,,0.0,0.0,0.0
2023-09-08,270.0,0.0,0.0,280.0,268.0,272.0,2.0,95800.0,25913200.0,35.0,272.0,274.0,1600.0,268.0,3500.0,8038635889.0,8038635889.0,0.0,0.0,0.0,,0.0,0.0,0.0
2023-09-11,272.0,0.0,0.0,274.0,264.0,272.0,0.0,339100.0,91360200.0,72.0,272.0,272.0,11700.0,264.0,46800.0,8038684184.0,8038684184.0,0.0,7300.0,0.0,,0.0,0.0,0.0
2023-09-12,272.0,0.0,0.0,268.0,260.0,260.0,-12.0,321300.0,84901800.0,43.0,260.0,264.0,15900.0,260.0,300.0,8038691034.0,8038691034.0,0.0,31600.0,0.0,,0.0,0.0,0.0
2023-09-13,260.0,0.0,0.0,270.0,260.0,264.0,4.0,135400.0,35746200.0,42.0,264.0,266.0,3700.0,262.0,56800.0,8038721134.0,8038721134.0,0.0,2300.0,0.0,,0.0,0.0,0.0
2023-09-14,264.0,0.0,0.0,270.0,256.0,258.0,-6.0,449000.0,119027000.0,58.0,258.0,270.0,200.0,256.0,65000.0,8038774634.0,8038774634.0,0.0,1800.0,1700.0,,0.0,0.0,0.0
2023-09-15,258.0,0.0,0.0,268.0,256.0,266.0,8.0,125500.0,33212800.0,45.0,266.0,268.0,1700.0,262.0,74100.0,8038823617.0,8038823617.0,0.0,0.0,0.0,,0.0,0.0,0.0
2023-09-18,266.0,0.0,0.0,270.0,264.0,268.0,2.0,59700.0,15864800.0,86.0,268.0,270.0,100.0,266.0,2900.0,8038845667.0,8038845667.0,0.0,0.0,0.0,,0.0,0.0,0.0
2023-09-19,268.0,0.0,0.0,294.0,264.0,294.0,26.0,376500.0,106363000.0,144.0,294.0,294.0,2300.0,276.0,19900.0,8038850667.0,8038850667.0,0.0,16100.0,0.0,,0.0,0.0,0.0
2023-09-20,294.0,0.0,0.0,320.0,280.0,284.0,-10.0,549400.0,163307600.0,184.0,284.0,290.0,500.0,284.0,800.0,8038892217.0,8038892217.0,0.0,17200.0,0.0,,0.0,0.0,0.0
2023-09-21,284.0,0.0,0.0,300.0,280.0,300.0,16.0,127000.0,37243800.0,54.0,300.0,300.0,200.0,288.0,7200.0,8038920367.0,8038920367.0,0.0,1400.0,0.0,,0.0,0.0,0.0
2023-09-22,300.0,0.0,0.0,300.0,282.0,292.0,-8.0,125400.0,36478600.0,78.0,292.0,298.0,1700.0,292.0,21100.0,8038987817.0,8038987817.0,0.0,5600.0,0.0,,0.0,0.0,0.0
2023-09-25,292.0,0.0,0.0,320.0,290.0,320.0,28.0,405900.0,127788600.0,136.0,320.0,320.0,24000.0,318.0,300.0,8038990440.0,8038990440.0,0.0,400.0,0.0,,0.0,0.0,0.0
2023-09-26,320.0,0.0,0.0,338.0,300.0,324.0,4.0,329000.0,105292400.0,136.0,324.0,326.0,1500.0,324.0,2200.0,8039018440.0,8039018440.0,0.0,500.0,0.0,,6896900.0,2000101000.0,2.0
2023-09-27,324.0,0.0,0.0,356.0,306.0,340.0,16.0,743900.0,253112400.0,121.0,340.0,352.0,50000.0,340.0,1400.0,8039019341.0,8039019341.0,0.0,41500.0,0.0,,0.0,0.0,0.0
2023-09-29,340.0,0.0,0.0,340.0,320.0,320.0,-20.0,72500.0,23996400.0,58.0,320.0,326.0,1100.0,320.0,14500.0,8039019941.0,8039019941.0,0.0,25900.0,4400.0,,50.0,50.0,1.0
2023-10-02,320.0,0.0,0.0,328.0,310.0,320.0,0.0,19800.0,6270800.0,27.0,320.0,320.0,2800.0,310.0,19300.0,8039020641.0,8039020641.0,0.0,3800.0,0.0,,0.0,0.0,0.0
2023-10-03,320.0,0.0,0.0,352.0,320.0,342.0,22.0,465600.0,162878000.0,73.0,342.0,342.0,18500.0,330.0,1100.0,8039021291.0,8039021291.0,0.0,1600.0,0.0,,1923100.0,500006000.0,1.0
2023-10-04,342.0,0.0,0.0,364.0,340.0,358.0,16.0,328100.0,115797000.0,98.0,358.0,360.0,17000.0,358.0,1200.0,8039027691.0,8039027691.0,0.0,44200.0,0.0,,33331400.0,3333140000.0,1.0
2023-10-05,358.0,0.0,0.0,368.0,342.0,358.0,0.0,526000.0,187808800.0,139.0,358.0,362.0,1000.0,358.0,48300.0,8039078191.0,8039078191.0,0.0,46700.0,0.0,,0.0,0.0,0.0
2023-10-06,358.0,0.0,0.0,358.0,342.0,342.0,-16.0,118700.0,41648000.0,54.0,342.0,344.0,1300.0,342.0,49600.0,8039111791.0,8039111791.0,0.0,40700.0,0.0,,0.0,0.0,0.0
2023-10-09,342.0,0.0,0.0,370.0,338.0,370.0,28.0,316200.0,111356400.0,102.0,370.0,370.0,128400.0,356.0,3900.0,8039124292.0,8039124292.0,0.0,3100.0,0.0,,0.0,0.0,0.0
2023-10-10,370.0,0.0,0.0,370.0,342.0,352.0,-18.0,308200.0,108536800.0,79.0,352.0,356.0,1300.0,352.0,15300.0,8039138042.0,8039138042.0,0.0,1100.0,0.0,,0.0,0.0,0.0
2023-10-11,352.0,0.0,0.0,366.0,350.0,362.0,10.0,130100.0,46595000.0,65.0,362.0,368.0,4100.0,362.0,4900.0,8039139602.0,8039139602.0,0.0,0.0,0.0,,50.0,15000.0,1.0
2023-10-12,362.0,0.0,0.0,372.0,352.0,362.0,0.0,344100.0,124606800.0,76.0,362.0,362.0,300.0,358.0,300.0,8039172245.0,8039172245.0,0.0,0.0,0.0,,0.0,0.0,0.0
2023-10-13,362.0,0.0,0.0,388.0,344.0,370.0,8.0,748100.0,278494800.0,104.0,370.0,378.0,200.0,370.0,10900.0,8039188552.0,8039188552.0,0.0,300.0,0.0,,0.0,0.0,0.0
2023-10-16,370.0,0.0,0.0,378.0,354.0,378.0,8.0,210600.0,77738400.0,78.0,378.0,388.0,7700.0,378.0,100.0,8039234802.0,8039234802.0,0.0,0.0,0.0,,0.0,0.0,0.0
2023-10-17,378.0,0.0,0.0,392.0,370.0,378.0,0.0,203100.0,77389000.0,82.0,378.0,380.0,800.0,378.0,15500.0,8039234802.0,8039234802.0,0.0,1400.0,0.0,,0.0,0.0,0.0
2023-10-18,378.0,0.0,0.0,398.0,376.0,396.0,18.0,291700.0,111965400.0,81.0,396.0,396.0,20800.0,390.0,700.0,8039252352.0,8039252352.0,0.0,19900.0,0.0,,0.0,0.0,0.0
2023-10-19,396.0,0.0,0.0,402.0,390.0,400.0,4.0,197600.0,78332200.0,62.0,400.0,402.0,36200.0,400.0,53800.0,8039308202.0,8039308202.0,0.0,100.0,0.0,,0.0,0.0,0.0
2023-10-20,400.0,0.0,0.0,408.0,380.0,408.0,8.0,237300.0,95378000.0,93.0,408.0,410.0,4100.0,406.0,2500.0,8039325252.0,8039325252.0,0.0,2000.0,0.0,,0.0,0.0,0.0
2023-10-23,408.0,0.0,0.0,408.0,376.0,392.0,-16.0,134000.0,52699000.0,83.0,392.0,392.0,100.0,376.0,1600.0,8039367802.0,8039367802.0,0.0,8900.0,6700.0,,0.0,0.0,0.0
2023-10-24,392.0,0.0,0.0,420.0,354.0,394.0,2.0,322300.0,124728800.0,169.0,394.0,394.0,10500.0,392.0,10000.0,8039370802.0,8039370802.0,0.0,400.0,4200.0,,0.0,0.0,0.0
2023-10-25,394.0,0.0,0.0,426.0,366.0,426.0,32.0,421300.0,173487400.0,102.0,426.0,426.0,5900.0,424.0,300.0,8039392052.0,8039392052.0,0.0,2300.0,2200.0,,0.0,0.0,0.0
2023-10-26,426.0,0.0,0.0,450.0,420.0,448.0,22.0,252500.0,111154800.0,105.0,448.0,448.0,49300.0,446.0,100.0,8039403652.0,8039403652.0,0.0,1500.0,0.0,,0.0,0.0,0.0
2023-10-27,448.0,0.0,0.0,460.0,420.0,454.0,6.0,174000.0,76930600.0,126.0,454.0,454.0,5500.0,444.0,17800.0,8039407102.0,8039407102.0,0.0,2900.0,0.0,,42500000.0,17000000000.0,1.0
2023-10-30,454.0,0.0,0.0,456.0,410.0,410.0,-44.0,438800.0,183905200.0,169.0,410.0,410.0,9900.0,0.0,0.0,8039407102.0,8039407102.0,0.0,500.0,1300.0,,0.0,0.0,0.0
2023-10-31,410.0,0.0,0.0,410.0,370.0,370.0,-40.0,265600.0,98411600.0,107.0,370.0,370.0,36200.0,0.0,0.0,8039623952.0,8039623952.0,0.0,2400.0,0.0,,126005800.0,12600580000.0,2.0
2023-11-01,370.0,0.0,0.0,400.0,350.0,372.0,2.0,292100.0,111113400.0,78.0,372.0,372.0,5900.0,370.0,16900.0,8039667762.0,8039667762.0,0.0,16200.0,0.0,,0.0,0.0,0.0
2023-11-02,372.0,0.0,0.0,392.0,366.0,378.0,6.0,113500.0,42641400.0,69.0,378.0,386.0,1600.0,378.0,3500.0,8039685412.0,8039685412.0,0.0,26900.0,0.0,,0.0,0.0,0.0
2023-11-03,378.0,0.0,0.0,390.0,364.0,390.0,12.0,219600.0,82828400.0,61.0,390.0,390.0,9800.0,386.0,4000.0,8039701412.0,8039701412.0,0.0,4200.0,0.0,,0.0,0.0,0.0
2023-11-06,390.0,0.0,0.0,400.0,370.0,388.0,-2.0,28400.0,10952400.0,55.0,388.0,394.0,200.0,388.0,7800.0,8039706112.0,8039706112.0,0.0,100.0,0.0,,2800000.0,985600000.0,1.0
2023-11-07,388.0,0.0,0.0,388.0,382.0,388.0,0.0,28700.0,11109600.0,23.0,388.0,390.0,200.0,388.0,3300.0,8039717383.0,8039717383.0,0.0,0.0,400.0,,0.0,0.0,0.0
2023-11-08,388.0,0.0,0.0,396.0,384.0,396.0,8.0,47200.0,18255400.0,32.0,396.0,396.0,500.0,394.0,100.0,8039732583.0,8039732583.0,0.0,0.0,1000.0,,0.0,0.0,0.0
2023-11-09,396.0,0.0,0.0,396.0,386.0,388.0,-8.0,27700.0,10799200.0,28.0,388.0,394.0,2500.0,388.0,10900.0,8039732583.0,8039732583.0,0.0,200.0,700.0,,0.0,0.0,0.0
2023-11-10,388.0,0.0,0.0,394.0,380.0,394.0,6.0,26300.0,10284600.0,17.0,394.0,396.0,24400.0,394.0,3800.0,8039732583.0,8039732583.0,0.0,600.0,0.0,,0.0,0.0,0.0
2023-11-13,394.0,0.0,0.0,396.0,356.0,390.0,-4.0,68200.0,25902000.0,77.0,390.0,390.0,200.0,384.0,1400.0,8039732583.0,8039732583.0,0.0,2100.0,0.0,,0.0,0.0,0.0
2023-11-14,390.0,0.0,0.0,388.0,352.0,352.0,-38.0,585500.0,210044000.0,262.0,352.0,352.0,43500.0,0.0,0.0,8039775478.0,8039775478.0,0.0,12700.0,0.0,,0.0,0.0,0.0
2023-11-15,352.0,0.0,0.0,356.0,322.0,342.0,-10.0,89000.0,30585600.0,86.0,342.0,348.0,4300.0,342.0,100.0,8039783470.0,8039783470.0,0.0,4700.0,0.0,,0.0,0.0,0.0
2023-11-16,342.0,0.0,0.0,358.0,336.0,350.0,8.0,27400.0,9546800.0,33.0,350.0,356.0,2200.0,348.0,200.0,8039783470.0,8039783470.0,0.0,3300.0,0.0,,0.0,0.0,0.0
2023-11-17,350.0,0.0,0.0,358.0,344.0,354.0,4.0,68800.0,24197000.0,47.0,354.0,354.0,11700.0,352.0,1800.0,8039783470.0,8039783470.0,0.0,4100.0,0.0,,0.0,0.0,0.0
2023-11-20,354.0,0.0,0.0,354.0,336.0,346.0,-8.0,352100.0,122195800.0,116.0,346.0,340.0,1900.0,334.0,5100.0,8039785621.0,8039785621.0,0.0,4400.0,0.0,,0.0,0.0,0.0
2023-11-21,346.0,0.0,0.0,358.0,334.0,350.0,4.0,78300.0,27144000.0,27.0,350.0,350.0,2300.0,344.0,19100.0,8039785621.0,8039785621.0,0.0,900.0,0.0,,0.0,0.0,0.0
2023-11-22,350.0,0.0,0.0,352.0,340.0,346.0,-4.0,21100.0,7247000.0,28.0,346.0,350.0,1000.0,340.0,4500.0,8039785771.0,8039785771.0,0.0,300.0,0.0,,0.0,0.0,0.0
2023-11-23,346.0,0.0,0.0,376.0,338.0,374.0,28.0,93900.0,33637600.0,57.0,374.0,380.0,1500.0,374.0,8300.0,8039785821.0,8039785821.0,0.0,10900.0,0.0,,0.0,0.0,0.0
2023-11-24,374.0,0.0,0.0,410.0,378.0,410.0,36.0,217400.0,88182000.0,123.0,410.0,0.0,0.0,410.0,20800.0,8039785821.0,8039785821.0,0.0,0.0,0.0,,0.0,0.0,0.0
2023-11-27,410.0,0.0,0.0,450.0,408.0,450.0,40.0,167100.0,73542000.0,103.0,450.0,0.0,0.0,450.0,10200.0,8039785871.0,8039785871.0,0.0,9700.0,9700.0,,0.0,0.0,0.0
2023-11-28,450.0,0.0,0.0,494.0,430.0,456.0,6.0,2388600.0,1104790400.0,164.0,456.0,472.0,100.0,456.0,13600.0,8039786871.0,8039786871.0,0.0,7600.0,500.0,,0.0,0.0,0.0
2023-11-29,456.0,0.0,0.0,470.0,440.0,440.0,-16.0,47500.0,21418400.0,73.0,440.0,446.0,24500.0,440.0,5800.0,8039790721.0,8039790721.0,0.0,14700.0,16500.0,,0.0,0.0,0.0
2023-11-30,440.0,0.0,0.0,480.0,440.0,472.0,32.0,218600.0,103192200.0,96.0,472.0,472.0,4200.0,466.0,100.0,8039790821.0,8039790821.0,0.0,1300.0,0.0,,0.0,0.0,0.0
2023-12-01,472.0,0.0,0.0,478.0,460.0,462.0,-10.0,45800.0,21459600.0,60.0,462.0,464.0,200.0,462.0,300.0,8039790821.0,8039790821.0,0.0,7600.0,600.0,,0.0,0.0,0.0
2023-12-04,462.0,0.0,0.0,470.0,450.0,450.0,-12.0,49800.0,22572600.0,40.0,450.0,456.0,12900.0,448.0,2500.0,8039790871.0,8039790871.0,0.0,2900.0,0.0,,0.0,0.0,0.0
2023-12-05,450.0,0.0,0.0,480.0,428.0,428.0,-22.0,44700.0,19820200.0,110.0,428.0,430.0,5000.0,426.0,800.0,8039791071.0,8039791071.0,0.0,3000.0,0.0,,0.0,0.0,0.0
2023-12-06,428.0,0.0,0.0,462.0,408.0,418.0,-10.0,36100.0,15566000.0,61.0,418.0,414.0,200.0,406.0,100.0,8039791421.0,8039791421.0,0.0,12400.0,0.0,,0.0,0.0,0.0
2023-12-07,418.0,0.0,0.0,448.0,384.0,400.0,-18.0,46700.0,18839000.0,73.0,400.0,400.0,3300.0,398.0,500.0,8039791521.0,8039791521.0,0.0,8400.0,0.0,,0.0,0.0,0.0
2023-12-08,400.0,0.0,0.0,432.0,392.0,430.0,30.0,6900.0,2761200.0,20.0,430.0,430.0,3200.0,390.0,600.0,8039791571.0,8039791571.0,0.0,100.0,0.0,,0.0,0.0,0.0
2023-12-11,430.0,0.0,0.0,432.0,400.0,400.0,-30.0,34000.0,14342600.0,49.0,400.0,428.0,400.0,400.0,200.0,8039791621.0,8039791621.0,0.0,11400.0,100.0,,0.0,0.0,0.0
2023-12-12,400.0,0.0,0.0,400.0,374.0,376.0,-24.0,50400.0,19280000.0,66.0,376.0,390.0,700.0,374.0,300.0,8039791771.0,8039791771.0,0.0,10200.0,800.0,,0.0,0.0,0.0
2023-12-13,376.0,0.0,0.0,404.0,378.0,404.0,28.0,39000.0,15472800.0,60.0,404.0,404.0,13600.0,396.0,400.0,8039791871.0,8039791871.0,0.0,400.0,0.0,,24112100.0,8923494800.0,3.0
2023-12-14,404.0,0.0,0.0,408.0,380.0,392.0,-12.0,16300.0,6399800.0,31.0,392.0,392.0,3800.0,378.0,200.0,8039791871.0,8039791871.0,0.0,1100.0,0.0,,0.0,0.0,0.0
2023-12-15,392.0,0.0,0.0,400.0,356.0,364.0,-28.0,49600.0,18648800.0,78.0,364.0,376.0,400.0,364.0,2800.0,8039801371.0,8039801371.0,0.0,10800.0,0.0,,0.0,0.0,0.0
2023-12-18,364.0,0.0,0.0,400.0,358.0,400.0,36.0,478800.0,190598200.0,70.0,400.0,400.0,12300.0,398.0,22900.0,8039801471.0,8039801471.0,0.0,8200.0,0.0,,0.0,0.0,0.0
2023-12-19,400.0,0.0,0.0,420.0,368.0,420.0,20.0,97800.0,38365800.0,112.0,420.0,420.0,5100.0,378.0,100.0,8039801471.0,8039801471.0,0.0,27900.0,0.0,,8065000.0,2500150000.0,1.0
2023-12-20,420.0,0.0,0.0,438.0,402.0,438.0,18.0,1579200.0,672950800.0,145.0,438.0,420.0,200.0,416.0,1100.0,8039801521.0,8039801521.0,0.0,1400.0,0.0,,2500000.0,975000000.0,1.0
2023-12-21,438.0,0.0,0.0,444.0,424.0,444.0,6.0,52400.0,22986000.0,54.0,444.0,444.0,2500.0,426.0,100.0,8039801521.0,8039801521.0,0.0,20800.0,0.0,,0.0,0.0,0.0
2023-12-22,444.0,0.0,0.0,444.0,400.0,400.0,-44.0,4334700.0,1735028200.0,340.0,400.0,400.0,87100.0,0.0,0.0,8039801590.0,8039801590.0,0.0,19500.0,0.0,,223700.0,86795600.0,1.0
2023-12-27,400.0,0.0,0.0,412.0,360.0,360.0,-40.0,282200.0,103565800.0,164.0,360.0,360.0,39100.0,0.0,0.0,8039801640.0,8039801640.0,0.0,28500.0,0.0,,0.0,0.0,0.0
2023-12-28,360.0,0.0,0.0,384.0,336.0,364.0,4.0,7709100.0,2818680000.0,303.0,364.0,374.0,5800.0,364.0,2100.0,8039801640.0,8039801640.0,0.0,179400.0,0.0,,0.0,0.0,0.0
2023-12-29,364.0,0.0,0.0,366.0,334.0,364.0,0.0,54000.0,19146600.0,25.0,364.0,364.0,16500.0,358.0,10000.0,8039801740.0,8039801740.0,0.0,8500.0,0.0,,0.0,0.0,0.0
2024-01-02,364.0,0.0,0.0,372.0,328.0,332.0,-32.0,13870200.0,4693358000.0,284.0,332.0,358.0,15300.0,332.0,600.0,8039801790.0,8039801790.0,0.0,200.0,0.0,,0.0,0.0,0.0
2024-01-03,332.0,0.0,0.0,356.0,332.0,346.0,14.0,4077200.0,1400125400.0,145.0,346.0,346.0,3100.0,340.0,2300.0,8039801840.0,8039801840.0,0.0,22600.0,0.0,,0.0,0.0,0.0
2024-01-04,346.0,0.0,0.0,380.0,320.0,328.0,-18.0,10190600.0,3542855600.0,606.0,328.0,334.0,1000.0,328.0,19000.0,8039801990.0,8039801990.0,0.0,225700.0,8200.0,,0.0,0.0,0.0
2024-01-05,328.0,0.0,0.0,336.0,328.0,328.0,0.0,3508300.0,1171663600.0,60.0,328.0,328.0,4800.0,326.0,12600.0,8039802140.0,8039802140.0,0.0,1000.0,0.0,,0.0,0.0,0.0
2024-01-08,328.0,0.0,0.0,332.0,314.0,324.0,-4.0,8392400.0,2728575200.0,393.0,324.0,324.0,600.0,316.0,5800.0,8039802190.0,8039802190.0,0.0,284000.0,0.0,,0.0,0.0,0.0
2024-01-09,324.0,0.0,0.0,356.0,316.0,356.0,32.0,3860300.0,1274870200.0,381.0,356.0,356.0,2300.0,348.0,100.0,8039802290.0,8039802290.0,0.0,65200.0,3900.0,,0.0,0.0,0.0
2024-01-10,356.0,0.0,0.0,390.0,356.0,390.0,34.0,1038800.0,398226200.0,249.0,390.0,390.0,53200.0,384.0,29000.0,8039802440.0,8039802440.0,0.0,22200.0,100.0,,0.0,0.0,0.0
2024-01-11,390.0,0.0,0.0,424.0,392.0,420.0,30.0,1547000.0,637611200.0,291.0,420.0,420.0,15000.0,418.0,3300.0,8039802490.0,8039802490.0,0.0,102500.0,0.0,,0.0,0.0,0.0
2024-01-12,420.0,0.0,0.0,420.0,380.0,390.0,-30.0,268100.0,107898000.0,125.0,390.0,390.0,8400.0,388.0,1300.0,8039803090.0,8039803090.0,0.0,47600.0,3400.0,,0.0,0.0,0.0
2024-01-15,390.0,0.0,0.0,410.0,378.0,402.0,12.0,2722800.0,1070628000.0,279.0,402.0,404.0,9100.0,402.0,7300.0,8039803240.0,8039803240.0,0.0,139400.0,3700.0,,2777700.0,999972000.0,1.0
2024-01-16,402.0,0.0,0.0,420.0,402.0,412.0,10.0,2450900.0,1010191200.0,197.0,412.0,406.0,40400.0,404.0,1500.0,8039803320.0,8039803320.0,0.0,108800.0,900.0,,5555500.0,1999980000.0,1.0
2024-01-17,412.0,0.0,0.0,450.0,402.0,426.0,14.0,2981900.0,1241486400.0,283.0,426.0,426.0,15200.0,424.0,42700.0,8039803470.0,8039803470.0,0.0,47700.0,3700.0,,0.0,0.0,0.0
2024-01-18,426.0,0.0,0.0,450.0,412.0,416.0,-10.0,301100.0,127383800.0,110.0,416.0,426.0,1000.0,414.0,3200.0,8039806820.0,8039806820.0,0.0,4000.0,0.0,,2500050.0,500000050.0,2.0
2024-01-19,416.0,0.0,0.0,456.0,412.0,454.0,38.0,2701000.0,1166961400.0,334.0,454.0,454.0,20800.0,452.0,21200.0,8039807020.0,8039807020.0,0.0,215100.0,9900.0,,6600000.0,990000000.0,1.0
2024-01-22,454.0,0.0,0.0,462.0,440.0,460.0,6.0,549700.0,248774800.0,166.0,460.0,460.0,37400.0,446.0,3000.0,8039807828.0,8039807828.0,0.0,123000.0,0.0,,0.0,0.0,0.0
2024-01-23,460.0,0.0,0.0,500.0,450.0,482.0,22.0,4047800.0,1915473600.0,532.0,482.0,484.0,200.0,482.0,111500.0,8039807928.0,8039807928.0,0.0,585200.0,0.0,,0.0,0.0,0.0
2024-01-24,482.0,0.0,0.0,530.0,482.0,530.0,48.0,1794600.0,922394500.0,259.0,530.0,0.0,0.0,530.0,19100.0,8039808628.0,8039808628.0,0.0,731500.0,13900.0,,1116100.0,500012800.0,1.0
2024-01-25,530.0,0.0,0.0,580.0,520.0,520.0,-10.0,561900.0,305644500.0,292.0,520.0,530.0,200.0,520.0,42300.0,8039808686.0,8039808686.0,0.0,62500.0,54000.0,,0.0,0.0,0.0
2024-01-26,520.0,0.0,0.0,570.0,520.0,570.0,50.0,4988200.0,2778421500.0,255.0,570.0,0.0,0.0,570.0,289900.0,8039829486.0,8039829486.0,0.0,407900.0,0.0,,0.0,0.0,0.0
2024-01-29,570.0,0.0,0.0,605.0,575.0,575.0,5.0,425600.0,249548000.0,224.0,575.0,590.0,100.0,575.0,700.0,8039836036.0,8039836036.0,0.0,15000.0,17200.0,,0.0,0.0,0.0
2024-01-30,575.0,0.0,0.0,620.0,575.0,585.0,10.0,6059500.0,3633149500.0,404.0,585.0,590.0,6300.0,585.0,58800.0,8039853836.0,8039853836.0,0.0,411400.0,120000.0,,0.0,0.0,0.0
2024-01-31,585.0,0.0,0.0,625.0,585.0,620.0,35.0,5351200.0,3239506500.0,341.0,620.0,620.0,7300.0,610.0,900.0,8039853986.0,8039853986.0,0.0,79700.0,74300.0,,580000.0,336400000.0,1.0
2024-02-01,620.0,0.0,0.0,660.0,625.0,650.0,30.0,7462900.0,4833876500.0,461.0,650.0,660.0,27200.0,650.0,4800.0,8039855286.0,8039855286.0,0.0,15600.0,22400.0,,200000.0,125000000.0,1.0
2024-02-02,650.0,0.0,0.0,690.0,650.0,675.0,25.0,4359800.0,2900754500.0,343.0,675.0,675.0,4400.0,670.0,500.0,8039856986.0,8039856986.0,0.0,8300.0,10500.0,,150000.0,97500000.0,1.0
2024-02-05,675.0,0.0,0.0,740.0,675.0,725.0,50.0,5268400.0,3720804000.0,471.0,725.0,735.0,1400.0,720.0,1200.0,8039857086.0,8039857086.0,0.0,17100.0,5600.0,,0.0,0.0,0.0
2024-02-06,725.0,0.0,0.0,780.0,730.0,775.0,50.0,5815300.0,4420861000.0,634.0,775.0,775.0,32100.0,770.0,5600.0,8039857148.0,8039857148.0,0.0,30200.0,29500.0,,300000.0,220500000.0,1.0
2024-02-07,775.0,0.0,0.0,0.0,0.0,775.0,0.0,0.0,0.0,0.0,775.0,0.0,0.0,0.0,0.0,8039857148.0,8039857148.0,0.0,0.0,0.0,,0.0,0.0,0.0
2024-02-12,775.0,0.0,0.0,780.0,700.0,730.0,-45.0,5670900.0,4241591000.0,601.0,730.0,750.0,1500.0,730.0,58500.0,8039857198.0,8039857198.0,0.0,169900.0,81400.0,,0.0,0.0,0.0
2024-02-13,730.0,0.0,0.0,760.0,725.0,750.0,20.0,2090000.0,1546426000.0,141.0,750.0,750.0,20900.0,730.0,12700.0,8039857848.0,8039857848.0,0.0,29700.0,0.0,,0.0,0.0,0.0
2024-02-15,750.0,0.0,0.0,800.0,685.0,705.0,-45.0,5824700.0,4318737500.0,327.0,705.0,725.0,13000.0,705.0,1000.0,8039857981.0,8039857981.0,0.0,60700.0,28500.0,,0.0,0.0,0.0
2024-02-16,705.0,0.0,0.0,740.0,690.0,740.0,35.0,957500.0,666804000.0,116.0,740.0,740.0,273400.0,715.0,100.0,8039859547.0,8039859547.0,0.0,7200.0,48800.0,,0.0,0.0,0.0
2024-02-19,740.0,0.0,0.0,765.0,730.0,735.0,-5.0,1345800.0,1018981500.0,145.0,735.0,735.0,8000.0,730.0,3700.0,8039860255.0,8039860255.0,0.0,21400.0,22000.0,,0.0,0.0,0.0
2024-02-20,735.0,0.0,0.0,760.0,695.0,730.0,-5.0,3512200.0,2589794000.0,237.0,730.0,730.0,27700.0,710.0,2300.0,8039860305.0,8039860305.0,0.0,117400.0,9200.0,,10000000.0,6250000000.0,2.0
2024-02-21,730.0,0.0,0.0,795.0,700.0,725.0,-5.0,1543100.0,1133607000.0,50.0,725.0,725.0,5200.0,715.0,300.0,8039861372.0,8039861372.0,0.0,28600.0,300.0,,0.0,0.0,0.0
2024-02-22,725.0,0.0,0.0,795.0,710.0,795.0,70.0,3750500.0,2794067500.0,206.0,795.0,795.0,2100.0,785.0,49400.0,8039861372.0,8039861372.0,0.0,100.0,178300.0,,0.0,0.0,0.0
2024-02-23,795.0,0.0,0.0,870.0,800.0,870.0,75.0,2773200.0,2386241000.0,320.0,870.0,870.0,324300.0,865.0,17300.0,8039861372.0,8039861372.0,0.0,33800.0,119700.0,,0.0,0.0,0.0
2024-02-26,870.0,0.0,0.0,905.0,850.0,850.0,-20.0,5625600.0,4954666500.0,408.0,850.0,870.0,4800.0,850.0,500.0,8039875323.0,8039875323.0,0.0,79500.0,380300.0,,200000.0,176000000.0,1.0
2024-02-27,850.0,0.0,0.0,890.0,800.0,840.0,-10.0,6551300.0,5662522000.0,478.0,840.0,840.0,6700.0,825.0,10100.0,8039882323.0,8039882323.0,0.0,211000.0,124200.0,,9931000.0,7944800000.0,2.0
2024-02-28,840.0,0.0,0.0,845.0,805.0,805.0,-35.0,7024800.0,5806521000.0,352.0,805.0,815.0,20000.0,805.0,200.0,8040105773.0,8040105773.0,0.0,42600.0,594700.0,,0.0,0.0,0.0
2024-02-29,805.0,0.0,0.0,850.0,800.0,850.0,45.0,6163000.0,5059164000.0,134.0,850.0,850.0,83500.0,845.0,50800.0,8040121173.0,8040121173.0,0.0,30300.0,63200.0,,3300000.0,2640000000.0,2.0
2024-03-01,850.0,0.0,0.0,900.0,830.0,900.0,50.0,7231700.0,6362657500.0,273.0,900.0,905.0,9000.0,895.0,100.0,8040121373.0,8040121373.0,0.0,56200.0,148000.0,,0.0,0.0,0.0
2024-03-04,900.0,0.0,0.0,975.0,895.0,920.0,20.0,19824900.0,18470044500.0,687.0,920.0,945.0,100.0,920.0,3400.0,8040121973.0,8040121973.0,0.0,234500.0,1260400.0,,781400.0,275934000.0,2.0
2024-03-05,920.0,0.0,0.0,0.0,0.0,920.0,0.0,0.0,0.0,0.0,920.0,0.0,0.0,0.0,0.0,8040168423.0,8040168423.0,0.0,0.0,0.0,,0.0,0.0,0.0
2024-03-06,920.0,0.0,0.0,0.0,0.0,920.0,0.0,0.0,0.0,0.0,920.0,0.0,0.0,0.0,0.0,8040168623.0,8040168623.0,0.0,0.0,0.0,,0.0,0.0,0.0
2024-03-07,920.0,0.0,0.0,0.0,0.0,920.0,0.0,0.0,0.0,0.0,920.0,0.0,0.0,0.0,0.0,8040200773.0,8040200773.0,0.0,0.0,0.0,,0.0,0.0,0.0
2024-03-08,920.0,0.0,0.0,0.0,0.0,920.0,0.0,0.0,0.0,0.0,920.0,0.0,0.0,0.0,0.0,8040471473.0,8040471473.0,0.0,0.0,0.0,,13200000.0,1980000000.0,2.0
2024-03-13,920.0,0.0,0.0,920.0,830.0,855.0,-65.0,6828200.0,5902139000.0,605.0,855.0,855.0,38900.0,850.0,7200.0,8040567379.0,8040567379.0,0.0,219400.0,47700.0,,3300000.0,495000000.0,1.0
2024-03-14,855.0,0.0,0.0,940.0,770.0,935.0,80.0,11617100.0,9722629500.0,1034.0,935.0,940.0,33800.0,935.0,4100.0,8040615605.0,8040615605.0,0.0,690200.0,464600.0,,13200000.0,1980000000.0,2.0
2024-03-15,935.0,0.0,0.0,970.0,860.0,950.0,15.0,8352400.0,7909410500.0,654.0,950.0,955.0,400.0,950.0,40100.0,8040708429.0,8040708429.0,0.0,544100.0,590500.0,,0.0,0.0,0.0
2024-03-18,950.0,0.0,0.0,1000.0,905.0,985.0,35.0,6236200.0,6070139500.0,306.0,985.0,990.0,400.0,985.0,200.0,8040708429.0,8040708429.0,0.0,184600.0,103700.0,,0.0,0.0,0.0
2024-03-19,985.0,0.0,0.0,985.0,895.0,925.0,-60.0,6664200.0,6322470500.0,473.0,925.0,925.0,17300.0,920.0,2700.0,8041192029.0,8041192029.0,0.0,465000.0,63800.0,,0.0,0.0,0.0
2024-03-20,925.0,0.0,0.0,980.0,835.0,940.0,15.0,9576100.0,8413770000.0,748.0,940.0,945.0,1200.0,935.0,24600.0,8041795129.0,8041795129.0,0.0,255100.0,228200.0,,0.0,0.0,0.0
2024-03-21,940.0,0.0,0.0,975.0,850.0,850.0,-90.0,6610300.0,6349935000.0,571.0,850.0,850.0,16000.0,0.0,0.0,8041970799.0,8041970799.0,0.0,262600.0,125700.0,,0.0,0.0,0.0
2024-03-22,850.0,0.0,0.0,880.0,765.0,865.0,15.0,5693500.0,4835428500.0,501.0,865.0,865.0,92800.0,845.0,8900.0,8042507499.0,8042507499.0,0.0,175100.0,193800.0,,0.0,0.0,0.0
2024-03-25,865.0,0.0,0.0,800.0,780.0,780.0,-85.0,168500.0,131506000.0,67.0,780.0,780.0,430100.0,0.0,0.0,8043888549.0,8043888549.0,0.0,0.0,0.0,,0.0,0.0,0.0
2024-03-26,780.0,0.0,0.0,705.0,705.0,705.0,-75.0,9900.0,6979500.0,12.0,705.0,705.0,632000.0,0.0,0.0,8044294649.0,8044294649.0,0.0,0.0,0.0,,0.0,0.0,0.0
2024-03-27,705.0,0.0,0.0,710.0,635.0,710.0,5.0,1020600.0,674172500.0,214.0,710.0,710.0,100.0,675.0,102800.0,8045120309.0,8045120309.0,0.0,0.0,0.0,,0.0,0.0,0.0
2024-03-28,710.0,0.0,0.0,705.0,700.0,700.0,-10.0,232200.0,162701000.0,83.0,700.0,705.0,22500.0,700.0,13400.0,8045401959.0,8045401959.0,0.0,0.0,0.0,,0.0,0.0,0.0
2024-04-01,700.0,0.0,0.0,705.0,700.0,705.0,5.0,388900.0,272530000.0,54.0,705.0,705.0,62700.0,700.0,2000.0,8045449309.0,8045449309.0,0.0,0.0,0.0,,0.0,0.0,0.0
2024-04-02,705.0,0.0,0.0,710.0,705.0,710.0,5.0,223500.0,158629000.0,45.0,710.0,710.0,600.0,705.0,1900.0,8045474649.0,8045474649.0,0.0,0.0,0.0,,0.0,0.0,0.0
2024-04-03,710.0,0.0,0.0,715.0,715.0,715.0,5.0,53800.0,38467000.0,43.0,715.0,720.0,31800.0,715.0,24600.0,8045475249.0,8045475249.0,0.0,0.0,0.0,,0.0,0.0,0.0
2024-04-04,715.0,0.0,0.0,720.0,715.0,720.0,5.0,82000.0,58818500.0,104.0,720.0,725.0,1200.0,715.0,23500.0,8045475549.0,8045475549.0,0.0,0.0,0.0,,0.0,0.0,0.0
2024-04-05,720.0,0.0,0.0,775.0,720.0,775.0,55.0,131900.0,98166000.0,159.0,775.0,775.0,1200.0,725.0,15600.0,8045476749.0,8045476749.0,0.0,0.0,0.0,,0.0,0.0,0.0
2024-04-16,775.0,0.0,0.0,800.0,700.0,700.0,-75.0,7094600.0,5557699500.0,286.0,700.0,700.0,6000.0,0.0,0.0,8045486799.0,8045486799.0,0.0,67900.0,1800.0,,0.0,0.0,0.0
2024-04-17,700.0,0.0,0.0,700.0,630.0,630.0,-70.0,1036700.0,653192000.0,68.0,630.0,630.0,1028000.0,0.0,0.0,8045486849.0,8045486849.0,0.0,0.0,0.0,,0.0,0.0,0.0
2024-04-18,630.0,0.0,0.0,680.0,570.0,680.0,50.0,2520600.0,1480373500.0,186.0,680.0,680.0,52400.0,0.0,0.0,8045523099.0,8045523099.0,0.0,23600.0,0.0,,0.0,0.0,0.0
2024-04-19,680.0,0.0,0.0,675.0,615.0,615.0,-65.0,2021500.0,1250739000.0,32.0,615.0,615.0,1757300.0,0.0,0.0,8045547384.0,8045547384.0,0.0,200.0,0.0,,0.0,0.0,0.0
2024-04-22,615.0,0.0,0.0,555.0,555.0,555.0,-60.0,957400.0,531357000.0,61.0,555.0,555.0,4794400.0,0.0,0.0,8048187666.0,8048187666.0,0.0,0.0,0.0,,100.0,55500.0,1.0
2024-04-23,555.0,0.0,0.0,500.0,500.0,500.0,-55.0,18800.0,9400000.0,27.0,500.0,500.0,10944800.0,0.0,0.0,8055650674.0,8055650674.0,0.0,0.0,0.0,,0.0,0.0,0.0
2024-04-24,500.0,0.0,0.0,450.0,450.0,450.0,-50.0,50000.0,22500000.0,42.0,450.0,450.0,15413500.0,0.0,0.0,8061811447.0,8061811447.0,0.0,0.0,0.0,,2500.0,1125000.0,1.0
2024-04-25,450.0,0.0,0.0,406.0,406.0,406.0,-44.0,95300.0,38691800.0,26.0,406.0,406.0,12606500.0,0.0,0.0,8063900907.0,8063900907.0,0.0,0.0,0.0,,60200.0,24441200.0,1.0
2024-04-26,406.0,0.0,0.0,366.0,366.0,366.0,-40.0,14900.0,5453400.0,18.0,366.0,366.0,12658100.0,0.0,0.0,8065005245.0,8065005245.0,0.0,0.0,0.0,,0.0,0.0,0.0
2024-04-29,366.0,0.0,0.0,330.0,330.0,330.0,-36.0,39000.0,12870000.0,17.0,330.0,330.0,11179700.0,0.0,0.0,8065789529.0,8065789529.0,0.0,0.0,0.0,,50.0,16500.0,1.0
2024-04-30,330.0,0.0,0.0,298.0,298.0,298.0,-32.0,41700.0,12426600.0,23.0,298.0,298.0,9750700.0,0.0,0.0,8065789529.0,8065789529.0,0.0,0.0,0.0,,0.0,0.0,0.0
2024-05-02,298.0,0.0,0.0,270.0,270.0,270.0,-28.0,16500.0,4455000.0,20.0,270.0,270.0,11535100.0,0.0,0.0,8065789529.0,8065789529.0,0.0,0.0,0.0,,70.0,70.0,1.0
2024-05-03,270.0,0.0,0.0,244.0,244.0,244.0,-26.0,85700.0,20910800.0,23.0,244.0,244.0,10551400.0,0.0,0.0,8065789529.0,8065789529.0,0.0,0.0,0.0,,90000.0,10800000.0,1.0
2024-05-06,244.0,0.0,0.0,220.0,220.0,220.0,-24.0,145500.0,32010000.0,31.0,220.0,220.0,9328800.0,0.0,0.0,8065789529.0,8065789529.0,0.0,0.0,0.0,,0.0,0.0,0.0
2024-05-07,220.0,0.0,0.0,198.0,198.0,198.0,-22.0,34500.0,6831000.0,45.0,198.0,198.0,8644300.0,0.0,0.0,8065789529.0,8065789529.0,0.0,0.0,0.0,,0.0,0.0,0.0
2024-05-08,198.0,0.0,0.0,179.0,179.0,179.0,-19.0,557400.0,99774600.0,38.0,179.0,179.0,5613300.0,0.0,0.0,8065789529.0,8065789529.0,0.0,0.0,0.0,,0.0,0.0,0.0
2024-05-13,179.0,0.0,0.0,190.0,162.0,162.0,-17.0,112970000.0,19344680300.0,2972.0,162.0,162.0,312400.0,0.0,0.0,8065789529.0,8065789529.0,0.0,984900.0,303500.0,,0.0,0.0,0.0
2024-05-14,162.0,0.0,0.0,167.0,146.0,146.0,-16.0,54189200.0,8192732100.0,1374.0,146.0,146.0,297100.0,0.0,0.0,8065789529.0,8065789529.0,0.0,358600.0,765500.0,,0.0,0.0,0.0
2024-05-15,146.0,0.0,0.0,0.0,0.0,146.0,0.0,0.0,0.0,0.0,146.0,0.0,0.0,0.0,0.0,8065789529.0,8065789529.0,0.0,0.0,0.0,,30000000.0,4200000000.0,1.0
2024-05-16,146.0,0.0,0.0,160.0,133.0,160.0,14.0,58528900.0,8758553700.0,1089.0,160.0,0.0,0.0,160.0,512300.0,8065789529.0,8065789529.0,0.0,619200.0,0.0,,5500000.0,550000000.0,1.0
2024-05-17,160.0,0.0,0.0,176.0,161.0,176.0,16.0,66034200.0,11125944000.0,1318.0,176.0,0.0,0.0,176.0,1830300.0,8065789529.0,8065789529.0,0.0,270400.0,1540500.0,,0.0,0.0,0.0
2024-05-20,176.0,0.0,0.0,193.0,180.0,193.0,17.0,52939000.0,10125043000.0,1026.0,193.0,0.0,0.0,193.0,888300.0,8065789529.0,8065789529.0,0.0,303100.0,113300.0,,0.0,0.0,0.0
2024-05-21,193.0,0.0,0.0,212.0,174.0,181.0,-12.0,53136100.0,9912771700.0,2147.0,181.0,181.0,45000.0,174.0,60000.0,8065789529.0,8065789529.0,0.0,204100.0,1036900.0,,0.0,0.0,0.0
2024-05-22,181.0,0.0,0.0,184.0,163.0,163.0,-18.0,81700300.0,14008613700.0,1666.0,163.0,163.0,312200.0,0.0,0.0,8065789529.0,8065789529.0,0.0,167300.0,262400.0,,0.0,0.0,0.0
2024-05-27,163.0,0.0,0.0,178.0,148.0,167.0,4.0,125626900.0,20557125400.0,2113.0,167.0,168.0,25000.0,167.0,535300.0,8065789529.0,8065789529.0,0.0,1130500.0,582700.0,,0.0,0.0,0.0
2024-05-28,167.0,0.0,0.0,179.0,167.0,171.0,4.0,44148400.0,7625285800.0,915.0,171.0,171.0,4800.0,168.0,31900.0,8065789529.0,8065789529.0,0.0,243700.0,622900.0,,0.0,0.0,0.0
2024-05-29,171.0,0.0,0.0,172.0,154.0,154.0,-17.0,31776700.0,5090027100.0,921.0,154.0,154.0,2175100.0,0.0,0.0,8065789529.0,8065789529.0,0.0,2700.0,2248200.0,,0.0,0.0,0.0
2024-05-30,154.0,0.0,0.0,162.0,139.0,153.0,-1.0,78672100.0,12139767800.0,1297.0,153.0,154.0,75200.0,152.0,10100.0,8065789529.0,8065789529.0,0.0,66400.0,1060700.0,,0.0,0.0,0.0
2024-05-31,153.0,0.0,0.0,161.0,151.0,153.0,0.0,52370700.0,8227936000.0,646.0,153.0,153.0,52900.0,152.0,32300.0,8065789529.0,8065789529.0,0.0,113000.0,935600.0,,1388000.0,252616000.0,2.0
2024-06-03,153.0,0.0,0.0,167.0,151.0,167.0,14.0,66907100.0,10611499000.0,1125.0,167.0,167.0,135600.0,166.0,1100.0,8065789529.0,8065789529.0,0.0,247900.0,1837800.0,,800.0,152800.0,1.0
2024-06-04,167.0,0.0,0.0,183.0,162.0,183.0,16.0,55583900.0,9717675600.0,1568.0,183.0,183.0,83200.0,182.0,19100.0,8065789529.0,8065789529.0,0.0,761800.0,2323800.0,,10000000.0,1000000000.0,1.0
2024-06-05,183.0,0.0,0.0,200.0,179.0,200.0,17.0,38466600.0,7402358200.0,1427.0,200.0,0.0,0.0,200.0,1068700.0,8065789529.0,8065789529.0,0.0,464100.0,943600.0,,0.0,0.0,0.0
2024-06-06,200.0,0.0,0.0,220.0,200.0,218.0,18.0,18821800.0,4024611800.0,1498.0,218.0,220.0,1307900.0,218.0,661000.0,8065789529.0,8065789529.0,0.0,1488200.0,435000.0,,0.0,0.0,0.0
2024-06-07,218.0,0.0,0.0,230.0,197.0,197.0,-21.0,28651100.0,5962315200.0,1373.0,197.0,197.0,906500.0,0.0,0.0,8065789529.0,8065789529.0,0.0,88500.0,1507700.0,,100000.0,20000000.0,1.0
2024-06-10,197.0,0.0,0.0,196.0,178.0,186.0,-11.0,53151600.0,9769717100.0,1571.0,186.0,186.0,24200.0,185.0,10000.0,8065789529.0,8065789529.0,0.0,2665300.0,3412000.0,,30000000.0,3900000000.0,1.0
2024-06-11,186.0,0.0,0.0,204.0,182.0,204.0,18.0,45649800.0,8663271600.0,834.0,204.0,0.0,0.0,204.0,1667800.0,8065789529.0,8065789529.0,0.0,221300.0,2101500.0,,20000000.0,2000000000.0,1.0
2024-06-12,204.0,0.0,0.0,224.0,208.0,224.0,20.0,39211200.0,8606910600.0,766.0,224.0,0.0,0.0,224.0,1004200.0,8065789529.0,8065789529.0,0.0,544800.0,1603700.0,,150000.0,33600000.0,1.0
2024-06-13,224.0,0.0,0.0,246.0,230.0,246.0,22.0,27719700.0,6637590000.0,1036.0,246.0,0.0,0.0,246.0,1536100.0,8065789529.0,8065789529.0,0.0,1246700.0,183800.0,,0.0,0.0,0.0
2024-06-14,246.0,0.0,0.0,270.0,224.0,258.0,12.0,25952700.0,6817265000.0,2431.0,258.0,258.0,6500.0,256.0,100.0,8065789529.0,8065789529.0,0.0,1356100.0,1580300.0,,0.0,0.0,0.0
2024-06-19,258.0,0.0,0.0,282.0,256.0,258.0,0.0,39432400.0,10603214600.0,1978.0,258.0,260.0,109100.0,258.0,7500.0,8065789529.0,8065789529.0,0.0,1448100.0,3384700.0,,870100.0,227966200.0,1.0
2024-06-20,258.0,0.0,0.0,270.0,234.0,234.0,-24.0,32532600.0,8091029400.0,1422.0,234.0,234.0,234000.0,0.0,0.0,8065789529.0,8065789529.0,0.0,1371700.0,1086900.0,,0.0,0.0,0.0
2024-06-21,234.0,0.0,0.0,240.0,212.0,212.0,-22.0,49354500.0,11089539600.0,2029.0,212.0,212.0,145800.0,0.0,0.0,8065789529.0,8065789529.0,0.0,2615600.0,3690500.0,,0.0,0.0,0.0
2024-06-24,212.0,0.0,0.0,224.0,191.0,204.0,-8.0,75447900.0,14827558000.0,2652.0,204.0,204.0,216400.0,202.0,5140500.0,8065789529.0,8065789529.0,0.0,2981800.0,798500.0,,0.0,0.0,0.0
2024-06-25,204.0,0.0,0.0,216.0,196.0,200.0,-4.0,37255300.0,7742834600.0,1441.0,200.0,204.0,50000.0,200.0,284800.0,8065789529.0,8065789529.0,0.0,1615300.0,419700.0,,50898200.0,10029640000.0,2.0
2024-06-26,200.0,0.0,0.0,208.0,180.0,180.0,-20.0,75471800.0,14250268300.0,2109.0,180.0,180.0,871400.0,0.0,0.0,8065789529.0,8065789529.0,0.0,114500.0,710900.0,,42500000.0,5525000000.0,1.0
2024-06-27,180.0,0.0,0.0,183.0,162.0,172.0,-8.0,77154600.0,13391400100.0,3202.0,172.0,172.0,158300.0,171.0,41400.0,8065789529.0,8065789529.0,0.0,1422500.0,1044000.0,,0.0,0.0,0.0
2024-06-28,172.0,0.0,0.0,186.0,163.0,181.0,9.0,46585300.0,8287435200.0,2045.0,181.0,181.0,144300.0,180.0,244600.0,8065789529.0,8065789529.0,0.0,25100.0,474700.0,,0.0,0.0,0.0
2024-07-01,181.0,0.0,0.0,188.0,163.0,163.0,-18.0,45089800.0,7885703100.0,2910.0,163.0,163.0,609800.0,0.0,0.0,8065789529.0,8065789529.0,0.0,627000.0,5447700.0,,13333200.0,1999980000.0,2.0
2024-07-02,163.0,0.0,0.0,167.0,147.0,147.0,-16.0,189215000.0,29645714200.0,3523.0,147.0,147.0,776500.0,0.0,0.0,8065789529.0,8065789529.0,0.0,5353600.0,133100.0,,0.0,0.0,0.0
2024-07-03,147.0,0.0,0.0,161.0,137.0,161.0,14.0,77547300.0,11358447800.0,2043.0,161.0,0.0,0.0,161.0,2844500.0,8065789529.0,8065789529.0,0.0,681200.0,850600.0,,0.0,0.0,0.0
2024-07-04,161.0,0.0,0.0,173.0,145.0,145.0,-16.0,84393300.0,12987136500.0,3908.0,145.0,145.0,1180000.0,0.0,0.0,8065789529.0,8065789529.0,0.0,2033300.0,1611700.0,,0.0,0.0,0.0
2024-07-05,145.0,0.0,0.0,146.0,131.0,139.0,-6.0,103756400.0,14321220700.0,3129.0,139.0,139.0,1065900.0,138.0,100.0,8065789529.0,8065789529.0,0.0,944900.0,908300.0,,0.0,0.0,0.0
2024-07-08,139.0,0.0,0.0,143.0,126.0,126.0,-13.0,57891000.0,7766471100.0,2317.0,126.0,126.0,1752900.0,0.0,0.0,8065789529.0,8065789529.0,0.0,1078400.0,1277800.0,,0.0,0.0,0.0
2024-07-09,126.0,0.0,0.0,129.0,115.0,126.0,0.0,58000200.0,7133177200.0,1583.0,126.0,126.0,62800.0,125.0,2100.0,8065789529.0,8065789529.0,0.0,847900.0,1367600.0,,3000000.0,300000000.0,1.0
2024-07-10,126.0,0.0,0.0,130.0,114.0,114.0,-12.0,154978600.0,19109674700.0,3152.0,114.0,114.0,1500600.0,0.0,0.0,8065789529.0,8065789529.0,0.0,1230200.0,6071900.0,,0.0,0.0,0.0
2024-07-11,114.0,0.0,0.0,114.0,103.0,103.0,-11.0,120525000.0,13009127800.0,2067.0,103.0,103.0,3683500.0,0.0,0.0,8065789529.0,8065789529.0,0.0,617200.0,1227800.0,,5000000.0,500000000.0,1.0
2024-07-12,103.0,0.0,0.0,112.0,93.0,112.0,9.0,127830800.0,13491183800.0,3341.0,112.0,112.0,1224800.0,111.0,7000.0,8065789529.0,8065789529.0,0.0,2869700.0,1035400.0,,3600000.0,450000000.0,1.0
2024-07-15,112.0,0.0,0.0,116.0,101.0,101.0,-11.0,76560200.0,8059280000.0,2472.0,101.0,101.0,1428800.0,0.0,0.0,8065789529.0,8065789529.0,0.0,1592700.0,7321800.0,,0.0,0.0,0.0
2024-07-16,101.0,0.0,0.0,102.0,95.0,101.0,0.0,56027900.0,5603355600.0,1043.0,101.0,101.0,107800.0,100.0,871600.0,8065789529.0,8065789529.0,0.0,322200.0,3637000.0,,0.0,0.0,0.0
2024-07-17,101.0,0.0,0.0,104.0,92.0,103.0,2.0,133384800.0,13414404300.0,1475.0,103.0,103.0,1331900.0,102.0,93200.0,8065789529.0,8065789529.0,0.0,1413000.0,2217200.0,,0.0,0.0,0.0
2024-07-18,103.0,0.0,0.0,103.0,98.0,100.0,-3.0,72826200.0,7286603000.0,1031.0,100.0,101.0,126600.0,100.0,250400.0,8065789529.0,8065789529.0,0.0,426900.0,673800.0,,0.0,0.0,0.0
2024-07-19,100.0,0.0,0.0,106.0,99.0,100.0,0.0,36259900.0,3711126900.0,729.0,100.0,101.0,25700.0,100.0,162900.0,8065789529.0,8065789529.0,0.0,434900.0,641100.0,,0.0,0.0,0.0
2024-07-22,100.0,0.0,0.0,101.0,90.0,100.0,0.0,54014000.0,5225161400.0,1831.0,100.0,100.0,437600.0,97.0,1300.0,8065789529.0,8065789529.0,0.0,2245300.0,1325200.0,,0.0,0.0,0.0
2024-07-23,100.0,0.0,0.0,100.0,94.0,100.0,0.0,50867800.0,4962380400.0,869.0,100.0,100.0,635400.0,98.0,500.0,8065789529.0,8065789529.0,0.0,1567000.0,7900.0,,0.0,0.0,0.0
2024-07-24,100.0,0.0,0.0,100.0,97.0,100.0,0.0,44627100.0,4418408800.0,573.0,100.0,100.0,1090300.0,99.0,1000.0,8065789529.0,8065789529.0,0.0,195600.0,403400.0,,0.0,0.0,0.0
2024-07-25,100.0,0.0,0.0,101.0,97.0,100.0,0.0,45258500.0,4506806300.0,733.0,100.0,100.0,360800.0,98.0,92700.0,8065789529.0,8065789529.0,0.0,387300.0,355200.0,,0.0,0.0,0.0
2024-07-26,100.0,0.0,0.0,104.0,98.0,100.0,0.0,51279000.0,5203577400.0,952.0,100.0,100.0,50000.0,99.0,94600.0,8065789529.0,8065789529.0,0.0,3792000.0,2996300.0,,0.0,0.0,0.0
2024-07-29,100.0,0.0,0.0,104.0,99.0,100.0,0.0,45846000.0,4648720700.0,682.0,100.0,100.0,204800.0,99.0,87900.0,8065789529.0,8065789529.0,0.0,377400.0,135900.0,,0.0,0.0,0.0
2024-07-30,100.0,0.0,0.0,101.0,98.0,99.0,-1.0,27263500.0,2711427400.0,356.0,99.0,99.0,115400.0,98.0,402400.0,8065789529.0,8065789529.0,0.0,770900.0,241300.0,,0.0,0.0,0.0
2024-07-31,99.0,0.0,0.0,99.0,97.0,99.0,0.0,29477500.0,2903474800.0,293.0,99.0,99.0,343200.0,98.0,54600.0,8065789529.0,8065789529.0,0.0,106700.0,4200.0,,0.0,0.0,0.0
2024-08-01,99.0,0.0,0.0,100.0,97.0,98.0,-1.0,53321200.0,5276032500.0,365.0,98.0,98.0,133300.0,97.0,364900.0,8065789529.0,8065789529.0,0.0,27100.0,498400.0,,10000000.0,900000000.0,1.0
2024-08-02,98.0,0.0,0.0,99.0,96.0,97.0,-1.0,50566900.0,4978792500.0,343.0,97.0,97.0,152200.0,96.0,30400.0,8065789529.0,8065789529.0,0.0,258700.0,382200.0,,0.0,0.0,0.0
2024-08-05,97.0,0.0,0.0,98.0,92.0,95.0,-2.0,44014400.0,4285265200.0,377.0,95.0,95.0,80000.0,94.0,65400.0,8065789529.0,8065789529.0,0.0,275900.0,496200.0,,20000000.0,2000000000.0,2.0
2024-08-06,95.0,0.0,0.0,95.0,90.0,93.0,-2.0,42861400.0,4020073600.0,596.0,93.0,93.0,21200.0,92.0,100200.0,8065789529.0,8065789529.0,0.0,240700.0,1514100.0,,0.0,0.0,0.0
2024-08-07,93.0,0.0,0.0,98.0,91.0,95.0,2.0,54812000.0,5219411400.0,719.0,95.0,95.0,37100.0,94.0,221100.0,8065789529.0,8065789529.0,0.0,2553700.0,2585100.0,,0.0,0.0,0.0
2024-08-08,95.0,0.0,0.0,97.0,94.0,96.0,1.0,66329400.0,6331970700.0,499.0,96.0,96.0,13500.0,95.0,188700.0,8065789529.0,8065789529.0,0.0,1310300.0,1918300.0,,1571800.0,149321000.0,1.0
2024-08-09,96.0,0.0,0.0,99.0,95.0,98.0,2.0,49830100.0,4785757800.0,491.0,98.0,98.0,134700.0,97.0,84900.0,8065789529.0,8065789529.0,0.0,344500.0,4354300.0,,0.0,0.0,0.0
2024-08-12,98.0,0.0,0.0,104.0,96.0,104.0,6.0,83023800.0,8225335700.0,1307.0,104.0,104.0,894100.0,103.0,333900.0,8065789529.0,8065789529.0,0.0,1974400.0,10769600.0,,0.0,0.0,0.0
2024-08-13,104.0,0.0,0.0,114.0,100.0,114.0,10.0,63508400.0,6984801600.0,2934.0,114.0,0.0,0.0,114.0,434600.0,8065789529.0,8065789529.0,0.0,3452500.0,10273400.0,,0.0,0.0,0.0
2024-08-14,114.0,0.0,0.0,118.0,111.0,115.0,1.0,33660600.0,3865550100.0,1435.0,115.0,115.0,100.0,114.0,133200.0,8065789529.0,8065789529.0,0.0,1928000.0,6272200.0,,6250000.0,625000000.0,1.0
2024-08-15,115.0,0.0,0.0,126.0,114.0,126.0,11.0,33234300.0,4084793300.0,2001.0,126.0,126.0,205800.0,125.0,886300.0,8065789529.0,8065789529.0,0.0,2496300.0,4805600.0,,0.0,0.0,0.0
2024-08-16,126.0,0.0,0.0,138.0,116.0,138.0,12.0,45761600.0,5851362100.0,2799.0,138.0,0.0,0.0,138.0,109700.0,8065789529.0,8065789529.0,0.0,4591300.0,7631400.0,,100000.0,11800000.0,1.0
2024-08-19,138.0,0.0,0.0,148.0,137.0,146.0,8.0,31661400.0,4551207100.0,2511.0,146.0,146.0,134300.0,145.0,265600.0,8065789529.0,8065789529.0,0.0,2703200.0,3433600.0,,0.0,0.0,0.0
2024-08-20,146.0,0.0,0.0,156.0,140.0,152.0,6.0,36623100.0,5420521800.0,2574.0,152.0,153.0,124100.0,152.0,95200.0,8065789529.0,8065789529.0,0.0,1179100.0,6475900.0,,5000000.0,550000000.0,1.0
2024-08-21,152.0,0.0,0.0,156.0,147.0,151.0,-1.0,29228100.0,4449470200.0,1813.0,151.0,152.0,265000.0,151.0,343100.0,8065789529.0,8065789529.0,0.0,3460600.0,4444700.0,,0.0,0.0,0.0
2024-08-22,151.0,0.0,0.0,156.0,148.0,149.0,-2.0,18017500.0,2737816800.0,1039.0,149.0,149.0,16900.0,148.0,336700.0,8065789529.0,8065789529.0,0.0,844000.0,4120300.0,,0.0,0.0,0.0
2024-08-23,149.0,0.0,0.0,163.0,149.0,160.0,11.0,29932900.0,4718684800.0,2198.0,160.0,160.0,1908600.0,159.0,68200.0,8065789529.0,8065789529.0,0.0,8049900.0,4950700.0,,0.0,0.0,0.0
2024-08-26,160.0,0.0,0.0,169.0,160.0,166.0,6.0,30680500.0,5061286500.0,1892.0,166.0,166.0,482200.0,165.0,185300.0,8065789529.0,8065789529.0,0.0,3754300.0,3664500.0,,0.0,0.0,0.0
2024-08-27,166.0,0.0,0.0,168.0,151.0,162.0,-4.0,33916500.0,5458697400.0,2858.0,162.0,162.0,1148900.0,161.0,147000.0,8065789529.0,8065789529.0,0.0,7639300.0,158300.0,,0.0,0.0,0.0
2024-08-28,162.0,0.0,0.0,167.0,146.0,155.0,-7.0,41423500.0,6524343900.0,3135.0,155.0,155.0,158800.0,154.0,150000.0,8065789529.0,8065789529.0,0.0,9850400.0,2822700.0,,0.0,0.0,0.0
2024-08-29,155.0,0.0,0.0,161.0,151.0,156.0,1.0,19737900.0,3072146000.0,1017.0,156.0,157.0,41800.0,156.0,15100.0,8065789529.0,8065789529.0,0.0,1149800.0,3022600.0,,0.0,0.0,0.0
2024-08-30,156.0,0.0,0.0,156.0,146.0,150.0,-6.0,12086300.0,1837291900.0,877.0,150.0,150.0,88800.0,149.0,700.0,8065789529.0,8065789529.0,0.0,3030700.0,404700.0,,0.0,0.0,0.0
2024-09-02,150.0,0.0,0.0,150.0,135.0,135.0,-15.0,35844600.0,5048584200.0,1964.0,135.0,135.0,853500.0,0.0,0.0,8065789529.0,8065789529.0,0.0,9550900.0,688500.0,,0.0,0.0,0.0
2024-09-03,135.0,0.0,0.0,140.0,130.0,135.0,0.0,13308200.0,1796994000.0,1007.0,135.0,135.0,214100.0,134.0,172000.0,8065789529.0,8065789529.0,0.0,755800.0,1889700.0,,0.0,0.0,0.0
2024-09-04,135.0,0.0,0.0,140.0,133.0,137.0,2.0,12000100.0,1628913000.0,745.0,137.0,137.0,85000.0,136.0,400.0,8065789529.0,8065789529.0,0.0,1115200.0,1790900.0,,0.0,0.0,0.0
2024-09-05,137.0,0.0,0.0,142.0,133.0,134.0,-3.0,19154400.0,2620597200.0,826.0,134.0,136.0,100.0,134.0,4900.0,8065789529.0,8065789529.0,0.0,2546300.0,1023900.0,,0.0,0.0,0.0
2024-09-06,134.0,0.0,0.0,137.0,124.0,126.0,-8.0,20620700.0,2671551200.0,835.0,126.0,127.0,30000.0,126.0,80100.0,8065789529.0,8065789529.0,0.0,3034400.0,762800.0,,0.0,0.0,0.0
2024-09-09,126.0,0.0,0.0,138.0,124.0,138.0,12.0,21838200.0,2790110800.0,870.0,138.0,138.0,232300.0,137.0,6000.0,8065789529.0,8065789529.0,0.0,2014800.0,3439200.0,,20000000.0,2000000000.0,1.0
2024-09-10,138.0,0.0,0.0,145.0,135.0,141.0,3.0,12627700.0,1742532800.0,946.0,141.0,141.0,265200.0,140.0,5200.0,8065789529.0,8065789529.0,0.0,878700.0,1668600.0,,0.0,0.0,0.0
2024-09-11,141.0,0.0,0.0,145.0,139.0,139.0,-2.0,10727900.0,1525193400.0,759.0,139.0,139.0,58100.0,138.0,140400.0,8065789529.0,8065789529.0,0.0,1556200.0,1318000.0,,4273500.0,499999500.0,1.0
2024-09-12,139.0,0.0,0.0,142.0,131.0,134.0,-5.0,7582500.0,1030434400.0,595.0,134.0,134.0,4500.0,133.0,500.0,8065789529.0,8065789529.0,0.0,659200.0,57500.0,,0.0,0.0,0.0
2024-09-13,134.0,0.0,0.0,138.0,131.0,134.0,0.0,10517600.0,1407298700.0,1119.0,134.0,134.0,1700.0,132.0,2200.0,8065789529.0,8065789529.0,0.0,1687200.0,154700.0,,0.0,0.0,0.0
2024-09-17,134.0,0.0,0.0,136.0,129.0,131.0,-3.0,14231300.0,1865863600.0,1178.0,131.0,131.0,283600.0,130.0,122000.0,8065789529.0,8065789529.0,0.0,607400.0,202300.0,,0.0,0.0,0.0
2024-09-18,131.0,0.0,0.0,132.0,129.0,132.0,1.0,11857700.0,1549294300.0,611.0,132.0,132.0,293100.0,131.0,2100.0,8065789529.0,8065789529.0,0.0,255700.0,1478300.0,,0.0,0.0,0.0
2024-09-19,132.0,0.0,0.0,145.0,131.0,145.0,13.0,17605700.0,2447661600.0,2752.0,145.0,0.0,0.0,145.0,313400.0,8065789529.0,8065789529.0,0.0,410200.0,5564700.0,,0.0,0.0,0.0
2024-09-20,145.0,0.0,0.0,148.0,140.0,142.0,-3.0,10716400.0,1527206900.0,977.0,142.0,142.0,211500.0,141.0,101500.0,8065789529.0,8065789529.0,0.0,1212700.0,664100.0,,0.0,0.0,0.0
2024-09-23,142.0,0.0,0.0,145.0,141.0,144.0,2.0,13789300.0,1975055600.0,818.0,144.0,144.0,112100.0,143.0,142900.0,8065789529.0,8065789529.0,0.0,629900.0,398300.0,,200000000.0,22600000000.0,1.0
2024-09-24,144.0,0.0,0.0,147.0,140.0,144.0,0.0,9985700.0,1432293900.0,1051.0,144.0,144.0,199200.0,143.0,109800.0,8065789529.0,8065789529.0,0.0,474300.0,534900.0,,0.0,0.0,0.0
2024-09-25,144.0,0.0,0.0,146.0,138.0,140.0,-4.0,14078300.0,1986724400.0,591.0,140.0,140.0,52300.0,139.0,130900.0,8065789529.0,8065789529.0,0.0,918900.0,169100.0,,0.0,0.0,0.0
2024-09-26,140.0,0.0,0.0,143.0,135.0,142.0,2.0,20253500.0,2812730200.0,1793.0,142.0,142.0,606700.0,141.0,54500.0,8065789529.0,8065789529.0,0.0,7927100.0,628500.0,,0.0,0.0,0.0
2024-09-27,142.0,0.0,0.0,143.0,134.0,139.0,-3.0,14796800.0,2059423800.0,1285.0,139.0,139.0,235500.0,135.0,55000.0,8065789529.0,8065789529.0,0.0,5958300.0,175000.0,,0.0,0.0,0.0
2024-09-30,139.0,0.0,0.0,139.0,126.0,139.0,0.0,37080800.0,4926401300.0,4216.0,139.0,139.0,324300.0,137.0,53500.0,8065789529.0,8065789529.0,0.0,15180900.0,697100.0,,0.0,0.0,0.0
2024-10-01,139.0,0.0,0.0,140.0,133.0,139.0,0.0,16240400.0,2212233000.0,1416.0,139.0,139.0,683400.0,138.0,12200.0,8065789529.0,8065789529.0,0.0,7109900.0,844700.0,,0.0,0.0,0.0
2024-10-02,139.0,0.0,0.0,139.0,130.0,130.0,-9.0,12330400.0,1654722200.0,1041.0,130.0,130.0,71600.0,129.0,356600.0,8065789529.0,8065789529.0,0.0,4731500.0,644700.0,,0.0,0.0,0.0
2024-10-03,130.0,0.0,0.0,131.0,117.0,119.0,-11.0,29684500.0,3579165900.0,2683.0,119.0,119.0,196000.0,118.0,16700.0,8065789529.0,8065789529.0,0.0,14495500.0,838100.0,,0.0,0.0,0.0
2024-10-04,119.0,0.0,0.0,120.0,109.0,114.0,-5.0,11121700.0,1247956000.0,862.0,114.0,114.0,231400.0,113.0,192000.0,8065789529.0,8065789529.0,0.0,3419200.0,1000200.0,,0.0,0.0,0.0
2024-10-07,114.0,0.0,0.0,119.0,113.0,118.0,4.0,11041200.0,1271787200.0,943.0,118.0,118.0,98900.0,114.0,109400.0,8065789529.0,8065789529.0,0.0,810800.0,1811800.0,,0.0,0.0,0.0
2024-10-08,118.0,0.0,0.0,123.0,116.0,120.0,2.0,12284200.0,1458404400.0,1542.0,120.0,120.0,423300.0,119.0,118000.0,8065789529.0,8065789529.0,0.0,1826800.0,485400.0,,0.0,0.0,0.0
2024-10-09,120.0,0.0,0.0,123.0,117.0,120.0,0.0,15883600.0,1918131800.0,1492.0,120.0,120.0,166300.0,119.0,15600.0,8065789529.0,8065789529.0,0.0,3045800.0,234500.0,,0.0,0.0,0.0
2024-10-10,120.0,0.0,0.0,122.0,116.0,120.0,0.0,16116600.0,1942066300.0,1268.0,120.0,120.0,478100.0,119.0,9900.0,8065789529.0,8065789529.0,0.0,3631700.0,73700.0,,0.0,0.0,0.0
2024-10-11,120.0,0.0,0.0,123.0,115.0,118.0,-2.0,11358700.0,1346969300.0,754.0,118.0,118.0,135600.0,116.0,1100.0,8065789529.0,8065789529.0,0.0,3154300.0,404900.0,,0.0,0.0,0.0
2024-10-14,118.0,0.0,0.0,118.0,109.0,114.0,-4.0,11103100.0,1263031000.0,935.0,114.0,114.0,74300.0,112.0,71700.0,8065789529.0,8065789529.0,0.0,5026200.0,443100.0,,126000000.0,11466000000.0,1.0
2024-10-15,114.0,0.0,0.0,115.0,104.0,105.0,-9.0,14239800.0,1528049700.0,1354.0,105.0,105.0,283900.0,104.0,498800.0,8065789529.0,8065789529.0,0.0,9226300.0,1945500.0,,0.0,0.0,0.0
2024-10-16,105.0,0.0,0.0,109.0,103.0,106.0,1.0,11227800.0,1184935900.0,882.0,106.0,106.0,276900.0,105.0,6700.0,8065789529.0,8065789529.0,0.0,4295900.0,1496800.0,,0.0,0.0,0.0
2024-10-17,106.0,0.0,0.0,108.0,104.0,106.0,0.0,11766400.0,1236891600.0,731.0,106.0,106.0,407500.0,105.0,2000.0,8065789529.0,8065789529.0,0.0,3743100.0,1813600.0,,0.0,0.0,0.0
2024-10-18,106.0,0.0,0.0,107.0,103.0,105.0,-1.0,10136500.0,1066156400.0,794.0,105.0,105.0,485400.0,104.0,208500.0,8065789529.0,8065789529.0,0.0,3991000.0,620500.0,,0.0,0.0,0.0
2024-10-21,105.0,0.0,0.0,106.0,100.0,102.0,-3.0,11618100.0,1198161800.0,710.0,102.0,102.0,228300.0,101.0,38100.0,8065789529.0,8065789529.0,0.0,6142500.0,794800.0,,0.0,0.0,0.0
2024-10-22,102.0,0.0,0.0,103.0,101.0,103.0,1.0,10107200.0,1025052200.0,661.0,103.0,103.0,1271700.0,102.0,6300.0,8065789529.0,8065789529.0,0.0,999800.0,2046700.0,,0.0,0.0,0.0
2024-10-23,103.0,0.0,0.0,103.0,98.0,101.0,-2.0,12455000.0,1247311700.0,1210.0,101.0,101.0,284900.0,100.0,1300.0,8065789529.0,8065789529.0,0.0,697200.0,81300.0,,0.0,0.0,0.0
2024-10-24,101.0,0.0,0.0,102.0,99.0,101.0,0.0,12637100.0,1266774400.0,1014.0,101.0,101.0,357800.0,100.0,20300.0,8065789529.0,8065789529.0,0.0,1127200.0,103700.0,,0.0,0.0,0.0
2024-10-25,101.0,0.0,0.0,101.0,98.0,100.0,-1.0,11711500.0,1171214300.0,864.0,100.0,100.0,204800.0,99.0,117900.0,8065789529.0,8065789529.0,0.0,3039000.0,216300.0,,0.0,0.0,0.0
2024-10-28,100.0,0.0,0.0,100.0,94.0,97.0,-3.0,13205600.0,1289570200.0,622.0,97.0,97.0,366600.0,96.0,95400.0,8065789529.0,8065789529.0,0.0,3122100.0,200000.0,,0.0,0.0,0.0
2024-10-29,97.0,0.0,0.0,96.0,89.0,91.0,-6.0,25218500.0,2312027900.0,1463.0,91.0,91.0,12500.0,90.0,64800.0,8065789529.0,8065789529.0,0.0,13262500.0,2661000.0,,0.0,0.0,0.0
2024-10-30,91.0,0.0,0.0,92.0,82.0,82.0,-9.0,27421800.0,2329260000.0,2336.0,82.0,83.0,72000.0,82.0,417000.0,8065789529.0,8065789529.0,0.0,13739300.0,205000.0,,0.0,0.0,0.0
2024-10-31,82.0,0.0,0.0,84.0,74.0,83.0,1.0,18172600.0,1480466300.0,914.0,83.0,83.0,789600.0,82.0,301900.0,8065789529.0,8065789529.0,0.0,3854300.0,1611400.0,,1320000.0,99000000.0,1.0
2024-11-01,83.0,0.0,0.0,85.0,75.0,83.0,0.0,14888200.0,1232821500.0,639.0,83.0,83.0,336200.0,82.0,100.0,8065789529.0,8065789529.0,0.0,2084200.0,426300.0,,1300000.0,98800000.0,1.0
2024-11-04,83.0,0.0,0.0,83.0,75.0,80.0,-3.0,10145100.0,822836700.0,613.0,80.0,80.0,221100.0,79.0,187500.0,8065789529.0,8065789529.0,0.0,1738200.0,404300.0,,1250000.0,95000000.0,1.0
2024-11-05,80.0,0.0,0.0,80.0,72.0,74.0,-6.0,13101800.0,1001058200.0,781.0,74.0,75.0,553900.0,74.0,559300.0,8065789529.0,8065789529.0,0.0,2532400.0,16700.0,,1330000.0,97090000.0,1.0
2024-11-06,74.0,0.0,0.0,79.0,73.0,75.0,1.0,14547200.0,1080913600.0,816.0,75.0,76.0,176900.0,75.0,5600.0,8065789529.0,8065789529.0,0.0,4011400.0,185400.0,,21420000.0,1576560000.0,2.0
2024-11-07,75.0,0.0,0.0,76.0,68.0,68.0,-7.0,17004000.0,1223331900.0,980.0,68.0,68.0,232400.0,0.0,0.0,8065789529.0,8065789529.0,0.0,4149900.0,534300.0,,0.0,0.0,0.0
2024-11-08,68.0,0.0,0.0,71.0,67.0,67.0,-1.0,9704800.0,664993000.0,486.0,67.0,69.0,29800.0,67.0,80000.0,8065789529.0,8065789529.0,0.0,387800.0,131800.0,,0.0,0.0,0.0
2024-11-11,67.0,0.0,0.0,70.0,61.0,61.0,-6.0,23694400.0,1536806500.0,1630.0,61.0,61.0,954900.0,0.0,0.0,8065789529.0,8065789529.0,0.0,1700000.0,1648500.0,,0.0,0.0,0.0
2024-11-12,61.0,0.0,0.0,63.0,55.0,61.0,0.0,18699500.0,1130734500.0,975.0,61.0,61.0,186600.0,60.0,181900.0,8065789529.0,8065789529.0,0.0,1984300.0,664700.0,,0.0,0.0,0.0
2024-11-13,61.0,0.0,0.0,62.0,57.0,60.0,-1.0,13404300.0,815134300.0,434.0,60.0,60.0,36700.0,59.0,263300.0,8065789529.0,8065789529.0,0.0,2328500.0,306300.0,,8629257.0,1725851400.0,1.0
2024-11-14,60.0,0.0,0.0,61.0,57.0,60.0,0.0,13878200.0,824668000.0,279.0,60.0,60.0,142100.0,59.0,2000.0,8065789529.0,8065789529.0,0.0,2341200.0,1986600.0,,0.0,0.0,0.0
2024-11-15,60.0,0.0,0.0,63.0,56.0,60.0,0.0,19703800.0,1163975600.0,652.0,60.0,60.0,39700.0,59.0,7000.0,8065789529.0,8065789529.0,0.0,4701900.0,117100.0,,0.0,0.0,0.0
2024-11-18,60.0,0.0,0.0,61.0,58.0,59.0,-1.0,14220800.0,846391800.0,312.0,59.0,59.0,233400.0,58.0,488900.0,8065789529.0,8065789529.0,0.0,1502200.0,70700.0,,0.0,0.0,0.0
2024-11-19,59.0,0.0,0.0,61.0,57.0,59.0,0.0,20294300.0,1178709400.0,373.0,59.0,59.0,614700.0,58.0,1800.0,8065789529.0,8065789529.0,0.0,6663300.0,492600.0,,0.0,0.0,0.0
2024-11-20,59.0,0.0,0.0,63.0,56.0,56.0,-3.0,16269500.0,961035000.0,432.0,56.0,57.0,8300.0,56.0,21200.0,8065789529.0,8065789529.0,0.0,2639000.0,368600.0,,0.0,0.0,0.0
2024-11-21,56.0,0.0,0.0,57.0,51.0,54.0,-2.0,20866900.0,1163025400.0,492.0,54.0,54.0,42100.0,53.0,284200.0,8065789529.0,8065789529.0,0.0,2745900.0,410600.0,,0.0,0.0,0.0
2024-11-22,54.0,0.0,0.0,54.0,49.0,53.0,-1.0,23990200.0,1235261700.0,664.0,53.0,53.0,19200.0,50.0,114400.0,8065789529.0,8065789529.0,0.0,1149600.0,577000.0,,0.0,0.0,0.0
2024-11-25,53.0,0.0,0.0,54.0,48.0,48.0,-5.0,20153100.0,975392900.0,840.0,48.0,48.0,2524100.0,0.0,0.0,8065789529.0,8065789529.0,0.0,10504000.0,0.0,,0.0,0.0,0.0
2024-11-26,48.0,0.0,0.0,48.0,44.0,44.0,-4.0,4759500.0,210336800.0,394.0,44.0,44.0,932900.0,0.0,0.0,8065789529.0,8065789529.0,0.0,603000.0,9300.0,,0.0,0.0,0.0
2024-11-28,44.0,0.0,0.0,44.0,40.0,40.0,-4.0,3948400.0,158139700.0,302.0,40.0,40.0,4366800.0,0.0,0.0,8065789529.0,8065789529.0,0.0,130000.0,23800.0,,0.0,0.0,0.0
2024-11-29,40.0,0.0,0.0,44.0,36.0,44.0,4.0,81419300.0,3247351200.0,1698.0,44.0,0.0,0.0,44.0,747700.0,8065789529.0,8065789529.0,0.0,8149800.0,2448000.0,,0.0,0.0,0.0
2024-12-02,44.0,0.0,0.0,48.0,42.0,45.0,1.0,14392100.0,648254000.0,862.0,45.0,45.0,97700.0,44.0,100.0,8065789529.0,8065789529.0,0.0,6702800.0,1545200.0,,0.0,0.0,0.0
2024-12-03,45.0,0.0,0.0,45.0,42.0,43.0,-2.0,2016900.0,86741700.0,325.0,43.0,43.0,10100.0,42.0,178800.0,8065789529.0,8065789529.0,0.0,808800.0,3800.0,,0.0,0.0,0.0
2024-12-04,43.0,0.0,0.0,43.0,41.0,41.0,-2.0,1461300.0,60555300.0,273.0,41.0,41.0,12800.0,40.0,507500.0,8065789529.0,8065789529.0,0.0,334000.0,7000.0,,0.0,0.0,0.0
2024-12-05,41.0,0.0,0.0,42.0,39.0,40.0,-1.0,3510300.0,139647100.0,267.0,40.0,40.0,25600.0,39.0,611500.0,8065789529.0,8065789529.0,0.0,1915000.0,233600.0,,0.0,0.0,0.0
2024-12-06,40.0,0.0,0.0,44.0,38.0,41.0,1.0,11728800.0,476032500.0,912.0,41.0,41.0,481000.0,40.0,100.0,8065789529.0,8065789529.0,0.0,6088000.0,499400.0,,0.0,0.0,0.0
2024-12-09,41.0,0.0,0.0,45.0,39.0,42.0,1.0,89159000.0,3776043500.0,1519.0,42.0,42.0,1681300.0,41.0,5000.0,8065789529.0,8065789529.0,0.0,9144200.0,214600.0,,0.0,0.0,0.0
2024-12-10,42.0,0.0,0.0,42.0,39.0,39.0,-3.0,9440300.0,377297700.0,502.0,39.0,40.0,42700.0,39.0,2243700.0,8065789529.0,8065789529.0,0.0,4996000.0,19200.0,,0.0,0.0,0.0
2024-12-11,39.0,0.0,0.0,41.0,39.0,41.0,2.0,4096300.0,163596500.0,302.0,41.0,41.0,809100.0,40.0,13700.0,8065789529.0,8065789529.0,0.0,295400.0,156800.0,,205700.0,8022300.0,1.0
2024-12-12,41.0,0.0,0.0,41.0,39.0,39.0,-2.0,2716500.0,108593000.0,232.0,39.0,40.0,54200.0,39.0,2130600.0,8065789529.0,8065789529.0,0.0,2114500.0,527000.0,,0.0,0.0,0.0
2024-12-13,39.0,0.0,0.0,41.0,36.0,38.0,-1.0,24826900.0,953725300.0,587.0,38.0,38.0,125400.0,37.0,391600.0,8065789529.0,8065789529.0,0.0,5497000.0,400000.0,,0.0,0.0,0.0
2024-12-16,38.0,0.0,0.0,39.0,36.0,36.0,-2.0,7177400.0,265994900.0,430.0,36.0,36.0,16000.0,35.0,4423700.0,8065789529.0,8065789529.0,0.0,2045100.0,5500.0,,0.0,0.0,0.0
2024-12-17,36.0,0.0,0.0,37.0,33.0,33.0,-3.0,12855800.0,427978700.0,583.0,33.0,33.0,2962000.0,0.0,0.0,8065789529.0,8065789529.0,0.0,5945100.0,0.0,,0.0,0.0,0.0
2024-12-18,33.0,0.0,0.0,34.0,30.0,31.0,-2.0,5423000.0,172107100.0,265.0,31.0,31.0,133600.0,30.0,1811200.0,8065789529.0,8065789529.0,0.0,777600.0,330500.0,,0.0,0.0,0.0
2024-12-19,31.0,0.0,0.0,32.0,28.0,30.0,-1.0,4542600.0,134331600.0,303.0,30.0,30.0,221700.0,29.0,269500.0,8065789529.0,8065789529.0,0.0,896800.0,242200.0,,0.0,0.0,0.0
2024-12-20,30.0,0.0,0.0,32.0,29.0,30.0,0.0,4724600.0,144095200.0,308.0,30.0,31.0,148400.0,30.0,317300.0,8065789529.0,8065789529.0,0.0,2872600.0,583900.0,,0.0,0.0,0.0
2024-12-23,30.0,0.0,0.0,33.0,27.0,27.0,-3.0,18923100.0,573839800.0,668.0,27.0,28.0,76000.0,27.0,575200.0,8065789529.0,8065789529.0,0.0,5457300.0,486200.0,,0.0,0.0,0.0
2024-12-24,27.0,0.0,0.0,29.0,26.0,28.0,1.0,4034400.0,110966000.0,394.0,28.0,28.0,760700.0,27.0,831200.0,8065789529.0,8065789529.0,0.0,429000.0,10300.0,,0.0,0.0,0.0
2024-12-27,28.0,0.0,0.0,30.0,28.0,30.0,2.0,4093500.0,119798600.0,246.0,30.0,30.0,3665800.0,29.0,422600.0,8065789529.0,8065789529.0,0.0,289500.0,413600.0,,0.0,0.0,0.0
2024-12-30,30.0,0.0,0.0,33.0,30.0,33.0,3.0,10940800.0,359926200.0,296.0,33.0,0.0,0.0,33.0,7511200.0,8065789529.0,8065789529.0,0.0,140300.0,1240500.0,,0.0,0.0,0.0
2025-01-02,33.0,0.0,0.0,36.0,35.0,36.0,3.0,14118300.0,508239500.0,302.0,36.0,0.0,0.0,36.0,6311900.0,8065789529.0,8065789529.0,0.0,10003200.0,702400.0,,0.0,0.0,0.0
2025-01-03,36.0,0.0,0.0,39.0,37.0,39.0,3.0,15823600.0,615345100.0,327.0,39.0,0.0,0.0,39.0,4468000.0,8065789529.0,8065789529.0,0.0,7906200.0,410700.0,,0.0,0.0,0.0
2025-01-06,39.0,0.0,0.0,42.0,39.0,42.0,3.0,23567300.0,982049200.0,823.0,42.0,0.0,0.0,42.0,2297700.0,8065789529.0,8065789529.0,0.0,6807400.0,0.0,,0.0,0.0,0.0
2025-01-07,42.0,0.0,0.0,46.0,43.0,46.0,4.0,26141000.0,1199108500.0,856.0,46.0,0.0,0.0,46.0,10300.0,8065789529.0,8065789529.0,0.0,10673500.0,0.0,,0.0,0.0,0.0
2025-01-08,46.0,0.0,0.0,50.0,48.0,50.0,4.0,17645600.0,880369400.0,602.0,50.0,0.0,0.0,50.0,4086400.0,8065789529.0,8065789529.0,0.0,8594500.0,0.0,,0.0,0.0,0.0
2025-01-09,50.0,0.0,0.0,55.0,53.0,55.0,5.0,17800900.0,973661600.0,829.0,55.0,0.0,0.0,55.0,3655900.0,8065789529.0,8065789529.0,0.0,7136100.0,50300.0,,0.0,0.0,0.0
2025-01-10,55.0,0.0,0.0,60.0,50.0,50.0,-5.0,55452500.0,2883227400.0,2350.0,50.0,50.0,5133300.0,0.0,0.0,8065789529.0,8065789529.0,0.0,13244500.0,34600.0,,0.0,0.0,0.0
2025-01-13,50.0,0.0,0.0,53.0,45.0,45.0,-5.0,5181500.0,234483500.0,337.0,45.0,45.0,7909200.0,0.0,0.0,8065789529.0,8065789529.0,0.0,1482300.0,0.0,,0.0,0.0,0.0
2025-01-14,45.0,0.0,0.0,44.0,41.0,41.0,-4.0,2157100.0,88443100.0,290.0,41.0,41.0,4768900.0,0.0,0.0,8065789529.0,8065789529.0,0.0,0.0,0.0,,0.0,0.0,0.0
2025-01-15,41.0,0.0,0.0,45.0,37.0,45.0,4.0,21588500.0,948494500.0,716.0,45.0,0.0,0.0,45.0,2232500.0,8065789529.0,8065789529.0,0.0,5405900.0,3220400.0,,0.0,0.0,0.0
2025-01-16,45.0,0.0,0.0,49.0,41.0,42.0,-3.0,28709400.0,1268975700.0,1815.0,42.0,43.0,184700.0,42.0,166600.0,8065789529.0,8065789529.0,0.0,4957300.0,3054100.0,,0.0,0.0,0.0
2025-01-17,42.0,0.0,0.0,43.0,40.0,40.0,-2.0,9971900.0,409747000.0,620.0,40.0,41.0,196200.0,40.0,223400.0,8065789529.0,8065789529.0,0.0,2286800.0,2916000.0,,0.0,0.0,0.0
2025-01-20,40.0,0.0,0.0,42.0,37.0,41.0,1.0,6950900.0,280326700.0,539.0,41.0,41.0,96500.0,40.0,144300.0,8065789529.0,8065789529.0,0.0,1003300.0,1250700.0,,0.0,0.0,0.0
2025-01-21,41.0,0.0,0.0,45.0,39.0,41.0,0.0,14289800.0,606575500.0,814.0,41.0,41.0,12000.0,40.0,363900.0,8065789529.0,8065789529.0,0.0,1752000.0,600000.0,,0.0,0.0,0.0
2025-01-22,41.0,0.0,0.0,42.0,40.0,40.0,-1.0,2852700.0,115378700.0,306.0,40.0,41.0,244100.0,40.0,128300.0,8065789529.0,8065789529.0,0.0,697100.0,120600.0,,0.0,0.0,0.0
2025-01-23,40.0,0.0,0.0,41.0,36.0,39.0,-1.0,10849000.0,409627500.0,701.0,39.0,39.0,66300.0,38.0,100.0,8065789529.0,8065789529.0,0.0,5587600.0,975300.0,,0.0,0.0,0.0
2025-01-24,39.0,0.0,0.0,39.0,36.0,37.0,-2.0,7011500.0,255647000.0,508.0,37.0,37.0,770000.0,36.0,342100.0,8065789529.0,8065789529.0,0.0,2102600.0,100000.0,,0.0,0.0,0.0
2025-01-30,37.0,0.0,0.0,37.0,34.0,37.0,0.0,16775500.0,588782900.0,721.0,37.0,38.0,122500.0,37.0,10000.0,8065789529.0,8065789529.0,0.0,5059500.0,4731100.0,,0.0,0.0,0.0
2025-01-31,37.0,0.0,0.0,38.0,35.0,38.0,1.0,3175300.0,116213900.0,244.0,38.0,38.0,81200.0,37.0,118500.0,8065789529.0,8065789529.0,0.0,0.0,229300.0,,83200.0,3993600.0,6.0
2025-02-03,38.0,0.0,0.0,41.0,38.0,41.0,3.0,8700400.0,349952500.0,502.0,41.0,0.0,0.0,41.0,453000.0,8065789529.0,8065789529.0,0.0,0.0,837700.0,,422400.0,35438600.0,10.0
2025-02-04,41.0,0.0,0.0,45.0,41.0,43.0,2.0,8999300.0,393624800.0,737.0,43.0,44.0,302900.0,42.0,199100.0,8065789529.0,8065789529.0,0.0,108900.0,537600.0,,0.0,0.0,0.0
2025-02-05,43.0,0.0,0.0,46.0,40.0,43.0,0.0,12907400.0,568790100.0,561.0,43.0,43.0,65800.0,42.0,218700.0,8065789529.0,8065789529.0,0.0,3063700.0,206800.0,,0.0,0.0,0.0
2025-02-06,43.0,0.0,0.0,44.0,40.0,41.0,-2.0,3709100.0,153243600.0,370.0,41.0,41.0,262900.0,40.0,303600.0,8065789529.0,8065789529.0,0.0,0.0,0.0,,0.0,0.0,0.0
2025-02-07,41.0,0.0,0.0,41.0,38.0,39.0,-2.0,1985300.0,77916900.0,290.0,39.0,40.0,118300.0,39.0,208000.0,8065789529.0,8065789529.0,0.0,0.0,0.0,,0.0,0.0,0.0
2025-02-10,39.0,0.0,0.0,41.0,38.0,39.0,0.0,2107100.0,83177400.0,260.0,39.0,40.0,717800.0,39.0,36600.0,8065789529.0,8065789529.0,0.0,0.0,0.0,,0.0,0.0,0.0
2025-02-11,39.0,0.0,0.0,42.0,38.0,38.0,-1.0,4291100.0,172506100.0,403.0,38.0,39.0,80000.0,38.0,201100.0,8065789529.0,8065789529.0,0.0,150000.0,1122100.0,,0.0,0.0,0.0
2025-02-12,38.0,0.0,0.0,40.0,38.0,39.0,1.0,1183800.0,46293200.0,196.0,39.0,40.0,602400.0,39.0,1000.0,8065789529.0,8065789529.0,0.0,0.0,0.0,,0.0,0.0,0.0
2025-02-13,39.0,0.0,0.0,40.0,38.0,39.0,0.0,834800.0,32560900.0,146.0,39.0,40.0,1680600.0,39.0,75200.0,8065789529.0,8065789529.0,0.0,0.0,300000.0,,0.0,0.0,0.0
2025-02-14,39.0,0.0,0.0,40.0,38.0,38.0,-1.0,1950500.0,75932900.0,449.0,38.0,39.0,91800.0,38.0,1065500.0,8065789529.0,8065789529.0,0.0,0.0,300000.0,,0.0,0.0,0.0
2025-02-17,38.0,0.0,0.0,39.0,36.0,38.0,0.0,4829000.0,177748500.0,404.0,38.0,38.0,343000.0,37.0,65200.0,8065789529.0,8065789529.0,0.0,0.0,513700.0,,0.0,0.0,0.0
2025-02-18,38.0,0.0,0.0,38.0,36.0,37.0,-1.0,4965400.0,183461700.0,299.0,37.0,38.0,1058700.0,37.0,1000.0,8065789529.0,8065789529.0,0.0,321300.0,350000.0,,0.0,0.0,0.0
2025-02-19,37.0,0.0,0.0,38.0,36.0,38.0,1.0,2098200.0,78631500.0,136.0,38.0,38.0,352500.0,37.0,832900.0,8065789529.0,8065789529.0,0.0,0.0,300000.0,,0.0,0.0,0.0
2025-02-20,38.0,0.0,0.0,38.0,36.0,37.0,-1.0,3840200.0,142118000.0,172.0,37.0,38.0,1643200.0,37.0,530600.0,8065789529.0,8065789529.0,0.0,0.0,250000.0,,0.0,0.0,0.0
2025-02-21,37.0,0.0,0.0,38.0,36.0,38.0,1.0,2340200.0,86589600.0,131.0,38.0,38.0,812200.0,37.0,223400.0,8065789529.0,8065789529.0,0.0,500000.0,0.0,,0.0,0.0,0.0
2025-02-24,38.0,0.0,0.0,39.0,36.0,37.0,-1.0,2525800.0,93324600.0,162.0,37.0,37.0,319000.0,36.0,2214200.0,8065789529.0,8065789529.0,0.0,0.0,0.0,,0.0,0.0,0.0
2025-02-25,37.0,0.0,0.0,37.0,36.0,36.0,-1.0,2155000.0,77912100.0,100.0,36.0,37.0,1353500.0,36.0,1182200.0,8065789529.0,8065789529.0,0.0,0.0,0.0,,0.0,0.0,0.0
2025-02-26,36.0,0.0,0.0,37.0,34.0,37.0,1.0,3025100.0,107967700.0,167.0,37.0,37.0,833600.0,35.0,208700.0,8065789529.0,8065789529.0,0.0,129500.0,0.0,,0.0,0.0,0.0
2025-02-27,37.0,0.0,0.0,37.0,34.0,36.0,-1.0,4379900.0,154477200.0,165.0,36.0,36.0,787000.0,35.0,7400.0,8065789529.0,8065789529.0,0.0,605800.0,0.0,,0.0,0.0,0.0
2025-02-28,36.0,0.0,0.0,36.0,34.0,36.0,0.0,3279800.0,113912000.0,168.0,36.0,36.0,471100.0,34.0,363700.0,8065789529.0,8065789529.0,0.0,594100.0,0.0,,400000000.0,14800000000.0,5.0
2025-03-03,36.0,0.0,0.0,37.0,34.0,34.0,-2.0,8687300.0,306145400.0,251.0,34.0,35.0,1048900.0,34.0,50400.0,8065789529.0,8065789529.0,0.0,289500.0,98000.0,,0.0,0.0,0.0
2025-03-04,34.0,0.0,0.0,35.0,32.0,33.0,-1.0,4229800.0,139459600.0,198.0,33.0,33.0,361700.0,32.0,11400.0,8065789529.0,8065789529.0,0.0,576900.0,0.0,,0.0,0.0,0.0
2025-03-05,33.0,0.0,0.0,36.0,31.0,35.0,2.0,2481700.0,83737400.0,201.0,35.0,36.0,2783300.0,35.0,661200.0,8065789529.0,8065789529.0,0.0,0.0,0.0,,0.0,0.0,0.0
2025-03-06,35.0,0.0,0.0,35.0,33.0,34.0,-1.0,3403200.0,115326800.0,153.0,34.0,34.0,291200.0,33.0,1570500.0,8065789529.0,8065789529.0,0.0,0.0,0.0,,0.0,0.0,0.0
2025-03-07,34.0,0.0,0.0,35.0,33.0,34.0,0.0,624300.0,20945800.0,118.0,34.0,34.0,996200.0,33.0,898000.0,8065789529.0,8065789529.0,0.0,0.0,0.0,,0.0,0.0,0.0
2025-03-10,34.0,0.0,0.0,34.0,32.0,32.0,-2.0,2294200.0,74713400.0,197.0,32.0,33.0,242800.0,32.0,227100.0,8065789529.0,8065789529.0,0.0,700000.0,0.0,,0.0,0.0,0.0
2025-03-11,32.0,0.0,0.0,33.0,31.0,33.0,1.0,892100.0,28303300.0,127.0,33.0,33.0,855600.0,32.0,713800.0,8065789529.0,8065789529.0,0.0,0.0,0.0,,0.0,0.0,0.0
2025-03-12,33.0,0.0,0.0,33.0,31.0,33.0,0.0,962600.0,31088100.0,215.0,33.0,33.0,1382300.0,32.0,287200.0,8065789529.0,8065789529.0,0.0,0.0,0.0,,0.0,0.0,0.0
2025-03-13,33.0,0.0,0.0,33.0,32.0,33.0,0.0,1146700.0,37467800.0,92.0,33.0,33.0,1156600.0,32.0,234700.0,8065789529.0,8065789529.0,0.0,0.0,0.0,,0.0,0.0,0.0
2025-03-14,33.0,0.0,0.0,35.0,31.0,35.0,2.0,8881800.0,295255500.0,634.0,35.0,35.0,528700.0,34.0,20100.0,8065789529.0,8065789529.0,0.0,0.0,40000.0,,0.0,0.0,0.0
2025-03-17,35.0,0.0,0.0,35.0,32.0,32.0,-3.0,2848200.0,93640100.0,408.0,32.0,33.0,29800.0,32.0,1722100.0,8065789529.0,8065789529.0,0.0,300000.0,0.0,,0.0,0.0,0.0
2025-03-18,32.0,0.0,0.0,35.0,30.0,32.0,0.0,6422800.0,208775100.0,331.0,32.0,32.0,11500.0,31.0,280700.0,8065789529.0,8065789529.0,0.0,0.0,0.0,,0.0,0.0,0.0
2025-03-19,32.0,0.0,0.0,33.0,31.0,32.0,0.0,2036000.0,65992300.0,149.0,32.0,33.0,1251300.0,32.0,56700.0,8065789529.0,8065789529.0,0.0,0.0,100000.0,,0.0,0.0,0.0
2025-03-20,32.0,0.0,0.0,34.0,32.0,33.0,1.0,1461100.0,47214800.0,118.0,33.0,33.0,607900.0,32.0,225200.0,8065789529.0,8065789529.0,0.0,0.0,0.0,,0.0,0.0,0.0
2025-03-21,33.0,0.0,0.0,34.0,31.0,32.0,-1.0,5891700.0,185896800.0,332.0,32.0,32.0,1459600.0,31.0,630000.0,8065789529.0,8065789529.0,0.0,0.0,250000.0,,0.0,0.0,0.0
2025-03-24,32.0,0.0,0.0,32.0,29.0,30.0,-2.0,6636200.0,197053700.0,231.0,30.0,30.0,170800.0,29.0,922600.0,8065789529.0,8065789529.0,0.0,0.0,500000.0,,0.0,0.0,0.0
2025-03-25,30.0,0.0,0.0,32.0,29.0,30.0,0.0,1987600.0,60815100.0,145.0,30.0,31.0,132600.0,30.0,3357100.0,8065789529.0,8065789529.0,0.0,30000.0,0.0,,0.0,0.0,0.0
2025-03-26,30.0,0.0,0.0,33.0,30.0,33.0,3.0,4659300.0,145542200.0,298.0,33.0,33.0,27900.0,31.0,150000.0,8065789529.0,8065789529.0,0.0,0.0,5500.0,,0.0,0.0,0.0
2025-03-27,33.0,0.0,0.0,36.0,31.0,35.0,2.0,2553800.0,85641700.0,214.0,35.0,35.0,1298400.0,34.0,205000.0,8065789529.0,8065789529.0,0.0,0.0,0.0,,0.0,0.0,0.0
2025-04-08,35.0,0.0,0.0,34.0,32.0,32.0,-3.0,701700.0,22457600.0,91.0,32.0,32.0,1992500.0,0.0,0.0,8065789529.0,8065789529.0,0.0,0.0,0.0,,0.0,0.0,0.0
2025-04-09,32.0,0.0,0.0,32.0,30.0,31.0,-1.0,868000.0,26691300.0,95.0,31.0,31.0,86200.0,30.0,371200.0,8065789529.0,8065789529.0,0.0,0.0,0.0,,0.0,0.0,0.0
2025-04-10,31.0,0.0,0.0,32.0,30.0,31.0,0.0,2481600.0,76272900.0,181.0,31.0,31.0,217900.0,30.0,447300.0,8065789529.0,8065789529.0,0.0,0.0,0.0,,0.0,0.0,0.0
2025-04-11,31.0,0.0,0.0,33.0,30.0,31.0,0.0,1441700.0,44217300.0,120.0,31.0,31.0,300.0,30.0,974900.0,8065789529.0,8065789529.0,0.0,0.0,0.0,,0.0,0.0,0.0
2025-04-14,31.0,0.0,0.0,32.0,28.0,30.0,-1.0,9172600.0,274968700.0,285.0,30.0,31.0,587100.0,30.0,909500.0,8065789529.0,8065789529.0,0.0,0.0,200000.0,,0.0,0.0,0.0
2025-04-15,30.0,0.0,0.0,31.0,29.0,30.0,0.0,3977600.0,120074300.0,159.0,30.0,31.0,865800.0,30.0,452800.0,8065789529.0,8065789529.0,0.0,0.0,0.0,,0.0,0.0,0.0
2025-04-16,30.0,0.0,0.0,31.0,29.0,30.0,0.0,2185300.0,64880800.0,92.0,30.0,30.0,419800.0,29.0,1596100.0,8065789529.0,8065789529.0,0.0,0.0,0.0,,0.0,0.0,0.0
2025-04-17,30.0,0.0,0.0,30.0,29.0,30.0,0.0,2878800.0,84178300.0,139.0,30.0,30.0,391200.0,29.0,234600.0,8065789529.0,8065789529.0,0.0,0.0,0.0,,0.0,0.0,0.0
2025-04-21,30.0,0.0,0.0,31.0,29.0,30.0,0.0,3029200.0,90688200.0,90.0,30.0,30.0,590300.0,29.0,1539000.0,8065789529.0,8065789529.0,0.0,0.0,0.0,,0.0,0.0,0.0
2025-04-22,30.0,0.0,0.0,31.0,29.0,30.0,0.0,2657100.0,78509200.0,99.0,30.0,30.0,467600.0,29.0,3306800.0,8065789529.0,8065789529.0,0.0,0.0,0.0,,0.0,0.0,0.0
2025-04-23,30.0,0.0,0.0,30.0,28.0,29.0,-1.0,6081400.0,176546000.0,210.0,29.0,30.0,2763800.0,29.0,568100.0,8065789529.0,8065789529.0,0.0,0.0,137500.0,,0.0,0.0,0.0
2025-04-24,29.0,0.0,0.0,31.0,29.0,30.0,1.0,9244200.0,273294500.0,195.0,30.0,30.0,475000.0,29.0,1548200.0,8065789529.0,8065789529.0,0.0,0.0,0.0,,0.0,0.0,0.0
2025-04-25,30.0,0.0,0.0,30.0,28.0,29.0,-1.0,5280900.0,153214100.0,166.0,29.0,30.0,4840000.0,29.0,14400.0,8065789529.0,8065789529.0,0.0,0.0,0.0,,0.0,0.0,0.0
2025-04-28,29.0,0.0,0.0,31.0,29.0,31.0,2.0,18029300.0,545392000.0,511.0,31.0,31.0,1157000.0,30.0,1656700.0,8065789529.0,8065789529.0,0.0,0.0,0.0,,0.0,0.0,0.0
2025-04-29,31.0,0.0,0.0,31.0,29.0,29.0,-2.0,31366400.0,933865400.0,468.0,29.0,30.0,1593500.0,29.0,1290000.0,8065789529.0,8065789529.0,0.0,0.0,900000.0,,0.0,0.0,0.0
2025-04-30,29.0,0.0,0.0,30.0,29.0,30.0,1.0,4659800.0,138592000.0,166.0,30.0,30.0,7106200.0,29.0,4922200.0,8065789529.0,8065789529.0,0.0,0.0,0.0,,0.0,0.0,0.0
2025-05-02,30.0,0.0,0.0,30.0,29.0,30.0,0.0,4244400.0,126150200.0,110.0,30.0,30.0,6046400.0,29.0,6228200.0,8065789529.0,8065789529.0,0.0,0.0,0.0,,0.0,0.0,0.0
2025-05-05,30.0,0.0,0.0,30.0,29.0,30.0,0.0,2181900.0,64149800.0,91.0,30.0,30.0,8948800.0,29.0,5854600.0,8065789529.0,8065789529.0,0.0,0.0,0.0,,0.0,0.0,0.0
2025-05-06,30.0,0.0,0.0,30.0,29.0,29.0,-1.0,9639200.0,281344600.0,165.0,29.0,29.0,987300.0,28.0,1734900.0,8065789529.0,8065789529.0,0.0,0.0,0.0,,0.0,0.0,0.0
2025-05-07,29.0,0.0,0.0,30.0,29.0,29.0,0.0,2600300.0,75880600.0,124.0,29.0,30.0,11402100.0,29.0,2507600.0,8065789529.0,8065789529.0,0.0,0.0,200000.0,,0.0,0.0,0.0
2025-05-08,29.0,0.0,0.0,30.0,29.0,30.0,1.0,937400.0,27422100.0,74.0,30.0,30.0,10852500.0,29.0,3355600.0,8065789529.0,8065789529.0,0.0,0.0,0.0,,0.0,0.0,0.0
2025-05-09,30.0,0.0,0.0,30.0,29.0,30.0,0.0,2975300.0,87104500.0,85.0,30.0,30.0,10671100.0,29.0,1701100.0,8065789529.0,8065789529.0,0.0,0.0,0.0,,0.0,0.0,0.0
2025-05-14,30.0,0.0,0.0,30.0,29.0,29.0,-1.0,5901300.0,171559800.0,164.0,29.0,30.0,8399500.0,29.0,804500.0,8065789529.0,8065789529.0,0.0,0.0,0.0,,0.0,0.0,0.0
2025-05-15,29.0,0.0,0.0,31.0,28.0,30.0,1.0,31924900.0,950579200.0,340.0,30.0,30.0,3675100.0,29.0,4295500.0,8065789529.0,8065789529.0,0.0,0.0,0.0,,0.0,0.0,0.0
2025-05-16,30.0,0.0,0.0,30.0,29.0,29.0,-1.0,3774000.0,110912200.0,136.0,29.0,30.0,11444300.0,29.0,8265800.0,8065789529.0,8065789529.0,0.0,0.0,0.0,,0.0,0.0,0.0
2025-05-19,29.0,0.0,0.0,30.0,29.0,29.0,0.0,4839300.0,142427600.0,93.0,29.0,30.0,4866500.0,29.0,5206500.0,8065789529.0,8065789529.0,0.0,0.0,0.0,,0.0,0.0,0.0
2025-05-20,29.0,0.0,0.0,30.0,29.0,29.0,0.0,8535500.0,252046100.0,190.0,29.0,30.0,3526700.0,29.0,5775300.0,8065789529.0,8065789529.0,0.0,0.0,0.0,,0.0,0.0,0.0
2025-05-21,29.0,0.0,0.0,30.0,29.0,30.0,1.0,680800.0,19821800.0,78.0,30.0,30.0,6428500.0,29.0,16715100.0,8065789529.0,8065789529.0,0.0,0.0,0.0,,0.0,0.0,0.0
2025-05-22,30.0,0.0,0.0,30.0,29.0,30.0,0.0,1796300.0,52368000.0,87.0,30.0,30.0,7637100.0,29.0,7845400.0,8065789529.0,8065789529.0,0.0,0.0,50000.0,,0.0,0.0,0.0
2025-05-23,30.0,0.0,0.0,31.0,29.0,30.0,0.0,9062500.0,270804800.0,132.0,30.0,30.0,1342500.0,29.0,7877200.0,8065789529.0,8065789529.0,0.0,0.0,50000.0,,0.0,0.0,0.0
2025-05-26,30.0,0.0,0.0,30.0,27.0,30.0,0.0,16128800.0,464905500.0,302.0,30.0,30.0,2969400.0,29.0,17100.0,8065789529.0,8065789529.0,0.0,65600.0,0.0,,0.0,0.0,0.0
2025-05-27,30.0,0.0,0.0,30.0,28.0,29.0,-1.0,8751100.0,248653200.0,210.0,29.0,29.0,1712300.0,28.0,2652600.0,8065789529.0,8065789529.0,0.0,0.0,0.0,,0.0,0.0,0.0
2025-05-28,29.0,0.0,0.0,29.0,28.0,29.0,0.0,2816200.0,80022100.0,137.0,29.0,29.0,2722900.0,28.0,7320700.0,8065789529.0,8065789529.0,0.0,0.0,0.0,,0.0,0.0,0.0
2025-06-02,29.0,0.0,0.0,29.0,28.0,28.0,-1.0,2124400.0,59781600.0,102.0,28.0,29.0,6855000.0,28.0,1285400.0,8065789529.0,8065789529.0,0.0,0.0,0.0,,0.0,0.0,0.0
2025-06-03,28.0,0.0,0.0,29.0,28.0,29.0,1.0,853600.0,24191100.0,94.0,29.0,29.0,10292700.0,28.0,2206700.0,8065789529.0,8065789529.0,0.0,0.0,50000.0,,0.0,0.0,0.0
2025-06-04,29.0,0.0,0.0,29.0,28.0,29.0,0.0,1913800.0,54966400.0,77.0,29.0,29.0,5404300.0,28.0,3739000.0,8065789529.0,8065789529.0,0.0,0.0,0.0,,0.0,0.0,0.0
2025-06-05,29.0,0.0,0.0,29.0,28.0,28.0,-1.0,1021200.0,29173400.0,43.0,28.0,29.0,5409800.0,28.0,3721000.0,8065789529.0,8065789529.0,0.0,0.0,0.0,,0.0,0.0,0.0
2025-06-10,28.0,0.0,0.0,29.0,28.0,29.0,1.0,1934200.0,54825800.0,97.0,29.0,29.0,4962800.0,28.0,3743500.0,8065789529.0,8065789529.0,0.0,0.0,0.0,,0.0,0.0,0.0
2025-06-11,29.0,0.0,0.0,29.0,28.0,28.0,-1.0,1869700.0,52765400.0,85.0,28.0,29.0,5470700.0,28.0,3550500.0,8065789529.0,8065789529.0,0.0,0.0,0.0,,0.0,0.0,0.0
2025-06-12,28.0,0.0,0.0,29.0,28.0,28.0,0.0,1093700.0,30856000.0,63.0,28.0,29.0,5232600.0,28.0,3163600.0,8065789529.0,8065789529.0,0.0,0.0,0.0,,0.0,0.0,0.0
2025-06-13,28.0,0.0,0.0,29.0,28.0,29.0,1.0,2176300.0,61035800.0,110.0,29.0,29.0,6358400.0,28.0,1739800.0,8065789529.0,8065789529.0,0.0,0.0,0.0,,0.0,0.0,0.0
2025-06-16,29.0,0.0,0.0,29.0,28.0,29.0,0.0,1446000.0,41035200.0,49.0,29.0,29.0,7047500.0,28.0,4285700.0,8065789529.0,8065789529.0,0.0,0.0,0.0,,0.0,0.0,0.0
2025-06-17,29.0,0.0,0.0,29.0,28.0,28.0,-1.0,978200.0,27471300.0,57.0,28.0,29.0,5565300.0,28.0,2168100.0,8065789529.0,8065789529.0,0.0,0.0,0.0,,0.0,0.0,0.0
2025-06-18,28.0,0.0,0.0,29.0,28.0,29.0,1.0,1115900.0,31423500.0,51.0,29.0,29.0,6347200.0,28.0,868800.0,8065789529.0,8065789529.0,0.0,0.0,0.0,,0.0,0.0,0.0
2025-06-19,29.0,0.0,0.0,29.0,27.0,28.0,-1.0,1956300.0,54740600.0,185.0,28.0,28.0,90600.0,27.0,3916100.0,8065789529.0,8065789529.0,0.0,0.0,0.0,,0.0,0.0,0.0
2025-06-20,28.0,0.0,0.0,29.0,27.0,27.0,-1.0,2220900.0,60731800.0,93.0,27.0,28.0,55800.0,27.0,3887100.0,8065789529.0,8065789529.0,0.0,0.0,0.0,,0.0,0.0,0.0
2025-06-23,27.0,0.0,0.0,28.0,26.0,27.0,0.0,3903500.0,105590100.0,141.0,27.0,28.0,4541300.0,27.0,68100.0,8065789529.0,8065789529.0,0.0,0.0,500000.0,,0.0,0.0,0.0
2025-06-24,27.0,0.0,0.0,28.0,26.0,27.0,0.0,3377800.0,90455400.0,130.0,27.0,27.0,742800.0,26.0,3734800.0,8065789529.0,8065789529.0,0.0,0.0,200000.0,,2800000.0,78400000.0,1.0
2025-06-25,27.0,0.0,0.0,27.0,26.0,26.0,-1.0,722400.0,19318300.0,59.0,26.0,27.0,3076900.0,26.0,3666800.0,8065789529.0,8065789529.0,0.0,0.0,0.0,,0.0,0.0,0.0
2025-06-26,26.0,0.0,0.0,27.0,26.0,26.0,0.0,1026600.0,27198400.0,55.0,26.0,27.0,2816800.0,26.0,3218200.0,8065789529.0,8065789529.0,0.0,0.0,0.0,,0.0,0.0,0.0
2025-06-30,26.0,0.0,0.0,27.0,26.0,26.0,0.0,1804400.0,47478000.0,64.0,26.0,27.0,3053500.0,26.0,2509200.0,8065789529.0,8065789529.0,0.0,0.0,0.0,,0.0,0.0,0.0
2025-07-01,26.0,0.0,0.0,27.0,25.0,27.0,1.0,3075700.0,80225100.0,197.0,27.0,27.0,2684300.0,26.0,18100.0,8065789529.0,8065789529.0,0.0,0.0,0.0,,0.0,0.0,0.0
2025-07-02,27.0,0.0,0.0,27.0,25.0,27.0,0.0,671700.0,17480000.0,90.0,27.0,27.0,2797600.0,26.0,757200.0,8065789529.0,8065789529.0,0.0,0.0,0.0,,0.0,0.0,0.0
2025-07-03,27.0,0.0,0.0,27.0,26.0,27.0,0.0,1335200.0,34753100.0,74.0,27.0,27.0,2711100.0,26.0,310900.0,8065789529.0,8065789529.0,0.0,0.0,0.0,,0.0,0.0,0.0
2025-07-04,27.0,0.0,0.0,27.0,26.0,26.0,-1.0,1391300.0,36308300.0,76.0,26.0,27.0,2856400.0,26.0,250900.0,8065789529.0,8065789529.0,0.0,0.0,0.0,,0.0,0.0,0.0
2025-07-07,26.0,0.0,0.0,27.0,25.0,27.0,1.0,3064100.0,78821100.0,111.0,27.0,27.0,2945500.0,26.0,5600.0,8065789529.0,8065789529.0,0.0,0.0,0.0,,0.0,0.0,0.0
2025-07-08,27.0,0.0,0.0,27.0,25.0,27.0,0.0,767200.0,20081500.0,66.0,27.0,27.0,2830700.0,26.0,1416400.0,8065789529.0,8065789529.0,0.0,0.0,0.0,,0.0,0.0,0.0
2025-07-09,27.0,0.0,0.0,27.0,26.0,27.0,0.0,1552900.0,40828500.0,67.0,27.0,27.0,2405600.0,26.0,3471400.0,8065789529.0,8065789529.0,0.0,500000.0,0.0,,300.0,8100.0,1.0
2025-07-10,27.0,0.0,0.0,27.0,25.0,27.0,0.0,1103700.0,28927700.0,99.0,27.0,27.0,2214800.0,26.0,3062800.0,8065789529.0,8065789529.0,0.0,0.0,0.0,,0.0,0.0,0.0
2025-07-11,27.0,0.0,0.0,29.0,26.0,28.0,1.0,11668400.0,318157700.0,188.0,28.0,28.0,1561200.0,27.0,316400.0,8065789529.0,8065789529.0,0.0,0.0,0.0,,0.0,0.0,0.0
2025-07-14,28.0,0.0,0.0,28.0,27.0,28.0,0.0,1982100.0,53968600.0,93.0,28.0,28.0,1179500.0,27.0,1089500.0,8065789529.0,8065789529.0,0.0,0.0,0.0,,0.0,0.0,0.0
2025-07-15,28.0,0.0,0.0,28.0,27.0,28.0,0.0,1609300.0,43528000.0,58.0,28.0,28.0,1448100.0,27.0,1023900.0,8065789529.0,8065789529.0,0.0,900000.0,0.0,,0.0,0.0,0.0
2025-07-16,28.0,0.0,0.0,28.0,27.0,28.0,0.0,3073400.0,83297800.0,100.0,28.0,28.0,2159100.0,27.0,494900.0,8065789529.0,8065789529.0,0.0,0.0,0.0,,0.0,0.0,0.0
2025-07-17,28.0,0.0,0.0,28.0,27.0,28.0,0.0,1602300.0,43393400.0,38.0,28.0,28.0,1052300.0,27.0,1194900.0,8065789529.0,8065789529.0,0.0,0.0,0.0,,0.0,0.0,0.0
2025-07-18,28.0,0.0,0.0,28.0,26.0,27.0,-1.0,3896100.0,105226200.0,113.0,27.0,27.0,74700.0,26.0,5725900.0,8065789529.0,8065789529.0,0.0,900000.0,0.0,,0.0,0.0,0.0
2025-07-21,27.0,0.0,0.0,28.0,25.0,26.0,-1.0,5999700.0,156694000.0,147.0,26.0,26.0,3858600.0,25.0,852400.0,8065789529.0,8065789529.0,0.0,0.0,0.0,,0.0,0.0,0.0
2025-07-22,26.0,0.0,0.0,27.0,25.0,27.0,1.0,1308900.0,34208500.0,93.0,27.0,27.0,4354200.0,26.0,1791300.0,8065789529.0,8065789529.0,0.0,0.0,0.0,,0.0,0.0,0.0
2025-07-23,27.0,0.0,0.0,27.0,26.0,26.0,-1.0,695300.0,18298000.0,60.0,26.0,27.0,2042800.0,26.0,3189100.0,8065789529.0,8065789529.0,0.0,0.0,0.0,,0.0,0.0,0.0
2025-07-24,26.0,0.0,0.0,27.0,26.0,27.0,1.0,1501500.0,39168300.0,71.0,27.0,27.0,4374700.0,26.0,1844800.0,8065789529.0,8065789529.0,0.0,0.0,0.0,,0.0,0.0,0.0
2025-07-25,27.0,0.0,0.0,27.0,26.0,27.0,0.0,2744000.0,71906200.0,118.0,27.0,27.0,4412100.0,26.0,1769900.0,8065789529.0,8065789529.0,0.0,0.0,0.0,,0.0,0.0,0.0
2025-07-28,27.0,0.0,0.0,28.0,26.0,27.0,0.0,7072700.0,188810200.0,170.0,27.0,27.0,179200.0,26.0,1795800.0,8065789529.0,8065789529.0,0.0,0.0,0.0,,0.0,0.0,0.0
2025-07-29,27.0,0.0,0.0,28.0,26.0,27.0,0.0,1438900.0,38118900.0,64.0,27.0,27.0,3540000.0,26.0,4395400.0,8065789529.0,8065789529.0,0.0,0.0,0.0,,0.0,0.0,0.0
2025-07-30,27.0,0.0,0.0,27.0,26.0,27.0,0.0,1004300.0,26407700.0,59.0,27.0,27.0,1895100.0,26.0,2724100.0,8065789529.0,8065789529.0,0.0,0.0,0.0,,0.0,0.0,0.0
2025-07-31,27.0,0.0,0.0,28.0,26.0,26.0,-1.0,5441700.0,146664900.0,120.0,26.0,27.0,665100.0,26.0,3814800.0,8065789529.0,8065789529.0,0.0,0.0,0.0,,0.0,0.0,0.0
2025-08-01,26.0,0.0,0.0,28.0,26.0,28.0,2.0,11483000.0,315915200.0,561.0,28.0,0.0,0.0,28.0,378000.0,8065789529.0,8065789529.0,0.0,0.0,900000.0,,0.0,0.0,0.0
2025-08-04,28.0,0.0,0.0,30.0,28.0,30.0,2.0,8515000.0,253725600.0,229.0,30.0,0.0,0.0,30.0,5251500.0,8065789529.0,8065789529.0,0.0,0.0,992500.0,,0.0,0.0,0.0
2025-08-05,30.0,0.0,0.0,33.0,32.0,33.0,3.0,24215400.0,795642900.0,271.0,33.0,0.0,0.0,33.0,13306000.0,8065789529.0,8065789529.0,0.0,0.0,5500000.0,,0.0,0.0,0.0
2025-08-06,33.0,0.0,0.0,36.0,36.0,36.0,3.0,6156900.0,221648400.0,104.0,36.0,0.0,0.0,36.0,18070200.0,8065789529.0,8065789529.0,0.0,0.0,0.0,,0.0,0.0,0.0
2025-08-07,36.0,0.0,0.0,39.0,39.0,39.0,3.0,4335700.0,169092300.0,86.0,39.0,0.0,0.0,39.0,20395500.0,8065789529.0,8065789529.0,0.0,0.0,0.0,,0.0,0.0,0.0
2025-08-08,39.0,0.0,0.0,42.0,36.0,37.0,-2.0,59133000.0,2265866100.0,1408.0,37.0,37.0,858900.0,36.0,1964500.0,8065789529.0,8065789529.0,0.0,8931000.0,500000.0,,0.0,0.0,0.0
2025-08-11,37.0,0.0,0.0,38.0,34.0,34.0,-3.0,15667600.0,539045100.0,724.0,34.0,34.0,391800.0,0.0,0.0,8065789529.0,8065789529.0,0.0,599400.0,0.0,,0.0,0.0,0.0
2025-08-12,34.0,0.0,0.0,35.0,32.0,33.0,-1.0,9031400.0,298343900.0,446.0,33.0,34.0,1739100.0,33.0,448800.0,8065789529.0,8065789529.0,0.0,0.0,0.0,,0.0,0.0,0.0
2025-08-13,33.0,0.0,0.0,36.0,31.0,35.0,2.0,12921100.0,433907500.0,441.0,35.0,35.0,337300.0,34.0,1113600.0,8065789529.0,8065789529.0,0.0,307000.0,30000.0,,0.0,0.0,0.0
2025-08-14,35.0,0.0,0.0,36.0,34.0,35.0,0.0,10390700.0,357757100.0,376.0,35.0,35.0,395700.0,34.0,894800.0,8065789529.0,8065789529.0,0.0,0.0,0.0,,1870000.0,59840000.0,1.0
2025-08-15,35.0,0.0,0.0,36.0,33.0,34.0,-1.0,8572800.0,293462600.0,262.0,34.0,35.0,727100.0,34.0,4900.0,8065789529.0,8065789529.0,0.0,0.0,0.0,,0.0,0.0,0.0
2025-08-19,34.0,0.0,0.0,37.0,33.0,37.0,3.0,23219500.0,840496000.0,997.0,37.0,0.0,0.0,37.0,528900.0,8065789529.0,8065789529.0,0.0,1200.0,103400.0,,1930000.0,59830000.0,1.0
2025-08-20,37.0,0.0,0.0,40.0,37.0,40.0,3.0,21155100.0,836691900.0,966.0,40.0,0.0,0.0,40.0,1449200.0,8065789529.0,8065789529.0,0.0,0.0,530000.0,,0.0,0.0,0.0
2025-08-21,40.0,0.0,0.0,44.0,40.0,44.0,4.0,42439600.0,1845924100.0,1377.0,44.0,0.0,0.0,44.0,2198200.0,8065789529.0,8065789529.0,0.0,206100.0,0.0,,4315000.0,159655000.0,1.0
2025-08-22,44.0,0.0,0.0,48.0,41.0,44.0,0.0,59191500.0,2629482000.0,2565.0,44.0,45.0,586100.0,44.0,285300.0,8065789529.0,8065789529.0,0.0,5427300.0,800000.0,,5950000.0,238000000.0,1.0
2025-08-25,44.0,0.0,0.0,45.0,40.0,41.0,-3.0,40900200.0,1674318800.0,1498.0,41.0,41.0,700.0,40.0,3044900.0,8065789529.0,8065789529.0,0.0,802300.0,700000.0,,0.0,0.0,0.0
2025-08-26,41.0,0.0,0.0,45.0,38.0,42.0,1.0,83733600.0,3505529500.0,2651.0,42.0,42.0,2416600.0,41.0,1309500.0,8065789529.0,8065789529.0,0.0,1762300.0,1115600.0,,0.0,0.0,0.0
2025-08-27,42.0,0.0,0.0,43.0,40.0,41.0,-1.0,23611900.0,971898600.0,1047.0,41.0,41.0,117500.0,40.0,3049700.0,8065789529.0,8065789529.0,0.0,0.0,0.0,,0.0,0.0,0.0
2025-08-28,41.0,0.0,0.0,43.0,41.0,43.0,2.0,26241200.0,1103790600.0,965.0,43.0,43.0,2292600.0,42.0,1413000.0,8065789529.0,8065789529.0,0.0,0.0,1054800.0,,7890000.0,299820000.0,1.0
2025-08-29,43.0,0.0,0.0,43.0,40.0,41.0,-2.0,19980200.0,818340300.0,743.0,41.0,42.0,1970800.0,41.0,129100.0,8065789529.0,8065789529.0,0.0,229800.0,794100.0,,0.0,0.0,0.0
2025-09-01,41.0,0.0,0.0,42.0,38.0,41.0,0.0,19651300.0,787443200.0,773.0,41.0,41.0,1595900.0,40.0,227200.0,8065789529.0,8065789529.0,0.0,200000.0,0.0,,0.0,0.0,0.0
2025-09-02,41.0,0.0,0.0,41.0,39.0,41.0,0.0,26298400.0,1055037800.0,783.0,41.0,41.0,3852900.0,40.0,1153500.0,8065789529.0,8065789529.0,0.0,0.0,0.0,,0.0,0.0,0.0
2025-09-03,41.0,0.0,0.0,41.0,39.0,40.0,-1.0,19284100.0,775391000.0,675.0,40.0,41.0,4247700.0,40.0,93400.0,8065789529.0,8065789529.0,0.0,0.0,0.0,,0.0,0.0,0.0
2025-09-04,40.0,0.0,0.0,44.0,39.0,44.0,4.0,131679300.0,5655568800.0,3236.0,44.0,0.0,0.0,44.0,34527300.0,8065789529.0,8065789529.0,0.0,0.0,0.0,,0.0,0.0,0.0
2025-09-08,44.0,0.0,0.0,48.0,44.0,48.0,4.0,29899400.0,1432275300.0,651.0,48.0,0.0,0.0,48.0,44645400.0,8065789529.0,8065789529.0,0.0,500000.0,0.0,,0.0,0.0,0.0
2025-09-09,48.0,0.0,0.0,52.0,44.0,44.0,-4.0,67451700.0,3066882300.0,1913.0,44.0,45.0,2236800.0,44.0,630400.0,8065789529.0,8065789529.0,0.0,1468500.0,2250600.0,,0.0,0.0,0.0
2025-09-10,44.0,0.0,0.0,46.0,41.0,44.0,0.0,17986000.0,771969000.0,795.0,44.0,44.0,54800.0,43.0,92600.0,8065789529.0,8065789529.0,0.0,731500.0,78800.0,,0.0,0.0,0.0
2025-09-11,44.0,0.0,0.0,45.0,42.0,43.0,-1.0,10535100.0,456243400.0,541.0,43.0,44.0,1961300.0,43.0,284700.0,8065789529.0,8065789529.0,0.0,201800.0,393900.0,,0.0,0.0,0.0
2025-09-12,43.0,0.0,0.0,47.0,43.0,47.0,4.0,49863800.0,2278970800.0,1222.0,47.0,0.0,0.0,47.0,179400.0,8065789529.0,8065789529.0,0.0,0.0,460600.0,,0.0,0.0,0.0
2025-09-15,47.0,0.0,0.0,49.0,46.0,48.0,1.0,24939100.0,1183623900.0,1185.0,48.0,48.0,2745500.0,47.0,1858000.0,8065789529.0,8065789529.0,0.0,1750600.0,910700.0,,0.0,0.0,0.0
2025-09-16,48.0,0.0,0.0,49.0,45.0,47.0,-1.0,31439700.0,1463882800.0,1016.0,47.0,47.0,1978500.0,46.0,2262300.0,8065789529.0,8065789529.0,0.0,274400.0,726900.0,,0.0,0.0,0.0
2025-09-17,47.0,0.0,0.0,49.0,46.0,49.0,2.0,25197600.0,1205028600.0,984.0,49.0,49.0,2587800.0,48.0,161700.0,8065789529.0,8065789529.0,0.0,0.0,999000.0,,0.0,0.0,0.0
2025-09-18,49.0,0.0,0.0,53.0,47.0,53.0,4.0,73982500.0,3728051100.0,2598.0,53.0,0.0,0.0,53.0,7083000.0,8065789529.0,8065789529.0,0.0,281400.0,328900.0,,0.0,0.0,0.0
2025-09-19,53.0,0.0,0.0,58.0,54.0,58.0,5.0,41760300.0,2411354300.0,773.0,58.0,0.0,0.0,58.0,25273400.0,8065789529.0,8065789529.0,0.0,0.0,0.0,,0.0,0.0,0.0
2025-09-22,58.0,0.0,0.0,63.0,58.0,63.0,5.0,6329100.0,398283300.0,236.0,63.0,0.0,0.0,63.0,33549800.0,8065789529.0,8065789529.0,0.0,0.0,0.0,,0.0,0.0,0.0
2025-09-23,63.0,0.0,0.0,69.0,69.0,69.0,6.0,7124200.0,491569800.0,182.0,69.0,0.0,0.0,69.0,44215700.0,8065789529.0,8065789529.0,0.0,0.0,0.0,,0.0,0.0,0.0
2025-09-24,69.0,0.0,0.0,75.0,63.0,75.0,6.0,130421300.0,9279015900.0,2672.0,75.0,0.0,0.0,75.0,11250500.0,8065789529.0,8065789529.0,0.0,2664300.0,5871400.0,,0.0,0.0,0.0
2025-09-25,75.0,0.0,0.0,82.0,75.0,82.0,7.0,96518000.0,7753267600.0,3085.0,82.0,0.0,0.0,82.0,4105300.0,8065789529.0,8065789529.0,0.0,8209400.0,6209400.0,,0.0,0.0,0.0
2025-09-26,82.0,0.0,0.0,89.0,74.0,75.0,-7.0,89527900.0,6953411900.0,3408.0,75.0,76.0,143300.0,75.0,291100.0,8065789529.0,8065789529.0,0.0,4778800.0,3063500.0,,0.0,0.0,0.0
2025-09-29,75.0,0.0,0.0,76.0,68.0,69.0,-6.0,42843400.0,2987530500.0,2130.0,69.0,70.0,1182900.0,69.0,757400.0,8065789529.0,8065789529.0,0.0,954800.0,511100.0,,41118600.0,4111860000.0,1.0
2025-09-30,69.0,0.0,0.0,75.0,64.0,75.0,6.0,39949000.0,2922097500.0,1996.0,75.0,0.0,0.0,75.0,229300.0,8065789529.0,8065789529.0,0.0,2591600.0,2979300.0,,0.0,0.0,0.0
2025-10-01,75.0,0.0,0.0,77.0,69.0,73.0,-2.0,18079300.0,1314894500.0,990.0,73.0,74.0,271200.0,73.0,1460900.0,8065789529.0,8065789529.0,0.0,709100.0,312800.0,,0.0,0.0,0.0
2025-10-02,73.0,0.0,0.0,75.0,68.0,70.0,-3.0,32009400.0,2262760600.0,1170.0,70.0,71.0,143200.0,70.0,615900.0,8065789529.0,8065789529.0,0.0,793800.0,2131200.0,,0.0,0.0,0.0
2025-10-03,70.0,0.0,0.0,72.0,65.0,67.0,-3.0,16206600.0,1122473600.0,692.0,67.0,68.0,746900.0,67.0,27000.0,8065789529.0,8065789529.0,0.0,1264200.0,0.0,,0.0,0.0,0.0
2025-10-06,67.0,0.0,0.0,69.0,61.0,61.0,-6.0,28139900.0,1759842100.0,1551.0,61.0,61.0,85800.0,0.0,0.0,8065789529.0,8065789529.0,0.0,828000.0,2594700.0,,0.0,0.0,0.0
2025-10-07,61.0,0.0,0.0,67.0,56.0,67.0,6.0,34571400.0,2144333000.0,1187.0,67.0,0.0,0.0,67.0,1083000.0,8065789529.0,8065789529.0,0.0,2475600.0,3203000.0,,2500000.0,157500000.0,1.0
2025-10-08,67.0,0.0,0.0,71.0,64.0,64.0,-3.0,18047400.0,1208217700.0,1382.0,64.0,65.0,10100.0,64.0,210100.0,8065789529.0,8065789529.0,0.0,2629900.0,353100.0,,0.0,0.0,0.0
2025-10-09,64.0,0.0,0.0,70.0,62.0,70.0,6.0,17732400.0,1228745100.0,1531.0,70.0,0.0,0.0,70.0,1780600.0,8065789529.0,8065789529.0,0.0,233900.0,4074800.0,,0.0,0.0,0.0
2025-10-10,70.0,0.0,0.0,75.0,66.0,68.0,-2.0,12516000.0,854365100.0,812.0,68.0,69.0,383700.0,68.0,159200.0,8065789529.0,8065789529.0,0.0,1548800.0,433800.0,,0.0,0.0,0.0
2025-10-13,68.0,0.0,0.0,69.0,65.0,67.0,-1.0,8847500.0,593311200.0,624.0,67.0,67.0,3200.0,66.0,1496400.0,8065789529.0,8065789529.0,0.0,938000.0,0.0,,0.0,0.0,0.0
2025-10-14,67.0,0.0,0.0,68.0,61.0,65.0,-2.0,12966200.0,843212400.0,603.0,65.0,65.0,181500.0,64.0,100000.0,8065789529.0,8065789529.0,0.0,471400.0,1257400.0,,0.0,0.0,0.0
2025-10-15,65.0,0.0,0.0,71.0,61.0,68.0,3.0,17993200.0,1241529600.0,1193.0,68.0,68.0,775600.0,67.0,72100.0,8065789529.0,8065789529.0,0.0,500000.0,1555400.0,,0.0,0.0,0.0
2025-10-16,68.0,0.0,0.0,70.0,62.0,62.0,-6.0,27059100.0,1718363700.0,1019.0,62.0,62.0,282200.0,0.0,0.0,8065789529.0,8065789529.0,0.0,378800.0,1159800.0,,0.0,0.0,0.0
2025-10-17,62.0,0.0,0.0,65.0,56.0,56.0,-6.0,37132900.0,2114439100.0,1081.0,56.0,56.0,4320500.0,0.0,0.0,8065789529.0,8065789529.0,0.0,939700.0,4894300.0,,0.0,0.0,0.0
2025-10-20,56.0,0.0,0.0,56.0,51.0,53.0,-3.0,24877200.0,1286099700.0,894.0,53.0,54.0,196000.0,53.0,159600.0,8065789529.0,8065789529.0,0.0,575300.0,10000.0,,0.0,0.0,0.0
2025-10-21,53.0,0.0,0.0,54.0,49.0,53.0,0.0,15805600.0,813676400.0,810.0,53.0,53.0,423500.0,52.0,157200.0,8065789529.0,8065789529.0,0.0,419600.0,2817400.0,,0.0,0.0,0.0
2025-10-22,53.0,0.0,0.0,54.0,51.0,53.0,0.0,3913800.0,207480300.0,289.0,53.0,53.0,1167400.0,52.0,883200.0,8065789529.0,8065789529.0,0.0,0.0,216300.0,,0.0,0.0,0.0
2025-10-23,53.0,0.0,0.0,54.0,52.0,53.0,0.0,2746100.0,144789800.0,290.0,53.0,53.0,3463700.0,52.0,345600.0,8065789529.0,8065789529.0,0.0,0.0,0.0,,0.0,0.0,0.0
2025-10-24,53.0,0.0,0.0,54.0,52.0,53.0,0.0,4757900.0,250053400.0,275.0,53.0,53.0,71100.0,52.0,681400.0,8065789529.0,8065789529.0,0.0,162000.0,349300.0,,0.0,0.0,0.0
2025-10-27,53.0,0.0,0.0,54.0,49.0,51.0,-2.0,9537200.0,481555200.0,391.0,51.0,52.0,238800.0,51.0,1900.0,8065789529.0,8065789529.0,0.0,0.0,646300.0,,0.0,0.0,0.0
2025-10-28,51.0,0.0,0.0,53.0,50.0,53.0,2.0,4453000.0,229930700.0,218.0,53.0,53.0,873300.0,51.0,454400.0,8065789529.0,8065789529.0,0.0,0.0,0.0,,0.0,0.0,0.0
2025-10-29,53.0,0.0,0.0,53.0,51.0,52.0,-1.0,3439400.0,176979900.0,250.0,52.0,52.0,61600.0,51.0,495800.0,8065789529.0,8065789529.0,0.0,214300.0,0.0,,0.0,0.0,0.0
2025-10-30,52.0,0.0,0.0,53.0,51.0,51.0,-1.0,2814900.0,146765400.0,204.0,51.0,52.0,889200.0,51.0,1907100.0,8065789529.0,8065789529.0,0.0,0.0,0.0,,0.0,0.0,0.0
2025-10-31,51.0,0.0,0.0,56.0,51.0,56.0,5.0,19085500.0,1062156600.0,551.0,56.0,0.0,0.0,56.0,5303400.0,8065789529.0,8065789529.0,0.0,1000000.0,1963700.0,,0.0,0.0,0.0
2025-11-04,61.0,0.0,0.0,67.0,55.0,55.0,-6.0,98378400.0,5657502300.0,3491.0,55.0,55.0,518100.0,0.0,0.0,8065789529.0,8065789529.0,0.0,11269700.0,600300.0,,0.0,0.0,0.0
2025-11-05,55.0,0.0,0.0,56.0,51.0,55.0,0.0,20565800.0,1085700500.0,1406.0,55.0,55.0,529900.0,53.0,4500.0,8065789529.0,8065789529.0,0.0,537100.0,2484900.0,,0.0,0.0,0.0
2025-11-06,55.0,0.0,0.0,55.0,52.0,53.0,-2.0,13789300.0,729753100.0,648.0,53.0,53.0,80000.0,52.0,1086100.0,8065789529.0,8065789529.0,0.0,0.0,2426700.0,,0.0,0.0,0.0
2025-11-07,53.0,0.0,0.0,54.0,51.0,52.0,-1.0,13546700.0,704442100.0,611.0,52.0,53.0,831900.0,52.0,232500.0,8065789529.0,8065789529.0,0.0,0.0,237100.0,,0.0,0.0,0.0
2025-11-10,52.0,0.0,0.0,57.0,52.0,55.0,3.0,21912700.0,1200872500.0,1427.0,55.0,55.0,163200.0,54.0,5000.0,8065789529.0,8065789529.0,0.0,2461700.0,2041700.0,,0.0,0.0,0.0
2025-11-11,55.0,0.0,0.0,59.0,53.0,53.0,-2.0,8534800.0,456568000.0,630.0,53.0,54.0,572300.0,53.0,856900.0,8065789529.0,8065789529.0,0.0,0.0,0.0,,1420000.0,71000000.0,1.0
2025-11-12,53.0,0.0,0.0,56.0,52.0,55.0,2.0,18522700.0,1009041000.0,998.0,55.0,55.0,535600.0,54.0,953200.0,8065789529.0,8065789529.0,0.0,1277100.0,1990100.0,,0.0,0.0,0.0
2025-11-13,55.0,0.0,0.0,56.0,53.0,54.0,-1.0,8515200.0,463981800.0,596.0,54.0,55.0,171600.0,54.0,57000.0,8065789529.0,8065789529.0,0.0,1848700.0,0.0,,0.0,0.0,0.0
2025-11-14,54.0,0.0,0.0,55.0,53.0,54.0,0.0,6839800.0,366613200.0,442.0,54.0,54.0,596100.0,53.0,767900.0,8065789529.0,8065789529.0,0.0,848300.0,0.0,,0.0,0.0,0.0
2025-11-17,54.0,0.0,0.0,55.0,52.0,53.0,-1.0,6478000.0,342240300.0,384.0,53.0,53.0,705800.0,52.0,2481000.0,8065789529.0,8065789529.0,0.0,0.0,0.0,,0.0,0.0,0.0
2025-11-18,53.0,0.0,0.0,58.0,52.0,55.0,2.0,35135400.0,1954179500.0,1540.0,55.0,55.0,612300.0,54.0,337200.0,8065789529.0,8065789529.0,0.0,899300.0,2433500.0,,0.0,0.0,0.0
2025-11-19,55.0,0.0,0.0,57.0,54.0,56.0,1.0,9883200.0,544118700.0,449.0,56.0,56.0,208200.0,55.0,817600.0,8065789529.0,8065789529.0,0.0,0.0,0.0,,0.0,0.0,0.0
2025-11-20,56.0,0.0,0.0,57.0,54.0,55.0,-1.0,12681400.0,705886400.0,587.0,55.0,56.0,180400.0,55.0,2229400.0,8065789529.0,8065789529.0,0.0,0.0,789000.0,,0.0,0.0,0.0
2025-11-21,55.0,0.0,0.0,60.0,55.0,60.0,5.0,42714400.0,2533424700.0,1283.0,60.0,0.0,0.0,60.0,21557400.0,8065789529.0,8065789529.0,0.0,520000.0,6540500.0,,0.0,0.0,0.0
2025-11-24,60.0,0.0,0.0,66.0,61.0,66.0,6.0,58812100.0,3869511300.0,1222.0,66.0,0.0,0.0,66.0,13227800.0,8065789529.0,8065789529.0,0.0,691000.0,0.0,,0.0,0.0,0.0
2025-11-25,66.0,0.0,0.0,72.0,64.0,64.0,-2.0,66322600.0,4485368800.0,2596.0,64.0,65.0,431100.0,64.0,276500.0,8065789529.0,8065789529.0,0.0,5557200.0,1975200.0,,0.0,0.0,0.0
2025-11-26,64.0,0.0,0.0,66.0,60.0,63.0,-1.0,14270500.0,903851200.0,874.0,63.0,64.0,1189500.0,63.0,179400.0,8065789529.0,8065789529.0,0.0,52000.0,2381200.0,,0.0,0.0,0.0
2025-11-27,63.0,0.0,0.0,68.0,61.0,64.0,1.0,26135900.0,1688652000.0,1412.0,64.0,65.0,640400.0,64.0,958600.0,8065789529.0,8065789529.0,0.0,1283900.0,1894800.0,,0.0,0.0,0.0
2025-11-28,64.0,0.0,0.0,67.0,63.0,67.0,3.0,15575300.0,999411400.0,599.0,67.0,67.0,1353100.0,66.0,7800.0,8065789529.0,8065789529.0,0.0,142900.0,0.0,,0.0,0.0,0.0
2025-12-01,67.0,0.0,0.0,68.0,65.0,67.0,0.0,17066800.0,1129502500.0,619.0,67.0,67.0,2294500.0,66.0,10100.0,8065789529.0,8065789529.0,0.0,149100.0,647400.0,,0.0,0.0,0.0
2025-12-02,67.0,0.0,0.0,70.0,65.0,69.0,2.0,30339900.0,2076944900.0,1340.0,69.0,69.0,141100.0,68.0,1644500.0,8065789529.0,8065789529.0,0.0,723500.0,4709300.0,,0.0,0.0,0.0
2025-12-03,69.0,0.0,0.0,71.0,67.0,69.0,0.0,21606100.0,1486789700.0,710.0,69.0,69.0,1071600.0,68.0,14900.0,8065789529.0,8065789529.0,0.0,696100.0,316300.0,,0.0,0.0,0.0
2025-12-04,69.0,0.0,0.0,70.0,67.0,70.0,1.0,24905600.0,1706258600.0,597.0,70.0,70.0,4196500.0,69.0,639700.0,8065789529.0,8065789529.0,0.0,2816700.0,2247800.0,,0.0,0.0,0.0
2025-12-05,70.0,0.0,0.0,76.0,69.0,73.0,3.0,88976800.0,6423143800.0,2256.0,73.0,73.0,418200.0,72.0,420800.0,8065789529.0,8065789529.0,0.0,2329900.0,1717000.0,,0.0,0.0,0.0
2025-12-08,73.0,0.0,0.0,77.0,73.0,74.0,1.0,31272100.0,2361469700.0,1466.0,74.0,75.0,5300.0,74.0,495500.0,8065789529.0,8065789529.0,0.0,221300.0,0.0,,0.0,0.0,0.0
2025-12-09,74.0,0.0,0.0,77.0,72.0,74.0,0.0,24513700.0,1818688000.0,738.0,74.0,75.0,2206000.0,74.0,1192700.0,8065789529.0,8065789529.0,0.0,1655300.0,0.0,,0.0,0.0,0.0
2025-12-10,74.0,0.0,0.0,77.0,73.0,74.0,0.0,25893700.0,1921189200.0,597.0,74.0,75.0,1636200.0,74.0,709700.0,8065789529.0,8065789529.0,0.0,145300.0,1391700.0,,0.0,0.0,0.0
2025-12-11,74.0,0.0,0.0,78.0,74.0,76.0,2.0,49027300.0,3753824700.0,1167.0,76.0,76.0,689200.0,75.0,1424400.0,8065789529.0,8065789529.0,0.0,0.0,1208400.0,,0.0,0.0,0.0
2025-12-12,76.0,0.0,0.0,80.0,76.0,78.0,2.0,27606500.0,2160444000.0,734.0,78.0,79.0,3325200.0,78.0,351500.0,8065789529.0,8065789529.0,0.0,250000.0,0.0,,0.0,0.0,0.0
2025-12-15,78.0,0.0,0.0,79.0,74.0,77.0,-1.0,25346700.0,1923662700.0,675.0,77.0,77.0,80600.0,76.0,23800.0,8065789529.0,8065789529.0,0.0,592000.0,0.0,,0.0,0.0,0.0
2025-12-16,77.0,0.0,0.0,78.0,75.0,78.0,1.0,16070500.0,1229885800.0,365.0,78.0,78.0,129000.0,77.0,324300.0,8065789529.0,8065789529.0,0.0,14000.0,0.0,,0.0,0.0,0.0
2025-12-17,78.0,0.0,0.0,79.0,75.0,76.0,-2.0,19215300.0,1475977300.0,369.0,76.0,77.0,1842400.0,76.0,387900.0,8065789529.0,8065789529.0,0.0,0.0,0.0,,0.0,0.0,0.0
2025-12-18,76.0,0.0,0.0,78.0,74.0,75.0,-1.0,12058300.0,914600300.0,351.0,75.0,77.0,726900.0,75.0,545000.0,8065789529.0,8065789529.0,0.0,656800.0,0.0,,0.0,0.0,0.0
2025-12-19,75.0,0.0,0.0,76.0,68.0,73.0,-2.0,20438600.0,1482178100.0,485.0,73.0,75.0,1069800.0,73.0,945200.0,8065789529.0,8065789529.0,0.0,1479500.0,317000.0,,0.0,0.0,0.0
2025-12-22,73.0,0.0,0.0,73.0,69.0,69.0,-4.0,17139600.0,1219390500.0,592.0,69.0,70.0,393300.0,69.0,2255200.0,8065789529.0,8065789529.0,0.0,0.0,0.0,,0.0,0.0,0.0
2025-12-23,69.0,0.0,0.0,73.0,69.0,69.0,0.0,6996500.0,491856600.0,420.0,69.0,70.0,44900.0,69.0,327200.0,8065789529.0,8065789529.0,0.0,0.0,0.0,,0.0,0.0,0.0
2025-12-24,69.0,0.0,0.0,74.0,68.0,69.0,0.0,21088700.0,1492079300.0,539.0,69.0,70.0,30100.0,69.0,460500.0,8065789529.0,8065789529.0,0.0,180200.0,0.0,,0.0,0.0,0.0
2025-12-29,69.0,0.0,0.0,74.0,69.0,74.0,5.0,16516300.0,1181995100.0,722.0,74.0,74.0,2391800.0,73.0,9100.0,8065789529.0,8065789529.0,0.0,1102900.0,2079000.0,,0.0,0.0,0.0
2025-12-30,74.0,0.0,0.0,75.0,71.0,71.0,-3.0,10985400.0,787390200.0,542.0,71.0,72.0,100000.0,71.0,1153700.0,8065789529.0,8065789529.0,0.0,363000.0,0.0,,0.0,0.0,0.0
2026-01-02,71.0,0.0,0.0,78.0,70.0,78.0,7.0,47251200.0,3633472400.0,1444.0,78.0,0.0,0.0,78.0,1044600.0,8065789529.0,8065789529.0,0.0,351000.0,363000.0,,0.0,0.0,0.0
2026-01-05,78.0,0.0,0.0,85.0,78.0,85.0,7.0,123566900.0,10393500000.0,3239.0,85.0,0.0,0.0,85.0,3370600.0,8065789529.0,8065789529.0,0.0,5002000.0,680300.0,,0.0,0.0,0.0
2026-01-06,85.0,0.0,0.0,93.0,86.0,92.0,7.0,81487200.0,7333721200.0,2654.0,92.0,92.0,366700.0,91.0,36242200.0,8065789529.0,8065789529.0,0.0,10278300.0,1298500.0,,0.0,0.0,0.0
2026-01-07,92.0,0.0,0.0,100.0,87.0,95.0,3.0,103897200.0,9831535500.0,4217.0,95.0,95.0,2562300.0,94.0,740700.0,8065789529.0,8065789529.0,0.0,7227100.0,5640100.0,,0.0,0.0,0.0
2026-01-08,95.0,0.0,0.0,98.0,91.0,94.0,-1.0,41261400.0,3876643900.0,1705.0,94.0,95.0,2536000.0,94.0,2953000.0,8065789529.0,8065789529.0,0.0,481900.0,2218300.0,,0.0,0.0,0.0
2026-01-09,94.0,0.0,0.0,103.0,91.0,103.0,9.0,65532100.0,6425080400.0,2239.0,103.0,0.0,0.0,103.0,1582900.0,8065789529.0,8065789529.0,0.0,722600.0,6800900.0,,176998200.0,9734901000.0,2.0
2026-01-12,103.0,0.0,0.0,113.0,103.0,112.0,9.0,86443800.0,9680122700.0,2850.0,112.0,113.0,486200.0,112.0,1109300.0,8065789529.0,8065789529.0,0.0,587600.0,5523300.0,,0.0,0.0,0.0
2026-01-13,112.0,0.0,0.0,116.0,101.0,111.0,-1.0,104560300.0,11144537400.0,3418.0,111.0,111.0,100.0,110.0,115400.0,8065789529.0,8065789529.0,0.0,4912800.0,14839100.0,,0.0,0.0,0.0
2026-01-14,111.0,0.0,0.0,122.0,108.0,112.0,1.0,202502700.0,23580485900.0,8112.0,112.0,113.0,240700.0,112.0,1066200.0,8065789529.0,8065789529.0,0.0,22150700.0,8590100.0,,57000000.0,5130000000.0,1.0
2026-01-15,112.0,0.0,0.0,119.0,112.0,117.0,5.0,100601500.0,11605151700.0,3491.0,117.0,118.0,2296600.0,117.0,346200.0,8065789529.0,8065789529.0,0.0,9407400.0,17391600.0,,0.0,0.0,0.0
2026-01-19,117.0,0.0,0.0,128.0,114.0,126.0,9.0,131074800.0,16111536300.0,5272.0,126.0,127.0,906200.0,126.0,357700.0,8065789529.0,8065789529.0,0.0,4321300.0,32542800.0,,0.0,0.0,0.0
2026-01-20,126.0,0.0,0.0,138.0,125.0,138.0,12.0,57755900.0,7858180400.0,3253.0,138.0,0.0,0.0,138.0,6371400.0,8065789529.0,8065789529.0,0.0,3638300.0,8636800.0,,196200000.0,18421500000.0,4.0
2026-01-21,138.0,0.0,0.0,0.0,0.0,138.0,0.0,0.0,0.0,0.0,138.0,0.0,0.0,0.0,0.0,8065789529.0,8065789529.0,0.0,0.0,0.0,,2000000.0,250000000.0,1.0
2026-01-22,138.0,0.0,0.0,151.0,133.0,151.0,13.0,103980800.0,15583905100.0,4130.0,151.0,0.0,0.0,151.0,1427300.0,8065789529.0,8065789529.0,0.0,8862100.0,11655700.0,,0.0,0.0,0.0
2026-01-23,151.0,0.0,0.0,0.0,0.0,151.0,0.0,0.0,0.0,0.0,151.0,0.0,0.0,0.0,0.0,8065789529.0,8065789529.0,0.0,0.0,0.0,,0.0,0.0,0.0
2026-01-26,151.0,0.0,0.0,0.0,0.0,151.0,0.0,0.0,0.0,0.0,151.0,0.0,0.0,0.0,0.0,8065789529.0,8065789529.0,0.0,0.0,0.0,,0.0,0.0,0.0
2026-01-27,151.0,0.0,0.0,0.0,0.0,151.0,0.0,0.0,0.0,0.0,151.0,0.0,0.0,0.0,0.0,8065789529.0,8065789529.0,0.0,0.0,0.0,,0.0,0.0,0.0
2026-01-28,151.0,0.0,0.0,0.0,0.0,151.0,0.0,0.0,0.0,0.0,151.0,0.0,0.0,0.0,0.0,8065789529.0,8065789529.0,0.0,0.0,0.0,,0.0,0.0,0.0
2026-01-29,151.0,0.0,0.0,0.0,0.0,151.0,0.0,0.0,0.0,0.0,151.0,0.0,0.0,0.0,0.0,8065789529.0,8065789529.0,0.0,0.0,0.0,,2000000.0,252000000.0,1.0
2026-01-30,151.0,0.0,0.0,0.0,0.0,151.0,0.0,0.0,0.0,0.0,151.0,0.0,0.0,0.0,0.0,8065789529.0,8065789529.0,0.0,0.0,0.0,,0.0,0.0,0.0
2026-02-02,151.0,0.0,0.0,0.0,0.0,151.0,0.0,0.0,0.0,0.0,151.0,0.0,0.0,0.0,0.0,8065789529.0,8065789529.0,0.0,0.0,0.0,,0.0,0.0,0.0
2026-02-03,151.0,0.0,0.0,0.0,0.0,151.0,0.0,0.0,0.0,0.0,151.0,0.0,0.0,0.0,0.0,8065789529.0,8065789529.0,0.0,0.0,0.0,,0.0,0.0,0.0
2026-02-04,151.0,0.0,0.0,0.0,0.0,151.0,0.0,0.0,0.0,0.0,151.0,0.0,0.0,0.0,0.0,8065789529.0,8065789529.0,0.0,0.0,0.0,,0.0,0.0,0.0
2026-02-05,151.0,0.0,0.0,0.0,0.0,151.0,0.0,0.0,0.0,0.0,151.0,0.0,0.0,0.0,0.0,8065789529.0,8065789529.0,0.0,0.0,0.0,,0.0,0.0,0.0
2026-02-06,151.0,0.0,0.0,0.0,0.0,151.0,0.0,0.0,0.0,0.0,151.0,0.0,0.0,0.0,0.0,8065789529.0,8065789529.0,0.0,0.0,0.0,,0.0,0.0,0.0
2026-02-09,151.0,0.0,0.0,0.0,0.0,151.0,0.0,0.0,0.0,0.0,151.0,0.0,0.0,0.0,0.0,8065789529.0,8065789529.0,0.0,0.0,0.0,,0.0,0.0,0.0
2026-02-10,151.0,0.0,0.0,0.0,0.0,151.0,0.0,0.0,0.0,0.0,151.0,0.0,0.0,0.0,0.0,8065789529.0,8065789529.0,0.0,0.0,0.0,,0.0,0.0,0.0
2026-02-11,151.0,0.0,0.0,136.0,136.0,136.0,-15.0,5409300.0,735664800.0,295.0,136.0,136.0,113949300.0,0.0,0.0,8065789529.0,8065789529.0,0.0,0.0,1100.0,,300000.0,40800000.0,2.0
2026-02-12,136.0,0.0,0.0,123.0,123.0,123.0,-13.0,2387000.0,293601000.0,183.0,123.0,123.0,90852800.0,0.0,0.0,8065789529.0,8065789529.0,0.0,0.0,0.0,,0.0,0.0,0.0
2026-02-13,123.0,0.0,0.0,123.0,113.0,114.0,-9.0,130198200.0,15017958700.0,1892.0,114.0,119.0,20000.0,114.0,28821400.0,8065789529.0,8065789529.0,0.0,3875000.0,0.0,,0.0,0.0,0.0
2026-02-18,114.0,0.0,0.0,125.0,118.0,125.0,11.0,65675800.0,8004965600.0,1355.0,125.0,125.0,13031200.0,124.0,1400.0,8065789529.0,8065789529.0,0.0,0.0,10000.0,,0.0,0.0,0.0
2026-02-19,125.0,0.0,0.0,127.0,116.0,116.0,-9.0,54753600.0,6646461800.0,1064.0,116.0,117.0,10137700.0,116.0,4462800.0,8065789529.0,8065789529.0,0.0,0.0,0.0,,11774200.0,1471775000.0,1.0
2026-02-20,116.0,0.0,0.0,127.0,116.0,127.0,11.0,27316800.0,3405373100.0,647.0,127.0,0.0,0.0,127.0,39282800.0,8065789529.0,8065789529.0,0.0,0.0,0.0,,0.0,0.0,0.0
2026-02-23,127.0,0.0,0.0,139.0,129.0,139.0,12.0,39237100.0,5231399800.0,929.0,139.0,0.0,0.0,139.0,2500000.0,8065789529.0,8065789529.0,0.0,0.0,0.0,,0.0,0.0,0.0
2026-02-24,139.0,0.0,0.0,152.0,126.0,152.0,13.0,151378300.0,22020883100.0,6181.0,152.0,0.0,0.0,152.0,1152500.0,8065789529.0,8065789529.0,0.0,27675500.0,13171300.0,,0.0,0.0,0.0
2026-02-25,152.0,0.0,0.0,167.0,143.0,167.0,15.0,109023200.0,17578753600.0,5933.0,167.0,0.0,0.0,167.0,4262800.0,8065789529.0,8065789529.0,0.0,13129200.0,11927900.0,,0.0,0.0,0.0
2026-02-26,167.0,0.0,0.0,183.0,159.0,183.0,16.0,76927100.0,13879874900.0,4931.0,183.0,0.0,0.0,183.0,2394300.0,8065789529.0,8065789529.0,0.0,4051600.0,8986800.0,,0.0,0.0,0.0
2026-02-27,183.0,0.0,0.0,200.0,165.0,172.0,-11.0,104026600.0,18207822700.0,5223.0,172.0,172.0,211000.0,171.0,107600.0,8065789529.0,8065789529.0,0.0,16584600.0,14654000.0,,0.0,0.0,0.0
2026-03-02,172.0,0.0,0.0,180.0,155.0,168.0,-4.0,65871000.0,10863609200.0,3001.0,168.0,168.0,384800.0,167.0,311100.0,8065789529.0,8065789529.0,0.0,3975200.0,10651300.0,,0.0,0.0,0.0
2026-03-03,168.0,0.0,0.0,179.0,157.0,169.0,1.0,37002800.0,6327970400.0,1748.0,169.0,169.0,334500.0,168.0,7000.0,8065789529.0,8065789529.0,0.0,6084000.0,2973800.0,,0.0,0.0,0.0
2026-03-04,169.0,0.0,0.0,167.0,153.0,153.0,-16.0,57661200.0,8984029100.0,1823.0,153.0,153.0,814200.0,0.0,0.0,8065789529.0,8065789529.0,0.0,8257800.0,7082700.0,,0.0,0.0,0.0
2026-03-05,153.0,0.0,0.0,159.0,143.0,153.0,0.0,32864700.0,4937118100.0,1490.0,153.0,153.0,29900.0,152.0,7800.0,8065789529.0,8065789529.0,0.0,6442100.0,4000000.0,,0.0,0.0,0.0
2026-03-06,153.0,0.0,0.0,155.0,138.0,138.0,-15.0,38910600.0,5468087000.0,1115.0,138.0,139.0,3137800.0,138.0,215800.0,8065789529.0,8065789529.0,0.0,3640400.0,1022100.0,,0.0,0.0,0.0
2026-03-09,138.0,0.0,0.0,138.0,125.0,125.0,-13.0,41437200.0,5205410600.0,998.0,125.0,125.0,271700.0,0.0,0.0,8065789529.0,8065789529.0,0.0,3174000.0,4448000.0,,0.0,0.0,0.0
2026-03-10,125.0,0.0,0.0,137.0,117.0,137.0,12.0,26519000.0,3328689400.0,1160.0,137.0,0.0,0.0,137.0,10449700.0,8065789529.0,8065789529.0,0.0,7252700.0,3493500.0,,0.0,0.0,0.0
2026-03-11,137.0,0.0,0.0,150.0,136.0,138.0,1.0,37761500.0,5485727500.0,1435.0,138.0,140.0,158600.0,138.0,79600.0,8065789529.0,8065789529.0,0.0,9045900.0,2077300.0,,0.0,0.0,0.0
2026-03-12,138.0,0.0,0.0,147.0,134.0,139.0,1.0,18194200.0,2561136600.0,870.0,139.0,140.0,66300.0,139.0,49300.0,8065789529.0,8065789529.0,0.0,1818300.0,230500.0,,0.0,0.0,0.0
2026-03-13,139.0,0.0,0.0,139.0,126.0,127.0,-12.0,20527200.0,2641047800.0,780.0,127.0,127.0,415000.0,126.0,381300.0,8065789529.0,8065789529.0,0.0,2813800.0,2397500.0,,0.0,0.0,0.0
2026-03-16,127.0,0.0,0.0,127.0,115.0,115.0,-12.0,22913000.0,2663625100.0,828.0,115.0,115.0,2021900.0,0.0,0.0,8065789529.0,8065789529.0,0.0,1541700.0,3271800.0,,0.0,0.0,0.0
2026-03-17,115.0,0.0,0.0,126.0,114.0,125.0,10.0,18558700.0,2276308300.0,758.0,125.0,125.0,144400.0,124.0,589200.0,8065789529.0,8065789529.0,0.0,1593600.0,2563300.0,,0.0,0.0,0.0
2026-03-25,125.0,0.0,0.0,128.0,120.0,124.0,-1.0,16994200.0,2114940600.0,633.0,124.0,125.0,47800.0,124.0,974300.0,8065789529.0,8065789529.0,0.0,1563700.0,3716800.0,,0.0,0.0,0.0
2026-03-26,124.0,0.0,0.0,127.0,121.0,124.0,0.0,18036800.0,2248706200.0,406.0,124.0,125.0,2500.0,124.0,479500.0,8065789529.0,8065789529.0,0.0,4483600.0,3390700.0,,0.0,0.0,0.0
2026-03-27,124.0,0.0,0.0,126.0,118.0,118.0,-6.0,14581900.0,1779705800.0,413.0,118.0,118.0,47800.0,117.0,569000.0,8065789529.0,8065789529.0,0.0,2080700.0,546900.0,,0.0,0.0,0.0
2026-03-30,118.0,0.0,0.0,118.0,108.0,113.0,-5.0,12425500.0,1391190800.0,538.0,113.0,113.0,327300.0,112.0,228400.0,8065789529.0,8065789529.0,0.0,2989900.0,1478800.0,,0.0,0.0,0.0
2026-03-31,113.0,0.0,0.0,115.0,110.0,111.0,-2.0,8475300.0,954013000.0,320.0,111.0,111.0,1054700.0,110.0,602900.0,8065789529.0,8065789529.0,0.0,2415200.0,273900.0,,0.0,0.0,0.0
2026-04-01,111.0,0.0,0.0,116.0,110.0,113.0,2.0,6223300.0,708080400.0,320.0,113.0,113.0,318400.0,112.0,822900.0,8065789529.0,8065789529.0,0.0,269800.0,2314400.0,,0.0,0.0,0.0
2026-04-02,113.0,0.0,0.0,113.0,106.0,109.0,-4.0,8059500.0,880553200.0,395.0,109.0,109.0,55900.0,108.0,138100.0,8065789529.0,8065789529.0,0.0,2649800.0,642200.0,,330000.0,36300000.0,1.0
2026-04-06,109.0,0.0,0.0,111.0,105.0,108.0,-1.0,8044500.0,862610100.0,340.0,108.0,108.0,65000.0,107.0,261400.0,8065789529.0,8065789529.0,0.0,1338000.0,815600.0,,0.0,0.0,0.0
2026-04-07,108.0,0.0,0.0,108.0,102.0,104.0,-4.0,6999700.0,733369900.0,369.0,104.0,107.0,100100.0,104.0,35700.0,8065789529.0,8065789529.0,0.0,1407700.0,1157900.0,,0.0,0.0,0.0
2026-04-08,104.0,0.0,0.0,111.0,104.0,110.0,6.0,9661800.0,1045870800.0,381.0,110.0,111.0,98800.0,110.0,5800.0,8065789529.0,8065789529.0,0.0,229500.0,3005200.0,,0.0,0.0,0.0
2026-04-09,110.0,0.0,0.0,114.0,109.0,111.0,1.0,5851400.0,648176900.0,388.0,111.0,111.0,278100.0,110.0,913500.0,8065789529.0,8065789529.0,0.0,705500.0,817800.0,,0.0,0.0,0.0
2026-04-10,111.0,0.0,0.0,122.0,112.0,122.0,11.0,10206400.0,1230330000.0,721.0,122.0,0.0,0.0,122.0,200500.0,8065789529.0,8065789529.0,0.0,188500.0,1477400.0,,1800000.0,198000000.0,1.0
2026-04-13,122.0,0.0,0.0,129.0,115.0,119.0,-3.0,14583200.0,1768842800.0,1341.0,119.0,120.0,5700.0,119.0,53100.0,8065789529.0,8065789529.0,0.0,4730300.0,1546500.0,,0.0,0.0,0.0
2026-04-14,119.0,0.0,0.0,122.0,118.0,118.0,-1.0,10784400.0,1285413800.0,734.0,118.0,118.0,207900.0,117.0,447400.0,8065789529.0,8065789529.0,0.0,2163600.0,118900.0,,43150000.0,4315000000.0,1.0
2026-04-15,118.0,0.0,0.0,121.0,112.0,119.0,1.0,10822200.0,1281451300.0,737.0,119.0,119.0,66700.0,118.0,104100.0,8065789529.0,8065789529.0,0.0,1005400.0,2057200.0,,0.0,0.0,0.0
2026-04-16,119.0,0.0,0.0,122.0,116.0,117.0,-2.0,11311100.0,1342383300.0,720.0,117.0,117.0,47900.0,116.0,292500.0,8065789529.0,8065789529.0,0.0,3490500.0,280800.0,,0.0,0.0,0.0
2026-04-17,117.0,0.0,0.0,128.0,114.0,116.0,-1.0,20537000.0,2438604000.0,962.0,116.0,117.0,400000.0,116.0,28300.0,8065789529.0,8065789529.0,0.0,3994700.0,1514200.0,,0.0,0.0,0.0
2026-04-20,116.0,0.0,0.0,119.0,115.0,119.0,3.0,11295700.0,1316299100.0,537.0,119.0,119.0,150500.0,118.0,4600.0,8065789529.0,8065789529.0,0.0,324800.0,1424000.0,,0.0,0.0,0.0
2026-04-21,119.0,0.0,0.0,124.0,116.0,118.0,-1.0,13632900.0,1630579000.0,663.0,118.0,118.0,1127300.0,117.0,206800.0,8065789529.0,8065789529.0,0.0,386100.0,834500.0,,0.0,0.0,0.0
2026-04-22,118.0,0.0,0.0,121.0,117.0,118.0,0.0,5067000.0,601143700.0,389.0,118.0,119.0,722600.0,118.0,20200.0,8065789529.0,8065789529.0,0.0,128000.0,534800.0,,0.0,0.0,0.0
2026-04-23,118.0,0.0,0.0,121.0,110.0,114.0,-4.0,14445200.0,1671970200.0,680.0,114.0,115.0,1142300.0,114.0,923500.0,8065789529.0,8065789529.0,0.0,2880500.0,1040600.0,,0.0,0.0,0.0
2026-04-24,114.0,0.0,0.0,115.0,108.0,110.0,-4.0,9012000.0,998628100.0,477.0,110.0,110.0,76800.0,109.0,651700.0,8065789529.0,8065789529.0,0.0,1632600.0,489900.0,,0.0,0.0,0.0
2026-04-27,110.0,0.0,0.0,112.0,106.0,107.0,-3.0,6496900.0,696782100.0,472.0,107.0,109.0,175800.0,107.0,4200.0,8065789529.0,8065789529.0,0.0,1300200.0,40900.0,,0.0,0.0,0.0
2026-04-28,107.0,0.0,0.0,109.0,105.0,106.0,-1.0,4680400.0,497761000.0,318.0,106.0,107.0,133600.0,106.0,19900.0,8065789529.0,8065789529.0,0.0,1071500.0,0.0,,0.0,0.0,0.0
2026-04-29,106.0,0.0,0.0,108.0,101.0,104.0,-2.0,8122200.0,844701100.0,589.0,104.0,104.0,297900.0,103.0,103200.0,8065789529.0,8065789529.0,0.0,1187900.0,319600.0,,0.0,0.0,0.0
2026-04-30,104.0,0.0,0.0,105.0,94.0,101.0,-3.0,17518600.0,1708540100.0,1015.0,101.0,101.0,183900.0,100.0,541200.0,8065789529.0,8065789529.0,0.0,1308200.0,852200.0,,0.0,0.0,0.0
2026-05-04,101.0,0.0,0.0,111.0,100.0,111.0,10.0,17388200.0,1866366800.0,915.0,111.0,0.0,0.0,111.0,3053800.0,8065789529.0,8065789529.0,0.0,2231000.0,1131700.0,,0.0,0.0,0.0
2026-05-05,111.0,0.0,0.0,122.0,112.0,122.0,11.0,40203100.0,4831871300.0,2473.0,122.0,0.0,0.0,122.0,1895500.0,8065789529.0,8065789529.0,0.0,1391000.0,562500.0,,0.0,0.0,0.0
2026-05-06,122.0,0.0,0.0,128.0,117.0,123.0,1.0,27472700.0,3347168600.0,1806.0,123.0,123.0,991500.0,121.0,106100.0,8065789529.0,8065789529.0,0.0,803300.0,841400.0,,0.0,0.0,0.0
2026-05-07,123.0,0.0,0.0,124.0,113.0,118.0,-5.0,17159300.0,2010852100.0,916.0,118.0,118.0,18500.0,117.0,755000.0,8065789529.0,8065789529.0,0.0,447100.0,6716800.0,,0.0,0.0,0.0
2026-05-08,118.0,0.0,0.0,118.0,110.0,111.0,-7.0,11265600.0,1275931600.0,616.0,111.0,112.0,20000.0,111.0,400700.0,8065789529.0,8065789529.0,0.0,521600.0,2085700.0,,0.0,0.0,0.0
