date,previous,open_price,first_trade,high,low,close,change,volume,value,frequency,index_individual,offer,offer_volume,bid,bid_volume,listed_shares,tradeble_shares,weight_for_index,foreign_sell,foreign_buy,delisting_date,non_regular_volume,non_regular_value,non_regular_frequency
2019-07-29,2300.0,0.0,0.0,2330.0,2280.0,2280.0,-20.0,456900.0,1055727000.0,70.0,213.7,2300.0,500.0,2260.0,22000.0,656249710.0,656249710.0,656249710.0,16500.0,0.0,,0.0,0.0,0.0
2019-07-30,2280.0,0.0,0.0,2290.0,2270.0,2290.0,10.0,339100.0,773913000.0,83.0,214.7,2300.0,100.0,2280.0,300.0,656249710.0,656249710.0,656249710.0,7600.0,0.0,,75.0,258300.0,1.0
2019-07-31,2290.0,0.0,0.0,2290.0,2200.0,2250.0,-40.0,648300.0,1456439000.0,91.0,210.9,2290.0,500.0,2250.0,62100.0,656249710.0,656249710.0,656249710.0,151500.0,0.0,,0.0,0.0,0.0
2019-08-01,2250.0,0.0,0.0,2300.0,2200.0,2300.0,50.0,306600.0,690961000.0,73.0,215.6,2330.0,5100.0,2290.0,400.0,656249710.0,656249710.0,656249710.0,4200.0,0.0,,0.0,0.0,0.0
2019-08-02,2300.0,0.0,0.0,2290.0,2190.0,2290.0,-10.0,279600.0,627818000.0,83.0,214.7,2290.0,3200.0,2260.0,300.0,656249710.0,656249710.0,656249710.0,10300.0,0.0,,0.0,0.0,0.0
2019-08-05,2290.0,0.0,0.0,2430.0,2230.0,2250.0,-40.0,747500.0,1734608000.0,77.0,210.9,2290.0,2500.0,2250.0,900.0,656249710.0,656249710.0,656249710.0,84400.0,0.0,,0.0,0.0,0.0
2019-08-06,2250.0,0.0,0.0,2250.0,2230.0,2230.0,-20.0,310300.0,694182000.0,43.0,209.1,2250.0,900.0,2230.0,1100.0,656249710.0,656249710.0,656249710.0,200300.0,0.0,,0.0,0.0,0.0
2019-08-07,2230.0,0.0,0.0,2240.0,2190.0,2240.0,10.0,238400.0,531978000.0,41.0,210.0,2240.0,300.0,2190.0,187800.0,656249710.0,656249710.0,656249710.0,11400.0,0.0,,0.0,0.0,0.0
2019-08-08,2240.0,0.0,0.0,2250.0,2240.0,2240.0,0.0,170700.0,383917000.0,41.0,210.0,2250.0,2900.0,2240.0,48700.0,656249710.0,656249710.0,656249710.0,2200.0,0.0,,0.0,0.0,0.0
2019-08-09,2240.0,0.0,0.0,2250.0,2180.0,2240.0,0.0,640600.0,1413528000.0,105.0,210.0,2280.0,3000.0,2240.0,41300.0,656249710.0,656249710.0,656249710.0,19500.0,1500.0,,0.0,0.0,0.0
2019-08-12,2240.0,0.0,0.0,2230.0,2190.0,2230.0,-10.0,256700.0,567459000.0,36.0,209.1,2230.0,2400.0,2200.0,600.0,656249710.0,656249710.0,656249710.0,4800.0,0.0,,0.0,0.0,0.0
2019-08-13,2230.0,0.0,0.0,2220.0,2210.0,2210.0,-20.0,142100.0,314679000.0,36.0,207.2,2230.0,700.0,2210.0,32800.0,656249710.0,656249710.0,656249710.0,2200.0,0.0,,0.0,0.0,0.0
2019-08-14,2210.0,0.0,0.0,2240.0,2180.0,2240.0,30.0,305900.0,681049000.0,73.0,210.0,2250.0,13200.0,2240.0,500.0,656249710.0,656249710.0,656249710.0,20500.0,0.0,,0.0,0.0,0.0
2019-08-15,2240.0,0.0,0.0,2240.0,2200.0,2220.0,-20.0,325400.0,718597000.0,80.0,208.1,2220.0,400.0,2190.0,132400.0,656249710.0,656249710.0,656249710.0,9200.0,0.0,,0.0,0.0,0.0
2019-08-16,2220.0,0.0,0.0,2220.0,2190.0,2220.0,0.0,349900.0,773975000.0,71.0,208.1,2250.0,14900.0,2210.0,24900.0,656249710.0,656249710.0,656249710.0,7700.0,0.0,,0.0,0.0,0.0
2019-08-19,2220.0,0.0,0.0,2240.0,2190.0,2220.0,0.0,732600.0,1629522000.0,114.0,208.1,2240.0,1400.0,2220.0,7800.0,656249710.0,656249710.0,656249710.0,11500.0,0.0,,0.0,0.0,0.0
2019-08-20,2220.0,0.0,0.0,2340.0,2210.0,2290.0,70.0,1516900.0,3418649000.0,605.0,214.7,2290.0,54200.0,2280.0,16300.0,656249710.0,656249710.0,656249710.0,9200.0,0.0,,0.0,0.0,0.0
2019-08-21,2290.0,0.0,0.0,2290.0,2250.0,2260.0,-30.0,656500.0,1486900000.0,251.0,211.9,2270.0,75200.0,2260.0,83300.0,656249710.0,656249710.0,656249710.0,10700.0,0.0,,0.0,0.0,0.0
2019-08-22,2260.0,0.0,0.0,2280.0,2220.0,2250.0,-10.0,1160600.0,2606954000.0,444.0,210.9,2260.0,131000.0,2250.0,27900.0,656249710.0,656249710.0,656249710.0,26700.0,0.0,,0.0,0.0,0.0
2019-08-23,2250.0,0.0,0.0,2280.0,2250.0,2260.0,10.0,683800.0,1547467000.0,280.0,211.9,2260.0,3700.0,2250.0,25200.0,656249710.0,656249710.0,656249710.0,12300.0,0.0,,0.0,0.0,0.0
2019-08-26,2260.0,0.0,0.0,2270.0,2220.0,2240.0,-20.0,985400.0,2213098000.0,410.0,210.0,2250.0,19000.0,2240.0,1100.0,656249710.0,656249710.0,656249710.0,30600.0,0.0,,0.0,0.0,0.0
2019-08-27,2240.0,0.0,0.0,2300.0,2230.0,2290.0,50.0,1233000.0,2800185000.0,610.0,214.7,2290.0,29700.0,2280.0,19500.0,656249710.0,656249710.0,656249710.0,3000.0,0.0,,0.0,0.0,0.0
2019-08-28,2290.0,0.0,0.0,2310.0,2260.0,2280.0,-10.0,610700.0,1394105000.0,306.0,213.7,2290.0,41100.0,2280.0,39300.0,656249710.0,656249710.0,656249710.0,0.0,0.0,,0.0,0.0,0.0
2019-08-29,2280.0,0.0,0.0,2320.0,2280.0,2280.0,0.0,1876400.0,4308198000.0,853.0,213.7,2290.0,29100.0,2280.0,6300.0,656249710.0,656249710.0,656249710.0,0.0,0.0,,0.0,0.0,0.0
2019-08-30,2280.0,0.0,0.0,2320.0,2280.0,2280.0,0.0,1095500.0,2519845000.0,393.0,213.7,2290.0,41100.0,2280.0,1700.0,656249710.0,656249710.0,656249710.0,42600.0,0.0,,0.0,0.0,0.0
2019-09-02,2280.0,0.0,0.0,2320.0,2240.0,2270.0,-10.0,3381400.0,7719874000.0,1442.0,212.8,2280.0,14900.0,2270.0,22000.0,656249710.0,656249710.0,656249710.0,230000.0,0.0,,0.0,0.0,0.0
2019-09-03,2270.0,0.0,0.0,2360.0,2240.0,2270.0,0.0,5712900.0,13126320000.0,1858.0,212.8,2270.0,8000.0,2260.0,64700.0,656249710.0,656249710.0,656249710.0,658500.0,6100.0,,0.0,0.0,0.0
2019-09-04,2270.0,0.0,0.0,2340.0,2260.0,2340.0,70.0,1141800.0,2632423000.0,506.0,219.4,2340.0,112100.0,2320.0,37000.0,656249710.0,656249710.0,656249710.0,500.0,33700.0,,0.0,0.0,0.0
2019-09-05,2340.0,0.0,0.0,2440.0,2220.0,2370.0,30.0,4674400.0,10860710000.0,1513.0,222.2,2380.0,129400.0,2370.0,6100.0,656249710.0,656249710.0,656249710.0,600000.0,31600.0,,22800.0,54036000.0,1.0
2019-09-06,2370.0,0.0,0.0,2390.0,2360.0,2370.0,0.0,992100.0,2352599000.0,452.0,222.2,2380.0,77800.0,2370.0,49000.0,656249710.0,656249710.0,656249710.0,0.0,0.0,,0.0,0.0,0.0
2019-09-09,2370.0,0.0,0.0,2380.0,2350.0,2370.0,0.0,826400.0,1955773000.0,255.0,222.2,2380.0,44100.0,2370.0,10000.0,656249710.0,656249710.0,656249710.0,0.0,7200.0,,0.0,0.0,0.0
2019-09-10,2370.0,0.0,0.0,2370.0,2350.0,2350.0,-20.0,736700.0,1740291000.0,268.0,220.3,2360.0,31500.0,2350.0,12200.0,656249710.0,656249710.0,656249710.0,0.0,0.0,,0.0,0.0,0.0
2019-09-11,2350.0,0.0,0.0,2400.0,2280.0,2350.0,0.0,4727000.0,11064146000.0,1283.0,220.3,2360.0,50000.0,2350.0,14600.0,656249710.0,656249710.0,656249710.0,636800.0,0.0,,0.0,0.0,0.0
2019-09-12,2350.0,0.0,0.0,2400.0,2350.0,2360.0,10.0,716200.0,1698364000.0,324.0,221.2,2360.0,36200.0,2350.0,70900.0,656249710.0,656249710.0,656249710.0,0.0,20100.0,,0.0,0.0,0.0
2019-09-13,2360.0,0.0,0.0,2450.0,2360.0,2420.0,60.0,3291000.0,7912921000.0,928.0,226.9,2430.0,50000.0,2420.0,11300.0,656249710.0,656249710.0,656249710.0,60000.0,77300.0,,0.0,0.0,0.0
2019-09-16,2420.0,0.0,0.0,2420.0,2300.0,2320.0,-100.0,2470100.0,5812703000.0,775.0,217.5,2330.0,91800.0,2320.0,211800.0,656249710.0,656249710.0,656249710.0,26000.0,0.0,,0.0,0.0,0.0
2019-09-17,2320.0,0.0,0.0,2360.0,2310.0,2350.0,30.0,1139400.0,2664374000.0,350.0,220.3,2350.0,50000.0,2340.0,55300.0,656249710.0,656249710.0,656249710.0,34600.0,0.0,,0.0,0.0,0.0
2019-09-18,2350.0,0.0,0.0,2430.0,2350.0,2420.0,70.0,1600800.0,3821327000.0,418.0,226.9,2420.0,22000.0,2410.0,106500.0,656249710.0,656249710.0,656249710.0,0.0,87800.0,,0.0,0.0,0.0
2019-09-19,2420.0,0.0,0.0,2420.0,2400.0,2410.0,-10.0,987400.0,2382272000.0,292.0,225.9,2420.0,58800.0,2410.0,31300.0,656249710.0,656249710.0,656249710.0,0.0,52700.0,,0.0,0.0,0.0
2019-09-20,2410.0,0.0,0.0,2430.0,2410.0,2430.0,20.0,888900.0,2147426000.0,316.0,227.8,2440.0,75500.0,2430.0,10200.0,656249710.0,656249710.0,656249710.0,0.0,53700.0,,0.0,0.0,0.0
2019-09-23,2430.0,0.0,0.0,2430.0,2410.0,2420.0,-10.0,1017200.0,2462099000.0,308.0,226.9,2430.0,72400.0,2420.0,4200.0,656249710.0,656249710.0,656249710.0,200000.0,45800.0,,0.0,0.0,0.0
2019-09-24,2420.0,0.0,0.0,2420.0,2370.0,2370.0,-50.0,867800.0,2075899000.0,267.0,222.2,2380.0,86100.0,2370.0,7100.0,656249710.0,656249710.0,656249710.0,24500.0,2000.0,,0.0,0.0,0.0
2019-09-25,2370.0,0.0,0.0,2380.0,2320.0,2360.0,-10.0,1763200.0,4151995000.0,483.0,221.2,2370.0,61900.0,2360.0,34400.0,656249710.0,656249710.0,656249710.0,37300.0,0.0,,0.0,0.0,0.0
2019-09-26,2360.0,0.0,0.0,2440.0,2340.0,2420.0,60.0,4570300.0,10871873000.0,1547.0,226.9,2430.0,72100.0,2420.0,22300.0,656249710.0,656249710.0,656249710.0,608600.0,0.0,,0.0,0.0,0.0
2019-09-27,2420.0,0.0,0.0,2470.0,2380.0,2380.0,-40.0,1924900.0,4669869000.0,606.0,223.1,2400.0,95500.0,2380.0,45800.0,656249710.0,656249710.0,656249710.0,0.0,59600.0,,0.0,0.0,0.0
2019-09-30,2380.0,0.0,0.0,2420.0,2320.0,2420.0,40.0,2445000.0,5813428000.0,774.0,226.9,2430.0,81600.0,2420.0,21200.0,656249710.0,656249710.0,656249710.0,76400.0,0.0,,0.0,0.0,0.0
2019-10-01,2420.0,0.0,0.0,2470.0,2360.0,2470.0,50.0,3734600.0,9056209000.0,953.0,231.6,2470.0,31900.0,2460.0,47100.0,656249710.0,656249710.0,656249710.0,825500.0,8500.0,,0.0,0.0,0.0
2019-10-02,2470.0,0.0,0.0,2480.0,2400.0,2450.0,-20.0,3117700.0,7609490000.0,804.0,229.7,2450.0,52600.0,2440.0,67300.0,656249710.0,656249710.0,656249710.0,636100.0,5200.0,,0.0,0.0,0.0
2019-10-03,2450.0,0.0,0.0,2450.0,2420.0,2450.0,0.0,1213500.0,2958174000.0,387.0,229.7,2450.0,28300.0,2440.0,59800.0,656249710.0,656249710.0,656249710.0,17200.0,0.0,,0.0,0.0,0.0
2019-10-04,2450.0,0.0,0.0,2500.0,2450.0,2450.0,0.0,1497000.0,3708787000.0,613.0,229.7,2470.0,62700.0,2450.0,73000.0,656249710.0,656249710.0,656249710.0,0.0,100500.0,,0.0,0.0,0.0
2019-10-07,2450.0,0.0,0.0,2590.0,2390.0,2500.0,50.0,5306100.0,13229955000.0,1524.0,234.4,2500.0,20900.0,2490.0,40300.0,656249710.0,656249710.0,656249710.0,454900.0,172900.0,,0.0,0.0,0.0
2019-10-08,2500.0,0.0,0.0,2630.0,2490.0,2600.0,100.0,3888800.0,9957052000.0,1085.0,243.7,2600.0,52300.0,2590.0,1200.0,656249710.0,656249710.0,656249710.0,57000.0,131000.0,,0.0,0.0,0.0
2019-10-09,2600.0,0.0,0.0,2720.0,2580.0,2690.0,90.0,4801100.0,12770271000.0,1399.0,252.2,2700.0,60600.0,2690.0,800.0,656249710.0,656249710.0,656249710.0,0.0,199500.0,,0.0,0.0,0.0
2019-10-10,2690.0,0.0,0.0,2710.0,2680.0,2680.0,-10.0,755200.0,2035542000.0,262.0,251.2,2690.0,57100.0,2680.0,28200.0,656249710.0,656249710.0,656249710.0,50000.0,78100.0,,0.0,0.0,0.0
2019-10-11,2680.0,0.0,0.0,2750.0,2680.0,2690.0,10.0,1425900.0,3866236000.0,608.0,252.2,2700.0,70800.0,2690.0,78900.0,656249710.0,656249710.0,656249710.0,0.0,84800.0,,0.0,0.0,0.0
2019-10-14,2690.0,0.0,0.0,2720.0,2600.0,2690.0,0.0,471400.0,1270670000.0,183.0,252.2,2700.0,1600.0,2680.0,1600.0,656249710.0,656249710.0,656249710.0,65000.0,48400.0,,0.0,0.0,0.0
2019-10-15,2690.0,0.0,0.0,2720.0,2680.0,2680.0,-10.0,759400.0,2043094000.0,207.0,251.2,2680.0,32100.0,2670.0,44600.0,656249710.0,656249710.0,656249710.0,61500.0,41600.0,,0.0,0.0,0.0
2019-10-16,2680.0,0.0,0.0,2680.0,2650.0,2650.0,-30.0,701200.0,1870261000.0,186.0,248.4,2660.0,6700.0,2650.0,10700.0,656249710.0,656249710.0,656249710.0,127700.0,66300.0,,0.0,0.0,0.0
2019-10-17,2650.0,0.0,0.0,2660.0,2620.0,2640.0,-10.0,2488500.0,6589500000.0,418.0,247.5,2640.0,99500.0,2630.0,18000.0,656249710.0,656249710.0,656249710.0,0.0,1659300.0,,0.0,0.0,0.0
2019-10-18,2640.0,0.0,0.0,2640.0,2570.0,2570.0,-70.0,1350200.0,3507452000.0,357.0,240.9,2580.0,58600.0,2570.0,28700.0,656249710.0,656249710.0,656249710.0,595800.0,10200.0,,8500.0,22270000.0,1.0
2019-10-21,2570.0,0.0,0.0,2610.0,2560.0,2560.0,-10.0,3036700.0,7828645000.0,439.0,240.0,2560.0,7700.0,2550.0,52800.0,656249710.0,656249710.0,656249710.0,49700.0,615100.0,,0.0,0.0,0.0
2019-10-22,2560.0,0.0,0.0,2570.0,2530.0,2570.0,10.0,2211500.0,5624215000.0,310.0,240.9,2580.0,44200.0,2550.0,3600.0,656249710.0,656249710.0,656249710.0,0.0,37700.0,,0.0,0.0,0.0
2019-10-23,2570.0,0.0,0.0,2610.0,2570.0,2600.0,30.0,879300.0,2283032000.0,239.0,243.7,2600.0,6500.0,2590.0,28600.0,656249710.0,656249710.0,656249710.0,83500.0,28800.0,,0.0,0.0,0.0
2019-10-24,2600.0,0.0,0.0,2630.0,2600.0,2600.0,0.0,884000.0,2307543000.0,298.0,243.7,2600.0,9000.0,2590.0,53000.0,656249710.0,656249710.0,656249710.0,103900.0,38600.0,,0.0,0.0,0.0
2019-10-25,2600.0,0.0,0.0,2620.0,2570.0,2580.0,-20.0,1199200.0,3113017000.0,257.0,241.9,2590.0,88500.0,2580.0,99800.0,656249710.0,656249710.0,656249710.0,192600.0,18300.0,,0.0,0.0,0.0
2019-10-28,2580.0,0.0,0.0,2620.0,2580.0,2580.0,0.0,1781600.0,4635601000.0,224.0,241.9,2590.0,102600.0,2580.0,237100.0,656249710.0,656249710.0,656249710.0,0.0,891600.0,,0.0,0.0,0.0
2019-10-29,2580.0,0.0,0.0,2650.0,2570.0,2630.0,50.0,1947100.0,5107654000.0,564.0,246.6,2640.0,172200.0,2630.0,700.0,656249710.0,656249710.0,656249710.0,0.0,0.0,,0.0,0.0,0.0
2019-10-30,2630.0,0.0,0.0,2660.0,2610.0,2610.0,-20.0,2828500.0,7469497000.0,432.0,244.7,2620.0,23700.0,2600.0,29900.0,656249710.0,656249710.0,656249710.0,31300.0,820100.0,,0.0,0.0,0.0
2019-10-31,2610.0,0.0,0.0,2600.0,2430.0,2500.0,-110.0,1995800.0,5064594000.0,177.0,234.4,2500.0,1200.0,2460.0,1200.0,656249710.0,656249710.0,656249710.0,39300.0,1000000.0,,0.0,0.0,0.0
2019-11-01,2500.0,0.0,0.0,2500.0,2420.0,2470.0,-30.0,1184400.0,2929475000.0,42.0,231.6,2460.0,4200.0,2420.0,600.0,656249710.0,656249710.0,656249710.0,0.0,803800.0,,0.0,0.0,0.0
2019-11-04,2470.0,0.0,0.0,2530.0,2400.0,2400.0,-70.0,3734300.0,9198643000.0,212.0,225.0,2410.0,4400.0,2390.0,14700.0,656249710.0,656249710.0,656249710.0,11600.0,2419400.0,,0.0,0.0,0.0
2019-11-05,2400.0,0.0,0.0,2570.0,2380.0,2500.0,100.0,3954100.0,9691443000.0,396.0,234.4,2540.0,5500.0,2500.0,4000.0,656249710.0,656249710.0,656249710.0,46800.0,1514000.0,,0.0,0.0,0.0
2019-11-06,2500.0,0.0,0.0,2520.0,2500.0,2510.0,10.0,3308800.0,8305162000.0,342.0,235.3,2520.0,17100.0,2510.0,400.0,656249710.0,656249710.0,656249710.0,12600.0,1235700.0,,0.0,0.0,0.0
2019-11-07,2510.0,0.0,0.0,2540.0,2510.0,2510.0,0.0,4913500.0,12353575000.0,447.0,235.3,2520.0,58600.0,2500.0,17800.0,656249710.0,656249710.0,656249710.0,0.0,0.0,,0.0,0.0,0.0
2019-11-08,2510.0,0.0,0.0,2530.0,2510.0,2530.0,20.0,410600.0,1037564000.0,158.0,237.2,2580.0,1100.0,2530.0,300.0,656249710.0,656249710.0,656249710.0,600.0,0.0,,50.0,110000.0,1.0
2019-11-11,2530.0,0.0,0.0,2560.0,2530.0,2550.0,20.0,692900.0,1767810000.0,338.0,239.1,2550.0,8500.0,2540.0,12000.0,656249710.0,656249710.0,656249710.0,0.0,15500.0,,0.0,0.0,0.0
2019-11-12,2550.0,0.0,0.0,2570.0,2530.0,2550.0,0.0,559400.0,1426981000.0,229.0,239.1,2560.0,46500.0,2550.0,200.0,656249710.0,656249710.0,656249710.0,0.0,10100.0,,6150000.0,18450000000.0,1.0
2019-11-13,2550.0,0.0,0.0,2540.0,2510.0,2510.0,-40.0,114500.0,289853000.0,78.0,235.3,2530.0,5900.0,2510.0,1300.0,656249710.0,656249710.0,656249710.0,0.0,0.0,,0.0,0.0,0.0
2019-11-14,2510.0,0.0,0.0,2520.0,2480.0,2480.0,-30.0,51600.0,129268000.0,43.0,232.5,2490.0,13000.0,2480.0,12700.0,656249710.0,656249710.0,656249710.0,0.0,9100.0,,0.0,0.0,0.0
2019-11-15,2480.0,0.0,0.0,2500.0,2420.0,2500.0,20.0,237900.0,586710000.0,127.0,234.4,2510.0,30900.0,2490.0,13800.0,656249710.0,656249710.0,656249710.0,28900.0,0.0,,0.0,0.0,0.0
2019-11-18,2500.0,0.0,0.0,2520.0,2470.0,2470.0,-30.0,104300.0,259431000.0,62.0,231.6,2550.0,5100.0,2470.0,600.0,656249710.0,656249710.0,656249710.0,10800.0,0.0,,0.0,0.0,0.0
2019-11-19,2470.0,0.0,0.0,2540.0,2460.0,2540.0,70.0,573900.0,1440329000.0,235.0,238.1,2540.0,16700.0,2530.0,11300.0,656249710.0,656249710.0,656249710.0,17500.0,0.0,,0.0,0.0,0.0
2019-11-20,2540.0,0.0,0.0,2710.0,2530.0,2710.0,170.0,1487800.0,3862845000.0,511.0,254.1,2720.0,3000.0,2710.0,4600.0,656249710.0,656249710.0,656249710.0,30900.0,0.0,,0.0,0.0,0.0
2019-11-21,2710.0,0.0,0.0,2800.0,2710.0,2780.0,70.0,2048400.0,5637710000.0,402.0,260.6,2780.0,800.0,2770.0,7300.0,656249710.0,656249710.0,656249710.0,1021800.0,0.0,,0.0,0.0,0.0
2019-11-22,2780.0,0.0,0.0,2830.0,2800.0,2820.0,40.0,3683700.0,10362762000.0,171.0,264.4,2820.0,3300.0,2810.0,13600.0,656249710.0,656249710.0,656249710.0,3290000.0,100.0,,20010000.0,70035000000.0,2.0
2019-11-25,2820.0,0.0,0.0,2850.0,2780.0,2780.0,-40.0,5800.0,16376000.0,17.0,260.6,2770.0,900.0,2530.0,1000.0,656249710.0,656249710.0,656249710.0,500.0,0.0,,0.0,0.0,0.0
2019-11-26,2780.0,0.0,0.0,2750.0,2340.0,2360.0,-420.0,103200.0,256500000.0,250.0,221.2,2360.0,11100.0,2350.0,500.0,656249710.0,656249710.0,656249710.0,10100.0,100.0,,0.0,0.0,0.0
2019-11-27,2360.0,0.0,0.0,2410.0,2000.0,2350.0,-10.0,357900.0,800735000.0,334.0,220.3,2340.0,300.0,2300.0,10000.0,656249710.0,656249710.0,656249710.0,18100.0,0.0,,0.0,0.0,0.0
2019-11-28,2350.0,0.0,0.0,2460.0,2280.0,2350.0,0.0,63100.0,145953000.0,27.0,220.3,2350.0,3500.0,2280.0,10000.0,656249710.0,656249710.0,656249710.0,12500.0,20000.0,,0.0,0.0,0.0
2019-11-29,2350.0,0.0,0.0,2390.0,2350.0,2390.0,40.0,1600.0,3764000.0,4.0,224.1,2350.0,11900.0,2200.0,2900.0,656249710.0,656249710.0,656249710.0,0.0,0.0,,0.0,0.0,0.0
2019-12-02,2390.0,0.0,0.0,2390.0,2300.0,2350.0,-40.0,24400.0,56296000.0,21.0,220.3,2350.0,26000.0,2250.0,500.0,656249710.0,656249710.0,656249710.0,14000.0,0.0,,0.0,0.0,0.0
2019-12-03,2350.0,0.0,0.0,2390.0,2290.0,2390.0,40.0,4900.0,11339000.0,8.0,224.1,2390.0,31700.0,2250.0,100.0,656249710.0,656249710.0,656249710.0,3500.0,0.0,,0.0,0.0,0.0
2019-12-04,2390.0,0.0,0.0,2350.0,2160.0,2200.0,-190.0,112300.0,251345000.0,64.0,206.2,2320.0,11200.0,2200.0,5000.0,656249710.0,656249710.0,656249710.0,19600.0,0.0,,0.0,0.0,0.0
2019-12-05,2200.0,0.0,0.0,2270.0,2150.0,2200.0,0.0,50400.0,110893000.0,43.0,206.2,2230.0,9100.0,2170.0,300.0,656249710.0,656249710.0,656249710.0,19800.0,0.0,,0.0,0.0,0.0
2019-12-06,2200.0,0.0,0.0,2300.0,2250.0,2280.0,80.0,59800.0,136253000.0,15.0,213.7,2300.0,700.0,2280.0,200.0,656249710.0,656249710.0,656249710.0,3900.0,25000.0,,0.0,0.0,0.0
2019-12-09,2280.0,0.0,0.0,2280.0,2130.0,2220.0,-60.0,8000.0,17602000.0,12.0,208.1,2220.0,3000.0,2080.0,2300.0,656249710.0,656249710.0,656249710.0,4900.0,0.0,,0.0,0.0,0.0
2019-12-10,2220.0,0.0,0.0,2220.0,2150.0,2210.0,-10.0,10900.0,23730000.0,18.0,207.2,2220.0,900.0,2210.0,1100.0,656249710.0,656249710.0,656249710.0,7300.0,0.0,,0.0,0.0,0.0
2019-12-11,2210.0,0.0,0.0,2320.0,2080.0,2260.0,50.0,529300.0,1215903000.0,34.0,211.9,2300.0,1400.0,2260.0,300.0,656249710.0,656249710.0,656249710.0,5700.0,1400.0,,0.0,0.0,0.0
2019-12-12,2260.0,0.0,0.0,2330.0,2250.0,2250.0,-10.0,6200.0,14282000.0,7.0,210.9,2320.0,400.0,2250.0,47000.0,656249710.0,656249710.0,656249710.0,1700.0,5800.0,,0.0,0.0,0.0
2019-12-13,2250.0,0.0,0.0,2300.0,2200.0,2200.0,-50.0,623800.0,1428960000.0,23.0,206.2,2290.0,1700.0,2200.0,21200.0,656249710.0,656249710.0,656249710.0,9300.0,46900.0,,0.0,0.0,0.0
2019-12-16,2200.0,0.0,0.0,2300.0,2110.0,2300.0,100.0,22000.0,49900000.0,15.0,215.6,2320.0,100.0,2200.0,4000.0,656249710.0,656249710.0,656249710.0,6500.0,15600.0,,0.0,0.0,0.0
2019-12-17,2300.0,0.0,0.0,2340.0,2290.0,2310.0,10.0,894100.0,2059439000.0,10.0,216.6,2330.0,3100.0,2310.0,1100.0,656249710.0,656249710.0,656249710.0,1900.0,280000.0,,0.0,0.0,0.0
2019-12-18,2310.0,0.0,0.0,2300.0,2260.0,2260.0,-50.0,514100.0,1174385000.0,18.0,211.9,2310.0,1200.0,2260.0,600.0,656249710.0,656249710.0,656249710.0,6600.0,0.0,,0.0,0.0,0.0
2019-12-19,2260.0,0.0,0.0,2260.0,2260.0,2260.0,0.0,200.0,452000.0,1.0,211.9,2290.0,4100.0,2210.0,2600.0,656249710.0,656249710.0,656249710.0,0.0,0.0,,0.0,0.0,0.0
2019-12-20,2260.0,0.0,0.0,2220.0,2210.0,2220.0,-40.0,2000.0,4423000.0,4.0,208.1,2300.0,1900.0,2210.0,18900.0,656249710.0,656249710.0,656249710.0,1800.0,0.0,,0.0,0.0,0.0
2019-12-23,2220.0,0.0,0.0,2200.0,2200.0,2200.0,-20.0,2200.0,4840000.0,6.0,206.2,2320.0,1200.0,2200.0,41900.0,656249710.0,656249710.0,656249710.0,2000.0,0.0,,0.0,0.0,0.0
2019-12-26,2200.0,0.0,0.0,2290.0,2200.0,2210.0,10.0,10200.0,22558000.0,15.0,207.2,2250.0,800.0,2210.0,500.0,656249710.0,656249710.0,656249710.0,5000.0,0.0,,0.0,0.0,0.0
2019-12-27,2210.0,0.0,0.0,2310.0,2180.0,2310.0,100.0,101800.0,229935000.0,20.0,216.6,2310.0,4500.0,2200.0,8500.0,656249710.0,656249710.0,656249710.0,2500.0,0.0,,0.0,0.0,0.0
2019-12-30,2310.0,0.0,0.0,2310.0,2200.0,2300.0,-10.0,4100.0,9363000.0,6.0,215.6,0.0,0.0,0.0,0.0,656249710.0,656249710.0,656249710.0,1000.0,0.0,,0.0,0.0,0.0
2020-01-02,2300.0,0.0,0.0,2300.0,2200.0,2200.0,-100.0,200.0,450000.0,2.0,206.2,2280.0,700.0,2200.0,48900.0,656249710.0,656249710.0,656249710.0,0.0,0.0,,0.0,0.0,0.0
2020-01-03,2200.0,0.0,0.0,2200.0,2200.0,2200.0,0.0,100.0,220000.0,1.0,206.2,2300.0,900.0,2160.0,100.0,656249710.0,656249710.0,656249710.0,0.0,0.0,,0.0,0.0,0.0
2020-01-06,2200.0,0.0,0.0,2200.0,2100.0,2200.0,0.0,13900.0,30473000.0,15.0,206.2,2320.0,100.0,2200.0,100.0,656249710.0,656249710.0,656249710.0,1100.0,0.0,,0.0,0.0,0.0
2020-01-07,2200.0,0.0,0.0,2200.0,2200.0,2200.0,0.0,5500.0,12100000.0,3.0,206.2,2270.0,5400.0,2200.0,29400.0,656249710.0,656249710.0,656249710.0,5200.0,0.0,,0.0,0.0,0.0
2020-01-08,2200.0,0.0,0.0,2310.0,2190.0,2200.0,0.0,48900.0,109958000.0,17.0,206.2,2250.0,100.0,2200.0,29500.0,656249710.0,656249710.0,656249710.0,7200.0,0.0,,0.0,0.0,0.0
2020-01-09,2200.0,0.0,0.0,2240.0,2190.0,2190.0,-10.0,2700.0,5921000.0,7.0,205.3,2290.0,800.0,2270.0,100.0,656249710.0,656249710.0,656249710.0,2400.0,0.0,,0.0,0.0,0.0
2020-01-10,2190.0,0.0,0.0,2300.0,2280.0,2280.0,90.0,24200.0,55652000.0,7.0,213.7,2290.0,600.0,2200.0,51100.0,656249710.0,656249710.0,656249710.0,400.0,100.0,,0.0,0.0,0.0
2020-01-13,2280.0,0.0,0.0,2280.0,2190.0,2280.0,0.0,12000.0,26884000.0,9.0,213.7,2290.0,600.0,2190.0,36700.0,656249710.0,656249710.0,656249710.0,5300.0,0.0,,0.0,0.0,0.0
2020-01-14,2280.0,0.0,0.0,0.0,0.0,2280.0,0.0,0.0,0.0,0.0,213.7,2280.0,100.0,2180.0,100.0,656249710.0,656249710.0,656249710.0,0.0,0.0,,0.0,0.0,0.0
2020-01-15,2280.0,0.0,0.0,2290.0,2190.0,2200.0,-80.0,214300.0,480950000.0,27.0,206.2,2200.0,19800.0,2150.0,34800.0,656249710.0,656249710.0,656249710.0,7900.0,0.0,,0.0,0.0,0.0
2020-01-16,2200.0,0.0,0.0,2290.0,2080.0,2200.0,0.0,78600.0,172218000.0,15.0,206.2,2290.0,5000.0,2200.0,13600.0,656249710.0,656249710.0,656249710.0,4000.0,0.0,,0.0,0.0,0.0
2020-01-17,2200.0,0.0,0.0,2300.0,2260.0,2260.0,60.0,21100.0,48521000.0,4.0,211.9,2270.0,20000.0,2200.0,10000.0,656249710.0,656249710.0,656249710.0,300.0,0.0,,0.0,0.0,0.0
2020-01-20,2260.0,0.0,0.0,2290.0,2080.0,2200.0,-60.0,138100.0,305332000.0,16.0,206.2,2250.0,30000.0,2200.0,200.0,656249710.0,656249710.0,656249710.0,13700.0,0.0,,0.0,0.0,0.0
2020-01-21,2200.0,0.0,0.0,2270.0,2190.0,2190.0,-10.0,41500.0,93805000.0,14.0,205.3,2230.0,100.0,2190.0,6200.0,656249710.0,656249710.0,656249710.0,4500.0,0.0,,0.0,0.0,0.0
2020-01-22,2190.0,0.0,0.0,2300.0,2090.0,2240.0,50.0,205000.0,453279000.0,30.0,210.0,2240.0,900.0,2160.0,500.0,656249710.0,656249710.0,656249710.0,4000.0,0.0,,0.0,0.0,0.0
2020-01-23,2240.0,0.0,0.0,2280.0,2220.0,2220.0,-20.0,52600.0,119706000.0,7.0,208.1,2220.0,500.0,2170.0,100.0,656249710.0,656249710.0,656249710.0,1400.0,0.0,,0.0,0.0,0.0
2020-01-24,2220.0,0.0,0.0,2220.0,2110.0,2110.0,-110.0,8300.0,17860000.0,14.0,197.8,2200.0,300.0,2120.0,100.0,656249710.0,656249710.0,656249710.0,8100.0,0.0,,0.0,0.0,0.0
2020-01-27,2110.0,0.0,0.0,2170.0,2070.0,2070.0,-40.0,7400.0,15346000.0,7.0,194.1,2110.0,400.0,2070.0,45700.0,656249710.0,656249710.0,656249710.0,1900.0,0.0,,0.0,0.0,0.0
2020-01-28,2070.0,0.0,0.0,2160.0,2030.0,2150.0,80.0,249900.0,508242000.0,18.0,201.6,2150.0,1000.0,2040.0,400.0,656249710.0,656249710.0,656249710.0,5600.0,0.0,,0.0,0.0,0.0
2020-01-29,2150.0,0.0,0.0,2300.0,2080.0,2160.0,10.0,301900.0,684156000.0,38.0,202.5,2170.0,200.0,2090.0,9100.0,656249710.0,656249710.0,656249710.0,12000.0,0.0,,0.0,0.0,0.0
2020-01-30,2160.0,0.0,0.0,2130.0,2040.0,2050.0,-110.0,26000.0,53241000.0,29.0,192.2,2140.0,10400.0,2050.0,16600.0,656249710.0,656249710.0,656249710.0,14000.0,0.0,,0.0,0.0,0.0
2020-01-31,2050.0,0.0,0.0,2180.0,2000.0,2000.0,-50.0,104800.0,212323000.0,21.0,187.5,2240.0,900.0,2000.0,175100.0,656249710.0,656249710.0,656249710.0,11000.0,0.0,,0.0,0.0,0.0
2020-02-03,2000.0,0.0,0.0,2090.0,2000.0,2000.0,0.0,43400.0,86815000.0,20.0,187.5,2050.0,400.0,2000.0,222500.0,656249710.0,656249710.0,656249710.0,13000.0,0.0,,0.0,0.0,0.0
2020-02-04,2000.0,0.0,0.0,2280.0,2000.0,2260.0,260.0,143000.0,319520000.0,31.0,211.9,2260.0,5300.0,2100.0,1000.0,656249710.0,656249710.0,656249710.0,11300.0,0.0,,0.0,0.0,0.0
2020-02-05,2260.0,0.0,0.0,2270.0,2030.0,2030.0,-230.0,21800.0,44695000.0,30.0,190.3,2140.0,100.0,2030.0,10000.0,656249710.0,656249710.0,656249710.0,16700.0,0.0,,0.0,0.0,0.0
2020-02-06,2030.0,0.0,0.0,2070.0,2000.0,2000.0,-30.0,17100.0,34232000.0,29.0,187.5,2030.0,100.0,2000.0,50500.0,656249710.0,656249710.0,656249710.0,15000.0,0.0,,0.0,0.0,0.0
2020-02-07,2000.0,0.0,0.0,2060.0,2000.0,2000.0,0.0,57600.0,115207000.0,19.0,187.5,2030.0,100.0,2010.0,300.0,656249710.0,656249710.0,656249710.0,5000.0,0.0,,0.0,0.0,0.0
2020-02-10,2000.0,0.0,0.0,2050.0,2000.0,2000.0,0.0,77000.0,154007000.0,23.0,187.5,2020.0,200.0,2000.0,10000.0,656249710.0,656249710.0,656249710.0,7000.0,100.0,,0.0,0.0,0.0
2020-02-11,2000.0,0.0,0.0,2290.0,2000.0,2030.0,30.0,174900.0,391183000.0,61.0,190.3,2060.0,100.0,2030.0,10900.0,656249710.0,656249710.0,656249710.0,14000.0,0.0,,0.0,0.0,0.0
2020-02-12,2030.0,0.0,0.0,2060.0,2030.0,2030.0,0.0,14300.0,29033000.0,18.0,190.3,2060.0,200.0,2030.0,6900.0,656249710.0,656249710.0,656249710.0,14000.0,0.0,,0.0,0.0,0.0
2020-02-13,2030.0,0.0,0.0,2030.0,1910.0,1910.0,-120.0,14700.0,28332000.0,32.0,179.1,1950.0,7800.0,1910.0,700.0,656249710.0,656249710.0,656249710.0,11000.0,0.0,,0.0,0.0,0.0
2020-02-14,1910.0,0.0,0.0,2000.0,1880.0,1900.0,-10.0,14800.0,28264000.0,25.0,178.1,1960.0,1200.0,1900.0,15500.0,656249710.0,656249710.0,656249710.0,5500.0,0.0,,0.0,0.0,0.0
2020-02-17,1900.0,0.0,0.0,1950.0,1900.0,1900.0,0.0,6900.0,13115500.0,17.0,178.1,1950.0,100.0,1900.0,49200.0,656249710.0,656249710.0,656249710.0,6500.0,0.0,,0.0,0.0,0.0
2020-02-18,1900.0,0.0,0.0,1990.0,1945.0,1990.0,90.0,400.0,791500.0,3.0,186.6,1975.0,4400.0,1900.0,105600.0,656249710.0,656249710.0,656249710.0,0.0,0.0,,0.0,0.0,0.0
2020-02-19,1990.0,0.0,0.0,1985.0,1900.0,1940.0,-50.0,18500.0,35791000.0,21.0,181.9,1940.0,400.0,1905.0,1400.0,656249710.0,656249710.0,656249710.0,5500.0,5700.0,,0.0,0.0,0.0
2020-02-20,1940.0,0.0,0.0,1990.0,1900.0,1905.0,-35.0,7300.0,13896500.0,10.0,178.6,1980.0,100.0,1920.0,100.0,656249710.0,656249710.0,656249710.0,7000.0,0.0,,0.0,0.0,0.0
2020-02-21,1905.0,0.0,0.0,1960.0,1910.0,1915.0,10.0,6800.0,12995500.0,4.0,179.5,1970.0,100.0,1915.0,75500.0,656249710.0,656249710.0,656249710.0,6500.0,0.0,,0.0,0.0,0.0
2020-02-24,1915.0,0.0,0.0,1925.0,1900.0,1900.0,-15.0,25900.0,49212500.0,7.0,178.1,1930.0,100.0,1900.0,46500.0,656249710.0,656249710.0,656249710.0,5000.0,0.0,,0.0,0.0,0.0
2020-02-25,1900.0,0.0,0.0,1990.0,1900.0,1990.0,90.0,36900.0,72955000.0,16.0,186.6,2100.0,100.0,1990.0,14800.0,656249710.0,656249710.0,656249710.0,5000.0,0.0,,0.0,0.0,0.0
2020-02-26,1990.0,0.0,0.0,1990.0,1970.0,1970.0,-20.0,28300.0,56045000.0,8.0,184.7,2070.0,20000.0,1970.0,56900.0,656249710.0,656249710.0,656249710.0,9500.0,0.0,,0.0,0.0,0.0
2020-02-27,1970.0,0.0,0.0,2280.0,1910.0,1960.0,-10.0,131100.0,291033000.0,35.0,183.7,2040.0,100.0,1800.0,20600.0,656249710.0,656249710.0,656249710.0,4500.0,0.0,,0.0,0.0,0.0
2020-02-28,1960.0,0.0,0.0,1950.0,1840.0,1925.0,-35.0,33200.0,63245500.0,50.0,180.5,1920.0,1000.0,1870.0,55600.0,656249710.0,656249710.0,656249710.0,11400.0,0.0,,0.0,0.0,0.0
2020-03-02,1925.0,0.0,0.0,2200.0,1780.0,1990.0,65.0,661500.0,1281850000.0,96.0,186.6,1990.0,100.0,1905.0,100.0,656249710.0,656249710.0,656249710.0,101500.0,0.0,,0.0,0.0,0.0
2020-03-03,1990.0,0.0,0.0,1910.0,1820.0,1845.0,-145.0,32100.0,59763500.0,24.0,173.0,1845.0,700.0,1840.0,600.0,656249710.0,656249710.0,656249710.0,10000.0,100.0,,0.0,0.0,0.0
2020-03-04,1845.0,0.0,0.0,1900.0,1800.0,1860.0,15.0,23100.0,42684000.0,28.0,174.4,1860.0,600.0,1825.0,2000.0,656249710.0,656249710.0,656249710.0,10600.0,0.0,,0.0,0.0,0.0
2020-03-05,1860.0,0.0,0.0,1895.0,1805.0,1805.0,-55.0,8700.0,15732000.0,19.0,169.2,1845.0,600.0,1805.0,100.0,656249710.0,656249710.0,656249710.0,8500.0,0.0,,0.0,0.0,0.0
2020-03-06,1805.0,0.0,0.0,1835.0,1745.0,1745.0,-60.0,7100.0,12414000.0,16.0,163.6,1820.0,2000.0,1745.0,3100.0,656249710.0,656249710.0,656249710.0,4500.0,0.0,,0.0,0.0,0.0
2020-03-09,1745.0,0.0,0.0,1795.0,1700.0,1700.0,-45.0,10800.0,18384500.0,19.0,159.4,1735.0,100.0,1620.0,10000.0,656249710.0,656249710.0,656249710.0,5500.0,0.0,,0.0,0.0,0.0
2020-03-10,1700.0,0.0,0.0,1695.0,1540.0,1660.0,-40.0,9700.0,15725000.0,30.0,155.6,1680.0,1600.0,1610.0,1000.0,656249710.0,656249710.0,656249710.0,6500.0,0.0,,0.0,0.0,0.0
2020-03-11,1660.0,0.0,0.0,1735.0,1595.0,1695.0,35.0,5800.0,9329500.0,10.0,158.9,1670.0,400.0,1595.0,4000.0,656249710.0,656249710.0,656249710.0,5100.0,0.0,,0.0,0.0,0.0
2020-03-12,1695.0,0.0,0.0,1690.0,1690.0,1690.0,-5.0,100.0,169000.0,1.0,158.4,1695.0,25100.0,1690.0,100.0,656249710.0,656249710.0,656249710.0,0.0,0.0,,0.0,0.0,0.0
2020-03-13,1690.0,0.0,0.0,1640.0,1595.0,1640.0,-50.0,10500.0,16752000.0,7.0,153.7,1640.0,200.0,1575.0,1000.0,656249710.0,656249710.0,656249710.0,2700.0,0.0,,0.0,0.0,0.0
2020-03-16,1640.0,0.0,0.0,1640.0,1530.0,1530.0,-110.0,400.0,629000.0,4.0,143.4,1550.0,100.0,0.0,0.0,656249710.0,656249710.0,656249710.0,0.0,0.0,,0.0,0.0,0.0
2020-03-17,1530.0,0.0,0.0,1530.0,1425.0,1520.0,-10.0,2800.0,4244500.0,11.0,142.5,1520.0,100.0,1430.0,100.0,656249710.0,656249710.0,656249710.0,500.0,0.0,,0.0,0.0,0.0
2020-03-18,1520.0,0.0,0.0,1520.0,1415.0,1415.0,-105.0,19100.0,27271500.0,19.0,132.7,1560.0,1600.0,1415.0,200.0,656249710.0,656249710.0,656249710.0,1400.0,5300.0,,0.0,0.0,0.0
2020-03-19,1415.0,0.0,0.0,1395.0,1395.0,1395.0,-20.0,300.0,418500.0,3.0,130.8,1410.0,800.0,0.0,0.0,656249710.0,656249710.0,656249710.0,100.0,0.0,,0.0,0.0,0.0
2020-03-20,1395.0,0.0,0.0,1370.0,1300.0,1320.0,-75.0,7900.0,10541500.0,16.0,123.7,1375.0,3200.0,0.0,0.0,656249710.0,656249710.0,656249710.0,900.0,0.0,,0.0,0.0,0.0
2020-03-23,1320.0,0.0,0.0,1300.0,1230.0,1300.0,-20.0,1900.0,2405500.0,8.0,121.9,1595.0,200.0,1300.0,200.0,656249710.0,656249710.0,656249710.0,500.0,0.0,,0.0,0.0,0.0
2020-03-24,1300.0,0.0,0.0,0.0,0.0,1300.0,0.0,0.0,0.0,0.0,121.9,1510.0,1000.0,1300.0,100.0,656249710.0,656249710.0,656249710.0,0.0,0.0,,0.0,0.0,0.0
2020-03-26,1300.0,0.0,0.0,1490.0,1210.0,1300.0,0.0,13500.0,18392500.0,13.0,121.9,1315.0,100.0,1300.0,100.0,656249710.0,656249710.0,656249710.0,7200.0,0.0,,0.0,0.0,0.0
2020-03-27,1300.0,0.0,0.0,1300.0,1290.0,1290.0,-10.0,7000.0,9035000.0,11.0,120.9,1300.0,1200.0,1290.0,1300.0,656249710.0,656249710.0,656249710.0,4300.0,0.0,,0.0,0.0,0.0
2020-03-30,1290.0,0.0,0.0,1340.0,1290.0,1290.0,0.0,10000.0,13150000.0,2.0,120.9,1390.0,100.0,1290.0,5000.0,656249710.0,656249710.0,656249710.0,5000.0,0.0,,0.0,0.0,0.0
2020-03-31,1290.0,0.0,0.0,1330.0,1320.0,1320.0,30.0,2100.0,2782000.0,4.0,123.7,1400.0,100.0,1310.0,1000.0,656249710.0,656249710.0,656249710.0,1900.0,0.0,,0.0,0.0,0.0
2020-04-01,1320.0,0.0,0.0,1450.0,1325.0,1450.0,130.0,7700.0,10728500.0,12.0,135.9,1450.0,2000.0,1330.0,1500.0,656249710.0,656249710.0,656249710.0,1300.0,0.0,,0.0,0.0,0.0
2020-04-02,1450.0,0.0,0.0,1550.0,1450.0,1550.0,100.0,4500.0,6660000.0,5.0,145.3,1690.0,100.0,0.0,0.0,656249710.0,656249710.0,656249710.0,3000.0,0.0,,0.0,0.0,0.0
2020-04-03,1550.0,0.0,0.0,1700.0,1550.0,1700.0,150.0,7500.0,12208500.0,10.0,159.4,1885.0,100.0,1490.0,100.0,656249710.0,656249710.0,656249710.0,300.0,0.0,,0.0,0.0,0.0
2020-04-06,1700.0,0.0,0.0,1740.0,1700.0,1740.0,40.0,300.0,518000.0,3.0,163.1,1735.0,200.0,1590.0,100.0,656249710.0,656249710.0,656249710.0,100.0,0.0,,0.0,0.0,0.0
2020-04-07,1740.0,0.0,0.0,1790.0,1620.0,1620.0,-120.0,2700.0,4449000.0,6.0,151.9,1720.0,500.0,1630.0,100.0,656249710.0,656249710.0,656249710.0,2300.0,0.0,,0.0,0.0,0.0
2020-04-08,1620.0,0.0,0.0,1700.0,1670.0,1700.0,80.0,2200.0,3707000.0,6.0,159.4,1700.0,1200.0,1650.0,100.0,656249710.0,656249710.0,656249710.0,1000.0,0.0,,0.0,0.0,0.0
2020-04-09,1700.0,0.0,0.0,1800.0,1650.0,1700.0,0.0,21800.0,39005000.0,10.0,159.4,1750.0,1000.0,1650.0,100.0,656249710.0,656249710.0,656249710.0,1200.0,19000.0,,0.0,0.0,0.0
2020-04-13,1700.0,0.0,0.0,1700.0,1585.0,1585.0,-115.0,5900.0,9372500.0,5.0,148.6,1695.0,100.0,1590.0,5200.0,656249710.0,656249710.0,656249710.0,4700.0,0.0,,0.0,0.0,0.0
2020-04-14,1585.0,0.0,0.0,1685.0,1535.0,1680.0,95.0,9600.0,15988000.0,19.0,157.5,1695.0,100.0,1550.0,500.0,656249710.0,656249710.0,656249710.0,1300.0,0.0,,0.0,0.0,0.0
2020-04-15,1680.0,0.0,0.0,1840.0,1730.0,1840.0,160.0,400.0,718000.0,4.0,172.5,1820.0,6300.0,1590.0,100.0,656249710.0,656249710.0,656249710.0,0.0,0.0,,0.0,0.0,0.0
2020-04-16,1840.0,0.0,0.0,1830.0,1820.0,1820.0,-20.0,20100.0,36683000.0,4.0,170.6,1820.0,1100.0,1800.0,10000.0,656249710.0,656249710.0,656249710.0,9900.0,20000.0,,0.0,0.0,0.0
2020-04-17,1820.0,0.0,0.0,0.0,0.0,1820.0,0.0,0.0,0.0,0.0,170.6,1820.0,100.0,0.0,0.0,656249710.0,656249710.0,656249710.0,0.0,0.0,,0.0,0.0,0.0
2020-04-20,1820.0,0.0,0.0,1820.0,1695.0,1785.0,-35.0,1000.0,1773500.0,9.0,167.3,1785.0,1500.0,0.0,0.0,656249710.0,656249710.0,656249710.0,500.0,0.0,,0.0,0.0,0.0
2020-04-21,1785.0,0.0,0.0,1750.0,1665.0,1750.0,-35.0,14500.0,24826500.0,16.0,164.1,1825.0,100.0,1740.0,500.0,656249710.0,656249710.0,656249710.0,3100.0,10000.0,,0.0,0.0,0.0
2020-04-22,1750.0,0.0,0.0,1830.0,1745.0,1750.0,0.0,1400.0,2462500.0,5.0,164.1,1775.0,100.0,1630.0,5000.0,656249710.0,656249710.0,656249710.0,100.0,0.0,,0.0,0.0,0.0
2020-04-23,1750.0,0.0,0.0,1800.0,1800.0,1800.0,50.0,100.0,180000.0,1.0,168.7,1795.0,100.0,1700.0,5000.0,656249710.0,656249710.0,656249710.0,0.0,0.0,,0.0,0.0,0.0
2020-04-24,1800.0,0.0,0.0,1830.0,1800.0,1800.0,0.0,10300.0,18613500.0,11.0,168.7,1800.0,1900.0,1700.0,5000.0,656249710.0,656249710.0,656249710.0,5200.0,10000.0,,0.0,0.0,0.0
2020-04-27,1800.0,0.0,0.0,1840.0,1800.0,1800.0,0.0,20100.0,36184000.0,5.0,168.7,1800.0,1000.0,1750.0,10000.0,656249710.0,656249710.0,656249710.0,10000.0,10000.0,,0.0,0.0,0.0
2020-04-28,1800.0,0.0,0.0,1840.0,1820.0,1820.0,20.0,2400.0,4383500.0,11.0,170.6,1820.0,4800.0,1800.0,10000.0,656249710.0,656249710.0,656249710.0,1000.0,0.0,,0.0,0.0,0.0
2020-04-29,1820.0,0.0,0.0,1800.0,1720.0,1750.0,-70.0,6800.0,12170500.0,12.0,164.1,1810.0,300.0,1760.0,5000.0,656249710.0,656249710.0,656249710.0,5800.0,5000.0,,0.0,0.0,0.0
2020-04-30,1750.0,0.0,0.0,1795.0,1660.0,1750.0,0.0,2000.0,3377500.0,10.0,164.1,1795.0,200.0,1750.0,9800.0,656249710.0,656249710.0,656249710.0,1300.0,200.0,,0.0,0.0,0.0
2020-05-04,1750.0,0.0,0.0,0.0,0.0,1750.0,0.0,0.0,0.0,0.0,164.1,1800.0,900.0,1750.0,5100.0,656249710.0,656249710.0,656249710.0,0.0,0.0,,0.0,0.0,0.0
2020-05-05,1750.0,0.0,0.0,1850.0,1700.0,1720.0,-30.0,5700.0,9973000.0,7.0,161.2,1800.0,6000.0,1720.0,5000.0,656249710.0,656249710.0,656249710.0,5100.0,5100.0,,0.0,0.0,0.0
2020-05-06,1720.0,0.0,0.0,1810.0,1770.0,1810.0,90.0,1100.0,1981500.0,7.0,169.7,1795.0,100.0,1705.0,10400.0,656249710.0,656249710.0,656249710.0,100.0,0.0,,0.0,0.0,0.0
2020-05-08,1810.0,0.0,0.0,1790.0,1720.0,1775.0,-35.0,6500.0,11263000.0,6.0,166.4,1805.0,100.0,1720.0,400.0,656249710.0,656249710.0,656249710.0,5300.0,5000.0,,0.0,0.0,0.0
2020-05-11,1775.0,0.0,0.0,1775.0,1720.0,1730.0,-45.0,11000.0,19074000.0,7.0,162.2,1780.0,100.0,1725.0,500.0,656249710.0,656249710.0,656249710.0,9900.0,0.0,,0.0,0.0,0.0
2020-05-12,1730.0,0.0,0.0,1815.0,1750.0,1750.0,20.0,16400.0,28716000.0,3.0,164.1,1795.0,4700.0,1755.0,500.0,656249710.0,656249710.0,656249710.0,16300.0,16100.0,,0.0,0.0,0.0
2020-05-13,1750.0,0.0,0.0,1770.0,1720.0,1770.0,20.0,4400.0,7577000.0,3.0,165.9,1770.0,1200.0,1720.0,5900.0,656249710.0,656249710.0,656249710.0,4200.0,4200.0,,0.0,0.0,0.0
2020-05-14,1770.0,0.0,0.0,1790.0,1700.0,1780.0,10.0,8700.0,14821000.0,7.0,166.9,1780.0,3100.0,1700.0,2000.0,656249710.0,656249710.0,656249710.0,8000.0,8200.0,,0.0,0.0,0.0
2020-05-15,1780.0,0.0,0.0,1830.0,1830.0,1830.0,50.0,100.0,183000.0,1.0,171.6,1790.0,5800.0,1700.0,10000.0,656249710.0,656249710.0,656249710.0,0.0,0.0,,0.0,0.0,0.0
2020-05-18,1830.0,0.0,0.0,0.0,0.0,1830.0,0.0,0.0,0.0,0.0,171.6,1825.0,5500.0,1720.0,10000.0,656249710.0,656249710.0,656249710.0,0.0,0.0,,0.0,0.0,0.0
2020-05-19,1830.0,0.0,0.0,0.0,0.0,1830.0,0.0,0.0,0.0,0.0,171.6,1815.0,6000.0,1780.0,100.0,656249710.0,656249710.0,656249710.0,0.0,0.0,,0.0,0.0,0.0
2020-05-20,1830.0,0.0,0.0,1900.0,1825.0,1825.0,-5.0,300.0,557500.0,3.0,171.1,1825.0,4000.0,1750.0,100.0,656249710.0,656249710.0,656249710.0,0.0,0.0,,0.0,0.0,0.0
2020-05-26,1825.0,0.0,0.0,1925.0,1875.0,1925.0,100.0,200.0,380000.0,2.0,180.5,1910.0,500.0,0.0,0.0,656249710.0,656249710.0,656249710.0,0.0,0.0,,0.0,0.0,0.0
2020-05-27,1925.0,0.0,0.0,1925.0,1910.0,1925.0,0.0,15200.0,29035000.0,10.0,180.5,1925.0,2200.0,1910.0,5000.0,656249710.0,656249710.0,656249710.0,4600.0,15200.0,,0.0,0.0,0.0
2020-05-28,1925.0,0.0,0.0,1925.0,1910.0,1910.0,-15.0,43400.0,82895500.0,19.0,179.1,1925.0,1800.0,1910.0,5000.0,656249710.0,656249710.0,656249710.0,5000.0,43300.0,,0.0,0.0,0.0
2020-05-29,1910.0,0.0,0.0,1915.0,1910.0,1915.0,5.0,30100.0,57591000.0,9.0,179.5,2000.0,200.0,1915.0,10000.0,656249710.0,656249710.0,656249710.0,6900.0,30100.0,,0.0,0.0,0.0
2020-06-02,1915.0,0.0,0.0,1915.0,1915.0,1915.0,0.0,5100.0,9766500.0,3.0,179.5,1940.0,600.0,1915.0,6000.0,656249710.0,656249710.0,656249710.0,3100.0,5000.0,,0.0,0.0,0.0
2020-06-03,1915.0,0.0,0.0,1920.0,1915.0,1915.0,0.0,5000.0,9575500.0,5.0,179.5,1920.0,100.0,1915.0,5100.0,656249710.0,656249710.0,656249710.0,3400.0,4900.0,,0.0,0.0,0.0
2020-06-04,1915.0,0.0,0.0,0.0,0.0,1915.0,0.0,0.0,0.0,0.0,179.5,1945.0,100.0,1915.0,10000.0,656249710.0,656249710.0,656249710.0,0.0,0.0,,0.0,0.0,0.0
2020-06-05,1915.0,0.0,0.0,1915.0,1915.0,1915.0,0.0,12500.0,23937500.0,3.0,179.5,2000.0,100.0,1915.0,7500.0,656249710.0,656249710.0,656249710.0,1500.0,12500.0,,0.0,0.0,0.0
2020-06-08,1915.0,0.0,0.0,1990.0,1915.0,1990.0,75.0,17400.0,33336000.0,7.0,186.6,1990.0,1800.0,1915.0,2800.0,656249710.0,656249710.0,656249710.0,5500.0,17200.0,,0.0,0.0,0.0
2020-06-09,1990.0,0.0,0.0,2000.0,1985.0,1985.0,-5.0,1000.0,1992500.0,6.0,186.1,1985.0,400.0,1915.0,10000.0,656249710.0,656249710.0,656249710.0,900.0,0.0,,0.0,0.0,0.0
2020-06-10,1985.0,0.0,0.0,1990.0,1925.0,1950.0,-35.0,2400.0,4657000.0,6.0,182.8,1950.0,800.0,1925.0,100.0,656249710.0,656249710.0,656249710.0,2100.0,0.0,,0.0,0.0,0.0
2020-06-11,1950.0,0.0,0.0,1950.0,1875.0,1900.0,-50.0,6200.0,11800000.0,4.0,178.1,1990.0,2800.0,1900.0,5000.0,656249710.0,656249710.0,656249710.0,5700.0,5000.0,,0.0,0.0,0.0
2020-06-12,1900.0,0.0,0.0,0.0,0.0,1900.0,0.0,0.0,0.0,0.0,178.1,1990.0,1600.0,1900.0,500.0,656249710.0,656249710.0,656249710.0,0.0,0.0,,0.0,0.0,0.0
2020-06-15,1900.0,0.0,0.0,1930.0,1920.0,1925.0,25.0,21800.0,41866000.0,13.0,180.5,1925.0,800.0,1920.0,9700.0,656249710.0,656249710.0,656249710.0,5300.0,20400.0,,0.0,0.0,0.0
2020-06-16,1925.0,0.0,0.0,1975.0,1920.0,1920.0,-5.0,9400.0,18053500.0,5.0,180.0,1970.0,800.0,1920.0,700.0,656249710.0,656249710.0,656249710.0,5500.0,9300.0,,0.0,0.0,0.0
2020-06-17,1920.0,0.0,0.0,2010.0,1920.0,1950.0,30.0,3600.0,7071000.0,11.0,182.8,2150.0,1000.0,1925.0,100.0,656249710.0,656249710.0,656249710.0,1100.0,0.0,,0.0,0.0,0.0
2020-06-18,1950.0,0.0,0.0,1950.0,1880.0,1935.0,-15.0,5600.0,10755000.0,13.0,181.4,1940.0,1000.0,1935.0,9000.0,656249710.0,656249710.0,656249710.0,2400.0,2700.0,,0.0,0.0,0.0
2020-06-19,1935.0,0.0,0.0,1940.0,1935.0,1940.0,5.0,11700.0,22647500.0,10.0,181.9,1945.0,1000.0,1935.0,10000.0,656249710.0,656249710.0,656249710.0,2500.0,10000.0,,0.0,0.0,0.0
2020-06-22,1940.0,0.0,0.0,1940.0,1935.0,1940.0,0.0,5700.0,11030500.0,3.0,181.9,1940.0,1000.0,1935.0,4500.0,656249710.0,656249710.0,656249710.0,5700.0,5500.0,,0.0,0.0,0.0
2020-06-23,1940.0,0.0,0.0,1940.0,1935.0,1940.0,0.0,4100.0,7936500.0,3.0,181.9,1940.0,400.0,1935.0,6500.0,656249710.0,656249710.0,656249710.0,3500.0,3500.0,,0.0,0.0,0.0
2020-06-24,1940.0,0.0,0.0,1940.0,1930.0,1930.0,-10.0,5000.0,9662500.0,5.0,180.9,1950.0,1000.0,1930.0,100.0,656249710.0,656249710.0,656249710.0,4000.0,0.0,,0.0,0.0,0.0
2020-06-25,1930.0,0.0,0.0,1940.0,1930.0,1930.0,0.0,14000.0,27021500.0,11.0,180.9,1940.0,900.0,1930.0,246200.0,656249710.0,656249710.0,656249710.0,4000.0,13800.0,,0.0,0.0,0.0
2020-06-26,1930.0,0.0,0.0,1975.0,1935.0,1935.0,5.0,5500.0,10647500.0,7.0,181.4,1940.0,1000.0,1935.0,4900.0,656249710.0,656249710.0,656249710.0,2000.0,5200.0,,0.0,0.0,0.0
2020-06-29,1935.0,0.0,0.0,1940.0,1935.0,1940.0,5.0,5600.0,10836500.0,4.0,181.9,1940.0,1400.0,1935.0,4500.0,656249710.0,656249710.0,656249710.0,3500.0,5500.0,,0.0,0.0,0.0
2020-06-30,1940.0,0.0,0.0,1985.0,1935.0,1985.0,45.0,7000.0,13640000.0,5.0,186.1,2100.0,600.0,1935.0,5100.0,656249710.0,656249710.0,656249710.0,5000.0,5000.0,,0.0,0.0,0.0
2020-07-01,1985.0,0.0,0.0,0.0,0.0,1985.0,0.0,0.0,0.0,0.0,186.1,1985.0,600.0,1940.0,200.0,656249710.0,656249710.0,656249710.0,0.0,0.0,,0.0,0.0,0.0
2020-07-02,1985.0,0.0,0.0,1985.0,1940.0,1940.0,-45.0,2900.0,5638500.0,12.0,181.9,2020.0,100.0,1940.0,8600.0,656249710.0,656249710.0,656249710.0,2500.0,1800.0,,0.0,0.0,0.0
2020-07-03,1940.0,0.0,0.0,2420.0,1940.0,2420.0,480.0,8400.0,17845000.0,24.0,226.9,2400.0,1900.0,2300.0,200.0,656249710.0,656249710.0,656249710.0,2000.0,1000.0,,0.0,0.0,0.0
2020-07-06,2420.0,0.0,0.0,2410.0,2350.0,2350.0,-70.0,4700.0,11103000.0,11.0,220.3,2350.0,900.0,2270.0,100.0,656249710.0,656249710.0,656249710.0,3100.0,0.0,,0.0,0.0,0.0
2020-07-07,2350.0,0.0,0.0,2340.0,2220.0,2310.0,-40.0,1700.0,3837000.0,6.0,216.6,2310.0,2300.0,2220.0,100.0,656249710.0,656249710.0,656249710.0,1500.0,0.0,,0.0,0.0,0.0
2020-07-08,2310.0,0.0,0.0,2310.0,2150.0,2250.0,-60.0,5300.0,11442000.0,15.0,210.9,2150.0,100.0,0.0,0.0,656249710.0,656249710.0,656249710.0,3100.0,0.0,,0.0,0.0,0.0
2020-07-09,2250.0,0.0,0.0,2230.0,2100.0,2120.0,-130.0,7000.0,14825000.0,8.0,198.7,2200.0,700.0,2120.0,10000.0,656249710.0,656249710.0,656249710.0,6100.0,0.0,,0.0,0.0,0.0
2020-07-10,2120.0,0.0,0.0,2200.0,2050.0,2170.0,50.0,9400.0,19685000.0,13.0,203.4,2170.0,7000.0,2150.0,1300.0,656249710.0,656249710.0,656249710.0,3200.0,0.0,,0.0,0.0,0.0
2020-07-13,2170.0,0.0,0.0,2260.0,2170.0,2250.0,80.0,20500.0,45506000.0,26.0,210.9,2250.0,6500.0,2180.0,1900.0,656249710.0,656249710.0,656249710.0,3500.0,0.0,,0.0,0.0,0.0
2020-07-14,2250.0,0.0,0.0,2260.0,2140.0,2240.0,-10.0,6200.0,13595000.0,21.0,210.0,2240.0,1300.0,2190.0,200.0,656249710.0,656249710.0,656249710.0,2500.0,400.0,,0.0,0.0,0.0
2020-07-15,2240.0,0.0,0.0,2230.0,2180.0,2230.0,-10.0,14700.0,32180000.0,10.0,209.1,2250.0,3100.0,2200.0,200.0,656249710.0,656249710.0,656249710.0,7000.0,11600.0,,0.0,0.0,0.0
2020-07-16,2230.0,0.0,0.0,2230.0,2150.0,2150.0,-80.0,226300.0,488134000.0,29.0,201.6,2230.0,1900.0,2150.0,16800.0,656249710.0,656249710.0,656249710.0,4500.0,191300.0,,0.0,0.0,0.0
2020-07-17,2150.0,0.0,0.0,2240.0,2150.0,2230.0,80.0,7200.0,15552000.0,13.0,209.1,2230.0,6200.0,2170.0,500.0,656249710.0,656249710.0,656249710.0,4000.0,5400.0,,0.0,0.0,0.0
2020-07-20,2230.0,0.0,0.0,2330.0,2240.0,2290.0,60.0,57400.0,131275000.0,75.0,214.7,2290.0,6100.0,2270.0,500.0,656249710.0,656249710.0,656249710.0,4000.0,0.0,,0.0,0.0,0.0
2020-07-21,2290.0,0.0,0.0,2330.0,2250.0,2250.0,-40.0,58600.0,134480000.0,73.0,210.9,2310.0,3000.0,2240.0,2600.0,656249710.0,656249710.0,656249710.0,5000.0,100.0,,0.0,0.0,0.0
2020-07-22,2250.0,0.0,0.0,2330.0,2260.0,2300.0,50.0,74800.0,171975000.0,64.0,215.6,2300.0,14800.0,2280.0,900.0,656249710.0,656249710.0,656249710.0,7000.0,100.0,,0.0,0.0,0.0
2020-07-23,2300.0,0.0,0.0,2330.0,2250.0,2300.0,0.0,72200.0,165720000.0,123.0,215.6,2300.0,5500.0,2280.0,12800.0,656249710.0,656249710.0,656249710.0,6000.0,0.0,,0.0,0.0,0.0
2020-07-24,2300.0,0.0,0.0,2250.0,2160.0,2180.0,-120.0,79000.0,172117000.0,63.0,204.4,2200.0,2100.0,2180.0,8500.0,656249710.0,656249710.0,656249710.0,6800.0,55800.0,,0.0,0.0,0.0
2020-07-27,2180.0,0.0,0.0,2250.0,2170.0,2170.0,-10.0,22000.0,47965000.0,35.0,203.4,2190.0,2400.0,2170.0,2500.0,656249710.0,656249710.0,656249710.0,7700.0,12400.0,,0.0,0.0,0.0
2020-07-28,2170.0,0.0,0.0,2190.0,2170.0,2170.0,0.0,11300.0,24567000.0,24.0,203.4,2200.0,6900.0,2170.0,1700.0,656249710.0,656249710.0,656249710.0,5500.0,8600.0,,0.0,0.0,0.0
2020-07-29,2170.0,0.0,0.0,2200.0,2170.0,2170.0,0.0,18300.0,39718000.0,18.0,203.4,2200.0,8400.0,2170.0,7000.0,656249710.0,656249710.0,656249710.0,5000.0,18000.0,,0.0,0.0,0.0
2020-07-30,2170.0,0.0,0.0,2210.0,2140.0,2140.0,-30.0,32500.0,70176000.0,18.0,200.6,2200.0,2300.0,2140.0,7200.0,656249710.0,656249710.0,656249710.0,3500.0,29400.0,,0.0,0.0,0.0
2020-08-03,2140.0,0.0,0.0,2160.0,2100.0,2100.0,-40.0,29100.0,61809000.0,27.0,196.9,2150.0,100.0,2100.0,39500.0,656249710.0,656249710.0,656249710.0,4000.0,27600.0,,0.0,0.0,0.0
2020-08-04,2100.0,0.0,0.0,2110.0,2100.0,2100.0,0.0,9400.0,19741000.0,17.0,196.9,2150.0,100.0,0.0,0.0,656249710.0,656249710.0,656249710.0,5500.0,9300.0,,0.0,0.0,0.0
2020-08-05,2100.0,0.0,0.0,2180.0,2090.0,2140.0,40.0,10400.0,21857000.0,24.0,200.6,2140.0,100.0,2130.0,100.0,656249710.0,656249710.0,656249710.0,4500.0,8300.0,,0.0,0.0,0.0
2020-08-06,2140.0,0.0,0.0,2130.0,2040.0,2100.0,-40.0,20900.0,43978000.0,24.0,196.9,2130.0,400.0,2060.0,100.0,656249710.0,656249710.0,656249710.0,5500.0,17100.0,,0.0,0.0,0.0
2020-08-07,2100.0,0.0,0.0,2100.0,2030.0,2030.0,-70.0,18700.0,39056000.0,17.0,190.3,2090.0,2000.0,2030.0,1200.0,656249710.0,656249710.0,656249710.0,4000.0,4800.0,,0.0,0.0,0.0
2020-08-10,2030.0,0.0,0.0,2030.0,1930.0,1940.0,-90.0,29300.0,57133500.0,37.0,181.9,1980.0,500.0,1940.0,8200.0,656249710.0,656249710.0,656249710.0,5000.0,22500.0,,0.0,0.0,0.0
2020-08-11,1940.0,0.0,0.0,2100.0,1940.0,2100.0,160.0,7700.0,15092000.0,30.0,196.9,2100.0,700.0,1940.0,10100.0,656249710.0,656249710.0,656249710.0,4500.0,3200.0,,0.0,0.0,0.0
2020-08-12,2100.0,0.0,0.0,2080.0,1960.0,1970.0,-130.0,7200.0,14215000.0,25.0,184.7,2010.0,100.0,1970.0,7100.0,656249710.0,656249710.0,656249710.0,5200.0,0.0,,0.0,0.0,0.0
2020-08-13,1970.0,0.0,0.0,2100.0,1955.0,2050.0,80.0,7400.0,14773500.0,33.0,192.2,2050.0,100.0,2000.0,100.0,656249710.0,656249710.0,656249710.0,4500.0,0.0,,0.0,0.0,0.0
2020-08-14,2050.0,0.0,0.0,2020.0,1940.0,1960.0,-90.0,5900.0,11551000.0,16.0,183.7,2010.0,600.0,1960.0,11800.0,656249710.0,656249710.0,656249710.0,4500.0,500.0,,0.0,0.0,0.0
2020-08-18,1960.0,0.0,0.0,2060.0,1960.0,2010.0,50.0,4500.0,8874500.0,16.0,188.4,2010.0,2400.0,1970.0,400.0,656249710.0,656249710.0,656249710.0,3500.0,0.0,,0.0,0.0,0.0
2020-08-19,2010.0,0.0,0.0,2010.0,1960.0,1965.0,-45.0,4200.0,8246000.0,9.0,184.2,2000.0,5900.0,1965.0,4200.0,656249710.0,656249710.0,656249710.0,3000.0,0.0,,0.0,0.0,0.0
2020-08-24,1965.0,0.0,0.0,1995.0,1965.0,1990.0,25.0,11900.0,23413000.0,20.0,186.6,1990.0,700.0,1965.0,1300.0,656249710.0,656249710.0,656249710.0,3600.0,0.0,,0.0,0.0,0.0
2020-08-25,1990.0,0.0,0.0,1995.0,1960.0,1995.0,5.0,7400.0,14620500.0,12.0,187.0,1995.0,3900.0,1960.0,14500.0,656249710.0,656249710.0,656249710.0,3200.0,0.0,,0.0,0.0,0.0
2020-08-26,1995.0,0.0,0.0,2200.0,1970.0,2180.0,185.0,29700.0,61438500.0,36.0,204.4,2180.0,10600.0,1980.0,2600.0,656249710.0,656249710.0,656249710.0,4700.0,4200.0,,0.0,0.0,0.0
2020-08-27,2180.0,0.0,0.0,2150.0,2030.0,2140.0,-40.0,14500.0,29601000.0,22.0,200.6,2120.0,8800.0,2040.0,100.0,656249710.0,656249710.0,656249710.0,2500.0,0.0,,0.0,0.0,0.0
2020-08-28,2140.0,0.0,0.0,2030.0,1995.0,1995.0,-145.0,4100.0,8189000.0,7.0,187.0,2110.0,200.0,1995.0,6200.0,656249710.0,656249710.0,656249710.0,3600.0,0.0,,0.0,0.0,0.0
2020-08-31,1995.0,0.0,0.0,2100.0,1930.0,2100.0,105.0,2800.0,5451000.0,5.0,196.9,2090.0,400.0,1950.0,10300.0,656249710.0,656249710.0,656249710.0,2100.0,0.0,,0.0,0.0,0.0
2020-09-01,2100.0,0.0,0.0,2060.0,1960.0,1960.0,-140.0,10600.0,20882000.0,20.0,183.7,2090.0,100.0,1960.0,49800.0,656249710.0,656249710.0,656249710.0,1900.0,2200.0,,0.0,0.0,0.0
2020-09-02,1960.0,0.0,0.0,2080.0,1970.0,2070.0,110.0,5000.0,9909000.0,6.0,194.1,2060.0,7100.0,1995.0,100.0,656249710.0,656249710.0,656249710.0,4800.0,0.0,,0.0,0.0,0.0
2020-09-03,2070.0,0.0,0.0,2070.0,1965.0,1965.0,-105.0,9000.0,17733500.0,19.0,184.2,2010.0,2500.0,1965.0,1400.0,656249710.0,656249710.0,656249710.0,3800.0,0.0,,0.0,0.0,0.0
2020-09-04,1965.0,0.0,0.0,1975.0,1945.0,1945.0,-20.0,3300.0,6451000.0,9.0,182.3,2000.0,18600.0,1950.0,1000.0,656249710.0,656249710.0,656249710.0,2800.0,0.0,,0.0,0.0,0.0
2020-09-07,1945.0,0.0,0.0,2010.0,1960.0,2010.0,65.0,19500.0,38258500.0,16.0,188.4,2010.0,20500.0,1960.0,4900.0,656249710.0,656249710.0,656249710.0,5000.0,15100.0,,0.0,0.0,0.0
2020-09-08,2010.0,0.0,0.0,2010.0,1945.0,2000.0,-10.0,10600.0,20706000.0,18.0,187.5,2000.0,3000.0,1950.0,100.0,656249710.0,656249710.0,656249710.0,8500.0,3500.0,,0.0,0.0,0.0
2020-09-09,2000.0,0.0,0.0,0.0,0.0,2000.0,0.0,0.0,0.0,0.0,187.5,1990.0,1900.0,1960.0,100.0,656249710.0,656249710.0,656249710.0,0.0,0.0,,0.0,0.0,0.0
2020-09-10,2000.0,0.0,0.0,1965.0,1880.0,1900.0,-100.0,18500.0,34829500.0,18.0,178.1,1900.0,8500.0,1885.0,100.0,656249710.0,656249710.0,656249710.0,2500.0,13600.0,,0.0,0.0,0.0
2020-09-11,1900.0,0.0,0.0,1990.0,1900.0,1930.0,30.0,14100.0,26851500.0,12.0,180.9,1945.0,100.0,1930.0,500.0,656249710.0,656249710.0,656249710.0,4200.0,13200.0,,0.0,0.0,0.0
2020-09-14,1930.0,0.0,0.0,1990.0,1930.0,1940.0,10.0,12200.0,23672000.0,13.0,181.9,1980.0,1900.0,1940.0,4700.0,656249710.0,656249710.0,656249710.0,6500.0,10300.0,,0.0,0.0,0.0
2020-09-15,1940.0,0.0,0.0,1990.0,1990.0,1990.0,50.0,500.0,995000.0,1.0,186.6,1985.0,1800.0,1925.0,100.0,656249710.0,656249710.0,656249710.0,0.0,0.0,,0.0,0.0,0.0
2020-09-16,1990.0,0.0,0.0,1990.0,1930.0,1990.0,0.0,5900.0,11424000.0,10.0,186.6,1985.0,2500.0,1940.0,5000.0,656249710.0,656249710.0,656249710.0,5100.0,5000.0,,50.0,92500.0,1.0
2020-09-17,1990.0,0.0,0.0,1975.0,1865.0,1940.0,-50.0,3400.0,6487000.0,12.0,181.9,1965.0,2200.0,1905.0,1800.0,656249710.0,656249710.0,656249710.0,2100.0,400.0,,0.0,0.0,0.0
2020-09-18,1940.0,0.0,0.0,0.0,0.0,1940.0,0.0,0.0,0.0,0.0,181.9,1940.0,500.0,1925.0,300.0,656249710.0,656249710.0,656249710.0,0.0,0.0,,0.0,0.0,0.0
2020-09-21,1940.0,0.0,0.0,1980.0,1930.0,1935.0,-5.0,6400.0,12365500.0,7.0,181.4,1970.0,1800.0,1935.0,100.0,656249710.0,656249710.0,656249710.0,5200.0,5700.0,,0.0,0.0,0.0
2020-09-22,1935.0,0.0,0.0,1970.0,1900.0,1970.0,35.0,900.0,1744000.0,8.0,184.7,1965.0,500.0,1840.0,1000.0,656249710.0,656249710.0,656249710.0,700.0,0.0,,0.0,0.0,0.0
2020-09-23,1970.0,0.0,0.0,0.0,0.0,1970.0,0.0,0.0,0.0,0.0,184.7,1955.0,500.0,1920.0,100.0,656249710.0,656249710.0,656249710.0,0.0,0.0,,0.0,0.0,0.0
2020-09-24,1970.0,0.0,0.0,1965.0,1880.0,1910.0,-60.0,1500.0,2837500.0,6.0,179.1,1910.0,800.0,1875.0,1300.0,656249710.0,656249710.0,656249710.0,1100.0,0.0,,0.0,0.0,0.0
2020-09-25,1910.0,0.0,0.0,1920.0,1785.0,1870.0,-40.0,3100.0,5649000.0,12.0,175.3,1870.0,900.0,1820.0,400.0,656249710.0,656249710.0,656249710.0,1400.0,0.0,,0.0,0.0,0.0
2020-09-28,1870.0,0.0,0.0,1915.0,1870.0,1870.0,0.0,10200.0,19078500.0,4.0,175.3,1900.0,200.0,1865.0,13000.0,656249710.0,656249710.0,656249710.0,9100.0,10000.0,,50.0,40000.0,1.0
2020-09-29,1870.0,0.0,0.0,1945.0,1870.0,1935.0,65.0,10000.0,18730500.0,6.0,181.4,1935.0,200.0,1875.0,500.0,656249710.0,656249710.0,656249710.0,9600.0,9500.0,,0.0,0.0,0.0
2020-09-30,1935.0,0.0,0.0,0.0,0.0,1935.0,0.0,0.0,0.0,0.0,181.4,1930.0,1000.0,1905.0,100.0,656249710.0,656249710.0,656249710.0,0.0,0.0,,0.0,0.0,0.0
2020-10-01,1935.0,0.0,0.0,1940.0,1935.0,1940.0,5.0,8700.0,16849500.0,5.0,181.9,1980.0,300.0,1940.0,18000.0,656249710.0,656249710.0,656249710.0,5500.0,0.0,,0.0,0.0,0.0
2020-10-02,1940.0,0.0,0.0,1990.0,1940.0,1990.0,50.0,7600.0,14839000.0,11.0,186.6,1985.0,1000.0,1915.0,200.0,656249710.0,656249710.0,656249710.0,1500.0,0.0,,0.0,0.0,0.0
2020-10-05,1990.0,0.0,0.0,0.0,0.0,1990.0,0.0,0.0,0.0,0.0,186.6,1980.0,300.0,1920.0,100.0,656249710.0,656249710.0,656249710.0,0.0,0.0,,0.0,0.0,0.0
2020-10-06,1990.0,0.0,0.0,1960.0,1890.0,1960.0,-30.0,1300.0,2470500.0,4.0,183.7,1955.0,700.0,1900.0,5000.0,656249710.0,656249710.0,656249710.0,1000.0,0.0,,0.0,0.0,0.0
2020-10-07,1960.0,0.0,0.0,1925.0,1875.0,1875.0,-85.0,4800.0,9019000.0,13.0,175.8,1940.0,1100.0,1875.0,16900.0,656249710.0,656249710.0,656249710.0,1600.0,0.0,,0.0,0.0,0.0
2020-10-08,1875.0,0.0,0.0,1900.0,1875.0,1900.0,25.0,2400.0,4510000.0,4.0,178.1,1900.0,400.0,1875.0,5200.0,656249710.0,656249710.0,656249710.0,2000.0,0.0,,0.0,0.0,0.0
2020-10-09,1900.0,0.0,0.0,1940.0,1865.0,1940.0,40.0,10600.0,19793500.0,7.0,181.9,1940.0,1000.0,1880.0,5000.0,656249710.0,656249710.0,656249710.0,9900.0,10000.0,,0.0,0.0,0.0
2020-10-12,1940.0,0.0,0.0,0.0,0.0,1940.0,0.0,0.0,0.0,0.0,181.9,1935.0,1000.0,1890.0,200.0,656249710.0,656249710.0,656249710.0,0.0,0.0,,0.0,0.0,0.0
2020-10-13,1940.0,0.0,0.0,2130.0,1865.0,2130.0,190.0,5500.0,10327000.0,8.0,199.7,2000.0,600.0,1890.0,200.0,656249710.0,656249710.0,656249710.0,5000.0,4800.0,,0.0,0.0,0.0
2020-10-14,2130.0,0.0,0.0,2130.0,1985.0,2030.0,-100.0,32500.0,65116000.0,33.0,190.3,2050.0,100.0,2040.0,4000.0,656249710.0,656249710.0,656249710.0,2500.0,0.0,,0.0,0.0,0.0
2020-10-15,2030.0,0.0,0.0,2070.0,2000.0,2000.0,-30.0,8200.0,16720000.0,10.0,187.5,2050.0,6400.0,1990.0,100.0,656249710.0,656249710.0,656249710.0,4000.0,0.0,,0.0,0.0,0.0
2020-10-16,2000.0,0.0,0.0,2100.0,1930.0,2100.0,100.0,2400.0,4788500.0,11.0,196.9,2100.0,59900.0,1920.0,200.0,656249710.0,656249710.0,656249710.0,1400.0,0.0,,0.0,0.0,0.0
2020-10-19,2100.0,0.0,0.0,2080.0,1985.0,2020.0,-80.0,14400.0,29155500.0,13.0,189.4,2060.0,100.0,2020.0,4200.0,656249710.0,656249710.0,656249710.0,6100.0,10800.0,,0.0,0.0,0.0
2020-10-20,2020.0,0.0,0.0,2070.0,1910.0,1910.0,-110.0,6800.0,13312000.0,12.0,179.1,2010.0,27700.0,1910.0,30000.0,656249710.0,656249710.0,656249710.0,2100.0,0.0,,0.0,0.0,0.0
2020-10-21,1910.0,0.0,0.0,1975.0,1910.0,1975.0,65.0,5200.0,9945000.0,4.0,185.2,1980.0,2000.0,1920.0,100.0,656249710.0,656249710.0,656249710.0,4900.0,0.0,,0.0,0.0,0.0
2020-10-22,1975.0,0.0,0.0,2040.0,1905.0,2040.0,65.0,2500.0,4879000.0,16.0,191.2,2010.0,500.0,1915.0,200.0,656249710.0,656249710.0,656249710.0,1700.0,0.0,,0.0,0.0,0.0
2020-10-23,2040.0,0.0,0.0,1965.0,1920.0,1920.0,-120.0,7800.0,15134000.0,19.0,180.0,1960.0,100.0,1920.0,1700.0,656249710.0,656249710.0,656249710.0,2000.0,0.0,,0.0,0.0,0.0
2020-10-26,1920.0,0.0,0.0,1960.0,1920.0,1920.0,0.0,2700.0,5196000.0,6.0,180.0,1960.0,100.0,1920.0,400.0,656249710.0,656249710.0,656249710.0,2400.0,0.0,,0.0,0.0,0.0
2020-10-27,1920.0,0.0,0.0,1955.0,1920.0,1920.0,0.0,2100.0,4035500.0,4.0,180.0,1950.0,1000.0,1915.0,1500.0,656249710.0,656249710.0,656249710.0,2000.0,0.0,,0.0,0.0,0.0
2020-11-02,1920.0,0.0,0.0,1915.0,1875.0,1890.0,-30.0,2200.0,4158500.0,13.0,177.2,1910.0,600.0,1890.0,100.0,656249710.0,656249710.0,656249710.0,1500.0,0.0,,0.0,0.0,0.0
2020-11-03,1890.0,0.0,0.0,1945.0,1865.0,1945.0,55.0,17700.0,33041000.0,7.0,182.3,1935.0,300.0,1890.0,200.0,656249710.0,656249710.0,656249710.0,16900.0,16900.0,,0.0,0.0,0.0
2020-11-04,1945.0,0.0,0.0,1925.0,1885.0,1885.0,-60.0,1500.0,2832500.0,5.0,176.7,1935.0,800.0,1890.0,900.0,656249710.0,656249710.0,656249710.0,1400.0,0.0,,0.0,0.0,0.0
2020-11-05,1885.0,0.0,0.0,1955.0,1885.0,1950.0,65.0,5200.0,9948000.0,19.0,182.8,1945.0,2000.0,1900.0,10000.0,656249710.0,656249710.0,656249710.0,2500.0,0.0,,0.0,0.0,0.0
2020-11-06,1950.0,0.0,0.0,1980.0,1920.0,1975.0,25.0,15400.0,29844000.0,15.0,185.2,1975.0,900.0,1925.0,100.0,656249710.0,656249710.0,656249710.0,9100.0,10100.0,,0.0,0.0,0.0
2020-11-09,1975.0,0.0,0.0,1950.0,1880.0,1925.0,-50.0,28100.0,53335000.0,30.0,180.5,1925.0,800.0,1900.0,10900.0,656249710.0,656249710.0,656249710.0,5200.0,4000.0,,0.0,0.0,0.0
2020-11-10,1925.0,0.0,0.0,1955.0,1925.0,1925.0,0.0,34700.0,66809000.0,30.0,180.5,1950.0,500.0,1925.0,3100.0,656249710.0,656249710.0,656249710.0,6300.0,32900.0,,0.0,0.0,0.0
2020-11-11,1925.0,0.0,0.0,1975.0,1925.0,1975.0,50.0,7500.0,14447500.0,7.0,185.2,1975.0,2800.0,1925.0,900.0,656249710.0,656249710.0,656249710.0,6000.0,4300.0,,0.0,0.0,0.0
2020-11-12,1975.0,0.0,0.0,1945.0,1920.0,1945.0,-30.0,2800.0,5381000.0,6.0,182.3,1945.0,2000.0,1900.0,3000.0,656249710.0,656249710.0,656249710.0,2500.0,100.0,,0.0,0.0,0.0
2020-11-13,1945.0,0.0,0.0,1910.0,1885.0,1910.0,-35.0,6000.0,11450500.0,8.0,179.1,1935.0,200.0,1910.0,6500.0,656249710.0,656249710.0,656249710.0,2000.0,5500.0,,0.0,0.0,0.0
2020-11-16,1910.0,0.0,0.0,1955.0,1915.0,1955.0,45.0,2700.0,5188000.0,8.0,183.3,1955.0,3600.0,1920.0,1300.0,656249710.0,656249710.0,656249710.0,2000.0,0.0,,0.0,0.0,0.0
2020-11-17,1955.0,0.0,0.0,1950.0,1925.0,1950.0,-5.0,18700.0,36162500.0,11.0,182.8,1945.0,4600.0,1925.0,8100.0,656249710.0,656249710.0,656249710.0,8000.0,10000.0,,0.0,0.0,0.0
2020-11-18,1950.0,0.0,0.0,1950.0,1930.0,1945.0,-5.0,6500.0,12583000.0,6.0,182.3,1945.0,3000.0,1940.0,1500.0,656249710.0,656249710.0,656249710.0,6400.0,4000.0,,0.0,0.0,0.0
2020-11-19,1945.0,0.0,0.0,1940.0,1930.0,1940.0,-5.0,9900.0,19186000.0,9.0,181.9,1945.0,1900.0,1940.0,1000.0,656249710.0,656249710.0,656249710.0,9700.0,2000.0,,0.0,0.0,0.0
2020-11-20,1940.0,0.0,0.0,1955.0,1920.0,1950.0,10.0,14300.0,27833500.0,15.0,182.8,1970.0,10000.0,1950.0,3300.0,656249710.0,656249710.0,656249710.0,2000.0,13100.0,,0.0,0.0,0.0
2020-11-23,1950.0,0.0,0.0,1960.0,1920.0,1950.0,0.0,16500.0,32092500.0,13.0,182.8,1960.0,7000.0,1950.0,1000.0,656249710.0,656249710.0,656249710.0,16300.0,11200.0,,0.0,0.0,0.0
2020-11-24,1950.0,0.0,0.0,1950.0,1915.0,1940.0,-10.0,20500.0,39710000.0,18.0,181.9,1940.0,18900.0,1915.0,53000.0,656249710.0,656249710.0,656249710.0,2500.0,0.0,,0.0,0.0,0.0
2020-11-25,1940.0,0.0,0.0,1955.0,1920.0,1955.0,15.0,12000.0,23121500.0,10.0,183.3,1950.0,1000.0,1925.0,1800.0,656249710.0,656249710.0,656249710.0,3900.0,0.0,,0.0,0.0,0.0
2020-11-26,1955.0,0.0,0.0,1960.0,1930.0,1960.0,5.0,54600.0,105830500.0,15.0,183.7,1960.0,1500.0,1940.0,9400.0,656249710.0,656249710.0,656249710.0,25000.0,20600.0,,0.0,0.0,0.0
2020-11-27,1960.0,0.0,0.0,2030.0,1965.0,1975.0,15.0,15800.0,31405500.0,11.0,185.2,1975.0,400.0,1965.0,200.0,656249710.0,656249710.0,656249710.0,10100.0,100.0,,0.0,0.0,0.0
2020-11-30,1975.0,0.0,0.0,1990.0,1970.0,1975.0,0.0,66500.0,131616500.0,31.0,185.2,2000.0,2300.0,1975.0,1700.0,656249710.0,656249710.0,656249710.0,34800.0,55000.0,,0.0,0.0,0.0
2020-12-01,1975.0,0.0,0.0,1970.0,1900.0,1950.0,-25.0,11600.0,22404500.0,13.0,182.8,1970.0,600.0,1905.0,10400.0,656249710.0,656249710.0,656249710.0,4800.0,0.0,,0.0,0.0,0.0
2020-12-02,1950.0,0.0,0.0,1940.0,1900.0,1940.0,-10.0,5000.0,9515500.0,7.0,181.9,1955.0,200.0,1925.0,100.0,656249710.0,656249710.0,656249710.0,4500.0,0.0,,75.0,75000.0,1.0
2020-12-03,1940.0,0.0,0.0,1940.0,1900.0,1930.0,-10.0,5300.0,10132000.0,9.0,180.9,1950.0,500.0,1940.0,2000.0,656249710.0,656249710.0,656249710.0,4000.0,0.0,,0.0,0.0,0.0
2020-12-04,1930.0,0.0,0.0,1940.0,1900.0,1940.0,10.0,5900.0,11319000.0,21.0,181.9,1940.0,1000.0,1910.0,1000.0,656249710.0,656249710.0,656249710.0,3300.0,0.0,,0.0,0.0,0.0
2020-12-07,1940.0,0.0,0.0,1960.0,1910.0,1955.0,15.0,6100.0,11715000.0,19.0,183.3,1955.0,100.0,1940.0,100.0,656249710.0,656249710.0,656249710.0,3000.0,800.0,,0.0,0.0,0.0
2020-12-08,1955.0,0.0,0.0,1955.0,1945.0,1950.0,-5.0,37600.0,73262000.0,23.0,182.8,1955.0,2300.0,1950.0,400.0,656249710.0,656249710.0,656249710.0,32700.0,13800.0,,0.0,0.0,0.0
2020-12-10,1950.0,0.0,0.0,1960.0,1900.0,1930.0,-20.0,4200.0,8068000.0,12.0,180.9,1960.0,1900.0,1930.0,300.0,656249710.0,656249710.0,656249710.0,3400.0,0.0,,0.0,0.0,0.0
2020-12-11,1930.0,0.0,0.0,1950.0,1930.0,1950.0,20.0,17900.0,34887000.0,14.0,182.8,1950.0,600.0,1905.0,100.0,656249710.0,656249710.0,656249710.0,1000.0,17900.0,,0.0,0.0,0.0
2020-12-14,1950.0,0.0,0.0,1960.0,1925.0,1930.0,-20.0,3200.0,6196000.0,14.0,180.9,1965.0,300.0,1930.0,3800.0,656249710.0,656249710.0,656249710.0,2200.0,0.0,,0.0,0.0,0.0
2020-12-15,1930.0,0.0,0.0,0.0,0.0,1930.0,0.0,0.0,0.0,0.0,180.9,1960.0,53000.0,1930.0,2500.0,656249710.0,656249710.0,656249710.0,0.0,0.0,,0.0,0.0,0.0
2020-12-16,1930.0,0.0,0.0,1970.0,1915.0,1930.0,0.0,57600.0,111150500.0,28.0,180.9,1930.0,500.0,1920.0,2100.0,656249710.0,656249710.0,656249710.0,2400.0,55100.0,,0.0,0.0,0.0
2020-12-17,1930.0,0.0,0.0,1955.0,1930.0,1930.0,0.0,2800.0,5406500.0,18.0,180.9,1940.0,200.0,1930.0,500.0,656249710.0,656249710.0,656249710.0,2200.0,1900.0,,0.0,0.0,0.0
2020-12-18,1930.0,0.0,0.0,1935.0,1925.0,1930.0,0.0,1400.0,2698000.0,8.0,180.9,1960.0,1000.0,1930.0,600.0,656249710.0,656249710.0,656249710.0,1200.0,0.0,,0.0,0.0,0.0
2020-12-21,1930.0,0.0,0.0,1930.0,1930.0,1930.0,0.0,16600.0,32038000.0,25.0,180.9,1995.0,100.0,1930.0,500.0,656249710.0,656249710.0,656249710.0,1800.0,16300.0,,0.0,0.0,0.0
2020-12-22,1930.0,0.0,0.0,1935.0,1915.0,1915.0,-15.0,5600.0,10825500.0,11.0,179.5,1935.0,1000.0,1915.0,300.0,656249710.0,656249710.0,656249710.0,5000.0,0.0,,0.0,0.0,0.0
2020-12-23,1915.0,0.0,0.0,1955.0,1925.0,1925.0,10.0,1000.0,1930500.0,8.0,180.5,1950.0,5900.0,1925.0,700.0,656249710.0,656249710.0,656249710.0,700.0,700.0,,0.0,0.0,0.0
2020-12-28,1925.0,0.0,0.0,1995.0,1920.0,1930.0,5.0,7200.0,13889000.0,18.0,180.9,2070.0,3400.0,1930.0,600.0,656249710.0,656249710.0,656249710.0,800.0,1500.0,,0.0,0.0,0.0
2020-12-29,1930.0,0.0,0.0,2070.0,1920.0,2010.0,80.0,10300.0,20069500.0,37.0,188.4,2010.0,9800.0,1930.0,500.0,656249710.0,656249710.0,656249710.0,1400.0,6000.0,,0.0,0.0,0.0
2020-12-30,2010.0,0.0,0.0,2010.0,2000.0,2000.0,-10.0,11600.0,23201000.0,18.0,187.5,2000.0,6300.0,1935.0,100.0,656249710.0,656249710.0,656249710.0,800.0,0.0,,0.0,0.0,0.0
2021-01-04,2000.0,0.0,0.0,2000.0,1860.0,1895.0,-105.0,3900.0,7559000.0,16.0,177.7,1985.0,100.0,1895.0,3100.0,656249710.0,656249710.0,656249710.0,700.0,0.0,,0.0,0.0,0.0
2021-01-05,1895.0,0.0,0.0,1995.0,1895.0,1925.0,30.0,3600.0,6964500.0,27.0,180.5,1995.0,1100.0,1925.0,200.0,656249710.0,656249710.0,656249710.0,1200.0,0.0,,0.0,0.0,0.0
2021-01-06,1925.0,0.0,0.0,1930.0,1870.0,1875.0,-50.0,1900.0,3572000.0,9.0,175.8,1990.0,100.0,1880.0,500.0,656249710.0,656249710.0,656249710.0,500.0,0.0,,0.0,0.0,0.0
2021-01-07,1875.0,0.0,0.0,1925.0,1870.0,1925.0,50.0,2800.0,5286500.0,23.0,180.5,1925.0,300.0,1885.0,500.0,656249710.0,656249710.0,656249710.0,1000.0,0.0,,0.0,0.0,0.0
2021-01-08,1925.0,0.0,0.0,1940.0,1885.0,1895.0,-30.0,2500.0,4796500.0,18.0,177.7,1935.0,100.0,1895.0,2900.0,656249710.0,656249710.0,656249710.0,2000.0,0.0,,0.0,0.0,0.0
2021-01-11,1895.0,0.0,0.0,1940.0,1895.0,1900.0,5.0,1800.0,3425500.0,15.0,178.1,1920.0,100.0,1900.0,1900.0,656249710.0,656249710.0,656249710.0,1000.0,0.0,,0.0,0.0,0.0
2021-01-12,1900.0,0.0,0.0,1990.0,1900.0,1900.0,0.0,5900.0,11409000.0,23.0,178.1,1930.0,200.0,1905.0,1900.0,656249710.0,656249710.0,656249710.0,2900.0,0.0,,0.0,0.0,0.0
2021-01-13,1900.0,0.0,0.0,1975.0,1930.0,1930.0,30.0,3300.0,6379000.0,19.0,180.9,1950.0,5000.0,1925.0,100.0,656249710.0,656249710.0,656249710.0,900.0,0.0,,0.0,0.0,0.0
2021-01-14,1930.0,0.0,0.0,1930.0,1885.0,1900.0,-30.0,37300.0,71128000.0,36.0,178.1,1975.0,100.0,1900.0,200.0,656249710.0,656249710.0,656249710.0,27000.0,0.0,,0.0,0.0,0.0
2021-01-15,1900.0,0.0,0.0,1920.0,1890.0,1890.0,-10.0,4100.0,7766500.0,19.0,177.2,1920.0,200.0,1890.0,500.0,656249710.0,656249710.0,656249710.0,1000.0,0.0,,0.0,0.0,0.0
2021-01-18,1890.0,0.0,0.0,1925.0,1875.0,1920.0,30.0,13700.0,25920500.0,42.0,180.0,1925.0,900.0,1920.0,5800.0,656249710.0,656249710.0,656249710.0,1000.0,0.0,,0.0,0.0,0.0
2021-01-19,1920.0,0.0,0.0,1920.0,1885.0,1885.0,-35.0,2200.0,4183500.0,14.0,176.7,1985.0,100.0,1885.0,200.0,656249710.0,656249710.0,656249710.0,1200.0,0.0,,0.0,0.0,0.0
2021-01-20,1885.0,0.0,0.0,1925.0,1885.0,1885.0,0.0,1200.0,2267500.0,10.0,176.7,1915.0,100.0,1885.0,200.0,656249710.0,656249710.0,656249710.0,600.0,0.0,,0.0,0.0,0.0
2021-01-21,1885.0,0.0,0.0,1980.0,1880.0,1960.0,75.0,15000.0,29122000.0,38.0,183.7,1955.0,100.0,1895.0,100.0,656249710.0,656249710.0,656249710.0,1000.0,0.0,,0.0,0.0,0.0
2021-01-22,1960.0,0.0,0.0,1960.0,1880.0,1880.0,-80.0,7200.0,13608500.0,22.0,176.2,1950.0,100.0,1880.0,6200.0,656249710.0,656249710.0,656249710.0,800.0,0.0,,0.0,0.0,0.0
2021-01-25,1880.0,0.0,0.0,1880.0,1870.0,1870.0,-10.0,1800.0,3370500.0,15.0,175.3,1955.0,400.0,1875.0,3000.0,656249710.0,656249710.0,656249710.0,1100.0,0.0,,0.0,0.0,0.0
2021-01-26,1870.0,0.0,0.0,1880.0,1870.0,1870.0,0.0,11700.0,21901000.0,20.0,175.3,1935.0,100.0,1870.0,69700.0,656249710.0,656249710.0,656249710.0,1200.0,9500.0,,0.0,0.0,0.0
2021-01-27,1870.0,0.0,0.0,1875.0,1860.0,1860.0,-10.0,62000.0,115443000.0,19.0,174.4,1870.0,900.0,1850.0,300.0,656249710.0,656249710.0,656249710.0,300.0,59600.0,,0.0,0.0,0.0
2021-01-28,1860.0,0.0,0.0,1920.0,1860.0,1860.0,0.0,51300.0,95448000.0,33.0,174.4,1875.0,5000.0,1865.0,1000.0,656249710.0,656249710.0,656249710.0,10600.0,37600.0,,0.0,0.0,0.0
2021-01-29,1860.0,0.0,0.0,1895.0,1865.0,1865.0,5.0,3800.0,7192000.0,11.0,174.8,1900.0,100.0,1860.0,300.0,656249710.0,656249710.0,656249710.0,2300.0,0.0,,0.0,0.0,0.0
2021-02-01,1865.0,0.0,0.0,1895.0,1860.0,1880.0,15.0,5100.0,9542500.0,13.0,176.2,1895.0,200.0,1875.0,500.0,656249710.0,656249710.0,656249710.0,2500.0,2000.0,,0.0,0.0,0.0
2021-02-02,1880.0,0.0,0.0,1875.0,1850.0,1860.0,-20.0,7800.0,14574000.0,14.0,174.4,1895.0,100.0,1860.0,10000.0,656249710.0,656249710.0,656249710.0,800.0,5100.0,,0.0,0.0,0.0
2021-02-03,1860.0,0.0,0.0,1915.0,1870.0,1870.0,10.0,5400.0,10107500.0,12.0,175.3,1885.0,100.0,1870.0,1400.0,656249710.0,656249710.0,656249710.0,600.0,4000.0,,0.0,0.0,0.0
2021-02-04,1870.0,0.0,0.0,1935.0,1860.0,1865.0,-5.0,6300.0,11788500.0,25.0,174.8,1895.0,100.0,1865.0,500.0,656249710.0,656249710.0,656249710.0,1000.0,2200.0,,0.0,0.0,0.0
2021-02-05,1865.0,0.0,0.0,1880.0,1865.0,1870.0,5.0,1300.0,2433000.0,13.0,175.3,1910.0,100.0,1870.0,1000.0,656249710.0,656249710.0,656249710.0,700.0,0.0,,0.0,0.0,0.0
2021-02-08,1870.0,0.0,0.0,1900.0,1870.0,1875.0,5.0,7900.0,14842500.0,19.0,175.8,1885.0,500.0,1875.0,1200.0,656249710.0,656249710.0,656249710.0,6500.0,0.0,,0.0,0.0,0.0
2021-02-09,1875.0,0.0,0.0,1875.0,1870.0,1870.0,-5.0,3600.0,6745500.0,15.0,175.3,1880.0,5000.0,1870.0,8500.0,656249710.0,656249710.0,656249710.0,1100.0,0.0,,0.0,0.0,0.0
2021-02-10,1870.0,0.0,0.0,1880.0,1875.0,1875.0,5.0,200.0,375500.0,2.0,175.8,1885.0,300.0,1875.0,400.0,656249710.0,656249710.0,656249710.0,100.0,0.0,,0.0,0.0,0.0
2021-02-11,1875.0,0.0,0.0,1880.0,1870.0,1870.0,-5.0,1300.0,2433000.0,11.0,175.3,1895.0,200.0,1870.0,6300.0,656249710.0,656249710.0,656249710.0,800.0,1000.0,,0.0,0.0,0.0
2021-02-15,1870.0,0.0,0.0,1900.0,1870.0,1875.0,5.0,3100.0,5845000.0,18.0,175.8,1915.0,100.0,1870.0,800.0,656249710.0,656249710.0,656249710.0,900.0,0.0,,0.0,0.0,0.0
2021-02-16,1875.0,0.0,0.0,1880.0,1870.0,1870.0,-5.0,1900.0,3561000.0,14.0,175.3,1890.0,400.0,1870.0,4900.0,656249710.0,656249710.0,656249710.0,800.0,500.0,,0.0,0.0,0.0
2021-02-17,1870.0,0.0,0.0,1870.0,1865.0,1865.0,-5.0,6400.0,11963500.0,15.0,174.8,1890.0,600.0,1865.0,10700.0,656249710.0,656249710.0,656249710.0,800.0,0.0,,0.0,0.0,0.0
2021-02-18,1865.0,0.0,0.0,1890.0,1865.0,1885.0,20.0,4500.0,8479500.0,19.0,176.7,1890.0,100.0,1880.0,300.0,656249710.0,656249710.0,656249710.0,1000.0,0.0,,0.0,0.0,0.0
2021-02-19,1885.0,0.0,0.0,1910.0,1870.0,1870.0,-15.0,7600.0,14378500.0,19.0,175.3,1890.0,2000.0,1870.0,18600.0,656249710.0,656249710.0,656249710.0,1000.0,0.0,,0.0,0.0,0.0
2021-02-22,1870.0,0.0,0.0,1880.0,1870.0,1880.0,10.0,2400.0,4499000.0,11.0,176.2,1905.0,300.0,1870.0,3500.0,656249710.0,656249710.0,656249710.0,400.0,0.0,,0.0,0.0,0.0
2021-02-23,1880.0,0.0,0.0,1880.0,1880.0,1880.0,0.0,300.0,564000.0,2.0,176.2,1900.0,100.0,1880.0,500.0,656249710.0,656249710.0,656249710.0,0.0,0.0,,0.0,0.0,0.0
2021-02-24,1880.0,0.0,0.0,0.0,0.0,1880.0,0.0,0.0,0.0,0.0,176.2,1915.0,400.0,1875.0,1000.0,656249710.0,656249710.0,656249710.0,0.0,0.0,,0.0,0.0,0.0
2021-02-25,1880.0,0.0,0.0,1900.0,1880.0,1900.0,20.0,1300.0,2448000.0,4.0,178.1,1900.0,500.0,1875.0,100.0,656249710.0,656249710.0,656249710.0,0.0,0.0,,0.0,0.0,0.0
2021-02-26,1900.0,0.0,0.0,1885.0,1880.0,1885.0,-15.0,400.0,753500.0,3.0,176.7,1885.0,200.0,1875.0,100.0,656249710.0,656249710.0,656249710.0,0.0,0.0,,0.0,0.0,0.0
2021-03-01,1885.0,0.0,0.0,1885.0,1865.0,1870.0,-15.0,15500.0,28993000.0,15.0,175.3,1880.0,1000.0,1870.0,15400.0,656249710.0,656249710.0,656249710.0,0.0,8300.0,,0.0,0.0,0.0
2021-03-02,1870.0,0.0,0.0,1885.0,1870.0,1870.0,0.0,11800.0,22161500.0,18.0,175.3,1880.0,400.0,1870.0,400.0,656249710.0,656249710.0,656249710.0,0.0,0.0,,0.0,0.0,0.0
2021-03-03,1870.0,0.0,0.0,1870.0,1870.0,1870.0,0.0,800.0,1496000.0,3.0,175.3,1895.0,300.0,1870.0,700.0,656249710.0,656249710.0,656249710.0,0.0,0.0,,0.0,0.0,0.0
2021-03-04,1870.0,0.0,0.0,1885.0,1870.0,1885.0,15.0,1300.0,2438500.0,9.0,176.7,1885.0,400.0,1870.0,600.0,656249710.0,656249710.0,656249710.0,0.0,0.0,,0.0,0.0,0.0
2021-03-05,1885.0,0.0,0.0,1885.0,1870.0,1875.0,-10.0,5200.0,9734000.0,6.0,175.8,1885.0,500.0,1875.0,1100.0,656249710.0,656249710.0,656249710.0,0.0,4000.0,,0.0,0.0,0.0
2021-03-08,1875.0,0.0,0.0,1880.0,1880.0,1880.0,5.0,100.0,188000.0,1.0,176.2,1880.0,8700.0,1870.0,15700.0,656249710.0,656249710.0,656249710.0,100.0,0.0,,0.0,0.0,0.0
2021-03-09,1880.0,0.0,0.0,1895.0,1870.0,1885.0,5.0,2500.0,4717500.0,9.0,176.7,1885.0,5200.0,1880.0,1700.0,656249710.0,656249710.0,656249710.0,200.0,500.0,,0.0,0.0,0.0
2021-03-10,1885.0,0.0,0.0,1890.0,1880.0,1890.0,5.0,1000.0,1886000.0,7.0,177.2,1895.0,300.0,1875.0,1000.0,656249710.0,656249710.0,656249710.0,0.0,0.0,,0.0,0.0,0.0
2021-03-12,1890.0,0.0,0.0,1885.0,1870.0,1870.0,-20.0,2500.0,4677500.0,7.0,175.3,1885.0,100.0,1870.0,300.0,656249710.0,656249710.0,656249710.0,2200.0,0.0,,0.0,0.0,0.0
2021-03-15,1870.0,0.0,0.0,1895.0,1870.0,1875.0,5.0,1800.0,3375500.0,8.0,175.8,1895.0,200.0,1870.0,900.0,656249710.0,656249710.0,656249710.0,0.0,1000.0,,0.0,0.0,0.0
2021-03-16,1875.0,0.0,0.0,1875.0,1870.0,1870.0,-5.0,7000.0,13092000.0,12.0,175.3,1890.0,300.0,1865.0,200.0,656249710.0,656249710.0,656249710.0,7000.0,3500.0,,0.0,0.0,0.0
2021-03-17,1870.0,0.0,0.0,1870.0,1870.0,1870.0,0.0,1000.0,1870000.0,6.0,175.3,1885.0,100.0,1870.0,4700.0,656249710.0,656249710.0,656249710.0,0.0,0.0,,0.0,0.0,0.0
2021-03-18,1870.0,0.0,0.0,1875.0,1870.0,1870.0,0.0,6500.0,12163000.0,9.0,175.3,1880.0,4900.0,1870.0,7900.0,656249710.0,656249710.0,656249710.0,0.0,0.0,,0.0,0.0,0.0
2021-03-19,1870.0,0.0,0.0,1880.0,1870.0,1880.0,10.0,5800.0,10850500.0,4.0,176.2,1880.0,2100.0,1875.0,300.0,656249710.0,656249710.0,656249710.0,5000.0,4900.0,,0.0,0.0,0.0
2021-03-22,1880.0,0.0,0.0,1880.0,1875.0,1875.0,-5.0,2900.0,5441000.0,7.0,175.8,1880.0,1500.0,1875.0,300.0,656249710.0,656249710.0,656249710.0,0.0,0.0,,0.0,0.0,0.0
2021-03-23,1875.0,0.0,0.0,1885.0,1885.0,1885.0,10.0,1500.0,2827500.0,5.0,176.7,1885.0,200.0,1875.0,300.0,656249710.0,656249710.0,656249710.0,0.0,0.0,,0.0,0.0,0.0
2021-03-24,1885.0,0.0,0.0,1880.0,1870.0,1870.0,-15.0,5600.0,10497000.0,9.0,175.3,1905.0,100.0,1875.0,100.0,656249710.0,656249710.0,656249710.0,0.0,2900.0,,0.0,0.0,0.0
2021-03-25,1870.0,0.0,0.0,1875.0,1870.0,1870.0,0.0,1000.0,1871000.0,3.0,175.3,1875.0,10800.0,1870.0,100.0,656249710.0,656249710.0,656249710.0,0.0,800.0,,0.0,0.0,0.0
2021-03-26,1870.0,0.0,0.0,1875.0,1865.0,1865.0,-5.0,23900.0,44628000.0,12.0,174.8,1885.0,100.0,1870.0,100.0,656249710.0,656249710.0,656249710.0,13000.0,6400.0,,0.0,0.0,0.0
2021-03-29,1865.0,0.0,0.0,1875.0,1875.0,1875.0,10.0,500.0,937500.0,1.0,175.8,1875.0,100.0,1870.0,100.0,656249710.0,656249710.0,656249710.0,0.0,0.0,,0.0,0.0,0.0
2021-03-30,1875.0,0.0,0.0,1875.0,1860.0,1860.0,-15.0,1500.0,2794500.0,5.0,174.4,1880.0,700.0,1870.0,500.0,656249710.0,656249710.0,656249710.0,0.0,1000.0,,0.0,0.0,0.0
2021-03-31,1860.0,0.0,0.0,1875.0,1870.0,1870.0,10.0,400.0,748500.0,4.0,175.3,1875.0,200.0,1850.0,500.0,656249710.0,656249710.0,656249710.0,0.0,0.0,,0.0,0.0,0.0
2021-04-01,1870.0,0.0,0.0,1865.0,1805.0,1825.0,-45.0,66800.0,120723000.0,20.0,171.1,1825.0,100.0,1820.0,100.0,656249710.0,656249710.0,656249710.0,0.0,1500.0,,0.0,0.0,0.0
2021-04-05,1825.0,0.0,0.0,1890.0,1830.0,1870.0,45.0,1000.0,1865000.0,9.0,175.3,1870.0,300.0,1830.0,300.0,656249710.0,656249710.0,656249710.0,0.0,0.0,,0.0,0.0,0.0
2021-04-06,1870.0,0.0,0.0,1870.0,1850.0,1865.0,-5.0,2000.0,3732000.0,10.0,174.8,1870.0,700.0,1830.0,100.0,656249710.0,656249710.0,656249710.0,0.0,0.0,,0.0,0.0,0.0
2021-04-07,1865.0,0.0,0.0,1865.0,1860.0,1865.0,0.0,1600.0,2982500.0,6.0,174.8,1875.0,500.0,1860.0,100.0,656249710.0,656249710.0,656249710.0,0.0,0.0,,0.0,0.0,0.0
2021-04-08,1865.0,0.0,0.0,1855.0,1855.0,1855.0,-10.0,1300.0,2411500.0,6.0,173.9,1860.0,100.0,1840.0,200.0,656249710.0,656249710.0,656249710.0,0.0,0.0,,0.0,0.0,0.0
2021-04-09,1855.0,0.0,0.0,1865.0,1850.0,1860.0,5.0,1800.0,3348500.0,8.0,174.4,1860.0,20000.0,1845.0,100.0,656249710.0,656249710.0,656249710.0,0.0,0.0,,0.0,0.0,0.0
2021-04-12,1860.0,0.0,0.0,1860.0,1850.0,1860.0,0.0,22800.0,42182000.0,3.0,174.4,1865.0,1000.0,1850.0,5200.0,656249710.0,656249710.0,656249710.0,0.0,22500.0,,0.0,0.0,0.0
2021-04-13,1860.0,0.0,0.0,1870.0,1870.0,1870.0,10.0,400.0,748000.0,4.0,175.3,1870.0,200.0,1850.0,1400.0,656249710.0,656249710.0,656249710.0,0.0,0.0,,0.0,0.0,0.0
2021-04-14,1870.0,0.0,0.0,1870.0,1850.0,1850.0,-20.0,6000.0,11114000.0,10.0,173.4,1870.0,800.0,1850.0,100.0,656249710.0,656249710.0,656249710.0,0.0,0.0,,0.0,0.0,0.0
2021-04-15,1850.0,0.0,0.0,1850.0,1805.0,1805.0,-45.0,40900.0,74159000.0,17.0,169.2,1860.0,5000.0,1805.0,8300.0,656249710.0,656249710.0,656249710.0,0.0,0.0,,0.0,0.0,0.0
2021-04-16,1805.0,0.0,0.0,1845.0,1845.0,1845.0,40.0,300.0,553500.0,2.0,173.0,1860.0,24200.0,1820.0,1000.0,656249710.0,656249710.0,656249710.0,0.0,0.0,,0.0,0.0,0.0
2021-04-19,1845.0,0.0,0.0,1885.0,1865.0,1865.0,20.0,700.0,1313500.0,5.0,174.8,1865.0,400.0,1840.0,100.0,656249710.0,656249710.0,656249710.0,0.0,0.0,,0.0,0.0,0.0
2021-04-20,1865.0,0.0,0.0,1855.0,1840.0,1845.0,-20.0,1800.0,3326500.0,8.0,173.0,1845.0,900.0,1810.0,2500.0,656249710.0,656249710.0,656249710.0,0.0,0.0,,0.0,0.0,0.0
2021-04-21,1845.0,0.0,0.0,1860.0,1805.0,1815.0,-30.0,23700.0,42922000.0,23.0,170.2,1845.0,500.0,1815.0,1100.0,656249710.0,656249710.0,656249710.0,0.0,0.0,,0.0,0.0,0.0
2021-04-22,1815.0,0.0,0.0,1885.0,1800.0,1805.0,-10.0,11700.0,21155500.0,23.0,169.2,1820.0,300.0,1805.0,500.0,656249710.0,656249710.0,656249710.0,0.0,0.0,,0.0,0.0,0.0
2021-04-23,1805.0,0.0,0.0,1825.0,1800.0,1805.0,0.0,2900.0,5270000.0,10.0,169.2,1820.0,8500.0,1805.0,300.0,656249710.0,656249710.0,656249710.0,0.0,0.0,,0.0,0.0,0.0
2021-04-26,1805.0,0.0,0.0,1820.0,1805.0,1805.0,0.0,4800.0,8681000.0,10.0,169.2,1815.0,4000.0,1800.0,300.0,656249710.0,656249710.0,656249710.0,0.0,0.0,,0.0,0.0,0.0
2021-04-27,1805.0,0.0,0.0,1815.0,1800.0,1800.0,-5.0,700.0,1266000.0,6.0,168.7,1815.0,2200.0,1800.0,3300.0,656249710.0,656249710.0,656249710.0,0.0,0.0,,0.0,0.0,0.0
2021-04-28,1800.0,0.0,0.0,1800.0,1750.0,1800.0,0.0,14300.0,25285500.0,28.0,168.7,1800.0,500.0,1775.0,100.0,656249710.0,656249710.0,656249710.0,0.0,0.0,,0.0,0.0,0.0
2021-04-29,1800.0,0.0,0.0,1820.0,1800.0,1815.0,15.0,3900.0,7034500.0,6.0,170.2,1815.0,300.0,1800.0,2200.0,656249710.0,656249710.0,656249710.0,0.0,0.0,,0.0,0.0,0.0
2021-04-30,1815.0,0.0,0.0,1820.0,1800.0,1800.0,-15.0,1400.0,2528000.0,7.0,168.7,1815.0,900.0,1800.0,2800.0,656249710.0,656249710.0,656249710.0,0.0,0.0,,0.0,0.0,0.0
2021-05-03,1800.0,0.0,0.0,1835.0,1800.0,1835.0,35.0,800.0,1447000.0,5.0,172.0,1825.0,300.0,1800.0,800.0,656249710.0,656249710.0,656249710.0,0.0,0.0,,0.0,0.0,0.0
2021-05-04,1835.0,0.0,0.0,1825.0,1780.0,1780.0,-55.0,22000.0,39268000.0,31.0,166.9,1810.0,500.0,1780.0,1400.0,656249710.0,656249710.0,656249710.0,0.0,0.0,,0.0,0.0,0.0
2021-05-05,1780.0,0.0,0.0,1815.0,1800.0,1800.0,20.0,16700.0,30152500.0,15.0,168.7,1800.0,4000.0,1795.0,300.0,656249710.0,656249710.0,656249710.0,0.0,0.0,,0.0,0.0,0.0
2021-05-06,1800.0,0.0,0.0,1865.0,1800.0,1800.0,0.0,34500.0,62468500.0,43.0,168.7,1830.0,2000.0,1785.0,1000.0,656249710.0,656249710.0,656249710.0,0.0,0.0,,0.0,0.0,0.0
2021-05-07,1800.0,0.0,0.0,1860.0,1805.0,1805.0,5.0,24100.0,43939500.0,54.0,169.2,1830.0,100.0,1805.0,12300.0,656249710.0,656249710.0,656249710.0,0.0,0.0,,0.0,0.0,0.0
2021-05-10,1805.0,0.0,0.0,1930.0,1835.0,1915.0,110.0,43100.0,81029500.0,79.0,179.5,1920.0,2100.0,1915.0,100.0,656249710.0,656249710.0,656249710.0,0.0,0.0,,0.0,0.0,0.0
2021-05-11,1915.0,0.0,0.0,1925.0,1810.0,1910.0,-5.0,7100.0,13378500.0,25.0,179.1,1910.0,10800.0,1860.0,100.0,656249710.0,656249710.0,656249710.0,0.0,0.0,,0.0,0.0,0.0
2021-05-17,1910.0,0.0,0.0,1930.0,1890.0,1910.0,0.0,116900.0,223357500.0,117.0,179.1,1925.0,9500.0,1910.0,20100.0,656249710.0,656249710.0,656249710.0,0.0,0.0,,0.0,0.0,0.0
2021-05-18,1910.0,0.0,0.0,2000.0,1910.0,1915.0,5.0,59000.0,113658500.0,80.0,179.5,1940.0,1400.0,1915.0,4700.0,656249710.0,656249710.0,656249710.0,0.0,0.0,,0.0,0.0,0.0
2021-05-19,1915.0,0.0,0.0,1950.0,1915.0,1940.0,25.0,21600.0,41723500.0,56.0,181.9,1940.0,100.0,1930.0,300.0,656249710.0,656249710.0,656249710.0,0.0,0.0,,0.0,0.0,0.0
2021-05-20,1940.0,0.0,0.0,1955.0,1910.0,1955.0,15.0,39900.0,77394000.0,85.0,183.3,1960.0,16200.0,1955.0,5200.0,656249710.0,656249710.0,656249710.0,0.0,0.0,,0.0,0.0,0.0
2021-05-21,1955.0,0.0,0.0,2050.0,1955.0,2000.0,45.0,174600.0,348269500.0,262.0,187.5,2010.0,2800.0,2000.0,1400.0,656249710.0,656249710.0,656249710.0,0.0,0.0,,0.0,0.0,0.0
2021-05-22,2000.0,0.0,0.0,0.0,0.0,2000.0,0.0,0.0,0.0,0.0,187.5,0.0,0.0,0.0,0.0,656249710.0,656249710.0,656249710.0,0.0,0.0,,0.0,0.0,0.0
2021-05-24,2000.0,0.0,0.0,1950.0,1860.0,1895.0,-105.0,85100.0,159650000.0,133.0,177.7,1900.0,1800.0,1870.0,6000.0,656249710.0,656249710.0,656249710.0,0.0,0.0,,0.0,0.0,0.0
2021-05-25,1895.0,0.0,0.0,1895.0,1780.0,1805.0,-90.0,14900.0,26806000.0,55.0,169.2,1835.0,100.0,1805.0,1000.0,656249710.0,656249710.0,656249710.0,0.0,0.0,,0.0,0.0,0.0
2021-05-27,1805.0,0.0,0.0,1805.0,1775.0,1800.0,-5.0,21200.0,38092000.0,52.0,168.7,1805.0,6500.0,1800.0,400.0,656249710.0,656249710.0,656249710.0,0.0,0.0,,0.0,0.0,0.0
2021-05-28,1800.0,0.0,0.0,1800.0,1775.0,1795.0,-5.0,11800.0,21074000.0,35.0,168.3,1795.0,2200.0,1790.0,400.0,656249710.0,656249710.0,656249710.0,0.0,0.0,,0.0,0.0,0.0
2021-05-31,1795.0,0.0,0.0,1795.0,1755.0,1755.0,-40.0,12700.0,22594000.0,59.0,164.5,1775.0,800.0,1755.0,2600.0,656249710.0,656249710.0,656249710.0,0.0,0.0,,0.0,0.0,0.0
2021-06-02,1755.0,0.0,0.0,1790.0,1755.0,1790.0,35.0,14800.0,26356000.0,24.0,167.8,1790.0,5200.0,1785.0,100.0,656249710.0,656249710.0,656249710.0,0.0,0.0,,0.0,0.0,0.0
2021-06-03,1790.0,0.0,0.0,1795.0,1780.0,1780.0,-10.0,9500.0,16975000.0,32.0,166.9,1790.0,1600.0,1780.0,900.0,656249710.0,656249710.0,656249710.0,0.0,0.0,,0.0,0.0,0.0
2021-06-04,1780.0,0.0,0.0,1790.0,1775.0,1780.0,0.0,8500.0,15132000.0,26.0,166.9,1780.0,200.0,1775.0,29000.0,656249710.0,656249710.0,656249710.0,0.0,0.0,,0.0,0.0,0.0
2021-06-07,1780.0,0.0,0.0,1855.0,1775.0,1775.0,-5.0,22400.0,40368500.0,50.0,166.4,1800.0,2200.0,1780.0,100.0,656249710.0,656249710.0,656249710.0,0.0,0.0,,0.0,0.0,0.0
2021-06-08,1775.0,0.0,0.0,1795.0,1775.0,1785.0,10.0,5400.0,9609500.0,20.0,167.3,1785.0,300.0,1775.0,6100.0,656249710.0,656249710.0,656249710.0,0.0,0.0,,0.0,0.0,0.0
2021-06-09,1785.0,0.0,0.0,1790.0,1765.0,1790.0,5.0,3000.0,5321000.0,15.0,167.8,1790.0,400.0,1775.0,1500.0,656249710.0,656249710.0,656249710.0,0.0,0.0,,0.0,0.0,0.0
2021-06-10,1790.0,0.0,0.0,1790.0,1770.0,1775.0,-15.0,3300.0,5877000.0,14.0,166.4,1795.0,1000.0,1775.0,15200.0,656249710.0,656249710.0,656249710.0,0.0,0.0,,0.0,0.0,0.0
2021-06-11,1775.0,0.0,0.0,1795.0,1775.0,1795.0,20.0,6300.0,11278500.0,15.0,168.3,1795.0,3100.0,1780.0,5700.0,656249710.0,656249710.0,656249710.0,0.0,0.0,,0.0,0.0,0.0
2021-06-14,1795.0,0.0,0.0,1810.0,1795.0,1810.0,15.0,7500.0,13484000.0,22.0,169.7,1810.0,1700.0,1805.0,700.0,656249710.0,656249710.0,656249710.0,0.0,0.0,,0.0,0.0,0.0
2021-06-15,1810.0,0.0,0.0,1810.0,1780.0,1810.0,0.0,5900.0,10614000.0,14.0,169.7,1835.0,300.0,1810.0,9000.0,656249710.0,656249710.0,656249710.0,0.0,0.0,,0.0,0.0,0.0
2021-06-16,1810.0,0.0,0.0,1840.0,1830.0,1840.0,30.0,2600.0,4759000.0,14.0,172.5,1840.0,21100.0,1830.0,500.0,656249710.0,656249710.0,656249710.0,0.0,0.0,,0.0,0.0,0.0
2021-06-17,1840.0,0.0,0.0,1840.0,1830.0,1830.0,-10.0,7700.0,14096000.0,9.0,171.6,1845.0,400.0,1830.0,800.0,656249710.0,656249710.0,656249710.0,0.0,0.0,,0.0,0.0,0.0
2021-06-18,1830.0,0.0,0.0,1840.0,1790.0,1800.0,-30.0,4200.0,7589000.0,18.0,168.7,1825.0,20000.0,1800.0,3000.0,656249710.0,656249710.0,656249710.0,0.0,0.0,,0.0,0.0,0.0
2021-06-21,1800.0,0.0,0.0,1785.0,1760.0,1775.0,-25.0,2200.0,3880000.0,8.0,166.4,1865.0,100.0,1775.0,100.0,656249710.0,656249710.0,656249710.0,0.0,0.0,,0.0,0.0,0.0
2021-06-22,1775.0,0.0,0.0,1780.0,1775.0,1780.0,5.0,4700.0,8358000.0,13.0,166.9,1870.0,1500.0,1775.0,1600.0,656249710.0,656249710.0,656249710.0,0.0,0.0,,0.0,0.0,0.0
2021-06-23,1780.0,0.0,0.0,1780.0,1780.0,1780.0,0.0,100.0,178000.0,1.0,166.9,1880.0,100.0,1790.0,1000.0,656249710.0,656249710.0,656249710.0,0.0,0.0,,0.0,0.0,0.0
2021-06-24,1780.0,0.0,0.0,1795.0,1790.0,1790.0,10.0,600.0,1075500.0,5.0,167.8,1790.0,100.0,1780.0,800.0,656249710.0,656249710.0,656249710.0,0.0,0.0,,0.0,0.0,0.0
2021-06-25,1790.0,0.0,0.0,1795.0,1780.0,1780.0,-10.0,1200.0,2139000.0,7.0,166.9,1800.0,100.0,1780.0,200.0,656249710.0,656249710.0,656249710.0,0.0,0.0,,0.0,0.0,0.0
2021-06-28,1780.0,0.0,0.0,1810.0,1795.0,1810.0,30.0,1200.0,2166000.0,9.0,169.7,1810.0,5000.0,1785.0,1200.0,656249710.0,656249710.0,656249710.0,0.0,600.0,,0.0,0.0,0.0
2021-06-29,1810.0,0.0,0.0,1825.0,1800.0,1800.0,-10.0,2200.0,3982500.0,8.0,168.7,1800.0,100.0,1795.0,100.0,656249710.0,656249710.0,656249710.0,0.0,0.0,,0.0,0.0,0.0
2021-06-30,1800.0,0.0,0.0,2000.0,1835.0,1945.0,145.0,50600.0,96888500.0,91.0,182.3,1945.0,31400.0,1900.0,300.0,656249710.0,656249710.0,656249710.0,0.0,0.0,,0.0,0.0,0.0
2021-07-01,1945.0,0.0,0.0,1980.0,1810.0,1945.0,0.0,17600.0,33816000.0,37.0,182.3,1945.0,10300.0,1870.0,100.0,656249710.0,656249710.0,656249710.0,0.0,0.0,,0.0,0.0,0.0
2021-07-02,1945.0,0.0,0.0,2100.0,1945.0,1975.0,30.0,5200.0,10396000.0,21.0,185.2,1945.0,4600.0,1915.0,100.0,656249710.0,656249710.0,656249710.0,0.0,0.0,,0.0,0.0,0.0
2021-07-05,1975.0,0.0,0.0,1940.0,1845.0,1920.0,-55.0,7600.0,14174000.0,22.0,180.0,1860.0,600.0,1850.0,100.0,656249710.0,656249710.0,656249710.0,0.0,0.0,,0.0,0.0,0.0
2021-07-06,1920.0,0.0,0.0,1980.0,1860.0,1945.0,25.0,2900.0,5554000.0,13.0,182.3,1945.0,17400.0,1865.0,100.0,656249710.0,656249710.0,656249710.0,0.0,0.0,,0.0,0.0,0.0
2021-07-07,1945.0,0.0,0.0,2050.0,1885.0,1950.0,5.0,5800.0,11420500.0,22.0,182.8,1950.0,18400.0,1935.0,100.0,656249710.0,656249710.0,656249710.0,0.0,0.0,,0.0,0.0,0.0
2021-07-08,1950.0,0.0,0.0,1915.0,1880.0,1915.0,-35.0,6900.0,13188500.0,10.0,179.5,1915.0,3600.0,1875.0,7500.0,656249710.0,656249710.0,656249710.0,0.0,0.0,,0.0,0.0,0.0
2021-07-09,1915.0,0.0,0.0,1945.0,1875.0,1885.0,-30.0,6700.0,12634500.0,18.0,176.7,1885.0,2100.0,1860.0,1100.0,656249710.0,656249710.0,656249710.0,0.0,0.0,,0.0,0.0,0.0
2021-07-12,1885.0,0.0,0.0,1920.0,1820.0,1915.0,30.0,2800.0,5237000.0,13.0,179.5,1915.0,2100.0,1840.0,100.0,656249710.0,656249710.0,656249710.0,0.0,0.0,,0.0,0.0,0.0
2021-07-13,1915.0,0.0,0.0,1950.0,1935.0,1935.0,20.0,700.0,1356000.0,3.0,181.4,1915.0,5100.0,1865.0,100.0,656249710.0,656249710.0,656249710.0,0.0,0.0,,0.0,0.0,0.0
2021-07-14,1935.0,0.0,0.0,1920.0,1820.0,1920.0,-15.0,2200.0,4067500.0,6.0,180.0,1920.0,1100.0,1835.0,200.0,656249710.0,656249710.0,656249710.0,0.0,0.0,,0.0,0.0,0.0
2021-07-15,1920.0,0.0,0.0,1900.0,1870.0,1900.0,-20.0,5000.0,9369500.0,12.0,178.1,1900.0,1800.0,1875.0,2000.0,656249710.0,656249710.0,656249710.0,0.0,0.0,,0.0,0.0,0.0
2021-07-16,1900.0,0.0,0.0,1865.0,1865.0,1865.0,-35.0,400.0,746000.0,3.0,174.8,1900.0,600.0,1875.0,100.0,656249710.0,656249710.0,656249710.0,0.0,0.0,,0.0,0.0,0.0
2021-07-19,1865.0,0.0,0.0,1950.0,1875.0,1900.0,35.0,5800.0,11132000.0,17.0,178.1,1910.0,300.0,1880.0,200.0,656249710.0,656249710.0,656249710.0,0.0,0.0,,0.0,0.0,0.0
2021-07-21,1900.0,0.0,0.0,1940.0,1900.0,1935.0,35.0,14100.0,27270500.0,22.0,181.4,1945.0,1500.0,1925.0,100.0,656249710.0,656249710.0,656249710.0,600.0,0.0,,0.0,0.0,0.0
2021-07-22,1935.0,0.0,0.0,1940.0,1900.0,1900.0,-35.0,3700.0,7079000.0,9.0,178.1,1925.0,1000.0,1900.0,300.0,656249710.0,656249710.0,656249710.0,0.0,0.0,,0.0,0.0,0.0
2021-07-23,1900.0,0.0,0.0,1905.0,1900.0,1905.0,5.0,300.0,570500.0,3.0,178.6,1940.0,100.0,1900.0,400.0,656249710.0,656249710.0,656249710.0,0.0,0.0,,0.0,0.0,0.0
2021-07-26,1905.0,0.0,0.0,1905.0,1905.0,1905.0,0.0,200.0,381000.0,2.0,178.6,1940.0,200.0,1905.0,6000.0,656249710.0,656249710.0,656249710.0,0.0,0.0,,0.0,0.0,0.0
2021-07-27,1905.0,0.0,0.0,1935.0,1900.0,1900.0,-5.0,1000.0,1913000.0,6.0,178.1,1905.0,600.0,1900.0,5800.0,656249710.0,656249710.0,656249710.0,0.0,0.0,,0.0,0.0,0.0
2021-07-28,1900.0,0.0,0.0,1900.0,1900.0,1900.0,0.0,800.0,1520000.0,3.0,178.1,1910.0,400.0,1900.0,5300.0,656249710.0,656249710.0,656249710.0,0.0,0.0,,0.0,0.0,0.0
2021-07-29,1900.0,0.0,0.0,1950.0,1900.0,1900.0,0.0,4200.0,8051000.0,9.0,178.1,1940.0,1000.0,1900.0,4600.0,656249710.0,656249710.0,656249710.0,0.0,0.0,,0.0,0.0,0.0
2021-07-30,1900.0,0.0,0.0,1905.0,1905.0,1905.0,5.0,100.0,190500.0,1.0,178.6,1930.0,500.0,1900.0,5800.0,656249710.0,656249710.0,656249710.0,0.0,0.0,,0.0,0.0,0.0
2021-08-02,1905.0,0.0,0.0,1920.0,1910.0,1920.0,15.0,1600.0,3071000.0,9.0,180.0,1930.0,100.0,1920.0,200.0,656249710.0,656249710.0,656249710.0,0.0,0.0,,0.0,0.0,0.0
2021-08-03,1920.0,0.0,0.0,1925.0,1920.0,1920.0,0.0,2600.0,4992500.0,8.0,180.0,1975.0,100.0,1920.0,800.0,656249710.0,656249710.0,656249710.0,0.0,0.0,,0.0,0.0,0.0
2021-08-04,1920.0,0.0,0.0,1970.0,1945.0,1955.0,35.0,1500.0,2936000.0,8.0,183.3,1955.0,900.0,1910.0,4200.0,656249710.0,656249710.0,656249710.0,0.0,0.0,,0.0,0.0,0.0
2021-08-05,1955.0,0.0,0.0,1950.0,1920.0,1920.0,-35.0,5800.0,11169000.0,10.0,180.0,1945.0,200.0,1920.0,9600.0,656249710.0,656249710.0,656249710.0,0.0,0.0,,0.0,0.0,0.0
2021-08-06,1920.0,0.0,0.0,1950.0,1920.0,1920.0,0.0,3500.0,6723500.0,6.0,180.0,1930.0,200.0,1920.0,100.0,656249710.0,656249710.0,656249710.0,0.0,0.0,,0.0,0.0,0.0
2021-08-09,1920.0,0.0,0.0,1920.0,1920.0,1920.0,0.0,5900.0,11328000.0,4.0,180.0,1920.0,1100.0,1915.0,100.0,656249710.0,656249710.0,656249710.0,0.0,0.0,,0.0,0.0,0.0
2021-08-10,1920.0,0.0,0.0,1940.0,1900.0,1930.0,10.0,800.0,1529000.0,6.0,180.9,1930.0,5700.0,1900.0,100.0,656249710.0,656249710.0,656249710.0,0.0,0.0,,0.0,0.0,0.0
2021-08-12,1930.0,0.0,0.0,1925.0,1925.0,1925.0,-5.0,100.0,192500.0,1.0,180.5,1925.0,300.0,1810.0,5000.0,656249710.0,656249710.0,656249710.0,0.0,0.0,,0.0,0.0,0.0
2021-08-13,1925.0,0.0,0.0,0.0,0.0,1925.0,0.0,0.0,0.0,0.0,180.5,1925.0,2100.0,1805.0,1100.0,656249710.0,656249710.0,656249710.0,0.0,0.0,,0.0,0.0,0.0
2021-08-16,1925.0,0.0,0.0,1925.0,1920.0,1920.0,-5.0,600.0,1154500.0,3.0,180.0,1920.0,100.0,1810.0,100.0,656249710.0,656249710.0,656249710.0,0.0,0.0,,0.0,0.0,0.0
2021-08-18,1920.0,0.0,0.0,1970.0,1920.0,1920.0,0.0,10800.0,21016000.0,18.0,180.0,1930.0,500.0,1920.0,2100.0,656249710.0,656249710.0,656249710.0,0.0,0.0,,0.0,0.0,0.0
2021-08-19,1920.0,0.0,0.0,1920.0,1875.0,1900.0,-20.0,1100.0,2089500.0,7.0,178.1,1905.0,13600.0,1875.0,500.0,656249710.0,656249710.0,656249710.0,0.0,0.0,,0.0,0.0,0.0
2021-08-20,1900.0,0.0,0.0,1875.0,1875.0,1875.0,-25.0,600.0,1125000.0,2.0,175.8,1930.0,1500.0,1875.0,1500.0,656249710.0,656249710.0,656249710.0,0.0,0.0,,0.0,0.0,0.0
2021-08-23,1875.0,0.0,0.0,1875.0,1875.0,1875.0,0.0,1700.0,3187500.0,9.0,175.8,1910.0,300.0,1875.0,1300.0,656249710.0,656249710.0,656249710.0,0.0,0.0,,0.0,0.0,0.0
2021-08-24,1875.0,0.0,0.0,1850.0,1800.0,1800.0,-75.0,600.0,1105000.0,2.0,168.7,1910.0,500.0,1820.0,100.0,656249710.0,656249710.0,656249710.0,0.0,0.0,,0.0,0.0,0.0
2021-08-25,1800.0,0.0,0.0,1895.0,1815.0,1895.0,95.0,1900.0,3528500.0,9.0,177.7,1945.0,100.0,1815.0,1300.0,656249710.0,656249710.0,656249710.0,0.0,0.0,,0.0,0.0,0.0
2021-08-26,1895.0,0.0,0.0,1845.0,1845.0,1845.0,-50.0,100.0,184500.0,1.0,173.0,1945.0,1600.0,1860.0,100.0,656249710.0,656249710.0,656249710.0,0.0,0.0,,0.0,0.0,0.0
2021-08-27,1845.0,0.0,0.0,1865.0,1865.0,1865.0,20.0,100.0,186500.0,1.0,174.8,1945.0,15200.0,1865.0,6700.0,656249710.0,656249710.0,656249710.0,0.0,0.0,,0.0,0.0,0.0
2021-08-30,1865.0,0.0,0.0,1870.0,1865.0,1865.0,0.0,1100.0,2055000.0,6.0,174.8,1910.0,200.0,1825.0,100.0,656249710.0,656249710.0,656249710.0,0.0,0.0,,0.0,0.0,0.0
2021-08-31,1865.0,0.0,0.0,1960.0,1910.0,1935.0,70.0,15800.0,30593000.0,32.0,181.4,1940.0,100.0,1915.0,1100.0,656249710.0,656249710.0,656249710.0,0.0,0.0,,0.0,0.0,0.0
2021-09-01,1935.0,0.0,0.0,1935.0,1865.0,1865.0,-70.0,4400.0,8308500.0,16.0,174.8,1945.0,100.0,1860.0,500.0,656249710.0,656249710.0,656249710.0,0.0,0.0,,0.0,0.0,0.0
2021-09-02,1865.0,0.0,0.0,1880.0,1820.0,1875.0,10.0,9100.0,16761500.0,28.0,175.8,1875.0,200.0,1870.0,100.0,656249710.0,656249710.0,656249710.0,0.0,0.0,,0.0,0.0,0.0
2021-09-03,1875.0,0.0,0.0,1955.0,1900.0,1945.0,70.0,4200.0,8182500.0,16.0,182.3,1940.0,300.0,1900.0,1000.0,656249710.0,656249710.0,656249710.0,0.0,0.0,,0.0,0.0,0.0
2021-09-06,1945.0,0.0,0.0,1940.0,1935.0,1935.0,-10.0,300.0,581000.0,3.0,181.4,1935.0,8100.0,1885.0,4100.0,656249710.0,656249710.0,656249710.0,0.0,0.0,,0.0,0.0,0.0
2021-09-07,1935.0,0.0,0.0,1935.0,1930.0,1930.0,-5.0,1600.0,3090500.0,4.0,180.9,1935.0,6000.0,1900.0,700.0,656249710.0,656249710.0,656249710.0,0.0,0.0,,0.0,0.0,0.0
2021-09-08,1930.0,0.0,0.0,0.0,0.0,1930.0,0.0,0.0,0.0,0.0,180.9,1930.0,4000.0,1905.0,1000.0,656249710.0,656249710.0,656249710.0,0.0,0.0,,0.0,0.0,0.0
2021-09-09,1930.0,0.0,0.0,1925.0,1920.0,1925.0,-5.0,1000.0,1923500.0,3.0,180.5,1930.0,700.0,1915.0,300.0,656249710.0,656249710.0,656249710.0,0.0,0.0,,0.0,0.0,0.0
2021-09-10,1925.0,0.0,0.0,1920.0,1915.0,1915.0,-10.0,6900.0,13215000.0,11.0,179.5,1920.0,4200.0,1915.0,1800.0,656249710.0,656249710.0,656249710.0,0.0,0.0,,0.0,0.0,0.0
2021-09-13,1915.0,0.0,0.0,1930.0,1900.0,1930.0,15.0,1000.0,1927000.0,3.0,180.9,1930.0,3300.0,1910.0,500.0,656249710.0,656249710.0,656249710.0,0.0,0.0,,0.0,0.0,0.0
2021-09-14,1930.0,0.0,0.0,1930.0,1895.0,1895.0,-35.0,5000.0,9485500.0,8.0,177.7,1930.0,3300.0,1895.0,1000.0,656249710.0,656249710.0,656249710.0,0.0,0.0,,0.0,0.0,0.0
2021-09-15,1895.0,0.0,0.0,1895.0,1895.0,1895.0,0.0,2900.0,5495500.0,4.0,177.7,1945.0,1600.0,1895.0,1600.0,656249710.0,656249710.0,656249710.0,0.0,0.0,,0.0,0.0,0.0
2021-09-16,1895.0,0.0,0.0,1895.0,1890.0,1895.0,0.0,3600.0,6817500.0,13.0,177.7,1895.0,600.0,1890.0,2400.0,656249710.0,656249710.0,656249710.0,0.0,0.0,,0.0,0.0,0.0
2021-09-17,1895.0,0.0,0.0,1895.0,1880.0,1895.0,0.0,14900.0,28233500.0,3.0,177.7,1920.0,1000.0,1895.0,100.0,656249710.0,656249710.0,656249710.0,0.0,0.0,,0.0,0.0,0.0
2021-09-20,1895.0,0.0,0.0,1900.0,1895.0,1900.0,5.0,700.0,1327000.0,3.0,178.1,1900.0,1500.0,1895.0,100.0,656249710.0,656249710.0,656249710.0,0.0,0.0,,75.0,75000.0,1.0
2021-09-21,1900.0,0.0,0.0,1900.0,1880.0,1885.0,-15.0,2500.0,4734500.0,4.0,176.7,1930.0,100.0,1885.0,100.0,656249710.0,656249710.0,656249710.0,0.0,0.0,,0.0,0.0,0.0
2021-09-22,1885.0,0.0,0.0,1925.0,1890.0,1925.0,40.0,200.0,381500.0,2.0,180.5,1925.0,300.0,1900.0,100.0,656249710.0,656249710.0,656249710.0,0.0,0.0,,225.0,187500.0,3.0
2021-09-23,1925.0,0.0,0.0,1925.0,1910.0,1910.0,-15.0,2600.0,4979000.0,8.0,179.1,1915.0,300.0,1905.0,700.0,656249710.0,656249710.0,656249710.0,0.0,0.0,,0.0,0.0,0.0
2021-09-24,1910.0,0.0,0.0,1895.0,1890.0,1890.0,-20.0,2000.0,3783500.0,4.0,177.2,1945.0,100.0,1915.0,1000.0,656249710.0,656249710.0,656249710.0,0.0,0.0,,0.0,0.0,0.0
2021-09-27,1890.0,0.0,0.0,1940.0,1815.0,1875.0,-15.0,4100.0,7670000.0,30.0,175.8,1900.0,100.0,1875.0,300.0,656249710.0,656249710.0,656249710.0,0.0,0.0,,0.0,0.0,0.0
2021-09-28,1875.0,0.0,0.0,1885.0,1870.0,1870.0,-5.0,1100.0,2061000.0,7.0,175.3,1885.0,100.0,1870.0,200.0,656249710.0,656249710.0,656249710.0,0.0,0.0,,0.0,0.0,0.0
2021-09-29,1870.0,0.0,0.0,1920.0,1890.0,1900.0,30.0,2700.0,5133000.0,22.0,178.1,1930.0,200.0,1900.0,3200.0,656249710.0,656249710.0,656249710.0,0.0,0.0,,0.0,0.0,0.0
2021-09-30,1900.0,0.0,0.0,1900.0,1875.0,1900.0,0.0,1700.0,3208000.0,5.0,178.1,1965.0,300.0,1900.0,200.0,656249710.0,656249710.0,656249710.0,0.0,0.0,,0.0,0.0,0.0
2021-10-01,1900.0,0.0,0.0,1900.0,1880.0,1900.0,0.0,1100.0,2072500.0,3.0,178.1,1925.0,500.0,1900.0,500.0,656249710.0,656249710.0,480309163.0,0.0,0.0,,0.0,0.0,0.0
2021-10-04,1900.0,0.0,0.0,1920.0,1880.0,1920.0,20.0,1600.0,3018000.0,5.0,180.0,1925.0,300.0,1885.0,1400.0,656249710.0,656249710.0,480309163.0,0.0,0.0,,0.0,0.0,0.0
2021-10-05,1920.0,0.0,0.0,1920.0,1890.0,1890.0,-30.0,5300.0,10096500.0,4.0,177.2,1920.0,200.0,1890.0,400.0,656249710.0,656249710.0,480309163.0,0.0,0.0,,0.0,0.0,0.0
2021-10-06,1890.0,0.0,0.0,1920.0,1890.0,1890.0,0.0,600.0,1140000.0,3.0,177.2,1920.0,4100.0,1890.0,1300.0,656249710.0,656249710.0,480309163.0,0.0,0.0,,0.0,0.0,0.0
2021-10-07,1890.0,0.0,0.0,1920.0,1920.0,1920.0,30.0,600.0,1152000.0,5.0,180.0,1960.0,6100.0,1920.0,200.0,656249710.0,656249710.0,480309163.0,0.0,0.0,,0.0,0.0,0.0
2021-10-08,1920.0,0.0,0.0,1980.0,1920.0,1980.0,60.0,7700.0,15026000.0,9.0,185.6,1980.0,6100.0,1910.0,100.0,656249710.0,656249710.0,480309163.0,0.0,0.0,,0.0,0.0,0.0
2021-10-11,1980.0,0.0,0.0,1980.0,1975.0,1975.0,-5.0,1000.0,1975500.0,5.0,185.2,1980.0,1600.0,1910.0,200.0,656249710.0,656249710.0,480309163.0,0.0,0.0,,0.0,0.0,0.0
2021-10-12,1975.0,0.0,0.0,1970.0,1970.0,1970.0,-5.0,400.0,788000.0,3.0,184.7,1970.0,3800.0,1915.0,2200.0,656249710.0,656249710.0,480309163.0,0.0,0.0,,0.0,0.0,0.0
2021-10-13,1970.0,0.0,0.0,1970.0,1920.0,1920.0,-50.0,1400.0,2752000.0,5.0,180.0,1965.0,1200.0,1920.0,4100.0,656249710.0,656249710.0,480309163.0,0.0,0.0,,0.0,0.0,0.0
2021-10-14,1920.0,0.0,0.0,1930.0,1920.0,1920.0,0.0,2500.0,4801500.0,9.0,180.0,1950.0,800.0,1920.0,3900.0,656249710.0,656249710.0,480309163.0,0.0,0.0,,0.0,0.0,0.0
2021-10-15,1920.0,0.0,0.0,1915.0,1915.0,1915.0,-5.0,500.0,957500.0,3.0,179.5,1955.0,300.0,1920.0,100.0,656249710.0,656249710.0,480309163.0,0.0,0.0,,0.0,0.0,0.0
2021-10-18,1915.0,0.0,0.0,1950.0,1920.0,1950.0,35.0,2100.0,4044500.0,8.0,182.8,1965.0,200.0,1950.0,200.0,656249710.0,656249710.0,480309163.0,0.0,0.0,,0.0,0.0,0.0
2021-10-19,1950.0,0.0,0.0,1950.0,1920.0,1940.0,-10.0,300.0,581000.0,3.0,181.9,1950.0,2000.0,1920.0,600.0,656249710.0,656249710.0,480309163.0,0.0,0.0,,0.0,0.0,0.0
2021-10-21,1940.0,0.0,0.0,1975.0,1920.0,1975.0,35.0,5100.0,9932000.0,18.0,185.2,1975.0,700.0,1930.0,400.0,656249710.0,656249710.0,480309163.0,0.0,0.0,,0.0,0.0,0.0
2021-10-22,1975.0,0.0,0.0,1965.0,1950.0,1960.0,-15.0,8100.0,15870000.0,18.0,183.7,1965.0,700.0,1960.0,1700.0,656249710.0,656249710.0,480309163.0,0.0,0.0,,0.0,0.0,0.0
2021-10-25,1960.0,0.0,0.0,1980.0,1955.0,1980.0,20.0,3300.0,6495000.0,19.0,185.6,1980.0,5600.0,1960.0,600.0,656249710.0,656249710.0,480309163.0,0.0,0.0,,0.0,0.0,0.0
2021-10-26,1980.0,0.0,0.0,1980.0,1940.0,1980.0,0.0,3800.0,7472000.0,15.0,185.6,1980.0,800.0,1955.0,500.0,656249710.0,656249710.0,480309163.0,0.0,0.0,,0.0,0.0,0.0
2021-10-27,1980.0,0.0,0.0,1995.0,1975.0,1975.0,-5.0,500.0,991500.0,5.0,185.2,1975.0,200.0,1960.0,500.0,656249710.0,656249710.0,480309163.0,0.0,0.0,,0.0,0.0,0.0
2021-10-28,1975.0,0.0,0.0,1975.0,1975.0,1975.0,0.0,100.0,197500.0,1.0,185.2,1975.0,500.0,1940.0,400.0,656249710.0,656249710.0,480309163.0,0.0,0.0,,0.0,0.0,0.0
2021-10-29,1975.0,0.0,0.0,1975.0,1925.0,1925.0,-50.0,2100.0,4058500.0,11.0,180.5,1985.0,100.0,1940.0,500.0,656249710.0,656249710.0,480309163.0,0.0,0.0,,0.0,0.0,0.0
2021-11-01,1925.0,0.0,0.0,1925.0,1925.0,1925.0,0.0,1200.0,2310000.0,11.0,180.5,1965.0,100.0,1925.0,400.0,656249710.0,656249710.0,480309163.0,0.0,0.0,,0.0,0.0,0.0
2021-11-02,1925.0,0.0,0.0,1925.0,1925.0,1925.0,0.0,500.0,962500.0,4.0,180.5,1975.0,200.0,1925.0,600.0,656249710.0,656249710.0,480309163.0,0.0,0.0,,0.0,0.0,0.0
2021-11-03,1925.0,0.0,0.0,1980.0,1925.0,1980.0,55.0,400.0,782500.0,4.0,185.6,1985.0,100.0,1945.0,300.0,656249710.0,656249710.0,480309163.0,0.0,0.0,,0.0,0.0,0.0
2021-11-04,1980.0,0.0,0.0,2010.0,1975.0,1980.0,0.0,2800.0,5553000.0,14.0,185.6,1980.0,18800.0,1945.0,100.0,656249710.0,656249710.0,480309163.0,0.0,0.0,,0.0,0.0,0.0
2021-11-05,1980.0,0.0,0.0,2020.0,1980.0,1995.0,15.0,4100.0,8211000.0,13.0,187.0,1990.0,100.0,1940.0,5000.0,656249710.0,656249710.0,480309163.0,0.0,0.0,,0.0,0.0,0.0
2021-11-08,1995.0,0.0,0.0,2020.0,1990.0,2020.0,25.0,1300.0,2594000.0,9.0,189.4,2020.0,17400.0,1985.0,1000.0,656249710.0,656249710.0,480309163.0,0.0,0.0,,0.0,0.0,0.0
2021-11-09,2020.0,0.0,0.0,2400.0,1990.0,2340.0,320.0,22600.0,45957000.0,24.0,219.4,2340.0,15600.0,2300.0,100.0,656249710.0,656249710.0,480309163.0,0.0,0.0,,0.0,0.0,0.0
2021-11-10,2340.0,0.0,0.0,2340.0,2180.0,2180.0,-160.0,30200.0,66149000.0,59.0,204.4,2180.0,1500.0,0.0,0.0,656249710.0,656249710.0,480309163.0,0.0,0.0,,0.0,0.0,0.0
2021-11-11,2180.0,0.0,0.0,2110.0,2100.0,2100.0,-80.0,1400.0,2941000.0,10.0,196.9,2170.0,900.0,2090.0,100.0,656249710.0,656249710.0,480309163.0,0.0,0.0,,0.0,0.0,0.0
2021-11-12,2100.0,0.0,0.0,2190.0,2090.0,2090.0,-10.0,4700.0,10187000.0,12.0,195.9,2150.0,100.0,2090.0,1700.0,656249710.0,656249710.0,480309163.0,0.0,0.0,,0.0,0.0,0.0
2021-11-15,2090.0,0.0,0.0,2090.0,1980.0,1990.0,-100.0,10400.0,20797000.0,20.0,186.6,2070.0,500.0,1990.0,1800.0,656249710.0,656249710.0,480309163.0,0.0,0.0,,0.0,0.0,0.0
2021-11-16,1990.0,0.0,0.0,2060.0,2030.0,2050.0,60.0,7300.0,14851000.0,5.0,192.2,2050.0,6000.0,2000.0,500.0,656249710.0,656249710.0,480309163.0,0.0,0.0,,0.0,0.0,0.0
2021-11-17,2050.0,0.0,0.0,2050.0,2010.0,2010.0,-40.0,600.0,1226000.0,3.0,188.4,2050.0,500.0,2010.0,500.0,656249710.0,656249710.0,480309163.0,0.0,0.0,,0.0,0.0,0.0
2021-11-18,2010.0,0.0,0.0,2010.0,2010.0,2010.0,0.0,700.0,1407000.0,5.0,188.4,2090.0,100.0,2010.0,500.0,656249710.0,656249710.0,480309163.0,0.0,0.0,,0.0,0.0,0.0
2021-11-19,2010.0,0.0,0.0,2040.0,2000.0,2000.0,-10.0,9700.0,19714000.0,13.0,187.5,2040.0,27100.0,2000.0,1200.0,656249710.0,656249710.0,480309163.0,0.0,0.0,,0.0,0.0,0.0
2021-11-22,2000.0,0.0,0.0,2050.0,2000.0,2050.0,50.0,5000.0,10048000.0,7.0,192.2,2050.0,50000.0,2000.0,700.0,656249710.0,656249710.0,480309163.0,0.0,0.0,,0.0,0.0,0.0
2021-11-23,2050.0,0.0,0.0,2050.0,2050.0,2050.0,0.0,500.0,1025000.0,3.0,192.2,2050.0,6300.0,2030.0,100.0,656249710.0,656249710.0,480309163.0,0.0,0.0,,0.0,0.0,0.0
2021-11-24,2050.0,0.0,0.0,2080.0,2050.0,2080.0,30.0,400.0,829000.0,4.0,195.0,2080.0,90700.0,2050.0,500.0,656249710.0,656249710.0,480309163.0,0.0,0.0,,0.0,0.0,0.0
2021-11-25,2080.0,0.0,0.0,2080.0,2080.0,2080.0,0.0,200.0,416000.0,2.0,195.0,2070.0,100.0,2010.0,500.0,656249710.0,656249710.0,480309163.0,0.0,0.0,,0.0,0.0,0.0
2021-11-26,2080.0,0.0,0.0,2080.0,2070.0,2070.0,-10.0,400.0,830000.0,4.0,194.1,2070.0,3000.0,2020.0,600.0,656249710.0,656249710.0,480309163.0,0.0,0.0,,0.0,0.0,0.0
2021-11-29,2070.0,0.0,0.0,2200.0,2070.0,2150.0,80.0,41100.0,87702000.0,58.0,201.6,2170.0,4400.0,2150.0,12000.0,656249710.0,656249710.0,480309163.0,0.0,0.0,,0.0,0.0,0.0
2021-11-30,2150.0,0.0,0.0,2160.0,2100.0,2110.0,-40.0,18500.0,39445000.0,29.0,197.8,2150.0,4800.0,2110.0,400.0,656249710.0,656249710.0,480309163.0,0.0,0.0,,0.0,0.0,0.0
2021-12-01,2110.0,0.0,0.0,2160.0,2120.0,2140.0,30.0,37100.0,79129000.0,21.0,200.6,2140.0,6100.0,2130.0,2400.0,656249710.0,656249710.0,480309163.0,0.0,0.0,,0.0,0.0,0.0
2021-12-02,2140.0,0.0,0.0,2200.0,2140.0,2140.0,0.0,7200.0,15505000.0,18.0,200.6,2180.0,5000.0,2140.0,200.0,656249710.0,656249710.0,480309163.0,0.0,0.0,,0.0,0.0,0.0
2021-12-03,2140.0,0.0,0.0,2140.0,2130.0,2130.0,-10.0,300.0,641000.0,3.0,199.7,2140.0,700.0,2130.0,200.0,656249710.0,656249710.0,480309163.0,0.0,0.0,,0.0,0.0,0.0
2021-12-06,2130.0,0.0,0.0,2130.0,2050.0,2120.0,-10.0,3200.0,6628000.0,9.0,198.7,2170.0,100.0,2120.0,200.0,656249710.0,656249710.0,480309163.0,0.0,0.0,,0.0,0.0,0.0
2021-12-07,2120.0,0.0,0.0,2120.0,2120.0,2120.0,0.0,100.0,212000.0,1.0,198.7,2150.0,4800.0,2120.0,700.0,656249710.0,656249710.0,480309163.0,0.0,0.0,,0.0,0.0,0.0
2021-12-08,2120.0,0.0,0.0,2280.0,2180.0,2240.0,120.0,56700.0,126177000.0,36.0,210.0,2240.0,9300.0,2120.0,500.0,656249710.0,656249710.0,480309163.0,0.0,54200.0,,0.0,0.0,0.0
2021-12-09,2240.0,0.0,0.0,2240.0,2240.0,2240.0,0.0,400.0,896000.0,3.0,210.0,2230.0,300.0,2150.0,100.0,656249710.0,656249710.0,480309163.0,0.0,0.0,,0.0,0.0,0.0
2021-12-10,2240.0,0.0,0.0,2250.0,2170.0,2170.0,-70.0,3300.0,7354000.0,16.0,203.4,2200.0,300.0,2170.0,1200.0,656249710.0,656249710.0,480309163.0,0.0,0.0,,0.0,0.0,0.0
2021-12-13,2170.0,0.0,0.0,2270.0,2150.0,2160.0,-10.0,15400.0,33587000.0,23.0,202.5,2250.0,9400.0,2150.0,400.0,656249710.0,656249710.0,480309163.0,0.0,0.0,,0.0,0.0,0.0
2021-12-14,2160.0,0.0,0.0,2160.0,2100.0,2100.0,-60.0,6800.0,14354000.0,12.0,196.9,2180.0,100.0,2110.0,100.0,656249710.0,656249710.0,480309163.0,0.0,0.0,,0.0,0.0,0.0
2021-12-15,2100.0,0.0,0.0,2100.0,2090.0,2090.0,-10.0,1100.0,2306000.0,6.0,195.9,2220.0,300.0,2110.0,100.0,656249710.0,656249710.0,480309163.0,0.0,0.0,,0.0,0.0,0.0
2021-12-16,2090.0,0.0,0.0,2100.0,2050.0,2050.0,-40.0,13900.0,29082000.0,18.0,192.2,2080.0,700.0,2050.0,100.0,656249710.0,656249710.0,480309163.0,0.0,0.0,,200.0,440000.0,1.0
2021-12-17,2050.0,0.0,0.0,2130.0,2060.0,2090.0,40.0,2700.0,5601000.0,11.0,195.9,2150.0,200.0,2080.0,500.0,656249710.0,656249710.0,480309163.0,0.0,0.0,,0.0,0.0,0.0
2021-12-20,2090.0,0.0,0.0,2190.0,2050.0,2050.0,-40.0,30800.0,63388000.0,16.0,192.2,2090.0,100.0,2060.0,27100.0,656249710.0,656249710.0,480309163.0,27100.0,0.0,,0.0,0.0,0.0
2021-12-21,2050.0,0.0,0.0,2070.0,2050.0,2050.0,0.0,9400.0,19328000.0,16.0,192.2,2110.0,200.0,2050.0,100.0,656249710.0,656249710.0,480309163.0,0.0,0.0,,0.0,0.0,0.0
2021-12-22,2050.0,0.0,0.0,2140.0,2100.0,2100.0,50.0,2400.0,5044000.0,8.0,196.9,2110.0,500.0,2050.0,1200.0,656249710.0,656249710.0,480309163.0,0.0,200.0,,0.0,0.0,0.0
2021-12-23,2100.0,0.0,0.0,2100.0,2030.0,2030.0,-70.0,4100.0,8386000.0,17.0,190.3,2060.0,100.0,2040.0,100.0,656249710.0,656249710.0,480309163.0,0.0,0.0,,0.0,0.0,0.0
2021-12-24,2030.0,0.0,0.0,2100.0,2050.0,2060.0,30.0,12200.0,25211000.0,25.0,193.1,2070.0,100.0,2050.0,19200.0,656249710.0,656249710.0,480309163.0,0.0,0.0,,0.0,0.0,0.0
2021-12-27,2060.0,0.0,0.0,2100.0,2050.0,2050.0,-10.0,8000.0,16558000.0,14.0,192.2,2090.0,24200.0,2050.0,100.0,656249710.0,656249710.0,480309163.0,0.0,0.0,,0.0,0.0,0.0
2021-12-28,2050.0,0.0,0.0,2090.0,2080.0,2080.0,30.0,2100.0,4376000.0,10.0,195.0,2090.0,1200.0,2060.0,300.0,656249710.0,656249710.0,480309163.0,0.0,0.0,,0.0,0.0,0.0
2021-12-29,2080.0,0.0,0.0,2080.0,2060.0,2070.0,-10.0,4900.0,10107000.0,21.0,194.1,2060.0,100.0,2050.0,700.0,656249710.0,656249710.0,480309163.0,0.0,0.0,,0.0,0.0,0.0
2021-12-30,2070.0,0.0,0.0,2390.0,2040.0,2390.0,320.0,17200.0,36232000.0,39.0,224.1,2390.0,22800.0,2060.0,5000.0,656249710.0,656249710.0,480309163.0,200.0,0.0,,0.0,0.0,0.0
2022-01-03,2390.0,0.0,0.0,2380.0,2230.0,2230.0,-160.0,7100.0,16009000.0,18.0,209.1,2230.0,18700.0,0.0,0.0,656249710.0,656249710.0,304368615.0,0.0,300.0,,0.0,0.0,0.0
2022-01-04,2230.0,0.0,0.0,2230.0,2080.0,2190.0,-40.0,22800.0,47844000.0,37.0,205.3,2180.0,600.0,2120.0,3000.0,656249710.0,656249710.0,304368615.0,0.0,0.0,,0.0,0.0,0.0
2022-01-05,2190.0,0.0,0.0,2180.0,2060.0,2060.0,-130.0,17100.0,35482000.0,22.0,193.1,2140.0,10100.0,2060.0,100.0,656249710.0,656249710.0,304368615.0,0.0,0.0,,0.0,0.0,0.0
2022-01-06,2060.0,0.0,0.0,2170.0,2060.0,2100.0,40.0,12300.0,25452000.0,34.0,196.9,2100.0,6600.0,2080.0,100.0,656249710.0,656249710.0,304368615.0,0.0,200.0,,0.0,0.0,0.0
2022-01-07,2100.0,0.0,0.0,2130.0,2110.0,2110.0,10.0,2700.0,5702000.0,7.0,197.8,2110.0,500.0,2070.0,300.0,656249710.0,656249710.0,304368615.0,0.0,0.0,,0.0,0.0,0.0
2022-01-10,2110.0,0.0,0.0,2170.0,2140.0,2150.0,40.0,12000.0,25818000.0,25.0,201.6,2160.0,2200.0,2150.0,25300.0,656249710.0,656249710.0,304368615.0,0.0,100.0,,0.0,0.0,0.0
2022-01-11,2150.0,0.0,0.0,2140.0,2140.0,2140.0,-10.0,2300.0,4922000.0,5.0,200.6,2140.0,3200.0,2090.0,3100.0,656249710.0,656249710.0,304368615.0,0.0,0.0,,0.0,0.0,0.0
2022-01-12,2140.0,0.0,0.0,2150.0,2050.0,2150.0,10.0,6800.0,14336000.0,17.0,201.6,2150.0,400.0,2100.0,200.0,656249710.0,656249710.0,304368615.0,0.0,0.0,,0.0,0.0,0.0
2022-01-13,2150.0,0.0,0.0,2150.0,2090.0,2150.0,0.0,600.0,1284000.0,2.0,201.6,2140.0,100.0,2100.0,100.0,656249710.0,656249710.0,304368615.0,0.0,0.0,,0.0,0.0,0.0
2022-01-14,2150.0,0.0,0.0,2160.0,2140.0,2160.0,10.0,14000.0,30194000.0,11.0,202.5,2160.0,68800.0,2150.0,11200.0,656249710.0,656249710.0,304368615.0,0.0,0.0,,0.0,0.0,0.0
2022-01-17,2160.0,0.0,0.0,2180.0,2160.0,2180.0,20.0,3500.0,7572000.0,7.0,204.4,2180.0,4500.0,2160.0,2900.0,656249710.0,656249710.0,304368615.0,0.0,2900.0,,0.0,0.0,0.0
2022-01-18,2180.0,0.0,0.0,2200.0,2170.0,2170.0,-10.0,4700.0,10248000.0,15.0,203.4,2170.0,4300.0,2160.0,500.0,656249710.0,656249710.0,304368615.0,0.0,0.0,,0.0,0.0,0.0
2022-01-19,2170.0,0.0,0.0,2180.0,2160.0,2180.0,10.0,4200.0,9110000.0,11.0,204.4,2190.0,1200.0,2180.0,100.0,656249710.0,656249710.0,304368615.0,100.0,0.0,,0.0,0.0,0.0
2022-01-20,2180.0,0.0,0.0,2190.0,2150.0,2150.0,-30.0,2600.0,5647000.0,8.0,201.6,2240.0,1100.0,2150.0,100.0,656249710.0,656249710.0,304368615.0,0.0,0.0,,0.0,0.0,0.0
2022-01-21,2150.0,0.0,0.0,2190.0,2180.0,2180.0,30.0,3200.0,6978000.0,5.0,204.4,2190.0,1400.0,2120.0,1500.0,656249710.0,656249710.0,304368615.0,0.0,0.0,,0.0,0.0,0.0
2022-01-24,2180.0,0.0,0.0,2170.0,2150.0,2170.0,-10.0,4400.0,9490000.0,5.0,203.4,2200.0,1300.0,2170.0,1000.0,656249710.0,656249710.0,304368615.0,0.0,0.0,,0.0,0.0,0.0
2022-01-25,2170.0,0.0,0.0,2270.0,2160.0,2170.0,0.0,3400.0,7418000.0,13.0,203.4,2170.0,200.0,2160.0,500.0,656249710.0,656249710.0,304368615.0,100.0,0.0,,0.0,0.0,0.0
2022-01-26,2170.0,0.0,0.0,2180.0,2170.0,2170.0,0.0,5700.0,12380000.0,8.0,203.4,2200.0,1500.0,2060.0,100.0,656249710.0,656249710.0,304368615.0,100.0,0.0,,0.0,0.0,0.0
2022-01-27,2170.0,0.0,0.0,2160.0,2110.0,2160.0,-10.0,5900.0,12691000.0,7.0,202.5,2200.0,1000.0,2120.0,100.0,656249710.0,656249710.0,304368615.0,0.0,0.0,,0.0,0.0,0.0
2022-01-28,2160.0,0.0,0.0,2130.0,2050.0,2130.0,-30.0,1700.0,3555000.0,13.0,199.7,2130.0,200.0,2080.0,100.0,656249710.0,656249710.0,304368615.0,0.0,0.0,,0.0,0.0,0.0
2022-01-31,2130.0,0.0,0.0,2250.0,2090.0,2240.0,110.0,20500.0,43531000.0,20.0,210.0,2240.0,10400.0,2130.0,100.0,656249710.0,656249710.0,304368615.0,0.0,0.0,,0.0,0.0,0.0
2022-02-02,2240.0,0.0,0.0,2390.0,2230.0,2230.0,-10.0,4700.0,10706000.0,21.0,209.1,2230.0,1500.0,2220.0,200.0,656249710.0,656249710.0,304368615.0,0.0,0.0,,0.0,0.0,0.0
2022-02-03,2230.0,0.0,0.0,2220.0,2220.0,2220.0,-10.0,1400.0,3108000.0,4.0,208.1,2210.0,1300.0,2120.0,100.0,656249710.0,656249710.0,304368615.0,0.0,0.0,,0.0,0.0,0.0
2022-02-04,2220.0,0.0,0.0,2250.0,2190.0,2190.0,-30.0,40200.0,89879000.0,13.0,205.3,2200.0,800.0,2190.0,100.0,656249710.0,656249710.0,304368615.0,0.0,0.0,,0.0,0.0,0.0
2022-02-07,2190.0,0.0,0.0,2190.0,2120.0,2190.0,0.0,2500.0,5454000.0,7.0,205.3,2190.0,800.0,2180.0,500.0,656249710.0,656249710.0,304368615.0,0.0,0.0,,75.0,164250.0,1.0
2022-02-08,2190.0,0.0,0.0,2240.0,2180.0,2240.0,50.0,3700.0,8165000.0,11.0,210.0,2250.0,1100.0,2190.0,200.0,656249710.0,656249710.0,304368615.0,0.0,0.0,,0.0,0.0,0.0
2022-02-09,2240.0,0.0,0.0,2190.0,2180.0,2180.0,-60.0,20500.0,44891000.0,5.0,204.4,2220.0,100.0,2180.0,3200.0,656249710.0,656249710.0,304368615.0,0.0,0.0,,0.0,0.0,0.0
2022-02-10,2180.0,0.0,0.0,0.0,0.0,2180.0,0.0,0.0,0.0,0.0,204.4,2280.0,100.0,2180.0,400.0,656249710.0,656249710.0,304368615.0,0.0,0.0,,0.0,0.0,0.0
2022-02-11,2180.0,0.0,0.0,2280.0,2100.0,2260.0,80.0,1500.0,3237000.0,12.0,211.9,2250.0,600.0,2160.0,900.0,656249710.0,656249710.0,304368615.0,0.0,0.0,,0.0,0.0,0.0
2022-02-14,2260.0,0.0,0.0,2260.0,2250.0,2250.0,-10.0,1100.0,2481000.0,5.0,210.9,2240.0,100.0,2170.0,200.0,656249710.0,656249710.0,304368615.0,0.0,0.0,,0.0,0.0,0.0
2022-02-15,2250.0,0.0,0.0,2180.0,2180.0,2180.0,-70.0,5000.0,10900000.0,13.0,204.4,2180.0,1400.0,2170.0,500.0,656249710.0,656249710.0,304368615.0,2900.0,0.0,,0.0,0.0,0.0
2022-02-16,2180.0,0.0,0.0,2180.0,2180.0,2180.0,0.0,200.0,436000.0,1.0,204.4,2180.0,5400.0,2170.0,500.0,656249710.0,656249710.0,304368615.0,0.0,0.0,,0.0,0.0,0.0
2022-02-17,2180.0,0.0,0.0,2210.0,2150.0,2210.0,30.0,2500.0,5447000.0,8.0,207.2,2270.0,2500.0,2210.0,2700.0,656249710.0,656249710.0,304368615.0,0.0,0.0,,0.0,0.0,0.0
2022-02-18,2210.0,0.0,0.0,2230.0,2210.0,2230.0,20.0,2200.0,4889000.0,8.0,209.1,2210.0,100.0,2180.0,2000.0,656249710.0,656249710.0,304368615.0,0.0,0.0,,0.0,0.0,0.0
2022-02-21,2230.0,0.0,0.0,2200.0,2170.0,2190.0,-40.0,5000.0,10901000.0,9.0,205.3,2200.0,500.0,2190.0,400.0,656249710.0,656249710.0,304368615.0,0.0,0.0,,0.0,0.0,0.0
2022-02-22,2190.0,0.0,0.0,2190.0,2170.0,2170.0,-20.0,400.0,872000.0,3.0,203.4,2250.0,1300.0,2170.0,600.0,656249710.0,656249710.0,304368615.0,0.0,0.0,,0.0,0.0,0.0
2022-02-23,2170.0,0.0,0.0,2240.0,2180.0,2180.0,10.0,1800.0,3964000.0,7.0,204.4,2210.0,1400.0,2170.0,600.0,656249710.0,656249710.0,304368615.0,0.0,0.0,,0.0,0.0,0.0
2022-02-24,2180.0,0.0,0.0,2230.0,2110.0,2170.0,-10.0,1200.0,2613000.0,7.0,203.4,2170.0,300.0,2110.0,1200.0,656249710.0,656249710.0,304368615.0,0.0,0.0,,0.0,0.0,0.0
2022-02-25,2170.0,0.0,0.0,2190.0,2120.0,2130.0,-40.0,4800.0,10379000.0,16.0,199.7,2170.0,2400.0,2130.0,2100.0,656249710.0,656249710.0,304368615.0,0.0,0.0,,0.0,0.0,0.0
2022-03-01,2130.0,0.0,0.0,2150.0,2130.0,2140.0,10.0,2500.0,5350000.0,8.0,200.6,2180.0,500.0,2140.0,600.0,656249710.0,656249710.0,304368615.0,0.0,0.0,,0.0,0.0,0.0
2022-03-02,2140.0,0.0,0.0,2180.0,2140.0,2140.0,0.0,2400.0,5152000.0,9.0,200.6,2180.0,38000.0,2130.0,600.0,656249710.0,656249710.0,304368615.0,0.0,0.0,,0.0,0.0,0.0
2022-03-04,2140.0,0.0,0.0,2140.0,2140.0,2140.0,0.0,300.0,642000.0,3.0,200.6,2150.0,7400.0,2140.0,400.0,656249710.0,656249710.0,304368615.0,0.0,0.0,,0.0,0.0,0.0
2022-03-07,2140.0,0.0,0.0,2140.0,2040.0,2140.0,0.0,5600.0,11701000.0,15.0,200.6,2140.0,1000.0,2120.0,100.0,656249710.0,656249710.0,304368615.0,0.0,0.0,,0.0,0.0,0.0
2022-03-08,2140.0,0.0,0.0,2200.0,2140.0,2180.0,40.0,500.0,1090000.0,4.0,204.4,2180.0,7400.0,2120.0,100.0,656249710.0,656249710.0,304368615.0,0.0,0.0,,0.0,0.0,0.0
2022-03-09,2180.0,0.0,0.0,2250.0,2100.0,2200.0,20.0,3100.0,6799000.0,21.0,206.2,2200.0,500.0,2130.0,800.0,656249710.0,656249710.0,304368615.0,0.0,0.0,,0.0,0.0,0.0
2022-03-10,2200.0,0.0,0.0,2360.0,2150.0,2280.0,80.0,35200.0,81472000.0,65.0,213.7,2280.0,500.0,2180.0,900.0,656249710.0,656249710.0,304368615.0,0.0,0.0,,0.0,0.0,0.0
2022-03-11,2280.0,0.0,0.0,2320.0,2180.0,2180.0,-100.0,4900.0,10966000.0,15.0,204.4,2300.0,1100.0,2180.0,1000.0,656249710.0,656249710.0,304368615.0,0.0,0.0,,0.0,0.0,0.0
2022-03-14,2180.0,0.0,0.0,2190.0,2170.0,2170.0,-10.0,10400.0,22749000.0,16.0,203.4,2200.0,1100.0,2170.0,1500.0,656249710.0,656249710.0,304368615.0,0.0,0.0,,0.0,0.0,0.0
2022-03-15,2170.0,0.0,0.0,2200.0,2140.0,2190.0,20.0,4600.0,9938000.0,17.0,205.3,2190.0,400.0,2150.0,700.0,656249710.0,656249710.0,304368615.0,0.0,0.0,,0.0,0.0,0.0
2022-03-16,2190.0,0.0,0.0,2280.0,2130.0,2210.0,20.0,4900.0,10664000.0,19.0,207.2,2220.0,100.0,2160.0,100.0,656249710.0,656249710.0,304368615.0,0.0,0.0,,0.0,0.0,0.0
2022-03-17,2210.0,0.0,0.0,2200.0,2130.0,2190.0,-20.0,1700.0,3706000.0,12.0,205.3,2200.0,6000.0,2150.0,200.0,656249710.0,656249710.0,304368615.0,0.0,0.0,,0.0,0.0,0.0
2022-03-18,2190.0,0.0,0.0,2150.0,2150.0,2150.0,-40.0,12300.0,26445000.0,4.0,201.6,2200.0,6100.0,2150.0,5700.0,656249710.0,656249710.0,304368615.0,0.0,0.0,,0.0,0.0,0.0
2022-03-21,2150.0,0.0,0.0,2360.0,2130.0,2180.0,30.0,5300.0,11907000.0,23.0,204.4,2180.0,400.0,2130.0,10100.0,656249710.0,656249710.0,304368615.0,0.0,0.0,,0.0,0.0,0.0
2022-03-22,2180.0,0.0,0.0,2370.0,2130.0,2230.0,50.0,10600.0,23221000.0,21.0,209.1,2230.0,500.0,2160.0,1200.0,656249710.0,656249710.0,304368615.0,0.0,0.0,,0.0,0.0,0.0
2022-03-23,2230.0,0.0,0.0,2230.0,2170.0,2210.0,-20.0,3300.0,7259000.0,10.0,207.2,2210.0,900.0,2180.0,500.0,656249710.0,656249710.0,304368615.0,0.0,0.0,,0.0,0.0,0.0
2022-03-24,2210.0,0.0,0.0,2220.0,2170.0,2200.0,-10.0,6100.0,13420000.0,12.0,206.2,2220.0,200.0,2200.0,200.0,656249710.0,656249710.0,304368615.0,0.0,0.0,,0.0,0.0,0.0
2022-03-25,2200.0,0.0,0.0,2200.0,2200.0,2200.0,0.0,1900.0,4180000.0,3.0,206.2,2260.0,500.0,2200.0,400.0,656249710.0,656249710.0,304368615.0,0.0,0.0,,0.0,0.0,0.0
2022-03-28,2200.0,0.0,0.0,2200.0,2200.0,2200.0,0.0,200.0,440000.0,1.0,206.2,2280.0,1800.0,2200.0,300.0,656249710.0,656249710.0,304368615.0,0.0,0.0,,0.0,0.0,0.0
2022-03-29,2200.0,0.0,0.0,2200.0,2200.0,2200.0,0.0,300.0,660000.0,2.0,206.2,2230.0,500.0,2200.0,300.0,656249710.0,656249710.0,304368615.0,0.0,0.0,,0.0,0.0,0.0
2022-03-30,2200.0,0.0,0.0,2200.0,2200.0,2200.0,0.0,25400.0,55880000.0,3.0,206.2,2220.0,101300.0,2200.0,1900.0,656249710.0,656249710.0,304368615.0,0.0,0.0,,0.0,0.0,0.0
2022-03-31,2200.0,0.0,0.0,2220.0,2200.0,2200.0,0.0,3100.0,6827000.0,8.0,206.2,2230.0,800.0,2200.0,100.0,656249710.0,656249710.0,304368615.0,0.0,0.0,,0.0,0.0,0.0
2022-04-01,2200.0,0.0,0.0,2200.0,2200.0,2200.0,0.0,700.0,1540000.0,4.0,206.2,2230.0,2500.0,2200.0,700.0,656249710.0,656249710.0,69759344.0,0.0,0.0,,0.0,0.0,0.0
2022-04-04,2200.0,0.0,0.0,2280.0,2200.0,2200.0,0.0,1600.0,3544000.0,8.0,206.2,2230.0,600.0,2200.0,100.0,656249710.0,656249710.0,69759344.0,0.0,0.0,,0.0,0.0,0.0
2022-04-05,2200.0,0.0,0.0,2220.0,2200.0,2220.0,20.0,11700.0,25764000.0,12.0,208.1,2220.0,500.0,2160.0,600.0,656249710.0,656249710.0,69759344.0,0.0,0.0,,0.0,0.0,0.0
2022-04-06,2220.0,0.0,0.0,2230.0,2200.0,2220.0,0.0,16100.0,35820000.0,15.0,208.1,2230.0,100.0,2220.0,7600.0,656249710.0,656249710.0,69759344.0,0.0,0.0,,0.0,0.0,0.0
2022-04-07,2220.0,0.0,0.0,2250.0,2200.0,2240.0,20.0,28200.0,63114000.0,20.0,210.0,2250.0,3600.0,2240.0,5300.0,656249710.0,656249710.0,69759344.0,0.0,0.0,,0.0,0.0,0.0
2022-04-08,2240.0,0.0,0.0,2250.0,2220.0,2220.0,-20.0,900.0,2003000.0,4.0,208.1,2250.0,800.0,2220.0,700.0,656249710.0,656249710.0,69759344.0,0.0,0.0,,0.0,0.0,0.0
2022-04-11,2220.0,0.0,0.0,0.0,0.0,2220.0,0.0,0.0,0.0,0.0,208.1,2230.0,100.0,2170.0,100.0,656249710.0,656249710.0,69759344.0,0.0,0.0,,0.0,0.0,0.0
2022-04-12,2220.0,0.0,0.0,2220.0,2180.0,2190.0,-30.0,1300.0,2840000.0,3.0,205.3,2200.0,500.0,2190.0,300.0,656249710.0,656249710.0,69759344.0,0.0,0.0,,0.0,0.0,0.0
2022-04-13,2190.0,0.0,0.0,2180.0,2160.0,2180.0,-10.0,1000.0,2165000.0,7.0,204.4,2240.0,2000.0,2180.0,1200.0,656249710.0,656249710.0,69759344.0,0.0,0.0,,0.0,0.0,0.0
2022-04-14,2180.0,0.0,0.0,0.0,0.0,2180.0,0.0,0.0,0.0,0.0,204.4,2250.0,30500.0,2180.0,400.0,656249710.0,656249710.0,69759344.0,0.0,0.0,,0.0,0.0,0.0
2022-04-18,2180.0,0.0,0.0,2250.0,2170.0,2180.0,0.0,6400.0,13981000.0,11.0,204.4,2250.0,500.0,2180.0,500.0,656249710.0,656249710.0,69759344.0,0.0,0.0,,0.0,0.0,0.0
2022-04-19,2180.0,0.0,0.0,2200.0,2190.0,2200.0,20.0,2600.0,5713000.0,6.0,206.2,2210.0,200.0,2200.0,100.0,656249710.0,656249710.0,69759344.0,0.0,0.0,,0.0,0.0,0.0
2022-04-20,2200.0,0.0,0.0,2200.0,2200.0,2200.0,0.0,1000.0,2200000.0,5.0,206.2,2230.0,600.0,2190.0,1600.0,656249710.0,656249710.0,69759344.0,0.0,0.0,,0.0,0.0,0.0
2022-04-21,2200.0,0.0,0.0,2200.0,2180.0,2180.0,-20.0,200.0,438000.0,2.0,204.4,2200.0,1000.0,2190.0,100.0,656249710.0,656249710.0,69759344.0,0.0,0.0,,0.0,0.0,0.0
2022-04-22,2180.0,0.0,0.0,2270.0,2180.0,2190.0,10.0,62600.0,137606000.0,41.0,205.3,2220.0,124400.0,2190.0,12700.0,656249710.0,656249710.0,69759344.0,0.0,0.0,,0.0,0.0,0.0
2022-04-25,2190.0,0.0,0.0,2210.0,2170.0,2190.0,0.0,3200.0,6992000.0,10.0,205.3,2210.0,1300.0,2190.0,500.0,656249710.0,656249710.0,69759344.0,0.0,0.0,,0.0,0.0,0.0
2022-04-26,2190.0,0.0,0.0,2210.0,2170.0,2200.0,10.0,3300.0,7250000.0,9.0,206.2,2200.0,200.0,2190.0,200.0,656249710.0,656249710.0,69759344.0,0.0,0.0,,0.0,0.0,0.0
2022-04-27,2200.0,0.0,0.0,2220.0,2160.0,2160.0,-40.0,17400.0,38481000.0,21.0,202.5,2220.0,700.0,2170.0,100.0,656249710.0,656249710.0,69759344.0,100.0,0.0,,0.0,0.0,0.0
2022-04-28,2160.0,0.0,0.0,2220.0,2200.0,2220.0,60.0,4100.0,9042000.0,8.0,208.1,2240.0,2100.0,2200.0,900.0,656249710.0,656249710.0,69759344.0,0.0,100.0,,0.0,0.0,0.0
2022-05-09,2220.0,0.0,0.0,2290.0,2160.0,2170.0,-50.0,35000.0,76980000.0,32.0,203.4,2250.0,900.0,2170.0,600.0,656249710.0,656249710.0,69759344.0,0.0,0.0,,0.0,0.0,0.0
2022-05-10,2170.0,0.0,0.0,2200.0,2120.0,2140.0,-30.0,4600.0,9872000.0,17.0,200.6,2250.0,700.0,2130.0,400.0,656249710.0,656249710.0,69759344.0,0.0,0.0,,0.0,0.0,0.0
2022-05-11,2140.0,0.0,0.0,2250.0,2140.0,2250.0,110.0,2600.0,5581000.0,6.0,210.9,2250.0,5500.0,2160.0,2000.0,656249710.0,656249710.0,69759344.0,0.0,0.0,,25.0,2500.0,1.0
2022-05-12,2250.0,0.0,0.0,0.0,0.0,2250.0,0.0,0.0,0.0,0.0,210.9,2200.0,1000.0,2170.0,300.0,656249710.0,656249710.0,69759344.0,0.0,0.0,,0.0,0.0,0.0
2022-05-13,2250.0,0.0,0.0,2270.0,2250.0,2250.0,0.0,13700.0,30895000.0,12.0,210.9,2290.0,700.0,2250.0,100.0,656249710.0,656249710.0,69759344.0,0.0,0.0,,0.0,0.0,0.0
2022-05-17,2250.0,0.0,0.0,2290.0,2180.0,2180.0,-70.0,6600.0,14461000.0,13.0,204.4,2280.0,700.0,2180.0,700.0,656249710.0,656249710.0,69759344.0,0.0,100.0,,0.0,0.0,0.0
2022-05-18,2180.0,0.0,0.0,0.0,0.0,2180.0,0.0,0.0,0.0,0.0,204.4,2200.0,100000.0,2180.0,700.0,656249710.0,656249710.0,69759344.0,0.0,0.0,,0.0,0.0,0.0
2022-05-19,2180.0,0.0,0.0,2210.0,2170.0,2170.0,-10.0,10100.0,22041000.0,15.0,203.4,2200.0,100.0,2170.0,7400.0,656249710.0,656249710.0,69759344.0,100.0,0.0,,0.0,0.0,0.0
2022-05-20,2170.0,0.0,0.0,2230.0,2180.0,2230.0,60.0,800.0,1766000.0,5.0,209.1,2220.0,200.0,2190.0,300.0,656249710.0,656249710.0,69759344.0,0.0,0.0,,0.0,0.0,0.0
2022-05-23,2230.0,0.0,0.0,2230.0,2210.0,2210.0,-20.0,8000.0,17791000.0,15.0,207.2,2220.0,200.0,2210.0,200.0,656249710.0,656249710.0,69759344.0,0.0,0.0,,0.0,0.0,0.0
2022-05-24,2210.0,0.0,0.0,2230.0,2230.0,2230.0,20.0,2900.0,6467000.0,2.0,209.1,2230.0,1200.0,2210.0,1700.0,656249710.0,656249710.0,69759344.0,0.0,0.0,,0.0,0.0,0.0
2022-05-25,2230.0,0.0,0.0,2220.0,2190.0,2190.0,-40.0,15900.0,34875000.0,15.0,205.3,2210.0,2700.0,2180.0,300.0,656249710.0,656249710.0,69759344.0,0.0,0.0,,0.0,0.0,0.0
2022-05-27,2190.0,0.0,0.0,2250.0,2200.0,2240.0,50.0,5300.0,11704000.0,12.0,210.0,2250.0,58400.0,2240.0,1200.0,656249710.0,656249710.0,69759344.0,0.0,0.0,,0.0,0.0,0.0
2022-05-30,2240.0,0.0,0.0,2280.0,2200.0,2240.0,0.0,8700.0,19508000.0,20.0,210.0,2250.0,300.0,2240.0,200.0,656249710.0,656249710.0,69759344.0,0.0,200.0,,0.0,0.0,0.0
2022-05-31,2240.0,0.0,0.0,2250.0,2210.0,2220.0,-20.0,5400.0,12033000.0,15.0,208.1,2230.0,300.0,2220.0,2000.0,656249710.0,656249710.0,69759344.0,0.0,0.0,,0.0,0.0,0.0
2022-06-02,2220.0,0.0,0.0,2260.0,2230.0,2260.0,40.0,13200.0,29772000.0,16.0,211.9,2260.0,300.0,2250.0,6300.0,656249710.0,656249710.0,69759344.0,0.0,0.0,,0.0,0.0,0.0
2022-06-03,2260.0,0.0,0.0,2280.0,2110.0,2170.0,-90.0,34500.0,74657000.0,38.0,203.4,2250.0,100.0,2170.0,3800.0,656249710.0,656249710.0,69759344.0,27100.0,0.0,,0.0,0.0,0.0
2022-06-06,2170.0,0.0,0.0,2250.0,2150.0,2190.0,20.0,8100.0,17618000.0,24.0,205.3,2200.0,100.0,2190.0,300.0,656249710.0,656249710.0,69759344.0,100.0,200.0,,0.0,0.0,0.0
2022-06-07,2190.0,0.0,0.0,2250.0,2200.0,2250.0,60.0,4900.0,10833000.0,14.0,210.9,2250.0,2900.0,2200.0,1600.0,656249710.0,656249710.0,69759344.0,0.0,0.0,,0.0,0.0,0.0
2022-06-08,2250.0,0.0,0.0,2240.0,2220.0,2220.0,-30.0,1700.0,3778000.0,7.0,208.1,2220.0,26700.0,2210.0,1200.0,656249710.0,656249710.0,69759344.0,0.0,0.0,,0.0,0.0,0.0
2022-06-09,2220.0,0.0,0.0,2280.0,2240.0,2250.0,30.0,14000.0,31595000.0,16.0,210.9,2260.0,7800.0,2250.0,9000.0,656249710.0,656249710.0,69759344.0,0.0,0.0,,0.0,0.0,0.0
2022-06-10,2250.0,0.0,0.0,2280.0,2200.0,2280.0,30.0,26200.0,58385000.0,20.0,213.7,2290.0,100.0,2200.0,1900.0,656249710.0,656249710.0,69759344.0,100.0,0.0,,0.0,0.0,0.0
2022-06-13,2280.0,0.0,0.0,2290.0,2180.0,2180.0,-100.0,11300.0,24738000.0,18.0,204.4,2190.0,3500.0,2180.0,1000.0,656249710.0,656249710.0,69759344.0,0.0,0.0,,0.0,0.0,0.0
2022-06-14,2180.0,0.0,0.0,2190.0,2180.0,2190.0,10.0,1400.0,3062000.0,7.0,205.3,2280.0,2000.0,2190.0,700.0,656249710.0,656249710.0,69759344.0,0.0,0.0,,0.0,0.0,0.0
2022-06-15,2190.0,0.0,0.0,2290.0,2200.0,2200.0,10.0,500.0,1109000.0,4.0,206.2,2200.0,1300.0,2190.0,200.0,656249710.0,656249710.0,69759344.0,0.0,0.0,,0.0,0.0,0.0
2022-06-16,2200.0,0.0,0.0,2220.0,2100.0,2200.0,0.0,12500.0,26962000.0,27.0,206.2,2230.0,100.0,2160.0,1000.0,656249710.0,656249710.0,69759344.0,0.0,0.0,,0.0,0.0,0.0
2022-06-17,2200.0,0.0,0.0,2220.0,2110.0,2200.0,0.0,5500.0,11821000.0,8.0,206.2,2210.0,200.0,2190.0,100.0,656249710.0,656249710.0,69759344.0,0.0,0.0,,0.0,0.0,0.0
2022-06-20,2200.0,0.0,0.0,2210.0,2190.0,2190.0,-10.0,800.0,1764000.0,7.0,205.3,2180.0,3400.0,2130.0,600.0,656249710.0,656249710.0,69759344.0,0.0,0.0,,0.0,0.0,0.0
2022-06-21,2190.0,0.0,0.0,2190.0,2170.0,2170.0,-20.0,7500.0,16338000.0,10.0,203.4,2270.0,300.0,2170.0,11200.0,656249710.0,656249710.0,69759344.0,100.0,0.0,,0.0,0.0,0.0
2022-06-22,2170.0,0.0,0.0,2180.0,2170.0,2170.0,0.0,3800.0,8251000.0,10.0,203.4,2270.0,7100.0,2150.0,500.0,656249710.0,656249710.0,69759344.0,0.0,0.0,,0.0,0.0,0.0
2022-06-23,2170.0,0.0,0.0,2270.0,2130.0,2230.0,60.0,600.0,1315000.0,5.0,209.1,2230.0,200.0,2150.0,200.0,656249710.0,656249710.0,69759344.0,0.0,0.0,,0.0,0.0,0.0
2022-06-24,2230.0,0.0,0.0,2230.0,2150.0,2190.0,-40.0,2300.0,5099000.0,7.0,205.3,2200.0,6600.0,2190.0,1400.0,656249710.0,656249710.0,69759344.0,0.0,0.0,,0.0,0.0,0.0
2022-06-27,2190.0,0.0,0.0,2200.0,2190.0,2200.0,10.0,8700.0,19108000.0,6.0,206.2,2200.0,2000.0,2190.0,7400.0,656249710.0,656249710.0,69759344.0,0.0,0.0,,0.0,0.0,0.0
2022-06-28,2200.0,0.0,0.0,2200.0,2150.0,2200.0,0.0,1700.0,3665000.0,5.0,206.2,2200.0,900.0,2190.0,100.0,656249710.0,656249710.0,69759344.0,100.0,0.0,,0.0,0.0,0.0
2022-06-29,2200.0,0.0,0.0,2270.0,2170.0,2270.0,70.0,13300.0,29719000.0,42.0,212.8,2250.0,100.0,2200.0,600.0,656249710.0,656249710.0,69759344.0,0.0,0.0,,0.0,0.0,0.0
2022-06-30,2270.0,0.0,0.0,2260.0,2120.0,2170.0,-100.0,7400.0,15919000.0,20.0,203.4,2210.0,1000.0,2160.0,100.0,656249710.0,656249710.0,69759344.0,0.0,0.0,,0.0,0.0,0.0
2022-07-01,2170.0,0.0,0.0,2130.0,2100.0,2110.0,-60.0,10900.0,23047000.0,25.0,197.8,2220.0,4000.0,2110.0,100.0,656249710.0,656249710.0,69824969.0,0.0,0.0,,0.0,0.0,0.0
2022-07-04,2110.0,0.0,0.0,2210.0,2100.0,2200.0,90.0,12000.0,26127000.0,33.0,206.2,2190.0,3200.0,2120.0,1600.0,656249710.0,656249710.0,69824969.0,0.0,100.0,,0.0,0.0,0.0
2022-07-05,2200.0,0.0,0.0,2160.0,2120.0,2140.0,-60.0,900.0,1921000.0,5.0,200.6,2180.0,100.0,2140.0,2200.0,656249710.0,656249710.0,69824969.0,0.0,0.0,,0.0,0.0,0.0
2022-07-06,2140.0,0.0,0.0,2190.0,2130.0,2190.0,50.0,8000.0,17436000.0,10.0,205.3,2190.0,13200.0,2130.0,10000.0,656249710.0,656249710.0,69824969.0,0.0,0.0,,0.0,0.0,0.0
2022-07-07,2190.0,0.0,0.0,2240.0,2190.0,2200.0,10.0,39300.0,86803000.0,72.0,206.2,2200.0,17000.0,2180.0,2700.0,656249710.0,656249710.0,69824969.0,100.0,0.0,,0.0,0.0,0.0
2022-07-08,2200.0,0.0,0.0,2120.0,2050.0,2120.0,-80.0,36300.0,75662000.0,63.0,198.7,2130.0,1900.0,2120.0,400.0,656249710.0,656249710.0,69824969.0,0.0,0.0,,0.0,0.0,0.0
2022-07-11,2120.0,0.0,0.0,2110.0,2100.0,2100.0,-20.0,4900.0,10291000.0,9.0,196.9,2160.0,600.0,2110.0,500.0,656249710.0,656249710.0,69824969.0,0.0,0.0,,0.0,0.0,0.0
2022-07-12,2100.0,0.0,0.0,2180.0,2100.0,2160.0,60.0,1500.0,3236000.0,7.0,202.5,2160.0,1600.0,2110.0,1100.0,656249710.0,656249710.0,69824969.0,0.0,0.0,,0.0,0.0,0.0
2022-07-13,2160.0,0.0,0.0,2160.0,2160.0,2160.0,0.0,300.0,648000.0,2.0,202.5,2160.0,600.0,2100.0,500.0,656249710.0,656249710.0,69824969.0,0.0,0.0,,0.0,0.0,0.0
2022-07-14,2160.0,0.0,0.0,2160.0,2140.0,2140.0,-20.0,1000.0,2152000.0,4.0,200.6,2140.0,100.0,2060.0,300.0,656249710.0,656249710.0,69824969.0,0.0,0.0,,0.0,0.0,0.0
2022-07-15,2140.0,0.0,0.0,2140.0,2140.0,2140.0,0.0,100.0,214000.0,1.0,200.6,2140.0,500.0,2100.0,100.0,656249710.0,656249710.0,69824969.0,0.0,0.0,,0.0,0.0,0.0
2022-07-18,2140.0,0.0,0.0,2140.0,2140.0,2140.0,0.0,3000.0,6420000.0,4.0,200.6,2140.0,300.0,2060.0,200.0,656249710.0,656249710.0,69824969.0,0.0,0.0,,0.0,0.0,0.0
2022-07-19,2140.0,0.0,0.0,2130.0,2110.0,2130.0,-10.0,5900.0,12472000.0,7.0,199.7,2150.0,6200.0,2120.0,1900.0,656249710.0,656249710.0,69824969.0,0.0,0.0,,0.0,0.0,0.0
2022-07-20,2130.0,0.0,0.0,2160.0,2110.0,2120.0,-10.0,4300.0,9098000.0,6.0,198.7,2130.0,4500.0,2120.0,100.0,656249710.0,656249710.0,69824969.0,0.0,0.0,,0.0,0.0,0.0
2022-07-21,2120.0,0.0,0.0,2160.0,2130.0,2130.0,10.0,873800.0,1861197000.0,6.0,199.7,2150.0,1100.0,2120.0,800.0,656249710.0,656249710.0,69824969.0,872500.0,0.0,,0.0,0.0,0.0
2022-07-22,2130.0,0.0,0.0,2170.0,2100.0,2110.0,-20.0,3900.0,8385000.0,13.0,197.8,2140.0,100.0,2110.0,2000.0,656249710.0,656249710.0,69824969.0,100.0,0.0,,0.0,0.0,0.0
2022-07-25,2110.0,0.0,0.0,2150.0,2110.0,2110.0,0.0,3100.0,6587000.0,11.0,197.8,2150.0,53800.0,2110.0,1300.0,656249710.0,656249710.0,69824969.0,0.0,0.0,,0.0,0.0,0.0
2022-07-26,2110.0,0.0,0.0,2150.0,2110.0,2110.0,0.0,300.0,637000.0,3.0,197.8,2150.0,2700.0,2100.0,600.0,656249710.0,656249710.0,69824969.0,0.0,0.0,,0.0,0.0,0.0
2022-07-27,2110.0,0.0,0.0,2110.0,2100.0,2110.0,0.0,4000.0,8434000.0,9.0,197.8,2150.0,2500.0,2100.0,1100.0,656249710.0,656249710.0,69824969.0,0.0,0.0,,0.0,0.0,0.0
2022-07-28,2110.0,0.0,0.0,2150.0,2110.0,2110.0,0.0,1700.0,3597000.0,8.0,197.8,2130.0,200.0,2100.0,200.0,656249710.0,656249710.0,69824969.0,0.0,0.0,,0.0,0.0,0.0
2022-07-29,2110.0,0.0,0.0,2140.0,2100.0,2140.0,30.0,1300.0,2748000.0,5.0,200.6,2140.0,500.0,2100.0,700.0,656249710.0,656249710.0,69824969.0,0.0,0.0,,0.0,0.0,0.0
2022-08-01,2140.0,0.0,0.0,2180.0,2150.0,2150.0,10.0,400.0,865000.0,4.0,201.6,2150.0,1500.0,2110.0,100.0,656249710.0,656249710.0,69824969.0,0.0,0.0,,0.0,0.0,0.0
2022-08-02,2150.0,0.0,0.0,2150.0,2140.0,2150.0,0.0,2900.0,6234000.0,7.0,201.6,2150.0,200.0,2110.0,2500.0,656249710.0,656249710.0,69824969.0,0.0,0.0,,0.0,0.0,0.0
2022-08-03,2150.0,0.0,0.0,2150.0,2110.0,2110.0,-40.0,500.0,1068000.0,5.0,197.8,2150.0,500.0,2110.0,2000.0,656249710.0,656249710.0,69824969.0,0.0,0.0,,0.0,0.0,0.0
2022-08-04,2110.0,0.0,0.0,2160.0,2110.0,2150.0,40.0,8000.0,17206000.0,9.0,201.6,2160.0,1700.0,2150.0,100.0,656249710.0,656249710.0,69824969.0,0.0,0.0,,0.0,0.0,0.0
2022-08-05,2150.0,0.0,0.0,2150.0,2140.0,2150.0,0.0,1200.0,2579000.0,6.0,201.6,2150.0,400.0,2140.0,100.0,656249710.0,656249710.0,69824969.0,0.0,0.0,,0.0,0.0,0.0
2022-08-08,2150.0,0.0,0.0,2180.0,2170.0,2170.0,20.0,300.0,652000.0,2.0,203.4,2160.0,1000.0,2100.0,500.0,656249710.0,656249710.0,69824969.0,0.0,0.0,,0.0,0.0,0.0
2022-08-09,2170.0,0.0,0.0,2170.0,2170.0,2170.0,0.0,200.0,434000.0,1.0,203.4,2170.0,700.0,2110.0,200.0,656249710.0,656249710.0,69824969.0,0.0,0.0,,0.0,0.0,0.0
2022-08-10,2170.0,0.0,0.0,0.0,0.0,2170.0,0.0,0.0,0.0,0.0,203.4,2160.0,1000.0,2100.0,100.0,656249710.0,656249710.0,69824969.0,0.0,0.0,,0.0,0.0,0.0
2022-08-11,2170.0,0.0,0.0,2170.0,2060.0,2170.0,0.0,900.0,1942000.0,5.0,203.4,2180.0,1800.0,2170.0,200.0,656249710.0,656249710.0,69824969.0,0.0,0.0,,0.0,0.0,0.0
2022-08-12,2170.0,0.0,0.0,2140.0,2050.0,2140.0,-30.0,7700.0,16387000.0,17.0,200.6,2140.0,800.0,2100.0,300.0,656249710.0,656249710.0,69824969.0,0.0,0.0,,0.0,0.0,0.0
2022-08-15,2140.0,0.0,0.0,2140.0,2140.0,2140.0,0.0,300.0,642000.0,3.0,200.6,2140.0,8400.0,2080.0,300.0,656249710.0,656249710.0,69824969.0,0.0,0.0,,0.0,0.0,0.0
2022-08-16,2140.0,0.0,0.0,2140.0,2060.0,2110.0,-30.0,4700.0,9800000.0,14.0,197.8,2140.0,600.0,2100.0,3800.0,656249710.0,656249710.0,69824969.0,0.0,0.0,,0.0,0.0,0.0
2022-08-18,2110.0,0.0,0.0,2110.0,2100.0,2110.0,0.0,1400.0,2943000.0,5.0,197.8,2150.0,300.0,2100.0,6000.0,656249710.0,656249710.0,69824969.0,0.0,0.0,,0.0,0.0,0.0
2022-08-19,2110.0,0.0,0.0,2180.0,2110.0,2180.0,70.0,200.0,429000.0,2.0,204.4,2170.0,400.0,2110.0,2600.0,656249710.0,656249710.0,69824969.0,0.0,0.0,,0.0,0.0,0.0
2022-08-22,2180.0,0.0,0.0,2180.0,2080.0,2090.0,-90.0,4300.0,8996000.0,9.0,195.9,2150.0,1000.0,2080.0,600.0,656249710.0,656249710.0,69824969.0,0.0,0.0,,0.0,0.0,0.0
2022-08-23,2090.0,0.0,0.0,2100.0,2080.0,2100.0,10.0,1700.0,3562000.0,7.0,196.9,2150.0,1500.0,2100.0,1500.0,656249710.0,656249710.0,69824969.0,0.0,0.0,,0.0,0.0,0.0
2022-08-24,2100.0,0.0,0.0,2120.0,2090.0,2100.0,0.0,20400.0,43043000.0,9.0,196.9,2120.0,100.0,2100.0,500.0,656249710.0,656249710.0,69824969.0,0.0,0.0,,0.0,0.0,0.0
2022-08-25,2100.0,0.0,0.0,2110.0,2080.0,2100.0,0.0,4100.0,8605000.0,8.0,196.9,2110.0,900.0,2100.0,200.0,656249710.0,656249710.0,69824969.0,0.0,0.0,,0.0,0.0,0.0
2022-08-26,2100.0,0.0,0.0,2130.0,2100.0,2110.0,10.0,8700.0,18410000.0,7.0,197.8,2120.0,400.0,2090.0,500.0,656249710.0,656249710.0,69824969.0,0.0,0.0,,0.0,0.0,0.0
2022-08-29,2110.0,0.0,0.0,2110.0,2100.0,2100.0,-10.0,1100.0,2312000.0,8.0,196.9,2100.0,200.0,2070.0,100.0,656249710.0,656249710.0,69824969.0,0.0,0.0,,0.0,0.0,0.0
2022-08-30,2100.0,0.0,0.0,2130.0,2100.0,2100.0,0.0,4300.0,9068000.0,11.0,196.9,2100.0,2600.0,2090.0,500.0,656249710.0,656249710.0,69824969.0,0.0,4100.0,,0.0,0.0,0.0
2022-08-31,2100.0,0.0,0.0,2080.0,2060.0,2060.0,-40.0,6000.0,12400000.0,18.0,193.1,2110.0,1500.0,2060.0,600.0,656249710.0,656249710.0,69824969.0,0.0,0.0,,0.0,0.0,0.0
2022-09-01,2060.0,0.0,0.0,2110.0,2060.0,2110.0,50.0,3900.0,8161000.0,10.0,197.8,2110.0,1200.0,2080.0,500.0,656249710.0,656249710.0,69824969.0,0.0,0.0,,0.0,0.0,0.0
2022-09-02,2110.0,0.0,0.0,2100.0,2100.0,2100.0,-10.0,600.0,1260000.0,4.0,196.9,2110.0,700.0,2100.0,200.0,656249710.0,656249710.0,69824969.0,0.0,0.0,,0.0,0.0,0.0
2022-09-05,2100.0,0.0,0.0,2130.0,2070.0,2080.0,-20.0,7400.0,15436000.0,20.0,195.0,2080.0,3700.0,2060.0,1100.0,656249710.0,656249710.0,69824969.0,0.0,0.0,,0.0,0.0,0.0
2022-09-06,2080.0,0.0,0.0,2100.0,2060.0,2080.0,0.0,1800.0,3739000.0,11.0,195.0,2080.0,700.0,2060.0,1100.0,656249710.0,656249710.0,69824969.0,0.0,0.0,,0.0,0.0,0.0
2022-09-07,2080.0,0.0,0.0,2080.0,2080.0,2080.0,0.0,1300.0,2704000.0,5.0,195.0,2080.0,200.0,2070.0,200.0,656249710.0,656249710.0,69824969.0,0.0,0.0,,0.0,0.0,0.0
2022-09-08,2080.0,0.0,0.0,2090.0,2090.0,2090.0,10.0,200.0,418000.0,2.0,195.9,2080.0,1100.0,2070.0,1000.0,656249710.0,656249710.0,69824969.0,0.0,0.0,,0.0,0.0,0.0
2022-09-09,2090.0,0.0,0.0,2090.0,2090.0,2090.0,0.0,300.0,627000.0,2.0,195.9,2090.0,500.0,2070.0,500.0,656249710.0,656249710.0,69824969.0,0.0,0.0,,0.0,0.0,0.0
2022-09-12,2090.0,0.0,0.0,2070.0,2060.0,2060.0,-30.0,4000.0,8271000.0,19.0,193.1,2060.0,900.0,2050.0,1600.0,656249710.0,656249710.0,69824969.0,0.0,0.0,,0.0,0.0,0.0
2022-09-13,2060.0,0.0,0.0,2080.0,2070.0,2070.0,10.0,5800.0,12007000.0,6.0,194.1,2080.0,400.0,2070.0,900.0,656249710.0,656249710.0,69824969.0,0.0,0.0,,0.0,0.0,0.0
2022-09-14,2070.0,0.0,0.0,2070.0,2070.0,2070.0,0.0,800.0,1656000.0,5.0,194.1,2070.0,500.0,2050.0,1100.0,656249710.0,656249710.0,69824969.0,0.0,0.0,,0.0,0.0,0.0
2022-09-15,2070.0,0.0,0.0,2060.0,2050.0,2050.0,-20.0,2200.0,4517000.0,10.0,192.2,2070.0,500.0,2050.0,600.0,656249710.0,656249710.0,69824969.0,0.0,0.0,,0.0,0.0,0.0
2022-09-16,2050.0,0.0,0.0,2050.0,2030.0,2040.0,-10.0,9500.0,19417000.0,22.0,191.2,2060.0,100.0,2030.0,800.0,656249710.0,656249710.0,69824969.0,0.0,0.0,,0.0,0.0,0.0
2022-09-19,2040.0,0.0,0.0,2100.0,2050.0,2060.0,20.0,1500.0,3101000.0,6.0,193.1,2060.0,4400.0,2040.0,2100.0,656249710.0,656249710.0,69824969.0,0.0,0.0,,0.0,0.0,0.0
2022-09-20,2060.0,0.0,0.0,2070.0,2060.0,2060.0,0.0,500.0,1033000.0,4.0,193.1,2060.0,100.0,2050.0,200.0,656249710.0,656249710.0,69824969.0,0.0,0.0,,0.0,0.0,0.0
2022-09-21,2060.0,0.0,0.0,2060.0,2060.0,2060.0,0.0,200.0,412000.0,2.0,193.1,2070.0,500.0,2060.0,300.0,656249710.0,656249710.0,69824969.0,0.0,0.0,,0.0,0.0,0.0
2022-09-22,2060.0,0.0,0.0,2040.0,2040.0,2040.0,-20.0,700.0,1428000.0,3.0,191.2,2060.0,1000.0,2040.0,800.0,656249710.0,656249710.0,69824969.0,0.0,0.0,,0.0,0.0,0.0
2022-09-23,2040.0,0.0,0.0,2060.0,2060.0,2060.0,20.0,500.0,1030000.0,2.0,193.1,2060.0,900.0,2040.0,900.0,656249710.0,656249710.0,69824969.0,0.0,0.0,,0.0,0.0,0.0
2022-09-26,2060.0,0.0,0.0,2060.0,2020.0,2030.0,-30.0,4400.0,8941000.0,14.0,190.3,2060.0,800.0,2030.0,10000.0,656249710.0,656249710.0,69824969.0,0.0,0.0,,0.0,0.0,0.0
2022-09-27,2030.0,0.0,0.0,2030.0,2000.0,2000.0,-30.0,5500.0,11096000.0,14.0,187.5,2060.0,500.0,2000.0,700.0,656249710.0,656249710.0,69824969.0,0.0,0.0,,0.0,0.0,0.0
2022-09-28,2000.0,0.0,0.0,2010.0,2000.0,2000.0,0.0,3000.0,6001000.0,12.0,187.5,2000.0,2400.0,1995.0,500.0,656249710.0,656249710.0,69824969.0,0.0,0.0,,0.0,0.0,0.0
2022-09-29,2000.0,0.0,0.0,2070.0,1990.0,1990.0,-10.0,5400.0,10798000.0,14.0,186.6,1990.0,3000.0,1985.0,1700.0,656249710.0,656249710.0,69824969.0,0.0,0.0,,2000000.0,4620000000.0,1.0
2022-09-30,1990.0,0.0,0.0,2040.0,1875.0,2040.0,50.0,5800.0,11165500.0,18.0,191.2,2020.0,200.0,1905.0,100.0,656249710.0,656249710.0,69824969.0,0.0,0.0,,0.0,0.0,0.0
2022-10-03,2040.0,0.0,0.0,2040.0,2040.0,2040.0,0.0,1200.0,2448000.0,6.0,191.2,2040.0,100.0,1950.0,100.0,656249710.0,656249710.0,69824969.0,0.0,0.0,,0.0,0.0,0.0
2022-10-04,2040.0,0.0,0.0,2070.0,2060.0,2070.0,30.0,2200.0,4542000.0,6.0,194.1,2060.0,100.0,1915.0,100.0,656249710.0,656249710.0,69824969.0,0.0,0.0,,0.0,0.0,0.0
2022-10-05,2070.0,0.0,0.0,2070.0,2060.0,2070.0,0.0,500.0,1034000.0,3.0,194.1,2070.0,2700.0,2000.0,200.0,656249710.0,656249710.0,69824969.0,0.0,0.0,,0.0,0.0,0.0
2022-10-06,2070.0,0.0,0.0,2050.0,2010.0,2010.0,-60.0,300.0,611000.0,3.0,188.4,2040.0,600.0,2010.0,400.0,656249710.0,656249710.0,69824969.0,0.0,0.0,,0.0,0.0,0.0
2022-10-07,2010.0,0.0,0.0,2070.0,2070.0,2070.0,60.0,100.0,207000.0,1.0,194.1,2060.0,600.0,2010.0,100.0,656249710.0,656249710.0,69824969.0,0.0,0.0,,0.0,0.0,0.0
2022-10-10,2070.0,0.0,0.0,2070.0,2060.0,2060.0,-10.0,200.0,413000.0,2.0,193.1,2050.0,600.0,2010.0,300.0,656249710.0,656249710.0,69824969.0,0.0,0.0,,0.0,0.0,0.0
2022-10-11,2060.0,0.0,0.0,2050.0,2050.0,2050.0,-10.0,100.0,205000.0,1.0,192.2,2050.0,500.0,2010.0,100.0,656249710.0,656249710.0,69824969.0,0.0,0.0,,0.0,0.0,0.0
2022-10-12,2050.0,0.0,0.0,2080.0,2010.0,2010.0,-40.0,1200.0,2444000.0,5.0,188.4,2070.0,600.0,1965.0,100.0,656249710.0,656249710.0,69824969.0,0.0,0.0,,0.0,0.0,0.0
2022-10-13,2010.0,0.0,0.0,1920.0,1920.0,1920.0,-90.0,2100.0,4032000.0,2.0,180.0,2010.0,2500.0,1950.0,600.0,656249710.0,656249710.0,69824969.0,0.0,0.0,,0.0,0.0,0.0
2022-10-14,1920.0,0.0,0.0,2080.0,2000.0,2020.0,100.0,9900.0,19865000.0,8.0,189.4,2040.0,1500.0,2020.0,2600.0,656249710.0,656249710.0,69824969.0,0.0,0.0,,0.0,0.0,0.0
2022-10-17,2020.0,0.0,0.0,2050.0,2050.0,2050.0,30.0,100.0,205000.0,1.0,192.2,2000.0,3000.0,1930.0,100.0,656249710.0,656249710.0,69824969.0,0.0,0.0,,0.0,0.0,0.0
2022-10-18,2050.0,0.0,0.0,2070.0,2050.0,2050.0,0.0,300.0,619000.0,2.0,192.2,2050.0,5000.0,1950.0,200.0,656249710.0,656249710.0,69824969.0,0.0,0.0,,0.0,0.0,0.0
2022-10-19,2050.0,0.0,0.0,2040.0,1960.0,2040.0,-10.0,400.0,801000.0,4.0,191.2,2040.0,400.0,1955.0,200.0,656249710.0,656249710.0,69824969.0,0.0,0.0,,0.0,0.0,0.0
2022-10-20,2040.0,0.0,0.0,0.0,0.0,2040.0,0.0,0.0,0.0,0.0,191.2,2030.0,9000.0,2000.0,500.0,656249710.0,656249710.0,69824969.0,0.0,0.0,,0.0,0.0,0.0
2022-10-21,2040.0,0.0,0.0,2060.0,1940.0,2060.0,20.0,500.0,1005000.0,3.0,193.1,2040.0,5800.0,2000.0,100.0,656249710.0,656249710.0,69824969.0,0.0,0.0,,0.0,0.0,0.0
2022-10-24,2060.0,0.0,0.0,0.0,0.0,2060.0,0.0,0.0,0.0,0.0,193.1,2050.0,300.0,2000.0,200.0,656249710.0,656249710.0,69824969.0,0.0,0.0,,0.0,0.0,0.0
2022-10-25,2060.0,0.0,0.0,2070.0,2070.0,2070.0,10.0,200.0,414000.0,1.0,194.1,2040.0,1000.0,2020.0,100.0,656249710.0,656249710.0,69824969.0,0.0,0.0,,0.0,0.0,0.0
2022-10-26,2070.0,0.0,0.0,2060.0,1955.0,1960.0,-110.0,3400.0,6743000.0,15.0,183.7,2010.0,100.0,1960.0,7400.0,656249710.0,656249710.0,69824969.0,0.0,0.0,,0.0,0.0,0.0
2022-10-27,1960.0,0.0,0.0,2020.0,2010.0,2010.0,50.0,300.0,604000.0,3.0,188.4,2020.0,300.0,1985.0,300.0,656249710.0,656249710.0,69824969.0,0.0,0.0,,0.0,0.0,0.0
2022-10-28,2010.0,0.0,0.0,2040.0,2040.0,2040.0,30.0,200.0,408000.0,2.0,191.2,2040.0,1200.0,1975.0,100.0,656249710.0,656249710.0,69824969.0,0.0,0.0,,0.0,0.0,0.0
2022-10-31,2040.0,0.0,0.0,2030.0,2000.0,2000.0,-40.0,3400.0,6806000.0,9.0,187.5,2030.0,400.0,2000.0,900.0,656249710.0,656249710.0,69824969.0,0.0,0.0,,0.0,0.0,0.0
2022-11-01,2000.0,0.0,0.0,2020.0,2000.0,2020.0,20.0,800.0,1604000.0,6.0,189.4,2030.0,200.0,1965.0,200.0,656249710.0,656249710.0,69824969.0,0.0,0.0,,0.0,0.0,0.0
2022-11-02,2020.0,0.0,0.0,1985.0,1985.0,1985.0,-35.0,600.0,1191000.0,6.0,186.1,2010.0,9000.0,1985.0,3300.0,656249710.0,656249710.0,69824969.0,0.0,0.0,,25.0,48875.0,1.0
2022-11-03,1985.0,0.0,0.0,1990.0,1990.0,1990.0,5.0,200.0,398000.0,2.0,186.6,2020.0,100.0,1985.0,1500.0,656249710.0,656249710.0,69824969.0,0.0,0.0,,0.0,0.0,0.0
2022-11-04,1990.0,0.0,0.0,2020.0,2010.0,2010.0,20.0,500.0,1006000.0,3.0,188.4,2020.0,9100.0,1980.0,200.0,656249710.0,656249710.0,69824969.0,0.0,0.0,,0.0,0.0,0.0
2022-11-07,2010.0,0.0,0.0,2010.0,2010.0,2010.0,0.0,300.0,603000.0,1.0,188.4,2010.0,100.0,1980.0,200.0,656249710.0,656249710.0,69824969.0,0.0,0.0,,0.0,0.0,0.0
2022-11-08,2010.0,0.0,0.0,2020.0,2020.0,2020.0,10.0,200.0,404000.0,2.0,189.4,2000.0,1300.0,1965.0,200.0,656249710.0,656249710.0,69824969.0,0.0,0.0,,0.0,0.0,0.0
2022-11-09,2020.0,0.0,0.0,0.0,0.0,2020.0,0.0,0.0,0.0,0.0,189.4,2020.0,100.0,1975.0,500.0,656249710.0,656249710.0,69824969.0,0.0,0.0,,0.0,0.0,0.0
2022-11-10,2020.0,0.0,0.0,2050.0,2020.0,2020.0,0.0,300.0,611000.0,3.0,189.4,2030.0,900.0,2020.0,100.0,656249710.0,656249710.0,69824969.0,0.0,0.0,,0.0,0.0,0.0
2022-11-11,2020.0,0.0,0.0,2000.0,1950.0,2000.0,-20.0,900.0,1772500.0,5.0,187.5,2000.0,100.0,1980.0,1200.0,656249710.0,656249710.0,69824969.0,0.0,0.0,,0.0,0.0,0.0
2022-11-14,2000.0,0.0,0.0,2030.0,1980.0,2020.0,20.0,500.0,1003000.0,5.0,189.4,2030.0,100.0,1985.0,100.0,656249710.0,656249710.0,69824969.0,0.0,0.0,,0.0,0.0,0.0
2022-11-15,2020.0,0.0,0.0,2040.0,1980.0,2030.0,10.0,2900.0,5907000.0,6.0,190.3,2030.0,100.0,2020.0,500.0,656249710.0,656249710.0,69824969.0,0.0,0.0,,0.0,0.0,0.0
2022-11-16,2030.0,0.0,0.0,2040.0,2020.0,2030.0,0.0,2200.0,4475000.0,5.0,190.3,2030.0,600.0,2020.0,100.0,656249710.0,656249710.0,69824969.0,0.0,0.0,,0.0,0.0,0.0
2022-11-17,2030.0,0.0,0.0,2020.0,2020.0,2020.0,-10.0,200.0,404000.0,2.0,189.4,2030.0,10700.0,1995.0,100.0,656249710.0,656249710.0,69824969.0,0.0,0.0,,0.0,0.0,0.0
2022-11-18,2020.0,0.0,0.0,2020.0,2020.0,2020.0,0.0,1800.0,3636000.0,5.0,189.4,2020.0,900.0,1980.0,300.0,656249710.0,656249710.0,69824969.0,0.0,0.0,,0.0,0.0,0.0
2022-11-21,2020.0,0.0,0.0,2230.0,2020.0,2050.0,30.0,110900.0,233056000.0,161.0,192.2,2160.0,100.0,2050.0,10600.0,656249710.0,656249710.0,69824969.0,50400.0,0.0,,0.0,0.0,0.0
2022-11-22,2050.0,0.0,0.0,2160.0,1990.0,2000.0,-50.0,73300.0,151390000.0,104.0,187.5,2040.0,2100.0,2000.0,2400.0,656249710.0,656249710.0,69824969.0,25000.0,0.0,,0.0,0.0,0.0
2022-11-23,2000.0,0.0,0.0,2050.0,1995.0,2020.0,20.0,8400.0,16864500.0,30.0,189.4,2020.0,1500.0,2000.0,400.0,656249710.0,656249710.0,69824969.0,500.0,600.0,,0.0,0.0,0.0
2022-11-24,2020.0,0.0,0.0,2020.0,2000.0,2000.0,-20.0,7200.0,14474000.0,16.0,187.5,2020.0,800.0,1995.0,100.0,656249710.0,656249710.0,69824969.0,0.0,0.0,,0.0,0.0,0.0
2022-11-25,2000.0,0.0,0.0,2040.0,2040.0,2040.0,40.0,900.0,1836000.0,5.0,191.2,2040.0,3100.0,2010.0,700.0,656249710.0,656249710.0,69824969.0,0.0,0.0,,0.0,0.0,0.0
2022-11-28,2040.0,0.0,0.0,2040.0,1980.0,2010.0,-30.0,12700.0,25231000.0,37.0,188.4,2010.0,300.0,1980.0,200.0,656249710.0,656249710.0,69824969.0,200.0,0.0,,0.0,0.0,0.0
2022-11-29,2010.0,0.0,0.0,2000.0,1985.0,2000.0,-10.0,3500.0,6967500.0,21.0,187.5,2000.0,700.0,1990.0,300.0,656249710.0,656249710.0,69824969.0,0.0,0.0,,0.0,0.0,0.0
2022-11-30,2000.0,0.0,0.0,1995.0,1880.0,1995.0,-5.0,17700.0,34075000.0,36.0,187.0,1990.0,100.0,1950.0,500.0,656249710.0,656249710.0,69824969.0,0.0,0.0,,0.0,0.0,0.0
2022-12-01,1995.0,0.0,0.0,2020.0,1990.0,2010.0,15.0,2200.0,4407000.0,11.0,188.4,2000.0,4000.0,1980.0,200.0,656249710.0,656249710.0,69824969.0,0.0,0.0,,0.0,0.0,0.0
2022-12-02,2010.0,0.0,0.0,2000.0,1950.0,1990.0,-20.0,11100.0,21985000.0,16.0,186.6,2010.0,500.0,1965.0,100.0,656249710.0,656249710.0,69824969.0,0.0,0.0,,0.0,0.0,0.0
2022-12-05,1990.0,0.0,0.0,2040.0,1940.0,1955.0,-35.0,16900.0,33354000.0,32.0,183.3,1990.0,100.0,1955.0,500.0,656249710.0,656249710.0,69824969.0,0.0,0.0,,0.0,0.0,0.0
2022-12-06,1955.0,0.0,0.0,2010.0,1970.0,2010.0,55.0,1800.0,3606000.0,5.0,188.4,2000.0,300.0,1965.0,100.0,656249710.0,656249710.0,69824969.0,0.0,0.0,,0.0,0.0,0.0
2022-12-07,2010.0,0.0,0.0,2010.0,1960.0,1960.0,-50.0,11100.0,22269500.0,12.0,183.7,2010.0,100.0,1960.0,100.0,656249710.0,656249710.0,69824969.0,0.0,0.0,,0.0,0.0,0.0
2022-12-08,1960.0,0.0,0.0,2010.0,1990.0,2000.0,40.0,5100.0,10172000.0,8.0,187.5,2000.0,7700.0,1970.0,400.0,656249710.0,656249710.0,69824969.0,0.0,0.0,,0.0,0.0,0.0
2022-12-09,2000.0,0.0,0.0,2000.0,1995.0,1995.0,-5.0,500.0,998000.0,5.0,187.0,1995.0,400.0,1985.0,100.0,656249710.0,656249710.0,69824969.0,0.0,0.0,,0.0,0.0,0.0
2022-12-12,1995.0,0.0,0.0,2040.0,1995.0,2010.0,15.0,1200.0,2424500.0,7.0,188.4,2010.0,6800.0,1925.0,200.0,656249710.0,656249710.0,69824969.0,0.0,0.0,,0.0,0.0,0.0
2022-12-13,2010.0,0.0,0.0,2030.0,2020.0,2020.0,10.0,200.0,405000.0,2.0,189.4,2020.0,13100.0,1950.0,1000.0,656249710.0,656249710.0,69824969.0,0.0,0.0,,0.0,0.0,0.0
2022-12-14,2020.0,0.0,0.0,1930.0,1930.0,1930.0,-90.0,200.0,386000.0,1.0,180.9,2010.0,600.0,1930.0,5300.0,656249710.0,656249710.0,69824969.0,0.0,0.0,,0.0,0.0,0.0
2022-12-15,1930.0,0.0,0.0,2000.0,1935.0,1955.0,25.0,900.0,1767500.0,6.0,183.3,2000.0,1200.0,1965.0,100.0,656249710.0,656249710.0,69824969.0,0.0,0.0,,0.0,0.0,0.0
2022-12-16,1955.0,0.0,0.0,1995.0,1955.0,1985.0,30.0,800.0,1576000.0,5.0,186.1,1990.0,200.0,1975.0,200.0,656249710.0,656249710.0,69824969.0,0.0,0.0,,0.0,0.0,0.0
2022-12-19,1985.0,0.0,0.0,1980.0,1855.0,1960.0,-25.0,18100.0,34595000.0,40.0,183.7,1965.0,1500.0,1955.0,200.0,656249710.0,656249710.0,69824969.0,0.0,0.0,,0.0,0.0,0.0
2022-12-20,1960.0,0.0,0.0,2000.0,1860.0,1935.0,-25.0,4200.0,7956000.0,28.0,181.4,1935.0,500.0,1875.0,600.0,656249710.0,656249710.0,69824969.0,0.0,0.0,,0.0,0.0,0.0
2022-12-21,1935.0,0.0,0.0,1970.0,1860.0,1860.0,-75.0,1900.0,3636500.0,14.0,174.4,1940.0,200.0,1865.0,300.0,656249710.0,656249710.0,69824969.0,0.0,0.0,,0.0,0.0,0.0
2022-12-22,1860.0,0.0,0.0,1940.0,1900.0,1925.0,65.0,2000.0,3855500.0,12.0,180.5,1935.0,100.0,1880.0,300.0,656249710.0,656249710.0,69824969.0,100.0,0.0,,0.0,0.0,0.0
2022-12-23,1925.0,0.0,0.0,1985.0,1940.0,1940.0,15.0,500.0,977500.0,4.0,181.9,1945.0,100.0,1925.0,200.0,656249710.0,656249710.0,69824969.0,0.0,0.0,,0.0,0.0,0.0
2022-12-26,1940.0,0.0,0.0,1960.0,1935.0,1955.0,15.0,300.0,585000.0,3.0,183.3,1955.0,200.0,1935.0,500.0,656249710.0,656249710.0,69824969.0,0.0,0.0,,0.0,0.0,0.0
2022-12-27,1955.0,0.0,0.0,1995.0,1955.0,1960.0,5.0,1300.0,2556500.0,10.0,183.7,1965.0,200.0,1955.0,1300.0,656249710.0,656249710.0,69824969.0,0.0,0.0,,0.0,0.0,0.0
2022-12-28,1960.0,0.0,0.0,1960.0,1940.0,1940.0,-20.0,1500.0,2936000.0,5.0,181.9,1960.0,3000.0,1940.0,100.0,656249710.0,656249710.0,69824969.0,0.0,0.0,,0.0,0.0,0.0
2022-12-29,1940.0,0.0,0.0,1995.0,1945.0,1945.0,5.0,2800.0,5553500.0,7.0,182.3,1960.0,1000.0,1950.0,100.0,656249710.0,656249710.0,69824969.0,0.0,0.0,,0.0,0.0,0.0
2022-12-30,1945.0,0.0,0.0,1985.0,1945.0,1945.0,0.0,900.0,1767000.0,6.0,182.3,1965.0,200.0,1945.0,1300.0,656249710.0,656249710.0,69824969.0,0.0,0.0,,0.0,0.0,0.0
2023-01-02,1945.0,0.0,0.0,1985.0,1930.0,1970.0,25.0,5700.0,11109000.0,14.0,184.7,1970.0,200.0,1945.0,2600.0,656249710.0,656249710.0,69824969.0,0.0,0.0,,0.0,0.0,0.0
2023-01-03,1970.0,0.0,0.0,1965.0,1940.0,1945.0,-25.0,1400.0,2725000.0,12.0,182.3,1945.0,9600.0,1940.0,100.0,656249710.0,656249710.0,69824969.0,100.0,0.0,,0.0,0.0,0.0
2023-01-04,1945.0,0.0,0.0,1960.0,1945.0,1950.0,5.0,800.0,1560500.0,4.0,182.8,1950.0,17000.0,1925.0,300.0,656249710.0,656249710.0,69824969.0,0.0,0.0,,0.0,0.0,0.0
2023-01-05,1950.0,0.0,0.0,1980.0,1965.0,1965.0,15.0,800.0,1575500.0,3.0,184.2,1960.0,3000.0,1935.0,100.0,656249710.0,656249710.0,69824969.0,0.0,0.0,,0.0,0.0,0.0
2023-01-06,1965.0,0.0,0.0,1975.0,1900.0,1900.0,-65.0,5100.0,9840000.0,9.0,178.1,1950.0,600.0,1910.0,100.0,656249710.0,656249710.0,69824969.0,0.0,0.0,,0.0,0.0,0.0
2023-01-09,1900.0,0.0,0.0,1930.0,1870.0,1920.0,20.0,4400.0,8318000.0,20.0,180.0,1920.0,100.0,1875.0,100.0,656249710.0,656249710.0,69824969.0,0.0,0.0,,0.0,0.0,0.0
2023-01-10,1920.0,0.0,0.0,1920.0,1920.0,1920.0,0.0,100.0,192000.0,1.0,180.0,1925.0,200.0,1885.0,100.0,656249710.0,656249710.0,69824969.0,0.0,0.0,,0.0,0.0,0.0
2023-01-11,1920.0,0.0,0.0,1935.0,1885.0,1885.0,-35.0,900.0,1730000.0,6.0,176.7,1935.0,100.0,1875.0,1600.0,656249710.0,656249710.0,69824969.0,0.0,0.0,,0.0,0.0,0.0
2023-01-12,1885.0,0.0,0.0,1935.0,1900.0,1900.0,15.0,1600.0,3059000.0,9.0,178.1,1930.0,100.0,1890.0,200.0,656249710.0,656249710.0,69824969.0,0.0,0.0,,0.0,0.0,0.0
2023-01-13,1900.0,0.0,0.0,1960.0,1940.0,1950.0,50.0,1300.0,2533000.0,7.0,182.8,1960.0,1700.0,1875.0,500.0,656249710.0,656249710.0,69824969.0,0.0,0.0,,0.0,0.0,0.0
2023-01-16,1950.0,0.0,0.0,1965.0,1900.0,1925.0,-25.0,10900.0,20899000.0,26.0,180.5,1930.0,400.0,1910.0,100.0,656249710.0,656249710.0,69824969.0,100.0,0.0,,0.0,0.0,0.0
2023-01-17,1925.0,0.0,0.0,1940.0,1930.0,1935.0,10.0,900.0,1740000.0,5.0,181.4,1940.0,500.0,1915.0,100.0,656249710.0,656249710.0,69824969.0,0.0,0.0,,0.0,0.0,0.0
2023-01-18,1935.0,0.0,0.0,1955.0,1915.0,1930.0,-5.0,3400.0,6537500.0,16.0,180.9,1935.0,300.0,1915.0,500.0,656249710.0,656249710.0,69824969.0,0.0,0.0,,0.0,0.0,0.0
2023-01-19,1930.0,0.0,0.0,1940.0,1900.0,1925.0,-5.0,1200.0,2311000.0,12.0,180.5,1940.0,13000.0,1915.0,200.0,656249710.0,656249710.0,69824969.0,100.0,0.0,,0.0,0.0,0.0
2023-01-20,1925.0,0.0,0.0,1940.0,1935.0,1935.0,10.0,4300.0,8337000.0,5.0,181.4,1940.0,9700.0,1935.0,500.0,656249710.0,656249710.0,69824969.0,0.0,0.0,,0.0,0.0,0.0
2023-01-24,1935.0,0.0,0.0,1950.0,1930.0,1940.0,5.0,10600.0,20564000.0,8.0,181.9,1940.0,500.0,1930.0,100.0,656249710.0,656249710.0,69824969.0,0.0,0.0,,0.0,0.0,0.0
2023-01-25,1940.0,0.0,0.0,1930.0,1900.0,1915.0,-25.0,1400.0,2688500.0,8.0,179.5,1930.0,500.0,1915.0,500.0,656249710.0,656249710.0,69824969.0,0.0,0.0,,0.0,0.0,0.0
2023-01-26,1915.0,0.0,0.0,2000.0,1910.0,1920.0,5.0,2200.0,4224500.0,16.0,180.0,1920.0,2000.0,1910.0,200.0,656249710.0,656249710.0,69824969.0,0.0,0.0,,0.0,0.0,0.0
2023-01-27,1920.0,0.0,0.0,1950.0,1920.0,1945.0,25.0,700.0,1359500.0,6.0,182.3,1940.0,100.0,1925.0,100.0,656249710.0,656249710.0,69824969.0,0.0,0.0,,0.0,0.0,0.0
2023-01-30,1945.0,0.0,0.0,1950.0,1940.0,1945.0,0.0,2300.0,4472500.0,11.0,182.3,1950.0,4400.0,1920.0,100.0,656249710.0,656249710.0,69824969.0,0.0,0.0,,0.0,0.0,0.0
2023-01-31,1945.0,0.0,0.0,1950.0,1920.0,1920.0,-25.0,1100.0,2119500.0,6.0,180.0,1920.0,3700.0,1915.0,300.0,656249710.0,656249710.0,69824969.0,0.0,0.0,,0.0,0.0,0.0
2023-02-01,1920.0,0.0,0.0,1940.0,1880.0,1940.0,20.0,3900.0,7352000.0,6.0,181.9,1940.0,200.0,1920.0,600.0,656249710.0,656249710.0,69824969.0,0.0,0.0,,0.0,0.0,0.0
2023-02-02,1940.0,0.0,0.0,1960.0,1925.0,1925.0,-15.0,700.0,1362500.0,6.0,180.5,1940.0,200.0,1925.0,900.0,656249710.0,656249710.0,69824969.0,0.0,0.0,,0.0,0.0,0.0
2023-02-03,1925.0,0.0,0.0,1940.0,1935.0,1940.0,15.0,200.0,387500.0,2.0,181.9,1940.0,500.0,1925.0,200.0,656249710.0,656249710.0,69824969.0,0.0,0.0,,0.0,0.0,0.0
2023-02-06,1940.0,0.0,0.0,1955.0,1940.0,1950.0,10.0,3000.0,5846000.0,11.0,182.8,1945.0,100.0,1940.0,1300.0,656249710.0,656249710.0,69824969.0,0.0,0.0,,0.0,0.0,0.0
2023-02-07,1950.0,0.0,0.0,1965.0,1930.0,1930.0,-20.0,4500.0,8775000.0,13.0,180.9,1955.0,100.0,1935.0,300.0,656249710.0,656249710.0,69824969.0,0.0,0.0,,0.0,0.0,0.0
2023-02-08,1930.0,0.0,0.0,1965.0,1950.0,1965.0,35.0,700.0,1368500.0,7.0,184.2,1970.0,500.0,1940.0,100.0,656249710.0,656249710.0,69824969.0,0.0,100.0,,0.0,0.0,0.0
2023-02-09,1965.0,0.0,0.0,2000.0,1960.0,1960.0,-5.0,200.0,396000.0,2.0,183.7,2000.0,2200.0,1950.0,500.0,656249710.0,656249710.0,69824969.0,0.0,0.0,,0.0,0.0,0.0
2023-02-10,1960.0,0.0,0.0,2020.0,1940.0,1940.0,-20.0,2700.0,5267000.0,13.0,181.9,1970.0,100.0,1940.0,100.0,656249710.0,656249710.0,69824969.0,0.0,0.0,,0.0,0.0,0.0
2023-02-13,1940.0,0.0,0.0,1980.0,1970.0,1970.0,30.0,500.0,986500.0,5.0,184.7,1970.0,300.0,1950.0,100.0,656249710.0,656249710.0,69824969.0,0.0,0.0,,0.0,0.0,0.0
2023-02-14,1970.0,0.0,0.0,1970.0,1920.0,1945.0,-25.0,4900.0,9534500.0,10.0,182.3,1960.0,1000.0,1950.0,1400.0,656249710.0,656249710.0,69824969.0,0.0,0.0,,0.0,0.0,0.0
2023-02-15,1945.0,0.0,0.0,1985.0,1940.0,1940.0,-5.0,600.0,1176500.0,5.0,181.9,1940.0,300.0,1935.0,1600.0,656249710.0,656249710.0,69824969.0,0.0,0.0,,0.0,0.0,0.0
2023-02-16,1940.0,0.0,0.0,1985.0,1940.0,1940.0,0.0,2200.0,4276000.0,7.0,181.9,1970.0,100.0,1915.0,800.0,656249710.0,656249710.0,69824969.0,0.0,0.0,,0.0,0.0,0.0
2023-02-17,1940.0,0.0,0.0,1985.0,1970.0,1970.0,30.0,600.0,1184500.0,5.0,184.7,1970.0,800.0,1935.0,200.0,656249710.0,656249710.0,69824969.0,0.0,0.0,,0.0,0.0,0.0
2023-02-20,1970.0,0.0,0.0,1970.0,1950.0,1970.0,0.0,500.0,980500.0,4.0,184.7,1970.0,500.0,1940.0,100.0,656249710.0,656249710.0,69824969.0,0.0,0.0,,0.0,0.0,0.0
2023-02-21,1970.0,0.0,0.0,1970.0,1915.0,1925.0,-45.0,7400.0,14267000.0,21.0,180.5,1940.0,1100.0,1925.0,200.0,656249710.0,656249710.0,69824969.0,0.0,0.0,,0.0,0.0,0.0
2023-02-22,1925.0,0.0,0.0,1960.0,1915.0,1960.0,35.0,4000.0,7757000.0,26.0,183.7,1970.0,1000.0,1935.0,100.0,656249710.0,656249710.0,69824969.0,0.0,0.0,,0.0,0.0,0.0
2023-02-23,1960.0,0.0,0.0,2020.0,1950.0,1950.0,-10.0,4700.0,9261500.0,17.0,182.8,1975.0,1500.0,1955.0,100.0,656249710.0,656249710.0,69824969.0,0.0,0.0,,0.0,0.0,0.0
2023-02-24,1950.0,0.0,0.0,1980.0,1965.0,1980.0,30.0,900.0,1780500.0,6.0,185.6,1980.0,1900.0,1955.0,1200.0,656249710.0,656249710.0,69824969.0,0.0,0.0,,0.0,0.0,0.0
2023-02-27,1980.0,0.0,0.0,2000.0,1955.0,1980.0,0.0,10600.0,20986000.0,8.0,185.6,1980.0,1600.0,1960.0,1100.0,656249710.0,656249710.0,69824969.0,8400.0,0.0,,0.0,0.0,0.0
2023-02-28,1980.0,0.0,0.0,2000.0,1980.0,1990.0,10.0,800.0,1592500.0,8.0,186.6,1995.0,1900.0,1990.0,600.0,656249710.0,656249710.0,69824969.0,0.0,0.0,,0.0,0.0,0.0
2023-03-01,1990.0,0.0,0.0,1990.0,1980.0,1985.0,-5.0,12100.0,24067500.0,13.0,186.1,1985.0,1500.0,1980.0,2600.0,656249710.0,656249710.0,69824969.0,10000.0,0.0,,0.0,0.0,0.0
2023-03-02,1985.0,0.0,0.0,2000.0,1980.0,1985.0,0.0,2700.0,5373500.0,9.0,186.1,1990.0,700.0,1985.0,700.0,656249710.0,656249710.0,69824969.0,0.0,0.0,,0.0,0.0,0.0
2023-03-03,1985.0,0.0,0.0,2020.0,1985.0,2000.0,15.0,500.0,997500.0,5.0,187.5,1990.0,500.0,1985.0,500.0,656249710.0,656249710.0,69824969.0,0.0,0.0,,0.0,0.0,0.0
2023-03-06,2000.0,0.0,0.0,1995.0,1985.0,1985.0,-15.0,10900.0,21653000.0,15.0,186.1,1985.0,800.0,1980.0,2000.0,656249710.0,656249710.0,69824969.0,0.0,0.0,,0.0,0.0,0.0
2023-03-07,1985.0,0.0,0.0,2030.0,1980.0,1980.0,-5.0,6400.0,12714000.0,7.0,185.6,2000.0,100.0,1980.0,5900.0,656249710.0,656249710.0,69824969.0,0.0,0.0,,0.0,0.0,0.0
2023-03-08,1980.0,0.0,0.0,1980.0,1980.0,1980.0,0.0,500.0,990000.0,2.0,185.6,1980.0,1900.0,1955.0,100.0,656249710.0,656249710.0,69824969.0,0.0,0.0,,0.0,0.0,0.0
2023-03-09,1980.0,0.0,0.0,1985.0,1980.0,1985.0,5.0,700.0,1388500.0,6.0,186.1,1985.0,200.0,1965.0,200.0,656249710.0,656249710.0,69824969.0,0.0,0.0,,0.0,0.0,0.0
2023-03-10,1985.0,0.0,0.0,1985.0,1955.0,1960.0,-25.0,6000.0,11858500.0,9.0,183.7,1980.0,21800.0,1960.0,2600.0,656249710.0,656249710.0,69824969.0,0.0,0.0,,0.0,0.0,0.0
2023-03-13,1960.0,0.0,0.0,1995.0,1960.0,1960.0,0.0,9000.0,17801000.0,10.0,183.7,2000.0,5200.0,1950.0,5500.0,656249710.0,656249710.0,69824969.0,0.0,0.0,,0.0,0.0,0.0
2023-03-14,1960.0,0.0,0.0,1960.0,1935.0,1950.0,-10.0,8800.0,17155000.0,6.0,182.8,2000.0,3000.0,1950.0,3900.0,656249710.0,656249710.0,69824969.0,0.0,0.0,,0.0,0.0,0.0
2023-03-15,1950.0,0.0,0.0,1950.0,1940.0,1940.0,-10.0,800.0,1559000.0,5.0,181.9,2010.0,100.0,1940.0,3400.0,656249710.0,656249710.0,69824969.0,0.0,0.0,,0.0,0.0,0.0
2023-03-16,1940.0,0.0,0.0,1990.0,1940.0,1985.0,45.0,4600.0,9114000.0,14.0,186.1,1990.0,7700.0,1985.0,400.0,656249710.0,656249710.0,69824969.0,0.0,0.0,,0.0,0.0,0.0
2023-03-17,1985.0,0.0,0.0,2030.0,1945.0,1995.0,10.0,1600.0,3187500.0,12.0,187.0,1995.0,7300.0,1950.0,500.0,656249710.0,656249710.0,69824969.0,0.0,0.0,,0.0,0.0,0.0
2023-03-20,1995.0,0.0,0.0,2040.0,1995.0,2010.0,15.0,4400.0,8796500.0,7.0,188.4,2010.0,600.0,1975.0,100.0,656249710.0,656249710.0,69824969.0,0.0,0.0,,0.0,0.0,0.0
2023-03-21,2010.0,0.0,0.0,2010.0,1980.0,1985.0,-25.0,600.0,1198000.0,3.0,186.1,2000.0,3000.0,1985.0,12100.0,656249710.0,656249710.0,69824969.0,0.0,0.0,,0.0,0.0,0.0
2023-03-24,1985.0,0.0,0.0,2020.0,1990.0,2000.0,15.0,4200.0,8397500.0,11.0,187.5,2000.0,1000.0,1990.0,900.0,656249710.0,656249710.0,69824969.0,0.0,0.0,,0.0,0.0,0.0
2023-03-27,2000.0,0.0,0.0,2040.0,1990.0,1990.0,-10.0,2900.0,5796000.0,7.0,186.6,2000.0,8400.0,1990.0,14300.0,656249710.0,656249710.0,69824969.0,1600.0,0.0,,0.0,0.0,0.0
2023-03-28,1990.0,0.0,0.0,1990.0,1990.0,1990.0,0.0,200.0,398000.0,2.0,186.6,2000.0,10500.0,1980.0,8300.0,656249710.0,656249710.0,69824969.0,0.0,0.0,,0.0,0.0,0.0
2023-03-29,1990.0,0.0,0.0,1995.0,1995.0,1995.0,5.0,100.0,199500.0,1.0,187.0,1995.0,1000.0,1990.0,100.0,656249710.0,656249710.0,69824969.0,0.0,0.0,,0.0,0.0,0.0
2023-03-30,1995.0,0.0,0.0,2030.0,1960.0,1980.0,-15.0,3300.0,6547000.0,8.0,185.6,1980.0,100.0,1960.0,1200.0,656249710.0,656249710.0,69824969.0,0.0,0.0,,0.0,0.0,0.0
2023-03-31,1980.0,0.0,0.0,2100.0,2010.0,2050.0,70.0,25400.0,51886000.0,39.0,192.2,2050.0,4400.0,2010.0,600.0,656249710.0,656249710.0,69824969.0,7700.0,700.0,,0.0,0.0,0.0
2023-04-03,2050.0,0.0,0.0,2110.0,2000.0,2030.0,-20.0,17100.0,34442000.0,21.0,190.3,2030.0,500.0,2020.0,2400.0,656249710.0,656249710.0,69824969.0,9200.0,0.0,,0.0,0.0,0.0
2023-04-04,2030.0,0.0,0.0,2050.0,2010.0,2010.0,-20.0,700.0,1411000.0,2.0,188.4,2030.0,100.0,2010.0,1300.0,656249710.0,656249710.0,69824969.0,0.0,0.0,,0.0,0.0,0.0
2023-04-05,2010.0,0.0,0.0,2100.0,2010.0,2040.0,30.0,20400.0,41237000.0,18.0,191.2,2040.0,4000.0,2010.0,10100.0,656249710.0,656249710.0,69824969.0,15600.0,0.0,,0.0,0.0,0.0
2023-04-06,2040.0,0.0,0.0,2040.0,2000.0,2000.0,-40.0,29000.0,58014000.0,11.0,187.5,2020.0,100.0,2000.0,1900.0,656249710.0,656249710.0,69824969.0,100.0,0.0,,0.0,0.0,0.0
2023-04-10,2000.0,0.0,0.0,2000.0,1985.0,1985.0,-15.0,9900.0,19765500.0,9.0,186.1,2000.0,10000.0,1985.0,10700.0,656249710.0,656249710.0,69824969.0,7500.0,0.0,,0.0,0.0,0.0
2023-04-11,1985.0,0.0,0.0,2020.0,1990.0,2020.0,35.0,7700.0,15515000.0,12.0,189.4,2030.0,22100.0,2020.0,1600.0,656249710.0,656249710.0,69824969.0,0.0,0.0,,0.0,0.0,0.0
2023-04-12,2020.0,0.0,0.0,2140.0,2000.0,2030.0,10.0,39000.0,78905000.0,26.0,190.3,2030.0,1700.0,2020.0,2500.0,656249710.0,656249710.0,69824969.0,10000.0,0.0,,0.0,0.0,0.0
2023-04-13,2030.0,0.0,0.0,2040.0,2030.0,2040.0,10.0,2000.0,4073000.0,6.0,191.2,2040.0,1400.0,2030.0,1200.0,656249710.0,656249710.0,69824969.0,0.0,0.0,,0.0,0.0,0.0
2023-04-14,2040.0,0.0,0.0,2050.0,2040.0,2040.0,0.0,4100.0,8386000.0,8.0,191.2,2050.0,10400.0,2040.0,7200.0,656249710.0,656249710.0,69824969.0,1600.0,0.0,,0.0,0.0,0.0
2023-04-17,2040.0,0.0,0.0,2100.0,2020.0,2040.0,0.0,3000.0,6141000.0,17.0,191.2,2040.0,6900.0,2030.0,700.0,656249710.0,656249710.0,69824969.0,1000.0,0.0,,0.0,0.0,0.0
2023-04-18,2040.0,0.0,0.0,2040.0,2010.0,2040.0,0.0,36800.0,75016000.0,8.0,191.2,2040.0,200.0,2010.0,3000.0,656249710.0,656249710.0,69824969.0,0.0,0.0,,0.0,0.0,0.0
2023-04-26,2040.0,0.0,0.0,2540.0,2010.0,2350.0,310.0,215400.0,473387000.0,128.0,220.3,2350.0,1400.0,2210.0,500.0,656249710.0,656249710.0,69824969.0,5300.0,200.0,,0.0,0.0,0.0
2023-04-27,2350.0,0.0,0.0,2340.0,2190.0,2190.0,-160.0,36900.0,81554000.0,120.0,205.3,2190.0,41800.0,0.0,0.0,656249710.0,656249710.0,69824969.0,3100.0,600.0,,0.0,0.0,0.0
2023-04-28,2190.0,0.0,0.0,2290.0,2040.0,2240.0,50.0,83000.0,178389000.0,86.0,210.0,2180.0,500.0,2130.0,200.0,656249710.0,656249710.0,69824969.0,1300.0,2400.0,,0.0,0.0,0.0
2023-05-02,2240.0,0.0,0.0,2230.0,2090.0,2090.0,-150.0,72600.0,154556000.0,128.0,195.9,2100.0,5300.0,0.0,0.0,656249710.0,656249710.0,69824969.0,18600.0,0.0,,0.0,0.0,0.0
2023-05-03,2090.0,0.0,0.0,2230.0,2000.0,2040.0,-50.0,205600.0,429917000.0,195.0,191.2,2070.0,600.0,2050.0,100.0,656249710.0,656249710.0,69824969.0,44500.0,2500.0,,0.0,0.0,0.0
2023-05-04,2040.0,0.0,0.0,2160.0,2040.0,2090.0,50.0,74200.0,153131000.0,193.0,195.9,2100.0,800.0,2090.0,3500.0,656249710.0,656249710.0,69824969.0,60600.0,400.0,,0.0,0.0,0.0
2023-05-05,2090.0,0.0,0.0,2120.0,2040.0,2090.0,0.0,39600.0,81616000.0,101.0,195.9,2090.0,800.0,2050.0,1000.0,656249710.0,656249710.0,69824969.0,34100.0,0.0,,0.0,0.0,0.0
2023-05-08,2090.0,0.0,0.0,2110.0,2040.0,2040.0,-50.0,81000.0,167091000.0,74.0,191.2,2070.0,700.0,2050.0,1000.0,656249710.0,656249710.0,69824969.0,47300.0,100.0,,0.0,0.0,0.0
2023-05-09,2040.0,0.0,0.0,2180.0,2080.0,2170.0,130.0,119200.0,251341000.0,84.0,203.4,2170.0,6200.0,2130.0,19900.0,656249710.0,656249710.0,69824969.0,18300.0,100.0,,0.0,0.0,0.0
2023-05-10,2170.0,0.0,0.0,2330.0,2130.0,2250.0,80.0,88500.0,198828000.0,111.0,210.9,2250.0,9600.0,2190.0,200.0,656249710.0,656249710.0,69824969.0,300.0,2300.0,,0.0,0.0,0.0
2023-05-11,2250.0,0.0,0.0,2330.0,2210.0,2230.0,-20.0,13400.0,30675000.0,50.0,209.1,2300.0,800.0,2230.0,4300.0,656249710.0,656249710.0,69824969.0,2000.0,0.0,,0.0,0.0,0.0
2023-05-12,2230.0,0.0,0.0,2540.0,2280.0,2310.0,80.0,89700.0,214447000.0,159.0,216.6,2370.0,10000.0,2300.0,3600.0,656249710.0,656249710.0,69824969.0,2000.0,4800.0,,0.0,0.0,0.0
2023-05-15,2310.0,0.0,0.0,2370.0,2270.0,2320.0,10.0,31500.0,73898000.0,53.0,217.5,2320.0,18000.0,2300.0,100.0,656249710.0,656249710.0,69824969.0,3400.0,0.0,,0.0,0.0,0.0
2023-05-16,2320.0,0.0,0.0,2350.0,2260.0,2350.0,30.0,13700.0,31411000.0,24.0,220.3,2350.0,3600.0,2280.0,4500.0,656249710.0,656249710.0,69824969.0,0.0,0.0,,0.0,0.0,0.0
2023-05-17,2350.0,0.0,0.0,2320.0,2190.0,2220.0,-130.0,45200.0,102964000.0,54.0,208.1,2200.0,500.0,2190.0,3700.0,656249710.0,656249710.0,69824969.0,0.0,1500.0,,0.0,0.0,0.0
2023-05-19,2220.0,0.0,0.0,2350.0,2190.0,2290.0,70.0,105200.0,235982000.0,48.0,214.7,2290.0,2400.0,2220.0,1000.0,656249710.0,656249710.0,69824969.0,1300.0,61100.0,,0.0,0.0,0.0
2023-05-22,2290.0,0.0,0.0,2330.0,2220.0,2280.0,-10.0,12900.0,28985000.0,46.0,213.7,2280.0,200.0,2230.0,100.0,656249710.0,656249710.0,69824969.0,1000.0,1200.0,,0.0,0.0,0.0
2023-05-23,2280.0,0.0,0.0,2540.0,2270.0,2370.0,90.0,94000.0,225201000.0,151.0,222.2,2370.0,1400.0,2340.0,500.0,656249710.0,656249710.0,69824969.0,600.0,4600.0,,0.0,0.0,0.0
2023-05-24,2370.0,0.0,0.0,2450.0,2370.0,2390.0,20.0,66200.0,160569000.0,76.0,224.1,2410.0,100.0,2390.0,2900.0,656249710.0,656249710.0,69824969.0,500.0,900.0,,0.0,0.0,0.0
2023-05-25,2390.0,0.0,0.0,2450.0,2230.0,2380.0,-10.0,49800.0,116520000.0,78.0,223.1,2350.0,100.0,2270.0,1900.0,656249710.0,656249710.0,69824969.0,1100.0,800.0,,0.0,0.0,0.0
2023-05-26,2380.0,0.0,0.0,2380.0,2280.0,2340.0,-40.0,6100.0,14113000.0,15.0,219.4,2350.0,300.0,2320.0,5700.0,656249710.0,656249710.0,69824969.0,0.0,500.0,,0.0,0.0,0.0
2023-05-29,2340.0,0.0,0.0,2370.0,2260.0,2320.0,-20.0,4000.0,9217000.0,25.0,217.5,2310.0,1100.0,2280.0,100.0,656249710.0,656249710.0,69824969.0,600.0,400.0,,0.0,0.0,0.0
2023-05-30,2320.0,0.0,0.0,2320.0,2240.0,2310.0,-10.0,19900.0,45286000.0,38.0,216.6,2310.0,1400.0,2290.0,2100.0,656249710.0,656249710.0,69824969.0,1100.0,2300.0,,0.0,0.0,0.0
2023-05-31,2310.0,0.0,0.0,2310.0,2240.0,2250.0,-60.0,3400.0,7755000.0,19.0,210.9,2300.0,600.0,2240.0,4900.0,656249710.0,656249710.0,69824969.0,200.0,0.0,,0.0,0.0,0.0
2023-06-05,2250.0,0.0,0.0,2220.0,2050.0,2100.0,-150.0,122900.0,261193000.0,119.0,196.9,2140.0,200.0,2100.0,3200.0,656249710.0,656249710.0,69824969.0,3000.0,4100.0,,0.0,0.0,0.0
2023-06-06,2100.0,0.0,0.0,2300.0,2120.0,2170.0,70.0,18800.0,41338000.0,43.0,203.4,2170.0,35500.0,2160.0,900.0,656249710.0,656249710.0,69824969.0,300.0,2100.0,,0.0,0.0,0.0
2023-06-07,2170.0,0.0,0.0,2250.0,2160.0,2220.0,50.0,45000.0,99846000.0,41.0,208.1,2220.0,100.0,2180.0,500.0,656249710.0,656249710.0,69824969.0,4500.0,5000.0,,0.0,0.0,0.0
2023-06-08,2220.0,0.0,0.0,2230.0,2170.0,2190.0,-30.0,25300.0,55483000.0,36.0,205.3,2220.0,200.0,2190.0,600.0,656249710.0,656249710.0,69824969.0,1300.0,300.0,,0.0,0.0,0.0
2023-06-09,2190.0,0.0,0.0,2230.0,2150.0,2190.0,0.0,25700.0,56554000.0,32.0,205.3,2230.0,200.0,2180.0,4000.0,656249710.0,656249710.0,69824969.0,4800.0,0.0,,0.0,0.0,0.0
2023-06-12,2190.0,0.0,0.0,2320.0,2180.0,2250.0,60.0,21000.0,46603000.0,35.0,210.9,2250.0,1900.0,2180.0,7200.0,656249710.0,656249710.0,69824969.0,0.0,2100.0,,0.0,0.0,0.0
2023-06-13,2250.0,0.0,0.0,2260.0,2210.0,2230.0,-20.0,11000.0,24690000.0,36.0,209.1,2250.0,1000.0,2230.0,200.0,656249710.0,656249710.0,69824969.0,0.0,0.0,,0.0,0.0,0.0
2023-06-14,2230.0,0.0,0.0,2280.0,2230.0,2230.0,0.0,5100.0,11399000.0,19.0,209.1,2280.0,3700.0,2240.0,4500.0,656249710.0,656249710.0,69824969.0,300.0,0.0,,0.0,0.0,0.0
2023-06-15,2230.0,0.0,0.0,2360.0,2230.0,2300.0,70.0,24600.0,56729000.0,56.0,215.6,2310.0,2300.0,2300.0,600.0,656249710.0,656249710.0,69824969.0,2000.0,1000.0,,0.0,0.0,0.0
2023-06-16,2300.0,0.0,0.0,2340.0,2300.0,2320.0,20.0,11100.0,25868000.0,28.0,217.5,2330.0,100.0,2320.0,900.0,656249710.0,656249710.0,69824969.0,4600.0,0.0,,0.0,0.0,0.0
2023-06-19,2320.0,0.0,0.0,2390.0,2220.0,2300.0,-20.0,193900.0,458202000.0,81.0,215.6,2350.0,1300.0,2300.0,50000.0,656249710.0,656249710.0,69824969.0,1400.0,200.0,,0.0,0.0,0.0
2023-06-20,2300.0,0.0,0.0,2440.0,2310.0,2370.0,70.0,18700.0,43978000.0,46.0,222.2,2370.0,1200.0,2350.0,5500.0,656249710.0,656249710.0,69824969.0,3100.0,2100.0,,0.0,0.0,0.0
2023-06-21,2370.0,0.0,0.0,2420.0,2300.0,2380.0,10.0,189700.0,453173000.0,65.0,223.1,2400.0,1500.0,2380.0,21900.0,656249710.0,656249710.0,69824969.0,8800.0,4300.0,,0.0,0.0,0.0
2023-06-22,2380.0,0.0,0.0,2410.0,2310.0,2320.0,-60.0,52300.0,123383000.0,69.0,217.5,2370.0,100.0,2320.0,1000.0,656249710.0,656249710.0,69824969.0,0.0,9000.0,,0.0,0.0,0.0
2023-06-23,2320.0,0.0,0.0,2300.0,2240.0,2300.0,-20.0,17900.0,40699000.0,46.0,215.6,2300.0,1900.0,2270.0,500.0,656249710.0,656249710.0,69824969.0,0.0,600.0,,0.0,0.0,0.0
2023-06-26,2300.0,0.0,0.0,2380.0,2300.0,2310.0,10.0,54300.0,127137000.0,40.0,216.6,2340.0,1100.0,2320.0,200.0,656249710.0,656249710.0,69824969.0,0.0,100.0,,0.0,0.0,0.0
2023-06-27,2310.0,0.0,0.0,2350.0,2300.0,2310.0,0.0,19200.0,44834000.0,42.0,216.6,2340.0,100.0,2310.0,5200.0,656249710.0,656249710.0,69824969.0,1000.0,0.0,,0.0,0.0,0.0
2023-07-03,2310.0,0.0,0.0,2700.0,2290.0,2400.0,90.0,234600.0,570248000.0,250.0,225.0,2400.0,1300.0,2360.0,2400.0,656249710.0,656249710.0,69824969.0,4200.0,7400.0,,0.0,0.0,0.0
2023-07-04,2400.0,0.0,0.0,2480.0,2300.0,2390.0,-10.0,325700.0,781648000.0,272.0,224.1,2390.0,11600.0,2380.0,5700.0,656249710.0,656249710.0,69824969.0,31700.0,30800.0,,0.0,0.0,0.0
2023-07-05,2390.0,0.0,0.0,2420.0,2290.0,2390.0,0.0,54100.0,128201000.0,106.0,224.1,2390.0,6100.0,2350.0,1300.0,656249710.0,656249710.0,69824969.0,12800.0,6800.0,,0.0,0.0,0.0
2023-07-06,2390.0,0.0,0.0,2460.0,2380.0,2420.0,30.0,31700.0,76427000.0,52.0,226.9,2420.0,3700.0,2380.0,14100.0,656249710.0,656249710.0,69824969.0,0.0,1500.0,,0.0,0.0,0.0
2023-07-07,2420.0,0.0,0.0,2440.0,2380.0,2400.0,-20.0,13100.0,31723000.0,32.0,225.0,2400.0,300.0,2370.0,300.0,656249710.0,656249710.0,69824969.0,700.0,0.0,,0.0,0.0,0.0
2023-07-10,2400.0,0.0,0.0,2490.0,2400.0,2440.0,40.0,136700.0,336592000.0,68.0,228.7,2450.0,16200.0,2420.0,16000.0,656249710.0,656249710.0,69824969.0,1900.0,900.0,,0.0,0.0,0.0
2023-07-11,2440.0,0.0,0.0,2500.0,2420.0,2450.0,10.0,73200.0,180808000.0,57.0,229.7,2470.0,9600.0,2450.0,300.0,656249710.0,656249710.0,69824969.0,2800.0,20800.0,,0.0,0.0,0.0
2023-07-12,2450.0,0.0,0.0,2470.0,2420.0,2460.0,10.0,14200.0,34837000.0,32.0,230.6,2470.0,6700.0,2460.0,7000.0,656249710.0,656249710.0,69824969.0,0.0,0.0,,0.0,0.0,0.0
2023-07-13,2460.0,0.0,0.0,2490.0,2430.0,2490.0,30.0,38100.0,94363000.0,34.0,233.4,2490.0,36400.0,2460.0,100.0,656249710.0,656249710.0,69824969.0,0.0,0.0,,0.0,0.0,0.0
2023-07-14,2490.0,0.0,0.0,2550.0,2450.0,2500.0,10.0,96100.0,239751000.0,44.0,234.4,2510.0,200.0,2500.0,8900.0,656249710.0,656249710.0,69824969.0,0.0,6000.0,,0.0,0.0,0.0
2023-07-17,2500.0,0.0,0.0,2520.0,2460.0,2460.0,-40.0,41800.0,104474000.0,44.0,230.6,2500.0,200.0,2470.0,500.0,656249710.0,656249710.0,69824969.0,0.0,7900.0,,0.0,0.0,0.0
2023-07-18,2460.0,0.0,0.0,2480.0,2440.0,2440.0,-20.0,107200.0,263632000.0,25.0,228.7,2440.0,1200.0,2430.0,1000.0,656249710.0,656249710.0,69824969.0,400.0,100.0,,0.0,0.0,0.0
2023-07-20,2440.0,0.0,0.0,2520.0,2430.0,2510.0,70.0,17200.0,42658000.0,31.0,235.3,2510.0,1000.0,2450.0,100.0,656249710.0,656249710.0,69824969.0,3100.0,4900.0,,0.0,0.0,0.0
2023-07-21,2510.0,0.0,0.0,2510.0,2450.0,2450.0,-60.0,8900.0,21911000.0,26.0,229.7,2460.0,2100.0,2450.0,200.0,656249710.0,656249710.0,69824969.0,2100.0,0.0,,0.0,0.0,0.0
2023-07-24,2450.0,0.0,0.0,2550.0,2450.0,2450.0,0.0,101400.0,253191000.0,53.0,229.7,2460.0,6000.0,2450.0,46700.0,656249710.0,656249710.0,69824969.0,5700.0,2400.0,,0.0,0.0,0.0
2023-07-25,2450.0,0.0,0.0,2550.0,2440.0,2450.0,0.0,48900.0,120656000.0,48.0,229.7,2500.0,100.0,2450.0,1600.0,656249710.0,656249710.0,69824969.0,1000.0,1500.0,,0.0,0.0,0.0
2023-07-26,2450.0,0.0,0.0,2550.0,2440.0,2470.0,20.0,93700.0,235408000.0,53.0,231.6,2510.0,2500.0,2470.0,2300.0,656249710.0,656249710.0,69824969.0,12800.0,5000.0,,0.0,0.0,0.0
2023-07-27,2470.0,0.0,0.0,2540.0,2400.0,2530.0,60.0,54100.0,132559000.0,57.0,237.2,2530.0,2300.0,2480.0,100.0,656249710.0,656249710.0,69824969.0,0.0,2600.0,,0.0,0.0,0.0
2023-07-28,2530.0,0.0,0.0,2540.0,2450.0,2500.0,-30.0,82700.0,204563000.0,70.0,234.4,2500.0,7500.0,2490.0,100.0,656249710.0,656249710.0,69824969.0,2500.0,0.0,,0.0,0.0,0.0
2023-07-31,2500.0,0.0,0.0,2800.0,2460.0,2710.0,210.0,441600.0,1142141000.0,171.0,254.1,2750.0,10000.0,2710.0,37100.0,656249710.0,656249710.0,69824969.0,26400.0,44200.0,,0.0,0.0,0.0
2023-08-01,2710.0,0.0,0.0,2750.0,2600.0,2600.0,-110.0,69200.0,182754000.0,89.0,243.7,2640.0,9800.0,2600.0,8400.0,656249710.0,656249710.0,69824969.0,3200.0,0.0,,0.0,0.0,0.0
2023-08-02,2600.0,0.0,0.0,2640.0,2550.0,2630.0,30.0,39700.0,102321000.0,57.0,246.6,2630.0,23300.0,2570.0,3200.0,656249710.0,656249710.0,69824969.0,2200.0,2600.0,,0.0,0.0,0.0
2023-08-03,2630.0,0.0,0.0,2780.0,2540.0,2630.0,0.0,95000.0,251188000.0,73.0,246.6,2630.0,1000.0,2620.0,4000.0,656249710.0,656249710.0,69824969.0,17800.0,2600.0,,0.0,0.0,0.0
2023-08-04,2630.0,0.0,0.0,2660.0,2560.0,2660.0,30.0,33500.0,87937000.0,33.0,249.4,2660.0,45200.0,2600.0,1000.0,656249710.0,656249710.0,69824969.0,4000.0,300.0,,0.0,0.0,0.0
2023-08-07,2660.0,0.0,0.0,2670.0,2560.0,2650.0,-10.0,63300.0,167779000.0,50.0,248.4,2660.0,33900.0,2650.0,11300.0,656249710.0,656249710.0,69824969.0,0.0,0.0,,0.0,0.0,0.0
2023-08-08,2650.0,0.0,0.0,2650.0,2600.0,2640.0,-10.0,17900.0,47210000.0,30.0,247.5,2640.0,800.0,2630.0,6600.0,656249710.0,656249710.0,69824969.0,0.0,0.0,,0.0,0.0,0.0
2023-08-09,2640.0,0.0,0.0,2800.0,2630.0,2790.0,150.0,155000.0,417942000.0,99.0,261.6,2790.0,800.0,2750.0,400.0,656249710.0,656249710.0,69824969.0,0.0,42700.0,,0.0,0.0,0.0
2023-08-10,2790.0,0.0,0.0,3450.0,2700.0,3050.0,260.0,586800.0,1745687000.0,762.0,285.9,3050.0,16600.0,3000.0,100.0,656249710.0,656249710.0,69824969.0,62900.0,24900.0,,0.0,0.0,0.0
2023-08-11,3050.0,0.0,0.0,3210.0,2940.0,3150.0,100.0,208900.0,640964000.0,399.0,295.3,3150.0,12400.0,3110.0,100.0,656249710.0,656249710.0,69824969.0,68000.0,3600.0,,0.0,0.0,0.0
2023-08-14,3150.0,0.0,0.0,3600.0,3100.0,3320.0,170.0,336200.0,1119490000.0,693.0,311.2,3320.0,11300.0,3300.0,500.0,656249710.0,656249710.0,69824969.0,57900.0,5700.0,,0.0,0.0,0.0
2023-08-15,3320.0,0.0,0.0,3500.0,3190.0,3300.0,-20.0,184900.0,607533000.0,548.0,309.4,3300.0,15700.0,3260.0,500.0,656249710.0,656249710.0,69824969.0,31400.0,5000.0,,0.0,0.0,0.0
2023-08-16,3300.0,0.0,0.0,3350.0,3000.0,3250.0,-50.0,400500.0,1264639000.0,913.0,304.7,3250.0,41500.0,3160.0,100.0,656249710.0,656249710.0,69824969.0,190500.0,1400.0,,0.0,0.0,0.0
2023-08-18,3250.0,0.0,0.0,3390.0,3100.0,3280.0,30.0,108700.0,353180000.0,222.0,307.5,3280.0,267000.0,3240.0,100.0,656249710.0,656249710.0,69824969.0,2900.0,0.0,,0.0,0.0,0.0
2023-08-21,3280.0,0.0,0.0,3400.0,3250.0,3280.0,0.0,51700.0,171627000.0,144.0,307.5,3280.0,31600.0,3270.0,600.0,656249710.0,656249710.0,69824969.0,0.0,600.0,,0.0,0.0,0.0
2023-08-22,3280.0,0.0,0.0,3390.0,3280.0,3350.0,70.0,63000.0,210698000.0,145.0,314.1,3350.0,12500.0,3320.0,100.0,656249710.0,656249710.0,69824969.0,0.0,0.0,,0.0,0.0,0.0
2023-08-23,3350.0,0.0,0.0,3390.0,3200.0,3380.0,30.0,161400.0,529870000.0,279.0,316.9,3370.0,400.0,3300.0,100.0,656249710.0,656249710.0,69824969.0,0.0,5600.0,,0.0,0.0,0.0
2023-08-24,3380.0,0.0,0.0,3490.0,3280.0,3360.0,-20.0,58000.0,194994000.0,165.0,315.0,3350.0,300.0,3300.0,100.0,656249710.0,656249710.0,69824969.0,0.0,0.0,,0.0,0.0,0.0
2023-08-25,3360.0,0.0,0.0,3450.0,3300.0,3380.0,20.0,67300.0,225730000.0,139.0,316.9,3370.0,100.0,3350.0,800.0,656249710.0,656249710.0,69824969.0,4000.0,4400.0,,0.0,0.0,0.0
2023-08-28,3380.0,0.0,0.0,3750.0,3440.0,3600.0,220.0,151100.0,543106000.0,307.0,337.5,3600.0,13700.0,3570.0,100.0,656249710.0,656249710.0,69824969.0,1700.0,1400.0,,0.0,0.0,0.0
2023-08-29,3600.0,0.0,0.0,3650.0,3320.0,3450.0,-150.0,169000.0,580837000.0,297.0,323.4,3450.0,277500.0,3430.0,100.0,656249710.0,656249710.0,69824969.0,8200.0,9100.0,,0.0,0.0,0.0
2023-08-30,3450.0,0.0,0.0,3750.0,3420.0,3510.0,60.0,89800.0,316719000.0,257.0,329.1,3500.0,700.0,3460.0,200.0,656249710.0,656249710.0,69824969.0,0.0,1900.0,,0.0,0.0,0.0
2023-08-31,3510.0,0.0,0.0,3610.0,3500.0,3510.0,0.0,76400.0,270651000.0,234.0,329.1,3510.0,3200.0,3490.0,300.0,656249710.0,656249710.0,69824969.0,0.0,0.0,,0.0,0.0,0.0
2023-09-01,3510.0,0.0,0.0,3650.0,3460.0,3520.0,10.0,45000.0,159475000.0,127.0,330.0,3520.0,6400.0,3470.0,500.0,656249710.0,656249710.0,69824969.0,0.0,1400.0,,0.0,0.0,0.0
2023-09-04,3520.0,0.0,0.0,3750.0,3400.0,3540.0,20.0,111900.0,389855000.0,221.0,331.9,3520.0,100.0,3440.0,300.0,656249710.0,656249710.0,69824969.0,0.0,3100.0,,0.0,0.0,0.0
2023-09-05,3540.0,0.0,0.0,3600.0,3420.0,3520.0,-20.0,27200.0,95076000.0,104.0,330.0,3510.0,200.0,3480.0,300.0,656249710.0,656249710.0,69824969.0,0.0,0.0,,0.0,0.0,0.0
2023-09-06,3520.0,0.0,0.0,3590.0,3400.0,3440.0,-80.0,42800.0,147872000.0,136.0,322.5,3440.0,1000.0,3430.0,300.0,656249710.0,656249710.0,69824969.0,1400.0,0.0,,0.0,0.0,0.0
2023-09-07,3440.0,0.0,0.0,3500.0,3340.0,3420.0,-20.0,26600.0,90897000.0,121.0,320.6,3420.0,700.0,3390.0,200.0,656249710.0,656249710.0,69824969.0,1700.0,600.0,,0.0,0.0,0.0
2023-09-08,3420.0,0.0,0.0,3420.0,3160.0,3360.0,-60.0,180600.0,591045000.0,349.0,315.0,3360.0,4200.0,3350.0,300.0,656249710.0,656249710.0,69824969.0,2600.0,0.0,,0.0,0.0,0.0
2023-09-11,3360.0,0.0,0.0,3400.0,3120.0,3190.0,-170.0,179600.0,575103000.0,348.0,299.1,3190.0,5400.0,3140.0,800.0,656249710.0,656249710.0,69824969.0,0.0,5700.0,,0.0,0.0,0.0
2023-09-12,3190.0,0.0,0.0,3300.0,2700.0,2800.0,-390.0,768800.0,2200367000.0,1009.0,262.5,2800.0,22700.0,2790.0,3800.0,656249710.0,656249710.0,69824969.0,26300.0,60500.0,,0.0,0.0,0.0
2023-09-13,2800.0,0.0,0.0,2930.0,2800.0,2830.0,30.0,291700.0,833923000.0,401.0,265.3,2850.0,1900.0,2830.0,1600.0,656249710.0,656249710.0,69824969.0,9700.0,6100.0,,0.0,0.0,0.0
2023-09-14,2830.0,0.0,0.0,2850.0,2750.0,2800.0,-30.0,56200.0,158034000.0,150.0,262.5,2800.0,33900.0,2760.0,700.0,656249710.0,656249710.0,69824969.0,0.0,400.0,,0.0,0.0,0.0
2023-09-15,2800.0,0.0,0.0,2830.0,2650.0,2700.0,-100.0,144500.0,392906000.0,273.0,253.1,2700.0,3100.0,2680.0,1000.0,656249710.0,656249710.0,69824969.0,0.0,6900.0,,0.0,0.0,0.0
2023-09-18,2700.0,0.0,0.0,2750.0,2550.0,2690.0,-10.0,113900.0,302101000.0,258.0,252.2,2700.0,2000.0,2690.0,600.0,656249710.0,656249710.0,69824969.0,7000.0,1100.0,,0.0,0.0,0.0
2023-09-19,2690.0,0.0,0.0,2790.0,2630.0,2730.0,40.0,55700.0,150259000.0,90.0,255.9,2730.0,800.0,2710.0,600.0,656249710.0,656249710.0,69824969.0,0.0,0.0,,0.0,0.0,0.0
2023-09-20,2730.0,0.0,0.0,2730.0,2670.0,2680.0,-50.0,37600.0,101066000.0,130.0,251.2,2680.0,2000.0,2670.0,400.0,656249710.0,656249710.0,69824969.0,0.0,5100.0,,0.0,0.0,0.0
2023-09-21,2680.0,0.0,0.0,2700.0,2620.0,2670.0,-10.0,27900.0,74226000.0,94.0,250.3,2670.0,700.0,2650.0,300.0,656249710.0,656249710.0,69824969.0,1500.0,0.0,,82.0,218120.0,1.0
2023-09-22,2670.0,0.0,0.0,2860.0,2580.0,2790.0,120.0,99400.0,266326000.0,188.0,261.6,2790.0,6300.0,2680.0,100.0,656249710.0,656249710.0,69824969.0,6900.0,0.0,,0.0,0.0,0.0
2023-09-25,2790.0,0.0,0.0,2800.0,2600.0,2680.0,-110.0,136200.0,362896000.0,270.0,251.2,2680.0,2800.0,2670.0,1100.0,656249710.0,656249710.0,69824969.0,1800.0,0.0,,0.0,0.0,0.0
2023-09-26,2680.0,0.0,0.0,2880.0,2650.0,2840.0,160.0,137000.0,378163000.0,230.0,266.2,2840.0,26600.0,2750.0,2900.0,656249710.0,656249710.0,69824969.0,400.0,300.0,,0.0,0.0,0.0
2023-09-27,2840.0,0.0,0.0,2840.0,2750.0,2810.0,-30.0,44600.0,124484000.0,111.0,263.4,2810.0,17800.0,2800.0,100.0,656249710.0,656249710.0,69824969.0,0.0,0.0,,0.0,0.0,0.0
2023-09-29,2810.0,0.0,0.0,2850.0,2700.0,2790.0,-20.0,55600.0,153326000.0,124.0,261.6,2790.0,3200.0,2750.0,3600.0,656249710.0,656249710.0,69824969.0,1800.0,2200.0,,0.0,0.0,0.0
2023-10-02,2790.0,0.0,0.0,2840.0,2710.0,2800.0,10.0,49400.0,137232000.0,126.0,262.5,2800.0,9300.0,2770.0,200.0,656249710.0,656249710.0,69824969.0,0.0,0.0,,0.0,0.0,0.0
2023-10-03,2800.0,0.0,0.0,2810.0,2750.0,2800.0,0.0,47900.0,133243000.0,47.0,262.5,2790.0,100.0,2750.0,700.0,656249710.0,656249710.0,69824969.0,0.0,0.0,,0.0,0.0,0.0
2023-10-04,2800.0,0.0,0.0,2800.0,2650.0,2780.0,-20.0,57800.0,157475000.0,118.0,260.6,2770.0,600.0,2720.0,100.0,656249710.0,656249710.0,69824969.0,4700.0,0.0,,0.0,0.0,0.0
2023-10-05,2780.0,0.0,0.0,2780.0,2660.0,2720.0,-60.0,50600.0,136872000.0,117.0,255.0,2720.0,12800.0,2670.0,400.0,656249710.0,656249710.0,69824969.0,2900.0,2500.0,,0.0,0.0,0.0
2023-10-06,2720.0,0.0,0.0,2840.0,2620.0,2820.0,100.0,102200.0,277005000.0,117.0,264.4,2820.0,224000.0,2720.0,200.0,656249710.0,656249710.0,69824969.0,34100.0,0.0,,0.0,0.0,0.0
2023-10-09,2820.0,0.0,0.0,2820.0,2650.0,2770.0,-50.0,44000.0,119793000.0,119.0,259.7,2770.0,6200.0,2720.0,200.0,656249710.0,656249710.0,69824969.0,1100.0,0.0,,0.0,0.0,0.0
2023-10-10,2770.0,0.0,0.0,2800.0,2680.0,2740.0,-30.0,75500.0,205029000.0,131.0,256.9,2730.0,100.0,2690.0,800.0,656249710.0,656249710.0,69824969.0,0.0,5500.0,,0.0,0.0,0.0
2023-10-11,2740.0,0.0,0.0,2790.0,2550.0,2640.0,-100.0,324900.0,851511000.0,378.0,247.5,2640.0,28500.0,2610.0,400.0,656249710.0,656249710.0,69824969.0,3000.0,29400.0,,0.0,0.0,0.0
2023-10-12,2640.0,0.0,0.0,2640.0,2430.0,2480.0,-160.0,258100.0,649754000.0,291.0,232.5,2500.0,200.0,2480.0,2100.0,656249710.0,656249710.0,69824969.0,18200.0,300.0,,0.0,0.0,0.0
2023-10-13,2480.0,0.0,0.0,2510.0,2480.0,2490.0,10.0,33900.0,84700000.0,59.0,233.4,2490.0,7200.0,2460.0,1800.0,656249710.0,656249710.0,69824969.0,5000.0,1000.0,,0.0,0.0,0.0
2023-10-16,2490.0,0.0,0.0,2500.0,2400.0,2500.0,10.0,55900.0,136498000.0,130.0,234.4,2490.0,10500.0,2440.0,4800.0,656249710.0,656249710.0,69824969.0,0.0,200.0,,0.0,0.0,0.0
2023-10-17,2500.0,0.0,0.0,2480.0,2440.0,2450.0,-50.0,14200.0,34781000.0,32.0,229.7,2470.0,7200.0,2440.0,1400.0,656249710.0,656249710.0,69824969.0,400.0,0.0,,0.0,0.0,0.0
2023-10-18,2450.0,0.0,0.0,2490.0,2450.0,2460.0,10.0,20000.0,49096000.0,49.0,230.6,2460.0,2500.0,2440.0,12900.0,656249710.0,656249710.0,69824969.0,3200.0,0.0,,0.0,0.0,0.0
2023-10-19,2460.0,0.0,0.0,2490.0,2400.0,2460.0,0.0,98800.0,240232000.0,101.0,230.6,2490.0,100.0,2460.0,16100.0,656249710.0,656249710.0,69824969.0,3100.0,29600.0,,0.0,0.0,0.0
2023-10-20,2460.0,0.0,0.0,2440.0,2370.0,2430.0,-30.0,78500.0,187661000.0,57.0,227.8,2430.0,11300.0,2380.0,800.0,656249710.0,656249710.0,69824969.0,5400.0,14900.0,,0.0,0.0,0.0
2023-10-23,2430.0,0.0,0.0,2430.0,2340.0,2360.0,-70.0,17900.0,42414000.0,43.0,221.2,2360.0,4000.0,2350.0,100.0,656249710.0,656249710.0,69824969.0,4600.0,0.0,,0.0,0.0,0.0
2023-10-24,2360.0,0.0,0.0,2440.0,2360.0,2370.0,10.0,45700.0,108417000.0,71.0,222.2,2370.0,3200.0,2360.0,14700.0,656249710.0,656249710.0,69824969.0,800.0,400.0,,0.0,0.0,0.0
2023-10-25,2370.0,0.0,0.0,2450.0,2360.0,2400.0,30.0,51900.0,123663000.0,62.0,225.0,2400.0,4800.0,2370.0,16700.0,656249710.0,656249710.0,69824969.0,0.0,12600.0,,0.0,0.0,0.0
2023-10-26,2400.0,0.0,0.0,2460.0,2330.0,2410.0,10.0,75400.0,179418000.0,85.0,225.9,2410.0,3600.0,2360.0,200.0,656249710.0,656249710.0,69824969.0,1100.0,200.0,,0.0,0.0,0.0
2023-10-27,2410.0,0.0,0.0,2410.0,2350.0,2410.0,0.0,27000.0,64003000.0,43.0,225.9,2400.0,1000.0,2380.0,900.0,656249710.0,656249710.0,69824969.0,0.0,0.0,,0.0,0.0,0.0
2023-10-30,2410.0,0.0,0.0,2810.0,2440.0,2610.0,200.0,592500.0,1593318000.0,666.0,244.7,2620.0,200.0,2600.0,1400.0,656249710.0,656249710.0,69824969.0,9800.0,71800.0,,0.0,0.0,0.0
2023-10-31,2610.0,0.0,0.0,2680.0,2500.0,2560.0,-50.0,120000.0,305612000.0,151.0,240.0,2560.0,83100.0,2550.0,3000.0,656249710.0,656249710.0,69824969.0,7500.0,15200.0,,0.0,0.0,0.0
2023-11-01,2560.0,0.0,0.0,2640.0,2550.0,2550.0,-10.0,47500.0,122865000.0,76.0,239.1,2550.0,1500.0,2540.0,2000.0,656249710.0,656249710.0,69824969.0,10300.0,100.0,,0.0,0.0,0.0
2023-11-02,2550.0,0.0,0.0,2760.0,2540.0,2700.0,150.0,76100.0,201008000.0,165.0,253.1,2700.0,11700.0,2650.0,100.0,656249710.0,656249710.0,69824969.0,900.0,300.0,,0.0,0.0,0.0
2023-11-03,2700.0,0.0,0.0,2850.0,2650.0,2720.0,20.0,128300.0,350691000.0,117.0,255.0,2720.0,5200.0,2700.0,100.0,656249710.0,656249710.0,69824969.0,50700.0,0.0,,0.0,0.0,0.0
2023-11-06,2720.0,0.0,0.0,2750.0,2610.0,2640.0,-80.0,29200.0,78580000.0,65.0,247.5,2640.0,131900.0,2630.0,500.0,656249710.0,656249710.0,69824969.0,10100.0,300.0,,0.0,0.0,0.0
2023-11-07,2640.0,0.0,0.0,2740.0,2620.0,2710.0,70.0,22200.0,59731000.0,73.0,254.1,2710.0,30400.0,2650.0,100.0,656249710.0,656249710.0,69824969.0,100.0,500.0,,0.0,0.0,0.0
2023-11-08,2710.0,0.0,0.0,2710.0,2550.0,2630.0,-80.0,64000.0,166003000.0,108.0,246.6,2630.0,103600.0,2620.0,300.0,656249710.0,656249710.0,69824969.0,1300.0,0.0,,0.0,0.0,0.0
2023-11-09,2630.0,0.0,0.0,2700.0,2560.0,2620.0,-10.0,37700.0,99873000.0,43.0,245.6,2620.0,1100.0,2600.0,1400.0,656249710.0,656249710.0,69824969.0,0.0,20200.0,,0.0,0.0,0.0
2023-11-10,2620.0,0.0,0.0,2670.0,2560.0,2630.0,10.0,32700.0,84899000.0,66.0,246.6,2630.0,6500.0,2560.0,4500.0,656249710.0,656249710.0,69824969.0,0.0,9700.0,,0.0,0.0,0.0
2023-11-13,2630.0,0.0,0.0,2700.0,2560.0,2670.0,40.0,130400.0,347357000.0,55.0,250.3,2690.0,19000.0,2650.0,100.0,656249710.0,656249710.0,69824969.0,31600.0,115900.0,,0.0,0.0,0.0
2023-11-14,2670.0,0.0,0.0,2670.0,2610.0,2660.0,-10.0,28900.0,76749000.0,38.0,249.4,2660.0,1700.0,2630.0,500.0,656249710.0,656249710.0,69824969.0,20200.0,0.0,,0.0,0.0,0.0
2023-11-15,2660.0,0.0,0.0,2660.0,2590.0,2620.0,-40.0,13200.0,34403000.0,53.0,245.6,2620.0,400.0,2590.0,200.0,656249710.0,656249710.0,69824969.0,0.0,0.0,,0.0,0.0,0.0
2023-11-16,2620.0,0.0,0.0,2700.0,2610.0,2660.0,40.0,10900.0,28766000.0,34.0,249.4,2660.0,15100.0,2620.0,700.0,656249710.0,656249710.0,69824969.0,0.0,0.0,,0.0,0.0,0.0
2023-11-17,2660.0,0.0,0.0,2660.0,2590.0,2630.0,-30.0,60800.0,158495000.0,105.0,246.6,2630.0,800.0,2590.0,100.0,656249710.0,656249710.0,69824969.0,0.0,6400.0,,0.0,0.0,0.0
2023-11-20,2630.0,0.0,0.0,2670.0,2600.0,2660.0,30.0,51700.0,135815000.0,52.0,249.4,2660.0,4200.0,2630.0,100.0,656249710.0,656249710.0,69824969.0,6100.0,34700.0,,0.0,0.0,0.0
2023-11-21,2660.0,0.0,0.0,2790.0,2580.0,2690.0,30.0,38600.0,102988000.0,71.0,252.2,2690.0,9600.0,2650.0,900.0,656249710.0,656249710.0,69824969.0,700.0,0.0,,142000.0,381980000.0,1.0
2023-11-22,2690.0,0.0,0.0,2690.0,2620.0,2640.0,-50.0,83500.0,219423000.0,47.0,247.5,2640.0,9900.0,2630.0,4200.0,656249710.0,656249710.0,69824969.0,300.0,26800.0,,0.0,0.0,0.0
2023-11-23,2640.0,0.0,0.0,2710.0,2610.0,2640.0,0.0,25700.0,68645000.0,41.0,247.5,2670.0,1000.0,2630.0,100.0,656249710.0,656249710.0,69824969.0,1800.0,0.0,,0.0,0.0,0.0
2023-11-24,2640.0,0.0,0.0,2650.0,2610.0,2630.0,-10.0,31600.0,83524000.0,25.0,246.6,2650.0,1500.0,2630.0,200.0,656249710.0,656249710.0,69824969.0,24400.0,0.0,,0.0,0.0,0.0
2023-11-27,2630.0,0.0,0.0,2660.0,2630.0,2630.0,0.0,21100.0,55655000.0,34.0,246.6,2630.0,1800.0,2620.0,4000.0,656249710.0,656249710.0,69824969.0,1000.0,0.0,,0.0,0.0,0.0
2023-11-28,2630.0,0.0,0.0,2690.0,2610.0,2610.0,-20.0,34200.0,91367000.0,29.0,244.7,2630.0,500.0,2610.0,2000.0,656249710.0,656249710.0,69824969.0,0.0,23800.0,,0.0,0.0,0.0
2023-11-29,2610.0,0.0,0.0,2640.0,2570.0,2620.0,10.0,38700.0,100847000.0,48.0,245.6,2630.0,100.0,2620.0,100.0,656249710.0,656249710.0,69824969.0,27400.0,25100.0,,0.0,0.0,0.0
2023-11-30,2620.0,0.0,0.0,2660.0,2620.0,2650.0,30.0,4700.0,12391000.0,11.0,248.4,2660.0,500.0,2650.0,400.0,656249710.0,656249710.0,69824969.0,0.0,0.0,,0.0,0.0,0.0
2023-12-01,2650.0,0.0,0.0,2680.0,2560.0,2620.0,-30.0,18700.0,48376000.0,57.0,245.6,2620.0,2600.0,2580.0,600.0,656249710.0,656249710.0,69824969.0,700.0,0.0,,0.0,0.0,0.0
2023-12-04,2620.0,0.0,0.0,2620.0,2580.0,2590.0,-30.0,11300.0,29196000.0,29.0,242.8,2590.0,400.0,2580.0,3100.0,656249710.0,656249710.0,69824969.0,0.0,0.0,,0.0,0.0,0.0
2023-12-05,2590.0,0.0,0.0,2590.0,2550.0,2590.0,0.0,12100.0,31043000.0,46.0,242.8,2590.0,5900.0,2570.0,200.0,656249710.0,656249710.0,69824969.0,300.0,0.0,,0.0,0.0,0.0
2023-12-06,2590.0,0.0,0.0,2580.0,2530.0,2530.0,-60.0,26300.0,66798000.0,66.0,237.2,2530.0,1100.0,2520.0,2400.0,656249710.0,656249710.0,69824969.0,1100.0,0.0,,0.0,0.0,0.0
2023-12-07,2530.0,0.0,0.0,2540.0,2480.0,2510.0,-20.0,21600.0,54070000.0,54.0,235.3,2510.0,8900.0,2490.0,1600.0,656249710.0,656249710.0,69824969.0,100.0,0.0,,0.0,0.0,0.0
2023-12-08,2510.0,0.0,0.0,2510.0,2460.0,2490.0,-20.0,11100.0,27517000.0,38.0,233.4,2510.0,13200.0,2480.0,2200.0,656249710.0,656249710.0,69824969.0,0.0,0.0,,0.0,0.0,0.0
2023-12-11,2490.0,0.0,0.0,2490.0,2450.0,2470.0,-20.0,15900.0,39356000.0,29.0,231.6,2470.0,1000.0,2450.0,1300.0,656249710.0,656249710.0,69824969.0,600.0,0.0,,0.0,0.0,0.0
2023-12-12,2470.0,0.0,0.0,2480.0,2450.0,2480.0,10.0,4500.0,11098000.0,15.0,232.5,2470.0,1100.0,2450.0,1400.0,656249710.0,656249710.0,69824969.0,0.0,0.0,,0.0,0.0,0.0
2023-12-13,2480.0,0.0,0.0,2480.0,2450.0,2450.0,-30.0,6200.0,15296000.0,20.0,229.7,2460.0,1200.0,2450.0,1000.0,656249710.0,656249710.0,69824969.0,100.0,0.0,,0.0,0.0,0.0
2023-12-14,2450.0,0.0,0.0,2490.0,2450.0,2480.0,30.0,1500.0,3706000.0,10.0,232.5,2480.0,10000.0,2450.0,600.0,656249710.0,656249710.0,69824969.0,0.0,0.0,,0.0,0.0,0.0
2023-12-15,2480.0,0.0,0.0,2470.0,2460.0,2470.0,-10.0,4100.0,10126000.0,6.0,231.6,2480.0,3500.0,2470.0,700.0,656249710.0,656249710.0,69824969.0,200.0,0.0,,0.0,0.0,0.0
2023-12-18,2470.0,0.0,0.0,2490.0,2410.0,2410.0,-60.0,28800.0,69686000.0,53.0,225.9,2410.0,1700.0,2400.0,14500.0,656249710.0,656249710.0,69824969.0,100.0,11000.0,,0.0,0.0,0.0
2023-12-19,2410.0,0.0,0.0,2430.0,2400.0,2420.0,10.0,21900.0,52681000.0,37.0,226.9,2420.0,1000.0,2390.0,3800.0,656249710.0,656249710.0,69824969.0,100.0,0.0,,0.0,0.0,0.0
2023-12-20,2420.0,0.0,0.0,2500.0,2450.0,2490.0,70.0,24700.0,60895000.0,34.0,233.4,2480.0,200.0,2450.0,1800.0,656249710.0,656249710.0,69824969.0,4900.0,0.0,,0.0,0.0,0.0
2023-12-21,2490.0,0.0,0.0,2550.0,2450.0,2510.0,20.0,2000.0,5014000.0,10.0,235.3,2510.0,6500.0,2450.0,1200.0,656249710.0,656249710.0,69824969.0,100.0,0.0,,0.0,0.0,0.0
2023-12-22,2510.0,0.0,0.0,2530.0,2450.0,2490.0,-20.0,24400.0,60260000.0,41.0,233.4,2490.0,500.0,2450.0,1000.0,656249710.0,656249710.0,69824969.0,2200.0,3600.0,,0.0,0.0,0.0
2023-12-27,2490.0,0.0,0.0,2530.0,2470.0,2490.0,0.0,4100.0,10194000.0,19.0,233.4,2480.0,600.0,2470.0,1000.0,656249710.0,656249710.0,69824969.0,0.0,0.0,,0.0,0.0,0.0
2023-12-28,2490.0,0.0,0.0,2540.0,2490.0,2500.0,10.0,5500.0,13830000.0,17.0,234.4,2500.0,200.0,2470.0,1300.0,656249710.0,656249710.0,69824969.0,1200.0,0.0,,0.0,0.0,0.0
2023-12-29,2500.0,0.0,0.0,2530.0,2490.0,2490.0,-10.0,2500.0,6248000.0,8.0,233.4,2490.0,400.0,2480.0,200.0,656249710.0,656249710.0,69824969.0,0.0,0.0,,0.0,0.0,0.0
2024-01-02,2490.0,0.0,0.0,2520.0,2460.0,2490.0,0.0,5000.0,12454000.0,25.0,233.4,2500.0,600.0,2490.0,900.0,656249710.0,656249710.0,69824969.0,100.0,0.0,,0.0,0.0,0.0
2024-01-03,2490.0,0.0,0.0,2500.0,2480.0,2480.0,-10.0,1800.0,4479000.0,8.0,232.5,2490.0,5900.0,2480.0,1700.0,656249710.0,656249710.0,69824969.0,0.0,0.0,,0.0,0.0,0.0
2024-01-04,2480.0,0.0,0.0,2700.0,2490.0,2550.0,70.0,84200.0,218264000.0,60.0,239.1,2550.0,65100.0,2520.0,200.0,656249710.0,656249710.0,69824969.0,1500.0,2600.0,,0.0,0.0,0.0
2024-01-05,2550.0,0.0,0.0,2620.0,2480.0,2540.0,-10.0,73600.0,183205000.0,45.0,238.1,2540.0,2100.0,2520.0,500.0,656249710.0,656249710.0,69824969.0,0.0,0.0,,0.0,0.0,0.0
2024-01-08,2540.0,0.0,0.0,2550.0,2500.0,2520.0,-20.0,16700.0,41800000.0,14.0,236.2,2550.0,300.0,2520.0,300.0,656249710.0,656249710.0,69824969.0,0.0,0.0,,0.0,0.0,0.0
2024-01-09,2520.0,0.0,0.0,2530.0,2500.0,2530.0,10.0,36700.0,92586000.0,24.0,237.2,2530.0,41700.0,2500.0,1700.0,656249710.0,656249710.0,69824969.0,0.0,0.0,,0.0,0.0,0.0
2024-01-10,2530.0,0.0,0.0,2570.0,2520.0,2550.0,20.0,3900.0,9870000.0,18.0,239.1,2550.0,600.0,2520.0,1800.0,656249710.0,656249710.0,69824969.0,0.0,0.0,,0.0,0.0,0.0
2024-01-11,2550.0,0.0,0.0,2550.0,2520.0,2550.0,0.0,12000.0,30377000.0,13.0,239.1,2550.0,500.0,2530.0,600.0,656249710.0,656249710.0,69824969.0,0.0,0.0,,0.0,0.0,0.0
2024-01-12,2550.0,0.0,0.0,2570.0,2520.0,2550.0,0.0,3600.0,9186000.0,14.0,239.1,2570.0,4500.0,2540.0,2500.0,656249710.0,656249710.0,69824969.0,0.0,0.0,,0.0,0.0,0.0
2024-01-15,2550.0,0.0,0.0,2560.0,2530.0,2540.0,-10.0,12900.0,32669000.0,16.0,238.1,2540.0,9200.0,2530.0,2000.0,656249710.0,656249710.0,69824969.0,0.0,0.0,,0.0,0.0,0.0
2024-01-16,2540.0,0.0,0.0,2540.0,2530.0,2540.0,0.0,2900.0,7351000.0,14.0,238.1,2540.0,6500.0,2530.0,1100.0,656249710.0,656249710.0,69824969.0,100.0,200.0,,0.0,0.0,0.0
2024-01-17,2540.0,0.0,0.0,2520.0,2500.0,2500.0,-40.0,4600.0,11521000.0,21.0,234.4,2520.0,2300.0,2500.0,5300.0,656249710.0,656249710.0,69824969.0,400.0,100.0,,0.0,0.0,0.0
2024-01-18,2500.0,0.0,0.0,2500.0,2490.0,2500.0,0.0,2200.0,5498000.0,9.0,234.4,2530.0,6000.0,2490.0,2200.0,656249710.0,656249710.0,69824969.0,0.0,0.0,,0.0,0.0,0.0
2024-01-19,2500.0,0.0,0.0,2560.0,2460.0,2530.0,30.0,6000.0,14981000.0,18.0,237.2,2520.0,1300.0,2490.0,300.0,656249710.0,656249710.0,69824969.0,300.0,0.0,,0.0,0.0,0.0
2024-01-22,2530.0,0.0,0.0,2520.0,2460.0,2510.0,-20.0,9000.0,22281000.0,31.0,235.3,2510.0,600.0,2460.0,3500.0,656249710.0,656249710.0,69824969.0,400.0,0.0,,0.0,0.0,0.0
2024-01-23,2510.0,0.0,0.0,2470.0,2410.0,2450.0,-60.0,16800.0,41080000.0,39.0,229.7,2450.0,17500.0,2420.0,3300.0,656249710.0,656249710.0,69824969.0,400.0,0.0,,0.0,0.0,0.0
2024-01-24,2450.0,0.0,0.0,2440.0,2400.0,2400.0,-50.0,19400.0,46829000.0,48.0,225.0,2400.0,400.0,2390.0,1200.0,656249710.0,656249710.0,69824969.0,200.0,0.0,,0.0,0.0,0.0
2024-01-25,2400.0,0.0,0.0,2450.0,2390.0,2440.0,40.0,10700.0,26109000.0,22.0,228.7,2450.0,20400.0,2420.0,300.0,656249710.0,656249710.0,69824969.0,1400.0,0.0,,0.0,0.0,0.0
2024-01-26,2440.0,0.0,0.0,2450.0,2400.0,2400.0,-40.0,8200.0,19882000.0,37.0,225.0,2440.0,800.0,2390.0,6300.0,656249710.0,656249710.0,69824969.0,1200.0,0.0,,0.0,0.0,0.0
2024-01-29,2400.0,0.0,0.0,2440.0,2340.0,2350.0,-50.0,17200.0,40770000.0,45.0,220.3,2350.0,1400.0,2340.0,600.0,656249710.0,656249710.0,69824969.0,1300.0,0.0,,0.0,0.0,0.0
2024-01-30,2350.0,0.0,0.0,2380.0,2340.0,2380.0,30.0,9700.0,22819000.0,35.0,223.1,2380.0,400.0,2350.0,9200.0,656249710.0,656249710.0,69824969.0,100.0,100.0,,0.0,0.0,0.0
2024-01-31,2380.0,0.0,0.0,2380.0,2380.0,2380.0,0.0,2900.0,6902000.0,7.0,223.1,2380.0,9800.0,2370.0,300.0,656249710.0,656249710.0,69824969.0,0.0,200.0,,0.0,0.0,0.0
2024-02-01,2380.0,0.0,0.0,2380.0,2350.0,2380.0,0.0,7800.0,18444000.0,26.0,223.1,2380.0,2100.0,2370.0,800.0,656249710.0,656249710.0,69824969.0,1000.0,100.0,,0.0,0.0,0.0
2024-02-02,2380.0,0.0,0.0,2380.0,2350.0,2380.0,0.0,10900.0,25857000.0,18.0,223.1,2380.0,10600.0,2370.0,200.0,656249710.0,656249710.0,69824969.0,1700.0,100.0,,0.0,0.0,0.0
2024-02-05,2380.0,0.0,0.0,2380.0,2350.0,2370.0,-10.0,4900.0,11574000.0,20.0,222.2,2370.0,1000.0,2360.0,200.0,656249710.0,656249710.0,69824969.0,100.0,0.0,,0.0,0.0,0.0
2024-02-06,2370.0,0.0,0.0,2360.0,2340.0,2340.0,-30.0,14100.0,33107000.0,32.0,219.4,2360.0,100.0,2340.0,3300.0,656249710.0,656249710.0,69824969.0,300.0,200.0,,0.0,0.0,0.0
2024-02-07,2340.0,0.0,0.0,2380.0,2340.0,2380.0,40.0,2300.0,5448000.0,11.0,223.1,2380.0,9400.0,2370.0,700.0,656249710.0,656249710.0,69824969.0,0.0,300.0,,0.0,0.0,0.0
2024-02-12,2380.0,0.0,0.0,2440.0,2360.0,2410.0,30.0,7600.0,18303000.0,30.0,225.9,2410.0,200.0,2400.0,100.0,656249710.0,656249710.0,69824969.0,2100.0,400.0,,0.0,0.0,0.0
2024-02-13,2410.0,0.0,0.0,2410.0,2350.0,2400.0,-10.0,9800.0,23491000.0,23.0,225.0,2410.0,100.0,2400.0,200.0,656249710.0,656249710.0,69824969.0,100.0,400.0,,0.0,0.0,0.0
2024-02-15,2400.0,0.0,0.0,2400.0,2250.0,2340.0,-60.0,137700.0,316462000.0,114.0,219.4,2340.0,2100.0,2330.0,1500.0,656249710.0,656249710.0,69824969.0,2300.0,500.0,,0.0,0.0,0.0
2024-02-16,2340.0,0.0,0.0,2390.0,2310.0,2370.0,30.0,30900.0,72286000.0,52.0,222.2,2370.0,800.0,2310.0,2700.0,656249710.0,656249710.0,69824969.0,1100.0,300.0,,0.0,0.0,0.0
2024-02-19,2370.0,0.0,0.0,2370.0,2300.0,2340.0,-30.0,13500.0,31373000.0,51.0,219.4,2340.0,600.0,2330.0,600.0,656249710.0,656249710.0,69824969.0,700.0,0.0,,0.0,0.0,0.0
2024-02-20,2340.0,0.0,0.0,2340.0,2250.0,2310.0,-30.0,17400.0,40087000.0,28.0,216.6,2340.0,600.0,2310.0,4900.0,656249710.0,656249710.0,69824969.0,1100.0,0.0,,0.0,0.0,0.0
2024-02-21,2310.0,0.0,0.0,2310.0,2300.0,2310.0,0.0,18400.0,42392000.0,32.0,216.6,2350.0,500.0,2310.0,1200.0,656249710.0,656249710.0,69824969.0,0.0,800.0,,0.0,0.0,0.0
2024-02-22,2310.0,0.0,0.0,2360.0,2310.0,2360.0,50.0,3400.0,7948000.0,13.0,221.2,2360.0,300.0,2320.0,500.0,656249710.0,656249710.0,69824969.0,0.0,0.0,,0.0,0.0,0.0
2024-02-23,2360.0,0.0,0.0,2360.0,2330.0,2360.0,0.0,2500.0,5852000.0,8.0,221.2,2360.0,100.0,2340.0,600.0,656249710.0,656249710.0,69824969.0,800.0,0.0,,25.0,57750.0,1.0
2024-02-26,2360.0,0.0,0.0,2350.0,2320.0,2320.0,-40.0,8100.0,18888000.0,15.0,217.5,2340.0,300.0,2330.0,300.0,656249710.0,656249710.0,69824969.0,400.0,0.0,,0.0,0.0,0.0
2024-02-27,2320.0,0.0,0.0,2340.0,2320.0,2340.0,20.0,3500.0,8156000.0,11.0,219.4,2340.0,2400.0,2330.0,300.0,656249710.0,656249710.0,69824969.0,100.0,200.0,,0.0,0.0,0.0
2024-02-28,2340.0,0.0,0.0,2350.0,2330.0,2330.0,-10.0,4600.0,10727000.0,22.0,218.4,2330.0,3500.0,2320.0,700.0,656249710.0,656249710.0,69824969.0,900.0,300.0,,0.0,0.0,0.0
2024-02-29,2330.0,0.0,0.0,2330.0,2310.0,2310.0,-20.0,9000.0,20900000.0,21.0,216.6,2330.0,7100.0,2310.0,700.0,656249710.0,656249710.0,69824969.0,900.0,0.0,,0.0,0.0,0.0
2024-03-01,2310.0,0.0,0.0,2310.0,2290.0,2310.0,0.0,15300.0,35279000.0,34.0,216.6,2310.0,18000.0,2290.0,400.0,656249710.0,656249710.0,69824969.0,0.0,300.0,,0.0,0.0,0.0
2024-03-04,2310.0,0.0,0.0,2330.0,2300.0,2300.0,-10.0,1900.0,4401000.0,9.0,215.6,2320.0,100.0,2300.0,800.0,656249710.0,656249710.0,69824969.0,400.0,0.0,,0.0,0.0,0.0
2024-03-05,2300.0,0.0,0.0,2300.0,2270.0,2300.0,0.0,12500.0,28437000.0,45.0,215.6,2290.0,500.0,2270.0,600.0,656249710.0,656249710.0,69824969.0,300.0,0.0,,0.0,0.0,0.0
2024-03-06,2300.0,0.0,0.0,2300.0,2280.0,2300.0,0.0,6200.0,14155000.0,18.0,215.6,2300.0,33800.0,2280.0,500.0,656249710.0,656249710.0,69824969.0,100.0,0.0,,0.0,0.0,0.0
2024-03-07,2300.0,0.0,0.0,2350.0,2270.0,2330.0,30.0,11300.0,25983000.0,34.0,218.4,2330.0,15100.0,2290.0,800.0,656249710.0,656249710.0,69824969.0,500.0,0.0,,0.0,0.0,0.0
2024-03-08,2330.0,0.0,0.0,2350.0,2330.0,2330.0,0.0,1300.0,3035000.0,8.0,218.4,2330.0,2100.0,2320.0,300.0,656249710.0,656249710.0,69824969.0,600.0,0.0,,0.0,0.0,0.0
2024-03-13,2330.0,0.0,0.0,2350.0,2240.0,2300.0,-30.0,21700.0,49168000.0,39.0,215.6,2300.0,1200.0,2270.0,500.0,656249710.0,656249710.0,69824969.0,0.0,0.0,,0.0,0.0,0.0
2024-03-14,2300.0,0.0,0.0,2320.0,2270.0,2320.0,20.0,15700.0,35954000.0,34.0,217.5,2320.0,900.0,2290.0,32600.0,656249710.0,656249710.0,69824969.0,100.0,0.0,,0.0,0.0,0.0
2024-03-15,2320.0,0.0,0.0,2320.0,2290.0,2320.0,0.0,20100.0,46065000.0,12.0,217.5,2320.0,5900.0,2300.0,3300.0,656249710.0,656249710.0,69824969.0,500.0,0.0,,0.0,0.0,0.0
2024-03-18,2320.0,0.0,0.0,2330.0,2290.0,2330.0,10.0,8700.0,20056000.0,13.0,218.4,2330.0,9000.0,2310.0,100.0,656249710.0,656249710.0,69824969.0,1000.0,0.0,,0.0,0.0,0.0
2024-03-19,2330.0,0.0,0.0,2330.0,2320.0,2330.0,0.0,7000.0,16242000.0,9.0,218.4,2330.0,3400.0,2310.0,3500.0,656249710.0,656249710.0,69824969.0,100.0,0.0,,0.0,0.0,0.0
2024-03-20,2330.0,0.0,0.0,2350.0,2330.0,2340.0,10.0,17600.0,41254000.0,19.0,219.4,2340.0,1400.0,2320.0,2700.0,656249710.0,656249710.0,69824969.0,100.0,0.0,,0.0,0.0,0.0
2024-03-21,2340.0,0.0,0.0,2370.0,2320.0,2370.0,30.0,5400.0,12688000.0,12.0,222.2,2350.0,100.0,2330.0,400.0,656249710.0,656249710.0,69824969.0,0.0,0.0,,0.0,0.0,0.0
2024-03-22,2370.0,0.0,0.0,2390.0,2350.0,2390.0,20.0,15800.0,37399000.0,31.0,224.1,2390.0,2400.0,2360.0,5100.0,656249710.0,656249710.0,69824969.0,1600.0,500.0,,0.0,0.0,0.0
2024-03-25,2390.0,0.0,0.0,2410.0,2360.0,2400.0,10.0,67600.0,162093000.0,48.0,225.0,2400.0,500.0,2370.0,4900.0,656249710.0,656249710.0,69824969.0,2400.0,50000.0,,0.0,0.0,0.0
2024-03-26,2400.0,0.0,0.0,2400.0,2370.0,2380.0,-20.0,6100.0,14480000.0,15.0,223.1,2400.0,1000.0,2370.0,1200.0,656249710.0,656249710.0,69824969.0,0.0,300.0,,0.0,0.0,0.0
2024-03-27,2380.0,0.0,0.0,2400.0,2360.0,2400.0,20.0,26100.0,62499000.0,23.0,225.0,2410.0,200.0,2400.0,300.0,656249710.0,656249710.0,69824969.0,200.0,0.0,,0.0,0.0,0.0
2024-03-28,2400.0,0.0,0.0,2450.0,2260.0,2300.0,-100.0,349200.0,805376000.0,165.0,215.6,2300.0,6700.0,2290.0,10000.0,656249710.0,656249710.0,69824969.0,4500.0,229000.0,,0.0,0.0,0.0
2024-04-01,2300.0,0.0,0.0,2300.0,2140.0,2210.0,-90.0,53000.0,116889000.0,118.0,207.2,2210.0,300.0,2190.0,100.0,656249710.0,656249710.0,69824969.0,2200.0,1900.0,,0.0,0.0,0.0
2024-04-02,2210.0,0.0,0.0,2240.0,2170.0,2200.0,-10.0,21900.0,48251000.0,33.0,206.2,2210.0,13200.0,2200.0,14800.0,656249710.0,656249710.0,69824969.0,1400.0,1100.0,,0.0,0.0,0.0
2024-04-03,2200.0,0.0,0.0,2210.0,2180.0,2210.0,10.0,8600.0,18890000.0,28.0,207.2,2210.0,13800.0,2200.0,300.0,656249710.0,656249710.0,69824969.0,600.0,0.0,,0.0,0.0,0.0
2024-04-04,2210.0,0.0,0.0,2210.0,2200.0,2200.0,-10.0,11800.0,26060000.0,19.0,206.2,2210.0,300.0,2200.0,1100.0,656249710.0,656249710.0,69824969.0,900.0,0.0,,0.0,0.0,0.0
2024-04-05,2200.0,0.0,0.0,2220.0,2200.0,2200.0,0.0,9800.0,21659000.0,19.0,206.2,2220.0,400.0,2200.0,1100.0,656249710.0,656249710.0,69824969.0,1100.0,600.0,,0.0,0.0,0.0
2024-04-16,2200.0,0.0,0.0,2240.0,2170.0,2170.0,-30.0,26000.0,56857000.0,49.0,203.4,2200.0,13000.0,2170.0,4000.0,656249710.0,656249710.0,69824969.0,7200.0,0.0,,0.0,0.0,0.0
2024-04-17,2170.0,0.0,0.0,2200.0,2150.0,2150.0,-20.0,9200.0,19954000.0,17.0,201.6,2180.0,38400.0,2150.0,3700.0,656249710.0,656249710.0,69824969.0,3200.0,1500.0,,0.0,0.0,0.0
2024-04-18,2150.0,0.0,0.0,2160.0,2140.0,2140.0,-10.0,5100.0,10962000.0,15.0,200.6,2150.0,2100.0,2140.0,2900.0,656249710.0,656249710.0,69824969.0,400.0,0.0,,0.0,0.0,0.0
2024-04-19,2140.0,0.0,0.0,2160.0,2090.0,2100.0,-40.0,18800.0,39587000.0,39.0,196.9,2130.0,200.0,2100.0,1300.0,656249710.0,656249710.0,69824969.0,400.0,0.0,,0.0,0.0,0.0
2024-04-22,2100.0,0.0,0.0,2190.0,2110.0,2180.0,80.0,5100.0,10840000.0,12.0,204.4,2180.0,2000.0,2120.0,400.0,656249710.0,656249710.0,69824969.0,700.0,2900.0,,0.0,0.0,0.0
2024-04-23,2180.0,0.0,0.0,2180.0,2110.0,2170.0,-10.0,17500.0,37595000.0,25.0,203.4,2180.0,1200.0,2170.0,100.0,656249710.0,656249710.0,69824969.0,2400.0,0.0,,0.0,0.0,0.0
2024-04-24,2170.0,0.0,0.0,2180.0,2170.0,2180.0,10.0,1500.0,3261000.0,4.0,204.4,2180.0,2300.0,2150.0,100.0,656249710.0,656249710.0,69824969.0,0.0,0.0,,0.0,0.0,0.0
2024-04-25,2180.0,0.0,0.0,2180.0,2110.0,2140.0,-40.0,5900.0,12500000.0,15.0,200.6,2140.0,1400.0,2120.0,1000.0,656249710.0,656249710.0,69824969.0,0.0,0.0,,0.0,0.0,0.0
2024-04-26,2140.0,0.0,0.0,2160.0,2120.0,2130.0,-10.0,8200.0,17414000.0,19.0,199.7,2130.0,1000.0,2120.0,300.0,656249710.0,656249710.0,69824969.0,0.0,0.0,,0.0,0.0,0.0
2024-04-29,2130.0,0.0,0.0,2140.0,2120.0,2140.0,10.0,3000.0,6377000.0,10.0,200.6,2140.0,200.0,2110.0,200.0,656249710.0,656249710.0,69824969.0,0.0,0.0,,0.0,0.0,0.0
2024-04-30,2140.0,0.0,0.0,2130.0,1950.0,2100.0,-40.0,38500.0,78038500.0,49.0,196.9,2110.0,5600.0,2100.0,100.0,656249710.0,656249710.0,69824969.0,2600.0,1900.0,,0.0,0.0,0.0
2024-05-02,2100.0,0.0,0.0,2100.0,1970.0,2050.0,-50.0,5800.0,11814000.0,37.0,192.2,2050.0,800.0,2020.0,300.0,656249710.0,656249710.0,69824969.0,0.0,0.0,,0.0,0.0,0.0
2024-05-03,2050.0,0.0,0.0,2180.0,2010.0,2050.0,0.0,5300.0,10939000.0,28.0,192.2,2050.0,300.0,2040.0,100.0,656249710.0,656249710.0,69824969.0,0.0,200.0,,0.0,0.0,0.0
2024-05-06,2050.0,0.0,0.0,2100.0,2000.0,2070.0,20.0,26500.0,54021000.0,71.0,194.1,2070.0,3200.0,2050.0,200.0,656249710.0,656249710.0,69824969.0,0.0,2100.0,,0.0,0.0,0.0
2024-05-07,2070.0,0.0,0.0,2580.0,2070.0,2400.0,330.0,1175000.0,2911489000.0,1740.0,225.0,2440.0,1900.0,2400.0,41500.0,656249710.0,656249710.0,69824969.0,41900.0,64800.0,,0.0,0.0,0.0
2024-05-08,2400.0,0.0,0.0,2510.0,2310.0,2340.0,-60.0,240100.0,573774000.0,380.0,219.4,2360.0,6900.0,2340.0,18100.0,656249710.0,656249710.0,69824969.0,14600.0,5900.0,,0.0,0.0,0.0
2024-05-13,2340.0,0.0,0.0,2350.0,2120.0,2190.0,-150.0,76700.0,168548000.0,199.0,205.3,2190.0,1000.0,2180.0,1500.0,656249710.0,656249710.0,69824969.0,1900.0,400.0,,0.0,0.0,0.0
2024-05-14,2190.0,0.0,0.0,2230.0,2190.0,2230.0,40.0,39800.0,87394000.0,58.0,209.1,2230.0,2200.0,2200.0,100.0,656249710.0,656249710.0,69824969.0,200.0,1700.0,,0.0,0.0,0.0
2024-05-15,2230.0,0.0,0.0,2240.0,2210.0,2230.0,0.0,11100.0,24675000.0,42.0,209.1,2240.0,15400.0,2210.0,500.0,656249710.0,656249710.0,69824969.0,0.0,2500.0,,0.0,0.0,0.0
2024-05-16,2230.0,0.0,0.0,2230.0,2180.0,2200.0,-30.0,22300.0,49086000.0,41.0,206.2,2210.0,500.0,2200.0,200.0,656249710.0,656249710.0,69824969.0,1100.0,800.0,,0.0,0.0,0.0
2024-05-17,2200.0,0.0,0.0,2220.0,2190.0,2210.0,10.0,11200.0,24662000.0,32.0,207.2,2220.0,200.0,2200.0,2400.0,656249710.0,656249710.0,69824969.0,500.0,1900.0,,0.0,0.0,0.0
2024-05-20,2210.0,0.0,0.0,2300.0,2200.0,2280.0,70.0,30500.0,68431000.0,79.0,213.7,2280.0,2700.0,2270.0,100.0,656249710.0,656249710.0,69824969.0,1900.0,0.0,,0.0,0.0,0.0
2024-05-21,2280.0,0.0,0.0,2330.0,2280.0,2290.0,10.0,21200.0,48815000.0,66.0,214.7,2320.0,1500.0,2300.0,400.0,656249710.0,656249710.0,69824969.0,2000.0,0.0,,73.0,116508.0,1.0
2024-05-22,2290.0,0.0,0.0,2390.0,2310.0,2360.0,70.0,28400.0,66689000.0,82.0,221.2,2370.0,700.0,2360.0,800.0,656249710.0,656249710.0,69824969.0,2600.0,1200.0,,0.0,0.0,0.0
2024-05-27,2360.0,0.0,0.0,2360.0,2290.0,2350.0,-10.0,18100.0,41985000.0,58.0,220.3,2330.0,1000.0,2290.0,1700.0,656249710.0,656249710.0,69824969.0,3300.0,0.0,,0.0,0.0,0.0
2024-05-28,2350.0,0.0,0.0,2380.0,2270.0,2360.0,10.0,12400.0,28687000.0,37.0,221.2,2360.0,100.0,2320.0,500.0,656249710.0,656249710.0,69824969.0,1500.0,3800.0,,0.0,0.0,0.0
2024-05-29,2360.0,0.0,0.0,2380.0,2300.0,2350.0,-10.0,12500.0,29320000.0,33.0,220.3,2350.0,400.0,2330.0,4000.0,656249710.0,656249710.0,69824969.0,2500.0,1200.0,,0.0,0.0,0.0
2024-05-30,2350.0,0.0,0.0,2350.0,2280.0,2350.0,0.0,8600.0,19990000.0,20.0,220.3,2340.0,200.0,2310.0,900.0,656249710.0,656249710.0,69824969.0,500.0,0.0,,0.0,0.0,0.0
2024-05-31,2350.0,0.0,0.0,2350.0,2290.0,2340.0,-10.0,3800.0,8745000.0,13.0,219.4,2340.0,200.0,2290.0,3200.0,656249710.0,656249710.0,69824969.0,300.0,600.0,,0.0,0.0,0.0
2024-06-03,2340.0,0.0,0.0,2380.0,2330.0,2350.0,10.0,26300.0,61554000.0,24.0,220.3,2350.0,1900.0,2330.0,4300.0,656249710.0,656249710.0,69824969.0,500.0,500.0,,0.0,0.0,0.0
2024-06-04,2350.0,0.0,0.0,2350.0,2320.0,2340.0,-10.0,3300.0,7711000.0,14.0,219.4,2340.0,2600.0,2330.0,100.0,656249710.0,656249710.0,69824969.0,200.0,0.0,,0.0,0.0,0.0
2024-06-05,2340.0,0.0,0.0,2430.0,2310.0,2310.0,-30.0,56700.0,133570000.0,61.0,216.6,2330.0,1000.0,2310.0,300.0,656249710.0,656249710.0,69824969.0,500.0,1800.0,,25.0,57750.0,1.0
2024-06-06,2310.0,0.0,0.0,2350.0,2320.0,2340.0,30.0,27400.0,63796000.0,15.0,219.4,2340.0,1200.0,2320.0,500.0,656249710.0,656249710.0,69824969.0,0.0,0.0,,0.0,0.0,0.0
2024-06-07,2340.0,0.0,0.0,2400.0,2310.0,2320.0,-20.0,12700.0,29590000.0,26.0,217.5,2320.0,1300.0,2310.0,3700.0,656249710.0,656249710.0,69824969.0,600.0,0.0,,0.0,0.0,0.0
2024-06-10,2320.0,0.0,0.0,2380.0,2320.0,2330.0,10.0,30000.0,69951000.0,26.0,218.4,2330.0,10500.0,2320.0,20100.0,656249710.0,656249710.0,69824969.0,0.0,0.0,,0.0,0.0,0.0
2024-06-11,2330.0,0.0,0.0,2430.0,2330.0,2370.0,40.0,19200.0,45314000.0,33.0,222.2,2370.0,18900.0,2340.0,7300.0,656249710.0,656249710.0,69824969.0,300.0,0.0,,0.0,0.0,0.0
2024-06-12,2370.0,0.0,0.0,2430.0,2330.0,2400.0,30.0,21300.0,50050000.0,29.0,225.0,2400.0,20700.0,2330.0,100.0,656249710.0,656249710.0,69824969.0,500.0,0.0,,0.0,0.0,0.0
2024-06-13,2400.0,0.0,0.0,2400.0,2210.0,2210.0,-190.0,63500.0,142168000.0,152.0,207.2,2260.0,3400.0,2210.0,600.0,656249710.0,656249710.0,69824969.0,1600.0,900.0,,0.0,0.0,0.0
2024-06-14,2210.0,0.0,0.0,2260.0,2170.0,2170.0,-40.0,10300.0,22618000.0,39.0,203.4,2200.0,100.0,2170.0,900.0,656249710.0,656249710.0,69824969.0,900.0,100.0,,0.0,0.0,0.0
2024-06-19,2170.0,0.0,0.0,2290.0,2170.0,2290.0,120.0,158400.0,353096000.0,52.0,214.7,2340.0,700.0,2290.0,65200.0,656249710.0,656249710.0,69824969.0,14900.0,6100.0,,0.0,0.0,0.0
2024-06-20,2290.0,0.0,0.0,2420.0,2290.0,2400.0,110.0,60600.0,143797000.0,103.0,225.0,2420.0,93900.0,2330.0,100.0,656249710.0,656249710.0,69824969.0,0.0,1400.0,,0.0,0.0,0.0
2024-06-21,2400.0,0.0,0.0,2720.0,2410.0,2720.0,320.0,417400.0,1070124000.0,248.0,255.0,2740.0,300.0,2720.0,500.0,656249710.0,656249710.0,69824969.0,8300.0,17500.0,,0.0,0.0,0.0
2024-06-24,2720.0,0.0,0.0,2950.0,2600.0,2800.0,80.0,542500.0,1496608000.0,295.0,262.5,2850.0,5000.0,2800.0,182700.0,656249710.0,656249710.0,69824969.0,19100.0,20500.0,,0.0,0.0,0.0
2024-06-25,2800.0,0.0,0.0,3180.0,2740.0,3180.0,380.0,582100.0,1760109000.0,294.0,298.1,3180.0,4700.0,3100.0,32400.0,656249710.0,656249710.0,69824969.0,16000.0,18100.0,,0.0,0.0,0.0
2024-06-26,3180.0,0.0,0.0,3330.0,3170.0,3290.0,110.0,834300.0,2736796000.0,341.0,308.4,3290.0,20600.0,3280.0,300.0,656249710.0,656249710.0,69824969.0,22800.0,34600.0,,0.0,0.0,0.0
2024-06-27,3290.0,0.0,0.0,3800.0,3110.0,3800.0,510.0,892400.0,2980414000.0,312.0,356.2,3800.0,5100.0,3600.0,5000.0,656249710.0,656249710.0,69824969.0,31600.0,19200.0,,0.0,0.0,0.0
2024-06-28,3800.0,0.0,0.0,3800.0,3400.0,3550.0,-250.0,927100.0,3351275000.0,423.0,332.8,3550.0,8400.0,3540.0,100.0,656249710.0,656249710.0,69824969.0,32500.0,31300.0,,5990000.0,22462500000.0,2.0
2024-07-01,3550.0,0.0,0.0,3550.0,3380.0,3440.0,-110.0,484100.0,1670556000.0,268.0,322.5,3440.0,31900.0,3400.0,2500.0,656249710.0,656249710.0,69824969.0,18300.0,6600.0,,0.0,0.0,0.0
2024-07-02,3440.0,0.0,0.0,3430.0,3260.0,3310.0,-130.0,464200.0,1544357000.0,209.0,310.3,3320.0,12900.0,3310.0,31800.0,656249710.0,656249710.0,69824969.0,0.0,1700.0,,0.0,0.0,0.0
2024-07-03,3310.0,0.0,0.0,3390.0,3210.0,3360.0,50.0,1176800.0,3917488000.0,299.0,315.0,3360.0,8500.0,3300.0,16200.0,656249710.0,656249710.0,69824969.0,7700.0,0.0,,0.0,0.0,0.0
2024-07-04,336.0,0.0,0.0,348.0,310.0,338.0,2.0,6134400.0,2071647800.0,667.0,316.9,338.0,65300.0,336.0,50100.0,6562497100.0,6562497100.0,698249690.0,4000.0,4000.0,,0.0,0.0,0.0
2024-07-05,338.0,0.0,0.0,340.0,328.0,328.0,-10.0,3771700.0,1267797000.0,444.0,307.5,330.0,102000.0,328.0,6100.0,6562497100.0,6562497100.0,698249690.0,1300.0,4900.0,,0.0,0.0,0.0
2024-07-08,328.0,0.0,0.0,336.0,294.0,324.0,-4.0,8227300.0,2651566200.0,741.0,303.7,330.0,10100.0,324.0,76700.0,6562497100.0,6562497100.0,698249690.0,4900.0,65100.0,,0.0,0.0,0.0
2024-07-09,324.0,0.0,0.0,332.0,320.0,328.0,4.0,5234300.0,1709110200.0,478.0,307.5,328.0,4800.0,326.0,20500.0,6562497100.0,6562497100.0,698249690.0,1300.0,22500.0,,0.0,0.0,0.0
2024-07-10,328.0,0.0,0.0,340.0,328.0,330.0,2.0,3272500.0,1088487200.0,315.0,309.4,332.0,88000.0,330.0,6600.0,6562497100.0,6562497100.0,698249690.0,0.0,7300.0,,0.0,0.0,0.0
2024-07-11,330.0,0.0,0.0,332.0,324.0,326.0,-4.0,3018600.0,989214400.0,581.0,305.6,326.0,44100.0,324.0,36600.0,6562497100.0,6562497100.0,698249690.0,5000.0,5000.0,,0.0,0.0,0.0
2024-07-12,326.0,0.0,0.0,326.0,316.0,316.0,-10.0,3356800.0,1074117800.0,503.0,296.2,320.0,15100.0,316.0,336700.0,6562497100.0,6562497100.0,698249690.0,5000.0,7800.0,,0.0,0.0,0.0
2024-07-15,316.0,0.0,0.0,318.0,304.0,304.0,-12.0,3020900.0,933468800.0,529.0,285.0,306.0,299600.0,304.0,3500.0,6562497100.0,6562497100.0,698249690.0,21100.0,2400.0,,0.0,0.0,0.0
2024-07-16,304.0,0.0,0.0,304.0,294.0,304.0,0.0,2637000.0,792678800.0,274.0,285.0,304.0,7600.0,302.0,1000.0,6562497100.0,6562497100.0,698249690.0,25500.0,3900.0,,0.0,0.0,0.0
2024-07-17,304.0,0.0,0.0,314.0,300.0,312.0,8.0,6485800.0,1987769400.0,244.0,292.5,314.0,249100.0,308.0,40000.0,6562497100.0,6562497100.0,698249690.0,8300.0,0.0,,0.0,0.0,0.0
2024-07-18,312.0,0.0,0.0,346.0,312.0,338.0,26.0,12957600.0,4333738000.0,1430.0,316.9,340.0,96500.0,338.0,8100.0,6562497100.0,6562497100.0,698249690.0,86500.0,0.0,,0.0,0.0,0.0
2024-07-19,338.0,0.0,0.0,342.0,326.0,332.0,-6.0,2974200.0,987780800.0,456.0,311.2,332.0,65500.0,330.0,40400.0,6562497100.0,6562497100.0,698249690.0,0.0,0.0,,0.0,0.0,0.0
2024-07-22,332.0,0.0,0.0,332.0,322.0,326.0,-6.0,2099000.0,686189200.0,396.0,305.6,326.0,120800.0,324.0,50400.0,6562497100.0,6562497100.0,698249690.0,27900.0,138900.0,,0.0,0.0,0.0
2024-07-23,326.0,0.0,0.0,326.0,318.0,320.0,-6.0,1660600.0,536093800.0,293.0,300.0,320.0,19500.0,318.0,51500.0,6562497100.0,6562497100.0,698249690.0,20800.0,76800.0,,0.0,0.0,0.0
2024-07-24,320.0,0.0,0.0,320.0,310.0,314.0,-6.0,1370200.0,432949800.0,271.0,294.4,316.0,454700.0,314.0,38200.0,6562497100.0,6562497100.0,698249690.0,31200.0,212500.0,,0.0,0.0,0.0
2024-07-25,314.0,0.0,0.0,314.0,304.0,312.0,-2.0,312200.0,96959000.0,144.0,292.5,314.0,1037700.0,312.0,12100.0,6562497100.0,6562497100.0,698249690.0,71000.0,23300.0,,0.0,0.0,0.0
2024-07-26,312.0,0.0,0.0,314.0,310.0,312.0,0.0,100200.0,31185200.0,84.0,292.5,314.0,593800.0,312.0,33100.0,6562497100.0,6562497100.0,698249690.0,0.0,300.0,,0.0,0.0,0.0
2024-07-29,312.0,0.0,0.0,314.0,304.0,308.0,-4.0,1020600.0,318401800.0,216.0,288.7,310.0,28200.0,308.0,6900.0,6562497100.0,6562497100.0,698249690.0,138400.0,0.0,,0.0,0.0,0.0
2024-07-30,308.0,0.0,0.0,312.0,306.0,310.0,2.0,203800.0,63282800.0,136.0,290.6,312.0,79100.0,308.0,500.0,6562497100.0,6562497100.0,698249690.0,28000.0,0.0,,0.0,0.0,0.0
2024-07-31,310.0,0.0,0.0,314.0,304.0,308.0,-2.0,194700.0,59995000.0,125.0,288.7,308.0,23500.0,306.0,11800.0,6562497100.0,6562497100.0,698249690.0,5500.0,0.0,,0.0,0.0,0.0
2024-08-01,308.0,0.0,0.0,308.0,298.0,304.0,-4.0,256400.0,77616800.0,165.0,285.0,304.0,900.0,302.0,13400.0,6562497100.0,6562497100.0,698249690.0,5600.0,1400.0,,0.0,0.0,0.0
2024-08-02,304.0,0.0,0.0,308.0,276.0,290.0,-14.0,1489300.0,426756800.0,585.0,271.9,290.0,42400.0,288.0,29500.0,6562497100.0,6562497100.0,698249690.0,10700.0,36600.0,,0.0,0.0,0.0
2024-08-05,290.0,0.0,0.0,294.0,260.0,270.0,-20.0,1012700.0,280205600.0,404.0,253.1,270.0,29800.0,266.0,13600.0,6562497100.0,6562497100.0,698249690.0,66600.0,15400.0,,0.0,0.0,0.0
2024-08-06,270.0,0.0,0.0,278.0,260.0,268.0,-2.0,285700.0,76246600.0,202.0,251.2,270.0,12800.0,266.0,1500.0,6562497100.0,6562497100.0,698249690.0,0.0,1000.0,,0.0,0.0,0.0
2024-08-07,268.0,0.0,0.0,280.0,264.0,268.0,0.0,304000.0,81698200.0,140.0,251.2,270.0,17900.0,268.0,1300.0,6562497100.0,6562497100.0,698249690.0,0.0,0.0,,0.0,0.0,0.0
2024-08-08,268.0,0.0,0.0,272.0,260.0,270.0,2.0,261200.0,69488400.0,176.0,253.1,270.0,63100.0,266.0,8600.0,6562497100.0,6562497100.0,698249690.0,0.0,2000.0,,0.0,0.0,0.0
2024-08-09,270.0,0.0,0.0,272.0,262.0,266.0,-4.0,91000.0,24152600.0,105.0,249.4,268.0,46200.0,266.0,300.0,6562497100.0,6562497100.0,698249690.0,4000.0,0.0,,0.0,0.0,0.0
2024-08-12,266.0,0.0,0.0,270.0,262.0,264.0,-2.0,279000.0,73911800.0,142.0,247.5,266.0,212500.0,264.0,11600.0,6562497100.0,6562497100.0,698249690.0,0.0,0.0,,0.0,0.0,0.0
2024-08-13,264.0,0.0,0.0,268.0,262.0,266.0,2.0,238200.0,63072800.0,88.0,249.4,266.0,129700.0,264.0,112500.0,6562497100.0,6562497100.0,698249690.0,13100.0,0.0,,0.0,0.0,0.0
2024-08-14,266.0,0.0,0.0,274.0,266.0,274.0,8.0,378000.0,102179600.0,133.0,256.9,274.0,69400.0,272.0,5400.0,6562497100.0,6562497100.0,698249690.0,0.0,0.0,,0.0,0.0,0.0
2024-08-15,274.0,0.0,0.0,306.0,272.0,296.0,22.0,1496100.0,434263200.0,458.0,277.5,296.0,8600.0,290.0,1100.0,6562497100.0,6562497100.0,698249690.0,48800.0,48000.0,,0.0,0.0,0.0
2024-08-16,296.0,0.0,0.0,300.0,290.0,294.0,-2.0,675600.0,200467400.0,190.0,275.6,296.0,10000.0,294.0,1000.0,6562497100.0,6562497100.0,698249690.0,42800.0,0.0,,0.0,0.0,0.0
2024-08-19,294.0,0.0,0.0,308.0,294.0,304.0,10.0,787800.0,237367000.0,247.0,285.0,306.0,13800.0,304.0,1800.0,6562497100.0,6562497100.0,698249690.0,2300.0,263400.0,,0.0,0.0,0.0
2024-08-20,304.0,0.0,0.0,306.0,300.0,302.0,-2.0,286300.0,86392000.0,140.0,283.1,304.0,53900.0,302.0,300.0,6562497100.0,6562497100.0,698249690.0,15500.0,0.0,,0.0,0.0,0.0
2024-08-21,302.0,0.0,0.0,304.0,296.0,300.0,-2.0,445400.0,133322600.0,152.0,281.2,300.0,74900.0,298.0,56300.0,6562497100.0,6562497100.0,698249690.0,0.0,0.0,,0.0,0.0,0.0
2024-08-22,300.0,0.0,0.0,300.0,294.0,296.0,-4.0,363600.0,107715800.0,172.0,277.5,300.0,24500.0,296.0,1000.0,6562497100.0,6562497100.0,698249690.0,0.0,0.0,,0.0,0.0,0.0
2024-08-23,296.0,0.0,0.0,300.0,296.0,300.0,4.0,136700.0,40885400.0,65.0,281.2,300.0,386200.0,298.0,82100.0,6562497100.0,6562497100.0,698249690.0,0.0,1300.0,,0.0,0.0,0.0
2024-08-26,300.0,0.0,0.0,320.0,298.0,300.0,0.0,307800.0,92528000.0,115.0,281.2,302.0,26100.0,298.0,47700.0,6562497100.0,6562497100.0,698249690.0,0.0,0.0,,0.0,0.0,0.0
2024-08-27,300.0,0.0,0.0,306.0,292.0,298.0,-2.0,688300.0,203858800.0,154.0,279.4,300.0,194700.0,298.0,12100.0,6562497100.0,6562497100.0,698249690.0,500.0,0.0,,0.0,0.0,0.0
2024-08-28,298.0,0.0,0.0,300.0,294.0,296.0,-2.0,186200.0,55300200.0,142.0,277.5,298.0,86400.0,296.0,500.0,6562497100.0,6562497100.0,698249690.0,24800.0,0.0,,0.0,0.0,0.0
2024-08-29,296.0,0.0,0.0,302.0,290.0,292.0,-4.0,341900.0,100537800.0,189.0,273.7,294.0,13000.0,292.0,19200.0,6562497100.0,6562497100.0,698249690.0,69800.0,0.0,,0.0,0.0,0.0
2024-08-30,292.0,0.0,0.0,298.0,292.0,298.0,6.0,68500.0,20302000.0,75.0,279.4,298.0,155700.0,296.0,3900.0,6562497100.0,6562497100.0,698249690.0,27200.0,0.0,,0.0,0.0,0.0
2024-09-02,298.0,0.0,0.0,300.0,296.0,298.0,0.0,161200.0,47854600.0,111.0,279.4,298.0,119500.0,296.0,39500.0,6562497100.0,6562497100.0,698249690.0,300.0,0.0,,0.0,0.0,0.0
2024-09-03,298.0,0.0,0.0,300.0,290.0,298.0,0.0,546200.0,161222400.0,161.0,279.4,296.0,20000.0,292.0,5000.0,6562497100.0,6562497100.0,698249690.0,100.0,0.0,,0.0,0.0,0.0
2024-09-04,298.0,0.0,0.0,298.0,286.0,296.0,-2.0,826400.0,242435200.0,195.0,277.5,298.0,8400.0,296.0,106300.0,6562497100.0,6562497100.0,698249690.0,0.0,500.0,,0.0,0.0,0.0
2024-09-05,296.0,0.0,0.0,296.0,292.0,294.0,-2.0,259100.0,76543800.0,90.0,275.6,294.0,22200.0,292.0,42500.0,6562497100.0,6562497100.0,698249690.0,0.0,0.0,,0.0,0.0,0.0
2024-09-06,294.0,0.0,0.0,304.0,292.0,300.0,6.0,492100.0,146882600.0,151.0,281.2,300.0,346800.0,298.0,64100.0,6562497100.0,6562497100.0,698249690.0,71200.0,30000.0,,0.0,0.0,0.0
2024-09-09,300.0,0.0,0.0,302.0,294.0,296.0,-4.0,299900.0,89219000.0,152.0,277.5,300.0,74200.0,296.0,19400.0,6562497100.0,6562497100.0,698249690.0,0.0,0.0,,0.0,0.0,0.0
2024-09-10,296.0,0.0,0.0,298.0,292.0,298.0,2.0,77000.0,22783400.0,82.0,279.4,298.0,61000.0,296.0,1800.0,6562497100.0,6562497100.0,698249690.0,0.0,0.0,,0.0,0.0,0.0
2024-09-11,298.0,0.0,0.0,298.0,294.0,296.0,-2.0,174700.0,51677200.0,96.0,277.5,296.0,100.0,294.0,241400.0,6562497100.0,6562497100.0,698249690.0,0.0,0.0,,0.0,0.0,0.0
2024-09-12,296.0,0.0,0.0,300.0,292.0,296.0,0.0,354500.0,104605600.0,116.0,277.5,298.0,61900.0,296.0,1600.0,6562497100.0,6562497100.0,698249690.0,0.0,69500.0,,0.0,0.0,0.0
2024-09-13,296.0,0.0,0.0,300.0,294.0,298.0,2.0,220000.0,65627800.0,117.0,279.4,298.0,9000.0,296.0,37700.0,6562497100.0,6562497100.0,698249690.0,30800.0,1400.0,,0.0,0.0,0.0
2024-09-17,298.0,0.0,0.0,302.0,296.0,300.0,2.0,231700.0,69448000.0,111.0,281.2,300.0,260900.0,298.0,85500.0,6562497100.0,6562497100.0,698249690.0,0.0,0.0,,0.0,0.0,0.0
2024-09-18,300.0,0.0,0.0,302.0,294.0,296.0,-4.0,623300.0,184916400.0,147.0,277.5,298.0,53000.0,296.0,10000.0,6562497100.0,6562497100.0,698249690.0,0.0,0.0,,0.0,0.0,0.0
2024-09-19,296.0,0.0,0.0,300.0,296.0,298.0,2.0,134900.0,40189600.0,94.0,279.4,298.0,300.0,296.0,63700.0,6562497100.0,6562497100.0,698249690.0,0.0,400.0,,0.0,0.0,0.0
2024-09-20,298.0,0.0,0.0,300.0,296.0,296.0,-2.0,128800.0,38343400.0,84.0,277.5,298.0,173600.0,296.0,52000.0,6562497100.0,6562497100.0,698249690.0,0.0,0.0,,0.0,0.0,0.0
2024-09-23,296.0,0.0,0.0,300.0,296.0,296.0,0.0,148500.0,44107800.0,90.0,277.5,298.0,187700.0,296.0,78200.0,6562497100.0,6562497100.0,698249690.0,0.0,1700.0,,0.0,0.0,0.0
2024-09-24,296.0,0.0,0.0,298.0,292.0,296.0,0.0,860400.0,252827400.0,236.0,277.5,296.0,22600.0,292.0,57100.0,6562497100.0,6562497100.0,698249690.0,40800.0,2500.0,,0.0,0.0,0.0
2024-09-25,296.0,0.0,0.0,302.0,286.0,292.0,-4.0,865600.0,249885600.0,352.0,273.7,292.0,62300.0,290.0,10000.0,6562497100.0,6562497100.0,698249690.0,0.0,34500.0,,0.0,0.0,0.0
2024-09-26,292.0,0.0,0.0,296.0,288.0,292.0,0.0,337900.0,98637600.0,159.0,273.7,294.0,97500.0,292.0,11400.0,6562497100.0,6562497100.0,698249690.0,24100.0,6900.0,,0.0,0.0,0.0
2024-09-27,292.0,0.0,0.0,304.0,288.0,294.0,2.0,272700.0,79685600.0,105.0,275.6,294.0,63000.0,292.0,7700.0,6562497100.0,6562497100.0,698249690.0,0.0,0.0,,0.0,0.0,0.0
2024-09-30,294.0,0.0,0.0,294.0,284.0,288.0,-6.0,1063700.0,307246000.0,239.0,270.0,290.0,28200.0,288.0,98000.0,6562497100.0,6562497100.0,698249690.0,0.0,0.0,,0.0,0.0,0.0
2024-10-01,288.0,0.0,0.0,292.0,286.0,290.0,2.0,241000.0,69628200.0,121.0,271.9,290.0,630600.0,288.0,40500.0,6562497100.0,6562497100.0,729749678.0,0.0,0.0,,0.0,0.0,0.0
2024-10-02,290.0,0.0,0.0,292.0,286.0,286.0,-4.0,351100.0,100982400.0,129.0,268.1,288.0,44900.0,286.0,97600.0,6562497100.0,6562497100.0,729749678.0,32400.0,0.0,,0.0,0.0,0.0
2024-10-03,286.0,0.0,0.0,310.0,284.0,292.0,6.0,534800.0,154669600.0,126.0,273.7,294.0,73500.0,292.0,10500.0,6562497100.0,6562497100.0,729749678.0,0.0,101300.0,,0.0,0.0,0.0
2024-10-04,292.0,0.0,0.0,294.0,288.0,288.0,-4.0,166700.0,48455000.0,79.0,270.0,290.0,18400.0,288.0,117100.0,6562497100.0,6562497100.0,729749678.0,19900.0,0.0,,500.0,145000.0,1.0
2024-10-07,288.0,0.0,0.0,292.0,290.0,290.0,2.0,136000.0,39565800.0,70.0,271.9,292.0,76600.0,290.0,13100.0,6562497100.0,6562497100.0,729749678.0,15700.0,0.0,,0.0,0.0,0.0
2024-10-08,290.0,0.0,0.0,292.0,286.0,288.0,-2.0,181800.0,52498600.0,99.0,270.0,290.0,30800.0,288.0,80500.0,6562497100.0,6562497100.0,729749678.0,0.0,0.0,,0.0,0.0,0.0
2024-10-09,288.0,0.0,0.0,292.0,288.0,292.0,4.0,112300.0,32541400.0,63.0,273.7,292.0,82900.0,290.0,57000.0,6562497100.0,6562497100.0,729749678.0,0.0,0.0,,0.0,0.0,0.0
2024-10-10,292.0,0.0,0.0,294.0,290.0,290.0,-2.0,114900.0,33539200.0,87.0,271.9,292.0,87500.0,290.0,42100.0,6562497100.0,6562497100.0,729749678.0,1400.0,0.0,,0.0,0.0,0.0
2024-10-11,290.0,0.0,0.0,294.0,290.0,292.0,2.0,51100.0,14917800.0,45.0,273.7,292.0,66400.0,290.0,55700.0,6562497100.0,6562497100.0,729749678.0,10500.0,0.0,,0.0,0.0,0.0
2024-10-14,292.0,0.0,0.0,292.0,290.0,292.0,0.0,69900.0,20323800.0,88.0,273.7,292.0,44400.0,290.0,283400.0,6562497100.0,6562497100.0,729749678.0,0.0,0.0,,0.0,0.0,0.0
2024-10-15,292.0,0.0,0.0,294.0,288.0,292.0,0.0,313700.0,91434400.0,140.0,273.7,292.0,38100.0,288.0,159600.0,6562497100.0,6562497100.0,729749678.0,17200.0,0.0,,0.0,0.0,0.0
2024-10-16,292.0,0.0,0.0,292.0,288.0,292.0,0.0,75500.0,21946800.0,82.0,273.7,292.0,29900.0,290.0,34300.0,6562497100.0,6562497100.0,729749678.0,0.0,0.0,,0.0,0.0,0.0
2024-10-17,292.0,0.0,0.0,294.0,290.0,292.0,0.0,227400.0,66641200.0,96.0,273.7,294.0,71600.0,292.0,28100.0,6562497100.0,6562497100.0,729749678.0,0.0,0.0,,0.0,0.0,0.0
2024-10-18,292.0,0.0,0.0,294.0,290.0,292.0,0.0,154200.0,45230800.0,84.0,273.7,294.0,97900.0,292.0,23100.0,6562497100.0,6562497100.0,729749678.0,11700.0,0.0,,0.0,0.0,0.0
2024-10-21,292.0,0.0,0.0,294.0,290.0,292.0,0.0,398900.0,116599800.0,99.0,273.7,294.0,161100.0,292.0,167600.0,6562497100.0,6562497100.0,729749678.0,0.0,300000.0,,0.0,0.0,0.0
2024-10-22,292.0,0.0,0.0,294.0,290.0,292.0,0.0,194800.0,56925200.0,112.0,273.7,292.0,34500.0,290.0,173100.0,6562497100.0,6562497100.0,729749678.0,0.0,0.0,,0.0,0.0,0.0
2024-10-23,292.0,0.0,0.0,294.0,288.0,290.0,-2.0,407700.0,118496400.0,139.0,271.9,290.0,270200.0,288.0,79100.0,6562497100.0,6562497100.0,729749678.0,19600.0,28700.0,,0.0,0.0,0.0
2024-10-24,290.0,0.0,0.0,292.0,286.0,290.0,0.0,359200.0,103543200.0,151.0,271.9,290.0,6800.0,288.0,6800.0,6562497100.0,6562497100.0,729749678.0,0.0,1700.0,,0.0,0.0,0.0
2024-10-25,290.0,0.0,0.0,290.0,288.0,290.0,0.0,61700.0,17806600.0,63.0,271.9,290.0,72300.0,288.0,31200.0,6562497100.0,6562497100.0,729749678.0,0.0,300.0,,0.0,0.0,0.0
2024-10-28,290.0,0.0,0.0,292.0,286.0,290.0,0.0,275400.0,79967600.0,117.0,271.9,290.0,900.0,288.0,61100.0,6562497100.0,6562497100.0,729749678.0,19900.0,0.0,,0.0,0.0,0.0
2024-10-29,290.0,0.0,0.0,292.0,288.0,288.0,-2.0,93700.0,27128200.0,69.0,270.0,290.0,34300.0,288.0,73000.0,6562497100.0,6562497100.0,729749678.0,15700.0,0.0,,0.0,0.0,0.0
2024-10-30,288.0,0.0,0.0,292.0,282.0,288.0,0.0,180000.0,51903600.0,105.0,270.0,290.0,3700.0,288.0,20000.0,6562497100.0,6562497100.0,729749678.0,17200.0,0.0,,0.0,0.0,0.0
2024-10-31,288.0,0.0,0.0,290.0,284.0,288.0,0.0,238900.0,68597000.0,100.0,270.0,290.0,157800.0,288.0,1100.0,6562497100.0,6562497100.0,729749678.0,0.0,0.0,,0.0,0.0,0.0
2024-11-01,288.0,0.0,0.0,292.0,284.0,288.0,0.0,204900.0,59340400.0,56.0,270.0,290.0,37000.0,288.0,33600.0,6562497100.0,6562497100.0,729749678.0,13600.0,1300.0,,0.0,0.0,0.0
2024-11-04,288.0,0.0,0.0,290.0,288.0,288.0,0.0,121300.0,35008000.0,84.0,270.0,290.0,120700.0,288.0,10800.0,6562497100.0,6562497100.0,729749678.0,2700.0,0.0,,0.0,0.0,0.0
2024-11-05,288.0,0.0,0.0,290.0,286.0,286.0,-2.0,124700.0,35836800.0,108.0,268.1,288.0,4100.0,286.0,497600.0,6562497100.0,6562497100.0,729749678.0,500.0,0.0,,0.0,0.0,0.0
2024-11-06,286.0,0.0,0.0,290.0,286.0,288.0,2.0,122700.0,35216200.0,48.0,270.0,288.0,219600.0,286.0,453800.0,6562497100.0,6562497100.0,729749678.0,600.0,0.0,,0.0,0.0,0.0
2024-11-07,288.0,0.0,0.0,288.0,286.0,288.0,0.0,256700.0,73505200.0,52.0,270.0,288.0,191700.0,286.0,213100.0,6562497100.0,6562497100.0,729749678.0,200.0,0.0,,0.0,0.0,0.0
2024-11-08,288.0,0.0,0.0,288.0,286.0,288.0,0.0,294000.0,84250400.0,63.0,270.0,288.0,257700.0,286.0,5100.0,6562497100.0,6562497100.0,729749678.0,91500.0,0.0,,0.0,0.0,0.0
2024-11-11,288.0,0.0,0.0,288.0,276.0,282.0,-6.0,201300.0,56840400.0,131.0,264.4,282.0,14500.0,280.0,48300.0,6562497100.0,6562497100.0,729749678.0,0.0,50000.0,,0.0,0.0,0.0
2024-11-12,282.0,0.0,0.0,284.0,274.0,274.0,-8.0,241400.0,67399400.0,161.0,256.9,278.0,900.0,274.0,53100.0,6562497100.0,6562497100.0,729749678.0,0.0,59400.0,,0.0,0.0,0.0
2024-11-13,274.0,0.0,0.0,284.0,278.0,280.0,6.0,40600.0,11347400.0,54.0,262.5,280.0,7800.0,278.0,44500.0,6562497100.0,6562497100.0,729749678.0,9000.0,500.0,,0.0,0.0,0.0
2024-11-14,280.0,0.0,0.0,280.0,278.0,278.0,-2.0,105500.0,29340400.0,56.0,260.6,278.0,700.0,276.0,72800.0,6562497100.0,6562497100.0,729749678.0,0.0,0.0,,0.0,0.0,0.0
2024-11-15,278.0,0.0,0.0,280.0,276.0,278.0,0.0,110700.0,30579800.0,63.0,260.6,278.0,17500.0,276.0,51100.0,6562497100.0,6562497100.0,729749678.0,0.0,0.0,,0.0,0.0,0.0
2024-11-18,278.0,0.0,0.0,278.0,274.0,274.0,-4.0,145300.0,39985200.0,59.0,256.9,278.0,64900.0,274.0,25000.0,6562497100.0,6562497100.0,729749678.0,800.0,0.0,,0.0,0.0,0.0
2024-11-19,274.0,0.0,0.0,276.0,268.0,270.0,-4.0,105200.0,28485600.0,123.0,253.1,272.0,76200.0,268.0,34200.0,6562497100.0,6562497100.0,729749678.0,0.0,0.0,,0.0,0.0,0.0
2024-11-20,270.0,0.0,0.0,268.0,256.0,258.0,-12.0,974000.0,251469400.0,266.0,241.9,260.0,10000.0,258.0,61700.0,6562497100.0,6562497100.0,729749678.0,35400.0,0.0,,0.0,0.0,0.0
2024-11-21,258.0,0.0,0.0,264.0,256.0,258.0,0.0,108800.0,28175400.0,120.0,241.9,260.0,5000.0,258.0,10000.0,6562497100.0,6562497100.0,729749678.0,8300.0,0.0,,0.0,0.0,0.0
2024-11-22,258.0,0.0,0.0,258.0,250.0,254.0,-4.0,562100.0,142735800.0,163.0,238.1,254.0,2200.0,250.0,20200.0,6562497100.0,6562497100.0,729749678.0,0.0,0.0,,0.0,0.0,0.0
2024-11-25,254.0,0.0,0.0,262.0,252.0,260.0,6.0,179700.0,46020400.0,89.0,243.7,260.0,6900.0,258.0,7100.0,6562497100.0,6562497100.0,729749678.0,300.0,14200.0,,0.0,0.0,0.0
2024-11-26,260.0,0.0,0.0,296.0,254.0,256.0,-4.0,111200.0,28968400.0,97.0,240.0,256.0,8700.0,254.0,126000.0,6562497100.0,6562497100.0,729749678.0,9800.0,21200.0,,0.0,0.0,0.0
2024-11-28,256.0,0.0,0.0,260.0,240.0,244.0,-12.0,814800.0,197972000.0,236.0,228.7,246.0,21300.0,244.0,38900.0,6562497100.0,6562497100.0,729749678.0,27300.0,231100.0,,0.0,0.0,0.0
2024-11-29,244.0,0.0,0.0,248.0,244.0,248.0,4.0,174900.0,43138400.0,91.0,232.5,248.0,137500.0,244.0,13100.0,6562497100.0,6562497100.0,729749678.0,49300.0,0.0,,0.0,0.0,0.0
2024-12-02,248.0,0.0,0.0,248.0,220.0,244.0,-4.0,125100.0,30731800.0,115.0,228.7,246.0,900.0,244.0,6200.0,6562497100.0,6562497100.0,729749678.0,38200.0,0.0,,0.0,0.0,0.0
2024-12-03,244.0,0.0,0.0,300.0,224.0,240.0,-4.0,249700.0,60102600.0,126.0,225.0,242.0,41800.0,240.0,15300.0,6562497100.0,6562497100.0,729749678.0,102600.0,0.0,,0.0,0.0,0.0
2024-12-04,240.0,0.0,0.0,252.0,242.0,244.0,4.0,86200.0,21296200.0,73.0,228.7,248.0,72800.0,244.0,15500.0,6562497100.0,6562497100.0,729749678.0,6900.0,10000.0,,0.0,0.0,0.0
2024-12-05,244.0,0.0,0.0,248.0,242.0,246.0,2.0,95600.0,23257000.0,79.0,230.6,246.0,11900.0,244.0,107500.0,6562497100.0,6562497100.0,729749678.0,0.0,0.0,,0.0,0.0,0.0
2024-12-06,246.0,0.0,0.0,250.0,246.0,248.0,2.0,159400.0,39548000.0,59.0,232.5,250.0,104200.0,248.0,8900.0,6562497100.0,6562497100.0,729749678.0,33100.0,700.0,,0.0,0.0,0.0
2024-12-09,248.0,0.0,0.0,250.0,246.0,250.0,2.0,107800.0,26775400.0,76.0,234.4,250.0,102600.0,248.0,14300.0,6562497100.0,6562497100.0,729749678.0,0.0,0.0,,0.0,0.0,0.0
2024-12-10,250.0,0.0,0.0,250.0,246.0,250.0,0.0,114500.0,28523400.0,62.0,234.4,250.0,57600.0,248.0,9600.0,6562497100.0,6562497100.0,729749678.0,0.0,0.0,,0.0,0.0,0.0
2024-12-11,250.0,250.0,248.0,254.0,248.0,250.0,0.0,332900.0,83514000.0,74.0,234.4,252.0,1600.0,250.0,600.0,6562497100.0,6562497100.0,729749678.0,0.0,101300.0,,0.0,0.0,0.0
2024-12-12,250.0,252.0,252.0,252.0,240.0,250.0,0.0,125600.0,31090600.0,76.0,234.4,250.0,150100.0,248.0,2100.0,6562497100.0,6562497100.0,729749678.0,21800.0,11100.0,,0.0,0.0,0.0
2024-12-13,250.0,0.0,0.0,250.0,246.0,246.0,-4.0,26900.0,6660000.0,32.0,230.6,248.0,4300.0,246.0,122300.0,6562497100.0,6562497100.0,729749678.0,0.0,0.0,,0.0,0.0,0.0
2024-12-16,246.0,246.0,246.0,248.0,244.0,246.0,0.0,28500.0,7025200.0,35.0,230.6,248.0,10600.0,246.0,24100.0,6562497100.0,6562497100.0,729749678.0,14700.0,0.0,,0.0,0.0,0.0
2024-12-17,246.0,0.0,0.0,248.0,244.0,246.0,0.0,16500.0,4074200.0,25.0,230.6,248.0,1400.0,246.0,27700.0,6562497100.0,6562497100.0,729749678.0,0.0,0.0,,0.0,0.0,0.0
2024-12-18,246.0,0.0,0.0,248.0,244.0,244.0,-2.0,93100.0,22836200.0,46.0,228.7,248.0,18700.0,244.0,47900.0,6562497100.0,6562497100.0,729749678.0,1300.0,50000.0,,0.0,0.0,0.0
2024-12-19,244.0,0.0,0.0,248.0,240.0,248.0,4.0,89900.0,22041200.0,60.0,232.5,248.0,1157700.0,246.0,1000.0,6562497100.0,6562497100.0,729749678.0,11200.0,0.0,,0.0,0.0,0.0
2024-12-20,248.0,248.0,240.0,248.0,240.0,240.0,-8.0,60100.0,14674600.0,54.0,225.0,244.0,100.0,240.0,13200.0,6562497100.0,6562497100.0,729749678.0,5900.0,0.0,,0.0,0.0,0.0
2024-12-23,240.0,240.0,240.0,244.0,236.0,242.0,2.0,47500.0,11417400.0,53.0,226.9,242.0,4200.0,240.0,10900.0,6562497100.0,6562497100.0,729749678.0,0.0,300.0,,0.0,0.0,0.0
2024-12-24,242.0,242.0,242.0,248.0,240.0,242.0,0.0,100400.0,24280800.0,69.0,226.9,242.0,46900.0,238.0,9200.0,6562497100.0,6562497100.0,729749678.0,8500.0,53700.0,,0.0,0.0,0.0
2024-12-27,242.0,242.0,242.0,244.0,240.0,240.0,-2.0,45100.0,10919200.0,47.0,225.0,244.0,3800.0,240.0,4000.0,6562497100.0,6562497100.0,729749678.0,13200.0,0.0,,0.0,0.0,0.0
2024-12-30,240.0,0.0,0.0,248.0,242.0,244.0,4.0,27400.0,6655600.0,29.0,228.7,244.0,28000.0,240.0,77100.0,6562497100.0,6562497100.0,729749678.0,21600.0,0.0,,0.0,0.0,0.0
2025-01-02,244.0,246.0,246.0,248.0,242.0,244.0,0.0,49800.0,12174600.0,49.0,228.7,246.0,17300.0,242.0,70500.0,6562497100.0,6562497100.0,666749705.0,14900.0,0.0,,0.0,0.0,0.0
2025-01-03,244.0,246.0,246.0,248.0,240.0,244.0,0.0,70900.0,17177000.0,53.0,228.7,244.0,10800.0,242.0,600.0,6562497100.0,6562497100.0,666749705.0,300.0,35300.0,,0.0,0.0,0.0
2025-01-06,244.0,244.0,244.0,244.0,240.0,242.0,-2.0,93700.0,22689000.0,64.0,226.9,242.0,800.0,240.0,63000.0,6562497100.0,6562497100.0,666749705.0,6700.0,0.0,,0.0,0.0,0.0
2025-01-07,242.0,0.0,0.0,244.0,242.0,242.0,0.0,12200.0,2961800.0,21.0,226.9,244.0,1123900.0,242.0,7000.0,6562497100.0,6562497100.0,666749705.0,0.0,0.0,,0.0,0.0,0.0
2025-01-08,242.0,0.0,0.0,244.0,240.0,240.0,-2.0,48700.0,11725600.0,32.0,225.0,242.0,4100.0,240.0,35600.0,6562497100.0,6562497100.0,666749705.0,0.0,0.0,,0.0,0.0,0.0
2025-01-09,240.0,0.0,0.0,244.0,240.0,240.0,0.0,47000.0,11295200.0,55.0,225.0,242.0,23500.0,240.0,1900.0,6562497100.0,6562497100.0,666749705.0,0.0,0.0,,0.0,0.0,0.0
2025-01-10,240.0,0.0,0.0,242.0,238.0,242.0,2.0,51800.0,12492000.0,30.0,226.9,244.0,1121400.0,242.0,11700.0,6562497100.0,6562497100.0,666749705.0,19000.0,0.0,,0.0,0.0,0.0
2025-01-13,242.0,242.0,242.0,244.0,242.0,242.0,0.0,51100.0,12388000.0,42.0,226.9,244.0,1111500.0,242.0,6800.0,6562497100.0,6562497100.0,666749705.0,100.0,0.0,,0.0,0.0,0.0
2025-01-14,242.0,244.0,244.0,244.0,240.0,242.0,0.0,26000.0,6316600.0,28.0,226.9,244.0,1105100.0,242.0,300.0,6562497100.0,6562497100.0,666749705.0,0.0,0.0,,0.0,0.0,0.0
2025-01-15,242.0,244.0,244.0,244.0,242.0,242.0,0.0,32000.0,7749800.0,46.0,226.9,242.0,3900.0,240.0,55400.0,6562497100.0,6562497100.0,666749705.0,0.0,0.0,,0.0,0.0,0.0
2025-01-16,242.0,242.0,244.0,244.0,240.0,242.0,0.0,101400.0,24554400.0,45.0,226.9,242.0,137200.0,240.0,15600.0,6562497100.0,6562497100.0,666749705.0,0.0,100.0,,0.0,0.0,0.0
2025-01-17,242.0,242.0,242.0,242.0,240.0,242.0,0.0,64500.0,15574000.0,44.0,226.9,242.0,48800.0,240.0,34900.0,6562497100.0,6562497100.0,666749705.0,0.0,0.0,,0.0,0.0,0.0
2025-01-20,242.0,242.0,242.0,242.0,240.0,242.0,0.0,35900.0,8665800.0,43.0,226.9,242.0,52600.0,240.0,16500.0,6562497100.0,6562497100.0,666749705.0,0.0,600.0,,0.0,0.0,0.0
2025-01-21,242.0,0.0,0.0,244.0,240.0,240.0,-2.0,28700.0,6907400.0,44.0,225.0,244.0,1092900.0,240.0,4200.0,6562497100.0,6562497100.0,666749705.0,0.0,100.0,,0.0,0.0,0.0
2025-01-22,240.0,240.0,240.0,244.0,240.0,242.0,2.0,24700.0,5959800.0,45.0,226.9,244.0,1090500.0,242.0,13800.0,6562497100.0,6562497100.0,666749705.0,0.0,0.0,,0.0,0.0,0.0
2025-01-23,242.0,0.0,0.0,244.0,238.0,240.0,-2.0,45200.0,10850000.0,40.0,225.0,240.0,21300.0,238.0,13700.0,6562497100.0,6562497100.0,666749705.0,0.0,0.0,,0.0,0.0,0.0
2025-01-24,240.0,0.0,0.0,242.0,238.0,242.0,2.0,26400.0,6352000.0,33.0,226.9,242.0,38300.0,240.0,300.0,6562497100.0,6562497100.0,666749705.0,0.0,0.0,,0.0,0.0,0.0
2025-01-30,242.0,0.0,0.0,242.0,238.0,238.0,-4.0,77900.0,18620600.0,69.0,223.1,238.0,177500.0,236.0,11800.0,6562497100.0,6562497100.0,666749705.0,0.0,0.0,,0.0,0.0,0.0
2025-01-31,238.0,0.0,0.0,242.0,230.0,230.0,-8.0,145700.0,34184400.0,133.0,215.6,232.0,9500.0,230.0,4400.0,6562497100.0,6562497100.0,666749705.0,0.0,0.0,,0.0,0.0,0.0
2025-02-03,230.0,0.0,0.0,236.0,230.0,230.0,0.0,65200.0,15179400.0,69.0,215.6,234.0,157700.0,232.0,100.0,6562497100.0,6562497100.0,666749705.0,0.0,0.0,,0.0,0.0,0.0
2025-02-04,230.0,234.0,236.0,236.0,232.0,232.0,2.0,57700.0,13469600.0,50.0,217.5,232.0,5600.0,230.0,9200.0,6562497100.0,6562497100.0,666749705.0,0.0,200.0,,0.0,0.0,0.0
2025-02-05,232.0,0.0,0.0,240.0,232.0,240.0,8.0,22600.0,5356400.0,37.0,225.0,240.0,11200.0,236.0,3200.0,6562497100.0,6562497100.0,666749705.0,0.0,0.0,,0.0,0.0,0.0
2025-02-06,240.0,240.0,240.0,240.0,202.0,230.0,-10.0,297600.0,66891600.0,97.0,215.6,230.0,102600.0,226.0,500.0,6562497100.0,6562497100.0,666749705.0,0.0,0.0,,0.0,0.0,0.0
2025-02-07,230.0,222.0,238.0,238.0,222.0,236.0,6.0,28400.0,6585200.0,54.0,221.2,236.0,106100.0,232.0,4400.0,6562497100.0,6562497100.0,666749705.0,0.0,2000.0,,0.0,0.0,0.0
2025-02-10,236.0,0.0,0.0,240.0,226.0,232.0,-4.0,38300.0,8843800.0,46.0,217.5,232.0,79200.0,230.0,400.0,6562497100.0,6562497100.0,666749705.0,200.0,0.0,,0.0,0.0,0.0
2025-02-11,232.0,0.0,0.0,240.0,210.0,220.0,-12.0,84200.0,19032800.0,70.0,206.2,224.0,10000.0,220.0,11500.0,6562497100.0,6562497100.0,666749705.0,0.0,0.0,,0.0,0.0,0.0
2025-02-12,220.0,220.0,220.0,240.0,220.0,238.0,18.0,122200.0,28923600.0,58.0,223.1,238.0,13200.0,230.0,100.0,6562497100.0,6562497100.0,666749705.0,0.0,3300.0,,0.0,0.0,0.0
2025-02-13,238.0,238.0,230.0,238.0,222.0,228.0,-10.0,18100.0,4121600.0,22.0,213.7,230.0,78500.0,228.0,20300.0,6562497100.0,6562497100.0,666749705.0,3300.0,0.0,,0.0,0.0,0.0
2025-02-14,228.0,228.0,236.0,240.0,226.0,236.0,8.0,29600.0,6956400.0,45.0,221.2,236.0,3300.0,230.0,1100.0,6562497100.0,6562497100.0,666749705.0,1000.0,0.0,,50.0,11800.0,1.0
2025-02-17,236.0,0.0,0.0,236.0,228.0,230.0,-6.0,54900.0,12685600.0,59.0,215.6,234.0,158900.0,230.0,28600.0,6562497100.0,6562497100.0,666749705.0,0.0,0.0,,0.0,0.0,0.0
2025-02-18,230.0,238.0,238.0,238.0,230.0,232.0,2.0,27700.0,6428200.0,34.0,217.5,232.0,45100.0,230.0,12500.0,6562497100.0,6562497100.0,666749705.0,0.0,0.0,,0.0,0.0,0.0
2025-02-19,232.0,0.0,0.0,232.0,226.0,228.0,-4.0,57400.0,13121400.0,64.0,213.7,228.0,2500.0,226.0,3200.0,6562497100.0,6562497100.0,666749705.0,0.0,0.0,,0.0,0.0,0.0
2025-02-20,228.0,228.0,228.0,228.0,220.0,226.0,-2.0,136400.0,30415800.0,87.0,211.9,228.0,38100.0,224.0,1300.0,6562497100.0,6562497100.0,666749705.0,0.0,14800.0,,0.0,0.0,0.0
2025-02-21,226.0,224.0,224.0,228.0,224.0,226.0,0.0,36200.0,8158400.0,42.0,211.9,226.0,100200.0,224.0,4600.0,6562497100.0,6562497100.0,666749705.0,14800.0,0.0,,0.0,0.0,0.0
2025-02-24,226.0,0.0,0.0,228.0,218.0,226.0,0.0,91500.0,20246800.0,82.0,211.9,226.0,19300.0,224.0,1700.0,6562497100.0,6562497100.0,666749705.0,0.0,0.0,,0.0,0.0,0.0
2025-02-25,226.0,224.0,222.0,224.0,216.0,220.0,-6.0,203300.0,44508600.0,65.0,206.2,220.0,93000.0,218.0,5300.0,6562497100.0,6562497100.0,666749705.0,0.0,0.0,,0.0,0.0,0.0
2025-02-26,220.0,222.0,220.0,222.0,206.0,212.0,-8.0,231700.0,48846600.0,143.0,198.7,214.0,2200.0,210.0,1300.0,6562497100.0,6562497100.0,666749705.0,129900.0,0.0,,0.0,0.0,0.0
2025-02-27,212.0,210.0,210.0,214.0,202.0,214.0,2.0,85900.0,17867000.0,103.0,200.6,216.0,200.0,214.0,200.0,6562497100.0,6562497100.0,666749705.0,0.0,13500.0,,0.0,0.0,0.0
2025-02-28,214.0,0.0,0.0,218.0,210.0,210.0,-4.0,5600.0,1201800.0,19.0,196.9,214.0,2200.0,210.0,1800.0,6562497100.0,6562497100.0,666749705.0,0.0,0.0,,0.0,0.0,0.0
2025-03-03,210.0,210.0,210.0,218.0,208.0,208.0,-2.0,69800.0,14775400.0,51.0,195.0,212.0,100.0,208.0,42800.0,6562497100.0,6562497100.0,666749705.0,7100.0,0.0,,0.0,0.0,0.0
2025-03-04,208.0,208.0,208.0,210.0,202.0,210.0,2.0,19600.0,4086400.0,29.0,196.9,210.0,78100.0,206.0,4900.0,6562497100.0,6562497100.0,666749705.0,1800.0,0.0,,0.0,0.0,0.0
2025-03-05,210.0,210.0,206.0,212.0,202.0,206.0,-4.0,69100.0,14265600.0,69.0,193.1,208.0,8100.0,204.0,6600.0,6562497100.0,6562497100.0,666749705.0,0.0,2100.0,,0.0,0.0,0.0
2025-03-06,206.0,206.0,206.0,208.0,200.0,206.0,0.0,93900.0,18996200.0,94.0,193.1,206.0,400.0,202.0,25600.0,6562497100.0,6562497100.0,666749705.0,5000.0,6500.0,,0.0,0.0,0.0
2025-03-07,206.0,214.0,208.0,214.0,200.0,202.0,-4.0,91200.0,18437600.0,98.0,189.4,206.0,2000.0,202.0,5800.0,6562497100.0,6562497100.0,666749705.0,0.0,11300.0,,0.0,0.0,0.0
2025-03-10,202.0,202.0,202.0,224.0,200.0,214.0,12.0,127600.0,27092200.0,186.0,200.6,218.0,1100.0,214.0,1800.0,6562497100.0,6562497100.0,666749705.0,7800.0,22700.0,,0.0,0.0,0.0
2025-03-11,214.0,204.0,204.0,214.0,204.0,210.0,-4.0,37300.0,7738000.0,58.0,196.9,218.0,2500.0,210.0,2900.0,6562497100.0,6562497100.0,666749705.0,0.0,9700.0,,0.0,0.0,0.0
2025-03-12,210.0,0.0,0.0,218.0,210.0,218.0,8.0,17500.0,3785200.0,41.0,204.4,220.0,14500.0,216.0,1600.0,6562497100.0,6562497100.0,666749705.0,0.0,0.0,,0.0,0.0,0.0
2025-03-13,218.0,0.0,0.0,220.0,202.0,206.0,-12.0,127500.0,26385600.0,110.0,193.1,208.0,8800.0,206.0,6800.0,6562497100.0,6562497100.0,666749705.0,700.0,3900.0,,0.0,0.0,0.0
2025-03-14,206.0,208.0,206.0,208.0,197.0,197.0,-9.0,276000.0,55262000.0,147.0,184.7,200.0,100.0,197.0,7200.0,6562497100.0,6562497100.0,666749705.0,2000.0,28800.0,,0.0,0.0,0.0
2025-03-17,197.0,198.0,200.0,214.0,198.0,210.0,13.0,277800.0,57947400.0,126.0,196.9,210.0,17000.0,206.0,1100.0,6562497100.0,6562497100.0,666749705.0,21100.0,32600.0,,0.0,0.0,0.0
2025-03-18,210.0,210.0,210.0,214.0,206.0,206.0,-4.0,28700.0,5981200.0,40.0,193.1,208.0,4000.0,206.0,600.0,6562497100.0,6562497100.0,666749705.0,5700.0,100.0,,0.0,0.0,0.0
2025-03-19,206.0,206.0,208.0,220.0,206.0,208.0,2.0,255000.0,55261200.0,118.0,195.0,218.0,14000.0,208.0,1000.0,6562497100.0,6562497100.0,666749705.0,16500.0,6400.0,,0.0,0.0,0.0
2025-03-20,208.0,0.0,0.0,216.0,210.0,212.0,4.0,28100.0,5985400.0,42.0,198.7,212.0,200.0,210.0,18900.0,6562497100.0,6562497100.0,666749705.0,0.0,3500.0,,0.0,0.0,0.0
2025-03-21,212.0,216.0,216.0,216.0,208.0,212.0,0.0,57200.0,12119600.0,37.0,198.7,212.0,11600.0,210.0,1400.0,6562497100.0,6562497100.0,666749705.0,7000.0,10300.0,,0.0,0.0,0.0
2025-03-24,212.0,0.0,0.0,212.0,197.0,202.0,-10.0,190800.0,38464200.0,84.0,189.4,202.0,19300.0,200.0,6000.0,6562497100.0,6562497100.0,666749705.0,300.0,18500.0,,0.0,0.0,0.0
2025-03-25,202.0,204.0,204.0,210.0,202.0,206.0,4.0,26200.0,5386800.0,59.0,193.1,206.0,800.0,204.0,1000.0,6562497100.0,6562497100.0,666749705.0,0.0,200.0,,0.0,0.0,0.0
2025-03-26,206.0,0.0,0.0,216.0,206.0,208.0,2.0,53200.0,11125400.0,67.0,195.0,214.0,2700.0,208.0,900.0,6562497100.0,6562497100.0,666749705.0,1000.0,5000.0,,0.0,0.0,0.0
2025-03-27,208.0,0.0,0.0,212.0,208.0,212.0,4.0,17800.0,3758400.0,31.0,198.7,212.0,29400.0,210.0,4900.0,6562497100.0,6562497100.0,666749705.0,0.0,100.0,,0.0,0.0,0.0
2025-04-08,212.0,206.0,204.0,210.0,200.0,206.0,-6.0,304500.0,62370600.0,110.0,193.1,206.0,800.0,200.0,6600.0,6562497100.0,6562497100.0,666749705.0,0.0,4000.0,,0.0,0.0,0.0
2025-04-09,206.0,206.0,206.0,210.0,200.0,204.0,-2.0,621100.0,124621000.0,70.0,191.2,204.0,500.0,202.0,600.0,6562497100.0,6562497100.0,666749705.0,0.0,8200.0,,0.0,0.0,0.0
2025-04-10,204.0,0.0,0.0,212.0,202.0,202.0,-2.0,265600.0,54029800.0,83.0,189.4,202.0,120600.0,200.0,526600.0,6562497100.0,6562497100.0,666749705.0,0.0,7500.0,,0.0,0.0,0.0
2025-04-11,202.0,0.0,0.0,206.0,202.0,206.0,4.0,98200.0,20014800.0,51.0,193.1,206.0,24200.0,202.0,497600.0,6562497100.0,6562497100.0,666749705.0,0.0,7800.0,,0.0,0.0,0.0
2025-04-14,206.0,206.0,204.0,208.0,202.0,202.0,-4.0,145700.0,29871400.0,71.0,189.4,204.0,50400.0,202.0,568600.0,6562497100.0,6562497100.0,666749705.0,0.0,7300.0,,0.0,0.0,0.0
2025-04-15,202.0,208.0,208.0,208.0,202.0,204.0,2.0,121900.0,24803000.0,80.0,191.2,204.0,3800.0,202.0,71800.0,6562497100.0,6562497100.0,666749705.0,0.0,400.0,,0.0,0.0,0.0
2025-04-16,204.0,0.0,0.0,214.0,200.0,208.0,4.0,251200.0,51945800.0,120.0,195.0,210.0,40000.0,208.0,360800.0,6562497100.0,6562497100.0,666749705.0,0.0,7300.0,,0.0,0.0,0.0
2025-04-17,208.0,0.0,0.0,212.0,204.0,212.0,4.0,68800.0,14482000.0,47.0,198.7,212.0,9800.0,210.0,44000.0,6562497100.0,6562497100.0,666749705.0,400.0,7900.0,,0.0,0.0,0.0
2025-04-21,212.0,212.0,210.0,212.0,204.0,208.0,-4.0,143500.0,29470000.0,84.0,195.0,208.0,300.0,206.0,10000.0,6562497100.0,6562497100.0,666749705.0,1100.0,10900.0,,0.0,0.0,0.0
2025-04-22,208.0,206.0,204.0,218.0,204.0,214.0,6.0,626700.0,134190800.0,104.0,200.6,214.0,3500.0,212.0,1556800.0,6562497100.0,6562497100.0,666749705.0,4900.0,13100.0,,0.0,0.0,0.0
2025-04-23,214.0,216.0,216.0,222.0,212.0,220.0,6.0,190500.0,41557000.0,93.0,206.2,222.0,24000.0,220.0,2100.0,6562497100.0,6562497100.0,666749705.0,0.0,12300.0,,0.0,0.0,0.0
2025-04-24,220.0,0.0,0.0,238.0,216.0,226.0,6.0,270600.0,62400400.0,225.0,211.9,232.0,200.0,226.0,10000.0,6562497100.0,6562497100.0,666749705.0,16800.0,18300.0,,0.0,0.0,0.0
2025-04-25,226.0,0.0,0.0,234.0,228.0,228.0,2.0,140600.0,32422400.0,100.0,213.7,228.0,4300.0,226.0,13000.0,6562497100.0,6562497100.0,666749705.0,30000.0,11100.0,,0.0,0.0,0.0
2025-04-28,228.0,0.0,0.0,238.0,226.0,230.0,2.0,139600.0,32073600.0,82.0,215.6,230.0,1200.0,228.0,5600.0,6562497100.0,6562497100.0,666749705.0,4000.0,10900.0,,0.0,0.0,0.0
2025-04-29,230.0,230.0,230.0,236.0,220.0,222.0,-8.0,128600.0,28955400.0,163.0,208.1,228.0,2000.0,222.0,26200.0,6562497100.0,6562497100.0,666749705.0,15500.0,9900.0,,0.0,0.0,0.0
2025-04-30,222.0,236.0,230.0,236.0,224.0,228.0,6.0,150100.0,34586200.0,94.0,213.7,228.0,300.0,226.0,12000.0,6562497100.0,6562497100.0,666749705.0,0.0,12600.0,,0.0,0.0,0.0
2025-05-02,228.0,228.0,228.0,230.0,226.0,228.0,0.0,121000.0,27645200.0,62.0,213.7,228.0,66200.0,226.0,4900.0,6562497100.0,6562497100.0,666749705.0,3900.0,9400.0,,0.0,0.0,0.0
2025-05-05,228.0,0.0,0.0,232.0,224.0,230.0,2.0,115400.0,26406600.0,71.0,215.6,232.0,41600.0,230.0,18800.0,6562497100.0,6562497100.0,666749705.0,3000.0,39700.0,,0.0,0.0,0.0
2025-05-06,230.0,232.0,232.0,232.0,226.0,230.0,0.0,88700.0,20164600.0,47.0,215.6,230.0,74700.0,226.0,21300.0,6562497100.0,6562497100.0,666749705.0,0.0,6500.0,,0.0,0.0,0.0
2025-05-07,230.0,0.0,0.0,230.0,226.0,228.0,-2.0,116200.0,26589000.0,50.0,213.7,228.0,5000.0,226.0,53300.0,6562497100.0,6562497100.0,666749705.0,21200.0,10800.0,,0.0,0.0,0.0
2025-05-08,228.0,0.0,0.0,230.0,226.0,228.0,0.0,196100.0,44747800.0,72.0,213.7,230.0,25000.0,228.0,2800.0,6562497100.0,6562497100.0,666749705.0,0.0,9800.0,,0.0,0.0,0.0
2025-05-09,228.0,230.0,232.0,232.0,228.0,230.0,2.0,85800.0,19657800.0,56.0,215.6,230.0,47900.0,228.0,2800.0,6562497100.0,6562497100.0,666749705.0,0.0,10300.0,,0.0,0.0,0.0
2025-05-14,230.0,230.0,230.0,240.0,230.0,230.0,0.0,384600.0,90168200.0,119.0,215.6,234.0,216900.0,230.0,33200.0,6562497100.0,6562497100.0,666749705.0,0.0,79000.0,,0.0,0.0,0.0
2025-05-15,230.0,236.0,236.0,236.0,230.0,232.0,2.0,152600.0,35275800.0,60.0,217.5,234.0,7500.0,232.0,28700.0,6562497100.0,6562497100.0,666749705.0,0.0,11300.0,,0.0,0.0,0.0
2025-05-16,232.0,236.0,236.0,236.0,228.0,232.0,0.0,186300.0,43018800.0,120.0,217.5,232.0,11800.0,230.0,29600.0,6562497100.0,6562497100.0,666749705.0,0.0,10400.0,,0.0,0.0,0.0
2025-05-19,232.0,232.0,236.0,252.0,232.0,246.0,14.0,513900.0,123627000.0,266.0,230.6,246.0,9500.0,244.0,4500.0,6562497100.0,6562497100.0,666749705.0,0.0,27600.0,,0.0,0.0,0.0
2025-05-20,246.0,246.0,246.0,262.0,246.0,252.0,6.0,509500.0,130165800.0,323.0,236.2,252.0,43600.0,250.0,9300.0,6562497100.0,6562497100.0,666749705.0,1800.0,14700.0,,0.0,0.0,0.0
2025-05-21,252.0,254.0,262.0,262.0,240.0,254.0,2.0,464700.0,117552400.0,131.0,238.1,256.0,20200.0,254.0,56000.0,6562497100.0,6562497100.0,666749705.0,72600.0,16900.0,,0.0,0.0,0.0
2025-05-22,254.0,254.0,254.0,254.0,246.0,252.0,-2.0,131700.0,32843400.0,104.0,236.2,252.0,27900.0,250.0,28600.0,6562497100.0,6562497100.0,666749705.0,0.0,19900.0,,0.0,0.0,0.0
2025-05-23,252.0,252.0,252.0,260.0,250.0,256.0,4.0,247500.0,63072400.0,95.0,240.0,256.0,5000.0,254.0,300.0,6562497100.0,6562497100.0,666749705.0,0.0,18700.0,,0.0,0.0,0.0
2025-05-26,256.0,256.0,256.0,256.0,244.0,244.0,-12.0,194500.0,48598600.0,132.0,228.7,244.0,59400.0,242.0,26300.0,6562497100.0,6562497100.0,666749705.0,27100.0,17200.0,,0.0,0.0,0.0
2025-05-27,244.0,244.0,244.0,254.0,242.0,246.0,2.0,248600.0,60969000.0,132.0,230.6,246.0,600.0,244.0,18400.0,6562497100.0,6562497100.0,666749705.0,46700.0,37500.0,,0.0,0.0,0.0
2025-05-28,246.0,0.0,0.0,250.0,246.0,248.0,2.0,35600.0,8820200.0,48.0,232.5,248.0,13400.0,246.0,28200.0,6562497100.0,6562497100.0,666749705.0,0.0,100.0,,0.0,0.0,0.0
2025-06-02,248.0,252.0,252.0,254.0,250.0,250.0,2.0,225500.0,56711000.0,97.0,234.4,250.0,600.0,248.0,164700.0,6562497100.0,6562497100.0,666749705.0,0.0,29600.0,,0.0,0.0,0.0
2025-06-03,250.0,250.0,250.0,252.0,246.0,252.0,2.0,85100.0,21307000.0,83.0,236.2,252.0,7800.0,248.0,5000.0,6562497100.0,6562497100.0,666749705.0,0.0,10400.0,,0.0,0.0,0.0
2025-06-04,252.0,0.0,0.0,254.0,250.0,252.0,0.0,95700.0,24106000.0,55.0,236.2,252.0,8800.0,250.0,3700.0,6562497100.0,6562497100.0,666749705.0,0.0,100.0,,0.0,0.0,0.0
2025-06-05,252.0,0.0,0.0,254.0,248.0,254.0,2.0,138000.0,34742000.0,65.0,238.1,254.0,600.0,252.0,1800.0,6562497100.0,6562497100.0,666749705.0,0.0,100.0,,0.0,0.0,0.0
2025-06-10,254.0,254.0,256.0,256.0,216.0,250.0,-4.0,418000.0,102085600.0,206.0,234.4,252.0,400.0,250.0,87800.0,6562497100.0,6562497100.0,666749705.0,6300.0,39800.0,,0.0,0.0,0.0
2025-06-11,250.0,250.0,250.0,254.0,242.0,248.0,-2.0,98300.0,24630600.0,65.0,232.5,250.0,800.0,248.0,79600.0,6562497100.0,6562497100.0,666749705.0,28800.0,4300.0,,0.0,0.0,0.0
2025-06-12,248.0,250.0,250.0,252.0,248.0,252.0,4.0,101700.0,25419000.0,34.0,236.2,254.0,68400.0,252.0,100.0,6562497100.0,6562497100.0,666749705.0,900.0,0.0,,0.0,0.0,0.0
2025-06-13,252.0,252.0,252.0,254.0,250.0,250.0,-2.0,93700.0,23691600.0,36.0,234.4,252.0,5300.0,250.0,21700.0,6562497100.0,6562497100.0,666749705.0,11200.0,0.0,,0.0,0.0,0.0
2025-06-16,250.0,248.0,248.0,254.0,246.0,248.0,-2.0,169700.0,42168800.0,61.0,232.5,248.0,31900.0,246.0,17500.0,6562497100.0,6562497100.0,666749705.0,6200.0,500.0,,0.0,0.0,0.0
2025-06-17,248.0,252.0,250.0,254.0,248.0,248.0,0.0,144500.0,36119000.0,54.0,232.5,250.0,24400.0,248.0,30300.0,6562497100.0,6562497100.0,666749705.0,18000.0,0.0,,0.0,0.0,0.0
2025-06-18,248.0,248.0,250.0,280.0,248.0,258.0,10.0,602200.0,154874200.0,143.0,241.9,258.0,1500.0,256.0,300.0,6562497100.0,6562497100.0,666749705.0,16900.0,0.0,,0.0,0.0,0.0
2025-06-19,258.0,258.0,258.0,322.0,252.0,282.0,24.0,4246600.0,1244517400.0,1498.0,264.4,282.0,9400.0,280.0,20000.0,6562497100.0,6562497100.0,666749705.0,154800.0,241600.0,,0.0,0.0,0.0
2025-06-20,282.0,282.0,280.0,322.0,274.0,290.0,8.0,2001200.0,606744400.0,517.0,271.9,292.0,8500.0,290.0,47300.0,6562497100.0,6562497100.0,666749705.0,178800.0,203700.0,,0.0,0.0,0.0
2025-06-23,290.0,290.0,290.0,318.0,276.0,284.0,-6.0,1403900.0,414634200.0,361.0,266.2,284.0,51800.0,282.0,2100.0,6562497100.0,6562497100.0,666749705.0,115400.0,78300.0,,0.0,0.0,0.0
2025-06-24,284.0,284.0,290.0,308.0,284.0,284.0,0.0,514300.0,153887800.0,241.0,266.2,286.0,49300.0,284.0,103600.0,6562497100.0,6562497100.0,666749705.0,37600.0,6700.0,,0.0,0.0,0.0
2025-06-25,284.0,284.0,284.0,286.0,250.0,260.0,-24.0,550200.0,147482600.0,190.0,243.7,262.0,50000.0,260.0,7100.0,6562497100.0,6562497100.0,666749705.0,76800.0,64800.0,,0.0,0.0,0.0
2025-06-26,260.0,260.0,274.0,280.0,242.0,256.0,-4.0,264000.0,67302200.0,215.0,240.0,256.0,16100.0,252.0,1000.0,6562497100.0,6562497100.0,666749705.0,35800.0,34500.0,,0.0,0.0,0.0
2025-06-30,256.0,256.0,258.0,260.0,248.0,256.0,0.0,245100.0,62155200.0,111.0,240.0,256.0,14600.0,254.0,900.0,6562497100.0,6562497100.0,666749705.0,24100.0,78000.0,,0.0,0.0,0.0
2025-07-01,256.0,0.0,0.0,272.0,220.0,222.0,-34.0,1581900.0,373054600.0,435.0,208.1,230.0,2200.0,222.0,161000.0,6562497100.0,6562497100.0,665437206.0,40600.0,77400.0,,0.0,0.0,0.0
2025-07-02,222.0,230.0,230.0,258.0,228.0,246.0,24.0,1432000.0,346526800.0,851.0,230.6,246.0,12100.0,244.0,10600.0,6562497100.0,6562497100.0,665437206.0,106900.0,126200.0,,0.0,0.0,0.0
2025-07-03,246.0,246.0,244.0,246.0,228.0,232.0,-14.0,1088800.0,251511400.0,335.0,217.5,232.0,29700.0,230.0,54400.0,6562497100.0,6562497100.0,665437206.0,24300.0,44500.0,,0.0,0.0,0.0
2025-07-04,232.0,232.0,230.0,232.0,222.0,228.0,-4.0,153900.0,34947200.0,146.0,213.7,228.0,6200.0,226.0,83400.0,6562497100.0,6562497100.0,665437206.0,0.0,1400.0,,0.0,0.0,0.0
2025-07-07,228.0,228.0,228.0,228.0,222.0,224.0,-4.0,444800.0,100092400.0,114.0,210.0,224.0,94000.0,222.0,143000.0,6562497100.0,6562497100.0,665437206.0,23200.0,0.0,,0.0,0.0,0.0
2025-07-08,224.0,222.0,222.0,256.0,218.0,234.0,10.0,414500.0,94084000.0,204.0,219.4,234.0,43300.0,228.0,200.0,6562497100.0,6562497100.0,665437206.0,36900.0,0.0,,0.0,0.0,0.0
2025-07-09,234.0,234.0,234.0,234.0,228.0,230.0,-4.0,100700.0,23304000.0,61.0,215.6,230.0,266000.0,228.0,1800.0,6562497100.0,6562497100.0,665437206.0,26200.0,0.0,,0.0,0.0,0.0
2025-07-10,230.0,230.0,232.0,240.0,220.0,232.0,2.0,637900.0,145344600.0,162.0,217.5,232.0,184700.0,228.0,1100.0,6562497100.0,6562497100.0,665437206.0,66100.0,31300.0,,0.0,0.0,0.0
2025-07-11,232.0,232.0,232.0,234.0,224.0,228.0,-4.0,288100.0,65106400.0,133.0,213.7,228.0,21300.0,226.0,57600.0,6562497100.0,6562497100.0,665437206.0,18600.0,44900.0,,0.0,0.0,0.0
2025-07-14,228.0,228.0,228.0,228.0,224.0,228.0,0.0,111500.0,25062800.0,181.0,213.7,228.0,13700.0,224.0,4500.0,6562497100.0,6562497100.0,665437206.0,7000.0,0.0,,0.0,0.0,0.0
2025-07-15,228.0,228.0,224.0,228.0,224.0,226.0,-2.0,108200.0,24440600.0,105.0,211.9,226.0,600.0,224.0,13900.0,6562497100.0,6562497100.0,665437206.0,8900.0,0.0,,0.0,0.0,0.0
2025-07-16,226.0,226.0,226.0,226.0,222.0,224.0,-2.0,134400.0,30145800.0,86.0,210.0,226.0,11600.0,224.0,19200.0,6562497100.0,6562497100.0,665437206.0,8000.0,2800.0,,0.0,0.0,0.0
2025-07-17,224.0,0.0,0.0,228.0,224.0,226.0,2.0,141800.0,31908400.0,77.0,211.9,226.0,20500.0,224.0,7700.0,6562497100.0,6562497100.0,665437206.0,0.0,47300.0,,0.0,0.0,0.0
2025-07-18,226.0,226.0,224.0,226.0,222.0,226.0,0.0,210500.0,47099600.0,121.0,211.9,226.0,22400.0,224.0,100.0,6562497100.0,6562497100.0,665437206.0,0.0,17100.0,,0.0,0.0,0.0
2025-07-21,226.0,0.0,0.0,226.0,220.0,222.0,-4.0,142700.0,31882600.0,216.0,208.1,224.0,600.0,222.0,28000.0,6562497100.0,6562497100.0,665437206.0,1400.0,200.0,,0.0,0.0,0.0
2025-07-22,222.0,222.0,222.0,226.0,220.0,224.0,2.0,174600.0,38953400.0,180.0,210.0,226.0,29800.0,224.0,3000.0,6562497100.0,6562497100.0,665437206.0,0.0,9100.0,,0.0,0.0,0.0
2025-07-23,224.0,224.0,224.0,226.0,222.0,226.0,2.0,254100.0,56784200.0,99.0,211.9,226.0,20500.0,222.0,45000.0,6562497100.0,6562497100.0,665437206.0,4200.0,26200.0,,0.0,0.0,0.0
2025-07-24,226.0,226.0,226.0,226.0,222.0,226.0,0.0,106500.0,23946800.0,91.0,211.9,226.0,12300.0,224.0,65100.0,6562497100.0,6562497100.0,665437206.0,7000.0,19500.0,,0.0,0.0,0.0
2025-07-25,226.0,226.0,226.0,226.0,224.0,226.0,0.0,36300.0,8172800.0,50.0,211.9,226.0,18600.0,224.0,9100.0,6562497100.0,6562497100.0,665437206.0,0.0,21400.0,,0.0,0.0,0.0
2025-07-28,226.0,226.0,224.0,228.0,222.0,226.0,0.0,94200.0,21196600.0,88.0,211.9,226.0,36300.0,224.0,94800.0,6562497100.0,6562497100.0,665437206.0,100.0,0.0,,0.0,0.0,0.0
2025-07-29,226.0,226.0,226.0,232.0,226.0,230.0,4.0,212600.0,48516000.0,81.0,215.6,230.0,8600.0,228.0,20700.0,6562497100.0,6562497100.0,665437206.0,18300.0,0.0,,0.0,0.0,0.0
2025-07-30,230.0,230.0,230.0,236.0,230.0,230.0,0.0,363500.0,83723800.0,88.0,215.6,232.0,62700.0,230.0,51900.0,6562497100.0,6562497100.0,665437206.0,17500.0,0.0,,0.0,0.0,0.0
2025-07-31,230.0,230.0,228.0,232.0,228.0,228.0,-2.0,208600.0,47910600.0,62.0,213.7,230.0,3000.0,228.0,459700.0,6562497100.0,6562497100.0,665437206.0,17500.0,0.0,,0.0,0.0,0.0
2025-08-01,228.0,0.0,0.0,230.0,224.0,224.0,-4.0,65800.0,14811800.0,53.0,210.0,228.0,13300.0,224.0,18000.0,6562497100.0,6562497100.0,665437206.0,300.0,0.0,,0.0,0.0,0.0
2025-08-04,224.0,228.0,228.0,232.0,224.0,228.0,4.0,374600.0,84292400.0,99.0,213.7,228.0,5900.0,224.0,41800.0,6562497100.0,6562497100.0,665437206.0,16800.0,0.0,,0.0,0.0,0.0
2025-08-05,228.0,0.0,0.0,226.0,206.0,214.0,-14.0,2816200.0,593747200.0,614.0,200.6,216.0,64200.0,214.0,3300.0,6562497100.0,6562497100.0,665437206.0,82700.0,56900.0,,0.0,0.0,0.0
2025-08-06,214.0,216.0,216.0,216.0,206.0,214.0,0.0,1152000.0,241932600.0,306.0,200.6,214.0,3800.0,212.0,1700.0,6562497100.0,6562497100.0,665437206.0,41000.0,0.0,,0.0,0.0,0.0
2025-08-07,214.0,0.0,0.0,216.0,212.0,214.0,0.0,151800.0,32452000.0,123.0,200.6,214.0,30700.0,212.0,124300.0,6562497100.0,6562497100.0,665437206.0,100.0,6200.0,,0.0,0.0,0.0
2025-08-08,214.0,216.0,212.0,216.0,210.0,212.0,-2.0,243700.0,51869800.0,72.0,198.7,214.0,10000.0,212.0,196700.0,6562497100.0,6562497100.0,665437206.0,17800.0,0.0,,0.0,0.0,0.0
2025-08-11,212.0,0.0,0.0,216.0,212.0,214.0,2.0,50200.0,10743400.0,55.0,200.6,214.0,111500.0,212.0,45500.0,6562497100.0,6562497100.0,665437206.0,0.0,0.0,,0.0,0.0,0.0
2025-08-12,214.0,0.0,0.0,240.0,214.0,228.0,14.0,1152500.0,255369800.0,326.0,213.7,228.0,33300.0,222.0,7700.0,6562497100.0,6562497100.0,665437206.0,18000.0,18200.0,,0.0,0.0,0.0
2025-08-13,228.0,230.0,230.0,230.0,224.0,224.0,-4.0,176400.0,39870400.0,115.0,210.0,226.0,1100.0,224.0,31100.0,6562497100.0,6562497100.0,665437206.0,100.0,0.0,,0.0,0.0,0.0
2025-08-14,224.0,226.0,226.0,228.0,222.0,224.0,0.0,349500.0,78916200.0,67.0,210.0,228.0,4300.0,224.0,400.0,6562497100.0,6562497100.0,665437206.0,100.0,0.0,,0.0,0.0,0.0
2025-08-15,224.0,224.0,222.0,228.0,220.0,222.0,-2.0,298900.0,67078000.0,92.0,208.1,226.0,9600.0,222.0,40600.0,6562497100.0,6562497100.0,665437206.0,20200.0,0.0,,0.0,0.0,0.0
2025-08-19,222.0,222.0,222.0,224.0,220.0,222.0,0.0,56800.0,12538600.0,56.0,208.1,224.0,24000.0,222.0,18100.0,6562497100.0,6562497100.0,665437206.0,0.0,0.0,,0.0,0.0,0.0
2025-08-20,222.0,0.0,0.0,228.0,222.0,228.0,6.0,169300.0,38239200.0,68.0,213.7,228.0,14000.0,224.0,4200.0,6562497100.0,6562497100.0,665437206.0,26200.0,9600.0,,50.0,11100.0,1.0
2025-08-21,228.0,224.0,224.0,234.0,222.0,228.0,0.0,496400.0,113932400.0,123.0,213.7,232.0,66200.0,228.0,14300.0,6562497100.0,6562497100.0,665437206.0,20000.0,30100.0,,0.0,0.0,0.0
2025-08-22,228.0,234.0,234.0,258.0,228.0,242.0,14.0,989600.0,238669000.0,270.0,226.9,248.0,29300.0,242.0,193600.0,6562497100.0,6562497100.0,665437206.0,20500.0,0.0,,0.0,0.0,0.0
2025-08-25,242.0,248.0,250.0,252.0,230.0,236.0,-6.0,485300.0,115236000.0,188.0,221.2,238.0,15600.0,236.0,10800.0,6562497100.0,6562497100.0,665437206.0,46800.0,0.0,,0.0,0.0,0.0
2025-08-26,236.0,0.0,0.0,240.0,230.0,234.0,-2.0,374000.0,86873600.0,119.0,219.4,236.0,2700.0,232.0,22400.0,6562497100.0,6562497100.0,665437206.0,25200.0,0.0,,0.0,0.0,0.0
2025-08-27,234.0,232.0,232.0,238.0,232.0,232.0,-2.0,148800.0,35042600.0,48.0,217.5,234.0,5100.0,232.0,9600.0,6562497100.0,6562497100.0,665437206.0,100.0,0.0,,0.0,0.0,0.0
2025-08-28,232.0,0.0,0.0,234.0,232.0,232.0,0.0,36700.0,8542400.0,33.0,217.5,234.0,43300.0,232.0,34300.0,6562497100.0,6562497100.0,665437206.0,0.0,0.0,,0.0,0.0,0.0
2025-08-29,232.0,232.0,232.0,234.0,226.0,230.0,-2.0,60900.0,13938400.0,64.0,215.6,228.0,49900.0,226.0,44700.0,6562497100.0,6562497100.0,665437206.0,10600.0,0.0,,0.0,0.0,0.0
2025-09-01,230.0,228.0,226.0,228.0,222.0,224.0,-6.0,90200.0,20268200.0,67.0,210.0,226.0,55900.0,224.0,300.0,6562497100.0,6562497100.0,665437206.0,500.0,0.0,,0.0,0.0,0.0
2025-09-02,224.0,224.0,224.0,228.0,224.0,224.0,0.0,43200.0,9756800.0,39.0,210.0,226.0,19000.0,224.0,25500.0,6562497100.0,6562497100.0,665437206.0,100.0,900.0,,0.0,0.0,0.0
2025-09-03,224.0,0.0,0.0,228.0,224.0,226.0,2.0,100200.0,22559800.0,45.0,211.9,228.0,59000.0,226.0,11800.0,6562497100.0,6562497100.0,665437206.0,200.0,600.0,,0.0,0.0,0.0
2025-09-04,226.0,0.0,0.0,226.0,220.0,222.0,-4.0,140800.0,31451800.0,86.0,208.1,226.0,2500.0,222.0,4500.0,6562497100.0,6562497100.0,665437206.0,15900.0,0.0,,0.0,0.0,0.0
2025-09-08,222.0,224.0,224.0,226.0,222.0,224.0,2.0,42800.0,9564000.0,50.0,210.0,224.0,8500.0,222.0,43800.0,6562497100.0,6562497100.0,665437206.0,100.0,0.0,,0.0,0.0,0.0
2025-09-09,224.0,226.0,224.0,230.0,214.0,220.0,-4.0,251600.0,55995600.0,101.0,206.2,222.0,9000.0,220.0,18600.0,6562497100.0,6562497100.0,665437206.0,15500.0,0.0,,0.0,0.0,0.0
2025-09-10,220.0,0.0,0.0,226.0,222.0,224.0,4.0,32200.0,7250600.0,29.0,210.0,224.0,6900.0,222.0,9100.0,6562497100.0,6562497100.0,665437206.0,600.0,0.0,,0.0,0.0,0.0
2025-09-11,224.0,222.0,222.0,224.0,218.0,222.0,-2.0,84800.0,18749600.0,56.0,208.1,224.0,96800.0,222.0,47400.0,6562497100.0,6562497100.0,665437206.0,900.0,0.0,,0.0,0.0,0.0
2025-09-12,222.0,0.0,0.0,224.0,220.0,224.0,2.0,11200.0,2491400.0,23.0,210.0,224.0,111100.0,220.0,40500.0,6562497100.0,6562497100.0,665437206.0,0.0,0.0,,0.0,0.0,0.0
2025-09-15,224.0,224.0,224.0,226.0,220.0,222.0,-2.0,40700.0,9113600.0,45.0,208.1,224.0,70300.0,222.0,20800.0,6562497100.0,6562497100.0,665437206.0,2400.0,0.0,,0.0,0.0,0.0
2025-09-16,222.0,224.0,224.0,224.0,222.0,222.0,0.0,43500.0,9692600.0,30.0,208.1,224.0,149800.0,222.0,45900.0,6562497100.0,6562497100.0,665437206.0,100.0,0.0,,0.0,0.0,0.0
2025-09-17,222.0,222.0,222.0,226.0,222.0,226.0,4.0,254600.0,57048800.0,77.0,211.9,226.0,150300.0,222.0,35700.0,6562497100.0,6562497100.0,665437206.0,4000.0,0.0,,155377000.0,38844250000.0,2.0
2025-09-18,226.0,226.0,226.0,226.0,222.0,222.0,-4.0,147300.0,32959000.0,56.0,208.1,222.0,54000.0,220.0,71400.0,6562497100.0,6562497100.0,665437206.0,0.0,0.0,,0.0,0.0,0.0
2025-09-19,222.0,226.0,226.0,230.0,222.0,224.0,2.0,274500.0,62117000.0,74.0,210.0,228.0,124400.0,226.0,2000.0,6562497100.0,6562497100.0,665437206.0,0.0,0.0,,0.0,0.0,0.0
2025-09-22,224.0,230.0,230.0,280.0,230.0,280.0,56.0,10528000.0,2928381000.0,1660.0,262.5,0.0,0.0,280.0,409600.0,6562497100.0,6562497100.0,665437206.0,4520600.0,95500.0,,0.0,0.0,0.0
2025-09-23,280.0,312.0,320.0,340.0,256.0,264.0,-16.0,16660900.0,5051473400.0,4094.0,247.5,264.0,127400.0,262.0,20200.0,6562497100.0,6562497100.0,665437206.0,649200.0,549400.0,,0.0,0.0,0.0
2025-09-24,264.0,266.0,266.0,266.0,236.0,254.0,-10.0,3266300.0,806918000.0,934.0,238.1,256.0,51200.0,254.0,101900.0,6562497100.0,6562497100.0,665437206.0,72200.0,186100.0,,0.0,0.0,0.0
2025-09-25,254.0,256.0,256.0,256.0,238.0,242.0,-12.0,1017500.0,246532800.0,339.0,226.9,242.0,47400.0,240.0,43400.0,6562497100.0,6562497100.0,665437206.0,37700.0,17200.0,,0.0,0.0,0.0
2025-09-26,242.0,242.0,244.0,248.0,232.0,238.0,-4.0,730500.0,174153800.0,233.0,223.1,240.0,3100.0,236.0,2200.0,6562497100.0,6562497100.0,665437206.0,117500.0,124600.0,,0.0,0.0,0.0
2025-09-29,238.0,238.0,238.0,246.0,232.0,238.0,0.0,233000.0,55863800.0,143.0,223.1,242.0,26600.0,238.0,50900.0,6562497100.0,6562497100.0,665437206.0,24900.0,9400.0,,0.0,0.0,0.0
2025-09-30,238.0,0.0,0.0,246.0,222.0,234.0,-4.0,1237800.0,289043600.0,452.0,219.4,234.0,21400.0,232.0,13300.0,6562497100.0,6562497100.0,665437206.0,0.0,35200.0,,0.0,0.0,0.0
2025-10-01,234.0,234.0,234.0,236.0,226.0,232.0,-2.0,551500.0,127796400.0,180.0,217.5,232.0,8800.0,230.0,52800.0,6562497100.0,6562497100.0,665437206.0,0.0,900.0,,0.0,0.0,0.0
2025-10-02,232.0,226.0,232.0,234.0,226.0,228.0,-4.0,724500.0,164733200.0,249.0,213.7,230.0,4800.0,228.0,5000.0,6562497100.0,6562497100.0,665437206.0,0.0,10900.0,,0.0,0.0,0.0
2025-10-03,228.0,230.0,230.0,232.0,224.0,228.0,0.0,199000.0,45287800.0,129.0,213.7,228.0,5600.0,226.0,18700.0,6562497100.0,6562497100.0,665437206.0,0.0,6000.0,,0.0,0.0,0.0
2025-10-06,228.0,228.0,228.0,230.0,222.0,222.0,-6.0,722600.0,161752600.0,256.0,208.1,224.0,3500.0,222.0,18500.0,6562497100.0,6562497100.0,665437206.0,0.0,0.0,,0.0,0.0,0.0
2025-10-07,222.0,224.0,224.0,230.0,222.0,228.0,6.0,612500.0,137572800.0,207.0,213.7,228.0,28700.0,226.0,3400.0,6562497100.0,6562497100.0,665437206.0,0.0,0.0,,0.0,0.0,0.0
2025-10-08,228.0,230.0,230.0,230.0,222.0,224.0,-4.0,272600.0,60762400.0,171.0,210.0,224.0,119200.0,222.0,83100.0,6562497100.0,6562497100.0,665437206.0,20100.0,0.0,,0.0,0.0,0.0
2025-10-09,224.0,224.0,224.0,232.0,222.0,224.0,0.0,350900.0,78725800.0,173.0,210.0,226.0,50000.0,224.0,102500.0,6562497100.0,6562497100.0,665437206.0,1900.0,12900.0,,0.0,0.0,0.0
2025-10-10,224.0,0.0,0.0,228.0,222.0,224.0,0.0,605800.0,135125200.0,140.0,210.0,224.0,54400.0,222.0,408300.0,6562497100.0,6562497100.0,665437206.0,1500.0,0.0,,0.0,0.0,0.0
2025-10-13,224.0,226.0,224.0,240.0,222.0,236.0,12.0,1554100.0,360529400.0,382.0,221.2,238.0,31300.0,236.0,25300.0,6562497100.0,6562497100.0,665437206.0,2600.0,11100.0,,0.0,0.0,0.0
2025-10-14,236.0,238.0,238.0,238.0,230.0,232.0,-4.0,497400.0,116659800.0,172.0,217.5,236.0,35700.0,232.0,2900.0,6562497100.0,6562497100.0,665437206.0,39800.0,17500.0,,0.0,0.0,0.0
2025-10-15,232.0,232.0,230.0,232.0,220.0,224.0,-8.0,414700.0,92668400.0,162.0,210.0,226.0,9800.0,224.0,68100.0,6562497100.0,6562497100.0,665437206.0,5200.0,26400.0,,0.0,0.0,0.0
2025-10-16,224.0,226.0,224.0,228.0,224.0,224.0,0.0,148900.0,33679200.0,86.0,210.0,226.0,1800.0,224.0,284100.0,6562497100.0,6562497100.0,665437206.0,0.0,100.0,,0.0,0.0,0.0
2025-10-17,224.0,228.0,228.0,230.0,222.0,222.0,-2.0,320700.0,71480200.0,106.0,208.1,224.0,2500.0,222.0,30500.0,6562497100.0,6562497100.0,665437206.0,4000.0,700.0,,0.0,0.0,0.0
2025-10-20,222.0,0.0,0.0,228.0,222.0,226.0,4.0,566900.0,127502600.0,123.0,211.9,228.0,79500.0,226.0,4100.0,6562497100.0,6562497100.0,665437206.0,1400.0,5000.0,,0.0,0.0,0.0
2025-10-21,226.0,226.0,226.0,232.0,224.0,226.0,0.0,496800.0,112092000.0,82.0,211.9,228.0,246200.0,226.0,85100.0,6562497100.0,6562497100.0,665437206.0,400.0,0.0,,0.0,0.0,0.0
2025-10-22,226.0,226.0,226.0,228.0,224.0,226.0,0.0,133300.0,30077400.0,73.0,211.9,226.0,7600.0,224.0,134900.0,6562497100.0,6562497100.0,665437206.0,4100.0,200.0,,0.0,0.0,0.0
2025-10-23,226.0,226.0,226.0,228.0,224.0,226.0,0.0,301100.0,68026000.0,98.0,211.9,226.0,37500.0,224.0,87000.0,6562497100.0,6562497100.0,665437206.0,3600.0,2000.0,,0.0,0.0,0.0
2025-10-24,226.0,226.0,226.0,226.0,222.0,226.0,0.0,380600.0,84907000.0,109.0,211.9,226.0,9900.0,224.0,179000.0,6562497100.0,6562497100.0,665437206.0,2200.0,4400.0,,0.0,0.0,0.0
2025-10-27,226.0,226.0,228.0,230.0,224.0,228.0,2.0,387500.0,87958000.0,145.0,213.7,228.0,142800.0,226.0,86600.0,6562497100.0,6562497100.0,665437206.0,500.0,11500.0,,0.0,0.0,0.0
2025-10-28,228.0,230.0,228.0,230.0,224.0,228.0,0.0,88700.0,20128000.0,56.0,213.7,228.0,132100.0,224.0,77400.0,6562497100.0,6562497100.0,665437206.0,9600.0,0.0,,0.0,0.0,0.0
2025-10-29,228.0,230.0,230.0,230.0,224.0,224.0,-4.0,262400.0,59370200.0,84.0,210.0,228.0,125100.0,224.0,335400.0,6562497100.0,6562497100.0,665437206.0,900.0,13800.0,,0.0,0.0,0.0
2025-10-30,224.0,0.0,0.0,228.0,224.0,226.0,2.0,330700.0,74881000.0,88.0,211.9,226.0,9700.0,224.0,191000.0,6562497100.0,6562497100.0,665437206.0,100.0,34400.0,,0.0,0.0,0.0
2025-10-31,226.0,226.0,224.0,228.0,224.0,226.0,0.0,56600.0,12790600.0,57.0,211.9,226.0,9300.0,224.0,210500.0,6562497100.0,6562497100.0,665437206.0,0.0,300.0,,0.0,0.0,0.0
2025-11-04,226.0,0.0,0.0,226.0,224.0,226.0,0.0,217400.0,49066400.0,59.0,211.9,226.0,131800.0,224.0,170700.0,6562497100.0,6562497100.0,665437206.0,27100.0,4100.0,,0.0,0.0,0.0
2025-11-05,226.0,224.0,224.0,226.0,222.0,226.0,0.0,336900.0,75626200.0,126.0,211.9,226.0,44600.0,224.0,32000.0,6562497100.0,6562497100.0,665437206.0,0.0,3600.0,,0.0,0.0,0.0
2025-11-06,226.0,0.0,0.0,228.0,224.0,226.0,0.0,116000.0,26149000.0,66.0,211.9,228.0,301000.0,226.0,19100.0,6562497100.0,6562497100.0,665437206.0,100.0,0.0,,0.0,0.0,0.0
2025-11-07,226.0,228.0,226.0,228.0,224.0,226.0,0.0,135800.0,30705200.0,38.0,211.9,226.0,42500.0,224.0,115400.0,6562497100.0,6562497100.0,665437206.0,3900.0,0.0,,0.0,0.0,0.0
2025-11-10,226.0,226.0,228.0,228.0,224.0,228.0,2.0,214100.0,48440600.0,87.0,213.7,228.0,225000.0,226.0,4700.0,6562497100.0,6562497100.0,665437206.0,0.0,1800.0,,0.0,0.0,0.0
2025-11-11,228.0,228.0,228.0,228.0,224.0,226.0,-2.0,275300.0,62107200.0,96.0,211.9,226.0,44300.0,224.0,66500.0,6562497100.0,6562497100.0,665437206.0,0.0,3300.0,,0.0,0.0,0.0
2025-11-12,226.0,228.0,228.0,228.0,218.0,226.0,0.0,968900.0,217716000.0,170.0,211.9,226.0,13900.0,224.0,12300.0,6562497100.0,6562497100.0,665437206.0,0.0,23800.0,,0.0,0.0,0.0
2025-11-13,226.0,226.0,226.0,226.0,224.0,224.0,-2.0,253000.0,56923400.0,95.0,210.0,226.0,41200.0,224.0,79500.0,6562497100.0,6562497100.0,665437206.0,0.0,1600.0,,0.0,0.0,0.0
2025-11-14,224.0,226.0,226.0,228.0,224.0,226.0,2.0,267100.0,60438400.0,82.0,211.9,226.0,900.0,224.0,108300.0,6562497100.0,6562497100.0,665437206.0,0.0,1100.0,,0.0,0.0,0.0
2025-11-17,226.0,226.0,224.0,228.0,222.0,228.0,2.0,449700.0,101266600.0,145.0,213.7,230.0,21800.0,228.0,154100.0,6562497100.0,6562497100.0,665437206.0,0.0,1100.0,,0.0,0.0,0.0
2025-11-18,228.0,228.0,228.0,228.0,224.0,226.0,-2.0,268200.0,60247800.0,147.0,211.9,226.0,9000.0,224.0,20600.0,6562497100.0,6562497100.0,665437206.0,2500.0,0.0,,0.0,0.0,0.0
2025-11-19,226.0,226.0,226.0,226.0,224.0,226.0,0.0,123900.0,27834400.0,67.0,211.9,226.0,36900.0,224.0,41300.0,6562497100.0,6562497100.0,665437206.0,0.0,1100.0,,0.0,0.0,0.0
2025-11-20,226.0,226.0,228.0,230.0,224.0,226.0,0.0,179000.0,40644600.0,93.0,211.9,226.0,2200.0,224.0,46100.0,6562497100.0,6562497100.0,665437206.0,1500.0,0.0,,0.0,0.0,0.0
2025-11-21,226.0,228.0,228.0,228.0,224.0,224.0,-2.0,195000.0,43786800.0,93.0,210.0,224.0,42200.0,222.0,204400.0,6562497100.0,6562497100.0,665437206.0,0.0,100.0,,0.0,0.0,0.0
2025-11-24,224.0,224.0,224.0,226.0,222.0,224.0,0.0,279200.0,62380400.0,101.0,210.0,224.0,36800.0,222.0,52700.0,6562497100.0,6562497100.0,665437206.0,10600.0,0.0,,0.0,0.0,0.0
2025-11-25,224.0,224.0,224.0,226.0,222.0,226.0,2.0,127700.0,28641200.0,70.0,211.9,226.0,11800.0,224.0,4900.0,6562497100.0,6562497100.0,665437206.0,0.0,0.0,,0.0,0.0,0.0
2025-11-26,226.0,226.0,226.0,232.0,222.0,228.0,2.0,491900.0,112403600.0,129.0,213.7,228.0,3400.0,224.0,10500.0,6562497100.0,6562497100.0,665437206.0,47800.0,0.0,,0.0,0.0,0.0
2025-11-27,228.0,228.0,228.0,228.0,224.0,226.0,-2.0,86000.0,19348400.0,79.0,211.9,226.0,6100.0,224.0,8300.0,6562497100.0,6562497100.0,665437206.0,4500.0,0.0,,0.0,0.0,0.0
2025-11-28,226.0,226.0,226.0,228.0,222.0,224.0,-2.0,132200.0,29608000.0,62.0,210.0,224.0,79700.0,222.0,171700.0,6562497100.0,6562497100.0,665437206.0,10100.0,0.0,,0.0,0.0,0.0
2025-12-01,224.0,224.0,224.0,226.0,222.0,224.0,0.0,258700.0,57755600.0,105.0,210.0,224.0,7300.0,222.0,82000.0,6562497100.0,6562497100.0,665437206.0,900.0,0.0,,0.0,0.0,0.0
2025-12-02,224.0,224.0,224.0,224.0,222.0,224.0,0.0,94200.0,21035800.0,68.0,210.0,224.0,2200.0,222.0,189700.0,6562497100.0,6562497100.0,665437206.0,3300.0,0.0,,0.0,0.0,0.0
2025-12-03,224.0,224.0,224.0,226.0,222.0,226.0,2.0,92100.0,20727200.0,40.0,211.9,226.0,24100.0,224.0,108000.0,6562497100.0,6562497100.0,665437206.0,0.0,0.0,,0.0,0.0,0.0
2025-12-04,226.0,228.0,226.0,228.0,224.0,226.0,0.0,236800.0,53482800.0,64.0,211.9,228.0,72800.0,226.0,22700.0,6562497100.0,6562497100.0,665437206.0,0.0,50000.0,,0.0,0.0,0.0
2025-12-05,226.0,228.0,228.0,228.0,224.0,226.0,0.0,114800.0,25878800.0,48.0,211.9,226.0,5000.0,224.0,55900.0,6562497100.0,6562497100.0,665437206.0,0.0,0.0,,0.0,0.0,0.0
2025-12-08,226.0,226.0,226.0,226.0,224.0,226.0,0.0,129600.0,29209400.0,52.0,211.9,226.0,51300.0,224.0,136500.0,6562497100.0,6562497100.0,665437206.0,0.0,17600.0,,0.0,0.0,0.0
2025-12-09,226.0,0.0,0.0,228.0,224.0,226.0,0.0,101000.0,22814600.0,50.0,211.9,226.0,53600.0,224.0,1104500.0,6562497100.0,6562497100.0,665437206.0,0.0,0.0,,0.0,0.0,0.0
2025-12-10,226.0,226.0,226.0,230.0,224.0,226.0,0.0,441700.0,100373000.0,120.0,211.9,226.0,4100.0,224.0,42300.0,6562497100.0,6562497100.0,665437206.0,0.0,0.0,,0.0,0.0,0.0
2025-12-11,226.0,226.0,230.0,230.0,222.0,222.0,-4.0,328900.0,73847200.0,120.0,208.1,226.0,21600.0,222.0,585500.0,6562497100.0,6562497100.0,665437206.0,0.0,0.0,,0.0,0.0,0.0
2025-12-12,222.0,226.0,222.0,226.0,222.0,224.0,2.0,284900.0,63340200.0,43.0,210.0,224.0,26300.0,222.0,212600.0,6562497100.0,6562497100.0,665437206.0,0.0,0.0,,0.0,0.0,0.0
2025-12-15,224.0,224.0,224.0,228.0,222.0,224.0,0.0,180200.0,40527200.0,71.0,210.0,224.0,300.0,222.0,145400.0,6562497100.0,6562497100.0,665437206.0,19200.0,0.0,,0.0,0.0,0.0
2025-12-16,224.0,224.0,224.0,226.0,222.0,226.0,2.0,85300.0,19074600.0,37.0,211.9,226.0,25800.0,222.0,143900.0,6562497100.0,6562497100.0,665437206.0,0.0,0.0,,0.0,0.0,0.0
2025-12-17,226.0,226.0,224.0,228.0,224.0,226.0,0.0,100500.0,22777000.0,63.0,211.9,228.0,75700.0,226.0,1376100.0,6562497100.0,6562497100.0,665437206.0,0.0,0.0,,0.0,0.0,0.0
2025-12-18,226.0,228.0,228.0,228.0,226.0,228.0,2.0,159900.0,36376400.0,76.0,213.7,228.0,16300.0,226.0,48000.0,6562497100.0,6562497100.0,665437206.0,0.0,0.0,,0.0,0.0,0.0
2025-12-19,228.0,228.0,230.0,230.0,226.0,228.0,0.0,209700.0,47689400.0,91.0,213.7,228.0,1600.0,226.0,63900.0,6562497100.0,6562497100.0,665437206.0,0.0,0.0,,0.0,0.0,0.0
2025-12-22,228.0,228.0,228.0,230.0,226.0,230.0,2.0,266700.0,60941000.0,88.0,215.6,230.0,231700.0,228.0,100.0,6562497100.0,6562497100.0,665437206.0,0.0,0.0,,0.0,0.0,0.0
2025-12-23,230.0,230.0,228.0,230.0,226.0,228.0,-2.0,87300.0,19800200.0,60.0,213.7,228.0,117600.0,226.0,17500.0,6562497100.0,6562497100.0,665437206.0,0.0,0.0,,0.0,0.0,0.0
2025-12-24,228.0,228.0,228.0,232.0,226.0,226.0,-2.0,388900.0,89274600.0,76.0,211.9,230.0,194600.0,226.0,80300.0,6562497100.0,6562497100.0,665437206.0,0.0,0.0,,0.0,0.0,0.0
2025-12-29,226.0,228.0,228.0,230.0,224.0,226.0,0.0,277100.0,62942200.0,89.0,211.9,226.0,15500.0,224.0,327900.0,6562497100.0,6562497100.0,665437206.0,0.0,38000.0,,0.0,0.0,0.0
2025-12-30,226.0,226.0,230.0,230.0,224.0,226.0,0.0,240900.0,54255000.0,105.0,211.9,226.0,2500.0,224.0,4400.0,6562497100.0,6562497100.0,665437206.0,700.0,16600.0,,0.0,0.0,0.0
2026-01-02,226.0,226.0,226.0,228.0,222.0,226.0,0.0,153200.0,34485600.0,104.0,211.9,226.0,15800.0,224.0,2600.0,6562497100.0,6562497100.0,510562274.0,8500.0,16400.0,,0.0,0.0,0.0
2026-01-05,226.0,224.0,224.0,228.0,224.0,226.0,0.0,151000.0,33962600.0,77.0,211.9,228.0,46200.0,226.0,8700.0,6562497100.0,6562497100.0,510562274.0,0.0,0.0,,0.0,0.0,0.0
2026-01-06,226.0,226.0,226.0,238.0,224.0,230.0,4.0,961600.0,220551000.0,199.0,215.6,230.0,2900.0,228.0,45600.0,6562497100.0,6562497100.0,510562274.0,44300.0,53700.0,,0.0,0.0,0.0
2026-01-07,230.0,230.0,230.0,232.0,228.0,228.0,-2.0,176100.0,40368800.0,108.0,213.7,230.0,492500.0,228.0,27000.0,6562497100.0,6562497100.0,510562274.0,0.0,0.0,,0.0,0.0,0.0
2026-01-08,228.0,228.0,232.0,236.0,228.0,230.0,2.0,236100.0,54395000.0,108.0,215.6,230.0,10000.0,228.0,55700.0,6562497100.0,6562497100.0,510562274.0,13900.0,18900.0,,0.0,0.0,0.0
2026-01-09,230.0,276.0,278.0,286.0,264.0,286.0,56.0,14948800.0,4170665600.0,2733.0,268.1,0.0,0.0,286.0,7645200.0,6562497100.0,6562497100.0,510562274.0,217400.0,463400.0,,0.0,0.0,0.0
2026-01-12,286.0,348.0,348.0,356.0,310.0,356.0,70.0,12924900.0,4576587600.0,1453.0,333.7,0.0,0.0,356.0,1164300.0,6562497100.0,6562497100.0,510562274.0,255400.0,48900.0,,0.0,0.0,0.0
2026-01-13,356.0,444.0,444.0,444.0,364.0,444.0,88.0,29542500.0,13016469800.0,3921.0,416.2,0.0,0.0,444.0,1933000.0,6562497100.0,6562497100.0,510562274.0,4654200.0,160600.0,,0.0,0.0,0.0
2026-01-14,444.0,555.0,555.0,555.0,492.0,555.0,111.0,68540600.0,37370813300.0,10262.0,520.3,0.0,0.0,555.0,4032300.0,6562497100.0,6562497100.0,510562274.0,4633900.0,1221500.0,,0.0,0.0,0.0
2026-01-15,555.0,0.0,0.0,0.0,0.0,555.0,0.0,0.0,0.0,0.0,520.3,0.0,0.0,0.0,0.0,6562497100.0,6562497100.0,510562274.0,0.0,0.0,,0.0,0.0,0.0
2026-01-19,555.0,680.0,685.0,690.0,498.0,600.0,45.0,107538500.0,63753850900.0,17391.0,562.5,605.0,131100.0,600.0,5177300.0,6562497100.0,6562497100.0,510562274.0,5424800.0,1334500.0,,0.0,0.0,0.0
2026-01-20,600.0,550.0,560.0,745.0,535.0,745.0,145.0,51638300.0,32293390000.0,7879.0,698.4,750.0,334000.0,745.0,2608500.0,6562497100.0,6562497100.0,510562274.0,8570000.0,1156000.0,,0.0,0.0,0.0
2026-01-21,745.0,0.0,0.0,0.0,0.0,745.0,0.0,0.0,0.0,0.0,698.4,0.0,0.0,0.0,0.0,6562497100.0,6562497100.0,510562274.0,0.0,0.0,,0.0,0.0,0.0
2026-01-22,745.0,0.0,0.0,0.0,0.0,745.0,0.0,0.0,0.0,0.0,698.4,0.0,0.0,0.0,0.0,6562497100.0,6562497100.0,510562274.0,0.0,0.0,,0.0,0.0,0.0
2026-01-23,745.0,0.0,0.0,0.0,0.0,745.0,0.0,0.0,0.0,0.0,698.4,0.0,0.0,0.0,0.0,6562497100.0,6562497100.0,510562274.0,0.0,0.0,,0.0,0.0,0.0
2026-01-26,745.0,0.0,0.0,0.0,0.0,745.0,0.0,0.0,0.0,0.0,698.4,0.0,0.0,0.0,0.0,6562497100.0,6562497100.0,510562274.0,0.0,0.0,,3125000.0,2000000000.0,1.0
2026-01-27,745.0,0.0,0.0,0.0,0.0,745.0,0.0,0.0,0.0,0.0,698.4,0.0,0.0,0.0,0.0,6562497100.0,6562497100.0,510562274.0,0.0,0.0,,0.0,0.0,0.0
2026-01-28,745.0,0.0,0.0,0.0,0.0,745.0,0.0,0.0,0.0,0.0,698.4,0.0,0.0,0.0,0.0,6562497100.0,6562497100.0,510562274.0,0.0,0.0,,0.0,0.0,0.0
2026-01-29,745.0,0.0,0.0,0.0,0.0,745.0,0.0,0.0,0.0,0.0,698.4,0.0,0.0,0.0,0.0,6562497100.0,6562497100.0,510562274.0,0.0,0.0,,0.0,0.0,0.0
2026-01-30,745.0,0.0,0.0,0.0,0.0,745.0,0.0,0.0,0.0,0.0,698.4,0.0,0.0,0.0,0.0,6562497100.0,6562497100.0,510562274.0,0.0,0.0,,0.0,0.0,0.0
2026-02-02,745.0,0.0,0.0,0.0,0.0,745.0,0.0,0.0,0.0,0.0,698.4,0.0,0.0,0.0,0.0,6562497100.0,6562497100.0,510562274.0,0.0,0.0,,0.0,0.0,0.0
2026-02-03,745.0,0.0,0.0,815.0,815.0,815.0,70.0,10019400.0,8165811000.0,2944.0,764.1,0.0,0.0,815.0,2937800.0,6562497100.0,6562497100.0,510562274.0,1550000.0,0.0,,0.0,0.0,0.0
2026-02-04,815.0,0.0,0.0,895.0,895.0,895.0,80.0,8859600.0,7929342000.0,2139.0,839.1,0.0,0.0,895.0,5614900.0,6562497100.0,6562497100.0,510562274.0,2720000.0,0.0,,0.0,0.0,0.0
2026-02-05,895.0,0.0,0.0,980.0,980.0,980.0,85.0,12284900.0,12039202000.0,3131.0,918.7,0.0,0.0,980.0,5758100.0,6562497100.0,6562497100.0,510562274.0,1330000.0,0.0,,0.0,0.0,0.0
2026-02-06,980.0,0.0,0.0,1075.0,1075.0,1075.0,95.0,8610400.0,9256180000.0,2476.0,1007.8,0.0,0.0,1075.0,7624400.0,6562497100.0,6562497100.0,510562274.0,250000.0,4000.0,,0.0,0.0,0.0
2026-02-09,1075.0,0.0,0.0,1180.0,1180.0,1180.0,105.0,8009900.0,9451682000.0,2536.0,1106.2,0.0,0.0,1180.0,12680800.0,6562497100.0,6562497100.0,510562274.0,250500.0,0.0,,0.0,0.0,0.0
2026-02-10,1180.0,0.0,0.0,1295.0,1295.0,1295.0,115.0,9890100.0,12807679500.0,2307.0,1214.1,0.0,0.0,1295.0,5837100.0,6562497100.0,6562497100.0,510562274.0,200000.0,1500.0,,0.0,0.0,0.0
2026-02-11,1295.0,0.0,0.0,1420.0,1420.0,1420.0,125.0,10720500.0,15223110000.0,2768.0,1331.2,0.0,0.0,1420.0,10496400.0,6562497100.0,6562497100.0,510562274.0,150000.0,0.0,,0.0,0.0,0.0
2026-02-12,1420.0,1560.0,1565.0,1775.0,1210.0,1775.0,355.0,76435800.0,127974931000.0,29090.0,1664.1,0.0,0.0,1775.0,5870600.0,6562497100.0,6562497100.0,510562274.0,1855800.0,2527200.0,,0.0,0.0,0.0
2026-02-13,1775.0,1815.0,1820.0,2210.0,1815.0,2210.0,435.0,81783600.0,174501051500.0,29711.0,2071.9,0.0,0.0,2210.0,4592800.0,6562497100.0,6562497100.0,510562274.0,880800.0,118200.0,,0.0,0.0,0.0
2026-02-18,2210.0,2700.0,2700.0,2760.0,1880.0,2760.0,550.0,93020800.0,249521645500.0,35526.0,2587.5,0.0,0.0,2760.0,5142900.0,6562497100.0,6562497100.0,510562274.0,1615600.0,1970200.0,,0.0,0.0,0.0
2026-02-19,2760.0,3080.0,3090.0,3410.0,2430.0,2870.0,110.0,239988500.0,718296501000.0,119735.0,2690.6,2890.0,500.0,2870.0,1862500.0,6562497100.0,6562497100.0,510562274.0,3739700.0,4848700.0,,0.0,0.0,0.0
2026-02-20,2870.0,3050.0,3050.0,3200.0,2440.0,2440.0,-430.0,84832300.0,225373942000.0,40146.0,2287.5,2440.0,32704500.0,0.0,0.0,6562497100.0,6562497100.0,510562274.0,1753300.0,1906100.0,,0.0,0.0,0.0
2026-02-23,2440.0,2080.0,2080.0,2080.0,2080.0,2080.0,-360.0,1861100.0,3871088000.0,1765.0,1950.0,2080.0,35830300.0,0.0,0.0,6562497100.0,6562497100.0,510562274.0,0.0,0.0,,100.0,287000.0,1.0
2026-02-24,2080.0,1770.0,1770.0,1770.0,1770.0,1770.0,-310.0,683500.0,1209795000.0,907.0,1659.4,1770.0,35028800.0,0.0,0.0,6562497100.0,6562497100.0,510562274.0,0.0,0.0,,129200.0,131326000.0,9.0
2026-02-25,1770.0,1505.0,1505.0,1505.0,1505.0,1505.0,-265.0,650100.0,978400500.0,668.0,1410.9,1505.0,30549900.0,0.0,0.0,6562497100.0,6562497100.0,510562274.0,0.0,0.0,,388400.0,320692500.0,21.0
2026-02-26,1505.0,1280.0,1280.0,1280.0,1280.0,1280.0,-225.0,782900.0,1002112000.0,740.0,1200.0,1280.0,27573200.0,0.0,0.0,6562497100.0,6562497100.0,510562274.0,400.0,0.0,,485600.0,369229500.0,27.0
2026-02-27,1280.0,1090.0,1090.0,1230.0,1090.0,1230.0,-50.0,55543700.0,64146613000.0,8485.0,1153.1,1235.0,10500.0,1230.0,10810100.0,6562497100.0,6562497100.0,510562274.0,4900.0,24700.0,,534100.0,374654000.0,16.0
2026-03-02,1230.0,1245.0,1250.0,1475.0,1050.0,1280.0,50.0,185780800.0,239130441500.0,51067.0,1200.0,1280.0,8905700.0,1275.0,12600.0,6562497100.0,6562497100.0,510562274.0,4351900.0,2265200.0,,0.0,0.0,0.0
2026-03-03,1280.0,1390.0,1385.0,1390.0,1090.0,1090.0,-190.0,44405500.0,53984575000.0,12652.0,1021.9,1090.0,8310800.0,0.0,0.0,6562497100.0,6562497100.0,510562274.0,410200.0,824700.0,,1000.0,1770000.0,1.0
2026-03-04,1090.0,930.0,930.0,930.0,930.0,930.0,-160.0,2026000.0,1884180000.0,937.0,871.9,930.0,9670000.0,0.0,0.0,6562497100.0,6562497100.0,510562274.0,0.0,0.0,,11300.0,7610000.0,2.0
2026-03-05,930.0,795.0,795.0,1030.0,795.0,795.0,-135.0,68924700.0,61061862500.0,16254.0,745.3,795.0,3572900.0,0.0,0.0,6562497100.0,6562497100.0,510562274.0,649000.0,2130300.0,,0.0,0.0,0.0
2026-03-06,795.0,790.0,790.0,865.0,690.0,835.0,40.0,63333300.0,49731387500.0,13998.0,782.8,840.0,5900.0,835.0,5051200.0,6562497100.0,6562497100.0,510562274.0,1845500.0,1645800.0,,0.0,0.0,0.0
2026-03-09,835.0,830.0,825.0,910.0,735.0,855.0,20.0,61519200.0,51327645500.0,13334.0,801.6,855.0,794500.0,850.0,81100.0,6562497100.0,6562497100.0,510562274.0,4217800.0,3466500.0,,0.0,0.0,0.0
2026-03-10,855.0,845.0,845.0,900.0,730.0,730.0,-125.0,49795900.0,37991464000.0,9582.0,684.4,730.0,4772500.0,0.0,0.0,6562497100.0,6562497100.0,510562274.0,1185900.0,1227000.0,,0.0,0.0,0.0
2026-03-11,730.0,650.0,650.0,675.0,625.0,625.0,-105.0,13411700.0,8473184500.0,2248.0,585.9,625.0,7735700.0,0.0,0.0,6562497100.0,6562497100.0,510562274.0,78400.0,77100.0,,0.0,0.0,0.0
2026-03-12,625.0,545.0,550.0,565.0,535.0,535.0,-90.0,23985300.0,13060456500.0,3804.0,501.6,535.0,10307100.0,0.0,0.0,6562497100.0,6562497100.0,510562274.0,832200.0,1661000.0,,0.0,0.0,0.0
2026-03-13,535.0,460.0,464.0,510.0,456.0,458.0,-77.0,99469000.0,46816865900.0,14774.0,429.4,460.0,6700.0,458.0,1100.0,6562497100.0,6562497100.0,510562274.0,3652200.0,5821400.0,,4500.0,2052000.0,1.0
2026-03-16,458.0,422.0,414.0,470.0,396.0,422.0,-36.0,21839100.0,9356819800.0,5887.0,395.6,422.0,7300.0,420.0,1000.0,6562497100.0,6562497100.0,510562274.0,3721700.0,3484900.0,,0.0,0.0,0.0
2026-03-17,422.0,434.0,436.0,470.0,400.0,426.0,4.0,41792200.0,17727463600.0,7592.0,399.4,430.0,153900.0,426.0,6453200.0,6562497100.0,6562497100.0,510562274.0,7181500.0,4930800.0,,0.0,0.0,0.0
2026-03-25,426.0,460.0,462.0,520.0,436.0,510.0,84.0,61906800.0,29743681200.0,11354.0,478.1,510.0,1958100.0,505.0,13700.0,6562497100.0,6562497100.0,510562274.0,9427000.0,8951700.0,,0.0,0.0,0.0
2026-03-26,510.0,515.0,515.0,615.0,434.0,434.0,-76.0,132167800.0,66786534000.0,22023.0,406.9,434.0,4817500.0,0.0,0.0,6562497100.0,6562497100.0,510562274.0,7204400.0,7179600.0,,0.0,0.0,0.0
2026-03-27,434.0,416.0,414.0,416.0,372.0,398.0,-36.0,32174900.0,12728854000.0,7237.0,373.1,400.0,54700.0,398.0,21400.0,6562497100.0,6562497100.0,510562274.0,3037600.0,5761200.0,,0.0,0.0,0.0
2026-03-30,398.0,396.0,396.0,410.0,376.0,398.0,0.0,13718700.0,5431253400.0,3470.0,373.1,400.0,52000.0,398.0,400.0,6562497100.0,6562497100.0,510562274.0,1961100.0,2580800.0,,0.0,0.0,0.0
2026-03-31,398.0,408.0,408.0,428.0,394.0,398.0,0.0,17095300.0,6962733000.0,3556.0,373.1,398.0,24300.0,396.0,201600.0,6562497100.0,6562497100.0,510562274.0,2079000.0,2062500.0,,0.0,0.0,0.0
2026-04-01,398.0,398.0,398.0,408.0,388.0,398.0,0.0,10251500.0,4093354600.0,2485.0,373.1,398.0,71300.0,396.0,87300.0,6562497100.0,6562497100.0,551906006.0,1303300.0,1676500.0,,0.0,0.0,0.0
2026-04-02,398.0,396.0,396.0,396.0,364.0,372.0,-26.0,10420300.0,3980822600.0,2662.0,348.7,372.0,56400.0,370.0,80200.0,6562497100.0,6562497100.0,551906006.0,770100.0,2033500.0,,0.0,0.0,0.0
2026-04-06,372.0,372.0,372.0,372.0,352.0,356.0,-16.0,10232700.0,3665383000.0,2284.0,333.7,356.0,351500.0,354.0,30000.0,6562497100.0,6562497100.0,551906006.0,416600.0,3052200.0,,0.0,0.0,0.0
2026-04-07,356.0,358.0,358.0,436.0,344.0,400.0,44.0,80623100.0,32941475400.0,16597.0,375.0,402.0,62800.0,400.0,85100.0,6562497100.0,6562497100.0,551906006.0,12422300.0,14474300.0,,0.0,0.0,0.0
2026-04-08,400.0,390.0,390.0,408.0,384.0,402.0,2.0,21736900.0,8601414000.0,4909.0,376.9,404.0,120300.0,402.0,30100.0,6562497100.0,6562497100.0,551906006.0,2825100.0,5843000.0,,0.0,0.0,0.0
2026-04-09,402.0,402.0,402.0,442.0,370.0,374.0,-28.0,75521200.0,30215065600.0,12596.0,350.6,376.0,53100.0,374.0,37600.0,6562497100.0,6562497100.0,551906006.0,15065100.0,4726000.0,,0.0,0.0,0.0
2026-04-10,374.0,368.0,370.0,384.0,366.0,378.0,4.0,14378500.0,5439307200.0,3243.0,354.4,378.0,4000.0,376.0,64800.0,6562497100.0,6562497100.0,551906006.0,1121500.0,3894000.0,,0.0,0.0,0.0
2026-04-13,378.0,372.0,372.0,390.0,370.0,386.0,8.0,13803500.0,5298297600.0,2632.0,361.9,388.0,74900.0,386.0,26500.0,6562497100.0,6562497100.0,551906006.0,375100.0,5815600.0,,0.0,0.0,0.0
2026-04-14,386.0,390.0,390.0,422.0,388.0,418.0,32.0,27968700.0,11442807000.0,5769.0,391.9,420.0,1118200.0,418.0,128900.0,6562497100.0,6562497100.0,551906006.0,3965600.0,10969300.0,,0.0,0.0,0.0
2026-04-15,418.0,430.0,430.0,484.0,422.0,456.0,38.0,47991700.0,21915360200.0,8932.0,427.5,456.0,35700.0,454.0,3700.0,6562497100.0,6562497100.0,551906006.0,10808400.0,13108100.0,,0.0,0.0,0.0
2026-04-16,456.0,470.0,470.0,500.0,448.0,456.0,0.0,35186300.0,16541753400.0,7428.0,427.5,458.0,20900.0,456.0,800.0,6562497100.0,6562497100.0,551906006.0,11638900.0,7370200.0,,0.0,0.0,0.0
2026-04-17,456.0,456.0,456.0,462.0,424.0,428.0,-28.0,16155500.0,7074654800.0,3706.0,401.2,430.0,60000.0,428.0,100300.0,6562497100.0,6562497100.0,551906006.0,5245500.0,1742800.0,,0.0,0.0,0.0
2026-04-20,428.0,424.0,426.0,438.0,414.0,426.0,-2.0,7004400.0,2979203800.0,1929.0,399.4,428.0,38400.0,426.0,135200.0,6562497100.0,6562497100.0,551906006.0,2489600.0,807700.0,,0.0,0.0,0.0
2026-04-21,426.0,428.0,430.0,432.0,410.0,420.0,-6.0,7030600.0,2944880200.0,1991.0,393.7,422.0,60700.0,420.0,17800.0,6562497100.0,6562497100.0,551906006.0,1502300.0,1383200.0,,0.0,0.0,0.0
2026-04-22,420.0,420.0,418.0,432.0,414.0,424.0,4.0,8051700.0,3401976800.0,1524.0,397.5,424.0,54900.0,422.0,13100.0,6562497100.0,6562497100.0,551906006.0,2836400.0,1234700.0,,0.0,0.0,0.0
2026-04-23,424.0,426.0,428.0,428.0,398.0,402.0,-22.0,10000100.0,4088616000.0,2138.0,376.9,402.0,8100.0,400.0,185600.0,6562497100.0,6562497100.0,551906006.0,2505400.0,98300.0,,0.0,0.0,0.0
2026-04-24,402.0,400.0,400.0,400.0,374.0,378.0,-24.0,7587600.0,2923855600.0,2051.0,354.4,378.0,58500.0,376.0,290300.0,6562497100.0,6562497100.0,551906006.0,1513200.0,1053200.0,,1000.0,456000.0,1.0
2026-04-27,378.0,378.0,376.0,390.0,360.0,372.0,-6.0,7855100.0,2944371600.0,1670.0,348.7,372.0,29800.0,370.0,277000.0,6562497100.0,6562497100.0,551906006.0,1774800.0,2803100.0,,0.0,0.0,0.0
2026-04-28,372.0,376.0,376.0,428.0,360.0,380.0,8.0,71062600.0,28667686800.0,11529.0,356.2,384.0,100.0,380.0,600.0,6562497100.0,6562497100.0,551906006.0,14179200.0,8557600.0,,0.0,0.0,0.0
2026-04-29,380.0,378.0,378.0,396.0,378.0,380.0,0.0,10309900.0,3951459200.0,2203.0,356.2,382.0,65000.0,380.0,13600.0,6562497100.0,6562497100.0,551906006.0,1966200.0,1281200.0,,0.0,0.0,0.0
2026-04-30,380.0,382.0,384.0,454.0,364.0,440.0,60.0,65036400.0,27128197400.0,9477.0,412.5,442.0,63000.0,440.0,33900.0,6562497100.0,6562497100.0,551906006.0,7901300.0,8612600.0,,0.0,0.0,0.0
2026-05-04,440.0,478.0,476.0,525.0,450.0,525.0,85.0,165277100.0,79755488200.0,28386.0,492.2,530.0,189900.0,525.0,3811200.0,6562497100.0,6562497100.0,551906006.0,10270900.0,8433700.0,,0.0,0.0,0.0
2026-05-05,525.0,530.0,535.0,560.0,448.0,448.0,-77.0,170821000.0,84834425400.0,35259.0,420.0,448.0,359800.0,0.0,0.0,6562497100.0,6562497100.0,551906006.0,8256100.0,7455600.0,,0.0,0.0,0.0
2026-05-06,448.0,394.0,400.0,424.0,394.0,416.0,-32.0,26013000.0,10771833400.0,6472.0,390.0,416.0,67400.0,414.0,441800.0,6562497100.0,6562497100.0,551906006.0,2630500.0,3829200.0,,0.0,0.0,0.0
2026-05-07,416.0,420.0,420.0,422.0,400.0,402.0,-14.0,14212100.0,5809512200.0,3958.0,376.9,404.0,13700.0,402.0,53600.0,6562497100.0,6562497100.0,551906006.0,1591600.0,1220700.0,,0.0,0.0,0.0
2026-05-08,402.0,402.0,402.0,410.0,380.0,382.0,-20.0,18169200.0,7177668000.0,4030.0,358.1,382.0,21900.0,380.0,342600.0,6562497100.0,6562497100.0,551906006.0,2619400.0,3056100.0,,0.0,0.0,0.0
