date,previous,open_price,first_trade,high,low,close,change,volume,value,frequency,index_individual,offer,offer_volume,bid,bid_volume,listed_shares,tradeble_shares,weight_for_index,foreign_sell,foreign_buy,delisting_date,non_regular_volume,non_regular_value,non_regular_frequency
2023-10-06,100.0,0.0,0.0,135.0,120.0,135.0,35.0,104582900.0,14073850700.0,5528.0,135.0,0.0,0.0,135.0,324265700.0,5280000000.0,1100000000.0,1100000000.0,378200.0,0.0,,78500.0,7850000.0,1.0
2023-10-09,135.0,0.0,0.0,158.0,89.0,103.0,-32.0,620324600.0,70974381600.0,41190.0,103.0,103.0,839700.0,102.0,6005000.0,5280000000.0,1100000000.0,1100000000.0,2094200.0,3469900.0,,70000.0,10290000.0,1.0
2023-10-10,103.0,0.0,0.0,104.0,94.0,100.0,-3.0,155904200.0,15457455900.0,8499.0,100.0,101.0,775200.0,100.0,61100.0,5280000000.0,1100000000.0,1100000000.0,1373100.0,140100.0,,0.0,0.0,0.0
2023-10-11,100.0,0.0,0.0,115.0,95.0,99.0,-1.0,51361000.0,5045911500.0,3017.0,99.0,100.0,3605000.0,99.0,242200.0,5280000000.0,1100000000.0,1100000000.0,203800.0,55100.0,,0.0,0.0,0.0
2023-10-12,99.0,0.0,0.0,111.0,98.0,105.0,6.0,147452900.0,15482699300.0,11656.0,105.0,106.0,1270000.0,105.0,235600.0,5280000000.0,1100000000.0,1100000000.0,384100.0,1436000.0,,0.0,0.0,0.0
2023-10-13,105.0,0.0,0.0,106.0,90.0,98.0,-7.0,77715700.0,7621862400.0,5643.0,98.0,99.0,1145100.0,98.0,1200300.0,5280000000.0,1100000000.0,1100000000.0,1153400.0,846600.0,,0.0,0.0,0.0
2023-10-16,98.0,0.0,0.0,100.0,93.0,98.0,0.0,105519200.0,10121494000.0,7564.0,98.0,99.0,630500.0,98.0,25000.0,5280000000.0,1100000000.0,1100000000.0,12600.0,60000.0,,0.0,0.0,0.0
2023-10-17,98.0,0.0,0.0,100.0,86.0,92.0,-6.0,43890200.0,4030896900.0,2545.0,92.0,93.0,1163400.0,92.0,121800.0,5280000000.0,1100000000.0,1100000000.0,1592500.0,11800.0,,0.0,0.0,0.0
2023-10-18,92.0,0.0,0.0,93.0,76.0,92.0,0.0,26520700.0,2352522600.0,2077.0,92.0,92.0,119600.0,91.0,417300.0,5280000000.0,1100000000.0,1100000000.0,131100.0,170900.0,,0.0,0.0,0.0
2023-10-19,92.0,0.0,0.0,107.0,86.0,100.0,8.0,118861000.0,12021658500.0,9791.0,100.0,101.0,754100.0,100.0,1065700.0,5280000000.0,1100000000.0,1100000000.0,170900.0,121600.0,,0.0,0.0,0.0
2023-10-20,100.0,0.0,0.0,105.0,97.0,100.0,0.0,51224900.0,5207791000.0,4174.0,100.0,101.0,43900.0,100.0,6021000.0,5280000000.0,1100000000.0,1100000000.0,55000.0,61200.0,,0.0,0.0,0.0
2023-10-23,100.0,0.0,0.0,104.0,98.0,101.0,1.0,17230300.0,1729250800.0,1994.0,101.0,102.0,560600.0,101.0,45400.0,5280000000.0,1100000000.0,1100000000.0,66700.0,21100.0,,0.0,0.0,0.0
2023-10-24,101.0,0.0,0.0,107.0,100.0,102.0,1.0,40613900.0,4201648600.0,2590.0,102.0,103.0,60000.0,102.0,322800.0,5280000000.0,1100000000.0,1100000000.0,621500.0,452000.0,,0.0,0.0,0.0
2023-10-25,102.0,0.0,0.0,109.0,96.0,102.0,0.0,85438100.0,8925355500.0,6019.0,102.0,103.0,136800.0,102.0,670700.0,5280000000.0,1100000000.0,1100000000.0,90300.0,93600.0,,0.0,0.0,0.0
2023-10-26,102.0,0.0,0.0,104.0,99.0,101.0,-1.0,30865200.0,3132692500.0,1569.0,101.0,102.0,221900.0,101.0,88700.0,5280000000.0,1100000000.0,1100000000.0,86500.0,0.0,,0.0,0.0,0.0
2023-10-27,101.0,0.0,0.0,106.0,101.0,103.0,2.0,51038300.0,5261429900.0,3720.0,103.0,104.0,1219400.0,102.0,336700.0,5280000000.0,1100000000.0,1100000000.0,76100.0,76500.0,,0.0,0.0,0.0
2023-10-30,103.0,0.0,0.0,112.0,103.0,104.0,1.0,73462400.0,7819649600.0,4484.0,104.0,105.0,426300.0,104.0,1144500.0,5280000000.0,1100000000.0,1100000000.0,83600.0,0.0,,0.0,0.0,0.0
2023-10-31,104.0,0.0,0.0,108.0,103.0,104.0,0.0,28507900.0,3014661600.0,1781.0,104.0,105.0,82400.0,104.0,233200.0,5280000000.0,1100000000.0,1100000000.0,134700.0,11500.0,,0.0,0.0,0.0
2023-11-01,104.0,0.0,0.0,109.0,96.0,106.0,2.0,71411900.0,7404085200.0,4666.0,106.0,106.0,192400.0,105.0,99100.0,5280000000.0,1100000000.0,1100000000.0,0.0,90000.0,,0.0,0.0,0.0
2023-11-02,106.0,0.0,0.0,114.0,104.0,108.0,2.0,47162100.0,5136003300.0,3367.0,108.0,109.0,96500.0,107.0,478800.0,5280000000.0,1100000000.0,1100000000.0,34600.0,65900.0,,0.0,0.0,0.0
2023-11-03,108.0,0.0,0.0,113.0,106.0,109.0,1.0,29936300.0,3298722400.0,2266.0,109.0,110.0,268800.0,109.0,302800.0,5280000000.0,1100000000.0,1100000000.0,28100.0,86500.0,,0.0,0.0,0.0
2023-11-06,109.0,0.0,0.0,129.0,107.0,114.0,5.0,144599700.0,16790975000.0,14796.0,114.0,115.0,858800.0,114.0,316700.0,5280000000.0,1100000000.0,1100000000.0,111300.0,208300.0,,0.0,0.0,0.0
2023-11-07,114.0,0.0,0.0,120.0,114.0,120.0,6.0,41529600.0,4878949000.0,3614.0,120.0,121.0,1269700.0,120.0,949100.0,5280000000.0,1100000000.0,1100000000.0,88400.0,100200.0,,0.0,0.0,0.0
2023-11-08,120.0,0.0,0.0,129.0,111.0,123.0,3.0,74526000.0,9169347400.0,8056.0,123.0,124.0,109700.0,123.0,355800.0,5280000000.0,1100000000.0,1100000000.0,44800.0,283000.0,,0.0,0.0,0.0
2023-11-09,123.0,0.0,0.0,126.0,112.0,113.0,-10.0,39375000.0,4676120300.0,3233.0,113.0,114.0,2500.0,113.0,591700.0,5280000000.0,1100000000.0,1100000000.0,685000.0,210900.0,,0.0,0.0,0.0
2023-11-10,113.0,0.0,0.0,117.0,109.0,110.0,-3.0,26451200.0,2957054400.0,1635.0,110.0,111.0,20900.0,110.0,663100.0,5280000000.0,1100000000.0,1100000000.0,49800.0,45900.0,,0.0,0.0,0.0
2023-11-13,110.0,0.0,0.0,120.0,109.0,115.0,5.0,32370100.0,3719320400.0,2788.0,115.0,116.0,81000.0,115.0,353000.0,5280000000.0,1100000000.0,1100000000.0,39500.0,10200.0,,0.0,0.0,0.0
2023-11-14,115.0,0.0,0.0,123.0,115.0,122.0,7.0,66376300.0,7962648000.0,6813.0,122.0,123.0,1021500.0,122.0,607200.0,5280000000.0,1100000000.0,1100000000.0,59500.0,55500.0,,0.0,0.0,0.0
2023-11-15,122.0,0.0,0.0,133.0,120.0,132.0,10.0,99100000.0,12643129200.0,9218.0,132.0,132.0,86300.0,131.0,20100.0,5280000000.0,1100000000.0,1100000000.0,58700.0,53800.0,,0.0,0.0,0.0
2023-11-16,132.0,0.0,0.0,142.0,131.0,136.0,4.0,72433900.0,9914164800.0,8628.0,136.0,136.0,538800.0,135.0,377200.0,5280000000.0,1100000000.0,1100000000.0,64300.0,359900.0,,0.0,0.0,0.0
2023-11-17,136.0,0.0,0.0,139.0,123.0,138.0,2.0,59108300.0,7842402100.0,5270.0,138.0,139.0,1326500.0,138.0,243700.0,5280000000.0,1100000000.0,1100000000.0,59900.0,33900.0,,0.0,0.0,0.0
2023-11-20,138.0,0.0,0.0,146.0,129.0,145.0,7.0,77501800.0,10756029100.0,7027.0,145.0,145.0,254700.0,144.0,1779800.0,5280000000.0,1100000000.0,1100000000.0,33900.0,67200.0,,0.0,0.0,0.0
2023-11-21,145.0,0.0,0.0,148.0,141.0,144.0,-1.0,67557000.0,9767575200.0,7709.0,144.0,144.0,1111100.0,143.0,554800.0,5280000000.0,1100000000.0,1100000000.0,65500.0,162700.0,,0.0,0.0,0.0
2023-11-22,144.0,0.0,0.0,147.0,136.0,142.0,-2.0,77321700.0,11108422200.0,6613.0,142.0,142.0,54700.0,141.0,1017400.0,5280000000.0,1100000000.0,1100000000.0,107700.0,2840000.0,,0.0,0.0,0.0
2023-11-23,142.0,0.0,0.0,145.0,127.0,132.0,-10.0,52771300.0,7303362200.0,5209.0,132.0,132.0,776500.0,131.0,16100.0,5280000000.0,1100000000.0,1100000000.0,3749600.0,1199500.0,,0.0,0.0,0.0
2023-11-24,132.0,0.0,0.0,131.0,123.0,127.0,-5.0,56071100.0,7110240000.0,6241.0,127.0,127.0,1049100.0,126.0,300700.0,5280000000.0,1100000000.0,1100000000.0,213400.0,54300.0,,0.0,0.0,0.0
2023-11-27,127.0,0.0,0.0,130.0,119.0,128.0,1.0,37288300.0,4616937800.0,2235.0,128.0,128.0,202000.0,127.0,110900.0,5280000000.0,1100000000.0,1100000000.0,61000.0,23700.0,,0.0,0.0,0.0
2023-11-28,128.0,0.0,0.0,134.0,125.0,132.0,4.0,59533400.0,7747767200.0,2278.0,132.0,133.0,1214700.0,132.0,234100.0,5280000000.0,1100000000.0,1100000000.0,48500.0,172300.0,,0.0,0.0,0.0
2023-11-29,132.0,0.0,0.0,139.0,130.0,135.0,3.0,58581800.0,7904364900.0,6654.0,135.0,136.0,279300.0,135.0,503600.0,5280000000.0,1100000000.0,1100000000.0,41800.0,42700.0,,0.0,0.0,0.0
2023-11-30,135.0,0.0,0.0,141.0,133.0,140.0,5.0,94611900.0,12961993300.0,4933.0,140.0,141.0,1145400.0,140.0,1152300.0,5280000000.0,1100000000.0,1100000000.0,253100.0,254400.0,,0.0,0.0,0.0
2023-12-01,140.0,0.0,0.0,150.0,139.0,146.0,6.0,173721200.0,25302387500.0,15021.0,146.0,146.0,51500.0,145.0,150900.0,5280000000.0,1100000000.0,1100000000.0,445800.0,128200.0,,0.0,0.0,0.0
2023-12-04,146.0,0.0,0.0,149.0,142.0,142.0,-4.0,73437100.0,10758832000.0,4808.0,142.0,142.0,68900.0,141.0,858900.0,5280000000.0,1100000000.0,1100000000.0,429600.0,1006800.0,,0.0,0.0,0.0
2023-12-05,142.0,0.0,0.0,142.0,136.0,137.0,-5.0,70255700.0,9721268700.0,12271.0,137.0,137.0,101300.0,136.0,404600.0,5280000000.0,1100000000.0,1100000000.0,874300.0,885000.0,,0.0,0.0,0.0
2023-12-06,137.0,0.0,0.0,138.0,132.0,138.0,1.0,73172000.0,9943001300.0,4273.0,138.0,138.0,901400.0,137.0,1020000.0,5280000000.0,1100000000.0,1100000000.0,2426000.0,3232600.0,,0.0,0.0,0.0
2023-12-07,138.0,0.0,0.0,158.0,136.0,158.0,20.0,97135100.0,13934330500.0,9015.0,158.0,159.0,504700.0,158.0,556300.0,5280000000.0,1100000000.0,1100000000.0,819400.0,3311600.0,,0.0,0.0,0.0
2023-12-08,158.0,0.0,0.0,180.0,151.0,166.0,8.0,179029000.0,28927700100.0,17454.0,166.0,166.0,212500.0,165.0,633600.0,5280000000.0,1100000000.0,1100000000.0,6911800.0,6722600.0,,0.0,0.0,0.0
2023-12-11,166.0,0.0,0.0,170.0,161.0,166.0,0.0,74034100.0,12303797600.0,5742.0,166.0,166.0,309100.0,165.0,102800.0,5280000000.0,1100000000.0,1100000000.0,3760100.0,1221400.0,,0.0,0.0,0.0
2023-12-12,166.0,0.0,0.0,167.0,162.0,162.0,-4.0,74563900.0,12293092300.0,2427.0,162.0,162.0,233700.0,161.0,739800.0,5280000000.0,1100000000.0,1100000000.0,1337300.0,861600.0,,0.0,0.0,0.0
2023-12-13,162.0,0.0,0.0,165.0,159.0,164.0,2.0,42572000.0,6907800800.0,4521.0,164.0,165.0,79200.0,164.0,39400.0,5280000000.0,1100000000.0,1100000000.0,1520800.0,1316400.0,,0.0,0.0,0.0
2023-12-14,164.0,0.0,0.0,167.0,161.0,165.0,1.0,52488800.0,8627730700.0,2968.0,165.0,165.0,186500.0,164.0,1000.0,5280000000.0,1100000000.0,1100000000.0,1032700.0,3642500.0,,0.0,0.0,0.0
2023-12-15,165.0,0.0,0.0,166.0,162.0,164.0,-1.0,74818600.0,12311432000.0,2077.0,164.0,164.0,116200.0,163.0,143900.0,5280000000.0,1100000000.0,1100000000.0,569200.0,3495200.0,,0.0,0.0,0.0
2023-12-18,164.0,0.0,0.0,166.0,160.0,161.0,-3.0,94326600.0,15414131900.0,2806.0,161.0,161.0,134800.0,160.0,100000.0,5280000000.0,1100000000.0,1100000000.0,2137300.0,4498900.0,,0.0,0.0,0.0
2023-12-19,161.0,0.0,0.0,161.0,149.0,151.0,-10.0,47743100.0,7293314400.0,2130.0,151.0,151.0,551000.0,150.0,128600.0,5280000000.0,1100000000.0,1100000000.0,8021800.0,307200.0,,0.0,0.0,0.0
2023-12-20,151.0,0.0,0.0,155.0,150.0,153.0,2.0,55625600.0,8502781100.0,7554.0,153.0,153.0,19400.0,152.0,205400.0,5280000000.0,1100000000.0,1100000000.0,2188800.0,6781500.0,,0.0,0.0,0.0
2023-12-21,153.0,0.0,0.0,156.0,149.0,151.0,-2.0,95229800.0,14667058200.0,8498.0,151.0,151.0,120700.0,150.0,607100.0,5280000000.0,1100000000.0,1100000000.0,3718100.0,9097200.0,,0.0,0.0,0.0
2023-12-22,151.0,0.0,0.0,154.0,114.0,153.0,2.0,173627300.0,25380071300.0,8259.0,153.0,154.0,839700.0,153.0,1434900.0,5280000000.0,1100000000.0,1100000000.0,15158300.0,6797000.0,,0.0,0.0,0.0
2023-12-27,153.0,0.0,0.0,156.0,150.0,153.0,0.0,74139200.0,11366878400.0,4979.0,153.0,153.0,379100.0,152.0,300000.0,5280000000.0,1100000000.0,1100000000.0,1093200.0,3793800.0,,13500000.0,2065500000.0,1.0
2023-12-28,153.0,0.0,0.0,154.0,149.0,150.0,-3.0,22490000.0,3396815100.0,2546.0,150.0,150.0,473400.0,149.0,556300.0,5280000000.0,1100000000.0,1100000000.0,630300.0,462000.0,,0.0,0.0,0.0
2023-12-29,150.0,0.0,0.0,170.0,145.0,150.0,0.0,59533800.0,9784308100.0,4679.0,150.0,150.0,67500.0,149.0,200000.0,5280000000.0,1100000000.0,1100000000.0,2592000.0,345900.0,,0.0,0.0,0.0
2024-01-02,150.0,0.0,0.0,151.0,147.0,151.0,1.0,85036000.0,12769787400.0,1860.0,151.0,151.0,381600.0,150.0,110000.0,5280000000.0,1100000000.0,1099824000.0,916800.0,746900.0,,33500000.0,5025000000.0,1.0
2024-01-03,151.0,0.0,0.0,152.0,147.0,151.0,0.0,20405500.0,3082665400.0,2470.0,151.0,151.0,88300.0,149.0,295600.0,5280000000.0,1100000000.0,1099824000.0,227300.0,828000.0,,0.0,0.0,0.0
2024-01-04,151.0,0.0,0.0,156.0,149.0,155.0,4.0,16286100.0,2486498700.0,3927.0,155.0,155.0,808900.0,154.0,189700.0,5280000000.0,1100000000.0,1099824000.0,262400.0,4497900.0,,46156000.0,6969556000.0,2.0
2024-01-05,155.0,0.0,0.0,158.0,153.0,157.0,2.0,56687000.0,8862715700.0,5160.0,157.0,157.0,260200.0,156.0,1100000.0,5280000000.0,1100000000.0,1099824000.0,1344700.0,2584000.0,,0.0,0.0,0.0
2024-01-08,157.0,0.0,0.0,162.0,156.0,162.0,5.0,81091700.0,12812257200.0,3123.0,162.0,162.0,182700.0,161.0,304000.0,5280000000.0,1100000000.0,1099824000.0,115200.0,11277200.0,,0.0,0.0,0.0
2024-01-09,162.0,0.0,0.0,162.0,133.0,157.0,-5.0,16048600.0,2462146400.0,1540.0,157.0,157.0,324400.0,156.0,120700.0,5280000000.0,1100000000.0,1099824000.0,4464100.0,1281000.0,,0.0,0.0,0.0
2024-01-10,157.0,0.0,0.0,158.0,150.0,158.0,1.0,30962800.0,4796559800.0,2629.0,158.0,158.0,224200.0,157.0,509000.0,5280000000.0,1100000000.0,1099824000.0,4877100.0,2665600.0,,0.0,0.0,0.0
2024-01-11,158.0,0.0,0.0,169.0,151.0,158.0,0.0,56670500.0,8818819500.0,5425.0,158.0,158.0,72700.0,157.0,523700.0,5280000000.0,1100000000.0,1099824000.0,4112600.0,182800.0,,0.0,0.0,0.0
2024-01-12,158.0,0.0,0.0,160.0,155.0,159.0,1.0,51588300.0,8191472800.0,1915.0,159.0,159.0,263300.0,158.0,200000.0,5280000000.0,1100000000.0,1099824000.0,512000.0,5952000.0,,0.0,0.0,0.0
2024-01-15,159.0,0.0,0.0,164.0,157.0,163.0,4.0,41228600.0,6658397800.0,5159.0,163.0,163.0,189900.0,162.0,1155700.0,5280000000.0,1100000000.0,1099824000.0,342500.0,12676800.0,,0.0,0.0,0.0
2024-01-16,163.0,0.0,0.0,174.0,162.0,170.0,7.0,62024000.0,10424400800.0,10700.0,170.0,170.0,450600.0,169.0,380900.0,5280000000.0,1100000000.0,1099824000.0,2027700.0,8062700.0,,0.0,0.0,0.0
2024-01-17,170.0,0.0,0.0,173.0,166.0,168.0,-2.0,49816300.0,8519220700.0,1053.0,168.0,170.0,309000.0,168.0,3500.0,5280000000.0,1100000000.0,1099824000.0,1639000.0,3176400.0,,0.0,0.0,0.0
2024-01-18,168.0,0.0,0.0,179.0,166.0,178.0,10.0,90050900.0,15442155400.0,7371.0,178.0,179.0,195200.0,178.0,5155900.0,5280000000.0,1100000000.0,1099824000.0,594800.0,12908300.0,,0.0,0.0,0.0
2024-01-19,178.0,0.0,0.0,182.0,172.0,174.0,-4.0,23480700.0,4114933800.0,2160.0,174.0,174.0,96700.0,173.0,296300.0,5280000000.0,1100000000.0,1099824000.0,1546800.0,1426500.0,,0.0,0.0,0.0
2024-01-22,174.0,0.0,0.0,177.0,171.0,176.0,2.0,25752600.0,4476498700.0,3641.0,176.0,176.0,97500.0,175.0,10100.0,5280000000.0,1100000000.0,1099824000.0,497600.0,3340900.0,,0.0,0.0,0.0
2024-01-23,176.0,0.0,0.0,178.0,174.0,177.0,1.0,50037700.0,8799304700.0,1998.0,177.0,177.0,202000.0,176.0,100400.0,5280000000.0,1100000000.0,1099824000.0,247200.0,4503900.0,,0.0,0.0,0.0
2024-01-24,177.0,0.0,0.0,178.0,174.0,175.0,-2.0,49041200.0,8709637000.0,2787.0,175.0,175.0,315600.0,174.0,451000.0,5280000000.0,1100000000.0,1099824000.0,216200.0,3109100.0,,0.0,0.0,0.0
2024-01-25,175.0,0.0,0.0,178.0,173.0,176.0,1.0,10646200.0,1865042000.0,1921.0,176.0,176.0,140500.0,175.0,11000.0,5280000000.0,1100000000.0,1099824000.0,1179900.0,876600.0,,0.0,0.0,0.0
2024-01-26,176.0,0.0,0.0,176.0,172.0,172.0,-4.0,16171500.0,2817681000.0,1462.0,172.0,172.0,326400.0,171.0,524500.0,5280000000.0,1100000000.0,1099824000.0,1041400.0,1651200.0,,0.0,0.0,0.0
2024-01-29,172.0,0.0,0.0,173.0,167.0,172.0,0.0,37976000.0,6545867800.0,1404.0,172.0,172.0,60800.0,171.0,8100.0,5280000000.0,1100000000.0,1099824000.0,1471000.0,1554000.0,,0.0,0.0,0.0
2024-01-30,172.0,0.0,0.0,187.0,170.0,180.0,8.0,86013000.0,15189642500.0,7245.0,180.0,180.0,81900.0,178.0,10000.0,5280000000.0,1100000000.0,1099824000.0,2904000.0,7362900.0,,0.0,0.0,0.0
2024-01-31,180.0,0.0,0.0,191.0,178.0,191.0,11.0,52280400.0,9763154700.0,10313.0,191.0,192.0,10000.0,191.0,1945100.0,5280000000.0,1100000000.0,1099824000.0,1307300.0,6593200.0,,0.0,0.0,0.0
2024-02-01,191.0,0.0,0.0,198.0,189.0,197.0,6.0,35321500.0,6860726200.0,4832.0,197.0,197.0,500000.0,196.0,220400.0,5280000000.0,1100000000.0,1099824000.0,408000.0,3876400.0,,0.0,0.0,0.0
2024-02-02,197.0,0.0,0.0,226.0,195.0,224.0,27.0,97804000.0,19873315500.0,8777.0,224.0,226.0,5700.0,224.0,2812800.0,5280000000.0,1100000000.0,1099824000.0,1500600.0,6381400.0,,0.0,0.0,0.0
2024-02-05,224.0,0.0,0.0,232.0,218.0,222.0,-2.0,57587200.0,12970024000.0,5159.0,222.0,222.0,313700.0,220.0,317100.0,5280000000.0,1100000000.0,1099824000.0,2003800.0,5325400.0,,0.0,0.0,0.0
2024-02-06,222.0,0.0,0.0,224.0,216.0,222.0,0.0,17497100.0,3855456200.0,4257.0,222.0,222.0,295300.0,220.0,240700.0,5280000000.0,1100000000.0,1099824000.0,547100.0,2288800.0,,0.0,0.0,0.0
2024-02-07,222.0,0.0,0.0,224.0,200.0,220.0,-2.0,23220800.0,5001908000.0,4144.0,220.0,220.0,520500.0,218.0,100000.0,5280000000.0,1100000000.0,1099824000.0,2193300.0,1411500.0,,0.0,0.0,0.0
2024-02-12,220.0,0.0,0.0,220.0,204.0,208.0,-12.0,42588300.0,9075552800.0,1085.0,208.0,208.0,100900.0,206.0,200000.0,5280000000.0,1100000000.0,1099824000.0,3896100.0,0.0,,0.0,0.0,0.0
2024-02-13,208.0,0.0,0.0,214.0,193.0,206.0,-2.0,44346800.0,8989908500.0,1704.0,206.0,206.0,50200.0,204.0,149800.0,5280000000.0,1100000000.0,1099824000.0,6255800.0,659400.0,,0.0,0.0,0.0
2024-02-15,206.0,0.0,0.0,214.0,197.0,212.0,6.0,28940200.0,6075098300.0,4179.0,212.0,214.0,899900.0,212.0,779600.0,5280000000.0,1100000000.0,1099824000.0,2935200.0,2508500.0,,0.0,0.0,0.0
2024-02-16,212.0,0.0,0.0,226.0,206.0,224.0,12.0,49145100.0,10800491400.0,9216.0,224.0,226.0,64500.0,224.0,2155600.0,5280000000.0,1100000000.0,1099824000.0,1368500.0,4930300.0,,0.0,0.0,0.0
2024-02-19,224.0,0.0,0.0,226.0,216.0,216.0,-8.0,27004900.0,6001192200.0,1491.0,216.0,216.0,23200.0,214.0,256800.0,5280000000.0,1100000000.0,1099824000.0,1174500.0,362700.0,,0.0,0.0,0.0
2024-02-20,216.0,0.0,0.0,252.0,210.0,250.0,34.0,72919700.0,16640000000.0,5563.0,250.0,250.0,114300.0,248.0,400.0,5280000000.0,1100000000.0,1099824000.0,632000.0,5954300.0,,0.0,0.0,0.0
2024-02-21,250.0,0.0,0.0,252.0,236.0,248.0,-2.0,27301600.0,6695130800.0,4190.0,248.0,248.0,143900.0,246.0,106300.0,5280000000.0,1100000000.0,1099824000.0,1653700.0,1764800.0,,0.0,0.0,0.0
2024-02-22,248.0,0.0,0.0,250.0,218.0,242.0,-6.0,20306600.0,4831062200.0,1610.0,242.0,242.0,267800.0,240.0,120500.0,5280000000.0,1100000000.0,1099824000.0,4183500.0,1415100.0,,0.0,0.0,0.0
2024-02-23,242.0,0.0,0.0,244.0,230.0,238.0,-4.0,28481300.0,6851918000.0,1257.0,238.0,238.0,149900.0,236.0,162200.0,5280000000.0,1100000000.0,1099824000.0,5078400.0,768100.0,,0.0,0.0,0.0
2024-02-26,238.0,0.0,0.0,246.0,232.0,244.0,6.0,46372300.0,11173915000.0,4031.0,244.0,244.0,29600.0,242.0,327000.0,5280000000.0,1100000000.0,1099824000.0,2498000.0,2520000.0,,0.0,0.0,0.0
2024-02-27,244.0,0.0,0.0,248.0,238.0,240.0,-4.0,24177100.0,5818252600.0,3060.0,240.0,240.0,492000.0,238.0,199800.0,5280000000.0,1100000000.0,1099824000.0,1214200.0,649400.0,,0.0,0.0,0.0
2024-02-28,240.0,0.0,0.0,244.0,230.0,242.0,2.0,22533400.0,5421537600.0,3668.0,242.0,242.0,298600.0,240.0,300800.0,5280000000.0,1100000000.0,1099824000.0,1709500.0,2362900.0,,0.0,0.0,0.0
2024-02-29,242.0,0.0,0.0,270.0,238.0,268.0,26.0,62216700.0,15694700400.0,6726.0,268.0,268.0,229400.0,266.0,103300.0,5280000000.0,1100000000.0,1099824000.0,492300.0,4218400.0,,0.0,0.0,0.0
2024-03-01,268.0,0.0,0.0,268.0,252.0,260.0,-8.0,20035400.0,5213943400.0,1408.0,260.0,260.0,335800.0,258.0,179600.0,5280000000.0,1100000000.0,1099824000.0,1692100.0,279100.0,,0.0,0.0,0.0
2024-03-04,260.0,0.0,0.0,264.0,248.0,250.0,-10.0,15827400.0,4085517000.0,1982.0,250.0,250.0,84000.0,248.0,123400.0,5280000000.0,1100000000.0,1099824000.0,3253700.0,1178800.0,,0.0,0.0,0.0
2024-03-05,250.0,0.0,0.0,260.0,246.0,256.0,6.0,36362200.0,9228660400.0,5230.0,256.0,256.0,177700.0,254.0,156400.0,5280000000.0,1100000000.0,1099824000.0,1003200.0,1856100.0,,0.0,0.0,0.0
2024-03-06,256.0,0.0,0.0,258.0,246.0,254.0,-2.0,24398200.0,6245309800.0,1758.0,254.0,254.0,138100.0,252.0,80900.0,5280000000.0,1100000000.0,1099824000.0,1512100.0,154000.0,,0.0,0.0,0.0
2024-03-07,254.0,0.0,0.0,258.0,192.0,222.0,-32.0,43385200.0,10086002800.0,2004.0,222.0,224.0,87600.0,222.0,100300.0,5280000000.0,1100000000.0,1099824000.0,5566500.0,1030300.0,,0.0,0.0,0.0
2024-03-08,222.0,0.0,0.0,222.0,200.0,206.0,-16.0,12205900.0,2539179400.0,1430.0,206.0,206.0,125100.0,204.0,200000.0,5280000000.0,1100000000.0,1099824000.0,4315700.0,589400.0,,0.0,0.0,0.0
2024-03-13,206.0,0.0,0.0,216.0,202.0,202.0,-4.0,15159600.0,3182483000.0,2431.0,202.0,202.0,24100.0,200.0,386800.0,5280000000.0,1100000000.0,1099824000.0,2966900.0,1894900.0,,0.0,0.0,0.0
2024-03-14,202.0,0.0,0.0,202.0,168.0,168.0,-34.0,61218200.0,11814710900.0,8215.0,168.0,168.0,370100.0,167.0,38700.0,5280000000.0,1100000000.0,1099824000.0,10695000.0,1896600.0,,0.0,0.0,0.0
2024-03-15,168.0,0.0,0.0,171.0,141.0,149.0,-19.0,64675100.0,9855873200.0,3358.0,149.0,149.0,62200.0,148.0,63800.0,5280000000.0,1100000000.0,1099824000.0,5435500.0,3216400.0,,0.0,0.0,0.0
2024-03-18,149.0,0.0,0.0,149.0,106.0,109.0,-40.0,44472500.0,5140309300.0,5057.0,109.0,111.0,52000.0,109.0,200900.0,5280000000.0,1100000000.0,1099824000.0,17181200.0,1794000.0,,0.0,0.0,0.0
2024-03-19,109.0,0.0,0.0,122.0,71.0,112.0,3.0,36719500.0,4043454600.0,3807.0,112.0,113.0,34800.0,112.0,300.0,5280000000.0,1100000000.0,1099824000.0,14287300.0,3284000.0,,0.0,0.0,0.0
2024-03-20,112.0,0.0,0.0,117.0,108.0,114.0,2.0,65487100.0,7480609600.0,1620.0,114.0,115.0,204400.0,114.0,489400.0,5280000000.0,1100000000.0,1099824000.0,967500.0,4971100.0,,11600.0,1332400.0,3.0
2024-03-21,114.0,0.0,0.0,122.0,105.0,115.0,1.0,79497600.0,9187560800.0,1798.0,115.0,116.0,104500.0,115.0,60800.0,5280000000.0,1100000000.0,1099824000.0,7066300.0,3587300.0,,0.0,0.0,0.0
2024-03-22,115.0,0.0,0.0,117.0,106.0,113.0,-2.0,46519400.0,5320659600.0,2105.0,113.0,114.0,48100.0,113.0,28800.0,5280000000.0,1100000000.0,1099824000.0,8870600.0,1438400.0,,0.0,0.0,0.0
2024-03-25,113.0,0.0,0.0,137.0,104.0,125.0,12.0,75535200.0,9049032500.0,2985.0,125.0,126.0,15000.0,125.0,97000.0,5280000000.0,1100000000.0,1099824000.0,2069300.0,6569900.0,,0.0,0.0,0.0
2024-03-26,125.0,0.0,0.0,132.0,116.0,127.0,2.0,66288400.0,8220126200.0,1739.0,127.0,127.0,57800.0,126.0,4100.0,5280000000.0,1100000000.0,1099824000.0,8549500.0,2590800.0,,0.0,0.0,0.0
2024-03-27,127.0,0.0,0.0,168.0,117.0,130.0,3.0,106567400.0,14663357200.0,9539.0,130.0,131.0,12000.0,130.0,133000.0,5280000000.0,1100000000.0,1099824000.0,8849700.0,8612500.0,,0.0,0.0,0.0
2024-03-28,130.0,0.0,0.0,147.0,120.0,121.0,-9.0,69896200.0,8949375500.0,4646.0,121.0,122.0,26600.0,121.0,95400.0,5280000000.0,1100000000.0,1099824000.0,10001200.0,3088400.0,,0.0,0.0,0.0
2024-04-01,121.0,0.0,0.0,124.0,112.0,118.0,-3.0,18628100.0,2197970700.0,1516.0,118.0,120.0,35400.0,118.0,31900.0,5280000000.0,1100000000.0,1099824000.0,837900.0,552000.0,,0.0,0.0,0.0
2024-04-02,118.0,0.0,0.0,137.0,109.0,136.0,18.0,81174400.0,10101216200.0,3628.0,136.0,136.0,80400.0,134.0,493300.0,5280000000.0,1100000000.0,1099824000.0,3691600.0,6298900.0,,0.0,0.0,0.0
2024-04-03,136.0,0.0,0.0,143.0,124.0,133.0,-3.0,95927500.0,12579793500.0,2938.0,133.0,134.0,152700.0,133.0,17000.0,5280000000.0,1100000000.0,1099824000.0,7574000.0,3845800.0,,0.0,0.0,0.0
2024-04-04,133.0,0.0,0.0,143.0,133.0,137.0,4.0,20180000.0,2769386100.0,1401.0,137.0,138.0,400.0,137.0,59300.0,5280000000.0,1100000000.0,1099824000.0,661800.0,2966200.0,,20500000.0,1927000000.0,1.0
2024-04-05,137.0,0.0,0.0,143.0,137.0,137.0,0.0,38118800.0,5245149700.0,1393.0,137.0,138.0,180000.0,137.0,448800.0,5280000000.0,1100000000.0,1099824000.0,354400.0,2058600.0,,0.0,0.0,0.0
2024-04-16,137.0,0.0,0.0,149.0,125.0,148.0,11.0,76035800.0,10261101700.0,1491.0,148.0,149.0,19400.0,148.0,2500.0,5280000000.0,1100000000.0,1099824000.0,1952400.0,4163100.0,,20500000.0,3649000000.0,1.0
2024-04-17,148.0,0.0,0.0,198.0,148.0,194.0,46.0,83672100.0,14070996000.0,6891.0,194.0,194.0,118700.0,193.0,13800.0,5280000000.0,1100000000.0,1099824000.0,6393500.0,7510300.0,,0.0,0.0,0.0
2024-04-18,194.0,0.0,0.0,198.0,151.0,162.0,-32.0,31767200.0,5466915900.0,4200.0,162.0,163.0,34900.0,162.0,533600.0,5280000000.0,1100000000.0,1099824000.0,6643000.0,3059600.0,,0.0,0.0,0.0
2024-04-19,162.0,0.0,0.0,170.0,153.0,161.0,-1.0,32135000.0,5198032000.0,1573.0,161.0,163.0,36300.0,161.0,46900.0,5280000000.0,1100000000.0,1099824000.0,1767900.0,2463400.0,,0.0,0.0,0.0
2024-04-22,161.0,0.0,0.0,196.0,161.0,195.0,34.0,90602900.0,15930512400.0,8238.0,195.0,195.0,439700.0,194.0,32800.0,5280000000.0,1100000000.0,1099824000.0,7298200.0,16827800.0,,0.0,0.0,0.0
2024-04-23,195.0,0.0,0.0,199.0,159.0,169.0,-26.0,66178600.0,11345239300.0,5284.0,169.0,169.0,1176500.0,168.0,100.0,5280087410.0,1100087410.0,1099824000.0,10170200.0,802600.0,,0.0,0.0,0.0
2024-04-24,169.0,0.0,0.0,173.0,162.0,170.0,1.0,27353400.0,4620037900.0,4758.0,170.0,170.0,136400.0,169.0,337000.0,5280115720.0,1100115720.0,1099824000.0,1981700.0,1230000.0,,26955000.0,2992005000.0,1.0
2024-04-25,170.0,0.0,0.0,179.0,166.0,179.0,9.0,56279400.0,9748476700.0,6734.0,179.0,179.0,130800.0,178.0,287100.0,5280241920.0,1100241920.0,1099824000.0,2868900.0,3710500.0,,0.0,0.0,0.0
2024-04-26,179.0,0.0,0.0,196.0,172.0,178.0,-1.0,122122500.0,22474384300.0,12506.0,178.0,178.0,532000.0,177.0,2200.0,5280985220.0,1100985220.0,1099824000.0,12383800.0,6794400.0,,0.0,0.0,0.0
2024-04-29,178.0,0.0,0.0,178.0,130.0,131.0,-47.0,92040800.0,13689121000.0,6033.0,131.0,132.0,1300.0,131.0,7200.0,5281450920.0,1101450920.0,1099824000.0,5199800.0,2702200.0,,26955000.0,5876190000.0,1.0
2024-04-30,131.0,0.0,0.0,132.0,116.0,121.0,-10.0,22124300.0,2743796700.0,4842.0,121.0,121.0,222900.0,120.0,229700.0,5283852320.0,1103852320.0,1099824000.0,1781300.0,1211000.0,,0.0,0.0,0.0
2024-05-02,121.0,0.0,0.0,123.0,112.0,117.0,-4.0,30844300.0,3721770200.0,1040.0,117.0,118.0,60000.0,117.0,182400.0,5283852320.0,1103852320.0,1099824000.0,475800.0,1100.0,,0.0,0.0,0.0
2024-05-03,117.0,0.0,0.0,136.0,109.0,122.0,5.0,102309500.0,12359420200.0,6989.0,122.0,122.0,149100.0,121.0,93200.0,5287317520.0,1107317520.0,1099824000.0,2693400.0,4384100.0,,0.0,0.0,0.0
2024-05-06,122.0,0.0,0.0,125.0,116.0,116.0,-6.0,80881600.0,9644044500.0,4377.0,116.0,116.0,196300.0,115.0,459800.0,5287317520.0,1107317520.0,1099824000.0,1239100.0,5160000.0,,0.0,0.0,0.0
2024-05-07,116.0,0.0,0.0,121.0,112.0,113.0,-3.0,15666700.0,1802512600.0,4234.0,113.0,113.0,113600.0,112.0,136700.0,5287336405.0,1107336405.0,1099824000.0,1149100.0,18900.0,,0.0,0.0,0.0
2024-05-08,113.0,0.0,0.0,114.0,109.0,110.0,-3.0,45475600.0,5077436500.0,9944.0,110.0,110.0,214400.0,109.0,65000.0,5287337905.0,1107337905.0,1099824000.0,73400.0,187100.0,,0.0,0.0,0.0
2024-05-13,110.0,0.0,0.0,113.0,107.0,110.0,0.0,70922700.0,7743241600.0,3531.0,110.0,110.0,262000.0,109.0,25700.0,5287337905.0,1107337905.0,1099824000.0,825600.0,52300.0,,0.0,0.0,0.0
2024-05-14,110.0,0.0,0.0,113.0,108.0,108.0,-2.0,79160700.0,8647950400.0,6878.0,108.0,108.0,61500.0,107.0,423100.0,5287337950.0,1107337950.0,1099824000.0,334900.0,50200.0,,0.0,0.0,0.0
2024-05-15,108.0,0.0,0.0,112.0,103.0,111.0,3.0,26035200.0,2831276600.0,6560.0,111.0,111.0,800200.0,110.0,147800.0,5287338050.0,1107338050.0,1099824000.0,217900.0,853100.0,,0.0,0.0,0.0
2024-05-16,111.0,0.0,0.0,114.0,105.0,106.0,-5.0,67248500.0,7335807500.0,11404.0,106.0,106.0,103500.0,105.0,69800.0,5287338050.0,1107338050.0,1099824000.0,1016400.0,94000.0,,0.0,0.0,0.0
2024-05-17,106.0,0.0,0.0,108.0,103.0,104.0,-2.0,81946000.0,8606799300.0,3359.0,104.0,104.0,188100.0,103.0,845000.0,5287338050.0,1107338050.0,1099824000.0,349100.0,514300.0,,0.0,0.0,0.0
2024-05-20,104.0,0.0,0.0,106.0,98.0,100.0,-4.0,89773300.0,9348738700.0,5315.0,100.0,100.0,460400.0,99.0,113000.0,5287338050.0,1107338050.0,1099824000.0,923400.0,358500.0,,0.0,0.0,0.0
2024-05-21,100.0,0.0,0.0,100.0,92.0,95.0,-5.0,15681100.0,1494574400.0,2138.0,95.0,95.0,234700.0,94.0,3000.0,5287338150.0,1107338150.0,1099824000.0,1485100.0,12000.0,,0.0,0.0,0.0
2024-05-22,95.0,0.0,0.0,95.0,84.0,84.0,-11.0,45681200.0,4168300700.0,4376.0,84.0,85.0,30000.0,83.0,152400.0,5287338150.0,1107338150.0,1099824000.0,1071600.0,173500.0,,0.0,0.0,0.0
2024-05-27,84.0,0.0,0.0,88.0,74.0,74.0,-10.0,128953100.0,10751319900.0,6245.0,74.0,75.0,86000.0,74.0,211700.0,5287338150.0,1107338150.0,1099824000.0,2077700.0,901400.0,,0.0,0.0,0.0
2024-05-28,74.0,0.0,0.0,77.0,73.0,75.0,1.0,102057500.0,7587760100.0,1083.0,75.0,76.0,124600.0,75.0,123100.0,5287339550.0,3719839550.0,1099824000.0,241300.0,165400.0,,0.0,0.0,0.0
2024-05-29,75.0,0.0,0.0,78.0,66.0,73.0,-2.0,5751700.0,427655700.0,786.0,73.0,74.0,28300.0,73.0,27300.0,5287339550.0,3719839550.0,1099824000.0,587700.0,127000.0,,0.0,0.0,0.0
2024-05-30,73.0,0.0,0.0,74.0,69.0,70.0,-3.0,27893900.0,2004147500.0,471.0,70.0,70.0,629400.0,69.0,50700.0,5287339550.0,3719839550.0,1099824000.0,829700.0,22200.0,,0.0,0.0,0.0
2024-05-31,70.0,0.0,0.0,79.0,62.0,64.0,-6.0,96449000.0,6648814700.0,734.0,64.0,65.0,47400.0,64.0,42300.0,5287339550.0,3719839550.0,1099824000.0,405000.0,33400.0,,0.0,0.0,0.0
2024-06-03,64.0,0.0,0.0,74.0,60.0,65.0,1.0,103592000.0,6977026400.0,931.0,65.0,65.0,370000.0,64.0,507200.0,5287339650.0,3719839650.0,1099824000.0,216300.0,163300.0,,0.0,0.0,0.0
2024-06-04,65.0,0.0,0.0,67.0,57.0,66.0,1.0,3569000.0,229189800.0,416.0,66.0,66.0,272600.0,65.0,3000.0,5287342830.0,3719842830.0,1099824000.0,104900.0,7200.0,,0.0,0.0,0.0
2024-06-05,66.0,0.0,0.0,66.0,63.0,65.0,-1.0,30669200.0,2020144900.0,384.0,65.0,65.0,1562000.0,64.0,150000.0,5287342861.0,3719842861.0,1099824000.0,2600.0,0.0,,0.0,0.0,0.0
2024-06-06,65.0,0.0,0.0,68.0,63.0,68.0,3.0,101336200.0,6592043900.0,433.0,68.0,69.0,336100.0,68.0,419500.0,5287342861.0,3719842861.0,1099824000.0,11500.0,144800.0,,0.0,0.0,0.0
2024-06-07,68.0,0.0,0.0,83.0,65.0,67.0,-1.0,148386300.0,10272969100.0,4691.0,67.0,68.0,98000.0,67.0,21700.0,5287342861.0,3719842861.0,1099824000.0,4417500.0,8240000.0,,0.0,0.0,0.0
2024-06-10,67.0,0.0,0.0,68.0,60.0,64.0,-3.0,6297000.0,403108900.0,657.0,64.0,65.0,65300.0,64.0,12900.0,5287342930.0,3719842930.0,1099824000.0,14400.0,604200.0,,0.0,0.0,0.0
2024-06-11,64.0,0.0,0.0,68.0,58.0,66.0,2.0,32180800.0,2068004800.0,582.0,66.0,66.0,427800.0,65.0,7600.0,5287342930.0,3719842930.0,1099824000.0,287900.0,25800.0,,0.0,0.0,0.0
2024-06-12,66.0,0.0,0.0,68.0,59.0,65.0,-1.0,102381900.0,6711950800.0,467.0,65.0,65.0,204900.0,64.0,89800.0,5287342930.0,3719842930.0,1099824000.0,39100.0,238500.0,,0.0,0.0,0.0
2024-06-13,65.0,0.0,0.0,72.0,60.0,66.0,1.0,105783200.0,7020804900.0,1487.0,66.0,67.0,555800.0,66.0,27700.0,5287342930.0,3719842930.0,1099824000.0,441700.0,1652600.0,,0.0,0.0,0.0
2024-06-14,66.0,0.0,0.0,67.0,62.0,65.0,-1.0,6011800.0,386984400.0,494.0,65.0,65.0,2000000.0,64.0,100.0,5287342933.0,3719842933.0,1099824000.0,272800.0,7400.0,,0.0,0.0,0.0
2024-06-19,65.0,0.0,0.0,65.0,58.0,61.0,-4.0,38043900.0,2438974700.0,680.0,61.0,61.0,146800.0,60.0,91100.0,5287342933.0,3719842933.0,1099824000.0,13100.0,8800.0,,0.0,0.0,0.0
2024-06-20,61.0,0.0,0.0,66.0,59.0,62.0,1.0,109626100.0,6990627000.0,412.0,62.0,63.0,359300.0,62.0,97100.0,5287342933.0,3719842933.0,1099824000.0,5578800.0,26900.0,,0.0,0.0,0.0
2024-06-21,62.0,0.0,0.0,63.0,56.0,61.0,-1.0,113836500.0,7076671700.0,369.0,61.0,62.0,32300.0,61.0,1975200.0,5287342933.0,3719842933.0,1099824000.0,26500.0,6033600.0,,0.0,0.0,0.0
2024-06-24,61.0,0.0,0.0,66.0,56.0,62.0,1.0,2967300.0,183340500.0,2243.0,62.0,62.0,174900.0,61.0,374500.0,5287342933.0,3719842933.0,1099824000.0,174000.0,148900.0,,0.0,0.0,0.0
2024-06-25,62.0,0.0,0.0,64.0,61.0,62.0,0.0,43509900.0,2698692200.0,431.0,62.0,63.0,248600.0,62.0,67500.0,5287342933.0,3719842933.0,1099824000.0,3100.0,2414800.0,,0.0,0.0,0.0
2024-06-26,62.0,0.0,0.0,67.0,61.0,62.0,0.0,118718200.0,7517746200.0,888.0,62.0,62.0,436900.0,61.0,522300.0,5287342933.0,3719842933.0,1099824000.0,190700.0,2044300.0,,0.0,0.0,0.0
2024-06-27,62.0,0.0,0.0,64.0,55.0,60.0,-2.0,109199000.0,6855357400.0,366.0,60.0,61.0,1872600.0,60.0,498300.0,5287342933.0,3719842933.0,1099824000.0,899200.0,118400.0,,120000000.0,6600000000.0,2.0
2024-06-28,60.0,0.0,0.0,61.0,54.0,60.0,0.0,5956500.0,352596700.0,444.0,60.0,60.0,114200.0,58.0,648200.0,5287342933.0,3719842933.0,1099824000.0,653800.0,10000.0,,0.0,0.0,0.0
2024-07-01,60.0,0.0,0.0,61.0,59.0,61.0,1.0,30717600.0,1843140400.0,211.0,61.0,61.0,26100.0,60.0,180200.0,5287342933.0,3719842933.0,1107169610.0,6100.0,25200.0,,0.0,0.0,0.0
2024-07-02,61.0,0.0,0.0,62.0,59.0,61.0,0.0,116307200.0,7033673400.0,216.0,61.0,61.0,438100.0,60.0,66400.0,5287342933.0,3719842933.0,1107169610.0,48000.0,55000.0,,0.0,0.0,0.0
2024-07-03,61.0,0.0,0.0,62.0,59.0,61.0,0.0,113947000.0,6889449000.0,237.0,61.0,62.0,300900.0,61.0,300.0,5287342933.0,3719842933.0,1107169610.0,140300.0,65800.0,,46000000.0,2530000000.0,2.0
2024-07-04,61.0,0.0,0.0,62.0,59.0,61.0,0.0,1060600.0,64772600.0,137.0,61.0,62.0,271800.0,61.0,23300.0,5287342933.0,3719842933.0,1107169610.0,75800.0,79600.0,,0.0,0.0,0.0
2024-07-05,61.0,0.0,0.0,74.0,60.0,72.0,11.0,75997800.0,5079193200.0,4028.0,72.0,73.0,244000.0,71.0,533700.0,5287342933.0,3719842933.0,1107169610.0,2112800.0,6489800.0,,0.0,0.0,0.0
2024-07-08,72.0,0.0,0.0,73.0,64.0,66.0,-6.0,122455900.0,8665887300.0,1293.0,66.0,67.0,226100.0,66.0,1710300.0,5287342933.0,3719842933.0,1107169610.0,13555200.0,508600.0,,0.0,0.0,0.0
2024-07-09,66.0,0.0,0.0,68.0,65.0,65.0,-1.0,107495000.0,7127414900.0,654.0,65.0,66.0,9000.0,65.0,5541100.0,5287342933.0,3719842933.0,1107169610.0,1204200.0,34900.0,,0.0,0.0,0.0
2024-07-10,65.0,0.0,0.0,68.0,65.0,66.0,1.0,3424600.0,228130900.0,348.0,66.0,67.0,114500.0,66.0,275300.0,5287342933.0,3719842933.0,1107169610.0,77100.0,86800.0,,0.0,0.0,0.0
2024-07-11,66.0,0.0,0.0,89.0,67.0,89.0,23.0,80590600.0,6199066000.0,4786.0,89.0,0.0,0.0,89.0,3201300.0,5287342933.0,3719842933.0,1107169610.0,1960100.0,6440400.0,,0.0,0.0,0.0
2024-07-12,89.0,0.0,0.0,119.0,78.0,80.0,-9.0,147524900.0,13900636500.0,7329.0,80.0,81.0,290000.0,80.0,3700.0,5287342933.0,3719842933.0,1107169610.0,7628100.0,7028000.0,,0.0,0.0,0.0
2024-07-15,80.0,0.0,0.0,94.0,73.0,83.0,3.0,109843900.0,8960427300.0,3363.0,83.0,84.0,19800.0,83.0,654600.0,5287342933.0,3719842933.0,1107169610.0,2905100.0,774600.0,,0.0,0.0,0.0
2024-07-16,83.0,0.0,0.0,87.0,75.0,83.0,0.0,8422600.0,690526500.0,1299.0,83.0,84.0,116200.0,82.0,4000.0,5287342933.0,3719842933.0,1107169610.0,227000.0,117000.0,,0.0,0.0,0.0
2024-07-17,83.0,0.0,0.0,112.0,75.0,112.0,29.0,88296100.0,8449154200.0,6587.0,112.0,0.0,0.0,112.0,4496300.0,5287343133.0,3719843133.0,1107169610.0,2136900.0,5709700.0,,0.0,0.0,0.0
2024-07-18,112.0,0.0,0.0,130.0,90.0,106.0,-6.0,115907000.0,12934924200.0,8798.0,106.0,106.0,20400.0,105.0,145100.0,5287343133.0,3719843133.0,1107169610.0,9074200.0,5963700.0,,0.0,0.0,0.0
2024-07-19,106.0,0.0,0.0,112.0,103.0,104.0,-2.0,83350100.0,8834259100.0,1637.0,104.0,105.0,37300.0,104.0,540000.0,5287343133.0,3719843133.0,1107169610.0,2188900.0,749500.0,,0.0,0.0,0.0
2024-07-22,104.0,0.0,0.0,136.0,85.0,124.0,20.0,73833700.0,9018887900.0,7812.0,124.0,125.0,350300.0,124.0,569700.0,5287343133.0,3719843133.0,1107169610.0,4052700.0,5433200.0,,0.0,0.0,0.0
2024-07-23,124.0,0.0,0.0,131.0,117.0,121.0,-3.0,52830700.0,6503229500.0,3205.0,121.0,121.0,5594500.0,120.0,21300.0,5287344233.0,3719844233.0,1107169610.0,4259700.0,10362100.0,,0.0,0.0,0.0
2024-07-24,121.0,0.0,0.0,135.0,111.0,116.0,-5.0,96625500.0,11881123700.0,7661.0,116.0,116.0,2187300.0,115.0,214800.0,5287344233.0,3719844233.0,1107169610.0,4733600.0,9796600.0,,0.0,0.0,0.0
2024-07-25,116.0,0.0,0.0,125.0,106.0,116.0,0.0,57645200.0,6714082800.0,2533.0,116.0,117.0,397300.0,116.0,307800.0,5287344233.0,3719844233.0,1107169610.0,1396000.0,7382700.0,,0.0,0.0,0.0
2024-07-26,116.0,0.0,0.0,118.0,110.0,113.0,-3.0,16976600.0,1918697200.0,1551.0,113.0,113.0,19900.0,112.0,158900.0,5287349263.0,3719849263.0,1107169610.0,2466000.0,601300.0,,0.0,0.0,0.0
2024-07-29,113.0,0.0,0.0,115.0,104.0,112.0,-1.0,19969600.0,2250810700.0,719.0,112.0,112.0,51000.0,111.0,50500.0,5287349263.0,3719849263.0,1107169610.0,23300.0,513700.0,,0.0,0.0,0.0
2024-07-30,112.0,0.0,0.0,116.0,96.0,98.0,-14.0,49729800.0,5317875100.0,2875.0,98.0,99.0,1553500.0,98.0,100.0,5287356844.0,3719856844.0,1107169610.0,4114800.0,874300.0,,0.0,0.0,0.0
2024-07-31,98.0,0.0,0.0,101.0,89.0,98.0,0.0,56659300.0,5575677200.0,1564.0,98.0,98.0,71100.0,97.0,385800.0,5287356844.0,3719856844.0,1107169610.0,494900.0,2770400.0,,0.0,0.0,0.0
2024-08-01,98.0,0.0,0.0,101.0,88.0,97.0,-1.0,9749300.0,943933400.0,1308.0,97.0,97.0,130100.0,96.0,1000.0,5287356844.0,3719856844.0,1107169610.0,554500.0,1426100.0,,0.0,0.0,0.0
2024-08-02,97.0,0.0,0.0,97.0,86.0,86.0,-11.0,35498400.0,3325616800.0,1258.0,86.0,87.0,248100.0,86.0,24400.0,5287356844.0,3719856844.0,1107169610.0,3454100.0,898300.0,,0.0,0.0,0.0
2024-08-05,86.0,0.0,0.0,88.0,74.0,79.0,-7.0,70031800.0,5811789000.0,2289.0,79.0,80.0,557300.0,79.0,4500.0,5287356844.0,3719856844.0,1107169610.0,8841800.0,1781700.0,,0.0,0.0,0.0
2024-08-06,79.0,0.0,0.0,85.0,74.0,80.0,1.0,54875100.0,4355187100.0,1333.0,80.0,81.0,188100.0,79.0,114600.0,5287356844.0,3719856844.0,1107169610.0,3138900.0,533200.0,,0.0,0.0,0.0
2024-08-07,80.0,0.0,0.0,82.0,78.0,80.0,0.0,5632000.0,453147700.0,651.0,80.0,81.0,104900.0,80.0,191500.0,5287356844.0,3719856844.0,1107169610.0,1077300.0,232000.0,,0.0,0.0,0.0
2024-08-08,80.0,0.0,0.0,81.0,72.0,78.0,-2.0,24553200.0,1983664900.0,410.0,78.0,80.0,415700.0,78.0,583800.0,5287360645.0,3719860645.0,1107169610.0,612000.0,20100.0,,0.0,0.0,0.0
2024-08-09,78.0,0.0,0.0,81.0,77.0,78.0,0.0,43368400.0,3426673800.0,478.0,78.0,79.0,600.0,78.0,288300.0,5287360645.0,3719860645.0,1107169610.0,782100.0,96700.0,,0.0,0.0,0.0
2024-08-12,78.0,0.0,0.0,81.0,77.0,80.0,2.0,49194300.0,3888901800.0,503.0,80.0,81.0,776400.0,80.0,1258100.0,5287360745.0,3719860745.0,1107169610.0,1476900.0,684600.0,,0.0,0.0,0.0
2024-08-13,80.0,0.0,0.0,82.0,80.0,81.0,1.0,18666800.0,1519304400.0,748.0,81.0,82.0,577500.0,81.0,221900.0,5287360745.0,3719860745.0,1107169610.0,2189900.0,185400.0,,0.0,0.0,0.0
2024-08-14,81.0,0.0,0.0,97.0,81.0,92.0,11.0,63760500.0,5622045500.0,5338.0,92.0,92.0,496400.0,91.0,11000.0,5287360745.0,3719860745.0,1107169610.0,2706800.0,2561000.0,,0.0,0.0,0.0
2024-08-15,92.0,0.0,0.0,112.0,86.0,104.0,12.0,95849800.0,9029180500.0,4040.0,104.0,105.0,134800.0,104.0,155300.0,5287360745.0,3719860745.0,1107169610.0,1176600.0,1468000.0,,0.0,0.0,0.0
2024-08-16,104.0,0.0,0.0,116.0,101.0,109.0,5.0,74005300.0,7858081000.0,3227.0,109.0,109.0,389600.0,107.0,17300.0,5287360745.0,3719860745.0,1107169610.0,2732900.0,1964300.0,,0.0,0.0,0.0
2024-08-19,109.0,0.0,0.0,122.0,99.0,116.0,7.0,30082600.0,3431299500.0,2697.0,116.0,117.0,323900.0,116.0,126500.0,5287361241.0,3719861241.0,1107169610.0,215000.0,896600.0,,0.0,0.0,0.0
2024-08-20,116.0,0.0,0.0,133.0,113.0,132.0,16.0,67683000.0,8248002900.0,4980.0,132.0,133.0,114700.0,132.0,9900.0,5287361241.0,3719861241.0,1107169610.0,1728700.0,10378100.0,,0.0,0.0,0.0
2024-08-21,132.0,0.0,0.0,143.0,106.0,106.0,-26.0,137900300.0,16720345900.0,8998.0,106.0,107.0,1700800.0,106.0,843400.0,5287361241.0,3719861241.0,1107169610.0,11667000.0,4153500.0,,0.0,0.0,0.0
2024-08-22,106.0,0.0,0.0,107.0,98.0,98.0,-8.0,67042100.0,7035888900.0,2030.0,98.0,99.0,2002900.0,98.0,126500.0,5287361241.0,3719861241.0,1107169610.0,2319200.0,5320600.0,,0.0,0.0,0.0
2024-08-23,98.0,0.0,0.0,103.0,98.0,99.0,1.0,14655100.0,1466536400.0,1308.0,99.0,100.0,1225700.0,99.0,197000.0,5287386241.0,3719886241.0,1107169610.0,2251600.0,1151700.0,,0.0,0.0,0.0
2024-08-26,99.0,0.0,0.0,107.0,90.0,100.0,1.0,55847400.0,5665000500.0,1951.0,100.0,101.0,404800.0,100.0,1115600.0,5287386241.0,3719886241.0,1107169610.0,1676600.0,2200.0,,0.0,0.0,0.0
2024-08-27,100.0,0.0,0.0,102.0,91.0,100.0,0.0,5125300.0,515529600.0,548.0,100.0,101.0,167000.0,100.0,660600.0,5287391641.0,3719891641.0,1107169610.0,383000.0,30600.0,,0.0,0.0,0.0
2024-08-28,100.0,0.0,0.0,102.0,100.0,102.0,2.0,72472800.0,7320168500.0,560.0,102.0,102.0,991900.0,101.0,30000.0,5287391641.0,3719891641.0,1107169610.0,57400.0,0.0,,0.0,0.0,0.0
2024-08-29,102.0,0.0,0.0,102.0,100.0,102.0,0.0,5367200.0,542318000.0,669.0,102.0,102.0,1005300.0,101.0,26000.0,5287391641.0,3719891641.0,1107169610.0,84400.0,39900.0,,0.0,0.0,0.0
2024-08-30,102.0,0.0,0.0,107.0,101.0,104.0,2.0,50020100.0,5106990200.0,1134.0,104.0,104.0,1403400.0,103.0,1300.0,5287391641.0,3719891641.0,1107169610.0,1512000.0,6233300.0,,0.0,0.0,0.0
2024-09-02,104.0,0.0,0.0,127.0,103.0,124.0,20.0,72327300.0,8389770200.0,4610.0,124.0,125.0,529100.0,124.0,1586100.0,5287391641.0,3719891641.0,1107169610.0,2163600.0,16670300.0,,0.0,0.0,0.0
2024-09-03,124.0,0.0,0.0,135.0,121.0,124.0,0.0,108963600.0,13700363400.0,4132.0,124.0,124.0,205600.0,123.0,446100.0,5287391641.0,3719891641.0,1107169610.0,6794100.0,10502400.0,,0.0,0.0,0.0
2024-09-04,124.0,0.0,0.0,127.0,117.0,122.0,-2.0,11018400.0,1357856000.0,842.0,122.0,123.0,8100.0,122.0,209900.0,5287391641.0,3719891641.0,1107169610.0,323900.0,3880100.0,,0.0,0.0,0.0
2024-09-05,122.0,0.0,0.0,130.0,123.0,125.0,3.0,33622100.0,4167899800.0,1201.0,125.0,125.0,151900.0,124.0,9100.0,5287391641.0,3719891641.0,1107169610.0,937900.0,1971400.0,,330000.0,44550000.0,3.0
2024-09-06,125.0,0.0,0.0,128.0,121.0,126.0,1.0,5870800.0,734273300.0,517.0,126.0,127.0,358900.0,126.0,738000.0,5287391641.0,3719891641.0,1107169610.0,191700.0,1722600.0,,0.0,0.0,0.0
2024-09-09,126.0,0.0,0.0,164.0,122.0,132.0,6.0,154165800.0,20917678000.0,12010.0,132.0,132.0,205200.0,131.0,10400.0,5287392721.0,3719892721.0,1107169610.0,10319600.0,15206600.0,,0.0,0.0,0.0
2024-09-10,132.0,0.0,0.0,135.0,126.0,128.0,-4.0,14228500.0,1857417800.0,1160.0,128.0,129.0,120600.0,128.0,341200.0,5287397721.0,3719897721.0,1107169610.0,1301700.0,6275300.0,,0.0,0.0,0.0
2024-09-11,128.0,0.0,0.0,135.0,126.0,128.0,0.0,52373700.0,6784882300.0,1704.0,128.0,129.0,30700.0,128.0,1790100.0,5287398721.0,3719898721.0,1107169610.0,4065300.0,6108400.0,,0.0,0.0,0.0
2024-09-12,128.0,0.0,0.0,131.0,125.0,128.0,0.0,16555400.0,2121473700.0,586.0,128.0,129.0,212500.0,128.0,2233200.0,5287401221.0,3719901221.0,1107169610.0,122000.0,5381100.0,,0.0,0.0,0.0
2024-09-13,128.0,0.0,0.0,133.0,117.0,117.0,-11.0,81907500.0,10465234200.0,5169.0,117.0,117.0,1636800.0,116.0,528400.0,5287401840.0,3719901840.0,1107169610.0,3922100.0,4747500.0,,0.0,0.0,0.0
2024-09-17,117.0,0.0,0.0,119.0,110.0,117.0,0.0,4718300.0,543761000.0,673.0,117.0,117.0,47500.0,116.0,53000.0,5287402645.0,3719902645.0,1107169610.0,858200.0,168200.0,,0.0,0.0,0.0
2024-09-18,117.0,0.0,0.0,118.0,92.0,92.0,-25.0,28870600.0,3245291200.0,559.0,92.0,115.0,20000.0,92.0,1962700.0,5287414565.0,3719914565.0,1107169610.0,394800.0,6988400.0,,0.0,0.0,0.0
2024-09-19,92.0,0.0,0.0,124.0,93.0,124.0,32.0,54529200.0,6631256800.0,3172.0,124.0,0.0,0.0,124.0,23175900.0,5287417344.0,3719917344.0,1107169610.0,4743000.0,896900.0,,0.0,0.0,0.0
2024-09-20,124.0,0.0,0.0,144.0,119.0,121.0,-3.0,43330000.0,5488818200.0,2512.0,121.0,123.0,37100.0,121.0,3800.0,5287419417.0,3719919417.0,1107169610.0,9811000.0,5488900.0,,0.0,0.0,0.0
2024-09-23,121.0,0.0,0.0,127.0,110.0,115.0,-6.0,54608700.0,6653608500.0,653.0,115.0,116.0,4200.0,115.0,224500.0,5287421841.0,3719921841.0,1107169610.0,436900.0,7729800.0,,0.0,0.0,0.0
2024-09-24,115.0,0.0,0.0,142.0,116.0,141.0,26.0,101856600.0,13268169200.0,6515.0,141.0,141.0,90600.0,140.0,125600.0,5287422224.0,3719922224.0,1107169610.0,5977600.0,18713800.0,,0.0,0.0,0.0
2024-09-25,141.0,0.0,0.0,144.0,132.0,136.0,-5.0,14365500.0,1975718500.0,1378.0,136.0,137.0,15100.0,136.0,28000.0,5287422242.0,3719922242.0,1107169610.0,3192200.0,3568900.0,,0.0,0.0,0.0
2024-09-26,136.0,0.0,0.0,140.0,133.0,138.0,2.0,7771100.0,1061327100.0,828.0,138.0,138.0,2000.0,137.0,103600.0,5287422468.0,3719922468.0,1107169610.0,2338400.0,2476200.0,,0.0,0.0,0.0
2024-09-27,138.0,0.0,0.0,141.0,134.0,136.0,-2.0,41401900.0,5639052500.0,473.0,136.0,137.0,26800.0,135.0,63900.0,5287423468.0,3719923468.0,1107169610.0,614700.0,1155000.0,,0.0,0.0,0.0
2024-09-30,136.0,0.0,0.0,139.0,127.0,129.0,-7.0,17511900.0,2370868600.0,548.0,129.0,131.0,30000.0,129.0,4200.0,5287544996.0,5287544996.0,1107169610.0,606900.0,175600.0,,0.0,0.0,0.0
2024-10-01,129.0,0.0,0.0,132.0,127.0,131.0,2.0,1189000.0,153948200.0,288.0,131.0,132.0,97100.0,131.0,5600.0,5287670243.0,5287670243.0,1107185626.0,201600.0,157100.0,,0.0,0.0,0.0
2024-10-02,131.0,0.0,0.0,135.0,127.0,130.0,-1.0,5609400.0,740186900.0,800.0,130.0,130.0,21500.0,128.0,7100.0,5288085294.0,5288085294.0,1107185626.0,3240800.0,641400.0,,0.0,0.0,0.0
2024-10-03,130.0,0.0,0.0,133.0,129.0,132.0,2.0,21672300.0,2816996100.0,288.0,132.0,132.0,118400.0,130.0,403700.0,5288638023.0,5288638023.0,1107185626.0,2250800.0,321100.0,,0.0,0.0,0.0
2024-10-04,132.0,0.0,0.0,145.0,128.0,135.0,3.0,24711600.0,3309516600.0,1090.0,135.0,136.0,42100.0,135.0,4000.0,5289484925.0,5289484925.0,1107185626.0,1526900.0,2195100.0,,0.0,0.0,0.0
2024-10-07,135.0,0.0,0.0,182.0,134.0,182.0,47.0,110893700.0,18617818900.0,9286.0,182.0,0.0,0.0,182.0,5738700.0,5289802058.0,5289802058.0,1107185626.0,15556900.0,10939300.0,,0.0,0.0,0.0
2024-10-08,182.0,0.0,0.0,230.0,171.0,178.0,-4.0,43112700.0,8292299900.0,6166.0,178.0,179.0,3600.0,178.0,23500.0,5290113350.0,5290113350.0,1107185626.0,7236900.0,11258000.0,,0.0,0.0,0.0
2024-10-09,178.0,0.0,0.0,191.0,175.0,180.0,2.0,22078800.0,4062992200.0,1967.0,180.0,180.0,117900.0,178.0,196100.0,5290298067.0,5290298067.0,1107185626.0,2770200.0,1928400.0,,0.0,0.0,0.0
2024-10-10,180.0,0.0,0.0,182.0,171.0,178.0,-2.0,15480800.0,2780837100.0,667.0,178.0,178.0,800.0,177.0,2300.0,5290298067.0,5290298067.0,1107185626.0,861400.0,1203700.0,,0.0,0.0,0.0
2024-10-11,178.0,0.0,0.0,191.0,175.0,181.0,3.0,49457800.0,8901060800.0,1879.0,181.0,182.0,200600.0,181.0,79500.0,5290298067.0,5290298067.0,1107185626.0,2863200.0,2622100.0,,0.0,0.0,0.0
2024-10-14,181.0,0.0,0.0,216.0,176.0,197.0,16.0,39029500.0,7651531300.0,5530.0,197.0,198.0,383200.0,197.0,19900.0,5290298067.0,5290298067.0,1107185626.0,5462900.0,7886600.0,,0.0,0.0,0.0
2024-10-15,197.0,0.0,0.0,216.0,194.0,204.0,7.0,48456700.0,10028206000.0,3732.0,204.0,204.0,81000.0,202.0,98900.0,5290298067.0,5290298067.0,1107185626.0,2500300.0,10589800.0,,0.0,0.0,0.0
2024-10-16,204.0,0.0,0.0,222.0,192.0,194.0,-10.0,36579300.0,7580375600.0,3038.0,194.0,194.0,200.0,193.0,224100.0,5290298067.0,5290298067.0,1107185626.0,5032200.0,5605000.0,,0.0,0.0,0.0
2024-10-17,194.0,0.0,0.0,208.0,186.0,194.0,0.0,37972700.0,7445951000.0,1332.0,194.0,197.0,60000.0,194.0,715400.0,5290298067.0,5290298067.0,1107185626.0,1011000.0,5846700.0,,0.0,0.0,0.0
2024-10-18,194.0,0.0,0.0,214.0,197.0,202.0,8.0,17762900.0,3637514100.0,1382.0,202.0,202.0,327400.0,200.0,8800.0,5290298067.0,5290298067.0,1107185626.0,2877200.0,3883600.0,,0.0,0.0,0.0
2024-10-21,202.0,0.0,0.0,250.0,198.0,232.0,30.0,50430300.0,10904164000.0,6214.0,232.0,232.0,1299800.0,230.0,334500.0,5290298067.0,5290298067.0,1107185626.0,5290500.0,10787800.0,,0.0,0.0,0.0
2024-10-22,232.0,0.0,0.0,234.0,208.0,218.0,-14.0,25894200.0,5740148800.0,2374.0,218.0,218.0,24200.0,216.0,124900.0,5290298067.0,5290298067.0,1107185626.0,5710700.0,1279700.0,,0.0,0.0,0.0
2024-10-23,218.0,0.0,0.0,218.0,204.0,214.0,-4.0,29235000.0,6325416200.0,1494.0,214.0,214.0,120900.0,212.0,228300.0,5290298067.0,5290298067.0,1107185626.0,3117500.0,653800.0,,0.0,0.0,0.0
2024-10-24,214.0,0.0,0.0,224.0,206.0,218.0,4.0,33501300.0,7217170800.0,1499.0,218.0,220.0,141800.0,218.0,140300.0,5290298067.0,5290298067.0,1107185626.0,1653100.0,1362300.0,,0.0,0.0,0.0
2024-10-25,218.0,0.0,0.0,250.0,212.0,250.0,32.0,15282500.0,3529375200.0,1545.0,250.0,250.0,1338100.0,248.0,200000.0,5290298067.0,5290298067.0,1107185626.0,1167600.0,1008900.0,,0.0,0.0,0.0
2024-10-28,250.0,0.0,0.0,0.0,0.0,250.0,0.0,0.0,0.0,0.0,250.0,0.0,0.0,0.0,0.0,5290298067.0,5290298067.0,1107185626.0,0.0,0.0,,0.0,0.0,0.0
2024-10-29,250.0,0.0,0.0,270.0,224.0,244.0,-6.0,43154900.0,10708674000.0,2069.0,244.0,244.0,273400.0,242.0,125000.0,5290298067.0,5290298067.0,1107185626.0,2272000.0,3033900.0,,0.0,0.0,0.0
2024-10-30,244.0,0.0,0.0,266.0,242.0,252.0,8.0,56193100.0,13974859200.0,3173.0,252.0,254.0,267300.0,252.0,13000.0,5290298067.0,5290298067.0,1107185626.0,1677000.0,2245500.0,,0.0,0.0,0.0
2024-10-31,252.0,0.0,0.0,264.0,242.0,252.0,0.0,22155700.0,5587252200.0,1703.0,252.0,252.0,368400.0,248.0,7800.0,5290298067.0,5290298067.0,1107185626.0,1659900.0,1788500.0,,0.0,0.0,0.0
2024-11-01,252.0,0.0,0.0,304.0,250.0,274.0,22.0,42157700.0,11531311800.0,5757.0,274.0,274.0,125700.0,272.0,1102400.0,5290298067.0,5290298067.0,1107185626.0,4561300.0,6318300.0,,0.0,0.0,0.0
2024-11-04,274.0,0.0,0.0,276.0,212.0,260.0,-14.0,41031700.0,10895931600.0,2628.0,260.0,260.0,37400.0,258.0,500.0,5290298067.0,5290298067.0,1107185626.0,6015300.0,3385100.0,,0.0,0.0,0.0
2024-11-05,260.0,0.0,0.0,272.0,252.0,264.0,4.0,36138200.0,9545013800.0,2300.0,264.0,264.0,22600.0,262.0,21100.0,5290298067.0,5290298067.0,1107185626.0,1493000.0,7574300.0,,0.0,0.0,0.0
2024-11-06,264.0,0.0,0.0,274.0,256.0,260.0,-4.0,17202200.0,4540332600.0,818.0,260.0,260.0,187500.0,258.0,12600.0,5290298067.0,5290298067.0,1107185626.0,2504100.0,1431200.0,,0.0,0.0,0.0
2024-11-07,260.0,0.0,0.0,266.0,254.0,262.0,2.0,3175300.0,824743600.0,389.0,262.0,262.0,77200.0,258.0,64100.0,5290298067.0,5290298067.0,1107185626.0,411600.0,1149500.0,,0.0,0.0,0.0
2024-11-08,262.0,0.0,0.0,268.0,258.0,260.0,-2.0,6799500.0,1802183600.0,1340.0,260.0,260.0,27400.0,258.0,314800.0,5290298067.0,5290298067.0,1107185626.0,1096700.0,1309200.0,,0.0,0.0,0.0
2024-11-11,260.0,0.0,0.0,274.0,252.0,274.0,14.0,21435100.0,5641819600.0,2364.0,274.0,274.0,255200.0,272.0,36500.0,5290298067.0,5290298067.0,1107185626.0,1853200.0,2352700.0,,0.0,0.0,0.0
2024-11-12,274.0,0.0,0.0,276.0,258.0,258.0,-16.0,13264700.0,3599708000.0,531.0,258.0,260.0,13000.0,258.0,151100.0,5290298067.0,5290298067.0,1107185626.0,1411600.0,613500.0,,0.0,0.0,0.0
2024-11-13,258.0,0.0,0.0,268.0,250.0,262.0,4.0,5541900.0,1452063600.0,1057.0,262.0,262.0,30800.0,260.0,400.0,5290298067.0,5290298067.0,1107185626.0,713600.0,2164100.0,,0.0,0.0,0.0
2024-11-14,262.0,0.0,0.0,264.0,258.0,262.0,0.0,2601300.0,684385800.0,613.0,262.0,262.0,35200.0,260.0,15600.0,5290298067.0,5290298067.0,1107185626.0,158700.0,589500.0,,0.0,0.0,0.0
2024-11-15,262.0,0.0,0.0,268.0,212.0,256.0,-6.0,28413800.0,7401412600.0,719.0,256.0,256.0,24000.0,254.0,700.0,5290298067.0,5290298067.0,1107185626.0,1004900.0,1096900.0,,0.0,0.0,0.0
2024-11-18,256.0,0.0,0.0,284.0,246.0,280.0,24.0,20346800.0,5313841000.0,1734.0,280.0,280.0,43900.0,278.0,14500.0,5290298067.0,5290298067.0,1107185626.0,1213700.0,2331900.0,,0.0,0.0,0.0
2024-11-19,280.0,0.0,0.0,294.0,276.0,286.0,6.0,24655600.0,7038655800.0,4309.0,286.0,286.0,10000.0,284.0,30300.0,5290298067.0,5290298067.0,1107185626.0,1172000.0,3564000.0,,0.0,0.0,0.0
2024-11-20,286.0,0.0,0.0,296.0,286.0,294.0,8.0,31628800.0,9300157400.0,2897.0,294.0,296.0,16500.0,292.0,7200.0,5290298067.0,5290298067.0,1107185626.0,1048100.0,1384500.0,,0.0,0.0,0.0
2024-11-21,294.0,0.0,0.0,300.0,272.0,274.0,-20.0,25874000.0,7349915600.0,558.0,274.0,278.0,260600.0,274.0,59500.0,5290298067.0,5290298067.0,1107185626.0,1863500.0,180300.0,,0.0,0.0,0.0
2024-11-22,274.0,0.0,0.0,278.0,254.0,254.0,-20.0,12841700.0,3480226600.0,500.0,254.0,262.0,11300.0,254.0,10000.0,5290298067.0,5290298067.0,1107185626.0,1779400.0,400900.0,,0.0,0.0,0.0
2024-11-25,254.0,0.0,0.0,270.0,226.0,230.0,-24.0,3548500.0,846183000.0,659.0,230.0,234.0,6900.0,230.0,200.0,5290298067.0,5290298067.0,1107185626.0,2171500.0,594400.0,,0.0,0.0,0.0
2024-11-26,230.0,0.0,0.0,230.0,204.0,220.0,-10.0,22396600.0,4888551400.0,529.0,220.0,220.0,103000.0,218.0,4700.0,5290298067.0,5290298067.0,1107185626.0,2299000.0,1021600.0,,0.0,0.0,0.0
2024-11-28,220.0,0.0,0.0,230.0,208.0,220.0,0.0,33824000.0,7321543400.0,359.0,220.0,220.0,25700.0,218.0,22400.0,5290298067.0,5290298067.0,1107185626.0,1054500.0,706700.0,,0.0,0.0,0.0
2024-11-29,220.0,0.0,0.0,236.0,218.0,222.0,2.0,17834500.0,3957502600.0,1171.0,222.0,222.0,81400.0,220.0,84400.0,5290298067.0,5290298067.0,1107185626.0,2207900.0,1157400.0,,0.0,0.0,0.0
2024-12-02,222.0,0.0,0.0,222.0,192.0,200.0,-22.0,3719600.0,763365800.0,509.0,200.0,206.0,60000.0,200.0,96800.0,5290298067.0,5290298067.0,1107185626.0,1405300.0,793600.0,,0.0,0.0,0.0
2024-12-03,200.0,0.0,0.0,220.0,190.0,200.0,0.0,31847800.0,6678912400.0,2127.0,200.0,200.0,92900.0,193.0,7100.0,5290298067.0,5290298067.0,1107185626.0,5631700.0,3170000.0,,0.0,0.0,0.0
2024-12-04,200.0,0.0,0.0,200.0,189.0,189.0,-11.0,38857600.0,7488666900.0,603.0,189.0,189.0,9300.0,188.0,187700.0,5290298067.0,5290298067.0,1107185626.0,1787000.0,300200.0,,0.0,0.0,0.0
2024-12-05,189.0,0.0,0.0,190.0,181.0,188.0,-1.0,17851000.0,3362691600.0,385.0,188.0,188.0,700.0,187.0,22800.0,5290298067.0,5290298067.0,1107185626.0,1344700.0,1363600.0,,0.0,0.0,0.0
2024-12-06,188.0,0.0,0.0,192.0,184.0,186.0,-2.0,2115700.0,398510600.0,437.0,186.0,187.0,5100.0,186.0,32600.0,5290298067.0,5290298067.0,1107185626.0,1148600.0,554900.0,,0.0,0.0,0.0
2024-12-09,186.0,188.0,188.0,188.0,179.0,184.0,-2.0,34241400.0,6278762700.0,700.0,184.0,184.0,69100.0,183.0,4300.0,5290298067.0,5290298067.0,1107185626.0,2969000.0,863600.0,,0.0,0.0,0.0
2024-12-10,184.0,184.0,182.0,186.0,178.0,182.0,-2.0,40611300.0,7325727500.0,478.0,182.0,182.0,18400.0,181.0,90100.0,5290298067.0,5290298067.0,1107185626.0,672500.0,823800.0,,0.0,0.0,0.0
2024-12-11,182.0,182.0,182.0,193.0,181.0,186.0,4.0,21505700.0,3944811000.0,965.0,186.0,187.0,100100.0,186.0,94500.0,5290298067.0,5290298067.0,1107185626.0,1352900.0,2444000.0,,0.0,0.0,0.0
2024-12-12,186.0,188.0,187.0,190.0,183.0,183.0,-3.0,1482500.0,276311900.0,258.0,183.0,183.0,1600.0,182.0,67200.0,5290298067.0,5290298067.0,1107185626.0,550900.0,124600.0,,0.0,0.0,0.0
2024-12-13,183.0,184.0,184.0,184.0,174.0,175.0,-8.0,40124200.0,7150829900.0,406.0,175.0,177.0,500.0,175.0,86500.0,5290298067.0,5290298067.0,1107185626.0,752800.0,73000.0,,0.0,0.0,0.0
2024-12-16,175.0,177.0,177.0,177.0,149.0,151.0,-24.0,44059000.0,7511592800.0,907.0,151.0,151.0,400.0,150.0,134700.0,5290298067.0,5290298067.0,1107185626.0,1823800.0,582800.0,,0.0,0.0,0.0
2024-12-17,151.0,151.0,150.0,162.0,146.0,152.0,1.0,22241600.0,3366924100.0,823.0,152.0,152.0,15400.0,151.0,16700.0,5290298067.0,5290298067.0,1107185626.0,1364800.0,649300.0,,0.0,0.0,0.0
2024-12-18,152.0,152.0,152.0,152.0,143.0,145.0,-7.0,1123800.0,165195500.0,366.0,145.0,147.0,13700.0,145.0,100.0,5290298067.0,5290298067.0,1107185626.0,218300.0,354900.0,,0.0,0.0,0.0
2024-12-19,145.0,145.0,145.0,145.0,133.0,141.0,-4.0,49995600.0,7176239600.0,320.0,141.0,141.0,38300.0,140.0,12000.0,5290298067.0,5290298067.0,1107185626.0,18500.0,2047700.0,,0.0,0.0,0.0
2024-12-20,141.0,141.0,141.0,145.0,137.0,139.0,-2.0,50123100.0,7075684300.0,162.0,139.0,139.0,22500.0,138.0,2500.0,5290298067.0,5290298067.0,1107185626.0,470300.0,761400.0,,0.0,0.0,0.0
2024-12-23,139.0,139.0,141.0,156.0,137.0,148.0,9.0,23304100.0,3258118000.0,601.0,148.0,149.0,9100.0,148.0,5100.0,5290298067.0,5290298067.0,1107185626.0,754800.0,555200.0,,0.0,0.0,0.0
2024-12-24,148.0,0.0,0.0,153.0,145.0,146.0,-2.0,786000.0,116572800.0,278.0,146.0,148.0,10400.0,146.0,200.0,5290298067.0,5290298067.0,1107185626.0,264700.0,189600.0,,0.0,0.0,0.0
2024-12-27,146.0,147.0,149.0,184.0,135.0,147.0,1.0,91232700.0,13603452400.0,6773.0,147.0,147.0,1785200.0,146.0,126000.0,5290298067.0,5290298067.0,1107185626.0,14388400.0,2687000.0,,0.0,0.0,0.0
2024-12-30,147.0,147.0,146.0,147.0,135.0,142.0,-5.0,55884900.0,8151152200.0,1274.0,142.0,142.0,919300.0,141.0,200000.0,5290298067.0,5290298067.0,1107185626.0,2752700.0,274500.0,,0.0,0.0,0.0
2025-01-02,142.0,141.0,141.0,141.0,136.0,140.0,-2.0,22417300.0,3155262700.0,490.0,140.0,140.0,298500.0,139.0,21200.0,5290298067.0,5290298067.0,1110433564.0,385600.0,1800.0,,0.0,0.0,0.0
2025-01-03,140.0,140.0,140.0,141.0,136.0,137.0,-3.0,12673600.0,1760115000.0,573.0,137.0,137.0,97900.0,136.0,125800.0,5290298067.0,5290298067.0,1110433564.0,301300.0,4463300.0,,0.0,0.0,0.0
2025-01-06,137.0,137.0,137.0,145.0,132.0,136.0,-1.0,65132600.0,8892823100.0,1873.0,136.0,136.0,92400.0,133.0,101100.0,5290298067.0,5290298067.0,1110433564.0,4093100.0,2345900.0,,0.0,0.0,0.0
2025-01-07,136.0,136.0,136.0,136.0,132.0,136.0,0.0,56928900.0,7717626900.0,466.0,136.0,136.0,157300.0,135.0,115100.0,5290298067.0,5290298067.0,1110433564.0,1464900.0,313800.0,,0.0,0.0,0.0
2025-01-08,136.0,135.0,133.0,136.0,127.0,135.0,-1.0,24996300.0,3364499800.0,546.0,135.0,135.0,68500.0,134.0,115400.0,5290298067.0,5290298067.0,1110433564.0,977800.0,350800.0,,0.0,0.0,0.0
2025-01-09,135.0,134.0,134.0,135.0,130.0,135.0,0.0,1816800.0,241167200.0,320.0,135.0,135.0,457200.0,134.0,26500.0,5290298067.0,5290298067.0,1110433564.0,265500.0,142500.0,,0.0,0.0,0.0
2025-01-10,135.0,135.0,135.0,135.0,132.0,135.0,0.0,52738900.0,7117987400.0,202.0,135.0,135.0,603200.0,134.0,22700.0,5290298067.0,5290298067.0,1110433564.0,37800.0,514300.0,,0.0,0.0,0.0
2025-01-13,135.0,135.0,135.0,138.0,133.0,134.0,-1.0,53420800.0,7214853300.0,343.0,134.0,135.0,977600.0,133.0,700.0,5290298067.0,5290298067.0,1110433564.0,54500.0,2176300.0,,0.0,0.0,0.0
2025-01-14,134.0,134.0,135.0,135.0,125.0,130.0,-4.0,25551700.0,3403062500.0,645.0,130.0,131.0,15700.0,130.0,105700.0,5290298067.0,5290298067.0,1110433564.0,1313100.0,1028100.0,,0.0,0.0,0.0
2025-01-15,130.0,0.0,0.0,132.0,127.0,130.0,0.0,1971600.0,252806100.0,348.0,130.0,130.0,47800.0,127.0,271300.0,5290298067.0,5290298067.0,1110433564.0,590900.0,578800.0,,0.0,0.0,0.0
2025-01-16,130.0,130.0,130.0,136.0,118.0,130.0,0.0,49958900.0,6461641900.0,1739.0,130.0,130.0,147800.0,129.0,201700.0,5290298067.0,5290298067.0,1110433564.0,5166100.0,1055200.0,,0.0,0.0,0.0
2025-01-17,130.0,130.0,130.0,130.0,120.0,125.0,-5.0,52357900.0,6487844600.0,608.0,125.0,125.0,83000.0,124.0,214500.0,5290298067.0,5290298067.0,1110433564.0,7562000.0,34700.0,,0.0,0.0,0.0
2025-01-20,125.0,125.0,124.0,129.0,123.0,125.0,0.0,24636900.0,3080481700.0,301.0,125.0,125.0,461300.0,123.0,21800.0,5290298067.0,5290298067.0,1110433564.0,390700.0,445700.0,,0.0,0.0,0.0
2025-01-21,125.0,0.0,0.0,130.0,124.0,127.0,2.0,2461900.0,312996900.0,323.0,127.0,128.0,100.0,127.0,14000.0,5290298067.0,5290298067.0,1110433564.0,561200.0,1349200.0,,0.0,0.0,0.0
2025-01-22,127.0,127.0,128.0,140.0,119.0,126.0,-1.0,74422000.0,9456003700.0,2656.0,126.0,126.0,384400.0,122.0,14900.0,5290298067.0,5290298067.0,1110433564.0,8018900.0,1447900.0,,0.0,0.0,0.0
2025-01-23,126.0,126.0,126.0,126.0,121.0,121.0,-5.0,57672600.0,7256622000.0,418.0,121.0,121.0,109900.0,120.0,285200.0,5290298067.0,5290298067.0,1110433564.0,1704700.0,73200.0,,0.0,0.0,0.0
2025-01-24,121.0,121.0,121.0,121.0,117.0,121.0,0.0,27225200.0,3287143500.0,475.0,121.0,121.0,768900.0,120.0,62900.0,5290298067.0,5290298067.0,1110433564.0,890300.0,91500.0,,0.0,0.0,0.0
2025-01-30,121.0,0.0,0.0,123.0,118.0,119.0,-2.0,2511800.0,299893000.0,298.0,119.0,119.0,1000.0,118.0,130300.0,5290298067.0,5290298067.0,1110433564.0,744700.0,1113600.0,,0.0,0.0,0.0
2025-01-31,119.0,119.0,121.0,124.0,115.0,119.0,0.0,60545300.0,7205274600.0,378.0,119.0,119.0,6900.0,118.0,239200.0,5290298067.0,5290298067.0,1110433564.0,845900.0,1719000.0,,0.0,0.0,0.0
2025-02-03,119.0,119.0,120.0,121.0,117.0,118.0,-1.0,59180100.0,7041799900.0,253.0,118.0,118.0,646300.0,117.0,223900.0,5290298067.0,5290298067.0,1110433564.0,340600.0,54900.0,,0.0,0.0,0.0
2025-02-04,118.0,117.0,117.0,119.0,116.0,117.0,-1.0,23553600.0,2756136000.0,228.0,117.0,118.0,8900.0,117.0,71900.0,5290298067.0,5290298067.0,1110433564.0,240900.0,140600.0,,0.0,0.0,0.0
2025-02-05,117.0,0.0,0.0,119.0,115.0,117.0,0.0,694400.0,80684300.0,174.0,117.0,117.0,410500.0,116.0,42000.0,5290298067.0,5290298067.0,1110433564.0,183700.0,13400.0,,0.0,0.0,0.0
2025-02-06,117.0,117.0,117.0,130.0,115.0,119.0,2.0,69976900.0,8255082200.0,1617.0,119.0,120.0,41600.0,119.0,2000.0,5290298067.0,5290298067.0,1110433564.0,4210600.0,2225300.0,,0.0,0.0,0.0
2025-02-07,119.0,120.0,120.0,124.0,110.0,114.0,-5.0,61660200.0,7385763300.0,701.0,114.0,115.0,377000.0,114.0,5300.0,5290298067.0,5290298067.0,1110433564.0,1340000.0,88200.0,,0.0,0.0,0.0
2025-02-10,114.0,114.0,113.0,114.0,97.0,101.0,-13.0,30120800.0,3349058300.0,1260.0,101.0,101.0,310500.0,100.0,19000.0,5290298067.0,5290298067.0,1110433564.0,1610300.0,676800.0,,1.0,1.0,1.0
2025-02-11,101.0,0.0,0.0,101.0,91.0,92.0,-9.0,19923400.0,1891111300.0,881.0,92.0,93.0,302400.0,92.0,3900.0,5290298067.0,5290298067.0,1110433564.0,3803800.0,144300.0,,0.0,0.0,0.0
2025-02-12,92.0,92.0,93.0,110.0,92.0,94.0,2.0,94536300.0,8827559600.0,3485.0,94.0,94.0,61500.0,93.0,8900.0,5290298067.0,5290298067.0,1110433564.0,6168100.0,1120100.0,,0.0,0.0,0.0
2025-02-13,94.0,94.0,94.0,97.0,92.0,94.0,0.0,78842000.0,7413344500.0,932.0,94.0,94.0,42100.0,92.0,630800.0,5290298067.0,5290298067.0,1110433564.0,814900.0,43800.0,,0.0,0.0,0.0
2025-02-14,94.0,94.0,95.0,95.0,91.0,94.0,0.0,31783900.0,2984177000.0,573.0,94.0,94.0,388600.0,93.0,98500.0,5290298067.0,5290298067.0,1110433564.0,749400.0,19700.0,,0.0,0.0,0.0
2025-02-17,94.0,94.0,95.0,102.0,90.0,96.0,2.0,9833800.0,937126700.0,1026.0,96.0,96.0,26500.0,95.0,123900.0,5290298067.0,5290298067.0,1110433564.0,1825800.0,4406400.0,,0.0,0.0,0.0
2025-02-18,96.0,96.0,96.0,107.0,96.0,102.0,6.0,99630900.0,9696853100.0,3126.0,102.0,103.0,60600.0,102.0,1076100.0,5290298067.0,5290298067.0,1110433564.0,10025400.0,4688200.0,,0.0,0.0,0.0
2025-02-19,102.0,102.0,103.0,104.0,99.0,99.0,-3.0,75973500.0,7740246100.0,966.0,99.0,100.0,23200.0,99.0,514000.0,5290298067.0,5290298067.0,1110433564.0,2984800.0,2284800.0,,0.0,0.0,0.0
2025-02-20,99.0,100.0,100.0,104.0,97.0,98.0,-1.0,36664200.0,3674899900.0,964.0,98.0,98.0,8400.0,97.0,137600.0,5290298067.0,5290298067.0,1110433564.0,2861900.0,3780200.0,,0.0,0.0,0.0
2025-02-21,98.0,99.0,99.0,99.0,95.0,95.0,-3.0,3339700.0,321547100.0,552.0,95.0,96.0,71900.0,95.0,242200.0,5290298067.0,5290298067.0,1110433564.0,861200.0,0.0,,0.0,0.0,0.0
2025-02-24,95.0,96.0,97.0,111.0,95.0,106.0,11.0,126098300.0,12583629100.0,5480.0,106.0,107.0,21700.0,106.0,101300.0,5290298067.0,5290298067.0,1110433564.0,9208600.0,7072800.0,,0.0,0.0,0.0
2025-02-25,106.0,106.0,107.0,108.0,94.0,94.0,-12.0,87873900.0,9136854700.0,2279.0,94.0,95.0,149300.0,94.0,1687000.0,5290298067.0,5290298067.0,1110433564.0,10281400.0,209200.0,,0.0,0.0,0.0
2025-02-26,94.0,95.0,95.0,95.0,87.0,90.0,-4.0,41625800.0,3887567300.0,1302.0,90.0,90.0,3400.0,89.0,1416900.0,5290298067.0,5290298067.0,1110433564.0,5635800.0,361600.0,,0.0,0.0,0.0
2025-02-27,90.0,91.0,92.0,92.0,85.0,85.0,-5.0,6635000.0,583445500.0,1014.0,85.0,86.0,8100.0,85.0,910000.0,5290298067.0,5290298067.0,1110433564.0,1840100.0,70000.0,,0.0,0.0,0.0
2025-02-28,85.0,86.0,87.0,90.0,85.0,87.0,2.0,61008200.0,5250835800.0,909.0,87.0,87.0,151400.0,86.0,16000.0,5290298067.0,5290298067.0,1110433564.0,1334400.0,154000.0,,0.0,0.0,0.0
2025-03-03,87.0,87.0,87.0,89.0,85.0,86.0,-1.0,82074800.0,7138928500.0,714.0,86.0,86.0,43200.0,85.0,584400.0,5290298067.0,5290298067.0,1110433564.0,762600.0,0.0,,0.0,0.0,0.0
2025-03-04,86.0,86.0,86.0,87.0,79.0,82.0,-4.0,40067800.0,3413589900.0,1121.0,82.0,83.0,25000.0,82.0,541900.0,5290298067.0,5290298067.0,1110433564.0,2107800.0,189400.0,,0.0,0.0,0.0
2025-03-05,82.0,82.0,83.0,85.0,81.0,83.0,1.0,3579900.0,296533200.0,528.0,83.0,83.0,500.0,81.0,573000.0,5290298067.0,5290298067.0,1110433564.0,723000.0,715600.0,,0.0,0.0,0.0
2025-03-06,83.0,83.0,83.0,90.0,83.0,87.0,4.0,92612500.0,7719685100.0,1173.0,87.0,87.0,156800.0,86.0,206900.0,5290298067.0,5290298067.0,1110433564.0,2608800.0,1595100.0,,0.0,0.0,0.0
2025-03-07,87.0,87.0,87.0,88.0,84.0,85.0,-2.0,83321100.0,7244261500.0,541.0,85.0,86.0,29600.0,85.0,153200.0,5290298067.0,5290298067.0,1110433564.0,142200.0,907100.0,,0.0,0.0,0.0
2025-03-10,85.0,86.0,86.0,103.0,86.0,91.0,6.0,61932800.0,5601561400.0,3543.0,91.0,91.0,426400.0,90.0,41500.0,5290298067.0,5290298067.0,1110433564.0,3548300.0,2165500.0,,0.0,0.0,0.0
2025-03-11,91.0,90.0,90.0,96.0,86.0,92.0,1.0,10793600.0,970940400.0,1151.0,92.0,93.0,176200.0,92.0,874900.0,5290298067.0,5290298067.0,1110433564.0,1478500.0,209500.0,,0.0,0.0,0.0
2025-03-12,92.0,93.0,94.0,113.0,93.0,108.0,16.0,151819800.0,14977703700.0,7695.0,108.0,109.0,441800.0,108.0,10646300.0,5290298067.0,5290298067.0,1110433564.0,5030600.0,6162800.0,,0.0,0.0,0.0
2025-03-13,108.0,109.0,110.0,112.0,102.0,102.0,-6.0,83239200.0,9008672900.0,2091.0,102.0,103.0,31000.0,102.0,788800.0,5290298067.0,5290298067.0,1110433564.0,2199400.0,889300.0,,0.0,0.0,0.0
2025-03-14,102.0,103.0,104.0,106.0,95.0,96.0,-6.0,37385400.0,3815668900.0,1308.0,96.0,98.0,659100.0,96.0,945000.0,5290298067.0,5290298067.0,1110433564.0,339400.0,359700.0,,0.0,0.0,0.0
2025-03-17,96.0,96.0,96.0,129.0,96.0,122.0,26.0,70915800.0,8236358900.0,8582.0,122.0,123.0,80500.0,122.0,832000.0,5290298067.0,5290298067.0,1110433564.0,4066200.0,8514200.0,,0.0,0.0,0.0
2025-03-18,122.0,123.0,124.0,126.0,104.0,121.0,-1.0,90650400.0,10968698600.0,3990.0,121.0,121.0,175500.0,120.0,249700.0,5290298067.0,5290298067.0,1110433564.0,5245300.0,5898100.0,,0.0,0.0,0.0
2025-03-19,121.0,121.0,120.0,124.0,114.0,123.0,2.0,75110000.0,9076611000.0,1529.0,123.0,123.0,113700.0,122.0,833100.0,5290298067.0,5290298067.0,1110433564.0,2586800.0,1818000.0,,0.0,0.0,0.0
2025-03-20,123.0,124.0,124.0,124.0,114.0,116.0,-7.0,34005600.0,4157151500.0,1214.0,116.0,116.0,2800.0,115.0,214300.0,5290298067.0,5290298067.0,1110433564.0,2804500.0,304300.0,,0.0,0.0,0.0
2025-03-21,116.0,116.0,116.0,117.0,106.0,117.0,1.0,7387900.0,820057800.0,973.0,117.0,117.0,164200.0,116.0,621100.0,5290298067.0,5290298067.0,1110433564.0,630600.0,1917600.0,,11634100.0,1349555600.0,1.0
2025-03-24,117.0,117.0,117.0,124.0,107.0,118.0,1.0,79034400.0,9221692800.0,2728.0,118.0,118.0,343300.0,117.0,833700.0,5290298067.0,5290298067.0,1110433564.0,4351100.0,2108800.0,,0.0,0.0,0.0
2025-03-25,118.0,118.0,119.0,120.0,115.0,117.0,-1.0,65281800.0,7697114400.0,635.0,117.0,117.0,134300.0,116.0,814100.0,5290298067.0,5290298067.0,1110433564.0,549400.0,1977800.0,,0.0,0.0,0.0
2025-03-26,117.0,117.0,117.0,119.0,116.0,118.0,1.0,31110900.0,3642667400.0,432.0,118.0,118.0,340800.0,117.0,1267300.0,5290298067.0,5290298067.0,1110433564.0,59200.0,1298400.0,,0.0,0.0,0.0
2025-03-27,118.0,116.0,115.0,119.0,110.0,119.0,1.0,5093800.0,593638400.0,968.0,119.0,119.0,318700.0,118.0,2729200.0,5290298067.0,5290298067.0,1110433564.0,209300.0,897000.0,,0.0,0.0,0.0
2025-04-08,119.0,108.0,106.0,124.0,103.0,120.0,1.0,80839000.0,8871904300.0,1277.0,120.0,120.0,364700.0,119.0,520900.0,5290298067.0,5290298067.0,1110433564.0,1346400.0,6296900.0,,0.0,0.0,0.0
2025-04-09,120.0,121.0,121.0,126.0,113.0,120.0,0.0,67611200.0,8161984400.0,1216.0,120.0,120.0,192500.0,119.0,888800.0,5290298067.0,5290298067.0,1110433564.0,3908700.0,885800.0,,0.0,0.0,0.0
2025-04-10,120.0,121.0,121.0,124.0,119.0,121.0,1.0,30779100.0,3727937100.0,560.0,121.0,122.0,102800.0,121.0,87200.0,5290298067.0,5290298067.0,1110433564.0,398700.0,2276900.0,,0.0,0.0,0.0
2025-04-11,121.0,122.0,122.0,140.0,120.0,128.0,7.0,50180700.0,6603306400.0,3773.0,128.0,129.0,924700.0,128.0,6000400.0,5290298067.0,5290298067.0,1110433564.0,5401200.0,10630900.0,,0.0,0.0,0.0
2025-04-14,128.0,130.0,130.0,147.0,130.0,147.0,19.0,96229600.0,12936712400.0,3350.0,147.0,148.0,72600.0,147.0,9596800.0,5290298067.0,5290298067.0,1110433564.0,2867900.0,7447900.0,,0.0,0.0,0.0
2025-04-15,147.0,148.0,148.0,149.0,136.0,137.0,-10.0,94515300.0,13559302200.0,3214.0,137.0,138.0,7800.0,137.0,394100.0,5290298067.0,5290298067.0,1110433564.0,8033600.0,1514800.0,,0.0,0.0,0.0
2025-04-16,137.0,137.0,137.0,143.0,134.0,142.0,5.0,51866300.0,7184034900.0,1345.0,142.0,143.0,3103100.0,141.0,38300.0,5290298067.0,5290298067.0,1110433564.0,1255800.0,6642000.0,,0.0,0.0,0.0
2025-04-17,142.0,142.0,141.0,144.0,140.0,141.0,-1.0,7105400.0,1007406800.0,624.0,141.0,142.0,71000.0,141.0,89900.0,5290298067.0,5290298067.0,1110433564.0,589000.0,3720300.0,,0.0,0.0,0.0
2025-04-21,141.0,142.0,142.0,162.0,140.0,144.0,3.0,73560400.0,10638939700.0,3271.0,144.0,146.0,5900.0,144.0,2430200.0,5290298067.0,5290298067.0,1110433564.0,2055700.0,5106000.0,,0.0,0.0,0.0
2025-04-22,144.0,149.0,150.0,184.0,138.0,139.0,-5.0,200125200.0,31596046600.0,15388.0,139.0,140.0,59609600.0,139.0,12074300.0,5290298067.0,5290298067.0,1110433564.0,24159900.0,19880800.0,,0.0,0.0,0.0
2025-04-23,139.0,144.0,144.0,144.0,126.0,132.0,-7.0,49657200.0,6458016000.0,3471.0,132.0,132.0,17972100.0,131.0,12900.0,5290298067.0,5290298067.0,1110433564.0,9044300.0,13255500.0,,0.0,0.0,0.0
2025-04-24,132.0,133.0,134.0,135.0,124.0,126.0,-6.0,12300800.0,1586324200.0,1701.0,126.0,127.0,322100.0,126.0,270900.0,5290298067.0,5290298067.0,1110433564.0,2328800.0,2467800.0,,0.0,0.0,0.0
2025-04-25,126.0,127.0,128.0,134.0,125.0,126.0,0.0,23515700.0,3058500800.0,1942.0,126.0,126.0,3333900.0,125.0,85100.0,5290298067.0,5290298067.0,1110433564.0,3080800.0,5835300.0,,0.0,0.0,0.0
2025-04-28,126.0,128.0,127.0,170.0,126.0,168.0,42.0,253605000.0,38254606100.0,10318.0,168.0,170.0,65000.0,168.0,93160600.0,5290298067.0,5290298067.0,1110433564.0,18145800.0,23888100.0,,35766400.0,4506566400.0,2.0
2025-04-29,168.0,185.0,185.0,204.0,167.0,168.0,0.0,77517000.0,13760054400.0,8203.0,168.0,169.0,4537000.0,168.0,450500.0,5290298067.0,5290298067.0,1110433564.0,20092300.0,10637700.0,,0.0,0.0,0.0
2025-04-30,168.0,168.0,169.0,184.0,168.0,178.0,10.0,31189100.0,5533483000.0,3684.0,178.0,179.0,12900.0,178.0,3202600.0,5290298067.0,5290298067.0,1110433564.0,1840300.0,11591200.0,,0.0,0.0,0.0
2025-05-02,178.0,179.0,178.0,194.0,175.0,181.0,3.0,37834900.0,6977985500.0,4639.0,181.0,182.0,125500.0,181.0,1592900.0,5290298067.0,5290298067.0,1110433564.0,7198000.0,8649600.0,,0.0,0.0,0.0
2025-05-05,181.0,185.0,185.0,188.0,178.0,182.0,1.0,105593100.0,19512884900.0,1646.0,182.0,183.0,23600.0,182.0,136500.0,5290298067.0,5290298067.0,1110433564.0,1807400.0,6561400.0,,0.0,0.0,0.0
2025-05-06,182.0,185.0,185.0,188.0,182.0,185.0,3.0,8165600.0,1510390300.0,789.0,185.0,186.0,96900.0,185.0,127900.0,5290298067.0,5290298067.0,1110433564.0,1741700.0,2501000.0,,0.0,0.0,0.0
2025-05-07,185.0,185.0,186.0,191.0,184.0,185.0,0.0,11350000.0,2133963900.0,1017.0,185.0,187.0,26700.0,185.0,131000.0,5290298067.0,5290298067.0,1110433564.0,1925700.0,4136800.0,,0.0,0.0,0.0
2025-05-08,185.0,188.0,189.0,190.0,179.0,185.0,0.0,56627100.0,10417789000.0,657.0,185.0,186.0,1692100.0,185.0,314600.0,5290298067.0,5290298067.0,1110433564.0,1663500.0,1796600.0,,0.0,0.0,0.0
2025-05-09,185.0,185.0,186.0,200.0,180.0,188.0,3.0,50828900.0,9454510300.0,1819.0,188.0,188.0,327900.0,187.0,6100.0,5290298067.0,5290298067.0,1110433564.0,4368500.0,4167100.0,,0.0,0.0,0.0
2025-05-14,188.0,189.0,190.0,190.0,186.0,189.0,1.0,6763400.0,1276144400.0,680.0,189.0,189.0,60200.0,188.0,133200.0,5290298067.0,5290298067.0,1110433564.0,1477600.0,3510600.0,,0.0,0.0,0.0
2025-05-15,189.0,189.0,189.0,191.0,185.0,187.0,-2.0,3419500.0,641914800.0,533.0,187.0,188.0,21500.0,187.0,24400.0,5290298067.0,5290298067.0,1110433564.0,1045600.0,1232200.0,,0.0,0.0,0.0
2025-05-16,187.0,187.0,187.0,194.0,185.0,192.0,5.0,55588800.0,10410845000.0,674.0,192.0,192.0,76000.0,190.0,85100.0,5290298067.0,5290298067.0,1110433564.0,531400.0,4014100.0,,0.0,0.0,0.0
2025-05-19,192.0,192.0,193.0,216.0,192.0,206.0,14.0,47819100.0,9478888100.0,3489.0,206.0,208.0,7215500.0,206.0,5073800.0,5290298067.0,5290298067.0,1110433564.0,4852100.0,7127200.0,,0.0,0.0,0.0
2025-05-20,206.0,208.0,210.0,222.0,204.0,206.0,0.0,16208100.0,3437776200.0,1731.0,206.0,208.0,5030700.0,206.0,861800.0,5290298067.0,5290298067.0,1110433564.0,1578700.0,5828700.0,,0.0,0.0,0.0
2025-05-21,206.0,208.0,208.0,212.0,204.0,208.0,2.0,3695100.0,767613200.0,392.0,208.0,210.0,11100.0,206.0,114600.0,5290298067.0,5290298067.0,1110433564.0,696200.0,976500.0,,0.0,0.0,0.0
2025-05-22,208.0,210.0,212.0,224.0,206.0,214.0,6.0,46244000.0,9789827800.0,1602.0,214.0,216.0,45700.0,214.0,198600.0,5290298067.0,5290298067.0,1110433564.0,4217600.0,5618000.0,,0.0,0.0,0.0
2025-05-23,214.0,220.0,220.0,224.0,212.0,218.0,4.0,30776000.0,6733226200.0,737.0,218.0,220.0,206200.0,218.0,832300.0,5290298067.0,5290298067.0,1110433564.0,2362300.0,2324600.0,,0.0,0.0,0.0
2025-05-26,218.0,220.0,220.0,260.0,216.0,218.0,0.0,40579100.0,9714544600.0,4449.0,218.0,220.0,8985000.0,218.0,364400.0,5290298067.0,5290298067.0,1110433564.0,7276600.0,11660800.0,,0.0,0.0,0.0
2025-05-27,218.0,220.0,222.0,254.0,220.0,236.0,18.0,35709300.0,8432957200.0,3414.0,236.0,238.0,8989800.0,236.0,3514000.0,5290298067.0,5290298067.0,1110433564.0,5544100.0,9890800.0,,0.0,0.0,0.0
2025-05-28,236.0,236.0,236.0,240.0,228.0,232.0,-4.0,11500300.0,2687066600.0,987.0,232.0,234.0,2300.0,230.0,416800.0,5290298067.0,5290298067.0,1110433564.0,2801500.0,2385800.0,,0.0,0.0,0.0
2025-06-02,232.0,262.0,262.0,264.0,226.0,232.0,0.0,61707200.0,14628097400.0,6457.0,232.0,234.0,519300.0,232.0,4960000.0,5290298067.0,5290298067.0,1110433564.0,19809600.0,2808200.0,,0.0,0.0,0.0
2025-06-03,232.0,232.0,234.0,238.0,220.0,232.0,0.0,94029200.0,21444056200.0,3827.0,232.0,232.0,123400.0,230.0,2068300.0,5290298067.0,5290298067.0,1110433564.0,6596100.0,4738600.0,,0.0,0.0,0.0
2025-06-04,232.0,234.0,232.0,234.0,198.0,198.0,-34.0,57334100.0,12312256200.0,3728.0,198.0,198.0,2705100.0,0.0,0.0,5290298067.0,5290298067.0,1110433564.0,96500.0,3317600.0,,0.0,0.0,0.0
2025-06-05,198.0,169.0,169.0,169.0,169.0,169.0,-29.0,21823300.0,3688137700.0,1639.0,169.0,169.0,6778400.0,0.0,0.0,5290298067.0,5290298067.0,1110433564.0,0.0,47300.0,,0.0,0.0,0.0
2025-06-10,169.0,167.0,167.0,190.0,154.0,181.0,12.0,196200600.0,34423359900.0,6337.0,181.0,181.0,91200.0,180.0,2804900.0,5290298067.0,5290298067.0,1110433564.0,33292500.0,4591100.0,,0.0,0.0,0.0
2025-06-11,181.0,184.0,183.0,189.0,177.0,182.0,1.0,127719700.0,23488285900.0,3146.0,182.0,182.0,66800.0,181.0,1907400.0,5290298067.0,5290298067.0,1110433564.0,11526900.0,6864800.0,,0.0,0.0,0.0
2025-06-12,182.0,182.0,182.0,185.0,177.0,182.0,0.0,145536100.0,26395222300.0,2602.0,182.0,183.0,73600.0,181.0,911900.0,5290298067.0,5290298067.0,1110433564.0,5545900.0,5136600.0,,0.0,0.0,0.0
2025-06-13,182.0,182.0,182.0,193.0,180.0,193.0,11.0,97597000.0,17907915100.0,2661.0,193.0,193.0,195700.0,192.0,995600.0,5290298067.0,5290298067.0,1110433564.0,5077900.0,15448300.0,,0.0,0.0,0.0
2025-06-16,193.0,193.0,194.0,208.0,190.0,206.0,13.0,201714800.0,39347389700.0,3992.0,206.0,208.0,542800.0,206.0,34000.0,5290298067.0,5290298067.0,1110433564.0,9313400.0,18424400.0,,0.0,0.0,0.0
2025-06-17,206.0,206.0,206.0,208.0,194.0,200.0,-6.0,62969300.0,12806993500.0,2796.0,200.0,200.0,33500.0,199.0,1007600.0,5290298067.0,5290298067.0,1110433564.0,10349800.0,3990900.0,,0.0,0.0,0.0
2025-06-18,200.0,200.0,200.0,204.0,193.0,202.0,2.0,134128600.0,26606147500.0,1965.0,202.0,202.0,161600.0,200.0,15357800.0,5290298067.0,5290298067.0,1110433564.0,3707900.0,5399600.0,,0.0,0.0,0.0
2025-06-19,202.0,202.0,200.0,204.0,172.0,172.0,-30.0,96675800.0,17628854700.0,9318.0,172.0,172.0,4089800.0,0.0,0.0,5290298067.0,5290298067.0,1110433564.0,3833200.0,7500800.0,,0.0,0.0,0.0
2025-06-20,172.0,147.0,147.0,147.0,147.0,147.0,-25.0,94974500.0,13961251500.0,2521.0,147.0,147.0,4049000.0,0.0,0.0,5290298067.0,5290298067.0,1110433564.0,90100.0,0.0,,0.0,0.0,0.0
2025-06-23,147.0,132.0,132.0,140.0,125.0,125.0,-22.0,136371500.0,17103307400.0,5705.0,125.0,125.0,3008000.0,0.0,0.0,5290298067.0,5290298067.0,1110433564.0,4611700.0,723800.0,,0.0,0.0,0.0
2025-06-24,125.0,125.0,125.0,129.0,115.0,125.0,0.0,34139200.0,4211084100.0,3075.0,125.0,125.0,13400.0,124.0,1387700.0,5290298067.0,5290298067.0,1110433564.0,16223500.0,2662700.0,,0.0,0.0,0.0
2025-06-25,125.0,128.0,128.0,128.0,107.0,107.0,-18.0,117007900.0,13120627500.0,4712.0,107.0,107.0,3029300.0,0.0,0.0,5290298067.0,5290298067.0,1110433564.0,9487600.0,821300.0,,0.0,0.0,0.0
2025-06-26,107.0,101.0,101.0,113.0,94.0,107.0,0.0,94145800.0,9971175600.0,6424.0,107.0,107.0,112200.0,106.0,1850600.0,5290298067.0,5290298067.0,1110433564.0,12314700.0,13609100.0,,0.0,0.0,0.0
2025-06-30,107.0,107.0,106.0,111.0,103.0,108.0,1.0,179562600.0,19499924800.0,5175.0,108.0,108.0,703100.0,107.0,1658100.0,5290298067.0,5290298067.0,1110433564.0,12893000.0,8427200.0,,0.0,0.0,0.0
2025-07-01,108.0,109.0,109.0,122.0,108.0,111.0,3.0,221896900.0,25158247700.0,14768.0,111.0,111.0,786000.0,110.0,3919500.0,5290298067.0,5290298067.0,1110433564.0,7681600.0,5963800.0,,0.0,0.0,0.0
2025-07-02,111.0,111.0,112.0,115.0,104.0,104.0,-7.0,161541700.0,17456141200.0,12003.0,104.0,104.0,151700.0,103.0,1669400.0,5290298067.0,5290298067.0,1110433564.0,2092300.0,1872600.0,,0.0,0.0,0.0
2025-07-03,104.0,105.0,105.0,108.0,98.0,104.0,0.0,135710500.0,14029495400.0,8296.0,104.0,104.0,1242200.0,103.0,2128400.0,5290298067.0,5290298067.0,1110433564.0,7941200.0,11865100.0,,0.0,0.0,0.0
2025-07-04,104.0,104.0,104.0,105.0,89.0,89.0,-15.0,450664700.0,40581662300.0,17220.0,89.0,89.0,8830400.0,0.0,0.0,5290298067.0,5290298067.0,1110433564.0,11140200.0,10807500.0,,0.0,0.0,0.0
2025-07-07,89.0,76.0,76.0,86.0,76.0,76.0,-13.0,670627800.0,51504585400.0,48565.0,76.0,76.0,27923500.0,0.0,0.0,5290298067.0,5290298067.0,1110433564.0,33127100.0,42898400.0,,0.0,0.0,0.0
2025-07-08,76.0,65.0,65.0,66.0,65.0,65.0,-11.0,327241800.0,21270841000.0,28477.0,65.0,65.0,38231700.0,0.0,0.0,5290298067.0,5290298067.0,1110433564.0,0.0,33602100.0,,0.0,0.0,0.0
2025-07-09,65.0,56.0,56.0,87.0,56.0,87.0,22.0,1833549000.0,136973801500.0,58880.0,87.0,0.0,0.0,87.0,50906800.0,5290298067.0,5290298067.0,1110433564.0,169832000.0,174490100.0,,0.0,0.0,0.0
2025-07-10,87.0,96.0,96.0,117.0,96.0,117.0,30.0,1701458400.0,186653501800.0,60079.0,117.0,0.0,0.0,117.0,38607400.0,5290298067.0,5290298067.0,1110433564.0,146572000.0,120855300.0,,1453900.0,123206100.0,10.0
2025-07-11,117.0,119.0,120.0,141.0,101.0,118.0,1.0,1764605200.0,220399434500.0,74342.0,118.0,119.0,1225100.0,118.0,10500.0,5290298067.0,5290298067.0,1110433564.0,131847700.0,107237700.0,,0.0,0.0,0.0
2025-07-14,118.0,118.0,119.0,125.0,101.0,101.0,-17.0,1316624800.0,138989045300.0,60553.0,101.0,101.0,87073500.0,0.0,0.0,5290298067.0,5290298067.0,1110433564.0,10515100.0,22808900.0,,1567505600.0,47025644000.0,5.0
2025-07-15,101.0,86.0,86.0,86.0,86.0,86.0,-15.0,269987100.0,23218890600.0,38254.0,86.0,86.0,136793200.0,0.0,0.0,5290298067.0,5290298067.0,1110433564.0,0.0,4954600.0,,0.0,0.0,0.0
2025-07-16,86.0,74.0,74.0,108.0,74.0,99.0,13.0,1530102000.0,148705683500.0,57891.0,99.0,99.0,186800.0,98.0,1422400.0,5290298067.0,5290298067.0,1110433564.0,101466900.0,103261500.0,,0.0,0.0,0.0
2025-07-17,99.0,101.0,102.0,107.0,94.0,95.0,-4.0,407816100.0,40586757100.0,23667.0,95.0,96.0,2196200.0,95.0,3084300.0,5290298067.0,5290298067.0,1110433564.0,24365600.0,7495800.0,,0.0,0.0,0.0
2025-07-18,95.0,97.0,98.0,99.0,90.0,92.0,-3.0,188314600.0,17598875600.0,13686.0,92.0,92.0,4082200.0,91.0,3475200.0,5290298067.0,5290298067.0,1110433564.0,4418400.0,8520200.0,,0.0,0.0,0.0
2025-07-21,92.0,93.0,94.0,97.0,86.0,92.0,0.0,296796000.0,26978979300.0,16262.0,92.0,93.0,1442700.0,92.0,628500.0,5290298067.0,5290298067.0,1110433564.0,40058200.0,48714400.0,,0.0,0.0,0.0
2025-07-22,92.0,94.0,94.0,94.0,87.0,89.0,-3.0,114431100.0,10283047500.0,7864.0,89.0,90.0,1839400.0,89.0,2880400.0,5290298067.0,5290298067.0,1110433564.0,12971200.0,5760400.0,,0.0,0.0,0.0
2025-07-23,89.0,89.0,89.0,89.0,85.0,87.0,-2.0,110433700.0,9578462600.0,6601.0,87.0,87.0,362800.0,86.0,3914400.0,5290298067.0,5290298067.0,1110433564.0,2712400.0,21756300.0,,0.0,0.0,0.0
2025-07-24,87.0,87.0,87.0,93.0,87.0,88.0,1.0,105858700.0,9473537100.0,7050.0,88.0,89.0,5538700.0,88.0,769600.0,5290298067.0,5290298067.0,1110433564.0,19808000.0,3843000.0,,0.0,0.0,0.0
2025-07-25,88.0,89.0,90.0,90.0,85.0,87.0,-1.0,54185000.0,4704429600.0,4668.0,87.0,88.0,6065500.0,87.0,796500.0,5290298067.0,5290298067.0,1110433564.0,884300.0,659900.0,,0.0,0.0,0.0
2025-07-28,87.0,87.0,87.0,88.0,85.0,86.0,-1.0,51211600.0,4421305700.0,4743.0,86.0,87.0,3102200.0,86.0,143100.0,5290298067.0,5290298067.0,1110433564.0,1143100.0,5429200.0,,0.0,0.0,0.0
2025-07-29,86.0,86.0,87.0,87.0,82.0,86.0,0.0,95084500.0,7985757600.0,6099.0,86.0,86.0,628900.0,85.0,756700.0,5290298067.0,5290298067.0,1110433564.0,2158800.0,24495700.0,,0.0,0.0,0.0
2025-07-30,86.0,86.0,87.0,93.0,86.0,89.0,3.0,209720900.0,18787494600.0,10816.0,89.0,89.0,1093400.0,88.0,1990800.0,5290298067.0,5290298067.0,1110433564.0,33493900.0,9709100.0,,25100.0,2008000.0,1.0
2025-07-31,89.0,89.0,90.0,90.0,85.0,85.0,-4.0,75061200.0,6462092200.0,5789.0,85.0,86.0,406200.0,85.0,1612500.0,5290298067.0,5290298067.0,1110433564.0,4361500.0,2569700.0,,77500.0,6350600.0,3.0
2025-08-01,85.0,85.0,86.0,91.0,82.0,88.0,3.0,150156300.0,13159512900.0,8963.0,88.0,88.0,29900.0,87.0,1213400.0,5290298067.0,5290298067.0,1110433564.0,9476700.0,10632800.0,,0.0,0.0,0.0
2025-08-04,88.0,88.0,89.0,90.0,86.0,86.0,-2.0,64675700.0,5646025700.0,4351.0,86.0,87.0,308000.0,86.0,1655300.0,5290298067.0,5290298067.0,1110433564.0,2288600.0,3307000.0,,0.0,0.0,0.0
2025-08-05,86.0,86.0,86.0,87.0,84.0,85.0,-1.0,55797600.0,4736846700.0,4601.0,85.0,85.0,21300.0,84.0,5972400.0,5290298067.0,5290298067.0,1110433564.0,2334100.0,1939600.0,,117700.0,9416000.0,3.0
2025-08-06,85.0,86.0,86.0,91.0,84.0,87.0,2.0,124646300.0,10862717500.0,5549.0,87.0,87.0,985300.0,86.0,5308000.0,5290298067.0,5290298067.0,1110433564.0,6796200.0,10177300.0,,0.0,0.0,0.0
2025-08-07,87.0,88.0,88.0,89.0,85.0,85.0,-2.0,92834100.0,7988975800.0,5011.0,85.0,86.0,4159900.0,85.0,4117700.0,5290298067.0,5290298067.0,1110433564.0,3234600.0,2548400.0,,0.0,0.0,0.0
2025-08-08,85.0,85.0,86.0,86.0,83.0,84.0,-1.0,49263800.0,4145542500.0,3361.0,84.0,84.0,759200.0,83.0,9512200.0,5290298067.0,5290298067.0,1110433564.0,1900000.0,3592400.0,,0.0,0.0,0.0
2025-08-11,84.0,84.0,84.0,85.0,82.0,83.0,-1.0,52650800.0,4385448000.0,3640.0,83.0,84.0,3400500.0,83.0,129500.0,5290298067.0,5290298067.0,1110433564.0,1172600.0,1176000.0,,0.0,0.0,0.0
2025-08-12,83.0,83.0,83.0,84.0,81.0,82.0,-1.0,56945100.0,4691978000.0,3902.0,82.0,83.0,3362500.0,82.0,3373700.0,5290298067.0,5290298067.0,1110433564.0,2835200.0,3596100.0,,0.0,0.0,0.0
2025-08-13,82.0,83.0,83.0,84.0,82.0,83.0,1.0,46514100.0,3866371900.0,2461.0,83.0,84.0,6516700.0,83.0,3178000.0,5290298067.0,5290298067.0,1110433564.0,45700.0,5717000.0,,0.0,0.0,0.0
2025-08-14,83.0,84.0,84.0,112.0,84.0,112.0,29.0,2494558600.0,256780840700.0,86732.0,112.0,0.0,0.0,112.0,101034900.0,5290298067.0,5290298067.0,1110433564.0,185340700.0,226447300.0,,0.0,0.0,0.0
2025-08-15,112.0,125.0,125.0,130.0,102.0,105.0,-7.0,1674678000.0,199206329100.0,74213.0,105.0,105.0,6176700.0,104.0,1461100.0,5290298067.0,5290298067.0,1110433564.0,126816700.0,76465400.0,,0.0,0.0,0.0
2025-08-19,105.0,106.0,107.0,119.0,106.0,113.0,8.0,639363500.0,72737187100.0,29910.0,113.0,114.0,6674800.0,113.0,525700.0,5290298067.0,5290298067.0,1110433564.0,36801400.0,34986800.0,,1000000.0,118000000.0,1.0
2025-08-20,113.0,113.0,114.0,122.0,107.0,111.0,-2.0,807724500.0,93019178300.0,35183.0,111.0,112.0,2550400.0,111.0,7542300.0,5290298067.0,5290298067.0,1110433564.0,43328700.0,45700900.0,,0.0,0.0,0.0
2025-08-21,111.0,112.0,113.0,115.0,108.0,112.0,1.0,231378300.0,25855381900.0,12522.0,112.0,112.0,4947400.0,111.0,791200.0,5290298067.0,5290298067.0,1110433564.0,14136800.0,9021800.0,,29400.0,3410400.0,1.0
2025-08-22,112.0,112.0,113.0,114.0,109.0,109.0,-3.0,94294600.0,10360597500.0,6290.0,109.0,110.0,742600.0,109.0,4294200.0,5290298067.0,5290298067.0,1110433564.0,1716400.0,1642200.0,,0.0,0.0,0.0
2025-08-25,109.0,110.0,111.0,112.0,107.0,107.0,-2.0,115622700.0,12551717800.0,7622.0,107.0,108.0,1871700.0,107.0,1004300.0,5290298067.0,5290298067.0,1110433564.0,3833800.0,7258700.0,,0.0,0.0,0.0
2025-08-26,107.0,109.0,109.0,109.0,103.0,104.0,-3.0,95484700.0,10026294900.0,5942.0,104.0,105.0,23800.0,104.0,5076500.0,5290298067.0,5290298067.0,1110433564.0,5382100.0,25152900.0,,0.0,0.0,0.0
2025-08-27,104.0,105.0,105.0,117.0,104.0,111.0,7.0,580718100.0,65160464800.0,25631.0,111.0,112.0,1828200.0,111.0,1054100.0,5290298067.0,5290298067.0,1110433564.0,57395200.0,50410600.0,,0.0,0.0,0.0
2025-08-28,111.0,112.0,111.0,113.0,108.0,109.0,-2.0,107127200.0,11692807400.0,6905.0,109.0,109.0,1004600.0,108.0,1967300.0,5290298067.0,5290298067.0,1110433564.0,11589200.0,6760600.0,,0.0,0.0,0.0
2025-08-29,109.0,108.0,108.0,109.0,99.0,104.0,-5.0,166597200.0,17090957200.0,7653.0,104.0,104.0,3677400.0,103.0,106100.0,5290298067.0,5290298067.0,1110433564.0,28968600.0,32584600.0,,0.0,0.0,0.0
2025-09-01,104.0,95.0,94.0,103.0,92.0,100.0,-4.0,105757800.0,10407774200.0,5545.0,100.0,100.0,134300.0,99.0,2968100.0,5290298067.0,5290298067.0,1110433564.0,13079300.0,23053800.0,,0.0,0.0,0.0
2025-09-02,100.0,100.0,101.0,106.0,100.0,103.0,3.0,69829700.0,7242598500.0,4392.0,103.0,104.0,705600.0,103.0,1257900.0,5290298067.0,5290298067.0,1110433564.0,13198900.0,3994100.0,,0.0,0.0,0.0
2025-09-03,103.0,104.0,104.0,105.0,101.0,102.0,-1.0,46507300.0,4754048500.0,3314.0,102.0,103.0,856600.0,102.0,4064500.0,5290298067.0,5290298067.0,1110433564.0,5741300.0,5421500.0,,0.0,0.0,0.0
2025-09-04,102.0,104.0,104.0,116.0,101.0,102.0,0.0,368142000.0,40303406200.0,16856.0,102.0,103.0,320000.0,102.0,4645900.0,5290298067.0,5290298067.0,1110433564.0,29034800.0,25630900.0,,0.0,0.0,0.0
2025-09-08,102.0,91.0,90.0,99.0,90.0,91.0,-11.0,261246500.0,24698467300.0,12306.0,91.0,91.0,312300.0,90.0,8961400.0,5290298067.0,5290298067.0,1110433564.0,29118000.0,36339800.0,,0.0,0.0,0.0
2025-09-09,91.0,91.0,92.0,94.0,88.0,89.0,-2.0,89513400.0,8144714500.0,4962.0,89.0,90.0,17200.0,89.0,464100.0,5290298067.0,5290298067.0,1110433564.0,18666200.0,14922400.0,,0.0,0.0,0.0
2025-09-10,89.0,92.0,92.0,96.0,89.0,95.0,6.0,95416500.0,8845108300.0,4862.0,95.0,95.0,4750100.0,94.0,612800.0,5290298067.0,5290298067.0,1110433564.0,10681400.0,18924000.0,,0.0,0.0,0.0
2025-09-11,95.0,95.0,94.0,95.0,92.0,93.0,-2.0,34661800.0,3223897000.0,2693.0,93.0,93.0,560700.0,92.0,4089800.0,5290298067.0,5290298067.0,1110433564.0,5846300.0,2567500.0,,0.0,0.0,0.0
2025-09-12,93.0,93.0,94.0,94.0,91.0,92.0,-1.0,27684800.0,2551092700.0,2285.0,92.0,93.0,1650400.0,92.0,2078500.0,5290298067.0,5290298067.0,1110433564.0,418000.0,1015700.0,,0.0,0.0,0.0
2025-09-15,92.0,93.0,93.0,102.0,92.0,96.0,4.0,201637000.0,19706887100.0,9278.0,96.0,96.0,2305900.0,95.0,1675300.0,5290298067.0,5290298067.0,1110433564.0,15344100.0,13491100.0,,0.0,0.0,0.0
2025-09-16,96.0,98.0,98.0,98.0,93.0,95.0,-1.0,44923000.0,4267526000.0,3069.0,95.0,95.0,980700.0,94.0,4946000.0,5290298067.0,5290298067.0,1110433564.0,2924900.0,3150100.0,,0.0,0.0,0.0
2025-09-17,95.0,96.0,96.0,97.0,92.0,93.0,-2.0,35081800.0,3285041500.0,2644.0,93.0,94.0,747600.0,93.0,1467600.0,5290298067.0,5290298067.0,1110433564.0,2706700.0,1479900.0,,98600.0,8972600.0,1.0
2025-09-18,93.0,94.0,93.0,100.0,92.0,95.0,2.0,92683400.0,8900548600.0,4608.0,95.0,95.0,1668600.0,94.0,780000.0,5290298067.0,5290298067.0,1110433564.0,7689700.0,3909600.0,,0.0,0.0,0.0
2025-09-19,95.0,93.0,93.0,95.0,92.0,93.0,-2.0,31646800.0,2952586200.0,2237.0,93.0,93.0,592900.0,92.0,8134900.0,5290298067.0,5290298067.0,1110433564.0,2280100.0,3978000.0,,0.0,0.0,0.0
2025-09-22,93.0,94.0,94.0,95.0,92.0,95.0,2.0,27130900.0,2530055300.0,2307.0,95.0,95.0,2455000.0,94.0,4151400.0,5290298067.0,5290298067.0,1110433564.0,762700.0,799400.0,,0.0,0.0,0.0
2025-09-23,95.0,95.0,95.0,96.0,93.0,94.0,-1.0,31875100.0,2991214900.0,2224.0,94.0,94.0,868100.0,93.0,7639800.0,5290298067.0,5290298067.0,1110433564.0,1322300.0,2448500.0,,0.0,0.0,0.0
2025-09-24,94.0,94.0,94.0,94.0,91.0,92.0,-2.0,47413100.0,4364767400.0,2986.0,92.0,93.0,10054100.0,92.0,80400.0,5290298067.0,5290298067.0,1110433564.0,2459100.0,1968000.0,,0.0,0.0,0.0
2025-09-25,92.0,92.0,92.0,92.0,89.0,89.0,-3.0,42235600.0,3792931900.0,3307.0,89.0,90.0,1027600.0,89.0,4091100.0,5290298067.0,5290298067.0,1110433564.0,507400.0,4318400.0,,0.0,0.0,0.0
2025-09-26,89.0,90.0,90.0,93.0,89.0,90.0,1.0,35178800.0,3188063400.0,2184.0,90.0,91.0,245100.0,90.0,44400.0,5290298067.0,5290298067.0,1110433564.0,2465600.0,7408700.0,,0.0,0.0,0.0
2025-09-29,90.0,91.0,91.0,95.0,90.0,93.0,3.0,46060600.0,4262094800.0,3088.0,93.0,93.0,507200.0,92.0,1039800.0,5290298067.0,5290298067.0,1110433564.0,7397300.0,13659800.0,,0.0,0.0,0.0
2025-09-30,93.0,93.0,93.0,94.0,91.0,92.0,-1.0,28573100.0,2641228000.0,1821.0,92.0,93.0,1655300.0,92.0,1359500.0,5290298067.0,5290298067.0,1110433564.0,2545600.0,3367100.0,,0.0,0.0,0.0
2025-10-01,92.0,93.0,93.0,94.0,91.0,93.0,1.0,32548800.0,3009265600.0,1890.0,93.0,94.0,3625900.0,93.0,260200.0,5290298067.0,5290298067.0,1690250232.0,3309800.0,4110800.0,,0.0,0.0,0.0
2025-10-02,93.0,93.0,94.0,98.0,92.0,95.0,2.0,95255100.0,9035207400.0,4307.0,95.0,96.0,2140300.0,95.0,5200.0,5290298067.0,5290298067.0,1690250232.0,11406900.0,26450700.0,,0.0,0.0,0.0
2025-10-03,95.0,96.0,96.0,110.0,95.0,103.0,8.0,576407600.0,60010296200.0,27671.0,103.0,103.0,2876600.0,102.0,1005300.0,5290298067.0,5290298067.0,1690250232.0,30521900.0,29413400.0,,0.0,0.0,0.0
2025-10-06,103.0,104.0,105.0,109.0,102.0,102.0,-1.0,143840400.0,14984159900.0,9318.0,102.0,103.0,1324500.0,102.0,1498400.0,5290298067.0,5290298067.0,1690250232.0,6714200.0,4452400.0,,0.0,0.0,0.0
2025-10-07,102.0,103.0,103.0,104.0,95.0,97.0,-5.0,92101100.0,8987699600.0,5701.0,97.0,98.0,2278700.0,97.0,232300.0,5290298067.0,5290298067.0,1690250232.0,8081100.0,10875800.0,,0.0,0.0,0.0
2025-10-08,97.0,97.0,98.0,98.0,93.0,94.0,-3.0,40538800.0,3827722400.0,3007.0,94.0,95.0,639400.0,94.0,1110800.0,5290298067.0,5290298067.0,1690250232.0,1083900.0,4523100.0,,0.0,0.0,0.0
2025-10-09,94.0,94.0,95.0,96.0,93.0,94.0,0.0,36370300.0,3428882200.0,2569.0,94.0,94.0,289100.0,93.0,3838500.0,5290298067.0,5290298067.0,1690250232.0,5089700.0,4719400.0,,0.0,0.0,0.0
2025-10-10,94.0,94.0,94.0,95.0,93.0,93.0,-1.0,27312300.0,2551866100.0,1645.0,93.0,94.0,2327900.0,93.0,1619900.0,5290298067.0,5290298067.0,1690250232.0,488100.0,1869400.0,,0.0,0.0,0.0
2025-10-13,93.0,93.0,93.0,94.0,91.0,93.0,0.0,28386200.0,2623983900.0,2000.0,93.0,93.0,816200.0,92.0,2596400.0,5290298067.0,5290298067.0,1690250232.0,2574800.0,5031100.0,,0.0,0.0,0.0
2025-10-14,93.0,93.0,92.0,93.0,88.0,89.0,-4.0,55424300.0,5008941600.0,3472.0,89.0,90.0,110200.0,89.0,2003100.0,5290298067.0,5290298067.0,1690250232.0,10708000.0,5909200.0,,0.0,0.0,0.0
2025-10-15,89.0,90.0,90.0,90.0,85.0,87.0,-2.0,44252300.0,3855755700.0,2750.0,87.0,87.0,43700.0,86.0,1772400.0,5290298067.0,5290298067.0,1690250232.0,6614200.0,5561600.0,,0.0,0.0,0.0
2025-10-16,87.0,87.0,87.0,89.0,85.0,88.0,1.0,20356600.0,1766834300.0,1640.0,88.0,88.0,415500.0,87.0,1393300.0,5290298067.0,5290298067.0,1690250232.0,3664600.0,3174200.0,,0.0,0.0,0.0
2025-10-17,88.0,88.0,88.0,88.0,83.0,83.0,-5.0,32913200.0,2783516200.0,2469.0,83.0,84.0,1212600.0,83.0,56700.0,5290298067.0,5290298067.0,1690250232.0,6911300.0,2043900.0,,0.0,0.0,0.0
2025-10-20,83.0,83.0,84.0,86.0,80.0,85.0,2.0,15794300.0,1326368600.0,1618.0,85.0,86.0,1821500.0,85.0,1019200.0,5290298067.0,5290298067.0,1690250232.0,795400.0,2502200.0,,0.0,0.0,0.0
2025-10-21,85.0,85.0,86.0,89.0,85.0,89.0,4.0,24358300.0,2122460500.0,1974.0,89.0,90.0,3361400.0,89.0,64400.0,5290298067.0,5290298067.0,1690250232.0,1950300.0,3114200.0,,0.0,0.0,0.0
2025-10-22,89.0,89.0,89.0,90.0,85.0,86.0,-3.0,20589000.0,1780356600.0,1625.0,86.0,87.0,2594600.0,86.0,2601600.0,5290298067.0,5290298067.0,1690250232.0,2846900.0,1094300.0,,0.0,0.0,0.0
2025-10-23,86.0,86.0,86.0,88.0,86.0,88.0,2.0,15825700.0,1379956600.0,1292.0,88.0,88.0,8600.0,87.0,6400.0,5290298067.0,5290298067.0,1690250232.0,160700.0,798500.0,,0.0,0.0,0.0
2025-10-24,88.0,90.0,89.0,90.0,85.0,87.0,-1.0,21096200.0,1823610900.0,1424.0,87.0,87.0,650200.0,86.0,2184300.0,5290298067.0,5290298067.0,1690250232.0,869900.0,1538100.0,,0.0,0.0,0.0
2025-10-27,87.0,88.0,88.0,89.0,83.0,85.0,-2.0,23706800.0,2025980800.0,2002.0,85.0,86.0,493700.0,85.0,26500.0,5290298067.0,5290298067.0,1690250232.0,3770200.0,120900.0,,0.0,0.0,0.0
2025-10-28,85.0,85.0,85.0,96.0,84.0,88.0,3.0,108494700.0,9795775100.0,6216.0,88.0,88.0,919200.0,87.0,515900.0,5290298067.0,5290298067.0,1690250232.0,5719800.0,5707300.0,,0.0,0.0,0.0
2025-10-29,88.0,88.0,88.0,88.0,85.0,86.0,-2.0,21153700.0,1823079000.0,1583.0,86.0,87.0,1085700.0,86.0,31500.0,5290298067.0,5290298067.0,1690250232.0,522700.0,2051500.0,,0.0,0.0,0.0
2025-10-30,86.0,87.0,87.0,87.0,85.0,87.0,1.0,13884900.0,1192903900.0,1073.0,87.0,87.0,2004700.0,86.0,54100.0,5290298067.0,5290298067.0,1690250232.0,502700.0,1306600.0,,0.0,0.0,0.0
2025-10-31,87.0,87.0,87.0,88.0,85.0,86.0,-1.0,18064600.0,1550695900.0,1092.0,86.0,86.0,277700.0,85.0,7368100.0,5290298067.0,5290298067.0,1690250232.0,795600.0,955400.0,,0.0,0.0,0.0
2025-11-04,86.0,86.0,87.0,87.0,85.0,87.0,1.0,21670000.0,1863459100.0,1139.0,87.0,87.0,1072400.0,86.0,687700.0,5290298067.0,5290298067.0,1690250232.0,2357900.0,43200.0,,0.0,0.0,0.0
2025-11-05,87.0,88.0,87.0,88.0,85.0,85.0,-2.0,21234400.0,1812508700.0,1416.0,85.0,86.0,966100.0,85.0,912700.0,5290298067.0,5290298067.0,1690250232.0,101000.0,12800.0,,0.0,0.0,0.0
2025-11-06,85.0,85.0,85.0,86.0,84.0,85.0,0.0,13465600.0,1146487200.0,1181.0,85.0,86.0,3907600.0,85.0,125700.0,5290298067.0,5290298067.0,1690250232.0,428500.0,570400.0,,0.0,0.0,0.0
2025-11-07,85.0,84.0,84.0,92.0,84.0,87.0,2.0,102098600.0,8997042200.0,6594.0,87.0,87.0,1013800.0,86.0,939700.0,5290298067.0,5290298067.0,1690250232.0,8868700.0,10480700.0,,0.0,0.0,0.0
2025-11-10,87.0,87.0,87.0,88.0,86.0,87.0,0.0,24355300.0,2123363800.0,1812.0,87.0,87.0,490100.0,86.0,3147400.0,5290298067.0,5290298067.0,1690250232.0,126700.0,1480500.0,,0.0,0.0,0.0
2025-11-11,87.0,88.0,88.0,88.0,86.0,86.0,-1.0,24740600.0,2144891200.0,1763.0,86.0,87.0,2218300.0,86.0,1146800.0,5290298067.0,5290298067.0,1690250232.0,530800.0,2968300.0,,0.0,0.0,0.0
2025-11-12,86.0,87.0,86.0,88.0,86.0,87.0,1.0,24480400.0,2121095800.0,1275.0,87.0,88.0,3242300.0,87.0,599300.0,5290298067.0,5290298067.0,1690250232.0,2119200.0,7650200.0,,0.0,0.0,0.0
2025-11-13,87.0,87.0,87.0,91.0,87.0,89.0,2.0,50750400.0,4523812700.0,3057.0,89.0,90.0,4453500.0,89.0,79100.0,5290298067.0,5290298067.0,1690250232.0,4213400.0,210300.0,,0.0,0.0,0.0
2025-11-14,89.0,89.0,89.0,89.0,87.0,88.0,-1.0,15932500.0,1401771300.0,1053.0,88.0,88.0,878200.0,87.0,4686700.0,5290298067.0,5290298067.0,1690250232.0,3710400.0,1436800.0,,0.0,0.0,0.0
2025-11-17,88.0,88.0,88.0,89.0,87.0,89.0,1.0,21776400.0,1921002400.0,1376.0,89.0,90.0,3136800.0,89.0,5400.0,5290298067.0,5290298067.0,1690250232.0,844100.0,6798600.0,,0.0,0.0,0.0
2025-11-18,89.0,89.0,90.0,90.0,87.0,87.0,-2.0,19500100.0,1718988400.0,1249.0,87.0,88.0,86100.0,87.0,5608200.0,5290298067.0,5290298067.0,1690250232.0,1259100.0,2148600.0,,0.0,0.0,0.0
2025-11-19,87.0,88.0,88.0,92.0,87.0,89.0,2.0,41489000.0,3691491800.0,2274.0,89.0,89.0,336200.0,88.0,1874800.0,5290298067.0,5290298067.0,1690250232.0,5710600.0,3349400.0,,0.0,0.0,0.0
2025-11-20,89.0,90.0,90.0,97.0,89.0,95.0,6.0,304212000.0,28635942700.0,17829.0,95.0,96.0,8751900.0,95.0,1860100.0,5290298067.0,5290298067.0,1690250232.0,34032700.0,36935000.0,,0.0,0.0,0.0
2025-11-21,95.0,96.0,96.0,97.0,92.0,93.0,-2.0,52306200.0,4900499500.0,3463.0,93.0,93.0,188200.0,92.0,2994900.0,5290298067.0,5290298067.0,1690250232.0,7574900.0,4236500.0,,0.0,0.0,0.0
2025-11-24,93.0,93.0,93.0,94.0,90.0,91.0,-2.0,32944100.0,3002942900.0,2397.0,91.0,91.0,503800.0,90.0,1442500.0,5290298067.0,5290298067.0,1690250232.0,860700.0,1910600.0,,0.0,0.0,0.0
2025-11-25,91.0,90.0,90.0,91.0,87.0,87.0,-4.0,42364500.0,3747616600.0,2426.0,87.0,88.0,794400.0,87.0,1709400.0,5290298067.0,5290298067.0,1690250232.0,1342600.0,5491200.0,,0.0,0.0,0.0
2025-11-26,87.0,88.0,88.0,89.0,87.0,88.0,1.0,21170400.0,1867085100.0,1679.0,88.0,89.0,2943100.0,88.0,620100.0,5290298067.0,5290298067.0,1690250232.0,50700.0,2966500.0,,0.0,0.0,0.0
2025-11-27,88.0,88.0,89.0,90.0,87.0,89.0,1.0,18237100.0,1607175000.0,1134.0,89.0,89.0,4625000.0,88.0,2240300.0,5290298067.0,5290298067.0,1690250232.0,990200.0,1155200.0,,0.0,0.0,0.0
2025-11-28,89.0,89.0,89.0,89.0,87.0,89.0,0.0,17342000.0,1523479600.0,1142.0,89.0,89.0,4847500.0,88.0,600900.0,5290298067.0,5290298067.0,1690250232.0,570500.0,4176900.0,,0.0,0.0,0.0
2025-12-01,89.0,89.0,90.0,90.0,88.0,88.0,-1.0,17497600.0,1547067000.0,1020.0,88.0,89.0,4783000.0,88.0,1798800.0,5290298067.0,5290298067.0,1690250232.0,3302300.0,351500.0,,0.0,0.0,0.0
2025-12-02,88.0,88.0,88.0,89.0,87.0,87.0,-1.0,15831400.0,1391153500.0,1104.0,87.0,88.0,31200.0,87.0,5798400.0,5290298067.0,5290298067.0,1690250232.0,2657800.0,1719000.0,,11700.0,585000.0,1.0
2025-12-03,87.0,88.0,88.0,88.0,86.0,86.0,-1.0,16013300.0,1393800300.0,1205.0,86.0,87.0,948800.0,86.0,2957400.0,5290298067.0,5290298067.0,1690250232.0,2710600.0,19100.0,,0.0,0.0,0.0
2025-12-04,86.0,86.0,86.0,87.0,85.0,87.0,1.0,35119400.0,3001599400.0,2051.0,87.0,87.0,3054700.0,86.0,3957900.0,5290298067.0,5290298067.0,1690250232.0,14266200.0,5362300.0,,0.0,0.0,0.0
2025-12-05,87.0,87.0,87.0,89.0,86.0,87.0,0.0,28779400.0,2527864900.0,1335.0,87.0,88.0,170200.0,87.0,5198700.0,5290298067.0,5290298067.0,1690250232.0,1145900.0,6034000.0,,0.0,0.0,0.0
2025-12-08,87.0,88.0,88.0,92.0,88.0,90.0,3.0,70652000.0,6366440900.0,7310.0,90.0,91.0,6054300.0,90.0,246300.0,5290298067.0,5290298067.0,1690250232.0,6950900.0,2124000.0,,0.0,0.0,0.0
2025-12-09,90.0,90.0,90.0,102.0,90.0,93.0,3.0,477832500.0,46262456100.0,25139.0,93.0,94.0,1463500.0,93.0,35800.0,5290298067.0,5290298067.0,1690250232.0,41878800.0,40007900.0,,0.0,0.0,0.0
2025-12-10,93.0,93.0,92.0,93.0,88.0,89.0,-4.0,81702900.0,7296087300.0,4485.0,89.0,89.0,113200.0,88.0,8157100.0,5290298067.0,5290298067.0,1690250232.0,1359000.0,6375200.0,,0.0,0.0,0.0
2025-12-11,89.0,90.0,90.0,90.0,87.0,87.0,-2.0,43589000.0,3842504900.0,2779.0,87.0,88.0,235800.0,87.0,5834400.0,5290298067.0,5290298067.0,1690250232.0,1800600.0,1831200.0,,0.0,0.0,0.0
2025-12-12,87.0,88.0,88.0,89.0,86.0,86.0,-1.0,24986700.0,2167859400.0,1757.0,86.0,87.0,987000.0,86.0,5611400.0,5290298067.0,5290298067.0,1690250232.0,829600.0,217800.0,,0.0,0.0,0.0
2025-12-15,86.0,87.0,86.0,88.0,85.0,86.0,0.0,24371800.0,2107873900.0,1730.0,86.0,87.0,1683700.0,86.0,1837200.0,5290298067.0,5290298067.0,1690250232.0,3428900.0,1537800.0,,0.0,0.0,0.0
2025-12-16,86.0,87.0,87.0,87.0,85.0,87.0,1.0,25913400.0,2218577500.0,1563.0,87.0,87.0,3164300.0,86.0,2796500.0,5290298067.0,5290298067.0,1690250232.0,4733400.0,47600.0,,0.0,0.0,0.0
2025-12-17,87.0,87.0,87.0,87.0,86.0,86.0,-1.0,10827600.0,934990900.0,919.0,86.0,87.0,1471100.0,86.0,2584100.0,5290298067.0,5290298067.0,1690250232.0,57200.0,55100.0,,0.0,0.0,0.0
2025-12-18,86.0,87.0,87.0,87.0,85.0,86.0,0.0,18716500.0,1607158600.0,1203.0,86.0,87.0,5997500.0,86.0,1110100.0,5290298067.0,5290298067.0,1690250232.0,55200.0,823300.0,,0.0,0.0,0.0
2025-12-19,86.0,86.0,86.0,87.0,85.0,86.0,0.0,18327000.0,1567170800.0,1239.0,86.0,86.0,3634000.0,85.0,5919300.0,5290298067.0,5290298067.0,1690250232.0,637200.0,259500.0,,0.0,0.0,0.0
2025-12-22,86.0,86.0,86.0,86.0,83.0,84.0,-2.0,32662000.0,2746017400.0,2139.0,84.0,84.0,575900.0,83.0,4782900.0,5290298067.0,5290298067.0,1690250232.0,83100.0,1092400.0,,0.0,0.0,0.0
2025-12-23,84.0,84.0,83.0,84.0,82.0,83.0,-1.0,20676400.0,1717641800.0,1278.0,83.0,84.0,2119900.0,83.0,37500.0,5290298067.0,5290298067.0,1690250232.0,43900.0,1474500.0,,0.0,0.0,0.0
2025-12-24,83.0,84.0,84.0,84.0,82.0,83.0,0.0,15974800.0,1317227200.0,1344.0,83.0,83.0,915900.0,82.0,2288100.0,5290298067.0,5290298067.0,1690250232.0,238900.0,632000.0,,0.0,0.0,0.0
2025-12-29,83.0,83.0,83.0,84.0,81.0,83.0,0.0,17375100.0,1431640500.0,1239.0,83.0,84.0,1539500.0,83.0,12100.0,5290298067.0,5290298067.0,1690250232.0,945400.0,4619300.0,,0.0,0.0,0.0
2025-12-30,83.0,82.0,83.0,84.0,82.0,83.0,0.0,10113700.0,839818600.0,899.0,83.0,83.0,55800.0,82.0,5554300.0,5290298067.0,5290298067.0,1690250232.0,294500.0,48000.0,,0.0,0.0,0.0
2026-01-02,83.0,83.0,83.0,85.0,82.0,84.0,1.0,11480800.0,963374400.0,958.0,84.0,84.0,233400.0,83.0,2965200.0,5290298067.0,5290298067.0,1690250232.0,80300.0,648900.0,,0.0,0.0,0.0
2026-01-05,84.0,85.0,85.0,85.0,83.0,84.0,0.0,24176400.0,2021863200.0,1397.0,84.0,85.0,3127200.0,84.0,633900.0,5290298067.0,5290298067.0,1690250232.0,0.0,1415000.0,,0.0,0.0,0.0
2026-01-06,84.0,84.0,85.0,86.0,83.0,86.0,2.0,31230300.0,2638676900.0,1595.0,86.0,86.0,2952000.0,85.0,901200.0,5290298067.0,5290298067.0,1690250232.0,16800.0,1559800.0,,0.0,0.0,0.0
2026-01-07,86.0,86.0,86.0,87.0,85.0,86.0,0.0,30402700.0,2608430600.0,1756.0,86.0,86.0,876200.0,85.0,2297300.0,5290298067.0,5290298067.0,1690250232.0,1219700.0,5467500.0,,0.0,0.0,0.0
2026-01-08,86.0,86.0,86.0,87.0,84.0,85.0,-1.0,29257200.0,2481455200.0,1687.0,85.0,85.0,371200.0,84.0,5027400.0,5290298067.0,5290298067.0,1690250232.0,4138000.0,0.0,,0.0,0.0,0.0
2026-01-09,85.0,85.0,85.0,85.0,83.0,84.0,-1.0,14980400.0,1261454200.0,1092.0,84.0,84.0,553400.0,83.0,4963500.0,5290298067.0,5290298067.0,1690250232.0,0.0,0.0,,0.0,0.0,0.0
2026-01-12,84.0,84.0,84.0,85.0,82.0,85.0,1.0,39275200.0,3277296400.0,2050.0,85.0,85.0,2752400.0,84.0,382700.0,5290298067.0,5290298067.0,1690250232.0,3281800.0,4638500.0,,0.0,0.0,0.0
2026-01-13,85.0,85.0,85.0,86.0,83.0,83.0,-2.0,18892000.0,1578511100.0,1435.0,83.0,84.0,1539900.0,83.0,440200.0,5290298067.0,5290298067.0,1690250232.0,2586700.0,866300.0,,0.0,0.0,0.0
2026-01-14,83.0,83.0,83.0,84.0,83.0,84.0,1.0,13957400.0,1164228900.0,992.0,84.0,84.0,2564500.0,83.0,3270500.0,5290298067.0,5290298067.0,1690250232.0,0.0,32200.0,,0.0,0.0,0.0
2026-01-15,84.0,85.0,84.0,85.0,83.0,83.0,-1.0,11205900.0,934578600.0,923.0,83.0,84.0,3735700.0,83.0,8011800.0,5290298067.0,5290298067.0,1690250232.0,160900.0,20100.0,,0.0,0.0,0.0
2026-01-19,83.0,84.0,83.0,88.0,83.0,85.0,2.0,60473300.0,5135451800.0,2653.0,85.0,85.0,687800.0,84.0,6394400.0,5290298067.0,5290298067.0,1690250232.0,4880100.0,4783300.0,,0.0,0.0,0.0
2026-01-20,85.0,87.0,87.0,92.0,85.0,88.0,3.0,207134200.0,18362201600.0,7776.0,88.0,89.0,3223500.0,88.0,144000.0,5290298067.0,5290298067.0,1690250232.0,16983900.0,12051900.0,,0.0,0.0,0.0
2026-01-21,88.0,89.0,89.0,90.0,84.0,85.0,-3.0,44892700.0,3856669700.0,2582.0,85.0,86.0,2399200.0,85.0,426000.0,5290298067.0,5290298067.0,1690250232.0,5934100.0,317500.0,,0.0,0.0,0.0
2026-01-22,85.0,85.0,86.0,86.0,83.0,85.0,0.0,34181900.0,2899575500.0,1697.0,85.0,85.0,473600.0,84.0,5166600.0,5290298067.0,5290298067.0,1690250232.0,2117500.0,1963500.0,,0.0,0.0,0.0
2026-01-23,85.0,85.0,85.0,86.0,83.0,83.0,-2.0,37613000.0,3139637900.0,1767.0,83.0,84.0,2752500.0,83.0,2605000.0,5290298067.0,5290298067.0,1690250232.0,5832400.0,3019900.0,,0.0,0.0,0.0
2026-01-26,83.0,83.0,84.0,84.0,82.0,83.0,0.0,22627300.0,1876429400.0,1512.0,83.0,83.0,846500.0,82.0,4683000.0,5290298067.0,5290298067.0,1690250232.0,2953900.0,800000.0,,0.0,0.0,0.0
2026-01-27,83.0,83.0,83.0,84.0,82.0,83.0,0.0,17104300.0,1413108600.0,1234.0,83.0,84.0,1135200.0,83.0,925900.0,5290298067.0,5290298067.0,1690250232.0,227100.0,2800.0,,0.0,0.0,0.0
2026-01-28,83.0,83.0,83.0,83.0,71.0,75.0,-8.0,76159800.0,5895741400.0,3683.0,75.0,76.0,230500.0,75.0,512400.0,5290298067.0,5290298067.0,1690250232.0,4411600.0,7863200.0,,0.0,0.0,0.0
2026-01-29,75.0,75.0,74.0,77.0,64.0,74.0,-1.0,50235000.0,3414234700.0,2759.0,74.0,75.0,26500.0,74.0,5000.0,5290298067.0,5290298067.0,1690250232.0,4140500.0,7528000.0,,0.0,0.0,0.0
2026-01-30,74.0,74.0,75.0,79.0,74.0,78.0,4.0,12595000.0,975186600.0,1047.0,78.0,79.0,1093400.0,78.0,10000.0,5290298067.0,5290298067.0,1690250232.0,835100.0,3315200.0,,0.0,0.0,0.0
2026-02-02,78.0,79.0,79.0,80.0,68.0,70.0,-8.0,21389100.0,1528481900.0,1708.0,70.0,71.0,163200.0,70.0,1447300.0,5290298067.0,5290298067.0,1690250232.0,4997300.0,3995100.0,,0.0,0.0,0.0
2026-02-03,70.0,70.0,70.0,76.0,68.0,76.0,6.0,22092300.0,1590388200.0,1096.0,76.0,76.0,160400.0,75.0,7100.0,5290298067.0,5290298067.0,1690250232.0,1463500.0,9118700.0,,0.0,0.0,0.0
2026-02-04,76.0,77.0,77.0,77.0,73.0,74.0,-2.0,11421800.0,849915000.0,974.0,74.0,75.0,608200.0,74.0,428500.0,5290298067.0,5290298067.0,1690250232.0,449500.0,168800.0,,0.0,0.0,0.0
2026-02-05,74.0,73.0,73.0,75.0,73.0,74.0,0.0,7871800.0,579509000.0,706.0,74.0,74.0,2200.0,73.0,984400.0,5290298067.0,5290298067.0,1690250232.0,673200.0,260000.0,,0.0,0.0,0.0
2026-02-06,74.0,73.0,73.0,74.0,71.0,72.0,-2.0,7978800.0,573226600.0,702.0,72.0,72.0,780200.0,71.0,840800.0,5290298067.0,5290298067.0,1690250232.0,2171800.0,208100.0,,0.0,0.0,0.0
2026-02-09,72.0,72.0,72.0,73.0,70.0,71.0,-1.0,6833800.0,485822900.0,541.0,71.0,72.0,51600.0,71.0,1166300.0,5290298067.0,5290298067.0,1690250232.0,143100.0,2005500.0,,0.0,0.0,0.0
2026-02-10,71.0,72.0,72.0,76.0,72.0,74.0,3.0,15029800.0,1120799600.0,942.0,74.0,74.0,97600.0,73.0,1977700.0,5290298067.0,5290298067.0,1690250232.0,587900.0,2263700.0,,0.0,0.0,0.0
2026-02-11,74.0,75.0,75.0,77.0,74.0,76.0,2.0,13885300.0,1056169600.0,885.0,76.0,77.0,2724800.0,76.0,378100.0,5290298067.0,5290298067.0,1690250232.0,367300.0,4184900.0,,0.0,0.0,0.0
2026-02-12,76.0,77.0,77.0,77.0,75.0,77.0,1.0,6679900.0,507434300.0,559.0,77.0,77.0,2827300.0,76.0,137300.0,5290298067.0,5290298067.0,1690250232.0,29000.0,222300.0,,0.0,0.0,0.0
2026-02-13,77.0,76.0,76.0,77.0,75.0,76.0,-1.0,4401300.0,334288000.0,427.0,76.0,77.0,1876800.0,76.0,108600.0,5290298067.0,5290298067.0,1690250232.0,14900.0,0.0,,0.0,0.0,0.0
2026-02-18,76.0,76.0,76.0,78.0,74.0,75.0,-1.0,13852800.0,1048816200.0,817.0,75.0,76.0,219100.0,75.0,1039500.0,5290298067.0,5290298067.0,1690250232.0,148300.0,3132800.0,,0.0,0.0,0.0
2026-02-19,75.0,75.0,76.0,76.0,73.0,74.0,-1.0,10231600.0,763050600.0,763.0,74.0,75.0,583800.0,74.0,1046400.0,5290298067.0,5290298067.0,1690250232.0,150100.0,114300.0,,0.0,0.0,0.0
2026-02-20,74.0,74.0,74.0,76.0,74.0,76.0,2.0,4933900.0,368414500.0,527.0,76.0,76.0,2863200.0,75.0,50200.0,5290298067.0,5290298067.0,1690250232.0,7900.0,532900.0,,0.0,0.0,0.0
2026-02-23,76.0,75.0,76.0,76.0,75.0,75.0,-1.0,8151500.0,613246100.0,730.0,75.0,76.0,3201800.0,75.0,2397000.0,5290298067.0,5290298067.0,1690250232.0,400.0,75800.0,,0.0,0.0,0.0
2026-02-24,75.0,76.0,75.0,76.0,73.0,74.0,-1.0,8415500.0,624293500.0,775.0,74.0,74.0,836300.0,73.0,1104400.0,5290298067.0,5290298067.0,1690250232.0,2483200.0,0.0,,0.0,0.0,0.0
2026-02-25,74.0,74.0,75.0,75.0,72.0,73.0,-1.0,9963500.0,726740700.0,602.0,73.0,74.0,3419400.0,73.0,905000.0,5290298067.0,5290298067.0,1690250232.0,0.0,480000.0,,0.0,0.0,0.0
2026-02-26,73.0,73.0,74.0,86.0,73.0,77.0,4.0,321500000.0,25577205800.0,11520.0,77.0,77.0,2200.0,76.0,412100.0,5290298067.0,5290298067.0,1690250232.0,18558400.0,16208500.0,,0.0,0.0,0.0
2026-02-27,77.0,77.0,77.0,78.0,74.0,76.0,-1.0,27994400.0,2108392200.0,1499.0,76.0,76.0,465900.0,75.0,852600.0,5290298067.0,5290298067.0,1690250232.0,3720100.0,651900.0,,0.0,0.0,0.0
2026-03-02,76.0,73.0,73.0,74.0,69.0,70.0,-6.0,26865100.0,1920938900.0,1554.0,70.0,71.0,261000.0,70.0,1525000.0,5290298067.0,5290298067.0,1690250232.0,2129500.0,3350000.0,,0.0,0.0,0.0
2026-03-03,70.0,71.0,70.0,73.0,69.0,72.0,2.0,9713300.0,690393700.0,735.0,72.0,72.0,1044600.0,71.0,597600.0,5290298067.0,5290298067.0,1690250232.0,2863100.0,3265600.0,,0.0,0.0,0.0
2026-03-04,72.0,72.0,72.0,72.0,66.0,67.0,-5.0,18794700.0,1281644500.0,1306.0,67.0,67.0,182600.0,66.0,1521800.0,5290298067.0,5290298067.0,1690250232.0,1477400.0,4248000.0,,0.0,0.0,0.0
2026-03-05,67.0,68.0,68.0,71.0,67.0,69.0,2.0,4652000.0,321958900.0,485.0,69.0,70.0,523000.0,69.0,17000.0,5290298067.0,5290298067.0,1690250232.0,24000.0,496500.0,,0.0,0.0,0.0
2026-03-06,69.0,68.0,69.0,69.0,66.0,68.0,-1.0,5063900.0,340390500.0,594.0,68.0,68.0,337900.0,67.0,117000.0,5290298067.0,5290298067.0,1690250232.0,246400.0,38800.0,,0.0,0.0,0.0
2026-03-09,68.0,66.0,67.0,67.0,58.0,60.0,-8.0,14768500.0,901995500.0,1137.0,60.0,60.0,664600.0,59.0,341800.0,5290298067.0,5290298067.0,1690250232.0,1149300.0,2300700.0,,0.0,0.0,0.0
2026-03-10,60.0,61.0,61.0,63.0,60.0,61.0,1.0,7856000.0,479375500.0,632.0,61.0,61.0,170300.0,60.0,938700.0,5290298067.0,5290298067.0,1690250232.0,33100.0,0.0,,0.0,0.0,0.0
2026-03-11,61.0,62.0,62.0,65.0,61.0,62.0,1.0,7440700.0,467038200.0,641.0,62.0,63.0,18700.0,62.0,289600.0,5290298067.0,5290298067.0,1690250232.0,677400.0,95700.0,,0.0,0.0,0.0
2026-03-12,62.0,64.0,64.0,65.0,61.0,62.0,0.0,6566000.0,411998800.0,832.0,62.0,62.0,197000.0,61.0,580700.0,5290298067.0,5290298067.0,1690250232.0,39000.0,0.0,,0.0,0.0,0.0
2026-03-13,62.0,61.0,61.0,64.0,60.0,60.0,-2.0,8921500.0,548860700.0,535.0,60.0,61.0,129700.0,60.0,2107200.0,5290298067.0,5290298067.0,1690250232.0,5300.0,737300.0,,0.0,0.0,0.0
2026-03-16,60.0,61.0,61.0,61.0,52.0,57.0,-3.0,12265800.0,681815600.0,901.0,57.0,57.0,592000.0,56.0,501500.0,5290298067.0,5290298067.0,1690250232.0,1030000.0,2162300.0,,0.0,0.0,0.0
2026-03-17,57.0,57.0,57.0,60.0,56.0,56.0,-1.0,6799600.0,391495900.0,563.0,56.0,57.0,107100.0,56.0,5451100.0,5290298067.0,5290298067.0,1690250232.0,458000.0,651800.0,,0.0,0.0,0.0
2026-03-25,56.0,56.0,57.0,59.0,55.0,58.0,2.0,4980200.0,288146300.0,644.0,58.0,59.0,187300.0,58.0,4500.0,5290298067.0,5290298067.0,1690250232.0,370100.0,392200.0,,0.0,0.0,0.0
2026-03-26,58.0,58.0,59.0,71.0,58.0,69.0,11.0,140459400.0,9462923500.0,8416.0,69.0,70.0,554000.0,69.0,336200.0,5290298067.0,5290298067.0,1690250232.0,25486400.0,13107500.0,,0.0,0.0,0.0
2026-03-27,69.0,69.0,69.0,70.0,61.0,62.0,-7.0,40786500.0,2587295500.0,2791.0,62.0,63.0,258900.0,62.0,134300.0,5290298067.0,5290298067.0,1690250232.0,2381200.0,6278200.0,,0.0,0.0,0.0
2026-03-30,62.0,63.0,62.0,67.0,60.0,65.0,3.0,22249600.0,1419064700.0,2075.0,65.0,65.0,831100.0,64.0,351900.0,5290298067.0,5290298067.0,1690250232.0,978100.0,2121400.0,,0.0,0.0,0.0
2026-03-31,65.0,67.0,66.0,67.0,62.0,63.0,-2.0,8903600.0,566083500.0,915.0,63.0,63.0,76800.0,62.0,161700.0,5290298067.0,5290298067.0,1690250232.0,1838600.0,736300.0,,0.0,0.0,0.0
2026-04-01,63.0,63.0,64.0,66.0,62.0,63.0,0.0,13713800.0,877292000.0,2076.0,63.0,64.0,705100.0,63.0,1070000.0,5290298067.0,5290298067.0,1690250232.0,333700.0,1301400.0,,0.0,0.0,0.0
2026-04-02,63.0,63.0,63.0,71.0,63.0,63.0,0.0,72146000.0,4801929900.0,5062.0,63.0,64.0,255800.0,63.0,693100.0,5290298067.0,5290298067.0,1690250232.0,7048400.0,3702400.0,,0.0,0.0,0.0
2026-04-06,63.0,63.0,63.0,64.0,60.0,61.0,-2.0,18110500.0,1108936400.0,906.0,61.0,62.0,916000.0,61.0,1055100.0,5290298067.0,5290298067.0,1690250232.0,100.0,3831800.0,,0.0,0.0,0.0
2026-04-07,61.0,61.0,62.0,65.0,61.0,61.0,0.0,14607400.0,911385800.0,1014.0,61.0,62.0,135000.0,61.0,1177100.0,5290298067.0,5290298067.0,1690250232.0,600500.0,113100.0,,0.0,0.0,0.0
2026-04-08,61.0,62.0,62.0,63.0,61.0,62.0,1.0,9745900.0,605106700.0,577.0,62.0,63.0,2721300.0,62.0,969100.0,5290298067.0,5290298067.0,1690250232.0,107200.0,1699700.0,,0.0,0.0,0.0
2026-04-09,62.0,63.0,63.0,65.0,62.0,63.0,1.0,22184300.0,1406362400.0,1099.0,63.0,64.0,252400.0,63.0,1787300.0,5290298067.0,5290298067.0,1690250232.0,68800.0,4202700.0,,0.0,0.0,0.0
2026-04-10,63.0,65.0,64.0,66.0,63.0,63.0,0.0,12544600.0,800669100.0,815.0,63.0,64.0,495700.0,63.0,1136700.0,5290298067.0,5290298067.0,1690250232.0,892800.0,1327000.0,,0.0,0.0,0.0
2026-04-13,63.0,63.0,63.0,64.0,62.0,63.0,0.0,7880900.0,499088800.0,557.0,63.0,64.0,920900.0,63.0,2613300.0,5290298067.0,5290298067.0,1690250232.0,505700.0,327400.0,,0.0,0.0,0.0
2026-04-14,63.0,63.0,64.0,65.0,63.0,64.0,1.0,18370500.0,1178738300.0,769.0,64.0,65.0,2264700.0,64.0,734300.0,5290298067.0,5290298067.0,1690250232.0,3136300.0,549900.0,,0.0,0.0,0.0
2026-04-15,64.0,65.0,65.0,68.0,64.0,67.0,3.0,26403400.0,1734566200.0,1399.0,67.0,67.0,266100.0,66.0,278500.0,5290298067.0,5290298067.0,1690250232.0,458000.0,0.0,,0.0,0.0,0.0
2026-04-16,67.0,67.0,67.0,68.0,65.0,66.0,-1.0,14821300.0,975372900.0,978.0,66.0,66.0,36300.0,65.0,4245700.0,5290298067.0,5290298067.0,1690250232.0,3110200.0,0.0,,0.0,0.0,0.0
2026-04-17,66.0,66.0,66.0,67.0,65.0,66.0,0.0,7525100.0,498431700.0,577.0,66.0,67.0,1646400.0,66.0,1184700.0,5290298067.0,5290298067.0,1690250232.0,0.0,0.0,,0.0,0.0,0.0
2026-04-20,66.0,67.0,66.0,67.0,65.0,66.0,0.0,7798900.0,513945600.0,612.0,66.0,66.0,1043200.0,65.0,1616800.0,5290298067.0,5290298067.0,1690250232.0,1186400.0,67200.0,,0.0,0.0,0.0
2026-04-21,66.0,66.0,66.0,66.0,64.0,64.0,-2.0,11456800.0,742459600.0,929.0,64.0,64.0,1557900.0,63.0,1357300.0,5290298067.0,5290298067.0,1690250232.0,0.0,318000.0,,0.0,0.0,0.0
2026-04-22,64.0,64.0,64.0,69.0,63.0,67.0,3.0,40541800.0,2712135200.0,2588.0,67.0,67.0,361400.0,66.0,1326900.0,5290298067.0,5290298067.0,1690250232.0,469300.0,477800.0,,0.0,0.0,0.0
2026-04-23,67.0,68.0,68.0,69.0,66.0,66.0,-1.0,20356000.0,1371843000.0,1306.0,66.0,66.0,2021700.0,65.0,2639000.0,5290298067.0,5290298067.0,1690250232.0,1111600.0,0.0,,0.0,0.0,0.0
2026-04-24,66.0,66.0,66.0,67.0,62.0,63.0,-3.0,14134600.0,905923300.0,1109.0,63.0,64.0,266400.0,63.0,3100.0,5290298067.0,5290298067.0,1690250232.0,1762400.0,278500.0,,0.0,0.0,0.0
2026-04-27,63.0,63.0,63.0,65.0,61.0,63.0,0.0,5081700.0,321458100.0,612.0,63.0,63.0,181900.0,62.0,1248700.0,5290298067.0,5290298067.0,1690250232.0,102900.0,109300.0,,0.0,0.0,0.0
2026-04-28,63.0,63.0,63.0,68.0,62.0,65.0,2.0,21776400.0,1419987900.0,1116.0,65.0,66.0,1154700.0,65.0,623200.0,5290298067.0,5290298067.0,1690250232.0,2609200.0,1203200.0,,0.0,0.0,0.0
2026-04-29,65.0,66.0,66.0,66.0,64.0,65.0,0.0,8764200.0,567124900.0,791.0,65.0,65.0,333900.0,64.0,628200.0,5290298067.0,5290298067.0,1690250232.0,188400.0,1351000.0,,0.0,0.0,0.0
2026-04-30,65.0,66.0,65.0,66.0,63.0,63.0,-2.0,7641800.0,486354400.0,741.0,63.0,64.0,1393700.0,63.0,117800.0,5290298067.0,5290298067.0,1690250232.0,275500.0,61800.0,,0.0,0.0,0.0
2026-05-04,63.0,63.0,63.0,64.0,62.0,63.0,0.0,6578200.0,414507500.0,491.0,63.0,64.0,2880100.0,63.0,8000.0,5290298067.0,5290298067.0,1690250232.0,0.0,361300.0,,0.0,0.0,0.0
2026-05-05,63.0,63.0,63.0,69.0,63.0,67.0,4.0,92769300.0,6198521300.0,14211.0,67.0,68.0,3828000.0,67.0,1513600.0,5290298067.0,5290298067.0,1690250232.0,7609100.0,8327900.0,,0.0,0.0,0.0
2026-05-06,67.0,67.0,67.0,68.0,64.0,65.0,-2.0,17949200.0,1164950100.0,1668.0,65.0,65.0,1991500.0,64.0,1821700.0,5290298067.0,5290298067.0,1690250232.0,806200.0,452800.0,,0.0,0.0,0.0
2026-05-07,65.0,64.0,64.0,66.0,64.0,64.0,-1.0,11893000.0,767479600.0,840.0,64.0,65.0,2674500.0,64.0,5765800.0,5290298067.0,5290298067.0,1690250232.0,100000.0,1369300.0,,0.0,0.0,0.0
2026-05-08,64.0,64.0,65.0,65.0,62.0,63.0,-1.0,10924500.0,690105300.0,855.0,63.0,64.0,944100.0,63.0,2079700.0,5290298067.0,5290298067.0,1690250232.0,10100.0,142900.0,,0.0,0.0,0.0
