date,previous,open_price,first_trade,high,low,close,change,volume,value,frequency,index_individual,offer,offer_volume,bid,bid_volume,listed_shares,tradeble_shares,weight_for_index,foreign_sell,foreign_buy,delisting_date,non_regular_volume,non_regular_value,non_regular_frequency
2022-11-09,150.0,0.0,0.0,202.0,165.0,189.0,39.0,542572700.0,102892148400.0,50072.0,126.0,189.0,10450900.0,188.0,504900.0,1250000000.0,250000000.0,250000000.0,1130100.0,1645200.0,,0.0,0.0,0.0
2022-11-10,189.0,0.0,0.0,198.0,176.0,176.0,-13.0,33685300.0,6050521400.0,3038.0,117.3,176.0,26559900.0,0.0,0.0,1250000000.0,250000000.0,250000000.0,197100.0,0.0,,10000000.0,1770000000.0,2.0
2022-11-11,176.0,0.0,0.0,220.0,164.0,164.0,-12.0,3384300.0,558150200.0,420.0,109.3,164.0,34388300.0,0.0,0.0,1250000000.0,250000000.0,250000000.0,0.0,0.0,,0.0,0.0,0.0
2022-11-14,164.0,0.0,0.0,171.0,153.0,165.0,1.0,240272400.0,38564186500.0,23462.0,110.0,165.0,3111800.0,164.0,372200.0,1250000000.0,250000000.0,250000000.0,1262100.0,1030100.0,,23372000.0,4440680000.0,3.0
2022-11-15,165.0,0.0,0.0,175.0,157.0,160.0,-5.0,56676000.0,9078507100.0,8750.0,106.7,160.0,638100.0,159.0,112000.0,1250000000.0,250000000.0,250000000.0,0.0,0.0,,0.0,0.0,0.0
2022-11-16,160.0,0.0,0.0,164.0,151.0,153.0,-7.0,56105600.0,8894944700.0,9110.0,102.0,154.0,24800.0,153.0,127800.0,1250000000.0,250000000.0,250000000.0,19300.0,20000.0,,0.0,0.0,0.0
2022-11-17,153.0,0.0,0.0,155.0,145.0,153.0,0.0,44893500.0,6659173600.0,6327.0,102.0,153.0,542500.0,152.0,226600.0,1250000000.0,250000000.0,250000000.0,0.0,10000.0,,0.0,0.0,0.0
2022-11-18,153.0,0.0,0.0,157.0,147.0,150.0,-3.0,47319000.0,7197430900.0,6066.0,100.0,150.0,353000.0,149.0,205100.0,1250000000.0,250000000.0,250000000.0,112300.0,159100.0,,0.0,0.0,0.0
2022-11-21,150.0,0.0,0.0,151.0,145.0,147.0,-3.0,32278700.0,4767995900.0,5040.0,98.0,147.0,191500.0,146.0,1083900.0,1250000000.0,250000000.0,250000000.0,0.0,0.0,,0.0,0.0,0.0
2022-11-22,147.0,0.0,0.0,156.0,143.0,151.0,4.0,65239900.0,9810902300.0,8916.0,100.7,151.0,452000.0,150.0,227000.0,1250000000.0,250000000.0,250000000.0,159100.0,112800.0,,0.0,0.0,0.0
2022-11-23,151.0,0.0,0.0,152.0,148.0,149.0,-2.0,28858200.0,4324310600.0,2541.0,99.3,149.0,370400.0,148.0,210200.0,1250000000.0,250000000.0,250000000.0,78000.0,98500.0,,0.0,0.0,0.0
2022-11-24,149.0,0.0,0.0,152.0,148.0,149.0,0.0,40783200.0,6108936400.0,3939.0,99.3,149.0,679700.0,148.0,1530800.0,1250000000.0,250000000.0,250000000.0,123200.0,139800.0,,1032000.0,154800000.0,1.0
2022-11-25,149.0,0.0,0.0,153.0,147.0,153.0,4.0,31011400.0,4651386500.0,3604.0,102.0,153.0,627000.0,152.0,98200.0,1250000000.0,250000000.0,250000000.0,214900.0,123800.0,,0.0,0.0,0.0
2022-11-28,153.0,0.0,0.0,162.0,152.0,162.0,9.0,85769000.0,13479323900.0,11441.0,108.0,163.0,460100.0,162.0,3670300.0,1250000000.0,250000000.0,250000000.0,143900.0,73300.0,,0.0,0.0,0.0
2022-11-29,162.0,0.0,0.0,166.0,157.0,164.0,2.0,57101400.0,9165988300.0,9104.0,109.3,164.0,456800.0,163.0,1530700.0,1250000000.0,250000000.0,250000000.0,83200.0,87300.0,,0.0,0.0,0.0
2022-11-30,164.0,0.0,0.0,176.0,159.0,175.0,11.0,171639200.0,29105656200.0,14380.0,116.7,175.0,1080700.0,174.0,1131500.0,1250000000.0,250000000.0,250000000.0,587300.0,1091100.0,,0.0,0.0,0.0
2022-12-01,175.0,0.0,0.0,180.0,169.0,170.0,-5.0,94196100.0,16419775700.0,10573.0,113.3,170.0,1448000.0,169.0,1001300.0,1250000000.0,250000000.0,250000000.0,681600.0,126400.0,,0.0,0.0,0.0
2022-12-02,170.0,0.0,0.0,171.0,162.0,167.0,-3.0,51702400.0,8505128900.0,4032.0,111.3,167.0,397500.0,166.0,600100.0,1250000000.0,250000000.0,250000000.0,86100.0,98100.0,,0.0,0.0,0.0
2022-12-05,167.0,0.0,0.0,167.0,156.0,156.0,-11.0,26763000.0,4309098000.0,2519.0,104.0,156.0,3680700.0,0.0,0.0,1250000000.0,250000000.0,250000000.0,98100.0,73100.0,,0.0,0.0,0.0
2022-12-06,156.0,0.0,0.0,153.0,146.0,147.0,-9.0,16082200.0,2370285500.0,1382.0,98.0,148.0,66500.0,147.0,123700.0,1250000000.0,250000000.0,250000000.0,273100.0,48100.0,,4500.0,670500.0,1.0
2022-12-07,147.0,0.0,0.0,148.0,140.0,144.0,-3.0,9874400.0,1432896800.0,894.0,96.0,145.0,13100.0,144.0,390000.0,1250000000.0,250000000.0,250000000.0,42900.0,14500.0,,1000000.0,150000000.0,1.0
2022-12-08,144.0,0.0,0.0,145.0,138.0,138.0,-6.0,10616900.0,1499715600.0,1427.0,92.0,138.0,682000.0,137.0,338900.0,1250000000.0,250000000.0,250000000.0,19700.0,43400.0,,0.0,0.0,0.0
2022-12-09,138.0,0.0,0.0,138.0,133.0,136.0,-2.0,6089300.0,827077800.0,576.0,90.7,136.0,430000.0,135.0,2673900.0,1250000000.0,250000000.0,250000000.0,29300.0,23000.0,,0.0,0.0,0.0
2022-12-12,136.0,0.0,0.0,143.0,133.0,141.0,5.0,8684000.0,1196170600.0,896.0,94.0,142.0,258300.0,141.0,236600.0,1250000000.0,250000000.0,250000000.0,17100.0,0.0,,0.0,0.0,0.0
2022-12-13,141.0,0.0,0.0,150.0,138.0,147.0,6.0,9103600.0,1335566200.0,1053.0,98.0,148.0,51700.0,147.0,276700.0,1250000000.0,250000000.0,250000000.0,0.0,13900.0,,0.0,0.0,0.0
2022-12-14,147.0,0.0,0.0,150.0,144.0,148.0,1.0,5592200.0,821497800.0,1227.0,98.7,148.0,96400.0,147.0,117000.0,1250000000.0,250000000.0,250000000.0,13900.0,58300.0,,0.0,0.0,0.0
2022-12-15,148.0,0.0,0.0,148.0,144.0,144.0,-4.0,2944200.0,428458200.0,638.0,96.0,145.0,11400.0,144.0,9800.0,1250000000.0,250000000.0,250000000.0,29000.0,5900.0,,0.0,0.0,0.0
2022-12-16,144.0,0.0,0.0,152.0,140.0,151.0,7.0,9791700.0,1414149800.0,1277.0,100.7,151.0,631000.0,150.0,6500.0,1250000000.0,250000000.0,250000000.0,35200.0,66400.0,,0.0,0.0,0.0
2022-12-19,151.0,0.0,0.0,152.0,148.0,148.0,-3.0,5485300.0,817155200.0,835.0,98.7,148.0,31500.0,147.0,774200.0,1250000000.0,250000000.0,250000000.0,35900.0,27100.0,,0.0,0.0,0.0
2022-12-20,148.0,0.0,0.0,149.0,142.0,145.0,-3.0,6386100.0,931724200.0,758.0,96.7,145.0,200400.0,144.0,9800.0,1250000000.0,250000000.0,250000000.0,42200.0,27200.0,,66600.0,9856800.0,1.0
2022-12-21,145.0,0.0,0.0,145.0,141.0,141.0,-4.0,6417500.0,915899700.0,735.0,94.0,142.0,10000.0,141.0,77600.0,1250000000.0,250000000.0,250000000.0,0.0,0.0,,0.0,0.0,0.0
2022-12-22,141.0,0.0,0.0,142.0,139.0,140.0,-1.0,5592900.0,780625100.0,628.0,93.3,140.0,69300.0,139.0,3800.0,1250000000.0,250000000.0,250000000.0,42600.0,0.0,,0.0,0.0,0.0
2022-12-23,140.0,0.0,0.0,140.0,137.0,137.0,-3.0,2542500.0,350233200.0,328.0,91.3,138.0,600.0,137.0,1200.0,1250000000.0,250000000.0,250000000.0,0.0,0.0,,0.0,0.0,0.0
2022-12-26,137.0,0.0,0.0,166.0,133.0,145.0,8.0,130767500.0,20016026000.0,16751.0,96.7,145.0,9500.0,144.0,42000.0,1250000000.0,250000000.0,250000000.0,442600.0,513700.0,,0.0,0.0,0.0
2022-12-27,145.0,0.0,0.0,145.0,139.0,140.0,-5.0,12739500.0,1796314700.0,1559.0,93.3,141.0,6500.0,140.0,73400.0,1250000000.0,250000000.0,250000000.0,30000.0,0.0,,0.0,0.0,0.0
2022-12-28,140.0,0.0,0.0,150.0,137.0,147.0,7.0,28511200.0,4135024400.0,5230.0,98.0,147.0,141500.0,145.0,177700.0,1250000000.0,250000000.0,250000000.0,0.0,0.0,,0.0,0.0,0.0
2022-12-29,147.0,0.0,0.0,154.0,143.0,145.0,-2.0,24881000.0,3682080600.0,4476.0,96.7,145.0,3200.0,144.0,5100.0,1250000000.0,250000000.0,250000000.0,50700.0,99900.0,,0.0,0.0,0.0
2022-12-30,145.0,0.0,0.0,150.0,139.0,145.0,0.0,9654700.0,1383761600.0,1538.0,96.7,145.0,552700.0,144.0,32100.0,1250000000.0,250000000.0,250000000.0,19200.0,21000.0,,0.0,0.0,0.0
2023-01-02,145.0,0.0,0.0,150.0,141.0,145.0,0.0,16522400.0,2407625000.0,3362.0,96.7,145.0,376700.0,144.0,36200.0,1250000000.0,250000000.0,250000000.0,21100.0,23300.0,,0.0,0.0,0.0
2023-01-03,145.0,0.0,0.0,145.0,141.0,141.0,-4.0,4894100.0,698204400.0,526.0,94.0,143.0,30000.0,141.0,261500.0,1250000000.0,250000000.0,250000000.0,23200.0,23200.0,,0.0,0.0,0.0
2023-01-04,141.0,0.0,0.0,145.0,140.0,142.0,1.0,10191800.0,1445590800.0,1070.0,94.7,143.0,18800.0,142.0,155800.0,1250000000.0,250000000.0,250000000.0,43200.0,11100.0,,0.0,0.0,0.0
2023-01-05,142.0,0.0,0.0,149.0,137.0,141.0,-1.0,7029000.0,981153800.0,1268.0,94.0,142.0,10000.0,141.0,112000.0,1250000000.0,250000000.0,250000000.0,73600.0,23700.0,,0.0,0.0,0.0
2023-01-06,141.0,0.0,0.0,143.0,135.0,142.0,1.0,8693100.0,1214658400.0,728.0,94.7,142.0,400.0,141.0,1791100.0,1250000000.0,250000000.0,250000000.0,102600.0,24400.0,,0.0,0.0,0.0
2023-01-09,142.0,0.0,0.0,146.0,139.0,141.0,-1.0,6696900.0,950636900.0,902.0,94.0,141.0,68000.0,139.0,98700.0,1250000000.0,250000000.0,250000000.0,24400.0,23700.0,,0.0,0.0,0.0
2023-01-10,141.0,0.0,0.0,142.0,136.0,141.0,0.0,6408900.0,891932600.0,633.0,94.0,141.0,194600.0,140.0,100000.0,1250000000.0,250000000.0,250000000.0,23700.0,13100.0,,0.0,0.0,0.0
2023-01-11,141.0,0.0,0.0,143.0,138.0,141.0,0.0,5959000.0,830967600.0,769.0,94.0,141.0,168700.0,140.0,1900.0,1250000000.0,250000000.0,250000000.0,13100.0,10000.0,,0.0,0.0,0.0
2023-01-12,141.0,0.0,0.0,143.0,138.0,141.0,0.0,3884200.0,549429800.0,519.0,94.0,141.0,313700.0,139.0,59700.0,1250000000.0,250000000.0,250000000.0,10000.0,13100.0,,0.0,0.0,0.0
2023-01-13,141.0,0.0,0.0,141.0,136.0,138.0,-3.0,4015900.0,554168100.0,364.0,92.0,139.0,24000.0,138.0,216300.0,1250000000.0,250000000.0,250000000.0,0.0,0.0,,0.0,0.0,0.0
2023-01-16,138.0,0.0,0.0,139.0,136.0,138.0,0.0,3921100.0,538227600.0,587.0,92.0,138.0,224800.0,137.0,80500.0,1250000000.0,250000000.0,250000000.0,13100.0,0.0,,0.0,0.0,0.0
2023-01-17,138.0,0.0,0.0,140.0,136.0,139.0,1.0,3591000.0,493984100.0,488.0,92.7,139.0,380100.0,138.0,1000.0,1250000000.0,250000000.0,250000000.0,0.0,0.0,,0.0,0.0,0.0
2023-01-18,139.0,0.0,0.0,147.0,137.0,147.0,8.0,9938000.0,1403681700.0,1146.0,98.0,147.0,343000.0,146.0,28100.0,1250000000.0,250000000.0,250000000.0,0.0,0.0,,0.0,0.0,0.0
2023-01-19,147.0,0.0,0.0,148.0,140.0,142.0,-5.0,3387000.0,483471100.0,520.0,94.7,142.0,259500.0,141.0,29300.0,1250000000.0,250000000.0,250000000.0,0.0,0.0,,0.0,0.0,0.0
2023-01-20,142.0,0.0,0.0,145.0,140.0,140.0,-2.0,2820400.0,401999300.0,295.0,93.3,142.0,54800.0,140.0,9200.0,1250000000.0,250000000.0,250000000.0,0.0,0.0,,0.0,0.0,0.0
2023-01-24,140.0,0.0,0.0,143.0,137.0,142.0,2.0,4068800.0,574878900.0,477.0,94.7,142.0,123800.0,141.0,6000.0,1250000000.0,250000000.0,250000000.0,0.0,0.0,,0.0,0.0,0.0
2023-01-25,142.0,0.0,0.0,143.0,139.0,143.0,1.0,4154200.0,585073100.0,631.0,95.3,143.0,268900.0,141.0,5300.0,1250000000.0,250000000.0,250000000.0,0.0,0.0,,0.0,0.0,0.0
2023-01-26,143.0,0.0,0.0,143.0,139.0,141.0,-2.0,4106200.0,577357100.0,689.0,94.0,141.0,173200.0,140.0,300.0,1250000000.0,250000000.0,250000000.0,0.0,0.0,,3000000.0,426000000.0,1.0
2023-01-27,141.0,0.0,0.0,141.0,138.0,140.0,-1.0,4110600.0,571679800.0,520.0,93.3,140.0,44000.0,139.0,75000.0,1250000000.0,250000000.0,250000000.0,0.0,0.0,,0.0,0.0,0.0
2023-01-30,140.0,0.0,0.0,141.0,138.0,139.0,-1.0,3234000.0,451175400.0,409.0,92.7,139.0,31700.0,138.0,251400.0,1250000000.0,250000000.0,250000000.0,0.0,32500.0,,0.0,0.0,0.0
2023-01-31,139.0,0.0,0.0,140.0,137.0,138.0,-1.0,3930200.0,544778900.0,522.0,92.0,138.0,58000.0,137.0,205000.0,1250000000.0,250000000.0,250000000.0,0.0,86700.0,,0.0,0.0,0.0
2023-02-01,138.0,0.0,0.0,141.0,136.0,137.0,-1.0,4392100.0,608923900.0,444.0,91.3,137.0,224700.0,136.0,214700.0,1250000000.0,250000000.0,250000000.0,0.0,33200.0,,0.0,0.0,0.0
2023-02-02,137.0,0.0,0.0,139.0,135.0,137.0,0.0,4419000.0,604871200.0,660.0,91.3,137.0,123200.0,136.0,353100.0,1250000000.0,250000000.0,250000000.0,57600.0,23700.0,,0.0,0.0,0.0
2023-02-03,137.0,0.0,0.0,139.0,136.0,137.0,0.0,3461600.0,476478100.0,406.0,91.3,137.0,200000.0,136.0,267100.0,1250000000.0,250000000.0,250000000.0,0.0,67100.0,,0.0,0.0,0.0
2023-02-06,137.0,0.0,0.0,140.0,136.0,138.0,1.0,3126200.0,430284200.0,294.0,92.0,138.0,282700.0,137.0,400.0,1250000000.0,250000000.0,250000000.0,0.0,50700.0,,0.0,0.0,0.0
2023-02-07,138.0,0.0,0.0,138.0,135.0,136.0,-2.0,5694700.0,779405700.0,543.0,90.7,137.0,52100.0,136.0,115800.0,1250000000.0,250000000.0,250000000.0,70800.0,68900.0,,0.0,0.0,0.0
2023-02-08,136.0,0.0,0.0,138.0,135.0,135.0,-1.0,2950200.0,401593800.0,457.0,90.0,135.0,7400.0,134.0,189200.0,1250000000.0,250000000.0,250000000.0,135400.0,0.0,,0.0,0.0,0.0
2023-02-09,135.0,0.0,0.0,135.0,126.0,134.0,-1.0,5383900.0,695805800.0,810.0,89.3,134.0,360500.0,128.0,1900.0,1250000000.0,250000000.0,250000000.0,85700.0,0.0,,0.0,0.0,0.0
2023-02-10,134.0,0.0,0.0,134.0,125.0,125.0,-9.0,3478700.0,439409600.0,386.0,83.3,125.0,807400.0,0.0,0.0,1250000000.0,250000000.0,250000000.0,0.0,0.0,,0.0,0.0,0.0
2023-02-13,125.0,0.0,0.0,125.0,117.0,117.0,-8.0,4232500.0,497355400.0,376.0,78.0,117.0,208600.0,0.0,0.0,1250000000.0,250000000.0,250000000.0,0.0,0.0,,0.0,0.0,0.0
2023-02-14,117.0,0.0,0.0,123.0,109.0,120.0,3.0,2525300.0,303275700.0,258.0,80.0,122.0,110000.0,120.0,11200.0,1250000000.0,250000000.0,250000000.0,0.0,0.0,,0.0,0.0,0.0
2023-02-15,120.0,0.0,0.0,124.0,113.0,120.0,0.0,1894600.0,227747700.0,208.0,80.0,121.0,14200.0,120.0,109800.0,1250000000.0,250000000.0,250000000.0,0.0,0.0,,0.0,0.0,0.0
2023-02-16,120.0,0.0,0.0,126.0,119.0,122.0,2.0,1613000.0,198522100.0,320.0,81.3,123.0,3500.0,122.0,40000.0,1250000000.0,250000000.0,250000000.0,0.0,0.0,,0.0,0.0,0.0
2023-02-17,122.0,0.0,0.0,126.0,120.0,120.0,-2.0,1388300.0,169220100.0,173.0,80.0,122.0,169600.0,120.0,74600.0,1250000000.0,250000000.0,250000000.0,0.0,100.0,,0.0,0.0,0.0
2023-02-20,120.0,0.0,0.0,128.0,120.0,125.0,5.0,1210600.0,151625700.0,170.0,83.3,126.0,24000.0,125.0,99600.0,1250000000.0,250000000.0,250000000.0,0.0,0.0,,0.0,0.0,0.0
2023-02-21,125.0,0.0,0.0,131.0,125.0,130.0,5.0,1489700.0,192976200.0,200.0,86.7,130.0,65300.0,129.0,25900.0,1250000000.0,250000000.0,250000000.0,0.0,0.0,,0.0,0.0,0.0
2023-02-22,130.0,0.0,0.0,134.0,129.0,132.0,2.0,739100.0,97734100.0,186.0,88.0,132.0,118300.0,131.0,220600.0,1250000000.0,250000000.0,250000000.0,0.0,0.0,,0.0,0.0,0.0
2023-02-23,132.0,0.0,0.0,132.0,128.0,129.0,-3.0,797800.0,102908500.0,271.0,86.0,130.0,212800.0,129.0,33100.0,1250000000.0,250000000.0,250000000.0,0.0,0.0,,0.0,0.0,0.0
2023-02-24,129.0,0.0,0.0,133.0,129.0,132.0,3.0,481100.0,62585400.0,76.0,88.0,132.0,48700.0,130.0,408700.0,1250000000.0,250000000.0,250000000.0,0.0,0.0,,0.0,0.0,0.0
2023-02-27,132.0,0.0,0.0,135.0,130.0,132.0,0.0,799800.0,104915200.0,90.0,88.0,132.0,53100.0,131.0,500.0,1250000000.0,250000000.0,250000000.0,0.0,0.0,,0.0,0.0,0.0
2023-02-28,132.0,0.0,0.0,137.0,123.0,130.0,-2.0,2523400.0,330042500.0,340.0,86.7,130.0,24200.0,128.0,3600.0,1250000000.0,250000000.0,250000000.0,0.0,0.0,,0.0,0.0,0.0
2023-03-01,130.0,0.0,0.0,134.0,129.0,132.0,2.0,1298100.0,169795200.0,137.0,88.0,132.0,59400.0,129.0,79100.0,1250000000.0,250000000.0,250000000.0,0.0,0.0,,0.0,0.0,0.0
2023-03-02,132.0,0.0,0.0,132.0,129.0,129.0,-3.0,596100.0,77430900.0,63.0,86.0,131.0,6000.0,129.0,34100.0,1250000000.0,250000000.0,250000000.0,0.0,0.0,,0.0,0.0,0.0
2023-03-03,129.0,0.0,0.0,132.0,128.0,131.0,2.0,1458200.0,189072600.0,92.0,87.3,131.0,12000.0,129.0,52600.0,1250000000.0,250000000.0,250000000.0,0.0,0.0,,0.0,0.0,0.0
2023-03-06,131.0,0.0,0.0,132.0,129.0,129.0,-2.0,1036900.0,135221600.0,97.0,86.0,131.0,9800.0,130.0,2000.0,1250000000.0,250000000.0,250000000.0,0.0,15200.0,,0.0,0.0,0.0
2023-03-07,129.0,0.0,0.0,130.0,121.0,128.0,-1.0,1679500.0,212536700.0,264.0,85.3,128.0,36000.0,125.0,12500.0,1250000000.0,250000000.0,250000000.0,0.0,0.0,,0.0,0.0,0.0
2023-03-08,128.0,0.0,0.0,130.0,124.0,128.0,0.0,1669400.0,211968600.0,156.0,85.3,128.0,100200.0,124.0,5500.0,1250000000.0,250000000.0,250000000.0,0.0,0.0,,0.0,0.0,0.0
2023-03-09,128.0,0.0,0.0,128.0,124.0,125.0,-3.0,959900.0,121445800.0,127.0,83.3,127.0,400.0,125.0,400700.0,1250000000.0,250000000.0,250000000.0,15200.0,0.0,,0.0,0.0,0.0
2023-03-10,125.0,0.0,0.0,128.0,124.0,126.0,1.0,97300.0,12139300.0,44.0,84.0,126.0,12500.0,125.0,2000.0,1250000000.0,250000000.0,250000000.0,0.0,0.0,,0.0,0.0,0.0
2023-03-13,126.0,0.0,0.0,129.0,125.0,126.0,0.0,143200.0,18058100.0,51.0,84.0,126.0,20800.0,125.0,15000.0,1250000000.0,250000000.0,250000000.0,0.0,0.0,,0.0,0.0,0.0
2023-03-14,126.0,0.0,0.0,128.0,123.0,124.0,-2.0,1097000.0,137578600.0,200.0,82.7,124.0,2200.0,123.0,5800.0,1250000000.0,250000000.0,250000000.0,0.0,300.0,,0.0,0.0,0.0
2023-03-15,124.0,0.0,0.0,148.0,124.0,138.0,14.0,5511500.0,758226900.0,1063.0,92.0,138.0,177700.0,137.0,12100.0,1250000000.0,250000000.0,250000000.0,60000.0,0.0,,0.0,0.0,0.0
2023-03-16,138.0,0.0,0.0,139.0,129.0,132.0,-6.0,2163700.0,284335100.0,557.0,88.0,132.0,36600.0,130.0,2000.0,1250000000.0,250000000.0,250000000.0,0.0,800.0,,0.0,0.0,0.0
2023-03-17,132.0,0.0,0.0,137.0,128.0,128.0,-4.0,479600.0,62341800.0,146.0,85.3,128.0,25100.0,127.0,20200.0,1250000000.0,250000000.0,250000000.0,0.0,0.0,,0.0,0.0,0.0
2023-03-20,128.0,0.0,0.0,131.0,121.0,125.0,-3.0,922300.0,116161400.0,175.0,83.3,129.0,15600.0,121.0,20900.0,1250000000.0,250000000.0,250000000.0,0.0,0.0,,0.0,0.0,0.0
2023-03-21,125.0,0.0,0.0,128.0,122.0,127.0,2.0,336700.0,41780600.0,108.0,84.7,127.0,21500.0,124.0,61500.0,1250000000.0,250000000.0,250000000.0,0.0,0.0,,0.0,0.0,0.0
2023-03-24,127.0,0.0,0.0,130.0,125.0,126.0,-1.0,255700.0,32246200.0,94.0,84.0,128.0,22500.0,126.0,20500.0,1250000000.0,250000000.0,250000000.0,0.0,0.0,,0.0,0.0,0.0
2023-03-27,126.0,0.0,0.0,130.0,124.0,129.0,3.0,149000.0,18851000.0,71.0,86.0,129.0,54300.0,127.0,4500.0,1250000000.0,250000000.0,250000000.0,0.0,0.0,,0.0,0.0,0.0
2023-03-28,129.0,0.0,0.0,134.0,120.0,126.0,-3.0,2067500.0,255468800.0,455.0,84.0,127.0,40100.0,126.0,189000.0,1250000000.0,250000000.0,250000000.0,0.0,0.0,,0.0,0.0,0.0
2023-03-29,126.0,0.0,0.0,126.0,118.0,123.0,-3.0,670900.0,82206000.0,159.0,82.0,124.0,2300.0,123.0,82200.0,1250000000.0,250000000.0,250000000.0,0.0,2700.0,,0.0,0.0,0.0
2023-03-30,123.0,0.0,0.0,131.0,116.0,126.0,3.0,743100.0,94359400.0,171.0,84.0,127.0,300.0,126.0,133400.0,1250000000.0,250000000.0,250000000.0,0.0,0.0,,0.0,0.0,0.0
2023-03-31,126.0,0.0,0.0,133.0,124.0,126.0,0.0,791000.0,102281500.0,169.0,84.0,127.0,4600.0,126.0,4300.0,1250000000.0,250000000.0,250000000.0,0.0,99000.0,,0.0,0.0,0.0
2023-04-03,126.0,0.0,0.0,133.0,126.0,129.0,3.0,398200.0,51081900.0,145.0,86.0,129.0,21100.0,126.0,292400.0,1250000000.0,250000000.0,250000000.0,0.0,0.0,,0.0,0.0,0.0
2023-04-04,129.0,0.0,0.0,129.0,126.0,129.0,0.0,285000.0,36188600.0,139.0,86.0,129.0,215800.0,127.0,1000.0,1250000000.0,250000000.0,250000000.0,0.0,0.0,,0.0,0.0,0.0
2023-04-05,129.0,0.0,0.0,129.0,122.0,126.0,-3.0,727000.0,90754700.0,145.0,84.0,126.0,10100.0,125.0,5000.0,1250000000.0,250000000.0,250000000.0,0.0,0.0,,0.0,0.0,0.0
2023-04-06,126.0,0.0,0.0,132.0,121.0,121.0,-5.0,716100.0,89191700.0,290.0,80.7,125.0,11100.0,121.0,67600.0,1250000000.0,250000000.0,250000000.0,0.0,0.0,,0.0,0.0,0.0
2023-04-10,121.0,0.0,0.0,128.0,121.0,126.0,5.0,279900.0,35070200.0,106.0,84.0,126.0,76500.0,123.0,20000.0,1250000000.0,250000000.0,250000000.0,0.0,0.0,,0.0,0.0,0.0
2023-04-11,126.0,0.0,0.0,129.0,124.0,128.0,2.0,269200.0,34068500.0,83.0,85.3,128.0,7100.0,125.0,2500.0,1250000000.0,250000000.0,250000000.0,0.0,0.0,,0.0,0.0,0.0
2023-04-12,128.0,0.0,0.0,133.0,125.0,129.0,1.0,256400.0,32754500.0,128.0,86.0,129.0,31500.0,126.0,10200.0,1250000000.0,250000000.0,250000000.0,0.0,0.0,,0.0,0.0,0.0
2023-04-13,129.0,0.0,0.0,129.0,125.0,128.0,-1.0,114300.0,14461300.0,57.0,85.3,127.0,100.0,126.0,500.0,1250000000.0,250000000.0,250000000.0,0.0,0.0,,0.0,0.0,0.0
2023-04-14,128.0,0.0,0.0,128.0,125.0,125.0,-3.0,296000.0,37375300.0,442.0,83.3,127.0,10000.0,125.0,1000.0,1250000000.0,250000000.0,250000000.0,800.0,0.0,,0.0,0.0,0.0
2023-04-17,125.0,0.0,0.0,142.0,125.0,138.0,13.0,577500.0,76666600.0,246.0,92.0,138.0,243500.0,133.0,25000.0,1250000000.0,250000000.0,250000000.0,0.0,0.0,,0.0,0.0,0.0
2023-04-18,138.0,0.0,0.0,139.0,129.0,138.0,0.0,1376400.0,182635200.0,283.0,92.0,139.0,56000.0,138.0,4192400.0,1250000000.0,250000000.0,250000000.0,25500.0,0.0,,0.0,0.0,0.0
2023-04-26,138.0,0.0,0.0,140.0,131.0,140.0,2.0,1026500.0,139991300.0,252.0,93.3,140.0,41000.0,133.0,3900.0,1250000000.0,250000000.0,250000000.0,800.0,0.0,,0.0,0.0,0.0
2023-04-27,140.0,0.0,0.0,145.0,135.0,142.0,2.0,761800.0,105555100.0,198.0,94.7,142.0,74900.0,139.0,49500.0,1250000000.0,250000000.0,250000000.0,0.0,168100.0,,0.0,0.0,0.0
2023-04-28,142.0,0.0,0.0,144.0,137.0,144.0,2.0,443400.0,62713100.0,126.0,96.0,144.0,109500.0,141.0,3500.0,1250000000.0,250000000.0,250000000.0,0.0,0.0,,0.0,0.0,0.0
2023-05-02,144.0,0.0,0.0,144.0,139.0,139.0,-5.0,1882800.0,262879700.0,133.0,92.7,140.0,3400.0,139.0,827600.0,1250000000.0,250000000.0,250000000.0,0.0,0.0,,0.0,0.0,0.0
2023-05-03,139.0,0.0,0.0,147.0,140.0,141.0,2.0,874300.0,124320300.0,232.0,94.0,141.0,116300.0,140.0,380400.0,1250000000.0,250000000.0,250000000.0,52500.0,0.0,,0.0,0.0,0.0
2023-05-04,141.0,0.0,0.0,143.0,137.0,142.0,1.0,132500.0,18411800.0,94.0,94.7,142.0,107700.0,139.0,4600.0,1250000000.0,250000000.0,250000000.0,100.0,0.0,,0.0,0.0,0.0
2023-05-05,142.0,0.0,0.0,142.0,137.0,142.0,0.0,353000.0,48707900.0,65.0,94.7,142.0,231700.0,139.0,1400.0,1250000000.0,250000000.0,250000000.0,0.0,0.0,,0.0,0.0,0.0
2023-05-08,142.0,0.0,0.0,143.0,135.0,135.0,-7.0,655600.0,89892200.0,128.0,90.0,135.0,579300.0,134.0,404500.0,1250000000.0,250000000.0,250000000.0,57400.0,0.0,,0.0,0.0,0.0
2023-05-09,135.0,0.0,0.0,173.0,127.0,170.0,35.0,186535100.0,30661560900.0,66449.0,113.3,170.0,2447500.0,169.0,96080000.0,1250000000.0,250000000.0,250000000.0,775300.0,866700.0,,0.0,0.0,0.0
2023-05-10,170.0,0.0,0.0,177.0,159.0,159.0,-11.0,47397400.0,8146557900.0,19426.0,106.0,159.0,7853000.0,0.0,0.0,1250000000.0,250000000.0,250000000.0,142100.0,48300.0,,0.0,0.0,0.0
2023-05-11,159.0,0.0,0.0,158.0,148.0,148.0,-11.0,6309400.0,938224100.0,723.0,98.7,148.0,13163400.0,0.0,0.0,1250000540.0,250000540.0,250000000.0,71000.0,198900.0,,0.0,0.0,0.0
2023-05-12,148.0,0.0,0.0,151.0,138.0,144.0,-4.0,11298800.0,1635451800.0,1924.0,96.0,144.0,32300.0,143.0,36000.0,1250001960.0,250001960.0,250000000.0,53600.0,496900.0,,0.0,0.0,0.0
2023-05-15,144.0,0.0,0.0,148.0,140.0,143.0,-1.0,3208800.0,462834900.0,766.0,95.3,145.0,49400.0,143.0,8600.0,1250002100.0,250002100.0,250000000.0,39000.0,10300.0,,0.0,0.0,0.0
2023-05-16,143.0,0.0,0.0,175.0,133.0,133.0,-10.0,228750100.0,36446349000.0,46937.0,88.7,134.0,235800.0,133.0,2170800.0,1250002530.0,250002530.0,250000000.0,2244100.0,2362800.0,,0.0,0.0,0.0
2023-05-17,133.0,0.0,0.0,136.0,124.0,125.0,-8.0,8778800.0,1128049600.0,1412.0,83.3,125.0,43900.0,124.0,1487700.0,1250002631.0,250002631.0,250000000.0,43000.0,205500.0,,0.0,0.0,0.0
2023-05-19,125.0,0.0,0.0,132.0,124.0,128.0,3.0,3144500.0,404660100.0,759.0,85.3,128.0,126900.0,127.0,101700.0,1250002871.0,250002871.0,250000000.0,10200.0,9000.0,,0.0,0.0,0.0
2023-05-22,128.0,0.0,0.0,130.0,123.0,126.0,-2.0,2501400.0,317997400.0,381.0,84.0,128.0,134100.0,126.0,24400.0,1250002991.0,250002991.0,250000000.0,127000.0,11700.0,,0.0,0.0,0.0
2023-05-23,126.0,0.0,0.0,128.0,124.0,124.0,-2.0,1868900.0,234217500.0,383.0,82.7,124.0,707400.0,123.0,169500.0,1250003251.0,250003251.0,250000000.0,14400.0,0.0,,0.0,0.0,0.0
2023-05-24,124.0,0.0,0.0,125.0,120.0,123.0,-1.0,2664500.0,325614600.0,643.0,82.0,123.0,49900.0,122.0,21000.0,1250003431.0,250003431.0,250000000.0,15900.0,32100.0,,0.0,0.0,0.0
2023-05-25,123.0,0.0,0.0,130.0,121.0,126.0,3.0,3581500.0,453640800.0,766.0,84.0,126.0,49700.0,125.0,412300.0,1250003511.0,250003511.0,250000000.0,13700.0,12200.0,,0.0,0.0,0.0
2023-05-26,126.0,0.0,0.0,126.0,122.0,124.0,-2.0,2443400.0,303680800.0,463.0,82.7,124.0,152400.0,123.0,40800.0,1250003651.0,250003651.0,250000000.0,172800.0,17200.0,,0.0,0.0,0.0
2023-05-29,124.0,0.0,0.0,125.0,118.0,123.0,-1.0,2020200.0,245366400.0,328.0,82.0,124.0,213500.0,123.0,18700.0,1250003752.0,250003752.0,250000000.0,60900.0,129100.0,,80.0,80.0,1.0
2023-05-30,123.0,0.0,0.0,131.0,122.0,123.0,0.0,3454400.0,436368800.0,601.0,82.0,123.0,18200.0,122.0,301000.0,1250003852.0,250003852.0,250000000.0,167200.0,52800.0,,0.0,0.0,0.0
2023-05-31,123.0,0.0,0.0,125.0,118.0,120.0,-3.0,3486800.0,417248700.0,370.0,80.0,120.0,154900.0,119.0,48800.0,1250004177.0,250004177.0,250000000.0,22900.0,8900.0,,0.0,0.0,0.0
2023-06-05,120.0,0.0,0.0,123.0,115.0,119.0,-1.0,1717100.0,204497000.0,579.0,79.3,122.0,8800.0,119.0,603400.0,1250004289.0,250004289.0,250000000.0,60100.0,300000.0,,0.0,0.0,0.0
2023-06-06,119.0,0.0,0.0,128.0,117.0,120.0,1.0,256400.0,30336500.0,122.0,80.0,120.0,249600.0,119.0,28000.0,1250004497.0,250004497.0,250000000.0,2600.0,0.0,,0.0,0.0,0.0
2023-06-07,120.0,0.0,0.0,129.0,113.0,117.0,-3.0,1067200.0,124031500.0,210.0,78.0,118.0,35800.0,117.0,3700.0,1250004636.0,250004636.0,250000000.0,3700.0,0.0,,0.0,0.0,0.0
2023-06-08,117.0,0.0,0.0,122.0,114.0,118.0,1.0,947500.0,109556500.0,183.0,78.7,119.0,77000.0,117.0,106300.0,1250004717.0,250004717.0,250000000.0,13400.0,0.0,,0.0,0.0,0.0
2023-06-09,118.0,0.0,0.0,123.0,116.0,119.0,1.0,1238400.0,144822200.0,105.0,79.3,119.0,10000.0,118.0,50000.0,1250004758.0,250004758.0,250000000.0,7600.0,0.0,,20.0,2000.0,1.0
2023-06-12,119.0,0.0,0.0,128.0,117.0,119.0,0.0,384400.0,45809100.0,121.0,79.3,119.0,52700.0,118.0,21100.0,1250004899.0,250004899.0,250000000.0,0.0,20000.0,,0.0,0.0,0.0
2023-06-13,119.0,0.0,0.0,125.0,117.0,119.0,0.0,352800.0,41961800.0,130.0,79.3,119.0,19400.0,118.0,29500.0,1250004923.0,250004923.0,250000000.0,1000.0,0.0,,0.0,0.0,0.0
2023-06-14,119.0,0.0,0.0,127.0,118.0,118.0,-1.0,247300.0,29202700.0,67.0,78.7,119.0,24300.0,118.0,3100.0,1250005008.0,250005008.0,250000000.0,100.0,0.0,,0.0,0.0,0.0
2023-06-15,118.0,0.0,0.0,126.0,117.0,120.0,2.0,312600.0,37148100.0,92.0,80.0,120.0,366700.0,119.0,5000.0,1250005059.0,250005059.0,250000000.0,4800.0,0.0,,0.0,0.0,0.0
2023-06-16,120.0,0.0,0.0,127.0,118.0,119.0,-1.0,506200.0,59971900.0,72.0,79.3,119.0,100000.0,118.0,53400.0,1250005141.0,250005141.0,250000000.0,21600.0,0.0,,0.0,0.0,0.0
2023-06-19,119.0,0.0,0.0,125.0,118.0,119.0,0.0,824400.0,97850000.0,216.0,79.3,119.0,1700.0,118.0,150000.0,1250005416.0,250005416.0,250000000.0,58900.0,0.0,,0.0,0.0,0.0
2023-06-20,119.0,0.0,0.0,124.0,118.0,119.0,0.0,917700.0,109027900.0,81.0,79.3,119.0,36900.0,118.0,111700.0,1250005417.0,250005417.0,250000000.0,300000.0,0.0,,0.0,0.0,0.0
2023-06-21,119.0,0.0,0.0,122.0,117.0,119.0,0.0,511000.0,60436500.0,70.0,79.3,119.0,131100.0,118.0,85300.0,1250005477.0,250005477.0,250000000.0,1300.0,0.0,,0.0,0.0,0.0
2023-06-22,119.0,0.0,0.0,122.0,118.0,120.0,1.0,149300.0,17780200.0,56.0,80.0,120.0,170800.0,119.0,5000.0,1250005557.0,250005557.0,250000000.0,500.0,0.0,,0.0,0.0,0.0
2023-06-23,120.0,0.0,0.0,123.0,117.0,118.0,-2.0,638600.0,75195800.0,58.0,78.7,118.0,41700.0,117.0,23700.0,1250005657.0,250005657.0,250000000.0,0.0,0.0,,0.0,0.0,0.0
2023-06-26,118.0,0.0,0.0,123.0,116.0,117.0,-1.0,395000.0,46093700.0,76.0,78.0,117.0,252700.0,116.0,112600.0,1250008858.0,250008858.0,250000000.0,8100.0,0.0,,0.0,0.0,0.0
2023-06-27,117.0,0.0,0.0,122.0,116.0,121.0,4.0,608800.0,72774400.0,360.0,80.7,121.0,43200.0,120.0,20000.0,1250008978.0,250008978.0,250000000.0,13400.0,0.0,,0.0,0.0,0.0
2023-07-03,121.0,0.0,0.0,129.0,117.0,121.0,0.0,390500.0,46378300.0,54.0,80.7,120.0,11600.0,119.0,140100.0,1250009218.0,250009218.0,250001083.0,0.0,0.0,,0.0,0.0,0.0
2023-07-04,121.0,0.0,0.0,128.0,118.0,120.0,-1.0,120400.0,14350700.0,82.0,80.0,120.0,42500.0,119.0,137000.0,1250009218.0,250009218.0,250001083.0,0.0,0.0,,0.0,0.0,0.0
2023-07-05,120.0,0.0,0.0,128.0,118.0,123.0,3.0,269400.0,32256100.0,174.0,82.0,122.0,8000.0,120.0,70400.0,1250009261.0,250009261.0,250001083.0,500.0,0.0,,0.0,0.0,0.0
2023-07-06,123.0,0.0,0.0,131.0,119.0,122.0,-1.0,106700.0,12820100.0,123.0,81.3,122.0,23000.0,120.0,10300.0,1250009342.0,250009342.0,250001083.0,900.0,0.0,,0.0,0.0,0.0
2023-07-07,122.0,0.0,0.0,129.0,120.0,122.0,0.0,110000.0,13228900.0,80.0,81.3,122.0,84300.0,121.0,500.0,1250009588.0,250009588.0,250001083.0,0.0,0.0,,0.0,0.0,0.0
2023-07-10,122.0,0.0,0.0,132.0,120.0,121.0,-1.0,160800.0,19452700.0,134.0,80.7,121.0,64900.0,120.0,40200.0,1250009668.0,250009668.0,250001083.0,0.0,0.0,,0.0,0.0,0.0
2023-07-11,121.0,0.0,0.0,129.0,118.0,121.0,0.0,154400.0,18472700.0,53.0,80.7,121.0,60200.0,120.0,101600.0,1250009867.0,250009867.0,250001083.0,300.0,0.0,,0.0,0.0,0.0
2023-07-12,121.0,0.0,0.0,122.0,118.0,121.0,0.0,374900.0,44791400.0,67.0,80.7,121.0,69000.0,120.0,100000.0,1250009927.0,250009927.0,250001083.0,0.0,0.0,,0.0,0.0,0.0
2023-07-13,121.0,0.0,0.0,125.0,119.0,121.0,0.0,75900.0,9082100.0,63.0,80.7,121.0,74900.0,119.0,35000.0,1250010027.0,250010027.0,250001083.0,200.0,0.0,,0.0,0.0,0.0
2023-07-14,121.0,0.0,0.0,125.0,119.0,121.0,0.0,205300.0,24809000.0,112.0,80.7,122.0,87400.0,121.0,12500.0,1250010211.0,250010211.0,250001083.0,6800.0,0.0,,0.0,0.0,0.0
2023-07-17,121.0,0.0,0.0,126.0,119.0,121.0,0.0,102500.0,12290600.0,57.0,80.7,121.0,28300.0,120.0,1300.0,1250010211.0,250010211.0,250001083.0,4500.0,0.0,,0.0,0.0,0.0
2023-07-18,121.0,0.0,0.0,124.0,119.0,121.0,0.0,107400.0,12835000.0,40.0,80.7,121.0,35100.0,120.0,38200.0,1250010211.0,250010211.0,250001083.0,5400.0,0.0,,0.0,0.0,0.0
2023-07-20,121.0,0.0,0.0,125.0,119.0,122.0,1.0,144700.0,17354200.0,40.0,81.3,121.0,100.0,119.0,39900.0,1250010350.0,250010350.0,250001083.0,26800.0,0.0,,0.0,0.0,0.0
2023-07-21,122.0,0.0,0.0,123.0,119.0,121.0,-1.0,213200.0,25651400.0,42.0,80.7,122.0,107200.0,121.0,201700.0,1250010350.0,250010350.0,250001083.0,1800.0,0.0,,20.0,20.0,1.0
2023-07-24,121.0,0.0,0.0,122.0,119.0,120.0,-1.0,218100.0,26078700.0,45.0,80.0,120.0,48500.0,119.0,68400.0,1250010370.0,250010370.0,250001083.0,0.0,0.0,,0.0,0.0,0.0
2023-07-25,120.0,0.0,0.0,125.0,118.0,120.0,0.0,31000.0,3683200.0,37.0,80.0,120.0,102500.0,119.0,145500.0,1250010520.0,250010520.0,250001083.0,0.0,0.0,,0.0,0.0,0.0
2023-07-26,120.0,0.0,0.0,124.0,118.0,119.0,-1.0,450200.0,53715300.0,82.0,79.3,120.0,11600.0,119.0,7400.0,1250010620.0,250010620.0,250001083.0,11900.0,0.0,,20.0,20.0,1.0
2023-07-27,119.0,0.0,0.0,122.0,118.0,119.0,0.0,543900.0,64872500.0,67.0,79.3,120.0,243700.0,119.0,200.0,1250010800.0,250010800.0,250001083.0,2100.0,0.0,,0.0,0.0,0.0
2023-07-28,119.0,0.0,0.0,125.0,118.0,119.0,0.0,378300.0,44939500.0,83.0,79.3,119.0,92600.0,118.0,109000.0,1250010966.0,250010966.0,250001083.0,68800.0,0.0,,0.0,0.0,0.0
2023-07-31,119.0,0.0,0.0,120.0,118.0,119.0,0.0,276300.0,32796000.0,53.0,79.3,120.0,149000.0,118.0,55600.0,1250011042.0,250011042.0,250001083.0,0.0,0.0,,40.0,4760.0,1.0
2023-08-01,119.0,0.0,0.0,121.0,118.0,118.0,-1.0,499700.0,59340700.0,53.0,78.7,120.0,53300.0,118.0,157300.0,1250011122.0,250011122.0,250001083.0,7600.0,0.0,,0.0,0.0,0.0
2023-08-02,118.0,0.0,0.0,122.0,117.0,118.0,0.0,298200.0,35296100.0,63.0,78.7,118.0,1200.0,117.0,108200.0,1250011302.0,250011302.0,250001083.0,86700.0,0.0,,0.0,0.0,0.0
2023-08-03,118.0,0.0,0.0,123.0,117.0,120.0,2.0,35700.0,4241300.0,28.0,80.0,120.0,136800.0,118.0,54500.0,1250011382.0,250011382.0,250001083.0,26200.0,0.0,,80.0,4820.0,2.0
2023-08-04,120.0,0.0,0.0,124.0,118.0,120.0,0.0,126000.0,14881900.0,30.0,80.0,120.0,75300.0,117.0,129000.0,1250011422.0,250011422.0,250001083.0,10200.0,0.0,,0.0,0.0,0.0
2023-08-07,120.0,0.0,0.0,125.0,118.0,122.0,2.0,1278900.0,155297800.0,127.0,81.3,122.0,26700.0,121.0,26500.0,1250011422.0,250011422.0,250001083.0,85100.0,0.0,,0.0,0.0,0.0
2023-08-08,122.0,0.0,0.0,128.0,119.0,122.0,0.0,849600.0,103164100.0,91.0,81.3,122.0,9900.0,121.0,32600.0,1250011482.0,250011482.0,250001083.0,0.0,0.0,,0.0,0.0,0.0
2023-08-09,122.0,0.0,0.0,130.0,120.0,122.0,0.0,237100.0,28642700.0,45.0,81.3,122.0,72000.0,120.0,25800.0,1250011642.0,250011642.0,250001083.0,0.0,0.0,,0.0,0.0,0.0
2023-08-10,122.0,0.0,0.0,131.0,120.0,122.0,0.0,214600.0,26007600.0,62.0,81.3,122.0,3900.0,120.0,42300.0,1250012062.0,250012062.0,250001083.0,0.0,0.0,,0.0,0.0,0.0
2023-08-11,122.0,0.0,0.0,130.0,120.0,122.0,0.0,147900.0,18070300.0,50.0,81.3,122.0,78400.0,120.0,19100.0,1250012096.0,250012096.0,250001083.0,0.0,0.0,,0.0,0.0,0.0
2023-08-14,122.0,0.0,0.0,123.0,120.0,120.0,-2.0,238700.0,28871700.0,42.0,80.0,122.0,23000.0,120.0,22000.0,1250012196.0,250012196.0,250001083.0,0.0,0.0,,0.0,0.0,0.0
2023-08-15,120.0,0.0,0.0,126.0,118.0,122.0,2.0,428400.0,51900600.0,83.0,81.3,122.0,23800.0,121.0,2000.0,1250012256.0,250012256.0,250001083.0,24000.0,0.0,,0.0,0.0,0.0
2023-08-16,122.0,0.0,0.0,129.0,119.0,121.0,-1.0,146200.0,17468700.0,51.0,80.7,121.0,44400.0,119.0,20000.0,1250012256.0,250012256.0,250001083.0,0.0,0.0,,0.0,0.0,0.0
2023-08-18,121.0,0.0,0.0,126.0,118.0,122.0,1.0,229700.0,27504800.0,70.0,81.3,122.0,4000.0,119.0,104400.0,1250012496.0,250012496.0,250001083.0,0.0,0.0,,0.0,0.0,0.0
2023-08-21,122.0,0.0,0.0,121.0,118.0,120.0,-2.0,195100.0,23225600.0,80.0,80.0,121.0,7400.0,119.0,21700.0,1250012616.0,250012616.0,250001083.0,0.0,0.0,,0.0,0.0,0.0
2023-08-22,120.0,0.0,0.0,125.0,118.0,121.0,1.0,47500.0,5629100.0,23.0,80.7,121.0,71300.0,119.0,10700.0,1250012616.0,250012616.0,250001083.0,0.0,0.0,,0.0,0.0,0.0
2023-08-23,121.0,0.0,0.0,124.0,118.0,123.0,2.0,943700.0,114900900.0,206.0,82.0,123.0,109200.0,122.0,60100.0,1250012686.0,250012686.0,250001083.0,0.0,100.0,,0.0,0.0,0.0
2023-08-24,123.0,0.0,0.0,126.0,120.0,123.0,0.0,101400.0,12374600.0,56.0,82.0,123.0,21200.0,122.0,10000.0,1250012786.0,250012786.0,250001083.0,0.0,0.0,,0.0,0.0,0.0
2023-08-25,123.0,0.0,0.0,126.0,121.0,123.0,0.0,22600.0,2766600.0,11.0,82.0,123.0,152600.0,121.0,85300.0,1250012827.0,250012827.0,250001083.0,0.0,0.0,,0.0,0.0,0.0
2023-08-28,123.0,0.0,0.0,128.0,121.0,122.0,-1.0,129700.0,15731000.0,30.0,81.3,122.0,100500.0,120.0,24200.0,1250012892.0,250012892.0,250001083.0,0.0,0.0,,3957300.0,486747900.0,2.0
2023-08-29,122.0,0.0,0.0,127.0,119.0,120.0,-2.0,139900.0,16761800.0,54.0,80.0,120.0,199200.0,119.0,44700.0,1250012902.0,250012902.0,250001083.0,0.0,0.0,,0.0,0.0,0.0
2023-08-30,120.0,0.0,0.0,125.0,118.0,120.0,0.0,77900.0,9267200.0,36.0,80.0,119.0,63600.0,118.0,38300.0,1250012962.0,250012962.0,250001083.0,0.0,0.0,,0.0,0.0,0.0
2023-08-31,120.0,0.0,0.0,125.0,114.0,119.0,-1.0,563600.0,65904900.0,97.0,79.3,119.0,24500.0,116.0,25000.0,1250013002.0,250013002.0,250001083.0,0.0,0.0,,0.0,0.0,0.0
2023-09-01,119.0,0.0,0.0,126.0,114.0,119.0,0.0,194000.0,22359000.0,47.0,79.3,119.0,151400.0,117.0,6000.0,1250013122.0,250013122.0,250001083.0,0.0,0.0,,0.0,0.0,0.0
2023-09-04,119.0,0.0,0.0,125.0,114.0,118.0,-1.0,148800.0,17441800.0,37.0,78.7,118.0,153600.0,116.0,2000.0,1250013122.0,250013122.0,250001083.0,0.0,0.0,,0.0,0.0,0.0
2023-09-05,118.0,0.0,0.0,123.0,116.0,118.0,0.0,78200.0,9145800.0,43.0,78.7,118.0,8400.0,116.0,10000.0,1250013146.0,250013146.0,250001083.0,0.0,0.0,,0.0,0.0,0.0
2023-09-06,118.0,0.0,0.0,123.0,114.0,119.0,1.0,93500.0,10897300.0,38.0,79.3,118.0,1900.0,116.0,11100.0,1250013166.0,250013166.0,250001083.0,0.0,0.0,,0.0,0.0,0.0
2023-09-07,119.0,0.0,0.0,124.0,114.0,116.0,-3.0,415800.0,48783800.0,70.0,77.3,118.0,16400.0,116.0,9700.0,1250013166.0,250013166.0,250001083.0,0.0,0.0,,0.0,0.0,0.0
2023-09-08,116.0,0.0,0.0,122.0,114.0,117.0,1.0,277300.0,32330500.0,65.0,78.0,117.0,99600.0,115.0,16300.0,1250013266.0,250013266.0,250001083.0,0.0,0.0,,0.0,0.0,0.0
2023-09-11,117.0,0.0,0.0,122.0,115.0,118.0,1.0,72900.0,8455300.0,59.0,78.7,118.0,86100.0,115.0,42900.0,1250013366.0,250013366.0,250001083.0,0.0,0.0,,0.0,0.0,0.0
2023-09-12,118.0,0.0,0.0,119.0,115.0,117.0,-1.0,124900.0,14475600.0,50.0,78.0,118.0,34500.0,115.0,30400.0,1250013386.0,250013386.0,250001083.0,0.0,0.0,,0.0,0.0,0.0
2023-09-13,117.0,0.0,0.0,119.0,115.0,118.0,1.0,69500.0,8102100.0,31.0,78.7,118.0,101000.0,116.0,13700.0,1250013546.0,250013546.0,250001083.0,0.0,0.0,,0.0,0.0,0.0
2023-09-14,118.0,0.0,0.0,118.0,115.0,117.0,-1.0,207200.0,24152800.0,46.0,78.0,117.0,28800.0,116.0,12300.0,1250013565.0,250013565.0,250001083.0,0.0,0.0,,0.0,0.0,0.0
2023-09-15,117.0,0.0,0.0,118.0,114.0,117.0,0.0,78100.0,9020500.0,44.0,78.0,117.0,43000.0,116.0,1000.0,1250013625.0,250013625.0,250001083.0,0.0,0.0,,0.0,0.0,0.0
2023-09-18,117.0,0.0,0.0,117.0,114.0,116.0,-1.0,218800.0,25159200.0,45.0,77.3,116.0,182400.0,114.0,11200.0,1250013685.0,250013685.0,250001083.0,0.0,0.0,,630000.0,75600000.0,1.0
2023-09-19,116.0,0.0,0.0,123.0,114.0,116.0,0.0,315200.0,36376300.0,31.0,77.3,116.0,19200.0,114.0,15400.0,1250013685.0,250013685.0,250001083.0,0.0,0.0,,0.0,0.0,0.0
2023-09-20,116.0,0.0,0.0,117.0,111.0,114.0,-2.0,199600.0,22676800.0,88.0,76.0,114.0,900.0,113.0,5000.0,1250013685.0,250013685.0,250001083.0,0.0,0.0,,0.0,0.0,0.0
2023-09-21,114.0,0.0,0.0,132.0,112.0,118.0,4.0,60618000.0,7482435300.0,13112.0,78.7,118.0,100.0,115.0,4300.0,1250013685.0,250013685.0,250001083.0,0.0,0.0,,0.0,0.0,0.0
2023-09-22,118.0,0.0,0.0,118.0,109.0,113.0,-5.0,1917200.0,216892900.0,372.0,75.3,113.0,60900.0,112.0,14000.0,1250013805.0,250013805.0,250001083.0,0.0,5000.0,,0.0,0.0,0.0
2023-09-25,113.0,0.0,0.0,116.0,105.0,108.0,-5.0,1211400.0,131699100.0,227.0,72.0,108.0,31900.0,107.0,100400.0,1250013825.0,250013825.0,250001083.0,0.0,20000.0,,0.0,0.0,0.0
2023-09-26,108.0,0.0,0.0,132.0,99.0,112.0,4.0,90694000.0,11041516800.0,15802.0,74.7,113.0,100500.0,112.0,5943100.0,1250013905.0,250013905.0,250001083.0,0.0,0.0,,0.0,0.0,0.0
2023-09-27,112.0,0.0,0.0,121.0,109.0,111.0,-1.0,7324500.0,824463000.0,540.0,74.0,112.0,100.0,111.0,2912700.0,1250013965.0,250013965.0,250001083.0,5100.0,0.0,,0.0,0.0,0.0
2023-09-29,111.0,0.0,0.0,119.0,109.0,110.0,-1.0,726900.0,80039100.0,208.0,73.3,110.0,28100.0,109.0,169800.0,1250013985.0,250013985.0,250001083.0,0.0,6200.0,,0.0,0.0,0.0
2023-10-02,110.0,0.0,0.0,120.0,108.0,113.0,3.0,2789400.0,315198000.0,505.0,75.3,113.0,13200.0,112.0,23000.0,1250014065.0,250014065.0,250002737.0,2700.0,2800.0,,0.0,0.0,0.0
2023-10-03,113.0,0.0,0.0,121.0,111.0,111.0,-2.0,1024500.0,114835600.0,123.0,74.0,111.0,43700.0,110.0,115900.0,1250014065.0,250014065.0,250002737.0,4200.0,4300.0,,0.0,0.0,0.0
2023-10-04,111.0,0.0,0.0,117.0,109.0,112.0,1.0,381400.0,42133900.0,111.0,74.7,112.0,700.0,111.0,1100.0,1250014065.0,250014065.0,250002737.0,600.0,1300.0,,0.0,0.0,0.0
2023-10-05,112.0,0.0,0.0,117.0,109.0,111.0,-1.0,428400.0,47744400.0,104.0,74.0,111.0,6700.0,110.0,124800.0,1250014085.0,250014085.0,250002737.0,1500.0,1700.0,,0.0,0.0,0.0
2023-10-06,111.0,0.0,0.0,116.0,110.0,110.0,-1.0,674300.0,74602100.0,93.0,73.3,113.0,171500.0,110.0,200.0,1250014085.0,250014085.0,250002737.0,7300.0,0.0,,0.0,0.0,0.0
2023-10-09,110.0,0.0,0.0,112.0,108.0,110.0,0.0,268300.0,29379800.0,60.0,73.3,111.0,10100.0,110.0,3400.0,1250014125.0,250014125.0,250002737.0,0.0,7600.0,,0.0,0.0,0.0
2023-10-10,110.0,0.0,0.0,113.0,105.0,109.0,-1.0,619900.0,66509900.0,132.0,72.7,109.0,26500.0,108.0,20000.0,1250014185.0,250014185.0,250002737.0,0.0,0.0,,0.0,0.0,0.0
2023-10-11,109.0,0.0,0.0,110.0,107.0,109.0,0.0,180000.0,19579400.0,71.0,72.7,110.0,14100.0,109.0,40000.0,1250014225.0,250014225.0,250002737.0,1300.0,0.0,,0.0,0.0,0.0
2023-10-12,109.0,0.0,0.0,113.0,106.0,108.0,-1.0,100300.0,10798000.0,66.0,72.0,108.0,1600.0,107.0,1200.0,1250014225.0,250014225.0,250002737.0,6300.0,0.0,,0.0,0.0,0.0
2023-10-13,108.0,0.0,0.0,109.0,105.0,106.0,-2.0,207300.0,21942700.0,70.0,70.7,108.0,8400.0,106.0,87900.0,1250014245.0,250014245.0,250002737.0,0.0,0.0,,0.0,0.0,0.0
2023-10-16,106.0,0.0,0.0,109.0,105.0,105.0,-1.0,148100.0,15626300.0,81.0,70.0,107.0,500.0,105.0,81000.0,1250014345.0,250014345.0,250002737.0,0.0,0.0,,0.0,0.0,0.0
2023-10-17,105.0,0.0,0.0,108.0,104.0,107.0,2.0,167900.0,17801600.0,60.0,71.3,108.0,1400.0,106.0,1700.0,1250014425.0,250014425.0,250002737.0,0.0,0.0,,60.0,60.0,1.0
2023-10-18,107.0,0.0,0.0,110.0,104.0,107.0,0.0,266500.0,28473400.0,98.0,71.3,109.0,2200.0,107.0,329800.0,1250014425.0,250014425.0,250002737.0,0.0,0.0,,0.0,0.0,0.0
2023-10-19,107.0,0.0,0.0,114.0,107.0,108.0,1.0,1852400.0,205076200.0,247.0,72.0,108.0,84200.0,107.0,142100.0,1250014505.0,250014505.0,250002737.0,0.0,0.0,,0.0,0.0,0.0
2023-10-20,108.0,0.0,0.0,119.0,106.0,112.0,4.0,3502000.0,390125400.0,304.0,74.7,112.0,500.0,111.0,44000.0,1250014533.0,250014533.0,250002737.0,0.0,0.0,,0.0,0.0,0.0
2023-10-23,112.0,0.0,0.0,114.0,108.0,108.0,-4.0,524800.0,56927000.0,63.0,72.0,111.0,23600.0,108.0,60700.0,1250014633.0,250014633.0,250002737.0,0.0,0.0,,0.0,0.0,0.0
2023-10-24,108.0,0.0,0.0,112.0,107.0,108.0,0.0,1855000.0,201989100.0,178.0,72.0,110.0,14400.0,108.0,200400.0,1250014633.0,250014633.0,250002737.0,0.0,0.0,,0.0,0.0,0.0
2023-10-25,108.0,0.0,0.0,111.0,108.0,108.0,0.0,124400.0,13605200.0,57.0,72.0,109.0,10200.0,108.0,275300.0,1250014633.0,250014633.0,250002737.0,0.0,0.0,,0.0,0.0,0.0
2023-10-26,108.0,0.0,0.0,110.0,107.0,108.0,0.0,158500.0,17130900.0,87.0,72.0,109.0,24800.0,108.0,59100.0,1250014713.0,250014713.0,250002737.0,0.0,0.0,,0.0,0.0,0.0
2023-10-27,108.0,0.0,0.0,110.0,106.0,108.0,0.0,225500.0,24187900.0,35.0,72.0,108.0,100.0,107.0,15500.0,1250014753.0,250014753.0,250002737.0,0.0,0.0,,0.0,0.0,0.0
2023-10-30,108.0,0.0,0.0,110.0,107.0,109.0,1.0,66900.0,7166800.0,46.0,72.7,109.0,19100.0,108.0,100.0,1250014753.0,250014753.0,250002737.0,0.0,0.0,,0.0,0.0,0.0
2023-10-31,109.0,0.0,0.0,110.0,105.0,106.0,-3.0,203800.0,21458800.0,131.0,70.7,110.0,10400.0,106.0,600.0,1250014753.0,250014753.0,250002737.0,0.0,0.0,,0.0,0.0,0.0
2023-11-01,106.0,0.0,0.0,110.0,106.0,106.0,0.0,19900.0,2119200.0,95.0,70.7,106.0,7600.0,105.0,17000.0,1250014813.0,250014813.0,250002737.0,0.0,0.0,,0.0,0.0,0.0
2023-11-02,106.0,0.0,0.0,119.0,106.0,108.0,2.0,161700.0,17972500.0,107.0,72.0,108.0,5700.0,107.0,9500.0,1250014813.0,250014813.0,250002737.0,0.0,0.0,,0.0,0.0,0.0
2023-11-03,108.0,0.0,0.0,116.0,106.0,109.0,1.0,63200.0,6767800.0,52.0,72.7,109.0,5400.0,106.0,17700.0,1250014813.0,250014813.0,250002737.0,0.0,0.0,,0.0,0.0,0.0
2023-11-06,109.0,0.0,0.0,110.0,107.0,109.0,0.0,81400.0,8729600.0,23.0,72.7,109.0,24600.0,107.0,57200.0,1250014933.0,250014933.0,250002737.0,0.0,0.0,,0.0,0.0,0.0
2023-11-07,109.0,0.0,0.0,109.0,105.0,105.0,-4.0,43000.0,4542800.0,94.0,70.0,106.0,224000.0,105.0,101900.0,1250014933.0,250014933.0,250002737.0,0.0,0.0,,0.0,0.0,0.0
2023-11-08,105.0,0.0,0.0,106.0,104.0,105.0,0.0,120900.0,12680100.0,100.0,70.0,105.0,1309300.0,104.0,112900.0,1250014973.0,250014973.0,250002737.0,0.0,0.0,,0.0,0.0,0.0
2023-11-09,105.0,0.0,0.0,107.0,103.0,106.0,1.0,98600.0,10265500.0,22.0,70.7,106.0,9300.0,105.0,1800.0,1250015193.0,250015193.0,250002737.0,0.0,0.0,,0.0,0.0,0.0
2023-11-10,106.0,0.0,0.0,105.0,104.0,104.0,-2.0,29200.0,3055000.0,17.0,69.3,105.0,7000.0,104.0,4700.0,1250015253.0,250015253.0,250002737.0,0.0,0.0,,0.0,0.0,0.0
2023-11-13,104.0,0.0,0.0,108.0,101.0,103.0,-1.0,240300.0,24694900.0,79.0,68.7,103.0,13000.0,101.0,93700.0,1250015333.0,250015333.0,250002737.0,0.0,0.0,,0.0,0.0,0.0
2023-11-14,103.0,0.0,0.0,103.0,102.0,103.0,0.0,24400.0,2499600.0,19.0,68.7,104.0,21700.0,103.0,2000.0,1250015333.0,250015333.0,250002737.0,0.0,0.0,,1309300.0,137476500.0,1.0
2023-11-15,103.0,0.0,0.0,106.0,103.0,105.0,2.0,142600.0,14925900.0,33.0,70.0,105.0,100.0,103.0,31000.0,1250015333.0,250015333.0,250002737.0,0.0,0.0,,0.0,0.0,0.0
2023-11-16,105.0,0.0,0.0,108.0,103.0,103.0,-2.0,115900.0,12108000.0,23.0,68.7,105.0,9500.0,103.0,20400.0,1250015333.0,250015333.0,250002737.0,0.0,0.0,,0.0,0.0,0.0
2023-11-17,103.0,0.0,0.0,105.0,103.0,104.0,1.0,29700.0,3079800.0,14.0,69.3,104.0,4900.0,103.0,50100.0,1250015333.0,250015333.0,250002737.0,0.0,0.0,,0.0,0.0,0.0
2023-11-20,104.0,0.0,0.0,107.0,102.0,106.0,2.0,44300.0,4584000.0,25.0,70.7,106.0,17300.0,102.0,39800.0,1250015333.0,250015333.0,250002737.0,0.0,0.0,,0.0,0.0,0.0
2023-11-21,106.0,0.0,0.0,108.0,102.0,103.0,-3.0,118400.0,12208800.0,42.0,68.7,105.0,8700.0,103.0,18900.0,1250015333.0,250015333.0,250002737.0,0.0,0.0,,0.0,0.0,0.0
2023-11-22,103.0,0.0,0.0,108.0,103.0,103.0,0.0,99000.0,10422200.0,130.0,68.7,104.0,500.0,103.0,15300.0,1250015333.0,250015333.0,250002737.0,0.0,0.0,,0.0,0.0,0.0
2023-11-23,103.0,0.0,0.0,108.0,103.0,103.0,0.0,128400.0,13289500.0,84.0,68.7,105.0,55900.0,103.0,25500.0,1250015373.0,250015373.0,250002737.0,0.0,0.0,,0.0,0.0,0.0
2023-11-24,103.0,0.0,0.0,106.0,98.0,98.0,-5.0,321900.0,32743500.0,164.0,65.3,102.0,1100.0,98.0,91100.0,1250015373.0,250015373.0,250002737.0,0.0,0.0,,0.0,0.0,0.0
2023-11-27,98.0,0.0,0.0,106.0,97.0,98.0,0.0,584200.0,57363900.0,150.0,65.3,100.0,11700.0,98.0,8500.0,1250015373.0,250015373.0,250002737.0,0.0,0.0,,0.0,0.0,0.0
2023-11-28,98.0,0.0,0.0,105.0,96.0,99.0,1.0,166800.0,16741800.0,94.0,66.0,100.0,16500.0,99.0,700.0,1250015453.0,250015453.0,250002737.0,0.0,0.0,,0.0,0.0,0.0
2023-11-29,99.0,0.0,0.0,103.0,99.0,99.0,0.0,53300.0,5332800.0,17.0,66.0,100.0,7900.0,99.0,500.0,1250015513.0,250015513.0,250002737.0,0.0,0.0,,0.0,0.0,0.0
2023-11-30,99.0,0.0,0.0,101.0,98.0,100.0,1.0,29600.0,2930400.0,22.0,66.7,100.0,11500.0,98.0,14600.0,1250015513.0,250015513.0,250002737.0,0.0,0.0,,0.0,0.0,0.0
2023-12-01,100.0,0.0,0.0,105.0,99.0,99.0,-1.0,19500.0,1950400.0,24.0,66.0,102.0,700.0,99.0,13500.0,1250015513.0,250015513.0,250002737.0,0.0,0.0,,0.0,0.0,0.0
2023-12-04,99.0,0.0,0.0,104.0,96.0,98.0,-1.0,85800.0,8342400.0,39.0,65.3,99.0,24200.0,98.0,101100.0,1250015514.0,250015514.0,250002737.0,11500.0,0.0,,0.0,0.0,0.0
2023-12-05,98.0,0.0,0.0,102.0,97.0,97.0,-1.0,62100.0,6067100.0,40.0,64.7,98.0,3400.0,97.0,4100.0,1250015594.0,250015594.0,250002737.0,0.0,0.0,,0.0,0.0,0.0
2023-12-06,97.0,0.0,0.0,100.0,97.0,99.0,2.0,18800.0,1869800.0,22.0,66.0,99.0,25500.0,97.0,1500.0,1250015694.0,250015694.0,250002737.0,0.0,0.0,,0.0,0.0,0.0
2023-12-07,99.0,0.0,0.0,105.0,96.0,96.0,-3.0,12500.0,1224300.0,18.0,64.0,98.0,20000.0,96.0,55200.0,1250015694.0,250015694.0,250002737.0,0.0,0.0,,0.0,0.0,0.0
2023-12-08,96.0,0.0,0.0,103.0,94.0,97.0,1.0,213900.0,20907300.0,32.0,64.7,99.0,21900.0,97.0,29300.0,1250015734.0,250015734.0,250002737.0,0.0,0.0,,0.0,0.0,0.0
2023-12-11,97.0,0.0,0.0,99.0,97.0,98.0,1.0,123000.0,12038200.0,31.0,65.3,99.0,4000.0,98.0,119200.0,1250015754.0,250015754.0,250002737.0,0.0,0.0,,0.0,0.0,0.0
2023-12-12,98.0,0.0,0.0,99.0,97.0,98.0,0.0,49900.0,4873700.0,13.0,65.3,98.0,600.0,97.0,86300.0,1250015872.0,250015872.0,250002737.0,0.0,0.0,,0.0,0.0,0.0
2023-12-13,98.0,0.0,0.0,104.0,98.0,102.0,4.0,693900.0,70642300.0,78.0,68.0,103.0,55400.0,102.0,943700.0,1250015872.0,250015872.0,250002737.0,0.0,0.0,,0.0,0.0,0.0
2023-12-14,102.0,0.0,0.0,122.0,101.0,102.0,0.0,3651100.0,401597200.0,610.0,68.0,104.0,2000.0,102.0,15300.0,1250015892.0,250015892.0,250002737.0,626100.0,626100.0,,0.0,0.0,0.0
2023-12-15,102.0,0.0,0.0,110.0,100.0,108.0,6.0,887800.0,95065000.0,182.0,72.0,109.0,49100.0,108.0,1415100.0,1250015892.0,250015892.0,250002737.0,0.0,0.0,,0.0,0.0,0.0
2023-12-18,108.0,0.0,0.0,115.0,108.0,112.0,4.0,772400.0,86625300.0,135.0,74.7,113.0,34400.0,112.0,447600.0,1250015952.0,250015952.0,250002737.0,0.0,0.0,,2500000.0,300000000.0,1.0
2023-12-19,112.0,0.0,0.0,116.0,112.0,115.0,3.0,353400.0,40674500.0,72.0,76.7,116.0,266500.0,115.0,973600.0,1250016012.0,250016012.0,250002737.0,3900.0,0.0,,0.0,0.0,0.0
2023-12-20,115.0,0.0,0.0,116.0,103.0,115.0,0.0,969200.0,109624000.0,125.0,76.7,116.0,74000.0,115.0,856000.0,1250016012.0,250016012.0,250002737.0,0.0,0.0,,0.0,0.0,0.0
2023-12-21,115.0,0.0,0.0,118.0,107.0,115.0,0.0,1955500.0,222556000.0,92.0,76.7,116.0,34500.0,115.0,1858400.0,1250016032.0,250016032.0,250002737.0,0.0,0.0,,0.0,0.0,0.0
2023-12-22,115.0,0.0,0.0,116.0,112.0,116.0,1.0,78600.0,9021200.0,29.0,77.3,116.0,81400.0,115.0,1258400.0,1250016035.0,250016035.0,250002737.0,0.0,0.0,,0.0,0.0,0.0
2023-12-27,116.0,0.0,0.0,117.0,113.0,117.0,1.0,291900.0,34107300.0,31.0,78.0,118.0,90300.0,117.0,411800.0,1250016135.0,250016135.0,250002737.0,0.0,0.0,,0.0,0.0,0.0
2023-12-28,117.0,0.0,0.0,118.0,112.0,116.0,-1.0,1067000.0,124197700.0,32.0,77.3,116.0,36600.0,114.0,100.0,1250016175.0,250016175.0,250002737.0,0.0,0.0,,0.0,0.0,0.0
2023-12-29,116.0,0.0,0.0,117.0,113.0,116.0,0.0,104100.0,12025500.0,21.0,77.3,116.0,59900.0,113.0,100.0,1250016195.0,250016195.0,250002737.0,0.0,0.0,,0.0,0.0,0.0
2024-01-02,116.0,0.0,0.0,116.0,116.0,116.0,0.0,200.0,23200.0,2.0,77.3,116.0,2400.0,112.0,2100.0,1250016195.0,250016195.0,250003202.0,0.0,0.0,,0.0,0.0,0.0
2024-01-03,116.0,0.0,0.0,116.0,116.0,116.0,0.0,4900.0,568400.0,2.0,77.3,116.0,75100.0,113.0,2100.0,1250016295.0,250016295.0,250003202.0,0.0,0.0,,0.0,0.0,0.0
2024-01-04,116.0,0.0,0.0,117.0,115.0,115.0,-1.0,5400.0,630600.0,5.0,76.7,116.0,91700.0,115.0,5700.0,1250016295.0,250016295.0,250003202.0,0.0,0.0,,0.0,0.0,0.0
2024-01-05,115.0,0.0,0.0,115.0,110.0,112.0,-3.0,22900.0,2558100.0,25.0,74.7,112.0,700.0,110.0,12600.0,1250016355.0,250016355.0,250003202.0,0.0,0.0,,0.0,0.0,0.0
2024-01-08,112.0,0.0,0.0,117.0,110.0,111.0,-1.0,48100.0,5594600.0,29.0,74.0,114.0,6800.0,111.0,600.0,1250016355.0,250016355.0,250003202.0,0.0,0.0,,0.0,0.0,0.0
2024-01-09,111.0,0.0,0.0,114.0,111.0,112.0,1.0,245800.0,27414300.0,98.0,74.7,113.0,400.0,111.0,9500.0,1250016355.0,250016355.0,250003202.0,0.0,0.0,,0.0,0.0,0.0
2024-01-10,112.0,0.0,0.0,113.0,110.0,110.0,-2.0,14500.0,1599900.0,20.0,73.3,112.0,110600.0,110.0,4100.0,1250016355.0,250016355.0,250003202.0,0.0,0.0,,0.0,0.0,0.0
2024-01-11,110.0,0.0,0.0,116.0,110.0,115.0,5.0,81600.0,9291300.0,38.0,76.7,114.0,1500.0,111.0,30400.0,1250016355.0,250016355.0,250003202.0,0.0,0.0,,0.0,0.0,0.0
2024-01-12,115.0,0.0,0.0,115.0,111.0,113.0,-2.0,24200.0,2731400.0,15.0,75.3,114.0,100.0,113.0,14500.0,1250016375.0,250016375.0,250003202.0,0.0,0.0,,0.0,0.0,0.0
2024-01-15,113.0,0.0,0.0,111.0,109.0,110.0,-3.0,50700.0,5578000.0,22.0,73.3,110.0,6500.0,109.0,4300.0,1250016997.0,250016997.0,250003202.0,0.0,0.0,,0.0,0.0,0.0
2024-01-16,110.0,0.0,0.0,115.0,108.0,115.0,5.0,28400.0,3208600.0,12.0,76.7,114.0,100.0,110.0,9800.0,1250017017.0,250017017.0,250003202.0,0.0,0.0,,0.0,0.0,0.0
2024-01-17,115.0,0.0,0.0,115.0,113.0,113.0,-2.0,900.0,102700.0,5.0,75.3,114.0,300.0,113.0,100.0,1250017017.0,250017017.0,250003202.0,0.0,0.0,,0.0,0.0,0.0
2024-01-18,113.0,0.0,0.0,115.0,111.0,111.0,-2.0,16600.0,1866200.0,20.0,74.0,114.0,12800.0,110.0,400.0,1250017057.0,250017057.0,250003202.0,0.0,0.0,,0.0,0.0,0.0
2024-01-19,111.0,0.0,0.0,111.0,109.0,110.0,-1.0,85800.0,9429200.0,17.0,73.3,110.0,337900.0,109.0,7200.0,1250017057.0,250017057.0,250003202.0,0.0,0.0,,0.0,0.0,0.0
2024-01-22,110.0,0.0,0.0,119.0,108.0,109.0,-1.0,56100.0,6065800.0,17.0,72.7,109.0,1000.0,108.0,1200.0,1250017057.0,250017057.0,250003202.0,0.0,0.0,,0.0,0.0,0.0
2024-01-23,109.0,0.0,0.0,113.0,108.0,111.0,2.0,23700.0,2590900.0,23.0,74.0,111.0,1700.0,108.0,2400.0,1250017057.0,250017057.0,250003202.0,0.0,0.0,,0.0,0.0,0.0
2024-01-24,111.0,0.0,0.0,111.0,108.0,110.0,-1.0,12200.0,1322100.0,10.0,73.3,110.0,600.0,108.0,900.0,1250017097.0,250017097.0,250003202.0,0.0,0.0,,0.0,0.0,0.0
2024-01-25,110.0,0.0,0.0,111.0,101.0,108.0,-2.0,28300.0,3019900.0,33.0,72.0,111.0,1000.0,108.0,900.0,1250017097.0,250017097.0,250003202.0,0.0,0.0,,0.0,0.0,0.0
2024-01-26,108.0,0.0,0.0,110.0,107.0,110.0,2.0,6100.0,663700.0,13.0,73.3,110.0,2200.0,108.0,100.0,1250017097.0,250017097.0,250003202.0,0.0,0.0,,0.0,0.0,0.0
2024-01-29,110.0,0.0,0.0,110.0,110.0,110.0,0.0,100.0,11000.0,1.0,73.3,110.0,2700.0,107.0,100.0,1250017097.0,250017097.0,250003202.0,0.0,0.0,,0.0,0.0,0.0
2024-01-30,110.0,0.0,0.0,111.0,101.0,110.0,0.0,1400.0,152700.0,7.0,73.3,110.0,19600.0,107.0,1100.0,1250017097.0,250017097.0,250003202.0,0.0,0.0,,0.0,0.0,0.0
2024-01-31,110.0,0.0,0.0,111.0,103.0,103.0,-7.0,1700.0,182100.0,9.0,68.7,107.0,100.0,103.0,2000.0,1250017097.0,250017097.0,250003202.0,0.0,0.0,,0.0,0.0,0.0
2024-02-01,103.0,0.0,0.0,114.0,104.0,108.0,5.0,84000.0,9114300.0,65.0,72.0,109.0,49000.0,104.0,3000.0,1250017277.0,250017277.0,250003202.0,0.0,0.0,,0.0,0.0,0.0
2024-02-02,108.0,0.0,0.0,111.0,104.0,104.0,-4.0,13900.0,1455300.0,18.0,69.3,108.0,400.0,104.0,15800.0,1250017277.0,250017277.0,250003202.0,0.0,0.0,,0.0,0.0,0.0
2024-02-05,104.0,0.0,0.0,111.0,103.0,104.0,0.0,220200.0,22901400.0,29.0,69.3,104.0,200.0,103.0,10200.0,1250017297.0,250017297.0,250003202.0,0.0,0.0,,0.0,0.0,0.0
2024-02-06,104.0,0.0,0.0,110.0,104.0,104.0,0.0,65700.0,6861700.0,26.0,69.3,108.0,2000.0,104.0,8000.0,1250017297.0,250017297.0,250003202.0,0.0,0.0,,0.0,0.0,0.0
2024-02-07,104.0,0.0,0.0,108.0,104.0,107.0,3.0,4000.0,424800.0,10.0,71.3,107.0,54000.0,104.0,15100.0,1250017297.0,250017297.0,250003202.0,0.0,0.0,,0.0,0.0,0.0
2024-02-12,107.0,0.0,0.0,116.0,103.0,107.0,0.0,112300.0,11955100.0,27.0,71.3,107.0,8200.0,103.0,22700.0,1250017297.0,250017297.0,250003202.0,0.0,0.0,,0.0,0.0,0.0
2024-02-13,107.0,0.0,0.0,115.0,100.0,102.0,-5.0,20100.0,2151700.0,31.0,68.0,106.0,5400.0,102.0,22300.0,1250017377.0,250017377.0,250003202.0,0.0,0.0,,0.0,0.0,0.0
2024-02-15,102.0,0.0,0.0,112.0,101.0,102.0,0.0,98200.0,10011000.0,26.0,68.0,103.0,100.0,102.0,13100.0,1250017377.0,250017377.0,250003202.0,0.0,0.0,,0.0,0.0,0.0
2024-02-16,102.0,0.0,0.0,105.0,99.0,103.0,1.0,317000.0,31652800.0,28.0,68.7,103.0,1800.0,100.0,6600.0,1250017397.0,250017397.0,250003202.0,0.0,0.0,,0.0,0.0,0.0
2024-02-19,103.0,0.0,0.0,105.0,99.0,102.0,-1.0,59200.0,5940700.0,25.0,68.0,102.0,600.0,100.0,1600.0,1250017397.0,250017397.0,250003202.0,0.0,0.0,,0.0,0.0,0.0
2024-02-20,102.0,0.0,0.0,105.0,101.0,101.0,-1.0,4900.0,496000.0,9.0,67.3,101.0,9500.0,100.0,3200.0,1250017397.0,250017397.0,250003202.0,0.0,0.0,,0.0,0.0,0.0
2024-02-21,101.0,0.0,0.0,105.0,99.0,103.0,2.0,1900.0,194700.0,10.0,68.7,103.0,6300.0,101.0,3500.0,1250017457.0,250017457.0,250003202.0,0.0,0.0,,0.0,0.0,0.0
2024-02-22,103.0,0.0,0.0,111.0,98.0,101.0,-2.0,5800.0,586500.0,11.0,67.3,103.0,1500.0,100.0,13300.0,1250017537.0,250017537.0,250003202.0,0.0,0.0,,0.0,0.0,0.0
2024-02-23,101.0,0.0,0.0,110.0,100.0,103.0,2.0,9300.0,932400.0,10.0,68.7,102.0,800.0,99.0,20000.0,1250017537.0,250017537.0,250003202.0,0.0,0.0,,0.0,0.0,0.0
2024-02-26,103.0,0.0,0.0,112.0,100.0,107.0,4.0,4737900.0,478989100.0,64.0,71.3,108.0,3800.0,107.0,1781800.0,1250017537.0,250017537.0,250003202.0,0.0,0.0,,0.0,0.0,0.0
2024-02-27,107.0,0.0,0.0,107.0,101.0,103.0,-4.0,120100.0,12287600.0,45.0,68.7,103.0,14600.0,101.0,3800.0,1250017537.0,250017537.0,250003202.0,0.0,0.0,,0.0,0.0,0.0
2024-02-28,103.0,0.0,0.0,107.0,100.0,105.0,2.0,119200.0,12550800.0,26.0,70.0,105.0,6500.0,101.0,27500.0,1250017657.0,250017657.0,250003202.0,0.0,0.0,,0.0,0.0,0.0
2024-02-29,105.0,0.0,0.0,106.0,103.0,106.0,1.0,13000.0,1367000.0,8.0,70.7,105.0,17500.0,103.0,8000.0,1250017677.0,250017677.0,250003202.0,0.0,0.0,,7000000.0,700000000.0,1.0
2024-03-01,106.0,0.0,0.0,114.0,100.0,101.0,-5.0,79700.0,8085200.0,28.0,67.3,103.0,24400.0,101.0,10000.0,1250017677.0,250017677.0,250003202.0,0.0,0.0,,0.0,0.0,0.0
2024-03-04,101.0,0.0,0.0,111.0,101.0,103.0,2.0,30500.0,3116300.0,20.0,68.7,103.0,54000.0,102.0,74800.0,1250017717.0,250017717.0,250003202.0,0.0,0.0,,2200000.0,220000000.0,1.0
2024-03-05,103.0,0.0,0.0,105.0,101.0,103.0,0.0,42700.0,4318200.0,12.0,68.7,103.0,11500.0,101.0,9600.0,1250017717.0,250017717.0,250003202.0,0.0,0.0,,0.0,0.0,0.0
2024-03-06,103.0,0.0,0.0,112.0,101.0,103.0,0.0,21400.0,2204100.0,12.0,68.7,103.0,13600.0,102.0,74800.0,1250017721.0,250017721.0,250003202.0,0.0,0.0,,0.0,0.0,0.0
2024-03-07,103.0,0.0,0.0,104.0,101.0,103.0,0.0,11400.0,1153700.0,12.0,68.7,103.0,5600.0,101.0,1600.0,1250017721.0,250017721.0,250003202.0,0.0,0.0,,0.0,0.0,0.0
2024-03-08,103.0,0.0,0.0,111.0,101.0,103.0,0.0,16600.0,1714000.0,12.0,68.7,103.0,2700.0,101.0,86500.0,1250017841.0,250017841.0,250003202.0,0.0,0.0,,0.0,0.0,0.0
2024-03-13,103.0,0.0,0.0,112.0,101.0,101.0,-2.0,25800.0,2610900.0,19.0,67.3,103.0,2800.0,101.0,4600.0,1250017921.0,250017921.0,250003202.0,0.0,0.0,,0.0,0.0,0.0
2024-03-14,101.0,0.0,0.0,111.0,100.0,102.0,1.0,79900.0,8129100.0,47.0,68.0,102.0,1600.0,100.0,7400.0,1250017941.0,250017941.0,250003202.0,0.0,0.0,,0.0,0.0,0.0
2024-03-15,102.0,0.0,0.0,104.0,101.0,103.0,1.0,51200.0,5255800.0,19.0,68.7,103.0,17300.0,102.0,44600.0,1250018001.0,250018001.0,250003202.0,0.0,0.0,,0.0,0.0,0.0
2024-03-18,103.0,0.0,0.0,112.0,102.0,104.0,1.0,13000.0,1335500.0,16.0,69.3,104.0,24500.0,102.0,37000.0,1250018001.0,250018001.0,250003202.0,0.0,0.0,,0.0,0.0,0.0
2024-03-19,104.0,0.0,0.0,104.0,102.0,104.0,0.0,22800.0,2345900.0,9.0,69.3,104.0,20400.0,102.0,63200.0,1250018001.0,250018001.0,250003202.0,0.0,0.0,,0.0,0.0,0.0
2024-03-20,104.0,0.0,0.0,113.0,102.0,102.0,-2.0,63600.0,6513000.0,15.0,68.0,103.0,89000.0,102.0,3300.0,1250018101.0,250018101.0,250003202.0,0.0,0.0,,0.0,0.0,0.0
2024-03-21,102.0,0.0,0.0,103.0,100.0,102.0,0.0,35500.0,3557300.0,10.0,68.0,103.0,30500.0,102.0,2800.0,1250018116.0,250018116.0,250003202.0,0.0,0.0,,0.0,0.0,0.0
2024-03-22,102.0,0.0,0.0,112.0,101.0,104.0,2.0,463900.0,50687700.0,66.0,69.3,107.0,100.0,104.0,70600.0,1250018156.0,250018156.0,250003202.0,0.0,0.0,,0.0,0.0,0.0
2024-03-25,104.0,0.0,0.0,114.0,104.0,104.0,0.0,110800.0,11833500.0,42.0,69.3,107.0,3100.0,104.0,2900.0,1250018156.0,250018156.0,250003202.0,0.0,0.0,,0.0,0.0,0.0
2024-03-26,104.0,0.0,0.0,113.0,104.0,108.0,4.0,53400.0,5648400.0,28.0,72.0,108.0,12300.0,104.0,49100.0,1250018173.0,250018173.0,250003202.0,0.0,0.0,,0.0,0.0,0.0
2024-03-27,108.0,0.0,0.0,117.0,104.0,108.0,0.0,90500.0,9579800.0,39.0,72.0,108.0,6500.0,104.0,14200.0,1250018183.0,250018183.0,250003202.0,0.0,0.0,,0.0,0.0,0.0
2024-03-28,108.0,0.0,0.0,117.0,100.0,100.0,-8.0,36800.0,3783100.0,39.0,66.7,107.0,4900.0,100.0,150600.0,1250018183.0,250018183.0,250003202.0,0.0,0.0,,0.0,0.0,0.0
2024-04-01,100.0,0.0,0.0,109.0,99.0,99.0,-1.0,326300.0,32437500.0,52.0,66.0,102.0,11800.0,99.0,18900.0,1250018183.0,250018183.0,250003620.0,0.0,0.0,,0.0,0.0,0.0
2024-04-02,99.0,0.0,0.0,109.0,97.0,104.0,5.0,274800.0,28607400.0,35.0,69.3,103.0,200.0,100.0,8700.0,1250018184.0,250018184.0,250003620.0,0.0,0.0,,0.0,0.0,0.0
2024-04-03,104.0,0.0,0.0,124.0,99.0,99.0,-5.0,15925800.0,1827867800.0,4968.0,66.0,101.0,66600.0,99.0,716000.0,1250018224.0,250018224.0,250003620.0,0.0,0.0,,0.0,0.0,0.0
2024-04-04,99.0,0.0,0.0,125.0,99.0,105.0,6.0,58373200.0,6722943700.0,21929.0,70.0,105.0,172500.0,104.0,145000.0,1250018264.0,250018264.0,250003620.0,70000.0,30000.0,,0.0,0.0,0.0
2024-04-05,105.0,0.0,0.0,106.0,100.0,100.0,-5.0,3079000.0,313569900.0,538.0,66.7,101.0,235600.0,100.0,388400.0,1250018264.0,250018264.0,250003620.0,0.0,50000.0,,0.0,0.0,0.0
2024-04-16,100.0,0.0,0.0,102.0,90.0,96.0,-4.0,1573900.0,153814100.0,215.0,64.0,97.0,17400.0,96.0,31900.0,1250018264.0,250018264.0,250003620.0,0.0,0.0,,0.0,0.0,0.0
2024-04-17,96.0,0.0,0.0,98.0,87.0,95.0,-1.0,923300.0,87983800.0,235.0,63.3,97.0,19900.0,95.0,105000.0,1250018264.0,250018264.0,250003620.0,0.0,0.0,,0.0,0.0,0.0
2024-04-18,95.0,0.0,0.0,97.0,88.0,94.0,-1.0,677700.0,63952200.0,139.0,62.7,95.0,102400.0,94.0,145700.0,1250018324.0,250018324.0,250003620.0,0.0,0.0,,0.0,0.0,0.0
2024-04-19,94.0,0.0,0.0,98.0,86.0,89.0,-5.0,2816000.0,251696200.0,227.0,59.3,90.0,4500.0,89.0,207400.0,1250018564.0,250018564.0,250003620.0,0.0,0.0,,0.0,0.0,0.0
2024-04-22,89.0,0.0,0.0,93.0,81.0,89.0,0.0,307800.0,27419200.0,151.0,59.3,90.0,6700.0,88.0,132500.0,1250018564.0,250018564.0,250003620.0,0.0,0.0,,21000000.0,2100000000.0,1.0
2024-04-23,89.0,0.0,0.0,90.0,81.0,87.0,-2.0,969700.0,84368700.0,149.0,58.0,88.0,2500.0,87.0,142700.0,1250018564.0,250018564.0,250003620.0,0.0,0.0,,0.0,0.0,0.0
2024-04-24,87.0,0.0,0.0,90.0,80.0,87.0,0.0,480300.0,42104800.0,160.0,58.0,88.0,50400.0,87.0,47900.0,1250018584.0,250018584.0,250003620.0,0.0,0.0,,0.0,0.0,0.0
2024-04-25,87.0,0.0,0.0,90.0,80.0,90.0,3.0,793100.0,68972300.0,70.0,60.0,90.0,13600.0,87.0,3700.0,1250018584.0,250018584.0,250003620.0,0.0,0.0,,0.0,0.0,0.0
2024-04-26,90.0,0.0,0.0,99.0,90.0,95.0,5.0,8385400.0,806290500.0,445.0,63.3,97.0,8800.0,95.0,3514200.0,1250018584.0,250018584.0,250003620.0,0.0,0.0,,0.0,0.0,0.0
2024-04-29,95.0,0.0,0.0,98.0,95.0,96.0,1.0,188900.0,17964300.0,48.0,64.0,97.0,2400.0,96.0,12100.0,1250018584.0,250018584.0,250003620.0,0.0,0.0,,0.0,0.0,0.0
2024-04-30,96.0,0.0,0.0,96.0,88.0,95.0,-1.0,199900.0,19062100.0,36.0,63.3,96.0,29700.0,95.0,35600.0,1250018624.0,250018624.0,250003620.0,0.0,50000.0,,0.0,0.0,0.0
2024-05-02,95.0,0.0,0.0,96.0,88.0,96.0,1.0,115900.0,11029600.0,36.0,64.0,96.0,34700.0,95.0,152700.0,1250018624.0,250018624.0,250003620.0,0.0,0.0,,1000000.0,95000000.0,1.0
2024-05-03,96.0,0.0,0.0,98.0,89.0,96.0,0.0,297900.0,28048900.0,42.0,64.0,96.0,97500.0,93.0,2800.0,1250018624.0,250018624.0,250003620.0,0.0,0.0,,0.0,0.0,0.0
2024-05-06,96.0,0.0,0.0,97.0,89.0,97.0,1.0,122000.0,11743500.0,47.0,64.7,97.0,26700.0,96.0,25900.0,1250018684.0,250018684.0,250003620.0,0.0,0.0,,0.0,0.0,0.0
2024-05-07,97.0,0.0,0.0,101.0,90.0,101.0,4.0,1969000.0,195974300.0,275.0,67.3,101.0,77100.0,100.0,10000.0,1250018684.0,250018684.0,250003620.0,0.0,0.0,,0.0,0.0,0.0
2024-05-08,101.0,0.0,0.0,104.0,93.0,101.0,0.0,1381500.0,139169200.0,166.0,67.3,102.0,72800.0,101.0,735800.0,1250018705.0,250018705.0,250003620.0,0.0,0.0,,0.0,0.0,0.0
2024-05-13,101.0,0.0,0.0,102.0,94.0,101.0,0.0,418500.0,42330600.0,49.0,67.3,102.0,130900.0,101.0,1240200.0,1250018705.0,250018705.0,250003620.0,0.0,0.0,,0.0,0.0,0.0
2024-05-14,101.0,0.0,0.0,106.0,94.0,106.0,5.0,1499600.0,156535900.0,133.0,70.7,106.0,304000.0,105.0,446600.0,1250018745.0,250018745.0,250003620.0,0.0,0.0,,0.0,0.0,0.0
2024-05-15,106.0,0.0,0.0,109.0,103.0,107.0,1.0,370500.0,39934600.0,107.0,71.3,108.0,15300.0,107.0,11600.0,1250018755.0,250018755.0,250003620.0,0.0,0.0,,0.0,0.0,0.0
2024-05-16,107.0,0.0,0.0,108.0,106.0,108.0,1.0,658500.0,70565800.0,58.0,72.0,109.0,99700.0,108.0,868700.0,1250018755.0,250018755.0,250003620.0,0.0,0.0,,0.0,0.0,0.0
2024-05-17,108.0,0.0,0.0,113.0,104.0,110.0,2.0,1185500.0,130434400.0,115.0,73.3,112.0,30700.0,110.0,615700.0,1250018755.0,250018755.0,250003620.0,0.0,0.0,,0.0,0.0,0.0
2024-05-20,110.0,0.0,0.0,110.0,107.0,107.0,-3.0,65300.0,7067700.0,31.0,71.3,108.0,900.0,107.0,188200.0,1250018755.0,250018755.0,250003620.0,0.0,0.0,,0.0,0.0,0.0
2024-05-21,107.0,0.0,0.0,110.0,105.0,108.0,1.0,385700.0,41606300.0,46.0,72.0,109.0,66900.0,108.0,12400.0,1250018775.0,250018775.0,250003620.0,48100.0,0.0,,0.0,0.0,0.0
2024-05-22,108.0,0.0,0.0,114.0,107.0,112.0,4.0,481000.0,53198800.0,62.0,74.7,112.0,49200.0,111.0,1760000.0,1250018775.0,250018775.0,250003620.0,0.0,0.0,,0.0,0.0,0.0
2024-05-27,112.0,0.0,0.0,112.0,107.0,107.0,-5.0,326600.0,35110800.0,32.0,71.3,109.0,11000.0,107.0,88200.0,1250018775.0,250018775.0,250003620.0,0.0,0.0,,0.0,0.0,0.0
2024-05-28,107.0,0.0,0.0,112.0,105.0,110.0,3.0,331500.0,36289000.0,44.0,73.3,111.0,12300.0,110.0,663300.0,1250018775.0,250018775.0,250003620.0,0.0,0.0,,0.0,0.0,0.0
2024-05-29,110.0,0.0,0.0,119.0,108.0,112.0,2.0,752200.0,87257100.0,142.0,74.7,111.0,7800.0,108.0,341900.0,1250018775.0,250018775.0,250003620.0,0.0,0.0,,0.0,0.0,0.0
2024-05-30,112.0,0.0,0.0,112.0,108.0,110.0,-2.0,119300.0,13138300.0,20.0,73.3,111.0,52200.0,110.0,204200.0,1250018775.0,250018775.0,250003620.0,0.0,0.0,,0.0,0.0,0.0
2024-05-31,110.0,0.0,0.0,112.0,108.0,111.0,1.0,785300.0,85776100.0,39.0,74.0,111.0,67000.0,110.0,896600.0,1250018795.0,250018795.0,250003620.0,156600.0,0.0,,0.0,0.0,0.0
2024-06-03,111.0,0.0,0.0,112.0,108.0,109.0,-2.0,28700.0,3115000.0,20.0,72.7,111.0,4000.0,109.0,302200.0,1250018795.0,250018795.0,250003620.0,0.0,0.0,,0.0,0.0,0.0
2024-06-04,109.0,0.0,0.0,111.0,103.0,110.0,1.0,380700.0,41824300.0,32.0,73.3,111.0,20000.0,110.0,318400.0,1250018795.0,250018795.0,250003620.0,0.0,0.0,,0.0,0.0,0.0
2024-06-05,110.0,0.0,0.0,112.0,110.0,110.0,0.0,206800.0,22751600.0,15.0,73.3,112.0,34100.0,110.0,877900.0,1250018795.0,250018795.0,250003620.0,0.0,0.0,,0.0,0.0,0.0
2024-06-06,110.0,0.0,0.0,115.0,110.0,112.0,2.0,393700.0,43666700.0,30.0,74.7,112.0,10600.0,110.0,149000.0,1250018835.0,250018835.0,250003620.0,0.0,0.0,,0.0,0.0,0.0
2024-06-07,112.0,0.0,0.0,114.0,109.0,112.0,0.0,82400.0,9075000.0,15.0,74.7,112.0,32400.0,109.0,1034600.0,1250018835.0,250018835.0,250003620.0,50000.0,0.0,,0.0,0.0,0.0
2024-06-10,112.0,0.0,0.0,112.0,108.0,112.0,0.0,209500.0,22973000.0,15.0,74.7,112.0,142000.0,110.0,114300.0,1250018835.0,250018835.0,250003620.0,0.0,0.0,,0.0,0.0,0.0
2024-06-11,112.0,0.0,0.0,111.0,109.0,111.0,-1.0,99800.0,10879600.0,10.0,74.0,111.0,9300.0,109.0,88500.0,1250018835.0,250018835.0,250003620.0,0.0,0.0,,0.0,0.0,0.0
2024-06-12,111.0,0.0,0.0,112.0,107.0,111.0,0.0,48200.0,5196800.0,10.0,74.0,111.0,8200.0,108.0,500.0,1250018835.0,250018835.0,250003620.0,0.0,0.0,,0.0,0.0,0.0
2024-06-13,111.0,0.0,0.0,111.0,109.0,111.0,0.0,2700.0,296700.0,6.0,74.0,111.0,20000.0,109.0,5100.0,1250018835.0,250018835.0,250003620.0,0.0,0.0,,0.0,0.0,0.0
2024-06-14,111.0,0.0,0.0,112.0,109.0,112.0,1.0,404600.0,45112300.0,35.0,74.7,113.0,45500.0,112.0,61500.0,1250018880.0,250018880.0,250003620.0,0.0,0.0,,0.0,0.0,0.0
2024-06-19,112.0,0.0,0.0,112.0,108.0,112.0,0.0,8500.0,950600.0,9.0,74.7,111.0,7000.0,109.0,7000.0,1250018880.0,250018880.0,250003620.0,0.0,0.0,,0.0,0.0,0.0
2024-06-20,112.0,0.0,0.0,112.0,107.0,112.0,0.0,2600.0,284300.0,6.0,74.7,112.0,3100.0,108.0,2200.0,1250018920.0,250018920.0,250003620.0,0.0,0.0,,0.0,0.0,0.0
2024-06-21,112.0,0.0,0.0,112.0,112.0,112.0,0.0,100.0,11200.0,1.0,74.7,111.0,2000.0,108.0,11600.0,1250018920.0,250018920.0,250003620.0,0.0,0.0,,0.0,0.0,0.0
2024-06-24,112.0,0.0,0.0,112.0,108.0,108.0,-4.0,9700.0,1053400.0,8.0,72.0,111.0,500.0,108.0,12800.0,1250018920.0,250018920.0,250003620.0,0.0,0.0,,0.0,0.0,0.0
2024-06-25,108.0,0.0,0.0,112.0,109.0,109.0,1.0,20100.0,2191200.0,3.0,72.7,111.0,8600.0,109.0,37100.0,1250018920.0,250018920.0,250003620.0,0.0,0.0,,0.0,0.0,0.0
2024-06-26,109.0,0.0,0.0,117.0,109.0,114.0,5.0,119100.0,13700800.0,29.0,76.0,114.0,38100.0,109.0,46700.0,1250018980.0,250018980.0,250003620.0,0.0,0.0,,0.0,0.0,0.0
2024-06-27,114.0,0.0,0.0,112.0,109.0,110.0,-4.0,4900.0,540400.0,11.0,73.3,112.0,10000.0,110.0,30200.0,1250018980.0,250018980.0,250003620.0,0.0,0.0,,0.0,0.0,0.0
2024-06-28,110.0,0.0,0.0,112.0,112.0,112.0,2.0,30400.0,3404800.0,3.0,74.7,113.0,30000.0,112.0,9600.0,1250018980.0,250018980.0,250003620.0,0.0,0.0,,0.0,0.0,0.0
2024-07-01,112.0,0.0,0.0,114.0,106.0,112.0,0.0,190400.0,21249800.0,34.0,74.7,114.0,35700.0,112.0,19100.0,1250019097.0,250019097.0,180252728.0,0.0,0.0,,0.0,0.0,0.0
2024-07-02,112.0,0.0,0.0,114.0,108.0,113.0,1.0,5100.0,561300.0,19.0,75.3,113.0,400.0,112.0,100.0,1250019097.0,250019097.0,180252728.0,0.0,0.0,,2000000.0,220000000.0,1.0
2024-07-03,113.0,0.0,0.0,113.0,106.0,113.0,0.0,72100.0,8067100.0,12.0,75.3,113.0,14900.0,112.0,30400.0,1250019197.0,250019197.0,180252728.0,0.0,0.0,,1339000.0,147290000.0,1.0
2024-07-04,113.0,0.0,0.0,113.0,112.0,113.0,0.0,59200.0,6639200.0,16.0,75.3,113.0,1200.0,112.0,29700.0,1250019197.0,250019197.0,180252728.0,0.0,0.0,,0.0,0.0,0.0
2024-07-05,113.0,0.0,0.0,121.0,112.0,121.0,8.0,196800.0,22862300.0,60.0,80.7,119.0,3100.0,117.0,65600.0,1250019197.0,250019197.0,180252728.0,0.0,0.0,,0.0,0.0,0.0
2024-07-08,121.0,0.0,0.0,121.0,115.0,115.0,-6.0,37600.0,4359600.0,25.0,76.7,116.0,13300.0,115.0,4300.0,1250019197.0,250019197.0,180252728.0,0.0,0.0,,0.0,0.0,0.0
2024-07-09,115.0,0.0,0.0,121.0,110.0,118.0,3.0,236700.0,27242000.0,39.0,78.7,118.0,88700.0,117.0,137500.0,1250019197.0,250019197.0,180252728.0,0.0,0.0,,0.0,0.0,0.0
2024-07-10,118.0,0.0,0.0,121.0,113.0,118.0,0.0,4700.0,547100.0,21.0,78.7,118.0,58300.0,115.0,700.0,1250019217.0,250019217.0,180252728.0,0.0,0.0,,0.0,0.0,0.0
2024-07-11,118.0,0.0,0.0,121.0,117.0,119.0,1.0,436600.0,51979700.0,57.0,79.3,120.0,14900.0,119.0,3800.0,1250019257.0,250019257.0,180252728.0,0.0,0.0,,0.0,0.0,0.0
2024-07-12,119.0,0.0,0.0,121.0,118.0,121.0,2.0,449700.0,53572600.0,56.0,80.7,121.0,114900.0,118.0,82900.0,1250019257.0,250019257.0,180252728.0,0.0,0.0,,0.0,0.0,0.0
2024-07-15,121.0,0.0,0.0,123.0,119.0,121.0,0.0,931200.0,112349800.0,66.0,80.7,121.0,1800.0,120.0,53000.0,1250019297.0,250019297.0,180252728.0,0.0,0.0,,0.0,0.0,0.0
2024-07-16,121.0,0.0,0.0,122.0,117.0,120.0,-1.0,533600.0,64478200.0,29.0,80.0,122.0,27900.0,120.0,82200.0,1250019397.0,250019397.0,180252728.0,0.0,0.0,,0.0,0.0,0.0
2024-07-17,120.0,0.0,0.0,127.0,121.0,123.0,3.0,613300.0,76013900.0,95.0,82.0,124.0,52200.0,123.0,59800.0,1250019457.0,250019457.0,180252728.0,0.0,0.0,,0.0,0.0,0.0
2024-07-18,123.0,0.0,0.0,123.0,117.0,122.0,-1.0,175700.0,21044200.0,44.0,81.3,122.0,36600.0,120.0,35600.0,1250019457.0,250019457.0,180252728.0,0.0,0.0,,0.0,0.0,0.0
2024-07-19,122.0,0.0,0.0,123.0,121.0,122.0,0.0,470100.0,57319900.0,23.0,81.3,124.0,87600.0,122.0,103300.0,1250019457.0,250019457.0,180252728.0,0.0,0.0,,0.0,0.0,0.0
2024-07-22,122.0,0.0,0.0,124.0,118.0,121.0,-1.0,302700.0,37083500.0,23.0,80.7,122.0,51000.0,120.0,100.0,1250019457.0,250019457.0,180252728.0,0.0,0.0,,0.0,0.0,0.0
2024-07-23,121.0,0.0,0.0,123.0,116.0,117.0,-4.0,123600.0,14611100.0,32.0,78.0,119.0,28500.0,118.0,2500.0,1250019457.0,250019457.0,180252728.0,0.0,0.0,,0.0,0.0,0.0
2024-07-24,117.0,0.0,0.0,122.0,114.0,118.0,1.0,24600.0,2906300.0,43.0,78.7,121.0,300.0,118.0,1000.0,1250019457.0,250019457.0,180252728.0,0.0,0.0,,0.0,0.0,0.0
2024-07-25,118.0,0.0,0.0,125.0,117.0,120.0,2.0,39700.0,4867200.0,25.0,80.0,122.0,15100.0,120.0,200.0,1250019477.0,250019477.0,180252728.0,0.0,0.0,,0.0,0.0,0.0
2024-07-26,120.0,0.0,0.0,123.0,117.0,119.0,-1.0,23100.0,2775000.0,30.0,79.3,119.0,11000.0,117.0,115600.0,1250019557.0,250019557.0,180252728.0,0.0,0.0,,0.0,0.0,0.0
2024-07-29,119.0,0.0,0.0,125.0,117.0,124.0,5.0,661600.0,81547000.0,61.0,82.7,125.0,117800.0,124.0,900.0,1250019557.0,250019557.0,180252728.0,0.0,0.0,,0.0,0.0,0.0
2024-07-30,124.0,0.0,0.0,125.0,121.0,124.0,0.0,189100.0,23388400.0,34.0,82.7,125.0,15000.0,124.0,29900.0,1250019657.0,250019657.0,180252728.0,0.0,0.0,,0.0,0.0,0.0
2024-07-31,124.0,0.0,0.0,126.0,124.0,125.0,1.0,71800.0,8941800.0,24.0,83.3,125.0,3500.0,124.0,25100.0,1250019657.0,250019657.0,180252728.0,0.0,0.0,,0.0,0.0,0.0
2024-08-01,125.0,0.0,0.0,130.0,116.0,123.0,-2.0,156200.0,19313600.0,42.0,82.0,123.0,488300.0,122.0,100.0,1250019657.0,250019657.0,180252728.0,0.0,0.0,,0.0,0.0,0.0
2024-08-02,123.0,0.0,0.0,125.0,122.0,125.0,2.0,541000.0,66470000.0,20.0,83.3,125.0,584000.0,123.0,132600.0,1250019657.0,250019657.0,180252728.0,0.0,0.0,,0.0,0.0,0.0
2024-08-05,125.0,0.0,0.0,125.0,122.0,122.0,-3.0,553600.0,67675200.0,34.0,81.3,123.0,45600.0,122.0,52300.0,1250019657.0,250019657.0,180252728.0,0.0,0.0,,4000000.0,480000000.0,1.0
2024-08-06,122.0,0.0,0.0,125.0,122.0,123.0,1.0,357500.0,44077000.0,18.0,82.0,123.0,13600.0,122.0,210000.0,1250019657.0,250019657.0,180252728.0,0.0,0.0,,0.0,0.0,0.0
2024-08-07,123.0,0.0,0.0,124.0,122.0,124.0,1.0,150300.0,18554300.0,18.0,82.7,124.0,52400.0,123.0,68100.0,1250019657.0,250019657.0,180252728.0,0.0,0.0,,0.0,0.0,0.0
2024-08-08,124.0,0.0,0.0,126.0,123.0,125.0,1.0,1503500.0,187086100.0,40.0,83.3,125.0,20800.0,124.0,17000.0,1250019658.0,250019658.0,180252728.0,0.0,0.0,,0.0,0.0,0.0
2024-08-09,125.0,0.0,0.0,125.0,121.0,125.0,0.0,13900.0,1709900.0,9.0,83.3,124.0,1000.0,122.0,25100.0,1250019658.0,250019658.0,180252728.0,0.0,0.0,,0.0,0.0,0.0
2024-08-12,125.0,0.0,0.0,124.0,123.0,123.0,-2.0,126000.0,15598000.0,8.0,82.0,123.0,4500.0,122.0,4200.0,1250019658.0,250019658.0,180252728.0,0.0,0.0,,0.0,0.0,0.0
2024-08-13,123.0,0.0,0.0,124.0,122.0,124.0,1.0,178200.0,21926600.0,21.0,82.7,124.0,53400.0,123.0,46600.0,1250019658.0,250019658.0,180252728.0,0.0,0.0,,0.0,0.0,0.0
2024-08-14,124.0,0.0,0.0,125.0,119.0,125.0,1.0,153700.0,19158300.0,14.0,83.3,125.0,271100.0,124.0,47900.0,1250019658.0,250019658.0,180252728.0,0.0,0.0,,0.0,0.0,0.0
2024-08-15,125.0,0.0,0.0,126.0,122.0,126.0,1.0,44100.0,5509300.0,15.0,84.0,126.0,76800.0,123.0,400.0,1250019658.0,250019658.0,180252728.0,0.0,0.0,,0.0,0.0,0.0
2024-08-16,126.0,0.0,0.0,130.0,125.0,127.0,1.0,356000.0,44889300.0,37.0,84.7,127.0,154500.0,126.0,4900.0,1250019718.0,250019718.0,180252728.0,0.0,0.0,,0.0,0.0,0.0
2024-08-19,127.0,0.0,0.0,127.0,125.0,125.0,-2.0,14100.0,1774700.0,17.0,83.3,125.0,17600.0,124.0,2300.0,1250019718.0,250019718.0,180252728.0,0.0,0.0,,0.0,0.0,0.0
2024-08-20,125.0,0.0,0.0,127.0,125.0,126.0,1.0,600.0,75800.0,6.0,84.0,126.0,15100.0,125.0,6100.0,1250019718.0,250019718.0,180252728.0,0.0,0.0,,0.0,0.0,0.0
2024-08-21,126.0,0.0,0.0,126.0,123.0,126.0,0.0,10300.0,1277300.0,7.0,84.0,126.0,23400.0,123.0,13700.0,1250019718.0,250019718.0,180252728.0,0.0,0.0,,0.0,0.0,0.0
2024-08-22,126.0,0.0,0.0,126.0,120.0,125.0,-1.0,347000.0,41771600.0,41.0,83.3,125.0,6700.0,120.0,28700.0,1250019798.0,250019798.0,180252728.0,0.0,0.0,,0.0,0.0,0.0
2024-08-23,125.0,0.0,0.0,125.0,122.0,124.0,-1.0,2800.0,344800.0,8.0,82.7,124.0,800.0,123.0,100.0,1250019798.0,250019798.0,180252728.0,0.0,0.0,,0.0,0.0,0.0
2024-08-26,124.0,0.0,0.0,123.0,122.0,122.0,-2.0,24600.0,3003900.0,24.0,81.3,122.0,38100.0,121.0,10100.0,1250019818.0,250019818.0,180252728.0,0.0,0.0,,0.0,0.0,0.0
2024-08-27,122.0,0.0,0.0,123.0,121.0,122.0,0.0,89500.0,10926200.0,17.0,81.3,122.0,19000.0,121.0,3000.0,1250019858.0,250019858.0,180252728.0,0.0,0.0,,0.0,0.0,0.0
2024-08-28,122.0,0.0,0.0,122.0,120.0,121.0,-1.0,72300.0,8765400.0,26.0,80.7,121.0,77500.0,120.0,21100.0,1250019918.0,250019918.0,180252728.0,0.0,0.0,,0.0,0.0,0.0
2024-08-29,121.0,0.0,0.0,122.0,119.0,121.0,0.0,29000.0,3511500.0,19.0,80.7,125.0,69400.0,121.0,300.0,1250019918.0,250019918.0,180252728.0,0.0,0.0,,0.0,0.0,0.0
2024-08-30,121.0,0.0,0.0,123.0,120.0,120.0,-1.0,30200.0,3654600.0,4.0,80.0,122.0,105900.0,120.0,500.0,1250019998.0,250019998.0,180252728.0,0.0,0.0,,0.0,0.0,0.0
2024-09-02,120.0,0.0,0.0,122.0,120.0,122.0,2.0,23400.0,2810200.0,21.0,81.3,122.0,27400.0,120.0,400.0,1250020038.0,250020038.0,180252728.0,0.0,0.0,,0.0,0.0,0.0
2024-09-03,122.0,0.0,0.0,125.0,122.0,122.0,0.0,82300.0,10115700.0,10.0,81.3,122.0,7500.0,120.0,11800.0,1250020038.0,250020038.0,180252728.0,0.0,0.0,,0.0,0.0,0.0
2024-09-04,122.0,0.0,0.0,127.0,104.0,120.0,-2.0,316700.0,37594600.0,112.0,80.0,120.0,3300.0,117.0,11500.0,1250020038.0,250020038.0,180252728.0,0.0,0.0,,0.0,0.0,0.0
2024-09-05,120.0,0.0,0.0,142.0,117.0,123.0,3.0,2919200.0,378657000.0,765.0,82.0,124.0,13200.0,123.0,90200.0,1250020038.0,250020038.0,180252728.0,0.0,0.0,,0.0,0.0,0.0
2024-09-06,123.0,0.0,0.0,131.0,120.0,121.0,-2.0,693700.0,86095300.0,172.0,80.7,122.0,8200.0,121.0,7000.0,1250020078.0,250020078.0,180252728.0,0.0,0.0,,0.0,0.0,0.0
2024-09-09,121.0,0.0,0.0,129.0,119.0,123.0,2.0,326400.0,39149800.0,65.0,82.0,123.0,19200.0,122.0,600.0,1250020078.0,250020078.0,180252728.0,0.0,0.0,,0.0,0.0,0.0
2024-09-10,123.0,0.0,0.0,127.0,120.0,121.0,-2.0,677300.0,84219500.0,153.0,80.7,123.0,9500.0,121.0,39400.0,1250020078.0,250020078.0,180252728.0,0.0,0.0,,0.0,0.0,0.0
2024-09-11,121.0,0.0,0.0,127.0,120.0,121.0,0.0,281900.0,34821800.0,175.0,80.7,122.0,2300.0,121.0,5500.0,1250020078.0,250020078.0,180252728.0,0.0,0.0,,0.0,0.0,0.0
2024-09-12,121.0,0.0,0.0,125.0,120.0,124.0,3.0,157200.0,19317300.0,103.0,82.7,124.0,78600.0,123.0,100.0,1250020138.0,250020138.0,180252728.0,0.0,0.0,,0.0,0.0,0.0
2024-09-13,124.0,0.0,0.0,150.0,121.0,123.0,-1.0,80500.0,9853700.0,63.0,82.0,123.0,8200.0,122.0,4500.0,1250020138.0,250020138.0,180252728.0,0.0,0.0,,0.0,0.0,0.0
2024-09-17,123.0,0.0,0.0,125.0,120.0,121.0,-2.0,228300.0,27813100.0,48.0,80.7,123.0,47500.0,121.0,36200.0,1250020138.0,250020138.0,180252728.0,0.0,0.0,,0.0,0.0,0.0
2024-09-18,121.0,0.0,0.0,124.0,120.0,123.0,2.0,164900.0,19864200.0,42.0,82.0,123.0,10100.0,121.0,1500.0,1250020138.0,250020138.0,180252728.0,0.0,0.0,,0.0,0.0,0.0
2024-09-19,123.0,0.0,0.0,132.0,120.0,122.0,-1.0,622100.0,79085200.0,182.0,81.3,124.0,200.0,122.0,16800.0,1250020198.0,250020198.0,180252728.0,0.0,0.0,,0.0,0.0,0.0
2024-09-20,122.0,0.0,0.0,128.0,120.0,127.0,5.0,507900.0,62918600.0,82.0,84.7,128.0,25100.0,122.0,6000.0,1250020198.0,1250020198.0,180252728.0,0.0,0.0,,0.0,0.0,0.0
2024-09-23,127.0,0.0,0.0,128.0,122.0,127.0,0.0,201200.0,25321800.0,42.0,84.7,127.0,80700.0,124.0,1000.0,1250020218.0,1250020218.0,180252728.0,0.0,0.0,,24000000.0,2880000000.0,2.0
2024-09-24,127.0,0.0,0.0,126.0,121.0,122.0,-5.0,77500.0,9471000.0,52.0,81.3,124.0,1100.0,122.0,15300.0,1250020258.0,1250020258.0,180252728.0,0.0,0.0,,0.0,0.0,0.0
2024-09-25,122.0,0.0,0.0,126.0,120.0,124.0,2.0,223200.0,27317600.0,33.0,82.7,125.0,66600.0,124.0,46300.0,1250020258.0,1250020258.0,180252728.0,0.0,0.0,,0.0,0.0,0.0
2024-09-26,124.0,0.0,0.0,125.0,121.0,123.0,-1.0,78200.0,9686800.0,13.0,82.0,125.0,54400.0,123.0,24700.0,1250020258.0,1250020258.0,180252728.0,0.0,0.0,,0.0,0.0,0.0
2024-09-27,123.0,0.0,0.0,121.0,115.0,115.0,-8.0,266600.0,31702000.0,71.0,76.7,119.0,4300.0,115.0,37200.0,1250020278.0,1250020278.0,180252728.0,0.0,0.0,,0.0,0.0,0.0
2024-09-30,115.0,0.0,0.0,125.0,118.0,118.0,3.0,282300.0,34502500.0,113.0,78.7,118.0,5500.0,117.0,2300.0,1250020358.0,1250020358.0,180252728.0,0.0,0.0,,0.0,0.0,0.0
2024-10-01,118.0,0.0,0.0,130.0,115.0,118.0,0.0,1149700.0,141990900.0,192.0,78.7,118.0,10800.0,117.0,10600.0,1250021098.0,1250021098.0,171377769.0,0.0,0.0,,0.0,0.0,0.0
2024-10-02,118.0,0.0,0.0,122.0,118.0,118.0,0.0,189100.0,22544700.0,36.0,78.7,120.0,20000.0,118.0,24100.0,1250021178.0,1250021178.0,171377769.0,0.0,0.0,,0.0,0.0,0.0
2024-10-03,118.0,0.0,0.0,122.0,115.0,115.0,-3.0,512900.0,60026400.0,82.0,76.7,119.0,2400.0,115.0,42600.0,1250022735.0,1250022735.0,171377769.0,0.0,0.0,,0.0,0.0,0.0
2024-10-04,115.0,0.0,0.0,126.0,114.0,116.0,1.0,471500.0,56403500.0,243.0,77.3,122.0,9000.0,116.0,1900.0,1250022820.0,1250022820.0,171377769.0,0.0,0.0,,0.0,0.0,0.0
2024-10-07,116.0,0.0,0.0,124.0,114.0,120.0,4.0,368500.0,43107400.0,66.0,80.0,120.0,16600.0,117.0,600.0,1250022820.0,1250022820.0,171377769.0,0.0,0.0,,0.0,0.0,0.0
2024-10-08,120.0,0.0,0.0,124.0,116.0,118.0,-2.0,472900.0,57666300.0,75.0,78.7,119.0,200.0,118.0,15500.0,1250022820.0,1250022820.0,171377769.0,0.0,0.0,,0.0,0.0,0.0
2024-10-09,118.0,0.0,0.0,124.0,117.0,120.0,2.0,336000.0,40854900.0,50.0,80.0,121.0,12100.0,119.0,4400.0,1250022820.0,1250022820.0,171377769.0,0.0,0.0,,0.0,0.0,0.0
2024-10-10,120.0,0.0,0.0,122.0,117.0,121.0,1.0,70800.0,8349800.0,21.0,80.7,121.0,30200.0,118.0,2400.0,1250022860.0,1250022860.0,171377769.0,0.0,0.0,,0.0,0.0,0.0
2024-10-11,121.0,0.0,0.0,123.0,115.0,120.0,-1.0,129100.0,15315200.0,42.0,80.0,119.0,1000.0,116.0,10300.0,1250022860.0,1250022860.0,171377769.0,0.0,0.0,,0.0,0.0,0.0
2024-10-14,120.0,0.0,0.0,129.0,116.0,124.0,4.0,1284400.0,157877500.0,102.0,82.7,124.0,2500.0,120.0,10100.0,1250022860.0,1250022860.0,171377769.0,0.0,0.0,,0.0,0.0,0.0
2024-10-15,124.0,0.0,0.0,130.0,122.0,123.0,-1.0,66300.0,8221900.0,45.0,82.0,124.0,900.0,122.0,14200.0,1250022940.0,1250022940.0,171377769.0,0.0,0.0,,0.0,0.0,0.0
2024-10-16,123.0,0.0,0.0,128.0,121.0,121.0,-2.0,53700.0,6525900.0,9.0,80.7,125.0,5200.0,121.0,76300.0,1250022940.0,1250022940.0,171377769.0,0.0,0.0,,0.0,0.0,0.0
2024-10-17,121.0,0.0,0.0,122.0,121.0,121.0,0.0,29300.0,3555300.0,12.0,80.7,122.0,40000.0,121.0,33500.0,1250023020.0,1250023020.0,171377769.0,0.0,0.0,,0.0,0.0,0.0
2024-10-18,121.0,0.0,0.0,126.0,121.0,121.0,0.0,438800.0,54282000.0,165.0,80.7,123.0,50000.0,121.0,34100.0,1250023020.0,1250023020.0,171377769.0,0.0,0.0,,4000000.0,480000000.0,1.0
2024-10-21,121.0,0.0,0.0,125.0,120.0,123.0,2.0,218700.0,26818700.0,19.0,82.0,123.0,100100.0,120.0,5800.0,1250023020.0,1250023020.0,171377769.0,0.0,0.0,,0.0,0.0,0.0
2024-10-22,123.0,0.0,0.0,127.0,121.0,127.0,4.0,137300.0,17253300.0,26.0,84.7,125.0,39000.0,122.0,3000.0,1250023040.0,1250023040.0,171377769.0,0.0,0.0,,0.0,0.0,0.0
2024-10-23,127.0,0.0,0.0,127.0,122.0,124.0,-3.0,118700.0,14717500.0,25.0,82.7,124.0,132800.0,123.0,10900.0,1250023040.0,1250023040.0,171377769.0,0.0,0.0,,0.0,0.0,0.0
2024-10-24,124.0,0.0,0.0,124.0,116.0,116.0,-8.0,353800.0,41704900.0,109.0,77.3,117.0,1800.0,116.0,51100.0,1250023040.0,1250023040.0,171377769.0,0.0,0.0,,0.0,0.0,0.0
2024-10-25,116.0,0.0,0.0,122.0,115.0,119.0,3.0,128400.0,15097600.0,76.0,79.3,119.0,2300.0,118.0,1500.0,1250023060.0,1250023060.0,171377769.0,0.0,0.0,,0.0,0.0,0.0
2024-10-28,119.0,0.0,0.0,121.0,115.0,117.0,-2.0,309600.0,36542900.0,68.0,78.0,118.0,1600.0,117.0,500.0,1250023100.0,1250023100.0,171377769.0,0.0,0.0,,0.0,0.0,0.0
2024-10-29,117.0,0.0,0.0,120.0,114.0,118.0,1.0,87300.0,10220900.0,26.0,78.7,118.0,7200.0,117.0,300.0,1250023100.0,1250023100.0,171377769.0,0.0,0.0,,0.0,0.0,0.0
2024-10-30,118.0,0.0,0.0,124.0,116.0,120.0,2.0,81300.0,9620800.0,54.0,80.0,120.0,32100.0,118.0,700.0,1250023140.0,1250023140.0,171377769.0,0.0,0.0,,12000000.0,1380000000.0,1.0
2024-10-31,120.0,0.0,0.0,128.0,116.0,122.0,2.0,131400.0,16199100.0,61.0,81.3,122.0,3400.0,119.0,86300.0,1250023160.0,1250023160.0,171377769.0,0.0,0.0,,12479600.0,1485072400.0,1.0
2024-11-01,122.0,0.0,0.0,130.0,122.0,127.0,5.0,630000.0,79960600.0,158.0,84.7,127.0,26900.0,124.0,9500.0,1250023160.0,1250023160.0,171377769.0,0.0,0.0,,0.0,0.0,0.0
2024-11-04,127.0,0.0,0.0,130.0,126.0,126.0,-1.0,181100.0,23194300.0,58.0,84.0,127.0,3300.0,126.0,2000.0,1250023160.0,1250023160.0,171377769.0,0.0,0.0,,0.0,0.0,0.0
2024-11-05,126.0,0.0,0.0,139.0,121.0,122.0,-4.0,2473400.0,324638600.0,490.0,81.3,124.0,2500.0,122.0,24300.0,1250023176.0,1250023176.0,171377769.0,0.0,0.0,,13737500.0,1648500000.0,2.0
2024-11-06,122.0,0.0,0.0,129.0,117.0,122.0,0.0,363900.0,44537400.0,77.0,81.3,124.0,500.0,122.0,4000.0,1250023176.0,1250023176.0,171377769.0,0.0,0.0,,0.0,0.0,0.0
2024-11-07,122.0,0.0,0.0,125.0,122.0,125.0,3.0,60100.0,7352800.0,27.0,83.3,125.0,42900.0,123.0,900.0,1250023256.0,1250023256.0,171377769.0,0.0,0.0,,0.0,0.0,0.0
2024-11-08,125.0,0.0,0.0,129.0,120.0,122.0,-3.0,27800.0,3447400.0,30.0,81.3,122.0,2500.0,120.0,26000.0,1250023256.0,1250023256.0,171377769.0,0.0,0.0,,0.0,0.0,0.0
2024-11-11,122.0,0.0,0.0,122.0,115.0,118.0,-4.0,292800.0,34571700.0,57.0,78.7,120.0,9200.0,118.0,4000.0,1250023298.0,1250023298.0,171377769.0,0.0,0.0,,0.0,0.0,0.0
2024-11-12,118.0,0.0,0.0,130.0,114.0,126.0,8.0,306500.0,38078400.0,139.0,84.0,126.0,128100.0,121.0,1000.0,1250023298.0,1250023298.0,171377769.0,0.0,0.0,,0.0,0.0,0.0
2024-11-13,126.0,0.0,0.0,125.0,118.0,118.0,-8.0,159400.0,18936700.0,34.0,78.7,123.0,45300.0,118.0,23800.0,1250023298.0,1250023298.0,171377769.0,0.0,0.0,,0.0,0.0,0.0
2024-11-14,118.0,0.0,0.0,128.0,116.0,124.0,6.0,75900.0,9120200.0,44.0,82.7,124.0,10300.0,116.0,2400.0,1250023298.0,1250023298.0,171377769.0,0.0,0.0,,0.0,0.0,0.0
2024-11-15,124.0,0.0,0.0,124.0,117.0,122.0,-2.0,82600.0,9731500.0,21.0,81.3,124.0,18800.0,114.0,20000.0,1250023298.0,1250023298.0,171377769.0,0.0,0.0,,0.0,0.0,0.0
2024-11-18,122.0,0.0,0.0,125.0,102.0,106.0,-16.0,2441100.0,259034600.0,625.0,70.7,106.0,17000.0,105.0,21300.0,1250023298.0,1250023298.0,171377769.0,0.0,0.0,,0.0,0.0,0.0
2024-11-19,106.0,0.0,0.0,114.0,103.0,105.0,-1.0,744000.0,77782600.0,126.0,70.0,105.0,300.0,104.0,33200.0,1250023298.0,1250023298.0,171377769.0,0.0,0.0,,0.0,0.0,0.0
2024-11-20,105.0,0.0,0.0,109.0,103.0,107.0,2.0,224700.0,23952900.0,73.0,71.3,107.0,26500.0,103.0,24600.0,1250023298.0,1250023298.0,171377769.0,0.0,0.0,,0.0,0.0,0.0
2024-11-21,107.0,0.0,0.0,107.0,102.0,105.0,-2.0,348100.0,36415100.0,72.0,70.0,105.0,24900.0,104.0,1300.0,1250023298.0,1250023298.0,171377769.0,0.0,0.0,,0.0,0.0,0.0
2024-11-22,105.0,0.0,0.0,106.0,101.0,104.0,-1.0,163400.0,16790800.0,26.0,69.3,107.0,1100.0,103.0,15200.0,1250023298.0,1250023298.0,171377769.0,0.0,0.0,,0.0,0.0,0.0
2024-11-25,104.0,0.0,0.0,104.0,100.0,102.0,-2.0,259000.0,26230600.0,74.0,68.0,104.0,1700.0,102.0,6100.0,1250023298.0,1250023298.0,171377769.0,0.0,0.0,,0.0,0.0,0.0
2024-11-26,102.0,0.0,0.0,104.0,101.0,101.0,-1.0,177100.0,18087700.0,49.0,67.3,104.0,109300.0,102.0,8600.0,1250023298.0,1250023298.0,171377769.0,0.0,0.0,,0.0,0.0,0.0
2024-11-28,101.0,0.0,0.0,105.0,100.0,105.0,4.0,415900.0,42934900.0,71.0,70.0,108.0,2500.0,105.0,71500.0,1250023298.0,1250023298.0,171377769.0,0.0,0.0,,0.0,0.0,0.0
2024-11-29,105.0,0.0,0.0,117.0,105.0,110.0,5.0,831900.0,91918800.0,248.0,73.3,111.0,500.0,110.0,1300.0,1250023298.0,1250023298.0,171377769.0,0.0,0.0,,0.0,0.0,0.0
2024-12-02,110.0,0.0,0.0,113.0,100.0,102.0,-8.0,397800.0,41245600.0,82.0,68.0,104.0,10000.0,102.0,44000.0,1250023298.0,1250023298.0,171377769.0,0.0,0.0,,0.0,0.0,0.0
2024-12-03,102.0,0.0,0.0,109.0,102.0,107.0,5.0,230700.0,24771600.0,57.0,71.3,105.0,15000.0,103.0,10300.0,1250023298.0,1250023298.0,171377769.0,0.0,0.0,,0.0,0.0,0.0
2024-12-04,107.0,0.0,0.0,109.0,103.0,107.0,0.0,253500.0,26924400.0,47.0,71.3,107.0,29700.0,105.0,7200.0,1250023298.0,1250023298.0,171377769.0,0.0,0.0,,0.0,0.0,0.0
2024-12-05,107.0,0.0,0.0,110.0,105.0,110.0,3.0,721600.0,78443200.0,29.0,73.3,110.0,596900.0,109.0,11700.0,1250023298.0,1250023298.0,171377769.0,0.0,0.0,,0.0,0.0,0.0
2024-12-06,110.0,0.0,0.0,115.0,108.0,114.0,4.0,433300.0,48790300.0,79.0,76.0,114.0,6000.0,113.0,19900.0,1250023298.0,1250023298.0,171377769.0,0.0,0.0,,0.0,0.0,0.0
2024-12-09,114.0,0.0,0.0,119.0,113.0,118.0,4.0,353900.0,41767500.0,53.0,78.7,118.0,1800.0,115.0,9300.0,1250023298.0,1250023298.0,171377769.0,0.0,0.0,,0.0,0.0,0.0
2024-12-10,118.0,120.0,118.0,121.0,118.0,120.0,2.0,285800.0,33840300.0,49.0,80.0,119.0,2000.0,118.0,15400.0,1250023298.0,1250023298.0,171377769.0,0.0,0.0,,0.0,0.0,0.0
2024-12-11,120.0,0.0,0.0,125.0,117.0,118.0,-2.0,201100.0,24478900.0,53.0,78.7,121.0,1400.0,118.0,11900.0,1250023298.0,1250023298.0,171377769.0,0.0,0.0,,0.0,0.0,0.0
2024-12-12,118.0,0.0,0.0,124.0,117.0,120.0,2.0,379500.0,45604600.0,53.0,80.0,121.0,100.0,120.0,39100.0,1250023298.0,1250023298.0,171377769.0,0.0,0.0,,0.0,0.0,0.0
2024-12-13,120.0,0.0,0.0,120.0,118.0,120.0,0.0,10100.0,1199000.0,8.0,80.0,122.0,51000.0,120.0,30200.0,1250023298.0,1250023298.0,171377769.0,0.0,0.0,,39300.0,4519500.0,1.0
2024-12-16,120.0,102.0,120.0,122.0,102.0,120.0,0.0,539500.0,64221900.0,53.0,80.0,121.0,102200.0,120.0,4400.0,1250023298.0,1250023298.0,171377769.0,0.0,0.0,,0.0,0.0,0.0
2024-12-17,120.0,0.0,0.0,120.0,118.0,118.0,-2.0,330600.0,39402100.0,33.0,78.7,118.0,300.0,116.0,300.0,1250023298.0,1250023298.0,171377769.0,0.0,0.0,,0.0,0.0,0.0
2024-12-18,118.0,0.0,0.0,122.0,119.0,122.0,4.0,105900.0,12790700.0,16.0,81.3,122.0,8800.0,121.0,4700.0,1250023298.0,1250023298.0,171377769.0,0.0,0.0,,9215800.0,1059817000.0,1.0
2024-12-19,122.0,0.0,0.0,122.0,110.0,114.0,-8.0,329300.0,36954400.0,78.0,76.0,120.0,100.0,114.0,64700.0,1250023298.0,1250023298.0,171377769.0,0.0,0.0,,0.0,0.0,0.0
2024-12-20,114.0,0.0,0.0,122.0,110.0,120.0,6.0,397700.0,44774600.0,37.0,80.0,121.0,1500.0,119.0,17800.0,1250023298.0,1250023298.0,171377769.0,0.0,0.0,,0.0,0.0,0.0
2024-12-23,120.0,123.0,122.0,123.0,119.0,120.0,0.0,21700.0,2595500.0,19.0,80.0,122.0,2100.0,120.0,300.0,1250023298.0,1250023298.0,171377769.0,0.0,0.0,,0.0,0.0,0.0
2024-12-24,120.0,0.0,0.0,123.0,109.0,118.0,-2.0,688100.0,77923400.0,131.0,78.7,120.0,900.0,118.0,11900.0,1250023298.0,1250023298.0,171377769.0,0.0,0.0,,0.0,0.0,0.0
2024-12-27,118.0,0.0,0.0,121.0,118.0,121.0,3.0,111900.0,13428000.0,14.0,80.7,121.0,3500.0,118.0,100.0,1250023298.0,1250023298.0,171377769.0,0.0,0.0,,0.0,0.0,0.0
2024-12-30,121.0,0.0,0.0,124.0,120.0,120.0,-1.0,21600.0,2673800.0,13.0,80.0,123.0,200.0,120.0,600.0,1250023298.0,1250023298.0,171377769.0,0.0,0.0,,0.0,0.0,0.0
2025-01-02,120.0,120.0,119.0,121.0,119.0,120.0,0.0,4700.0,563800.0,15.0,80.0,120.0,12800.0,119.0,500.0,1250023298.0,1250023298.0,167503122.0,0.0,0.0,,0.0,0.0,0.0
2025-01-03,120.0,0.0,0.0,124.0,117.0,124.0,4.0,7600.0,903500.0,9.0,82.7,124.0,62700.0,119.0,100.0,1250023298.0,1250023298.0,167503122.0,0.0,0.0,,0.0,0.0,0.0
2025-01-06,124.0,124.0,124.0,124.0,121.0,123.0,-1.0,24700.0,3049100.0,12.0,82.0,123.0,5300.0,120.0,200.0,1250023298.0,1250023298.0,167503122.0,0.0,0.0,,0.0,0.0,0.0
2025-01-07,123.0,0.0,0.0,123.0,114.0,117.0,-6.0,686200.0,79333600.0,150.0,78.0,118.0,70000.0,117.0,15400.0,1250023298.0,1250023298.0,167503122.0,0.0,0.0,,0.0,0.0,0.0
2025-01-08,117.0,117.0,117.0,118.0,112.0,117.0,0.0,455300.0,52158800.0,70.0,78.0,117.0,2200.0,115.0,4800.0,1250023298.0,1250023298.0,167503122.0,0.0,0.0,,0.0,0.0,0.0
2025-01-09,117.0,0.0,0.0,116.0,115.0,116.0,-1.0,147100.0,17059500.0,17.0,77.3,116.0,89700.0,115.0,4000.0,1250023298.0,1250023298.0,167503122.0,0.0,0.0,,0.0,0.0,0.0
2025-01-10,116.0,0.0,0.0,115.0,111.0,112.0,-4.0,35600.0,4011600.0,32.0,74.7,115.0,2000.0,112.0,3200.0,1250023298.0,1250023298.0,167503122.0,0.0,0.0,,0.0,0.0,0.0
2025-01-13,112.0,112.0,112.0,113.0,112.0,112.0,0.0,6200.0,695000.0,13.0,74.7,117.0,5000.0,112.0,1700.0,1250023298.0,1250023298.0,167503122.0,0.0,0.0,,0.0,0.0,0.0
2025-01-14,112.0,0.0,0.0,119.0,115.0,119.0,7.0,191900.0,22702800.0,43.0,79.3,120.0,101800.0,119.0,500.0,1250023298.0,1250023298.0,167503122.0,0.0,0.0,,0.0,0.0,0.0
2025-01-15,119.0,0.0,0.0,124.0,119.0,124.0,5.0,374900.0,45510000.0,93.0,82.7,124.0,24200.0,123.0,100.0,1250023298.0,1250023298.0,167503122.0,0.0,0.0,,0.0,0.0,0.0
2025-01-16,124.0,0.0,0.0,124.0,118.0,124.0,0.0,91900.0,11055300.0,41.0,82.7,124.0,267300.0,123.0,1500.0,1250023298.0,1250023298.0,167503122.0,0.0,0.0,,0.0,0.0,0.0
2025-01-17,124.0,0.0,0.0,124.0,120.0,122.0,-2.0,84400.0,10270300.0,25.0,81.3,124.0,93400.0,123.0,2000.0,1250023298.0,1250023298.0,167503122.0,0.0,0.0,,0.0,0.0,0.0
2025-01-20,122.0,123.0,122.0,123.0,120.0,122.0,0.0,8500.0,1025000.0,24.0,81.3,122.0,2600.0,121.0,200.0,1250023298.0,1250023298.0,167503122.0,0.0,0.0,,0.0,0.0,0.0
2025-01-21,122.0,0.0,0.0,125.0,120.0,123.0,1.0,367300.0,45513900.0,41.0,82.0,125.0,1033200.0,123.0,1000.0,1250023298.0,1250023298.0,167503122.0,0.0,0.0,,0.0,0.0,0.0
2025-01-22,123.0,0.0,0.0,125.0,120.0,125.0,2.0,70100.0,8632900.0,63.0,83.3,125.0,1048600.0,120.0,6700.0,1250023298.0,1250023298.0,167503122.0,0.0,0.0,,0.0,0.0,0.0
2025-01-23,125.0,125.0,124.0,127.0,123.0,126.0,1.0,1108400.0,138644400.0,45.0,84.0,126.0,3600.0,125.0,51100.0,1250023298.0,1250023298.0,167503122.0,0.0,0.0,,0.0,0.0,0.0
2025-01-24,126.0,0.0,0.0,125.0,123.0,124.0,-2.0,72200.0,8884600.0,6.0,82.7,124.0,147900.0,123.0,6900.0,1250023298.0,1250023298.0,167503122.0,0.0,0.0,,0.0,0.0,0.0
2025-01-30,124.0,0.0,0.0,130.0,118.0,120.0,-4.0,186400.0,22819700.0,47.0,80.0,124.0,700.0,120.0,25600.0,1250023298.0,1250023298.0,167503122.0,0.0,0.0,,0.0,0.0,0.0
2025-01-31,120.0,0.0,0.0,130.0,123.0,123.0,3.0,4600.0,582400.0,9.0,82.0,123.0,49700.0,122.0,100.0,1250023298.0,1250023298.0,167503122.0,0.0,0.0,,0.0,0.0,0.0
2025-02-03,123.0,0.0,0.0,130.0,121.0,129.0,6.0,288100.0,35339700.0,35.0,86.0,129.0,52700.0,126.0,800.0,1250023298.0,1250023298.0,167503122.0,0.0,0.0,,0.0,0.0,0.0
2025-02-04,129.0,128.0,128.0,128.0,122.0,122.0,-7.0,82400.0,10541000.0,14.0,81.3,126.0,400.0,122.0,2300.0,1250023298.0,1250023298.0,167503122.0,0.0,0.0,,0.0,0.0,0.0
2025-02-05,122.0,122.0,122.0,130.0,122.0,122.0,0.0,58200.0,7377900.0,20.0,81.3,126.0,1200.0,122.0,11600.0,1250023298.0,1250023298.0,167503122.0,0.0,0.0,,0.0,0.0,0.0
2025-02-06,122.0,0.0,0.0,126.0,121.0,122.0,0.0,59600.0,7231300.0,15.0,81.3,125.0,1300.0,124.0,100.0,1250023298.0,1250023298.0,167503122.0,0.0,0.0,,0.0,0.0,0.0
2025-02-07,122.0,0.0,0.0,129.0,123.0,127.0,5.0,10000.0,1265000.0,29.0,84.7,127.0,21900.0,123.0,1200.0,1250023298.0,1250023298.0,167503122.0,0.0,0.0,,0.0,0.0,0.0
2025-02-10,127.0,123.0,123.0,130.0,122.0,125.0,-2.0,80600.0,10128700.0,39.0,83.3,128.0,4700.0,124.0,3900.0,1250023298.0,1250023298.0,167503122.0,0.0,0.0,,0.0,0.0,0.0
2025-02-11,125.0,0.0,0.0,130.0,120.0,126.0,1.0,94800.0,11657000.0,36.0,84.0,127.0,17900.0,122.0,12000.0,1250023298.0,1250023298.0,167503122.0,0.0,0.0,,0.0,0.0,0.0
2025-02-12,126.0,0.0,0.0,134.0,120.0,127.0,1.0,88600.0,11474600.0,64.0,84.7,127.0,41300.0,124.0,100.0,1250023298.0,1250023298.0,167503122.0,0.0,0.0,,0.0,0.0,0.0
2025-02-13,127.0,0.0,0.0,128.0,123.0,125.0,-2.0,18500.0,2294000.0,21.0,83.3,126.0,10000.0,125.0,1300.0,1250023298.0,1250023298.0,167503122.0,0.0,0.0,,0.0,0.0,0.0
2025-02-14,125.0,0.0,0.0,130.0,122.0,124.0,-1.0,80100.0,9863500.0,18.0,82.7,125.0,10100.0,124.0,100.0,1250023298.0,1250023298.0,167503122.0,0.0,0.0,,0.0,0.0,0.0
2025-02-17,124.0,0.0,0.0,129.0,121.0,128.0,4.0,44100.0,5562000.0,30.0,85.3,129.0,2100.0,123.0,1000.0,1250023298.0,1250023298.0,167503122.0,0.0,0.0,,0.0,0.0,0.0
2025-02-18,128.0,0.0,0.0,129.0,124.0,125.0,-3.0,52600.0,6567700.0,23.0,83.3,128.0,100.0,125.0,13500.0,1250023298.0,1250023298.0,167503122.0,0.0,0.0,,0.0,0.0,0.0
2025-02-19,125.0,0.0,0.0,125.0,121.0,125.0,0.0,101600.0,12590900.0,28.0,83.3,126.0,20900.0,125.0,200.0,1250023298.0,1250023298.0,167503122.0,0.0,0.0,,0.0,0.0,0.0
2025-02-20,125.0,0.0,0.0,126.0,125.0,125.0,0.0,52100.0,6513500.0,11.0,83.3,125.0,400.0,124.0,30000.0,1250023298.0,1250023298.0,167503122.0,0.0,0.0,,0.0,0.0,0.0
2025-02-21,125.0,0.0,0.0,129.0,122.0,125.0,0.0,120800.0,15145100.0,37.0,83.3,126.0,32000.0,125.0,500.0,1250023298.0,1250023298.0,167503122.0,0.0,0.0,,0.0,0.0,0.0
2025-02-24,125.0,0.0,0.0,126.0,123.0,124.0,-1.0,131900.0,16311000.0,13.0,82.7,124.0,300.0,123.0,12700.0,1250023298.0,1250023298.0,167503122.0,0.0,0.0,,0.0,0.0,0.0
2025-02-25,124.0,0.0,0.0,124.0,120.0,123.0,-1.0,17900.0,2199100.0,14.0,82.0,124.0,1900.0,123.0,2700.0,1250023298.0,1250023298.0,167503122.0,0.0,0.0,,0.0,0.0,0.0
2025-02-26,123.0,0.0,0.0,125.0,122.0,124.0,1.0,153600.0,18921800.0,21.0,82.7,124.0,46300.0,122.0,1600.0,1250023298.0,1250023298.0,167503122.0,0.0,0.0,,0.0,0.0,0.0
2025-02-27,124.0,0.0,0.0,125.0,122.0,125.0,1.0,29300.0,3661100.0,13.0,83.3,124.0,21100.0,122.0,4000.0,1250023298.0,1250023298.0,167503122.0,0.0,0.0,,0.0,0.0,0.0
2025-02-28,125.0,125.0,121.0,125.0,120.0,120.0,-5.0,155400.0,18825500.0,35.0,80.0,123.0,700.0,120.0,2800.0,1250023298.0,1250023298.0,167503122.0,0.0,0.0,,0.0,0.0,0.0
2025-03-03,120.0,0.0,0.0,125.0,123.0,125.0,5.0,41100.0,5113700.0,14.0,83.3,125.0,42400.0,124.0,2800.0,1250023298.0,1250023298.0,167503122.0,0.0,0.0,,0.0,0.0,0.0
2025-03-04,125.0,125.0,125.0,126.0,125.0,125.0,0.0,62100.0,7762800.0,17.0,83.3,125.0,2200.0,124.0,11400.0,1250023298.0,1250023298.0,167503122.0,0.0,0.0,,0.0,0.0,0.0
2025-03-05,125.0,0.0,0.0,125.0,120.0,124.0,-1.0,113500.0,14006600.0,34.0,82.7,124.0,25100.0,120.0,18700.0,1250023298.0,1250023298.0,167503122.0,0.0,0.0,,0.0,0.0,0.0
2025-03-06,124.0,120.0,125.0,132.0,120.0,125.0,1.0,138000.0,17345300.0,25.0,83.3,125.0,49900.0,124.0,20400.0,1250023298.0,1250023298.0,167503122.0,0.0,0.0,,0.0,0.0,0.0
2025-03-07,125.0,0.0,0.0,125.0,125.0,125.0,0.0,60300.0,7537500.0,3.0,83.3,125.0,52500.0,121.0,200.0,1250023298.0,1250023298.0,167503122.0,0.0,0.0,,0.0,0.0,0.0
2025-03-10,125.0,0.0,0.0,130.0,125.0,128.0,3.0,40700.0,5275800.0,16.0,85.3,128.0,2100.0,125.0,100.0,1250023298.0,1250023298.0,167503122.0,0.0,0.0,,0.0,0.0,0.0
2025-03-11,128.0,0.0,0.0,130.0,121.0,128.0,0.0,67500.0,8708100.0,21.0,85.3,127.0,100.0,121.0,20500.0,1250023298.0,1250023298.0,167503122.0,0.0,0.0,,0.0,0.0,0.0
2025-03-12,128.0,0.0,0.0,130.0,122.0,124.0,-4.0,64000.0,8082900.0,26.0,82.7,127.0,3900.0,123.0,100.0,1250023298.0,1250023298.0,167503122.0,0.0,0.0,,0.0,0.0,0.0
2025-03-13,124.0,0.0,0.0,126.0,122.0,122.0,-2.0,53100.0,6649700.0,12.0,81.3,126.0,6900.0,122.0,7200.0,1250023298.0,1250023298.0,167503122.0,0.0,0.0,,0.0,0.0,0.0
2025-03-14,122.0,0.0,0.0,130.0,121.0,121.0,-1.0,99800.0,12631900.0,20.0,80.7,127.0,1100.0,122.0,200.0,1250023298.0,1250023298.0,167503122.0,0.0,0.0,,0.0,0.0,0.0
2025-03-17,121.0,0.0,0.0,122.0,121.0,121.0,0.0,6200.0,750400.0,5.0,80.7,123.0,100000.0,121.0,148200.0,1250023298.0,1250023298.0,167503122.0,0.0,0.0,,0.0,0.0,0.0
2025-03-18,121.0,0.0,0.0,131.0,110.0,120.0,-1.0,123300.0,15337900.0,35.0,80.0,121.0,1000.0,118.0,3000.0,1250023298.0,1250023298.0,167503122.0,0.0,0.0,,0.0,0.0,0.0
2025-03-19,120.0,0.0,0.0,120.0,120.0,120.0,0.0,16700.0,2004000.0,10.0,80.0,120.0,400.0,116.0,7700.0,1250023298.0,1250023298.0,167503122.0,0.0,0.0,,0.0,0.0,0.0
2025-03-20,120.0,0.0,0.0,130.0,121.0,121.0,1.0,106000.0,13551400.0,14.0,80.7,128.0,36700.0,121.0,22600.0,1250023298.0,1250023298.0,167503122.0,0.0,0.0,,0.0,0.0,0.0
2025-03-21,121.0,0.0,0.0,121.0,115.0,115.0,-6.0,71300.0,8565600.0,18.0,76.7,121.0,100.0,117.0,500.0,1250023298.0,1250023298.0,167503122.0,0.0,0.0,,0.0,0.0,0.0
2025-03-24,115.0,0.0,0.0,130.0,120.0,120.0,5.0,366200.0,45727500.0,81.0,80.0,124.0,700.0,120.0,5500.0,1250023298.0,1250023298.0,167503122.0,0.0,0.0,,0.0,0.0,0.0
2025-03-25,120.0,120.0,120.0,127.0,120.0,121.0,1.0,91900.0,11409500.0,27.0,80.7,127.0,2900.0,121.0,16600.0,1250023298.0,1250023298.0,167503122.0,0.0,0.0,,0.0,0.0,0.0
2025-03-26,121.0,0.0,0.0,127.0,110.0,127.0,6.0,136700.0,16038700.0,52.0,84.7,126.0,30000.0,124.0,200.0,1250023298.0,1250023298.0,167503122.0,0.0,0.0,,0.0,0.0,0.0
2025-03-27,127.0,0.0,0.0,125.0,119.0,120.0,-7.0,16600.0,1996300.0,11.0,80.0,124.0,9900.0,120.0,25400.0,1250023298.0,1250023298.0,167503122.0,0.0,0.0,,0.0,0.0,0.0
2025-04-08,120.0,120.0,120.0,120.0,115.0,117.0,-3.0,174900.0,20870300.0,22.0,78.0,120.0,51200.0,117.0,700.0,1250023298.0,1250023298.0,124502320.0,0.0,0.0,,0.0,0.0,0.0
2025-04-09,117.0,0.0,0.0,121.0,120.0,121.0,4.0,60300.0,7244600.0,6.0,80.7,120.0,700.0,115.0,2500.0,1250023298.0,1250023298.0,124502320.0,0.0,0.0,,0.0,0.0,0.0
2025-04-10,121.0,0.0,0.0,122.0,120.0,120.0,-1.0,15100.0,1826800.0,7.0,80.0,121.0,8200.0,120.0,149300.0,1250023298.0,1250023298.0,124502320.0,0.0,0.0,,0.0,0.0,0.0
2025-04-11,120.0,0.0,0.0,125.0,120.0,124.0,4.0,104300.0,12875400.0,13.0,82.7,124.0,800.0,123.0,500.0,1250023298.0,1250023298.0,124502320.0,0.0,0.0,,0.0,0.0,0.0
2025-04-14,124.0,0.0,0.0,124.0,120.0,120.0,-4.0,124900.0,15000600.0,29.0,80.0,124.0,73400.0,120.0,3700.0,1250023298.0,1250023298.0,124502320.0,0.0,0.0,,0.0,0.0,0.0
2025-04-15,120.0,0.0,0.0,120.0,120.0,120.0,0.0,2500.0,300000.0,5.0,80.0,124.0,1500.0,120.0,400.0,1250023298.0,1250023298.0,124502320.0,0.0,0.0,,0.0,0.0,0.0
2025-04-16,120.0,0.0,0.0,124.0,120.0,124.0,4.0,204400.0,24537700.0,14.0,82.7,124.0,11800.0,120.0,7400.0,1250023298.0,1250023298.0,124502320.0,0.0,0.0,,0.0,0.0,0.0
2025-04-17,124.0,124.0,124.0,124.0,120.0,120.0,-4.0,97900.0,11899400.0,23.0,80.0,123.0,2200.0,120.0,300.0,1250023298.0,1250023298.0,124502320.0,0.0,0.0,,0.0,0.0,0.0
2025-04-21,120.0,0.0,0.0,124.0,120.0,120.0,0.0,63200.0,7749600.0,19.0,80.0,124.0,19500.0,122.0,100.0,1250023298.0,1250023298.0,124502320.0,0.0,0.0,,0.0,0.0,0.0
2025-04-22,120.0,0.0,0.0,123.0,116.0,123.0,3.0,12000.0,1436500.0,12.0,82.0,122.0,900.0,120.0,400.0,1250023298.0,1250023298.0,124502320.0,0.0,0.0,,0.0,0.0,0.0
2025-04-23,123.0,0.0,0.0,123.0,122.0,122.0,-1.0,3800.0,466000.0,12.0,81.3,123.0,3800.0,122.0,1200.0,1250023298.0,1250023298.0,124502320.0,0.0,0.0,,0.0,0.0,0.0
2025-04-24,122.0,122.0,122.0,122.0,121.0,122.0,0.0,3500.0,426900.0,14.0,81.3,122.0,500000.0,121.0,1000.0,1250023298.0,1250023298.0,124502320.0,0.0,0.0,,0.0,0.0,0.0
2025-04-25,122.0,0.0,0.0,124.0,118.0,118.0,-4.0,52100.0,6320800.0,35.0,78.7,122.0,8700.0,118.0,19700.0,1250023298.0,1250023298.0,124502320.0,0.0,0.0,,0.0,0.0,0.0
2025-04-28,118.0,0.0,0.0,123.0,119.0,121.0,3.0,13200.0,1574700.0,16.0,80.7,123.0,229800.0,121.0,400.0,1250023298.0,1250023298.0,124502320.0,0.0,0.0,,0.0,0.0,0.0
2025-04-29,121.0,119.0,119.0,123.0,119.0,120.0,-1.0,74700.0,9097100.0,19.0,80.0,120.0,48100.0,119.0,2500.0,1250023298.0,1250023298.0,124502320.0,0.0,0.0,,0.0,0.0,0.0
2025-04-30,120.0,0.0,0.0,124.0,120.0,123.0,3.0,5700.0,700800.0,9.0,82.0,123.0,95700.0,120.0,900.0,1250023298.0,1250023298.0,124502320.0,0.0,0.0,,0.0,0.0,0.0
2025-05-02,123.0,0.0,0.0,123.0,117.0,118.0,-5.0,3100.0,367600.0,6.0,78.7,123.0,98300.0,118.0,19200.0,1250023298.0,1250023298.0,124502320.0,0.0,0.0,,0.0,0.0,0.0
2025-05-05,118.0,118.0,122.0,122.0,117.0,117.0,-1.0,56500.0,6777800.0,11.0,78.0,121.0,1800.0,118.0,600.0,1250023298.0,1250023298.0,124502320.0,0.0,0.0,,0.0,0.0,0.0
2025-05-06,117.0,0.0,0.0,118.0,117.0,118.0,1.0,12300.0,1450500.0,5.0,78.7,120.0,2000.0,119.0,300.0,1250023298.0,1250023298.0,124502320.0,0.0,0.0,,0.0,0.0,0.0
2025-05-07,118.0,118.0,118.0,120.0,118.0,120.0,2.0,33600.0,3966600.0,8.0,80.0,120.0,2400.0,118.0,10200.0,1250023298.0,1250023298.0,124502320.0,0.0,0.0,,0.0,0.0,0.0
2025-05-08,120.0,0.0,0.0,120.0,118.0,120.0,0.0,48200.0,5764200.0,23.0,80.0,120.0,2200.0,118.0,47900.0,1250023298.0,1250023298.0,124502320.0,0.0,0.0,,0.0,0.0,0.0
2025-05-09,120.0,0.0,0.0,120.0,117.0,120.0,0.0,189400.0,22404800.0,24.0,80.0,120.0,2000.0,118.0,100.0,1250023298.0,1250023298.0,124502320.0,0.0,0.0,,0.0,0.0,0.0
2025-05-14,120.0,120.0,120.0,120.0,120.0,120.0,0.0,47300.0,5676000.0,16.0,80.0,120.0,5800.0,117.0,10700.0,1250023298.0,1250023298.0,124502320.0,0.0,0.0,,0.0,0.0,0.0
2025-05-15,120.0,0.0,0.0,121.0,119.0,121.0,1.0,8400.0,1015800.0,7.0,80.7,121.0,6100.0,119.0,2100.0,1250023298.0,1250023298.0,124502320.0,0.0,0.0,,250000.0,31010000.0,3.0
2025-05-16,121.0,0.0,0.0,123.0,119.0,123.0,2.0,185900.0,22704200.0,24.0,82.0,122.0,900.0,119.0,300.0,1250023298.0,1250023298.0,124502320.0,0.0,0.0,,0.0,0.0,0.0
2025-05-19,123.0,0.0,0.0,123.0,120.0,120.0,-3.0,91400.0,11223400.0,9.0,80.0,123.0,9000.0,120.0,14000.0,1250023298.0,1250023298.0,124502320.0,0.0,0.0,,0.0,0.0,0.0
2025-05-20,120.0,0.0,0.0,123.0,118.0,123.0,3.0,800.0,96700.0,5.0,82.0,123.0,610700.0,120.0,4200.0,1250023298.0,1250023298.0,124502320.0,0.0,0.0,,0.0,0.0,0.0
2025-05-21,123.0,123.0,123.0,123.0,120.0,120.0,-3.0,23200.0,2796500.0,12.0,80.0,120.0,1700.0,119.0,200.0,1250023298.0,1250023298.0,124502320.0,0.0,0.0,,0.0,0.0,0.0
2025-05-22,120.0,0.0,0.0,123.0,117.0,120.0,0.0,83500.0,10175700.0,14.0,80.0,122.0,900.0,120.0,2200.0,1250023298.0,1250023298.0,124502320.0,0.0,0.0,,0.0,0.0,0.0
2025-05-23,120.0,0.0,0.0,122.0,119.0,119.0,-1.0,40500.0,4852700.0,16.0,79.3,121.0,21800.0,119.0,100.0,1250023298.0,1250023298.0,124502320.0,0.0,0.0,,0.0,0.0,0.0
2025-05-26,119.0,119.0,119.0,122.0,119.0,120.0,1.0,6300.0,761700.0,12.0,80.0,120.0,118800.0,119.0,16700.0,1250023298.0,1250023298.0,124502320.0,0.0,0.0,,0.0,0.0,0.0
2025-05-27,120.0,0.0,0.0,120.0,120.0,120.0,0.0,111100.0,13332000.0,6.0,80.0,120.0,23200.0,118.0,10200.0,1250023298.0,1250023298.0,124502320.0,0.0,0.0,,0.0,0.0,0.0
2025-05-28,120.0,0.0,0.0,135.0,118.0,119.0,-1.0,1004900.0,124456000.0,89.0,79.3,123.0,2100.0,118.0,14800.0,1250023298.0,1250023298.0,124502320.0,0.0,0.0,,0.0,0.0,0.0
2025-06-02,119.0,123.0,123.0,123.0,117.0,122.0,3.0,41300.0,4937300.0,32.0,81.3,122.0,30900.0,119.0,400.0,1250023298.0,1250023298.0,124502320.0,0.0,0.0,,0.0,0.0,0.0
2025-06-03,122.0,0.0,0.0,126.0,121.0,125.0,3.0,356000.0,44109400.0,22.0,83.3,125.0,30100.0,119.0,4300.0,1250023298.0,1250023298.0,124502320.0,0.0,0.0,,0.0,0.0,0.0
2025-06-04,125.0,125.0,124.0,129.0,120.0,124.0,-1.0,368000.0,46172300.0,32.0,82.7,124.0,4900.0,121.0,100.0,1250023298.0,1250023298.0,124502320.0,0.0,0.0,,0.0,0.0,0.0
2025-06-05,124.0,0.0,0.0,126.0,124.0,126.0,2.0,458700.0,57333300.0,24.0,84.0,125.0,6000.0,121.0,100000.0,1250023298.0,1250023298.0,124502320.0,0.0,0.0,,0.0,0.0,0.0
2025-06-10,126.0,0.0,0.0,127.0,121.0,127.0,1.0,365300.0,46083000.0,24.0,84.7,127.0,92200.0,122.0,1000.0,1250023298.0,1250023298.0,124502320.0,0.0,0.0,,0.0,0.0,0.0
2025-06-11,127.0,0.0,0.0,129.0,125.0,127.0,0.0,465100.0,59460600.0,30.0,84.7,127.0,5600.0,124.0,500.0,1250023298.0,1250023298.0,124502320.0,0.0,0.0,,0.0,0.0,0.0
2025-06-12,127.0,0.0,0.0,128.0,122.0,125.0,-2.0,543700.0,69267100.0,19.0,83.3,125.0,4700.0,123.0,1000.0,1250023298.0,1250023298.0,124502320.0,0.0,0.0,,0.0,0.0,0.0
2025-06-13,125.0,0.0,0.0,129.0,125.0,126.0,1.0,283300.0,36282100.0,17.0,84.0,128.0,5900.0,125.0,200.0,1250023298.0,1250023298.0,124502320.0,0.0,0.0,,0.0,0.0,0.0
2025-06-16,126.0,0.0,0.0,128.0,122.0,127.0,1.0,13700.0,1724500.0,13.0,84.7,127.0,106600.0,123.0,200.0,1250023298.0,1250023298.0,124502320.0,0.0,0.0,,0.0,0.0,0.0
2025-06-17,127.0,0.0,0.0,130.0,118.0,126.0,-1.0,241600.0,31164700.0,13.0,84.0,126.0,8600.0,122.0,1400.0,1250023298.0,1250023298.0,124502320.0,0.0,0.0,,0.0,0.0,0.0
2025-06-18,126.0,0.0,0.0,135.0,118.0,128.0,2.0,399700.0,52499700.0,33.0,85.3,127.0,50000.0,121.0,1100.0,1250023298.0,1250023298.0,124502320.0,0.0,0.0,,0.0,0.0,0.0
2025-06-19,128.0,0.0,0.0,128.0,122.0,123.0,-5.0,136300.0,17350400.0,13.0,82.0,123.0,32000.0,122.0,3200.0,1250023298.0,1250023298.0,124502320.0,0.0,0.0,,0.0,0.0,0.0
2025-06-20,123.0,0.0,0.0,130.0,122.0,122.0,-1.0,132800.0,17003600.0,19.0,81.3,130.0,155700.0,122.0,1000.0,1250023298.0,1250023298.0,124502320.0,0.0,0.0,,0.0,0.0,0.0
2025-06-23,122.0,0.0,0.0,128.0,121.0,122.0,0.0,82600.0,10347400.0,15.0,81.3,122.0,1100.0,121.0,18400.0,1250023298.0,1250023298.0,124502320.0,0.0,0.0,,0.0,0.0,0.0
2025-06-24,122.0,0.0,0.0,128.0,123.0,125.0,3.0,6600.0,825100.0,5.0,83.3,127.0,80000.0,122.0,1400.0,1250023298.0,1250023298.0,124502320.0,0.0,0.0,,0.0,0.0,0.0
2025-06-25,125.0,130.0,129.0,130.0,121.0,125.0,0.0,20300.0,2506900.0,15.0,83.3,125.0,100.0,123.0,200.0,1250023298.0,1250023298.0,124502320.0,0.0,0.0,,0.0,0.0,0.0
2025-06-26,125.0,0.0,0.0,125.0,120.0,124.0,-1.0,57100.0,6928900.0,19.0,82.7,124.0,3200.0,122.0,3200.0,1250023298.0,1250023298.0,124502320.0,0.0,0.0,,0.0,0.0,0.0
2025-06-30,124.0,0.0,0.0,125.0,120.0,125.0,1.0,238200.0,28632000.0,39.0,83.3,124.0,500.0,119.0,26900.0,1250023298.0,1250023298.0,124502320.0,0.0,0.0,,0.0,0.0,0.0
2025-07-01,125.0,0.0,0.0,125.0,120.0,120.0,-5.0,32800.0,4074600.0,18.0,80.0,124.0,2500.0,120.0,29900.0,1250023298.0,1250023298.0,123877309.0,0.0,0.0,,0.0,0.0,0.0
2025-07-02,120.0,0.0,0.0,128.0,120.0,126.0,6.0,59000.0,7256500.0,13.0,84.0,126.0,500.0,120.0,25700.0,1250023298.0,1250023298.0,123877309.0,0.0,0.0,,0.0,0.0,0.0
2025-07-03,126.0,0.0,0.0,126.0,120.0,126.0,0.0,22100.0,2758000.0,19.0,84.0,126.0,800.0,122.0,100.0,1250023298.0,1250023298.0,123877309.0,0.0,0.0,,0.0,0.0,0.0
2025-07-04,126.0,0.0,0.0,126.0,126.0,126.0,0.0,100.0,12600.0,1.0,84.0,123.0,2900.0,122.0,200.0,1250023298.0,1250023298.0,123877309.0,0.0,0.0,,0.0,0.0,0.0
2025-07-07,126.0,0.0,0.0,127.0,121.0,121.0,-5.0,213700.0,26344500.0,392.0,80.7,125.0,8600.0,121.0,31700.0,1250023298.0,1250023298.0,123877309.0,0.0,0.0,,0.0,0.0,0.0
2025-07-08,121.0,0.0,0.0,125.0,123.0,124.0,3.0,1200.0,148400.0,8.0,82.7,124.0,5100.0,123.0,200.0,1250023298.0,1250023298.0,123877309.0,0.0,0.0,,0.0,0.0,0.0
2025-07-09,124.0,0.0,0.0,125.0,121.0,123.0,-1.0,101600.0,12396100.0,12.0,82.0,123.0,300.0,122.0,27200.0,1250023298.0,1250023298.0,123877309.0,0.0,0.0,,0.0,0.0,0.0
2025-07-10,123.0,123.0,123.0,123.0,122.0,123.0,0.0,2200.0,270500.0,9.0,82.0,124.0,15300.0,122.0,3500.0,1250023298.0,1250023298.0,123877309.0,0.0,0.0,,0.0,0.0,0.0
2025-07-11,123.0,0.0,0.0,121.0,120.0,120.0,-3.0,83100.0,10036200.0,23.0,80.0,124.0,3400.0,121.0,200.0,1250023298.0,1250023298.0,123877309.0,0.0,0.0,,0.0,0.0,0.0
2025-07-14,120.0,125.0,125.0,125.0,120.0,123.0,3.0,50700.0,6089400.0,15.0,82.0,123.0,6100.0,120.0,34100.0,1250023298.0,1250023298.0,123877309.0,0.0,0.0,,0.0,0.0,0.0
2025-07-15,123.0,0.0,0.0,121.0,119.0,121.0,-2.0,45100.0,5436300.0,13.0,80.7,123.0,2700.0,121.0,100.0,1250023298.0,1250023298.0,123877309.0,0.0,0.0,,0.0,0.0,0.0
2025-07-16,121.0,0.0,0.0,124.0,120.0,123.0,2.0,1300.0,157100.0,4.0,82.0,123.0,177100.0,121.0,1000.0,1250023298.0,1250023298.0,123877309.0,0.0,0.0,,0.0,0.0,0.0
2025-07-17,123.0,0.0,0.0,124.0,118.0,123.0,0.0,17800.0,2180800.0,13.0,82.0,124.0,103400.0,123.0,4900.0,1250023298.0,1250023298.0,123877309.0,0.0,0.0,,0.0,0.0,0.0
2025-07-18,123.0,0.0,0.0,123.0,120.0,123.0,0.0,1600.0,195800.0,7.0,82.0,123.0,6500.0,120.0,8000.0,1250023298.0,1250023298.0,123877309.0,0.0,0.0,,0.0,0.0,0.0
2025-07-21,123.0,0.0,0.0,122.0,122.0,122.0,-1.0,300.0,36600.0,2.0,81.3,122.0,49700.0,121.0,300.0,1250023298.0,1250023298.0,123877309.0,0.0,0.0,,0.0,0.0,0.0
2025-07-22,122.0,0.0,0.0,120.0,120.0,120.0,-2.0,55900.0,6708000.0,17.0,80.0,122.0,27500.0,120.0,3200.0,1250023298.0,1250023298.0,123877309.0,0.0,0.0,,0.0,0.0,0.0
2025-07-23,120.0,0.0,0.0,123.0,118.0,123.0,3.0,31500.0,3810300.0,78.0,82.0,123.0,32400.0,120.0,700.0,1250023298.0,1250023298.0,123877309.0,0.0,0.0,,0.0,0.0,0.0
2025-07-24,123.0,0.0,0.0,123.0,120.0,123.0,0.0,700.0,85500.0,3.0,82.0,123.0,2300.0,120.0,500.0,1250023298.0,1250023298.0,123877309.0,0.0,0.0,,0.0,0.0,0.0
2025-07-25,123.0,0.0,0.0,123.0,123.0,123.0,0.0,2200.0,270600.0,6.0,82.0,123.0,21900.0,119.0,11700.0,1250023298.0,1250023298.0,123877309.0,0.0,0.0,,0.0,0.0,0.0
2025-07-28,123.0,0.0,0.0,124.0,117.0,123.0,0.0,1800.0,219700.0,10.0,82.0,123.0,4900.0,120.0,26200.0,1250023298.0,1250023298.0,123877309.0,0.0,0.0,,0.0,0.0,0.0
2025-07-29,123.0,0.0,0.0,123.0,120.0,122.0,-1.0,1200.0,146300.0,6.0,81.3,122.0,53800.0,120.0,4300.0,1250023298.0,1250023298.0,123877309.0,0.0,0.0,,0.0,0.0,0.0
2025-07-30,122.0,0.0,0.0,123.0,122.0,123.0,1.0,1500.0,184100.0,4.0,82.0,123.0,179700.0,122.0,600.0,1250023298.0,1250023298.0,123877309.0,0.0,0.0,,0.0,0.0,0.0
2025-07-31,123.0,0.0,0.0,125.0,120.0,123.0,0.0,2300.0,282900.0,4.0,82.0,123.0,9700.0,120.0,400.0,1250023298.0,1250023298.0,123877309.0,0.0,0.0,,0.0,0.0,0.0
2025-08-01,123.0,0.0,0.0,125.0,122.0,122.0,-1.0,3300.0,406200.0,7.0,81.3,122.0,98000.0,121.0,200.0,1250023298.0,1250023298.0,123877309.0,0.0,0.0,,0.0,0.0,0.0
2025-08-04,122.0,0.0,0.0,124.0,120.0,124.0,2.0,3800.0,460900.0,9.0,82.7,124.0,97700.0,121.0,1100.0,1250023298.0,1250023298.0,123877309.0,0.0,0.0,,0.0,0.0,0.0
2025-08-05,124.0,0.0,0.0,124.0,120.0,120.0,-4.0,3000.0,360800.0,8.0,80.0,122.0,100.0,120.0,2900.0,1250023298.0,1250023298.0,123877309.0,0.0,0.0,,0.0,0.0,0.0
2025-08-06,120.0,0.0,0.0,129.0,108.0,119.0,-1.0,543700.0,65309600.0,111.0,79.3,120.0,500.0,119.0,800.0,1250023298.0,1250023298.0,123877309.0,0.0,0.0,,0.0,0.0,0.0
2025-08-07,119.0,0.0,0.0,124.0,118.0,119.0,0.0,236500.0,28643900.0,51.0,79.3,120.0,45700.0,119.0,23200.0,1250023298.0,1250023298.0,123877309.0,24000.0,0.0,,0.0,0.0,0.0
2025-08-08,119.0,0.0,0.0,123.0,119.0,121.0,2.0,64400.0,7669000.0,19.0,80.7,121.0,900.0,120.0,600.0,1250023298.0,1250023298.0,123877309.0,0.0,0.0,,0.0,0.0,0.0
2025-08-11,121.0,0.0,0.0,121.0,119.0,121.0,0.0,5100.0,614600.0,13.0,80.7,121.0,700.0,120.0,100.0,1250023298.0,1250023298.0,123877309.0,0.0,0.0,,0.0,0.0,0.0
2025-08-12,121.0,0.0,0.0,124.0,116.0,121.0,0.0,15800.0,1942400.0,9.0,80.7,123.0,9700.0,121.0,400.0,1250023298.0,1250023298.0,123877309.0,0.0,0.0,,0.0,0.0,0.0
2025-08-13,121.0,0.0,0.0,123.0,119.0,121.0,0.0,16200.0,1951000.0,9.0,80.7,121.0,6000.0,120.0,300.0,1250023298.0,1250023298.0,123877309.0,0.0,0.0,,0.0,0.0,0.0
2025-08-14,121.0,0.0,0.0,123.0,116.0,123.0,2.0,600.0,73100.0,5.0,82.0,123.0,67300.0,120.0,700.0,1250023298.0,1250023298.0,123877309.0,0.0,0.0,,0.0,0.0,0.0
2025-08-15,123.0,0.0,0.0,123.0,118.0,122.0,-1.0,165000.0,19641900.0,42.0,81.3,122.0,8800.0,119.0,500.0,1250023298.0,1250023298.0,123877309.0,0.0,0.0,,0.0,0.0,0.0
2025-08-19,122.0,0.0,0.0,122.0,118.0,122.0,0.0,69900.0,8322300.0,18.0,81.3,121.0,5000.0,120.0,9700.0,1250023298.0,1250023298.0,123877309.0,0.0,0.0,,0.0,0.0,0.0
2025-08-20,122.0,0.0,0.0,121.0,120.0,121.0,-1.0,12800.0,1546600.0,10.0,80.7,122.0,57600.0,121.0,1900.0,1250023298.0,1250023298.0,123877309.0,0.0,0.0,,0.0,0.0,0.0
2025-08-21,121.0,0.0,0.0,122.0,119.0,120.0,-1.0,6200.0,741500.0,7.0,80.0,122.0,57400.0,121.0,100.0,1250023298.0,1250023298.0,123877309.0,0.0,0.0,,0.0,0.0,0.0
2025-08-22,120.0,0.0,0.0,123.0,119.0,120.0,0.0,40400.0,4821200.0,28.0,80.0,122.0,92300.0,119.0,14400.0,1250023298.0,1250023298.0,123877309.0,0.0,0.0,,0.0,0.0,0.0
2025-08-25,120.0,0.0,0.0,121.0,111.0,120.0,0.0,11400.0,1338900.0,16.0,80.0,121.0,17600.0,120.0,6100.0,1250023298.0,1250023298.0,123877309.0,0.0,0.0,,0.0,0.0,0.0
2025-08-26,120.0,0.0,0.0,121.0,120.0,120.0,0.0,2700.0,325300.0,4.0,80.0,121.0,56300.0,120.0,8200.0,1250023298.0,1250023298.0,123877309.0,0.0,0.0,,0.0,0.0,0.0
2025-08-27,120.0,119.0,119.0,122.0,115.0,118.0,-2.0,167800.0,19695400.0,43.0,78.7,121.0,66100.0,117.0,500.0,1250023298.0,1250023298.0,123877309.0,0.0,0.0,,0.0,0.0,0.0
2025-08-28,118.0,0.0,0.0,119.0,115.0,115.0,-3.0,267800.0,31115500.0,63.0,76.7,117.0,15500.0,115.0,12300.0,1250023298.0,1250023298.0,123877309.0,0.0,0.0,,0.0,0.0,0.0
2025-08-29,115.0,0.0,0.0,119.0,116.0,118.0,3.0,44900.0,5250800.0,32.0,78.7,118.0,2100.0,117.0,100.0,1250023298.0,1250023298.0,123877309.0,0.0,0.0,,0.0,0.0,0.0
2025-09-01,118.0,118.0,118.0,118.0,114.0,116.0,-2.0,69000.0,8098700.0,29.0,77.3,118.0,38600.0,116.0,50000.0,1250023298.0,1250023298.0,123877309.0,0.0,0.0,,0.0,0.0,0.0
2025-09-02,116.0,0.0,0.0,119.0,111.0,119.0,3.0,164100.0,18915500.0,39.0,79.3,118.0,14000.0,116.0,500.0,1250023298.0,1250023298.0,123877309.0,0.0,0.0,,0.0,0.0,0.0
2025-09-03,119.0,0.0,0.0,119.0,117.0,119.0,0.0,34700.0,4095900.0,14.0,79.3,119.0,45100.0,117.0,13400.0,1250023298.0,1250023298.0,123877309.0,0.0,0.0,,0.0,0.0,0.0
2025-09-04,119.0,0.0,0.0,119.0,117.0,118.0,-1.0,68300.0,8073200.0,20.0,78.7,118.0,500.0,116.0,6800.0,1250023298.0,1250023298.0,123877309.0,0.0,0.0,,0.0,0.0,0.0
2025-09-08,118.0,0.0,0.0,118.0,117.0,117.0,-1.0,6100.0,718900.0,4.0,78.0,118.0,28800.0,117.0,1600.0,1250023298.0,1250023298.0,123877309.0,0.0,0.0,,0.0,0.0,0.0
2025-09-09,117.0,117.0,117.0,157.0,112.0,157.0,40.0,7389900.0,1117196000.0,646.0,104.7,0.0,0.0,157.0,1132500.0,1250023298.0,1250023298.0,123877309.0,0.0,0.0,,0.0,0.0,0.0
2025-09-10,157.0,151.0,150.0,151.0,134.0,135.0,-22.0,14064500.0,1952605300.0,2203.0,90.0,135.0,600.0,134.0,954100.0,1250023298.0,1250023298.0,123877309.0,33600.0,33600.0,,0.0,0.0,0.0
2025-09-11,135.0,131.0,134.0,134.0,125.0,128.0,-7.0,4688200.0,598903100.0,1105.0,85.3,128.0,66400.0,126.0,3400.0,1250023298.0,1250023298.0,123877309.0,2500.0,29000.0,,0.0,0.0,0.0
2025-09-12,128.0,124.0,125.0,129.0,124.0,124.0,-4.0,932400.0,116384700.0,359.0,82.7,125.0,13100.0,124.0,3300.0,1250023298.0,1250023298.0,123877309.0,0.0,0.0,,0.0,0.0,0.0
2025-09-15,124.0,126.0,127.0,127.0,122.0,123.0,-1.0,1651500.0,204017500.0,402.0,82.0,124.0,16700.0,123.0,9900.0,1250023298.0,1250023298.0,123877309.0,26500.0,0.0,,0.0,0.0,0.0
2025-09-16,123.0,123.0,127.0,127.0,122.0,123.0,0.0,802200.0,99331000.0,174.0,82.0,124.0,23000.0,123.0,100.0,1250023298.0,1250023298.0,123877309.0,0.0,0.0,,0.0,0.0,0.0
2025-09-17,123.0,126.0,126.0,126.0,118.0,121.0,-2.0,1066400.0,130115500.0,332.0,80.7,122.0,1100.0,121.0,1000.0,1250023298.0,1250023298.0,123877309.0,0.0,0.0,,18100.0,2153900.0,1.0
2025-09-18,121.0,123.0,125.0,125.0,120.0,122.0,1.0,1200600.0,146662900.0,270.0,81.3,122.0,33600.0,120.0,181300.0,1250023298.0,1250023298.0,123877309.0,0.0,0.0,,0.0,0.0,0.0
2025-09-19,122.0,121.0,120.0,123.0,119.0,121.0,-1.0,351400.0,42434300.0,140.0,80.7,121.0,23800.0,120.0,143500.0,1250023298.0,1250023298.0,123877309.0,0.0,0.0,,0.0,0.0,0.0
2025-09-22,121.0,122.0,122.0,135.0,117.0,122.0,1.0,2274200.0,285085700.0,529.0,81.3,122.0,34700.0,120.0,73800.0,1250023298.0,1250023298.0,123877309.0,0.0,0.0,,0.0,0.0,0.0
2025-09-23,122.0,122.0,122.0,123.0,119.0,121.0,-1.0,287400.0,34716600.0,121.0,80.7,121.0,36200.0,120.0,55100.0,1250023298.0,1250023298.0,123877309.0,0.0,0.0,,0.0,0.0,0.0
2025-09-24,121.0,123.0,123.0,126.0,120.0,123.0,2.0,1292700.0,159818000.0,207.0,82.0,125.0,55000.0,123.0,294200.0,1250023298.0,1250023298.0,123877309.0,0.0,160000.0,,0.0,0.0,0.0
2025-09-25,123.0,124.0,124.0,129.0,122.0,124.0,1.0,618900.0,76616800.0,111.0,82.7,124.0,80500.0,123.0,43400.0,1250023298.0,1250023298.0,123877309.0,0.0,0.0,,0.0,0.0,0.0
2025-09-26,124.0,126.0,124.0,126.0,122.0,123.0,-1.0,380400.0,46777000.0,58.0,82.0,124.0,51600.0,123.0,4700.0,1250023298.0,1250023298.0,123877309.0,0.0,0.0,,0.0,0.0,0.0
2025-09-29,123.0,0.0,0.0,124.0,121.0,121.0,-2.0,420000.0,51331600.0,110.0,80.7,122.0,5300.0,121.0,273900.0,1250023298.0,1250023298.0,123877309.0,14800.0,0.0,,0.0,0.0,0.0
2025-09-30,121.0,0.0,0.0,123.0,121.0,122.0,1.0,194400.0,23693700.0,44.0,81.3,122.0,1800.0,121.0,88200.0,1250023298.0,1250023298.0,123877309.0,0.0,0.0,,0.0,0.0,0.0
2025-10-01,122.0,123.0,123.0,124.0,120.0,121.0,-1.0,553500.0,66744600.0,81.0,80.7,122.0,24000.0,121.0,8000.0,1250023298.0,1250023298.0,122627286.0,138600.0,0.0,,0.0,0.0,0.0
2025-10-02,121.0,0.0,0.0,122.0,120.0,120.0,-1.0,123400.0,14838100.0,50.0,80.0,121.0,45000.0,120.0,17300.0,1250023298.0,1250023298.0,122627286.0,6600.0,0.0,,0.0,0.0,0.0
2025-10-03,120.0,0.0,0.0,121.0,110.0,114.0,-6.0,1484700.0,171486600.0,277.0,76.0,117.0,32500.0,113.0,17800.0,1250023298.0,1250023298.0,122627286.0,0.0,0.0,,0.0,0.0,0.0
2025-10-06,114.0,116.0,116.0,119.0,111.0,115.0,1.0,755900.0,87129200.0,216.0,76.7,114.0,17600.0,112.0,2100.0,1250023298.0,1250023298.0,122627286.0,0.0,0.0,,0.0,0.0,0.0
2025-10-07,115.0,115.0,115.0,116.0,113.0,115.0,0.0,232400.0,26454700.0,99.0,76.7,115.0,19300.0,114.0,2900.0,1250023298.0,1250023298.0,122627286.0,0.0,0.0,,0.0,0.0,0.0
2025-10-08,115.0,115.0,116.0,116.0,112.0,116.0,1.0,378400.0,43101100.0,91.0,77.3,117.0,24800.0,116.0,152000.0,1250023298.0,1250023298.0,122627286.0,0.0,0.0,,0.0,0.0,0.0
2025-10-09,116.0,0.0,0.0,117.0,112.0,116.0,0.0,76500.0,8808200.0,76.0,77.3,116.0,20100.0,114.0,500.0,1250023298.0,1250023298.0,122627286.0,0.0,0.0,,0.0,0.0,0.0
2025-10-10,116.0,116.0,116.0,116.0,111.0,115.0,-1.0,222200.0,24962800.0,69.0,76.7,115.0,19300.0,113.0,5000.0,1250023298.0,1250023298.0,122627286.0,0.0,0.0,,0.0,0.0,0.0
2025-10-13,115.0,115.0,115.0,117.0,112.0,117.0,2.0,348500.0,39897700.0,98.0,78.0,117.0,144100.0,114.0,11700.0,1250023298.0,1250023298.0,122627286.0,0.0,0.0,,0.0,0.0,0.0
2025-10-14,117.0,116.0,116.0,117.0,114.0,114.0,-3.0,112400.0,12950900.0,56.0,76.0,114.0,250100.0,113.0,5000.0,1250023298.0,1250023298.0,122627286.0,0.0,0.0,,0.0,0.0,0.0
2025-10-15,114.0,0.0,0.0,114.0,112.0,113.0,-1.0,135100.0,15307000.0,42.0,75.3,114.0,199900.0,113.0,8100.0,1250023298.0,1250023298.0,122627286.0,0.0,0.0,,0.0,0.0,0.0
2025-10-16,113.0,0.0,0.0,114.0,111.0,113.0,0.0,165100.0,18512400.0,61.0,75.3,113.0,12400.0,112.0,100.0,1250023298.0,1250023298.0,122627286.0,0.0,0.0,,0.0,0.0,0.0
2025-10-17,113.0,0.0,0.0,114.0,105.0,108.0,-5.0,422700.0,46470000.0,70.0,72.0,112.0,11100.0,108.0,3900.0,1250023298.0,1250023298.0,122627286.0,0.0,0.0,,0.0,0.0,0.0
2025-10-20,108.0,112.0,108.0,114.0,107.0,110.0,2.0,219400.0,23747800.0,90.0,73.3,111.0,700.0,110.0,700.0,1250023298.0,1250023298.0,122627286.0,0.0,0.0,,0.0,0.0,0.0
2025-10-21,110.0,111.0,111.0,111.0,106.0,109.0,-1.0,206400.0,22449100.0,58.0,72.7,110.0,56600.0,109.0,9600.0,1250023298.0,1250023298.0,122627286.0,0.0,0.0,,0.0,0.0,0.0
2025-10-22,109.0,109.0,109.0,113.0,108.0,111.0,2.0,217800.0,23946900.0,42.0,74.0,111.0,6900.0,109.0,11700.0,1250023298.0,1250023298.0,122627286.0,0.0,0.0,,0.0,0.0,0.0
2025-10-23,111.0,110.0,109.0,113.0,108.0,112.0,1.0,63100.0,6935300.0,44.0,74.7,112.0,60000.0,109.0,1000.0,1250023298.0,1250023298.0,122627286.0,0.0,0.0,,0.0,0.0,0.0
2025-10-24,112.0,112.0,111.0,112.0,110.0,112.0,0.0,72400.0,8035100.0,21.0,74.7,112.0,42700.0,110.0,100.0,1250023298.0,1250023298.0,122627286.0,0.0,0.0,,0.0,0.0,0.0
2025-10-27,112.0,112.0,112.0,151.0,111.0,144.0,32.0,32960500.0,4603650100.0,6450.0,96.0,144.0,497400.0,143.0,5500.0,1250023298.0,1250023298.0,122627286.0,0.0,507700.0,,0.0,0.0,0.0
2025-10-28,144.0,145.0,144.0,149.0,125.0,133.0,-11.0,8486000.0,1168705600.0,1555.0,88.7,133.0,67800.0,131.0,100.0,1250023298.0,1250023298.0,122627286.0,135000.0,1863500.0,,0.0,0.0,0.0
2025-10-29,133.0,133.0,132.0,179.0,114.0,148.0,15.0,34556500.0,5409085100.0,6610.0,98.7,148.0,81200.0,147.0,42000.0,1250023298.0,1250023298.0,122627286.0,0.0,3809100.0,,0.0,0.0,0.0
2025-10-30,148.0,150.0,149.0,150.0,136.0,140.0,-8.0,3553900.0,508892100.0,734.0,93.3,140.0,131100.0,139.0,249100.0,1250023298.0,1250023298.0,122627286.0,38900.0,1380200.0,,0.0,0.0,0.0
2025-10-31,140.0,140.0,139.0,180.0,139.0,162.0,22.0,23119100.0,3891166700.0,5507.0,108.0,163.0,205500.0,161.0,121400.0,1250023298.0,1250023298.0,122627286.0,751000.0,1152100.0,,0.0,0.0,0.0
2025-11-04,181.0,182.0,182.0,185.0,154.0,158.0,-23.0,22561300.0,3601164900.0,3531.0,105.3,158.0,362600.0,157.0,6100.0,1250023298.0,1250023298.0,122627286.0,8232100.0,98200.0,,0.0,0.0,0.0
2025-11-05,158.0,158.0,158.0,159.0,145.0,149.0,-9.0,7167600.0,1080305700.0,1744.0,99.3,149.0,193200.0,148.0,48800.0,1250023298.0,1250023298.0,122627286.0,239600.0,272000.0,,0.0,0.0,0.0
2025-11-06,149.0,153.0,153.0,167.0,150.0,158.0,9.0,22024000.0,3494069200.0,2659.0,105.3,158.0,41000.0,157.0,149700.0,1250023298.0,1250023298.0,122627286.0,380700.0,9831700.0,,0.0,0.0,0.0
2025-11-07,158.0,165.0,165.0,208.0,158.0,200.0,42.0,66915700.0,12840690700.0,7320.0,133.3,202.0,1107800.0,200.0,2240500.0,1250023298.0,1250023298.0,122627286.0,676700.0,22874900.0,,0.0,0.0,0.0
2025-11-10,200.0,224.0,224.0,240.0,200.0,236.0,36.0,70364200.0,15890238400.0,11242.0,157.3,236.0,1808300.0,234.0,112700.0,1250023298.0,1250023298.0,122627286.0,2073500.0,12670600.0,,0.0,0.0,0.0
2025-11-11,236.0,236.0,236.0,238.0,204.0,230.0,-6.0,18491500.0,4061660600.0,3186.0,153.3,230.0,349100.0,228.0,10000.0,1250023298.0,1250023298.0,122627286.0,1695300.0,3738300.0,,0.0,0.0,0.0
2025-11-12,230.0,240.0,242.0,286.0,232.0,286.0,56.0,42474300.0,11521090400.0,6995.0,190.7,0.0,0.0,286.0,2276100.0,1250023298.0,1250023298.0,122627286.0,1255700.0,10300100.0,,0.0,0.0,0.0
2025-11-13,286.0,0.0,0.0,0.0,0.0,286.0,0.0,0.0,0.0,0.0,190.7,0.0,0.0,0.0,0.0,1250023298.0,1250023298.0,122627286.0,0.0,0.0,,0.0,0.0,0.0
2025-11-14,286.0,350.0,348.0,356.0,300.0,356.0,70.0,19878800.0,7016572400.0,2705.0,237.3,0.0,0.0,356.0,6265600.0,1250023298.0,1250023298.0,122627286.0,762200.0,4994700.0,,0.0,0.0,0.0
2025-11-17,356.0,0.0,0.0,0.0,0.0,356.0,0.0,0.0,0.0,0.0,237.3,0.0,0.0,0.0,0.0,1250023298.0,1250023298.0,122627286.0,0.0,0.0,,0.0,0.0,0.0
2025-11-18,356.0,0.0,0.0,0.0,0.0,356.0,0.0,0.0,0.0,0.0,237.3,0.0,0.0,0.0,0.0,1250023298.0,1250023298.0,122627286.0,0.0,0.0,,3788100.0,598519800.0,1.0
2025-11-19,356.0,0.0,0.0,0.0,0.0,356.0,0.0,0.0,0.0,0.0,237.3,0.0,0.0,0.0,0.0,1250023298.0,1250023298.0,122627286.0,0.0,0.0,,0.0,0.0,0.0
2025-11-20,356.0,0.0,0.0,0.0,0.0,356.0,0.0,0.0,0.0,0.0,237.3,0.0,0.0,0.0,0.0,1250023298.0,1250023298.0,122627286.0,0.0,0.0,,0.0,0.0,0.0
2025-11-21,356.0,0.0,0.0,0.0,0.0,356.0,0.0,0.0,0.0,0.0,237.3,0.0,0.0,0.0,0.0,1250023298.0,1250023298.0,122627286.0,0.0,0.0,,0.0,0.0,0.0
2025-11-24,356.0,0.0,0.0,0.0,0.0,356.0,0.0,0.0,0.0,0.0,237.3,0.0,0.0,0.0,0.0,1250023298.0,1250023298.0,122627286.0,0.0,0.0,,3500.0,1400000.0,1.0
2025-11-25,356.0,0.0,0.0,0.0,0.0,356.0,0.0,0.0,0.0,0.0,237.3,0.0,0.0,0.0,0.0,1250023298.0,1250023298.0,122627286.0,0.0,0.0,,0.0,0.0,0.0
2025-11-26,356.0,0.0,0.0,0.0,0.0,356.0,0.0,0.0,0.0,0.0,237.3,0.0,0.0,0.0,0.0,1250023298.0,1250023298.0,122627286.0,0.0,0.0,,0.0,0.0,0.0
2025-11-27,356.0,0.0,0.0,0.0,0.0,356.0,0.0,0.0,0.0,0.0,237.3,0.0,0.0,0.0,0.0,1250023298.0,1250023298.0,122627286.0,0.0,0.0,,0.0,0.0,0.0
2025-11-28,356.0,0.0,0.0,0.0,0.0,356.0,0.0,0.0,0.0,0.0,237.3,0.0,0.0,0.0,0.0,1250023298.0,1250023298.0,122627286.0,0.0,0.0,,10000.0,4000000.0,1.0
2025-12-01,356.0,0.0,0.0,0.0,0.0,356.0,0.0,0.0,0.0,0.0,237.3,0.0,0.0,0.0,0.0,1250023298.0,1250023298.0,122627286.0,0.0,0.0,,68400.0,28321000.0,4.0
2025-12-02,356.0,0.0,0.0,0.0,0.0,356.0,0.0,0.0,0.0,0.0,237.3,0.0,0.0,0.0,0.0,1250023298.0,1250023298.0,122627286.0,0.0,0.0,,86300.0,43150000.0,2.0
2025-12-03,356.0,0.0,0.0,0.0,0.0,356.0,0.0,0.0,0.0,0.0,237.3,0.0,0.0,0.0,0.0,1250023298.0,1250023298.0,122627286.0,0.0,0.0,,10000.0,4500000.0,1.0
2025-12-04,356.0,0.0,0.0,0.0,0.0,356.0,0.0,0.0,0.0,0.0,237.3,0.0,0.0,0.0,0.0,1250023298.0,1250023298.0,122627286.0,0.0,0.0,,83100.0,37681000.0,2.0
2025-12-05,356.0,0.0,0.0,390.0,390.0,390.0,34.0,4133600.0,1612104000.0,193.0,260.0,0.0,0.0,390.0,39763600.0,1250023298.0,1250023298.0,122627286.0,0.0,0.0,,0.0,0.0,0.0
2025-12-08,390.0,0.0,0.0,428.0,428.0,428.0,38.0,1094300.0,468360400.0,120.0,285.3,0.0,0.0,428.0,44008700.0,1250023298.0,1250023298.0,122627286.0,0.0,0.0,,986300.0,448150000.0,3.0
2025-12-09,428.0,0.0,0.0,470.0,470.0,470.0,42.0,2738500.0,1287095000.0,104.0,313.3,0.0,0.0,470.0,35524000.0,1250023298.0,1250023298.0,122627286.0,0.0,83200.0,,250000.0,112500000.0,1.0
2025-12-10,470.0,0.0,0.0,515.0,515.0,515.0,45.0,3107900.0,1600568500.0,93.0,343.3,0.0,0.0,515.0,29313600.0,1250023298.0,1250023298.0,122627286.0,0.0,0.0,,300000.0,195000000.0,1.0
2025-12-11,515.0,0.0,0.0,565.0,565.0,565.0,50.0,1595000.0,901175000.0,90.0,376.7,0.0,0.0,565.0,17391700.0,1250023298.0,1250023298.0,122627286.0,0.0,0.0,,13000.0,9750000.0,1.0
2025-12-12,565.0,0.0,0.0,620.0,620.0,620.0,55.0,10894500.0,6754590000.0,123.0,413.3,0.0,0.0,620.0,30209100.0,1250023298.0,1250023298.0,122627286.0,375000.0,0.0,,1005000.0,703875000.0,2.0
2025-12-15,620.0,0.0,0.0,680.0,680.0,680.0,60.0,13826300.0,9401884000.0,356.0,453.3,680.0,1523600.0,675.0,3600.0,1250023298.0,1250023298.0,122627286.0,124900.0,5340600.0,,150020.0,97511300.0,2.0
2025-12-16,680.0,750.0,755.0,850.0,705.0,850.0,170.0,49760300.0,40763913500.0,7104.0,566.7,0.0,0.0,850.0,7257400.0,1250023298.0,1250023298.0,122627286.0,2311900.0,6905500.0,,100000.0,70000000.0,1.0
2025-12-17,850.0,1000.0,1000.0,1060.0,915.0,1060.0,210.0,35839900.0,36748223000.0,6292.0,706.7,0.0,0.0,1060.0,2085300.0,1250023298.0,1250023298.0,122627286.0,11465900.0,5179000.0,,0.0,0.0,0.0
2025-12-18,1060.0,920.0,920.0,1290.0,915.0,975.0,-85.0,47157600.0,51967736000.0,13099.0,650.0,995.0,6100.0,975.0,104200.0,1250023298.0,1250023298.0,122627286.0,10050900.0,3591600.0,,0.0,0.0,0.0
2025-12-19,975.0,1210.0,1205.0,1210.0,910.0,970.0,-5.0,22301600.0,22951280500.0,6774.0,646.7,975.0,11100.0,970.0,21900.0,1250023298.0,1250023298.0,122627286.0,2304100.0,1873400.0,,500000.0,512500000.0,1.0
2025-12-22,970.0,980.0,980.0,1005.0,825.0,840.0,-130.0,20160100.0,17522979000.0,4252.0,560.0,845.0,23200.0,840.0,41200.0,1250023298.0,1250023298.0,122627286.0,4834100.0,2478200.0,,0.0,0.0,0.0
2025-12-23,840.0,840.0,840.0,865.0,730.0,820.0,-20.0,11084000.0,8636209500.0,2587.0,546.7,820.0,27800.0,815.0,58500.0,1250023298.0,1250023298.0,122627286.0,1709000.0,1900900.0,,500000.0,512500000.0,1.0
2025-12-24,820.0,820.0,820.0,850.0,760.0,820.0,0.0,4072600.0,3233717500.0,1094.0,546.7,820.0,92000.0,790.0,5000.0,1250023298.0,1250023298.0,122627286.0,211900.0,321200.0,,0.0,0.0,0.0
2025-12-29,820.0,820.0,820.0,895.0,780.0,865.0,45.0,5461400.0,4454553500.0,1151.0,576.7,870.0,96800.0,865.0,18200.0,1250023298.0,1250023298.0,122627286.0,655000.0,450100.0,,500200.0,512666000.0,2.0
2025-12-30,865.0,865.0,870.0,910.0,835.0,850.0,-15.0,2851000.0,2498656500.0,863.0,566.7,855.0,100.0,845.0,17200.0,1250023298.0,1250023298.0,122627286.0,483900.0,88600.0,,0.0,0.0,0.0
2026-01-02,850.0,870.0,875.0,880.0,825.0,825.0,-25.0,2840800.0,2393124000.0,670.0,550.0,830.0,17100.0,825.0,575000.0,1250023298.0,1250023298.0,125502339.0,126100.0,544900.0,,0.0,0.0,0.0
2026-01-05,825.0,835.0,835.0,860.0,795.0,855.0,30.0,4119400.0,3383731000.0,943.0,570.0,860.0,65200.0,855.0,186300.0,1250023298.0,1250023298.0,125502339.0,262900.0,724600.0,,0.0,0.0,0.0
2026-01-06,855.0,860.0,860.0,1055.0,825.0,985.0,130.0,10590600.0,10212496500.0,3193.0,656.7,990.0,4000.0,985.0,58000.0,1250023298.0,1250023298.0,125502339.0,1638400.0,1460800.0,,0.0,0.0,0.0
2026-01-07,985.0,1150.0,1100.0,1230.0,1000.0,1185.0,200.0,21744400.0,25625722000.0,6219.0,790.0,1190.0,600.0,1185.0,124500.0,1250023298.0,1250023298.0,125502339.0,4614000.0,1664700.0,,0.0,0.0,0.0
2026-01-08,1185.0,1195.0,1200.0,1270.0,1100.0,1100.0,-85.0,7166600.0,8334998500.0,2593.0,733.3,1105.0,145000.0,1100.0,547400.0,1250023298.0,1250023298.0,125502339.0,1710100.0,586600.0,,0.0,0.0,0.0
2026-01-09,1100.0,1115.0,1115.0,1175.0,995.0,1005.0,-95.0,4843800.0,5083121000.0,1817.0,670.0,1010.0,3500.0,1005.0,62400.0,1250023298.0,1250023298.0,125502339.0,537800.0,382700.0,,0.0,0.0,0.0
2026-01-12,1005.0,1010.0,1010.0,1035.0,900.0,920.0,-85.0,4678000.0,4446969000.0,1610.0,613.3,920.0,49100.0,910.0,25900.0,1250023298.0,1250023298.0,125502339.0,246800.0,694700.0,,0.0,0.0,0.0
2026-01-13,920.0,945.0,945.0,980.0,895.0,970.0,50.0,2967900.0,2789128500.0,1005.0,646.7,970.0,263600.0,965.0,12300.0,1250023298.0,1250023298.0,125502339.0,716800.0,386100.0,,600000.0,676800000.0,1.0
2026-01-14,970.0,970.0,980.0,1180.0,930.0,1105.0,135.0,11007300.0,11841412500.0,3275.0,736.7,1110.0,5500.0,1105.0,28500.0,1250023298.0,1250023298.0,125502339.0,1882200.0,2310400.0,,0.0,0.0,0.0
2026-01-15,1105.0,1140.0,1140.0,1220.0,1110.0,1210.0,105.0,10357500.0,12232199000.0,3044.0,806.7,1215.0,84500.0,1210.0,400000.0,1250023298.0,1250023298.0,125502339.0,3381900.0,1915300.0,,0.0,0.0,0.0
2026-01-19,1210.0,1270.0,1265.0,1290.0,1170.0,1260.0,50.0,10090900.0,12430974500.0,2879.0,840.0,1260.0,12100.0,1255.0,10800.0,1250023298.0,1250023298.0,125502339.0,2228600.0,1611000.0,,500000.0,564000000.0,1.0
2026-01-20,1260.0,1380.0,1375.0,1575.0,1300.0,1575.0,315.0,34087500.0,51866035500.0,11300.0,1050.0,0.0,0.0,1575.0,45100.0,1250023298.0,1250023298.0,125502339.0,11935900.0,3295900.0,,0.0,0.0,0.0
2026-01-21,1575.0,1630.0,1635.0,1870.0,1590.0,1605.0,30.0,28747300.0,48882170500.0,9286.0,1070.0,1635.0,105800.0,1605.0,1110600.0,1250023298.0,1250023298.0,125502339.0,5403100.0,4642400.0,,0.0,0.0,0.0
2026-01-22,1605.0,1635.0,1635.0,1635.0,1365.0,1365.0,-240.0,16758900.0,23794599000.0,5893.0,910.0,1365.0,67900.0,0.0,0.0,1250023298.0,1250023298.0,125502339.0,1723900.0,2904900.0,,500000.0,564000000.0,1.0
2026-01-23,1365.0,1355.0,1350.0,1355.0,1175.0,1220.0,-145.0,7901100.0,9743241000.0,2204.0,813.3,1225.0,94100.0,1220.0,20500.0,1250023298.0,1250023298.0,125502339.0,950400.0,3407100.0,,0.0,0.0,0.0
2026-01-26,1220.0,1245.0,1250.0,1385.0,1120.0,1165.0,-55.0,9464100.0,11710023000.0,3720.0,776.7,1180.0,2500.0,1165.0,13200.0,1250023298.0,1250023298.0,125502339.0,3566000.0,1576000.0,,0.0,0.0,0.0
2026-01-27,1165.0,1165.0,1165.0,1275.0,1050.0,1275.0,110.0,8056800.0,9503804000.0,2643.0,850.0,1275.0,99600.0,1270.0,26000.0,1250023298.0,1250023298.0,125502339.0,2148400.0,2683400.0,,500000.0,589500000.0,1.0
2026-01-28,1275.0,1150.0,1150.0,1225.0,1085.0,1140.0,-135.0,11206800.0,12580467500.0,2280.0,760.0,1140.0,180100.0,1135.0,15400.0,1250023298.0,1250023298.0,125502339.0,2081000.0,2798700.0,,0.0,0.0,0.0
2026-01-29,1140.0,1140.0,1135.0,1295.0,985.0,1235.0,95.0,8080700.0,9456118500.0,2378.0,823.3,1235.0,122700.0,1220.0,49100.0,1250023298.0,1250023298.0,125502339.0,2037500.0,2985600.0,,0.0,0.0,0.0
2026-01-30,1235.0,1300.0,1260.0,1335.0,1200.0,1265.0,30.0,3382600.0,4270671500.0,1412.0,843.3,1265.0,35100.0,1260.0,300.0,1250023298.0,1250023298.0,125502339.0,1070800.0,888000.0,,0.0,0.0,0.0
2026-02-02,1265.0,1220.0,1220.0,1260.0,1085.0,1220.0,-45.0,6166300.0,7140328000.0,1213.0,813.3,1220.0,110000.0,1215.0,16800.0,1250023298.0,1250023298.0,125502339.0,1107200.0,1763000.0,,0.0,0.0,0.0
2026-02-03,1220.0,1220.0,1220.0,1265.0,1170.0,1230.0,10.0,4496100.0,5452716000.0,1184.0,820.0,1230.0,4200.0,1225.0,17300.0,1250023298.0,1250023298.0,125502339.0,743400.0,1084800.0,,0.0,0.0,0.0
2026-02-04,1230.0,1230.0,1230.0,1260.0,1185.0,1205.0,-25.0,2045100.0,2497606500.0,583.0,803.3,1205.0,3300.0,1200.0,1800.0,1250023298.0,1250023298.0,125502339.0,565700.0,811100.0,,0.0,0.0,0.0
2026-02-05,1205.0,1205.0,1205.0,1280.0,1190.0,1230.0,25.0,1955900.0,2416454500.0,720.0,820.0,1230.0,1400.0,1220.0,6800.0,1250023298.0,1250023298.0,125502339.0,484700.0,955800.0,,20.0,24000.0,1.0
2026-02-06,1230.0,1180.0,1180.0,1240.0,1110.0,1155.0,-75.0,2311200.0,2696109500.0,732.0,770.0,1160.0,6200.0,1155.0,99000.0,1250023298.0,1250023298.0,125502339.0,703500.0,600800.0,,0.0,0.0,0.0
2026-02-09,1155.0,1150.0,1155.0,1180.0,1110.0,1150.0,-5.0,1367700.0,1564703500.0,439.0,766.7,1150.0,19600.0,1145.0,100.0,1250023298.0,1250023298.0,125502339.0,410600.0,694100.0,,0.0,0.0,0.0
2026-02-10,1150.0,0.0,0.0,1245.0,1140.0,1175.0,25.0,1094400.0,1291092500.0,486.0,783.3,1185.0,200.0,1175.0,71000.0,1250023298.0,1250023298.0,125502339.0,278900.0,357900.0,,5000.0,5900000.0,1.0
2026-02-11,1175.0,1200.0,1195.0,1210.0,1165.0,1175.0,0.0,1580500.0,1870800500.0,623.0,783.3,1195.0,24500.0,1175.0,41600.0,1250023298.0,1250023298.0,125502339.0,136700.0,645200.0,,0.0,0.0,0.0
2026-02-12,1175.0,1190.0,1190.0,1240.0,1160.0,1200.0,25.0,1160200.0,1370245500.0,402.0,800.0,1200.0,134300.0,1190.0,3800.0,1250023298.0,1250023298.0,125502339.0,317600.0,362800.0,,0.0,0.0,0.0
2026-02-13,1200.0,1180.0,1180.0,1205.0,1165.0,1175.0,-25.0,1060100.0,1256235500.0,412.0,783.3,1185.0,200.0,1175.0,2400.0,1250023298.0,1250023298.0,125502339.0,483600.0,454000.0,,0.0,0.0,0.0
2026-02-18,1175.0,1185.0,1185.0,1285.0,1160.0,1205.0,30.0,1956400.0,2359920500.0,617.0,803.3,1215.0,900.0,1205.0,88600.0,1250023298.0,1250023298.0,125502339.0,362900.0,1024200.0,,0.0,0.0,0.0
2026-02-19,1205.0,0.0,0.0,1225.0,1130.0,1150.0,-55.0,3216300.0,3750423500.0,715.0,766.7,1150.0,86300.0,1145.0,31500.0,1250023298.0,1250023298.0,125502339.0,713100.0,47000.0,,0.0,0.0,0.0
2026-02-20,1150.0,1140.0,1135.0,1160.0,1050.0,1110.0,-40.0,1830700.0,2033406000.0,561.0,740.0,1115.0,3100.0,1110.0,99300.0,1250023298.0,1250023298.0,125502339.0,679700.0,771700.0,,0.0,0.0,0.0
2026-02-23,1110.0,1130.0,1130.0,1150.0,1055.0,1085.0,-25.0,1595500.0,1745584500.0,737.0,723.3,1085.0,1400.0,1080.0,100.0,1250023298.0,1250023298.0,125502339.0,632400.0,464900.0,,0.0,0.0,0.0
2026-02-24,1085.0,1080.0,1075.0,1140.0,1045.0,1045.0,-40.0,1738800.0,1859921000.0,560.0,696.7,1065.0,13700.0,1040.0,7800.0,1250023298.0,1250023298.0,125502339.0,690200.0,600900.0,,0.0,0.0,0.0
2026-02-25,1045.0,1060.0,1060.0,1075.0,1000.0,1055.0,10.0,1868800.0,1937120500.0,552.0,703.3,1055.0,2500.0,1050.0,200.0,1250023298.0,1250023298.0,125502339.0,988900.0,411200.0,,0.0,0.0,0.0
2026-02-26,1055.0,1050.0,1050.0,1050.0,985.0,995.0,-60.0,1741100.0,1748316500.0,590.0,663.3,995.0,1600.0,985.0,15500.0,1250023298.0,1250023298.0,125502339.0,129200.0,635200.0,,0.0,0.0,0.0
2026-02-27,995.0,1000.0,1020.0,1020.0,930.0,995.0,0.0,1968100.0,1899368000.0,405.0,663.3,1000.0,15200.0,995.0,12000.0,1250023298.0,1250023298.0,125502339.0,1220500.0,1156600.0,,0.0,0.0,0.0
2026-03-02,995.0,950.0,950.0,950.0,850.0,850.0,-145.0,4486300.0,3940361000.0,918.0,566.7,850.0,144300.0,0.0,0.0,1250023298.0,1250023298.0,125502339.0,323900.0,1938200.0,,0.0,0.0,0.0
2026-03-03,850.0,850.0,850.0,995.0,825.0,910.0,60.0,1410900.0,1278976000.0,638.0,606.7,915.0,300.0,910.0,2500.0,1250023298.0,1250023298.0,125502339.0,522000.0,535500.0,,0.0,0.0,0.0
2026-03-04,910.0,910.0,910.0,995.0,865.0,925.0,15.0,1154000.0,1057392500.0,638.0,616.7,930.0,10000.0,925.0,3000.0,1250023298.0,1250023298.0,125502339.0,352600.0,559300.0,,0.0,0.0,0.0
2026-03-05,925.0,930.0,930.0,995.0,910.0,950.0,25.0,546000.0,520210000.0,263.0,633.3,980.0,700.0,955.0,205200.0,1250023298.0,1250023298.0,125502339.0,315400.0,336400.0,,0.0,0.0,0.0
2026-03-06,950.0,950.0,955.0,1110.0,950.0,1065.0,115.0,3185400.0,3315038000.0,916.0,710.0,1075.0,100.0,1065.0,30400.0,1250023298.0,1250023298.0,125502339.0,551900.0,1529500.0,,0.0,0.0,0.0
2026-03-09,1065.0,1055.0,1050.0,1055.0,960.0,980.0,-85.0,889200.0,880519500.0,411.0,653.3,995.0,13900.0,980.0,79300.0,1250023298.0,1250023298.0,125502339.0,274400.0,466500.0,,0.0,0.0,0.0
2026-03-10,980.0,980.0,1005.0,1040.0,940.0,985.0,5.0,730000.0,709875500.0,252.0,656.7,985.0,4900.0,960.0,38400.0,1250023298.0,1250023298.0,125502339.0,197600.0,351000.0,,0.0,0.0,0.0
2026-03-11,985.0,0.0,0.0,1015.0,915.0,935.0,-50.0,637800.0,598555000.0,246.0,623.3,935.0,3600.0,920.0,117600.0,1250023298.0,1250023298.0,125502339.0,149300.0,363000.0,,0.0,0.0,0.0
2026-03-12,935.0,935.0,935.0,965.0,865.0,895.0,-40.0,646800.0,582965000.0,255.0,596.7,895.0,2500.0,885.0,400.0,1250023298.0,1250023298.0,125502339.0,168900.0,338700.0,,0.0,0.0,0.0
2026-03-13,895.0,915.0,895.0,915.0,845.0,885.0,-10.0,744000.0,651389000.0,222.0,590.0,900.0,100.0,885.0,100.0,1250023298.0,1250023298.0,125502339.0,112400.0,428600.0,,0.0,0.0,0.0
2026-03-16,885.0,835.0,875.0,930.0,815.0,885.0,0.0,1064400.0,940075000.0,226.0,590.0,905.0,2100.0,885.0,2200.0,1250023298.0,1250023298.0,125502339.0,41500.0,844400.0,,0.0,0.0,0.0
2026-03-17,885.0,0.0,0.0,945.0,895.0,915.0,30.0,174500.0,158198000.0,136.0,610.0,915.0,1900.0,910.0,1800.0,1250023298.0,1250023298.0,125502339.0,13200.0,77700.0,,0.0,0.0,0.0
2026-03-25,915.0,915.0,915.0,995.0,895.0,915.0,0.0,612500.0,594718000.0,216.0,610.0,970.0,1000.0,915.0,6600.0,1250023298.0,1250023298.0,125502339.0,124300.0,325200.0,,0.0,0.0,0.0
2026-03-26,915.0,920.0,925.0,990.0,920.0,955.0,40.0,212700.0,203745500.0,128.0,636.7,960.0,4400.0,945.0,5700.0,1250023298.0,1250023298.0,125502339.0,44500.0,139900.0,,0.0,0.0,0.0
2026-03-27,955.0,0.0,0.0,975.0,920.0,925.0,-30.0,164900.0,156516000.0,77.0,616.7,955.0,3600.0,925.0,66500.0,1250023298.0,1250023298.0,125502339.0,26100.0,99100.0,,0.0,0.0,0.0
2026-03-30,925.0,930.0,930.0,990.0,915.0,980.0,55.0,380700.0,361964000.0,129.0,653.3,980.0,51900.0,955.0,500.0,1250023298.0,1250023298.0,125502339.0,15100.0,283000.0,,0.0,0.0,0.0
2026-03-31,980.0,0.0,0.0,985.0,945.0,975.0,-5.0,61200.0,59242500.0,92.0,650.0,980.0,8000.0,950.0,4300.0,1250023298.0,1250023298.0,125502339.0,9900.0,29800.0,,0.0,0.0,0.0
2026-04-01,975.0,0.0,0.0,995.0,965.0,995.0,20.0,205000.0,200876500.0,102.0,663.3,995.0,7100.0,990.0,3000.0,1250023298.0,1250023298.0,151877831.0,51700.0,92300.0,,0.0,0.0,0.0
2026-04-02,995.0,990.0,980.0,1000.0,915.0,955.0,-40.0,370500.0,347930500.0,193.0,636.7,950.0,9900.0,925.0,5500.0,1250023298.0,1250023298.0,151877831.0,182500.0,200500.0,,0.0,0.0,0.0
2026-04-06,955.0,910.0,910.0,950.0,895.0,930.0,-25.0,481000.0,436005000.0,146.0,620.0,930.0,500.0,925.0,1600.0,1250023298.0,1250023298.0,151877831.0,27200.0,179000.0,,0.0,0.0,0.0
2026-04-07,930.0,930.0,925.0,955.0,900.0,940.0,10.0,107900.0,99136000.0,106.0,626.7,940.0,5900.0,935.0,200.0,1250023298.0,1250023298.0,151877831.0,19700.0,35600.0,,20960000.0,8384000000.0,1.0
2026-04-08,940.0,940.0,940.0,990.0,930.0,960.0,20.0,161400.0,153403500.0,136.0,640.0,985.0,4400.0,960.0,35300.0,1250023298.0,1250023298.0,151877831.0,35200.0,69200.0,,0.0,0.0,0.0
2026-04-09,960.0,960.0,960.0,985.0,900.0,960.0,0.0,107500.0,100969500.0,148.0,640.0,945.0,3000.0,935.0,100.0,1250023298.0,1250023298.0,151877831.0,40300.0,13100.0,,0.0,0.0,0.0
2026-04-10,960.0,960.0,930.0,970.0,920.0,935.0,-25.0,234400.0,219807500.0,248.0,623.3,945.0,3200.0,935.0,1400.0,1250023298.0,1250023298.0,151877831.0,52200.0,18600.0,,0.0,0.0,0.0
2026-04-13,935.0,945.0,935.0,985.0,900.0,925.0,-10.0,483400.0,451677500.0,290.0,616.7,935.0,1000.0,925.0,6100.0,1250023298.0,1250023298.0,151877831.0,65900.0,11800.0,,0.0,0.0,0.0
2026-04-14,925.0,925.0,925.0,945.0,920.0,930.0,5.0,472800.0,439232500.0,249.0,620.0,935.0,20000.0,930.0,1800.0,1250023298.0,1250023298.0,151877831.0,51400.0,8000.0,,0.0,0.0,0.0
2026-04-15,930.0,0.0,0.0,975.0,920.0,935.0,5.0,210200.0,198948500.0,173.0,623.3,955.0,1600.0,935.0,5600.0,1250023298.0,1250023298.0,151877831.0,34200.0,18300.0,,0.0,0.0,0.0
2026-04-16,935.0,945.0,945.0,945.0,920.0,940.0,5.0,221400.0,205890500.0,111.0,626.7,945.0,7600.0,940.0,800.0,1250023298.0,1250023298.0,151877831.0,27900.0,110200.0,,0.0,0.0,0.0
2026-04-17,940.0,0.0,0.0,985.0,940.0,985.0,45.0,1062500.0,1027262500.0,179.0,656.7,985.0,20000.0,980.0,63900.0,1250023298.0,1250023298.0,151877831.0,424500.0,119800.0,,0.0,0.0,0.0
2026-04-20,985.0,990.0,990.0,1045.0,955.0,980.0,-5.0,790200.0,778045000.0,339.0,653.3,990.0,200.0,980.0,20300.0,1250023298.0,1250023298.0,151877831.0,104700.0,48900.0,,0.0,0.0,0.0
2026-04-21,980.0,0.0,0.0,995.0,940.0,975.0,-5.0,560100.0,538220500.0,186.0,650.0,975.0,11900.0,955.0,49400.0,1250023298.0,1250023298.0,151877831.0,122300.0,113000.0,,0.0,0.0,0.0
2026-04-22,975.0,955.0,955.0,1020.0,955.0,990.0,15.0,571800.0,574274000.0,296.0,660.0,1005.0,5000.0,990.0,6400.0,1250023298.0,1250023298.0,151877831.0,143000.0,202900.0,,0.0,0.0,0.0
2026-04-23,990.0,1000.0,1005.0,1160.0,990.0,1050.0,60.0,3854600.0,4202818500.0,1678.0,700.0,1060.0,4900.0,1050.0,40200.0,1250023298.0,1250023298.0,151877831.0,1289900.0,40900.0,,7500.0,6337500.0,1.0
2026-04-24,1050.0,1055.0,1050.0,1310.0,970.0,1175.0,125.0,12306100.0,14622160000.0,4151.0,783.3,1175.0,22400.0,1170.0,18700.0,1250023298.0,1250023298.0,151877831.0,3679800.0,443900.0,,0.0,0.0,0.0
2026-04-27,1175.0,1200.0,1200.0,1350.0,1000.0,1005.0,-170.0,9956000.0,11280783500.0,3856.0,670.0,1015.0,6000.0,1005.0,900.0,1250023298.0,1250023298.0,151877831.0,2847400.0,518700.0,,0.0,0.0,0.0
2026-04-28,1005.0,1005.0,1005.0,1040.0,970.0,1010.0,5.0,752200.0,751436500.0,589.0,673.3,1010.0,9700.0,1000.0,20000.0,1250023298.0,1250023298.0,151877831.0,76000.0,12500.0,,0.0,0.0,0.0
2026-04-29,1010.0,1010.0,1010.0,1180.0,965.0,985.0,-25.0,5872400.0,5975956000.0,1588.0,656.7,985.0,31100.0,980.0,16900.0,1250023298.0,1250023298.0,151877831.0,234300.0,451200.0,,0.0,0.0,0.0
2026-04-30,985.0,1000.0,1000.0,1000.0,925.0,950.0,-35.0,2701800.0,2574394000.0,717.0,633.3,950.0,101500.0,945.0,2300.0,1250023298.0,1250023298.0,151877831.0,137700.0,434700.0,,0.0,0.0,0.0
2026-05-04,950.0,955.0,955.0,990.0,945.0,945.0,-5.0,564300.0,542772000.0,326.0,630.0,970.0,1100.0,945.0,22000.0,1250023298.0,1250023298.0,151877831.0,81900.0,106200.0,,0.0,0.0,0.0
2026-05-05,945.0,945.0,970.0,980.0,920.0,950.0,5.0,638200.0,598033500.0,290.0,633.3,945.0,400.0,925.0,19000.0,1250023298.0,1250023298.0,151877831.0,32100.0,249800.0,,0.0,0.0,0.0
2026-05-06,950.0,950.0,945.0,970.0,925.0,950.0,0.0,1822400.0,1723161500.0,312.0,633.3,950.0,600.0,945.0,2800.0,1250023298.0,1250023298.0,151877831.0,137500.0,325200.0,,0.0,0.0,0.0
2026-05-07,950.0,950.0,940.0,980.0,940.0,960.0,10.0,431500.0,411217500.0,207.0,640.0,960.0,12100.0,950.0,900.0,1250023298.0,1250023298.0,151877831.0,45100.0,30000.0,,0.0,0.0,0.0
2026-05-08,960.0,0.0,0.0,980.0,930.0,945.0,-15.0,493100.0,469572000.0,191.0,630.0,960.0,6500.0,945.0,500.0,1250023298.0,1250023298.0,151877831.0,116900.0,1300.0,,0.0,0.0,0.0
