date,previous,open_price,first_trade,high,low,close,change,volume,value,frequency,index_individual,offer,offer_volume,bid,bid_volume,listed_shares,tradeble_shares,weight_for_index,foreign_sell,foreign_buy,delisting_date,non_regular_volume,non_regular_value,non_regular_frequency
2023-10-06,120.0,0.0,0.0,142.0,84.0,84.0,-36.0,554147700.0,57183573700.0,45075.0,70.0,85.0,97600.0,84.0,724300.0,4415590000.0,450000000.0,889620000.0,15127100.0,14799800.0,,0.0,0.0,0.0
2023-10-09,84.0,0.0,0.0,86.0,60.0,68.0,-16.0,129297000.0,9842149900.0,11748.0,56.7,69.0,275300.0,68.0,5140900.0,4415590000.0,450000000.0,889620000.0,4206800.0,5217700.0,,0.0,0.0,0.0
2023-10-10,68.0,0.0,0.0,78.0,69.0,77.0,9.0,101527200.0,7518052600.0,8765.0,64.2,78.0,2017100.0,77.0,535600.0,4415590000.0,450000000.0,889620000.0,4356700.0,4150300.0,,1500.0,175500.0,1.0
2023-10-11,77.0,0.0,0.0,78.0,70.0,72.0,-5.0,37749700.0,2775914400.0,3200.0,60.0,73.0,76300.0,72.0,2149700.0,4415590000.0,450000000.0,889620000.0,50000.0,127000.0,,0.0,0.0,0.0
2023-10-12,72.0,0.0,0.0,74.0,68.0,69.0,-3.0,24588700.0,1741093900.0,2372.0,57.5,70.0,23300.0,69.0,386100.0,4415590000.0,450000000.0,889620000.0,29400.0,101800.0,,0.0,0.0,0.0
2023-10-13,69.0,0.0,0.0,71.0,61.0,67.0,-2.0,16164200.0,1107224800.0,1508.0,55.8,68.0,394600.0,67.0,5209600.0,4415590000.0,450000000.0,889620000.0,14700.0,104300.0,,0.0,0.0,0.0
2023-10-16,67.0,0.0,0.0,73.0,66.0,69.0,2.0,35695300.0,2463368400.0,3365.0,57.5,69.0,5000.0,68.0,7300.0,4415590000.0,450000000.0,889620000.0,22000.0,16200.0,,0.0,0.0,0.0
2023-10-17,69.0,0.0,0.0,70.0,66.0,67.0,-2.0,18816000.0,1269621800.0,1051.0,55.8,68.0,268300.0,67.0,105600.0,4415590000.0,450000000.0,889620000.0,27100.0,74600.0,,0.0,0.0,0.0
2023-10-18,67.0,0.0,0.0,68.0,64.0,66.0,-1.0,17682300.0,1162057400.0,1135.0,55.0,67.0,1372400.0,66.0,12227900.0,4415590000.0,450000000.0,889620000.0,0.0,42500.0,,0.0,0.0,0.0
2023-10-19,66.0,0.0,0.0,75.0,65.0,66.0,0.0,20144700.0,1348197800.0,3442.0,55.0,66.0,113200.0,65.0,1947700.0,4415590000.0,450000000.0,889620000.0,42500.0,28800.0,,0.0,0.0,0.0
2023-10-20,66.0,0.0,0.0,66.0,62.0,63.0,-3.0,12589100.0,805346200.0,1303.0,52.5,64.0,299600.0,63.0,441900.0,4415590000.0,450000000.0,889620000.0,0.0,0.0,,0.0,0.0,0.0
2023-10-23,63.0,0.0,0.0,66.0,58.0,59.0,-4.0,23468200.0,1419215800.0,1885.0,49.2,60.0,842000.0,59.0,1982900.0,4415590000.0,450000000.0,889620000.0,59300.0,0.0,,0.0,0.0,0.0
2023-10-24,59.0,0.0,0.0,64.0,58.0,61.0,2.0,12042600.0,734873000.0,675.0,50.8,62.0,775200.0,61.0,19338400.0,4415590000.0,450000000.0,889620000.0,0.0,0.0,,0.0,0.0,0.0
2023-10-25,61.0,0.0,0.0,69.0,59.0,60.0,-1.0,71983000.0,4508781800.0,28932.0,50.0,61.0,407400.0,60.0,308500.0,4415590000.0,450000000.0,889620000.0,0.0,0.0,,0.0,0.0,0.0
2023-10-26,60.0,0.0,0.0,61.0,50.0,58.0,-2.0,7843300.0,463601800.0,538.0,48.3,58.0,518100.0,57.0,274100.0,4415590000.0,450000000.0,889620000.0,0.0,0.0,,0.0,0.0,0.0
2023-10-27,58.0,0.0,0.0,59.0,55.0,55.0,-3.0,13012100.0,731251900.0,823.0,45.8,56.0,56700.0,55.0,322700.0,4415590000.0,450000000.0,889620000.0,0.0,35700.0,,0.0,0.0,0.0
2023-10-30,55.0,0.0,0.0,57.0,54.0,54.0,-1.0,10886800.0,593195200.0,640.0,45.0,55.0,529500.0,54.0,5379300.0,4415590000.0,450000000.0,889620000.0,0.0,0.0,,0.0,0.0,0.0
2023-10-31,54.0,0.0,0.0,62.0,52.0,53.0,-1.0,44296300.0,2491505600.0,2211.0,44.2,53.0,512100.0,52.0,1068300.0,4415590000.0,450000000.0,889620000.0,0.0,0.0,,0.0,0.0,0.0
2023-11-01,53.0,0.0,0.0,53.0,50.0,51.0,-2.0,14852700.0,764539900.0,740.0,42.5,52.0,292300.0,51.0,1948000.0,4415590000.0,450000000.0,889620000.0,0.0,0.0,,0.0,0.0,0.0
2023-11-02,51.0,0.0,0.0,52.0,50.0,50.0,-1.0,30110800.0,1512856400.0,4093.0,41.7,51.0,1749600.0,50.0,4992100.0,4415590000.0,450000000.0,889620000.0,0.0,0.0,,0.0,0.0,0.0
2023-11-03,50.0,0.0,0.0,52.0,50.0,50.0,0.0,11477600.0,577255100.0,679.0,41.7,51.0,254600.0,50.0,860100.0,4415590000.0,450000000.0,889620000.0,0.0,0.0,,0.0,0.0,0.0
2023-11-06,50.0,0.0,0.0,51.0,50.0,50.0,0.0,7622900.0,381293600.0,460.0,41.7,50.0,372800.0,0.0,0.0,4415590000.0,450000000.0,889620000.0,0.0,0.0,,0.0,0.0,0.0
2023-11-07,50.0,0.0,0.0,54.0,50.0,50.0,0.0,11017800.0,560899900.0,924.0,41.7,51.0,1089600.0,50.0,1774800.0,4415590000.0,450000000.0,889620000.0,0.0,0.0,,0.0,0.0,0.0
2023-11-08,50.0,0.0,0.0,51.0,50.0,50.0,0.0,7285000.0,364342700.0,740.0,41.7,51.0,2232600.0,50.0,4000.0,4415590000.0,450000000.0,889620000.0,0.0,0.0,,0.0,0.0,0.0
2023-11-09,50.0,0.0,0.0,51.0,50.0,50.0,0.0,2627700.0,131404000.0,288.0,41.7,51.0,3226600.0,50.0,7700.0,4415590000.0,450000000.0,889620000.0,0.0,0.0,,0.0,0.0,0.0
2023-11-10,50.0,0.0,0.0,50.0,50.0,50.0,0.0,1623900.0,81195000.0,188.0,41.7,50.0,829800.0,0.0,0.0,4415590000.0,450000000.0,889620000.0,0.0,0.0,,0.0,0.0,0.0
2023-11-13,50.0,0.0,0.0,51.0,50.0,50.0,0.0,4126300.0,206651100.0,897.0,41.7,51.0,3191100.0,50.0,1861900.0,4415590000.0,450000000.0,889620000.0,0.0,0.0,,0.0,0.0,0.0
2023-11-14,50.0,0.0,0.0,51.0,50.0,51.0,1.0,5578300.0,279018000.0,193.0,42.5,51.0,1537500.0,50.0,562400.0,4415590000.0,450000000.0,889620000.0,0.0,0.0,,0.0,0.0,0.0
2023-11-15,51.0,0.0,0.0,51.0,50.0,50.0,-1.0,1403600.0,70311300.0,166.0,41.7,51.0,1256000.0,50.0,1131000.0,4415590000.0,450000000.0,889620000.0,0.0,0.0,,0.0,0.0,0.0
2023-11-16,50.0,0.0,0.0,63.0,50.0,57.0,7.0,26584300.0,1498061600.0,1155.0,47.5,57.0,2120900.0,56.0,1014300.0,4415590000.0,450000000.0,889620000.0,0.0,0.0,,0.0,0.0,0.0
2023-11-17,57.0,0.0,0.0,58.0,50.0,51.0,-6.0,28669800.0,1525947900.0,2626.0,42.5,52.0,30100.0,51.0,2124200.0,4415590000.0,450000000.0,889620000.0,0.0,0.0,,0.0,0.0,0.0
2023-11-20,51.0,0.0,0.0,52.0,50.0,51.0,0.0,6725900.0,341349100.0,326.0,42.5,52.0,526500.0,51.0,1664900.0,4415590000.0,450000000.0,889620000.0,0.0,1413600.0,,0.0,0.0,0.0
2023-11-21,51.0,0.0,0.0,56.0,50.0,52.0,1.0,17185100.0,905090200.0,906.0,43.3,52.0,344200.0,51.0,1378200.0,4415590000.0,450000000.0,889620000.0,2800.0,1586400.0,,0.0,0.0,0.0
2023-11-22,52.0,0.0,0.0,53.0,50.0,51.0,-1.0,4526500.0,231832500.0,311.0,42.5,51.0,120200.0,50.0,9016600.0,4415590000.0,450000000.0,889620000.0,100.0,0.0,,1000.0,51000.0,1.0
2023-11-23,51.0,0.0,0.0,52.0,50.0,51.0,0.0,1277400.0,65198500.0,166.0,42.5,51.0,28800.0,50.0,4282900.0,4415590000.0,450000000.0,889620000.0,0.0,0.0,,0.0,0.0,0.0
2023-11-24,51.0,0.0,0.0,52.0,50.0,51.0,0.0,3309800.0,168761300.0,157.0,42.5,51.0,48700.0,50.0,3579500.0,4415590000.0,450000000.0,889620000.0,0.0,0.0,,0.0,0.0,0.0
2023-11-27,51.0,0.0,0.0,53.0,50.0,50.0,-1.0,4171600.0,210056000.0,235.0,41.7,51.0,49200.0,50.0,4449200.0,4415590000.0,450000000.0,889620000.0,1500000.0,0.0,,0.0,0.0,0.0
2023-11-28,50.0,0.0,0.0,52.0,50.0,51.0,1.0,2295100.0,116228800.0,181.0,42.5,51.0,282400.0,50.0,4652500.0,4415590000.0,450000000.0,889620000.0,0.0,0.0,,0.0,0.0,0.0
2023-11-29,51.0,0.0,0.0,51.0,50.0,50.0,-1.0,4634200.0,231796800.0,214.0,41.7,51.0,1291700.0,50.0,6883800.0,4415590000.0,450000000.0,889620000.0,0.0,0.0,,0.0,0.0,0.0
2023-11-30,50.0,0.0,0.0,51.0,50.0,50.0,0.0,3782000.0,189226800.0,209.0,41.7,51.0,1161100.0,50.0,239000.0,4415590000.0,450000000.0,889620000.0,0.0,0.0,,0.0,0.0,0.0
2023-12-01,50.0,0.0,0.0,51.0,50.0,50.0,0.0,1411400.0,70634500.0,99.0,41.7,51.0,2731200.0,50.0,5463400.0,4415590000.0,450000000.0,889620000.0,0.0,0.0,,0.0,0.0,0.0
2023-12-04,50.0,0.0,0.0,51.0,50.0,50.0,0.0,2303900.0,115221600.0,194.0,41.7,51.0,1811500.0,50.0,28200.0,4415590000.0,450000000.0,889620000.0,0.0,0.0,,0.0,0.0,0.0
2023-12-05,50.0,0.0,0.0,51.0,50.0,50.0,0.0,4267100.0,213356800.0,213.0,41.7,51.0,1668500.0,50.0,13200.0,4415590000.0,450000000.0,889620000.0,1500000.0,0.0,,0.0,0.0,0.0
2023-12-06,50.0,0.0,0.0,51.0,50.0,50.0,0.0,946200.0,47311000.0,90.0,41.7,50.0,608000.0,0.0,0.0,4415590000.0,450000000.0,889620000.0,0.0,0.0,,0.0,0.0,0.0
2023-12-07,50.0,0.0,0.0,51.0,50.0,50.0,0.0,821600.0,41080100.0,73.0,41.7,50.0,875800.0,0.0,0.0,4415590000.0,450000000.0,889620000.0,0.0,0.0,,0.0,0.0,0.0
2023-12-08,50.0,0.0,0.0,50.0,50.0,50.0,0.0,254700.0,12735000.0,38.0,41.7,50.0,1111500.0,0.0,0.0,4415590000.0,450000000.0,889620000.0,0.0,0.0,,0.0,0.0,0.0
2023-12-11,50.0,0.0,0.0,50.0,50.0,50.0,0.0,198200.0,9910000.0,23.0,41.7,50.0,3409600.0,0.0,0.0,4415590000.0,450000000.0,889620000.0,0.0,0.0,,0.0,0.0,0.0
2023-12-12,50.0,0.0,0.0,50.0,50.0,50.0,0.0,311700.0,15585000.0,27.0,41.7,50.0,3277800.0,0.0,0.0,4415590000.0,450000000.0,889620000.0,0.0,0.0,,0.0,0.0,0.0
2023-12-13,50.0,0.0,0.0,50.0,50.0,50.0,0.0,152500.0,7625000.0,27.0,41.7,50.0,1886900.0,0.0,0.0,4415590000.0,450000000.0,889620000.0,0.0,0.0,,0.0,0.0,0.0
2023-12-14,50.0,0.0,0.0,50.0,50.0,50.0,0.0,610400.0,30520000.0,24.0,41.7,50.0,3708800.0,0.0,0.0,4415590000.0,450000000.0,889620000.0,0.0,0.0,,0.0,0.0,0.0
2023-12-15,50.0,0.0,0.0,50.0,50.0,50.0,0.0,1036600.0,51830000.0,21.0,41.7,50.0,2246800.0,0.0,0.0,4415590000.0,450000000.0,889620000.0,0.0,0.0,,0.0,0.0,0.0
2023-12-18,50.0,0.0,0.0,50.0,50.0,50.0,0.0,11200.0,560000.0,14.0,41.7,50.0,3789200.0,0.0,0.0,4415590000.0,450000000.0,889620000.0,0.0,0.0,,0.0,0.0,0.0
2023-12-19,50.0,0.0,0.0,50.0,50.0,50.0,0.0,123500.0,6175000.0,13.0,41.7,50.0,2057700.0,0.0,0.0,4415590000.0,450000000.0,889620000.0,0.0,0.0,,0.0,0.0,0.0
2023-12-20,50.0,0.0,0.0,51.0,50.0,50.0,0.0,3360200.0,168043100.0,193.0,41.7,50.0,1173500.0,0.0,0.0,4415590000.0,450000000.0,889620000.0,0.0,0.0,,0.0,0.0,0.0
2023-12-21,50.0,0.0,0.0,50.0,50.0,50.0,0.0,78600.0,3930000.0,19.0,41.7,50.0,2294800.0,0.0,0.0,4415590000.0,450000000.0,889620000.0,0.0,0.0,,0.0,0.0,0.0
2023-12-22,50.0,0.0,0.0,50.0,50.0,50.0,0.0,5300.0,265000.0,9.0,41.7,50.0,2793400.0,0.0,0.0,4415590000.0,450000000.0,889620000.0,0.0,0.0,,0.0,0.0,0.0
2023-12-27,50.0,0.0,0.0,50.0,50.0,50.0,0.0,436700.0,21835000.0,20.0,41.7,50.0,2696800.0,0.0,0.0,4415590000.0,450000000.0,889620000.0,0.0,0.0,,0.0,0.0,0.0
2023-12-28,50.0,0.0,0.0,50.0,50.0,50.0,0.0,55900.0,2795000.0,9.0,41.7,50.0,2304300.0,0.0,0.0,4415590000.0,450000000.0,889620000.0,0.0,0.0,,1000.0,50000.0,1.0
2023-12-29,50.0,0.0,0.0,50.0,50.0,50.0,0.0,19200.0,960000.0,7.0,41.7,50.0,1865700.0,0.0,0.0,4415590000.0,450000000.0,889620000.0,0.0,0.0,,0.0,0.0,0.0
2024-01-02,50.0,0.0,0.0,50.0,50.0,50.0,0.0,52800.0,2640000.0,34.0,41.7,50.0,3211100.0,0.0,0.0,4415590000.0,450000000.0,889741385.0,0.0,0.0,,0.0,0.0,0.0
2024-01-03,50.0,0.0,0.0,50.0,50.0,50.0,0.0,265800.0,13290000.0,16.0,41.7,50.0,2616000.0,0.0,0.0,4415590000.0,450000000.0,889741385.0,0.0,0.0,,0.0,0.0,0.0
2024-01-04,50.0,0.0,0.0,50.0,50.0,50.0,0.0,59700.0,2985000.0,17.0,41.7,50.0,1713500.0,0.0,0.0,4415590000.0,450000000.0,889741385.0,0.0,0.0,,0.0,0.0,0.0
2024-01-05,50.0,0.0,0.0,60.0,50.0,52.0,2.0,73810300.0,4073484800.0,3826.0,43.3,53.0,243500.0,52.0,1944900.0,4415590000.0,450000000.0,889741385.0,3779200.0,3903700.0,,0.0,0.0,0.0
2024-01-08,52.0,0.0,0.0,56.0,52.0,52.0,0.0,11813200.0,634181400.0,625.0,43.3,53.0,246200.0,52.0,294900.0,4415590000.0,450000000.0,889741385.0,326300.0,627900.0,,0.0,0.0,0.0
2024-01-09,52.0,0.0,0.0,53.0,50.0,52.0,0.0,8497700.0,433234100.0,377.0,43.3,52.0,410400.0,51.0,261800.0,4415590000.0,450000000.0,889741385.0,0.0,1579800.0,,0.0,0.0,0.0
2024-01-10,52.0,0.0,0.0,53.0,50.0,51.0,-1.0,4617100.0,236539800.0,199.0,42.5,52.0,275000.0,51.0,71100.0,4415590000.0,450000000.0,889741385.0,0.0,147700.0,,0.0,0.0,0.0
2024-01-11,51.0,0.0,0.0,52.0,50.0,51.0,0.0,2672700.0,134030200.0,376.0,42.5,51.0,262300.0,50.0,10183200.0,4415590000.0,450000000.0,889741385.0,0.0,0.0,,0.0,0.0,0.0
2024-01-12,51.0,0.0,0.0,51.0,50.0,51.0,0.0,5558900.0,278205100.0,245.0,42.5,51.0,922100.0,50.0,264300.0,4415590000.0,450000000.0,889741385.0,0.0,0.0,,0.0,0.0,0.0
2024-01-15,51.0,0.0,0.0,51.0,50.0,51.0,0.0,3607900.0,181559900.0,130.0,42.5,51.0,945200.0,50.0,1271800.0,4415590000.0,450000000.0,889741385.0,0.0,0.0,,0.0,0.0,0.0
2024-01-16,51.0,0.0,0.0,51.0,50.0,51.0,0.0,1304500.0,65733200.0,66.0,42.5,51.0,777800.0,50.0,1010900.0,4415590000.0,450000000.0,889741385.0,0.0,0.0,,0.0,0.0,0.0
2024-01-17,51.0,0.0,0.0,51.0,50.0,51.0,0.0,1080500.0,54026200.0,110.0,42.5,51.0,842700.0,50.0,100.0,4415590000.0,450000000.0,889741385.0,0.0,0.0,,0.0,0.0,0.0
2024-01-18,51.0,0.0,0.0,51.0,50.0,50.0,-1.0,960200.0,48023700.0,111.0,41.7,51.0,731100.0,50.0,47300.0,4415590000.0,450000000.0,889741385.0,0.0,0.0,,0.0,0.0,0.0
2024-01-19,50.0,0.0,0.0,51.0,50.0,50.0,0.0,1947800.0,97440800.0,79.0,41.7,51.0,985600.0,50.0,15400.0,4415590000.0,450000000.0,889741385.0,0.0,0.0,,0.0,0.0,0.0
2024-01-22,50.0,0.0,0.0,51.0,50.0,51.0,1.0,1012200.0,50707500.0,85.0,42.5,51.0,2218900.0,50.0,209300.0,4415590000.0,450000000.0,889741385.0,0.0,0.0,,0.0,0.0,0.0
2024-01-23,51.0,0.0,0.0,51.0,50.0,50.0,-1.0,1065400.0,53271300.0,89.0,41.7,50.0,497300.0,0.0,0.0,4415590000.0,450000000.0,889741385.0,0.0,0.0,,0.0,0.0,0.0
2024-01-24,50.0,0.0,0.0,51.0,50.0,50.0,0.0,1107000.0,55352900.0,77.0,41.7,50.0,30900.0,0.0,0.0,4415590000.0,450000000.0,889741385.0,0.0,0.0,,0.0,0.0,0.0
2024-01-25,50.0,0.0,0.0,51.0,50.0,51.0,1.0,365200.0,18260300.0,35.0,42.5,51.0,1004700.0,50.0,20000.0,4415590000.0,450000000.0,889741385.0,0.0,0.0,,0.0,0.0,0.0
2024-01-26,51.0,0.0,0.0,51.0,50.0,50.0,-1.0,677500.0,33875100.0,45.0,41.7,50.0,72500.0,0.0,0.0,4415590000.0,450000000.0,889741385.0,0.0,0.0,,0.0,0.0,0.0
2024-01-29,50.0,0.0,0.0,51.0,50.0,50.0,0.0,277900.0,13895300.0,52.0,41.7,50.0,264500.0,0.0,0.0,4415590000.0,450000000.0,889741385.0,0.0,0.0,,0.0,0.0,0.0
2024-01-30,50.0,0.0,0.0,51.0,50.0,50.0,0.0,319200.0,15960500.0,42.0,41.7,50.0,1035700.0,0.0,0.0,4415590000.0,450000000.0,889741385.0,93200.0,0.0,,0.0,0.0,0.0
2024-01-31,50.0,0.0,0.0,51.0,50.0,50.0,0.0,2441200.0,122060300.0,95.0,41.7,50.0,4400.0,0.0,0.0,4415590000.0,450000000.0,889741385.0,249000.0,0.0,,0.0,0.0,0.0
2024-02-01,50.0,0.0,0.0,55.0,50.0,50.0,0.0,11538000.0,600660500.0,628.0,41.7,51.0,112400.0,50.0,6796400.0,4415590000.0,450000000.0,889741385.0,2518500.0,868400.0,,0.0,0.0,0.0
2024-02-02,50.0,0.0,0.0,52.0,50.0,50.0,0.0,5481900.0,275431200.0,199.0,41.7,51.0,884700.0,50.0,1075600.0,4415590000.0,450000000.0,889741385.0,0.0,226900.0,,0.0,0.0,0.0
2024-02-05,50.0,0.0,0.0,51.0,50.0,50.0,0.0,594600.0,29750200.0,48.0,41.7,51.0,1099700.0,50.0,793100.0,4415590000.0,450000000.0,889741385.0,0.0,0.0,,0.0,0.0,0.0
2024-02-06,50.0,0.0,0.0,51.0,50.0,50.0,0.0,982500.0,49125100.0,57.0,41.7,50.0,30100.0,0.0,0.0,4415590000.0,450000000.0,889741385.0,0.0,0.0,,0.0,0.0,0.0
2024-02-07,50.0,0.0,0.0,51.0,50.0,51.0,1.0,1015800.0,50817000.0,56.0,42.5,51.0,923300.0,50.0,110800.0,4415590000.0,450000000.0,889741385.0,0.0,0.0,,0.0,0.0,0.0
2024-02-12,51.0,0.0,0.0,51.0,50.0,50.0,-1.0,1647700.0,82385300.0,90.0,41.7,50.0,137500.0,0.0,0.0,4415590000.0,450000000.0,889741385.0,0.0,0.0,,0.0,0.0,0.0
2024-02-13,50.0,0.0,0.0,50.0,50.0,50.0,0.0,158600.0,7930000.0,34.0,41.7,50.0,4090000.0,0.0,0.0,4415590000.0,450000000.0,889741385.0,0.0,0.0,,0.0,0.0,0.0
2024-02-15,50.0,0.0,0.0,50.0,50.0,50.0,0.0,423100.0,21155000.0,19.0,41.7,50.0,4355100.0,0.0,0.0,4415590000.0,450000000.0,889741385.0,0.0,0.0,,0.0,0.0,0.0
2024-02-16,50.0,0.0,0.0,50.0,50.0,50.0,0.0,107100.0,5355000.0,8.0,41.7,50.0,4507700.0,0.0,0.0,4415590000.0,450000000.0,889741385.0,0.0,0.0,,0.0,0.0,0.0
2024-02-19,50.0,0.0,0.0,50.0,50.0,50.0,0.0,116900.0,5845000.0,35.0,41.7,50.0,1822400.0,0.0,0.0,4415590000.0,450000000.0,889741385.0,0.0,0.0,,0.0,0.0,0.0
2024-02-20,50.0,0.0,0.0,51.0,50.0,50.0,0.0,3730000.0,186501700.0,81.0,41.7,50.0,8500.0,0.0,0.0,4415590000.0,450000000.0,889741385.0,0.0,0.0,,0.0,0.0,0.0
2024-02-21,50.0,0.0,0.0,52.0,50.0,50.0,0.0,5657000.0,283363000.0,119.0,41.7,51.0,1810800.0,50.0,13000.0,4415590000.0,450000000.0,889741385.0,0.0,0.0,,0.0,0.0,0.0
2024-02-22,50.0,0.0,0.0,56.0,50.0,52.0,2.0,13740900.0,732133400.0,450.0,43.3,52.0,56500.0,51.0,127300.0,4415590000.0,450000000.0,889741385.0,470100.0,81800.0,,0.0,0.0,0.0
2024-02-23,52.0,0.0,0.0,55.0,50.0,51.0,-1.0,11719700.0,599831600.0,254.0,42.5,52.0,44000.0,51.0,220800.0,4415590000.0,450000000.0,889741385.0,0.0,1092900.0,,0.0,0.0,0.0
2024-02-26,51.0,0.0,0.0,54.0,51.0,53.0,2.0,5285500.0,278491000.0,207.0,44.2,54.0,835200.0,53.0,599800.0,4415590000.0,450000000.0,889741385.0,458900.0,397000.0,,0.0,0.0,0.0
2024-02-27,53.0,0.0,0.0,54.0,52.0,53.0,0.0,2928900.0,155232100.0,135.0,44.2,54.0,512600.0,53.0,387000.0,4415590000.0,450000000.0,889741385.0,164800.0,51900.0,,0.0,0.0,0.0
2024-02-28,53.0,0.0,0.0,55.0,52.0,55.0,2.0,2337800.0,125689800.0,129.0,45.8,55.0,3108900.0,54.0,500.0,4415590000.0,450000000.0,889741385.0,0.0,112900.0,,0.0,0.0,0.0
2024-02-29,55.0,0.0,0.0,55.0,54.0,54.0,-1.0,5701700.0,308206500.0,124.0,45.0,55.0,781000.0,54.0,241100.0,4415590000.0,450000000.0,889741385.0,0.0,0.0,,0.0,0.0,0.0
2024-03-01,54.0,0.0,0.0,55.0,52.0,52.0,-2.0,2518400.0,134786300.0,106.0,43.3,53.0,7100.0,52.0,567400.0,4415590000.0,450000000.0,889741385.0,20000.0,0.0,,0.0,0.0,0.0
2024-03-04,52.0,0.0,0.0,55.0,52.0,54.0,2.0,3193300.0,171889500.0,129.0,45.0,55.0,1121700.0,54.0,729200.0,4415590000.0,450000000.0,889741385.0,0.0,0.0,,0.0,0.0,0.0
2024-03-05,54.0,0.0,0.0,55.0,53.0,54.0,0.0,3997600.0,216074000.0,101.0,45.0,55.0,1063300.0,54.0,571700.0,4415590000.0,450000000.0,889741385.0,7100.0,100000.0,,0.0,0.0,0.0
2024-03-06,54.0,0.0,0.0,60.0,50.0,54.0,0.0,12390900.0,695219200.0,869.0,45.0,55.0,206500.0,54.0,683800.0,4415590000.0,450000000.0,889741385.0,839800.0,582700.0,,0.0,0.0,0.0
2024-03-07,54.0,0.0,0.0,56.0,53.0,54.0,0.0,1787200.0,97217300.0,99.0,45.0,54.0,46900.0,53.0,695900.0,4415590000.0,450000000.0,889741385.0,197700.0,0.0,,0.0,0.0,0.0
2024-03-08,54.0,0.0,0.0,56.0,53.0,54.0,0.0,4008400.0,218408100.0,183.0,45.0,54.0,263400.0,53.0,512600.0,4415590000.0,450000000.0,889741385.0,82800.0,0.0,,0.0,0.0,0.0
2024-03-13,54.0,0.0,0.0,62.0,54.0,55.0,1.0,8114500.0,444980300.0,180.0,45.8,56.0,10029900.0,55.0,734000.0,4415590000.0,450000000.0,889741385.0,321900.0,718400.0,,0.0,0.0,0.0
2024-03-14,55.0,0.0,0.0,56.0,50.0,56.0,1.0,779900.0,42914900.0,66.0,46.7,56.0,7643500.0,55.0,1304100.0,4415590000.0,450000000.0,889741385.0,57300.0,0.0,,0.0,0.0,0.0
2024-03-15,56.0,0.0,0.0,56.0,51.0,55.0,-1.0,1796800.0,98864000.0,55.0,45.8,56.0,7708500.0,55.0,964000.0,4415590000.0,450000000.0,889741385.0,530700.0,0.0,,0.0,0.0,0.0
2024-03-18,55.0,0.0,0.0,56.0,54.0,55.0,0.0,4024300.0,221344700.0,89.0,45.8,56.0,8400300.0,55.0,533500.0,4415590000.0,450000000.0,889741385.0,93100.0,253200.0,,0.0,0.0,0.0
2024-03-19,55.0,0.0,0.0,57.0,51.0,56.0,1.0,8769800.0,489261400.0,92.0,46.7,56.0,5310400.0,55.0,813700.0,4415590000.0,450000000.0,889741385.0,434900.0,1001700.0,,0.0,0.0,0.0
2024-03-20,56.0,0.0,0.0,57.0,51.0,55.0,-1.0,1859800.0,103602100.0,77.0,45.8,56.0,150000.0,55.0,853200.0,4415590000.0,450000000.0,889741385.0,652000.0,0.0,,0.0,0.0,0.0
2024-03-21,55.0,0.0,0.0,60.0,52.0,59.0,4.0,14278200.0,829880300.0,457.0,49.2,59.0,859400.0,58.0,1018600.0,4415590000.0,450000000.0,889741385.0,512200.0,1164200.0,,0.0,0.0,0.0
2024-03-22,59.0,0.0,0.0,62.0,58.0,59.0,0.0,5535800.0,330951700.0,379.0,49.2,59.0,884000.0,58.0,1072800.0,4415590000.0,450000000.0,889741385.0,47300.0,0.0,,0.0,0.0,0.0
2024-03-25,59.0,0.0,0.0,64.0,59.0,61.0,2.0,12215300.0,748512900.0,634.0,50.8,62.0,769000.0,61.0,1455000.0,4415590000.0,450000000.0,889741385.0,1202500.0,467700.0,,0.0,0.0,0.0
2024-03-26,61.0,0.0,0.0,64.0,61.0,63.0,2.0,14655700.0,921216900.0,498.0,52.5,64.0,1922400.0,63.0,2464300.0,4415590000.0,450000000.0,889741385.0,878900.0,1674100.0,,0.0,0.0,0.0
2024-03-27,63.0,0.0,0.0,64.0,61.0,62.0,-1.0,2965600.0,184257100.0,188.0,51.7,62.0,264000.0,61.0,983500.0,4415590000.0,450000000.0,889741385.0,291400.0,0.0,,0.0,0.0,0.0
2024-03-28,62.0,0.0,0.0,62.0,51.0,56.0,-6.0,11909500.0,674303100.0,1340.0,46.7,58.0,145700.0,56.0,556400.0,4415590000.0,450000000.0,889741385.0,114200.0,681000.0,,0.0,0.0,0.0
2024-04-01,56.0,0.0,0.0,64.0,55.0,57.0,1.0,2547300.0,145311200.0,245.0,47.5,58.0,87100.0,57.0,16200.0,4415590000.0,450000000.0,889741385.0,0.0,404200.0,,0.0,0.0,0.0
2024-04-02,57.0,0.0,0.0,58.0,56.0,57.0,0.0,1783200.0,101845300.0,79.0,47.5,57.0,180600.0,56.0,688800.0,4415590000.0,450000000.0,889741385.0,356400.0,333600.0,,0.0,0.0,0.0
2024-04-03,57.0,0.0,0.0,58.0,56.0,57.0,0.0,1784100.0,101524100.0,60.0,47.5,57.0,144300.0,56.0,363500.0,4415590000.0,450000000.0,889741385.0,0.0,0.0,,0.0,0.0,0.0
2024-04-04,57.0,0.0,0.0,58.0,57.0,58.0,1.0,324200.0,18640200.0,37.0,48.3,58.0,663400.0,57.0,357300.0,4415590000.0,450000000.0,889741385.0,0.0,0.0,,0.0,0.0,0.0
2024-04-05,58.0,0.0,0.0,59.0,57.0,58.0,0.0,757400.0,43308300.0,57.0,48.3,58.0,20800.0,57.0,222000.0,4415590000.0,450000000.0,889741385.0,9300.0,0.0,,0.0,0.0,0.0
2024-04-16,58.0,0.0,0.0,57.0,54.0,56.0,-2.0,1760100.0,97364700.0,109.0,46.7,56.0,91400.0,55.0,136500.0,4415590000.0,450000000.0,889741385.0,0.0,73600.0,,0.0,0.0,0.0
2024-04-17,56.0,0.0,0.0,57.0,50.0,56.0,0.0,2295600.0,128414700.0,63.0,46.7,57.0,70400.0,56.0,154300.0,4415590000.0,450000000.0,889741385.0,0.0,0.0,,0.0,0.0,0.0
2024-04-18,56.0,0.0,0.0,57.0,56.0,56.0,0.0,1718200.0,96293000.0,50.0,46.7,57.0,37200.0,56.0,124800.0,4415590000.0,450000000.0,889741385.0,0.0,0.0,,0.0,0.0,0.0
2024-04-19,56.0,0.0,0.0,58.0,56.0,56.0,0.0,975300.0,54711200.0,50.0,46.7,57.0,41500.0,56.0,13500.0,4415590000.0,450000000.0,889741385.0,0.0,0.0,,0.0,0.0,0.0
2024-04-22,56.0,0.0,0.0,58.0,55.0,56.0,0.0,679800.0,38209100.0,73.0,46.7,56.0,53900.0,55.0,677100.0,4415590000.0,450000000.0,889741385.0,400.0,0.0,,0.0,0.0,0.0
2024-04-23,56.0,0.0,0.0,56.0,55.0,56.0,0.0,233500.0,12921300.0,29.0,46.7,56.0,672100.0,55.0,616200.0,4415590000.0,450000000.0,889741385.0,0.0,0.0,,0.0,0.0,0.0
2024-04-24,56.0,0.0,0.0,57.0,54.0,56.0,0.0,915400.0,50759300.0,62.0,46.7,56.0,156900.0,55.0,289500.0,4415590000.0,450000000.0,889741385.0,200.0,0.0,,0.0,0.0,0.0
2024-04-25,56.0,0.0,0.0,59.0,56.0,56.0,0.0,1176700.0,66574900.0,110.0,46.7,57.0,162000.0,56.0,136400.0,4415590000.0,450000000.0,889741385.0,32800.0,0.0,,0.0,0.0,0.0
2024-04-26,56.0,0.0,0.0,58.0,55.0,56.0,0.0,1306100.0,73053400.0,93.0,46.7,56.0,140200.0,55.0,661500.0,4415590000.0,450000000.0,889741385.0,400.0,0.0,,0.0,0.0,0.0
2024-04-29,56.0,0.0,0.0,57.0,55.0,56.0,0.0,2180600.0,120819700.0,79.0,46.7,56.0,180600.0,55.0,122400.0,4415590000.0,450000000.0,889741385.0,200300.0,0.0,,0.0,0.0,0.0
2024-04-30,56.0,0.0,0.0,57.0,55.0,56.0,0.0,643400.0,35695800.0,62.0,46.7,56.0,268000.0,55.0,666000.0,4415590000.0,450000000.0,889741385.0,0.0,0.0,,0.0,0.0,0.0
2024-05-02,56.0,0.0,0.0,56.0,55.0,56.0,0.0,294800.0,16239400.0,36.0,46.7,56.0,241400.0,55.0,306100.0,4415590000.0,450000000.0,889741385.0,0.0,0.0,,0.0,0.0,0.0
2024-05-03,56.0,0.0,0.0,56.0,55.0,56.0,0.0,382000.0,21019100.0,35.0,46.7,56.0,473600.0,55.0,421200.0,4415590000.0,450000000.0,889741385.0,0.0,0.0,,0.0,0.0,0.0
2024-05-06,56.0,0.0,0.0,61.0,55.0,56.0,0.0,744000.0,41376300.0,65.0,46.7,56.0,48600.0,55.0,386100.0,4415590000.0,450000000.0,889741385.0,60300.0,0.0,,0.0,0.0,0.0
2024-05-07,56.0,0.0,0.0,61.0,54.0,56.0,0.0,952400.0,52404000.0,78.0,46.7,56.0,155500.0,55.0,32700.0,4415590000.0,450000000.0,889741385.0,0.0,0.0,,0.0,0.0,0.0
2024-05-08,56.0,0.0,0.0,61.0,55.0,56.0,0.0,228000.0,12546600.0,110.0,46.7,56.0,384800.0,55.0,433900.0,4415590000.0,450000000.0,889741385.0,66500.0,0.0,,0.0,0.0,0.0
2024-05-13,56.0,0.0,0.0,56.0,55.0,56.0,0.0,1013600.0,55763600.0,57.0,46.7,56.0,136300.0,55.0,101600.0,4415590000.0,450000000.0,889741385.0,0.0,0.0,,0.0,0.0,0.0
2024-05-14,56.0,0.0,0.0,60.0,54.0,56.0,0.0,1011000.0,55606200.0,65.0,46.7,56.0,378600.0,55.0,7600.0,4415590000.0,450000000.0,889741385.0,0.0,0.0,,0.0,0.0,0.0
2024-05-15,56.0,0.0,0.0,56.0,52.0,55.0,-1.0,867800.0,46578200.0,125.0,45.8,55.0,95400.0,53.0,415800.0,4415590000.0,450000000.0,889741385.0,0.0,0.0,,0.0,0.0,0.0
2024-05-16,55.0,0.0,0.0,57.0,53.0,56.0,1.0,1620900.0,88415400.0,80.0,46.7,56.0,54000.0,55.0,1200000.0,4415590000.0,450000000.0,889741385.0,0.0,0.0,,0.0,0.0,0.0
2024-05-17,56.0,0.0,0.0,56.0,54.0,56.0,0.0,550600.0,30275100.0,46.0,46.7,56.0,81100.0,54.0,373000.0,4415590000.0,450000000.0,889741385.0,0.0,0.0,,0.0,0.0,0.0
2024-05-20,56.0,0.0,0.0,56.0,53.0,54.0,-2.0,1106700.0,59615100.0,119.0,45.0,55.0,40100.0,54.0,1333300.0,4415590000.0,450000000.0,889741385.0,0.0,61800.0,,6300.0,352800.0,1.0
2024-05-21,54.0,0.0,0.0,55.0,52.0,53.0,-1.0,3494800.0,184814100.0,198.0,44.2,54.0,55100.0,53.0,300.0,4415590000.0,450000000.0,889741385.0,0.0,0.0,,0.0,0.0,0.0
2024-05-22,53.0,0.0,0.0,54.0,52.0,54.0,1.0,1460300.0,76942400.0,91.0,45.0,54.0,7600.0,52.0,676700.0,4415590000.0,450000000.0,889741385.0,0.0,0.0,,0.0,0.0,0.0
2024-05-27,54.0,0.0,0.0,54.0,52.0,54.0,0.0,1114700.0,58723500.0,68.0,45.0,54.0,310500.0,53.0,243300.0,4415590000.0,450000000.0,889741385.0,0.0,0.0,,0.0,0.0,0.0
2024-05-28,54.0,0.0,0.0,54.0,52.0,54.0,0.0,480400.0,25462800.0,34.0,45.0,54.0,181300.0,53.0,195800.0,4415590000.0,450000000.0,889741385.0,0.0,0.0,,0.0,0.0,0.0
2024-05-29,54.0,0.0,0.0,54.0,52.0,54.0,0.0,217500.0,11509600.0,36.0,45.0,54.0,1178300.0,53.0,49800.0,4415590000.0,450000000.0,889741385.0,0.0,0.0,,0.0,0.0,0.0
2024-05-30,54.0,0.0,0.0,54.0,52.0,53.0,-1.0,569800.0,29804800.0,38.0,44.2,53.0,355900.0,52.0,731200.0,4415590000.0,450000000.0,889741385.0,100000.0,0.0,,0.0,0.0,0.0
2024-05-31,53.0,0.0,0.0,53.0,52.0,52.0,-1.0,1642600.0,85838600.0,80.0,43.3,52.0,8400.0,51.0,289500.0,4415590000.0,450000000.0,889741385.0,0.0,0.0,,0.0,0.0,0.0
2024-06-03,52.0,0.0,0.0,59.0,52.0,54.0,2.0,3118200.0,170225500.0,268.0,45.0,54.0,191000.0,53.0,65300.0,4415590000.0,450000000.0,889741385.0,143400.0,139300.0,,0.0,0.0,0.0
2024-06-04,54.0,0.0,0.0,54.0,53.0,54.0,0.0,619600.0,33045700.0,68.0,45.0,54.0,145700.0,53.0,465800.0,4415590000.0,450000000.0,889741385.0,0.0,0.0,,0.0,0.0,0.0
2024-06-05,54.0,0.0,0.0,54.0,52.0,54.0,0.0,521800.0,27575400.0,65.0,45.0,54.0,202400.0,53.0,126500.0,4415590000.0,450000000.0,889741385.0,0.0,0.0,,0.0,0.0,0.0
2024-06-06,54.0,0.0,0.0,54.0,52.0,54.0,0.0,87300.0,4615700.0,45.0,45.0,54.0,222700.0,53.0,196800.0,4415590000.0,450000000.0,889741385.0,0.0,0.0,,0.0,0.0,0.0
2024-06-07,54.0,0.0,0.0,54.0,52.0,54.0,0.0,128100.0,6793500.0,31.0,45.0,54.0,55000.0,53.0,106200.0,4415590000.0,450000000.0,889741385.0,0.0,0.0,,0.0,0.0,0.0
2024-06-10,54.0,0.0,0.0,55.0,52.0,54.0,0.0,2380400.0,125661400.0,71.0,45.0,54.0,893600.0,53.0,81000.0,4415590000.0,450000000.0,889741385.0,0.0,0.0,,0.0,0.0,0.0
2024-06-11,54.0,0.0,0.0,54.0,52.0,53.0,-1.0,595900.0,31552600.0,42.0,44.2,54.0,634500.0,53.0,873100.0,4415590000.0,450000000.0,889741385.0,0.0,0.0,,0.0,0.0,0.0
2024-06-12,53.0,0.0,0.0,54.0,52.0,53.0,0.0,1197800.0,64283400.0,40.0,44.2,54.0,125100.0,53.0,1600.0,4415590000.0,450000000.0,889741385.0,0.0,0.0,,0.0,0.0,0.0
2024-06-13,53.0,0.0,0.0,54.0,52.0,52.0,-1.0,740000.0,38646800.0,43.0,43.3,54.0,721200.0,52.0,629300.0,4415590000.0,450000000.0,889741385.0,7000.0,0.0,,0.0,0.0,0.0
2024-06-14,52.0,0.0,0.0,54.0,52.0,53.0,1.0,430200.0,22653700.0,37.0,44.2,53.0,69300.0,52.0,908100.0,4415590000.0,450000000.0,889741385.0,0.0,0.0,,0.0,0.0,0.0
2024-06-19,53.0,0.0,0.0,57.0,53.0,55.0,2.0,2379700.0,132167700.0,270.0,45.8,56.0,219400.0,55.0,1200.0,4415590000.0,450000000.0,889741385.0,110100.0,0.0,,0.0,0.0,0.0
2024-06-20,55.0,0.0,0.0,56.0,53.0,55.0,0.0,1645500.0,89807800.0,146.0,45.8,56.0,115900.0,55.0,101400.0,4415590000.0,450000000.0,889741385.0,17100.0,0.0,,0.0,0.0,0.0
2024-06-21,55.0,0.0,0.0,58.0,53.0,56.0,1.0,1015600.0,56259400.0,138.0,46.7,56.0,25500.0,55.0,92400.0,4415590000.0,450000000.0,889741385.0,5600.0,0.0,,0.0,0.0,0.0
2024-06-24,56.0,0.0,0.0,60.0,56.0,57.0,1.0,5559800.0,319934600.0,399.0,47.5,58.0,325300.0,57.0,250200.0,4415590000.0,450000000.0,889741385.0,0.0,0.0,,0.0,0.0,0.0
2024-06-25,57.0,0.0,0.0,57.0,55.0,55.0,-2.0,1945000.0,108459100.0,117.0,45.8,56.0,2200.0,55.0,868600.0,4415590000.0,450000000.0,889741385.0,115300.0,0.0,,0.0,0.0,0.0
2024-06-26,55.0,0.0,0.0,57.0,55.0,56.0,1.0,650900.0,36444500.0,77.0,46.7,57.0,426300.0,56.0,20700.0,4415590000.0,450000000.0,889741385.0,0.0,0.0,,0.0,0.0,0.0
2024-06-27,56.0,0.0,0.0,57.0,55.0,56.0,0.0,668800.0,37481600.0,57.0,46.7,56.0,43500.0,55.0,707700.0,4415590000.0,450000000.0,889741385.0,0.0,0.0,,0.0,0.0,0.0
2024-06-28,56.0,0.0,0.0,56.0,55.0,56.0,0.0,414300.0,23084100.0,38.0,46.7,56.0,90200.0,55.0,733000.0,4415590000.0,450000000.0,889741385.0,0.0,0.0,,0.0,0.0,0.0
2024-07-01,56.0,0.0,0.0,56.0,54.0,56.0,0.0,769600.0,42538900.0,67.0,46.7,56.0,147400.0,55.0,500.0,4415590000.0,450000000.0,889741385.0,0.0,0.0,,0.0,0.0,0.0
2024-07-02,56.0,0.0,0.0,55.0,53.0,55.0,-1.0,1632200.0,87703400.0,110.0,45.8,55.0,110600.0,54.0,4000.0,4415590000.0,450000000.0,889741385.0,0.0,0.0,,0.0,0.0,0.0
2024-07-03,55.0,0.0,0.0,55.0,53.0,54.0,-1.0,1146300.0,61219100.0,116.0,45.0,55.0,129900.0,54.0,81500.0,4415590000.0,450000000.0,889741385.0,0.0,0.0,,0.0,0.0,0.0
2024-07-04,54.0,0.0,0.0,55.0,53.0,55.0,1.0,584700.0,31739000.0,84.0,45.8,55.0,49300.0,54.0,11900.0,4415590000.0,450000000.0,889741385.0,0.0,0.0,,0.0,0.0,0.0
2024-07-05,55.0,0.0,0.0,55.0,53.0,55.0,0.0,176300.0,9472400.0,146.0,45.8,55.0,80300.0,53.0,997200.0,4415590000.0,450000000.0,889741385.0,0.0,0.0,,0.0,0.0,0.0
2024-07-08,55.0,0.0,0.0,55.0,52.0,54.0,-1.0,1386900.0,73561800.0,119.0,45.0,54.0,91800.0,53.0,786100.0,4415590000.0,450000000.0,889741385.0,14300.0,0.0,,0.0,0.0,0.0
2024-07-09,54.0,0.0,0.0,54.0,53.0,54.0,0.0,679900.0,36063000.0,30.0,45.0,54.0,235700.0,53.0,378600.0,4415590000.0,450000000.0,889741385.0,0.0,0.0,,0.0,0.0,0.0
2024-07-10,54.0,0.0,0.0,54.0,52.0,54.0,0.0,857800.0,45484200.0,75.0,45.0,54.0,409200.0,53.0,100400.0,4415590000.0,450000000.0,889741385.0,0.0,0.0,,0.0,0.0,0.0
2024-07-11,54.0,0.0,0.0,54.0,53.0,54.0,0.0,41300.0,2205500.0,15.0,45.0,54.0,355400.0,53.0,429100.0,4415590000.0,450000000.0,889741385.0,0.0,0.0,,0.0,0.0,0.0
2024-07-12,54.0,0.0,0.0,54.0,53.0,53.0,-1.0,315100.0,16800400.0,48.0,44.2,54.0,923500.0,53.0,548700.0,4415590000.0,450000000.0,889741385.0,0.0,0.0,,0.0,0.0,0.0
2024-07-15,53.0,0.0,0.0,54.0,53.0,53.0,0.0,557400.0,29567300.0,107.0,44.2,54.0,626600.0,53.0,131500.0,4415590000.0,450000000.0,889741385.0,0.0,0.0,,0.0,0.0,0.0
2024-07-16,53.0,0.0,0.0,54.0,52.0,53.0,0.0,555300.0,29110400.0,58.0,44.2,53.0,319600.0,52.0,692700.0,4415590000.0,450000000.0,889741385.0,0.0,0.0,,0.0,0.0,0.0
2024-07-17,53.0,0.0,0.0,54.0,53.0,54.0,1.0,349700.0,18552300.0,44.0,45.0,54.0,605600.0,53.0,1900.0,4415590000.0,450000000.0,889741385.0,0.0,0.0,,0.0,0.0,0.0
2024-07-18,54.0,0.0,0.0,54.0,52.0,54.0,0.0,911900.0,48322200.0,60.0,45.0,54.0,869700.0,53.0,27000.0,4415590000.0,450000000.0,889741385.0,0.0,0.0,,1000.0,53000.0,1.0
2024-07-19,54.0,0.0,0.0,54.0,53.0,54.0,0.0,472700.0,25242700.0,46.0,45.0,54.0,698100.0,53.0,540100.0,4415590000.0,450000000.0,889741385.0,0.0,0.0,,0.0,0.0,0.0
2024-07-22,54.0,0.0,0.0,54.0,53.0,54.0,0.0,120600.0,6414300.0,31.0,45.0,54.0,1193100.0,53.0,230900.0,4415590000.0,450000000.0,889741385.0,0.0,0.0,,0.0,0.0,0.0
2024-07-23,54.0,0.0,0.0,54.0,53.0,53.0,-1.0,164800.0,8747600.0,26.0,44.2,54.0,982900.0,53.0,830500.0,4415590000.0,450000000.0,889741385.0,0.0,0.0,,0.0,0.0,0.0
2024-07-24,53.0,0.0,0.0,54.0,53.0,54.0,1.0,235400.0,12697400.0,20.0,45.0,54.0,981600.0,53.0,850800.0,4415590000.0,450000000.0,889741385.0,0.0,0.0,,0.0,0.0,0.0
2024-07-25,54.0,0.0,0.0,54.0,52.0,53.0,-1.0,731100.0,38736900.0,90.0,44.2,53.0,116200.0,52.0,565800.0,4415590000.0,450000000.0,889741385.0,0.0,0.0,,0.0,0.0,0.0
2024-07-26,53.0,0.0,0.0,54.0,53.0,53.0,0.0,278300.0,14750500.0,52.0,44.2,53.0,128500.0,52.0,497500.0,4415590000.0,450000000.0,889741385.0,0.0,0.0,,0.0,0.0,0.0
2024-07-29,53.0,0.0,0.0,54.0,53.0,53.0,0.0,256600.0,13601200.0,44.0,44.2,54.0,1143100.0,53.0,7800.0,4415590000.0,450000000.0,889741385.0,0.0,0.0,,0.0,0.0,0.0
2024-07-30,53.0,0.0,0.0,54.0,52.0,53.0,0.0,268900.0,14233600.0,61.0,44.2,53.0,109300.0,52.0,643700.0,4415590000.0,450000000.0,889741385.0,0.0,0.0,,0.0,0.0,0.0
2024-07-31,53.0,0.0,0.0,54.0,52.0,53.0,0.0,406200.0,21664400.0,34.0,44.2,54.0,1046900.0,53.0,491500.0,4415590000.0,450000000.0,889741385.0,3400.0,0.0,,0.0,0.0,0.0
2024-08-01,53.0,0.0,0.0,54.0,53.0,54.0,1.0,28400.0,1512700.0,12.0,45.0,54.0,1090300.0,53.0,273000.0,4415590000.0,450000000.0,889741385.0,0.0,0.0,,0.0,0.0,0.0
2024-08-02,54.0,0.0,0.0,54.0,53.0,53.0,-1.0,186000.0,9870300.0,22.0,44.2,54.0,1034000.0,53.0,339200.0,4415590000.0,450000000.0,889741385.0,0.0,0.0,,0.0,0.0,0.0
2024-08-05,53.0,0.0,0.0,53.0,51.0,52.0,-1.0,848900.0,44354000.0,93.0,43.3,53.0,692600.0,52.0,133100.0,4415590000.0,450000000.0,889741385.0,0.0,0.0,,0.0,0.0,0.0
2024-08-06,52.0,0.0,0.0,53.0,51.0,52.0,0.0,704400.0,36437300.0,44.0,43.3,52.0,207000.0,51.0,268700.0,4415590000.0,450000000.0,889741385.0,85000.0,0.0,,0.0,0.0,0.0
2024-08-07,52.0,0.0,0.0,53.0,52.0,53.0,1.0,268200.0,14117900.0,20.0,44.2,53.0,352600.0,52.0,278500.0,4415590000.0,450000000.0,889741385.0,0.0,0.0,,0.0,0.0,0.0
2024-08-08,53.0,0.0,0.0,54.0,52.0,53.0,0.0,787900.0,41414600.0,40.0,44.2,53.0,833600.0,52.0,259900.0,4415590000.0,450000000.0,889741385.0,0.0,0.0,,0.0,0.0,0.0
2024-08-09,53.0,0.0,0.0,53.0,52.0,52.0,-1.0,49900.0,2609600.0,19.0,43.3,53.0,419200.0,52.0,350000.0,4415590000.0,450000000.0,889741385.0,0.0,0.0,,0.0,0.0,0.0
2024-08-12,52.0,0.0,0.0,53.0,52.0,53.0,1.0,127300.0,6625600.0,33.0,44.2,53.0,420700.0,52.0,271500.0,4415590000.0,450000000.0,889741385.0,0.0,0.0,,0.0,0.0,0.0
2024-08-13,53.0,0.0,0.0,53.0,51.0,53.0,0.0,443700.0,23052200.0,51.0,44.2,53.0,537000.0,52.0,101300.0,4415590000.0,450000000.0,889741385.0,0.0,0.0,,0.0,0.0,0.0
2024-08-14,53.0,0.0,0.0,53.0,52.0,53.0,0.0,263200.0,13729400.0,42.0,44.2,53.0,1851200.0,52.0,299700.0,4415590000.0,450000000.0,889741385.0,0.0,0.0,,0.0,0.0,0.0
2024-08-15,53.0,0.0,0.0,53.0,52.0,53.0,0.0,279800.0,14773100.0,24.0,44.2,53.0,574700.0,52.0,373100.0,4415590000.0,450000000.0,889741385.0,0.0,0.0,,0.0,0.0,0.0
2024-08-16,53.0,0.0,0.0,53.0,52.0,53.0,0.0,276000.0,14355600.0,27.0,44.2,53.0,371500.0,52.0,220300.0,4415590000.0,450000000.0,889741385.0,0.0,0.0,,0.0,0.0,0.0
2024-08-19,53.0,0.0,0.0,53.0,51.0,52.0,-1.0,705600.0,36662300.0,47.0,43.3,52.0,73500.0,51.0,366100.0,4415590000.0,450000000.0,889741385.0,0.0,0.0,,0.0,0.0,0.0
2024-08-20,52.0,0.0,0.0,53.0,51.0,52.0,0.0,358200.0,18596300.0,47.0,43.3,53.0,490100.0,52.0,17600.0,4415590000.0,450000000.0,889741385.0,0.0,0.0,,0.0,0.0,0.0
2024-08-21,52.0,0.0,0.0,53.0,51.0,52.0,0.0,1201600.0,61921100.0,75.0,43.3,52.0,1179200.0,51.0,921200.0,4415590000.0,450000000.0,889741385.0,0.0,0.0,,0.0,0.0,0.0
2024-08-22,52.0,0.0,0.0,53.0,51.0,53.0,1.0,569100.0,29471100.0,72.0,44.2,53.0,408900.0,52.0,252800.0,4415590000.0,450000000.0,889741385.0,0.0,0.0,,0.0,0.0,0.0
2024-08-23,53.0,0.0,0.0,55.0,52.0,53.0,0.0,1699700.0,90667600.0,161.0,44.2,53.0,29600.0,52.0,1059900.0,4415590000.0,450000000.0,889741385.0,0.0,0.0,,0.0,0.0,0.0
2024-08-26,53.0,0.0,0.0,54.0,50.0,52.0,-1.0,4845300.0,246391900.0,380.0,43.3,52.0,204100.0,51.0,316200.0,4415590000.0,450000000.0,889741385.0,0.0,0.0,,0.0,0.0,0.0
2024-08-27,52.0,0.0,0.0,53.0,51.0,51.0,-1.0,1873300.0,96653400.0,474.0,42.5,52.0,53300.0,51.0,1530300.0,4415590000.0,450000000.0,889741385.0,0.0,0.0,,0.0,0.0,0.0
2024-08-28,51.0,0.0,0.0,56.0,51.0,53.0,2.0,16722400.0,892487000.0,926.0,44.2,53.0,610500.0,52.0,65300.0,4415590000.0,450000000.0,889741385.0,707000.0,0.0,,0.0,0.0,0.0
2024-08-29,53.0,0.0,0.0,59.0,51.0,54.0,1.0,18303100.0,1009611900.0,1158.0,45.0,55.0,560500.0,54.0,126600.0,4415590000.0,450000000.0,889741385.0,724300.0,231700.0,,0.0,0.0,0.0
2024-08-30,54.0,0.0,0.0,55.0,53.0,55.0,1.0,3109700.0,166775800.0,247.0,45.8,55.0,876500.0,54.0,252100.0,4415590000.0,450000000.0,889741385.0,0.0,0.0,,0.0,0.0,0.0
2024-09-02,55.0,0.0,0.0,55.0,53.0,54.0,-1.0,862400.0,46537100.0,293.0,45.0,54.0,78300.0,53.0,1388200.0,4415590000.0,450000000.0,889741385.0,0.0,143900.0,,0.0,0.0,0.0
2024-09-03,54.0,0.0,0.0,54.0,51.0,53.0,-1.0,5902200.0,307908900.0,245.0,44.2,53.0,2094500.0,52.0,380000.0,4415590000.0,450000000.0,889741385.0,0.0,135200.0,,0.0,0.0,0.0
2024-09-04,53.0,0.0,0.0,53.0,51.0,52.0,-1.0,949300.0,49386100.0,113.0,43.3,53.0,1595300.0,52.0,316600.0,4415590000.0,450000000.0,889741385.0,0.0,0.0,,0.0,0.0,0.0
2024-09-05,52.0,0.0,0.0,54.0,52.0,53.0,1.0,9508400.0,496860200.0,438.0,44.2,53.0,1058200.0,52.0,788000.0,4415590000.0,450000000.0,889741385.0,0.0,0.0,,0.0,0.0,0.0
2024-09-06,53.0,0.0,0.0,53.0,51.0,52.0,-1.0,2869000.0,149095100.0,104.0,43.3,53.0,941000.0,52.0,1031500.0,4415590000.0,450000000.0,889741385.0,0.0,0.0,,0.0,0.0,0.0
2024-09-09,52.0,0.0,0.0,53.0,52.0,53.0,1.0,13822400.0,718826800.0,114.0,44.2,53.0,1297200.0,52.0,211300.0,4415590000.0,450000000.0,889741385.0,0.0,0.0,,0.0,0.0,0.0
2024-09-10,53.0,0.0,0.0,54.0,52.0,53.0,0.0,13774600.0,718086500.0,192.0,44.2,53.0,470800.0,52.0,1554100.0,4415590000.0,450000000.0,889741385.0,0.0,0.0,,0.0,0.0,0.0
2024-09-11,53.0,0.0,0.0,53.0,51.0,52.0,-1.0,15969800.0,830463000.0,131.0,43.3,53.0,1431500.0,51.0,1616000.0,4415590000.0,450000000.0,889741385.0,0.0,0.0,,0.0,0.0,0.0
2024-09-12,52.0,0.0,0.0,53.0,52.0,52.0,0.0,12231300.0,636172200.0,89.0,43.3,53.0,1118600.0,52.0,591000.0,4415590000.0,450000000.0,889741385.0,0.0,0.0,,0.0,0.0,0.0
2024-09-13,52.0,0.0,0.0,56.0,52.0,53.0,1.0,20799200.0,1094408200.0,914.0,44.2,53.0,530900.0,52.0,4317400.0,4415590000.0,450000000.0,889741385.0,559300.0,49500.0,,0.0,0.0,0.0
2024-09-17,53.0,0.0,0.0,54.0,52.0,52.0,-1.0,15152400.0,788892800.0,102.0,43.3,53.0,1469000.0,52.0,1862700.0,4415590000.0,450000000.0,889741385.0,0.0,366000.0,,0.0,0.0,0.0
2024-09-18,52.0,0.0,0.0,56.0,52.0,54.0,2.0,3916100.0,210263900.0,203.0,45.0,54.0,571400.0,53.0,846600.0,4415590000.0,450000000.0,889741385.0,436200.0,90500.0,,0.0,0.0,0.0
2024-09-19,54.0,0.0,0.0,55.0,53.0,54.0,0.0,2344900.0,126394100.0,176.0,45.0,54.0,448000.0,53.0,2700800.0,4415590000.0,450000000.0,889741385.0,0.0,239300.0,,0.0,0.0,0.0
2024-09-20,54.0,0.0,0.0,59.0,53.0,53.0,-1.0,11846300.0,652488100.0,763.0,44.2,55.0,177100.0,53.0,4626200.0,4415590000.0,450000000.0,889741385.0,465100.0,318400.0,,0.0,0.0,0.0
2024-09-23,53.0,0.0,0.0,55.0,53.0,53.0,0.0,1220200.0,65358500.0,198.0,44.2,54.0,154700.0,53.0,3214700.0,4415590000.0,450000000.0,889741385.0,0.0,243100.0,,0.0,0.0,0.0
2024-09-24,53.0,0.0,0.0,55.0,53.0,53.0,0.0,2810500.0,150113400.0,99.0,44.2,54.0,288100.0,53.0,2750500.0,4415590000.0,450000000.0,889741385.0,0.0,300000.0,,0.0,0.0,0.0
2024-09-25,53.0,0.0,0.0,54.0,53.0,53.0,0.0,1713800.0,91462700.0,79.0,44.2,54.0,325300.0,53.0,1655700.0,4415590000.0,450000000.0,889741385.0,0.0,0.0,,0.0,0.0,0.0
2024-09-26,53.0,0.0,0.0,54.0,51.0,52.0,-1.0,16296800.0,849430200.0,296.0,43.3,53.0,765600.0,52.0,781600.0,4415590000.0,450000000.0,889741385.0,0.0,0.0,,0.0,0.0,0.0
2024-09-27,52.0,0.0,0.0,53.0,51.0,53.0,1.0,5284400.0,272488500.0,225.0,44.2,53.0,559200.0,52.0,82700.0,4415590000.0,4415590000.0,889741385.0,0.0,0.0,,0.0,0.0,0.0
2024-09-30,53.0,0.0,0.0,53.0,52.0,52.0,-1.0,1115400.0,58068100.0,50.0,43.3,53.0,910700.0,52.0,2220100.0,4415590000.0,4415590000.0,889741385.0,0.0,0.0,,0.0,0.0,0.0
2024-10-01,52.0,0.0,0.0,53.0,51.0,52.0,0.0,1554600.0,80918400.0,110.0,43.3,52.0,132500.0,51.0,3406200.0,4415590000.0,4415590000.0,889741385.0,0.0,0.0,,0.0,0.0,0.0
2024-10-02,52.0,0.0,0.0,53.0,51.0,53.0,1.0,375600.0,19517600.0,165.0,44.2,53.0,1002600.0,52.0,719000.0,4415590000.0,4415590000.0,889741385.0,100.0,0.0,,0.0,0.0,0.0
2024-10-03,53.0,0.0,0.0,53.0,52.0,53.0,0.0,224700.0,11687700.0,45.0,44.2,53.0,1268000.0,52.0,112800.0,4415590000.0,4415590000.0,889741385.0,0.0,0.0,,0.0,0.0,0.0
2024-10-04,53.0,0.0,0.0,53.0,51.0,52.0,-1.0,525700.0,27336300.0,57.0,43.3,53.0,1881800.0,51.0,2249200.0,4415590000.0,4415590000.0,889741385.0,0.0,0.0,,0.0,0.0,0.0
2024-10-07,52.0,0.0,0.0,53.0,51.0,52.0,0.0,2047200.0,105651100.0,69.0,43.3,52.0,164500.0,51.0,3342900.0,4415590000.0,4415590000.0,889741385.0,0.0,63800.0,,0.0,0.0,0.0
2024-10-08,52.0,0.0,0.0,52.0,51.0,52.0,0.0,566300.0,29045600.0,87.0,43.3,52.0,429500.0,51.0,4432700.0,4415590000.0,4415590000.0,889741385.0,0.0,0.0,,0.0,0.0,0.0
2024-10-09,52.0,0.0,0.0,52.0,51.0,52.0,0.0,152100.0,7774300.0,30.0,43.3,52.0,477100.0,51.0,2023900.0,4415590000.0,4415590000.0,889741385.0,0.0,0.0,,0.0,0.0,0.0
2024-10-10,52.0,0.0,0.0,52.0,51.0,52.0,0.0,2010000.0,102589300.0,75.0,43.3,52.0,498800.0,51.0,490800.0,4415590000.0,4415590000.0,889741385.0,0.0,87200.0,,0.0,0.0,0.0
2024-10-11,52.0,0.0,0.0,52.0,51.0,52.0,0.0,7207300.0,373572100.0,70.0,43.3,52.0,15500.0,51.0,1244300.0,4415590000.0,4415590000.0,889741385.0,0.0,0.0,,0.0,0.0,0.0
2024-10-14,52.0,0.0,0.0,53.0,52.0,52.0,0.0,172400.0,8973300.0,56.0,43.3,52.0,933800.0,51.0,1422700.0,4415590000.0,4415590000.0,889741385.0,0.0,0.0,,0.0,0.0,0.0
2024-10-15,52.0,0.0,0.0,53.0,51.0,52.0,0.0,678100.0,35045300.0,261.0,43.3,53.0,1406400.0,51.0,2368700.0,4415591100.0,4415591100.0,889741385.0,5200.0,0.0,,0.0,0.0,0.0
2024-10-16,52.0,0.0,0.0,52.0,51.0,51.0,-1.0,438000.0,22683400.0,409.0,42.5,53.0,1116700.0,51.0,2212900.0,4415591100.0,4415591100.0,889741385.0,0.0,0.0,,0.0,0.0,0.0
2024-10-17,51.0,0.0,0.0,52.0,50.0,51.0,0.0,4836200.0,246783000.0,222.0,42.5,51.0,562200.0,50.0,2309600.0,4415591100.0,4415591100.0,889741385.0,0.0,0.0,,0.0,0.0,0.0
2024-10-18,51.0,0.0,0.0,52.0,51.0,52.0,1.0,878100.0,44790400.0,69.0,43.3,52.0,940500.0,51.0,419500.0,4415591100.0,4415591100.0,889741385.0,0.0,0.0,,0.0,0.0,0.0
2024-10-21,52.0,0.0,0.0,52.0,51.0,52.0,0.0,197200.0,10104600.0,51.0,43.3,52.0,1207900.0,51.0,1056100.0,4415591100.0,4415591100.0,889741385.0,0.0,0.0,,0.0,0.0,0.0
2024-10-22,52.0,0.0,0.0,52.0,51.0,51.0,-1.0,455200.0,23217900.0,87.0,42.5,52.0,779900.0,51.0,1041300.0,4415591100.0,4415591100.0,889741385.0,0.0,0.0,,0.0,0.0,0.0
2024-10-23,51.0,0.0,0.0,52.0,51.0,52.0,1.0,786300.0,40163600.0,31.0,43.3,52.0,1728400.0,51.0,344200.0,4415591100.0,4415591100.0,889741385.0,0.0,0.0,,0.0,0.0,0.0
2024-10-24,52.0,0.0,0.0,52.0,51.0,52.0,0.0,377800.0,19288000.0,60.0,43.3,52.0,1103800.0,51.0,396400.0,4415591100.0,4415591100.0,889741385.0,0.0,0.0,,0.0,0.0,0.0
2024-10-25,52.0,0.0,0.0,54.0,51.0,51.0,-1.0,5735200.0,298879700.0,347.0,42.5,52.0,460200.0,51.0,219500.0,4415591100.0,4415591100.0,889741385.0,0.0,0.0,,0.0,0.0,0.0
2024-10-28,51.0,0.0,0.0,52.0,50.0,51.0,0.0,1320100.0,67347900.0,91.0,42.5,51.0,497000.0,50.0,2410800.0,4415591100.0,4415591100.0,889741385.0,0.0,0.0,,0.0,0.0,0.0
2024-10-29,51.0,0.0,0.0,52.0,50.0,51.0,0.0,2620300.0,132814400.0,105.0,42.5,51.0,232600.0,50.0,4557900.0,4415591100.0,4415591100.0,889741385.0,0.0,0.0,,0.0,0.0,0.0
2024-10-30,51.0,0.0,0.0,52.0,51.0,52.0,1.0,694800.0,35562900.0,67.0,43.3,52.0,802400.0,51.0,239100.0,4415591100.0,4415591100.0,889741385.0,0.0,0.0,,0.0,0.0,0.0
2024-10-31,52.0,0.0,0.0,52.0,51.0,52.0,0.0,458500.0,23716700.0,42.0,43.3,52.0,626700.0,51.0,1357600.0,4415591100.0,4415591100.0,889741385.0,0.0,0.0,,0.0,0.0,0.0
2024-11-01,52.0,0.0,0.0,52.0,51.0,51.0,-1.0,224400.0,11454400.0,32.0,42.5,52.0,449800.0,51.0,1420000.0,4415591100.0,4415591100.0,889741385.0,0.0,0.0,,0.0,0.0,0.0
2024-11-04,51.0,0.0,0.0,52.0,51.0,52.0,1.0,581000.0,29676600.0,68.0,43.3,52.0,1272000.0,51.0,1015500.0,4415591100.0,4415591100.0,889741385.0,0.0,0.0,,0.0,0.0,0.0
2024-11-05,52.0,0.0,0.0,52.0,51.0,52.0,0.0,669400.0,34179100.0,69.0,43.3,52.0,2048600.0,51.0,252900.0,4415591100.0,4415591100.0,889741385.0,0.0,0.0,,0.0,0.0,0.0
2024-11-06,52.0,0.0,0.0,51.0,50.0,50.0,-2.0,3576200.0,179895400.0,161.0,41.7,51.0,75000.0,50.0,1013000.0,4415591100.0,4415591100.0,889741385.0,0.0,0.0,,0.0,0.0,0.0
2024-11-07,50.0,0.0,0.0,51.0,50.0,50.0,0.0,472100.0,23933800.0,49.0,41.7,51.0,855400.0,50.0,1770800.0,4415591200.0,4415591200.0,889741385.0,0.0,0.0,,0.0,0.0,0.0
2024-11-08,50.0,0.0,0.0,51.0,50.0,50.0,0.0,1408700.0,70453600.0,96.0,41.7,51.0,668800.0,50.0,1809400.0,4415591200.0,4415591200.0,889741385.0,0.0,0.0,,0.0,0.0,0.0
2024-11-11,50.0,0.0,0.0,51.0,50.0,50.0,0.0,704300.0,35216600.0,40.0,41.7,51.0,1679500.0,50.0,699900.0,4415591200.0,4415591200.0,889741385.0,0.0,0.0,,0.0,0.0,0.0
2024-11-12,50.0,0.0,0.0,51.0,50.0,51.0,1.0,1251500.0,62577200.0,77.0,42.5,51.0,1625200.0,50.0,1060600.0,4415591200.0,4415591200.0,889741385.0,0.0,0.0,,0.0,0.0,0.0
2024-11-13,51.0,0.0,0.0,51.0,50.0,51.0,0.0,1807200.0,90447700.0,98.0,42.5,51.0,1194000.0,50.0,6000.0,4415591200.0,4415591200.0,889741385.0,0.0,0.0,,0.0,0.0,0.0
2024-11-14,51.0,0.0,0.0,51.0,50.0,50.0,-1.0,97500.0,4875300.0,57.0,41.7,50.0,154500.0,0.0,0.0,4415591800.0,4415591800.0,889741385.0,0.0,0.0,,0.0,0.0,0.0
2024-11-15,50.0,0.0,0.0,50.0,50.0,50.0,0.0,65700.0,3285000.0,14.0,41.7,50.0,3956300.0,0.0,0.0,4415591800.0,4415591800.0,889741385.0,0.0,0.0,,0.0,0.0,0.0
2024-11-18,50.0,0.0,0.0,50.0,50.0,50.0,0.0,14800.0,740000.0,13.0,41.7,50.0,6351800.0,0.0,0.0,4415591800.0,4415591800.0,889741385.0,0.0,0.0,,0.0,0.0,0.0
2024-11-19,50.0,0.0,0.0,50.0,50.0,50.0,0.0,11500.0,575000.0,16.0,41.7,50.0,6264100.0,0.0,0.0,4415591800.0,4415591800.0,889741385.0,0.0,0.0,,0.0,0.0,0.0
2024-11-20,50.0,0.0,0.0,50.0,50.0,50.0,0.0,1800.0,90000.0,14.0,41.7,50.0,8375600.0,0.0,0.0,4415591800.0,4415591800.0,889741385.0,0.0,0.0,,0.0,0.0,0.0
2024-11-21,50.0,0.0,0.0,50.0,50.0,50.0,0.0,319000.0,15950000.0,49.0,41.7,50.0,8231200.0,0.0,0.0,4415591800.0,4415591800.0,889741385.0,0.0,0.0,,0.0,0.0,0.0
2024-11-22,50.0,0.0,0.0,50.0,50.0,50.0,0.0,315400.0,15770000.0,52.0,41.7,50.0,6587600.0,0.0,0.0,4415591800.0,4415591800.0,889741385.0,0.0,0.0,,0.0,0.0,0.0
2024-11-25,50.0,0.0,0.0,50.0,50.0,50.0,0.0,29000.0,1450000.0,13.0,41.7,50.0,3401700.0,0.0,0.0,4415591800.0,4415591800.0,889741385.0,0.0,0.0,,0.0,0.0,0.0
2024-11-26,50.0,0.0,0.0,50.0,50.0,50.0,0.0,18100.0,905000.0,11.0,41.7,50.0,6771300.0,0.0,0.0,4415591800.0,4415591800.0,889741385.0,0.0,0.0,,0.0,0.0,0.0
2024-11-28,50.0,0.0,0.0,50.0,50.0,50.0,0.0,35300.0,1765000.0,14.0,41.7,50.0,5099900.0,0.0,0.0,4415591800.0,4415591800.0,889741385.0,0.0,0.0,,0.0,0.0,0.0
2024-11-29,50.0,0.0,0.0,50.0,50.0,50.0,0.0,21900.0,1095000.0,10.0,41.7,50.0,6270800.0,0.0,0.0,4415591800.0,4415591800.0,889741385.0,0.0,0.0,,0.0,0.0,0.0
2024-12-02,50.0,0.0,0.0,50.0,50.0,50.0,0.0,29300.0,1465000.0,7.0,41.7,50.0,5720000.0,0.0,0.0,4415591800.0,4415591800.0,889741385.0,0.0,0.0,,0.0,0.0,0.0
2024-12-03,50.0,0.0,0.0,50.0,50.0,50.0,0.0,26600.0,1330000.0,4.0,41.7,50.0,4083900.0,0.0,0.0,4415591800.0,4415591800.0,889741385.0,0.0,0.0,,0.0,0.0,0.0
2024-12-04,50.0,0.0,0.0,50.0,50.0,50.0,0.0,50600.0,2530000.0,8.0,41.7,50.0,6278100.0,0.0,0.0,4415591800.0,4415591800.0,889741385.0,0.0,0.0,,0.0,0.0,0.0
2024-12-05,50.0,0.0,0.0,50.0,50.0,50.0,0.0,117600.0,5880000.0,22.0,41.7,50.0,4420500.0,0.0,0.0,4415591800.0,4415591800.0,889741385.0,0.0,0.0,,0.0,0.0,0.0
2024-12-06,50.0,0.0,0.0,50.0,50.0,50.0,0.0,2900.0,145000.0,10.0,41.7,50.0,4681900.0,0.0,0.0,4415591800.0,4415591800.0,889741385.0,0.0,0.0,,0.0,0.0,0.0
2024-12-09,50.0,50.0,50.0,50.0,50.0,50.0,0.0,19500.0,975000.0,69.0,41.7,50.0,4731000.0,0.0,0.0,4415591800.0,4415591800.0,889741385.0,0.0,0.0,,0.0,0.0,0.0
2024-12-10,50.0,50.0,50.0,50.0,50.0,50.0,0.0,8500.0,425000.0,62.0,41.7,50.0,2277600.0,0.0,0.0,4415591800.0,4415591800.0,889741385.0,0.0,0.0,,0.0,0.0,0.0
2024-12-11,50.0,50.0,50.0,50.0,50.0,50.0,0.0,1700.0,85000.0,8.0,41.7,50.0,4611900.0,0.0,0.0,4415591800.0,4415591800.0,889741385.0,0.0,0.0,,0.0,0.0,0.0
2024-12-12,50.0,50.0,50.0,50.0,50.0,50.0,0.0,20600.0,1030000.0,63.0,41.7,50.0,5504800.0,0.0,0.0,4415591800.0,4415591800.0,889741385.0,0.0,0.0,,0.0,0.0,0.0
2024-12-13,50.0,50.0,50.0,50.0,50.0,50.0,0.0,39800.0,1990000.0,16.0,41.7,50.0,4261200.0,0.0,0.0,4415591800.0,4415591800.0,889741385.0,0.0,0.0,,0.0,0.0,0.0
2024-12-16,50.0,50.0,50.0,50.0,50.0,50.0,0.0,48600.0,2430000.0,48.0,41.7,50.0,4339800.0,0.0,0.0,4415591800.0,4415591800.0,889741385.0,0.0,0.0,,0.0,0.0,0.0
2024-12-17,50.0,0.0,0.0,50.0,50.0,50.0,0.0,32000.0,1600000.0,73.0,41.7,50.0,2604700.0,0.0,0.0,4415591800.0,4415591800.0,889741385.0,0.0,0.0,,0.0,0.0,0.0
2024-12-18,50.0,0.0,0.0,50.0,50.0,50.0,0.0,71100.0,3555000.0,82.0,41.7,50.0,1861300.0,0.0,0.0,4415591800.0,4415591800.0,889741385.0,0.0,0.0,,0.0,0.0,0.0
2024-12-19,50.0,0.0,0.0,50.0,50.0,50.0,0.0,15400.0,770000.0,56.0,41.7,50.0,2183300.0,0.0,0.0,4415591800.0,4415591800.0,889741385.0,0.0,0.0,,0.0,0.0,0.0
2024-12-20,50.0,0.0,0.0,50.0,50.0,50.0,0.0,200.0,10000.0,2.0,41.7,50.0,1965200.0,0.0,0.0,4415591800.0,4415591800.0,889741385.0,0.0,0.0,,0.0,0.0,0.0
2024-12-23,50.0,0.0,0.0,50.0,50.0,50.0,0.0,7600.0,380000.0,11.0,41.7,50.0,2291800.0,0.0,0.0,4415591800.0,4415591800.0,889741385.0,0.0,0.0,,0.0,0.0,0.0
2024-12-24,50.0,50.0,50.0,50.0,50.0,50.0,0.0,211600.0,10580000.0,45.0,41.7,50.0,1939300.0,0.0,0.0,4415591800.0,4415591800.0,889741385.0,0.0,0.0,,0.0,0.0,0.0
2024-12-27,50.0,50.0,50.0,50.0,50.0,50.0,0.0,183300.0,9165000.0,84.0,41.7,50.0,2005200.0,0.0,0.0,4415591800.0,4415591800.0,889741385.0,0.0,0.0,,0.0,0.0,0.0
2024-12-30,50.0,50.0,50.0,50.0,50.0,50.0,0.0,328100.0,16405000.0,67.0,41.7,50.0,32857300.0,0.0,0.0,4415591800.0,4415591800.0,889741385.0,0.0,0.0,,0.0,0.0,0.0
2025-01-02,50.0,50.0,50.0,50.0,50.0,50.0,0.0,16600.0,830000.0,166.0,41.7,50.0,22071200.0,0.0,0.0,4415591800.0,4415591800.0,448624127.0,0.0,0.0,,0.0,0.0,0.0
2025-01-03,50.0,50.0,50.0,53.0,50.0,50.0,0.0,32332500.0,1625296500.0,789.0,41.7,51.0,662800.0,50.0,5933400.0,4415591800.0,4415591800.0,448624127.0,778700.0,0.0,,0.0,0.0,0.0
2025-01-06,50.0,50.0,50.0,53.0,50.0,51.0,1.0,10768800.0,547159300.0,419.0,42.5,51.0,250100.0,50.0,1750500.0,4415591800.0,4415591800.0,448624127.0,0.0,0.0,,0.0,0.0,0.0
2025-01-07,51.0,51.0,51.0,51.0,50.0,50.0,-1.0,2986700.0,149342400.0,133.0,41.7,50.0,937800.0,0.0,0.0,4415591800.0,4415591800.0,448624127.0,0.0,0.0,,0.0,0.0,0.0
2025-01-08,50.0,50.0,50.0,50.0,50.0,50.0,0.0,427900.0,21395000.0,108.0,41.7,50.0,545500.0,0.0,0.0,4415591900.0,4415591900.0,448624127.0,0.0,0.0,,0.0,0.0,0.0
2025-01-09,50.0,50.0,50.0,50.0,50.0,50.0,0.0,227800.0,11390000.0,64.0,41.7,50.0,810700.0,0.0,0.0,4415591900.0,4415591900.0,448624127.0,0.0,0.0,,0.0,0.0,0.0
2025-01-10,50.0,50.0,50.0,50.0,50.0,50.0,0.0,51400.0,2570000.0,31.0,41.7,50.0,703100.0,0.0,0.0,4415591900.0,4415591900.0,448624127.0,0.0,0.0,,0.0,0.0,0.0
2025-01-13,50.0,50.0,50.0,50.0,50.0,50.0,0.0,93700.0,4685000.0,25.0,41.7,50.0,1430500.0,0.0,0.0,4415591900.0,4415591900.0,448624127.0,0.0,0.0,,0.0,0.0,0.0
2025-01-14,50.0,50.0,50.0,50.0,50.0,50.0,0.0,14700.0,735000.0,7.0,41.7,50.0,8122000.0,0.0,0.0,4415591900.0,4415591900.0,448624127.0,0.0,0.0,,0.0,0.0,0.0
2025-01-15,50.0,50.0,50.0,50.0,50.0,50.0,0.0,26400.0,1320000.0,16.0,41.7,50.0,8162600.0,0.0,0.0,4415591900.0,4415591900.0,448624127.0,0.0,0.0,,0.0,0.0,0.0
2025-01-16,50.0,50.0,50.0,50.0,50.0,50.0,0.0,60100.0,3005000.0,12.0,41.7,50.0,9127300.0,0.0,0.0,4415591900.0,4415591900.0,448624127.0,0.0,0.0,,0.0,0.0,0.0
2025-01-17,50.0,50.0,50.0,50.0,50.0,50.0,0.0,183300.0,9165000.0,17.0,41.7,50.0,9367600.0,0.0,0.0,4415591900.0,4415591900.0,448624127.0,0.0,0.0,,0.0,0.0,0.0
2025-01-20,50.0,50.0,50.0,50.0,50.0,50.0,0.0,138100.0,6905000.0,29.0,41.7,50.0,8845900.0,0.0,0.0,4415591900.0,4415591900.0,448624127.0,0.0,0.0,,0.0,0.0,0.0
2025-01-21,50.0,50.0,50.0,50.0,50.0,50.0,0.0,244800.0,12240000.0,32.0,41.7,50.0,9740300.0,0.0,0.0,4415591900.0,4415591900.0,448624127.0,0.0,0.0,,0.0,0.0,0.0
2025-01-22,50.0,50.0,50.0,50.0,50.0,50.0,0.0,7100.0,355000.0,5.0,41.7,50.0,9757700.0,0.0,0.0,4415591900.0,4415591900.0,448624127.0,0.0,0.0,,0.0,0.0,0.0
2025-01-23,50.0,50.0,50.0,50.0,50.0,50.0,0.0,28400.0,1420000.0,20.0,41.7,50.0,10318000.0,0.0,0.0,4415591900.0,4415591900.0,448624127.0,0.0,0.0,,0.0,0.0,0.0
2025-01-24,50.0,50.0,50.0,50.0,50.0,50.0,0.0,34900.0,1745000.0,7.0,41.7,50.0,9902100.0,0.0,0.0,4415593100.0,4415593100.0,448624127.0,0.0,0.0,,0.0,0.0,0.0
2025-01-30,50.0,50.0,50.0,50.0,50.0,50.0,0.0,351700.0,17585000.0,27.0,41.7,50.0,9505900.0,0.0,0.0,4415593100.0,4415593100.0,448624127.0,0.0,0.0,,0.0,0.0,0.0
2025-01-31,50.0,50.0,50.0,50.0,50.0,50.0,0.0,106000.0,5300000.0,30.0,41.7,50.0,9784100.0,0.0,0.0,4415593100.0,4415593100.0,448624127.0,0.0,0.0,,0.0,0.0,0.0
2025-02-03,50.0,50.0,50.0,50.0,50.0,50.0,0.0,240000.0,12000000.0,15.0,41.7,50.0,9264600.0,0.0,0.0,4415593100.0,4415593100.0,448624127.0,0.0,0.0,,0.0,0.0,0.0
2025-02-04,50.0,50.0,50.0,50.0,50.0,50.0,0.0,32000.0,1600000.0,9.0,41.7,50.0,10140000.0,0.0,0.0,4415593100.0,4415593100.0,448624127.0,0.0,0.0,,0.0,0.0,0.0
2025-02-05,50.0,50.0,50.0,50.0,50.0,50.0,0.0,14900.0,745000.0,16.0,41.7,50.0,12032600.0,0.0,0.0,4415593100.0,4415593100.0,448624127.0,0.0,0.0,,0.0,0.0,0.0
2025-02-06,50.0,50.0,50.0,50.0,50.0,50.0,0.0,7800.0,390000.0,10.0,41.7,50.0,10336200.0,0.0,0.0,4415593100.0,4415593100.0,448624127.0,0.0,0.0,,0.0,0.0,0.0
2025-02-07,50.0,50.0,50.0,50.0,50.0,50.0,0.0,1400.0,70000.0,9.0,41.7,50.0,10938700.0,0.0,0.0,4415593100.0,4415593100.0,448624127.0,0.0,0.0,,0.0,0.0,0.0
2025-02-10,50.0,50.0,50.0,50.0,50.0,50.0,0.0,209700.0,10485000.0,6.0,41.7,50.0,10228600.0,0.0,0.0,4415593100.0,4415593100.0,448624127.0,0.0,0.0,,0.0,0.0,0.0
2025-02-11,50.0,50.0,50.0,50.0,50.0,50.0,0.0,654800.0,32740000.0,17.0,41.7,50.0,8574000.0,0.0,0.0,4415593100.0,4415593100.0,448624127.0,0.0,0.0,,0.0,0.0,0.0
2025-02-12,50.0,50.0,50.0,50.0,50.0,50.0,0.0,2900.0,145000.0,6.0,41.7,50.0,11570000.0,0.0,0.0,4415593100.0,4415593100.0,448624127.0,0.0,0.0,,0.0,0.0,0.0
2025-02-13,50.0,0.0,0.0,50.0,50.0,50.0,0.0,3400.0,170000.0,5.0,41.7,50.0,10726300.0,0.0,0.0,4415593100.0,4415593100.0,448624127.0,0.0,0.0,,0.0,0.0,0.0
2025-02-14,50.0,0.0,0.0,50.0,50.0,50.0,0.0,4000.0,200000.0,1.0,41.7,50.0,10252900.0,0.0,0.0,4415593100.0,4415593100.0,448624127.0,0.0,0.0,,0.0,0.0,0.0
2025-02-17,50.0,50.0,50.0,50.0,50.0,50.0,0.0,21700.0,1085000.0,4.0,41.7,50.0,8714200.0,0.0,0.0,4415593100.0,4415593100.0,448624127.0,0.0,0.0,,0.0,0.0,0.0
2025-02-18,50.0,0.0,0.0,50.0,50.0,50.0,0.0,155600.0,7780000.0,6.0,41.7,50.0,9746200.0,0.0,0.0,4415593100.0,4415593100.0,448624127.0,0.0,0.0,,0.0,0.0,0.0
2025-02-19,50.0,50.0,50.0,50.0,50.0,50.0,0.0,506700.0,25335000.0,11.0,41.7,50.0,9050500.0,0.0,0.0,4415593100.0,4415593100.0,448624127.0,0.0,0.0,,0.0,0.0,0.0
2025-02-20,50.0,50.0,50.0,50.0,50.0,50.0,0.0,30700.0,1535000.0,9.0,41.7,50.0,8511400.0,0.0,0.0,4415593100.0,4415593100.0,448624127.0,0.0,0.0,,0.0,0.0,0.0
2025-02-21,50.0,50.0,50.0,50.0,50.0,50.0,0.0,1200.0,60000.0,3.0,41.7,50.0,10550900.0,0.0,0.0,4415593100.0,4415593100.0,448624127.0,0.0,0.0,,0.0,0.0,0.0
2025-02-24,50.0,0.0,0.0,50.0,50.0,50.0,0.0,481300.0,24065000.0,3.0,41.7,50.0,10375700.0,0.0,0.0,4415593100.0,4415593100.0,448624127.0,0.0,0.0,,0.0,0.0,0.0
2025-02-25,50.0,0.0,0.0,50.0,50.0,50.0,0.0,93200.0,4660000.0,5.0,41.7,50.0,8165500.0,0.0,0.0,4415593100.0,4415593100.0,448624127.0,0.0,0.0,,0.0,0.0,0.0
2025-02-26,50.0,0.0,0.0,50.0,50.0,50.0,0.0,200.0,10000.0,2.0,41.7,50.0,11120400.0,0.0,0.0,4415593100.0,4415593100.0,448624127.0,0.0,0.0,,0.0,0.0,0.0
2025-02-27,50.0,50.0,50.0,50.0,50.0,50.0,0.0,11100.0,555000.0,7.0,41.7,50.0,10039700.0,0.0,0.0,4415593100.0,4415593100.0,448624127.0,0.0,0.0,,0.0,0.0,0.0
2025-02-28,50.0,50.0,50.0,50.0,50.0,50.0,0.0,400.0,20000.0,3.0,41.7,50.0,10680900.0,0.0,0.0,4415593100.0,4415593100.0,448624127.0,0.0,0.0,,0.0,0.0,0.0
2025-03-03,50.0,0.0,0.0,50.0,50.0,50.0,0.0,261300.0,13065000.0,5.0,41.7,50.0,9470900.0,0.0,0.0,4415593100.0,4415593100.0,448624127.0,0.0,0.0,,0.0,0.0,0.0
2025-03-04,50.0,0.0,0.0,50.0,50.0,50.0,0.0,119100.0,5955000.0,6.0,41.7,50.0,8623100.0,0.0,0.0,4415593500.0,4415593500.0,448624127.0,0.0,0.0,,0.0,0.0,0.0
2025-03-05,50.0,0.0,0.0,50.0,50.0,50.0,0.0,68200.0,3410000.0,9.0,41.7,50.0,9494800.0,0.0,0.0,4415593500.0,4415593500.0,448624127.0,0.0,0.0,,0.0,0.0,0.0
2025-03-06,50.0,50.0,50.0,50.0,50.0,50.0,0.0,11400.0,570000.0,3.0,41.7,50.0,9824700.0,0.0,0.0,4415593500.0,4415593500.0,448624127.0,0.0,0.0,,0.0,0.0,0.0
2025-03-07,50.0,50.0,50.0,50.0,50.0,50.0,0.0,94400.0,4720000.0,6.0,41.7,50.0,9515300.0,0.0,0.0,4415593500.0,4415593500.0,448624127.0,0.0,0.0,,0.0,0.0,0.0
2025-03-10,50.0,50.0,50.0,50.0,50.0,50.0,0.0,107600.0,5380000.0,8.0,41.7,50.0,10536800.0,0.0,0.0,4415593500.0,4415593500.0,448624127.0,0.0,0.0,,0.0,0.0,0.0
2025-03-11,50.0,50.0,50.0,50.0,50.0,50.0,0.0,3300.0,165000.0,5.0,41.7,50.0,8761800.0,0.0,0.0,4415593500.0,4415593500.0,448624127.0,0.0,0.0,,0.0,0.0,0.0
2025-03-12,50.0,50.0,50.0,50.0,50.0,50.0,0.0,127800.0,6390000.0,9.0,41.7,50.0,7621500.0,0.0,0.0,4415593500.0,4415593500.0,448624127.0,0.0,0.0,,0.0,0.0,0.0
2025-03-13,50.0,50.0,50.0,50.0,50.0,50.0,0.0,200.0,10000.0,2.0,41.7,50.0,9538200.0,0.0,0.0,4415593500.0,4415593500.0,448624127.0,0.0,0.0,,0.0,0.0,0.0
2025-03-14,50.0,50.0,50.0,50.0,50.0,50.0,0.0,1100.0,55000.0,8.0,41.7,50.0,8111500.0,0.0,0.0,4415593500.0,4415593500.0,448624127.0,0.0,0.0,,0.0,0.0,0.0
2025-03-17,50.0,50.0,50.0,50.0,50.0,50.0,0.0,1700.0,85000.0,5.0,41.7,50.0,9743100.0,0.0,0.0,4415593500.0,4415593500.0,448624127.0,0.0,0.0,,0.0,0.0,0.0
2025-03-18,50.0,50.0,50.0,50.0,50.0,50.0,0.0,15200.0,760000.0,4.0,41.7,50.0,7316500.0,0.0,0.0,4415593500.0,4415593500.0,448624127.0,0.0,0.0,,0.0,0.0,0.0
2025-03-19,50.0,50.0,50.0,50.0,50.0,50.0,0.0,2500.0,125000.0,4.0,41.7,50.0,6530400.0,0.0,0.0,4415593500.0,4415593500.0,448624127.0,0.0,0.0,,0.0,0.0,0.0
2025-03-20,50.0,50.0,50.0,50.0,50.0,50.0,0.0,222100.0,11105000.0,8.0,41.7,50.0,7179100.0,0.0,0.0,4415593500.0,4415593500.0,448624127.0,0.0,0.0,,0.0,0.0,0.0
2025-03-21,50.0,50.0,50.0,50.0,50.0,50.0,0.0,11100.0,555000.0,2.0,41.7,50.0,6793900.0,0.0,0.0,4415593500.0,4415593500.0,448624127.0,0.0,0.0,,0.0,0.0,0.0
2025-03-24,50.0,50.0,50.0,50.0,50.0,50.0,0.0,39300.0,1965000.0,3.0,41.7,50.0,7424300.0,0.0,0.0,4415593500.0,4415593500.0,448624127.0,0.0,0.0,,0.0,0.0,0.0
2025-03-25,50.0,0.0,0.0,50.0,50.0,50.0,0.0,10200.0,510000.0,2.0,41.7,50.0,6064700.0,0.0,0.0,4415593500.0,4415593500.0,448624127.0,0.0,0.0,,0.0,0.0,0.0
2025-03-26,50.0,0.0,0.0,50.0,50.0,50.0,0.0,15700.0,785000.0,6.0,41.7,50.0,7539100.0,0.0,0.0,4415593500.0,4415593500.0,448624127.0,0.0,0.0,,0.0,0.0,0.0
2025-03-27,50.0,0.0,0.0,50.0,50.0,50.0,0.0,116000.0,5800000.0,7.0,41.7,50.0,7248300.0,0.0,0.0,4415593500.0,4415593500.0,448624127.0,0.0,0.0,,0.0,0.0,0.0
2025-04-08,50.0,50.0,-99999999.0,50.0,50.0,50.0,0.0,2200.0,110000.0,2.0,41.7,50.0,8671500.0,0.0,0.0,4415593500.0,4415593500.0,448624300.0,0.0,0.0,,0.0,0.0,0.0
2025-04-09,50.0,50.0,50.0,50.0,50.0,50.0,0.0,400.0,20000.0,3.0,41.7,50.0,8799400.0,0.0,0.0,4415593500.0,4415593500.0,448624300.0,0.0,0.0,,0.0,0.0,0.0
2025-04-10,50.0,0.0,0.0,50.0,50.0,50.0,0.0,800.0,40000.0,5.0,41.7,50.0,8109300.0,0.0,0.0,4415593500.0,4415593500.0,448624300.0,0.0,0.0,,0.0,0.0,0.0
2025-04-11,50.0,0.0,0.0,50.0,50.0,50.0,0.0,8100.0,405000.0,4.0,41.7,50.0,10969300.0,0.0,0.0,4415593500.0,4415593500.0,448624300.0,0.0,0.0,,0.0,0.0,0.0
2025-04-14,50.0,0.0,0.0,50.0,50.0,50.0,0.0,13300.0,665000.0,5.0,41.7,50.0,10442700.0,0.0,0.0,4415593500.0,4415593500.0,448624300.0,0.0,0.0,,0.0,0.0,0.0
2025-04-15,50.0,0.0,0.0,50.0,50.0,50.0,0.0,4700.0,235000.0,3.0,41.7,50.0,9563600.0,0.0,0.0,4415593500.0,4415593500.0,448624300.0,0.0,0.0,,0.0,0.0,0.0
2025-04-16,50.0,50.0,50.0,50.0,50.0,50.0,0.0,3900.0,195000.0,3.0,41.7,50.0,7082800.0,0.0,0.0,4415593500.0,4415593500.0,448624300.0,0.0,0.0,,0.0,0.0,0.0
2025-04-17,50.0,0.0,0.0,50.0,50.0,50.0,0.0,2000.0,100000.0,8.0,41.7,50.0,6774300.0,0.0,0.0,4415593500.0,4415593500.0,448624300.0,0.0,0.0,,0.0,0.0,0.0
2025-04-21,50.0,50.0,50.0,50.0,50.0,50.0,0.0,11100.0,555000.0,38.0,41.7,50.0,9475500.0,0.0,0.0,4415593500.0,4415593500.0,448624300.0,0.0,0.0,,0.0,0.0,0.0
2025-04-22,50.0,0.0,0.0,50.0,50.0,50.0,0.0,11700.0,585000.0,8.0,41.7,50.0,6897300.0,0.0,0.0,4415593500.0,4415593500.0,448624300.0,0.0,0.0,,0.0,0.0,0.0
2025-04-23,50.0,0.0,0.0,50.0,50.0,50.0,0.0,21200.0,1060000.0,7.0,41.7,50.0,9089000.0,0.0,0.0,4415593500.0,4415593500.0,448624300.0,0.0,0.0,,0.0,0.0,0.0
2025-04-24,50.0,50.0,50.0,50.0,50.0,50.0,0.0,2000.0,100000.0,7.0,41.7,50.0,7753900.0,0.0,0.0,4415593500.0,4415593500.0,448624300.0,0.0,0.0,,0.0,0.0,0.0
2025-04-25,50.0,0.0,0.0,50.0,50.0,50.0,0.0,2900.0,145000.0,6.0,41.7,50.0,7144800.0,0.0,0.0,4415593500.0,4415593500.0,448624300.0,0.0,0.0,,0.0,0.0,0.0
2025-04-28,50.0,50.0,50.0,50.0,50.0,50.0,0.0,23700.0,1185000.0,14.0,41.7,50.0,8177000.0,0.0,0.0,4415593500.0,4415593500.0,448624300.0,0.0,0.0,,0.0,0.0,0.0
2025-04-29,50.0,0.0,0.0,50.0,50.0,50.0,0.0,12400.0,620000.0,4.0,41.7,50.0,6056500.0,0.0,0.0,4415593500.0,4415593500.0,448624300.0,0.0,0.0,,0.0,0.0,0.0
2025-04-30,50.0,50.0,50.0,50.0,50.0,50.0,0.0,30600.0,1530000.0,14.0,41.7,50.0,6403100.0,0.0,0.0,4415593500.0,4415593500.0,448624300.0,0.0,0.0,,0.0,0.0,0.0
2025-05-02,50.0,50.0,50.0,50.0,50.0,50.0,0.0,13100.0,655000.0,12.0,41.7,50.0,7108800.0,0.0,0.0,4415593500.0,4415593500.0,448624300.0,0.0,0.0,,0.0,0.0,0.0
2025-05-05,50.0,50.0,50.0,50.0,50.0,50.0,0.0,10100.0,505000.0,8.0,41.7,50.0,7744600.0,0.0,0.0,4415593500.0,4415593500.0,448624300.0,0.0,0.0,,0.0,0.0,0.0
2025-05-06,50.0,50.0,50.0,50.0,50.0,50.0,0.0,114000.0,5700000.0,26.0,41.7,50.0,7559100.0,0.0,0.0,4415593500.0,4415593500.0,448624300.0,0.0,0.0,,0.0,0.0,0.0
2025-05-07,50.0,50.0,50.0,50.0,50.0,50.0,0.0,131800.0,6590000.0,34.0,41.7,50.0,7100900.0,0.0,0.0,4415593500.0,4415593500.0,448624300.0,0.0,0.0,,0.0,0.0,0.0
2025-05-08,50.0,50.0,50.0,67.0,50.0,53.0,3.0,150987200.0,9136570500.0,6710.0,44.2,54.0,136700.0,53.0,878400.0,4415593500.0,4415593500.0,448624300.0,1023100.0,419200.0,,0.0,0.0,0.0
2025-05-09,53.0,53.0,54.0,57.0,50.0,50.0,-3.0,38917500.0,1975509200.0,1618.0,41.7,50.0,77000.0,0.0,0.0,4415593500.0,4415593500.0,448624300.0,0.0,1025000.0,,0.0,0.0,0.0
2025-05-14,50.0,51.0,51.0,61.0,50.0,55.0,5.0,88432500.0,4972731200.0,4762.0,45.8,55.0,760900.0,54.0,65200.0,4415593500.0,4415593500.0,448624300.0,374000.0,100000.0,,0.0,0.0,0.0
2025-05-15,55.0,56.0,56.0,56.0,51.0,51.0,-4.0,16410500.0,860799400.0,853.0,42.5,52.0,832800.0,51.0,2222200.0,4415593500.0,4415593500.0,448624300.0,0.0,0.0,,0.0,0.0,0.0
2025-05-16,51.0,52.0,52.0,60.0,52.0,53.0,2.0,48931800.0,2726990100.0,2735.0,44.2,53.0,11000.0,52.0,2472800.0,4415593698.0,4415593698.0,448624300.0,0.0,10000.0,,0.0,0.0,0.0
2025-05-19,53.0,53.0,54.0,55.0,52.0,54.0,1.0,5891200.0,313776500.0,480.0,45.0,54.0,2035500.0,53.0,386600.0,4415594598.0,4415594598.0,448624300.0,0.0,10500.0,,0.0,0.0,0.0
2025-05-20,54.0,54.0,53.0,54.0,52.0,52.0,-2.0,8501800.0,447621500.0,539.0,43.3,53.0,911100.0,52.0,3343000.0,4415595398.0,4415595398.0,448624300.0,0.0,28200.0,,0.0,0.0,0.0
2025-05-21,52.0,52.0,52.0,55.0,52.0,54.0,2.0,11530600.0,619065900.0,606.0,45.0,54.0,904400.0,53.0,774200.0,4415595398.0,4415595398.0,448624300.0,28700.0,22400.0,,0.0,0.0,0.0
2025-05-22,54.0,55.0,54.0,55.0,53.0,53.0,-1.0,5023800.0,268870600.0,256.0,44.2,54.0,1909000.0,53.0,659100.0,4415595498.0,4415595498.0,448624300.0,20400.0,20700.0,,0.0,0.0,0.0
2025-05-23,53.0,53.0,53.0,53.0,52.0,52.0,-1.0,4502900.0,236106400.0,140.0,43.3,53.0,540900.0,52.0,4019500.0,4415595498.0,4415595498.0,448624300.0,20200.0,28100.0,,0.0,0.0,0.0
2025-05-26,52.0,52.0,52.0,53.0,51.0,52.0,0.0,4507800.0,233707900.0,252.0,43.3,52.0,1306300.0,51.0,3683900.0,4415595498.0,4415595498.0,448624300.0,20100.0,21800.0,,0.0,0.0,0.0
2025-05-27,52.0,52.0,52.0,52.0,51.0,51.0,-1.0,5129700.0,261848800.0,232.0,42.5,51.0,368200.0,50.0,6941800.0,4415595498.0,4415595498.0,448624300.0,21800.0,0.0,,0.0,0.0,0.0
2025-05-28,51.0,51.0,51.0,56.0,50.0,52.0,1.0,20010600.0,1047646400.0,1427.0,43.3,52.0,140300.0,51.0,3170600.0,4415595498.0,4415595498.0,448624300.0,10500.0,0.0,,0.0,0.0,0.0
2025-06-02,52.0,52.0,52.0,53.0,51.0,52.0,0.0,2416800.0,124419800.0,131.0,43.3,52.0,598200.0,51.0,3969500.0,4415595498.0,4415595498.0,448624300.0,0.0,16200.0,,0.0,0.0,0.0
2025-06-03,52.0,52.0,51.0,52.0,51.0,52.0,0.0,4452300.0,227591000.0,196.0,43.3,52.0,1164000.0,51.0,1526800.0,4415595498.0,4415595498.0,448624300.0,0.0,0.0,,0.0,0.0,0.0
2025-06-04,52.0,52.0,51.0,52.0,50.0,51.0,-1.0,4580200.0,232851900.0,263.0,42.5,52.0,1681800.0,51.0,600.0,4415595498.0,4415595498.0,448624300.0,0.0,0.0,,0.0,0.0,0.0
2025-06-05,51.0,51.0,51.0,52.0,50.0,52.0,1.0,2150800.0,109717900.0,162.0,43.3,52.0,1477900.0,51.0,887000.0,4415595498.0,4415595498.0,448624300.0,0.0,0.0,,0.0,0.0,0.0
2025-06-10,52.0,52.0,52.0,52.0,51.0,51.0,-1.0,2575300.0,132291400.0,142.0,42.5,52.0,1004200.0,51.0,453600.0,4415595498.0,4415595498.0,448624300.0,0.0,5400.0,,0.0,0.0,0.0
2025-06-11,51.0,51.0,52.0,54.0,51.0,52.0,1.0,6266900.0,326515100.0,370.0,43.3,53.0,952800.0,52.0,57600.0,4415595498.0,4415595498.0,448624300.0,0.0,0.0,,0.0,0.0,0.0
2025-06-12,52.0,52.0,52.0,53.0,51.0,52.0,0.0,2756600.0,142932800.0,544.0,43.3,52.0,364800.0,51.0,2780400.0,4415595498.0,4415595498.0,448624300.0,0.0,0.0,,0.0,0.0,0.0
2025-06-13,52.0,52.0,52.0,52.0,51.0,51.0,-1.0,3257400.0,166788400.0,150.0,42.5,52.0,1623800.0,51.0,1312400.0,4415595498.0,4415595498.0,448624300.0,0.0,0.0,,0.0,0.0,0.0
2025-06-16,51.0,52.0,52.0,54.0,52.0,54.0,3.0,7945200.0,418744800.0,385.0,45.0,54.0,1857400.0,53.0,530600.0,4415595498.0,4415595498.0,448624300.0,0.0,0.0,,0.0,0.0,0.0
2025-06-17,54.0,54.0,54.0,55.0,53.0,53.0,-1.0,6510600.0,350579400.0,365.0,44.2,54.0,1188900.0,53.0,645500.0,4415595498.0,4415595498.0,448624300.0,0.0,0.0,,0.0,0.0,0.0
2025-06-18,53.0,54.0,54.0,57.0,53.0,56.0,3.0,24088900.0,1326976300.0,933.0,46.7,57.0,1514200.0,56.0,7300.0,4415595498.0,4415595498.0,448624300.0,0.0,0.0,,0.0,0.0,0.0
2025-06-19,56.0,56.0,57.0,58.0,52.0,53.0,-3.0,19077700.0,1031092100.0,824.0,44.2,54.0,248500.0,53.0,698600.0,4415595498.0,4415595498.0,448624300.0,10000.0,0.0,,0.0,0.0,0.0
2025-06-20,53.0,52.0,51.0,52.0,50.0,50.0,-3.0,17506000.0,880402300.0,593.0,41.7,51.0,2913500.0,50.0,2833300.0,4415595498.0,4415595498.0,448624300.0,0.0,0.0,,0.0,0.0,0.0
2025-06-23,50.0,50.0,50.0,51.0,50.0,50.0,0.0,5677900.0,283895200.0,151.0,41.7,51.0,1913300.0,50.0,217600.0,4415595498.0,4415595498.0,448624300.0,0.0,0.0,,0.0,0.0,0.0
2025-06-24,50.0,50.0,51.0,51.0,50.0,50.0,0.0,939900.0,46995100.0,90.0,41.7,50.0,1399100.0,0.0,0.0,4415595498.0,4415595498.0,448624300.0,0.0,0.0,,0.0,0.0,0.0
2025-06-25,50.0,50.0,50.0,50.0,50.0,50.0,0.0,353200.0,17660000.0,31.0,41.7,50.0,2946800.0,0.0,0.0,4415595498.0,4415595498.0,448624300.0,0.0,0.0,,0.0,0.0,0.0
2025-06-26,50.0,50.0,50.0,50.0,50.0,50.0,0.0,648500.0,32425000.0,92.0,41.7,50.0,5360500.0,0.0,0.0,4415595498.0,4415595498.0,448624300.0,0.0,354000.0,,0.0,0.0,0.0
2025-06-30,50.0,50.0,50.0,50.0,50.0,50.0,0.0,1836100.0,91805000.0,52.0,41.7,50.0,4272100.0,0.0,0.0,4415595498.0,4415595498.0,448624300.0,0.0,0.0,,0.0,0.0,0.0
2025-07-01,50.0,50.0,50.0,50.0,50.0,50.0,0.0,41100.0,2055000.0,26.0,41.7,50.0,5230300.0,0.0,0.0,4415595498.0,4415595498.0,448624503.0,0.0,0.0,,0.0,0.0,0.0
2025-07-02,50.0,50.0,50.0,50.0,50.0,50.0,0.0,62300.0,3115000.0,233.0,41.7,50.0,4884800.0,0.0,0.0,4415595498.0,4415595498.0,448624503.0,0.0,0.0,,0.0,0.0,0.0
2025-07-03,50.0,50.0,50.0,50.0,50.0,50.0,0.0,211400.0,10570000.0,33.0,41.7,50.0,4134500.0,0.0,0.0,4415595498.0,4415595498.0,448624503.0,0.0,0.0,,0.0,0.0,0.0
2025-07-04,50.0,50.0,50.0,50.0,50.0,50.0,0.0,47600.0,2380000.0,28.0,41.7,50.0,5059700.0,0.0,0.0,4415595498.0,4415595498.0,448624503.0,0.0,0.0,,0.0,0.0,0.0
2025-07-07,50.0,0.0,0.0,50.0,50.0,50.0,0.0,157300.0,7865000.0,17.0,41.7,50.0,4286800.0,0.0,0.0,4415595498.0,4415595498.0,448624503.0,0.0,0.0,,0.0,0.0,0.0
2025-07-08,50.0,50.0,50.0,50.0,50.0,50.0,0.0,67500.0,3375000.0,34.0,41.7,50.0,3492300.0,0.0,0.0,4415595498.0,4415595498.0,448624503.0,0.0,0.0,,0.0,0.0,0.0
2025-07-09,50.0,0.0,0.0,50.0,50.0,50.0,0.0,173600.0,8680000.0,30.0,41.7,50.0,4753900.0,0.0,0.0,4415595498.0,4415595498.0,448624503.0,0.0,0.0,,0.0,0.0,0.0
2025-07-10,50.0,50.0,50.0,50.0,50.0,50.0,0.0,123900.0,6195000.0,205.0,41.7,50.0,4937700.0,0.0,0.0,4415595498.0,4415595498.0,448624503.0,0.0,0.0,,0.0,0.0,0.0
2025-07-11,50.0,50.0,50.0,50.0,50.0,50.0,0.0,283500.0,14175000.0,183.0,41.7,50.0,5641800.0,0.0,0.0,4415595498.0,4415595498.0,448624503.0,0.0,0.0,,0.0,0.0,0.0
2025-07-14,50.0,50.0,50.0,60.0,50.0,51.0,1.0,97169200.0,5329419200.0,5407.0,42.5,52.0,143000.0,51.0,3047600.0,4415595498.0,4415595498.0,448624503.0,1721600.0,0.0,,0.0,0.0,0.0
2025-07-15,51.0,52.0,53.0,54.0,50.0,51.0,0.0,21038900.0,1081150500.0,907.0,42.5,51.0,34900.0,50.0,6420900.0,4415595498.0,4415595498.0,448624503.0,0.0,0.0,,0.0,0.0,0.0
2025-07-16,51.0,51.0,51.0,52.0,50.0,52.0,1.0,5012400.0,255577500.0,226.0,43.3,52.0,1653800.0,51.0,669100.0,4415595598.0,4415595598.0,448624503.0,0.0,1035000.0,,0.0,0.0,0.0
2025-07-17,52.0,52.0,51.0,52.0,51.0,51.0,-1.0,2345200.0,119924400.0,195.0,42.5,52.0,2243400.0,51.0,391000.0,4415595598.0,4415595598.0,448624503.0,5500.0,0.0,,0.0,0.0,0.0
2025-07-18,51.0,52.0,51.0,52.0,50.0,50.0,-1.0,3482300.0,177135700.0,183.0,41.7,51.0,9500.0,50.0,9697400.0,4415595598.0,4415595598.0,448624503.0,0.0,766000.0,,0.0,0.0,0.0
2025-07-21,50.0,50.0,50.0,52.0,50.0,51.0,1.0,4678200.0,238572400.0,191.0,42.5,52.0,1761000.0,51.0,369900.0,4415595598.0,4415595598.0,448624503.0,0.0,1001900.0,,0.0,0.0,0.0
2025-07-22,51.0,51.0,51.0,52.0,50.0,52.0,1.0,2705600.0,137886900.0,151.0,43.3,52.0,2134900.0,51.0,89000.0,4415595598.0,4415595598.0,448624503.0,0.0,444900.0,,0.0,0.0,0.0
2025-07-23,52.0,52.0,51.0,52.0,50.0,51.0,-1.0,1417500.0,72245300.0,146.0,42.5,52.0,2752300.0,51.0,445900.0,4415595598.0,4415595598.0,448624503.0,0.0,211700.0,,0.0,0.0,0.0
2025-07-24,51.0,52.0,52.0,54.0,51.0,53.0,2.0,15822000.0,830089200.0,1167.0,44.2,53.0,1397100.0,52.0,8600.0,4415595598.0,4415595598.0,448624503.0,1538500.0,1735700.0,,0.0,0.0,0.0
2025-07-25,53.0,52.0,53.0,53.0,51.0,51.0,-2.0,3202800.0,165435000.0,170.0,42.5,52.0,50800.0,51.0,2994800.0,4415595598.0,4415595598.0,448624503.0,0.0,0.0,,0.0,0.0,0.0
2025-07-28,51.0,52.0,52.0,52.0,51.0,51.0,0.0,2012900.0,102725400.0,478.0,42.5,52.0,1140600.0,51.0,1828700.0,4415595598.0,4415595598.0,448624503.0,0.0,0.0,,0.0,0.0,0.0
2025-07-29,51.0,51.0,51.0,52.0,50.0,51.0,0.0,4620900.0,234197000.0,173.0,42.5,51.0,392000.0,50.0,9274400.0,4415595598.0,4415595598.0,448624503.0,0.0,687800.0,,0.0,0.0,0.0
2025-07-30,51.0,51.0,51.0,51.0,50.0,51.0,0.0,4437700.0,222681200.0,95.0,42.5,51.0,2675900.0,50.0,13115000.0,4415595598.0,4415595598.0,448624503.0,0.0,0.0,,0.0,0.0,0.0
2025-07-31,51.0,51.0,50.0,51.0,50.0,50.0,-1.0,2468100.0,124735100.0,102.0,41.7,51.0,2103000.0,50.0,12215100.0,4415595598.0,4415595598.0,448624503.0,0.0,0.0,,0.0,0.0,0.0
2025-08-01,50.0,50.0,50.0,55.0,50.0,52.0,2.0,18207100.0,954546600.0,1172.0,43.3,53.0,1111500.0,52.0,2208200.0,4415595598.0,4415595598.0,448624503.0,451900.0,456900.0,,0.0,0.0,0.0
2025-08-04,52.0,52.0,53.0,60.0,52.0,55.0,3.0,113849800.0,6382155200.0,5135.0,45.8,55.0,2849100.0,54.0,661200.0,4415595598.0,4415595598.0,448624503.0,7855600.0,7036600.0,,0.0,0.0,0.0
2025-08-05,55.0,55.0,56.0,56.0,53.0,54.0,-1.0,15984100.0,864566500.0,634.0,45.0,55.0,2068900.0,54.0,3210900.0,4415595598.0,4415595598.0,448624503.0,532900.0,278100.0,,0.0,0.0,0.0
2025-08-06,54.0,55.0,55.0,60.0,53.0,56.0,2.0,40622800.0,2287142100.0,2476.0,46.7,56.0,486900.0,55.0,2014200.0,4415595598.0,4415595598.0,448624503.0,1628100.0,1882900.0,,0.0,0.0,0.0
2025-08-07,56.0,56.0,57.0,57.0,54.0,54.0,-2.0,14040500.0,763563700.0,568.0,45.0,54.0,688800.0,53.0,2087600.0,4415595598.0,4415595598.0,448624503.0,0.0,0.0,,0.0,0.0,0.0
2025-08-08,54.0,54.0,54.0,65.0,54.0,59.0,5.0,162754500.0,9905131600.0,8807.0,49.2,60.0,414900.0,59.0,15000.0,4415595598.0,4415595598.0,448624503.0,10503100.0,7905000.0,,0.0,0.0,0.0
2025-08-11,59.0,59.0,59.0,63.0,57.0,59.0,0.0,31933400.0,1906011400.0,1651.0,49.2,59.0,655200.0,58.0,135600.0,4415595598.0,4415595598.0,448624503.0,3842400.0,3279400.0,,0.0,0.0,0.0
2025-08-12,59.0,59.0,59.0,60.0,57.0,57.0,-2.0,12586100.0,732347100.0,981.0,47.5,58.0,18500.0,57.0,822800.0,4415595598.0,4415595598.0,448624503.0,87800.0,826600.0,,0.0,0.0,0.0
2025-08-13,57.0,58.0,58.0,64.0,57.0,59.0,2.0,52024700.0,3179081600.0,2355.0,49.2,60.0,1239900.0,59.0,1582400.0,4415595598.0,4415595598.0,448624503.0,5059100.0,3598100.0,,0.0,0.0,0.0
2025-08-14,59.0,60.0,60.0,68.0,58.0,60.0,1.0,93688500.0,5942169300.0,4327.0,50.0,61.0,588900.0,60.0,1564300.0,4415595598.0,4415595598.0,448624503.0,3368800.0,1677800.0,,0.0,0.0,0.0
2025-08-15,60.0,60.0,60.0,61.0,58.0,58.0,-2.0,15873100.0,936580000.0,1249.0,48.3,59.0,556600.0,58.0,367000.0,4415595598.0,4415595598.0,448624503.0,763500.0,19200.0,,0.0,0.0,0.0
2025-08-19,58.0,59.0,59.0,60.0,58.0,58.0,0.0,6800100.0,400121600.0,417.0,48.3,59.0,420300.0,58.0,2060000.0,4415595670.0,4415595670.0,448624503.0,19200.0,1483200.0,,0.0,0.0,0.0
2025-08-20,58.0,59.0,60.0,60.0,57.0,59.0,1.0,8974600.0,524436600.0,350.0,49.2,59.0,1385200.0,58.0,1378300.0,4415595670.0,4415595670.0,448624503.0,0.0,1991900.0,,0.0,0.0,0.0
2025-08-21,59.0,59.0,59.0,68.0,58.0,63.0,4.0,138746000.0,8856012600.0,7541.0,52.5,63.0,2152700.0,62.0,251300.0,4415595672.0,4415595672.0,448624503.0,7959500.0,4020400.0,,0.0,0.0,0.0
2025-08-22,63.0,63.0,62.0,63.0,61.0,62.0,-1.0,10758600.0,667816400.0,615.0,51.7,62.0,521400.0,61.0,2202500.0,4415595672.0,4415595672.0,448624503.0,15400.0,1886600.0,,0.0,0.0,0.0
2025-08-25,62.0,62.0,63.0,65.0,62.0,65.0,3.0,22055400.0,1407591900.0,1282.0,54.2,65.0,1739000.0,64.0,5600.0,4415595672.0,4415595672.0,448624503.0,1007300.0,1050900.0,,0.0,0.0,0.0
2025-08-26,65.0,65.0,66.0,69.0,64.0,64.0,-1.0,42320300.0,2798914800.0,2386.0,53.3,66.0,1532500.0,64.0,1773300.0,4415595672.0,4415595672.0,448624503.0,4117800.0,490800.0,,0.0,0.0,0.0
2025-08-27,64.0,64.0,65.0,66.0,63.0,65.0,1.0,9126000.0,587820000.0,540.0,54.2,65.0,1017800.0,64.0,334100.0,4415595672.0,4415595672.0,448624503.0,218200.0,1143400.0,,0.0,0.0,0.0
2025-08-28,65.0,65.0,65.0,66.0,64.0,64.0,-1.0,8248500.0,530278800.0,452.0,53.3,64.0,76400.0,63.0,1041300.0,4415595700.0,4415595700.0,448624503.0,13200.0,242100.0,,0.0,0.0,0.0
2025-08-29,64.0,65.0,65.0,65.0,57.0,62.0,-2.0,16555100.0,1002624000.0,695.0,51.7,62.0,417300.0,61.0,105200.0,4415595700.0,4415595700.0,448624503.0,492900.0,1662700.0,,0.0,0.0,0.0
2025-09-01,62.0,60.0,59.0,61.0,57.0,58.0,-4.0,10710800.0,638741700.0,1335.0,48.3,58.0,562500.0,57.0,557000.0,4415595700.0,4415595700.0,448624503.0,34000.0,1047700.0,,0.0,0.0,0.0
2025-09-02,58.0,59.0,59.0,64.0,59.0,61.0,3.0,10258100.0,626775800.0,1253.0,50.8,62.0,616700.0,61.0,89600.0,4415595700.0,4415595700.0,448624503.0,100.0,27000.0,,0.0,0.0,0.0
2025-09-03,61.0,62.0,61.0,67.0,61.0,65.0,4.0,34653500.0,2232224000.0,2276.0,54.2,65.0,1097400.0,64.0,378300.0,4415595700.0,4415595700.0,448624503.0,104400.0,21700.0,,0.0,0.0,0.0
2025-09-04,65.0,66.0,65.0,70.0,63.0,65.0,0.0,41006700.0,2715511600.0,1690.0,54.2,66.0,1108900.0,65.0,878500.0,4415595700.0,4415595700.0,448624503.0,1110300.0,211000.0,,0.0,0.0,0.0
2025-09-08,65.0,67.0,66.0,67.0,63.0,63.0,-2.0,11162500.0,714422200.0,469.0,52.5,63.0,569800.0,62.0,490300.0,4415595700.0,4415595700.0,448624503.0,970100.0,21600.0,,0.0,0.0,0.0
2025-09-09,63.0,62.0,61.0,63.0,59.0,59.0,-4.0,8401700.0,513683900.0,398.0,49.2,60.0,8100.0,59.0,1673100.0,4415595700.0,4415595700.0,448624503.0,0.0,864600.0,,0.0,0.0,0.0
2025-09-10,59.0,59.0,60.0,63.0,59.0,60.0,1.0,10551700.0,637959600.0,570.0,50.0,61.0,925500.0,60.0,153300.0,4415596800.0,4415596800.0,448624503.0,20000.0,1311500.0,,0.0,0.0,0.0
2025-09-11,60.0,61.0,61.0,65.0,60.0,61.0,1.0,20368400.0,1266220800.0,967.0,50.8,62.0,471500.0,61.0,556000.0,4415596802.0,4415596802.0,448624503.0,1600.0,0.0,,0.0,0.0,0.0
2025-09-12,61.0,62.0,62.0,63.0,61.0,61.0,0.0,6494400.0,400592900.0,307.0,50.8,62.0,300000.0,61.0,544000.0,4415596802.0,4415596802.0,448624503.0,0.0,182800.0,,0.0,0.0,0.0
2025-09-15,61.0,62.0,63.0,64.0,60.0,63.0,2.0,13027900.0,807480000.0,616.0,52.5,63.0,570100.0,62.0,831800.0,4415597002.0,4415597002.0,448624503.0,0.0,1658800.0,,0.0,0.0,0.0
2025-09-16,63.0,63.0,63.0,67.0,62.0,64.0,1.0,24924000.0,1617454300.0,1380.0,53.3,64.0,620700.0,63.0,1178400.0,4415597002.0,4415597002.0,448624503.0,1192700.0,531600.0,,0.0,0.0,0.0
2025-09-17,64.0,65.0,65.0,86.0,64.0,84.0,20.0,591276300.0,47319397600.0,20235.0,70.0,85.0,757400.0,84.0,4255800.0,4415597002.0,4415597002.0,448624503.0,36729300.0,32671800.0,,0.0,0.0,0.0
2025-09-18,84.0,90.0,91.0,110.0,90.0,99.0,15.0,455879600.0,46754851900.0,24813.0,82.5,100.0,979400.0,99.0,245200.0,4415597002.0,4415597002.0,448624503.0,26010600.0,22353500.0,,0.0,0.0,0.0
2025-09-19,99.0,100.0,101.0,104.0,88.0,93.0,-6.0,69813700.0,6461739100.0,5491.0,77.5,94.0,177500.0,93.0,210600.0,4415597002.0,4415597002.0,448624503.0,4020800.0,7766700.0,,0.0,0.0,0.0
2025-09-22,93.0,95.0,95.0,98.0,90.0,92.0,-1.0,26740400.0,2475666000.0,2617.0,76.7,93.0,352300.0,92.0,667100.0,4415597002.0,4415597002.0,448624503.0,2752400.0,1146500.0,,0.0,0.0,0.0
2025-09-23,92.0,92.0,92.0,95.0,88.0,91.0,-1.0,34190700.0,3101530000.0,2506.0,75.8,91.0,136200.0,90.0,272000.0,4415597002.0,4415597002.0,448624503.0,1473200.0,3452900.0,,0.0,0.0,0.0
2025-09-24,91.0,91.0,91.0,92.0,86.0,90.0,-1.0,21833400.0,1920820000.0,2182.0,75.0,90.0,144300.0,89.0,22200.0,4415599502.0,4415599502.0,448624503.0,1123000.0,446400.0,,0.0,0.0,0.0
2025-09-25,90.0,90.0,89.0,90.0,84.0,85.0,-5.0,14877300.0,1279321900.0,1389.0,70.8,86.0,223500.0,85.0,2400000.0,4415599502.0,4415599502.0,448624503.0,2534700.0,73500.0,,0.0,0.0,0.0
2025-09-26,85.0,86.0,86.0,92.0,85.0,86.0,1.0,27864900.0,2468199200.0,2480.0,71.7,86.0,327400.0,85.0,379100.0,4415599502.0,4415599502.0,448624503.0,5612300.0,3056700.0,,0.0,0.0,0.0
2025-09-29,86.0,89.0,90.0,92.0,85.0,86.0,0.0,35601500.0,3139128500.0,6587.0,71.7,86.0,212900.0,85.0,1296600.0,4415599502.0,4415599502.0,448624503.0,489100.0,200500.0,,0.0,0.0,0.0
2025-09-30,86.0,86.0,86.0,86.0,81.0,83.0,-3.0,15749900.0,1306438900.0,1625.0,69.2,83.0,916100.0,82.0,814900.0,4415599502.0,4415599502.0,448624503.0,106600.0,494300.0,,0.0,0.0,0.0
2025-10-01,83.0,82.0,82.0,86.0,80.0,83.0,0.0,9151200.0,758455100.0,817.0,69.2,84.0,103400.0,83.0,65800.0,4415599502.0,4415599502.0,449949335.0,473500.0,1361300.0,,0.0,0.0,0.0
2025-10-02,83.0,86.0,84.0,86.0,81.0,82.0,-1.0,6632700.0,549571900.0,617.0,68.3,82.0,65000.0,81.0,809300.0,4415599502.0,4415599502.0,449949335.0,123100.0,332500.0,,0.0,0.0,0.0
2025-10-03,82.0,84.0,83.0,87.0,82.0,82.0,0.0,18693600.0,1578397100.0,1584.0,68.3,83.0,107900.0,82.0,429200.0,4415599702.0,4415599702.0,449949335.0,583600.0,2157800.0,,0.0,0.0,0.0
2025-10-06,82.0,83.0,83.0,84.0,80.0,80.0,-2.0,6791400.0,551592700.0,671.0,66.7,82.0,403100.0,80.0,630900.0,4415599702.0,4415599702.0,449949335.0,25900.0,182600.0,,0.0,0.0,0.0
2025-10-07,80.0,81.0,80.0,81.0,76.0,76.0,-4.0,9261000.0,717196700.0,985.0,63.3,76.0,277200.0,75.0,1085300.0,4415599702.0,4415599702.0,449949335.0,48500.0,21200.0,,0.0,0.0,0.0
2025-10-08,76.0,76.0,76.0,79.0,73.0,75.0,-1.0,8683700.0,657316700.0,873.0,62.5,77.0,95500.0,75.0,49300.0,4415599702.0,4415599702.0,449949335.0,537200.0,1092200.0,,0.0,0.0,0.0
2025-10-09,75.0,76.0,77.0,84.0,76.0,78.0,3.0,15688800.0,1269396900.0,1709.0,65.0,79.0,118400.0,78.0,249900.0,4415599802.0,4415599802.0,449949335.0,509300.0,1024700.0,,0.0,0.0,0.0
2025-10-10,78.0,79.0,79.0,81.0,76.0,77.0,-1.0,6167700.0,481347500.0,773.0,64.2,77.0,5400.0,76.0,413700.0,4415599802.0,4415599802.0,449949335.0,373100.0,556600.0,,0.0,0.0,0.0
2025-10-13,77.0,78.0,79.0,94.0,78.0,88.0,11.0,80502500.0,7047540700.0,6763.0,73.3,89.0,1079800.0,88.0,294200.0,4415599802.0,4415599802.0,449949335.0,7354100.0,4123200.0,,0.0,0.0,0.0
2025-10-14,88.0,88.0,88.0,89.0,78.0,82.0,-6.0,17243200.0,1435095300.0,1883.0,68.3,82.0,1105900.0,81.0,180100.0,4415599802.0,4415599802.0,449949335.0,1414300.0,224300.0,,0.0,0.0,0.0
2025-10-15,82.0,82.0,81.0,82.0,76.0,77.0,-5.0,8799700.0,687418200.0,823.0,64.2,77.0,92000.0,76.0,398500.0,4415599802.0,4415599802.0,449949335.0,0.0,1534600.0,,0.0,0.0,0.0
2025-10-16,77.0,77.0,77.0,94.0,76.0,86.0,9.0,103249800.0,9112435700.0,7867.0,71.7,87.0,644800.0,86.0,96300.0,4415599802.0,4415599802.0,449949335.0,3003500.0,3560300.0,,0.0,0.0,0.0
2025-10-17,86.0,87.0,88.0,88.0,80.0,80.0,-6.0,11452200.0,949460400.0,1148.0,66.7,80.0,139400.0,79.0,1719100.0,4415599823.0,4415599823.0,449949335.0,702200.0,363900.0,,0.0,0.0,0.0
2025-10-20,80.0,80.0,80.0,85.0,79.0,82.0,2.0,8656200.0,708803500.0,829.0,68.3,83.0,1651100.0,82.0,207400.0,4415599823.0,4415599823.0,449949335.0,554500.0,2027700.0,,0.0,0.0,0.0
2025-10-21,82.0,82.0,83.0,85.0,81.0,81.0,-1.0,3573700.0,292151900.0,466.0,67.5,81.0,22200.0,80.0,340100.0,4415599902.0,4415599902.0,449949335.0,24100.0,13900.0,,0.0,0.0,0.0
2025-10-22,81.0,82.0,82.0,85.0,79.0,82.0,1.0,9558500.0,789650500.0,817.0,68.3,83.0,182300.0,82.0,11500.0,4415600602.0,4415600602.0,449949335.0,13900.0,1090900.0,,0.0,0.0,0.0
2025-10-23,82.0,83.0,83.0,89.0,83.0,87.0,5.0,24276100.0,2102487000.0,1788.0,72.5,87.0,463900.0,86.0,42500.0,4415600620.0,4415600620.0,449949335.0,0.0,2145100.0,,0.0,0.0,0.0
2025-10-24,87.0,89.0,89.0,92.0,86.0,87.0,0.0,19841300.0,1761613800.0,1492.0,72.5,88.0,126700.0,87.0,600.0,4415600620.0,4415600620.0,449949335.0,1607800.0,3748300.0,,0.0,0.0,0.0
2025-10-27,87.0,88.0,88.0,89.0,83.0,87.0,0.0,8214500.0,709452500.0,545.0,72.5,87.0,1089100.0,86.0,55100.0,4415600620.0,4415600620.0,449949335.0,112300.0,886500.0,,0.0,0.0,0.0
2025-10-28,87.0,89.0,88.0,89.0,86.0,89.0,2.0,5320900.0,465819700.0,671.0,74.2,89.0,122600.0,87.0,235000.0,4415600620.0,4415600620.0,449949335.0,17500.0,624900.0,,0.0,0.0,0.0
2025-10-29,89.0,88.0,88.0,94.0,86.0,90.0,1.0,15288900.0,1379358800.0,1813.0,75.0,90.0,108700.0,88.0,327100.0,4415600620.0,4415600620.0,449949335.0,1094300.0,957700.0,,0.0,0.0,0.0
2025-10-30,90.0,90.0,91.0,92.0,87.0,87.0,-3.0,7863600.0,698790200.0,655.0,72.5,88.0,30600.0,87.0,761800.0,4415600620.0,4415600620.0,449949335.0,730800.0,583200.0,,0.0,0.0,0.0
2025-10-31,87.0,87.0,86.0,88.0,83.0,85.0,-2.0,7888300.0,669069000.0,535.0,70.8,85.0,472900.0,84.0,324000.0,4415600620.0,4415600620.0,449949335.0,0.0,173400.0,,0.0,0.0,0.0
2025-11-04,83.0,83.0,84.0,84.0,81.0,83.0,0.0,2233300.0,183335400.0,326.0,69.2,83.0,342200.0,82.0,202800.0,4415600620.0,4415600620.0,449949335.0,177700.0,108500.0,,0.0,0.0,0.0
2025-11-05,83.0,82.0,81.0,87.0,81.0,84.0,1.0,11967500.0,1009517300.0,1567.0,70.0,84.0,3000.0,83.0,387800.0,4415600620.0,4415600620.0,449949335.0,1589300.0,927900.0,,0.0,0.0,0.0
2025-11-06,84.0,85.0,84.0,87.0,83.0,84.0,0.0,3012500.0,254664500.0,384.0,70.0,85.0,327000.0,84.0,21700.0,4415600620.0,4415600620.0,449949335.0,0.0,567600.0,,0.0,0.0,0.0
2025-11-07,84.0,84.0,84.0,85.0,83.0,83.0,-1.0,2579200.0,215444900.0,206.0,69.2,83.0,798000.0,82.0,686100.0,4415600620.0,4415600620.0,449949335.0,0.0,193200.0,,0.0,0.0,0.0
2025-11-10,83.0,83.0,82.0,85.0,81.0,83.0,0.0,2742100.0,227283400.0,312.0,69.2,84.0,166100.0,83.0,12000.0,4415600620.0,4415600620.0,449949335.0,0.0,408700.0,,0.0,0.0,0.0
2025-11-11,83.0,83.0,83.0,87.0,81.0,81.0,-2.0,9894700.0,829707700.0,2694.0,67.5,82.0,500.0,81.0,1703300.0,4415600719.0,4415600719.0,449949335.0,99200.0,110100.0,,0.0,0.0,0.0
2025-11-12,81.0,81.0,81.0,82.0,80.0,82.0,1.0,4488800.0,361651300.0,291.0,68.3,82.0,960800.0,81.0,19000.0,4415600723.0,4415600723.0,449949335.0,0.0,1614600.0,,0.0,0.0,0.0
2025-11-13,82.0,82.0,82.0,86.0,82.0,83.0,1.0,6331600.0,532466400.0,396.0,69.2,84.0,1178500.0,83.0,348900.0,4415601831.0,4415601831.0,449949335.0,0.0,711200.0,,0.0,0.0,0.0
2025-11-14,83.0,84.0,84.0,93.0,82.0,93.0,10.0,30872200.0,2726914700.0,6483.0,77.5,93.0,1168200.0,92.0,89200.0,4415601838.0,4415601838.0,449949335.0,824500.0,2171600.0,,0.0,0.0,0.0
2025-11-17,93.0,93.0,92.0,93.0,87.0,89.0,-4.0,19952300.0,1784989100.0,1680.0,74.2,89.0,144600.0,88.0,2113700.0,4415601841.0,4415601841.0,449949335.0,312200.0,1069400.0,,0.0,0.0,0.0
2025-11-18,89.0,89.0,88.0,89.0,85.0,87.0,-2.0,8814100.0,763030600.0,1057.0,72.5,87.0,7000.0,86.0,252500.0,4415601841.0,4415601841.0,449949335.0,0.0,0.0,,0.0,0.0,0.0
2025-11-19,87.0,88.0,88.0,94.0,87.0,90.0,3.0,30854500.0,2819217100.0,1983.0,75.0,91.0,100000.0,90.0,3558800.0,4415601851.0,4415601851.0,449949335.0,728800.0,1620500.0,,0.0,0.0,0.0
2025-11-20,90.0,108.0,108.0,115.0,94.0,95.0,5.0,290867200.0,31353072300.0,25112.0,79.2,96.0,351300.0,95.0,1440900.0,4415601851.0,4415601851.0,449949335.0,11982500.0,1625300.0,,0.0,0.0,0.0
2025-11-21,95.0,95.0,94.0,95.0,90.0,92.0,-3.0,28155700.0,2588376700.0,2791.0,76.7,93.0,148400.0,92.0,561500.0,4415601851.0,4415601851.0,449949335.0,0.0,4403100.0,,0.0,0.0,0.0
2025-11-24,92.0,94.0,94.0,95.0,90.0,91.0,-1.0,12731400.0,1165894000.0,1488.0,75.8,91.0,205800.0,90.0,788200.0,4415601851.0,4415601851.0,449949335.0,0.0,25400.0,,0.0,0.0,0.0
2025-11-25,91.0,91.0,90.0,92.0,89.0,90.0,-1.0,10649700.0,963382000.0,905.0,75.0,90.0,7800.0,89.0,373000.0,4415601851.0,4415601851.0,449949335.0,25400.0,18400.0,,0.0,0.0,0.0
2025-11-26,90.0,90.0,90.0,95.0,89.0,90.0,0.0,22415500.0,2050102400.0,1964.0,75.0,90.0,224300.0,89.0,1446900.0,4415601851.0,4415601851.0,449949335.0,182400.0,856600.0,,0.0,0.0,0.0
2025-11-27,90.0,90.0,90.0,91.0,86.0,88.0,-2.0,15183200.0,1334853300.0,893.0,73.3,89.0,619000.0,88.0,41500.0,4415601851.0,4415601851.0,449949335.0,27100.0,9300.0,,0.0,0.0,0.0
2025-11-28,88.0,90.0,90.0,91.0,88.0,90.0,2.0,6083200.0,546434600.0,344.0,75.0,91.0,826900.0,90.0,1900.0,4415601851.0,4415601851.0,449949335.0,9300.0,1271600.0,,0.0,0.0,0.0
2025-12-01,90.0,90.0,91.0,92.0,88.0,89.0,-1.0,7562600.0,677592800.0,417.0,74.2,90.0,2400900.0,89.0,2014900.0,4415601851.0,4415601851.0,449949335.0,507900.0,17900.0,,0.0,0.0,0.0
2025-12-02,89.0,90.0,90.0,99.0,89.0,90.0,1.0,49948400.0,4665888200.0,2538.0,75.0,90.0,330900.0,89.0,1721800.0,4415601851.0,4415601851.0,449949335.0,27700.0,3218900.0,,0.0,0.0,0.0
2025-12-03,90.0,91.0,90.0,96.0,88.0,91.0,1.0,42357400.0,3904128200.0,7618.0,75.8,92.0,408900.0,91.0,69200.0,4415601851.0,4415601851.0,449949335.0,892300.0,679400.0,,0.0,0.0,0.0
2025-12-04,91.0,91.0,91.0,100.0,91.0,95.0,4.0,34213600.0,3275583200.0,3415.0,79.2,95.0,61000.0,94.0,16000.0,4415601851.0,4415601851.0,449949335.0,901700.0,927900.0,,0.0,0.0,0.0
2025-12-05,95.0,95.0,96.0,96.0,93.0,94.0,-1.0,7080700.0,663669200.0,509.0,78.3,94.0,546300.0,93.0,155500.0,4415601851.0,4415601851.0,449949335.0,463500.0,17600.0,,0.0,0.0,0.0
2025-12-08,94.0,94.0,95.0,95.0,89.0,92.0,-2.0,13696300.0,1246427900.0,828.0,76.7,92.0,196800.0,91.0,341600.0,4415601851.0,4415601851.0,449949335.0,131500.0,1222300.0,,0.0,0.0,0.0
2025-12-09,92.0,92.0,92.0,92.0,90.0,92.0,0.0,3930900.0,357235000.0,311.0,76.7,92.0,1299000.0,91.0,123200.0,4415601851.0,4415601851.0,449949335.0,26400.0,0.0,,0.0,0.0,0.0
2025-12-10,92.0,92.0,91.0,93.0,90.0,91.0,-1.0,5506600.0,504034200.0,334.0,75.8,92.0,635600.0,91.0,1129100.0,4415601851.0,4415601851.0,449949335.0,200000.0,18200.0,,0.0,0.0,0.0
2025-12-11,91.0,91.0,91.0,96.0,90.0,90.0,-1.0,18979800.0,1748158000.0,945.0,75.0,91.0,78100.0,90.0,1058400.0,4415601851.0,4415601851.0,449949335.0,707700.0,24800.0,,0.0,0.0,0.0
2025-12-12,90.0,90.0,90.0,92.0,85.0,87.0,-3.0,6027100.0,533866700.0,483.0,72.5,87.0,47000.0,86.0,605800.0,4415601851.0,4415601851.0,449949335.0,148100.0,345900.0,,0.0,0.0,0.0
2025-12-15,87.0,88.0,88.0,89.0,86.0,87.0,0.0,2811600.0,243707800.0,339.0,72.5,87.0,96000.0,86.0,763300.0,4415602251.0,4415602251.0,449949335.0,0.0,14300.0,,0.0,0.0,0.0
2025-12-16,87.0,88.0,88.0,89.0,84.0,88.0,1.0,5359700.0,462387000.0,500.0,73.3,89.0,760900.0,88.0,286900.0,4415602251.0,4415602251.0,449949335.0,14300.0,14400.0,,0.0,0.0,0.0
2025-12-17,88.0,88.0,89.0,90.0,87.0,90.0,2.0,3606600.0,319563200.0,286.0,75.0,90.0,766200.0,89.0,208700.0,4415602251.0,4415602251.0,449949335.0,14400.0,0.0,,0.0,0.0,0.0
2025-12-18,90.0,90.0,91.0,92.0,89.0,90.0,0.0,10071000.0,910064400.0,910.0,75.0,90.0,193500.0,89.0,489800.0,4415602251.0,4415602251.0,449949335.0,768000.0,0.0,,0.0,0.0,0.0
2025-12-19,90.0,90.0,89.0,90.0,86.0,86.0,-4.0,6537900.0,570741900.0,487.0,71.7,88.0,66100.0,86.0,1000.0,4415602251.0,4415602251.0,449949335.0,1134900.0,0.0,,0.0,0.0,0.0
2025-12-22,86.0,86.0,86.0,87.0,85.0,86.0,0.0,2574600.0,220053000.0,329.0,71.7,86.0,60800.0,85.0,151500.0,4415602251.0,4415602251.0,449949335.0,333700.0,0.0,,0.0,0.0,0.0
2025-12-23,86.0,85.0,85.0,92.0,83.0,85.0,-1.0,34542500.0,3025598900.0,12808.0,70.8,85.0,169100.0,84.0,521300.0,4415602251.0,4415602251.0,449949335.0,5245300.0,1662000.0,,0.0,0.0,0.0
2025-12-24,85.0,85.0,84.0,85.0,82.0,83.0,-2.0,3133300.0,260994100.0,416.0,69.2,84.0,309300.0,83.0,62600.0,4415602251.0,4415602251.0,449949335.0,0.0,103100.0,,0.0,0.0,0.0
2025-12-29,83.0,84.0,84.0,87.0,82.0,83.0,0.0,5906300.0,496191700.0,430.0,69.2,84.0,371500.0,83.0,96700.0,4415602251.0,4415602251.0,449949335.0,0.0,1334900.0,,0.0,0.0,0.0
2025-12-30,83.0,84.0,84.0,85.0,83.0,85.0,2.0,2085200.0,175281700.0,296.0,70.8,85.0,253300.0,84.0,10300.0,4415602251.0,4415602251.0,449949335.0,10200.0,0.0,,0.0,0.0,0.0
2026-01-02,85.0,86.0,86.0,86.0,83.0,86.0,1.0,3755700.0,317125800.0,425.0,71.7,86.0,116000.0,85.0,131100.0,4415602251.0,4415602251.0,449949869.0,19200.0,940900.0,,0.0,0.0,0.0
2026-01-05,86.0,85.0,85.0,92.0,84.0,89.0,3.0,24564500.0,2171115100.0,7267.0,74.2,89.0,350200.0,88.0,243500.0,4415602251.0,4415602251.0,449949869.0,1414900.0,1914200.0,,0.0,0.0,0.0
2026-01-06,89.0,90.0,89.0,97.0,87.0,97.0,8.0,29970600.0,2771666200.0,1597.0,80.8,97.0,482900.0,96.0,5500.0,4415602296.0,4415602296.0,449949869.0,425200.0,0.0,,0.0,0.0,0.0
2026-01-07,97.0,97.0,96.0,98.0,93.0,94.0,-3.0,25156900.0,2388331700.0,1126.0,78.3,94.0,276600.0,93.0,1472700.0,4415602499.0,4415602499.0,449949869.0,0.0,1750000.0,,0.0,0.0,0.0
2026-01-08,94.0,93.0,92.0,126.0,92.0,126.0,32.0,260623800.0,29850812000.0,15646.0,105.0,0.0,0.0,126.0,25875300.0,4415602499.0,4415602499.0,449949869.0,17022100.0,16792100.0,,0.0,0.0,0.0
2026-01-09,126.0,137.0,138.0,170.0,137.0,170.0,44.0,464116200.0,73772484900.0,28356.0,141.7,0.0,0.0,170.0,27479100.0,4415605999.0,4415605999.0,449949869.0,27304700.0,27564400.0,,0.0,0.0,0.0
2026-01-12,170.0,228.0,228.0,228.0,171.0,198.0,28.0,286866500.0,60939735800.0,25575.0,165.0,199.0,96500.0,198.0,271400.0,4415607199.0,4415607199.0,449949869.0,29445200.0,23577900.0,,594100.0,83174000.0,1.0
2026-01-13,198.0,0.0,0.0,0.0,0.0,198.0,0.0,0.0,0.0,0.0,165.0,0.0,0.0,0.0,0.0,4415608299.0,4415608299.0,449949869.0,0.0,0.0,,2500000.0,362500000.0,1.0
2026-01-14,198.0,256.0,256.0,266.0,224.0,260.0,62.0,302363100.0,76984989400.0,28830.0,216.7,262.0,5208000.0,260.0,475100.0,4416317299.0,4416317299.0,449949869.0,17623800.0,14659400.0,,0.0,0.0,0.0
2026-01-15,260.0,0.0,0.0,0.0,0.0,260.0,0.0,0.0,0.0,0.0,216.7,0.0,0.0,0.0,0.0,4416320299.0,4416320299.0,449949869.0,0.0,0.0,,0.0,0.0,0.0
2026-01-19,260.0,0.0,0.0,0.0,0.0,260.0,0.0,0.0,0.0,0.0,216.7,0.0,0.0,0.0,0.0,4417199515.0,4417199515.0,449949869.0,0.0,0.0,,5160800.0,709840900.0,3.0
2026-01-20,260.0,0.0,0.0,0.0,0.0,260.0,0.0,0.0,0.0,0.0,216.7,0.0,0.0,0.0,0.0,4429716248.0,4429716248.0,449949869.0,0.0,0.0,,0.0,0.0,0.0
2026-01-21,260.0,0.0,0.0,0.0,0.0,260.0,0.0,0.0,0.0,0.0,216.7,0.0,0.0,0.0,0.0,4437916576.0,4437916576.0,449949869.0,0.0,0.0,,166200.0,41550000.0,1.0
2026-01-22,260.0,0.0,0.0,0.0,0.0,260.0,0.0,0.0,0.0,0.0,216.7,0.0,0.0,0.0,0.0,4440779523.0,4440779523.0,449949869.0,0.0,0.0,,2568900.0,372225000.0,2.0
2026-01-23,260.0,0.0,0.0,0.0,0.0,260.0,0.0,0.0,0.0,0.0,216.7,0.0,0.0,0.0,0.0,4445132653.0,4445132653.0,449949869.0,0.0,0.0,,0.0,0.0,0.0
2026-01-26,260.0,0.0,0.0,0.0,0.0,260.0,0.0,0.0,0.0,0.0,216.7,0.0,0.0,0.0,0.0,4446800935.0,4446800935.0,449949869.0,0.0,0.0,,192000.0,49920000.0,1.0
2026-01-27,260.0,0.0,0.0,280.0,234.0,234.0,-26.0,37711000.0,9852179600.0,2029.0,195.0,234.0,29456700.0,0.0,0.0,4447443805.0,4447443805.0,449949869.0,0.0,0.0,,2500000.0,365000000.0,1.0
2026-01-28,234.0,0.0,0.0,212.0,212.0,212.0,-22.0,1383000.0,293196000.0,167.0,176.7,212.0,48952600.0,0.0,0.0,4448175954.0,4448175954.0,449949869.0,0.0,0.0,,0.0,0.0,0.0
2026-01-29,212.0,0.0,0.0,200.0,191.0,191.0,-21.0,933400.0,178297400.0,145.0,159.2,191.0,31834100.0,0.0,0.0,4448918747.0,4448918747.0,449949869.0,0.0,0.0,,0.0,0.0,0.0
2026-01-30,191.0,0.0,0.0,172.0,172.0,172.0,-19.0,17761400.0,3054960800.0,920.0,143.3,172.0,13437700.0,0.0,0.0,4449180094.0,4449180094.0,449949869.0,0.0,0.0,,2500000.0,375000000.0,1.0
2026-02-02,172.0,0.0,0.0,155.0,155.0,155.0,-17.0,4917900.0,762274500.0,386.0,129.2,155.0,16763000.0,0.0,0.0,4450067715.0,4450067715.0,449949869.0,0.0,0.0,,0.0,0.0,0.0
2026-02-03,155.0,0.0,0.0,140.0,140.0,140.0,-15.0,5784500.0,809830000.0,579.0,116.7,140.0,16081800.0,0.0,0.0,4450142881.0,4450142881.0,449949869.0,0.0,0.0,,0.0,0.0,0.0
2026-02-04,140.0,0.0,0.0,154.0,154.0,154.0,14.0,16403000.0,2526062000.0,983.0,128.3,0.0,0.0,154.0,14248200.0,4450163208.0,4450163208.0,449949869.0,100.0,0.0,,0.0,0.0,0.0
2026-02-05,154.0,175.0,175.0,206.0,175.0,206.0,52.0,131933600.0,26513091700.0,14048.0,171.7,0.0,0.0,206.0,5904400.0,4450171208.0,4450171208.0,449949869.0,6217100.0,8103400.0,,0.0,0.0,0.0
2026-02-06,206.0,206.0,204.0,206.0,176.0,178.0,-28.0,79459200.0,14712419600.0,8167.0,148.3,179.0,103300.0,178.0,11600.0,4450218145.0,4450218145.0,449949869.0,6614600.0,4677500.0,,0.0,0.0,0.0
2026-02-09,178.0,183.0,185.0,192.0,157.0,165.0,-13.0,41486000.0,7101485400.0,6412.0,137.5,166.0,10500.0,165.0,402600.0,4452076291.0,4452076291.0,449949869.0,7299500.0,4953600.0,,0.0,0.0,0.0
2026-02-10,165.0,179.0,180.0,193.0,168.0,169.0,4.0,48702300.0,8720395400.0,7753.0,140.8,169.0,3300.0,168.0,273300.0,4453127372.0,4453127372.0,449949869.0,2333300.0,2539700.0,,0.0,0.0,0.0
2026-02-11,169.0,169.0,170.0,177.0,162.0,176.0,7.0,28333800.0,4830856300.0,3899.0,146.7,177.0,74500.0,176.0,3700.0,4453312872.0,4453312872.0,449949869.0,2008700.0,5649600.0,,0.0,0.0,0.0
2026-02-12,176.0,182.0,181.0,182.0,165.0,168.0,-8.0,21957000.0,3755516100.0,4145.0,140.0,169.0,74500.0,168.0,465600.0,4463777802.0,4463777802.0,449949869.0,4545400.0,904100.0,,0.0,0.0,0.0
2026-02-13,168.0,168.0,168.0,168.0,161.0,164.0,-4.0,7755600.0,1282242200.0,1561.0,136.7,165.0,2200.0,164.0,17400.0,4463780607.0,4463780607.0,449949869.0,168700.0,170300.0,,0.0,0.0,0.0
2026-02-18,164.0,164.0,164.0,167.0,156.0,160.0,-4.0,14000800.0,2258409900.0,2221.0,133.3,160.0,199200.0,159.0,287400.0,4463806311.0,4463806311.0,449949869.0,368700.0,3851500.0,,0.0,0.0,0.0
2026-02-19,160.0,170.0,170.0,216.0,161.0,216.0,56.0,209008000.0,43668655900.0,17440.0,180.0,0.0,0.0,216.0,6690700.0,4463812391.0,4463812391.0,449949869.0,8968300.0,13399900.0,,0.0,0.0,0.0
2026-02-20,216.0,240.0,238.0,254.0,190.0,195.0,-21.0,296832800.0,66458060600.0,35341.0,162.5,196.0,241800.0,195.0,37300.0,4463826752.0,4463826752.0,449949869.0,22904500.0,15756200.0,,0.0,0.0,0.0
2026-02-23,195.0,193.0,194.0,206.0,185.0,194.0,-1.0,68441200.0,13314471800.0,9226.0,161.7,195.0,50200.0,194.0,765600.0,4465269038.0,4465269038.0,449949869.0,6725000.0,7291000.0,,0.0,0.0,0.0
2026-02-24,194.0,194.0,194.0,195.0,165.0,172.0,-22.0,85720900.0,15087156700.0,10829.0,143.3,173.0,16300.0,172.0,655200.0,4465954578.0,4465954578.0,449949869.0,4089900.0,9260200.0,,0.0,0.0,0.0
2026-02-25,172.0,179.0,178.0,187.0,166.0,175.0,3.0,49254400.0,8704626900.0,6740.0,145.8,176.0,50800.0,175.0,262300.0,4466620831.0,4466620831.0,449949869.0,4566400.0,3704500.0,,0.0,0.0,0.0
2026-02-26,175.0,185.0,185.0,185.0,160.0,161.0,-14.0,25372800.0,4312909800.0,4012.0,134.2,162.0,134900.0,161.0,446400.0,4466861817.0,4466861817.0,449949869.0,4494500.0,1373800.0,,0.0,0.0,0.0
2026-02-27,161.0,163.0,163.0,164.0,150.0,156.0,-5.0,19123000.0,2987492100.0,2210.0,130.0,158.0,29500.0,156.0,384700.0,4466862904.0,4466862904.0,449949869.0,837000.0,6511700.0,,0.0,0.0,0.0
2026-03-02,156.0,150.0,150.0,151.0,133.0,135.0,-21.0,18775600.0,2636187600.0,2955.0,112.5,135.0,135600.0,134.0,70400.0,4466869295.0,4466869295.0,449949869.0,1620400.0,2897000.0,,0.0,0.0,0.0
2026-03-03,135.0,133.0,133.0,164.0,128.0,146.0,11.0,36844300.0,5565170200.0,5752.0,121.7,146.0,178600.0,145.0,1000.0,4466869830.0,4466869830.0,449949869.0,5305700.0,2751200.0,,0.0,0.0,0.0
2026-03-04,146.0,146.0,146.0,147.0,125.0,130.0,-16.0,16642900.0,2219998800.0,2276.0,108.3,130.0,800.0,128.0,22500.0,4466873884.0,4466873884.0,449949869.0,1157400.0,5220800.0,,0.0,0.0,0.0
2026-03-05,130.0,136.0,136.0,146.0,132.0,140.0,10.0,14149500.0,1976031300.0,2200.0,116.7,141.0,38800.0,140.0,170600.0,4466876564.0,4466876564.0,449949869.0,3116700.0,1367200.0,,0.0,0.0,0.0
2026-03-06,140.0,148.0,148.0,148.0,130.0,132.0,-8.0,10169000.0,1378644500.0,1248.0,110.0,134.0,13700.0,132.0,360500.0,4466877437.0,4466877437.0,449949869.0,1120700.0,1411300.0,,0.0,0.0,0.0
2026-03-09,132.0,128.0,128.0,128.0,113.0,119.0,-13.0,15316300.0,1804547500.0,1456.0,99.2,119.0,158300.0,118.0,106300.0,4466883562.0,4466883562.0,449949869.0,328800.0,6901700.0,,0.0,0.0,0.0
2026-03-10,119.0,125.0,125.0,144.0,119.0,125.0,6.0,23609100.0,3069322700.0,3544.0,104.2,126.0,10800.0,125.0,347400.0,4466884062.0,4466884062.0,449949869.0,6478800.0,3580400.0,,0.0,0.0,0.0
2026-03-11,125.0,128.0,128.0,131.0,120.0,120.0,-5.0,7359600.0,924310200.0,1174.0,100.0,123.0,114300.0,120.0,65000.0,4466889326.0,4466889326.0,449949869.0,473800.0,1567800.0,,0.0,0.0,0.0
2026-03-12,120.0,125.0,125.0,128.0,116.0,118.0,-2.0,6054400.0,731051300.0,1019.0,98.3,118.0,3900.0,117.0,122200.0,4466889416.0,4466889416.0,449949869.0,867500.0,406900.0,,0.0,0.0,0.0
2026-03-13,118.0,118.0,117.0,118.0,104.0,111.0,-7.0,7974100.0,893772600.0,911.0,92.5,111.0,158700.0,109.0,2300.0,4466889416.0,4466889416.0,449949869.0,806000.0,1219900.0,,0.0,0.0,0.0
2026-03-16,111.0,111.0,110.0,115.0,102.0,106.0,-5.0,4821300.0,518252400.0,723.0,88.3,106.0,39000.0,105.0,76100.0,4466889466.0,4466889466.0,449949869.0,385900.0,2634400.0,,0.0,0.0,0.0
2026-03-17,106.0,110.0,110.0,131.0,103.0,103.0,-3.0,42726000.0,5053669600.0,5796.0,85.8,104.0,64600.0,103.0,2996100.0,4466889766.0,4466889766.0,449949869.0,9926900.0,3536500.0,,0.0,0.0,0.0
2026-03-25,103.0,103.0,103.0,118.0,96.0,113.0,10.0,12504100.0,1379939700.0,1791.0,94.2,113.0,667500.0,112.0,200.0,4466889766.0,4466889766.0,449949869.0,1399600.0,3812400.0,,0.0,0.0,0.0
2026-03-26,113.0,113.0,113.0,114.0,107.0,109.0,-4.0,4100600.0,450586400.0,765.0,90.8,109.0,355800.0,107.0,68700.0,4466889766.0,4466889766.0,449949869.0,515800.0,1245400.0,,0.0,0.0,0.0
2026-03-27,109.0,107.0,105.0,110.0,101.0,106.0,-3.0,3947100.0,420198700.0,603.0,88.3,106.0,8200.0,105.0,38800.0,4466892266.0,4466892266.0,449949869.0,432000.0,844200.0,,0.0,0.0,0.0
2026-03-30,106.0,106.0,105.0,108.0,102.0,106.0,0.0,6128200.0,639227800.0,657.0,88.3,107.0,20300.0,106.0,263800.0,4466893766.0,4466893766.0,449949869.0,226100.0,2992500.0,,0.0,0.0,0.0
2026-03-31,106.0,106.0,106.0,112.0,104.0,105.0,-1.0,4217000.0,447905200.0,573.0,87.5,106.0,10000.0,105.0,1242000.0,4466893766.0,4466893766.0,449949869.0,799900.0,607900.0,,0.0,0.0,0.0
2026-04-01,105.0,110.0,110.0,140.0,107.0,131.0,26.0,197360200.0,25782175200.0,22854.0,109.2,131.0,1696200.0,130.0,170200.0,4466893766.0,4466893766.0,519499245.0,26396000.0,11596400.0,,0.0,0.0,0.0
2026-04-02,131.0,131.0,131.0,132.0,119.0,120.0,-11.0,25707000.0,3157376200.0,3389.0,100.0,121.0,419300.0,120.0,3619700.0,4466895938.0,4466895938.0,519499245.0,1736200.0,1551400.0,,0.0,0.0,0.0
2026-04-06,120.0,121.0,121.0,122.0,113.0,118.0,-2.0,13513300.0,1581484400.0,1594.0,98.3,118.0,16500.0,117.0,6500.0,4466895966.0,4466895966.0,519499245.0,2426000.0,4663400.0,,0.0,0.0,0.0
2026-04-07,118.0,118.0,119.0,122.0,115.0,116.0,-2.0,9147300.0,1076084900.0,1376.0,96.7,117.0,66700.0,116.0,3000.0,4466896215.0,4466896215.0,519499245.0,1921500.0,863800.0,,0.0,0.0,0.0
2026-04-08,116.0,120.0,120.0,127.0,118.0,126.0,10.0,31219900.0,3814960400.0,2879.0,105.0,126.0,23400.0,125.0,109300.0,4466896314.0,4466896314.0,519499245.0,620800.0,8371300.0,,0.0,0.0,0.0
2026-04-09,126.0,125.0,125.0,133.0,120.0,120.0,-6.0,62248500.0,7859974300.0,7057.0,100.0,122.0,154200.0,120.0,482700.0,4466896314.0,4466896314.0,519499245.0,9978900.0,1809700.0,,0.0,0.0,0.0
2026-04-10,120.0,122.0,121.0,127.0,121.0,121.0,1.0,16253000.0,2002435400.0,1648.0,100.8,122.0,37400.0,121.0,9800.0,4466896314.0,4466896314.0,519499245.0,1492100.0,3687600.0,,0.0,0.0,0.0
2026-04-13,121.0,121.0,121.0,134.0,121.0,133.0,12.0,47317900.0,6121956900.0,4448.0,110.8,133.0,1083500.0,132.0,154800.0,4466896507.0,4466896507.0,519499245.0,3161300.0,10040200.0,,0.0,0.0,0.0
2026-04-14,133.0,135.0,135.0,136.0,129.0,132.0,-1.0,24099100.0,3175888300.0,2807.0,110.0,132.0,24000.0,131.0,3100.0,4466896707.0,4466896707.0,519499245.0,2802700.0,3554000.0,,0.0,0.0,0.0
2026-04-15,132.0,134.0,134.0,138.0,131.0,134.0,2.0,33969600.0,4565177400.0,3156.0,111.7,135.0,165000.0,134.0,559300.0,4466897008.0,4466897008.0,519499245.0,2314000.0,8040000.0,,0.0,0.0,0.0
2026-04-16,134.0,138.0,138.0,139.0,131.0,132.0,-2.0,17076900.0,2294970600.0,1945.0,110.0,133.0,298400.0,132.0,43300.0,4466897008.0,4466897008.0,519499245.0,4105800.0,212400.0,,0.0,0.0,0.0
2026-04-17,132.0,132.0,132.0,134.0,127.0,129.0,-3.0,10806600.0,1407640100.0,1184.0,107.5,130.0,75400.0,129.0,394700.0,4466897073.0,4466897073.0,519499245.0,687800.0,2223300.0,,0.0,0.0,0.0
2026-04-20,129.0,130.0,130.0,132.0,125.0,129.0,0.0,13144100.0,1682720000.0,1484.0,107.5,129.0,5300.0,128.0,3000.0,4466897273.0,4466897273.0,519499245.0,1841300.0,1157300.0,,0.0,0.0,0.0
2026-04-21,129.0,130.0,130.0,130.0,125.0,128.0,-1.0,11007300.0,1401293300.0,1089.0,106.7,129.0,20200.0,128.0,229600.0,4466897273.0,4466897273.0,519499245.0,914400.0,2723400.0,,0.0,0.0,0.0
2026-04-22,128.0,130.0,129.0,135.0,129.0,130.0,2.0,21102600.0,2773807100.0,1778.0,108.3,131.0,54200.0,130.0,2600.0,4466921273.0,4466921273.0,519499245.0,1132300.0,2337800.0,,0.0,0.0,0.0
2026-04-23,130.0,130.0,129.0,130.0,116.0,119.0,-11.0,17608700.0,2165514600.0,2099.0,99.2,119.0,90500.0,118.0,173300.0,4466921273.0,4466921273.0,519499245.0,2620600.0,616000.0,,0.0,0.0,0.0
2026-04-24,119.0,115.0,115.0,117.0,109.0,110.0,-9.0,15123100.0,1705092500.0,1617.0,91.7,110.0,359700.0,109.0,400400.0,4466921273.0,4466921273.0,519499245.0,1650000.0,1921100.0,,0.0,0.0,0.0
2026-04-27,110.0,110.0,110.0,115.0,109.0,112.0,2.0,5981500.0,668652500.0,724.0,93.3,112.0,42800.0,111.0,111400.0,4466921273.0,4466921273.0,519499245.0,925200.0,260600.0,,0.0,0.0,0.0
2026-04-28,112.0,112.0,112.0,151.0,109.0,151.0,39.0,285321400.0,40676109700.0,20589.0,125.8,0.0,0.0,151.0,27060600.0,4466921273.0,4466921273.0,519499245.0,19764600.0,11173600.0,,0.0,0.0,0.0
2026-04-29,151.0,164.0,164.0,190.0,140.0,143.0,-8.0,785769900.0,130029395200.0,69337.0,119.2,144.0,361900.0,143.0,376500.0,4466921273.0,4466921273.0,519499245.0,30281700.0,23171300.0,,0.0,0.0,0.0
2026-04-30,143.0,142.0,142.0,148.0,124.0,130.0,-13.0,76068400.0,10175730400.0,7215.0,108.3,130.0,30700.0,129.0,1474800.0,4466921374.0,4466921374.0,519499245.0,4351500.0,18063000.0,,0.0,0.0,0.0
2026-05-04,130.0,133.0,134.0,137.0,125.0,130.0,0.0,33269700.0,4324111000.0,3356.0,108.3,131.0,253500.0,130.0,4200.0,4466927457.0,4466927457.0,519499245.0,3441200.0,8475000.0,,0.0,0.0,0.0
2026-05-05,130.0,130.0,131.0,140.0,127.0,130.0,0.0,46633100.0,6178338000.0,4158.0,108.3,131.0,375000.0,130.0,209800.0,4467337457.0,4467337457.0,519499245.0,4679300.0,5214600.0,,0.0,0.0,0.0
2026-05-06,130.0,130.0,131.0,141.0,128.0,130.0,0.0,79486400.0,10728732900.0,6848.0,108.3,131.0,351700.0,130.0,76700.0,4467337457.0,4467337457.0,519499245.0,10480800.0,3128700.0,,0.0,0.0,0.0
2026-05-07,130.0,130.0,130.0,133.0,126.0,128.0,-2.0,22297500.0,2891296600.0,2093.0,106.7,129.0,15100.0,128.0,2425800.0,4467412569.0,4467412569.0,519499245.0,390700.0,4265700.0,,0.0,0.0,0.0
2026-05-08,128.0,130.0,130.0,158.0,122.0,123.0,-5.0,277533200.0,39998316100.0,25213.0,102.5,123.0,485100.0,122.0,2459300.0,4467412569.0,4467412569.0,519499245.0,33100600.0,24681300.0,,0.0,0.0,0.0
