date,previous,open_price,first_trade,high,low,close,change,volume,value,frequency,index_individual,offer,offer_volume,bid,bid_volume,listed_shares,tradeble_shares,weight_for_index,foreign_sell,foreign_buy,delisting_date,non_regular_volume,non_regular_value,non_regular_frequency
2023-01-27,100.0,0.0,0.0,135.0,135.0,135.0,35.0,34839600.0,4703346000.0,5821.0,135.0,0.0,0.0,135.0,387460500.0,2149840000.0,700000000.0,700000000.0,15400.0,0.0,,285900.0,30811500.0,10.0
2023-01-30,135.0,0.0,0.0,182.0,139.0,139.0,4.0,553018400.0,84393589200.0,61761.0,139.0,140.0,137400.0,139.0,2165800.0,2149840000.0,700000000.0,700000000.0,801500.0,24498100.0,,0.0,0.0,0.0
2023-01-31,139.0,0.0,0.0,148.0,130.0,130.0,-9.0,103415300.0,14179415900.0,14330.0,130.0,130.0,2870600.0,0.0,0.0,2149840000.0,700000000.0,700000000.0,919200.0,142000.0,,0.0,0.0,0.0
2023-02-01,130.0,0.0,0.0,135.0,121.0,131.0,1.0,43444600.0,5690948700.0,5498.0,131.0,132.0,74400.0,131.0,1148600.0,2149840000.0,700000000.0,700000000.0,272900.0,0.0,,0.0,0.0,0.0
2023-02-02,131.0,0.0,0.0,145.0,129.0,141.0,10.0,104934400.0,14707836700.0,11345.0,141.0,142.0,335400.0,141.0,2075100.0,2149840000.0,700000000.0,700000000.0,1570400.0,6713900.0,,0.0,0.0,0.0
2023-02-03,141.0,0.0,0.0,157.0,138.0,153.0,12.0,269269200.0,40455243200.0,43821.0,153.0,153.0,10086400.0,152.0,15021900.0,2149840000.0,700000000.0,700000000.0,4222200.0,606200.0,,0.0,0.0,0.0
2023-02-06,153.0,0.0,0.0,159.0,144.0,144.0,-9.0,89838200.0,13789224200.0,12449.0,144.0,144.0,112500.0,143.0,1080300.0,2149840000.0,700000000.0,700000000.0,413900.0,774500.0,,0.0,0.0,0.0
2023-02-07,144.0,0.0,0.0,156.0,144.0,152.0,8.0,70084000.0,10694275300.0,23257.0,152.0,153.0,404100.0,152.0,520700.0,2149840000.0,700000000.0,700000000.0,4312200.0,132100.0,,0.0,0.0,0.0
2023-02-08,152.0,0.0,0.0,181.0,151.0,173.0,21.0,208499300.0,34933209500.0,30604.0,173.0,173.0,108200.0,172.0,321600.0,2149840000.0,700000000.0,700000000.0,5280900.0,440900.0,,0.0,0.0,0.0
2023-02-09,173.0,0.0,0.0,210.0,167.0,206.0,33.0,324717100.0,61991743100.0,30472.0,206.0,208.0,1686000.0,206.0,2289200.0,2149840000.0,700000000.0,700000000.0,3651800.0,319100.0,,0.0,0.0,0.0
2023-02-10,206.0,0.0,0.0,250.0,202.0,244.0,38.0,200114100.0,46642814400.0,23307.0,244.0,246.0,1543900.0,244.0,42500.0,2149840000.0,700000000.0,700000000.0,8516200.0,381000.0,,0.0,0.0,0.0
2023-02-13,244.0,0.0,0.0,280.0,228.0,228.0,-16.0,192780800.0,49189259600.0,39602.0,228.0,228.0,9299000.0,0.0,0.0,2149840000.0,700000000.0,700000000.0,2142100.0,227100.0,,0.0,0.0,0.0
2023-02-14,228.0,0.0,0.0,284.0,214.0,214.0,-14.0,21290700.0,4556463200.0,910.0,214.0,214.0,28993200.0,0.0,0.0,2149840000.0,700000000.0,700000000.0,0.0,100000.0,,0.0,0.0,0.0
2023-02-15,214.0,0.0,0.0,210.0,200.0,200.0,-14.0,10601800.0,2120460000.0,844.0,200.0,200.0,28905400.0,0.0,0.0,2149840000.0,700000000.0,700000000.0,0.0,28500.0,,0.0,0.0,0.0
2023-02-16,200.0,0.0,0.0,230.0,186.0,186.0,-14.0,398539100.0,80405583400.0,34252.0,186.0,186.0,3695700.0,0.0,0.0,2149840000.0,700000000.0,700000000.0,10621300.0,11079400.0,,0.0,0.0,0.0
2023-02-17,186.0,0.0,0.0,214.0,180.0,214.0,28.0,264330200.0,53663659200.0,26928.0,214.0,216.0,1230800.0,214.0,44671600.0,2149840000.0,700000000.0,700000000.0,7077100.0,3595900.0,,0.0,0.0,0.0
2023-02-20,214.0,0.0,0.0,234.0,212.0,226.0,12.0,139116700.0,31239610800.0,16493.0,226.0,228.0,1158100.0,226.0,75300.0,2149840000.0,700000000.0,700000000.0,3257000.0,3907400.0,,0.0,0.0,0.0
2023-02-21,226.0,0.0,0.0,230.0,214.0,216.0,-10.0,49778600.0,10960738400.0,5583.0,216.0,218.0,597700.0,216.0,33200.0,2149840000.0,700000000.0,700000000.0,2088600.0,1753100.0,,0.0,0.0,0.0
2023-02-22,216.0,0.0,0.0,240.0,212.0,238.0,22.0,192100100.0,44551307600.0,50464.0,238.0,240.0,4211600.0,238.0,17606800.0,2149840000.0,700000000.0,700000000.0,3844500.0,2944900.0,,0.0,0.0,0.0
2023-02-23,238.0,0.0,0.0,256.0,238.0,252.0,14.0,119378800.0,29674098600.0,18244.0,252.0,254.0,1468000.0,252.0,5816800.0,2149840000.0,700000000.0,700000000.0,2979200.0,2716100.0,,0.0,0.0,0.0
2023-02-24,252.0,0.0,0.0,258.0,242.0,244.0,-8.0,38690500.0,9558322800.0,4713.0,244.0,246.0,1087500.0,244.0,1895600.0,2149840000.0,700000000.0,700000000.0,710800.0,294700.0,,0.0,0.0,0.0
2023-02-27,244.0,0.0,0.0,278.0,244.0,278.0,34.0,102179400.0,26638206400.0,26680.0,278.0,280.0,425400.0,278.0,52111100.0,2149840000.0,700000000.0,700000000.0,1465300.0,2406400.0,,0.0,0.0,0.0
2023-02-28,278.0,0.0,0.0,302.0,278.0,298.0,20.0,193805400.0,57244429400.0,50288.0,298.0,300.0,242700.0,298.0,806800.0,2149840000.0,700000000.0,700000000.0,3225800.0,2747700.0,,0.0,0.0,0.0
2023-03-01,298.0,0.0,0.0,304.0,292.0,298.0,0.0,44161000.0,13177535400.0,8723.0,298.0,300.0,4389500.0,298.0,5072900.0,2149840000.0,700000000.0,700000000.0,1351700.0,1166000.0,,0.0,0.0,0.0
2023-03-02,298.0,0.0,0.0,302.0,286.0,292.0,-6.0,24023800.0,7017662400.0,3382.0,292.0,294.0,494400.0,292.0,8600.0,2149840000.0,700000000.0,700000000.0,599900.0,487400.0,,0.0,0.0,0.0
2023-03-03,292.0,0.0,0.0,296.0,272.0,272.0,-20.0,31133800.0,8644067600.0,3538.0,272.0,274.0,243700.0,272.0,9775900.0,2149840000.0,700000000.0,700000000.0,499800.0,313100.0,,40000.0,11440000.0,1.0
2023-03-06,272.0,0.0,0.0,316.0,272.0,310.0,38.0,122276800.0,36939233200.0,48203.0,310.0,310.0,1530300.0,308.0,16397100.0,2149840000.0,700000000.0,700000000.0,1309700.0,2771700.0,,0.0,0.0,0.0
2023-03-07,310.0,0.0,0.0,314.0,290.0,304.0,-6.0,76510100.0,23361979600.0,33902.0,304.0,306.0,2200.0,304.0,1099800.0,2149840000.0,700000000.0,700000000.0,2382600.0,955100.0,,0.0,0.0,0.0
2023-03-08,304.0,0.0,0.0,346.0,298.0,326.0,22.0,215295500.0,69077130200.0,60847.0,326.0,326.0,1890000.0,324.0,22451400.0,2149840000.0,700000000.0,700000000.0,3344000.0,8780300.0,,0.0,0.0,0.0
2023-03-09,326.0,0.0,0.0,336.0,324.0,328.0,2.0,64997900.0,21478922800.0,24320.0,328.0,328.0,447700.0,326.0,20020500.0,2149840000.0,700000000.0,700000000.0,1448100.0,166300.0,,0.0,0.0,0.0
2023-03-10,328.0,0.0,0.0,330.0,306.0,320.0,-8.0,32997800.0,10436347600.0,5382.0,320.0,322.0,165100.0,320.0,20821200.0,2149840000.0,700000000.0,700000000.0,4055500.0,87300.0,,0.0,0.0,0.0
2023-03-13,320.0,0.0,0.0,388.0,322.0,370.0,50.0,243377800.0,88821377400.0,90659.0,370.0,370.0,1265800.0,368.0,21081000.0,2149840000.0,700000000.0,700000000.0,2893200.0,4442300.0,,0.0,0.0,0.0
2023-03-14,370.0,0.0,0.0,388.0,346.0,346.0,-24.0,140053200.0,51578753600.0,48348.0,346.0,346.0,7180300.0,0.0,0.0,2149840000.0,700000000.0,700000000.0,4983300.0,6806000.0,,50000.0,18400000.0,1.0
2023-03-15,346.0,0.0,0.0,366.0,328.0,340.0,-6.0,103036400.0,35349363800.0,52594.0,340.0,340.0,698600.0,338.0,25948000.0,2149840000.0,700000000.0,700000000.0,4347600.0,2841200.0,,0.0,0.0,0.0
2023-03-16,340.0,0.0,0.0,410.0,324.0,394.0,54.0,365696800.0,137547744200.0,134215.0,394.0,394.0,4025400.0,392.0,3035400.0,2149840000.0,700000000.0,700000000.0,11251200.0,12487000.0,,0.0,0.0,0.0
2023-03-17,394.0,0.0,0.0,408.0,370.0,392.0,-2.0,107302900.0,42263838600.0,75686.0,392.0,394.0,857400.0,392.0,24856600.0,2149840000.0,700000000.0,700000000.0,5514400.0,2255100.0,,0.0,0.0,0.0
2023-03-20,392.0,0.0,0.0,430.0,392.0,396.0,4.0,145671100.0,60244946000.0,94867.0,396.0,396.0,758600.0,394.0,7056700.0,2149840000.0,700000000.0,700000000.0,7064200.0,7321100.0,,0.0,0.0,0.0
2023-03-21,396.0,0.0,0.0,406.0,382.0,392.0,-4.0,39991800.0,15757087400.0,31384.0,392.0,394.0,149200.0,392.0,456000.0,2149840000.0,700000000.0,700000000.0,1425100.0,1143700.0,,0.0,0.0,0.0
2023-03-24,392.0,0.0,0.0,406.0,388.0,398.0,6.0,57834100.0,23021147200.0,39811.0,398.0,398.0,2373800.0,396.0,4088900.0,2149840000.0,700000000.0,700000000.0,880800.0,975500.0,,0.0,0.0,0.0
2023-03-27,398.0,0.0,0.0,406.0,374.0,388.0,-10.0,68276200.0,26755331000.0,47696.0,388.0,390.0,328700.0,388.0,337300.0,2149840000.0,700000000.0,700000000.0,693500.0,888000.0,,0.0,0.0,0.0
2023-03-28,388.0,0.0,0.0,394.0,362.0,362.0,-26.0,48882900.0,18239017600.0,32556.0,362.0,362.0,11102900.0,0.0,0.0,2149840000.0,700000000.0,700000000.0,793100.0,464600.0,,0.0,0.0,0.0
2023-03-29,362.0,0.0,0.0,362.0,338.0,338.0,-24.0,10922400.0,3700420600.0,1518.0,338.0,338.0,13358000.0,0.0,0.0,2149840000.0,700000000.0,700000000.0,0.0,513700.0,,0.0,0.0,0.0
2023-03-30,338.0,0.0,0.0,372.0,316.0,330.0,-8.0,167553000.0,56739075000.0,72861.0,330.0,330.0,847600.0,328.0,24596100.0,2149840000.0,700000000.0,700000000.0,5646200.0,6303500.0,,0.0,0.0,0.0
2023-03-31,330.0,0.0,0.0,348.0,316.0,326.0,-4.0,77598900.0,26071106600.0,75335.0,326.0,326.0,499300.0,324.0,10106200.0,2149840000.0,700000000.0,700000000.0,2159600.0,1123100.0,,0.0,0.0,0.0
2023-04-03,326.0,0.0,0.0,330.0,308.0,318.0,-8.0,44253200.0,13970694000.0,5406.0,318.0,318.0,54100.0,316.0,259100.0,2149840000.0,700000000.0,699987904.0,661100.0,1016200.0,,0.0,0.0,0.0
2023-04-04,318.0,0.0,0.0,336.0,310.0,312.0,-6.0,85369300.0,27645974400.0,29781.0,312.0,314.0,229500.0,312.0,518200.0,2149840000.0,700000000.0,699987904.0,3166200.0,2712700.0,,0.0,0.0,0.0
2023-04-05,312.0,0.0,0.0,334.0,292.0,332.0,20.0,99989600.0,32138821400.0,69934.0,332.0,334.0,808900.0,332.0,570600.0,2149840000.0,700000000.0,699987904.0,3810200.0,3955400.0,,15000.0,4770000.0,1.0
2023-04-06,332.0,0.0,0.0,348.0,320.0,328.0,-4.0,80053900.0,26482330400.0,20529.0,328.0,328.0,842200.0,326.0,1065600.0,2149840000.0,700000000.0,699987904.0,3017500.0,2918800.0,,0.0,0.0,0.0
2023-04-10,328.0,0.0,0.0,334.0,306.0,306.0,-22.0,43719200.0,13785396200.0,30633.0,306.0,306.0,7351900.0,0.0,0.0,2149840000.0,700000000.0,699987904.0,1643300.0,1689700.0,,0.0,0.0,0.0
2023-04-11,306.0,0.0,0.0,286.0,286.0,286.0,-20.0,6287300.0,1798167800.0,1025.0,286.0,286.0,17032400.0,0.0,0.0,2149840000.0,700000000.0,699987904.0,84800.0,0.0,,0.0,0.0,0.0
2023-04-12,286.0,0.0,0.0,306.0,266.0,294.0,8.0,76595300.0,22053524800.0,50806.0,294.0,296.0,779300.0,294.0,24055800.0,2149840000.0,700000000.0,699987904.0,2286800.0,2130300.0,,0.0,0.0,0.0
2023-04-13,294.0,0.0,0.0,314.0,294.0,304.0,10.0,80882600.0,24592870000.0,66688.0,304.0,304.0,623200.0,302.0,1026300.0,2149840000.0,700000000.0,699987904.0,1891600.0,2055500.0,,37500.0,11175000.0,3.0
2023-04-14,304.0,0.0,0.0,308.0,284.0,284.0,-20.0,19327200.0,5697729800.0,3166.0,284.0,284.0,2771900.0,0.0,0.0,2149840000.0,700000000.0,699987904.0,825600.0,555500.0,,0.0,0.0,0.0
2023-04-17,284.0,0.0,0.0,286.0,266.0,270.0,-14.0,22382700.0,6031325600.0,3142.0,270.0,270.0,16500.0,268.0,22700.0,2149840000.0,700000000.0,699987904.0,41100.0,287100.0,,0.0,0.0,0.0
2023-04-18,270.0,0.0,0.0,276.0,254.0,274.0,4.0,23187800.0,6174604600.0,3151.0,274.0,276.0,143900.0,274.0,5100400.0,2149840000.0,700000000.0,699987904.0,110100.0,139600.0,,70000.0,17850000.0,2.0
2023-04-26,274.0,0.0,0.0,302.0,274.0,294.0,20.0,113248500.0,33136819400.0,102184.0,294.0,296.0,482100.0,294.0,10714000.0,2149840000.0,700000000.0,699987904.0,1687300.0,3222800.0,,0.0,0.0,0.0
2023-04-27,294.0,0.0,0.0,318.0,294.0,304.0,10.0,126800500.0,38907399600.0,193915.0,304.0,306.0,107200.0,304.0,22312000.0,2149840000.0,700000000.0,699987904.0,1770100.0,2793500.0,,0.0,0.0,0.0
2023-04-28,304.0,0.0,0.0,312.0,298.0,308.0,4.0,34280300.0,10542103600.0,25292.0,308.0,308.0,1713100.0,306.0,1988600.0,2149840000.0,700000000.0,699987904.0,182100.0,394000.0,,0.0,0.0,0.0
2023-05-02,308.0,0.0,0.0,312.0,296.0,296.0,-12.0,15291100.0,4612970400.0,2776.0,296.0,296.0,1800.0,294.0,247800.0,2149840000.0,700000000.0,699987904.0,1129900.0,114200.0,,0.0,0.0,0.0
2023-05-03,296.0,0.0,0.0,332.0,278.0,312.0,16.0,151450900.0,47591692400.0,94285.0,312.0,312.0,1350500.0,310.0,38921500.0,2149840000.0,700000000.0,699987904.0,4267600.0,4395100.0,,0.0,0.0,0.0
2023-05-04,312.0,0.0,0.0,324.0,312.0,316.0,4.0,41679500.0,13225681200.0,26740.0,316.0,318.0,374700.0,316.0,2528400.0,2149840000.0,700000000.0,699987904.0,2257500.0,978300.0,,0.0,0.0,0.0
2023-05-05,316.0,0.0,0.0,324.0,300.0,302.0,-14.0,36172000.0,11195197400.0,9783.0,302.0,302.0,206900.0,300.0,6579800.0,2149840000.0,700000000.0,699987904.0,1896500.0,3466600.0,,0.0,0.0,0.0
2023-05-08,302.0,0.0,0.0,306.0,282.0,294.0,-8.0,33412900.0,9660812000.0,12997.0,294.0,294.0,1063600.0,292.0,1651000.0,2149840000.0,700000000.0,699987904.0,556400.0,221500.0,,0.0,0.0,0.0
2023-05-09,294.0,0.0,0.0,294.0,282.0,292.0,-2.0,9730100.0,2807495000.0,1505.0,292.0,292.0,512300.0,290.0,2018300.0,2149840000.0,700000000.0,699987904.0,13500.0,140500.0,,0.0,0.0,0.0
2023-05-10,292.0,0.0,0.0,300.0,272.0,278.0,-14.0,35708600.0,10230496200.0,30837.0,278.0,278.0,3683300.0,276.0,1993800.0,2149840000.0,700000000.0,699987904.0,581400.0,870600.0,,0.0,0.0,0.0
2023-05-11,278.0,0.0,0.0,302.0,268.0,280.0,2.0,104323700.0,30043026400.0,62201.0,280.0,282.0,192800.0,280.0,377400.0,2149840000.0,700000000.0,699987904.0,1975800.0,495300.0,,0.0,0.0,0.0
2023-05-12,280.0,0.0,0.0,290.0,276.0,280.0,0.0,24995000.0,7071311800.0,22962.0,280.0,280.0,395200.0,278.0,1213100.0,2149840000.0,700000000.0,699987904.0,836200.0,71500.0,,0.0,0.0,0.0
2023-05-15,280.0,0.0,0.0,288.0,274.0,274.0,-6.0,18534800.0,5178608400.0,8516.0,274.0,274.0,1159600.0,272.0,6129900.0,2149840000.0,700000000.0,699987904.0,322400.0,410100.0,,0.0,0.0,0.0
2023-05-16,274.0,0.0,0.0,276.0,256.0,256.0,-18.0,29504800.0,7713959600.0,2320.0,256.0,256.0,2157200.0,0.0,0.0,2149840000.0,700000000.0,699987904.0,0.0,557500.0,,0.0,0.0,0.0
2023-05-17,256.0,0.0,0.0,254.0,240.0,240.0,-16.0,4347100.0,1049932000.0,428.0,240.0,240.0,5693500.0,0.0,0.0,2149840000.0,700000000.0,699987904.0,0.0,0.0,,0.0,0.0,0.0
2023-05-19,240.0,0.0,0.0,236.0,224.0,224.0,-16.0,13576100.0,3044810600.0,1579.0,224.0,224.0,2295600.0,0.0,0.0,2149840000.0,700000000.0,699987904.0,160100.0,67100.0,,0.0,0.0,0.0
2023-05-22,224.0,0.0,0.0,236.0,210.0,226.0,2.0,42660100.0,9508213600.0,15900.0,226.0,226.0,495200.0,224.0,10089000.0,2149840000.0,700000000.0,699987904.0,70000.0,2830000.0,,0.0,0.0,0.0
2023-05-23,226.0,0.0,0.0,236.0,220.0,226.0,0.0,31264600.0,7147301400.0,9758.0,226.0,228.0,110700.0,226.0,171400.0,2149840000.0,700000000.0,699987904.0,662300.0,1313400.0,,0.0,0.0,0.0
2023-05-24,226.0,0.0,0.0,236.0,214.0,220.0,-6.0,55066000.0,12517473200.0,35666.0,220.0,220.0,2183500.0,218.0,11243800.0,2149840000.0,700000000.0,699987904.0,1298900.0,209800.0,,0.0,0.0,0.0
2023-05-25,220.0,0.0,0.0,230.0,206.0,206.0,-14.0,33122500.0,7171523400.0,22633.0,206.0,206.0,6683300.0,0.0,0.0,2149840000.0,700000000.0,699987904.0,345100.0,0.0,,0.0,0.0,0.0
2023-05-26,206.0,0.0,0.0,208.0,192.0,192.0,-14.0,22024000.0,4320791300.0,2731.0,192.0,192.0,5087900.0,0.0,0.0,2149840000.0,700000000.0,699987904.0,324400.0,5900.0,,0.0,0.0,0.0
2023-05-29,192.0,0.0,0.0,202.0,180.0,192.0,0.0,75994400.0,14560384100.0,62470.0,192.0,192.0,70100.0,191.0,13257600.0,2149840000.0,700000000.0,699987904.0,2097600.0,3331500.0,,0.0,0.0,0.0
2023-05-30,192.0,0.0,0.0,194.0,181.0,183.0,-9.0,19107700.0,3588039600.0,9234.0,183.0,183.0,663800.0,182.0,41300.0,2149840000.0,700000000.0,699987904.0,1291600.0,993400.0,,0.0,0.0,0.0
2023-05-31,183.0,0.0,0.0,185.0,171.0,171.0,-12.0,19845400.0,3418076700.0,1763.0,171.0,171.0,7055700.0,0.0,0.0,2149840000.0,700000000.0,699987904.0,253500.0,2947200.0,,0.0,0.0,0.0
2023-06-05,171.0,0.0,0.0,175.0,146.0,173.0,2.0,41178800.0,6815476100.0,33528.0,173.0,173.0,83700.0,172.0,1049900.0,2149840000.0,700000000.0,699987904.0,3801700.0,8310700.0,,0.0,0.0,0.0
2023-06-06,173.0,0.0,0.0,177.0,169.0,174.0,1.0,22243200.0,3878174200.0,17123.0,174.0,175.0,60500.0,174.0,4000.0,2149840000.0,700000000.0,699987904.0,2695900.0,3403700.0,,0.0,0.0,0.0
2023-06-07,174.0,0.0,0.0,186.0,175.0,178.0,4.0,62625300.0,11365584600.0,71308.0,178.0,178.0,289300.0,177.0,6454100.0,2149840000.0,700000000.0,699987904.0,3987400.0,516600.0,,0.0,0.0,0.0
2023-06-08,178.0,0.0,0.0,185.0,178.0,182.0,4.0,60894300.0,11035374700.0,70068.0,182.0,182.0,160500.0,181.0,10201200.0,2149840000.0,700000000.0,699987904.0,1784900.0,2017600.0,,0.0,0.0,0.0
2023-06-09,182.0,0.0,0.0,186.0,177.0,182.0,0.0,33353900.0,6064566900.0,54352.0,182.0,182.0,175400.0,181.0,2580400.0,2149840000.0,700000000.0,699987904.0,1159100.0,31100.0,,0.0,0.0,0.0
2023-06-12,182.0,0.0,0.0,187.0,180.0,184.0,2.0,102317200.0,18811079500.0,148453.0,184.0,184.0,2649000.0,183.0,35472900.0,2149840000.0,700000000.0,699987904.0,1347400.0,361800.0,,0.0,0.0,0.0
2023-06-13,184.0,0.0,0.0,185.0,178.0,178.0,-6.0,67343200.0,12217253900.0,95755.0,178.0,179.0,1000.0,178.0,19996800.0,2149840000.0,700000000.0,699987904.0,1663500.0,150000.0,,0.0,0.0,0.0
2023-06-14,178.0,0.0,0.0,180.0,173.0,177.0,-1.0,38213700.0,6755713700.0,44452.0,177.0,177.0,278500.0,176.0,1072200.0,2149840000.0,700000000.0,699987904.0,1269700.0,205400.0,,0.0,0.0,0.0
2023-06-15,177.0,0.0,0.0,182.0,151.0,151.0,-26.0,141570200.0,23966625600.0,185857.0,151.0,151.0,4228000.0,0.0,0.0,2149840000.0,700000000.0,699987904.0,819400.0,627400.0,,0.0,0.0,0.0
2023-06-16,151.0,0.0,0.0,151.0,129.0,129.0,-22.0,60862400.0,7987078500.0,16109.0,129.0,129.0,6118700.0,0.0,0.0,2149840000.0,700000000.0,699987904.0,0.0,19200.0,,0.0,0.0,0.0
2023-06-19,129.0,0.0,0.0,134.0,110.0,113.0,-16.0,95375100.0,11536846500.0,41453.0,113.0,113.0,313500.0,112.0,102194700.0,2149840000.0,700000000.0,699987904.0,4117200.0,1975700.0,,0.0,0.0,0.0
2023-06-20,113.0,0.0,0.0,127.0,110.0,122.0,9.0,66648300.0,8136354700.0,7293.0,122.0,123.0,499600.0,122.0,57411800.0,2149840000.0,700000000.0,699987904.0,719500.0,533600.0,,0.0,0.0,0.0
2023-06-21,122.0,0.0,0.0,124.0,116.0,117.0,-5.0,36505300.0,4338450900.0,15239.0,117.0,118.0,484600.0,117.0,39234100.0,2149840000.0,700000000.0,699987904.0,80900.0,214400.0,,0.0,0.0,0.0
2023-06-22,117.0,0.0,0.0,119.0,112.0,112.0,-5.0,44631300.0,5076015200.0,15685.0,112.0,113.0,115400.0,112.0,24914800.0,2149840000.0,700000000.0,699987904.0,966600.0,2172700.0,,0.0,0.0,0.0
2023-06-23,112.0,0.0,0.0,114.0,103.0,109.0,-3.0,34234500.0,3726290700.0,10336.0,109.0,109.0,1442300.0,108.0,13081300.0,2149840000.0,700000000.0,699987904.0,2412500.0,1809500.0,,0.0,0.0,0.0
2023-06-26,109.0,0.0,0.0,112.0,99.0,100.0,-9.0,79443700.0,8314001200.0,61509.0,100.0,100.0,417300.0,99.0,151050400.0,2149840000.0,700000000.0,699987904.0,4897200.0,4514700.0,,0.0,0.0,0.0
2023-06-27,100.0,0.0,0.0,106.0,99.0,105.0,5.0,64814800.0,6677349900.0,44036.0,105.0,105.0,1072700.0,104.0,105007600.0,2149840000.0,700000000.0,699987904.0,1666300.0,2220600.0,,0.0,0.0,0.0
2023-07-03,105.0,0.0,0.0,109.0,98.0,98.0,-7.0,96405300.0,9837551600.0,39689.0,98.0,98.0,1284000.0,97.0,101583500.0,2149840000.0,700000000.0,699987904.0,3867000.0,5337100.0,,0.0,0.0,0.0
2023-07-04,98.0,0.0,0.0,105.0,88.0,91.0,-7.0,84674500.0,7813976800.0,10883.0,91.0,91.0,1768300.0,90.0,30218900.0,2149840000.0,700000000.0,699987904.0,5600000.0,4263100.0,,0.0,0.0,0.0
2023-07-05,91.0,0.0,0.0,92.0,82.0,88.0,-3.0,50198800.0,4428978900.0,3843.0,88.0,88.0,5231400.0,87.0,100899400.0,2149840000.0,700000000.0,699987904.0,4072200.0,7938800.0,,0.0,0.0,0.0
2023-07-06,88.0,0.0,0.0,93.0,88.0,90.0,2.0,49656200.0,4475102600.0,5904.0,90.0,90.0,953600.0,89.0,6294000.0,2149840000.0,700000000.0,699987904.0,1791000.0,1573200.0,,0.0,0.0,0.0
2023-07-07,90.0,0.0,0.0,91.0,88.0,89.0,-1.0,19845500.0,1772970900.0,11706.0,89.0,89.0,124500.0,88.0,10761000.0,2149840000.0,700000000.0,699987904.0,904900.0,166600.0,,0.0,0.0,0.0
2023-07-10,89.0,0.0,0.0,90.0,86.0,88.0,-1.0,51341200.0,4537113500.0,33026.0,88.0,88.0,2485400.0,87.0,100917300.0,2149840000.0,700000000.0,699987904.0,50000.0,2321000.0,,0.0,0.0,0.0
2023-07-11,88.0,0.0,0.0,89.0,85.0,86.0,-2.0,42561800.0,3698715400.0,19122.0,86.0,86.0,1075600.0,85.0,100156900.0,2149840000.0,700000000.0,699987904.0,1035900.0,2737500.0,,0.0,0.0,0.0
2023-07-12,86.0,0.0,0.0,90.0,76.0,83.0,-3.0,104126400.0,8860031400.0,60639.0,83.0,83.0,537800.0,82.0,137942200.0,2149840000.0,700000000.0,699987904.0,10931800.0,11265300.0,,0.0,0.0,0.0
2023-07-13,83.0,0.0,0.0,0.0,0.0,83.0,0.0,0.0,0.0,0.0,83.0,0.0,0.0,0.0,0.0,2149840000.0,700000000.0,699987904.0,0.0,0.0,,0.0,0.0,0.0
2023-07-14,83.0,0.0,0.0,88.0,76.0,82.0,-1.0,84299400.0,7033310700.0,45909.0,82.0,82.0,115700.0,81.0,10439200.0,2149840000.0,700000000.0,699987904.0,7485000.0,4425100.0,,0.0,0.0,0.0
2023-07-17,82.0,0.0,0.0,85.0,70.0,83.0,1.0,72556500.0,6045899000.0,136424.0,83.0,83.0,2750800.0,82.0,104389300.0,2149840000.0,700000000.0,699987904.0,2587900.0,5772200.0,,0.0,0.0,0.0
2023-07-18,83.0,0.0,0.0,84.0,75.0,81.0,-2.0,105379000.0,8491400400.0,53937.0,81.0,81.0,2326900.0,80.0,104860100.0,2149840000.0,700000000.0,699987904.0,6535300.0,4206900.0,,0.0,0.0,0.0
2023-07-20,81.0,0.0,0.0,82.0,76.0,76.0,-5.0,153682200.0,12074027600.0,73158.0,76.0,76.0,2821200.0,75.0,103477200.0,2149840000.0,700000000.0,699987904.0,6138500.0,4166500.0,,0.0,0.0,0.0
2023-07-21,76.0,0.0,0.0,79.0,70.0,76.0,0.0,193650700.0,14878434500.0,137471.0,76.0,76.0,4005800.0,75.0,70250800.0,2149840000.0,700000000.0,699987904.0,4831700.0,1619700.0,,0.0,0.0,0.0
2023-07-24,76.0,0.0,0.0,77.0,68.0,72.0,-4.0,165060400.0,12075433800.0,79449.0,72.0,72.0,845000.0,71.0,104577300.0,2149840000.0,700000000.0,699987904.0,2420300.0,5593400.0,,0.0,0.0,0.0
2023-07-25,72.0,0.0,0.0,77.0,63.0,70.0,-2.0,248769000.0,18230556200.0,254828.0,70.0,70.0,2179600.0,69.0,100654100.0,2149840000.0,700000000.0,699987904.0,3490700.0,2790700.0,,0.0,0.0,0.0
2023-07-26,70.0,0.0,0.0,71.0,62.0,64.0,-6.0,218257000.0,14136451800.0,141667.0,64.0,64.0,1306400.0,63.0,100970900.0,2149840000.0,700000000.0,699987904.0,3071600.0,924700.0,,0.0,0.0,0.0
2023-07-27,64.0,0.0,0.0,65.0,62.0,63.0,-1.0,123158400.0,7753129600.0,7014.0,63.0,63.0,2960600.0,62.0,10717200.0,2149840000.0,700000000.0,699987904.0,141100.0,0.0,,0.0,0.0,0.0
2023-07-28,63.0,0.0,0.0,68.0,62.0,63.0,0.0,144674100.0,9106728700.0,9446.0,63.0,63.0,1569000.0,62.0,10571400.0,2149840000.0,700000000.0,699987904.0,0.0,238400.0,,0.0,0.0,0.0
2023-07-31,63.0,0.0,0.0,64.0,55.0,62.0,-1.0,139941000.0,8663028700.0,5597.0,62.0,62.0,2936300.0,61.0,30882200.0,2149840360.0,700000360.0,699987904.0,789200.0,550800.0,,0.0,0.0,0.0
2023-08-01,62.0,0.0,0.0,0.0,0.0,62.0,0.0,0.0,0.0,0.0,62.0,0.0,0.0,0.0,0.0,2149910101.0,700070101.0,699987904.0,0.0,0.0,,0.0,0.0,0.0
2023-08-02,62.0,0.0,0.0,0.0,0.0,62.0,0.0,0.0,0.0,0.0,62.0,0.0,0.0,0.0,0.0,2149910444.0,700070444.0,699987904.0,0.0,0.0,,0.0,0.0,0.0
2023-08-03,62.0,0.0,0.0,0.0,0.0,62.0,0.0,0.0,0.0,0.0,62.0,0.0,0.0,0.0,0.0,2149910585.0,700070585.0,699987904.0,0.0,0.0,,0.0,0.0,0.0
2023-08-04,62.0,0.0,0.0,0.0,0.0,62.0,0.0,0.0,0.0,0.0,62.0,0.0,0.0,0.0,0.0,2149910585.0,700070585.0,699987904.0,0.0,0.0,,0.0,0.0,0.0
2023-08-07,62.0,0.0,0.0,0.0,0.0,62.0,0.0,0.0,0.0,0.0,62.0,0.0,0.0,0.0,0.0,2149910806.0,700070806.0,699987904.0,0.0,0.0,,0.0,0.0,0.0
2023-08-08,62.0,0.0,0.0,0.0,0.0,62.0,0.0,0.0,0.0,0.0,62.0,0.0,0.0,0.0,0.0,2149911149.0,700071149.0,699987904.0,0.0,0.0,,0.0,0.0,0.0
2023-08-09,62.0,0.0,0.0,66.0,56.0,59.0,-3.0,165869600.0,9979895900.0,12549.0,59.0,59.0,1144000.0,58.0,84040200.0,2149911290.0,700071290.0,699987904.0,362900.0,442000.0,,0.0,0.0,0.0
2023-08-10,59.0,0.0,0.0,61.0,54.0,61.0,2.0,256915200.0,15250553600.0,14037.0,61.0,61.0,10541800.0,60.0,35881100.0,2149911650.0,700071650.0,699987904.0,1180800.0,1381600.0,,0.0,0.0,0.0
2023-08-11,61.0,0.0,0.0,67.0,58.0,60.0,-1.0,69330900.0,4153486000.0,6483.0,60.0,60.0,766700.0,59.0,29891100.0,2149912091.0,700072091.0,699987904.0,642800.0,50000.0,,0.0,0.0,0.0
2023-08-14,60.0,0.0,0.0,66.0,59.0,59.0,-1.0,209974300.0,12603174700.0,10656.0,59.0,60.0,5560700.0,59.0,12111600.0,2149912351.0,700072351.0,699987904.0,381200.0,527400.0,,0.0,0.0,0.0
2023-08-15,59.0,0.0,0.0,61.0,59.0,60.0,1.0,101831800.0,6056740200.0,6663.0,60.0,60.0,2819700.0,59.0,25042900.0,2149912591.0,700072591.0,699987904.0,157500.0,8474400.0,,0.0,0.0,0.0
2023-08-16,60.0,0.0,0.0,62.0,59.0,61.0,1.0,119824800.0,7211472600.0,11157.0,61.0,61.0,5061900.0,60.0,55010700.0,2149912591.0,700072591.0,699987904.0,0.0,5392700.0,,0.0,0.0,0.0
2023-08-18,61.0,0.0,0.0,62.0,59.0,61.0,0.0,136365600.0,8227130400.0,11066.0,61.0,61.0,3565000.0,60.0,25224400.0,2149912913.0,700072913.0,699987904.0,346300.0,542900.0,,60.0,10800.0,1.0
2023-08-21,61.0,0.0,0.0,62.0,58.0,61.0,0.0,88383700.0,5306920800.0,9091.0,61.0,61.0,4032600.0,60.0,33004000.0,2149913853.0,700073853.0,699987904.0,1872500.0,193000.0,,0.0,0.0,0.0
2023-08-22,61.0,0.0,0.0,61.0,58.0,59.0,-2.0,179441500.0,10699667700.0,9073.0,59.0,59.0,2067500.0,58.0,14700800.0,2149914093.0,700074093.0,699987904.0,1424300.0,145700.0,,0.0,0.0,0.0
2023-08-23,59.0,0.0,0.0,59.0,57.0,58.0,-1.0,66116400.0,3773502700.0,12073.0,58.0,58.0,12072600.0,57.0,33576000.0,2149914234.0,700074234.0,699987904.0,1131300.0,0.0,,0.0,0.0,0.0
2023-08-24,58.0,0.0,0.0,58.0,55.0,56.0,-2.0,20086700.0,1131180800.0,4419.0,56.0,56.0,1393000.0,55.0,13432000.0,2149914315.0,700074315.0,699987904.0,2484000.0,676300.0,,0.0,0.0,0.0
2023-08-25,56.0,0.0,0.0,57.0,55.0,57.0,1.0,20343900.0,1149969600.0,3276.0,57.0,57.0,2507100.0,56.0,20068400.0,2149914595.0,700074595.0,699987904.0,1358000.0,1533700.0,,0.0,0.0,0.0
2023-08-28,57.0,0.0,0.0,59.0,56.0,59.0,2.0,43626900.0,2484471200.0,4904.0,59.0,59.0,2853900.0,58.0,20084100.0,2149914675.0,700074675.0,699987904.0,0.0,2627400.0,,0.0,0.0,0.0
2023-08-29,59.0,0.0,0.0,60.0,57.0,59.0,0.0,71361300.0,4137279500.0,4164.0,59.0,59.0,2085300.0,58.0,24824700.0,2149914775.0,700074775.0,699987904.0,61400.0,2586400.0,,0.0,0.0,0.0
2023-08-30,59.0,0.0,0.0,60.0,58.0,59.0,0.0,98059500.0,5746070000.0,10171.0,59.0,59.0,1724000.0,58.0,15041500.0,2149914855.0,700074855.0,699987904.0,57600.0,1571000.0,,0.0,0.0,0.0
2023-08-31,59.0,0.0,0.0,60.0,56.0,58.0,-1.0,69367400.0,4008169500.0,9540.0,58.0,58.0,2982600.0,57.0,15003600.0,2149914855.0,700074855.0,699987904.0,0.0,2063400.0,,0.0,0.0,0.0
2023-09-01,58.0,0.0,0.0,58.0,56.0,57.0,-1.0,61263500.0,3453021000.0,6864.0,57.0,57.0,7902600.0,56.0,25065000.0,2149915035.0,700075035.0,699987904.0,0.0,1529300.0,,0.0,0.0,0.0
2023-09-04,57.0,0.0,0.0,57.0,54.0,56.0,-1.0,59437700.0,3301504600.0,7875.0,56.0,56.0,11616000.0,55.0,25041300.0,2149915095.0,700075095.0,699987904.0,14100.0,750600.0,,0.0,0.0,0.0
2023-09-05,56.0,0.0,0.0,56.0,52.0,53.0,-3.0,28804000.0,1525498800.0,6066.0,53.0,53.0,2412200.0,52.0,102176300.0,2149915292.0,700075292.0,699987904.0,0.0,717000.0,,20.0,1100.0,1.0
2023-09-06,53.0,0.0,0.0,58.0,52.0,58.0,5.0,121221300.0,6533727100.0,1495.0,58.0,0.0,0.0,58.0,15777400.0,2149915332.0,700075332.0,699987904.0,2120300.0,1200000.0,,0.0,0.0,0.0
2023-09-07,58.0,0.0,0.0,63.0,58.0,60.0,2.0,58659700.0,3578055300.0,2481.0,60.0,61.0,456700.0,59.0,1326100.0,2149915452.0,700075452.0,699987904.0,1017100.0,1512300.0,,0.0,0.0,0.0
2023-09-08,60.0,0.0,0.0,62.0,56.0,57.0,-3.0,15893000.0,928280500.0,818.0,57.0,58.0,300600.0,57.0,1100000.0,2149915472.0,700075472.0,699987904.0,235400.0,485800.0,,0.0,0.0,0.0
2023-09-11,57.0,0.0,0.0,76.0,58.0,76.0,19.0,378194400.0,26705023900.0,15081.0,76.0,0.0,0.0,76.0,58978600.0,2149915552.0,700075552.0,699987904.0,217300.0,11123100.0,,0.0,0.0,0.0
2023-09-12,76.0,0.0,0.0,97.0,75.0,81.0,5.0,714524200.0,63138607500.0,38703.0,81.0,81.0,2717400.0,80.0,795600.0,2149915612.0,700075612.0,699987904.0,6175900.0,1017200.0,,0.0,0.0,0.0
2023-09-13,81.0,0.0,0.0,90.0,76.0,79.0,-2.0,186228300.0,15616545000.0,12143.0,79.0,79.0,2304800.0,78.0,496300.0,2149915733.0,700075733.0,699987904.0,13983600.0,8993800.0,,0.0,0.0,0.0
2023-09-14,79.0,0.0,0.0,85.0,72.0,77.0,-2.0,127369000.0,10070057100.0,8144.0,77.0,78.0,48700.0,77.0,130000.0,2149915973.0,700075973.0,699987904.0,7554600.0,4754500.0,,0.0,0.0,0.0
2023-09-15,77.0,0.0,0.0,83.0,73.0,81.0,4.0,82387100.0,6653076300.0,3558.0,81.0,81.0,5500.0,80.0,2048800.0,2149916355.0,700076355.0,699987904.0,1209300.0,6097300.0,,0.0,0.0,0.0
2023-09-18,81.0,0.0,0.0,95.0,78.0,88.0,7.0,307437400.0,26992086500.0,14886.0,88.0,89.0,2094700.0,88.0,1838600.0,2149916355.0,700076355.0,699987904.0,14968000.0,9761800.0,,0.0,0.0,0.0
2023-09-19,88.0,0.0,0.0,90.0,81.0,83.0,-5.0,77589800.0,6653743700.0,4380.0,83.0,83.0,3395600.0,82.0,2529000.0,2149916355.0,845060355.0,699987904.0,8291900.0,1010100.0,,0.0,0.0,0.0
2023-09-20,83.0,0.0,0.0,88.0,81.0,84.0,1.0,60327000.0,5113260200.0,3655.0,84.0,84.0,1074400.0,83.0,3854600.0,2149916375.0,845060375.0,699987904.0,4313000.0,108500.0,,0.0,0.0,0.0
2023-09-21,84.0,0.0,0.0,86.0,77.0,79.0,-5.0,50412000.0,4087927700.0,3662.0,79.0,80.0,780000.0,79.0,153400.0,2149916375.0,845060375.0,699987904.0,4546200.0,294200.0,,0.0,0.0,0.0
2023-09-22,79.0,0.0,0.0,80.0,75.0,78.0,-1.0,25536500.0,1989429600.0,1746.0,78.0,79.0,696700.0,78.0,314200.0,2149916455.0,845060455.0,699987904.0,2021300.0,767400.0,,20.0,20.0,1.0
2023-09-25,78.0,0.0,0.0,81.0,77.0,78.0,0.0,23894000.0,1889884600.0,1827.0,78.0,79.0,744700.0,78.0,491400.0,2149916515.0,845060515.0,699987904.0,2237000.0,992600.0,,0.0,0.0,0.0
2023-09-26,78.0,0.0,0.0,80.0,66.0,69.0,-9.0,58260300.0,4295958700.0,3286.0,69.0,69.0,565500.0,68.0,576100.0,2149916515.0,845060515.0,699987904.0,695100.0,576000.0,,0.0,0.0,0.0
2023-09-27,69.0,0.0,0.0,76.0,68.0,73.0,4.0,45143000.0,3287270400.0,3214.0,73.0,73.0,1641800.0,72.0,60100.0,2149927655.0,845071655.0,699987904.0,247300.0,120600.0,,0.0,0.0,0.0
2023-09-29,73.0,0.0,0.0,74.0,70.0,71.0,-2.0,15600000.0,1118186600.0,1100.0,71.0,71.0,251400.0,70.0,1937900.0,2149927695.0,845071695.0,699987904.0,56300.0,81300.0,,0.0,0.0,0.0
2023-10-02,71.0,0.0,0.0,73.0,69.0,69.0,-2.0,17622000.0,1237589900.0,1123.0,69.0,70.0,267400.0,68.0,657700.0,2149927715.0,845071715.0,700012772.0,116100.0,126300.0,,0.0,0.0,0.0
2023-10-03,69.0,0.0,0.0,70.0,60.0,64.0,-5.0,37453600.0,2417629500.0,2377.0,64.0,65.0,1289400.0,64.0,120700.0,2149927715.0,845071715.0,700012772.0,615300.0,133100.0,,40.0,40.0,1.0
2023-10-04,64.0,0.0,0.0,85.0,58.0,84.0,20.0,329602300.0,26105223400.0,17401.0,84.0,85.0,7234000.0,84.0,18640600.0,2149927815.0,845071815.0,700012772.0,228800.0,209000.0,,0.0,0.0,0.0
2023-10-05,84.0,0.0,0.0,97.0,78.0,78.0,-6.0,588127800.0,52809977900.0,29456.0,78.0,78.0,983400.0,77.0,1748900.0,2149927895.0,845071895.0,700012772.0,9937000.0,12005500.0,,0.0,0.0,0.0
2023-10-06,78.0,0.0,0.0,80.0,70.0,71.0,-7.0,89291300.0,6645735400.0,5156.0,71.0,72.0,535100.0,71.0,445600.0,2149927915.0,845071915.0,700012772.0,5300700.0,3199900.0,,0.0,0.0,0.0
2023-10-09,71.0,0.0,0.0,78.0,66.0,71.0,0.0,70231300.0,5097491100.0,4455.0,71.0,72.0,2176800.0,71.0,2728000.0,2149927955.0,845071955.0,700012772.0,328700.0,264000.0,,0.0,0.0,0.0
2023-10-10,71.0,0.0,0.0,74.0,70.0,72.0,1.0,28585500.0,2057170900.0,1678.0,72.0,72.0,1868200.0,71.0,2161200.0,2149927975.0,845071975.0,700012772.0,22200.0,99200.0,,0.0,0.0,0.0
2023-10-11,72.0,0.0,0.0,75.0,71.0,73.0,1.0,32785700.0,2397925900.0,1850.0,73.0,74.0,4444600.0,73.0,736000.0,2149928175.0,845072175.0,700012772.0,241600.0,190800.0,,0.0,0.0,0.0
2023-10-12,73.0,0.0,0.0,74.0,71.0,71.0,-2.0,20883400.0,1507738200.0,1244.0,71.0,72.0,204900.0,71.0,321400.0,2149928176.0,845072176.0,700012772.0,82300.0,64800.0,,0.0,0.0,0.0
2023-10-13,71.0,0.0,0.0,72.0,70.0,70.0,-1.0,13854600.0,977503400.0,950.0,70.0,72.0,4216700.0,70.0,961600.0,2149928196.0,845072196.0,700012772.0,64800.0,44000.0,,200.0,15000.0,1.0
2023-10-16,70.0,0.0,0.0,72.0,67.0,67.0,-3.0,16112600.0,1096431400.0,1323.0,67.0,68.0,516300.0,67.0,754700.0,2149928276.0,845072276.0,700012772.0,43000.0,10000.0,,0.0,0.0,0.0
2023-10-17,67.0,0.0,0.0,71.0,67.0,68.0,1.0,9791400.0,671782600.0,846.0,68.0,69.0,1264100.0,67.0,2213500.0,2149928296.0,845072296.0,700012772.0,10000.0,75600.0,,0.0,0.0,0.0
2023-10-18,68.0,0.0,0.0,70.0,66.0,68.0,0.0,10856200.0,732661900.0,885.0,68.0,68.0,967700.0,67.0,235900.0,2149928528.0,845072528.0,700012772.0,18700.0,0.0,,40.0,40.0,1.0
2023-10-19,68.0,0.0,0.0,69.0,66.0,66.0,-2.0,10869900.0,731765700.0,659.0,66.0,67.0,101600.0,66.0,2400100.0,2149928528.0,845072528.0,700012772.0,34700.0,46400.0,,0.0,0.0,0.0
2023-10-20,66.0,0.0,0.0,69.0,66.0,67.0,1.0,10475500.0,703438500.0,1331.0,67.0,67.0,18200.0,66.0,1254500.0,2149928931.0,845072931.0,700012772.0,52300.0,24000.0,,0.0,0.0,0.0
2023-10-23,67.0,0.0,0.0,68.0,64.0,66.0,-1.0,9828300.0,646697200.0,662.0,66.0,67.0,676900.0,66.0,17900.0,2149928931.0,845072931.0,700012772.0,40300.0,23700.0,,0.0,0.0,0.0
2023-10-24,66.0,0.0,0.0,68.0,65.0,67.0,1.0,4796900.0,320048800.0,474.0,67.0,68.0,1110100.0,67.0,1106300.0,2149928971.0,845072971.0,700012772.0,0.0,20300.0,,0.0,0.0,0.0
2023-10-25,67.0,0.0,0.0,72.0,67.0,70.0,3.0,21443000.0,1498498300.0,1419.0,70.0,71.0,3003800.0,70.0,153400.0,2149931951.0,845075951.0,700012772.0,44000.0,0.0,,0.0,0.0,0.0
2023-10-26,70.0,0.0,0.0,76.0,70.0,71.0,1.0,58951800.0,4304683000.0,3762.0,71.0,72.0,703600.0,71.0,64600.0,2149931951.0,845075951.0,700012772.0,0.0,0.0,,0.0,0.0,0.0
2023-10-27,71.0,0.0,0.0,83.0,72.0,78.0,7.0,153006800.0,11964584500.0,7599.0,78.0,79.0,605800.0,78.0,1014100.0,2149931971.0,845075971.0,700012772.0,0.0,296900.0,,0.0,0.0,0.0
2023-10-30,78.0,0.0,0.0,79.0,70.0,71.0,-7.0,37614300.0,2785535900.0,2338.0,71.0,71.0,405000.0,70.0,1785000.0,2149932071.0,845076071.0,700012772.0,296900.0,83100.0,,0.0,0.0,0.0
2023-10-31,71.0,0.0,0.0,72.0,67.0,70.0,-1.0,22408500.0,1550718700.0,1345.0,70.0,71.0,189600.0,70.0,1165600.0,2149932071.0,845076071.0,700012772.0,0.0,19900.0,,0.0,0.0,0.0
2023-11-01,70.0,0.0,0.0,72.0,64.0,66.0,-4.0,18412200.0,1237549700.0,1225.0,66.0,66.0,771400.0,65.0,66400.0,2149932131.0,845076131.0,700012772.0,19900.0,35900.0,,0.0,0.0,0.0
2023-11-02,66.0,0.0,0.0,71.0,66.0,68.0,2.0,17473900.0,1198686200.0,1011.0,68.0,68.0,223400.0,67.0,1810100.0,2149932131.0,845076131.0,700012772.0,35900.0,81800.0,,0.0,0.0,0.0
2023-11-03,68.0,0.0,0.0,69.0,65.0,67.0,-1.0,6673100.0,449421100.0,585.0,67.0,67.0,61200.0,66.0,1704800.0,2149932131.0,845076131.0,700012772.0,25100.0,36300.0,,0.0,0.0,0.0
2023-11-06,67.0,0.0,0.0,70.0,67.0,68.0,1.0,9572000.0,647294800.0,650.0,68.0,69.0,550000.0,68.0,19500.0,2149932151.0,845076151.0,700012772.0,2000.0,42700.0,,0.0,0.0,0.0
2023-11-07,68.0,0.0,0.0,69.0,66.0,67.0,-1.0,9173100.0,615807100.0,547.0,67.0,68.0,451800.0,67.0,363800.0,2149932291.0,845076291.0,700012772.0,52500.0,8900.0,,0.0,0.0,0.0
2023-11-08,67.0,0.0,0.0,68.0,65.0,67.0,0.0,6803300.0,449727800.0,712.0,67.0,67.0,11900.0,66.0,1621200.0,2149932311.0,845076311.0,700012772.0,33400.0,1100.0,,0.0,0.0,0.0
2023-11-09,67.0,0.0,0.0,68.0,65.0,67.0,0.0,9812200.0,652417300.0,530.0,67.0,67.0,99400.0,66.0,479500.0,2149932511.0,845076511.0,700012772.0,1100.0,33300.0,,0.0,0.0,0.0
2023-11-10,67.0,0.0,0.0,68.0,65.0,66.0,-1.0,6054000.0,399256800.0,485.0,66.0,66.0,890200.0,65.0,1393100.0,2149932731.0,845076731.0,700012772.0,33300.0,0.0,,0.0,0.0,0.0
2023-11-13,66.0,0.0,0.0,67.0,61.0,63.0,-3.0,16701900.0,1059870600.0,1155.0,63.0,63.0,139400.0,62.0,1714700.0,2149933051.0,845077051.0,700012772.0,0.0,0.0,,0.0,0.0,0.0
2023-11-14,63.0,0.0,0.0,65.0,62.0,63.0,0.0,6126800.0,387600000.0,662.0,63.0,64.0,735300.0,63.0,137300.0,2149933151.0,845077151.0,700012772.0,0.0,0.0,,0.0,0.0,0.0
2023-11-15,63.0,0.0,0.0,74.0,63.0,70.0,7.0,89417400.0,6249280600.0,5293.0,70.0,70.0,198100.0,69.0,457800.0,2149933151.0,845077151.0,700012772.0,0.0,84400.0,,0.0,0.0,0.0
2023-11-16,70.0,0.0,0.0,71.0,67.0,67.0,-3.0,15739600.0,1076125300.0,1204.0,67.0,67.0,162700.0,66.0,1237800.0,2149933191.0,845077191.0,700012772.0,0.0,0.0,,0.0,0.0,0.0
2023-11-17,67.0,0.0,0.0,69.0,66.0,66.0,-1.0,7962100.0,532646200.0,719.0,66.0,67.0,361600.0,66.0,787600.0,2149933211.0,845077211.0,700012772.0,0.0,0.0,,0.0,0.0,0.0
2023-11-20,66.0,0.0,0.0,67.0,63.0,64.0,-2.0,10502900.0,676951600.0,752.0,64.0,65.0,236100.0,64.0,813700.0,2149933251.0,845077251.0,700012772.0,0.0,97900.0,,0.0,0.0,0.0
2023-11-21,64.0,0.0,0.0,66.0,64.0,64.0,0.0,4372200.0,283458600.0,477.0,64.0,65.0,280100.0,64.0,1355300.0,2149933251.0,845077251.0,700012772.0,0.0,200.0,,400.0,26400.0,1.0
2023-11-22,64.0,0.0,0.0,65.0,61.0,62.0,-2.0,16648000.0,1041666700.0,899.0,62.0,63.0,579200.0,62.0,990700.0,2149933272.0,845077272.0,700012772.0,61800.0,62100.0,,0.0,0.0,0.0
2023-11-23,62.0,0.0,0.0,65.0,62.0,63.0,1.0,9028600.0,571740700.0,528.0,63.0,63.0,143000.0,62.0,2733500.0,2149933292.0,845077292.0,700012772.0,0.0,107800.0,,0.0,0.0,0.0
2023-11-24,63.0,0.0,0.0,64.0,61.0,63.0,0.0,6166200.0,385407600.0,501.0,63.0,63.0,244500.0,62.0,1669600.0,2149933312.0,845077312.0,700012772.0,700.0,97100.0,,0.0,0.0,0.0
2023-11-27,63.0,0.0,0.0,65.0,62.0,64.0,1.0,9151500.0,582229800.0,469.0,64.0,65.0,707600.0,64.0,83300.0,2149933332.0,845077332.0,700012772.0,5100.0,916800.0,,0.0,0.0,0.0
2023-11-28,64.0,0.0,0.0,65.0,63.0,64.0,0.0,4578100.0,291466900.0,325.0,64.0,65.0,872800.0,64.0,1500.0,2149933352.0,845077352.0,700012772.0,7000.0,179200.0,,0.0,0.0,0.0
2023-11-29,64.0,0.0,0.0,65.0,63.0,63.0,-1.0,5941900.0,378289300.0,741.0,63.0,64.0,211200.0,63.0,1153500.0,2149933352.0,845077352.0,700012772.0,265600.0,0.0,,0.0,0.0,0.0
2023-11-30,63.0,0.0,0.0,69.0,63.0,66.0,3.0,30825000.0,2062867000.0,1959.0,66.0,67.0,937000.0,66.0,299000.0,2149933352.0,845077352.0,700012772.0,212500.0,745600.0,,0.0,0.0,0.0
2023-12-01,66.0,0.0,0.0,71.0,65.0,67.0,1.0,37539200.0,2547476900.0,1924.0,67.0,68.0,862500.0,67.0,20500.0,2149933412.0,845077412.0,700012772.0,594700.0,733100.0,,0.0,0.0,0.0
2023-12-04,67.0,0.0,0.0,68.0,63.0,65.0,-2.0,11973500.0,776811100.0,748.0,65.0,66.0,281100.0,65.0,874800.0,2149933472.0,845077472.0,700012772.0,7600.0,1188200.0,,0.0,0.0,0.0
2023-12-05,65.0,0.0,0.0,66.0,63.0,65.0,0.0,6358900.0,408567400.0,416.0,65.0,65.0,960300.0,64.0,87200.0,2149933492.0,845077492.0,700012772.0,4000.0,223900.0,,0.0,0.0,0.0
2023-12-06,65.0,0.0,0.0,65.0,63.0,63.0,-2.0,8009400.0,511365700.0,484.0,63.0,64.0,62400.0,63.0,2157100.0,2149933632.0,845077632.0,700012772.0,0.0,267100.0,,0.0,0.0,0.0
2023-12-07,63.0,0.0,0.0,65.0,60.0,61.0,-2.0,18050400.0,1106032100.0,924.0,61.0,62.0,1523900.0,61.0,385800.0,2149933632.0,845077632.0,700012772.0,429200.0,210000.0,,0.0,0.0,0.0
2023-12-08,61.0,0.0,0.0,62.0,60.0,61.0,0.0,7575000.0,462571900.0,405.0,61.0,62.0,329300.0,61.0,690700.0,2149933812.0,845077812.0,700012772.0,88300.0,0.0,,0.0,0.0,0.0
2023-12-11,61.0,0.0,0.0,64.0,59.0,59.0,-2.0,10853700.0,658527400.0,643.0,59.0,60.0,187200.0,59.0,207200.0,2149933852.0,845077852.0,700012772.0,0.0,0.0,,0.0,0.0,0.0
2023-12-12,59.0,0.0,0.0,61.0,59.0,61.0,2.0,4097700.0,246012500.0,435.0,61.0,61.0,701300.0,60.0,200.0,2149933879.0,845077879.0,700012772.0,1022700.0,0.0,,0.0,0.0,0.0
2023-12-13,61.0,0.0,0.0,62.0,58.0,59.0,-2.0,6860900.0,411039500.0,527.0,59.0,60.0,506200.0,59.0,12300.0,2149933879.0,845077879.0,700012772.0,1361800.0,600.0,,0.0,0.0,0.0
2023-12-14,59.0,0.0,0.0,60.0,58.0,59.0,0.0,4648200.0,271423800.0,357.0,59.0,59.0,1297900.0,58.0,1051300.0,2149933979.0,845077979.0,700012772.0,200000.0,1500.0,,0.0,0.0,0.0
2023-12-15,59.0,0.0,0.0,59.0,56.0,57.0,-2.0,17920600.0,1025642300.0,798.0,57.0,58.0,700300.0,57.0,2697000.0,2149934179.0,845078179.0,700012772.0,0.0,2600.0,,0.0,0.0,0.0
2023-12-18,57.0,0.0,0.0,58.0,55.0,57.0,0.0,9567700.0,536367700.0,603.0,57.0,57.0,1084500.0,56.0,110800.0,2149934179.0,845078179.0,700012772.0,0.0,11700.0,,0.0,0.0,0.0
2023-12-19,57.0,0.0,0.0,58.0,56.0,57.0,0.0,6521000.0,368298100.0,331.0,57.0,57.0,717300.0,56.0,1236300.0,2149934320.0,845078320.0,700012772.0,100.0,1100.0,,0.0,0.0,0.0
2023-12-20,57.0,0.0,0.0,58.0,56.0,57.0,0.0,5750400.0,326161800.0,344.0,57.0,58.0,808600.0,57.0,314900.0,2149934320.0,845078320.0,700012772.0,17100.0,0.0,,0.0,0.0,0.0
2023-12-21,57.0,0.0,0.0,68.0,56.0,61.0,4.0,73944000.0,4595970700.0,4312.0,61.0,62.0,122700.0,61.0,603200.0,2149934320.0,845078320.0,700012772.0,0.0,0.0,,0.0,0.0,0.0
2023-12-22,61.0,0.0,0.0,63.0,59.0,60.0,-1.0,11161100.0,671762800.0,778.0,60.0,61.0,699700.0,60.0,1129800.0,2149934340.0,845078340.0,700012772.0,0.0,0.0,,0.0,0.0,0.0
2023-12-27,60.0,0.0,0.0,65.0,60.0,62.0,2.0,19524100.0,1221855500.0,1404.0,62.0,62.0,1532600.0,61.0,222100.0,2149934380.0,845078380.0,700012772.0,0.0,0.0,,0.0,0.0,0.0
2023-12-28,62.0,0.0,0.0,63.0,60.0,60.0,-2.0,6854600.0,418565800.0,406.0,60.0,62.0,1101800.0,60.0,2247900.0,2149934380.0,845078380.0,700012772.0,0.0,0.0,,0.0,0.0,0.0
2023-12-29,60.0,0.0,0.0,63.0,60.0,61.0,1.0,6118800.0,373619900.0,445.0,61.0,61.0,287100.0,60.0,448500.0,2149934420.0,845078420.0,700012772.0,0.0,1750100.0,,0.0,0.0,0.0
2024-01-02,61.0,0.0,0.0,62.0,60.0,61.0,0.0,4710100.0,287301400.0,351.0,61.0,61.0,314100.0,60.0,1943300.0,2149934600.0,845078600.0,700018615.0,0.0,0.0,,0.0,0.0,0.0
2024-01-03,61.0,0.0,0.0,66.0,60.0,61.0,0.0,23665700.0,1479373000.0,822.0,61.0,62.0,1088500.0,61.0,1129000.0,2149934600.0,845078600.0,700018615.0,0.0,0.0,,0.0,0.0,0.0
2024-01-04,61.0,0.0,0.0,62.0,60.0,61.0,0.0,5086900.0,310438600.0,276.0,61.0,62.0,1236900.0,61.0,375100.0,2149934620.0,845078620.0,700018615.0,0.0,0.0,,0.0,0.0,0.0
2024-01-05,61.0,0.0,0.0,62.0,60.0,60.0,-1.0,6095500.0,368620400.0,318.0,60.0,61.0,341100.0,60.0,1329500.0,2149935180.0,845079180.0,700018615.0,0.0,0.0,,0.0,0.0,0.0
2024-01-08,60.0,0.0,0.0,61.0,59.0,60.0,0.0,5700500.0,341241200.0,306.0,60.0,60.0,1077700.0,59.0,1270400.0,2149935180.0,845079180.0,700018615.0,0.0,0.0,,0.0,0.0,0.0
2024-01-09,60.0,0.0,0.0,60.0,58.0,60.0,0.0,5937300.0,351127600.0,492.0,60.0,60.0,808600.0,59.0,295400.0,2149935280.0,845079280.0,700018615.0,0.0,0.0,,0.0,0.0,0.0
2024-01-10,60.0,0.0,0.0,60.0,58.0,59.0,-1.0,4031900.0,238007300.0,260.0,59.0,60.0,1526300.0,59.0,504100.0,2149935320.0,845079320.0,700018615.0,800100.0,0.0,,0.0,0.0,0.0
2024-01-11,59.0,0.0,0.0,60.0,57.0,58.0,-1.0,9950900.0,574624100.0,455.0,58.0,59.0,558200.0,58.0,769300.0,2149935360.0,845079360.0,700018615.0,0.0,0.0,,0.0,0.0,0.0
2024-01-12,58.0,0.0,0.0,59.0,56.0,58.0,0.0,8745100.0,500309200.0,443.0,58.0,58.0,637600.0,57.0,359400.0,2149935420.0,845079420.0,700018615.0,0.0,0.0,,0.0,0.0,0.0
2024-01-15,58.0,0.0,0.0,58.0,55.0,56.0,-2.0,12929100.0,726681400.0,689.0,56.0,57.0,432000.0,56.0,295800.0,2149935420.0,845079420.0,700018615.0,0.0,0.0,,0.0,0.0,0.0
2024-01-16,56.0,0.0,0.0,57.0,50.0,57.0,1.0,7976000.0,441141700.0,448.0,57.0,57.0,927400.0,56.0,900800.0,2149941640.0,845085640.0,700018615.0,0.0,0.0,,0.0,0.0,0.0
2024-01-17,57.0,0.0,0.0,57.0,56.0,56.0,-1.0,1869900.0,105495800.0,166.0,56.0,57.0,1475900.0,56.0,701500.0,2149941780.0,845085780.0,700018615.0,0.0,0.0,,0.0,0.0,0.0
2024-01-18,56.0,0.0,0.0,58.0,56.0,58.0,2.0,5728400.0,325476400.0,493.0,58.0,58.0,2343800.0,57.0,475000.0,2149941980.0,845085980.0,700018615.0,0.0,0.0,,0.0,0.0,0.0
2024-01-19,58.0,0.0,0.0,59.0,56.0,57.0,-1.0,3378800.0,192694600.0,238.0,57.0,58.0,338400.0,57.0,55100.0,2149942120.0,2149942120.0,700018615.0,0.0,0.0,,0.0,0.0,0.0
2024-01-22,57.0,0.0,0.0,58.0,56.0,56.0,-1.0,2092800.0,117536800.0,183.0,56.0,57.0,387800.0,56.0,1134100.0,2149942162.0,2149942162.0,700018615.0,0.0,0.0,,0.0,0.0,0.0
2024-01-23,56.0,0.0,0.0,58.0,56.0,57.0,1.0,2122500.0,120327600.0,329.0,57.0,57.0,671800.0,56.0,846100.0,2149942262.0,2149942262.0,700018615.0,0.0,200000.0,,0.0,0.0,0.0
2024-01-24,57.0,0.0,0.0,58.0,56.0,57.0,0.0,3235700.0,182004300.0,417.0,57.0,57.0,1064300.0,56.0,186700.0,2149942282.0,2149942282.0,700018615.0,0.0,0.0,,0.0,0.0,0.0
2024-01-25,57.0,0.0,0.0,57.0,56.0,56.0,-1.0,1404000.0,78669000.0,257.0,56.0,57.0,1339600.0,56.0,335100.0,2149942282.0,2149942282.0,700018615.0,0.0,0.0,,0.0,0.0,0.0
2024-01-26,56.0,0.0,0.0,57.0,55.0,55.0,-1.0,3888900.0,214627300.0,293.0,55.0,56.0,991700.0,55.0,39500.0,2149942282.0,2149942282.0,700018615.0,0.0,0.0,,0.0,0.0,0.0
2024-01-29,55.0,0.0,0.0,56.0,54.0,54.0,-1.0,3489500.0,190269200.0,425.0,54.0,55.0,51500.0,54.0,836800.0,2149942282.0,2149942282.0,700018615.0,0.0,0.0,,0.0,0.0,0.0
2024-01-30,54.0,0.0,0.0,55.0,53.0,54.0,0.0,3920100.0,211122200.0,241.0,54.0,55.0,1124900.0,54.0,529400.0,2149942974.0,2149942974.0,700018615.0,0.0,0.0,,0.0,0.0,0.0
2024-01-31,54.0,0.0,0.0,58.0,53.0,56.0,2.0,7583700.0,424516300.0,483.0,56.0,56.0,994500.0,55.0,402700.0,2149942974.0,2149942974.0,700018615.0,0.0,0.0,,0.0,0.0,0.0
2024-02-01,56.0,0.0,0.0,56.0,54.0,55.0,-1.0,1954300.0,106091700.0,204.0,55.0,55.0,1053800.0,54.0,949800.0,2149942974.0,2149942974.0,700018615.0,0.0,0.0,,0.0,0.0,0.0
2024-02-02,55.0,0.0,0.0,55.0,53.0,54.0,-1.0,1909300.0,103059700.0,172.0,54.0,54.0,694800.0,53.0,2244300.0,2149942974.0,2149942974.0,700018615.0,0.0,0.0,,0.0,0.0,0.0
2024-02-05,54.0,0.0,0.0,54.0,51.0,52.0,-2.0,7814700.0,407828200.0,477.0,52.0,52.0,536200.0,51.0,1728800.0,2149942974.0,2149942974.0,700018615.0,1750000.0,101100.0,,0.0,0.0,0.0
2024-02-06,52.0,0.0,0.0,52.0,50.0,51.0,-1.0,14792700.0,754173800.0,616.0,51.0,52.0,1082000.0,51.0,255500.0,2149942974.0,2149942974.0,700018615.0,0.0,0.0,,0.0,0.0,0.0
2024-02-07,51.0,0.0,0.0,52.0,50.0,51.0,0.0,9544300.0,481269100.0,403.0,51.0,51.0,1131700.0,50.0,9915500.0,2149942974.0,2149942974.0,700018615.0,0.0,0.0,,0.0,0.0,0.0
2024-02-12,51.0,0.0,0.0,52.0,50.0,51.0,0.0,16216400.0,814268600.0,631.0,51.0,51.0,603100.0,50.0,12243400.0,2149942974.0,2149942974.0,700018615.0,0.0,21100.0,,0.0,0.0,0.0
2024-02-13,51.0,0.0,0.0,51.0,50.0,50.0,-1.0,7033200.0,351820500.0,321.0,50.0,51.0,1910900.0,50.0,792600.0,2149942974.0,2149942974.0,700018615.0,0.0,0.0,,0.0,0.0,0.0
2024-02-15,50.0,0.0,0.0,51.0,50.0,50.0,0.0,3627900.0,182258500.0,157.0,50.0,51.0,1848800.0,50.0,3763400.0,2149942974.0,2149942974.0,700018615.0,0.0,0.0,,0.0,0.0,0.0
2024-02-16,50.0,0.0,0.0,63.0,50.0,54.0,4.0,99596800.0,5828861800.0,6112.0,54.0,55.0,436200.0,54.0,1726700.0,2149942974.0,2149942974.0,700018615.0,122000.0,2158400.0,,0.0,0.0,0.0
2024-02-19,54.0,0.0,0.0,55.0,51.0,54.0,0.0,13111400.0,687049300.0,925.0,54.0,54.0,822300.0,53.0,2889300.0,2149942974.0,2149942974.0,700018615.0,200.0,1897300.0,,0.0,0.0,0.0
2024-02-20,54.0,0.0,0.0,54.0,52.0,53.0,-1.0,3747700.0,198516700.0,320.0,53.0,54.0,599600.0,53.0,1954400.0,2149942974.0,2149942974.0,700018615.0,0.0,1473500.0,,0.0,0.0,0.0
2024-02-21,53.0,0.0,0.0,54.0,51.0,52.0,-1.0,4918900.0,256445700.0,344.0,52.0,52.0,443600.0,51.0,3928100.0,2149942974.0,2149942974.0,700018615.0,0.0,10000.0,,0.0,0.0,0.0
2024-02-22,52.0,0.0,0.0,53.0,51.0,53.0,1.0,3090700.0,160622700.0,245.0,53.0,53.0,1047700.0,52.0,257200.0,2149942974.0,2149942974.0,700018615.0,0.0,0.0,,0.0,0.0,0.0
2024-02-23,53.0,0.0,0.0,57.0,52.0,54.0,1.0,11661300.0,638021100.0,881.0,54.0,55.0,490700.0,54.0,89300.0,2149942974.0,2149942974.0,700018615.0,188900.0,200.0,,0.0,0.0,0.0
2024-02-26,54.0,0.0,0.0,56.0,53.0,55.0,1.0,4621000.0,252151200.0,326.0,55.0,56.0,305000.0,55.0,2012300.0,2149942974.0,2149942974.0,700018615.0,0.0,2200300.0,,0.0,0.0,0.0
2024-02-27,55.0,0.0,0.0,60.0,55.0,55.0,0.0,12454700.0,712377500.0,927.0,55.0,56.0,6000.0,55.0,1590600.0,2149942974.0,2149942974.0,700018615.0,0.0,200.0,,0.0,0.0,0.0
2024-02-28,55.0,0.0,0.0,61.0,55.0,59.0,4.0,27387800.0,1605635400.0,1416.0,59.0,60.0,3052400.0,59.0,288400.0,2149942974.0,2149942974.0,700018615.0,0.0,0.0,,0.0,0.0,0.0
2024-02-29,59.0,0.0,0.0,61.0,55.0,56.0,-3.0,13979800.0,805801800.0,652.0,56.0,57.0,940000.0,56.0,36100.0,2149942974.0,2149942974.0,700018615.0,400000.0,0.0,,0.0,0.0,0.0
2024-03-01,56.0,0.0,0.0,57.0,55.0,56.0,0.0,4171100.0,233589600.0,261.0,56.0,56.0,114800.0,55.0,2379500.0,2149942974.0,2149942974.0,700018615.0,0.0,0.0,,0.0,0.0,0.0
2024-03-04,56.0,0.0,0.0,57.0,52.0,52.0,-4.0,12364500.0,658568100.0,652.0,52.0,53.0,47500.0,52.0,970600.0,2149942974.0,2149942974.0,700018615.0,0.0,0.0,,0.0,0.0,0.0
2024-03-05,52.0,0.0,0.0,55.0,52.0,53.0,1.0,3006800.0,159419200.0,297.0,53.0,53.0,343700.0,52.0,2831100.0,2149942974.0,2149942974.0,700018615.0,0.0,0.0,,0.0,0.0,0.0
2024-03-06,53.0,0.0,0.0,55.0,52.0,54.0,1.0,3581200.0,191702300.0,221.0,54.0,54.0,265800.0,53.0,1536000.0,2149942974.0,2149942974.0,700018615.0,0.0,0.0,,0.0,0.0,0.0
2024-03-07,54.0,0.0,0.0,54.0,53.0,53.0,-1.0,1278100.0,68071300.0,163.0,53.0,54.0,1217100.0,53.0,621100.0,2149942974.0,2149942974.0,700018615.0,1300.0,0.0,,0.0,0.0,0.0
2024-03-08,53.0,0.0,0.0,54.0,52.0,53.0,0.0,2789400.0,147730900.0,192.0,53.0,53.0,1683400.0,52.0,3556100.0,2149942974.0,2149942974.0,700018615.0,0.0,0.0,,0.0,0.0,0.0
2024-03-13,53.0,0.0,0.0,54.0,51.0,53.0,0.0,2550200.0,134116800.0,233.0,53.0,54.0,1048600.0,53.0,2782200.0,2149942974.0,2149942974.0,700018615.0,0.0,0.0,,0.0,0.0,0.0
2024-03-14,53.0,0.0,0.0,55.0,52.0,54.0,1.0,2047600.0,109563600.0,150.0,54.0,54.0,143900.0,53.0,1668000.0,2149942974.0,2149942974.0,700018615.0,248800.0,0.0,,0.0,0.0,0.0
2024-03-15,54.0,0.0,0.0,54.0,52.0,53.0,-1.0,3585300.0,190096700.0,166.0,53.0,53.0,53500.0,52.0,2410300.0,2149942974.0,2149942974.0,700018615.0,0.0,0.0,,0.0,0.0,0.0
2024-03-18,53.0,0.0,0.0,55.0,53.0,53.0,0.0,5982700.0,321217200.0,172.0,53.0,54.0,300500.0,53.0,2574500.0,2149942974.0,2149942974.0,700018615.0,102300.0,3300000.0,,0.0,0.0,0.0
2024-03-19,53.0,0.0,0.0,56.0,53.0,53.0,0.0,3282800.0,178159300.0,251.0,53.0,54.0,22000.0,53.0,2344300.0,2149942974.0,2149942974.0,700018615.0,3600.0,0.0,,0.0,0.0,0.0
2024-03-20,53.0,0.0,0.0,55.0,53.0,53.0,0.0,1936800.0,103930900.0,168.0,53.0,54.0,34000.0,53.0,3290600.0,2149942974.0,2149942974.0,700018615.0,100.0,200000.0,,0.0,0.0,0.0
2024-03-21,53.0,0.0,0.0,58.0,53.0,55.0,2.0,9725500.0,542753600.0,717.0,55.0,55.0,391000.0,54.0,1231200.0,2149942974.0,2149942974.0,700018615.0,0.0,17000.0,,0.0,0.0,0.0
2024-03-22,55.0,0.0,0.0,56.0,55.0,55.0,0.0,2231000.0,123864700.0,194.0,55.0,56.0,388800.0,55.0,1072500.0,2149942974.0,2149942974.0,700018615.0,0.0,0.0,,0.0,0.0,0.0
2024-03-25,55.0,0.0,0.0,57.0,55.0,56.0,1.0,3458600.0,192480900.0,243.0,56.0,57.0,880300.0,55.0,941900.0,2149942974.0,2149942974.0,700018615.0,0.0,0.0,,0.0,0.0,0.0
2024-03-26,56.0,0.0,0.0,57.0,55.0,55.0,-1.0,2650900.0,146404400.0,504.0,55.0,56.0,1100100.0,55.0,16900.0,2149942974.0,2149942974.0,700018615.0,200000.0,0.0,,0.0,0.0,0.0
2024-03-27,55.0,0.0,0.0,56.0,53.0,54.0,-1.0,2730500.0,147113300.0,177.0,54.0,54.0,660800.0,53.0,2199600.0,2149942974.0,2149942974.0,700018615.0,0.0,0.0,,0.0,0.0,0.0
2024-03-28,54.0,0.0,0.0,55.0,52.0,53.0,-1.0,6101600.0,325242100.0,207.0,53.0,54.0,1203800.0,53.0,499100.0,2149942974.0,2149942974.0,700018615.0,0.0,0.0,,0.0,0.0,0.0
2024-04-01,53.0,0.0,0.0,53.0,50.0,51.0,-2.0,7553700.0,387926700.0,332.0,51.0,52.0,1673600.0,51.0,2799600.0,2149942974.0,2149942974.0,700021432.0,0.0,0.0,,0.0,0.0,0.0
2024-04-02,51.0,0.0,0.0,52.0,50.0,51.0,0.0,4864500.0,246183700.0,256.0,51.0,51.0,1895000.0,50.0,5667500.0,2149942974.0,2149942974.0,700021432.0,0.0,0.0,,0.0,0.0,0.0
2024-04-03,51.0,0.0,0.0,51.0,50.0,50.0,-1.0,11952900.0,598056900.0,530.0,50.0,51.0,2346800.0,50.0,14800.0,2149942974.0,2149942974.0,700021432.0,0.0,500000.0,,0.0,0.0,0.0
2024-04-04,50.0,0.0,0.0,51.0,50.0,51.0,1.0,5556900.0,277882200.0,326.0,51.0,51.0,2847300.0,50.0,14100.0,2149942974.0,2149942974.0,700021432.0,500000.0,0.0,,0.0,0.0,0.0
2024-04-05,51.0,0.0,0.0,51.0,50.0,50.0,-1.0,6847400.0,343503500.0,290.0,50.0,51.0,1434200.0,50.0,74000.0,2149942974.0,2149942974.0,700021432.0,0.0,10000.0,,0.0,0.0,0.0
2024-04-16,50.0,0.0,0.0,51.0,50.0,50.0,0.0,3445300.0,172402300.0,246.0,50.0,51.0,2615100.0,50.0,36900.0,2149942974.0,2149942974.0,700021432.0,32200.0,0.0,,0.0,0.0,0.0
2024-04-17,50.0,0.0,0.0,51.0,50.0,50.0,0.0,3368300.0,168691900.0,285.0,50.0,50.0,12300.0,0.0,0.0,2149942974.0,2149942974.0,700021432.0,0.0,0.0,,0.0,0.0,0.0
2024-04-18,50.0,0.0,0.0,51.0,50.0,50.0,0.0,894000.0,44749800.0,221.0,50.0,50.0,432900.0,0.0,0.0,2149942974.0,2149942974.0,700021432.0,0.0,10000.0,,0.0,0.0,0.0
2024-04-19,50.0,0.0,0.0,50.0,50.0,50.0,0.0,313000.0,15650000.0,65.0,50.0,50.0,1976700.0,0.0,0.0,2149942974.0,2149942974.0,700021432.0,0.0,0.0,,0.0,0.0,0.0
2024-04-22,50.0,0.0,0.0,50.0,50.0,50.0,0.0,397600.0,19880000.0,67.0,50.0,50.0,1694700.0,0.0,0.0,2149942974.0,2149942974.0,700021432.0,0.0,0.0,,0.0,0.0,0.0
2024-04-23,50.0,0.0,0.0,50.0,50.0,50.0,0.0,773800.0,38690000.0,54.0,50.0,50.0,4678300.0,0.0,0.0,2149942974.0,2149942974.0,700021432.0,0.0,0.0,,0.0,0.0,0.0
2024-04-24,50.0,0.0,0.0,54.0,50.0,51.0,1.0,15983200.0,815974400.0,985.0,51.0,51.0,964900.0,50.0,1340500.0,2149942974.0,2149942974.0,700021432.0,0.0,0.0,,0.0,0.0,0.0
2024-04-25,51.0,0.0,0.0,53.0,50.0,51.0,0.0,14885100.0,747253800.0,327.0,51.0,51.0,2975700.0,50.0,1540100.0,2149942974.0,2149942974.0,700021432.0,0.0,0.0,,0.0,0.0,0.0
2024-04-26,51.0,0.0,0.0,51.0,50.0,50.0,-1.0,2722000.0,136355100.0,196.0,50.0,50.0,664300.0,0.0,0.0,2149942974.0,2149942974.0,700021432.0,0.0,0.0,,0.0,0.0,0.0
2024-04-29,50.0,0.0,0.0,51.0,50.0,50.0,0.0,1657200.0,82978700.0,180.0,50.0,51.0,3731000.0,50.0,1222700.0,2149942974.0,2149942974.0,700021432.0,0.0,0.0,,0.0,0.0,0.0
2024-04-30,50.0,0.0,0.0,51.0,50.0,50.0,0.0,7248200.0,363731200.0,646.0,50.0,51.0,4763800.0,50.0,29000.0,2149942974.0,2149942974.0,700021432.0,1450000.0,10000.0,,0.0,0.0,0.0
2024-05-02,50.0,0.0,0.0,50.0,50.0,50.0,0.0,1277900.0,63895000.0,131.0,50.0,50.0,1388200.0,0.0,0.0,2149942974.0,2149942974.0,700021432.0,0.0,0.0,,0.0,0.0,0.0
2024-05-03,50.0,0.0,0.0,50.0,50.0,50.0,0.0,464500.0,23225000.0,251.0,50.0,50.0,1746200.0,0.0,0.0,2149942974.0,2149942974.0,700021432.0,0.0,0.0,,0.0,0.0,0.0
2024-05-06,50.0,0.0,0.0,50.0,50.0,50.0,0.0,393500.0,19675000.0,89.0,50.0,50.0,2484900.0,0.0,0.0,2149942974.0,2149942974.0,700021432.0,0.0,0.0,,0.0,0.0,0.0
2024-05-07,50.0,0.0,0.0,50.0,50.0,50.0,0.0,640900.0,32045000.0,67.0,50.0,50.0,1652500.0,0.0,0.0,2149942974.0,2149942974.0,700021432.0,0.0,0.0,,0.0,0.0,0.0
2024-05-08,50.0,0.0,0.0,50.0,50.0,50.0,0.0,289400.0,14470000.0,57.0,50.0,50.0,3771000.0,0.0,0.0,2149942974.0,2149942974.0,700021432.0,0.0,0.0,,0.0,0.0,0.0
2024-05-13,50.0,0.0,0.0,50.0,50.0,50.0,0.0,331300.0,16565000.0,63.0,50.0,50.0,4820500.0,0.0,0.0,2149942974.0,2149942974.0,700021432.0,0.0,0.0,,0.0,0.0,0.0
2024-05-14,50.0,0.0,0.0,50.0,50.0,50.0,0.0,1266900.0,63345000.0,45.0,50.0,50.0,4139200.0,0.0,0.0,2149942974.0,2149942974.0,700021432.0,0.0,0.0,,0.0,0.0,0.0
2024-05-15,50.0,0.0,0.0,50.0,50.0,50.0,0.0,179400.0,8970000.0,49.0,50.0,50.0,3245900.0,0.0,0.0,2149942974.0,2149942974.0,700021432.0,0.0,0.0,,0.0,0.0,0.0
2024-05-16,50.0,0.0,0.0,50.0,50.0,50.0,0.0,371000.0,18550000.0,64.0,50.0,50.0,2910200.0,0.0,0.0,2149942974.0,2149942974.0,700021432.0,0.0,4000.0,,0.0,0.0,0.0
2024-05-17,50.0,0.0,0.0,50.0,50.0,50.0,0.0,555700.0,27785000.0,45.0,50.0,50.0,3931700.0,0.0,0.0,2149942974.0,2149942974.0,700021432.0,0.0,0.0,,0.0,0.0,0.0
2024-05-20,50.0,0.0,0.0,51.0,50.0,50.0,0.0,2557000.0,127850200.0,200.0,50.0,50.0,736100.0,0.0,0.0,2149942974.0,2149942974.0,700021432.0,0.0,0.0,,0.0,0.0,0.0
2024-05-21,50.0,0.0,0.0,50.0,50.0,50.0,0.0,277100.0,13855000.0,39.0,50.0,50.0,2315600.0,0.0,0.0,2149942974.0,2149942974.0,700021432.0,0.0,0.0,,0.0,0.0,0.0
2024-05-22,50.0,0.0,0.0,50.0,50.0,50.0,0.0,372300.0,18615000.0,59.0,50.0,50.0,1161100.0,0.0,0.0,2149942974.0,2149942974.0,700021432.0,0.0,0.0,,0.0,0.0,0.0
2024-05-27,50.0,0.0,0.0,50.0,50.0,50.0,0.0,410300.0,20515000.0,73.0,50.0,50.0,3986300.0,0.0,0.0,2149942974.0,2149942974.0,700021432.0,0.0,0.0,,0.0,0.0,0.0
2024-05-28,50.0,0.0,0.0,50.0,50.0,50.0,0.0,1375100.0,68755000.0,51.0,50.0,50.0,2742900.0,0.0,0.0,2149942974.0,2149942974.0,700021432.0,0.0,0.0,,0.0,0.0,0.0
2024-05-29,50.0,0.0,0.0,50.0,50.0,50.0,0.0,195000.0,9750000.0,28.0,50.0,50.0,2643000.0,0.0,0.0,2149942974.0,2149942974.0,700021432.0,0.0,0.0,,0.0,0.0,0.0
2024-05-30,50.0,0.0,0.0,50.0,50.0,50.0,0.0,468200.0,23410000.0,73.0,50.0,50.0,4173100.0,0.0,0.0,2149942974.0,2149942974.0,700021432.0,0.0,0.0,,0.0,0.0,0.0
2024-05-31,50.0,0.0,0.0,50.0,50.0,50.0,0.0,257700.0,12885000.0,68.0,50.0,50.0,5374100.0,0.0,0.0,2149942974.0,2149942974.0,700021432.0,0.0,0.0,,0.0,0.0,0.0
2024-06-03,50.0,0.0,0.0,50.0,50.0,50.0,0.0,496900.0,24845000.0,49.0,50.0,50.0,10139900.0,0.0,0.0,2149942974.0,2149942974.0,700021432.0,0.0,0.0,,0.0,0.0,0.0
2024-06-04,50.0,0.0,0.0,50.0,50.0,50.0,0.0,5361300.0,268065000.0,150.0,50.0,50.0,4674900.0,0.0,0.0,2149942974.0,2149942974.0,700021432.0,0.0,0.0,,0.0,0.0,0.0
2024-06-05,50.0,0.0,0.0,50.0,50.0,50.0,0.0,144600.0,7230000.0,16.0,50.0,50.0,3622200.0,0.0,0.0,2149942974.0,2149942974.0,700021432.0,0.0,0.0,,0.0,0.0,0.0
2024-06-06,50.0,0.0,0.0,50.0,50.0,50.0,0.0,111700.0,5585000.0,12.0,50.0,50.0,7783600.0,0.0,0.0,2149942974.0,2149942974.0,700021432.0,0.0,0.0,,0.0,0.0,0.0
2024-06-07,50.0,0.0,0.0,50.0,50.0,50.0,0.0,108200.0,5410000.0,18.0,50.0,50.0,8771000.0,0.0,0.0,2149942974.0,2149942974.0,700021432.0,0.0,0.0,,0.0,0.0,0.0
2024-06-10,50.0,0.0,0.0,50.0,50.0,50.0,0.0,177800.0,8890000.0,26.0,50.0,50.0,8648600.0,0.0,0.0,2149942974.0,2149942974.0,700021432.0,0.0,0.0,,0.0,0.0,0.0
2024-06-11,50.0,0.0,0.0,50.0,50.0,50.0,0.0,385000.0,19250000.0,20.0,50.0,50.0,12121500.0,0.0,0.0,2149942974.0,2149942974.0,700021432.0,0.0,0.0,,0.0,0.0,0.0
2024-06-12,50.0,0.0,0.0,50.0,50.0,50.0,0.0,108900.0,5445000.0,13.0,50.0,50.0,10799500.0,0.0,0.0,2149942974.0,2149942974.0,700021432.0,0.0,0.0,,0.0,0.0,0.0
2024-06-13,50.0,0.0,0.0,50.0,50.0,50.0,0.0,111600.0,5580000.0,9.0,50.0,50.0,11155900.0,0.0,0.0,2149942974.0,2149942974.0,700021432.0,0.0,0.0,,0.0,0.0,0.0
2024-06-14,50.0,0.0,0.0,50.0,50.0,50.0,0.0,226400.0,11320000.0,27.0,50.0,50.0,10561100.0,0.0,0.0,2149942974.0,2149942974.0,700021432.0,0.0,0.0,,0.0,0.0,0.0
2024-06-19,50.0,0.0,0.0,50.0,50.0,50.0,0.0,114400.0,5720000.0,22.0,50.0,50.0,11898600.0,0.0,0.0,2149942974.0,2149942974.0,700021432.0,0.0,0.0,,0.0,0.0,0.0
2024-06-20,50.0,0.0,0.0,50.0,50.0,50.0,0.0,161300.0,8065000.0,26.0,50.0,50.0,10194900.0,0.0,0.0,2149942974.0,2149942974.0,700021432.0,0.0,0.0,,0.0,0.0,0.0
2024-06-21,50.0,0.0,0.0,50.0,50.0,50.0,0.0,593800.0,29690000.0,25.0,50.0,50.0,14074200.0,0.0,0.0,2149942974.0,2149942974.0,700021432.0,0.0,0.0,,0.0,0.0,0.0
2024-06-24,50.0,0.0,0.0,50.0,50.0,50.0,0.0,119100.0,5955000.0,13.0,50.0,50.0,13449100.0,0.0,0.0,2149942974.0,2149942974.0,700021432.0,0.0,0.0,,0.0,0.0,0.0
2024-06-25,50.0,0.0,0.0,50.0,50.0,50.0,0.0,84600.0,4230000.0,18.0,50.0,50.0,15260100.0,0.0,0.0,2149942974.0,2149942974.0,700021432.0,0.0,0.0,,0.0,0.0,0.0
2024-06-26,50.0,0.0,0.0,50.0,50.0,50.0,0.0,100000.0,5000000.0,19.0,50.0,50.0,11792200.0,0.0,0.0,2149942974.0,2149942974.0,700021432.0,0.0,0.0,,0.0,0.0,0.0
2024-06-27,50.0,0.0,0.0,50.0,50.0,50.0,0.0,312500.0,15625000.0,50.0,50.0,50.0,12095800.0,0.0,0.0,2149942974.0,2149942974.0,700021432.0,0.0,0.0,,0.0,0.0,0.0
2024-06-28,50.0,0.0,0.0,50.0,50.0,50.0,0.0,197500.0,9875000.0,198.0,50.0,50.0,4470900.0,0.0,0.0,2149942974.0,2149942974.0,700021432.0,0.0,0.0,,0.0,0.0,0.0
2024-07-01,50.0,0.0,0.0,50.0,50.0,50.0,0.0,389300.0,19465000.0,52.0,50.0,50.0,11184500.0,0.0,0.0,2149942974.0,2149942974.0,700021432.0,0.0,0.0,,0.0,0.0,0.0
2024-07-02,50.0,0.0,0.0,50.0,50.0,50.0,0.0,140500.0,7025000.0,38.0,50.0,50.0,6512100.0,0.0,0.0,2149942974.0,2149942974.0,700021432.0,0.0,0.0,,0.0,0.0,0.0
2024-07-03,50.0,0.0,0.0,50.0,50.0,50.0,0.0,250200.0,12510000.0,52.0,50.0,50.0,6277500.0,0.0,0.0,2149942974.0,2149942974.0,700021432.0,0.0,0.0,,0.0,0.0,0.0
2024-07-04,50.0,0.0,0.0,50.0,50.0,50.0,0.0,285400.0,14270000.0,66.0,50.0,50.0,4045800.0,0.0,0.0,2149942974.0,2149942974.0,700021432.0,0.0,0.0,,0.0,0.0,0.0
2024-07-05,50.0,0.0,0.0,50.0,50.0,50.0,0.0,116700.0,5835000.0,28.0,50.0,50.0,15844500.0,0.0,0.0,2149942974.0,2149942974.0,700021432.0,0.0,0.0,,0.0,0.0,0.0
2024-07-08,50.0,0.0,0.0,50.0,50.0,50.0,0.0,159500.0,7975000.0,32.0,50.0,50.0,8905600.0,0.0,0.0,2149942974.0,2149942974.0,700021432.0,0.0,0.0,,0.0,0.0,0.0
2024-07-09,50.0,0.0,0.0,50.0,50.0,50.0,0.0,116100.0,5805000.0,31.0,50.0,50.0,5093900.0,0.0,0.0,2149942974.0,2149942974.0,700021432.0,0.0,0.0,,293800.0,12633400.0,1.0
2024-07-10,50.0,0.0,0.0,50.0,50.0,50.0,0.0,212800.0,10640000.0,52.0,50.0,50.0,7222300.0,0.0,0.0,2149942974.0,2149942974.0,700021432.0,0.0,0.0,,0.0,0.0,0.0
2024-07-11,50.0,0.0,0.0,50.0,50.0,50.0,0.0,1550100.0,77505000.0,75.0,50.0,50.0,4146100.0,0.0,0.0,2149942974.0,2149942974.0,700021432.0,0.0,500.0,,0.0,0.0,0.0
2024-07-12,50.0,0.0,0.0,50.0,50.0,50.0,0.0,193400.0,9670000.0,37.0,50.0,50.0,4787800.0,0.0,0.0,2149942974.0,2149942974.0,700021432.0,0.0,0.0,,0.0,0.0,0.0
2024-07-15,50.0,0.0,0.0,50.0,50.0,50.0,0.0,266500.0,13325000.0,45.0,50.0,50.0,6175500.0,0.0,0.0,2149942974.0,2149942974.0,700021432.0,0.0,0.0,,0.0,0.0,0.0
2024-07-16,50.0,0.0,0.0,50.0,50.0,50.0,0.0,339700.0,16985000.0,36.0,50.0,50.0,3574000.0,0.0,0.0,2149942974.0,2149942974.0,700021432.0,0.0,0.0,,0.0,0.0,0.0
2024-07-17,50.0,0.0,0.0,50.0,50.0,50.0,0.0,281800.0,14090000.0,53.0,50.0,50.0,7246200.0,0.0,0.0,2149942974.0,2149942974.0,700021432.0,0.0,0.0,,0.0,0.0,0.0
2024-07-18,50.0,0.0,0.0,50.0,50.0,50.0,0.0,223900.0,11195000.0,37.0,50.0,50.0,22859000.0,0.0,0.0,2149942974.0,2149942974.0,700021432.0,0.0,0.0,,0.0,0.0,0.0
2024-07-19,50.0,0.0,0.0,50.0,50.0,50.0,0.0,56400.0,2820000.0,33.0,50.0,50.0,26108800.0,0.0,0.0,2149942974.0,2149942974.0,700021432.0,0.0,0.0,,0.0,0.0,0.0
2024-07-22,50.0,0.0,0.0,50.0,50.0,50.0,0.0,694200.0,34710000.0,34.0,50.0,50.0,21915800.0,0.0,0.0,2149942974.0,2149942974.0,700021432.0,0.0,0.0,,0.0,0.0,0.0
2024-07-23,50.0,0.0,0.0,50.0,50.0,50.0,0.0,477300.0,23865000.0,43.0,50.0,50.0,23571200.0,0.0,0.0,2149942974.0,2149942974.0,700021432.0,0.0,0.0,,0.0,0.0,0.0
2024-07-24,50.0,0.0,0.0,50.0,50.0,50.0,0.0,259800.0,12990000.0,30.0,50.0,50.0,22657600.0,0.0,0.0,2149942974.0,2149942974.0,700021432.0,0.0,0.0,,0.0,0.0,0.0
2024-07-25,50.0,0.0,0.0,50.0,50.0,50.0,0.0,65300.0,3265000.0,27.0,50.0,50.0,24226600.0,0.0,0.0,2149942974.0,2149942974.0,700021432.0,0.0,0.0,,0.0,0.0,0.0
2024-07-26,50.0,0.0,0.0,50.0,50.0,50.0,0.0,222000.0,11100000.0,24.0,50.0,50.0,24895800.0,0.0,0.0,2149942974.0,2149942974.0,700021432.0,0.0,0.0,,0.0,0.0,0.0
2024-07-29,50.0,0.0,0.0,50.0,50.0,50.0,0.0,165200.0,8260000.0,37.0,50.0,50.0,23025400.0,0.0,0.0,2149942974.0,2149942974.0,700021432.0,0.0,0.0,,0.0,0.0,0.0
2024-07-30,50.0,0.0,0.0,50.0,50.0,50.0,0.0,591300.0,29565000.0,36.0,50.0,50.0,20230300.0,0.0,0.0,2149942974.0,2149942974.0,700021432.0,0.0,0.0,,0.0,0.0,0.0
2024-07-31,50.0,0.0,0.0,50.0,50.0,50.0,0.0,476500.0,23825000.0,30.0,50.0,50.0,22321000.0,0.0,0.0,2149942974.0,2149942974.0,700021432.0,0.0,0.0,,0.0,0.0,0.0
2024-08-01,50.0,0.0,0.0,50.0,50.0,50.0,0.0,153400.0,7670000.0,38.0,50.0,50.0,21673500.0,0.0,0.0,2149942974.0,2149942974.0,700021432.0,0.0,0.0,,0.0,0.0,0.0
2024-08-02,50.0,0.0,0.0,50.0,50.0,50.0,0.0,69300.0,3465000.0,17.0,50.0,50.0,24788100.0,0.0,0.0,2149942974.0,2149942974.0,700021432.0,0.0,0.0,,0.0,0.0,0.0
2024-08-05,50.0,0.0,0.0,50.0,50.0,50.0,0.0,22400.0,1120000.0,26.0,50.0,50.0,25690400.0,0.0,0.0,2149942974.0,2149942974.0,700021432.0,0.0,0.0,,0.0,0.0,0.0
2024-08-06,50.0,0.0,0.0,50.0,50.0,50.0,0.0,10000.0,500000.0,18.0,50.0,50.0,23878400.0,0.0,0.0,2149942974.0,2149942974.0,700021432.0,0.0,0.0,,0.0,0.0,0.0
2024-08-07,50.0,0.0,0.0,50.0,50.0,50.0,0.0,1082000.0,54100000.0,32.0,50.0,50.0,23603900.0,0.0,0.0,2149942974.0,2149942974.0,700021432.0,0.0,0.0,,0.0,0.0,0.0
2024-08-08,50.0,0.0,0.0,50.0,50.0,50.0,0.0,3600.0,180000.0,9.0,50.0,50.0,22357100.0,0.0,0.0,2149942974.0,2149942974.0,700021432.0,0.0,0.0,,0.0,0.0,0.0
2024-08-09,50.0,0.0,0.0,50.0,50.0,50.0,0.0,42100.0,2105000.0,25.0,50.0,50.0,23377400.0,0.0,0.0,2149942974.0,2149942974.0,700021432.0,0.0,0.0,,0.0,0.0,0.0
2024-08-12,50.0,0.0,0.0,50.0,50.0,50.0,0.0,20600.0,1030000.0,24.0,50.0,50.0,23212500.0,0.0,0.0,2149942974.0,2149942974.0,700021432.0,0.0,0.0,,0.0,0.0,0.0
2024-08-13,50.0,0.0,0.0,50.0,50.0,50.0,0.0,21900.0,1095000.0,20.0,50.0,50.0,25560900.0,0.0,0.0,2149942974.0,2149942974.0,700021432.0,0.0,0.0,,0.0,0.0,0.0
2024-08-14,50.0,0.0,0.0,50.0,50.0,50.0,0.0,229100.0,11455000.0,39.0,50.0,50.0,23626300.0,0.0,0.0,2149942974.0,2149942974.0,700021432.0,0.0,0.0,,0.0,0.0,0.0
2024-08-15,50.0,0.0,0.0,50.0,50.0,50.0,0.0,168100.0,8405000.0,33.0,50.0,50.0,28216800.0,0.0,0.0,2149942974.0,2149942974.0,700021432.0,0.0,0.0,,0.0,0.0,0.0
2024-08-16,50.0,0.0,0.0,50.0,50.0,50.0,0.0,167700.0,8385000.0,43.0,50.0,50.0,24210900.0,0.0,0.0,2149942974.0,2149942974.0,700021432.0,0.0,0.0,,0.0,0.0,0.0
2024-08-19,50.0,0.0,0.0,50.0,50.0,50.0,0.0,38700.0,1935000.0,39.0,50.0,50.0,24462600.0,0.0,0.0,2149942974.0,2149942974.0,700021432.0,0.0,0.0,,0.0,0.0,0.0
2024-08-20,50.0,0.0,0.0,50.0,50.0,50.0,0.0,1566000.0,78300000.0,85.0,50.0,50.0,23386300.0,0.0,0.0,2149942974.0,2149942974.0,700021432.0,0.0,0.0,,0.0,0.0,0.0
2024-08-21,50.0,0.0,0.0,50.0,50.0,50.0,0.0,2857600.0,142880000.0,86.0,50.0,50.0,18975300.0,0.0,0.0,2149942974.0,2149942974.0,700021432.0,0.0,0.0,,0.0,0.0,0.0
2024-08-22,50.0,0.0,0.0,50.0,50.0,50.0,0.0,89800.0,4490000.0,62.0,50.0,50.0,20040900.0,0.0,0.0,2149942974.0,2149942974.0,700021432.0,0.0,0.0,,0.0,0.0,0.0
2024-08-23,50.0,0.0,0.0,50.0,50.0,50.0,0.0,735500.0,36775000.0,77.0,50.0,50.0,20124800.0,0.0,0.0,2149942974.0,2149942974.0,700021432.0,0.0,0.0,,0.0,0.0,0.0
2024-08-26,50.0,0.0,0.0,50.0,50.0,50.0,0.0,510600.0,25530000.0,61.0,50.0,50.0,19263300.0,0.0,0.0,2149942974.0,2149942974.0,700021432.0,0.0,0.0,,0.0,0.0,0.0
2024-08-27,50.0,0.0,0.0,50.0,50.0,50.0,0.0,311200.0,15560000.0,61.0,50.0,50.0,22922900.0,0.0,0.0,2149942974.0,2149942974.0,700021432.0,0.0,0.0,,0.0,0.0,0.0
2024-08-28,50.0,0.0,0.0,50.0,50.0,50.0,0.0,352500.0,17625000.0,52.0,50.0,50.0,21847000.0,0.0,0.0,2149942974.0,2149942974.0,700021432.0,0.0,0.0,,0.0,0.0,0.0
2024-08-29,50.0,0.0,0.0,50.0,50.0,50.0,0.0,986800.0,49340000.0,72.0,50.0,50.0,21641800.0,0.0,0.0,2149942974.0,2149942974.0,700021432.0,0.0,0.0,,0.0,0.0,0.0
2024-08-30,50.0,0.0,0.0,50.0,50.0,50.0,0.0,1149000.0,57450000.0,57.0,50.0,50.0,19841400.0,0.0,0.0,2149942974.0,2149942974.0,700021432.0,0.0,0.0,,0.0,0.0,0.0
2024-09-02,50.0,0.0,0.0,50.0,50.0,50.0,0.0,278200.0,13910000.0,53.0,50.0,50.0,23549900.0,0.0,0.0,2149942974.0,2149942974.0,700021432.0,0.0,0.0,,0.0,0.0,0.0
2024-09-03,50.0,0.0,0.0,50.0,50.0,50.0,0.0,820300.0,41015000.0,61.0,50.0,50.0,22120700.0,0.0,0.0,2149942974.0,2149942974.0,700021432.0,0.0,0.0,,0.0,0.0,0.0
2024-09-04,50.0,0.0,0.0,50.0,50.0,50.0,0.0,670800.0,33540000.0,53.0,50.0,50.0,23099600.0,0.0,0.0,2149942974.0,2149942974.0,700021432.0,0.0,0.0,,0.0,0.0,0.0
2024-09-05,50.0,0.0,0.0,50.0,50.0,50.0,0.0,195200.0,9760000.0,45.0,50.0,50.0,23371300.0,0.0,0.0,2149942974.0,2149942974.0,700021432.0,0.0,0.0,,0.0,0.0,0.0
2024-09-06,50.0,0.0,0.0,50.0,50.0,50.0,0.0,137100.0,6855000.0,34.0,50.0,50.0,22515500.0,0.0,0.0,2149942974.0,2149942974.0,700021432.0,0.0,0.0,,68800.0,2958400.0,1.0
2024-09-09,50.0,0.0,0.0,50.0,50.0,50.0,0.0,53200.0,2660000.0,33.0,50.0,50.0,22830900.0,0.0,0.0,2149942974.0,2149942974.0,700021432.0,0.0,0.0,,0.0,0.0,0.0
2024-09-10,50.0,0.0,0.0,50.0,50.0,50.0,0.0,136400.0,6820000.0,48.0,50.0,50.0,25675500.0,0.0,0.0,2149942974.0,2149942974.0,700021432.0,0.0,0.0,,0.0,0.0,0.0
2024-09-11,50.0,0.0,0.0,50.0,50.0,50.0,0.0,180000.0,9000000.0,28.0,50.0,50.0,24262700.0,0.0,0.0,2149942974.0,2149942974.0,700021432.0,0.0,0.0,,0.0,0.0,0.0
2024-09-12,50.0,0.0,0.0,50.0,50.0,50.0,0.0,58300.0,2915000.0,37.0,50.0,50.0,27172500.0,0.0,0.0,2149942974.0,2149942974.0,700021432.0,0.0,0.0,,0.0,0.0,0.0
2024-09-13,50.0,0.0,0.0,50.0,50.0,50.0,0.0,336800.0,16840000.0,28.0,50.0,50.0,24695900.0,0.0,0.0,2149942974.0,2149942974.0,700021432.0,0.0,0.0,,0.0,0.0,0.0
2024-09-17,50.0,0.0,0.0,50.0,50.0,50.0,0.0,29200.0,1460000.0,34.0,50.0,50.0,24931000.0,0.0,0.0,2149942974.0,2149942974.0,700021432.0,0.0,0.0,,0.0,0.0,0.0
2024-09-18,50.0,0.0,0.0,50.0,50.0,50.0,0.0,64100.0,3205000.0,24.0,50.0,50.0,25242300.0,0.0,0.0,2149942974.0,2149942974.0,700021432.0,0.0,0.0,,0.0,0.0,0.0
2024-09-19,50.0,0.0,0.0,50.0,50.0,50.0,0.0,978000.0,48900000.0,67.0,50.0,50.0,7658200.0,0.0,0.0,2149942974.0,2149942974.0,700021432.0,0.0,0.0,,0.0,0.0,0.0
2024-09-20,50.0,0.0,0.0,50.0,50.0,50.0,0.0,313100.0,15655000.0,41.0,50.0,50.0,9279300.0,0.0,0.0,2149942974.0,2149942974.0,700021432.0,0.0,0.0,,0.0,0.0,0.0
2024-09-23,50.0,0.0,0.0,50.0,50.0,50.0,0.0,564800.0,28240000.0,105.0,50.0,50.0,6673900.0,0.0,0.0,2149942974.0,2149942974.0,700021432.0,0.0,0.0,,0.0,0.0,0.0
2024-09-24,50.0,0.0,0.0,50.0,50.0,50.0,0.0,1061300.0,53065000.0,29.0,50.0,50.0,22546800.0,0.0,0.0,2149942974.0,2149942974.0,700021432.0,0.0,0.0,,0.0,0.0,0.0
2024-09-25,50.0,0.0,0.0,50.0,50.0,50.0,0.0,30000.0,1500000.0,24.0,50.0,50.0,21569000.0,0.0,0.0,2149942974.0,2149942974.0,700021432.0,0.0,0.0,,600.0,35400.0,1.0
2024-09-26,50.0,0.0,0.0,50.0,50.0,50.0,0.0,23500.0,1175000.0,28.0,50.0,50.0,25269900.0,0.0,0.0,2149942974.0,2149942974.0,700021432.0,0.0,0.0,,0.0,0.0,0.0
2024-09-27,50.0,0.0,0.0,50.0,50.0,50.0,0.0,4701500.0,235075000.0,38.0,50.0,50.0,19647600.0,0.0,0.0,2149942974.0,2149942974.0,700021432.0,0.0,0.0,,0.0,0.0,0.0
2024-09-30,50.0,0.0,0.0,50.0,50.0,50.0,0.0,384300.0,19215000.0,41.0,50.0,50.0,19379200.0,0.0,0.0,2149942974.0,2149942974.0,700021432.0,0.0,0.0,,0.0,0.0,0.0
2024-10-01,50.0,0.0,0.0,50.0,50.0,50.0,0.0,580400.0,29020000.0,21.0,50.0,50.0,19324500.0,0.0,0.0,2149942974.0,2149942974.0,700021432.0,0.0,0.0,,0.0,0.0,0.0
2024-10-02,50.0,0.0,0.0,50.0,50.0,50.0,0.0,1001500.0,50075000.0,42.0,50.0,50.0,21420700.0,0.0,0.0,2149942974.0,2149942974.0,700021432.0,0.0,0.0,,0.0,0.0,0.0
2024-10-03,50.0,0.0,0.0,50.0,50.0,50.0,0.0,72100.0,3605000.0,26.0,50.0,50.0,16999700.0,0.0,0.0,2149942974.0,2149942974.0,700021432.0,0.0,0.0,,0.0,0.0,0.0
2024-10-04,50.0,0.0,0.0,50.0,50.0,50.0,0.0,62500.0,3125000.0,29.0,50.0,50.0,18816500.0,0.0,0.0,2149942974.0,2149942974.0,700021432.0,0.0,0.0,,0.0,0.0,0.0
2024-10-07,50.0,0.0,0.0,50.0,50.0,50.0,0.0,40400.0,2020000.0,23.0,50.0,50.0,19151800.0,0.0,0.0,2149942974.0,2149942974.0,700021432.0,0.0,0.0,,0.0,0.0,0.0
2024-10-08,50.0,0.0,0.0,50.0,50.0,50.0,0.0,78900.0,3945000.0,24.0,50.0,50.0,20780100.0,0.0,0.0,2149942974.0,2149942974.0,700021432.0,0.0,0.0,,0.0,0.0,0.0
2024-10-09,50.0,0.0,0.0,50.0,50.0,50.0,0.0,94800.0,4740000.0,25.0,50.0,50.0,23775600.0,0.0,0.0,2149942974.0,2149942974.0,700021432.0,0.0,0.0,,0.0,0.0,0.0
2024-10-10,50.0,0.0,0.0,50.0,50.0,50.0,0.0,72100.0,3605000.0,36.0,50.0,50.0,18361200.0,0.0,0.0,2149942974.0,2149942974.0,700021432.0,0.0,0.0,,0.0,0.0,0.0
2024-10-11,50.0,0.0,0.0,50.0,50.0,50.0,0.0,23100.0,1155000.0,20.0,50.0,50.0,20099900.0,0.0,0.0,2149942974.0,2149942974.0,700021432.0,0.0,0.0,,0.0,0.0,0.0
2024-10-14,50.0,0.0,0.0,50.0,50.0,50.0,0.0,64100.0,3205000.0,33.0,50.0,50.0,18179600.0,0.0,0.0,2149942974.0,2149942974.0,700021432.0,0.0,0.0,,0.0,0.0,0.0
2024-10-15,50.0,0.0,0.0,50.0,50.0,50.0,0.0,1577700.0,78885000.0,69.0,50.0,50.0,17052800.0,0.0,0.0,2149942974.0,2149942974.0,700021432.0,70000.0,0.0,,0.0,0.0,0.0
2024-10-16,50.0,0.0,0.0,50.0,50.0,50.0,0.0,232700.0,11635000.0,26.0,50.0,50.0,17671800.0,0.0,0.0,2149942974.0,2149942974.0,700021432.0,0.0,0.0,,1500.0,75000.0,1.0
2024-10-17,50.0,0.0,0.0,50.0,50.0,50.0,0.0,974900.0,48745000.0,54.0,50.0,50.0,16086000.0,0.0,0.0,2149942974.0,2149942974.0,700021432.0,0.0,0.0,,0.0,0.0,0.0
2024-10-18,50.0,0.0,0.0,50.0,50.0,50.0,0.0,171300.0,8565000.0,22.0,50.0,50.0,16999600.0,0.0,0.0,2149942974.0,2149942974.0,700021432.0,0.0,0.0,,0.0,0.0,0.0
2024-10-21,50.0,0.0,0.0,50.0,50.0,50.0,0.0,225000.0,11250000.0,33.0,50.0,50.0,21544200.0,0.0,0.0,2149942974.0,2149942974.0,700021432.0,0.0,0.0,,0.0,0.0,0.0
2024-10-22,50.0,0.0,0.0,50.0,50.0,50.0,0.0,121900.0,6095000.0,28.0,50.0,50.0,20494000.0,0.0,0.0,2149942974.0,2149942974.0,700021432.0,0.0,0.0,,0.0,0.0,0.0
2024-10-23,50.0,0.0,0.0,50.0,50.0,50.0,0.0,1710900.0,85545000.0,64.0,50.0,50.0,17350800.0,0.0,0.0,2149942974.0,2149942974.0,700021432.0,0.0,0.0,,0.0,0.0,0.0
2024-10-24,50.0,0.0,0.0,50.0,50.0,50.0,0.0,35900.0,1795000.0,26.0,50.0,50.0,15885500.0,0.0,0.0,2149942974.0,2149942974.0,700021432.0,0.0,0.0,,0.0,0.0,0.0
2024-10-25,50.0,0.0,0.0,50.0,50.0,50.0,0.0,236400.0,11820000.0,37.0,50.0,50.0,16980300.0,0.0,0.0,2149942974.0,2149942974.0,700021432.0,0.0,0.0,,0.0,0.0,0.0
2024-10-28,50.0,0.0,0.0,50.0,50.0,50.0,0.0,37300.0,1865000.0,15.0,50.0,50.0,17071100.0,0.0,0.0,2149942974.0,2149942974.0,700021432.0,0.0,0.0,,0.0,0.0,0.0
2024-10-29,50.0,0.0,0.0,50.0,50.0,50.0,0.0,38800.0,1940000.0,19.0,50.0,50.0,17529900.0,0.0,0.0,2149942974.0,2149942974.0,700021432.0,0.0,0.0,,0.0,0.0,0.0
2024-10-30,50.0,0.0,0.0,50.0,50.0,50.0,0.0,130900.0,6545000.0,21.0,50.0,50.0,18748000.0,0.0,0.0,2149942974.0,2149942974.0,700021432.0,0.0,0.0,,0.0,0.0,0.0
2024-10-31,50.0,0.0,0.0,50.0,50.0,50.0,0.0,13800.0,690000.0,9.0,50.0,50.0,28138100.0,0.0,0.0,2149942974.0,2149942974.0,700021432.0,0.0,0.0,,0.0,0.0,0.0
2024-11-01,50.0,0.0,0.0,50.0,50.0,50.0,0.0,62300.0,3115000.0,13.0,50.0,50.0,18142300.0,0.0,0.0,2149942974.0,2149942974.0,700021432.0,0.0,0.0,,0.0,0.0,0.0
2024-11-04,50.0,0.0,0.0,50.0,50.0,50.0,0.0,24300.0,1215000.0,11.0,50.0,50.0,19834600.0,0.0,0.0,2149942974.0,2149942974.0,700021432.0,0.0,0.0,,0.0,0.0,0.0
2024-11-05,50.0,0.0,0.0,50.0,50.0,50.0,0.0,107400.0,5370000.0,11.0,50.0,50.0,17315900.0,0.0,0.0,2149942974.0,2149942974.0,700021432.0,0.0,0.0,,0.0,0.0,0.0
2024-11-06,50.0,0.0,0.0,50.0,50.0,50.0,0.0,122700.0,6135000.0,20.0,50.0,50.0,19783700.0,0.0,0.0,2149942974.0,2149942974.0,700021432.0,0.0,0.0,,0.0,0.0,0.0
2024-11-07,50.0,0.0,0.0,50.0,50.0,50.0,0.0,2900.0,145000.0,12.0,50.0,50.0,28004400.0,0.0,0.0,2149942974.0,2149942974.0,700021432.0,0.0,0.0,,0.0,0.0,0.0
2024-11-08,50.0,0.0,0.0,50.0,50.0,50.0,0.0,26700.0,1335000.0,10.0,50.0,50.0,18400700.0,0.0,0.0,2149942974.0,2149942974.0,700021432.0,0.0,0.0,,0.0,0.0,0.0
2024-11-11,50.0,0.0,0.0,50.0,50.0,50.0,0.0,60800.0,3040000.0,13.0,50.0,50.0,18031200.0,0.0,0.0,2149942974.0,2149942974.0,700021432.0,0.0,0.0,,16900.0,845000.0,1.0
2024-11-12,50.0,0.0,0.0,50.0,50.0,50.0,0.0,21400.0,1070000.0,11.0,50.0,50.0,17645100.0,0.0,0.0,2149942974.0,2149942974.0,700021432.0,0.0,0.0,,0.0,0.0,0.0
2024-11-13,50.0,0.0,0.0,50.0,50.0,50.0,0.0,12300.0,615000.0,6.0,50.0,50.0,17622300.0,0.0,0.0,2149942974.0,2149942974.0,700021432.0,0.0,0.0,,0.0,0.0,0.0
2024-11-14,50.0,0.0,0.0,50.0,50.0,50.0,0.0,1600.0,80000.0,4.0,50.0,50.0,20587900.0,0.0,0.0,2149942974.0,2149942974.0,700021432.0,0.0,0.0,,0.0,0.0,0.0
2024-11-15,50.0,0.0,0.0,50.0,50.0,50.0,0.0,3800.0,190000.0,7.0,50.0,50.0,17476600.0,0.0,0.0,2149942974.0,2149942974.0,700021432.0,0.0,0.0,,0.0,0.0,0.0
2024-11-18,50.0,0.0,0.0,50.0,50.0,50.0,0.0,12200.0,610000.0,5.0,50.0,50.0,18139100.0,0.0,0.0,2149942974.0,2149942974.0,700021432.0,0.0,0.0,,0.0,0.0,0.0
2024-11-19,50.0,0.0,0.0,50.0,50.0,50.0,0.0,504300.0,25215000.0,46.0,50.0,50.0,22610500.0,0.0,0.0,2149942974.0,2149942974.0,700021432.0,0.0,0.0,,0.0,0.0,0.0
2024-11-20,50.0,0.0,0.0,50.0,50.0,50.0,0.0,8300.0,415000.0,8.0,50.0,50.0,25394600.0,0.0,0.0,2149942974.0,2149942974.0,700021432.0,0.0,0.0,,0.0,0.0,0.0
2024-11-21,50.0,0.0,0.0,50.0,50.0,50.0,0.0,31900.0,1595000.0,9.0,50.0,50.0,19436300.0,0.0,0.0,2149942974.0,2149942974.0,700021432.0,0.0,0.0,,0.0,0.0,0.0
2024-11-22,50.0,0.0,0.0,50.0,50.0,50.0,0.0,46500.0,2325000.0,17.0,50.0,50.0,18985000.0,0.0,0.0,2149942974.0,2149942974.0,700021432.0,0.0,0.0,,0.0,0.0,0.0
2024-11-25,50.0,0.0,0.0,50.0,50.0,50.0,0.0,15800.0,790000.0,27.0,50.0,50.0,17603500.0,0.0,0.0,2149942974.0,2149942974.0,700021432.0,0.0,0.0,,0.0,0.0,0.0
2024-11-26,50.0,0.0,0.0,50.0,50.0,50.0,0.0,6000.0,300000.0,12.0,50.0,50.0,22032200.0,0.0,0.0,2149942974.0,2149942974.0,700021432.0,0.0,0.0,,0.0,0.0,0.0
2024-11-28,50.0,0.0,0.0,50.0,50.0,50.0,0.0,14500.0,725000.0,14.0,50.0,50.0,21190800.0,0.0,0.0,2149942974.0,2149942974.0,700021432.0,0.0,0.0,,0.0,0.0,0.0
2024-11-29,50.0,0.0,0.0,50.0,50.0,50.0,0.0,11200.0,560000.0,14.0,50.0,50.0,21827100.0,0.0,0.0,2149942974.0,2149942974.0,700021432.0,0.0,0.0,,0.0,0.0,0.0
2024-12-02,50.0,0.0,0.0,50.0,50.0,50.0,0.0,11900.0,595000.0,15.0,50.0,50.0,25705400.0,0.0,0.0,2149942974.0,2149942974.0,700021432.0,0.0,0.0,,0.0,0.0,0.0
2024-12-03,50.0,0.0,0.0,50.0,50.0,50.0,0.0,12100.0,605000.0,17.0,50.0,50.0,24089700.0,0.0,0.0,2149942974.0,2149942974.0,700021432.0,0.0,0.0,,0.0,0.0,0.0
2024-12-04,50.0,0.0,0.0,50.0,50.0,50.0,0.0,6000.0,300000.0,13.0,50.0,50.0,23823100.0,0.0,0.0,2149942974.0,2149942974.0,700021432.0,0.0,0.0,,0.0,0.0,0.0
2024-12-05,50.0,0.0,0.0,50.0,50.0,50.0,0.0,18300.0,915000.0,9.0,50.0,50.0,22491400.0,0.0,0.0,2149942974.0,2149942974.0,700021432.0,0.0,0.0,,0.0,0.0,0.0
2024-12-06,50.0,0.0,0.0,50.0,50.0,50.0,0.0,23100.0,1155000.0,6.0,50.0,50.0,19844700.0,0.0,0.0,2149942974.0,2149942974.0,700021432.0,0.0,0.0,,0.0,0.0,0.0
2024-12-09,50.0,0.0,0.0,50.0,50.0,50.0,0.0,11200.0,560000.0,16.0,50.0,50.0,20987200.0,0.0,0.0,2149942974.0,2149942974.0,700021432.0,0.0,0.0,,0.0,0.0,0.0
2024-12-10,50.0,50.0,50.0,50.0,50.0,50.0,0.0,13200.0,660000.0,37.0,50.0,50.0,18428000.0,0.0,0.0,2149942974.0,2149942974.0,700021432.0,0.0,0.0,,0.0,0.0,0.0
2024-12-11,50.0,50.0,50.0,50.0,50.0,50.0,0.0,36500.0,1825000.0,19.0,50.0,50.0,26676600.0,0.0,0.0,2149942974.0,2149942974.0,700021432.0,0.0,0.0,,0.0,0.0,0.0
2024-12-12,50.0,50.0,50.0,50.0,50.0,50.0,0.0,11000.0,550000.0,13.0,50.0,50.0,18283300.0,0.0,0.0,2149942974.0,2149942974.0,700021432.0,0.0,0.0,,0.0,0.0,0.0
2024-12-13,50.0,50.0,50.0,50.0,50.0,50.0,0.0,15900.0,795000.0,15.0,50.0,50.0,20507900.0,0.0,0.0,2149942974.0,2149942974.0,700021432.0,0.0,0.0,,0.0,0.0,0.0
2024-12-16,50.0,50.0,50.0,50.0,50.0,50.0,0.0,3700.0,185000.0,6.0,50.0,50.0,21153500.0,0.0,0.0,2149942974.0,2149942974.0,700021432.0,0.0,0.0,,0.0,0.0,0.0
2024-12-17,50.0,0.0,0.0,50.0,50.0,50.0,0.0,7400.0,370000.0,6.0,50.0,50.0,20299600.0,0.0,0.0,2149942974.0,2149942974.0,700021432.0,0.0,0.0,,0.0,0.0,0.0
2024-12-18,50.0,50.0,50.0,50.0,50.0,50.0,0.0,3100.0,155000.0,6.0,50.0,50.0,15989800.0,0.0,0.0,2149942974.0,2149942974.0,700021432.0,0.0,0.0,,0.0,0.0,0.0
2024-12-19,50.0,50.0,50.0,50.0,50.0,50.0,0.0,102600.0,5130000.0,11.0,50.0,50.0,18975000.0,0.0,0.0,2149942974.0,2149942974.0,700021432.0,0.0,0.0,,0.0,0.0,0.0
2024-12-20,50.0,0.0,0.0,50.0,50.0,50.0,0.0,127300.0,6365000.0,3.0,50.0,50.0,19190900.0,0.0,0.0,2149942974.0,2149942974.0,700021432.0,0.0,0.0,,0.0,0.0,0.0
2024-12-23,50.0,0.0,0.0,50.0,50.0,50.0,0.0,6400.0,320000.0,7.0,50.0,50.0,21890000.0,0.0,0.0,2149942974.0,2149942974.0,700021432.0,0.0,0.0,,0.0,0.0,0.0
2024-12-24,50.0,50.0,50.0,50.0,50.0,50.0,0.0,1600.0,80000.0,5.0,50.0,50.0,18380300.0,0.0,0.0,2149942974.0,2149942974.0,700021432.0,0.0,0.0,,0.0,0.0,0.0
2024-12-27,50.0,0.0,0.0,50.0,50.0,50.0,0.0,280300.0,14015000.0,15.0,50.0,50.0,19587600.0,0.0,0.0,2149942974.0,2149942974.0,700021432.0,0.0,0.0,,0.0,0.0,0.0
2024-12-30,50.0,50.0,50.0,50.0,50.0,50.0,0.0,3500.0,175000.0,8.0,50.0,50.0,17526700.0,0.0,0.0,2149942974.0,2149942974.0,700021432.0,0.0,0.0,,0.0,0.0,0.0
2025-01-02,50.0,0.0,0.0,50.0,50.0,50.0,0.0,109400.0,5470000.0,14.0,50.0,50.0,20004100.0,0.0,0.0,2149942974.0,2149942974.0,700021432.0,0.0,0.0,,0.0,0.0,0.0
2025-01-03,50.0,50.0,50.0,50.0,50.0,50.0,0.0,30600.0,1530000.0,9.0,50.0,50.0,20114700.0,0.0,0.0,2149942974.0,2149942974.0,700021432.0,0.0,0.0,,0.0,0.0,0.0
2025-01-06,50.0,50.0,50.0,50.0,50.0,50.0,0.0,7000.0,350000.0,15.0,50.0,50.0,19077400.0,0.0,0.0,2149942974.0,2149942974.0,700021432.0,0.0,0.0,,0.0,0.0,0.0
2025-01-07,50.0,0.0,0.0,50.0,50.0,50.0,0.0,8700.0,435000.0,10.0,50.0,50.0,15125300.0,0.0,0.0,2149942974.0,2149942974.0,700021432.0,0.0,0.0,,0.0,0.0,0.0
2025-01-08,50.0,50.0,50.0,50.0,50.0,50.0,0.0,2500.0,125000.0,8.0,50.0,50.0,21956400.0,0.0,0.0,2149942974.0,2149942974.0,700021432.0,0.0,0.0,,0.0,0.0,0.0
2025-01-09,50.0,50.0,50.0,50.0,50.0,50.0,0.0,4000.0,200000.0,6.0,50.0,50.0,20294700.0,0.0,0.0,2149942974.0,2149942974.0,700021432.0,0.0,0.0,,0.0,0.0,0.0
2025-01-10,50.0,50.0,50.0,50.0,50.0,50.0,0.0,30600.0,1530000.0,16.0,50.0,50.0,19568400.0,0.0,0.0,2149942974.0,2149942974.0,700021432.0,0.0,0.0,,0.0,0.0,0.0
2025-01-13,50.0,0.0,0.0,50.0,50.0,50.0,0.0,1400.0,70000.0,5.0,50.0,50.0,19448400.0,0.0,0.0,2149942974.0,2149942974.0,700021432.0,0.0,0.0,,0.0,0.0,0.0
2025-01-14,50.0,0.0,0.0,50.0,50.0,50.0,0.0,10600.0,530000.0,4.0,50.0,50.0,21772600.0,0.0,0.0,2149942974.0,2149942974.0,700021432.0,0.0,0.0,,0.0,0.0,0.0
2025-01-15,50.0,0.0,0.0,50.0,50.0,50.0,0.0,32200.0,1610000.0,17.0,50.0,50.0,22157900.0,0.0,0.0,2149942974.0,2149942974.0,700021432.0,0.0,0.0,,0.0,0.0,0.0
2025-01-16,50.0,0.0,0.0,50.0,50.0,50.0,0.0,31700.0,1585000.0,10.0,50.0,50.0,20889800.0,0.0,0.0,2149942974.0,2149942974.0,700021432.0,0.0,0.0,,0.0,0.0,0.0
2025-01-17,50.0,50.0,50.0,50.0,50.0,50.0,0.0,56600.0,2830000.0,11.0,50.0,50.0,21211600.0,0.0,0.0,2149942974.0,2149942974.0,700021432.0,0.0,0.0,,0.0,0.0,0.0
2025-01-20,50.0,50.0,50.0,50.0,50.0,50.0,0.0,50100.0,2505000.0,15.0,50.0,50.0,21506300.0,0.0,0.0,2149942974.0,2149942974.0,700021432.0,0.0,0.0,,0.0,0.0,0.0
2025-01-21,50.0,50.0,50.0,50.0,50.0,50.0,0.0,2800.0,140000.0,8.0,50.0,50.0,16240500.0,0.0,0.0,2149942974.0,2149942974.0,700021432.0,0.0,0.0,,130000.0,5330000.0,1.0
2025-01-22,50.0,0.0,0.0,50.0,50.0,50.0,0.0,1400.0,70000.0,7.0,50.0,50.0,18379600.0,0.0,0.0,2149942974.0,2149942974.0,700021432.0,0.0,0.0,,0.0,0.0,0.0
2025-01-23,50.0,50.0,50.0,50.0,50.0,50.0,0.0,6600.0,330000.0,11.0,50.0,50.0,19283400.0,0.0,0.0,2149942974.0,2149942974.0,700021432.0,0.0,0.0,,0.0,0.0,0.0
2025-01-24,50.0,0.0,0.0,50.0,50.0,50.0,0.0,8600.0,430000.0,8.0,50.0,50.0,18063600.0,0.0,0.0,2149942974.0,2149942974.0,700021432.0,0.0,0.0,,0.0,0.0,0.0
2025-01-30,50.0,0.0,0.0,50.0,50.0,50.0,0.0,14700.0,735000.0,8.0,50.0,50.0,21709500.0,0.0,0.0,2149942974.0,2149942974.0,700021432.0,0.0,0.0,,0.0,0.0,0.0
2025-01-31,50.0,50.0,50.0,50.0,50.0,50.0,0.0,26000.0,1300000.0,9.0,50.0,50.0,19592900.0,0.0,0.0,2149942974.0,2149942974.0,700021432.0,0.0,0.0,,0.0,0.0,0.0
2025-02-03,50.0,50.0,50.0,50.0,50.0,50.0,0.0,18000.0,900000.0,9.0,50.0,50.0,18306800.0,0.0,0.0,2149942974.0,2149942974.0,700021432.0,0.0,0.0,,0.0,0.0,0.0
2025-02-04,50.0,0.0,0.0,50.0,50.0,50.0,0.0,7000.0,350000.0,9.0,50.0,50.0,21003700.0,0.0,0.0,2149942974.0,2149942974.0,700021432.0,0.0,0.0,,0.0,0.0,0.0
2025-02-05,50.0,50.0,50.0,50.0,50.0,50.0,0.0,13100.0,655000.0,8.0,50.0,50.0,23550000.0,0.0,0.0,2149942974.0,2149942974.0,700021432.0,0.0,0.0,,0.0,0.0,0.0
2025-02-06,50.0,50.0,50.0,50.0,50.0,50.0,0.0,118000.0,5900000.0,9.0,50.0,50.0,17756900.0,0.0,0.0,2149942974.0,2149942974.0,700021432.0,0.0,0.0,,0.0,0.0,0.0
2025-02-07,50.0,50.0,50.0,50.0,50.0,50.0,0.0,2000.0,100000.0,7.0,50.0,50.0,19112200.0,0.0,0.0,2149942974.0,2149942974.0,700021432.0,0.0,0.0,,0.0,0.0,0.0
2025-02-10,50.0,0.0,0.0,50.0,50.0,50.0,0.0,69200.0,3460000.0,10.0,50.0,50.0,17917600.0,0.0,0.0,2149942974.0,2149942974.0,700021432.0,0.0,0.0,,0.0,0.0,0.0
2025-02-11,50.0,0.0,0.0,50.0,50.0,50.0,0.0,3500.0,175000.0,2.0,50.0,50.0,16902200.0,0.0,0.0,2149942974.0,2149942974.0,700021432.0,0.0,0.0,,0.0,0.0,0.0
2025-02-12,50.0,50.0,50.0,50.0,50.0,50.0,0.0,62700.0,3135000.0,71.0,50.0,50.0,6779800.0,0.0,0.0,2149942974.0,2149942974.0,700021432.0,0.0,0.0,,0.0,0.0,0.0
2025-02-13,50.0,50.0,50.0,50.0,50.0,50.0,0.0,122800.0,6140000.0,19.0,50.0,50.0,7305400.0,0.0,0.0,2149942974.0,2149942974.0,700021432.0,0.0,0.0,,0.0,0.0,0.0
2025-02-14,50.0,50.0,50.0,50.0,50.0,50.0,0.0,21300.0,1065000.0,16.0,50.0,50.0,5777400.0,0.0,0.0,2149942974.0,2149942974.0,700021432.0,0.0,0.0,,0.0,0.0,0.0
2025-02-17,50.0,50.0,50.0,50.0,50.0,50.0,0.0,40700.0,2035000.0,18.0,50.0,50.0,6506700.0,0.0,0.0,2149942974.0,2149942974.0,700021432.0,0.0,0.0,,0.0,0.0,0.0
2025-02-18,50.0,50.0,50.0,50.0,50.0,50.0,0.0,15600.0,780000.0,20.0,50.0,50.0,8719800.0,0.0,0.0,2149942974.0,2149942974.0,700021432.0,0.0,0.0,,0.0,0.0,0.0
2025-02-19,50.0,50.0,50.0,50.0,50.0,50.0,0.0,16500.0,825000.0,114.0,50.0,50.0,7958000.0,0.0,0.0,2149942974.0,2149942974.0,700021432.0,0.0,0.0,,0.0,0.0,0.0
2025-02-20,50.0,0.0,0.0,50.0,50.0,50.0,0.0,2000.0,100000.0,14.0,50.0,50.0,6687800.0,0.0,0.0,2149942974.0,2149942974.0,700021432.0,0.0,0.0,,0.0,0.0,0.0
2025-02-21,50.0,50.0,50.0,50.0,50.0,50.0,0.0,2400.0,120000.0,8.0,50.0,50.0,5388200.0,0.0,0.0,2149942974.0,2149942974.0,700021432.0,0.0,0.0,,0.0,0.0,0.0
2025-02-24,50.0,0.0,0.0,50.0,50.0,50.0,0.0,18900.0,945000.0,10.0,50.0,50.0,4387700.0,0.0,0.0,2149942974.0,2149942974.0,700021432.0,0.0,0.0,,0.0,0.0,0.0
2025-02-25,50.0,0.0,0.0,50.0,50.0,50.0,0.0,24200.0,1210000.0,10.0,50.0,50.0,8608500.0,0.0,0.0,2149942974.0,2149942974.0,700021432.0,0.0,0.0,,0.0,0.0,0.0
2025-02-26,50.0,0.0,0.0,50.0,50.0,50.0,0.0,10600.0,530000.0,7.0,50.0,50.0,6525900.0,0.0,0.0,2149942974.0,2149942974.0,700021432.0,0.0,0.0,,0.0,0.0,0.0
2025-02-27,50.0,0.0,0.0,50.0,50.0,50.0,0.0,1500.0,75000.0,4.0,50.0,50.0,5550500.0,0.0,0.0,2149942974.0,2149942974.0,700021432.0,0.0,0.0,,0.0,0.0,0.0
2025-02-28,50.0,50.0,50.0,50.0,50.0,50.0,0.0,3400.0,170000.0,9.0,50.0,50.0,9736100.0,0.0,0.0,2149942974.0,2149942974.0,700021432.0,0.0,0.0,,0.0,0.0,0.0
2025-03-03,50.0,0.0,0.0,50.0,50.0,50.0,0.0,27400.0,1370000.0,13.0,50.0,50.0,6310600.0,0.0,0.0,2149942974.0,2149942974.0,700021432.0,0.0,0.0,,0.0,0.0,0.0
2025-03-04,50.0,50.0,50.0,50.0,50.0,50.0,0.0,6200.0,310000.0,7.0,50.0,50.0,5745100.0,0.0,0.0,2149942974.0,2149942974.0,700021432.0,0.0,0.0,,0.0,0.0,0.0
2025-03-05,50.0,0.0,0.0,50.0,50.0,50.0,0.0,200.0,10000.0,2.0,50.0,50.0,5448100.0,0.0,0.0,2149942974.0,2149942974.0,700021432.0,0.0,0.0,,0.0,0.0,0.0
2025-03-06,50.0,50.0,50.0,50.0,50.0,50.0,0.0,13500.0,675000.0,13.0,50.0,50.0,6772100.0,0.0,0.0,2149942974.0,2149942974.0,700021432.0,0.0,0.0,,0.0,0.0,0.0
2025-03-07,50.0,0.0,0.0,50.0,50.0,50.0,0.0,153000.0,7650000.0,19.0,50.0,50.0,6593500.0,0.0,0.0,2149942974.0,2149942974.0,700021432.0,0.0,0.0,,0.0,0.0,0.0
2025-03-10,50.0,50.0,50.0,50.0,50.0,50.0,0.0,1400.0,70000.0,8.0,50.0,50.0,6452600.0,0.0,0.0,2149942974.0,2149942974.0,700021432.0,0.0,0.0,,0.0,0.0,0.0
2025-03-11,50.0,50.0,50.0,50.0,50.0,50.0,0.0,400.0,20000.0,4.0,50.0,50.0,10238800.0,0.0,0.0,2149942974.0,2149942974.0,700021432.0,0.0,0.0,,0.0,0.0,0.0
2025-03-12,50.0,0.0,0.0,50.0,50.0,50.0,0.0,11600.0,580000.0,7.0,50.0,50.0,8414200.0,0.0,0.0,2149942974.0,2149942974.0,700021432.0,0.0,0.0,,0.0,0.0,0.0
2025-03-13,50.0,0.0,0.0,50.0,50.0,50.0,0.0,2800.0,140000.0,14.0,50.0,50.0,5153900.0,0.0,0.0,2149942974.0,2149942974.0,700021432.0,0.0,0.0,,0.0,0.0,0.0
2025-03-14,50.0,0.0,0.0,50.0,50.0,50.0,0.0,2000.0,100000.0,8.0,50.0,50.0,5544100.0,0.0,0.0,2149942974.0,2149942974.0,700021432.0,0.0,0.0,,1167000.0,319758000.0,1.0
2025-03-17,50.0,50.0,50.0,50.0,50.0,50.0,0.0,2000.0,100000.0,19.0,50.0,50.0,7165600.0,0.0,0.0,2149942974.0,2149942974.0,700021432.0,0.0,0.0,,0.0,0.0,0.0
2025-03-18,50.0,0.0,0.0,50.0,50.0,50.0,0.0,6300.0,315000.0,21.0,50.0,50.0,7746200.0,0.0,0.0,2149942974.0,2149942974.0,700021432.0,0.0,0.0,,0.0,0.0,0.0
2025-03-19,50.0,50.0,50.0,50.0,50.0,50.0,0.0,14800.0,740000.0,27.0,50.0,50.0,4759500.0,0.0,0.0,2149942974.0,2149942974.0,700021432.0,0.0,0.0,,0.0,0.0,0.0
2025-03-20,50.0,0.0,0.0,50.0,50.0,50.0,0.0,44400.0,2220000.0,9.0,50.0,50.0,8061400.0,0.0,0.0,2149942974.0,2149942974.0,700021432.0,0.0,0.0,,0.0,0.0,0.0
2025-03-21,50.0,0.0,0.0,50.0,50.0,50.0,0.0,1400.0,70000.0,11.0,50.0,50.0,6374300.0,0.0,0.0,2149942974.0,2149942974.0,700021432.0,0.0,0.0,,0.0,0.0,0.0
2025-03-24,50.0,0.0,0.0,50.0,50.0,50.0,0.0,3200.0,160000.0,19.0,50.0,50.0,8188900.0,0.0,0.0,2149942974.0,2149942974.0,700021432.0,0.0,0.0,,0.0,0.0,0.0
2025-03-25,50.0,0.0,0.0,50.0,50.0,50.0,0.0,8900.0,445000.0,22.0,50.0,50.0,5079200.0,0.0,0.0,2149942974.0,2149942974.0,700021432.0,0.0,0.0,,0.0,0.0,0.0
2025-03-26,50.0,0.0,0.0,50.0,50.0,50.0,0.0,140000.0,7000000.0,12.0,50.0,50.0,9751900.0,0.0,0.0,2149942974.0,2149942974.0,700021432.0,0.0,0.0,,0.0,0.0,0.0
2025-03-27,50.0,50.0,50.0,50.0,50.0,50.0,0.0,5700.0,285000.0,26.0,50.0,50.0,5575900.0,0.0,0.0,2149942974.0,2149942974.0,700021432.0,0.0,0.0,,0.0,0.0,0.0
2025-04-08,50.0,50.0,50.0,50.0,50.0,50.0,0.0,2700.0,135000.0,7.0,50.0,50.0,8002800.0,0.0,0.0,2149942974.0,2149942974.0,700021432.0,0.0,0.0,,0.0,0.0,0.0
2025-04-09,50.0,50.0,50.0,50.0,50.0,50.0,0.0,1200.0,60000.0,12.0,50.0,50.0,13829200.0,0.0,0.0,2149942974.0,2149942974.0,700021432.0,0.0,0.0,,0.0,0.0,0.0
2025-04-10,50.0,0.0,0.0,50.0,50.0,50.0,0.0,700.0,35000.0,5.0,50.0,50.0,7065500.0,0.0,0.0,2149942974.0,2149942974.0,700021432.0,0.0,0.0,,0.0,0.0,0.0
2025-04-11,50.0,50.0,50.0,50.0,50.0,50.0,0.0,3200.0,160000.0,17.0,50.0,50.0,15816400.0,0.0,0.0,2149942974.0,2149942974.0,700021432.0,0.0,0.0,,0.0,0.0,0.0
2025-04-14,50.0,0.0,0.0,50.0,50.0,50.0,0.0,6900.0,345000.0,12.0,50.0,50.0,7132400.0,0.0,0.0,2149942974.0,2149942974.0,700021432.0,0.0,0.0,,0.0,0.0,0.0
2025-04-15,50.0,50.0,50.0,50.0,50.0,50.0,0.0,356600.0,17830000.0,10.0,50.0,50.0,8072400.0,0.0,0.0,2149942974.0,2149942974.0,700021432.0,0.0,0.0,,0.0,0.0,0.0
2025-04-16,50.0,0.0,0.0,50.0,50.0,50.0,0.0,52200.0,2610000.0,13.0,50.0,50.0,10236000.0,0.0,0.0,2149942974.0,2149942974.0,700021432.0,0.0,0.0,,0.0,0.0,0.0
2025-04-17,50.0,0.0,0.0,50.0,50.0,50.0,0.0,5200.0,260000.0,9.0,50.0,50.0,5986300.0,0.0,0.0,2149942974.0,2149942974.0,700021432.0,0.0,0.0,,0.0,0.0,0.0
2025-04-21,50.0,50.0,50.0,50.0,50.0,50.0,0.0,2300.0,115000.0,5.0,50.0,50.0,7481600.0,0.0,0.0,2149942974.0,2149942974.0,700021432.0,0.0,0.0,,1000000.0,35000000.0,1.0
2025-04-22,50.0,50.0,50.0,50.0,50.0,50.0,0.0,7700.0,385000.0,7.0,50.0,50.0,8706200.0,0.0,0.0,2149942974.0,2149942974.0,700021432.0,0.0,0.0,,25000.0,1250000.0,1.0
2025-04-23,50.0,0.0,0.0,50.0,50.0,50.0,0.0,33400.0,1670000.0,12.0,50.0,50.0,9599700.0,0.0,0.0,2149942974.0,2149942974.0,700021432.0,0.0,0.0,,0.0,0.0,0.0
2025-04-24,50.0,50.0,50.0,50.0,50.0,50.0,0.0,6900.0,345000.0,9.0,50.0,50.0,9107600.0,0.0,0.0,2149942974.0,2149942974.0,700021432.0,0.0,0.0,,0.0,0.0,0.0
2025-04-25,50.0,0.0,0.0,50.0,50.0,50.0,0.0,12500.0,625000.0,16.0,50.0,50.0,10522700.0,0.0,0.0,2149942974.0,2149942974.0,700021432.0,0.0,0.0,,0.0,0.0,0.0
2025-04-28,50.0,0.0,0.0,50.0,50.0,50.0,0.0,17600.0,880000.0,34.0,50.0,50.0,7582000.0,0.0,0.0,2149942974.0,2149942974.0,700021432.0,0.0,500.0,,0.0,0.0,0.0
2025-04-29,50.0,0.0,0.0,50.0,50.0,50.0,0.0,5600.0,280000.0,11.0,50.0,50.0,8469100.0,0.0,0.0,2149942974.0,2149942974.0,700021432.0,0.0,0.0,,0.0,0.0,0.0
2025-04-30,50.0,50.0,50.0,50.0,50.0,50.0,0.0,117500.0,5875000.0,37.0,50.0,50.0,7087700.0,0.0,0.0,2149942974.0,2149942974.0,700021432.0,0.0,0.0,,0.0,0.0,0.0
2025-05-02,50.0,0.0,0.0,50.0,50.0,50.0,0.0,138000.0,6900000.0,16.0,50.0,50.0,11666100.0,0.0,0.0,2149942974.0,2149942974.0,700021432.0,0.0,500.0,,0.0,0.0,0.0
2025-05-05,50.0,50.0,50.0,50.0,50.0,50.0,0.0,51100.0,2555000.0,24.0,50.0,50.0,8954300.0,0.0,0.0,2149942974.0,2149942974.0,700021432.0,0.0,0.0,,33700.0,1348000.0,1.0
2025-05-06,50.0,50.0,50.0,50.0,50.0,50.0,0.0,41700.0,2085000.0,50.0,50.0,50.0,11318900.0,0.0,0.0,2149942974.0,2149942974.0,700021432.0,0.0,0.0,,0.0,0.0,0.0
2025-05-07,50.0,0.0,0.0,50.0,50.0,50.0,0.0,39100.0,1955000.0,54.0,50.0,50.0,7950800.0,0.0,0.0,2149942974.0,2149942974.0,700021432.0,0.0,0.0,,0.0,0.0,0.0
2025-05-08,50.0,50.0,50.0,55.0,50.0,50.0,0.0,26885000.0,1371899100.0,1210.0,50.0,51.0,464300.0,50.0,2343900.0,2149942974.0,2149942974.0,700021432.0,0.0,0.0,,0.0,0.0,0.0
2025-05-09,50.0,50.0,50.0,52.0,50.0,50.0,0.0,10312200.0,516764000.0,404.0,50.0,50.0,7676800.0,0.0,0.0,2149942974.0,2149942974.0,700021432.0,0.0,500000.0,,0.0,0.0,0.0
2025-05-14,50.0,50.0,50.0,50.0,50.0,50.0,0.0,395800.0,19790000.0,91.0,50.0,50.0,11625100.0,0.0,0.0,2149942974.0,2149942974.0,700021432.0,0.0,20000.0,,0.0,0.0,0.0
2025-05-15,50.0,50.0,50.0,50.0,50.0,50.0,0.0,682900.0,34145000.0,58.0,50.0,50.0,10654700.0,0.0,0.0,2149942974.0,2149942974.0,700021432.0,0.0,0.0,,0.0,0.0,0.0
2025-05-16,50.0,50.0,50.0,50.0,50.0,50.0,0.0,443300.0,22165000.0,61.0,50.0,50.0,6578500.0,0.0,0.0,2149942974.0,2149942974.0,700021432.0,0.0,20000.0,,0.0,0.0,0.0
2025-05-19,50.0,50.0,50.0,50.0,50.0,50.0,0.0,231700.0,11585000.0,50.0,50.0,50.0,9334800.0,0.0,0.0,2149942974.0,2149942974.0,700021432.0,0.0,0.0,,0.0,0.0,0.0
2025-05-20,50.0,50.0,50.0,66.0,50.0,64.0,14.0,274710600.0,16774785300.0,14151.0,64.0,65.0,2218400.0,64.0,454900.0,2149942974.0,2149942974.0,700021432.0,9168900.0,1870300.0,,0.0,0.0,0.0
2025-05-21,64.0,65.0,65.0,77.0,65.0,65.0,1.0,305025800.0,21667427300.0,15938.0,65.0,66.0,645700.0,65.0,1845600.0,2149942974.0,2149942974.0,700021432.0,1504000.0,3000000.0,,0.0,0.0,0.0
2025-05-22,65.0,66.0,67.0,70.0,56.0,57.0,-8.0,128378000.0,7786274200.0,7314.0,57.0,57.0,1437200.0,56.0,2536300.0,2149942974.0,2149942974.0,700021432.0,14900.0,1017100.0,,0.0,0.0,0.0
2025-05-23,57.0,57.0,57.0,62.0,52.0,54.0,-3.0,61757100.0,3466489000.0,3362.0,54.0,55.0,1590500.0,53.0,1841200.0,2149942974.0,2149942974.0,700021432.0,1000000.0,14500.0,,0.0,0.0,0.0
2025-05-26,54.0,55.0,55.0,55.0,50.0,50.0,-4.0,47302100.0,2400940300.0,2240.0,50.0,51.0,975200.0,50.0,8227600.0,2149942974.0,2149942974.0,700021432.0,14500.0,47200.0,,0.0,0.0,0.0
2025-05-27,50.0,50.0,50.0,56.0,50.0,52.0,2.0,51405300.0,2770866700.0,3071.0,52.0,53.0,195600.0,52.0,2534600.0,2149942974.0,2149942974.0,700021432.0,47200.0,37800.0,,0.0,0.0,0.0
2025-05-28,52.0,52.0,52.0,54.0,50.0,51.0,-1.0,15379400.0,787847900.0,1153.0,51.0,51.0,1104700.0,50.0,7263200.0,2149942974.0,2149942974.0,700021432.0,37800.0,31200.0,,0.0,0.0,0.0
2025-06-02,51.0,51.0,50.0,51.0,50.0,51.0,0.0,20651000.0,1033378100.0,933.0,51.0,51.0,1735300.0,50.0,229300.0,2149942974.0,2149942974.0,700021432.0,0.0,32000.0,,0.0,0.0,0.0
2025-06-03,51.0,51.0,50.0,51.0,50.0,50.0,-1.0,7226600.0,361578900.0,516.0,50.0,50.0,98900.0,0.0,0.0,2149942974.0,2149942974.0,700021432.0,0.0,0.0,,0.0,0.0,0.0
2025-06-04,50.0,50.0,50.0,51.0,50.0,50.0,0.0,3126900.0,156441200.0,345.0,50.0,50.0,50500.0,0.0,0.0,2149942974.0,2149942974.0,700021432.0,0.0,0.0,,0.0,0.0,0.0
2025-06-05,50.0,50.0,50.0,50.0,50.0,50.0,0.0,1021800.0,51090000.0,176.0,50.0,50.0,2649100.0,0.0,0.0,2149942974.0,2149942974.0,700021432.0,0.0,0.0,,0.0,0.0,0.0
2025-06-10,50.0,50.0,50.0,50.0,50.0,50.0,0.0,423100.0,21155000.0,108.0,50.0,50.0,5374300.0,0.0,0.0,2149942974.0,2149942974.0,700021432.0,0.0,0.0,,0.0,0.0,0.0
2025-06-11,50.0,50.0,50.0,50.0,50.0,50.0,0.0,363500.0,18175000.0,76.0,50.0,50.0,7577600.0,0.0,0.0,2149942974.0,2149942974.0,700021432.0,0.0,0.0,,0.0,0.0,0.0
2025-06-12,50.0,50.0,50.0,50.0,50.0,50.0,0.0,553300.0,27665000.0,82.0,50.0,50.0,4348800.0,0.0,0.0,2149942974.0,2149942974.0,700021432.0,0.0,0.0,,0.0,0.0,0.0
2025-06-13,50.0,50.0,50.0,50.0,50.0,50.0,0.0,123500.0,6175000.0,59.0,50.0,50.0,4866000.0,0.0,0.0,2149942974.0,2149942974.0,700021432.0,0.0,0.0,,0.0,0.0,0.0
2025-06-16,50.0,50.0,50.0,50.0,50.0,50.0,0.0,156900.0,7845000.0,48.0,50.0,50.0,4470200.0,0.0,0.0,2149942974.0,2149942974.0,700021432.0,0.0,0.0,,0.0,0.0,0.0
2025-06-17,50.0,50.0,50.0,50.0,50.0,50.0,0.0,59200.0,2960000.0,57.0,50.0,50.0,5481200.0,0.0,0.0,2149942974.0,2149942974.0,700021432.0,0.0,0.0,,0.0,0.0,0.0
2025-06-18,50.0,50.0,50.0,50.0,50.0,50.0,0.0,168600.0,8430000.0,38.0,50.0,50.0,5698700.0,0.0,0.0,2149942974.0,2149942974.0,700021432.0,0.0,0.0,,0.0,0.0,0.0
2025-06-19,50.0,50.0,50.0,50.0,50.0,50.0,0.0,104900.0,5245000.0,28.0,50.0,50.0,7752000.0,0.0,0.0,2149942974.0,2149942974.0,700021432.0,0.0,0.0,,0.0,0.0,0.0
2025-06-20,50.0,50.0,50.0,50.0,50.0,50.0,0.0,89100.0,4455000.0,24.0,50.0,50.0,7260600.0,0.0,0.0,2149942974.0,2149942974.0,700021432.0,0.0,0.0,,0.0,0.0,0.0
2025-06-23,50.0,50.0,50.0,50.0,50.0,50.0,0.0,90000.0,4500000.0,19.0,50.0,50.0,8183400.0,0.0,0.0,2149942974.0,2149942974.0,700021432.0,0.0,0.0,,0.0,0.0,0.0
2025-06-24,50.0,50.0,50.0,50.0,50.0,50.0,0.0,10900.0,545000.0,17.0,50.0,50.0,7325500.0,0.0,0.0,2149942974.0,2149942974.0,700021432.0,0.0,0.0,,0.0,0.0,0.0
2025-06-25,50.0,50.0,50.0,50.0,50.0,50.0,0.0,58500.0,2925000.0,27.0,50.0,50.0,6251800.0,0.0,0.0,2149942974.0,2149942974.0,700021432.0,0.0,0.0,,0.0,0.0,0.0
2025-06-26,50.0,50.0,50.0,50.0,50.0,50.0,0.0,78100.0,3905000.0,39.0,50.0,50.0,5108300.0,0.0,0.0,2149942974.0,2149942974.0,700021432.0,0.0,0.0,,0.0,0.0,0.0
2025-06-30,50.0,50.0,50.0,50.0,50.0,50.0,0.0,80200.0,4010000.0,43.0,50.0,50.0,6670700.0,0.0,0.0,2149942974.0,2149942974.0,700021432.0,0.0,0.0,,0.0,0.0,0.0
2025-07-01,50.0,50.0,50.0,50.0,50.0,50.0,0.0,9400.0,470000.0,17.0,50.0,50.0,8072800.0,0.0,0.0,2149942974.0,2149942974.0,700021432.0,0.0,0.0,,0.0,0.0,0.0
2025-07-02,50.0,50.0,50.0,50.0,50.0,50.0,0.0,30300.0,1515000.0,36.0,50.0,50.0,6964700.0,0.0,0.0,2149942974.0,2149942974.0,700021432.0,0.0,0.0,,0.0,0.0,0.0
2025-07-03,50.0,50.0,50.0,50.0,50.0,50.0,0.0,18100.0,905000.0,16.0,50.0,50.0,8186400.0,0.0,0.0,2149942974.0,2149942974.0,700021432.0,0.0,0.0,,0.0,0.0,0.0
2025-07-04,50.0,50.0,50.0,50.0,50.0,50.0,0.0,49400.0,2470000.0,21.0,50.0,50.0,7620200.0,0.0,0.0,2149942974.0,2149942974.0,700021432.0,0.0,0.0,,0.0,0.0,0.0
2025-07-07,50.0,50.0,50.0,50.0,50.0,50.0,0.0,58600.0,2930000.0,26.0,50.0,50.0,7306500.0,0.0,0.0,2149942974.0,2149942974.0,700021432.0,0.0,0.0,,0.0,0.0,0.0
2025-07-08,50.0,50.0,50.0,50.0,50.0,50.0,0.0,420300.0,21015000.0,21.0,50.0,50.0,9994000.0,0.0,0.0,2149942974.0,2149942974.0,700021432.0,0.0,0.0,,0.0,0.0,0.0
2025-07-09,50.0,50.0,50.0,50.0,50.0,50.0,0.0,44200.0,2210000.0,27.0,50.0,50.0,10604000.0,0.0,0.0,2149942974.0,2149942974.0,700021432.0,0.0,0.0,,0.0,0.0,0.0
2025-07-10,50.0,50.0,50.0,50.0,50.0,50.0,0.0,139000.0,6950000.0,42.0,50.0,50.0,8223000.0,0.0,0.0,2149942974.0,2149942974.0,700021432.0,0.0,0.0,,0.0,0.0,0.0
2025-07-11,50.0,50.0,50.0,50.0,50.0,50.0,0.0,105800.0,5290000.0,28.0,50.0,50.0,11499400.0,0.0,0.0,2149942974.0,2149942974.0,700021432.0,0.0,0.0,,0.0,0.0,0.0
2025-07-14,50.0,50.0,50.0,50.0,50.0,50.0,0.0,527000.0,26350000.0,44.0,50.0,50.0,9699700.0,0.0,0.0,2149942974.0,2149942974.0,700021432.0,0.0,0.0,,0.0,0.0,0.0
2025-07-15,50.0,50.0,50.0,50.0,50.0,50.0,0.0,27700.0,1385000.0,23.0,50.0,50.0,9996700.0,0.0,0.0,2149942974.0,2149942974.0,700021432.0,0.0,0.0,,0.0,0.0,0.0
2025-07-16,50.0,50.0,50.0,50.0,50.0,50.0,0.0,130600.0,6530000.0,27.0,50.0,50.0,12101100.0,0.0,0.0,2149942974.0,2149942974.0,700021432.0,0.0,0.0,,0.0,0.0,0.0
2025-07-17,50.0,50.0,50.0,50.0,50.0,50.0,0.0,105100.0,5255000.0,31.0,50.0,50.0,10012800.0,0.0,0.0,2149942974.0,2149942974.0,700021432.0,0.0,0.0,,0.0,0.0,0.0
2025-07-18,50.0,50.0,50.0,50.0,50.0,50.0,0.0,155100.0,7755000.0,41.0,50.0,50.0,8348500.0,0.0,0.0,2149942974.0,2149942974.0,700021432.0,0.0,0.0,,0.0,0.0,0.0
2025-07-21,50.0,50.0,50.0,50.0,50.0,50.0,0.0,107100.0,5355000.0,38.0,50.0,50.0,9943500.0,0.0,0.0,2149942974.0,2149942974.0,700021432.0,0.0,0.0,,0.0,0.0,0.0
2025-07-22,50.0,50.0,50.0,50.0,50.0,50.0,0.0,19900.0,995000.0,20.0,50.0,50.0,10083000.0,0.0,0.0,2149942974.0,2149942974.0,700021432.0,0.0,0.0,,0.0,0.0,0.0
2025-07-23,50.0,50.0,50.0,50.0,50.0,50.0,0.0,53300.0,2665000.0,36.0,50.0,50.0,9762400.0,0.0,0.0,2149942974.0,2149942974.0,700021432.0,0.0,0.0,,0.0,0.0,0.0
2025-07-24,50.0,50.0,50.0,50.0,50.0,50.0,0.0,107700.0,5385000.0,29.0,50.0,50.0,11397700.0,0.0,0.0,2149942974.0,2149942974.0,700021432.0,0.0,0.0,,0.0,0.0,0.0
2025-07-25,50.0,50.0,50.0,50.0,50.0,50.0,0.0,26200.0,1310000.0,20.0,50.0,50.0,11038200.0,0.0,0.0,2149942974.0,2149942974.0,700021432.0,0.0,0.0,,39100.0,1564000.0,1.0
2025-07-28,50.0,50.0,50.0,50.0,50.0,50.0,0.0,45100.0,2255000.0,19.0,50.0,50.0,10005300.0,0.0,0.0,2149942974.0,2149942974.0,700021432.0,0.0,0.0,,0.0,0.0,0.0
2025-07-29,50.0,50.0,50.0,50.0,50.0,50.0,0.0,51700.0,2585000.0,22.0,50.0,50.0,10614300.0,0.0,0.0,2149942974.0,2149942974.0,700021432.0,0.0,0.0,,0.0,0.0,0.0
2025-07-30,50.0,50.0,50.0,50.0,50.0,50.0,0.0,16100.0,805000.0,27.0,50.0,50.0,9274600.0,0.0,0.0,2149942974.0,2149942974.0,700021432.0,0.0,0.0,,0.0,0.0,0.0
2025-07-31,50.0,50.0,50.0,50.0,50.0,50.0,0.0,141800.0,7090000.0,37.0,50.0,50.0,11003500.0,0.0,0.0,2149942974.0,2149942974.0,700021432.0,0.0,0.0,,0.0,0.0,0.0
2025-08-01,50.0,50.0,50.0,50.0,50.0,50.0,0.0,167800.0,8390000.0,41.0,50.0,50.0,9384300.0,0.0,0.0,2149942974.0,2149942974.0,700021432.0,0.0,0.0,,0.0,0.0,0.0
2025-08-04,50.0,50.0,50.0,50.0,50.0,50.0,0.0,56400.0,2820000.0,35.0,50.0,50.0,11271900.0,0.0,0.0,2149942974.0,2149942974.0,700021432.0,0.0,0.0,,0.0,0.0,0.0
2025-08-05,50.0,50.0,50.0,50.0,50.0,50.0,0.0,184900.0,9245000.0,64.0,50.0,50.0,11853600.0,0.0,0.0,2149942974.0,2149942974.0,700021432.0,0.0,0.0,,0.0,0.0,0.0
2025-08-06,50.0,50.0,50.0,50.0,50.0,50.0,0.0,82400.0,4120000.0,31.0,50.0,50.0,10335600.0,0.0,0.0,2149942974.0,2149942974.0,700021432.0,0.0,0.0,,0.0,0.0,0.0
2025-08-07,50.0,50.0,50.0,50.0,50.0,50.0,0.0,558600.0,27930000.0,62.0,50.0,50.0,10812700.0,0.0,0.0,2149942974.0,2149942974.0,700021432.0,0.0,0.0,,50000.0,2250000.0,1.0
2025-08-08,50.0,50.0,50.0,50.0,50.0,50.0,0.0,780800.0,39040000.0,44.0,50.0,50.0,7765300.0,0.0,0.0,2149942974.0,2149942974.0,700021432.0,0.0,0.0,,178400.0,8028000.0,1.0
2025-08-11,50.0,50.0,50.0,50.0,50.0,50.0,0.0,1993400.0,99670000.0,241.0,50.0,50.0,6482600.0,0.0,0.0,2149942974.0,2149942974.0,700021432.0,0.0,0.0,,25000.0,1000000.0,1.0
2025-08-12,50.0,50.0,50.0,58.0,50.0,51.0,1.0,83501600.0,4485702400.0,3169.0,51.0,52.0,126500.0,51.0,1208100.0,2149942974.0,2149942974.0,700021432.0,63200.0,906800.0,,0.0,0.0,0.0
2025-08-13,51.0,51.0,51.0,65.0,50.0,58.0,7.0,318543100.0,18760039500.0,11096.0,58.0,59.0,402400.0,58.0,595500.0,2149942974.0,2149942974.0,700021432.0,1000000.0,1989100.0,,0.0,0.0,0.0
2025-08-14,58.0,60.0,60.0,62.0,53.0,54.0,-4.0,93030200.0,5289270900.0,4050.0,54.0,54.0,1434400.0,53.0,2918400.0,2149942974.0,2149942974.0,700021432.0,1630000.0,0.0,,0.0,0.0,0.0
2025-08-15,54.0,54.0,54.0,56.0,50.0,51.0,-3.0,36239400.0,1892489500.0,1573.0,51.0,52.0,2848800.0,51.0,2950600.0,2149942974.0,2149942974.0,700021432.0,0.0,1260400.0,,0.0,0.0,0.0
2025-08-19,51.0,51.0,51.0,57.0,51.0,53.0,2.0,34144500.0,1830614100.0,1808.0,53.0,53.0,612300.0,52.0,1872300.0,2149942974.0,2149942974.0,700021432.0,20400.0,1230000.0,,0.0,0.0,0.0
2025-08-20,53.0,53.0,54.0,60.0,53.0,56.0,3.0,112085300.0,6439566500.0,4106.0,56.0,57.0,706300.0,56.0,1527200.0,2149942974.0,2149942974.0,700021432.0,18000.0,131100.0,,0.0,0.0,0.0
2025-08-21,56.0,57.0,58.0,63.0,57.0,63.0,7.0,139392400.0,8451482400.0,6236.0,63.0,63.0,1503600.0,62.0,2137000.0,2149942974.0,2149942974.0,700021432.0,1529100.0,3822700.0,,0.0,0.0,0.0
2025-08-22,63.0,63.0,63.0,64.0,59.0,59.0,-4.0,67015800.0,4050766200.0,2245.0,59.0,60.0,214400.0,59.0,125700.0,2149942974.0,2149942974.0,700021432.0,18300.0,1217700.0,,0.0,0.0,0.0
2025-08-25,59.0,60.0,60.0,77.0,58.0,69.0,10.0,533838200.0,37733296400.0,16278.0,69.0,69.0,5155000.0,68.0,1545900.0,2149942974.0,2149942974.0,700021432.0,1515300.0,1261200.0,,0.0,0.0,0.0
2025-08-26,69.0,69.0,69.0,74.0,64.0,66.0,-3.0,111828500.0,7579757200.0,4768.0,66.0,67.0,2519200.0,66.0,439200.0,2149942974.0,2149942974.0,700021432.0,30200.0,142300.0,,0.0,0.0,0.0
2025-08-27,66.0,67.0,67.0,73.0,65.0,67.0,1.0,127315500.0,8811351100.0,4896.0,67.0,68.0,4935500.0,67.0,6616200.0,2149942974.0,2149942974.0,700021432.0,46600.0,922600.0,,0.0,0.0,0.0
2025-08-28,67.0,67.0,68.0,70.0,67.0,70.0,3.0,72794400.0,4985178300.0,3202.0,70.0,70.0,12225700.0,69.0,122400.0,2149942974.0,2149942974.0,700021432.0,101700.0,3102900.0,,0.0,0.0,0.0
2025-08-29,70.0,70.0,69.0,70.0,60.0,65.0,-5.0,65576200.0,4255173800.0,3431.0,65.0,65.0,2280500.0,64.0,255400.0,2149942974.0,2149942974.0,700021432.0,1562800.0,166700.0,,0.0,0.0,0.0
2025-09-01,65.0,59.0,59.0,63.0,56.0,61.0,-4.0,38511800.0,2320548300.0,1469.0,61.0,61.0,697700.0,60.0,880100.0,2149942974.0,2149942974.0,700021432.0,1292900.0,685200.0,,0.0,0.0,0.0
2025-09-02,61.0,61.0,62.0,68.0,61.0,65.0,4.0,54635300.0,3573619100.0,1852.0,65.0,66.0,977000.0,65.0,1579100.0,2149942974.0,2149942974.0,700021432.0,1389200.0,1698700.0,,0.0,0.0,0.0
2025-09-03,65.0,65.0,66.0,69.0,63.0,66.0,1.0,46255400.0,3052267900.0,1951.0,66.0,67.0,1466100.0,66.0,100600.0,2149942974.0,2149942974.0,700021432.0,185200.0,2904300.0,,0.0,0.0,0.0
2025-09-04,66.0,66.0,66.0,89.0,66.0,69.0,3.0,1490765200.0,120866484600.0,40814.0,69.0,70.0,772700.0,69.0,20790700.0,2149942974.0,2149942974.0,700021432.0,35214600.0,26544900.0,,0.0,0.0,0.0
2025-09-08,69.0,72.0,73.0,89.0,72.0,83.0,14.0,1574426600.0,130926512700.0,43883.0,83.0,83.0,5626500.0,82.0,1811400.0,2149942974.0,2149942974.0,700021432.0,174231600.0,173922200.0,,0.0,0.0,0.0
2025-09-09,83.0,84.0,85.0,89.0,71.0,75.0,-8.0,306685000.0,23999742900.0,13226.0,75.0,75.0,174500.0,74.0,277400.0,2149942974.0,2149942974.0,700021432.0,11062700.0,8836300.0,,0.0,0.0,0.0
2025-09-10,75.0,75.0,76.0,81.0,70.0,76.0,1.0,243094900.0,18604453300.0,9252.0,76.0,77.0,2467800.0,76.0,2251700.0,2149942974.0,2149942974.0,700021432.0,10096400.0,9870000.0,,0.0,0.0,0.0
2025-09-11,76.0,78.0,78.0,79.0,73.0,75.0,-1.0,80011200.0,6023730600.0,4496.0,75.0,76.0,4905500.0,75.0,7101800.0,2149942974.0,2149942974.0,700021432.0,1267600.0,2344500.0,,0.0,0.0,0.0
2025-09-12,75.0,75.0,75.0,76.0,73.0,74.0,-1.0,37801800.0,2789077400.0,2129.0,74.0,74.0,83000.0,73.0,3318600.0,2149942974.0,2149942974.0,700021432.0,638600.0,383300.0,,0.0,0.0,0.0
2025-09-15,74.0,75.0,74.0,79.0,72.0,76.0,2.0,106833300.0,8106710700.0,4875.0,76.0,77.0,2234100.0,76.0,146000.0,2149942974.0,2149942974.0,700021432.0,5061800.0,4269100.0,,0.0,0.0,0.0
2025-09-16,76.0,76.0,77.0,77.0,74.0,74.0,-2.0,35516600.0,2661439600.0,2373.0,74.0,75.0,316200.0,74.0,2545800.0,2149942974.0,2149942974.0,700021432.0,429600.0,614200.0,,0.0,0.0,0.0
2025-09-17,74.0,75.0,75.0,86.0,74.0,76.0,2.0,357059600.0,28637308400.0,12818.0,76.0,76.0,556500.0,75.0,1371600.0,2149942974.0,2149942974.0,700021432.0,6455700.0,9029100.0,,0.0,0.0,0.0
2025-09-18,76.0,77.0,77.0,78.0,74.0,76.0,0.0,47593200.0,3611101700.0,2214.0,76.0,76.0,8431700.0,75.0,1588000.0,2149942974.0,2149942974.0,700021432.0,1255100.0,391800.0,,0.0,0.0,0.0
2025-09-19,76.0,77.0,77.0,78.0,70.0,75.0,-1.0,49560400.0,3683126200.0,2359.0,75.0,75.0,5593400.0,74.0,2903000.0,2149942974.0,2149942974.0,700021432.0,671800.0,1242200.0,,0.0,0.0,0.0
2025-09-22,75.0,75.0,74.0,75.0,72.0,73.0,-2.0,50356900.0,3651372000.0,2201.0,73.0,74.0,1490200.0,73.0,11180300.0,2149942974.0,2149942974.0,700021432.0,377200.0,5650800.0,,0.0,0.0,0.0
2025-09-23,73.0,74.0,74.0,74.0,71.0,72.0,-1.0,23241200.0,1683886600.0,1404.0,72.0,73.0,1658000.0,72.0,4382500.0,2149942974.0,2149942974.0,700021432.0,518900.0,141200.0,,0.0,0.0,0.0
2025-09-24,72.0,73.0,73.0,73.0,67.0,69.0,-3.0,56254200.0,3914973100.0,2593.0,69.0,70.0,3455600.0,69.0,1144700.0,2149942974.0,2149942974.0,700021432.0,1131500.0,223200.0,,0.0,0.0,0.0
2025-09-25,69.0,69.0,69.0,73.0,68.0,71.0,2.0,38651500.0,2724255000.0,1992.0,71.0,71.0,2625100.0,70.0,964100.0,2149942974.0,2149942974.0,700021432.0,2204300.0,575800.0,,0.0,0.0,0.0
2025-09-26,71.0,71.0,72.0,76.0,68.0,72.0,1.0,74779000.0,5436662500.0,3536.0,72.0,72.0,1543200.0,71.0,2545400.0,2149942974.0,2149942974.0,700021432.0,1544900.0,391100.0,,0.0,0.0,0.0
2025-09-29,72.0,72.0,72.0,73.0,70.0,71.0,-1.0,21733000.0,1550438700.0,1035.0,71.0,72.0,1729200.0,71.0,584600.0,2149942974.0,2149942974.0,700021432.0,113300.0,895000.0,,0.0,0.0,0.0
2025-09-30,71.0,72.0,72.0,74.0,70.0,72.0,1.0,24424800.0,1759601700.0,1623.0,72.0,73.0,2699400.0,72.0,12977600.0,2149942974.0,2149942974.0,700021432.0,595000.0,1793100.0,,0.0,0.0,0.0
2025-10-01,72.0,73.0,73.0,77.0,72.0,76.0,4.0,124399300.0,9312185100.0,4816.0,76.0,77.0,10013600.0,76.0,755800.0,2149942974.0,2149942974.0,700021432.0,4233000.0,3980200.0,,0.0,0.0,0.0
2025-10-02,76.0,77.0,77.0,94.0,75.0,86.0,10.0,1231864300.0,107099693800.0,42885.0,86.0,87.0,2465100.0,86.0,9165100.0,2149942974.0,2149942974.0,700021432.0,81835100.0,80246500.0,,0.0,0.0,0.0
2025-10-03,86.0,86.0,86.0,87.0,77.0,78.0,-8.0,152850400.0,12356215700.0,8250.0,78.0,79.0,762100.0,78.0,1166700.0,2149942974.0,2149942974.0,700021432.0,3424700.0,2557900.0,,0.0,0.0,0.0
2025-10-06,78.0,78.0,78.0,80.0,75.0,77.0,-1.0,50672700.0,3918276200.0,3625.0,77.0,77.0,212900.0,76.0,6166000.0,2149942974.0,2149942974.0,700021432.0,4701000.0,5569100.0,,0.0,0.0,0.0
2025-10-07,77.0,77.0,78.0,79.0,75.0,76.0,-1.0,38292500.0,2922190900.0,2218.0,76.0,77.0,898400.0,76.0,108200.0,2149942974.0,2149942974.0,700021432.0,1509600.0,1432800.0,,0.0,0.0,0.0
2025-10-08,76.0,77.0,77.0,84.0,76.0,83.0,7.0,186867600.0,15075066900.0,9432.0,83.0,83.0,1241900.0,82.0,1925100.0,2149942974.0,2149942974.0,700021432.0,6902400.0,7619900.0,,0.0,0.0,0.0
2025-10-09,83.0,84.0,84.0,84.0,78.0,79.0,-4.0,56988900.0,4576171800.0,3434.0,79.0,79.0,811400.0,78.0,1299000.0,2149942974.0,2149942974.0,700021432.0,3341200.0,2107700.0,,0.0,0.0,0.0
2025-10-10,79.0,79.0,78.0,83.0,76.0,80.0,1.0,33924900.0,2677535200.0,1645.0,80.0,80.0,1866600.0,79.0,586100.0,2149942974.0,2149942974.0,700021432.0,96900.0,433000.0,,0.0,0.0,0.0
2025-10-13,80.0,79.0,79.0,81.0,77.0,77.0,-3.0,40294200.0,3163902700.0,2162.0,77.0,78.0,201200.0,77.0,2694500.0,2149942974.0,2149942974.0,700021432.0,899400.0,1091700.0,,0.0,0.0,0.0
2025-10-14,77.0,77.0,78.0,78.0,67.0,71.0,-6.0,59190000.0,4342648500.0,2585.0,71.0,71.0,249200.0,70.0,1145200.0,2149942974.0,2149942974.0,700021432.0,4173600.0,5584200.0,,0.0,0.0,0.0
2025-10-15,71.0,69.0,70.0,75.0,69.0,71.0,0.0,20496300.0,1465353200.0,1477.0,71.0,72.0,267500.0,71.0,48800.0,2149942974.0,2149942974.0,700021432.0,2345800.0,4281500.0,,0.0,0.0,0.0
2025-10-16,71.0,71.0,72.0,74.0,71.0,72.0,1.0,9578000.0,690598200.0,653.0,72.0,73.0,647300.0,72.0,316000.0,2149942974.0,2149942974.0,700021432.0,678000.0,722700.0,,0.0,0.0,0.0
2025-10-17,72.0,72.0,72.0,73.0,63.0,67.0,-5.0,22290700.0,1498753500.0,1458.0,67.0,68.0,482000.0,67.0,102100.0,2149942974.0,2149942974.0,700021432.0,839800.0,3364600.0,,0.0,0.0,0.0
2025-10-20,67.0,67.0,67.0,69.0,63.0,66.0,-1.0,16104600.0,1055299000.0,961.0,66.0,67.0,450000.0,66.0,147900.0,2149942974.0,2149942974.0,700021432.0,3283500.0,3512600.0,,0.0,0.0,0.0
2025-10-21,66.0,67.0,68.0,71.0,67.0,69.0,3.0,10351500.0,713905200.0,977.0,69.0,70.0,705400.0,69.0,90600.0,2149942974.0,2149942974.0,700021432.0,1545600.0,602900.0,,0.0,0.0,0.0
2025-10-22,69.0,69.0,68.0,69.0,65.0,69.0,0.0,12614000.0,847019200.0,971.0,69.0,69.0,394600.0,68.0,578000.0,2149942974.0,2149942974.0,700021432.0,653800.0,826200.0,,0.0,0.0,0.0
2025-10-23,69.0,69.0,70.0,70.0,65.0,68.0,-1.0,22697700.0,1515745100.0,1430.0,68.0,68.0,127600.0,67.0,1611900.0,2149942974.0,2149942974.0,700021432.0,243700.0,945500.0,,0.0,0.0,0.0
2025-10-24,68.0,68.0,67.0,74.0,66.0,67.0,-1.0,47373400.0,3318919100.0,2361.0,67.0,68.0,171400.0,67.0,370700.0,2149942974.0,2149942974.0,700021432.0,3366900.0,334300.0,,0.0,0.0,0.0
2025-10-27,67.0,68.0,67.0,68.0,65.0,66.0,-1.0,14824300.0,980185600.0,1029.0,66.0,67.0,464100.0,66.0,922800.0,2149942974.0,2149942974.0,700021432.0,672400.0,297700.0,,0.0,0.0,0.0
2025-10-28,66.0,66.0,67.0,67.0,63.0,65.0,-1.0,12071700.0,788506900.0,771.0,65.0,66.0,10000.0,65.0,2960200.0,2149942974.0,2149942974.0,700021432.0,734100.0,407600.0,,0.0,0.0,0.0
2025-10-29,65.0,66.0,66.0,81.0,66.0,70.0,5.0,296803000.0,22156410700.0,15684.0,70.0,71.0,2552600.0,70.0,2018800.0,2149942974.0,2149942974.0,700021432.0,6856800.0,4495300.0,,0.0,0.0,0.0
2025-10-30,70.0,70.0,71.0,71.0,68.0,69.0,-1.0,27982200.0,1935694400.0,1696.0,69.0,70.0,3652400.0,69.0,303700.0,2149942974.0,2149942974.0,700021432.0,1582600.0,109100.0,,0.0,0.0,0.0
2025-10-31,69.0,70.0,70.0,73.0,68.0,68.0,-1.0,45036600.0,3177233000.0,2485.0,68.0,69.0,77000.0,68.0,2503400.0,2149942974.0,2149942974.0,700021432.0,243900.0,195200.0,,0.0,0.0,0.0
2025-11-04,69.0,69.0,69.0,70.0,67.0,68.0,-1.0,13293800.0,908063700.0,1009.0,68.0,69.0,3104600.0,68.0,243800.0,2149942974.0,2149942974.0,700021432.0,1006700.0,412900.0,,0.0,0.0,0.0
2025-11-05,68.0,68.0,69.0,76.0,67.0,69.0,1.0,107461500.0,7732424500.0,4710.0,69.0,70.0,4042000.0,69.0,28600.0,2149942974.0,2149942974.0,700021432.0,5175600.0,5547000.0,,0.0,0.0,0.0
2025-11-06,69.0,69.0,69.0,71.0,68.0,70.0,1.0,21438600.0,1493335000.0,1076.0,70.0,70.0,2468600.0,69.0,2745500.0,2149942974.0,2149942974.0,700021432.0,408300.0,764500.0,,0.0,0.0,0.0
2025-11-07,70.0,70.0,70.0,70.0,68.0,69.0,-1.0,12795900.0,886458000.0,773.0,69.0,70.0,1897200.0,69.0,7533800.0,2149942974.0,2149942974.0,700021432.0,35300.0,23900.0,,0.0,0.0,0.0
2025-11-10,69.0,70.0,69.0,72.0,68.0,71.0,2.0,21683100.0,1515868100.0,1029.0,71.0,71.0,3547600.0,70.0,426900.0,2149942974.0,2149942974.0,700021432.0,467600.0,2119600.0,,0.0,0.0,0.0
2025-11-11,71.0,71.0,71.0,71.0,69.0,69.0,-2.0,12956200.0,899588400.0,847.0,69.0,70.0,2792700.0,69.0,9640300.0,2149942974.0,2149942974.0,700021432.0,671500.0,23500.0,,0.0,0.0,0.0
2025-11-12,69.0,70.0,70.0,71.0,69.0,70.0,1.0,12449900.0,868196000.0,1068.0,70.0,70.0,2267600.0,69.0,6599300.0,2149942974.0,2149942974.0,700021432.0,24200.0,236600.0,,0.0,0.0,0.0
2025-11-13,70.0,70.0,69.0,71.0,69.0,71.0,1.0,10752500.0,748074500.0,783.0,71.0,71.0,3164900.0,70.0,48500.0,2149942974.0,2149942974.0,700021432.0,23900.0,861500.0,,0.0,0.0,0.0
2025-11-14,71.0,71.0,71.0,71.0,68.0,69.0,-2.0,8534500.0,591034300.0,551.0,69.0,70.0,2843300.0,69.0,21508100.0,2149942974.0,2149942974.0,700021432.0,3023600.0,402400.0,,0.0,0.0,0.0
2025-11-17,69.0,69.0,69.0,71.0,69.0,70.0,1.0,10922100.0,759599000.0,440.0,70.0,70.0,5257400.0,69.0,1482700.0,2149942974.0,2149942974.0,700021432.0,624200.0,59900.0,,0.0,0.0,0.0
2025-11-18,70.0,70.0,70.0,70.0,68.0,68.0,-2.0,10556400.0,720375200.0,646.0,68.0,69.0,1173600.0,68.0,131700.0,2149942974.0,2149942974.0,700021432.0,1523900.0,222800.0,,0.0,0.0,0.0
2025-11-19,68.0,69.0,69.0,71.0,67.0,68.0,0.0,17694700.0,1219895100.0,1083.0,68.0,69.0,302600.0,68.0,4219000.0,2149942974.0,2149942974.0,700021432.0,637400.0,0.0,,0.0,0.0,0.0
2025-11-20,68.0,69.0,68.0,74.0,68.0,69.0,1.0,62252700.0,4414848000.0,8550.0,69.0,70.0,1453900.0,69.0,428200.0,2149942974.0,2149942974.0,700021432.0,1344400.0,0.0,,0.0,0.0,0.0
2025-11-21,69.0,70.0,70.0,71.0,69.0,69.0,0.0,12808300.0,892756500.0,603.0,69.0,70.0,2677200.0,69.0,545500.0,2149942974.0,2149942974.0,700021432.0,108800.0,0.0,,0.0,0.0,0.0
2025-11-24,69.0,68.0,68.0,69.0,68.0,68.0,-1.0,7606300.0,518557400.0,646.0,68.0,69.0,1102100.0,68.0,1102700.0,2149942974.0,2149942974.0,700021432.0,0.0,0.0,,0.0,0.0,0.0
2025-11-25,68.0,68.0,68.0,71.0,68.0,69.0,1.0,17537900.0,1217740100.0,5917.0,69.0,70.0,2798000.0,69.0,1103400.0,2149942974.0,2149942974.0,700021432.0,11400.0,14700.0,,0.0,0.0,0.0
2025-11-26,69.0,69.0,69.0,70.0,67.0,68.0,-1.0,16805400.0,1151936700.0,730.0,68.0,69.0,1154100.0,68.0,4007400.0,2149942974.0,2149942974.0,700021432.0,8000.0,0.0,,0.0,0.0,0.0
2025-11-27,68.0,69.0,69.0,69.0,66.0,67.0,-1.0,12406200.0,838223500.0,701.0,67.0,68.0,574800.0,67.0,2354800.0,2149942974.0,2149942974.0,700021432.0,106700.0,0.0,,0.0,0.0,0.0
2025-11-28,67.0,67.0,67.0,69.0,66.0,67.0,0.0,7136900.0,480808200.0,441.0,67.0,68.0,1059100.0,67.0,832000.0,2149942974.0,2149942974.0,700021432.0,127800.0,76900.0,,0.0,0.0,0.0
2025-12-01,67.0,67.0,67.0,68.0,65.0,66.0,-1.0,13527100.0,896478600.0,864.0,66.0,67.0,1299200.0,66.0,162100.0,2149942974.0,2149942974.0,700021432.0,138500.0,0.0,,0.0,0.0,0.0
2025-12-02,66.0,67.0,67.0,67.0,65.0,67.0,1.0,3489300.0,231933900.0,382.0,67.0,67.0,1206100.0,66.0,1766200.0,2149942974.0,2149942974.0,700021432.0,0.0,0.0,,0.0,0.0,0.0
2025-12-03,67.0,67.0,66.0,68.0,66.0,68.0,1.0,6258100.0,417879100.0,577.0,68.0,68.0,2669000.0,67.0,448400.0,2149942974.0,2149942974.0,700021432.0,77200.0,0.0,,0.0,0.0,0.0
2025-12-04,68.0,68.0,68.0,71.0,66.0,70.0,2.0,41941200.0,2901216600.0,2475.0,70.0,71.0,2791400.0,70.0,98500.0,2149942974.0,2149942974.0,700021432.0,41900.0,21200.0,,0.0,0.0,0.0
2025-12-05,70.0,70.0,71.0,84.0,70.0,76.0,6.0,404132200.0,31337006200.0,17888.0,76.0,76.0,2636900.0,75.0,541000.0,2149942974.0,2149942974.0,700021432.0,1706600.0,1957800.0,,0.0,0.0,0.0
2025-12-08,76.0,76.0,76.0,80.0,74.0,78.0,2.0,90634800.0,7012386400.0,4905.0,78.0,79.0,11083400.0,78.0,601000.0,2149942974.0,2149942974.0,700021432.0,51700.0,4611500.0,,0.0,0.0,0.0
2025-12-09,78.0,79.0,80.0,83.0,78.0,80.0,2.0,109027600.0,8695125500.0,5128.0,80.0,80.0,55000.0,79.0,3093800.0,2149942974.0,2149942974.0,700021432.0,258600.0,8470500.0,,0.0,0.0,0.0
2025-12-10,80.0,80.0,81.0,82.0,75.0,76.0,-4.0,58366500.0,4527335700.0,3751.0,76.0,77.0,206700.0,76.0,3611600.0,2149942974.0,2149942974.0,700021432.0,112600.0,153000.0,,0.0,0.0,0.0
2025-12-11,76.0,76.0,76.0,80.0,76.0,76.0,0.0,44945400.0,3505195300.0,2978.0,76.0,77.0,940300.0,76.0,80500.0,2149942974.0,2149942974.0,700021432.0,64800.0,874700.0,,0.0,0.0,0.0
2025-12-12,76.0,77.0,77.0,78.0,76.0,77.0,1.0,23314400.0,1791901000.0,1141.0,77.0,77.0,1941600.0,76.0,67800.0,2149942974.0,2149942974.0,700021432.0,39500.0,451900.0,,0.0,0.0,0.0
2025-12-15,77.0,77.0,77.0,78.0,76.0,76.0,-1.0,16943500.0,1297880100.0,1268.0,76.0,77.0,1907300.0,76.0,75000.0,2149942974.0,2149942974.0,700021432.0,6100.0,1278000.0,,0.0,0.0,0.0
2025-12-16,76.0,76.0,76.0,77.0,76.0,77.0,1.0,11925100.0,909756800.0,822.0,77.0,77.0,2605600.0,76.0,4150600.0,2149942974.0,2149942974.0,700021432.0,400000.0,2103800.0,,0.0,0.0,0.0
2025-12-17,77.0,77.0,77.0,77.0,74.0,76.0,-1.0,21293300.0,1605383400.0,1116.0,76.0,77.0,4222600.0,76.0,740400.0,2149942974.0,2149942974.0,700021432.0,43400.0,1485500.0,,0.0,0.0,0.0
2025-12-18,76.0,75.0,76.0,80.0,75.0,77.0,1.0,46821100.0,3625486600.0,2379.0,77.0,78.0,2762100.0,77.0,1146700.0,2149942974.0,2149942974.0,700021432.0,273800.0,1347100.0,,0.0,0.0,0.0
2025-12-19,77.0,77.0,77.0,77.0,72.0,75.0,-2.0,19060100.0,1432131400.0,1063.0,75.0,76.0,391700.0,75.0,960500.0,2149942974.0,2149942974.0,700021432.0,145100.0,98300.0,,0.0,0.0,0.0
2025-12-22,75.0,75.0,75.0,77.0,73.0,73.0,-2.0,11851300.0,876608600.0,866.0,73.0,74.0,896100.0,73.0,108000.0,2149942974.0,2149942974.0,700021432.0,151600.0,460500.0,,0.0,0.0,0.0
2025-12-23,73.0,74.0,73.0,74.0,72.0,74.0,1.0,9155800.0,667221700.0,763.0,74.0,74.0,1471600.0,73.0,427300.0,2149942974.0,2149942974.0,700021432.0,206800.0,950300.0,,0.0,0.0,0.0
2025-12-24,74.0,74.0,73.0,74.0,71.0,72.0,-2.0,9822800.0,709709600.0,682.0,72.0,72.0,797900.0,71.0,1736000.0,2149942974.0,2149942974.0,700021432.0,387900.0,259000.0,,0.0,0.0,0.0
2025-12-29,72.0,71.0,71.0,76.0,70.0,76.0,4.0,29459100.0,2174715500.0,1473.0,76.0,77.0,2065200.0,76.0,3234100.0,2149942974.0,2149942974.0,700021432.0,203800.0,379300.0,,0.0,0.0,0.0
2025-12-30,76.0,76.0,77.0,77.0,74.0,75.0,-1.0,9307100.0,706017800.0,618.0,75.0,76.0,1023400.0,75.0,1288600.0,2149942974.0,2149942974.0,700021432.0,44200.0,371700.0,,0.0,0.0,0.0
2026-01-02,75.0,75.0,76.0,78.0,75.0,77.0,2.0,20801200.0,1599829800.0,1121.0,77.0,77.0,1742600.0,76.0,2890600.0,2149942974.0,2149942974.0,700021432.0,24500.0,467100.0,,0.0,0.0,0.0
2026-01-05,77.0,77.0,77.0,79.0,77.0,78.0,1.0,26836400.0,2094453600.0,1516.0,78.0,78.0,1447200.0,77.0,6553700.0,2149942974.0,2149942974.0,700021432.0,151800.0,563600.0,,0.0,0.0,0.0
2026-01-06,78.0,79.0,79.0,83.0,78.0,82.0,4.0,65585500.0,5279985800.0,4116.0,82.0,83.0,4183500.0,82.0,2457700.0,2149942974.0,2149942974.0,700021432.0,165000.0,298900.0,,0.0,0.0,0.0
2026-01-07,82.0,83.0,84.0,84.0,77.0,78.0,-4.0,34109000.0,2737940300.0,2509.0,78.0,79.0,1285200.0,78.0,1064800.0,2149942974.0,2149942974.0,700021432.0,771300.0,873200.0,,0.0,0.0,0.0
2026-01-08,78.0,78.0,78.0,79.0,75.0,77.0,-1.0,31473700.0,2416119500.0,2730.0,77.0,77.0,868900.0,76.0,504000.0,2149942974.0,2149942974.0,700021432.0,398400.0,21600.0,,0.0,0.0,0.0
2026-01-09,77.0,77.0,76.0,77.0,75.0,76.0,-1.0,12879800.0,979126000.0,837.0,76.0,77.0,3625300.0,76.0,3472500.0,2149942974.0,2149942974.0,700021432.0,359800.0,0.0,,0.0,0.0,0.0
2026-01-12,76.0,76.0,77.0,77.0,73.0,75.0,-1.0,22232500.0,1671976400.0,1153.0,75.0,75.0,996600.0,74.0,724800.0,2149942974.0,2149942974.0,700021432.0,83700.0,22200.0,,0.0,0.0,0.0
2026-01-13,75.0,75.0,74.0,77.0,73.0,75.0,0.0,20006100.0,1499602800.0,809.0,75.0,76.0,2817600.0,75.0,4409100.0,2149942974.0,2149942974.0,700021432.0,305700.0,668200.0,,0.0,0.0,0.0
2026-01-14,75.0,75.0,76.0,76.0,74.0,75.0,0.0,11047000.0,827352400.0,511.0,75.0,76.0,3340800.0,75.0,10799800.0,2149942974.0,2149942974.0,700021432.0,22500.0,490600.0,,0.0,0.0,0.0
2026-01-15,75.0,76.0,76.0,79.0,75.0,76.0,1.0,29697200.0,2278378600.0,1378.0,76.0,76.0,311600.0,75.0,2776100.0,2149942974.0,2149942974.0,700021432.0,284500.0,1693700.0,,0.0,0.0,0.0
2026-01-19,76.0,76.0,76.0,77.0,75.0,76.0,0.0,13464800.0,1019584300.0,943.0,76.0,77.0,3428500.0,76.0,57100.0,2149942974.0,2149942974.0,700021432.0,462400.0,22300.0,,0.0,0.0,0.0
2026-01-20,76.0,76.0,76.0,79.0,75.0,78.0,2.0,33901100.0,2625776800.0,2224.0,78.0,78.0,1322800.0,77.0,2674000.0,2149942974.0,2149942974.0,700021432.0,1282500.0,345200.0,,0.0,0.0,0.0
2026-01-21,78.0,78.0,78.0,79.0,74.0,75.0,-3.0,19249900.0,1459203200.0,1259.0,75.0,76.0,1440900.0,75.0,865300.0,2149942974.0,2149942974.0,700021432.0,1385100.0,8400.0,,0.0,0.0,0.0
2026-01-22,75.0,75.0,75.0,101.0,75.0,101.0,26.0,955657100.0,90914070800.0,40810.0,101.0,0.0,0.0,101.0,90515200.0,2149942974.0,2149942974.0,700021432.0,229200.0,3972200.0,,0.0,0.0,0.0
2026-01-23,101.0,119.0,118.0,129.0,91.0,91.0,-10.0,1235311500.0,133064134700.0,64860.0,91.0,91.0,314000.0,90.0,2822900.0,2149942974.0,2149942974.0,700021432.0,90325600.0,93823200.0,,0.0,0.0,0.0
2026-01-26,91.0,92.0,92.0,94.0,82.0,89.0,-2.0,151454600.0,13101126600.0,10829.0,89.0,90.0,389300.0,89.0,123400.0,2149942974.0,2149942974.0,700021432.0,1198800.0,22203400.0,,0.0,0.0,0.0
2026-01-27,89.0,89.0,90.0,120.0,87.0,120.0,31.0,1255838400.0,141435008700.0,59416.0,120.0,0.0,0.0,120.0,80541700.0,2149942974.0,2149942974.0,700021432.0,38635000.0,46707400.0,,0.0,0.0,0.0
2026-01-28,120.0,120.0,120.0,123.0,102.0,102.0,-18.0,100297500.0,11220987400.0,6546.0,102.0,102.0,45684800.0,0.0,0.0,2149942974.0,2149942974.0,700021432.0,1118600.0,1207200.0,,0.0,0.0,0.0
2026-01-29,102.0,87.0,87.0,94.0,87.0,87.0,-15.0,287202700.0,25382356700.0,11817.0,87.0,87.0,2280500.0,0.0,0.0,2149942974.0,2149942974.0,700021432.0,5327900.0,3950300.0,,0.0,0.0,0.0
2026-01-30,87.0,87.0,88.0,100.0,84.0,92.0,5.0,264604000.0,24382996700.0,14196.0,92.0,92.0,6006300.0,91.0,1617300.0,2149942974.0,2149942974.0,700021432.0,29049400.0,21580200.0,,0.0,0.0,0.0
2026-02-02,92.0,93.0,93.0,95.0,79.0,79.0,-13.0,133468100.0,11238193800.0,7626.0,79.0,79.0,11839800.0,0.0,0.0,2149942974.0,2149942974.0,700021432.0,26358400.0,10304900.0,,0.0,0.0,0.0
2026-02-03,79.0,79.0,79.0,87.0,71.0,83.0,4.0,127538000.0,10159069300.0,6236.0,83.0,84.0,623900.0,83.0,209700.0,2149942974.0,2149942974.0,700021432.0,16621700.0,24513800.0,,0.0,0.0,0.0
2026-02-04,83.0,83.0,83.0,108.0,80.0,98.0,15.0,924548900.0,93487012400.0,51297.0,98.0,99.0,486200.0,98.0,2380500.0,2149942974.0,2149942974.0,700021432.0,113989900.0,93100900.0,,0.0,0.0,0.0
2026-02-05,98.0,99.0,99.0,108.0,91.0,92.0,-6.0,288951700.0,28486991900.0,21034.0,92.0,93.0,634200.0,92.0,390500.0,2149942974.0,2149942974.0,700021432.0,30673700.0,16252100.0,,0.0,0.0,0.0
2026-02-06,92.0,91.0,91.0,92.0,83.0,87.0,-5.0,66754400.0,5884940700.0,5434.0,87.0,87.0,117400.0,86.0,1468300.0,2149942974.0,2149942974.0,700021432.0,7103100.0,15589000.0,,0.0,0.0,0.0
2026-02-09,87.0,87.0,88.0,103.0,87.0,94.0,7.0,530581400.0,52268557300.0,31210.0,94.0,95.0,957000.0,94.0,1068300.0,2149942974.0,2149942974.0,700021432.0,52767400.0,52553900.0,,0.0,0.0,0.0
2026-02-10,94.0,94.0,95.0,96.0,91.0,95.0,1.0,92879400.0,8711704500.0,7492.0,95.0,96.0,4179600.0,95.0,1358800.0,2149942974.0,2149942974.0,700021432.0,14188800.0,15042200.0,,0.0,0.0,0.0
2026-02-11,95.0,97.0,97.0,98.0,92.0,95.0,0.0,84284500.0,7952735300.0,6338.0,95.0,95.0,1753400.0,94.0,578200.0,2149942974.0,2149942974.0,700021432.0,6124200.0,12107100.0,,0.0,0.0,0.0
2026-02-12,95.0,95.0,96.0,97.0,92.0,94.0,-1.0,56732700.0,5327725800.0,4034.0,94.0,94.0,1368500.0,93.0,211800.0,2149942974.0,2149942974.0,700021432.0,7626900.0,2172800.0,,0.0,0.0,0.0
2026-02-13,94.0,94.0,95.0,112.0,93.0,101.0,7.0,824366000.0,86448928500.0,43026.0,101.0,101.0,2774000.0,100.0,2592500.0,2149942974.0,2149942974.0,700021432.0,57813600.0,49523100.0,,0.0,0.0,0.0
2026-02-18,101.0,103.0,104.0,106.0,101.0,103.0,2.0,168121100.0,17363076700.0,12048.0,103.0,104.0,1580500.0,103.0,924000.0,2149942974.0,2149942974.0,700021432.0,12708200.0,16826200.0,,0.0,0.0,0.0
2026-02-19,103.0,104.0,104.0,105.0,100.0,102.0,-1.0,81904000.0,8363378300.0,5287.0,102.0,103.0,1586700.0,102.0,900.0,2149942974.0,2149942974.0,700021432.0,10850700.0,7057700.0,,0.0,0.0,0.0
2026-02-20,102.0,104.0,103.0,117.0,102.0,105.0,3.0,456880500.0,49900475300.0,26275.0,105.0,105.0,391600.0,104.0,1076400.0,2149942974.0,2149942974.0,700021432.0,48841300.0,49771600.0,,0.0,0.0,0.0
2026-02-23,105.0,105.0,105.0,112.0,103.0,106.0,1.0,171022300.0,18373016500.0,11120.0,106.0,106.0,1545300.0,105.0,2534800.0,2149942974.0,2149942974.0,700021432.0,18406400.0,15658400.0,,0.0,0.0,0.0
2026-02-24,106.0,107.0,106.0,107.0,96.0,99.0,-7.0,83022000.0,8468164900.0,5562.0,99.0,99.0,2353200.0,98.0,1105700.0,2149942974.0,2149942974.0,700021432.0,3680200.0,2909300.0,,0.0,0.0,0.0
2026-02-25,99.0,97.0,97.0,105.0,97.0,101.0,2.0,73631100.0,7448155000.0,4039.0,101.0,101.0,2035500.0,100.0,702700.0,2149942974.0,2149942974.0,700021432.0,8084300.0,10607200.0,,0.0,0.0,0.0
2026-02-26,101.0,102.0,102.0,110.0,96.0,98.0,-3.0,220794700.0,22864613700.0,11888.0,98.0,99.0,2367300.0,98.0,106600.0,2149942974.0,2149942974.0,700021432.0,14488500.0,10305400.0,,0.0,0.0,0.0
2026-02-27,98.0,97.0,97.0,97.0,92.0,95.0,-3.0,38965300.0,3684758000.0,2810.0,95.0,95.0,888300.0,94.0,288000.0,2149942974.0,2149942974.0,700021432.0,2105900.0,7492700.0,,0.0,0.0,0.0
2026-03-02,95.0,91.0,91.0,91.0,83.0,83.0,-12.0,67004500.0,5863304000.0,3788.0,83.0,83.0,585800.0,82.0,641900.0,2149942974.0,2149942974.0,700021432.0,9708100.0,11255800.0,,0.0,0.0,0.0
2026-03-03,83.0,83.0,83.0,93.0,83.0,89.0,6.0,47166700.0,4195692100.0,3887.0,89.0,90.0,230300.0,89.0,768700.0,2149942974.0,2149942974.0,700021432.0,5251800.0,10836400.0,,0.0,0.0,0.0
2026-03-04,89.0,90.0,91.0,91.0,79.0,81.0,-8.0,52891500.0,4385369700.0,3086.0,81.0,83.0,174500.0,81.0,39200.0,2149942974.0,2149942974.0,700021432.0,9746700.0,12476700.0,,0.0,0.0,0.0
2026-03-05,81.0,83.0,83.0,87.0,82.0,83.0,2.0,18668000.0,1573224400.0,1513.0,83.0,83.0,7500.0,82.0,134100.0,2149942974.0,2149942974.0,700021432.0,1854900.0,2624600.0,,0.0,0.0,0.0
2026-03-06,83.0,86.0,86.0,92.0,79.0,79.0,-4.0,85080800.0,7233062900.0,4763.0,79.0,80.0,722100.0,79.0,2593700.0,2149942974.0,2149942974.0,700021432.0,23000900.0,9340600.0,,12140.0,1068320.0,1.0
2026-03-09,79.0,78.0,78.0,78.0,68.0,72.0,-7.0,40018300.0,2880090900.0,2311.0,72.0,72.0,169500.0,71.0,471600.0,2149942974.0,2149942974.0,700021432.0,1629500.0,13732400.0,,0.0,0.0,0.0
2026-03-10,72.0,72.0,73.0,77.0,72.0,74.0,2.0,19454200.0,1449005900.0,1596.0,74.0,75.0,665200.0,74.0,275100.0,2149942974.0,2149942974.0,700021432.0,3319700.0,684300.0,,0.0,0.0,0.0
2026-03-11,74.0,75.0,76.0,80.0,74.0,75.0,1.0,19420300.0,1477441900.0,1730.0,75.0,76.0,287200.0,75.0,77000.0,2149942974.0,2149942974.0,700021432.0,2547700.0,1584000.0,,0.0,0.0,0.0
2026-03-12,75.0,76.0,76.0,95.0,76.0,82.0,7.0,715598300.0,63287688900.0,33497.0,82.0,83.0,701400.0,82.0,2421000.0,2149942974.0,2149942974.0,700021432.0,72308800.0,65771600.0,,0.0,0.0,0.0
2026-03-13,82.0,83.0,83.0,86.0,76.0,76.0,-6.0,83970500.0,6709985600.0,5252.0,76.0,77.0,162000.0,76.0,2034700.0,2149942974.0,2149942974.0,700021432.0,8981400.0,6045900.0,,0.0,0.0,0.0
2026-03-16,76.0,77.0,77.0,78.0,69.0,73.0,-3.0,28154000.0,2048606000.0,1971.0,73.0,73.0,952200.0,72.0,1433300.0,2149942974.0,2149942974.0,700021432.0,2270300.0,4090200.0,,0.0,0.0,0.0
2026-03-17,73.0,73.0,73.0,77.0,72.0,73.0,0.0,18581900.0,1371462400.0,1427.0,73.0,73.0,141500.0,72.0,204600.0,2149942974.0,2149942974.0,700021432.0,977500.0,948800.0,,0.0,0.0,0.0
2026-03-25,73.0,72.0,72.0,77.0,72.0,76.0,3.0,25002800.0,1885497000.0,1577.0,76.0,77.0,1316500.0,76.0,510900.0,2149942974.0,2149942974.0,700021432.0,139500.0,7192600.0,,0.0,0.0,0.0
2026-03-26,76.0,77.0,77.0,84.0,76.0,78.0,2.0,41986200.0,3346478700.0,2499.0,78.0,78.0,561300.0,77.0,427000.0,2149942974.0,2149942974.0,700021432.0,6980400.0,4146900.0,,0.0,0.0,0.0
2026-03-27,78.0,78.0,78.0,79.0,76.0,77.0,-1.0,24574600.0,1896085000.0,1135.0,77.0,78.0,555000.0,77.0,250900.0,2149942974.0,2149942974.0,700021432.0,1165500.0,1757100.0,,0.0,0.0,0.0
2026-03-30,77.0,77.0,77.0,77.0,73.0,77.0,0.0,14125900.0,1064608500.0,957.0,77.0,77.0,263700.0,76.0,283900.0,2149942974.0,2149942974.0,700021432.0,1748500.0,1039100.0,,0.0,0.0,0.0
2026-03-31,77.0,77.0,77.0,81.0,75.0,76.0,-1.0,49069900.0,3836904500.0,2834.0,76.0,77.0,5000.0,76.0,3843500.0,2149942974.0,2149942974.0,700021432.0,9385000.0,716400.0,,0.0,0.0,0.0
2026-04-01,76.0,77.0,78.0,87.0,77.0,81.0,5.0,107793100.0,8795401200.0,5790.0,81.0,81.0,1538500.0,80.0,91800.0,2149942974.0,2149942974.0,700021432.0,10437400.0,11060700.0,,0.0,0.0,0.0
2026-04-02,81.0,81.0,81.0,82.0,77.0,77.0,-4.0,23652400.0,1850111600.0,1850.0,77.0,78.0,382900.0,77.0,1924800.0,2149942974.0,2149942974.0,700021432.0,1218300.0,681400.0,,0.0,0.0,0.0
2026-04-06,77.0,77.0,76.0,78.0,75.0,77.0,0.0,14545300.0,1112638500.0,1188.0,77.0,77.0,376300.0,76.0,492900.0,2149942974.0,2149942974.0,700021432.0,13400.0,2247600.0,,0.0,0.0,0.0
2026-04-07,77.0,78.0,78.0,79.0,76.0,76.0,-1.0,11377100.0,875033600.0,1080.0,76.0,77.0,123600.0,76.0,2529600.0,2149942974.0,2149942974.0,700021432.0,1592100.0,474900.0,,0.0,0.0,0.0
2026-04-08,76.0,79.0,79.0,86.0,76.0,81.0,5.0,153861000.0,12595743200.0,11386.0,81.0,81.0,653100.0,80.0,2677900.0,2149942974.0,2149942974.0,700021432.0,12281100.0,11596400.0,,0.0,0.0,0.0
2026-04-09,81.0,81.0,81.0,87.0,79.0,84.0,3.0,84869400.0,7069983000.0,4879.0,84.0,84.0,1701800.0,83.0,575700.0,2149942974.0,2149942974.0,700021432.0,2351800.0,1566500.0,,0.0,0.0,0.0
2026-04-10,84.0,86.0,86.0,90.0,83.0,83.0,-1.0,94234200.0,8090006900.0,5994.0,83.0,84.0,625300.0,83.0,1822300.0,2149942974.0,2149942974.0,700021432.0,6257600.0,8262800.0,,0.0,0.0,0.0
2026-04-13,83.0,83.0,83.0,86.0,81.0,85.0,2.0,37199200.0,3118838700.0,2430.0,85.0,85.0,692200.0,84.0,1540800.0,2149942974.0,2149942974.0,700021432.0,1197600.0,7696400.0,,0.0,0.0,0.0
2026-04-14,85.0,86.0,86.0,89.0,84.0,86.0,1.0,68092600.0,5857491800.0,3536.0,86.0,87.0,2602500.0,86.0,191700.0,2149942974.0,2149942974.0,700021432.0,6376000.0,4876200.0,,0.0,0.0,0.0
2026-04-15,86.0,87.0,87.0,90.0,84.0,86.0,0.0,72934900.0,6370938900.0,3784.0,86.0,86.0,552700.0,85.0,1982500.0,2149942974.0,2149942974.0,700021432.0,6215000.0,3656700.0,,0.0,0.0,0.0
2026-04-16,86.0,86.0,87.0,88.0,85.0,86.0,0.0,28203900.0,2433945000.0,1749.0,86.0,87.0,2000200.0,86.0,704900.0,2149942974.0,2149942974.0,700021432.0,1158400.0,1618200.0,,0.0,0.0,0.0
2026-04-17,86.0,87.0,87.0,88.0,83.0,83.0,-3.0,26176900.0,2222327900.0,1586.0,83.0,84.0,89900.0,83.0,3249500.0,2149942974.0,2149942974.0,700021432.0,2997500.0,93800.0,,0.0,0.0,0.0
2026-04-20,83.0,83.0,83.0,85.0,81.0,83.0,0.0,30182900.0,2492479400.0,1667.0,83.0,83.0,1122700.0,82.0,682100.0,2149942974.0,2149942974.0,700021432.0,1599300.0,669100.0,,0.0,0.0,0.0
2026-04-21,83.0,82.0,83.0,86.0,81.0,85.0,2.0,39330300.0,3300106900.0,3319.0,85.0,85.0,3232800.0,84.0,223500.0,2149942974.0,2149942974.0,700021432.0,2636000.0,3218900.0,,0.0,0.0,0.0
2026-04-22,85.0,86.0,87.0,91.0,84.0,86.0,1.0,128621900.0,11276165100.0,5655.0,86.0,87.0,2081600.0,86.0,1120700.0,2149942974.0,2149942974.0,700021432.0,6449900.0,4509000.0,,0.0,0.0,0.0
2026-04-23,86.0,88.0,88.0,88.0,84.0,86.0,0.0,42881700.0,3687719700.0,2485.0,86.0,86.0,2892700.0,85.0,32700.0,2149942974.0,2149942974.0,700021432.0,1284900.0,1353600.0,,0.0,0.0,0.0
2026-04-24,86.0,85.0,85.0,86.0,76.0,78.0,-8.0,29493200.0,2386951000.0,2335.0,78.0,79.0,1745000.0,78.0,2840100.0,2149942974.0,2149942974.0,700021432.0,760100.0,2577200.0,,0.0,0.0,0.0
2026-04-27,78.0,80.0,80.0,81.0,79.0,79.0,1.0,13301100.0,1058454900.0,1014.0,79.0,80.0,265500.0,79.0,1277200.0,2149942974.0,2149942974.0,700021432.0,427700.0,46000.0,,0.0,0.0,0.0
2026-04-28,79.0,80.0,79.0,81.0,79.0,80.0,1.0,10243100.0,819200500.0,803.0,80.0,81.0,1753700.0,80.0,322500.0,2149942974.0,2149942974.0,700021432.0,51400.0,223800.0,,0.0,0.0,0.0
2026-04-29,80.0,81.0,82.0,85.0,80.0,82.0,2.0,39621300.0,3268719600.0,2645.0,82.0,82.0,856100.0,81.0,1707600.0,2149942974.0,2149942974.0,700021432.0,1661800.0,48100.0,,0.0,0.0,0.0
2026-04-30,82.0,82.0,82.0,83.0,79.0,81.0,-1.0,20534300.0,1654758700.0,1110.0,81.0,81.0,793700.0,80.0,796200.0,2149942974.0,2149942974.0,700021432.0,72000.0,532500.0,,0.0,0.0,0.0
2026-05-04,81.0,81.0,81.0,85.0,80.0,82.0,1.0,29466000.0,2428206300.0,1494.0,82.0,82.0,140500.0,81.0,248500.0,2149942974.0,2149942974.0,700021432.0,1628100.0,1339500.0,,0.0,0.0,0.0
2026-05-05,82.0,81.0,81.0,82.0,80.0,81.0,-1.0,7994500.0,647451300.0,628.0,81.0,82.0,1413800.0,81.0,127800.0,2149942974.0,2149942974.0,700021432.0,46200.0,106600.0,,0.0,0.0,0.0
2026-05-06,81.0,82.0,82.0,83.0,80.0,81.0,0.0,17123100.0,1398829800.0,1031.0,81.0,82.0,559900.0,81.0,1169500.0,2149942974.0,2149942974.0,700021432.0,26800.0,253700.0,,0.0,0.0,0.0
2026-05-07,81.0,82.0,83.0,87.0,81.0,85.0,4.0,74807700.0,6305379200.0,4359.0,85.0,86.0,2733600.0,85.0,101500.0,2149942974.0,2149942974.0,700021432.0,2528900.0,2537000.0,,0.0,0.0,0.0
2026-05-08,85.0,85.0,85.0,86.0,81.0,81.0,-4.0,33464500.0,2752167400.0,1793.0,81.0,82.0,406800.0,81.0,2807800.0,2149942974.0,2149942974.0,700021432.0,1117300.0,802400.0,,0.0,0.0,0.0
