date,previous,open_price,first_trade,high,low,close,change,volume,value,frequency,index_individual,offer,offer_volume,bid,bid_volume,listed_shares,tradeble_shares,weight_for_index,foreign_sell,foreign_buy,delisting_date,non_regular_volume,non_regular_value,non_regular_frequency
2019-07-29,50.0,0.0,0.0,50.0,50.0,50.0,0.0,100.0,5000.0,1.0,92.8,50.0,48103100.0,0.0,0.0,3966350139.0,3966350139.0,3966350139.0,0.0,0.0,,0.0,0.0,0.0
2019-07-30,50.0,0.0,0.0,50.0,50.0,50.0,0.0,200.0,10000.0,1.0,92.8,50.0,45925700.0,0.0,0.0,3966350139.0,3966350139.0,3966350139.0,0.0,0.0,,0.0,0.0,0.0
2019-07-31,50.0,0.0,0.0,50.0,50.0,50.0,0.0,100.0,5000.0,1.0,92.8,50.0,45992400.0,0.0,0.0,3966350139.0,3966350139.0,3966350139.0,0.0,0.0,,0.0,0.0,0.0
2019-08-01,50.0,0.0,0.0,50.0,50.0,50.0,0.0,24600.0,1230000.0,3.0,92.8,50.0,46073200.0,0.0,0.0,3966350139.0,3966350139.0,3966350139.0,0.0,0.0,,0.0,0.0,0.0
2019-08-02,50.0,0.0,0.0,50.0,50.0,50.0,0.0,100.0,5000.0,1.0,92.8,50.0,44724900.0,0.0,0.0,3966350139.0,3966350139.0,3966350139.0,0.0,0.0,,0.0,0.0,0.0
2019-08-05,50.0,0.0,0.0,50.0,50.0,50.0,0.0,100.0,5000.0,1.0,92.8,50.0,46034600.0,0.0,0.0,3966350139.0,3966350139.0,3966350139.0,0.0,0.0,,0.0,0.0,0.0
2019-08-06,50.0,0.0,0.0,50.0,50.0,50.0,0.0,100.0,5000.0,1.0,92.8,50.0,46423300.0,0.0,0.0,3966350139.0,3966350139.0,3966350139.0,0.0,0.0,,0.0,0.0,0.0
2019-08-07,50.0,0.0,0.0,0.0,0.0,50.0,0.0,0.0,0.0,0.0,92.8,50.0,45171300.0,0.0,0.0,3966350139.0,3966350139.0,3966350139.0,0.0,0.0,,0.0,0.0,0.0
2019-08-08,50.0,0.0,0.0,50.0,50.0,50.0,0.0,100.0,5000.0,1.0,92.8,50.0,43824800.0,0.0,0.0,3966350139.0,3966350139.0,3966350139.0,0.0,0.0,,0.0,0.0,0.0
2019-08-09,50.0,0.0,0.0,50.0,50.0,50.0,0.0,100.0,5000.0,1.0,92.8,50.0,45491000.0,0.0,0.0,3966350139.0,3966350139.0,3966350139.0,0.0,0.0,,0.0,0.0,0.0
2019-08-12,50.0,0.0,0.0,50.0,50.0,50.0,0.0,100.0,5000.0,1.0,92.8,50.0,44535100.0,0.0,0.0,3966350139.0,3966350139.0,3966350139.0,0.0,0.0,,0.0,0.0,0.0
2019-08-13,50.0,0.0,0.0,50.0,50.0,50.0,0.0,200.0,10000.0,2.0,92.8,50.0,45211200.0,0.0,0.0,3966350139.0,3966350139.0,3966350139.0,0.0,0.0,,0.0,0.0,0.0
2019-08-14,50.0,0.0,0.0,50.0,50.0,50.0,0.0,100.0,5000.0,1.0,92.8,50.0,44390100.0,0.0,0.0,3966350139.0,3966350139.0,3966350139.0,0.0,0.0,,0.0,0.0,0.0
2019-08-15,50.0,0.0,0.0,50.0,50.0,50.0,0.0,100.0,5000.0,1.0,92.8,50.0,44832400.0,0.0,0.0,3966350139.0,3966350139.0,3966350139.0,0.0,0.0,,0.0,0.0,0.0
2019-08-16,50.0,0.0,0.0,50.0,50.0,50.0,0.0,100.0,5000.0,1.0,92.8,50.0,43510700.0,0.0,0.0,3966350139.0,3966350139.0,3966350139.0,0.0,0.0,,0.0,0.0,0.0
2019-08-19,50.0,0.0,0.0,50.0,50.0,50.0,0.0,100.0,5000.0,1.0,92.8,50.0,42786300.0,0.0,0.0,3966350139.0,3966350139.0,3966350139.0,0.0,0.0,,0.0,0.0,0.0
2019-08-20,50.0,0.0,0.0,50.0,50.0,50.0,0.0,100.0,5000.0,1.0,92.8,50.0,44458700.0,0.0,0.0,3966350139.0,3966350139.0,3966350139.0,0.0,0.0,,0.0,0.0,0.0
2019-08-21,50.0,0.0,0.0,50.0,50.0,50.0,0.0,100.0,5000.0,1.0,92.8,50.0,44943400.0,0.0,0.0,3966350139.0,3966350139.0,3966350139.0,0.0,0.0,,0.0,0.0,0.0
2019-08-22,50.0,0.0,0.0,50.0,50.0,50.0,0.0,100.0,5000.0,1.0,92.8,50.0,44541600.0,0.0,0.0,3966350139.0,3966350139.0,3966350139.0,0.0,0.0,,0.0,0.0,0.0
2019-08-23,50.0,0.0,0.0,50.0,50.0,50.0,0.0,100.0,5000.0,1.0,92.8,50.0,44798000.0,0.0,0.0,3966350139.0,3966350139.0,3966350139.0,0.0,0.0,,0.0,0.0,0.0
2019-08-26,50.0,0.0,0.0,50.0,50.0,50.0,0.0,100.0,5000.0,1.0,92.8,50.0,43872300.0,0.0,0.0,3966350139.0,3966350139.0,3966350139.0,0.0,0.0,,0.0,0.0,0.0
2019-08-27,50.0,0.0,0.0,50.0,50.0,50.0,0.0,100.0,5000.0,1.0,92.8,50.0,45810100.0,0.0,0.0,3966350139.0,3966350139.0,3966350139.0,0.0,0.0,,0.0,0.0,0.0
2019-08-28,50.0,0.0,0.0,50.0,50.0,50.0,0.0,100.0,5000.0,1.0,92.8,50.0,44615600.0,0.0,0.0,3966350139.0,3966350139.0,3966350139.0,0.0,0.0,,0.0,0.0,0.0
2019-08-29,50.0,0.0,0.0,50.0,50.0,50.0,0.0,100.0,5000.0,1.0,92.8,50.0,44500800.0,0.0,0.0,3966350139.0,3966350139.0,3966350139.0,0.0,0.0,,0.0,0.0,0.0
2019-08-30,50.0,0.0,0.0,50.0,50.0,50.0,0.0,100.0,5000.0,1.0,92.8,50.0,42486200.0,0.0,0.0,3966350139.0,3966350139.0,3966350139.0,0.0,0.0,,0.0,0.0,0.0
2019-09-02,50.0,0.0,0.0,50.0,50.0,50.0,0.0,100.0,5000.0,1.0,92.8,50.0,43811000.0,0.0,0.0,3966350139.0,3966350139.0,3966350139.0,0.0,0.0,,0.0,0.0,0.0
2019-09-03,50.0,0.0,0.0,50.0,50.0,50.0,0.0,100.0,5000.0,1.0,92.8,50.0,44860300.0,0.0,0.0,3966350139.0,3966350139.0,3966350139.0,0.0,0.0,,0.0,0.0,0.0
2019-09-04,50.0,0.0,0.0,50.0,50.0,50.0,0.0,100.0,5000.0,1.0,92.8,50.0,45302700.0,0.0,0.0,3966350139.0,3966350139.0,3966350139.0,0.0,0.0,,0.0,0.0,0.0
2019-09-05,50.0,0.0,0.0,0.0,0.0,50.0,0.0,0.0,0.0,0.0,92.8,50.0,45423400.0,0.0,0.0,3966350139.0,3966350139.0,3966350139.0,0.0,0.0,,0.0,0.0,0.0
2019-09-06,50.0,0.0,0.0,50.0,50.0,50.0,0.0,100.0,5000.0,1.0,92.8,50.0,42813000.0,0.0,0.0,3966350139.0,3966350139.0,3966350139.0,0.0,0.0,,0.0,0.0,0.0
2019-09-09,50.0,0.0,0.0,50.0,50.0,50.0,0.0,100.0,5000.0,1.0,92.8,50.0,44454400.0,0.0,0.0,3966350139.0,3966350139.0,3966350139.0,0.0,0.0,,0.0,0.0,0.0
2019-09-10,50.0,0.0,0.0,50.0,50.0,50.0,0.0,100.0,5000.0,1.0,92.8,50.0,44226500.0,0.0,0.0,3966350139.0,3966350139.0,3966350139.0,0.0,0.0,,0.0,0.0,0.0
2019-09-11,50.0,0.0,0.0,50.0,50.0,50.0,0.0,100.0,5000.0,1.0,92.8,50.0,45664800.0,0.0,0.0,3966350139.0,3966350139.0,3966350139.0,0.0,0.0,,0.0,0.0,0.0
2019-09-12,50.0,0.0,0.0,50.0,50.0,50.0,0.0,100.0,5000.0,1.0,92.8,50.0,45998700.0,0.0,0.0,3966350139.0,3966350139.0,3966350139.0,0.0,0.0,,0.0,0.0,0.0
2019-09-13,50.0,0.0,0.0,50.0,50.0,50.0,0.0,100.0,5000.0,1.0,92.8,50.0,43943400.0,0.0,0.0,3966350139.0,3966350139.0,3966350139.0,0.0,0.0,,0.0,0.0,0.0
2019-09-16,50.0,0.0,0.0,50.0,50.0,50.0,0.0,38200.0,1910000.0,7.0,92.8,50.0,43746100.0,0.0,0.0,3966350139.0,3966350139.0,3966350139.0,0.0,0.0,,0.0,0.0,0.0
2019-09-17,50.0,0.0,0.0,0.0,0.0,50.0,0.0,0.0,0.0,0.0,92.8,50.0,43799600.0,0.0,0.0,3966350139.0,3966350139.0,3966350139.0,0.0,0.0,,0.0,0.0,0.0
2019-09-18,50.0,0.0,0.0,50.0,50.0,50.0,0.0,200.0,10000.0,2.0,92.8,50.0,44712500.0,0.0,0.0,3966350139.0,3966350139.0,3966350139.0,0.0,0.0,,0.0,0.0,0.0
2019-09-19,50.0,0.0,0.0,50.0,50.0,50.0,0.0,100.0,5000.0,1.0,92.8,50.0,44320600.0,0.0,0.0,3966350139.0,3966350139.0,3966350139.0,0.0,0.0,,0.0,0.0,0.0
2019-09-20,50.0,0.0,0.0,50.0,50.0,50.0,0.0,100.0,5000.0,1.0,92.8,50.0,43883500.0,0.0,0.0,3966350139.0,3966350139.0,3966350139.0,0.0,0.0,,10000.0,150000.0,1.0
2019-09-23,50.0,0.0,0.0,50.0,50.0,50.0,0.0,200.0,10000.0,2.0,92.8,50.0,43937400.0,0.0,0.0,3966350139.0,3966350139.0,3966350139.0,0.0,0.0,,0.0,0.0,0.0
2019-09-24,50.0,0.0,0.0,50.0,50.0,50.0,0.0,100.0,5000.0,1.0,92.8,50.0,44134700.0,0.0,0.0,3966350139.0,3966350139.0,3966350139.0,0.0,0.0,,0.0,0.0,0.0
2019-09-25,50.0,0.0,0.0,50.0,50.0,50.0,0.0,100.0,5000.0,1.0,92.8,50.0,43994400.0,0.0,0.0,3966350139.0,3966350139.0,3966350139.0,0.0,0.0,,0.0,0.0,0.0
2019-09-26,50.0,0.0,0.0,50.0,50.0,50.0,0.0,100.0,5000.0,1.0,92.8,50.0,45905200.0,0.0,0.0,3966350139.0,3966350139.0,3966350139.0,0.0,0.0,,0.0,0.0,0.0
2019-09-27,50.0,0.0,0.0,50.0,50.0,50.0,0.0,100.0,5000.0,1.0,92.8,50.0,45026900.0,0.0,0.0,3966350139.0,3966350139.0,3966350139.0,0.0,0.0,,0.0,0.0,0.0
2019-09-30,50.0,0.0,0.0,50.0,50.0,50.0,0.0,100.0,5000.0,1.0,92.8,50.0,25523500.0,0.0,0.0,3966350139.0,3966350139.0,3966350139.0,0.0,0.0,,0.0,0.0,0.0
2019-10-01,50.0,0.0,0.0,0.0,0.0,50.0,0.0,0.0,0.0,0.0,92.8,50.0,44060800.0,0.0,0.0,3966350139.0,3966350139.0,3966350139.0,0.0,0.0,,0.0,0.0,0.0
2019-10-02,50.0,0.0,0.0,0.0,0.0,50.0,0.0,0.0,0.0,0.0,92.8,50.0,40310700.0,0.0,0.0,3966350139.0,3966350139.0,3966350139.0,0.0,0.0,,0.0,0.0,0.0
2019-10-03,50.0,0.0,0.0,0.0,0.0,50.0,0.0,0.0,0.0,0.0,92.8,50.0,30845800.0,0.0,0.0,3966350139.0,3966350139.0,3966350139.0,0.0,0.0,,0.0,0.0,0.0
2019-10-04,50.0,0.0,0.0,50.0,50.0,50.0,0.0,100.0,5000.0,1.0,92.8,50.0,43622800.0,0.0,0.0,3966350139.0,3966350139.0,3966350139.0,0.0,0.0,,0.0,0.0,0.0
2019-10-07,50.0,0.0,0.0,50.0,50.0,50.0,0.0,100.0,5000.0,1.0,92.8,50.0,41742800.0,0.0,0.0,3966350139.0,3966350139.0,3966350139.0,0.0,0.0,,0.0,0.0,0.0
2019-10-08,50.0,0.0,0.0,0.0,0.0,50.0,0.0,0.0,0.0,0.0,92.8,50.0,40721100.0,0.0,0.0,3966350139.0,3966350139.0,3966350139.0,0.0,0.0,,0.0,0.0,0.0
2019-10-09,50.0,0.0,0.0,0.0,0.0,50.0,0.0,0.0,0.0,0.0,92.8,50.0,41245000.0,0.0,0.0,3966350139.0,3966350139.0,3966350139.0,0.0,0.0,,0.0,0.0,0.0
2019-10-10,50.0,0.0,0.0,0.0,0.0,50.0,0.0,0.0,0.0,0.0,92.8,50.0,41618300.0,0.0,0.0,3966350139.0,3966350139.0,3966350139.0,0.0,0.0,,0.0,0.0,0.0
2019-10-11,50.0,0.0,0.0,0.0,0.0,50.0,0.0,0.0,0.0,0.0,92.8,50.0,43647200.0,0.0,0.0,3966350139.0,3966350139.0,3966350139.0,0.0,0.0,,0.0,0.0,0.0
2019-10-14,50.0,0.0,0.0,50.0,50.0,50.0,0.0,200.0,10000.0,2.0,92.8,50.0,47176500.0,0.0,0.0,3966350139.0,3966350139.0,3966350139.0,0.0,0.0,,0.0,0.0,0.0
2019-10-15,50.0,0.0,0.0,50.0,50.0,50.0,0.0,400.0,20000.0,4.0,92.8,50.0,45112800.0,0.0,0.0,3966350139.0,3966350139.0,3966350139.0,0.0,0.0,,0.0,0.0,0.0
2019-10-16,50.0,0.0,0.0,50.0,50.0,50.0,0.0,100000.0,5000000.0,1.0,92.8,50.0,44659100.0,0.0,0.0,3966350139.0,3966350139.0,3966350139.0,0.0,0.0,,0.0,0.0,0.0
2019-10-17,50.0,0.0,0.0,0.0,0.0,50.0,0.0,0.0,0.0,0.0,92.8,50.0,44542600.0,0.0,0.0,3966350139.0,3966350139.0,3966350139.0,0.0,0.0,,0.0,0.0,0.0
2019-10-18,50.0,0.0,0.0,0.0,0.0,50.0,0.0,0.0,0.0,0.0,92.8,50.0,44422100.0,0.0,0.0,3966350139.0,3966350139.0,3966350139.0,0.0,0.0,,0.0,0.0,0.0
2019-10-21,50.0,0.0,0.0,0.0,0.0,50.0,0.0,0.0,0.0,0.0,92.8,50.0,42260900.0,0.0,0.0,3966350139.0,3966350139.0,3966350139.0,0.0,0.0,,0.0,0.0,0.0
2019-10-22,50.0,0.0,0.0,0.0,0.0,50.0,0.0,0.0,0.0,0.0,92.8,50.0,44893200.0,0.0,0.0,3966350139.0,3966350139.0,3966350139.0,0.0,0.0,,0.0,0.0,0.0
2019-10-23,50.0,0.0,0.0,0.0,0.0,50.0,0.0,0.0,0.0,0.0,92.8,50.0,44961100.0,0.0,0.0,3966350139.0,3966350139.0,3966350139.0,0.0,0.0,,0.0,0.0,0.0
2019-10-24,50.0,0.0,0.0,50.0,50.0,50.0,0.0,100.0,5000.0,1.0,92.8,50.0,44661600.0,0.0,0.0,3966350139.0,3966350139.0,3966350139.0,0.0,0.0,,0.0,0.0,0.0
2019-10-25,50.0,0.0,0.0,0.0,0.0,50.0,0.0,0.0,0.0,0.0,92.8,50.0,44127600.0,0.0,0.0,3966350139.0,3966350139.0,3966350139.0,0.0,0.0,,0.0,0.0,0.0
2019-10-28,50.0,0.0,0.0,0.0,0.0,50.0,0.0,0.0,0.0,0.0,92.8,50.0,42462200.0,0.0,0.0,3966350139.0,3966350139.0,3966350139.0,0.0,0.0,,0.0,0.0,0.0
2019-10-29,50.0,0.0,0.0,0.0,0.0,50.0,0.0,0.0,0.0,0.0,92.8,50.0,42958400.0,0.0,0.0,3966350139.0,3966350139.0,3966350139.0,0.0,0.0,,0.0,0.0,0.0
2019-10-30,50.0,0.0,0.0,0.0,0.0,50.0,0.0,0.0,0.0,0.0,92.8,50.0,44045000.0,0.0,0.0,3966350139.0,3966350139.0,3966350139.0,0.0,0.0,,0.0,0.0,0.0
2019-10-31,50.0,0.0,0.0,0.0,0.0,50.0,0.0,0.0,0.0,0.0,92.8,50.0,44179000.0,0.0,0.0,3966350139.0,3966350139.0,3966350139.0,0.0,0.0,,0.0,0.0,0.0
2019-11-01,50.0,0.0,0.0,0.0,0.0,50.0,0.0,0.0,0.0,0.0,92.8,50.0,24165700.0,0.0,0.0,3966350139.0,3966350139.0,3966350139.0,0.0,0.0,,0.0,0.0,0.0
2019-11-04,50.0,0.0,0.0,0.0,0.0,50.0,0.0,0.0,0.0,0.0,92.8,50.0,45105800.0,0.0,0.0,3966350139.0,3966350139.0,3966350139.0,0.0,0.0,,0.0,0.0,0.0
2019-11-05,50.0,0.0,0.0,50.0,50.0,50.0,0.0,100.0,5000.0,1.0,92.8,50.0,26914400.0,0.0,0.0,3966350139.0,3966350139.0,3966350139.0,0.0,0.0,,0.0,0.0,0.0
2019-11-06,50.0,0.0,0.0,0.0,0.0,50.0,0.0,0.0,0.0,0.0,92.8,50.0,44295200.0,0.0,0.0,3966350139.0,3966350139.0,3966350139.0,0.0,0.0,,0.0,0.0,0.0
2019-11-07,50.0,0.0,0.0,50.0,50.0,50.0,0.0,100.0,5000.0,1.0,92.8,50.0,44413300.0,0.0,0.0,3966350139.0,3966350139.0,3966350139.0,0.0,0.0,,0.0,0.0,0.0
2019-11-08,50.0,0.0,0.0,50.0,50.0,50.0,0.0,100.0,5000.0,1.0,92.8,50.0,45443100.0,0.0,0.0,3966350139.0,3966350139.0,3966350139.0,0.0,0.0,,0.0,0.0,0.0
2019-11-11,50.0,0.0,0.0,50.0,50.0,50.0,0.0,100.0,5000.0,1.0,92.8,50.0,28113300.0,0.0,0.0,3966350139.0,3966350139.0,3966350139.0,0.0,0.0,,0.0,0.0,0.0
2019-11-12,50.0,0.0,0.0,0.0,0.0,50.0,0.0,0.0,0.0,0.0,92.8,50.0,25533600.0,0.0,0.0,3966350139.0,3966350139.0,3966350139.0,0.0,0.0,,0.0,0.0,0.0
2019-11-13,50.0,0.0,0.0,0.0,0.0,50.0,0.0,0.0,0.0,0.0,92.8,50.0,25437100.0,0.0,0.0,3966350139.0,3966350139.0,3966350139.0,0.0,0.0,,0.0,0.0,0.0
2019-11-14,50.0,0.0,0.0,0.0,0.0,50.0,0.0,0.0,0.0,0.0,92.8,50.0,24547600.0,0.0,0.0,3966350139.0,3966350139.0,3966350139.0,0.0,0.0,,0.0,0.0,0.0
2019-11-15,50.0,0.0,0.0,0.0,0.0,50.0,0.0,0.0,0.0,0.0,92.8,50.0,41309800.0,0.0,0.0,3966350139.0,3966350139.0,3966350139.0,0.0,0.0,,0.0,0.0,0.0
2019-11-18,50.0,0.0,0.0,0.0,0.0,50.0,0.0,0.0,0.0,0.0,92.8,50.0,24921200.0,0.0,0.0,3966350139.0,3966350139.0,3966350139.0,0.0,0.0,,0.0,0.0,0.0
2019-11-19,50.0,0.0,0.0,50.0,50.0,50.0,0.0,361000.0,18050000.0,2.0,92.8,50.0,45438000.0,0.0,0.0,3966350139.0,3966350139.0,3966350139.0,0.0,360000.0,,227328700.0,5683217500.0,1.0
2019-11-20,50.0,0.0,0.0,0.0,0.0,50.0,0.0,0.0,0.0,0.0,92.8,50.0,46115600.0,0.0,0.0,3966350139.0,3966350139.0,3966350139.0,0.0,0.0,,0.0,0.0,0.0
2019-11-21,50.0,0.0,0.0,0.0,0.0,50.0,0.0,0.0,0.0,0.0,92.8,50.0,45416000.0,0.0,0.0,3966350139.0,3966350139.0,3966350139.0,0.0,0.0,,0.0,0.0,0.0
2019-11-22,50.0,0.0,0.0,0.0,0.0,50.0,0.0,0.0,0.0,0.0,92.8,50.0,45005500.0,0.0,0.0,3966350139.0,3966350139.0,3966350139.0,0.0,0.0,,0.0,0.0,0.0
2019-11-25,50.0,0.0,0.0,0.0,0.0,50.0,0.0,0.0,0.0,0.0,92.8,50.0,46140200.0,0.0,0.0,3966350139.0,3966350139.0,3966350139.0,0.0,0.0,,0.0,0.0,0.0
2019-11-26,50.0,0.0,0.0,0.0,0.0,50.0,0.0,0.0,0.0,0.0,92.8,50.0,44481100.0,0.0,0.0,3966350139.0,3966350139.0,3966350139.0,0.0,0.0,,0.0,0.0,0.0
2019-11-27,50.0,0.0,0.0,50.0,50.0,50.0,0.0,100.0,5000.0,1.0,92.8,50.0,45684000.0,0.0,0.0,3966350139.0,3966350139.0,3966350139.0,0.0,0.0,,0.0,0.0,0.0
2019-11-28,50.0,0.0,0.0,0.0,0.0,50.0,0.0,0.0,0.0,0.0,92.8,50.0,46361500.0,0.0,0.0,3966350139.0,3966350139.0,3966350139.0,0.0,0.0,,0.0,0.0,0.0
2019-11-29,50.0,0.0,0.0,0.0,0.0,50.0,0.0,0.0,0.0,0.0,92.8,50.0,45411300.0,0.0,0.0,3966350139.0,3966350139.0,3966350139.0,0.0,0.0,,10000.0,500000.0,1.0
2019-12-02,50.0,0.0,0.0,50.0,50.0,50.0,0.0,30000.0,1500000.0,2.0,92.8,50.0,26689700.0,0.0,0.0,3966350139.0,3966350139.0,3966350139.0,0.0,0.0,,0.0,0.0,0.0
2019-12-03,50.0,0.0,0.0,0.0,0.0,50.0,0.0,0.0,0.0,0.0,92.8,50.0,43301900.0,0.0,0.0,3966350139.0,3966350139.0,3966350139.0,0.0,0.0,,0.0,0.0,0.0
2019-12-04,50.0,0.0,0.0,50.0,50.0,50.0,0.0,100.0,5000.0,1.0,92.8,50.0,46954900.0,0.0,0.0,3966350139.0,3966350139.0,3966350139.0,0.0,0.0,,0.0,0.0,0.0
2019-12-05,50.0,0.0,0.0,0.0,0.0,50.0,0.0,0.0,0.0,0.0,92.8,50.0,43511200.0,0.0,0.0,3966350139.0,3966350139.0,3966350139.0,0.0,0.0,,0.0,0.0,0.0
2019-12-06,50.0,0.0,0.0,0.0,0.0,50.0,0.0,0.0,0.0,0.0,92.8,50.0,43181600.0,0.0,0.0,3966350139.0,3966350139.0,3966350139.0,0.0,0.0,,0.0,0.0,0.0
2019-12-09,50.0,0.0,0.0,50.0,50.0,50.0,0.0,100.0,5000.0,1.0,92.8,50.0,44251500.0,0.0,0.0,3966350139.0,3966350139.0,3966350139.0,0.0,0.0,,0.0,0.0,0.0
2019-12-10,50.0,0.0,0.0,50.0,50.0,50.0,0.0,400.0,20000.0,2.0,92.8,50.0,45565200.0,0.0,0.0,3966350139.0,3966350139.0,3966350139.0,0.0,0.0,,0.0,0.0,0.0
2019-12-11,50.0,0.0,0.0,0.0,0.0,50.0,0.0,0.0,0.0,0.0,92.8,50.0,44210100.0,0.0,0.0,3966350139.0,3966350139.0,3966350139.0,0.0,0.0,,0.0,0.0,0.0
2019-12-12,50.0,0.0,0.0,0.0,0.0,50.0,0.0,0.0,0.0,0.0,92.8,50.0,44213900.0,0.0,0.0,3966350139.0,3966350139.0,3966350139.0,0.0,0.0,,0.0,0.0,0.0
2019-12-13,50.0,0.0,0.0,0.0,0.0,50.0,0.0,0.0,0.0,0.0,92.8,50.0,43839800.0,0.0,0.0,3966350139.0,3966350139.0,3966350139.0,0.0,0.0,,0.0,0.0,0.0
2019-12-16,50.0,0.0,0.0,0.0,0.0,50.0,0.0,0.0,0.0,0.0,92.8,50.0,44797400.0,0.0,0.0,3966350139.0,3966350139.0,3966350139.0,0.0,0.0,,0.0,0.0,0.0
2019-12-17,50.0,0.0,0.0,0.0,0.0,50.0,0.0,0.0,0.0,0.0,92.8,50.0,44405900.0,0.0,0.0,3966350139.0,3966350139.0,3966350139.0,0.0,0.0,,0.0,0.0,0.0
2019-12-18,50.0,0.0,0.0,0.0,0.0,50.0,0.0,0.0,0.0,0.0,92.8,50.0,43894500.0,0.0,0.0,3966350139.0,3966350139.0,3966350139.0,0.0,0.0,,0.0,0.0,0.0
2019-12-19,50.0,0.0,0.0,50.0,50.0,50.0,0.0,100.0,5000.0,1.0,92.8,50.0,40958400.0,0.0,0.0,3966350139.0,3966350139.0,3966350139.0,0.0,0.0,,0.0,0.0,0.0
2019-12-20,50.0,0.0,0.0,0.0,0.0,50.0,0.0,0.0,0.0,0.0,92.8,50.0,39729600.0,0.0,0.0,3966350139.0,3966350139.0,3966350139.0,0.0,0.0,,0.0,0.0,0.0
2019-12-23,50.0,0.0,0.0,0.0,0.0,50.0,0.0,0.0,0.0,0.0,92.8,50.0,40617600.0,0.0,0.0,3966350139.0,3966350139.0,3966350139.0,0.0,0.0,,0.0,0.0,0.0
2019-12-26,50.0,0.0,0.0,50.0,50.0,50.0,0.0,40100.0,2005000.0,2.0,92.8,50.0,42533600.0,0.0,0.0,3966350139.0,3966350139.0,3966350139.0,0.0,40000.0,,0.0,0.0,0.0
2019-12-27,50.0,0.0,0.0,0.0,0.0,50.0,0.0,0.0,0.0,0.0,92.8,50.0,42672400.0,0.0,0.0,3966350139.0,3966350139.0,3966350139.0,0.0,0.0,,0.0,0.0,0.0
2019-12-30,50.0,0.0,0.0,50.0,50.0,50.0,0.0,100.0,5000.0,1.0,92.8,0.0,0.0,0.0,0.0,3966350139.0,3966350139.0,3966350139.0,0.0,0.0,,0.0,0.0,0.0
2020-01-02,50.0,0.0,0.0,50.0,50.0,50.0,0.0,100.0,5000.0,1.0,92.8,50.0,42683600.0,0.0,0.0,3966350139.0,3966350139.0,3966350139.0,0.0,0.0,,0.0,0.0,0.0
2020-01-03,50.0,0.0,0.0,50.0,50.0,50.0,0.0,100.0,5000.0,1.0,92.8,50.0,43504900.0,0.0,0.0,3966350139.0,3966350139.0,3966350139.0,0.0,0.0,,0.0,0.0,0.0
2020-01-06,50.0,0.0,0.0,50.0,50.0,50.0,0.0,100.0,5000.0,1.0,92.8,50.0,42431500.0,0.0,0.0,3966350139.0,3966350139.0,3966350139.0,0.0,0.0,,0.0,0.0,0.0
2020-01-07,50.0,0.0,0.0,0.0,0.0,50.0,0.0,0.0,0.0,0.0,92.8,50.0,43172200.0,0.0,0.0,3966350139.0,3966350139.0,3966350139.0,0.0,0.0,,0.0,0.0,0.0
2020-01-08,50.0,0.0,0.0,50.0,50.0,50.0,0.0,200.0,10000.0,1.0,92.8,50.0,43189900.0,0.0,0.0,3966350139.0,3966350139.0,3966350139.0,0.0,0.0,,0.0,0.0,0.0
2020-01-09,50.0,0.0,0.0,0.0,0.0,50.0,0.0,0.0,0.0,0.0,92.8,50.0,43951300.0,0.0,0.0,3966350139.0,3966350139.0,3966350139.0,0.0,0.0,,0.0,0.0,0.0
2020-01-10,50.0,0.0,0.0,0.0,0.0,50.0,0.0,0.0,0.0,0.0,92.8,50.0,43675700.0,0.0,0.0,3966350139.0,3966350139.0,3966350139.0,0.0,0.0,,0.0,0.0,0.0
2020-01-13,50.0,0.0,0.0,0.0,0.0,50.0,0.0,0.0,0.0,0.0,92.8,50.0,43525000.0,0.0,0.0,3966350139.0,3966350139.0,3966350139.0,0.0,0.0,,0.0,0.0,0.0
2020-01-14,50.0,0.0,0.0,0.0,0.0,50.0,0.0,0.0,0.0,0.0,92.8,50.0,43370200.0,0.0,0.0,3966350139.0,3966350139.0,3966350139.0,0.0,0.0,,0.0,0.0,0.0
2020-01-15,50.0,0.0,0.0,0.0,0.0,50.0,0.0,0.0,0.0,0.0,92.8,50.0,43370100.0,0.0,0.0,3966350139.0,3966350139.0,3966350139.0,0.0,0.0,,0.0,0.0,0.0
2020-01-16,50.0,0.0,0.0,0.0,0.0,50.0,0.0,0.0,0.0,0.0,92.8,50.0,45099600.0,0.0,0.0,3966350139.0,3966350139.0,3966350139.0,0.0,0.0,,0.0,0.0,0.0
2020-01-17,50.0,0.0,0.0,50.0,50.0,50.0,0.0,100.0,5000.0,1.0,92.8,50.0,43322700.0,0.0,0.0,3966350139.0,3966350139.0,3966350139.0,0.0,0.0,,0.0,0.0,0.0
2020-01-20,50.0,0.0,0.0,50.0,50.0,50.0,0.0,100.0,5000.0,1.0,92.8,50.0,44276300.0,0.0,0.0,3966350139.0,3966350139.0,3966350139.0,0.0,0.0,,0.0,0.0,0.0
2020-01-21,50.0,0.0,0.0,0.0,0.0,50.0,0.0,0.0,0.0,0.0,92.8,50.0,41778900.0,0.0,0.0,3966350139.0,3966350139.0,3966350139.0,0.0,0.0,,0.0,0.0,0.0
2020-01-22,50.0,0.0,0.0,0.0,0.0,50.0,0.0,0.0,0.0,0.0,92.8,50.0,44538600.0,0.0,0.0,3966350139.0,3966350139.0,3966350139.0,0.0,0.0,,0.0,0.0,0.0
2020-01-23,50.0,0.0,0.0,0.0,0.0,50.0,0.0,0.0,0.0,0.0,92.8,50.0,43615100.0,0.0,0.0,3966350139.0,3966350139.0,3966350139.0,0.0,0.0,,0.0,0.0,0.0
2020-01-24,50.0,0.0,0.0,50.0,50.0,50.0,0.0,100.0,5000.0,1.0,92.8,50.0,44578200.0,0.0,0.0,3966350139.0,3966350139.0,3966350139.0,0.0,0.0,,0.0,0.0,0.0
2020-01-27,50.0,0.0,0.0,0.0,0.0,50.0,0.0,0.0,0.0,0.0,92.8,50.0,40845100.0,0.0,0.0,3966350139.0,3966350139.0,3966350139.0,0.0,0.0,,0.0,0.0,0.0
2020-01-28,50.0,0.0,0.0,50.0,50.0,50.0,0.0,100.0,5000.0,1.0,92.8,50.0,42308000.0,0.0,0.0,3966350139.0,3966350139.0,3966350139.0,0.0,0.0,,0.0,0.0,0.0
2020-01-29,50.0,0.0,0.0,0.0,0.0,50.0,0.0,0.0,0.0,0.0,92.8,50.0,41833100.0,0.0,0.0,3966350139.0,3966350139.0,3966350139.0,0.0,0.0,,0.0,0.0,0.0
2020-01-30,50.0,0.0,0.0,0.0,0.0,50.0,0.0,0.0,0.0,0.0,92.8,50.0,40966800.0,0.0,0.0,3966350139.0,3966350139.0,3966350139.0,0.0,0.0,,0.0,0.0,0.0
2020-01-31,50.0,0.0,0.0,0.0,0.0,50.0,0.0,0.0,0.0,0.0,92.8,50.0,43624000.0,0.0,0.0,3966350139.0,3966350139.0,3966350139.0,0.0,0.0,,0.0,0.0,0.0
2020-02-03,50.0,0.0,0.0,0.0,0.0,50.0,0.0,0.0,0.0,0.0,92.8,50.0,42752000.0,0.0,0.0,3966350139.0,3966350139.0,3966350139.0,0.0,0.0,,0.0,0.0,0.0
2020-02-04,50.0,0.0,0.0,0.0,0.0,50.0,0.0,0.0,0.0,0.0,92.8,50.0,43098300.0,0.0,0.0,3966350139.0,3966350139.0,3966350139.0,0.0,0.0,,0.0,0.0,0.0
2020-02-05,50.0,0.0,0.0,0.0,0.0,50.0,0.0,0.0,0.0,0.0,92.8,50.0,43987200.0,0.0,0.0,3966350139.0,3966350139.0,3966350139.0,0.0,0.0,,0.0,0.0,0.0
2020-02-06,50.0,0.0,0.0,0.0,0.0,50.0,0.0,0.0,0.0,0.0,92.8,50.0,42090400.0,0.0,0.0,3966350139.0,3966350139.0,3966350139.0,0.0,0.0,,0.0,0.0,0.0
2020-02-07,50.0,0.0,0.0,0.0,0.0,50.0,0.0,0.0,0.0,0.0,92.8,50.0,42587000.0,0.0,0.0,3966350139.0,3966350139.0,3966350139.0,0.0,0.0,,0.0,0.0,0.0
2020-02-10,50.0,0.0,0.0,0.0,0.0,50.0,0.0,0.0,0.0,0.0,92.8,50.0,42885300.0,0.0,0.0,3966350139.0,3966350139.0,3966350139.0,0.0,0.0,,0.0,0.0,0.0
2020-02-11,50.0,0.0,0.0,0.0,0.0,50.0,0.0,0.0,0.0,0.0,92.8,50.0,23502900.0,0.0,0.0,3966350139.0,3966350139.0,3966350139.0,0.0,0.0,,0.0,0.0,0.0
2020-02-12,50.0,0.0,0.0,0.0,0.0,50.0,0.0,0.0,0.0,0.0,92.8,50.0,23532800.0,0.0,0.0,3966350139.0,3966350139.0,3966350139.0,0.0,0.0,,0.0,0.0,0.0
2020-02-13,50.0,0.0,0.0,0.0,0.0,50.0,0.0,0.0,0.0,0.0,92.8,50.0,22954200.0,0.0,0.0,3966350139.0,3966350139.0,3966350139.0,0.0,0.0,,0.0,0.0,0.0
2020-02-14,50.0,0.0,0.0,0.0,0.0,50.0,0.0,0.0,0.0,0.0,92.8,50.0,23504600.0,0.0,0.0,3966350139.0,3966350139.0,3966350139.0,0.0,0.0,,0.0,0.0,0.0
2020-02-17,50.0,0.0,0.0,50.0,50.0,50.0,0.0,200.0,10000.0,1.0,92.8,50.0,41205900.0,0.0,0.0,3966350139.0,3966350139.0,3966350139.0,0.0,0.0,,0.0,0.0,0.0
2020-02-18,50.0,0.0,0.0,0.0,0.0,50.0,0.0,0.0,0.0,0.0,92.8,50.0,42730500.0,0.0,0.0,3966350139.0,3966350139.0,3966350139.0,0.0,0.0,,0.0,0.0,0.0
2020-02-19,50.0,0.0,0.0,0.0,0.0,50.0,0.0,0.0,0.0,0.0,92.8,50.0,41232000.0,0.0,0.0,3966350139.0,3966350139.0,3966350139.0,0.0,0.0,,0.0,0.0,0.0
2020-02-20,50.0,0.0,0.0,0.0,0.0,50.0,0.0,0.0,0.0,0.0,92.8,50.0,42024000.0,0.0,0.0,3966350139.0,3966350139.0,3966350139.0,0.0,0.0,,0.0,0.0,0.0
2020-02-21,50.0,0.0,0.0,50.0,50.0,50.0,0.0,100.0,5000.0,1.0,92.8,50.0,41952800.0,0.0,0.0,3966350139.0,3966350139.0,3966350139.0,0.0,0.0,,0.0,0.0,0.0
2020-02-24,50.0,0.0,0.0,0.0,0.0,50.0,0.0,0.0,0.0,0.0,92.8,50.0,42402300.0,0.0,0.0,3966350139.0,3966350139.0,3966350139.0,0.0,0.0,,0.0,0.0,0.0
2020-02-25,50.0,0.0,0.0,0.0,0.0,50.0,0.0,0.0,0.0,0.0,92.8,50.0,41459600.0,0.0,0.0,3966350139.0,3966350139.0,3966350139.0,0.0,0.0,,0.0,0.0,0.0
2020-02-26,50.0,0.0,0.0,0.0,0.0,50.0,0.0,0.0,0.0,0.0,92.8,50.0,41646900.0,0.0,0.0,3966350139.0,3966350139.0,3966350139.0,0.0,0.0,,0.0,0.0,0.0
2020-02-27,50.0,0.0,0.0,0.0,0.0,50.0,0.0,0.0,0.0,0.0,92.8,50.0,41720500.0,0.0,0.0,3966350139.0,3966350139.0,3966350139.0,0.0,0.0,,0.0,0.0,0.0
2020-02-28,50.0,0.0,0.0,0.0,0.0,50.0,0.0,0.0,0.0,0.0,92.8,50.0,42023000.0,0.0,0.0,3966350139.0,3966350139.0,3966350139.0,0.0,0.0,,0.0,0.0,0.0
2020-03-02,50.0,0.0,0.0,0.0,0.0,50.0,0.0,0.0,0.0,0.0,92.8,50.0,41393700.0,0.0,0.0,3966350139.0,3966350139.0,3966350139.0,0.0,0.0,,0.0,0.0,0.0
2020-03-03,50.0,0.0,0.0,0.0,0.0,50.0,0.0,0.0,0.0,0.0,92.8,50.0,41636100.0,0.0,0.0,3966350139.0,3966350139.0,3966350139.0,0.0,0.0,,0.0,0.0,0.0
2020-03-04,50.0,0.0,0.0,0.0,0.0,50.0,0.0,0.0,0.0,0.0,92.8,50.0,41869600.0,0.0,0.0,3966350139.0,3966350139.0,3966350139.0,0.0,0.0,,0.0,0.0,0.0
2020-03-05,50.0,0.0,0.0,0.0,0.0,50.0,0.0,0.0,0.0,0.0,92.8,50.0,41440800.0,0.0,0.0,3966350139.0,3966350139.0,3966350139.0,0.0,0.0,,0.0,0.0,0.0
2020-03-06,50.0,0.0,0.0,0.0,0.0,50.0,0.0,0.0,0.0,0.0,92.8,50.0,41369600.0,0.0,0.0,3966350139.0,3966350139.0,3966350139.0,0.0,0.0,,0.0,0.0,0.0
2020-03-09,50.0,0.0,0.0,0.0,0.0,50.0,0.0,0.0,0.0,0.0,92.8,50.0,40322700.0,0.0,0.0,3966350139.0,3966350139.0,3966350139.0,0.0,0.0,,0.0,0.0,0.0
2020-03-10,50.0,0.0,0.0,0.0,0.0,50.0,0.0,0.0,0.0,0.0,92.8,50.0,43297400.0,0.0,0.0,3966350139.0,3966350139.0,3966350139.0,0.0,0.0,,0.0,0.0,0.0
2020-03-11,50.0,0.0,0.0,0.0,0.0,50.0,0.0,0.0,0.0,0.0,92.8,50.0,42857700.0,0.0,0.0,3966350139.0,3966350139.0,3966350139.0,0.0,0.0,,0.0,0.0,0.0
2020-03-12,50.0,0.0,0.0,0.0,0.0,50.0,0.0,0.0,0.0,0.0,92.8,50.0,43081100.0,0.0,0.0,3966350139.0,3966350139.0,3966350139.0,0.0,0.0,,0.0,0.0,0.0
2020-03-13,50.0,0.0,0.0,0.0,0.0,50.0,0.0,0.0,0.0,0.0,92.8,50.0,42978100.0,0.0,0.0,3966350139.0,3966350139.0,3966350139.0,0.0,0.0,,0.0,0.0,0.0
2020-03-16,50.0,0.0,0.0,0.0,0.0,50.0,0.0,0.0,0.0,0.0,92.8,50.0,40310000.0,0.0,0.0,3966350139.0,3966350139.0,3966350139.0,0.0,0.0,,0.0,0.0,0.0
2020-03-17,50.0,0.0,0.0,0.0,0.0,50.0,0.0,0.0,0.0,0.0,92.8,50.0,41267000.0,0.0,0.0,3966350139.0,3966350139.0,3966350139.0,0.0,0.0,,0.0,0.0,0.0
2020-03-18,50.0,0.0,0.0,0.0,0.0,50.0,0.0,0.0,0.0,0.0,92.8,50.0,41681800.0,0.0,0.0,3966350139.0,3966350139.0,3966350139.0,0.0,0.0,,0.0,0.0,0.0
2020-03-19,50.0,0.0,0.0,0.0,0.0,50.0,0.0,0.0,0.0,0.0,92.8,50.0,40421700.0,0.0,0.0,3966350139.0,3966350139.0,3966350139.0,0.0,0.0,,0.0,0.0,0.0
2020-03-20,50.0,0.0,0.0,50.0,50.0,50.0,0.0,1000.0,50000.0,1.0,92.8,50.0,38975900.0,0.0,0.0,3966350139.0,3966350139.0,3966350139.0,0.0,0.0,,0.0,0.0,0.0
2020-03-23,50.0,0.0,0.0,0.0,0.0,50.0,0.0,0.0,0.0,0.0,92.8,50.0,19276300.0,0.0,0.0,3966350139.0,3966350139.0,3966350139.0,0.0,0.0,,0.0,0.0,0.0
2020-03-24,50.0,0.0,0.0,0.0,0.0,50.0,0.0,0.0,0.0,0.0,92.8,50.0,19000300.0,0.0,0.0,3966350139.0,3966350139.0,3966350139.0,0.0,0.0,,0.0,0.0,0.0
2020-03-26,50.0,0.0,0.0,0.0,0.0,50.0,0.0,0.0,0.0,0.0,92.8,50.0,21942100.0,0.0,0.0,3966350139.0,3966350139.0,3966350139.0,0.0,0.0,,0.0,0.0,0.0
2020-03-27,50.0,0.0,0.0,0.0,0.0,50.0,0.0,0.0,0.0,0.0,92.8,50.0,22371300.0,0.0,0.0,3966350139.0,3966350139.0,3966350139.0,0.0,0.0,,0.0,0.0,0.0
2020-03-30,50.0,0.0,0.0,0.0,0.0,50.0,0.0,0.0,0.0,0.0,92.8,50.0,40284500.0,0.0,0.0,3966350139.0,3966350139.0,3966350139.0,0.0,0.0,,0.0,0.0,0.0
2020-03-31,50.0,0.0,0.0,0.0,0.0,50.0,0.0,0.0,0.0,0.0,92.8,50.0,40561100.0,0.0,0.0,3966350139.0,3966350139.0,3966350139.0,0.0,0.0,,0.0,0.0,0.0
2020-04-01,50.0,0.0,0.0,0.0,0.0,50.0,0.0,0.0,0.0,0.0,92.8,50.0,40773400.0,0.0,0.0,3966350139.0,3966350139.0,3966350139.0,0.0,0.0,,0.0,0.0,0.0
2020-04-02,50.0,0.0,0.0,0.0,0.0,50.0,0.0,0.0,0.0,0.0,92.8,50.0,19518600.0,0.0,0.0,3966350139.0,3966350139.0,3966350139.0,0.0,0.0,,0.0,0.0,0.0
2020-04-03,50.0,0.0,0.0,0.0,0.0,50.0,0.0,0.0,0.0,0.0,92.8,50.0,21547000.0,0.0,0.0,3966350139.0,3966350139.0,3966350139.0,0.0,0.0,,0.0,0.0,0.0
2020-04-06,50.0,0.0,0.0,0.0,0.0,50.0,0.0,0.0,0.0,0.0,92.8,50.0,20736100.0,0.0,0.0,3966350139.0,3966350139.0,3966350139.0,0.0,0.0,,0.0,0.0,0.0
2020-04-07,50.0,0.0,0.0,0.0,0.0,50.0,0.0,0.0,0.0,0.0,92.8,50.0,42049700.0,0.0,0.0,3966350139.0,3966350139.0,3966350139.0,0.0,0.0,,0.0,0.0,0.0
2020-04-08,50.0,0.0,0.0,0.0,0.0,50.0,0.0,0.0,0.0,0.0,92.8,50.0,42197500.0,0.0,0.0,3966350139.0,3966350139.0,3966350139.0,0.0,0.0,,0.0,0.0,0.0
2020-04-09,50.0,0.0,0.0,0.0,0.0,50.0,0.0,0.0,0.0,0.0,92.8,50.0,41386200.0,0.0,0.0,3966350139.0,3966350139.0,3966350139.0,0.0,0.0,,0.0,0.0,0.0
2020-04-13,50.0,0.0,0.0,0.0,0.0,50.0,0.0,0.0,0.0,0.0,92.8,50.0,41602700.0,0.0,0.0,3966350139.0,3966350139.0,3966350139.0,0.0,0.0,,0.0,0.0,0.0
2020-04-14,50.0,0.0,0.0,0.0,0.0,50.0,0.0,0.0,0.0,0.0,92.8,50.0,41584700.0,0.0,0.0,3966350139.0,3966350139.0,3966350139.0,0.0,0.0,,0.0,0.0,0.0
2020-04-15,50.0,0.0,0.0,0.0,0.0,50.0,0.0,0.0,0.0,0.0,92.8,50.0,39819700.0,0.0,0.0,3966350139.0,3966350139.0,3966350139.0,0.0,0.0,,0.0,0.0,0.0
2020-04-16,50.0,0.0,0.0,50.0,50.0,50.0,0.0,100.0,5000.0,1.0,92.8,50.0,41074500.0,0.0,0.0,3966350139.0,3966350139.0,3966350139.0,0.0,0.0,,0.0,0.0,0.0
2020-04-17,50.0,0.0,0.0,0.0,0.0,50.0,0.0,0.0,0.0,0.0,92.8,50.0,41663600.0,0.0,0.0,3966350139.0,3966350139.0,3966350139.0,0.0,0.0,,0.0,0.0,0.0
2020-04-20,50.0,0.0,0.0,0.0,0.0,50.0,0.0,0.0,0.0,0.0,92.8,50.0,21129000.0,0.0,0.0,3966350139.0,3966350139.0,3966350139.0,0.0,0.0,,0.0,0.0,0.0
2020-04-21,50.0,0.0,0.0,0.0,0.0,50.0,0.0,0.0,0.0,0.0,92.8,50.0,38243400.0,0.0,0.0,3966350139.0,3966350139.0,3966350139.0,0.0,0.0,,0.0,0.0,0.0
2020-04-22,50.0,0.0,0.0,0.0,0.0,50.0,0.0,0.0,0.0,0.0,92.8,50.0,30761600.0,0.0,0.0,3966350139.0,3966350139.0,3966350139.0,0.0,0.0,,0.0,0.0,0.0
2020-04-23,50.0,0.0,0.0,0.0,0.0,50.0,0.0,0.0,0.0,0.0,92.8,50.0,30469600.0,0.0,0.0,3966350139.0,3966350139.0,3966350139.0,0.0,0.0,,0.0,0.0,0.0
2020-04-24,50.0,0.0,0.0,0.0,0.0,50.0,0.0,0.0,0.0,0.0,92.8,50.0,39727100.0,0.0,0.0,3966350139.0,3966350139.0,3966350139.0,0.0,0.0,,0.0,0.0,0.0
2020-04-27,50.0,0.0,0.0,0.0,0.0,50.0,0.0,0.0,0.0,0.0,92.8,50.0,39248000.0,0.0,0.0,3966350139.0,3966350139.0,3966350139.0,0.0,0.0,,0.0,0.0,0.0
2020-04-28,50.0,0.0,0.0,0.0,0.0,50.0,0.0,0.0,0.0,0.0,92.8,50.0,20850500.0,0.0,0.0,3966350139.0,3966350139.0,3966350139.0,0.0,0.0,,0.0,0.0,0.0
2020-04-29,50.0,0.0,0.0,0.0,0.0,50.0,0.0,0.0,0.0,0.0,92.8,50.0,20710100.0,0.0,0.0,3966350139.0,3966350139.0,3966350139.0,0.0,0.0,,0.0,0.0,0.0
2020-04-30,50.0,0.0,0.0,0.0,0.0,50.0,0.0,0.0,0.0,0.0,92.8,50.0,20829600.0,0.0,0.0,3966350139.0,3966350139.0,3966350139.0,0.0,0.0,,0.0,0.0,0.0
2020-05-04,50.0,0.0,0.0,0.0,0.0,50.0,0.0,0.0,0.0,0.0,92.8,50.0,22720900.0,0.0,0.0,3966350139.0,3966350139.0,3966350139.0,0.0,0.0,,0.0,0.0,0.0
2020-05-05,50.0,0.0,0.0,0.0,0.0,50.0,0.0,0.0,0.0,0.0,92.8,50.0,20716400.0,0.0,0.0,3966350139.0,3966350139.0,3966350139.0,0.0,0.0,,0.0,0.0,0.0
2020-05-06,50.0,0.0,0.0,0.0,0.0,50.0,0.0,0.0,0.0,0.0,92.8,50.0,20590200.0,0.0,0.0,3966350139.0,3966350139.0,3966350139.0,0.0,0.0,,0.0,0.0,0.0
2020-05-08,50.0,0.0,0.0,0.0,0.0,50.0,0.0,0.0,0.0,0.0,92.8,50.0,21659000.0,0.0,0.0,3966350139.0,3966350139.0,3966350139.0,0.0,0.0,,0.0,0.0,0.0
2020-05-11,50.0,0.0,0.0,50.0,50.0,50.0,0.0,30000.0,1500000.0,1.0,92.8,50.0,23606300.0,0.0,0.0,3966350139.0,3966350139.0,3966350139.0,0.0,0.0,,0.0,0.0,0.0
2020-05-12,50.0,0.0,0.0,0.0,0.0,50.0,0.0,0.0,0.0,0.0,92.8,50.0,43365900.0,0.0,0.0,3966350139.0,3966350139.0,3966350139.0,0.0,0.0,,0.0,0.0,0.0
2020-05-13,50.0,0.0,0.0,0.0,0.0,50.0,0.0,0.0,0.0,0.0,92.8,50.0,43167100.0,0.0,0.0,3966350139.0,3966350139.0,3966350139.0,0.0,0.0,,0.0,0.0,0.0
2020-05-14,50.0,0.0,0.0,0.0,0.0,50.0,0.0,0.0,0.0,0.0,92.8,50.0,43605200.0,0.0,0.0,3966350139.0,3966350139.0,3966350139.0,0.0,0.0,,0.0,0.0,0.0
2020-05-15,50.0,0.0,0.0,0.0,0.0,50.0,0.0,0.0,0.0,0.0,92.8,50.0,42971500.0,0.0,0.0,3966350139.0,3966350139.0,3966350139.0,0.0,0.0,,0.0,0.0,0.0
2020-05-18,50.0,0.0,0.0,50.0,50.0,50.0,0.0,100.0,5000.0,1.0,92.8,50.0,22372200.0,0.0,0.0,3966350139.0,3966350139.0,3966350139.0,0.0,0.0,,310000.0,9300000.0,1.0
2020-05-19,50.0,0.0,0.0,0.0,0.0,50.0,0.0,0.0,0.0,0.0,92.8,50.0,22694800.0,0.0,0.0,3966350139.0,3966350139.0,3966350139.0,0.0,0.0,,0.0,0.0,0.0
2020-05-20,50.0,0.0,0.0,0.0,0.0,50.0,0.0,0.0,0.0,0.0,92.8,50.0,24652500.0,0.0,0.0,3966350139.0,3966350139.0,3966350139.0,0.0,0.0,,0.0,0.0,0.0
2020-05-26,50.0,0.0,0.0,0.0,0.0,50.0,0.0,0.0,0.0,0.0,92.8,50.0,24252500.0,0.0,0.0,3966350139.0,3966350139.0,3966350139.0,0.0,0.0,,0.0,0.0,0.0
2020-05-27,50.0,0.0,0.0,0.0,0.0,50.0,0.0,0.0,0.0,0.0,92.8,50.0,45104500.0,0.0,0.0,3966350139.0,3966350139.0,3966350139.0,0.0,0.0,,0.0,0.0,0.0
2020-05-28,50.0,0.0,0.0,0.0,0.0,50.0,0.0,0.0,0.0,0.0,92.8,50.0,45932300.0,0.0,0.0,3966350139.0,3966350139.0,3966350139.0,0.0,0.0,,0.0,0.0,0.0
2020-05-29,50.0,0.0,0.0,0.0,0.0,50.0,0.0,0.0,0.0,0.0,92.8,50.0,43739600.0,0.0,0.0,3966350139.0,3966350139.0,3966350139.0,0.0,0.0,,0.0,0.0,0.0
2020-06-02,50.0,0.0,0.0,0.0,0.0,50.0,0.0,0.0,0.0,0.0,92.8,50.0,40305300.0,0.0,0.0,3966350139.0,3966350139.0,3966350139.0,0.0,0.0,,0.0,0.0,0.0
2020-06-03,50.0,0.0,0.0,0.0,0.0,50.0,0.0,0.0,0.0,0.0,92.8,50.0,41382000.0,0.0,0.0,3966350139.0,3966350139.0,3966350139.0,0.0,0.0,,0.0,0.0,0.0
2020-06-04,50.0,0.0,0.0,0.0,0.0,50.0,0.0,0.0,0.0,0.0,92.8,50.0,42069200.0,0.0,0.0,3966350139.0,3966350139.0,3966350139.0,0.0,0.0,,0.0,0.0,0.0
2020-06-05,50.0,0.0,0.0,0.0,0.0,50.0,0.0,0.0,0.0,0.0,92.8,50.0,42272900.0,0.0,0.0,3966350139.0,3966350139.0,3966350139.0,0.0,0.0,,0.0,0.0,0.0
2020-06-08,50.0,0.0,0.0,0.0,0.0,50.0,0.0,0.0,0.0,0.0,92.8,50.0,44433400.0,0.0,0.0,3966350139.0,3966350139.0,3966350139.0,0.0,0.0,,0.0,0.0,0.0
2020-06-09,50.0,0.0,0.0,0.0,0.0,50.0,0.0,0.0,0.0,0.0,92.8,50.0,42366200.0,0.0,0.0,3966350139.0,3966350139.0,3966350139.0,0.0,0.0,,0.0,0.0,0.0
2020-06-10,50.0,0.0,0.0,0.0,0.0,50.0,0.0,0.0,0.0,0.0,92.8,50.0,41219300.0,0.0,0.0,3966350139.0,3966350139.0,3966350139.0,0.0,0.0,,0.0,0.0,0.0
2020-06-11,50.0,0.0,0.0,50.0,50.0,50.0,0.0,100.0,5000.0,1.0,92.8,50.0,42409000.0,0.0,0.0,3966350139.0,3966350139.0,3966350139.0,0.0,0.0,,0.0,0.0,0.0
2020-06-12,50.0,0.0,0.0,0.0,0.0,50.0,0.0,0.0,0.0,0.0,92.8,50.0,32001700.0,0.0,0.0,3966350139.0,3966350139.0,3966350139.0,0.0,0.0,,0.0,0.0,0.0
2020-06-15,50.0,0.0,0.0,0.0,0.0,50.0,0.0,0.0,0.0,0.0,92.8,50.0,42218700.0,0.0,0.0,3966350139.0,3966350139.0,3966350139.0,0.0,0.0,,0.0,0.0,0.0
2020-06-16,50.0,0.0,0.0,0.0,0.0,50.0,0.0,0.0,0.0,0.0,92.8,50.0,41763500.0,0.0,0.0,3966350139.0,3966350139.0,3966350139.0,0.0,0.0,,0.0,0.0,0.0
2020-06-17,50.0,0.0,0.0,50.0,50.0,50.0,0.0,100.0,5000.0,1.0,92.8,50.0,41361200.0,0.0,0.0,3966350139.0,3966350139.0,3966350139.0,0.0,0.0,,0.0,0.0,0.0
2020-06-18,50.0,0.0,0.0,50.0,50.0,50.0,0.0,100.0,5000.0,1.0,92.8,50.0,42937600.0,0.0,0.0,3966350139.0,3966350139.0,3966350139.0,0.0,0.0,,0.0,0.0,0.0
2020-06-19,50.0,0.0,0.0,0.0,0.0,50.0,0.0,0.0,0.0,0.0,92.8,50.0,45075700.0,0.0,0.0,3966350139.0,3966350139.0,3966350139.0,0.0,0.0,,0.0,0.0,0.0
2020-06-22,50.0,0.0,0.0,0.0,0.0,50.0,0.0,0.0,0.0,0.0,92.8,50.0,42201300.0,0.0,0.0,3966350139.0,3966350139.0,3966350139.0,0.0,0.0,,0.0,0.0,0.0
2020-06-23,50.0,0.0,0.0,0.0,0.0,50.0,0.0,0.0,0.0,0.0,92.8,50.0,42952500.0,0.0,0.0,3966350139.0,3966350139.0,3966350139.0,0.0,0.0,,0.0,0.0,0.0
2020-06-24,50.0,0.0,0.0,0.0,0.0,50.0,0.0,0.0,0.0,0.0,92.8,50.0,43622800.0,0.0,0.0,3966350139.0,3966350139.0,3966350139.0,0.0,0.0,,115000.0,5750000.0,1.0
2020-06-25,50.0,0.0,0.0,0.0,0.0,50.0,0.0,0.0,0.0,0.0,92.8,50.0,43114900.0,0.0,0.0,3966350139.0,3966350139.0,3966350139.0,0.0,0.0,,0.0,0.0,0.0
2020-06-26,50.0,0.0,0.0,50.0,50.0,50.0,0.0,100.0,5000.0,1.0,92.8,50.0,41414300.0,0.0,0.0,3966350139.0,3966350139.0,3966350139.0,0.0,0.0,,0.0,0.0,0.0
2020-06-29,50.0,0.0,0.0,0.0,0.0,50.0,0.0,0.0,0.0,0.0,92.8,50.0,43003800.0,0.0,0.0,3966350139.0,3966350139.0,3966350139.0,0.0,0.0,,0.0,0.0,0.0
2020-06-30,50.0,0.0,0.0,0.0,0.0,50.0,0.0,0.0,0.0,0.0,92.8,50.0,41161600.0,0.0,0.0,3966350139.0,3966350139.0,3966350139.0,0.0,0.0,,0.0,0.0,0.0
2020-07-01,50.0,0.0,0.0,0.0,0.0,50.0,0.0,0.0,0.0,0.0,92.8,50.0,44032700.0,0.0,0.0,3966350139.0,3966350139.0,3966350139.0,0.0,0.0,,0.0,0.0,0.0
2020-07-02,50.0,0.0,0.0,0.0,0.0,50.0,0.0,0.0,0.0,0.0,92.8,0.0,0.0,0.0,0.0,3966350139.0,3966350139.0,3966350139.0,0.0,0.0,,0.0,0.0,0.0
2020-07-03,50.0,0.0,0.0,0.0,0.0,50.0,0.0,0.0,0.0,0.0,92.8,0.0,0.0,0.0,0.0,3966350139.0,3966350139.0,3966350139.0,0.0,0.0,,0.0,0.0,0.0
2020-07-06,50.0,0.0,0.0,0.0,0.0,50.0,0.0,0.0,0.0,0.0,92.8,0.0,0.0,0.0,0.0,3966350139.0,3966350139.0,3966350139.0,0.0,0.0,,0.0,0.0,0.0
2020-07-07,50.0,0.0,0.0,0.0,0.0,50.0,0.0,0.0,0.0,0.0,92.8,0.0,0.0,0.0,0.0,3966350139.0,3966350139.0,3966350139.0,0.0,0.0,,0.0,0.0,0.0
2020-07-08,50.0,0.0,0.0,0.0,0.0,50.0,0.0,0.0,0.0,0.0,92.8,0.0,0.0,0.0,0.0,3966350139.0,3966350139.0,3966350139.0,0.0,0.0,,0.0,0.0,0.0
2020-07-09,50.0,0.0,0.0,0.0,0.0,50.0,0.0,0.0,0.0,0.0,92.8,0.0,0.0,0.0,0.0,3966350139.0,3966350139.0,3966350139.0,0.0,0.0,,0.0,0.0,0.0
2020-07-10,50.0,0.0,0.0,0.0,0.0,50.0,0.0,0.0,0.0,0.0,92.8,0.0,0.0,0.0,0.0,3966350139.0,3966350139.0,3966350139.0,0.0,0.0,,0.0,0.0,0.0
2020-07-13,50.0,0.0,0.0,0.0,0.0,50.0,0.0,0.0,0.0,0.0,92.8,0.0,0.0,0.0,0.0,3966350139.0,3966350139.0,3966350139.0,0.0,0.0,,0.0,0.0,0.0
2020-07-14,50.0,0.0,0.0,0.0,0.0,50.0,0.0,0.0,0.0,0.0,92.8,0.0,0.0,0.0,0.0,3966350139.0,3966350139.0,3966350139.0,0.0,0.0,,0.0,0.0,0.0
2020-07-15,50.0,0.0,0.0,0.0,0.0,50.0,0.0,0.0,0.0,0.0,92.8,0.0,0.0,0.0,0.0,3966350139.0,3966350139.0,3966350139.0,0.0,0.0,,0.0,0.0,0.0
2020-07-16,50.0,0.0,0.0,0.0,0.0,50.0,0.0,0.0,0.0,0.0,92.8,0.0,0.0,0.0,0.0,3966350139.0,3966350139.0,3966350139.0,0.0,0.0,,0.0,0.0,0.0
2020-07-17,50.0,0.0,0.0,0.0,0.0,50.0,0.0,0.0,0.0,0.0,92.8,0.0,0.0,0.0,0.0,3966350139.0,3966350139.0,3966350139.0,0.0,0.0,,0.0,0.0,0.0
2020-07-20,50.0,0.0,0.0,0.0,0.0,50.0,0.0,0.0,0.0,0.0,92.8,0.0,0.0,0.0,0.0,3966350139.0,3966350139.0,3966350139.0,0.0,0.0,,0.0,0.0,0.0
2020-07-21,50.0,0.0,0.0,0.0,0.0,50.0,0.0,0.0,0.0,0.0,92.8,0.0,0.0,0.0,0.0,3966350139.0,3966350139.0,3966350139.0,0.0,0.0,,0.0,0.0,0.0
2020-07-22,50.0,0.0,0.0,0.0,0.0,50.0,0.0,0.0,0.0,0.0,92.8,0.0,0.0,0.0,0.0,3966350139.0,3966350139.0,3966350139.0,0.0,0.0,,0.0,0.0,0.0
2020-07-23,50.0,0.0,0.0,0.0,0.0,50.0,0.0,0.0,0.0,0.0,92.8,0.0,0.0,0.0,0.0,3966350139.0,3966350139.0,3966350139.0,0.0,0.0,,0.0,0.0,0.0
2020-07-24,50.0,0.0,0.0,0.0,0.0,50.0,0.0,0.0,0.0,0.0,92.8,0.0,0.0,0.0,0.0,3966350139.0,3966350139.0,3966350139.0,0.0,0.0,,0.0,0.0,0.0
2020-07-27,50.0,0.0,0.0,0.0,0.0,50.0,0.0,0.0,0.0,0.0,92.8,0.0,0.0,0.0,0.0,3966350139.0,3966350139.0,3966350139.0,0.0,0.0,,0.0,0.0,0.0
2020-07-28,50.0,0.0,0.0,0.0,0.0,50.0,0.0,0.0,0.0,0.0,92.8,0.0,0.0,0.0,0.0,3966350139.0,3966350139.0,3966350139.0,0.0,0.0,,0.0,0.0,0.0
2020-07-29,50.0,0.0,0.0,0.0,0.0,50.0,0.0,0.0,0.0,0.0,92.8,0.0,0.0,0.0,0.0,3966350139.0,3966350139.0,3966350139.0,0.0,0.0,,0.0,0.0,0.0
2020-07-30,50.0,0.0,0.0,0.0,0.0,50.0,0.0,0.0,0.0,0.0,92.8,0.0,0.0,0.0,0.0,3966350139.0,3966350139.0,3966350139.0,0.0,0.0,,0.0,0.0,0.0
2020-08-03,50.0,0.0,0.0,0.0,0.0,50.0,0.0,0.0,0.0,0.0,92.8,0.0,0.0,0.0,0.0,3966350139.0,3966350139.0,3966350139.0,0.0,0.0,,0.0,0.0,0.0
2020-08-04,50.0,0.0,0.0,0.0,0.0,50.0,0.0,0.0,0.0,0.0,92.8,0.0,0.0,0.0,0.0,3966350139.0,3966350139.0,3966350139.0,0.0,0.0,,0.0,0.0,0.0
2020-08-05,50.0,0.0,0.0,0.0,0.0,50.0,0.0,0.0,0.0,0.0,92.8,0.0,0.0,0.0,0.0,3966350139.0,3966350139.0,3966350139.0,0.0,0.0,,0.0,0.0,0.0
2020-08-06,50.0,0.0,0.0,0.0,0.0,50.0,0.0,0.0,0.0,0.0,92.8,0.0,0.0,0.0,0.0,3966350139.0,3966350139.0,3966350139.0,0.0,0.0,,0.0,0.0,0.0
2020-08-07,50.0,0.0,0.0,0.0,0.0,50.0,0.0,0.0,0.0,0.0,92.8,0.0,0.0,0.0,0.0,3966350139.0,3966350139.0,3966350139.0,0.0,0.0,,0.0,0.0,0.0
2020-08-10,50.0,0.0,0.0,0.0,0.0,50.0,0.0,0.0,0.0,0.0,92.8,0.0,0.0,0.0,0.0,3966350139.0,3966350139.0,3966350139.0,0.0,0.0,,0.0,0.0,0.0
2020-08-11,50.0,0.0,0.0,0.0,0.0,50.0,0.0,0.0,0.0,0.0,92.8,0.0,0.0,0.0,0.0,3966350139.0,3966350139.0,3966350139.0,0.0,0.0,,0.0,0.0,0.0
2020-08-12,50.0,0.0,0.0,0.0,0.0,50.0,0.0,0.0,0.0,0.0,92.8,0.0,0.0,0.0,0.0,3966350139.0,3966350139.0,3966350139.0,0.0,0.0,,0.0,0.0,0.0
2020-08-13,50.0,0.0,0.0,0.0,0.0,50.0,0.0,0.0,0.0,0.0,92.8,0.0,0.0,0.0,0.0,3966350139.0,3966350139.0,3966350139.0,0.0,0.0,,0.0,0.0,0.0
2020-08-14,50.0,0.0,0.0,0.0,0.0,50.0,0.0,0.0,0.0,0.0,92.8,0.0,0.0,0.0,0.0,3966350139.0,3966350139.0,3966350139.0,0.0,0.0,,0.0,0.0,0.0
2020-08-18,50.0,0.0,0.0,0.0,0.0,50.0,0.0,0.0,0.0,0.0,92.8,0.0,0.0,0.0,0.0,3966350139.0,3966350139.0,3966350139.0,0.0,0.0,,0.0,0.0,0.0
2020-08-19,50.0,0.0,0.0,0.0,0.0,50.0,0.0,0.0,0.0,0.0,92.8,0.0,0.0,0.0,0.0,3966350139.0,3966350139.0,3966350139.0,0.0,0.0,,0.0,0.0,0.0
2020-08-24,50.0,0.0,0.0,0.0,0.0,50.0,0.0,0.0,0.0,0.0,92.8,0.0,0.0,0.0,0.0,3966350139.0,3966350139.0,3966350139.0,0.0,0.0,,0.0,0.0,0.0
2020-08-25,50.0,0.0,0.0,0.0,0.0,50.0,0.0,0.0,0.0,0.0,92.8,0.0,0.0,0.0,0.0,3966350139.0,3966350139.0,3966350139.0,0.0,0.0,,0.0,0.0,0.0
2020-08-26,50.0,0.0,0.0,0.0,0.0,50.0,0.0,0.0,0.0,0.0,92.8,0.0,0.0,0.0,0.0,3966350139.0,3966350139.0,3966350139.0,0.0,0.0,,0.0,0.0,0.0
2020-08-27,50.0,0.0,0.0,0.0,0.0,50.0,0.0,0.0,0.0,0.0,92.8,0.0,0.0,0.0,0.0,3966350139.0,3966350139.0,3966350139.0,0.0,0.0,,0.0,0.0,0.0
2020-08-28,50.0,0.0,0.0,0.0,0.0,50.0,0.0,0.0,0.0,0.0,92.8,0.0,0.0,0.0,0.0,3966350139.0,3966350139.0,3966350139.0,0.0,0.0,,0.0,0.0,0.0
2020-08-31,50.0,0.0,0.0,0.0,0.0,50.0,0.0,0.0,0.0,0.0,92.8,0.0,0.0,0.0,0.0,3966350139.0,3966350139.0,3966350139.0,0.0,0.0,,0.0,0.0,0.0
2020-09-01,50.0,0.0,0.0,0.0,0.0,50.0,0.0,0.0,0.0,0.0,92.8,0.0,0.0,0.0,0.0,3966350139.0,3966350139.0,3966350139.0,0.0,0.0,,0.0,0.0,0.0
2020-09-02,50.0,0.0,0.0,0.0,0.0,50.0,0.0,0.0,0.0,0.0,92.8,0.0,0.0,0.0,0.0,3966350139.0,3966350139.0,3966350139.0,0.0,0.0,,0.0,0.0,0.0
2020-09-03,50.0,0.0,0.0,0.0,0.0,50.0,0.0,0.0,0.0,0.0,92.8,0.0,0.0,0.0,0.0,3966350139.0,3966350139.0,3966350139.0,0.0,0.0,,0.0,0.0,0.0
2020-09-04,50.0,0.0,0.0,0.0,0.0,50.0,0.0,0.0,0.0,0.0,92.8,0.0,0.0,0.0,0.0,3966350139.0,3966350139.0,3966350139.0,0.0,0.0,,0.0,0.0,0.0
2020-09-07,50.0,0.0,0.0,0.0,0.0,50.0,0.0,0.0,0.0,0.0,92.8,0.0,0.0,0.0,0.0,3966350139.0,3966350139.0,3966350139.0,0.0,0.0,,0.0,0.0,0.0
2020-09-08,50.0,0.0,0.0,0.0,0.0,50.0,0.0,0.0,0.0,0.0,92.8,0.0,0.0,0.0,0.0,3966350139.0,3966350139.0,3966350139.0,0.0,0.0,,0.0,0.0,0.0
2020-09-09,50.0,0.0,0.0,0.0,0.0,50.0,0.0,0.0,0.0,0.0,92.8,0.0,0.0,0.0,0.0,3966350139.0,3966350139.0,3966350139.0,0.0,0.0,,0.0,0.0,0.0
2020-09-10,50.0,0.0,0.0,0.0,0.0,50.0,0.0,0.0,0.0,0.0,92.8,0.0,0.0,0.0,0.0,3966350139.0,3966350139.0,3966350139.0,0.0,0.0,,0.0,0.0,0.0
2020-09-11,50.0,0.0,0.0,0.0,0.0,50.0,0.0,0.0,0.0,0.0,92.8,0.0,0.0,0.0,0.0,3966350139.0,3966350139.0,3966350139.0,0.0,0.0,,0.0,0.0,0.0
2020-09-14,50.0,0.0,0.0,0.0,0.0,50.0,0.0,0.0,0.0,0.0,92.8,0.0,0.0,0.0,0.0,3966350139.0,3966350139.0,3966350139.0,0.0,0.0,,0.0,0.0,0.0
2020-09-15,50.0,0.0,0.0,0.0,0.0,50.0,0.0,0.0,0.0,0.0,92.8,0.0,0.0,0.0,0.0,3966350139.0,3966350139.0,3966350139.0,0.0,0.0,,0.0,0.0,0.0
2020-09-16,50.0,0.0,0.0,0.0,0.0,50.0,0.0,0.0,0.0,0.0,92.8,0.0,0.0,0.0,0.0,3966350139.0,3966350139.0,3966350139.0,0.0,0.0,,0.0,0.0,0.0
2020-09-17,50.0,0.0,0.0,0.0,0.0,50.0,0.0,0.0,0.0,0.0,92.8,0.0,0.0,0.0,0.0,3966350139.0,3966350139.0,3966350139.0,0.0,0.0,,0.0,0.0,0.0
2020-09-18,50.0,0.0,0.0,0.0,0.0,50.0,0.0,0.0,0.0,0.0,92.8,0.0,0.0,0.0,0.0,3966350139.0,3966350139.0,3966350139.0,0.0,0.0,,0.0,0.0,0.0
2020-09-21,50.0,0.0,0.0,0.0,0.0,50.0,0.0,0.0,0.0,0.0,92.8,0.0,0.0,0.0,0.0,3966350139.0,3966350139.0,3966350139.0,0.0,0.0,,0.0,0.0,0.0
2020-09-22,50.0,0.0,0.0,0.0,0.0,50.0,0.0,0.0,0.0,0.0,92.8,0.0,0.0,0.0,0.0,3966350139.0,3966350139.0,3966350139.0,0.0,0.0,,0.0,0.0,0.0
2020-09-23,50.0,0.0,0.0,0.0,0.0,50.0,0.0,0.0,0.0,0.0,92.8,0.0,0.0,0.0,0.0,3966350139.0,3966350139.0,3966350139.0,0.0,0.0,,0.0,0.0,0.0
2020-09-24,50.0,0.0,0.0,0.0,0.0,50.0,0.0,0.0,0.0,0.0,92.8,0.0,0.0,0.0,0.0,3966350139.0,3966350139.0,3966350139.0,0.0,0.0,,0.0,0.0,0.0
2020-09-25,50.0,0.0,0.0,0.0,0.0,50.0,0.0,0.0,0.0,0.0,92.8,0.0,0.0,0.0,0.0,3966350139.0,3966350139.0,3966350139.0,0.0,0.0,,0.0,0.0,0.0
2020-09-28,50.0,0.0,0.0,0.0,0.0,50.0,0.0,0.0,0.0,0.0,92.8,0.0,0.0,0.0,0.0,3966350139.0,3966350139.0,3966350139.0,0.0,0.0,,0.0,0.0,0.0
2020-09-29,50.0,0.0,0.0,0.0,0.0,50.0,0.0,0.0,0.0,0.0,92.8,0.0,0.0,0.0,0.0,3966350139.0,3966350139.0,3966350139.0,0.0,0.0,,0.0,0.0,0.0
2020-09-30,50.0,0.0,0.0,0.0,0.0,50.0,0.0,0.0,0.0,0.0,92.8,0.0,0.0,0.0,0.0,3966350139.0,3966350139.0,3966350139.0,0.0,0.0,,0.0,0.0,0.0
2020-10-01,50.0,0.0,0.0,0.0,0.0,50.0,0.0,0.0,0.0,0.0,92.8,0.0,0.0,0.0,0.0,3966350139.0,3966350139.0,3966350139.0,0.0,0.0,,0.0,0.0,0.0
2020-10-02,50.0,0.0,0.0,0.0,0.0,50.0,0.0,0.0,0.0,0.0,92.8,0.0,0.0,0.0,0.0,3966350139.0,3966350139.0,3966350139.0,0.0,0.0,,0.0,0.0,0.0
2020-10-05,50.0,0.0,0.0,0.0,0.0,50.0,0.0,0.0,0.0,0.0,92.8,0.0,0.0,0.0,0.0,3966350139.0,3966350139.0,3966350139.0,0.0,0.0,,0.0,0.0,0.0
2020-10-06,50.0,0.0,0.0,0.0,0.0,50.0,0.0,0.0,0.0,0.0,92.8,0.0,0.0,0.0,0.0,3966350139.0,3966350139.0,3966350139.0,0.0,0.0,,0.0,0.0,0.0
2020-10-07,50.0,0.0,0.0,0.0,0.0,50.0,0.0,0.0,0.0,0.0,92.8,0.0,0.0,0.0,0.0,3966350139.0,3966350139.0,3966350139.0,0.0,0.0,,0.0,0.0,0.0
2020-10-08,50.0,0.0,0.0,0.0,0.0,50.0,0.0,0.0,0.0,0.0,92.8,0.0,0.0,0.0,0.0,3966350139.0,3966350139.0,3966350139.0,0.0,0.0,,0.0,0.0,0.0
2020-10-09,50.0,0.0,0.0,0.0,0.0,50.0,0.0,0.0,0.0,0.0,92.8,0.0,0.0,0.0,0.0,3966350139.0,3966350139.0,3966350139.0,0.0,0.0,,0.0,0.0,0.0
2020-10-12,50.0,0.0,0.0,0.0,0.0,50.0,0.0,0.0,0.0,0.0,92.8,0.0,0.0,0.0,0.0,3966350139.0,3966350139.0,3966350139.0,0.0,0.0,,0.0,0.0,0.0
2020-10-13,50.0,0.0,0.0,0.0,0.0,50.0,0.0,0.0,0.0,0.0,92.8,0.0,0.0,0.0,0.0,3966350139.0,3966350139.0,3966350139.0,0.0,0.0,,0.0,0.0,0.0
2020-10-14,50.0,0.0,0.0,0.0,0.0,50.0,0.0,0.0,0.0,0.0,92.8,0.0,0.0,0.0,0.0,3966350139.0,3966350139.0,3966350139.0,0.0,0.0,,0.0,0.0,0.0
2020-10-15,50.0,0.0,0.0,0.0,0.0,50.0,0.0,0.0,0.0,0.0,92.8,0.0,0.0,0.0,0.0,3966350139.0,3966350139.0,3966350139.0,0.0,0.0,,0.0,0.0,0.0
2020-10-16,50.0,0.0,0.0,0.0,0.0,50.0,0.0,0.0,0.0,0.0,92.8,0.0,0.0,0.0,0.0,3966350139.0,3966350139.0,3966350139.0,0.0,0.0,,0.0,0.0,0.0
2020-10-19,50.0,0.0,0.0,0.0,0.0,50.0,0.0,0.0,0.0,0.0,92.8,0.0,0.0,0.0,0.0,3966350139.0,3966350139.0,3966350139.0,0.0,0.0,,0.0,0.0,0.0
2020-10-20,50.0,0.0,0.0,0.0,0.0,50.0,0.0,0.0,0.0,0.0,92.8,0.0,0.0,0.0,0.0,3966350139.0,3966350139.0,3966350139.0,0.0,0.0,,0.0,0.0,0.0
2020-10-21,50.0,0.0,0.0,0.0,0.0,50.0,0.0,0.0,0.0,0.0,92.8,0.0,0.0,0.0,0.0,3966350139.0,3966350139.0,3966350139.0,0.0,0.0,,0.0,0.0,0.0
2020-10-22,50.0,0.0,0.0,0.0,0.0,50.0,0.0,0.0,0.0,0.0,92.8,0.0,0.0,0.0,0.0,3966350139.0,3966350139.0,3966350139.0,0.0,0.0,,0.0,0.0,0.0
2020-10-23,50.0,0.0,0.0,0.0,0.0,50.0,0.0,0.0,0.0,0.0,92.8,0.0,0.0,0.0,0.0,3966350139.0,3966350139.0,3966350139.0,0.0,0.0,,0.0,0.0,0.0
2020-10-26,50.0,0.0,0.0,0.0,0.0,50.0,0.0,0.0,0.0,0.0,92.8,0.0,0.0,0.0,0.0,3966350139.0,3966350139.0,3966350139.0,0.0,0.0,,0.0,0.0,0.0
2020-10-27,50.0,0.0,0.0,0.0,0.0,50.0,0.0,0.0,0.0,0.0,92.8,0.0,0.0,0.0,0.0,3966350139.0,3966350139.0,3966350139.0,0.0,0.0,,0.0,0.0,0.0
2020-11-02,50.0,0.0,0.0,0.0,0.0,50.0,0.0,0.0,0.0,0.0,92.8,0.0,0.0,0.0,0.0,3966350139.0,3966350139.0,3966350139.0,0.0,0.0,,0.0,0.0,0.0
2020-11-03,50.0,0.0,0.0,0.0,0.0,50.0,0.0,0.0,0.0,0.0,92.8,0.0,0.0,0.0,0.0,3966350139.0,3966350139.0,3966350139.0,0.0,0.0,,0.0,0.0,0.0
2020-11-04,50.0,0.0,0.0,0.0,0.0,50.0,0.0,0.0,0.0,0.0,92.8,0.0,0.0,0.0,0.0,3966350139.0,3966350139.0,3966350139.0,0.0,0.0,,0.0,0.0,0.0
2020-11-05,50.0,0.0,0.0,0.0,0.0,50.0,0.0,0.0,0.0,0.0,92.8,0.0,0.0,0.0,0.0,3966350139.0,3966350139.0,3966350139.0,0.0,0.0,,0.0,0.0,0.0
2020-11-06,50.0,0.0,0.0,0.0,0.0,50.0,0.0,0.0,0.0,0.0,92.8,0.0,0.0,0.0,0.0,3966350139.0,3966350139.0,3966350139.0,0.0,0.0,,0.0,0.0,0.0
2020-11-09,50.0,0.0,0.0,0.0,0.0,50.0,0.0,0.0,0.0,0.0,92.8,0.0,0.0,0.0,0.0,3966350139.0,3966350139.0,3966350139.0,0.0,0.0,,0.0,0.0,0.0
2020-11-10,50.0,0.0,0.0,0.0,0.0,50.0,0.0,0.0,0.0,0.0,92.8,0.0,0.0,0.0,0.0,3966350139.0,3966350139.0,3966350139.0,0.0,0.0,,0.0,0.0,0.0
2020-11-11,50.0,0.0,0.0,0.0,0.0,50.0,0.0,0.0,0.0,0.0,92.8,0.0,0.0,0.0,0.0,3966350139.0,3966350139.0,3966350139.0,0.0,0.0,,0.0,0.0,0.0
2020-11-12,50.0,0.0,0.0,0.0,0.0,50.0,0.0,0.0,0.0,0.0,92.8,0.0,0.0,0.0,0.0,3966350139.0,3966350139.0,3966350139.0,0.0,0.0,,0.0,0.0,0.0
2020-11-13,50.0,0.0,0.0,0.0,0.0,50.0,0.0,0.0,0.0,0.0,92.8,0.0,0.0,0.0,0.0,3966350139.0,3966350139.0,3966350139.0,0.0,0.0,,0.0,0.0,0.0
2020-11-16,50.0,0.0,0.0,0.0,0.0,50.0,0.0,0.0,0.0,0.0,92.8,0.0,0.0,0.0,0.0,3966350139.0,3966350139.0,3966350139.0,0.0,0.0,,0.0,0.0,0.0
2020-11-17,50.0,0.0,0.0,0.0,0.0,50.0,0.0,0.0,0.0,0.0,92.8,0.0,0.0,0.0,0.0,3966350139.0,3966350139.0,3966350139.0,0.0,0.0,,0.0,0.0,0.0
2020-11-18,50.0,0.0,0.0,0.0,0.0,50.0,0.0,0.0,0.0,0.0,92.8,0.0,0.0,0.0,0.0,3966350139.0,3966350139.0,3966350139.0,0.0,0.0,,0.0,0.0,0.0
2020-11-19,50.0,0.0,0.0,0.0,0.0,50.0,0.0,0.0,0.0,0.0,92.8,0.0,0.0,0.0,0.0,3966350139.0,3966350139.0,3966350139.0,0.0,0.0,,0.0,0.0,0.0
2020-11-20,50.0,0.0,0.0,0.0,0.0,50.0,0.0,0.0,0.0,0.0,92.8,0.0,0.0,0.0,0.0,3966350139.0,3966350139.0,3966350139.0,0.0,0.0,,0.0,0.0,0.0
2020-11-23,50.0,0.0,0.0,0.0,0.0,50.0,0.0,0.0,0.0,0.0,92.8,0.0,0.0,0.0,0.0,3966350139.0,3966350139.0,3966350139.0,0.0,0.0,,0.0,0.0,0.0
2020-11-24,50.0,0.0,0.0,0.0,0.0,50.0,0.0,0.0,0.0,0.0,92.8,0.0,0.0,0.0,0.0,3966350139.0,3966350139.0,3966350139.0,0.0,0.0,,0.0,0.0,0.0
2020-11-25,50.0,0.0,0.0,0.0,0.0,50.0,0.0,0.0,0.0,0.0,92.8,0.0,0.0,0.0,0.0,3966350139.0,3966350139.0,3966350139.0,0.0,0.0,,0.0,0.0,0.0
2020-11-26,50.0,0.0,0.0,0.0,0.0,50.0,0.0,0.0,0.0,0.0,92.8,0.0,0.0,0.0,0.0,3966350139.0,3966350139.0,3966350139.0,0.0,0.0,,0.0,0.0,0.0
2020-11-27,50.0,0.0,0.0,0.0,0.0,50.0,0.0,0.0,0.0,0.0,92.8,0.0,0.0,0.0,0.0,3966350139.0,3966350139.0,3966350139.0,0.0,0.0,,0.0,0.0,0.0
2020-11-30,50.0,0.0,0.0,0.0,0.0,50.0,0.0,0.0,0.0,0.0,92.8,0.0,0.0,0.0,0.0,3966350139.0,3966350139.0,3966350139.0,0.0,0.0,,0.0,0.0,0.0
2020-12-01,50.0,0.0,0.0,0.0,0.0,50.0,0.0,0.0,0.0,0.0,92.8,0.0,0.0,0.0,0.0,3966350139.0,3966350139.0,3966350139.0,0.0,0.0,,0.0,0.0,0.0
2020-12-02,50.0,0.0,0.0,0.0,0.0,50.0,0.0,0.0,0.0,0.0,92.8,0.0,0.0,0.0,0.0,3966350139.0,3966350139.0,3966350139.0,0.0,0.0,,0.0,0.0,0.0
2020-12-03,50.0,0.0,0.0,0.0,0.0,50.0,0.0,0.0,0.0,0.0,92.8,0.0,0.0,0.0,0.0,3966350139.0,3966350139.0,3966350139.0,0.0,0.0,,0.0,0.0,0.0
2020-12-04,50.0,0.0,0.0,0.0,0.0,50.0,0.0,0.0,0.0,0.0,92.8,0.0,0.0,0.0,0.0,3966350139.0,3966350139.0,3966350139.0,0.0,0.0,,0.0,0.0,0.0
2020-12-07,50.0,0.0,0.0,0.0,0.0,50.0,0.0,0.0,0.0,0.0,92.8,0.0,0.0,0.0,0.0,3966350139.0,3966350139.0,3966350139.0,0.0,0.0,,0.0,0.0,0.0
2020-12-08,50.0,0.0,0.0,0.0,0.0,50.0,0.0,0.0,0.0,0.0,92.8,0.0,0.0,0.0,0.0,3966350139.0,3966350139.0,3966350139.0,0.0,0.0,,0.0,0.0,0.0
2020-12-10,50.0,0.0,0.0,0.0,0.0,50.0,0.0,0.0,0.0,0.0,92.8,0.0,0.0,0.0,0.0,3966350139.0,3966350139.0,3966350139.0,0.0,0.0,,0.0,0.0,0.0
2020-12-11,50.0,0.0,0.0,0.0,0.0,50.0,0.0,0.0,0.0,0.0,92.8,0.0,0.0,0.0,0.0,3966350139.0,3966350139.0,3966350139.0,0.0,0.0,,0.0,0.0,0.0
2020-12-14,50.0,0.0,0.0,0.0,0.0,50.0,0.0,0.0,0.0,0.0,92.8,0.0,0.0,0.0,0.0,3966350139.0,3966350139.0,3966350139.0,0.0,0.0,,0.0,0.0,0.0
2020-12-15,50.0,0.0,0.0,0.0,0.0,50.0,0.0,0.0,0.0,0.0,92.8,0.0,0.0,0.0,0.0,3966350139.0,3966350139.0,3966350139.0,0.0,0.0,,0.0,0.0,0.0
2020-12-16,50.0,0.0,0.0,0.0,0.0,50.0,0.0,0.0,0.0,0.0,92.8,0.0,0.0,0.0,0.0,3966350139.0,3966350139.0,3966350139.0,0.0,0.0,,0.0,0.0,0.0
2020-12-17,50.0,0.0,0.0,0.0,0.0,50.0,0.0,0.0,0.0,0.0,92.8,0.0,0.0,0.0,0.0,3966350139.0,3966350139.0,3966350139.0,0.0,0.0,,0.0,0.0,0.0
2020-12-18,50.0,0.0,0.0,0.0,0.0,50.0,0.0,0.0,0.0,0.0,92.8,0.0,0.0,0.0,0.0,3966350139.0,3966350139.0,3966350139.0,0.0,0.0,,0.0,0.0,0.0
2020-12-21,50.0,0.0,0.0,0.0,0.0,50.0,0.0,0.0,0.0,0.0,92.8,0.0,0.0,0.0,0.0,3966350139.0,3966350139.0,3966350139.0,0.0,0.0,,0.0,0.0,0.0
2020-12-22,50.0,0.0,0.0,0.0,0.0,50.0,0.0,0.0,0.0,0.0,92.8,0.0,0.0,0.0,0.0,3966350139.0,3966350139.0,3966350139.0,0.0,0.0,,0.0,0.0,0.0
2020-12-23,50.0,0.0,0.0,0.0,0.0,50.0,0.0,0.0,0.0,0.0,92.8,0.0,0.0,0.0,0.0,3966350139.0,3966350139.0,3966350139.0,0.0,0.0,,0.0,0.0,0.0
2020-12-28,50.0,0.0,0.0,0.0,0.0,50.0,0.0,0.0,0.0,0.0,92.8,0.0,0.0,0.0,0.0,3966350139.0,3966350139.0,3966350139.0,0.0,0.0,,0.0,0.0,0.0
2020-12-29,50.0,0.0,0.0,0.0,0.0,50.0,0.0,0.0,0.0,0.0,92.8,0.0,0.0,0.0,0.0,3966350139.0,3966350139.0,3966350139.0,0.0,0.0,,0.0,0.0,0.0
2020-12-30,50.0,0.0,0.0,0.0,0.0,50.0,0.0,0.0,0.0,0.0,92.8,0.0,0.0,0.0,0.0,3966350139.0,3966350139.0,3966350139.0,0.0,0.0,,0.0,0.0,0.0
2021-01-04,50.0,0.0,0.0,0.0,0.0,50.0,0.0,0.0,0.0,0.0,92.8,0.0,0.0,0.0,0.0,3966350139.0,3966350139.0,3966350139.0,0.0,0.0,,0.0,0.0,0.0
2021-01-05,50.0,0.0,0.0,0.0,0.0,50.0,0.0,0.0,0.0,0.0,92.8,0.0,0.0,0.0,0.0,3966350139.0,3966350139.0,3966350139.0,0.0,0.0,,0.0,0.0,0.0
2021-01-06,50.0,0.0,0.0,0.0,0.0,50.0,0.0,0.0,0.0,0.0,92.8,0.0,0.0,0.0,0.0,3966350139.0,3966350139.0,3966350139.0,0.0,0.0,,0.0,0.0,0.0
2021-01-07,50.0,0.0,0.0,0.0,0.0,50.0,0.0,0.0,0.0,0.0,92.8,0.0,0.0,0.0,0.0,3966350139.0,3966350139.0,3966350139.0,0.0,0.0,,0.0,0.0,0.0
2021-01-08,50.0,0.0,0.0,0.0,0.0,50.0,0.0,0.0,0.0,0.0,92.8,0.0,0.0,0.0,0.0,3966350139.0,3966350139.0,3966350139.0,0.0,0.0,,0.0,0.0,0.0
2021-01-11,50.0,0.0,0.0,0.0,0.0,50.0,0.0,0.0,0.0,0.0,92.8,0.0,0.0,0.0,0.0,3966350139.0,3966350139.0,3966350139.0,0.0,0.0,,0.0,0.0,0.0
2021-01-12,50.0,0.0,0.0,0.0,0.0,50.0,0.0,0.0,0.0,0.0,92.8,0.0,0.0,0.0,0.0,3966350139.0,3966350139.0,3966350139.0,0.0,0.0,,0.0,0.0,0.0
2021-01-13,50.0,0.0,0.0,0.0,0.0,50.0,0.0,0.0,0.0,0.0,92.8,0.0,0.0,0.0,0.0,3966350139.0,3966350139.0,3966350139.0,0.0,0.0,,0.0,0.0,0.0
2021-01-14,50.0,0.0,0.0,0.0,0.0,50.0,0.0,0.0,0.0,0.0,92.8,0.0,0.0,0.0,0.0,3966350139.0,3966350139.0,3966350139.0,0.0,0.0,,0.0,0.0,0.0
2021-01-15,50.0,0.0,0.0,0.0,0.0,50.0,0.0,0.0,0.0,0.0,92.8,0.0,0.0,0.0,0.0,3966350139.0,3966350139.0,3966350139.0,0.0,0.0,,0.0,0.0,0.0
2021-01-18,50.0,0.0,0.0,0.0,0.0,50.0,0.0,0.0,0.0,0.0,92.8,0.0,0.0,0.0,0.0,3966350139.0,3966350139.0,3966350139.0,0.0,0.0,,0.0,0.0,0.0
2021-01-19,50.0,0.0,0.0,0.0,0.0,50.0,0.0,0.0,0.0,0.0,92.8,0.0,0.0,0.0,0.0,3966350139.0,3966350139.0,3966350139.0,0.0,0.0,,0.0,0.0,0.0
2021-01-20,50.0,0.0,0.0,0.0,0.0,50.0,0.0,0.0,0.0,0.0,92.8,0.0,0.0,0.0,0.0,3966350139.0,3966350139.0,3966350139.0,0.0,0.0,,0.0,0.0,0.0
2021-01-21,50.0,0.0,0.0,0.0,0.0,50.0,0.0,0.0,0.0,0.0,92.8,0.0,0.0,0.0,0.0,3966350139.0,3966350139.0,3966350139.0,0.0,0.0,,0.0,0.0,0.0
2021-01-22,50.0,0.0,0.0,0.0,0.0,50.0,0.0,0.0,0.0,0.0,92.8,0.0,0.0,0.0,0.0,3966350139.0,3966350139.0,3966350139.0,0.0,0.0,,0.0,0.0,0.0
2021-01-25,50.0,0.0,0.0,0.0,0.0,50.0,0.0,0.0,0.0,0.0,92.8,0.0,0.0,0.0,0.0,3966350139.0,3966350139.0,3966350139.0,0.0,0.0,,0.0,0.0,0.0
2021-01-26,50.0,0.0,0.0,0.0,0.0,50.0,0.0,0.0,0.0,0.0,92.8,0.0,0.0,0.0,0.0,3966350139.0,3966350139.0,3966350139.0,0.0,0.0,,0.0,0.0,0.0
2021-01-27,50.0,0.0,0.0,0.0,0.0,50.0,0.0,0.0,0.0,0.0,92.8,0.0,0.0,0.0,0.0,3966350139.0,3966350139.0,3966350139.0,0.0,0.0,,0.0,0.0,0.0
2021-01-28,50.0,0.0,0.0,0.0,0.0,50.0,0.0,0.0,0.0,0.0,92.8,0.0,0.0,0.0,0.0,3966350139.0,3966350139.0,3966350139.0,0.0,0.0,,0.0,0.0,0.0
2021-01-29,50.0,0.0,0.0,0.0,0.0,50.0,0.0,0.0,0.0,0.0,92.8,0.0,0.0,0.0,0.0,3966350139.0,3966350139.0,3966350139.0,0.0,0.0,,0.0,0.0,0.0
2021-02-01,50.0,0.0,0.0,0.0,0.0,50.0,0.0,0.0,0.0,0.0,92.8,0.0,0.0,0.0,0.0,3966350139.0,3966350139.0,3966350139.0,0.0,0.0,,0.0,0.0,0.0
2021-02-02,50.0,0.0,0.0,0.0,0.0,50.0,0.0,0.0,0.0,0.0,92.8,0.0,0.0,0.0,0.0,3966350139.0,3966350139.0,3966350139.0,0.0,0.0,,0.0,0.0,0.0
2021-02-03,50.0,0.0,0.0,0.0,0.0,50.0,0.0,0.0,0.0,0.0,92.8,0.0,0.0,0.0,0.0,3966350139.0,3966350139.0,3966350139.0,0.0,0.0,,0.0,0.0,0.0
2021-02-04,50.0,0.0,0.0,0.0,0.0,50.0,0.0,0.0,0.0,0.0,92.8,0.0,0.0,0.0,0.0,3966350139.0,3966350139.0,3966350139.0,0.0,0.0,,0.0,0.0,0.0
2021-02-05,50.0,0.0,0.0,0.0,0.0,50.0,0.0,0.0,0.0,0.0,92.8,0.0,0.0,0.0,0.0,3966350139.0,3966350139.0,3966350139.0,0.0,0.0,,0.0,0.0,0.0
2021-02-08,50.0,0.0,0.0,0.0,0.0,50.0,0.0,0.0,0.0,0.0,92.8,0.0,0.0,0.0,0.0,3966350139.0,3966350139.0,3966350139.0,0.0,0.0,,0.0,0.0,0.0
2021-02-09,50.0,0.0,0.0,0.0,0.0,50.0,0.0,0.0,0.0,0.0,92.8,0.0,0.0,0.0,0.0,3966350139.0,3966350139.0,3966350139.0,0.0,0.0,,0.0,0.0,0.0
2021-02-10,50.0,0.0,0.0,0.0,0.0,50.0,0.0,0.0,0.0,0.0,92.8,0.0,0.0,0.0,0.0,3966350139.0,3966350139.0,3966350139.0,0.0,0.0,,0.0,0.0,0.0
2021-02-11,50.0,0.0,0.0,0.0,0.0,50.0,0.0,0.0,0.0,0.0,92.8,0.0,0.0,0.0,0.0,3966350139.0,3966350139.0,3966350139.0,0.0,0.0,,0.0,0.0,0.0
2021-02-15,50.0,0.0,0.0,0.0,0.0,50.0,0.0,0.0,0.0,0.0,92.8,0.0,0.0,0.0,0.0,3966350139.0,3966350139.0,3966350139.0,0.0,0.0,,0.0,0.0,0.0
2021-02-16,50.0,0.0,0.0,0.0,0.0,50.0,0.0,0.0,0.0,0.0,92.8,0.0,0.0,0.0,0.0,3966350139.0,3966350139.0,3966350139.0,0.0,0.0,,0.0,0.0,0.0
2021-02-17,50.0,0.0,0.0,0.0,0.0,50.0,0.0,0.0,0.0,0.0,92.8,0.0,0.0,0.0,0.0,3966350139.0,3966350139.0,3966350139.0,0.0,0.0,,0.0,0.0,0.0
2021-02-18,50.0,0.0,0.0,0.0,0.0,50.0,0.0,0.0,0.0,0.0,92.8,0.0,0.0,0.0,0.0,3966350139.0,3966350139.0,3966350139.0,0.0,0.0,,0.0,0.0,0.0
2021-02-19,50.0,0.0,0.0,0.0,0.0,50.0,0.0,0.0,0.0,0.0,92.8,0.0,0.0,0.0,0.0,3966350139.0,3966350139.0,3966350139.0,0.0,0.0,,0.0,0.0,0.0
2021-02-22,50.0,0.0,0.0,0.0,0.0,50.0,0.0,0.0,0.0,0.0,92.8,0.0,0.0,0.0,0.0,3966350139.0,3966350139.0,3966350139.0,0.0,0.0,,0.0,0.0,0.0
2021-02-23,50.0,0.0,0.0,0.0,0.0,50.0,0.0,0.0,0.0,0.0,92.8,0.0,0.0,0.0,0.0,3966350139.0,3966350139.0,3966350139.0,0.0,0.0,,0.0,0.0,0.0
2021-02-24,50.0,0.0,0.0,0.0,0.0,50.0,0.0,0.0,0.0,0.0,92.8,0.0,0.0,0.0,0.0,3966350139.0,3966350139.0,3966350139.0,0.0,0.0,,0.0,0.0,0.0
2021-02-25,50.0,0.0,0.0,0.0,0.0,50.0,0.0,0.0,0.0,0.0,92.8,0.0,0.0,0.0,0.0,3966350139.0,3966350139.0,3966350139.0,0.0,0.0,,0.0,0.0,0.0
2021-02-26,50.0,0.0,0.0,0.0,0.0,50.0,0.0,0.0,0.0,0.0,92.8,0.0,0.0,0.0,0.0,3966350139.0,3966350139.0,3966350139.0,0.0,0.0,,0.0,0.0,0.0
2021-03-01,50.0,0.0,0.0,0.0,0.0,50.0,0.0,0.0,0.0,0.0,92.8,0.0,0.0,0.0,0.0,3966350139.0,3966350139.0,3966350139.0,0.0,0.0,,0.0,0.0,0.0
2021-03-02,50.0,0.0,0.0,0.0,0.0,50.0,0.0,0.0,0.0,0.0,92.8,0.0,0.0,0.0,0.0,3966350139.0,3966350139.0,3966350139.0,0.0,0.0,,0.0,0.0,0.0
2021-03-03,50.0,0.0,0.0,0.0,0.0,50.0,0.0,0.0,0.0,0.0,92.8,0.0,0.0,0.0,0.0,3966350139.0,3966350139.0,3966350139.0,0.0,0.0,,0.0,0.0,0.0
2021-03-04,50.0,0.0,0.0,0.0,0.0,50.0,0.0,0.0,0.0,0.0,92.8,0.0,0.0,0.0,0.0,3966350139.0,3966350139.0,3966350139.0,0.0,0.0,,0.0,0.0,0.0
2021-03-05,50.0,0.0,0.0,0.0,0.0,50.0,0.0,0.0,0.0,0.0,92.8,0.0,0.0,0.0,0.0,3966350139.0,3966350139.0,3966350139.0,0.0,0.0,,0.0,0.0,0.0
2021-03-08,50.0,0.0,0.0,0.0,0.0,50.0,0.0,0.0,0.0,0.0,92.8,0.0,0.0,0.0,0.0,3966350139.0,3966350139.0,3966350139.0,0.0,0.0,,0.0,0.0,0.0
2021-03-09,50.0,0.0,0.0,0.0,0.0,50.0,0.0,0.0,0.0,0.0,92.8,0.0,0.0,0.0,0.0,3966350139.0,3966350139.0,3966350139.0,0.0,0.0,,0.0,0.0,0.0
2021-03-10,50.0,0.0,0.0,0.0,0.0,50.0,0.0,0.0,0.0,0.0,92.8,0.0,0.0,0.0,0.0,3966350139.0,3966350139.0,3966350139.0,0.0,0.0,,0.0,0.0,0.0
2021-03-12,50.0,0.0,0.0,0.0,0.0,50.0,0.0,0.0,0.0,0.0,92.8,0.0,0.0,0.0,0.0,3966350139.0,3966350139.0,3966350139.0,0.0,0.0,,0.0,0.0,0.0
2021-03-15,50.0,0.0,0.0,0.0,0.0,50.0,0.0,0.0,0.0,0.0,92.8,0.0,0.0,0.0,0.0,3966350139.0,3966350139.0,3966350139.0,0.0,0.0,,0.0,0.0,0.0
2021-03-16,50.0,0.0,0.0,0.0,0.0,50.0,0.0,0.0,0.0,0.0,92.8,0.0,0.0,0.0,0.0,3966350139.0,3966350139.0,3966350139.0,0.0,0.0,,0.0,0.0,0.0
2021-03-17,50.0,0.0,0.0,0.0,0.0,50.0,0.0,0.0,0.0,0.0,92.8,0.0,0.0,0.0,0.0,3966350139.0,3966350139.0,3966350139.0,0.0,0.0,,0.0,0.0,0.0
2021-03-18,50.0,0.0,0.0,0.0,0.0,50.0,0.0,0.0,0.0,0.0,92.8,0.0,0.0,0.0,0.0,3966350139.0,3966350139.0,3966350139.0,0.0,0.0,,0.0,0.0,0.0
2021-03-19,50.0,0.0,0.0,0.0,0.0,50.0,0.0,0.0,0.0,0.0,92.8,0.0,0.0,0.0,0.0,3966350139.0,3966350139.0,3966350139.0,0.0,0.0,,0.0,0.0,0.0
2021-03-22,50.0,0.0,0.0,0.0,0.0,50.0,0.0,0.0,0.0,0.0,92.8,0.0,0.0,0.0,0.0,3966350139.0,3966350139.0,3966350139.0,0.0,0.0,,0.0,0.0,0.0
2021-03-23,50.0,0.0,0.0,0.0,0.0,50.0,0.0,0.0,0.0,0.0,92.8,0.0,0.0,0.0,0.0,3966350139.0,3966350139.0,3966350139.0,0.0,0.0,,0.0,0.0,0.0
2021-03-24,50.0,0.0,0.0,0.0,0.0,50.0,0.0,0.0,0.0,0.0,92.8,0.0,0.0,0.0,0.0,3966350139.0,3966350139.0,3966350139.0,0.0,0.0,,0.0,0.0,0.0
2021-03-25,50.0,0.0,0.0,0.0,0.0,50.0,0.0,0.0,0.0,0.0,92.8,0.0,0.0,0.0,0.0,3966350139.0,3966350139.0,3966350139.0,0.0,0.0,,0.0,0.0,0.0
2021-03-26,50.0,0.0,0.0,0.0,0.0,50.0,0.0,0.0,0.0,0.0,92.8,0.0,0.0,0.0,0.0,3966350139.0,3966350139.0,3966350139.0,0.0,0.0,,0.0,0.0,0.0
2021-03-29,50.0,0.0,0.0,0.0,0.0,50.0,0.0,0.0,0.0,0.0,92.8,0.0,0.0,0.0,0.0,3966350139.0,3966350139.0,3966350139.0,0.0,0.0,,0.0,0.0,0.0
2021-03-30,50.0,0.0,0.0,0.0,0.0,50.0,0.0,0.0,0.0,0.0,92.8,0.0,0.0,0.0,0.0,3966350139.0,3966350139.0,3966350139.0,0.0,0.0,,0.0,0.0,0.0
2021-03-31,50.0,0.0,0.0,0.0,0.0,50.0,0.0,0.0,0.0,0.0,92.8,0.0,0.0,0.0,0.0,3966350139.0,3966350139.0,3966350139.0,0.0,0.0,,0.0,0.0,0.0
2021-04-01,50.0,0.0,0.0,0.0,0.0,50.0,0.0,0.0,0.0,0.0,92.8,0.0,0.0,0.0,0.0,3966350139.0,3966350139.0,3966350139.0,0.0,0.0,,0.0,0.0,0.0
2021-04-05,50.0,0.0,0.0,0.0,0.0,50.0,0.0,0.0,0.0,0.0,92.8,0.0,0.0,0.0,0.0,3966350139.0,3966350139.0,3966350139.0,0.0,0.0,,0.0,0.0,0.0
2021-04-06,50.0,0.0,0.0,0.0,0.0,50.0,0.0,0.0,0.0,0.0,92.8,0.0,0.0,0.0,0.0,3966350139.0,3966350139.0,3966350139.0,0.0,0.0,,0.0,0.0,0.0
2021-04-07,50.0,0.0,0.0,0.0,0.0,50.0,0.0,0.0,0.0,0.0,92.8,0.0,0.0,0.0,0.0,3966350139.0,3966350139.0,3966350139.0,0.0,0.0,,0.0,0.0,0.0
2021-04-08,50.0,0.0,0.0,0.0,0.0,50.0,0.0,0.0,0.0,0.0,92.8,0.0,0.0,0.0,0.0,3966350139.0,3966350139.0,3966350139.0,0.0,0.0,,0.0,0.0,0.0
2021-04-09,50.0,0.0,0.0,0.0,0.0,50.0,0.0,0.0,0.0,0.0,92.8,0.0,0.0,0.0,0.0,3966350139.0,3966350139.0,3966350139.0,0.0,0.0,,0.0,0.0,0.0
2021-04-12,50.0,0.0,0.0,0.0,0.0,50.0,0.0,0.0,0.0,0.0,92.8,0.0,0.0,0.0,0.0,3966350139.0,3966350139.0,3966350139.0,0.0,0.0,,0.0,0.0,0.0
2021-04-13,50.0,0.0,0.0,0.0,0.0,50.0,0.0,0.0,0.0,0.0,92.8,0.0,0.0,0.0,0.0,3966350139.0,3966350139.0,3966350139.0,0.0,0.0,,0.0,0.0,0.0
2021-04-14,50.0,0.0,0.0,0.0,0.0,50.0,0.0,0.0,0.0,0.0,92.8,0.0,0.0,0.0,0.0,3966350139.0,3966350139.0,3966350139.0,0.0,0.0,,0.0,0.0,0.0
2021-04-15,50.0,0.0,0.0,0.0,0.0,50.0,0.0,0.0,0.0,0.0,92.8,0.0,0.0,0.0,0.0,3966350139.0,3966350139.0,3966350139.0,0.0,0.0,,0.0,0.0,0.0
2021-04-16,50.0,0.0,0.0,0.0,0.0,50.0,0.0,0.0,0.0,0.0,92.8,0.0,0.0,0.0,0.0,3966350139.0,3966350139.0,3966350139.0,0.0,0.0,,0.0,0.0,0.0
2021-04-19,50.0,0.0,0.0,0.0,0.0,50.0,0.0,0.0,0.0,0.0,92.8,0.0,0.0,0.0,0.0,3966350139.0,3966350139.0,3966350139.0,0.0,0.0,,0.0,0.0,0.0
2021-04-20,50.0,0.0,0.0,0.0,0.0,50.0,0.0,0.0,0.0,0.0,92.8,0.0,0.0,0.0,0.0,3966350139.0,3966350139.0,3966350139.0,0.0,0.0,,0.0,0.0,0.0
2021-04-21,50.0,0.0,0.0,0.0,0.0,50.0,0.0,0.0,0.0,0.0,92.8,0.0,0.0,0.0,0.0,3966350139.0,3966350139.0,3966350139.0,0.0,0.0,,0.0,0.0,0.0
2021-04-22,50.0,0.0,0.0,0.0,0.0,50.0,0.0,0.0,0.0,0.0,92.8,0.0,0.0,0.0,0.0,3966350139.0,3966350139.0,3966350139.0,0.0,0.0,,0.0,0.0,0.0
2021-04-23,50.0,0.0,0.0,0.0,0.0,50.0,0.0,0.0,0.0,0.0,92.8,0.0,0.0,0.0,0.0,3966350139.0,3966350139.0,3966350139.0,0.0,0.0,,0.0,0.0,0.0
2021-04-26,50.0,0.0,0.0,0.0,0.0,50.0,0.0,0.0,0.0,0.0,92.8,0.0,0.0,0.0,0.0,3966350139.0,3966350139.0,3966350139.0,0.0,0.0,,0.0,0.0,0.0
2021-04-27,50.0,0.0,0.0,0.0,0.0,50.0,0.0,0.0,0.0,0.0,92.8,0.0,0.0,0.0,0.0,3966350139.0,3966350139.0,3966350139.0,0.0,0.0,,0.0,0.0,0.0
2021-04-28,50.0,0.0,0.0,0.0,0.0,50.0,0.0,0.0,0.0,0.0,92.8,0.0,0.0,0.0,0.0,3966350139.0,3966350139.0,3966350139.0,0.0,0.0,,0.0,0.0,0.0
2021-04-29,50.0,0.0,0.0,0.0,0.0,50.0,0.0,0.0,0.0,0.0,92.8,0.0,0.0,0.0,0.0,3966350139.0,3966350139.0,3966350139.0,0.0,0.0,,0.0,0.0,0.0
2021-04-30,50.0,0.0,0.0,0.0,0.0,50.0,0.0,0.0,0.0,0.0,92.8,0.0,0.0,0.0,0.0,3966350139.0,3966350139.0,3966350139.0,0.0,0.0,,0.0,0.0,0.0
2021-05-03,50.0,0.0,0.0,0.0,0.0,50.0,0.0,0.0,0.0,0.0,92.8,0.0,0.0,0.0,0.0,3966350139.0,3966350139.0,3966350139.0,0.0,0.0,,0.0,0.0,0.0
2021-05-04,50.0,0.0,0.0,0.0,0.0,50.0,0.0,0.0,0.0,0.0,92.8,0.0,0.0,0.0,0.0,3966350139.0,3966350139.0,3966350139.0,0.0,0.0,,0.0,0.0,0.0
2021-05-05,50.0,0.0,0.0,0.0,0.0,50.0,0.0,0.0,0.0,0.0,92.8,0.0,0.0,0.0,0.0,3966350139.0,3966350139.0,3966350139.0,0.0,0.0,,0.0,0.0,0.0
2021-05-06,50.0,0.0,0.0,0.0,0.0,50.0,0.0,0.0,0.0,0.0,92.8,0.0,0.0,0.0,0.0,3966350139.0,3966350139.0,3966350139.0,0.0,0.0,,0.0,0.0,0.0
2021-05-07,50.0,0.0,0.0,0.0,0.0,50.0,0.0,0.0,0.0,0.0,92.8,0.0,0.0,0.0,0.0,3966350139.0,3966350139.0,3966350139.0,0.0,0.0,,0.0,0.0,0.0
2021-05-10,50.0,0.0,0.0,0.0,0.0,50.0,0.0,0.0,0.0,0.0,92.8,0.0,0.0,0.0,0.0,3966350139.0,3966350139.0,3966350139.0,0.0,0.0,,0.0,0.0,0.0
2021-05-11,50.0,0.0,0.0,0.0,0.0,50.0,0.0,0.0,0.0,0.0,92.8,0.0,0.0,0.0,0.0,3966350139.0,3966350139.0,3966350139.0,0.0,0.0,,0.0,0.0,0.0
2021-05-17,50.0,0.0,0.0,0.0,0.0,50.0,0.0,0.0,0.0,0.0,92.8,0.0,0.0,0.0,0.0,3966350139.0,3966350139.0,3966350139.0,0.0,0.0,,0.0,0.0,0.0
2021-05-18,50.0,0.0,0.0,0.0,0.0,50.0,0.0,0.0,0.0,0.0,92.8,0.0,0.0,0.0,0.0,3966350139.0,3966350139.0,3966350139.0,0.0,0.0,,0.0,0.0,0.0
2021-05-19,50.0,0.0,0.0,0.0,0.0,50.0,0.0,0.0,0.0,0.0,92.8,0.0,0.0,0.0,0.0,3966350139.0,3966350139.0,3966350139.0,0.0,0.0,,0.0,0.0,0.0
2021-05-20,50.0,0.0,0.0,0.0,0.0,50.0,0.0,0.0,0.0,0.0,92.8,0.0,0.0,0.0,0.0,3966350139.0,3966350139.0,3966350139.0,0.0,0.0,,0.0,0.0,0.0
2021-05-21,50.0,0.0,0.0,0.0,0.0,50.0,0.0,0.0,0.0,0.0,92.8,0.0,0.0,0.0,0.0,3966350139.0,3966350139.0,3966350139.0,0.0,0.0,,0.0,0.0,0.0
2021-05-22,50.0,0.0,0.0,0.0,0.0,50.0,0.0,0.0,0.0,0.0,92.8,0.0,0.0,0.0,0.0,3966350139.0,3966350139.0,3966350139.0,0.0,0.0,,0.0,0.0,0.0
2021-05-24,50.0,0.0,0.0,0.0,0.0,50.0,0.0,0.0,0.0,0.0,92.8,0.0,0.0,0.0,0.0,3966350139.0,3966350139.0,3966350139.0,0.0,0.0,,0.0,0.0,0.0
2021-05-25,50.0,0.0,0.0,0.0,0.0,50.0,0.0,0.0,0.0,0.0,92.8,0.0,0.0,0.0,0.0,3966350139.0,3966350139.0,3966350139.0,0.0,0.0,,0.0,0.0,0.0
2021-05-27,50.0,0.0,0.0,0.0,0.0,50.0,0.0,0.0,0.0,0.0,92.8,0.0,0.0,0.0,0.0,3966350139.0,3966350139.0,3966350139.0,0.0,0.0,,0.0,0.0,0.0
2021-05-28,50.0,0.0,0.0,0.0,0.0,50.0,0.0,0.0,0.0,0.0,92.8,0.0,0.0,0.0,0.0,3966350139.0,3966350139.0,3966350139.0,0.0,0.0,,0.0,0.0,0.0
2021-05-31,50.0,0.0,0.0,0.0,0.0,50.0,0.0,0.0,0.0,0.0,92.8,0.0,0.0,0.0,0.0,3966350139.0,3966350139.0,3966350139.0,0.0,0.0,,0.0,0.0,0.0
2021-06-02,50.0,0.0,0.0,0.0,0.0,50.0,0.0,0.0,0.0,0.0,92.8,0.0,0.0,0.0,0.0,3966350139.0,3966350139.0,3966350139.0,0.0,0.0,,0.0,0.0,0.0
2021-06-03,50.0,0.0,0.0,0.0,0.0,50.0,0.0,0.0,0.0,0.0,92.8,0.0,0.0,0.0,0.0,3966350139.0,3966350139.0,3966350139.0,0.0,0.0,,0.0,0.0,0.0
2021-06-04,50.0,0.0,0.0,0.0,0.0,50.0,0.0,0.0,0.0,0.0,92.8,0.0,0.0,0.0,0.0,3966350139.0,3966350139.0,3966350139.0,0.0,0.0,,0.0,0.0,0.0
2021-06-07,50.0,0.0,0.0,0.0,0.0,50.0,0.0,0.0,0.0,0.0,92.8,0.0,0.0,0.0,0.0,3966350139.0,3966350139.0,3966350139.0,0.0,0.0,,0.0,0.0,0.0
2021-06-08,50.0,0.0,0.0,0.0,0.0,50.0,0.0,0.0,0.0,0.0,92.8,0.0,0.0,0.0,0.0,3966350139.0,3966350139.0,3966350139.0,0.0,0.0,,0.0,0.0,0.0
2021-06-09,50.0,0.0,0.0,0.0,0.0,50.0,0.0,0.0,0.0,0.0,92.8,0.0,0.0,0.0,0.0,3966350139.0,3966350139.0,3966350139.0,0.0,0.0,,0.0,0.0,0.0
2021-06-10,50.0,0.0,0.0,0.0,0.0,50.0,0.0,0.0,0.0,0.0,92.8,0.0,0.0,0.0,0.0,3966350139.0,3966350139.0,3966350139.0,0.0,0.0,,0.0,0.0,0.0
2021-06-11,50.0,0.0,0.0,0.0,0.0,50.0,0.0,0.0,0.0,0.0,92.8,0.0,0.0,0.0,0.0,3966350139.0,3966350139.0,3966350139.0,0.0,0.0,,0.0,0.0,0.0
2021-06-14,50.0,0.0,0.0,0.0,0.0,50.0,0.0,0.0,0.0,0.0,92.8,0.0,0.0,0.0,0.0,3966350139.0,3966350139.0,3966350139.0,0.0,0.0,,0.0,0.0,0.0
2021-06-15,50.0,0.0,0.0,0.0,0.0,50.0,0.0,0.0,0.0,0.0,92.8,0.0,0.0,0.0,0.0,3966350139.0,3966350139.0,3966350139.0,0.0,0.0,,0.0,0.0,0.0
2021-06-16,50.0,0.0,0.0,0.0,0.0,50.0,0.0,0.0,0.0,0.0,92.8,0.0,0.0,0.0,0.0,3966350139.0,3966350139.0,3966350139.0,0.0,0.0,,0.0,0.0,0.0
2021-06-17,50.0,0.0,0.0,0.0,0.0,50.0,0.0,0.0,0.0,0.0,92.8,0.0,0.0,0.0,0.0,3966350139.0,3966350139.0,3966350139.0,0.0,0.0,,0.0,0.0,0.0
2021-06-18,50.0,0.0,0.0,0.0,0.0,50.0,0.0,0.0,0.0,0.0,92.8,0.0,0.0,0.0,0.0,3966350139.0,3966350139.0,3966350139.0,0.0,0.0,,0.0,0.0,0.0
2021-06-21,50.0,0.0,0.0,0.0,0.0,50.0,0.0,0.0,0.0,0.0,92.8,0.0,0.0,0.0,0.0,3966350139.0,3966350139.0,3966350139.0,0.0,0.0,,0.0,0.0,0.0
2021-06-22,50.0,0.0,0.0,0.0,0.0,50.0,0.0,0.0,0.0,0.0,92.8,0.0,0.0,0.0,0.0,3966350139.0,3966350139.0,3966350139.0,0.0,0.0,,0.0,0.0,0.0
2021-06-23,50.0,0.0,0.0,0.0,0.0,50.0,0.0,0.0,0.0,0.0,92.8,0.0,0.0,0.0,0.0,3966350139.0,3966350139.0,3966350139.0,0.0,0.0,,0.0,0.0,0.0
2021-06-24,50.0,0.0,0.0,0.0,0.0,50.0,0.0,0.0,0.0,0.0,92.8,0.0,0.0,0.0,0.0,3966350139.0,3966350139.0,3966350139.0,0.0,0.0,,0.0,0.0,0.0
2021-06-25,50.0,0.0,0.0,0.0,0.0,50.0,0.0,0.0,0.0,0.0,92.8,0.0,0.0,0.0,0.0,3966350139.0,3966350139.0,3966350139.0,0.0,0.0,,0.0,0.0,0.0
2021-06-28,50.0,0.0,0.0,0.0,0.0,50.0,0.0,0.0,0.0,0.0,92.8,0.0,0.0,0.0,0.0,3966350139.0,3966350139.0,3966350139.0,0.0,0.0,,0.0,0.0,0.0
2021-06-29,50.0,0.0,0.0,0.0,0.0,50.0,0.0,0.0,0.0,0.0,92.8,0.0,0.0,0.0,0.0,3966350139.0,3966350139.0,3966350139.0,0.0,0.0,,0.0,0.0,0.0
2021-06-30,50.0,0.0,0.0,0.0,0.0,50.0,0.0,0.0,0.0,0.0,92.8,0.0,0.0,0.0,0.0,3966350139.0,3966350139.0,3966350139.0,0.0,0.0,,0.0,0.0,0.0
2021-07-01,50.0,0.0,0.0,0.0,0.0,50.0,0.0,0.0,0.0,0.0,92.8,0.0,0.0,0.0,0.0,3966350139.0,3966350139.0,3966350139.0,0.0,0.0,,0.0,0.0,0.0
2021-07-02,50.0,0.0,0.0,0.0,0.0,50.0,0.0,0.0,0.0,0.0,92.8,0.0,0.0,0.0,0.0,3966350139.0,3966350139.0,3966350139.0,0.0,0.0,,0.0,0.0,0.0
2021-07-05,50.0,0.0,0.0,0.0,0.0,50.0,0.0,0.0,0.0,0.0,92.8,0.0,0.0,0.0,0.0,3966350139.0,3966350139.0,3966350139.0,0.0,0.0,,0.0,0.0,0.0
2021-07-06,50.0,0.0,0.0,0.0,0.0,50.0,0.0,0.0,0.0,0.0,92.8,0.0,0.0,0.0,0.0,3966350139.0,3966350139.0,3966350139.0,0.0,0.0,,0.0,0.0,0.0
2021-07-07,50.0,0.0,0.0,0.0,0.0,50.0,0.0,0.0,0.0,0.0,92.8,0.0,0.0,0.0,0.0,3966350139.0,3966350139.0,3966350139.0,0.0,0.0,,0.0,0.0,0.0
2021-07-08,50.0,0.0,0.0,0.0,0.0,50.0,0.0,0.0,0.0,0.0,92.8,0.0,0.0,0.0,0.0,3966350139.0,3966350139.0,3966350139.0,0.0,0.0,,0.0,0.0,0.0
2021-07-09,50.0,0.0,0.0,0.0,0.0,50.0,0.0,0.0,0.0,0.0,92.8,0.0,0.0,0.0,0.0,3966350139.0,3966350139.0,3966350139.0,0.0,0.0,,0.0,0.0,0.0
2021-07-12,50.0,0.0,0.0,0.0,0.0,50.0,0.0,0.0,0.0,0.0,92.8,0.0,0.0,0.0,0.0,3966350139.0,3966350139.0,3966350139.0,0.0,0.0,,0.0,0.0,0.0
2021-07-13,50.0,0.0,0.0,0.0,0.0,50.0,0.0,0.0,0.0,0.0,92.8,0.0,0.0,0.0,0.0,3966350139.0,3966350139.0,3966350139.0,0.0,0.0,,0.0,0.0,0.0
2021-07-14,50.0,0.0,0.0,0.0,0.0,50.0,0.0,0.0,0.0,0.0,92.8,0.0,0.0,0.0,0.0,3966350139.0,3966350139.0,3966350139.0,0.0,0.0,,0.0,0.0,0.0
2021-07-15,50.0,0.0,0.0,0.0,0.0,50.0,0.0,0.0,0.0,0.0,92.8,0.0,0.0,0.0,0.0,3966350139.0,3966350139.0,3966350139.0,0.0,0.0,,0.0,0.0,0.0
2021-07-16,50.0,0.0,0.0,0.0,0.0,50.0,0.0,0.0,0.0,0.0,92.8,0.0,0.0,0.0,0.0,3966350139.0,3966350139.0,3966350139.0,0.0,0.0,,0.0,0.0,0.0
2021-07-19,50.0,0.0,0.0,0.0,0.0,50.0,0.0,0.0,0.0,0.0,92.8,0.0,0.0,0.0,0.0,3966350139.0,3966350139.0,3966350139.0,0.0,0.0,,0.0,0.0,0.0
2021-07-21,50.0,0.0,0.0,0.0,0.0,50.0,0.0,0.0,0.0,0.0,92.8,0.0,0.0,0.0,0.0,3966350139.0,3966350139.0,3966350139.0,0.0,0.0,,0.0,0.0,0.0
2021-07-22,50.0,0.0,0.0,0.0,0.0,50.0,0.0,0.0,0.0,0.0,92.8,0.0,0.0,0.0,0.0,3966350139.0,3966350139.0,3966350139.0,0.0,0.0,,0.0,0.0,0.0
2021-07-23,50.0,0.0,0.0,0.0,0.0,50.0,0.0,0.0,0.0,0.0,92.8,0.0,0.0,0.0,0.0,3966350139.0,3966350139.0,3966350139.0,0.0,0.0,,0.0,0.0,0.0
2021-07-26,50.0,0.0,0.0,0.0,0.0,50.0,0.0,0.0,0.0,0.0,92.8,0.0,0.0,0.0,0.0,3966350139.0,3966350139.0,3966350139.0,0.0,0.0,,0.0,0.0,0.0
2021-07-27,50.0,0.0,0.0,0.0,0.0,50.0,0.0,0.0,0.0,0.0,92.8,0.0,0.0,0.0,0.0,3966350139.0,3966350139.0,3966350139.0,0.0,0.0,,0.0,0.0,0.0
2021-07-28,50.0,0.0,0.0,0.0,0.0,50.0,0.0,0.0,0.0,0.0,92.8,0.0,0.0,0.0,0.0,3966350139.0,3966350139.0,3966350139.0,0.0,0.0,,0.0,0.0,0.0
2021-07-29,50.0,0.0,0.0,0.0,0.0,50.0,0.0,0.0,0.0,0.0,92.8,0.0,0.0,0.0,0.0,3966350139.0,3966350139.0,3966350139.0,0.0,0.0,,0.0,0.0,0.0
2021-07-30,50.0,0.0,0.0,0.0,0.0,50.0,0.0,0.0,0.0,0.0,92.8,0.0,0.0,0.0,0.0,3966350139.0,3966350139.0,3966350139.0,0.0,0.0,,0.0,0.0,0.0
2021-08-02,50.0,0.0,0.0,0.0,0.0,50.0,0.0,0.0,0.0,0.0,92.8,0.0,0.0,0.0,0.0,3966350139.0,3966350139.0,3966350139.0,0.0,0.0,,0.0,0.0,0.0
2021-08-03,50.0,0.0,0.0,0.0,0.0,50.0,0.0,0.0,0.0,0.0,92.8,0.0,0.0,0.0,0.0,3966350139.0,3966350139.0,3966350139.0,0.0,0.0,,0.0,0.0,0.0
2021-08-04,50.0,0.0,0.0,0.0,0.0,50.0,0.0,0.0,0.0,0.0,92.8,0.0,0.0,0.0,0.0,3966350139.0,3966350139.0,3966350139.0,0.0,0.0,,0.0,0.0,0.0
2021-08-05,50.0,0.0,0.0,0.0,0.0,50.0,0.0,0.0,0.0,0.0,92.8,0.0,0.0,0.0,0.0,3966350139.0,3966350139.0,3966350139.0,0.0,0.0,,0.0,0.0,0.0
2021-08-06,50.0,0.0,0.0,0.0,0.0,50.0,0.0,0.0,0.0,0.0,92.8,0.0,0.0,0.0,0.0,3966350139.0,3966350139.0,3966350139.0,0.0,0.0,,0.0,0.0,0.0
2021-08-09,50.0,0.0,0.0,0.0,0.0,50.0,0.0,0.0,0.0,0.0,92.8,0.0,0.0,0.0,0.0,3966350139.0,3966350139.0,3966350139.0,0.0,0.0,,0.0,0.0,0.0
2021-08-10,50.0,0.0,0.0,0.0,0.0,50.0,0.0,0.0,0.0,0.0,92.8,0.0,0.0,0.0,0.0,3966350139.0,3966350139.0,3966350139.0,0.0,0.0,,0.0,0.0,0.0
2021-08-12,50.0,0.0,0.0,0.0,0.0,50.0,0.0,0.0,0.0,0.0,92.8,0.0,0.0,0.0,0.0,3966350139.0,3966350139.0,3966350139.0,0.0,0.0,,0.0,0.0,0.0
2021-08-13,50.0,0.0,0.0,0.0,0.0,50.0,0.0,0.0,0.0,0.0,92.8,0.0,0.0,0.0,0.0,3966350139.0,3966350139.0,3966350139.0,0.0,0.0,,0.0,0.0,0.0
2021-08-16,50.0,0.0,0.0,0.0,0.0,50.0,0.0,0.0,0.0,0.0,92.8,0.0,0.0,0.0,0.0,3966350139.0,3966350139.0,3966350139.0,0.0,0.0,,0.0,0.0,0.0
2021-08-18,50.0,0.0,0.0,0.0,0.0,50.0,0.0,0.0,0.0,0.0,92.8,0.0,0.0,0.0,0.0,3966350139.0,3966350139.0,3966350139.0,0.0,0.0,,0.0,0.0,0.0
2021-08-19,50.0,0.0,0.0,0.0,0.0,50.0,0.0,0.0,0.0,0.0,92.8,0.0,0.0,0.0,0.0,3966350139.0,3966350139.0,3966350139.0,0.0,0.0,,0.0,0.0,0.0
2021-08-20,50.0,0.0,0.0,0.0,0.0,50.0,0.0,0.0,0.0,0.0,92.8,0.0,0.0,0.0,0.0,3966350139.0,3966350139.0,3966350139.0,0.0,0.0,,0.0,0.0,0.0
2021-08-23,50.0,0.0,0.0,0.0,0.0,50.0,0.0,0.0,0.0,0.0,92.8,0.0,0.0,0.0,0.0,3966350139.0,3966350139.0,3966350139.0,0.0,0.0,,0.0,0.0,0.0
2021-08-24,50.0,0.0,0.0,0.0,0.0,50.0,0.0,0.0,0.0,0.0,92.8,0.0,0.0,0.0,0.0,3966350139.0,3966350139.0,3966350139.0,0.0,0.0,,0.0,0.0,0.0
2021-08-25,50.0,0.0,0.0,0.0,0.0,50.0,0.0,0.0,0.0,0.0,92.8,0.0,0.0,0.0,0.0,3966350139.0,3966350139.0,3966350139.0,0.0,0.0,,0.0,0.0,0.0
2021-08-26,50.0,0.0,0.0,0.0,0.0,50.0,0.0,0.0,0.0,0.0,92.8,0.0,0.0,0.0,0.0,3966350139.0,3966350139.0,3966350139.0,0.0,0.0,,0.0,0.0,0.0
2021-08-27,50.0,0.0,0.0,0.0,0.0,50.0,0.0,0.0,0.0,0.0,92.8,0.0,0.0,0.0,0.0,3966350139.0,3966350139.0,3966350139.0,0.0,0.0,,0.0,0.0,0.0
2021-08-30,50.0,0.0,0.0,0.0,0.0,50.0,0.0,0.0,0.0,0.0,92.8,0.0,0.0,0.0,0.0,3966350139.0,3966350139.0,3966350139.0,0.0,0.0,,0.0,0.0,0.0
2021-08-31,50.0,0.0,0.0,0.0,0.0,50.0,0.0,0.0,0.0,0.0,92.8,0.0,0.0,0.0,0.0,3966350139.0,3966350139.0,3966350139.0,0.0,0.0,,0.0,0.0,0.0
2021-09-01,50.0,0.0,0.0,0.0,0.0,50.0,0.0,0.0,0.0,0.0,92.8,0.0,0.0,0.0,0.0,3966350139.0,3966350139.0,3966350139.0,0.0,0.0,,0.0,0.0,0.0
2021-09-02,50.0,0.0,0.0,0.0,0.0,50.0,0.0,0.0,0.0,0.0,92.8,0.0,0.0,0.0,0.0,3966350139.0,3966350139.0,3966350139.0,0.0,0.0,,0.0,0.0,0.0
2021-09-03,50.0,0.0,0.0,0.0,0.0,50.0,0.0,0.0,0.0,0.0,92.8,0.0,0.0,0.0,0.0,3966350139.0,3966350139.0,3966350139.0,0.0,0.0,,0.0,0.0,0.0
2021-09-06,50.0,0.0,0.0,0.0,0.0,50.0,0.0,0.0,0.0,0.0,92.8,0.0,0.0,0.0,0.0,3966350139.0,3966350139.0,3966350139.0,0.0,0.0,,0.0,0.0,0.0
2021-09-07,50.0,0.0,0.0,0.0,0.0,50.0,0.0,0.0,0.0,0.0,92.8,0.0,0.0,0.0,0.0,3966350139.0,3966350139.0,3966350139.0,0.0,0.0,,0.0,0.0,0.0
2021-09-08,50.0,0.0,0.0,0.0,0.0,50.0,0.0,0.0,0.0,0.0,92.8,0.0,0.0,0.0,0.0,3966350139.0,3966350139.0,3966350139.0,0.0,0.0,,0.0,0.0,0.0
2021-09-09,50.0,0.0,0.0,0.0,0.0,50.0,0.0,0.0,0.0,0.0,92.8,0.0,0.0,0.0,0.0,3966350139.0,3966350139.0,3966350139.0,0.0,0.0,,0.0,0.0,0.0
2021-09-10,50.0,0.0,0.0,0.0,0.0,50.0,0.0,0.0,0.0,0.0,92.8,0.0,0.0,0.0,0.0,3966350139.0,3966350139.0,3966350139.0,0.0,0.0,,0.0,0.0,0.0
2021-09-13,50.0,0.0,0.0,0.0,0.0,50.0,0.0,0.0,0.0,0.0,92.8,0.0,0.0,0.0,0.0,3966350139.0,3966350139.0,3966350139.0,0.0,0.0,,0.0,0.0,0.0
2021-09-14,50.0,0.0,0.0,0.0,0.0,50.0,0.0,0.0,0.0,0.0,92.8,0.0,0.0,0.0,0.0,3966350139.0,3966350139.0,3966350139.0,0.0,0.0,,0.0,0.0,0.0
2021-09-15,50.0,0.0,0.0,0.0,0.0,50.0,0.0,0.0,0.0,0.0,92.8,0.0,0.0,0.0,0.0,3966350139.0,3966350139.0,3966350139.0,0.0,0.0,,0.0,0.0,0.0
2021-09-16,50.0,0.0,0.0,0.0,0.0,50.0,0.0,0.0,0.0,0.0,92.8,0.0,0.0,0.0,0.0,3966350139.0,3966350139.0,3966350139.0,0.0,0.0,,0.0,0.0,0.0
2021-09-17,50.0,0.0,0.0,0.0,0.0,50.0,0.0,0.0,0.0,0.0,92.8,0.0,0.0,0.0,0.0,3966350139.0,3966350139.0,3966350139.0,0.0,0.0,,0.0,0.0,0.0
2021-09-20,50.0,0.0,0.0,0.0,0.0,50.0,0.0,0.0,0.0,0.0,92.8,0.0,0.0,0.0,0.0,3966350139.0,3966350139.0,3966350139.0,0.0,0.0,,0.0,0.0,0.0
2021-09-21,50.0,0.0,0.0,0.0,0.0,50.0,0.0,0.0,0.0,0.0,92.8,0.0,0.0,0.0,0.0,3966350139.0,3966350139.0,3966350139.0,0.0,0.0,,0.0,0.0,0.0
2021-09-22,50.0,0.0,0.0,0.0,0.0,50.0,0.0,0.0,0.0,0.0,92.8,0.0,0.0,0.0,0.0,3966350139.0,3966350139.0,3966350139.0,0.0,0.0,,0.0,0.0,0.0
2021-09-23,50.0,0.0,0.0,0.0,0.0,50.0,0.0,0.0,0.0,0.0,92.8,0.0,0.0,0.0,0.0,3966350139.0,3966350139.0,3966350139.0,0.0,0.0,,0.0,0.0,0.0
2021-09-24,50.0,0.0,0.0,0.0,0.0,50.0,0.0,0.0,0.0,0.0,92.8,0.0,0.0,0.0,0.0,3966350139.0,3966350139.0,3966350139.0,0.0,0.0,,0.0,0.0,0.0
2021-09-27,50.0,0.0,0.0,0.0,0.0,50.0,0.0,0.0,0.0,0.0,92.8,0.0,0.0,0.0,0.0,3966350139.0,3966350139.0,3966350139.0,0.0,0.0,,0.0,0.0,0.0
2021-09-28,50.0,0.0,0.0,0.0,0.0,50.0,0.0,0.0,0.0,0.0,92.8,0.0,0.0,0.0,0.0,3966350139.0,3966350139.0,3966350139.0,0.0,0.0,,0.0,0.0,0.0
2021-09-29,50.0,0.0,0.0,0.0,0.0,50.0,0.0,0.0,0.0,0.0,92.8,0.0,0.0,0.0,0.0,3966350139.0,3966350139.0,3966350139.0,0.0,0.0,,0.0,0.0,0.0
2021-09-30,50.0,0.0,0.0,0.0,0.0,50.0,0.0,0.0,0.0,0.0,92.8,0.0,0.0,0.0,0.0,3966350139.0,3966350139.0,3966350139.0,0.0,0.0,,0.0,0.0,0.0
2021-10-01,50.0,0.0,0.0,0.0,0.0,50.0,0.0,0.0,0.0,0.0,92.8,0.0,0.0,0.0,0.0,3966350139.0,3966350139.0,3060832402.0,0.0,0.0,,0.0,0.0,0.0
2021-10-04,50.0,0.0,0.0,0.0,0.0,50.0,0.0,0.0,0.0,0.0,92.8,0.0,0.0,0.0,0.0,3966350139.0,3966350139.0,3060832402.0,0.0,0.0,,0.0,0.0,0.0
2021-10-05,50.0,0.0,0.0,0.0,0.0,50.0,0.0,0.0,0.0,0.0,92.8,0.0,0.0,0.0,0.0,3966350139.0,3966350139.0,3060832402.0,0.0,0.0,,0.0,0.0,0.0
2021-10-06,50.0,0.0,0.0,0.0,0.0,50.0,0.0,0.0,0.0,0.0,92.8,0.0,0.0,0.0,0.0,3966350139.0,3966350139.0,3060832402.0,0.0,0.0,,0.0,0.0,0.0
2021-10-07,50.0,0.0,0.0,0.0,0.0,50.0,0.0,0.0,0.0,0.0,92.8,0.0,0.0,0.0,0.0,3966350139.0,3966350139.0,3060832402.0,0.0,0.0,,0.0,0.0,0.0
2021-10-08,50.0,0.0,0.0,0.0,0.0,50.0,0.0,0.0,0.0,0.0,92.8,0.0,0.0,0.0,0.0,3966350139.0,3966350139.0,3060832402.0,0.0,0.0,,0.0,0.0,0.0
2021-10-11,50.0,0.0,0.0,0.0,0.0,50.0,0.0,0.0,0.0,0.0,92.8,0.0,0.0,0.0,0.0,3966350139.0,3966350139.0,3060832402.0,0.0,0.0,,0.0,0.0,0.0
2021-10-12,50.0,0.0,0.0,0.0,0.0,50.0,0.0,0.0,0.0,0.0,92.8,0.0,0.0,0.0,0.0,3966350139.0,3966350139.0,3060832402.0,0.0,0.0,,0.0,0.0,0.0
2021-10-13,50.0,0.0,0.0,0.0,0.0,50.0,0.0,0.0,0.0,0.0,92.8,0.0,0.0,0.0,0.0,3966350139.0,3966350139.0,3060832402.0,0.0,0.0,,0.0,0.0,0.0
2021-10-14,50.0,0.0,0.0,0.0,0.0,50.0,0.0,0.0,0.0,0.0,92.8,0.0,0.0,0.0,0.0,3966350139.0,3966350139.0,3060832402.0,0.0,0.0,,0.0,0.0,0.0
2021-10-15,50.0,0.0,0.0,0.0,0.0,50.0,0.0,0.0,0.0,0.0,92.8,0.0,0.0,0.0,0.0,3966350139.0,3966350139.0,3060832402.0,0.0,0.0,,0.0,0.0,0.0
2021-10-18,50.0,0.0,0.0,0.0,0.0,50.0,0.0,0.0,0.0,0.0,92.8,0.0,0.0,0.0,0.0,3966350139.0,3966350139.0,3060832402.0,0.0,0.0,,0.0,0.0,0.0
2021-10-19,50.0,0.0,0.0,0.0,0.0,50.0,0.0,0.0,0.0,0.0,92.8,0.0,0.0,0.0,0.0,3966350139.0,3966350139.0,3060832402.0,0.0,0.0,,0.0,0.0,0.0
2021-10-21,50.0,0.0,0.0,0.0,0.0,50.0,0.0,0.0,0.0,0.0,92.8,0.0,0.0,0.0,0.0,3966350139.0,3966350139.0,3060832402.0,0.0,0.0,,0.0,0.0,0.0
2021-10-22,50.0,0.0,0.0,0.0,0.0,50.0,0.0,0.0,0.0,0.0,92.8,0.0,0.0,0.0,0.0,3966350139.0,3966350139.0,3060832402.0,0.0,0.0,,0.0,0.0,0.0
2021-10-25,50.0,0.0,0.0,0.0,0.0,50.0,0.0,0.0,0.0,0.0,92.8,0.0,0.0,0.0,0.0,3966350139.0,3966350139.0,3060832402.0,0.0,0.0,,0.0,0.0,0.0
2021-10-26,50.0,0.0,0.0,0.0,0.0,50.0,0.0,0.0,0.0,0.0,92.8,0.0,0.0,0.0,0.0,3966350139.0,3966350139.0,3060832402.0,0.0,0.0,,0.0,0.0,0.0
2021-10-27,50.0,0.0,0.0,0.0,0.0,50.0,0.0,0.0,0.0,0.0,92.8,0.0,0.0,0.0,0.0,3966350139.0,3966350139.0,3060832402.0,0.0,0.0,,0.0,0.0,0.0
2021-10-28,50.0,0.0,0.0,0.0,0.0,50.0,0.0,0.0,0.0,0.0,92.8,0.0,0.0,0.0,0.0,3966350139.0,3966350139.0,3060832402.0,0.0,0.0,,0.0,0.0,0.0
2021-10-29,50.0,0.0,0.0,0.0,0.0,50.0,0.0,0.0,0.0,0.0,92.8,0.0,0.0,0.0,0.0,3966350139.0,3966350139.0,3060832402.0,0.0,0.0,,0.0,0.0,0.0
2021-11-01,50.0,0.0,0.0,0.0,0.0,50.0,0.0,0.0,0.0,0.0,92.8,0.0,0.0,0.0,0.0,3966350139.0,3966350139.0,3060832402.0,0.0,0.0,,0.0,0.0,0.0
2021-11-02,50.0,0.0,0.0,0.0,0.0,50.0,0.0,0.0,0.0,0.0,92.8,0.0,0.0,0.0,0.0,3966350139.0,3966350139.0,3060832402.0,0.0,0.0,,0.0,0.0,0.0
2021-11-03,50.0,0.0,0.0,0.0,0.0,50.0,0.0,0.0,0.0,0.0,92.8,0.0,0.0,0.0,0.0,3966350139.0,3966350139.0,3060832402.0,0.0,0.0,,0.0,0.0,0.0
2021-11-04,50.0,0.0,0.0,0.0,0.0,50.0,0.0,0.0,0.0,0.0,92.8,0.0,0.0,0.0,0.0,3966350139.0,3966350139.0,3060832402.0,0.0,0.0,,0.0,0.0,0.0
2021-11-05,50.0,0.0,0.0,0.0,0.0,50.0,0.0,0.0,0.0,0.0,92.8,0.0,0.0,0.0,0.0,3966350139.0,3966350139.0,3060832402.0,0.0,0.0,,0.0,0.0,0.0
2021-11-08,50.0,0.0,0.0,0.0,0.0,50.0,0.0,0.0,0.0,0.0,92.8,0.0,0.0,0.0,0.0,3966350139.0,3966350139.0,3060832402.0,0.0,0.0,,0.0,0.0,0.0
2021-11-09,50.0,0.0,0.0,0.0,0.0,50.0,0.0,0.0,0.0,0.0,92.8,0.0,0.0,0.0,0.0,3966350139.0,3966350139.0,3060832402.0,0.0,0.0,,0.0,0.0,0.0
2021-11-10,50.0,0.0,0.0,0.0,0.0,50.0,0.0,0.0,0.0,0.0,92.8,0.0,0.0,0.0,0.0,3966350139.0,3966350139.0,3060832402.0,0.0,0.0,,0.0,0.0,0.0
2021-11-11,50.0,0.0,0.0,0.0,0.0,50.0,0.0,0.0,0.0,0.0,92.8,0.0,0.0,0.0,0.0,3966350139.0,3966350139.0,3060832402.0,0.0,0.0,,0.0,0.0,0.0
2021-11-12,50.0,0.0,0.0,0.0,0.0,50.0,0.0,0.0,0.0,0.0,92.8,0.0,0.0,0.0,0.0,3966350139.0,3966350139.0,3060832402.0,0.0,0.0,,0.0,0.0,0.0
2021-11-15,50.0,0.0,0.0,0.0,0.0,50.0,0.0,0.0,0.0,0.0,92.8,0.0,0.0,0.0,0.0,3966350139.0,3966350139.0,3060832402.0,0.0,0.0,,0.0,0.0,0.0
2021-11-16,50.0,0.0,0.0,0.0,0.0,50.0,0.0,0.0,0.0,0.0,92.8,0.0,0.0,0.0,0.0,3966350139.0,3966350139.0,3060832402.0,0.0,0.0,,0.0,0.0,0.0
2021-11-17,50.0,0.0,0.0,0.0,0.0,50.0,0.0,0.0,0.0,0.0,92.8,0.0,0.0,0.0,0.0,3966350139.0,3966350139.0,3060832402.0,0.0,0.0,,0.0,0.0,0.0
2021-11-18,50.0,0.0,0.0,0.0,0.0,50.0,0.0,0.0,0.0,0.0,92.8,0.0,0.0,0.0,0.0,3966350139.0,3966350139.0,3060832402.0,0.0,0.0,,0.0,0.0,0.0
2021-11-19,50.0,0.0,0.0,0.0,0.0,50.0,0.0,0.0,0.0,0.0,92.8,0.0,0.0,0.0,0.0,3966350139.0,3966350139.0,3060832402.0,0.0,0.0,,0.0,0.0,0.0
2021-11-22,50.0,0.0,0.0,0.0,0.0,50.0,0.0,0.0,0.0,0.0,92.8,0.0,0.0,0.0,0.0,3966350139.0,3966350139.0,3060832402.0,0.0,0.0,,0.0,0.0,0.0
2021-11-23,50.0,0.0,0.0,0.0,0.0,50.0,0.0,0.0,0.0,0.0,92.8,0.0,0.0,0.0,0.0,3966350139.0,3966350139.0,3060832402.0,0.0,0.0,,0.0,0.0,0.0
2021-11-24,50.0,0.0,0.0,0.0,0.0,50.0,0.0,0.0,0.0,0.0,92.8,0.0,0.0,0.0,0.0,3966350139.0,3966350139.0,3060832402.0,0.0,0.0,,0.0,0.0,0.0
2021-11-25,50.0,0.0,0.0,0.0,0.0,50.0,0.0,0.0,0.0,0.0,92.8,0.0,0.0,0.0,0.0,3966350139.0,3966350139.0,3060832402.0,0.0,0.0,,0.0,0.0,0.0
2021-11-26,50.0,0.0,0.0,0.0,0.0,50.0,0.0,0.0,0.0,0.0,92.8,0.0,0.0,0.0,0.0,3966350139.0,3966350139.0,3060832402.0,0.0,0.0,,0.0,0.0,0.0
2021-11-29,50.0,0.0,0.0,0.0,0.0,50.0,0.0,0.0,0.0,0.0,92.8,0.0,0.0,0.0,0.0,3966350139.0,3966350139.0,3060832402.0,0.0,0.0,,0.0,0.0,0.0
2021-11-30,50.0,0.0,0.0,0.0,0.0,50.0,0.0,0.0,0.0,0.0,92.8,0.0,0.0,0.0,0.0,3966350139.0,3966350139.0,3060832402.0,0.0,0.0,,0.0,0.0,0.0
2021-12-01,50.0,0.0,0.0,0.0,0.0,50.0,0.0,0.0,0.0,0.0,92.8,0.0,0.0,0.0,0.0,3966350139.0,3966350139.0,3060832402.0,0.0,0.0,,0.0,0.0,0.0
2021-12-02,50.0,0.0,0.0,0.0,0.0,50.0,0.0,0.0,0.0,0.0,92.8,0.0,0.0,0.0,0.0,3966350139.0,3966350139.0,3060832402.0,0.0,0.0,,0.0,0.0,0.0
2021-12-03,50.0,0.0,0.0,0.0,0.0,50.0,0.0,0.0,0.0,0.0,92.8,0.0,0.0,0.0,0.0,3966350139.0,3966350139.0,3060832402.0,0.0,0.0,,0.0,0.0,0.0
2021-12-06,50.0,0.0,0.0,0.0,0.0,50.0,0.0,0.0,0.0,0.0,92.8,0.0,0.0,0.0,0.0,3966350139.0,3966350139.0,3060832402.0,0.0,0.0,,0.0,0.0,0.0
2021-12-07,50.0,0.0,0.0,0.0,0.0,50.0,0.0,0.0,0.0,0.0,92.8,0.0,0.0,0.0,0.0,3966350139.0,3966350139.0,3060832402.0,0.0,0.0,,0.0,0.0,0.0
2021-12-08,50.0,0.0,0.0,0.0,0.0,50.0,0.0,0.0,0.0,0.0,92.8,0.0,0.0,0.0,0.0,3966350139.0,3966350139.0,3060832402.0,0.0,0.0,,0.0,0.0,0.0
2021-12-09,50.0,0.0,0.0,0.0,0.0,50.0,0.0,0.0,0.0,0.0,92.8,0.0,0.0,0.0,0.0,3966350139.0,3966350139.0,3060832402.0,0.0,0.0,,0.0,0.0,0.0
2021-12-10,50.0,0.0,0.0,0.0,0.0,50.0,0.0,0.0,0.0,0.0,92.8,0.0,0.0,0.0,0.0,3966350139.0,3966350139.0,3060832402.0,0.0,0.0,,0.0,0.0,0.0
2021-12-13,50.0,0.0,0.0,0.0,0.0,50.0,0.0,0.0,0.0,0.0,92.8,0.0,0.0,0.0,0.0,3966350139.0,3966350139.0,3060832402.0,0.0,0.0,,0.0,0.0,0.0
2021-12-14,50.0,0.0,0.0,0.0,0.0,50.0,0.0,0.0,0.0,0.0,92.8,0.0,0.0,0.0,0.0,3966350139.0,3966350139.0,3060832402.0,0.0,0.0,,0.0,0.0,0.0
2021-12-15,50.0,0.0,0.0,0.0,0.0,50.0,0.0,0.0,0.0,0.0,92.8,0.0,0.0,0.0,0.0,3966350139.0,3966350139.0,3060832402.0,0.0,0.0,,0.0,0.0,0.0
2021-12-16,50.0,0.0,0.0,0.0,0.0,50.0,0.0,0.0,0.0,0.0,92.8,0.0,0.0,0.0,0.0,3966350139.0,3966350139.0,3060832402.0,0.0,0.0,,0.0,0.0,0.0
2021-12-17,50.0,0.0,0.0,0.0,0.0,50.0,0.0,0.0,0.0,0.0,92.8,0.0,0.0,0.0,0.0,3966350139.0,3966350139.0,3060832402.0,0.0,0.0,,0.0,0.0,0.0
2021-12-20,50.0,0.0,0.0,0.0,0.0,50.0,0.0,0.0,0.0,0.0,92.8,0.0,0.0,0.0,0.0,3966350139.0,3966350139.0,3060832402.0,0.0,0.0,,0.0,0.0,0.0
2021-12-21,50.0,0.0,0.0,0.0,0.0,50.0,0.0,0.0,0.0,0.0,92.8,0.0,0.0,0.0,0.0,3966350139.0,3966350139.0,3060832402.0,0.0,0.0,,0.0,0.0,0.0
2021-12-22,50.0,0.0,0.0,0.0,0.0,50.0,0.0,0.0,0.0,0.0,92.8,0.0,0.0,0.0,0.0,3966350139.0,3966350139.0,3060832402.0,0.0,0.0,,0.0,0.0,0.0
2021-12-23,50.0,0.0,0.0,0.0,0.0,50.0,0.0,0.0,0.0,0.0,92.8,0.0,0.0,0.0,0.0,3966350139.0,3966350139.0,3060832402.0,0.0,0.0,,0.0,0.0,0.0
2021-12-24,50.0,0.0,0.0,0.0,0.0,50.0,0.0,0.0,0.0,0.0,92.8,0.0,0.0,0.0,0.0,3966350139.0,3966350139.0,3060832402.0,0.0,0.0,,0.0,0.0,0.0
2021-12-27,50.0,0.0,0.0,0.0,0.0,50.0,0.0,0.0,0.0,0.0,92.8,0.0,0.0,0.0,0.0,3966350139.0,3966350139.0,3060832402.0,0.0,0.0,,0.0,0.0,0.0
2021-12-28,50.0,0.0,0.0,0.0,0.0,50.0,0.0,0.0,0.0,0.0,92.8,0.0,0.0,0.0,0.0,3966350139.0,3966350139.0,3060832402.0,0.0,0.0,,0.0,0.0,0.0
2021-12-29,50.0,0.0,0.0,0.0,0.0,50.0,0.0,0.0,0.0,0.0,92.8,0.0,0.0,0.0,0.0,3966350139.0,3966350139.0,3060832402.0,0.0,0.0,,0.0,0.0,0.0
2021-12-30,50.0,0.0,0.0,0.0,0.0,50.0,0.0,0.0,0.0,0.0,92.8,0.0,0.0,0.0,0.0,3966350139.0,3966350139.0,3060832402.0,0.0,0.0,,0.0,0.0,0.0
2022-01-03,50.0,0.0,0.0,0.0,0.0,50.0,0.0,0.0,0.0,0.0,92.8,0.0,0.0,0.0,0.0,3966350139.0,3966350139.0,2155314666.0,0.0,0.0,,0.0,0.0,0.0
2022-01-04,50.0,0.0,0.0,0.0,0.0,50.0,0.0,0.0,0.0,0.0,92.8,0.0,0.0,0.0,0.0,3966350139.0,3966350139.0,2155314666.0,0.0,0.0,,0.0,0.0,0.0
2022-01-05,50.0,0.0,0.0,0.0,0.0,50.0,0.0,0.0,0.0,0.0,92.8,0.0,0.0,0.0,0.0,3966350139.0,3966350139.0,2155314666.0,0.0,0.0,,0.0,0.0,0.0
2022-01-06,50.0,0.0,0.0,0.0,0.0,50.0,0.0,0.0,0.0,0.0,92.8,0.0,0.0,0.0,0.0,3966350139.0,3966350139.0,2155314666.0,0.0,0.0,,0.0,0.0,0.0
2022-01-07,50.0,0.0,0.0,0.0,0.0,50.0,0.0,0.0,0.0,0.0,92.8,0.0,0.0,0.0,0.0,3966350139.0,3966350139.0,2155314666.0,0.0,0.0,,0.0,0.0,0.0
2022-01-10,50.0,0.0,0.0,0.0,0.0,50.0,0.0,0.0,0.0,0.0,92.8,0.0,0.0,0.0,0.0,3966350139.0,3966350139.0,2155314666.0,0.0,0.0,,0.0,0.0,0.0
2022-01-11,50.0,0.0,0.0,0.0,0.0,50.0,0.0,0.0,0.0,0.0,92.8,0.0,0.0,0.0,0.0,3966350139.0,3966350139.0,2155314666.0,0.0,0.0,,0.0,0.0,0.0
2022-01-12,50.0,0.0,0.0,0.0,0.0,50.0,0.0,0.0,0.0,0.0,92.8,0.0,0.0,0.0,0.0,3966350139.0,3966350139.0,2155314666.0,0.0,0.0,,0.0,0.0,0.0
2022-01-13,50.0,0.0,0.0,0.0,0.0,50.0,0.0,0.0,0.0,0.0,92.8,0.0,0.0,0.0,0.0,3966350139.0,3966350139.0,2155314666.0,0.0,0.0,,0.0,0.0,0.0
2022-01-14,50.0,0.0,0.0,0.0,0.0,50.0,0.0,0.0,0.0,0.0,92.8,0.0,0.0,0.0,0.0,3966350139.0,3966350139.0,2155314666.0,0.0,0.0,,0.0,0.0,0.0
2022-01-17,50.0,0.0,0.0,0.0,0.0,50.0,0.0,0.0,0.0,0.0,92.8,0.0,0.0,0.0,0.0,3966350139.0,3966350139.0,2155314666.0,0.0,0.0,,0.0,0.0,0.0
2022-01-18,50.0,0.0,0.0,0.0,0.0,50.0,0.0,0.0,0.0,0.0,92.8,0.0,0.0,0.0,0.0,3966350139.0,3966350139.0,2155314666.0,0.0,0.0,,0.0,0.0,0.0
2022-01-19,50.0,0.0,0.0,0.0,0.0,50.0,0.0,0.0,0.0,0.0,92.8,0.0,0.0,0.0,0.0,3966350139.0,3966350139.0,2155314666.0,0.0,0.0,,0.0,0.0,0.0
2022-01-20,50.0,0.0,0.0,0.0,0.0,50.0,0.0,0.0,0.0,0.0,92.8,0.0,0.0,0.0,0.0,3966350139.0,3966350139.0,2155314666.0,0.0,0.0,,0.0,0.0,0.0
2022-01-21,50.0,0.0,0.0,0.0,0.0,50.0,0.0,0.0,0.0,0.0,92.8,0.0,0.0,0.0,0.0,3966350139.0,3966350139.0,2155314666.0,0.0,0.0,,0.0,0.0,0.0
2022-01-24,50.0,0.0,0.0,0.0,0.0,50.0,0.0,0.0,0.0,0.0,92.8,0.0,0.0,0.0,0.0,3966350139.0,3966350139.0,2155314666.0,0.0,0.0,,0.0,0.0,0.0
2022-01-25,50.0,0.0,0.0,0.0,0.0,50.0,0.0,0.0,0.0,0.0,92.8,0.0,0.0,0.0,0.0,3966350139.0,3966350139.0,2155314666.0,0.0,0.0,,0.0,0.0,0.0
2022-01-26,50.0,0.0,0.0,0.0,0.0,50.0,0.0,0.0,0.0,0.0,92.8,0.0,0.0,0.0,0.0,3966350139.0,3966350139.0,2155314666.0,0.0,0.0,,0.0,0.0,0.0
2022-01-27,50.0,0.0,0.0,0.0,0.0,50.0,0.0,0.0,0.0,0.0,92.8,0.0,0.0,0.0,0.0,3966350139.0,3966350139.0,2155314666.0,0.0,0.0,,0.0,0.0,0.0
2022-01-28,50.0,0.0,0.0,0.0,0.0,50.0,0.0,0.0,0.0,0.0,92.8,0.0,0.0,0.0,0.0,3966350139.0,3966350139.0,2155314666.0,0.0,0.0,,0.0,0.0,0.0
2022-01-31,50.0,0.0,0.0,0.0,0.0,50.0,0.0,0.0,0.0,0.0,92.8,0.0,0.0,0.0,0.0,3966350139.0,3966350139.0,2155314666.0,0.0,0.0,,0.0,0.0,0.0
2022-02-02,50.0,0.0,0.0,0.0,0.0,50.0,0.0,0.0,0.0,0.0,92.8,0.0,0.0,0.0,0.0,3966350139.0,3966350139.0,2155314666.0,0.0,0.0,,0.0,0.0,0.0
2022-02-03,50.0,0.0,0.0,0.0,0.0,50.0,0.0,0.0,0.0,0.0,92.8,0.0,0.0,0.0,0.0,3966350139.0,3966350139.0,2155314666.0,0.0,0.0,,0.0,0.0,0.0
2022-02-04,50.0,0.0,0.0,0.0,0.0,50.0,0.0,0.0,0.0,0.0,92.8,0.0,0.0,0.0,0.0,3966350139.0,3966350139.0,2155314666.0,0.0,0.0,,0.0,0.0,0.0
2022-02-07,50.0,0.0,0.0,0.0,0.0,50.0,0.0,0.0,0.0,0.0,92.8,0.0,0.0,0.0,0.0,3966350139.0,3966350139.0,2155314666.0,0.0,0.0,,0.0,0.0,0.0
2022-02-08,50.0,0.0,0.0,0.0,0.0,50.0,0.0,0.0,0.0,0.0,92.8,0.0,0.0,0.0,0.0,3966350139.0,3966350139.0,2155314666.0,0.0,0.0,,0.0,0.0,0.0
2022-02-09,50.0,0.0,0.0,0.0,0.0,50.0,0.0,0.0,0.0,0.0,92.8,0.0,0.0,0.0,0.0,3966350139.0,3966350139.0,2155314666.0,0.0,0.0,,0.0,0.0,0.0
2022-02-10,50.0,0.0,0.0,0.0,0.0,50.0,0.0,0.0,0.0,0.0,92.8,0.0,0.0,0.0,0.0,3966350139.0,3966350139.0,2155314666.0,0.0,0.0,,0.0,0.0,0.0
2022-02-11,50.0,0.0,0.0,0.0,0.0,50.0,0.0,0.0,0.0,0.0,92.8,0.0,0.0,0.0,0.0,3966350139.0,3966350139.0,2155314666.0,0.0,0.0,,0.0,0.0,0.0
2022-02-14,50.0,0.0,0.0,0.0,0.0,50.0,0.0,0.0,0.0,0.0,92.8,0.0,0.0,0.0,0.0,3966350139.0,3966350139.0,2155314666.0,0.0,0.0,,0.0,0.0,0.0
2022-02-15,50.0,0.0,0.0,0.0,0.0,50.0,0.0,0.0,0.0,0.0,92.8,0.0,0.0,0.0,0.0,3966350139.0,3966350139.0,2155314666.0,0.0,0.0,,0.0,0.0,0.0
2022-02-16,50.0,0.0,0.0,0.0,0.0,50.0,0.0,0.0,0.0,0.0,92.8,0.0,0.0,0.0,0.0,3966350139.0,3966350139.0,2155314666.0,0.0,0.0,,0.0,0.0,0.0
2022-02-17,50.0,0.0,0.0,0.0,0.0,50.0,0.0,0.0,0.0,0.0,92.8,0.0,0.0,0.0,0.0,3966350139.0,3966350139.0,2155314666.0,0.0,0.0,,0.0,0.0,0.0
2022-02-18,50.0,0.0,0.0,0.0,0.0,50.0,0.0,0.0,0.0,0.0,92.8,0.0,0.0,0.0,0.0,3966350139.0,3966350139.0,2155314666.0,0.0,0.0,,0.0,0.0,0.0
2022-02-21,50.0,0.0,0.0,0.0,0.0,50.0,0.0,0.0,0.0,0.0,92.8,0.0,0.0,0.0,0.0,3966350139.0,3966350139.0,2155314666.0,0.0,0.0,,0.0,0.0,0.0
2022-02-22,50.0,0.0,0.0,0.0,0.0,50.0,0.0,0.0,0.0,0.0,92.8,0.0,0.0,0.0,0.0,3966350139.0,3966350139.0,2155314666.0,0.0,0.0,,0.0,0.0,0.0
2022-02-23,50.0,0.0,0.0,0.0,0.0,50.0,0.0,0.0,0.0,0.0,92.8,0.0,0.0,0.0,0.0,3966350139.0,3966350139.0,2155314666.0,0.0,0.0,,0.0,0.0,0.0
2022-02-24,50.0,0.0,0.0,0.0,0.0,50.0,0.0,0.0,0.0,0.0,92.8,0.0,0.0,0.0,0.0,3966350139.0,3966350139.0,2155314666.0,0.0,0.0,,0.0,0.0,0.0
2022-02-25,50.0,0.0,0.0,0.0,0.0,50.0,0.0,0.0,0.0,0.0,92.8,0.0,0.0,0.0,0.0,3966350139.0,3966350139.0,2155314666.0,0.0,0.0,,0.0,0.0,0.0
2022-03-01,50.0,0.0,0.0,0.0,0.0,50.0,0.0,0.0,0.0,0.0,92.8,0.0,0.0,0.0,0.0,3966350139.0,3966350139.0,2155314666.0,0.0,0.0,,0.0,0.0,0.0
2022-03-02,50.0,0.0,0.0,0.0,0.0,50.0,0.0,0.0,0.0,0.0,92.8,0.0,0.0,0.0,0.0,3966350139.0,3966350139.0,2155314666.0,0.0,0.0,,0.0,0.0,0.0
2022-03-04,50.0,0.0,0.0,0.0,0.0,50.0,0.0,0.0,0.0,0.0,92.8,0.0,0.0,0.0,0.0,3966350139.0,3966350139.0,2155314666.0,0.0,0.0,,0.0,0.0,0.0
2022-03-07,50.0,0.0,0.0,0.0,0.0,50.0,0.0,0.0,0.0,0.0,92.8,0.0,0.0,0.0,0.0,3966350139.0,3966350139.0,2155314666.0,0.0,0.0,,0.0,0.0,0.0
2022-03-08,50.0,0.0,0.0,0.0,0.0,50.0,0.0,0.0,0.0,0.0,92.8,0.0,0.0,0.0,0.0,3966350139.0,3966350139.0,2155314666.0,0.0,0.0,,0.0,0.0,0.0
2022-03-09,50.0,0.0,0.0,0.0,0.0,50.0,0.0,0.0,0.0,0.0,92.8,0.0,0.0,0.0,0.0,3966350139.0,3966350139.0,2155314666.0,0.0,0.0,,0.0,0.0,0.0
2022-03-10,50.0,0.0,0.0,0.0,0.0,50.0,0.0,0.0,0.0,0.0,92.8,0.0,0.0,0.0,0.0,3966350139.0,3966350139.0,2155314666.0,0.0,0.0,,0.0,0.0,0.0
2022-03-11,50.0,0.0,0.0,0.0,0.0,50.0,0.0,0.0,0.0,0.0,92.8,0.0,0.0,0.0,0.0,3966350139.0,3966350139.0,2155314666.0,0.0,0.0,,0.0,0.0,0.0
2022-03-14,50.0,0.0,0.0,0.0,0.0,50.0,0.0,0.0,0.0,0.0,92.8,0.0,0.0,0.0,0.0,3966350139.0,3966350139.0,2155314666.0,0.0,0.0,,0.0,0.0,0.0
2022-03-15,50.0,0.0,0.0,0.0,0.0,50.0,0.0,0.0,0.0,0.0,92.8,0.0,0.0,0.0,0.0,3966350139.0,3966350139.0,2155314666.0,0.0,0.0,,0.0,0.0,0.0
2022-03-16,50.0,0.0,0.0,0.0,0.0,50.0,0.0,0.0,0.0,0.0,92.8,0.0,0.0,0.0,0.0,3966350139.0,3966350139.0,2155314666.0,0.0,0.0,,0.0,0.0,0.0
2022-03-17,50.0,0.0,0.0,0.0,0.0,50.0,0.0,0.0,0.0,0.0,92.8,0.0,0.0,0.0,0.0,3966350139.0,3966350139.0,2155314666.0,0.0,0.0,,0.0,0.0,0.0
2022-03-18,50.0,0.0,0.0,0.0,0.0,50.0,0.0,0.0,0.0,0.0,92.8,0.0,0.0,0.0,0.0,3966350139.0,3966350139.0,2155314666.0,0.0,0.0,,0.0,0.0,0.0
2022-03-21,50.0,0.0,0.0,0.0,0.0,50.0,0.0,0.0,0.0,0.0,92.8,0.0,0.0,0.0,0.0,3966350139.0,3966350139.0,2155314666.0,0.0,0.0,,0.0,0.0,0.0
2022-03-22,50.0,0.0,0.0,0.0,0.0,50.0,0.0,0.0,0.0,0.0,92.8,0.0,0.0,0.0,0.0,3966350139.0,3966350139.0,2155314666.0,0.0,0.0,,0.0,0.0,0.0
2022-03-23,50.0,0.0,0.0,0.0,0.0,50.0,0.0,0.0,0.0,0.0,92.8,0.0,0.0,0.0,0.0,3966350139.0,3966350139.0,2155314666.0,0.0,0.0,,0.0,0.0,0.0
2022-03-24,50.0,0.0,0.0,0.0,0.0,50.0,0.0,0.0,0.0,0.0,92.8,0.0,0.0,0.0,0.0,3966350139.0,3966350139.0,2155314666.0,0.0,0.0,,0.0,0.0,0.0
2022-03-25,50.0,0.0,0.0,0.0,0.0,50.0,0.0,0.0,0.0,0.0,92.8,0.0,0.0,0.0,0.0,3966350139.0,3966350139.0,2155314666.0,0.0,0.0,,0.0,0.0,0.0
2022-03-28,50.0,0.0,0.0,0.0,0.0,50.0,0.0,0.0,0.0,0.0,92.8,0.0,0.0,0.0,0.0,3966350139.0,3966350139.0,2155314666.0,0.0,0.0,,0.0,0.0,0.0
2022-03-29,50.0,0.0,0.0,0.0,0.0,50.0,0.0,0.0,0.0,0.0,92.8,0.0,0.0,0.0,0.0,3966350139.0,3966350139.0,2155314666.0,0.0,0.0,,0.0,0.0,0.0
2022-03-30,50.0,0.0,0.0,0.0,0.0,50.0,0.0,0.0,0.0,0.0,92.8,0.0,0.0,0.0,0.0,3966350139.0,3966350139.0,2155314666.0,0.0,0.0,,0.0,0.0,0.0
2022-03-31,50.0,0.0,0.0,0.0,0.0,50.0,0.0,0.0,0.0,0.0,92.8,0.0,0.0,0.0,0.0,3966350139.0,3966350139.0,2155314666.0,0.0,0.0,,0.0,0.0,0.0
2022-04-01,50.0,0.0,0.0,0.0,0.0,50.0,0.0,0.0,0.0,0.0,92.8,0.0,0.0,0.0,0.0,3966350139.0,3966350139.0,947957683.0,0.0,0.0,,0.0,0.0,0.0
2022-04-04,50.0,0.0,0.0,0.0,0.0,50.0,0.0,0.0,0.0,0.0,92.8,0.0,0.0,0.0,0.0,3966350139.0,3966350139.0,947957683.0,0.0,0.0,,0.0,0.0,0.0
2022-04-05,50.0,0.0,0.0,0.0,0.0,50.0,0.0,0.0,0.0,0.0,92.8,0.0,0.0,0.0,0.0,3966350139.0,3966350139.0,947957683.0,0.0,0.0,,0.0,0.0,0.0
2022-04-06,50.0,0.0,0.0,0.0,0.0,50.0,0.0,0.0,0.0,0.0,92.8,0.0,0.0,0.0,0.0,3966350139.0,3966350139.0,947957683.0,0.0,0.0,,0.0,0.0,0.0
2022-04-07,50.0,0.0,0.0,0.0,0.0,50.0,0.0,0.0,0.0,0.0,92.8,0.0,0.0,0.0,0.0,3966350139.0,3966350139.0,947957683.0,0.0,0.0,,0.0,0.0,0.0
2022-04-08,50.0,0.0,0.0,0.0,0.0,50.0,0.0,0.0,0.0,0.0,92.8,0.0,0.0,0.0,0.0,3966350139.0,3966350139.0,947957683.0,0.0,0.0,,0.0,0.0,0.0
2022-04-11,50.0,0.0,0.0,0.0,0.0,50.0,0.0,0.0,0.0,0.0,92.8,0.0,0.0,0.0,0.0,3966350139.0,3966350139.0,947957683.0,0.0,0.0,,0.0,0.0,0.0
2022-04-12,50.0,0.0,0.0,0.0,0.0,50.0,0.0,0.0,0.0,0.0,92.8,0.0,0.0,0.0,0.0,3966350139.0,3966350139.0,947957683.0,0.0,0.0,,0.0,0.0,0.0
2022-04-13,50.0,0.0,0.0,0.0,0.0,50.0,0.0,0.0,0.0,0.0,92.8,0.0,0.0,0.0,0.0,3966350139.0,3966350139.0,947957683.0,0.0,0.0,,0.0,0.0,0.0
2022-04-14,50.0,0.0,0.0,0.0,0.0,50.0,0.0,0.0,0.0,0.0,92.8,0.0,0.0,0.0,0.0,3966350139.0,3966350139.0,947957683.0,0.0,0.0,,0.0,0.0,0.0
2022-04-18,50.0,0.0,0.0,0.0,0.0,50.0,0.0,0.0,0.0,0.0,92.8,0.0,0.0,0.0,0.0,3966350139.0,3966350139.0,947957683.0,0.0,0.0,,0.0,0.0,0.0
2022-04-19,50.0,0.0,0.0,0.0,0.0,50.0,0.0,0.0,0.0,0.0,92.8,0.0,0.0,0.0,0.0,3966350139.0,3966350139.0,947957683.0,0.0,0.0,,0.0,0.0,0.0
2022-04-20,50.0,0.0,0.0,0.0,0.0,50.0,0.0,0.0,0.0,0.0,92.8,0.0,0.0,0.0,0.0,3966350139.0,3966350139.0,947957683.0,0.0,0.0,,0.0,0.0,0.0
2022-04-21,50.0,0.0,0.0,0.0,0.0,50.0,0.0,0.0,0.0,0.0,92.8,0.0,0.0,0.0,0.0,3966350139.0,3966350139.0,947957683.0,0.0,0.0,,0.0,0.0,0.0
2022-04-22,50.0,0.0,0.0,0.0,0.0,50.0,0.0,0.0,0.0,0.0,92.8,0.0,0.0,0.0,0.0,3966350139.0,3966350139.0,947957683.0,0.0,0.0,,0.0,0.0,0.0
2022-04-25,50.0,0.0,0.0,0.0,0.0,50.0,0.0,0.0,0.0,0.0,92.8,0.0,0.0,0.0,0.0,3966350139.0,3966350139.0,947957683.0,0.0,0.0,,0.0,0.0,0.0
2022-04-26,50.0,0.0,0.0,0.0,0.0,50.0,0.0,0.0,0.0,0.0,92.8,0.0,0.0,0.0,0.0,3966350139.0,3966350139.0,947957683.0,0.0,0.0,,0.0,0.0,0.0
2022-04-27,50.0,0.0,0.0,0.0,0.0,50.0,0.0,0.0,0.0,0.0,92.8,0.0,0.0,0.0,0.0,3966350139.0,3966350139.0,947957683.0,0.0,0.0,,0.0,0.0,0.0
2022-04-28,50.0,0.0,0.0,0.0,0.0,50.0,0.0,0.0,0.0,0.0,92.8,0.0,0.0,0.0,0.0,3966350139.0,3966350139.0,947957683.0,0.0,0.0,,0.0,0.0,0.0
2022-05-09,50.0,0.0,0.0,0.0,0.0,50.0,0.0,0.0,0.0,0.0,92.8,0.0,0.0,0.0,0.0,3966350139.0,3966350139.0,947957683.0,0.0,0.0,,0.0,0.0,0.0
2022-05-10,50.0,0.0,0.0,0.0,0.0,50.0,0.0,0.0,0.0,0.0,92.8,0.0,0.0,0.0,0.0,3966350139.0,3966350139.0,947957683.0,0.0,0.0,,0.0,0.0,0.0
2022-05-11,50.0,0.0,0.0,0.0,0.0,50.0,0.0,0.0,0.0,0.0,92.8,0.0,0.0,0.0,0.0,3966350139.0,3966350139.0,947957683.0,0.0,0.0,,0.0,0.0,0.0
2022-05-12,50.0,0.0,0.0,0.0,0.0,50.0,0.0,0.0,0.0,0.0,92.8,0.0,0.0,0.0,0.0,3966350139.0,3966350139.0,947957683.0,0.0,0.0,,0.0,0.0,0.0
2022-05-13,50.0,0.0,0.0,0.0,0.0,50.0,0.0,0.0,0.0,0.0,92.8,0.0,0.0,0.0,0.0,3966350139.0,3966350139.0,947957683.0,0.0,0.0,,0.0,0.0,0.0
2022-05-17,50.0,0.0,0.0,0.0,0.0,50.0,0.0,0.0,0.0,0.0,92.8,0.0,0.0,0.0,0.0,3966350139.0,3966350139.0,947957683.0,0.0,0.0,,0.0,0.0,0.0
2022-05-18,50.0,0.0,0.0,0.0,0.0,50.0,0.0,0.0,0.0,0.0,92.8,0.0,0.0,0.0,0.0,3966350139.0,3966350139.0,947957683.0,0.0,0.0,,0.0,0.0,0.0
2022-05-19,50.0,0.0,0.0,0.0,0.0,50.0,0.0,0.0,0.0,0.0,92.8,0.0,0.0,0.0,0.0,3966350139.0,3966350139.0,947957683.0,0.0,0.0,,0.0,0.0,0.0
2022-05-20,50.0,0.0,0.0,0.0,0.0,50.0,0.0,0.0,0.0,0.0,92.8,0.0,0.0,0.0,0.0,3966350139.0,3966350139.0,947957683.0,0.0,0.0,,0.0,0.0,0.0
2022-05-23,50.0,0.0,0.0,0.0,0.0,50.0,0.0,0.0,0.0,0.0,92.8,0.0,0.0,0.0,0.0,3966350139.0,3966350139.0,947957683.0,0.0,0.0,,0.0,0.0,0.0
2022-05-24,50.0,0.0,0.0,0.0,0.0,50.0,0.0,0.0,0.0,0.0,92.8,0.0,0.0,0.0,0.0,3966350139.0,3966350139.0,947957683.0,0.0,0.0,,0.0,0.0,0.0
2022-05-25,50.0,0.0,0.0,0.0,0.0,50.0,0.0,0.0,0.0,0.0,92.8,0.0,0.0,0.0,0.0,3966350139.0,3966350139.0,947957683.0,0.0,0.0,,0.0,0.0,0.0
2022-05-27,50.0,0.0,0.0,0.0,0.0,50.0,0.0,0.0,0.0,0.0,92.8,0.0,0.0,0.0,0.0,3966350139.0,3966350139.0,947957683.0,0.0,0.0,,0.0,0.0,0.0
2022-05-30,50.0,0.0,0.0,0.0,0.0,50.0,0.0,0.0,0.0,0.0,92.8,0.0,0.0,0.0,0.0,3966350139.0,3966350139.0,947957683.0,0.0,0.0,,0.0,0.0,0.0
2022-05-31,50.0,0.0,0.0,0.0,0.0,50.0,0.0,0.0,0.0,0.0,92.8,0.0,0.0,0.0,0.0,3966350139.0,3966350139.0,947957683.0,0.0,0.0,,0.0,0.0,0.0
2022-06-02,50.0,0.0,0.0,0.0,0.0,50.0,0.0,0.0,0.0,0.0,92.8,0.0,0.0,0.0,0.0,3966350139.0,3966350139.0,947957683.0,0.0,0.0,,0.0,0.0,0.0
2022-06-03,50.0,0.0,0.0,0.0,0.0,50.0,0.0,0.0,0.0,0.0,92.8,0.0,0.0,0.0,0.0,3966350139.0,3966350139.0,947957683.0,0.0,0.0,,0.0,0.0,0.0
2022-06-06,50.0,0.0,0.0,0.0,0.0,50.0,0.0,0.0,0.0,0.0,92.8,0.0,0.0,0.0,0.0,3966350139.0,3966350139.0,947957683.0,0.0,0.0,,0.0,0.0,0.0
2022-06-07,50.0,0.0,0.0,0.0,0.0,50.0,0.0,0.0,0.0,0.0,92.8,0.0,0.0,0.0,0.0,3966350139.0,3966350139.0,947957683.0,0.0,0.0,,0.0,0.0,0.0
2022-06-08,50.0,0.0,0.0,0.0,0.0,50.0,0.0,0.0,0.0,0.0,92.8,0.0,0.0,0.0,0.0,3966350139.0,3966350139.0,947957683.0,0.0,0.0,,0.0,0.0,0.0
2022-06-09,50.0,0.0,0.0,0.0,0.0,50.0,0.0,0.0,0.0,0.0,92.8,0.0,0.0,0.0,0.0,3966350139.0,3966350139.0,947957683.0,0.0,0.0,,0.0,0.0,0.0
2022-06-10,50.0,0.0,0.0,0.0,0.0,50.0,0.0,0.0,0.0,0.0,92.8,0.0,0.0,0.0,0.0,3966350139.0,3966350139.0,947957683.0,0.0,0.0,,0.0,0.0,0.0
2022-06-13,50.0,0.0,0.0,0.0,0.0,50.0,0.0,0.0,0.0,0.0,92.8,0.0,0.0,0.0,0.0,3966350139.0,3966350139.0,947957683.0,0.0,0.0,,0.0,0.0,0.0
2022-06-14,50.0,0.0,0.0,0.0,0.0,50.0,0.0,0.0,0.0,0.0,92.8,0.0,0.0,0.0,0.0,3966350139.0,3966350139.0,947957683.0,0.0,0.0,,0.0,0.0,0.0
2022-06-15,50.0,0.0,0.0,0.0,0.0,50.0,0.0,0.0,0.0,0.0,92.8,0.0,0.0,0.0,0.0,3966350139.0,3966350139.0,947957683.0,0.0,0.0,,0.0,0.0,0.0
2022-06-16,50.0,0.0,0.0,0.0,0.0,50.0,0.0,0.0,0.0,0.0,92.8,0.0,0.0,0.0,0.0,3966350139.0,3966350139.0,947957683.0,0.0,0.0,,0.0,0.0,0.0
2022-06-17,50.0,0.0,0.0,0.0,0.0,50.0,0.0,0.0,0.0,0.0,92.8,0.0,0.0,0.0,0.0,3966350139.0,3966350139.0,947957683.0,0.0,0.0,,0.0,0.0,0.0
2022-06-20,50.0,0.0,0.0,0.0,0.0,50.0,0.0,0.0,0.0,0.0,92.8,0.0,0.0,0.0,0.0,3966350139.0,3966350139.0,947957683.0,0.0,0.0,,0.0,0.0,0.0
2022-06-21,50.0,0.0,0.0,0.0,0.0,50.0,0.0,0.0,0.0,0.0,92.8,0.0,0.0,0.0,0.0,3966350139.0,3966350139.0,947957683.0,0.0,0.0,,0.0,0.0,0.0
2022-06-22,50.0,0.0,0.0,0.0,0.0,50.0,0.0,0.0,0.0,0.0,92.8,0.0,0.0,0.0,0.0,3966350139.0,3966350139.0,947957683.0,0.0,0.0,,0.0,0.0,0.0
2022-06-23,50.0,0.0,0.0,0.0,0.0,50.0,0.0,0.0,0.0,0.0,92.8,0.0,0.0,0.0,0.0,3966350139.0,3966350139.0,947957683.0,0.0,0.0,,0.0,0.0,0.0
2022-06-24,50.0,0.0,0.0,0.0,0.0,50.0,0.0,0.0,0.0,0.0,92.8,0.0,0.0,0.0,0.0,3966350139.0,3966350139.0,947957683.0,0.0,0.0,,0.0,0.0,0.0
2022-06-27,50.0,0.0,0.0,0.0,0.0,50.0,0.0,0.0,0.0,0.0,92.8,0.0,0.0,0.0,0.0,3966350139.0,3966350139.0,947957683.0,0.0,0.0,,0.0,0.0,0.0
2022-06-28,50.0,0.0,0.0,0.0,0.0,50.0,0.0,0.0,0.0,0.0,92.8,0.0,0.0,0.0,0.0,3966350139.0,3966350139.0,947957683.0,0.0,0.0,,0.0,0.0,0.0
2022-06-29,50.0,0.0,0.0,0.0,0.0,50.0,0.0,0.0,0.0,0.0,92.8,0.0,0.0,0.0,0.0,3966350139.0,3966350139.0,947957683.0,0.0,0.0,,0.0,0.0,0.0
2022-06-30,50.0,0.0,0.0,0.0,0.0,50.0,0.0,0.0,0.0,0.0,92.8,0.0,0.0,0.0,0.0,3966350139.0,3966350139.0,947957683.0,0.0,0.0,,0.0,0.0,0.0
2022-07-01,50.0,0.0,0.0,0.0,0.0,50.0,0.0,0.0,0.0,0.0,92.8,0.0,0.0,0.0,0.0,3966350139.0,3966350139.0,947957683.0,0.0,0.0,,0.0,0.0,0.0
2022-07-04,50.0,0.0,0.0,0.0,0.0,50.0,0.0,0.0,0.0,0.0,92.8,0.0,0.0,0.0,0.0,3966350139.0,3966350139.0,947957683.0,0.0,0.0,,0.0,0.0,0.0
2022-07-05,50.0,0.0,0.0,0.0,0.0,50.0,0.0,0.0,0.0,0.0,92.8,0.0,0.0,0.0,0.0,3966350139.0,3966350139.0,947957683.0,0.0,0.0,,0.0,0.0,0.0
2022-07-06,50.0,0.0,0.0,0.0,0.0,50.0,0.0,0.0,0.0,0.0,92.8,0.0,0.0,0.0,0.0,3966350139.0,3966350139.0,947957683.0,0.0,0.0,,0.0,0.0,0.0
2022-07-07,50.0,0.0,0.0,0.0,0.0,50.0,0.0,0.0,0.0,0.0,92.8,0.0,0.0,0.0,0.0,3966350139.0,3966350139.0,947957683.0,0.0,0.0,,0.0,0.0,0.0
2022-07-08,50.0,0.0,0.0,0.0,0.0,50.0,0.0,0.0,0.0,0.0,92.8,0.0,0.0,0.0,0.0,3966350139.0,3966350139.0,947957683.0,0.0,0.0,,0.0,0.0,0.0
2022-07-11,50.0,0.0,0.0,0.0,0.0,50.0,0.0,0.0,0.0,0.0,92.8,0.0,0.0,0.0,0.0,3966350139.0,3966350139.0,947957683.0,0.0,0.0,,0.0,0.0,0.0
2022-07-12,50.0,0.0,0.0,0.0,0.0,50.0,0.0,0.0,0.0,0.0,92.8,0.0,0.0,0.0,0.0,3966350139.0,3966350139.0,947957683.0,0.0,0.0,,0.0,0.0,0.0
2022-07-13,50.0,0.0,0.0,0.0,0.0,50.0,0.0,0.0,0.0,0.0,92.8,0.0,0.0,0.0,0.0,3966350139.0,3966350139.0,947957683.0,0.0,0.0,,0.0,0.0,0.0
2022-07-14,50.0,0.0,0.0,0.0,0.0,50.0,0.0,0.0,0.0,0.0,92.8,0.0,0.0,0.0,0.0,3966350139.0,3966350139.0,947957683.0,0.0,0.0,,0.0,0.0,0.0
2022-07-15,50.0,0.0,0.0,0.0,0.0,50.0,0.0,0.0,0.0,0.0,92.8,0.0,0.0,0.0,0.0,3966350139.0,3966350139.0,947957683.0,0.0,0.0,,0.0,0.0,0.0
2022-07-18,50.0,0.0,0.0,0.0,0.0,50.0,0.0,0.0,0.0,0.0,92.8,0.0,0.0,0.0,0.0,3966350139.0,3966350139.0,947957683.0,0.0,0.0,,0.0,0.0,0.0
2022-07-19,50.0,0.0,0.0,0.0,0.0,50.0,0.0,0.0,0.0,0.0,92.8,0.0,0.0,0.0,0.0,3966350139.0,3966350139.0,947957683.0,0.0,0.0,,0.0,0.0,0.0
2022-07-20,50.0,0.0,0.0,0.0,0.0,50.0,0.0,0.0,0.0,0.0,92.8,0.0,0.0,0.0,0.0,3966350139.0,3966350139.0,947957683.0,0.0,0.0,,0.0,0.0,0.0
2022-07-21,50.0,0.0,0.0,0.0,0.0,50.0,0.0,0.0,0.0,0.0,92.8,0.0,0.0,0.0,0.0,3966350139.0,3966350139.0,947957683.0,0.0,0.0,,0.0,0.0,0.0
2022-07-22,50.0,0.0,0.0,0.0,0.0,50.0,0.0,0.0,0.0,0.0,92.8,0.0,0.0,0.0,0.0,3966350139.0,3966350139.0,947957683.0,0.0,0.0,,0.0,0.0,0.0
2022-07-25,50.0,0.0,0.0,0.0,0.0,50.0,0.0,0.0,0.0,0.0,92.8,0.0,0.0,0.0,0.0,3966350139.0,3966350139.0,947957683.0,0.0,0.0,,0.0,0.0,0.0
2022-07-26,50.0,0.0,0.0,0.0,0.0,50.0,0.0,0.0,0.0,0.0,92.8,0.0,0.0,0.0,0.0,3966350139.0,3966350139.0,947957683.0,0.0,0.0,,0.0,0.0,0.0
2022-07-27,50.0,0.0,0.0,0.0,0.0,50.0,0.0,0.0,0.0,0.0,92.8,0.0,0.0,0.0,0.0,3966350139.0,3966350139.0,947957683.0,0.0,0.0,,0.0,0.0,0.0
2022-07-28,50.0,0.0,0.0,0.0,0.0,50.0,0.0,0.0,0.0,0.0,92.8,0.0,0.0,0.0,0.0,3966350139.0,3966350139.0,947957683.0,0.0,0.0,,0.0,0.0,0.0
2022-07-29,50.0,0.0,0.0,0.0,0.0,50.0,0.0,0.0,0.0,0.0,92.8,0.0,0.0,0.0,0.0,3966350139.0,3966350139.0,947957683.0,0.0,0.0,,0.0,0.0,0.0
2022-08-01,50.0,0.0,0.0,0.0,0.0,50.0,0.0,0.0,0.0,0.0,92.8,0.0,0.0,0.0,0.0,3966350139.0,3966350139.0,947957683.0,0.0,0.0,,0.0,0.0,0.0
2022-08-02,50.0,0.0,0.0,0.0,0.0,50.0,0.0,0.0,0.0,0.0,92.8,0.0,0.0,0.0,0.0,3966350139.0,3966350139.0,947957683.0,0.0,0.0,,0.0,0.0,0.0
2022-08-03,50.0,0.0,0.0,0.0,0.0,50.0,0.0,0.0,0.0,0.0,92.8,0.0,0.0,0.0,0.0,3966350139.0,3966350139.0,947957683.0,0.0,0.0,,0.0,0.0,0.0
2022-08-04,50.0,0.0,0.0,0.0,0.0,50.0,0.0,0.0,0.0,0.0,92.8,0.0,0.0,0.0,0.0,3966350139.0,3966350139.0,947957683.0,0.0,0.0,,0.0,0.0,0.0
2022-08-05,50.0,0.0,0.0,0.0,0.0,50.0,0.0,0.0,0.0,0.0,92.8,0.0,0.0,0.0,0.0,3966350139.0,3966350139.0,947957683.0,0.0,0.0,,0.0,0.0,0.0
2022-08-08,50.0,0.0,0.0,0.0,0.0,50.0,0.0,0.0,0.0,0.0,92.8,0.0,0.0,0.0,0.0,3966350139.0,3966350139.0,947957683.0,0.0,0.0,,0.0,0.0,0.0
2022-08-09,50.0,0.0,0.0,0.0,0.0,50.0,0.0,0.0,0.0,0.0,92.8,0.0,0.0,0.0,0.0,3966350139.0,3966350139.0,947957683.0,0.0,0.0,,0.0,0.0,0.0
2022-08-10,50.0,0.0,0.0,0.0,0.0,50.0,0.0,0.0,0.0,0.0,92.8,0.0,0.0,0.0,0.0,3966350139.0,3966350139.0,947957683.0,0.0,0.0,,0.0,0.0,0.0
2022-08-11,50.0,0.0,0.0,0.0,0.0,50.0,0.0,0.0,0.0,0.0,92.8,0.0,0.0,0.0,0.0,3966350139.0,3966350139.0,947957683.0,0.0,0.0,,0.0,0.0,0.0
2022-08-12,50.0,0.0,0.0,0.0,0.0,50.0,0.0,0.0,0.0,0.0,92.8,0.0,0.0,0.0,0.0,3966350139.0,3966350139.0,947957683.0,0.0,0.0,,0.0,0.0,0.0
2022-08-15,50.0,0.0,0.0,0.0,0.0,50.0,0.0,0.0,0.0,0.0,92.8,0.0,0.0,0.0,0.0,3966350139.0,3966350139.0,947957683.0,0.0,0.0,,0.0,0.0,0.0
2022-08-16,50.0,0.0,0.0,0.0,0.0,50.0,0.0,0.0,0.0,0.0,92.8,0.0,0.0,0.0,0.0,3966350139.0,3966350139.0,947957683.0,0.0,0.0,,0.0,0.0,0.0
2022-08-18,50.0,0.0,0.0,0.0,0.0,50.0,0.0,0.0,0.0,0.0,92.8,0.0,0.0,0.0,0.0,3966350139.0,3966350139.0,947957683.0,0.0,0.0,,0.0,0.0,0.0
2022-08-19,50.0,0.0,0.0,0.0,0.0,50.0,0.0,0.0,0.0,0.0,92.8,0.0,0.0,0.0,0.0,3966350139.0,3966350139.0,947957683.0,0.0,0.0,,0.0,0.0,0.0
2022-08-22,50.0,0.0,0.0,0.0,0.0,50.0,0.0,0.0,0.0,0.0,92.8,0.0,0.0,0.0,0.0,3966350139.0,3966350139.0,947957683.0,0.0,0.0,,0.0,0.0,0.0
2022-08-23,50.0,0.0,0.0,0.0,0.0,50.0,0.0,0.0,0.0,0.0,92.8,0.0,0.0,0.0,0.0,3966350139.0,3966350139.0,947957683.0,0.0,0.0,,0.0,0.0,0.0
2022-08-24,50.0,0.0,0.0,0.0,0.0,50.0,0.0,0.0,0.0,0.0,92.8,0.0,0.0,0.0,0.0,3966350139.0,3966350139.0,947957683.0,0.0,0.0,,0.0,0.0,0.0
2022-08-25,50.0,0.0,0.0,0.0,0.0,50.0,0.0,0.0,0.0,0.0,92.8,0.0,0.0,0.0,0.0,3966350139.0,3966350139.0,947957683.0,0.0,0.0,,0.0,0.0,0.0
2022-08-26,50.0,0.0,0.0,0.0,0.0,50.0,0.0,0.0,0.0,0.0,92.8,0.0,0.0,0.0,0.0,3966350139.0,3966350139.0,947957683.0,0.0,0.0,,0.0,0.0,0.0
2022-08-29,50.0,0.0,0.0,0.0,0.0,50.0,0.0,0.0,0.0,0.0,92.8,0.0,0.0,0.0,0.0,3966350139.0,3966350139.0,947957683.0,0.0,0.0,,0.0,0.0,0.0
2022-08-30,50.0,0.0,0.0,0.0,0.0,50.0,0.0,0.0,0.0,0.0,92.8,0.0,0.0,0.0,0.0,3966350139.0,3966350139.0,947957683.0,0.0,0.0,,0.0,0.0,0.0
2022-08-31,50.0,0.0,0.0,0.0,0.0,50.0,0.0,0.0,0.0,0.0,92.8,0.0,0.0,0.0,0.0,3966350139.0,3966350139.0,947957683.0,0.0,0.0,,0.0,0.0,0.0
2022-09-01,50.0,0.0,0.0,0.0,0.0,50.0,0.0,0.0,0.0,0.0,92.8,0.0,0.0,0.0,0.0,3966350139.0,3966350139.0,947957683.0,0.0,0.0,,0.0,0.0,0.0
2022-09-02,50.0,0.0,0.0,0.0,0.0,50.0,0.0,0.0,0.0,0.0,92.8,0.0,0.0,0.0,0.0,3966350139.0,3966350139.0,947957683.0,0.0,0.0,,0.0,0.0,0.0
2022-09-05,50.0,0.0,0.0,0.0,0.0,50.0,0.0,0.0,0.0,0.0,92.8,0.0,0.0,0.0,0.0,3966350139.0,3966350139.0,947957683.0,0.0,0.0,,0.0,0.0,0.0
2022-09-06,50.0,0.0,0.0,0.0,0.0,50.0,0.0,0.0,0.0,0.0,92.8,0.0,0.0,0.0,0.0,3966350139.0,3966350139.0,947957683.0,0.0,0.0,,0.0,0.0,0.0
2022-09-07,50.0,0.0,0.0,0.0,0.0,50.0,0.0,0.0,0.0,0.0,92.8,0.0,0.0,0.0,0.0,3966350139.0,3966350139.0,947957683.0,0.0,0.0,,0.0,0.0,0.0
2022-09-08,50.0,0.0,0.0,0.0,0.0,50.0,0.0,0.0,0.0,0.0,92.8,0.0,0.0,0.0,0.0,3966350139.0,3966350139.0,947957683.0,0.0,0.0,,0.0,0.0,0.0
2022-09-09,50.0,0.0,0.0,0.0,0.0,50.0,0.0,0.0,0.0,0.0,92.8,0.0,0.0,0.0,0.0,3966350139.0,3966350139.0,947957683.0,0.0,0.0,,0.0,0.0,0.0
2022-09-12,50.0,0.0,0.0,0.0,0.0,50.0,0.0,0.0,0.0,0.0,92.8,0.0,0.0,0.0,0.0,3966350139.0,3966350139.0,947957683.0,0.0,0.0,,0.0,0.0,0.0
2022-09-13,50.0,0.0,0.0,0.0,0.0,50.0,0.0,0.0,0.0,0.0,92.8,0.0,0.0,0.0,0.0,3966350139.0,3966350139.0,947957683.0,0.0,0.0,,0.0,0.0,0.0
2022-09-14,50.0,0.0,0.0,0.0,0.0,50.0,0.0,0.0,0.0,0.0,92.8,0.0,0.0,0.0,0.0,3966350139.0,3966350139.0,947957683.0,0.0,0.0,,0.0,0.0,0.0
2022-09-15,50.0,0.0,0.0,0.0,0.0,50.0,0.0,0.0,0.0,0.0,92.8,0.0,0.0,0.0,0.0,3966350139.0,3966350139.0,947957683.0,0.0,0.0,,0.0,0.0,0.0
2022-09-16,50.0,0.0,0.0,0.0,0.0,50.0,0.0,0.0,0.0,0.0,92.8,0.0,0.0,0.0,0.0,3966350139.0,3966350139.0,947957683.0,0.0,0.0,,0.0,0.0,0.0
2022-09-19,50.0,0.0,0.0,0.0,0.0,50.0,0.0,0.0,0.0,0.0,92.8,0.0,0.0,0.0,0.0,3966350139.0,3966350139.0,947957683.0,0.0,0.0,,0.0,0.0,0.0
2022-09-20,50.0,0.0,0.0,0.0,0.0,50.0,0.0,0.0,0.0,0.0,92.8,0.0,0.0,0.0,0.0,3966350139.0,3966350139.0,947957683.0,0.0,0.0,,0.0,0.0,0.0
2022-09-21,50.0,0.0,0.0,0.0,0.0,50.0,0.0,0.0,0.0,0.0,92.8,0.0,0.0,0.0,0.0,3966350139.0,3966350139.0,947957683.0,0.0,0.0,,0.0,0.0,0.0
2022-09-22,50.0,0.0,0.0,0.0,0.0,50.0,0.0,0.0,0.0,0.0,92.8,0.0,0.0,0.0,0.0,3966350139.0,3966350139.0,947957683.0,0.0,0.0,,0.0,0.0,0.0
2022-09-23,50.0,0.0,0.0,0.0,0.0,50.0,0.0,0.0,0.0,0.0,92.8,0.0,0.0,0.0,0.0,3966350139.0,3966350139.0,947957683.0,0.0,0.0,,0.0,0.0,0.0
2022-09-26,50.0,0.0,0.0,0.0,0.0,50.0,0.0,0.0,0.0,0.0,92.8,0.0,0.0,0.0,0.0,3966350139.0,3966350139.0,947957683.0,0.0,0.0,,0.0,0.0,0.0
2022-09-27,50.0,0.0,0.0,0.0,0.0,50.0,0.0,0.0,0.0,0.0,92.8,0.0,0.0,0.0,0.0,3966350139.0,3966350139.0,947957683.0,0.0,0.0,,0.0,0.0,0.0
2022-09-28,50.0,0.0,0.0,0.0,0.0,50.0,0.0,0.0,0.0,0.0,92.8,0.0,0.0,0.0,0.0,3966350139.0,3966350139.0,947957683.0,0.0,0.0,,0.0,0.0,0.0
2022-09-29,50.0,0.0,0.0,0.0,0.0,50.0,0.0,0.0,0.0,0.0,92.8,0.0,0.0,0.0,0.0,3966350139.0,3966350139.0,947957683.0,0.0,0.0,,0.0,0.0,0.0
2022-09-30,50.0,0.0,0.0,0.0,0.0,50.0,0.0,0.0,0.0,0.0,92.8,0.0,0.0,0.0,0.0,3966350139.0,3966350139.0,947957683.0,0.0,0.0,,0.0,0.0,0.0
2022-10-03,50.0,0.0,0.0,0.0,0.0,50.0,0.0,0.0,0.0,0.0,92.8,0.0,0.0,0.0,0.0,3966350139.0,3966350139.0,947957683.0,0.0,0.0,,0.0,0.0,0.0
2022-10-04,50.0,0.0,0.0,0.0,0.0,50.0,0.0,0.0,0.0,0.0,92.8,0.0,0.0,0.0,0.0,3966350139.0,3966350139.0,947957683.0,0.0,0.0,,0.0,0.0,0.0
2022-10-05,50.0,0.0,0.0,0.0,0.0,50.0,0.0,0.0,0.0,0.0,92.8,0.0,0.0,0.0,0.0,3966350139.0,3966350139.0,947957683.0,0.0,0.0,,0.0,0.0,0.0
2022-10-06,50.0,0.0,0.0,0.0,0.0,50.0,0.0,0.0,0.0,0.0,92.8,0.0,0.0,0.0,0.0,3966350139.0,3966350139.0,947957683.0,0.0,0.0,,0.0,0.0,0.0
2022-10-07,50.0,0.0,0.0,0.0,0.0,50.0,0.0,0.0,0.0,0.0,92.8,0.0,0.0,0.0,0.0,3966350139.0,3966350139.0,947957683.0,0.0,0.0,,0.0,0.0,0.0
2022-10-10,50.0,0.0,0.0,0.0,0.0,50.0,0.0,0.0,0.0,0.0,92.8,0.0,0.0,0.0,0.0,3966350139.0,3966350139.0,947957683.0,0.0,0.0,,0.0,0.0,0.0
2022-10-11,50.0,0.0,0.0,0.0,0.0,50.0,0.0,0.0,0.0,0.0,92.8,0.0,0.0,0.0,0.0,3966350139.0,3966350139.0,947957683.0,0.0,0.0,,0.0,0.0,0.0
2022-10-12,50.0,0.0,0.0,0.0,0.0,50.0,0.0,0.0,0.0,0.0,92.8,0.0,0.0,0.0,0.0,3966350139.0,3966350139.0,947957683.0,0.0,0.0,,0.0,0.0,0.0
2022-10-13,50.0,0.0,0.0,0.0,0.0,50.0,0.0,0.0,0.0,0.0,92.8,0.0,0.0,0.0,0.0,3966350139.0,3966350139.0,947957683.0,0.0,0.0,,0.0,0.0,0.0
2022-10-14,50.0,0.0,0.0,0.0,0.0,50.0,0.0,0.0,0.0,0.0,92.8,0.0,0.0,0.0,0.0,3966350139.0,3966350139.0,947957683.0,0.0,0.0,,0.0,0.0,0.0
2022-10-17,50.0,0.0,0.0,0.0,0.0,50.0,0.0,0.0,0.0,0.0,92.8,0.0,0.0,0.0,0.0,3966350139.0,3966350139.0,947957683.0,0.0,0.0,,0.0,0.0,0.0
2022-10-18,50.0,0.0,0.0,0.0,0.0,50.0,0.0,0.0,0.0,0.0,92.8,0.0,0.0,0.0,0.0,3966350139.0,3966350139.0,947957683.0,0.0,0.0,,0.0,0.0,0.0
2022-10-19,50.0,0.0,0.0,0.0,0.0,50.0,0.0,0.0,0.0,0.0,92.8,0.0,0.0,0.0,0.0,3966350139.0,3966350139.0,947957683.0,0.0,0.0,,0.0,0.0,0.0
2022-10-20,50.0,0.0,0.0,0.0,0.0,50.0,0.0,0.0,0.0,0.0,92.8,0.0,0.0,0.0,0.0,3966350139.0,3966350139.0,947957683.0,0.0,0.0,,0.0,0.0,0.0
2022-10-21,50.0,0.0,0.0,0.0,0.0,50.0,0.0,0.0,0.0,0.0,92.8,0.0,0.0,0.0,0.0,3966350139.0,3966350139.0,947957683.0,0.0,0.0,,0.0,0.0,0.0
2022-10-24,50.0,0.0,0.0,0.0,0.0,50.0,0.0,0.0,0.0,0.0,92.8,0.0,0.0,0.0,0.0,3966350139.0,3966350139.0,947957683.0,0.0,0.0,,0.0,0.0,0.0
2022-10-25,50.0,0.0,0.0,0.0,0.0,50.0,0.0,0.0,0.0,0.0,92.8,0.0,0.0,0.0,0.0,3966350139.0,3966350139.0,947957683.0,0.0,0.0,,0.0,0.0,0.0
2022-10-26,50.0,0.0,0.0,0.0,0.0,50.0,0.0,0.0,0.0,0.0,92.8,0.0,0.0,0.0,0.0,3966350139.0,3966350139.0,947957683.0,0.0,0.0,,0.0,0.0,0.0
2022-10-27,50.0,0.0,0.0,0.0,0.0,50.0,0.0,0.0,0.0,0.0,92.8,0.0,0.0,0.0,0.0,3966350139.0,3966350139.0,947957683.0,0.0,0.0,,0.0,0.0,0.0
2022-10-28,50.0,0.0,0.0,0.0,0.0,50.0,0.0,0.0,0.0,0.0,92.8,0.0,0.0,0.0,0.0,3966350139.0,3966350139.0,947957683.0,0.0,0.0,,0.0,0.0,0.0
2022-10-31,50.0,0.0,0.0,0.0,0.0,50.0,0.0,0.0,0.0,0.0,92.8,0.0,0.0,0.0,0.0,3966350139.0,3966350139.0,947957683.0,0.0,0.0,,0.0,0.0,0.0
2022-11-01,50.0,0.0,0.0,0.0,0.0,50.0,0.0,0.0,0.0,0.0,92.8,0.0,0.0,0.0,0.0,3966350139.0,3966350139.0,947957683.0,0.0,0.0,,0.0,0.0,0.0
2022-11-02,50.0,0.0,0.0,0.0,0.0,50.0,0.0,0.0,0.0,0.0,92.8,0.0,0.0,0.0,0.0,3966350139.0,3966350139.0,947957683.0,0.0,0.0,,0.0,0.0,0.0
2022-11-03,50.0,0.0,0.0,0.0,0.0,50.0,0.0,0.0,0.0,0.0,92.8,0.0,0.0,0.0,0.0,3966350139.0,3966350139.0,947957683.0,0.0,0.0,,0.0,0.0,0.0
2022-11-04,50.0,0.0,0.0,0.0,0.0,50.0,0.0,0.0,0.0,0.0,92.8,0.0,0.0,0.0,0.0,3966350139.0,3966350139.0,947957683.0,0.0,0.0,,0.0,0.0,0.0
2022-11-07,50.0,0.0,0.0,0.0,0.0,50.0,0.0,0.0,0.0,0.0,92.8,0.0,0.0,0.0,0.0,3966350139.0,3966350139.0,947957683.0,0.0,0.0,,0.0,0.0,0.0
2022-11-08,50.0,0.0,0.0,0.0,0.0,50.0,0.0,0.0,0.0,0.0,92.8,0.0,0.0,0.0,0.0,3966350139.0,3966350139.0,947957683.0,0.0,0.0,,0.0,0.0,0.0
2022-11-09,50.0,0.0,0.0,0.0,0.0,50.0,0.0,0.0,0.0,0.0,92.8,0.0,0.0,0.0,0.0,3966350139.0,3966350139.0,947957683.0,0.0,0.0,,0.0,0.0,0.0
2022-11-10,50.0,0.0,0.0,0.0,0.0,50.0,0.0,0.0,0.0,0.0,92.8,0.0,0.0,0.0,0.0,3966350139.0,3966350139.0,947957683.0,0.0,0.0,,0.0,0.0,0.0
2022-11-11,50.0,0.0,0.0,0.0,0.0,50.0,0.0,0.0,0.0,0.0,92.8,0.0,0.0,0.0,0.0,3966350139.0,3966350139.0,947957683.0,0.0,0.0,,0.0,0.0,0.0
2022-11-14,50.0,0.0,0.0,0.0,0.0,50.0,0.0,0.0,0.0,0.0,92.8,0.0,0.0,0.0,0.0,3966350139.0,3966350139.0,947957683.0,0.0,0.0,,0.0,0.0,0.0
2022-11-15,50.0,0.0,0.0,0.0,0.0,50.0,0.0,0.0,0.0,0.0,92.8,0.0,0.0,0.0,0.0,3966350139.0,3966350139.0,947957683.0,0.0,0.0,,0.0,0.0,0.0
2022-11-16,50.0,0.0,0.0,0.0,0.0,50.0,0.0,0.0,0.0,0.0,92.8,0.0,0.0,0.0,0.0,3966350139.0,3966350139.0,947957683.0,0.0,0.0,,0.0,0.0,0.0
2022-11-17,50.0,0.0,0.0,0.0,0.0,50.0,0.0,0.0,0.0,0.0,92.8,0.0,0.0,0.0,0.0,3966350139.0,3966350139.0,947957683.0,0.0,0.0,,0.0,0.0,0.0
2022-11-18,50.0,0.0,0.0,0.0,0.0,50.0,0.0,0.0,0.0,0.0,92.8,0.0,0.0,0.0,0.0,3966350139.0,3966350139.0,947957683.0,0.0,0.0,,0.0,0.0,0.0
2022-11-21,50.0,0.0,0.0,0.0,0.0,50.0,0.0,0.0,0.0,0.0,92.8,0.0,0.0,0.0,0.0,3966350139.0,3966350139.0,947957683.0,0.0,0.0,,0.0,0.0,0.0
2022-11-22,50.0,0.0,0.0,0.0,0.0,50.0,0.0,0.0,0.0,0.0,92.8,0.0,0.0,0.0,0.0,3966350139.0,3966350139.0,947957683.0,0.0,0.0,,0.0,0.0,0.0
2022-11-23,50.0,0.0,0.0,0.0,0.0,50.0,0.0,0.0,0.0,0.0,92.8,0.0,0.0,0.0,0.0,3966350139.0,3966350139.0,947957683.0,0.0,0.0,,0.0,0.0,0.0
2022-11-24,50.0,0.0,0.0,0.0,0.0,50.0,0.0,0.0,0.0,0.0,92.8,0.0,0.0,0.0,0.0,3966350139.0,3966350139.0,947957683.0,0.0,0.0,,0.0,0.0,0.0
2022-11-25,50.0,0.0,0.0,0.0,0.0,50.0,0.0,0.0,0.0,0.0,92.8,0.0,0.0,0.0,0.0,3966350139.0,3966350139.0,947957683.0,0.0,0.0,,0.0,0.0,0.0
2022-11-28,50.0,0.0,0.0,0.0,0.0,50.0,0.0,0.0,0.0,0.0,92.8,0.0,0.0,0.0,0.0,3966350139.0,3966350139.0,947957683.0,0.0,0.0,,0.0,0.0,0.0
2022-11-29,50.0,0.0,0.0,0.0,0.0,50.0,0.0,0.0,0.0,0.0,92.8,0.0,0.0,0.0,0.0,3966350139.0,3966350139.0,947957683.0,0.0,0.0,,0.0,0.0,0.0
2022-11-30,50.0,0.0,0.0,0.0,0.0,50.0,0.0,0.0,0.0,0.0,92.8,0.0,0.0,0.0,0.0,3966350139.0,3966350139.0,947957683.0,0.0,0.0,,0.0,0.0,0.0
2022-12-01,50.0,0.0,0.0,0.0,0.0,50.0,0.0,0.0,0.0,0.0,92.8,0.0,0.0,0.0,0.0,3966350139.0,3966350139.0,947957683.0,0.0,0.0,,0.0,0.0,0.0
2022-12-02,50.0,0.0,0.0,0.0,0.0,50.0,0.0,0.0,0.0,0.0,92.8,0.0,0.0,0.0,0.0,3966350139.0,3966350139.0,947957683.0,0.0,0.0,,0.0,0.0,0.0
2022-12-05,50.0,0.0,0.0,0.0,0.0,50.0,0.0,0.0,0.0,0.0,92.8,0.0,0.0,0.0,0.0,3966350139.0,3966350139.0,947957683.0,0.0,0.0,,0.0,0.0,0.0
2022-12-06,50.0,0.0,0.0,0.0,0.0,50.0,0.0,0.0,0.0,0.0,92.8,0.0,0.0,0.0,0.0,3966350139.0,3966350139.0,947957683.0,0.0,0.0,,0.0,0.0,0.0
2022-12-07,50.0,0.0,0.0,0.0,0.0,50.0,0.0,0.0,0.0,0.0,92.8,0.0,0.0,0.0,0.0,3966350139.0,3966350139.0,947957683.0,0.0,0.0,,0.0,0.0,0.0
2022-12-08,50.0,0.0,0.0,0.0,0.0,50.0,0.0,0.0,0.0,0.0,92.8,0.0,0.0,0.0,0.0,3966350139.0,3966350139.0,947957683.0,0.0,0.0,,0.0,0.0,0.0
2022-12-09,50.0,0.0,0.0,0.0,0.0,50.0,0.0,0.0,0.0,0.0,92.8,0.0,0.0,0.0,0.0,3966350139.0,3966350139.0,947957683.0,0.0,0.0,,0.0,0.0,0.0
2022-12-12,50.0,0.0,0.0,0.0,0.0,50.0,0.0,0.0,0.0,0.0,92.8,0.0,0.0,0.0,0.0,3966350139.0,3966350139.0,947957683.0,0.0,0.0,,0.0,0.0,0.0
2022-12-13,50.0,0.0,0.0,0.0,0.0,50.0,0.0,0.0,0.0,0.0,92.8,0.0,0.0,0.0,0.0,3966350139.0,3966350139.0,947957683.0,0.0,0.0,,0.0,0.0,0.0
2022-12-14,50.0,0.0,0.0,0.0,0.0,50.0,0.0,0.0,0.0,0.0,92.8,0.0,0.0,0.0,0.0,3966350139.0,3966350139.0,947957683.0,0.0,0.0,,0.0,0.0,0.0
2022-12-15,50.0,0.0,0.0,0.0,0.0,50.0,0.0,0.0,0.0,0.0,92.8,0.0,0.0,0.0,0.0,3966350139.0,3966350139.0,947957683.0,0.0,0.0,,0.0,0.0,0.0
2022-12-16,50.0,0.0,0.0,0.0,0.0,50.0,0.0,0.0,0.0,0.0,92.8,0.0,0.0,0.0,0.0,3966350139.0,3966350139.0,947957683.0,0.0,0.0,,0.0,0.0,0.0
2022-12-19,50.0,0.0,0.0,0.0,0.0,50.0,0.0,0.0,0.0,0.0,92.8,0.0,0.0,0.0,0.0,3966350139.0,3966350139.0,947957683.0,0.0,0.0,,0.0,0.0,0.0
2022-12-20,50.0,0.0,0.0,0.0,0.0,50.0,0.0,0.0,0.0,0.0,92.8,0.0,0.0,0.0,0.0,3966350139.0,3966350139.0,947957683.0,0.0,0.0,,0.0,0.0,0.0
2022-12-21,50.0,0.0,0.0,0.0,0.0,50.0,0.0,0.0,0.0,0.0,92.8,0.0,0.0,0.0,0.0,3966350139.0,3966350139.0,947957683.0,0.0,0.0,,0.0,0.0,0.0
2022-12-22,50.0,0.0,0.0,0.0,0.0,50.0,0.0,0.0,0.0,0.0,92.8,0.0,0.0,0.0,0.0,3966350139.0,3966350139.0,947957683.0,0.0,0.0,,0.0,0.0,0.0
2022-12-23,50.0,0.0,0.0,0.0,0.0,50.0,0.0,0.0,0.0,0.0,92.8,0.0,0.0,0.0,0.0,3966350139.0,3966350139.0,947957683.0,0.0,0.0,,0.0,0.0,0.0
2022-12-26,50.0,0.0,0.0,0.0,0.0,50.0,0.0,0.0,0.0,0.0,92.8,0.0,0.0,0.0,0.0,3966350139.0,3966350139.0,947957683.0,0.0,0.0,,0.0,0.0,0.0
2022-12-27,50.0,0.0,0.0,0.0,0.0,50.0,0.0,0.0,0.0,0.0,92.8,0.0,0.0,0.0,0.0,3966350139.0,3966350139.0,947957683.0,0.0,0.0,,0.0,0.0,0.0
2022-12-28,50.0,0.0,0.0,0.0,0.0,50.0,0.0,0.0,0.0,0.0,92.8,0.0,0.0,0.0,0.0,3966350139.0,3966350139.0,947957683.0,0.0,0.0,,0.0,0.0,0.0
2022-12-29,50.0,0.0,0.0,0.0,0.0,50.0,0.0,0.0,0.0,0.0,92.8,0.0,0.0,0.0,0.0,3966350139.0,3966350139.0,947957683.0,0.0,0.0,,0.0,0.0,0.0
2022-12-30,50.0,0.0,0.0,0.0,0.0,50.0,0.0,0.0,0.0,0.0,92.8,0.0,0.0,0.0,0.0,3966350139.0,3966350139.0,947957683.0,0.0,0.0,,0.0,0.0,0.0
2023-01-02,50.0,0.0,0.0,0.0,0.0,50.0,0.0,0.0,0.0,0.0,92.8,0.0,0.0,0.0,0.0,3966350139.0,3966350139.0,947957683.0,0.0,0.0,,0.0,0.0,0.0
2023-01-03,50.0,0.0,0.0,0.0,0.0,50.0,0.0,0.0,0.0,0.0,92.8,0.0,0.0,0.0,0.0,3966350139.0,3966350139.0,947957683.0,0.0,0.0,,0.0,0.0,0.0
2023-01-04,50.0,0.0,0.0,0.0,0.0,50.0,0.0,0.0,0.0,0.0,92.8,0.0,0.0,0.0,0.0,3966350139.0,3966350139.0,947957683.0,0.0,0.0,,0.0,0.0,0.0
2023-01-05,50.0,0.0,0.0,0.0,0.0,50.0,0.0,0.0,0.0,0.0,92.8,0.0,0.0,0.0,0.0,3966350139.0,3966350139.0,947957683.0,0.0,0.0,,0.0,0.0,0.0
2023-01-06,50.0,0.0,0.0,0.0,0.0,50.0,0.0,0.0,0.0,0.0,92.8,0.0,0.0,0.0,0.0,3966350139.0,3966350139.0,947957683.0,0.0,0.0,,0.0,0.0,0.0
2023-01-09,50.0,0.0,0.0,0.0,0.0,50.0,0.0,0.0,0.0,0.0,92.8,0.0,0.0,0.0,0.0,3966350139.0,3966350139.0,947957683.0,0.0,0.0,,0.0,0.0,0.0
2023-01-10,50.0,0.0,0.0,0.0,0.0,50.0,0.0,0.0,0.0,0.0,92.8,0.0,0.0,0.0,0.0,3966350139.0,3966350139.0,947957683.0,0.0,0.0,,0.0,0.0,0.0
2023-01-11,50.0,0.0,0.0,0.0,0.0,50.0,0.0,0.0,0.0,0.0,92.8,0.0,0.0,0.0,0.0,3966350139.0,3966350139.0,947957683.0,0.0,0.0,,0.0,0.0,0.0
2023-01-12,50.0,0.0,0.0,0.0,0.0,50.0,0.0,0.0,0.0,0.0,92.8,0.0,0.0,0.0,0.0,3966350139.0,3966350139.0,947957683.0,0.0,0.0,,0.0,0.0,0.0
2023-01-13,50.0,0.0,0.0,0.0,0.0,50.0,0.0,0.0,0.0,0.0,92.8,0.0,0.0,0.0,0.0,3966350139.0,3966350139.0,947957683.0,0.0,0.0,,0.0,0.0,0.0
2023-01-16,50.0,0.0,0.0,0.0,0.0,50.0,0.0,0.0,0.0,0.0,92.8,0.0,0.0,0.0,0.0,3966350139.0,3966350139.0,947957683.0,0.0,0.0,,0.0,0.0,0.0
2023-01-17,50.0,0.0,0.0,0.0,0.0,50.0,0.0,0.0,0.0,0.0,92.8,0.0,0.0,0.0,0.0,3966350139.0,3966350139.0,947957683.0,0.0,0.0,,0.0,0.0,0.0
2023-01-18,50.0,0.0,0.0,0.0,0.0,50.0,0.0,0.0,0.0,0.0,92.8,0.0,0.0,0.0,0.0,3966350139.0,3966350139.0,947957683.0,0.0,0.0,,0.0,0.0,0.0
2023-01-19,50.0,0.0,0.0,0.0,0.0,50.0,0.0,0.0,0.0,0.0,92.8,0.0,0.0,0.0,0.0,3966350139.0,3966350139.0,947957683.0,0.0,0.0,,0.0,0.0,0.0
2023-01-20,50.0,0.0,0.0,0.0,0.0,50.0,0.0,0.0,0.0,0.0,92.8,0.0,0.0,0.0,0.0,3966350139.0,3966350139.0,947957683.0,0.0,0.0,,0.0,0.0,0.0
2023-01-24,50.0,0.0,0.0,0.0,0.0,50.0,0.0,0.0,0.0,0.0,92.8,0.0,0.0,0.0,0.0,3966350139.0,3966350139.0,947957683.0,0.0,0.0,,0.0,0.0,0.0
2023-01-25,50.0,0.0,0.0,0.0,0.0,50.0,0.0,0.0,0.0,0.0,92.8,0.0,0.0,0.0,0.0,3966350139.0,3966350139.0,947957683.0,0.0,0.0,,0.0,0.0,0.0
2023-01-26,50.0,0.0,0.0,0.0,0.0,50.0,0.0,0.0,0.0,0.0,92.8,0.0,0.0,0.0,0.0,3966350139.0,3966350139.0,947957683.0,0.0,0.0,,0.0,0.0,0.0
2023-01-27,50.0,0.0,0.0,0.0,0.0,50.0,0.0,0.0,0.0,0.0,92.8,0.0,0.0,0.0,0.0,3966350139.0,3966350139.0,947957683.0,0.0,0.0,,0.0,0.0,0.0
2023-01-30,50.0,0.0,0.0,0.0,0.0,50.0,0.0,0.0,0.0,0.0,92.8,0.0,0.0,0.0,0.0,3966350139.0,3966350139.0,947957683.0,0.0,0.0,,0.0,0.0,0.0
2023-01-31,50.0,0.0,0.0,0.0,0.0,50.0,0.0,0.0,0.0,0.0,92.8,0.0,0.0,0.0,0.0,3966350139.0,3966350139.0,947957683.0,0.0,0.0,,0.0,0.0,0.0
2023-02-01,50.0,0.0,0.0,0.0,0.0,50.0,0.0,0.0,0.0,0.0,92.8,0.0,0.0,0.0,0.0,3966350139.0,3966350139.0,947957683.0,0.0,0.0,,0.0,0.0,0.0
2023-02-02,50.0,0.0,0.0,0.0,0.0,50.0,0.0,0.0,0.0,0.0,92.8,0.0,0.0,0.0,0.0,3966350139.0,3966350139.0,947957683.0,0.0,0.0,,0.0,0.0,0.0
2023-02-03,50.0,0.0,0.0,0.0,0.0,50.0,0.0,0.0,0.0,0.0,92.8,0.0,0.0,0.0,0.0,3966350139.0,3966350139.0,947957683.0,0.0,0.0,,0.0,0.0,0.0
2023-02-06,50.0,0.0,0.0,0.0,0.0,50.0,0.0,0.0,0.0,0.0,92.8,0.0,0.0,0.0,0.0,3966350139.0,3966350139.0,947957683.0,0.0,0.0,,0.0,0.0,0.0
2023-02-07,50.0,0.0,0.0,0.0,0.0,50.0,0.0,0.0,0.0,0.0,92.8,0.0,0.0,0.0,0.0,3966350139.0,3966350139.0,947957683.0,0.0,0.0,,0.0,0.0,0.0
2023-02-08,50.0,0.0,0.0,0.0,0.0,50.0,0.0,0.0,0.0,0.0,92.8,0.0,0.0,0.0,0.0,3966350139.0,3966350139.0,947957683.0,0.0,0.0,,0.0,0.0,0.0
2023-02-09,50.0,0.0,0.0,0.0,0.0,50.0,0.0,0.0,0.0,0.0,92.8,0.0,0.0,0.0,0.0,3966350139.0,3966350139.0,947957683.0,0.0,0.0,,0.0,0.0,0.0
2023-02-10,50.0,0.0,0.0,0.0,0.0,50.0,0.0,0.0,0.0,0.0,92.8,0.0,0.0,0.0,0.0,3966350139.0,3966350139.0,947957683.0,0.0,0.0,,0.0,0.0,0.0
2023-02-13,50.0,0.0,0.0,0.0,0.0,50.0,0.0,0.0,0.0,0.0,92.8,0.0,0.0,0.0,0.0,3966350139.0,3966350139.0,947957683.0,0.0,0.0,,0.0,0.0,0.0
2023-02-14,50.0,0.0,0.0,0.0,0.0,50.0,0.0,0.0,0.0,0.0,92.8,0.0,0.0,0.0,0.0,3966350139.0,3966350139.0,947957683.0,0.0,0.0,,0.0,0.0,0.0
2023-02-15,50.0,0.0,0.0,0.0,0.0,50.0,0.0,0.0,0.0,0.0,92.8,0.0,0.0,0.0,0.0,3966350139.0,3966350139.0,947957683.0,0.0,0.0,,0.0,0.0,0.0
2023-02-16,50.0,0.0,0.0,0.0,0.0,50.0,0.0,0.0,0.0,0.0,92.8,0.0,0.0,0.0,0.0,3966350139.0,3966350139.0,947957683.0,0.0,0.0,,0.0,0.0,0.0
2023-02-17,50.0,0.0,0.0,0.0,0.0,50.0,0.0,0.0,0.0,0.0,92.8,0.0,0.0,0.0,0.0,3966350139.0,3966350139.0,947957683.0,0.0,0.0,,0.0,0.0,0.0
2023-02-20,50.0,0.0,0.0,0.0,0.0,50.0,0.0,0.0,0.0,0.0,92.8,0.0,0.0,0.0,0.0,3966350139.0,3966350139.0,947957683.0,0.0,0.0,,0.0,0.0,0.0
2023-02-21,50.0,0.0,0.0,0.0,0.0,50.0,0.0,0.0,0.0,0.0,92.8,0.0,0.0,0.0,0.0,3966350139.0,3966350139.0,947957683.0,0.0,0.0,,0.0,0.0,0.0
2023-02-22,50.0,0.0,0.0,0.0,0.0,50.0,0.0,0.0,0.0,0.0,92.8,0.0,0.0,0.0,0.0,3966350139.0,3966350139.0,947957683.0,0.0,0.0,,0.0,0.0,0.0
2023-02-23,50.0,0.0,0.0,0.0,0.0,50.0,0.0,0.0,0.0,0.0,92.8,0.0,0.0,0.0,0.0,3966350139.0,3966350139.0,947957683.0,0.0,0.0,,0.0,0.0,0.0
2023-02-24,50.0,0.0,0.0,0.0,0.0,50.0,0.0,0.0,0.0,0.0,92.8,0.0,0.0,0.0,0.0,3966350139.0,3966350139.0,947957683.0,0.0,0.0,,0.0,0.0,0.0
2023-02-27,50.0,0.0,0.0,0.0,0.0,50.0,0.0,0.0,0.0,0.0,92.8,0.0,0.0,0.0,0.0,3966350139.0,3966350139.0,947957683.0,0.0,0.0,,0.0,0.0,0.0
2023-02-28,50.0,0.0,0.0,0.0,0.0,50.0,0.0,0.0,0.0,0.0,92.8,0.0,0.0,0.0,0.0,3966350139.0,3966350139.0,947957683.0,0.0,0.0,,0.0,0.0,0.0
2023-03-01,50.0,0.0,0.0,0.0,0.0,50.0,0.0,0.0,0.0,0.0,92.8,0.0,0.0,0.0,0.0,3966350139.0,3966350139.0,947957683.0,0.0,0.0,,0.0,0.0,0.0
2023-03-02,50.0,0.0,0.0,0.0,0.0,50.0,0.0,0.0,0.0,0.0,92.8,0.0,0.0,0.0,0.0,3966350139.0,3966350139.0,947957683.0,0.0,0.0,,0.0,0.0,0.0
2023-03-03,50.0,0.0,0.0,0.0,0.0,50.0,0.0,0.0,0.0,0.0,92.8,0.0,0.0,0.0,0.0,3966350139.0,3966350139.0,947957683.0,0.0,0.0,,0.0,0.0,0.0
2023-03-06,50.0,0.0,0.0,0.0,0.0,50.0,0.0,0.0,0.0,0.0,92.8,0.0,0.0,0.0,0.0,3966350139.0,3966350139.0,947957683.0,0.0,0.0,,0.0,0.0,0.0
2023-03-07,50.0,0.0,0.0,0.0,0.0,50.0,0.0,0.0,0.0,0.0,92.8,0.0,0.0,0.0,0.0,3966350139.0,3966350139.0,947957683.0,0.0,0.0,,0.0,0.0,0.0
2023-03-08,50.0,0.0,0.0,0.0,0.0,50.0,0.0,0.0,0.0,0.0,92.8,0.0,0.0,0.0,0.0,3966350139.0,3966350139.0,947957683.0,0.0,0.0,,0.0,0.0,0.0
2023-03-09,50.0,0.0,0.0,0.0,0.0,50.0,0.0,0.0,0.0,0.0,92.8,0.0,0.0,0.0,0.0,3966350139.0,3966350139.0,947957683.0,0.0,0.0,,0.0,0.0,0.0
2023-03-10,50.0,0.0,0.0,0.0,0.0,50.0,0.0,0.0,0.0,0.0,92.8,0.0,0.0,0.0,0.0,3966350139.0,3966350139.0,947957683.0,0.0,0.0,,0.0,0.0,0.0
2023-03-13,50.0,0.0,0.0,0.0,0.0,50.0,0.0,0.0,0.0,0.0,92.8,0.0,0.0,0.0,0.0,3966350139.0,3966350139.0,947957683.0,0.0,0.0,,0.0,0.0,0.0
2023-03-14,50.0,0.0,0.0,0.0,0.0,50.0,0.0,0.0,0.0,0.0,92.8,0.0,0.0,0.0,0.0,3966350139.0,3966350139.0,947957683.0,0.0,0.0,,0.0,0.0,0.0
2023-03-15,50.0,0.0,0.0,0.0,0.0,50.0,0.0,0.0,0.0,0.0,92.8,0.0,0.0,0.0,0.0,3966350139.0,3966350139.0,947957683.0,0.0,0.0,,0.0,0.0,0.0
2023-03-16,50.0,0.0,0.0,0.0,0.0,50.0,0.0,0.0,0.0,0.0,92.8,0.0,0.0,0.0,0.0,3966350139.0,3966350139.0,947957683.0,0.0,0.0,,0.0,0.0,0.0
2023-03-17,50.0,0.0,0.0,0.0,0.0,50.0,0.0,0.0,0.0,0.0,92.8,0.0,0.0,0.0,0.0,3966350139.0,3966350139.0,947957683.0,0.0,0.0,,0.0,0.0,0.0
2023-03-20,50.0,0.0,0.0,0.0,0.0,50.0,0.0,0.0,0.0,0.0,92.8,0.0,0.0,0.0,0.0,3966350139.0,3966350139.0,947957683.0,0.0,0.0,,0.0,0.0,0.0
2023-03-21,50.0,0.0,0.0,0.0,0.0,50.0,0.0,0.0,0.0,0.0,92.8,0.0,0.0,0.0,0.0,3966350139.0,3966350139.0,947957683.0,0.0,0.0,,0.0,0.0,0.0
2023-03-24,50.0,0.0,0.0,0.0,0.0,50.0,0.0,0.0,0.0,0.0,92.8,0.0,0.0,0.0,0.0,3966350139.0,3966350139.0,947957683.0,0.0,0.0,,0.0,0.0,0.0
2023-03-27,50.0,0.0,0.0,0.0,0.0,50.0,0.0,0.0,0.0,0.0,92.8,0.0,0.0,0.0,0.0,3966350139.0,3966350139.0,947957683.0,0.0,0.0,,0.0,0.0,0.0
2023-03-28,50.0,0.0,0.0,0.0,0.0,50.0,0.0,0.0,0.0,0.0,92.8,0.0,0.0,0.0,0.0,3966350139.0,3966350139.0,947957683.0,0.0,0.0,,0.0,0.0,0.0
2023-03-29,50.0,0.0,0.0,0.0,0.0,50.0,0.0,0.0,0.0,0.0,92.8,0.0,0.0,0.0,0.0,3966350139.0,3966350139.0,947957683.0,0.0,0.0,,0.0,0.0,0.0
2023-03-30,50.0,0.0,0.0,0.0,0.0,50.0,0.0,0.0,0.0,0.0,92.8,0.0,0.0,0.0,0.0,3966350139.0,3966350139.0,947957683.0,0.0,0.0,,0.0,0.0,0.0
2023-03-31,50.0,0.0,0.0,0.0,0.0,50.0,0.0,0.0,0.0,0.0,92.8,0.0,0.0,0.0,0.0,3966350139.0,3966350139.0,947957683.0,0.0,0.0,,0.0,0.0,0.0
2023-04-03,50.0,0.0,0.0,0.0,0.0,50.0,0.0,0.0,0.0,0.0,92.8,0.0,0.0,0.0,0.0,3966350139.0,3966350139.0,947957683.0,0.0,0.0,,0.0,0.0,0.0
2023-04-04,50.0,0.0,0.0,0.0,0.0,50.0,0.0,0.0,0.0,0.0,92.8,0.0,0.0,0.0,0.0,3966350139.0,3966350139.0,947957683.0,0.0,0.0,,0.0,0.0,0.0
2023-04-05,50.0,0.0,0.0,0.0,0.0,50.0,0.0,0.0,0.0,0.0,92.8,0.0,0.0,0.0,0.0,3966350139.0,3966350139.0,947957683.0,0.0,0.0,,0.0,0.0,0.0
2023-04-06,50.0,0.0,0.0,0.0,0.0,50.0,0.0,0.0,0.0,0.0,92.8,0.0,0.0,0.0,0.0,3966350139.0,3966350139.0,947957683.0,0.0,0.0,,0.0,0.0,0.0
2023-04-10,50.0,0.0,0.0,0.0,0.0,50.0,0.0,0.0,0.0,0.0,92.8,0.0,0.0,0.0,0.0,3966350139.0,3966350139.0,947957683.0,0.0,0.0,,0.0,0.0,0.0
2023-04-11,50.0,0.0,0.0,0.0,0.0,50.0,0.0,0.0,0.0,0.0,92.8,0.0,0.0,0.0,0.0,3966350139.0,3966350139.0,947957683.0,0.0,0.0,,0.0,0.0,0.0
2023-04-12,50.0,0.0,0.0,0.0,0.0,50.0,0.0,0.0,0.0,0.0,92.8,0.0,0.0,0.0,0.0,3966350139.0,3966350139.0,947957683.0,0.0,0.0,,0.0,0.0,0.0
2023-04-13,50.0,0.0,0.0,0.0,0.0,50.0,0.0,0.0,0.0,0.0,92.8,0.0,0.0,0.0,0.0,3966350139.0,3966350139.0,947957683.0,0.0,0.0,,0.0,0.0,0.0
2023-04-14,50.0,0.0,0.0,0.0,0.0,50.0,0.0,0.0,0.0,0.0,92.8,0.0,0.0,0.0,0.0,3966350139.0,3966350139.0,947957683.0,0.0,0.0,,0.0,0.0,0.0
2023-04-17,50.0,0.0,0.0,0.0,0.0,50.0,0.0,0.0,0.0,0.0,92.8,0.0,0.0,0.0,0.0,3966350139.0,3966350139.0,947957683.0,0.0,0.0,,0.0,0.0,0.0
2023-04-18,50.0,0.0,0.0,0.0,0.0,50.0,0.0,0.0,0.0,0.0,92.8,0.0,0.0,0.0,0.0,3966350139.0,3966350139.0,947957683.0,0.0,0.0,,0.0,0.0,0.0
2023-04-26,50.0,0.0,0.0,0.0,0.0,50.0,0.0,0.0,0.0,0.0,92.8,0.0,0.0,0.0,0.0,3966350139.0,3966350139.0,947957683.0,0.0,0.0,,0.0,0.0,0.0
2023-04-27,50.0,0.0,0.0,0.0,0.0,50.0,0.0,0.0,0.0,0.0,92.8,0.0,0.0,0.0,0.0,3966350139.0,3966350139.0,947957683.0,0.0,0.0,,0.0,0.0,0.0
2023-04-28,50.0,0.0,0.0,0.0,0.0,50.0,0.0,0.0,0.0,0.0,92.8,0.0,0.0,0.0,0.0,3966350139.0,3966350139.0,947957683.0,0.0,0.0,,0.0,0.0,0.0
2023-05-02,50.0,0.0,0.0,0.0,0.0,50.0,0.0,0.0,0.0,0.0,92.8,0.0,0.0,0.0,0.0,3966350139.0,3966350139.0,947957683.0,0.0,0.0,,0.0,0.0,0.0
2023-05-03,50.0,0.0,0.0,0.0,0.0,50.0,0.0,0.0,0.0,0.0,92.8,0.0,0.0,0.0,0.0,3966350139.0,3966350139.0,947957683.0,0.0,0.0,,0.0,0.0,0.0
2023-05-04,50.0,0.0,0.0,0.0,0.0,50.0,0.0,0.0,0.0,0.0,92.8,0.0,0.0,0.0,0.0,3966350139.0,3966350139.0,947957683.0,0.0,0.0,,0.0,0.0,0.0
2023-05-05,50.0,0.0,0.0,0.0,0.0,50.0,0.0,0.0,0.0,0.0,92.8,0.0,0.0,0.0,0.0,3966350139.0,3966350139.0,947957683.0,0.0,0.0,,0.0,0.0,0.0
2023-05-08,50.0,0.0,0.0,0.0,0.0,50.0,0.0,0.0,0.0,0.0,92.8,0.0,0.0,0.0,0.0,3966350139.0,3966350139.0,947957683.0,0.0,0.0,,0.0,0.0,0.0
2023-05-09,50.0,0.0,0.0,0.0,0.0,50.0,0.0,0.0,0.0,0.0,92.8,0.0,0.0,0.0,0.0,3966350139.0,3966350139.0,947957683.0,0.0,0.0,,0.0,0.0,0.0
2023-05-10,50.0,0.0,0.0,0.0,0.0,50.0,0.0,0.0,0.0,0.0,92.8,0.0,0.0,0.0,0.0,3966350139.0,3966350139.0,947957683.0,0.0,0.0,,0.0,0.0,0.0
2023-05-11,50.0,0.0,0.0,0.0,0.0,50.0,0.0,0.0,0.0,0.0,92.8,0.0,0.0,0.0,0.0,3966350139.0,3966350139.0,947957683.0,0.0,0.0,,0.0,0.0,0.0
2023-05-12,50.0,0.0,0.0,0.0,0.0,50.0,0.0,0.0,0.0,0.0,92.8,0.0,0.0,0.0,0.0,3966350139.0,3966350139.0,947957683.0,0.0,0.0,,0.0,0.0,0.0
2023-05-15,50.0,0.0,0.0,0.0,0.0,50.0,0.0,0.0,0.0,0.0,92.8,0.0,0.0,0.0,0.0,3966350139.0,3966350139.0,947957683.0,0.0,0.0,,0.0,0.0,0.0
2023-05-16,50.0,0.0,0.0,0.0,0.0,50.0,0.0,0.0,0.0,0.0,92.8,0.0,0.0,0.0,0.0,3966350139.0,3966350139.0,947957683.0,0.0,0.0,,0.0,0.0,0.0
2023-05-17,50.0,0.0,0.0,0.0,0.0,50.0,0.0,0.0,0.0,0.0,92.8,0.0,0.0,0.0,0.0,3966350139.0,3966350139.0,947957683.0,0.0,0.0,,0.0,0.0,0.0
2023-05-19,50.0,0.0,0.0,0.0,0.0,50.0,0.0,0.0,0.0,0.0,92.8,0.0,0.0,0.0,0.0,3966350139.0,3966350139.0,947957683.0,0.0,0.0,,0.0,0.0,0.0
2023-05-22,50.0,0.0,0.0,0.0,0.0,50.0,0.0,0.0,0.0,0.0,92.8,0.0,0.0,0.0,0.0,3966350139.0,3966350139.0,947957683.0,0.0,0.0,,0.0,0.0,0.0
2023-05-23,50.0,0.0,0.0,0.0,0.0,50.0,0.0,0.0,0.0,0.0,92.8,0.0,0.0,0.0,0.0,3966350139.0,3966350139.0,947957683.0,0.0,0.0,,0.0,0.0,0.0
2023-05-24,50.0,0.0,0.0,0.0,0.0,50.0,0.0,0.0,0.0,0.0,92.8,0.0,0.0,0.0,0.0,3966350139.0,3966350139.0,947957683.0,0.0,0.0,,0.0,0.0,0.0
2023-05-25,50.0,0.0,0.0,0.0,0.0,50.0,0.0,0.0,0.0,0.0,92.8,0.0,0.0,0.0,0.0,3966350139.0,3966350139.0,947957683.0,0.0,0.0,,0.0,0.0,0.0
2023-05-26,50.0,0.0,0.0,0.0,0.0,50.0,0.0,0.0,0.0,0.0,92.8,0.0,0.0,0.0,0.0,3966350139.0,3966350139.0,947957683.0,0.0,0.0,,0.0,0.0,0.0
2023-05-29,50.0,0.0,0.0,0.0,0.0,50.0,0.0,0.0,0.0,0.0,92.8,0.0,0.0,0.0,0.0,3966350139.0,3966350139.0,947957683.0,0.0,0.0,,0.0,0.0,0.0
2023-05-30,50.0,0.0,0.0,0.0,0.0,50.0,0.0,0.0,0.0,0.0,92.8,0.0,0.0,0.0,0.0,3966350139.0,3966350139.0,947957683.0,0.0,0.0,,0.0,0.0,0.0
2023-05-31,50.0,0.0,0.0,0.0,0.0,50.0,0.0,0.0,0.0,0.0,92.8,0.0,0.0,0.0,0.0,3966350139.0,3966350139.0,947957683.0,0.0,0.0,,0.0,0.0,0.0
2023-06-05,50.0,0.0,0.0,0.0,0.0,50.0,0.0,0.0,0.0,0.0,92.8,0.0,0.0,0.0,0.0,3966350139.0,3966350139.0,947957683.0,0.0,0.0,,0.0,0.0,0.0
2023-06-06,50.0,0.0,0.0,0.0,0.0,50.0,0.0,0.0,0.0,0.0,92.8,0.0,0.0,0.0,0.0,3966350139.0,3966350139.0,947957683.0,0.0,0.0,,0.0,0.0,0.0
2023-06-07,50.0,0.0,0.0,0.0,0.0,50.0,0.0,0.0,0.0,0.0,92.8,0.0,0.0,0.0,0.0,3966350139.0,3966350139.0,947957683.0,0.0,0.0,,0.0,0.0,0.0
2023-06-08,50.0,0.0,0.0,0.0,0.0,50.0,0.0,0.0,0.0,0.0,92.8,0.0,0.0,0.0,0.0,3966350139.0,3966350139.0,947957683.0,0.0,0.0,,0.0,0.0,0.0
2023-06-09,50.0,0.0,0.0,0.0,0.0,50.0,0.0,0.0,0.0,0.0,92.8,0.0,0.0,0.0,0.0,3966350139.0,3966350139.0,947957683.0,0.0,0.0,,0.0,0.0,0.0
2023-06-12,50.0,0.0,0.0,0.0,0.0,50.0,0.0,0.0,0.0,0.0,92.8,0.0,0.0,0.0,0.0,3966350139.0,3966350139.0,947957683.0,0.0,0.0,,0.0,0.0,0.0
2023-06-13,50.0,0.0,0.0,0.0,0.0,50.0,0.0,0.0,0.0,0.0,92.8,0.0,0.0,0.0,0.0,3966350139.0,3966350139.0,947957683.0,0.0,0.0,,0.0,0.0,0.0
2023-06-14,50.0,0.0,0.0,0.0,0.0,50.0,0.0,0.0,0.0,0.0,92.8,0.0,0.0,0.0,0.0,3966350139.0,3966350139.0,947957683.0,0.0,0.0,,0.0,0.0,0.0
2023-06-15,50.0,0.0,0.0,0.0,0.0,50.0,0.0,0.0,0.0,0.0,92.8,0.0,0.0,0.0,0.0,3966350139.0,3966350139.0,947957683.0,0.0,0.0,,0.0,0.0,0.0
2023-06-16,50.0,0.0,0.0,0.0,0.0,50.0,0.0,0.0,0.0,0.0,92.8,0.0,0.0,0.0,0.0,3966350139.0,3966350139.0,947957683.0,0.0,0.0,,0.0,0.0,0.0
2023-06-19,50.0,0.0,0.0,0.0,0.0,50.0,0.0,0.0,0.0,0.0,92.8,0.0,0.0,0.0,0.0,3966350139.0,3966350139.0,947957683.0,0.0,0.0,,0.0,0.0,0.0
2023-06-20,50.0,0.0,0.0,0.0,0.0,50.0,0.0,0.0,0.0,0.0,92.8,0.0,0.0,0.0,0.0,3966350139.0,3966350139.0,947957683.0,0.0,0.0,,0.0,0.0,0.0
2023-06-21,50.0,0.0,0.0,0.0,0.0,50.0,0.0,0.0,0.0,0.0,92.8,0.0,0.0,0.0,0.0,3966350139.0,3966350139.0,947957683.0,0.0,0.0,,0.0,0.0,0.0
2023-06-22,50.0,0.0,0.0,0.0,0.0,50.0,0.0,0.0,0.0,0.0,92.8,0.0,0.0,0.0,0.0,3966350139.0,3966350139.0,947957683.0,0.0,0.0,,0.0,0.0,0.0
2023-06-23,50.0,0.0,0.0,0.0,0.0,50.0,0.0,0.0,0.0,0.0,92.8,0.0,0.0,0.0,0.0,3966350139.0,3966350139.0,947957683.0,0.0,0.0,,0.0,0.0,0.0
2023-06-26,50.0,0.0,0.0,0.0,0.0,50.0,0.0,0.0,0.0,0.0,92.8,0.0,0.0,0.0,0.0,3966350139.0,3966350139.0,947957683.0,0.0,0.0,,0.0,0.0,0.0
2023-06-27,50.0,0.0,0.0,0.0,0.0,50.0,0.0,0.0,0.0,0.0,92.8,0.0,0.0,0.0,0.0,3966350139.0,3966350139.0,947957683.0,0.0,0.0,,0.0,0.0,0.0
2023-07-03,50.0,0.0,0.0,0.0,0.0,50.0,0.0,0.0,0.0,0.0,92.8,0.0,0.0,0.0,0.0,3966350139.0,3966350139.0,947957683.0,0.0,0.0,,0.0,0.0,0.0
2023-07-04,50.0,0.0,0.0,0.0,0.0,50.0,0.0,0.0,0.0,0.0,92.8,0.0,0.0,0.0,0.0,3966350139.0,3966350139.0,947957683.0,0.0,0.0,,0.0,0.0,0.0
2023-07-05,50.0,0.0,0.0,0.0,0.0,50.0,0.0,0.0,0.0,0.0,92.8,0.0,0.0,0.0,0.0,3966350139.0,3966350139.0,947957683.0,0.0,0.0,,0.0,0.0,0.0
2023-07-06,50.0,0.0,0.0,0.0,0.0,50.0,0.0,0.0,0.0,0.0,92.8,0.0,0.0,0.0,0.0,3966350139.0,3966350139.0,947957683.0,0.0,0.0,,0.0,0.0,0.0
2023-07-07,50.0,0.0,0.0,0.0,0.0,50.0,0.0,0.0,0.0,0.0,92.8,0.0,0.0,0.0,0.0,3966350139.0,3966350139.0,947957683.0,0.0,0.0,,0.0,0.0,0.0
2023-07-10,50.0,0.0,0.0,0.0,0.0,50.0,0.0,0.0,0.0,0.0,92.8,0.0,0.0,0.0,0.0,3966350139.0,3966350139.0,947957683.0,0.0,0.0,,0.0,0.0,0.0
2023-07-11,50.0,0.0,0.0,0.0,0.0,50.0,0.0,0.0,0.0,0.0,92.8,0.0,0.0,0.0,0.0,3966350139.0,3966350139.0,947957683.0,0.0,0.0,,0.0,0.0,0.0
2023-07-12,50.0,0.0,0.0,0.0,0.0,50.0,0.0,0.0,0.0,0.0,92.8,0.0,0.0,0.0,0.0,3966350139.0,3966350139.0,947957683.0,0.0,0.0,,0.0,0.0,0.0
2023-07-13,50.0,0.0,0.0,0.0,0.0,50.0,0.0,0.0,0.0,0.0,92.8,0.0,0.0,0.0,0.0,3966350139.0,3966350139.0,947957683.0,0.0,0.0,,0.0,0.0,0.0
2023-07-14,50.0,0.0,0.0,0.0,0.0,50.0,0.0,0.0,0.0,0.0,92.8,0.0,0.0,0.0,0.0,3966350139.0,3966350139.0,947957683.0,0.0,0.0,,0.0,0.0,0.0
2023-07-17,50.0,0.0,0.0,0.0,0.0,50.0,0.0,0.0,0.0,0.0,92.8,0.0,0.0,0.0,0.0,3966350139.0,3966350139.0,947957683.0,0.0,0.0,,0.0,0.0,0.0
2023-07-18,50.0,0.0,0.0,0.0,0.0,50.0,0.0,0.0,0.0,0.0,92.8,0.0,0.0,0.0,0.0,3966350139.0,3966350139.0,947957683.0,0.0,0.0,,0.0,0.0,0.0
2023-07-20,50.0,0.0,0.0,0.0,0.0,50.0,0.0,0.0,0.0,0.0,92.8,0.0,0.0,0.0,0.0,3966350139.0,3966350139.0,947957683.0,0.0,0.0,,0.0,0.0,0.0
2023-07-21,50.0,0.0,0.0,0.0,0.0,50.0,0.0,0.0,0.0,0.0,92.8,0.0,0.0,0.0,0.0,3966350139.0,3966350139.0,947957683.0,0.0,0.0,,0.0,0.0,0.0
2023-07-24,50.0,0.0,0.0,0.0,0.0,50.0,0.0,0.0,0.0,0.0,92.8,0.0,0.0,0.0,0.0,3966350139.0,3966350139.0,947957683.0,0.0,0.0,,0.0,0.0,0.0
2023-07-25,50.0,0.0,0.0,0.0,0.0,50.0,0.0,0.0,0.0,0.0,92.8,0.0,0.0,0.0,0.0,3966350139.0,3966350139.0,947957683.0,0.0,0.0,,0.0,0.0,0.0
2023-07-26,50.0,0.0,0.0,0.0,0.0,50.0,0.0,0.0,0.0,0.0,92.8,0.0,0.0,0.0,0.0,3966350139.0,3966350139.0,947957683.0,0.0,0.0,,0.0,0.0,0.0
2023-07-27,50.0,0.0,0.0,0.0,0.0,50.0,0.0,0.0,0.0,0.0,92.8,0.0,0.0,0.0,0.0,3966350139.0,3966350139.0,947957683.0,0.0,0.0,,0.0,0.0,0.0
2023-07-28,50.0,0.0,0.0,0.0,0.0,50.0,0.0,0.0,0.0,0.0,92.8,0.0,0.0,0.0,0.0,3966350139.0,3966350139.0,947957683.0,0.0,0.0,,0.0,0.0,0.0
2023-07-31,50.0,0.0,0.0,0.0,0.0,50.0,0.0,0.0,0.0,0.0,92.8,0.0,0.0,0.0,0.0,3966350139.0,3966350139.0,947957683.0,0.0,0.0,,0.0,0.0,0.0
2023-08-01,50.0,0.0,0.0,0.0,0.0,50.0,0.0,0.0,0.0,0.0,92.8,0.0,0.0,0.0,0.0,3966350139.0,3966350139.0,947957683.0,0.0,0.0,,0.0,0.0,0.0
2023-08-02,50.0,0.0,0.0,0.0,0.0,50.0,0.0,0.0,0.0,0.0,92.8,0.0,0.0,0.0,0.0,3966350139.0,3966350139.0,947957683.0,0.0,0.0,,0.0,0.0,0.0
2023-08-03,50.0,0.0,0.0,0.0,0.0,50.0,0.0,0.0,0.0,0.0,92.8,0.0,0.0,0.0,0.0,3966350139.0,3966350139.0,947957683.0,0.0,0.0,,0.0,0.0,0.0
2023-08-04,50.0,0.0,0.0,0.0,0.0,50.0,0.0,0.0,0.0,0.0,92.8,0.0,0.0,0.0,0.0,3966350139.0,3966350139.0,947957683.0,0.0,0.0,,0.0,0.0,0.0
2023-08-07,50.0,0.0,0.0,0.0,0.0,50.0,0.0,0.0,0.0,0.0,92.8,0.0,0.0,0.0,0.0,3966350139.0,3966350139.0,947957683.0,0.0,0.0,,0.0,0.0,0.0
2023-08-08,50.0,0.0,0.0,0.0,0.0,50.0,0.0,0.0,0.0,0.0,92.8,0.0,0.0,0.0,0.0,3966350139.0,3966350139.0,947957683.0,0.0,0.0,,0.0,0.0,0.0
2023-08-09,50.0,0.0,0.0,0.0,0.0,50.0,0.0,0.0,0.0,0.0,92.8,0.0,0.0,0.0,0.0,3966350139.0,3966350139.0,947957683.0,0.0,0.0,,0.0,0.0,0.0
2023-08-10,50.0,0.0,0.0,0.0,0.0,50.0,0.0,0.0,0.0,0.0,92.8,0.0,0.0,0.0,0.0,3966350139.0,3966350139.0,947957683.0,0.0,0.0,,0.0,0.0,0.0
2023-08-11,50.0,0.0,0.0,0.0,0.0,50.0,0.0,0.0,0.0,0.0,92.8,0.0,0.0,0.0,0.0,3966350139.0,3966350139.0,947957683.0,0.0,0.0,,0.0,0.0,0.0
2023-08-14,50.0,0.0,0.0,0.0,0.0,50.0,0.0,0.0,0.0,0.0,92.8,0.0,0.0,0.0,0.0,3966350139.0,3966350139.0,947957683.0,0.0,0.0,,0.0,0.0,0.0
2023-08-15,50.0,0.0,0.0,0.0,0.0,50.0,0.0,0.0,0.0,0.0,92.8,0.0,0.0,0.0,0.0,3966350139.0,3966350139.0,947957683.0,0.0,0.0,,0.0,0.0,0.0
2023-08-16,50.0,0.0,0.0,0.0,0.0,50.0,0.0,0.0,0.0,0.0,92.8,0.0,0.0,0.0,0.0,3966350139.0,3966350139.0,947957683.0,0.0,0.0,,0.0,0.0,0.0
2023-08-18,50.0,0.0,0.0,0.0,0.0,50.0,0.0,0.0,0.0,0.0,92.8,0.0,0.0,0.0,0.0,3966350139.0,3966350139.0,947957683.0,0.0,0.0,,0.0,0.0,0.0
2023-08-21,50.0,0.0,0.0,0.0,0.0,50.0,0.0,0.0,0.0,0.0,92.8,0.0,0.0,0.0,0.0,3966350139.0,3966350139.0,947957683.0,0.0,0.0,,0.0,0.0,0.0
2023-08-22,50.0,0.0,0.0,0.0,0.0,50.0,0.0,0.0,0.0,0.0,92.8,0.0,0.0,0.0,0.0,3966350139.0,3966350139.0,947957683.0,0.0,0.0,,0.0,0.0,0.0
2023-08-23,50.0,0.0,0.0,0.0,0.0,50.0,0.0,0.0,0.0,0.0,92.8,0.0,0.0,0.0,0.0,3966350139.0,3966350139.0,947957683.0,0.0,0.0,,0.0,0.0,0.0
2023-08-24,50.0,0.0,0.0,0.0,0.0,50.0,0.0,0.0,0.0,0.0,92.8,0.0,0.0,0.0,0.0,3966350139.0,3966350139.0,947957683.0,0.0,0.0,,0.0,0.0,0.0
2023-08-25,50.0,0.0,0.0,0.0,0.0,50.0,0.0,0.0,0.0,0.0,92.8,0.0,0.0,0.0,0.0,3966350139.0,3966350139.0,947957683.0,0.0,0.0,,0.0,0.0,0.0
2023-08-28,50.0,0.0,0.0,0.0,0.0,50.0,0.0,0.0,0.0,0.0,92.8,0.0,0.0,0.0,0.0,3966350139.0,3966350139.0,947957683.0,0.0,0.0,,0.0,0.0,0.0
2023-08-29,50.0,0.0,0.0,0.0,0.0,50.0,0.0,0.0,0.0,0.0,92.8,0.0,0.0,0.0,0.0,3966350139.0,3966350139.0,947957683.0,0.0,0.0,,0.0,0.0,0.0
2023-08-30,50.0,0.0,0.0,0.0,0.0,50.0,0.0,0.0,0.0,0.0,92.8,0.0,0.0,0.0,0.0,3966350139.0,3966350139.0,947957683.0,0.0,0.0,,0.0,0.0,0.0
2023-08-31,50.0,0.0,0.0,0.0,0.0,50.0,0.0,0.0,0.0,0.0,92.8,0.0,0.0,0.0,0.0,3966350139.0,3966350139.0,947957683.0,0.0,0.0,,0.0,0.0,0.0
2023-09-01,50.0,0.0,0.0,0.0,0.0,50.0,0.0,0.0,0.0,0.0,92.8,0.0,0.0,0.0,0.0,3966350139.0,3966350139.0,947957683.0,0.0,0.0,,0.0,0.0,0.0
2023-09-04,50.0,0.0,0.0,0.0,0.0,50.0,0.0,0.0,0.0,0.0,92.8,0.0,0.0,0.0,0.0,3966350139.0,3966350139.0,947957683.0,0.0,0.0,,0.0,0.0,0.0
2023-09-05,50.0,0.0,0.0,0.0,0.0,50.0,0.0,0.0,0.0,0.0,92.8,0.0,0.0,0.0,0.0,3966350139.0,3966350139.0,947957683.0,0.0,0.0,,0.0,0.0,0.0
2023-09-06,50.0,0.0,0.0,0.0,0.0,50.0,0.0,0.0,0.0,0.0,92.8,0.0,0.0,0.0,0.0,3966350139.0,3966350139.0,947957683.0,0.0,0.0,,0.0,0.0,0.0
2023-09-07,50.0,0.0,0.0,0.0,0.0,50.0,0.0,0.0,0.0,0.0,92.8,0.0,0.0,0.0,0.0,3966350139.0,3966350139.0,947957683.0,0.0,0.0,,0.0,0.0,0.0
2023-09-08,50.0,0.0,0.0,0.0,0.0,50.0,0.0,0.0,0.0,0.0,92.8,0.0,0.0,0.0,0.0,3966350139.0,3966350139.0,947957683.0,0.0,0.0,,0.0,0.0,0.0
2023-09-11,50.0,0.0,0.0,0.0,0.0,50.0,0.0,0.0,0.0,0.0,92.8,0.0,0.0,0.0,0.0,3966350139.0,3966350139.0,947957683.0,0.0,0.0,,0.0,0.0,0.0
2023-09-12,50.0,0.0,0.0,0.0,0.0,50.0,0.0,0.0,0.0,0.0,92.8,0.0,0.0,0.0,0.0,3966350139.0,3966350139.0,947957683.0,0.0,0.0,,0.0,0.0,0.0
2023-09-13,50.0,0.0,0.0,0.0,0.0,50.0,0.0,0.0,0.0,0.0,92.8,0.0,0.0,0.0,0.0,3966350139.0,3966350139.0,947957683.0,0.0,0.0,,0.0,0.0,0.0
2023-09-14,50.0,0.0,0.0,0.0,0.0,50.0,0.0,0.0,0.0,0.0,92.8,0.0,0.0,0.0,0.0,3966350139.0,3966350139.0,947957683.0,0.0,0.0,,0.0,0.0,0.0
2023-09-15,50.0,0.0,0.0,0.0,0.0,50.0,0.0,0.0,0.0,0.0,92.8,0.0,0.0,0.0,0.0,3966350139.0,3966350139.0,947957683.0,0.0,0.0,,0.0,0.0,0.0
2023-09-18,50.0,0.0,0.0,0.0,0.0,50.0,0.0,0.0,0.0,0.0,92.8,0.0,0.0,0.0,0.0,3966350139.0,3966350139.0,947957683.0,0.0,0.0,,0.0,0.0,0.0
2023-09-19,50.0,0.0,0.0,0.0,0.0,50.0,0.0,0.0,0.0,0.0,92.8,0.0,0.0,0.0,0.0,3966350139.0,3966350139.0,947957683.0,0.0,0.0,,0.0,0.0,0.0
2023-09-20,50.0,0.0,0.0,0.0,0.0,50.0,0.0,0.0,0.0,0.0,92.8,0.0,0.0,0.0,0.0,3966350139.0,3966350139.0,947957683.0,0.0,0.0,,0.0,0.0,0.0
2023-09-21,50.0,0.0,0.0,0.0,0.0,50.0,0.0,0.0,0.0,0.0,92.8,0.0,0.0,0.0,0.0,3966350139.0,3966350139.0,947957683.0,0.0,0.0,,0.0,0.0,0.0
2023-09-22,50.0,0.0,0.0,0.0,0.0,50.0,0.0,0.0,0.0,0.0,92.8,0.0,0.0,0.0,0.0,3966350139.0,3966350139.0,947957683.0,0.0,0.0,,0.0,0.0,0.0
2023-09-25,50.0,0.0,0.0,0.0,0.0,50.0,0.0,0.0,0.0,0.0,92.8,0.0,0.0,0.0,0.0,3966350139.0,3966350139.0,947957683.0,0.0,0.0,,0.0,0.0,0.0
2023-09-26,50.0,0.0,0.0,0.0,0.0,50.0,0.0,0.0,0.0,0.0,92.8,0.0,0.0,0.0,0.0,3966350139.0,3966350139.0,947957683.0,0.0,0.0,,0.0,0.0,0.0
2023-09-27,50.0,0.0,0.0,0.0,0.0,50.0,0.0,0.0,0.0,0.0,92.8,0.0,0.0,0.0,0.0,3966350139.0,3966350139.0,947957683.0,0.0,0.0,,0.0,0.0,0.0
2023-09-29,50.0,0.0,0.0,0.0,0.0,50.0,0.0,0.0,0.0,0.0,92.8,0.0,0.0,0.0,0.0,3966350139.0,3966350139.0,947957683.0,0.0,0.0,,0.0,0.0,0.0
2023-10-02,50.0,0.0,0.0,0.0,0.0,50.0,0.0,0.0,0.0,0.0,92.8,0.0,0.0,0.0,0.0,3966350139.0,3966350139.0,947957683.0,0.0,0.0,,0.0,0.0,0.0
2023-10-03,50.0,0.0,0.0,0.0,0.0,50.0,0.0,0.0,0.0,0.0,92.8,0.0,0.0,0.0,0.0,3966350139.0,3966350139.0,947957683.0,0.0,0.0,,0.0,0.0,0.0
2023-10-04,50.0,0.0,0.0,0.0,0.0,50.0,0.0,0.0,0.0,0.0,92.8,0.0,0.0,0.0,0.0,3966350139.0,3966350139.0,947957683.0,0.0,0.0,,0.0,0.0,0.0
2023-10-05,50.0,0.0,0.0,0.0,0.0,50.0,0.0,0.0,0.0,0.0,92.8,0.0,0.0,0.0,0.0,3966350139.0,3966350139.0,947957683.0,0.0,0.0,,0.0,0.0,0.0
2023-10-06,50.0,0.0,0.0,0.0,0.0,50.0,0.0,0.0,0.0,0.0,92.8,0.0,0.0,0.0,0.0,3966350139.0,3966350139.0,947957683.0,0.0,0.0,,0.0,0.0,0.0
2023-10-09,50.0,0.0,0.0,0.0,0.0,50.0,0.0,0.0,0.0,0.0,92.8,0.0,0.0,0.0,0.0,3966350139.0,3966350139.0,947957683.0,0.0,0.0,,0.0,0.0,0.0
2023-10-10,50.0,0.0,0.0,0.0,0.0,50.0,0.0,0.0,0.0,0.0,92.8,0.0,0.0,0.0,0.0,3966350139.0,3966350139.0,947957683.0,0.0,0.0,,0.0,0.0,0.0
2023-10-11,50.0,0.0,0.0,0.0,0.0,50.0,0.0,0.0,0.0,0.0,92.8,0.0,0.0,0.0,0.0,3966350139.0,3966350139.0,947957683.0,0.0,0.0,,0.0,0.0,0.0
2023-10-12,50.0,0.0,0.0,0.0,0.0,50.0,0.0,0.0,0.0,0.0,92.8,0.0,0.0,0.0,0.0,3966350139.0,3966350139.0,947957683.0,0.0,0.0,,0.0,0.0,0.0
2023-10-13,50.0,0.0,0.0,0.0,0.0,50.0,0.0,0.0,0.0,0.0,92.8,0.0,0.0,0.0,0.0,3966350139.0,3966350139.0,947957683.0,0.0,0.0,,0.0,0.0,0.0
2023-10-16,50.0,0.0,0.0,0.0,0.0,50.0,0.0,0.0,0.0,0.0,92.8,0.0,0.0,0.0,0.0,3966350139.0,3966350139.0,947957683.0,0.0,0.0,,0.0,0.0,0.0
2023-10-17,50.0,0.0,0.0,0.0,0.0,50.0,0.0,0.0,0.0,0.0,92.8,0.0,0.0,0.0,0.0,3966350139.0,3966350139.0,947957683.0,0.0,0.0,,0.0,0.0,0.0
2023-10-18,50.0,0.0,0.0,0.0,0.0,50.0,0.0,0.0,0.0,0.0,92.8,0.0,0.0,0.0,0.0,3966350139.0,3966350139.0,947957683.0,0.0,0.0,,0.0,0.0,0.0
2023-10-19,50.0,0.0,0.0,0.0,0.0,50.0,0.0,0.0,0.0,0.0,92.8,0.0,0.0,0.0,0.0,3966350139.0,3966350139.0,947957683.0,0.0,0.0,,0.0,0.0,0.0
2023-10-20,50.0,0.0,0.0,0.0,0.0,50.0,0.0,0.0,0.0,0.0,92.8,0.0,0.0,0.0,0.0,3966350139.0,3966350139.0,947957683.0,0.0,0.0,,0.0,0.0,0.0
2023-10-23,50.0,0.0,0.0,0.0,0.0,50.0,0.0,0.0,0.0,0.0,92.8,0.0,0.0,0.0,0.0,3966350139.0,3966350139.0,947957683.0,0.0,0.0,,0.0,0.0,0.0
2023-10-24,50.0,0.0,0.0,0.0,0.0,50.0,0.0,0.0,0.0,0.0,92.8,0.0,0.0,0.0,0.0,3966350139.0,3966350139.0,947957683.0,0.0,0.0,,0.0,0.0,0.0
2023-10-25,50.0,0.0,0.0,0.0,0.0,50.0,0.0,0.0,0.0,0.0,92.8,0.0,0.0,0.0,0.0,3966350139.0,3966350139.0,947957683.0,0.0,0.0,,0.0,0.0,0.0
2023-10-26,50.0,0.0,0.0,0.0,0.0,50.0,0.0,0.0,0.0,0.0,92.8,0.0,0.0,0.0,0.0,3966350139.0,3966350139.0,947957683.0,0.0,0.0,,0.0,0.0,0.0
2023-10-27,50.0,0.0,0.0,0.0,0.0,50.0,0.0,0.0,0.0,0.0,92.8,0.0,0.0,0.0,0.0,3966350139.0,3966350139.0,947957683.0,0.0,0.0,,0.0,0.0,0.0
2023-10-30,50.0,0.0,0.0,0.0,0.0,50.0,0.0,0.0,0.0,0.0,92.8,0.0,0.0,0.0,0.0,3966350139.0,3966350139.0,947957683.0,0.0,0.0,,0.0,0.0,0.0
2023-10-31,50.0,0.0,0.0,0.0,0.0,50.0,0.0,0.0,0.0,0.0,92.8,0.0,0.0,0.0,0.0,3966350139.0,3966350139.0,947957683.0,0.0,0.0,,0.0,0.0,0.0
2023-11-01,50.0,0.0,0.0,0.0,0.0,50.0,0.0,0.0,0.0,0.0,92.8,45.0,291700.0,0.0,0.0,3966350139.0,3966350139.0,947957683.0,0.0,0.0,,0.0,0.0,0.0
2023-11-02,50.0,0.0,0.0,45.0,45.0,45.0,-5.0,2400.0,108000.0,4.0,83.5,45.0,6962900.0,0.0,0.0,3966350139.0,3966350139.0,947957683.0,0.0,0.0,,0.0,0.0,0.0
2023-11-03,45.0,0.0,0.0,41.0,41.0,41.0,-4.0,5000.0,205000.0,1.0,76.1,41.0,25793400.0,0.0,0.0,3966350139.0,3966350139.0,947957683.0,0.0,0.0,,0.0,0.0,0.0
2023-11-06,41.0,0.0,0.0,37.0,37.0,37.0,-4.0,26100.0,965700.0,7.0,68.7,37.0,15840000.0,0.0,0.0,3966350139.0,3966350139.0,947957683.0,0.0,0.0,,0.0,0.0,0.0
2023-11-07,37.0,0.0,0.0,34.0,34.0,34.0,-3.0,40200.0,1366800.0,5.0,63.1,34.0,7080800.0,0.0,0.0,3966350139.0,3966350139.0,947957683.0,0.0,0.0,,0.0,0.0,0.0
2023-11-08,34.0,0.0,0.0,31.0,31.0,31.0,-3.0,1400.0,43400.0,2.0,57.5,31.0,6593900.0,0.0,0.0,3966350139.0,3966350139.0,947957683.0,0.0,0.0,,0.0,0.0,0.0
2023-11-09,31.0,0.0,0.0,28.0,28.0,28.0,-3.0,15200.0,425600.0,3.0,52.0,28.0,6993200.0,0.0,0.0,3966350139.0,3966350139.0,947957683.0,0.0,0.0,,3000.0,3000.0,1.0
2023-11-10,28.0,0.0,0.0,26.0,26.0,26.0,-2.0,10400.0,270400.0,4.0,48.2,26.0,13674000.0,0.0,0.0,3966350139.0,3966350139.0,947957683.0,0.0,0.0,,0.0,0.0,0.0
2023-11-13,26.0,0.0,0.0,24.0,24.0,24.0,-2.0,20800.0,499200.0,1.0,44.5,24.0,23643700.0,0.0,0.0,3966350139.0,3966350139.0,947957683.0,0.0,0.0,,0.0,0.0,0.0
2023-11-14,24.0,0.0,0.0,22.0,22.0,22.0,-2.0,16200.0,356400.0,6.0,40.8,22.0,27968600.0,0.0,0.0,3966350139.0,3966350139.0,947957683.0,0.0,0.0,,0.0,0.0,0.0
2023-11-15,22.0,0.0,0.0,20.0,20.0,20.0,-2.0,310900.0,6218000.0,48.0,37.1,20.0,13769900.0,0.0,0.0,3966350139.0,3966350139.0,947957683.0,0.0,0.0,,0.0,0.0,0.0
2023-11-16,20.0,0.0,0.0,18.0,18.0,18.0,-2.0,1400.0,25200.0,9.0,33.4,18.0,36623200.0,0.0,0.0,3966350139.0,3966350139.0,947957683.0,0.0,0.0,,0.0,0.0,0.0
2023-11-17,18.0,0.0,0.0,17.0,17.0,17.0,-1.0,1105100.0,18786700.0,56.0,31.5,17.0,34861000.0,0.0,0.0,3966350139.0,3966350139.0,947957683.0,0.0,0.0,,0.0,0.0,0.0
2023-11-20,17.0,0.0,0.0,16.0,16.0,16.0,-1.0,138200.0,2211200.0,13.0,29.7,16.0,37504600.0,0.0,0.0,3966350139.0,3966350139.0,947957683.0,0.0,0.0,,0.0,0.0,0.0
2023-11-21,16.0,0.0,0.0,15.0,15.0,15.0,-1.0,630200.0,9453000.0,32.0,27.8,15.0,20870300.0,0.0,0.0,3966350139.0,3966350139.0,947957683.0,0.0,0.0,,48600.0,826200.0,1.0
2023-11-22,15.0,0.0,0.0,14.0,14.0,14.0,-1.0,515900.0,7222600.0,34.0,26.0,14.0,30420300.0,0.0,0.0,3966350139.0,3966350139.0,947957683.0,0.0,0.0,,0.0,0.0,0.0
2023-11-23,14.0,0.0,0.0,13.0,13.0,13.0,-1.0,406000.0,5278000.0,32.0,24.1,13.0,24007400.0,0.0,0.0,3966350139.0,3966350139.0,947957683.0,0.0,0.0,,0.0,0.0,0.0
2023-11-24,13.0,0.0,0.0,12.0,12.0,12.0,-1.0,579800.0,6957600.0,44.0,22.3,12.0,17435700.0,0.0,0.0,3966350139.0,3966350139.0,947957683.0,0.0,0.0,,0.0,0.0,0.0
2023-11-27,12.0,0.0,0.0,11.0,11.0,11.0,-1.0,77600.0,853600.0,17.0,20.4,11.0,15791900.0,0.0,0.0,3966350139.0,3966350139.0,947957683.0,0.0,0.0,,0.0,0.0,0.0
2023-11-28,11.0,0.0,0.0,10.0,10.0,10.0,-1.0,358100.0,3581000.0,36.0,18.6,10.0,16961500.0,0.0,0.0,3966350139.0,3966350139.0,947957683.0,0.0,0.0,,0.0,0.0,0.0
2023-11-29,10.0,0.0,0.0,9.0,9.0,9.0,-1.0,68600.0,617400.0,24.0,16.7,9.0,18843500.0,0.0,0.0,3966350139.0,3966350139.0,947957683.0,0.0,0.0,,150000.0,1650000.0,1.0
2023-11-30,9.0,0.0,0.0,8.0,8.0,8.0,-1.0,70100.0,560800.0,22.0,14.8,8.0,11939000.0,0.0,0.0,3966350139.0,3966350139.0,947957683.0,0.0,0.0,,0.0,0.0,0.0
2023-12-01,8.0,0.0,0.0,7.0,7.0,7.0,-1.0,96200.0,673400.0,21.0,13.0,7.0,19350200.0,0.0,0.0,3966350139.0,3966350139.0,947957683.0,0.0,0.0,,0.0,0.0,0.0
2023-12-04,7.0,0.0,0.0,6.0,6.0,6.0,-1.0,131500.0,789000.0,29.0,11.1,6.0,11536800.0,0.0,0.0,3966350139.0,3966350139.0,947957683.0,0.0,0.0,,0.0,0.0,0.0
2023-12-05,6.0,0.0,0.0,5.0,5.0,5.0,-1.0,15278300.0,76391500.0,96.0,9.3,6.0,277400.0,5.0,8957700.0,3966350139.0,3966350139.0,947957683.0,300000.0,0.0,,0.0,0.0,0.0
2023-12-06,5.0,0.0,0.0,6.0,6.0,6.0,1.0,1818500.0,10911000.0,34.0,11.1,0.0,0.0,6.0,32417100.0,3966350139.0,3966350139.0,947957683.0,0.0,0.0,,0.0,0.0,0.0
2023-12-07,6.0,0.0,0.0,7.0,7.0,7.0,1.0,3082200.0,21575400.0,38.0,13.0,0.0,0.0,7.0,53766400.0,3966350139.0,3966350139.0,947957683.0,0.0,0.0,,0.0,0.0,0.0
2023-12-08,7.0,0.0,0.0,8.0,8.0,8.0,1.0,3267700.0,26141600.0,31.0,14.8,0.0,0.0,8.0,56008100.0,3966350139.0,3966350139.0,947957683.0,0.0,0.0,,0.0,0.0,0.0
2023-12-11,8.0,0.0,0.0,9.0,9.0,9.0,1.0,1164300.0,10478700.0,24.0,16.7,0.0,0.0,9.0,66691800.0,3966350139.0,3966350139.0,947957683.0,0.0,0.0,,0.0,0.0,0.0
2023-12-12,9.0,0.0,0.0,8.0,8.0,8.0,-1.0,7098700.0,56789600.0,128.0,14.8,8.0,551100.0,0.0,0.0,3966350139.0,3966350139.0,947957683.0,0.0,0.0,,0.0,0.0,0.0
2023-12-13,8.0,0.0,0.0,7.0,7.0,7.0,-1.0,5666600.0,39666200.0,78.0,13.0,8.0,331900.0,0.0,0.0,3966350139.0,3966350139.0,947957683.0,0.0,0.0,,0.0,0.0,0.0
2023-12-14,7.0,0.0,0.0,6.0,6.0,6.0,-1.0,5481600.0,32889600.0,80.0,11.1,7.0,264600.0,6.0,14925200.0,3966350139.0,3966350139.0,947957683.0,0.0,0.0,,0.0,0.0,0.0
2023-12-15,6.0,0.0,0.0,5.0,5.0,5.0,-1.0,9599000.0,47995000.0,114.0,9.3,6.0,250100.0,5.0,32520200.0,3966350139.0,3966350139.0,947957683.0,0.0,0.0,,0.0,0.0,0.0
2023-12-18,5.0,0.0,0.0,5.0,5.0,5.0,0.0,7782500.0,38912500.0,52.0,9.3,6.0,150000.0,5.0,1245900.0,3966350139.0,3966350139.0,947957683.0,0.0,0.0,,0.0,0.0,0.0
2023-12-19,5.0,0.0,0.0,5.0,5.0,5.0,0.0,723400.0,3617000.0,52.0,9.3,6.0,172200.0,5.0,3700.0,3966350139.0,3966350139.0,947957683.0,0.0,0.0,,0.0,0.0,0.0
2023-12-20,5.0,0.0,0.0,5.0,5.0,5.0,0.0,1816200.0,9081000.0,45.0,9.3,6.0,525100.0,5.0,2615100.0,3966350139.0,3966350139.0,947957683.0,0.0,0.0,,0.0,0.0,0.0
2023-12-21,5.0,0.0,0.0,5.0,5.0,5.0,0.0,3809700.0,19048500.0,40.0,9.3,5.0,962600.0,4.0,3951600.0,3966350139.0,3966350139.0,947957683.0,0.0,0.0,,0.0,0.0,0.0
2023-12-22,5.0,0.0,0.0,5.0,5.0,5.0,0.0,1206800.0,6034000.0,85.0,9.3,5.0,66600.0,4.0,2363400.0,3966350139.0,3966350139.0,947957683.0,0.0,0.0,,0.0,0.0,0.0
2023-12-27,5.0,0.0,0.0,5.0,5.0,5.0,0.0,241600.0,1208000.0,15.0,9.3,6.0,1113900.0,5.0,1516600.0,3966350139.0,3966350139.0,947957683.0,0.0,0.0,,0.0,0.0,0.0
2023-12-28,5.0,0.0,0.0,5.0,5.0,5.0,0.0,629200.0,3146000.0,32.0,9.3,6.0,1170200.0,5.0,1315500.0,3966350139.0,3966350139.0,947957683.0,0.0,0.0,,0.0,0.0,0.0
2023-12-29,5.0,0.0,0.0,6.0,5.0,6.0,1.0,909400.0,4907000.0,21.0,11.1,6.0,656500.0,5.0,474800.0,3966350139.0,3966350139.0,947957683.0,0.0,0.0,,0.0,0.0,0.0
2024-01-02,6.0,0.0,0.0,6.0,6.0,6.0,0.0,2281100.0,13686600.0,119.0,11.1,6.0,13500.0,5.0,2914900.0,3966350139.0,3966350139.0,947957683.0,0.0,0.0,,0.0,0.0,0.0
2024-01-03,6.0,0.0,0.0,7.0,7.0,7.0,1.0,957800.0,6704600.0,65.0,13.0,7.0,738000.0,6.0,175500.0,3966350139.0,3966350139.0,947957683.0,0.0,0.0,,0.0,0.0,0.0
2024-01-04,7.0,0.0,0.0,7.0,7.0,7.0,0.0,1482600.0,10378200.0,69.0,13.0,7.0,46900.0,6.0,2406300.0,3966350139.0,3966350139.0,947957683.0,0.0,0.0,,0.0,0.0,0.0
2024-01-05,7.0,0.0,0.0,7.0,7.0,7.0,0.0,201200.0,1408400.0,14.0,13.0,8.0,471500.0,7.0,771700.0,3966350139.0,3966350139.0,947957683.0,0.0,0.0,,0.0,0.0,0.0
2024-01-08,7.0,0.0,0.0,7.0,7.0,7.0,0.0,354600.0,2482200.0,15.0,13.0,8.0,140900.0,7.0,542800.0,3966350139.0,3966350139.0,947957683.0,0.0,0.0,,322438500.0,1612192500.0,1.0
2024-01-09,7.0,0.0,0.0,7.0,6.0,6.0,-1.0,1937300.0,11793000.0,19.0,11.1,6.0,742000.0,0.0,0.0,3966350139.0,3966350139.0,947957683.0,0.0,0.0,,0.0,0.0,0.0
2024-01-10,6.0,0.0,0.0,6.0,6.0,6.0,0.0,2744900.0,16469400.0,19.0,11.1,7.0,489400.0,6.0,1603400.0,3966350139.0,3966350139.0,947957683.0,0.0,0.0,,0.0,0.0,0.0
2024-01-11,6.0,0.0,0.0,7.0,7.0,7.0,1.0,1317300.0,9221100.0,20.0,13.0,0.0,0.0,7.0,4856700.0,3966350139.0,3966350139.0,947957683.0,0.0,0.0,,0.0,0.0,0.0
2024-01-12,7.0,0.0,0.0,8.0,8.0,8.0,1.0,1698500.0,13588000.0,65.0,14.8,0.0,0.0,8.0,1661600.0,3966350139.0,3966350139.0,947957683.0,0.0,0.0,,0.0,0.0,0.0
2024-01-15,8.0,0.0,0.0,9.0,9.0,9.0,1.0,2684700.0,24162300.0,151.0,16.7,0.0,0.0,9.0,20000.0,3966350139.0,3966350139.0,947957683.0,0.0,0.0,,0.0,0.0,0.0
2024-01-16,9.0,0.0,0.0,10.0,10.0,10.0,1.0,3263400.0,32634000.0,93.0,18.6,10.0,6488800.0,9.0,1638700.0,3966350139.0,3966350139.0,947957683.0,0.0,0.0,,0.0,0.0,0.0
2024-01-17,10.0,0.0,0.0,10.0,9.0,9.0,-1.0,1049600.0,9733900.0,44.0,16.7,10.0,6660300.0,9.0,625500.0,3966350139.0,3966350139.0,947957683.0,0.0,0.0,,0.0,0.0,0.0
2024-01-18,9.0,0.0,0.0,9.0,9.0,9.0,0.0,533300.0,4799700.0,23.0,16.7,9.0,376800.0,8.0,611100.0,3966350139.0,3966350139.0,947957683.0,0.0,0.0,,0.0,0.0,0.0
2024-01-19,9.0,0.0,0.0,9.0,9.0,9.0,0.0,780800.0,7027200.0,23.0,16.7,9.0,30200.0,8.0,65700.0,3966350139.0,3966350139.0,947957683.0,0.0,0.0,,0.0,0.0,0.0
2024-01-22,9.0,0.0,0.0,9.0,9.0,9.0,0.0,1089800.0,9808200.0,34.0,16.7,10.0,6208000.0,9.0,322600.0,3966350139.0,3966350139.0,947957683.0,0.0,0.0,,0.0,0.0,0.0
2024-01-23,9.0,0.0,0.0,9.0,9.0,9.0,0.0,217500.0,1957500.0,24.0,16.7,10.0,5947100.0,9.0,363700.0,3966350139.0,3966350139.0,947957683.0,0.0,0.0,,0.0,0.0,0.0
2024-01-24,9.0,0.0,0.0,9.0,9.0,9.0,0.0,190200.0,1711800.0,8.0,16.7,9.0,239900.0,0.0,0.0,3966350139.0,3966350139.0,947957683.0,0.0,0.0,,0.0,0.0,0.0
2024-01-25,9.0,0.0,0.0,9.0,8.0,8.0,-1.0,70200.0,571800.0,15.0,14.8,9.0,673700.0,8.0,200.0,3966350139.0,3966350139.0,947957683.0,0.0,0.0,,0.0,0.0,0.0
2024-01-26,8.0,0.0,0.0,8.0,8.0,8.0,0.0,263600.0,2108800.0,9.0,14.8,8.0,3318100.0,7.0,310500.0,3966350139.0,3966350139.0,947957683.0,0.0,0.0,,0.0,0.0,0.0
2024-01-29,8.0,0.0,0.0,8.0,8.0,8.0,0.0,56600.0,452800.0,11.0,14.8,8.0,3243100.0,7.0,100.0,3966350139.0,3966350139.0,947957683.0,0.0,0.0,,0.0,0.0,0.0
2024-01-30,8.0,0.0,0.0,8.0,8.0,8.0,0.0,52100.0,416800.0,9.0,14.8,9.0,151100.0,8.0,5700.0,3966350139.0,3966350139.0,947957683.0,0.0,0.0,,0.0,0.0,0.0
2024-01-31,8.0,0.0,0.0,8.0,8.0,8.0,0.0,145600.0,1164800.0,14.0,14.8,8.0,379300.0,7.0,875000.0,3966350139.0,3966350139.0,947957683.0,0.0,0.0,,0.0,0.0,0.0
2024-02-01,8.0,0.0,0.0,8.0,8.0,8.0,0.0,96300.0,770400.0,48.0,14.8,8.0,891600.0,7.0,750000.0,3966350139.0,3966350139.0,947957683.0,0.0,0.0,,0.0,0.0,0.0
2024-02-02,8.0,0.0,0.0,8.0,7.0,7.0,-1.0,503000.0,3551000.0,10.0,13.0,8.0,890000.0,7.0,120300.0,3966350139.0,3966350139.0,947957683.0,0.0,0.0,,0.0,0.0,0.0
2024-02-05,7.0,0.0,0.0,7.0,7.0,7.0,0.0,528600.0,3700200.0,19.0,13.0,7.0,889700.0,6.0,2960400.0,3966350139.0,3966350139.0,947957683.0,0.0,0.0,,0.0,0.0,0.0
2024-02-06,7.0,0.0,0.0,7.0,7.0,7.0,0.0,138500.0,969500.0,10.0,13.0,7.0,677800.0,6.0,1392900.0,3966350139.0,3966350139.0,947957683.0,0.0,0.0,,0.0,0.0,0.0
2024-02-07,7.0,0.0,0.0,7.0,7.0,7.0,0.0,785300.0,5497100.0,17.0,13.0,8.0,200000.0,7.0,5725200.0,3966350139.0,3966350139.0,947957683.0,0.0,0.0,,0.0,0.0,0.0
2024-02-12,7.0,0.0,0.0,8.0,7.0,8.0,1.0,207500.0,1602500.0,11.0,14.8,8.0,20100.0,7.0,5369000.0,3966350139.0,3966350139.0,947957683.0,0.0,0.0,,0.0,0.0,0.0
2024-02-13,8.0,0.0,0.0,8.0,8.0,8.0,0.0,34600.0,276800.0,14.0,14.8,8.0,459600.0,7.0,327700.0,3966350139.0,3966350139.0,947957683.0,0.0,0.0,,0.0,0.0,0.0
2024-02-15,8.0,0.0,0.0,8.0,8.0,8.0,0.0,926900.0,7415200.0,10.0,14.8,9.0,130500.0,8.0,2994700.0,3966350139.0,3966350139.0,947957683.0,0.0,0.0,,0.0,0.0,0.0
2024-02-16,8.0,0.0,0.0,8.0,8.0,8.0,0.0,851200.0,6809600.0,24.0,14.8,9.0,230800.0,8.0,3321000.0,3966350139.0,3966350139.0,947957683.0,0.0,0.0,,0.0,0.0,0.0
2024-02-19,8.0,0.0,0.0,9.0,8.0,9.0,1.0,173500.0,1561400.0,4.0,16.7,0.0,0.0,9.0,2484100.0,3966350139.0,3966350139.0,947957683.0,0.0,0.0,,0.0,0.0,0.0
2024-02-20,9.0,0.0,0.0,10.0,9.0,9.0,0.0,3929600.0,35466400.0,28.0,16.7,9.0,1470400.0,8.0,400600.0,3966350139.0,3966350139.0,947957683.0,0.0,0.0,,0.0,0.0,0.0
2024-02-21,9.0,0.0,0.0,9.0,8.0,9.0,0.0,319800.0,2646100.0,10.0,16.7,9.0,1113000.0,8.0,152000.0,3966350139.0,3966350139.0,947957683.0,0.0,0.0,,0.0,0.0,0.0
2024-02-22,9.0,0.0,0.0,9.0,8.0,8.0,-1.0,600500.0,4804500.0,29.0,14.8,9.0,318100.0,8.0,133300.0,3966350139.0,3966350139.0,947957683.0,0.0,0.0,,0.0,0.0,0.0
2024-02-23,8.0,0.0,0.0,8.0,7.0,8.0,0.0,540200.0,4191600.0,22.0,14.8,9.0,160100.0,8.0,190000.0,3966350139.0,3966350139.0,947957683.0,0.0,0.0,,0.0,0.0,0.0
2024-02-26,8.0,0.0,0.0,8.0,8.0,8.0,0.0,59300.0,474400.0,7.0,14.8,8.0,751200.0,7.0,148400.0,3966350139.0,3966350139.0,947957683.0,0.0,0.0,,0.0,0.0,0.0
2024-02-27,8.0,0.0,0.0,8.0,8.0,8.0,0.0,220300.0,1762400.0,11.0,14.8,8.0,774300.0,7.0,202000.0,3966350139.0,3966350139.0,947957683.0,0.0,0.0,,0.0,0.0,0.0
2024-02-28,8.0,0.0,0.0,7.0,7.0,7.0,-1.0,92100.0,644700.0,21.0,13.0,8.0,689400.0,7.0,311500.0,3966350139.0,3966350139.0,947957683.0,0.0,0.0,,0.0,0.0,0.0
2024-02-29,7.0,0.0,0.0,8.0,8.0,8.0,1.0,46900.0,375200.0,15.0,14.8,8.0,1625100.0,7.0,28900.0,3966350139.0,3966350139.0,947957683.0,0.0,0.0,,0.0,0.0,0.0
2024-03-01,8.0,0.0,0.0,7.0,7.0,7.0,-1.0,819700.0,5737900.0,30.0,13.0,8.0,715000.0,7.0,20600.0,3966350139.0,3966350139.0,947957683.0,0.0,0.0,,0.0,0.0,0.0
2024-03-04,7.0,0.0,0.0,8.0,7.0,8.0,1.0,230800.0,1746200.0,13.0,14.8,8.0,627000.0,7.0,50100.0,3966350139.0,3966350139.0,947957683.0,0.0,0.0,,0.0,0.0,0.0
2024-03-05,8.0,0.0,0.0,7.0,7.0,7.0,-1.0,623700.0,4365900.0,26.0,13.0,8.0,829800.0,7.0,17200.0,3966350139.0,3966350139.0,947957683.0,0.0,0.0,,0.0,0.0,0.0
2024-03-06,7.0,0.0,0.0,8.0,8.0,8.0,1.0,126000.0,1008000.0,14.0,14.8,8.0,1050500.0,7.0,275400.0,3966350139.0,3966350139.0,947957683.0,0.0,0.0,,0.0,0.0,0.0
2024-03-07,8.0,0.0,0.0,8.0,8.0,8.0,0.0,114600.0,916800.0,35.0,14.8,8.0,2567300.0,7.0,91300.0,3966350139.0,3966350139.0,947957683.0,0.0,0.0,,0.0,0.0,0.0
2024-03-08,8.0,0.0,0.0,8.0,8.0,8.0,0.0,90000.0,720000.0,8.0,14.8,8.0,1424400.0,7.0,566000.0,3966350139.0,3966350139.0,947957683.0,0.0,0.0,,0.0,0.0,0.0
2024-03-13,8.0,0.0,0.0,8.0,7.0,8.0,0.0,265200.0,1946600.0,26.0,14.8,8.0,1628900.0,7.0,302600.0,3966350139.0,3966350139.0,947957683.0,0.0,0.0,,0.0,0.0,0.0
2024-03-14,8.0,0.0,0.0,8.0,8.0,8.0,0.0,104600.0,836800.0,46.0,14.8,8.0,1099700.0,7.0,344200.0,3966350139.0,3966350139.0,947957683.0,0.0,0.0,,0.0,0.0,0.0
2024-03-15,8.0,0.0,0.0,8.0,8.0,8.0,0.0,70800.0,566400.0,37.0,14.8,8.0,698600.0,7.0,331600.0,3966350139.0,3966350139.0,947957683.0,0.0,0.0,,0.0,0.0,0.0
2024-03-18,8.0,0.0,0.0,8.0,8.0,8.0,0.0,29500.0,236000.0,4.0,14.8,8.0,2455200.0,7.0,231300.0,3966350139.0,3966350139.0,947957683.0,0.0,0.0,,0.0,0.0,0.0
2024-03-19,8.0,0.0,0.0,8.0,7.0,7.0,-1.0,388800.0,2724200.0,14.0,13.0,7.0,144600.0,0.0,0.0,3966350139.0,3966350139.0,947957683.0,0.0,0.0,,0.0,0.0,0.0
2024-03-20,7.0,0.0,0.0,7.0,7.0,7.0,0.0,300400.0,2102800.0,12.0,13.0,7.0,79400.0,6.0,441500.0,3966350139.0,3966350139.0,947957683.0,0.0,0.0,,0.0,0.0,0.0
2024-03-21,7.0,0.0,0.0,8.0,7.0,7.0,0.0,225700.0,1779900.0,9.0,13.0,8.0,438000.0,7.0,140600.0,3966350139.0,3966350139.0,947957683.0,0.0,0.0,,0.0,0.0,0.0
2024-03-22,7.0,0.0,0.0,6.0,6.0,6.0,-1.0,1299300.0,7795800.0,34.0,11.1,7.0,89100.0,6.0,33400.0,3966350139.0,3966350139.0,947957683.0,0.0,0.0,,0.0,0.0,0.0
2024-03-25,6.0,0.0,0.0,6.0,5.0,5.0,-1.0,720800.0,3606000.0,25.0,9.3,6.0,600000.0,5.0,1965300.0,3966350139.0,3966350139.0,947957683.0,0.0,0.0,,0.0,0.0,0.0
2024-03-26,5.0,0.0,0.0,5.0,5.0,5.0,0.0,2510400.0,12552000.0,36.0,9.3,6.0,646700.0,5.0,370200.0,3966350139.0,3966350139.0,947957683.0,0.0,0.0,,0.0,0.0,0.0
2024-03-27,5.0,0.0,0.0,6.0,5.0,6.0,1.0,1061200.0,5722700.0,33.0,11.1,0.0,0.0,6.0,261200.0,3966350139.0,3966350139.0,947957683.0,0.0,0.0,,0.0,0.0,0.0
2024-03-28,6.0,0.0,0.0,6.0,5.0,6.0,0.0,1052600.0,6234400.0,31.0,11.1,7.0,21100.0,6.0,548600.0,3966350139.0,3966350139.0,947957683.0,0.0,0.0,,0.0,0.0,0.0
2024-04-01,6.0,0.0,0.0,6.0,6.0,6.0,0.0,483300.0,2899800.0,20.0,11.1,6.0,625700.0,5.0,1943100.0,3966350139.0,3966350139.0,938438443.0,0.0,0.0,,0.0,0.0,0.0
2024-04-02,6.0,0.0,0.0,6.0,6.0,6.0,0.0,428100.0,2568600.0,41.0,11.1,6.0,719500.0,5.0,1525300.0,3966350139.0,3966350139.0,938438443.0,0.0,0.0,,0.0,0.0,0.0
2024-04-03,6.0,0.0,0.0,6.0,6.0,6.0,0.0,166500.0,999000.0,10.0,11.1,6.0,507500.0,5.0,1716100.0,3966350139.0,3966350139.0,938438443.0,0.0,0.0,,0.0,0.0,0.0
2024-04-04,6.0,0.0,0.0,7.0,6.0,7.0,1.0,994700.0,6021800.0,22.0,13.0,0.0,0.0,7.0,503400.0,3966350139.0,3966350139.0,938438443.0,0.0,0.0,,0.0,0.0,0.0
2024-04-05,7.0,0.0,0.0,8.0,7.0,8.0,1.0,514700.0,4054800.0,23.0,14.8,8.0,252400.0,7.0,515600.0,3966350139.0,3966350139.0,938438443.0,0.0,0.0,,0.0,0.0,0.0
2024-04-16,8.0,0.0,0.0,9.0,8.0,8.0,0.0,420300.0,3377600.0,37.0,14.8,9.0,984200.0,8.0,146100.0,3966350139.0,3966350139.0,938438443.0,0.0,0.0,,0.0,0.0,0.0
2024-04-17,8.0,0.0,0.0,8.0,8.0,8.0,0.0,424000.0,3392000.0,46.0,14.8,9.0,421100.0,8.0,301600.0,3966350139.0,3966350139.0,938438443.0,0.0,0.0,,0.0,0.0,0.0
2024-04-18,8.0,0.0,0.0,9.0,8.0,9.0,1.0,67400.0,539500.0,13.0,16.7,9.0,131700.0,8.0,27300.0,3966350139.0,3966350139.0,938438443.0,0.0,0.0,,0.0,0.0,0.0
2024-04-19,9.0,0.0,0.0,9.0,8.0,8.0,-1.0,27000.0,216100.0,5.0,14.8,8.0,81200.0,0.0,0.0,3966350139.0,3966350139.0,938438443.0,0.0,0.0,,0.0,0.0,0.0
2024-04-22,8.0,0.0,0.0,8.0,7.0,7.0,-1.0,136700.0,957700.0,27.0,13.0,8.0,424300.0,7.0,55000.0,3966350139.0,3966350139.0,938438443.0,0.0,0.0,,0.0,0.0,0.0
2024-04-23,7.0,0.0,0.0,8.0,7.0,8.0,1.0,559300.0,4474300.0,43.0,14.8,8.0,306500.0,7.0,250000.0,3966350139.0,3966350139.0,938438443.0,0.0,0.0,,0.0,0.0,0.0
2024-04-24,8.0,0.0,0.0,8.0,8.0,8.0,0.0,2119400.0,16955200.0,34.0,14.8,9.0,207300.0,8.0,458400.0,3966350139.0,3966350139.0,938438443.0,0.0,0.0,,50000.0,250000.0,1.0
2024-04-25,8.0,0.0,0.0,8.0,7.0,7.0,-1.0,164700.0,1317500.0,54.0,13.0,8.0,1073800.0,7.0,1200900.0,3966350139.0,3966350139.0,938438443.0,0.0,0.0,,0.0,0.0,0.0
2024-04-26,7.0,0.0,0.0,8.0,7.0,8.0,1.0,1690800.0,13045800.0,26.0,14.8,0.0,0.0,8.0,42000.0,3966350139.0,3966350139.0,938438443.0,0.0,0.0,,0.0,0.0,0.0
2024-04-29,8.0,0.0,0.0,8.0,8.0,8.0,0.0,253400.0,2027200.0,15.0,14.8,9.0,1414200.0,8.0,208400.0,3966350139.0,3966350139.0,938438443.0,0.0,0.0,,0.0,0.0,0.0
2024-04-30,8.0,0.0,0.0,7.0,7.0,7.0,-1.0,596800.0,4177600.0,16.0,13.0,8.0,105000.0,7.0,1300.0,3966350139.0,3966350139.0,938438443.0,0.0,0.0,,0.0,0.0,0.0
2024-05-02,7.0,0.0,0.0,8.0,6.0,8.0,1.0,1131900.0,8205800.0,29.0,14.8,8.0,252900.0,7.0,1428500.0,3966350139.0,3966350139.0,938438443.0,0.0,0.0,,0.0,0.0,0.0
2024-05-03,8.0,0.0,0.0,9.0,8.0,9.0,1.0,1171900.0,10535200.0,32.0,16.7,0.0,0.0,9.0,488300.0,3966350139.0,3966350139.0,938438443.0,0.0,0.0,,0.0,0.0,0.0
2024-05-06,9.0,0.0,0.0,9.0,8.0,9.0,0.0,1348700.0,11765800.0,19.0,16.7,10.0,239300.0,9.0,1246000.0,3966350139.0,3966350139.0,938438443.0,0.0,0.0,,0.0,0.0,0.0
2024-05-07,9.0,0.0,0.0,9.0,9.0,9.0,0.0,4973000.0,44757000.0,26.0,16.7,10.0,69000.0,9.0,27200.0,3966350139.0,3966350139.0,938438443.0,0.0,0.0,,0.0,0.0,0.0
2024-05-08,9.0,0.0,0.0,9.0,8.0,9.0,0.0,1722400.0,14902600.0,13.0,16.7,9.0,1901900.0,8.0,228000.0,3966350139.0,3966350139.0,938438443.0,0.0,0.0,,0.0,0.0,0.0
2024-05-13,9.0,0.0,0.0,9.0,8.0,8.0,-1.0,776400.0,6834500.0,17.0,14.8,9.0,1608200.0,8.0,121400.0,3966350139.0,3966350139.0,938438443.0,0.0,0.0,,0.0,0.0,0.0
2024-05-14,8.0,0.0,0.0,8.0,8.0,8.0,0.0,52000.0,416000.0,13.0,14.8,8.0,986800.0,7.0,720100.0,3966350139.0,3966350139.0,938438443.0,0.0,0.0,,0.0,0.0,0.0
2024-05-15,8.0,0.0,0.0,7.0,7.0,7.0,-1.0,500.0,3500.0,2.0,13.0,8.0,1000000.0,7.0,632000.0,3966350139.0,3966350139.0,938438443.0,0.0,0.0,,0.0,0.0,0.0
2024-05-16,7.0,0.0,0.0,8.0,7.0,8.0,1.0,1280500.0,10224000.0,9.0,14.8,8.0,1090500.0,7.0,657700.0,3966350139.0,3966350139.0,938438443.0,0.0,0.0,,0.0,0.0,0.0
2024-05-17,8.0,0.0,0.0,8.0,8.0,8.0,0.0,746300.0,5970400.0,7.0,14.8,8.0,1683800.0,7.0,1119800.0,3966350139.0,3966350139.0,938438443.0,0.0,0.0,,0.0,0.0,0.0
2024-05-20,8.0,0.0,0.0,8.0,8.0,8.0,0.0,35300.0,282400.0,9.0,14.8,8.0,1116300.0,7.0,562900.0,3966350139.0,3966350139.0,938438443.0,0.0,0.0,,0.0,0.0,0.0
2024-05-21,8.0,0.0,0.0,7.0,7.0,7.0,-1.0,37200.0,260400.0,7.0,13.0,8.0,1079100.0,7.0,804800.0,3966350139.0,3966350139.0,938438443.0,0.0,0.0,,0.0,0.0,0.0
2024-05-22,7.0,0.0,0.0,8.0,7.0,8.0,1.0,3500.0,27100.0,8.0,14.8,8.0,2084900.0,7.0,152000.0,3966350139.0,3966350139.0,938438443.0,0.0,0.0,,0.0,0.0,0.0
2024-05-27,8.0,0.0,0.0,8.0,8.0,8.0,0.0,2643500.0,21148000.0,20.0,14.8,9.0,1000000.0,8.0,3800.0,3966350139.0,3966350139.0,938438443.0,0.0,0.0,,0.0,0.0,0.0
2024-05-28,8.0,0.0,0.0,8.0,8.0,8.0,0.0,7494000.0,59952000.0,19.0,14.8,8.0,2522100.0,7.0,300200.0,3966350139.0,3966350139.0,938438443.0,0.0,0.0,,0.0,0.0,0.0
2024-05-29,8.0,0.0,0.0,8.0,8.0,8.0,0.0,272300.0,2178400.0,9.0,14.8,8.0,1979200.0,7.0,910900.0,3966350139.0,3966350139.0,938438443.0,0.0,0.0,,0.0,0.0,0.0
2024-05-30,8.0,0.0,0.0,8.0,7.0,7.0,-1.0,993300.0,7454100.0,26.0,13.0,7.0,5528500.0,0.0,0.0,3966350139.0,3966350139.0,938438443.0,0.0,0.0,,0.0,0.0,0.0
2024-05-31,7.0,0.0,0.0,8.0,6.0,6.0,-1.0,1110000.0,6857900.0,17.0,11.1,8.0,2109500.0,6.0,576300.0,3966350139.0,3966350139.0,938438443.0,0.0,0.0,,0.0,0.0,0.0
2024-06-03,6.0,0.0,0.0,7.0,6.0,7.0,1.0,514000.0,3418000.0,40.0,13.0,0.0,0.0,7.0,2700.0,3966350139.0,3966350139.0,938438443.0,0.0,0.0,,0.0,0.0,0.0
2024-06-04,7.0,0.0,0.0,8.0,7.0,7.0,0.0,140300.0,1069600.0,21.0,13.0,7.0,792500.0,6.0,278300.0,3966350139.0,3966350139.0,938438443.0,0.0,0.0,,5508500.0,16525500.0,1.0
2024-06-05,7.0,0.0,0.0,7.0,7.0,7.0,0.0,300.0,2100.0,2.0,13.0,7.0,200300.0,6.0,288300.0,3966350139.0,3966350139.0,938438443.0,0.0,0.0,,0.0,0.0,0.0
2024-06-06,7.0,0.0,0.0,6.0,6.0,6.0,-1.0,270000.0,1620000.0,12.0,11.1,7.0,15300.0,6.0,446200.0,3966350139.0,3966350139.0,938438443.0,0.0,0.0,,0.0,0.0,0.0
2024-06-07,6.0,0.0,0.0,7.0,6.0,7.0,1.0,149000.0,896200.0,34.0,13.0,7.0,148300.0,6.0,194200.0,3966350139.0,3966350139.0,938438443.0,0.0,0.0,,0.0,0.0,0.0
2024-06-10,7.0,0.0,0.0,7.0,7.0,7.0,0.0,590100.0,4130700.0,15.0,13.0,7.0,813200.0,6.0,204000.0,3966350139.0,3966350139.0,938438443.0,0.0,0.0,,0.0,0.0,0.0
2024-06-11,7.0,0.0,0.0,7.0,6.0,7.0,0.0,1660900.0,9969400.0,33.0,13.0,7.0,721800.0,6.0,931200.0,3966350139.0,3966350139.0,938438443.0,0.0,0.0,,0.0,0.0,0.0
2024-06-12,7.0,0.0,0.0,7.0,6.0,7.0,0.0,266600.0,1853600.0,15.0,13.0,7.0,692700.0,6.0,517900.0,3966350139.0,3966350139.0,938438443.0,0.0,0.0,,0.0,0.0,0.0
2024-06-13,7.0,0.0,0.0,7.0,7.0,7.0,0.0,580400.0,4062800.0,8.0,13.0,7.0,882400.0,6.0,26800.0,3966350139.0,3966350139.0,938438443.0,0.0,0.0,,0.0,0.0,0.0
2024-06-14,7.0,0.0,0.0,7.0,7.0,7.0,0.0,27000.0,189000.0,24.0,13.0,7.0,959000.0,6.0,308000.0,3966350139.0,3966350139.0,938438443.0,0.0,0.0,,0.0,0.0,0.0
2024-06-19,7.0,0.0,0.0,7.0,6.0,6.0,-1.0,488000.0,3398000.0,10.0,11.1,7.0,1729600.0,6.0,14400.0,3966350139.0,3966350139.0,938438443.0,0.0,0.0,,0.0,0.0,0.0
2024-06-20,6.0,0.0,0.0,6.0,5.0,5.0,-1.0,110800.0,614700.0,12.0,9.3,6.0,5463900.0,5.0,1529300.0,3966350139.0,3966350139.0,938438443.0,0.0,0.0,,0.0,0.0,0.0
2024-06-21,5.0,0.0,0.0,6.0,6.0,6.0,1.0,6002400.0,36014400.0,24.0,11.1,0.0,0.0,6.0,449700.0,3966350139.0,3966350139.0,938438443.0,0.0,0.0,,0.0,0.0,0.0
2024-06-24,6.0,0.0,0.0,7.0,7.0,7.0,1.0,321800.0,2252600.0,14.0,13.0,7.0,896800.0,6.0,718400.0,3966350139.0,3966350139.0,938438443.0,0.0,0.0,,0.0,0.0,0.0
2024-06-25,7.0,0.0,0.0,7.0,7.0,7.0,0.0,474500.0,3321500.0,15.0,13.0,7.0,847000.0,6.0,329000.0,3966350139.0,3966350139.0,938438443.0,0.0,0.0,,0.0,0.0,0.0
2024-06-26,7.0,0.0,0.0,7.0,7.0,7.0,0.0,237500.0,1662500.0,9.0,13.0,7.0,915900.0,6.0,524500.0,3966350139.0,3966350139.0,938438443.0,0.0,0.0,,0.0,0.0,0.0
2024-06-27,7.0,0.0,0.0,7.0,6.0,7.0,0.0,441300.0,2689100.0,8.0,13.0,7.0,657600.0,6.0,443000.0,3966350139.0,3966350139.0,938438443.0,0.0,0.0,,0.0,0.0,0.0
2024-06-28,7.0,0.0,0.0,7.0,6.0,6.0,-1.0,238500.0,1530900.0,20.0,11.1,7.0,441500.0,6.0,1026800.0,3966350139.0,3966350139.0,938438443.0,0.0,0.0,,0.0,0.0,0.0
2024-07-01,6.0,0.0,0.0,7.0,6.0,7.0,1.0,135700.0,896200.0,38.0,13.0,7.0,1121800.0,6.0,363200.0,3966350139.0,3966350139.0,938438443.0,0.0,0.0,,0.0,0.0,0.0
2024-07-02,7.0,0.0,0.0,7.0,7.0,7.0,0.0,281500.0,1970500.0,86.0,13.0,7.0,252400.0,6.0,636300.0,3966350139.0,3966350139.0,938438443.0,0.0,0.0,,0.0,0.0,0.0
2024-07-03,7.0,0.0,0.0,7.0,7.0,7.0,0.0,179900.0,1259300.0,14.0,13.0,7.0,2171700.0,6.0,587800.0,3966350139.0,3966350139.0,938438443.0,0.0,0.0,,0.0,0.0,0.0
2024-07-04,7.0,0.0,0.0,7.0,7.0,7.0,0.0,222300.0,1556100.0,15.0,13.0,7.0,891700.0,6.0,944900.0,3966350139.0,3966350139.0,938438443.0,0.0,0.0,,0.0,0.0,0.0
2024-07-05,7.0,0.0,0.0,7.0,6.0,7.0,0.0,367900.0,2444900.0,15.0,13.0,7.0,2277800.0,6.0,1269700.0,3966350139.0,3966350139.0,938438443.0,0.0,0.0,,0.0,0.0,0.0
2024-07-08,7.0,0.0,0.0,6.0,6.0,6.0,-1.0,1120100.0,6720600.0,21.0,11.1,7.0,2481800.0,6.0,469400.0,3966350139.0,3966350139.0,938438443.0,0.0,0.0,,0.0,0.0,0.0
2024-07-09,6.0,0.0,0.0,7.0,6.0,6.0,0.0,134000.0,819800.0,14.0,11.1,7.0,2556400.0,6.0,553100.0,3966350139.0,3966350139.0,938438443.0,0.0,0.0,,0.0,0.0,0.0
2024-07-10,6.0,0.0,0.0,7.0,6.0,6.0,0.0,801900.0,5011400.0,10.0,11.1,7.0,726200.0,6.0,165700.0,3966350139.0,3966350139.0,938438443.0,0.0,0.0,,0.0,0.0,0.0
2024-07-11,6.0,0.0,0.0,6.0,6.0,6.0,0.0,183400.0,1100400.0,15.0,11.1,7.0,1199500.0,6.0,236400.0,3966350139.0,3966350139.0,938438443.0,0.0,0.0,,0.0,0.0,0.0
2024-07-12,6.0,0.0,0.0,6.0,5.0,5.0,-1.0,1713700.0,9216200.0,36.0,9.3,6.0,227700.0,5.0,2067900.0,3966350139.0,3966350139.0,938438443.0,0.0,0.0,,0.0,0.0,0.0
2024-07-15,5.0,0.0,0.0,6.0,6.0,6.0,1.0,1001000.0,6006000.0,39.0,11.1,0.0,0.0,6.0,209800.0,3966350139.0,3966350139.0,938438443.0,0.0,0.0,,0.0,0.0,0.0
2024-07-16,6.0,0.0,0.0,7.0,6.0,7.0,1.0,4262400.0,29441700.0,37.0,13.0,7.0,7939800.0,6.0,130600.0,3966350139.0,3966350139.0,938438443.0,0.0,0.0,,0.0,0.0,0.0
2024-07-17,7.0,0.0,0.0,7.0,7.0,7.0,0.0,204800.0,1433600.0,10.0,13.0,7.0,1538600.0,6.0,498300.0,3966350139.0,3966350139.0,938438443.0,0.0,0.0,,0.0,0.0,0.0
2024-07-18,7.0,0.0,0.0,7.0,6.0,7.0,0.0,96800.0,664700.0,15.0,13.0,7.0,7862600.0,6.0,1202100.0,3966350139.0,3966350139.0,938438443.0,0.0,0.0,,0.0,0.0,0.0
2024-07-19,7.0,0.0,0.0,7.0,6.0,6.0,-1.0,167600.0,1008800.0,10.0,11.1,7.0,2011700.0,6.0,2607400.0,3966350139.0,3966350139.0,938438443.0,0.0,0.0,,0.0,0.0,0.0
2024-07-22,6.0,0.0,0.0,7.0,6.0,7.0,1.0,1817200.0,12034600.0,31.0,13.0,7.0,5090000.0,6.0,2513600.0,3966350139.0,3966350139.0,938438443.0,0.0,0.0,,0.0,0.0,0.0
2024-07-23,7.0,0.0,0.0,7.0,6.0,6.0,-1.0,4356200.0,28263400.0,51.0,11.1,7.0,982100.0,6.0,4000.0,3966350139.0,3966350139.0,938438443.0,0.0,0.0,,0.0,0.0,0.0
2024-07-24,6.0,0.0,0.0,6.0,6.0,6.0,0.0,1751400.0,10508400.0,37.0,11.1,6.0,988300.0,5.0,3822300.0,3966350139.0,3966350139.0,938438443.0,0.0,0.0,,0.0,0.0,0.0
2024-07-25,6.0,0.0,0.0,6.0,6.0,6.0,0.0,1499800.0,8998800.0,27.0,11.1,7.0,2413000.0,6.0,2050400.0,3966350139.0,3966350139.0,938438443.0,0.0,0.0,,0.0,0.0,0.0
2024-07-26,6.0,0.0,0.0,7.0,6.0,6.0,0.0,411100.0,2753700.0,29.0,11.1,7.0,1833300.0,6.0,1421300.0,3966350139.0,3966350139.0,938438443.0,0.0,0.0,,0.0,0.0,0.0
2024-07-29,6.0,0.0,0.0,7.0,6.0,6.0,0.0,8381900.0,55098200.0,64.0,11.1,6.0,434900.0,5.0,3737400.0,3966350139.0,3966350139.0,938438443.0,0.0,0.0,,0.0,0.0,0.0
2024-07-30,6.0,0.0,0.0,7.0,6.0,7.0,1.0,3002100.0,18043900.0,36.0,13.0,7.0,1196700.0,6.0,124200.0,3966350139.0,3966350139.0,938438443.0,0.0,0.0,,0.0,0.0,0.0
2024-07-31,7.0,0.0,0.0,7.0,6.0,6.0,-1.0,328400.0,1998800.0,24.0,11.1,7.0,888900.0,6.0,100000.0,3966350139.0,3966350139.0,938438443.0,0.0,0.0,,0.0,0.0,0.0
2024-08-01,6.0,0.0,0.0,7.0,6.0,7.0,1.0,355600.0,2252100.0,22.0,13.0,7.0,831700.0,6.0,1796800.0,3966350139.0,3966350139.0,938438443.0,0.0,0.0,,0.0,0.0,0.0
2024-08-02,7.0,0.0,0.0,7.0,6.0,6.0,-1.0,1947900.0,12049500.0,38.0,11.1,7.0,572200.0,6.0,3029400.0,3966350139.0,3966350139.0,938438443.0,0.0,0.0,,0.0,0.0,0.0
2024-08-05,6.0,0.0,0.0,7.0,6.0,6.0,0.0,383100.0,2510400.0,31.0,11.1,7.0,1550000.0,6.0,2642500.0,3966350139.0,3966350139.0,938438443.0,0.0,0.0,,0.0,0.0,0.0
2024-08-06,6.0,0.0,0.0,7.0,6.0,7.0,1.0,490200.0,2993600.0,30.0,13.0,7.0,1115800.0,6.0,1398000.0,3966350139.0,3966350139.0,938438443.0,0.0,0.0,,0.0,0.0,0.0
2024-08-07,7.0,0.0,0.0,7.0,6.0,7.0,0.0,324700.0,2215700.0,23.0,13.0,7.0,1329400.0,6.0,3529800.0,3966350139.0,3966350139.0,938438443.0,0.0,0.0,,0.0,0.0,0.0
2024-08-08,7.0,0.0,0.0,7.0,6.0,7.0,0.0,64400.0,430800.0,14.0,13.0,7.0,1083000.0,6.0,3073500.0,3966350139.0,3966350139.0,938438443.0,0.0,0.0,,0.0,0.0,0.0
2024-08-09,7.0,0.0,0.0,7.0,7.0,7.0,0.0,1413800.0,9896600.0,42.0,13.0,7.0,118300.0,6.0,3445800.0,3966350139.0,3966350139.0,938438443.0,0.0,0.0,,0.0,0.0,0.0
2024-08-12,7.0,0.0,0.0,8.0,7.0,7.0,0.0,443300.0,3128400.0,37.0,13.0,8.0,7803100.0,7.0,4485500.0,3966350139.0,3966350139.0,938438443.0,0.0,0.0,,0.0,0.0,0.0
2024-08-13,7.0,0.0,0.0,8.0,7.0,8.0,1.0,3918100.0,27444200.0,14.0,14.8,8.0,5623700.0,7.0,2303400.0,3966350139.0,3966350139.0,938438443.0,0.0,0.0,,0.0,0.0,0.0
2024-08-14,8.0,0.0,0.0,8.0,7.0,8.0,0.0,363900.0,2733200.0,23.0,14.8,8.0,7122200.0,7.0,2688800.0,3966350139.0,3966350139.0,938438443.0,0.0,0.0,,0.0,0.0,0.0
2024-08-15,8.0,0.0,0.0,8.0,7.0,8.0,0.0,2002100.0,14516800.0,16.0,14.8,8.0,9191900.0,7.0,2330200.0,3966350139.0,3966350139.0,938438443.0,0.0,0.0,,0.0,0.0,0.0
2024-08-16,8.0,0.0,0.0,8.0,8.0,8.0,0.0,356500.0,2852000.0,18.0,14.8,8.0,7518000.0,7.0,3364100.0,3966350139.0,3966350139.0,938438443.0,0.0,0.0,,0.0,0.0,0.0
2024-08-19,8.0,0.0,0.0,8.0,8.0,8.0,0.0,6087400.0,48699200.0,51.0,14.8,9.0,2020000.0,8.0,280900.0,3966350139.0,3966350139.0,938438443.0,0.0,0.0,,0.0,0.0,0.0
2024-08-20,8.0,0.0,0.0,8.0,8.0,8.0,0.0,2209800.0,17678400.0,49.0,14.8,9.0,2131500.0,8.0,827500.0,3966350139.0,3966350139.0,938438443.0,0.0,0.0,,0.0,0.0,0.0
2024-08-21,8.0,0.0,0.0,8.0,8.0,8.0,0.0,5513900.0,44111200.0,53.0,14.8,8.0,30800.0,7.0,1388000.0,3966350139.0,3966350139.0,938438443.0,0.0,0.0,,0.0,0.0,0.0
2024-08-22,8.0,0.0,0.0,8.0,8.0,8.0,0.0,817200.0,6537600.0,19.0,14.8,8.0,5155400.0,7.0,1225400.0,3966350139.0,3966350139.0,938438443.0,0.0,0.0,,0.0,0.0,0.0
2024-08-23,8.0,0.0,0.0,9.0,8.0,9.0,1.0,11264400.0,95688000.0,57.0,16.7,0.0,0.0,9.0,12151100.0,3966350139.0,3966350139.0,938438443.0,0.0,0.0,,0.0,0.0,0.0
2024-08-26,9.0,0.0,0.0,10.0,10.0,10.0,1.0,6212600.0,62126000.0,22.0,18.6,0.0,0.0,10.0,21316600.0,3966350139.0,3966350139.0,938438443.0,0.0,0.0,,0.0,0.0,0.0
2024-08-27,10.0,0.0,0.0,11.0,11.0,11.0,1.0,1740900.0,19149900.0,19.0,20.4,0.0,0.0,11.0,40251200.0,3966350139.0,3966350139.0,938438443.0,0.0,0.0,,0.0,0.0,0.0
2024-08-28,11.0,0.0,0.0,12.0,12.0,12.0,1.0,564000.0,6768000.0,20.0,22.3,0.0,0.0,12.0,35243600.0,3966350139.0,3966350139.0,938438443.0,0.0,0.0,,0.0,0.0,0.0
2024-08-29,12.0,0.0,0.0,13.0,13.0,13.0,1.0,355000.0,4615000.0,17.0,24.1,0.0,0.0,13.0,28172400.0,3966350139.0,3966350139.0,938438443.0,0.0,0.0,,0.0,0.0,0.0
2024-08-30,13.0,0.0,0.0,14.0,14.0,14.0,1.0,298600.0,4180400.0,15.0,26.0,0.0,0.0,14.0,12633100.0,3966350139.0,3966350139.0,938438443.0,0.0,0.0,,0.0,0.0,0.0
2024-09-02,14.0,0.0,0.0,15.0,15.0,15.0,1.0,1214400.0,18216000.0,24.0,27.8,0.0,0.0,15.0,11262500.0,3966350139.0,3966350139.0,938438443.0,0.0,0.0,,36300.0,1996500.0,1.0
2024-09-03,15.0,0.0,0.0,16.0,16.0,16.0,1.0,11432800.0,182924800.0,75.0,29.7,0.0,0.0,16.0,1250900.0,3966350139.0,3966350139.0,938438443.0,0.0,0.0,,0.0,0.0,0.0
2024-09-04,16.0,0.0,0.0,16.0,15.0,15.0,-1.0,4947900.0,77422000.0,100.0,27.8,15.0,339200.0,0.0,0.0,3966350139.0,3966350139.0,938438443.0,0.0,0.0,,0.0,0.0,0.0
2024-09-05,15.0,0.0,0.0,16.0,16.0,16.0,1.0,2308400.0,36934400.0,30.0,29.7,0.0,0.0,16.0,4103900.0,3966350139.0,3966350139.0,938438443.0,0.0,0.0,,0.0,0.0,0.0
2024-09-06,16.0,0.0,0.0,17.0,17.0,17.0,1.0,149500.0,2541500.0,12.0,31.5,0.0,0.0,17.0,8455100.0,3966350139.0,3966350139.0,938438443.0,0.0,0.0,,0.0,0.0,0.0
2024-09-09,17.0,0.0,0.0,18.0,18.0,18.0,1.0,5475700.0,98562600.0,62.0,33.4,0.0,0.0,18.0,2093100.0,3966350139.0,3966350139.0,938438443.0,0.0,0.0,,0.0,0.0,0.0
2024-09-10,18.0,0.0,0.0,19.0,19.0,19.0,1.0,2352800.0,44703200.0,36.0,35.3,0.0,0.0,19.0,714100.0,3966350139.0,3966350139.0,938438443.0,0.0,0.0,,0.0,0.0,0.0
2024-09-11,19.0,0.0,0.0,20.0,19.0,20.0,1.0,884500.0,17339900.0,36.0,37.1,0.0,0.0,20.0,1539100.0,3966350139.0,3966350139.0,938438443.0,0.0,0.0,,0.0,0.0,0.0
2024-09-12,20.0,0.0,0.0,22.0,22.0,22.0,2.0,948200.0,20860400.0,19.0,40.8,0.0,0.0,22.0,5037800.0,3966350139.0,3966350139.0,938438443.0,0.0,0.0,,0.0,0.0,0.0
2024-09-13,22.0,0.0,0.0,24.0,24.0,24.0,2.0,737000.0,17688000.0,14.0,44.5,0.0,0.0,24.0,4775200.0,3966350139.0,3966350139.0,938438443.0,0.0,0.0,,0.0,0.0,0.0
2024-09-17,24.0,0.0,0.0,26.0,26.0,26.0,2.0,1376000.0,35776000.0,34.0,48.2,0.0,0.0,26.0,2498500.0,3966350139.0,3966350139.0,938438443.0,0.0,0.0,,0.0,0.0,0.0
2024-09-18,26.0,0.0,0.0,28.0,28.0,28.0,2.0,246700.0,6907600.0,17.0,52.0,0.0,0.0,28.0,6915000.0,3966350139.0,3966350139.0,938438443.0,0.0,0.0,,0.0,0.0,0.0
2024-09-19,28.0,0.0,0.0,30.0,30.0,30.0,2.0,9525600.0,285768000.0,96.0,55.7,30.0,500000.0,29.0,26700.0,3966350139.0,3966350139.0,938438443.0,0.0,0.0,,0.0,0.0,0.0
2024-09-20,30.0,0.0,0.0,33.0,33.0,33.0,3.0,4698000.0,155034000.0,83.0,61.2,0.0,0.0,33.0,13584600.0,3966350139.0,3966350139.0,938438443.0,0.0,0.0,,100000.0,1500000.0,2.0
2024-09-23,33.0,0.0,0.0,36.0,36.0,36.0,3.0,9001900.0,324068400.0,94.0,66.8,0.0,0.0,36.0,3439600.0,3966350139.0,3966350139.0,938438443.0,0.0,0.0,,0.0,0.0,0.0
2024-09-24,36.0,0.0,0.0,39.0,33.0,33.0,-3.0,4075100.0,138310500.0,71.0,61.2,33.0,8536000.0,0.0,0.0,3966350139.0,3966350139.0,938438443.0,0.0,0.0,,0.0,0.0,0.0
2024-09-25,33.0,0.0,0.0,30.0,30.0,30.0,-3.0,113300.0,3399000.0,12.0,55.7,30.0,12501800.0,0.0,0.0,3966350139.0,3966350139.0,938438443.0,0.0,0.0,,0.0,0.0,0.0
2024-09-26,30.0,0.0,0.0,27.0,27.0,27.0,-3.0,109500.0,2956500.0,19.0,50.1,27.0,10912700.0,0.0,0.0,3966350139.0,3966350139.0,938438443.0,0.0,0.0,,0.0,0.0,0.0
2024-09-27,27.0,0.0,0.0,25.0,25.0,25.0,-2.0,120300.0,3007500.0,10.0,46.4,25.0,8245500.0,0.0,0.0,3966350139.0,3966350139.0,938438443.0,0.0,0.0,,0.0,0.0,0.0
2024-09-30,25.0,0.0,0.0,23.0,23.0,23.0,-2.0,1564300.0,35978900.0,46.0,42.7,23.0,7547100.0,0.0,0.0,3966350139.0,3966350139.0,938438443.0,0.0,0.0,,0.0,0.0,0.0
2024-10-01,23.0,0.0,0.0,21.0,21.0,21.0,-2.0,541200.0,11365200.0,41.0,39.0,21.0,7780900.0,0.0,0.0,3966350139.0,3966350139.0,938438443.0,0.0,0.0,,0.0,0.0,0.0
2024-10-02,21.0,0.0,0.0,23.0,19.0,23.0,2.0,19899600.0,422189000.0,150.0,42.7,23.0,17480000.0,21.0,25500.0,3966350139.0,3966350139.0,938438443.0,0.0,0.0,,0.0,0.0,0.0
2024-10-03,23.0,0.0,0.0,21.0,21.0,21.0,-2.0,3884900.0,81582900.0,43.0,39.0,21.0,4627700.0,0.0,0.0,3966350139.0,3966350139.0,938438443.0,0.0,0.0,,0.0,0.0,0.0
2024-10-04,21.0,0.0,0.0,19.0,19.0,19.0,-2.0,6721100.0,127700900.0,60.0,35.3,19.0,475400.0,0.0,0.0,3966350139.0,3966350139.0,938438443.0,0.0,0.0,,0.0,0.0,0.0
2024-10-07,19.0,0.0,0.0,18.0,18.0,18.0,-1.0,1905500.0,34299000.0,25.0,33.4,18.0,6858800.0,0.0,0.0,3966350139.0,3966350139.0,938438443.0,0.0,0.0,,0.0,0.0,0.0
2024-10-08,18.0,0.0,0.0,17.0,17.0,17.0,-1.0,519700.0,8834900.0,21.0,31.5,17.0,16033600.0,0.0,0.0,3966350139.0,3966350139.0,938438443.0,0.0,0.0,,0.0,0.0,0.0
2024-10-09,17.0,0.0,0.0,16.0,16.0,16.0,-1.0,653700.0,10459200.0,23.0,29.7,16.0,6623900.0,0.0,0.0,3966350139.0,3966350139.0,938438443.0,0.0,0.0,,0.0,0.0,0.0
2024-10-10,16.0,0.0,0.0,15.0,15.0,15.0,-1.0,1257000.0,18855000.0,21.0,27.8,15.0,7770100.0,0.0,0.0,3966350139.0,3966350139.0,938438443.0,0.0,0.0,,0.0,0.0,0.0
2024-10-11,15.0,0.0,0.0,14.0,14.0,14.0,-1.0,1681900.0,23546600.0,56.0,26.0,15.0,5265000.0,14.0,99649100.0,3966350139.0,3966350139.0,938438443.0,0.0,0.0,,0.0,0.0,0.0
2024-10-14,14.0,0.0,0.0,15.0,13.0,14.0,0.0,32292700.0,475531500.0,104.0,26.0,14.0,150000.0,13.0,1702800.0,3966350139.0,3966350139.0,938438443.0,0.0,0.0,,0.0,0.0,0.0
2024-10-15,14.0,0.0,0.0,14.0,13.0,13.0,-1.0,1583600.0,20794900.0,43.0,24.1,14.0,343100.0,13.0,371186900.0,3966350139.0,3966350139.0,938438443.0,0.0,0.0,,0.0,0.0,0.0
2024-10-16,13.0,0.0,0.0,14.0,13.0,14.0,1.0,2031100.0,28192400.0,46.0,26.0,0.0,0.0,14.0,933900.0,3966350139.0,3966350139.0,938438443.0,0.0,0.0,,0.0,0.0,0.0
2024-10-17,14.0,0.0,0.0,15.0,15.0,15.0,1.0,2145300.0,32179500.0,59.0,27.8,0.0,0.0,15.0,20000.0,3966350139.0,3966350139.0,938438443.0,0.0,0.0,,0.0,0.0,0.0
2024-10-18,15.0,0.0,0.0,16.0,16.0,16.0,1.0,3344300.0,53508800.0,65.0,29.7,0.0,0.0,16.0,235456300.0,3966350139.0,3966350139.0,938438443.0,0.0,0.0,,0.0,0.0,0.0
2024-10-21,16.0,0.0,0.0,17.0,17.0,17.0,1.0,1417100.0,24090700.0,28.0,31.5,0.0,0.0,17.0,56744800.0,3966350139.0,3966350139.0,938438443.0,0.0,0.0,,0.0,0.0,0.0
2024-10-22,17.0,0.0,0.0,18.0,18.0,18.0,1.0,2177100.0,39187800.0,27.0,33.4,0.0,0.0,18.0,12214000.0,3966350139.0,3966350139.0,938438443.0,0.0,0.0,,0.0,0.0,0.0
2024-10-23,18.0,0.0,0.0,19.0,17.0,17.0,-1.0,13262100.0,226286100.0,86.0,31.5,17.0,868800.0,0.0,0.0,3966350139.0,3966350139.0,938438443.0,0.0,0.0,,0.0,0.0,0.0
2024-10-24,17.0,0.0,0.0,16.0,16.0,16.0,-1.0,868500.0,13896000.0,28.0,29.7,16.0,2027600.0,0.0,0.0,3966350139.0,3966350139.0,938438443.0,0.0,0.0,,0.0,0.0,0.0
2024-10-25,16.0,0.0,0.0,15.0,15.0,15.0,-1.0,2290400.0,34356000.0,43.0,27.8,15.0,747700.0,0.0,0.0,3966350139.0,3966350139.0,938438443.0,0.0,0.0,,0.0,0.0,0.0
2024-10-28,15.0,0.0,0.0,14.0,14.0,14.0,-1.0,1245600.0,17438400.0,47.0,26.0,15.0,120900.0,14.0,327800.0,3966350139.0,3966350139.0,938438443.0,0.0,0.0,,0.0,0.0,0.0
2024-10-29,14.0,0.0,0.0,15.0,13.0,13.0,-1.0,420300.0,5845300.0,30.0,24.1,15.0,302500.0,13.0,482800.0,3966350139.0,3966350139.0,938438443.0,0.0,0.0,,0.0,0.0,0.0
2024-10-30,13.0,0.0,0.0,0.0,0.0,13.0,0.0,0.0,0.0,0.0,24.1,0.0,0.0,0.0,0.0,3966350139.0,3966350139.0,938438443.0,0.0,0.0,,0.0,0.0,0.0
2024-10-31,13.0,0.0,0.0,0.0,0.0,13.0,0.0,0.0,0.0,0.0,24.1,0.0,0.0,0.0,0.0,3966350139.0,3966350139.0,938438443.0,0.0,0.0,,0.0,0.0,0.0
2024-11-01,13.0,0.0,0.0,0.0,0.0,13.0,0.0,0.0,0.0,0.0,24.1,0.0,0.0,0.0,0.0,3966350139.0,3966350139.0,938438443.0,0.0,0.0,,0.0,0.0,0.0
2024-11-04,13.0,0.0,0.0,0.0,0.0,13.0,0.0,0.0,0.0,0.0,24.1,0.0,0.0,0.0,0.0,3966350139.0,3966350139.0,938438443.0,0.0,0.0,,0.0,0.0,0.0
2024-11-05,13.0,0.0,0.0,0.0,0.0,13.0,0.0,0.0,0.0,0.0,24.1,0.0,0.0,0.0,0.0,3966350139.0,3966350139.0,938438443.0,0.0,0.0,,0.0,0.0,0.0
2024-11-06,13.0,0.0,0.0,0.0,0.0,13.0,0.0,0.0,0.0,0.0,24.1,0.0,0.0,0.0,0.0,3966350139.0,3966350139.0,938438443.0,0.0,0.0,,0.0,0.0,0.0
2024-11-07,13.0,0.0,0.0,0.0,0.0,13.0,0.0,0.0,0.0,0.0,24.1,0.0,0.0,0.0,0.0,3966350139.0,3966350139.0,938438443.0,0.0,0.0,,0.0,0.0,0.0
2024-11-08,13.0,0.0,0.0,0.0,0.0,13.0,0.0,0.0,0.0,0.0,24.1,0.0,0.0,0.0,0.0,3966350139.0,3966350139.0,938438443.0,0.0,0.0,,0.0,0.0,0.0
2024-11-11,13.0,0.0,0.0,0.0,0.0,13.0,0.0,0.0,0.0,0.0,24.1,0.0,0.0,0.0,0.0,3966350139.0,3966350139.0,938438443.0,0.0,0.0,,0.0,0.0,0.0
2024-11-12,13.0,0.0,0.0,0.0,0.0,13.0,0.0,0.0,0.0,0.0,24.1,0.0,0.0,0.0,0.0,3966350139.0,3966350139.0,938438443.0,0.0,0.0,,0.0,0.0,0.0
2024-11-13,13.0,0.0,0.0,0.0,0.0,13.0,0.0,0.0,0.0,0.0,24.1,0.0,0.0,0.0,0.0,3966350139.0,3966350139.0,938438443.0,0.0,0.0,,0.0,0.0,0.0
2024-11-14,13.0,0.0,0.0,0.0,0.0,13.0,0.0,0.0,0.0,0.0,24.1,0.0,0.0,0.0,0.0,3966350139.0,3966350139.0,938438443.0,0.0,0.0,,0.0,0.0,0.0
2024-11-15,13.0,0.0,0.0,0.0,0.0,13.0,0.0,0.0,0.0,0.0,24.1,0.0,0.0,0.0,0.0,3966350139.0,3966350139.0,938438443.0,0.0,0.0,,0.0,0.0,0.0
2024-11-18,13.0,0.0,0.0,0.0,0.0,13.0,0.0,0.0,0.0,0.0,24.1,0.0,0.0,0.0,0.0,3966350139.0,3966350139.0,938438443.0,0.0,0.0,,0.0,0.0,0.0
2024-11-19,13.0,0.0,0.0,0.0,0.0,13.0,0.0,0.0,0.0,0.0,24.1,0.0,0.0,0.0,0.0,3966350139.0,3966350139.0,938438443.0,0.0,0.0,,0.0,0.0,0.0
2024-11-20,13.0,0.0,0.0,0.0,0.0,13.0,0.0,0.0,0.0,0.0,24.1,0.0,0.0,0.0,0.0,3966350139.0,3966350139.0,938438443.0,0.0,0.0,,0.0,0.0,0.0
2024-11-21,13.0,0.0,0.0,0.0,0.0,13.0,0.0,0.0,0.0,0.0,24.1,0.0,0.0,0.0,0.0,3966350139.0,3966350139.0,938438443.0,0.0,0.0,,0.0,0.0,0.0
2024-11-22,13.0,0.0,0.0,0.0,0.0,13.0,0.0,0.0,0.0,0.0,24.1,0.0,0.0,0.0,0.0,3966350139.0,3966350139.0,938438443.0,0.0,0.0,,0.0,0.0,0.0
2024-11-25,13.0,0.0,0.0,0.0,0.0,13.0,0.0,0.0,0.0,0.0,24.1,0.0,0.0,0.0,0.0,3966350139.0,3966350139.0,938438443.0,0.0,0.0,,0.0,0.0,0.0
2024-11-26,13.0,0.0,0.0,12.0,12.0,12.0,-1.0,1459800.0,17517600.0,63.0,22.3,12.0,9500.0,0.0,0.0,3966350139.0,3966350139.0,938438443.0,0.0,0.0,,0.0,0.0,0.0
2024-11-28,12.0,0.0,0.0,12.0,11.0,11.0,-1.0,352400.0,4168800.0,20.0,20.4,12.0,564400.0,11.0,203300.0,3966350139.0,3966350139.0,938438443.0,0.0,0.0,,0.0,0.0,0.0
2024-11-29,11.0,0.0,0.0,10.0,10.0,10.0,-1.0,2091600.0,20916000.0,42.0,18.6,10.0,2874600.0,0.0,0.0,3966350139.0,3966350139.0,938438443.0,0.0,0.0,,0.0,0.0,0.0
2024-12-02,10.0,0.0,0.0,10.0,9.0,10.0,0.0,211300.0,1944600.0,39.0,18.6,10.0,620100.0,9.0,1427600.0,3966350139.0,3966350139.0,938438443.0,0.0,0.0,,0.0,0.0,0.0
2024-12-03,10.0,0.0,0.0,11.0,10.0,11.0,1.0,2388000.0,24111300.0,46.0,20.4,0.0,0.0,11.0,1230300.0,3966350139.0,3966350139.0,938438443.0,0.0,0.0,,0.0,0.0,0.0
2024-12-04,11.0,0.0,0.0,12.0,12.0,12.0,1.0,187700.0,2252400.0,19.0,22.3,0.0,0.0,12.0,1242000.0,3966350139.0,3966350139.0,938438443.0,0.0,0.0,,0.0,0.0,0.0
2024-12-05,12.0,0.0,0.0,13.0,13.0,13.0,1.0,2149300.0,27940900.0,55.0,24.1,0.0,0.0,13.0,6428800.0,3966350139.0,3966350139.0,938438443.0,0.0,0.0,,0.0,0.0,0.0
2024-12-06,13.0,0.0,0.0,14.0,14.0,14.0,1.0,551600.0,7722400.0,8.0,26.0,0.0,0.0,14.0,17382900.0,3966350139.0,3966350139.0,938438443.0,0.0,0.0,,0.0,0.0,0.0
2024-12-09,14.0,0.0,0.0,15.0,15.0,15.0,1.0,2603300.0,39049500.0,39.0,27.8,0.0,0.0,15.0,20862200.0,3966350139.0,3966350139.0,938438443.0,400000.0,0.0,,0.0,0.0,0.0
2024-12-10,15.0,0.0,0.0,16.0,16.0,16.0,1.0,6537600.0,104601600.0,109.0,29.7,0.0,0.0,16.0,29100.0,3966350139.0,3966350139.0,938438443.0,0.0,0.0,,0.0,0.0,0.0
2024-12-11,16.0,0.0,0.0,17.0,17.0,17.0,1.0,3634400.0,61784800.0,70.0,31.5,17.0,3000.0,16.0,178700.0,3966350139.0,3966350139.0,938438443.0,0.0,0.0,,0.0,0.0,0.0
2024-12-12,17.0,0.0,0.0,17.0,16.0,16.0,-1.0,566100.0,9275200.0,19.0,29.7,16.0,3390300.0,0.0,0.0,3966350139.0,3966350139.0,938438443.0,0.0,0.0,,0.0,0.0,0.0
2024-12-13,16.0,0.0,0.0,16.0,15.0,15.0,-1.0,6032300.0,96484500.0,31.0,27.8,16.0,684200.0,15.0,34700.0,3966350139.0,3966350139.0,938438443.0,0.0,0.0,,0.0,0.0,0.0
2024-12-16,15.0,0.0,0.0,16.0,16.0,16.0,1.0,1592200.0,25475200.0,31.0,29.7,16.0,33300.0,15.0,176100.0,3966350139.0,3966350139.0,938438443.0,0.0,0.0,,0.0,0.0,0.0
2024-12-17,16.0,0.0,0.0,17.0,16.0,17.0,1.0,695900.0,11675800.0,24.0,31.5,17.0,91500.0,16.0,1000.0,3966350139.0,3966350139.0,938438443.0,0.0,0.0,,0.0,0.0,0.0
2024-12-18,17.0,0.0,0.0,18.0,17.0,18.0,1.0,1974200.0,34920300.0,49.0,33.4,0.0,0.0,18.0,62537000.0,3966350139.0,3966350139.0,938438443.0,0.0,0.0,,0.0,0.0,0.0
2024-12-19,18.0,0.0,0.0,19.0,19.0,19.0,1.0,11339800.0,215456200.0,47.0,35.3,0.0,0.0,19.0,3243000.0,3966350139.0,3966350139.0,938438443.0,0.0,0.0,,0.0,0.0,0.0
2024-12-20,19.0,0.0,0.0,20.0,20.0,20.0,1.0,193600.0,3872000.0,12.0,37.1,0.0,0.0,20.0,2824100.0,3966350139.0,3966350139.0,938438443.0,0.0,0.0,,0.0,0.0,0.0
2024-12-23,20.0,0.0,0.0,20.0,19.0,20.0,0.0,1937000.0,38386600.0,52.0,37.1,21.0,1100700.0,20.0,19100.0,3966350139.0,3966350139.0,938438443.0,0.0,0.0,,0.0,0.0,0.0
2024-12-24,20.0,0.0,0.0,20.0,18.0,18.0,-2.0,5188800.0,93430200.0,24.0,33.4,18.0,5109300.0,0.0,0.0,3966350139.0,3966350139.0,938438443.0,0.0,0.0,,0.0,0.0,0.0
2024-12-27,18.0,0.0,0.0,17.0,17.0,17.0,-1.0,6047100.0,102800700.0,35.0,31.5,18.0,150600.0,17.0,4502700.0,3966350139.0,3966350139.0,938438443.0,0.0,0.0,,0.0,0.0,0.0
2024-12-30,17.0,0.0,0.0,18.0,17.0,18.0,1.0,454200.0,8016800.0,25.0,33.4,0.0,0.0,18.0,206800.0,3966350139.0,3966350139.0,938438443.0,0.0,0.0,,65000000.0,1040000000.0,1.0
2025-01-02,18.0,0.0,0.0,19.0,19.0,19.0,1.0,1429000.0,27151000.0,32.0,35.3,0.0,0.0,19.0,389300.0,3966350139.0,3966350139.0,943594698.0,0.0,0.0,,0.0,0.0,0.0
2025-01-03,19.0,0.0,0.0,20.0,18.0,18.0,-1.0,3590700.0,64809600.0,60.0,33.4,18.0,605300.0,0.0,0.0,3966350139.0,3966350139.0,943594698.0,0.0,0.0,,0.0,0.0,0.0
2025-01-06,18.0,0.0,0.0,19.0,18.0,19.0,1.0,2546800.0,48237300.0,44.0,35.3,0.0,0.0,19.0,844500.0,3966350139.0,3966350139.0,943594698.0,0.0,0.0,,0.0,0.0,0.0
2025-01-07,19.0,0.0,0.0,20.0,20.0,20.0,1.0,2187900.0,43758000.0,31.0,37.1,0.0,0.0,20.0,183600.0,3966350139.0,3966350139.0,943594698.0,0.0,0.0,,0.0,0.0,0.0
2025-01-08,20.0,0.0,0.0,22.0,21.0,22.0,2.0,1079500.0,23504800.0,34.0,40.8,0.0,0.0,22.0,1002000.0,3966350139.0,3966350139.0,943594698.0,0.0,0.0,,0.0,0.0,0.0
2025-01-09,22.0,0.0,0.0,24.0,24.0,24.0,2.0,236600.0,5678400.0,21.0,44.5,0.0,0.0,24.0,1720800.0,3966350139.0,3966350139.0,943594698.0,0.0,0.0,,0.0,0.0,0.0
2025-01-10,24.0,0.0,0.0,26.0,26.0,26.0,2.0,831000.0,21606000.0,41.0,48.2,0.0,0.0,26.0,750400.0,3966350139.0,3966350139.0,943594698.0,0.0,0.0,,0.0,0.0,0.0
2025-01-13,26.0,0.0,0.0,28.0,28.0,28.0,2.0,2169500.0,60746000.0,87.0,52.0,28.0,35500.0,26.0,356500.0,3966350139.0,3966350139.0,943594698.0,0.0,0.0,,0.0,0.0,0.0
2025-01-14,28.0,0.0,0.0,30.0,26.0,26.0,-2.0,1354900.0,36627400.0,49.0,48.2,26.0,2748700.0,0.0,0.0,3966350139.0,3966350139.0,943594698.0,0.0,0.0,,0.0,0.0,0.0
2025-01-15,26.0,0.0,0.0,24.0,24.0,24.0,-2.0,1218400.0,29241600.0,27.0,44.5,24.0,3778600.0,0.0,0.0,3966350139.0,3966350139.0,943594698.0,0.0,0.0,,0.0,0.0,0.0
2025-01-16,24.0,0.0,0.0,22.0,22.0,22.0,-2.0,834500.0,18359000.0,18.0,40.8,22.0,2897200.0,0.0,0.0,3966350139.0,3966350139.0,943594698.0,0.0,0.0,,0.0,0.0,0.0
2025-01-17,22.0,0.0,0.0,21.0,21.0,21.0,-1.0,3140400.0,65948400.0,74.0,39.0,22.0,50500.0,21.0,1334300.0,3966350139.0,3966350139.0,943594698.0,0.0,0.0,,0.0,0.0,0.0
2025-01-20,21.0,0.0,0.0,20.0,19.0,20.0,-1.0,387900.0,7393100.0,43.0,37.1,21.0,25600.0,19.0,105400.0,3966350139.0,3966350139.0,943594698.0,0.0,0.0,,0.0,0.0,0.0
2025-01-21,20.0,0.0,0.0,20.0,18.0,20.0,0.0,2253000.0,42044400.0,50.0,37.1,21.0,42600.0,20.0,22800.0,3966350139.0,3966350139.0,943594698.0,0.0,0.0,,0.0,0.0,0.0
2025-01-22,20.0,0.0,0.0,20.0,20.0,20.0,0.0,55100.0,1102000.0,15.0,37.1,20.0,429700.0,19.0,2000.0,3966350139.0,3966350139.0,943594698.0,0.0,0.0,,0.0,0.0,0.0
2025-01-23,20.0,0.0,0.0,21.0,19.0,21.0,1.0,578600.0,11933700.0,28.0,39.0,21.0,15100.0,20.0,100.0,3966350139.0,3966350139.0,943594698.0,0.0,0.0,,0.0,0.0,0.0
2025-01-24,21.0,0.0,0.0,21.0,19.0,20.0,-1.0,351900.0,6902400.0,20.0,37.1,21.0,46200.0,20.0,684700.0,3966350139.0,3966350139.0,943594698.0,0.0,0.0,,0.0,0.0,0.0
2025-01-30,20.0,0.0,0.0,22.0,22.0,22.0,2.0,1813700.0,39901400.0,35.0,40.8,0.0,0.0,22.0,176900.0,3966350139.0,3966350139.0,943594698.0,0.0,0.0,,0.0,0.0,0.0
2025-01-31,22.0,0.0,0.0,23.0,22.0,23.0,1.0,517300.0,11380800.0,23.0,42.7,23.0,82300.0,22.0,1000.0,3966350139.0,3966350139.0,943594698.0,0.0,0.0,,0.0,0.0,0.0
2025-02-03,23.0,0.0,0.0,23.0,22.0,22.0,-1.0,808800.0,17917300.0,25.0,40.8,23.0,940900.0,22.0,25800.0,3966350139.0,3966350139.0,943594698.0,0.0,0.0,,0.0,0.0,0.0
2025-02-04,22.0,0.0,0.0,22.0,21.0,21.0,-1.0,235300.0,4986500.0,10.0,39.0,21.0,27300.0,20.0,59900.0,3966350139.0,3966350139.0,943594698.0,0.0,0.0,,0.0,0.0,0.0
2025-02-05,21.0,0.0,0.0,23.0,20.0,23.0,2.0,1623200.0,36013300.0,62.0,42.7,0.0,0.0,23.0,105500.0,3966350139.0,3966350139.0,943594698.0,0.0,0.0,,0.0,0.0,0.0
2025-02-06,23.0,0.0,0.0,25.0,25.0,25.0,2.0,5399100.0,134977500.0,39.0,46.4,0.0,0.0,25.0,4861200.0,3966350139.0,3966350139.0,943594698.0,0.0,0.0,,0.0,0.0,0.0
2025-02-07,25.0,0.0,0.0,27.0,27.0,27.0,2.0,4504300.0,121616100.0,97.0,50.1,0.0,0.0,27.0,713400.0,3966350139.0,3966350139.0,943594698.0,0.0,0.0,,0.0,0.0,0.0
2025-02-10,27.0,0.0,0.0,27.0,25.0,25.0,-2.0,597200.0,15525400.0,37.0,46.4,25.0,2999900.0,0.0,0.0,3966350139.0,3966350139.0,943594698.0,0.0,0.0,,0.0,0.0,0.0
2025-02-11,25.0,0.0,0.0,23.0,23.0,23.0,-2.0,865200.0,19899600.0,14.0,42.7,23.0,3749100.0,0.0,0.0,3966350139.0,3966350139.0,943594698.0,0.0,0.0,,0.0,0.0,0.0
2025-02-12,23.0,0.0,0.0,21.0,21.0,21.0,-2.0,1076400.0,22604400.0,55.0,39.0,22.0,20000.0,21.0,152700.0,3966350139.0,3966350139.0,943594698.0,0.0,0.0,,0.0,0.0,0.0
2025-02-13,21.0,0.0,0.0,23.0,21.0,23.0,2.0,489800.0,11015200.0,31.0,42.7,0.0,0.0,23.0,43600.0,3966350139.0,3966350139.0,943594698.0,0.0,0.0,,0.0,0.0,0.0
2025-02-14,23.0,0.0,0.0,25.0,23.0,25.0,2.0,1391200.0,33636400.0,50.0,46.4,25.0,36800.0,24.0,200.0,3966350139.0,3966350139.0,943594698.0,0.0,0.0,,0.0,0.0,0.0
2025-02-17,25.0,0.0,0.0,25.0,24.0,24.0,-1.0,1211300.0,29408200.0,31.0,44.5,25.0,14800.0,24.0,129400.0,3966350139.0,3966350139.0,943594698.0,0.0,0.0,,0.0,0.0,0.0
2025-02-18,24.0,0.0,0.0,26.0,25.0,26.0,2.0,3242900.0,84237700.0,63.0,48.2,26.0,76600.0,25.0,41100.0,3966350139.0,3966350139.0,943594698.0,0.0,0.0,,0.0,0.0,0.0
2025-02-19,26.0,0.0,0.0,28.0,28.0,28.0,2.0,4162100.0,116538800.0,87.0,52.0,28.0,31100.0,27.0,3000.0,3966350139.0,3966350139.0,943594698.0,0.0,0.0,,0.0,0.0,0.0
2025-02-20,28.0,0.0,0.0,30.0,26.0,26.0,-2.0,2109900.0,62210500.0,66.0,48.2,26.0,888000.0,0.0,0.0,3966350139.0,3966350139.0,943594698.0,0.0,0.0,,0.0,0.0,0.0
2025-02-21,26.0,0.0,0.0,28.0,25.0,28.0,2.0,1429200.0,37740300.0,47.0,52.0,0.0,0.0,28.0,65600.0,3966350139.0,3966350139.0,943594698.0,0.0,0.0,,0.0,0.0,0.0
2025-02-24,28.0,0.0,0.0,28.0,26.0,27.0,-1.0,1365300.0,37132700.0,73.0,50.1,28.0,231800.0,27.0,350100.0,3966350139.0,3966350139.0,943594698.0,0.0,0.0,,0.0,0.0,0.0
2025-02-25,27.0,0.0,0.0,27.0,26.0,26.0,-1.0,1353700.0,35857100.0,30.0,48.2,26.0,472700.0,25.0,53000.0,3966350139.0,3966350139.0,943594698.0,0.0,0.0,,0.0,0.0,0.0
2025-02-26,26.0,0.0,0.0,26.0,24.0,24.0,-2.0,775200.0,20043200.0,30.0,44.5,24.0,416400.0,0.0,0.0,3966350139.0,3966350139.0,943594698.0,0.0,0.0,,0.0,0.0,0.0
2025-02-27,24.0,0.0,0.0,24.0,23.0,23.0,-1.0,356500.0,8235800.0,23.0,42.7,23.0,750700.0,22.0,524900.0,3966350139.0,3966350139.0,943594698.0,0.0,0.0,,0.0,0.0,0.0
2025-02-28,23.0,0.0,0.0,23.0,22.0,22.0,-1.0,1078100.0,24786200.0,22.0,40.8,24.0,1000.0,22.0,16100.0,3966350139.0,3966350139.0,943594698.0,0.0,0.0,,0.0,0.0,0.0
2025-03-03,22.0,0.0,0.0,24.0,22.0,22.0,0.0,465900.0,10777000.0,34.0,40.8,24.0,2864600.0,22.0,1700.0,3966350139.0,3966350139.0,943594698.0,0.0,0.0,,0.0,0.0,0.0
2025-03-04,22.0,0.0,0.0,24.0,21.0,24.0,2.0,641600.0,15076500.0,33.0,44.5,24.0,2638100.0,21.0,813800.0,3966350139.0,3966350139.0,943594698.0,0.0,0.0,,0.0,0.0,0.0
2025-03-05,24.0,0.0,0.0,24.0,23.0,23.0,-1.0,33800.0,777500.0,11.0,42.7,23.0,46300.0,22.0,401000.0,3966350139.0,3966350139.0,943594698.0,0.0,0.0,,0.0,0.0,0.0
2025-03-06,23.0,0.0,0.0,21.0,21.0,21.0,-2.0,2874800.0,60370800.0,36.0,39.0,21.0,949100.0,0.0,0.0,3966350139.0,3966350139.0,943594698.0,0.0,0.0,,0.0,0.0,0.0
2025-03-07,21.0,0.0,0.0,22.0,21.0,21.0,0.0,398300.0,8365600.0,18.0,39.0,22.0,5200.0,21.0,12600.0,3966350139.0,3966350139.0,943594698.0,0.0,0.0,,0.0,0.0,0.0
2025-03-10,21.0,0.0,0.0,21.0,19.0,21.0,0.0,1866200.0,37428400.0,48.0,39.0,21.0,2246800.0,20.0,600.0,3966350139.0,3966350139.0,943594698.0,0.0,0.0,,0.0,0.0,0.0
2025-03-11,21.0,0.0,0.0,20.0,20.0,20.0,-1.0,2643900.0,52878000.0,34.0,37.1,20.0,326900.0,19.0,2335000.0,3966350139.0,3966350139.0,943594698.0,0.0,0.0,,0.0,0.0,0.0
2025-03-12,20.0,0.0,0.0,20.0,19.0,20.0,0.0,242600.0,4846800.0,22.0,37.1,20.0,184600.0,19.0,887200.0,3966350139.0,3966350139.0,943594698.0,0.0,0.0,,0.0,0.0,0.0
2025-03-13,20.0,0.0,0.0,20.0,20.0,20.0,0.0,526600.0,10532000.0,20.0,37.1,21.0,53100.0,20.0,163600.0,3966350139.0,3966350139.0,943594698.0,0.0,0.0,,0.0,0.0,0.0
2025-03-14,20.0,0.0,0.0,21.0,20.0,20.0,0.0,265000.0,5329300.0,23.0,37.1,20.0,218100.0,19.0,1174200.0,3966350139.0,3966350139.0,943594698.0,0.0,0.0,,0.0,0.0,0.0
2025-03-17,20.0,0.0,0.0,22.0,20.0,20.0,0.0,516700.0,10366900.0,28.0,37.1,21.0,298500.0,20.0,50000.0,3966350139.0,3966350139.0,943594698.0,0.0,0.0,,0.0,0.0,0.0
2025-03-18,20.0,0.0,0.0,20.0,19.0,19.0,-1.0,1336000.0,25396500.0,33.0,35.3,19.0,244900.0,18.0,65200.0,3966350139.0,3966350139.0,943594698.0,0.0,0.0,,0.0,0.0,0.0
2025-03-19,19.0,0.0,0.0,19.0,19.0,19.0,0.0,534400.0,10153600.0,25.0,35.3,19.0,379800.0,18.0,501600.0,3966350139.0,3966350139.0,943594698.0,0.0,0.0,,0.0,0.0,0.0
2025-03-20,19.0,0.0,0.0,20.0,19.0,20.0,1.0,538200.0,10740700.0,28.0,37.1,0.0,0.0,20.0,149200.0,3966350139.0,3966350139.0,943594698.0,0.0,0.0,,0.0,0.0,0.0
2025-03-21,20.0,0.0,0.0,21.0,19.0,21.0,1.0,253400.0,5196000.0,22.0,39.0,21.0,100700.0,20.0,41600.0,3966350139.0,3966350139.0,943594698.0,0.0,0.0,,0.0,0.0,0.0
2025-03-24,21.0,0.0,0.0,20.0,19.0,20.0,-1.0,110700.0,2106300.0,18.0,37.1,20.0,43400.0,19.0,61100.0,3966350139.0,3966350139.0,943594698.0,0.0,0.0,,23000.0,2599000.0,1.0
2025-03-25,20.0,0.0,0.0,20.0,19.0,19.0,-1.0,11600.0,220900.0,7.0,35.3,20.0,198800.0,19.0,90200.0,3966350139.0,3966350139.0,943594698.0,0.0,0.0,,0.0,0.0,0.0
2025-03-26,19.0,0.0,0.0,19.0,19.0,19.0,0.0,301100.0,5720900.0,21.0,35.3,19.0,276200.0,18.0,51100.0,3966350139.0,3966350139.0,943594698.0,0.0,0.0,,0.0,0.0,0.0
2025-03-27,19.0,0.0,0.0,19.0,18.0,19.0,0.0,174600.0,3143900.0,21.0,35.3,19.0,580200.0,18.0,730000.0,3966350139.0,3966350139.0,943594698.0,0.0,0.0,,0.0,0.0,0.0
2025-04-08,19.0,0.0,0.0,18.0,18.0,18.0,-1.0,350100.0,6301800.0,2.0,33.4,18.0,283500.0,0.0,0.0,3966350139.0,3966350139.0,850782105.0,0.0,0.0,,0.0,0.0,0.0
2025-04-09,18.0,0.0,0.0,18.0,17.0,17.0,-1.0,275400.0,4721300.0,13.0,31.5,18.0,239300.0,17.0,398500.0,3966350139.0,3966350139.0,850782105.0,10000.0,0.0,,0.0,0.0,0.0
2025-04-10,17.0,0.0,0.0,16.0,16.0,16.0,-1.0,996500.0,15944000.0,30.0,29.7,16.0,545300.0,0.0,0.0,3966350139.0,3966350139.0,850782105.0,490000.0,0.0,,0.0,0.0,0.0
2025-04-11,16.0,0.0,0.0,16.0,15.0,15.0,-1.0,1459100.0,21890500.0,25.0,27.8,15.0,223500.0,0.0,0.0,3966350139.0,3966350139.0,850782105.0,0.0,0.0,,0.0,0.0,0.0
2025-04-14,15.0,0.0,0.0,16.0,15.0,16.0,1.0,462600.0,7212200.0,32.0,29.7,0.0,0.0,16.0,38600.0,3966350139.0,3966350139.0,850782105.0,0.0,0.0,,0.0,0.0,0.0
2025-04-15,16.0,0.0,0.0,17.0,15.0,17.0,1.0,654100.0,10414700.0,22.0,31.5,17.0,789900.0,16.0,30000.0,3966350139.0,3966350139.0,850782105.0,0.0,0.0,,0.0,0.0,0.0
2025-04-16,17.0,0.0,0.0,18.0,17.0,18.0,1.0,430400.0,7419700.0,14.0,33.4,18.0,280600.0,17.0,18300.0,3966350139.0,3966350139.0,850782105.0,0.0,0.0,,0.0,0.0,0.0
2025-04-17,18.0,0.0,0.0,18.0,18.0,18.0,0.0,3567600.0,64216800.0,15.0,33.4,18.0,2144600.0,17.0,610000.0,3966350139.0,3966350139.0,850782105.0,0.0,0.0,,0.0,0.0,0.0
2025-04-21,18.0,0.0,0.0,18.0,18.0,18.0,0.0,1588400.0,28591200.0,12.0,33.4,18.0,1260700.0,17.0,40000.0,3966350139.0,3966350139.0,850782105.0,0.0,0.0,,0.0,0.0,0.0
2025-04-22,18.0,0.0,0.0,18.0,18.0,18.0,0.0,846300.0,15233400.0,25.0,33.4,18.0,22600.0,17.0,1060000.0,3966350139.0,3966350139.0,850782105.0,0.0,0.0,,0.0,0.0,0.0
2025-04-23,18.0,0.0,0.0,18.0,18.0,18.0,0.0,746900.0,13444200.0,14.0,33.4,19.0,105000.0,18.0,339700.0,3966350139.0,3966350139.0,850782105.0,0.0,0.0,,0.0,0.0,0.0
2025-04-24,18.0,0.0,0.0,19.0,19.0,19.0,1.0,157000.0,2983000.0,15.0,35.3,19.0,98200.0,18.0,124300.0,3966350139.0,3966350139.0,850782105.0,0.0,0.0,,0.0,0.0,0.0
2025-04-25,19.0,0.0,0.0,20.0,19.0,20.0,1.0,589800.0,11641700.0,20.0,37.1,20.0,20000.0,19.0,108000.0,3966350139.0,3966350139.0,850782105.0,0.0,0.0,,0.0,0.0,0.0
2025-04-28,20.0,0.0,0.0,20.0,20.0,20.0,0.0,321100.0,6422000.0,25.0,37.1,21.0,137100.0,20.0,494200.0,3966350139.0,3966350139.0,850782105.0,0.0,0.0,,0.0,0.0,0.0
2025-04-29,20.0,0.0,0.0,22.0,20.0,22.0,2.0,1476100.0,32473800.0,26.0,40.8,22.0,39000.0,21.0,10000.0,3966350139.0,3966350139.0,850782105.0,0.0,0.0,,0.0,0.0,0.0
2025-04-30,22.0,0.0,0.0,24.0,24.0,24.0,2.0,2552900.0,61269600.0,45.0,44.5,0.0,0.0,24.0,976900.0,3966350139.0,3966350139.0,850782105.0,0.0,0.0,,0.0,0.0,0.0
2025-05-02,24.0,0.0,0.0,26.0,25.0,25.0,1.0,2738000.0,71166000.0,54.0,46.4,25.0,40200.0,24.0,272700.0,3966350139.0,3966350139.0,850782105.0,0.0,0.0,,0.0,0.0,0.0
2025-05-05,25.0,0.0,0.0,27.0,25.0,27.0,2.0,4461900.0,112347500.0,48.0,50.1,27.0,361600.0,25.0,497000.0,3966350139.0,3966350139.0,850782105.0,0.0,0.0,,0.0,0.0,0.0
2025-05-06,27.0,0.0,0.0,27.0,25.0,25.0,-2.0,1879400.0,48675600.0,37.0,46.4,27.0,251600.0,0.0,0.0,3966350139.0,3966350139.0,850782105.0,0.0,0.0,,0.0,0.0,0.0
2025-05-07,25.0,0.0,0.0,25.0,25.0,25.0,0.0,627000.0,15675000.0,24.0,46.4,26.0,96900.0,25.0,48200.0,3966350139.0,3966350139.0,850782105.0,0.0,0.0,,0.0,0.0,0.0
2025-05-08,25.0,0.0,0.0,27.0,26.0,26.0,1.0,1295900.0,34231600.0,49.0,48.2,27.0,200900.0,26.0,147500.0,3966350139.0,3966350139.0,850782105.0,0.0,0.0,,0.0,0.0,0.0
2025-05-09,26.0,0.0,0.0,28.0,26.0,28.0,2.0,5345500.0,147523000.0,53.0,52.0,0.0,0.0,27.0,500100.0,3966350139.0,3966350139.0,850782105.0,0.0,0.0,,0.0,0.0,0.0
2025-05-14,28.0,0.0,0.0,30.0,30.0,30.0,2.0,8890800.0,266724000.0,65.0,55.7,0.0,0.0,30.0,3324100.0,3966350139.0,3966350139.0,850782105.0,0.0,0.0,,0.0,0.0,0.0
2025-05-15,30.0,0.0,0.0,33.0,33.0,33.0,3.0,4412300.0,145605900.0,50.0,61.2,0.0,0.0,33.0,3531900.0,3966350139.0,3966350139.0,850782105.0,0.0,0.0,,0.0,0.0,0.0
2025-05-16,33.0,0.0,0.0,36.0,36.0,36.0,3.0,2835400.0,102074400.0,38.0,66.8,0.0,0.0,36.0,9290800.0,3966350139.0,3966350139.0,850782105.0,0.0,0.0,,0.0,0.0,0.0
2025-05-19,36.0,0.0,0.0,39.0,39.0,39.0,3.0,7810600.0,304613400.0,59.0,72.4,0.0,0.0,39.0,2058800.0,3966350139.0,3966350139.0,850782105.0,0.0,16000.0,,0.0,0.0,0.0
2025-05-20,39.0,0.0,0.0,42.0,42.0,42.0,3.0,22435700.0,942299400.0,135.0,77.9,42.0,75200.0,40.0,10000.0,3966350139.0,3966350139.0,850782105.0,0.0,0.0,,0.0,0.0,0.0
2025-05-21,42.0,0.0,0.0,46.0,39.0,40.0,-2.0,5443900.0,240042700.0,103.0,74.2,42.0,2075600.0,40.0,653200.0,3966350139.0,3966350139.0,850782105.0,0.0,0.0,,0.0,0.0,0.0
2025-05-22,40.0,0.0,0.0,44.0,42.0,44.0,4.0,5213900.0,225575200.0,73.0,81.6,0.0,0.0,44.0,3249800.0,3966350139.0,3966350139.0,850782105.0,0.0,0.0,,0.0,0.0,0.0
2025-05-23,44.0,0.0,0.0,48.0,44.0,48.0,4.0,7140200.0,341500400.0,70.0,89.1,0.0,0.0,48.0,365700.0,3966350139.0,3966350139.0,850782105.0,16000.0,0.0,,0.0,0.0,0.0
2025-05-26,48.0,0.0,0.0,52.0,48.0,48.0,0.0,13963300.0,717821700.0,147.0,89.1,50.0,169000.0,48.0,1015800.0,3966350139.0,3966350139.0,850782105.0,0.0,0.0,,0.0,0.0,0.0
2025-05-27,48.0,0.0,0.0,48.0,44.0,44.0,-4.0,5002700.0,237462800.0,58.0,81.6,44.0,511800.0,0.0,0.0,3966350139.0,3966350139.0,850782105.0,0.0,0.0,,0.0,0.0,0.0
2025-05-28,44.0,0.0,0.0,43.0,40.0,43.0,-1.0,4026300.0,162621600.0,54.0,79.8,43.0,23400.0,41.0,32800.0,3966350139.0,3966350139.0,850782105.0,50000.0,0.0,,0.0,0.0,0.0
2025-06-02,43.0,0.0,0.0,45.0,43.0,45.0,2.0,5724200.0,253471300.0,51.0,83.5,45.0,7125800.0,44.0,700.0,3966350139.0,3966350139.0,850782105.0,0.0,0.0,,0.0,0.0,0.0
2025-06-03,45.0,0.0,0.0,45.0,41.0,44.0,-1.0,3585300.0,149884800.0,70.0,81.6,45.0,6300.0,44.0,1660000.0,3966350139.0,3966350139.0,850782105.0,0.0,0.0,,0.0,0.0,0.0
2025-06-04,44.0,0.0,0.0,40.0,40.0,40.0,-4.0,1890900.0,75636000.0,60.0,74.2,40.0,224800.0,0.0,0.0,3966350139.0,3966350139.0,850782105.0,0.0,0.0,,0.0,0.0,0.0
2025-06-05,40.0,0.0,0.0,36.0,36.0,36.0,-4.0,468000.0,16848000.0,17.0,66.8,36.0,12329900.0,0.0,0.0,3966350139.0,3966350139.0,850782105.0,0.0,0.0,,0.0,0.0,0.0
2025-06-10,36.0,0.0,0.0,33.0,33.0,33.0,-3.0,709200.0,23403600.0,52.0,61.2,33.0,1255800.0,0.0,0.0,3966350139.0,3966350139.0,850782105.0,0.0,0.0,,0.0,0.0,0.0
2025-06-11,33.0,0.0,0.0,30.0,30.0,30.0,-3.0,78300.0,2349000.0,18.0,55.7,30.0,3765600.0,0.0,0.0,3966350139.0,3966350139.0,850782105.0,0.0,0.0,,0.0,0.0,0.0
2025-06-12,30.0,0.0,0.0,30.0,28.0,28.0,-2.0,1580900.0,44865200.0,46.0,52.0,29.0,115600.0,28.0,646600.0,3966350139.0,3966350139.0,850782105.0,0.0,0.0,,0.0,0.0,0.0
2025-06-13,28.0,0.0,0.0,28.0,27.0,27.0,-1.0,894900.0,24303200.0,37.0,50.1,28.0,38000.0,27.0,80300.0,3966350139.0,3966350139.0,850782105.0,0.0,26000.0,,0.0,0.0,0.0
2025-06-16,27.0,0.0,0.0,29.0,29.0,29.0,2.0,205100.0,5947900.0,25.0,53.8,0.0,0.0,29.0,100.0,3966350139.0,3966350139.0,850782105.0,0.0,0.0,,0.0,0.0,0.0
2025-06-17,29.0,0.0,0.0,29.0,27.0,27.0,-2.0,1982600.0,56984800.0,38.0,50.1,27.0,9700.0,0.0,0.0,3966350139.0,3966350139.0,850782105.0,0.0,0.0,,0.0,0.0,0.0
2025-06-18,27.0,0.0,0.0,29.0,26.0,29.0,2.0,593500.0,15535600.0,22.0,53.8,29.0,52800.0,27.0,30000.0,3966350139.0,3966350139.0,850782105.0,0.0,0.0,,10458000.0,31374000.0,2.0
2025-06-19,29.0,0.0,0.0,29.0,27.0,29.0,0.0,110500.0,2996900.0,17.0,53.8,29.0,298700.0,27.0,98800.0,3966350139.0,3966350139.0,850782105.0,0.0,0.0,,0.0,0.0,0.0
2025-06-20,29.0,0.0,0.0,30.0,27.0,27.0,-2.0,126500.0,3574800.0,15.0,50.1,27.0,117900.0,0.0,0.0,3966350139.0,3966350139.0,850782105.0,0.0,0.0,,0.0,0.0,0.0
2025-06-23,27.0,0.0,0.0,28.0,26.0,28.0,1.0,29200.0,765300.0,6.0,52.0,28.0,119900.0,26.0,100.0,3966350139.0,3966350139.0,850782105.0,0.0,0.0,,0.0,0.0,0.0
2025-06-24,28.0,0.0,0.0,30.0,28.0,28.0,0.0,151500.0,4468200.0,17.0,52.0,28.0,10000.0,27.0,2000200.0,3966350139.0,3966350139.0,850782105.0,0.0,0.0,,0.0,0.0,0.0
2025-06-25,28.0,0.0,0.0,27.0,26.0,26.0,-2.0,4325500.0,114142700.0,41.0,48.2,26.0,115700.0,0.0,0.0,3966350139.0,3966350139.0,850782105.0,0.0,0.0,,0.0,0.0,0.0
2025-06-26,26.0,0.0,0.0,27.0,25.0,26.0,0.0,3483400.0,89167400.0,28.0,48.2,26.0,188300.0,25.0,85000.0,3966350139.0,3966350139.0,850782105.0,0.0,0.0,,0.0,0.0,0.0
2025-06-30,26.0,0.0,0.0,24.0,24.0,24.0,-2.0,11805900.0,283341600.0,63.0,44.5,24.0,410000.0,0.0,0.0,3966350139.0,3966350139.0,850782105.0,0.0,1041600.0,,0.0,0.0,0.0
2025-07-01,24.0,0.0,0.0,23.0,22.0,22.0,-2.0,4092200.0,91258700.0,60.0,40.8,22.0,763000.0,0.0,0.0,3966350139.0,3966350139.0,857128265.0,0.0,1000000.0,,0.0,0.0,0.0
2025-07-02,22.0,0.0,0.0,24.0,23.0,24.0,2.0,6822300.0,160450400.0,61.0,44.5,24.0,211400.0,23.0,112500.0,3966350139.0,3966350139.0,857128265.0,0.0,0.0,,0.0,0.0,0.0
2025-07-03,24.0,0.0,0.0,26.0,25.0,26.0,2.0,1340800.0,34044300.0,40.0,48.2,26.0,310500.0,25.0,1437300.0,3966350139.0,3966350139.0,857128265.0,0.0,0.0,,0.0,0.0,0.0
2025-07-04,26.0,0.0,0.0,28.0,28.0,28.0,2.0,96900.0,2713200.0,12.0,52.0,0.0,0.0,28.0,3515800.0,3966350139.0,3966350139.0,857128265.0,0.0,0.0,,0.0,0.0,0.0
2025-07-07,28.0,0.0,0.0,30.0,30.0,30.0,2.0,11765500.0,352965000.0,56.0,55.7,30.0,8855500.0,28.0,9600.0,3966350139.0,3966350139.0,857128265.0,0.0,0.0,,0.0,0.0,0.0
2025-07-08,30.0,0.0,0.0,29.0,27.0,29.0,-1.0,2095900.0,56660100.0,25.0,53.8,29.0,64600.0,28.0,2500.0,3966350139.0,3966350139.0,857128265.0,0.0,0.0,,0.0,0.0,0.0
2025-07-09,29.0,0.0,0.0,29.0,28.0,28.0,-1.0,2799700.0,81131300.0,32.0,52.0,29.0,364900.0,28.0,545800.0,3966350139.0,3966350139.0,857128265.0,0.0,746700.0,,0.0,0.0,0.0
2025-07-10,28.0,0.0,0.0,27.0,26.0,26.0,-2.0,3878300.0,101993900.0,38.0,48.2,26.0,540600.0,0.0,0.0,3966350139.0,3966350139.0,857128265.0,0.0,0.0,,0.0,0.0,0.0
2025-07-11,26.0,0.0,0.0,26.0,25.0,25.0,-1.0,617300.0,15468300.0,26.0,46.4,26.0,520000.0,25.0,1044300.0,3966350139.0,3966350139.0,857128265.0,0.0,0.0,,0.0,0.0,0.0
2025-07-14,25.0,0.0,0.0,25.0,25.0,25.0,0.0,3639800.0,90995000.0,43.0,46.4,26.0,457500.0,25.0,41800.0,3966350139.0,3966350139.0,857128265.0,0.0,0.0,,0.0,0.0,0.0
2025-07-15,25.0,0.0,0.0,27.0,25.0,27.0,2.0,4187400.0,105767800.0,29.0,50.1,27.0,532400.0,25.0,1631300.0,3966350139.0,3966350139.0,857128265.0,0.0,0.0,,0.0,0.0,0.0
2025-07-16,27.0,0.0,0.0,29.0,29.0,29.0,2.0,1742100.0,50520900.0,29.0,53.8,0.0,0.0,29.0,28305500.0,3966350139.0,3966350139.0,857128265.0,0.0,0.0,,0.0,0.0,0.0
2025-07-17,29.0,0.0,0.0,31.0,31.0,31.0,2.0,3141200.0,97377200.0,31.0,57.5,0.0,0.0,31.0,48979900.0,3966350139.0,3966350139.0,857128265.0,0.0,0.0,,80000000.0,2000000000.0,1.0
2025-07-18,31.0,0.0,0.0,34.0,34.0,34.0,3.0,5520800.0,187707200.0,35.0,63.1,0.0,0.0,34.0,47241100.0,3966350139.0,3966350139.0,857128265.0,26000.0,0.0,,0.0,0.0,0.0
2025-07-21,34.0,0.0,0.0,37.0,37.0,37.0,3.0,540500.0,19998500.0,17.0,68.7,0.0,0.0,37.0,39359800.0,3966350139.0,3966350139.0,857128265.0,0.0,0.0,,6000000.0,288000000.0,1.0
2025-07-22,37.0,0.0,0.0,40.0,40.0,40.0,3.0,1275900.0,51036000.0,52.0,74.2,0.0,0.0,40.0,29940100.0,3966350139.0,3966350139.0,857128265.0,0.0,0.0,,0.0,0.0,0.0
2025-07-23,40.0,0.0,0.0,44.0,44.0,44.0,4.0,47392500.0,2085270000.0,180.0,81.6,0.0,0.0,44.0,22348500.0,3966350139.0,3966350139.0,857128265.0,2041600.0,0.0,,400000000.0,14800000000.0,8.0
2025-07-24,44.0,0.0,0.0,48.0,48.0,48.0,4.0,8965200.0,430329600.0,84.0,89.1,0.0,0.0,48.0,29105100.0,3966350139.0,3966350139.0,857128265.0,0.0,0.0,,2000000.0,90000000.0,1.0
2025-07-25,48.0,0.0,0.0,52.0,52.0,52.0,4.0,24814200.0,1290338400.0,114.0,96.5,0.0,0.0,52.0,36892200.0,3966350139.0,3966350139.0,857128265.0,0.0,2000000.0,,19230700.0,999996400.0,1.0
2025-07-28,52.0,0.0,0.0,57.0,57.0,57.0,5.0,6308100.0,359561700.0,88.0,105.8,0.0,0.0,57.0,18476900.0,3966350139.0,3966350139.0,857128265.0,746700.0,0.0,,0.0,0.0,0.0
2025-07-29,57.0,0.0,0.0,62.0,62.0,62.0,5.0,16006900.0,992427800.0,132.0,115.0,0.0,0.0,62.0,31683100.0,3966350139.0,3966350139.0,857128265.0,0.0,0.0,,0.0,0.0,0.0
2025-07-30,62.0,0.0,0.0,68.0,56.0,56.0,-6.0,71554000.0,4232839500.0,416.0,103.9,57.0,217500.0,56.0,1081300.0,3966350139.0,3966350139.0,857128265.0,0.0,750000.0,,0.0,0.0,0.0
2025-07-31,56.0,0.0,0.0,56.0,55.0,55.0,-1.0,9172000.0,507443500.0,120.0,102.1,55.0,4614700.0,54.0,10600.0,3966350139.0,3966350139.0,857128265.0,0.0,0.0,,24705700.0,1679987600.0,2.0
2025-08-01,55.0,0.0,0.0,60.0,60.0,60.0,5.0,7120600.0,427236000.0,114.0,111.3,0.0,0.0,60.0,10043000.0,3966350139.0,3966350139.0,857128265.0,0.0,0.0,,0.0,0.0,0.0
2025-08-04,60.0,0.0,0.0,66.0,66.0,66.0,6.0,9810700.0,647506200.0,137.0,122.5,0.0,0.0,66.0,7271000.0,3966350139.0,3966350139.0,857128265.0,0.0,250000.0,,0.0,0.0,0.0
2025-08-05,66.0,0.0,0.0,72.0,72.0,72.0,6.0,2377400.0,171172800.0,87.0,133.6,0.0,0.0,72.0,19772300.0,3966350139.0,3966350139.0,857128265.0,0.0,10000.0,,458769300.0,30308773800.0,8.0
2025-08-06,72.0,0.0,0.0,72.0,65.0,65.0,-7.0,40686900.0,2812843700.0,323.0,120.6,67.0,500.0,65.0,442600.0,3966350139.0,3966350139.0,857128265.0,0.0,3000000.0,,0.0,0.0,0.0
2025-08-07,65.0,0.0,0.0,71.0,67.0,71.0,6.0,8648500.0,609267200.0,162.0,131.7,0.0,0.0,71.0,200000.0,3966350139.0,3966350139.0,857128265.0,0.0,0.0,,0.0,0.0,0.0
2025-08-08,71.0,0.0,0.0,78.0,77.0,78.0,7.0,12754100.0,990822700.0,268.0,144.7,78.0,381500.0,77.0,423400.0,3966350139.0,3966350139.0,857128265.0,0.0,0.0,,0.0,0.0,0.0
2025-08-11,78.0,0.0,0.0,85.0,85.0,85.0,7.0,9667500.0,821737500.0,179.0,157.7,0.0,0.0,85.0,16175200.0,3966350139.0,3966350139.0,857128265.0,0.0,0.0,,0.0,0.0,0.0
2025-08-12,85.0,0.0,0.0,93.0,91.0,91.0,6.0,17277500.0,1597305000.0,251.0,168.9,91.0,2724000.0,90.0,112200.0,3966350139.0,3966350139.0,857128265.0,0.0,0.0,,16470200.0,1399967000.0,3.0
2025-08-13,91.0,0.0,0.0,100.0,98.0,99.0,8.0,20532800.0,2036073600.0,264.0,183.7,99.0,2913000.0,98.0,193500.0,3966350139.0,3966350139.0,857128265.0,0.0,40000.0,,8823200.0,749972000.0,2.0
2025-08-14,99.0,0.0,0.0,99.0,90.0,90.0,-9.0,15887400.0,1480261700.0,217.0,167.0,90.0,10278800.0,0.0,0.0,3966350139.0,3966350139.0,857128265.0,0.0,0.0,,20202100.0,2000007900.0,1.0
2025-08-15,90.0,0.0,0.0,90.0,81.0,81.0,-9.0,6497200.0,540343800.0,199.0,150.3,81.0,8756300.0,0.0,0.0,3966350139.0,3966350139.0,857128265.0,0.0,0.0,,0.0,0.0,0.0
2025-08-19,81.0,0.0,0.0,89.0,89.0,89.0,8.0,9745100.0,867313900.0,127.0,165.2,0.0,0.0,89.0,9867300.0,3966350139.0,3966350139.0,857128265.0,0.0,0.0,,49382700.0,3999998700.0,3.0
2025-08-20,89.0,0.0,0.0,97.0,89.0,97.0,8.0,15859000.0,1477247400.0,258.0,180.0,0.0,0.0,97.0,1551700.0,3966350139.0,3966350139.0,857128265.0,0.0,0.0,,587648500.0,52300716500.0,7.0
2025-08-21,97.0,0.0,0.0,105.0,95.0,105.0,8.0,10005700.0,986318000.0,196.0,194.8,105.0,1844900.0,97.0,110000.0,3966350139.0,3966350139.0,857128265.0,0.0,0.0,,5190000.0,461910000.0,1.0
2025-08-22,105.0,0.0,0.0,0.0,0.0,105.0,0.0,0.0,0.0,0.0,194.8,0.0,0.0,0.0,0.0,3966350139.0,3966350139.0,857128265.0,0.0,0.0,,0.0,0.0,0.0
2025-08-25,105.0,0.0,0.0,110.0,110.0,110.0,5.0,28268200.0,3109502000.0,229.0,204.1,110.0,1791700.0,109.0,301500.0,3966350139.0,3966350139.0,857128265.0,0.0,0.0,,0.0,0.0,0.0
2025-08-26,110.0,0.0,0.0,105.0,99.0,99.0,-11.0,11257500.0,1144784900.0,240.0,183.7,99.0,57400.0,0.0,0.0,3966350139.0,3966350139.0,857128265.0,1000.0,0.0,,0.0,0.0,0.0
2025-08-27,99.0,0.0,0.0,99.0,90.0,90.0,-9.0,10787500.0,983855900.0,209.0,167.0,90.0,16058100.0,0.0,0.0,3966350139.0,3966350139.0,857128265.0,0.0,0.0,,37500000.0,3712500000.0,5.0
2025-08-28,90.0,0.0,0.0,99.0,82.0,99.0,9.0,28862200.0,2553755300.0,311.0,183.7,0.0,0.0,99.0,52547800.0,3966350139.0,3966350139.0,857128265.0,0.0,0.0,,0.0,0.0,0.0
2025-08-29,99.0,0.0,0.0,108.0,108.0,108.0,9.0,7372700.0,796251600.0,89.0,200.4,0.0,0.0,108.0,112821700.0,3966350139.0,3966350139.0,857128265.0,0.0,0.0,,2500000.0,650000000.0,3.0
2025-09-01,108.0,0.0,0.0,118.0,118.0,118.0,10.0,7401600.0,873388800.0,115.0,219.0,0.0,0.0,118.0,75970400.0,3966350139.0,3966350139.0,857128265.0,0.0,0.0,,7348900.0,965147200.0,4.0
2025-09-02,118.0,0.0,0.0,0.0,0.0,118.0,0.0,0.0,0.0,0.0,219.0,0.0,0.0,0.0,0.0,3966350139.0,3966350139.0,857128265.0,0.0,0.0,,21502400.0,2783116000.0,11.0
2025-09-03,118.0,0.0,0.0,0.0,0.0,118.0,0.0,0.0,0.0,0.0,219.0,0.0,0.0,0.0,0.0,3966350139.0,3966350139.0,857128265.0,0.0,0.0,,4356400.0,1054528000.0,5.0
2025-09-04,118.0,0.0,0.0,0.0,0.0,118.0,0.0,0.0,0.0,0.0,219.0,0.0,0.0,0.0,0.0,3966350139.0,3966350139.0,857128265.0,0.0,0.0,,1543100.0,392434000.0,7.0
2025-09-08,118.0,0.0,0.0,0.0,0.0,118.0,0.0,0.0,0.0,0.0,219.0,0.0,0.0,0.0,0.0,3966350139.0,3966350139.0,857128265.0,0.0,0.0,,3021300.0,703325000.0,5.0
2025-09-09,118.0,0.0,0.0,0.0,0.0,118.0,0.0,0.0,0.0,0.0,219.0,0.0,0.0,0.0,0.0,3966350139.0,3966350139.0,857128265.0,0.0,0.0,,2358200.0,587095000.0,4.0
2025-09-10,118.0,0.0,0.0,129.0,129.0,129.0,11.0,10435400.0,1346166600.0,82.0,239.4,0.0,0.0,129.0,92269400.0,3966350139.0,3966350139.0,857128265.0,0.0,0.0,,25037200.0,3300394500.0,13.0
2025-09-11,129.0,0.0,0.0,141.0,141.0,141.0,12.0,7111600.0,1002735600.0,52.0,261.6,0.0,0.0,141.0,87326000.0,3966350139.0,3966350139.0,857128265.0,0.0,0.0,,18546800.0,2916992200.0,9.0
2025-09-12,141.0,0.0,0.0,155.0,155.0,155.0,14.0,9893700.0,1533523500.0,44.0,287.6,0.0,0.0,155.0,85920100.0,3966350139.0,3966350139.0,857128265.0,0.0,0.0,,13718800.0,3098414000.0,10.0
2025-09-15,155.0,0.0,0.0,170.0,170.0,170.0,15.0,6409200.0,1089564000.0,44.0,315.5,0.0,0.0,170.0,55744700.0,3966350139.0,3966350139.0,857128265.0,2500.0,0.0,,12698700.0,2955162000.0,10.0
2025-09-16,170.0,0.0,0.0,187.0,187.0,187.0,17.0,5119600.0,957365200.0,38.0,347.0,0.0,0.0,187.0,34786400.0,3966350139.0,3966350139.0,857128265.0,3000.0,0.0,,354414000.0,52244965500.0,9.0
2025-09-17,187.0,0.0,0.0,204.0,204.0,204.0,17.0,36777200.0,7502548800.0,196.0,378.5,0.0,0.0,204.0,46635300.0,3966350139.0,3966350139.0,857128265.0,2000.0,0.0,,272569100.0,42402962500.0,13.0
2025-09-18,204.0,0.0,0.0,224.0,224.0,224.0,20.0,4340700.0,972316800.0,67.0,415.7,0.0,0.0,224.0,41106500.0,3966350139.0,3966350139.0,857128265.0,0.0,0.0,,225108700.0,39490682500.0,6.0
2025-09-19,224.0,0.0,0.0,246.0,218.0,246.0,22.0,45655200.0,10545962600.0,1086.0,456.5,0.0,0.0,246.0,790700.0,3966350139.0,3966350139.0,857128265.0,0.0,89000.0,,16490000.0,2822070000.0,3.0
2025-09-22,246.0,0.0,0.0,250.0,246.0,246.0,0.0,35580300.0,8787445000.0,1059.0,456.5,246.0,1900.0,244.0,137900.0,3966350139.0,3966350139.0,857128265.0,0.0,0.0,,72039300.0,16835432000.0,4.0
2025-09-23,246.0,0.0,0.0,240.0,240.0,240.0,-6.0,19382800.0,4651872000.0,786.0,445.4,240.0,22232900.0,238.0,70300.0,3966350139.0,3966350139.0,857128265.0,0.0,0.0,,0.0,0.0,0.0
2025-09-24,240.0,0.0,0.0,216.0,216.0,216.0,-24.0,22928100.0,4952469600.0,644.0,400.8,216.0,26508500.0,0.0,0.0,3966350139.0,3966350139.0,857128265.0,40000.0,0.0,,0.0,0.0,0.0
2025-09-25,216.0,0.0,0.0,195.0,195.0,195.0,-21.0,10431300.0,2034103500.0,544.0,361.8,195.0,19050500.0,0.0,0.0,3966350139.0,3966350139.0,857128265.0,3010000.0,4500.0,,0.0,0.0,0.0
2025-09-26,195.0,0.0,0.0,214.0,214.0,214.0,19.0,19424800.0,4156907200.0,310.0,397.1,0.0,0.0,214.0,17116200.0,3966350139.0,3966350139.0,857128265.0,2000.0,0.0,,9840900.0,1997202600.0,2.0
2025-09-29,214.0,0.0,0.0,234.0,226.0,234.0,20.0,35504100.0,8137138200.0,725.0,434.2,0.0,0.0,234.0,1535800.0,3966350139.0,3966350139.0,857128265.0,2000.0,0.0,,1000000.0,59000000.0,1.0
2025-09-30,234.0,0.0,0.0,254.0,230.0,230.0,-4.0,16072000.0,3839070800.0,551.0,426.8,246.0,100000.0,230.0,878300.0,3966350139.0,3966350139.0,857128265.0,0.0,0.0,,14000.0,2800000.0,1.0
2025-10-01,230.0,0.0,0.0,240.0,220.0,220.0,-10.0,9225000.0,2111489400.0,533.0,408.2,222.0,2900.0,220.0,28035400.0,3966350139.0,3966350139.0,2073211218.0,1000000.0,0.0,,0.0,0.0,0.0
2025-10-02,220.0,0.0,0.0,242.0,240.0,242.0,22.0,19311000.0,4646535800.0,626.0,449.1,242.0,829400.0,240.0,415200.0,3966350139.0,3966350139.0,2073211218.0,2001000.0,0.0,,0.0,0.0,0.0
2025-10-03,242.0,0.0,0.0,266.0,266.0,266.0,24.0,19394000.0,5158804000.0,728.0,493.6,0.0,0.0,266.0,5743200.0,3966350139.0,3966350139.0,2073211218.0,1000.0,0.0,,0.0,0.0,0.0
2025-10-06,266.0,0.0,0.0,292.0,292.0,292.0,26.0,11188200.0,3266954400.0,366.0,541.8,0.0,0.0,292.0,20145800.0,3966350139.0,3966350139.0,2073211218.0,0.0,0.0,,2910000.0,774380000.0,2.0
2025-10-07,292.0,0.0,0.0,320.0,320.0,320.0,28.0,7111900.0,2275808000.0,285.0,593.8,0.0,0.0,320.0,17319200.0,3966350139.0,3966350139.0,2073211218.0,0.0,0.0,,6129400.0,1789784800.0,5.0
2025-10-08,320.0,0.0,0.0,352.0,288.0,352.0,32.0,67688300.0,22001505600.0,2610.0,653.2,352.0,3334100.0,350.0,60000.0,3966350139.0,3966350139.0,2073211218.0,1000.0,20000.0,,950000.0,304000000.0,1.0
2025-10-09,352.0,0.0,0.0,352.0,320.0,324.0,-28.0,32946000.0,11000768800.0,2120.0,601.2,324.0,2940100.0,322.0,21000.0,3966350139.0,3966350139.0,2073211218.0,0.0,30000.0,,0.0,0.0,0.0
2025-10-10,324.0,0.0,0.0,348.0,300.0,348.0,24.0,28860400.0,9181363600.0,1527.0,645.8,348.0,28100.0,338.0,30000.0,3966350139.0,3966350139.0,2073211218.0,0.0,0.0,,0.0,0.0,0.0
2025-10-13,348.0,0.0,0.0,360.0,330.0,330.0,-18.0,18155900.0,6193259000.0,1462.0,612.4,334.0,600000.0,330.0,325100.0,3966350139.0,3966350139.0,2073211218.0,0.0,0.0,,450000.0,135250000.0,2.0
2025-10-14,330.0,0.0,0.0,322.0,298.0,298.0,-32.0,22699900.0,6880986800.0,1146.0,553.0,298.0,10862100.0,0.0,0.0,3966350139.0,3966350139.0,2073211218.0,0.0,0.0,,250000.0,72000000.0,1.0
2025-10-15,298.0,0.0,0.0,270.0,270.0,270.0,-28.0,10729800.0,2897046000.0,735.0,501.0,270.0,11676800.0,0.0,0.0,3966350139.0,3966350139.0,2073211218.0,0.0,0.0,,0.0,0.0,0.0
2025-10-16,270.0,0.0,0.0,288.0,270.0,272.0,2.0,16631500.0,4571876200.0,932.0,504.7,274.0,10000.0,272.0,697900.0,3966350139.0,3966350139.0,2073211218.0,4500.0,0.0,,0.0,0.0,0.0
2025-10-17,272.0,0.0,0.0,260.0,246.0,246.0,-26.0,7814000.0,1944089600.0,780.0,456.5,246.0,5904200.0,0.0,0.0,3966350139.0,3966350139.0,2073211218.0,0.0,0.0,,0.0,0.0,0.0
2025-10-20,246.0,0.0,0.0,232.0,222.0,222.0,-24.0,13008100.0,2898109200.0,746.0,412.0,222.0,5821600.0,0.0,0.0,3966350139.0,3966350139.0,2073211218.0,0.0,0.0,,0.0,0.0,0.0
2025-10-21,222.0,0.0,0.0,210.0,200.0,210.0,-12.0,35396300.0,7158278000.0,1233.0,389.7,220.0,271800.0,210.0,25575300.0,3966350139.0,3966350139.0,2073211218.0,0.0,0.0,,0.0,0.0,0.0
2025-10-22,210.0,0.0,0.0,230.0,204.0,230.0,20.0,20536700.0,4475389600.0,861.0,426.8,0.0,0.0,230.0,3061100.0,3966350139.0,3966350139.0,2073211218.0,0.0,0.0,,0.0,0.0,0.0
2025-10-23,230.0,0.0,0.0,248.0,226.0,226.0,-4.0,16107000.0,3783579400.0,1028.0,419.4,230.0,12500.0,226.0,15836100.0,3966350139.0,3966350139.0,2073211218.0,0.0,0.0,,0.0,0.0,0.0
2025-10-24,226.0,0.0,0.0,230.0,214.0,226.0,0.0,10250900.0,2287090600.0,523.0,419.4,228.0,207300.0,226.0,59100.0,3966350139.0,3966350139.0,2073211218.0,0.0,0.0,,0.0,0.0,0.0
2025-10-27,226.0,0.0,0.0,236.0,210.0,214.0,-12.0,7786400.0,1708784400.0,689.0,397.1,220.0,2000.0,214.0,17271800.0,3966350139.0,3966350139.0,2073211218.0,0.0,0.0,,0.0,0.0,0.0
2025-10-28,214.0,0.0,0.0,220.0,216.0,216.0,2.0,5076300.0,1107425200.0,433.0,400.8,218.0,191900.0,216.0,2900.0,3966350139.0,3966350139.0,2073211218.0,0.0,0.0,,20000000.0,4280000000.0,1.0
2025-10-29,216.0,0.0,0.0,220.0,216.0,220.0,4.0,4286900.0,935113400.0,375.0,408.2,220.0,201900.0,218.0,100000.0,3966350139.0,3966350139.0,2073211218.0,0.0,0.0,,0.0,0.0,0.0
2025-10-30,220.0,0.0,0.0,216.0,206.0,210.0,-10.0,8843600.0,1843838800.0,578.0,389.7,214.0,2200.0,210.0,18923100.0,3966350139.0,3966350139.0,2073211218.0,0.0,0.0,,1042396276.0,10423962760.0,4.0
2025-10-31,210.0,0.0,0.0,212.0,200.0,200.0,-10.0,8754800.0,1782671200.0,515.0,371.1,204.0,50000.0,200.0,1875400.0,3966350139.0,3966350139.0,2073211218.0,0.0,0.0,,0.0,0.0,0.0
2025-11-04,210.0,0.0,0.0,210.0,202.0,204.0,-6.0,2611700.0,539481000.0,316.0,378.5,208.0,73000.0,204.0,71300.0,3966350139.0,3966350139.0,2073211218.0,0.0,0.0,,0.0,0.0,0.0
2025-11-05,204.0,0.0,0.0,190.0,184.0,184.0,-20.0,18748600.0,3475838800.0,839.0,341.4,184.0,14578900.0,0.0,0.0,3966350139.0,3966350139.0,2073211218.0,0.0,0.0,,0.0,0.0,0.0
2025-11-06,184.0,0.0,0.0,166.0,166.0,166.0,-18.0,10521400.0,1746552400.0,684.0,308.0,166.0,17076100.0,0.0,0.0,3966350139.0,3966350139.0,2073211218.0,0.0,0.0,,0.0,0.0,0.0
2025-11-07,166.0,0.0,0.0,182.0,175.0,182.0,16.0,15921500.0,2822736700.0,413.0,337.7,0.0,0.0,182.0,12721500.0,3966350139.0,3966350139.0,2073211218.0,0.0,0.0,,465690324.0,4656903240.0,3.0
2025-11-10,182.0,0.0,0.0,191.0,182.0,182.0,0.0,20651900.0,3801469600.0,869.0,337.7,183.0,2700.0,182.0,286000.0,3966350139.0,3966350139.0,2073211218.0,0.0,0.0,,1001000.0,10010000.0,2.0
2025-11-11,182.0,0.0,0.0,186.0,182.0,186.0,4.0,7720600.0,1425792000.0,400.0,345.1,187.0,11500.0,186.0,120000.0,3966350139.0,3966350139.0,2073211218.0,0.0,0.0,,0.0,0.0,0.0
2025-11-12,186.0,0.0,0.0,204.0,204.0,204.0,18.0,20446000.0,4170984000.0,852.0,378.5,0.0,0.0,204.0,4228700.0,3966350139.0,3966350139.0,2073211218.0,0.0,0.0,,0.0,0.0,0.0
2025-11-13,204.0,0.0,0.0,202.0,187.0,190.0,-14.0,10297800.0,1967818800.0,696.0,352.6,191.0,200000.0,190.0,688500.0,3966350139.0,3966350139.0,2073211218.0,0.0,0.0,,0.0,0.0,0.0
2025-11-14,190.0,0.0,0.0,202.0,194.0,194.0,4.0,6211400.0,1227481400.0,377.0,360.0,196.0,1010000.0,194.0,2874400.0,3966350139.0,3966350139.0,2073211218.0,0.0,0.0,,1050000.0,199500000.0,1.0
2025-11-17,194.0,0.0,0.0,200.0,196.0,196.0,2.0,9045900.0,1786303200.0,601.0,363.7,199.0,1090200.0,196.0,236300.0,3966350139.0,3966350139.0,2073211218.0,0.0,0.0,,51550000.0,10000700000.0,4.0
2025-11-18,196.0,0.0,0.0,214.0,214.0,214.0,18.0,16775300.0,3589914200.0,568.0,397.1,0.0,0.0,214.0,8906900.0,3966350139.0,3966350139.0,2073211218.0,0.0,0.0,,0.0,0.0,0.0
2025-11-19,214.0,0.0,0.0,234.0,234.0,234.0,20.0,15154200.0,3546082800.0,467.0,434.2,0.0,0.0,234.0,10701900.0,3966350139.0,3966350139.0,2073211218.0,0.0,0.0,,16914400.0,3788825600.0,1.0
2025-11-20,234.0,0.0,0.0,256.0,250.0,256.0,22.0,40137900.0,10239279600.0,1220.0,475.0,256.0,3443700.0,254.0,100.0,3966350139.0,3966350139.0,2073211218.0,0.0,0.0,,0.0,0.0,0.0
2025-11-21,256.0,0.0,0.0,256.0,232.0,256.0,0.0,15715400.0,3881712800.0,912.0,475.0,258.0,7800.0,256.0,13000.0,3966350139.0,3966350139.0,2073211218.0,0.0,0.0,,46395000.0,12990600000.0,6.0
2025-11-24,256.0,0.0,0.0,250.0,232.0,232.0,-24.0,12842200.0,3050110400.0,919.0,430.5,234.0,2000.0,232.0,147300.0,3966350139.0,3966350139.0,2073211218.0,0.0,0.0,,20080000.0,5140480000.0,1.0
2025-11-25,232.0,0.0,0.0,224.0,216.0,218.0,-14.0,13169500.0,2867719800.0,765.0,404.5,218.0,21700.0,216.0,1499100.0,3966350139.0,3966350139.0,2073211218.0,0.0,0.0,,0.0,0.0,0.0
2025-11-26,218.0,0.0,0.0,220.0,206.0,220.0,2.0,15575500.0,3322214600.0,692.0,408.2,220.0,1068000.0,218.0,63000.0,3966350139.0,3966350139.0,2073211218.0,0.0,0.0,,0.0,0.0,0.0
2025-11-27,220.0,0.0,0.0,242.0,200.0,200.0,-20.0,23153300.0,5109988200.0,829.0,371.1,212.0,49100.0,200.0,8399000.0,3966350139.0,3966350139.0,2073211218.0,0.0,0.0,,36350000.0,7997000000.0,2.0
2025-11-28,200.0,230.0,222.0,232.0,193.0,208.0,8.0,80388400.0,16959513500.0,6713.0,386.0,210.0,341900.0,208.0,11100.0,3966350139.0,3966350139.0,2073211218.0,25900.0,2100.0,,20080000.0,5180640000.0,1.0
2025-12-01,208.0,204.0,202.0,204.0,179.0,180.0,-28.0,44027500.0,8249568100.0,4463.0,334.0,180.0,177600.0,179.0,687300.0,3966350139.0,3966350139.0,2073211218.0,2100.0,31300.0,,13630000.0,3053120000.0,1.0
2025-12-02,180.0,180.0,182.0,192.0,178.0,179.0,-1.0,18291800.0,3350285200.0,1733.0,332.2,181.0,109200.0,179.0,8300.0,3966350139.0,3966350139.0,2073211218.0,0.0,44700.0,,58765600.0,10577808000.0,3.0
2025-12-03,179.0,179.0,178.0,184.0,154.0,173.0,-6.0,73887300.0,12401305100.0,5232.0,321.0,173.0,166100.0,172.0,136900.0,3966350139.0,3966350139.0,2073211218.0,1341200.0,1639700.0,,50000000.0,8950000000.0,1.0
2025-12-04,173.0,173.0,173.0,182.0,161.0,174.0,1.0,17621900.0,3089782900.0,1813.0,322.9,175.0,55400.0,174.0,147600.0,3966350139.0,3966350139.0,2073211218.0,741300.0,469000.0,,20000.0,3580000.0,1.0
2025-12-05,174.0,176.0,178.0,228.0,176.0,191.0,17.0,116978900.0,23977366300.0,10914.0,354.4,191.0,482500.0,190.0,54800.0,3966350139.0,3966350139.0,2073211218.0,1408400.0,2206400.0,,105000000.0,15800000000.0,4.0
2025-12-08,191.0,192.0,192.0,202.0,177.0,179.0,-12.0,27916900.0,5109134700.0,3007.0,332.2,180.0,200000.0,179.0,413900.0,3966350139.0,3966350139.0,2073211218.0,1343900.0,994500.0,,75600000.0,13490400000.0,3.0
2025-12-09,179.0,180.0,180.0,188.0,171.0,182.0,3.0,27976300.0,4969167400.0,2398.0,337.7,182.0,1750800.0,181.0,227200.0,3966350139.0,3966350139.0,2073211218.0,1775800.0,2074500.0,,17708800.0,3194501600.0,2.0
2025-12-10,182.0,182.0,182.0,183.0,167.0,168.0,-14.0,62332100.0,10737566600.0,2219.0,311.7,169.0,3000.0,168.0,138500.0,3966350139.0,3966350139.0,2073211218.0,761600.0,57600.0,,0.0,0.0,0.0
2025-12-11,168.0,168.0,169.0,175.0,160.0,164.0,-4.0,21426300.0,3520386500.0,1610.0,304.3,164.0,453000.0,163.0,2500.0,3966350139.0,3966350139.0,2073211218.0,92000.0,3132400.0,,0.0,0.0,0.0
2025-12-12,164.0,163.0,163.0,165.0,156.0,159.0,-5.0,48165500.0,7704852300.0,1292.0,295.0,160.0,80300.0,159.0,221600.0,3966350139.0,3966350139.0,2073211218.0,449200.0,2224500.0,,0.0,0.0,0.0
2025-12-15,159.0,163.0,163.0,206.0,163.0,184.0,25.0,217974000.0,40245799900.0,12781.0,341.4,185.0,121800.0,184.0,102200.0,3966350139.0,3966350139.0,2073211218.0,19826300.0,28453900.0,,0.0,0.0,0.0
2025-12-16,184.0,183.0,182.0,191.0,159.0,181.0,-3.0,29923400.0,5404061200.0,2576.0,335.9,182.0,317500.0,181.0,42400.0,3966350139.0,3966350139.0,2073211218.0,2356100.0,9398000.0,,0.0,0.0,0.0
2025-12-17,181.0,187.0,188.0,218.0,184.0,200.0,19.0,146675300.0,29067791300.0,8285.0,371.1,200.0,12900.0,199.0,122000.0,3966350139.0,3966350139.0,2073211218.0,9229800.0,19874500.0,,0.0,0.0,0.0
2025-12-18,200.0,202.0,202.0,206.0,188.0,192.0,-8.0,44795900.0,8779703800.0,3767.0,356.3,192.0,3000.0,191.0,5300.0,3966350139.0,3966350139.0,2073211218.0,7032900.0,850100.0,,0.0,0.0,0.0
2025-12-19,192.0,192.0,192.0,193.0,174.0,175.0,-17.0,18545700.0,3392490800.0,1625.0,324.7,177.0,3600.0,175.0,148300.0,3966350139.0,3966350139.0,2073211218.0,563700.0,2105300.0,,0.0,0.0,0.0
2025-12-22,175.0,170.0,172.0,179.0,167.0,169.0,-6.0,20145100.0,3450311500.0,1635.0,313.6,170.0,412800.0,169.0,179900.0,3966350139.0,3966350139.0,2073211218.0,3833600.0,923800.0,,0.0,0.0,0.0
2025-12-23,169.0,170.0,171.0,178.0,164.0,168.0,-1.0,61136100.0,10317970900.0,1666.0,311.7,169.0,118400.0,168.0,10200.0,3966350139.0,3966350139.0,2073211218.0,1918500.0,5066900.0,,0.0,0.0,0.0
2025-12-24,168.0,168.0,167.0,180.0,167.0,170.0,2.0,19990900.0,3429781100.0,1418.0,315.5,170.0,353900.0,169.0,82000.0,3966350139.0,3966350139.0,2073211218.0,1471900.0,3493900.0,,200000.0,34000000.0,1.0
2025-12-29,170.0,172.0,172.0,179.0,167.0,168.0,-2.0,18257700.0,3090110500.0,1261.0,311.7,169.0,407600.0,168.0,43200.0,3966350139.0,3966350139.0,2073211218.0,542400.0,3257500.0,,0.0,0.0,0.0
2025-12-30,168.0,168.0,169.0,173.0,160.0,160.0,-8.0,61259300.0,10076089300.0,2049.0,296.9,163.0,5000.0,160.0,325100.0,3966350139.0,3966350139.0,2073211218.0,2442100.0,2523200.0,,0.0,0.0,0.0
2026-01-02,160.0,162.0,161.0,163.0,154.0,155.0,-5.0,48684300.0,7669821600.0,2804.0,287.6,157.0,22500.0,155.0,16500.0,3966350139.0,3966350139.0,1943511568.0,7022500.0,2085600.0,,0.0,0.0,0.0
2026-01-05,155.0,158.0,158.0,165.0,148.0,158.0,3.0,58284500.0,8972785400.0,3462.0,293.2,159.0,273000.0,157.0,10000.0,3966350139.0,3966350139.0,1943511568.0,6213600.0,3525300.0,,0.0,0.0,0.0
2026-01-06,158.0,158.0,160.0,160.0,150.0,154.0,-4.0,25011700.0,3863208100.0,1399.0,285.8,154.0,97000.0,153.0,1387400.0,3966350139.0,3966350139.0,1943511568.0,630900.0,4768700.0,,5347500.0,999982500.0,1.0
2026-01-07,154.0,156.0,156.0,168.0,153.0,156.0,2.0,77510200.0,12317812500.0,4347.0,289.5,157.0,65100.0,156.0,407000.0,3966350139.0,3966350139.0,1943511568.0,12589200.0,5924800.0,,200000.0,31400000.0,1.0
2026-01-08,156.0,156.0,157.0,184.0,153.0,176.0,20.0,141104400.0,24189058500.0,7715.0,326.6,177.0,505800.0,176.0,334900.0,3966350139.0,3966350139.0,1943511568.0,12212300.0,23753900.0,,12820500.0,1999998000.0,1.0
2026-01-09,176.0,177.0,177.0,182.0,170.0,176.0,0.0,80412200.0,14274712600.0,4450.0,326.6,177.0,93600.0,176.0,3731300.0,3966350139.0,3966350139.0,1943511568.0,9564200.0,4950900.0,,0.0,0.0,0.0
2026-01-12,176.0,177.0,178.0,182.0,161.0,173.0,-3.0,98471800.0,17024342800.0,5198.0,321.0,174.0,10100.0,173.0,153700.0,3966350139.0,3966350139.0,1943511568.0,18768800.0,13260500.0,,0.0,0.0,0.0
2026-01-13,173.0,174.0,175.0,177.0,155.0,157.0,-16.0,51134500.0,8321326200.0,2979.0,291.3,157.0,162500.0,156.0,919000.0,3966350139.0,3966350139.0,1943511568.0,9352800.0,1343700.0,,0.0,0.0,0.0
2026-01-14,157.0,162.0,162.0,174.0,155.0,157.0,0.0,63611400.0,10378207400.0,3479.0,291.3,158.0,128700.0,157.0,24900.0,3966350139.0,3966350139.0,1943511568.0,8958400.0,2141100.0,,0.0,0.0,0.0
2026-01-15,157.0,157.0,158.0,160.0,149.0,150.0,-7.0,44445200.0,6780164600.0,2484.0,278.3,151.0,50000.0,149.0,751700.0,3966350139.0,3966350139.0,1943511568.0,7060600.0,2319900.0,,205000.0,36695000.0,1.0
2026-01-19,150.0,151.0,153.0,158.0,142.0,152.0,2.0,50479700.0,7562499500.0,2939.0,282.1,152.0,78900.0,150.0,39000.0,3966350139.0,3966350139.0,1943511568.0,5298300.0,3646000.0,,0.0,0.0,0.0
2026-01-20,152.0,152.0,153.0,154.0,143.0,150.0,-2.0,21345900.0,3215585700.0,1347.0,278.3,151.0,190000.0,150.0,354000.0,3966350139.0,3966350139.0,1943511568.0,576300.0,682300.0,,0.0,0.0,0.0
2026-01-21,150.0,150.0,150.0,163.0,145.0,154.0,4.0,45700500.0,7075277700.0,2533.0,285.8,155.0,140000.0,154.0,180500.0,3966350139.0,3966350139.0,1943511568.0,3089600.0,3211500.0,,205000.0,36900000.0,1.0
2026-01-22,154.0,158.0,158.0,159.0,149.0,150.0,-4.0,22685400.0,3474443300.0,1864.0,278.3,151.0,1500.0,150.0,321500.0,3966350139.0,3966350139.0,1943511568.0,1471200.0,933400.0,,0.0,0.0,0.0
2026-01-23,150.0,151.0,151.0,151.0,146.0,149.0,-1.0,11403800.0,1682087100.0,776.0,276.5,150.0,429300.0,149.0,33100.0,3966350139.0,3966350139.0,1943511568.0,411700.0,620200.0,,0.0,0.0,0.0
2026-01-26,149.0,148.0,148.0,150.0,141.0,149.0,0.0,39623100.0,5796463400.0,1294.0,276.5,149.0,6300.0,148.0,3100.0,3966350139.0,3966350139.0,1943511568.0,1145700.0,976900.0,,0.0,0.0,0.0
2026-01-27,149.0,149.0,149.0,150.0,140.0,141.0,-8.0,15944400.0,2290959800.0,1007.0,261.6,142.0,983400.0,141.0,56600.0,3966350139.0,3966350139.0,1943511568.0,889200.0,3007400.0,,207000.0,37260000.0,1.0
2026-01-28,141.0,141.0,140.0,141.0,120.0,120.0,-21.0,37914400.0,4760599300.0,1881.0,222.7,120.0,1308300.0,0.0,0.0,3966350139.0,3966350139.0,1943511568.0,788200.0,10373900.0,,207000.0,37260000.0,1.0
2026-01-29,120.0,107.0,108.0,129.0,102.0,122.0,2.0,32790300.0,3528471700.0,1478.0,226.4,122.0,77300.0,121.0,14600.0,3966350139.0,3966350139.0,1943511568.0,2251300.0,10614900.0,,0.0,0.0,0.0
2026-01-30,122.0,118.0,119.0,133.0,118.0,119.0,-3.0,9472500.0,1153990200.0,668.0,220.8,120.0,57200.0,119.0,160800.0,3966350139.0,3966350139.0,1943511568.0,1991800.0,1475600.0,,0.0,0.0,0.0
2026-02-02,119.0,127.0,127.0,127.0,104.0,113.0,-6.0,13794200.0,1575923800.0,1274.0,209.7,114.0,399800.0,113.0,9100.0,3966350139.0,3966350139.0,1943511568.0,2809800.0,3463000.0,,0.0,0.0,0.0
2026-02-03,113.0,117.0,117.0,119.0,112.0,116.0,3.0,16062800.0,1842666000.0,1113.0,215.3,116.0,2673700.0,115.0,50000.0,3966350139.0,3966350139.0,1943511568.0,2210000.0,3462600.0,,0.0,0.0,0.0
2026-02-04,116.0,110.0,109.0,115.0,99.0,106.0,-10.0,83922300.0,8660772100.0,4745.0,196.7,106.0,819400.0,105.0,6700.0,3966350139.0,3966350139.0,1943511568.0,15705000.0,12317000.0,,0.0,0.0,0.0
2026-02-05,106.0,93.0,94.0,105.0,91.0,91.0,-15.0,79973500.0,7595872800.0,3650.0,168.9,91.0,3156700.0,0.0,0.0,3966350139.0,3966350139.0,1943511568.0,3170900.0,15930900.0,,0.0,0.0,0.0
2026-02-06,91.0,84.0,84.0,103.0,82.0,93.0,2.0,64300400.0,5893785400.0,3519.0,172.6,93.0,650300.0,92.0,22900.0,3966350139.0,3966350139.0,1943511568.0,12220800.0,13332000.0,,0.0,0.0,0.0
2026-02-09,93.0,93.0,93.0,102.0,86.0,98.0,5.0,33559500.0,3208053800.0,2457.0,181.9,98.0,104600.0,97.0,14400.0,3966350139.0,3966350139.0,1943511568.0,2658300.0,6090000.0,,0.0,0.0,0.0
2026-02-10,98.0,103.0,103.0,110.0,97.0,101.0,3.0,33139400.0,3360558100.0,2362.0,187.4,101.0,401000.0,100.0,11000.0,3966350139.0,3966350139.0,1943511568.0,6690100.0,6688800.0,,0.0,0.0,0.0
2026-02-11,101.0,102.0,101.0,121.0,100.0,110.0,9.0,98229200.0,10955224600.0,6290.0,204.1,111.0,46900.0,110.0,1074000.0,3966350139.0,3966350139.0,1943511568.0,17654700.0,13620500.0,,0.0,0.0,0.0
2026-02-12,110.0,116.0,116.0,148.0,111.0,148.0,38.0,304462200.0,43080715100.0,18411.0,274.6,0.0,0.0,148.0,14554400.0,3966350139.0,3966350139.0,1943511568.0,27974400.0,38750900.0,,0.0,0.0,0.0
2026-02-13,148.0,162.0,163.0,163.0,127.0,129.0,-19.0,224276100.0,30700455800.0,18480.0,239.4,129.0,217500.0,128.0,240000.0,3966350139.0,3966350139.0,1943511568.0,38866000.0,10029800.0,,0.0,0.0,0.0
2026-02-18,129.0,128.0,128.0,130.0,118.0,125.0,-4.0,47974400.0,5940391700.0,4731.0,232.0,126.0,513900.0,125.0,1611300.0,3966350139.0,3966350139.0,1943511568.0,1332000.0,10808500.0,,0.0,0.0,0.0
2026-02-19,125.0,125.0,126.0,132.0,121.0,123.0,-2.0,52601900.0,6621937700.0,3997.0,228.2,124.0,77600.0,123.0,308800.0,3966350139.0,3966350139.0,1943511568.0,9650200.0,5514300.0,,0.0,0.0,0.0
2026-02-20,123.0,123.0,123.0,124.0,116.0,117.0,-6.0,26775700.0,3195560000.0,2332.0,217.1,118.0,828200.0,117.0,511100.0,3966350139.0,3966350139.0,1943511568.0,2864300.0,631600.0,,0.0,0.0,0.0
2026-02-23,117.0,114.0,115.0,127.0,112.0,120.0,3.0,71474400.0,8690264600.0,4329.0,222.7,121.0,59800.0,120.0,4300.0,3966350139.0,3966350139.0,1943511568.0,8945400.0,5335500.0,,0.0,0.0,0.0
2026-02-24,120.0,123.0,123.0,123.0,114.0,116.0,-4.0,19811400.0,2334424000.0,1606.0,215.3,117.0,6300.0,116.0,48700.0,3966350139.0,3966350139.0,1943511568.0,1657600.0,2932600.0,,0.0,0.0,0.0
2026-02-25,116.0,117.0,117.0,121.0,113.0,116.0,0.0,59515100.0,6961359300.0,1956.0,215.3,116.0,121300.0,115.0,285100.0,3966350139.0,3966350139.0,1943511568.0,4557800.0,10897700.0,,0.0,0.0,0.0
2026-02-26,116.0,116.0,117.0,118.0,110.0,114.0,-2.0,37263900.0,4229249600.0,2018.0,211.5,115.0,249500.0,114.0,200.0,3966350139.0,3966350139.0,1943511568.0,3347400.0,1544000.0,,0.0,0.0,0.0
2026-02-27,114.0,114.0,113.0,114.0,104.0,109.0,-5.0,32302800.0,3456875100.0,1558.0,202.3,110.0,55500.0,109.0,678500.0,3966350139.0,3966350139.0,1943511568.0,646900.0,2796600.0,,0.0,0.0,0.0
2026-03-02,109.0,106.0,105.0,108.0,95.0,100.0,-9.0,30142500.0,3078741700.0,1743.0,185.6,100.0,94200.0,99.0,55000.0,3966350139.0,3966350139.0,1943511568.0,2786500.0,6841400.0,,0.0,0.0,0.0
2026-03-03,100.0,100.0,99.0,105.0,96.0,101.0,1.0,38894200.0,3887627200.0,1220.0,187.4,102.0,298600.0,101.0,952500.0,3966350139.0,3966350139.0,1943511568.0,1470400.0,8887600.0,,0.0,0.0,0.0
2026-03-04,101.0,102.0,102.0,104.0,88.0,92.0,-9.0,26923400.0,2507272100.0,1254.0,170.7,94.0,20200.0,92.0,32300.0,3966350139.0,3966350139.0,1943511568.0,3002800.0,10967500.0,,0.0,0.0,0.0
2026-03-05,92.0,95.0,96.0,100.0,94.0,97.0,5.0,10175200.0,984422000.0,691.0,180.0,98.0,113600.0,97.0,391800.0,3966350139.0,3966350139.0,1943511568.0,1910300.0,2547100.0,,0.0,0.0,0.0
2026-03-06,97.0,0.0,0.0,98.0,91.0,97.0,0.0,27215900.0,2557400800.0,617.0,180.0,97.0,107800.0,95.0,654200.0,3966350139.0,3966350139.0,1943511568.0,681200.0,3335700.0,,0.0,0.0,0.0
2026-03-09,97.0,93.0,92.0,93.0,87.0,88.0,-9.0,15747800.0,1408370900.0,805.0,163.3,88.0,146600.0,87.0,347900.0,3966350139.0,3966350139.0,1943511568.0,2636100.0,5459900.0,,20548700.0,1993223900.0,1.0
2026-03-10,88.0,88.0,89.0,97.0,88.0,91.0,3.0,11475300.0,1053288600.0,1118.0,168.9,91.0,481300.0,90.0,2594900.0,3966350139.0,3966350139.0,1943511568.0,1700200.0,1994000.0,,132205800.0,11634110400.0,1.0
2026-03-11,91.0,90.0,91.0,100.0,90.0,95.0,4.0,28962200.0,2753224800.0,1344.0,176.3,96.0,56300.0,95.0,1400.0,3966350139.0,3966350139.0,1943511568.0,3372200.0,867300.0,,0.0,0.0,0.0
2026-03-12,95.0,95.0,96.0,98.0,88.0,88.0,-7.0,8941300.0,825369600.0,698.0,163.3,89.0,55500.0,87.0,348600.0,3966350139.0,3966350139.0,1943511568.0,2685800.0,976400.0,,0.0,0.0,0.0
2026-03-13,88.0,89.0,90.0,99.0,85.0,86.0,-2.0,25515500.0,2307440400.0,1673.0,159.6,86.0,125200.0,85.0,723200.0,3966350139.0,3966350139.0,1943511568.0,3403400.0,2458300.0,,0.0,0.0,0.0
2026-03-16,86.0,88.0,87.0,88.0,77.0,77.0,-9.0,10479500.0,845679400.0,780.0,142.9,80.0,23200.0,77.0,1394800.0,3966350139.0,3966350139.0,1943511568.0,368100.0,1477300.0,,400000.0,34400000.0,1.0
2026-03-17,77.0,80.0,79.0,100.0,78.0,92.0,15.0,102767000.0,9746065600.0,9810.0,170.7,92.0,512700.0,91.0,611800.0,3966350139.0,3966350139.0,1943511568.0,17877800.0,6423800.0,,3902700.0,312216000.0,1.0
2026-03-25,92.0,93.0,93.0,97.0,79.0,83.0,-9.0,99338300.0,8355347700.0,5578.0,154.0,83.0,1102400.0,82.0,255800.0,3966350139.0,3966350139.0,1943511568.0,3093200.0,9909500.0,,0.0,0.0,0.0
2026-03-26,83.0,83.0,83.0,84.0,80.0,80.0,-3.0,22772000.0,1852616200.0,1916.0,148.5,81.0,13000.0,80.0,91200.0,3966350139.0,3966350139.0,1943511568.0,1989000.0,1766800.0,,0.0,0.0,0.0
2026-03-27,80.0,81.0,82.0,92.0,78.0,80.0,0.0,75310600.0,6250013300.0,4359.0,148.5,80.0,1813300.0,79.0,387000.0,3966350139.0,3966350139.0,1943511568.0,15563500.0,9309500.0,,0.0,0.0,0.0
2026-03-30,80.0,78.0,78.0,82.0,75.0,77.0,-3.0,26561500.0,2059212400.0,1535.0,142.9,77.0,1637800.0,76.0,172900.0,3966350139.0,3966350139.0,1943511568.0,829100.0,4142100.0,,0.0,0.0,0.0
2026-03-31,77.0,77.0,78.0,79.0,73.0,73.0,-4.0,34022400.0,2576874400.0,1119.0,135.5,73.0,541400.0,72.0,433900.0,3966350139.0,3966350139.0,1943511568.0,1456800.0,708000.0,,0.0,0.0,0.0
2026-04-01,73.0,73.0,74.0,77.0,73.0,74.0,1.0,9048900.0,676144500.0,1921.0,137.3,74.0,941400.0,73.0,1115900.0,3966350139.0,3966350139.0,1943511568.0,204700.0,339600.0,,0.0,0.0,0.0
2026-04-02,74.0,73.0,73.0,80.0,72.0,73.0,-1.0,9561000.0,713385700.0,819.0,135.5,74.0,13300.0,73.0,275200.0,3966350139.0,3966350139.0,1943511568.0,501100.0,764200.0,,0.0,0.0,0.0
2026-04-06,73.0,73.0,73.0,79.0,71.0,75.0,2.0,12055600.0,908937000.0,1089.0,139.2,75.0,178800.0,74.0,615200.0,3966350139.0,3966350139.0,1943511568.0,434000.0,540600.0,,0.0,0.0,0.0
2026-04-07,75.0,73.0,74.0,78.0,71.0,73.0,-2.0,20045700.0,1471783200.0,1519.0,135.5,74.0,97600.0,73.0,78100.0,3966350139.0,3966350139.0,1943511568.0,1110100.0,1943000.0,,0.0,0.0,0.0
2026-04-08,73.0,73.0,74.0,77.0,70.0,73.0,0.0,28537700.0,2069925900.0,1695.0,135.5,74.0,50000.0,73.0,128300.0,3966350139.0,3966350139.0,1943511568.0,185900.0,3290200.0,,0.0,0.0,0.0
2026-04-09,73.0,74.0,74.0,89.0,72.0,81.0,8.0,178741600.0,14813012200.0,10102.0,150.3,82.0,658100.0,81.0,120100.0,3966350139.0,3966350139.0,1943511568.0,21960600.0,13284900.0,,0.0,0.0,0.0
2026-04-10,81.0,81.0,82.0,85.0,77.0,79.0,-2.0,49241300.0,3965416100.0,2804.0,146.6,80.0,1942900.0,79.0,96100.0,3966350139.0,3966350139.0,1943511568.0,2446500.0,4532900.0,,0.0,0.0,0.0
2026-04-13,79.0,80.0,81.0,89.0,78.0,84.0,5.0,72521400.0,6125758900.0,6095.0,155.9,85.0,1135400.0,84.0,102800.0,3966350139.0,3966350139.0,1943511568.0,8556200.0,8717900.0,,0.0,0.0,0.0
2026-04-14,84.0,85.0,86.0,88.0,82.0,86.0,2.0,52557000.0,4470478100.0,2702.0,159.6,87.0,1927500.0,86.0,14900.0,3966350139.0,3966350139.0,1943511568.0,1309800.0,5617500.0,,0.0,0.0,0.0
2026-04-15,86.0,87.0,86.0,88.0,82.0,83.0,-3.0,64700600.0,5443556600.0,3219.0,154.0,83.0,106900.0,82.0,694000.0,3966350139.0,3966350139.0,1943511568.0,4012700.0,2245400.0,,0.0,0.0,0.0
2026-04-16,83.0,83.0,84.0,84.0,81.0,82.0,-1.0,27580800.0,2269113400.0,1817.0,152.2,83.0,751200.0,82.0,12900.0,3966350139.0,3966350139.0,1943511568.0,139600.0,311700.0,,0.0,0.0,0.0
2026-04-17,82.0,82.0,82.0,86.0,81.0,83.0,1.0,26446500.0,2195353100.0,1509.0,154.0,83.0,314300.0,82.0,1871600.0,3966350139.0,3966350139.0,1943511568.0,2701800.0,1280700.0,,0.0,0.0,0.0
2026-04-20,83.0,83.0,83.0,86.0,77.0,78.0,-5.0,36637200.0,2954112400.0,2191.0,144.7,79.0,320800.0,78.0,793400.0,3966350139.0,3966350139.0,1943511568.0,3141300.0,1673100.0,,0.0,0.0,0.0
2026-04-21,78.0,77.0,77.0,82.0,73.0,81.0,3.0,61530000.0,4754467300.0,3447.0,150.3,81.0,100400.0,80.0,34800.0,3966350139.0,3966350139.0,1943511568.0,1942500.0,5694700.0,,0.0,0.0,0.0
2026-04-22,81.0,81.0,81.0,82.0,78.0,79.0,-2.0,27649900.0,2206109800.0,1432.0,146.6,80.0,228200.0,79.0,346300.0,3966350139.0,3966350139.0,1943511568.0,430300.0,3177200.0,,0.0,0.0,0.0
2026-04-23,79.0,80.0,80.0,85.0,79.0,81.0,2.0,46323700.0,3793838200.0,3125.0,150.3,81.0,58700.0,80.0,656200.0,3966350139.0,3966350139.0,1943511568.0,4841600.0,3465100.0,,0.0,0.0,0.0
2026-04-24,81.0,82.0,82.0,82.0,74.0,75.0,-6.0,35889500.0,2763897200.0,2002.0,139.2,75.0,298000.0,74.0,2016400.0,3966350139.0,3966350139.0,1943511568.0,4194300.0,3491200.0,,0.0,0.0,0.0
2026-04-27,75.0,75.0,74.0,79.0,74.0,76.0,1.0,16967600.0,1288520500.0,919.0,141.0,76.0,121800.0,75.0,3040800.0,3966350139.0,3966350139.0,1943511568.0,1180500.0,2434900.0,,0.0,0.0,0.0
2026-04-28,76.0,80.0,79.0,102.0,77.0,102.0,26.0,393869100.0,38094513800.0,16162.0,189.3,0.0,0.0,102.0,47392300.0,3966350139.0,3966350139.0,1943511568.0,27085100.0,34658300.0,,0.0,0.0,0.0
2026-04-29,102.0,117.0,118.0,125.0,95.0,104.0,2.0,1129374400.0,126298128500.0,64453.0,193.0,105.0,550400.0,104.0,695500.0,3966350139.0,3966350139.0,1943511568.0,93569400.0,53074500.0,,0.0,0.0,0.0
2026-04-30,104.0,104.0,104.0,105.0,89.0,94.0,-10.0,171756400.0,16517281000.0,14980.0,174.4,95.0,26300.0,94.0,16800.0,3966350139.0,3966350139.0,1943511568.0,13374500.0,23536700.0,,0.0,0.0,0.0
2026-05-04,94.0,95.0,95.0,110.0,93.0,99.0,5.0,227981900.0,23197951200.0,15751.0,183.7,100.0,296700.0,99.0,1505600.0,3966350139.0,3966350139.0,1943511568.0,31193700.0,22517400.0,,0.0,0.0,0.0
2026-05-05,99.0,96.0,98.0,103.0,89.0,92.0,-7.0,136523700.0,12995151800.0,7346.0,170.7,93.0,1220000.0,92.0,820400.0,3966350139.0,3966350139.0,1943511568.0,7230600.0,15638300.0,,0.0,0.0,0.0
2026-05-06,92.0,92.0,92.0,98.0,87.0,89.0,-3.0,91463700.0,8363606600.0,5730.0,165.2,90.0,958700.0,89.0,784200.0,3966350139.0,3966350139.0,1943511568.0,12263300.0,6907400.0,,31579000.0,3000005000.0,1.0
2026-05-07,89.0,89.0,90.0,94.0,84.0,86.0,-3.0,102254100.0,9091944000.0,6504.0,159.6,87.0,657600.0,86.0,1630000.0,3966350139.0,3966350139.0,1943511568.0,12954600.0,6730900.0,,0.0,0.0,0.0
2026-05-08,86.0,86.0,86.0,89.0,83.0,84.0,-2.0,53914400.0,4607690700.0,3194.0,155.9,84.0,629100.0,83.0,1060300.0,3966350139.0,3966350139.0,1943511568.0,3705100.0,5972600.0,,17480529.0,1573247610.0,1.0
