date,previous,open_price,first_trade,high,low,close,change,volume,value,frequency,index_individual,offer,offer_volume,bid,bid_volume,listed_shares,tradeble_shares,weight_for_index,foreign_sell,foreign_buy,delisting_date,non_regular_volume,non_regular_value,non_regular_frequency
2023-08-10,100.0,0.0,0.0,90.0,90.0,90.0,-10.0,12331000.0,1109790000.0,981.0,90.0,90.0,119906900.0,0.0,0.0,1460000000.0,360000000.0,0.0,0.0,63100.0,,24225000.0,2422500000.0,3.0
2023-08-11,90.0,0.0,0.0,81.0,81.0,81.0,-9.0,2744200.0,222280200.0,494.0,81.0,81.0,90397600.0,0.0,0.0,1460000000.0,360000000.0,0.0,0.0,5000.0,,0.0,0.0,0.0
2023-08-14,81.0,0.0,0.0,73.0,73.0,73.0,-8.0,6381100.0,465820300.0,578.0,73.0,73.0,47416000.0,0.0,0.0,1460000000.0,360000000.0,0.0,0.0,500.0,,0.0,0.0,0.0
2023-08-15,73.0,0.0,0.0,66.0,66.0,66.0,-7.0,10288600.0,679047600.0,709.0,66.0,66.0,45808400.0,0.0,0.0,1460000000.0,360000000.0,0.0,240200.0,40000.0,,25775000.0,1701150000.0,1.0
2023-08-16,66.0,0.0,0.0,65.0,60.0,60.0,-6.0,9465400.0,570032000.0,581.0,60.0,60.0,56560500.0,0.0,0.0,1460000000.0,360000000.0,0.0,0.0,20000.0,,55500.0,3663000.0,1.0
2023-08-18,60.0,0.0,0.0,59.0,54.0,59.0,-1.0,198293000.0,11037698300.0,11054.0,59.0,60.0,1422300.0,59.0,49960000.0,1460000000.0,360000000.0,0.0,305600.0,0.0,,6900.0,276000.0,1.0
2023-08-21,59.0,0.0,0.0,64.0,54.0,56.0,-3.0,192806600.0,10943175900.0,13913.0,56.0,56.0,924200.0,55.0,318200.0,1460000000.0,360000000.0,0.0,1920100.0,705000.0,,0.0,0.0,0.0
2023-08-22,56.0,0.0,0.0,56.0,51.0,53.0,-3.0,112041200.0,5910032300.0,6280.0,53.0,53.0,484600.0,52.0,1022800.0,1460000000.0,360000000.0,0.0,17100.0,0.0,,0.0,0.0,0.0
2023-08-23,53.0,0.0,0.0,56.0,53.0,54.0,1.0,202441200.0,11017296800.0,8650.0,54.0,55.0,2135300.0,54.0,10895900.0,1460000000.0,360000000.0,0.0,0.0,13000.0,,0.0,0.0,0.0
2023-08-24,54.0,0.0,0.0,55.0,51.0,55.0,1.0,149475800.0,8001888700.0,5963.0,55.0,55.0,2427200.0,54.0,23200.0,1460000000.0,360000000.0,0.0,45000.0,0.0,,0.0,0.0,0.0
2023-08-25,55.0,0.0,0.0,56.0,53.0,56.0,1.0,155741100.0,8484375700.0,3819.0,56.0,56.0,1380500.0,55.0,900.0,1460000000.0,360000000.0,0.0,0.0,0.0,,0.0,0.0,0.0
2023-08-28,56.0,0.0,0.0,59.0,55.0,55.0,-1.0,105918800.0,5937130900.0,2894.0,55.0,56.0,2263700.0,55.0,30109200.0,1460000000.0,360000000.0,0.0,0.0,0.0,,400.0,21600.0,1.0
2023-08-29,55.0,0.0,0.0,55.0,52.0,53.0,-2.0,148755400.0,7938785000.0,3859.0,53.0,53.0,2060400.0,52.0,1974300.0,1460000000.0,360000000.0,0.0,30000.0,0.0,,200.0,10800.0,1.0
2023-08-30,53.0,0.0,0.0,54.0,51.0,53.0,0.0,57905500.0,3032926100.0,4354.0,53.0,53.0,912200.0,52.0,270200.0,1460000000.0,360000000.0,0.0,0.0,20000.0,,0.0,0.0,0.0
2023-08-31,53.0,0.0,0.0,53.0,50.0,51.0,-2.0,57542900.0,2969914100.0,3120.0,51.0,51.0,1446900.0,50.0,1364300.0,1460000000.0,360000000.0,0.0,0.0,0.0,,0.0,0.0,0.0
2023-09-01,51.0,0.0,0.0,51.0,46.0,46.0,-5.0,67809300.0,3246832700.0,5559.0,46.0,46.0,431700.0,0.0,0.0,1460000000.0,360000000.0,0.0,500.0,100000.0,,0.0,0.0,0.0
2023-09-04,46.0,0.0,0.0,48.0,42.0,42.0,-4.0,26282600.0,1109452100.0,3031.0,42.0,42.0,6287200.0,0.0,0.0,1460000000.0,360000000.0,0.0,1696300.0,0.0,,0.0,0.0,0.0
2023-09-05,42.0,0.0,0.0,43.0,38.0,42.0,0.0,170086200.0,7026160600.0,7201.0,42.0,42.0,800.0,41.0,200000.0,1460000000.0,360000000.0,0.0,0.0,0.0,,0.0,0.0,0.0
2023-09-06,42.0,0.0,0.0,43.0,40.0,43.0,1.0,235030600.0,9863137800.0,5345.0,43.0,44.0,1373200.0,43.0,3333400.0,1460000000.0,360000000.0,0.0,0.0,0.0,,0.0,0.0,0.0
2023-09-07,43.0,0.0,0.0,44.0,41.0,43.0,0.0,241987700.0,10211210500.0,3921.0,43.0,43.0,5603100.0,42.0,300.0,1460000000.0,360000000.0,0.0,0.0,0.0,,0.0,0.0,0.0
2023-09-08,43.0,0.0,0.0,43.0,39.0,42.0,-1.0,108057100.0,4433086900.0,1890.0,42.0,42.0,1002100.0,41.0,246300.0,1460000000.0,360000000.0,0.0,0.0,100.0,,0.0,0.0,0.0
2023-09-11,42.0,0.0,0.0,42.0,39.0,41.0,-1.0,194994200.0,7967483400.0,4644.0,41.0,41.0,798300.0,40.0,941000.0,1460000000.0,360000000.0,0.0,0.0,15000.0,,0.0,0.0,0.0
2023-09-12,41.0,0.0,0.0,42.0,40.0,41.0,0.0,237240400.0,9741466400.0,9256.0,41.0,41.0,7000.0,40.0,1743300.0,1460000000.0,360000000.0,0.0,0.0,0.0,,0.0,0.0,0.0
2023-09-13,41.0,0.0,0.0,42.0,40.0,42.0,1.0,208591200.0,8554699500.0,6490.0,42.0,42.0,2125700.0,41.0,493700.0,1460000000.0,360000000.0,0.0,0.0,0.0,,0.0,0.0,0.0
2023-09-14,42.0,0.0,0.0,42.0,40.0,42.0,0.0,132148300.0,5418660200.0,4588.0,42.0,42.0,1920800.0,41.0,355000.0,1460000000.0,360000000.0,0.0,0.0,0.0,,0.0,0.0,0.0
2023-09-15,42.0,0.0,0.0,43.0,40.0,42.0,0.0,242474700.0,10049899600.0,3233.0,42.0,43.0,2061200.0,41.0,1863800.0,1460000000.0,360000000.0,0.0,15000.0,0.0,,0.0,0.0,0.0
2023-09-18,42.0,0.0,0.0,43.0,40.0,41.0,-1.0,112320800.0,4694029400.0,2034.0,41.0,41.0,636000.0,40.0,2547900.0,1460000000.0,360000000.0,0.0,0.0,0.0,,0.0,0.0,0.0
2023-09-19,41.0,0.0,0.0,41.0,40.0,40.0,-1.0,2855000.0,114319700.0,270.0,40.0,40.0,160400.0,39.0,1282600.0,1460000000.0,360000000.0,0.0,28900.0,0.0,,0.0,0.0,0.0
2023-09-20,40.0,0.0,0.0,40.0,37.0,38.0,-2.0,83667700.0,3254182400.0,2801.0,38.0,39.0,160000.0,37.0,2169200.0,1460000000.0,360000000.0,0.0,0.0,20000.0,,0.0,0.0,0.0
2023-09-21,38.0,0.0,0.0,40.0,38.0,40.0,2.0,173126200.0,6751453400.0,4046.0,40.0,40.0,2670100.0,38.0,1031400.0,1460000000.0,360000000.0,0.0,0.0,0.0,,0.0,0.0,0.0
2023-09-22,40.0,0.0,0.0,40.0,38.0,38.0,-2.0,2713300.0,103765300.0,303.0,38.0,39.0,413400.0,37.0,789200.0,1460000000.0,360000000.0,0.0,97500.0,5000.0,,0.0,0.0,0.0
2023-09-25,38.0,0.0,0.0,39.0,36.0,37.0,-1.0,148929500.0,5664214900.0,4336.0,37.0,37.0,19400.0,36.0,3129500.0,1460000000.0,360000000.0,0.0,182500.0,930000.0,,1600.0,148800.0,1.0
2023-09-26,37.0,0.0,0.0,38.0,36.0,36.0,-1.0,225721700.0,8503839400.0,5030.0,36.0,37.0,332400.0,36.0,245800.0,1460000000.0,360000000.0,0.0,803200.0,575100.0,,0.0,0.0,0.0
2023-09-27,36.0,0.0,0.0,37.0,35.0,35.0,-1.0,149528000.0,5322772100.0,4032.0,35.0,35.0,100700.0,34.0,828300.0,1460000000.0,360000000.0,0.0,493100.0,69300.0,,0.0,0.0,0.0
2023-09-29,35.0,0.0,0.0,36.0,32.0,34.0,-1.0,39549500.0,1382402100.0,868.0,34.0,35.0,1239700.0,34.0,5737700.0,1460000000.0,360000000.0,0.0,0.0,0.0,,0.0,0.0,0.0
2023-10-02,34.0,0.0,0.0,37.0,34.0,37.0,3.0,5875100.0,214337900.0,325.0,37.0,0.0,0.0,37.0,6897900.0,1460000000.0,360000000.0,0.0,316500.0,0.0,,0.0,0.0,0.0
2023-10-03,37.0,0.0,0.0,40.0,35.0,36.0,-1.0,42756300.0,1639717700.0,1973.0,36.0,37.0,266300.0,36.0,348100.0,1460000000.0,360000000.0,0.0,21800.0,49300.0,,0.0,0.0,0.0
2023-10-04,36.0,0.0,0.0,37.0,34.0,36.0,0.0,32205300.0,1157188700.0,1520.0,36.0,36.0,554700.0,35.0,615900.0,1460000000.0,360000000.0,0.0,49300.0,627100.0,,0.0,0.0,0.0
2023-10-05,36.0,0.0,0.0,37.0,35.0,36.0,0.0,252567100.0,9091760600.0,4475.0,36.0,36.0,2705500.0,35.0,575400.0,1460000000.0,360000000.0,0.0,632100.0,500000.0,,0.0,0.0,0.0
2023-10-06,36.0,0.0,0.0,36.0,35.0,36.0,0.0,1934200.0,68114900.0,160.0,36.0,36.0,2370800.0,35.0,297400.0,1460000000.0,360000000.0,0.0,0.0,0.0,,0.0,0.0,0.0
2023-10-09,36.0,0.0,0.0,36.0,35.0,35.0,-1.0,45908200.0,1651333700.0,1683.0,35.0,36.0,187000.0,35.0,55700.0,1460000000.0,360000000.0,0.0,0.0,0.0,,0.0,0.0,0.0
2023-10-10,35.0,0.0,0.0,36.0,33.0,35.0,0.0,23909700.0,833713800.0,867.0,35.0,36.0,921700.0,35.0,6400.0,1460000000.0,360000000.0,0.0,0.0,1373100.0,,0.0,0.0,0.0
2023-10-11,35.0,0.0,0.0,35.0,33.0,34.0,-1.0,38229600.0,1299934000.0,2285.0,34.0,34.0,416200.0,33.0,1380500.0,1460000000.0,360000000.0,0.0,0.0,0.0,,0.0,0.0,0.0
2023-10-12,34.0,0.0,0.0,34.0,31.0,32.0,-2.0,6928400.0,226822600.0,478.0,32.0,32.0,1687900.0,31.0,1622300.0,1460000000.0,360000000.0,0.0,607800.0,1055100.0,,0.0,0.0,0.0
2023-10-13,32.0,0.0,0.0,32.0,31.0,32.0,0.0,2803000.0,88895900.0,241.0,32.0,32.0,630300.0,31.0,543900.0,1460000000.0,360000000.0,0.0,499400.0,0.0,,0.0,0.0,0.0
2023-10-16,32.0,0.0,0.0,32.0,29.0,30.0,-2.0,16182200.0,493941900.0,1002.0,30.0,30.0,154300.0,29.0,1513700.0,1460000000.0,360000000.0,0.0,1816000.0,0.0,,0.0,0.0,0.0
2023-10-17,30.0,0.0,0.0,31.0,27.0,31.0,1.0,4800800.0,143128800.0,423.0,31.0,31.0,1037600.0,30.0,1119300.0,1460000000.0,360000000.0,0.0,25000.0,0.0,,800.0,24000.0,1.0
2023-10-18,31.0,0.0,0.0,31.0,29.0,29.0,-2.0,5289800.0,156314300.0,336.0,29.0,30.0,570800.0,29.0,638400.0,1460000000.0,360000000.0,0.0,0.0,0.0,,0.0,0.0,0.0
2023-10-19,29.0,0.0,0.0,30.0,28.0,28.0,-1.0,4314600.0,122221100.0,295.0,28.0,29.0,493500.0,27.0,1500500.0,1460000000.0,360000000.0,0.0,0.0,10000.0,,0.0,0.0,0.0
2023-10-20,28.0,0.0,0.0,29.0,27.0,27.0,-1.0,2085100.0,56819000.0,199.0,27.0,28.0,464100.0,27.0,1276800.0,1460000000.0,360000000.0,0.0,0.0,0.0,,0.0,0.0,0.0
2023-10-23,27.0,0.0,0.0,28.0,26.0,28.0,1.0,1286500.0,35097300.0,155.0,28.0,28.0,978100.0,27.0,1035900.0,1460000000.0,360000000.0,0.0,100000.0,0.0,,0.0,0.0,0.0
2023-10-24,28.0,0.0,0.0,29.0,27.0,28.0,0.0,1149700.0,31701500.0,149.0,28.0,28.0,285100.0,27.0,1488000.0,1460000000.0,360000000.0,0.0,0.0,0.0,,0.0,0.0,0.0
2023-10-25,28.0,0.0,0.0,29.0,27.0,28.0,0.0,591200.0,16610300.0,87.0,28.0,29.0,1451100.0,28.0,1340800.0,1460000000.0,360000000.0,0.0,0.0,0.0,,0.0,0.0,0.0
2023-10-26,28.0,0.0,0.0,30.0,28.0,30.0,2.0,7232600.0,214110200.0,424.0,30.0,0.0,0.0,30.0,100800.0,1460000000.0,360000000.0,0.0,0.0,0.0,,0.0,0.0,0.0
2023-10-27,30.0,0.0,0.0,33.0,30.0,33.0,3.0,5130200.0,166513900.0,402.0,33.0,0.0,0.0,33.0,1272500.0,1460000000.0,360000000.0,0.0,0.0,0.0,,0.0,0.0,0.0
2023-10-30,33.0,0.0,0.0,36.0,34.0,36.0,3.0,7614500.0,271986200.0,397.0,36.0,0.0,0.0,36.0,2888000.0,1460000000.0,360000000.0,0.0,0.0,0.0,,0.0,0.0,0.0
2023-10-31,36.0,0.0,0.0,39.0,33.0,34.0,-2.0,18918200.0,667296900.0,1124.0,34.0,35.0,652100.0,34.0,125200.0,1460000000.0,360000000.0,0.0,0.0,0.0,,500.0,17500.0,1.0
2023-11-01,34.0,0.0,0.0,34.0,31.0,31.0,-3.0,3831600.0,120257500.0,247.0,31.0,31.0,1519700.0,0.0,0.0,1460000000.0,360000000.0,0.0,0.0,0.0,,0.0,0.0,0.0
2023-11-02,31.0,0.0,0.0,32.0,28.0,31.0,0.0,7740400.0,231753600.0,397.0,31.0,31.0,63100.0,30.0,520300.0,1460000000.0,360000000.0,0.0,40000.0,0.0,,0.0,0.0,0.0
2023-11-03,31.0,0.0,0.0,32.0,30.0,31.0,0.0,1594100.0,48489700.0,130.0,31.0,32.0,391400.0,30.0,1759800.0,1460000000.0,360000000.0,0.0,0.0,0.0,,0.0,0.0,0.0
2023-11-06,31.0,0.0,0.0,34.0,29.0,34.0,3.0,13089200.0,431287700.0,542.0,34.0,0.0,0.0,34.0,5947700.0,1460000000.0,360000000.0,0.0,0.0,0.0,,0.0,0.0,0.0
2023-11-07,34.0,0.0,0.0,36.0,34.0,35.0,1.0,5623200.0,197077300.0,368.0,35.0,36.0,841300.0,35.0,37600.0,1460000000.0,360000000.0,0.0,0.0,0.0,,0.0,0.0,0.0
2023-11-08,35.0,0.0,0.0,36.0,34.0,35.0,0.0,3064400.0,106455900.0,188.0,35.0,36.0,1638400.0,35.0,398300.0,1460000000.0,360000000.0,0.0,0.0,0.0,,0.0,0.0,0.0
2023-11-09,35.0,0.0,0.0,38.0,34.0,38.0,3.0,8620400.0,318633700.0,382.0,38.0,0.0,0.0,38.0,2009800.0,1460000000.0,360000000.0,0.0,0.0,0.0,,0.0,0.0,0.0
2023-11-10,38.0,0.0,0.0,40.0,36.0,39.0,1.0,2997000.0,116651700.0,499.0,39.0,39.0,60800.0,38.0,727700.0,1460000000.0,360000000.0,0.0,0.0,0.0,,0.0,0.0,0.0
2023-11-13,39.0,0.0,0.0,39.0,36.0,36.0,-3.0,2945900.0,109501500.0,348.0,36.0,37.0,241600.0,36.0,131000.0,1460000000.0,360000000.0,0.0,0.0,0.0,,0.0,0.0,0.0
2023-11-14,36.0,0.0,0.0,37.0,35.0,35.0,-1.0,622900.0,22313400.0,139.0,35.0,37.0,125200.0,35.0,220100.0,1460000000.0,360000000.0,0.0,0.0,0.0,,0.0,0.0,0.0
2023-11-15,35.0,0.0,0.0,38.0,35.0,38.0,3.0,5188800.0,194615200.0,566.0,38.0,0.0,0.0,38.0,18600.0,1460000000.0,360000000.0,0.0,0.0,0.0,,0.0,0.0,0.0
2023-11-16,38.0,0.0,0.0,39.0,36.0,37.0,-1.0,1794300.0,66135300.0,158.0,37.0,37.0,199900.0,36.0,1852300.0,1460000000.0,360000000.0,0.0,0.0,0.0,,0.0,0.0,0.0
2023-11-17,37.0,0.0,0.0,38.0,36.0,37.0,0.0,770200.0,28136400.0,99.0,37.0,37.0,271700.0,36.0,352600.0,1460000000.0,360000000.0,0.0,0.0,0.0,,0.0,0.0,0.0
2023-11-20,37.0,0.0,0.0,39.0,35.0,36.0,-1.0,6113400.0,232322200.0,201.0,36.0,36.0,324300.0,35.0,332200.0,1460000000.0,360000000.0,0.0,0.0,0.0,,0.0,0.0,0.0
2023-11-21,36.0,0.0,0.0,39.0,35.0,37.0,1.0,7727200.0,286271200.0,155.0,37.0,37.0,64500.0,36.0,49900.0,1460000000.0,360000000.0,0.0,0.0,0.0,,0.0,0.0,0.0
2023-11-22,37.0,0.0,0.0,40.0,36.0,37.0,0.0,5606200.0,214576500.0,198.0,37.0,38.0,169300.0,37.0,2177200.0,1460000000.0,360000000.0,0.0,0.0,0.0,,0.0,0.0,0.0
2023-11-23,37.0,0.0,0.0,39.0,36.0,37.0,0.0,994400.0,36773200.0,155.0,37.0,38.0,248800.0,37.0,147400.0,1460000000.0,360000000.0,0.0,0.0,0.0,,0.0,0.0,0.0
2023-11-24,37.0,0.0,0.0,38.0,36.0,37.0,0.0,2602500.0,94165900.0,140.0,37.0,37.0,3419800.0,36.0,433400.0,1460000000.0,360000000.0,0.0,0.0,0.0,,0.0,0.0,0.0
2023-11-27,37.0,0.0,0.0,37.0,35.0,36.0,-1.0,1831500.0,65937300.0,131.0,36.0,37.0,488400.0,36.0,361900.0,1460000000.0,360000000.0,0.0,0.0,0.0,,0.0,0.0,0.0
2023-11-28,36.0,0.0,0.0,37.0,36.0,37.0,1.0,383100.0,13821200.0,81.0,37.0,37.0,923500.0,36.0,5200.0,1460000000.0,360000000.0,0.0,0.0,0.0,,0.0,0.0,0.0
2023-11-29,37.0,0.0,0.0,37.0,36.0,37.0,0.0,886500.0,32070400.0,89.0,37.0,37.0,600100.0,36.0,348400.0,1460000000.0,360000000.0,0.0,0.0,0.0,,0.0,0.0,0.0
2023-11-30,37.0,0.0,0.0,37.0,34.0,35.0,-2.0,1934100.0,67165600.0,239.0,35.0,35.0,212900.0,34.0,921700.0,1460000000.0,360000000.0,0.0,0.0,0.0,,0.0,0.0,0.0
2023-12-01,35.0,0.0,0.0,37.0,33.0,35.0,0.0,472900.0,16307600.0,105.0,35.0,35.0,239400.0,34.0,267300.0,1460000000.0,360000000.0,0.0,0.0,0.0,,0.0,0.0,0.0
2023-12-04,35.0,0.0,0.0,35.0,34.0,34.0,-1.0,497100.0,16943400.0,82.0,34.0,35.0,443300.0,34.0,55200.0,1460000000.0,360000000.0,0.0,0.0,0.0,,0.0,0.0,0.0
2023-12-05,34.0,0.0,0.0,35.0,33.0,34.0,0.0,222000.0,7474900.0,79.0,34.0,34.0,148700.0,33.0,291800.0,1460000000.0,360000000.0,0.0,0.0,0.0,,0.0,0.0,0.0
2023-12-06,34.0,0.0,0.0,34.0,32.0,33.0,-1.0,458400.0,15226700.0,99.0,33.0,34.0,486000.0,33.0,212000.0,1460000000.0,360000000.0,0.0,0.0,0.0,,0.0,0.0,0.0
2023-12-07,33.0,0.0,0.0,35.0,31.0,32.0,-1.0,730700.0,23504100.0,94.0,32.0,33.0,71100.0,32.0,101000.0,1460000000.0,360000000.0,0.0,0.0,0.0,,0.0,0.0,0.0
2023-12-08,32.0,0.0,0.0,32.0,30.0,32.0,0.0,421800.0,13083200.0,158.0,32.0,32.0,175600.0,31.0,61600.0,1460000000.0,360000000.0,0.0,0.0,0.0,,0.0,0.0,0.0
2023-12-11,32.0,0.0,0.0,32.0,29.0,29.0,-3.0,1918400.0,56616500.0,200.0,29.0,29.0,31200.0,0.0,0.0,1460000000.0,360000000.0,0.0,0.0,0.0,,0.0,0.0,0.0
2023-12-12,29.0,0.0,0.0,31.0,29.0,31.0,2.0,665300.0,20097400.0,120.0,31.0,31.0,812400.0,30.0,32200.0,1460000000.0,360000000.0,0.0,0.0,0.0,,0.0,0.0,0.0
2023-12-13,31.0,0.0,0.0,32.0,30.0,31.0,0.0,274500.0,8514400.0,41.0,31.0,31.0,211000.0,30.0,206000.0,1460000000.0,360000000.0,0.0,0.0,0.0,,0.0,0.0,0.0
2023-12-14,31.0,0.0,0.0,31.0,28.0,28.0,-3.0,3873400.0,109351100.0,268.0,28.0,29.0,265100.0,28.0,401800.0,1460000000.0,360000000.0,0.0,0.0,0.0,,0.0,0.0,0.0
2023-12-15,28.0,0.0,0.0,29.0,27.0,28.0,0.0,469500.0,13084000.0,69.0,28.0,28.0,945500.0,27.0,999200.0,1460000000.0,360000000.0,0.0,0.0,0.0,,0.0,0.0,0.0
2023-12-18,28.0,0.0,0.0,28.0,27.0,28.0,0.0,683700.0,18925000.0,80.0,28.0,28.0,158600.0,27.0,944600.0,1460000000.0,360000000.0,0.0,0.0,0.0,,0.0,0.0,0.0
2023-12-19,28.0,0.0,0.0,30.0,27.0,29.0,1.0,609000.0,17189200.0,99.0,29.0,29.0,636500.0,28.0,49000.0,1460000000.0,360000000.0,0.0,0.0,0.0,,0.0,0.0,0.0
2023-12-20,29.0,0.0,0.0,29.0,27.0,28.0,-1.0,528100.0,14734900.0,62.0,28.0,29.0,211600.0,27.0,1242400.0,1460000000.0,360000000.0,0.0,0.0,0.0,,0.0,0.0,0.0
2023-12-21,28.0,0.0,0.0,28.0,26.0,27.0,-1.0,2911200.0,77352100.0,189.0,27.0,27.0,804300.0,26.0,845200.0,1460000000.0,360000000.0,0.0,0.0,0.0,,0.0,0.0,0.0
2023-12-22,27.0,0.0,0.0,27.0,25.0,26.0,-1.0,1210900.0,30744700.0,81.0,26.0,26.0,6400.0,25.0,1128100.0,1460000000.0,360000000.0,0.0,0.0,0.0,,0.0,0.0,0.0
2023-12-27,26.0,0.0,0.0,26.0,24.0,24.0,-2.0,2041900.0,49193800.0,196.0,24.0,24.0,1900.0,0.0,0.0,1460000000.0,360000000.0,0.0,0.0,0.0,,0.0,0.0,0.0
2023-12-28,24.0,0.0,0.0,24.0,22.0,23.0,-1.0,2376600.0,53905900.0,169.0,23.0,24.0,290800.0,22.0,1590900.0,1460000000.0,360000000.0,0.0,5600.0,0.0,,0.0,0.0,0.0
2023-12-29,23.0,0.0,0.0,25.0,22.0,24.0,1.0,808700.0,19064900.0,120.0,24.0,24.0,142500.0,23.0,872600.0,1460000000.0,360000000.0,0.0,0.0,0.0,,0.0,0.0,0.0
2024-01-02,24.0,0.0,0.0,26.0,23.0,26.0,2.0,1270000.0,32312600.0,128.0,26.0,26.0,712800.0,25.0,8000.0,1460000000.0,360000000.0,0.0,0.0,0.0,,0.0,0.0,0.0
2024-01-03,26.0,0.0,0.0,27.0,25.0,26.0,0.0,874700.0,22427000.0,99.0,26.0,26.0,34200.0,25.0,407900.0,1460000000.0,360000000.0,0.0,0.0,0.0,,0.0,0.0,0.0
2024-01-04,26.0,0.0,0.0,27.0,25.0,27.0,1.0,387300.0,10107300.0,94.0,27.0,27.0,2215800.0,26.0,10000.0,1460000000.0,360000000.0,0.0,0.0,0.0,,0.0,0.0,0.0
2024-01-05,27.0,0.0,0.0,28.0,26.0,27.0,0.0,680800.0,18068100.0,90.0,27.0,27.0,57900.0,26.0,36100.0,1460000000.0,360000000.0,0.0,0.0,0.0,,0.0,0.0,0.0
2024-01-08,27.0,0.0,0.0,27.0,25.0,26.0,-1.0,716300.0,18412000.0,153.0,26.0,26.0,50000.0,25.0,331200.0,1460000000.0,360000000.0,0.0,0.0,0.0,,0.0,0.0,0.0
2024-01-09,26.0,0.0,0.0,26.0,24.0,26.0,0.0,1091300.0,26644400.0,185.0,26.0,26.0,231600.0,25.0,800.0,1460000000.0,360000000.0,0.0,0.0,0.0,,0.0,0.0,0.0
2024-01-10,26.0,0.0,0.0,26.0,24.0,26.0,0.0,379800.0,9490900.0,70.0,26.0,26.0,170600.0,25.0,66500.0,1460000000.0,360000000.0,0.0,0.0,0.0,,0.0,0.0,0.0
2024-01-11,26.0,0.0,0.0,27.0,24.0,24.0,-2.0,878700.0,21907400.0,114.0,24.0,26.0,268300.0,24.0,643500.0,1460000000.0,360000000.0,0.0,0.0,0.0,,0.0,0.0,0.0
2024-01-12,24.0,0.0,0.0,26.0,24.0,26.0,2.0,1578400.0,40073600.0,129.0,26.0,26.0,19200.0,25.0,320000.0,1460000000.0,360000000.0,0.0,0.0,0.0,,0.0,0.0,0.0
2024-01-15,26.0,0.0,0.0,27.0,25.0,27.0,1.0,478200.0,12493500.0,93.0,27.0,27.0,133700.0,26.0,13400.0,1460000000.0,360000000.0,0.0,0.0,0.0,,0.0,0.0,0.0
2024-01-16,27.0,0.0,0.0,27.0,25.0,27.0,0.0,407700.0,10562500.0,72.0,27.0,27.0,216400.0,26.0,2600.0,1460000000.0,360000000.0,0.0,0.0,0.0,,0.0,0.0,0.0
2024-01-17,27.0,0.0,0.0,27.0,25.0,27.0,0.0,1104000.0,28642500.0,92.0,27.0,27.0,1027400.0,26.0,155300.0,1460000000.0,360000000.0,0.0,0.0,0.0,,0.0,0.0,0.0
2024-01-18,27.0,0.0,0.0,27.0,25.0,26.0,-1.0,199100.0,5145100.0,67.0,26.0,27.0,1436400.0,25.0,592300.0,1460000000.0,360000000.0,0.0,0.0,0.0,,0.0,0.0,0.0
2024-01-19,26.0,0.0,0.0,27.0,24.0,26.0,0.0,486000.0,12213300.0,70.0,26.0,27.0,943800.0,25.0,46300.0,1460000000.0,360000000.0,0.0,0.0,0.0,,0.0,0.0,0.0
2024-01-22,26.0,0.0,0.0,26.0,25.0,26.0,0.0,138900.0,3503500.0,46.0,26.0,26.0,60100.0,25.0,81800.0,1460000000.0,360000000.0,0.0,0.0,0.0,,0.0,0.0,0.0
2024-01-23,26.0,0.0,0.0,26.0,24.0,24.0,-2.0,831500.0,20254900.0,89.0,24.0,25.0,180100.0,24.0,547500.0,1460000000.0,360000000.0,0.0,0.0,0.0,,0.0,0.0,0.0
2024-01-24,24.0,0.0,0.0,25.0,23.0,24.0,0.0,570800.0,13622600.0,48.0,24.0,24.0,109600.0,23.0,224700.0,1460000000.0,360000000.0,0.0,0.0,0.0,,0.0,0.0,0.0
2024-01-25,24.0,0.0,0.0,25.0,22.0,22.0,-2.0,2250500.0,51759400.0,119.0,22.0,23.0,300000.0,22.0,1137500.0,1460000000.0,360000000.0,0.0,0.0,0.0,,0.0,0.0,0.0
2024-01-26,22.0,0.0,0.0,23.0,22.0,23.0,1.0,176500.0,3915600.0,49.0,23.0,23.0,588700.0,22.0,37700.0,1460000000.0,360000000.0,0.0,0.0,0.0,,0.0,0.0,0.0
2024-01-29,23.0,0.0,0.0,23.0,21.0,23.0,0.0,547800.0,12036700.0,74.0,23.0,23.0,301600.0,22.0,11600.0,1460000000.0,360000000.0,0.0,0.0,0.0,,0.0,0.0,0.0
2024-01-30,23.0,0.0,0.0,25.0,21.0,25.0,2.0,3477500.0,80176900.0,142.0,25.0,25.0,72500.0,24.0,3100.0,1460000000.0,360000000.0,0.0,7000.0,0.0,,0.0,0.0,0.0
2024-01-31,25.0,0.0,0.0,26.0,23.0,25.0,0.0,1209500.0,28865900.0,74.0,25.0,25.0,82600.0,24.0,30000.0,1460000000.0,360000000.0,0.0,0.0,0.0,,12150900.0,461734200.0,1.0
2024-02-01,25.0,0.0,0.0,25.0,23.0,23.0,-2.0,895000.0,20825900.0,99.0,23.0,24.0,416600.0,23.0,5500.0,1460000000.0,360000000.0,0.0,0.0,0.0,,0.0,0.0,0.0
2024-02-02,23.0,0.0,0.0,24.0,22.0,24.0,1.0,56300.0,1295400.0,58.0,24.0,24.0,466800.0,22.0,964600.0,1460000000.0,360000000.0,0.0,0.0,0.0,,0.0,0.0,0.0
2024-02-05,24.0,0.0,0.0,24.0,22.0,24.0,0.0,183200.0,4176800.0,44.0,24.0,24.0,474000.0,23.0,11500.0,1460000000.0,360000000.0,0.0,0.0,0.0,,0.0,0.0,0.0
2024-02-06,24.0,0.0,0.0,24.0,22.0,24.0,0.0,87300.0,2005200.0,39.0,24.0,24.0,292900.0,23.0,16300.0,1460000000.0,360000000.0,0.0,0.0,10000.0,,0.0,0.0,0.0
2024-02-07,24.0,0.0,0.0,24.0,22.0,24.0,0.0,149400.0,3436500.0,41.0,24.0,24.0,446600.0,23.0,10900.0,1460000000.0,360000000.0,0.0,0.0,0.0,,0.0,0.0,0.0
2024-02-12,24.0,0.0,0.0,24.0,22.0,23.0,-1.0,439800.0,9772100.0,73.0,23.0,23.0,36600.0,22.0,323400.0,1460000000.0,360000000.0,0.0,0.0,0.0,,0.0,0.0,0.0
2024-02-13,23.0,0.0,0.0,24.0,22.0,23.0,0.0,890600.0,20437800.0,102.0,23.0,23.0,88200.0,22.0,27600.0,1460000000.0,360000000.0,0.0,0.0,0.0,,0.0,0.0,0.0
2024-02-15,23.0,0.0,0.0,23.0,21.0,22.0,-1.0,691800.0,15162700.0,93.0,22.0,23.0,980300.0,22.0,23400.0,1460000000.0,360000000.0,0.0,0.0,0.0,,12151000.0,461738000.0,1.0
2024-02-16,22.0,0.0,0.0,23.0,21.0,22.0,0.0,553700.0,11670000.0,62.0,22.0,22.0,283600.0,21.0,210200.0,1460000150.0,360000150.0,0.0,0.0,0.0,,0.0,0.0,0.0
2024-02-19,22.0,0.0,0.0,22.0,21.0,21.0,-1.0,380800.0,8054500.0,81.0,21.0,22.0,296900.0,21.0,69600.0,1460000150.0,360000150.0,0.0,0.0,0.0,,0.0,0.0,0.0
2024-02-20,21.0,0.0,0.0,23.0,21.0,22.0,1.0,1360200.0,30166200.0,86.0,22.0,22.0,2000.0,21.0,761500.0,1460000200.0,360000200.0,0.0,25000.0,0.0,,0.0,0.0,0.0
2024-02-21,22.0,0.0,0.0,23.0,20.0,20.0,-2.0,10202300.0,205326600.0,244.0,20.0,20.0,10984300.0,0.0,0.0,1460000300.0,360000300.0,0.0,0.0,0.0,,0.0,0.0,0.0
2024-02-22,20.0,0.0,0.0,20.0,18.0,18.0,-2.0,11906000.0,214529000.0,285.0,18.0,18.0,4530800.0,0.0,0.0,1460000400.0,360000400.0,0.0,0.0,0.0,,0.0,0.0,0.0
2024-02-23,18.0,0.0,0.0,18.0,17.0,17.0,-1.0,7188700.0,122218200.0,143.0,17.0,17.0,535500.0,0.0,0.0,1460000550.0,360000550.0,0.0,0.0,0.0,,0.0,0.0,0.0
2024-02-26,17.0,0.0,0.0,18.0,16.0,18.0,1.0,7837400.0,134698400.0,164.0,18.0,0.0,0.0,18.0,490700.0,1460000602.0,360000602.0,0.0,0.0,0.0,,0.0,0.0,0.0
2024-02-27,18.0,0.0,0.0,19.0,17.0,19.0,1.0,1826600.0,32749900.0,113.0,19.0,19.0,3328700.0,18.0,50000.0,1460000652.0,360000652.0,0.0,0.0,0.0,,0.0,0.0,0.0
2024-02-28,19.0,0.0,0.0,20.0,18.0,20.0,1.0,5309600.0,102942000.0,131.0,20.0,0.0,0.0,20.0,1000.0,1460000702.0,360000702.0,0.0,0.0,0.0,,0.0,0.0,0.0
2024-02-29,20.0,0.0,0.0,22.0,19.0,22.0,2.0,3500900.0,73567000.0,150.0,22.0,0.0,0.0,22.0,172100.0,1460000702.0,360000702.0,0.0,0.0,0.0,,0.0,0.0,0.0
2024-03-01,22.0,0.0,0.0,24.0,22.0,24.0,2.0,2668600.0,61732700.0,186.0,24.0,24.0,816700.0,23.0,50000.0,1460000702.0,360000702.0,0.0,0.0,0.0,,0.0,0.0,0.0
2024-03-04,24.0,0.0,0.0,26.0,22.0,26.0,2.0,4913800.0,116231600.0,353.0,26.0,26.0,935800.0,24.0,20000.0,1460000702.0,360000702.0,0.0,0.0,38000.0,,0.0,0.0,0.0
2024-03-05,26.0,0.0,0.0,26.0,24.0,24.0,-2.0,9457000.0,227198900.0,192.0,24.0,24.0,604800.0,0.0,0.0,1460000702.0,360000702.0,0.0,0.0,0.0,,0.0,0.0,0.0
2024-03-06,24.0,0.0,0.0,24.0,22.0,22.0,-2.0,2685600.0,59464400.0,141.0,22.0,22.0,796300.0,0.0,0.0,1460000702.0,360000702.0,0.0,0.0,0.0,,0.0,0.0,0.0
2024-03-07,22.0,0.0,0.0,22.0,20.0,20.0,-2.0,1658200.0,33184700.0,113.0,20.0,20.0,1348000.0,0.0,0.0,1460000702.0,360000702.0,0.0,0.0,0.0,,0.0,0.0,0.0
2024-03-08,20.0,0.0,0.0,21.0,18.0,20.0,0.0,991300.0,19370400.0,137.0,20.0,20.0,123300.0,19.0,5299300.0,1460001052.0,360001052.0,0.0,0.0,0.0,,0.0,0.0,0.0
2024-03-13,20.0,0.0,0.0,21.0,19.0,20.0,0.0,772400.0,14817900.0,90.0,20.0,20.0,7700.0,19.0,199100.0,1460001052.0,360001052.0,0.0,0.0,0.0,,0.0,0.0,0.0
2024-03-14,20.0,0.0,0.0,21.0,18.0,19.0,-1.0,1773100.0,32750100.0,154.0,19.0,20.0,311400.0,19.0,492200.0,1460001052.0,360001052.0,0.0,0.0,0.0,,0.0,0.0,0.0
2024-03-15,19.0,0.0,0.0,20.0,18.0,20.0,1.0,2102800.0,41107100.0,111.0,20.0,0.0,0.0,20.0,5000000.0,1460001052.0,360001052.0,0.0,38000.0,0.0,,0.0,0.0,0.0
2024-03-18,20.0,0.0,0.0,22.0,20.0,21.0,1.0,4758600.0,102193200.0,142.0,21.0,0.0,0.0,21.0,179300.0,1460001152.0,360001152.0,0.0,0.0,0.0,,0.0,0.0,0.0
2024-03-19,21.0,0.0,0.0,23.0,20.0,21.0,0.0,396100.0,8630100.0,122.0,21.0,23.0,887400.0,21.0,115900.0,1460001202.0,360001202.0,0.0,0.0,0.0,,0.0,0.0,0.0
2024-03-20,21.0,0.0,0.0,23.0,20.0,20.0,-1.0,222500.0,4728200.0,64.0,20.0,22.0,1715400.0,20.0,609000.0,1460001202.0,360001202.0,0.0,0.0,0.0,,0.0,0.0,0.0
2024-03-21,20.0,0.0,0.0,21.0,19.0,19.0,-1.0,170900.0,3391100.0,70.0,19.0,20.0,39700.0,19.0,912300.0,1460001252.0,360001252.0,0.0,0.0,0.0,,1600.0,35200.0,1.0
2024-03-22,19.0,0.0,0.0,20.0,19.0,20.0,1.0,439500.0,8789200.0,30.0,20.0,0.0,0.0,20.0,196200.0,1460001252.0,360001252.0,0.0,0.0,0.0,,0.0,0.0,0.0
2024-03-25,20.0,0.0,0.0,21.0,19.0,20.0,0.0,194300.0,3885100.0,44.0,20.0,21.0,321400.0,20.0,700.0,1460001253.0,360001253.0,0.0,0.0,0.0,,0.0,0.0,0.0
2024-03-26,20.0,0.0,0.0,22.0,19.0,20.0,0.0,2439700.0,47358200.0,174.0,20.0,21.0,614400.0,20.0,188000.0,1460002103.0,360002103.0,0.0,0.0,0.0,,0.0,0.0,0.0
2024-03-27,20.0,0.0,0.0,22.0,18.0,22.0,2.0,6387300.0,128342400.0,174.0,22.0,22.0,1758200.0,20.0,247800.0,1460002103.0,360002103.0,0.0,3100.0,0.0,,0.0,0.0,0.0
2024-03-28,22.0,0.0,0.0,24.0,20.0,23.0,1.0,7614400.0,167712500.0,141.0,23.0,23.0,409400.0,21.0,9300.0,1460002153.0,360002153.0,0.0,0.0,0.0,,0.0,0.0,0.0
2024-04-01,23.0,0.0,0.0,23.0,21.0,21.0,-2.0,747700.0,15908800.0,72.0,21.0,21.0,1047100.0,0.0,0.0,1460002153.0,360002153.0,0.0,0.0,0.0,,0.0,0.0,0.0
2024-04-02,21.0,0.0,0.0,21.0,20.0,21.0,0.0,2565300.0,51325100.0,105.0,21.0,21.0,199800.0,20.0,526200.0,1460002203.0,360002203.0,0.0,0.0,0.0,,0.0,0.0,0.0
2024-04-03,21.0,0.0,0.0,23.0,19.0,20.0,-1.0,5260500.0,112657400.0,994.0,20.0,21.0,663700.0,20.0,552100.0,1460002203.0,360002203.0,0.0,0.0,0.0,,0.0,0.0,0.0
2024-04-04,20.0,0.0,0.0,22.0,20.0,22.0,2.0,645900.0,13364700.0,254.0,22.0,22.0,323500.0,20.0,436300.0,1460002303.0,360002303.0,0.0,0.0,0.0,,0.0,0.0,0.0
2024-04-05,22.0,0.0,0.0,22.0,20.0,22.0,0.0,892200.0,18524200.0,1358.0,22.0,22.0,1247800.0,21.0,151900.0,1460002303.0,360002303.0,0.0,0.0,0.0,,0.0,0.0,0.0
2024-04-16,22.0,0.0,0.0,22.0,20.0,21.0,-1.0,1199200.0,25064500.0,72.0,21.0,22.0,2390700.0,21.0,9600.0,1460002367.0,360002367.0,0.0,0.0,0.0,,0.0,0.0,0.0
2024-04-17,21.0,0.0,0.0,22.0,19.0,20.0,-1.0,2196700.0,45474700.0,73.0,20.0,20.0,12000.0,19.0,2780700.0,1460002367.0,360002367.0,0.0,0.0,0.0,,0.0,0.0,0.0
2024-04-18,20.0,0.0,0.0,22.0,19.0,21.0,1.0,17145200.0,350067500.0,129.0,21.0,21.0,81100.0,20.0,152000.0,1460002617.0,360002617.0,0.0,0.0,0.0,,0.0,0.0,0.0
2024-04-19,21.0,0.0,0.0,22.0,20.0,21.0,0.0,316600.0,6414500.0,35.0,21.0,21.0,546900.0,20.0,542900.0,1460002617.0,360002617.0,0.0,0.0,0.0,,0.0,0.0,0.0
2024-04-22,21.0,0.0,0.0,21.0,20.0,21.0,0.0,156100.0,3180500.0,29.0,21.0,21.0,391600.0,20.0,880000.0,1460002688.0,360002688.0,0.0,0.0,0.0,,0.0,0.0,0.0
2024-04-23,21.0,0.0,0.0,21.0,20.0,21.0,0.0,1262600.0,25297800.0,47.0,21.0,21.0,342200.0,20.0,6000.0,1460002688.0,360002688.0,0.0,0.0,0.0,,0.0,0.0,0.0
2024-04-24,21.0,0.0,0.0,21.0,19.0,21.0,0.0,1028200.0,20134900.0,73.0,21.0,21.0,286100.0,20.0,24100.0,1460002748.0,360002748.0,0.0,0.0,0.0,,0.0,0.0,0.0
2024-04-25,21.0,0.0,0.0,22.0,19.0,21.0,0.0,10711700.0,216958500.0,307.0,21.0,22.0,612400.0,20.0,368000.0,1460002748.0,360002748.0,0.0,0.0,0.0,,0.0,0.0,0.0
2024-04-26,21.0,0.0,0.0,23.0,21.0,22.0,1.0,1947300.0,42714200.0,70.0,22.0,22.0,15200.0,21.0,672000.0,1460002798.0,360002798.0,0.0,0.0,0.0,,0.0,0.0,0.0
2024-04-29,22.0,0.0,0.0,23.0,21.0,21.0,-1.0,698400.0,15400300.0,49.0,21.0,22.0,9800.0,21.0,95500.0,1460002799.0,360002799.0,0.0,0.0,0.0,,0.0,0.0,0.0
2024-04-30,21.0,0.0,0.0,22.0,20.0,21.0,0.0,215700.0,4474400.0,46.0,21.0,21.0,143300.0,20.0,957000.0,1460002799.0,360002799.0,0.0,0.0,0.0,,0.0,0.0,0.0
2024-05-02,21.0,0.0,0.0,22.0,20.0,21.0,0.0,221400.0,4659000.0,35.0,21.0,21.0,59700.0,20.0,944000.0,1460002799.0,360002799.0,0.0,0.0,0.0,,0.0,0.0,0.0
2024-05-03,21.0,0.0,0.0,21.0,20.0,21.0,0.0,334000.0,6752900.0,30.0,21.0,21.0,2422000.0,20.0,776400.0,1460002799.0,360002799.0,0.0,0.0,0.0,,0.0,0.0,0.0
2024-05-06,21.0,0.0,0.0,21.0,20.0,21.0,0.0,180500.0,3692800.0,36.0,21.0,21.0,246100.0,20.0,716800.0,1460002799.0,360002799.0,0.0,0.0,0.0,,0.0,0.0,0.0
2024-05-07,21.0,0.0,0.0,21.0,20.0,21.0,0.0,79400.0,1612700.0,21.0,21.0,21.0,373300.0,20.0,113500.0,1460005549.0,360005549.0,0.0,0.0,0.0,,0.0,0.0,0.0
2024-05-08,21.0,0.0,0.0,21.0,20.0,21.0,0.0,397900.0,7972300.0,40.0,21.0,21.0,359900.0,20.0,375100.0,1460005649.0,360005649.0,0.0,0.0,0.0,,0.0,0.0,0.0
2024-05-13,21.0,0.0,0.0,21.0,19.0,21.0,0.0,495300.0,9912100.0,49.0,21.0,21.0,739200.0,20.0,237800.0,1460005649.0,360005649.0,0.0,0.0,0.0,,0.0,0.0,0.0
2024-05-14,21.0,0.0,0.0,21.0,20.0,21.0,0.0,184800.0,3702100.0,20.0,21.0,21.0,591000.0,20.0,98200.0,1460005699.0,360005699.0,0.0,0.0,0.0,,0.0,0.0,0.0
2024-05-15,21.0,0.0,0.0,21.0,19.0,20.0,-1.0,316600.0,6339600.0,270.0,20.0,20.0,1800.0,19.0,532700.0,1460005699.0,360005699.0,0.0,0.0,0.0,,0.0,0.0,0.0
2024-05-16,20.0,0.0,0.0,21.0,19.0,20.0,0.0,64600.0,1272200.0,96.0,20.0,20.0,132600.0,19.0,1278200.0,1460005699.0,360005699.0,0.0,0.0,0.0,,0.0,0.0,0.0
2024-05-17,20.0,0.0,0.0,20.0,19.0,20.0,0.0,339800.0,6477700.0,32.0,20.0,20.0,302200.0,19.0,861500.0,1460005699.0,360005699.0,0.0,0.0,0.0,,0.0,0.0,0.0
2024-05-20,20.0,0.0,0.0,20.0,19.0,20.0,0.0,64000.0,1274000.0,17.0,20.0,20.0,2375200.0,19.0,399300.0,1460005949.0,360005949.0,0.0,0.0,0.0,,0.0,0.0,0.0
2024-05-21,20.0,0.0,0.0,20.0,19.0,19.0,-1.0,624200.0,11878000.0,43.0,19.0,20.0,666600.0,19.0,114700.0,1460005949.0,360005949.0,0.0,0.0,0.0,,0.0,0.0,0.0
2024-05-22,19.0,0.0,0.0,20.0,18.0,19.0,0.0,422000.0,7999300.0,56.0,19.0,20.0,1456300.0,18.0,3444000.0,1460005999.0,360005999.0,0.0,0.0,0.0,,0.0,0.0,0.0
2024-05-27,19.0,0.0,0.0,20.0,19.0,19.0,0.0,88700.0,1698100.0,25.0,19.0,20.0,2372700.0,19.0,801900.0,1460005999.0,360005999.0,0.0,0.0,0.0,,0.0,0.0,0.0
2024-05-28,19.0,0.0,0.0,20.0,19.0,19.0,0.0,6200.0,122200.0,12.0,19.0,20.0,1695000.0,19.0,399900.0,1460005999.0,360005999.0,0.0,0.0,0.0,,0.0,0.0,0.0
2024-05-29,19.0,0.0,0.0,20.0,18.0,18.0,-1.0,261700.0,4930400.0,43.0,18.0,20.0,1346000.0,18.0,2851100.0,1460005999.0,360005999.0,0.0,0.0,0.0,,0.0,0.0,0.0
2024-05-30,18.0,0.0,0.0,19.0,18.0,18.0,0.0,1063400.0,19229800.0,47.0,18.0,19.0,809400.0,18.0,190400.0,1460006049.0,360006049.0,0.0,0.0,0.0,,0.0,0.0,0.0
2024-05-31,18.0,0.0,0.0,19.0,17.0,17.0,-1.0,499500.0,8692900.0,42.0,17.0,18.0,5800.0,17.0,2044600.0,1460006049.0,360006049.0,0.0,0.0,0.0,,0.0,0.0,0.0
2024-06-03,17.0,0.0,0.0,18.0,16.0,17.0,0.0,1902700.0,32353100.0,64.0,17.0,17.0,6100.0,16.0,5477400.0,1460006099.0,360006099.0,0.0,0.0,0.0,,0.0,0.0,0.0
2024-06-04,17.0,0.0,0.0,18.0,16.0,17.0,0.0,1797700.0,30558100.0,63.0,17.0,17.0,6100.0,16.0,5325600.0,1460006099.0,360006099.0,0.0,0.0,0.0,,0.0,0.0,0.0
2024-06-05,17.0,0.0,0.0,18.0,17.0,17.0,0.0,871100.0,14810300.0,25.0,17.0,18.0,838800.0,17.0,144800.0,1460006149.0,360006149.0,0.0,0.0,0.0,,0.0,0.0,0.0
2024-06-06,17.0,0.0,0.0,18.0,16.0,17.0,0.0,592000.0,10121200.0,28.0,17.0,18.0,984500.0,17.0,13000.0,1460006149.0,360006149.0,0.0,0.0,0.0,,0.0,0.0,0.0
2024-06-07,17.0,0.0,0.0,18.0,17.0,17.0,0.0,213400.0,3631700.0,30.0,17.0,18.0,800700.0,17.0,4200.0,1460006149.0,360006149.0,0.0,0.0,0.0,,0.0,0.0,0.0
2024-06-10,17.0,0.0,0.0,18.0,16.0,17.0,0.0,464000.0,7481800.0,29.0,17.0,17.0,362900.0,16.0,765700.0,1460006149.0,360006149.0,0.0,0.0,0.0,,0.0,0.0,0.0
2024-06-11,17.0,0.0,0.0,17.0,16.0,16.0,-1.0,3011400.0,48910600.0,71.0,16.0,17.0,86500.0,0.0,0.0,1460006149.0,360006149.0,0.0,0.0,0.0,,0.0,0.0,0.0
2024-06-12,16.0,0.0,0.0,16.0,15.0,15.0,-1.0,3555900.0,53623100.0,74.0,15.0,15.0,1272800.0,0.0,0.0,1460006149.0,360006149.0,0.0,0.0,0.0,,0.0,0.0,0.0
2024-06-13,15.0,0.0,0.0,15.0,14.0,14.0,-1.0,1172600.0,16416600.0,49.0,14.0,14.0,1077200.0,0.0,0.0,1460006149.0,360006149.0,0.0,0.0,0.0,,0.0,0.0,0.0
2024-06-14,14.0,0.0,0.0,15.0,13.0,13.0,-1.0,2753900.0,37358900.0,110.0,13.0,14.0,100000.0,13.0,250000.0,1460006149.0,360006149.0,0.0,0.0,0.0,,0.0,0.0,0.0
2024-06-19,13.0,0.0,0.0,14.0,12.0,14.0,1.0,4096900.0,50815700.0,105.0,14.0,14.0,102100.0,13.0,100.0,1460006249.0,360006249.0,0.0,0.0,0.0,,0.0,0.0,0.0
2024-06-20,14.0,0.0,0.0,15.0,13.0,15.0,1.0,751600.0,10551700.0,174.0,15.0,0.0,0.0,15.0,49400.0,1460006249.0,360006249.0,0.0,0.0,0.0,,0.0,0.0,0.0
2024-06-21,15.0,0.0,0.0,16.0,15.0,16.0,1.0,774500.0,12137800.0,58.0,16.0,0.0,0.0,16.0,53400.0,1460006249.0,360006249.0,0.0,0.0,0.0,,0.0,0.0,0.0
2024-06-24,16.0,0.0,0.0,17.0,16.0,17.0,1.0,1565500.0,26501600.0,58.0,17.0,0.0,0.0,17.0,781900.0,1460006399.0,360006399.0,0.0,0.0,0.0,,0.0,0.0,0.0
2024-06-25,17.0,0.0,0.0,18.0,17.0,18.0,1.0,649700.0,11387500.0,131.0,18.0,0.0,0.0,18.0,1383500.0,1460006399.0,360006399.0,0.0,0.0,0.0,,0.0,0.0,0.0
2024-06-26,18.0,0.0,0.0,19.0,17.0,17.0,-1.0,5881800.0,109623000.0,318.0,17.0,17.0,151900.0,0.0,0.0,1460006399.0,360006399.0,0.0,0.0,0.0,,0.0,0.0,0.0
2024-06-27,17.0,0.0,0.0,18.0,16.0,18.0,1.0,317500.0,5378000.0,37.0,18.0,18.0,121100.0,17.0,10700.0,1460006399.0,360006399.0,0.0,0.0,0.0,,0.0,0.0,0.0
2024-06-28,18.0,0.0,0.0,18.0,17.0,17.0,-1.0,258500.0,4473500.0,122.0,17.0,18.0,262200.0,17.0,57400.0,1460006399.0,360006399.0,0.0,0.0,0.0,,0.0,0.0,0.0
2024-07-01,17.0,0.0,0.0,18.0,16.0,16.0,-1.0,1147800.0,18406200.0,327.0,16.0,17.0,416400.0,16.0,4500.0,1460006399.0,360006399.0,0.0,0.0,0.0,,0.0,0.0,0.0
2024-07-02,16.0,0.0,0.0,17.0,15.0,15.0,-1.0,127900.0,2124900.0,172.0,15.0,16.0,1000.0,15.0,912800.0,1460006399.0,360006399.0,0.0,0.0,0.0,,0.0,0.0,0.0
2024-07-03,15.0,0.0,0.0,16.0,14.0,15.0,0.0,967700.0,14693000.0,83.0,15.0,16.0,376700.0,15.0,115900.0,1460006399.0,360006399.0,0.0,0.0,0.0,,0.0,0.0,0.0
2024-07-04,15.0,0.0,0.0,16.0,15.0,15.0,0.0,279300.0,4454100.0,32.0,15.0,16.0,319600.0,15.0,312400.0,1460006399.0,360006399.0,0.0,0.0,0.0,,0.0,0.0,0.0
2024-07-05,15.0,0.0,0.0,16.0,15.0,16.0,1.0,1048400.0,16739900.0,55.0,16.0,0.0,0.0,16.0,21200.0,1460006399.0,360006399.0,0.0,200000.0,0.0,,0.0,0.0,0.0
2024-07-08,16.0,0.0,0.0,17.0,15.0,15.0,-1.0,239500.0,3834300.0,38.0,15.0,16.0,62900.0,15.0,306800.0,1460006399.0,360006399.0,0.0,0.0,0.0,,0.0,0.0,0.0
2024-07-09,15.0,0.0,0.0,16.0,15.0,16.0,1.0,475000.0,7345500.0,55.0,16.0,16.0,129600.0,15.0,284500.0,1460006400.0,360006400.0,0.0,0.0,0.0,,0.0,0.0,0.0
2024-07-10,16.0,0.0,0.0,17.0,15.0,17.0,1.0,339700.0,5434500.0,52.0,17.0,17.0,1160200.0,16.0,5000.0,1460006450.0,360006450.0,0.0,0.0,0.0,,1400.0,22400.0,1.0
2024-07-11,17.0,0.0,0.0,17.0,16.0,16.0,-1.0,352500.0,5701800.0,56.0,16.0,16.0,84400.0,0.0,0.0,1460006450.0,360006450.0,0.0,0.0,0.0,,0.0,0.0,0.0
2024-07-12,16.0,0.0,0.0,17.0,15.0,16.0,0.0,358900.0,5731700.0,36.0,16.0,17.0,419200.0,16.0,94200.0,1460006550.0,360006550.0,0.0,0.0,0.0,,0.0,0.0,0.0
2024-07-15,16.0,0.0,0.0,17.0,16.0,16.0,0.0,9300.0,151300.0,14.0,16.0,17.0,1368000.0,16.0,88200.0,1460006600.0,360006600.0,0.0,0.0,0.0,,0.0,0.0,0.0
2024-07-16,16.0,0.0,0.0,16.0,15.0,16.0,0.0,91200.0,1416700.0,25.0,16.0,16.0,146600.0,15.0,738400.0,1460006650.0,360006650.0,0.0,0.0,0.0,,0.0,0.0,0.0
2024-07-17,16.0,0.0,0.0,16.0,15.0,16.0,0.0,143600.0,2241800.0,17.0,16.0,16.0,167200.0,15.0,674800.0,1460006650.0,360006650.0,0.0,0.0,0.0,,0.0,0.0,0.0
2024-07-18,16.0,0.0,0.0,16.0,15.0,16.0,0.0,95900.0,1479700.0,32.0,16.0,16.0,128600.0,15.0,572600.0,1460006651.0,360006651.0,0.0,0.0,0.0,,1900.0,30400.0,1.0
2024-07-19,16.0,0.0,0.0,17.0,15.0,16.0,0.0,301900.0,4845100.0,44.0,16.0,17.0,570500.0,16.0,14300.0,1460006651.0,360006651.0,0.0,0.0,0.0,,0.0,0.0,0.0
2024-07-22,16.0,0.0,0.0,17.0,16.0,16.0,0.0,38900.0,626500.0,18.0,16.0,17.0,1060600.0,16.0,23600.0,1460006652.0,360006652.0,0.0,0.0,0.0,,20109500.0,442409000.0,1.0
2024-07-23,16.0,0.0,0.0,17.0,16.0,16.0,0.0,103900.0,1664900.0,26.0,16.0,17.0,1157100.0,16.0,21500.0,1460006652.0,360006652.0,0.0,0.0,0.0,,2500.0,42500.0,1.0
2024-07-24,16.0,0.0,0.0,17.0,16.0,17.0,1.0,83000.0,1399200.0,22.0,17.0,17.0,993400.0,16.0,113400.0,1460006652.0,360006652.0,0.0,0.0,0.0,,0.0,0.0,0.0
2024-07-25,17.0,0.0,0.0,17.0,16.0,17.0,0.0,86200.0,1409400.0,26.0,17.0,17.0,757700.0,16.0,156600.0,1460006652.0,360006652.0,0.0,0.0,0.0,,1500.0,25500.0,1.0
2024-07-26,17.0,0.0,0.0,17.0,16.0,17.0,0.0,62700.0,1025300.0,10.0,17.0,17.0,681700.0,16.0,138700.0,1460007303.0,360007303.0,0.0,0.0,0.0,,0.0,0.0,0.0
2024-07-29,17.0,0.0,0.0,17.0,16.0,16.0,-1.0,22500.0,363600.0,16.0,16.0,17.0,1158000.0,16.0,232600.0,1460007353.0,360007353.0,0.0,0.0,0.0,,0.0,0.0,0.0
2024-07-30,16.0,0.0,0.0,17.0,16.0,17.0,1.0,169400.0,2711800.0,20.0,17.0,17.0,2039400.0,16.0,1106100.0,1460007353.0,360007353.0,0.0,0.0,0.0,,0.0,0.0,0.0
2024-07-31,17.0,0.0,0.0,17.0,16.0,17.0,0.0,119500.0,1941600.0,22.0,17.0,17.0,1827200.0,16.0,729300.0,1460007353.0,360007353.0,0.0,0.0,0.0,,0.0,0.0,0.0
2024-08-01,17.0,0.0,0.0,17.0,16.0,17.0,0.0,6400.0,107400.0,14.0,17.0,17.0,975700.0,16.0,200500.0,1460007353.0,360007353.0,0.0,0.0,0.0,,0.0,0.0,0.0
2024-08-02,17.0,0.0,0.0,17.0,16.0,16.0,-1.0,338200.0,5412000.0,29.0,16.0,16.0,164400.0,0.0,0.0,1460007353.0,360007353.0,0.0,0.0,0.0,,0.0,0.0,0.0
2024-08-05,16.0,0.0,0.0,16.0,15.0,16.0,0.0,413600.0,6317600.0,33.0,16.0,16.0,80500.0,15.0,1100.0,1460007553.0,360007553.0,0.0,0.0,0.0,,0.0,0.0,0.0
2024-08-06,16.0,0.0,0.0,16.0,15.0,15.0,-1.0,171500.0,2594300.0,29.0,15.0,15.0,30100.0,0.0,0.0,1460007553.0,360007553.0,0.0,0.0,0.0,,0.0,0.0,0.0
2024-08-07,15.0,0.0,0.0,16.0,15.0,15.0,0.0,51400.0,775100.0,120.0,15.0,15.0,19800.0,14.0,241700.0,1460007603.0,360007603.0,0.0,0.0,0.0,,0.0,0.0,0.0
2024-08-08,15.0,0.0,0.0,15.0,14.0,15.0,0.0,267400.0,3782500.0,46.0,15.0,15.0,518500.0,14.0,594800.0,1460007703.0,360007703.0,0.0,0.0,0.0,,1500.0,24000.0,1.0
2024-08-09,15.0,0.0,0.0,15.0,14.0,15.0,0.0,89000.0,1331900.0,21.0,15.0,15.0,239100.0,14.0,524600.0,1460007703.0,360007703.0,0.0,0.0,0.0,,0.0,0.0,0.0
2024-08-12,15.0,0.0,0.0,15.0,14.0,15.0,0.0,133900.0,1938100.0,29.0,15.0,15.0,238700.0,14.0,502700.0,1460007703.0,1460007703.0,0.0,0.0,0.0,,0.0,0.0,0.0
2024-08-13,15.0,0.0,0.0,15.0,14.0,14.0,-1.0,615500.0,8773200.0,67.0,14.0,15.0,336900.0,14.0,225100.0,1460007753.0,1460007753.0,0.0,0.0,0.0,,0.0,0.0,0.0
2024-08-14,14.0,0.0,0.0,15.0,14.0,14.0,0.0,102800.0,1453600.0,20.0,14.0,15.0,466900.0,14.0,424800.0,1460007754.0,1460007754.0,0.0,0.0,0.0,,0.0,0.0,0.0
2024-08-15,14.0,0.0,0.0,15.0,14.0,15.0,1.0,239500.0,3454700.0,26.0,15.0,15.0,692600.0,14.0,931700.0,1460007754.0,1460007754.0,0.0,0.0,0.0,,1200.0,18000.0,1.0
2024-08-16,15.0,0.0,0.0,15.0,14.0,14.0,-1.0,1542600.0,21603400.0,67.0,14.0,15.0,472300.0,14.0,265600.0,1460007754.0,1460007754.0,0.0,0.0,0.0,,0.0,0.0,0.0
2024-08-19,14.0,0.0,0.0,15.0,14.0,14.0,0.0,146800.0,2077800.0,31.0,14.0,15.0,855300.0,14.0,277600.0,1460007754.0,1460007754.0,0.0,0.0,0.0,,0.0,0.0,0.0
2024-08-20,14.0,0.0,0.0,15.0,14.0,14.0,0.0,686100.0,9610000.0,32.0,14.0,15.0,769900.0,14.0,216900.0,1460007754.0,1460007754.0,0.0,0.0,0.0,,0.0,0.0,0.0
2024-08-21,14.0,0.0,0.0,15.0,13.0,14.0,0.0,362100.0,5072900.0,54.0,14.0,15.0,823700.0,14.0,56500.0,1460007754.0,1460007754.0,0.0,0.0,0.0,,0.0,0.0,0.0
2024-08-22,14.0,0.0,0.0,15.0,14.0,14.0,0.0,377800.0,5467200.0,51.0,14.0,15.0,716900.0,14.0,67300.0,1460007754.0,1460007754.0,0.0,0.0,10000.0,,0.0,0.0,0.0
2024-08-23,14.0,0.0,0.0,15.0,14.0,15.0,1.0,1059800.0,15893500.0,51.0,15.0,0.0,0.0,15.0,177800.0,1460007754.0,1460007754.0,0.0,0.0,0.0,,0.0,0.0,0.0
2024-08-26,15.0,0.0,0.0,16.0,15.0,16.0,1.0,504100.0,8055300.0,43.0,16.0,0.0,0.0,16.0,195500.0,1460007754.0,1460007754.0,0.0,5000.0,0.0,,0.0,0.0,0.0
2024-08-27,16.0,0.0,0.0,17.0,16.0,17.0,1.0,1182200.0,20068900.0,79.0,17.0,0.0,0.0,17.0,557900.0,1460007754.0,1460007754.0,0.0,100000.0,0.0,,0.0,0.0,0.0
2024-08-28,17.0,0.0,0.0,18.0,17.0,17.0,0.0,497100.0,8841100.0,42.0,17.0,18.0,1052300.0,17.0,696300.0,1460007754.0,1460007754.0,0.0,150000.0,0.0,,0.0,0.0,0.0
2024-08-29,17.0,0.0,0.0,18.0,16.0,17.0,0.0,1327700.0,22756300.0,112.0,17.0,17.0,535800.0,16.0,222000.0,1460007754.0,1460007754.0,0.0,0.0,0.0,,0.0,0.0,0.0
2024-08-30,17.0,0.0,0.0,17.0,16.0,17.0,0.0,733900.0,12296400.0,77.0,17.0,18.0,1608700.0,17.0,21300.0,1460007754.0,1460007754.0,0.0,0.0,20000.0,,0.0,0.0,0.0
2024-09-02,17.0,0.0,0.0,18.0,16.0,16.0,-1.0,1427400.0,23436500.0,101.0,16.0,16.0,685500.0,0.0,0.0,1460007754.0,1460007754.0,0.0,0.0,0.0,,0.0,0.0,0.0
2024-09-03,16.0,0.0,0.0,16.0,15.0,16.0,0.0,3291800.0,49469800.0,53.0,16.0,16.0,158600.0,15.0,1420800.0,1460007754.0,1460007754.0,0.0,0.0,0.0,,1900.0,32300.0,1.0
2024-09-04,16.0,0.0,0.0,16.0,15.0,16.0,0.0,881900.0,13332000.0,61.0,16.0,16.0,648200.0,15.0,1144500.0,1460007754.0,1460007754.0,0.0,0.0,0.0,,0.0,0.0,0.0
2024-09-05,16.0,0.0,0.0,17.0,15.0,15.0,-1.0,555700.0,8879300.0,52.0,15.0,16.0,80400.0,15.0,1070200.0,1460007754.0,1460007754.0,0.0,0.0,0.0,,0.0,0.0,0.0
2024-09-06,15.0,0.0,0.0,16.0,15.0,16.0,1.0,397900.0,6365400.0,48.0,16.0,0.0,0.0,16.0,233100.0,1460007754.0,1460007754.0,0.0,0.0,0.0,,0.0,0.0,0.0
2024-09-09,16.0,0.0,0.0,17.0,16.0,16.0,0.0,365600.0,5856500.0,59.0,16.0,17.0,1930600.0,15.0,1351200.0,1460007754.0,1460007754.0,0.0,0.0,0.0,,0.0,0.0,0.0
2024-09-10,16.0,0.0,0.0,16.0,15.0,16.0,0.0,175600.0,2657600.0,15.0,16.0,16.0,618200.0,15.0,1723600.0,1460007754.0,1460007754.0,0.0,0.0,0.0,,1600.0,27200.0,1.0
2024-09-11,16.0,0.0,0.0,16.0,15.0,16.0,0.0,123700.0,1944800.0,18.0,16.0,16.0,576800.0,15.0,1968500.0,1460007754.0,1460007754.0,0.0,0.0,0.0,,4400.0,72800.0,2.0
2024-09-12,16.0,0.0,0.0,16.0,15.0,16.0,0.0,94100.0,1478300.0,25.0,16.0,16.0,417000.0,15.0,747600.0,1460007754.0,1460007754.0,0.0,0.0,0.0,,0.0,0.0,0.0
2024-09-13,16.0,0.0,0.0,17.0,15.0,17.0,1.0,629500.0,10252500.0,43.0,17.0,17.0,3813300.0,15.0,1957400.0,1460007754.0,1460007754.0,0.0,0.0,0.0,,0.0,0.0,0.0
2024-09-17,17.0,0.0,0.0,17.0,16.0,16.0,-1.0,494600.0,8094800.0,50.0,16.0,17.0,3730200.0,16.0,161700.0,1460007754.0,1460007754.0,0.0,0.0,0.0,,0.0,0.0,0.0
2024-09-18,16.0,0.0,0.0,17.0,16.0,16.0,0.0,238200.0,3852700.0,45.0,16.0,17.0,936200.0,16.0,33300.0,1460007754.0,1460007754.0,0.0,0.0,0.0,,0.0,0.0,0.0
2024-09-19,16.0,0.0,0.0,17.0,16.0,16.0,0.0,50300.0,820400.0,39.0,16.0,17.0,4187800.0,16.0,108600.0,1460007754.0,1460007754.0,0.0,0.0,0.0,,0.0,0.0,0.0
2024-09-20,16.0,0.0,0.0,17.0,16.0,16.0,0.0,199200.0,3194500.0,45.0,16.0,17.0,3853300.0,16.0,114300.0,1460007754.0,1460007754.0,0.0,0.0,0.0,,0.0,0.0,0.0
2024-09-23,16.0,0.0,0.0,17.0,15.0,15.0,-1.0,5975400.0,91057900.0,195.0,15.0,15.0,278600.0,0.0,0.0,1460007754.0,1460007754.0,0.0,0.0,0.0,,0.0,0.0,0.0
2024-09-24,15.0,0.0,0.0,15.0,14.0,15.0,0.0,9492500.0,133460000.0,225.0,15.0,15.0,3546200.0,14.0,43700.0,1460007754.0,1460007754.0,0.0,0.0,10000.0,,0.0,0.0,0.0
2024-09-25,15.0,0.0,0.0,15.0,14.0,15.0,0.0,3509600.0,49454700.0,129.0,15.0,15.0,2666600.0,14.0,10000.0,1460007754.0,1460007754.0,0.0,0.0,0.0,,0.0,0.0,0.0
2024-09-26,15.0,0.0,0.0,15.0,14.0,14.0,-1.0,2013600.0,28304200.0,174.0,14.0,14.0,643800.0,0.0,0.0,1460007754.0,1460007754.0,0.0,0.0,0.0,,0.0,0.0,0.0
2024-09-27,14.0,0.0,0.0,14.0,13.0,13.0,-1.0,7838500.0,101928100.0,237.0,13.0,14.0,1334600.0,0.0,0.0,1460007754.0,1460007754.0,0.0,0.0,0.0,,0.0,0.0,0.0
2024-09-30,13.0,0.0,0.0,13.0,12.0,13.0,0.0,15495800.0,186179700.0,346.0,13.0,13.0,750300.0,0.0,0.0,1460007754.0,1460007754.0,0.0,100.0,0.0,,0.0,0.0,0.0
2024-10-01,13.0,0.0,0.0,13.0,12.0,12.0,-1.0,2687100.0,32450200.0,172.0,12.0,12.0,1292100.0,0.0,0.0,1460007754.0,1460007754.0,0.0,0.0,0.0,,0.0,0.0,0.0
2024-10-02,12.0,0.0,0.0,12.0,11.0,12.0,0.0,16165100.0,178359000.0,361.0,12.0,12.0,1812800.0,11.0,128200.0,1460007754.0,1460007754.0,0.0,0.0,0.0,,0.0,0.0,0.0
2024-10-03,12.0,0.0,0.0,12.0,11.0,12.0,0.0,6054600.0,66678900.0,204.0,12.0,12.0,2842400.0,11.0,1600.0,1460007754.0,1460007754.0,0.0,0.0,0.0,,0.0,0.0,0.0
2024-10-04,12.0,0.0,0.0,12.0,11.0,12.0,0.0,3461600.0,38170700.0,309.0,12.0,12.0,3400500.0,0.0,0.0,1460007754.0,1460007754.0,0.0,0.0,0.0,,0.0,0.0,0.0
2024-10-07,12.0,0.0,0.0,12.0,11.0,11.0,-1.0,3002500.0,33058300.0,174.0,11.0,11.0,112700.0,0.0,0.0,1460007754.0,1460007754.0,0.0,0.0,0.0,,0.0,0.0,0.0
2024-10-08,11.0,0.0,0.0,11.0,10.0,11.0,0.0,9919000.0,100106200.0,150.0,11.0,11.0,1511900.0,10.0,4733200.0,1460007754.0,1460007754.0,0.0,0.0,0.0,,0.0,0.0,0.0
2024-10-09,11.0,0.0,0.0,12.0,10.0,12.0,1.0,1594700.0,17464600.0,98.0,12.0,12.0,2938300.0,11.0,60000.0,1460007754.0,1460007754.0,0.0,0.0,0.0,,0.0,0.0,0.0
2024-10-10,12.0,0.0,0.0,12.0,11.0,12.0,0.0,742000.0,8619400.0,49.0,12.0,12.0,3693700.0,11.0,3512100.0,1460007754.0,1460007754.0,0.0,0.0,50000.0,,0.0,0.0,0.0
2024-10-11,12.0,0.0,0.0,13.0,11.0,13.0,1.0,10123100.0,124277700.0,200.0,13.0,0.0,0.0,13.0,530400.0,1460007754.0,1460007754.0,0.0,0.0,0.0,,0.0,0.0,0.0
2024-10-14,13.0,0.0,0.0,14.0,12.0,14.0,1.0,4148400.0,55459600.0,143.0,14.0,14.0,3079400.0,13.0,63200.0,1460007754.0,1460007754.0,0.0,50000.0,0.0,,0.0,0.0,0.0
2024-10-15,14.0,0.0,0.0,14.0,13.0,14.0,0.0,5215500.0,67894300.0,112.0,14.0,14.0,4986500.0,13.0,34700.0,1460007754.0,1460007754.0,0.0,0.0,0.0,,0.0,0.0,0.0
2024-10-16,14.0,0.0,0.0,14.0,13.0,13.0,-1.0,2944500.0,38279400.0,106.0,13.0,13.0,1225900.0,0.0,0.0,1460007754.0,1460007754.0,0.0,0.0,40000.0,,3300.0,42900.0,1.0
2024-10-17,13.0,0.0,0.0,13.0,12.0,12.0,-1.0,4368400.0,52558400.0,147.0,12.0,13.0,2166400.0,12.0,899100.0,1460007754.0,1460007754.0,0.0,0.0,0.0,,0.0,0.0,0.0
2024-10-18,12.0,0.0,0.0,13.0,12.0,12.0,0.0,677500.0,8346100.0,55.0,12.0,13.0,3915600.0,12.0,1131400.0,1460007754.0,1460007754.0,0.0,0.0,0.0,,0.0,0.0,0.0
2024-10-21,12.0,0.0,0.0,13.0,12.0,12.0,0.0,670400.0,8498700.0,86.0,12.0,13.0,3498100.0,12.0,1180300.0,1460007754.0,1460007754.0,0.0,0.0,0.0,,0.0,0.0,0.0
2024-10-22,12.0,0.0,0.0,13.0,12.0,12.0,0.0,1213700.0,15309800.0,69.0,12.0,13.0,4034000.0,12.0,723400.0,1460007754.0,1460007754.0,0.0,0.0,0.0,,0.0,0.0,0.0
2024-10-23,12.0,0.0,0.0,13.0,12.0,13.0,1.0,442300.0,5508300.0,50.0,13.0,13.0,4884600.0,12.0,952100.0,1460007754.0,1460007754.0,0.0,0.0,0.0,,0.0,0.0,0.0
2024-10-24,13.0,0.0,0.0,13.0,12.0,12.0,-1.0,2151100.0,25911100.0,104.0,12.0,12.0,53700.0,0.0,0.0,1460007754.0,1460007754.0,0.0,0.0,0.0,,0.0,0.0,0.0
2024-10-25,12.0,0.0,0.0,13.0,11.0,12.0,0.0,4559600.0,53662400.0,107.0,12.0,12.0,47400.0,11.0,2529400.0,1460007754.0,1460007754.0,0.0,0.0,0.0,,0.0,0.0,0.0
2024-10-28,12.0,0.0,0.0,13.0,11.0,13.0,1.0,1783500.0,22055400.0,114.0,13.0,13.0,5621900.0,12.0,55900.0,1460007754.0,1460007754.0,0.0,0.0,0.0,,0.0,0.0,0.0
2024-10-29,13.0,0.0,0.0,13.0,12.0,12.0,-1.0,3204900.0,38811300.0,151.0,12.0,13.0,6317900.0,12.0,288300.0,1460007754.0,1460007754.0,0.0,0.0,0.0,,7966800.0,95601600.0,1.0
2024-10-30,12.0,0.0,0.0,13.0,11.0,13.0,1.0,861700.0,10367600.0,82.0,13.0,13.0,6862400.0,12.0,7900.0,1460007754.0,1460007754.0,0.0,0.0,0.0,,0.0,0.0,0.0
2024-10-31,13.0,0.0,0.0,13.0,12.0,12.0,-1.0,380800.0,4573600.0,46.0,12.0,13.0,8955300.0,12.0,712000.0,1460007754.0,1460007754.0,0.0,0.0,0.0,,0.0,0.0,0.0
2024-11-01,12.0,0.0,0.0,13.0,11.0,12.0,0.0,1369700.0,15997100.0,63.0,12.0,13.0,4988900.0,12.0,23100.0,1460007754.0,1460007754.0,0.0,0.0,0.0,,0.0,0.0,0.0
2024-11-04,12.0,0.0,0.0,13.0,11.0,12.0,0.0,3382400.0,39999100.0,125.0,12.0,13.0,5018900.0,12.0,947700.0,1460007754.0,1460007754.0,0.0,0.0,0.0,,0.0,0.0,0.0
2024-11-05,12.0,0.0,0.0,13.0,11.0,12.0,0.0,1747600.0,21223100.0,758.0,12.0,13.0,4305800.0,12.0,1124900.0,1460007754.0,1460007754.0,0.0,0.0,0.0,,0.0,0.0,0.0
2024-11-06,12.0,0.0,0.0,13.0,12.0,13.0,1.0,11161500.0,144829200.0,434.0,13.0,0.0,0.0,13.0,918600.0,1460007754.0,1460007754.0,0.0,0.0,0.0,,0.0,0.0,0.0
2024-11-07,13.0,0.0,0.0,14.0,13.0,14.0,1.0,9665600.0,134981200.0,291.0,14.0,14.0,1803600.0,13.0,1635900.0,1460007754.0,1460007754.0,0.0,0.0,0.0,,0.0,0.0,0.0
2024-11-08,14.0,0.0,0.0,14.0,13.0,13.0,-1.0,4747000.0,61909800.0,222.0,13.0,13.0,117300.0,0.0,0.0,1460007754.0,1460007754.0,0.0,0.0,0.0,,0.0,0.0,0.0
2024-11-11,13.0,0.0,0.0,13.0,12.0,12.0,-1.0,2440700.0,29679400.0,125.0,12.0,13.0,3760200.0,12.0,1157800.0,1460007754.0,1460007754.0,0.0,0.0,0.0,,0.0,0.0,0.0
2024-11-12,12.0,0.0,0.0,13.0,11.0,12.0,0.0,2250700.0,27211800.0,85.0,12.0,13.0,4163900.0,12.0,190000.0,1460007754.0,1460007754.0,0.0,0.0,0.0,,0.0,0.0,0.0
2024-11-13,12.0,0.0,0.0,13.0,12.0,12.0,0.0,1208700.0,15341100.0,83.0,12.0,13.0,3885300.0,12.0,917700.0,1460007754.0,1460007754.0,0.0,68500.0,0.0,,0.0,0.0,0.0
2024-11-14,12.0,0.0,0.0,13.0,12.0,13.0,1.0,5162900.0,66535300.0,144.0,13.0,0.0,0.0,13.0,400800.0,1460007754.0,1460007754.0,0.0,0.0,0.0,,0.0,0.0,0.0
2024-11-15,13.0,0.0,0.0,14.0,13.0,14.0,1.0,11445300.0,158806400.0,303.0,14.0,0.0,0.0,14.0,51000.0,1460007754.0,1460007754.0,0.0,0.0,0.0,,0.0,0.0,0.0
2024-11-18,14.0,0.0,0.0,14.0,13.0,13.0,-1.0,2205900.0,29045600.0,125.0,13.0,14.0,2742300.0,13.0,1276200.0,1460007754.0,1460007754.0,0.0,0.0,0.0,,0.0,0.0,0.0
2024-11-19,13.0,0.0,0.0,14.0,12.0,13.0,0.0,2243000.0,29118900.0,103.0,13.0,14.0,5736100.0,13.0,852700.0,1460007754.0,1460007754.0,0.0,0.0,0.0,,0.0,0.0,0.0
2024-11-20,13.0,0.0,0.0,14.0,13.0,13.0,0.0,1936100.0,25267600.0,67.0,13.0,14.0,5729900.0,13.0,1651100.0,1460007754.0,1460007754.0,0.0,0.0,0.0,,0.0,0.0,0.0
2024-11-21,13.0,0.0,0.0,14.0,13.0,14.0,1.0,4625400.0,64076800.0,139.0,14.0,14.0,4955600.0,13.0,1832300.0,1460007754.0,1460007754.0,0.0,0.0,0.0,,0.0,0.0,0.0
2024-11-22,14.0,0.0,0.0,15.0,13.0,15.0,1.0,18618500.0,278131600.0,273.0,15.0,0.0,0.0,15.0,15800.0,1460007754.0,1460007754.0,0.0,0.0,0.0,,0.0,0.0,0.0
2024-11-25,15.0,0.0,0.0,16.0,14.0,16.0,1.0,23209100.0,361024000.0,282.0,16.0,0.0,0.0,16.0,167700.0,1460007754.0,1460007754.0,0.0,0.0,0.0,,0.0,0.0,0.0
2024-11-26,16.0,0.0,0.0,17.0,16.0,17.0,1.0,5787500.0,98350500.0,201.0,17.0,0.0,0.0,17.0,497200.0,1460007754.0,1460007754.0,0.0,50000.0,0.0,,0.0,0.0,0.0
2024-11-28,17.0,0.0,0.0,18.0,17.0,17.0,0.0,13781600.0,244398200.0,348.0,17.0,17.0,137800.0,16.0,1150400.0,1460007754.0,1460007754.0,0.0,0.0,0.0,,0.0,0.0,0.0
2024-11-29,17.0,0.0,0.0,17.0,16.0,16.0,-1.0,3360800.0,53884400.0,100.0,16.0,16.0,3770500.0,0.0,0.0,1460007754.0,1460007754.0,0.0,0.0,0.0,,0.0,0.0,0.0
2024-12-02,16.0,0.0,0.0,15.0,15.0,15.0,-1.0,1164900.0,17473500.0,86.0,15.0,15.0,1136100.0,0.0,0.0,1460007754.0,1460007754.0,0.0,0.0,0.0,,0.0,0.0,0.0
2024-12-03,15.0,0.0,0.0,15.0,14.0,15.0,0.0,10797000.0,151856200.0,292.0,15.0,15.0,625100.0,0.0,0.0,1460007754.0,1460007754.0,0.0,0.0,0.0,,0.0,0.0,0.0
2024-12-04,15.0,0.0,0.0,15.0,14.0,14.0,-1.0,2700100.0,37822900.0,111.0,14.0,14.0,3317500.0,0.0,0.0,1460007754.0,1460007754.0,0.0,0.0,0.0,,0.0,0.0,0.0
2024-12-05,14.0,0.0,0.0,14.0,13.0,13.0,-1.0,10756100.0,140044900.0,222.0,13.0,14.0,2482800.0,13.0,361200.0,1460007754.0,1460007754.0,0.0,0.0,0.0,,0.0,0.0,0.0
2024-12-06,13.0,0.0,0.0,14.0,12.0,12.0,-1.0,43849200.0,578268500.0,421.0,12.0,14.0,2910400.0,12.0,16455800.0,1460007754.0,1460007754.0,0.0,0.0,40000.0,,0.0,0.0,0.0
2024-12-09,12.0,0.0,0.0,13.0,12.0,13.0,1.0,11239600.0,145734200.0,315.0,13.0,0.0,0.0,13.0,406100.0,1460007754.0,1460007754.0,0.0,0.0,0.0,,0.0,0.0,0.0
2024-12-10,13.0,0.0,0.0,14.0,13.0,14.0,1.0,5257400.0,73409500.0,213.0,14.0,0.0,0.0,14.0,595800.0,1460007754.0,1460007754.0,0.0,0.0,0.0,,0.0,0.0,0.0
2024-12-11,14.0,0.0,0.0,15.0,14.0,15.0,1.0,6046000.0,87432200.0,268.0,15.0,15.0,196900.0,14.0,592900.0,1460007754.0,1460007754.0,0.0,0.0,0.0,,0.0,0.0,0.0
2024-12-12,15.0,0.0,0.0,16.0,14.0,16.0,1.0,15794600.0,245977800.0,327.0,16.0,0.0,0.0,16.0,50000.0,1460007754.0,1460007754.0,0.0,40000.0,0.0,,0.0,0.0,0.0
2024-12-13,16.0,0.0,0.0,17.0,16.0,17.0,1.0,3393700.0,55553200.0,246.0,17.0,17.0,1892900.0,16.0,28300.0,1460007754.0,1460007754.0,0.0,0.0,0.0,,0.0,0.0,0.0
2024-12-16,17.0,0.0,0.0,17.0,16.0,16.0,-1.0,1134100.0,18150000.0,74.0,16.0,16.0,9777600.0,0.0,0.0,1460007754.0,1460007754.0,0.0,0.0,0.0,,0.0,0.0,0.0
2024-12-17,16.0,0.0,0.0,15.0,15.0,15.0,-1.0,581800.0,8727000.0,97.0,15.0,15.0,7869500.0,0.0,0.0,1460007754.0,1460007754.0,0.0,0.0,0.0,,0.0,0.0,0.0
2024-12-18,15.0,0.0,0.0,14.0,14.0,14.0,-1.0,1860000.0,26040000.0,106.0,14.0,14.0,2465700.0,0.0,0.0,1460007754.0,1460007754.0,0.0,0.0,0.0,,0.0,0.0,0.0
2024-12-19,14.0,0.0,0.0,14.0,13.0,13.0,-1.0,6789500.0,88422100.0,164.0,13.0,14.0,1985500.0,13.0,1041700.0,1460007754.0,1460007754.0,0.0,0.0,0.0,,0.0,0.0,0.0
2024-12-20,13.0,0.0,0.0,14.0,13.0,14.0,1.0,1894100.0,26476600.0,99.0,14.0,0.0,0.0,14.0,303600.0,1460007754.0,1460007754.0,0.0,0.0,0.0,,0.0,0.0,0.0
2024-12-23,14.0,0.0,0.0,15.0,14.0,15.0,1.0,1303500.0,18975200.0,105.0,15.0,15.0,1233000.0,14.0,428000.0,1460007754.0,1460007754.0,0.0,0.0,0.0,,0.0,0.0,0.0
2024-12-24,15.0,0.0,0.0,15.0,14.0,15.0,0.0,5213300.0,74122700.0,214.0,15.0,15.0,2753200.0,14.0,1285000.0,1460007754.0,1460007754.0,0.0,0.0,0.0,,0.0,0.0,0.0
2024-12-27,15.0,0.0,0.0,15.0,14.0,14.0,-1.0,3575800.0,50086600.0,140.0,14.0,15.0,1592700.0,14.0,97100.0,1460007754.0,1460007754.0,0.0,0.0,0.0,,0.0,0.0,0.0
2024-12-30,14.0,0.0,0.0,15.0,13.0,13.0,-1.0,25834200.0,339068200.0,398.0,13.0,13.0,1000.0,0.0,0.0,1460007754.0,1460007754.0,0.0,0.0,0.0,,0.0,0.0,0.0
2025-01-02,13.0,0.0,0.0,13.0,12.0,13.0,0.0,4402300.0,56621200.0,720.0,13.0,13.0,1505200.0,12.0,10754200.0,1460007754.0,1460007754.0,0.0,0.0,0.0,,0.0,0.0,0.0
2025-01-03,13.0,0.0,0.0,14.0,12.0,14.0,1.0,13481900.0,185691300.0,317.0,14.0,0.0,0.0,14.0,1768600.0,1460007754.0,1460007754.0,0.0,0.0,0.0,,0.0,0.0,0.0
2025-01-06,14.0,0.0,0.0,15.0,13.0,15.0,1.0,13044300.0,191669500.0,263.0,15.0,0.0,0.0,15.0,2476500.0,1460007754.0,1460007754.0,0.0,10000.0,0.0,,0.0,0.0,0.0
2025-01-07,15.0,0.0,0.0,16.0,15.0,16.0,1.0,8761800.0,140187600.0,128.0,16.0,0.0,0.0,16.0,5695000.0,1460007754.0,1460007754.0,0.0,30000.0,0.0,,0.0,0.0,0.0
2025-01-08,16.0,0.0,0.0,17.0,16.0,17.0,1.0,1723500.0,29299000.0,72.0,17.0,0.0,0.0,17.0,12403800.0,1460007754.0,1460007754.0,0.0,10000.0,0.0,,0.0,0.0,0.0
2025-01-09,17.0,0.0,0.0,18.0,18.0,18.0,1.0,6203700.0,111666600.0,71.0,18.0,0.0,0.0,18.0,9077400.0,1460007754.0,1460007754.0,0.0,0.0,0.0,,0.0,0.0,0.0
2025-01-10,18.0,0.0,0.0,19.0,17.0,18.0,0.0,43817000.0,812825400.0,890.0,18.0,18.0,4037600.0,17.0,6751400.0,1460007754.0,1460007754.0,0.0,10000.0,0.0,,0.0,0.0,0.0
2025-01-13,18.0,0.0,0.0,19.0,17.0,17.0,-1.0,11693800.0,202758300.0,234.0,17.0,17.0,3072100.0,0.0,0.0,1460007754.0,1460007754.0,0.0,0.0,0.0,,0.0,0.0,0.0
2025-01-14,17.0,0.0,0.0,16.0,16.0,16.0,-1.0,2126600.0,34025600.0,75.0,16.0,16.0,6721800.0,0.0,0.0,1460007754.0,1460007754.0,0.0,0.0,0.0,,0.0,0.0,0.0
2025-01-15,16.0,0.0,0.0,17.0,15.0,15.0,-1.0,12696800.0,196215500.0,304.0,15.0,15.0,483800.0,0.0,0.0,1460007754.0,1460007754.0,0.0,0.0,0.0,,0.0,0.0,0.0
2025-01-16,15.0,0.0,0.0,16.0,15.0,16.0,1.0,3231100.0,51660600.0,110.0,16.0,0.0,0.0,16.0,1130300.0,1460007754.0,1460007754.0,0.0,0.0,0.0,,0.0,0.0,0.0
2025-01-17,16.0,0.0,0.0,17.0,16.0,17.0,1.0,1783000.0,28879500.0,128.0,17.0,17.0,3388600.0,16.0,932900.0,1460007754.0,1460007754.0,0.0,0.0,0.0,,0.0,0.0,0.0
2025-01-20,17.0,0.0,0.0,17.0,16.0,17.0,0.0,3557600.0,57237600.0,147.0,17.0,17.0,2913700.0,16.0,2840800.0,1460007754.0,1460007754.0,0.0,0.0,0.0,,0.0,0.0,0.0
2025-01-21,17.0,0.0,0.0,18.0,16.0,17.0,0.0,3061600.0,49256700.0,115.0,17.0,17.0,3011100.0,16.0,1707500.0,1460007754.0,1460007754.0,0.0,0.0,0.0,,0.0,0.0,0.0
2025-01-22,17.0,0.0,0.0,17.0,16.0,17.0,0.0,3703700.0,59377800.0,158.0,17.0,17.0,3976800.0,16.0,350400.0,1460007754.0,1460007754.0,0.0,0.0,0.0,,0.0,0.0,0.0
2025-01-23,17.0,0.0,0.0,17.0,16.0,16.0,-1.0,2494100.0,39912800.0,127.0,16.0,16.0,750500.0,0.0,0.0,1460007754.0,1460007754.0,0.0,0.0,0.0,,0.0,0.0,0.0
2025-01-24,16.0,0.0,0.0,17.0,15.0,16.0,0.0,1909800.0,30081200.0,86.0,16.0,16.0,694100.0,15.0,4199800.0,1460007754.0,1460007754.0,0.0,0.0,0.0,,0.0,0.0,0.0
2025-01-30,16.0,0.0,0.0,17.0,15.0,17.0,1.0,2738700.0,43689900.0,125.0,17.0,17.0,4318200.0,16.0,2380900.0,1460007754.0,1460007754.0,0.0,60000.0,0.0,,0.0,0.0,0.0
2025-01-31,17.0,0.0,0.0,17.0,16.0,17.0,0.0,530500.0,8494000.0,25.0,17.0,17.0,2712800.0,16.0,1275300.0,1460007754.0,1460007754.0,0.0,0.0,0.0,,0.0,0.0,0.0
2025-02-03,17.0,0.0,0.0,17.0,16.0,16.0,-1.0,1686000.0,27098200.0,80.0,16.0,16.0,177200.0,0.0,0.0,1460007754.0,1460007754.0,0.0,0.0,0.0,,0.0,0.0,0.0
2025-02-04,16.0,0.0,0.0,16.0,15.0,16.0,0.0,1565800.0,24788000.0,68.0,16.0,16.0,717200.0,15.0,3973600.0,1460007754.0,1460007754.0,0.0,0.0,0.0,,0.0,0.0,0.0
2025-02-05,16.0,0.0,0.0,16.0,15.0,16.0,0.0,2635000.0,41312200.0,92.0,16.0,17.0,3270400.0,16.0,47600.0,1460007754.0,1460007754.0,0.0,0.0,0.0,,0.0,0.0,0.0
2025-02-06,16.0,0.0,0.0,17.0,15.0,16.0,0.0,196300.0,3123600.0,52.0,16.0,16.0,139200.0,15.0,4431800.0,1460007754.0,1460007754.0,0.0,0.0,0.0,,95500.0,1432500.0,1.0
2025-02-07,16.0,0.0,0.0,16.0,15.0,16.0,0.0,1117500.0,17008400.0,56.0,16.0,16.0,1276200.0,15.0,2226000.0,1460007754.0,1460007754.0,0.0,0.0,0.0,,0.0,0.0,0.0
2025-02-10,16.0,0.0,0.0,16.0,15.0,16.0,0.0,2535500.0,40472700.0,72.0,16.0,16.0,371200.0,15.0,2476600.0,1460007754.0,1460007754.0,0.0,0.0,0.0,,0.0,0.0,0.0
2025-02-11,16.0,0.0,0.0,16.0,15.0,16.0,0.0,2110900.0,31757800.0,47.0,16.0,16.0,1430500.0,15.0,2213300.0,1460007754.0,1460007754.0,0.0,0.0,0.0,,0.0,0.0,0.0
2025-02-12,16.0,0.0,0.0,16.0,15.0,16.0,0.0,1717100.0,26777700.0,60.0,16.0,16.0,3282700.0,15.0,2039300.0,1460007754.0,1460007754.0,0.0,0.0,0.0,,0.0,0.0,0.0
2025-02-13,16.0,0.0,0.0,17.0,15.0,16.0,0.0,21972600.0,358371000.0,381.0,16.0,16.0,778500.0,15.0,1624400.0,1460007754.0,1460007754.0,0.0,10000.0,0.0,,0.0,0.0,0.0
2025-02-14,16.0,0.0,0.0,16.0,15.0,16.0,0.0,11053500.0,165902000.0,176.0,16.0,16.0,2296400.0,15.0,1108000.0,1460007754.0,1460007754.0,0.0,0.0,0.0,,0.0,0.0,0.0
2025-02-17,16.0,0.0,0.0,17.0,15.0,17.0,1.0,7088700.0,112354100.0,148.0,17.0,17.0,8959900.0,16.0,2650000.0,1460007754.0,1460007754.0,0.0,0.0,0.0,,0.0,0.0,0.0
2025-02-18,17.0,0.0,0.0,18.0,16.0,18.0,1.0,11135800.0,185659000.0,226.0,18.0,18.0,7306900.0,17.0,312300.0,1460007754.0,1460007754.0,0.0,0.0,0.0,,0.0,0.0,0.0
2025-02-19,18.0,0.0,0.0,18.0,17.0,17.0,-1.0,5897900.0,100884900.0,123.0,17.0,17.0,1182100.0,0.0,0.0,1460007754.0,1460007754.0,0.0,10000.0,0.0,,0.0,0.0,0.0
2025-02-20,17.0,0.0,0.0,18.0,16.0,18.0,1.0,12609200.0,221657800.0,224.0,18.0,0.0,0.0,18.0,1034200.0,1460007754.0,1460007754.0,0.0,10000.0,0.0,,0.0,0.0,0.0
2025-02-21,18.0,0.0,0.0,19.0,18.0,19.0,1.0,11846800.0,224231000.0,206.0,19.0,0.0,0.0,19.0,1104100.0,1460007754.0,1460007754.0,0.0,10000.0,0.0,,0.0,0.0,0.0
2025-02-24,19.0,0.0,0.0,20.0,19.0,20.0,1.0,7344900.0,146779100.0,198.0,20.0,0.0,0.0,20.0,18527700.0,1460007754.0,1460007754.0,0.0,0.0,0.0,,0.0,0.0,0.0
2025-02-25,20.0,0.0,0.0,22.0,19.0,21.0,1.0,13536500.0,271271700.0,289.0,21.0,21.0,1469400.0,20.0,4262200.0,1460007754.0,1460007754.0,0.0,0.0,0.0,,0.0,0.0,0.0
2025-02-26,21.0,0.0,0.0,21.0,19.0,19.0,-2.0,3092200.0,59574900.0,109.0,19.0,19.0,6093200.0,0.0,0.0,1460007754.0,1460007754.0,0.0,0.0,0.0,,0.0,0.0,0.0
2025-02-27,19.0,0.0,0.0,19.0,18.0,18.0,-1.0,10052100.0,180990400.0,123.0,18.0,19.0,8768100.0,18.0,1479500.0,1460007754.0,1460007754.0,0.0,0.0,0.0,,0.0,0.0,0.0
2025-02-28,18.0,0.0,0.0,19.0,17.0,18.0,0.0,2575000.0,45269200.0,94.0,18.0,18.0,2984400.0,17.0,1352800.0,1460007754.0,1460007754.0,0.0,0.0,0.0,,0.0,0.0,0.0
2025-03-03,18.0,0.0,0.0,18.0,17.0,17.0,-1.0,1392500.0,23714100.0,68.0,17.0,18.0,7042500.0,17.0,674800.0,1460007754.0,1460007754.0,0.0,0.0,0.0,,0.0,0.0,0.0
2025-03-04,17.0,0.0,0.0,18.0,16.0,16.0,-1.0,1391400.0,23496700.0,95.0,16.0,17.0,305700.0,16.0,1316800.0,1460007754.0,1460007754.0,0.0,0.0,0.0,,0.0,0.0,0.0
2025-03-05,16.0,0.0,0.0,17.0,15.0,17.0,1.0,4637200.0,76617800.0,93.0,17.0,0.0,0.0,17.0,1290000.0,1460007754.0,1460007754.0,0.0,0.0,0.0,,0.0,0.0,0.0
2025-03-06,17.0,0.0,0.0,18.0,16.0,17.0,0.0,2459100.0,41809100.0,52.0,17.0,18.0,4694200.0,17.0,973800.0,1460007754.0,1460007754.0,0.0,0.0,0.0,,0.0,0.0,0.0
2025-03-07,17.0,0.0,0.0,18.0,17.0,18.0,1.0,2409900.0,43223900.0,67.0,18.0,0.0,0.0,18.0,12964000.0,1460007754.0,1460007754.0,0.0,0.0,0.0,,0.0,0.0,0.0
2025-03-10,18.0,0.0,0.0,19.0,17.0,19.0,1.0,655000.0,11805100.0,65.0,19.0,19.0,1078200.0,18.0,10400.0,1460007754.0,1460007754.0,0.0,0.0,0.0,,0.0,0.0,0.0
2025-03-11,19.0,0.0,0.0,19.0,18.0,18.0,-1.0,390600.0,7030900.0,29.0,18.0,18.0,5490900.0,0.0,0.0,1460007754.0,1460007754.0,0.0,0.0,0.0,,0.0,0.0,0.0
2025-03-12,18.0,0.0,0.0,18.0,17.0,17.0,-1.0,1195400.0,20470500.0,57.0,17.0,18.0,1117400.0,17.0,1334400.0,1460007754.0,1460007754.0,0.0,0.0,0.0,,0.0,0.0,0.0
2025-03-13,17.0,0.0,0.0,18.0,16.0,18.0,1.0,2851900.0,48821400.0,71.0,18.0,18.0,1162800.0,17.0,303100.0,1460007754.0,1460007754.0,0.0,0.0,0.0,,0.0,0.0,0.0
2025-03-14,18.0,0.0,0.0,18.0,17.0,17.0,-1.0,1481800.0,25306500.0,57.0,17.0,18.0,670100.0,17.0,1187100.0,1460007754.0,1460007754.0,0.0,0.0,0.0,,0.0,0.0,0.0
2025-03-17,17.0,0.0,0.0,18.0,17.0,18.0,1.0,2378100.0,42685600.0,77.0,18.0,0.0,0.0,18.0,6491800.0,1460007754.0,1460007754.0,0.0,0.0,0.0,,0.0,0.0,0.0
2025-03-18,18.0,0.0,0.0,19.0,17.0,18.0,0.0,7254800.0,134860600.0,121.0,18.0,19.0,333200.0,18.0,678300.0,1460007754.0,1460007754.0,0.0,0.0,0.0,,0.0,0.0,0.0
2025-03-19,18.0,0.0,0.0,18.0,17.0,18.0,0.0,3101500.0,54047500.0,60.0,18.0,18.0,563000.0,17.0,2138800.0,1460007754.0,1460007754.0,0.0,0.0,0.0,,0.0,0.0,0.0
2025-03-20,18.0,0.0,0.0,19.0,17.0,19.0,1.0,6929900.0,126317600.0,114.0,19.0,0.0,0.0,19.0,4372600.0,1460007754.0,1460007754.0,0.0,0.0,0.0,,0.0,0.0,0.0
2025-03-21,19.0,0.0,0.0,20.0,18.0,18.0,-1.0,9785500.0,176645800.0,142.0,18.0,18.0,1336400.0,0.0,0.0,1460007754.0,1460007754.0,0.0,0.0,0.0,,2000000.0,36000000.0,1.0
2025-03-24,18.0,0.0,0.0,18.0,17.0,18.0,0.0,3194200.0,55798900.0,77.0,18.0,18.0,938500.0,17.0,1739800.0,1460007754.0,1460007754.0,0.0,0.0,0.0,,0.0,0.0,0.0
2025-03-25,18.0,0.0,0.0,18.0,17.0,17.0,-1.0,3109100.0,53861500.0,41.0,17.0,18.0,875100.0,17.0,3499100.0,1460007754.0,1460007754.0,0.0,0.0,0.0,,0.0,0.0,0.0
2025-03-26,17.0,0.0,0.0,18.0,17.0,18.0,1.0,2541800.0,44418200.0,47.0,18.0,18.0,704100.0,17.0,1921000.0,1460007754.0,1460007754.0,0.0,0.0,0.0,,0.0,0.0,0.0
2025-03-27,18.0,0.0,0.0,19.0,17.0,19.0,1.0,3324800.0,59355900.0,79.0,19.0,19.0,1427000.0,18.0,1000000.0,1460007754.0,1460007754.0,0.0,0.0,0.0,,0.0,0.0,0.0
2025-04-08,19.0,0.0,0.0,19.0,18.0,18.0,-1.0,4984400.0,90720000.0,51.0,18.0,18.0,544800.0,0.0,0.0,1460007754.0,1460007754.0,0.0,0.0,0.0,,0.0,0.0,0.0
2025-04-09,18.0,0.0,0.0,18.0,17.0,17.0,-1.0,7043600.0,119747000.0,81.0,17.0,18.0,6369300.0,17.0,364900.0,1460007754.0,1460007754.0,0.0,0.0,0.0,,0.0,0.0,0.0
2025-04-10,17.0,0.0,0.0,18.0,17.0,18.0,1.0,628100.0,11124500.0,47.0,18.0,18.0,825100.0,17.0,5269000.0,1460007754.0,1460007754.0,0.0,0.0,0.0,,0.0,0.0,0.0
2025-04-11,18.0,0.0,0.0,18.0,17.0,18.0,0.0,322700.0,5675800.0,25.0,18.0,18.0,986700.0,17.0,3192900.0,1460007754.0,1460007754.0,0.0,0.0,0.0,,0.0,0.0,0.0
2025-04-14,18.0,0.0,0.0,18.0,17.0,18.0,0.0,973500.0,17050700.0,26.0,18.0,18.0,866700.0,17.0,2386500.0,1460007754.0,1460007754.0,0.0,0.0,0.0,,0.0,0.0,0.0
2025-04-15,18.0,0.0,0.0,18.0,17.0,18.0,0.0,1906000.0,32411100.0,30.0,18.0,18.0,2567500.0,17.0,1309600.0,1460007754.0,1460007754.0,0.0,0.0,0.0,,0.0,0.0,0.0
2025-04-16,18.0,0.0,0.0,18.0,17.0,18.0,0.0,311400.0,5440300.0,21.0,18.0,18.0,2302100.0,17.0,632200.0,1460007754.0,1460007754.0,0.0,0.0,0.0,,0.0,0.0,0.0
2025-04-17,18.0,0.0,0.0,18.0,17.0,17.0,-1.0,1755000.0,29846200.0,67.0,17.0,17.0,5306400.0,0.0,0.0,1460007754.0,1460007754.0,0.0,0.0,0.0,,0.0,0.0,0.0
2025-04-21,17.0,0.0,0.0,18.0,16.0,18.0,1.0,18318700.0,316213800.0,208.0,18.0,0.0,0.0,18.0,5010100.0,1460007754.0,1460007754.0,0.0,0.0,0.0,,0.0,0.0,0.0
2025-04-22,18.0,0.0,0.0,19.0,17.0,19.0,1.0,12152900.0,223864900.0,204.0,19.0,0.0,0.0,18.0,5266100.0,1460007754.0,1460007754.0,0.0,0.0,0.0,,0.0,0.0,0.0
2025-04-23,19.0,0.0,0.0,20.0,18.0,19.0,0.0,11733400.0,217100100.0,234.0,19.0,19.0,1086900.0,0.0,0.0,1460007754.0,1460007754.0,0.0,0.0,0.0,,0.0,0.0,0.0
2025-04-24,19.0,0.0,0.0,18.0,18.0,18.0,-1.0,5265400.0,94777200.0,81.0,18.0,18.0,1400900.0,0.0,0.0,1460007754.0,1460007754.0,0.0,0.0,0.0,,0.0,0.0,0.0
2025-04-25,18.0,0.0,0.0,18.0,17.0,17.0,-1.0,7569600.0,128786700.0,355.0,17.0,17.0,1356900.0,0.0,0.0,1460007754.0,1460007754.0,0.0,0.0,0.0,,0.0,0.0,0.0
2025-04-28,17.0,0.0,0.0,17.0,16.0,17.0,0.0,1412300.0,22611200.0,44.0,17.0,17.0,1703300.0,16.0,6438400.0,1460007754.0,1460007754.0,0.0,0.0,0.0,,0.0,0.0,0.0
2025-04-29,17.0,0.0,0.0,17.0,16.0,17.0,0.0,1324300.0,21828500.0,49.0,17.0,17.0,920300.0,16.0,5876300.0,1460007754.0,1460007754.0,0.0,0.0,0.0,,0.0,0.0,0.0
2025-04-30,17.0,0.0,0.0,18.0,16.0,18.0,1.0,3610400.0,60210100.0,78.0,18.0,18.0,1496900.0,17.0,585900.0,1460007754.0,1460007754.0,0.0,0.0,0.0,,0.0,0.0,0.0
2025-05-02,18.0,0.0,0.0,18.0,17.0,17.0,-1.0,774900.0,13234100.0,54.0,17.0,18.0,1284200.0,17.0,1003400.0,1460007754.0,1460007754.0,0.0,0.0,0.0,,0.0,0.0,0.0
2025-05-05,17.0,0.0,0.0,18.0,16.0,17.0,0.0,4062200.0,65901200.0,68.0,17.0,17.0,1576800.0,16.0,4979000.0,1460007754.0,1460007754.0,0.0,0.0,0.0,,0.0,0.0,0.0
2025-05-06,17.0,0.0,0.0,17.0,16.0,17.0,0.0,3198800.0,52540800.0,53.0,17.0,17.0,1766400.0,16.0,5156400.0,1460007754.0,1460007754.0,0.0,0.0,0.0,,0.0,0.0,0.0
2025-05-07,17.0,0.0,0.0,17.0,16.0,16.0,-1.0,3006200.0,50715400.0,64.0,16.0,17.0,1371900.0,16.0,14183100.0,1460007754.0,1460007754.0,0.0,0.0,0.0,,0.0,0.0,0.0
2025-05-08,16.0,0.0,0.0,17.0,16.0,17.0,1.0,2704100.0,45963200.0,67.0,17.0,0.0,0.0,17.0,1541800.0,1460007754.0,1460007754.0,0.0,0.0,0.0,,0.0,0.0,0.0
2025-05-09,17.0,0.0,0.0,18.0,17.0,18.0,1.0,332000.0,5743900.0,39.0,18.0,18.0,2871600.0,17.0,1458600.0,1460007754.0,1460007754.0,0.0,0.0,0.0,,0.0,0.0,0.0
2025-05-14,18.0,0.0,0.0,18.0,17.0,17.0,-1.0,9995300.0,175395600.0,90.0,17.0,18.0,2521800.0,17.0,2720700.0,1460007754.0,1460007754.0,0.0,0.0,1504200.0,,0.0,0.0,0.0
2025-05-15,17.0,0.0,0.0,18.0,17.0,18.0,1.0,2338900.0,41189900.0,238.0,18.0,18.0,2607100.0,17.0,2565400.0,1460007754.0,1460007754.0,0.0,0.0,0.0,,0.0,0.0,0.0
2025-05-16,18.0,0.0,0.0,19.0,17.0,19.0,1.0,5063200.0,91466700.0,257.0,19.0,19.0,1342000.0,17.0,8301100.0,1460007754.0,1460007754.0,0.0,0.0,0.0,,0.0,0.0,0.0
2025-05-19,19.0,0.0,0.0,20.0,18.0,20.0,1.0,9022200.0,177248300.0,216.0,20.0,0.0,0.0,20.0,6155300.0,1460007754.0,1460007754.0,0.0,0.0,6283300.0,,0.0,0.0,0.0
2025-05-20,20.0,0.0,0.0,22.0,22.0,22.0,2.0,4519500.0,99429000.0,80.0,22.0,0.0,0.0,22.0,8977300.0,1460007754.0,1460007754.0,0.0,140000.0,0.0,,0.0,0.0,0.0
2025-05-21,22.0,0.0,0.0,24.0,24.0,24.0,2.0,2376600.0,57038400.0,83.0,24.0,0.0,0.0,24.0,14557500.0,1460007754.0,1460007754.0,0.0,0.0,0.0,,0.0,0.0,0.0
2025-05-22,24.0,0.0,0.0,26.0,26.0,26.0,2.0,5069100.0,131796600.0,85.0,26.0,0.0,0.0,26.0,20263300.0,1460007754.0,1460007754.0,0.0,0.0,0.0,,0.0,0.0,0.0
2025-05-23,26.0,0.0,0.0,28.0,24.0,24.0,-2.0,29153600.0,773382200.0,337.0,24.0,24.0,6409500.0,0.0,0.0,1460007754.0,1460007754.0,0.0,0.0,10000000.0,,0.0,0.0,0.0
2025-05-26,24.0,0.0,0.0,26.0,22.0,23.0,-1.0,12011300.0,280595600.0,519.0,23.0,24.0,346000.0,23.0,11895600.0,1460007754.0,1460007754.0,0.0,0.0,104800.0,,5000000.0,130000000.0,1.0
2025-05-27,23.0,0.0,0.0,24.0,21.0,23.0,0.0,1724000.0,38395200.0,203.0,23.0,23.0,269500.0,22.0,2294100.0,1460007754.0,1460007754.0,0.0,0.0,0.0,,0.0,0.0,0.0
2025-05-28,23.0,0.0,0.0,23.0,22.0,23.0,0.0,2163900.0,47772800.0,116.0,23.0,23.0,1017400.0,22.0,106500.0,1460007754.0,1460007754.0,0.0,0.0,0.0,,5000000.0,130000000.0,1.0
2025-06-02,23.0,0.0,0.0,25.0,22.0,25.0,2.0,5186200.0,123592000.0,214.0,25.0,25.0,337000.0,24.0,120600.0,1460007754.0,1460007754.0,0.0,0.0,0.0,,0.0,0.0,0.0
2025-06-03,25.0,0.0,0.0,27.0,24.0,26.0,1.0,3665100.0,94932500.0,209.0,26.0,26.0,195700.0,25.0,635600.0,1460007754.0,1460007754.0,0.0,0.0,0.0,,0.0,0.0,0.0
2025-06-04,26.0,0.0,0.0,28.0,26.0,28.0,2.0,12483900.0,343625800.0,248.0,28.0,0.0,0.0,28.0,1906700.0,1460007754.0,1460007754.0,0.0,0.0,100.0,,0.0,0.0,0.0
2025-06-05,28.0,0.0,0.0,30.0,28.0,30.0,2.0,8182600.0,242540100.0,244.0,30.0,0.0,0.0,30.0,2008400.0,1460007754.0,1460007754.0,0.0,0.0,0.0,,0.0,0.0,0.0
2025-06-10,30.0,0.0,0.0,33.0,27.0,33.0,3.0,21640800.0,676350800.0,659.0,33.0,33.0,539400.0,32.0,539500.0,1460007754.0,1460007754.0,0.0,0.0,6500.0,,0.0,0.0,0.0
2025-06-11,33.0,0.0,0.0,36.0,33.0,35.0,2.0,8042300.0,277419400.0,675.0,35.0,35.0,938800.0,34.0,143500.0,1460007754.0,1460007754.0,0.0,6600.0,0.0,,0.0,0.0,0.0
2025-06-12,35.0,0.0,0.0,36.0,32.0,32.0,-3.0,7865600.0,255174400.0,360.0,32.0,32.0,765100.0,0.0,0.0,1460007754.0,1460007754.0,0.0,0.0,0.0,,0.0,0.0,0.0
2025-06-13,32.0,0.0,0.0,34.0,29.0,34.0,2.0,15802500.0,488135600.0,402.0,34.0,34.0,1102900.0,33.0,1600.0,1460007754.0,1460007754.0,0.0,0.0,2218100.0,,0.0,0.0,0.0
2025-06-16,34.0,0.0,0.0,34.0,31.0,31.0,-3.0,5284600.0,165547500.0,268.0,31.0,31.0,737800.0,0.0,0.0,1460007754.0,1460007754.0,0.0,0.0,0.0,,0.0,0.0,0.0
2025-06-17,31.0,0.0,0.0,32.0,29.0,31.0,0.0,9785900.0,299571600.0,136.0,31.0,31.0,497700.0,30.0,39000.0,1460007754.0,1460007754.0,0.0,0.0,0.0,,0.0,0.0,0.0
2025-06-18,31.0,0.0,0.0,30.0,28.0,29.0,-2.0,2771700.0,78777200.0,173.0,29.0,29.0,408500.0,28.0,374800.0,1460007754.0,1460007754.0,0.0,0.0,0.0,,0.0,0.0,0.0
2025-06-19,29.0,0.0,0.0,29.0,27.0,27.0,-2.0,4290400.0,116355400.0,166.0,27.0,27.0,247400.0,0.0,0.0,1460007754.0,1460007754.0,0.0,0.0,0.0,,0.0,0.0,0.0
2025-06-20,27.0,0.0,0.0,27.0,25.0,27.0,0.0,4225900.0,106418600.0,189.0,27.0,27.0,502200.0,25.0,155900.0,1460007754.0,1460007754.0,0.0,0.0,0.0,,6500000.0,208000000.0,1.0
2025-06-23,27.0,0.0,0.0,27.0,25.0,25.0,-2.0,2011500.0,50292300.0,76.0,25.0,25.0,1049700.0,0.0,0.0,1460007754.0,1460007754.0,0.0,0.0,0.0,,0.0,0.0,0.0
2025-06-24,25.0,0.0,0.0,25.0,23.0,24.0,-1.0,2358000.0,56472000.0,151.0,24.0,24.0,26200.0,23.0,11055800.0,1460007754.0,1460007754.0,0.0,0.0,0.0,,6500000.0,208000000.0,1.0
2025-06-25,24.0,0.0,0.0,25.0,22.0,24.0,0.0,1345200.0,30345400.0,135.0,24.0,24.0,326400.0,22.0,237000.0,1460007754.0,1460007754.0,0.0,0.0,100000.0,,0.0,0.0,0.0
2025-06-26,24.0,0.0,0.0,25.0,22.0,25.0,1.0,746800.0,17831100.0,78.0,25.0,25.0,439800.0,24.0,34400.0,1460007754.0,1460007754.0,0.0,0.0,0.0,,0.0,0.0,0.0
2025-06-30,25.0,0.0,0.0,25.0,23.0,25.0,0.0,2286600.0,53823800.0,109.0,25.0,25.0,162300.0,23.0,414200.0,1460007754.0,1460007754.0,0.0,0.0,0.0,,0.0,0.0,0.0
2025-07-01,25.0,0.0,0.0,25.0,23.0,24.0,-1.0,877900.0,20777600.0,97.0,24.0,24.0,119400.0,23.0,1474500.0,1460007754.0,1460007754.0,0.0,0.0,0.0,,6500000.0,208000000.0,1.0
2025-07-02,24.0,0.0,0.0,24.0,23.0,24.0,0.0,805200.0,18589400.0,63.0,24.0,24.0,261200.0,23.0,10000.0,1460007754.0,1460007754.0,0.0,0.0,0.0,,0.0,0.0,0.0
2025-07-03,24.0,0.0,0.0,25.0,23.0,23.0,-1.0,975400.0,22755400.0,143.0,23.0,23.0,100000.0,22.0,880500.0,1460007754.0,1460007754.0,0.0,0.0,0.0,,0.0,0.0,0.0
2025-07-04,23.0,0.0,0.0,24.0,21.0,22.0,-1.0,2164500.0,46126300.0,123.0,22.0,22.0,314200.0,21.0,552400.0,1460007754.0,1460007754.0,0.0,0.0,0.0,,6500000.0,208000000.0,1.0
2025-07-07,22.0,0.0,0.0,24.0,20.0,24.0,2.0,1816500.0,40841500.0,115.0,24.0,24.0,1277700.0,23.0,100.0,1460007754.0,1460007754.0,0.0,0.0,0.0,,0.0,0.0,0.0
2025-07-08,24.0,0.0,0.0,25.0,22.0,22.0,-2.0,2468200.0,57089000.0,123.0,22.0,24.0,859000.0,22.0,47600.0,1460007754.0,1460007754.0,0.0,0.0,0.0,,0.0,0.0,0.0
2025-07-09,22.0,0.0,0.0,23.0,21.0,23.0,1.0,627700.0,13609700.0,71.0,23.0,23.0,1650600.0,22.0,74600.0,1460007754.0,1460007754.0,0.0,0.0,0.0,,6500000.0,208000000.0,1.0
2025-07-10,23.0,0.0,0.0,25.0,22.0,25.0,2.0,3772800.0,91675800.0,139.0,25.0,0.0,0.0,25.0,40300.0,1460007754.0,1460007754.0,0.0,0.0,0.0,,0.0,0.0,0.0
2025-07-11,25.0,0.0,0.0,27.0,25.0,27.0,2.0,5080200.0,132599600.0,232.0,27.0,27.0,421000.0,26.0,132900.0,1460007754.0,1460007754.0,0.0,0.0,0.0,,0.0,0.0,0.0
2025-07-14,27.0,0.0,0.0,28.0,26.0,27.0,0.0,1450400.0,39057800.0,154.0,27.0,27.0,98000.0,26.0,213400.0,1460007754.0,1460007754.0,0.0,0.0,0.0,,6500000.0,208000000.0,1.0
2025-07-15,27.0,0.0,0.0,27.0,25.0,25.0,-2.0,2262400.0,57029200.0,160.0,25.0,26.0,194900.0,0.0,0.0,1460007754.0,1460007754.0,0.0,0.0,0.0,,0.0,0.0,0.0
2025-07-16,25.0,0.0,0.0,26.0,24.0,26.0,1.0,724200.0,18059400.0,102.0,26.0,26.0,549900.0,25.0,141300.0,1460007754.0,1460007754.0,0.0,0.0,0.0,,0.0,0.0,0.0
2025-07-17,26.0,0.0,0.0,28.0,25.0,27.0,1.0,2189300.0,58723400.0,206.0,27.0,27.0,319400.0,26.0,565200.0,1460007754.0,1460007754.0,0.0,0.0,0.0,,0.0,0.0,0.0
2025-07-18,27.0,0.0,0.0,28.0,26.0,28.0,1.0,904500.0,24195200.0,95.0,28.0,28.0,902200.0,26.0,157500.0,1460007754.0,1460007754.0,0.0,0.0,0.0,,6500000.0,208000000.0,1.0
2025-07-21,28.0,0.0,0.0,28.0,26.0,26.0,-2.0,954200.0,24919800.0,108.0,26.0,27.0,291900.0,26.0,205600.0,1460007754.0,1460007754.0,0.0,0.0,0.0,,0.0,0.0,0.0
2025-07-22,26.0,0.0,0.0,26.0,24.0,25.0,-1.0,1035400.0,25507400.0,89.0,25.0,26.0,425100.0,24.0,1549500.0,1460007754.0,1460007754.0,0.0,0.0,0.0,,0.0,0.0,0.0
2025-07-23,25.0,0.0,0.0,27.0,24.0,27.0,2.0,3597900.0,95514300.0,164.0,27.0,27.0,8900.0,26.0,1263100.0,1460007754.0,1460007754.0,0.0,0.0,0.0,,0.0,0.0,0.0
2025-07-24,27.0,0.0,0.0,28.0,26.0,28.0,1.0,478000.0,12802100.0,83.0,28.0,27.0,50000.0,26.0,491200.0,1460007754.0,1460007754.0,0.0,0.0,0.0,,6500000.0,208000000.0,1.0
2025-07-25,28.0,0.0,0.0,29.0,26.0,27.0,-1.0,2535400.0,66717900.0,136.0,27.0,27.0,384900.0,26.0,176500.0,1460007754.0,1460007754.0,0.0,0.0,0.0,,0.0,0.0,0.0
2025-07-28,27.0,0.0,0.0,27.0,25.0,25.0,-2.0,5597300.0,141105900.0,159.0,25.0,26.0,326900.0,25.0,6400.0,1460007754.0,1460007754.0,0.0,0.0,0.0,,6500000.0,208000000.0,1.0
2025-07-29,25.0,0.0,0.0,26.0,24.0,25.0,0.0,314800.0,7938100.0,70.0,25.0,26.0,639300.0,25.0,420800.0,1460007754.0,1460007754.0,0.0,0.0,0.0,,0.0,0.0,0.0
2025-07-30,25.0,0.0,0.0,26.0,23.0,24.0,-1.0,8617800.0,202499200.0,221.0,24.0,25.0,451000.0,23.0,2236400.0,1460007754.0,1460007754.0,0.0,0.0,0.0,,0.0,0.0,0.0
2025-07-31,24.0,0.0,0.0,25.0,23.0,25.0,1.0,1177400.0,27764600.0,114.0,25.0,25.0,1263900.0,24.0,800.0,1460007754.0,1460007754.0,0.0,0.0,0.0,,0.0,0.0,0.0
2025-08-01,25.0,0.0,0.0,25.0,24.0,25.0,0.0,3029600.0,75154300.0,132.0,25.0,26.0,1615500.0,25.0,56100.0,1460007754.0,1460007754.0,0.0,0.0,0.0,,0.0,0.0,0.0
2025-08-04,25.0,0.0,0.0,26.0,25.0,26.0,1.0,1409500.0,36016600.0,137.0,26.0,26.0,667900.0,25.0,1025900.0,1460007754.0,1460007754.0,0.0,0.0,0.0,,0.0,0.0,0.0
2025-08-05,26.0,0.0,0.0,27.0,25.0,26.0,0.0,2084500.0,53655200.0,89.0,26.0,27.0,2028600.0,26.0,19500.0,1460007754.0,1460007754.0,0.0,0.0,0.0,,0.0,0.0,0.0
2025-08-06,26.0,0.0,0.0,28.0,26.0,28.0,2.0,7020400.0,195402500.0,196.0,28.0,0.0,0.0,28.0,4154200.0,1460007754.0,1460007754.0,0.0,0.0,0.0,,0.0,0.0,0.0
2025-08-07,28.0,0.0,0.0,30.0,27.0,30.0,2.0,12094500.0,348248600.0,477.0,30.0,30.0,25900.0,29.0,78900.0,1460007754.0,1460007754.0,0.0,0.0,0.0,,0.0,0.0,0.0
2025-08-08,30.0,0.0,0.0,33.0,30.0,33.0,3.0,36937100.0,1209307000.0,936.0,33.0,0.0,0.0,33.0,3181600.0,1460007754.0,1460007754.0,0.0,5000000.0,0.0,,0.0,0.0,0.0
2025-08-11,33.0,0.0,0.0,36.0,30.0,32.0,-1.0,15757800.0,514569600.0,961.0,32.0,32.0,379800.0,31.0,660400.0,1460007754.0,1460007754.0,0.0,0.0,0.0,,0.0,0.0,0.0
2025-08-12,32.0,0.0,0.0,32.0,29.0,30.0,-2.0,24710300.0,735464000.0,522.0,30.0,30.0,108700.0,29.0,2138800.0,1460007754.0,1460007754.0,0.0,6250000.0,0.0,,0.0,0.0,0.0
2025-08-13,30.0,0.0,0.0,33.0,30.0,32.0,2.0,10704000.0,337286300.0,527.0,32.0,32.0,15100.0,31.0,311500.0,1460007754.0,1460007754.0,0.0,0.0,0.0,,0.0,0.0,0.0
2025-08-14,32.0,0.0,0.0,33.0,29.0,30.0,-2.0,4351000.0,132947200.0,409.0,30.0,31.0,185400.0,30.0,136800.0,1460007754.0,1460007754.0,0.0,112900.0,0.0,,0.0,0.0,0.0
2025-08-15,30.0,0.0,0.0,32.0,29.0,31.0,1.0,4288700.0,126500700.0,295.0,31.0,31.0,1795600.0,30.0,27600.0,1460007754.0,1460007754.0,0.0,0.0,0.0,,0.0,0.0,0.0
2025-08-19,31.0,0.0,0.0,31.0,29.0,31.0,0.0,2629400.0,78816000.0,229.0,31.0,31.0,763800.0,30.0,992300.0,1460007754.0,1460007754.0,0.0,0.0,0.0,,0.0,0.0,0.0
2025-08-20,31.0,0.0,0.0,32.0,30.0,32.0,1.0,2799000.0,86714200.0,211.0,32.0,31.0,4400.0,30.0,676000.0,1460007754.0,1460007754.0,0.0,0.0,0.0,,0.0,0.0,0.0
2025-08-21,32.0,0.0,0.0,32.0,30.0,32.0,0.0,1448100.0,45187000.0,177.0,32.0,32.0,3090000.0,31.0,546700.0,1460007754.0,1460007754.0,0.0,0.0,0.0,,0.0,0.0,0.0
2025-08-22,32.0,0.0,0.0,35.0,31.0,34.0,2.0,7037000.0,235085400.0,499.0,34.0,35.0,4775500.0,34.0,67800.0,1460007754.0,1460007754.0,0.0,0.0,0.0,,0.0,0.0,0.0
2025-08-25,34.0,0.0,0.0,35.0,32.0,34.0,0.0,5879200.0,198930600.0,519.0,34.0,35.0,841700.0,34.0,68400.0,1460007754.0,1460007754.0,0.0,0.0,0.0,,0.0,0.0,0.0
2025-08-26,34.0,0.0,0.0,37.0,33.0,37.0,3.0,11372000.0,415980200.0,547.0,37.0,0.0,0.0,37.0,1571800.0,1460007754.0,1460007754.0,0.0,0.0,0.0,,0.0,0.0,0.0
2025-08-27,37.0,0.0,0.0,40.0,36.0,40.0,3.0,10772600.0,423345400.0,900.0,40.0,0.0,0.0,40.0,1595200.0,1460007754.0,1460007754.0,0.0,0.0,0.0,,0.0,0.0,0.0
2025-08-28,40.0,0.0,0.0,44.0,40.0,44.0,4.0,10810000.0,469225600.0,735.0,44.0,0.0,0.0,44.0,1508500.0,1460007754.0,1460007754.0,0.0,0.0,0.0,,0.0,0.0,0.0
2025-08-29,44.0,0.0,0.0,48.0,40.0,40.0,-4.0,26386900.0,1120466200.0,1529.0,40.0,40.0,40000.0,0.0,0.0,1460007754.0,1460007754.0,0.0,0.0,0.0,,0.0,0.0,0.0
2025-09-01,40.0,0.0,0.0,43.0,36.0,36.0,-4.0,29698100.0,1098309900.0,1137.0,36.0,36.0,394700.0,0.0,0.0,1460007754.0,1460007754.0,0.0,0.0,0.0,,0.0,0.0,0.0
2025-09-02,36.0,0.0,0.0,39.0,36.0,39.0,3.0,20420400.0,789414500.0,905.0,39.0,0.0,0.0,39.0,1376100.0,1460007754.0,1460007754.0,0.0,0.0,0.0,,0.0,0.0,0.0
2025-09-03,39.0,0.0,0.0,42.0,39.0,42.0,3.0,25732700.0,1066418700.0,928.0,42.0,0.0,0.0,42.0,3037600.0,1460007754.0,1460007754.0,0.0,8100.0,0.0,,0.0,0.0,0.0
2025-09-04,42.0,0.0,0.0,46.0,42.0,46.0,4.0,5789800.0,265110400.0,296.0,46.0,0.0,0.0,46.0,16514800.0,1460007754.0,1460007754.0,0.0,0.0,0.0,,0.0,0.0,0.0
2025-09-08,46.0,0.0,0.0,50.0,50.0,50.0,4.0,3593000.0,179650000.0,304.0,50.0,0.0,0.0,50.0,22364300.0,1460007754.0,1460007754.0,0.0,0.0,0.0,,0.0,0.0,0.0
2025-09-09,50.0,0.0,0.0,55.0,45.0,51.0,1.0,78984500.0,3951748700.0,2127.0,51.0,51.0,145900.0,50.0,548900.0,1460007754.0,1460007754.0,0.0,4000000.0,0.0,,0.0,0.0,0.0
2025-09-10,51.0,0.0,0.0,52.0,47.0,52.0,1.0,10706400.0,527418800.0,608.0,52.0,52.0,394500.0,50.0,50200.0,1460007754.0,1460007754.0,0.0,0.0,0.0,,0.0,0.0,0.0
2025-09-11,52.0,0.0,0.0,57.0,50.0,57.0,5.0,22401700.0,1223306100.0,1016.0,57.0,57.0,273000.0,56.0,686000.0,1460007754.0,1460007754.0,0.0,0.0,0.0,,0.0,0.0,0.0
2025-09-12,57.0,0.0,0.0,62.0,55.0,60.0,3.0,25539700.0,1535764900.0,1151.0,60.0,60.0,85300.0,59.0,17400.0,1460007754.0,1460007754.0,0.0,10000.0,0.0,,0.0,0.0,0.0
2025-09-15,60.0,0.0,0.0,66.0,58.0,66.0,6.0,11066100.0,716740400.0,651.0,66.0,0.0,0.0,66.0,7972200.0,1460007754.0,1460007754.0,0.0,0.0,0.0,,0.0,0.0,0.0
2025-09-16,66.0,0.0,0.0,72.0,72.0,72.0,6.0,3040100.0,218887200.0,227.0,72.0,0.0,0.0,72.0,18643700.0,1460007754.0,1460007754.0,0.0,0.0,0.0,,0.0,0.0,0.0
2025-09-17,72.0,0.0,0.0,79.0,77.0,79.0,7.0,16118600.0,1272268200.0,491.0,79.0,0.0,0.0,79.0,6040000.0,1460007754.0,1460007754.0,0.0,0.0,200.0,,0.0,0.0,0.0
2025-09-18,79.0,0.0,0.0,86.0,79.0,86.0,7.0,10851800.0,920078700.0,673.0,86.0,0.0,0.0,86.0,1775400.0,1460007754.0,1460007754.0,0.0,0.0,0.0,,0.0,0.0,0.0
2025-09-19,86.0,0.0,0.0,94.0,79.0,87.0,1.0,17317800.0,1525474600.0,1560.0,87.0,87.0,22600.0,86.0,374300.0,1460007754.0,1460007754.0,0.0,0.0,11700.0,,0.0,0.0,0.0
2025-09-22,87.0,0.0,0.0,95.0,86.0,95.0,8.0,4658400.0,437193200.0,459.0,95.0,0.0,0.0,95.0,2159400.0,1460007754.0,1460007754.0,0.0,0.0,5000.0,,0.0,0.0,0.0
2025-09-23,95.0,0.0,0.0,104.0,103.0,104.0,9.0,2378900.0,247401500.0,343.0,104.0,0.0,0.0,104.0,1472700.0,1460007754.0,1460007754.0,0.0,49200.0,20000.0,,0.0,0.0,0.0
2025-09-24,104.0,0.0,0.0,0.0,0.0,104.0,0.0,0.0,0.0,0.0,104.0,0.0,0.0,0.0,0.0,1460007754.0,1460007754.0,0.0,0.0,0.0,,0.0,0.0,0.0
2025-09-25,104.0,0.0,0.0,94.0,94.0,94.0,-10.0,4358400.0,409689600.0,438.0,94.0,94.0,6816400.0,0.0,0.0,1460007754.0,1460007754.0,0.0,30700.0,0.0,,0.0,0.0,0.0
2025-09-26,94.0,0.0,0.0,94.0,85.0,85.0,-9.0,3715600.0,322502800.0,323.0,85.0,85.0,5658100.0,0.0,0.0,1460007754.0,1460007754.0,0.0,0.0,0.0,,0.0,0.0,0.0
2025-09-29,85.0,0.0,0.0,83.0,77.0,77.0,-8.0,5477700.0,423349600.0,392.0,77.0,77.0,7872700.0,0.0,0.0,1460007754.0,1460007754.0,0.0,0.0,0.0,,0.0,0.0,0.0
2025-09-30,77.0,0.0,0.0,84.0,70.0,84.0,7.0,29013800.0,2274130900.0,1880.0,84.0,0.0,0.0,84.0,1757700.0,1460007754.0,1460007754.0,0.0,0.0,600.0,,0.0,0.0,0.0
2025-10-01,84.0,0.0,0.0,89.0,76.0,76.0,-8.0,16755100.0,1329083000.0,1260.0,76.0,76.0,291300.0,0.0,0.0,1460007754.0,1460007754.0,0.0,0.0,0.0,,0.0,0.0,0.0
2025-10-02,76.0,0.0,0.0,76.0,69.0,70.0,-6.0,13652700.0,955210600.0,1096.0,70.0,70.0,54500.0,69.0,358000.0,1460007754.0,1460007754.0,0.0,0.0,0.0,,0.0,0.0,0.0
2025-10-03,70.0,0.0,0.0,71.0,63.0,63.0,-7.0,8321200.0,531237900.0,588.0,63.0,63.0,3193100.0,0.0,0.0,1460007754.0,1460007754.0,0.0,0.0,2000.0,,0.0,0.0,0.0
2025-10-06,63.0,0.0,0.0,63.0,57.0,57.0,-6.0,5925600.0,339035900.0,447.0,57.0,57.0,3899800.0,0.0,0.0,1460007754.0,1460007754.0,0.0,0.0,0.0,,0.0,0.0,0.0
2025-10-07,57.0,0.0,0.0,56.0,52.0,52.0,-5.0,28901300.0,1515968400.0,1363.0,52.0,53.0,452900.0,52.0,632800.0,1460007754.0,1460007754.0,0.0,0.0,500.0,,0.0,0.0,0.0
2025-10-08,52.0,0.0,0.0,57.0,53.0,57.0,5.0,15043000.0,834687500.0,996.0,57.0,0.0,0.0,57.0,1560000.0,1460007754.0,1460007754.0,0.0,0.0,0.0,,0.0,0.0,0.0
2025-10-09,57.0,0.0,0.0,62.0,55.0,60.0,3.0,12841200.0,747703600.0,1213.0,60.0,60.0,107200.0,59.0,61900.0,1460007754.0,1460007754.0,0.0,0.0,0.0,,0.0,0.0,0.0
2025-10-10,60.0,0.0,0.0,66.0,60.0,66.0,6.0,15069800.0,979898800.0,1014.0,66.0,0.0,0.0,66.0,2698400.0,1460007754.0,1460007754.0,0.0,0.0,500.0,,0.0,0.0,0.0
2025-10-13,66.0,0.0,0.0,70.0,60.0,60.0,-6.0,16591200.0,1034992000.0,1489.0,60.0,60.0,1184900.0,0.0,0.0,1460007754.0,1460007754.0,0.0,0.0,0.0,,0.0,0.0,0.0
2025-10-14,60.0,0.0,0.0,59.0,54.0,54.0,-6.0,18814000.0,1020022400.0,1075.0,54.0,54.0,809400.0,0.0,0.0,1460007754.0,1460007754.0,0.0,0.0,0.0,,0.0,0.0,0.0
2025-10-15,54.0,0.0,0.0,54.0,49.0,50.0,-4.0,12883800.0,642767300.0,719.0,50.0,50.0,150000.0,49.0,29200.0,1460007754.0,1460007754.0,0.0,0.0,0.0,,0.0,0.0,0.0
2025-10-16,50.0,0.0,0.0,54.0,45.0,52.0,2.0,32303900.0,1565025200.0,1433.0,52.0,52.0,99300.0,51.0,4100.0,1460007754.0,1460007754.0,0.0,0.0,20000.0,,0.0,0.0,0.0
2025-10-17,52.0,0.0,0.0,57.0,52.0,52.0,0.0,21431000.0,1195945700.0,1348.0,52.0,53.0,21000.0,52.0,473800.0,1460007754.0,1460007754.0,0.0,0.0,0.0,,0.0,0.0,0.0
2025-10-20,52.0,0.0,0.0,57.0,47.0,52.0,0.0,10414000.0,503826900.0,809.0,52.0,52.0,861300.0,51.0,21000.0,1460007754.0,1460007754.0,0.0,0.0,0.0,,0.0,0.0,0.0
2025-10-21,52.0,0.0,0.0,53.0,49.0,52.0,0.0,3026800.0,153408100.0,395.0,52.0,52.0,252400.0,51.0,106500.0,1460007754.0,1460007754.0,0.0,0.0,0.0,,0.0,0.0,0.0
2025-10-22,52.0,0.0,0.0,55.0,50.0,51.0,-1.0,4171600.0,213304400.0,326.0,51.0,52.0,171600.0,51.0,976900.0,1460007754.0,1460007754.0,0.0,0.0,0.0,,0.0,0.0,0.0
2025-10-23,51.0,0.0,0.0,54.0,49.0,51.0,0.0,9164000.0,467155500.0,723.0,51.0,52.0,161300.0,51.0,23700.0,1460007754.0,1460007754.0,0.0,0.0,0.0,,0.0,0.0,0.0
2025-10-24,51.0,0.0,0.0,54.0,50.0,53.0,2.0,6119400.0,320131600.0,396.0,53.0,53.0,1495100.0,52.0,22100.0,1460007754.0,1460007754.0,0.0,0.0,0.0,,0.0,0.0,0.0
2025-10-27,53.0,0.0,0.0,58.0,52.0,58.0,5.0,20194300.0,1147044600.0,1243.0,58.0,0.0,0.0,58.0,1048600.0,1460007754.0,1460007754.0,0.0,0.0,0.0,,0.0,0.0,0.0
2025-10-28,58.0,0.0,0.0,61.0,53.0,55.0,-3.0,23130800.0,1271368700.0,1081.0,55.0,55.0,56600.0,54.0,366200.0,1460007754.0,1460007754.0,0.0,0.0,0.0,,0.0,0.0,0.0
2025-10-29,55.0,0.0,0.0,55.0,51.0,53.0,-2.0,4493100.0,235653400.0,396.0,53.0,53.0,229500.0,52.0,737700.0,1460007754.0,1460007754.0,0.0,0.0,0.0,,0.0,0.0,0.0
2025-10-30,53.0,0.0,0.0,55.0,50.0,55.0,2.0,8581000.0,449723900.0,535.0,55.0,55.0,1026100.0,54.0,400.0,1460007754.0,1460007754.0,0.0,0.0,0.0,,0.0,0.0,0.0
2025-10-31,55.0,0.0,0.0,55.0,53.0,54.0,-1.0,1569900.0,84481600.0,230.0,54.0,55.0,346600.0,54.0,35500.0,1460007754.0,1460007754.0,0.0,0.0,0.0,,0.0,0.0,0.0
2025-11-04,51.0,0.0,0.0,55.0,51.0,54.0,3.0,11032700.0,585807800.0,959.0,54.0,54.0,205300.0,53.0,20700.0,1460007754.0,1460007754.0,0.0,0.0,0.0,,0.0,0.0,0.0
2025-11-05,54.0,0.0,0.0,59.0,49.0,50.0,-4.0,22731900.0,1141414500.0,989.0,50.0,51.0,1926600.0,49.0,1304300.0,1460007754.0,1460007754.0,0.0,0.0,0.0,,0.0,0.0,0.0
2025-11-06,50.0,0.0,0.0,50.0,48.0,49.0,-1.0,4119400.0,202295100.0,425.0,49.0,50.0,1602400.0,49.0,256300.0,1460007754.0,1460007754.0,0.0,0.0,0.0,,0.0,0.0,0.0
2025-11-07,49.0,0.0,0.0,51.0,45.0,49.0,0.0,20511100.0,967800400.0,2331.0,49.0,49.0,193600.0,48.0,1986700.0,1460007754.0,1460007754.0,0.0,0.0,0.0,,0.0,0.0,0.0
2025-11-10,49.0,0.0,0.0,50.0,47.0,50.0,1.0,7764200.0,376017100.0,617.0,50.0,50.0,978500.0,49.0,3494300.0,1460007754.0,1460007754.0,0.0,0.0,0.0,,0.0,0.0,0.0
2025-11-11,50.0,0.0,0.0,51.0,48.0,50.0,0.0,2733400.0,134137700.0,321.0,50.0,50.0,1131300.0,49.0,1042900.0,1460007754.0,1460007754.0,0.0,0.0,0.0,,0.0,0.0,0.0
2025-11-12,50.0,0.0,0.0,50.0,47.0,48.0,-2.0,3631100.0,175111900.0,688.0,48.0,49.0,1620700.0,48.0,256100.0,1460007754.0,1460007754.0,0.0,0.0,0.0,,0.0,0.0,0.0
2025-11-13,48.0,0.0,0.0,49.0,47.0,49.0,1.0,2415200.0,115588500.0,306.0,49.0,49.0,975800.0,48.0,1971600.0,1460007754.0,1460007754.0,0.0,0.0,0.0,,0.0,0.0,0.0
2025-11-14,49.0,0.0,0.0,49.0,47.0,48.0,-1.0,1207000.0,58003600.0,158.0,48.0,48.0,1290100.0,47.0,512000.0,1460007754.0,1460007754.0,0.0,0.0,0.0,,0.0,0.0,0.0
2025-11-17,48.0,0.0,0.0,49.0,45.0,48.0,0.0,3757600.0,176106300.0,343.0,48.0,48.0,14900.0,47.0,95700.0,1460007754.0,1460007754.0,0.0,0.0,0.0,,0.0,0.0,0.0
2025-11-18,48.0,0.0,0.0,50.0,47.0,48.0,0.0,3189200.0,155443200.0,241.0,48.0,49.0,240200.0,48.0,664000.0,1460007754.0,1460007754.0,0.0,0.0,0.0,,0.0,0.0,0.0
2025-11-19,48.0,0.0,0.0,50.0,48.0,50.0,2.0,3479000.0,170248600.0,239.0,50.0,50.0,706400.0,49.0,929500.0,1460007754.0,1460007754.0,0.0,0.0,0.0,,0.0,0.0,0.0
2025-11-20,50.0,0.0,0.0,50.0,47.0,49.0,-1.0,4451100.0,215192900.0,213.0,49.0,49.0,190000.0,48.0,331600.0,1460007754.0,1460007754.0,0.0,0.0,0.0,,0.0,0.0,0.0
2025-11-21,49.0,0.0,0.0,49.0,47.0,49.0,0.0,2146000.0,102684000.0,192.0,49.0,49.0,565900.0,48.0,43000.0,1460007754.0,1460007754.0,0.0,0.0,0.0,,0.0,0.0,0.0
2025-11-24,49.0,0.0,0.0,49.0,47.0,49.0,0.0,1385100.0,66798400.0,135.0,49.0,49.0,1344500.0,48.0,34800.0,1460007754.0,1460007754.0,0.0,0.0,0.0,,0.0,0.0,0.0
2025-11-25,49.0,0.0,0.0,50.0,48.0,50.0,1.0,3625800.0,177500200.0,251.0,50.0,50.0,1164800.0,48.0,270200.0,1460007754.0,1460007754.0,0.0,0.0,0.0,,0.0,0.0,0.0
2025-11-26,50.0,0.0,0.0,50.0,46.0,47.0,-3.0,4776700.0,227147300.0,328.0,47.0,48.0,2268900.0,47.0,27100.0,1460007754.0,1460007754.0,0.0,1960400.0,0.0,,0.0,0.0,0.0
2025-11-27,47.0,0.0,0.0,48.0,46.0,47.0,0.0,2484800.0,114787600.0,266.0,47.0,47.0,250600.0,46.0,141700.0,1460007754.0,1460007754.0,0.0,0.0,0.0,,0.0,0.0,0.0
2025-11-28,47.0,0.0,0.0,47.0,45.0,46.0,-1.0,3581200.0,163526000.0,275.0,46.0,46.0,288500.0,45.0,1272600.0,1460007754.0,1460007754.0,0.0,0.0,0.0,,0.0,0.0,0.0
2025-12-01,46.0,0.0,0.0,50.0,45.0,48.0,2.0,9687600.0,461066900.0,1332.0,48.0,48.0,504600.0,47.0,210800.0,1460007754.0,1460007754.0,0.0,0.0,10000.0,,0.0,0.0,0.0
2025-12-02,48.0,0.0,0.0,48.0,46.0,46.0,-2.0,3630500.0,168255800.0,311.0,46.0,47.0,245800.0,46.0,553400.0,1460007754.0,1460007754.0,0.0,0.0,0.0,,0.0,0.0,0.0
2025-12-03,46.0,0.0,0.0,47.0,44.0,45.0,-1.0,7070700.0,322672000.0,488.0,45.0,46.0,830100.0,45.0,545900.0,1460007754.0,1460007754.0,0.0,2000000.0,0.0,,0.0,0.0,0.0
2025-12-04,45.0,0.0,0.0,47.0,44.0,46.0,1.0,6781700.0,309860400.0,343.0,46.0,47.0,906800.0,46.0,126300.0,1460007754.0,1460007754.0,0.0,0.0,0.0,,0.0,0.0,0.0
2025-12-05,46.0,0.0,0.0,49.0,45.0,48.0,2.0,5950500.0,283820000.0,706.0,48.0,48.0,224700.0,47.0,683700.0,1460007754.0,1460007754.0,0.0,0.0,20000.0,,0.0,0.0,0.0
2025-12-08,48.0,0.0,0.0,52.0,47.0,49.0,1.0,8496800.0,421986700.0,897.0,49.0,50.0,823600.0,49.0,11600.0,1460007754.0,1460007754.0,0.0,0.0,0.0,,0.0,0.0,0.0
2025-12-09,49.0,0.0,0.0,52.0,48.0,49.0,0.0,1292500.0,62820700.0,205.0,49.0,49.0,588100.0,48.0,576800.0,1460007754.0,1460007754.0,0.0,0.0,0.0,,0.0,0.0,0.0
2025-12-10,49.0,0.0,0.0,49.0,47.0,47.0,-2.0,5496300.0,262609900.0,361.0,47.0,48.0,142700.0,47.0,592700.0,1460007754.0,1460007754.0,0.0,1000000.0,0.0,,0.0,0.0,0.0
2025-12-11,47.0,0.0,0.0,48.0,47.0,47.0,0.0,1079000.0,50856400.0,142.0,47.0,48.0,471500.0,47.0,138800.0,1460007754.0,1460007754.0,0.0,0.0,0.0,,0.0,0.0,0.0
2025-12-12,47.0,0.0,0.0,48.0,46.0,47.0,0.0,1918700.0,90067600.0,294.0,47.0,47.0,391000.0,46.0,907200.0,1460007754.0,1460007754.0,0.0,0.0,0.0,,0.0,0.0,0.0
2025-12-15,47.0,0.0,0.0,48.0,46.0,47.0,0.0,2654600.0,122671800.0,175.0,47.0,48.0,506800.0,47.0,13100.0,1460007754.0,1460007754.0,0.0,0.0,0.0,,0.0,0.0,0.0
2025-12-16,47.0,0.0,0.0,48.0,46.0,46.0,-1.0,2126200.0,98433100.0,114.0,46.0,47.0,49300.0,46.0,571400.0,1460007754.0,1460007754.0,0.0,0.0,0.0,,0.0,0.0,0.0
2025-12-17,46.0,0.0,0.0,49.0,46.0,48.0,2.0,7124900.0,342256000.0,599.0,48.0,48.0,278000.0,47.0,1176000.0,1460007754.0,1460007754.0,0.0,0.0,410000.0,,0.0,0.0,0.0
2025-12-18,48.0,0.0,0.0,48.0,47.0,48.0,0.0,2141700.0,100953100.0,179.0,48.0,48.0,553800.0,47.0,162700.0,1460007754.0,1460007754.0,0.0,0.0,0.0,,0.0,0.0,0.0
2025-12-19,48.0,0.0,0.0,48.0,46.0,47.0,-1.0,1495700.0,70302500.0,124.0,47.0,47.0,403000.0,46.0,1395600.0,1460007754.0,1460007754.0,0.0,10000.0,0.0,,0.0,0.0,0.0
2025-12-22,47.0,0.0,0.0,47.0,45.0,45.0,-2.0,1932800.0,88711000.0,219.0,45.0,46.0,1331600.0,45.0,1659000.0,1460007754.0,1460007754.0,0.0,0.0,0.0,,0.0,0.0,0.0
2025-12-23,45.0,0.0,0.0,46.0,45.0,46.0,1.0,776600.0,35480500.0,106.0,46.0,46.0,1339500.0,45.0,978200.0,1460007754.0,1460007754.0,0.0,0.0,0.0,,0.0,0.0,0.0
2025-12-24,46.0,0.0,0.0,50.0,45.0,48.0,2.0,6639400.0,314714300.0,430.0,48.0,48.0,233100.0,47.0,204400.0,1460007754.0,1460007754.0,0.0,0.0,0.0,,0.0,0.0,0.0
2025-12-29,48.0,0.0,0.0,49.0,46.0,48.0,0.0,1802100.0,85106200.0,320.0,48.0,48.0,394700.0,47.0,409000.0,1460007754.0,1460007754.0,0.0,0.0,0.0,,0.0,0.0,0.0
2025-12-30,48.0,0.0,0.0,48.0,47.0,48.0,0.0,890300.0,41957400.0,120.0,48.0,48.0,1095300.0,47.0,242500.0,1460007754.0,1460007754.0,0.0,0.0,0.0,,0.0,0.0,0.0
2026-01-02,48.0,0.0,0.0,52.0,46.0,52.0,4.0,16795600.0,853928400.0,2023.0,52.0,0.0,0.0,52.0,10507200.0,1460007754.0,1460007754.0,0.0,71000.0,0.0,,0.0,0.0,0.0
2026-01-05,52.0,0.0,0.0,57.0,48.0,52.0,0.0,10205800.0,529417200.0,721.0,52.0,52.0,104800.0,51.0,330800.0,1460007754.0,1460007754.0,0.0,0.0,0.0,,0.0,0.0,0.0
2026-01-06,52.0,0.0,0.0,53.0,50.0,51.0,-1.0,4039300.0,204210900.0,383.0,51.0,51.0,156900.0,50.0,275900.0,1460007754.0,1460007754.0,0.0,0.0,0.0,,0.0,0.0,0.0
2026-01-07,51.0,0.0,0.0,56.0,50.0,54.0,3.0,11782000.0,633280600.0,669.0,54.0,54.0,137600.0,53.0,194500.0,1460007754.0,1460007754.0,0.0,0.0,0.0,,0.0,0.0,0.0
2026-01-08,54.0,0.0,0.0,59.0,53.0,59.0,5.0,21732800.0,1253839800.0,1782.0,59.0,0.0,0.0,59.0,8167700.0,1460007754.0,1460007754.0,0.0,0.0,450000.0,,0.0,0.0,0.0
2026-01-09,59.0,0.0,0.0,64.0,61.0,64.0,5.0,12883400.0,823302400.0,866.0,64.0,0.0,0.0,64.0,1909500.0,1460007754.0,1460007754.0,0.0,0.0,450000.0,,0.0,0.0,0.0
2026-01-12,64.0,0.0,0.0,70.0,58.0,59.0,-5.0,32069700.0,1899333700.0,2415.0,59.0,59.0,715000.0,58.0,56400.0,1460007754.0,1460007754.0,0.0,0.0,120000.0,,0.0,0.0,0.0
2026-01-13,59.0,0.0,0.0,60.0,55.0,58.0,-1.0,12274000.0,688539100.0,1074.0,58.0,58.0,421200.0,56.0,556200.0,1460007754.0,1460007754.0,0.0,0.0,0.0,,0.0,0.0,0.0
2026-01-14,58.0,0.0,0.0,59.0,56.0,59.0,1.0,3686500.0,211821000.0,545.0,59.0,59.0,882100.0,58.0,5000.0,1460007754.0,1460007754.0,0.0,0.0,0.0,,0.0,0.0,0.0
2026-01-15,59.0,0.0,0.0,64.0,58.0,64.0,5.0,23439200.0,1449972600.0,2456.0,64.0,0.0,0.0,64.0,4007600.0,1460007754.0,1460007754.0,0.0,0.0,0.0,,0.0,0.0,0.0
2026-01-19,64.0,0.0,0.0,70.0,65.0,70.0,6.0,12903800.0,897306800.0,799.0,70.0,0.0,0.0,70.0,11035700.0,1460007754.0,1460007754.0,0.0,0.0,0.0,,0.0,0.0,0.0
2026-01-20,70.0,0.0,0.0,77.0,64.0,65.0,-5.0,56958700.0,3951057800.0,3143.0,65.0,66.0,506100.0,65.0,21400.0,1460007754.0,1460007754.0,0.0,0.0,0.0,,0.0,0.0,0.0
2026-01-21,65.0,0.0,0.0,67.0,59.0,62.0,-3.0,13163100.0,806788100.0,1040.0,62.0,62.0,1709900.0,60.0,354600.0,1460007754.0,1460007754.0,0.0,0.0,0.0,,0.0,0.0,0.0
2026-01-22,62.0,0.0,0.0,64.0,59.0,62.0,0.0,9810200.0,604647100.0,1161.0,62.0,62.0,618300.0,60.0,156000.0,1460007754.0,1460007754.0,0.0,0.0,0.0,,0.0,0.0,0.0
2026-01-23,62.0,0.0,0.0,62.0,59.0,61.0,-1.0,3063900.0,185580900.0,276.0,61.0,61.0,65800.0,60.0,92200.0,1460007754.0,1460007754.0,0.0,0.0,0.0,,0.0,0.0,0.0
2026-01-26,61.0,0.0,0.0,62.0,59.0,60.0,-1.0,3041800.0,182807900.0,391.0,60.0,60.0,5300.0,59.0,129000.0,1460007754.0,1460007754.0,0.0,0.0,0.0,,0.0,0.0,0.0
2026-01-27,60.0,0.0,0.0,61.0,55.0,60.0,0.0,3372900.0,193739800.0,390.0,60.0,60.0,388600.0,59.0,2600.0,1460007754.0,1460007754.0,0.0,0.0,0.0,,0.0,0.0,0.0
2026-01-28,60.0,0.0,0.0,61.0,54.0,54.0,-6.0,5133800.0,285980200.0,324.0,54.0,54.0,1478300.0,0.0,0.0,1460007754.0,1460007754.0,0.0,0.0,0.0,,0.0,0.0,0.0
2026-01-29,54.0,0.0,0.0,54.0,49.0,54.0,0.0,10575600.0,526394700.0,529.0,54.0,54.0,180700.0,50.0,181900.0,1460007754.0,1460007754.0,0.0,0.0,0.0,,0.0,0.0,0.0
2026-01-30,54.0,0.0,0.0,58.0,49.0,56.0,2.0,9389800.0,498981100.0,2445.0,56.0,56.0,398500.0,55.0,1195100.0,1460007754.0,1460007754.0,0.0,1000000.0,0.0,,0.0,0.0,0.0
2026-02-02,56.0,0.0,0.0,57.0,51.0,51.0,-5.0,9535600.0,495334400.0,366.0,51.0,51.0,1145300.0,0.0,0.0,1460007754.0,1460007754.0,0.0,0.0,0.0,,0.0,0.0,0.0
2026-02-03,51.0,0.0,0.0,49.0,46.0,46.0,-5.0,17158600.0,799849700.0,793.0,46.0,47.0,18600.0,46.0,3681600.0,1460007754.0,1460007754.0,0.0,0.0,0.0,,0.0,0.0,0.0
2026-02-04,46.0,0.0,0.0,48.0,42.0,43.0,-3.0,9474400.0,418726500.0,619.0,43.0,43.0,818000.0,42.0,2284400.0,1460007754.0,1460007754.0,0.0,0.0,10000.0,,0.0,0.0,0.0
2026-02-05,43.0,0.0,0.0,45.0,42.0,44.0,1.0,2472400.0,106498800.0,350.0,44.0,45.0,557000.0,43.0,252500.0,1460007754.0,1460007754.0,0.0,0.0,0.0,,0.0,0.0,0.0
2026-02-06,44.0,0.0,0.0,47.0,41.0,45.0,1.0,3250000.0,142669900.0,339.0,45.0,45.0,1212600.0,43.0,42200.0,1460007754.0,1460007754.0,0.0,0.0,0.0,,0.0,0.0,0.0
2026-02-09,45.0,0.0,0.0,48.0,42.0,43.0,-2.0,4529200.0,194517400.0,393.0,43.0,44.0,379300.0,43.0,41400.0,1460007754.0,1460007754.0,0.0,0.0,0.0,,0.0,0.0,0.0
2026-02-10,43.0,0.0,0.0,45.0,42.0,44.0,1.0,2049000.0,89952100.0,255.0,44.0,45.0,651800.0,44.0,470000.0,1460007754.0,1460007754.0,0.0,0.0,0.0,,0.0,0.0,0.0
2026-02-11,44.0,0.0,0.0,48.0,42.0,48.0,4.0,7879400.0,360068600.0,813.0,48.0,48.0,1131000.0,47.0,809800.0,1460007754.0,1460007754.0,0.0,0.0,0.0,,0.0,0.0,0.0
2026-02-12,48.0,0.0,0.0,50.0,45.0,47.0,-1.0,3569400.0,166425400.0,413.0,47.0,47.0,566800.0,46.0,38600.0,1460007754.0,1460007754.0,0.0,0.0,0.0,,0.0,0.0,0.0
2026-02-13,47.0,0.0,0.0,50.0,45.0,49.0,2.0,3588000.0,170362500.0,296.0,49.0,49.0,729700.0,48.0,5000.0,1460007754.0,1460007754.0,0.0,0.0,0.0,,0.0,0.0,0.0
2026-02-18,49.0,0.0,0.0,51.0,46.0,49.0,0.0,3334300.0,162343400.0,571.0,49.0,49.0,157200.0,48.0,100.0,1460007754.0,1460007754.0,0.0,0.0,0.0,,0.0,0.0,0.0
2026-02-19,49.0,0.0,0.0,49.0,46.0,47.0,-2.0,4039000.0,190891300.0,356.0,47.0,48.0,52200.0,47.0,370500.0,1460007754.0,1460007754.0,0.0,0.0,0.0,,0.0,0.0,0.0
2026-02-20,47.0,0.0,0.0,48.0,46.0,46.0,-1.0,1214500.0,56966200.0,179.0,46.0,47.0,280500.0,46.0,628700.0,1460007754.0,1460007754.0,0.0,0.0,0.0,,0.0,0.0,0.0
2026-02-23,46.0,0.0,0.0,49.0,46.0,49.0,3.0,3325700.0,158347300.0,255.0,49.0,49.0,946400.0,47.0,16400.0,1460007754.0,1460007754.0,0.0,0.0,0.0,,0.0,0.0,0.0
2026-02-24,49.0,0.0,0.0,51.0,47.0,51.0,2.0,4085800.0,202862500.0,432.0,51.0,51.0,324900.0,49.0,85100.0,1460007754.0,1460007754.0,0.0,0.0,0.0,,0.0,0.0,0.0
2026-02-25,51.0,0.0,0.0,56.0,48.0,53.0,2.0,10129100.0,529718300.0,826.0,53.0,53.0,587000.0,50.0,194200.0,1460007754.0,1460007754.0,0.0,0.0,0.0,,0.0,0.0,0.0
2026-02-26,53.0,0.0,0.0,55.0,51.0,55.0,2.0,2275600.0,121817900.0,268.0,55.0,55.0,393400.0,53.0,8000.0,1460007754.0,1460007754.0,0.0,0.0,0.0,,0.0,0.0,0.0
2026-02-27,55.0,0.0,0.0,56.0,52.0,54.0,-1.0,4643800.0,247367000.0,253.0,54.0,54.0,1056600.0,53.0,300.0,1460007754.0,1460007754.0,0.0,0.0,0.0,,0.0,0.0,0.0
2026-03-02,54.0,0.0,0.0,54.0,49.0,53.0,-1.0,7338800.0,369017500.0,356.0,53.0,53.0,544700.0,51.0,13000.0,1460007754.0,1460007754.0,0.0,0.0,0.0,,0.0,0.0,0.0
2026-03-03,53.0,0.0,0.0,53.0,50.0,50.0,-3.0,2400900.0,123294200.0,237.0,50.0,51.0,100.0,49.0,454100.0,1460007754.0,1460007754.0,0.0,0.0,0.0,,0.0,0.0,0.0
2026-03-04,50.0,0.0,0.0,51.0,45.0,45.0,-5.0,4345300.0,199606200.0,344.0,45.0,45.0,6219400.0,0.0,0.0,1460007754.0,1460007754.0,0.0,0.0,0.0,,0.0,0.0,0.0
2026-03-05,45.0,0.0,0.0,47.0,41.0,46.0,1.0,2608800.0,116503200.0,212.0,46.0,46.0,42800.0,45.0,20700.0,1460007754.0,1460007754.0,0.0,0.0,0.0,,0.0,0.0,0.0
2026-03-06,46.0,0.0,0.0,46.0,43.0,44.0,-2.0,2812900.0,121812200.0,196.0,44.0,45.0,1557300.0,44.0,59100.0,1460007754.0,1460007754.0,0.0,0.0,0.0,,0.0,0.0,0.0
2026-03-09,44.0,0.0,0.0,44.0,40.0,43.0,-1.0,4273800.0,175339900.0,286.0,43.0,43.0,1170500.0,42.0,51800.0,1460007754.0,1460007754.0,0.0,0.0,0.0,,0.0,0.0,0.0
2026-03-10,43.0,0.0,0.0,43.0,41.0,43.0,0.0,879800.0,37435000.0,85.0,43.0,43.0,397300.0,42.0,67300.0,1460007754.0,1460007754.0,0.0,0.0,0.0,,0.0,0.0,0.0
2026-03-11,43.0,0.0,0.0,46.0,42.0,44.0,1.0,1240400.0,55056600.0,159.0,44.0,45.0,1200.0,44.0,1300.0,1460007754.0,1460007754.0,0.0,0.0,0.0,,0.0,0.0,0.0
2026-03-12,44.0,0.0,0.0,46.0,43.0,45.0,1.0,382800.0,17097700.0,101.0,45.0,45.0,621000.0,44.0,4000.0,1460007754.0,1460007754.0,0.0,0.0,0.0,,0.0,0.0,0.0
2026-03-13,45.0,0.0,0.0,46.0,42.0,46.0,1.0,894600.0,39627100.0,81.0,46.0,46.0,1747000.0,43.0,57900.0,1460007754.0,1460007754.0,0.0,0.0,0.0,,0.0,0.0,0.0
2026-03-16,46.0,0.0,0.0,46.0,43.0,45.0,-1.0,589400.0,26201100.0,112.0,45.0,45.0,1428500.0,44.0,41300.0,1460007754.0,1460007754.0,0.0,0.0,0.0,,0.0,0.0,0.0
2026-03-17,45.0,0.0,0.0,47.0,43.0,47.0,2.0,604400.0,27975000.0,84.0,47.0,47.0,2100.0,44.0,56400.0,1460007754.0,1460007754.0,0.0,0.0,0.0,,0.0,0.0,0.0
2026-03-25,47.0,0.0,0.0,47.0,43.0,43.0,-4.0,6300500.0,272444100.0,443.0,43.0,43.0,2625500.0,0.0,0.0,1460007754.0,1460007754.0,0.0,0.0,1000.0,,0.0,0.0,0.0
2026-03-26,43.0,0.0,0.0,46.0,39.0,42.0,-1.0,5505200.0,221989400.0,457.0,42.0,42.0,393500.0,39.0,810500.0,1460007754.0,1460007754.0,0.0,0.0,0.0,,0.0,0.0,0.0
2026-03-27,42.0,0.0,0.0,43.0,40.0,41.0,-1.0,1101600.0,44856700.0,169.0,41.0,41.0,345200.0,40.0,388500.0,1460007754.0,1460007754.0,0.0,5000.0,5000.0,,0.0,0.0,0.0
2026-03-30,41.0,0.0,0.0,41.0,39.0,41.0,0.0,332000.0,13298800.0,108.0,41.0,41.0,362600.0,39.0,353400.0,1460007754.0,1460007754.0,0.0,0.0,0.0,,0.0,0.0,0.0
2026-03-31,41.0,0.0,0.0,44.0,39.0,44.0,3.0,1441700.0,61744500.0,106.0,44.0,44.0,332700.0,39.0,298100.0,1460007754.0,1460007754.0,0.0,0.0,0.0,,0.0,0.0,0.0
2026-04-01,44.0,0.0,0.0,47.0,42.0,47.0,3.0,2473100.0,109655700.0,223.0,47.0,47.0,605200.0,46.0,50000.0,1460007754.0,1460007754.0,0.0,0.0,0.0,,0.0,0.0,0.0
2026-04-02,47.0,0.0,0.0,46.0,43.0,46.0,-1.0,3637600.0,162428900.0,246.0,46.0,46.0,378400.0,44.0,100.0,1460007754.0,1460007754.0,0.0,1000.0,0.0,,0.0,0.0,0.0
2026-04-06,46.0,0.0,0.0,45.0,43.0,45.0,-1.0,1096400.0,48528300.0,142.0,45.0,45.0,234500.0,44.0,93800.0,1460007754.0,1460007754.0,0.0,0.0,0.0,,0.0,0.0,0.0
2026-04-07,45.0,0.0,0.0,45.0,44.0,45.0,0.0,529200.0,23641200.0,95.0,45.0,45.0,190400.0,44.0,103200.0,1460007754.0,1460007754.0,0.0,0.0,0.0,,0.0,0.0,0.0
2026-04-08,45.0,0.0,0.0,47.0,44.0,47.0,2.0,1689500.0,76657900.0,151.0,47.0,47.0,532000.0,46.0,3400.0,1460007754.0,1460007754.0,0.0,0.0,0.0,,0.0,0.0,0.0
2026-04-09,47.0,0.0,0.0,48.0,44.0,46.0,-1.0,2522600.0,116548500.0,193.0,46.0,48.0,847600.0,46.0,97300.0,1460007754.0,1460007754.0,0.0,0.0,0.0,,0.0,0.0,0.0
2026-04-10,46.0,0.0,0.0,48.0,45.0,47.0,1.0,1518200.0,70051600.0,134.0,47.0,47.0,120200.0,45.0,444600.0,1460007754.0,1460007754.0,0.0,0.0,0.0,,0.0,0.0,0.0
2026-04-13,47.0,0.0,0.0,48.0,45.0,47.0,0.0,685800.0,31757800.0,111.0,47.0,47.0,309200.0,46.0,244800.0,1460007754.0,1460007754.0,0.0,0.0,0.0,,0.0,0.0,0.0
2026-04-14,47.0,0.0,0.0,47.0,45.0,46.0,-1.0,1294700.0,59471600.0,142.0,46.0,46.0,100300.0,45.0,693000.0,1460007754.0,1460007754.0,0.0,0.0,0.0,,0.0,0.0,0.0
2026-04-15,46.0,0.0,0.0,50.0,45.0,50.0,4.0,13731000.0,678902100.0,270.0,50.0,0.0,0.0,50.0,4898100.0,1460007754.0,1460007754.0,0.0,0.0,0.0,,0.0,0.0,0.0
2026-04-16,50.0,0.0,0.0,55.0,50.0,55.0,5.0,14813500.0,811276900.0,368.0,55.0,0.0,0.0,55.0,4340600.0,1460007754.0,1460007754.0,0.0,0.0,0.0,,0.0,0.0,0.0
2026-04-17,55.0,0.0,0.0,60.0,55.0,60.0,5.0,13301800.0,793714500.0,554.0,60.0,0.0,0.0,60.0,2718000.0,1460007754.0,1460007754.0,0.0,0.0,93100.0,,0.0,0.0,0.0
2026-04-20,60.0,0.0,0.0,66.0,60.0,66.0,6.0,8455100.0,556146400.0,423.0,66.0,0.0,0.0,66.0,6252900.0,1460007754.0,1460007754.0,0.0,0.0,0.0,,0.0,0.0,0.0
2026-04-21,66.0,0.0,0.0,72.0,66.0,72.0,6.0,9004500.0,638835200.0,344.0,72.0,0.0,0.0,72.0,10445200.0,1460007754.0,1460007754.0,0.0,0.0,0.0,,0.0,0.0,0.0
2026-04-22,72.0,0.0,0.0,79.0,79.0,79.0,7.0,6467400.0,510924600.0,161.0,79.0,0.0,0.0,79.0,33581300.0,1460007754.0,1460007754.0,0.0,0.0,0.0,,0.0,0.0,0.0
2026-04-23,79.0,0.0,0.0,86.0,86.0,86.0,7.0,3760600.0,323411600.0,134.0,86.0,0.0,0.0,86.0,50817700.0,1460007754.0,1460007754.0,0.0,120500.0,0.0,,0.0,0.0,0.0
2026-04-24,86.0,0.0,0.0,94.0,94.0,94.0,8.0,12431500.0,1168561000.0,248.0,94.0,0.0,0.0,94.0,22347300.0,1460007754.0,1460007754.0,0.0,0.0,0.0,,0.0,0.0,0.0
2026-04-27,94.0,0.0,0.0,103.0,85.0,85.0,-9.0,68973300.0,6325845600.0,3160.0,85.0,86.0,427100.0,85.0,1395500.0,1460007754.0,1460007754.0,0.0,29000.0,0.0,,50.0,4250.0,1.0
2026-04-28,85.0,0.0,0.0,93.0,80.0,93.0,8.0,14318000.0,1307698300.0,991.0,93.0,0.0,0.0,93.0,6993000.0,1460007754.0,1460007754.0,0.0,0.0,0.0,,0.0,0.0,0.0
2026-04-29,93.0,0.0,0.0,102.0,95.0,102.0,9.0,5191000.0,528114100.0,303.0,102.0,0.0,0.0,102.0,42470000.0,1460007754.0,1460007754.0,0.0,0.0,0.0,,0.0,0.0,0.0
2026-04-30,102.0,0.0,0.0,112.0,103.0,112.0,10.0,49050600.0,5478832600.0,813.0,112.0,0.0,0.0,112.0,19624000.0,1460007754.0,1460007754.0,0.0,0.0,0.0,,0.0,0.0,0.0
2026-05-04,112.0,0.0,0.0,123.0,112.0,123.0,11.0,2723800.0,334484900.0,198.0,123.0,0.0,0.0,123.0,22564800.0,1460007754.0,1460007754.0,0.0,0.0,0.0,,5000000.0,505000000.0,1.0
2026-05-05,123.0,0.0,0.0,0.0,0.0,123.0,0.0,0.0,0.0,0.0,123.0,0.0,0.0,0.0,0.0,1460007754.0,1460007754.0,0.0,0.0,0.0,,0.0,0.0,0.0
2026-05-06,123.0,0.0,0.0,135.0,135.0,135.0,12.0,1938900.0,261751500.0,144.0,135.0,0.0,0.0,135.0,12262500.0,1460007754.0,1460007754.0,0.0,0.0,0.0,,0.0,0.0,0.0
2026-05-07,135.0,0.0,0.0,148.0,148.0,148.0,13.0,796900.0,117941200.0,146.0,148.0,0.0,0.0,148.0,22086300.0,1460007754.0,1460007754.0,0.0,0.0,0.0,,0.0,0.0,0.0
2026-05-08,148.0,0.0,0.0,0.0,0.0,148.0,0.0,0.0,0.0,0.0,148.0,0.0,0.0,0.0,0.0,1460007754.0,1460007754.0,0.0,0.0,0.0,,0.0,0.0,0.0
