date,previous,open_price,first_trade,high,low,close,change,volume,value,frequency,index_individual,offer,offer_volume,bid,bid_volume,listed_shares,tradeble_shares,weight_for_index,foreign_sell,foreign_buy,delisting_date,non_regular_volume,non_regular_value,non_regular_frequency
2024-01-09,438.0,0.0,0.0,545.0,438.0,525.0,87.0,317338600.0,165753044700.0,57174.0,119.9,530.0,46200.0,525.0,143400.0,6082020000.0,6082020000.0,1216404000.0,9255600.0,2035200.0,,1500.0,810000.0,1.0
2024-01-10,525.0,0.0,0.0,635.0,460.0,595.0,70.0,210644000.0,119496365800.0,37972.0,135.8,595.0,1138400.0,590.0,461600.0,6082020000.0,6082020000.0,1216404000.0,5460300.0,3898200.0,,0.0,0.0,0.0
2024-01-11,595.0,0.0,0.0,740.0,595.0,740.0,145.0,120880300.0,83053160000.0,26132.0,168.9,0.0,0.0,740.0,38118300.0,6082020000.0,6082020000.0,1216404000.0,7031200.0,2910500.0,,0.0,0.0,0.0
2024-01-12,740.0,0.0,0.0,895.0,555.0,560.0,-180.0,262307400.0,181289117000.0,52526.0,127.9,565.0,205700.0,560.0,20600.0,6082020000.0,6082020000.0,1216404000.0,47731300.0,1482400.0,,0.0,0.0,0.0
2024-01-15,560.0,0.0,0.0,625.0,490.0,575.0,15.0,99840800.0,55630344300.0,20754.0,131.3,580.0,486600.0,575.0,20141200.0,6082020000.0,6082020000.0,1216404000.0,652200.0,738000.0,,0.0,0.0,0.0
2024-01-16,575.0,0.0,0.0,700.0,550.0,695.0,120.0,139122100.0,90066069000.0,24940.0,158.7,700.0,1606000.0,695.0,2526300.0,6082020000.0,6082020000.0,1216404000.0,794000.0,1054700.0,,3649212000.0,1598354856000.0,4.0
2024-01-17,695.0,0.0,0.0,785.0,670.0,765.0,70.0,137364600.0,102748451500.0,28674.0,174.7,765.0,262900.0,760.0,537500.0,6082020000.0,6082020000.0,1216404000.0,2768200.0,4179100.0,,0.0,0.0,0.0
2024-01-18,765.0,0.0,0.0,790.0,690.0,710.0,-55.0,129027000.0,96661527000.0,28002.0,162.1,720.0,100.0,710.0,366200.0,6082020000.0,6082020000.0,1216404000.0,400900.0,3091900.0,,0.0,0.0,0.0
2024-01-19,710.0,0.0,0.0,745.0,650.0,660.0,-50.0,95273400.0,65305214000.0,18766.0,150.7,665.0,71500.0,660.0,5998000.0,6082020000.0,6082020000.0,1216404000.0,20772600.0,2657300.0,,0.0,0.0,0.0
2024-01-22,660.0,0.0,0.0,675.0,600.0,610.0,-50.0,52131400.0,32766073000.0,11265.0,139.3,615.0,167200.0,610.0,93500.0,6082020000.0,6082020000.0,1216404000.0,3226700.0,2024400.0,,0.0,0.0,0.0
2024-01-23,610.0,0.0,0.0,625.0,515.0,545.0,-65.0,66107000.0,36969737000.0,12220.0,124.4,550.0,227000.0,545.0,61900.0,6082020000.0,6082020000.0,1216404000.0,6906400.0,5313100.0,,0.0,0.0,0.0
2024-01-24,545.0,0.0,0.0,550.0,462.0,496.0,-49.0,69511900.0,34854031100.0,12229.0,113.2,496.0,40900.0,494.0,23500.0,6082020000.0,6082020000.0,1216404000.0,3300400.0,3164700.0,,0.0,0.0,0.0
2024-01-25,496.0,0.0,0.0,620.0,484.0,620.0,124.0,160584800.0,93857922800.0,26409.0,141.6,0.0,0.0,620.0,11481500.0,6082020000.0,6082020000.0,1216404000.0,9477100.0,6772100.0,,0.0,0.0,0.0
2024-01-26,620.0,0.0,0.0,695.0,540.0,605.0,-15.0,134693600.0,85857352500.0,26598.0,138.1,605.0,335500.0,600.0,1413000.0,6082020000.0,6082020000.0,1216404000.0,3149800.0,2376500.0,,0.0,0.0,0.0
2024-01-29,605.0,0.0,0.0,675.0,605.0,645.0,40.0,74727500.0,48206980500.0,14186.0,147.3,650.0,467700.0,645.0,2900.0,6082020000.0,6082020000.0,1216404000.0,2401200.0,2880300.0,,0.0,0.0,0.0
2024-01-30,645.0,0.0,0.0,670.0,620.0,625.0,-20.0,36956200.0,23698533500.0,7187.0,142.7,625.0,191900.0,620.0,259100.0,6082020000.0,6082020000.0,1216404000.0,234600.0,2630400.0,,0.0,0.0,0.0
2024-01-31,625.0,0.0,0.0,645.0,555.0,565.0,-60.0,39658300.0,23516881500.0,6606.0,129.0,570.0,12200.0,565.0,3993400.0,6082020000.0,6082020000.0,1216404000.0,1578200.0,1800400.0,,0.0,0.0,0.0
2024-02-01,565.0,0.0,0.0,610.0,560.0,565.0,0.0,20174200.0,11613798000.0,4330.0,129.0,570.0,1500.0,565.0,291600.0,6082020000.0,6082020000.0,1216404000.0,883600.0,305200.0,,0.0,0.0,0.0
2024-02-02,565.0,0.0,0.0,595.0,560.0,570.0,5.0,12905500.0,7422338500.0,2758.0,130.1,575.0,81500.0,570.0,239200.0,6082020000.0,6082020000.0,1216404000.0,1156000.0,169500.0,,0.0,0.0,0.0
2024-02-05,570.0,0.0,0.0,605.0,570.0,585.0,15.0,11671200.0,6839347000.0,3052.0,133.6,590.0,302300.0,585.0,142400.0,6082020000.0,6082020000.0,1216404000.0,370400.0,143400.0,,0.0,0.0,0.0
2024-02-06,585.0,0.0,0.0,590.0,550.0,550.0,-35.0,12850500.0,7234533500.0,2755.0,125.6,555.0,31000.0,550.0,503800.0,6082020000.0,6082020000.0,1216404000.0,92500.0,74700.0,,0.0,0.0,0.0
2024-02-07,550.0,0.0,0.0,565.0,510.0,520.0,-30.0,14116500.0,7396018000.0,3121.0,118.7,525.0,43500.0,520.0,13000.0,6082020000.0,6082020000.0,1216404000.0,89700.0,87300.0,,0.0,0.0,0.0
2024-02-12,520.0,0.0,0.0,530.0,486.0,500.0,-20.0,9711000.0,4858522200.0,2475.0,114.2,505.0,65500.0,500.0,194100.0,6082020000.0,6082020000.0,1216404000.0,424600.0,53200.0,,0.0,0.0,0.0
2024-02-13,500.0,0.0,0.0,575.0,490.0,530.0,30.0,21849500.0,11786334100.0,5392.0,121.0,530.0,61200.0,525.0,72200.0,6082020000.0,6082020000.0,1216404000.0,1046100.0,395600.0,,0.0,0.0,0.0
2024-02-15,530.0,0.0,0.0,545.0,500.0,525.0,-5.0,10136000.0,5311104500.0,1801.0,119.9,530.0,12600.0,525.0,264800.0,6082020000.0,6082020000.0,1216404000.0,426200.0,359700.0,,0.0,0.0,0.0
2024-02-16,525.0,0.0,0.0,540.0,520.0,520.0,-5.0,4167900.0,2191755000.0,693.0,118.7,525.0,131200.0,520.0,82700.0,6082020000.0,6082020000.0,1216404000.0,114200.0,17800.0,,0.0,0.0,0.0
2024-02-19,520.0,0.0,0.0,555.0,520.0,540.0,20.0,6066000.0,3303435500.0,1382.0,123.3,545.0,235000.0,540.0,13300.0,6082020000.0,6082020000.0,1216404000.0,166200.0,225000.0,,0.0,0.0,0.0
2024-02-20,540.0,0.0,0.0,640.0,540.0,625.0,85.0,94226900.0,56423610000.0,10898.0,142.7,625.0,1126100.0,620.0,281900.0,6082020000.0,6082020000.0,1216404000.0,32807000.0,4615200.0,,0.0,0.0,0.0
2024-02-21,625.0,0.0,0.0,640.0,575.0,575.0,-50.0,44838400.0,27010210000.0,6195.0,131.3,580.0,77300.0,575.0,20000.0,6082020000.0,6082020000.0,1216404000.0,1722400.0,454000.0,,0.0,0.0,0.0
2024-02-22,575.0,0.0,0.0,640.0,575.0,610.0,35.0,35315200.0,21620006500.0,4348.0,139.3,615.0,493600.0,610.0,8200.0,6082020000.0,6082020000.0,1216404000.0,586100.0,5055500.0,,0.0,0.0,0.0
2024-02-23,610.0,0.0,0.0,670.0,600.0,645.0,35.0,59779100.0,38284722000.0,6763.0,147.3,645.0,405800.0,640.0,235600.0,6082020000.0,6082020000.0,1216404000.0,2789900.0,4683800.0,,0.0,0.0,0.0
2024-02-26,645.0,0.0,0.0,700.0,645.0,700.0,55.0,59047900.0,39765902000.0,6590.0,159.8,700.0,2279200.0,695.0,77000.0,6082020000.0,6082020000.0,1216404000.0,2502700.0,6768600.0,,0.0,0.0,0.0
2024-02-27,700.0,0.0,0.0,740.0,695.0,710.0,10.0,76274900.0,54573636500.0,7968.0,162.1,710.0,15100.0,705.0,964500.0,6082020000.0,6082020000.0,1216404000.0,6096200.0,2370200.0,,0.0,0.0,0.0
2024-02-28,710.0,0.0,0.0,725.0,695.0,720.0,10.0,44806400.0,31730124000.0,3516.0,164.4,720.0,1263200.0,715.0,127500.0,6082020000.0,6082020000.0,1216404000.0,434600.0,7061400.0,,0.0,0.0,0.0
2024-02-29,720.0,0.0,0.0,760.0,715.0,740.0,20.0,59969000.0,44222246000.0,4467.0,168.9,740.0,142000.0,735.0,70200.0,6082020000.0,6082020000.0,1216404000.0,1849300.0,9893500.0,,0.0,0.0,0.0
2024-03-01,740.0,0.0,0.0,755.0,725.0,745.0,5.0,37819800.0,27961725000.0,2535.0,170.1,745.0,457600.0,740.0,70700.0,6082020000.0,6082020000.0,1216404000.0,3659400.0,2521900.0,,0.0,0.0,0.0
2024-03-04,745.0,0.0,0.0,930.0,735.0,920.0,175.0,161530300.0,134799139500.0,17620.0,210.0,920.0,866100.0,915.0,580600.0,6082020000.0,6082020000.0,1216404000.0,10545700.0,21583900.0,,0.0,0.0,0.0
2024-03-05,920.0,0.0,0.0,1000.0,920.0,945.0,25.0,146156300.0,140007613000.0,17936.0,215.8,950.0,159200.0,945.0,5071900.0,6082020000.0,6082020000.0,1216404000.0,15841500.0,23898000.0,,0.0,0.0,0.0
2024-03-06,945.0,0.0,0.0,1000.0,940.0,940.0,-5.0,99575500.0,96400091500.0,7342.0,214.6,940.0,211700.0,935.0,2039800.0,6082020000.0,6082020000.0,1216404000.0,5093400.0,10301700.0,,0.0,0.0,0.0
2024-03-07,940.0,0.0,0.0,985.0,935.0,985.0,45.0,66182600.0,63797693000.0,5228.0,224.9,985.0,533500.0,980.0,130700.0,6082020000.0,6082020000.0,1216404000.0,4676600.0,7902400.0,,0.0,0.0,0.0
2024-03-08,985.0,0.0,0.0,1000.0,965.0,975.0,-10.0,59204700.0,58175429500.0,4779.0,222.6,975.0,749200.0,970.0,2639900.0,6082020000.0,6082020000.0,1216404000.0,4339300.0,4484400.0,,1000.0,750000.0,1.0
2024-03-13,975.0,0.0,0.0,985.0,970.0,975.0,0.0,64647900.0,63243968500.0,5417.0,222.6,980.0,267700.0,975.0,11900.0,6082020000.0,6082020000.0,1216404000.0,1567700.0,3074200.0,,0.0,0.0,0.0
2024-03-14,975.0,0.0,0.0,1000.0,970.0,995.0,20.0,85866800.0,84422838000.0,5482.0,227.2,995.0,170900.0,990.0,20000.0,6082020000.0,6082020000.0,1216404000.0,6087500.0,4688400.0,,0.0,0.0,0.0
2024-03-15,995.0,0.0,0.0,1010.0,970.0,980.0,-15.0,107654900.0,105430520500.0,4291.0,223.7,985.0,210000.0,980.0,872300.0,6082020000.0,6082020000.0,1216404000.0,39021400.0,1064100.0,,0.0,0.0,0.0
2024-03-18,980.0,0.0,0.0,1225.0,995.0,1205.0,225.0,211351800.0,246442851000.0,16128.0,275.1,1205.0,598300.0,1200.0,893900.0,6082020000.0,6082020000.0,1216404000.0,5815900.0,11120000.0,,0.0,0.0,0.0
2024-03-19,1205.0,0.0,0.0,1295.0,1200.0,1245.0,40.0,177444300.0,221579914500.0,16490.0,284.2,1245.0,444600.0,1240.0,77700.0,6082020000.0,6082020000.0,1216404000.0,14216000.0,14959500.0,,0.0,0.0,0.0
2024-03-20,1245.0,0.0,0.0,1260.0,1230.0,1240.0,-5.0,114031400.0,141654655000.0,5899.0,283.1,1240.0,211700.0,1235.0,1488600.0,6082020000.0,6082020000.0,1216404000.0,2725400.0,5256600.0,,0.0,0.0,0.0
2024-03-21,1240.0,0.0,0.0,1280.0,1240.0,1250.0,10.0,154067100.0,193303185500.0,6403.0,285.4,1250.0,15500.0,1245.0,516600.0,6082020000.0,6082020000.0,1216404000.0,999500.0,9004100.0,,0.0,0.0,0.0
2024-03-22,1250.0,0.0,0.0,1260.0,950.0,1185.0,-65.0,115560500.0,137574172500.0,7390.0,270.5,1185.0,45000.0,1180.0,2393900.0,6082020000.0,6082020000.0,1216404000.0,22664200.0,9796100.0,,0.0,0.0,0.0
2024-03-25,1185.0,0.0,0.0,1200.0,1185.0,1190.0,5.0,59352900.0,70633129000.0,4163.0,271.7,1190.0,480800.0,1185.0,2882000.0,6082020000.0,6082020000.0,1216404000.0,3914000.0,449300.0,,0.0,0.0,0.0
2024-03-26,1190.0,0.0,0.0,1205.0,1185.0,1190.0,0.0,86959100.0,103899485000.0,3336.0,271.7,1195.0,369700.0,1190.0,5770900.0,6082020000.0,6082020000.0,1216404000.0,668500.0,10274500.0,,0.0,0.0,0.0
2024-03-27,1190.0,0.0,0.0,1205.0,1190.0,1190.0,0.0,66915000.0,79973381000.0,4034.0,271.7,1195.0,200100.0,1190.0,4360400.0,6082020000.0,6082020000.0,1216404000.0,1841900.0,1991300.0,,0.0,0.0,0.0
2024-03-28,1190.0,0.0,0.0,1230.0,1190.0,1195.0,5.0,100016500.0,120055302500.0,4637.0,272.8,1200.0,370700.0,1195.0,257700.0,6082020000.0,6082020000.0,1216404000.0,6138500.0,1351400.0,,0.0,0.0,0.0
2024-04-01,1195.0,0.0,0.0,1215.0,1190.0,1195.0,0.0,54308100.0,64949243500.0,3053.0,272.8,1195.0,312400.0,1190.0,4110500.0,6082020000.0,6082020000.0,1216404000.0,2495700.0,2443300.0,,0.0,0.0,0.0
2024-04-02,1195.0,0.0,0.0,1205.0,1190.0,1190.0,-5.0,57934900.0,69225743000.0,2094.0,271.7,1195.0,350600.0,1190.0,3113400.0,6082020000.0,6082020000.0,1216404000.0,1308600.0,1733200.0,,0.0,0.0,0.0
2024-04-03,1190.0,0.0,0.0,1115.0,895.0,895.0,-295.0,18807300.0,17713409500.0,3376.0,204.3,895.0,3894500.0,0.0,0.0,6082020000.0,6082020000.0,1216404000.0,4472100.0,2025500.0,,0.0,0.0,0.0
2024-04-04,895.0,0.0,0.0,885.0,690.0,840.0,-55.0,91764400.0,74693295500.0,8197.0,191.8,840.0,91900.0,835.0,2613800.0,6082020000.0,6082020000.0,1216404000.0,14334400.0,5667300.0,,0.0,0.0,0.0
2024-04-05,840.0,0.0,0.0,890.0,820.0,860.0,20.0,57534500.0,48712144500.0,4518.0,196.3,860.0,407500.0,855.0,124500.0,6082020000.0,6082020000.0,1216404000.0,5794100.0,4831600.0,,0.0,0.0,0.0
2024-04-16,860.0,0.0,0.0,870.0,815.0,840.0,-20.0,23191600.0,19653982000.0,2175.0,191.8,840.0,46800.0,835.0,197600.0,6082020000.0,6082020000.0,1216404000.0,2823500.0,5344900.0,,0.0,0.0,0.0
2024-04-17,840.0,0.0,0.0,850.0,810.0,810.0,-30.0,20036900.0,16549268000.0,2018.0,184.9,815.0,15200.0,810.0,557300.0,6082020000.0,6082020000.0,1216404000.0,3390700.0,2773000.0,,0.0,0.0,0.0
2024-04-18,810.0,0.0,0.0,895.0,775.0,840.0,30.0,30476100.0,25686147500.0,4457.0,191.8,840.0,42400.0,835.0,10200.0,6082020000.0,6082020000.0,1216404000.0,5776300.0,5665900.0,,0.0,0.0,0.0
2024-04-19,840.0,0.0,0.0,885.0,820.0,875.0,35.0,24842200.0,20939971500.0,2271.0,199.8,875.0,862100.0,870.0,22400.0,6082020000.0,6082020000.0,1216404000.0,1141000.0,10911200.0,,0.0,0.0,0.0
2024-04-22,875.0,0.0,0.0,920.0,800.0,800.0,-75.0,36851500.0,31307315000.0,5776.0,182.6,805.0,58100.0,800.0,1776200.0,6082020000.0,6082020000.0,1216404000.0,15467600.0,1693200.0,,0.0,0.0,0.0
2024-04-23,800.0,0.0,0.0,820.0,800.0,805.0,5.0,19352000.0,15671316500.0,1859.0,183.8,805.0,58300.0,800.0,1339300.0,6082020000.0,6082020000.0,1216404000.0,1206500.0,3304500.0,,0.0,0.0,0.0
2024-04-24,805.0,0.0,0.0,820.0,800.0,800.0,-5.0,18850600.0,15261815000.0,1381.0,182.6,805.0,14800.0,800.0,1071100.0,6082020000.0,6082020000.0,1216404000.0,1005900.0,2900600.0,,0.0,0.0,0.0
2024-04-25,800.0,0.0,0.0,815.0,660.0,760.0,-40.0,30415100.0,22559228500.0,4415.0,173.5,760.0,476300.0,750.0,5000.0,6082020000.0,6082020000.0,1216404000.0,12858300.0,1175300.0,,0.0,0.0,0.0
2024-04-26,760.0,0.0,0.0,765.0,720.0,720.0,-40.0,16948700.0,12561741500.0,1616.0,164.4,725.0,600.0,720.0,263900.0,6082020000.0,6082020000.0,1216404000.0,2903400.0,2028800.0,,0.0,0.0,0.0
2024-04-29,720.0,0.0,0.0,730.0,675.0,705.0,-15.0,27003200.0,18855731500.0,2070.0,161.0,705.0,192300.0,700.0,19900.0,6082020000.0,6082020000.0,1216404000.0,5411700.0,2710700.0,,0.0,0.0,0.0
2024-04-30,705.0,0.0,0.0,740.0,670.0,670.0,-35.0,25834600.0,17922200000.0,2830.0,153.0,675.0,261100.0,670.0,4800.0,6082020000.0,6082020000.0,1216404000.0,6931500.0,2052700.0,,0.0,0.0,0.0
2024-05-02,670.0,0.0,0.0,690.0,605.0,685.0,15.0,34152700.0,22220411000.0,3347.0,156.4,685.0,287900.0,680.0,52400.0,6082020000.0,6082020000.0,1216404000.0,4327000.0,2619800.0,,0.0,0.0,0.0
2024-05-03,685.0,0.0,0.0,690.0,630.0,685.0,0.0,24895800.0,16561729500.0,2365.0,156.4,685.0,806200.0,680.0,1000.0,6082020000.0,6082020000.0,1216404000.0,4942000.0,226800.0,,0.0,0.0,0.0
2024-05-06,685.0,0.0,0.0,700.0,665.0,670.0,-15.0,27342500.0,18544756500.0,1470.0,153.0,670.0,28900.0,665.0,170600.0,6082020000.0,6082020000.0,1216404000.0,972400.0,4436800.0,,0.0,0.0,0.0
2024-05-07,670.0,0.0,0.0,695.0,650.0,665.0,-5.0,18026000.0,12232849000.0,1476.0,151.8,670.0,10000.0,665.0,397600.0,6082020000.0,6082020000.0,1216404000.0,4364800.0,2551700.0,,0.0,0.0,0.0
2024-05-08,665.0,0.0,0.0,730.0,665.0,715.0,50.0,22394000.0,15818948500.0,3644.0,163.2,720.0,103000.0,715.0,54300.0,6082020000.0,6082020000.0,1216404000.0,795500.0,6747100.0,,0.0,0.0,0.0
2024-05-13,715.0,0.0,0.0,725.0,700.0,710.0,-5.0,10669100.0,7575668500.0,2386.0,162.1,710.0,461300.0,705.0,50100.0,6082020000.0,6082020000.0,1216404000.0,3627500.0,621900.0,,0.0,0.0,0.0
2024-05-14,710.0,0.0,0.0,735.0,700.0,710.0,0.0,20238400.0,14562044500.0,3194.0,162.1,710.0,183500.0,705.0,407000.0,6082020000.0,6082020000.0,1216404000.0,2905700.0,5092300.0,,0.0,0.0,0.0
2024-05-15,710.0,0.0,0.0,715.0,675.0,700.0,-10.0,17659800.0,12237635500.0,2577.0,159.8,700.0,198000.0,695.0,516400.0,6082020000.0,6082020000.0,1216404000.0,2517500.0,2325900.0,,0.0,0.0,0.0
2024-05-16,700.0,0.0,0.0,720.0,695.0,715.0,15.0,13853600.0,9831779500.0,2081.0,163.2,715.0,365400.0,710.0,18800.0,6082020000.0,6082020000.0,1216404000.0,473900.0,2744600.0,,0.0,0.0,0.0
2024-05-17,715.0,0.0,0.0,740.0,710.0,715.0,0.0,16893500.0,12220105000.0,2374.0,163.2,715.0,127300.0,710.0,479100.0,6082020000.0,6082020000.0,1216404000.0,2761000.0,2783800.0,,0.0,0.0,0.0
2024-05-20,715.0,0.0,0.0,755.0,715.0,715.0,0.0,19047000.0,14026300500.0,2651.0,163.2,720.0,3800.0,715.0,770200.0,6082020000.0,6082020000.0,1216404000.0,3173000.0,3017200.0,,0.0,0.0,0.0
2024-05-21,715.0,0.0,0.0,730.0,685.0,690.0,-25.0,14632400.0,10300566500.0,2088.0,157.5,700.0,230000.0,690.0,568700.0,6082020000.0,6082020000.0,1216404000.0,2489000.0,157100.0,,0.0,0.0,0.0
2024-05-22,690.0,0.0,0.0,710.0,685.0,690.0,0.0,15599700.0,10849957500.0,1995.0,157.5,695.0,231400.0,690.0,34800.0,6082020000.0,6082020000.0,1216404000.0,970000.0,573800.0,,0.0,0.0,0.0
2024-05-27,690.0,0.0,0.0,695.0,655.0,655.0,-35.0,15632700.0,10532828000.0,2054.0,149.5,660.0,1200.0,655.0,1095300.0,6082020000.0,6082020000.0,1216404000.0,2289200.0,468100.0,,0.0,0.0,0.0
2024-05-28,655.0,0.0,0.0,665.0,620.0,630.0,-25.0,16133800.0,10295958000.0,2384.0,143.8,635.0,80900.0,630.0,400.0,6082020000.0,6082020000.0,1216404000.0,1810700.0,143600.0,,0.0,0.0,0.0
2024-05-29,630.0,0.0,0.0,655.0,620.0,635.0,5.0,16316500.0,10370338000.0,2252.0,145.0,635.0,14100.0,630.0,345500.0,6082020000.0,6082020000.0,1216404000.0,1240100.0,730800.0,,0.0,0.0,0.0
2024-05-30,635.0,0.0,0.0,710.0,630.0,710.0,75.0,23838700.0,15801061500.0,3224.0,162.1,710.0,67400.0,705.0,67500.0,6082020000.0,6082020000.0,1216404000.0,923600.0,4406300.0,,0.0,0.0,0.0
2024-05-31,710.0,0.0,0.0,730.0,655.0,665.0,-45.0,16111200.0,10898155500.0,3390.0,151.8,670.0,30400.0,665.0,10500.0,6082020000.0,6082020000.0,1216404000.0,2460000.0,1219600.0,,0.0,0.0,0.0
2024-06-03,665.0,0.0,0.0,700.0,665.0,690.0,25.0,17338500.0,11869952000.0,2330.0,157.5,695.0,346600.0,690.0,27300.0,6082020000.0,6082020000.0,1216404000.0,319100.0,3281600.0,,0.0,0.0,0.0
2024-06-04,690.0,0.0,0.0,705.0,675.0,690.0,0.0,17163500.0,11845884500.0,2021.0,157.5,690.0,337700.0,685.0,3900.0,6082020000.0,6082020000.0,1216404000.0,1429700.0,1196500.0,,0.0,0.0,0.0
2024-06-05,690.0,0.0,0.0,690.0,660.0,660.0,-30.0,16147300.0,10881773000.0,2093.0,150.7,665.0,10100.0,660.0,97200.0,6082020000.0,6082020000.0,1216404000.0,963700.0,883300.0,,0.0,0.0,0.0
2024-06-06,660.0,0.0,0.0,695.0,660.0,680.0,20.0,16759800.0,11356094000.0,2455.0,155.3,685.0,8000.0,680.0,63000.0,6082020000.0,6082020000.0,1216404000.0,885200.0,1781200.0,,0.0,0.0,0.0
2024-06-07,680.0,0.0,0.0,715.0,670.0,705.0,25.0,19365500.0,13388549500.0,2966.0,161.0,705.0,494300.0,700.0,198900.0,6082020000.0,6082020000.0,1216404000.0,1073100.0,3075800.0,,0.0,0.0,0.0
2024-06-10,705.0,0.0,0.0,705.0,670.0,675.0,-30.0,15887300.0,10853560500.0,2106.0,154.1,680.0,577000.0,675.0,8700.0,6082020000.0,6082020000.0,1216404000.0,1692100.0,950100.0,,0.0,0.0,0.0
2024-06-11,675.0,0.0,0.0,695.0,665.0,675.0,0.0,15088100.0,10278562500.0,1986.0,154.1,680.0,4000.0,675.0,79700.0,6082020000.0,6082020000.0,1216404000.0,1094400.0,1768400.0,,0.0,0.0,0.0
2024-06-12,675.0,0.0,0.0,685.0,660.0,670.0,-5.0,15853700.0,10605497500.0,1811.0,153.0,670.0,197500.0,665.0,418500.0,6082020000.0,6082020000.0,1216404000.0,1076900.0,844000.0,,0.0,0.0,0.0
2024-06-13,670.0,0.0,0.0,690.0,665.0,670.0,0.0,16615700.0,11305201000.0,2555.0,153.0,675.0,180300.0,670.0,12000.0,6082020000.0,6082020000.0,1216404000.0,775700.0,1501400.0,,0.0,0.0,0.0
2024-06-14,670.0,0.0,0.0,670.0,640.0,645.0,-25.0,15755000.0,10279555500.0,1921.0,147.3,650.0,112300.0,645.0,35500.0,6082020000.0,6082020000.0,1216404000.0,2166100.0,900.0,,0.0,0.0,0.0
2024-06-19,645.0,0.0,0.0,655.0,635.0,645.0,0.0,16448300.0,10588817000.0,1743.0,147.3,645.0,231000.0,640.0,269800.0,6082020000.0,6082020000.0,1216404000.0,717400.0,848200.0,,0.0,0.0,0.0
2024-06-20,645.0,0.0,0.0,665.0,640.0,665.0,20.0,17828600.0,11665452000.0,2837.0,151.8,665.0,491700.0,660.0,1200.0,6082020000.0,6082020000.0,1216404000.0,1388100.0,2356300.0,,20000.0,12800000.0,1.0
2024-06-21,665.0,0.0,0.0,710.0,645.0,710.0,45.0,20912700.0,13976918500.0,2581.0,162.1,710.0,2863300.0,660.0,9000.0,6082020000.0,6082020000.0,1216404000.0,1540000.0,7174900.0,,0.0,0.0,0.0
2024-06-24,710.0,0.0,0.0,710.0,665.0,675.0,-35.0,8002800.0,5418470000.0,1207.0,154.1,680.0,89600.0,675.0,585200.0,6082020000.0,6082020000.0,1216404000.0,1980500.0,907800.0,,0.0,0.0,0.0
2024-06-25,675.0,0.0,0.0,675.0,655.0,660.0,-15.0,9468600.0,6301814000.0,1309.0,150.7,665.0,34400.0,660.0,210500.0,6082020000.0,6082020000.0,1216404000.0,1547600.0,15200.0,,0.0,0.0,0.0
2024-06-26,660.0,0.0,0.0,685.0,660.0,670.0,10.0,9643900.0,6509664500.0,1426.0,153.0,680.0,2000.0,670.0,538100.0,6082020000.0,6082020000.0,1216404000.0,440700.0,2215400.0,,0.0,0.0,0.0
2024-06-27,670.0,0.0,0.0,685.0,665.0,670.0,0.0,9112700.0,6169735500.0,1446.0,153.0,670.0,14900.0,665.0,49900.0,6082020000.0,6082020000.0,1216404000.0,185200.0,972100.0,,0.0,0.0,0.0
2024-06-28,670.0,0.0,0.0,680.0,665.0,670.0,0.0,7771000.0,5221513000.0,1182.0,153.0,670.0,103000.0,665.0,301900.0,6082020000.0,6082020000.0,1216404000.0,438900.0,320500.0,,0.0,0.0,0.0
2024-07-01,670.0,0.0,0.0,670.0,645.0,655.0,-15.0,7761700.0,5094376500.0,1227.0,149.5,655.0,183400.0,650.0,104100.0,6082020000.0,6082020000.0,1216404000.0,633500.0,87300.0,,0.0,0.0,0.0
2024-07-02,655.0,0.0,0.0,660.0,605.0,645.0,-10.0,8346000.0,5378280500.0,1504.0,147.3,645.0,119600.0,640.0,457300.0,6082020000.0,6082020000.0,1216404000.0,1197900.0,99300.0,,0.0,0.0,0.0
2024-07-03,645.0,0.0,0.0,660.0,640.0,645.0,0.0,10671800.0,6933897500.0,1810.0,147.3,650.0,7200.0,645.0,398300.0,6082020000.0,6082020000.0,1216404000.0,615900.0,367000.0,,0.0,0.0,0.0
2024-07-04,645.0,0.0,0.0,655.0,640.0,650.0,5.0,8769200.0,5680023000.0,1237.0,148.4,650.0,245300.0,645.0,53400.0,6082020000.0,6082020000.0,1216404000.0,392800.0,598600.0,,0.0,0.0,0.0
2024-07-05,650.0,0.0,0.0,655.0,635.0,645.0,-5.0,8774200.0,5659623500.0,1060.0,147.3,650.0,220000.0,645.0,37000.0,6082020000.0,6082020000.0,1216404000.0,177200.0,148600.0,,0.0,0.0,0.0
2024-07-08,645.0,0.0,0.0,655.0,635.0,645.0,0.0,9196700.0,5933497500.0,1199.0,147.3,650.0,51900.0,645.0,216300.0,6082020000.0,6082020000.0,1216404000.0,463300.0,594700.0,,0.0,0.0,0.0
2024-07-09,645.0,0.0,0.0,660.0,635.0,640.0,-5.0,8483300.0,5512048000.0,1236.0,146.1,640.0,43600.0,635.0,978100.0,6082020000.0,6082020000.0,1216404000.0,313300.0,681400.0,,0.0,0.0,0.0
2024-07-10,640.0,0.0,0.0,650.0,635.0,635.0,-5.0,8842500.0,5658247500.0,1012.0,145.0,640.0,136500.0,635.0,102400.0,6082020000.0,6082020000.0,1216404000.0,327800.0,222200.0,,0.0,0.0,0.0
2024-07-11,635.0,0.0,0.0,645.0,600.0,600.0,-35.0,16337300.0,10077392500.0,2451.0,137.0,600.0,109400.0,595.0,451400.0,6082020000.0,6082020000.0,1216404000.0,638300.0,440600.0,,0.0,0.0,0.0
2024-07-12,600.0,0.0,0.0,600.0,525.0,570.0,-30.0,17310800.0,9601707000.0,2749.0,130.1,570.0,327200.0,560.0,6000.0,6082020000.0,6082020000.0,1216404000.0,2912200.0,984200.0,,0.0,0.0,0.0
2024-07-15,570.0,0.0,0.0,575.0,535.0,540.0,-30.0,7913600.0,4353957500.0,1294.0,123.3,540.0,67800.0,535.0,400700.0,6082020000.0,6082020000.0,1216404000.0,701200.0,290600.0,,0.0,0.0,0.0
2024-07-16,540.0,0.0,0.0,555.0,535.0,545.0,5.0,9015600.0,4926948000.0,1243.0,124.4,550.0,60100.0,545.0,68600.0,6082020000.0,6082020000.0,1216404000.0,320900.0,439400.0,,0.0,0.0,0.0
2024-07-17,545.0,0.0,0.0,555.0,530.0,535.0,-10.0,9425600.0,5098232500.0,1331.0,122.1,540.0,246800.0,535.0,87100.0,6082020000.0,6082020000.0,1216404000.0,326000.0,394600.0,,0.0,0.0,0.0
2024-07-18,535.0,0.0,0.0,545.0,520.0,530.0,-5.0,9617400.0,5123995000.0,1481.0,121.0,535.0,210300.0,530.0,356700.0,6082020000.0,6082020000.0,1216404000.0,799700.0,485900.0,,0.0,0.0,0.0
2024-07-19,530.0,0.0,0.0,545.0,520.0,525.0,-5.0,9610800.0,5065001500.0,1393.0,119.9,530.0,457800.0,525.0,239800.0,6082020000.0,6082020000.0,1216404000.0,420200.0,286100.0,,0.0,0.0,0.0
2024-07-22,525.0,0.0,0.0,525.0,505.0,515.0,-10.0,10286400.0,5304411500.0,1473.0,117.6,520.0,10100.0,515.0,5000.0,6082020000.0,6082020000.0,1216404000.0,452700.0,718300.0,,0.0,0.0,0.0
2024-07-23,515.0,0.0,0.0,530.0,510.0,515.0,0.0,10394300.0,5393713500.0,1544.0,117.6,520.0,277100.0,515.0,59800.0,6082020000.0,6082020000.0,1216404000.0,234300.0,429000.0,,0.0,0.0,0.0
2024-07-24,515.0,0.0,0.0,520.0,500.0,505.0,-10.0,10989400.0,5551919500.0,1515.0,115.3,510.0,189700.0,505.0,41300.0,6082020000.0,6082020000.0,1216404000.0,217100.0,856500.0,,0.0,0.0,0.0
2024-07-25,505.0,0.0,0.0,515.0,490.0,500.0,-5.0,11212600.0,5592237300.0,1642.0,114.2,500.0,134900.0,498.0,5900.0,6082020000.0,6082020000.0,1216404000.0,489200.0,232800.0,,0.0,0.0,0.0
2024-07-26,500.0,0.0,0.0,510.0,494.0,510.0,10.0,11216100.0,5628323200.0,1339.0,116.4,510.0,469900.0,505.0,31000.0,6082020000.0,6082020000.0,1216404000.0,854100.0,762600.0,,0.0,0.0,0.0
2024-07-29,510.0,0.0,0.0,525.0,500.0,510.0,0.0,10958700.0,5629900500.0,1748.0,116.4,510.0,11400.0,505.0,572900.0,6082020000.0,6082020000.0,1216404000.0,673100.0,1474400.0,,0.0,0.0,0.0
2024-07-30,510.0,0.0,0.0,510.0,498.0,500.0,-10.0,6838100.0,3429007500.0,1048.0,114.2,500.0,36500.0,498.0,498800.0,6082020000.0,6082020000.0,1216404000.0,328300.0,113600.0,,0.0,0.0,0.0
2024-07-31,500.0,0.0,0.0,515.0,498.0,510.0,10.0,9974900.0,5041359600.0,1283.0,116.4,510.0,272300.0,505.0,4200.0,6082020000.0,6082020000.0,1216404000.0,81400.0,1079500.0,,0.0,0.0,0.0
2024-08-01,510.0,0.0,0.0,520.0,486.0,510.0,0.0,9862400.0,5000786900.0,1044.0,116.4,510.0,542800.0,505.0,228600.0,6082020000.0,6082020000.0,1216404000.0,154500.0,1498500.0,,0.0,0.0,0.0
2024-08-02,510.0,0.0,0.0,515.0,500.0,505.0,-5.0,9717500.0,4930411500.0,1103.0,115.3,510.0,44900.0,505.0,223800.0,6082020000.0,6082020000.0,1216404000.0,257400.0,640700.0,,0.0,0.0,0.0
2024-08-05,505.0,0.0,0.0,510.0,480.0,480.0,-25.0,10498000.0,5146633700.0,1280.0,109.6,482.0,4200.0,480.0,154100.0,6082020000.0,6082020000.0,1216404000.0,2341100.0,1340500.0,,0.0,0.0,0.0
2024-08-06,480.0,0.0,0.0,510.0,480.0,500.0,20.0,14003300.0,7002303900.0,1828.0,114.2,505.0,126500.0,500.0,57600.0,6082020000.0,6082020000.0,1216404000.0,273100.0,4785500.0,,0.0,0.0,0.0
2024-08-07,500.0,0.0,0.0,515.0,500.0,505.0,5.0,12334200.0,6262851500.0,1261.0,115.3,505.0,35800.0,500.0,745000.0,6082020000.0,6082020000.0,1216404000.0,181300.0,1090800.0,,0.0,0.0,0.0
2024-08-08,505.0,0.0,0.0,510.0,488.0,494.0,-11.0,9451000.0,4663665000.0,1444.0,112.8,494.0,139400.0,492.0,8900.0,6082020000.0,6082020000.0,1216404000.0,1806000.0,348300.0,,0.0,0.0,0.0
2024-08-09,494.0,0.0,0.0,505.0,492.0,500.0,6.0,10255600.0,5104971300.0,1338.0,114.2,505.0,251900.0,500.0,73400.0,6082020000.0,6082020000.0,1216404000.0,251800.0,2520200.0,,0.0,0.0,0.0
2024-08-12,500.0,0.0,0.0,505.0,494.0,500.0,0.0,10005100.0,4994902600.0,1175.0,114.2,500.0,45500.0,498.0,216000.0,6082020000.0,6082020000.0,1216404000.0,241600.0,1335600.0,,0.0,0.0,0.0
2024-08-13,500.0,0.0,0.0,510.0,494.0,494.0,-6.0,10643800.0,5305060400.0,1397.0,112.8,498.0,100600.0,494.0,67300.0,6082020000.0,6082020000.0,1216404000.0,1247900.0,244900.0,,0.0,0.0,0.0
2024-08-14,494.0,0.0,0.0,498.0,486.0,488.0,-6.0,9987400.0,4910131600.0,1369.0,111.4,490.0,1000.0,488.0,709200.0,6082020000.0,6082020000.0,1216404000.0,1502600.0,329400.0,,0.0,0.0,0.0
2024-08-15,488.0,0.0,0.0,490.0,480.0,484.0,-4.0,10430100.0,5048382400.0,1323.0,110.5,484.0,534200.0,482.0,364000.0,6082020000.0,6082020000.0,1216404000.0,1525500.0,231600.0,,0.0,0.0,0.0
2024-08-16,484.0,0.0,0.0,486.0,472.0,474.0,-10.0,7583900.0,3611036600.0,1123.0,108.2,476.0,137700.0,474.0,573800.0,6082020000.0,6082020000.0,1216404000.0,3299500.0,92000.0,,0.0,0.0,0.0
2024-08-19,474.0,0.0,0.0,474.0,450.0,460.0,-14.0,11224300.0,5157995600.0,1610.0,105.0,462.0,12100.0,460.0,23500.0,6082020000.0,6082020000.0,1216404000.0,1763400.0,2259100.0,,0.0,0.0,0.0
2024-08-20,460.0,0.0,0.0,484.0,448.0,484.0,24.0,14130700.0,6692247000.0,2126.0,110.5,484.0,82400.0,482.0,105000.0,6082020000.0,6082020000.0,1216404000.0,446400.0,4509100.0,,0.0,0.0,0.0
2024-08-21,484.0,0.0,0.0,492.0,470.0,474.0,-10.0,10485400.0,5011776200.0,1549.0,108.2,476.0,24300.0,474.0,184600.0,6082020000.0,6082020000.0,1216404000.0,2567900.0,324100.0,,0.0,0.0,0.0
2024-08-22,474.0,0.0,0.0,474.0,460.0,462.0,-12.0,10527900.0,4890053600.0,1339.0,105.5,464.0,48900.0,462.0,10900.0,6082020000.0,6082020000.0,1216404000.0,1637800.0,63900.0,,0.0,0.0,0.0
2024-08-23,462.0,0.0,0.0,474.0,462.0,472.0,10.0,11647000.0,5445631800.0,1335.0,107.8,474.0,106000.0,472.0,42700.0,6082020000.0,6082020000.0,1216404000.0,272500.0,1704100.0,,0.0,0.0,0.0
2024-08-26,472.0,0.0,0.0,484.0,472.0,484.0,12.0,11124600.0,5320839400.0,1405.0,110.5,484.0,49900.0,482.0,4200.0,6082020000.0,6082020000.0,1216404000.0,1360500.0,2596000.0,,0.0,0.0,0.0
2024-08-27,484.0,0.0,0.0,486.0,474.0,476.0,-8.0,10300600.0,4924453200.0,1141.0,108.7,478.0,167200.0,476.0,141600.0,6082020000.0,6082020000.0,1216404000.0,563000.0,507800.0,,0.0,0.0,0.0
2024-08-28,476.0,0.0,0.0,486.0,474.0,480.0,4.0,11625000.0,5587818800.0,1135.0,109.6,482.0,19600.0,480.0,6000.0,6082020000.0,6082020000.0,1216404000.0,458600.0,2116400.0,,0.0,0.0,0.0
2024-08-29,480.0,0.0,0.0,486.0,476.0,476.0,-4.0,11082000.0,5316100800.0,1118.0,108.7,478.0,250000.0,476.0,134100.0,6082020000.0,6082020000.0,1216404000.0,1206200.0,543100.0,,0.0,0.0,0.0
2024-08-30,476.0,0.0,0.0,476.0,458.0,458.0,-18.0,12069300.0,5602771800.0,1523.0,104.6,458.0,58600.0,456.0,769000.0,6082020000.0,6082020000.0,1216404000.0,2128300.0,106200.0,,0.0,0.0,0.0
2024-09-02,458.0,0.0,0.0,458.0,442.0,442.0,-16.0,9573400.0,4282469200.0,1244.0,100.9,446.0,10000.0,442.0,407400.0,6082020000.0,6082020000.0,1216404000.0,3574200.0,478200.0,,0.0,0.0,0.0
2024-09-03,442.0,0.0,0.0,444.0,430.0,430.0,-12.0,7988800.0,3492888000.0,1310.0,98.2,432.0,27000.0,430.0,737000.0,6082020000.0,6082020000.0,1216404000.0,3061900.0,765800.0,,0.0,0.0,0.0
2024-09-04,430.0,0.0,0.0,428.0,396.0,398.0,-32.0,10566600.0,4286189000.0,1960.0,90.9,400.0,66900.0,398.0,99000.0,6082020000.0,6082020000.0,1216404000.0,2846400.0,620600.0,,0.0,0.0,0.0
2024-09-05,398.0,0.0,0.0,400.0,376.0,384.0,-14.0,11608500.0,4444938200.0,1863.0,87.7,384.0,196500.0,382.0,131200.0,6082020000.0,6082020000.0,1216404000.0,644800.0,1922900.0,,0.0,0.0,0.0
2024-09-06,384.0,0.0,0.0,394.0,382.0,392.0,8.0,10675900.0,4160307400.0,1384.0,89.5,392.0,179800.0,390.0,373800.0,6082020000.0,6082020000.0,1216404000.0,529700.0,1052200.0,,0.0,0.0,0.0
2024-09-09,392.0,0.0,0.0,402.0,358.0,402.0,10.0,11662000.0,4473694000.0,1890.0,91.8,402.0,97000.0,400.0,3500.0,6082020000.0,6082020000.0,1216404000.0,1004500.0,3028100.0,,0.0,0.0,0.0
2024-09-10,402.0,0.0,0.0,414.0,396.0,402.0,0.0,11954600.0,4867438800.0,1584.0,91.8,406.0,44600.0,402.0,386700.0,6082020000.0,6082020000.0,1216404000.0,134100.0,2929100.0,,0.0,0.0,0.0
2024-09-11,402.0,0.0,0.0,420.0,392.0,410.0,8.0,15726200.0,6372526400.0,1748.0,93.6,410.0,134200.0,408.0,450100.0,6082020000.0,6082020000.0,1216404000.0,1719200.0,2699200.0,,0.0,0.0,0.0
2024-09-12,410.0,0.0,0.0,472.0,396.0,462.0,52.0,128826700.0,54186486800.0,7253.0,105.5,464.0,68400.0,462.0,501600.0,6082020000.0,6082020000.0,1216404000.0,89766800.0,4343900.0,,0.0,0.0,0.0
2024-09-13,462.0,0.0,0.0,486.0,434.0,436.0,-26.0,50234500.0,23011103600.0,6959.0,99.5,436.0,672100.0,434.0,383900.0,6082020000.0,6082020000.0,1216404000.0,8340700.0,2734000.0,,0.0,0.0,0.0
2024-09-17,436.0,0.0,0.0,460.0,430.0,458.0,22.0,15777600.0,7081012800.0,2504.0,104.6,458.0,572400.0,456.0,87100.0,6082020000.0,6082020000.0,1216404000.0,534500.0,2947300.0,,0.0,0.0,0.0
2024-09-18,458.0,0.0,0.0,460.0,444.0,446.0,-12.0,9209600.0,4166405200.0,1641.0,101.8,446.0,99200.0,444.0,367000.0,6082020000.0,6082020000.0,1216404000.0,1497800.0,1188500.0,,0.0,0.0,0.0
2024-09-19,446.0,0.0,0.0,456.0,442.0,448.0,2.0,8464600.0,3789170800.0,1631.0,102.3,450.0,13700.0,448.0,149700.0,6082020000.0,6082020000.0,1216404000.0,648900.0,1080000.0,,0.0,0.0,0.0
2024-09-20,448.0,0.0,0.0,452.0,440.0,440.0,-8.0,12561400.0,5627129800.0,1075.0,100.5,442.0,500.0,440.0,58900.0,6082020000.0,6082020000.0,1216404000.0,1487400.0,473900.0,,0.0,0.0,0.0
2024-09-23,440.0,0.0,0.0,442.0,418.0,426.0,-14.0,12278700.0,5262969200.0,2427.0,97.3,428.0,4400.0,426.0,20100.0,6082020000.0,6082020000.0,1216404000.0,1156200.0,1096600.0,,0.0,0.0,0.0
2024-09-24,426.0,0.0,0.0,434.0,422.0,432.0,6.0,11628500.0,4988390400.0,1925.0,98.6,434.0,148300.0,432.0,24600.0,6082020000.0,6082020000.0,1216404000.0,682000.0,1101100.0,,0.0,0.0,0.0
2024-09-25,432.0,0.0,0.0,438.0,424.0,426.0,-6.0,11503500.0,4938811600.0,1950.0,97.3,428.0,133500.0,424.0,151800.0,6082020000.0,6082020000.0,1216404000.0,999200.0,439500.0,,0.0,0.0,0.0
2024-09-26,426.0,0.0,0.0,428.0,416.0,416.0,-10.0,11114800.0,4695784800.0,1691.0,95.0,416.0,30400.0,414.0,274100.0,6082020000.0,6082020000.0,1216404000.0,1275000.0,531500.0,,0.0,0.0,0.0
2024-09-27,416.0,0.0,0.0,418.0,408.0,410.0,-6.0,11495600.0,4736138800.0,1587.0,93.6,410.0,19900.0,408.0,129500.0,6082020000.0,6082020000.0,1216404000.0,549000.0,211700.0,,0.0,0.0,0.0
2024-09-30,410.0,0.0,0.0,440.0,408.0,426.0,16.0,14889100.0,6300265200.0,2431.0,97.3,426.0,201400.0,424.0,67600.0,6082020000.0,6082020000.0,1216404000.0,595600.0,1828500.0,,0.0,0.0,0.0
2024-10-01,426.0,0.0,0.0,434.0,422.0,424.0,-2.0,11850100.0,5075533400.0,1837.0,96.8,426.0,96400.0,424.0,71100.0,6082020000.0,6082020000.0,1216404000.0,545200.0,313700.0,,0.0,0.0,0.0
2024-10-02,424.0,0.0,0.0,432.0,414.0,416.0,-8.0,11611500.0,4903724800.0,1723.0,95.0,416.0,1800.0,414.0,181500.0,6082020000.0,6082020000.0,1216404000.0,1415000.0,511900.0,,0.0,0.0,0.0
2024-10-03,416.0,0.0,0.0,430.0,416.0,428.0,12.0,11397800.0,4846119400.0,1938.0,97.7,428.0,65800.0,426.0,5500.0,6082020000.0,6082020000.0,1216404000.0,448400.0,1939200.0,,0.0,0.0,0.0
2024-10-04,428.0,0.0,0.0,428.0,414.0,418.0,-10.0,12337300.0,5174185600.0,1585.0,95.4,418.0,59000.0,416.0,25600.0,6082020000.0,6082020000.0,1216404000.0,891900.0,16200.0,,0.0,0.0,0.0
2024-10-07,418.0,0.0,0.0,430.0,414.0,418.0,0.0,12178600.0,5093816400.0,1698.0,95.4,424.0,1400.0,418.0,157300.0,6082020000.0,6082020000.0,1216404000.0,602600.0,983800.0,,0.0,0.0,0.0
2024-10-08,418.0,0.0,0.0,426.0,414.0,418.0,0.0,10759700.0,4513996000.0,1646.0,95.4,418.0,64400.0,416.0,523700.0,6082020000.0,6082020000.0,1216404000.0,1062100.0,1048400.0,,0.0,0.0,0.0
2024-10-09,418.0,0.0,0.0,426.0,418.0,418.0,0.0,7779300.0,3268745000.0,947.0,95.4,420.0,900.0,418.0,225200.0,6082020000.0,6082020000.0,1216404000.0,415100.0,878600.0,,0.0,0.0,0.0
2024-10-10,418.0,0.0,0.0,424.0,418.0,420.0,2.0,7742000.0,3255920000.0,1131.0,95.9,420.0,9500.0,418.0,402000.0,6082020000.0,6082020000.0,1216404000.0,48700.0,1281700.0,,0.0,0.0,0.0
2024-10-11,420.0,0.0,0.0,426.0,418.0,420.0,0.0,8932800.0,3762852000.0,1061.0,95.9,422.0,77000.0,420.0,181800.0,6082020000.0,6082020000.0,1216404000.0,511000.0,1557400.0,,0.0,0.0,0.0
2024-10-14,420.0,0.0,0.0,430.0,420.0,428.0,8.0,7856000.0,3334642800.0,1063.0,97.7,428.0,18100.0,426.0,120000.0,6082020000.0,6082020000.0,1216404000.0,250600.0,2576400.0,,0.0,0.0,0.0
2024-10-15,428.0,0.0,0.0,436.0,428.0,430.0,2.0,8267200.0,3572517800.0,1226.0,98.2,430.0,47700.0,428.0,224500.0,6082020000.0,6082020000.0,1216404000.0,325000.0,1108500.0,,0.0,0.0,0.0
2024-10-16,430.0,0.0,0.0,440.0,426.0,436.0,6.0,9073800.0,3919153600.0,1313.0,99.5,438.0,49800.0,436.0,60200.0,6082020000.0,6082020000.0,1216404000.0,114500.0,1634700.0,,0.0,0.0,0.0
2024-10-17,436.0,0.0,0.0,440.0,424.0,428.0,-8.0,7098000.0,3080318000.0,1025.0,97.7,428.0,59900.0,426.0,220800.0,6082020000.0,6082020000.0,1216404000.0,706000.0,418100.0,,0.0,0.0,0.0
2024-10-18,428.0,0.0,0.0,428.0,420.0,422.0,-6.0,7346800.0,3105013800.0,1005.0,96.3,422.0,54400.0,420.0,708400.0,6082020000.0,6082020000.0,1216404000.0,1158100.0,13000.0,,0.0,0.0,0.0
2024-10-21,422.0,0.0,0.0,474.0,420.0,466.0,44.0,23770800.0,10706703000.0,2810.0,106.4,466.0,431900.0,464.0,20300.0,6082020000.0,6082020000.0,1216404000.0,638400.0,7849300.0,,0.0,0.0,0.0
2024-10-22,466.0,0.0,0.0,472.0,442.0,446.0,-20.0,10616600.0,4831212200.0,1900.0,101.8,446.0,8500.0,444.0,583400.0,6082020000.0,6082020000.0,1216404000.0,3038400.0,1069500.0,,0.0,0.0,0.0
2024-10-23,446.0,0.0,0.0,446.0,424.0,432.0,-14.0,7823600.0,3368317800.0,1452.0,98.6,432.0,50400.0,430.0,208400.0,6082020000.0,6082020000.0,1216404000.0,3132500.0,418700.0,,0.0,0.0,0.0
2024-10-24,432.0,0.0,0.0,436.0,426.0,428.0,-4.0,7547800.0,3250743800.0,1117.0,97.7,430.0,61200.0,428.0,374300.0,6082020000.0,6082020000.0,1216404000.0,654900.0,309100.0,,0.0,0.0,0.0
2024-10-25,428.0,0.0,0.0,432.0,424.0,426.0,-2.0,7156100.0,3055094600.0,898.0,97.3,426.0,11800.0,424.0,552000.0,6082020000.0,6082020000.0,1216404000.0,1041400.0,232400.0,,0.0,0.0,0.0
2024-10-28,426.0,0.0,0.0,428.0,418.0,418.0,-8.0,7701400.0,3243459800.0,1066.0,95.4,420.0,101100.0,418.0,330900.0,6082020000.0,6082020000.0,1216404000.0,406800.0,734400.0,,0.0,0.0,0.0
2024-10-29,418.0,0.0,0.0,424.0,416.0,420.0,2.0,7051000.0,2950114800.0,968.0,95.9,420.0,175200.0,416.0,535100.0,6082020000.0,6082020000.0,1216404000.0,529300.0,415600.0,,0.0,0.0,0.0
2024-10-30,420.0,0.0,0.0,422.0,416.0,418.0,-2.0,7231100.0,3023378200.0,988.0,95.4,420.0,422800.0,418.0,178700.0,6082020000.0,6082020000.0,1216404000.0,337400.0,19200.0,,0.0,0.0,0.0
2024-10-31,418.0,0.0,0.0,446.0,418.0,432.0,14.0,8691500.0,3750603200.0,1451.0,98.6,432.0,112600.0,428.0,183800.0,6082020000.0,6082020000.0,1216404000.0,657100.0,2029000.0,,0.0,0.0,0.0
2024-11-01,432.0,0.0,0.0,440.0,424.0,428.0,-4.0,7330800.0,3129284200.0,1015.0,97.7,428.0,36300.0,426.0,152500.0,6082020000.0,6082020000.0,1216404000.0,572300.0,187100.0,,0.0,0.0,0.0
2024-11-04,428.0,0.0,0.0,438.0,414.0,416.0,-12.0,7272800.0,3072607800.0,1130.0,95.0,416.0,16200.0,414.0,505000.0,6082020000.0,6082020000.0,1216404000.0,960600.0,748700.0,,0.0,0.0,0.0
2024-11-05,416.0,0.0,0.0,420.0,410.0,412.0,-4.0,7045700.0,2918918000.0,1001.0,94.1,414.0,3000.0,412.0,176500.0,6082020000.0,6082020000.0,1216404000.0,1357300.0,170900.0,,0.0,0.0,0.0
2024-11-06,412.0,0.0,0.0,418.0,410.0,410.0,-2.0,7989300.0,3304948600.0,1110.0,93.6,410.0,15700.0,408.0,236300.0,6082020000.0,6082020000.0,1216404000.0,399700.0,382200.0,,70000000.0,30800000000.0,1.0
2024-11-07,410.0,0.0,0.0,410.0,384.0,394.0,-16.0,6476300.0,2551463200.0,902.0,90.0,392.0,3400.0,390.0,189100.0,6082020000.0,6082020000.0,1216404000.0,1367200.0,539000.0,,0.0,0.0,0.0
2024-11-08,394.0,0.0,0.0,400.0,386.0,392.0,-2.0,7845400.0,3072632600.0,1159.0,89.5,392.0,101800.0,390.0,50600.0,6082020000.0,6082020000.0,1216404000.0,621200.0,494100.0,,0.0,0.0,0.0
2024-11-11,392.0,0.0,0.0,392.0,374.0,380.0,-12.0,6484800.0,2477023000.0,1137.0,86.8,382.0,23300.0,380.0,40800.0,6082020000.0,6082020000.0,1216404000.0,755200.0,207200.0,,0.0,0.0,0.0
2024-11-12,380.0,0.0,0.0,404.0,374.0,400.0,20.0,6907500.0,2703470600.0,1031.0,91.3,402.0,12500.0,400.0,106200.0,6082020000.0,6082020000.0,1216404000.0,414600.0,1976500.0,,0.0,0.0,0.0
2024-11-13,400.0,0.0,0.0,416.0,400.0,404.0,4.0,7339200.0,2973843400.0,1251.0,92.2,404.0,200900.0,402.0,1400.0,6082020000.0,6082020000.0,1216404000.0,180800.0,624400.0,,70000000.0,30800000000.0,1.0
2024-11-14,404.0,0.0,0.0,404.0,384.0,388.0,-16.0,6266000.0,2451841800.0,1076.0,88.6,390.0,3000.0,388.0,13600.0,6082020000.0,6082020000.0,1216404000.0,810800.0,121200.0,,0.0,0.0,0.0
2024-11-15,388.0,0.0,0.0,396.0,380.0,390.0,2.0,7550300.0,2924907600.0,1226.0,89.0,392.0,100.0,390.0,4500.0,6082020000.0,6082020000.0,1216404000.0,613100.0,662600.0,,0.0,0.0,0.0
2024-11-18,390.0,0.0,0.0,398.0,378.0,380.0,-10.0,7996900.0,3071656800.0,1329.0,86.8,384.0,33300.0,380.0,94300.0,6082020000.0,6082020000.0,1216404000.0,660500.0,681300.0,,0.0,0.0,0.0
2024-11-19,380.0,0.0,0.0,390.0,374.0,386.0,6.0,7886600.0,3051124200.0,1189.0,88.1,388.0,52100.0,386.0,24200.0,6082020000.0,6082020000.0,1216404000.0,231600.0,600000.0,,135000000.0,59400000000.0,2.0
2024-11-20,386.0,0.0,0.0,388.0,382.0,382.0,-4.0,7715100.0,2973761800.0,1248.0,87.2,384.0,25500.0,382.0,287400.0,6082020000.0,6082020000.0,1216404000.0,189700.0,126100.0,,0.0,0.0,0.0
2024-11-21,382.0,0.0,0.0,390.0,378.0,380.0,-2.0,8103200.0,3101219800.0,779.0,86.8,380.0,92700.0,378.0,101600.0,6082020000.0,6082020000.0,1216404000.0,435000.0,97300.0,,0.0,0.0,0.0
2024-11-22,380.0,0.0,0.0,380.0,374.0,376.0,-4.0,7634400.0,2876318800.0,658.0,85.8,378.0,20000.0,376.0,2600.0,6082020000.0,6082020000.0,1216404000.0,785100.0,54500.0,,0.0,0.0,0.0
2024-11-25,376.0,0.0,0.0,394.0,372.0,390.0,14.0,10618300.0,4072062600.0,1118.0,89.0,390.0,32000.0,388.0,25600.0,6082020000.0,6082020000.0,1216404000.0,216000.0,1390800.0,,0.0,0.0,0.0
2024-11-26,390.0,0.0,0.0,396.0,384.0,390.0,0.0,7774300.0,3026140000.0,1020.0,89.0,390.0,124400.0,388.0,129200.0,6082020000.0,6082020000.0,1216404000.0,590800.0,1334900.0,,0.0,0.0,0.0
2024-11-28,390.0,0.0,0.0,392.0,374.0,374.0,-16.0,11643700.0,4434551400.0,958.0,85.4,374.0,300.0,372.0,94000.0,6082020000.0,6082020000.0,1216404000.0,1547000.0,381600.0,,0.0,0.0,0.0
2024-11-29,374.0,0.0,0.0,378.0,338.0,352.0,-22.0,6010000.0,2123143200.0,1189.0,80.4,352.0,117800.0,350.0,2200.0,6082020000.0,6082020000.0,1216404000.0,2318900.0,1032800.0,,0.0,0.0,0.0
2024-12-02,352.0,0.0,0.0,366.0,350.0,350.0,-2.0,8009600.0,2838217000.0,1220.0,79.9,356.0,29400.0,350.0,95500.0,6082020000.0,6082020000.0,1216404000.0,293500.0,776900.0,,0.0,0.0,0.0
2024-12-03,350.0,0.0,0.0,364.0,346.0,362.0,12.0,49336600.0,17473770800.0,322.0,82.6,362.0,44600.0,360.0,19000.0,6082020000.0,6082020000.0,1216404000.0,90300.0,8581000.0,,0.0,0.0,0.0
2024-12-04,362.0,0.0,0.0,408.0,360.0,394.0,32.0,56132800.0,20984628800.0,1554.0,90.0,396.0,210600.0,394.0,191300.0,6082020000.0,6082020000.0,1216404000.0,2046800.0,3456400.0,,0.0,0.0,0.0
2024-12-05,394.0,0.0,0.0,398.0,382.0,386.0,-8.0,8106600.0,3150541200.0,1308.0,88.1,386.0,64300.0,384.0,26300.0,6082020000.0,6082020000.0,1216404000.0,1717200.0,879600.0,,0.0,0.0,0.0
2024-12-06,386.0,0.0,0.0,390.0,376.0,388.0,2.0,8088000.0,3100890400.0,1300.0,88.6,388.0,62300.0,386.0,30000.0,6082020000.0,6082020000.0,1216404000.0,495400.0,670100.0,,0.0,0.0,0.0
2024-12-09,388.0,388.0,386.0,390.0,372.0,374.0,-14.0,10645600.0,4048822200.0,1040.0,85.4,376.0,45300.0,374.0,138300.0,6082020000.0,6082020000.0,1216404000.0,2084300.0,926300.0,,0.0,0.0,0.0
2024-12-10,374.0,376.0,378.0,380.0,368.0,368.0,-6.0,8625900.0,3199705200.0,1297.0,84.0,374.0,90000.0,368.0,105600.0,6082020000.0,6082020000.0,1216404000.0,580900.0,1004700.0,,0.0,0.0,0.0
2024-12-11,368.0,370.0,370.0,384.0,362.0,364.0,-4.0,8301300.0,3063333400.0,1107.0,83.1,364.0,21800.0,362.0,95800.0,6082020000.0,6082020000.0,1216404000.0,585400.0,875800.0,,0.0,0.0,0.0
2024-12-12,364.0,364.0,366.0,366.0,356.0,358.0,-6.0,8694700.0,3123141600.0,1035.0,81.7,358.0,51900.0,356.0,293000.0,6082020000.0,6082020000.0,1216404000.0,1149000.0,158100.0,,0.0,0.0,0.0
2024-12-13,358.0,358.0,358.0,370.0,358.0,366.0,8.0,8887200.0,3221918600.0,1147.0,83.6,368.0,186800.0,366.0,87100.0,6082020000.0,6082020000.0,1216404000.0,1163000.0,121200.0,,0.0,0.0,0.0
2024-12-16,366.0,370.0,370.0,380.0,360.0,360.0,-6.0,8902700.0,3304746800.0,1113.0,82.2,366.0,41000.0,360.0,364500.0,6082020000.0,6082020000.0,1216404000.0,528000.0,1055000.0,,0.0,0.0,0.0
2024-12-17,360.0,360.0,360.0,364.0,342.0,348.0,-12.0,10288200.0,3647529400.0,1189.0,79.5,350.0,38400.0,348.0,6900.0,6082020000.0,6082020000.0,1216404000.0,1085800.0,920600.0,,0.0,0.0,0.0
2024-12-18,348.0,348.0,348.0,356.0,348.0,352.0,4.0,8140000.0,2868987600.0,957.0,80.4,354.0,6900.0,352.0,47300.0,6082020000.0,6082020000.0,1216404000.0,244700.0,596500.0,,0.0,0.0,0.0
2024-12-19,352.0,350.0,350.0,354.0,342.0,352.0,0.0,9023100.0,3134851600.0,1062.0,80.4,352.0,8600.0,348.0,90600.0,6082020000.0,6082020000.0,1216404000.0,739800.0,88100.0,,0.0,0.0,0.0
2024-12-20,352.0,350.0,348.0,370.0,348.0,362.0,10.0,9132400.0,3299767600.0,881.0,82.6,364.0,20500.0,362.0,150700.0,6082020000.0,6082020000.0,1216404000.0,606100.0,1562500.0,,0.0,0.0,0.0
2024-12-23,362.0,364.0,364.0,388.0,364.0,374.0,12.0,7230100.0,2703771600.0,1029.0,85.4,376.0,216000.0,374.0,8000.0,6082020000.0,6082020000.0,1216404000.0,320200.0,1723600.0,,0.0,0.0,0.0
2024-12-24,374.0,0.0,0.0,378.0,358.0,362.0,-12.0,8584200.0,3151336600.0,811.0,82.6,364.0,21100.0,362.0,13200.0,6082020000.0,6082020000.0,1216404000.0,822200.0,447800.0,,0.0,0.0,0.0
2024-12-27,362.0,362.0,362.0,364.0,356.0,356.0,-6.0,8492100.0,3051095600.0,880.0,81.3,358.0,2300.0,356.0,45600.0,6082020000.0,6082020000.0,1216404000.0,506500.0,191600.0,,0.0,0.0,0.0
2024-12-30,356.0,0.0,0.0,364.0,352.0,356.0,0.0,8783400.0,3142681400.0,903.0,81.3,360.0,11300.0,356.0,63000.0,6082020000.0,6082020000.0,1216404000.0,517900.0,367200.0,,0.0,0.0,0.0
2025-01-02,356.0,0.0,0.0,380.0,354.0,368.0,12.0,8186800.0,3034269600.0,1300.0,84.0,368.0,24500.0,366.0,122100.0,6082020000.0,6082020000.0,1216404000.0,501600.0,2733000.0,,0.0,0.0,0.0
2025-01-03,368.0,0.0,0.0,378.0,362.0,362.0,-6.0,8133400.0,2996599000.0,1112.0,82.6,362.0,93100.0,360.0,380900.0,6082020000.0,6082020000.0,1216404000.0,882900.0,938900.0,,0.0,0.0,0.0
2025-01-06,362.0,362.0,362.0,366.0,352.0,354.0,-8.0,8661500.0,3085468600.0,1237.0,80.8,354.0,17800.0,352.0,239300.0,6082020000.0,6082020000.0,1216404000.0,947400.0,563500.0,,0.0,0.0,0.0
2025-01-07,354.0,354.0,354.0,356.0,348.0,356.0,2.0,8662900.0,3060274400.0,1124.0,81.3,356.0,60400.0,354.0,300.0,6082020000.0,6082020000.0,1216404000.0,588800.0,54300.0,,0.0,0.0,0.0
2025-01-08,356.0,356.0,356.0,362.0,352.0,356.0,0.0,8910800.0,3189093400.0,1038.0,81.3,358.0,19900.0,356.0,12000.0,6082020000.0,6082020000.0,1216404000.0,566300.0,278900.0,,0.0,0.0,0.0
2025-01-09,356.0,356.0,360.0,382.0,356.0,372.0,16.0,8384600.0,3086487400.0,946.0,84.9,372.0,71300.0,368.0,41600.0,6082020000.0,6082020000.0,1216404000.0,187600.0,2504800.0,,0.0,0.0,0.0
2025-01-10,372.0,372.0,372.0,378.0,356.0,358.0,-14.0,9029100.0,3280179000.0,1161.0,81.7,358.0,76300.0,356.0,118700.0,6082020000.0,6082020000.0,1216404000.0,1410300.0,1170300.0,,0.0,0.0,0.0
2025-01-13,358.0,358.0,358.0,366.0,354.0,358.0,0.0,9331400.0,3383321400.0,1141.0,81.7,360.0,69400.0,358.0,500.0,6082020000.0,6082020000.0,1216404000.0,634200.0,1523200.0,,0.0,0.0,0.0
2025-01-14,358.0,358.0,358.0,370.0,358.0,364.0,6.0,8734800.0,3173342800.0,1049.0,83.1,364.0,74600.0,362.0,20200.0,6082020000.0,6082020000.0,1216404000.0,370100.0,735700.0,,0.0,0.0,0.0
2025-01-15,364.0,0.0,0.0,378.0,364.0,366.0,2.0,8263900.0,3048801000.0,1024.0,83.6,368.0,21100.0,366.0,46800.0,6082020000.0,6082020000.0,1216404000.0,991700.0,1252400.0,,0.0,0.0,0.0
2025-01-16,366.0,366.0,366.0,372.0,362.0,364.0,-2.0,8533000.0,3114005600.0,1197.0,83.1,364.0,157900.0,362.0,247000.0,6082020000.0,6082020000.0,1216404000.0,215600.0,409600.0,,0.0,0.0,0.0
2025-01-17,364.0,362.0,364.0,364.0,356.0,358.0,-6.0,8824600.0,3171244200.0,1113.0,81.7,360.0,363400.0,358.0,117100.0,6082020000.0,6082020000.0,1216404000.0,653900.0,96700.0,,0.0,0.0,0.0
2025-01-20,358.0,360.0,360.0,366.0,358.0,362.0,4.0,9769300.0,3536435600.0,1168.0,82.6,362.0,85900.0,360.0,200500.0,6082020000.0,6082020000.0,1216404000.0,337200.0,711700.0,,0.0,0.0,0.0
2025-01-21,362.0,0.0,0.0,370.0,360.0,366.0,4.0,9019000.0,3295269800.0,1167.0,83.6,368.0,88300.0,366.0,13200.0,6082020000.0,6082020000.0,1216404000.0,216500.0,852400.0,,0.0,0.0,0.0
2025-01-22,366.0,370.0,370.0,370.0,362.0,362.0,-4.0,8371300.0,3058934200.0,914.0,82.6,362.0,637700.0,360.0,440400.0,6082020000.0,6082020000.0,1216404000.0,500100.0,376200.0,,0.0,0.0,0.0
2025-01-23,362.0,0.0,0.0,364.0,356.0,360.0,-2.0,7629100.0,2741094000.0,925.0,82.2,360.0,355800.0,358.0,138200.0,6082020000.0,6082020000.0,1216404000.0,977900.0,158800.0,,0.0,0.0,0.0
2025-01-24,360.0,360.0,360.0,362.0,356.0,356.0,-4.0,7693200.0,2760086200.0,985.0,81.3,360.0,41500.0,356.0,224200.0,6082020000.0,6082020000.0,1216404000.0,167500.0,108900.0,,0.0,0.0,0.0
2025-01-30,356.0,356.0,356.0,360.0,346.0,350.0,-6.0,5836300.0,2061912000.0,528.0,79.9,350.0,76400.0,348.0,8400.0,6082020000.0,6082020000.0,1216404000.0,1670100.0,84700.0,,0.0,0.0,0.0
2025-01-31,350.0,0.0,0.0,360.0,334.0,338.0,-12.0,5421600.0,1845365000.0,809.0,77.2,342.0,58000.0,338.0,333000.0,6082020000.0,6082020000.0,1216404000.0,1957600.0,91900.0,,0.0,0.0,0.0
2025-02-03,338.0,340.0,344.0,344.0,322.0,324.0,-14.0,9432300.0,3084493400.0,1114.0,74.0,324.0,2700.0,322.0,272700.0,6082020000.0,6082020000.0,1216404000.0,1786700.0,516300.0,,0.0,0.0,0.0
2025-02-04,324.0,324.0,324.0,358.0,324.0,354.0,30.0,8699900.0,2964958400.0,1615.0,80.8,354.0,160800.0,350.0,20600.0,6082020000.0,6082020000.0,1216404000.0,607000.0,2112500.0,,0.0,0.0,0.0
2025-02-05,354.0,354.0,354.0,358.0,336.0,344.0,-10.0,8816800.0,3015141600.0,986.0,78.5,344.0,400.0,342.0,5000.0,6082020000.0,6082020000.0,1216404000.0,1193000.0,485500.0,,0.0,0.0,0.0
2025-02-06,344.0,0.0,0.0,350.0,332.0,338.0,-6.0,8912700.0,3015479000.0,1201.0,77.2,338.0,10000.0,336.0,7400.0,6082020000.0,6082020000.0,1216404000.0,670100.0,345100.0,,0.0,0.0,0.0
2025-02-07,338.0,0.0,0.0,348.0,324.0,324.0,-14.0,9803800.0,3296298400.0,1450.0,74.0,336.0,50000.0,324.0,33100.0,6082020000.0,6082020000.0,1216404000.0,337800.0,554600.0,,0.0,0.0,0.0
2025-02-10,324.0,326.0,324.0,326.0,288.0,288.0,-36.0,3225900.0,977451000.0,606.0,65.8,296.0,6300.0,288.0,222000.0,6082020000.0,6082020000.0,1216404000.0,1320300.0,223800.0,,0.0,0.0,0.0
2025-02-11,288.0,290.0,292.0,306.0,290.0,300.0,12.0,2055700.0,615501400.0,522.0,68.5,304.0,62600.0,300.0,11700.0,6082020000.0,6082020000.0,1216404000.0,604200.0,366900.0,,0.0,0.0,0.0
2025-02-12,300.0,300.0,300.0,306.0,296.0,298.0,-2.0,882700.0,264908200.0,95.0,68.0,300.0,50300.0,298.0,9400.0,6082020000.0,6082020000.0,1216404000.0,154800.0,607400.0,,0.0,0.0,0.0
2025-02-13,298.0,298.0,298.0,308.0,296.0,304.0,6.0,491700.0,148476200.0,135.0,69.4,304.0,13900.0,300.0,494400.0,6082020000.0,6082020000.0,1216404000.0,75300.0,300700.0,,0.0,0.0,0.0
2025-02-14,304.0,304.0,310.0,318.0,304.0,314.0,10.0,634300.0,198221000.0,188.0,71.7,314.0,11600.0,312.0,3900.0,6082020000.0,6082020000.0,1216404000.0,41000.0,208100.0,,0.0,0.0,0.0
2025-02-17,314.0,314.0,310.0,324.0,308.0,320.0,6.0,573900.0,182809400.0,142.0,73.1,322.0,119200.0,320.0,30600.0,6082020000.0,6082020000.0,1216404000.0,23000.0,399500.0,,0.0,0.0,0.0
2025-02-18,320.0,320.0,326.0,326.0,314.0,320.0,0.0,128000.0,40841600.0,61.0,73.1,320.0,15200.0,318.0,37300.0,6082020000.0,6082020000.0,1216404000.0,2900.0,800.0,,0.0,0.0,0.0
2025-02-19,320.0,0.0,0.0,326.0,314.0,318.0,-2.0,369000.0,117219200.0,122.0,72.6,318.0,12100.0,316.0,1400.0,6082020000.0,6082020000.0,1216404000.0,16500.0,15000.0,,0.0,0.0,0.0
2025-02-20,318.0,316.0,316.0,316.0,306.0,310.0,-8.0,340400.0,105453400.0,118.0,70.8,312.0,1800.0,310.0,38800.0,6082020000.0,6082020000.0,1216404000.0,14300.0,23200.0,,0.0,0.0,0.0
2025-02-21,310.0,308.0,310.0,320.0,308.0,314.0,4.0,228900.0,71434800.0,81.0,71.7,314.0,4800.0,312.0,10700.0,6082020000.0,6082020000.0,1216404000.0,69500.0,17300.0,,0.0,0.0,0.0
2025-02-24,314.0,314.0,314.0,318.0,310.0,312.0,-2.0,604300.0,188704800.0,101.0,71.2,314.0,2400.0,312.0,37500.0,6082020000.0,6082020000.0,1216404000.0,95800.0,160200.0,,0.0,0.0,0.0
2025-02-25,312.0,312.0,312.0,312.0,300.0,304.0,-8.0,1230300.0,375307800.0,268.0,69.4,306.0,33000.0,304.0,7800.0,6082020000.0,6082020000.0,1216404000.0,536700.0,10000.0,,0.0,0.0,0.0
2025-02-26,304.0,304.0,296.0,318.0,286.0,294.0,-10.0,1048900.0,312011000.0,246.0,67.1,294.0,600.0,292.0,49000.0,6082020000.0,6082020000.0,1216404000.0,197200.0,66600.0,,0.0,0.0,0.0
2025-02-27,294.0,0.0,0.0,300.0,284.0,290.0,-4.0,717300.0,208173000.0,168.0,66.2,290.0,5000.0,288.0,1200.0,6082020000.0,6082020000.0,1216404000.0,219800.0,30400.0,,0.0,0.0,0.0
2025-02-28,290.0,288.0,296.0,314.0,278.0,280.0,-10.0,549400.0,154806800.0,218.0,63.9,286.0,30000.0,282.0,3800.0,6082020000.0,6082020000.0,1216404000.0,283400.0,33400.0,,0.0,0.0,0.0
2025-03-03,280.0,280.0,278.0,282.0,276.0,278.0,-2.0,303500.0,84661000.0,187.0,63.5,280.0,23600.0,278.0,99900.0,6082020000.0,6082020000.0,1216404000.0,85200.0,3200.0,,0.0,0.0,0.0
2025-03-04,278.0,280.0,280.0,280.0,250.0,270.0,-8.0,2126500.0,565958800.0,465.0,61.6,270.0,11900.0,266.0,20000.0,6082020000.0,6082020000.0,1216404000.0,739200.0,305900.0,,18000.0,5004000.0,1.0
2025-03-05,270.0,270.0,266.0,278.0,260.0,276.0,6.0,924600.0,250072800.0,224.0,63.0,276.0,137000.0,268.0,30000.0,6082020000.0,6082020000.0,1216404000.0,267800.0,473500.0,,0.0,0.0,0.0
2025-03-06,276.0,0.0,0.0,290.0,270.0,290.0,14.0,1221800.0,346701200.0,268.0,66.2,290.0,61500.0,284.0,1000.0,6082020000.0,6082020000.0,1216404000.0,353600.0,539600.0,,0.0,0.0,0.0
2025-03-07,290.0,0.0,0.0,292.0,280.0,286.0,-4.0,574300.0,166294800.0,88.0,65.3,288.0,10300.0,286.0,61700.0,6082020000.0,6082020000.0,1216404000.0,143600.0,1400.0,,0.0,0.0,0.0
2025-03-10,286.0,286.0,286.0,286.0,276.0,280.0,-6.0,106400.0,29904400.0,71.0,63.9,284.0,300.0,280.0,8000.0,6082020000.0,6082020000.0,1216404000.0,47500.0,100.0,,0.0,0.0,0.0
2025-03-11,280.0,276.0,276.0,276.0,268.0,270.0,-10.0,477900.0,129916400.0,99.0,61.6,272.0,2700.0,270.0,22300.0,6082020000.0,6082020000.0,1216404000.0,68500.0,0.0,,0.0,0.0,0.0
2025-03-12,270.0,272.0,278.0,282.0,262.0,268.0,-2.0,682300.0,183616600.0,155.0,61.2,276.0,117200.0,268.0,154700.0,6082020000.0,6082020000.0,1216404000.0,281500.0,0.0,,0.0,0.0,0.0
2025-03-13,268.0,270.0,270.0,278.0,256.0,266.0,-2.0,1024300.0,269768600.0,163.0,60.7,268.0,700.0,256.0,84500.0,6082020000.0,6082020000.0,1216404000.0,324100.0,96700.0,,0.0,0.0,0.0
2025-03-14,266.0,0.0,0.0,280.0,262.0,266.0,0.0,192700.0,52679800.0,123.0,60.7,272.0,3800.0,266.0,7200.0,6082020000.0,6082020000.0,1216404000.0,93600.0,100.0,,0.0,0.0,0.0
2025-03-17,266.0,0.0,0.0,276.0,256.0,256.0,-10.0,818000.0,214130800.0,182.0,58.4,256.0,5700.0,254.0,56500.0,6082020000.0,6082020000.0,1216404000.0,232200.0,0.0,,0.0,0.0,0.0
2025-03-18,256.0,256.0,256.0,264.0,216.0,252.0,-4.0,1919100.0,468906000.0,302.0,57.5,252.0,3100.0,242.0,50000.0,6082020000.0,6082020000.0,1216404000.0,841000.0,170100.0,,0.0,0.0,0.0
2025-03-19,252.0,0.0,0.0,270.0,248.0,258.0,6.0,385900.0,98278000.0,189.0,58.9,258.0,10200.0,250.0,500.0,6082020000.0,6082020000.0,1216404000.0,98800.0,0.0,,0.0,0.0,0.0
2025-03-20,258.0,0.0,0.0,266.0,250.0,254.0,-4.0,656200.0,166244000.0,158.0,58.0,254.0,7500.0,252.0,411300.0,6082020000.0,6082020000.0,1216404000.0,105600.0,366600.0,,0.0,0.0,0.0
2025-03-21,254.0,0.0,0.0,258.0,252.0,256.0,2.0,134700.0,34455000.0,54.0,58.4,258.0,11500.0,256.0,152800.0,6082020000.0,6082020000.0,1216404000.0,18200.0,125500.0,,0.0,0.0,0.0
2025-03-24,256.0,256.0,256.0,256.0,244.0,248.0,-8.0,531300.0,132146600.0,127.0,56.6,252.0,8000.0,248.0,57500.0,6082020000.0,6082020000.0,1216404000.0,263200.0,75000.0,,0.0,0.0,0.0
2025-03-25,248.0,0.0,0.0,268.0,246.0,250.0,2.0,490300.0,124556000.0,126.0,57.1,258.0,500.0,250.0,27000.0,6082020000.0,6082020000.0,1216404000.0,152800.0,59300.0,,0.0,0.0,0.0
2025-03-26,250.0,0.0,0.0,270.0,244.0,250.0,0.0,1943200.0,494927400.0,232.0,57.1,258.0,10000.0,250.0,59400.0,6082020000.0,6082020000.0,1216404000.0,345400.0,100000.0,,0.0,0.0,0.0
2025-03-27,250.0,0.0,0.0,254.0,244.0,250.0,0.0,2920500.0,720599800.0,346.0,57.1,254.0,40200.0,250.0,31100.0,6082020000.0,6082020000.0,1216404000.0,395800.0,200000.0,,0.0,0.0,0.0
2025-04-08,250.0,234.0,230.0,242.0,214.0,238.0,-12.0,1516300.0,350146400.0,310.0,54.3,238.0,30200.0,226.0,21800.0,6082020000.0,6082020000.0,1216404000.0,515100.0,352800.0,,0.0,0.0,0.0
2025-04-09,238.0,238.0,238.0,250.0,216.0,248.0,10.0,1392000.0,321742200.0,307.0,56.6,248.0,35800.0,230.0,11700.0,6082020000.0,6082020000.0,1216404000.0,745300.0,352800.0,,826300.0,369356100.0,1.0
2025-04-10,248.0,248.0,248.0,254.0,230.0,252.0,4.0,555600.0,138438600.0,303.0,57.5,252.0,266000.0,244.0,24800.0,6082020000.0,6082020000.0,1216404000.0,211700.0,396900.0,,0.0,0.0,0.0
2025-04-11,252.0,0.0,0.0,252.0,240.0,240.0,-12.0,114300.0,27834600.0,87.0,54.8,242.0,39600.0,240.0,38200.0,6082020000.0,6082020000.0,1216404000.0,33800.0,0.0,,0.0,0.0,0.0
2025-04-14,240.0,0.0,0.0,258.0,240.0,252.0,12.0,674600.0,168876800.0,163.0,57.5,254.0,100.0,252.0,150200.0,6082020000.0,6082020000.0,1216404000.0,186900.0,0.0,,0.0,0.0,0.0
2025-04-15,252.0,252.0,252.0,256.0,242.0,252.0,0.0,2241800.0,556151200.0,247.0,57.5,256.0,500.0,252.0,149400.0,6082020000.0,6082020000.0,1216404000.0,492400.0,0.0,,0.0,0.0,0.0
2025-04-16,252.0,254.0,258.0,258.0,250.0,252.0,0.0,317000.0,80170800.0,112.0,57.5,256.0,2300.0,252.0,70100.0,6082020000.0,6082020000.0,1216404000.0,57000.0,0.0,,0.0,0.0,0.0
2025-04-17,252.0,0.0,0.0,260.0,252.0,260.0,8.0,730100.0,188161600.0,129.0,59.4,262.0,264700.0,260.0,42100.0,6082020000.0,6082020000.0,1216404000.0,158900.0,40000.0,,0.0,0.0,0.0
2025-04-21,260.0,0.0,0.0,266.0,258.0,266.0,6.0,566000.0,147886400.0,146.0,60.7,266.0,2200.0,260.0,14400.0,6082020000.0,6082020000.0,1216404000.0,117700.0,35000.0,,0.0,0.0,0.0
2025-04-22,266.0,260.0,260.0,272.0,260.0,270.0,4.0,555400.0,148558800.0,155.0,61.6,270.0,800.0,268.0,122200.0,6082020000.0,6082020000.0,1216404000.0,143300.0,59000.0,,0.0,0.0,0.0
2025-04-23,270.0,276.0,274.0,282.0,270.0,276.0,6.0,1096000.0,302320600.0,166.0,63.0,280.0,29300.0,276.0,600.0,6082020000.0,6082020000.0,1216404000.0,198800.0,2200.0,,0.0,0.0,0.0
2025-04-24,276.0,276.0,280.0,292.0,276.0,286.0,10.0,1983900.0,566345800.0,358.0,65.3,288.0,600.0,286.0,217200.0,6082020000.0,6082020000.0,1216404000.0,437800.0,138800.0,,0.0,0.0,0.0
2025-04-25,286.0,0.0,0.0,346.0,286.0,312.0,26.0,3349800.0,1058455000.0,1297.0,71.2,314.0,34500.0,312.0,18000.0,6082020000.0,6082020000.0,1216404000.0,1263800.0,0.0,,0.0,0.0,0.0
2025-04-28,312.0,330.0,338.0,338.0,306.0,308.0,-4.0,4122400.0,1302495000.0,620.0,70.3,316.0,5900.0,308.0,106900.0,6082020000.0,6082020000.0,1216404000.0,823600.0,10000.0,,0.0,0.0,0.0
2025-04-29,308.0,308.0,310.0,312.0,300.0,308.0,0.0,541600.0,166203200.0,198.0,70.3,308.0,511400.0,306.0,80600.0,6082020000.0,6082020000.0,1216404000.0,209900.0,0.0,,0.0,0.0,0.0
2025-04-30,308.0,308.0,308.0,340.0,302.0,316.0,8.0,5250200.0,1667438000.0,772.0,72.1,316.0,5100.0,314.0,21000.0,6082020000.0,6082020000.0,1216404000.0,1293600.0,117600.0,,0.0,0.0,0.0
2025-05-02,316.0,320.0,324.0,326.0,312.0,316.0,0.0,1568500.0,495108400.0,420.0,72.1,318.0,500.0,316.0,9000.0,6082020000.0,6082020000.0,1216404000.0,476200.0,0.0,,0.0,0.0,0.0
2025-05-05,316.0,318.0,322.0,322.0,304.0,310.0,-6.0,1195200.0,371439000.0,331.0,70.8,310.0,86700.0,308.0,100.0,6082020000.0,6082020000.0,1216404000.0,443400.0,0.0,,0.0,0.0,0.0
2025-05-06,310.0,312.0,314.0,314.0,300.0,300.0,-10.0,2519800.0,763973600.0,1055.0,68.5,306.0,100.0,300.0,94100.0,6082020000.0,6082020000.0,1216404000.0,1969100.0,0.0,,0.0,0.0,0.0
2025-05-07,300.0,302.0,302.0,314.0,300.0,308.0,8.0,1187600.0,364413000.0,253.0,70.3,308.0,27200.0,306.0,64800.0,6082020000.0,6082020000.0,1216404000.0,198900.0,82400.0,,0.0,0.0,0.0
2025-05-08,308.0,310.0,312.0,314.0,302.0,306.0,-2.0,773800.0,236665000.0,163.0,69.9,306.0,14900.0,304.0,10100.0,6082020000.0,6082020000.0,1216404000.0,114400.0,0.0,,0.0,0.0,0.0
2025-05-09,306.0,306.0,306.0,308.0,300.0,300.0,-6.0,1404500.0,423750000.0,288.0,68.5,302.0,5000.0,300.0,209900.0,6082020000.0,6082020000.0,1216404000.0,595700.0,0.0,,0.0,0.0,0.0
2025-05-14,300.0,300.0,300.0,304.0,294.0,304.0,4.0,1193900.0,356900200.0,233.0,69.4,306.0,209000.0,302.0,16000.0,6082020000.0,6082020000.0,1216404000.0,155900.0,0.0,,0.0,0.0,0.0
2025-05-15,304.0,304.0,304.0,306.0,288.0,298.0,-6.0,1427400.0,423049600.0,270.0,68.0,298.0,52700.0,296.0,699000.0,6082020000.0,6082020000.0,1216404000.0,204800.0,0.0,,0.0,0.0,0.0
2025-05-16,298.0,298.0,298.0,316.0,294.0,312.0,14.0,2731900.0,836594400.0,284.0,71.2,314.0,281800.0,312.0,214000.0,6082020000.0,6082020000.0,1216404000.0,294900.0,0.0,,0.0,0.0,0.0
2025-05-19,312.0,314.0,318.0,336.0,314.0,334.0,22.0,3842000.0,1267502000.0,895.0,76.3,336.0,578800.0,334.0,54900.0,6082020000.0,6082020000.0,1216404000.0,383400.0,0.0,,0.0,0.0,0.0
2025-05-20,334.0,338.0,340.0,380.0,336.0,354.0,20.0,7797000.0,2798335800.0,1907.0,80.8,354.0,31000.0,350.0,9000.0,6082020000.0,6082020000.0,1216404000.0,373600.0,2800.0,,0.0,0.0,0.0
2025-05-21,354.0,364.0,364.0,372.0,340.0,350.0,-4.0,2311200.0,813283600.0,601.0,79.9,350.0,131000.0,346.0,38100.0,6082020000.0,6082020000.0,1216404000.0,426800.0,0.0,,0.0,0.0,0.0
2025-05-22,350.0,0.0,0.0,356.0,336.0,350.0,0.0,1613000.0,553150200.0,472.0,79.9,348.0,1800.0,344.0,7700.0,6082020000.0,6082020000.0,1216404000.0,115100.0,0.0,,0.0,0.0,0.0
2025-05-23,350.0,350.0,348.0,350.0,322.0,338.0,-12.0,3542400.0,1185765400.0,511.0,77.2,338.0,772800.0,336.0,24200.0,6082020000.0,6082020000.0,1216404000.0,228100.0,0.0,,0.0,0.0,0.0
2025-05-26,338.0,338.0,336.0,348.0,326.0,340.0,2.0,1193400.0,404681200.0,360.0,77.6,340.0,343700.0,336.0,7500.0,6082020000.0,6082020000.0,1216404000.0,30800.0,0.0,,0.0,0.0,0.0
2025-05-27,340.0,344.0,344.0,344.0,328.0,338.0,-2.0,1038700.0,348761400.0,270.0,77.2,338.0,74900.0,332.0,1200.0,6082020000.0,6082020000.0,1216404000.0,49400.0,0.0,,0.0,0.0,0.0
2025-05-28,338.0,0.0,0.0,342.0,320.0,338.0,0.0,2331900.0,779068400.0,344.0,77.2,338.0,300.0,336.0,1100.0,6082020000.0,6082020000.0,1216404000.0,175900.0,0.0,,0.0,0.0,0.0
2025-06-02,338.0,330.0,330.0,338.0,316.0,334.0,-4.0,2521600.0,821170800.0,465.0,76.3,334.0,641000.0,330.0,3400.0,6082020000.0,6082020000.0,1216404000.0,35200.0,0.0,,0.0,0.0,0.0
2025-06-03,334.0,334.0,334.0,338.0,318.0,324.0,-10.0,1109700.0,358144200.0,325.0,74.0,324.0,20400.0,320.0,10000.0,6082020000.0,6082020000.0,1216404000.0,44700.0,0.0,,0.0,0.0,0.0
2025-06-04,324.0,324.0,322.0,340.0,318.0,328.0,4.0,3178000.0,1042932400.0,566.0,74.9,328.0,16200.0,324.0,900.0,6082020000.0,6082020000.0,1216404000.0,100000.0,50100.0,,0.0,0.0,0.0
2025-06-05,328.0,332.0,332.0,332.0,318.0,326.0,-2.0,1362700.0,440768800.0,254.0,74.4,326.0,66500.0,324.0,13700.0,6082020000.0,6082020000.0,1216404000.0,0.0,400.0,,0.0,0.0,0.0
2025-06-10,326.0,326.0,326.0,328.0,320.0,324.0,-2.0,1263100.0,406923800.0,176.0,74.0,326.0,69800.0,324.0,10400.0,6082020000.0,6082020000.0,1216404000.0,0.0,15400.0,,0.0,0.0,0.0
2025-06-11,324.0,324.0,324.0,350.0,322.0,346.0,22.0,3248800.0,1100975800.0,541.0,79.0,348.0,15200.0,346.0,11300.0,6082020000.0,6082020000.0,1216404000.0,2100.0,32800.0,,0.0,0.0,0.0
2025-06-12,346.0,350.0,352.0,358.0,334.0,346.0,0.0,3052900.0,1066274800.0,600.0,79.0,348.0,132700.0,346.0,196900.0,6082020000.0,6082020000.0,1216404000.0,753500.0,0.0,,0.0,0.0,0.0
2025-06-13,346.0,348.0,348.0,350.0,342.0,342.0,-4.0,1090500.0,377470800.0,166.0,78.1,346.0,3800.0,340.0,136200.0,6082020000.0,6082020000.0,1216404000.0,441100.0,0.0,,0.0,0.0,0.0
2025-06-16,342.0,342.0,340.0,342.0,330.0,334.0,-8.0,1443800.0,484367600.0,242.0,76.3,334.0,2100.0,332.0,300.0,6082020000.0,6082020000.0,1216404000.0,269900.0,200000.0,,0.0,0.0,0.0
2025-06-17,334.0,332.0,330.0,334.0,328.0,332.0,-2.0,1061600.0,350486800.0,131.0,75.8,334.0,159000.0,332.0,4600.0,6082020000.0,6082020000.0,1216404000.0,0.0,0.0,,0.0,0.0,0.0
2025-06-18,332.0,330.0,330.0,340.0,328.0,340.0,8.0,925000.0,306359400.0,215.0,77.6,336.0,1600.0,332.0,200.0,6082020000.0,6082020000.0,1216404000.0,7800.0,0.0,,0.0,0.0,0.0
2025-06-19,340.0,340.0,340.0,340.0,310.0,312.0,-28.0,3344900.0,1075010800.0,380.0,71.2,312.0,1300.0,310.0,115100.0,6082020000.0,6082020000.0,1216404000.0,210000.0,0.0,,0.0,0.0,0.0
2025-06-20,312.0,310.0,310.0,336.0,300.0,336.0,24.0,1415300.0,456166800.0,279.0,76.7,336.0,94500.0,326.0,2000.0,6082020000.0,6082020000.0,1216404000.0,54600.0,294200.0,,582183615.0,177566002575.0,1.0
2025-06-23,336.0,322.0,318.0,334.0,304.0,318.0,-18.0,934900.0,298991200.0,193.0,72.6,320.0,11000.0,318.0,1600.0,6082020000.0,6082020000.0,1216404000.0,160000.0,0.0,,0.0,0.0,0.0
2025-06-24,318.0,316.0,314.0,318.0,304.0,312.0,-6.0,1360200.0,424062400.0,200.0,71.2,314.0,11700.0,312.0,8300.0,6082020000.0,6082020000.0,1216404000.0,0.0,0.0,,0.0,0.0,0.0
2025-06-25,312.0,312.0,312.0,320.0,312.0,316.0,4.0,705900.0,222902800.0,88.0,72.1,318.0,7300.0,316.0,46400.0,6082020000.0,6082020000.0,1216404000.0,0.0,0.0,,0.0,0.0,0.0
2025-06-26,316.0,316.0,316.0,326.0,316.0,322.0,6.0,682000.0,219813600.0,82.0,73.5,322.0,20700.0,320.0,184800.0,6082020000.0,6082020000.0,1216404000.0,0.0,0.0,,0.0,0.0,0.0
2025-06-30,322.0,326.0,328.0,372.0,324.0,350.0,28.0,7482500.0,2634675800.0,1568.0,79.9,352.0,101800.0,348.0,200.0,6082020000.0,6082020000.0,1216404000.0,319300.0,219100.0,,0.0,0.0,0.0
2025-07-01,350.0,356.0,356.0,358.0,338.0,346.0,-4.0,2201800.0,758245600.0,380.0,79.0,346.0,929400.0,344.0,99700.0,6082020000.0,6082020000.0,1216404000.0,78200.0,0.0,,0.0,0.0,0.0
2025-07-02,346.0,344.0,344.0,384.0,344.0,352.0,6.0,5722500.0,2068335600.0,999.0,80.4,354.0,1500.0,352.0,232200.0,6082020000.0,6082020000.0,1216404000.0,11800.0,0.0,,0.0,0.0,0.0
2025-07-03,352.0,362.0,362.0,362.0,350.0,360.0,8.0,3255300.0,1153774400.0,281.0,82.2,360.0,106800.0,358.0,135000.0,6082020000.0,6082020000.0,1216404000.0,41900.0,0.0,,0.0,0.0,0.0
2025-07-04,360.0,366.0,366.0,370.0,342.0,370.0,10.0,5295500.0,1921224200.0,495.0,84.5,370.0,519400.0,360.0,10000.0,6082020000.0,6082020000.0,1216404000.0,131700.0,50000.0,,585000000.0,256230000000.0,2.0
2025-07-07,370.0,376.0,378.0,382.0,360.0,370.0,0.0,4609400.0,1736535600.0,661.0,84.5,372.0,56900.0,370.0,20800.0,6082020000.0,6082020000.0,1216404000.0,40700.0,0.0,,0.0,0.0,0.0
2025-07-08,370.0,370.0,372.0,462.0,370.0,462.0,92.0,40647000.0,17868945600.0,5803.0,105.5,0.0,0.0,462.0,9569500.0,6082020000.0,6082020000.0,1216404000.0,958400.0,0.0,,0.0,0.0,0.0
2025-07-09,462.0,520.0,525.0,575.0,500.0,575.0,113.0,150036500.0,83890947000.0,15813.0,131.3,0.0,0.0,575.0,2944800.0,6082020000.0,6082020000.0,1216404000.0,2960100.0,3206200.0,,0.0,0.0,0.0
2025-07-10,575.0,580.0,580.0,585.0,492.0,505.0,-70.0,119512500.0,62525384000.0,13327.0,115.3,505.0,32700.0,500.0,885100.0,6082020000.0,6082020000.0,1216404000.0,4727100.0,3147100.0,,0.0,0.0,0.0
2025-07-11,505.0,510.0,505.0,525.0,480.0,492.0,-13.0,32619000.0,16216450600.0,5636.0,112.3,492.0,235300.0,490.0,242900.0,6082020000.0,6082020000.0,1216404000.0,1268700.0,1370400.0,,0.0,0.0,0.0
2025-07-14,492.0,496.0,496.0,496.0,464.0,466.0,-26.0,27482600.0,13086313200.0,4802.0,106.4,466.0,208600.0,464.0,303700.0,6082020000.0,6082020000.0,1216404000.0,257700.0,446600.0,,0.0,0.0,0.0
2025-07-15,466.0,466.0,468.0,520.0,464.0,494.0,28.0,82930600.0,41111558800.0,10545.0,112.8,494.0,127300.0,492.0,320400.0,6082020000.0,6082020000.0,1216404000.0,4131000.0,4948900.0,,0.0,0.0,0.0
2025-07-16,494.0,494.0,492.0,494.0,472.0,480.0,-14.0,39373300.0,18973638000.0,3623.0,109.6,482.0,24200.0,480.0,166300.0,6082020000.0,6082020000.0,1216404000.0,1461900.0,477500.0,,0.0,0.0,0.0
2025-07-17,480.0,480.0,482.0,484.0,472.0,476.0,-4.0,8257200.0,3931196600.0,2074.0,108.7,478.0,78900.0,476.0,97400.0,6082020000.0,6082020000.0,1216404000.0,23000.0,34000.0,,0.0,0.0,0.0
2025-07-18,476.0,474.0,474.0,484.0,468.0,476.0,0.0,14951100.0,7092276800.0,2255.0,108.7,478.0,2900.0,476.0,267500.0,6082020000.0,6082020000.0,1216404000.0,174900.0,457800.0,,0.0,0.0,0.0
2025-07-21,476.0,480.0,480.0,500.0,476.0,498.0,22.0,18964100.0,9309417200.0,3241.0,113.7,500.0,1354900.0,498.0,114700.0,6082020000.0,6082020000.0,1216404000.0,508700.0,153900.0,,0.0,0.0,0.0
2025-07-22,498.0,500.0,500.0,500.0,472.0,476.0,-22.0,15549300.0,7543727200.0,2790.0,108.7,476.0,293200.0,474.0,18800.0,6082020000.0,6082020000.0,1216404000.0,278600.0,192500.0,,0.0,0.0,0.0
2025-07-23,476.0,476.0,476.0,476.0,450.0,462.0,-14.0,10360300.0,4820812400.0,2221.0,105.5,462.0,198800.0,460.0,334700.0,6082020000.0,6082020000.0,1216404000.0,320000.0,922000.0,,0.0,0.0,0.0
2025-07-24,462.0,466.0,468.0,470.0,452.0,454.0,-8.0,6964600.0,3209079800.0,1515.0,103.7,456.0,61000.0,454.0,6300.0,6082020000.0,6082020000.0,1216404000.0,503800.0,37200.0,,0.0,0.0,0.0
2025-07-25,454.0,454.0,454.0,464.0,440.0,456.0,2.0,8397100.0,3775804000.0,2020.0,104.1,458.0,1000.0,456.0,137700.0,6082020000.0,6082020000.0,1216404000.0,365700.0,368500.0,,0.0,0.0,0.0
2025-07-28,456.0,458.0,460.0,464.0,446.0,446.0,-10.0,7752900.0,3501978200.0,1750.0,101.8,448.0,97800.0,446.0,1500.0,6082020000.0,6082020000.0,1216404000.0,228200.0,223200.0,,0.0,0.0,0.0
2025-07-29,446.0,446.0,446.0,456.0,442.0,442.0,-4.0,13042000.0,5844256800.0,1441.0,100.9,446.0,4100.0,442.0,251200.0,6082020000.0,6082020000.0,1216404000.0,728300.0,1549500.0,,0.0,0.0,0.0
2025-07-30,442.0,444.0,448.0,456.0,440.0,444.0,2.0,6387500.0,2837257200.0,1248.0,101.4,444.0,137500.0,442.0,179800.0,6082020000.0,6082020000.0,1216404000.0,786400.0,100000.0,,0.0,0.0,0.0
2025-07-31,444.0,446.0,444.0,446.0,420.0,428.0,-16.0,13651800.0,5886079200.0,2127.0,97.7,428.0,906600.0,426.0,3400.0,6082020000.0,6082020000.0,1216404000.0,1381500.0,1222400.0,,0.0,0.0,0.0
2025-08-01,428.0,424.0,424.0,452.0,404.0,440.0,12.0,9501800.0,4112260800.0,1568.0,100.5,442.0,110000.0,440.0,371900.0,6082020000.0,6082020000.0,1216404000.0,1230600.0,2788200.0,,0.0,0.0,0.0
2025-08-04,440.0,450.0,450.0,460.0,430.0,444.0,4.0,11983500.0,5304405000.0,2360.0,101.4,444.0,199400.0,442.0,8200.0,6082020000.0,6082020000.0,1216404000.0,2417100.0,1105700.0,,0.0,0.0,0.0
2025-08-05,444.0,444.0,444.0,446.0,428.0,444.0,0.0,6237200.0,2718343800.0,1337.0,101.4,444.0,215100.0,442.0,1100.0,6082020000.0,6082020000.0,1216404000.0,705100.0,568000.0,,0.0,0.0,0.0
2025-08-06,444.0,450.0,452.0,458.0,438.0,442.0,-2.0,6230700.0,2762690600.0,1443.0,100.9,444.0,137400.0,442.0,5300.0,6082020000.0,6082020000.0,1216404000.0,551800.0,297800.0,,0.0,0.0,0.0
2025-08-07,442.0,440.0,442.0,446.0,434.0,438.0,-4.0,5376600.0,2363674400.0,946.0,100.0,438.0,1700.0,436.0,31200.0,6082020000.0,6082020000.0,1216404000.0,242700.0,342600.0,,0.0,0.0,0.0
2025-08-08,438.0,444.0,442.0,444.0,428.0,430.0,-8.0,4282600.0,1850239000.0,945.0,98.2,432.0,12700.0,430.0,74100.0,6082020000.0,6082020000.0,1216404000.0,222900.0,614200.0,,0.0,0.0,0.0
2025-08-11,430.0,432.0,434.0,436.0,420.0,432.0,2.0,3281300.0,1405105800.0,761.0,98.6,432.0,15800.0,428.0,108000.0,6082020000.0,6082020000.0,1216404000.0,146000.0,852400.0,,0.0,0.0,0.0
2025-08-12,432.0,434.0,434.0,444.0,426.0,428.0,-4.0,6607500.0,2851618200.0,1010.0,97.7,430.0,53000.0,428.0,18900.0,6082020000.0,6082020000.0,1216404000.0,247800.0,620000.0,,0.0,0.0,0.0
2025-08-13,428.0,428.0,428.0,436.0,426.0,430.0,2.0,3704400.0,1590399200.0,739.0,98.2,432.0,35100.0,430.0,9400.0,6082020000.0,6082020000.0,1216404000.0,571300.0,453700.0,,0.0,0.0,0.0
2025-08-14,430.0,430.0,430.0,434.0,426.0,430.0,0.0,3470700.0,1490671200.0,648.0,98.2,430.0,5000.0,428.0,80800.0,6082020000.0,6082020000.0,1216404000.0,107500.0,746900.0,,0.0,0.0,0.0
2025-08-15,430.0,430.0,430.0,432.0,418.0,420.0,-10.0,5439700.0,2294893400.0,1182.0,95.9,422.0,42500.0,420.0,1000.0,6082020000.0,6082020000.0,1216404000.0,979600.0,248400.0,,0.0,0.0,0.0
2025-08-19,420.0,418.0,416.0,432.0,408.0,422.0,2.0,5983500.0,2508615200.0,1012.0,96.3,422.0,13800.0,420.0,2200.0,6082020000.0,6082020000.0,1216404000.0,683900.0,1992900.0,,0.0,0.0,0.0
2025-08-20,422.0,426.0,422.0,426.0,412.0,418.0,-4.0,5007100.0,2092578400.0,1080.0,95.4,418.0,109500.0,416.0,3900.0,6082020000.0,6082020000.0,1216404000.0,1181600.0,1764300.0,,0.0,0.0,0.0
2025-08-21,418.0,418.0,418.0,436.0,416.0,420.0,2.0,5804000.0,2462851400.0,1038.0,95.9,420.0,8600.0,418.0,85600.0,6082020000.0,6082020000.0,1216404000.0,1476600.0,1224000.0,,0.0,0.0,0.0
2025-08-22,420.0,420.0,418.0,422.0,414.0,418.0,-2.0,3153500.0,1316017400.0,616.0,95.4,420.0,4800.0,416.0,145500.0,6082020000.0,6082020000.0,1216404000.0,614800.0,492800.0,,0.0,0.0,0.0
2025-08-25,418.0,420.0,420.0,432.0,414.0,416.0,-2.0,3784100.0,1588936400.0,780.0,95.0,420.0,70400.0,416.0,244100.0,6082020000.0,6082020000.0,1216404000.0,405700.0,753200.0,,0.0,0.0,0.0
2025-08-26,416.0,420.0,420.0,422.0,412.0,420.0,4.0,3502200.0,1461859400.0,757.0,95.9,420.0,38800.0,418.0,167100.0,6082020000.0,6082020000.0,1216404000.0,896200.0,644400.0,,0.0,0.0,0.0
2025-08-27,420.0,424.0,426.0,472.0,414.0,456.0,36.0,42700800.0,19244380800.0,5544.0,104.1,458.0,309900.0,454.0,176100.0,6082020000.0,6082020000.0,1216404000.0,10344300.0,7251200.0,,0.0,0.0,0.0
2025-08-28,456.0,458.0,460.0,460.0,440.0,440.0,-16.0,12709700.0,5684439600.0,2124.0,100.5,440.0,112800.0,438.0,263600.0,6082020000.0,6082020000.0,1216404000.0,2097900.0,1132200.0,,0.0,0.0,0.0
2025-08-29,440.0,440.0,438.0,440.0,420.0,426.0,-14.0,7800800.0,3335041800.0,1314.0,97.3,428.0,17000.0,424.0,58100.0,6082020000.0,6082020000.0,1216404000.0,1327700.0,1606800.0,,0.0,0.0,0.0
2025-09-01,426.0,420.0,420.0,424.0,398.0,416.0,-10.0,10184000.0,4218949400.0,1167.0,95.0,420.0,1200.0,416.0,50200.0,6082020000.0,6082020000.0,1216404000.0,4726300.0,3788300.0,,0.0,0.0,0.0
2025-09-02,416.0,420.0,422.0,428.0,418.0,422.0,6.0,3160100.0,1335264400.0,651.0,96.3,422.0,700.0,420.0,33400.0,6082020000.0,6082020000.0,1216404000.0,892200.0,955000.0,,0.0,0.0,0.0
2025-09-03,422.0,422.0,422.0,452.0,422.0,446.0,24.0,6827600.0,2989431600.0,1317.0,101.8,448.0,23800.0,446.0,116300.0,6082020000.0,6082020000.0,1216404000.0,792100.0,1746400.0,,0.0,0.0,0.0
2025-09-04,446.0,452.0,452.0,454.0,430.0,432.0,-14.0,4309700.0,1882147200.0,987.0,98.6,434.0,17800.0,432.0,81700.0,6082020000.0,6082020000.0,1216404000.0,1297300.0,639300.0,,0.0,0.0,0.0
2025-09-08,432.0,432.0,434.0,440.0,424.0,426.0,-6.0,4410700.0,1910939600.0,1051.0,97.3,428.0,5000.0,426.0,66700.0,6082020000.0,6082020000.0,1216404000.0,950500.0,610500.0,,0.0,0.0,0.0
2025-09-09,426.0,422.0,424.0,438.0,418.0,428.0,2.0,5385500.0,2296986800.0,814.0,97.7,430.0,5600.0,428.0,33400.0,6082020000.0,6082020000.0,1216404000.0,629600.0,2078900.0,,0.0,0.0,0.0
2025-09-10,428.0,430.0,434.0,438.0,428.0,432.0,4.0,2551400.0,1105034600.0,514.0,98.6,434.0,13900.0,432.0,62300.0,6082020000.0,6082020000.0,1216404000.0,174300.0,1291200.0,,0.0,0.0,0.0
2025-09-11,432.0,454.0,454.0,472.0,442.0,448.0,16.0,17283700.0,7853143800.0,2777.0,102.3,450.0,87200.0,448.0,315900.0,6082020000.0,6082020000.0,1216404000.0,4199800.0,2467600.0,,0.0,0.0,0.0
2025-09-12,448.0,458.0,458.0,525.0,452.0,498.0,50.0,127155100.0,62474301600.0,12725.0,113.7,498.0,1739400.0,496.0,434100.0,6082020000.0,6082020000.0,1216404000.0,15377600.0,16575900.0,,0.0,0.0,0.0
2025-09-15,498.0,500.0,498.0,500.0,474.0,488.0,-10.0,31080300.0,15134456600.0,3988.0,111.4,490.0,128800.0,488.0,562700.0,6082020000.0,6082020000.0,1216404000.0,5157200.0,4569800.0,,0.0,0.0,0.0
2025-09-16,488.0,492.0,492.0,494.0,466.0,472.0,-16.0,18474200.0,8793590200.0,2760.0,107.8,472.0,204400.0,470.0,266500.0,6082020000.0,6082020000.0,1216404000.0,2594600.0,1578400.0,,0.0,0.0,0.0
2025-09-17,472.0,472.0,472.0,480.0,454.0,456.0,-16.0,12085000.0,5597135400.0,2083.0,104.1,458.0,10200.0,456.0,317900.0,6082020000.0,6082020000.0,1216404000.0,1417600.0,1517100.0,,0.0,0.0,0.0
2025-09-18,456.0,456.0,458.0,466.0,448.0,454.0,-2.0,7734200.0,3523668000.0,1451.0,103.7,454.0,38200.0,452.0,42600.0,6082020000.0,6082020000.0,1216404000.0,1111800.0,416100.0,,0.0,0.0,0.0
2025-09-19,454.0,454.0,452.0,462.0,442.0,452.0,-2.0,6546000.0,2951833000.0,1232.0,103.2,452.0,114500.0,450.0,30700.0,6082020000.0,6082020000.0,1216404000.0,591700.0,912000.0,,0.0,0.0,0.0
2025-09-22,452.0,452.0,456.0,470.0,448.0,466.0,14.0,6935400.0,3166186200.0,1224.0,106.4,468.0,101700.0,466.0,300.0,6082020000.0,6082020000.0,1216404000.0,821600.0,683100.0,,0.0,0.0,0.0
2025-09-23,466.0,466.0,468.0,470.0,442.0,462.0,-4.0,7409300.0,3416346400.0,1037.0,105.5,464.0,25000.0,462.0,135500.0,6082020000.0,6082020000.0,1216404000.0,613200.0,1543800.0,,0.0,0.0,0.0
2025-09-24,462.0,462.0,462.0,468.0,452.0,456.0,-6.0,6652600.0,3044575400.0,1117.0,104.1,456.0,87100.0,454.0,36600.0,6082020000.0,6082020000.0,1216404000.0,1077000.0,479500.0,,0.0,0.0,0.0
2025-09-25,456.0,460.0,456.0,460.0,450.0,450.0,-6.0,3403600.0,1536632400.0,740.0,102.7,452.0,106600.0,450.0,74800.0,6082020000.0,6082020000.0,1216404000.0,632700.0,46500.0,,0.0,0.0,0.0
2025-09-26,450.0,452.0,450.0,454.0,440.0,450.0,0.0,4154300.0,1856944600.0,715.0,102.7,450.0,158000.0,448.0,192000.0,6082020000.0,6082020000.0,1216404000.0,573600.0,607300.0,,0.0,0.0,0.0
2025-09-29,450.0,448.0,450.0,454.0,448.0,448.0,-2.0,3907700.0,1756399400.0,637.0,102.3,448.0,50800.0,446.0,521300.0,6082020000.0,6082020000.0,1216404000.0,47400.0,596300.0,,0.0,0.0,0.0
2025-09-30,448.0,446.0,446.0,454.0,440.0,442.0,-6.0,8966900.0,3979332800.0,917.0,100.9,444.0,1700.0,442.0,39600.0,6082020000.0,6082020000.0,1216404000.0,959100.0,145000.0,,0.0,0.0,0.0
2025-10-01,442.0,442.0,442.0,444.0,438.0,438.0,-4.0,3695400.0,1626130400.0,533.0,100.0,440.0,12400.0,438.0,388800.0,6082020000.0,6082020000.0,631313676.0,245200.0,116700.0,,0.0,0.0,0.0
2025-10-02,438.0,440.0,438.0,448.0,436.0,442.0,4.0,11113600.0,4890748800.0,707.0,100.9,444.0,88500.0,442.0,52900.0,6082020000.0,6082020000.0,631313676.0,709600.0,2479900.0,,0.0,0.0,0.0
2025-10-03,442.0,440.0,442.0,460.0,438.0,452.0,10.0,8850200.0,3985039000.0,1149.0,103.2,454.0,955900.0,452.0,169400.0,6082020000.0,6082020000.0,631313676.0,1356300.0,589000.0,,0.0,0.0,0.0
2025-10-06,452.0,458.0,458.0,458.0,442.0,454.0,2.0,12896200.0,5817337200.0,1189.0,103.7,454.0,9500.0,452.0,11700.0,6082020000.0,6082020000.0,631313676.0,2533900.0,2189400.0,,0.0,0.0,0.0
2025-10-07,454.0,456.0,454.0,456.0,442.0,442.0,-12.0,7749700.0,3443858400.0,864.0,100.9,444.0,213500.0,442.0,112700.0,6082020000.0,6082020000.0,631313676.0,2051400.0,27600.0,,0.0,0.0,0.0
2025-10-08,442.0,442.0,444.0,444.0,420.0,430.0,-12.0,11002800.0,4731821200.0,1569.0,98.2,430.0,103100.0,426.0,160500.0,6082020000.0,6082020000.0,631313676.0,431000.0,708000.0,,0.0,0.0,0.0
2025-10-09,430.0,430.0,432.0,436.0,426.0,430.0,0.0,3043600.0,1310153600.0,638.0,98.2,430.0,137000.0,428.0,8100.0,6082020000.0,6082020000.0,631313676.0,111900.0,343000.0,,0.0,0.0,0.0
2025-10-10,430.0,430.0,430.0,440.0,428.0,430.0,0.0,2353200.0,1019482800.0,434.0,98.2,432.0,59400.0,430.0,400.0,6082020000.0,6082020000.0,631313676.0,286400.0,89200.0,,0.0,0.0,0.0
2025-10-13,430.0,428.0,428.0,432.0,420.0,432.0,2.0,2661100.0,1135646600.0,626.0,98.6,432.0,183900.0,430.0,24100.0,6082020000.0,6082020000.0,631313676.0,63700.0,65800.0,,0.0,0.0,0.0
2025-10-14,432.0,432.0,432.0,438.0,422.0,426.0,-6.0,3657800.0,1565804800.0,741.0,97.3,428.0,48800.0,426.0,200.0,6082020000.0,6082020000.0,631313676.0,226900.0,19400.0,,0.0,0.0,0.0
2025-10-15,426.0,426.0,426.0,430.0,418.0,420.0,-6.0,2159700.0,908753200.0,479.0,95.9,422.0,111400.0,420.0,162000.0,6082020000.0,6082020000.0,631313676.0,23400.0,47600.0,,0.0,0.0,0.0
2025-10-16,420.0,420.0,424.0,430.0,418.0,424.0,4.0,1512700.0,642794200.0,328.0,96.8,426.0,400.0,424.0,45700.0,6082020000.0,6082020000.0,631313676.0,109000.0,111100.0,,0.0,0.0,0.0
2025-10-17,424.0,424.0,424.0,428.0,410.0,426.0,2.0,3451300.0,1451865200.0,569.0,97.3,428.0,14600.0,426.0,286400.0,6082020000.0,6082020000.0,631313676.0,30300.0,104400.0,,0.0,0.0,0.0
2025-10-20,426.0,426.0,426.0,438.0,426.0,430.0,4.0,3493300.0,1511153800.0,854.0,98.2,432.0,15600.0,430.0,115100.0,6082020000.0,6082020000.0,631313676.0,159900.0,2382700.0,,0.0,0.0,0.0
2025-10-21,430.0,436.0,436.0,442.0,430.0,434.0,4.0,1808100.0,785738200.0,497.0,99.1,436.0,5700.0,434.0,12900.0,6082020000.0,6082020000.0,631313676.0,111400.0,18800.0,,0.0,0.0,0.0
2025-10-22,434.0,434.0,434.0,450.0,430.0,444.0,10.0,7789300.0,3442056400.0,1668.0,101.4,444.0,79700.0,442.0,6800.0,6082020000.0,6082020000.0,631313676.0,281900.0,2129500.0,,0.0,0.0,0.0
2025-10-23,444.0,444.0,446.0,458.0,442.0,446.0,2.0,12905700.0,5799143800.0,1842.0,101.8,448.0,5500.0,446.0,316700.0,6082020000.0,6082020000.0,631313676.0,1434300.0,4874000.0,,0.0,0.0,0.0
2025-10-24,446.0,450.0,450.0,450.0,436.0,438.0,-8.0,4777200.0,2110596000.0,848.0,100.0,438.0,1000.0,436.0,52300.0,6082020000.0,6082020000.0,631313676.0,349900.0,117500.0,,0.0,0.0,0.0
2025-10-27,438.0,440.0,438.0,440.0,422.0,430.0,-8.0,3663900.0,1576747000.0,734.0,98.2,430.0,33000.0,428.0,236000.0,6082020000.0,6082020000.0,631313676.0,922700.0,302200.0,,0.0,0.0,0.0
2025-10-28,430.0,430.0,432.0,436.0,428.0,432.0,2.0,1357800.0,586480000.0,341.0,98.6,432.0,54100.0,430.0,151800.0,6082020000.0,6082020000.0,631313676.0,115200.0,14100.0,,0.0,0.0,0.0
2025-10-29,432.0,432.0,432.0,432.0,424.0,428.0,-4.0,4114500.0,1763536800.0,614.0,97.7,428.0,54800.0,426.0,518700.0,6082020000.0,6082020000.0,631313676.0,87600.0,381600.0,,0.0,0.0,0.0
2025-10-30,428.0,428.0,428.0,438.0,418.0,420.0,-8.0,18876000.0,8032933400.0,2038.0,95.9,422.0,81700.0,420.0,28000.0,6082020000.0,6082020000.0,631313676.0,1136700.0,221800.0,,0.0,0.0,0.0
2025-10-31,420.0,420.0,420.0,434.0,404.0,406.0,-14.0,24359300.0,10108648200.0,2840.0,92.7,406.0,433800.0,404.0,376100.0,6082020000.0,6082020000.0,631313676.0,1943200.0,217300.0,,0.0,0.0,0.0
2025-11-04,402.0,404.0,404.0,408.0,402.0,402.0,0.0,3011500.0,1218906800.0,905.0,91.8,406.0,3900.0,402.0,207900.0,6082020000.0,6082020000.0,631313676.0,10700.0,19900.0,,0.0,0.0,0.0
2025-11-05,402.0,402.0,402.0,416.0,400.0,412.0,10.0,2803200.0,1141795400.0,852.0,94.1,412.0,8600.0,410.0,22200.0,6082020000.0,6082020000.0,631313676.0,650300.0,177300.0,,0.0,0.0,0.0
2025-11-06,412.0,416.0,416.0,422.0,414.0,416.0,4.0,3508000.0,1466468600.0,619.0,95.0,418.0,305700.0,416.0,800.0,6082020000.0,6082020000.0,631313676.0,166800.0,48200.0,,0.0,0.0,0.0
2025-11-07,416.0,416.0,416.0,418.0,410.0,416.0,0.0,2722900.0,1128416000.0,582.0,95.0,416.0,27900.0,414.0,52900.0,6082020000.0,6082020000.0,631313676.0,7900.0,164100.0,,0.0,0.0,0.0
2025-11-10,416.0,416.0,418.0,420.0,414.0,418.0,2.0,1863900.0,774970400.0,375.0,95.4,418.0,325200.0,416.0,51900.0,6082020000.0,6082020000.0,631313676.0,3100.0,574400.0,,0.0,0.0,0.0
2025-11-11,418.0,420.0,418.0,420.0,410.0,416.0,-2.0,1767900.0,731785800.0,480.0,95.0,418.0,112800.0,416.0,1200.0,6082020000.0,6082020000.0,631313676.0,56300.0,56600.0,,0.0,0.0,0.0
2025-11-12,416.0,418.0,418.0,418.0,412.0,414.0,-2.0,1291900.0,534989800.0,345.0,94.5,416.0,68300.0,414.0,51400.0,6082020000.0,6082020000.0,631313676.0,55600.0,56700.0,,0.0,0.0,0.0
2025-11-13,414.0,414.0,414.0,418.0,410.0,410.0,-4.0,1419900.0,585866200.0,371.0,93.6,412.0,75600.0,410.0,251600.0,6082020000.0,6082020000.0,631313676.0,33200.0,17100.0,,0.0,0.0,0.0
2025-11-14,410.0,410.0,412.0,416.0,410.0,412.0,2.0,1511400.0,623686200.0,294.0,94.1,414.0,80700.0,412.0,2000.0,6082020000.0,6082020000.0,631313676.0,240200.0,75100.0,,0.0,0.0,0.0
2025-11-17,412.0,412.0,414.0,414.0,406.0,408.0,-4.0,1762700.0,721298200.0,468.0,93.2,410.0,184300.0,408.0,9000.0,6082020000.0,6082020000.0,631313676.0,114000.0,35800.0,,0.0,0.0,0.0
2025-11-18,408.0,408.0,408.0,410.0,402.0,402.0,-6.0,3447800.0,1395091200.0,642.0,91.8,404.0,652200.0,402.0,731200.0,6082020000.0,6082020000.0,631313676.0,90000.0,123400.0,,0.0,0.0,0.0
2025-11-19,402.0,402.0,402.0,406.0,400.0,402.0,0.0,2615000.0,1052076600.0,529.0,91.8,404.0,102000.0,402.0,2000.0,6082020000.0,6082020000.0,631313676.0,831800.0,1400.0,,0.0,0.0,0.0
2025-11-20,402.0,402.0,402.0,406.0,400.0,402.0,0.0,2115200.0,851358600.0,330.0,91.8,404.0,108200.0,402.0,189100.0,6082020000.0,6082020000.0,631313676.0,9100.0,132900.0,,0.0,0.0,0.0
2025-11-21,402.0,406.0,406.0,418.0,404.0,412.0,10.0,2969200.0,1215623200.0,600.0,94.1,414.0,40700.0,410.0,16500.0,6082020000.0,6082020000.0,631313676.0,182600.0,12700.0,,0.0,0.0,0.0
2025-11-24,412.0,416.0,416.0,416.0,404.0,408.0,-4.0,1958700.0,797352600.0,495.0,93.2,410.0,15300.0,408.0,4400.0,6082020000.0,6082020000.0,631313676.0,196700.0,46900.0,,0.0,0.0,0.0
2025-11-25,408.0,408.0,408.0,410.0,404.0,408.0,0.0,1529300.0,623139800.0,460.0,93.2,408.0,25100.0,406.0,379900.0,6082020000.0,6082020000.0,631313676.0,35700.0,23400.0,,0.0,0.0,0.0
2025-11-26,408.0,406.0,408.0,408.0,402.0,404.0,-4.0,1930200.0,781119000.0,359.0,92.2,406.0,118100.0,404.0,108700.0,6082020000.0,6082020000.0,631313676.0,3100.0,6800.0,,0.0,0.0,0.0
2025-11-27,404.0,406.0,406.0,408.0,400.0,402.0,-2.0,3175200.0,1279511400.0,426.0,91.8,404.0,163800.0,402.0,689200.0,6082020000.0,6082020000.0,631313676.0,7300.0,3300.0,,0.0,0.0,0.0
2025-11-28,402.0,404.0,404.0,440.0,404.0,428.0,26.0,14151700.0,6005918400.0,1713.0,97.7,430.0,135200.0,428.0,293500.0,6082020000.0,6082020000.0,631313676.0,1118200.0,2520300.0,,0.0,0.0,0.0
2025-12-01,428.0,430.0,430.0,432.0,422.0,428.0,0.0,5185400.0,2211059400.0,861.0,97.7,428.0,89400.0,426.0,16000.0,6082020000.0,6082020000.0,631313676.0,1211700.0,501500.0,,0.0,0.0,0.0
2025-12-02,428.0,428.0,428.0,428.0,418.0,420.0,-8.0,1798500.0,758164600.0,442.0,95.9,420.0,20200.0,418.0,434300.0,6082020000.0,6082020000.0,631313676.0,78700.0,18600.0,,0.0,0.0,0.0
2025-12-03,420.0,420.0,420.0,426.0,416.0,416.0,-4.0,1916000.0,800772000.0,405.0,95.0,416.0,34400.0,414.0,421100.0,6082020000.0,6082020000.0,631313676.0,3600.0,32000.0,,0.0,0.0,0.0
2025-12-04,416.0,416.0,416.0,418.0,410.0,412.0,-4.0,2007400.0,830589200.0,395.0,94.1,414.0,81600.0,412.0,9000.0,6082020000.0,6082020000.0,631313676.0,6400.0,75200.0,,0.0,0.0,0.0
2025-12-05,412.0,412.0,410.0,416.0,404.0,406.0,-6.0,2884200.0,1173745400.0,654.0,92.7,408.0,3400.0,406.0,2200.0,6082020000.0,6082020000.0,631313676.0,130000.0,46900.0,,0.0,0.0,0.0
2025-12-08,406.0,406.0,412.0,416.0,406.0,416.0,10.0,2925800.0,1211746600.0,481.0,95.0,416.0,76000.0,414.0,545500.0,6082020000.0,6082020000.0,631313676.0,52900.0,6800.0,,0.0,0.0,0.0
2025-12-09,416.0,416.0,418.0,418.0,410.0,410.0,-6.0,1695900.0,698055600.0,296.0,93.6,414.0,88000.0,410.0,196200.0,6082020000.0,6082020000.0,631313676.0,193700.0,94100.0,,0.0,0.0,0.0
2025-12-10,410.0,412.0,412.0,412.0,408.0,410.0,0.0,1419500.0,581968800.0,276.0,93.6,412.0,41900.0,410.0,132700.0,6082020000.0,6082020000.0,631313676.0,0.0,26000.0,,0.0,0.0,0.0
2025-12-11,410.0,412.0,412.0,418.0,408.0,410.0,0.0,2149000.0,883527800.0,398.0,93.6,410.0,31400.0,408.0,500900.0,6082020000.0,6082020000.0,631313676.0,151600.0,128900.0,,0.0,0.0,0.0
2025-12-12,410.0,410.0,410.0,414.0,408.0,414.0,4.0,1794700.0,737992600.0,185.0,94.5,414.0,204200.0,412.0,121500.0,6082020000.0,6082020000.0,631313676.0,29800.0,4300.0,,0.0,0.0,0.0
2025-12-15,414.0,418.0,418.0,418.0,408.0,414.0,0.0,4235700.0,1748528000.0,546.0,94.5,414.0,52400.0,412.0,94500.0,6082020000.0,6082020000.0,631313676.0,490700.0,722100.0,,0.0,0.0,0.0
2025-12-16,414.0,416.0,416.0,416.0,408.0,412.0,-2.0,1299600.0,533524600.0,204.0,94.1,414.0,172300.0,412.0,24100.0,6082020000.0,6082020000.0,631313676.0,66900.0,29000.0,,0.0,0.0,0.0
2025-12-17,412.0,410.0,410.0,414.0,408.0,410.0,-2.0,1235300.0,505714600.0,397.0,93.6,412.0,117400.0,410.0,85100.0,6082020000.0,6082020000.0,631313676.0,657100.0,0.0,,0.0,0.0,0.0
2025-12-18,410.0,410.0,410.0,410.0,404.0,406.0,-4.0,1671300.0,679454200.0,495.0,92.7,406.0,18800.0,404.0,474500.0,6082020000.0,6082020000.0,631313676.0,819800.0,1900.0,,0.0,0.0,0.0
2025-12-19,406.0,404.0,404.0,406.0,372.0,372.0,-34.0,7485700.0,2857786000.0,764.0,84.9,402.0,48700.0,372.0,848400.0,6082020000.0,6082020000.0,631313676.0,5476900.0,307300.0,,0.0,0.0,0.0
2025-12-22,372.0,376.0,378.0,396.0,376.0,388.0,16.0,7036200.0,2708763600.0,1132.0,88.6,388.0,457900.0,386.0,2500.0,6082020000.0,6082020000.0,631313676.0,168600.0,1272100.0,,0.0,0.0,0.0
2025-12-23,388.0,388.0,388.0,392.0,380.0,384.0,-4.0,2930100.0,1129656600.0,537.0,87.7,386.0,35500.0,384.0,88800.0,6082020000.0,6082020000.0,631313676.0,482400.0,568100.0,,0.0,0.0,0.0
2025-12-24,384.0,386.0,386.0,392.0,382.0,384.0,0.0,3167800.0,1224839600.0,433.0,87.7,384.0,13700.0,382.0,72800.0,6082020000.0,6082020000.0,631313676.0,32500.0,104300.0,,0.0,0.0,0.0
2025-12-29,384.0,382.0,382.0,392.0,382.0,386.0,2.0,1928100.0,743067600.0,389.0,88.1,388.0,12500.0,386.0,19700.0,6082020000.0,6082020000.0,631313676.0,19900.0,291200.0,,0.0,0.0,0.0
2025-12-30,386.0,384.0,384.0,398.0,384.0,390.0,4.0,2426700.0,949158800.0,396.0,89.0,390.0,19000.0,388.0,82800.0,6082020000.0,6082020000.0,631313676.0,238300.0,271100.0,,0.0,0.0,0.0
2026-01-02,390.0,396.0,396.0,408.0,396.0,402.0,12.0,3815000.0,1530358000.0,670.0,91.8,404.0,21700.0,402.0,118400.0,6082020000.0,6082020000.0,631313676.0,194500.0,714600.0,,0.0,0.0,0.0
2026-01-05,402.0,410.0,412.0,414.0,396.0,408.0,6.0,4016300.0,1618077600.0,688.0,93.2,408.0,62400.0,402.0,107000.0,6082020000.0,6082020000.0,631313676.0,715100.0,196500.0,,0.0,0.0,0.0
2026-01-06,408.0,410.0,410.0,444.0,410.0,442.0,34.0,40059500.0,17365065400.0,3572.0,100.9,444.0,329500.0,442.0,605300.0,6082020000.0,6082020000.0,631313676.0,1263800.0,3738500.0,,0.0,0.0,0.0
2026-01-07,442.0,490.0,488.0,490.0,444.0,452.0,10.0,69382600.0,32458332600.0,8820.0,103.2,452.0,456500.0,450.0,264000.0,6082020000.0,6082020000.0,631313676.0,8173500.0,4194300.0,,0.0,0.0,0.0
2026-01-08,452.0,450.0,448.0,470.0,432.0,432.0,-20.0,15750000.0,7002003400.0,2988.0,98.6,434.0,169600.0,432.0,155800.0,6082020000.0,6082020000.0,631313676.0,1229400.0,1144700.0,,0.0,0.0,0.0
2026-01-09,432.0,434.0,438.0,446.0,422.0,446.0,14.0,8315300.0,3637130800.0,1503.0,101.8,448.0,97300.0,446.0,176700.0,6082020000.0,6082020000.0,631313676.0,469100.0,1781500.0,,0.0,0.0,0.0
2026-01-12,446.0,452.0,454.0,480.0,448.0,462.0,16.0,33356700.0,15368575400.0,4004.0,105.5,462.0,75500.0,460.0,55200.0,6082020000.0,6082020000.0,631313676.0,2080700.0,2995400.0,,0.0,0.0,0.0
2026-01-13,462.0,462.0,462.0,515.0,462.0,478.0,16.0,64769200.0,31412608200.0,7920.0,109.1,480.0,241400.0,478.0,6000.0,6082020000.0,6082020000.0,631313676.0,3537600.0,4336700.0,,0.0,0.0,0.0
2026-01-14,478.0,486.0,486.0,496.0,468.0,472.0,-6.0,20117300.0,9682320600.0,2730.0,107.8,474.0,21900.0,472.0,439100.0,6082020000.0,6082020000.0,631313676.0,2888400.0,549100.0,,0.0,0.0,0.0
2026-01-15,472.0,500.0,498.0,520.0,476.0,480.0,8.0,38149100.0,18951487700.0,4016.0,109.6,482.0,38000.0,480.0,2185500.0,6082020000.0,6082020000.0,631313676.0,2858600.0,6866200.0,,0.0,0.0,0.0
2026-01-19,480.0,480.0,480.0,480.0,434.0,448.0,-32.0,23628400.0,10590170000.0,3397.0,102.3,448.0,22900.0,446.0,349200.0,6082020000.0,6082020000.0,631313676.0,4356000.0,2290400.0,,0.0,0.0,0.0
2026-01-20,448.0,450.0,452.0,452.0,436.0,446.0,-2.0,6682900.0,2966232200.0,1108.0,101.8,446.0,96000.0,444.0,20300.0,6082020000.0,6082020000.0,631313676.0,952500.0,514800.0,,0.0,0.0,0.0
2026-01-21,446.0,446.0,446.0,446.0,428.0,432.0,-14.0,8068900.0,3495776200.0,1241.0,98.6,434.0,415500.0,432.0,57000.0,6082020000.0,6082020000.0,631313676.0,1083300.0,1602500.0,,0.0,0.0,0.0
2026-01-22,432.0,434.0,436.0,436.0,422.0,428.0,-4.0,3954000.0,1692682400.0,671.0,97.7,430.0,11200.0,428.0,180000.0,6082020000.0,6082020000.0,631313676.0,387800.0,651100.0,,1500000.0,699000000.0,1.0
2026-01-23,428.0,430.0,434.0,442.0,410.0,438.0,10.0,7492200.0,3207852800.0,1331.0,100.0,440.0,13900.0,438.0,405100.0,6082020000.0,6082020000.0,631313676.0,1283000.0,809100.0,,0.0,0.0,0.0
2026-01-26,438.0,448.0,448.0,454.0,428.0,434.0,-4.0,9743600.0,4288601400.0,1466.0,99.1,438.0,4900.0,434.0,38600.0,6082020000.0,6082020000.0,631313676.0,1116800.0,721700.0,,0.0,0.0,0.0
2026-01-27,434.0,434.0,434.0,448.0,422.0,430.0,-4.0,3986100.0,1706046400.0,633.0,98.2,430.0,68400.0,428.0,4500.0,6082020000.0,6082020000.0,631313676.0,799800.0,156200.0,,0.0,0.0,0.0
2026-01-28,430.0,410.0,410.0,420.0,386.0,402.0,-28.0,14534800.0,5826959600.0,1615.0,91.8,404.0,35700.0,402.0,226300.0,6082020000.0,6082020000.0,631313676.0,2294200.0,2439100.0,,0.0,0.0,0.0
2026-01-29,402.0,380.0,398.0,404.0,342.0,398.0,-4.0,11466300.0,4191022200.0,1149.0,90.9,398.0,56500.0,396.0,14100.0,6082020000.0,6082020000.0,631313676.0,1345800.0,2938900.0,,0.0,0.0,0.0
2026-01-30,398.0,398.0,396.0,410.0,388.0,392.0,-6.0,3415200.0,1358572800.0,561.0,89.5,392.0,290100.0,390.0,370300.0,6082020000.0,6082020000.0,631313676.0,764800.0,477700.0,,0.0,0.0,0.0
2026-02-02,392.0,390.0,388.0,390.0,334.0,342.0,-50.0,7745900.0,2705729000.0,1120.0,78.1,344.0,90000.0,342.0,588200.0,6082020000.0,6082020000.0,631313676.0,1536900.0,2028500.0,,0.0,0.0,0.0
2026-02-03,342.0,342.0,342.0,370.0,332.0,370.0,28.0,3168700.0,1124778000.0,522.0,84.5,370.0,528000.0,364.0,35500.0,6082020000.0,6082020000.0,631313676.0,677700.0,1307500.0,,0.0,0.0,0.0
2026-02-04,370.0,370.0,370.0,382.0,362.0,372.0,2.0,2055000.0,765658800.0,434.0,84.9,374.0,12000.0,372.0,28400.0,6082020000.0,6082020000.0,631313676.0,130900.0,61200.0,,0.0,0.0,0.0
2026-02-05,372.0,374.0,374.0,376.0,364.0,368.0,-4.0,1002100.0,369983400.0,326.0,84.0,368.0,25000.0,366.0,35300.0,6082020000.0,6082020000.0,631313676.0,100800.0,81200.0,,0.0,0.0,0.0
2026-02-06,368.0,366.0,364.0,366.0,338.0,352.0,-16.0,1450000.0,513789600.0,373.0,80.4,354.0,39500.0,352.0,93400.0,6082020000.0,6082020000.0,631313676.0,215900.0,117600.0,,0.0,0.0,0.0
2026-02-09,352.0,342.0,344.0,362.0,342.0,356.0,4.0,1042700.0,368926200.0,344.0,81.3,358.0,49400.0,354.0,64700.0,6082020000.0,6082020000.0,631313676.0,79200.0,356500.0,,0.0,0.0,0.0
2026-02-10,356.0,356.0,360.0,366.0,356.0,358.0,2.0,2098000.0,753677000.0,427.0,81.7,360.0,50100.0,358.0,61300.0,6082020000.0,6082020000.0,631313676.0,62300.0,179500.0,,0.0,0.0,0.0
2026-02-11,358.0,358.0,358.0,374.0,358.0,374.0,16.0,1946400.0,719113200.0,406.0,85.4,374.0,95100.0,372.0,30000.0,6082020000.0,6082020000.0,631313676.0,142800.0,182000.0,,0.0,0.0,0.0
2026-02-12,374.0,378.0,378.0,390.0,370.0,372.0,-2.0,4144200.0,1563299600.0,593.0,84.9,376.0,23900.0,372.0,1800.0,6082020000.0,6082020000.0,631313676.0,207100.0,218500.0,,0.0,0.0,0.0
2026-02-13,372.0,374.0,372.0,374.0,364.0,368.0,-4.0,1439800.0,530049600.0,353.0,84.0,368.0,4100.0,366.0,500.0,6082020000.0,6082020000.0,631313676.0,46400.0,140700.0,,0.0,0.0,0.0
2026-02-18,368.0,370.0,372.0,372.0,366.0,368.0,0.0,1884100.0,692524800.0,456.0,84.0,368.0,9800.0,366.0,242300.0,6082020000.0,6082020000.0,631313676.0,24600.0,111300.0,,0.0,0.0,0.0
2026-02-19,368.0,380.0,378.0,384.0,372.0,380.0,12.0,5871200.0,2219850800.0,705.0,86.8,380.0,11100.0,378.0,22300.0,6082020000.0,6082020000.0,631313676.0,383400.0,547800.0,,160000.0,58240000.0,1.0
2026-02-20,380.0,382.0,382.0,386.0,376.0,380.0,0.0,1868000.0,709733400.0,301.0,86.8,382.0,198500.0,380.0,30200.0,6082020000.0,6082020000.0,631313676.0,35400.0,36400.0,,0.0,0.0,0.0
2026-02-23,380.0,382.0,382.0,388.0,376.0,382.0,2.0,2204600.0,839145000.0,436.0,87.2,382.0,5800.0,380.0,1500.0,6082020000.0,6082020000.0,631313676.0,53600.0,133100.0,,0.0,0.0,0.0
2026-02-24,382.0,384.0,384.0,384.0,372.0,372.0,-10.0,1579900.0,597435400.0,340.0,84.9,374.0,59500.0,372.0,121400.0,6082020000.0,6082020000.0,631313676.0,169100.0,151200.0,,0.0,0.0,0.0
2026-02-25,372.0,380.0,382.0,382.0,370.0,372.0,0.0,1638800.0,613747000.0,293.0,84.9,374.0,200.0,372.0,4800.0,6082020000.0,6082020000.0,631313676.0,131300.0,209600.0,,0.0,0.0,0.0
2026-02-26,372.0,374.0,374.0,380.0,362.0,366.0,-6.0,1560800.0,575039800.0,312.0,83.6,366.0,117200.0,364.0,19200.0,6082020000.0,6082020000.0,631313676.0,208300.0,133500.0,,0.0,0.0,0.0
2026-02-27,366.0,362.0,360.0,370.0,356.0,368.0,2.0,1196000.0,433764000.0,257.0,84.0,368.0,13300.0,364.0,4800.0,6082020000.0,6082020000.0,631313676.0,64800.0,207200.0,,0.0,0.0,0.0
2026-03-02,368.0,362.0,360.0,362.0,340.0,348.0,-20.0,4295400.0,1515590800.0,556.0,79.5,348.0,191800.0,346.0,16600.0,6082020000.0,6082020000.0,631313676.0,371700.0,625500.0,,0.0,0.0,0.0
2026-03-03,348.0,336.0,336.0,354.0,336.0,340.0,-8.0,1731600.0,594336200.0,413.0,77.6,344.0,100.0,340.0,10500.0,6082020000.0,6082020000.0,631313676.0,308100.0,253800.0,,0.0,0.0,0.0
2026-03-04,340.0,336.0,338.0,338.0,312.0,316.0,-24.0,5225500.0,1682208600.0,577.0,72.1,316.0,1066300.0,314.0,101200.0,6082020000.0,6082020000.0,631313676.0,208000.0,934100.0,,0.0,0.0,0.0
2026-03-05,316.0,316.0,316.0,344.0,316.0,326.0,10.0,968700.0,316011800.0,287.0,74.4,326.0,300.0,324.0,200.0,6082020000.0,6082020000.0,631313676.0,207600.0,124300.0,,0.0,0.0,0.0
2026-03-06,326.0,326.0,324.0,326.0,310.0,318.0,-8.0,837000.0,263027800.0,240.0,72.6,318.0,89900.0,316.0,600.0,6082020000.0,6082020000.0,631313676.0,26100.0,79200.0,,0.0,0.0,0.0
2026-03-09,318.0,308.0,306.0,308.0,272.0,284.0,-34.0,3658500.0,1037833600.0,503.0,64.8,284.0,54700.0,282.0,6600.0,6082020000.0,6082020000.0,631313676.0,299800.0,1020500.0,,0.0,0.0,0.0
2026-03-10,284.0,298.0,286.0,320.0,284.0,316.0,32.0,2449800.0,721369600.0,313.0,72.1,316.0,30500.0,304.0,500.0,6082020000.0,6082020000.0,631313676.0,495300.0,661900.0,,0.0,0.0,0.0
2026-03-11,316.0,0.0,0.0,322.0,300.0,304.0,-12.0,1144800.0,355501600.0,292.0,69.4,304.0,4300.0,302.0,31200.0,6082020000.0,6082020000.0,631313676.0,662600.0,102200.0,,0.0,0.0,0.0
2026-03-12,304.0,0.0,0.0,308.0,292.0,294.0,-10.0,529600.0,156720400.0,153.0,67.1,294.0,648200.0,292.0,33100.0,6082020000.0,6082020000.0,631313676.0,225400.0,128600.0,,0.0,0.0,0.0
2026-03-13,294.0,0.0,0.0,300.0,280.0,300.0,6.0,1328300.0,383487200.0,206.0,68.5,302.0,100.0,300.0,100.0,6082020000.0,6082020000.0,631313676.0,79400.0,373200.0,,0.0,0.0,0.0
2026-03-16,300.0,314.0,312.0,314.0,272.0,286.0,-14.0,1395400.0,394726000.0,367.0,65.3,286.0,27600.0,284.0,1000.0,6082020000.0,6082020000.0,631313676.0,753500.0,155100.0,,0.0,0.0,0.0
2026-03-17,286.0,284.0,284.0,308.0,278.0,286.0,0.0,1356900.0,399313600.0,299.0,65.3,298.0,17600.0,286.0,5400.0,6082020000.0,6082020000.0,631313676.0,480700.0,14500.0,,0.0,0.0,0.0
2026-03-25,286.0,286.0,286.0,312.0,286.0,304.0,18.0,1213100.0,361843200.0,291.0,69.4,304.0,4300.0,302.0,600.0,6082020000.0,6082020000.0,631313676.0,222800.0,5800.0,,0.0,0.0,0.0
2026-03-26,304.0,302.0,302.0,310.0,284.0,290.0,-14.0,1158900.0,341294200.0,359.0,66.2,294.0,2500.0,290.0,94300.0,6082020000.0,6082020000.0,631313676.0,549400.0,102800.0,,0.0,0.0,0.0
2026-03-27,290.0,280.0,278.0,280.0,262.0,276.0,-14.0,4639800.0,1259470200.0,690.0,63.0,278.0,34700.0,276.0,26000.0,6082020000.0,6082020000.0,631313676.0,582400.0,178400.0,,0.0,0.0,0.0
2026-03-30,276.0,276.0,276.0,276.0,260.0,268.0,-8.0,1681700.0,448960400.0,360.0,61.2,268.0,46900.0,266.0,297800.0,6082020000.0,6082020000.0,631313676.0,454800.0,267400.0,,0.0,0.0,0.0
2026-03-31,268.0,268.0,276.0,284.0,262.0,264.0,-4.0,1508800.0,410183600.0,239.0,60.3,264.0,2700.0,262.0,146200.0,6082020000.0,6082020000.0,631313676.0,748400.0,45200.0,,0.0,0.0,0.0
2026-04-01,264.0,264.0,266.0,290.0,264.0,280.0,16.0,1828600.0,506924200.0,282.0,63.9,282.0,1000.0,280.0,4300.0,6082020000.0,6082020000.0,631313676.0,509300.0,1192400.0,,0.0,0.0,0.0
2026-04-02,280.0,284.0,284.0,284.0,268.0,270.0,-10.0,472000.0,128682400.0,183.0,61.6,272.0,48600.0,270.0,51000.0,6082020000.0,6082020000.0,631313676.0,137400.0,22300.0,,0.0,0.0,0.0
2026-04-06,270.0,270.0,268.0,274.0,266.0,270.0,0.0,843100.0,226014800.0,116.0,61.6,270.0,18600.0,268.0,108200.0,6082020000.0,6082020000.0,631313676.0,143600.0,16600.0,,0.0,0.0,0.0
2026-04-07,270.0,0.0,0.0,276.0,268.0,268.0,-2.0,341000.0,92220800.0,75.0,61.2,270.0,200.0,268.0,9300.0,6082020000.0,6082020000.0,631313676.0,2900.0,36000.0,,0.0,0.0,0.0
2026-04-08,268.0,270.0,270.0,276.0,266.0,276.0,8.0,1499800.0,406504600.0,211.0,63.0,276.0,89200.0,272.0,24300.0,6082020000.0,6082020000.0,631313676.0,5300.0,240400.0,,5830000.0,1340900000.0,1.0
2026-04-09,276.0,284.0,278.0,284.0,268.0,270.0,-6.0,878000.0,238077600.0,161.0,61.6,272.0,18100.0,270.0,15200.0,6082020000.0,6082020000.0,631313676.0,1500.0,4400.0,,0.0,0.0,0.0
2026-04-10,270.0,272.0,272.0,296.0,270.0,290.0,20.0,1868900.0,525729800.0,363.0,66.2,290.0,2000.0,288.0,127100.0,6082020000.0,6082020000.0,631313676.0,39400.0,684200.0,,0.0,0.0,0.0
2026-04-13,290.0,292.0,292.0,296.0,282.0,296.0,6.0,1072000.0,311519600.0,318.0,67.6,298.0,33500.0,296.0,349300.0,6082020000.0,6082020000.0,631313676.0,105200.0,31500.0,,0.0,0.0,0.0
2026-04-14,296.0,298.0,300.0,312.0,292.0,310.0,14.0,2262900.0,680705000.0,424.0,70.8,310.0,13700.0,308.0,31400.0,6082020000.0,6082020000.0,631313676.0,8600.0,229400.0,,0.0,0.0,0.0
2026-04-15,310.0,312.0,314.0,326.0,312.0,318.0,8.0,1662700.0,534636400.0,408.0,72.6,320.0,25600.0,318.0,76200.0,6082020000.0,6082020000.0,631313676.0,330900.0,7500.0,,0.0,0.0,0.0
2026-04-16,318.0,320.0,324.0,328.0,314.0,326.0,8.0,1507400.0,486615200.0,313.0,74.4,326.0,16600.0,322.0,62100.0,6082020000.0,6082020000.0,631313676.0,153000.0,134700.0,,0.0,0.0,0.0
2026-04-17,326.0,328.0,328.0,340.0,328.0,330.0,4.0,2591500.0,865995600.0,366.0,75.3,338.0,51400.0,330.0,180800.0,6082020000.0,6082020000.0,631313676.0,75800.0,27600.0,,0.0,0.0,0.0
2026-04-20,330.0,330.0,328.0,344.0,326.0,342.0,12.0,3432300.0,1165232400.0,322.0,78.1,342.0,619300.0,340.0,1227400.0,6082020000.0,6082020000.0,631313676.0,557300.0,12200.0,,0.0,0.0,0.0
2026-04-21,342.0,338.0,338.0,338.0,326.0,332.0,-10.0,758000.0,250524600.0,260.0,75.8,332.0,27100.0,330.0,28400.0,6082020000.0,6082020000.0,631313676.0,2000.0,3000.0,,0.0,0.0,0.0
2026-04-22,332.0,332.0,332.0,338.0,326.0,330.0,-2.0,1089100.0,359154000.0,218.0,75.3,332.0,24600.0,330.0,2200.0,6082020000.0,6082020000.0,631313676.0,2500.0,214800.0,,0.0,0.0,0.0
2026-04-23,330.0,330.0,330.0,338.0,318.0,320.0,-10.0,923200.0,297328000.0,233.0,73.1,322.0,19800.0,320.0,22200.0,6082020000.0,6082020000.0,631313676.0,271300.0,257600.0,,0.0,0.0,0.0
2026-04-24,320.0,320.0,326.0,326.0,302.0,314.0,-6.0,1200700.0,374358800.0,226.0,71.7,314.0,2300.0,310.0,26800.0,6082020000.0,6082020000.0,631313676.0,62900.0,335900.0,,0.0,0.0,0.0
2026-04-27,314.0,316.0,318.0,320.0,312.0,314.0,0.0,588300.0,186112600.0,122.0,71.7,314.0,4700.0,312.0,16400.0,6082020000.0,6082020000.0,631313676.0,108000.0,4600.0,,0.0,0.0,0.0
2026-04-28,314.0,314.0,316.0,318.0,308.0,314.0,0.0,332500.0,104306200.0,140.0,71.7,316.0,12100.0,314.0,36200.0,6082020000.0,6082020000.0,631313676.0,1200.0,0.0,,0.0,0.0,0.0
2026-04-29,314.0,316.0,316.0,320.0,314.0,320.0,6.0,306800.0,97443600.0,121.0,73.1,322.0,47100.0,320.0,19500.0,6082020000.0,6082020000.0,631313676.0,1800.0,0.0,,0.0,0.0,0.0
2026-04-30,320.0,0.0,0.0,326.0,304.0,318.0,-2.0,1404800.0,441818000.0,212.0,72.6,318.0,100000.0,314.0,200.0,6082020000.0,6082020000.0,631313676.0,40400.0,337100.0,,0.0,0.0,0.0
2026-05-04,318.0,318.0,320.0,336.0,308.0,318.0,0.0,1153600.0,369476600.0,221.0,72.6,320.0,3600.0,318.0,22400.0,6082020000.0,6082020000.0,631313676.0,146800.0,156700.0,,0.0,0.0,0.0
2026-05-05,318.0,318.0,318.0,328.0,314.0,320.0,2.0,849700.0,272875200.0,256.0,73.1,322.0,10500.0,320.0,50000.0,6082020000.0,6082020000.0,631313676.0,75100.0,82300.0,,0.0,0.0,0.0
2026-05-06,320.0,320.0,320.0,330.0,318.0,320.0,0.0,528400.0,171031000.0,166.0,73.1,324.0,14100.0,320.0,20100.0,6082020000.0,6082020000.0,631313676.0,0.0,39500.0,,0.0,0.0,0.0
2026-05-07,320.0,324.0,324.0,326.0,316.0,316.0,-4.0,195600.0,62482400.0,132.0,72.1,318.0,700.0,316.0,28200.0,6082020000.0,6082020000.0,631313676.0,0.0,8000.0,,0.0,0.0,0.0
2026-05-08,316.0,318.0,318.0,322.0,286.0,306.0,-10.0,607000.0,187046600.0,362.0,69.9,306.0,79600.0,304.0,100.0,6082020000.0,6082020000.0,631313676.0,1600.0,44100.0,,0.0,0.0,0.0
