date,previous,open_price,first_trade,high,low,close,change,volume,value,frequency,index_individual,offer,offer_volume,bid,bid_volume,listed_shares,tradeble_shares,weight_for_index,foreign_sell,foreign_buy,delisting_date,non_regular_volume,non_regular_value,non_regular_frequency
2019-07-29,715.0,0.0,0.0,720.0,705.0,710.0,-5.0,21500.0,15356500.0,24.0,1404.7,715.0,37500.0,700.0,6000.0,11307246524.0,11307246524.0,11307246524.0,0.0,0.0,,24685999.0,16184382271.0,46.0
2019-07-30,710.0,0.0,0.0,800.0,700.0,760.0,50.0,537300.0,404307000.0,189.0,1503.6,775.0,1500.0,755.0,100000.0,11307246524.0,11307246524.0,11307246524.0,0.0,0.0,,30357130.0,19626788024.0,29.0
2019-07-31,760.0,0.0,0.0,765.0,725.0,765.0,5.0,124100.0,93615000.0,26.0,1513.5,765.0,25100.0,750.0,16800.0,11307246524.0,11307246524.0,11307246524.0,0.0,0.0,,22451437.0,15263311350.0,25.0
2019-08-01,765.0,0.0,0.0,0.0,0.0,765.0,0.0,0.0,0.0,0.0,1513.5,755.0,10300.0,730.0,500.0,11307246524.0,11307246524.0,11307246524.0,0.0,0.0,,34563068.0,23665210148.0,20.0
2019-08-02,765.0,0.0,0.0,830.0,725.0,795.0,30.0,882500.0,704975500.0,348.0,1572.9,795.0,400.0,790.0,25600.0,11307246524.0,11307246524.0,11307246524.0,1000.0,1000.0,,25665565.0,19056598719.0,25.0
2019-08-05,795.0,0.0,0.0,800.0,745.0,745.0,-50.0,79200.0,59911000.0,28.0,1473.9,740.0,1000.0,725.0,1800.0,11307246524.0,11307246524.0,11307246524.0,0.0,0.0,,7394843.0,5212581379.0,15.0
2019-08-06,745.0,0.0,0.0,745.0,670.0,725.0,-20.0,195800.0,137982500.0,124.0,1434.4,725.0,600.0,710.0,1100.0,11307246524.0,11307246524.0,11307246524.0,0.0,0.0,,17880095.0,12196540969.0,29.0
2019-08-07,725.0,0.0,0.0,725.0,700.0,725.0,0.0,25900.0,18650000.0,14.0,1434.4,725.0,1300.0,715.0,1200.0,11307246524.0,11307246524.0,11307246524.0,0.0,0.0,,19038245.0,13546253885.0,17.0
2019-08-08,725.0,0.0,0.0,730.0,705.0,725.0,0.0,9300.0,6745000.0,10.0,1434.4,730.0,14900.0,725.0,300.0,11307246524.0,11307246524.0,11307246524.0,0.0,0.0,,30872396.0,20062422019.0,21.0
2019-08-09,725.0,0.0,0.0,805.0,695.0,765.0,40.0,739900.0,565806000.0,325.0,1513.5,765.0,400.0,760.0,110000.0,11307246524.0,11307246524.0,11307246524.0,0.0,0.0,,28370519.0,17182857652.0,16.0
2019-08-12,765.0,0.0,0.0,770.0,720.0,720.0,-45.0,100000.0,72525500.0,45.0,1424.5,725.0,2000.0,720.0,200.0,11307246524.0,11307246524.0,11307246524.0,0.0,1100.0,,27407169.0,18852954565.0,23.0
2019-08-13,720.0,0.0,0.0,725.0,715.0,720.0,0.0,16700.0,12022500.0,11.0,1424.5,720.0,4100.0,715.0,500.0,11307246524.0,11307246524.0,11307246524.0,0.0,0.0,,58274667.0,40430656231.0,33.0
2019-08-14,720.0,0.0,0.0,720.0,710.0,715.0,-5.0,4100.0,2934500.0,7.0,1414.6,715.0,4600.0,710.0,2100.0,11307246524.0,11307246524.0,11307246524.0,0.0,0.0,,37396407.0,25863618362.0,25.0
2019-08-15,715.0,0.0,0.0,760.0,690.0,690.0,-25.0,46300.0,32997500.0,21.0,1365.1,700.0,200.0,690.0,17400.0,11307246524.0,11307246524.0,11307246524.0,0.0,0.0,,36016050.0,21259831166.0,29.0
2019-08-16,690.0,0.0,0.0,695.0,650.0,690.0,0.0,72300.0,49294000.0,30.0,1365.1,695.0,9900.0,680.0,100.0,11307246524.0,11307246524.0,11307246524.0,200.0,0.0,,15227372.0,9556785779.0,21.0
2019-08-19,690.0,0.0,0.0,700.0,655.0,700.0,10.0,605300.0,422847500.0,142.0,1384.9,700.0,14000.0,695.0,50000.0,11307246524.0,11307246524.0,11307246524.0,700.0,0.0,,2934144.0,2027945411.0,12.0
2019-08-20,700.0,0.0,0.0,700.0,660.0,685.0,-15.0,74500.0,49955500.0,47.0,1355.2,690.0,10000.0,685.0,6600.0,11307246524.0,11307246524.0,11307246524.0,0.0,0.0,,21752012.0,14317120525.0,22.0
2019-08-21,685.0,0.0,0.0,690.0,675.0,690.0,5.0,209600.0,143023500.0,61.0,1365.1,690.0,20500.0,685.0,10100.0,11307246524.0,11307246524.0,11307246524.0,200.0,0.0,,15822089.0,10258953192.0,26.0
2019-08-22,690.0,0.0,0.0,720.0,665.0,680.0,-10.0,1091500.0,754095000.0,300.0,1345.3,680.0,35300.0,675.0,22300.0,11307246524.0,11307246524.0,11307246524.0,3200.0,3200.0,,15095860.0,10013494890.0,16.0
2019-08-23,680.0,0.0,0.0,690.0,660.0,690.0,10.0,292900.0,200645000.0,48.0,1365.1,690.0,5700.0,670.0,15900.0,11307246524.0,11307246524.0,11307246524.0,0.0,231100.0,,101607393.0,63765518836.0,30.0
2019-08-26,690.0,0.0,0.0,690.0,660.0,665.0,-25.0,3303800.0,2261566500.0,17.0,1315.7,685.0,500.0,665.0,7900.0,11307246524.0,11307246524.0,11307246524.0,0.0,0.0,,46849980.0,30216547700.0,43.0
2019-08-27,665.0,0.0,0.0,670.0,640.0,655.0,-10.0,147700.0,96537000.0,54.0,1295.9,655.0,26100.0,650.0,50500.0,11307246524.0,11307246524.0,11307246524.0,0.0,0.0,,25484683.0,16465072541.0,27.0
2019-08-28,655.0,0.0,0.0,645.0,620.0,635.0,-20.0,621300.0,394534000.0,73.0,1256.3,635.0,300.0,630.0,111700.0,11307246524.0,11307246524.0,11307246524.0,0.0,0.0,,22208184.0,14035203007.0,28.0
2019-08-29,635.0,0.0,0.0,635.0,630.0,630.0,-5.0,63800.0,40194500.0,14.0,1246.4,630.0,158700.0,625.0,2400.0,11307246524.0,11307246524.0,11307246524.0,0.0,0.0,,38713636.0,23441867958.0,29.0
2019-08-30,630.0,0.0,0.0,630.0,615.0,630.0,0.0,6000.0,3702500.0,7.0,1246.4,630.0,9500.0,615.0,300.0,11307246524.0,11307246524.0,11307246524.0,0.0,0.0,,9426833.0,5744064607.0,14.0
2019-09-02,630.0,0.0,0.0,620.0,615.0,615.0,-15.0,10400.0,6446000.0,4.0,1216.7,620.0,12000.0,605.0,2900.0,11307246524.0,11307246524.0,11307246524.0,0.0,0.0,,32755853.0,19264390543.0,27.0
2019-09-03,615.0,0.0,0.0,600.0,580.0,580.0,-35.0,226800.0,134246500.0,52.0,1147.5,580.0,27500.0,575.0,8000.0,11307246524.0,11307246524.0,11307246524.0,0.0,0.0,,28325374.0,17485277530.0,9.0
2019-09-04,580.0,0.0,0.0,600.0,580.0,585.0,5.0,772500.0,455402000.0,248.0,1157.4,595.0,102000.0,585.0,52400.0,11307246524.0,11307246524.0,11307246524.0,0.0,0.0,,23113582.0,14321057748.0,19.0
2019-09-05,585.0,0.0,0.0,610.0,585.0,585.0,0.0,138600.0,81316000.0,21.0,1157.4,585.0,48400.0,580.0,101600.0,11307246524.0,11307246524.0,11307246524.0,0.0,0.0,,29670992.0,17936268101.0,26.0
2019-09-06,585.0,0.0,0.0,590.0,580.0,585.0,0.0,357300.0,209406000.0,40.0,1157.4,585.0,31500.0,580.0,94600.0,11307246524.0,11307246524.0,11307246524.0,0.0,0.0,,27199471.0,16394712158.0,27.0
2019-09-09,585.0,0.0,0.0,585.0,530.0,575.0,-10.0,146800.0,81230500.0,55.0,1137.6,580.0,8300.0,575.0,2500.0,11307246524.0,11307246524.0,11307246524.0,0.0,0.0,,41180482.0,24524676842.0,20.0
2019-09-10,575.0,0.0,0.0,605.0,575.0,605.0,30.0,2017300.0,1197171000.0,182.0,1197.0,605.0,101600.0,600.0,233900.0,11307246524.0,11307246524.0,11307246524.0,0.0,0.0,,33993734.0,19362069043.0,41.0
2019-09-11,605.0,0.0,0.0,620.0,590.0,615.0,10.0,1362200.0,836002000.0,143.0,1216.7,620.0,359300.0,615.0,310700.0,11307246524.0,11307246524.0,11307246524.0,0.0,0.0,,10533119.0,6346539107.0,10.0
2019-09-12,615.0,0.0,0.0,620.0,610.0,610.0,-5.0,330100.0,201519000.0,19.0,1206.8,615.0,161000.0,610.0,309500.0,11307246524.0,11307246524.0,11307246524.0,0.0,0.0,,43882643.0,25439765857.0,17.0
2019-09-13,610.0,0.0,0.0,625.0,610.0,625.0,15.0,1269700.0,787430500.0,103.0,1236.5,630.0,231500.0,625.0,90300.0,11307246524.0,11307246524.0,11307246524.0,0.0,0.0,,13541618.0,8249068142.0,27.0
2019-09-16,625.0,0.0,0.0,660.0,610.0,650.0,25.0,376400.0,243271500.0,120.0,1286.0,655.0,400.0,650.0,125300.0,11307246524.0,11307246524.0,11307246524.0,0.0,0.0,,16633389.0,10886735128.0,25.0
2019-09-17,650.0,0.0,0.0,700.0,620.0,690.0,40.0,1632300.0,1119491000.0,354.0,1365.1,690.0,78000.0,685.0,20800.0,11307246524.0,11307246524.0,11307246524.0,0.0,0.0,,16099776.0,9459566666.0,12.0
2019-09-18,690.0,0.0,0.0,690.0,670.0,690.0,0.0,941100.0,648865000.0,57.0,1365.1,690.0,33200.0,670.0,22500.0,11307246524.0,11307246524.0,11307246524.0,0.0,0.0,,22277175.0,14097756497.0,22.0
2019-09-19,690.0,0.0,0.0,690.0,655.0,685.0,-5.0,12000.0,8165000.0,14.0,1355.2,695.0,10500.0,685.0,97800.0,11307246524.0,11307246524.0,11307246524.0,0.0,0.0,,48661902.0,30219914556.0,35.0
2019-09-20,685.0,0.0,0.0,720.0,690.0,705.0,20.0,209400.0,147234000.0,78.0,1394.8,715.0,31500.0,705.0,43400.0,11307246524.0,11307246524.0,11307246524.0,0.0,0.0,,88627973.0,61197915483.0,41.0
2019-09-23,705.0,0.0,0.0,720.0,705.0,705.0,0.0,267900.0,189851000.0,70.0,1394.8,720.0,38100.0,705.0,217400.0,11307246524.0,11307246524.0,11307246524.0,0.0,0.0,,80224187.0,60790779971.0,32.0
2019-09-24,705.0,0.0,0.0,725.0,710.0,720.0,15.0,172000.0,123186000.0,64.0,1424.5,720.0,600.0,710.0,94500.0,11307246524.0,11307246524.0,11307246524.0,0.0,0.0,,32027998.0,22558719199.0,19.0
2019-09-25,720.0,0.0,0.0,725.0,720.0,720.0,0.0,5300.0,3816500.0,3.0,1424.5,720.0,8200.0,685.0,10000.0,11307246524.0,11307246524.0,11307246524.0,0.0,0.0,,22432661.0,15590713621.0,22.0
2019-09-26,720.0,0.0,0.0,725.0,660.0,680.0,-40.0,249300.0,169074500.0,125.0,1345.3,690.0,300.0,680.0,6400.0,11307246524.0,11307246524.0,11307246524.0,0.0,0.0,,49905699.0,35045098612.0,38.0
2019-09-27,680.0,0.0,0.0,690.0,660.0,685.0,5.0,1196800.0,812079000.0,191.0,1355.2,695.0,15000.0,685.0,39000.0,11307246524.0,11307246524.0,11307246524.0,0.0,0.0,,17737975.0,12602799750.0,25.0
2019-09-30,685.0,0.0,0.0,660.0,660.0,660.0,-25.0,1000.0,660000.0,1.0,1305.8,660.0,1000.0,650.0,2400.0,11307246524.0,11307246524.0,11307246524.0,0.0,0.0,,32217073.0,21721810477.0,35.0
2019-10-01,660.0,0.0,0.0,660.0,650.0,660.0,0.0,21900.0,14439000.0,7.0,1305.8,665.0,10100.0,660.0,79600.0,11307246524.0,11307246524.0,11307246524.0,0.0,0.0,,18652322.0,12609032704.0,18.0
2019-10-02,660.0,0.0,0.0,675.0,660.0,665.0,5.0,101600.0,67814000.0,30.0,1315.7,670.0,45300.0,665.0,36200.0,11307246524.0,11307246524.0,11307246524.0,0.0,0.0,,41148297.0,27401576899.0,39.0
2019-10-03,665.0,0.0,0.0,660.0,660.0,660.0,-5.0,1000.0,660000.0,1.0,1305.8,660.0,1500.0,650.0,100.0,11307246524.0,11307246524.0,11307246524.0,0.0,0.0,,27958488.0,18421141170.0,31.0
2019-10-04,660.0,0.0,0.0,710.0,635.0,695.0,35.0,357500.0,248075000.0,94.0,1375.0,705.0,1400.0,690.0,13900.0,11307246524.0,11307246524.0,11307246524.0,0.0,0.0,,32429808.0,21895772024.0,31.0
2019-10-07,695.0,0.0,0.0,700.0,695.0,700.0,5.0,10900.0,7629000.0,7.0,1384.9,695.0,6200.0,680.0,500.0,11307246524.0,11307246524.0,11307246524.0,0.0,0.0,,14658651.0,9961702425.0,19.0
2019-10-08,700.0,0.0,0.0,700.0,660.0,700.0,0.0,47100.0,32522500.0,20.0,1384.9,695.0,1900.0,670.0,1000.0,11307246524.0,11307246524.0,11307246524.0,0.0,0.0,,85629437.0,61199985631.0,19.0
2019-10-09,700.0,0.0,0.0,670.0,670.0,670.0,-30.0,83333600.0,55833512000.0,44.0,1325.6,695.0,1700.0,670.0,166600.0,11307246524.0,11307246524.0,11307246524.0,0.0,0.0,,29913779.0,20796309996.0,28.0
2019-10-10,670.0,0.0,0.0,670.0,670.0,670.0,0.0,1197300.0,802191000.0,7.0,1325.6,670.0,11000.0,660.0,900.0,11307246524.0,11307246524.0,11307246524.0,0.0,0.0,,23322900.0,16292191420.0,26.0
2019-10-11,670.0,0.0,0.0,690.0,675.0,690.0,20.0,80200.0,54987000.0,18.0,1365.1,695.0,30000.0,685.0,50000.0,11307246524.0,11307246524.0,11307246524.0,0.0,0.0,,84829698.0,62246715188.0,26.0
2019-10-14,690.0,0.0,0.0,690.0,690.0,690.0,0.0,11400.0,7866000.0,6.0,1365.1,695.0,12300.0,690.0,21700.0,11307246524.0,11307246524.0,11307246524.0,0.0,0.0,,10190828.0,7036824200.0,16.0
2019-10-15,690.0,0.0,0.0,695.0,680.0,695.0,5.0,2192500.0,1512780000.0,9.0,1375.0,695.0,2900.0,680.0,20000.0,11307246524.0,11307246524.0,11307246524.0,0.0,0.0,,86224315.0,63124490737.0,26.0
2019-10-16,695.0,0.0,0.0,695.0,695.0,695.0,0.0,1500.0,1042500.0,2.0,1375.0,695.0,26900.0,685.0,30000.0,11307246524.0,11307246524.0,11307246524.0,0.0,0.0,,38944867.0,27220452453.0,23.0
2019-10-17,695.0,0.0,0.0,720.0,685.0,720.0,25.0,305000.0,217633500.0,92.0,1424.5,720.0,26700.0,710.0,100.0,11307246524.0,11307246524.0,11307246524.0,0.0,0.0,,56560660.0,36722801887.0,19.0
2019-10-18,720.0,0.0,0.0,720.0,695.0,720.0,0.0,931800.0,653092000.0,48.0,1424.5,720.0,27600.0,700.0,8900.0,11307246524.0,11307246524.0,11307246524.0,0.0,0.0,,15780752.0,11214999734.0,25.0
2019-10-21,720.0,0.0,0.0,705.0,700.0,700.0,-20.0,129900.0,91080000.0,40.0,1384.9,705.0,20300.0,695.0,35800.0,11307246524.0,11307246524.0,11307246524.0,0.0,0.0,,21573338.0,14498553666.0,16.0
2019-10-22,700.0,0.0,0.0,0.0,0.0,700.0,0.0,0.0,0.0,0.0,1384.9,700.0,14800.0,685.0,30000.0,11307246524.0,11307246524.0,11307246524.0,0.0,0.0,,22287402.0,15776291356.0,33.0
2019-10-23,700.0,0.0,0.0,720.0,700.0,720.0,20.0,76200.0,54764000.0,29.0,1424.5,720.0,20000.0,685.0,30000.0,11307246524.0,11307246524.0,11307246524.0,0.0,0.0,,55270374.0,39922424132.0,29.0
2019-10-24,720.0,0.0,0.0,715.0,700.0,715.0,-5.0,134100.0,94965500.0,27.0,1414.6,715.0,20600.0,710.0,200.0,11307246524.0,11307246524.0,11307246524.0,0.0,0.0,,33977234.0,23747030313.0,33.0
2019-10-25,715.0,0.0,0.0,715.0,700.0,715.0,0.0,19500.0,13748500.0,6.0,1414.6,715.0,4900.0,710.0,200.0,11307246524.0,11307246524.0,11307246524.0,0.0,0.0,,30702004.0,20814561622.0,24.0
2019-10-28,715.0,0.0,0.0,720.0,695.0,720.0,5.0,126661600.0,90562451000.0,74.0,1424.5,725.0,2500.0,720.0,3000.0,11307246524.0,11307246524.0,11307246524.0,0.0,0.0,,298479596.0,212747640532.0,30.0
2019-10-29,720.0,0.0,0.0,725.0,705.0,715.0,-5.0,11900.0,8557000.0,10.0,1414.6,715.0,2000.0,705.0,36400.0,11307246524.0,11307246524.0,11307246524.0,0.0,0.0,,44845469.0,27835179940.0,39.0
2019-10-30,715.0,0.0,0.0,735.0,700.0,715.0,0.0,33974900.0,24159171000.0,135.0,1414.6,715.0,25200.0,705.0,100.0,11307246524.0,11307246524.0,11307246524.0,0.0,0.0,,58340766.0,37098262820.0,28.0
2019-10-31,715.0,0.0,0.0,730.0,695.0,710.0,-5.0,29329200.0,21184198500.0,56.0,1404.7,720.0,16500.0,705.0,700.0,11307246524.0,11307246524.0,11307246524.0,0.0,0.0,,69289187.0,39905106352.0,27.0
2019-11-01,710.0,0.0,0.0,710.0,710.0,710.0,0.0,52747300.0,37450583000.0,137.0,1404.7,715.0,2000.0,695.0,30200.0,11307246524.0,11307246524.0,11307246524.0,0.0,0.0,,59052516.0,35162236878.0,22.0
2019-11-04,710.0,0.0,0.0,720.0,695.0,695.0,-15.0,10131300.0,7180858500.0,12.0,1375.0,700.0,10000.0,695.0,18700.0,11307246524.0,11307246524.0,11307246524.0,0.0,0.0,,40022015.0,25695194739.0,34.0
2019-11-05,695.0,0.0,0.0,710.0,600.0,600.0,-95.0,40172200.0,28162004500.0,193.0,1187.1,600.0,347600.0,550.0,12000.0,11307246524.0,11307246524.0,11307246524.0,0.0,68000.0,,35056244.0,21958585568.0,18.0
2019-11-06,600.0,0.0,0.0,600.0,450.0,470.0,-130.0,2912400.0,1375136100.0,480.0,929.9,490.0,5000.0,470.0,7444700.0,11307246524.0,11307246524.0,11307246524.0,6600.0,625700.0,,129583643.0,66615979491.0,36.0
2019-11-07,470.0,0.0,0.0,480.0,360.0,476.0,6.0,3308000.0,1437769200.0,247.0,941.7,476.0,12800.0,460.0,4000.0,11307246524.0,11307246524.0,11307246524.0,45300.0,2059500.0,,88413747.0,49299129691.0,21.0
2019-11-08,476.0,0.0,0.0,476.0,460.0,474.0,-2.0,39000.0,18426000.0,33.0,937.8,476.0,62300.0,460.0,1100.0,11307246524.0,11307246524.0,11307246524.0,9500.0,0.0,,39190030.0,19966452026.0,19.0
2019-11-11,474.0,0.0,0.0,480.0,460.0,478.0,4.0,41100.0,19042000.0,22.0,945.7,478.0,7200.0,464.0,500.0,11307246524.0,11307246524.0,11307246524.0,0.0,0.0,,148383765.0,73095251233.0,21.0
2019-11-12,478.0,0.0,0.0,494.0,360.0,434.0,-44.0,1062200.0,433536800.0,236.0,858.6,436.0,3000.0,434.0,1900.0,11307246524.0,11307246524.0,11307246524.0,1200.0,0.0,,40685710.0,21098552251.0,18.0
2019-11-13,434.0,0.0,0.0,535.0,410.0,494.0,60.0,150400.0,71915200.0,62.0,977.3,494.0,41300.0,454.0,200.0,11307246524.0,11307246524.0,11307246524.0,10600.0,0.0,,135216640.0,66612629439.0,31.0
2019-11-14,494.0,0.0,0.0,500.0,490.0,494.0,0.0,178500.0,87793600.0,44.0,977.3,498.0,4600.0,494.0,41100.0,11307246524.0,11307246524.0,11307246524.0,0.0,0.0,,20546837.0,11043206953.0,22.0
2019-11-15,494.0,0.0,0.0,494.0,466.0,494.0,0.0,2200.0,1043000.0,8.0,977.3,494.0,45600.0,480.0,100.0,11307246524.0,11307246524.0,11307246524.0,0.0,0.0,,16533005.0,9411110046.0,24.0
2019-11-18,494.0,0.0,0.0,492.0,476.0,492.0,-2.0,5700.0,2729800.0,7.0,973.4,492.0,8100.0,474.0,1100.0,11307246524.0,11307246524.0,11307246524.0,0.0,0.0,,25709957.0,14928935245.0,22.0
2019-11-19,492.0,0.0,0.0,492.0,480.0,490.0,-2.0,1327400.0,637156400.0,7.0,969.4,490.0,59900.0,472.0,1100.0,11307246524.0,11307246524.0,11307246524.0,0.0,0.0,,10779914.0,5882257620.0,9.0
2019-11-20,490.0,0.0,0.0,500.0,500.0,500.0,10.0,30000.0,15000000.0,14.0,989.2,540.0,16500.0,498.0,300.0,11307246524.0,11307246524.0,11307246524.0,0.0,0.0,,20449817.0,9453229738.0,24.0
2019-11-21,500.0,0.0,0.0,498.0,498.0,498.0,-2.0,200.0,99600.0,1.0,985.3,498.0,7600.0,470.0,1000.0,11307246524.0,11307246524.0,11307246524.0,0.0,0.0,,48039592.0,26877849331.0,28.0
2019-11-22,498.0,0.0,0.0,460.0,410.0,410.0,-88.0,224600.0,94069800.0,106.0,811.2,412.0,3100.0,410.0,7300.0,11307246524.0,11307246524.0,11307246524.0,0.0,0.0,,16186945.0,8891064362.0,17.0
2019-11-25,410.0,0.0,0.0,450.0,370.0,370.0,-40.0,64400.0,26458400.0,53.0,732.0,380.0,2000.0,370.0,10000.0,11307246524.0,11307246524.0,11307246524.0,0.0,5400.0,,22199543.0,12062552509.0,32.0
2019-11-26,370.0,0.0,0.0,396.0,308.0,308.0,-62.0,166000.0,57106600.0,69.0,609.4,308.0,1000.0,304.0,1500.0,11307246524.0,11307246524.0,11307246524.0,1600.0,0.0,,22417279.0,8126038641.0,18.0
2019-11-27,308.0,0.0,0.0,340.0,280.0,298.0,-10.0,290000.0,82251200.0,70.0,589.6,280.0,78100.0,278.0,20000.0,11307246524.0,11307246524.0,11307246524.0,2700.0,0.0,,16089159.0,9248357472.0,23.0
2019-11-28,298.0,0.0,0.0,298.0,276.0,294.0,-4.0,52700.0,14743600.0,30.0,581.7,294.0,1200.0,278.0,28900.0,11307246524.0,11307246524.0,11307246524.0,0.0,0.0,,19286699.0,9553534639.0,19.0
2019-11-29,294.0,0.0,0.0,290.0,272.0,288.0,-6.0,1300.0,371200.0,6.0,569.8,288.0,2800.0,272.0,100.0,11307246524.0,11307246524.0,11307246524.0,0.0,0.0,,13928642.0,6938748801.0,19.0
2019-12-02,288.0,0.0,0.0,312.0,288.0,312.0,24.0,135400.0,40282000.0,27.0,617.3,310.0,22800.0,308.0,400.0,11307246524.0,11307246524.0,11307246524.0,0.0,0.0,,50155206.0,23437030763.0,36.0
2019-12-03,312.0,0.0,0.0,366.0,312.0,358.0,46.0,46300.0,14844800.0,27.0,708.3,358.0,1200.0,330.0,100.0,11307246524.0,11307246524.0,11307246524.0,0.0,0.0,,21336242.0,6661513782.0,8.0
2019-12-04,358.0,0.0,0.0,358.0,322.0,350.0,-8.0,8403100.0,2991497400.0,16.0,692.5,350.0,100.0,338.0,3600.0,11307246524.0,11307246524.0,11307246524.0,0.0,0.0,,16326138.0,10226708764.0,16.0
2019-12-05,350.0,0.0,0.0,370.0,288.0,360.0,10.0,185600.0,56531600.0,80.0,712.2,360.0,11800.0,322.0,4800.0,11307246524.0,11307246524.0,11307246524.0,1100.0,0.0,,32458749.0,16958732489.0,28.0
2019-12-06,360.0,0.0,0.0,348.0,330.0,348.0,-12.0,4000.0,1366400.0,11.0,688.5,348.0,100.0,330.0,4500.0,11307246524.0,11307246524.0,11307246524.0,0.0,0.0,,18299787.0,8364267373.0,26.0
2019-12-09,348.0,0.0,0.0,350.0,328.0,350.0,2.0,14200.0,4927400.0,12.0,692.5,366.0,1400.0,350.0,800.0,11307246524.0,11307246524.0,11307246524.0,0.0,0.0,,12940837.0,5325178755.0,16.0
2019-12-10,350.0,0.0,0.0,340.0,304.0,340.0,-10.0,4000.0,1292200.0,10.0,672.7,338.0,1000.0,306.0,1700.0,11307246524.0,11307246524.0,11307246524.0,0.0,0.0,,35807140.0,20126392788.0,35.0
2019-12-11,340.0,0.0,0.0,346.0,346.0,346.0,6.0,200.0,69200.0,2.0,684.5,340.0,600.0,310.0,1000.0,11307246524.0,11307246524.0,11307246524.0,0.0,0.0,,32111673.0,17424438144.0,12.0
2019-12-12,346.0,0.0,0.0,346.0,340.0,346.0,0.0,1300.0,443200.0,3.0,684.5,340.0,22500.0,304.0,20600.0,11307246524.0,11307246524.0,11307246524.0,0.0,0.0,,25587472.0,11784541346.0,14.0
2019-12-13,346.0,0.0,0.0,346.0,346.0,346.0,0.0,3100.0,1072600.0,6.0,684.5,346.0,700.0,304.0,10000.0,11307246524.0,11307246524.0,11307246524.0,0.0,0.0,,19766735.0,13685026870.0,22.0
2019-12-16,346.0,0.0,0.0,344.0,340.0,344.0,-2.0,300.0,102800.0,2.0,680.6,340.0,9800.0,320.0,700.0,11307246524.0,11307246524.0,11307246524.0,0.0,0.0,,17252007.0,9989209289.0,20.0
2019-12-17,344.0,0.0,0.0,316.0,304.0,304.0,-40.0,41500.0,12881000.0,21.0,601.4,308.0,2800.0,304.0,8700.0,11307246524.0,11307246524.0,11307246524.0,0.0,0.0,,13918190.0,6878643320.0,10.0
2019-12-18,304.0,0.0,0.0,360.0,304.0,306.0,2.0,1956300.0,699743800.0,48.0,605.4,310.0,29700.0,306.0,13000.0,11307246524.0,11307246524.0,11307246524.0,0.0,0.0,,124900791.0,40509300958.0,15.0
2019-12-19,306.0,0.0,0.0,310.0,296.0,304.0,-2.0,145600.0,43434400.0,34.0,601.4,304.0,2600.0,296.0,4000.0,11307246524.0,11307246524.0,11307246524.0,0.0,0.0,,24019035.0,16077839753.0,27.0
2019-12-20,304.0,0.0,0.0,304.0,280.0,282.0,-22.0,53100.0,15018200.0,33.0,557.9,290.0,2000.0,282.0,7700.0,11307246524.0,11307246524.0,11307246524.0,0.0,0.0,,74549333.0,32697421096.0,43.0
2019-12-23,282.0,0.0,0.0,300.0,274.0,274.0,-8.0,9400.0,2620800.0,23.0,542.1,272.0,500.0,270.0,300.0,11307246524.0,11307246524.0,11307246524.0,0.0,0.0,,63580254.0,32961909617.0,40.0
2019-12-26,274.0,0.0,0.0,274.0,268.0,268.0,-6.0,27100.0,7297400.0,11.0,530.2,262.0,500.0,250.0,100.0,11307246524.0,11307246524.0,11307246524.0,0.0,0.0,,124271392.0,51540099314.0,78.0
2019-12-27,268.0,0.0,0.0,268.0,250.0,268.0,0.0,31300.0,8350600.0,18.0,530.2,268.0,67600.0,262.0,10000.0,11307246524.0,11307246524.0,11307246524.0,0.0,0.0,,295208355.0,100085618742.0,36.0
2019-12-30,268.0,0.0,0.0,268.0,244.0,266.0,-2.0,196400.0,48720400.0,43.0,526.3,0.0,0.0,0.0,0.0,11307246524.0,11307246524.0,11307246524.0,0.0,0.0,,85219570.0,38064751162.0,42.0
2020-01-02,266.0,0.0,0.0,268.0,244.0,268.0,2.0,130200.0,34399800.0,19.0,530.2,270.0,10000.0,256.0,200.0,11307246524.0,11307246524.0,11307246524.0,0.0,0.0,,35026669.0,14319726053.0,43.0
2020-01-03,268.0,0.0,0.0,268.0,212.0,240.0,-28.0,186800.0,43432000.0,118.0,474.8,240.0,5900.0,238.0,500.0,11307246524.0,11307246524.0,11307246524.0,0.0,0.0,,101245250.0,30331361547.0,28.0
2020-01-06,240.0,0.0,0.0,264.0,240.0,240.0,0.0,6200.0,1508400.0,26.0,474.8,250.0,2600.0,240.0,1500.0,11307246524.0,11307246524.0,11307246524.0,0.0,0.0,,25511144.0,10561050035.0,28.0
2020-01-07,240.0,0.0,0.0,250.0,240.0,250.0,10.0,1300.0,324000.0,4.0,494.6,250.0,11800.0,240.0,3300.0,11307246524.0,11307246524.0,11307246524.0,0.0,0.0,,57546997.0,21835358952.0,19.0
2020-01-08,250.0,0.0,0.0,250.0,248.0,248.0,-2.0,600.0,149000.0,3.0,490.7,244.0,1000.0,240.0,100.0,11307246524.0,11307246524.0,11307246524.0,0.0,0.0,,95337044.0,26530525391.0,22.0
2020-01-09,248.0,0.0,0.0,240.0,200.0,200.0,-48.0,650200.0,133258600.0,169.0,395.7,200.0,94500.0,198.0,1500.0,11307246524.0,11307246524.0,11307246524.0,0.0,0.0,,24272470.0,9172400527.0,19.0
2020-01-10,200.0,0.0,0.0,210.0,168.0,168.0,-32.0,32600.0,5872500.0,44.0,332.4,200.0,2300.0,168.0,5500.0,11307246524.0,11307246524.0,11307246524.0,0.0,0.0,,86429250.0,26257938188.0,21.0
2020-01-13,168.0,0.0,0.0,196.0,168.0,181.0,13.0,209900.0,37143100.0,76.0,358.1,181.0,3500.0,178.0,3800.0,11307246524.0,11307246524.0,11307246524.0,0.0,0.0,,492725256.0,137944194797.0,39.0
2020-01-14,181.0,0.0,0.0,200.0,180.0,200.0,19.0,814000.0,153809400.0,225.0,395.7,200.0,120400.0,192.0,200.0,11307246524.0,11307246524.0,11307246524.0,0.0,0.0,,49949972.0,18101031301.0,10.0
2020-01-15,200.0,0.0,0.0,220.0,151.0,151.0,-49.0,4051200.0,693872700.0,815.0,298.7,151.0,150800.0,150.0,111200.0,11307246524.0,11307246524.0,11307246524.0,0.0,0.0,,42092649.0,11706385768.0,28.0
2020-01-16,151.0,0.0,0.0,157.0,136.0,139.0,-12.0,599900.0,84309400.0,178.0,275.0,139.0,1500.0,138.0,14400.0,11307246524.0,11307246524.0,11307246524.0,0.0,0.0,,27674808.0,8913670926.0,16.0
2020-01-17,139.0,0.0,0.0,142.0,130.0,133.0,-6.0,289100.0,38797500.0,177.0,263.1,133.0,9800.0,132.0,100.0,11307246524.0,11307246524.0,11307246524.0,0.0,0.0,,7398498.0,1991860115.0,12.0
2020-01-20,133.0,0.0,0.0,155.0,114.0,115.0,-18.0,20357500.0,2440128200.0,1364.0,227.5,118.0,7500.0,115.0,44300.0,11307246524.0,11307246524.0,11307246524.0,0.0,0.0,,36654465.0,9515911411.0,23.0
2020-01-21,115.0,0.0,0.0,120.0,75.0,75.0,-40.0,12712600.0,1027650100.0,1273.0,148.4,75.0,3868900.0,0.0,0.0,11307246524.0,11307246524.0,11307246524.0,0.0,20000.0,,28082423.0,8346076550.0,10.0
2020-01-22,75.0,0.0,0.0,0.0,0.0,75.0,0.0,0.0,0.0,0.0,148.4,0.0,0.0,0.0,0.0,11307246524.0,11307246524.0,11307246524.0,0.0,0.0,,110145408.0,12904111887.0,27.0
2020-01-23,75.0,0.0,0.0,74.0,50.0,50.0,-25.0,32131700.0,1637030300.0,1876.0,98.9,50.0,6225700.0,0.0,0.0,11307246524.0,11307246524.0,11307246524.0,0.0,17700.0,,125479375.0,17084936211.0,28.0
2020-01-24,50.0,0.0,0.0,50.0,50.0,50.0,0.0,809900.0,40495000.0,35.0,98.9,50.0,17683600.0,0.0,0.0,11307246524.0,11307246524.0,11307246524.0,0.0,0.0,,0.0,0.0,0.0
2020-01-27,50.0,0.0,0.0,50.0,50.0,50.0,0.0,369200.0,18460000.0,28.0,98.9,50.0,1834000.0,0.0,0.0,11307246524.0,11307246524.0,11307246524.0,0.0,0.0,,19717538.0,17037254034.0,52.0
2020-01-28,50.0,0.0,0.0,50.0,50.0,50.0,0.0,590100.0,29505000.0,138.0,98.9,50.0,5264700.0,0.0,0.0,11307246524.0,11307246524.0,11307246524.0,0.0,0.0,,126278181.0,19821408052.0,11.0
2020-01-29,50.0,0.0,0.0,50.0,50.0,50.0,0.0,1612200.0,80610000.0,93.0,98.9,50.0,4401400.0,0.0,0.0,11307246524.0,11307246524.0,11307246524.0,0.0,0.0,,14541681.0,2817918599.0,32.0
2020-01-30,50.0,0.0,0.0,50.0,50.0,50.0,0.0,454900.0,22745000.0,25.0,98.9,50.0,4309300.0,0.0,0.0,11307246524.0,11307246524.0,11307246524.0,0.0,0.0,,2316604.0,1791450228.0,17.0
2020-01-31,50.0,0.0,0.0,50.0,50.0,50.0,0.0,522100.0,26105000.0,4.0,98.9,50.0,3491400.0,0.0,0.0,11307246524.0,11307246524.0,11307246524.0,0.0,0.0,,9935490.0,3528317077.0,16.0
2020-02-03,50.0,0.0,0.0,50.0,50.0,50.0,0.0,1292300.0,64615000.0,51.0,98.9,50.0,3027100.0,0.0,0.0,11307246524.0,11307246524.0,11307246524.0,0.0,0.0,,37690110.0,28856626838.0,36.0
2020-02-04,50.0,0.0,0.0,50.0,50.0,50.0,0.0,175100.0,8755000.0,5.0,98.9,50.0,4298300.0,0.0,0.0,11307246524.0,11307246524.0,11307246524.0,0.0,0.0,,4339616.0,2809038017.0,10.0
2020-02-05,50.0,0.0,0.0,50.0,50.0,50.0,0.0,94800.0,4740000.0,9.0,98.9,50.0,4821000.0,0.0,0.0,11307246524.0,11307246524.0,11307246524.0,0.0,0.0,,5330274.0,4077688464.0,9.0
2020-02-06,50.0,0.0,0.0,50.0,50.0,50.0,0.0,41100.0,2055000.0,3.0,98.9,50.0,6017900.0,0.0,0.0,11307246524.0,11307246524.0,11307246524.0,0.0,0.0,,795724.0,589466856.0,17.0
2020-02-07,50.0,0.0,0.0,50.0,50.0,50.0,0.0,300.0,15000.0,3.0,98.9,50.0,5955200.0,0.0,0.0,11307246524.0,11307246524.0,11307246524.0,0.0,0.0,,4365613.0,1420334569.0,13.0
2020-02-10,50.0,0.0,0.0,50.0,50.0,50.0,0.0,2900.0,145000.0,20.0,98.9,50.0,5977400.0,0.0,0.0,11307246524.0,11307246524.0,11307246524.0,0.0,0.0,,5237130.0,1941431497.0,15.0
2020-02-11,50.0,0.0,0.0,50.0,50.0,50.0,0.0,39600.0,1980000.0,2.0,98.9,50.0,5931500.0,0.0,0.0,11307246524.0,11307246524.0,11307246524.0,0.0,0.0,,1308388.0,1190185889.0,6.0
2020-02-12,50.0,0.0,0.0,50.0,50.0,50.0,0.0,500.0,25000.0,1.0,98.9,50.0,5809900.0,0.0,0.0,11307246524.0,11307246524.0,11307246524.0,0.0,0.0,,4526557.0,3278193215.0,9.0
2020-02-13,50.0,0.0,0.0,50.0,50.0,50.0,0.0,500.0,25000.0,5.0,98.9,50.0,5704800.0,0.0,0.0,11307246524.0,11307246524.0,11307246524.0,0.0,0.0,,7652776.0,5584633889.0,16.0
2020-02-14,50.0,0.0,0.0,50.0,50.0,50.0,0.0,82200.0,4110000.0,8.0,98.9,50.0,4772400.0,0.0,0.0,11307246524.0,11307246524.0,11307246524.0,0.0,0.0,,26677218.0,12911260659.0,24.0
2020-02-17,50.0,0.0,0.0,50.0,50.0,50.0,0.0,200.0,10000.0,2.0,98.9,50.0,5611600.0,0.0,0.0,11307246524.0,11307246524.0,11307246524.0,0.0,0.0,,6351070.0,4506356611.0,12.0
2020-02-18,50.0,0.0,0.0,50.0,50.0,50.0,0.0,1500.0,75000.0,5.0,98.9,50.0,5144300.0,0.0,0.0,11307246524.0,11307246524.0,11307246524.0,0.0,0.0,,3029847.0,1166434687.0,5.0
2020-02-19,50.0,0.0,0.0,50.0,50.0,50.0,0.0,504900.0,25245000.0,8.0,98.9,50.0,3870000.0,0.0,0.0,11307246524.0,11307246524.0,11307246524.0,0.0,0.0,,3380390.0,1962038123.0,5.0
2020-02-20,50.0,0.0,0.0,50.0,50.0,50.0,0.0,13900.0,695000.0,6.0,98.9,50.0,5129300.0,0.0,0.0,11307246524.0,11307246524.0,11307246524.0,0.0,0.0,,4906064.0,2538162616.0,11.0
2020-02-21,50.0,0.0,0.0,50.0,50.0,50.0,0.0,267100.0,13355000.0,63.0,98.9,50.0,4652600.0,0.0,0.0,11307246524.0,11307246524.0,11307246524.0,0.0,0.0,,19990245.0,6954315786.0,17.0
2020-02-24,50.0,0.0,0.0,50.0,50.0,50.0,0.0,10000.0,500000.0,1.0,98.9,50.0,5880600.0,0.0,0.0,11307246524.0,11307246524.0,11307246524.0,0.0,0.0,,38421288.0,20224452157.0,24.0
2020-02-25,50.0,0.0,0.0,50.0,50.0,50.0,0.0,100.0,5000.0,1.0,98.9,50.0,5164100.0,0.0,0.0,11307246524.0,11307246524.0,11307246524.0,0.0,0.0,,11773887.0,9131372839.0,7.0
2020-02-26,50.0,0.0,0.0,50.0,50.0,50.0,0.0,1500.0,75000.0,4.0,98.9,50.0,4782700.0,0.0,0.0,11307246524.0,11307246524.0,11307246524.0,0.0,0.0,,2678797.0,1966807636.0,10.0
2020-02-27,50.0,0.0,0.0,50.0,50.0,50.0,0.0,200.0,10000.0,1.0,98.9,50.0,4852300.0,0.0,0.0,11307246524.0,11307246524.0,11307246524.0,0.0,0.0,,7126312.0,4269051517.0,13.0
2020-02-28,50.0,0.0,0.0,50.0,50.0,50.0,0.0,40100.0,2005000.0,2.0,98.9,50.0,5186600.0,0.0,0.0,11307246524.0,11307246524.0,11307246524.0,0.0,0.0,,30475609.0,21757818063.0,9.0
2020-03-02,50.0,0.0,0.0,50.0,50.0,50.0,0.0,22000.0,1100000.0,5.0,98.9,50.0,4905700.0,0.0,0.0,11307246524.0,11307246524.0,11307246524.0,0.0,0.0,,9651243.0,6246721383.0,26.0
2020-03-03,50.0,0.0,0.0,50.0,50.0,50.0,0.0,200.0,10000.0,2.0,98.9,50.0,4953000.0,0.0,0.0,11307246524.0,11307246524.0,11307246524.0,0.0,0.0,,3306281.0,2185799170.0,5.0
2020-03-04,50.0,0.0,0.0,50.0,50.0,50.0,0.0,200.0,10000.0,2.0,98.9,50.0,5019100.0,0.0,0.0,11307246524.0,11307246524.0,11307246524.0,0.0,0.0,,13315502.0,7950765230.0,8.0
2020-03-05,50.0,0.0,0.0,50.0,50.0,50.0,0.0,100.0,5000.0,1.0,98.9,50.0,4613500.0,0.0,0.0,11307246524.0,11307246524.0,11307246524.0,0.0,0.0,,3860718.0,2555104475.0,11.0
2020-03-06,50.0,0.0,0.0,50.0,50.0,50.0,0.0,100.0,5000.0,1.0,98.9,50.0,4860400.0,0.0,0.0,11307246524.0,11307246524.0,11307246524.0,0.0,0.0,,19933809.0,11438838465.0,14.0
2020-03-09,50.0,0.0,0.0,50.0,50.0,50.0,0.0,1000.0,50000.0,1.0,98.9,50.0,5301200.0,0.0,0.0,11307246524.0,11307246524.0,11307246524.0,0.0,0.0,,19085099.0,9321090262.0,10.0
2020-03-10,50.0,0.0,0.0,50.0,50.0,50.0,0.0,1300.0,65000.0,4.0,98.9,50.0,4962500.0,0.0,0.0,11307246524.0,11307246524.0,11307246524.0,0.0,0.0,,942339.0,593964613.0,23.0
2020-03-11,50.0,0.0,0.0,50.0,50.0,50.0,0.0,2200.0,110000.0,3.0,98.9,50.0,5526900.0,0.0,0.0,11307246524.0,11307246524.0,11307246524.0,0.0,0.0,,1937900.0,1363288379.0,6.0
2020-03-12,50.0,0.0,0.0,50.0,50.0,50.0,0.0,20100.0,1005000.0,2.0,98.9,50.0,5376500.0,0.0,0.0,11307246524.0,11307246524.0,11307246524.0,0.0,0.0,,4723162.0,2306998940.0,7.0
2020-03-13,50.0,0.0,0.0,50.0,50.0,50.0,0.0,7100.0,355000.0,3.0,98.9,50.0,5149900.0,0.0,0.0,11307246524.0,11307246524.0,11307246524.0,0.0,0.0,,1705381.0,731414535.0,6.0
2020-03-16,50.0,0.0,0.0,0.0,0.0,50.0,0.0,0.0,0.0,0.0,98.9,50.0,5007300.0,0.0,0.0,11307246524.0,11307246524.0,11307246524.0,0.0,0.0,,3418844.0,2215346092.0,4.0
2020-03-17,50.0,0.0,0.0,0.0,0.0,50.0,0.0,0.0,0.0,0.0,98.9,50.0,4270400.0,0.0,0.0,11307246524.0,11307246524.0,11307246524.0,0.0,0.0,,2972427.0,1866909120.0,8.0
2020-03-18,50.0,0.0,0.0,50.0,50.0,50.0,0.0,600.0,30000.0,2.0,98.9,50.0,5683200.0,0.0,0.0,11307246524.0,11307246524.0,11307246524.0,0.0,0.0,,1918998.0,209736234.0,7.0
2020-03-19,50.0,0.0,0.0,0.0,0.0,50.0,0.0,0.0,0.0,0.0,98.9,50.0,4831200.0,0.0,0.0,11307246524.0,11307246524.0,11307246524.0,0.0,0.0,,657560.0,500943332.0,7.0
2020-03-20,50.0,0.0,0.0,0.0,0.0,50.0,0.0,0.0,0.0,0.0,98.9,50.0,4940400.0,0.0,0.0,11307246524.0,11307246524.0,11307246524.0,0.0,0.0,,1062910.0,727613131.0,16.0
2020-03-23,50.0,0.0,0.0,50.0,50.0,50.0,0.0,100.0,5000.0,1.0,98.9,50.0,2076500.0,0.0,0.0,11307246524.0,11307246524.0,11307246524.0,0.0,0.0,,7882827.0,4217191799.0,5.0
2020-03-24,50.0,0.0,0.0,50.0,50.0,50.0,0.0,200.0,10000.0,2.0,98.9,50.0,1868600.0,0.0,0.0,11307246524.0,11307246524.0,11307246524.0,0.0,0.0,,7783838.0,3805154491.0,10.0
2020-03-26,50.0,0.0,0.0,50.0,50.0,50.0,0.0,20300.0,1015000.0,3.0,98.9,50.0,1534600.0,0.0,0.0,11307246524.0,11307246524.0,11307246524.0,0.0,0.0,,13376104.0,10130486708.0,22.0
2020-03-27,50.0,0.0,0.0,50.0,50.0,50.0,0.0,49900.0,2495000.0,4.0,98.9,50.0,1410000.0,0.0,0.0,11307246524.0,11307246524.0,11307246524.0,0.0,0.0,,10042484.0,7411858888.0,8.0
2020-03-30,50.0,0.0,0.0,50.0,50.0,50.0,0.0,10200.0,510000.0,2.0,98.9,50.0,2107700.0,0.0,0.0,11307246524.0,11307246524.0,11307246524.0,0.0,0.0,,2653340.0,1895242271.0,8.0
2020-03-31,50.0,0.0,0.0,50.0,50.0,50.0,0.0,200.0,10000.0,2.0,98.9,50.0,1752100.0,0.0,0.0,11307246524.0,11307246524.0,11307246524.0,0.0,0.0,,0.0,0.0,0.0
2020-04-01,50.0,0.0,0.0,50.0,50.0,50.0,0.0,1000.0,50000.0,1.0,98.9,50.0,1567700.0,0.0,0.0,11307246524.0,11307246524.0,11307246524.0,0.0,0.0,,79575.0,58890729.0,4.0
2020-04-02,50.0,0.0,0.0,50.0,50.0,50.0,0.0,600.0,30000.0,3.0,98.9,50.0,2418100.0,0.0,0.0,11307246524.0,11307246524.0,11307246524.0,0.0,0.0,,3534076.0,1214217348.0,10.0
2020-04-03,50.0,0.0,0.0,50.0,50.0,50.0,0.0,1100.0,55000.0,2.0,98.9,50.0,1875400.0,0.0,0.0,11307246524.0,11307246524.0,11307246524.0,0.0,0.0,,34460892.0,20074144078.0,23.0
2020-04-06,50.0,0.0,0.0,50.0,50.0,50.0,0.0,34100.0,1705000.0,4.0,98.9,50.0,2379500.0,0.0,0.0,11307246524.0,11307246524.0,11307246524.0,0.0,0.0,,2195226.0,1677024792.0,3.0
2020-04-07,50.0,0.0,0.0,50.0,50.0,50.0,0.0,10100.0,505000.0,2.0,98.9,50.0,2095000.0,0.0,0.0,11307246524.0,11307246524.0,11307246524.0,0.0,0.0,,22454565.0,11942463018.0,15.0
2020-04-08,50.0,0.0,0.0,50.0,50.0,50.0,0.0,1000.0,50000.0,1.0,98.9,50.0,2104300.0,0.0,0.0,11307246524.0,11307246524.0,11307246524.0,0.0,0.0,,2352629.0,1620039545.0,8.0
2020-04-09,50.0,0.0,0.0,50.0,50.0,50.0,0.0,900.0,45000.0,2.0,98.9,50.0,2284600.0,0.0,0.0,11307246524.0,11307246524.0,11307246524.0,0.0,0.0,,25094756.0,19412650513.0,9.0
2020-04-13,50.0,0.0,0.0,50.0,50.0,50.0,0.0,17000.0,850000.0,3.0,98.9,50.0,2490500.0,0.0,0.0,11307246524.0,11307246524.0,11307246524.0,0.0,0.0,,64720413.0,35619143229.0,38.0
2020-04-14,50.0,0.0,0.0,50.0,50.0,50.0,0.0,172100.0,8605000.0,24.0,98.9,50.0,1837600.0,0.0,0.0,11307246524.0,11307246524.0,11307246524.0,0.0,0.0,,79322451.0,44274133071.0,37.0
2020-04-15,50.0,0.0,0.0,50.0,50.0,50.0,0.0,30400.0,1520000.0,11.0,98.9,50.0,1983000.0,0.0,0.0,11307246524.0,11307246524.0,11307246524.0,0.0,0.0,,79351576.0,45876670239.0,50.0
2020-04-16,50.0,0.0,0.0,50.0,50.0,50.0,0.0,600.0,30000.0,2.0,98.9,50.0,2238100.0,0.0,0.0,11307246524.0,11307246524.0,11307246524.0,0.0,0.0,,14518796.0,7929122244.0,11.0
2020-04-17,50.0,0.0,0.0,50.0,50.0,50.0,0.0,100.0,5000.0,1.0,98.9,50.0,2098800.0,0.0,0.0,11307246524.0,11307246524.0,11307246524.0,0.0,0.0,,0.0,0.0,0.0
2020-04-20,50.0,0.0,0.0,50.0,50.0,50.0,0.0,200.0,10000.0,2.0,98.9,50.0,1855700.0,0.0,0.0,11307246524.0,11307246524.0,11307246524.0,0.0,0.0,,0.0,0.0,0.0
2020-04-21,50.0,0.0,0.0,50.0,50.0,50.0,0.0,300.0,15000.0,2.0,98.9,50.0,2108000.0,0.0,0.0,11307246524.0,11307246524.0,11307246524.0,0.0,0.0,,0.0,0.0,0.0
2020-04-22,50.0,0.0,0.0,50.0,50.0,50.0,0.0,300.0,15000.0,2.0,98.9,50.0,2167800.0,0.0,0.0,11307246524.0,11307246524.0,11307246524.0,0.0,0.0,,1333900.0,44776500.0,2.0
2020-04-23,50.0,0.0,0.0,50.0,50.0,50.0,0.0,100.0,5000.0,1.0,98.9,50.0,2900300.0,0.0,0.0,11307246524.0,11307246524.0,11307246524.0,0.0,0.0,,285800.0,10003000.0,1.0
2020-04-24,50.0,0.0,0.0,50.0,50.0,50.0,0.0,657800.0,32890000.0,24.0,98.9,50.0,2055500.0,0.0,0.0,11307246524.0,11307246524.0,11307246524.0,0.0,0.0,,55529205.0,31048771292.0,35.0
2020-04-27,50.0,0.0,0.0,50.0,50.0,50.0,0.0,1100.0,55000.0,11.0,98.9,50.0,1792000.0,0.0,0.0,11307246524.0,11307246524.0,11307246524.0,0.0,0.0,,100.0,5000.0,1.0
2020-04-28,50.0,0.0,0.0,50.0,50.0,50.0,0.0,100.0,5000.0,1.0,98.9,50.0,1586100.0,0.0,0.0,11307246524.0,11307246524.0,11307246524.0,0.0,0.0,,35924389.0,17158170135.0,17.0
2020-04-29,50.0,0.0,0.0,50.0,50.0,50.0,0.0,100.0,5000.0,1.0,98.9,50.0,1782100.0,0.0,0.0,11307246524.0,11307246524.0,11307246524.0,0.0,0.0,,0.0,0.0,0.0
2020-04-30,50.0,0.0,0.0,50.0,50.0,50.0,0.0,2200.0,110000.0,3.0,98.9,50.0,1542200.0,0.0,0.0,11307246524.0,11307246524.0,11307246524.0,0.0,0.0,,24587262.0,11761950428.0,14.0
2020-05-04,50.0,0.0,0.0,50.0,50.0,50.0,0.0,100.0,5000.0,1.0,98.9,50.0,1993100.0,0.0,0.0,11307246524.0,11307246524.0,11307246524.0,0.0,0.0,,2657300.0,2019548000.0,1.0
2020-05-05,50.0,0.0,0.0,50.0,50.0,50.0,0.0,100.0,5000.0,1.0,98.9,50.0,1818000.0,0.0,0.0,11307246524.0,11307246524.0,11307246524.0,0.0,0.0,,66669627.0,35621776471.0,33.0
2020-05-06,50.0,0.0,0.0,50.0,50.0,50.0,0.0,200.0,10000.0,2.0,98.9,50.0,1413200.0,0.0,0.0,11307246524.0,11307246524.0,11307246524.0,0.0,0.0,,21882174.0,8471525026.0,9.0
2020-05-08,50.0,0.0,0.0,50.0,50.0,50.0,0.0,100.0,5000.0,1.0,98.9,50.0,1940800.0,0.0,0.0,11307246524.0,11307246524.0,11307246524.0,0.0,0.0,,90775920.0,43757904880.0,14.0
2020-05-11,50.0,0.0,0.0,50.0,50.0,50.0,0.0,400.0,20000.0,4.0,98.9,50.0,2032200.0,0.0,0.0,11307246524.0,11307246524.0,11307246524.0,0.0,0.0,,30869692.0,15287522662.0,17.0
2020-05-12,50.0,0.0,0.0,50.0,50.0,50.0,0.0,100.0,5000.0,1.0,98.9,50.0,1817500.0,0.0,0.0,11307246524.0,11307246524.0,11307246524.0,0.0,0.0,,97556024.0,47035659527.0,29.0
2020-05-13,50.0,0.0,0.0,50.0,50.0,50.0,0.0,200.0,10000.0,2.0,98.9,50.0,1760700.0,0.0,0.0,11307246524.0,11307246524.0,11307246524.0,0.0,0.0,,21056772.0,11831890986.0,16.0
2020-05-14,50.0,0.0,0.0,50.0,50.0,50.0,0.0,100.0,5000.0,1.0,98.9,50.0,1872900.0,0.0,0.0,11307246524.0,11307246524.0,11307246524.0,0.0,0.0,,35558212.0,17688791730.0,10.0
2020-05-15,50.0,0.0,0.0,50.0,50.0,50.0,0.0,700.0,35000.0,5.0,98.9,50.0,2004700.0,0.0,0.0,11307246524.0,11307246524.0,11307246524.0,0.0,0.0,,60855689.0,23166491030.0,23.0
2020-05-18,50.0,0.0,0.0,50.0,50.0,50.0,0.0,500.0,25000.0,5.0,98.9,50.0,2467900.0,0.0,0.0,11307246524.0,11307246524.0,11307246524.0,0.0,0.0,,48988475.0,27240189036.0,20.0
2020-05-19,50.0,0.0,0.0,50.0,50.0,50.0,0.0,1900.0,95000.0,6.0,98.9,50.0,2457700.0,0.0,0.0,11307246524.0,11307246524.0,11307246524.0,0.0,0.0,,9897840.0,7332485023.0,10.0
2020-05-20,50.0,0.0,0.0,50.0,50.0,50.0,0.0,5100.0,255000.0,3.0,98.9,50.0,2027000.0,0.0,0.0,11307246524.0,11307246524.0,11307246524.0,0.0,0.0,,46227379.0,27786356413.0,28.0
2020-05-26,50.0,0.0,0.0,50.0,50.0,50.0,0.0,500.0,25000.0,1.0,98.9,50.0,2423200.0,0.0,0.0,11307246524.0,11307246524.0,11307246524.0,0.0,0.0,,42944157.0,23741453293.0,25.0
2020-05-27,50.0,0.0,0.0,0.0,0.0,50.0,0.0,0.0,0.0,0.0,98.9,50.0,2541800.0,0.0,0.0,11307246524.0,11307246524.0,11307246524.0,0.0,0.0,,108791949.0,29116944432.0,14.0
2020-05-28,50.0,0.0,0.0,50.0,50.0,50.0,0.0,200.0,10000.0,2.0,98.9,50.0,2418100.0,0.0,0.0,11307246524.0,11307246524.0,11307246524.0,0.0,0.0,,77231664.0,42421040132.0,42.0
2020-05-29,50.0,0.0,0.0,50.0,50.0,50.0,0.0,21200.0,1060000.0,4.0,98.9,50.0,2481500.0,0.0,0.0,11307246524.0,11307246524.0,11307246524.0,0.0,0.0,,90480339.0,50403446331.0,36.0
2020-06-02,50.0,0.0,0.0,50.0,50.0,50.0,0.0,200.0,10000.0,2.0,98.9,50.0,2599700.0,0.0,0.0,11307246524.0,11307246524.0,11307246524.0,0.0,0.0,,131739804.0,76416093223.0,46.0
2020-06-03,50.0,0.0,0.0,50.0,50.0,50.0,0.0,100.0,5000.0,1.0,98.9,50.0,2055400.0,0.0,0.0,11307246524.0,11307246524.0,11307246524.0,0.0,0.0,,33195153.0,17082254991.0,18.0
2020-06-04,50.0,0.0,0.0,50.0,50.0,50.0,0.0,7200.0,360000.0,4.0,98.9,50.0,2769100.0,0.0,0.0,11307246524.0,11307246524.0,11307246524.0,0.0,0.0,,47523876.0,27840246369.0,26.0
2020-06-05,50.0,0.0,0.0,50.0,50.0,50.0,0.0,800.0,40000.0,4.0,98.9,50.0,2376000.0,0.0,0.0,11307246524.0,11307246524.0,11307246524.0,0.0,0.0,,10940174.0,6123023052.0,6.0
2020-06-08,50.0,0.0,0.0,50.0,50.0,50.0,0.0,5200.0,260000.0,43.0,98.9,50.0,2627000.0,0.0,0.0,11307246524.0,11307246524.0,11307246524.0,0.0,0.0,,0.0,0.0,0.0
2020-06-09,50.0,0.0,0.0,50.0,50.0,50.0,0.0,100.0,5000.0,1.0,98.9,50.0,2310900.0,0.0,0.0,11307246524.0,11307246524.0,11307246524.0,0.0,0.0,,0.0,0.0,0.0
2020-06-10,50.0,0.0,0.0,50.0,50.0,50.0,0.0,100.0,5000.0,1.0,98.9,50.0,2449000.0,0.0,0.0,11307246524.0,11307246524.0,11307246524.0,0.0,0.0,,0.0,0.0,0.0
2020-06-11,50.0,0.0,0.0,50.0,50.0,50.0,0.0,1100.0,55000.0,2.0,98.9,50.0,2421800.0,0.0,0.0,11307246524.0,11307246524.0,11307246524.0,0.0,0.0,,0.0,0.0,0.0
2020-06-12,50.0,0.0,0.0,50.0,50.0,50.0,0.0,200.0,10000.0,2.0,98.9,50.0,2659200.0,0.0,0.0,11307246524.0,11307246524.0,11307246524.0,0.0,0.0,,3427800.0,171390000.0,1.0
2020-06-15,50.0,0.0,0.0,50.0,50.0,50.0,0.0,100.0,5000.0,1.0,98.9,50.0,2406700.0,0.0,0.0,11307246524.0,11307246524.0,11307246524.0,0.0,0.0,,723700.0,54277500.0,1.0
2020-06-16,50.0,0.0,0.0,50.0,50.0,50.0,0.0,800.0,40000.0,3.0,98.9,50.0,2310700.0,0.0,0.0,11307246524.0,11307246524.0,11307246524.0,0.0,0.0,,0.0,0.0,0.0
2020-06-17,50.0,0.0,0.0,50.0,50.0,50.0,0.0,2000.0,100000.0,11.0,98.9,50.0,2630500.0,0.0,0.0,11307246524.0,11307246524.0,11307246524.0,0.0,0.0,,0.0,0.0,0.0
2020-06-18,50.0,0.0,0.0,50.0,50.0,50.0,0.0,76200.0,3810000.0,6.0,98.9,50.0,2497100.0,0.0,0.0,11307246524.0,11307246524.0,11307246524.0,0.0,0.0,,0.0,0.0,0.0
2020-06-19,50.0,0.0,0.0,50.0,50.0,50.0,0.0,100.0,5000.0,1.0,98.9,50.0,2550200.0,0.0,0.0,11307246524.0,11307246524.0,11307246524.0,0.0,0.0,,0.0,0.0,0.0
2020-06-22,50.0,0.0,0.0,50.0,50.0,50.0,0.0,1700.0,85000.0,3.0,98.9,50.0,2516800.0,0.0,0.0,11307246524.0,11307246524.0,11307246524.0,0.0,0.0,,0.0,0.0,0.0
2020-06-23,50.0,0.0,0.0,50.0,50.0,50.0,0.0,200.0,10000.0,2.0,98.9,50.0,2363400.0,0.0,0.0,11307246524.0,11307246524.0,11307246524.0,0.0,0.0,,0.0,0.0,0.0
2020-06-24,50.0,0.0,0.0,50.0,50.0,50.0,0.0,100.0,5000.0,1.0,98.9,50.0,2592400.0,0.0,0.0,11307246524.0,11307246524.0,11307246524.0,0.0,0.0,,0.0,0.0,0.0
2020-06-25,50.0,0.0,0.0,50.0,50.0,50.0,0.0,100.0,5000.0,1.0,98.9,50.0,1848500.0,0.0,0.0,11307246524.0,11307246524.0,11307246524.0,0.0,0.0,,0.0,0.0,0.0
2020-06-26,50.0,0.0,0.0,50.0,50.0,50.0,0.0,600.0,30000.0,3.0,98.9,50.0,2262600.0,0.0,0.0,11307246524.0,11307246524.0,11307246524.0,0.0,0.0,,0.0,0.0,0.0
2020-06-29,50.0,0.0,0.0,50.0,50.0,50.0,0.0,100.0,5000.0,1.0,98.9,50.0,4137300.0,0.0,0.0,11307246524.0,11307246524.0,11307246524.0,0.0,0.0,,0.0,0.0,0.0
2020-06-30,50.0,0.0,0.0,50.0,50.0,50.0,0.0,100.0,5000.0,1.0,98.9,50.0,2520200.0,0.0,0.0,11307246524.0,11307246524.0,11307246524.0,0.0,0.0,,0.0,0.0,0.0
2020-07-01,50.0,0.0,0.0,50.0,50.0,50.0,0.0,10100.0,505000.0,3.0,98.9,50.0,2880400.0,0.0,0.0,11307246524.0,11307246524.0,11307246524.0,0.0,0.0,,0.0,0.0,0.0
2020-07-02,50.0,0.0,0.0,50.0,50.0,50.0,0.0,3000.0,150000.0,2.0,98.9,50.0,2624000.0,0.0,0.0,11307246524.0,11307246524.0,11307246524.0,0.0,0.0,,0.0,0.0,0.0
2020-07-03,50.0,0.0,0.0,50.0,50.0,50.0,0.0,100.0,5000.0,1.0,98.9,50.0,3814500.0,0.0,0.0,11307246524.0,11307246524.0,11307246524.0,0.0,0.0,,0.0,0.0,0.0
2020-07-06,50.0,0.0,0.0,50.0,50.0,50.0,0.0,1000.0,50000.0,1.0,98.9,50.0,2518500.0,0.0,0.0,11307246524.0,11307246524.0,11307246524.0,0.0,0.0,,0.0,0.0,0.0
2020-07-07,50.0,0.0,0.0,50.0,50.0,50.0,0.0,200.0,10000.0,2.0,98.9,50.0,2761000.0,0.0,0.0,11307246524.0,11307246524.0,11307246524.0,0.0,100.0,,0.0,0.0,0.0
2020-07-08,50.0,0.0,0.0,50.0,50.0,50.0,0.0,100.0,5000.0,1.0,98.9,50.0,2872700.0,0.0,0.0,11307246524.0,11307246524.0,11307246524.0,0.0,0.0,,0.0,0.0,0.0
2020-07-09,50.0,0.0,0.0,50.0,50.0,50.0,0.0,100.0,5000.0,1.0,98.9,50.0,2727700.0,0.0,0.0,11307246524.0,11307246524.0,11307246524.0,0.0,0.0,,0.0,0.0,0.0
2020-07-10,50.0,0.0,0.0,50.0,50.0,50.0,0.0,100.0,5000.0,1.0,98.9,50.0,2624800.0,0.0,0.0,11307246524.0,11307246524.0,11307246524.0,0.0,0.0,,0.0,0.0,0.0
2020-07-13,50.0,0.0,0.0,0.0,0.0,50.0,0.0,0.0,0.0,0.0,98.9,50.0,1922800.0,0.0,0.0,11307246524.0,11307246524.0,11307246524.0,0.0,0.0,,3106400.0,155320000.0,1.0
2020-07-14,50.0,0.0,0.0,50.0,50.0,50.0,0.0,1000.0,50000.0,10.0,98.9,50.0,2413700.0,0.0,0.0,11307246524.0,11307246524.0,11307246524.0,0.0,0.0,,0.0,0.0,0.0
2020-07-15,50.0,0.0,0.0,50.0,50.0,50.0,0.0,1000.0,50000.0,10.0,98.9,50.0,2230300.0,0.0,0.0,11307246524.0,11307246524.0,11307246524.0,0.0,0.0,,678400.0,50880000.0,1.0
2020-07-16,50.0,0.0,0.0,50.0,50.0,50.0,0.0,1200.0,60000.0,2.0,98.9,50.0,1901300.0,0.0,0.0,11307246524.0,11307246524.0,11307246524.0,0.0,0.0,,0.0,0.0,0.0
2020-07-17,50.0,0.0,0.0,50.0,50.0,50.0,0.0,2000.0,100000.0,20.0,98.9,50.0,2033300.0,0.0,0.0,11307246524.0,11307246524.0,11307246524.0,0.0,0.0,,0.0,0.0,0.0
2020-07-20,50.0,0.0,0.0,50.0,50.0,50.0,0.0,100.0,5000.0,1.0,98.9,50.0,2100400.0,0.0,0.0,11307246524.0,11307246524.0,11307246524.0,0.0,0.0,,0.0,0.0,0.0
2020-07-21,50.0,0.0,0.0,50.0,50.0,50.0,0.0,500.0,25000.0,3.0,98.9,50.0,2025100.0,0.0,0.0,11307246524.0,11307246524.0,11307246524.0,0.0,0.0,,0.0,0.0,0.0
2020-07-22,50.0,0.0,0.0,50.0,50.0,50.0,0.0,100.0,5000.0,1.0,98.9,50.0,1943300.0,0.0,0.0,11307246524.0,11307246524.0,11307246524.0,0.0,0.0,,0.0,0.0,0.0
2020-07-23,50.0,0.0,0.0,50.0,50.0,50.0,0.0,100.0,5000.0,1.0,98.9,50.0,2150300.0,0.0,0.0,11307246524.0,11307246524.0,11307246524.0,0.0,0.0,,0.0,0.0,0.0
2020-07-24,50.0,0.0,0.0,50.0,50.0,50.0,0.0,200300.0,10015000.0,4.0,98.9,50.0,1693800.0,0.0,0.0,11307246524.0,11307246524.0,11307246524.0,0.0,0.0,,0.0,0.0,0.0
2020-07-27,50.0,0.0,0.0,0.0,0.0,50.0,0.0,0.0,0.0,0.0,98.9,50.0,1793200.0,0.0,0.0,11307246524.0,11307246524.0,11307246524.0,0.0,0.0,,0.0,0.0,0.0
2020-07-28,50.0,0.0,0.0,50.0,50.0,50.0,0.0,100.0,5000.0,1.0,98.9,50.0,1583500.0,0.0,0.0,11307246524.0,11307246524.0,11307246524.0,0.0,0.0,,0.0,0.0,0.0
2020-07-29,50.0,0.0,0.0,50.0,50.0,50.0,0.0,136000.0,6800000.0,130.0,98.9,50.0,1949300.0,0.0,0.0,11307246524.0,11307246524.0,11307246524.0,0.0,900.0,,0.0,0.0,0.0
2020-07-30,50.0,0.0,0.0,50.0,50.0,50.0,0.0,100.0,5000.0,1.0,98.9,50.0,1743400.0,0.0,0.0,11307246524.0,11307246524.0,11307246524.0,0.0,0.0,,0.0,0.0,0.0
2020-08-03,50.0,0.0,0.0,50.0,50.0,50.0,0.0,500.0,25000.0,2.0,98.9,50.0,2486900.0,0.0,0.0,11307246524.0,11307246524.0,11307246524.0,0.0,0.0,,265200.0,3978000.0,1.0
2020-08-04,50.0,0.0,0.0,50.0,50.0,50.0,0.0,104500.0,5225000.0,23.0,98.9,50.0,3220300.0,0.0,0.0,11307246524.0,11307246524.0,11307246524.0,0.0,0.0,,0.0,0.0,0.0
2020-08-05,50.0,0.0,0.0,50.0,50.0,50.0,0.0,5000.0,250000.0,1.0,98.9,50.0,3335500.0,0.0,0.0,11307246524.0,11307246524.0,11307246524.0,0.0,0.0,,0.0,0.0,0.0
2020-08-06,50.0,0.0,0.0,50.0,50.0,50.0,0.0,10200.0,510000.0,3.0,98.9,50.0,3184800.0,0.0,0.0,11307246524.0,11307246524.0,11307246524.0,0.0,0.0,,0.0,0.0,0.0
2020-08-07,50.0,0.0,0.0,50.0,50.0,50.0,0.0,75000.0,3750000.0,3.0,98.9,50.0,3000300.0,0.0,0.0,11307246524.0,11307246524.0,11307246524.0,0.0,0.0,,0.0,0.0,0.0
2020-08-10,50.0,0.0,0.0,50.0,50.0,50.0,0.0,100.0,5000.0,1.0,98.9,50.0,4048600.0,0.0,0.0,11307246524.0,11307246524.0,11307246524.0,0.0,0.0,,0.0,0.0,0.0
2020-08-11,50.0,0.0,0.0,50.0,50.0,50.0,0.0,100.0,5000.0,1.0,98.9,50.0,3340200.0,0.0,0.0,11307246524.0,11307246524.0,11307246524.0,0.0,0.0,,0.0,0.0,0.0
2020-08-12,50.0,0.0,0.0,50.0,50.0,50.0,0.0,1600.0,80000.0,2.0,98.9,50.0,3274800.0,0.0,0.0,11307246524.0,11307246524.0,11307246524.0,0.0,0.0,,79500.0,3975000.0,1.0
2020-08-13,50.0,0.0,0.0,0.0,0.0,50.0,0.0,0.0,0.0,0.0,98.9,50.0,3262000.0,0.0,0.0,11307246524.0,11307246524.0,11307246524.0,0.0,0.0,,4085400.0,204270000.0,2.0
2020-08-14,50.0,0.0,0.0,50.0,50.0,50.0,0.0,500.0,25000.0,1.0,98.9,50.0,3450800.0,0.0,0.0,11307246524.0,11307246524.0,11307246524.0,0.0,0.0,,38876800.0,1962497500.0,3.0
2020-08-18,50.0,0.0,0.0,50.0,50.0,50.0,0.0,100.0,5000.0,1.0,98.9,50.0,4173300.0,0.0,0.0,11307246524.0,11307246524.0,11307246524.0,0.0,0.0,,14000000.0,700000000.0,1.0
2020-08-19,50.0,0.0,0.0,0.0,0.0,50.0,0.0,0.0,0.0,0.0,98.9,50.0,3566700.0,0.0,0.0,11307246524.0,11307246524.0,11307246524.0,0.0,0.0,,0.0,0.0,0.0
2020-08-24,50.0,0.0,0.0,0.0,0.0,50.0,0.0,0.0,0.0,0.0,98.9,50.0,2865700.0,0.0,0.0,11307246524.0,11307246524.0,11307246524.0,0.0,0.0,,0.0,0.0,0.0
2020-08-25,50.0,0.0,0.0,50.0,50.0,50.0,0.0,100.0,5000.0,1.0,98.9,50.0,3216900.0,0.0,0.0,11307246524.0,11307246524.0,11307246524.0,0.0,0.0,,192000.0,1920000.0,1.0
2020-08-26,50.0,0.0,0.0,50.0,50.0,50.0,0.0,10100.0,505000.0,2.0,98.9,50.0,3422800.0,0.0,0.0,11307246524.0,11307246524.0,11307246524.0,0.0,0.0,,0.0,0.0,0.0
2020-08-27,50.0,0.0,0.0,0.0,0.0,50.0,0.0,0.0,0.0,0.0,98.9,50.0,3011100.0,0.0,0.0,11307246524.0,11307246524.0,11307246524.0,0.0,0.0,,0.0,0.0,0.0
2020-08-28,50.0,0.0,0.0,50.0,50.0,50.0,0.0,100.0,5000.0,1.0,98.9,50.0,4102100.0,0.0,0.0,11307246524.0,11307246524.0,11307246524.0,0.0,0.0,,0.0,0.0,0.0
2020-08-31,50.0,0.0,0.0,50.0,50.0,50.0,0.0,1100.0,55000.0,2.0,98.9,50.0,4005700.0,0.0,0.0,11307246524.0,11307246524.0,11307246524.0,0.0,0.0,,0.0,0.0,0.0
2020-09-01,50.0,0.0,0.0,50.0,50.0,50.0,0.0,100.0,5000.0,1.0,98.9,50.0,5266400.0,0.0,0.0,11307246524.0,11307246524.0,11307246524.0,0.0,0.0,,0.0,0.0,0.0
2020-09-02,50.0,0.0,0.0,50.0,50.0,50.0,0.0,100.0,5000.0,1.0,98.9,50.0,5478200.0,0.0,0.0,11307246524.0,11307246524.0,11307246524.0,0.0,0.0,,0.0,0.0,0.0
2020-09-03,50.0,0.0,0.0,50.0,50.0,50.0,0.0,100.0,5000.0,1.0,98.9,50.0,5866600.0,0.0,0.0,11307246524.0,11307246524.0,11307246524.0,0.0,0.0,,0.0,0.0,0.0
2020-09-04,50.0,0.0,0.0,50.0,50.0,50.0,0.0,100.0,5000.0,1.0,98.9,50.0,5406700.0,0.0,0.0,11307246524.0,11307246524.0,11307246524.0,0.0,0.0,,0.0,0.0,0.0
2020-09-07,50.0,0.0,0.0,50.0,50.0,50.0,0.0,500.0,25000.0,1.0,98.9,50.0,5294300.0,0.0,0.0,11307246524.0,11307246524.0,11307246524.0,0.0,0.0,,0.0,0.0,0.0
2020-09-08,50.0,0.0,0.0,50.0,50.0,50.0,0.0,100.0,5000.0,1.0,98.9,50.0,6455900.0,0.0,0.0,11307246524.0,11307246524.0,11307246524.0,0.0,0.0,,0.0,0.0,0.0
2020-09-09,50.0,0.0,0.0,50.0,50.0,50.0,0.0,100.0,5000.0,1.0,98.9,50.0,5759200.0,0.0,0.0,11307246524.0,11307246524.0,11307246524.0,0.0,0.0,,0.0,0.0,0.0
2020-09-10,50.0,0.0,0.0,50.0,50.0,50.0,0.0,100.0,5000.0,1.0,98.9,50.0,5402900.0,0.0,0.0,11307246524.0,11307246524.0,11307246524.0,0.0,0.0,,0.0,0.0,0.0
2020-09-11,50.0,0.0,0.0,0.0,0.0,50.0,0.0,0.0,0.0,0.0,98.9,50.0,5140700.0,0.0,0.0,11307246524.0,11307246524.0,11307246524.0,0.0,0.0,,0.0,0.0,0.0
2020-09-14,50.0,0.0,0.0,50.0,50.0,50.0,0.0,300.0,15000.0,1.0,98.9,50.0,5564100.0,0.0,0.0,11307246524.0,11307246524.0,11307246524.0,0.0,0.0,,0.0,0.0,0.0
2020-09-15,50.0,0.0,0.0,0.0,0.0,50.0,0.0,0.0,0.0,0.0,98.9,50.0,5142900.0,0.0,0.0,11307246524.0,11307246524.0,11307246524.0,0.0,0.0,,0.0,0.0,0.0
2020-09-16,50.0,0.0,0.0,0.0,0.0,50.0,0.0,0.0,0.0,0.0,98.9,50.0,4827700.0,0.0,0.0,11307246524.0,11307246524.0,11307246524.0,0.0,0.0,,0.0,0.0,0.0
2020-09-17,50.0,0.0,0.0,0.0,0.0,50.0,0.0,0.0,0.0,0.0,98.9,50.0,3288100.0,0.0,0.0,11307246524.0,11307246524.0,11307246524.0,0.0,0.0,,0.0,0.0,0.0
2020-09-18,50.0,0.0,0.0,50.0,50.0,50.0,0.0,600.0,30000.0,1.0,98.9,50.0,5281100.0,0.0,0.0,11307246524.0,11307246524.0,11307246524.0,0.0,0.0,,0.0,0.0,0.0
2020-09-21,50.0,0.0,0.0,0.0,0.0,50.0,0.0,0.0,0.0,0.0,98.9,50.0,9623800.0,0.0,0.0,11307246524.0,11307246524.0,11307246524.0,0.0,0.0,,0.0,0.0,0.0
2020-09-22,50.0,0.0,0.0,0.0,0.0,50.0,0.0,0.0,0.0,0.0,98.9,50.0,9409400.0,0.0,0.0,11307246524.0,11307246524.0,11307246524.0,0.0,0.0,,0.0,0.0,0.0
2020-09-23,50.0,0.0,0.0,50.0,50.0,50.0,0.0,8196200.0,409810000.0,14.0,98.9,50.0,2115600.0,0.0,0.0,11307246524.0,11307246524.0,11307246524.0,0.0,0.0,,0.0,0.0,0.0
2020-09-24,50.0,0.0,0.0,0.0,0.0,50.0,0.0,0.0,0.0,0.0,98.9,50.0,2953000.0,0.0,0.0,11307246524.0,11307246524.0,11307246524.0,0.0,0.0,,0.0,0.0,0.0
2020-09-25,50.0,0.0,0.0,50.0,50.0,50.0,0.0,2200.0,110000.0,1.0,98.9,50.0,2930800.0,0.0,0.0,11307246524.0,11307246524.0,11307246524.0,0.0,0.0,,0.0,0.0,0.0
2020-09-28,50.0,0.0,0.0,0.0,0.0,50.0,0.0,0.0,0.0,0.0,98.9,50.0,3501000.0,0.0,0.0,11307246524.0,11307246524.0,11307246524.0,0.0,0.0,,0.0,0.0,0.0
2020-09-29,50.0,0.0,0.0,50.0,50.0,50.0,0.0,500.0,25000.0,1.0,98.9,50.0,3824600.0,0.0,0.0,11307246524.0,11307246524.0,11307246524.0,0.0,0.0,,5000.0,5000.0,1.0
2020-09-30,50.0,0.0,0.0,0.0,0.0,50.0,0.0,0.0,0.0,0.0,98.9,50.0,3424600.0,0.0,0.0,11307246524.0,11307246524.0,11307246524.0,0.0,0.0,,0.0,0.0,0.0
2020-10-01,50.0,0.0,0.0,50.0,50.0,50.0,0.0,20900.0,1045000.0,2.0,98.9,50.0,3377800.0,0.0,0.0,11307246524.0,11307246524.0,11307246524.0,0.0,0.0,,0.0,0.0,0.0
2020-10-02,50.0,0.0,0.0,50.0,50.0,50.0,0.0,100.0,5000.0,1.0,98.9,50.0,3685100.0,0.0,0.0,11307246524.0,11307246524.0,11307246524.0,0.0,0.0,,0.0,0.0,0.0
2020-10-05,50.0,0.0,0.0,50.0,50.0,50.0,0.0,100.0,5000.0,1.0,98.9,50.0,3471600.0,0.0,0.0,11307246524.0,11307246524.0,11307246524.0,0.0,0.0,,0.0,0.0,0.0
2020-10-06,50.0,0.0,0.0,50.0,50.0,50.0,0.0,700.0,35000.0,7.0,98.9,50.0,3808400.0,0.0,0.0,11307246524.0,11307246524.0,11307246524.0,0.0,0.0,,0.0,0.0,0.0
2020-10-07,50.0,0.0,0.0,50.0,50.0,50.0,0.0,200.0,10000.0,2.0,98.9,50.0,3634800.0,0.0,0.0,11307246524.0,11307246524.0,11307246524.0,0.0,0.0,,0.0,0.0,0.0
2020-10-08,50.0,0.0,0.0,50.0,50.0,50.0,0.0,100.0,5000.0,1.0,98.9,50.0,3518600.0,0.0,0.0,11307246524.0,11307246524.0,11307246524.0,0.0,0.0,,0.0,0.0,0.0
2020-10-09,50.0,0.0,0.0,50.0,50.0,50.0,0.0,900.0,45000.0,9.0,98.9,50.0,3579100.0,0.0,0.0,11307246524.0,11307246524.0,11307246524.0,0.0,0.0,,0.0,0.0,0.0
2020-10-12,50.0,0.0,0.0,50.0,50.0,50.0,0.0,200.0,10000.0,2.0,98.9,50.0,3000800.0,0.0,0.0,11307246524.0,11307246524.0,11307246524.0,0.0,0.0,,0.0,0.0,0.0
2020-10-13,50.0,0.0,0.0,50.0,50.0,50.0,0.0,100.0,5000.0,1.0,98.9,50.0,3242500.0,0.0,0.0,11307246524.0,11307246524.0,11307246524.0,0.0,0.0,,0.0,0.0,0.0
2020-10-14,50.0,0.0,0.0,50.0,50.0,50.0,0.0,100.0,5000.0,1.0,98.9,50.0,3094000.0,0.0,0.0,11307246524.0,11307246524.0,11307246524.0,0.0,0.0,,0.0,0.0,0.0
2020-10-15,50.0,0.0,0.0,0.0,0.0,50.0,0.0,0.0,0.0,0.0,98.9,50.0,2988300.0,0.0,0.0,11307246524.0,11307246524.0,11307246524.0,0.0,0.0,,0.0,0.0,0.0
2020-10-16,50.0,0.0,0.0,50.0,50.0,50.0,0.0,200.0,10000.0,2.0,98.9,50.0,3003400.0,0.0,0.0,11307246524.0,11307246524.0,11307246524.0,0.0,0.0,,0.0,0.0,0.0
2020-10-19,50.0,0.0,0.0,50.0,50.0,50.0,0.0,200.0,10000.0,2.0,98.9,50.0,3139000.0,0.0,0.0,11307246524.0,11307246524.0,11307246524.0,0.0,0.0,,0.0,0.0,0.0
2020-10-20,50.0,0.0,0.0,0.0,0.0,50.0,0.0,0.0,0.0,0.0,98.9,50.0,2912700.0,0.0,0.0,11307246524.0,11307246524.0,11307246524.0,0.0,0.0,,0.0,0.0,0.0
2020-10-21,50.0,0.0,0.0,50.0,50.0,50.0,0.0,1100.0,55000.0,2.0,98.9,50.0,3473900.0,0.0,0.0,11307246524.0,11307246524.0,11307246524.0,0.0,0.0,,0.0,0.0,0.0
2020-10-22,50.0,0.0,0.0,50.0,50.0,50.0,0.0,100.0,5000.0,1.0,98.9,50.0,3325100.0,0.0,0.0,11307246524.0,11307246524.0,11307246524.0,0.0,0.0,,0.0,0.0,0.0
2020-10-23,50.0,0.0,0.0,50.0,50.0,50.0,0.0,200.0,10000.0,2.0,98.9,50.0,3021100.0,0.0,0.0,11307246524.0,11307246524.0,11307246524.0,0.0,0.0,,6891400.0,344570000.0,1.0
2020-10-26,50.0,0.0,0.0,50.0,50.0,50.0,0.0,1100.0,55000.0,2.0,98.9,50.0,3624600.0,0.0,0.0,11307246524.0,11307246524.0,11307246524.0,0.0,0.0,,0.0,0.0,0.0
2020-10-27,50.0,0.0,0.0,0.0,0.0,50.0,0.0,0.0,0.0,0.0,98.9,50.0,2764400.0,0.0,0.0,11307246524.0,11307246524.0,11307246524.0,0.0,0.0,,0.0,0.0,0.0
2020-11-02,50.0,0.0,0.0,0.0,0.0,50.0,0.0,0.0,0.0,0.0,98.9,50.0,2909000.0,0.0,0.0,11307246524.0,11307246524.0,11307246524.0,0.0,0.0,,0.0,0.0,0.0
2020-11-03,50.0,0.0,0.0,0.0,0.0,50.0,0.0,0.0,0.0,0.0,98.9,50.0,2783800.0,0.0,0.0,11307246524.0,11307246524.0,11307246524.0,0.0,0.0,,0.0,0.0,0.0
2020-11-04,50.0,0.0,0.0,50.0,50.0,50.0,0.0,100.0,5000.0,1.0,98.9,50.0,3153800.0,0.0,0.0,11307246524.0,11307246524.0,11307246524.0,0.0,0.0,,0.0,0.0,0.0
2020-11-05,50.0,0.0,0.0,50.0,50.0,50.0,0.0,5300.0,265000.0,53.0,98.9,50.0,3394000.0,0.0,0.0,11307246524.0,11307246524.0,11307246524.0,0.0,0.0,,0.0,0.0,0.0
2020-11-06,50.0,0.0,0.0,50.0,50.0,50.0,0.0,1300.0,65000.0,4.0,98.9,50.0,3543000.0,0.0,0.0,11307246524.0,11307246524.0,11307246524.0,0.0,0.0,,0.0,0.0,0.0
2020-11-09,50.0,0.0,0.0,50.0,50.0,50.0,0.0,100.0,5000.0,1.0,98.9,50.0,3349400.0,0.0,0.0,11307246524.0,11307246524.0,11307246524.0,0.0,0.0,,0.0,0.0,0.0
2020-11-10,50.0,0.0,0.0,50.0,50.0,50.0,0.0,2200.0,110000.0,4.0,98.9,50.0,2938200.0,0.0,0.0,11307246524.0,11307246524.0,11307246524.0,0.0,0.0,,0.0,0.0,0.0
2020-11-11,50.0,0.0,0.0,50.0,50.0,50.0,0.0,1100.0,55000.0,2.0,98.9,50.0,3490400.0,0.0,0.0,11307246524.0,11307246524.0,11307246524.0,0.0,0.0,,0.0,0.0,0.0
2020-11-12,50.0,0.0,0.0,50.0,50.0,50.0,0.0,900.0,45000.0,3.0,98.9,50.0,3497900.0,0.0,0.0,11307246524.0,11307246524.0,11307246524.0,0.0,0.0,,0.0,0.0,0.0
2020-11-13,50.0,0.0,0.0,50.0,50.0,50.0,0.0,300.0,15000.0,2.0,98.9,50.0,3400600.0,0.0,0.0,11307246524.0,11307246524.0,11307246524.0,0.0,0.0,,0.0,0.0,0.0
2020-11-16,50.0,0.0,0.0,50.0,50.0,50.0,0.0,10300.0,515000.0,2.0,98.9,50.0,2843200.0,0.0,0.0,11307246524.0,11307246524.0,11307246524.0,0.0,0.0,,0.0,0.0,0.0
2020-11-17,50.0,0.0,0.0,50.0,50.0,50.0,0.0,100.0,5000.0,1.0,98.9,50.0,3355300.0,0.0,0.0,11307246524.0,11307246524.0,11307246524.0,0.0,0.0,,0.0,0.0,0.0
2020-11-18,50.0,0.0,0.0,50.0,50.0,50.0,0.0,2200.0,110000.0,2.0,98.9,50.0,2950400.0,0.0,0.0,11307246524.0,11307246524.0,11307246524.0,0.0,0.0,,0.0,0.0,0.0
2020-11-19,50.0,0.0,0.0,50.0,50.0,50.0,0.0,1400.0,70000.0,4.0,98.9,50.0,3291500.0,0.0,0.0,11307246524.0,11307246524.0,11307246524.0,0.0,0.0,,0.0,0.0,0.0
2020-11-20,50.0,0.0,0.0,50.0,50.0,50.0,0.0,700.0,35000.0,3.0,98.9,50.0,3138200.0,0.0,0.0,11307246524.0,11307246524.0,11307246524.0,0.0,0.0,,0.0,0.0,0.0
2020-11-23,50.0,0.0,0.0,50.0,50.0,50.0,0.0,2000.0,100000.0,6.0,98.9,50.0,3400900.0,0.0,0.0,11307246524.0,11307246524.0,11307246524.0,0.0,0.0,,0.0,0.0,0.0
2020-11-24,50.0,0.0,0.0,50.0,50.0,50.0,0.0,7000.0,350000.0,2.0,98.9,50.0,2376500.0,0.0,0.0,11307246524.0,11307246524.0,11307246524.0,0.0,0.0,,0.0,0.0,0.0
2020-11-25,50.0,0.0,0.0,50.0,50.0,50.0,0.0,700.0,35000.0,4.0,98.9,50.0,2322400.0,0.0,0.0,11307246524.0,11307246524.0,11307246524.0,0.0,0.0,,0.0,0.0,0.0
2020-11-26,50.0,0.0,0.0,50.0,50.0,50.0,0.0,100.0,5000.0,1.0,98.9,50.0,3660000.0,0.0,0.0,11307246524.0,11307246524.0,11307246524.0,0.0,0.0,,0.0,0.0,0.0
2020-11-27,50.0,0.0,0.0,50.0,50.0,50.0,0.0,14200.0,710000.0,6.0,98.9,50.0,4088700.0,0.0,0.0,11307246524.0,11307246524.0,11307246524.0,0.0,0.0,,0.0,0.0,0.0
2020-11-30,50.0,0.0,0.0,50.0,50.0,50.0,0.0,104400.0,5220000.0,5.0,98.9,50.0,3315100.0,0.0,0.0,11307246524.0,11307246524.0,11307246524.0,0.0,0.0,,0.0,0.0,0.0
2020-12-01,50.0,0.0,0.0,50.0,50.0,50.0,0.0,18200.0,910000.0,4.0,98.9,50.0,3438600.0,0.0,0.0,11307246524.0,11307246524.0,11307246524.0,0.0,0.0,,0.0,0.0,0.0
2020-12-02,50.0,0.0,0.0,50.0,50.0,50.0,0.0,800.0,40000.0,3.0,98.9,50.0,3768500.0,0.0,0.0,11307246524.0,11307246524.0,11307246524.0,0.0,0.0,,0.0,0.0,0.0
2020-12-03,50.0,0.0,0.0,50.0,50.0,50.0,0.0,2000.0,100000.0,9.0,98.9,50.0,3505400.0,0.0,0.0,11307246524.0,11307246524.0,11307246524.0,0.0,0.0,,0.0,0.0,0.0
2020-12-04,50.0,0.0,0.0,50.0,50.0,50.0,0.0,4700.0,235000.0,3.0,98.9,50.0,3510500.0,0.0,0.0,11307246524.0,11307246524.0,11307246524.0,0.0,0.0,,975000.0,48750000.0,1.0
2020-12-07,50.0,0.0,0.0,50.0,50.0,50.0,0.0,19200.0,960000.0,20.0,98.9,50.0,3680700.0,0.0,0.0,11307246524.0,11307246524.0,11307246524.0,0.0,0.0,,0.0,0.0,0.0
2020-12-08,50.0,0.0,0.0,50.0,50.0,50.0,0.0,52000.0,2600000.0,9.0,98.9,50.0,3510600.0,0.0,0.0,11307246524.0,11307246524.0,11307246524.0,0.0,0.0,,0.0,0.0,0.0
2020-12-10,50.0,0.0,0.0,50.0,50.0,50.0,0.0,44100.0,2205000.0,9.0,98.9,50.0,3831800.0,0.0,0.0,11307246524.0,11307246524.0,11307246524.0,0.0,0.0,,0.0,0.0,0.0
2020-12-11,50.0,0.0,0.0,50.0,50.0,50.0,0.0,500.0,25000.0,2.0,98.9,50.0,4019800.0,0.0,0.0,11307246524.0,11307246524.0,11307246524.0,0.0,0.0,,0.0,0.0,0.0
2020-12-14,50.0,0.0,0.0,50.0,50.0,50.0,0.0,67800.0,3390000.0,13.0,98.9,50.0,4069400.0,0.0,0.0,11307246524.0,11307246524.0,11307246524.0,0.0,0.0,,0.0,0.0,0.0
2020-12-15,50.0,0.0,0.0,50.0,50.0,50.0,0.0,7900.0,395000.0,7.0,98.9,50.0,3329300.0,0.0,0.0,11307246524.0,11307246524.0,11307246524.0,0.0,0.0,,0.0,0.0,0.0
2020-12-16,50.0,0.0,0.0,50.0,50.0,50.0,0.0,1100.0,55000.0,2.0,98.9,50.0,2969000.0,0.0,0.0,11307246524.0,11307246524.0,11307246524.0,0.0,0.0,,0.0,0.0,0.0
2020-12-17,50.0,0.0,0.0,50.0,50.0,50.0,0.0,10100.0,505000.0,2.0,98.9,50.0,3170500.0,0.0,0.0,11307246524.0,11307246524.0,11307246524.0,0.0,0.0,,0.0,0.0,0.0
2020-12-18,50.0,0.0,0.0,50.0,50.0,50.0,0.0,10700.0,535000.0,5.0,98.9,50.0,2946100.0,0.0,0.0,11307246524.0,11307246524.0,11307246524.0,0.0,0.0,,0.0,0.0,0.0
2020-12-21,50.0,0.0,0.0,50.0,50.0,50.0,0.0,15100.0,755000.0,6.0,98.9,50.0,2887800.0,0.0,0.0,11307246524.0,11307246524.0,11307246524.0,0.0,0.0,,0.0,0.0,0.0
2020-12-22,50.0,0.0,0.0,50.0,50.0,50.0,0.0,600.0,30000.0,4.0,98.9,50.0,2581200.0,0.0,0.0,11307246524.0,11307246524.0,11307246524.0,0.0,0.0,,0.0,0.0,0.0
2020-12-23,50.0,0.0,0.0,50.0,50.0,50.0,0.0,200.0,10000.0,2.0,98.9,50.0,2839600.0,0.0,0.0,11307246524.0,11307246524.0,11307246524.0,0.0,0.0,,0.0,0.0,0.0
2020-12-28,50.0,0.0,0.0,50.0,50.0,50.0,0.0,9400.0,470000.0,6.0,98.9,50.0,2950300.0,0.0,0.0,11307246524.0,11307246524.0,11307246524.0,0.0,0.0,,0.0,0.0,0.0
2020-12-29,50.0,0.0,0.0,50.0,50.0,50.0,0.0,100.0,5000.0,1.0,98.9,50.0,2969500.0,0.0,0.0,11307246524.0,11307246524.0,11307246524.0,0.0,0.0,,0.0,0.0,0.0
2020-12-30,50.0,0.0,0.0,50.0,50.0,50.0,0.0,100.0,5000.0,1.0,98.9,50.0,2117400.0,0.0,0.0,11307246524.0,11307246524.0,11307246524.0,0.0,0.0,,0.0,0.0,0.0
2021-01-04,50.0,0.0,0.0,50.0,50.0,50.0,0.0,12900.0,645000.0,4.0,98.9,50.0,3241500.0,0.0,0.0,11307246524.0,11307246524.0,11307246524.0,0.0,0.0,,0.0,0.0,0.0
2021-01-05,50.0,0.0,0.0,50.0,50.0,50.0,0.0,23500.0,1175000.0,6.0,98.9,50.0,3138100.0,0.0,0.0,11307246524.0,11307246524.0,11307246524.0,0.0,0.0,,0.0,0.0,0.0
2021-01-06,50.0,0.0,0.0,50.0,50.0,50.0,0.0,10600.0,530000.0,2.0,98.9,50.0,3763000.0,0.0,0.0,11307246524.0,11307246524.0,11307246524.0,0.0,0.0,,0.0,0.0,0.0
2021-01-07,50.0,0.0,0.0,50.0,50.0,50.0,0.0,13900.0,695000.0,26.0,98.9,50.0,3840000.0,0.0,0.0,11307246524.0,11307246524.0,11307246524.0,0.0,0.0,,0.0,0.0,0.0
2021-01-08,50.0,0.0,0.0,0.0,0.0,50.0,0.0,0.0,0.0,0.0,98.9,50.0,3622300.0,0.0,0.0,11307246524.0,11307246524.0,11307246524.0,0.0,0.0,,0.0,0.0,0.0
2021-01-11,50.0,0.0,0.0,50.0,50.0,50.0,0.0,10500.0,525000.0,3.0,98.9,50.0,3880200.0,0.0,0.0,11307246524.0,11307246524.0,11307246524.0,0.0,0.0,,0.0,0.0,0.0
2021-01-12,50.0,0.0,0.0,50.0,50.0,50.0,0.0,11400.0,570000.0,5.0,98.9,50.0,3403300.0,0.0,0.0,11307246524.0,11307246524.0,11307246524.0,0.0,0.0,,0.0,0.0,0.0
2021-01-13,50.0,0.0,0.0,50.0,50.0,50.0,0.0,28300.0,1415000.0,9.0,98.9,50.0,3377700.0,0.0,0.0,11307246524.0,11307246524.0,11307246524.0,0.0,0.0,,0.0,0.0,0.0
2021-01-14,50.0,0.0,0.0,50.0,50.0,50.0,0.0,400.0,20000.0,1.0,98.9,50.0,3434500.0,0.0,0.0,11307246524.0,11307246524.0,11307246524.0,0.0,0.0,,0.0,0.0,0.0
2021-01-15,50.0,0.0,0.0,50.0,50.0,50.0,0.0,9200.0,460000.0,4.0,98.9,50.0,3446300.0,0.0,0.0,11307246524.0,11307246524.0,11307246524.0,0.0,0.0,,0.0,0.0,0.0
2021-01-18,50.0,0.0,0.0,50.0,50.0,50.0,0.0,12100.0,605000.0,3.0,98.9,50.0,3487500.0,0.0,0.0,11307246524.0,11307246524.0,11307246524.0,0.0,0.0,,0.0,0.0,0.0
2021-01-19,50.0,0.0,0.0,50.0,50.0,50.0,0.0,5300.0,265000.0,4.0,98.9,50.0,3451300.0,0.0,0.0,11307246524.0,11307246524.0,11307246524.0,0.0,0.0,,0.0,0.0,0.0
2021-01-20,50.0,0.0,0.0,0.0,0.0,50.0,0.0,0.0,0.0,0.0,98.9,50.0,3113400.0,0.0,0.0,11307246524.0,11307246524.0,11307246524.0,0.0,0.0,,0.0,0.0,0.0
2021-01-21,50.0,0.0,0.0,50.0,50.0,50.0,0.0,1003200.0,50160000.0,9.0,98.9,50.0,3399400.0,0.0,0.0,11307246524.0,11307246524.0,11307246524.0,0.0,0.0,,0.0,0.0,0.0
2021-01-22,50.0,0.0,0.0,50.0,50.0,50.0,0.0,400.0,20000.0,3.0,98.9,50.0,2368200.0,0.0,0.0,11307246524.0,11307246524.0,11307246524.0,0.0,0.0,,0.0,0.0,0.0
2021-01-25,50.0,0.0,0.0,50.0,50.0,50.0,0.0,200.0,10000.0,1.0,98.9,50.0,2007600.0,0.0,0.0,11307246524.0,11307246524.0,11307246524.0,0.0,0.0,,0.0,0.0,0.0
2021-01-26,50.0,0.0,0.0,50.0,50.0,50.0,0.0,300.0,15000.0,2.0,98.9,50.0,3416800.0,0.0,0.0,11307246524.0,11307246524.0,11307246524.0,0.0,0.0,,0.0,0.0,0.0
2021-01-27,50.0,0.0,0.0,50.0,50.0,50.0,0.0,5400.0,270000.0,4.0,98.9,50.0,3474200.0,0.0,0.0,11307246524.0,11307246524.0,11307246524.0,0.0,0.0,,0.0,0.0,0.0
2021-01-28,50.0,0.0,0.0,50.0,50.0,50.0,0.0,100.0,5000.0,1.0,98.9,50.0,2313000.0,0.0,0.0,11307246524.0,11307246524.0,11307246524.0,0.0,0.0,,0.0,0.0,0.0
2021-01-29,50.0,0.0,0.0,0.0,0.0,50.0,0.0,0.0,0.0,0.0,98.9,50.0,3332300.0,0.0,0.0,11307246524.0,11307246524.0,11307246524.0,0.0,0.0,,0.0,0.0,0.0
2021-02-01,50.0,0.0,0.0,50.0,50.0,50.0,0.0,1800.0,90000.0,2.0,98.9,50.0,3601500.0,0.0,0.0,11307246524.0,11307246524.0,11307246524.0,0.0,0.0,,0.0,0.0,0.0
2021-02-02,50.0,0.0,0.0,50.0,50.0,50.0,0.0,200.0,10000.0,2.0,98.9,50.0,3661500.0,0.0,0.0,11307246524.0,11307246524.0,11307246524.0,0.0,0.0,,0.0,0.0,0.0
2021-02-03,50.0,0.0,0.0,50.0,50.0,50.0,0.0,400.0,20000.0,2.0,98.9,50.0,2683100.0,0.0,0.0,11307246524.0,11307246524.0,11307246524.0,0.0,0.0,,0.0,0.0,0.0
2021-02-04,50.0,0.0,0.0,50.0,50.0,50.0,0.0,400.0,20000.0,3.0,98.9,50.0,3537600.0,0.0,0.0,11307246524.0,11307246524.0,11307246524.0,0.0,0.0,,0.0,0.0,0.0
2021-02-05,50.0,0.0,0.0,0.0,0.0,50.0,0.0,0.0,0.0,0.0,98.9,50.0,2309900.0,0.0,0.0,11307246524.0,11307246524.0,11307246524.0,0.0,0.0,,0.0,0.0,0.0
2021-02-08,50.0,0.0,0.0,50.0,50.0,50.0,0.0,29100.0,1455000.0,5.0,98.9,50.0,2691600.0,0.0,0.0,11307246524.0,11307246524.0,11307246524.0,0.0,0.0,,0.0,0.0,0.0
2021-02-09,50.0,0.0,0.0,50.0,50.0,50.0,0.0,576000.0,28800000.0,45.0,98.9,50.0,1561700.0,0.0,0.0,11307246524.0,11307246524.0,11307246524.0,0.0,0.0,,0.0,0.0,0.0
2021-02-10,50.0,0.0,0.0,50.0,50.0,50.0,0.0,214700.0,10735000.0,38.0,98.9,50.0,1847700.0,0.0,0.0,11307246524.0,11307246524.0,11307246524.0,0.0,0.0,,0.0,0.0,0.0
2021-02-11,50.0,0.0,0.0,50.0,50.0,50.0,0.0,900.0,45000.0,3.0,98.9,50.0,2506600.0,0.0,0.0,11307246524.0,11307246524.0,11307246524.0,0.0,0.0,,0.0,0.0,0.0
2021-02-15,50.0,0.0,0.0,50.0,50.0,50.0,0.0,6100.0,305000.0,6.0,98.9,50.0,2327300.0,0.0,0.0,11307246524.0,11307246524.0,11307246524.0,0.0,0.0,,0.0,0.0,0.0
2021-02-16,50.0,0.0,0.0,50.0,50.0,50.0,0.0,4900.0,245000.0,5.0,98.9,50.0,2309200.0,0.0,0.0,11307246524.0,11307246524.0,11307246524.0,0.0,0.0,,0.0,0.0,0.0
2021-02-17,50.0,0.0,0.0,50.0,50.0,50.0,0.0,1800.0,90000.0,5.0,98.9,50.0,2658600.0,0.0,0.0,11307246524.0,11307246524.0,11307246524.0,0.0,0.0,,0.0,0.0,0.0
2021-02-18,50.0,0.0,0.0,50.0,50.0,50.0,0.0,400.0,20000.0,1.0,98.9,50.0,2552200.0,0.0,0.0,11307246524.0,11307246524.0,11307246524.0,0.0,0.0,,0.0,0.0,0.0
2021-02-19,50.0,0.0,0.0,50.0,50.0,50.0,0.0,51000.0,2550000.0,9.0,98.9,50.0,2639800.0,0.0,0.0,11307246524.0,11307246524.0,11307246524.0,0.0,0.0,,0.0,0.0,0.0
2021-02-22,50.0,0.0,0.0,50.0,50.0,50.0,0.0,1800.0,90000.0,6.0,98.9,50.0,2936900.0,0.0,0.0,11307246524.0,11307246524.0,11307246524.0,0.0,0.0,,0.0,0.0,0.0
2021-02-23,50.0,0.0,0.0,50.0,50.0,50.0,0.0,2900.0,145000.0,4.0,98.9,50.0,2569700.0,0.0,0.0,11307246524.0,11307246524.0,11307246524.0,0.0,0.0,,0.0,0.0,0.0
2021-02-24,50.0,0.0,0.0,50.0,50.0,50.0,0.0,6300.0,315000.0,6.0,98.9,50.0,2784600.0,0.0,0.0,11307246524.0,11307246524.0,11307246524.0,0.0,0.0,,0.0,0.0,0.0
2021-02-25,50.0,0.0,0.0,50.0,50.0,50.0,0.0,2400.0,120000.0,5.0,98.9,50.0,3127700.0,0.0,0.0,11307246524.0,11307246524.0,11307246524.0,0.0,0.0,,0.0,0.0,0.0
2021-02-26,50.0,0.0,0.0,50.0,50.0,50.0,0.0,600.0,30000.0,4.0,98.9,50.0,2749300.0,0.0,0.0,11307246524.0,11307246524.0,11307246524.0,0.0,0.0,,0.0,0.0,0.0
2021-03-01,50.0,0.0,0.0,50.0,50.0,50.0,0.0,12700.0,635000.0,12.0,98.9,50.0,3119800.0,0.0,0.0,11307246524.0,11307246524.0,11307246524.0,0.0,0.0,,0.0,0.0,0.0
2021-03-02,50.0,0.0,0.0,50.0,50.0,50.0,0.0,40500.0,2025000.0,10.0,98.9,50.0,3019800.0,0.0,0.0,11307246524.0,11307246524.0,11307246524.0,0.0,0.0,,0.0,0.0,0.0
2021-03-03,50.0,0.0,0.0,50.0,50.0,50.0,0.0,2100.0,105000.0,6.0,98.9,50.0,3033100.0,0.0,0.0,11307246524.0,11307246524.0,11307246524.0,0.0,0.0,,0.0,0.0,0.0
2021-03-04,50.0,0.0,0.0,50.0,50.0,50.0,0.0,31100.0,1555000.0,14.0,98.9,50.0,2878500.0,0.0,0.0,11307246524.0,11307246524.0,11307246524.0,0.0,0.0,,0.0,0.0,0.0
2021-03-05,50.0,0.0,0.0,50.0,50.0,50.0,0.0,52500.0,2625000.0,19.0,98.9,50.0,2893400.0,0.0,0.0,11307246524.0,11307246524.0,11307246524.0,0.0,0.0,,0.0,0.0,0.0
2021-03-08,50.0,0.0,0.0,50.0,50.0,50.0,0.0,34900.0,1745000.0,8.0,98.9,50.0,3019200.0,0.0,0.0,11307246524.0,11307246524.0,11307246524.0,0.0,0.0,,165100.0,8255000.0,1.0
2021-03-09,50.0,0.0,0.0,50.0,50.0,50.0,0.0,22400.0,1120000.0,6.0,98.9,50.0,2619500.0,0.0,0.0,11307246524.0,11307246524.0,11307246524.0,0.0,0.0,,0.0,0.0,0.0
2021-03-10,50.0,0.0,0.0,50.0,50.0,50.0,0.0,5500.0,275000.0,2.0,98.9,50.0,3631100.0,0.0,0.0,11307246524.0,11307246524.0,11307246524.0,0.0,0.0,,0.0,0.0,0.0
2021-03-12,50.0,0.0,0.0,50.0,50.0,50.0,0.0,52800.0,2640000.0,9.0,98.9,50.0,3675000.0,0.0,0.0,11307246524.0,11307246524.0,11307246524.0,0.0,0.0,,0.0,0.0,0.0
2021-03-15,50.0,0.0,0.0,50.0,50.0,50.0,0.0,11500.0,575000.0,8.0,98.9,50.0,3048800.0,0.0,0.0,11307246524.0,11307246524.0,11307246524.0,0.0,0.0,,0.0,0.0,0.0
2021-03-16,50.0,0.0,0.0,50.0,50.0,50.0,0.0,85500.0,4275000.0,12.0,98.9,50.0,3074100.0,0.0,0.0,11307246524.0,11307246524.0,11307246524.0,0.0,0.0,,0.0,0.0,0.0
2021-03-17,50.0,0.0,0.0,50.0,50.0,50.0,0.0,9600.0,480000.0,6.0,98.9,50.0,3063800.0,0.0,0.0,11307246524.0,11307246524.0,11307246524.0,0.0,0.0,,0.0,0.0,0.0
2021-03-18,50.0,0.0,0.0,50.0,50.0,50.0,0.0,21100.0,1055000.0,4.0,98.9,50.0,3130100.0,0.0,0.0,11307246524.0,11307246524.0,11307246524.0,0.0,0.0,,0.0,0.0,0.0
2021-03-19,50.0,0.0,0.0,50.0,50.0,50.0,0.0,13700.0,685000.0,7.0,98.9,50.0,2136400.0,0.0,0.0,11307246524.0,11307246524.0,11307246524.0,0.0,0.0,,0.0,0.0,0.0
2021-03-22,50.0,0.0,0.0,50.0,50.0,50.0,0.0,140000.0,7000000.0,6.0,98.9,50.0,3470800.0,0.0,0.0,11307246524.0,11307246524.0,11307246524.0,0.0,0.0,,0.0,0.0,0.0
2021-03-23,50.0,0.0,0.0,50.0,50.0,50.0,0.0,54100.0,2705000.0,5.0,98.9,50.0,3616600.0,0.0,0.0,11307246524.0,11307246524.0,11307246524.0,0.0,0.0,,0.0,0.0,0.0
2021-03-24,50.0,0.0,0.0,50.0,50.0,50.0,0.0,2000.0,100000.0,1.0,98.9,50.0,2409700.0,0.0,0.0,11307246524.0,11307246524.0,11307246524.0,0.0,0.0,,0.0,0.0,0.0
2021-03-25,50.0,0.0,0.0,50.0,50.0,50.0,0.0,100.0,5000.0,1.0,98.9,50.0,2374000.0,0.0,0.0,11307246524.0,11307246524.0,11307246524.0,0.0,0.0,,0.0,0.0,0.0
2021-03-26,50.0,0.0,0.0,50.0,50.0,50.0,0.0,200.0,10000.0,2.0,98.9,50.0,2733100.0,0.0,0.0,11307246524.0,11307246524.0,11307246524.0,0.0,0.0,,0.0,0.0,0.0
2021-03-29,50.0,0.0,0.0,50.0,50.0,50.0,0.0,400.0,20000.0,3.0,98.9,50.0,2362600.0,0.0,0.0,11307246524.0,11307246524.0,11307246524.0,0.0,0.0,,0.0,0.0,0.0
2021-03-30,50.0,0.0,0.0,50.0,50.0,50.0,0.0,200.0,10000.0,2.0,98.9,50.0,2955300.0,0.0,0.0,11307246524.0,11307246524.0,11307246524.0,0.0,0.0,,0.0,0.0,0.0
2021-03-31,50.0,0.0,0.0,50.0,50.0,50.0,0.0,6500.0,325000.0,6.0,98.9,50.0,2380400.0,0.0,0.0,11307246524.0,11307246524.0,11307246524.0,0.0,0.0,,0.0,0.0,0.0
2021-04-01,50.0,0.0,0.0,50.0,50.0,50.0,0.0,900.0,45000.0,3.0,98.9,50.0,3074800.0,0.0,0.0,11307246524.0,11307246524.0,11307246524.0,0.0,0.0,,0.0,0.0,0.0
2021-04-05,50.0,0.0,0.0,50.0,50.0,50.0,0.0,18500.0,925000.0,10.0,98.9,50.0,2251200.0,0.0,0.0,11307246524.0,11307246524.0,11307246524.0,0.0,0.0,,0.0,0.0,0.0
2021-04-06,50.0,0.0,0.0,50.0,50.0,50.0,0.0,3600.0,180000.0,6.0,98.9,50.0,3762500.0,0.0,0.0,11307246524.0,11307246524.0,11307246524.0,0.0,0.0,,33600.0,1680000.0,1.0
2021-04-07,50.0,0.0,0.0,50.0,50.0,50.0,0.0,3500.0,175000.0,5.0,98.9,50.0,3048600.0,0.0,0.0,11307246524.0,11307246524.0,11307246524.0,0.0,0.0,,0.0,0.0,0.0
2021-04-08,50.0,0.0,0.0,50.0,50.0,50.0,0.0,6700.0,335000.0,61.0,98.9,50.0,2465400.0,0.0,0.0,11307246524.0,11307246524.0,11307246524.0,0.0,0.0,,0.0,0.0,0.0
2021-04-09,50.0,0.0,0.0,50.0,50.0,50.0,0.0,74100.0,3705000.0,13.0,98.9,50.0,2982200.0,0.0,0.0,11307246524.0,11307246524.0,11307246524.0,0.0,0.0,,0.0,0.0,0.0
2021-04-12,50.0,0.0,0.0,50.0,50.0,50.0,0.0,56100.0,2805000.0,6.0,98.9,50.0,3455800.0,0.0,0.0,11307246524.0,11307246524.0,11307246524.0,0.0,0.0,,0.0,0.0,0.0
2021-04-13,50.0,0.0,0.0,50.0,50.0,50.0,0.0,1700.0,85000.0,9.0,98.9,50.0,3295300.0,0.0,0.0,11307246524.0,11307246524.0,11307246524.0,0.0,0.0,,0.0,0.0,0.0
2021-04-14,50.0,0.0,0.0,50.0,50.0,50.0,0.0,12000.0,600000.0,7.0,98.9,50.0,3424100.0,0.0,0.0,11307246524.0,11307246524.0,11307246524.0,0.0,0.0,,0.0,0.0,0.0
2021-04-15,50.0,0.0,0.0,50.0,50.0,50.0,0.0,10400.0,520000.0,3.0,98.9,50.0,3500800.0,0.0,0.0,11307246524.0,11307246524.0,11307246524.0,0.0,0.0,,0.0,0.0,0.0
2021-04-16,50.0,0.0,0.0,50.0,50.0,50.0,0.0,1400.0,70000.0,6.0,98.9,50.0,3514600.0,0.0,0.0,11307246524.0,11307246524.0,11307246524.0,0.0,0.0,,0.0,0.0,0.0
2021-04-19,50.0,0.0,0.0,50.0,50.0,50.0,0.0,10200.0,510000.0,9.0,98.9,50.0,2941100.0,0.0,0.0,11307246524.0,11307246524.0,11307246524.0,0.0,0.0,,0.0,0.0,0.0
2021-04-20,50.0,0.0,0.0,50.0,50.0,50.0,0.0,40500.0,2025000.0,4.0,98.9,50.0,3153800.0,0.0,0.0,11307246524.0,11307246524.0,11307246524.0,0.0,0.0,,0.0,0.0,0.0
2021-04-21,50.0,0.0,0.0,50.0,50.0,50.0,0.0,40700.0,2035000.0,4.0,98.9,50.0,3647100.0,0.0,0.0,11307246524.0,11307246524.0,11307246524.0,0.0,0.0,,0.0,0.0,0.0
2021-04-22,50.0,0.0,0.0,67.0,50.0,50.0,0.0,74749800.0,4300286900.0,4798.0,98.9,50.0,3278000.0,0.0,0.0,11307246524.0,11307246524.0,11307246524.0,21000.0,685400.0,,0.0,0.0,0.0
2021-04-23,50.0,0.0,0.0,55.0,50.0,50.0,0.0,12325200.0,628630400.0,893.0,98.9,50.0,2253500.0,0.0,0.0,11307246524.0,11307246524.0,11307246524.0,0.0,241600.0,,0.0,0.0,0.0
2021-04-26,50.0,0.0,0.0,50.0,50.0,50.0,0.0,240500.0,12025000.0,32.0,98.9,50.0,3353800.0,0.0,0.0,11307246524.0,11307246524.0,11307246524.0,0.0,0.0,,0.0,0.0,0.0
2021-04-27,50.0,0.0,0.0,50.0,50.0,50.0,0.0,15800.0,790000.0,10.0,98.9,50.0,5292700.0,0.0,0.0,11307246524.0,11307246524.0,11307246524.0,0.0,0.0,,0.0,0.0,0.0
2021-04-28,50.0,0.0,0.0,50.0,50.0,50.0,0.0,133900.0,6695000.0,23.0,98.9,50.0,6323900.0,0.0,0.0,11307246524.0,11307246524.0,11307246524.0,0.0,0.0,,0.0,0.0,0.0
2021-04-29,50.0,0.0,0.0,50.0,50.0,50.0,0.0,22200.0,1110000.0,13.0,98.9,50.0,4556400.0,0.0,0.0,11307246524.0,11307246524.0,11307246524.0,0.0,0.0,,0.0,0.0,0.0
2021-04-30,50.0,0.0,0.0,50.0,50.0,50.0,0.0,6200.0,310000.0,10.0,98.9,50.0,5229600.0,0.0,0.0,11307246524.0,11307246524.0,11307246524.0,0.0,0.0,,0.0,0.0,0.0
2021-05-03,50.0,0.0,0.0,50.0,50.0,50.0,0.0,37300.0,1865000.0,12.0,98.9,50.0,6920500.0,0.0,0.0,11307246524.0,11307246524.0,11307246524.0,0.0,0.0,,0.0,0.0,0.0
2021-05-04,50.0,0.0,0.0,50.0,50.0,50.0,0.0,18000.0,900000.0,11.0,98.9,50.0,7442800.0,0.0,0.0,11307246524.0,11307246524.0,11307246524.0,0.0,0.0,,0.0,0.0,0.0
2021-05-05,50.0,0.0,0.0,50.0,50.0,50.0,0.0,1200.0,60000.0,6.0,98.9,50.0,8516700.0,0.0,0.0,11307246524.0,11307246524.0,11307246524.0,0.0,0.0,,0.0,0.0,0.0
2021-05-06,50.0,0.0,0.0,50.0,50.0,50.0,0.0,28900.0,1445000.0,9.0,98.9,50.0,6026000.0,0.0,0.0,11307246524.0,11307246524.0,11307246524.0,0.0,0.0,,0.0,0.0,0.0
2021-05-07,50.0,0.0,0.0,50.0,50.0,50.0,0.0,4200.0,210000.0,13.0,98.9,50.0,5275300.0,0.0,0.0,11307246524.0,11307246524.0,11307246524.0,0.0,0.0,,0.0,0.0,0.0
2021-05-10,50.0,0.0,0.0,50.0,50.0,50.0,0.0,3000.0,150000.0,8.0,98.9,50.0,5720000.0,0.0,0.0,11307246524.0,11307246524.0,11307246524.0,0.0,0.0,,561500.0,16845000.0,1.0
2021-05-11,50.0,0.0,0.0,50.0,50.0,50.0,0.0,700.0,35000.0,4.0,98.9,50.0,6093700.0,0.0,0.0,11307246524.0,11307246524.0,11307246524.0,0.0,0.0,,0.0,0.0,0.0
2021-05-17,50.0,0.0,0.0,50.0,50.0,50.0,0.0,30900.0,1545000.0,4.0,98.9,50.0,4504700.0,0.0,0.0,11307246524.0,11307246524.0,11307246524.0,0.0,0.0,,0.0,0.0,0.0
2021-05-18,50.0,0.0,0.0,50.0,50.0,50.0,0.0,12000.0,600000.0,4.0,98.9,50.0,6176600.0,0.0,0.0,11307246524.0,11307246524.0,11307246524.0,0.0,0.0,,0.0,0.0,0.0
2021-05-19,50.0,0.0,0.0,50.0,50.0,50.0,0.0,3400.0,170000.0,8.0,98.9,50.0,4642800.0,0.0,0.0,11307246524.0,11307246524.0,11307246524.0,0.0,0.0,,0.0,0.0,0.0
2021-05-20,50.0,0.0,0.0,50.0,50.0,50.0,0.0,600.0,30000.0,2.0,98.9,50.0,4722700.0,0.0,0.0,11307246524.0,11307246524.0,11307246524.0,0.0,0.0,,0.0,0.0,0.0
2021-05-21,50.0,0.0,0.0,50.0,50.0,50.0,0.0,700.0,35000.0,3.0,98.9,50.0,4731400.0,0.0,0.0,11307246524.0,11307246524.0,11307246524.0,0.0,0.0,,0.0,0.0,0.0
2021-05-22,50.0,0.0,0.0,0.0,0.0,50.0,0.0,0.0,0.0,0.0,98.9,0.0,0.0,0.0,0.0,11307246524.0,11307246524.0,11307246524.0,0.0,0.0,,0.0,0.0,0.0
2021-05-24,50.0,0.0,0.0,50.0,50.0,50.0,0.0,21600.0,1080000.0,8.0,98.9,50.0,5736700.0,0.0,0.0,11307246524.0,11307246524.0,11307246524.0,0.0,0.0,,0.0,0.0,0.0
2021-05-25,50.0,0.0,0.0,50.0,50.0,50.0,0.0,6300.0,315000.0,6.0,98.9,50.0,6244800.0,0.0,0.0,11307246524.0,11307246524.0,11307246524.0,0.0,0.0,,191000000.0,9550000000.0,1.0
2021-05-27,50.0,0.0,0.0,50.0,50.0,50.0,0.0,20200.0,1010000.0,3.0,98.9,50.0,6808000.0,0.0,0.0,11307246524.0,11307246524.0,11307246524.0,0.0,0.0,,0.0,0.0,0.0
2021-05-28,50.0,0.0,0.0,50.0,50.0,50.0,0.0,30700.0,1535000.0,7.0,98.9,50.0,6525100.0,0.0,0.0,11307246524.0,11307246524.0,11307246524.0,0.0,0.0,,0.0,0.0,0.0
2021-05-31,50.0,0.0,0.0,50.0,50.0,50.0,0.0,300.0,15000.0,2.0,98.9,50.0,4877300.0,0.0,0.0,11307246524.0,11307246524.0,11307246524.0,0.0,0.0,,0.0,0.0,0.0
2021-06-02,50.0,0.0,0.0,50.0,50.0,50.0,0.0,1100.0,55000.0,7.0,98.9,50.0,5734600.0,0.0,0.0,11307246524.0,11307246524.0,11307246524.0,0.0,0.0,,0.0,0.0,0.0
2021-06-03,50.0,0.0,0.0,50.0,50.0,50.0,0.0,2800.0,140000.0,3.0,98.9,50.0,4359800.0,0.0,0.0,11307246524.0,11307246524.0,11307246524.0,0.0,0.0,,0.0,0.0,0.0
2021-06-04,50.0,0.0,0.0,50.0,50.0,50.0,0.0,1200.0,60000.0,3.0,98.9,50.0,5224700.0,0.0,0.0,11307246524.0,11307246524.0,11307246524.0,0.0,0.0,,0.0,0.0,0.0
2021-06-07,50.0,0.0,0.0,51.0,50.0,50.0,0.0,6576800.0,328953900.0,172.0,98.9,50.0,1836300.0,0.0,0.0,11307246524.0,11307246524.0,11307246524.0,0.0,0.0,,0.0,0.0,0.0
2021-06-08,50.0,0.0,0.0,50.0,50.0,50.0,0.0,168100.0,8405000.0,13.0,98.9,50.0,2516300.0,0.0,0.0,11307246524.0,11307246524.0,11307246524.0,0.0,0.0,,0.0,0.0,0.0
2021-06-09,50.0,0.0,0.0,67.0,50.0,67.0,17.0,101880700.0,6617367800.0,3540.0,132.6,0.0,0.0,67.0,64017800.0,11307246524.0,11307246524.0,11307246524.0,644700.0,0.0,,0.0,0.0,0.0
2021-06-10,67.0,0.0,0.0,79.0,63.0,63.0,-4.0,222863800.0,15503689400.0,8639.0,124.6,63.0,12132500.0,0.0,0.0,11307246524.0,11307246524.0,11307246524.0,1300000.0,3018500.0,,2000000.0,144000000.0,1.0
2021-06-11,63.0,0.0,0.0,59.0,59.0,59.0,-4.0,3533900.0,208500100.0,338.0,116.7,59.0,31711000.0,0.0,0.0,11307246524.0,11307246524.0,11307246524.0,0.0,5200.0,,0.0,0.0,0.0
2021-06-14,59.0,0.0,0.0,55.0,55.0,55.0,-4.0,2942700.0,161848500.0,257.0,108.8,55.0,23299000.0,0.0,0.0,11307246524.0,11307246524.0,11307246524.0,0.0,0.0,,0.0,0.0,0.0
2021-06-15,55.0,0.0,0.0,52.0,52.0,52.0,-3.0,1442500.0,75010000.0,247.0,102.9,52.0,22412900.0,0.0,0.0,11307246524.0,11307246524.0,11307246524.0,0.0,0.0,,0.0,0.0,0.0
2021-06-16,52.0,0.0,0.0,50.0,50.0,50.0,-2.0,3873600.0,193680000.0,359.0,98.9,50.0,19711300.0,0.0,0.0,11307246524.0,11307246524.0,11307246524.0,0.0,0.0,,0.0,0.0,0.0
2021-06-17,50.0,0.0,0.0,50.0,50.0,50.0,0.0,552700.0,27635000.0,142.0,98.9,50.0,11533300.0,0.0,0.0,11307246524.0,11307246524.0,11307246524.0,0.0,200.0,,0.0,0.0,0.0
2021-06-18,50.0,0.0,0.0,50.0,50.0,50.0,0.0,448800.0,22440000.0,170.0,98.9,50.0,14443600.0,0.0,0.0,11307246524.0,11307246524.0,11307246524.0,0.0,0.0,,0.0,0.0,0.0
2021-06-21,50.0,0.0,0.0,50.0,50.0,50.0,0.0,188400.0,9420000.0,67.0,98.9,50.0,10472000.0,0.0,0.0,11307246524.0,11307246524.0,11307246524.0,0.0,0.0,,0.0,0.0,0.0
2021-06-22,50.0,0.0,0.0,50.0,50.0,50.0,0.0,262400.0,13120000.0,54.0,98.9,50.0,13933600.0,0.0,0.0,11307246524.0,11307246524.0,11307246524.0,0.0,0.0,,0.0,0.0,0.0
2021-06-23,50.0,0.0,0.0,50.0,50.0,50.0,0.0,144000.0,7200000.0,80.0,98.9,50.0,11494000.0,0.0,0.0,11307246524.0,11307246524.0,11307246524.0,0.0,0.0,,0.0,0.0,0.0
2021-06-24,50.0,0.0,0.0,50.0,50.0,50.0,0.0,89600.0,4480000.0,59.0,98.9,50.0,15181400.0,0.0,0.0,11307246524.0,11307246524.0,11307246524.0,0.0,0.0,,0.0,0.0,0.0
2021-06-25,50.0,0.0,0.0,50.0,50.0,50.0,0.0,46200.0,2310000.0,33.0,98.9,50.0,15232100.0,0.0,0.0,11307246524.0,11307246524.0,11307246524.0,0.0,0.0,,0.0,0.0,0.0
2021-06-28,50.0,0.0,0.0,50.0,50.0,50.0,0.0,192500.0,9625000.0,35.0,98.9,50.0,14930700.0,0.0,0.0,11307246524.0,11307246524.0,11307246524.0,0.0,0.0,,20.0,1000.0,1.0
2021-06-29,50.0,0.0,0.0,50.0,50.0,50.0,0.0,150800.0,7540000.0,51.0,98.9,50.0,15392800.0,0.0,0.0,11307246524.0,11307246524.0,11307246524.0,0.0,0.0,,0.0,0.0,0.0
2021-06-30,50.0,0.0,0.0,50.0,50.0,50.0,0.0,173300.0,8665000.0,24.0,98.9,50.0,17760400.0,0.0,0.0,11307246524.0,11307246524.0,11307246524.0,0.0,0.0,,0.0,0.0,0.0
2021-07-01,50.0,0.0,0.0,50.0,50.0,50.0,0.0,133700.0,6685000.0,27.0,98.9,50.0,11219300.0,0.0,0.0,11307246524.0,11307246524.0,11307246524.0,0.0,0.0,,0.0,0.0,0.0
2021-07-02,50.0,0.0,0.0,50.0,50.0,50.0,0.0,32100.0,1605000.0,12.0,98.9,50.0,16124300.0,0.0,0.0,11307246524.0,11307246524.0,11307246524.0,0.0,0.0,,0.0,0.0,0.0
2021-07-05,50.0,0.0,0.0,50.0,50.0,50.0,0.0,11600.0,580000.0,14.0,98.9,50.0,20428300.0,0.0,0.0,11307246524.0,11307246524.0,11307246524.0,0.0,0.0,,0.0,0.0,0.0
2021-07-06,50.0,0.0,0.0,50.0,50.0,50.0,0.0,138400.0,6920000.0,25.0,98.9,50.0,11907800.0,0.0,0.0,11307246524.0,11307246524.0,11307246524.0,0.0,0.0,,0.0,0.0,0.0
2021-07-07,50.0,0.0,0.0,50.0,50.0,50.0,0.0,114600.0,5730000.0,27.0,98.9,50.0,14721200.0,0.0,0.0,11307246524.0,11307246524.0,11307246524.0,0.0,0.0,,0.0,0.0,0.0
2021-07-08,50.0,0.0,0.0,50.0,50.0,50.0,0.0,3500.0,175000.0,15.0,98.9,50.0,12781400.0,0.0,0.0,11307246524.0,11307246524.0,11307246524.0,0.0,0.0,,0.0,0.0,0.0
2021-07-09,50.0,0.0,0.0,50.0,50.0,50.0,0.0,17200.0,860000.0,19.0,98.9,50.0,10539000.0,0.0,0.0,11307246524.0,11307246524.0,11307246524.0,0.0,0.0,,0.0,0.0,0.0
2021-07-12,50.0,0.0,0.0,50.0,50.0,50.0,0.0,107500.0,5375000.0,21.0,98.9,50.0,18536300.0,0.0,0.0,11307246524.0,11307246524.0,11307246524.0,0.0,0.0,,0.0,0.0,0.0
2021-07-13,50.0,0.0,0.0,50.0,50.0,50.0,0.0,98600.0,4930000.0,29.0,98.9,50.0,14049800.0,0.0,0.0,11307246524.0,11307246524.0,11307246524.0,0.0,0.0,,0.0,0.0,0.0
2021-07-14,50.0,0.0,0.0,50.0,50.0,50.0,0.0,201800.0,10090000.0,16.0,98.9,50.0,16642800.0,0.0,0.0,11307246524.0,11307246524.0,11307246524.0,0.0,0.0,,0.0,0.0,0.0
2021-07-15,50.0,0.0,0.0,50.0,50.0,50.0,0.0,73000.0,3650000.0,18.0,98.9,50.0,8439900.0,0.0,0.0,11307246524.0,11307246524.0,11307246524.0,0.0,0.0,,0.0,0.0,0.0
2021-07-16,50.0,0.0,0.0,50.0,50.0,50.0,0.0,1523600.0,76180000.0,161.0,98.9,50.0,10621700.0,0.0,0.0,11307246524.0,11307246524.0,11307246524.0,0.0,0.0,,0.0,0.0,0.0
2021-07-19,50.0,0.0,0.0,50.0,50.0,50.0,0.0,91100.0,4555000.0,26.0,98.9,50.0,8306900.0,0.0,0.0,11307246524.0,11307246524.0,11307246524.0,0.0,0.0,,0.0,0.0,0.0
2021-07-21,50.0,0.0,0.0,50.0,50.0,50.0,0.0,127300.0,6365000.0,26.0,98.9,50.0,14250100.0,0.0,0.0,11307246524.0,11307246524.0,11307246524.0,0.0,0.0,,0.0,0.0,0.0
2021-07-22,50.0,0.0,0.0,50.0,50.0,50.0,0.0,175100.0,8755000.0,38.0,98.9,50.0,15213700.0,0.0,0.0,11307246524.0,11307246524.0,11307246524.0,0.0,0.0,,0.0,0.0,0.0
2021-07-23,50.0,0.0,0.0,50.0,50.0,50.0,0.0,22500.0,1125000.0,31.0,98.9,50.0,11407100.0,0.0,0.0,11307246524.0,11307246524.0,11307246524.0,0.0,0.0,,0.0,0.0,0.0
2021-07-26,50.0,0.0,0.0,50.0,50.0,50.0,0.0,17200.0,860000.0,17.0,98.9,50.0,16562200.0,0.0,0.0,11307246524.0,11307246524.0,11307246524.0,0.0,0.0,,0.0,0.0,0.0
2021-07-27,50.0,0.0,0.0,55.0,50.0,50.0,0.0,76970400.0,3922047600.0,6164.0,98.9,50.0,8992600.0,0.0,0.0,11307246524.0,11307246524.0,11307246524.0,0.0,0.0,,0.0,0.0,0.0
2021-07-28,50.0,0.0,0.0,50.0,50.0,50.0,0.0,1294600.0,64730000.0,74.0,98.9,50.0,10469600.0,0.0,0.0,11307246524.0,11307246524.0,11307246524.0,0.0,1000000.0,,0.0,0.0,0.0
2021-07-29,50.0,0.0,0.0,50.0,50.0,50.0,0.0,659200.0,32960000.0,1343.0,98.9,50.0,14968400.0,0.0,0.0,11307246524.0,11307246524.0,11307246524.0,0.0,0.0,,0.0,0.0,0.0
2021-07-30,50.0,0.0,0.0,50.0,50.0,50.0,0.0,710900.0,35545000.0,28.0,98.9,50.0,14141400.0,0.0,0.0,11307246524.0,11307246524.0,11307246524.0,0.0,0.0,,0.0,0.0,0.0
2021-08-02,50.0,0.0,0.0,50.0,50.0,50.0,0.0,146600.0,7330000.0,34.0,98.9,50.0,12002200.0,0.0,0.0,11307246524.0,11307246524.0,11307246524.0,0.0,0.0,,0.0,0.0,0.0
2021-08-03,50.0,0.0,0.0,50.0,50.0,50.0,0.0,89400.0,4470000.0,36.0,98.9,50.0,11933800.0,0.0,0.0,11307246524.0,11307246524.0,11307246524.0,0.0,4600.0,,0.0,0.0,0.0
2021-08-04,50.0,0.0,0.0,50.0,50.0,50.0,0.0,23500.0,1175000.0,21.0,98.9,50.0,13070800.0,0.0,0.0,11307246524.0,11307246524.0,11307246524.0,0.0,0.0,,0.0,0.0,0.0
2021-08-05,50.0,0.0,0.0,50.0,50.0,50.0,0.0,114800.0,5740000.0,23.0,98.9,50.0,13952900.0,0.0,0.0,11307246524.0,11307246524.0,11307246524.0,0.0,0.0,,0.0,0.0,0.0
2021-08-06,50.0,0.0,0.0,50.0,50.0,50.0,0.0,27000.0,1350000.0,42.0,98.9,50.0,13281300.0,0.0,0.0,11307246524.0,11307246524.0,11307246524.0,0.0,0.0,,0.0,0.0,0.0
2021-08-09,50.0,0.0,0.0,50.0,50.0,50.0,0.0,2900.0,145000.0,19.0,98.9,50.0,11823200.0,0.0,0.0,11307246524.0,11307246524.0,11307246524.0,0.0,0.0,,0.0,0.0,0.0
2021-08-10,50.0,0.0,0.0,50.0,50.0,50.0,0.0,3600.0,180000.0,12.0,98.9,50.0,19931000.0,0.0,0.0,11307246524.0,11307246524.0,11307246524.0,0.0,0.0,,0.0,0.0,0.0
2021-08-12,50.0,0.0,0.0,50.0,50.0,50.0,0.0,400.0,20000.0,3.0,98.9,50.0,16746900.0,0.0,0.0,11307246524.0,11307246524.0,11307246524.0,0.0,0.0,,0.0,0.0,0.0
2021-08-13,50.0,0.0,0.0,50.0,50.0,50.0,0.0,2900.0,145000.0,3.0,98.9,50.0,15902800.0,0.0,0.0,11307246524.0,11307246524.0,11307246524.0,0.0,0.0,,0.0,0.0,0.0
2021-08-16,50.0,0.0,0.0,50.0,50.0,50.0,0.0,55700.0,2785000.0,15.0,98.9,50.0,13520600.0,0.0,0.0,11307246524.0,11307246524.0,11307246524.0,0.0,0.0,,0.0,0.0,0.0
2021-08-18,50.0,0.0,0.0,50.0,50.0,50.0,0.0,23400.0,1170000.0,10.0,98.9,50.0,16054100.0,0.0,0.0,11307246524.0,11307246524.0,11307246524.0,0.0,0.0,,42500.0,1275000.0,1.0
2021-08-19,50.0,0.0,0.0,50.0,50.0,50.0,0.0,5500.0,275000.0,12.0,98.9,50.0,12127000.0,0.0,0.0,11307246524.0,11307246524.0,11307246524.0,0.0,0.0,,0.0,0.0,0.0
2021-08-20,50.0,0.0,0.0,50.0,50.0,50.0,0.0,207100.0,10355000.0,13.0,98.9,50.0,9866400.0,0.0,0.0,11307246524.0,11307246524.0,11307246524.0,0.0,0.0,,0.0,0.0,0.0
2021-08-23,50.0,0.0,0.0,50.0,50.0,50.0,0.0,22500.0,1125000.0,15.0,98.9,50.0,14910600.0,0.0,0.0,11307246524.0,11307246524.0,11307246524.0,0.0,0.0,,260.0,12220.0,1.0
2021-08-24,50.0,0.0,0.0,50.0,50.0,50.0,0.0,37500.0,1875000.0,19.0,98.9,50.0,12309100.0,0.0,0.0,11307246524.0,11307246524.0,11307246524.0,0.0,0.0,,0.0,0.0,0.0
2021-08-25,50.0,0.0,0.0,50.0,50.0,50.0,0.0,34400.0,1720000.0,12.0,98.9,50.0,10983300.0,0.0,0.0,11307246524.0,11307246524.0,11307246524.0,0.0,0.0,,0.0,0.0,0.0
2021-08-26,50.0,0.0,0.0,50.0,50.0,50.0,0.0,700.0,35000.0,5.0,98.9,50.0,16155400.0,0.0,0.0,11307246524.0,11307246524.0,11307246524.0,0.0,0.0,,0.0,0.0,0.0
2021-08-27,50.0,0.0,0.0,50.0,50.0,50.0,0.0,2233400.0,111670000.0,175.0,98.9,50.0,16235600.0,0.0,0.0,11307246524.0,11307246524.0,11307246524.0,0.0,0.0,,659800.0,23093000.0,1.0
2021-08-30,50.0,0.0,0.0,50.0,50.0,50.0,0.0,86200.0,4310000.0,19.0,98.9,50.0,15672200.0,0.0,0.0,11307246524.0,11307246524.0,11307246524.0,0.0,0.0,,0.0,0.0,0.0
2021-08-31,50.0,0.0,0.0,50.0,50.0,50.0,0.0,6800.0,340000.0,47.0,98.9,50.0,12073000.0,0.0,0.0,11307246524.0,11307246524.0,11307246524.0,0.0,0.0,,0.0,0.0,0.0
2021-09-01,50.0,0.0,0.0,50.0,50.0,50.0,0.0,15500.0,775000.0,12.0,98.9,50.0,9408800.0,0.0,0.0,11307246524.0,11307246524.0,11307246524.0,0.0,0.0,,0.0,0.0,0.0
2021-09-02,50.0,0.0,0.0,50.0,50.0,50.0,0.0,3900.0,195000.0,13.0,98.9,50.0,8481000.0,0.0,0.0,11307246524.0,11307246524.0,11307246524.0,0.0,0.0,,0.0,0.0,0.0
2021-09-03,50.0,0.0,0.0,50.0,50.0,50.0,0.0,1000.0,50000.0,5.0,98.9,50.0,28868300.0,0.0,0.0,11307246524.0,11307246524.0,11307246524.0,0.0,0.0,,0.0,0.0,0.0
2021-09-06,50.0,0.0,0.0,50.0,50.0,50.0,0.0,246200.0,12310000.0,216.0,98.9,50.0,34017200.0,0.0,0.0,11307246524.0,11307246524.0,11307246524.0,0.0,0.0,,0.0,0.0,0.0
2021-09-07,50.0,0.0,0.0,50.0,50.0,50.0,0.0,3200.0,160000.0,6.0,98.9,50.0,28234900.0,0.0,0.0,11307246524.0,11307246524.0,11307246524.0,0.0,0.0,,0.0,0.0,0.0
2021-09-08,50.0,0.0,0.0,50.0,50.0,50.0,0.0,2800.0,140000.0,10.0,98.9,50.0,32653900.0,0.0,0.0,11307246524.0,11307246524.0,11307246524.0,0.0,0.0,,0.0,0.0,0.0
2021-09-09,50.0,0.0,0.0,50.0,50.0,50.0,0.0,14200.0,710000.0,4.0,98.9,50.0,31543300.0,0.0,0.0,11307246524.0,11307246524.0,11307246524.0,0.0,0.0,,0.0,0.0,0.0
2021-09-10,50.0,0.0,0.0,50.0,50.0,50.0,0.0,156800.0,7840000.0,13.0,98.9,50.0,31210100.0,0.0,0.0,11307246524.0,11307246524.0,11307246524.0,0.0,0.0,,0.0,0.0,0.0
2021-09-13,50.0,0.0,0.0,50.0,50.0,50.0,0.0,18700.0,935000.0,14.0,98.9,50.0,37550800.0,0.0,0.0,11307246524.0,11307246524.0,11307246524.0,0.0,0.0,,0.0,0.0,0.0
2021-09-14,50.0,0.0,0.0,50.0,50.0,50.0,0.0,12900.0,645000.0,7.0,98.9,50.0,31933400.0,0.0,0.0,11307246524.0,11307246524.0,11307246524.0,0.0,0.0,,10000.0,250000.0,1.0
2021-09-15,50.0,0.0,0.0,50.0,50.0,50.0,0.0,192100.0,9605000.0,20.0,98.9,50.0,30911200.0,0.0,0.0,11307246524.0,11307246524.0,11307246524.0,0.0,0.0,,0.0,0.0,0.0
2021-09-16,50.0,0.0,0.0,50.0,50.0,50.0,0.0,554600.0,27730000.0,114.0,98.9,50.0,33629500.0,0.0,0.0,11307246524.0,11307246524.0,11307246524.0,0.0,0.0,,0.0,0.0,0.0
2021-09-17,50.0,0.0,0.0,50.0,50.0,50.0,0.0,18000.0,900000.0,12.0,98.9,50.0,27026500.0,0.0,0.0,11307246524.0,11307246524.0,11307246524.0,0.0,0.0,,23500.0,577500.0,2.0
2021-09-20,50.0,0.0,0.0,50.0,50.0,50.0,0.0,55400.0,2770000.0,24.0,98.9,50.0,28616600.0,0.0,0.0,11307246524.0,11307246524.0,11307246524.0,0.0,0.0,,0.0,0.0,0.0
2021-09-21,50.0,0.0,0.0,50.0,50.0,50.0,0.0,188700.0,9435000.0,18.0,98.9,50.0,31993500.0,0.0,0.0,11307246524.0,11307246524.0,11307246524.0,0.0,0.0,,0.0,0.0,0.0
2021-09-22,50.0,0.0,0.0,50.0,50.0,50.0,0.0,76200.0,3810000.0,17.0,98.9,50.0,30714500.0,0.0,0.0,11307246524.0,11307246524.0,11307246524.0,0.0,0.0,,0.0,0.0,0.0
2021-09-23,50.0,0.0,0.0,50.0,50.0,50.0,0.0,16100.0,805000.0,15.0,98.9,50.0,31193600.0,0.0,0.0,11307246524.0,11307246524.0,11307246524.0,0.0,0.0,,0.0,0.0,0.0
2021-09-24,50.0,0.0,0.0,50.0,50.0,50.0,0.0,57200.0,2860000.0,16.0,98.9,50.0,30788300.0,0.0,0.0,11307246524.0,11307246524.0,11307246524.0,0.0,0.0,,0.0,0.0,0.0
2021-09-27,50.0,0.0,0.0,50.0,50.0,50.0,0.0,68700.0,3435000.0,34.0,98.9,50.0,32221800.0,0.0,0.0,11307246524.0,11307246524.0,11307246524.0,0.0,0.0,,0.0,0.0,0.0
2021-09-28,50.0,0.0,0.0,50.0,50.0,50.0,0.0,33800.0,1690000.0,13.0,98.9,50.0,33719200.0,0.0,0.0,11307246524.0,11307246524.0,11307246524.0,0.0,0.0,,9300.0,279000.0,1.0
2021-09-29,50.0,0.0,0.0,50.0,50.0,50.0,0.0,92800.0,4640000.0,16.0,98.9,50.0,32150500.0,0.0,0.0,11307246524.0,11307246524.0,11307246524.0,0.0,0.0,,0.0,0.0,0.0
2021-09-30,50.0,0.0,0.0,50.0,50.0,50.0,0.0,3800.0,190000.0,12.0,98.9,50.0,32076400.0,0.0,0.0,11307246524.0,11307246524.0,11307246524.0,0.0,0.0,,0.0,0.0,0.0
2021-10-01,50.0,0.0,0.0,50.0,50.0,50.0,0.0,1200.0,60000.0,9.0,98.9,50.0,28767800.0,0.0,0.0,11307246524.0,11307246524.0,11289154930.0,0.0,0.0,,0.0,0.0,0.0
2021-10-04,50.0,0.0,0.0,50.0,50.0,50.0,0.0,25300.0,1265000.0,44.0,98.9,50.0,29135900.0,0.0,0.0,11307246524.0,11307246524.0,11289154930.0,0.0,0.0,,0.0,0.0,0.0
2021-10-05,50.0,0.0,0.0,50.0,50.0,50.0,0.0,1900.0,95000.0,8.0,98.9,50.0,34058500.0,0.0,0.0,11307246524.0,11307246524.0,11289154930.0,0.0,0.0,,0.0,0.0,0.0
2021-10-06,50.0,0.0,0.0,50.0,50.0,50.0,0.0,12300.0,615000.0,19.0,98.9,50.0,29086600.0,0.0,0.0,11307246524.0,11307246524.0,11289154930.0,0.0,0.0,,35000.0,875000.0,1.0
2021-10-07,50.0,0.0,0.0,50.0,50.0,50.0,0.0,38300.0,1915000.0,13.0,98.9,50.0,26492100.0,0.0,0.0,11307246524.0,11307246524.0,11289154930.0,0.0,0.0,,0.0,0.0,0.0
2021-10-08,50.0,0.0,0.0,50.0,50.0,50.0,0.0,13200.0,660000.0,16.0,98.9,50.0,26430300.0,0.0,0.0,11307246524.0,11307246524.0,11289154930.0,0.0,0.0,,16600.0,614200.0,1.0
2021-10-11,50.0,0.0,0.0,50.0,50.0,50.0,0.0,23000.0,1150000.0,7.0,98.9,50.0,30682600.0,0.0,0.0,11307246524.0,11307246524.0,11289154930.0,0.0,0.0,,0.0,0.0,0.0
2021-10-12,50.0,0.0,0.0,50.0,50.0,50.0,0.0,10600.0,530000.0,18.0,98.9,50.0,33334500.0,0.0,0.0,11307246524.0,11307246524.0,11289154930.0,0.0,0.0,,6017000.0,300850000.0,1.0
2021-10-13,50.0,0.0,0.0,50.0,50.0,50.0,0.0,5800.0,290000.0,14.0,98.9,50.0,29594600.0,0.0,0.0,11307246524.0,11307246524.0,11289154930.0,0.0,0.0,,0.0,0.0,0.0
2021-10-14,50.0,0.0,0.0,50.0,50.0,50.0,0.0,4200.0,210000.0,9.0,98.9,50.0,31348900.0,0.0,0.0,11307246524.0,11307246524.0,11289154930.0,0.0,0.0,,0.0,0.0,0.0
2021-10-15,50.0,0.0,0.0,50.0,50.0,50.0,0.0,76200.0,3810000.0,17.0,98.9,50.0,27845400.0,0.0,0.0,11307246524.0,11307246524.0,11289154930.0,0.0,0.0,,0.0,0.0,0.0
2021-10-18,50.0,0.0,0.0,50.0,50.0,50.0,0.0,66200.0,3310000.0,22.0,98.9,50.0,25553600.0,0.0,0.0,11307246524.0,11307246524.0,11289154930.0,0.0,0.0,,0.0,0.0,0.0
2021-10-19,50.0,0.0,0.0,50.0,50.0,50.0,0.0,44500.0,2225000.0,16.0,98.9,50.0,27983000.0,0.0,0.0,11307246524.0,11307246524.0,11289154930.0,0.0,0.0,,0.0,0.0,0.0
2021-10-21,50.0,0.0,0.0,50.0,50.0,50.0,0.0,453600.0,22680000.0,35.0,98.9,50.0,25123400.0,0.0,0.0,11307246524.0,11307246524.0,11289154930.0,0.0,0.0,,56160.0,2246340.0,2.0
2021-10-22,50.0,0.0,0.0,50.0,50.0,50.0,0.0,247900.0,12395000.0,19.0,98.9,50.0,28229200.0,0.0,0.0,11307246524.0,11307246524.0,11289154930.0,0.0,0.0,,0.0,0.0,0.0
2021-10-25,50.0,0.0,0.0,50.0,50.0,50.0,0.0,167000.0,8350000.0,56.0,98.9,50.0,28011000.0,0.0,0.0,11307246524.0,11307246524.0,11289154930.0,0.0,0.0,,0.0,0.0,0.0
2021-10-26,50.0,0.0,0.0,50.0,50.0,50.0,0.0,7300.0,365000.0,12.0,98.9,50.0,29253000.0,0.0,0.0,11307246524.0,11307246524.0,11289154930.0,0.0,0.0,,0.0,0.0,0.0
2021-10-27,50.0,0.0,0.0,50.0,50.0,50.0,0.0,2800.0,140000.0,8.0,98.9,50.0,26948300.0,0.0,0.0,11307246524.0,11307246524.0,11289154930.0,0.0,0.0,,337500.0,12487500.0,1.0
2021-10-28,50.0,0.0,0.0,50.0,50.0,50.0,0.0,17700.0,885000.0,15.0,98.9,50.0,24636200.0,0.0,0.0,11307246524.0,11307246524.0,11289154930.0,0.0,0.0,,0.0,0.0,0.0
2021-10-29,50.0,0.0,0.0,50.0,50.0,50.0,0.0,2900.0,145000.0,9.0,98.9,50.0,28958300.0,0.0,0.0,11307246524.0,11307246524.0,11289154930.0,0.0,0.0,,114600.0,4011000.0,1.0
2021-11-01,50.0,0.0,0.0,50.0,50.0,50.0,0.0,1600.0,80000.0,12.0,98.9,50.0,27864800.0,0.0,0.0,11307246524.0,11307246524.0,11289154930.0,0.0,0.0,,0.0,0.0,0.0
2021-11-02,50.0,0.0,0.0,50.0,50.0,50.0,0.0,7400.0,370000.0,15.0,98.9,50.0,30200900.0,0.0,0.0,11307246524.0,11307246524.0,11289154930.0,0.0,0.0,,0.0,0.0,0.0
2021-11-03,50.0,0.0,0.0,50.0,50.0,50.0,0.0,33600.0,1680000.0,12.0,98.9,50.0,29898600.0,0.0,0.0,11307246524.0,11307246524.0,11289154930.0,0.0,0.0,,0.0,0.0,0.0
2021-11-04,50.0,0.0,0.0,50.0,50.0,50.0,0.0,10800.0,540000.0,10.0,98.9,50.0,30712400.0,0.0,0.0,11307246524.0,11307246524.0,11289154930.0,0.0,0.0,,0.0,0.0,0.0
2021-11-05,50.0,0.0,0.0,50.0,50.0,50.0,0.0,900.0,45000.0,6.0,98.9,50.0,30330500.0,0.0,0.0,11307246524.0,11307246524.0,11289154930.0,0.0,0.0,,0.0,0.0,0.0
2021-11-08,50.0,0.0,0.0,50.0,50.0,50.0,0.0,5200.0,260000.0,10.0,98.9,50.0,36148800.0,0.0,0.0,11307246524.0,11307246524.0,11289154930.0,0.0,0.0,,0.0,0.0,0.0
2021-11-09,50.0,0.0,0.0,50.0,50.0,50.0,0.0,173200.0,8660000.0,9.0,98.9,50.0,36459200.0,0.0,0.0,11307246524.0,11307246524.0,11289154930.0,0.0,0.0,,0.0,0.0,0.0
2021-11-10,50.0,0.0,0.0,50.0,50.0,50.0,0.0,31000.0,1550000.0,10.0,98.9,50.0,36052600.0,0.0,0.0,11307246524.0,11307246524.0,11289154930.0,0.0,0.0,,0.0,0.0,0.0
2021-11-11,50.0,0.0,0.0,50.0,50.0,50.0,0.0,41000.0,2050000.0,7.0,98.9,50.0,36478100.0,0.0,0.0,11307246524.0,11307246524.0,11289154930.0,0.0,0.0,,0.0,0.0,0.0
2021-11-12,50.0,0.0,0.0,50.0,50.0,50.0,0.0,68900.0,3445000.0,11.0,98.9,50.0,30390700.0,0.0,0.0,11307246524.0,11307246524.0,11289154930.0,0.0,0.0,,0.0,0.0,0.0
2021-11-15,50.0,0.0,0.0,50.0,50.0,50.0,0.0,800.0,40000.0,7.0,98.9,50.0,28285100.0,0.0,0.0,11307246524.0,11307246524.0,11289154930.0,0.0,0.0,,0.0,0.0,0.0
2021-11-16,50.0,0.0,0.0,50.0,50.0,50.0,0.0,12300.0,615000.0,11.0,98.9,50.0,26548700.0,0.0,0.0,11307246524.0,11307246524.0,11289154930.0,0.0,0.0,,0.0,0.0,0.0
2021-11-17,50.0,0.0,0.0,50.0,50.0,50.0,0.0,24200.0,1210000.0,13.0,98.9,50.0,31831900.0,0.0,0.0,11307246524.0,11307246524.0,11289154930.0,0.0,0.0,,0.0,0.0,0.0
2021-11-18,50.0,0.0,0.0,50.0,50.0,50.0,0.0,2200.0,110000.0,6.0,98.9,50.0,24317700.0,0.0,0.0,11307246524.0,11307246524.0,11289154930.0,0.0,0.0,,0.0,0.0,0.0
2021-11-19,50.0,0.0,0.0,50.0,50.0,50.0,0.0,11100.0,555000.0,12.0,98.9,50.0,24755200.0,0.0,0.0,11307246524.0,11307246524.0,11289154930.0,0.0,0.0,,0.0,0.0,0.0
2021-11-22,50.0,0.0,0.0,50.0,50.0,50.0,0.0,115500.0,5775000.0,15.0,98.9,50.0,27895900.0,0.0,0.0,11307246524.0,11307246524.0,11289154930.0,0.0,0.0,,0.0,0.0,0.0
2021-11-23,50.0,0.0,0.0,50.0,50.0,50.0,0.0,9500.0,475000.0,7.0,98.9,50.0,34346600.0,0.0,0.0,11307246524.0,11307246524.0,11289154930.0,0.0,0.0,,0.0,0.0,0.0
2021-11-24,50.0,0.0,0.0,50.0,50.0,50.0,0.0,9300.0,465000.0,12.0,98.9,50.0,29803300.0,0.0,0.0,11307246524.0,11307246524.0,11289154930.0,0.0,0.0,,0.0,0.0,0.0
2021-11-25,50.0,0.0,0.0,50.0,50.0,50.0,0.0,72400.0,3620000.0,13.0,98.9,50.0,29843000.0,0.0,0.0,11307246524.0,11307246524.0,11289154930.0,0.0,0.0,,113300.0,4192100.0,1.0
2021-11-26,50.0,0.0,0.0,50.0,50.0,50.0,0.0,3700.0,185000.0,4.0,98.9,50.0,24411000.0,0.0,0.0,11307246524.0,11307246524.0,11289154930.0,0.0,0.0,,0.0,0.0,0.0
2021-11-29,50.0,0.0,0.0,50.0,50.0,50.0,0.0,1500.0,75000.0,7.0,98.9,50.0,24388700.0,0.0,0.0,11307246524.0,11307246524.0,11289154930.0,0.0,0.0,,0.0,0.0,0.0
2021-11-30,50.0,0.0,0.0,50.0,50.0,50.0,0.0,19900.0,995000.0,5.0,98.9,50.0,26625100.0,0.0,0.0,11307246524.0,11307246524.0,11289154930.0,0.0,0.0,,0.0,0.0,0.0
2021-12-01,50.0,0.0,0.0,50.0,50.0,50.0,0.0,1100.0,55000.0,6.0,98.9,50.0,24563700.0,0.0,0.0,11307246524.0,11307246524.0,11289154930.0,0.0,0.0,,0.0,0.0,0.0
2021-12-02,50.0,0.0,0.0,50.0,50.0,50.0,0.0,400.0,20000.0,1.0,98.9,50.0,25713400.0,0.0,0.0,11307246524.0,11307246524.0,11289154930.0,0.0,0.0,,0.0,0.0,0.0
2021-12-03,50.0,0.0,0.0,50.0,50.0,50.0,0.0,9700.0,485000.0,14.0,98.9,50.0,29127600.0,0.0,0.0,11307246524.0,11307246524.0,11289154930.0,0.0,0.0,,81069800.0,4053490000.0,1.0
2021-12-06,50.0,0.0,0.0,50.0,50.0,50.0,0.0,101000.0,5050000.0,5.0,98.9,50.0,25432000.0,0.0,0.0,11307246524.0,11307246524.0,11289154930.0,0.0,0.0,,1051500.0,1051500.0,3.0
2021-12-07,50.0,0.0,0.0,50.0,50.0,50.0,0.0,1900.0,95000.0,13.0,98.9,50.0,32254700.0,0.0,0.0,11307246524.0,11307246524.0,11289154930.0,0.0,0.0,,2188000.0,2188000.0,4.0
2021-12-08,50.0,0.0,0.0,50.0,50.0,50.0,0.0,24300.0,1215000.0,17.0,98.9,50.0,32447200.0,0.0,0.0,11307246524.0,11307246524.0,11289154930.0,0.0,0.0,,0.0,0.0,0.0
2021-12-09,50.0,0.0,0.0,50.0,50.0,50.0,0.0,19300.0,965000.0,144.0,98.9,50.0,28341700.0,0.0,0.0,11307246524.0,11307246524.0,11289154930.0,0.0,0.0,,0.0,0.0,0.0
2021-12-10,50.0,0.0,0.0,50.0,50.0,50.0,0.0,21900.0,1095000.0,22.0,98.9,50.0,26950700.0,0.0,0.0,11307246524.0,11307246524.0,11289154930.0,0.0,0.0,,125000.0,2640000.0,3.0
2021-12-13,50.0,0.0,0.0,50.0,50.0,50.0,0.0,6500.0,325000.0,9.0,98.9,50.0,31329000.0,0.0,0.0,11307246524.0,11307246524.0,11289154930.0,0.0,0.0,,0.0,0.0,0.0
2021-12-14,50.0,0.0,0.0,50.0,50.0,50.0,0.0,24000.0,1200000.0,16.0,98.9,50.0,36633400.0,0.0,0.0,11307246524.0,11307246524.0,11289154930.0,0.0,0.0,,125000.0,3125000.0,1.0
2021-12-15,50.0,0.0,0.0,50.0,50.0,50.0,0.0,100500.0,5025000.0,16.0,98.9,50.0,26524700.0,0.0,0.0,11307246524.0,11307246524.0,11289154930.0,0.0,0.0,,0.0,0.0,0.0
2021-12-16,50.0,0.0,0.0,50.0,50.0,50.0,0.0,1300.0,65000.0,4.0,98.9,50.0,26762300.0,0.0,0.0,11307246524.0,11307246524.0,11289154930.0,0.0,0.0,,0.0,0.0,0.0
2021-12-17,50.0,0.0,0.0,50.0,50.0,50.0,0.0,31200.0,1560000.0,6.0,98.9,50.0,28147000.0,0.0,0.0,11307246524.0,11307246524.0,11289154930.0,0.0,0.0,,0.0,0.0,0.0
2021-12-20,50.0,0.0,0.0,50.0,50.0,50.0,0.0,3300.0,165000.0,10.0,98.9,50.0,30995400.0,0.0,0.0,11307246524.0,11307246524.0,11289154930.0,0.0,0.0,,0.0,0.0,0.0
2021-12-21,50.0,0.0,0.0,50.0,50.0,50.0,0.0,1200.0,60000.0,3.0,98.9,50.0,26776100.0,0.0,0.0,11307246524.0,11307246524.0,11289154930.0,0.0,0.0,,0.0,0.0,0.0
2021-12-22,50.0,0.0,0.0,50.0,50.0,50.0,0.0,6700.0,335000.0,4.0,98.9,50.0,26670300.0,0.0,0.0,11307246524.0,11307246524.0,11289154930.0,0.0,0.0,,0.0,0.0,0.0
2021-12-23,50.0,0.0,0.0,50.0,50.0,50.0,0.0,1900.0,95000.0,3.0,98.9,50.0,27386800.0,0.0,0.0,11307246524.0,11307246524.0,11289154930.0,0.0,0.0,,0.0,0.0,0.0
2021-12-24,50.0,0.0,0.0,50.0,50.0,50.0,0.0,3000.0,150000.0,6.0,98.9,50.0,22178000.0,0.0,0.0,11307246524.0,11307246524.0,11289154930.0,0.0,0.0,,0.0,0.0,0.0
2021-12-27,50.0,0.0,0.0,50.0,50.0,50.0,0.0,600.0,30000.0,6.0,98.9,50.0,26667400.0,0.0,0.0,11307246524.0,11307246524.0,11289154930.0,0.0,0.0,,0.0,0.0,0.0
2021-12-28,50.0,0.0,0.0,50.0,50.0,50.0,0.0,2200.0,110000.0,4.0,98.9,50.0,25812500.0,0.0,0.0,11307246524.0,11307246524.0,11289154930.0,0.0,0.0,,0.0,0.0,0.0
2021-12-29,50.0,0.0,0.0,50.0,50.0,50.0,0.0,1100.0,55000.0,3.0,98.9,50.0,26063300.0,0.0,0.0,11307246524.0,11307246524.0,11289154930.0,0.0,0.0,,0.0,0.0,0.0
2021-12-30,50.0,0.0,0.0,50.0,50.0,50.0,0.0,800.0,40000.0,4.0,98.9,50.0,27984800.0,0.0,0.0,11307246524.0,11307246524.0,11289154930.0,0.0,0.0,,0.0,0.0,0.0
2022-01-03,50.0,0.0,0.0,50.0,50.0,50.0,0.0,1100.0,55000.0,2.0,98.9,50.0,27185500.0,0.0,0.0,11307246524.0,11307246524.0,11271063335.0,0.0,0.0,,0.0,0.0,0.0
2022-01-04,50.0,0.0,0.0,50.0,50.0,50.0,0.0,346800.0,17340000.0,6.0,98.9,50.0,28639800.0,0.0,0.0,11307246524.0,11307246524.0,11271063335.0,0.0,0.0,,0.0,0.0,0.0
2022-01-05,50.0,0.0,0.0,50.0,50.0,50.0,0.0,30100.0,1505000.0,5.0,98.9,50.0,26673400.0,0.0,0.0,11307246524.0,11307246524.0,11271063335.0,0.0,0.0,,0.0,0.0,0.0
2022-01-06,50.0,0.0,0.0,50.0,50.0,50.0,0.0,1700.0,85000.0,4.0,98.9,50.0,26695200.0,0.0,0.0,11307246524.0,11307246524.0,11271063335.0,0.0,0.0,,0.0,0.0,0.0
2022-01-07,50.0,0.0,0.0,50.0,50.0,50.0,0.0,200.0,10000.0,2.0,98.9,50.0,27807500.0,0.0,0.0,11307246524.0,11307246524.0,11271063335.0,0.0,0.0,,0.0,0.0,0.0
2022-01-10,50.0,0.0,0.0,50.0,50.0,50.0,0.0,3100.0,155000.0,3.0,98.9,50.0,25107900.0,0.0,0.0,11307246524.0,11307246524.0,11271063335.0,0.0,0.0,,0.0,0.0,0.0
2022-01-11,50.0,0.0,0.0,50.0,50.0,50.0,0.0,3500.0,175000.0,3.0,98.9,50.0,21441000.0,0.0,0.0,11307246524.0,11307246524.0,11271063335.0,0.0,0.0,,0.0,0.0,0.0
2022-01-12,50.0,0.0,0.0,50.0,50.0,50.0,0.0,2900.0,145000.0,5.0,98.9,50.0,24861600.0,0.0,0.0,11307246524.0,11307246524.0,11271063335.0,0.0,0.0,,0.0,0.0,0.0
2022-01-13,50.0,0.0,0.0,50.0,50.0,50.0,0.0,2600.0,130000.0,5.0,98.9,50.0,29681400.0,0.0,0.0,11307246524.0,11307246524.0,11271063335.0,0.0,0.0,,51300.0,1282500.0,1.0
2022-01-14,50.0,0.0,0.0,50.0,50.0,50.0,0.0,23500.0,1175000.0,5.0,98.9,50.0,27516300.0,0.0,0.0,11307246524.0,11307246524.0,11271063335.0,0.0,0.0,,0.0,0.0,0.0
2022-01-17,50.0,0.0,0.0,50.0,50.0,50.0,0.0,10200.0,510000.0,3.0,98.9,50.0,27860100.0,0.0,0.0,11307246524.0,11307246524.0,11271063335.0,0.0,0.0,,0.0,0.0,0.0
2022-01-18,50.0,0.0,0.0,50.0,50.0,50.0,0.0,800.0,40000.0,4.0,98.9,50.0,27491000.0,0.0,0.0,11307246524.0,11307246524.0,11271063335.0,0.0,0.0,,17700.0,619500.0,1.0
2022-01-19,50.0,0.0,0.0,50.0,50.0,50.0,0.0,300.0,15000.0,3.0,98.9,50.0,27277000.0,0.0,0.0,11307246524.0,11307246524.0,11271063335.0,0.0,0.0,,10000.0,310000.0,1.0
2022-01-20,50.0,0.0,0.0,50.0,50.0,50.0,0.0,200.0,10000.0,2.0,98.9,50.0,30009800.0,0.0,0.0,11307246524.0,11307246524.0,11271063335.0,0.0,0.0,,0.0,0.0,0.0
2022-01-21,50.0,0.0,0.0,50.0,50.0,50.0,0.0,200.0,10000.0,2.0,98.9,50.0,26978800.0,0.0,0.0,11307246524.0,11307246524.0,11271063335.0,0.0,0.0,,0.0,0.0,0.0
2022-01-24,50.0,0.0,0.0,50.0,50.0,50.0,0.0,1000.0,50000.0,3.0,98.9,50.0,25956200.0,0.0,0.0,11307246524.0,11307246524.0,11271063335.0,0.0,0.0,,0.0,0.0,0.0
2022-01-25,50.0,0.0,0.0,50.0,50.0,50.0,0.0,400.0,20000.0,4.0,98.9,50.0,24498800.0,0.0,0.0,11307246524.0,11307246524.0,11271063335.0,0.0,0.0,,0.0,0.0,0.0
2022-01-26,50.0,0.0,0.0,50.0,50.0,50.0,0.0,500.0,25000.0,1.0,98.9,50.0,28237200.0,0.0,0.0,11307246524.0,11307246524.0,11271063335.0,0.0,0.0,,0.0,0.0,0.0
2022-01-27,50.0,0.0,0.0,50.0,50.0,50.0,0.0,1700.0,85000.0,4.0,98.9,50.0,27540300.0,0.0,0.0,11307246524.0,11307246524.0,11271063335.0,0.0,0.0,,0.0,0.0,0.0
2022-01-28,50.0,0.0,0.0,50.0,50.0,50.0,0.0,100.0,5000.0,1.0,98.9,50.0,27151400.0,0.0,0.0,11307246524.0,11307246524.0,11271063335.0,0.0,0.0,,0.0,0.0,0.0
2022-01-31,50.0,0.0,0.0,50.0,50.0,50.0,0.0,3100.0,155000.0,2.0,98.9,50.0,27035700.0,0.0,0.0,11307246524.0,11307246524.0,11271063335.0,0.0,0.0,,0.0,0.0,0.0
2022-02-02,50.0,0.0,0.0,50.0,50.0,50.0,0.0,52400.0,2620000.0,15.0,98.9,50.0,26986400.0,0.0,0.0,11307246524.0,11307246524.0,11271063335.0,0.0,0.0,,14000.0,420000.0,1.0
2022-02-03,50.0,0.0,0.0,50.0,50.0,50.0,0.0,18530200.0,926510000.0,25.0,98.9,50.0,8776500.0,0.0,0.0,11307246524.0,11307246524.0,11271063335.0,0.0,0.0,,4200.0,105000.0,1.0
2022-02-04,50.0,0.0,0.0,50.0,50.0,50.0,0.0,344700.0,17235000.0,31.0,98.9,50.0,8566300.0,0.0,0.0,11307246524.0,11307246524.0,11271063335.0,0.0,0.0,,0.0,0.0,0.0
2022-02-07,50.0,0.0,0.0,50.0,50.0,50.0,0.0,501300.0,25065000.0,23.0,98.9,50.0,9846200.0,0.0,0.0,11307246524.0,11307246524.0,11271063335.0,0.0,0.0,,0.0,0.0,0.0
2022-02-08,50.0,0.0,0.0,50.0,50.0,50.0,0.0,16700.0,835000.0,3.0,98.9,50.0,30667500.0,0.0,0.0,11307246524.0,11307246524.0,11271063335.0,0.0,0.0,,0.0,0.0,0.0
2022-02-09,50.0,0.0,0.0,50.0,50.0,50.0,0.0,1500.0,75000.0,6.0,98.9,50.0,28850700.0,0.0,0.0,11307246524.0,11307246524.0,11271063335.0,0.0,0.0,,0.0,0.0,0.0
2022-02-10,50.0,0.0,0.0,50.0,50.0,50.0,0.0,900.0,45000.0,5.0,98.9,50.0,29603900.0,0.0,0.0,11307246524.0,11307246524.0,11271063335.0,0.0,0.0,,0.0,0.0,0.0
2022-02-11,50.0,0.0,0.0,50.0,50.0,50.0,0.0,1800.0,90000.0,7.0,98.9,50.0,31694100.0,0.0,0.0,11307246524.0,11307246524.0,11271063335.0,0.0,0.0,,0.0,0.0,0.0
2022-02-14,50.0,0.0,0.0,50.0,50.0,50.0,0.0,1100.0,55000.0,5.0,98.9,50.0,26949200.0,0.0,0.0,11307246524.0,11307246524.0,11271063335.0,0.0,0.0,,0.0,0.0,0.0
2022-02-15,50.0,0.0,0.0,50.0,50.0,50.0,0.0,300.0,15000.0,2.0,98.9,50.0,28726700.0,0.0,0.0,11307246524.0,11307246524.0,11271063335.0,0.0,0.0,,0.0,0.0,0.0
2022-02-16,50.0,0.0,0.0,50.0,50.0,50.0,0.0,100.0,5000.0,1.0,98.9,50.0,28266000.0,0.0,0.0,11307246524.0,11307246524.0,11271063335.0,0.0,0.0,,3500.0,122500.0,1.0
2022-02-17,50.0,0.0,0.0,50.0,50.0,50.0,0.0,100.0,5000.0,1.0,98.9,50.0,13181600.0,0.0,0.0,11307246524.0,11307246524.0,11271063335.0,0.0,0.0,,0.0,0.0,0.0
2022-02-18,50.0,0.0,0.0,50.0,50.0,50.0,0.0,5300.0,265000.0,4.0,98.9,50.0,29170100.0,0.0,0.0,11307246524.0,11307246524.0,11271063335.0,0.0,0.0,,0.0,0.0,0.0
2022-02-21,50.0,0.0,0.0,50.0,50.0,50.0,0.0,200.0,10000.0,1.0,98.9,50.0,34934200.0,0.0,0.0,11307246524.0,11307246524.0,11271063335.0,0.0,0.0,,0.0,0.0,0.0
2022-02-22,50.0,0.0,0.0,50.0,50.0,50.0,0.0,4500.0,225000.0,4.0,98.9,50.0,29775000.0,0.0,0.0,11307246524.0,11307246524.0,11271063335.0,0.0,0.0,,0.0,0.0,0.0
2022-02-23,50.0,0.0,0.0,50.0,50.0,50.0,0.0,8400.0,420000.0,2.0,98.9,50.0,31075200.0,0.0,0.0,11307246524.0,11307246524.0,11271063335.0,0.0,0.0,,0.0,0.0,0.0
2022-02-24,50.0,0.0,0.0,50.0,50.0,50.0,0.0,500.0,25000.0,5.0,98.9,50.0,30503400.0,0.0,0.0,11307246524.0,11307246524.0,11271063335.0,0.0,0.0,,100.0,1900.0,1.0
2022-02-25,50.0,0.0,0.0,50.0,50.0,50.0,0.0,5000.0,250000.0,1.0,98.9,50.0,30921200.0,0.0,0.0,11307246524.0,11307246524.0,11271063335.0,0.0,5000.0,,659800.0,659800.0,1.0
2022-03-01,50.0,0.0,0.0,50.0,50.0,50.0,0.0,1300.0,65000.0,5.0,98.9,50.0,29734400.0,0.0,0.0,11307246524.0,11307246524.0,11271063335.0,0.0,0.0,,20000.0,800000.0,1.0
2022-03-02,50.0,0.0,0.0,50.0,50.0,50.0,0.0,400.0,20000.0,3.0,98.9,50.0,29556000.0,0.0,0.0,11307246524.0,11307246524.0,11271063335.0,0.0,0.0,,0.0,0.0,0.0
2022-03-04,50.0,0.0,0.0,50.0,50.0,50.0,0.0,1100.0,55000.0,3.0,98.9,50.0,30828800.0,0.0,0.0,11307246524.0,11307246524.0,11271063335.0,0.0,0.0,,0.0,0.0,0.0
2022-03-07,50.0,0.0,0.0,50.0,50.0,50.0,0.0,20500.0,1025000.0,3.0,98.9,50.0,28214300.0,0.0,0.0,11307246524.0,11307246524.0,11271063335.0,0.0,0.0,,0.0,0.0,0.0
2022-03-08,50.0,0.0,0.0,50.0,50.0,50.0,0.0,196700.0,9835000.0,5.0,98.9,50.0,28005500.0,0.0,0.0,11307246524.0,11307246524.0,11271063335.0,0.0,0.0,,0.0,0.0,0.0
2022-03-09,50.0,0.0,0.0,50.0,50.0,50.0,0.0,200.0,10000.0,1.0,98.9,50.0,34629600.0,0.0,0.0,11307246524.0,11307246524.0,11271063335.0,0.0,0.0,,0.0,0.0,0.0
2022-03-10,50.0,0.0,0.0,50.0,50.0,50.0,0.0,300.0,15000.0,1.0,98.9,50.0,27521500.0,0.0,0.0,11307246524.0,11307246524.0,11271063335.0,0.0,0.0,,60000.0,2100000.0,1.0
2022-03-11,50.0,0.0,0.0,50.0,50.0,50.0,0.0,9200.0,460000.0,7.0,98.9,50.0,29562800.0,0.0,0.0,11307246524.0,11307246524.0,11271063335.0,0.0,0.0,,0.0,0.0,0.0
2022-03-14,50.0,0.0,0.0,50.0,50.0,50.0,0.0,20000.0,1000000.0,2.0,98.9,50.0,31795300.0,0.0,0.0,11307246524.0,11307246524.0,11271063335.0,0.0,0.0,,0.0,0.0,0.0
2022-03-15,50.0,0.0,0.0,50.0,50.0,50.0,0.0,5700.0,285000.0,2.0,98.9,50.0,30472100.0,0.0,0.0,11307246524.0,11307246524.0,11271063335.0,0.0,0.0,,0.0,0.0,0.0
2022-03-16,50.0,0.0,0.0,50.0,50.0,50.0,0.0,12300.0,615000.0,6.0,98.9,50.0,29824900.0,0.0,0.0,11307246524.0,11307246524.0,11271063335.0,0.0,0.0,,116500.0,5825000.0,1.0
2022-03-17,50.0,0.0,0.0,50.0,50.0,50.0,0.0,400.0,20000.0,2.0,98.9,50.0,30471900.0,0.0,0.0,11307246524.0,11307246524.0,11271063335.0,0.0,0.0,,0.0,0.0,0.0
2022-03-18,50.0,0.0,0.0,50.0,50.0,50.0,0.0,100.0,5000.0,1.0,98.9,50.0,29966700.0,0.0,0.0,11307246524.0,11307246524.0,11271063335.0,0.0,0.0,,0.0,0.0,0.0
2022-03-21,50.0,0.0,0.0,50.0,50.0,50.0,0.0,9400.0,470000.0,7.0,98.9,50.0,29253900.0,0.0,0.0,11307246524.0,11307246524.0,11271063335.0,0.0,0.0,,0.0,0.0,0.0
2022-03-22,50.0,0.0,0.0,0.0,0.0,50.0,0.0,0.0,0.0,0.0,98.9,50.0,28774200.0,0.0,0.0,11307246524.0,11307246524.0,11271063335.0,0.0,0.0,,0.0,0.0,0.0
2022-03-23,50.0,0.0,0.0,50.0,50.0,50.0,0.0,2900.0,145000.0,2.0,98.9,50.0,29450100.0,0.0,0.0,11307246524.0,11307246524.0,11271063335.0,0.0,0.0,,622400.0,12448000.0,1.0
2022-03-24,50.0,0.0,0.0,50.0,50.0,50.0,0.0,200.0,10000.0,1.0,98.9,50.0,32430600.0,0.0,0.0,11307246524.0,11307246524.0,11271063335.0,0.0,0.0,,80000.0,2800000.0,1.0
2022-03-25,50.0,0.0,0.0,50.0,50.0,50.0,0.0,600.0,30000.0,6.0,98.9,50.0,31340900.0,0.0,0.0,11307246524.0,11307246524.0,11271063335.0,0.0,0.0,,0.0,0.0,0.0
2022-03-28,50.0,0.0,0.0,50.0,50.0,50.0,0.0,50800.0,2540000.0,5.0,98.9,50.0,31394400.0,0.0,0.0,11307246524.0,11307246524.0,11271063335.0,0.0,0.0,,0.0,0.0,0.0
2022-03-29,50.0,0.0,0.0,50.0,50.0,50.0,0.0,100.0,5000.0,1.0,98.9,50.0,31907100.0,0.0,0.0,11307246524.0,11307246524.0,11271063335.0,0.0,0.0,,0.0,0.0,0.0
2022-03-30,50.0,0.0,0.0,50.0,50.0,50.0,0.0,4200.0,210000.0,2.0,98.9,50.0,30110600.0,0.0,0.0,11307246524.0,11307246524.0,11271063335.0,0.0,0.0,,0.0,0.0,0.0
2022-03-31,50.0,0.0,0.0,50.0,50.0,50.0,0.0,8800.0,440000.0,10.0,98.9,50.0,29317200.0,0.0,0.0,11307246524.0,11307246524.0,11271063335.0,0.0,0.0,,0.0,0.0,0.0
2022-04-01,50.0,0.0,0.0,50.0,50.0,50.0,0.0,100.0,5000.0,1.0,98.9,50.0,30125300.0,0.0,0.0,11307246524.0,11307246524.0,11246187393.0,0.0,0.0,,50000.0,1250000.0,1.0
2022-04-04,50.0,0.0,0.0,50.0,50.0,50.0,0.0,300.0,15000.0,3.0,98.9,50.0,31565900.0,0.0,0.0,11307246524.0,11307246524.0,11246187393.0,0.0,0.0,,200000.0,7000000.0,1.0
2022-04-05,50.0,0.0,0.0,50.0,50.0,50.0,0.0,600.0,30000.0,3.0,98.9,50.0,30698200.0,0.0,0.0,11307246524.0,11307246524.0,11246187393.0,0.0,0.0,,0.0,0.0,0.0
2022-04-06,50.0,0.0,0.0,50.0,50.0,50.0,0.0,100.0,5000.0,1.0,98.9,50.0,34280500.0,0.0,0.0,11307246524.0,11307246524.0,11246187393.0,0.0,0.0,,0.0,0.0,0.0
2022-04-07,50.0,0.0,0.0,50.0,50.0,50.0,0.0,400.0,20000.0,2.0,98.9,50.0,29514100.0,0.0,0.0,11307246524.0,11307246524.0,11246187393.0,0.0,0.0,,0.0,0.0,0.0
2022-04-08,50.0,0.0,0.0,50.0,50.0,50.0,0.0,40500.0,2025000.0,6.0,98.9,50.0,31228700.0,0.0,0.0,11307246524.0,11307246524.0,11246187393.0,0.0,0.0,,0.0,0.0,0.0
2022-04-11,50.0,0.0,0.0,50.0,50.0,50.0,0.0,16100.0,805000.0,5.0,98.9,50.0,31914300.0,0.0,0.0,11307246524.0,11307246524.0,11246187393.0,0.0,0.0,,0.0,0.0,0.0
2022-04-12,50.0,0.0,0.0,0.0,0.0,50.0,0.0,0.0,0.0,0.0,98.9,50.0,28424700.0,0.0,0.0,11307246524.0,11307246524.0,11246187393.0,0.0,0.0,,0.0,0.0,0.0
2022-04-13,50.0,0.0,0.0,50.0,50.0,50.0,0.0,354400.0,17720000.0,7.0,98.9,50.0,30084700.0,0.0,0.0,11307246524.0,11307246524.0,11246187393.0,0.0,0.0,,0.0,0.0,0.0
2022-04-14,50.0,0.0,0.0,50.0,50.0,50.0,0.0,1900.0,95000.0,17.0,98.9,50.0,35443200.0,0.0,0.0,11307246524.0,11307246524.0,11246187393.0,100.0,0.0,,0.0,0.0,0.0
2022-04-18,50.0,0.0,0.0,50.0,50.0,50.0,0.0,4100.0,205000.0,2.0,98.9,50.0,28823800.0,0.0,0.0,11307246524.0,11307246524.0,11246187393.0,0.0,0.0,,1486500.0,29730000.0,2.0
2022-04-19,50.0,0.0,0.0,50.0,50.0,50.0,0.0,900.0,45000.0,2.0,98.9,50.0,33443100.0,0.0,0.0,11307246524.0,11307246524.0,11246187393.0,0.0,0.0,,0.0,0.0,0.0
2022-04-20,50.0,0.0,0.0,50.0,50.0,50.0,0.0,1200.0,60000.0,4.0,98.9,50.0,27026600.0,0.0,0.0,11307246524.0,11307246524.0,11246187393.0,0.0,0.0,,0.0,0.0,0.0
2022-04-21,50.0,0.0,0.0,50.0,50.0,50.0,0.0,200200.0,10010000.0,3.0,98.9,50.0,27655000.0,0.0,0.0,11307246524.0,11307246524.0,11246187393.0,0.0,0.0,,673100.0,13462000.0,2.0
2022-04-22,50.0,0.0,0.0,50.0,50.0,50.0,0.0,100.0,5000.0,1.0,98.9,50.0,32939200.0,0.0,0.0,11307246524.0,11307246524.0,11246187393.0,0.0,0.0,,1786600.0,35732000.0,2.0
2022-04-25,50.0,0.0,0.0,50.0,50.0,50.0,0.0,500.0,25000.0,2.0,98.9,50.0,27198100.0,0.0,0.0,11307246524.0,11307246524.0,11246187393.0,0.0,0.0,,0.0,0.0,0.0
2022-04-26,50.0,0.0,0.0,0.0,0.0,50.0,0.0,0.0,0.0,0.0,98.9,50.0,28944300.0,0.0,0.0,11307246524.0,11307246524.0,11246187393.0,0.0,0.0,,385300.0,7706000.0,2.0
2022-04-27,50.0,0.0,0.0,50.0,50.0,50.0,0.0,400.0,20000.0,3.0,98.9,50.0,27869300.0,0.0,0.0,11307246524.0,11307246524.0,11246187393.0,0.0,0.0,,398200.0,7964000.0,2.0
2022-04-28,50.0,0.0,0.0,50.0,50.0,50.0,0.0,200.0,10000.0,1.0,98.9,50.0,28512000.0,0.0,0.0,11307246524.0,11307246524.0,11246187393.0,0.0,0.0,,0.0,0.0,0.0
2022-05-09,50.0,0.0,0.0,50.0,50.0,50.0,0.0,1700.0,85000.0,4.0,98.9,50.0,37501300.0,0.0,0.0,11307246524.0,11307246524.0,11246187393.0,0.0,0.0,,155000.0,4650000.0,1.0
2022-05-10,50.0,0.0,0.0,50.0,50.0,50.0,0.0,1000.0,50000.0,1.0,98.9,50.0,30160700.0,0.0,0.0,11307246524.0,11307246524.0,11246187393.0,0.0,0.0,,587400.0,11748000.0,2.0
2022-05-11,50.0,0.0,0.0,50.0,50.0,50.0,0.0,1200.0,60000.0,3.0,98.9,50.0,29071400.0,0.0,0.0,11307246524.0,11307246524.0,11246187393.0,0.0,0.0,,2214700.0,44294000.0,2.0
2022-05-12,50.0,0.0,0.0,50.0,50.0,50.0,0.0,1400.0,70000.0,2.0,98.9,50.0,29274900.0,0.0,0.0,11307246524.0,11307246524.0,11246187393.0,0.0,0.0,,531400.0,10628000.0,2.0
2022-05-13,50.0,0.0,0.0,50.0,50.0,50.0,0.0,2500.0,125000.0,3.0,98.9,50.0,31378000.0,0.0,0.0,11307246524.0,11307246524.0,11246187393.0,0.0,0.0,,0.0,0.0,0.0
2022-05-17,50.0,0.0,0.0,50.0,50.0,50.0,0.0,1000.0,50000.0,1.0,98.9,50.0,32141100.0,0.0,0.0,11307246524.0,11307246524.0,11246187393.0,0.0,0.0,,1375900.0,27518000.0,2.0
2022-05-18,50.0,0.0,0.0,50.0,50.0,50.0,0.0,1000.0,50000.0,1.0,98.9,50.0,29702100.0,0.0,0.0,11307246524.0,11307246524.0,11246187393.0,0.0,0.0,,193600.0,3872000.0,2.0
2022-05-19,50.0,0.0,0.0,50.0,50.0,50.0,0.0,100.0,5000.0,1.0,98.9,50.0,33991100.0,0.0,0.0,11307246524.0,11307246524.0,11246187393.0,0.0,0.0,,2187100.0,43742000.0,3.0
2022-05-20,50.0,0.0,0.0,50.0,50.0,50.0,0.0,2100.0,105000.0,2.0,98.9,50.0,29382000.0,0.0,0.0,11307246524.0,11307246524.0,11246187393.0,0.0,0.0,,0.0,0.0,0.0
2022-05-23,50.0,0.0,0.0,50.0,50.0,50.0,0.0,21000.0,1050000.0,1.0,98.9,50.0,32079900.0,0.0,0.0,11307246524.0,11307246524.0,11246187393.0,0.0,0.0,,0.0,0.0,0.0
2022-05-24,50.0,0.0,0.0,50.0,50.0,50.0,0.0,202200.0,10110000.0,8.0,98.9,50.0,30928200.0,0.0,0.0,11307246524.0,11307246524.0,11246187393.0,0.0,0.0,,237600.0,4752000.0,2.0
2022-05-25,50.0,0.0,0.0,50.0,50.0,50.0,0.0,34200.0,1710000.0,5.0,98.9,50.0,31436200.0,0.0,0.0,11307246524.0,11307246524.0,11246187393.0,0.0,0.0,,268300.0,5366000.0,3.0
2022-05-27,50.0,0.0,0.0,50.0,50.0,50.0,0.0,13600.0,680000.0,8.0,98.9,50.0,29495500.0,0.0,0.0,11307246524.0,11307246524.0,11246187393.0,0.0,0.0,,0.0,0.0,0.0
2022-05-30,50.0,0.0,0.0,50.0,50.0,50.0,0.0,4700.0,235000.0,8.0,98.9,50.0,31377700.0,0.0,0.0,11307246524.0,11307246524.0,11246187393.0,0.0,0.0,,236900.0,4738000.0,2.0
2022-05-31,50.0,0.0,0.0,50.0,50.0,50.0,0.0,20400.0,1020000.0,5.0,98.9,50.0,33200700.0,0.0,0.0,11307246524.0,11307246524.0,11246187393.0,0.0,100.0,,0.0,0.0,0.0
2022-06-02,50.0,0.0,0.0,50.0,50.0,50.0,0.0,3500.0,175000.0,9.0,98.9,50.0,29631800.0,0.0,0.0,11307246524.0,11307246524.0,11246187393.0,0.0,0.0,,171400.0,3706400.0,3.0
2022-06-03,50.0,0.0,0.0,50.0,50.0,50.0,0.0,1100.0,55000.0,2.0,98.9,50.0,29745400.0,0.0,0.0,11307246524.0,11307246524.0,11246187393.0,0.0,0.0,,0.0,0.0,0.0
2022-06-06,50.0,0.0,0.0,50.0,50.0,50.0,0.0,700.0,35000.0,4.0,98.9,50.0,29199900.0,0.0,0.0,11307246524.0,11307246524.0,11246187393.0,0.0,0.0,,1208100.0,24162000.0,2.0
2022-06-07,50.0,0.0,0.0,0.0,0.0,50.0,0.0,0.0,0.0,0.0,98.9,50.0,28549400.0,0.0,0.0,11307246524.0,11307246524.0,11246187393.0,0.0,0.0,,10000.0,200000.0,1.0
2022-06-08,50.0,0.0,0.0,50.0,50.0,50.0,0.0,1400.0,70000.0,6.0,98.9,50.0,32530200.0,0.0,0.0,11307246524.0,11307246524.0,11246187393.0,0.0,0.0,,794600.0,15892000.0,2.0
2022-06-09,50.0,0.0,0.0,50.0,50.0,50.0,0.0,300.0,15000.0,3.0,98.9,50.0,32437500.0,0.0,0.0,11307246524.0,11307246524.0,11246187393.0,0.0,0.0,,0.0,0.0,0.0
2022-06-10,50.0,0.0,0.0,50.0,50.0,50.0,0.0,8400.0,420000.0,8.0,98.9,50.0,28795500.0,0.0,0.0,11307246524.0,11307246524.0,11246187393.0,0.0,0.0,,501700.0,10034000.0,2.0
2022-06-13,50.0,0.0,0.0,50.0,50.0,50.0,0.0,2100.0,105000.0,2.0,98.9,50.0,28453000.0,0.0,0.0,11307246524.0,11307246524.0,11246187393.0,0.0,0.0,,0.0,0.0,0.0
2022-06-14,50.0,0.0,0.0,0.0,0.0,50.0,0.0,0.0,0.0,0.0,98.9,50.0,31121900.0,0.0,0.0,11307246524.0,11307246524.0,11246187393.0,0.0,0.0,,609000.0,12180000.0,2.0
2022-06-15,50.0,0.0,0.0,50.0,50.0,50.0,0.0,200.0,10000.0,2.0,98.9,50.0,27794800.0,0.0,0.0,11307246524.0,11307246524.0,11246187393.0,0.0,0.0,,0.0,0.0,0.0
2022-06-16,50.0,0.0,0.0,50.0,50.0,50.0,0.0,3400.0,170000.0,5.0,98.9,50.0,28414500.0,0.0,0.0,11307246524.0,11307246524.0,11246187393.0,0.0,0.0,,1866000.0,37320000.0,2.0
2022-06-17,50.0,0.0,0.0,50.0,50.0,50.0,0.0,100.0,5000.0,1.0,98.9,50.0,24445000.0,0.0,0.0,11307246524.0,11307246524.0,11246187393.0,0.0,0.0,,0.0,0.0,0.0
2022-06-20,50.0,0.0,0.0,50.0,50.0,50.0,0.0,100.0,5000.0,1.0,98.9,50.0,28834300.0,0.0,0.0,11307246524.0,11307246524.0,11246187393.0,0.0,0.0,,0.0,0.0,0.0
2022-06-21,50.0,0.0,0.0,0.0,0.0,50.0,0.0,0.0,0.0,0.0,98.9,50.0,27008000.0,0.0,0.0,11307246524.0,11307246524.0,11246187393.0,0.0,0.0,,0.0,0.0,0.0
2022-06-22,50.0,0.0,0.0,50.0,50.0,50.0,0.0,1000.0,50000.0,2.0,98.9,50.0,28580000.0,0.0,0.0,11307246524.0,11307246524.0,11246187393.0,0.0,0.0,,2056400.0,41128000.0,2.0
2022-06-23,50.0,0.0,0.0,50.0,50.0,50.0,0.0,100.0,5000.0,1.0,98.9,50.0,27674100.0,0.0,0.0,11307246524.0,11307246524.0,11246187393.0,0.0,0.0,,0.0,0.0,0.0
2022-06-24,50.0,0.0,0.0,0.0,0.0,50.0,0.0,0.0,0.0,0.0,98.9,50.0,26491600.0,0.0,0.0,11307246524.0,11307246524.0,11246187393.0,0.0,0.0,,1203200.0,24064000.0,1.0
2022-06-27,50.0,0.0,0.0,50.0,50.0,50.0,0.0,300.0,15000.0,3.0,98.9,50.0,26943700.0,0.0,0.0,11307246524.0,11307246524.0,11246187393.0,0.0,0.0,,0.0,0.0,0.0
2022-06-28,50.0,0.0,0.0,50.0,50.0,50.0,0.0,100.0,5000.0,1.0,98.9,50.0,33141300.0,0.0,0.0,11307246524.0,11307246524.0,11246187393.0,0.0,0.0,,0.0,0.0,0.0
2022-06-29,50.0,0.0,0.0,50.0,50.0,50.0,0.0,100.0,5000.0,1.0,98.9,50.0,31821800.0,0.0,0.0,11307246524.0,11307246524.0,11246187393.0,0.0,0.0,,3000.0,75000.0,1.0
2022-06-30,50.0,0.0,0.0,50.0,50.0,50.0,0.0,16000.0,800000.0,8.0,98.9,50.0,13818800.0,0.0,0.0,11307246524.0,11307246524.0,11246187393.0,0.0,0.0,,0.0,0.0,0.0
2022-07-01,50.0,0.0,0.0,50.0,50.0,50.0,0.0,400.0,20000.0,2.0,98.9,50.0,25015700.0,0.0,0.0,11307246524.0,11307246524.0,11246187393.0,0.0,0.0,,1226900.0,24538000.0,1.0
2022-07-04,50.0,0.0,0.0,50.0,50.0,50.0,0.0,300.0,15000.0,1.0,98.9,50.0,25965000.0,0.0,0.0,11307246524.0,11307246524.0,11246187393.0,0.0,0.0,,0.0,0.0,0.0
2022-07-05,50.0,0.0,0.0,50.0,50.0,50.0,0.0,10500.0,525000.0,2.0,98.9,50.0,26661900.0,0.0,0.0,11307246524.0,11307246524.0,11246187393.0,0.0,0.0,,400000.0,9000000.0,2.0
2022-07-06,50.0,0.0,0.0,50.0,50.0,50.0,0.0,2700.0,135000.0,5.0,98.9,50.0,26874600.0,0.0,0.0,11307246524.0,11307246524.0,11246187393.0,0.0,0.0,,0.0,0.0,0.0
2022-07-07,50.0,0.0,0.0,50.0,50.0,50.0,0.0,49000.0,2450000.0,6.0,98.9,50.0,25931900.0,0.0,0.0,11307246524.0,11307246524.0,11246187393.0,0.0,0.0,,117700.0,2354000.0,1.0
2022-07-08,50.0,0.0,0.0,50.0,50.0,50.0,0.0,5400.0,270000.0,4.0,98.9,50.0,27028100.0,0.0,0.0,11307246524.0,11307246524.0,11246187393.0,0.0,0.0,,0.0,0.0,0.0
2022-07-11,50.0,0.0,0.0,50.0,50.0,50.0,0.0,100.0,5000.0,1.0,98.9,50.0,26822800.0,0.0,0.0,11307246524.0,11307246524.0,11246187393.0,0.0,0.0,,30000.0,750000.0,1.0
2022-07-12,50.0,0.0,0.0,0.0,0.0,50.0,0.0,0.0,0.0,0.0,98.9,50.0,26480100.0,0.0,0.0,11307246524.0,11307246524.0,11246187393.0,0.0,0.0,,0.0,0.0,0.0
2022-07-13,50.0,0.0,0.0,0.0,0.0,50.0,0.0,0.0,0.0,0.0,98.9,50.0,25755700.0,0.0,0.0,11307246524.0,11307246524.0,11246187393.0,0.0,0.0,,0.0,0.0,0.0
2022-07-14,50.0,0.0,0.0,50.0,50.0,50.0,0.0,100.0,5000.0,1.0,98.9,50.0,28067600.0,0.0,0.0,11307246524.0,11307246524.0,11246187393.0,0.0,0.0,,643200.0,12864000.0,2.0
2022-07-15,50.0,0.0,0.0,50.0,50.0,50.0,0.0,5000.0,250000.0,1.0,98.9,50.0,27541100.0,0.0,0.0,11307246524.0,11307246524.0,11246187393.0,0.0,0.0,,0.0,0.0,0.0
2022-07-18,50.0,0.0,0.0,0.0,0.0,50.0,0.0,0.0,0.0,0.0,98.9,50.0,31879600.0,0.0,0.0,11307246524.0,11307246524.0,11246187393.0,0.0,0.0,,1500000.0,30000000.0,1.0
2022-07-19,50.0,0.0,0.0,0.0,0.0,50.0,0.0,0.0,0.0,0.0,98.9,50.0,31764800.0,0.0,0.0,11307246524.0,11307246524.0,11246187393.0,0.0,0.0,,0.0,0.0,0.0
2022-07-20,50.0,0.0,0.0,50.0,50.0,50.0,0.0,200.0,10000.0,2.0,98.9,50.0,32425400.0,0.0,0.0,11307246524.0,11307246524.0,11246187393.0,0.0,0.0,,0.0,0.0,0.0
2022-07-21,50.0,0.0,0.0,50.0,50.0,50.0,0.0,400.0,20000.0,4.0,98.9,50.0,30496500.0,0.0,0.0,11307246524.0,11307246524.0,11246187393.0,0.0,0.0,,1085000.0,21700000.0,2.0
2022-07-22,50.0,0.0,0.0,50.0,50.0,50.0,0.0,150100.0,7505000.0,4.0,98.9,50.0,31428400.0,0.0,0.0,11307246524.0,11307246524.0,11246187393.0,0.0,0.0,,0.0,0.0,0.0
2022-07-25,50.0,0.0,0.0,50.0,50.0,50.0,0.0,1200.0,60000.0,3.0,98.9,50.0,27046400.0,0.0,0.0,11307246524.0,11307246524.0,11246187393.0,0.0,0.0,,2500.0,40000.0,1.0
2022-07-26,50.0,0.0,0.0,0.0,0.0,50.0,0.0,0.0,0.0,0.0,98.9,50.0,28249300.0,0.0,0.0,11307246524.0,11307246524.0,11246187393.0,0.0,0.0,,790600.0,15812000.0,2.0
2022-07-27,50.0,0.0,0.0,50.0,50.0,50.0,0.0,2300.0,115000.0,3.0,98.9,50.0,28628100.0,0.0,0.0,11307246524.0,11307246524.0,11246187393.0,0.0,0.0,,0.0,0.0,0.0
2022-07-28,50.0,0.0,0.0,50.0,50.0,50.0,0.0,100.0,5000.0,1.0,98.9,50.0,28179700.0,0.0,0.0,11307246524.0,11307246524.0,11246187393.0,0.0,0.0,,1210900.0,24218000.0,2.0
2022-07-29,50.0,0.0,0.0,0.0,0.0,50.0,0.0,0.0,0.0,0.0,98.9,50.0,31319400.0,0.0,0.0,11307246524.0,11307246524.0,11246187393.0,0.0,0.0,,0.0,0.0,0.0
2022-08-01,50.0,0.0,0.0,0.0,0.0,50.0,0.0,0.0,0.0,0.0,98.9,50.0,29138000.0,0.0,0.0,11307246524.0,11307246524.0,11246187393.0,0.0,0.0,,0.0,0.0,0.0
2022-08-02,50.0,0.0,0.0,50.0,50.0,50.0,0.0,100.0,5000.0,1.0,98.9,50.0,30286900.0,0.0,0.0,11307246524.0,11307246524.0,11246187393.0,0.0,0.0,,0.0,0.0,0.0
2022-08-03,50.0,0.0,0.0,0.0,0.0,50.0,0.0,0.0,0.0,0.0,98.9,50.0,33231800.0,0.0,0.0,11307246524.0,11307246524.0,11246187393.0,0.0,0.0,,323000.0,6460000.0,2.0
2022-08-04,50.0,0.0,0.0,50.0,50.0,50.0,0.0,74400.0,3720000.0,3.0,98.9,50.0,28604300.0,0.0,0.0,11307246524.0,11307246524.0,11246187393.0,0.0,0.0,,0.0,0.0,0.0
2022-08-05,50.0,0.0,0.0,0.0,0.0,50.0,0.0,0.0,0.0,0.0,98.9,50.0,31625900.0,0.0,0.0,11307246524.0,11307246524.0,11246187393.0,0.0,0.0,,0.0,0.0,0.0
2022-08-08,50.0,0.0,0.0,50.0,50.0,50.0,0.0,11900.0,595000.0,1.0,98.9,50.0,30360500.0,0.0,0.0,11307246524.0,11307246524.0,11246187393.0,0.0,0.0,,1161100.0,23222000.0,1.0
2022-08-09,50.0,0.0,0.0,50.0,50.0,50.0,0.0,2100.0,105000.0,2.0,98.9,50.0,29213200.0,0.0,0.0,11307246524.0,11307246524.0,11246187393.0,0.0,0.0,,0.0,0.0,0.0
2022-08-10,50.0,0.0,0.0,50.0,50.0,50.0,0.0,6200.0,310000.0,3.0,98.9,50.0,29840100.0,0.0,0.0,11307246524.0,11307246524.0,11246187393.0,0.0,0.0,,0.0,0.0,0.0
2022-08-11,50.0,0.0,0.0,50.0,50.0,50.0,0.0,2300.0,115000.0,4.0,98.9,50.0,29500100.0,0.0,0.0,11307246524.0,11307246524.0,11246187393.0,0.0,0.0,,295700.0,5322600.0,1.0
2022-08-12,50.0,0.0,0.0,50.0,50.0,50.0,0.0,100.0,5000.0,1.0,98.9,50.0,32111500.0,0.0,0.0,11307246524.0,11307246524.0,11246187393.0,0.0,0.0,,0.0,0.0,0.0
2022-08-15,50.0,0.0,0.0,50.0,50.0,50.0,0.0,1800.0,90000.0,1.0,98.9,50.0,28953200.0,0.0,0.0,11307246524.0,11307246524.0,11246187393.0,0.0,0.0,,0.0,0.0,0.0
2022-08-16,50.0,0.0,0.0,0.0,0.0,50.0,0.0,0.0,0.0,0.0,98.9,50.0,28592900.0,0.0,0.0,11307246524.0,11307246524.0,11246187393.0,0.0,0.0,,0.0,0.0,0.0
2022-08-18,50.0,0.0,0.0,50.0,50.0,50.0,0.0,20000.0,1000000.0,1.0,98.9,50.0,27939900.0,0.0,0.0,11307246524.0,11307246524.0,11246187393.0,0.0,0.0,,0.0,0.0,0.0
2022-08-19,50.0,0.0,0.0,50.0,50.0,50.0,0.0,100.0,5000.0,1.0,98.9,50.0,28401300.0,0.0,0.0,11307246524.0,11307246524.0,11246187393.0,0.0,0.0,,0.0,0.0,0.0
2022-08-22,50.0,0.0,0.0,50.0,50.0,50.0,0.0,200.0,10000.0,2.0,98.9,50.0,31292000.0,0.0,0.0,11307246524.0,11307246524.0,11246187393.0,0.0,0.0,,196300.0,588900.0,1.0
2022-08-23,50.0,0.0,0.0,50.0,50.0,50.0,0.0,400.0,20000.0,2.0,98.9,50.0,29026000.0,0.0,0.0,11307246524.0,11307246524.0,11246187393.0,0.0,0.0,,0.0,0.0,0.0
2022-08-24,50.0,0.0,0.0,50.0,50.0,50.0,0.0,1500.0,75000.0,4.0,98.9,50.0,28145500.0,0.0,0.0,11307246524.0,11307246524.0,11246187393.0,0.0,0.0,,100000.0,2100000.0,1.0
2022-08-25,50.0,0.0,0.0,50.0,50.0,50.0,0.0,1000.0,50000.0,2.0,98.9,50.0,32687600.0,0.0,0.0,11307246524.0,11307246524.0,11246187393.0,0.0,0.0,,100000.0,1900000.0,1.0
2022-08-26,50.0,0.0,0.0,0.0,0.0,50.0,0.0,0.0,0.0,0.0,98.9,50.0,27753300.0,0.0,0.0,11307246524.0,11307246524.0,11246187393.0,0.0,0.0,,100000.0,1800000.0,1.0
2022-08-29,50.0,0.0,0.0,50.0,50.0,50.0,0.0,2000.0,100000.0,1.0,98.9,50.0,26536400.0,0.0,0.0,11307246524.0,11307246524.0,11246187393.0,0.0,0.0,,0.0,0.0,0.0
2022-08-30,50.0,0.0,0.0,50.0,50.0,50.0,0.0,40000.0,2000000.0,1.0,98.9,50.0,30257900.0,0.0,0.0,11307246524.0,11307246524.0,11246187393.0,0.0,0.0,,0.0,0.0,0.0
2022-08-31,50.0,0.0,0.0,50.0,50.0,50.0,0.0,100.0,5000.0,1.0,98.9,50.0,29139900.0,0.0,0.0,11307246524.0,11307246524.0,11246187393.0,0.0,0.0,,0.0,0.0,0.0
2022-09-01,50.0,0.0,0.0,50.0,50.0,50.0,0.0,3200.0,160000.0,6.0,98.9,50.0,28856800.0,0.0,0.0,11307246524.0,11307246524.0,11246187393.0,0.0,0.0,,0.0,0.0,0.0
2022-09-02,50.0,0.0,0.0,0.0,0.0,50.0,0.0,0.0,0.0,0.0,98.9,50.0,25295900.0,0.0,0.0,11307246524.0,11307246524.0,11246187393.0,0.0,0.0,,0.0,0.0,0.0
2022-09-05,50.0,0.0,0.0,50.0,50.0,50.0,0.0,40100.0,2005000.0,2.0,98.9,50.0,29387100.0,0.0,0.0,11307246524.0,11307246524.0,11246187393.0,0.0,0.0,,0.0,0.0,0.0
2022-09-06,50.0,0.0,0.0,50.0,50.0,50.0,0.0,200.0,10000.0,2.0,98.9,50.0,32235200.0,0.0,0.0,11307246524.0,11307246524.0,11246187393.0,0.0,0.0,,0.0,0.0,0.0
2022-09-07,50.0,0.0,0.0,50.0,50.0,50.0,0.0,9900.0,495000.0,4.0,98.9,50.0,34776200.0,0.0,0.0,11307246524.0,11307246524.0,11246187393.0,0.0,0.0,,0.0,0.0,0.0
2022-09-08,50.0,0.0,0.0,50.0,50.0,50.0,0.0,2200.0,110000.0,2.0,98.9,50.0,30014700.0,0.0,0.0,11307246524.0,11307246524.0,11246187393.0,0.0,0.0,,0.0,0.0,0.0
2022-09-09,50.0,0.0,0.0,50.0,50.0,50.0,0.0,25000.0,1250000.0,1.0,98.9,50.0,27587100.0,0.0,0.0,11307246524.0,11307246524.0,11246187393.0,0.0,0.0,,0.0,0.0,0.0
2022-09-12,50.0,0.0,0.0,50.0,50.0,50.0,0.0,700.0,35000.0,4.0,98.9,50.0,28261000.0,0.0,0.0,11307246524.0,11307246524.0,11246187393.0,0.0,0.0,,0.0,0.0,0.0
2022-09-13,50.0,0.0,0.0,50.0,50.0,50.0,0.0,2900.0,145000.0,3.0,98.9,50.0,27640200.0,0.0,0.0,11307246524.0,11307246524.0,11246187393.0,0.0,0.0,,100000.0,2100000.0,1.0
2022-09-14,50.0,0.0,0.0,50.0,50.0,50.0,0.0,3000.0,150000.0,3.0,98.9,50.0,26279900.0,0.0,0.0,11307246524.0,11307246524.0,11246187393.0,0.0,0.0,,0.0,0.0,0.0
2022-09-15,50.0,0.0,0.0,0.0,0.0,50.0,0.0,0.0,0.0,0.0,98.9,50.0,25367100.0,0.0,0.0,11307246524.0,11307246524.0,11246187393.0,0.0,0.0,,0.0,0.0,0.0
2022-09-16,50.0,0.0,0.0,50.0,50.0,50.0,0.0,100.0,5000.0,1.0,98.9,50.0,28326100.0,0.0,0.0,11307246524.0,11307246524.0,11246187393.0,0.0,0.0,,0.0,0.0,0.0
2022-09-19,50.0,0.0,0.0,50.0,50.0,50.0,0.0,100.0,5000.0,1.0,98.9,50.0,26410500.0,0.0,0.0,11307246524.0,11307246524.0,11246187393.0,0.0,0.0,,415413300.0,10380318400.0,3.0
2022-09-20,50.0,0.0,0.0,50.0,50.0,50.0,0.0,5300.0,265000.0,4.0,98.9,50.0,27098700.0,0.0,0.0,11307246524.0,11307246524.0,11246187393.0,0.0,0.0,,0.0,0.0,0.0
2022-09-21,50.0,0.0,0.0,50.0,50.0,50.0,0.0,3900.0,195000.0,8.0,98.9,50.0,28273300.0,0.0,0.0,11307246524.0,11307246524.0,11246187393.0,0.0,0.0,,0.0,0.0,0.0
2022-09-22,50.0,0.0,0.0,50.0,50.0,50.0,0.0,10100.0,505000.0,2.0,98.9,50.0,27154800.0,0.0,0.0,11307246524.0,11307246524.0,11246187393.0,0.0,0.0,,0.0,0.0,0.0
2022-09-23,50.0,0.0,0.0,50.0,50.0,50.0,0.0,20800.0,1040000.0,8.0,98.9,50.0,26642500.0,0.0,0.0,11307246524.0,11307246524.0,11246187393.0,0.0,0.0,,0.0,0.0,0.0
2022-09-26,50.0,0.0,0.0,50.0,50.0,50.0,0.0,5200.0,260000.0,3.0,98.9,50.0,27373000.0,0.0,0.0,11307246524.0,11307246524.0,11246187393.0,0.0,0.0,,0.0,0.0,0.0
2022-09-27,50.0,0.0,0.0,50.0,50.0,50.0,0.0,100.0,5000.0,1.0,98.9,50.0,26577600.0,0.0,0.0,11307246524.0,11307246524.0,11246187393.0,0.0,0.0,,0.0,0.0,0.0
2022-09-28,50.0,0.0,0.0,50.0,50.0,50.0,0.0,7300.0,365000.0,6.0,98.9,50.0,25583900.0,0.0,0.0,11307246524.0,11307246524.0,11246187393.0,0.0,0.0,,0.0,0.0,0.0
2022-09-29,50.0,0.0,0.0,50.0,50.0,50.0,0.0,2300.0,115000.0,2.0,98.9,50.0,27763400.0,0.0,0.0,11307246524.0,11307246524.0,11246187393.0,0.0,0.0,,0.0,0.0,0.0
2022-09-30,50.0,0.0,0.0,50.0,50.0,50.0,0.0,700.0,35000.0,1.0,98.9,50.0,27722600.0,0.0,0.0,11307246524.0,11307246524.0,11246187393.0,0.0,0.0,,0.0,0.0,0.0
2022-10-03,50.0,0.0,0.0,50.0,50.0,50.0,0.0,100.0,5000.0,1.0,98.9,50.0,27057100.0,0.0,0.0,11307246524.0,11307246524.0,11246187393.0,0.0,0.0,,0.0,0.0,0.0
2022-10-04,50.0,0.0,0.0,50.0,50.0,50.0,0.0,100.0,5000.0,1.0,98.9,50.0,26988300.0,0.0,0.0,11307246524.0,11307246524.0,11246187393.0,0.0,0.0,,0.0,0.0,0.0
2022-10-05,50.0,0.0,0.0,50.0,50.0,50.0,0.0,1500.0,75000.0,6.0,98.9,50.0,26811100.0,0.0,0.0,11307246524.0,11307246524.0,11246187393.0,0.0,0.0,,0.0,0.0,0.0
2022-10-06,50.0,0.0,0.0,50.0,50.0,50.0,0.0,100.0,5000.0,1.0,98.9,50.0,9997500.0,0.0,0.0,11307246524.0,11307246524.0,11246187393.0,0.0,0.0,,0.0,0.0,0.0
2022-10-07,50.0,0.0,0.0,50.0,50.0,50.0,0.0,300.0,15000.0,2.0,98.9,50.0,29147700.0,0.0,0.0,11307246524.0,11307246524.0,11246187393.0,0.0,0.0,,0.0,0.0,0.0
2022-10-10,50.0,0.0,0.0,0.0,0.0,50.0,0.0,0.0,0.0,0.0,98.9,50.0,26562900.0,0.0,0.0,11307246524.0,11307246524.0,11246187393.0,0.0,0.0,,0.0,0.0,0.0
2022-10-11,50.0,0.0,0.0,50.0,50.0,50.0,0.0,100.0,5000.0,1.0,98.9,50.0,31627500.0,0.0,0.0,11307246524.0,11307246524.0,11246187393.0,0.0,0.0,,0.0,0.0,0.0
2022-10-12,50.0,0.0,0.0,0.0,0.0,50.0,0.0,0.0,0.0,0.0,98.9,50.0,26218100.0,0.0,0.0,11307246524.0,11307246524.0,11246187393.0,0.0,0.0,,0.0,0.0,0.0
2022-10-13,50.0,0.0,0.0,50.0,50.0,50.0,0.0,100.0,5000.0,1.0,98.9,50.0,26396600.0,0.0,0.0,11307246524.0,11307246524.0,11246187393.0,0.0,0.0,,0.0,0.0,0.0
2022-10-14,50.0,0.0,0.0,0.0,0.0,50.0,0.0,0.0,0.0,0.0,98.9,50.0,26823600.0,0.0,0.0,11307246524.0,11307246524.0,11246187393.0,0.0,0.0,,0.0,0.0,0.0
2022-10-17,50.0,0.0,0.0,0.0,0.0,50.0,0.0,0.0,0.0,0.0,98.9,50.0,27228100.0,0.0,0.0,11307246524.0,11307246524.0,11246187393.0,0.0,0.0,,0.0,0.0,0.0
2022-10-18,50.0,0.0,0.0,0.0,0.0,50.0,0.0,0.0,0.0,0.0,98.9,50.0,24937200.0,0.0,0.0,11307246524.0,11307246524.0,11246187393.0,0.0,0.0,,0.0,0.0,0.0
2022-10-19,50.0,0.0,0.0,0.0,0.0,50.0,0.0,0.0,0.0,0.0,98.9,50.0,23800400.0,0.0,0.0,11307246524.0,11307246524.0,11246187393.0,0.0,0.0,,0.0,0.0,0.0
2022-10-20,50.0,0.0,0.0,50.0,50.0,50.0,0.0,202400.0,10120000.0,4.0,98.9,50.0,26196500.0,0.0,0.0,11307246524.0,11307246524.0,11246187393.0,0.0,0.0,,0.0,0.0,0.0
2022-10-21,50.0,0.0,0.0,50.0,50.0,50.0,0.0,2100.0,105000.0,2.0,98.9,50.0,30063200.0,0.0,0.0,11307246524.0,11307246524.0,11246187393.0,0.0,0.0,,0.0,0.0,0.0
2022-10-24,50.0,0.0,0.0,50.0,50.0,50.0,0.0,100.0,5000.0,1.0,98.9,50.0,26876500.0,0.0,0.0,11307246524.0,11307246524.0,11246187393.0,0.0,0.0,,6250000.0,312500000.0,1.0
2022-10-25,50.0,0.0,0.0,50.0,50.0,50.0,0.0,200.0,10000.0,1.0,98.9,50.0,25634800.0,0.0,0.0,11307246524.0,11307246524.0,11246187393.0,0.0,0.0,,0.0,0.0,0.0
2022-10-26,50.0,0.0,0.0,50.0,50.0,50.0,0.0,2551000.0,127550000.0,6.0,98.9,50.0,26433200.0,0.0,0.0,11307246524.0,11307246524.0,11246187393.0,0.0,0.0,,0.0,0.0,0.0
2022-10-27,50.0,0.0,0.0,0.0,0.0,50.0,0.0,0.0,0.0,0.0,98.9,50.0,25606400.0,0.0,0.0,11307246524.0,11307246524.0,11246187393.0,0.0,0.0,,0.0,0.0,0.0
2022-10-28,50.0,0.0,0.0,50.0,50.0,50.0,0.0,400.0,20000.0,4.0,98.9,50.0,27416700.0,0.0,0.0,11307246524.0,11307246524.0,11246187393.0,0.0,0.0,,0.0,0.0,0.0
2022-10-31,50.0,0.0,0.0,50.0,50.0,50.0,0.0,100.0,5000.0,1.0,98.9,50.0,26652000.0,0.0,0.0,11307246524.0,11307246524.0,11246187393.0,0.0,0.0,,0.0,0.0,0.0
2022-11-01,50.0,0.0,0.0,50.0,50.0,50.0,0.0,200.0,10000.0,2.0,98.9,50.0,27259800.0,0.0,0.0,11307246524.0,11307246524.0,11246187393.0,0.0,0.0,,0.0,0.0,0.0
2022-11-02,50.0,0.0,0.0,50.0,50.0,50.0,0.0,700.0,35000.0,4.0,98.9,50.0,27301700.0,0.0,0.0,11307246524.0,11307246524.0,11246187393.0,0.0,0.0,,100060.0,2203000.0,2.0
2022-11-03,50.0,0.0,0.0,50.0,50.0,50.0,0.0,1100.0,55000.0,1.0,98.9,50.0,27056600.0,0.0,0.0,11307246524.0,11307246524.0,11246187393.0,0.0,0.0,,0.0,0.0,0.0
2022-11-04,50.0,0.0,0.0,50.0,50.0,50.0,0.0,2400.0,120000.0,1.0,98.9,50.0,27322600.0,0.0,0.0,11307246524.0,11307246524.0,11246187393.0,0.0,0.0,,0.0,0.0,0.0
2022-11-07,50.0,0.0,0.0,0.0,0.0,50.0,0.0,0.0,0.0,0.0,98.9,50.0,26646400.0,0.0,0.0,11307246524.0,11307246524.0,11246187393.0,0.0,0.0,,0.0,0.0,0.0
2022-11-08,50.0,0.0,0.0,50.0,50.0,50.0,0.0,3100.0,155000.0,2.0,98.9,50.0,27085600.0,0.0,0.0,11307246524.0,11307246524.0,11246187393.0,0.0,0.0,,40000.0,600000.0,1.0
2022-11-09,50.0,0.0,0.0,50.0,50.0,50.0,0.0,100.0,5000.0,1.0,98.9,50.0,28275100.0,0.0,0.0,11307246524.0,11307246524.0,11246187393.0,0.0,0.0,,0.0,0.0,0.0
2022-11-10,50.0,0.0,0.0,50.0,50.0,50.0,0.0,200.0,10000.0,1.0,98.9,50.0,26507000.0,0.0,0.0,11307246524.0,11307246524.0,11246187393.0,0.0,0.0,,0.0,0.0,0.0
2022-11-11,50.0,0.0,0.0,0.0,0.0,50.0,0.0,0.0,0.0,0.0,98.9,50.0,27520300.0,0.0,0.0,11307246524.0,11307246524.0,11246187393.0,0.0,0.0,,0.0,0.0,0.0
2022-11-14,50.0,0.0,0.0,0.0,0.0,50.0,0.0,0.0,0.0,0.0,98.9,50.0,27788100.0,0.0,0.0,11307246524.0,11307246524.0,11246187393.0,0.0,0.0,,0.0,0.0,0.0
2022-11-15,50.0,0.0,0.0,50.0,50.0,50.0,0.0,4100.0,205000.0,3.0,98.9,50.0,27810500.0,0.0,0.0,11307246524.0,11307246524.0,11246187393.0,0.0,0.0,,0.0,0.0,0.0
2022-11-16,50.0,0.0,0.0,50.0,50.0,50.0,0.0,2300.0,115000.0,2.0,98.9,50.0,26955500.0,0.0,0.0,11307246524.0,11307246524.0,11246187393.0,0.0,0.0,,0.0,0.0,0.0
2022-11-17,50.0,0.0,0.0,50.0,50.0,50.0,0.0,100.0,5000.0,1.0,98.9,50.0,28669700.0,0.0,0.0,11307246524.0,11307246524.0,11246187393.0,0.0,0.0,,0.0,0.0,0.0
2022-11-18,50.0,0.0,0.0,50.0,50.0,50.0,0.0,2100.0,105000.0,2.0,98.9,50.0,28004800.0,0.0,0.0,11307246524.0,11307246524.0,11246187393.0,0.0,0.0,,0.0,0.0,0.0
2022-11-21,50.0,0.0,0.0,0.0,0.0,50.0,0.0,0.0,0.0,0.0,98.9,50.0,26548400.0,0.0,0.0,11307246524.0,11307246524.0,11246187393.0,0.0,0.0,,0.0,0.0,0.0
2022-11-22,50.0,0.0,0.0,50.0,50.0,50.0,0.0,300.0,15000.0,2.0,98.9,50.0,28990600.0,0.0,0.0,11307246524.0,11307246524.0,11246187393.0,0.0,0.0,,0.0,0.0,0.0
2022-11-23,50.0,0.0,0.0,50.0,50.0,50.0,0.0,37000.0,1850000.0,1.0,98.9,50.0,33064800.0,0.0,0.0,11307246524.0,11307246524.0,11246187393.0,0.0,0.0,,1000.0,18000.0,1.0
2022-11-24,50.0,0.0,0.0,50.0,50.0,50.0,0.0,200.0,10000.0,2.0,98.9,50.0,32990600.0,0.0,0.0,11307246524.0,11307246524.0,11246187393.0,0.0,0.0,,0.0,0.0,0.0
2022-11-25,50.0,0.0,0.0,50.0,50.0,50.0,0.0,2000.0,100000.0,1.0,98.9,50.0,30132900.0,0.0,0.0,11307246524.0,11307246524.0,11246187393.0,0.0,0.0,,50000.0,1000000.0,1.0
2022-11-28,50.0,0.0,0.0,50.0,50.0,50.0,0.0,100.0,5000.0,1.0,98.9,50.0,26986700.0,0.0,0.0,11307246524.0,11307246524.0,11246187393.0,0.0,0.0,,0.0,0.0,0.0
2022-11-29,50.0,0.0,0.0,0.0,0.0,50.0,0.0,0.0,0.0,0.0,98.9,50.0,30891000.0,0.0,0.0,11307246524.0,11307246524.0,11246187393.0,0.0,0.0,,0.0,0.0,0.0
2022-11-30,50.0,0.0,0.0,50.0,50.0,50.0,0.0,2200.0,110000.0,3.0,98.9,50.0,11839200.0,0.0,0.0,11307246524.0,11307246524.0,11246187393.0,0.0,0.0,,0.0,0.0,0.0
2022-12-01,50.0,0.0,0.0,50.0,50.0,50.0,0.0,10500.0,525000.0,5.0,98.9,50.0,32515700.0,0.0,0.0,11307246524.0,11307246524.0,11246187393.0,0.0,0.0,,138200.0,2902200.0,1.0
2022-12-02,50.0,0.0,0.0,50.0,50.0,50.0,0.0,200.0,10000.0,1.0,98.9,50.0,31777100.0,0.0,0.0,11307246524.0,11307246524.0,11246187393.0,0.0,0.0,,0.0,0.0,0.0
2022-12-05,50.0,0.0,0.0,50.0,50.0,50.0,0.0,2200.0,110000.0,4.0,98.9,50.0,9815400.0,0.0,0.0,11307246524.0,11307246524.0,11246187393.0,0.0,0.0,,18067900.0,271018500.0,1.0
2022-12-06,50.0,0.0,0.0,50.0,50.0,50.0,0.0,600.0,30000.0,2.0,98.9,50.0,36522700.0,0.0,0.0,11307246524.0,11307246524.0,11246187393.0,0.0,0.0,,0.0,0.0,0.0
2022-12-07,50.0,0.0,0.0,0.0,0.0,50.0,0.0,0.0,0.0,0.0,98.9,50.0,32225300.0,0.0,0.0,11307246524.0,11307246524.0,11246187393.0,0.0,0.0,,0.0,0.0,0.0
2022-12-08,50.0,0.0,0.0,0.0,0.0,50.0,0.0,0.0,0.0,0.0,98.9,50.0,31287100.0,0.0,0.0,11307246524.0,11307246524.0,11246187393.0,0.0,0.0,,0.0,0.0,0.0
2022-12-09,50.0,0.0,0.0,0.0,0.0,50.0,0.0,0.0,0.0,0.0,98.9,50.0,27220300.0,0.0,0.0,11307246524.0,11307246524.0,11246187393.0,0.0,0.0,,0.0,0.0,0.0
2022-12-12,50.0,0.0,0.0,0.0,0.0,50.0,0.0,0.0,0.0,0.0,98.9,50.0,31297200.0,0.0,0.0,11307246524.0,11307246524.0,11246187393.0,0.0,0.0,,0.0,0.0,0.0
2022-12-13,50.0,0.0,0.0,50.0,50.0,50.0,0.0,200.0,10000.0,2.0,98.9,50.0,33419400.0,0.0,0.0,11307246524.0,11307246524.0,11246187393.0,0.0,0.0,,0.0,0.0,0.0
2022-12-14,50.0,0.0,0.0,50.0,50.0,50.0,0.0,5200.0,260000.0,3.0,98.9,50.0,31616700.0,0.0,0.0,11307246524.0,11307246524.0,11246187393.0,0.0,0.0,,0.0,0.0,0.0
2022-12-15,50.0,0.0,0.0,0.0,0.0,50.0,0.0,0.0,0.0,0.0,98.9,50.0,27815800.0,0.0,0.0,11307246524.0,11307246524.0,11246187393.0,0.0,0.0,,0.0,0.0,0.0
2022-12-16,50.0,0.0,0.0,0.0,0.0,50.0,0.0,0.0,0.0,0.0,98.9,50.0,30465700.0,0.0,0.0,11307246524.0,11307246524.0,11246187393.0,0.0,0.0,,0.0,0.0,0.0
2022-12-19,50.0,0.0,0.0,50.0,50.0,50.0,0.0,100.0,5000.0,1.0,98.9,50.0,27892800.0,0.0,0.0,11307246524.0,11307246524.0,11246187393.0,0.0,0.0,,0.0,0.0,0.0
2022-12-20,50.0,0.0,0.0,50.0,50.0,50.0,0.0,300.0,15000.0,2.0,98.9,50.0,28037600.0,0.0,0.0,11307246524.0,11307246524.0,11246187393.0,0.0,0.0,,0.0,0.0,0.0
2022-12-21,50.0,0.0,0.0,50.0,50.0,50.0,0.0,800.0,40000.0,3.0,98.9,50.0,27653400.0,0.0,0.0,11307246524.0,11307246524.0,11246187393.0,0.0,0.0,,0.0,0.0,0.0
2022-12-22,50.0,0.0,0.0,0.0,0.0,50.0,0.0,0.0,0.0,0.0,98.9,50.0,28650200.0,0.0,0.0,11307246524.0,11307246524.0,11246187393.0,0.0,0.0,,0.0,0.0,0.0
2022-12-23,50.0,0.0,0.0,50.0,50.0,50.0,0.0,900.0,45000.0,1.0,98.9,50.0,35085000.0,0.0,0.0,11307246524.0,11307246524.0,11246187393.0,0.0,0.0,,0.0,0.0,0.0
2022-12-26,50.0,0.0,0.0,50.0,50.0,50.0,0.0,100.0,5000.0,1.0,98.9,50.0,28478000.0,0.0,0.0,11307246524.0,11307246524.0,11246187393.0,0.0,0.0,,0.0,0.0,0.0
2022-12-27,50.0,0.0,0.0,0.0,0.0,50.0,0.0,0.0,0.0,0.0,98.9,50.0,26864900.0,0.0,0.0,11307246524.0,11307246524.0,11246187393.0,0.0,0.0,,0.0,0.0,0.0
2022-12-28,50.0,0.0,0.0,0.0,0.0,50.0,0.0,0.0,0.0,0.0,98.9,50.0,31354500.0,0.0,0.0,11307246524.0,11307246524.0,11246187393.0,0.0,0.0,,0.0,0.0,0.0
2022-12-29,50.0,0.0,0.0,50.0,50.0,50.0,0.0,100.0,5000.0,1.0,98.9,50.0,27673000.0,0.0,0.0,11307246524.0,11307246524.0,11246187393.0,0.0,0.0,,0.0,0.0,0.0
2022-12-30,50.0,0.0,0.0,50.0,50.0,50.0,0.0,100.0,5000.0,1.0,98.9,50.0,31124400.0,0.0,0.0,11307246524.0,11307246524.0,11246187393.0,0.0,0.0,,0.0,0.0,0.0
2023-01-02,50.0,0.0,0.0,50.0,50.0,50.0,0.0,200.0,10000.0,1.0,98.9,50.0,28513400.0,0.0,0.0,11307246524.0,11307246524.0,11246187393.0,0.0,0.0,,0.0,0.0,0.0
2023-01-03,50.0,0.0,0.0,50.0,50.0,50.0,0.0,2300.0,115000.0,1.0,98.9,50.0,71063200.0,0.0,0.0,11307246524.0,11307246524.0,11246187393.0,0.0,0.0,,0.0,0.0,0.0
2023-01-04,50.0,0.0,0.0,0.0,0.0,50.0,0.0,0.0,0.0,0.0,98.9,50.0,70243500.0,0.0,0.0,11307246524.0,11307246524.0,11246187393.0,0.0,0.0,,0.0,0.0,0.0
2023-01-05,50.0,0.0,0.0,0.0,0.0,50.0,0.0,0.0,0.0,0.0,98.9,50.0,68861900.0,0.0,0.0,11307246524.0,11307246524.0,11246187393.0,0.0,0.0,,0.0,0.0,0.0
2023-01-06,50.0,0.0,0.0,50.0,50.0,50.0,0.0,100.0,5000.0,1.0,98.9,50.0,71474000.0,0.0,0.0,11307246524.0,11307246524.0,11246187393.0,0.0,0.0,,0.0,0.0,0.0
2023-01-09,50.0,0.0,0.0,50.0,50.0,50.0,0.0,3100.0,155000.0,2.0,98.9,50.0,75615300.0,0.0,0.0,11307246524.0,11307246524.0,11246187393.0,0.0,0.0,,0.0,0.0,0.0
2023-01-10,50.0,0.0,0.0,0.0,0.0,50.0,0.0,0.0,0.0,0.0,98.9,50.0,74709500.0,0.0,0.0,11307246524.0,11307246524.0,11246187393.0,0.0,0.0,,0.0,0.0,0.0
2023-01-11,50.0,0.0,0.0,50.0,50.0,50.0,0.0,8900.0,445000.0,3.0,98.9,50.0,74099800.0,0.0,0.0,11307246524.0,11307246524.0,11246187393.0,0.0,0.0,,295300.0,4429500.0,1.0
2023-01-12,50.0,0.0,0.0,0.0,0.0,50.0,0.0,0.0,0.0,0.0,98.9,50.0,74094900.0,0.0,0.0,11307246524.0,11307246524.0,11246187393.0,0.0,0.0,,0.0,0.0,0.0
2023-01-13,50.0,0.0,0.0,50.0,50.0,50.0,0.0,100.0,5000.0,1.0,98.9,50.0,74073100.0,0.0,0.0,11307246524.0,11307246524.0,11246187393.0,0.0,0.0,,0.0,0.0,0.0
2023-01-16,50.0,0.0,0.0,50.0,50.0,50.0,0.0,100.0,5000.0,1.0,98.9,50.0,77519400.0,0.0,0.0,11307246524.0,11307246524.0,11246187393.0,0.0,0.0,,0.0,0.0,0.0
2023-01-17,50.0,0.0,0.0,0.0,0.0,50.0,0.0,0.0,0.0,0.0,98.9,50.0,72814000.0,0.0,0.0,11307246524.0,11307246524.0,11246187393.0,0.0,0.0,,0.0,0.0,0.0
2023-01-18,50.0,0.0,0.0,0.0,0.0,50.0,0.0,0.0,0.0,0.0,98.9,50.0,72277500.0,0.0,0.0,11307246524.0,11307246524.0,11246187393.0,0.0,0.0,,0.0,0.0,0.0
2023-01-19,50.0,0.0,0.0,0.0,0.0,50.0,0.0,0.0,0.0,0.0,98.9,50.0,73593300.0,0.0,0.0,11307246524.0,11307246524.0,11246187393.0,0.0,0.0,,0.0,0.0,0.0
2023-01-20,50.0,0.0,0.0,50.0,50.0,50.0,0.0,200.0,10000.0,1.0,98.9,50.0,73424300.0,0.0,0.0,11307246524.0,11307246524.0,11246187393.0,0.0,0.0,,0.0,0.0,0.0
2023-01-24,50.0,0.0,0.0,0.0,0.0,50.0,0.0,0.0,0.0,0.0,98.9,50.0,72591600.0,0.0,0.0,11307246524.0,11307246524.0,11246187393.0,0.0,0.0,,0.0,0.0,0.0
2023-01-25,50.0,0.0,0.0,50.0,50.0,50.0,0.0,100.0,5000.0,1.0,98.9,50.0,77714200.0,0.0,0.0,11307246524.0,11307246524.0,11246187393.0,0.0,0.0,,62400.0,998400.0,1.0
2023-01-26,50.0,0.0,0.0,0.0,0.0,50.0,0.0,0.0,0.0,0.0,98.9,50.0,73798500.0,0.0,0.0,11307246524.0,11307246524.0,11246187393.0,0.0,0.0,,10370900.0,518545000.0,1.0
2023-01-27,50.0,0.0,0.0,0.0,0.0,50.0,0.0,0.0,0.0,0.0,98.9,50.0,73121900.0,0.0,0.0,11307246524.0,11307246524.0,11246187393.0,0.0,0.0,,0.0,0.0,0.0
2023-01-30,50.0,0.0,0.0,0.0,0.0,50.0,0.0,0.0,0.0,0.0,98.9,50.0,83561600.0,0.0,0.0,11307246524.0,11307246524.0,11246187393.0,0.0,0.0,,0.0,0.0,0.0
2023-01-31,50.0,0.0,0.0,50.0,50.0,50.0,0.0,10100.0,505000.0,2.0,98.9,50.0,88428700.0,0.0,0.0,11307246524.0,11307246524.0,11246187393.0,0.0,0.0,,0.0,0.0,0.0
2023-02-01,50.0,0.0,0.0,50.0,50.0,50.0,0.0,10000.0,500000.0,1.0,98.9,50.0,82601000.0,0.0,0.0,11307246524.0,11307246524.0,11246187393.0,0.0,0.0,,0.0,0.0,0.0
2023-02-02,50.0,0.0,0.0,50.0,50.0,50.0,0.0,200.0,10000.0,2.0,98.9,50.0,85537600.0,0.0,0.0,11307246524.0,11307246524.0,11246187393.0,0.0,100.0,,0.0,0.0,0.0
2023-02-03,50.0,0.0,0.0,0.0,0.0,50.0,0.0,0.0,0.0,0.0,98.9,50.0,82976000.0,0.0,0.0,11307246524.0,11307246524.0,11246187393.0,0.0,0.0,,0.0,0.0,0.0
2023-02-06,50.0,0.0,0.0,50.0,50.0,50.0,0.0,15100.0,755000.0,3.0,98.9,50.0,63940300.0,0.0,0.0,11307246524.0,11307246524.0,11246187393.0,0.0,0.0,,0.0,0.0,0.0
2023-02-07,50.0,0.0,0.0,0.0,0.0,50.0,0.0,0.0,0.0,0.0,98.9,50.0,62372600.0,0.0,0.0,11307246524.0,11307246524.0,11246187393.0,0.0,0.0,,0.0,0.0,0.0
2023-02-08,50.0,0.0,0.0,50.0,50.0,50.0,0.0,800.0,40000.0,3.0,98.9,50.0,63562000.0,0.0,0.0,11307246524.0,11307246524.0,11246187393.0,0.0,0.0,,0.0,0.0,0.0
2023-02-09,50.0,0.0,0.0,50.0,50.0,50.0,0.0,700.0,35000.0,1.0,98.9,50.0,62025900.0,0.0,0.0,11307246524.0,11307246524.0,11246187393.0,0.0,0.0,,0.0,0.0,0.0
2023-02-10,50.0,0.0,0.0,50.0,50.0,50.0,0.0,100.0,5000.0,1.0,98.9,50.0,65928900.0,0.0,0.0,11307246524.0,11307246524.0,11246187393.0,0.0,0.0,,0.0,0.0,0.0
2023-02-13,50.0,0.0,0.0,50.0,50.0,50.0,0.0,34000.0,1700000.0,2.0,98.9,50.0,75086200.0,0.0,0.0,11307246524.0,11307246524.0,11246187393.0,0.0,0.0,,0.0,0.0,0.0
2023-02-14,50.0,0.0,0.0,0.0,0.0,50.0,0.0,0.0,0.0,0.0,98.9,50.0,73779400.0,0.0,0.0,11307246524.0,11307246524.0,11246187393.0,0.0,0.0,,0.0,0.0,0.0
2023-02-15,50.0,0.0,0.0,0.0,0.0,50.0,0.0,0.0,0.0,0.0,98.9,50.0,72675800.0,0.0,0.0,11307246524.0,11307246524.0,11246187393.0,0.0,0.0,,0.0,0.0,0.0
2023-02-16,50.0,0.0,0.0,0.0,0.0,50.0,0.0,0.0,0.0,0.0,98.9,50.0,73316400.0,0.0,0.0,11307246524.0,11307246524.0,11246187393.0,0.0,0.0,,0.0,0.0,0.0
2023-02-17,50.0,0.0,0.0,50.0,50.0,50.0,0.0,200.0,10000.0,1.0,98.9,50.0,73525600.0,0.0,0.0,11307246524.0,11307246524.0,11246187393.0,0.0,0.0,,0.0,0.0,0.0
2023-02-20,50.0,0.0,0.0,0.0,0.0,50.0,0.0,0.0,0.0,0.0,98.9,50.0,72942400.0,0.0,0.0,11307246524.0,11307246524.0,11246187393.0,0.0,0.0,,0.0,0.0,0.0
2023-02-21,50.0,0.0,0.0,50.0,50.0,50.0,0.0,100.0,5000.0,1.0,98.9,50.0,72582100.0,0.0,0.0,11307246524.0,11307246524.0,11246187393.0,0.0,0.0,,0.0,0.0,0.0
2023-02-22,50.0,0.0,0.0,50.0,50.0,50.0,0.0,5500.0,275000.0,3.0,98.9,50.0,73416400.0,0.0,0.0,11307246524.0,11307246524.0,11246187393.0,0.0,0.0,,0.0,0.0,0.0
2023-02-23,50.0,0.0,0.0,50.0,50.0,50.0,0.0,100.0,5000.0,1.0,98.9,50.0,74162700.0,0.0,0.0,11307246524.0,11307246524.0,11246187393.0,0.0,0.0,,0.0,0.0,0.0
2023-02-24,50.0,0.0,0.0,50.0,50.0,50.0,0.0,2700.0,135000.0,2.0,98.9,50.0,77999400.0,0.0,0.0,11307246524.0,11307246524.0,11246187393.0,0.0,0.0,,0.0,0.0,0.0
2023-02-27,50.0,0.0,0.0,0.0,0.0,50.0,0.0,0.0,0.0,0.0,98.9,50.0,73588000.0,0.0,0.0,11307246524.0,11307246524.0,11246187393.0,0.0,0.0,,0.0,0.0,0.0
2023-02-28,50.0,0.0,0.0,50.0,50.0,50.0,0.0,500.0,25000.0,2.0,98.9,50.0,73796900.0,0.0,0.0,11307246524.0,11307246524.0,11246187393.0,0.0,0.0,,0.0,0.0,0.0
2023-03-01,50.0,0.0,0.0,50.0,50.0,50.0,0.0,100.0,5000.0,1.0,98.9,50.0,75649600.0,0.0,0.0,11307246524.0,11307246524.0,11246187393.0,0.0,0.0,,0.0,0.0,0.0
2023-03-02,50.0,0.0,0.0,0.0,0.0,50.0,0.0,0.0,0.0,0.0,98.9,50.0,74364400.0,0.0,0.0,11307246524.0,11307246524.0,11246187393.0,0.0,0.0,,0.0,0.0,0.0
2023-03-03,50.0,0.0,0.0,50.0,50.0,50.0,0.0,200.0,10000.0,2.0,98.9,50.0,77850700.0,0.0,0.0,11307246524.0,11307246524.0,11246187393.0,0.0,0.0,,0.0,0.0,0.0
2023-03-06,50.0,0.0,0.0,50.0,50.0,50.0,0.0,1500.0,75000.0,2.0,98.9,50.0,75332500.0,0.0,0.0,11307246524.0,11307246524.0,11246187393.0,0.0,0.0,,0.0,0.0,0.0
2023-03-07,50.0,0.0,0.0,50.0,50.0,50.0,0.0,300.0,15000.0,2.0,98.9,50.0,77271200.0,0.0,0.0,11307246524.0,11307246524.0,11246187393.0,0.0,0.0,,0.0,0.0,0.0
2023-03-08,50.0,0.0,0.0,0.0,0.0,50.0,0.0,0.0,0.0,0.0,98.9,50.0,78671600.0,0.0,0.0,11307246524.0,11307246524.0,11246187393.0,0.0,0.0,,0.0,0.0,0.0
2023-03-09,50.0,0.0,0.0,50.0,50.0,50.0,0.0,200.0,10000.0,2.0,98.9,50.0,73860300.0,0.0,0.0,11307246524.0,11307246524.0,11246187393.0,0.0,0.0,,0.0,0.0,0.0
2023-03-10,50.0,0.0,0.0,50.0,50.0,50.0,0.0,200.0,10000.0,2.0,98.9,50.0,73147700.0,0.0,0.0,11307246524.0,11307246524.0,11246187393.0,0.0,0.0,,0.0,0.0,0.0
2023-03-13,50.0,0.0,0.0,50.0,50.0,50.0,0.0,2100.0,105000.0,2.0,98.9,50.0,76560400.0,0.0,0.0,11307246524.0,11307246524.0,11246187393.0,0.0,0.0,,0.0,0.0,0.0
2023-03-14,50.0,0.0,0.0,50.0,50.0,50.0,0.0,4300.0,215000.0,2.0,98.9,50.0,76746400.0,0.0,0.0,11307246524.0,11307246524.0,11246187393.0,0.0,0.0,,0.0,0.0,0.0
2023-03-15,50.0,0.0,0.0,50.0,50.0,50.0,0.0,200.0,10000.0,2.0,98.9,50.0,75883000.0,0.0,0.0,11307246524.0,11307246524.0,11246187393.0,0.0,0.0,,0.0,0.0,0.0
2023-03-16,50.0,0.0,0.0,0.0,0.0,50.0,0.0,0.0,0.0,0.0,98.9,50.0,77726900.0,0.0,0.0,11307246524.0,11307246524.0,11246187393.0,0.0,0.0,,0.0,0.0,0.0
2023-03-17,50.0,0.0,0.0,50.0,50.0,50.0,0.0,200.0,10000.0,1.0,98.9,50.0,76321000.0,0.0,0.0,11307246524.0,11307246524.0,11246187393.0,0.0,0.0,,0.0,0.0,0.0
2023-03-20,50.0,0.0,0.0,0.0,0.0,50.0,0.0,0.0,0.0,0.0,98.9,50.0,76054500.0,0.0,0.0,11307246524.0,11307246524.0,11246187393.0,0.0,0.0,,0.0,0.0,0.0
2023-03-21,50.0,0.0,0.0,0.0,0.0,50.0,0.0,0.0,0.0,0.0,98.9,50.0,77186200.0,0.0,0.0,11307246524.0,11307246524.0,11246187393.0,0.0,0.0,,0.0,0.0,0.0
2023-03-24,50.0,0.0,0.0,50.0,50.0,50.0,0.0,3000.0,150000.0,1.0,98.9,50.0,77013700.0,0.0,0.0,11307246524.0,11307246524.0,11246187393.0,0.0,0.0,,0.0,0.0,0.0
2023-03-27,50.0,0.0,0.0,50.0,50.0,50.0,0.0,2200.0,110000.0,2.0,98.9,50.0,77179500.0,0.0,0.0,11307246524.0,11307246524.0,11246187393.0,0.0,0.0,,0.0,0.0,0.0
2023-03-28,50.0,0.0,0.0,50.0,50.0,50.0,0.0,100.0,5000.0,1.0,98.9,50.0,76125500.0,0.0,0.0,11307246524.0,11307246524.0,11246187393.0,0.0,0.0,,0.0,0.0,0.0
2023-03-29,50.0,0.0,0.0,0.0,0.0,50.0,0.0,0.0,0.0,0.0,98.9,50.0,73050200.0,0.0,0.0,11307246524.0,11307246524.0,11246187393.0,0.0,0.0,,0.0,0.0,0.0
2023-03-30,50.0,0.0,0.0,0.0,0.0,50.0,0.0,0.0,0.0,0.0,98.9,50.0,74236500.0,0.0,0.0,11307246524.0,11307246524.0,11246187393.0,0.0,0.0,,50000.0,800000.0,1.0
2023-03-31,50.0,0.0,0.0,0.0,0.0,50.0,0.0,0.0,0.0,0.0,98.9,50.0,75439700.0,0.0,0.0,11307246524.0,11307246524.0,11246187393.0,0.0,0.0,,1395248.0,17665200.0,3.0
2023-04-03,50.0,0.0,0.0,0.0,0.0,50.0,0.0,0.0,0.0,0.0,98.9,50.0,76893900.0,0.0,0.0,11307246524.0,11307246524.0,11269932610.0,0.0,0.0,,0.0,0.0,0.0
2023-04-04,50.0,0.0,0.0,0.0,0.0,50.0,0.0,0.0,0.0,0.0,98.9,50.0,76701200.0,0.0,0.0,11307246524.0,11307246524.0,11269932610.0,0.0,0.0,,0.0,0.0,0.0
2023-04-05,50.0,0.0,0.0,0.0,0.0,50.0,0.0,0.0,0.0,0.0,98.9,50.0,74445500.0,0.0,0.0,11307246524.0,11307246524.0,11269932610.0,0.0,0.0,,0.0,0.0,0.0
2023-04-06,50.0,0.0,0.0,0.0,0.0,50.0,0.0,0.0,0.0,0.0,98.9,50.0,74672500.0,0.0,0.0,11307246524.0,11307246524.0,11269932610.0,0.0,0.0,,0.0,0.0,0.0
2023-04-10,50.0,0.0,0.0,0.0,0.0,50.0,0.0,0.0,0.0,0.0,98.9,50.0,81179600.0,0.0,0.0,11307246524.0,11307246524.0,11269932610.0,0.0,0.0,,0.0,0.0,0.0
2023-04-11,50.0,0.0,0.0,0.0,0.0,50.0,0.0,0.0,0.0,0.0,98.9,50.0,74937100.0,0.0,0.0,11307246524.0,11307246524.0,11269932610.0,0.0,0.0,,0.0,0.0,0.0
2023-04-12,50.0,0.0,0.0,0.0,0.0,50.0,0.0,0.0,0.0,0.0,98.9,50.0,74430200.0,0.0,0.0,11307246524.0,11307246524.0,11269932610.0,0.0,0.0,,2000.0,22000.0,1.0
2023-04-13,50.0,0.0,0.0,50.0,50.0,50.0,0.0,2600.0,130000.0,11.0,98.9,50.0,72095100.0,0.0,0.0,11307246524.0,11307246524.0,11269932610.0,0.0,0.0,,0.0,0.0,0.0
2023-04-14,50.0,0.0,0.0,0.0,0.0,50.0,0.0,0.0,0.0,0.0,98.9,50.0,73201400.0,0.0,0.0,11307246524.0,11307246524.0,11269932610.0,0.0,0.0,,0.0,0.0,0.0
2023-04-17,50.0,0.0,0.0,0.0,0.0,50.0,0.0,0.0,0.0,0.0,98.9,50.0,72276300.0,0.0,0.0,11307246524.0,11307246524.0,11269932610.0,0.0,0.0,,0.0,0.0,0.0
2023-04-18,50.0,0.0,0.0,0.0,0.0,50.0,0.0,0.0,0.0,0.0,98.9,50.0,73149300.0,0.0,0.0,11307246524.0,11307246524.0,11269932610.0,0.0,0.0,,0.0,0.0,0.0
2023-04-26,50.0,0.0,0.0,50.0,50.0,50.0,0.0,100.0,5000.0,1.0,98.9,50.0,72608000.0,0.0,0.0,11307246524.0,11307246524.0,11269932610.0,0.0,0.0,,100000.0,1600000.0,1.0
2023-04-27,50.0,0.0,0.0,0.0,0.0,50.0,0.0,0.0,0.0,0.0,98.9,50.0,72010600.0,0.0,0.0,11307246524.0,11307246524.0,11269932610.0,0.0,0.0,,0.0,0.0,0.0
2023-04-28,50.0,0.0,0.0,0.0,0.0,50.0,0.0,0.0,0.0,0.0,98.9,50.0,72419500.0,0.0,0.0,11307246524.0,11307246524.0,11269932610.0,0.0,0.0,,0.0,0.0,0.0
2023-05-02,50.0,0.0,0.0,50.0,50.0,50.0,0.0,6100.0,305000.0,2.0,98.9,50.0,54939300.0,0.0,0.0,11307246524.0,11307246524.0,11269932610.0,0.0,0.0,,0.0,0.0,0.0
2023-05-03,50.0,0.0,0.0,0.0,0.0,50.0,0.0,0.0,0.0,0.0,98.9,50.0,72459800.0,0.0,0.0,11307246524.0,11307246524.0,11269932610.0,0.0,0.0,,0.0,0.0,0.0
2023-05-04,50.0,0.0,0.0,0.0,0.0,50.0,0.0,0.0,0.0,0.0,98.9,50.0,73631500.0,0.0,0.0,11307246524.0,11307246524.0,11269932610.0,0.0,0.0,,0.0,0.0,0.0
2023-05-05,50.0,0.0,0.0,0.0,0.0,50.0,0.0,0.0,0.0,0.0,98.9,50.0,74465400.0,0.0,0.0,11307246524.0,11307246524.0,11269932610.0,0.0,0.0,,0.0,0.0,0.0
2023-05-08,50.0,0.0,0.0,0.0,0.0,50.0,0.0,0.0,0.0,0.0,98.9,50.0,73283300.0,0.0,0.0,11307246524.0,11307246524.0,11269932610.0,0.0,0.0,,0.0,0.0,0.0
2023-05-09,50.0,0.0,0.0,0.0,0.0,50.0,0.0,0.0,0.0,0.0,98.9,50.0,74829400.0,0.0,0.0,11307246524.0,11307246524.0,11269932610.0,0.0,0.0,,850000.0,5950000.0,1.0
2023-05-10,50.0,0.0,0.0,50.0,50.0,50.0,0.0,100.0,5000.0,1.0,98.9,50.0,75408100.0,0.0,0.0,11307246524.0,11307246524.0,11269932610.0,0.0,0.0,,0.0,0.0,0.0
2023-05-11,50.0,0.0,0.0,0.0,0.0,50.0,0.0,0.0,0.0,0.0,98.9,50.0,73641600.0,0.0,0.0,11307246524.0,11307246524.0,11269932610.0,0.0,0.0,,0.0,0.0,0.0
2023-05-12,50.0,0.0,0.0,0.0,0.0,50.0,0.0,0.0,0.0,0.0,98.9,50.0,74620400.0,0.0,0.0,11307246524.0,11307246524.0,11269932610.0,0.0,0.0,,0.0,0.0,0.0
2023-05-15,50.0,0.0,0.0,0.0,0.0,50.0,0.0,0.0,0.0,0.0,98.9,50.0,75948600.0,0.0,0.0,11307246524.0,11307246524.0,11269932610.0,0.0,0.0,,0.0,0.0,0.0
2023-05-16,50.0,0.0,0.0,50.0,50.0,50.0,0.0,100.0,5000.0,1.0,98.9,50.0,75755000.0,0.0,0.0,11307246524.0,11307246524.0,11269932610.0,0.0,0.0,,0.0,0.0,0.0
2023-05-17,50.0,0.0,0.0,50.0,50.0,50.0,0.0,8000.0,400000.0,2.0,98.9,50.0,73929600.0,0.0,0.0,11307246524.0,11307246524.0,11269932610.0,0.0,0.0,,0.0,0.0,0.0
2023-05-19,50.0,0.0,0.0,50.0,50.0,50.0,0.0,100.0,5000.0,1.0,98.9,50.0,73693800.0,0.0,0.0,11307246524.0,11307246524.0,11269932610.0,0.0,0.0,,0.0,0.0,0.0
2023-05-22,50.0,0.0,0.0,0.0,0.0,50.0,0.0,0.0,0.0,0.0,98.9,50.0,74429500.0,0.0,0.0,11307246524.0,11307246524.0,11269932610.0,0.0,0.0,,0.0,0.0,0.0
2023-05-23,50.0,0.0,0.0,0.0,0.0,50.0,0.0,0.0,0.0,0.0,98.9,50.0,76301400.0,0.0,0.0,11307246524.0,11307246524.0,11269932610.0,0.0,0.0,,0.0,0.0,0.0
2023-05-24,50.0,0.0,0.0,0.0,0.0,50.0,0.0,0.0,0.0,0.0,98.9,50.0,75695700.0,0.0,0.0,11307246524.0,11307246524.0,11269932610.0,0.0,0.0,,0.0,0.0,0.0
2023-05-25,50.0,0.0,0.0,50.0,50.0,50.0,0.0,3700.0,185000.0,2.0,98.9,50.0,75625800.0,0.0,0.0,11307246524.0,11307246524.0,11269932610.0,0.0,0.0,,0.0,0.0,0.0
2023-05-26,50.0,0.0,0.0,0.0,0.0,50.0,0.0,0.0,0.0,0.0,98.9,50.0,74755000.0,0.0,0.0,11307246524.0,11307246524.0,11269932610.0,0.0,0.0,,100000.0,1700000.0,1.0
2023-05-29,50.0,0.0,0.0,50.0,50.0,50.0,0.0,2000.0,100000.0,1.0,98.9,50.0,80451300.0,0.0,0.0,11307246524.0,11307246524.0,11269932610.0,0.0,0.0,,0.0,0.0,0.0
2023-05-30,50.0,0.0,0.0,50.0,50.0,50.0,0.0,100.0,5000.0,1.0,98.9,50.0,74628500.0,0.0,0.0,11307246524.0,11307246524.0,11269932610.0,0.0,0.0,,0.0,0.0,0.0
2023-05-31,50.0,0.0,0.0,50.0,50.0,50.0,0.0,100.0,5000.0,1.0,98.9,50.0,78339600.0,0.0,0.0,11307246524.0,11307246524.0,11269932610.0,0.0,0.0,,0.0,0.0,0.0
2023-06-05,50.0,0.0,0.0,50.0,50.0,50.0,0.0,100.0,5000.0,1.0,98.9,50.0,76839700.0,0.0,0.0,11307246524.0,11307246524.0,11269932610.0,0.0,0.0,,0.0,0.0,0.0
2023-06-06,50.0,0.0,0.0,50.0,50.0,50.0,0.0,200.0,10000.0,1.0,98.9,50.0,74885400.0,0.0,0.0,11307246524.0,11307246524.0,11269932610.0,0.0,0.0,,100000.0,1700000.0,1.0
2023-06-07,50.0,0.0,0.0,50.0,50.0,50.0,0.0,900.0,45000.0,1.0,98.9,50.0,75762500.0,0.0,0.0,11307246524.0,11307246524.0,11269932610.0,0.0,0.0,,0.0,0.0,0.0
2023-06-08,50.0,0.0,0.0,50.0,50.0,50.0,0.0,200.0,10000.0,2.0,98.9,50.0,74531100.0,0.0,0.0,11307246524.0,11307246524.0,11269932610.0,0.0,0.0,,0.0,0.0,0.0
2023-06-09,50.0,0.0,0.0,0.0,0.0,50.0,0.0,0.0,0.0,0.0,98.9,50.0,73759200.0,0.0,0.0,11307246524.0,11307246524.0,11269932610.0,0.0,0.0,,0.0,0.0,0.0
2023-06-12,50.0,0.0,0.0,45.0,45.0,45.0,-5.0,3500.0,157500.0,9.0,89.0,45.0,7605400.0,0.0,0.0,11307246524.0,11307246524.0,11269932610.0,0.0,0.0,,0.0,0.0,0.0
2023-06-13,45.0,0.0,0.0,41.0,41.0,41.0,-4.0,800.0,32800.0,5.0,81.1,41.0,12132300.0,0.0,0.0,11307246524.0,11307246524.0,11269932610.0,0.0,0.0,,0.0,0.0,0.0
2023-06-14,41.0,0.0,0.0,37.0,37.0,37.0,-4.0,7500.0,277500.0,8.0,73.2,37.0,11913100.0,0.0,0.0,11307246524.0,11307246524.0,11269932610.0,7500.0,0.0,,0.0,0.0,0.0
2023-06-15,37.0,0.0,0.0,34.0,34.0,34.0,-3.0,3600.0,122400.0,6.0,67.3,34.0,10640700.0,0.0,0.0,11307246524.0,11307246524.0,11269932610.0,0.0,0.0,,0.0,0.0,0.0
2023-06-16,34.0,0.0,0.0,31.0,31.0,31.0,-3.0,5400.0,167400.0,8.0,61.3,31.0,10698400.0,0.0,0.0,11307246524.0,11307246524.0,11269932610.0,0.0,0.0,,0.0,0.0,0.0
2023-06-19,31.0,0.0,0.0,28.0,28.0,28.0,-3.0,12600.0,352800.0,4.0,55.4,28.0,10215400.0,0.0,0.0,11307246524.0,11307246524.0,11269932610.0,0.0,0.0,,0.0,0.0,0.0
2023-06-20,28.0,0.0,0.0,26.0,26.0,26.0,-2.0,15100.0,392600.0,3.0,51.4,26.0,11660000.0,0.0,0.0,11307246524.0,11307246524.0,11269932610.0,0.0,0.0,,0.0,0.0,0.0
2023-06-21,26.0,0.0,0.0,24.0,24.0,24.0,-2.0,24400.0,585600.0,6.0,47.5,24.0,13924800.0,0.0,0.0,11307246524.0,11307246524.0,11269932610.0,0.0,0.0,,0.0,0.0,0.0
2023-06-22,24.0,0.0,0.0,22.0,22.0,22.0,-2.0,20900.0,459800.0,5.0,43.5,22.0,14403200.0,0.0,0.0,11307246524.0,11307246524.0,11269932610.0,0.0,0.0,,0.0,0.0,0.0
2023-06-23,22.0,0.0,0.0,20.0,20.0,20.0,-2.0,39700.0,794000.0,9.0,39.6,20.0,13711400.0,0.0,0.0,11307246524.0,11307246524.0,11269932610.0,0.0,0.0,,0.0,0.0,0.0
2023-06-26,20.0,0.0,0.0,18.0,18.0,18.0,-2.0,44000.0,792000.0,18.0,35.6,18.0,11409600.0,0.0,0.0,11307246524.0,11307246524.0,11269932610.0,0.0,0.0,,0.0,0.0,0.0
2023-06-27,18.0,0.0,0.0,17.0,17.0,17.0,-1.0,45200.0,768400.0,12.0,33.6,17.0,16971900.0,0.0,0.0,11307246524.0,11307246524.0,11269932610.0,0.0,0.0,,0.0,0.0,0.0
2023-07-03,17.0,0.0,0.0,16.0,16.0,16.0,-1.0,55900.0,894400.0,17.0,31.7,16.0,18570200.0,0.0,0.0,11307246524.0,11307246524.0,11269932610.0,0.0,0.0,,0.0,0.0,0.0
2023-07-04,16.0,0.0,0.0,15.0,15.0,15.0,-1.0,20200.0,303000.0,12.0,29.7,15.0,12034800.0,0.0,0.0,11307246524.0,11307246524.0,11269932610.0,0.0,0.0,,0.0,0.0,0.0
2023-07-05,15.0,0.0,0.0,14.0,14.0,14.0,-1.0,25900.0,362600.0,8.0,27.7,14.0,20289400.0,0.0,0.0,11307246524.0,11307246524.0,11269932610.0,0.0,0.0,,0.0,0.0,0.0
2023-07-06,14.0,0.0,0.0,13.0,13.0,13.0,-1.0,63200.0,821600.0,15.0,25.7,13.0,16368800.0,0.0,0.0,11307246524.0,11307246524.0,11269932610.0,0.0,0.0,,0.0,0.0,0.0
2023-07-07,13.0,0.0,0.0,12.0,12.0,12.0,-1.0,341200.0,4094400.0,17.0,23.7,12.0,14157300.0,0.0,0.0,11307246524.0,11307246524.0,11269932610.0,0.0,0.0,,2095000.0,20501300.0,2.0
2023-07-10,12.0,0.0,0.0,11.0,11.0,11.0,-1.0,120000.0,1320000.0,38.0,21.8,11.0,12907900.0,0.0,0.0,11307246524.0,11307246524.0,11269932610.0,0.0,0.0,,0.0,0.0,0.0
2023-07-11,11.0,0.0,0.0,10.0,10.0,10.0,-1.0,234500.0,2345000.0,24.0,19.8,10.0,23624300.0,0.0,0.0,11307246524.0,11307246524.0,11269932610.0,0.0,0.0,,0.0,0.0,0.0
2023-07-12,10.0,0.0,0.0,9.0,9.0,9.0,-1.0,10783900.0,97055100.0,170.0,17.8,10.0,2969700.0,9.0,7527200.0,11307246524.0,11307246524.0,11269932610.0,0.0,100000.0,,0.0,0.0,0.0
2023-07-13,9.0,0.0,0.0,10.0,10.0,10.0,1.0,4896100.0,48961000.0,113.0,19.8,0.0,0.0,10.0,10917700.0,11307246524.0,11307246524.0,11269932610.0,0.0,0.0,,28000.0,28000.0,1.0
2023-07-14,10.0,0.0,0.0,11.0,10.0,10.0,0.0,20160700.0,208655700.0,209.0,19.8,11.0,8319700.0,10.0,1544500.0,11307246524.0,11307246524.0,11269932610.0,50000.0,0.0,,1500.0,1500.0,1.0
2023-07-17,10.0,0.0,0.0,10.0,10.0,10.0,0.0,4572700.0,45727000.0,66.0,19.8,10.0,26569400.0,9.0,6304200.0,11307246524.0,11307246524.0,11269932610.0,50000.0,0.0,,0.0,0.0,0.0
2023-07-18,10.0,0.0,0.0,10.0,9.0,9.0,-1.0,1798300.0,17495800.0,45.0,17.8,9.0,2306300.0,0.0,0.0,11307246524.0,11307246524.0,11269932610.0,0.0,0.0,,0.0,0.0,0.0
2023-07-20,9.0,0.0,0.0,9.0,8.0,8.0,-1.0,3777500.0,30840100.0,68.0,15.8,8.0,154200.0,0.0,0.0,11307246524.0,11307246524.0,11269932610.0,0.0,0.0,,1000.0,9000.0,1.0
2023-07-21,8.0,0.0,0.0,7.0,7.0,7.0,-1.0,4637300.0,32461100.0,97.0,13.8,7.0,30377400.0,0.0,0.0,11307246524.0,11307246524.0,11269932610.0,1002500.0,0.0,,0.0,0.0,0.0
2023-07-24,7.0,0.0,0.0,6.0,6.0,6.0,-1.0,2128400.0,12770400.0,75.0,11.9,6.0,21791700.0,0.0,0.0,11307246524.0,11307246524.0,11269932610.0,0.0,0.0,,0.0,0.0,0.0
2023-07-25,6.0,0.0,0.0,5.0,5.0,5.0,-1.0,32616700.0,163083500.0,176.0,9.9,6.0,2366500.0,5.0,18232400.0,11307246524.0,11307246524.0,11269932610.0,0.0,0.0,,0.0,0.0,0.0
2023-07-26,5.0,0.0,0.0,6.0,5.0,6.0,1.0,14750700.0,77008000.0,115.0,11.9,0.0,0.0,6.0,15063400.0,11307246524.0,11307246524.0,11269932610.0,0.0,0.0,,0.0,0.0,0.0
2023-07-27,6.0,0.0,0.0,6.0,6.0,6.0,0.0,12672700.0,76036200.0,266.0,11.9,7.0,47128500.0,6.0,7941900.0,11307246524.0,11307246524.0,11269932610.0,0.0,0.0,,0.0,0.0,0.0
2023-07-28,6.0,0.0,0.0,6.0,6.0,6.0,0.0,2380500.0,14283000.0,48.0,11.9,7.0,71439900.0,6.0,8407700.0,11307246524.0,11307246524.0,11269932610.0,0.0,0.0,,0.0,0.0,0.0
2023-07-31,6.0,0.0,0.0,6.0,6.0,6.0,0.0,8200300.0,49201800.0,70.0,11.9,6.0,46997000.0,5.0,2710200.0,11307246524.0,11307246524.0,11269932610.0,0.0,0.0,,0.0,0.0,0.0
2023-08-01,6.0,0.0,0.0,6.0,6.0,6.0,0.0,3435200.0,20611200.0,37.0,11.9,6.0,50083900.0,5.0,17751800.0,11307246524.0,11307246524.0,11269932610.0,0.0,0.0,,0.0,0.0,0.0
2023-08-02,6.0,0.0,0.0,6.0,6.0,6.0,0.0,290200.0,1741200.0,24.0,11.9,6.0,49825300.0,5.0,8683500.0,11307246524.0,11307246524.0,11269932610.0,0.0,0.0,,0.0,0.0,0.0
2023-08-03,6.0,0.0,0.0,6.0,6.0,6.0,0.0,589100.0,3534600.0,32.0,11.9,6.0,73557400.0,5.0,5066800.0,11307246524.0,11307246524.0,11269932610.0,0.0,0.0,,0.0,0.0,0.0
2023-08-04,6.0,0.0,0.0,6.0,6.0,6.0,0.0,355300.0,2131800.0,29.0,11.9,6.0,74297300.0,5.0,4150000.0,11307246524.0,11307246524.0,11269932610.0,0.0,0.0,,0.0,0.0,0.0
2023-08-07,6.0,0.0,0.0,6.0,5.0,6.0,0.0,922200.0,4779300.0,49.0,11.9,6.0,74055700.0,5.0,4801400.0,11307246524.0,11307246524.0,11269932610.0,0.0,0.0,,0.0,0.0,0.0
2023-08-08,6.0,0.0,0.0,5.0,5.0,5.0,-1.0,1633400.0,8167000.0,37.0,9.9,6.0,64737600.0,5.0,3045400.0,11307246524.0,11307246524.0,11269932610.0,0.0,0.0,,0.0,0.0,0.0
2023-08-09,5.0,0.0,0.0,5.0,5.0,5.0,0.0,2075700.0,10378500.0,60.0,9.9,6.0,73820800.0,5.0,110700.0,11307246524.0,11307246524.0,11269932610.0,0.0,0.0,,0.0,0.0,0.0
2023-08-10,5.0,0.0,0.0,5.0,5.0,5.0,0.0,942200.0,4711000.0,28.0,9.9,6.0,49389500.0,5.0,792800.0,11307246524.0,11307246524.0,11269932610.0,0.0,0.0,,0.0,0.0,0.0
2023-08-11,5.0,0.0,0.0,5.0,5.0,5.0,0.0,1620800.0,8104000.0,60.0,9.9,6.0,73679300.0,5.0,596300.0,11307246524.0,11307246524.0,11269932610.0,0.0,0.0,,0.0,0.0,0.0
2023-08-14,5.0,0.0,0.0,5.0,5.0,5.0,0.0,707900.0,3539500.0,15.0,9.9,6.0,25026600.0,5.0,8193100.0,11307246524.0,11307246524.0,11269932610.0,0.0,0.0,,0.0,0.0,0.0
2023-08-15,5.0,0.0,0.0,5.0,5.0,5.0,0.0,15570100.0,77850500.0,64.0,9.9,5.0,35229500.0,4.0,3436500.0,11307246524.0,11307246524.0,11269932610.0,0.0,0.0,,0.0,0.0,0.0
2023-08-16,5.0,0.0,0.0,5.0,5.0,5.0,0.0,173633000.0,868165000.0,183.0,9.9,6.0,26064300.0,4.0,7402200.0,11307246524.0,11307246524.0,11269932610.0,231100.0,0.0,,0.0,0.0,0.0
2023-08-18,5.0,0.0,0.0,5.0,5.0,5.0,0.0,6016200.0,30081000.0,37.0,9.9,5.0,78148500.0,4.0,7175600.0,11307246524.0,11307246524.0,11269932610.0,0.0,0.0,,0.0,0.0,0.0
2023-08-21,5.0,0.0,0.0,5.0,5.0,5.0,0.0,8611400.0,43057000.0,48.0,9.9,5.0,72013700.0,4.0,4886000.0,11307246524.0,11307246524.0,11269932610.0,0.0,0.0,,0.0,0.0,0.0
2023-08-22,5.0,0.0,0.0,5.0,5.0,5.0,0.0,71947600.0,359738000.0,66.0,9.9,6.0,27047800.0,5.0,5630300.0,11307246524.0,11307246524.0,11269932610.0,0.0,0.0,,0.0,0.0,0.0
2023-08-23,5.0,0.0,0.0,6.0,6.0,6.0,1.0,14409200.0,86455200.0,159.0,11.9,6.0,14669400.0,5.0,10314000.0,11307246524.0,11307246524.0,11269932610.0,0.0,0.0,,0.0,0.0,0.0
2023-08-24,6.0,0.0,0.0,7.0,7.0,7.0,1.0,8205500.0,57438500.0,146.0,13.8,7.0,8327100.0,6.0,41691200.0,11307246524.0,11307246524.0,11269932610.0,0.0,0.0,,0.0,0.0,0.0
2023-08-25,7.0,0.0,0.0,7.0,7.0,7.0,0.0,18492200.0,129445400.0,172.0,13.8,8.0,8085200.0,7.0,437100.0,11307246524.0,11307246524.0,11269932610.0,0.0,0.0,,0.0,0.0,0.0
2023-08-28,7.0,0.0,0.0,7.0,7.0,7.0,0.0,2987800.0,20914600.0,40.0,13.8,8.0,23044800.0,7.0,10025500.0,11307246524.0,11307246524.0,11269932610.0,0.0,0.0,,0.0,0.0,0.0
2023-08-29,7.0,0.0,0.0,7.0,7.0,7.0,0.0,1528400.0,10698800.0,25.0,13.8,8.0,412600.0,7.0,21683600.0,11307246524.0,11307246524.0,11269932610.0,0.0,0.0,,0.0,0.0,0.0
2023-08-30,7.0,0.0,0.0,8.0,8.0,8.0,1.0,2916000.0,23328000.0,108.0,15.8,8.0,451700.0,7.0,25589600.0,11307246524.0,11307246524.0,11269932610.0,0.0,0.0,,0.0,0.0,0.0
2023-08-31,8.0,0.0,0.0,8.0,8.0,8.0,0.0,4376100.0,35008800.0,80.0,15.8,9.0,21940100.0,8.0,9500.0,11307246524.0,11307246524.0,11269932610.0,0.0,0.0,,0.0,0.0,0.0
2023-09-01,8.0,0.0,0.0,8.0,8.0,8.0,0.0,855000.0,6840000.0,48.0,15.8,9.0,1503200.0,8.0,681600.0,11307246524.0,11307246524.0,11269932610.0,0.0,0.0,,0.0,0.0,0.0
2023-09-04,8.0,0.0,0.0,7.0,7.0,7.0,-1.0,7555800.0,52890600.0,103.0,13.8,8.0,1128200.0,7.0,10000.0,11307246524.0,11307246524.0,11269932610.0,0.0,0.0,,0.0,0.0,0.0
2023-09-05,7.0,0.0,0.0,7.0,7.0,7.0,0.0,5629000.0,39403000.0,39.0,13.8,8.0,24167500.0,7.0,833700.0,11307246524.0,11307246524.0,11269932610.0,0.0,0.0,,0.0,0.0,0.0
2023-09-06,7.0,0.0,0.0,7.0,7.0,7.0,0.0,1617700.0,11323900.0,42.0,13.8,8.0,2513400.0,7.0,26000.0,11307246524.0,11307246524.0,11269932610.0,0.0,0.0,,0.0,0.0,0.0
2023-09-07,7.0,0.0,0.0,7.0,7.0,7.0,0.0,3291800.0,23042600.0,39.0,13.8,8.0,594300.0,7.0,2098800.0,11307246524.0,11307246524.0,11269932610.0,0.0,0.0,,0.0,0.0,0.0
2023-09-08,7.0,0.0,0.0,8.0,7.0,8.0,1.0,1094800.0,8447900.0,38.0,15.8,8.0,21419000.0,7.0,753000.0,11307246524.0,11307246524.0,11269932610.0,0.0,0.0,,0.0,0.0,0.0
2023-09-11,8.0,0.0,0.0,8.0,8.0,8.0,0.0,1789600.0,14316800.0,52.0,15.8,8.0,2024400.0,7.0,21982800.0,11307246524.0,11307246524.0,11269932610.0,0.0,0.0,,0.0,0.0,0.0
2023-09-12,8.0,0.0,0.0,8.0,8.0,8.0,0.0,594500.0,4756000.0,29.0,15.8,8.0,679800.0,7.0,24797200.0,11307246524.0,11307246524.0,11269932610.0,0.0,0.0,,0.0,0.0,0.0
2023-09-13,8.0,0.0,0.0,8.0,8.0,8.0,0.0,2203100.0,17624800.0,24.0,15.8,8.0,2015000.0,7.0,21850900.0,11307246524.0,11307246524.0,11269932610.0,0.0,0.0,,0.0,0.0,0.0
2023-09-14,8.0,0.0,0.0,8.0,8.0,8.0,0.0,1084400.0,8675200.0,25.0,15.8,8.0,2402500.0,7.0,15911300.0,11307246524.0,11307246524.0,11269932610.0,0.0,0.0,,10000.0,80000.0,1.0
2023-09-15,8.0,0.0,0.0,8.0,8.0,8.0,0.0,3667100.0,29336800.0,53.0,15.8,8.0,169900.0,7.0,19914600.0,11307246524.0,11307246524.0,11269932610.0,0.0,0.0,,0.0,0.0,0.0
2023-09-18,8.0,0.0,0.0,8.0,8.0,8.0,0.0,3588400.0,28707200.0,36.0,15.8,9.0,22264200.0,8.0,39100.0,11307246524.0,11307246524.0,11269932610.0,0.0,0.0,,0.0,0.0,0.0
2023-09-19,8.0,0.0,0.0,8.0,8.0,8.0,0.0,825500.0,6604000.0,40.0,15.8,9.0,27344800.0,8.0,1900.0,11307246524.0,11307246524.0,11269932610.0,0.0,0.0,,0.0,0.0,0.0
2023-09-20,8.0,0.0,0.0,8.0,8.0,8.0,0.0,1207400.0,9659200.0,30.0,15.8,9.0,20569500.0,8.0,10253800.0,11307246524.0,11307246524.0,11269932610.0,0.0,0.0,,0.0,0.0,0.0
2023-09-21,8.0,0.0,0.0,8.0,8.0,8.0,0.0,1066500.0,8532000.0,22.0,15.8,9.0,22809000.0,8.0,123800.0,11307246524.0,11307246524.0,11269932610.0,0.0,0.0,,0.0,0.0,0.0
2023-09-22,8.0,0.0,0.0,8.0,8.0,8.0,0.0,5022800.0,40182400.0,10.0,15.8,9.0,639800.0,8.0,7374500.0,11307246524.0,11307246524.0,11269932610.0,0.0,0.0,,0.0,0.0,0.0
2023-09-25,8.0,0.0,0.0,9.0,8.0,9.0,1.0,2678400.0,23754000.0,48.0,17.8,9.0,43800.0,8.0,13089900.0,11307246524.0,11307246524.0,11269932610.0,0.0,0.0,,0.0,0.0,0.0
2023-09-26,9.0,0.0,0.0,9.0,9.0,9.0,0.0,2395600.0,21560400.0,38.0,17.8,9.0,760700.0,8.0,22773100.0,11307246524.0,11307246524.0,11269932610.0,0.0,0.0,,0.0,0.0,0.0
2023-09-27,9.0,0.0,0.0,9.0,9.0,9.0,0.0,736800.0,6631200.0,18.0,17.8,9.0,1656100.0,8.0,23975800.0,11307246524.0,11307246524.0,11269932610.0,0.0,0.0,,0.0,0.0,0.0
2023-09-29,9.0,0.0,0.0,9.0,8.0,9.0,0.0,576600.0,4897300.0,22.0,17.8,9.0,1465300.0,8.0,14347100.0,11307246524.0,11307246524.0,11269932610.0,0.0,0.0,,0.0,0.0,0.0
2023-10-02,9.0,0.0,0.0,9.0,9.0,9.0,0.0,2349200.0,21142800.0,40.0,17.8,9.0,2044900.0,8.0,20939500.0,11307246524.0,11307246524.0,11269932610.0,0.0,0.0,,0.0,0.0,0.0
2023-10-03,9.0,0.0,0.0,9.0,9.0,9.0,0.0,5269900.0,47429100.0,44.0,17.8,10.0,2614400.0,9.0,4772800.0,11307246524.0,11307246524.0,11269932610.0,0.0,0.0,,0.0,0.0,0.0
2023-10-04,9.0,0.0,0.0,9.0,9.0,9.0,0.0,1040400.0,9363600.0,29.0,17.8,9.0,570800.0,8.0,20646900.0,11307246524.0,11307246524.0,11269932610.0,0.0,0.0,,0.0,0.0,0.0
2023-10-05,9.0,0.0,0.0,9.0,9.0,9.0,0.0,787400.0,7086600.0,26.0,17.8,10.0,9032800.0,9.0,216400.0,11307246524.0,11307246524.0,11269932610.0,0.0,0.0,,0.0,0.0,0.0
2023-10-06,9.0,0.0,0.0,9.0,9.0,9.0,0.0,5049800.0,45448200.0,23.0,17.8,10.0,14222600.0,9.0,4964200.0,11307246524.0,11307246524.0,11269932610.0,0.0,0.0,,0.0,0.0,0.0
2023-10-09,9.0,0.0,0.0,9.0,9.0,9.0,0.0,945800.0,8512200.0,34.0,17.8,10.0,9544700.0,9.0,618000.0,11307246524.0,11307246524.0,11269932610.0,0.0,0.0,,0.0,0.0,0.0
2023-10-10,9.0,0.0,0.0,10.0,9.0,10.0,1.0,468000.0,4512000.0,24.0,19.8,10.0,4913100.0,9.0,834000.0,11307246524.0,11307246524.0,11269932610.0,0.0,0.0,,0.0,0.0,0.0
2023-10-11,10.0,0.0,0.0,10.0,10.0,10.0,0.0,152800.0,1528000.0,18.0,19.8,10.0,6946400.0,9.0,2785600.0,11307246524.0,11307246524.0,11269932610.0,0.0,0.0,,0.0,0.0,0.0
2023-10-12,10.0,0.0,0.0,10.0,10.0,10.0,0.0,20700.0,207000.0,14.0,19.8,10.0,6770600.0,9.0,10642100.0,11307246524.0,11307246524.0,11269932610.0,0.0,0.0,,0.0,0.0,0.0
2023-10-13,10.0,0.0,0.0,10.0,10.0,10.0,0.0,2766800.0,27668000.0,28.0,19.8,10.0,3333000.0,9.0,20000100.0,11307246524.0,11307246524.0,11269932610.0,0.0,0.0,,0.0,0.0,0.0
2023-10-16,10.0,0.0,0.0,11.0,10.0,11.0,1.0,2557800.0,25595900.0,21.0,21.8,11.0,15412200.0,10.0,2532000.0,11307246524.0,11307246524.0,11269932610.0,0.0,0.0,,0.0,0.0,0.0
2023-10-17,11.0,0.0,0.0,10.0,10.0,10.0,-1.0,491000.0,4910000.0,41.0,19.8,10.0,3482000.0,0.0,0.0,11307246524.0,11307246524.0,11269932610.0,0.0,0.0,,0.0,0.0,0.0
2023-10-18,10.0,0.0,0.0,9.0,9.0,9.0,-1.0,3229900.0,29069100.0,26.0,17.8,10.0,2352100.0,9.0,6972800.0,11307246524.0,11307246524.0,11269932610.0,0.0,0.0,,0.0,0.0,0.0
2023-10-19,9.0,0.0,0.0,9.0,9.0,9.0,0.0,8651100.0,77859900.0,17.0,17.8,10.0,12362800.0,9.0,1578400.0,11307246524.0,11307246524.0,11269932610.0,0.0,0.0,,0.0,0.0,0.0
2023-10-20,9.0,0.0,0.0,10.0,9.0,10.0,1.0,69100.0,622700.0,12.0,19.8,10.0,21285300.0,9.0,12000.0,11307246524.0,11307246524.0,11269932610.0,0.0,0.0,,0.0,0.0,0.0
2023-10-23,10.0,0.0,0.0,10.0,10.0,10.0,0.0,132200.0,1322000.0,21.0,19.8,10.0,20426400.0,9.0,16900.0,11307246524.0,11307246524.0,11269932610.0,0.0,0.0,,0.0,0.0,0.0
2023-10-24,10.0,0.0,0.0,9.0,9.0,9.0,-1.0,1230800.0,11077200.0,18.0,17.8,10.0,5494200.0,9.0,10866200.0,11307246524.0,11307246524.0,11269932610.0,0.0,0.0,,0.0,0.0,0.0
2023-10-25,9.0,0.0,0.0,9.0,9.0,9.0,0.0,999600.0,8996400.0,23.0,17.8,10.0,2268100.0,9.0,955500.0,11307246524.0,11307246524.0,11269932610.0,0.0,0.0,,0.0,0.0,0.0
2023-10-26,9.0,0.0,0.0,9.0,9.0,9.0,0.0,382200.0,3439800.0,18.0,17.8,10.0,1065000.0,9.0,683300.0,11307246524.0,11307246524.0,11269932610.0,0.0,0.0,,0.0,0.0,0.0
2023-10-27,9.0,0.0,0.0,10.0,10.0,10.0,1.0,103300.0,1033000.0,16.0,19.8,10.0,2007100.0,9.0,15900.0,11307246524.0,11307246524.0,11269932610.0,0.0,0.0,,0.0,0.0,0.0
2023-10-30,10.0,0.0,0.0,10.0,10.0,10.0,0.0,861500.0,8615000.0,54.0,19.8,11.0,2304900.0,10.0,35200.0,11307246524.0,11307246524.0,11269932610.0,0.0,0.0,,0.0,0.0,0.0
2023-10-31,10.0,0.0,0.0,10.0,10.0,10.0,0.0,61000.0,610000.0,10.0,19.8,10.0,596000.0,9.0,1600.0,11307246524.0,11307246524.0,11269932610.0,0.0,0.0,,0.0,0.0,0.0
2023-11-01,10.0,0.0,0.0,10.0,10.0,10.0,0.0,26600.0,266000.0,7.0,19.8,10.0,803200.0,9.0,10300.0,11307246524.0,11307246524.0,11269932610.0,0.0,0.0,,0.0,0.0,0.0
2023-11-02,10.0,0.0,0.0,10.0,10.0,10.0,0.0,206700.0,2067000.0,25.0,19.8,10.0,1054600.0,9.0,400.0,11307246524.0,11307246524.0,11269932610.0,0.0,0.0,,0.0,0.0,0.0
2023-11-03,10.0,0.0,0.0,10.0,10.0,10.0,0.0,2300.0,23000.0,7.0,19.8,10.0,800500.0,0.0,0.0,11307246524.0,11307246524.0,11269932610.0,0.0,0.0,,410900.0,3287200.0,1.0
2023-11-06,10.0,0.0,0.0,9.0,9.0,9.0,-1.0,520600.0,4685400.0,14.0,17.8,9.0,988500.0,0.0,0.0,11307246524.0,11307246524.0,11269932610.0,0.0,0.0,,0.0,0.0,0.0
2023-11-07,9.0,0.0,0.0,9.0,9.0,9.0,0.0,13800.0,124200.0,5.0,17.8,9.0,1285200.0,8.0,73900.0,11307246524.0,11307246524.0,11269932610.0,0.0,0.0,,0.0,0.0,0.0
2023-11-08,9.0,0.0,0.0,9.0,9.0,9.0,0.0,94300.0,848700.0,10.0,17.8,9.0,5051100.0,8.0,2800.0,11307246524.0,11307246524.0,11269932610.0,0.0,0.0,,0.0,0.0,0.0
2023-11-09,9.0,0.0,0.0,9.0,9.0,9.0,0.0,32400.0,291600.0,12.0,17.8,9.0,5353500.0,8.0,4700.0,11307246524.0,11307246524.0,11269932610.0,0.0,0.0,,0.0,0.0,0.0
2023-11-10,9.0,0.0,0.0,9.0,8.0,8.0,-1.0,151600.0,1213600.0,12.0,15.8,9.0,5353200.0,8.0,132800.0,11307246524.0,11307246524.0,11269932610.0,0.0,0.0,,0.0,0.0,0.0
2023-11-13,8.0,0.0,0.0,9.0,8.0,9.0,1.0,390300.0,3144900.0,19.0,17.8,9.0,15266100.0,8.0,490700.0,11307246524.0,11307246524.0,11269932610.0,0.0,0.0,,0.0,0.0,0.0
2023-11-14,9.0,0.0,0.0,9.0,9.0,9.0,0.0,13900.0,125100.0,19.0,17.8,9.0,10392300.0,8.0,1025400.0,11307246524.0,11307246524.0,11269932610.0,0.0,0.0,,0.0,0.0,0.0
2023-11-15,9.0,0.0,0.0,9.0,9.0,9.0,0.0,33400.0,300600.0,8.0,17.8,9.0,10519500.0,8.0,1000000.0,11307246524.0,11307246524.0,11269932610.0,0.0,0.0,,0.0,0.0,0.0
2023-11-16,9.0,0.0,0.0,9.0,9.0,9.0,0.0,10500.0,94500.0,10.0,17.8,9.0,10119600.0,8.0,1000500.0,11307246524.0,11307246524.0,11269932610.0,0.0,0.0,,0.0,0.0,0.0
2023-11-17,9.0,0.0,0.0,9.0,9.0,9.0,0.0,70900.0,638100.0,12.0,17.8,9.0,10348700.0,8.0,3001700.0,11307246524.0,11307246524.0,11269932610.0,0.0,0.0,,0.0,0.0,0.0
2023-11-20,9.0,0.0,0.0,9.0,9.0,9.0,0.0,581700.0,5235300.0,18.0,17.8,10.0,23414000.0,9.0,4493600.0,11307246524.0,11307246524.0,11269932610.0,0.0,0.0,,0.0,0.0,0.0
2023-11-21,9.0,0.0,0.0,10.0,9.0,9.0,0.0,113700.0,1047200.0,23.0,17.8,10.0,22643700.0,9.0,4932600.0,11307246524.0,11307246524.0,11269932610.0,0.0,0.0,,0.0,0.0,0.0
2023-11-22,9.0,0.0,0.0,10.0,9.0,10.0,1.0,631800.0,5742800.0,11.0,19.8,10.0,21531000.0,9.0,4451900.0,11307246524.0,11307246524.0,11269932610.0,0.0,0.0,,0.0,0.0,0.0
2023-11-23,10.0,0.0,0.0,9.0,9.0,9.0,-1.0,5063200.0,45568800.0,36.0,17.8,10.0,5683100.0,9.0,8800.0,11307246524.0,11307246524.0,11269932610.0,0.0,0.0,,0.0,0.0,0.0
2023-11-24,9.0,0.0,0.0,10.0,9.0,10.0,1.0,37400.0,362700.0,20.0,19.8,10.0,11660500.0,9.0,600.0,11307246524.0,11307246524.0,11269932610.0,0.0,0.0,,0.0,0.0,0.0
2023-11-27,10.0,0.0,0.0,10.0,10.0,10.0,0.0,156500.0,1565000.0,12.0,19.8,10.0,10538800.0,9.0,1200.0,11307246524.0,11307246524.0,11269932610.0,0.0,0.0,,0.0,0.0,0.0
2023-11-28,10.0,0.0,0.0,10.0,9.0,9.0,-1.0,200100.0,1902700.0,16.0,17.8,10.0,11121600.0,9.0,4000.0,11307246524.0,11307246524.0,11269932610.0,0.0,0.0,,0.0,0.0,0.0
2023-11-29,9.0,0.0,0.0,9.0,9.0,9.0,0.0,367800.0,3310200.0,16.0,17.8,10.0,11963800.0,9.0,756800.0,11307246524.0,11307246524.0,11269932610.0,0.0,0.0,,0.0,0.0,0.0
2023-11-30,9.0,0.0,0.0,9.0,9.0,9.0,0.0,301600.0,2714400.0,27.0,17.8,9.0,244100.0,8.0,5000000.0,11307246524.0,11307246524.0,11269932610.0,0.0,0.0,,0.0,0.0,0.0
2023-12-01,9.0,0.0,0.0,10.0,9.0,10.0,1.0,36700.0,352800.0,14.0,19.8,10.0,21539700.0,9.0,2003600.0,11307246524.0,11307246524.0,11269932610.0,0.0,0.0,,0.0,0.0,0.0
2023-12-04,10.0,0.0,0.0,10.0,10.0,10.0,0.0,143300.0,1433000.0,25.0,19.8,10.0,21591200.0,9.0,2024700.0,11307246524.0,11307246524.0,11269932610.0,0.0,0.0,,0.0,0.0,0.0
2023-12-05,10.0,0.0,0.0,10.0,10.0,10.0,0.0,18500.0,185000.0,15.0,19.8,10.0,20752500.0,9.0,2025900.0,11307246524.0,11307246524.0,11269932610.0,0.0,0.0,,0.0,0.0,0.0
2023-12-06,10.0,0.0,0.0,9.0,9.0,9.0,-1.0,241700.0,2175300.0,22.0,17.8,10.0,20692000.0,9.0,1997000.0,11307246524.0,11307246524.0,11269932610.0,0.0,0.0,,0.0,0.0,0.0
2023-12-07,9.0,0.0,0.0,9.0,9.0,9.0,0.0,548500.0,4936500.0,20.0,17.8,10.0,20598800.0,9.0,1610300.0,11307246524.0,11307246524.0,11269932610.0,0.0,0.0,,0.0,0.0,0.0
2023-12-08,9.0,0.0,0.0,10.0,9.0,9.0,0.0,25800.0,234900.0,22.0,17.8,9.0,976900.0,8.0,2000300.0,11307246524.0,11307246524.0,11269932610.0,0.0,0.0,,0.0,0.0,0.0
2023-12-11,9.0,0.0,0.0,9.0,9.0,9.0,0.0,43200.0,388800.0,19.0,17.8,9.0,10028100.0,8.0,2200000.0,11307246524.0,11307246524.0,11269932610.0,0.0,0.0,,0.0,0.0,0.0
2023-12-12,9.0,0.0,0.0,9.0,9.0,9.0,0.0,31700.0,285300.0,7.0,17.8,9.0,10096000.0,8.0,1060000.0,11307246524.0,11307246524.0,11269932610.0,0.0,0.0,,0.0,0.0,0.0
2023-12-13,9.0,0.0,0.0,9.0,9.0,9.0,0.0,176200.0,1585800.0,12.0,17.8,9.0,9993500.0,8.0,1000000.0,11307246524.0,11307246524.0,11269932610.0,0.0,0.0,,0.0,0.0,0.0
2023-12-14,9.0,0.0,0.0,8.0,8.0,8.0,-1.0,830100.0,6640800.0,20.0,15.8,9.0,10536900.0,8.0,686000.0,11307246524.0,11307246524.0,11269932610.0,0.0,0.0,,0.0,0.0,0.0
2023-12-15,8.0,0.0,0.0,9.0,8.0,9.0,1.0,13500.0,108200.0,13.0,17.8,9.0,10013500.0,8.0,584200.0,11307246524.0,11307246524.0,11269932610.0,0.0,0.0,,0.0,0.0,0.0
2023-12-18,9.0,0.0,0.0,9.0,9.0,9.0,0.0,60800.0,547200.0,15.0,17.8,9.0,20069900.0,8.0,13300.0,11307246524.0,11307246524.0,11269932610.0,0.0,0.0,,0.0,0.0,0.0
2023-12-19,9.0,0.0,0.0,9.0,9.0,9.0,0.0,40300.0,362700.0,14.0,17.8,9.0,10246900.0,8.0,12800.0,11307246524.0,11307246524.0,11269932610.0,0.0,0.0,,0.0,0.0,0.0
2023-12-20,9.0,0.0,0.0,9.0,9.0,9.0,0.0,47400.0,426600.0,7.0,17.8,9.0,10277800.0,8.0,12800.0,11307246524.0,11307246524.0,11269932610.0,0.0,0.0,,0.0,0.0,0.0
2023-12-21,9.0,0.0,0.0,9.0,9.0,9.0,0.0,5500.0,49500.0,7.0,17.8,9.0,10306000.0,8.0,12800.0,11307246524.0,11307246524.0,11269932610.0,0.0,0.0,,0.0,0.0,0.0
2023-12-22,9.0,0.0,0.0,9.0,9.0,9.0,0.0,48400.0,435600.0,6.0,17.8,9.0,10119500.0,8.0,30400.0,11307246524.0,11307246524.0,11269932610.0,0.0,0.0,,0.0,0.0,0.0
2023-12-27,9.0,0.0,0.0,9.0,9.0,9.0,0.0,14200.0,127800.0,11.0,17.8,9.0,10432100.0,8.0,209700.0,11307246524.0,11307246524.0,11269932610.0,0.0,0.0,,0.0,0.0,0.0
2023-12-28,9.0,0.0,0.0,9.0,9.0,9.0,0.0,12300.0,110700.0,8.0,17.8,9.0,10513700.0,8.0,9700.0,11307246524.0,11307246524.0,11269932610.0,0.0,0.0,,0.0,0.0,0.0
2023-12-29,9.0,0.0,0.0,8.0,8.0,8.0,-1.0,429900.0,3439200.0,21.0,15.8,8.0,314700.0,0.0,0.0,11307246524.0,11307246524.0,11269932610.0,0.0,0.0,,0.0,0.0,0.0
2024-01-02,8.0,0.0,0.0,9.0,9.0,9.0,1.0,352500.0,3172500.0,22.0,17.8,9.0,10730300.0,8.0,118600.0,11307246524.0,11307246524.0,11269932610.0,0.0,0.0,,0.0,0.0,0.0
2024-01-03,9.0,0.0,0.0,9.0,9.0,9.0,0.0,12800.0,115200.0,10.0,17.8,9.0,10638900.0,8.0,100000.0,11307246524.0,11307246524.0,11269932610.0,0.0,0.0,,0.0,0.0,0.0
2024-01-04,9.0,0.0,0.0,8.0,8.0,8.0,-1.0,136000.0,1088000.0,9.0,15.8,8.0,4000.0,0.0,0.0,11307246524.0,11307246524.0,11269932610.0,0.0,0.0,,0.0,0.0,0.0
2024-01-05,8.0,0.0,0.0,8.0,8.0,8.0,0.0,46400.0,371200.0,17.0,15.8,8.0,1028100.0,7.0,1236200.0,11307246524.0,11307246524.0,11269932610.0,0.0,0.0,,0.0,0.0,0.0
2024-01-08,8.0,0.0,0.0,8.0,8.0,8.0,0.0,52600.0,420800.0,13.0,15.8,8.0,5191900.0,7.0,641200.0,11307246524.0,11307246524.0,11269932610.0,0.0,0.0,,0.0,0.0,0.0
2024-01-09,8.0,0.0,0.0,7.0,7.0,7.0,-1.0,690300.0,4832100.0,13.0,13.8,8.0,44000.0,7.0,502000.0,11307246524.0,11307246524.0,11269932610.0,0.0,0.0,,0.0,0.0,0.0
2024-01-10,7.0,0.0,0.0,7.0,7.0,7.0,0.0,1446500.0,10125500.0,33.0,13.8,7.0,806400.0,6.0,4324400.0,11307246524.0,11307246524.0,11269932610.0,0.0,0.0,,0.0,0.0,0.0
2024-01-11,7.0,0.0,0.0,7.0,7.0,7.0,0.0,806800.0,5647600.0,9.0,13.8,8.0,10021000.0,7.0,201400.0,11307246524.0,11307246524.0,11269932610.0,0.0,0.0,,0.0,0.0,0.0
2024-01-12,7.0,0.0,0.0,7.0,7.0,7.0,0.0,25200.0,176400.0,5.0,13.8,7.0,1098600.0,6.0,1160000.0,11307246524.0,11307246524.0,11269932610.0,0.0,0.0,,0.0,0.0,0.0
2024-01-15,7.0,0.0,0.0,8.0,7.0,8.0,1.0,897400.0,6331400.0,28.0,15.8,8.0,10103400.0,7.0,1281300.0,11307246524.0,11307246524.0,11269932610.0,0.0,0.0,,0.0,0.0,0.0
2024-01-16,8.0,0.0,0.0,9.0,8.0,9.0,1.0,411800.0,3595400.0,19.0,17.8,9.0,10047300.0,8.0,28900.0,11307246524.0,11307246524.0,11269932610.0,0.0,0.0,,0.0,0.0,0.0
2024-01-17,9.0,0.0,0.0,9.0,9.0,9.0,0.0,234600.0,2111400.0,30.0,17.8,9.0,2296300.0,8.0,2000.0,11307246524.0,11307246524.0,11269932610.0,0.0,0.0,,0.0,0.0,0.0
2024-01-18,9.0,0.0,0.0,9.0,9.0,9.0,0.0,52200.0,469800.0,15.0,17.8,9.0,3511300.0,8.0,6000.0,11307246524.0,11307246524.0,11269932610.0,0.0,0.0,,0.0,0.0,0.0
2024-01-19,9.0,0.0,0.0,9.0,8.0,8.0,-1.0,54600.0,490300.0,10.0,15.8,8.0,209000.0,0.0,0.0,11307246524.0,11307246524.0,11269932610.0,0.0,0.0,,0.0,0.0,0.0
2024-01-22,8.0,0.0,0.0,8.0,8.0,8.0,0.0,384200.0,3073600.0,33.0,15.8,9.0,973300.0,8.0,126200.0,11307246524.0,11307246524.0,11269932610.0,0.0,0.0,,0.0,0.0,0.0
2024-01-23,8.0,0.0,0.0,8.0,7.0,7.0,-1.0,171000.0,1217000.0,16.0,13.8,8.0,792900.0,7.0,2105100.0,11307246524.0,11307246524.0,11269932610.0,0.0,0.0,,0.0,0.0,0.0
2024-01-24,7.0,0.0,0.0,7.0,7.0,7.0,0.0,3199700.0,22397900.0,12.0,13.8,8.0,20000.0,7.0,103800.0,11307246524.0,11307246524.0,11269932610.0,0.0,0.0,,0.0,0.0,0.0
2024-01-25,7.0,0.0,0.0,7.0,7.0,7.0,0.0,8094600.0,56662200.0,31.0,13.8,7.0,163700.0,6.0,245200.0,11307246524.0,11307246524.0,11269932610.0,0.0,0.0,,0.0,0.0,0.0
2024-01-26,7.0,0.0,0.0,8.0,7.0,8.0,1.0,749000.0,5313300.0,30.0,15.8,8.0,2001400.0,7.0,299100.0,11307246524.0,11307246524.0,11269932610.0,0.0,0.0,,0.0,0.0,0.0
2024-01-29,8.0,0.0,0.0,8.0,8.0,8.0,0.0,49000.0,392000.0,20.0,15.8,8.0,1691500.0,7.0,357000.0,11307246524.0,11307246524.0,11269932610.0,0.0,0.0,,0.0,0.0,0.0
2024-01-30,8.0,0.0,0.0,8.0,8.0,8.0,0.0,178100.0,1424800.0,13.0,15.8,8.0,10662100.0,7.0,190800.0,11307246524.0,11307246524.0,11269932610.0,0.0,0.0,,0.0,0.0,0.0
2024-01-31,8.0,0.0,0.0,7.0,7.0,7.0,-1.0,782900.0,5480300.0,44.0,13.8,7.0,895900.0,0.0,0.0,11307246524.0,11307246524.0,11269932610.0,0.0,0.0,,0.0,0.0,0.0
2024-02-01,7.0,0.0,0.0,7.0,7.0,7.0,0.0,7125200.0,49876400.0,37.0,13.8,8.0,10049500.0,7.0,2114500.0,11307246524.0,11307246524.0,11269932610.0,0.0,0.0,,0.0,0.0,0.0
2024-02-02,7.0,0.0,0.0,7.0,7.0,7.0,0.0,33200.0,232400.0,13.0,13.8,7.0,299700.0,6.0,134200.0,11307246524.0,11307246524.0,11269932610.0,0.0,0.0,,0.0,0.0,0.0
2024-02-05,7.0,0.0,0.0,7.0,7.0,7.0,0.0,40200.0,281400.0,20.0,13.8,7.0,148600.0,6.0,980900.0,11307246524.0,11307246524.0,11269932610.0,0.0,0.0,,0.0,0.0,0.0
2024-02-06,7.0,0.0,0.0,7.0,7.0,7.0,0.0,1156400.0,8094800.0,16.0,13.8,8.0,17500.0,7.0,2846500.0,11307246524.0,11307246524.0,11269932610.0,0.0,0.0,,21300.0,106500.0,1.0
2024-02-07,7.0,0.0,0.0,8.0,7.0,8.0,1.0,125900.0,908200.0,10.0,15.8,8.0,117300.0,7.0,104100.0,11307246524.0,11307246524.0,11269932610.0,0.0,0.0,,0.0,0.0,0.0
2024-02-12,8.0,0.0,0.0,8.0,8.0,8.0,0.0,134200.0,1073600.0,39.0,15.8,8.0,74400.0,7.0,47000.0,11307246524.0,11307246524.0,11269932610.0,0.0,0.0,,0.0,0.0,0.0
2024-02-13,8.0,0.0,0.0,8.0,8.0,8.0,0.0,19800.0,158400.0,6.0,15.8,8.0,458800.0,7.0,45000.0,11307246524.0,11307246524.0,11269932610.0,0.0,0.0,,0.0,0.0,0.0
2024-02-15,8.0,0.0,0.0,8.0,8.0,8.0,0.0,11600.0,92800.0,4.0,15.8,8.0,580000.0,7.0,145100.0,11307246524.0,11307246524.0,11269932610.0,0.0,0.0,,0.0,0.0,0.0
2024-02-16,8.0,0.0,0.0,8.0,8.0,8.0,0.0,447500.0,3580000.0,19.0,15.8,9.0,482400.0,8.0,74700.0,11307246524.0,11307246524.0,11269932610.0,0.0,0.0,,0.0,0.0,0.0
2024-02-19,8.0,0.0,0.0,8.0,7.0,7.0,-1.0,844200.0,5929200.0,22.0,13.8,8.0,5118100.0,7.0,100900.0,11307246524.0,11307246524.0,11269932610.0,0.0,0.0,,0.0,0.0,0.0
2024-02-20,7.0,0.0,0.0,8.0,7.0,8.0,1.0,117500.0,894500.0,23.0,15.8,8.0,5127700.0,7.0,75400.0,11307246524.0,11307246524.0,11269932610.0,0.0,0.0,,0.0,0.0,0.0
2024-02-21,8.0,0.0,0.0,8.0,8.0,8.0,0.0,235200.0,1881600.0,14.0,15.8,8.0,5489800.0,7.0,204200.0,11307246524.0,11307246524.0,11269932610.0,0.0,0.0,,0.0,0.0,0.0
2024-02-22,8.0,0.0,0.0,7.0,7.0,7.0,-1.0,68300.0,478100.0,18.0,13.8,8.0,5260700.0,7.0,93700.0,11307246524.0,11307246524.0,11269932610.0,0.0,0.0,,0.0,0.0,0.0
2024-02-23,7.0,0.0,0.0,7.0,7.0,7.0,0.0,594900.0,4164300.0,16.0,13.8,8.0,5207900.0,7.0,407600.0,11307246524.0,11307246524.0,11269932610.0,0.0,0.0,,0.0,0.0,0.0
2024-02-26,7.0,0.0,0.0,7.0,7.0,7.0,0.0,232000.0,1624000.0,18.0,13.8,8.0,5088800.0,7.0,285400.0,11307246524.0,11307246524.0,11269932610.0,0.0,0.0,,0.0,0.0,0.0
2024-02-27,7.0,0.0,0.0,7.0,7.0,7.0,0.0,13800.0,96600.0,13.0,13.8,7.0,104800.0,6.0,120300.0,11307246524.0,11307246524.0,11269932610.0,0.0,0.0,,0.0,0.0,0.0
2024-02-28,7.0,0.0,0.0,8.0,8.0,8.0,1.0,29100.0,232800.0,15.0,15.8,8.0,5392600.0,7.0,60200.0,11307246524.0,11307246524.0,11269932610.0,0.0,0.0,,0.0,0.0,0.0
2024-02-29,8.0,0.0,0.0,8.0,8.0,8.0,0.0,111100.0,888800.0,15.0,15.8,8.0,5508000.0,7.0,9000.0,11307246524.0,11307246524.0,11269932610.0,0.0,0.0,,0.0,0.0,0.0
2024-03-01,8.0,0.0,0.0,8.0,7.0,7.0,-1.0,39100.0,295100.0,17.0,13.8,7.0,82300.0,0.0,0.0,11307246524.0,11307246524.0,11269932610.0,0.0,0.0,,0.0,0.0,0.0
2024-03-04,7.0,0.0,0.0,7.0,7.0,7.0,0.0,405200.0,2836400.0,26.0,13.8,8.0,5326900.0,7.0,370900.0,11307246524.0,11307246524.0,11269932610.0,0.0,0.0,,0.0,0.0,0.0
2024-03-05,7.0,0.0,0.0,8.0,7.0,8.0,1.0,365500.0,2565700.0,10.0,15.8,8.0,324800.0,7.0,4738800.0,11307246524.0,11307246524.0,11269932610.0,0.0,0.0,,0.0,0.0,0.0
2024-03-06,8.0,0.0,0.0,8.0,8.0,8.0,0.0,9800.0,78400.0,7.0,15.8,8.0,481600.0,7.0,5128700.0,11307246524.0,11307246524.0,11269932610.0,0.0,0.0,,0.0,0.0,0.0
2024-03-07,8.0,0.0,0.0,9.0,8.0,9.0,1.0,95600.0,793000.0,28.0,17.8,9.0,486900.0,8.0,935900.0,11307246524.0,11307246524.0,11269932610.0,0.0,0.0,,0.0,0.0,0.0
2024-03-08,9.0,0.0,0.0,9.0,8.0,8.0,-1.0,539700.0,4327000.0,20.0,15.8,9.0,2355700.0,8.0,564700.0,11307246524.0,11307246524.0,11269932610.0,0.0,0.0,,0.0,0.0,0.0
2024-03-13,8.0,0.0,0.0,8.0,7.0,7.0,-1.0,1061300.0,7630300.0,28.0,13.8,8.0,426900.0,7.0,1347600.0,11307246524.0,11307246524.0,11269932610.0,0.0,0.0,,0.0,0.0,0.0
2024-03-14,7.0,0.0,0.0,8.0,8.0,8.0,1.0,830400.0,6643200.0,20.0,15.8,0.0,0.0,8.0,1192800.0,11307246524.0,11307246524.0,11269932610.0,0.0,0.0,,0.0,0.0,0.0
2024-03-15,8.0,0.0,0.0,8.0,8.0,8.0,0.0,1013900.0,8111200.0,20.0,15.8,9.0,151000.0,8.0,9991400.0,11307246524.0,11307246524.0,11269932610.0,0.0,0.0,,153100.0,1071700.0,1.0
2024-03-18,8.0,0.0,0.0,8.0,8.0,8.0,0.0,141500.0,1132000.0,15.0,15.8,9.0,118300.0,8.0,922300.0,11307246524.0,11307246524.0,11269932610.0,0.0,0.0,,0.0,0.0,0.0
2024-03-19,8.0,0.0,0.0,9.0,8.0,9.0,1.0,63400.0,550100.0,7.0,17.8,9.0,96000.0,8.0,986500.0,11307246524.0,11307246524.0,11269932610.0,0.0,0.0,,0.0,0.0,0.0
2024-03-20,9.0,0.0,0.0,9.0,9.0,9.0,0.0,4283700.0,38553300.0,41.0,17.8,10.0,5185800.0,8.0,1000000.0,11307246524.0,11307246524.0,11269932610.0,0.0,0.0,,0.0,0.0,0.0
2024-03-21,9.0,0.0,0.0,9.0,9.0,9.0,0.0,346000.0,3114000.0,29.0,17.8,10.0,5167700.0,9.0,1693900.0,11307246524.0,11307246524.0,11269932610.0,0.0,0.0,,0.0,0.0,0.0
2024-03-22,9.0,0.0,0.0,10.0,9.0,9.0,0.0,44200.0,400400.0,17.0,17.8,9.0,1192800.0,8.0,1025200.0,11307246524.0,11307246524.0,11269932610.0,0.0,0.0,,0.0,0.0,0.0
2024-03-25,9.0,0.0,0.0,9.0,9.0,9.0,0.0,284100.0,2556900.0,15.0,17.8,9.0,192800.0,8.0,1230500.0,11307246524.0,11307246524.0,11269932610.0,0.0,0.0,,0.0,0.0,0.0
2024-03-26,9.0,0.0,0.0,8.0,8.0,8.0,-1.0,1203900.0,9631200.0,24.0,15.8,9.0,56500.0,8.0,4942700.0,11307246524.0,11307246524.0,11269932610.0,0.0,0.0,,0.0,0.0,0.0
2024-03-27,8.0,0.0,0.0,9.0,8.0,9.0,1.0,2074600.0,16633600.0,32.0,17.8,9.0,7400.0,8.0,1979700.0,11307246524.0,11307246524.0,11269932610.0,0.0,0.0,,0.0,0.0,0.0
2024-03-28,9.0,0.0,0.0,9.0,8.0,9.0,0.0,536700.0,4293900.0,19.0,17.8,9.0,702800.0,8.0,567700.0,11307246524.0,11307246524.0,11269932610.0,0.0,0.0,,0.0,0.0,0.0
2024-04-01,9.0,0.0,0.0,9.0,8.0,9.0,0.0,565400.0,4531700.0,17.0,17.8,9.0,731100.0,8.0,454800.0,11307246524.0,11307246524.0,11269932610.0,0.0,0.0,,0.0,0.0,0.0
2024-04-02,9.0,0.0,0.0,8.0,8.0,8.0,-1.0,435900.0,3487200.0,13.0,15.8,9.0,869500.0,8.0,642700.0,11307246524.0,11307246524.0,11269932610.0,0.0,0.0,,0.0,0.0,0.0
2024-04-03,8.0,0.0,0.0,9.0,7.0,9.0,1.0,1495200.0,11765000.0,37.0,17.8,9.0,3344200.0,8.0,760900.0,11307246524.0,11307246524.0,11269932610.0,0.0,0.0,,0.0,0.0,0.0
2024-04-04,9.0,0.0,0.0,9.0,8.0,9.0,0.0,971700.0,7779700.0,15.0,17.8,9.0,176000.0,8.0,95200.0,11307246524.0,11307246524.0,11269932610.0,0.0,0.0,,0.0,0.0,0.0
2024-04-05,9.0,0.0,0.0,10.0,9.0,10.0,1.0,126800.0,1152500.0,20.0,19.8,10.0,5438900.0,9.0,4908000.0,11307246524.0,11307246524.0,11269932610.0,0.0,0.0,,0.0,0.0,0.0
2024-04-16,10.0,0.0,0.0,10.0,10.0,10.0,0.0,25700.0,257000.0,16.0,19.8,10.0,5561800.0,9.0,10000.0,11307246524.0,11307246524.0,11269932610.0,0.0,0.0,,0.0,0.0,0.0
2024-04-17,10.0,0.0,0.0,9.0,9.0,9.0,-1.0,11400.0,102600.0,9.0,17.8,9.0,500200.0,0.0,0.0,11307246524.0,11307246524.0,11269932610.0,0.0,0.0,,4000.0,44000.0,1.0
2024-04-18,9.0,0.0,0.0,8.0,8.0,8.0,-1.0,5701900.0,45615200.0,21.0,15.8,9.0,1407300.0,8.0,1471600.0,11307246524.0,11307246524.0,11269932610.0,0.0,0.0,,0.0,0.0,0.0
2024-04-19,8.0,0.0,0.0,9.0,8.0,9.0,1.0,371600.0,2976300.0,17.0,17.8,9.0,109800.0,8.0,632200.0,11307246524.0,11307246524.0,11269932610.0,0.0,0.0,,0.0,0.0,0.0
2024-04-22,9.0,0.0,0.0,10.0,9.0,9.0,0.0,145200.0,1421900.0,17.0,17.8,9.0,207200.0,8.0,1005200.0,11307246524.0,11307246524.0,11269932610.0,0.0,0.0,,0.0,0.0,0.0
2024-04-23,9.0,0.0,0.0,9.0,9.0,9.0,0.0,50900.0,458100.0,10.0,17.8,9.0,1087400.0,8.0,1025000.0,11307246524.0,11307246524.0,11269932610.0,0.0,0.0,,0.0,0.0,0.0
2024-04-24,9.0,0.0,0.0,9.0,8.0,9.0,0.0,108200.0,879800.0,17.0,17.8,10.0,5413300.0,9.0,17600.0,11307246524.0,11307246524.0,11269932610.0,0.0,0.0,,0.0,0.0,0.0
2024-04-25,9.0,0.0,0.0,10.0,9.0,10.0,1.0,41900.0,407100.0,19.0,19.8,10.0,5179300.0,8.0,1122900.0,11307246524.0,11307246524.0,11269932610.0,0.0,0.0,,0.0,0.0,0.0
2024-04-26,10.0,0.0,0.0,10.0,9.0,10.0,0.0,11600.0,115400.0,10.0,19.8,10.0,5418200.0,9.0,310400.0,11307246524.0,11307246524.0,11269932610.0,0.0,0.0,,0.0,0.0,0.0
2024-04-29,10.0,0.0,0.0,9.0,9.0,9.0,-1.0,1600.0,14400.0,6.0,17.8,9.0,203600.0,0.0,0.0,11307246524.0,11307246524.0,11269932610.0,0.0,0.0,,0.0,0.0,0.0
2024-04-30,9.0,0.0,0.0,9.0,9.0,9.0,0.0,44200.0,397800.0,13.0,17.8,9.0,98600.0,8.0,1630000.0,11307246524.0,11307246524.0,11269932610.0,0.0,0.0,,0.0,0.0,0.0
2024-05-02,9.0,0.0,0.0,9.0,9.0,9.0,0.0,52100.0,468900.0,15.0,17.8,9.0,181900.0,8.0,1850000.0,11307246524.0,11307246524.0,11269932610.0,0.0,0.0,,0.0,0.0,0.0
2024-05-03,9.0,0.0,0.0,9.0,9.0,9.0,0.0,110900.0,998100.0,6.0,17.8,9.0,888800.0,8.0,1500000.0,11307246524.0,11307246524.0,11269932610.0,0.0,0.0,,0.0,0.0,0.0
2024-05-06,9.0,0.0,0.0,9.0,8.0,8.0,-1.0,550600.0,4405200.0,8.0,15.8,9.0,365500.0,8.0,972900.0,11307246524.0,11307246524.0,11269932610.0,0.0,0.0,,0.0,0.0,0.0
2024-05-07,8.0,0.0,0.0,8.0,8.0,8.0,0.0,616200.0,4929600.0,13.0,15.8,9.0,100000.0,8.0,431800.0,11307246524.0,11307246524.0,11269932610.0,0.0,0.0,,0.0,0.0,0.0
2024-05-08,8.0,0.0,0.0,9.0,8.0,9.0,1.0,18400.0,147400.0,11.0,17.8,9.0,101700.0,8.0,1013000.0,11307246524.0,11307246524.0,11269932610.0,0.0,0.0,,0.0,0.0,0.0
2024-05-13,9.0,0.0,0.0,9.0,8.0,9.0,0.0,1002400.0,8021600.0,10.0,17.8,9.0,139400.0,8.0,1000200.0,11307246524.0,11307246524.0,11269932610.0,0.0,0.0,,0.0,0.0,0.0
2024-05-14,9.0,0.0,0.0,9.0,9.0,9.0,0.0,7100.0,63900.0,6.0,17.8,9.0,212000.0,8.0,1013100.0,11307246524.0,11307246524.0,11269932610.0,0.0,0.0,,0.0,0.0,0.0
2024-05-15,9.0,0.0,0.0,9.0,8.0,9.0,0.0,1015800.0,8129100.0,11.0,17.8,9.0,74500.0,8.0,100.0,11307246524.0,11307246524.0,11269932610.0,0.0,0.0,,0.0,0.0,0.0
2024-05-16,9.0,0.0,0.0,0.0,0.0,9.0,0.0,0.0,0.0,0.0,17.8,9.0,632100.0,8.0,1000000.0,11307246524.0,11307246524.0,11269932610.0,0.0,0.0,,0.0,0.0,0.0
2024-05-17,9.0,0.0,0.0,9.0,8.0,9.0,0.0,1062400.0,8504400.0,14.0,17.8,9.0,55200.0,8.0,957800.0,11307246524.0,11307246524.0,11269932610.0,0.0,0.0,,0.0,0.0,0.0
2024-05-20,9.0,0.0,0.0,9.0,8.0,9.0,0.0,2167500.0,17355200.0,21.0,17.8,9.0,306000.0,8.0,1010000.0,11307246524.0,11307246524.0,11269932610.0,0.0,0.0,,0.0,0.0,0.0
2024-05-21,9.0,0.0,0.0,9.0,8.0,9.0,0.0,22300.0,180100.0,8.0,17.8,9.0,612900.0,8.0,1440800.0,11307246524.0,11307246524.0,11269932610.0,0.0,0.0,,2000.0,20000.0,1.0
2024-05-22,9.0,0.0,0.0,9.0,8.0,9.0,0.0,2915600.0,23783800.0,24.0,17.8,9.0,23500.0,8.0,3226600.0,11307246524.0,11307246524.0,11269932610.0,0.0,0.0,,0.0,0.0,0.0
2024-05-27,9.0,0.0,0.0,9.0,8.0,8.0,-1.0,2512100.0,20096900.0,8.0,15.8,9.0,124100.0,8.0,715000.0,11307246524.0,11307246524.0,11269932610.0,0.0,0.0,,0.0,0.0,0.0
2024-05-28,8.0,0.0,0.0,9.0,8.0,9.0,1.0,826500.0,6612200.0,18.0,17.8,9.0,7500.0,8.0,1175300.0,11307246524.0,11307246524.0,11269932610.0,0.0,0.0,,0.0,0.0,0.0
2024-05-29,9.0,0.0,0.0,9.0,8.0,9.0,0.0,450100.0,3604000.0,13.0,17.8,9.0,2888000.0,8.0,1554600.0,11307246524.0,11307246524.0,11269932610.0,0.0,0.0,,0.0,0.0,0.0
2024-05-30,9.0,0.0,0.0,9.0,9.0,9.0,0.0,800.0,7200.0,3.0,17.8,9.0,3562500.0,8.0,2029600.0,11307246524.0,11307246524.0,11269932610.0,0.0,0.0,,0.0,0.0,0.0
2024-05-31,9.0,0.0,0.0,9.0,8.0,8.0,-1.0,104400.0,836800.0,5.0,15.8,9.0,3076600.0,8.0,1947200.0,11307246524.0,11307246524.0,11269932610.0,0.0,0.0,,0.0,0.0,0.0
2024-06-03,8.0,0.0,0.0,8.0,8.0,8.0,0.0,2229600.0,17836800.0,15.0,15.8,9.0,30900.0,8.0,1774000.0,11307246524.0,11307246524.0,11269932610.0,0.0,0.0,,0.0,0.0,0.0
2024-06-04,8.0,0.0,0.0,9.0,8.0,8.0,0.0,7680400.0,61443400.0,19.0,15.8,9.0,581800.0,8.0,1376500.0,11307246524.0,11307246524.0,11269932610.0,0.0,0.0,,0.0,0.0,0.0
2024-06-05,8.0,0.0,0.0,8.0,8.0,8.0,0.0,8948400.0,71587200.0,17.0,15.8,9.0,22600.0,8.0,6052500.0,11307246524.0,11307246524.0,11269932610.0,0.0,0.0,,0.0,0.0,0.0
2024-06-06,8.0,0.0,0.0,9.0,8.0,8.0,0.0,1050500.0,8404200.0,11.0,15.8,9.0,531400.0,8.0,3949800.0,11307246524.0,11307246524.0,11269932610.0,0.0,0.0,,0.0,0.0,0.0
2024-06-07,8.0,0.0,0.0,8.0,8.0,8.0,0.0,2002000.0,16016000.0,15.0,15.8,8.0,1315000.0,7.0,40300.0,11307246524.0,11307246524.0,11269932610.0,0.0,0.0,,0.0,0.0,0.0
2024-06-10,8.0,0.0,0.0,8.0,7.0,8.0,0.0,1226200.0,8609100.0,13.0,15.8,8.0,496700.0,7.0,3868400.0,11307246524.0,11307246524.0,11269932610.0,0.0,0.0,,0.0,0.0,0.0
2024-06-11,8.0,0.0,0.0,7.0,7.0,7.0,-1.0,5052800.0,35369600.0,14.0,13.8,7.0,39100.0,0.0,0.0,11307246524.0,11307246524.0,11269932610.0,0.0,0.0,,0.0,0.0,0.0
2024-06-12,7.0,0.0,0.0,7.0,7.0,7.0,0.0,111400.0,779800.0,10.0,13.8,7.0,61992200.0,6.0,5025200.0,11307246524.0,11307246524.0,11269932610.0,0.0,0.0,,0.0,0.0,0.0
2024-06-13,7.0,0.0,0.0,7.0,6.0,7.0,0.0,10111500.0,60780500.0,21.0,13.8,7.0,55044100.0,6.0,30151800.0,11307246524.0,11307246524.0,11269932610.0,0.0,0.0,,0.0,0.0,0.0
2024-06-14,7.0,0.0,0.0,7.0,6.0,6.0,-1.0,69500.0,435400.0,7.0,11.9,7.0,9985900.0,6.0,2200.0,11307246524.0,11307246524.0,11269932610.0,0.0,0.0,,0.0,0.0,0.0
2024-06-19,6.0,0.0,0.0,6.0,6.0,6.0,0.0,5136200.0,30817200.0,17.0,11.9,6.0,10143600.0,5.0,230600.0,11307246524.0,11307246524.0,11269932610.0,0.0,0.0,,0.0,0.0,0.0
2024-06-20,6.0,0.0,0.0,6.0,6.0,6.0,0.0,5000800.0,30004800.0,7.0,11.9,6.0,11904300.0,5.0,150700.0,11307246524.0,11307246524.0,11269932610.0,0.0,0.0,,0.0,0.0,0.0
2024-06-21,6.0,0.0,0.0,6.0,5.0,6.0,0.0,5086300.0,30447800.0,14.0,11.9,6.0,6988300.0,5.0,111400.0,11307246524.0,11307246524.0,11269932610.0,0.0,0.0,,0.0,0.0,0.0
2024-06-24,6.0,0.0,0.0,5.0,5.0,5.0,-1.0,6050500.0,30252500.0,44.0,9.9,5.0,14017600.0,0.0,0.0,11307246524.0,11307246524.0,11269932610.0,0.0,0.0,,0.0,0.0,0.0
2024-06-25,5.0,0.0,0.0,5.0,4.0,5.0,0.0,15193700.0,60968300.0,50.0,9.9,5.0,37117000.0,4.0,11804500.0,11307246524.0,11307246524.0,11269932610.0,0.0,0.0,,0.0,0.0,0.0
2024-06-26,5.0,0.0,0.0,5.0,4.0,4.0,-1.0,16517300.0,66080200.0,47.0,7.9,4.0,5131900.0,0.0,0.0,11307246524.0,11307246524.0,11269932610.0,0.0,0.0,,0.0,0.0,0.0
2024-06-27,4.0,0.0,0.0,5.0,4.0,5.0,1.0,5322000.0,21469100.0,25.0,9.9,5.0,5002000.0,4.0,594900.0,11307246524.0,11307246524.0,11269932610.0,0.0,0.0,,0.0,0.0,0.0
2024-06-28,5.0,0.0,0.0,5.0,5.0,5.0,0.0,117300.0,586500.0,24.0,9.9,5.0,4955800.0,4.0,6337800.0,11307246524.0,11307246524.0,11269932610.0,0.0,0.0,,0.0,0.0,0.0
2024-07-01,5.0,0.0,0.0,5.0,5.0,5.0,0.0,60000.0,300000.0,14.0,9.9,5.0,15046500.0,4.0,6893500.0,11307246524.0,11307246524.0,11269932610.0,0.0,0.0,,0.0,0.0,0.0
2024-07-02,5.0,0.0,0.0,5.0,5.0,5.0,0.0,24500.0,122500.0,10.0,9.9,5.0,4985400.0,4.0,6712500.0,11307246524.0,11307246524.0,11269932610.0,0.0,0.0,,0.0,0.0,0.0
2024-07-03,5.0,0.0,0.0,5.0,5.0,5.0,0.0,86100.0,430500.0,9.0,9.9,5.0,4937200.0,4.0,5356400.0,11307246524.0,11307246524.0,11269932610.0,0.0,0.0,,3000.0,18000.0,1.0
2024-07-04,5.0,0.0,0.0,5.0,5.0,5.0,0.0,513000.0,2565000.0,6.0,9.9,5.0,4581800.0,4.0,5317800.0,11307246524.0,11307246524.0,11269932610.0,0.0,0.0,,3800.0,22800.0,1.0
2024-07-05,5.0,0.0,0.0,5.0,4.0,5.0,0.0,130300.0,647700.0,9.0,9.9,5.0,4889100.0,4.0,6516500.0,11307246524.0,11307246524.0,11269932610.0,0.0,0.0,,2800.0,14000.0,1.0
2024-07-08,5.0,0.0,0.0,5.0,5.0,5.0,0.0,6171100.0,30855500.0,29.0,9.9,6.0,5016200.0,5.0,166500.0,11307246524.0,11307246524.0,11269932610.0,0.0,0.0,,4400.0,26400.0,1.0
2024-07-09,5.0,0.0,0.0,5.0,5.0,5.0,0.0,5184000.0,25920000.0,26.0,9.9,6.0,5043700.0,5.0,805600.0,11307246524.0,11307246524.0,11269932610.0,0.0,0.0,,0.0,0.0,0.0
2024-07-10,5.0,0.0,0.0,6.0,5.0,6.0,1.0,109300.0,547700.0,11.0,11.9,6.0,5034900.0,5.0,56300.0,11307246524.0,11307246524.0,11269932610.0,0.0,0.0,,0.0,0.0,0.0
2024-07-11,6.0,0.0,0.0,6.0,5.0,6.0,0.0,20900.0,120600.0,11.0,11.9,6.0,5038200.0,5.0,609300.0,11307246524.0,11307246524.0,11269932610.0,0.0,0.0,,0.0,0.0,0.0
2024-07-12,6.0,0.0,0.0,6.0,6.0,6.0,0.0,316600.0,1899600.0,8.0,11.9,6.0,4758100.0,5.0,325100.0,11307246524.0,11307246524.0,11269932610.0,0.0,0.0,,0.0,0.0,0.0
2024-07-15,6.0,0.0,0.0,6.0,6.0,6.0,0.0,36200.0,217200.0,13.0,11.9,6.0,5141900.0,5.0,521500.0,11307246524.0,11307246524.0,11269932610.0,0.0,0.0,,0.0,0.0,0.0
2024-07-16,6.0,0.0,0.0,6.0,6.0,6.0,0.0,111500.0,669000.0,6.0,11.9,6.0,4948500.0,5.0,266200.0,11307246524.0,11307246524.0,11269932610.0,0.0,0.0,,0.0,0.0,0.0
2024-07-17,6.0,0.0,0.0,6.0,6.0,6.0,0.0,230700.0,1384200.0,12.0,11.9,6.0,5305400.0,5.0,246000.0,11307246524.0,11307246524.0,11269932610.0,0.0,0.0,,0.0,0.0,0.0
2024-07-18,6.0,0.0,0.0,6.0,6.0,6.0,0.0,13500.0,81000.0,4.0,11.9,6.0,5311200.0,5.0,216000.0,11307246524.0,11307246524.0,11269932610.0,0.0,0.0,,0.0,0.0,0.0
2024-07-19,6.0,0.0,0.0,6.0,6.0,6.0,0.0,112600.0,675600.0,15.0,11.9,6.0,5209900.0,5.0,256900.0,11307246524.0,11307246524.0,11269932610.0,0.0,0.0,,0.0,0.0,0.0
2024-07-22,6.0,0.0,0.0,6.0,5.0,6.0,0.0,5000.0,27500.0,8.0,11.9,6.0,5093500.0,5.0,493400.0,11307246524.0,11307246524.0,11269932610.0,0.0,0.0,,0.0,0.0,0.0
2024-07-23,6.0,0.0,0.0,6.0,5.0,6.0,0.0,260900.0,1481200.0,17.0,11.9,6.0,4853300.0,5.0,2735500.0,11307246524.0,11307246524.0,11269932610.0,0.0,0.0,,0.0,0.0,0.0
2024-07-24,6.0,0.0,0.0,6.0,6.0,6.0,0.0,686200.0,4117200.0,15.0,11.9,6.0,4393100.0,5.0,995600.0,11307246524.0,11307246524.0,11269932610.0,0.0,0.0,,0.0,0.0,0.0
2024-07-25,6.0,0.0,0.0,6.0,5.0,5.0,-1.0,2044800.0,11248600.0,31.0,9.9,6.0,4170200.0,5.0,524900.0,11307246524.0,11307246524.0,11269932610.0,0.0,0.0,,0.0,0.0,0.0
2024-07-26,5.0,0.0,0.0,6.0,5.0,6.0,1.0,182900.0,945300.0,14.0,11.9,6.0,5280000.0,5.0,670100.0,11307246524.0,11307246524.0,11269932610.0,0.0,0.0,,0.0,0.0,0.0
2024-07-29,6.0,0.0,0.0,7.0,6.0,7.0,1.0,1370600.0,9386400.0,53.0,13.8,7.0,7900.0,6.0,5161800.0,11307246524.0,11307246524.0,11269932610.0,0.0,0.0,,0.0,0.0,0.0
2024-07-30,7.0,0.0,0.0,8.0,7.0,8.0,1.0,287500.0,2193200.0,26.0,15.8,8.0,448900.0,7.0,1540800.0,11307246524.0,11307246524.0,11269932610.0,0.0,0.0,,0.0,0.0,0.0
2024-07-31,8.0,0.0,0.0,8.0,7.0,8.0,0.0,92800.0,685000.0,16.0,15.8,8.0,363700.0,7.0,310000.0,11307246524.0,11307246524.0,11269932610.0,0.0,0.0,,0.0,0.0,0.0
2024-08-01,8.0,0.0,0.0,8.0,7.0,8.0,0.0,539100.0,4302800.0,31.0,15.8,8.0,290700.0,7.0,798800.0,11307246524.0,11307246524.0,11269932610.0,0.0,0.0,,0.0,0.0,0.0
2024-08-02,8.0,0.0,0.0,8.0,8.0,8.0,0.0,1447500.0,11580000.0,29.0,15.8,9.0,4443200.0,8.0,279700.0,11307246524.0,11307246524.0,11269932610.0,0.0,0.0,,0.0,0.0,0.0
2024-08-05,8.0,0.0,0.0,9.0,8.0,9.0,1.0,188900.0,1521300.0,21.0,17.8,9.0,23400.0,8.0,126800.0,11307246524.0,11307246524.0,11269932610.0,0.0,0.0,,0.0,0.0,0.0
2024-08-06,9.0,0.0,0.0,9.0,9.0,9.0,0.0,1130600.0,10175400.0,22.0,17.8,9.0,355300.0,8.0,10100.0,11307246524.0,11307246524.0,11269932610.0,0.0,0.0,,0.0,0.0,0.0
2024-08-07,9.0,0.0,0.0,10.0,9.0,10.0,1.0,274300.0,2645300.0,27.0,19.8,10.0,7231500.0,9.0,21000.0,11307246524.0,11307246524.0,11269932610.0,0.0,0.0,,0.0,0.0,0.0
2024-08-08,10.0,0.0,0.0,10.0,10.0,10.0,0.0,147800.0,1478000.0,8.0,19.8,10.0,6493400.0,9.0,24000.0,11307246524.0,11307246524.0,11269932610.0,0.0,0.0,,0.0,0.0,0.0
2024-08-09,10.0,0.0,0.0,9.0,9.0,9.0,-1.0,331300.0,2981700.0,11.0,17.8,9.0,4731100.0,0.0,0.0,11307246524.0,11307246524.0,11269932610.0,0.0,0.0,,0.0,0.0,0.0
2024-08-12,9.0,0.0,0.0,9.0,8.0,9.0,0.0,39200.0,323800.0,10.0,17.8,9.0,708200.0,8.0,111200.0,11307246524.0,11307246524.0,11269932610.0,0.0,0.0,,0.0,0.0,0.0
2024-08-13,9.0,0.0,0.0,9.0,9.0,9.0,0.0,7600.0,68400.0,3.0,17.8,9.0,895000.0,8.0,110000.0,11307246524.0,11307246524.0,11269932610.0,0.0,0.0,,0.0,0.0,0.0
2024-08-14,9.0,0.0,0.0,9.0,9.0,9.0,0.0,12600.0,113400.0,3.0,17.8,9.0,977300.0,8.0,111500.0,11307246524.0,11307246524.0,11269932610.0,0.0,0.0,,0.0,0.0,0.0
2024-08-15,9.0,0.0,0.0,9.0,9.0,9.0,0.0,407500.0,3667500.0,10.0,17.8,9.0,333300.0,8.0,14100.0,11307246524.0,11307246524.0,11269932610.0,0.0,0.0,,0.0,0.0,0.0
2024-08-16,9.0,0.0,0.0,9.0,9.0,9.0,0.0,103400.0,930600.0,10.0,17.8,9.0,604000.0,8.0,3100.0,11307246524.0,11307246524.0,11269932610.0,0.0,0.0,,0.0,0.0,0.0
2024-08-19,9.0,0.0,0.0,9.0,9.0,9.0,0.0,300.0,2700.0,1.0,17.8,9.0,115300.0,8.0,17000.0,11307246524.0,11307246524.0,11269932610.0,0.0,0.0,,0.0,0.0,0.0
2024-08-20,9.0,0.0,0.0,9.0,8.0,9.0,0.0,183300.0,1479000.0,22.0,17.8,9.0,248300.0,8.0,905200.0,11307246524.0,11307246524.0,11269932610.0,0.0,0.0,,0.0,0.0,0.0
2024-08-21,9.0,0.0,0.0,9.0,8.0,9.0,0.0,428000.0,3429000.0,28.0,17.8,9.0,55400.0,8.0,27600.0,11307246524.0,11307246524.0,11269932610.0,0.0,0.0,,0.0,0.0,0.0
2024-08-22,9.0,0.0,0.0,10.0,8.0,10.0,1.0,304300.0,2738000.0,15.0,19.8,10.0,1800800.0,9.0,4747100.0,11307246524.0,11307246524.0,11269932610.0,0.0,0.0,,0.0,0.0,0.0
2024-08-23,10.0,0.0,0.0,10.0,9.0,10.0,0.0,53500.0,527600.0,13.0,19.8,10.0,1505900.0,9.0,75300.0,11307246524.0,11307246524.0,11269932610.0,0.0,0.0,,0.0,0.0,0.0
2024-08-26,10.0,0.0,0.0,10.0,10.0,10.0,0.0,103300.0,1033000.0,24.0,19.8,10.0,2559400.0,9.0,19800.0,11307246524.0,11307246524.0,11269932610.0,0.0,0.0,,0.0,0.0,0.0
2024-08-27,10.0,0.0,0.0,10.0,9.0,10.0,0.0,55100.0,549700.0,14.0,19.8,10.0,474200.0,9.0,270000.0,11307246524.0,11307246524.0,11269932610.0,0.0,0.0,,0.0,0.0,0.0
2024-08-28,10.0,0.0,0.0,10.0,9.0,9.0,-1.0,1558300.0,14266400.0,25.0,17.8,9.0,49100.0,0.0,0.0,11307246524.0,11307246524.0,11269932610.0,0.0,0.0,,0.0,0.0,0.0
2024-08-29,9.0,0.0,0.0,9.0,8.0,9.0,0.0,658800.0,5547300.0,40.0,17.8,9.0,40015600.0,8.0,923900.0,11307246524.0,11307246524.0,11269932610.0,0.0,0.0,,0.0,0.0,0.0
2024-08-30,9.0,0.0,0.0,9.0,9.0,9.0,0.0,150900.0,1358100.0,13.0,17.8,9.0,39618300.0,8.0,59300.0,11307246524.0,11307246524.0,11269932610.0,0.0,0.0,,0.0,0.0,0.0
2024-09-02,9.0,0.0,0.0,8.0,8.0,8.0,-1.0,2101500.0,16812000.0,66.0,15.8,8.0,39212600.0,0.0,0.0,11307246524.0,11307246524.0,11269932610.0,0.0,0.0,,0.0,0.0,0.0
2024-09-03,8.0,0.0,0.0,8.0,7.0,8.0,0.0,637700.0,4798400.0,35.0,15.8,8.0,152500.0,7.0,1436800.0,11307246524.0,11307246524.0,11269932610.0,0.0,0.0,,0.0,0.0,0.0
2024-09-04,8.0,0.0,0.0,9.0,8.0,9.0,1.0,40062000.0,321263200.0,74.0,17.8,0.0,0.0,9.0,800300.0,11307246524.0,11307246524.0,11269932610.0,0.0,0.0,,0.0,0.0,0.0
2024-09-05,9.0,0.0,0.0,10.0,9.0,10.0,1.0,664200.0,6309300.0,39.0,19.8,10.0,3040800.0,9.0,181400.0,11307246524.0,11307246524.0,11269932610.0,0.0,0.0,,5848.0,52632.0,1.0
2024-09-06,10.0,0.0,0.0,10.0,9.0,9.0,-1.0,253600.0,2315300.0,29.0,17.8,9.0,28100.0,0.0,0.0,11307246524.0,11307246524.0,11269932610.0,0.0,0.0,,0.0,0.0,0.0
2024-09-09,9.0,0.0,0.0,9.0,8.0,9.0,0.0,299300.0,2604100.0,34.0,17.8,9.0,268500.0,8.0,310100.0,11307246524.0,11307246524.0,11269932610.0,0.0,0.0,,929100.0,8361900.0,2.0
2024-09-10,9.0,0.0,0.0,9.0,8.0,9.0,0.0,32100.0,273100.0,11.0,17.8,9.0,261200.0,8.0,403100.0,11307246524.0,11307246524.0,11269932610.0,0.0,0.0,,0.0,0.0,0.0
2024-09-11,9.0,0.0,0.0,9.0,8.0,9.0,0.0,213700.0,1714100.0,28.0,17.8,9.0,1126400.0,8.0,503500.0,11307246524.0,11307246524.0,11269932610.0,0.0,0.0,,0.0,0.0,0.0
2024-09-12,9.0,0.0,0.0,9.0,8.0,9.0,0.0,428900.0,3483900.0,34.0,17.8,9.0,1414100.0,8.0,701300.0,11307246524.0,11307246524.0,11269932610.0,0.0,0.0,,0.0,0.0,0.0
2024-09-13,9.0,0.0,0.0,9.0,9.0,9.0,0.0,289800.0,2608200.0,20.0,17.8,9.0,1408300.0,8.0,296100.0,11307246524.0,11307246524.0,11269932610.0,0.0,0.0,,0.0,0.0,0.0
2024-09-17,9.0,0.0,0.0,9.0,8.0,9.0,0.0,588400.0,4754300.0,35.0,17.8,9.0,3563800.0,8.0,80200.0,11307246524.0,11307246524.0,11269932610.0,0.0,0.0,,0.0,0.0,0.0
2024-09-18,9.0,0.0,0.0,9.0,8.0,9.0,0.0,145500.0,1170900.0,23.0,17.8,9.0,1201400.0,8.0,772100.0,11307246524.0,11307246524.0,11269932610.0,0.0,0.0,,0.0,0.0,0.0
2024-09-19,9.0,0.0,0.0,9.0,8.0,8.0,-1.0,685600.0,5488900.0,35.0,15.8,9.0,1228900.0,8.0,860300.0,11307246524.0,11307246524.0,11269932610.0,0.0,0.0,,0.0,0.0,0.0
2024-09-20,8.0,0.0,0.0,9.0,8.0,9.0,1.0,87800.0,743600.0,27.0,17.8,9.0,1707300.0,8.0,696300.0,11307246524.0,11307246524.0,11269932610.0,0.0,0.0,,0.0,0.0,0.0
2024-09-23,9.0,0.0,0.0,9.0,8.0,9.0,0.0,120400.0,1005800.0,43.0,17.8,9.0,1857100.0,8.0,788000.0,11307246524.0,11307246524.0,11269932610.0,0.0,0.0,,0.0,0.0,0.0
2024-09-24,9.0,0.0,0.0,9.0,8.0,9.0,0.0,120400.0,1008300.0,17.0,17.8,9.0,1575000.0,8.0,227900.0,11307246524.0,11307246524.0,11269932610.0,0.0,0.0,,0.0,0.0,0.0
2024-09-25,9.0,0.0,0.0,9.0,8.0,8.0,-1.0,647900.0,5193400.0,27.0,15.8,9.0,1954000.0,8.0,1350400.0,11307246524.0,11307246524.0,11269932610.0,0.0,0.0,,0.0,0.0,0.0
2024-09-26,8.0,0.0,0.0,9.0,8.0,9.0,1.0,3411500.0,30686200.0,56.0,17.8,0.0,0.0,9.0,67400.0,11307246524.0,11307246524.0,11269932610.0,0.0,0.0,,0.0,0.0,0.0
2024-09-27,9.0,0.0,0.0,9.0,8.0,9.0,0.0,25700.0,225600.0,20.0,17.8,9.0,483400.0,8.0,1589900.0,11307246524.0,11307246524.0,11269932610.0,0.0,0.0,,0.0,0.0,0.0
2024-09-30,9.0,0.0,0.0,9.0,9.0,9.0,0.0,1004600.0,9041400.0,13.0,17.8,9.0,1261500.0,8.0,736600.0,11307246524.0,11307246524.0,11269932610.0,0.0,0.0,,0.0,0.0,0.0
2024-10-01,9.0,0.0,0.0,9.0,8.0,9.0,0.0,903100.0,7603000.0,26.0,17.8,10.0,6376900.0,9.0,794500.0,11307246524.0,11307246524.0,11269932610.0,0.0,0.0,,0.0,0.0,0.0
2024-10-02,9.0,0.0,0.0,9.0,8.0,9.0,0.0,1330900.0,11978000.0,24.0,17.8,10.0,7318000.0,9.0,3699300.0,11307246524.0,11307246524.0,11269932610.0,0.0,0.0,,0.0,0.0,0.0
2024-10-03,9.0,0.0,0.0,10.0,9.0,10.0,1.0,1933600.0,18152400.0,15.0,19.8,10.0,5539800.0,9.0,500.0,11307246524.0,11307246524.0,11269932610.0,0.0,0.0,,0.0,0.0,0.0
2024-10-04,10.0,0.0,0.0,10.0,10.0,10.0,0.0,6286300.0,62863000.0,42.0,19.8,11.0,14300.0,10.0,229200.0,11307246524.0,11307246524.0,11269932610.0,0.0,0.0,,60.0,540.0,1.0
2024-10-07,10.0,0.0,0.0,11.0,10.0,10.0,0.0,609900.0,6599000.0,25.0,19.8,10.0,131000.0,9.0,10100.0,11307246524.0,11307246524.0,11269932610.0,0.0,0.0,,0.0,0.0,0.0
2024-10-08,10.0,0.0,0.0,11.0,10.0,11.0,1.0,39800.0,437000.0,13.0,21.8,11.0,2133700.0,10.0,1500.0,11307246524.0,11307246524.0,11269932610.0,0.0,0.0,,0.0,0.0,0.0
2024-10-09,11.0,0.0,0.0,11.0,10.0,10.0,-1.0,21700.0,237900.0,8.0,19.8,10.0,9700.0,0.0,0.0,11307246524.0,11307246524.0,11269932610.0,0.0,0.0,,0.0,0.0,0.0
2024-10-10,10.0,0.0,0.0,10.0,10.0,10.0,0.0,16700.0,167000.0,6.0,19.8,10.0,1060200.0,9.0,10100.0,11307246524.0,11307246524.0,11269932610.0,0.0,0.0,,0.0,0.0,0.0
2024-10-11,10.0,0.0,0.0,10.0,10.0,10.0,0.0,1000.0,10000.0,2.0,19.8,10.0,807500.0,9.0,11100.0,11307246524.0,11307246524.0,11269932610.0,0.0,0.0,,0.0,0.0,0.0
2024-10-14,10.0,0.0,0.0,9.0,9.0,9.0,-1.0,199200.0,1792800.0,17.0,17.8,10.0,616500.0,9.0,12200.0,11307246524.0,11307246524.0,11269932610.0,0.0,0.0,,0.0,0.0,0.0
2024-10-15,9.0,0.0,0.0,9.0,9.0,9.0,0.0,57600.0,518400.0,7.0,17.8,9.0,272800.0,8.0,651300.0,11307246524.0,11307246524.0,11269932610.0,0.0,0.0,,0.0,0.0,0.0
2024-10-16,9.0,0.0,0.0,10.0,8.0,10.0,1.0,313700.0,2638000.0,26.0,19.8,10.0,608400.0,8.0,634100.0,11307246524.0,11307246524.0,11269932610.0,0.0,0.0,,0.0,0.0,0.0
2024-10-17,10.0,0.0,0.0,10.0,9.0,10.0,0.0,80500.0,729400.0,12.0,19.8,10.0,3422300.0,0.0,0.0,11307246524.0,11307246524.0,11269932610.0,0.0,0.0,,0.0,0.0,0.0
2024-10-18,10.0,0.0,0.0,10.0,9.0,10.0,0.0,90400.0,814700.0,14.0,19.8,10.0,679700.0,9.0,28900.0,11307246524.0,11307246524.0,11269932610.0,0.0,0.0,,0.0,0.0,0.0
2024-10-21,10.0,0.0,0.0,10.0,9.0,10.0,0.0,517000.0,5160000.0,25.0,19.8,10.0,558000.0,9.0,10300.0,11307246524.0,11307246524.0,11269932610.0,0.0,0.0,,0.0,0.0,0.0
2024-10-22,10.0,0.0,0.0,10.0,9.0,10.0,0.0,21900.0,203900.0,14.0,19.8,10.0,1285100.0,9.0,98700.0,11307246524.0,11307246524.0,11269932610.0,0.0,0.0,,0.0,0.0,0.0
2024-10-23,10.0,0.0,0.0,10.0,9.0,9.0,-1.0,28100.0,260400.0,12.0,17.8,9.0,751300.0,0.0,0.0,11307246524.0,11307246524.0,11269932610.0,0.0,0.0,,0.0,0.0,0.0
2024-10-24,9.0,0.0,0.0,10.0,9.0,10.0,1.0,700700.0,6332000.0,12.0,19.8,10.0,1713100.0,9.0,404000.0,11307246524.0,11307246524.0,11269932610.0,0.0,0.0,,0.0,0.0,0.0
2024-10-25,10.0,0.0,0.0,10.0,10.0,10.0,0.0,11500.0,115000.0,14.0,19.8,10.0,1161900.0,9.0,500000.0,11307246524.0,11307246524.0,11269932610.0,0.0,0.0,,0.0,0.0,0.0
2024-10-28,10.0,0.0,0.0,10.0,9.0,10.0,0.0,20700.0,206000.0,10.0,19.8,10.0,519300.0,9.0,500800.0,11307246524.0,11307246524.0,11269932610.0,0.0,0.0,,0.0,0.0,0.0
2024-10-29,10.0,0.0,0.0,10.0,10.0,10.0,0.0,33200.0,332000.0,19.0,19.8,10.0,903300.0,9.0,520500.0,11307246524.0,11307246524.0,11269932610.0,0.0,0.0,,0.0,0.0,0.0
2024-10-30,10.0,0.0,0.0,10.0,9.0,10.0,0.0,67400.0,623800.0,20.0,19.8,10.0,248800.0,9.0,506400.0,11307246524.0,11307246524.0,11269932610.0,0.0,0.0,,0.0,0.0,0.0
2024-10-31,10.0,0.0,0.0,10.0,10.0,10.0,0.0,19300.0,193000.0,17.0,19.8,10.0,1301500.0,9.0,500000.0,11307246524.0,11307246524.0,11269932610.0,0.0,0.0,,0.0,0.0,0.0
2024-11-01,10.0,0.0,0.0,10.0,10.0,10.0,0.0,16400.0,164000.0,8.0,19.8,10.0,1431700.0,9.0,505000.0,11307246524.0,11307246524.0,11269932610.0,0.0,0.0,,0.0,0.0,0.0
2024-11-04,10.0,0.0,0.0,10.0,9.0,9.0,-1.0,1233700.0,11105300.0,14.0,17.8,9.0,1929600.0,0.0,0.0,11307246524.0,11307246524.0,11269932610.0,0.0,0.0,,0.0,0.0,0.0
2024-11-05,9.0,0.0,0.0,10.0,9.0,10.0,1.0,656900.0,5937700.0,18.0,19.8,10.0,913100.0,9.0,4900.0,11307246524.0,11307246524.0,11269932610.0,0.0,0.0,,0.0,0.0,0.0
2024-11-06,10.0,0.0,0.0,9.0,9.0,9.0,-1.0,1548500.0,13936500.0,11.0,17.8,9.0,2247800.0,0.0,0.0,11307246524.0,11307246524.0,11269932610.0,0.0,0.0,,0.0,0.0,0.0
2024-11-07,9.0,0.0,0.0,9.0,9.0,9.0,0.0,515800.0,4642200.0,11.0,17.8,9.0,978300.0,8.0,13600.0,11307246524.0,11307246524.0,11269932610.0,0.0,0.0,,0.0,0.0,0.0
2024-11-08,9.0,0.0,0.0,9.0,9.0,9.0,0.0,2470900.0,22238100.0,12.0,17.8,10.0,264000.0,9.0,32400.0,11307246524.0,11307246524.0,11269932610.0,0.0,0.0,,0.0,0.0,0.0
2024-11-11,9.0,0.0,0.0,9.0,9.0,9.0,0.0,6182800.0,55645200.0,16.0,17.8,10.0,24000.0,9.0,329000.0,11307246524.0,11307246524.0,11269932610.0,0.0,0.0,,0.0,0.0,0.0
2024-11-12,9.0,0.0,0.0,9.0,8.0,9.0,0.0,7545500.0,67907000.0,23.0,17.8,10.0,75000.0,9.0,83200.0,11307246524.0,11307246524.0,11269932610.0,0.0,0.0,,0.0,0.0,0.0
2024-11-13,9.0,0.0,0.0,10.0,9.0,10.0,1.0,1579200.0,14791600.0,25.0,19.8,10.0,892700.0,9.0,4628100.0,11307246524.0,11307246524.0,11269932610.0,0.0,0.0,,0.0,0.0,0.0
2024-11-14,10.0,0.0,0.0,11.0,11.0,11.0,1.0,344600.0,3790600.0,31.0,21.8,0.0,0.0,11.0,641200.0,11307246524.0,11307246524.0,11269932610.0,0.0,0.0,,0.0,0.0,0.0
2024-11-15,11.0,0.0,0.0,12.0,11.0,12.0,1.0,76400.0,915300.0,30.0,23.7,12.0,5966900.0,11.0,48900.0,11307246524.0,11307246524.0,11269932610.0,0.0,0.0,,0.0,0.0,0.0
2024-11-18,12.0,0.0,0.0,12.0,11.0,11.0,-1.0,1018300.0,12121600.0,26.0,21.8,11.0,4574500.0,0.0,0.0,11307246524.0,11307246524.0,11269932610.0,0.0,0.0,,0.0,0.0,0.0
2024-11-19,11.0,0.0,0.0,10.0,10.0,10.0,-1.0,179200.0,1792000.0,18.0,19.8,10.0,3857400.0,0.0,0.0,11307246524.0,11307246524.0,11269932610.0,0.0,0.0,,0.0,0.0,0.0
2024-11-20,10.0,0.0,0.0,10.0,9.0,10.0,0.0,967300.0,8711100.0,18.0,19.8,10.0,2542400.0,9.0,249100.0,11307246524.0,11307246524.0,11269932610.0,0.0,0.0,,0.0,0.0,0.0
2024-11-21,10.0,0.0,0.0,10.0,9.0,10.0,0.0,444200.0,4014100.0,20.0,19.8,10.0,3310000.0,9.0,397600.0,11307246524.0,11307246524.0,11269932610.0,0.0,0.0,,0.0,0.0,0.0
2024-11-22,10.0,0.0,0.0,10.0,10.0,10.0,0.0,15400.0,154000.0,13.0,19.8,10.0,1291600.0,9.0,566600.0,11307246524.0,11307246524.0,11269932610.0,0.0,0.0,,0.0,0.0,0.0
2024-11-25,10.0,0.0,0.0,10.0,10.0,10.0,0.0,70200.0,702000.0,12.0,19.8,10.0,724100.0,9.0,600800.0,11307246524.0,11307246524.0,11269932610.0,0.0,0.0,,0.0,0.0,0.0
2024-11-26,10.0,0.0,0.0,11.0,9.0,10.0,0.0,729200.0,6600200.0,29.0,19.8,10.0,676300.0,9.0,1593800.0,11307246524.0,11307246524.0,11269932610.0,0.0,0.0,,0.0,0.0,0.0
2024-11-28,10.0,0.0,0.0,10.0,9.0,10.0,0.0,38600.0,372200.0,17.0,19.8,10.0,719200.0,9.0,521900.0,11307246524.0,11307246524.0,11269932610.0,0.0,0.0,,0.0,0.0,0.0
2024-11-29,10.0,0.0,0.0,10.0,10.0,10.0,0.0,15900.0,159000.0,9.0,19.8,10.0,633400.0,9.0,573300.0,11307246524.0,11307246524.0,11269932610.0,0.0,0.0,,0.0,0.0,0.0
2024-12-02,10.0,0.0,0.0,10.0,9.0,10.0,0.0,161900.0,1465000.0,27.0,19.8,10.0,604100.0,9.0,531100.0,11307246524.0,11307246524.0,11269932610.0,0.0,0.0,,0.0,0.0,0.0
2024-12-03,10.0,0.0,0.0,10.0,9.0,10.0,0.0,87500.0,871900.0,19.0,19.8,10.0,1045200.0,9.0,697900.0,11307246524.0,11307246524.0,11269932610.0,0.0,0.0,,0.0,0.0,0.0
2024-12-04,10.0,0.0,0.0,10.0,9.0,10.0,0.0,173800.0,1711600.0,22.0,19.8,10.0,167100.0,9.0,856700.0,11307246524.0,11307246524.0,11269932610.0,0.0,0.0,,0.0,0.0,0.0
2024-12-05,10.0,0.0,0.0,10.0,10.0,10.0,0.0,412700.0,4127000.0,22.0,19.8,10.0,353500.0,9.0,608200.0,11307246524.0,11307246524.0,11269932610.0,0.0,0.0,,0.0,0.0,0.0
2024-12-06,10.0,0.0,0.0,11.0,9.0,11.0,1.0,1089500.0,10813300.0,29.0,21.8,11.0,36500.0,10.0,11400.0,11307246524.0,11307246524.0,11269932610.0,0.0,0.0,,0.0,0.0,0.0
2024-12-09,11.0,0.0,0.0,11.0,10.0,11.0,0.0,966400.0,9797800.0,53.0,21.8,11.0,21600.0,0.0,0.0,11307246524.0,11307246524.0,11269932610.0,0.0,0.0,,0.0,0.0,0.0
2024-12-10,11.0,0.0,0.0,10.0,10.0,10.0,-1.0,183000.0,1830000.0,26.0,19.8,10.0,528300.0,0.0,0.0,11307246524.0,11307246524.0,11269932610.0,0.0,0.0,,0.0,0.0,0.0
2024-12-11,10.0,0.0,0.0,10.0,10.0,10.0,0.0,39500.0,395000.0,12.0,19.8,10.0,851600.0,9.0,1811900.0,11307246524.0,11307246524.0,11269932610.0,0.0,0.0,,0.0,0.0,0.0
2024-12-12,10.0,0.0,0.0,10.0,9.0,9.0,-1.0,1317200.0,12142800.0,32.0,17.8,10.0,582100.0,9.0,2169000.0,11307246524.0,11307246524.0,11269932610.0,0.0,0.0,,0.0,0.0,0.0
2024-12-13,9.0,0.0,0.0,9.0,9.0,9.0,0.0,1249100.0,11241900.0,23.0,17.8,10.0,2127800.0,9.0,362000.0,11307246524.0,11307246524.0,11269932610.0,0.0,0.0,,0.0,0.0,0.0
2024-12-16,9.0,0.0,0.0,10.0,9.0,10.0,1.0,78700.0,708500.0,9.0,19.8,10.0,2931200.0,9.0,1577200.0,11307246524.0,11307246524.0,11269932610.0,0.0,0.0,,0.0,0.0,0.0
2024-12-17,10.0,0.0,0.0,10.0,9.0,10.0,0.0,3542900.0,35150000.0,25.0,19.8,11.0,831700.0,9.0,373100.0,11307246524.0,11307246524.0,11269932610.0,0.0,0.0,,0.0,0.0,0.0
2024-12-18,10.0,0.0,0.0,10.0,10.0,10.0,0.0,108900.0,1089000.0,16.0,19.8,10.0,139300.0,9.0,800800.0,11307246524.0,11307246524.0,11269932610.0,0.0,0.0,,0.0,0.0,0.0
2024-12-19,10.0,0.0,0.0,10.0,9.0,10.0,0.0,5500.0,49700.0,5.0,19.8,10.0,414800.0,9.0,702800.0,11307246524.0,11307246524.0,11269932610.0,0.0,0.0,,0.0,0.0,0.0
2024-12-20,10.0,0.0,0.0,10.0,10.0,10.0,0.0,124000.0,1240000.0,17.0,19.8,10.0,66600.0,9.0,621600.0,11307246524.0,11307246524.0,11269932610.0,0.0,0.0,,260.0,2600.0,1.0
2024-12-23,10.0,0.0,0.0,11.0,9.0,11.0,1.0,29700.0,281600.0,16.0,21.8,10.0,208200.0,9.0,1206200.0,11307246524.0,11307246524.0,11269932610.0,0.0,0.0,,0.0,0.0,0.0
2024-12-24,11.0,0.0,0.0,11.0,10.0,10.0,-1.0,171300.0,1823000.0,14.0,19.8,10.0,163700.0,0.0,0.0,11307246524.0,11307246524.0,11269932610.0,0.0,100000.0,,53100.0,265500.0,1.0
2024-12-27,10.0,0.0,0.0,10.0,9.0,10.0,0.0,198200.0,1810100.0,36.0,19.8,10.0,152600.0,9.0,728500.0,11307246524.0,11307246524.0,11269932610.0,0.0,0.0,,0.0,0.0,0.0
2024-12-30,10.0,0.0,0.0,10.0,9.0,10.0,0.0,63600.0,617200.0,18.0,19.8,10.0,50900.0,9.0,815600.0,11307246524.0,11307246524.0,11269932610.0,0.0,0.0,,0.0,0.0,0.0
2025-01-02,10.0,0.0,0.0,11.0,10.0,11.0,1.0,1063000.0,11657500.0,35.0,21.8,0.0,0.0,11.0,2570900.0,11307246524.0,11307246524.0,10588105645.0,0.0,0.0,,0.0,0.0,0.0
2025-01-03,11.0,0.0,0.0,11.0,10.0,11.0,0.0,84200.0,885200.0,24.0,21.8,11.0,87900.0,10.0,100000.0,11307246524.0,11307246524.0,10588105645.0,0.0,0.0,,0.0,0.0,0.0
2025-01-06,11.0,0.0,0.0,11.0,10.0,11.0,0.0,74900.0,806700.0,18.0,21.8,11.0,1298700.0,10.0,249900.0,11307246524.0,11307246524.0,10588105645.0,0.0,0.0,,4097100.0,45068100.0,1.0
2025-01-07,11.0,0.0,0.0,11.0,10.0,10.0,-1.0,100000.0,1061200.0,24.0,19.8,11.0,1073400.0,10.0,141800.0,11307246524.0,11307246524.0,10588105645.0,0.0,0.0,,0.0,0.0,0.0
2025-01-08,10.0,0.0,0.0,10.0,9.0,10.0,0.0,709000.0,7013400.0,19.0,19.8,11.0,1022600.0,10.0,1137600.0,11307246524.0,11307246524.0,10588105645.0,0.0,0.0,,0.0,0.0,0.0
2025-01-09,10.0,0.0,0.0,11.0,11.0,11.0,1.0,1165100.0,12816100.0,24.0,21.8,0.0,0.0,11.0,1270500.0,11307246524.0,11307246524.0,10588105645.0,0.0,0.0,,0.0,0.0,0.0
2025-01-10,11.0,0.0,0.0,12.0,12.0,12.0,1.0,2490200.0,29882400.0,62.0,23.7,0.0,0.0,12.0,1000.0,11307246524.0,11307246524.0,10588105645.0,0.0,0.0,,0.0,0.0,0.0
2025-01-13,12.0,0.0,0.0,12.0,12.0,12.0,0.0,644500.0,7734000.0,60.0,23.7,12.0,1693000.0,11.0,1021900.0,11307246524.0,11307246524.0,10588105645.0,0.0,0.0,,0.0,0.0,0.0
2025-01-14,12.0,0.0,0.0,12.0,12.0,12.0,0.0,1187200.0,14246400.0,30.0,23.7,12.0,935200.0,11.0,2335700.0,11307246524.0,11307246524.0,10588105645.0,0.0,0.0,,0.0,0.0,0.0
2025-01-15,12.0,0.0,0.0,12.0,12.0,12.0,0.0,153400.0,1840800.0,16.0,23.7,12.0,1929700.0,11.0,309200.0,11307246524.0,11307246524.0,10588105645.0,0.0,0.0,,0.0,0.0,0.0
2025-01-16,12.0,0.0,0.0,11.0,11.0,11.0,-1.0,118300.0,1301300.0,20.0,21.8,11.0,375200.0,0.0,0.0,11307246524.0,11307246524.0,10588105645.0,0.0,0.0,,0.0,0.0,0.0
2025-01-17,11.0,0.0,0.0,11.0,10.0,11.0,0.0,270000.0,2747800.0,33.0,21.8,11.0,60200.0,10.0,1155200.0,11307246524.0,11307246524.0,10588105645.0,0.0,0.0,,0.0,0.0,0.0
2025-01-20,11.0,0.0,0.0,11.0,11.0,11.0,0.0,569800.0,6267800.0,38.0,21.8,11.0,1523600.0,10.0,1175100.0,11307246524.0,11307246524.0,10588105645.0,0.0,0.0,,0.0,0.0,0.0
2025-01-21,11.0,0.0,0.0,11.0,11.0,11.0,0.0,724000.0,7964000.0,39.0,21.8,11.0,3370900.0,10.0,1173900.0,11307246524.0,11307246524.0,10588105645.0,0.0,0.0,,0.0,0.0,0.0
2025-01-22,11.0,0.0,0.0,11.0,10.0,11.0,0.0,1292200.0,12964300.0,31.0,21.8,11.0,656700.0,10.0,631400.0,11307246524.0,11307246524.0,10588105645.0,0.0,0.0,,0.0,0.0,0.0
2025-01-23,11.0,0.0,0.0,11.0,11.0,11.0,0.0,13400.0,147400.0,13.0,21.8,11.0,1284200.0,10.0,254200.0,11307246524.0,11307246524.0,10588105645.0,0.0,0.0,,0.0,0.0,0.0
2025-01-24,11.0,0.0,0.0,11.0,10.0,10.0,-1.0,103100.0,1133800.0,9.0,19.8,11.0,1764900.0,10.0,64800.0,11307246524.0,11307246524.0,10588105645.0,0.0,0.0,,0.0,0.0,0.0
2025-01-30,10.0,0.0,0.0,10.0,9.0,9.0,-1.0,444100.0,4411500.0,37.0,17.8,10.0,18100.0,9.0,1444800.0,11307246524.0,11307246524.0,10588105645.0,0.0,0.0,,0.0,0.0,0.0
2025-01-31,9.0,0.0,0.0,10.0,9.0,10.0,1.0,354700.0,3192400.0,15.0,19.8,10.0,213600.0,9.0,1431300.0,11307246524.0,11307246524.0,10588105645.0,0.0,0.0,,0.0,0.0,0.0
2025-02-03,10.0,0.0,0.0,10.0,9.0,10.0,0.0,117500.0,1075100.0,25.0,19.8,10.0,265100.0,9.0,1606500.0,11307246524.0,11307246524.0,10588105645.0,0.0,0.0,,0.0,0.0,0.0
2025-02-04,10.0,0.0,0.0,11.0,10.0,11.0,1.0,789200.0,7892600.0,24.0,21.8,11.0,1212900.0,9.0,1403900.0,11307246524.0,11307246524.0,10588105645.0,0.0,0.0,,0.0,0.0,0.0
2025-02-05,11.0,0.0,0.0,11.0,10.0,11.0,0.0,294700.0,2952200.0,21.0,21.8,11.0,1472100.0,10.0,43900.0,11307246524.0,11307246524.0,10588105645.0,0.0,0.0,,0.0,0.0,0.0
2025-02-06,11.0,0.0,0.0,11.0,11.0,11.0,0.0,24100.0,265100.0,26.0,21.8,11.0,2407000.0,10.0,251400.0,11307246524.0,11307246524.0,10588105645.0,0.0,0.0,,0.0,0.0,0.0
2025-02-07,11.0,0.0,0.0,11.0,11.0,11.0,0.0,1007400.0,11081400.0,22.0,21.8,11.0,1955600.0,10.0,3000.0,11307246524.0,11307246524.0,10588105645.0,0.0,0.0,,20.0,220.0,1.0
2025-02-10,11.0,0.0,0.0,11.0,11.0,11.0,0.0,3891000.0,42801000.0,28.0,21.8,12.0,504400.0,11.0,762100.0,11307246524.0,11307246524.0,10588105645.0,0.0,0.0,,0.0,0.0,0.0
2025-02-11,11.0,0.0,0.0,12.0,11.0,12.0,1.0,1415100.0,15592400.0,24.0,23.7,12.0,354000.0,11.0,2555200.0,11307246524.0,11307246524.0,10588105645.0,0.0,0.0,,0.0,0.0,0.0
2025-02-12,12.0,0.0,0.0,13.0,13.0,13.0,1.0,6836300.0,88871900.0,99.0,25.7,13.0,1687000.0,12.0,24073300.0,11307246524.0,11307246524.0,10588105645.0,0.0,0.0,,0.0,0.0,0.0
2025-02-13,13.0,0.0,0.0,12.0,12.0,12.0,-1.0,4518200.0,54218400.0,42.0,23.7,12.0,1634600.0,0.0,0.0,11307246524.0,11307246524.0,10588105645.0,0.0,0.0,,0.0,0.0,0.0
2025-02-14,12.0,0.0,0.0,12.0,12.0,12.0,0.0,6791700.0,81500400.0,37.0,23.7,12.0,2146000.0,11.0,6000.0,11307246524.0,11307246524.0,10588105645.0,0.0,0.0,,0.0,0.0,0.0
2025-02-17,12.0,0.0,0.0,13.0,12.0,13.0,1.0,9997600.0,129468700.0,52.0,25.7,0.0,0.0,13.0,52100.0,11307246524.0,11307246524.0,10588105645.0,0.0,0.0,,0.0,0.0,0.0
2025-02-18,13.0,0.0,0.0,14.0,13.0,14.0,1.0,3867000.0,53135400.0,46.0,27.7,0.0,0.0,14.0,4992300.0,11307246524.0,11307246524.0,10588105645.0,0.0,0.0,,0.0,0.0,0.0
2025-02-19,14.0,0.0,0.0,15.0,15.0,15.0,1.0,721904600.0,10828569000.0,400.0,29.7,0.0,0.0,15.0,87930900.0,11307246524.0,11307246524.0,10588105645.0,0.0,0.0,,0.0,0.0,0.0
2025-02-20,15.0,0.0,0.0,16.0,16.0,16.0,1.0,335300.0,5364800.0,15.0,31.7,0.0,0.0,16.0,221043000.0,11307246524.0,11307246524.0,10588105645.0,0.0,0.0,,0.0,0.0,0.0
2025-02-21,16.0,0.0,0.0,17.0,17.0,17.0,1.0,217700.0,3700900.0,11.0,33.6,0.0,0.0,17.0,617253100.0,11307246524.0,11307246524.0,10588105645.0,100000.0,0.0,,0.0,0.0,0.0
2025-02-24,17.0,0.0,0.0,18.0,18.0,18.0,1.0,1460400.0,26287200.0,15.0,35.6,0.0,0.0,18.0,522469300.0,11307246524.0,11307246524.0,10588105645.0,0.0,0.0,,1309300.0,41186000.0,2.0
2025-02-25,18.0,0.0,0.0,19.0,19.0,19.0,1.0,482500.0,9167500.0,13.0,37.6,0.0,0.0,19.0,386326200.0,11307246524.0,11307246524.0,10588105645.0,0.0,0.0,,760000.0,41730000.0,2.0
2025-02-26,19.0,0.0,0.0,20.0,20.0,20.0,1.0,357900.0,7158000.0,22.0,39.6,0.0,0.0,20.0,335433500.0,11307246524.0,11307246524.0,10588105645.0,0.0,0.0,,7500000.0,358500000.0,2.0
2025-02-27,20.0,0.0,0.0,22.0,22.0,22.0,2.0,760500.0,16731000.0,17.0,43.5,0.0,0.0,22.0,396352000.0,11307246524.0,11307246524.0,10588105645.0,0.0,0.0,,1220000.0,66400000.0,3.0
2025-02-28,22.0,0.0,0.0,24.0,24.0,24.0,2.0,1602900.0,38469600.0,26.0,47.5,0.0,0.0,24.0,232898600.0,11307246524.0,11307246524.0,10588105645.0,0.0,0.0,,0.0,0.0,0.0
2025-03-03,24.0,0.0,0.0,26.0,26.0,26.0,2.0,3520000.0,91520000.0,34.0,51.4,0.0,0.0,26.0,303961100.0,11307246524.0,11307246524.0,10588105645.0,0.0,0.0,,2809000.0,152095000.0,3.0
2025-03-04,26.0,0.0,0.0,28.0,28.0,28.0,2.0,841100.0,23550800.0,25.0,55.4,0.0,0.0,28.0,371004100.0,11307246524.0,11307246524.0,10588105645.0,0.0,0.0,,875600.0,47282400.0,1.0
2025-03-05,28.0,0.0,0.0,30.0,30.0,30.0,2.0,359700.0,10791000.0,22.0,59.4,0.0,0.0,30.0,343654100.0,11307246524.0,11307246524.0,10588105645.0,0.0,0.0,,4274800.0,235114000.0,2.0
2025-03-06,30.0,0.0,0.0,33.0,33.0,33.0,3.0,1522600.0,50245800.0,34.0,65.3,0.0,0.0,33.0,330285300.0,11307246524.0,11307246524.0,10588105645.0,0.0,0.0,,1074900.0,60194400.0,1.0
2025-03-07,33.0,0.0,0.0,36.0,36.0,36.0,3.0,890200.0,32047200.0,38.0,71.2,0.0,0.0,36.0,235553000.0,11307246524.0,11307246524.0,10588105645.0,0.0,0.0,,380000.0,24750000.0,2.0
2025-03-10,36.0,0.0,0.0,39.0,39.0,39.0,3.0,944100.0,36819900.0,43.0,77.2,0.0,0.0,39.0,216661100.0,11307246524.0,11307246524.0,10588105645.0,0.0,0.0,,2000000.0,110000000.0,1.0
2025-03-11,39.0,0.0,0.0,42.0,42.0,42.0,3.0,314700.0,13217400.0,35.0,83.1,0.0,0.0,42.0,166027600.0,11307246524.0,11307246524.0,10588105645.0,0.0,0.0,,2976100.0,180358000.0,6.0
2025-03-12,42.0,0.0,0.0,46.0,46.0,46.0,4.0,41838500.0,1924571000.0,126.0,91.0,0.0,0.0,46.0,74631700.0,11307246524.0,11307246524.0,10588105645.0,0.0,0.0,,5800000.0,358800000.0,5.0
2025-03-13,46.0,0.0,0.0,50.0,50.0,50.0,4.0,2949900.0,147495000.0,57.0,98.9,0.0,0.0,50.0,121434400.0,11307246524.0,11307246524.0,10588105645.0,0.0,0.0,,100000.0,6300000.0,1.0
2025-03-14,50.0,0.0,0.0,55.0,55.0,55.0,5.0,2504200.0,137731000.0,74.0,108.8,0.0,0.0,55.0,178051800.0,11307246524.0,11307246524.0,10588105645.0,0.0,0.0,,799100.0,54740600.0,2.0
2025-03-17,55.0,0.0,0.0,60.0,50.0,50.0,-5.0,110637800.0,6020281000.0,984.0,98.9,50.0,18079000.0,0.0,0.0,11307246524.0,11307246524.0,10588105645.0,0.0,0.0,,1500000.0,109000000.0,2.0
2025-03-18,50.0,0.0,0.0,45.0,45.0,45.0,-5.0,16315900.0,734215500.0,360.0,89.0,45.0,31239400.0,0.0,0.0,11307246524.0,11307246524.0,10588105645.0,0.0,0.0,,0.0,0.0,0.0
2025-03-19,45.0,0.0,0.0,49.0,49.0,49.0,4.0,38898800.0,1906041200.0,212.0,96.9,0.0,0.0,49.0,25980800.0,11307246524.0,11307246524.0,10588105645.0,0.0,0.0,,0.0,0.0,0.0
2025-03-20,49.0,0.0,0.0,53.0,53.0,53.0,4.0,5831500.0,309069500.0,100.0,104.9,0.0,0.0,53.0,51709400.0,11307246524.0,11307246524.0,10588105645.0,0.0,0.0,,0.0,0.0,0.0
2025-03-21,53.0,0.0,0.0,58.0,53.0,58.0,5.0,41779600.0,2337856800.0,339.0,114.7,0.0,0.0,58.0,5447700.0,11307246524.0,11307246524.0,10588105645.0,0.0,0.0,,0.0,0.0,0.0
2025-03-24,58.0,0.0,0.0,55.0,53.0,53.0,-5.0,65539600.0,3514075800.0,563.0,104.9,54.0,3800.0,53.0,5128500.0,11307246524.0,11307246524.0,10588105645.0,0.0,0.0,,0.0,0.0,0.0
2025-03-25,53.0,0.0,0.0,52.0,48.0,48.0,-5.0,15025300.0,746639300.0,265.0,95.0,49.0,1000.0,48.0,12283800.0,11307246524.0,11307246524.0,10588105645.0,0.0,0.0,,0.0,0.0,0.0
2025-03-26,48.0,0.0,0.0,50.0,48.0,49.0,1.0,8394800.0,412121500.0,268.0,96.9,49.0,2540800.0,48.0,989800.0,11307246524.0,11307246524.0,10588105645.0,0.0,0.0,,0.0,0.0,0.0
2025-03-27,49.0,0.0,0.0,49.0,47.0,47.0,-2.0,8569200.0,407723200.0,224.0,93.0,47.0,2224900.0,46.0,106300.0,11307246524.0,11307246524.0,10588105645.0,0.0,0.0,,0.0,0.0,0.0
2025-04-08,47.0,0.0,0.0,43.0,43.0,43.0,-4.0,4511500.0,193994500.0,105.0,85.1,43.0,10540500.0,0.0,0.0,11307246524.0,11307246524.0,10208182162.0,0.0,0.0,,0.0,0.0,0.0
2025-04-09,43.0,0.0,0.0,42.0,39.0,39.0,-4.0,14595100.0,584944700.0,294.0,77.2,39.0,592900.0,0.0,0.0,11307246524.0,11307246524.0,10208182162.0,0.0,0.0,,0.0,0.0,0.0
2025-04-10,39.0,0.0,0.0,40.0,39.0,40.0,1.0,3623000.0,143172600.0,147.0,79.1,41.0,240200.0,40.0,5625700.0,11307246524.0,11307246524.0,10208182162.0,0.0,0.0,,0.0,0.0,0.0
2025-04-11,40.0,0.0,0.0,41.0,40.0,41.0,1.0,1895500.0,77209300.0,89.0,81.1,42.0,388600.0,41.0,6155000.0,11307246524.0,11307246524.0,10208182162.0,0.0,0.0,,0.0,0.0,0.0
2025-04-14,41.0,0.0,0.0,42.0,41.0,41.0,0.0,3455000.0,142943900.0,120.0,81.1,41.0,1096300.0,40.0,332000.0,11307246524.0,11307246524.0,10208182162.0,0.0,0.0,,0.0,0.0,0.0
2025-04-15,41.0,0.0,0.0,40.0,39.0,39.0,-2.0,2541100.0,101044800.0,117.0,77.2,40.0,30000.0,39.0,202700.0,11307246524.0,11307246524.0,10208182162.0,0.0,0.0,,0.0,0.0,0.0
2025-04-16,39.0,0.0,0.0,39.0,38.0,38.0,-1.0,1614500.0,62835400.0,82.0,75.2,38.0,2824100.0,37.0,300.0,11307246524.0,11307246524.0,10208182162.0,0.0,0.0,,0.0,0.0,0.0
2025-04-17,38.0,0.0,0.0,37.0,36.0,36.0,-2.0,10970400.0,396547400.0,108.0,71.2,37.0,207500.0,36.0,2584300.0,11307246524.0,11307246524.0,10208182162.0,0.0,0.0,,0.0,0.0,0.0
2025-04-21,36.0,0.0,0.0,36.0,34.0,34.0,-2.0,2525900.0,86097500.0,104.0,67.3,35.0,2043500.0,34.0,484400.0,11307246524.0,11307246524.0,10208182162.0,0.0,0.0,,0.0,0.0,0.0
2025-04-22,34.0,0.0,0.0,34.0,33.0,33.0,-1.0,1106800.0,36727200.0,80.0,65.3,33.0,2394600.0,32.0,365900.0,11307246524.0,11307246524.0,10208182162.0,0.0,0.0,,0.0,0.0,0.0
2025-04-23,33.0,0.0,0.0,36.0,33.0,36.0,3.0,2979000.0,99085800.0,83.0,71.2,0.0,0.0,36.0,8081300.0,11307246524.0,11307246524.0,10208182162.0,0.0,0.0,,0.0,0.0,0.0
2025-04-24,36.0,0.0,0.0,39.0,39.0,39.0,3.0,887400.0,34608600.0,37.0,77.2,0.0,0.0,39.0,6555500.0,11307246524.0,11307246524.0,10208182162.0,0.0,0.0,,0.0,0.0,0.0
2025-04-25,39.0,0.0,0.0,42.0,42.0,42.0,3.0,1714300.0,72000600.0,48.0,83.1,0.0,0.0,42.0,3610700.0,11307246524.0,11307246524.0,10208182162.0,0.0,0.0,,0.0,0.0,0.0
2025-04-28,42.0,0.0,0.0,42.0,39.0,39.0,-3.0,4679800.0,191515200.0,189.0,77.2,40.0,366000.0,39.0,1555500.0,11307246524.0,11307246524.0,10208182162.0,0.0,100000.0,,4659200.0,195686400.0,2.0
2025-04-29,39.0,0.0,0.0,42.0,39.0,42.0,3.0,1475900.0,59010900.0,79.0,83.1,42.0,654800.0,40.0,346300.0,11307246524.0,11307246524.0,10208182162.0,0.0,0.0,,0.0,0.0,0.0
2025-04-30,42.0,0.0,0.0,42.0,38.0,42.0,0.0,4375500.0,171226200.0,129.0,83.1,42.0,29800.0,40.0,237000.0,11307246524.0,11307246524.0,10208182162.0,0.0,0.0,,0.0,0.0,0.0
2025-05-02,42.0,0.0,0.0,43.0,42.0,43.0,1.0,1244600.0,52374400.0,82.0,85.1,43.0,174900.0,42.0,499400.0,11307246524.0,11307246524.0,10208182162.0,17500.0,0.0,,0.0,0.0,0.0
2025-05-05,43.0,0.0,0.0,46.0,43.0,44.0,1.0,1851300.0,82286100.0,105.0,87.1,44.0,155500.0,43.0,173000.0,11307246524.0,11307246524.0,10208182162.0,0.0,0.0,,0.0,0.0,0.0
2025-05-06,44.0,0.0,0.0,48.0,46.0,46.0,2.0,2262500.0,106165700.0,92.0,91.0,46.0,1761000.0,45.0,11500.0,11307246524.0,11307246524.0,10208182162.0,0.0,0.0,,0.0,0.0,0.0
2025-05-07,46.0,0.0,0.0,46.0,44.0,44.0,-2.0,1417600.0,64320900.0,82.0,87.1,44.0,1084500.0,43.0,236500.0,11307246524.0,11307246524.0,10208182162.0,0.0,0.0,,0.0,0.0,0.0
2025-05-08,44.0,0.0,0.0,44.0,42.0,44.0,0.0,2945900.0,128104800.0,87.0,87.1,44.0,1143300.0,42.0,540000.0,11307246524.0,11307246524.0,10208182162.0,0.0,0.0,,0.0,0.0,0.0
2025-05-09,44.0,0.0,0.0,44.0,40.0,40.0,-4.0,4179000.0,170346700.0,67.0,79.1,43.0,479500.0,40.0,2262300.0,11307246524.0,11307246524.0,10208182162.0,0.0,0.0,,0.0,0.0,0.0
2025-05-14,40.0,0.0,0.0,41.0,40.0,40.0,0.0,2961500.0,118554700.0,122.0,79.1,40.0,17600.0,39.0,230200.0,11307246524.0,11307246524.0,10208182162.0,0.0,0.0,,0.0,0.0,0.0
2025-05-15,40.0,0.0,0.0,41.0,40.0,40.0,0.0,772000.0,30925900.0,63.0,79.1,41.0,301900.0,40.0,500900.0,11307246524.0,11307246524.0,10208182162.0,0.0,0.0,,0.0,0.0,0.0
2025-05-16,40.0,0.0,0.0,40.0,39.0,39.0,-1.0,1934100.0,76791000.0,70.0,77.2,40.0,200000.0,38.0,2000.0,11307246524.0,11307246524.0,10208182162.0,0.0,0.0,,0.0,0.0,0.0
2025-05-19,39.0,0.0,0.0,39.0,39.0,39.0,0.0,2138300.0,83393700.0,66.0,77.2,40.0,116700.0,39.0,8511500.0,11307246524.0,11307246524.0,10208182162.0,0.0,0.0,,0.0,0.0,0.0
2025-05-20,39.0,0.0,0.0,42.0,42.0,42.0,3.0,4338600.0,182221200.0,78.0,83.1,0.0,0.0,42.0,785500.0,11307246524.0,11307246524.0,10208182162.0,0.0,0.0,,0.0,0.0,0.0
2025-05-21,42.0,0.0,0.0,46.0,46.0,46.0,4.0,6718100.0,309032600.0,82.0,91.0,0.0,0.0,46.0,16838400.0,11307246524.0,11307246524.0,10208182162.0,0.0,0.0,,0.0,0.0,0.0
2025-05-22,46.0,0.0,0.0,50.0,50.0,50.0,4.0,5997900.0,299895000.0,91.0,98.9,0.0,0.0,50.0,20107200.0,11307246524.0,11307246524.0,10208182162.0,0.0,0.0,,0.0,0.0,0.0
2025-05-23,50.0,0.0,0.0,55.0,50.0,55.0,5.0,11091300.0,588161500.0,210.0,108.8,55.0,10466400.0,53.0,1000.0,11307246524.0,11307246524.0,10208182162.0,0.0,0.0,,0.0,0.0,0.0
2025-05-26,55.0,0.0,0.0,60.0,55.0,55.0,0.0,20430000.0,1153650000.0,175.0,108.8,55.0,4911100.0,54.0,44900.0,11307246524.0,11307246524.0,10208182162.0,0.0,0.0,,0.0,0.0,0.0
2025-05-27,55.0,0.0,0.0,55.0,50.0,50.0,-5.0,1992800.0,103534500.0,72.0,98.9,50.0,40563700.0,0.0,0.0,11307246524.0,11307246524.0,10208182162.0,0.0,0.0,,0.0,0.0,0.0
2025-05-28,50.0,0.0,0.0,45.0,45.0,45.0,-5.0,8826700.0,397201500.0,135.0,89.0,49.0,179500.0,45.0,5075900.0,11307246524.0,11307246524.0,10208182162.0,0.0,0.0,,0.0,0.0,0.0
2025-06-02,45.0,0.0,0.0,49.0,45.0,49.0,4.0,4226700.0,195786700.0,110.0,96.9,49.0,222900.0,45.0,9800.0,11307246524.0,11307246524.0,10208182162.0,0.0,0.0,,0.0,0.0,0.0
2025-06-03,49.0,0.0,0.0,49.0,48.0,48.0,-1.0,1206500.0,58239400.0,76.0,95.0,48.0,248000.0,46.0,30500.0,11307246524.0,11307246524.0,10208182162.0,0.0,0.0,,0.0,0.0,0.0
2025-06-04,48.0,0.0,0.0,47.0,45.0,45.0,-3.0,748500.0,34524700.0,63.0,89.0,46.0,348100.0,45.0,334100.0,11307246524.0,11307246524.0,10208182162.0,0.0,0.0,,0.0,0.0,0.0
2025-06-05,45.0,0.0,0.0,46.0,44.0,46.0,1.0,1321500.0,59835700.0,49.0,91.0,46.0,180500.0,45.0,316800.0,11307246524.0,11307246524.0,10208182162.0,0.0,0.0,,0.0,0.0,0.0
2025-06-10,46.0,0.0,0.0,46.0,45.0,46.0,0.0,1153600.0,52740000.0,61.0,91.0,46.0,573700.0,45.0,135900.0,11307246524.0,11307246524.0,10208182162.0,0.0,0.0,,0.0,0.0,0.0
2025-06-11,46.0,0.0,0.0,45.0,44.0,45.0,-1.0,1748400.0,78507900.0,71.0,89.0,45.0,1226400.0,44.0,93500.0,11307246524.0,11307246524.0,10208182162.0,0.0,0.0,,0.0,0.0,0.0
2025-06-12,45.0,0.0,0.0,45.0,45.0,45.0,0.0,1980100.0,89104500.0,49.0,89.0,45.0,1157100.0,44.0,60300.0,11307246524.0,11307246524.0,10208182162.0,0.0,0.0,,0.0,0.0,0.0
2025-06-13,45.0,0.0,0.0,45.0,44.0,44.0,-1.0,782800.0,34463700.0,40.0,87.1,44.0,2404600.0,43.0,123200.0,11307246524.0,11307246524.0,10208182162.0,0.0,0.0,,0.0,0.0,0.0
2025-06-16,44.0,0.0,0.0,42.0,41.0,42.0,-2.0,2513800.0,103320400.0,101.0,83.1,42.0,307100.0,41.0,19500.0,11307246524.0,11307246524.0,10208182162.0,0.0,0.0,,0.0,0.0,0.0
2025-06-17,42.0,0.0,0.0,42.0,38.0,38.0,-4.0,18031600.0,725611600.0,154.0,75.2,38.0,2924300.0,0.0,0.0,11307246524.0,11307246524.0,10208182162.0,0.0,0.0,,0.0,0.0,0.0
2025-06-18,38.0,0.0,0.0,36.0,35.0,35.0,-3.0,7169800.0,251493100.0,128.0,69.2,36.0,120100.0,35.0,10314700.0,11307246524.0,11307246524.0,10208182162.0,0.0,0.0,,0.0,0.0,0.0
2025-06-19,35.0,0.0,0.0,36.0,35.0,36.0,1.0,1736900.0,61686500.0,50.0,71.2,37.0,367100.0,36.0,10518700.0,11307246524.0,11307246524.0,10208182162.0,0.0,0.0,,0.0,0.0,0.0
2025-06-20,36.0,0.0,0.0,35.0,34.0,34.0,-2.0,1219700.0,42318000.0,85.0,67.3,34.0,2047300.0,33.0,247000.0,11307246524.0,11307246524.0,10208182162.0,0.0,0.0,,0.0,0.0,0.0
2025-06-23,34.0,0.0,0.0,33.0,31.0,31.0,-3.0,3538500.0,111435700.0,88.0,61.3,32.0,1574000.0,31.0,3605400.0,11307246524.0,11307246524.0,10208182162.0,0.0,0.0,,0.0,0.0,0.0
2025-06-24,31.0,0.0,0.0,32.0,31.0,32.0,1.0,2283400.0,72710700.0,61.0,63.3,33.0,202000.0,32.0,2333100.0,11307246524.0,11307246524.0,10208182162.0,0.0,0.0,,0.0,0.0,0.0
2025-06-25,32.0,0.0,0.0,32.0,31.0,31.0,-1.0,861200.0,26819700.0,48.0,61.3,32.0,1156900.0,31.0,303000.0,11307246524.0,11307246524.0,10208182162.0,0.0,0.0,,0.0,0.0,0.0
2025-06-26,31.0,0.0,0.0,32.0,31.0,32.0,1.0,915600.0,28904000.0,37.0,63.3,32.0,246900.0,31.0,15300.0,11307246524.0,11307246524.0,10208182162.0,0.0,0.0,,0.0,0.0,0.0
2025-06-30,32.0,0.0,0.0,32.0,31.0,32.0,0.0,638900.0,19878400.0,43.0,63.3,32.0,317900.0,31.0,143200.0,11307246524.0,11307246524.0,10208182162.0,0.0,0.0,,0.0,0.0,0.0
2025-07-01,32.0,0.0,0.0,35.0,33.0,35.0,3.0,3556600.0,122960400.0,62.0,69.2,0.0,0.0,35.0,2071000.0,11307246524.0,11307246524.0,10208182162.0,0.0,0.0,,0.0,0.0,0.0
2025-07-02,35.0,0.0,0.0,38.0,38.0,38.0,3.0,4739300.0,180093400.0,52.0,75.2,0.0,0.0,38.0,1809400.0,11307246524.0,11307246524.0,10208182162.0,337800.0,0.0,,0.0,0.0,0.0
2025-07-03,38.0,0.0,0.0,39.0,35.0,39.0,1.0,2893600.0,109004400.0,97.0,77.2,39.0,479600.0,38.0,51300.0,11307246524.0,11307246524.0,10208182162.0,0.0,0.0,,0.0,0.0,0.0
2025-07-04,39.0,0.0,0.0,39.0,38.0,38.0,-1.0,716300.0,27403100.0,43.0,75.2,38.0,35800.0,37.0,258600.0,11307246524.0,11307246524.0,10208182162.0,0.0,0.0,,0.0,0.0,0.0
2025-07-07,38.0,0.0,0.0,37.0,37.0,37.0,-1.0,58700.0,2171900.0,26.0,73.2,37.0,541600.0,36.0,50500.0,11307246524.0,11307246524.0,10208182162.0,0.0,0.0,,0.0,0.0,0.0
2025-07-08,37.0,0.0,0.0,37.0,34.0,34.0,-3.0,830900.0,28991600.0,43.0,67.3,36.0,638100.0,34.0,6700.0,11307246524.0,11307246524.0,10208182162.0,0.0,0.0,,0.0,0.0,0.0
2025-07-09,34.0,0.0,0.0,35.0,34.0,35.0,1.0,748200.0,25963200.0,53.0,69.2,35.0,588100.0,34.0,273400.0,11307246524.0,11307246524.0,10208182162.0,0.0,0.0,,0.0,0.0,0.0
2025-07-10,35.0,0.0,0.0,35.0,35.0,35.0,0.0,1117900.0,39126500.0,48.0,69.2,36.0,51700.0,35.0,94700.0,11307246524.0,11307246524.0,10208182162.0,0.0,0.0,,0.0,0.0,0.0
2025-07-11,35.0,0.0,0.0,34.0,34.0,34.0,-1.0,738400.0,25105600.0,47.0,67.3,35.0,13400.0,34.0,331100.0,11307246524.0,11307246524.0,10208182162.0,0.0,0.0,,0.0,0.0,0.0
2025-07-14,34.0,0.0,0.0,34.0,34.0,34.0,0.0,986700.0,33547800.0,64.0,67.3,34.0,765800.0,33.0,310000.0,11307246524.0,11307246524.0,10208182162.0,0.0,0.0,,0.0,0.0,0.0
2025-07-15,34.0,0.0,0.0,34.0,33.0,33.0,-1.0,973600.0,32670600.0,43.0,65.3,33.0,777800.0,32.0,42600.0,11307246524.0,11307246524.0,10208182162.0,0.0,0.0,,0.0,0.0,0.0
2025-07-16,33.0,0.0,0.0,32.0,32.0,32.0,-1.0,1444800.0,46233600.0,84.0,63.3,33.0,272400.0,32.0,175700.0,11307246524.0,11307246524.0,10208182162.0,0.0,0.0,,0.0,0.0,0.0
2025-07-17,32.0,0.0,0.0,32.0,31.0,32.0,0.0,791100.0,24535100.0,55.0,63.3,32.0,111200.0,31.0,1154300.0,11307246524.0,11307246524.0,10208182162.0,0.0,0.0,,0.0,0.0,0.0
2025-07-18,32.0,0.0,0.0,32.0,32.0,32.0,0.0,1104000.0,35328000.0,58.0,63.3,32.0,1121400.0,31.0,906700.0,11307246524.0,11307246524.0,10208182162.0,0.0,0.0,,0.0,0.0,0.0
2025-07-21,32.0,0.0,0.0,34.0,32.0,34.0,2.0,998800.0,32172400.0,65.0,67.3,35.0,49300.0,34.0,132600.0,11307246524.0,11307246524.0,10208182162.0,0.0,0.0,,0.0,0.0,0.0
2025-07-22,34.0,0.0,0.0,37.0,34.0,37.0,3.0,3153800.0,114240000.0,92.0,73.2,37.0,989300.0,36.0,118300.0,11307246524.0,11307246524.0,10208182162.0,0.0,0.0,,0.0,0.0,0.0
2025-07-23,37.0,0.0,0.0,37.0,35.0,35.0,-2.0,4286000.0,153764000.0,60.0,69.2,35.0,6260000.0,34.0,740800.0,11307246524.0,11307246524.0,10208182162.0,0.0,0.0,,0.0,0.0,0.0
2025-07-24,35.0,0.0,0.0,34.0,33.0,34.0,-1.0,852800.0,28892900.0,44.0,67.3,34.0,49208000.0,33.0,135900.0,11307246524.0,11307246524.0,10208182162.0,0.0,0.0,,0.0,0.0,0.0
2025-07-25,34.0,0.0,0.0,33.0,32.0,32.0,-2.0,3930100.0,127253700.0,94.0,63.3,32.0,275500.0,31.0,1493300.0,11307246524.0,11307246524.0,10208182162.0,0.0,0.0,,0.0,0.0,0.0
2025-07-28,32.0,0.0,0.0,33.0,32.0,33.0,1.0,5808400.0,187394800.0,118.0,65.3,34.0,136100.0,33.0,291200.0,11307246524.0,11307246524.0,10208182162.0,0.0,0.0,,0.0,0.0,0.0
2025-07-29,33.0,0.0,0.0,36.0,36.0,36.0,3.0,3945000.0,142020000.0,97.0,71.2,0.0,0.0,36.0,7395500.0,11307246524.0,11307246524.0,10208182162.0,0.0,0.0,,0.0,0.0,0.0
2025-07-30,36.0,0.0,0.0,37.0,36.0,37.0,1.0,4834100.0,174321100.0,163.0,73.2,37.0,2161000.0,36.0,294900.0,11307246524.0,11307246524.0,10208182162.0,0.0,0.0,,0.0,0.0,0.0
2025-07-31,37.0,0.0,0.0,37.0,35.0,37.0,0.0,5380100.0,195505700.0,139.0,73.2,38.0,1400500.0,37.0,1191900.0,11307246524.0,11307246524.0,10208182162.0,0.0,0.0,,0.0,0.0,0.0
2025-08-01,37.0,0.0,0.0,40.0,40.0,40.0,3.0,10202800.0,408112000.0,95.0,79.1,0.0,0.0,40.0,176152400.0,11307246524.0,11307246524.0,10208182162.0,0.0,0.0,,0.0,0.0,0.0
2025-08-04,40.0,0.0,0.0,44.0,44.0,44.0,4.0,7990900.0,351599600.0,84.0,87.1,0.0,0.0,44.0,131634300.0,11307246524.0,11307246524.0,10208182162.0,0.0,0.0,,0.0,0.0,0.0
2025-08-05,44.0,0.0,0.0,48.0,48.0,48.0,4.0,10270600.0,492988800.0,62.0,95.0,0.0,0.0,48.0,120590700.0,11307246524.0,11307246524.0,10208182162.0,0.0,0.0,,0.0,0.0,0.0
2025-08-06,48.0,0.0,0.0,52.0,52.0,52.0,4.0,7555700.0,392896400.0,101.0,102.9,0.0,0.0,52.0,148672800.0,11307246524.0,11307246524.0,10208182162.0,0.0,0.0,,0.0,0.0,0.0
2025-08-07,52.0,0.0,0.0,57.0,57.0,57.0,5.0,10718000.0,610926000.0,98.0,112.8,0.0,0.0,57.0,134110100.0,11307246524.0,11307246524.0,10208182162.0,0.0,0.0,,11271800.0,529774600.0,1.0
2025-08-08,57.0,0.0,0.0,62.0,62.0,62.0,5.0,43938700.0,2724199400.0,180.0,122.7,0.0,0.0,62.0,154830400.0,11307246524.0,11307246524.0,10208182162.0,0.0,0.0,,0.0,0.0,0.0
2025-08-11,62.0,0.0,0.0,68.0,68.0,68.0,6.0,8806800.0,598862400.0,114.0,134.5,0.0,0.0,68.0,182006900.0,11307246524.0,11307246524.0,10208182162.0,0.0,0.0,,1900000.0,129200000.0,1.0
2025-08-12,68.0,0.0,0.0,74.0,74.0,74.0,6.0,26792500.0,1982645000.0,147.0,146.4,0.0,0.0,74.0,207811000.0,11307246524.0,11307246524.0,10208182162.0,0.0,0.0,,11872500.0,903405000.0,4.0
2025-08-13,74.0,0.0,0.0,81.0,81.0,81.0,7.0,13044800.0,1056628800.0,130.0,160.3,0.0,0.0,81.0,171595000.0,11307246524.0,11307246524.0,10208182162.0,0.0,0.0,,3040000.0,286760000.0,3.0
2025-08-14,81.0,0.0,0.0,89.0,89.0,89.0,8.0,221663300.0,19728033700.0,903.0,176.1,0.0,0.0,89.0,24859800.0,11307246524.0,11307246524.0,10208182162.0,1500000.0,160000.0,,1401500.0,131559000.0,4.0
2025-08-15,89.0,0.0,0.0,97.0,81.0,81.0,-8.0,191150900.0,18035435300.0,1871.0,160.3,86.0,500000.0,81.0,8697000.0,11307246524.0,11307246524.0,10208182162.0,0.0,600000.0,,2000000.0,218000000.0,1.0
2025-08-19,81.0,0.0,0.0,89.0,77.0,89.0,8.0,76078500.0,6243171200.0,1003.0,176.1,0.0,0.0,89.0,34558600.0,11307246524.0,11307246524.0,10208182162.0,100000.0,0.0,,0.0,0.0,0.0
2025-08-20,89.0,0.0,0.0,89.0,82.0,82.0,-7.0,54238400.0,4637016200.0,808.0,162.2,83.0,500.0,82.0,13300.0,11307246524.0,11307246524.0,10208182162.0,0.0,0.0,,0.0,0.0,0.0
2025-08-21,82.0,0.0,0.0,84.0,82.0,82.0,0.0,15048800.0,1247341800.0,411.0,162.2,82.0,163400.0,81.0,7053200.0,11307246524.0,11307246524.0,10208182162.0,0.0,0.0,,0.0,0.0,0.0
2025-08-22,82.0,0.0,0.0,81.0,78.0,78.0,-4.0,17770800.0,1406208300.0,470.0,154.3,79.0,195000.0,78.0,354200.0,11307246524.0,11307246524.0,10208182162.0,0.0,0.0,,0.0,0.0,0.0
2025-08-25,78.0,0.0,0.0,85.0,76.0,85.0,7.0,48613100.0,4033938400.0,619.0,168.2,85.0,476900.0,84.0,466500.0,11307246524.0,11307246524.0,10208182162.0,0.0,0.0,,129.0,10836.0,3.0
2025-08-26,85.0,0.0,0.0,84.0,80.0,80.0,-5.0,19269600.0,1589069700.0,509.0,158.3,81.0,100.0,80.0,3831200.0,11307246524.0,11307246524.0,10208182162.0,0.0,0.0,,0.0,0.0,0.0
2025-08-27,80.0,0.0,0.0,87.0,84.0,84.0,4.0,20798600.0,1791902400.0,418.0,166.2,85.0,8054600.0,84.0,1833900.0,11307246524.0,11307246524.0,10208182162.0,500000.0,0.0,,0.0,0.0,0.0
2025-08-28,84.0,0.0,0.0,84.0,80.0,84.0,0.0,34172700.0,2861447200.0,438.0,166.2,85.0,2020100.0,84.0,16591500.0,11307246524.0,11307246524.0,10208182162.0,0.0,0.0,,0.0,0.0,0.0
2025-08-29,84.0,0.0,0.0,84.0,77.0,78.0,-6.0,19155400.0,1528913800.0,346.0,154.3,80.0,2700.0,78.0,6579700.0,11307246524.0,11307246524.0,10208182162.0,0.0,0.0,,0.0,0.0,0.0
2025-09-01,78.0,0.0,0.0,72.0,71.0,72.0,-6.0,32584000.0,2330297800.0,555.0,142.4,73.0,21700.0,72.0,6452200.0,11307246524.0,11307246524.0,10208182162.0,0.0,0.0,,0.0,0.0,0.0
2025-09-02,72.0,0.0,0.0,79.0,79.0,79.0,7.0,20854700.0,1647521300.0,386.0,156.3,79.0,392800.0,78.0,1467900.0,11307246524.0,11307246524.0,10208182162.0,0.0,0.0,,0.0,0.0,0.0
2025-09-03,79.0,0.0,0.0,79.0,78.0,78.0,-1.0,9618200.0,752422100.0,239.0,154.3,78.0,71400.0,77.0,17000.0,11307246524.0,11307246524.0,10208182162.0,0.0,0.0,,0.0,0.0,0.0
2025-09-04,78.0,0.0,0.0,78.0,73.0,78.0,0.0,15738100.0,1191260300.0,429.0,154.3,78.0,489200.0,77.0,154300.0,11307246524.0,11307246524.0,10208182162.0,0.0,0.0,,0.0,0.0,0.0
2025-09-08,78.0,0.0,0.0,83.0,81.0,81.0,3.0,13460200.0,1109375200.0,261.0,160.3,81.0,3912400.0,80.0,304700.0,11307246524.0,11307246524.0,10208182162.0,0.0,0.0,,0.0,0.0,0.0
2025-09-09,81.0,0.0,0.0,76.0,74.0,74.0,-7.0,10223200.0,758040800.0,276.0,146.4,74.0,1592600.0,73.0,1204300.0,11307246524.0,11307246524.0,10208182162.0,0.0,0.0,,0.0,0.0,0.0
2025-09-10,74.0,0.0,0.0,73.0,73.0,73.0,-1.0,5839000.0,426247000.0,200.0,144.4,73.0,10862500.0,72.0,782500.0,11307246524.0,11307246524.0,10208182162.0,0.0,0.0,,0.0,0.0,0.0
2025-09-11,73.0,0.0,0.0,73.0,71.0,71.0,-2.0,17297900.0,1236140300.0,235.0,140.5,72.0,2265800.0,71.0,11601700.0,11307246524.0,11307246524.0,10208182162.0,0.0,0.0,,0.0,0.0,0.0
2025-09-12,71.0,0.0,0.0,78.0,72.0,78.0,7.0,23930800.0,1837870500.0,266.0,154.3,0.0,0.0,78.0,35436400.0,11307246524.0,11307246524.0,10208182162.0,0.0,0.0,,0.0,0.0,0.0
2025-09-15,78.0,0.0,0.0,85.0,85.0,85.0,7.0,63234900.0,5374966500.0,462.0,168.2,0.0,0.0,85.0,106261900.0,11307246524.0,11307246524.0,10208182162.0,0.0,0.0,,0.0,0.0,0.0
2025-09-16,85.0,0.0,0.0,93.0,93.0,93.0,8.0,47992400.0,4463293200.0,270.0,184.0,0.0,0.0,93.0,104161200.0,11307246524.0,11307246524.0,10208182162.0,0.0,0.0,,705200.0,60647200.0,2.0
2025-09-17,93.0,0.0,0.0,84.0,84.0,84.0,-9.0,60097300.0,5048173200.0,620.0,166.2,84.0,49851300.0,0.0,0.0,11307246524.0,11307246524.0,10208182162.0,0.0,508600.0,,0.0,0.0,0.0
2025-09-18,84.0,0.0,0.0,79.0,76.0,76.0,-8.0,80499700.0,6166911700.0,831.0,150.4,78.0,5000.0,76.0,85841700.0,11307246524.0,11307246524.0,10208182162.0,0.0,0.0,,35.0,2380.0,1.0
2025-09-19,76.0,0.0,0.0,76.0,70.0,70.0,-6.0,40051200.0,2852732400.0,604.0,138.5,71.0,5800.0,70.0,65216900.0,11307246524.0,11307246524.0,10208182162.0,0.0,0.0,,0.0,0.0,0.0
2025-09-22,70.0,0.0,0.0,77.0,77.0,77.0,7.0,16723700.0,1287724900.0,242.0,152.3,0.0,0.0,77.0,39371700.0,11307246524.0,11307246524.0,10208182162.0,0.0,0.0,,2482234.0,193614252.0,1.0
2025-09-23,77.0,0.0,0.0,84.0,80.0,83.0,6.0,36166800.0,2996062800.0,505.0,164.2,83.0,4479600.0,82.0,1056000.0,11307246524.0,11307246524.0,10208182162.0,0.0,0.0,,0.0,0.0,0.0
2025-09-24,83.0,0.0,0.0,80.0,75.0,75.0,-8.0,29822000.0,2245013500.0,592.0,148.4,75.0,14680700.0,0.0,0.0,11307246524.0,11307246524.0,10208182162.0,0.0,0.0,,450000000.0,13500000000.0,1.0
2025-09-25,75.0,0.0,0.0,78.0,74.0,78.0,3.0,23973500.0,1795086400.0,429.0,154.3,79.0,1209200.0,78.0,607800.0,11307246524.0,11307246524.0,10208182162.0,0.0,0.0,,0.0,0.0,0.0
2025-09-26,78.0,0.0,0.0,78.0,75.0,75.0,-3.0,10518800.0,806238900.0,281.0,148.4,77.0,411400.0,75.0,729400.0,11307246524.0,11307246524.0,10208182162.0,0.0,0.0,,0.0,0.0,0.0
2025-09-29,75.0,0.0,0.0,77.0,75.0,77.0,2.0,18919300.0,1445732000.0,267.0,152.3,77.0,2784200.0,76.0,7764900.0,11307246524.0,11307246524.0,10208182162.0,0.0,0.0,,0.0,0.0,0.0
2025-09-30,77.0,0.0,0.0,75.0,74.0,74.0,-3.0,10847400.0,809662700.0,242.0,146.4,75.0,1294100.0,74.0,106000.0,11307246524.0,11307246524.0,10208182162.0,0.0,0.0,,0.0,0.0,0.0
2025-10-01,74.0,0.0,0.0,81.0,75.0,81.0,7.0,34571600.0,2749647800.0,429.0,160.3,0.0,0.0,81.0,116271000.0,11307246524.0,11307246524.0,10635596080.0,0.0,0.0,,0.0,0.0,0.0
2025-10-02,81.0,0.0,0.0,89.0,87.0,87.0,6.0,49032800.0,4354169200.0,777.0,172.1,87.0,2010900.0,85.0,1000.0,11307246524.0,11307246524.0,10635596080.0,0.0,100000.0,,0.0,0.0,0.0
2025-10-03,87.0,0.0,0.0,95.0,87.0,95.0,8.0,48786700.0,4481392900.0,922.0,188.0,95.0,19356900.0,94.0,103000.0,11307246524.0,11307246524.0,10635596080.0,100000.0,0.0,,0.0,0.0,0.0
2025-10-06,95.0,0.0,0.0,104.0,104.0,104.0,9.0,129760000.0,13495040000.0,2809.0,205.8,104.0,46903900.0,103.0,152600.0,11307246524.0,11307246524.0,10635596080.0,0.0,0.0,,0.0,0.0,0.0
2025-10-07,104.0,0.0,0.0,103.0,94.0,94.0,-10.0,63688500.0,6261366600.0,2258.0,186.0,94.0,29496500.0,0.0,0.0,11307246524.0,11307246524.0,10635596080.0,0.0,2000000.0,,0.0,0.0,0.0
2025-10-08,94.0,0.0,0.0,90.0,85.0,90.0,-4.0,44159200.0,3878490500.0,1390.0,178.1,90.0,750200.0,89.0,10600.0,11307246524.0,11307246524.0,10635596080.0,508600.0,100000.0,,587269.0,51524251.0,2.0
2025-10-09,90.0,0.0,0.0,91.0,83.0,83.0,-7.0,30298300.0,2682022500.0,866.0,164.2,84.0,100000.0,83.0,766000.0,11307246524.0,11307246524.0,10635596080.0,0.0,1150000.0,,0.0,0.0,0.0
2025-10-10,83.0,0.0,0.0,83.0,79.0,79.0,-4.0,29734900.0,2398199900.0,1019.0,156.3,80.0,2100.0,79.0,106384400.0,11307246524.0,11307246524.0,10635596080.0,3100000.0,0.0,,0.0,0.0,0.0
2025-10-13,79.0,0.0,0.0,86.0,86.0,86.0,7.0,34216300.0,2942601800.0,911.0,170.1,86.0,1434900.0,85.0,848100.0,11307246524.0,11307246524.0,10635596080.0,0.0,0.0,,0.0,0.0,0.0
2025-10-14,86.0,0.0,0.0,86.0,80.0,80.0,-6.0,16448100.0,1335522000.0,617.0,158.3,81.0,1078300.0,80.0,799400.0,11307246524.0,11307246524.0,10635596080.0,160000.0,0.0,,0.0,0.0,0.0
2025-10-15,80.0,0.0,0.0,75.0,74.0,74.0,-6.0,27178900.0,2020305100.0,567.0,146.4,75.0,2129100.0,74.0,8740700.0,11307246524.0,11307246524.0,10635596080.0,0.0,0.0,,0.0,0.0,0.0
2025-10-16,74.0,0.0,0.0,78.0,73.0,78.0,4.0,12255000.0,938482200.0,422.0,154.3,78.0,1703200.0,77.0,37600.0,11307246524.0,11307246524.0,10635596080.0,0.0,0.0,,0.0,0.0,0.0
2025-10-17,78.0,0.0,0.0,82.0,75.0,79.0,1.0,6260300.0,501178900.0,306.0,156.3,79.0,2095000.0,78.0,27000.0,11307246524.0,11307246524.0,10635596080.0,0.0,0.0,,0.0,0.0,0.0
2025-10-20,79.0,0.0,0.0,84.0,76.0,84.0,5.0,9200400.0,711590800.0,331.0,166.2,84.0,2649400.0,80.0,7000.0,11307246524.0,11307246524.0,10635596080.0,0.0,0.0,,0.0,0.0,0.0
2025-10-21,84.0,0.0,0.0,81.0,79.0,81.0,-3.0,5282000.0,425170200.0,272.0,160.3,81.0,4152800.0,80.0,19900.0,11307246524.0,11307246524.0,10635596080.0,0.0,0.0,,0.0,0.0,0.0
2025-10-22,81.0,0.0,0.0,79.0,76.0,76.0,-5.0,9176000.0,699298900.0,279.0,150.4,77.0,920600.0,76.0,20000.0,11307246524.0,11307246524.0,10635596080.0,0.0,0.0,,0.0,0.0,0.0
2025-10-23,76.0,0.0,0.0,83.0,78.0,83.0,7.0,63138800.0,5090143400.0,389.0,164.2,0.0,0.0,83.0,172951900.0,11307246524.0,11307246524.0,10635596080.0,0.0,0.0,,0.0,0.0,0.0
2025-10-24,83.0,0.0,0.0,88.0,78.0,79.0,-4.0,15999900.0,1349146600.0,437.0,156.3,80.0,79700.0,79.0,1024700.0,11307246524.0,11307246524.0,10635596080.0,0.0,0.0,,0.0,0.0,0.0
2025-10-27,79.0,0.0,0.0,79.0,76.0,79.0,0.0,12176300.0,939366200.0,320.0,156.3,79.0,259300.0,78.0,1000.0,11307246524.0,11307246524.0,10635596080.0,0.0,0.0,,0.0,0.0,0.0
2025-10-28,79.0,0.0,0.0,79.0,76.0,76.0,-3.0,5227100.0,401376500.0,168.0,150.4,77.0,17400.0,76.0,6573400.0,11307246524.0,11307246524.0,10635596080.0,0.0,0.0,,0.0,0.0,0.0
2025-10-29,76.0,0.0,0.0,76.0,75.0,75.0,-1.0,6614500.0,497525800.0,256.0,148.4,75.0,5063900.0,74.0,267600.0,11307246524.0,11307246524.0,10635596080.0,0.0,0.0,,0.0,0.0,0.0
2025-10-30,75.0,0.0,0.0,79.0,75.0,79.0,4.0,13470700.0,1038872500.0,250.0,156.3,80.0,32100.0,79.0,273800.0,11307246524.0,11307246524.0,10635596080.0,0.0,0.0,,0.0,0.0,0.0
2025-10-31,79.0,0.0,0.0,80.0,79.0,79.0,0.0,6205800.0,493629800.0,226.0,156.3,79.0,1902200.0,78.0,130400.0,11307246524.0,11307246524.0,10635596080.0,0.0,0.0,,0.0,0.0,0.0
2025-11-04,79.0,0.0,0.0,79.0,75.0,78.0,-1.0,12184800.0,931338800.0,271.0,154.3,79.0,2089200.0,76.0,113900.0,11307246524.0,11307246524.0,10635596080.0,0.0,0.0,,0.0,0.0,0.0
2025-11-05,78.0,0.0,0.0,76.0,75.0,76.0,-2.0,9402400.0,706989700.0,200.0,150.4,76.0,69700.0,75.0,1287500.0,11307246524.0,11307246524.0,10635596080.0,0.0,0.0,,0.0,0.0,0.0
2025-11-06,76.0,0.0,0.0,75.0,74.0,74.0,-2.0,11242800.0,838378000.0,267.0,146.4,74.0,250000.0,73.0,68400.0,11307246524.0,11307246524.0,10635596080.0,0.0,0.0,,0.0,0.0,0.0
2025-11-07,74.0,0.0,0.0,78.0,71.0,76.0,2.0,7275800.0,548339900.0,332.0,150.4,76.0,441100.0,75.0,36032200.0,11307246524.0,11307246524.0,10635596080.0,0.0,0.0,,0.0,0.0,0.0
2025-11-10,76.0,0.0,0.0,76.0,75.0,75.0,-1.0,6121300.0,461389300.0,262.0,148.4,75.0,12013500.0,74.0,830400.0,11307246524.0,11307246524.0,10635596080.0,0.0,0.0,,0.0,0.0,0.0
2025-11-11,75.0,0.0,0.0,74.0,70.0,70.0,-5.0,19586800.0,1401628600.0,437.0,138.5,74.0,612600.0,70.0,41810300.0,11307246524.0,11307246524.0,10635596080.0,0.0,0.0,,0.0,0.0,0.0
2025-11-12,70.0,0.0,0.0,70.0,69.0,70.0,0.0,13870200.0,969710000.0,381.0,138.5,70.0,10691200.0,69.0,2939700.0,11307246524.0,11307246524.0,10635596080.0,0.0,0.0,,0.0,0.0,0.0
2025-11-13,70.0,0.0,0.0,70.0,68.0,70.0,0.0,11598200.0,803626800.0,305.0,138.5,70.0,8052700.0,69.0,14448800.0,11307246524.0,11307246524.0,10635596080.0,0.0,0.0,,0.0,0.0,0.0
2025-11-14,70.0,0.0,0.0,72.0,70.0,72.0,2.0,10398000.0,734090300.0,222.0,142.4,72.0,2996300.0,71.0,22710600.0,11307246524.0,11307246524.0,10635596080.0,0.0,0.0,,0.0,0.0,0.0
2025-11-17,72.0,0.0,0.0,76.0,73.0,76.0,4.0,14909800.0,1120910500.0,418.0,150.4,76.0,8832800.0,75.0,65245100.0,11307246524.0,11307246524.0,10635596080.0,0.0,0.0,,0.0,0.0,0.0
2025-11-18,76.0,0.0,0.0,76.0,73.0,74.0,-2.0,8704300.0,650302700.0,283.0,146.4,74.0,2175400.0,73.0,20383900.0,11307246524.0,11307246524.0,10635596080.0,0.0,0.0,,0.0,0.0,0.0
2025-11-19,74.0,0.0,0.0,73.0,72.0,73.0,-1.0,4654500.0,338312400.0,215.0,144.4,73.0,3898000.0,72.0,12251100.0,11307246524.0,11307246524.0,10635596080.0,0.0,0.0,,0.0,0.0,0.0
2025-11-20,73.0,0.0,0.0,73.0,72.0,73.0,0.0,6316600.0,460236100.0,175.0,144.4,73.0,1327600.0,72.0,26477400.0,11307246524.0,11307246524.0,10635596080.0,0.0,0.0,,0.0,0.0,0.0
2025-11-21,73.0,0.0,0.0,76.0,72.0,76.0,3.0,13696300.0,1016806800.0,267.0,150.4,76.0,2460600.0,75.0,46930200.0,11307246524.0,11307246524.0,10635596080.0,0.0,0.0,,0.0,0.0,0.0
2025-11-24,76.0,0.0,0.0,76.0,73.0,73.0,-3.0,22180900.0,1645609300.0,414.0,144.4,74.0,1550300.0,73.0,155648500.0,11307246524.0,11307246524.0,10635596080.0,0.0,0.0,,0.0,0.0,0.0
2025-11-25,73.0,0.0,0.0,76.0,75.0,76.0,3.0,16704100.0,1260004100.0,362.0,150.4,76.0,349400.0,75.0,22858300.0,11307246524.0,11307246524.0,10635596080.0,0.0,0.0,,0.0,0.0,0.0
2025-11-26,76.0,0.0,0.0,83.0,79.0,83.0,7.0,32362100.0,2667729100.0,574.0,164.2,0.0,0.0,83.0,104953000.0,11307246524.0,11307246524.0,10635596080.0,0.0,0.0,,3.0,33.0,1.0
2025-11-27,83.0,0.0,0.0,91.0,91.0,91.0,8.0,35828500.0,3260393500.0,435.0,180.0,0.0,0.0,91.0,270317500.0,11307246524.0,11307246524.0,10635596080.0,0.0,0.0,,0.0,0.0,0.0
2025-11-28,91.0,122.0,122.0,122.0,101.0,122.0,31.0,506878500.0,60642190400.0,11168.0,241.4,0.0,0.0,122.0,384883500.0,11307246524.0,11307246524.0,10635596080.0,146400.0,1094700.0,,0.0,0.0,0.0
2025-12-01,122.0,135.0,136.0,164.0,135.0,164.0,42.0,1125947200.0,174237675600.0,31384.0,324.5,0.0,0.0,164.0,68162900.0,11307246524.0,11307246524.0,10635596080.0,1639900.0,395100.0,,0.0,0.0,0.0
2025-12-02,164.0,150.0,150.0,185.0,144.0,154.0,-10.0,1283189900.0,207608823600.0,48756.0,304.7,155.0,362800.0,154.0,317600.0,11307246524.0,11307246524.0,10635596080.0,1000000.0,1991000.0,,32894700.0,3947364000.0,1.0
2025-12-03,154.0,160.0,161.0,166.0,151.0,155.0,1.0,410699300.0,64638502700.0,15990.0,306.7,155.0,201300.0,154.0,2352600.0,11307246524.0,11307246524.0,10635596080.0,0.0,1200000.0,,10000000.0,1220000000.0,1.0
2025-12-04,155.0,145.0,152.0,157.0,140.0,146.0,-9.0,283681800.0,42542733300.0,11786.0,288.9,146.0,1351300.0,145.0,2399200.0,11307246524.0,11307246524.0,10635596080.0,283900.0,2736900.0,,330882.0,23005617.0,3.0
2025-12-05,146.0,147.0,148.0,162.0,141.0,151.0,5.0,587050800.0,90647144800.0,20981.0,298.7,151.0,15751400.0,150.0,5084600.0,11307246524.0,11307246524.0,10635596080.0,7676600.0,7772900.0,,0.0,0.0,0.0
2025-12-08,151.0,154.0,154.0,164.0,147.0,155.0,4.0,404214800.0,62846692900.0,14390.0,306.7,156.0,1169200.0,155.0,3694200.0,11307246524.0,11307246524.0,10635596080.0,8980300.0,17460100.0,,10000000.0,1220000000.0,1.0
2025-12-09,155.0,156.0,157.0,166.0,152.0,154.0,-1.0,737726700.0,117151621200.0,22464.0,304.7,154.0,5290500.0,153.0,5282400.0,11307246524.0,11307246524.0,10635596080.0,48303200.0,59166200.0,,312500000.0,100000000000.0,5.0
2025-12-10,154.0,160.0,159.0,160.0,131.0,131.0,-23.0,1256033700.0,171303206900.0,36768.0,259.2,131.0,54343800.0,0.0,0.0,11307246524.0,11307246524.0,10635596080.0,29427000.0,18117900.0,,0.0,0.0,0.0
2025-12-11,131.0,119.0,120.0,130.0,112.0,122.0,-9.0,811621900.0,97064370300.0,32514.0,241.4,123.0,1492400.0,122.0,131100.0,11307246524.0,11307246524.0,10635596080.0,57209900.0,72778000.0,,10000000.0,1220000000.0,1.0
2025-12-12,122.0,125.0,125.0,137.0,119.0,122.0,0.0,423696600.0,54177256800.0,19038.0,241.4,123.0,1057400.0,122.0,4525300.0,11307246524.0,11307246524.0,10635596080.0,22781800.0,10607800.0,,0.0,0.0,0.0
2025-12-15,122.0,125.0,125.0,126.0,110.0,111.0,-11.0,243563600.0,27598637400.0,11651.0,219.6,112.0,425200.0,111.0,4337100.0,11307246524.0,11307246524.0,10635596080.0,5468100.0,8365600.0,,0.0,0.0,0.0
2025-12-16,111.0,111.0,111.0,122.0,105.0,112.0,1.0,251345100.0,28762331300.0,12087.0,221.6,113.0,2344600.0,112.0,480900.0,11307246524.0,11307246524.0,10635596080.0,17412200.0,21054000.0,,100000.0,15000000.0,1.0
2025-12-17,112.0,114.0,114.0,151.0,111.0,150.0,38.0,2478936500.0,334928523000.0,90130.0,296.8,150.0,33882200.0,149.0,13376000.0,11307246524.0,11307246524.0,10635596080.0,130235400.0,134918500.0,,0.0,0.0,0.0
2025-12-18,150.0,142.0,143.0,146.0,129.0,130.0,-20.0,1243795200.0,169803598900.0,69401.0,257.2,130.0,845700.0,129.0,13934000.0,11307246524.0,11307246524.0,10635596080.0,58398000.0,53891400.0,,0.0,0.0,0.0
2025-12-19,130.0,122.0,122.0,126.0,114.0,117.0,-13.0,328274500.0,38994411900.0,19311.0,231.5,118.0,495200.0,117.0,80900.0,11307246524.0,11307246524.0,10635596080.0,24283000.0,34015300.0,,0.0,0.0,0.0
2025-12-22,117.0,117.0,118.0,123.0,108.0,114.0,-3.0,289732200.0,33347379600.0,15997.0,225.5,115.0,258900.0,114.0,1229100.0,11307246524.0,11307246524.0,10635596080.0,30038900.0,29016300.0,,50000.0,7500000.0,1.0
2025-12-23,114.0,115.0,115.0,122.0,113.0,114.0,0.0,187288300.0,22054588500.0,10485.0,225.5,114.0,3286200.0,113.0,1680900.0,11307246524.0,11307246524.0,10635596080.0,20462500.0,12294400.0,,5026100.0,687610000.0,2.0
2025-12-24,114.0,117.0,117.0,124.0,111.0,111.0,-3.0,252974700.0,29486284000.0,11673.0,219.6,112.0,153500.0,111.0,795000.0,11307246524.0,11307246524.0,10635596080.0,12780900.0,16357000.0,,0.0,0.0,0.0
2025-12-29,111.0,116.0,116.0,131.0,115.0,125.0,14.0,473365800.0,58659570900.0,22817.0,247.3,126.0,4113800.0,125.0,2284100.0,11307246524.0,11307246524.0,10635596080.0,41590900.0,96393000.0,,5000000.0,690000000.0,1.0
2025-12-30,125.0,127.0,127.0,133.0,120.0,123.0,-2.0,294675900.0,37294405600.0,14150.0,243.3,124.0,7195600.0,123.0,177000.0,11307246524.0,11307246524.0,10635596080.0,61787700.0,22899000.0,,0.0,0.0,0.0
2026-01-02,123.0,124.0,125.0,137.0,123.0,136.0,13.0,402357200.0,53464363500.0,19190.0,269.1,137.0,5095400.0,136.0,114800.0,11307246524.0,11307246524.0,10634465356.0,53820900.0,104624500.0,,0.0,0.0,0.0
2026-01-05,136.0,139.0,139.0,151.0,132.0,150.0,14.0,742034800.0,105541223100.0,32440.0,296.8,151.0,4952500.0,150.0,11384600.0,11307246524.0,11307246524.0,10634465356.0,116000300.0,85768600.0,,5000000.0,735000000.0,1.0
2026-01-06,150.0,155.0,155.0,193.0,151.0,188.0,38.0,2214221000.0,396077260500.0,84062.0,371.9,189.0,4189000.0,188.0,8966600.0,11307246524.0,11307246524.0,10634465356.0,301287200.0,334792900.0,,0.0,0.0,0.0
2026-01-07,188.0,0.0,0.0,0.0,0.0,188.0,0.0,0.0,0.0,0.0,371.9,0.0,0.0,0.0,0.0,11307246524.0,11307246524.0,10634465356.0,0.0,0.0,,0.0,0.0,0.0
2026-01-08,188.0,179.0,178.0,191.0,169.0,175.0,-13.0,843421800.0,150638458200.0,38694.0,346.2,176.0,510800.0,175.0,85100.0,11307246524.0,11307246524.0,10634465356.0,122838500.0,100482000.0,,5000000.0,690000000.0,1.0
2026-01-09,175.0,176.0,176.0,212.0,176.0,198.0,23.0,2141002400.0,425672052300.0,82453.0,391.7,199.0,1416000.0,198.0,280100.0,11307246524.0,11307246524.0,10634465356.0,188166900.0,254917300.0,,348500.0,60987500.0,1.0
2026-01-12,198.0,206.0,206.0,224.0,169.0,199.0,1.0,1493524300.0,306113527600.0,77320.0,393.7,199.0,10091400.0,198.0,2350800.0,11307246524.0,11307246524.0,10634465356.0,244897100.0,147937200.0,,0.0,0.0,0.0
2026-01-13,199.0,0.0,0.0,0.0,0.0,199.0,0.0,0.0,0.0,0.0,393.7,0.0,0.0,0.0,0.0,11307246524.0,11307246524.0,10634465356.0,0.0,0.0,,5000000.0,700000000.0,1.0
2026-01-14,199.0,0.0,0.0,0.0,0.0,199.0,0.0,0.0,0.0,0.0,393.7,0.0,0.0,0.0,0.0,11307246524.0,11307246524.0,10634465356.0,0.0,0.0,,15000000.0,1200000000.0,1.0
2026-01-15,199.0,0.0,0.0,0.0,0.0,199.0,0.0,0.0,0.0,0.0,393.7,0.0,0.0,0.0,0.0,11307246524.0,11307246524.0,10634465356.0,0.0,0.0,,200.0,24000.0,1.0
2026-01-19,199.0,0.0,0.0,0.0,0.0,199.0,0.0,0.0,0.0,0.0,393.7,0.0,0.0,0.0,0.0,11307246524.0,11307246524.0,10634465356.0,0.0,0.0,,6300000.0,947600000.0,3.0
2026-01-20,199.0,0.0,0.0,0.0,0.0,199.0,0.0,0.0,0.0,0.0,393.7,0.0,0.0,0.0,0.0,11307246524.0,11307246524.0,10634465356.0,0.0,0.0,,152500.0,30042500.0,1.0
2026-01-21,199.0,0.0,0.0,0.0,0.0,199.0,0.0,0.0,0.0,0.0,393.7,0.0,0.0,0.0,0.0,11307246524.0,11307246524.0,10634465356.0,0.0,0.0,,1750000.0,348250000.0,1.0
2026-01-22,199.0,0.0,0.0,0.0,0.0,199.0,0.0,0.0,0.0,0.0,393.7,0.0,0.0,0.0,0.0,11307246524.0,11307246524.0,10634465356.0,0.0,0.0,,5000000.0,690000000.0,1.0
2026-01-23,199.0,0.0,0.0,0.0,0.0,199.0,0.0,0.0,0.0,0.0,393.7,0.0,0.0,0.0,0.0,11307246524.0,11307246524.0,10634465356.0,0.0,0.0,,1750000.0,348250000.0,1.0
2026-01-26,199.0,0.0,0.0,0.0,0.0,199.0,0.0,0.0,0.0,0.0,393.7,0.0,0.0,0.0,0.0,11307246524.0,11307246524.0,10634465356.0,0.0,0.0,,10000.0,1800000.0,1.0
2026-01-27,199.0,0.0,0.0,180.0,180.0,180.0,-19.0,29102700.0,5238486000.0,1723.0,356.1,180.0,227585400.0,0.0,0.0,11307246524.0,11307246524.0,10634465356.0,0.0,100000.0,,5000000.0,690000000.0,1.0
2026-01-28,180.0,0.0,0.0,162.0,162.0,162.0,-18.0,11107900.0,1799479800.0,701.0,320.5,162.0,304207900.0,0.0,0.0,11307246524.0,11307246524.0,10634465356.0,0.0,0.0,,0.0,0.0,0.0
2026-01-29,162.0,0.0,0.0,146.0,146.0,146.0,-16.0,15839100.0,2312508600.0,751.0,288.9,146.0,208466700.0,0.0,0.0,11307246524.0,11307246524.0,10634465356.0,0.0,0.0,,0.0,0.0,0.0
2026-01-30,146.0,0.0,0.0,146.0,132.0,146.0,0.0,224865500.0,31555189800.0,6578.0,288.9,146.0,8150900.0,145.0,1046500.0,11307246524.0,11307246524.0,10634465356.0,23346400.0,511000.0,,7500000.0,1415000000.0,2.0
2026-02-02,146.0,0.0,0.0,132.0,132.0,132.0,-14.0,23319800.0,3078213600.0,823.0,261.2,132.0,164739700.0,0.0,0.0,11307246524.0,11307246524.0,10634465356.0,0.0,0.0,,0.0,0.0,0.0
2026-02-03,132.0,0.0,0.0,130.0,119.0,130.0,-2.0,121860200.0,15360972400.0,3182.0,257.2,131.0,423000.0,130.0,102908600.0,11307246524.0,11307246524.0,10634465356.0,1378800.0,400000.0,,0.0,0.0,0.0
2026-02-04,130.0,0.0,0.0,117.0,117.0,117.0,-13.0,42517800.0,4974582600.0,1416.0,231.5,117.0,453544600.0,0.0,0.0,11307246524.0,11307246524.0,10634465356.0,0.0,150000.0,,0.0,0.0,0.0
2026-02-05,117.0,100.0,100.0,113.0,100.0,100.0,-17.0,1056890900.0,109432373700.0,21447.0,197.8,100.0,187663800.0,0.0,0.0,11307246524.0,11307246524.0,10634465356.0,78513500.0,67242200.0,,270000.0,49950000.0,1.0
2026-02-06,100.0,91.0,92.0,95.0,85.0,85.0,-15.0,1814015900.0,157270612200.0,33083.0,168.2,85.0,59882100.0,0.0,0.0,11307246524.0,11307246524.0,10634465356.0,72914900.0,141132800.0,,0.0,0.0,0.0
2026-02-09,85.0,78.0,78.0,94.0,74.0,88.0,3.0,2303185200.0,196698631900.0,64478.0,174.1,89.0,3491800.0,88.0,8600400.0,11307246524.0,11307246524.0,10634465356.0,198377600.0,154849000.0,,0.0,0.0,0.0
2026-02-10,88.0,86.0,86.0,91.0,83.0,86.0,-2.0,364794200.0,31924440100.0,16634.0,170.1,87.0,4402100.0,85.0,7430100.0,11307246524.0,11307246524.0,10634465356.0,46564400.0,31436300.0,,0.0,0.0,0.0
2026-02-11,86.0,86.0,87.0,116.0,86.0,116.0,30.0,1896195900.0,200530500900.0,68115.0,229.5,0.0,0.0,116.0,26148200.0,11307246524.0,11307246524.0,10634465356.0,117579100.0,237310100.0,,0.0,0.0,0.0
2026-02-12,116.0,125.0,126.0,145.0,124.0,128.0,12.0,2056465700.0,274287509300.0,96596.0,253.2,129.0,360500.0,128.0,13237500.0,11307246524.0,11307246524.0,10634465356.0,250803800.0,119017400.0,,0.0,0.0,0.0
2026-02-13,128.0,125.0,124.0,137.0,118.0,128.0,0.0,916762100.0,119291791300.0,41732.0,253.2,129.0,1442500.0,128.0,2078400.0,11307246524.0,11307246524.0,10634465356.0,39193200.0,51532200.0,,0.0,0.0,0.0
2026-02-18,128.0,130.0,131.0,144.0,130.0,137.0,9.0,922974400.0,127233191900.0,43514.0,271.0,138.0,5340400.0,137.0,3645600.0,11307246524.0,11307246524.0,10634465356.0,50638100.0,70142000.0,,0.0,0.0,0.0
2026-02-19,137.0,140.0,140.0,148.0,134.0,139.0,2.0,924954600.0,130619207900.0,41895.0,275.0,140.0,5897500.0,139.0,107400.0,11307246524.0,11307246524.0,10634465356.0,96690700.0,59417800.0,,5532800.0,708198400.0,1.0
2026-02-20,139.0,140.0,141.0,143.0,134.0,135.0,-4.0,207248100.0,28461951600.0,13829.0,267.1,135.0,2008900.0,134.0,4164700.0,11307246524.0,11307246524.0,10634465356.0,6384700.0,5129500.0,,0.0,0.0,0.0
2026-02-23,135.0,136.0,137.0,173.0,136.0,166.0,31.0,2868616900.0,460978244700.0,113726.0,328.4,167.0,4123600.0,166.0,10018700.0,11307246524.0,11307246524.0,10634465356.0,186292900.0,328459200.0,,0.0,0.0,0.0
2026-02-24,166.0,168.0,168.0,179.0,154.0,154.0,-12.0,1926629600.0,323643085300.0,97837.0,304.7,154.0,11721200.0,153.0,1376700.0,11307246524.0,11307246524.0,10634465356.0,210711200.0,119178000.0,,0.0,0.0,0.0
2026-02-25,154.0,154.0,154.0,170.0,148.0,164.0,10.0,1407634400.0,228743942900.0,61960.0,324.5,165.0,9440300.0,164.0,4829100.0,11307246524.0,11307246524.0,10634465356.0,79290300.0,59358400.0,,0.0,0.0,0.0
2026-02-26,164.0,166.0,167.0,169.0,143.0,148.0,-16.0,670341300.0,103987694500.0,38854.0,292.8,148.0,3015400.0,147.0,410900.0,11307246524.0,11307246524.0,10634465356.0,65383900.0,49029200.0,,0.0,0.0,0.0
2026-02-27,148.0,137.0,140.0,151.0,136.0,146.0,-2.0,468538900.0,67463105100.0,20315.0,288.9,146.0,783700.0,145.0,769600.0,11307246524.0,11307246524.0,10634465356.0,57834100.0,73386000.0,,0.0,0.0,0.0
2026-03-02,146.0,132.0,132.0,139.0,125.0,125.0,-21.0,868819900.0,112571366400.0,28870.0,247.3,125.0,64291700.0,0.0,0.0,11307246524.0,11307246524.0,10634465356.0,33820500.0,36353900.0,,1480100.0,241256300.0,1.0
2026-03-03,125.0,120.0,121.0,130.0,112.0,124.0,-1.0,700508200.0,86031928400.0,28414.0,245.3,125.0,140400.0,124.0,10239200.0,11307246524.0,11307246524.0,10634465356.0,97000200.0,152786300.0,,0.0,0.0,0.0
2026-03-04,124.0,121.0,122.0,125.0,107.0,111.0,-13.0,449654300.0,51063674600.0,17043.0,219.6,112.0,259500.0,111.0,19564600.0,11307246524.0,11307246524.0,10634465356.0,59691100.0,136770900.0,,8333300.0,899996400.0,1.0
2026-03-05,111.0,119.0,120.0,130.0,115.0,117.0,6.0,585442300.0,71430478400.0,24115.0,231.5,118.0,439800.0,117.0,3105700.0,11307246524.0,11307246524.0,10634465356.0,116082500.0,90489300.0,,0.0,0.0,0.0
2026-03-06,117.0,115.0,115.0,117.0,103.0,105.0,-12.0,310694800.0,33957054300.0,13559.0,207.7,106.0,292700.0,105.0,943500.0,11307246524.0,11307246524.0,10634465356.0,43095800.0,44525000.0,,0.0,0.0,0.0
2026-03-09,105.0,95.0,95.0,112.0,91.0,104.0,-1.0,480732100.0,49546735100.0,19980.0,205.8,105.0,1979600.0,104.0,1412800.0,11307246524.0,11307246524.0,10634465356.0,76198500.0,103501300.0,,0.0,0.0,0.0
2026-03-10,104.0,115.0,115.0,117.0,102.0,108.0,4.0,408997900.0,44374320000.0,17572.0,213.7,109.0,3107000.0,108.0,1500.0,11307246524.0,11307246524.0,10634465356.0,117668300.0,15581500.0,,600000.0,82200000.0,1.0
2026-03-11,108.0,110.0,110.0,114.0,104.0,104.0,-4.0,366764100.0,39861277900.0,14620.0,205.8,105.0,265000.0,104.0,2390000.0,11307246524.0,11307246524.0,10634465356.0,80795900.0,36043200.0,,0.0,0.0,0.0
2026-03-12,104.0,102.0,101.0,104.0,98.0,99.0,-5.0,164708300.0,16528185400.0,8482.0,195.9,99.0,156300.0,98.0,5206600.0,11307246524.0,11307246524.0,10634465356.0,23511800.0,17546300.0,,600000.0,60000000.0,1.0
2026-03-13,99.0,99.0,99.0,101.0,93.0,94.0,-5.0,161752700.0,15499330000.0,7901.0,186.0,94.0,498100.0,93.0,11435400.0,11307246524.0,11307246524.0,10634465356.0,16932900.0,58526900.0,,0.0,0.0,0.0
2026-03-16,94.0,93.0,93.0,96.0,85.0,91.0,-3.0,194129000.0,17559273100.0,8308.0,180.0,91.0,1515600.0,90.0,4299400.0,11307246524.0,11307246524.0,10634465356.0,25852000.0,63789900.0,,1220000.0,152500000.0,1.0
2026-03-17,91.0,95.0,95.0,103.0,92.0,93.0,2.0,212336700.0,20397227100.0,11773.0,184.0,94.0,382100.0,93.0,998600.0,11307246524.0,11307246524.0,10634465356.0,46746600.0,16318100.0,,1220000.0,153720000.0,1.0
2026-03-25,93.0,93.0,94.0,105.0,93.0,101.0,8.0,331047700.0,33310664200.0,11626.0,199.8,102.0,3324100.0,101.0,1254600.0,11307246524.0,11307246524.0,10634465356.0,43344900.0,81082100.0,,0.0,0.0,0.0
2026-03-26,101.0,103.0,103.0,106.0,93.0,99.0,-2.0,171031600.0,17034353700.0,9623.0,195.9,100.0,1965000.0,98.0,900200.0,11307246524.0,11307246524.0,10634465356.0,66124300.0,11123600.0,,675000.0,90450000.0,1.0
2026-03-27,99.0,99.0,98.0,99.0,94.0,96.0,-3.0,74262300.0,7168319700.0,4025.0,189.9,97.0,2816200.0,96.0,2941500.0,11307246524.0,11307246524.0,10634465356.0,14987400.0,11712000.0,,2175000.0,235625000.0,3.0
2026-03-30,96.0,93.0,93.0,96.0,90.0,95.0,-1.0,86675500.0,8040755900.0,5125.0,188.0,96.0,2251400.0,95.0,2005100.0,11307246524.0,11307246524.0,10634465356.0,19070700.0,10524100.0,,0.0,0.0,0.0
2026-03-31,95.0,98.0,97.0,98.0,92.0,93.0,-2.0,60960200.0,5700232000.0,3941.0,184.0,93.0,5420100.0,92.0,5789800.0,11307246524.0,11307246524.0,10634465356.0,12091000.0,3746400.0,,0.0,0.0,0.0
2026-04-01,93.0,98.0,99.0,101.0,95.0,99.0,6.0,264783600.0,25998942500.0,13071.0,195.9,100.0,23563900.0,99.0,2448100.0,11307246524.0,11307246524.0,10634465356.0,27258600.0,50925800.0,,200000.0,25000000.0,1.0
2026-04-02,99.0,97.0,96.0,97.0,92.0,92.0,-7.0,100662900.0,9497492200.0,5856.0,182.0,93.0,781200.0,92.0,1675900.0,11307246524.0,11307246524.0,10634465356.0,21471200.0,2634700.0,,0.0,0.0,0.0
2026-04-06,92.0,91.0,91.0,96.0,88.0,93.0,1.0,193579000.0,18005250300.0,8234.0,184.0,93.0,2572200.0,92.0,1153900.0,11307246524.0,11307246524.0,10634465356.0,36981700.0,17299400.0,,200000.0,25400000.0,1.0
2026-04-07,93.0,93.0,93.0,97.0,92.0,92.0,-1.0,133412900.0,12527702400.0,5733.0,182.0,93.0,5040500.0,92.0,4937500.0,11307246524.0,11307246524.0,10634465356.0,20210700.0,14320200.0,,0.0,0.0,0.0
2026-04-08,92.0,97.0,97.0,105.0,88.0,103.0,11.0,626763900.0,62374097400.0,18589.0,203.8,103.0,4417800.0,102.0,9625800.0,11307246524.0,11307246524.0,10634465356.0,43709800.0,103187500.0,,175000.0,24850000.0,1.0
2026-04-09,103.0,101.0,100.0,103.0,98.0,100.0,-3.0,243679000.0,24276256400.0,9797.0,197.8,100.0,13227400.0,99.0,609400.0,11307246524.0,11307246524.0,10634465356.0,50282000.0,25825700.0,,0.0,0.0,0.0
2026-04-10,100.0,105.0,105.0,133.0,103.0,129.0,29.0,2508624200.0,306964794800.0,88584.0,255.2,130.0,6320800.0,129.0,3204800.0,11307246524.0,11307246524.0,10634465356.0,419608500.0,502439700.0,,1575000.0,221025000.0,2.0
2026-04-13,129.0,124.0,124.0,151.0,120.0,133.0,4.0,3615372200.0,504986770300.0,149808.0,263.1,133.0,1368400.0,132.0,3137500.0,11307246524.0,11307246524.0,10634465356.0,447981200.0,348725700.0,,1400000.0,197400000.0,1.0
2026-04-14,133.0,133.0,134.0,139.0,127.0,128.0,-5.0,1273985700.0,167587299400.0,64047.0,253.2,129.0,7269600.0,128.0,1555900.0,11307246524.0,11307246524.0,10634465356.0,171800000.0,178554500.0,,100000.0,14100000.0,1.0
2026-04-15,128.0,131.0,132.0,135.0,125.0,127.0,-1.0,613176400.0,79505293100.0,28369.0,251.3,128.0,3281800.0,127.0,24300.0,11307246524.0,11307246524.0,10634465356.0,71209500.0,85442800.0,,100.0,11000.0,1.0
2026-04-16,127.0,130.0,129.0,134.0,123.0,125.0,-2.0,612352800.0,78433345300.0,24181.0,247.3,126.0,3912000.0,125.0,3474000.0,11307246524.0,11307246524.0,10634465356.0,56832700.0,72773400.0,,290000.0,41180000.0,1.0
2026-04-17,125.0,125.0,126.0,130.0,121.0,122.0,-3.0,488823000.0,60868906800.0,18151.0,241.4,123.0,870500.0,122.0,19544500.0,11307246524.0,11307246524.0,10634465356.0,94139600.0,84528800.0,,0.0,0.0,0.0
2026-04-20,122.0,124.0,124.0,125.0,116.0,116.0,-6.0,349996000.0,41576597400.0,16130.0,229.5,116.0,5356100.0,115.0,25000500.0,11307246524.0,11307246524.0,10634465356.0,38819700.0,60147900.0,,0.0,0.0,0.0
2026-04-21,116.0,117.0,118.0,122.0,117.0,122.0,6.0,277314000.0,33226163300.0,13695.0,241.4,122.0,9501700.0,121.0,898700.0,11307246524.0,11307246524.0,10634465356.0,43641000.0,28554800.0,,0.0,0.0,0.0
2026-04-22,122.0,122.0,122.0,123.0,118.0,123.0,1.0,271112300.0,32620995100.0,11553.0,243.3,123.0,3063300.0,122.0,666700.0,11307246524.0,11307246524.0,10634465356.0,36583000.0,27944200.0,,290000.0,41180000.0,1.0
2026-04-23,123.0,123.0,123.0,123.0,116.0,116.0,-7.0,232407000.0,27562340700.0,9902.0,229.5,117.0,649000.0,116.0,6045300.0,11307246524.0,11307246524.0,10634465356.0,29056700.0,30296700.0,,0.0,0.0,0.0
2026-04-24,116.0,116.0,116.0,117.0,104.0,104.0,-12.0,349461400.0,38324410700.0,11451.0,205.8,105.0,11240100.0,104.0,58115100.0,11307246524.0,11307246524.0,10634465356.0,38027600.0,92168800.0,,0.0,0.0,0.0
2026-04-27,104.0,106.0,107.0,120.0,105.0,107.0,3.0,585082200.0,65219747600.0,23883.0,211.7,108.0,2034000.0,107.0,4302100.0,11307246524.0,11307246524.0,10634465356.0,160652600.0,98953200.0,,0.0,0.0,0.0
2026-04-28,107.0,108.0,109.0,110.0,103.0,107.0,0.0,250326700.0,26644528900.0,9056.0,211.7,108.0,2718400.0,107.0,154300.0,11307246524.0,11307246524.0,10634465356.0,37394400.0,66367200.0,,2000000.0,284000000.0,1.0
2026-04-29,107.0,109.0,109.0,116.0,106.0,110.0,3.0,509411400.0,56625058800.0,21306.0,217.6,110.0,1034300.0,109.0,1928100.0,11307246524.0,11307246524.0,10634465356.0,92078600.0,26159200.0,,0.0,0.0,0.0
2026-04-30,110.0,110.0,110.0,114.0,103.0,108.0,-2.0,352595800.0,38345617500.0,14489.0,213.7,109.0,7160200.0,108.0,662900.0,11307246524.0,11307246524.0,10634465356.0,27312100.0,32465300.0,,0.0,0.0,0.0
2026-05-04,108.0,113.0,113.0,123.0,111.0,123.0,15.0,1332783100.0,157859128700.0,52813.0,243.3,124.0,6475300.0,123.0,12166400.0,11307246524.0,11307246524.0,10634465356.0,195497100.0,218170200.0,,0.0,0.0,0.0
2026-05-05,123.0,124.0,125.0,128.0,117.0,126.0,3.0,1137218700.0,139814322500.0,48385.0,249.3,126.0,5402100.0,125.0,2286000.0,11307246524.0,11307246524.0,10634465356.0,168666600.0,243669800.0,,2112500.0,299975000.0,1.0
2026-05-06,126.0,128.0,128.0,132.0,123.0,124.0,-2.0,914185800.0,115944136300.0,36982.0,245.3,124.0,618600.0,123.0,15881100.0,11307246524.0,11307246524.0,10634465356.0,109522800.0,60757000.0,,0.0,0.0,0.0
2026-05-07,124.0,125.0,126.0,128.0,121.0,122.0,-2.0,305336200.0,37880297100.0,17356.0,241.4,123.0,1638200.0,122.0,131868400.0,11307246524.0,11307246524.0,10634465356.0,29997400.0,19909100.0,,0.0,0.0,0.0
2026-05-08,122.0,122.0,122.0,123.0,110.0,111.0,-11.0,431272400.0,50364929900.0,16723.0,219.6,111.0,141700.0,110.0,97865300.0,11307246524.0,11307246524.0,10634465356.0,39914800.0,51801900.0,,0.0,0.0,0.0
