date,previous,open_price,first_trade,high,low,close,change,volume,value,frequency,index_individual,offer,offer_volume,bid,bid_volume,listed_shares,tradeble_shares,weight_for_index,foreign_sell,foreign_buy,delisting_date,non_regular_volume,non_regular_value,non_regular_frequency
2023-04-10,105.0,0.0,0.0,141.0,135.0,141.0,36.0,20508000.0,2891518200.0,4042.0,134.3,0.0,0.0,141.0,343013200.0,3425000000.0,2425000000.0,925000000.0,9200.0,704600.0,,38167938.0,4999999878.0,1.0
2023-04-11,141.0,0.0,0.0,190.0,190.0,190.0,49.0,18197600.0,3457544000.0,3488.0,181.0,0.0,0.0,190.0,236761800.0,3425000000.0,2425000000.0,925000000.0,63400.0,0.0,,122000.0,25620000.0,3.0
2023-04-12,190.0,0.0,0.0,256.0,184.0,193.0,3.0,562196200.0,126520717500.0,57949.0,183.8,193.0,1568300.0,192.0,282600.0,3425000000.0,2425000000.0,925000000.0,6903300.0,5957100.0,,0.0,0.0,0.0
2023-04-13,193.0,0.0,0.0,208.0,180.0,180.0,-13.0,153265300.0,29169782600.0,15656.0,171.4,180.0,3058800.0,0.0,0.0,3425000000.0,2425000000.0,925000000.0,1840700.0,3504200.0,,7900.0,1422000.0,1.0
2023-04-14,180.0,0.0,0.0,185.0,168.0,168.0,-12.0,79290900.0,13813327300.0,5920.0,160.0,168.0,4022500.0,0.0,0.0,3425000000.0,2425000000.0,925000000.0,70400.0,694600.0,,0.0,0.0,0.0
2023-04-17,168.0,0.0,0.0,172.0,157.0,157.0,-11.0,27040500.0,4400735400.0,1251.0,149.5,157.0,19736200.0,0.0,0.0,3425000000.0,2425000000.0,925000000.0,0.0,1391100.0,,0.0,0.0,0.0
2023-04-18,157.0,0.0,0.0,162.0,147.0,147.0,-10.0,109318500.0,16584784200.0,11365.0,140.0,147.0,1139900.0,0.0,0.0,3425000000.0,2425000000.0,925000000.0,253400.0,232000.0,,0.0,0.0,0.0
2023-04-26,147.0,0.0,0.0,149.0,137.0,142.0,-5.0,65276100.0,9160016000.0,6808.0,135.2,142.0,527600.0,141.0,352900.0,3425000000.0,2425000000.0,925000000.0,11500.0,2903300.0,,0.0,0.0,0.0
2023-04-27,142.0,0.0,0.0,146.0,133.0,133.0,-9.0,51827600.0,7108604000.0,5232.0,126.7,133.0,2919400.0,0.0,0.0,3425000000.0,2425000000.0,925000000.0,0.0,33300.0,,80291900.0,10999990300.0,1.0
2023-04-28,133.0,0.0,0.0,136.0,124.0,124.0,-9.0,51750900.0,6589396600.0,3469.0,118.1,124.0,3654600.0,0.0,0.0,3425000000.0,2425000000.0,925000000.0,0.0,18000.0,,0.0,0.0,0.0
2023-05-02,124.0,0.0,0.0,126.0,116.0,119.0,-5.0,55730700.0,6561234100.0,5236.0,113.3,120.0,713200.0,119.0,23124000.0,3425000000.0,2425000000.0,925000000.0,101300.0,396100.0,,0.0,0.0,0.0
2023-05-03,119.0,0.0,0.0,142.0,120.0,137.0,18.0,369745700.0,49377898500.0,33832.0,130.5,138.0,386900.0,137.0,1757600.0,3425000000.0,2425000000.0,925000000.0,1056000.0,945400.0,,0.0,0.0,0.0
2023-05-04,137.0,0.0,0.0,139.0,128.0,128.0,-9.0,52457300.0,6808961000.0,4330.0,121.9,128.0,4323200.0,0.0,0.0,3425000000.0,2425000000.0,925000000.0,294100.0,101000.0,,0.0,0.0,0.0
2023-05-05,128.0,0.0,0.0,127.0,120.0,120.0,-8.0,9356500.0,1124178000.0,664.0,114.3,120.0,7546100.0,0.0,0.0,3425000000.0,2425000000.0,925000000.0,0.0,0.0,,0.0,0.0,0.0
2023-05-08,120.0,0.0,0.0,116.0,112.0,112.0,-8.0,5133600.0,575821400.0,564.0,106.7,112.0,7695400.0,0.0,0.0,3425000000.0,2425000000.0,925000000.0,0.0,0.0,,0.0,0.0,0.0
2023-05-09,112.0,0.0,0.0,113.0,105.0,106.0,-6.0,75932200.0,8112376900.0,7332.0,101.0,106.0,828700.0,105.0,2548900.0,3425000000.0,2425000000.0,925000000.0,115900.0,381400.0,,231108100.0,25884107200.0,3.0
2023-05-10,106.0,0.0,0.0,110.0,99.0,99.0,-7.0,56232100.0,5776879800.0,5073.0,94.3,99.0,4512600.0,0.0,0.0,3425000000.0,2425000000.0,925000000.0,113000.0,202000.0,,0.0,0.0,0.0
2023-05-11,99.0,0.0,0.0,99.0,93.0,93.0,-6.0,19695700.0,1833951900.0,1784.0,88.6,93.0,2864900.0,0.0,0.0,3425000000.0,2425000000.0,925000000.0,100.0,0.0,,19200000.0,1900800000.0,2.0
2023-05-12,93.0,0.0,0.0,102.0,87.0,87.0,-6.0,8719200.0,758571900.0,564.0,82.9,87.0,18528700.0,0.0,0.0,3425000000.0,2425000000.0,925000000.0,0.0,0.0,,16300000.0,1515900000.0,1.0
2023-05-15,87.0,0.0,0.0,81.0,81.0,81.0,-6.0,2925700.0,236981700.0,403.0,77.1,81.0,23842700.0,0.0,0.0,3425000000.0,2425000000.0,925000000.0,0.0,0.0,,0.0,0.0,0.0
2023-05-16,81.0,0.0,0.0,76.0,76.0,76.0,-5.0,4618400.0,350998400.0,336.0,72.4,76.0,25176000.0,0.0,0.0,3425000000.0,2425000000.0,925000000.0,0.0,0.0,,0.0,0.0,0.0
2023-05-17,76.0,0.0,0.0,71.0,71.0,71.0,-5.0,3158900.0,224281900.0,241.0,67.6,71.0,37480000.0,0.0,0.0,3425000000.0,2425000000.0,925000000.0,0.0,0.0,,0.0,0.0,0.0
2023-05-19,71.0,0.0,0.0,67.0,67.0,67.0,-4.0,2302600.0,154274200.0,251.0,63.8,67.0,32650900.0,0.0,0.0,3425000000.0,2425000000.0,925000000.0,0.0,0.0,,0.0,0.0,0.0
2023-05-22,67.0,0.0,0.0,71.0,63.0,71.0,4.0,49704800.0,3269816600.0,1549.0,67.6,71.0,519500.0,70.0,365600.0,3425000000.0,2425000000.0,925000000.0,0.0,0.0,,0.0,0.0,0.0
2023-05-23,71.0,0.0,0.0,83.0,67.0,67.0,-4.0,158874400.0,11368430900.0,10013.0,63.8,67.0,2098100.0,0.0,0.0,3425000000.0,2425000000.0,925000000.0,393300.0,193700.0,,0.0,0.0,0.0
2023-05-24,67.0,0.0,0.0,68.0,63.0,64.0,-3.0,30777900.0,1954584500.0,2278.0,61.0,64.0,1194600.0,63.0,1277400.0,3425000000.0,2425000000.0,925000000.0,62000.0,0.0,,0.0,0.0,0.0
2023-05-25,64.0,0.0,0.0,64.0,60.0,61.0,-3.0,21394700.0,1314011500.0,2221.0,58.1,61.0,327400.0,60.0,8979200.0,3425000000.0,2425000000.0,925000000.0,0.0,87400.0,,0.0,0.0,0.0
2023-05-26,61.0,0.0,0.0,65.0,58.0,62.0,1.0,30325200.0,1828729800.0,2224.0,59.0,62.0,106700.0,61.0,113100.0,3425000000.0,2425000000.0,925000000.0,153800.0,0.0,,0.0,0.0,0.0
2023-05-29,62.0,0.0,0.0,65.0,59.0,59.0,-3.0,15646900.0,957528300.0,1461.0,56.2,60.0,303200.0,59.0,443300.0,3425000000.0,2425000000.0,925000000.0,26800.0,0.0,,0.0,0.0,0.0
2023-05-30,59.0,0.0,0.0,64.0,58.0,59.0,0.0,29866700.0,1827724600.0,2780.0,56.2,60.0,993500.0,59.0,29000.0,3425000000.0,2425000000.0,925000000.0,629500.0,604700.0,,0.0,0.0,0.0
2023-05-31,59.0,0.0,0.0,60.0,55.0,56.0,-3.0,35627400.0,1989008100.0,1900.0,53.3,56.0,821300.0,55.0,444000.0,3425000000.0,2425000000.0,925000000.0,64700.0,10000.0,,0.0,0.0,0.0
2023-06-05,56.0,0.0,0.0,56.0,51.0,52.0,-4.0,15986400.0,845770200.0,1088.0,49.5,53.0,362800.0,52.0,114800.0,3425000000.0,2425000000.0,925000000.0,0.0,0.0,,0.0,0.0,0.0
2023-06-06,52.0,0.0,0.0,54.0,52.0,54.0,2.0,14213900.0,754547700.0,654.0,51.4,54.0,425900.0,53.0,1322200.0,3425000000.0,2425000000.0,925000000.0,0.0,2000.0,,0.0,0.0,0.0
2023-06-07,54.0,0.0,0.0,55.0,52.0,53.0,-1.0,7815300.0,416322500.0,859.0,50.5,54.0,298000.0,53.0,1549300.0,3425000000.0,2425000000.0,925000000.0,0.0,43000.0,,0.0,0.0,0.0
2023-06-08,53.0,0.0,0.0,54.0,53.0,53.0,0.0,4558200.0,242244500.0,342.0,50.5,54.0,1215500.0,53.0,1010100.0,3425000000.0,2425000000.0,925000000.0,20900.0,0.0,,0.0,0.0,0.0
2023-06-09,53.0,0.0,0.0,54.0,53.0,53.0,0.0,5596300.0,297368300.0,292.0,50.5,54.0,1582200.0,53.0,1935300.0,3425000000.0,2425000000.0,925000000.0,3000.0,0.0,,0.0,0.0,0.0
2023-06-12,53.0,0.0,0.0,57.0,53.0,56.0,3.0,12197000.0,675710400.0,6610.0,53.3,56.0,4349400.0,55.0,377000.0,3425000000.0,2425000000.0,925000000.0,0.0,567800.0,,0.0,0.0,0.0
2023-06-13,56.0,0.0,0.0,57.0,55.0,55.0,-1.0,4830500.0,266151200.0,281.0,52.4,56.0,2931100.0,55.0,1299400.0,3425000000.0,2425000000.0,925000000.0,218200.0,14100.0,,0.0,0.0,0.0
2023-06-14,55.0,0.0,0.0,56.0,55.0,55.0,0.0,6603000.0,363547300.0,244.0,52.4,56.0,3871400.0,55.0,1341700.0,3425000000.0,2425000000.0,925000000.0,220900.0,0.0,,0.0,0.0,0.0
2023-06-15,55.0,0.0,0.0,58.0,55.0,55.0,0.0,15154900.0,845386600.0,1468.0,52.4,56.0,1277600.0,55.0,7567600.0,3425000000.0,2425000000.0,925000000.0,15400.0,124700.0,,0.0,0.0,0.0
2023-06-16,55.0,0.0,0.0,57.0,55.0,56.0,1.0,6370800.0,355824000.0,385.0,53.3,56.0,141900.0,55.0,5827000.0,3425000000.0,2425000000.0,925000000.0,0.0,509700.0,,0.0,0.0,0.0
2023-06-19,56.0,0.0,0.0,56.0,55.0,56.0,0.0,5769300.0,318719400.0,203.0,53.3,56.0,693200.0,55.0,1592600.0,3425000000.0,2425000000.0,925000000.0,0.0,0.0,,0.0,0.0,0.0
2023-06-20,56.0,0.0,0.0,56.0,55.0,55.0,-1.0,2739300.0,151038200.0,153.0,52.4,56.0,1447200.0,55.0,3504700.0,3425000000.0,2425000000.0,925000000.0,0.0,0.0,,0.0,0.0,0.0
2023-06-21,55.0,0.0,0.0,56.0,55.0,55.0,0.0,3804100.0,209589100.0,141.0,52.4,56.0,2009800.0,55.0,2991200.0,3425000000.0,2425000000.0,925000000.0,0.0,0.0,,0.0,0.0,0.0
2023-06-22,55.0,0.0,0.0,56.0,55.0,55.0,0.0,8625600.0,475058500.0,223.0,52.4,56.0,2102800.0,55.0,1923600.0,3425000000.0,2425000000.0,925000000.0,0.0,0.0,,0.0,0.0,0.0
2023-06-23,55.0,0.0,0.0,56.0,55.0,55.0,0.0,1281200.0,70682900.0,1114.0,52.4,56.0,2864100.0,55.0,6785000.0,3425000000.0,2425000000.0,925000000.0,0.0,0.0,,0.0,0.0,0.0
2023-06-26,55.0,0.0,0.0,56.0,55.0,55.0,0.0,3345600.0,184615000.0,1627.0,52.4,56.0,2022600.0,55.0,3068700.0,3425000000.0,2425000000.0,925000000.0,0.0,0.0,,0.0,0.0,0.0
2023-06-27,55.0,0.0,0.0,56.0,55.0,55.0,0.0,2008800.0,110726100.0,118.0,52.4,56.0,3209200.0,55.0,5243400.0,3425000000.0,2425000000.0,925000000.0,7900.0,0.0,,0.0,0.0,0.0
2023-07-03,55.0,0.0,0.0,56.0,55.0,56.0,1.0,5107000.0,284545200.0,152.0,53.3,56.0,2063400.0,55.0,5838100.0,3425000000.0,2425000000.0,925092500.0,73600.0,2291000.0,,0.0,0.0,0.0
2023-07-04,56.0,0.0,0.0,56.0,55.0,55.0,-1.0,2845400.0,157615300.0,140.0,52.4,56.0,3185200.0,55.0,4842700.0,3425000000.0,2425000000.0,925092500.0,145500.0,0.0,,0.0,0.0,0.0
2023-07-05,55.0,0.0,0.0,56.0,55.0,55.0,0.0,2907200.0,160233200.0,109.0,52.4,56.0,3605300.0,55.0,3825800.0,3425000000.0,2425000000.0,925092500.0,115700.0,0.0,,0.0,0.0,0.0
2023-07-06,55.0,0.0,0.0,56.0,55.0,56.0,1.0,5612500.0,311818600.0,135.0,53.3,56.0,3437900.0,55.0,6981400.0,3425000000.0,2425000000.0,925092500.0,115400.0,1962400.0,,0.0,0.0,0.0
2023-07-07,56.0,0.0,0.0,56.0,55.0,56.0,0.0,2663700.0,146704100.0,118.0,53.3,56.0,3703800.0,55.0,5791700.0,3425000000.0,2425000000.0,925092500.0,63300.0,0.0,,0.0,0.0,0.0
2023-07-10,56.0,0.0,0.0,56.0,55.0,55.0,-1.0,2357000.0,130046600.0,105.0,52.4,56.0,2564100.0,55.0,4211900.0,3425000000.0,2425000000.0,925092500.0,123800.0,0.0,,0.0,0.0,0.0
2023-07-11,55.0,0.0,0.0,56.0,55.0,56.0,1.0,2081500.0,114833400.0,132.0,53.3,56.0,2524900.0,55.0,1425900.0,3425000000.0,2425000000.0,925092500.0,48800.0,0.0,,0.0,0.0,0.0
2023-07-12,56.0,0.0,0.0,56.0,54.0,54.0,-2.0,2830100.0,155443000.0,197.0,51.4,55.0,284800.0,54.0,10161900.0,3425000000.0,2425000000.0,925092500.0,60300.0,138300.0,,0.0,0.0,0.0
2023-07-13,54.0,0.0,0.0,56.0,54.0,54.0,0.0,1786100.0,98094900.0,244.0,51.4,55.0,100400.0,54.0,10631600.0,3425000000.0,2425000000.0,925092500.0,83000.0,139200.0,,0.0,0.0,0.0
2023-07-14,54.0,0.0,0.0,55.0,54.0,54.0,0.0,1781700.0,96427400.0,78.0,51.4,55.0,1334900.0,54.0,10016300.0,3425000000.0,2425000000.0,925092500.0,0.0,21800.0,,0.0,0.0,0.0
2023-07-17,54.0,0.0,0.0,55.0,54.0,54.0,0.0,2539900.0,137591600.0,147.0,51.4,55.0,1703400.0,54.0,10220600.0,3425000000.0,2425000000.0,925092500.0,0.0,10000.0,,0.0,0.0,0.0
2023-07-18,54.0,0.0,0.0,55.0,54.0,54.0,0.0,9499800.0,513143800.0,627.0,51.4,55.0,810800.0,53.0,10930000.0,3425000000.0,2425000000.0,925092500.0,0.0,0.0,,0.0,0.0,0.0
2023-07-20,54.0,0.0,0.0,55.0,53.0,53.0,-1.0,1970900.0,104664300.0,211.0,50.5,54.0,512900.0,53.0,10428800.0,3425000000.0,2425000000.0,925092500.0,0.0,0.0,,0.0,0.0,0.0
2023-07-21,53.0,0.0,0.0,54.0,53.0,53.0,0.0,8579200.0,454871500.0,520.0,50.5,54.0,1754300.0,53.0,2612500.0,3425000000.0,2425000000.0,925092500.0,0.0,0.0,,0.0,0.0,0.0
2023-07-24,53.0,0.0,0.0,54.0,53.0,54.0,1.0,2301200.0,122406000.0,143.0,51.4,54.0,2678400.0,53.0,2899200.0,3425000000.0,2425000000.0,925092500.0,0.0,0.0,,0.0,0.0,0.0
2023-07-25,54.0,0.0,0.0,54.0,53.0,53.0,-1.0,1592100.0,84870300.0,127.0,50.5,54.0,2691200.0,53.0,3633400.0,3425000000.0,2425000000.0,925092500.0,0.0,0.0,,0.0,0.0,0.0
2023-07-26,53.0,0.0,0.0,54.0,53.0,53.0,0.0,994500.0,52759400.0,100.0,50.5,54.0,2572700.0,53.0,3150300.0,3425000000.0,2425000000.0,925092500.0,0.0,0.0,,0.0,0.0,0.0
2023-07-27,53.0,0.0,0.0,54.0,53.0,53.0,0.0,1592800.0,84452100.0,107.0,50.5,54.0,2761000.0,53.0,2772200.0,3425000000.0,2425000000.0,925092500.0,0.0,0.0,,0.0,0.0,0.0
2023-07-28,53.0,0.0,0.0,54.0,50.0,53.0,0.0,2921000.0,154428800.0,126.0,50.5,54.0,3097800.0,53.0,1442400.0,3425000000.0,2425000000.0,925092500.0,0.0,0.0,,0.0,0.0,0.0
2023-07-31,53.0,0.0,0.0,54.0,52.0,52.0,-1.0,5840200.0,306433500.0,145.0,49.5,53.0,882400.0,52.0,7684000.0,3425000000.0,2425000000.0,925092500.0,0.0,143700.0,,0.0,0.0,0.0
2023-08-01,52.0,0.0,0.0,52.0,50.0,50.0,-2.0,62422800.0,3152933600.0,2434.0,47.6,50.0,382300.0,0.0,0.0,3425000000.0,2425000000.0,925092500.0,473300.0,0.0,,0.0,0.0,0.0
2023-08-02,50.0,0.0,0.0,50.0,50.0,50.0,0.0,3074300.0,153715000.0,2028.0,47.6,50.0,3757500.0,0.0,0.0,3425000000.0,2425000000.0,925092500.0,0.0,0.0,,0.0,0.0,0.0
2023-08-03,50.0,0.0,0.0,50.0,50.0,50.0,0.0,2071300.0,103565000.0,88.0,47.6,50.0,4058900.0,0.0,0.0,3425000000.0,2425000000.0,925092500.0,0.0,10000.0,,343223800.0,17161190000.0,9.0
2023-08-04,50.0,0.0,0.0,50.0,50.0,50.0,0.0,1399900.0,69995000.0,107.0,47.6,50.0,5412500.0,0.0,0.0,3425000000.0,2425000000.0,925092500.0,0.0,0.0,,0.0,0.0,0.0
2023-08-07,50.0,0.0,0.0,50.0,50.0,50.0,0.0,193000.0,9650000.0,51.0,47.6,50.0,83157500.0,0.0,0.0,3425000000.0,2425000000.0,925092500.0,0.0,0.0,,0.0,0.0,0.0
2023-08-08,50.0,0.0,0.0,50.0,50.0,50.0,0.0,134400.0,6720000.0,29.0,47.6,50.0,83806500.0,0.0,0.0,3425000000.0,2425000000.0,925092500.0,0.0,0.0,,174238000.0,8711900000.0,3.0
2023-08-09,50.0,0.0,0.0,50.0,50.0,50.0,0.0,198900.0,9945000.0,31.0,47.6,50.0,5249300.0,0.0,0.0,3425000000.0,2425000000.0,925092500.0,0.0,0.0,,0.0,0.0,0.0
2023-08-10,50.0,0.0,0.0,50.0,50.0,50.0,0.0,82300.0,4115000.0,49.0,47.6,50.0,3826100.0,0.0,0.0,3425000000.0,2425000000.0,925092500.0,0.0,0.0,,68031000.0,3400620000.0,4.0
2023-08-11,50.0,0.0,0.0,50.0,50.0,50.0,0.0,180600.0,9030000.0,45.0,47.6,50.0,4786300.0,0.0,0.0,3425000000.0,2425000000.0,925092500.0,0.0,0.0,,246000000.0,12300000000.0,11.0
2023-08-14,50.0,0.0,0.0,50.0,50.0,50.0,0.0,102200.0,5110000.0,20.0,47.6,50.0,5722500.0,0.0,0.0,3425000000.0,2425000000.0,925092500.0,0.0,0.0,,60000000.0,3000000000.0,1.0
2023-08-15,50.0,0.0,0.0,50.0,50.0,50.0,0.0,63200.0,3160000.0,11.0,47.6,50.0,29679200.0,0.0,0.0,3425000000.0,2425000000.0,925092500.0,0.0,0.0,,0.0,0.0,0.0
2023-08-16,50.0,0.0,0.0,50.0,50.0,50.0,0.0,30700.0,1535000.0,18.0,47.6,50.0,9142300.0,0.0,0.0,3425000000.0,2425000000.0,925092500.0,0.0,0.0,,0.0,0.0,0.0
2023-08-18,50.0,0.0,0.0,50.0,50.0,50.0,0.0,64100.0,3205000.0,13.0,47.6,50.0,28283700.0,0.0,0.0,3425000000.0,2425000000.0,925092500.0,0.0,0.0,,66135000.0,3306750000.0,2.0
2023-08-21,50.0,0.0,0.0,50.0,50.0,50.0,0.0,24900.0,1245000.0,9.0,47.6,50.0,69045600.0,0.0,0.0,3425000000.0,2425000000.0,925092500.0,0.0,0.0,,1000000.0,25000000.0,3.0
2023-08-22,50.0,0.0,0.0,50.0,50.0,50.0,0.0,87700.0,4385000.0,19.0,47.6,50.0,27928300.0,0.0,0.0,3425000000.0,2425000000.0,925092500.0,0.0,0.0,,93649300.0,4682465000.0,1.0
2023-08-23,50.0,0.0,0.0,50.0,50.0,50.0,0.0,55500.0,2775000.0,10.0,47.6,50.0,8946200.0,0.0,0.0,3425000000.0,2425000000.0,925092500.0,0.0,0.0,,46387500.0,2319375000.0,1.0
2023-08-24,50.0,0.0,0.0,50.0,50.0,50.0,0.0,52500.0,2625000.0,24.0,47.6,50.0,30331500.0,0.0,0.0,3425000000.0,2425000000.0,925092500.0,0.0,0.0,,75300000.0,527100000.0,1.0
2023-08-25,50.0,0.0,0.0,50.0,50.0,50.0,0.0,17400.0,870000.0,16.0,47.6,50.0,69249500.0,0.0,0.0,3425000000.0,2425000000.0,925092500.0,0.0,0.0,,0.0,0.0,0.0
2023-08-28,50.0,0.0,0.0,50.0,50.0,50.0,0.0,129700.0,6485000.0,13.0,47.6,50.0,8900200.0,0.0,0.0,3425000000.0,2425000000.0,925092500.0,0.0,0.0,,156388762.0,2005557900.0,6.0
2023-08-29,50.0,0.0,0.0,50.0,50.0,50.0,0.0,279400.0,13970000.0,19.0,47.6,50.0,14157000.0,0.0,0.0,3425000000.0,2425000000.0,925092500.0,0.0,0.0,,12000000.0,504000000.0,2.0
2023-08-30,50.0,0.0,0.0,50.0,50.0,50.0,0.0,31200.0,1560000.0,12.0,47.6,50.0,32836000.0,0.0,0.0,3425000000.0,2425000000.0,925092500.0,0.0,0.0,,0.0,0.0,0.0
2023-08-31,50.0,0.0,0.0,50.0,50.0,50.0,0.0,3900.0,195000.0,14.0,47.6,50.0,9215600.0,0.0,0.0,3425000000.0,2425000000.0,925092500.0,0.0,0.0,,30000000.0,1500000000.0,2.0
2023-09-01,50.0,0.0,0.0,50.0,50.0,50.0,0.0,47300.0,2365000.0,9.0,47.6,50.0,12964900.0,0.0,0.0,3425000000.0,2425000000.0,925092500.0,0.0,0.0,,50000000.0,2500000000.0,3.0
2023-09-04,50.0,0.0,0.0,50.0,50.0,50.0,0.0,35900.0,1795000.0,11.0,47.6,50.0,10123500.0,0.0,0.0,3425000000.0,2425000000.0,925092500.0,0.0,0.0,,20000000.0,1000000000.0,1.0
2023-09-05,50.0,0.0,0.0,50.0,50.0,50.0,0.0,27900.0,1395000.0,22.0,47.6,50.0,9545200.0,0.0,0.0,3425000000.0,2425000000.0,925092500.0,0.0,0.0,,0.0,0.0,0.0
2023-09-06,50.0,0.0,0.0,50.0,50.0,50.0,0.0,7100.0,355000.0,8.0,47.6,50.0,10099900.0,0.0,0.0,3425000000.0,2425000000.0,925092500.0,0.0,0.0,,19250600.0,962530000.0,2.0
2023-09-07,50.0,0.0,0.0,50.0,50.0,50.0,0.0,181200.0,9060000.0,34.0,47.6,50.0,12221400.0,0.0,0.0,3425000000.0,2425000000.0,925092500.0,0.0,0.0,,0.0,0.0,0.0
2023-09-08,50.0,0.0,0.0,50.0,50.0,50.0,0.0,1700.0,85000.0,8.0,47.6,50.0,17208900.0,0.0,0.0,3425000000.0,2425000000.0,925092500.0,0.0,0.0,,0.0,0.0,0.0
2023-09-11,50.0,0.0,0.0,50.0,50.0,50.0,0.0,2042400.0,102120000.0,420.0,47.6,50.0,54731600.0,0.0,0.0,3425000000.0,2425000000.0,925092500.0,0.0,0.0,,0.0,0.0,0.0
2023-09-12,50.0,0.0,0.0,50.0,50.0,50.0,0.0,31800.0,1590000.0,17.0,47.6,50.0,97721600.0,0.0,0.0,3425000000.0,2425000000.0,925092500.0,0.0,0.0,,0.0,0.0,0.0
2023-09-13,50.0,0.0,0.0,50.0,50.0,50.0,0.0,6000.0,300000.0,24.0,47.6,50.0,30570900.0,0.0,0.0,3425000000.0,2425000000.0,925092500.0,0.0,0.0,,0.0,0.0,0.0
2023-09-14,50.0,0.0,0.0,50.0,50.0,50.0,0.0,4013900.0,200695000.0,2117.0,47.6,50.0,33482400.0,0.0,0.0,3425000000.0,2425000000.0,925092500.0,0.0,0.0,,0.0,0.0,0.0
2023-09-15,50.0,0.0,0.0,50.0,50.0,50.0,0.0,10900.0,545000.0,18.0,47.6,50.0,71287800.0,0.0,0.0,3425000000.0,2425000000.0,925092500.0,0.0,0.0,,0.0,0.0,0.0
2023-09-18,50.0,0.0,0.0,50.0,50.0,50.0,0.0,110300.0,5515000.0,18.0,47.6,50.0,30327100.0,0.0,0.0,3425000000.0,2425000000.0,925092500.0,0.0,0.0,,0.0,0.0,0.0
2023-09-19,50.0,0.0,0.0,50.0,50.0,50.0,0.0,36600.0,1830000.0,116.0,47.6,50.0,71793100.0,0.0,0.0,3425000000.0,2425000000.0,925092500.0,0.0,0.0,,60000000.0,3000000000.0,1.0
2023-09-20,50.0,0.0,0.0,50.0,50.0,50.0,0.0,9100.0,455000.0,19.0,47.6,50.0,71420600.0,0.0,0.0,3425000000.0,2425000000.0,925092500.0,0.0,0.0,,0.0,0.0,0.0
2023-09-21,50.0,0.0,0.0,50.0,50.0,50.0,0.0,24800.0,1240000.0,13.0,47.6,50.0,32360500.0,0.0,0.0,3425000000.0,2425000000.0,925092500.0,0.0,0.0,,0.0,0.0,0.0
2023-09-22,50.0,0.0,0.0,50.0,50.0,50.0,0.0,145700.0,7285000.0,27.0,47.6,50.0,28287000.0,0.0,0.0,3425000000.0,2425000000.0,925092500.0,0.0,0.0,,1515200.0,50001600.0,1.0
2023-09-25,50.0,0.0,0.0,50.0,50.0,50.0,0.0,168100.0,8405000.0,35.0,47.6,50.0,75368500.0,0.0,0.0,3425000000.0,2425000000.0,925092500.0,0.0,0.0,,0.0,0.0,0.0
2023-09-26,50.0,0.0,0.0,50.0,50.0,50.0,0.0,17000.0,850000.0,24.0,47.6,50.0,38019400.0,0.0,0.0,3425000000.0,2425000000.0,925092500.0,0.0,0.0,,0.0,0.0,0.0
2023-09-27,50.0,0.0,0.0,50.0,50.0,50.0,0.0,97700.0,4885000.0,18.0,47.6,50.0,24137100.0,0.0,0.0,3425000000.0,2425000000.0,925092500.0,0.0,0.0,,0.0,0.0,0.0
2023-09-29,50.0,0.0,0.0,50.0,50.0,50.0,0.0,178200.0,8910000.0,28.0,47.6,50.0,25333200.0,0.0,0.0,3425000000.0,2425000000.0,925092500.0,0.0,0.0,,2500.0,125000.0,1.0
2023-10-02,50.0,0.0,0.0,50.0,50.0,50.0,0.0,26800.0,1340000.0,10.0,47.6,50.0,24677800.0,0.0,0.0,3425000000.0,2425000000.0,925092500.0,0.0,0.0,,0.0,0.0,0.0
2023-10-03,50.0,0.0,0.0,50.0,50.0,50.0,0.0,553900.0,27695000.0,25.0,47.6,50.0,23211700.0,0.0,0.0,3425000000.0,2425000000.0,925092500.0,0.0,0.0,,0.0,0.0,0.0
2023-10-04,50.0,0.0,0.0,50.0,50.0,50.0,0.0,215300.0,10765000.0,9.0,47.6,50.0,22141800.0,0.0,0.0,3425000000.0,2425000000.0,925092500.0,0.0,0.0,,0.0,0.0,0.0
2023-10-05,50.0,0.0,0.0,50.0,50.0,50.0,0.0,2177200.0,108860000.0,597.0,47.6,50.0,50023400.0,0.0,0.0,3425000000.0,2425000000.0,925092500.0,0.0,0.0,,0.0,0.0,0.0
2023-10-06,50.0,0.0,0.0,50.0,50.0,50.0,0.0,3238300.0,161915000.0,570.0,47.6,50.0,30023400.0,0.0,0.0,3425000000.0,2425000000.0,925092500.0,0.0,0.0,,0.0,0.0,0.0
2023-10-09,50.0,0.0,0.0,50.0,50.0,50.0,0.0,81000.0,4050000.0,6.0,47.6,50.0,39458900.0,0.0,0.0,3425000000.0,2425000000.0,925092500.0,0.0,0.0,,0.0,0.0,0.0
2023-10-10,50.0,0.0,0.0,50.0,50.0,50.0,0.0,4700.0,235000.0,8.0,47.6,50.0,38398600.0,0.0,0.0,3425000000.0,2425000000.0,925092500.0,0.0,0.0,,0.0,0.0,0.0
2023-10-11,50.0,0.0,0.0,50.0,50.0,50.0,0.0,605100.0,30255000.0,412.0,47.6,50.0,38490000.0,0.0,0.0,3425000000.0,2425000000.0,925092500.0,0.0,0.0,,0.0,0.0,0.0
2023-10-12,50.0,0.0,0.0,50.0,50.0,50.0,0.0,2500.0,125000.0,5.0,47.6,50.0,38504700.0,0.0,0.0,3425000000.0,2425000000.0,925092500.0,0.0,0.0,,0.0,0.0,0.0
2023-10-13,50.0,0.0,0.0,50.0,50.0,50.0,0.0,14900.0,745000.0,10.0,47.6,50.0,38536000.0,0.0,0.0,3425000000.0,2425000000.0,925092500.0,0.0,0.0,,19900000.0,995000000.0,1.0
2023-10-16,50.0,0.0,0.0,50.0,50.0,50.0,0.0,3600.0,180000.0,7.0,47.6,50.0,41100800.0,0.0,0.0,3425000530.0,2425000530.0,925092500.0,0.0,0.0,,0.0,0.0,0.0
2023-10-17,50.0,0.0,0.0,50.0,50.0,50.0,0.0,23400.0,1170000.0,163.0,47.6,50.0,34529600.0,0.0,0.0,3425000870.0,2425000870.0,925092500.0,0.0,0.0,,0.0,0.0,0.0
2023-10-18,50.0,0.0,0.0,50.0,50.0,50.0,0.0,93700.0,4685000.0,10.0,47.6,50.0,39064200.0,0.0,0.0,3425000870.0,2425000870.0,925092500.0,0.0,0.0,,0.0,0.0,0.0
2023-10-19,50.0,0.0,0.0,50.0,50.0,50.0,0.0,600.0,30000.0,6.0,47.6,50.0,39356500.0,0.0,0.0,3425001171.0,2425001171.0,925092500.0,0.0,0.0,,0.0,0.0,0.0
2023-10-20,50.0,0.0,0.0,50.0,50.0,50.0,0.0,71600.0,3580000.0,17.0,47.6,50.0,39374200.0,0.0,0.0,3425001171.0,2425001171.0,925092500.0,0.0,0.0,,2851000.0,94083000.0,1.0
2023-10-23,50.0,0.0,0.0,50.0,50.0,50.0,0.0,16900.0,845000.0,9.0,47.6,50.0,44880900.0,0.0,0.0,3425002571.0,2425002571.0,925092500.0,0.0,0.0,,0.0,0.0,0.0
2023-10-24,50.0,0.0,0.0,50.0,50.0,50.0,0.0,51700.0,2585000.0,14.0,47.6,50.0,40670000.0,0.0,0.0,3425002851.0,2425002851.0,925092500.0,0.0,2000.0,,69400.0,2290200.0,1.0
2023-10-25,50.0,0.0,0.0,50.0,50.0,50.0,0.0,63600.0,3180000.0,11.0,47.6,50.0,44666600.0,0.0,0.0,3425002851.0,2425002851.0,925092500.0,0.0,0.0,,3166100.0,104481300.0,1.0
2023-10-26,50.0,0.0,0.0,50.0,50.0,50.0,0.0,18100.0,905000.0,155.0,47.6,50.0,35804000.0,0.0,0.0,3425002851.0,2425002851.0,925092500.0,0.0,0.0,,0.0,0.0,0.0
2023-10-27,50.0,0.0,0.0,50.0,50.0,50.0,0.0,1400.0,70000.0,5.0,47.6,50.0,43418200.0,0.0,0.0,3425003001.0,2425003001.0,925092500.0,0.0,0.0,,0.0,0.0,0.0
2023-10-30,50.0,0.0,0.0,50.0,50.0,50.0,0.0,200.0,10000.0,1.0,47.6,50.0,39318600.0,0.0,0.0,3425003002.0,2425003002.0,925092500.0,0.0,0.0,,0.0,0.0,0.0
2023-10-31,50.0,0.0,0.0,50.0,50.0,50.0,0.0,13100.0,655000.0,3.0,47.6,50.0,39587700.0,0.0,0.0,3425003152.0,2425003152.0,925092500.0,0.0,0.0,,0.0,0.0,0.0
2023-11-01,50.0,0.0,0.0,50.0,50.0,50.0,0.0,400.0,20000.0,3.0,47.6,50.0,40087800.0,0.0,0.0,3425003152.0,2425003152.0,925092500.0,0.0,0.0,,80.0,80.0,1.0
2023-11-02,50.0,0.0,0.0,50.0,50.0,50.0,0.0,20100.0,1005000.0,201.0,47.6,50.0,43241900.0,0.0,0.0,3425003382.0,2425003382.0,925092500.0,0.0,0.0,,0.0,0.0,0.0
2023-11-03,50.0,0.0,0.0,50.0,50.0,50.0,0.0,600.0,30000.0,6.0,47.6,50.0,38596200.0,0.0,0.0,3425003742.0,2425003742.0,925092500.0,0.0,0.0,,0.0,0.0,0.0
2023-11-06,50.0,0.0,0.0,50.0,50.0,50.0,0.0,100.0,5000.0,1.0,47.6,50.0,54730700.0,0.0,0.0,3425003892.0,2425003892.0,925092500.0,0.0,0.0,,0.0,0.0,0.0
2023-11-07,50.0,0.0,0.0,50.0,50.0,50.0,0.0,96600.0,4830000.0,35.0,47.6,50.0,51313600.0,0.0,0.0,3425003972.0,2425003972.0,925092500.0,0.0,0.0,,0.0,0.0,0.0
2023-11-08,50.0,0.0,0.0,50.0,50.0,50.0,0.0,1415100.0,70755000.0,158.0,47.6,50.0,51708100.0,0.0,0.0,3425004142.0,2425004142.0,925092500.0,0.0,0.0,,0.0,0.0,0.0
2023-11-09,50.0,0.0,0.0,50.0,50.0,50.0,0.0,243800.0,12190000.0,114.0,47.6,50.0,50970400.0,0.0,0.0,3425005042.0,2425005042.0,925092500.0,0.0,0.0,,60000000.0,1980000000.0,1.0
2023-11-10,50.0,0.0,0.0,50.0,50.0,50.0,0.0,10700.0,535000.0,8.0,47.6,50.0,52304400.0,0.0,0.0,3425005196.0,2425005196.0,925092500.0,0.0,0.0,,0.0,0.0,0.0
2023-11-13,50.0,0.0,0.0,50.0,50.0,50.0,0.0,30100.0,1505000.0,3.0,47.6,50.0,49495400.0,0.0,0.0,3425005196.0,2425005196.0,925092500.0,0.0,0.0,,0.0,0.0,0.0
2023-11-14,50.0,0.0,0.0,50.0,50.0,50.0,0.0,7000.0,350000.0,5.0,47.6,50.0,43278900.0,0.0,0.0,3425005566.0,2425005566.0,925092500.0,0.0,0.0,,16965000.0,848250000.0,1.0
2023-11-15,50.0,0.0,0.0,50.0,50.0,50.0,0.0,62800.0,3140000.0,10.0,47.6,50.0,42639400.0,0.0,0.0,3425005642.0,2425005642.0,925092500.0,0.0,0.0,,0.0,0.0,0.0
2023-11-16,50.0,0.0,0.0,50.0,50.0,50.0,0.0,60100.0,3005000.0,6.0,47.6,50.0,44534200.0,0.0,0.0,3425006502.0,2425006502.0,925092500.0,0.0,0.0,,0.0,0.0,0.0
2023-11-17,50.0,0.0,0.0,50.0,50.0,50.0,0.0,361500.0,18075000.0,38.0,47.6,50.0,36745900.0,0.0,0.0,3425006652.0,2425006652.0,925092500.0,0.0,0.0,,203300.0,7522100.0,1.0
2023-11-20,50.0,0.0,0.0,50.0,50.0,50.0,0.0,897200.0,44860000.0,179.0,47.6,50.0,65067300.0,0.0,0.0,3425006652.0,2425006652.0,925092500.0,0.0,0.0,,0.0,0.0,0.0
2023-11-21,50.0,0.0,0.0,50.0,50.0,50.0,0.0,80800.0,4040000.0,13.0,47.6,50.0,73033400.0,0.0,0.0,3425006653.0,2425006653.0,925092500.0,0.0,0.0,,203300.0,6912200.0,1.0
2023-11-22,50.0,0.0,0.0,50.0,50.0,50.0,0.0,81400.0,4070000.0,4.0,47.6,50.0,40291300.0,0.0,0.0,3425006653.0,2425006653.0,925092500.0,0.0,0.0,,0.0,0.0,0.0
2023-11-23,50.0,0.0,0.0,50.0,50.0,50.0,0.0,121900.0,6095000.0,40.0,47.6,50.0,40209600.0,0.0,0.0,3425006744.0,2425006744.0,925092500.0,0.0,0.0,,0.0,0.0,0.0
2023-11-24,50.0,0.0,0.0,50.0,50.0,50.0,0.0,102100.0,5105000.0,18.0,47.6,50.0,39759200.0,0.0,0.0,3425006814.0,2425006814.0,925092500.0,0.0,0.0,,0.0,0.0,0.0
2023-11-27,50.0,0.0,0.0,50.0,50.0,50.0,0.0,700.0,35000.0,4.0,47.6,50.0,24233900.0,0.0,0.0,3425006874.0,2425006874.0,925092500.0,0.0,0.0,,0.0,0.0,0.0
2023-11-28,50.0,0.0,0.0,50.0,50.0,50.0,0.0,500.0,25000.0,2.0,47.6,50.0,42611100.0,0.0,0.0,3425006874.0,2425006874.0,925092500.0,0.0,0.0,,0.0,0.0,0.0
2023-11-29,50.0,0.0,0.0,50.0,50.0,50.0,0.0,18300.0,915000.0,9.0,47.6,50.0,39558700.0,0.0,0.0,3425006874.0,2425006874.0,925092500.0,0.0,0.0,,0.0,0.0,0.0
2023-11-30,50.0,0.0,0.0,50.0,50.0,50.0,0.0,402700.0,20135000.0,31.0,47.6,50.0,18339100.0,0.0,0.0,3425007054.0,2425007054.0,925092500.0,0.0,0.0,,0.0,0.0,0.0
2023-12-01,50.0,0.0,0.0,50.0,50.0,50.0,0.0,7200.0,360000.0,12.0,47.6,50.0,24760300.0,0.0,0.0,3425007134.0,2425007134.0,925092500.0,0.0,0.0,,0.0,0.0,0.0
2023-12-04,50.0,0.0,0.0,50.0,50.0,50.0,0.0,10700.0,535000.0,3.0,47.6,50.0,42914600.0,0.0,0.0,3425007154.0,2425007154.0,925092500.0,0.0,0.0,,24240000.0,799920000.0,1.0
2023-12-05,50.0,0.0,0.0,50.0,50.0,50.0,0.0,28500.0,1425000.0,6.0,47.6,50.0,44141700.0,0.0,0.0,3425007154.0,2425007154.0,925092500.0,0.0,0.0,,51610500.0,1704914500.0,2.0
2023-12-06,50.0,0.0,0.0,50.0,50.0,50.0,0.0,1932200.0,96610000.0,13.0,47.6,50.0,44230900.0,0.0,0.0,3425007564.0,2425007564.0,925092500.0,0.0,0.0,,9000.0,270000.0,1.0
2023-12-07,50.0,0.0,0.0,50.0,50.0,50.0,0.0,2510400.0,125520000.0,72.0,47.6,50.0,40252100.0,0.0,0.0,3425007704.0,2425007704.0,925092500.0,0.0,0.0,,0.0,0.0,0.0
2023-12-08,50.0,0.0,0.0,50.0,50.0,50.0,0.0,7300.0,365000.0,3.0,47.6,50.0,52087200.0,0.0,0.0,3425007754.0,2425007754.0,925092500.0,0.0,0.0,,0.0,0.0,0.0
2023-12-11,50.0,0.0,0.0,50.0,50.0,50.0,0.0,1500.0,75000.0,12.0,47.6,50.0,42757200.0,0.0,0.0,3425007914.0,2425007914.0,925092500.0,0.0,0.0,,1010000.0,50500000.0,1.0
2023-12-12,50.0,0.0,0.0,50.0,50.0,50.0,0.0,22600.0,1130000.0,4.0,47.6,50.0,53487000.0,0.0,0.0,3425008024.0,2425008024.0,925092500.0,0.0,0.0,,0.0,0.0,0.0
2023-12-13,50.0,0.0,0.0,50.0,50.0,50.0,0.0,5100.0,255000.0,3.0,47.6,50.0,59725000.0,0.0,0.0,3425009194.0,2425009194.0,925092500.0,0.0,0.0,,0.0,0.0,0.0
2023-12-14,50.0,0.0,0.0,50.0,50.0,50.0,0.0,2800.0,140000.0,2.0,47.6,50.0,47004500.0,0.0,0.0,3425009264.0,2425009264.0,925092500.0,0.0,0.0,,0.0,0.0,0.0
2023-12-15,50.0,0.0,0.0,50.0,50.0,50.0,0.0,2800.0,140000.0,1.0,47.6,50.0,69899300.0,0.0,0.0,3425009494.0,2425009494.0,925092500.0,0.0,0.0,,113100.0,3365000.0,3.0
2023-12-18,50.0,0.0,0.0,50.0,50.0,50.0,0.0,100.0,5000.0,1.0,47.6,50.0,49110900.0,0.0,0.0,3425009494.0,2425009494.0,925092500.0,0.0,0.0,,0.0,0.0,0.0
2023-12-19,50.0,0.0,0.0,50.0,50.0,50.0,0.0,600.0,30000.0,2.0,47.6,50.0,48436400.0,0.0,0.0,3425009544.0,2425009544.0,925092500.0,0.0,0.0,,0.0,0.0,0.0
2023-12-20,50.0,0.0,0.0,50.0,50.0,50.0,0.0,4434900.0,221745000.0,45.0,47.6,50.0,46835000.0,0.0,0.0,3425009544.0,2425009544.0,925092500.0,0.0,0.0,,0.0,0.0,0.0
2023-12-21,50.0,0.0,0.0,50.0,50.0,50.0,0.0,500.0,25000.0,2.0,47.6,50.0,50539000.0,0.0,0.0,3425009634.0,2425009634.0,925092500.0,0.0,0.0,,0.0,0.0,0.0
2023-12-22,50.0,0.0,0.0,50.0,50.0,50.0,0.0,101700.0,5085000.0,2.0,47.6,50.0,48955700.0,0.0,0.0,3425009634.0,2425009634.0,925092500.0,0.0,0.0,,0.0,0.0,0.0
2023-12-27,50.0,0.0,0.0,50.0,50.0,50.0,0.0,10200.0,510000.0,3.0,47.6,50.0,45711500.0,0.0,0.0,3425009724.0,2425009724.0,925092500.0,0.0,0.0,,20110500.0,505414500.0,2.0
2023-12-28,50.0,0.0,0.0,50.0,50.0,50.0,0.0,500.0,25000.0,2.0,47.6,50.0,51902900.0,0.0,0.0,3425009724.0,2425009724.0,925092500.0,0.0,0.0,,700.0,700.0,1.0
2023-12-29,50.0,0.0,0.0,50.0,50.0,50.0,0.0,100.0,5000.0,1.0,47.6,50.0,63303500.0,0.0,0.0,3425009814.0,2425009814.0,925092500.0,0.0,0.0,,110500.0,2210000.0,1.0
2024-01-02,50.0,0.0,0.0,50.0,50.0,50.0,0.0,5100.0,255000.0,5.0,47.6,50.0,58287300.0,0.0,0.0,3425009884.0,2425009884.0,925095078.0,0.0,0.0,,0.0,0.0,0.0
2024-01-03,50.0,0.0,0.0,50.0,50.0,50.0,0.0,11900.0,595000.0,2.0,47.6,50.0,53851000.0,0.0,0.0,3425010025.0,2425010025.0,925095078.0,0.0,0.0,,0.0,0.0,0.0
2024-01-04,50.0,0.0,0.0,50.0,50.0,50.0,0.0,12000.0,600000.0,16.0,47.6,50.0,58374700.0,0.0,0.0,3425010025.0,2425010025.0,925095078.0,0.0,0.0,,0.0,0.0,0.0
2024-01-05,50.0,0.0,0.0,50.0,50.0,50.0,0.0,11300.0,565000.0,21.0,47.6,50.0,62109400.0,0.0,0.0,3425010035.0,2425010035.0,925095078.0,0.0,0.0,,0.0,0.0,0.0
2024-01-08,50.0,0.0,0.0,50.0,50.0,50.0,0.0,300.0,15000.0,3.0,47.6,50.0,57513800.0,0.0,0.0,3425010155.0,2425010155.0,925095078.0,0.0,0.0,,0.0,0.0,0.0
2024-01-09,50.0,0.0,0.0,50.0,50.0,50.0,0.0,145500.0,7275000.0,5.0,47.6,50.0,57220300.0,0.0,0.0,3425010155.0,2425010155.0,925095078.0,0.0,0.0,,0.0,0.0,0.0
2024-01-10,50.0,0.0,0.0,50.0,50.0,50.0,0.0,100.0,5000.0,1.0,47.6,50.0,60828100.0,0.0,0.0,3425010155.0,2425010155.0,925095078.0,0.0,0.0,,0.0,0.0,0.0
2024-01-11,50.0,0.0,0.0,50.0,50.0,50.0,0.0,200.0,10000.0,2.0,47.6,50.0,61103200.0,0.0,0.0,3425010245.0,2425010245.0,925095078.0,0.0,0.0,,0.0,0.0,0.0
2024-01-12,50.0,0.0,0.0,0.0,0.0,50.0,0.0,0.0,0.0,0.0,47.6,50.0,46664000.0,0.0,0.0,3425010245.0,2425010245.0,925095078.0,0.0,0.0,,0.0,0.0,0.0
2024-01-15,50.0,0.0,0.0,50.0,50.0,50.0,0.0,11300.0,565000.0,6.0,47.6,50.0,57336300.0,0.0,0.0,3425010395.0,2425010395.0,925095078.0,0.0,0.0,,0.0,0.0,0.0
2024-01-16,50.0,0.0,0.0,50.0,50.0,50.0,0.0,3100.0,155000.0,3.0,47.6,50.0,44238000.0,0.0,0.0,3425010395.0,2425010395.0,925095078.0,0.0,0.0,,0.0,0.0,0.0
2024-01-17,50.0,0.0,0.0,50.0,50.0,50.0,0.0,4700.0,235000.0,1.0,47.6,50.0,63228300.0,0.0,0.0,3425010741.0,2425010741.0,925095078.0,0.0,0.0,,0.0,0.0,0.0
2024-01-18,50.0,0.0,0.0,50.0,50.0,50.0,0.0,3500.0,175000.0,2.0,47.6,50.0,63014800.0,0.0,0.0,3425010801.0,2425010801.0,925095078.0,0.0,0.0,,0.0,0.0,0.0
2024-01-19,50.0,0.0,0.0,0.0,0.0,50.0,0.0,0.0,0.0,0.0,47.6,50.0,64357100.0,0.0,0.0,3425010801.0,2425010801.0,925095078.0,0.0,0.0,,0.0,0.0,0.0
2024-01-22,50.0,0.0,0.0,50.0,50.0,50.0,0.0,10400.0,520000.0,3.0,47.6,50.0,61276200.0,0.0,0.0,3425010871.0,2425010871.0,925095078.0,0.0,0.0,,200.0,10000.0,1.0
2024-01-23,50.0,0.0,0.0,50.0,50.0,50.0,0.0,11000.0,550000.0,2.0,47.6,50.0,59951300.0,0.0,0.0,3425010871.0,2425010871.0,925095078.0,0.0,0.0,,0.0,0.0,0.0
2024-01-24,50.0,0.0,0.0,0.0,0.0,50.0,0.0,0.0,0.0,0.0,47.6,50.0,58315200.0,0.0,0.0,3425010871.0,2425010871.0,925095078.0,0.0,0.0,,0.0,0.0,0.0
2024-01-25,50.0,0.0,0.0,0.0,0.0,50.0,0.0,0.0,0.0,0.0,47.6,50.0,55861200.0,0.0,0.0,3425011071.0,2425011071.0,925095078.0,0.0,0.0,,0.0,0.0,0.0
2024-01-26,50.0,0.0,0.0,0.0,0.0,50.0,0.0,0.0,0.0,0.0,47.6,50.0,59538600.0,0.0,0.0,3425011131.0,2425011131.0,925095078.0,0.0,0.0,,0.0,0.0,0.0
2024-01-29,50.0,0.0,0.0,50.0,50.0,50.0,0.0,18000.0,900000.0,2.0,47.6,50.0,53598700.0,0.0,0.0,3425011131.0,2425011131.0,925095078.0,0.0,0.0,,0.0,0.0,0.0
2024-01-30,50.0,0.0,0.0,50.0,50.0,50.0,0.0,200.0,10000.0,2.0,47.6,50.0,53497300.0,0.0,0.0,3425011131.0,2425011131.0,925095078.0,0.0,0.0,,0.0,0.0,0.0
2024-01-31,50.0,0.0,0.0,50.0,50.0,50.0,0.0,8500.0,425000.0,9.0,47.6,50.0,58133900.0,0.0,0.0,3425011131.0,2425011131.0,925095078.0,0.0,0.0,,0.0,0.0,0.0
2024-02-01,50.0,0.0,0.0,50.0,50.0,50.0,0.0,500.0,25000.0,3.0,47.6,50.0,47244500.0,0.0,0.0,3425011131.0,2425011131.0,925095078.0,0.0,0.0,,225000.0,3375000.0,1.0
2024-02-02,50.0,0.0,0.0,50.0,50.0,50.0,0.0,2100.0,105000.0,2.0,47.6,50.0,49793500.0,0.0,0.0,3425011131.0,2425011131.0,925095078.0,0.0,0.0,,3025000.0,132875000.0,3.0
2024-02-05,50.0,0.0,0.0,50.0,50.0,50.0,0.0,100.0,5000.0,1.0,47.6,50.0,39040300.0,0.0,0.0,3425011221.0,2425011221.0,925095078.0,0.0,0.0,,110500.0,2210000.0,1.0
2024-02-06,50.0,0.0,0.0,50.0,50.0,50.0,0.0,2400.0,120000.0,12.0,47.6,50.0,40761200.0,0.0,0.0,3425011261.0,2425011261.0,925095078.0,0.0,0.0,,0.0,0.0,0.0
2024-02-07,50.0,0.0,0.0,0.0,0.0,50.0,0.0,0.0,0.0,0.0,47.6,50.0,37446100.0,0.0,0.0,3425011261.0,2425011261.0,925095078.0,0.0,0.0,,950000.0,21000000.0,2.0
2024-02-12,50.0,0.0,0.0,0.0,0.0,50.0,0.0,0.0,0.0,0.0,47.6,50.0,42622000.0,0.0,0.0,3425011261.0,2425011261.0,925095078.0,0.0,0.0,,0.0,0.0,0.0
2024-02-13,50.0,0.0,0.0,50.0,50.0,50.0,0.0,1100.0,55000.0,2.0,47.6,50.0,40295600.0,0.0,0.0,3425011261.0,2425011261.0,925095078.0,0.0,0.0,,110653300.0,110653300.0,1.0
2024-02-15,50.0,0.0,0.0,50.0,50.0,50.0,0.0,295200.0,14760000.0,244.0,47.6,50.0,38752600.0,0.0,0.0,3425011344.0,2425011344.0,925095078.0,0.0,0.0,,600000.0,11000000.0,2.0
2024-02-16,50.0,0.0,0.0,50.0,50.0,50.0,0.0,19600.0,980000.0,3.0,47.6,50.0,47816600.0,0.0,0.0,3425011514.0,2425011514.0,925095078.0,0.0,0.0,,390900.0,7196200.0,2.0
2024-02-19,50.0,0.0,0.0,50.0,50.0,50.0,0.0,1100.0,55000.0,2.0,47.6,50.0,40153000.0,0.0,0.0,3425011684.0,2425011684.0,925095078.0,0.0,0.0,,80000.0,2000000.0,1.0
2024-02-20,50.0,0.0,0.0,50.0,50.0,50.0,0.0,200.0,10000.0,1.0,47.6,50.0,39484500.0,0.0,0.0,3425011764.0,2425011764.0,925095078.0,0.0,0.0,,2300000.0,41500000.0,2.0
2024-02-21,50.0,0.0,0.0,50.0,50.0,50.0,0.0,1600.0,80000.0,9.0,47.6,50.0,37530200.0,0.0,0.0,3425011844.0,2425011844.0,925095078.0,0.0,0.0,,0.0,0.0,0.0
2024-02-22,50.0,0.0,0.0,50.0,50.0,50.0,0.0,10400.0,520000.0,4.0,47.6,50.0,38589400.0,0.0,0.0,3425011844.0,2425011844.0,925095078.0,0.0,0.0,,0.0,0.0,0.0
2024-02-23,50.0,0.0,0.0,50.0,50.0,50.0,0.0,300.0,15000.0,2.0,47.6,50.0,43898000.0,0.0,0.0,3425011934.0,2425011934.0,925095078.0,0.0,0.0,,200000.0,4000000.0,1.0
2024-02-26,50.0,0.0,0.0,50.0,50.0,50.0,0.0,1700.0,85000.0,3.0,47.6,50.0,38842300.0,0.0,0.0,3425011934.0,2425011934.0,925095078.0,0.0,0.0,,200000.0,3800000.0,1.0
2024-02-27,50.0,0.0,0.0,0.0,0.0,50.0,0.0,0.0,0.0,0.0,47.6,50.0,35958000.0,0.0,0.0,3425011984.0,2425011984.0,925095078.0,0.0,0.0,,0.0,0.0,0.0
2024-02-28,50.0,0.0,0.0,50.0,50.0,50.0,0.0,48500.0,2425000.0,2.0,47.6,50.0,36283800.0,0.0,0.0,3425012054.0,2425012054.0,925095078.0,0.0,0.0,,0.0,0.0,0.0
2024-02-29,50.0,0.0,0.0,50.0,50.0,50.0,0.0,500.0,25000.0,2.0,47.6,50.0,42077200.0,0.0,0.0,3425012054.0,2425012054.0,925095078.0,0.0,0.0,,0.0,0.0,0.0
2024-03-01,50.0,0.0,0.0,50.0,50.0,50.0,0.0,11500.0,575000.0,5.0,47.6,50.0,40065000.0,0.0,0.0,3425012144.0,2425012144.0,925095078.0,0.0,0.0,,0.0,0.0,0.0
2024-03-04,50.0,0.0,0.0,50.0,50.0,50.0,0.0,200.0,10000.0,2.0,47.6,50.0,34861800.0,0.0,0.0,3425012144.0,2425012144.0,925095078.0,0.0,0.0,,0.0,0.0,0.0
2024-03-05,50.0,0.0,0.0,50.0,50.0,50.0,0.0,300.0,15000.0,2.0,47.6,50.0,37036500.0,0.0,0.0,3425012144.0,2425012144.0,925095078.0,0.0,0.0,,0.0,0.0,0.0
2024-03-06,50.0,0.0,0.0,50.0,50.0,50.0,0.0,100.0,5000.0,1.0,47.6,50.0,39243800.0,0.0,0.0,3425012144.0,2425012144.0,925095078.0,0.0,0.0,,100000.0,1900000.0,1.0
2024-03-07,50.0,0.0,0.0,50.0,50.0,50.0,0.0,105200.0,5260000.0,11.0,47.6,50.0,40627600.0,0.0,0.0,3425012154.0,2425012154.0,925095078.0,0.0,0.0,,100000.0,1900000.0,1.0
2024-03-08,50.0,0.0,0.0,50.0,50.0,50.0,0.0,500.0,25000.0,5.0,47.6,50.0,40009700.0,0.0,0.0,3425012154.0,2425012154.0,925095078.0,0.0,0.0,,0.0,0.0,0.0
2024-03-13,50.0,0.0,0.0,50.0,50.0,50.0,0.0,17400.0,870000.0,7.0,47.6,50.0,43318800.0,0.0,0.0,3425012158.0,2425012158.0,925095078.0,0.0,0.0,,100000.0,1800000.0,1.0
2024-03-14,50.0,0.0,0.0,50.0,50.0,50.0,0.0,400.0,20000.0,3.0,47.6,50.0,38763400.0,0.0,0.0,3425012158.0,2425012158.0,925095078.0,0.0,0.0,,13377500.0,40132500.0,1.0
2024-03-15,50.0,0.0,0.0,50.0,50.0,50.0,0.0,11100.0,555000.0,3.0,47.6,50.0,48555900.0,0.0,0.0,3425012158.0,2425012158.0,925095078.0,0.0,0.0,,0.0,0.0,0.0
2024-03-18,50.0,0.0,0.0,50.0,50.0,50.0,0.0,1000.0,50000.0,1.0,47.6,50.0,51304800.0,0.0,0.0,3425012158.0,2425012158.0,925095078.0,0.0,0.0,,0.0,0.0,0.0
2024-03-19,50.0,0.0,0.0,50.0,50.0,50.0,0.0,2200.0,110000.0,3.0,47.6,50.0,52038000.0,0.0,0.0,3425012252.0,2425012252.0,925095078.0,0.0,0.0,,0.0,0.0,0.0
2024-03-20,50.0,0.0,0.0,50.0,50.0,50.0,0.0,11900.0,595000.0,6.0,47.6,50.0,47181400.0,0.0,0.0,3425012372.0,2425012372.0,925095078.0,0.0,0.0,,0.0,0.0,0.0
2024-03-21,50.0,0.0,0.0,50.0,50.0,50.0,0.0,100.0,5000.0,1.0,47.6,50.0,48034800.0,0.0,0.0,3425012464.0,2425012464.0,925095078.0,0.0,0.0,,0.0,0.0,0.0
2024-03-22,50.0,0.0,0.0,50.0,50.0,50.0,0.0,9400.0,470000.0,2.0,47.6,50.0,48532800.0,0.0,0.0,3425012464.0,2425012464.0,925095078.0,0.0,0.0,,0.0,0.0,0.0
2024-03-25,50.0,0.0,0.0,0.0,0.0,50.0,0.0,0.0,0.0,0.0,47.6,50.0,53454000.0,0.0,0.0,3425012504.0,2425012504.0,925095078.0,0.0,0.0,,3010000.0,12170000.0,2.0
2024-03-26,50.0,0.0,0.0,50.0,50.0,50.0,0.0,2000.0,100000.0,1.0,47.6,50.0,50584900.0,0.0,0.0,3425012534.0,2425012534.0,925095078.0,0.0,0.0,,0.0,0.0,0.0
2024-03-27,50.0,0.0,0.0,50.0,50.0,50.0,0.0,100.0,5000.0,1.0,47.6,50.0,55142500.0,0.0,0.0,3425012564.0,2425012564.0,925095078.0,0.0,0.0,,6377500.0,38265000.0,1.0
2024-03-28,50.0,0.0,0.0,50.0,50.0,50.0,0.0,2000.0,100000.0,1.0,47.6,50.0,59644500.0,0.0,0.0,3425012564.0,2425012564.0,925095078.0,0.0,0.0,,0.0,0.0,0.0
2024-04-01,50.0,0.0,0.0,0.0,0.0,50.0,0.0,0.0,0.0,0.0,47.6,50.0,54547200.0,0.0,0.0,3425012564.0,2425012564.0,925095842.0,0.0,0.0,,4000000.0,24000000.0,1.0
2024-04-02,50.0,0.0,0.0,0.0,0.0,50.0,0.0,0.0,0.0,0.0,47.6,50.0,59701900.0,0.0,0.0,3425012564.0,2425012564.0,925095842.0,0.0,0.0,,0.0,0.0,0.0
2024-04-03,50.0,0.0,0.0,0.0,0.0,50.0,0.0,0.0,0.0,0.0,47.6,50.0,51291500.0,0.0,0.0,3425012634.0,2425012634.0,925095842.0,0.0,0.0,,4000000.0,24000000.0,1.0
2024-04-04,50.0,0.0,0.0,50.0,50.0,50.0,0.0,300.0,15000.0,3.0,47.6,50.0,52923700.0,0.0,0.0,3425012714.0,2425012714.0,925095842.0,0.0,0.0,,0.0,0.0,0.0
2024-04-05,50.0,0.0,0.0,50.0,50.0,50.0,0.0,100.0,5000.0,1.0,47.6,50.0,73519600.0,0.0,0.0,3425012714.0,2425012714.0,925095842.0,0.0,0.0,,23275800.0,93103200.0,1.0
2024-04-16,50.0,0.0,0.0,50.0,50.0,50.0,0.0,22200.0,1110000.0,4.0,47.6,50.0,66771700.0,0.0,0.0,3425012804.0,3425012804.0,925095842.0,0.0,0.0,,16287700.0,814385000.0,1.0
2024-04-17,50.0,0.0,0.0,50.0,50.0,50.0,0.0,30400.0,1520000.0,2.0,47.6,50.0,68469400.0,0.0,0.0,3425012804.0,3425012804.0,925095842.0,0.0,0.0,,30000000.0,140000000.0,3.0
2024-04-18,50.0,0.0,0.0,50.0,50.0,50.0,0.0,10300.0,515000.0,4.0,47.6,50.0,108668200.0,0.0,0.0,3425012904.0,3425012904.0,925095842.0,0.0,0.0,,0.0,0.0,0.0
2024-04-19,50.0,0.0,0.0,50.0,50.0,50.0,0.0,20000.0,1000000.0,2.0,47.6,50.0,184839900.0,0.0,0.0,3425012904.0,3425012904.0,925095842.0,0.0,0.0,,0.0,0.0,0.0
2024-04-22,50.0,0.0,0.0,50.0,50.0,50.0,0.0,7500.0,375000.0,1.0,47.6,50.0,187686400.0,0.0,0.0,3425013086.0,3425013086.0,925095842.0,0.0,0.0,,1000000.0,5000000.0,1.0
2024-04-23,50.0,0.0,0.0,50.0,50.0,50.0,0.0,1200.0,60000.0,1.0,47.6,50.0,184391500.0,0.0,0.0,3425013266.0,3425013266.0,925095842.0,0.0,0.0,,0.0,0.0,0.0
2024-04-24,50.0,0.0,0.0,50.0,50.0,50.0,0.0,3400.0,170000.0,5.0,47.6,50.0,188004500.0,0.0,0.0,3425013266.0,3425013266.0,925095842.0,0.0,0.0,,0.0,0.0,0.0
2024-04-25,50.0,0.0,0.0,50.0,50.0,50.0,0.0,47200.0,2360000.0,2.0,47.6,50.0,141066300.0,0.0,0.0,3425013266.0,3425013266.0,925095842.0,0.0,0.0,,2500000.0,10000000.0,1.0
2024-04-26,50.0,0.0,0.0,0.0,0.0,50.0,0.0,0.0,0.0,0.0,47.6,50.0,141916900.0,0.0,0.0,3425013356.0,3425013356.0,925095842.0,0.0,0.0,,20000000.0,80000000.0,1.0
2024-04-29,50.0,0.0,0.0,50.0,50.0,50.0,0.0,1600.0,80000.0,2.0,47.6,50.0,217270300.0,0.0,0.0,3425013356.0,3425013356.0,925095842.0,0.0,0.0,,0.0,0.0,0.0
2024-04-30,50.0,0.0,0.0,0.0,0.0,50.0,0.0,0.0,0.0,0.0,47.6,50.0,145985000.0,0.0,0.0,3425014376.0,3425014376.0,925095842.0,0.0,0.0,,0.0,0.0,0.0
2024-05-02,50.0,0.0,0.0,50.0,50.0,50.0,0.0,200.0,10000.0,2.0,47.6,50.0,156481300.0,0.0,0.0,3425014376.0,3425014376.0,925095842.0,0.0,0.0,,0.0,0.0,0.0
2024-05-03,50.0,0.0,0.0,50.0,50.0,50.0,0.0,200.0,10000.0,2.0,47.6,50.0,158027500.0,0.0,0.0,3425014486.0,3425014486.0,925095842.0,0.0,0.0,,0.0,0.0,0.0
2024-05-06,50.0,0.0,0.0,50.0,50.0,50.0,0.0,1800.0,90000.0,1.0,47.6,50.0,161720600.0,0.0,0.0,3425014486.0,3425014486.0,925095842.0,0.0,0.0,,14500000.0,58000000.0,1.0
2024-05-07,50.0,0.0,0.0,50.0,50.0,50.0,0.0,1200.0,60000.0,3.0,47.6,50.0,179394600.0,0.0,0.0,3425014586.0,3425014586.0,925095842.0,0.0,0.0,,0.0,0.0,0.0
2024-05-08,50.0,0.0,0.0,50.0,50.0,50.0,0.0,1500.0,75000.0,3.0,47.6,50.0,87891100.0,0.0,0.0,3425014674.0,3425014674.0,925095842.0,0.0,0.0,,111500000.0,3919500000.0,2.0
2024-05-13,50.0,0.0,0.0,50.0,50.0,50.0,0.0,100.0,5000.0,1.0,47.6,50.0,89018100.0,0.0,0.0,3425014794.0,3425014794.0,925095842.0,0.0,0.0,,75300000.0,2484900000.0,1.0
2024-05-14,50.0,0.0,0.0,50.0,50.0,50.0,0.0,254300.0,12715000.0,5.0,47.6,50.0,82245800.0,0.0,0.0,3425014854.0,3425014854.0,925095842.0,0.0,0.0,,300000.0,3600000.0,1.0
2024-05-15,50.0,0.0,0.0,50.0,50.0,50.0,0.0,200.0,10000.0,2.0,47.6,50.0,91058500.0,0.0,0.0,3425014944.0,3425014944.0,925095842.0,0.0,0.0,,0.0,0.0,0.0
2024-05-16,50.0,0.0,0.0,50.0,50.0,50.0,0.0,13100.0,655000.0,47.0,47.6,50.0,86592500.0,0.0,0.0,3425014944.0,3425014944.0,925095842.0,0.0,0.0,,0.0,0.0,0.0
2024-05-17,50.0,0.0,0.0,50.0,50.0,50.0,0.0,400.0,20000.0,3.0,47.6,50.0,136936800.0,0.0,0.0,3425014953.0,3425014953.0,925095842.0,0.0,0.0,,1537600.0,18451200.0,1.0
2024-05-20,50.0,0.0,0.0,50.0,50.0,50.0,0.0,300.0,15000.0,3.0,47.6,50.0,134441900.0,0.0,0.0,3425026483.0,3425026483.0,925095842.0,0.0,0.0,,0.0,0.0,0.0
2024-05-21,50.0,0.0,0.0,50.0,50.0,50.0,0.0,100.0,5000.0,1.0,47.6,50.0,86261800.0,0.0,0.0,3425026604.0,3425026604.0,925095842.0,0.0,0.0,,0.0,0.0,0.0
2024-05-22,50.0,0.0,0.0,50.0,50.0,50.0,0.0,3000.0,150000.0,5.0,47.6,50.0,85278300.0,0.0,0.0,3425026604.0,3425026604.0,925095842.0,0.0,0.0,,6017100.0,6017100.0,1.0
2024-05-27,50.0,0.0,0.0,50.0,50.0,50.0,0.0,14400.0,720000.0,4.0,47.6,50.0,45617200.0,0.0,0.0,3425026674.0,3425026674.0,925095842.0,0.0,0.0,,6017100.0,36102600.0,1.0
2024-05-28,50.0,0.0,0.0,50.0,50.0,50.0,0.0,54500.0,2725000.0,3.0,47.6,50.0,134812200.0,0.0,0.0,3425026674.0,3425026674.0,925095842.0,0.0,0.0,,0.0,0.0,0.0
2024-05-29,50.0,0.0,0.0,50.0,50.0,50.0,0.0,587400.0,29370000.0,1595.0,47.6,50.0,87638000.0,0.0,0.0,3425026674.0,3425026674.0,925095842.0,0.0,0.0,,0.0,0.0,0.0
2024-05-30,50.0,0.0,0.0,50.0,50.0,50.0,0.0,1700.0,85000.0,3.0,47.6,50.0,145445300.0,0.0,0.0,3425026674.0,3425026674.0,925095842.0,0.0,0.0,,1000000.0,10000000.0,1.0
2024-05-31,50.0,0.0,0.0,45.0,45.0,45.0,-5.0,18200.0,819000.0,7.0,42.9,45.0,62479300.0,0.0,0.0,3425026674.0,3425026674.0,925095842.0,0.0,0.0,,70600.0,2118000.0,1.0
2024-06-03,45.0,0.0,0.0,41.0,41.0,41.0,-4.0,30800.0,1262800.0,5.0,39.0,41.0,102783200.0,0.0,0.0,3425026674.0,3425026674.0,925095842.0,0.0,0.0,,0.0,0.0,0.0
2024-06-04,41.0,0.0,0.0,37.0,37.0,37.0,-4.0,24400.0,902800.0,6.0,35.2,37.0,81767800.0,0.0,0.0,3425026674.0,3425026674.0,925095842.0,0.0,0.0,,0.0,0.0,0.0
2024-06-05,37.0,0.0,0.0,34.0,34.0,34.0,-3.0,25600.0,870400.0,9.0,32.4,34.0,81328200.0,0.0,0.0,3425026754.0,3425026754.0,925095842.0,0.0,0.0,,0.0,0.0,0.0
2024-06-06,34.0,0.0,0.0,31.0,31.0,31.0,-3.0,71700.0,2222700.0,13.0,29.5,31.0,95014900.0,0.0,0.0,3425026754.0,3425026754.0,925095842.0,0.0,0.0,,0.0,0.0,0.0
2024-06-07,31.0,0.0,0.0,28.0,28.0,28.0,-3.0,88500.0,2478000.0,13.0,26.7,28.0,110328700.0,0.0,0.0,3425026754.0,3425026754.0,925095842.0,0.0,0.0,,55000000.0,350000000.0,2.0
2024-06-10,28.0,0.0,0.0,26.0,26.0,26.0,-2.0,36100.0,938600.0,7.0,24.8,26.0,69359200.0,0.0,0.0,3425026754.0,3425026754.0,925095842.0,0.0,0.0,,4000000.0,32000000.0,2.0
2024-06-11,26.0,0.0,0.0,24.0,24.0,24.0,-2.0,19500.0,468000.0,9.0,22.9,24.0,109469800.0,0.0,0.0,3425026754.0,3425026754.0,925095842.0,0.0,0.0,,0.0,0.0,0.0
2024-06-12,24.0,0.0,0.0,22.0,22.0,22.0,-2.0,13800.0,303600.0,10.0,21.0,22.0,82900800.0,0.0,0.0,3425026754.0,3425026754.0,925095842.0,0.0,0.0,,0.0,0.0,0.0
2024-06-13,22.0,0.0,0.0,20.0,20.0,20.0,-2.0,45500.0,910000.0,16.0,19.0,20.0,97504400.0,0.0,0.0,3425026754.0,3425026754.0,925095842.0,0.0,0.0,,0.0,0.0,0.0
2024-06-14,20.0,0.0,0.0,18.0,18.0,18.0,-2.0,57500.0,1035000.0,13.0,17.1,18.0,58643100.0,0.0,0.0,3425026755.0,3425026755.0,925095842.0,0.0,0.0,,0.0,0.0,0.0
2024-06-19,18.0,0.0,0.0,17.0,17.0,17.0,-1.0,117500.0,1997500.0,7.0,16.2,17.0,51042500.0,0.0,0.0,3425026795.0,3425026795.0,925095842.0,0.0,0.0,,0.0,0.0,0.0
2024-06-20,17.0,0.0,0.0,16.0,16.0,16.0,-1.0,25400.0,406400.0,9.0,15.2,16.0,65310800.0,0.0,0.0,3425026795.0,3425026795.0,925095842.0,0.0,0.0,,0.0,0.0,0.0
2024-06-21,16.0,0.0,0.0,15.0,15.0,15.0,-1.0,45700.0,685500.0,14.0,14.3,15.0,67503800.0,0.0,0.0,3425026795.0,3425026795.0,925095842.0,0.0,0.0,,0.0,0.0,0.0
2024-06-24,15.0,0.0,0.0,14.0,14.0,14.0,-1.0,124400.0,1741600.0,17.0,13.3,14.0,22358900.0,0.0,0.0,3425026885.0,3425026885.0,925095842.0,0.0,0.0,,0.0,0.0,0.0
2024-06-25,14.0,0.0,0.0,13.0,13.0,13.0,-1.0,35300.0,458900.0,13.0,12.4,13.0,50846600.0,0.0,0.0,3425026895.0,3425026895.0,925095842.0,0.0,0.0,,0.0,0.0,0.0
2024-06-26,13.0,0.0,0.0,12.0,12.0,12.0,-1.0,1099600.0,13195200.0,31.0,11.4,12.0,59215300.0,0.0,0.0,3425026895.0,3425026895.0,925095842.0,0.0,0.0,,3000000.0,18000000.0,2.0
2024-06-27,12.0,0.0,0.0,11.0,11.0,11.0,-1.0,634600.0,6980600.0,38.0,10.5,11.0,27552300.0,0.0,0.0,3425027075.0,3425027075.0,925095842.0,0.0,0.0,,0.0,0.0,0.0
2024-06-28,11.0,0.0,0.0,10.0,10.0,10.0,-1.0,1020900.0,10209000.0,43.0,9.5,10.0,54476800.0,0.0,0.0,3425027075.0,3425027075.0,925095842.0,0.0,0.0,,1000000.0,6000000.0,1.0
2024-07-01,10.0,0.0,0.0,9.0,9.0,9.0,-1.0,8744400.0,78699600.0,72.0,8.6,9.0,35030300.0,0.0,0.0,3425027265.0,3425027265.0,925099737.0,0.0,0.0,,3000000.0,18000000.0,2.0
2024-07-02,9.0,0.0,0.0,8.0,8.0,8.0,-1.0,8380100.0,67040800.0,104.0,7.6,8.0,38978800.0,0.0,0.0,3425027265.0,3425027265.0,925099737.0,0.0,0.0,,2300.0,20700.0,1.0
2024-07-03,8.0,0.0,0.0,9.0,9.0,9.0,1.0,70386200.0,633475800.0,463.0,8.6,9.0,13777200.0,8.0,16840800.0,3425027335.0,3425027335.0,925099737.0,0.0,0.0,,0.0,0.0,0.0
2024-07-04,9.0,0.0,0.0,8.0,8.0,8.0,-1.0,31109000.0,248872000.0,263.0,7.6,8.0,37959800.0,0.0,0.0,3425027335.0,3425027335.0,925099737.0,0.0,0.0,,0.0,0.0,0.0
2024-07-05,8.0,0.0,0.0,7.0,7.0,7.0,-1.0,49555500.0,346888500.0,325.0,6.7,8.0,25363900.0,7.0,8800.0,3425027335.0,3425027335.0,925099737.0,0.0,0.0,,0.0,0.0,0.0
2024-07-08,7.0,0.0,0.0,8.0,7.0,8.0,1.0,5068900.0,36023300.0,186.0,7.6,8.0,42278400.0,7.0,3002400.0,3425027425.0,3425027425.0,925099737.0,0.0,0.0,,0.0,0.0,0.0
2024-07-09,8.0,0.0,0.0,8.0,7.0,7.0,-1.0,13155200.0,97820300.0,171.0,6.7,8.0,27330600.0,7.0,14086200.0,3425027555.0,3425027555.0,925099737.0,0.0,0.0,,0.0,0.0,0.0
2024-07-10,7.0,0.0,0.0,7.0,7.0,7.0,0.0,28020400.0,196142800.0,270.0,6.7,7.0,1078400.0,6.0,10782000.0,3425027555.0,3425027555.0,925099737.0,3500.0,0.0,,0.0,0.0,0.0
2024-07-11,7.0,0.0,0.0,7.0,6.0,6.0,-1.0,11493000.0,72853300.0,194.0,5.7,7.0,19377800.0,6.0,28230700.0,3425027555.0,3425027555.0,925099737.0,0.0,0.0,,0.0,0.0,0.0
2024-07-12,6.0,0.0,0.0,6.0,6.0,6.0,0.0,6823600.0,40941600.0,103.0,5.7,7.0,27503900.0,6.0,11512700.0,3425027805.0,3425027805.0,925099737.0,0.0,0.0,,0.0,0.0,0.0
2024-07-15,6.0,0.0,0.0,7.0,6.0,6.0,0.0,7188600.0,43971400.0,179.0,5.7,7.0,28246000.0,6.0,930000.0,3425027805.0,3425027805.0,925099737.0,0.0,0.0,,0.0,0.0,0.0
2024-07-16,6.0,0.0,0.0,6.0,6.0,6.0,0.0,6341400.0,38048400.0,116.0,5.7,7.0,10317200.0,6.0,16476900.0,3425027805.0,3425027805.0,925099737.0,0.0,0.0,,0.0,0.0,0.0
2024-07-17,6.0,0.0,0.0,7.0,6.0,7.0,1.0,7203300.0,46087100.0,195.0,6.7,7.0,10408800.0,6.0,23277200.0,3425028064.0,3425028064.0,925099737.0,0.0,0.0,,0.0,0.0,0.0
2024-07-18,7.0,0.0,0.0,7.0,6.0,7.0,0.0,12115800.0,84250800.0,228.0,6.7,7.0,22037100.0,6.0,40618100.0,3425028064.0,3425028064.0,925099737.0,0.0,0.0,,0.0,0.0,0.0
2024-07-19,7.0,0.0,0.0,8.0,7.0,8.0,1.0,7920200.0,58420200.0,155.0,7.6,8.0,13436000.0,7.0,5141700.0,3425028064.0,3425028064.0,925099737.0,0.0,0.0,,0.0,0.0,0.0
2024-07-22,8.0,0.0,0.0,8.0,8.0,8.0,0.0,10874000.0,86992000.0,176.0,7.6,8.0,6756700.0,7.0,17868400.0,3425028064.0,3425028064.0,925099737.0,0.0,0.0,,0.0,0.0,0.0
2024-07-23,8.0,0.0,0.0,8.0,7.0,7.0,-1.0,54879200.0,389828300.0,308.0,6.7,8.0,5849300.0,7.0,233000.0,3425028154.0,3425028154.0,925099737.0,0.0,0.0,,0.0,0.0,0.0
2024-07-24,7.0,0.0,0.0,8.0,7.0,7.0,0.0,26018600.0,184087300.0,262.0,6.7,8.0,21678200.0,7.0,32436700.0,3425028154.0,3425028154.0,925099737.0,0.0,0.0,,0.0,0.0,0.0
2024-07-25,7.0,0.0,0.0,8.0,7.0,8.0,1.0,7894300.0,55813200.0,105.0,7.6,8.0,17644700.0,7.0,2101700.0,3425028154.0,3425028154.0,925099737.0,0.0,0.0,,0.0,0.0,0.0
2024-07-26,8.0,0.0,0.0,7.0,7.0,7.0,-1.0,10521200.0,73648400.0,99.0,6.7,8.0,18152500.0,7.0,11003100.0,3425028154.0,3425028154.0,925099737.0,0.0,0.0,,0.0,0.0,0.0
2024-07-29,7.0,0.0,0.0,8.0,7.0,7.0,0.0,9426500.0,66009400.0,168.0,6.7,8.0,20695100.0,6.0,13464000.0,3425028154.0,3425028154.0,925099737.0,0.0,0.0,,0.0,0.0,0.0
2024-07-30,7.0,0.0,0.0,7.0,7.0,7.0,0.0,5385100.0,37695700.0,121.0,6.7,8.0,22334300.0,7.0,1592000.0,3425028244.0,3425028244.0,925099737.0,0.0,0.0,,0.0,0.0,0.0
2024-07-31,7.0,0.0,0.0,7.0,7.0,7.0,0.0,7112100.0,49784700.0,138.0,6.7,7.0,235400.0,6.0,11165500.0,3425028334.0,3425028334.0,925099737.0,0.0,0.0,,0.0,0.0,0.0
2024-08-01,7.0,0.0,0.0,7.0,7.0,7.0,0.0,4206000.0,29442000.0,72.0,6.7,8.0,24278600.0,7.0,5980000.0,3425028334.0,3425028334.0,925099737.0,0.0,0.0,,0.0,0.0,0.0
2024-08-02,7.0,0.0,0.0,8.0,7.0,8.0,1.0,2498400.0,19635900.0,113.0,7.6,8.0,25954200.0,7.0,5843300.0,3425028404.0,3425028404.0,925099737.0,0.0,0.0,,0.0,0.0,0.0
2024-08-05,8.0,0.0,0.0,8.0,8.0,8.0,0.0,25794900.0,206359200.0,173.0,7.6,8.0,10807500.0,7.0,10631300.0,3425028404.0,3425028404.0,925099737.0,0.0,0.0,,0.0,0.0,0.0
2024-08-06,8.0,0.0,0.0,8.0,7.0,7.0,-1.0,20836800.0,146480900.0,200.0,6.7,8.0,9218100.0,7.0,892200.0,3425028404.0,3425028404.0,925099737.0,0.0,0.0,,0.0,0.0,0.0
2024-08-07,7.0,0.0,0.0,7.0,7.0,7.0,0.0,6103800.0,42726600.0,95.0,6.7,8.0,29044000.0,7.0,999800.0,3425028404.0,3425028404.0,925099737.0,0.0,0.0,,0.0,0.0,0.0
2024-08-08,7.0,0.0,0.0,7.0,7.0,7.0,0.0,6766200.0,47363400.0,79.0,6.7,7.0,425300.0,6.0,12889400.0,3425028404.0,3425028404.0,925099737.0,0.0,0.0,,0.0,0.0,0.0
2024-08-09,7.0,0.0,0.0,8.0,7.0,8.0,1.0,928500.0,6509600.0,35.0,7.6,8.0,28237900.0,7.0,2675600.0,3425028404.0,3425028404.0,925099737.0,0.0,0.0,,0.0,0.0,0.0
2024-08-12,8.0,0.0,0.0,8.0,7.0,8.0,0.0,719200.0,5751600.0,70.0,7.6,8.0,31320200.0,7.0,3341500.0,3425028404.0,3425028404.0,925099737.0,0.0,0.0,,0.0,0.0,0.0
2024-08-13,8.0,0.0,0.0,8.0,7.0,8.0,0.0,641000.0,4635300.0,53.0,7.6,8.0,33995300.0,7.0,5770400.0,3425028404.0,3425028404.0,925099737.0,0.0,0.0,,0.0,0.0,0.0
2024-08-14,8.0,0.0,0.0,8.0,7.0,7.0,-1.0,1130300.0,8028600.0,66.0,6.7,8.0,30976100.0,7.0,4656700.0,3425028404.0,3425028404.0,925099737.0,0.0,0.0,,0.0,0.0,0.0
2024-08-15,7.0,0.0,0.0,8.0,7.0,8.0,1.0,858200.0,6737600.0,48.0,7.6,8.0,31349300.0,7.0,6989200.0,3425028404.0,3425028404.0,925099737.0,0.0,0.0,,0.0,0.0,0.0
2024-08-16,8.0,0.0,0.0,8.0,7.0,8.0,0.0,9284600.0,65631500.0,158.0,7.6,8.0,29338400.0,7.0,1726000.0,3425028404.0,3425028404.0,925099737.0,0.0,0.0,,0.0,0.0,0.0
2024-08-19,8.0,0.0,0.0,8.0,7.0,7.0,-1.0,1177500.0,8517500.0,79.0,6.7,8.0,24704700.0,7.0,10646000.0,3425028404.0,3425028404.0,925099737.0,0.0,0.0,,0.0,0.0,0.0
2024-08-20,7.0,0.0,0.0,8.0,7.0,7.0,0.0,7184500.0,51807700.0,193.0,6.7,8.0,23530500.0,7.0,42600.0,3425028404.0,3425028404.0,925099737.0,0.0,0.0,,0.0,0.0,0.0
2024-08-21,7.0,0.0,0.0,7.0,7.0,7.0,0.0,3479900.0,24359300.0,106.0,6.7,8.0,20532400.0,7.0,2535400.0,3425028474.0,3425028474.0,925099737.0,0.0,0.0,,0.0,0.0,0.0
2024-08-22,7.0,0.0,0.0,8.0,7.0,8.0,1.0,2347100.0,18242600.0,105.0,7.6,8.0,27005600.0,7.0,9698200.0,3425028474.0,3425028474.0,925099737.0,0.0,0.0,,0.0,0.0,0.0
2024-08-23,8.0,0.0,0.0,8.0,7.0,8.0,0.0,1963800.0,15460800.0,103.0,7.6,8.0,24307200.0,7.0,27358700.0,3425028474.0,3425028474.0,925099737.0,0.0,0.0,,0.0,0.0,0.0
2024-08-26,8.0,0.0,0.0,9.0,8.0,9.0,1.0,30852700.0,256740000.0,237.0,8.6,0.0,0.0,9.0,33886600.0,3425028474.0,3425028474.0,925099737.0,0.0,0.0,,0.0,0.0,0.0
2024-08-27,9.0,0.0,0.0,10.0,10.0,10.0,1.0,24538700.0,245387000.0,120.0,9.5,0.0,0.0,10.0,48088500.0,3425028474.0,3425028474.0,925099737.0,0.0,0.0,,0.0,0.0,0.0
2024-08-28,10.0,0.0,0.0,11.0,11.0,11.0,1.0,2376500.0,26141500.0,33.0,10.5,0.0,0.0,11.0,46216200.0,3425028474.0,3425028474.0,925099737.0,0.0,0.0,,20000.0,180000.0,1.0
2024-08-29,11.0,0.0,0.0,12.0,12.0,12.0,1.0,2797300.0,33567600.0,39.0,11.4,0.0,0.0,12.0,52903400.0,3425028524.0,3425028524.0,925099737.0,0.0,0.0,,0.0,0.0,0.0
2024-08-30,12.0,0.0,0.0,13.0,13.0,13.0,1.0,5480700.0,71249100.0,49.0,12.4,0.0,0.0,13.0,205779200.0,3425028524.0,3425028524.0,925099737.0,0.0,0.0,,0.0,0.0,0.0
2024-09-02,13.0,0.0,0.0,13.0,12.0,12.0,-1.0,28962700.0,371186600.0,218.0,11.4,12.0,17478000.0,0.0,0.0,3425028524.0,3425028524.0,925099737.0,0.0,0.0,,0.0,0.0,0.0
2024-09-03,12.0,0.0,0.0,11.0,11.0,11.0,-1.0,3508600.0,38594600.0,88.0,10.5,11.0,19242600.0,0.0,0.0,3425028928.0,3425028928.0,925099737.0,0.0,0.0,,0.0,0.0,0.0
2024-09-04,11.0,0.0,0.0,11.0,10.0,11.0,0.0,21609600.0,222160500.0,241.0,10.5,11.0,2338700.0,10.0,5817500.0,3425028928.0,3425028928.0,925099737.0,0.0,0.0,,0.0,0.0,0.0
2024-09-05,11.0,0.0,0.0,12.0,10.0,12.0,1.0,15914200.0,182477200.0,171.0,11.4,0.0,0.0,12.0,61926300.0,3425028938.0,3425028938.0,925099737.0,0.0,0.0,,0.0,0.0,0.0
2024-09-06,12.0,0.0,0.0,13.0,11.0,11.0,-1.0,23337900.0,281617700.0,182.0,10.5,11.0,9464600.0,0.0,0.0,3425028938.0,3425028938.0,925099737.0,0.0,0.0,,0.0,0.0,0.0
2024-09-09,11.0,0.0,0.0,11.0,10.0,10.0,-1.0,27881600.0,279288300.0,208.0,9.5,11.0,2790500.0,10.0,11404900.0,3425028938.0,3425028938.0,925099737.0,0.0,0.0,,0.0,0.0,0.0
2024-09-10,10.0,0.0,0.0,11.0,11.0,11.0,1.0,4509900.0,49608900.0,95.0,10.5,11.0,14606400.0,10.0,13032000.0,3425028938.0,3425028938.0,925099737.0,0.0,0.0,,0.0,0.0,0.0
2024-09-11,11.0,0.0,0.0,11.0,11.0,11.0,0.0,1947100.0,21418100.0,98.0,10.5,11.0,13640200.0,10.0,12358700.0,3425028938.0,3425028938.0,925099737.0,0.0,0.0,,0.0,0.0,0.0
2024-09-12,11.0,0.0,0.0,11.0,10.0,11.0,0.0,4775400.0,48646700.0,97.0,10.5,11.0,9711000.0,10.0,4817200.0,3425028938.0,3425028938.0,925099737.0,0.0,0.0,,0.0,0.0,0.0
2024-09-13,11.0,0.0,0.0,11.0,10.0,11.0,0.0,1029700.0,10382900.0,56.0,10.5,11.0,11146300.0,10.0,9789900.0,3425028938.0,3425028938.0,925099737.0,0.0,0.0,,0.0,0.0,0.0
2024-09-17,11.0,0.0,0.0,11.0,10.0,11.0,0.0,571000.0,6068500.0,61.0,10.5,11.0,7958700.0,10.0,6888100.0,3425028938.0,3425028938.0,925099737.0,0.0,0.0,,0.0,0.0,0.0
2024-09-18,11.0,0.0,0.0,11.0,10.0,11.0,0.0,797700.0,8535000.0,74.0,10.5,11.0,7720000.0,10.0,5477600.0,3425029008.0,3425029008.0,925099737.0,0.0,0.0,,0.0,0.0,0.0
2024-09-19,11.0,0.0,0.0,10.0,10.0,10.0,-1.0,12780000.0,127800000.0,166.0,9.5,11.0,6953100.0,10.0,7503700.0,3425029008.0,3425029008.0,925099737.0,0.0,0.0,,0.0,0.0,0.0
2024-09-20,10.0,0.0,0.0,10.0,10.0,10.0,0.0,2761200.0,27612000.0,47.0,9.5,11.0,7950400.0,10.0,7772500.0,3425029068.0,3425029068.0,925099737.0,0.0,0.0,,0.0,0.0,0.0
2024-09-23,10.0,0.0,0.0,10.0,10.0,10.0,0.0,4503400.0,45034000.0,73.0,9.5,11.0,9879600.0,9.0,3067000.0,3425029068.0,3425029068.0,925099737.0,0.0,0.0,,0.0,0.0,0.0
2024-09-24,10.0,0.0,0.0,10.0,10.0,10.0,0.0,2971000.0,29710000.0,66.0,9.5,10.0,2713100.0,9.0,4577000.0,3425029138.0,3425029138.0,925099737.0,0.0,0.0,,0.0,0.0,0.0
2024-09-25,10.0,0.0,0.0,10.0,10.0,10.0,0.0,2004000.0,20040000.0,48.0,9.5,10.0,5226800.0,9.0,3824200.0,3425029138.0,3425029138.0,925099737.0,0.0,0.0,,0.0,0.0,0.0
2024-09-26,10.0,0.0,0.0,10.0,10.0,10.0,0.0,3586800.0,35868000.0,133.0,9.5,10.0,1926900.0,9.0,4197400.0,3425029214.0,3425029214.0,925099737.0,0.0,0.0,,0.0,0.0,0.0
2024-09-27,10.0,0.0,0.0,10.0,10.0,10.0,0.0,3786200.0,37862000.0,74.0,9.5,10.0,874700.0,9.0,6606600.0,3425029214.0,3425029214.0,925099737.0,0.0,0.0,,0.0,0.0,0.0
2024-09-30,10.0,0.0,0.0,10.0,10.0,10.0,0.0,2089500.0,20895000.0,51.0,9.5,10.0,310100.0,9.0,2118700.0,3425029364.0,3425029364.0,925099737.0,0.0,0.0,,0.0,0.0,0.0
2024-10-01,10.0,0.0,0.0,10.0,10.0,10.0,0.0,492200.0,4922000.0,25.0,9.5,10.0,251300.0,9.0,2576800.0,3425029454.0,3425029454.0,925100351.0,0.0,0.0,,0.0,0.0,0.0
2024-10-02,10.0,0.0,0.0,10.0,10.0,10.0,0.0,967700.0,9677000.0,31.0,9.5,10.0,3288900.0,9.0,1809700.0,3425029454.0,3425029454.0,925100351.0,0.0,0.0,,0.0,0.0,0.0
2024-10-03,10.0,0.0,0.0,10.0,10.0,10.0,0.0,203900.0,2039000.0,22.0,9.5,10.0,2049800.0,9.0,799500.0,3425029494.0,3425029494.0,925100351.0,0.0,0.0,,0.0,0.0,0.0
2024-10-04,10.0,0.0,0.0,10.0,9.0,10.0,0.0,2316300.0,23056400.0,40.0,9.5,10.0,3758400.0,9.0,3433900.0,3425029534.0,3425029534.0,925100351.0,0.0,0.0,,0.0,0.0,0.0
2024-10-07,10.0,0.0,0.0,11.0,9.0,10.0,0.0,10968800.0,112519900.0,98.0,9.5,10.0,1609200.0,9.0,3283700.0,3425029534.0,3425029534.0,925100351.0,0.0,100.0,,0.0,0.0,0.0
2024-10-08,10.0,0.0,0.0,10.0,9.0,10.0,0.0,2544900.0,23290000.0,67.0,9.5,10.0,3625900.0,9.0,6878400.0,3425029534.0,3425029534.0,925100351.0,0.0,0.0,,0.0,0.0,0.0
2024-10-09,10.0,0.0,0.0,10.0,9.0,10.0,0.0,372300.0,3631100.0,39.0,9.5,10.0,2083500.0,9.0,5533400.0,3425029534.0,3425029534.0,925100351.0,0.0,0.0,,0.0,0.0,0.0
2024-10-10,10.0,0.0,0.0,10.0,9.0,10.0,0.0,342200.0,3381900.0,37.0,9.5,10.0,2518900.0,9.0,5167100.0,3425029604.0,3425029604.0,925100351.0,0.0,0.0,,0.0,0.0,0.0
2024-10-11,10.0,0.0,0.0,10.0,9.0,10.0,0.0,505300.0,5010700.0,34.0,9.5,10.0,4017600.0,9.0,5371400.0,3425029604.0,3425029604.0,925100351.0,0.0,0.0,,0.0,0.0,0.0
2024-10-14,10.0,0.0,0.0,10.0,9.0,10.0,0.0,684200.0,6668100.0,43.0,9.5,10.0,2521400.0,9.0,6833700.0,3425029634.0,3425029634.0,925100351.0,0.0,0.0,,0.0,0.0,0.0
2024-10-15,10.0,0.0,0.0,10.0,9.0,10.0,0.0,2017500.0,19051900.0,64.0,9.5,10.0,4447100.0,9.0,5871100.0,3425029634.0,3425029634.0,925100351.0,0.0,0.0,,0.0,0.0,0.0
2024-10-16,10.0,0.0,0.0,11.0,10.0,11.0,1.0,4388400.0,44644100.0,99.0,10.5,11.0,11990700.0,10.0,3124600.0,3425029793.0,3425029793.0,925100351.0,0.0,0.0,,0.0,0.0,0.0
2024-10-17,11.0,0.0,0.0,11.0,10.0,10.0,-1.0,4846800.0,48568000.0,109.0,9.5,10.0,37500.0,0.0,0.0,3425029793.0,3425029793.0,925100351.0,0.0,0.0,,16200000.0,162000000.0,1.0
2024-10-18,10.0,0.0,0.0,10.0,9.0,10.0,0.0,2493100.0,23442100.0,65.0,9.5,10.0,6286200.0,9.0,6937200.0,3425029793.0,3425029793.0,925100351.0,0.0,0.0,,0.0,0.0,0.0
2024-10-21,10.0,0.0,0.0,10.0,9.0,10.0,0.0,781800.0,7758100.0,44.0,9.5,10.0,3382800.0,9.0,5898800.0,3425029793.0,3425029793.0,925100351.0,0.0,0.0,,0.0,0.0,0.0
2024-10-22,10.0,0.0,0.0,10.0,10.0,10.0,0.0,620800.0,6208000.0,56.0,9.5,10.0,3651700.0,9.0,7842500.0,3425029843.0,3425029843.0,925100351.0,0.0,0.0,,16200000.0,162000000.0,1.0
2024-10-23,10.0,0.0,0.0,10.0,9.0,10.0,0.0,3023100.0,30009900.0,71.0,9.5,10.0,2018000.0,9.0,5308400.0,3425029843.0,3425029843.0,925100351.0,8500.0,0.0,,0.0,0.0,0.0
2024-10-24,10.0,0.0,0.0,10.0,10.0,10.0,0.0,2910000.0,29100000.0,53.0,9.5,10.0,2626100.0,9.0,3465300.0,3425029923.0,3425029923.0,925100351.0,0.0,0.0,,0.0,0.0,0.0
2024-10-25,10.0,0.0,0.0,10.0,10.0,10.0,0.0,2471400.0,24714000.0,67.0,9.5,10.0,3136100.0,9.0,2983500.0,3425031093.0,3425031093.0,925100351.0,0.0,0.0,,0.0,0.0,0.0
2024-10-28,10.0,0.0,0.0,10.0,9.0,10.0,0.0,1211200.0,12101900.0,40.0,9.5,10.0,3123400.0,9.0,5456900.0,3425031093.0,3425031093.0,925100351.0,0.0,0.0,,16200000.0,162000000.0,1.0
2024-10-29,10.0,0.0,0.0,10.0,9.0,9.0,-1.0,776500.0,7064600.0,39.0,8.6,10.0,5587600.0,9.0,7423000.0,3425031093.0,3425031093.0,925100351.0,0.0,0.0,,0.0,0.0,0.0
2024-10-30,9.0,0.0,0.0,10.0,9.0,10.0,1.0,381200.0,3578600.0,40.0,9.5,10.0,10606500.0,9.0,4794200.0,3425031093.0,3425031093.0,925100351.0,0.0,0.0,,0.0,0.0,0.0
2024-10-31,10.0,0.0,0.0,10.0,9.0,9.0,-1.0,1761100.0,16298200.0,50.0,8.6,10.0,6237600.0,9.0,13028900.0,3425031093.0,3425031093.0,925100351.0,0.0,0.0,,0.0,0.0,0.0
2024-11-01,9.0,0.0,0.0,10.0,9.0,10.0,1.0,17455800.0,157142300.0,60.0,9.5,10.0,4914000.0,9.0,4728800.0,3425031093.0,3425031093.0,925100351.0,0.0,0.0,,16200000.0,162000000.0,1.0
2024-11-04,10.0,0.0,0.0,10.0,9.0,10.0,0.0,658200.0,6438500.0,35.0,9.5,10.0,3046900.0,9.0,4045300.0,3425031093.0,3425031093.0,925100351.0,0.0,0.0,,0.0,0.0,0.0
2024-11-05,10.0,0.0,0.0,10.0,9.0,10.0,0.0,2954600.0,26640500.0,56.0,9.5,10.0,4995400.0,9.0,3385200.0,3425031093.0,3425031093.0,925100351.0,0.0,0.0,,0.0,0.0,0.0
2024-11-06,10.0,0.0,0.0,10.0,9.0,10.0,0.0,927500.0,9214800.0,45.0,9.5,10.0,4881000.0,9.0,3798200.0,3425031183.0,3425031183.0,925100351.0,0.0,0.0,,0.0,0.0,0.0
2024-11-07,10.0,0.0,0.0,9.0,9.0,9.0,-1.0,3573400.0,32160600.0,51.0,8.6,10.0,7711200.0,9.0,2579100.0,3425031253.0,3425031253.0,925100351.0,0.0,0.0,,16200000.0,162000000.0,1.0
2024-11-08,9.0,0.0,0.0,9.0,9.0,9.0,0.0,1971300.0,17741700.0,64.0,8.6,10.0,6807300.0,9.0,868900.0,3425031393.0,3425031393.0,925100351.0,0.0,0.0,,0.0,0.0,0.0
2024-11-11,9.0,0.0,0.0,9.0,9.0,9.0,0.0,2598800.0,23389200.0,60.0,8.6,10.0,5912300.0,9.0,1437600.0,3425031393.0,3425031393.0,925100351.0,0.0,0.0,,0.0,0.0,0.0
2024-11-12,9.0,0.0,0.0,10.0,9.0,10.0,1.0,1648000.0,14866500.0,37.0,9.5,10.0,6653300.0,9.0,1456700.0,3425031393.0,3425031393.0,925100351.0,0.0,0.0,,0.0,0.0,0.0
2024-11-13,10.0,0.0,0.0,10.0,9.0,9.0,-1.0,1339100.0,13151700.0,60.0,8.6,10.0,9537300.0,9.0,3471000.0,3425031483.0,3425031483.0,925100351.0,0.0,0.0,,0.0,0.0,0.0
2024-11-14,9.0,0.0,0.0,10.0,9.0,10.0,1.0,521000.0,4710100.0,45.0,9.5,10.0,9317900.0,9.0,295600.0,3425031483.0,3425031483.0,925100351.0,0.0,0.0,,0.0,0.0,0.0
2024-11-15,10.0,0.0,0.0,10.0,9.0,10.0,0.0,102500.0,1011900.0,24.0,9.5,10.0,8871600.0,9.0,469500.0,3425031533.0,3425031533.0,925100351.0,0.0,0.0,,0.0,0.0,0.0
2024-11-18,10.0,0.0,0.0,10.0,9.0,9.0,-1.0,323000.0,3017000.0,30.0,8.6,10.0,7074600.0,9.0,699200.0,3425031713.0,3425031713.0,925100351.0,0.0,0.0,,0.0,0.0,0.0
2024-11-19,9.0,0.0,0.0,10.0,9.0,10.0,1.0,1193100.0,10747700.0,42.0,9.5,10.0,7727100.0,9.0,1036300.0,3425031713.0,3425031713.0,925100351.0,0.0,0.0,,0.0,0.0,0.0
2024-11-20,10.0,0.0,0.0,10.0,9.0,10.0,0.0,203600.0,1871400.0,26.0,9.5,10.0,8377900.0,9.0,703900.0,3425031713.0,3425031713.0,925100351.0,0.0,0.0,,0.0,0.0,0.0
2024-11-21,10.0,0.0,0.0,9.0,9.0,9.0,-1.0,921000.0,8289000.0,44.0,8.6,10.0,7236900.0,9.0,2017300.0,3425031713.0,3425031713.0,925100351.0,555500.0,0.0,,0.0,0.0,0.0
2024-11-22,9.0,0.0,0.0,10.0,9.0,9.0,0.0,2607100.0,23638400.0,67.0,8.6,10.0,9378700.0,8.0,2581600.0,3425031713.0,3425031713.0,925100351.0,0.0,0.0,,0.0,0.0,0.0
2024-11-25,9.0,0.0,0.0,9.0,9.0,9.0,0.0,1255900.0,11303100.0,21.0,8.6,10.0,13355400.0,9.0,1010400.0,3425031713.0,3425031713.0,925100351.0,0.0,0.0,,0.0,0.0,0.0
2024-11-26,9.0,0.0,0.0,10.0,9.0,10.0,1.0,1904100.0,18369600.0,41.0,9.5,10.0,11098600.0,9.0,991900.0,3425031773.0,3425031773.0,925100351.0,0.0,0.0,,0.0,0.0,0.0
2024-11-28,10.0,0.0,0.0,10.0,9.0,10.0,0.0,1552700.0,13979300.0,56.0,9.5,10.0,6854900.0,9.0,5290400.0,3425031773.0,3425031773.0,925100351.0,0.0,0.0,,0.0,0.0,0.0
2024-11-29,10.0,0.0,0.0,10.0,9.0,9.0,-1.0,3088300.0,28338300.0,74.0,8.6,10.0,6728900.0,9.0,1722600.0,3425031863.0,3425031863.0,925100351.0,0.0,0.0,,0.0,0.0,0.0
2024-12-02,9.0,0.0,0.0,9.0,9.0,9.0,0.0,1648900.0,14840100.0,70.0,8.6,10.0,3577200.0,9.0,758700.0,3425031863.0,3425031863.0,925100351.0,0.0,0.0,,0.0,0.0,0.0
2024-12-03,9.0,0.0,0.0,10.0,10.0,10.0,1.0,765300.0,7653000.0,52.0,9.5,10.0,8702000.0,9.0,1525800.0,3425031863.0,3425031863.0,925100351.0,0.0,0.0,,0.0,0.0,0.0
2024-12-04,10.0,0.0,0.0,10.0,10.0,10.0,0.0,2611300.0,26113000.0,64.0,9.5,10.0,5789800.0,9.0,972800.0,3425031863.0,3425031863.0,925100351.0,0.0,0.0,,0.0,0.0,0.0
2024-12-05,10.0,0.0,0.0,10.0,10.0,10.0,0.0,279100.0,2791000.0,33.0,9.5,10.0,4504700.0,9.0,3606700.0,3425031911.0,3425031911.0,925100351.0,0.0,0.0,,0.0,0.0,0.0
2024-12-06,10.0,0.0,0.0,10.0,10.0,10.0,0.0,4351900.0,43519000.0,63.0,9.5,10.0,4820300.0,9.0,4602000.0,3425032011.0,3425032011.0,925100351.0,0.0,0.0,,0.0,0.0,0.0
2024-12-09,10.0,0.0,0.0,11.0,10.0,11.0,1.0,4113200.0,43770800.0,102.0,10.5,11.0,4653600.0,10.0,1150700.0,3425032111.0,3425032111.0,925100351.0,5000.0,0.0,,0.0,0.0,0.0
2024-12-10,11.0,0.0,0.0,12.0,11.0,12.0,1.0,12606900.0,147876800.0,174.0,11.4,0.0,0.0,12.0,4987900.0,3425032201.0,3425032201.0,925100351.0,0.0,0.0,,0.0,0.0,0.0
2024-12-11,12.0,0.0,0.0,13.0,13.0,13.0,1.0,9524800.0,123822400.0,109.0,12.4,0.0,0.0,13.0,21659200.0,3425032201.0,3425032201.0,925100351.0,0.0,0.0,,0.0,0.0,0.0
2024-12-12,13.0,0.0,0.0,14.0,14.0,14.0,1.0,23920600.0,334888400.0,108.0,13.3,0.0,0.0,14.0,117412700.0,3425034711.0,3425034711.0,925100351.0,0.0,0.0,,0.0,0.0,0.0
2024-12-13,14.0,0.0,0.0,15.0,15.0,15.0,1.0,16785800.0,251787000.0,111.0,14.3,0.0,0.0,15.0,21571900.0,3425034711.0,3425034711.0,925100351.0,0.0,0.0,,0.0,0.0,0.0
2024-12-16,15.0,0.0,0.0,14.0,14.0,14.0,-1.0,18633000.0,260862000.0,175.0,13.3,14.0,14645700.0,0.0,0.0,3425034781.0,3425034781.0,925100351.0,0.0,0.0,,0.0,0.0,0.0
2024-12-17,14.0,0.0,0.0,13.0,13.0,13.0,-1.0,4685800.0,60915400.0,74.0,12.4,13.0,14791400.0,0.0,0.0,3425035011.0,3425035011.0,925100351.0,0.0,0.0,,0.0,0.0,0.0
2024-12-18,13.0,0.0,0.0,12.0,12.0,12.0,-1.0,10086500.0,121038000.0,154.0,11.4,12.0,2330400.0,0.0,0.0,3425035061.0,3425035061.0,925100351.0,0.0,0.0,,0.0,0.0,0.0
2024-12-19,12.0,0.0,0.0,11.0,11.0,11.0,-1.0,1164200.0,12806200.0,55.0,10.5,11.0,9101600.0,0.0,0.0,3425035131.0,3425035131.0,925100351.0,0.0,0.0,,0.0,0.0,0.0
2024-12-20,11.0,0.0,0.0,10.0,10.0,10.0,-1.0,15415600.0,154156000.0,156.0,9.5,11.0,258300.0,10.0,6041000.0,3425035131.0,3425035131.0,925100351.0,0.0,0.0,,0.0,0.0,0.0
2024-12-23,10.0,0.0,0.0,11.0,11.0,11.0,1.0,5292100.0,58213100.0,72.0,10.5,0.0,0.0,11.0,2874000.0,3425035231.0,3425035231.0,925100351.0,0.0,0.0,,0.0,0.0,0.0
2024-12-24,11.0,0.0,0.0,12.0,12.0,12.0,1.0,5912700.0,70952400.0,102.0,11.4,0.0,0.0,12.0,3203700.0,3425035321.0,3425035321.0,925100351.0,0.0,0.0,,0.0,0.0,0.0
2024-12-27,12.0,0.0,0.0,12.0,12.0,12.0,0.0,4881800.0,58581600.0,85.0,11.4,12.0,2303100.0,11.0,2181900.0,3425035411.0,3425035411.0,925100351.0,0.0,0.0,,0.0,0.0,0.0
2024-12-30,12.0,0.0,0.0,12.0,11.0,11.0,-1.0,1944900.0,23106500.0,49.0,10.5,12.0,2916100.0,11.0,2393400.0,3425035411.0,3425035411.0,925100351.0,0.0,0.0,,0.0,0.0,0.0
2025-01-02,11.0,0.0,0.0,12.0,11.0,12.0,1.0,3864400.0,42934700.0,66.0,11.4,12.0,2483400.0,11.0,605400.0,3425035411.0,3425035411.0,925101970.0,0.0,0.0,,0.0,0.0,0.0
2025-01-03,12.0,0.0,0.0,13.0,12.0,13.0,1.0,2969600.0,36508600.0,75.0,12.4,13.0,3248500.0,12.0,1443000.0,3425035501.0,3425035501.0,925101970.0,0.0,0.0,,0.0,0.0,0.0
2025-01-06,13.0,0.0,0.0,14.0,14.0,14.0,1.0,7433400.0,104067600.0,145.0,13.3,0.0,0.0,14.0,9423600.0,3425035501.0,3425035501.0,925101970.0,0.0,0.0,,0.0,0.0,0.0
2025-01-07,14.0,0.0,0.0,15.0,15.0,15.0,1.0,15640400.0,234606000.0,177.0,14.3,0.0,0.0,15.0,14498600.0,3425035501.0,3425035501.0,925101970.0,0.0,0.0,,0.0,0.0,0.0
2025-01-08,15.0,0.0,0.0,16.0,16.0,16.0,1.0,3116800.0,49868800.0,74.0,15.2,0.0,0.0,16.0,12741500.0,3425035591.0,3425035591.0,925101970.0,0.0,0.0,,0.0,0.0,0.0
2025-01-09,16.0,0.0,0.0,17.0,17.0,17.0,1.0,4981100.0,84678700.0,67.0,16.2,0.0,0.0,17.0,6757700.0,3425035612.0,3425035612.0,925101970.0,0.0,0.0,,16287700.0,276890900.0,2.0
2025-01-10,17.0,0.0,0.0,18.0,18.0,18.0,1.0,10277900.0,185002200.0,92.0,17.1,0.0,0.0,18.0,11327400.0,3425036611.0,3425036611.0,925101970.0,0.0,0.0,,1200000.0,24000000.0,1.0
2025-01-13,18.0,0.0,0.0,19.0,19.0,19.0,1.0,2028900.0,38549100.0,46.0,18.1,0.0,0.0,19.0,17194100.0,3425037731.0,3425037731.0,925101970.0,0.0,0.0,,0.0,0.0,0.0
2025-01-14,19.0,0.0,0.0,20.0,20.0,20.0,1.0,3481700.0,69634000.0,64.0,19.0,0.0,0.0,20.0,21902400.0,3425037731.0,3425037731.0,925101970.0,0.0,0.0,,0.0,0.0,0.0
2025-01-15,20.0,0.0,0.0,22.0,18.0,18.0,-2.0,32496700.0,683039000.0,381.0,17.1,18.0,15094700.0,0.0,0.0,3425037732.0,3425037732.0,925101970.0,0.0,0.0,,0.0,0.0,0.0
2025-01-16,18.0,0.0,0.0,17.0,17.0,17.0,-1.0,4914600.0,83548200.0,73.0,16.2,17.0,40805400.0,0.0,0.0,3425038812.0,3425038812.0,925101970.0,0.0,0.0,,0.0,0.0,0.0
2025-01-17,17.0,0.0,0.0,16.0,16.0,16.0,-1.0,6392700.0,102283200.0,70.0,15.2,16.0,17868400.0,0.0,0.0,3425038812.0,3425038812.0,925101970.0,0.0,0.0,,0.0,0.0,0.0
2025-01-20,16.0,0.0,0.0,17.0,15.0,17.0,1.0,26595700.0,414866000.0,313.0,16.2,0.0,0.0,17.0,1570300.0,3425038812.0,3425038812.0,925101970.0,0.0,0.0,,0.0,0.0,0.0
2025-01-21,17.0,0.0,0.0,18.0,18.0,18.0,1.0,5525900.0,99466200.0,58.0,17.1,0.0,0.0,18.0,15973800.0,3425038822.0,3425038822.0,925101970.0,0.0,0.0,,0.0,0.0,0.0
2025-01-22,18.0,0.0,0.0,17.0,17.0,17.0,-1.0,5320500.0,90448500.0,71.0,16.2,17.0,7948600.0,0.0,0.0,3425038852.0,3425038852.0,925101970.0,0.0,0.0,,0.0,0.0,0.0
2025-01-23,17.0,0.0,0.0,18.0,16.0,18.0,1.0,21103600.0,341820900.0,135.0,17.1,18.0,827400.0,17.0,2009100.0,3425038990.0,3425038990.0,925101970.0,0.0,0.0,,0.0,0.0,0.0
2025-01-24,18.0,0.0,0.0,19.0,18.0,19.0,1.0,15759300.0,294945500.0,245.0,18.1,19.0,9900.0,18.0,22000.0,3425039080.0,3425039080.0,925101970.0,0.0,0.0,,0.0,0.0,0.0
2025-01-30,19.0,0.0,0.0,20.0,20.0,20.0,1.0,4365400.0,87308000.0,69.0,19.0,0.0,0.0,20.0,34007400.0,3425039080.0,3425039080.0,925101970.0,0.0,0.0,,0.0,0.0,0.0
2025-01-31,20.0,0.0,0.0,22.0,22.0,22.0,2.0,6628700.0,145831400.0,97.0,21.0,0.0,0.0,22.0,20074200.0,3425039290.0,3425039290.0,925101970.0,0.0,0.0,,0.0,0.0,0.0
2025-02-03,22.0,0.0,0.0,24.0,24.0,24.0,2.0,8298100.0,199154400.0,114.0,22.9,0.0,0.0,24.0,18803100.0,3425039290.0,3425039290.0,925101970.0,0.0,0.0,,0.0,0.0,0.0
2025-02-04,24.0,0.0,0.0,26.0,22.0,22.0,-2.0,35651900.0,902889600.0,373.0,21.0,22.0,1155900.0,0.0,0.0,3425039290.0,3425039290.0,925101970.0,0.0,0.0,,0.0,0.0,0.0
2025-02-05,22.0,0.0,0.0,24.0,23.0,24.0,2.0,12251600.0,292651500.0,149.0,22.9,0.0,0.0,24.0,3080200.0,3425039390.0,3425039390.0,925101970.0,0.0,0.0,,0.0,0.0,0.0
2025-02-06,24.0,0.0,0.0,24.0,22.0,22.0,-2.0,2552800.0,58425400.0,86.0,21.0,22.0,2481300.0,0.0,0.0,3425039450.0,3425039450.0,925101970.0,0.0,0.0,,0.0,0.0,0.0
2025-02-07,22.0,0.0,0.0,20.0,20.0,20.0,-2.0,3968600.0,79372000.0,104.0,19.0,20.0,6288200.0,0.0,0.0,3425039450.0,3425039450.0,925101970.0,0.0,0.0,,700.0,15400.0,1.0
2025-02-10,20.0,0.0,0.0,19.0,18.0,18.0,-2.0,5858000.0,105983700.0,158.0,17.1,18.0,4852900.0,0.0,0.0,3425039470.0,3425039470.0,925101970.0,0.0,0.0,,0.0,0.0,0.0
2025-02-11,18.0,0.0,0.0,18.0,17.0,17.0,-1.0,3233100.0,57543800.0,95.0,16.2,17.0,4200.0,0.0,0.0,3425039630.0,3425039630.0,925101970.0,0.0,0.0,,0.0,0.0,0.0
2025-02-12,17.0,0.0,0.0,18.0,17.0,17.0,0.0,4993200.0,85262500.0,77.0,16.2,18.0,4939900.0,17.0,9900.0,3425040072.0,3425040072.0,925101970.0,0.0,0.0,,0.0,0.0,0.0
2025-02-13,17.0,0.0,0.0,18.0,18.0,18.0,1.0,5486800.0,98762400.0,73.0,17.1,0.0,0.0,18.0,1360700.0,3425040072.0,3425040072.0,925101970.0,0.0,0.0,,0.0,0.0,0.0
2025-02-14,18.0,0.0,0.0,19.0,19.0,19.0,1.0,2511300.0,47714700.0,30.0,18.1,0.0,0.0,19.0,3910000.0,3425040452.0,3425040452.0,925101970.0,0.0,0.0,,0.0,0.0,0.0
2025-02-17,19.0,0.0,0.0,20.0,20.0,20.0,1.0,1258400.0,25168000.0,30.0,19.0,0.0,0.0,20.0,4055500.0,3425040452.0,3425040452.0,925101970.0,0.0,0.0,,0.0,0.0,0.0
2025-02-18,20.0,0.0,0.0,22.0,22.0,22.0,2.0,11286100.0,248294200.0,176.0,21.0,0.0,0.0,22.0,4512600.0,3425040452.0,3425040452.0,925101970.0,0.0,0.0,,0.0,0.0,0.0
2025-02-19,22.0,0.0,0.0,23.0,21.0,21.0,-1.0,14092900.0,311900500.0,224.0,20.0,22.0,396800.0,21.0,215500.0,3425040452.0,3425040452.0,925101970.0,200.0,0.0,,0.0,0.0,0.0
2025-02-20,21.0,0.0,0.0,22.0,22.0,22.0,1.0,2019600.0,44431200.0,111.0,21.0,23.0,2432500.0,22.0,98500.0,3425040452.0,3425040452.0,925101970.0,0.0,0.0,,0.0,0.0,0.0
2025-02-21,22.0,0.0,0.0,23.0,21.0,21.0,-1.0,4011400.0,87794100.0,153.0,20.0,22.0,477900.0,21.0,537800.0,3425040452.0,3425040452.0,925101970.0,0.0,0.0,,0.0,0.0,0.0
2025-02-24,21.0,0.0,0.0,20.0,20.0,20.0,-1.0,8308600.0,166172000.0,157.0,19.0,20.0,847200.0,19.0,243200.0,3425040452.0,3425040452.0,925101970.0,0.0,0.0,,0.0,0.0,0.0
2025-02-25,20.0,0.0,0.0,19.0,18.0,18.0,-2.0,808500.0,15291100.0,89.0,17.1,19.0,614300.0,18.0,1794300.0,3425040452.0,3425040452.0,925101970.0,0.0,0.0,,0.0,0.0,0.0
2025-02-26,18.0,0.0,0.0,18.0,17.0,17.0,-1.0,13652700.0,238105300.0,203.0,16.2,17.0,7530400.0,0.0,0.0,3425040452.0,3425040452.0,925101970.0,7800.0,0.0,,0.0,0.0,0.0
2025-02-27,17.0,0.0,0.0,16.0,16.0,16.0,-1.0,17401800.0,278428800.0,177.0,15.2,16.0,6493800.0,0.0,0.0,3425040452.0,3425040452.0,925101970.0,0.0,0.0,,0.0,0.0,0.0
2025-02-28,16.0,0.0,0.0,17.0,17.0,17.0,1.0,6064100.0,103089700.0,62.0,16.2,0.0,0.0,17.0,1259300.0,3425040452.0,3425040452.0,925101970.0,0.0,0.0,,0.0,0.0,0.0
2025-03-03,17.0,0.0,0.0,18.0,17.0,17.0,0.0,2305800.0,39805600.0,91.0,16.2,17.0,457300.0,16.0,233800.0,3425040452.0,3425040452.0,925101970.0,0.0,0.0,,0.0,0.0,0.0
2025-03-04,17.0,0.0,0.0,17.0,16.0,16.0,-1.0,3132800.0,50388400.0,86.0,15.2,17.0,1541500.0,16.0,989000.0,3425041982.0,3425041982.0,925101970.0,0.0,0.0,,0.0,0.0,0.0
2025-03-05,16.0,0.0,0.0,16.0,15.0,15.0,-1.0,8192900.0,123290700.0,151.0,14.3,15.0,916600.0,0.0,0.0,3425041982.0,3425041982.0,925101970.0,0.0,0.0,,0.0,0.0,0.0
2025-03-06,15.0,0.0,0.0,15.0,15.0,15.0,0.0,1390900.0,20863500.0,64.0,14.3,15.0,2610200.0,14.0,6864800.0,3426047723.0,3426047723.0,925101970.0,0.0,0.0,,0.0,0.0,0.0
2025-03-07,15.0,0.0,0.0,15.0,15.0,15.0,0.0,6777900.0,101668500.0,85.0,14.3,15.0,2680700.0,14.0,482100.0,3426048879.0,3426048879.0,925101970.0,0.0,0.0,,0.0,0.0,0.0
2025-03-10,15.0,0.0,0.0,16.0,16.0,16.0,1.0,2883600.0,46137600.0,30.0,15.2,0.0,0.0,16.0,2999900.0,3426048969.0,3426048969.0,925101970.0,0.0,0.0,,0.0,0.0,0.0
2025-03-11,16.0,0.0,0.0,17.0,15.0,15.0,-1.0,16153400.0,261750500.0,150.0,14.3,15.0,779000.0,0.0,0.0,3426048969.0,3426048969.0,925101970.0,0.0,0.0,,0.0,0.0,0.0
2025-03-12,15.0,0.0,0.0,15.0,14.0,14.0,-1.0,9404000.0,132335300.0,131.0,13.3,14.0,653100.0,0.0,0.0,3426048969.0,3426048969.0,925101970.0,0.0,0.0,,0.0,0.0,0.0
2025-03-13,14.0,0.0,0.0,15.0,14.0,15.0,1.0,14965000.0,217566300.0,115.0,14.3,0.0,0.0,15.0,1427800.0,3426049449.0,3426049449.0,925101970.0,0.0,0.0,,0.0,0.0,0.0
2025-03-14,15.0,0.0,0.0,16.0,16.0,16.0,1.0,9039400.0,144630400.0,67.0,15.2,0.0,0.0,16.0,1111100.0,3426049449.0,3426049449.0,925101970.0,0.0,0.0,,0.0,0.0,0.0
2025-03-17,16.0,0.0,0.0,17.0,17.0,17.0,1.0,2992200.0,50867400.0,66.0,16.2,0.0,0.0,17.0,1705800.0,3426049449.0,3426049449.0,925101970.0,0.0,0.0,,0.0,0.0,0.0
2025-03-18,17.0,0.0,0.0,18.0,18.0,18.0,1.0,11037600.0,198676800.0,118.0,17.1,0.0,0.0,18.0,5997400.0,3426049589.0,3426049589.0,925101970.0,0.0,0.0,,0.0,0.0,0.0
2025-03-19,18.0,0.0,0.0,19.0,19.0,19.0,1.0,2765400.0,52542600.0,76.0,18.1,0.0,0.0,19.0,7133300.0,3426049589.0,3426049589.0,925101970.0,0.0,0.0,,0.0,0.0,0.0
2025-03-20,19.0,0.0,0.0,20.0,20.0,20.0,1.0,4727100.0,94542000.0,71.0,19.0,0.0,0.0,20.0,8652500.0,3426049589.0,3426049589.0,925101970.0,0.0,0.0,,0.0,0.0,0.0
2025-03-21,20.0,0.0,0.0,18.0,18.0,18.0,-2.0,8967800.0,161420400.0,116.0,17.1,18.0,1501300.0,0.0,0.0,3426049589.0,3426049589.0,925101970.0,0.0,0.0,,0.0,0.0,0.0
2025-03-24,18.0,0.0,0.0,17.0,17.0,17.0,-1.0,8047600.0,136809200.0,63.0,16.2,17.0,3406700.0,0.0,0.0,3426049589.0,3426049589.0,925101970.0,0.0,0.0,,0.0,0.0,0.0
2025-03-25,17.0,0.0,0.0,18.0,17.0,18.0,1.0,7389300.0,125626000.0,72.0,17.1,18.0,2643600.0,17.0,2756600.0,3426049589.0,3426049589.0,925101970.0,0.0,0.0,,0.0,0.0,0.0
2025-03-26,18.0,0.0,0.0,19.0,18.0,19.0,1.0,12127700.0,229679500.0,108.0,18.1,0.0,0.0,19.0,1341300.0,3426049589.0,3426049589.0,925101970.0,0.0,0.0,,0.0,0.0,0.0
2025-03-27,19.0,0.0,0.0,20.0,19.0,20.0,1.0,8861000.0,176861400.0,110.0,19.0,0.0,0.0,20.0,286700.0,3426049589.0,3426049589.0,925101970.0,0.0,0.0,,0.0,0.0,0.0
2025-04-08,20.0,0.0,0.0,18.0,18.0,18.0,-2.0,8672800.0,156110400.0,58.0,17.1,18.0,2575500.0,0.0,0.0,3426049589.0,3426049589.0,926061204.0,0.0,0.0,,0.0,0.0,0.0
2025-04-09,18.0,0.0,0.0,17.0,17.0,17.0,-1.0,5150300.0,87555100.0,71.0,16.2,18.0,786800.0,17.0,16383000.0,3426049589.0,3426049589.0,926061204.0,0.0,0.0,,0.0,0.0,0.0
2025-04-10,17.0,0.0,0.0,18.0,18.0,18.0,1.0,1516900.0,27304200.0,28.0,17.1,0.0,0.0,18.0,5328900.0,3426097190.0,3426097190.0,926061204.0,0.0,0.0,,0.0,0.0,0.0
2025-04-11,18.0,0.0,0.0,19.0,19.0,19.0,1.0,3739200.0,71044800.0,36.0,18.1,0.0,0.0,19.0,20832600.0,3426097190.0,3426097190.0,926061204.0,0.0,0.0,,0.0,0.0,0.0
2025-04-14,19.0,0.0,0.0,20.0,20.0,20.0,1.0,14103100.0,282062000.0,125.0,19.0,0.0,0.0,20.0,4877000.0,3426097190.0,3426097190.0,926061204.0,0.0,0.0,,0.0,0.0,0.0
2025-04-15,20.0,0.0,0.0,22.0,22.0,22.0,2.0,12669500.0,278729000.0,128.0,21.0,0.0,0.0,22.0,7599000.0,3426097190.0,3426097190.0,926061204.0,0.0,0.0,,0.0,0.0,0.0
2025-04-16,22.0,0.0,0.0,24.0,24.0,24.0,2.0,15404100.0,369698400.0,102.0,22.9,0.0,0.0,24.0,24665000.0,3426097190.0,3426097190.0,926061204.0,0.0,0.0,,0.0,0.0,0.0
2025-04-17,24.0,0.0,0.0,26.0,26.0,26.0,2.0,7570600.0,196835600.0,98.0,24.8,0.0,0.0,26.0,19587600.0,3426097190.0,3426097190.0,926061204.0,0.0,0.0,,0.0,0.0,0.0
2025-04-21,26.0,0.0,0.0,28.0,28.0,28.0,2.0,8751400.0,245039200.0,138.0,26.7,0.0,0.0,28.0,27427300.0,3426097190.0,3426097190.0,926061204.0,0.0,0.0,,0.0,0.0,0.0
2025-04-22,28.0,0.0,0.0,30.0,30.0,30.0,2.0,10101200.0,303036000.0,78.0,28.6,0.0,0.0,30.0,33586200.0,3426097190.0,3426097190.0,926061204.0,0.0,0.0,,0.0,0.0,0.0
2025-04-23,30.0,0.0,0.0,33.0,33.0,33.0,3.0,7950500.0,262366500.0,74.0,31.4,0.0,0.0,33.0,30271000.0,3426097190.0,3426097190.0,926061204.0,0.0,0.0,,0.0,0.0,0.0
2025-04-24,33.0,0.0,0.0,36.0,36.0,36.0,3.0,72060300.0,2594170800.0,347.0,34.3,0.0,0.0,36.0,23238600.0,3426097190.0,3426097190.0,926061204.0,0.0,0.0,,0.0,0.0,0.0
2025-04-25,36.0,0.0,0.0,39.0,39.0,39.0,3.0,87472200.0,3411415800.0,405.0,37.1,39.0,72774500.0,38.0,358800.0,3426097190.0,3426097190.0,926061204.0,64958800.0,15400.0,,300000000.0,11700000000.0,10.0
2025-04-28,39.0,0.0,0.0,42.0,42.0,42.0,3.0,73243000.0,3076206000.0,515.0,40.0,0.0,0.0,42.0,11886400.0,3426097190.0,3426097190.0,926061204.0,36426000.0,0.0,,0.0,0.0,0.0
2025-04-29,42.0,0.0,0.0,46.0,46.0,46.0,4.0,4115600.0,189317600.0,75.0,43.8,0.0,0.0,46.0,196242000.0,3426097190.0,3426097190.0,926061204.0,0.0,0.0,,1350000.0,87250000.0,3.0
2025-04-30,46.0,0.0,0.0,50.0,50.0,50.0,4.0,81434000.0,4071700000.0,253.0,47.6,0.0,0.0,50.0,188806200.0,3426097190.0,3426097190.0,926061204.0,0.0,0.0,,4975600.0,355542000.0,7.0
2025-05-02,50.0,0.0,0.0,50.0,45.0,45.0,-5.0,183372400.0,8905751100.0,1651.0,42.9,45.0,57838400.0,0.0,0.0,3426097190.0,3426097190.0,926061204.0,3613200.0,0.0,,625000.0,50000000.0,1.0
2025-05-05,45.0,0.0,0.0,49.0,41.0,49.0,4.0,116256100.0,5129555000.0,894.0,46.7,0.0,0.0,49.0,2501400.0,3426097190.0,3426097190.0,926061204.0,30343400.0,0.0,,0.0,0.0,0.0
2025-05-06,49.0,0.0,0.0,53.0,51.0,53.0,4.0,75137600.0,3944133400.0,640.0,50.5,0.0,0.0,53.0,21335300.0,3426097190.0,3426097190.0,926061204.0,0.0,0.0,,0.0,0.0,0.0
2025-05-07,53.0,0.0,0.0,58.0,58.0,58.0,5.0,58392800.0,3386782400.0,500.0,55.2,0.0,0.0,58.0,31939800.0,3426097190.0,3426097190.0,926061204.0,0.0,0.0,,100000.0,4100000.0,1.0
2025-05-08,58.0,0.0,0.0,63.0,63.0,63.0,5.0,7877000.0,496251000.0,158.0,60.0,0.0,0.0,63.0,85976300.0,3426097190.0,3426097190.0,926061204.0,0.0,0.0,,0.0,0.0,0.0
2025-05-09,63.0,0.0,0.0,69.0,69.0,69.0,6.0,11579600.0,798992400.0,170.0,65.7,0.0,0.0,69.0,77455100.0,3426097190.0,3426097190.0,926061204.0,0.0,0.0,,0.0,0.0,0.0
2025-05-14,69.0,0.0,0.0,75.0,75.0,75.0,6.0,108557000.0,8141775000.0,1178.0,71.4,75.0,10314300.0,74.0,94100.0,3426097190.0,3426097190.0,926061204.0,0.0,0.0,,553000.0,40309000.0,2.0
2025-05-15,75.0,0.0,0.0,68.0,68.0,68.0,-7.0,35264600.0,2397992800.0,704.0,64.8,68.0,37874500.0,0.0,0.0,3426097190.0,3426097190.0,926061204.0,0.0,0.0,,0.0,0.0,0.0
2025-05-16,68.0,0.0,0.0,74.0,74.0,74.0,6.0,46184400.0,3417645600.0,458.0,70.5,0.0,0.0,74.0,23403700.0,3426097190.0,3426097190.0,926061204.0,0.0,0.0,,633300.0,47497500.0,2.0
2025-05-19,74.0,0.0,0.0,81.0,81.0,81.0,7.0,71699600.0,5807667600.0,720.0,77.1,0.0,0.0,81.0,10243100.0,3426097190.0,3426097190.0,926061204.0,0.0,0.0,,0.0,0.0,0.0
2025-05-20,81.0,0.0,0.0,89.0,75.0,75.0,-6.0,53391800.0,4621786400.0,1046.0,71.4,89.0,13624600.0,75.0,1505400.0,3426097190.0,3426097190.0,926061204.0,0.0,0.0,,3080000.0,249480000.0,1.0
2025-05-21,75.0,0.0,0.0,82.0,81.0,82.0,7.0,57976400.0,4739363700.0,462.0,78.1,0.0,0.0,82.0,48765800.0,3426097190.0,3426097190.0,926061204.0,0.0,0.0,,24395000.0,2000390000.0,1.0
2025-05-22,82.0,0.0,0.0,90.0,90.0,90.0,8.0,74465500.0,6701895000.0,794.0,85.7,90.0,7601200.0,89.0,619700.0,3426097190.0,3426097190.0,926061204.0,500000.0,0.0,,2500000.0,225000000.0,1.0
2025-05-23,90.0,0.0,0.0,90.0,86.0,86.0,-4.0,25996000.0,2283101600.0,671.0,81.9,87.0,194700.0,86.0,184300.0,3426097190.0,3426097190.0,926061204.0,0.0,0.0,,0.0,0.0,0.0
2025-05-26,86.0,0.0,0.0,92.0,90.0,90.0,4.0,39507600.0,3598988200.0,679.0,85.7,91.0,1609700.0,90.0,355800.0,3426097190.0,3426097190.0,926061204.0,0.0,0.0,,287500000.0,27025000000.0,10.0
2025-05-27,90.0,0.0,0.0,81.0,81.0,81.0,-9.0,41709000.0,3378429000.0,579.0,77.1,81.0,23921500.0,0.0,0.0,3426097190.0,3426097190.0,926061204.0,0.0,0.0,,287500000.0,28462500000.0,10.0
2025-05-28,81.0,0.0,0.0,73.0,73.0,73.0,-8.0,78107500.0,5701847500.0,908.0,69.5,73.0,42244900.0,0.0,0.0,3426097190.0,3426097190.0,926061204.0,0.0,500000.0,,0.0,0.0,0.0
2025-06-02,73.0,0.0,0.0,80.0,73.0,80.0,7.0,41987600.0,3166872200.0,599.0,76.2,80.0,83057800.0,79.0,100.0,3426097190.0,3426097190.0,926061204.0,0.0,0.0,,0.0,0.0,0.0
2025-06-03,80.0,0.0,0.0,86.0,79.0,79.0,-1.0,38630600.0,3247740100.0,528.0,75.2,79.0,1247800.0,77.0,119700.0,3426097190.0,3426097190.0,926061204.0,0.0,0.0,,0.0,0.0,0.0
2025-06-04,79.0,0.0,0.0,76.0,72.0,72.0,-7.0,30633500.0,2238397600.0,574.0,68.6,72.0,25565100.0,0.0,0.0,3426097190.0,3426097190.0,926061204.0,0.0,0.0,,0.0,0.0,0.0
2025-06-05,72.0,0.0,0.0,72.0,66.0,67.0,-5.0,47670200.0,3242934100.0,636.0,63.8,68.0,10752600.0,67.0,353600.0,3426097190.0,3426097190.0,926061204.0,0.0,0.0,,24825813.0,2135019918.0,2.0
2025-06-10,67.0,0.0,0.0,68.0,67.0,67.0,0.0,30831700.0,2077961400.0,373.0,63.8,67.0,206800.0,66.0,28000.0,3426097190.0,3426097190.0,926061204.0,0.0,0.0,,0.0,0.0,0.0
2025-06-11,67.0,0.0,0.0,66.0,61.0,61.0,-6.0,17626900.0,1081188900.0,422.0,58.1,61.0,34242200.0,0.0,0.0,3426097190.0,3426097190.0,926061204.0,0.0,0.0,,0.0,0.0,0.0
2025-06-12,61.0,0.0,0.0,67.0,58.0,67.0,6.0,60222300.0,3696193800.0,637.0,63.8,0.0,0.0,67.0,47865500.0,3426097190.0,3426097190.0,926061204.0,0.0,5375000.0,,0.0,0.0,0.0
2025-06-13,67.0,0.0,0.0,67.0,65.0,67.0,0.0,26383400.0,1747229400.0,352.0,63.8,67.0,2163400.0,66.0,326300.0,3426097190.0,3426097190.0,926061204.0,0.0,0.0,,0.0,0.0,0.0
2025-06-16,67.0,0.0,0.0,67.0,61.0,61.0,-6.0,24196800.0,1511896700.0,473.0,58.1,61.0,3280400.0,0.0,0.0,3426097190.0,3426097190.0,926061204.0,0.0,0.0,,0.0,0.0,0.0
2025-06-17,61.0,0.0,0.0,61.0,55.0,56.0,-5.0,23016400.0,1295571200.0,451.0,53.3,57.0,500.0,56.0,5736900.0,3426097190.0,3426097190.0,926061204.0,0.0,0.0,,0.0,0.0,0.0
2025-06-18,56.0,0.0,0.0,61.0,57.0,61.0,5.0,12834800.0,769136000.0,218.0,58.1,0.0,0.0,61.0,27046600.0,3426097190.0,3426097190.0,926061204.0,0.0,0.0,,0.0,0.0,0.0
2025-06-19,61.0,0.0,0.0,66.0,59.0,66.0,5.0,24274500.0,1577647000.0,392.0,62.9,66.0,6430400.0,64.0,100.0,3426097190.0,3426097190.0,926061204.0,0.0,0.0,,0.0,0.0,0.0
2025-06-20,66.0,0.0,0.0,70.0,68.0,70.0,4.0,11918700.0,830608800.0,233.0,66.7,70.0,7217900.0,68.0,211500.0,3426097190.0,3426097190.0,926061204.0,0.0,0.0,,0.0,0.0,0.0
2025-06-23,70.0,0.0,0.0,70.0,63.0,63.0,-7.0,9268900.0,598725900.0,196.0,60.0,63.0,4205200.0,0.0,0.0,3426097190.0,3426097190.0,926061204.0,0.0,0.0,,0.0,0.0,0.0
2025-06-24,63.0,0.0,0.0,63.0,60.0,60.0,-3.0,14553000.0,904296900.0,265.0,57.1,62.0,1994800.0,60.0,67300.0,3426097190.0,3426097190.0,926061204.0,0.0,0.0,,1000000.0,71000000.0,1.0
2025-06-25,60.0,0.0,0.0,58.0,54.0,54.0,-6.0,17654400.0,985986400.0,361.0,51.4,54.0,12124100.0,0.0,0.0,3426097190.0,3426097190.0,926061204.0,0.0,0.0,,28985508.0,2000000052.0,1.0
2025-06-26,54.0,0.0,0.0,58.0,54.0,58.0,4.0,15203300.0,840267000.0,290.0,55.2,59.0,4878800.0,58.0,428400.0,3426097190.0,3426097190.0,926061204.0,0.0,0.0,,8330000.0,449820000.0,1.0
2025-06-30,58.0,0.0,0.0,63.0,54.0,63.0,5.0,11907100.0,692136500.0,318.0,60.0,63.0,9985300.0,59.0,100.0,3426097190.0,3426097190.0,926061204.0,0.0,0.0,,0.0,0.0,0.0
2025-07-01,63.0,0.0,0.0,65.0,59.0,65.0,2.0,12773400.0,809711800.0,224.0,61.9,66.0,22500.0,65.0,361000.0,3426097190.0,3426097190.0,1676046745.0,0.0,0.0,,16795000.0,1066085000.0,2.0
2025-07-02,65.0,0.0,0.0,69.0,67.0,67.0,2.0,15218500.0,1038910900.0,245.0,63.8,67.0,2962000.0,66.0,53500.0,3426097190.0,3426097190.0,1676046745.0,0.0,0.0,,0.0,0.0,0.0
2025-07-03,67.0,0.0,0.0,66.0,64.0,66.0,-1.0,12686100.0,831241800.0,176.0,62.9,66.0,1495000.0,65.0,240100.0,3426097190.0,3426097190.0,1676046745.0,0.0,0.0,,0.0,0.0,0.0
2025-07-04,66.0,0.0,0.0,69.0,68.0,69.0,3.0,11807500.0,807971300.0,208.0,65.7,69.0,8460000.0,68.0,1180900.0,3426097190.0,3426097190.0,1676046745.0,0.0,0.0,,1000000.0,71000000.0,1.0
2025-07-07,69.0,0.0,0.0,69.0,69.0,69.0,0.0,22759700.0,1570419300.0,202.0,65.7,70.0,695000.0,69.0,3481700.0,3426097190.0,3426097190.0,1676046745.0,0.0,0.0,,21741300.0,1500149700.0,2.0
2025-07-08,69.0,0.0,0.0,68.0,68.0,68.0,-1.0,15644600.0,1063832800.0,172.0,64.8,68.0,1821900.0,67.0,439400.0,3426097190.0,3426097190.0,1676046745.0,0.0,0.0,,0.0,0.0,0.0
2025-07-09,68.0,0.0,0.0,72.0,69.0,72.0,4.0,18262000.0,1300500500.0,304.0,68.6,73.0,913900.0,72.0,8439800.0,3426097190.0,3426097190.0,1676046745.0,0.0,0.0,,8246300.0,570994700.0,2.0
2025-07-10,72.0,0.0,0.0,79.0,76.0,79.0,7.0,37294300.0,2872323400.0,659.0,75.2,79.0,557700.0,78.0,1500.0,3426097190.0,3426097190.0,1676046745.0,0.0,0.0,,13157800.0,999992800.0,1.0
2025-07-11,79.0,0.0,0.0,85.0,81.0,85.0,6.0,39086400.0,3271130000.0,552.0,81.0,86.0,3444300.0,85.0,22641100.0,3426097190.0,3426097190.0,1676046745.0,0.0,0.0,,12725000.0,1005275000.0,1.0
2025-07-14,85.0,0.0,0.0,93.0,85.0,85.0,0.0,43900100.0,4004771300.0,859.0,81.0,85.0,626800.0,84.0,31000.0,3426097190.0,3426097190.0,1676046745.0,0.0,0.0,,0.0,0.0,0.0
2025-07-15,85.0,0.0,0.0,77.0,77.0,77.0,-8.0,9793300.0,754084100.0,338.0,73.3,77.0,37134600.0,0.0,0.0,3426097190.0,3426097190.0,1676046745.0,0.0,0.0,,500000.0,50000000.0,1.0
2025-07-16,77.0,0.0,0.0,70.0,70.0,70.0,-7.0,14480000.0,1013600000.0,428.0,66.7,70.0,5128700.0,0.0,0.0,3426097190.0,3426097190.0,1676046745.0,0.0,75000.0,,0.0,0.0,0.0
2025-07-17,70.0,0.0,0.0,70.0,63.0,70.0,0.0,39487600.0,2586671600.0,724.0,66.7,70.0,660800.0,69.0,812400.0,3426097190.0,3426097190.0,1676046745.0,0.0,0.0,,14357100.0,1004997000.0,1.0
2025-07-18,70.0,0.0,0.0,74.0,71.0,71.0,1.0,9443300.0,690681700.0,313.0,67.6,71.0,325000.0,70.0,1228700.0,3426097190.0,3426097190.0,1676046745.0,0.0,0.0,,0.0,0.0,0.0
2025-07-21,71.0,0.0,0.0,71.0,69.0,69.0,-2.0,5915700.0,413183800.0,322.0,65.7,69.0,2353700.0,68.0,981600.0,3426097190.0,3426097190.0,1676046745.0,0.0,0.0,,0.0,0.0,0.0
2025-07-22,69.0,0.0,0.0,69.0,67.0,68.0,-1.0,7288300.0,498887500.0,234.0,64.8,69.0,679900.0,68.0,1371800.0,3426097190.0,3426097190.0,1676046745.0,0.0,500000.0,,0.0,0.0,0.0
2025-07-23,68.0,0.0,0.0,68.0,64.0,64.0,-4.0,12671700.0,817771400.0,349.0,61.0,65.0,465200.0,64.0,111800.0,3426097190.0,3426097190.0,1676046745.0,0.0,0.0,,14779400.0,1004999200.0,1.0
2025-07-24,64.0,0.0,0.0,64.0,60.0,60.0,-4.0,17988500.0,1109189400.0,495.0,57.1,61.0,956200.0,60.0,451800.0,3426097190.0,3426097190.0,1676046745.0,0.0,72000.0,,1796800.0,114995200.0,1.0
2025-07-25,60.0,0.0,0.0,60.0,57.0,58.0,-2.0,16538300.0,964606400.0,335.0,55.2,59.0,106600.0,58.0,2040200.0,3426097190.0,3426097190.0,1676046745.0,500000.0,0.0,,0.0,0.0,0.0
2025-07-28,58.0,0.0,0.0,63.0,59.0,63.0,5.0,9675600.0,603005200.0,166.0,60.0,0.0,0.0,63.0,15575300.0,3426097190.0,3426097190.0,1676046745.0,0.0,0.0,,0.0,0.0,0.0
2025-07-29,63.0,0.0,0.0,69.0,69.0,69.0,6.0,14052600.0,969629400.0,218.0,65.7,0.0,0.0,69.0,31328000.0,3426097190.0,3426097190.0,1676046745.0,0.0,0.0,,0.0,0.0,0.0
2025-07-30,69.0,0.0,0.0,75.0,75.0,75.0,6.0,7534800.0,565110000.0,202.0,71.4,0.0,0.0,75.0,37714600.0,3426097190.0,3426097190.0,1676046745.0,0.0,0.0,,0.0,0.0,0.0
2025-07-31,75.0,0.0,0.0,75.0,71.0,71.0,-4.0,42312600.0,3112737600.0,484.0,67.6,72.0,144300.0,71.0,6882900.0,3426097190.0,3426097190.0,1676046745.0,0.0,25000.0,,0.0,0.0,0.0
2025-08-01,71.0,0.0,0.0,76.0,75.0,76.0,5.0,14207600.0,1076804700.0,298.0,72.4,76.0,7564300.0,75.0,478500.0,3426097190.0,3426097190.0,1676046745.0,0.0,0.0,,0.0,0.0,0.0
2025-08-04,76.0,0.0,0.0,80.0,76.0,76.0,0.0,20595100.0,1607717100.0,376.0,72.4,76.0,2546300.0,75.0,1682000.0,3426097190.0,3426097190.0,1676046745.0,0.0,0.0,,0.0,0.0,0.0
2025-08-05,76.0,0.0,0.0,78.0,72.0,72.0,-4.0,19165000.0,1416105000.0,394.0,68.6,73.0,165700.0,72.0,4674800.0,3426097190.0,3426097190.0,1676046745.0,0.0,65000.0,,0.0,0.0,0.0
2025-08-06,72.0,0.0,0.0,74.0,73.0,73.0,1.0,14427500.0,1058438000.0,281.0,69.5,73.0,1732100.0,72.0,1774400.0,3426097190.0,3426097190.0,1676046745.0,0.0,27500.0,,2000000.0,134000000.0,1.0
2025-08-07,73.0,0.0,0.0,74.0,73.0,73.0,0.0,9487000.0,693724900.0,220.0,69.5,73.0,8139700.0,72.0,2072400.0,3426097190.0,3426097190.0,1676046745.0,0.0,0.0,,0.0,0.0,0.0
2025-08-08,73.0,0.0,0.0,80.0,73.0,80.0,7.0,32485200.0,2546854000.0,448.0,76.2,0.0,0.0,80.0,7192200.0,3426097190.0,3426097190.0,1676046745.0,0.0,0.0,,188875000.0,15010600000.0,3.0
2025-08-11,80.0,0.0,0.0,88.0,88.0,88.0,8.0,28864700.0,2540093600.0,362.0,83.8,0.0,0.0,88.0,57844500.0,3426097190.0,3426097190.0,1676046745.0,0.0,0.0,,40000.0,3800000.0,1.0
2025-08-12,88.0,0.0,0.0,96.0,96.0,96.0,8.0,98020900.0,9410006400.0,1241.0,91.4,0.0,0.0,96.0,18754500.0,3426097190.0,3426097190.0,1676046745.0,0.0,950000.0,,0.0,0.0,0.0
2025-08-13,96.0,0.0,0.0,100.0,87.0,87.0,-9.0,66755200.0,6182142700.0,1136.0,82.9,87.0,24299200.0,0.0,0.0,3426097190.0,3426097190.0,1676046745.0,0.0,1000000.0,,0.0,0.0,0.0
2025-08-14,87.0,0.0,0.0,95.0,95.0,95.0,8.0,63393100.0,6022344500.0,715.0,90.5,0.0,0.0,95.0,18160500.0,3426097190.0,3426097190.0,1676046745.0,0.0,0.0,,0.0,0.0,0.0
2025-08-15,95.0,0.0,0.0,104.0,100.0,100.0,5.0,34488100.0,3517008400.0,658.0,95.2,100.0,10227100.0,99.0,2100.0,3426097190.0,3426097190.0,1676046745.0,0.0,0.0,,0.0,0.0,0.0
2025-08-19,100.0,0.0,0.0,103.0,99.0,99.0,-1.0,22088600.0,2243944900.0,506.0,94.3,99.0,1970900.0,98.0,400000.0,3426097190.0,3426097190.0,1676046745.0,0.0,0.0,,0.0,0.0,0.0
2025-08-20,99.0,0.0,0.0,100.0,93.0,93.0,-6.0,14224500.0,1371660900.0,441.0,88.6,94.0,1013000.0,93.0,99800.0,3426097190.0,3426097190.0,1676046745.0,0.0,0.0,,0.0,0.0,0.0
2025-08-21,93.0,0.0,0.0,90.0,84.0,90.0,-3.0,30287600.0,2607624900.0,757.0,85.7,91.0,2500.0,90.0,377400.0,3426097190.0,3426097190.0,1676046745.0,0.0,0.0,,0.0,0.0,0.0
2025-08-22,90.0,0.0,0.0,99.0,98.0,98.0,8.0,23366100.0,2309157400.0,469.0,93.3,98.0,195400.0,97.0,24700.0,3426097190.0,3426097190.0,1676046745.0,105000.0,0.0,,0.0,0.0,0.0
2025-08-25,98.0,0.0,0.0,98.0,93.0,95.0,-3.0,15730100.0,1479091400.0,438.0,90.5,97.0,35700.0,95.0,216900.0,3426097190.0,3426097190.0,1676046745.0,0.0,0.0,,0.0,0.0,0.0
2025-08-26,95.0,0.0,0.0,97.0,95.0,96.0,1.0,7649400.0,734968400.0,296.0,91.4,97.0,765800.0,95.0,893400.0,3426097190.0,3426097190.0,1676046745.0,0.0,0.0,,0.0,0.0,0.0
2025-08-27,96.0,0.0,0.0,104.0,96.0,104.0,8.0,38344200.0,3831014300.0,719.0,99.0,105.0,9922500.0,104.0,47284600.0,3426097190.0,3426097190.0,1676046745.0,1000000.0,0.0,,0.0,0.0,0.0
2025-08-28,104.0,0.0,0.0,114.0,110.0,114.0,10.0,40785600.0,4554518800.0,1286.0,108.6,0.0,0.0,114.0,36173200.0,3426097190.0,3426097190.0,1676046745.0,0.0,100000.0,,0.0,0.0,0.0
2025-08-29,114.0,122.0,121.0,153.0,120.0,153.0,39.0,437954700.0,63042222400.0,20213.0,145.7,0.0,0.0,153.0,191214300.0,3426097190.0,3426097190.0,1676046745.0,2090900.0,469400.0,,0.0,0.0,0.0
2025-09-01,153.0,142.0,143.0,193.0,137.0,173.0,20.0,646646600.0,112447463700.0,34649.0,164.8,174.0,187700.0,173.0,1054800.0,3426097190.0,3426097190.0,1676046745.0,1259600.0,274600.0,,0.0,0.0,0.0
2025-09-02,173.0,0.0,0.0,0.0,0.0,173.0,0.0,0.0,0.0,0.0,164.8,0.0,0.0,0.0,0.0,3426097190.0,3426097190.0,1676046745.0,0.0,0.0,,0.0,0.0,0.0
2025-09-03,173.0,185.0,186.0,192.0,165.0,175.0,2.0,282747200.0,50069558600.0,16824.0,166.7,175.0,579400.0,174.0,2600.0,3426097190.0,3426097190.0,1676046745.0,155500.0,78100.0,,3000000.0,459000000.0,1.0
2025-09-04,175.0,180.0,180.0,181.0,149.0,156.0,-19.0,143728000.0,23053648000.0,9032.0,148.6,156.0,502500.0,155.0,572800.0,3426097190.0,3426097190.0,1676046745.0,1016200.0,1714900.0,,0.0,0.0,0.0
2025-09-08,156.0,157.0,157.0,167.0,145.0,145.0,-11.0,123091000.0,19177413100.0,7046.0,138.1,145.0,1447700.0,144.0,32000.0,3426097190.0,3426097190.0,1676046745.0,6274600.0,9120600.0,,0.0,0.0,0.0
2025-09-09,145.0,146.0,147.0,165.0,137.0,160.0,15.0,172406800.0,26790851600.0,8536.0,152.4,160.0,4675000.0,159.0,400400.0,3426097190.0,3426097190.0,1676046745.0,15283700.0,27978700.0,,0.0,0.0,0.0
2025-09-10,160.0,200.0,198.0,216.0,185.0,216.0,56.0,655234500.0,133839762200.0,30207.0,205.7,0.0,0.0,216.0,89256300.0,3426097190.0,3426097190.0,1676046745.0,26524800.0,49325500.0,,2500000.0,422500000.0,1.0
2025-09-11,216.0,0.0,0.0,0.0,0.0,216.0,0.0,0.0,0.0,0.0,205.7,0.0,0.0,0.0,0.0,3426097190.0,3426097190.0,1676046745.0,0.0,0.0,,0.0,0.0,0.0
2025-09-12,216.0,0.0,0.0,0.0,0.0,216.0,0.0,0.0,0.0,0.0,205.7,0.0,0.0,0.0,0.0,3426097190.0,3426097190.0,1676046745.0,0.0,0.0,,100300.0,21268800.0,2.0
2025-09-15,216.0,0.0,0.0,0.0,0.0,216.0,0.0,0.0,0.0,0.0,205.7,0.0,0.0,0.0,0.0,3426097190.0,3426097190.0,1676046745.0,0.0,0.0,,2557000.0,438544000.0,4.0
2025-09-16,216.0,0.0,0.0,0.0,0.0,216.0,0.0,0.0,0.0,0.0,205.7,0.0,0.0,0.0,0.0,3426097190.0,3426097190.0,1676046745.0,0.0,0.0,,433700.0,116428000.0,3.0
2025-09-17,216.0,0.0,0.0,0.0,0.0,216.0,0.0,0.0,0.0,0.0,205.7,0.0,0.0,0.0,0.0,3426097190.0,3426097190.0,1676046745.0,0.0,0.0,,213400.0,58821200.0,2.0
2025-09-18,216.0,0.0,0.0,0.0,0.0,216.0,0.0,0.0,0.0,0.0,205.7,0.0,0.0,0.0,0.0,3426097190.0,3426097190.0,1676046745.0,0.0,0.0,,3575700.0,739968000.0,5.0
2025-09-19,216.0,0.0,0.0,0.0,0.0,216.0,0.0,0.0,0.0,0.0,205.7,0.0,0.0,0.0,0.0,3426097190.0,3426097190.0,1676046745.0,0.0,0.0,,1153700.0,344230000.0,5.0
2025-09-22,216.0,0.0,0.0,236.0,236.0,236.0,20.0,37772200.0,8914239200.0,729.0,224.8,0.0,0.0,236.0,119824800.0,3426097190.0,3426097190.0,1676046745.0,500.0,0.0,,1585200.0,428908000.0,5.0
2025-09-23,236.0,0.0,0.0,258.0,258.0,258.0,22.0,25045300.0,6461687400.0,390.0,245.7,0.0,0.0,258.0,71335000.0,3426097190.0,3426097190.0,1676046745.0,0.0,0.0,,9351400.0,2731880400.0,11.0
2025-09-24,258.0,0.0,0.0,282.0,282.0,282.0,24.0,86921600.0,24511891200.0,2572.0,268.6,282.0,5791800.0,280.0,225400.0,3426097190.0,3426097190.0,1676046745.0,0.0,0.0,,5225700.0,1569710000.0,3.0
2025-09-25,282.0,0.0,0.0,300.0,254.0,300.0,18.0,109958100.0,29432484800.0,4543.0,285.7,300.0,7893600.0,298.0,21000.0,3426097190.0,3426097190.0,1676046745.0,100.0,400000.0,,325200.0,100059200.0,3.0
2025-09-26,300.0,0.0,0.0,300.0,288.0,300.0,0.0,48291500.0,14063697600.0,3167.0,285.7,300.0,1761600.0,296.0,1000.0,3426097190.0,3426097190.0,1676046745.0,230000.0,0.0,,25848500.0,8404505000.0,2.0
2025-09-29,300.0,0.0,0.0,302.0,280.0,280.0,-20.0,45106500.0,13297575200.0,2742.0,266.7,280.0,3640900.0,278.0,6000.0,3426097190.0,3426097190.0,1676046745.0,30000.0,0.0,,701400.0,44478000.0,2.0
2025-09-30,280.0,0.0,0.0,270.0,254.0,258.0,-22.0,39951500.0,10245389400.0,3133.0,245.7,260.0,2700.0,258.0,15523500.0,3426097190.0,3426097190.0,1676046745.0,0.0,600000.0,,1260000.0,31760000.0,2.0
2025-10-01,258.0,320.0,320.0,322.0,280.0,322.0,64.0,390052000.0,120785205800.0,28637.0,306.7,0.0,0.0,322.0,21740900.0,3426097190.0,3426097190.0,1801099293.0,36925500.0,9609200.0,,0.0,0.0,0.0
2025-10-02,322.0,354.0,352.0,402.0,344.0,402.0,80.0,247290300.0,96102835400.0,17353.0,382.9,0.0,0.0,402.0,58629800.0,3426097190.0,3426097190.0,1801099293.0,12253300.0,6038100.0,,6350000.0,2540000000.0,2.0
2025-10-03,402.0,498.0,498.0,500.0,430.0,500.0,98.0,160922000.0,80105083000.0,8831.0,476.2,0.0,0.0,500.0,74410700.0,3426097190.0,3426097190.0,1801099293.0,2539200.0,6873400.0,,0.0,0.0,0.0
2025-10-06,500.0,615.0,615.0,625.0,590.0,625.0,125.0,130399200.0,80814431500.0,14876.0,595.2,0.0,0.0,625.0,35424700.0,3426097190.0,3426097190.0,1801099293.0,2406500.0,1382500.0,,562959905.0,7714504715.0,3.0
2025-10-07,625.0,0.0,0.0,0.0,0.0,625.0,0.0,0.0,0.0,0.0,595.2,0.0,0.0,0.0,0.0,3426097190.0,3426097190.0,1801099293.0,0.0,0.0,,35000.0,23625000.0,1.0
2025-10-08,625.0,0.0,0.0,0.0,0.0,625.0,0.0,0.0,0.0,0.0,595.2,0.0,0.0,0.0,0.0,3426097190.0,3426097190.0,1801099293.0,0.0,0.0,,121500.0,86154400.0,6.0
2025-10-09,625.0,0.0,0.0,0.0,0.0,625.0,0.0,0.0,0.0,0.0,595.2,0.0,0.0,0.0,0.0,3426097190.0,3426097190.0,1801099293.0,0.0,0.0,,326800.0,221066000.0,4.0
2025-10-10,625.0,0.0,0.0,0.0,0.0,625.0,0.0,0.0,0.0,0.0,595.2,0.0,0.0,0.0,0.0,3426097190.0,3426097190.0,1801099293.0,0.0,0.0,,976430595.0,8689200285.0,6.0
2025-10-13,625.0,0.0,0.0,0.0,0.0,625.0,0.0,0.0,0.0,0.0,595.2,0.0,0.0,0.0,0.0,3426097190.0,3426097190.0,1801099293.0,0.0,0.0,,131400.0,83550000.0,5.0
2025-10-14,625.0,0.0,0.0,565.0,565.0,565.0,-60.0,37604700.0,21246655500.0,6126.0,538.1,565.0,127976400.0,0.0,0.0,3426097190.0,3426097190.0,1801099293.0,0.0,5000.0,,100000.0,56500000.0,1.0
2025-10-15,565.0,0.0,0.0,510.0,510.0,510.0,-55.0,10417200.0,5312772000.0,2031.0,485.7,510.0,144152100.0,0.0,0.0,3426097190.0,3426097190.0,1801099293.0,0.0,0.0,,17980000.0,11147600000.0,1.0
2025-10-16,510.0,0.0,0.0,510.0,460.0,460.0,-50.0,133627200.0,65938672000.0,7554.0,438.1,460.0,35922900.0,0.0,0.0,3426097190.0,3426097190.0,1801099293.0,75000.0,11000.0,,44000.0,16650000.0,4.0
2025-10-17,460.0,0.0,0.0,414.0,414.0,414.0,-46.0,22049600.0,9128534400.0,3161.0,394.3,414.0,97604100.0,0.0,0.0,3426097190.0,3426097190.0,1801099293.0,0.0,0.0,,3484600.0,1442432400.0,3.0
2025-10-20,414.0,0.0,0.0,374.0,374.0,374.0,-40.0,9799600.0,3665050400.0,1681.0,356.2,374.0,87868400.0,0.0,0.0,3426097190.0,3426097190.0,1801099293.0,0.0,0.0,,280000.0,94248000.0,4.0
2025-10-21,374.0,0.0,0.0,338.0,338.0,338.0,-36.0,14544300.0,4915973400.0,1739.0,321.9,338.0,89478700.0,0.0,0.0,3426097190.0,3426097190.0,1801099293.0,0.0,0.0,,141400.0,43546000.0,6.0
2025-10-22,338.0,0.0,0.0,370.0,340.0,370.0,32.0,143847300.0,50728866000.0,5435.0,352.4,0.0,0.0,370.0,190095900.0,3426097190.0,3426097190.0,1801099293.0,2248700.0,0.0,,100000.0,41400000.0,1.0
2025-10-23,370.0,420.0,422.0,462.0,400.0,462.0,92.0,475151400.0,208258561400.0,44562.0,440.0,0.0,0.0,462.0,49394000.0,3426097190.0,3426097190.0,1801099293.0,37755700.0,33850000.0,,3581600.0,1492382400.0,2.0
2025-10-24,462.0,535.0,535.0,540.0,394.0,394.0,-68.0,628061600.0,279795998900.0,85388.0,375.2,394.0,4684900.0,0.0,0.0,3426097190.0,3426097190.0,1801099293.0,47770600.0,39222000.0,,100000.0,39400000.0,1.0
2025-10-27,394.0,380.0,384.0,386.0,336.0,336.0,-58.0,94721300.0,33055665800.0,11717.0,320.0,336.0,80031100.0,0.0,0.0,3426097190.0,3426097190.0,1801099293.0,1202900.0,6940600.0,,0.0,0.0,0.0
2025-10-28,336.0,302.0,302.0,406.0,290.0,358.0,22.0,579920000.0,210507427400.0,72072.0,341.0,360.0,604100.0,358.0,188600.0,3426097190.0,3426097190.0,1801099293.0,33704700.0,30775600.0,,60000.0,37500000.0,1.0
2025-10-29,358.0,358.0,358.0,372.0,306.0,310.0,-48.0,218465500.0,72165759600.0,35988.0,295.2,312.0,199300.0,310.0,119300.0,3426097190.0,3426097190.0,1801099293.0,6395400.0,4598500.0,,0.0,0.0,0.0
2025-10-30,310.0,310.0,310.0,328.0,278.0,304.0,-6.0,268954900.0,81662597800.0,34668.0,289.5,304.0,390700.0,302.0,82000.0,3426097190.0,3426097190.0,1801099293.0,14316100.0,15513400.0,,0.0,0.0,0.0
2025-10-31,304.0,300.0,300.0,310.0,290.0,294.0,-10.0,59353100.0,17723629800.0,10598.0,280.0,294.0,36400.0,292.0,556500.0,3426097190.0,3426097190.0,1801099293.0,3614000.0,3658100.0,,0.0,0.0,0.0
2025-11-04,302.0,304.0,306.0,308.0,284.0,288.0,-14.0,79472000.0,23331863800.0,13863.0,274.3,288.0,35900.0,286.0,1027600.0,3426097190.0,3426097190.0,1801099293.0,1199400.0,1250100.0,,0.0,0.0,0.0
2025-11-05,288.0,290.0,292.0,298.0,270.0,272.0,-16.0,91761800.0,25599064400.0,13192.0,259.0,274.0,2054700.0,272.0,628000.0,3426097190.0,3426097190.0,1801099293.0,2629800.0,4412200.0,,0.0,0.0,0.0
2025-11-06,272.0,278.0,278.0,292.0,256.0,282.0,10.0,209644000.0,57492132600.0,23513.0,268.6,284.0,767200.0,282.0,203400.0,3426097190.0,3426097190.0,1801099293.0,12233400.0,17093400.0,,0.0,0.0,0.0
2025-11-07,282.0,300.0,298.0,312.0,274.0,292.0,10.0,195907000.0,57994657400.0,18401.0,278.1,294.0,1177100.0,292.0,88500.0,3426097190.0,3426097190.0,1801099293.0,16550300.0,10780300.0,,0.0,0.0,0.0
2025-11-10,292.0,304.0,302.0,344.0,288.0,330.0,38.0,387622000.0,123064314600.0,32980.0,314.3,332.0,1175000.0,330.0,1631400.0,3426097190.0,3426097190.0,1801099293.0,26878100.0,55806700.0,,0.0,0.0,0.0
2025-11-11,330.0,330.0,330.0,332.0,306.0,312.0,-18.0,124757600.0,39444753400.0,15059.0,297.1,314.0,250600.0,312.0,2081600.0,3426097190.0,3426097190.0,1801099293.0,20388100.0,4261400.0,,0.0,0.0,0.0
2025-11-12,312.0,318.0,318.0,320.0,300.0,312.0,0.0,59594100.0,18446711800.0,8796.0,297.1,314.0,2584900.0,312.0,173600.0,3426097190.0,3426097190.0,1801099293.0,9299300.0,5872000.0,,0.0,0.0,0.0
2025-11-13,312.0,314.0,314.0,314.0,302.0,304.0,-8.0,38900800.0,11867325200.0,6032.0,289.5,306.0,6800.0,304.0,845800.0,3426097190.0,3426097190.0,1801099293.0,2517800.0,4292600.0,,0.0,0.0,0.0
2025-11-14,304.0,306.0,304.0,308.0,284.0,294.0,-10.0,96131700.0,28161247000.0,10713.0,280.0,294.0,667700.0,292.0,18000.0,3426097190.0,3426097190.0,1801099293.0,11260100.0,7113200.0,,0.0,0.0,0.0
2025-11-17,294.0,294.0,292.0,314.0,280.0,284.0,-10.0,112471800.0,32669083400.0,17321.0,270.5,286.0,1513300.0,284.0,106700.0,3426097190.0,3426097190.0,1801099293.0,14451000.0,8177900.0,,0.0,0.0,0.0
2025-11-18,284.0,284.0,286.0,286.0,270.0,276.0,-8.0,42328900.0,11740777400.0,5861.0,262.9,278.0,38100.0,276.0,2381200.0,3426097190.0,3426097190.0,1801099293.0,2727300.0,5710300.0,,0.0,0.0,0.0
2025-11-19,276.0,276.0,276.0,290.0,268.0,282.0,6.0,64395400.0,17966707400.0,6738.0,268.6,284.0,217300.0,282.0,91200.0,3426097190.0,3426097190.0,1801099293.0,9540000.0,9963200.0,,33656400.0,10096920000.0,1.0
2025-11-20,282.0,290.0,288.0,302.0,276.0,282.0,0.0,177761900.0,51255445600.0,13670.0,268.6,284.0,223400.0,282.0,176400.0,3426097190.0,3426097190.0,1801099293.0,17454300.0,15482800.0,,0.0,0.0,0.0
2025-11-21,282.0,282.0,282.0,286.0,276.0,278.0,-4.0,38530500.0,10733335000.0,4749.0,264.8,280.0,641100.0,278.0,14700.0,3426097190.0,3426097190.0,1801099293.0,1484300.0,1420400.0,,0.0,0.0,0.0
2025-11-24,278.0,276.0,276.0,278.0,270.0,272.0,-6.0,43546400.0,11877611000.0,5555.0,259.0,272.0,72700.0,270.0,5456200.0,3426097190.0,3426097190.0,1801099293.0,1823500.0,2881000.0,,2000000.0,590000000.0,2.0
2025-11-25,272.0,272.0,274.0,278.0,260.0,260.0,-12.0,55332300.0,14651970000.0,7701.0,247.6,262.0,130500.0,260.0,5120800.0,3426097190.0,3426097190.0,1801099293.0,3571300.0,3112200.0,,0.0,0.0,0.0
2025-11-26,260.0,260.0,260.0,266.0,238.0,252.0,-8.0,149189500.0,37129328800.0,11768.0,240.0,254.0,26100.0,252.0,4072700.0,3426097190.0,3426097190.0,1801099293.0,13625600.0,34424500.0,,0.0,0.0,0.0
2025-11-27,252.0,256.0,256.0,278.0,254.0,258.0,6.0,151724200.0,40171420400.0,13950.0,245.7,260.0,183400.0,258.0,415500.0,3426097190.0,3426097190.0,1801099293.0,35177500.0,20298800.0,,0.0,0.0,0.0
2025-11-28,258.0,256.0,256.0,256.0,242.0,246.0,-12.0,53501800.0,13134191000.0,6581.0,234.3,248.0,1722000.0,246.0,60300.0,3426097190.0,3426097190.0,1801099293.0,7196900.0,2128500.0,,0.0,0.0,0.0
2025-12-01,246.0,246.0,244.0,246.0,226.0,226.0,-20.0,82867000.0,19169150800.0,8850.0,215.2,228.0,80700.0,226.0,3191100.0,3426097190.0,3426097190.0,1801099293.0,3829200.0,9225500.0,,0.0,0.0,0.0
2025-12-02,226.0,226.0,226.0,262.0,226.0,242.0,16.0,140744300.0,34628555800.0,14684.0,230.5,244.0,317800.0,242.0,100.0,3426097190.0,3426097190.0,1801099293.0,21355900.0,23460300.0,,14000.0,1092000.0,1.0
2025-12-03,242.0,242.0,240.0,244.0,232.0,240.0,-2.0,30632500.0,7351962400.0,3638.0,228.6,242.0,933500.0,240.0,2271100.0,3426097190.0,3426097190.0,1801099293.0,3530800.0,10125100.0,,0.0,0.0,0.0
2025-12-04,240.0,242.0,242.0,246.0,236.0,242.0,2.0,34353600.0,8275286400.0,3453.0,230.5,244.0,2780600.0,242.0,4900.0,3426097190.0,3426097190.0,1801099293.0,2113400.0,10536500.0,,0.0,0.0,0.0
2025-12-05,242.0,244.0,246.0,260.0,242.0,246.0,4.0,65579900.0,16424709400.0,6654.0,234.3,246.0,560500.0,244.0,7400.0,3426097190.0,3426097190.0,1801099293.0,13440200.0,10959900.0,,0.0,0.0,0.0
2025-12-08,246.0,246.0,246.0,248.0,236.0,246.0,0.0,31403500.0,7602219000.0,3847.0,234.3,246.0,102700.0,244.0,780600.0,3426097190.0,3426097190.0,1801099293.0,2561200.0,7728800.0,,0.0,0.0,0.0
2025-12-09,246.0,244.0,244.0,246.0,236.0,240.0,-6.0,36691400.0,8768707800.0,4219.0,228.6,242.0,568700.0,240.0,1051700.0,3426097190.0,3426097190.0,1801099293.0,6932700.0,4631900.0,,0.0,0.0,0.0
2025-12-10,240.0,240.0,238.0,240.0,228.0,230.0,-10.0,44470200.0,10314728000.0,5162.0,219.0,232.0,80300.0,230.0,2651700.0,3426097190.0,3426097190.0,1801099293.0,4657500.0,1362000.0,,0.0,0.0,0.0
2025-12-11,230.0,234.0,232.0,240.0,216.0,224.0,-6.0,107220700.0,24505833000.0,8661.0,213.3,226.0,559300.0,224.0,4700.0,3426097190.0,3426097190.0,1801099293.0,19560500.0,20641700.0,,0.0,0.0,0.0
2025-12-12,224.0,224.0,222.0,226.0,202.0,206.0,-18.0,85695100.0,18367211800.0,8333.0,196.2,206.0,787500.0,204.0,474700.0,3426097190.0,3426097190.0,1801099293.0,7857800.0,17768200.0,,0.0,0.0,0.0
2025-12-15,206.0,202.0,202.0,210.0,194.0,206.0,0.0,77525700.0,15520072400.0,7691.0,196.2,208.0,154100.0,206.0,117500.0,3426097190.0,3426097190.0,1801099293.0,9054100.0,27254400.0,,0.0,0.0,0.0
2025-12-16,206.0,214.0,216.0,236.0,204.0,208.0,2.0,175330000.0,38040808800.0,14042.0,198.1,208.0,344600.0,206.0,737400.0,3426097190.0,3426097190.0,1801099293.0,52948200.0,11728900.0,,0.0,0.0,0.0
2025-12-17,208.0,212.0,214.0,260.0,210.0,260.0,52.0,812686100.0,201825040800.0,51802.0,247.6,0.0,0.0,260.0,37846300.0,3426097190.0,3426097190.0,1801099293.0,62997000.0,93755500.0,,0.0,0.0,0.0
2025-12-18,260.0,264.0,266.0,308.0,244.0,276.0,16.0,1269013600.0,359011730400.0,112414.0,262.9,278.0,353800.0,276.0,911000.0,3426097190.0,3426097190.0,1801099293.0,103798100.0,60484500.0,,500.0,88500.0,1.0
2025-12-19,276.0,280.0,280.0,298.0,236.0,240.0,-36.0,310564400.0,84901165000.0,36526.0,228.6,242.0,615200.0,240.0,485300.0,3426097190.0,3426097190.0,1801099293.0,14616200.0,19899900.0,,18600.0,1116000.0,1.0
2025-12-22,240.0,240.0,242.0,242.0,216.0,228.0,-12.0,107053400.0,24395251600.0,12541.0,217.1,230.0,335000.0,228.0,925900.0,3426097190.0,3426097190.0,1801099293.0,10000100.0,25351000.0,,0.0,0.0,0.0
2025-12-23,228.0,234.0,234.0,248.0,226.0,232.0,4.0,87426900.0,20630540800.0,10654.0,221.0,234.0,957500.0,232.0,50500.0,3426097190.0,3426097190.0,1801099293.0,20560700.0,5180500.0,,0.0,0.0,0.0
2025-12-24,232.0,232.0,232.0,234.0,220.0,224.0,-8.0,44881500.0,10174496400.0,5443.0,213.3,224.0,123100.0,222.0,1756300.0,3426097190.0,3426097190.0,1801099293.0,3065900.0,1964100.0,,0.0,0.0,0.0
2025-12-29,224.0,226.0,226.0,244.0,226.0,236.0,12.0,51023800.0,11889224400.0,6308.0,224.8,236.0,664700.0,234.0,885700.0,3426097190.0,3426097190.0,1801099293.0,4505200.0,14129600.0,,0.0,0.0,0.0
2025-12-30,236.0,240.0,238.0,242.0,228.0,236.0,0.0,51594800.0,12155645200.0,4937.0,224.8,238.0,384100.0,236.0,1229300.0,3426097190.0,3426097190.0,1801099293.0,7405400.0,8868000.0,,0.0,0.0,0.0
2026-01-02,236.0,238.0,238.0,248.0,232.0,244.0,8.0,47806800.0,11481843200.0,5869.0,232.4,244.0,228000.0,242.0,306700.0,3426097190.0,3426097190.0,1656860601.0,4540800.0,16087700.0,,0.0,0.0,0.0
2026-01-05,244.0,250.0,250.0,262.0,244.0,260.0,16.0,97509000.0,24653197200.0,9095.0,247.6,260.0,1926700.0,258.0,153100.0,3426097190.0,3426097190.0,1656860601.0,17068300.0,13863700.0,,0.0,0.0,0.0
2026-01-06,260.0,264.0,264.0,266.0,250.0,264.0,4.0,64174500.0,16468796000.0,6623.0,251.4,264.0,3257100.0,262.0,1009500.0,3426097190.0,3426097190.0,1656860601.0,8130800.0,13761600.0,,0.0,0.0,0.0
2026-01-07,264.0,268.0,270.0,302.0,268.0,280.0,16.0,350766700.0,99834670800.0,30805.0,266.7,282.0,116900.0,280.0,102100.0,3426097190.0,3426097190.0,1656860601.0,67964500.0,54065300.0,,0.0,0.0,0.0
2026-01-08,280.0,282.0,284.0,286.0,270.0,272.0,-8.0,69000600.0,18906188800.0,7657.0,259.0,272.0,129200.0,270.0,4037600.0,3426097190.0,3426097190.0,1656860601.0,12177700.0,6600700.0,,0.0,0.0,0.0
2026-01-09,272.0,270.0,268.0,316.0,262.0,308.0,36.0,373307100.0,111489647200.0,28971.0,293.3,310.0,4289900.0,308.0,1353700.0,3426097190.0,3426097190.0,1656860601.0,37220800.0,78483200.0,,0.0,0.0,0.0
2026-01-12,308.0,316.0,314.0,316.0,262.0,282.0,-26.0,347315700.0,101434346800.0,35101.0,268.6,284.0,452200.0,282.0,621400.0,3426097190.0,3426097190.0,1656860601.0,70975500.0,41226600.0,,0.0,0.0,0.0
2026-01-13,282.0,282.0,282.0,284.0,262.0,268.0,-14.0,92100000.0,24939865200.0,9608.0,255.2,270.0,303300.0,268.0,2535400.0,3426097190.0,3426097190.0,1656860601.0,21912900.0,11363800.0,,0.0,0.0,0.0
2026-01-14,268.0,268.0,268.0,276.0,262.0,272.0,4.0,41823600.0,11286799000.0,4473.0,259.0,274.0,2169700.0,272.0,1890500.0,3426097190.0,3426097190.0,1656860601.0,8536800.0,5013400.0,,0.0,0.0,0.0
2026-01-15,272.0,290.0,290.0,290.0,272.0,276.0,4.0,38996700.0,10792501800.0,4307.0,262.9,276.0,102100.0,274.0,828500.0,3426097190.0,3426097190.0,1656860601.0,4932600.0,2234900.0,,0.0,0.0,0.0
2026-01-19,276.0,276.0,276.0,314.0,272.0,310.0,34.0,242478400.0,72139992200.0,18191.0,295.2,312.0,1536500.0,310.0,344800.0,3426097190.0,3426097190.0,1656860601.0,23038900.0,69180600.0,,0.0,0.0,0.0
2026-01-20,310.0,310.0,310.0,312.0,288.0,290.0,-20.0,160757600.0,47775306200.0,17056.0,276.2,292.0,328700.0,290.0,26000.0,3426097190.0,3426097190.0,1656860601.0,33934500.0,14214500.0,,0.0,0.0,0.0
2026-01-21,290.0,290.0,288.0,294.0,276.0,282.0,-8.0,69550500.0,19600312200.0,7075.0,268.6,284.0,619800.0,282.0,1931300.0,3426097190.0,3426097190.0,1656860601.0,11147800.0,9989200.0,,0.0,0.0,0.0
2026-01-22,282.0,280.0,280.0,296.0,276.0,280.0,-2.0,65420000.0,18651017400.0,6215.0,266.7,280.0,92600.0,278.0,888900.0,3426097190.0,3426097190.0,1656860601.0,15290400.0,5816200.0,,5000.0,1250000.0,1.0
2026-01-23,280.0,280.0,280.0,282.0,246.0,266.0,-14.0,74655600.0,19531912800.0,7174.0,253.3,268.0,248900.0,266.0,214500.0,3426097190.0,3426097190.0,1656860601.0,19797300.0,12579400.0,,0.0,0.0,0.0
2026-01-26,266.0,268.0,268.0,276.0,240.0,244.0,-22.0,63782500.0,16316586800.0,6826.0,232.4,246.0,266900.0,244.0,52300.0,3426097190.0,3426097190.0,1656860601.0,10875000.0,6379200.0,,0.0,0.0,0.0
2026-01-27,244.0,240.0,240.0,246.0,228.0,242.0,-2.0,31412300.0,7473268000.0,3547.0,230.5,244.0,35500.0,242.0,72500.0,3426097190.0,3426097190.0,1656860601.0,2744500.0,11734100.0,,0.0,0.0,0.0
2026-01-28,242.0,224.0,226.0,238.0,206.0,212.0,-30.0,70685900.0,15421745200.0,5971.0,201.9,212.0,24400.0,210.0,314600.0,3426097190.0,3426097190.0,1656860601.0,9125300.0,26668400.0,,0.0,0.0,0.0
2026-01-29,212.0,202.0,202.0,240.0,181.0,218.0,6.0,102357600.0,20757682100.0,7887.0,207.6,220.0,423500.0,218.0,816300.0,3426097190.0,3426097190.0,1656860601.0,29159800.0,35763800.0,,0.0,0.0,0.0
2026-01-30,218.0,226.0,222.0,228.0,212.0,222.0,4.0,27945600.0,6163959200.0,2824.0,211.4,224.0,130100.0,222.0,115700.0,3426097190.0,3426097190.0,1656860601.0,14334500.0,2758900.0,,0.0,0.0,0.0
2026-02-02,222.0,216.0,216.0,220.0,189.0,189.0,-33.0,40593800.0,7952992700.0,4113.0,180.0,189.0,360700.0,0.0,0.0,3426097190.0,3426097190.0,1656860601.0,7675700.0,9102600.0,,0.0,0.0,0.0
2026-02-03,189.0,186.0,187.0,216.0,175.0,212.0,23.0,35886100.0,7161073800.0,3283.0,201.9,214.0,64900.0,212.0,33500.0,3426097190.0,3426097190.0,1656860601.0,9472000.0,10642200.0,,0.0,0.0,0.0
2026-02-04,212.0,181.0,181.0,181.0,181.0,181.0,-31.0,27680700.0,5010206700.0,3225.0,172.4,181.0,145823100.0,0.0,0.0,3426097190.0,3426097190.0,1656860601.0,0.0,410400.0,,0.0,0.0,0.0
2026-02-05,181.0,154.0,154.0,154.0,154.0,154.0,-27.0,15590100.0,2400875400.0,1710.0,146.7,154.0,169513100.0,0.0,0.0,3426097190.0,3426097190.0,1656860601.0,0.0,0.0,,100000.0,10500000.0,1.0
2026-02-06,154.0,131.0,131.0,148.0,131.0,131.0,-23.0,108746800.0,14344605600.0,3571.0,124.8,131.0,115674000.0,0.0,0.0,3426097190.0,3426097190.0,1656860601.0,400.0,5205900.0,,0.0,0.0,0.0
2026-02-09,131.0,112.0,112.0,167.0,112.0,137.0,6.0,892848000.0,117760230000.0,51025.0,130.5,137.0,117200.0,136.0,122100.0,3426097190.0,3426097190.0,1656860601.0,114673700.0,124763900.0,,0.0,0.0,0.0
2026-02-10,137.0,139.0,139.0,160.0,133.0,146.0,9.0,257333600.0,37945773400.0,15133.0,139.0,146.0,926700.0,145.0,888200.0,3426097190.0,3426097190.0,1656860601.0,49169500.0,31354700.0,,0.0,0.0,0.0
2026-02-11,146.0,148.0,148.0,197.0,146.0,197.0,51.0,434128300.0,79224584100.0,27462.0,187.6,0.0,0.0,197.0,5354700.0,3426097190.0,3426097190.0,1656860601.0,42363400.0,77799200.0,,0.0,0.0,0.0
2026-02-12,197.0,216.0,216.0,246.0,204.0,214.0,17.0,315858300.0,71420472400.0,28599.0,203.8,214.0,880300.0,212.0,388800.0,3426097190.0,3426097190.0,1656860601.0,79738000.0,34443600.0,,0.0,0.0,0.0
2026-02-13,214.0,214.0,214.0,214.0,195.0,200.0,-14.0,73177400.0,14734232100.0,8882.0,190.5,202.0,833400.0,200.0,735200.0,3426097190.0,3426097190.0,1656860601.0,7036900.0,12281600.0,,0.0,0.0,0.0
2026-02-18,200.0,202.0,204.0,214.0,196.0,206.0,6.0,75013800.0,15278548500.0,7653.0,196.2,206.0,1141300.0,204.0,185800.0,3426097190.0,3426097190.0,1656860601.0,15565200.0,12347700.0,,0.0,0.0,0.0
2026-02-19,206.0,206.0,206.0,206.0,189.0,198.0,-8.0,40048800.0,7947234700.0,5142.0,188.6,198.0,477900.0,197.0,312300.0,3426097190.0,3426097190.0,1656860601.0,3897600.0,2638200.0,,0.0,0.0,0.0
2026-02-20,198.0,202.0,202.0,202.0,186.0,188.0,-10.0,31381400.0,5975620800.0,4597.0,179.0,188.0,38600.0,187.0,188800.0,3426097190.0,3426097190.0,1656860601.0,2652200.0,3852000.0,,0.0,0.0,0.0
2026-02-23,188.0,191.0,191.0,196.0,185.0,195.0,7.0,35341100.0,6755097500.0,4507.0,185.7,195.0,72400.0,194.0,900400.0,3426097190.0,3426097190.0,1656860601.0,5320000.0,7812500.0,,0.0,0.0,0.0
2026-02-24,195.0,198.0,198.0,198.0,184.0,188.0,-7.0,21563300.0,4087799000.0,3511.0,179.0,188.0,477500.0,187.0,18700.0,3426097190.0,3426097190.0,1656860601.0,5564900.0,98500.0,,0.0,0.0,0.0
2026-02-25,188.0,188.0,189.0,189.0,176.0,183.0,-5.0,23757400.0,4317297800.0,3218.0,174.3,184.0,205300.0,183.0,48700.0,3426097190.0,3426097190.0,1656860601.0,2821500.0,6937600.0,,0.0,0.0,0.0
2026-02-26,183.0,184.0,185.0,185.0,169.0,171.0,-12.0,24081500.0,4210688900.0,3135.0,162.9,172.0,149200.0,171.0,4300.0,3426097190.0,3426097190.0,1656860601.0,3399800.0,5448100.0,,0.0,0.0,0.0
2026-02-27,171.0,171.0,171.0,175.0,160.0,170.0,-1.0,20584800.0,3437419100.0,2253.0,161.9,171.0,267000.0,170.0,113000.0,3426097190.0,3426097190.0,1656860601.0,2704500.0,10992700.0,,0.0,0.0,0.0
2026-03-02,170.0,147.0,147.0,163.0,147.0,151.0,-19.0,32101500.0,4990012300.0,3212.0,143.8,151.0,134500.0,150.0,638000.0,3426097190.0,3426097190.0,1656860601.0,5628100.0,13724700.0,,0.0,0.0,0.0
2026-03-03,151.0,151.0,150.0,161.0,146.0,151.0,0.0,21121700.0,3201303300.0,2459.0,143.8,151.0,504400.0,150.0,512400.0,3426097190.0,3426097190.0,1656860601.0,6001600.0,6757100.0,,0.0,0.0,0.0
2026-03-04,151.0,143.0,143.0,147.0,129.0,135.0,-16.0,37669500.0,5171585700.0,2588.0,128.6,136.0,26900.0,135.0,1263900.0,3426097190.0,3426097190.0,1656860601.0,4149900.0,21555200.0,,0.0,0.0,0.0
2026-03-05,135.0,145.0,145.0,153.0,137.0,138.0,3.0,20474500.0,2910248900.0,2050.0,131.4,140.0,4900.0,138.0,544500.0,3426097190.0,3426097190.0,1656860601.0,7009500.0,3888600.0,,0.0,0.0,0.0
2026-03-06,138.0,135.0,134.0,164.0,125.0,137.0,-1.0,61008500.0,8599166400.0,5516.0,130.5,138.0,27000.0,137.0,419100.0,3426097190.0,3426097190.0,1656860601.0,17017800.0,14503400.0,,0.0,0.0,0.0
2026-03-09,137.0,135.0,135.0,135.0,120.0,125.0,-12.0,21890500.0,2740333600.0,1872.0,119.0,126.0,37000.0,125.0,127000.0,3426097190.0,3426097190.0,1656860601.0,5421100.0,7516900.0,,0.0,0.0,0.0
2026-03-10,125.0,126.0,127.0,134.0,121.0,126.0,1.0,11371100.0,1415976000.0,1337.0,120.0,126.0,371700.0,125.0,3300.0,3426097190.0,3426097190.0,1656860601.0,4747200.0,1349800.0,,0.0,0.0,0.0
2026-03-11,126.0,126.0,127.0,136.0,123.0,127.0,1.0,19293300.0,2488915900.0,2031.0,121.0,129.0,42800.0,127.0,1900.0,3426097190.0,3426097190.0,1656860601.0,5011500.0,2995700.0,,0.0,0.0,0.0
2026-03-12,127.0,127.0,128.0,129.0,117.0,118.0,-9.0,11404200.0,1374378800.0,1580.0,112.4,118.0,4800.0,117.0,389200.0,3426097190.0,3426097190.0,1656860601.0,3546100.0,1652600.0,,200000.0,34000000.0,1.0
2026-03-13,118.0,118.0,118.0,120.0,114.0,116.0,-2.0,8743300.0,1014985700.0,968.0,110.5,116.0,32400.0,115.0,59500.0,3426097190.0,3426097190.0,1656860601.0,1833600.0,3155700.0,,0.0,0.0,0.0
2026-03-16,116.0,116.0,115.0,118.0,105.0,113.0,-3.0,11637400.0,1303518800.0,1251.0,107.6,113.0,83900.0,112.0,187600.0,3426097190.0,3426097190.0,1656860601.0,1110700.0,5768800.0,,0.0,0.0,0.0
2026-03-17,113.0,113.0,113.0,118.0,107.0,112.0,-1.0,6029100.0,676442300.0,804.0,106.7,113.0,178800.0,112.0,53600.0,3426097190.0,3426097190.0,1656860601.0,652600.0,2211600.0,,0.0,0.0,0.0
2026-03-25,112.0,112.0,111.0,123.0,110.0,121.0,9.0,9069600.0,1077974300.0,1025.0,115.2,122.0,541500.0,121.0,53300.0,3426097190.0,3426097190.0,1656860601.0,1537000.0,3241000.0,,0.0,0.0,0.0
2026-03-26,121.0,122.0,122.0,131.0,116.0,116.0,-5.0,9055400.0,1090130800.0,1023.0,110.5,116.0,60400.0,115.0,315600.0,3426097190.0,3426097190.0,1656860601.0,3900700.0,816500.0,,0.0,0.0,0.0
2026-03-27,116.0,116.0,116.0,118.0,110.0,110.0,-6.0,6937000.0,784288500.0,844.0,104.8,113.0,1900.0,110.0,774600.0,3426097190.0,3426097190.0,1656860601.0,922100.0,1631900.0,,0.0,0.0,0.0
2026-03-30,110.0,110.0,111.0,116.0,106.0,111.0,1.0,7014300.0,777730300.0,1064.0,105.7,112.0,62600.0,111.0,16400.0,3426097190.0,3426097190.0,1656860601.0,1715500.0,2193100.0,,0.0,0.0,0.0
2026-03-31,111.0,111.0,112.0,114.0,110.0,111.0,0.0,3857700.0,428954800.0,674.0,105.7,111.0,36500.0,110.0,68900.0,3426097190.0,3426097190.0,1656860601.0,992500.0,861900.0,,0.0,0.0,0.0
2026-04-01,111.0,111.0,112.0,121.0,111.0,117.0,6.0,8355500.0,977343500.0,1309.0,111.4,118.0,12800.0,117.0,188000.0,3426097190.0,3426097190.0,1715446863.0,1263200.0,2871300.0,,0.0,0.0,0.0
2026-04-02,117.0,117.0,117.0,117.0,110.0,112.0,-5.0,7945400.0,894414100.0,986.0,106.7,112.0,21600.0,111.0,608000.0,3426097190.0,3426097190.0,1715446863.0,1939000.0,1023300.0,,0.0,0.0,0.0
2026-04-06,112.0,112.0,113.0,116.0,110.0,112.0,0.0,5653100.0,634254400.0,748.0,106.7,114.0,30400.0,112.0,80200.0,3426097190.0,3426097190.0,1715446863.0,1721400.0,1112300.0,,0.0,0.0,0.0
2026-04-07,112.0,111.0,111.0,114.0,110.0,112.0,0.0,3713100.0,415852100.0,529.0,106.7,112.0,380000.0,111.0,14600.0,3426097190.0,3426097190.0,1715446863.0,1176900.0,707300.0,,0.0,0.0,0.0
2026-04-08,112.0,115.0,115.0,120.0,112.0,120.0,8.0,8141100.0,955825200.0,1033.0,114.3,120.0,267500.0,119.0,9000.0,3426097190.0,3426097190.0,1715446863.0,1809500.0,2109400.0,,0.0,0.0,0.0
2026-04-09,120.0,114.0,114.0,121.0,114.0,120.0,0.0,3826600.0,449341600.0,776.0,114.3,120.0,1902400.0,119.0,1300.0,3426097190.0,3426097190.0,1715446863.0,713300.0,729300.0,,0.0,0.0,0.0
2026-04-10,120.0,120.0,120.0,154.0,120.0,135.0,15.0,119640100.0,16911907700.0,12104.0,128.6,136.0,63500.0,135.0,909100.0,3426097190.0,3426097190.0,1715446863.0,25392600.0,7655400.0,,0.0,0.0,0.0
2026-04-13,135.0,135.0,134.0,144.0,129.0,136.0,1.0,28279800.0,3899204100.0,3788.0,129.5,137.0,687900.0,136.0,61300.0,3426097190.0,3426097190.0,1715446863.0,5954600.0,2134400.0,,0.0,0.0,0.0
2026-04-14,136.0,137.0,137.0,143.0,136.0,140.0,4.0,23485200.0,3279425300.0,2612.0,133.3,141.0,193600.0,140.0,1473100.0,3426097190.0,3426097190.0,1715446863.0,1694600.0,5962900.0,,0.0,0.0,0.0
2026-04-15,140.0,142.0,142.0,150.0,139.0,141.0,1.0,32784200.0,4762314100.0,3132.0,134.3,142.0,125200.0,141.0,223400.0,3426097190.0,3426097190.0,1715446863.0,4196500.0,5315000.0,,0.0,0.0,0.0
2026-04-16,141.0,144.0,143.0,145.0,138.0,143.0,2.0,13019500.0,1847464100.0,1675.0,136.2,143.0,346800.0,142.0,300.0,3426097190.0,3426097190.0,1715446863.0,2594600.0,690300.0,,0.0,0.0,0.0
2026-04-17,143.0,143.0,143.0,165.0,138.0,145.0,2.0,95874900.0,14553199400.0,7673.0,138.1,145.0,407200.0,144.0,467200.0,3426097190.0,3426097190.0,1715446863.0,16091700.0,2570200.0,,0.0,0.0,0.0
2026-04-20,145.0,147.0,147.0,147.0,140.0,146.0,1.0,16981000.0,2428220700.0,1608.0,139.0,147.0,656600.0,146.0,393600.0,3426097190.0,3426097190.0,1715446863.0,1563700.0,942600.0,,0.0,0.0,0.0
2026-04-21,146.0,145.0,145.0,154.0,145.0,149.0,3.0,31573000.0,4706031900.0,2445.0,141.9,150.0,338900.0,149.0,279900.0,3426097190.0,3426097190.0,1715446863.0,2671900.0,5089000.0,,20000.0,4960000.0,1.0
2026-04-22,149.0,149.0,149.0,165.0,147.0,154.0,5.0,84243800.0,13128322100.0,5890.0,146.7,155.0,90800.0,154.0,399900.0,3426097190.0,3426097190.0,1715446863.0,6285000.0,10277200.0,,0.0,0.0,0.0
2026-04-23,154.0,157.0,158.0,159.0,145.0,148.0,-6.0,35419900.0,5394186800.0,3283.0,141.0,149.0,97700.0,148.0,284400.0,3426097190.0,3426097190.0,1715446863.0,6447300.0,498500.0,,0.0,0.0,0.0
2026-04-24,148.0,147.0,146.0,150.0,135.0,137.0,-11.0,16954000.0,2368624700.0,1493.0,130.5,138.0,421700.0,137.0,475200.0,3426097190.0,3426097190.0,1715446863.0,1970200.0,992000.0,,0.0,0.0,0.0
2026-04-27,137.0,136.0,136.0,142.0,135.0,137.0,0.0,9029000.0,1243463300.0,770.0,130.5,139.0,177700.0,137.0,46900.0,3426097190.0,3426097190.0,1715446863.0,503900.0,1457300.0,,0.0,0.0,0.0
2026-04-28,137.0,135.0,137.0,145.0,135.0,136.0,-1.0,7739800.0,1073078400.0,962.0,129.5,137.0,50000.0,136.0,246600.0,3426097190.0,3426097190.0,1715446863.0,307200.0,1390600.0,,0.0,0.0,0.0
2026-04-29,136.0,136.0,137.0,146.0,136.0,141.0,5.0,33129400.0,4690769700.0,2169.0,134.3,142.0,195100.0,141.0,190200.0,3426097190.0,3426097190.0,1715446863.0,788000.0,2412500.0,,0.0,0.0,0.0
2026-04-30,141.0,141.0,141.0,142.0,132.0,137.0,-4.0,10627100.0,1439963900.0,1005.0,130.5,137.0,466200.0,136.0,68100.0,3426097190.0,3426097190.0,1715446863.0,3824300.0,540100.0,,0.0,0.0,0.0
2026-05-04,137.0,137.0,137.0,140.0,134.0,134.0,-3.0,5281000.0,722294500.0,914.0,127.6,136.0,127800.0,134.0,153700.0,3426097190.0,3426097190.0,1715446863.0,703400.0,1370600.0,,0.0,0.0,0.0
2026-05-05,134.0,144.0,144.0,180.0,143.0,161.0,27.0,926009200.0,154681223600.0,67066.0,153.3,162.0,641500.0,161.0,1452800.0,3426097190.0,3426097190.0,1715446863.0,61087300.0,58944900.0,,0.0,0.0,0.0
2026-05-06,161.0,161.0,161.0,162.0,144.0,145.0,-16.0,113101900.0,17138125000.0,12053.0,138.1,146.0,62100.0,145.0,472900.0,3426097190.0,3426097190.0,1715446863.0,11674700.0,4794400.0,,0.0,0.0,0.0
2026-05-07,145.0,149.0,149.0,156.0,142.0,142.0,-3.0,53030700.0,7894683200.0,6103.0,135.2,143.0,758800.0,142.0,232100.0,3426097190.0,3426097190.0,1715446863.0,4690100.0,1812900.0,,0.0,0.0,0.0
2026-05-08,142.0,151.0,151.0,168.0,137.0,140.0,-2.0,230212800.0,36062391400.0,20104.0,133.3,141.0,35400.0,140.0,428900.0,3426097190.0,3426097190.0,1715446863.0,12822700.0,12827600.0,,0.0,0.0,0.0
