date,previous,open_price,first_trade,high,low,close,change,volume,value,frequency,index_individual,offer,offer_volume,bid,bid_volume,listed_shares,tradeble_shares,weight_for_index,foreign_sell,foreign_buy,delisting_date,non_regular_volume,non_regular_value,non_regular_frequency
2023-08-08,140.0,0.0,0.0,187.0,119.0,119.0,-21.0,112847600.0,13880435700.0,13252.0,85.0,119.0,17313000.0,0.0,0.0,1075000000.0,275000000.0,275000000.0,41800.0,1187700.0,,0.0,0.0,0.0
2023-08-09,119.0,0.0,0.0,149.0,102.0,102.0,-17.0,22322400.0,2339152100.0,2846.0,72.9,102.0,11062200.0,0.0,0.0,1075000000.0,275000000.0,275000000.0,39500.0,10000.0,,0.0,0.0,0.0
2023-08-10,102.0,0.0,0.0,96.0,87.0,87.0,-15.0,167868300.0,14760878700.0,12889.0,62.1,87.0,1269900.0,0.0,0.0,1075000000.0,275000000.0,275000000.0,413400.0,122100.0,,0.0,0.0,0.0
2023-08-11,87.0,0.0,0.0,93.0,77.0,84.0,-3.0,94709700.0,8241136800.0,10492.0,60.0,84.0,124500.0,83.0,148000.0,1075000000.0,275000000.0,275000000.0,34200.0,0.0,,0.0,0.0,0.0
2023-08-14,84.0,0.0,0.0,85.0,75.0,77.0,-7.0,25636400.0,2019141200.0,4659.0,55.0,78.0,60600.0,77.0,124200.0,1075000000.0,275000000.0,275000000.0,0.0,0.0,,100000.0,11300000.0,1.0
2023-08-15,77.0,0.0,0.0,79.0,69.0,77.0,0.0,21927200.0,1679467600.0,2185.0,55.0,78.0,223000.0,77.0,1539000.0,1075000000.0,275000000.0,275000000.0,6700.0,0.0,,0.0,0.0,0.0
2023-08-16,77.0,0.0,0.0,98.0,77.0,90.0,13.0,244660400.0,22153630100.0,19042.0,64.3,91.0,483700.0,90.0,214200.0,1075000000.0,275000000.0,275000000.0,0.0,110600.0,,0.0,0.0,0.0
2023-08-18,90.0,0.0,0.0,91.0,78.0,78.0,-12.0,53511900.0,4450999500.0,4802.0,55.7,79.0,530500.0,78.0,48300.0,1075000000.0,275000000.0,275000000.0,0.0,0.0,,0.0,0.0,0.0
2023-08-21,78.0,0.0,0.0,85.0,77.0,84.0,6.0,30245800.0,2469492700.0,3324.0,60.0,84.0,744700.0,83.0,88300.0,1075000000.0,275000000.0,275000000.0,49900.0,30000.0,,100000.0,10500000.0,1.0
2023-08-22,84.0,0.0,0.0,92.0,81.0,82.0,-2.0,81911900.0,7090077400.0,9536.0,58.6,83.0,329700.0,82.0,153900.0,1075000000.0,275000000.0,275000000.0,30000.0,47200.0,,0.0,0.0,0.0
2023-08-23,82.0,0.0,0.0,83.0,77.0,78.0,-4.0,16239000.0,1285478400.0,2030.0,55.7,79.0,37600.0,78.0,537900.0,1075000000.0,275000000.0,275000000.0,0.0,0.0,,0.0,0.0,0.0
2023-08-24,78.0,0.0,0.0,82.0,78.0,81.0,3.0,10819400.0,863512800.0,1246.0,57.9,82.0,413700.0,81.0,53600.0,1075000000.0,275000000.0,275000000.0,0.0,57700.0,,0.0,0.0,0.0
2023-08-25,81.0,0.0,0.0,83.0,79.0,79.0,-2.0,9611300.0,768506200.0,988.0,56.4,80.0,145500.0,79.0,566600.0,1075000000.0,275000000.0,275000000.0,14100.0,0.0,,0.0,0.0,0.0
2023-08-28,79.0,0.0,0.0,83.0,79.0,80.0,1.0,8603500.0,687888900.0,1156.0,57.1,80.0,182200.0,79.0,1869900.0,1075000000.0,275000000.0,275000000.0,0.0,0.0,,0.0,0.0,0.0
2023-08-29,80.0,0.0,0.0,82.0,78.0,79.0,-1.0,10831100.0,858322100.0,773.0,56.4,80.0,1216700.0,79.0,338700.0,1075000000.0,275000000.0,275000000.0,0.0,0.0,,0.0,0.0,0.0
2023-08-30,79.0,0.0,0.0,85.0,79.0,80.0,1.0,18015700.0,1468467500.0,1747.0,57.1,81.0,20000.0,80.0,283700.0,1075000000.0,275000000.0,275000000.0,16100.0,0.0,,0.0,0.0,0.0
2023-08-31,80.0,0.0,0.0,82.0,79.0,79.0,-1.0,8454800.0,674895200.0,709.0,56.4,79.0,119700.0,78.0,1470200.0,1075000000.0,275000000.0,275000000.0,0.0,0.0,,0.0,0.0,0.0
2023-09-01,79.0,0.0,0.0,81.0,79.0,80.0,1.0,8415200.0,671807600.0,694.0,57.1,81.0,212400.0,80.0,9700.0,1075000000.0,275000000.0,275000000.0,0.0,11100.0,,0.0,0.0,0.0
2023-09-04,80.0,0.0,0.0,82.0,79.0,81.0,1.0,5768600.0,463369000.0,703.0,57.9,81.0,109000.0,80.0,1158600.0,1075000000.0,275000000.0,275000000.0,0.0,13100.0,,0.0,0.0,0.0
2023-09-05,81.0,0.0,0.0,83.0,79.0,81.0,0.0,7341900.0,588561000.0,603.0,57.9,81.0,563300.0,80.0,211400.0,1075000000.0,275000000.0,275000000.0,900.0,0.0,,0.0,0.0,0.0
2023-09-06,81.0,0.0,0.0,82.0,80.0,81.0,0.0,4378500.0,351743700.0,413.0,57.9,81.0,877900.0,80.0,961400.0,1075000000.0,275000000.0,275000000.0,0.0,0.0,,0.0,0.0,0.0
2023-09-07,81.0,0.0,0.0,87.0,80.0,82.0,1.0,19152600.0,1593374700.0,2115.0,58.6,82.0,153900.0,81.0,1056300.0,1075000000.0,275000000.0,275000000.0,0.0,0.0,,0.0,0.0,0.0
2023-09-08,82.0,0.0,0.0,83.0,82.0,82.0,0.0,4085800.0,335459600.0,323.0,58.6,83.0,393000.0,82.0,196300.0,1075000000.0,275000000.0,275000000.0,0.0,0.0,,0.0,0.0,0.0
2023-09-11,82.0,0.0,0.0,84.0,82.0,82.0,0.0,4950000.0,408459900.0,469.0,58.6,83.0,1186400.0,82.0,120200.0,1075000000.0,275000000.0,275000000.0,0.0,15000.0,,0.0,0.0,0.0
2023-09-12,82.0,0.0,0.0,83.0,81.0,82.0,0.0,3472700.0,284511300.0,410.0,58.6,82.0,16300.0,81.0,633600.0,1075000000.0,275000000.0,275000000.0,0.0,12100.0,,0.0,0.0,0.0
2023-09-13,82.0,0.0,0.0,82.0,80.0,80.0,-2.0,3828900.0,308100200.0,375.0,57.1,81.0,268200.0,80.0,610100.0,1075000000.0,275000000.0,275000000.0,0.0,0.0,,0.0,0.0,0.0
2023-09-14,80.0,0.0,0.0,81.0,80.0,80.0,0.0,2450100.0,196199700.0,259.0,57.1,81.0,405300.0,80.0,503200.0,1075000000.0,275000000.0,275000000.0,0.0,0.0,,0.0,0.0,0.0
2023-09-15,80.0,0.0,0.0,81.0,79.0,80.0,0.0,2450300.0,195546700.0,292.0,57.1,81.0,585600.0,80.0,376000.0,1075000000.0,275000000.0,275000000.0,0.0,0.0,,0.0,0.0,0.0
2023-09-18,80.0,0.0,0.0,84.0,80.0,80.0,0.0,7144700.0,581054200.0,732.0,57.1,81.0,160000.0,80.0,611900.0,1075000000.0,275000000.0,275000000.0,20000.0,12100.0,,0.0,0.0,0.0
2023-09-19,80.0,0.0,0.0,82.0,80.0,80.0,0.0,2636800.0,212733700.0,382.0,57.1,81.0,117300.0,80.0,1390600.0,1075000000.0,275000000.0,275000000.0,0.0,0.0,,0.0,0.0,0.0
2023-09-20,80.0,0.0,0.0,82.0,80.0,81.0,1.0,2970100.0,239585700.0,258.0,57.9,81.0,137000.0,80.0,1029100.0,1075000000.0,275000000.0,275000000.0,0.0,0.0,,0.0,0.0,0.0
2023-09-21,81.0,0.0,0.0,81.0,80.0,81.0,0.0,1950800.0,156177600.0,195.0,57.9,81.0,595600.0,80.0,782400.0,1075000000.0,275000000.0,275000000.0,0.0,0.0,,0.0,0.0,0.0
2023-09-22,81.0,0.0,0.0,81.0,71.0,81.0,0.0,2136300.0,170580600.0,178.0,57.9,81.0,692400.0,80.0,1549800.0,1075000000.0,275000000.0,275000000.0,0.0,34500.0,,0.0,0.0,0.0
2023-09-25,81.0,0.0,0.0,82.0,80.0,81.0,0.0,2683600.0,216547800.0,255.0,57.9,81.0,145200.0,80.0,1160400.0,1075000000.0,275000000.0,275000000.0,0.0,0.0,,0.0,0.0,0.0
2023-09-26,81.0,0.0,0.0,82.0,80.0,81.0,0.0,8347100.0,674612400.0,298.0,57.9,81.0,252900.0,80.0,541500.0,1075000000.0,275000000.0,275000000.0,0.0,0.0,,0.0,0.0,0.0
2023-09-27,81.0,0.0,0.0,81.0,80.0,80.0,-1.0,1701400.0,136394200.0,206.0,57.1,81.0,1047500.0,80.0,1376800.0,1075000000.0,275000000.0,275000000.0,0.0,0.0,,0.0,0.0,0.0
2023-09-29,80.0,0.0,0.0,81.0,79.0,79.0,-1.0,3977500.0,317812600.0,271.0,56.4,81.0,582800.0,79.0,1630500.0,1075000000.0,275000000.0,275000000.0,10000.0,0.0,,0.0,0.0,0.0
2023-10-02,79.0,0.0,0.0,81.0,79.0,80.0,1.0,1554200.0,124414900.0,167.0,57.1,81.0,652700.0,80.0,554700.0,1075000000.0,275000000.0,274985000.0,0.0,0.0,,30000.0,3180000.0,1.0
2023-10-03,80.0,0.0,0.0,81.0,80.0,80.0,0.0,1956900.0,156987500.0,221.0,57.1,81.0,1004500.0,80.0,285900.0,1075000000.0,275000000.0,274985000.0,0.0,0.0,,0.0,0.0,0.0
2023-10-04,80.0,0.0,0.0,81.0,80.0,80.0,0.0,3546700.0,283808600.0,204.0,57.1,81.0,1014600.0,80.0,1032900.0,1075000000.0,275000000.0,274985000.0,0.0,12100.0,,0.0,0.0,0.0
2023-10-05,80.0,0.0,0.0,108.0,80.0,108.0,28.0,170310300.0,16854359500.0,12877.0,77.1,0.0,0.0,108.0,16993800.0,1075000000.0,275000000.0,274985000.0,377600.0,225500.0,,0.0,0.0,0.0
2023-10-06,108.0,0.0,0.0,125.0,87.0,90.0,-18.0,150527600.0,15773501000.0,12437.0,64.3,91.0,115300.0,90.0,4711400.0,1075000000.0,275000000.0,274985000.0,131600.0,405100.0,,0.0,0.0,0.0
2023-10-09,90.0,0.0,0.0,94.0,73.0,86.0,-4.0,21699700.0,1860009900.0,2506.0,61.4,86.0,123800.0,85.0,230000.0,1075000000.0,275000000.0,274985000.0,0.0,176800.0,,0.0,0.0,0.0
2023-10-10,86.0,0.0,0.0,94.0,85.0,89.0,3.0,21370100.0,1916250200.0,2348.0,63.6,90.0,83100.0,89.0,1461000.0,1075000000.0,275000000.0,274985000.0,0.0,150700.0,,0.0,0.0,0.0
2023-10-11,89.0,0.0,0.0,114.0,88.0,100.0,11.0,170697100.0,17973829200.0,17135.0,71.4,101.0,147700.0,100.0,1894200.0,1075000000.0,275000000.0,274985000.0,637800.0,328500.0,,0.0,0.0,0.0
2023-10-12,100.0,0.0,0.0,106.0,94.0,96.0,-4.0,47574500.0,4696370600.0,4642.0,68.6,97.0,650000.0,96.0,2023400.0,1075000000.0,275000000.0,274985000.0,395900.0,5000.0,,0.0,0.0,0.0
2023-10-13,96.0,0.0,0.0,112.0,97.0,101.0,5.0,130114200.0,13643123000.0,12049.0,72.1,102.0,43200.0,101.0,162200.0,1075000000.0,275000000.0,274985000.0,15000.0,74300.0,,0.0,0.0,0.0
2023-10-16,101.0,0.0,0.0,107.0,98.0,101.0,0.0,30444500.0,3136163000.0,3044.0,72.1,102.0,153200.0,101.0,140900.0,1075000000.0,275000000.0,274985000.0,0.0,33200.0,,0.0,0.0,0.0
2023-10-17,101.0,0.0,0.0,106.0,93.0,98.0,-3.0,28486200.0,2875538400.0,2615.0,70.0,99.0,5000.0,98.0,479500.0,1075000000.0,275000000.0,274985000.0,109200.0,0.0,,0.0,0.0,0.0
2023-10-18,98.0,0.0,0.0,100.0,90.0,94.0,-4.0,17967500.0,1729809000.0,1853.0,67.1,95.0,102000.0,94.0,59200.0,1075000000.0,275000000.0,274985000.0,800.0,0.0,,0.0,0.0,0.0
2023-10-19,94.0,0.0,0.0,96.0,91.0,92.0,-2.0,14664200.0,1364569800.0,1761.0,65.7,92.0,314800.0,91.0,684700.0,1075000000.0,275000000.0,274985000.0,10500.0,0.0,,0.0,0.0,0.0
2023-10-20,92.0,0.0,0.0,96.0,87.0,89.0,-3.0,16032900.0,1447277800.0,1922.0,63.6,90.0,96500.0,89.0,8279100.0,1075000000.0,275000000.0,274985000.0,0.0,0.0,,0.0,0.0,0.0
2023-10-23,89.0,0.0,0.0,94.0,88.0,90.0,1.0,14057300.0,1268321800.0,1579.0,64.3,90.0,607500.0,89.0,54300.0,1075000000.0,275000000.0,274985000.0,0.0,0.0,,0.0,0.0,0.0
2023-10-24,90.0,0.0,0.0,90.0,85.0,86.0,-4.0,8465300.0,736016700.0,849.0,61.4,87.0,26900.0,86.0,333300.0,1075000000.0,275000000.0,274985000.0,0.0,0.0,,0.0,0.0,0.0
2023-10-25,86.0,0.0,0.0,87.0,81.0,84.0,-2.0,9733100.0,809484200.0,877.0,60.0,84.0,600600.0,83.0,238500.0,1075000000.0,275000000.0,274985000.0,0.0,0.0,,0.0,0.0,0.0
2023-10-26,84.0,0.0,0.0,84.0,82.0,82.0,-2.0,5737000.0,472479400.0,880.0,58.6,83.0,273400.0,82.0,14650300.0,1075000000.0,275000000.0,274985000.0,0.0,0.0,,0.0,0.0,0.0
2023-10-27,82.0,0.0,0.0,91.0,82.0,85.0,3.0,28290400.0,2453016100.0,2841.0,60.7,86.0,461100.0,85.0,15241600.0,1075000000.0,275000000.0,274985000.0,0.0,0.0,,0.0,0.0,0.0
2023-10-30,85.0,0.0,0.0,90.0,81.0,81.0,-4.0,10822600.0,893395300.0,1434.0,57.9,82.0,106200.0,81.0,2795800.0,1075000000.0,275000000.0,274985000.0,0.0,0.0,,0.0,0.0,0.0
2023-10-31,81.0,0.0,0.0,85.0,74.0,77.0,-4.0,11314400.0,880544700.0,1042.0,55.0,78.0,112400.0,77.0,4225900.0,1075000000.0,275000000.0,274985000.0,0.0,0.0,,0.0,0.0,0.0
2023-11-01,77.0,0.0,0.0,82.0,74.0,76.0,-1.0,3081300.0,233609200.0,1159.0,54.3,76.0,55300.0,75.0,306800.0,1075000000.0,275000000.0,274985000.0,0.0,0.0,,0.0,0.0,0.0
2023-11-02,76.0,0.0,0.0,80.0,74.0,75.0,-1.0,2958800.0,223283800.0,925.0,53.6,77.0,97100.0,75.0,3221000.0,1075000000.0,275000000.0,274985000.0,0.0,0.0,,0.0,0.0,0.0
2023-11-03,75.0,0.0,0.0,78.0,75.0,75.0,0.0,2213100.0,168902900.0,571.0,53.6,76.0,111500.0,75.0,2197700.0,1075000000.0,275000000.0,274985000.0,0.0,0.0,,0.0,0.0,0.0
2023-11-06,75.0,0.0,0.0,77.0,75.0,76.0,1.0,1775800.0,133361000.0,193.0,54.3,76.0,288700.0,75.0,885800.0,1075000000.0,275000000.0,274985000.0,0.0,0.0,,0.0,0.0,0.0
2023-11-07,76.0,0.0,0.0,76.0,75.0,76.0,0.0,1160900.0,87466500.0,200.0,54.3,76.0,268300.0,75.0,1052400.0,1075000000.0,275000000.0,274985000.0,0.0,0.0,,0.0,0.0,0.0
2023-11-08,76.0,0.0,0.0,85.0,75.0,80.0,4.0,40330400.0,3256667500.0,3254.0,57.1,80.0,672400.0,79.0,610100.0,1075000000.0,275000000.0,274985000.0,0.0,0.0,,0.0,0.0,0.0
2023-11-09,80.0,0.0,0.0,82.0,76.0,77.0,-3.0,13043800.0,1025852300.0,2277.0,55.0,77.0,533100.0,76.0,465600.0,1075000000.0,275000000.0,274985000.0,0.0,0.0,,43900.0,4126600.0,1.0
2023-11-10,77.0,0.0,0.0,77.0,70.0,76.0,-1.0,3895400.0,294501800.0,427.0,54.3,76.0,517100.0,75.0,981000.0,1075000000.0,275000000.0,274985000.0,0.0,0.0,,0.0,0.0,0.0
2023-11-13,76.0,0.0,0.0,77.0,71.0,73.0,-3.0,5120900.0,376513200.0,456.0,52.1,73.0,547600.0,72.0,640800.0,1075000000.0,275000000.0,274985000.0,0.0,0.0,,0.0,0.0,0.0
2023-11-14,73.0,0.0,0.0,74.0,65.0,74.0,1.0,3124300.0,227089100.0,254.0,52.9,74.0,120400.0,73.0,475300.0,1075000000.0,275000000.0,274985000.0,0.0,0.0,,0.0,0.0,0.0
2023-11-15,74.0,0.0,0.0,78.0,73.0,76.0,2.0,5073300.0,384622300.0,972.0,54.3,76.0,137700.0,75.0,1022500.0,1075000000.0,275000000.0,274985000.0,0.0,0.0,,0.0,0.0,0.0
2023-11-16,76.0,0.0,0.0,77.0,75.0,75.0,-1.0,1498300.0,112485600.0,164.0,53.6,76.0,165700.0,75.0,669800.0,1075000000.0,275000000.0,274985000.0,0.0,0.0,,0.0,0.0,0.0
2023-11-17,75.0,0.0,0.0,76.0,73.0,75.0,0.0,2711400.0,200861800.0,191.0,53.6,75.0,4200.0,74.0,345500.0,1075000000.0,275000000.0,274985000.0,0.0,0.0,,0.0,0.0,0.0
2023-11-20,75.0,0.0,0.0,75.0,73.0,74.0,-1.0,689800.0,51111300.0,124.0,52.9,74.0,74200.0,73.0,911100.0,1075000000.0,275000000.0,274985000.0,0.0,0.0,,0.0,0.0,0.0
2023-11-21,74.0,0.0,0.0,75.0,73.0,75.0,1.0,2361700.0,173264600.0,547.0,53.6,75.0,312200.0,74.0,253900.0,1075000000.0,275000000.0,274985000.0,0.0,0.0,,0.0,0.0,0.0
2023-11-22,75.0,0.0,0.0,75.0,73.0,75.0,0.0,913600.0,67805800.0,150.0,53.6,75.0,207300.0,74.0,556700.0,1075000000.0,275000000.0,274985000.0,0.0,0.0,,0.0,0.0,0.0
2023-11-23,75.0,0.0,0.0,81.0,74.0,79.0,4.0,11043500.0,862226700.0,1211.0,56.4,79.0,109400.0,78.0,361600.0,1075000000.0,275000000.0,274985000.0,0.0,0.0,,0.0,0.0,0.0
2023-11-24,79.0,0.0,0.0,87.0,73.0,77.0,-2.0,10126500.0,782398000.0,529.0,55.0,77.0,331500.0,76.0,50000.0,1075000000.0,275000000.0,274985000.0,0.0,0.0,,0.0,0.0,0.0
2023-11-27,77.0,0.0,0.0,80.0,75.0,77.0,0.0,1694600.0,129560400.0,212.0,55.0,78.0,71800.0,76.0,358000.0,1075000000.0,275000000.0,274985000.0,0.0,0.0,,0.0,0.0,0.0
2023-11-28,77.0,0.0,0.0,80.0,77.0,77.0,0.0,2360800.0,182650500.0,240.0,55.0,78.0,147700.0,77.0,60500.0,1075000000.0,275000000.0,274985000.0,0.0,0.0,,0.0,0.0,0.0
2023-11-29,77.0,0.0,0.0,80.0,75.0,77.0,0.0,1873900.0,142920400.0,163.0,55.0,77.0,346200.0,76.0,376300.0,1075000000.0,275000000.0,274985000.0,0.0,0.0,,0.0,0.0,0.0
2023-11-30,77.0,0.0,0.0,80.0,76.0,76.0,-1.0,2067700.0,157550600.0,135.0,54.3,77.0,450900.0,76.0,282600.0,1075000000.0,275000000.0,274985000.0,0.0,10000.0,,0.0,0.0,0.0
2023-12-01,76.0,0.0,0.0,82.0,75.0,77.0,1.0,26257300.0,2098125300.0,1454.0,55.0,77.0,46900.0,76.0,1541100.0,1075000000.0,275000000.0,274985000.0,0.0,500000.0,,0.0,0.0,0.0
2023-12-04,77.0,0.0,0.0,80.0,75.0,79.0,2.0,10459900.0,818603400.0,556.0,56.4,79.0,1055800.0,78.0,335700.0,1075000000.0,275000000.0,274985000.0,0.0,0.0,,0.0,0.0,0.0
2023-12-05,79.0,0.0,0.0,79.0,76.0,77.0,-2.0,1332400.0,102603500.0,143.0,55.0,77.0,310600.0,76.0,332800.0,1075000000.0,275000000.0,274985000.0,0.0,0.0,,0.0,0.0,0.0
2023-12-06,77.0,0.0,0.0,77.0,74.0,74.0,-3.0,1789000.0,133769700.0,194.0,52.9,75.0,249400.0,74.0,41700.0,1075000000.0,275000000.0,274985000.0,0.0,0.0,,0.0,0.0,0.0
2023-12-07,74.0,0.0,0.0,75.0,72.0,72.0,-2.0,2442900.0,178043600.0,240.0,51.4,73.0,204600.0,72.0,299000.0,1075000000.0,275000000.0,274985000.0,0.0,0.0,,0.0,0.0,0.0
2023-12-08,72.0,0.0,0.0,73.0,66.0,69.0,-3.0,3642700.0,252422900.0,416.0,49.3,70.0,101700.0,69.0,367600.0,1075000000.0,275000000.0,274985000.0,0.0,0.0,,0.0,0.0,0.0
2023-12-11,69.0,0.0,0.0,71.0,60.0,64.0,-5.0,7820800.0,500783000.0,572.0,45.7,64.0,247300.0,63.0,434800.0,1075000000.0,275000000.0,274985000.0,0.0,0.0,,20000.0,1280000.0,1.0
2023-12-12,64.0,0.0,0.0,67.0,56.0,64.0,0.0,5376500.0,348168100.0,318.0,45.7,65.0,3500.0,64.0,540800.0,1075000000.0,275000000.0,274985000.0,0.0,0.0,,0.0,0.0,0.0
2023-12-13,64.0,0.0,0.0,67.0,64.0,65.0,1.0,780100.0,50746800.0,106.0,46.4,66.0,204000.0,65.0,232700.0,1075000000.0,275000000.0,274985000.0,0.0,0.0,,0.0,0.0,0.0
2023-12-14,65.0,0.0,0.0,66.0,64.0,66.0,1.0,742900.0,48176900.0,119.0,47.1,66.0,300400.0,65.0,165600.0,1075000000.0,275000000.0,274985000.0,0.0,0.0,,0.0,0.0,0.0
2023-12-15,66.0,0.0,0.0,66.0,65.0,65.0,-1.0,745300.0,48464000.0,60.0,46.4,65.0,69200.0,64.0,957500.0,1075000000.0,275000000.0,274985000.0,0.0,0.0,,0.0,0.0,0.0
2023-12-18,65.0,0.0,0.0,70.0,64.0,68.0,3.0,6013300.0,404754800.0,528.0,48.6,68.0,106400.0,67.0,469700.0,1075000000.0,275000000.0,274985000.0,0.0,0.0,,0.0,0.0,0.0
2023-12-19,68.0,0.0,0.0,68.0,65.0,67.0,-1.0,2810500.0,187665900.0,159.0,47.9,68.0,472700.0,67.0,190600.0,1075000000.0,275000000.0,274985000.0,0.0,0.0,,0.0,0.0,0.0
2023-12-20,67.0,0.0,0.0,68.0,66.0,67.0,0.0,1806200.0,120413900.0,134.0,47.9,68.0,96900.0,67.0,5500.0,1075000000.0,275000000.0,274985000.0,0.0,0.0,,0.0,0.0,0.0
2023-12-21,67.0,0.0,0.0,68.0,65.0,67.0,0.0,945500.0,62584600.0,125.0,47.9,67.0,45500.0,66.0,38100.0,1075000000.0,275000000.0,274985000.0,0.0,0.0,,0.0,0.0,0.0
2023-12-22,67.0,0.0,0.0,85.0,66.0,70.0,3.0,188239600.0,14730022400.0,11053.0,50.0,70.0,156000.0,69.0,1546000.0,1075000000.0,275000000.0,274985000.0,507000.0,19000.0,,0.0,0.0,0.0
2023-12-27,70.0,0.0,0.0,80.0,69.0,74.0,4.0,69507900.0,5255448400.0,3919.0,52.9,75.0,42500.0,74.0,11870800.0,1075000000.0,275000000.0,274985000.0,12000.0,0.0,,0.0,0.0,0.0
2023-12-28,74.0,0.0,0.0,80.0,70.0,71.0,-3.0,35257100.0,2680937000.0,2413.0,50.7,72.0,131300.0,71.0,363400.0,1075000000.0,275000000.0,274985000.0,0.0,0.0,,1000.0,69000.0,1.0
2023-12-29,71.0,0.0,0.0,82.0,65.0,82.0,11.0,78219600.0,6071657800.0,4653.0,58.6,82.0,1778400.0,81.0,351300.0,1075000000.0,275000000.0,274985000.0,0.0,0.0,,0.0,0.0,0.0
2024-01-02,82.0,0.0,0.0,83.0,73.0,77.0,-5.0,9294000.0,731168100.0,1085.0,55.0,77.0,216500.0,76.0,250400.0,1075000000.0,275000000.0,274985000.0,0.0,0.0,,0.0,0.0,0.0
2024-01-03,77.0,0.0,0.0,78.0,72.0,76.0,-1.0,3514100.0,268969100.0,291.0,54.3,76.0,264600.0,75.0,750700.0,1075000000.0,275000000.0,274985000.0,0.0,0.0,,0.0,0.0,0.0
2024-01-04,76.0,0.0,0.0,76.0,73.0,75.0,-1.0,1425200.0,106438900.0,261.0,53.6,76.0,302500.0,75.0,421400.0,1075000000.0,275000000.0,274985000.0,0.0,0.0,,0.0,0.0,0.0
2024-01-05,75.0,0.0,0.0,77.0,73.0,73.0,-2.0,2444000.0,181246400.0,243.0,52.1,74.0,38800.0,73.0,257200.0,1075000000.0,275000000.0,274985000.0,0.0,0.0,,0.0,0.0,0.0
2024-01-08,73.0,0.0,0.0,79.0,68.0,75.0,2.0,4197600.0,319502400.0,433.0,53.6,75.0,4800.0,74.0,495400.0,1075000000.0,275000000.0,274985000.0,0.0,0.0,,0.0,0.0,0.0
2024-01-09,75.0,0.0,0.0,83.0,73.0,74.0,-1.0,42136900.0,3338683900.0,2929.0,52.9,75.0,73100.0,73.0,504600.0,1075000000.0,275000000.0,274985000.0,0.0,361500.0,,0.0,0.0,0.0
2024-01-10,74.0,0.0,0.0,76.0,69.0,74.0,0.0,3004800.0,223789400.0,352.0,52.9,75.0,75300.0,74.0,407400.0,1075000000.0,275000000.0,274985000.0,0.0,0.0,,0.0,0.0,0.0
2024-01-11,74.0,0.0,0.0,75.0,73.0,73.0,-1.0,2038000.0,149072100.0,226.0,52.1,74.0,288400.0,73.0,402000.0,1075000000.0,275000000.0,274985000.0,0.0,0.0,,0.0,0.0,0.0
2024-01-12,73.0,0.0,0.0,76.0,68.0,74.0,1.0,1801700.0,134210300.0,293.0,52.9,74.0,68900.0,73.0,384600.0,1075000000.0,275000000.0,274985000.0,0.0,0.0,,0.0,0.0,0.0
2024-01-15,74.0,0.0,0.0,75.0,73.0,74.0,0.0,870800.0,64593900.0,95.0,52.9,75.0,255700.0,74.0,73200.0,1075000000.0,275000000.0,274985000.0,0.0,0.0,,0.0,0.0,0.0
2024-01-16,74.0,0.0,0.0,80.0,72.0,77.0,3.0,5797600.0,452624400.0,424.0,55.0,78.0,51300.0,77.0,14600.0,1075000000.0,275000000.0,274985000.0,0.0,0.0,,0.0,0.0,0.0
2024-01-17,77.0,0.0,0.0,82.0,74.0,80.0,3.0,4778700.0,382008100.0,418.0,57.1,80.0,96800.0,79.0,77300.0,1075000000.0,275000000.0,274985000.0,0.0,0.0,,0.0,0.0,0.0
2024-01-18,80.0,0.0,0.0,83.0,75.0,80.0,0.0,2283400.0,182347800.0,539.0,57.1,81.0,187300.0,80.0,288300.0,1075000000.0,275000000.0,274985000.0,0.0,0.0,,0.0,0.0,0.0
2024-01-19,80.0,0.0,0.0,86.0,79.0,79.0,-1.0,21938200.0,1816848400.0,1612.0,56.4,80.0,1000.0,79.0,503000.0,1075000000.0,275000000.0,274985000.0,0.0,0.0,,0.0,0.0,0.0
2024-01-22,79.0,0.0,0.0,87.0,78.0,80.0,1.0,20524300.0,1702250700.0,3414.0,57.1,80.0,310400.0,79.0,560200.0,1075000000.0,275000000.0,274985000.0,0.0,0.0,,0.0,0.0,0.0
2024-01-23,80.0,0.0,0.0,85.0,79.0,80.0,0.0,5303800.0,431333200.0,555.0,57.1,81.0,211200.0,80.0,41900.0,1075000000.0,275000000.0,274985000.0,0.0,0.0,,0.0,0.0,0.0
2024-01-24,80.0,0.0,0.0,85.0,80.0,82.0,2.0,4472700.0,367525900.0,382.0,58.6,82.0,72600.0,81.0,506200.0,1075000000.0,275000000.0,274985000.0,0.0,0.0,,0.0,0.0,0.0
2024-01-25,82.0,0.0,0.0,82.0,81.0,82.0,0.0,575700.0,46873500.0,96.0,58.6,82.0,468700.0,81.0,165800.0,1075000000.0,275000000.0,274985000.0,0.0,0.0,,0.0,0.0,0.0
2024-01-26,82.0,0.0,0.0,84.0,81.0,83.0,1.0,576000.0,47240100.0,90.0,59.3,83.0,146200.0,82.0,100.0,1075000000.0,275000000.0,274985000.0,0.0,0.0,,0.0,0.0,0.0
2024-01-29,83.0,0.0,0.0,90.0,78.0,85.0,2.0,19603200.0,1689983700.0,1417.0,60.7,85.0,549900.0,84.0,500.0,1075000000.0,275000000.0,274985000.0,361500.0,0.0,,0.0,0.0,0.0
2024-01-30,85.0,0.0,0.0,86.0,80.0,82.0,-3.0,866300.0,71478200.0,196.0,58.6,82.0,40000.0,81.0,70500.0,1075000000.0,275000000.0,274985000.0,0.0,0.0,,0.0,0.0,0.0
2024-01-31,82.0,0.0,0.0,83.0,77.0,83.0,1.0,760700.0,62024600.0,169.0,59.3,83.0,80000.0,82.0,100.0,1075000000.0,275000000.0,274985000.0,0.0,0.0,,0.0,0.0,0.0
2024-02-01,83.0,0.0,0.0,84.0,78.0,81.0,-2.0,569800.0,46465300.0,121.0,57.9,82.0,40800.0,80.0,533500.0,1075000000.0,275000000.0,274985000.0,0.0,0.0,,0.0,0.0,0.0
2024-02-02,81.0,0.0,0.0,94.0,77.0,81.0,0.0,79577100.0,6976600000.0,12563.0,57.9,82.0,44700.0,81.0,307100.0,1075000000.0,275000000.0,274985000.0,0.0,100300.0,,0.0,0.0,0.0
2024-02-05,81.0,0.0,0.0,82.0,80.0,81.0,0.0,3927100.0,317998500.0,240.0,57.9,81.0,107500.0,80.0,547200.0,1075000000.0,275000000.0,274985000.0,0.0,0.0,,0.0,0.0,0.0
2024-02-06,81.0,0.0,0.0,85.0,81.0,81.0,0.0,5185500.0,426009500.0,371.0,57.9,81.0,1132200.0,80.0,991400.0,1075000000.0,275000000.0,274985000.0,0.0,0.0,,0.0,0.0,0.0
2024-02-07,81.0,0.0,0.0,84.0,80.0,80.0,-1.0,3087600.0,250761800.0,212.0,57.1,81.0,1000.0,80.0,240100.0,1075000000.0,275000000.0,274985000.0,0.0,0.0,,0.0,0.0,0.0
2024-02-12,80.0,0.0,0.0,83.0,80.0,81.0,1.0,1927100.0,157081100.0,197.0,57.9,82.0,199700.0,81.0,238100.0,1075000000.0,275000000.0,274985000.0,0.0,0.0,,0.0,0.0,0.0
2024-02-13,81.0,0.0,0.0,83.0,81.0,82.0,1.0,1389700.0,113524300.0,163.0,58.6,82.0,290600.0,81.0,493300.0,1075000000.0,275000000.0,274985000.0,0.0,0.0,,0.0,0.0,0.0
2024-02-15,82.0,0.0,0.0,89.0,82.0,84.0,2.0,10674600.0,917700900.0,683.0,60.0,84.0,67300.0,83.0,248900.0,1075000780.0,275000780.0,274985000.0,0.0,0.0,,0.0,0.0,0.0
2024-02-16,84.0,0.0,0.0,86.0,81.0,81.0,-3.0,1360600.0,112815200.0,416.0,57.9,83.0,50000.0,81.0,308100.0,1075000960.0,275000960.0,274985000.0,0.0,0.0,,0.0,0.0,0.0
2024-02-19,81.0,0.0,0.0,83.0,78.0,79.0,-2.0,4708600.0,374642000.0,252.0,56.4,80.0,159100.0,79.0,198900.0,1075001020.0,275001020.0,274985000.0,0.0,0.0,,0.0,0.0,0.0
2024-02-20,79.0,0.0,0.0,82.0,78.0,79.0,0.0,1838800.0,146679500.0,563.0,56.4,80.0,20800.0,79.0,496100.0,1075001082.0,275001082.0,274985000.0,100.0,0.0,,0.0,0.0,0.0
2024-02-21,79.0,0.0,0.0,81.0,79.0,80.0,1.0,362800.0,29044900.0,91.0,57.1,80.0,29300.0,79.0,138800.0,1075001082.0,275001082.0,274985000.0,0.0,0.0,,0.0,0.0,0.0
2024-02-22,80.0,0.0,0.0,81.0,79.0,80.0,0.0,663000.0,53052500.0,66.0,57.1,81.0,661200.0,80.0,199900.0,1075001142.0,275001142.0,274985000.0,0.0,0.0,,0.0,0.0,0.0
2024-02-23,80.0,0.0,0.0,83.0,78.0,79.0,-1.0,4561100.0,368913800.0,180.0,56.4,79.0,635400.0,78.0,158400.0,1075001202.0,275001202.0,274985000.0,514200.0,0.0,,0.0,0.0,0.0
2024-02-26,79.0,0.0,0.0,81.0,78.0,80.0,1.0,185000.0,14710000.0,52.0,57.1,80.0,21300.0,79.0,679100.0,1075001302.0,275001302.0,274985000.0,0.0,0.0,,0.0,0.0,0.0
2024-02-27,80.0,0.0,0.0,81.0,79.0,80.0,0.0,385600.0,30803200.0,64.0,57.1,80.0,3200.0,79.0,669000.0,1075001302.0,275001302.0,274985000.0,0.0,0.0,,0.0,0.0,0.0
2024-02-28,80.0,0.0,0.0,80.0,77.0,78.0,-2.0,1548300.0,122111900.0,285.0,55.7,79.0,122800.0,78.0,181500.0,1075001322.0,275001322.0,274985000.0,586900.0,0.0,,0.0,0.0,0.0
2024-02-29,78.0,0.0,0.0,84.0,78.0,79.0,1.0,3874800.0,313650400.0,382.0,56.4,79.0,80200.0,78.0,397900.0,1075001472.0,275001472.0,274985000.0,0.0,0.0,,0.0,0.0,0.0
2024-03-01,79.0,0.0,0.0,81.0,78.0,80.0,1.0,1131000.0,89078700.0,148.0,57.1,80.0,116700.0,79.0,3000.0,1075001532.0,275001532.0,274985000.0,0.0,0.0,,0.0,0.0,0.0
2024-03-04,80.0,0.0,0.0,80.0,78.0,79.0,-1.0,1515700.0,119356500.0,154.0,56.4,79.0,700600.0,78.0,434900.0,1075001532.0,275001532.0,274985000.0,0.0,0.0,,0.0,0.0,0.0
2024-03-05,79.0,0.0,0.0,79.0,77.0,78.0,-1.0,986200.0,76524100.0,434.0,55.7,78.0,113200.0,77.0,91100.0,1075001712.0,275001712.0,274985000.0,0.0,0.0,,0.0,0.0,0.0
2024-03-06,78.0,0.0,0.0,78.0,74.0,75.0,-3.0,1874000.0,141594300.0,193.0,53.6,76.0,29400.0,75.0,26500.0,1075001772.0,275001772.0,274985000.0,0.0,0.0,,0.0,0.0,0.0
2024-03-07,75.0,0.0,0.0,76.0,74.0,74.0,-1.0,824200.0,61280100.0,110.0,52.9,75.0,134600.0,74.0,33700.0,1075001772.0,275001772.0,274985000.0,0.0,0.0,,0.0,0.0,0.0
2024-03-08,74.0,0.0,0.0,74.0,71.0,73.0,-1.0,523100.0,38146700.0,89.0,52.1,74.0,15000.0,73.0,57000.0,1075001852.0,275001852.0,274985000.0,100000.0,0.0,,0.0,0.0,0.0
2024-03-13,73.0,0.0,0.0,74.0,71.0,73.0,0.0,399100.0,28681500.0,74.0,52.1,73.0,90400.0,72.0,12000.0,1075001852.0,275001852.0,274985000.0,0.0,0.0,,0.0,0.0,0.0
2024-03-14,73.0,0.0,0.0,74.0,71.0,72.0,-1.0,182200.0,13078400.0,63.0,51.4,72.0,2000.0,71.0,375400.0,1075001852.0,275001852.0,274985000.0,0.0,0.0,,0.0,0.0,0.0
2024-03-15,72.0,0.0,0.0,72.0,71.0,71.0,-1.0,98400.0,6999100.0,29.0,50.7,72.0,14400.0,71.0,165200.0,1075001852.0,275001852.0,274985000.0,0.0,0.0,,0.0,0.0,0.0
2024-03-18,71.0,0.0,0.0,73.0,71.0,71.0,0.0,305700.0,21940200.0,112.0,50.7,72.0,83000.0,71.0,286400.0,1075001852.0,275001852.0,274985000.0,0.0,0.0,,0.0,0.0,0.0
2024-03-19,71.0,0.0,0.0,73.0,71.0,72.0,1.0,233300.0,16753800.0,44.0,51.4,72.0,45700.0,71.0,424500.0,1075001852.0,275001852.0,274985000.0,0.0,0.0,,0.0,0.0,0.0
2024-03-20,72.0,0.0,0.0,73.0,71.0,73.0,1.0,3332400.0,239983500.0,955.0,52.1,73.0,34300.0,72.0,216300.0,1075001852.0,275001852.0,274985000.0,0.0,0.0,,0.0,0.0,0.0
2024-03-21,73.0,0.0,0.0,74.0,72.0,74.0,1.0,208400.0,15191100.0,34.0,52.9,74.0,298900.0,73.0,157300.0,1075002912.0,275002912.0,274985000.0,0.0,0.0,,0.0,0.0,0.0
2024-03-22,74.0,0.0,0.0,74.0,73.0,73.0,-1.0,314100.0,23004400.0,76.0,52.1,74.0,279700.0,73.0,84100.0,1075002972.0,275002972.0,274985000.0,0.0,0.0,,0.0,0.0,0.0
2024-03-25,73.0,0.0,0.0,74.0,73.0,73.0,0.0,76400.0,5577900.0,22.0,52.1,74.0,403200.0,73.0,11800.0,1075003032.0,275003032.0,274985000.0,0.0,0.0,,0.0,0.0,0.0
2024-03-26,73.0,0.0,0.0,74.0,72.0,73.0,0.0,517900.0,37516600.0,89.0,52.1,73.0,74700.0,72.0,124500.0,1075003052.0,275003052.0,274985000.0,1200.0,0.0,,0.0,0.0,0.0
2024-03-27,73.0,0.0,0.0,73.0,71.0,73.0,0.0,727100.0,52236200.0,104.0,52.1,73.0,27400.0,72.0,35500.0,1075003052.0,275003052.0,274985000.0,0.0,0.0,,0.0,0.0,0.0
2024-03-28,73.0,0.0,0.0,72.0,60.0,66.0,-7.0,3349600.0,219056600.0,447.0,47.1,68.0,4100.0,66.0,302300.0,1075003112.0,275003112.0,274985000.0,0.0,0.0,,0.0,0.0,0.0
2024-04-01,66.0,0.0,0.0,68.0,59.0,60.0,-6.0,1155300.0,71241600.0,185.0,42.9,61.0,400.0,60.0,51400.0,1075003112.0,275003112.0,274985474.0,0.0,0.0,,0.0,0.0,0.0
2024-04-02,60.0,0.0,0.0,63.0,51.0,62.0,2.0,5757700.0,324958200.0,419.0,44.3,63.0,7600.0,62.0,8500.0,1075003113.0,275003113.0,274985474.0,300.0,0.0,,0.0,0.0,0.0
2024-04-03,62.0,0.0,0.0,83.0,56.0,75.0,13.0,60983300.0,4834527200.0,4406.0,53.6,76.0,52800.0,75.0,1720200.0,1075003193.0,275003193.0,274985474.0,0.0,0.0,,0.0,0.0,0.0
2024-04-04,75.0,0.0,0.0,85.0,75.0,82.0,7.0,51434800.0,4179229500.0,3926.0,58.6,83.0,473100.0,82.0,192500.0,1075003273.0,275003273.0,274985474.0,0.0,0.0,,0.0,0.0,0.0
2024-04-05,82.0,0.0,0.0,83.0,78.0,80.0,-2.0,4954100.0,395096000.0,420.0,57.1,80.0,23800.0,79.0,219900.0,1075003273.0,275003273.0,274985474.0,0.0,0.0,,0.0,0.0,0.0
2024-04-16,80.0,0.0,0.0,82.0,73.0,80.0,0.0,1076300.0,84913800.0,179.0,57.1,80.0,347200.0,79.0,88900.0,1075003273.0,275003273.0,274985474.0,0.0,0.0,,0.0,0.0,0.0
2024-04-17,80.0,0.0,0.0,81.0,78.0,79.0,-1.0,1720100.0,136011400.0,133.0,56.4,80.0,57200.0,79.0,234200.0,1075003273.0,275003273.0,274985474.0,0.0,0.0,,0.0,0.0,0.0
2024-04-18,79.0,0.0,0.0,88.0,79.0,80.0,1.0,7321500.0,611953500.0,758.0,57.1,81.0,100.0,80.0,5000.0,1075003373.0,275003373.0,274985474.0,0.0,0.0,,0.0,0.0,0.0
2024-04-19,80.0,0.0,0.0,84.0,80.0,82.0,2.0,1350400.0,109590600.0,184.0,58.6,82.0,45700.0,81.0,5000.0,1075003433.0,275003433.0,274985474.0,0.0,0.0,,0.0,0.0,0.0
2024-04-22,82.0,0.0,0.0,84.0,80.0,80.0,-2.0,645100.0,52364800.0,82.0,57.1,82.0,46500.0,80.0,118500.0,1075003433.0,275003433.0,274985474.0,0.0,0.0,,0.0,0.0,0.0
2024-04-23,80.0,0.0,0.0,84.0,74.0,80.0,0.0,375400.0,30211300.0,97.0,57.1,81.0,406300.0,80.0,42400.0,1075003433.0,275003433.0,274985474.0,0.0,0.0,,0.0,0.0,0.0
2024-04-24,80.0,0.0,0.0,83.0,70.0,78.0,-2.0,2207800.0,168324800.0,242.0,55.7,78.0,14000.0,77.0,55000.0,1075003473.0,275003473.0,274985474.0,0.0,0.0,,0.0,0.0,0.0
2024-04-25,78.0,0.0,0.0,95.0,79.0,84.0,6.0,24179300.0,2111368600.0,1912.0,60.0,85.0,11200.0,84.0,773700.0,1075003473.0,275003473.0,274985474.0,0.0,0.0,,0.0,0.0,0.0
2024-04-26,84.0,0.0,0.0,92.0,83.0,84.0,0.0,10043200.0,848199800.0,429.0,60.0,85.0,154400.0,83.0,193100.0,1075003613.0,275003613.0,274985474.0,0.0,0.0,,0.0,0.0,0.0
2024-04-29,84.0,0.0,0.0,86.0,83.0,84.0,0.0,6659800.0,564357300.0,412.0,60.0,84.0,4600.0,83.0,263500.0,1075003673.0,275003673.0,274985474.0,0.0,0.0,,0.0,0.0,0.0
2024-04-30,84.0,0.0,0.0,91.0,84.0,84.0,0.0,9720100.0,853289000.0,1155.0,60.0,85.0,1000.0,84.0,775100.0,1075003673.0,275003673.0,274985474.0,0.0,0.0,,0.0,0.0,0.0
2024-05-02,84.0,0.0,0.0,87.0,84.0,84.0,0.0,6107500.0,524470000.0,375.0,60.0,85.0,50000.0,84.0,264400.0,1075003673.0,275003673.0,274985474.0,0.0,0.0,,0.0,0.0,0.0
2024-05-03,84.0,0.0,0.0,86.0,84.0,85.0,1.0,4911600.0,417481600.0,381.0,60.7,86.0,450300.0,85.0,230900.0,1075003753.0,275003753.0,274985474.0,0.0,0.0,,0.0,0.0,0.0
2024-05-06,85.0,0.0,0.0,90.0,85.0,87.0,2.0,7274800.0,631631600.0,343.0,62.1,87.0,11700.0,86.0,661200.0,1075003753.0,275003753.0,274985474.0,0.0,0.0,,0.0,0.0,0.0
2024-05-07,87.0,0.0,0.0,93.0,87.0,90.0,3.0,8559500.0,772182600.0,743.0,64.3,91.0,130300.0,90.0,551000.0,1075003753.0,275003753.0,274985474.0,0.0,0.0,,0.0,0.0,0.0
2024-05-08,90.0,0.0,0.0,97.0,90.0,91.0,1.0,7398300.0,674549900.0,315.0,65.0,92.0,16500.0,91.0,122100.0,1075003754.0,275003754.0,274985474.0,0.0,0.0,,0.0,0.0,0.0
2024-05-13,91.0,0.0,0.0,99.0,90.0,95.0,4.0,9734200.0,930658700.0,1082.0,67.9,96.0,224800.0,95.0,345500.0,1075003754.0,275003754.0,274985474.0,0.0,0.0,,0.0,0.0,0.0
2024-05-14,95.0,0.0,0.0,101.0,92.0,93.0,-2.0,941600.0,87970700.0,228.0,66.4,94.0,67700.0,93.0,70100.0,1075003774.0,275003774.0,274985474.0,0.0,0.0,,0.0,0.0,0.0
2024-05-15,93.0,0.0,0.0,100.0,93.0,96.0,3.0,10968300.0,1071874300.0,725.0,68.6,97.0,436000.0,96.0,3300.0,1075003774.0,275003774.0,274985474.0,0.0,0.0,,0.0,0.0,0.0
2024-05-16,96.0,0.0,0.0,97.0,94.0,96.0,0.0,1997900.0,191566600.0,136.0,68.6,96.0,124800.0,95.0,251000.0,1075003774.0,275003774.0,274985474.0,0.0,0.0,,0.0,0.0,0.0
2024-05-17,96.0,0.0,0.0,111.0,96.0,104.0,8.0,43903500.0,4491131000.0,3417.0,74.3,105.0,25500.0,104.0,34200.0,1075003774.0,275003774.0,274985474.0,0.0,0.0,,0.0,0.0,0.0
2024-05-20,104.0,0.0,0.0,131.0,104.0,118.0,14.0,107220800.0,12693545300.0,10151.0,84.3,119.0,81400.0,118.0,1072000.0,1075003774.0,275003774.0,274985474.0,1000.0,0.0,,0.0,0.0,0.0
2024-05-21,118.0,0.0,0.0,126.0,107.0,115.0,-3.0,52991500.0,6206498100.0,4836.0,82.1,115.0,110300.0,114.0,127500.0,1075003862.0,275003862.0,274985474.0,0.0,0.0,,0.0,0.0,0.0
2024-05-22,115.0,0.0,0.0,124.0,106.0,115.0,0.0,72369000.0,8468869100.0,3892.0,82.1,115.0,508400.0,112.0,7300.0,1075003942.0,275003942.0,274985474.0,0.0,18500.0,,0.0,0.0,0.0
2024-05-27,115.0,0.0,0.0,137.0,106.0,130.0,15.0,74838700.0,9321343300.0,5898.0,92.9,130.0,14400.0,129.0,545200.0,1075004242.0,275004242.0,274985474.0,18500.0,14000.0,,0.0,0.0,0.0
2024-05-28,130.0,0.0,0.0,147.0,121.0,137.0,7.0,92585700.0,12804433600.0,6197.0,97.9,137.0,74500.0,135.0,89500.0,1075004242.0,275004242.0,274985474.0,14000.0,19000.0,,0.0,0.0,0.0
2024-05-29,137.0,0.0,0.0,142.0,123.0,130.0,-7.0,48287300.0,6337049400.0,2911.0,92.9,130.0,128800.0,129.0,389500.0,1075004244.0,275004244.0,274985474.0,18900.0,22800.0,,0.0,0.0,0.0
2024-05-30,130.0,0.0,0.0,132.0,119.0,130.0,0.0,30326300.0,3847070900.0,1743.0,92.9,130.0,4500.0,129.0,63100.0,1075004306.0,275004306.0,274985474.0,20700.0,25000.0,,0.0,0.0,0.0
2024-05-31,130.0,0.0,0.0,135.0,125.0,126.0,-4.0,35722700.0,4614895800.0,2335.0,90.0,127.0,90700.0,126.0,12800.0,1075004306.0,275004306.0,274985474.0,203000.0,268500.0,,0.0,0.0,0.0
2024-06-03,126.0,0.0,0.0,153.0,120.0,149.0,23.0,122016100.0,17373381300.0,9094.0,106.4,149.0,13900.0,148.0,3335000.0,1075004331.0,275004331.0,274985474.0,107700.0,783500.0,,5100.0,933300.0,1.0
2024-06-04,149.0,0.0,0.0,161.0,138.0,150.0,1.0,180664900.0,27342109600.0,9549.0,107.1,151.0,46800.0,149.0,29500.0,1075004355.0,275004355.0,274985474.0,805300.0,30000.0,,0.0,0.0,0.0
2024-06-05,150.0,0.0,0.0,152.0,141.0,147.0,-3.0,17782400.0,2629035900.0,1535.0,105.0,147.0,487600.0,144.0,30800.0,1075004504.0,275004504.0,274985474.0,6800.0,38100.0,,0.0,0.0,0.0
2024-06-06,147.0,0.0,0.0,167.0,125.0,125.0,-22.0,143744000.0,20299602600.0,12212.0,89.3,126.0,300.0,125.0,689600.0,1075004557.0,275004557.0,274985474.0,1387400.0,1400800.0,,0.0,0.0,0.0
2024-06-07,125.0,0.0,0.0,130.0,116.0,126.0,1.0,54847400.0,6944854800.0,3367.0,90.0,126.0,44800.0,125.0,1667200.0,1075004588.0,275004588.0,274985474.0,38100.0,55000.0,,0.0,0.0,0.0
2024-06-10,126.0,0.0,0.0,141.0,120.0,141.0,15.0,70079100.0,9287781500.0,4641.0,100.7,142.0,475200.0,141.0,1584800.0,1075004595.0,275004595.0,274985474.0,69200.0,68700.0,,0.0,0.0,0.0
2024-06-11,141.0,0.0,0.0,186.0,140.0,181.0,40.0,272592700.0,46059852800.0,20586.0,129.3,181.0,579300.0,180.0,143700.0,1075004655.0,275004655.0,274985474.0,185800.0,224800.0,,0.0,0.0,0.0
2024-06-12,181.0,0.0,0.0,183.0,170.0,171.0,-10.0,58877300.0,10279892500.0,4735.0,122.1,171.0,432900.0,170.0,1389500.0,1075004675.0,275004675.0,274985474.0,1948400.0,1929100.0,,0.0,0.0,0.0
2024-06-13,171.0,0.0,0.0,174.0,162.0,168.0,-3.0,35051800.0,5991112200.0,3061.0,120.0,168.0,34600.0,167.0,264800.0,1075004716.0,275004716.0,274985474.0,493900.0,697700.0,,0.0,0.0,0.0
2024-06-14,168.0,0.0,0.0,172.0,156.0,164.0,-4.0,64728600.0,10749260900.0,4440.0,117.1,164.0,309100.0,163.0,1245900.0,1075004836.0,275004836.0,274985474.0,718500.0,593200.0,,0.0,0.0,0.0
2024-06-19,164.0,0.0,0.0,169.0,154.0,165.0,1.0,51144300.0,8307837200.0,3230.0,117.9,165.0,351900.0,164.0,28000.0,1075004836.0,275004836.0,274985474.0,1407900.0,2826300.0,,0.0,0.0,0.0
2024-06-20,165.0,0.0,0.0,173.0,162.0,168.0,3.0,58141000.0,9744100500.0,4074.0,120.0,168.0,29200.0,167.0,91200.0,1075004856.0,275004856.0,274985474.0,1801500.0,2888000.0,,0.0,0.0,0.0
2024-06-21,168.0,0.0,0.0,171.0,163.0,167.0,-1.0,38854600.0,6471149900.0,2426.0,119.3,167.0,203800.0,166.0,236700.0,1075004916.0,275004916.0,274985474.0,2056100.0,1805000.0,,0.0,0.0,0.0
2024-06-24,167.0,0.0,0.0,168.0,162.0,165.0,-2.0,34063200.0,5611285200.0,1792.0,117.9,165.0,153600.0,164.0,1343400.0,1075004916.0,275004916.0,274985474.0,912200.0,718700.0,,0.0,0.0,0.0
2024-06-25,165.0,0.0,0.0,171.0,162.0,165.0,0.0,44278200.0,7342043500.0,2889.0,117.9,166.0,80400.0,164.0,497900.0,1075005011.0,275005011.0,274985474.0,1792300.0,1562600.0,,0.0,0.0,0.0
2024-06-26,165.0,0.0,0.0,167.0,158.0,160.0,-5.0,32537200.0,5270235000.0,1856.0,114.3,160.0,16300.0,159.0,334900.0,1075005011.0,275005011.0,274985474.0,856000.0,615400.0,,0.0,0.0,0.0
2024-06-27,160.0,0.0,0.0,163.0,157.0,161.0,1.0,23946700.0,3845377700.0,1415.0,115.0,161.0,1100.0,160.0,229400.0,1075005058.0,275005058.0,274985474.0,1072000.0,408900.0,,0.0,0.0,0.0
2024-06-28,161.0,0.0,0.0,164.0,156.0,158.0,-3.0,47993200.0,7644695600.0,1928.0,112.9,158.0,183900.0,157.0,1249200.0,1075005061.0,275005061.0,274985474.0,1052500.0,2211000.0,,0.0,0.0,0.0
2024-07-01,158.0,0.0,0.0,162.0,156.0,162.0,4.0,28657500.0,4573844000.0,1795.0,115.7,162.0,851700.0,161.0,300000.0,1075005061.0,275005061.0,274986242.0,1497100.0,1040400.0,,0.0,0.0,0.0
2024-07-02,162.0,0.0,0.0,163.0,158.0,160.0,-2.0,29047100.0,4636668300.0,1527.0,114.3,160.0,289900.0,159.0,95900.0,1075005078.0,275005078.0,274986242.0,183800.0,1229500.0,,0.0,0.0,0.0
2024-07-03,160.0,0.0,0.0,172.0,158.0,171.0,11.0,116561500.0,19476285800.0,6301.0,122.1,171.0,15100.0,170.0,90200.0,1075005157.0,275005157.0,274986242.0,3328800.0,11223900.0,,0.0,0.0,0.0
2024-07-04,171.0,0.0,0.0,172.0,156.0,159.0,-12.0,53292200.0,8741838900.0,3739.0,113.6,159.0,60300.0,158.0,20300.0,1075005166.0,275005166.0,274986242.0,8102000.0,1039600.0,,0.0,0.0,0.0
2024-07-05,159.0,0.0,0.0,160.0,150.0,156.0,-3.0,40692000.0,6335668900.0,3445.0,111.4,156.0,74400.0,155.0,1136700.0,1075005166.0,275005166.0,274986242.0,2502500.0,2514600.0,,0.0,0.0,0.0
2024-07-08,156.0,0.0,0.0,160.0,152.0,156.0,0.0,23634800.0,3664063200.0,1287.0,111.4,156.0,739600.0,154.0,748900.0,1075005226.0,275005226.0,274986242.0,713900.0,768900.0,,0.0,0.0,0.0
2024-07-09,156.0,0.0,0.0,159.0,152.0,157.0,1.0,35476900.0,5512226800.0,1867.0,112.1,157.0,66700.0,156.0,597600.0,1075005307.0,275005307.0,274986242.0,886600.0,4047300.0,,0.0,0.0,0.0
2024-07-10,157.0,0.0,0.0,159.0,153.0,157.0,0.0,40757600.0,6354924700.0,2268.0,112.1,157.0,256600.0,155.0,224500.0,1075005336.0,275005336.0,274986242.0,1230200.0,2634400.0,,0.0,0.0,0.0
2024-07-11,157.0,0.0,0.0,157.0,152.0,154.0,-3.0,29011000.0,4496882000.0,1223.0,110.0,154.0,167700.0,153.0,100.0,1075005376.0,275005376.0,274986242.0,2092800.0,932600.0,,0.0,0.0,0.0
2024-07-12,154.0,0.0,0.0,166.0,148.0,160.0,6.0,107666900.0,17338412800.0,4230.0,114.3,161.0,230000.0,160.0,1706300.0,1075005436.0,275005436.0,274986242.0,2084000.0,10563700.0,,0.0,0.0,0.0
2024-07-15,160.0,0.0,0.0,166.0,160.0,165.0,5.0,67019700.0,10940851900.0,3249.0,117.9,165.0,185800.0,164.0,40900.0,1075005496.0,275005496.0,274986242.0,1790900.0,2755300.0,,0.0,0.0,0.0
2024-07-16,165.0,0.0,0.0,169.0,149.0,153.0,-12.0,89618900.0,14198525300.0,5565.0,109.3,153.0,258500.0,152.0,1113700.0,1075005528.0,275005528.0,274986242.0,11230500.0,1186000.0,,0.0,0.0,0.0
2024-07-17,153.0,0.0,0.0,158.0,149.0,151.0,-2.0,43126300.0,6599974500.0,2913.0,107.9,152.0,2200.0,151.0,300.0,1075005533.0,275005533.0,274986242.0,3582500.0,1042100.0,,0.0,0.0,0.0
2024-07-18,151.0,0.0,0.0,153.0,148.0,150.0,-1.0,15040900.0,2259017400.0,1138.0,107.1,150.0,466500.0,149.0,256300.0,1075005535.0,275005535.0,274986242.0,367100.0,1083100.0,,0.0,0.0,0.0
2024-07-19,150.0,0.0,0.0,155.0,147.0,150.0,0.0,28180900.0,4239896400.0,1395.0,107.1,150.0,19400.0,149.0,280600.0,1075005569.0,275005569.0,274986242.0,452000.0,2215400.0,,0.0,0.0,0.0
2024-07-22,150.0,0.0,0.0,155.0,148.0,153.0,3.0,25717200.0,3890866100.0,1375.0,109.3,153.0,10200.0,152.0,190100.0,1075005631.0,275005631.0,274986242.0,926900.0,1965100.0,,0.0,0.0,0.0
2024-07-23,153.0,0.0,0.0,157.0,151.0,156.0,3.0,46580700.0,7159784000.0,1472.0,111.4,156.0,465500.0,155.0,194500.0,1075005633.0,275005633.0,274986242.0,640100.0,4162500.0,,0.0,0.0,0.0
2024-07-24,156.0,0.0,0.0,156.0,153.0,155.0,-1.0,15764800.0,2430323400.0,635.0,110.7,155.0,402800.0,154.0,180400.0,1075005635.0,275005635.0,274986242.0,79000.0,25600.0,,0.0,0.0,0.0
2024-07-25,155.0,0.0,0.0,161.0,149.0,152.0,-3.0,23119500.0,3560217400.0,1469.0,108.6,152.0,53200.0,151.0,1068800.0,1075006235.0,275006235.0,274986242.0,610200.0,673300.0,,0.0,0.0,0.0
2024-07-26,152.0,0.0,0.0,162.0,152.0,160.0,8.0,59234900.0,9423635700.0,3027.0,114.3,160.0,335300.0,159.0,1712900.0,1075006245.0,275006245.0,274986242.0,1799400.0,4074800.0,,0.0,0.0,0.0
2024-07-29,160.0,0.0,0.0,166.0,158.0,163.0,3.0,48348000.0,7824144100.0,2595.0,116.4,163.0,49400.0,162.0,310500.0,1075006245.0,275006245.0,274986242.0,649300.0,959300.0,,0.0,0.0,0.0
2024-07-30,163.0,0.0,0.0,170.0,127.0,134.0,-29.0,139951700.0,20675927700.0,7644.0,95.7,134.0,218300.0,133.0,1565200.0,1075006845.0,275006845.0,274986242.0,11429000.0,384600.0,,0.0,0.0,0.0
2024-07-31,134.0,0.0,0.0,138.0,128.0,135.0,1.0,27293900.0,3661063800.0,1629.0,96.4,135.0,372400.0,134.0,236600.0,1075006849.0,275006849.0,274986242.0,542500.0,3438300.0,,0.0,0.0,0.0
2024-08-01,135.0,0.0,0.0,141.0,135.0,140.0,5.0,58424600.0,8096014400.0,2293.0,100.0,141.0,1386900.0,140.0,1600.0,1075006849.0,275006849.0,274986242.0,781800.0,6226200.0,,0.0,0.0,0.0
2024-08-02,140.0,0.0,0.0,144.0,138.0,138.0,-2.0,24956800.0,3522342200.0,1270.0,98.6,140.0,66400.0,137.0,257200.0,1075006932.0,1075006932.0,274986242.0,188200.0,129600.0,,0.0,0.0,0.0
2024-08-05,138.0,0.0,0.0,140.0,125.0,135.0,-3.0,23748400.0,3132409100.0,1503.0,96.4,135.0,140300.0,132.0,48800.0,1075006998.0,1075006998.0,274986242.0,486700.0,2136900.0,,0.0,0.0,0.0
2024-08-06,135.0,0.0,0.0,139.0,131.0,138.0,3.0,17482600.0,2361239800.0,897.0,98.6,138.0,103000.0,137.0,206400.0,1075027008.0,1075027008.0,274986242.0,458000.0,891800.0,,0.0,0.0,0.0
2024-08-07,138.0,0.0,0.0,144.0,119.0,121.0,-17.0,58876300.0,7424642800.0,3844.0,86.4,121.0,25900.0,120.0,942000.0,1075027108.0,1075027108.0,274986242.0,7165000.0,1062400.0,,0.0,0.0,0.0
2024-08-08,121.0,0.0,0.0,123.0,103.0,109.0,-12.0,39663900.0,4340758700.0,3063.0,77.9,110.0,184700.0,109.0,1134500.0,1075027214.0,1075027214.0,274986242.0,301300.0,1449700.0,,0.0,0.0,0.0
2024-08-09,109.0,0.0,0.0,120.0,107.0,117.0,8.0,74998800.0,8523219000.0,4113.0,83.6,117.0,100.0,116.0,1234000.0,1075027288.0,1075027288.0,274986242.0,3077500.0,3249500.0,,0.0,0.0,0.0
2024-08-12,117.0,0.0,0.0,119.0,109.0,113.0,-4.0,45311400.0,5160688400.0,2137.0,80.7,113.0,187600.0,112.0,1258800.0,1075027288.0,1075027288.0,274986242.0,1345100.0,1735500.0,,0.0,0.0,0.0
2024-08-13,113.0,0.0,0.0,116.0,107.0,107.0,-6.0,31408400.0,3459569600.0,1304.0,76.4,108.0,22000.0,107.0,2017500.0,1075027288.0,1075027288.0,274986242.0,1012800.0,2224400.0,,0.0,0.0,0.0
2024-08-14,107.0,0.0,0.0,110.0,105.0,107.0,0.0,27906700.0,3001138800.0,1226.0,76.4,107.0,173600.0,106.0,337200.0,1075027288.0,1075027288.0,274986242.0,1316900.0,4400500.0,,0.0,0.0,0.0
2024-08-15,107.0,0.0,0.0,112.0,104.0,107.0,0.0,30981300.0,3338798800.0,1568.0,76.4,108.0,678300.0,107.0,43900.0,1075027288.0,1075027288.0,274986242.0,2425200.0,315800.0,,0.0,0.0,0.0
2024-08-16,107.0,0.0,0.0,109.0,105.0,107.0,0.0,29233200.0,3122714300.0,1122.0,76.4,107.0,693500.0,105.0,1345700.0,1075027288.0,1075027288.0,274986242.0,647600.0,2371400.0,,0.0,0.0,0.0
2024-08-19,107.0,0.0,0.0,109.0,106.0,108.0,1.0,20893300.0,2242701300.0,846.0,77.1,108.0,415100.0,107.0,244000.0,1075027288.0,1075027288.0,274986242.0,954600.0,2276600.0,,0.0,0.0,0.0
2024-08-20,108.0,0.0,0.0,110.0,107.0,109.0,1.0,20547900.0,2231119300.0,979.0,77.9,109.0,517900.0,108.0,73000.0,1075027288.0,1075027288.0,274986242.0,737500.0,740200.0,,0.0,0.0,0.0
2024-08-21,109.0,0.0,0.0,113.0,108.0,110.0,1.0,48411700.0,5330678600.0,1702.0,78.6,111.0,10000.0,110.0,51100.0,1075027288.0,1075027288.0,274986242.0,1916800.0,2943800.0,,0.0,0.0,0.0
2024-08-22,110.0,0.0,0.0,112.0,107.0,110.0,0.0,24281400.0,2646551500.0,1142.0,78.6,110.0,1099500.0,109.0,599300.0,1075027288.0,1075027288.0,274986242.0,1171100.0,56100.0,,0.0,0.0,0.0
2024-08-23,110.0,0.0,0.0,114.0,109.0,111.0,1.0,22973000.0,2552942300.0,1103.0,79.3,111.0,580800.0,110.0,895400.0,1075027288.0,1075027288.0,274986242.0,1056100.0,560400.0,,0.0,0.0,0.0
2024-08-26,111.0,0.0,0.0,115.0,110.0,113.0,2.0,35957300.0,4046206600.0,1538.0,80.7,113.0,156700.0,112.0,1576000.0,1075027288.0,1075027288.0,274986242.0,1753700.0,1424700.0,,0.0,0.0,0.0
2024-08-27,113.0,0.0,0.0,116.0,112.0,115.0,2.0,34815900.0,3970217100.0,1843.0,82.1,115.0,231100.0,114.0,1755400.0,1075027288.0,1075027288.0,274986242.0,1196900.0,714300.0,,0.0,0.0,0.0
2024-08-28,115.0,0.0,0.0,117.0,113.0,117.0,2.0,21012900.0,2415852400.0,1106.0,83.6,117.0,891100.0,116.0,1293200.0,1075027288.0,1075027288.0,274986242.0,778800.0,282600.0,,0.0,0.0,0.0
2024-08-29,117.0,0.0,0.0,121.0,116.0,121.0,4.0,50679100.0,6006236800.0,2594.0,86.4,121.0,610600.0,120.0,8780100.0,1075027288.0,1075027288.0,274986242.0,1584700.0,1023800.0,,0.0,0.0,0.0
2024-08-30,121.0,0.0,0.0,122.0,112.0,112.0,-9.0,53126500.0,6145913000.0,1456.0,80.0,113.0,251000.0,112.0,29600.0,1075027288.0,1075027288.0,274986242.0,1842800.0,1275700.0,,0.0,0.0,0.0
2024-09-02,112.0,0.0,0.0,112.0,103.0,107.0,-5.0,34493700.0,3696392600.0,1227.0,76.4,107.0,900.0,106.0,828000.0,1075027288.0,1075027288.0,274986242.0,537900.0,3110900.0,,0.0,0.0,0.0
2024-09-03,107.0,0.0,0.0,108.0,105.0,108.0,1.0,17624600.0,1880296500.0,578.0,77.1,108.0,606400.0,107.0,1363600.0,1075027288.0,1075027288.0,274986242.0,266900.0,1176800.0,,0.0,0.0,0.0
2024-09-04,108.0,0.0,0.0,109.0,106.0,108.0,0.0,18437100.0,1975455800.0,775.0,77.1,108.0,807300.0,106.0,1024400.0,1075027288.0,1075027288.0,274986242.0,364600.0,1021700.0,,0.0,0.0,0.0
2024-09-05,108.0,0.0,0.0,112.0,107.0,110.0,2.0,22298900.0,2445841200.0,1213.0,78.6,111.0,435600.0,110.0,7200.0,1075027288.0,1075027288.0,274986242.0,81900.0,1351900.0,,0.0,0.0,0.0
2024-09-06,110.0,0.0,0.0,111.0,107.0,108.0,-2.0,18330400.0,1998684300.0,900.0,77.1,109.0,58700.0,108.0,11800.0,1075027288.0,1075027288.0,274986242.0,594700.0,730600.0,,0.0,0.0,0.0
2024-09-09,108.0,0.0,0.0,108.0,104.0,106.0,-2.0,19043600.0,2033291800.0,758.0,75.7,107.0,24000.0,106.0,10100.0,1075027288.0,1075027288.0,274986242.0,1828400.0,2745400.0,,0.0,0.0,0.0
2024-09-10,106.0,0.0,0.0,112.0,105.0,111.0,5.0,34587300.0,3794657100.0,2188.0,79.3,111.0,8200.0,110.0,236900.0,1075027288.0,1075027288.0,274986242.0,1976500.0,1562500.0,,0.0,0.0,0.0
2024-09-11,111.0,0.0,0.0,112.0,109.0,110.0,-1.0,12176600.0,1342455200.0,437.0,78.6,110.0,246700.0,109.0,1095300.0,1075027288.0,1075027288.0,274986242.0,892100.0,341200.0,,0.0,0.0,0.0
2024-09-12,110.0,0.0,0.0,111.0,106.0,107.0,-3.0,17688200.0,1930573500.0,1876.0,76.4,109.0,166200.0,106.0,146200.0,1075027288.0,1075027288.0,274986242.0,3108500.0,407500.0,,0.0,0.0,0.0
2024-09-13,107.0,0.0,0.0,107.0,98.0,107.0,0.0,15523000.0,1634706900.0,2149.0,76.4,107.0,607600.0,106.0,146000.0,1075027288.0,1075027288.0,274986242.0,983300.0,896100.0,,0.0,0.0,0.0
2024-09-17,107.0,0.0,0.0,109.0,105.0,106.0,-1.0,14743800.0,1572808400.0,1726.0,75.7,106.0,59000.0,105.0,852000.0,1075027288.0,1075027288.0,274986242.0,478300.0,668100.0,,0.0,0.0,0.0
2024-09-18,106.0,0.0,0.0,107.0,97.0,105.0,-1.0,18307800.0,1925165000.0,5350.0,75.0,105.0,282800.0,104.0,1094300.0,1075027288.0,1075027288.0,274986242.0,1343300.0,17600.0,,0.0,0.0,0.0
2024-09-19,105.0,0.0,0.0,107.0,96.0,99.0,-6.0,16363100.0,1671894400.0,3349.0,70.7,100.0,68700.0,99.0,31800.0,1075027288.0,1075027288.0,274986242.0,624000.0,1179600.0,,0.0,0.0,0.0
2024-09-20,99.0,0.0,0.0,103.0,98.0,99.0,0.0,32906900.0,3304413300.0,791.0,70.7,100.0,64000.0,99.0,32300.0,1075027288.0,1075027288.0,274986242.0,924100.0,1792900.0,,0.0,0.0,0.0
2024-09-23,99.0,0.0,0.0,102.0,90.0,102.0,3.0,42956200.0,4323342800.0,2510.0,72.9,102.0,347900.0,101.0,205500.0,1075027288.0,1075027288.0,274986242.0,454900.0,2853600.0,,0.0,0.0,0.0
2024-09-24,102.0,0.0,0.0,104.0,93.0,102.0,0.0,29231500.0,2956165800.0,2421.0,72.9,102.0,682700.0,101.0,112400.0,1075027288.0,1075027288.0,274986242.0,1288200.0,222800.0,,0.0,0.0,0.0
2024-09-25,102.0,0.0,0.0,103.0,93.0,98.0,-4.0,15832000.0,1575561600.0,3306.0,70.0,98.0,450900.0,97.0,1410800.0,1075027288.0,1075027288.0,274986242.0,1895200.0,107300.0,,0.0,0.0,0.0
2024-09-26,98.0,0.0,0.0,101.0,96.0,100.0,2.0,30943600.0,3076433100.0,2779.0,71.4,100.0,299300.0,99.0,1200.0,1075027288.0,1075027288.0,274986242.0,1719300.0,2079800.0,,0.0,0.0,0.0
2024-09-27,100.0,0.0,0.0,101.0,96.0,100.0,0.0,28042800.0,2749720800.0,3157.0,71.4,100.0,1214200.0,99.0,205300.0,1075027288.0,1075027288.0,274986242.0,1196500.0,76500.0,,0.0,0.0,0.0
2024-09-30,100.0,0.0,0.0,101.0,96.0,100.0,0.0,39439600.0,3905307000.0,2318.0,71.4,100.0,936100.0,99.0,459100.0,1075027288.0,1075027288.0,274986242.0,1601100.0,2086300.0,,0.0,0.0,0.0
2024-10-01,100.0,0.0,0.0,100.0,96.0,100.0,0.0,24175300.0,2397971600.0,3058.0,71.4,100.0,854100.0,99.0,294500.0,1075027288.0,1075027288.0,274991980.0,199900.0,494500.0,,0.0,0.0,0.0
2024-10-02,100.0,0.0,0.0,100.0,96.0,99.0,-1.0,14788900.0,1441240500.0,2918.0,70.7,99.0,656200.0,98.0,500.0,1075027288.0,1075027288.0,274991980.0,791400.0,260500.0,,0.0,0.0,0.0
2024-10-03,99.0,0.0,0.0,100.0,95.0,99.0,0.0,38440200.0,3763309800.0,4060.0,70.7,99.0,1092000.0,98.0,291300.0,1075027288.0,1075027288.0,274991980.0,574900.0,2088800.0,,0.0,0.0,0.0
2024-10-04,99.0,0.0,0.0,101.0,98.0,100.0,1.0,28019100.0,2778044800.0,2701.0,71.4,100.0,941300.0,99.0,588400.0,1075027288.0,1075027288.0,274991980.0,1420600.0,1703600.0,,0.0,0.0,0.0
2024-10-07,100.0,0.0,0.0,101.0,97.0,98.0,-2.0,18986200.0,1863784700.0,2734.0,70.0,99.0,586200.0,98.0,53600.0,1075027288.0,1075027288.0,274991980.0,884700.0,1254300.0,,0.0,0.0,0.0
2024-10-08,98.0,0.0,0.0,99.0,90.0,98.0,0.0,24492900.0,2365818400.0,4464.0,70.0,98.0,643300.0,97.0,516400.0,1075027288.0,1075027288.0,274991980.0,733900.0,272600.0,,0.0,0.0,0.0
2024-10-09,98.0,0.0,0.0,100.0,91.0,99.0,1.0,22089800.0,2161803500.0,1225.0,70.7,99.0,187500.0,98.0,273300.0,1075027288.0,1075027288.0,274991980.0,122400.0,1785500.0,,0.0,0.0,0.0
2024-10-10,99.0,0.0,0.0,99.0,97.0,99.0,0.0,21441700.0,2105485500.0,4126.0,70.7,99.0,155800.0,98.0,300800.0,1075027288.0,1075027288.0,274991980.0,125700.0,1237000.0,,0.0,0.0,0.0
2024-10-11,99.0,0.0,0.0,100.0,97.0,99.0,0.0,18568000.0,1830447300.0,2924.0,70.7,99.0,361900.0,98.0,323600.0,1075027288.0,1075027288.0,274991980.0,840400.0,1582900.0,,0.0,0.0,0.0
2024-10-14,99.0,0.0,0.0,101.0,97.0,100.0,1.0,34990500.0,3463108000.0,4257.0,71.4,100.0,750700.0,99.0,416000.0,1075027288.0,1075027288.0,274991980.0,197600.0,2524200.0,,0.0,0.0,0.0
2024-10-15,100.0,0.0,0.0,100.0,98.0,100.0,0.0,27340500.0,2701451500.0,2918.0,71.4,100.0,2176100.0,98.0,1492900.0,1075027288.0,1075027288.0,274991980.0,802100.0,2190200.0,,0.0,0.0,0.0
2024-10-16,100.0,0.0,0.0,101.0,98.0,101.0,1.0,29899100.0,2962676500.0,5211.0,72.1,101.0,462000.0,100.0,144400.0,1075027288.0,1075027288.0,274991980.0,70800.0,3433400.0,,0.0,0.0,0.0
2024-10-17,101.0,0.0,0.0,104.0,100.0,102.0,1.0,27589800.0,2813443200.0,1281.0,72.9,103.0,441800.0,102.0,29200.0,1075027288.0,1075027288.0,274991980.0,347600.0,3153100.0,,0.0,0.0,0.0
2024-10-18,102.0,0.0,0.0,105.0,101.0,104.0,2.0,37025300.0,3789147200.0,4443.0,74.3,104.0,317300.0,103.0,899900.0,1075027288.0,1075027288.0,274991980.0,404500.0,2177800.0,,0.0,0.0,0.0
2024-10-21,104.0,0.0,0.0,105.0,101.0,103.0,-1.0,29239300.0,3012274900.0,3654.0,73.6,103.0,500100.0,102.0,889000.0,1075027288.0,1075027288.0,274991980.0,602800.0,568700.0,,0.0,0.0,0.0
2024-10-22,103.0,0.0,0.0,105.0,102.0,104.0,1.0,24205300.0,2502584100.0,1864.0,74.3,104.0,254700.0,103.0,512800.0,1075027288.0,1075027288.0,274991980.0,669400.0,2158400.0,,0.0,0.0,0.0
2024-10-23,104.0,0.0,0.0,107.0,103.0,105.0,1.0,32259100.0,3387906500.0,1752.0,75.0,105.0,609700.0,104.0,1727900.0,1075027288.0,1075027288.0,274991980.0,631300.0,2333000.0,,0.0,0.0,0.0
2024-10-24,105.0,0.0,0.0,110.0,102.0,104.0,-1.0,54615100.0,5821217900.0,5343.0,74.3,104.0,190300.0,103.0,455100.0,1075027288.0,1075027288.0,274991980.0,6283700.0,2370600.0,,0.0,0.0,0.0
2024-10-25,104.0,0.0,0.0,104.0,98.0,99.0,-5.0,52349100.0,5199137600.0,491.0,70.7,101.0,50800.0,99.0,57400.0,1075027288.0,1075027288.0,274991980.0,3152600.0,737100.0,,0.0,0.0,0.0
2024-10-28,99.0,0.0,0.0,103.0,98.0,102.0,3.0,2767000.0,277846500.0,174.0,72.9,103.0,165100.0,102.0,1600.0,1075027288.0,1075027288.0,274991980.0,1272200.0,742000.0,,0.0,0.0,0.0
2024-10-29,102.0,0.0,0.0,131.0,103.0,123.0,21.0,130025300.0,15983425900.0,7142.0,87.9,124.0,175000.0,123.0,356500.0,1075027288.0,1075027288.0,274991980.0,13864900.0,10722100.0,,0.0,0.0,0.0
2024-10-30,123.0,0.0,0.0,125.0,110.0,114.0,-9.0,22934700.0,2648620300.0,2306.0,81.4,115.0,150400.0,114.0,17700.0,1075027288.0,1075027288.0,274991980.0,6932000.0,2349400.0,,0.0,0.0,0.0
2024-10-31,114.0,0.0,0.0,117.0,112.0,114.0,0.0,7454400.0,847849600.0,579.0,81.4,114.0,120400.0,113.0,18700.0,1075027288.0,1075027288.0,274991980.0,1997800.0,1683900.0,,0.0,0.0,0.0
2024-11-01,114.0,0.0,0.0,115.0,111.0,112.0,-2.0,5989300.0,676349900.0,427.0,80.0,113.0,188700.0,112.0,23700.0,1075027288.0,1075027288.0,274991980.0,1353800.0,1270300.0,,0.0,0.0,0.0
2024-11-04,112.0,0.0,0.0,114.0,105.0,111.0,-1.0,6021100.0,653414100.0,458.0,79.3,111.0,37200.0,110.0,10000.0,1075027288.0,1075027288.0,274991980.0,1304200.0,1748200.0,,0.0,0.0,0.0
2024-11-05,111.0,0.0,0.0,111.0,106.0,107.0,-4.0,3162100.0,341877200.0,275.0,76.4,109.0,21400.0,107.0,35700.0,1075027288.0,1075027288.0,274991980.0,1380800.0,702700.0,,0.0,0.0,0.0
2024-11-06,107.0,0.0,0.0,111.0,106.0,107.0,0.0,2788700.0,305325200.0,298.0,76.4,110.0,11200.0,107.0,88200.0,1075027288.0,1075027288.0,274991980.0,541100.0,338200.0,,0.0,0.0,0.0
2024-11-07,107.0,0.0,0.0,111.0,106.0,107.0,0.0,2424200.0,261896600.0,190.0,76.4,108.0,6000.0,107.0,148000.0,1075027288.0,1075027288.0,274991980.0,69000.0,365600.0,,0.0,0.0,0.0
2024-11-08,107.0,0.0,0.0,114.0,108.0,110.0,3.0,3541800.0,390901800.0,276.0,78.6,111.0,49400.0,110.0,106600.0,1075027288.0,1075027288.0,274991980.0,594500.0,1160000.0,,0.0,0.0,0.0
2024-11-11,110.0,0.0,0.0,115.0,109.0,115.0,5.0,4705200.0,529857700.0,446.0,82.1,115.0,218400.0,114.0,21000.0,1075027288.0,1075027288.0,274991980.0,532300.0,1430900.0,,0.0,0.0,0.0
2024-11-12,115.0,0.0,0.0,118.0,112.0,114.0,-1.0,2579100.0,297373200.0,286.0,81.4,116.0,29400.0,114.0,36200.0,1075027288.0,1075027288.0,274991980.0,458000.0,441000.0,,0.0,0.0,0.0
2024-11-13,114.0,0.0,0.0,118.0,111.0,111.0,-3.0,2095200.0,240767500.0,234.0,79.3,111.0,6500.0,110.0,653700.0,1075027288.0,1075027288.0,274991980.0,82400.0,469500.0,,0.0,0.0,0.0
2024-11-14,111.0,0.0,0.0,116.0,107.0,112.0,1.0,2374700.0,261113200.0,198.0,80.0,112.0,12900.0,111.0,340400.0,1075027288.0,1075027288.0,274991980.0,1107900.0,0.0,,0.0,0.0,0.0
2024-11-15,112.0,0.0,0.0,113.0,107.0,108.0,-4.0,1867300.0,203261300.0,147.0,77.1,110.0,36300.0,108.0,203500.0,1075027288.0,1075027288.0,274991980.0,761400.0,0.0,,0.0,0.0,0.0
2024-11-18,108.0,0.0,0.0,110.0,102.0,105.0,-3.0,2187200.0,230132400.0,261.0,75.0,105.0,100000.0,104.0,26700.0,1075027288.0,1075027288.0,274991980.0,769300.0,39900.0,,0.0,0.0,0.0
2024-11-19,105.0,0.0,0.0,108.0,102.0,105.0,0.0,34035800.0,3590311300.0,342.0,75.0,108.0,92400.0,105.0,74600.0,1075027288.0,1075027288.0,274991980.0,3035600.0,0.0,,0.0,0.0,0.0
2024-11-20,105.0,0.0,0.0,116.0,106.0,115.0,10.0,33994000.0,3685732800.0,470.0,82.1,116.0,114400.0,115.0,30500.0,1075027288.0,1075027288.0,274991980.0,1034800.0,51800.0,,0.0,0.0,0.0
2024-11-21,115.0,0.0,0.0,136.0,110.0,111.0,-4.0,52243400.0,6208745000.0,4277.0,79.3,111.0,171700.0,110.0,222000.0,1075027288.0,1075027288.0,274991980.0,2750900.0,0.0,,0.0,0.0,0.0
2024-11-22,111.0,0.0,0.0,111.0,105.0,106.0,-5.0,38984800.0,4171428300.0,714.0,75.7,108.0,10000.0,105.0,205200.0,1075027288.0,1075027288.0,274991980.0,921600.0,64300.0,,0.0,0.0,0.0
2024-11-25,106.0,0.0,0.0,122.0,103.0,112.0,6.0,15070300.0,1711851200.0,2436.0,80.0,112.0,60100.0,111.0,30000.0,1075027288.0,1075027288.0,274991980.0,1474300.0,92900.0,,0.0,0.0,0.0
2024-11-26,112.0,0.0,0.0,114.0,107.0,110.0,-2.0,2520800.0,276893400.0,332.0,78.6,110.0,17700.0,109.0,1400.0,1075027288.0,1075027288.0,274991980.0,30400.0,183200.0,,0.0,0.0,0.0
2024-11-28,110.0,0.0,0.0,111.0,108.0,111.0,1.0,1986100.0,216492500.0,163.0,79.3,111.0,51700.0,108.0,600400.0,1075027288.0,1075027288.0,274991980.0,12400.0,98100.0,,0.0,0.0,0.0
2024-11-29,111.0,0.0,0.0,115.0,109.0,111.0,0.0,1621000.0,180636500.0,180.0,79.3,111.0,292100.0,110.0,105600.0,1075027288.0,1075027288.0,274991980.0,9300.0,49500.0,,0.0,0.0,0.0
2024-12-02,111.0,0.0,0.0,119.0,109.0,111.0,0.0,2459500.0,279406600.0,282.0,79.3,113.0,3700.0,111.0,56400.0,1075027288.0,1075027288.0,274991980.0,49400.0,22200.0,,0.0,0.0,0.0
2024-12-03,111.0,0.0,0.0,122.0,111.0,114.0,3.0,3368900.0,394019100.0,326.0,81.4,114.0,2200.0,113.0,63200.0,1075027288.0,1075027288.0,274991980.0,16800.0,19000.0,,0.0,0.0,0.0
2024-12-04,114.0,0.0,0.0,121.0,115.0,117.0,3.0,2213700.0,261746100.0,266.0,83.6,117.0,79500.0,116.0,632800.0,1075027288.0,1075027288.0,274991980.0,14300.0,14000.0,,0.0,0.0,0.0
2024-12-05,117.0,0.0,0.0,122.0,117.0,119.0,2.0,1367900.0,164116800.0,141.0,85.0,121.0,2500.0,120.0,152400.0,1075027288.0,1075027288.0,274991980.0,13700.0,300.0,,0.0,0.0,0.0
2024-12-06,119.0,0.0,0.0,127.0,118.0,124.0,5.0,2130000.0,263630400.0,250.0,88.6,126.0,21800.0,124.0,33900.0,1075027288.0,1075027288.0,274991980.0,3600.0,13400.0,,0.0,0.0,0.0
2024-12-09,124.0,0.0,0.0,125.0,120.0,121.0,-3.0,17043200.0,2063695000.0,146.0,86.4,122.0,34400.0,121.0,20300.0,1075027288.0,1075027288.0,274991980.0,3100.0,25600.0,,0.0,0.0,0.0
2024-12-10,121.0,121.0,122.0,124.0,121.0,121.0,0.0,17182700.0,2112965400.0,145.0,86.4,123.0,41900.0,121.0,319400.0,1075027288.0,1075027288.0,274991980.0,26900.0,0.0,,0.0,0.0,0.0
2024-12-11,121.0,0.0,0.0,133.0,121.0,130.0,9.0,23900900.0,2986141700.0,971.0,92.9,131.0,900.0,130.0,45200.0,1075027288.0,1075027288.0,274991980.0,140200.0,0.0,,0.0,0.0,0.0
2024-12-12,130.0,131.0,132.0,134.0,122.0,125.0,-5.0,3105700.0,402676400.0,422.0,89.3,126.0,1800.0,125.0,10700.0,1075027288.0,1075027288.0,274991980.0,197400.0,14400.0,,0.0,0.0,0.0
2024-12-13,125.0,125.0,125.0,125.0,120.0,120.0,-5.0,1202500.0,146059500.0,131.0,85.7,120.0,25400.0,119.0,235300.0,1075027288.0,1075027288.0,274991980.0,0.0,54000.0,,0.0,0.0,0.0
2024-12-16,120.0,118.0,118.0,122.0,115.0,116.0,-4.0,1668700.0,195807400.0,94.0,82.9,120.0,1000.0,116.0,19700.0,1075027288.0,1075027288.0,274991980.0,24300.0,0.0,,0.0,0.0,0.0
2024-12-17,116.0,123.0,123.0,125.0,116.0,123.0,7.0,742700.0,90864000.0,143.0,87.9,123.0,34700.0,121.0,1000.0,1075027288.0,1075027288.0,274991980.0,34900.0,0.0,,0.0,0.0,0.0
2024-12-18,123.0,124.0,123.0,135.0,118.0,126.0,3.0,3456500.0,439518500.0,392.0,90.0,126.0,47200.0,124.0,198200.0,1075027288.0,1075027288.0,274991980.0,224200.0,0.0,,0.0,0.0,0.0
2024-12-19,126.0,126.0,127.0,131.0,122.0,123.0,-3.0,2278200.0,287344300.0,200.0,87.9,126.0,13000.0,123.0,219800.0,1075027288.0,1075027288.0,274991980.0,187200.0,0.0,,0.0,0.0,0.0
2024-12-20,123.0,0.0,0.0,131.0,118.0,124.0,1.0,3698700.0,472540400.0,222.0,88.6,127.0,5100.0,124.0,28800.0,1075027288.0,1075027288.0,274991980.0,454700.0,300000.0,,0.0,0.0,0.0
2024-12-23,124.0,124.0,125.0,131.0,123.0,123.0,-1.0,24908900.0,3092278300.0,213.0,87.9,124.0,2500.0,123.0,18600.0,1075027288.0,1075027288.0,274991980.0,115800.0,16600.0,,0.0,0.0,0.0
2024-12-24,123.0,0.0,0.0,131.0,123.0,126.0,3.0,1719300.0,218364900.0,132.0,90.0,128.0,23600.0,126.0,28900.0,1075027288.0,1075027288.0,274991980.0,202900.0,0.0,,0.0,0.0,0.0
2024-12-27,126.0,126.0,126.0,132.0,123.0,131.0,5.0,21263400.0,2714522000.0,137.0,93.6,131.0,3000.0,130.0,3000.0,1075027288.0,1075027288.0,274991980.0,89300.0,0.0,,0.0,0.0,0.0
2024-12-30,131.0,131.0,132.0,135.0,126.0,128.0,-3.0,1348200.0,175780900.0,221.0,91.4,132.0,700.0,128.0,146600.0,1075027288.0,1075027288.0,274991980.0,234100.0,0.0,,0.0,0.0,0.0
2025-01-02,128.0,128.0,133.0,137.0,128.0,130.0,2.0,28235600.0,3644764600.0,273.0,92.9,131.0,1200.0,130.0,152000.0,1075027288.0,1075027288.0,440008669.0,148300.0,0.0,,0.0,0.0,0.0
2025-01-03,130.0,130.0,133.0,133.0,123.0,128.0,-2.0,5779600.0,739715000.0,163.0,91.4,129.0,67500.0,125.0,14200.0,1075027288.0,1075027288.0,440008669.0,160300.0,0.0,,0.0,0.0,0.0
2025-01-06,128.0,128.0,129.0,133.0,123.0,126.0,-2.0,4498900.0,565437900.0,119.0,90.0,126.0,7800.0,125.0,38900.0,1075027288.0,1075027288.0,440008669.0,198600.0,0.0,,0.0,0.0,0.0
2025-01-07,126.0,126.0,126.0,144.0,124.0,137.0,11.0,23320000.0,2997711100.0,465.0,97.9,138.0,113800.0,137.0,374800.0,1075027288.0,1075027288.0,440008669.0,226000.0,0.0,,0.0,0.0,0.0
2025-01-08,137.0,138.0,139.0,143.0,130.0,133.0,-4.0,44397200.0,6270967100.0,729.0,95.0,133.0,109800.0,132.0,102900.0,1075027288.0,1075027288.0,440008669.0,178100.0,8300.0,,0.0,0.0,0.0
2025-01-09,133.0,133.0,133.0,137.0,133.0,134.0,1.0,2542100.0,342625000.0,125.0,95.7,134.0,312100.0,133.0,83200.0,1075027288.0,1075027288.0,440008669.0,258100.0,0.0,,0.0,0.0,0.0
2025-01-10,134.0,130.0,130.0,134.0,128.0,133.0,-1.0,1206400.0,159312100.0,112.0,95.0,135.0,14500.0,133.0,104900.0,1075027288.0,1075027288.0,440008669.0,191600.0,8500.0,,0.0,0.0,0.0
2025-01-13,133.0,134.0,134.0,143.0,130.0,137.0,4.0,43118000.0,5954986500.0,305.0,97.9,137.0,24300.0,135.0,5100.0,1075027288.0,1075027288.0,440008669.0,320000.0,8700.0,,40.0,5360.0,1.0
2025-01-14,137.0,0.0,0.0,138.0,134.0,138.0,1.0,1680100.0,226087600.0,135.0,98.6,139.0,5500.0,138.0,29500.0,1075027288.0,1075027288.0,440008669.0,259300.0,0.0,,0.0,0.0,0.0
2025-01-15,138.0,138.0,138.0,143.0,134.0,140.0,2.0,1296000.0,181263800.0,170.0,100.0,142.0,11400.0,140.0,900.0,1075027288.0,1075027288.0,440008669.0,229700.0,8700.0,,0.0,0.0,0.0
2025-01-16,140.0,140.0,142.0,146.0,135.0,144.0,4.0,52362900.0,7404019100.0,311.0,102.9,145.0,13300.0,144.0,250600.0,1075027288.0,1075027288.0,440008669.0,188200.0,0.0,,0.0,0.0,0.0
2025-01-17,144.0,144.0,145.0,145.0,142.0,143.0,-1.0,581300.0,83645800.0,82.0,102.1,144.0,1000.0,143.0,13100.0,1075027288.0,1075027288.0,440008669.0,198300.0,0.0,,0.0,0.0,0.0
2025-01-20,143.0,143.0,143.0,144.0,138.0,142.0,-1.0,611100.0,86118700.0,100.0,101.4,143.0,5000.0,140.0,35700.0,1075027288.0,1075027288.0,440008669.0,272900.0,2200.0,,0.0,0.0,0.0
2025-01-21,142.0,142.0,142.0,147.0,142.0,147.0,5.0,858200.0,124595900.0,141.0,105.0,148.0,15700.0,147.0,375500.0,1075027288.0,1075027288.0,440008669.0,246500.0,7900.0,,0.0,0.0,0.0
2025-01-22,147.0,147.0,147.0,151.0,142.0,145.0,-2.0,20991300.0,3085183200.0,183.0,103.6,147.0,3300.0,145.0,85600.0,1075027288.0,1075027288.0,440008669.0,226000.0,0.0,,0.0,0.0,0.0
2025-01-23,145.0,150.0,150.0,156.0,146.0,146.0,1.0,1510100.0,228482600.0,253.0,104.3,148.0,1400.0,146.0,46900.0,1075027288.0,1075027288.0,440008669.0,313300.0,0.0,,0.0,0.0,0.0
2025-01-24,146.0,152.0,152.0,155.0,149.0,151.0,5.0,1096900.0,165934700.0,141.0,107.9,151.0,21200.0,150.0,11700.0,1075027288.0,1075027288.0,440008669.0,215900.0,0.0,,0.0,0.0,0.0
2025-01-30,151.0,151.0,152.0,153.0,146.0,147.0,-4.0,21335400.0,3220350600.0,136.0,105.0,152.0,57900.0,147.0,70000.0,1075027288.0,1075027288.0,440008669.0,526700.0,0.0,,0.0,0.0,0.0
2025-01-31,147.0,146.0,147.0,164.0,144.0,157.0,10.0,2404500.0,364735100.0,194.0,112.1,160.0,6700.0,153.0,100000.0,1075027288.0,1075027288.0,440008669.0,520400.0,0.0,,0.0,0.0,0.0
2025-02-03,157.0,156.0,155.0,156.0,152.0,154.0,-3.0,1102200.0,169742100.0,89.0,110.0,156.0,4500.0,154.0,700.0,1075027288.0,1075027288.0,440008669.0,601000.0,0.0,,0.0,0.0,0.0
2025-02-04,154.0,153.0,152.0,162.0,152.0,154.0,0.0,1449800.0,224823800.0,161.0,110.0,154.0,30900.0,153.0,93100.0,1075027288.0,1075027288.0,440008669.0,571400.0,0.0,,0.0,0.0,0.0
2025-02-05,154.0,154.0,160.0,160.0,150.0,150.0,-4.0,18837900.0,2900725200.0,112.0,107.1,150.0,300.0,149.0,10000.0,1075027288.0,1075027288.0,440008669.0,405900.0,0.0,,0.0,0.0,0.0
2025-02-06,150.0,154.0,154.0,170.0,151.0,156.0,6.0,3531600.0,582205400.0,388.0,111.4,156.0,32500.0,155.0,100500.0,1075027288.0,1075027288.0,440008669.0,244800.0,0.0,,0.0,0.0,0.0
2025-02-07,156.0,156.0,158.0,210.0,147.0,210.0,54.0,35485400.0,6461988800.0,2451.0,150.0,0.0,0.0,210.0,78526100.0,1075027288.0,1075027288.0,440008669.0,128000.0,196300.0,,0.0,0.0,0.0
2025-02-10,210.0,228.0,228.0,228.0,193.0,214.0,4.0,52629300.0,11102546600.0,6405.0,152.9,214.0,111400.0,212.0,100500.0,1075027288.0,1075027288.0,440008669.0,1938200.0,2903400.0,,0.0,0.0,0.0
2025-02-11,214.0,212.0,210.0,216.0,204.0,214.0,0.0,12565400.0,2632164200.0,2662.0,152.9,214.0,251900.0,212.0,151100.0,1075027288.0,1075027288.0,440008669.0,28700.0,745600.0,,0.0,0.0,0.0
2025-02-12,214.0,214.0,216.0,216.0,206.0,214.0,0.0,14163200.0,2988267200.0,905.0,152.9,214.0,158800.0,212.0,60700.0,1075027288.0,1075027288.0,440008669.0,9400.0,46100.0,,0.0,0.0,0.0
2025-02-13,214.0,212.0,212.0,264.0,208.0,244.0,30.0,66485400.0,15649064800.0,13316.0,174.3,246.0,32200.0,244.0,410800.0,1075027288.0,1075027288.0,440008669.0,1794300.0,739100.0,,0.0,0.0,0.0
2025-02-14,244.0,244.0,242.0,244.0,218.0,234.0,-10.0,34510500.0,7905559800.0,4061.0,167.1,234.0,109200.0,232.0,91500.0,1075027288.0,1075027288.0,440008669.0,605300.0,256000.0,,0.0,0.0,0.0
2025-02-17,234.0,234.0,234.0,242.0,226.0,238.0,4.0,38051800.0,9004848000.0,4527.0,170.0,238.0,149500.0,236.0,102000.0,1075027288.0,1075027288.0,440008669.0,370100.0,1016800.0,,0.0,0.0,0.0
2025-02-18,238.0,238.0,238.0,240.0,232.0,238.0,0.0,25581900.0,6049992400.0,3511.0,170.0,238.0,81700.0,236.0,14500.0,1075027288.0,1075027288.0,440008669.0,251000.0,0.0,,0.0,0.0,0.0
2025-02-19,238.0,238.0,238.0,246.0,234.0,240.0,2.0,39716300.0,9580777800.0,5986.0,171.4,242.0,47700.0,240.0,114200.0,1075027288.0,1075027288.0,440008669.0,631000.0,469400.0,,0.0,0.0,0.0
2025-02-20,240.0,240.0,240.0,242.0,234.0,242.0,2.0,31893500.0,7583371000.0,5466.0,172.9,242.0,328500.0,240.0,109800.0,1075027288.0,1075027288.0,440008669.0,207700.0,169100.0,,0.0,0.0,0.0
2025-02-21,242.0,242.0,240.0,242.0,230.0,234.0,-8.0,36413500.0,8610436600.0,3341.0,167.1,234.0,436200.0,232.0,110500.0,1075027288.0,1075027288.0,440008669.0,80400.0,602200.0,,0.0,0.0,0.0
2025-02-24,234.0,234.0,232.0,234.0,222.0,230.0,-4.0,30890000.0,7076668200.0,3280.0,164.3,230.0,21600.0,228.0,50000.0,1075027288.0,1075027288.0,440008669.0,351500.0,129900.0,,0.0,0.0,0.0
2025-02-25,230.0,228.0,228.0,236.0,220.0,236.0,6.0,41234500.0,9506543200.0,2236.0,168.6,236.0,101800.0,234.0,43300.0,1075027288.0,1075027288.0,440008669.0,206500.0,915000.0,,0.0,0.0,0.0
2025-02-26,236.0,236.0,236.0,238.0,230.0,232.0,-4.0,39764200.0,9286588800.0,3147.0,165.7,232.0,735800.0,230.0,197800.0,1075027288.0,1075027288.0,440008669.0,233500.0,98900.0,,0.0,0.0,0.0
2025-02-27,232.0,232.0,232.0,252.0,230.0,244.0,12.0,41381000.0,9874325000.0,4233.0,174.3,244.0,311700.0,242.0,94800.0,1075027288.0,1075027288.0,440008669.0,175900.0,767500.0,,0.0,0.0,0.0
2025-02-28,244.0,246.0,246.0,280.0,226.0,234.0,-10.0,44376900.0,10904582600.0,4032.0,167.1,234.0,137000.0,232.0,225100.0,1075027288.0,1075027288.0,440008669.0,1384900.0,942500.0,,0.0,0.0,0.0
2025-03-03,234.0,230.0,230.0,284.0,226.0,250.0,16.0,59156200.0,14983473600.0,9720.0,178.6,250.0,305300.0,248.0,5700.0,1075027288.0,1075027288.0,440008669.0,210600.0,3133000.0,,0.0,0.0,0.0
2025-03-04,250.0,250.0,250.0,262.0,238.0,250.0,0.0,25077600.0,6335320600.0,5162.0,178.6,250.0,90300.0,248.0,198000.0,1075027288.0,1075027288.0,440008669.0,1512100.0,467300.0,,0.0,0.0,0.0
2025-03-05,250.0,250.0,250.0,280.0,246.0,276.0,26.0,43919500.0,11475718400.0,6894.0,197.1,276.0,161700.0,274.0,212200.0,1075027288.0,1075027288.0,440008669.0,776600.0,2562300.0,,0.0,0.0,0.0
2025-03-06,276.0,276.0,276.0,278.0,268.0,270.0,-6.0,20277300.0,5515478000.0,2709.0,192.9,270.0,174200.0,268.0,279400.0,1075027288.0,1075027288.0,440008669.0,977700.0,124400.0,,0.0,0.0,0.0
2025-03-07,270.0,270.0,270.0,278.0,262.0,274.0,4.0,25807200.0,7023246000.0,5500.0,195.7,274.0,48100.0,272.0,37100.0,1075027288.0,1075027288.0,440008669.0,621900.0,615300.0,,0.0,0.0,0.0
2025-03-10,274.0,274.0,274.0,278.0,264.0,268.0,-6.0,21077000.0,5726195200.0,2968.0,191.4,268.0,31500.0,266.0,200.0,1075027288.0,1075027288.0,440008669.0,1795200.0,2119800.0,,0.0,0.0,0.0
2025-03-11,268.0,266.0,266.0,300.0,256.0,272.0,4.0,57267300.0,15481987200.0,4170.0,194.3,272.0,149000.0,270.0,17100.0,1075027288.0,1075027288.0,440008669.0,3518000.0,4627800.0,,0.0,0.0,0.0
2025-03-12,272.0,270.0,270.0,270.0,244.0,256.0,-16.0,14393800.0,3715856000.0,852.0,182.9,256.0,327400.0,254.0,113200.0,1075027288.0,1075027288.0,440008669.0,2127900.0,858100.0,,0.0,0.0,0.0
2025-03-13,256.0,256.0,256.0,268.0,252.0,268.0,12.0,34694500.0,9080928000.0,5482.0,191.4,268.0,90500.0,264.0,54900.0,1075027288.0,1075027288.0,440008669.0,548400.0,2952000.0,,0.0,0.0,0.0
2025-03-14,268.0,268.0,266.0,274.0,264.0,268.0,0.0,19980600.0,5384204600.0,5899.0,191.4,268.0,379600.0,266.0,180000.0,1075027288.0,1075027288.0,440008669.0,636500.0,768900.0,,0.0,0.0,0.0
2025-03-17,268.0,268.0,266.0,294.0,266.0,292.0,24.0,79862300.0,22306942000.0,19309.0,208.6,292.0,292600.0,290.0,72600.0,1075027288.0,1075027288.0,440008669.0,3442700.0,3829000.0,,0.0,0.0,0.0
2025-03-18,292.0,292.0,292.0,292.0,222.0,256.0,-36.0,8832800.0,2381412200.0,1429.0,182.9,256.0,27000.0,254.0,11000.0,1075027288.0,1075027288.0,440008669.0,1265600.0,2393800.0,,0.0,0.0,0.0
2025-03-19,256.0,256.0,256.0,258.0,248.0,258.0,2.0,8818300.0,2252224200.0,1927.0,184.3,258.0,110600.0,256.0,63800.0,1075027288.0,1075027288.0,440008669.0,897000.0,61500.0,,0.0,0.0,0.0
2025-03-20,258.0,258.0,258.0,276.0,252.0,266.0,8.0,25564000.0,6738178400.0,2868.0,190.0,266.0,241200.0,264.0,51100.0,1075027288.0,1075027288.0,440008669.0,809500.0,3824600.0,,0.0,0.0,0.0
2025-03-21,266.0,266.0,264.0,266.0,258.0,258.0,-8.0,13306100.0,3501818000.0,2321.0,184.3,258.0,119300.0,256.0,174900.0,1075027288.0,1075027288.0,440008669.0,566500.0,363600.0,,0.0,0.0,0.0
2025-03-24,258.0,258.0,256.0,258.0,240.0,248.0,-10.0,10913800.0,2707282000.0,2490.0,177.1,248.0,56700.0,246.0,9500.0,1075027288.0,1075027288.0,440008669.0,500200.0,1433500.0,,0.0,0.0,0.0
2025-03-25,248.0,248.0,248.0,254.0,244.0,252.0,4.0,18116000.0,4536629200.0,3366.0,180.0,252.0,19700.0,250.0,32800.0,1075027288.0,1075027288.0,440008669.0,307900.0,1444200.0,,0.0,0.0,0.0
2025-03-26,252.0,252.0,252.0,258.0,250.0,254.0,2.0,15839000.0,4028772800.0,530.0,181.4,254.0,150200.0,252.0,2404600.0,1075027288.0,1075027288.0,440008669.0,389900.0,2357000.0,,0.0,0.0,0.0
2025-03-27,254.0,252.0,252.0,254.0,242.0,254.0,0.0,12248900.0,3092155000.0,1605.0,181.4,254.0,10000.0,252.0,50000.0,1075027288.0,1075027288.0,440008669.0,674800.0,136200.0,,0.0,0.0,0.0
2025-04-08,254.0,230.0,230.0,234.0,216.0,220.0,-34.0,4657400.0,1014608600.0,527.0,157.1,220.0,9600.0,216.0,9100.0,1075027288.0,1075027288.0,440008669.0,283500.0,106300.0,,0.0,0.0,0.0
2025-04-09,220.0,218.0,218.0,220.0,194.0,216.0,-4.0,24861400.0,5205086100.0,405.0,154.3,216.0,61000.0,214.0,50100.0,1075027288.0,1075027288.0,440008669.0,363200.0,359000.0,,0.0,0.0,0.0
2025-04-10,216.0,260.0,258.0,260.0,214.0,226.0,10.0,16254600.0,3664826600.0,4322.0,161.4,226.0,166500.0,224.0,10000.0,1075027288.0,1075027288.0,440008669.0,843500.0,2767600.0,,0.0,0.0,0.0
2025-04-11,226.0,224.0,222.0,244.0,220.0,236.0,10.0,24265900.0,5516260400.0,2287.0,168.6,238.0,7300.0,236.0,10000.0,1075027288.0,1075027288.0,440008669.0,833200.0,2804300.0,,0.0,0.0,0.0
2025-04-14,236.0,236.0,234.0,248.0,234.0,248.0,12.0,29917900.0,7230890800.0,3622.0,177.1,248.0,101400.0,246.0,100000.0,1075027288.0,1075027288.0,440008669.0,276500.0,4394900.0,,0.0,0.0,0.0
2025-04-15,248.0,248.0,248.0,252.0,244.0,250.0,2.0,29380400.0,7313342600.0,2967.0,178.6,252.0,75200.0,248.0,100000.0,1075027288.0,1075027288.0,440008669.0,1049200.0,738300.0,,0.0,0.0,0.0
2025-04-16,250.0,250.0,250.0,252.0,232.0,242.0,-8.0,4828200.0,1182687200.0,1099.0,172.9,242.0,114500.0,240.0,100000.0,1075027288.0,1075027288.0,440008669.0,2100600.0,486500.0,,0.0,0.0,0.0
2025-04-17,242.0,242.0,240.0,242.0,234.0,242.0,0.0,10982300.0,2649507800.0,912.0,172.9,242.0,273000.0,240.0,80000.0,1075027288.0,1075027288.0,440008669.0,640900.0,58500.0,,0.0,0.0,0.0
2025-04-21,242.0,240.0,240.0,264.0,240.0,262.0,20.0,42625300.0,10472003000.0,3913.0,187.1,264.0,23500.0,262.0,998700.0,1075027288.0,1075027288.0,440008669.0,886400.0,4225000.0,,0.0,0.0,0.0
2025-04-22,262.0,260.0,260.0,260.0,244.0,254.0,-8.0,7924300.0,1997328200.0,1919.0,181.4,254.0,35400.0,252.0,30100.0,1075027288.0,1075027288.0,440008669.0,1797700.0,390100.0,,0.0,0.0,0.0
2025-04-23,254.0,254.0,252.0,254.0,240.0,242.0,-12.0,10885100.0,2673186200.0,2670.0,172.9,242.0,61600.0,240.0,137300.0,1075027288.0,1075027288.0,440008669.0,929300.0,49000.0,,0.0,0.0,0.0
2025-04-24,242.0,242.0,240.0,286.0,232.0,278.0,36.0,81257500.0,21395994400.0,10097.0,198.6,278.0,250300.0,276.0,914600.0,1075027288.0,1075027288.0,440008669.0,9298200.0,7418500.0,,0.0,0.0,0.0
2025-04-25,278.0,278.0,276.0,278.0,268.0,278.0,0.0,18264900.0,5043562600.0,1917.0,198.6,278.0,377300.0,276.0,6500.0,1075027288.0,1075027288.0,440008669.0,746800.0,1688500.0,,0.0,0.0,0.0
2025-04-28,278.0,278.0,278.0,296.0,268.0,296.0,18.0,46051300.0,13206698600.0,9605.0,211.4,296.0,300500.0,294.0,5700.0,1075027288.0,1075027288.0,440008669.0,2604300.0,3337400.0,,0.0,0.0,0.0
2025-04-29,296.0,296.0,296.0,298.0,288.0,296.0,0.0,7108300.0,2079032400.0,1469.0,211.4,296.0,211000.0,294.0,109000.0,1075027288.0,1075027288.0,440008669.0,1108400.0,394200.0,,0.0,0.0,0.0
2025-04-30,296.0,296.0,298.0,298.0,288.0,296.0,0.0,29064500.0,8597899000.0,1865.0,211.4,296.0,137700.0,294.0,6762700.0,1075027288.0,1075027288.0,440008669.0,391900.0,621600.0,,0.0,0.0,0.0
2025-05-02,296.0,296.0,294.0,324.0,292.0,320.0,24.0,50298100.0,15572865400.0,11250.0,228.6,320.0,142400.0,318.0,25600.0,1075027288.0,1075027288.0,440008669.0,2168200.0,4005300.0,,0.0,0.0,0.0
2025-05-05,320.0,320.0,320.0,346.0,310.0,326.0,6.0,35480500.0,11515309800.0,9220.0,232.9,326.0,810000.0,324.0,24900.0,1075027288.0,1075027288.0,440008669.0,1852600.0,3363000.0,,0.0,0.0,0.0
2025-05-06,326.0,326.0,326.0,326.0,294.0,316.0,-10.0,15533400.0,4975945000.0,1878.0,225.7,316.0,10700.0,312.0,82100.0,1075027288.0,1075027288.0,440008669.0,2759500.0,433300.0,,0.0,0.0,0.0
2025-05-07,316.0,316.0,316.0,318.0,270.0,270.0,-46.0,64681100.0,18517952400.0,10201.0,192.9,270.0,565200.0,0.0,0.0,1075027288.0,1075027288.0,440008669.0,4415500.0,1057400.0,,0.0,0.0,0.0
2025-05-08,270.0,230.0,230.0,230.0,230.0,230.0,-40.0,16133000.0,3710590000.0,2176.0,164.3,230.0,2806100.0,0.0,0.0,1075027288.0,1075027288.0,440008669.0,0.0,0.0,,0.0,0.0,0.0
2025-05-09,230.0,196.0,196.0,202.0,196.0,196.0,-34.0,34471000.0,6763143300.0,6204.0,140.0,196.0,2006300.0,0.0,0.0,1075027288.0,1075027288.0,440008669.0,3162800.0,123000.0,,0.0,0.0,0.0
2025-05-14,196.0,196.0,197.0,222.0,168.0,218.0,22.0,28613300.0,5833029200.0,3732.0,155.7,218.0,64500.0,216.0,70300.0,1075027288.0,1075027288.0,440008669.0,7358600.0,7337500.0,,0.0,0.0,0.0
2025-05-15,218.0,218.0,218.0,222.0,208.0,216.0,-2.0,39557100.0,8550966000.0,1851.0,154.3,216.0,546600.0,214.0,500.0,1075027288.0,1075027288.0,440008669.0,1748900.0,2867500.0,,0.0,0.0,0.0
2025-05-16,216.0,216.0,216.0,216.0,210.0,210.0,-6.0,13633100.0,2922807400.0,1472.0,150.0,212.0,169700.0,210.0,22400.0,1075027288.0,1075027288.0,440008669.0,564900.0,1659200.0,,0.0,0.0,0.0
2025-05-19,210.0,210.0,210.0,216.0,206.0,212.0,2.0,22083300.0,4680171600.0,4653.0,151.4,212.0,156900.0,210.0,405200.0,1075027288.0,1075027288.0,440008669.0,1095600.0,3507900.0,,0.0,0.0,0.0
2025-05-20,212.0,212.0,210.0,212.0,200.0,204.0,-8.0,5653000.0,1153274600.0,1792.0,145.7,204.0,18600.0,202.0,466100.0,1075027288.0,1075027288.0,440008669.0,1162600.0,319400.0,,0.0,0.0,0.0
2025-05-21,204.0,204.0,206.0,212.0,200.0,210.0,6.0,46111700.0,9498253400.0,2889.0,150.0,210.0,136700.0,208.0,114400.0,1075027288.0,1075027288.0,440008669.0,916000.0,1813100.0,,0.0,0.0,0.0
2025-05-22,210.0,210.0,210.0,216.0,208.0,214.0,4.0,20544200.0,4368292600.0,7141.0,152.9,214.0,241600.0,212.0,45700.0,1075027288.0,1075027288.0,440008669.0,415000.0,1813200.0,,0.0,0.0,0.0
2025-05-23,214.0,214.0,214.0,214.0,202.0,202.0,-12.0,10699000.0,2224515000.0,2875.0,144.3,206.0,141400.0,202.0,44500.0,1075027288.0,1075027288.0,440008669.0,1295400.0,1623400.0,,0.0,0.0,0.0
2025-05-26,202.0,202.0,202.0,212.0,199.0,208.0,6.0,33541600.0,6898219800.0,8162.0,148.6,208.0,241000.0,206.0,566100.0,1075027288.0,1075027288.0,440008669.0,935500.0,3152600.0,,0.0,0.0,0.0
2025-05-27,208.0,208.0,208.0,210.0,204.0,204.0,-4.0,31391000.0,6527272400.0,1269.0,145.7,204.0,92400.0,202.0,493900.0,1075027288.0,1075027288.0,440008669.0,301700.0,225000.0,,0.0,0.0,0.0
2025-05-28,204.0,204.0,206.0,208.0,200.0,206.0,2.0,7600000.0,1557026600.0,3646.0,147.1,206.0,83900.0,204.0,71300.0,1075027288.0,1075027288.0,440008669.0,261400.0,700400.0,,0.0,0.0,0.0
2025-06-02,206.0,206.0,206.0,206.0,198.0,202.0,-4.0,9201400.0,1884335200.0,366.0,144.3,202.0,104300.0,200.0,20100.0,1075027288.0,1075027288.0,440008669.0,545800.0,180700.0,,0.0,0.0,0.0
2025-06-03,202.0,202.0,202.0,206.0,200.0,202.0,0.0,10771000.0,2194847400.0,2487.0,144.3,202.0,10900.0,200.0,167700.0,1075027288.0,1075027288.0,440008669.0,261200.0,610100.0,,0.0,0.0,0.0
2025-06-04,202.0,202.0,202.0,206.0,194.0,202.0,0.0,43010100.0,8738867500.0,740.0,144.3,204.0,30500.0,202.0,4916200.0,1075027288.0,1075027288.0,440008669.0,286400.0,770900.0,,0.0,0.0,0.0
2025-06-05,202.0,202.0,202.0,204.0,199.0,202.0,0.0,11258100.0,2276055600.0,2231.0,144.3,202.0,2300.0,200.0,15600.0,1075027288.0,1075027288.0,440008669.0,130700.0,126200.0,,0.0,0.0,0.0
2025-06-10,202.0,202.0,202.0,204.0,198.0,202.0,0.0,7887400.0,1590372500.0,2802.0,144.3,202.0,100300.0,200.0,163600.0,1075027288.0,1075027288.0,440008669.0,202000.0,154300.0,,0.0,0.0,0.0
2025-06-11,202.0,202.0,202.0,204.0,200.0,202.0,0.0,8009100.0,1620502400.0,2991.0,144.3,202.0,41500.0,200.0,48100.0,1075027288.0,1075027288.0,440008669.0,375500.0,492500.0,,0.0,0.0,0.0
2025-06-12,202.0,202.0,202.0,204.0,200.0,202.0,0.0,39993600.0,8078461600.0,1624.0,144.3,202.0,82200.0,200.0,50000.0,1075027288.0,1075027288.0,440008669.0,304800.0,71700.0,,0.0,0.0,0.0
2025-06-13,202.0,202.0,200.0,204.0,199.0,204.0,2.0,5156700.0,1039549600.0,1717.0,145.7,204.0,241200.0,200.0,11000.0,1075027288.0,1075027288.0,440008669.0,382300.0,764400.0,,0.0,0.0,0.0
2025-06-16,204.0,204.0,204.0,204.0,194.0,195.0,-9.0,6195500.0,1231881000.0,1489.0,139.3,196.0,65800.0,195.0,234300.0,1075027288.0,1075027288.0,440008669.0,824700.0,179800.0,,0.0,0.0,0.0
2025-06-17,195.0,195.0,195.0,196.0,185.0,186.0,-9.0,17182000.0,3334390900.0,383.0,132.9,190.0,600.0,186.0,10000.0,1075027288.0,1075027288.0,440008669.0,505200.0,814300.0,,0.0,0.0,0.0
2025-06-18,186.0,186.0,186.0,191.0,181.0,185.0,-1.0,27488300.0,5115472100.0,321.0,132.1,187.0,2100.0,185.0,31700.0,1075027288.0,1075027288.0,440008669.0,505300.0,772700.0,,0.0,0.0,0.0
2025-06-19,185.0,185.0,185.0,185.0,171.0,179.0,-6.0,1538900.0,272529400.0,213.0,127.9,179.0,56200.0,176.0,316900.0,1075027288.0,1075027288.0,440008669.0,529500.0,533600.0,,0.0,0.0,0.0
2025-06-20,179.0,179.0,179.0,181.0,174.0,175.0,-4.0,7977000.0,1427157200.0,140.0,125.0,178.0,147800.0,175.0,62100.0,1075027288.0,1075027288.0,440008669.0,346200.0,338700.0,,0.0,0.0,0.0
2025-06-23,175.0,175.0,171.0,175.0,165.0,170.0,-5.0,1311800.0,222285400.0,147.0,121.4,171.0,2300.0,167.0,5300.0,1075027288.0,1075027288.0,440008669.0,590600.0,362900.0,,0.0,0.0,0.0
2025-06-24,170.0,171.0,171.0,175.0,170.0,172.0,2.0,29602200.0,5063905100.0,169.0,122.9,172.0,65000.0,170.0,14300.0,1075027288.0,1075027288.0,440008669.0,450900.0,8972300.0,,0.0,0.0,0.0
2025-06-25,172.0,172.0,172.0,172.0,165.0,171.0,-1.0,764000.0,129204700.0,158.0,122.1,171.0,103400.0,165.0,154500.0,1075027288.0,1075027288.0,440008669.0,391300.0,160600.0,,0.0,0.0,0.0
2025-06-26,171.0,171.0,171.0,173.0,170.0,170.0,-1.0,7719000.0,1327428200.0,93.0,121.4,171.0,44200.0,170.0,18200.0,1075027288.0,1075027288.0,440008669.0,73700.0,233600.0,,0.0,0.0,0.0
2025-06-30,170.0,170.0,170.0,171.0,167.0,171.0,1.0,416200.0,70436800.0,54.0,122.1,171.0,167500.0,170.0,100.0,1075027288.0,1075027288.0,440008669.0,106400.0,114200.0,,0.0,0.0,0.0
2025-07-01,171.0,171.0,171.0,172.0,168.0,171.0,0.0,21156400.0,3616903800.0,173.0,122.1,171.0,18600.0,169.0,114900.0,1075027288.0,1075027288.0,440008669.0,446100.0,178200.0,,0.0,0.0,0.0
2025-07-02,171.0,171.0,170.0,173.0,167.0,170.0,-1.0,1415200.0,240806200.0,131.0,121.4,170.0,7200.0,169.0,18100.0,1075027288.0,1075027288.0,440008669.0,660800.0,10800.0,,0.0,0.0,0.0
2025-07-03,170.0,170.0,170.0,170.0,166.0,169.0,-1.0,8310700.0,1410309700.0,186.0,120.7,169.0,20800.0,167.0,7500.0,1075027288.0,1075027288.0,440008669.0,446700.0,56300.0,,0.0,0.0,0.0
2025-07-04,169.0,0.0,0.0,168.0,161.0,165.0,-4.0,1517000.0,249248600.0,363.0,117.9,166.0,1200.0,165.0,53900.0,1075027288.0,1075027288.0,440008669.0,520100.0,207300.0,,0.0,0.0,0.0
2025-07-07,165.0,164.0,164.0,166.0,161.0,165.0,0.0,304600.0,49418600.0,74.0,117.9,166.0,50200.0,165.0,2100.0,1075027288.0,1075027288.0,440008669.0,116900.0,107000.0,,0.0,0.0,0.0
2025-07-08,165.0,0.0,0.0,166.0,162.0,165.0,0.0,306200.0,49877100.0,47.0,117.9,165.0,68100.0,163.0,3700.0,1075027288.0,1075027288.0,440008669.0,121300.0,135800.0,,0.0,0.0,0.0
2025-07-09,165.0,0.0,0.0,169.0,161.0,169.0,4.0,555400.0,90807800.0,122.0,120.7,170.0,2900.0,169.0,16900.0,1075027288.0,1075027288.0,440008669.0,224400.0,125800.0,,0.0,0.0,0.0
2025-07-10,169.0,169.0,165.0,170.0,161.0,168.0,-1.0,578400.0,95717100.0,131.0,120.0,168.0,11700.0,166.0,186300.0,1075027288.0,1075027288.0,440008669.0,268300.0,7900.0,,0.0,0.0,0.0
2025-07-11,168.0,0.0,0.0,170.0,160.0,162.0,-6.0,14919700.0,2517761700.0,309.0,115.7,169.0,36500.0,162.0,87500.0,1075027288.0,1075027288.0,440008669.0,677500.0,36300.0,,0.0,0.0,0.0
2025-07-14,162.0,162.0,169.0,169.0,157.0,162.0,0.0,722900.0,116087900.0,273.0,115.7,163.0,11500.0,160.0,100.0,1075027288.0,1075027288.0,440008669.0,452300.0,14700.0,,0.0,0.0,0.0
2025-07-15,162.0,162.0,162.0,162.0,154.0,158.0,-4.0,393800.0,62080600.0,201.0,112.9,158.0,3100.0,156.0,1100.0,1075027288.0,1075027288.0,440008669.0,130600.0,1700.0,,0.0,0.0,0.0
2025-07-16,158.0,162.0,162.0,164.0,150.0,157.0,-1.0,740200.0,116218200.0,383.0,112.1,158.0,36100.0,157.0,3800.0,1075027288.0,1075027288.0,440008669.0,167700.0,10600.0,,0.0,0.0,0.0
2025-07-17,157.0,157.0,156.0,159.0,150.0,157.0,0.0,611400.0,94070700.0,298.0,112.1,157.0,23100.0,156.0,5000.0,1075027288.0,1075027288.0,440008669.0,192800.0,68800.0,,0.0,0.0,0.0
2025-07-18,157.0,157.0,157.0,157.0,150.0,153.0,-4.0,634000.0,97022200.0,171.0,109.3,153.0,5500.0,151.0,3400.0,1075027288.0,1075027288.0,440008669.0,144100.0,171700.0,,0.0,0.0,0.0
2025-07-21,153.0,153.0,152.0,153.0,145.0,147.0,-6.0,857800.0,125850100.0,285.0,105.0,148.0,20000.0,147.0,3100.0,1075027288.0,1075027288.0,440008669.0,331800.0,186400.0,,0.0,0.0,0.0
2025-07-22,147.0,146.0,146.0,148.0,141.0,145.0,-2.0,494500.0,71413300.0,257.0,103.6,145.0,83400.0,143.0,300.0,1075027288.0,1075027288.0,440008669.0,260100.0,1400.0,,0.0,0.0,0.0
2025-07-23,145.0,145.0,145.0,145.0,139.0,144.0,-1.0,714600.0,100903200.0,223.0,102.9,144.0,99100.0,143.0,2000.0,1075027288.0,1075027288.0,440008669.0,202000.0,2500.0,,0.0,0.0,0.0
2025-07-24,144.0,140.0,140.0,143.0,137.0,140.0,-4.0,396500.0,55107500.0,213.0,100.0,140.0,2000.0,139.0,10000.0,1075027288.0,1075027288.0,440008669.0,122000.0,3900.0,,0.0,0.0,0.0
2025-07-25,140.0,140.0,140.0,143.0,135.0,139.0,-1.0,422500.0,58360600.0,186.0,99.3,140.0,3600.0,138.0,100.0,1075027288.0,1075027288.0,440008669.0,92300.0,4500.0,,0.0,0.0,0.0
2025-07-28,139.0,139.0,138.0,139.0,130.0,132.0,-7.0,984000.0,130408000.0,416.0,94.3,132.0,17700.0,131.0,70400.0,1075027288.0,1075027288.0,440008669.0,277400.0,18400.0,,0.0,0.0,0.0
2025-07-29,132.0,135.0,135.0,138.0,133.0,135.0,3.0,613000.0,82981100.0,267.0,96.4,135.0,25300.0,134.0,5000.0,1075027288.0,1075027288.0,440008669.0,161300.0,8400.0,,0.0,0.0,0.0
2025-07-30,135.0,132.0,132.0,182.0,131.0,149.0,14.0,16140200.0,2624145000.0,3367.0,106.4,150.0,5000.0,149.0,224000.0,1075027288.0,1075027288.0,440008669.0,2961400.0,60100.0,,0.0,0.0,0.0
2025-07-31,149.0,151.0,152.0,195.0,135.0,140.0,-9.0,187267700.0,29168559700.0,9391.0,100.0,140.0,30900.0,139.0,44500.0,1075027288.0,1075027288.0,440008669.0,12603100.0,1186500.0,,0.0,0.0,0.0
2025-08-01,140.0,146.0,146.0,146.0,136.0,138.0,-2.0,6930400.0,970520900.0,1062.0,98.6,138.0,147700.0,137.0,124200.0,1075027288.0,1075027288.0,440008669.0,1095900.0,15100.0,,0.0,0.0,0.0
2025-08-04,138.0,138.0,138.0,186.0,131.0,186.0,48.0,106478400.0,15765634400.0,3890.0,132.9,0.0,0.0,186.0,1094500.0,1075027288.0,1075027288.0,440008669.0,938400.0,128900.0,,0.0,0.0,0.0
2025-08-05,186.0,200.0,202.0,230.0,186.0,186.0,0.0,65693700.0,13316485600.0,5840.0,132.9,186.0,806300.0,185.0,7400.0,1075027288.0,1075027288.0,440008669.0,3981200.0,2625800.0,,97176400.0,15451047600.0,3.0
2025-08-06,186.0,204.0,204.0,204.0,186.0,198.0,12.0,116937000.0,22357243600.0,2112.0,141.4,198.0,533600.0,197.0,166600.0,1075027288.0,1075027288.0,440008669.0,1981500.0,4855800.0,,0.0,0.0,0.0
2025-08-07,198.0,210.0,210.0,262.0,198.0,236.0,38.0,74671400.0,17533113000.0,8973.0,168.6,236.0,442500.0,234.0,121300.0,1075027288.0,1075027288.0,440008669.0,11149500.0,9934000.0,,180000000.0,9000000000.0,3.0
2025-08-08,236.0,250.0,252.0,294.0,202.0,294.0,58.0,217938500.0,57760922600.0,11797.0,210.0,0.0,0.0,294.0,158460100.0,1075027288.0,1075027288.0,440008669.0,13681000.0,17645200.0,,0.0,0.0,0.0
2025-08-11,294.0,332.0,334.0,358.0,250.0,250.0,-44.0,138998800.0,38000929600.0,12328.0,178.6,250.0,18783200.0,0.0,0.0,1075027288.0,1075027288.0,440008669.0,12486400.0,2455900.0,,0.0,0.0,0.0
2025-08-12,250.0,222.0,226.0,246.0,222.0,226.0,-24.0,73513300.0,17039560800.0,8669.0,161.4,228.0,42200.0,226.0,374600.0,1075027288.0,1075027288.0,440008669.0,10994800.0,6305100.0,,0.0,0.0,0.0
2025-08-13,226.0,234.0,234.0,236.0,226.0,226.0,0.0,22126400.0,5108971600.0,3034.0,161.4,228.0,147500.0,226.0,2238800.0,1075027288.0,1075027288.0,440008669.0,3053600.0,2309700.0,,0.0,0.0,0.0
2025-08-14,226.0,230.0,230.0,236.0,218.0,232.0,6.0,29687600.0,6783347800.0,3334.0,165.7,232.0,1046400.0,230.0,514000.0,1075027288.0,1075027288.0,440008669.0,1137200.0,1344900.0,,0.0,0.0,0.0
2025-08-15,232.0,234.0,234.0,234.0,222.0,222.0,-10.0,10135000.0,2297079200.0,1513.0,158.6,224.0,100800.0,222.0,88900.0,1075027288.0,1075027288.0,440008669.0,484500.0,201200.0,,0.0,0.0,0.0
2025-08-19,222.0,226.0,228.0,230.0,222.0,226.0,4.0,7512400.0,1697776600.0,1102.0,161.4,226.0,235600.0,224.0,364200.0,1075027288.0,1075027288.0,440008669.0,100400.0,785600.0,,0.0,0.0,0.0
2025-08-20,226.0,226.0,226.0,268.0,222.0,250.0,24.0,122047700.0,30781419000.0,11382.0,178.6,252.0,33400.0,250.0,107400.0,1075027288.0,1075027288.0,440008669.0,13648800.0,14479500.0,,0.0,0.0,0.0
2025-08-21,250.0,250.0,250.0,260.0,234.0,244.0,-6.0,51499700.0,12829193400.0,5901.0,174.3,246.0,22200.0,244.0,297400.0,1075027288.0,1075027288.0,440008669.0,4518500.0,4281700.0,,0.0,0.0,0.0
2025-08-22,244.0,244.0,248.0,248.0,236.0,236.0,-8.0,17558700.0,4233191000.0,1791.0,168.6,236.0,165300.0,234.0,456300.0,1075027288.0,1075027288.0,440008669.0,1041000.0,541800.0,,0.0,0.0,0.0
2025-08-25,236.0,236.0,236.0,254.0,230.0,252.0,16.0,40060400.0,9819099600.0,3242.0,180.0,252.0,169600.0,250.0,135200.0,1075027288.0,1075027288.0,440008669.0,3723800.0,7132000.0,,0.0,0.0,0.0
2025-08-26,252.0,254.0,252.0,314.0,246.0,260.0,8.0,267909700.0,77501926600.0,18853.0,185.7,262.0,193000.0,260.0,102100.0,1075027288.0,1075027288.0,440008669.0,19619700.0,21888600.0,,0.0,0.0,0.0
2025-08-27,260.0,260.0,260.0,290.0,256.0,276.0,16.0,83707300.0,22990147400.0,7875.0,197.1,276.0,1423100.0,274.0,142400.0,1075027288.0,1075027288.0,440008669.0,11059200.0,9456800.0,,0.0,0.0,0.0
2025-08-28,276.0,280.0,278.0,290.0,268.0,268.0,-8.0,46270600.0,12928262200.0,3606.0,191.4,270.0,339100.0,268.0,178700.0,1075027288.0,1075027288.0,440008669.0,7393000.0,5896400.0,,0.0,0.0,0.0
2025-08-29,268.0,266.0,266.0,288.0,250.0,268.0,0.0,42902600.0,11475484000.0,3745.0,191.4,270.0,13500.0,268.0,100.0,1075027288.0,1075027288.0,440008669.0,6602100.0,6636200.0,,0.0,0.0,0.0
2025-09-01,268.0,240.0,240.0,272.0,240.0,256.0,-12.0,23158000.0,5993701600.0,1950.0,182.9,258.0,110000.0,256.0,388700.0,1075027288.0,1075027288.0,440008669.0,3089100.0,4523200.0,,0.0,0.0,0.0
2025-09-02,256.0,266.0,264.0,274.0,260.0,264.0,8.0,17294600.0,4623507000.0,1434.0,188.6,266.0,239000.0,264.0,675000.0,1075027288.0,1075027288.0,440008669.0,3392700.0,2012100.0,,0.0,0.0,0.0
2025-09-03,264.0,268.0,268.0,270.0,256.0,260.0,-4.0,7372700.0,1933222600.0,1106.0,185.7,262.0,129800.0,260.0,480300.0,1075027288.0,1075027288.0,440008669.0,2185000.0,551900.0,,0.0,0.0,0.0
2025-09-04,260.0,262.0,262.0,296.0,258.0,286.0,26.0,49440200.0,13828929400.0,3499.0,204.3,288.0,288200.0,286.0,28200.0,1075027288.0,1075027288.0,440008669.0,2989800.0,3094900.0,,0.0,0.0,0.0
2025-09-08,286.0,310.0,312.0,350.0,298.0,314.0,28.0,266904100.0,85780833000.0,19770.0,224.3,316.0,262300.0,314.0,1280400.0,1075027288.0,1075027288.0,440008669.0,32895500.0,43560800.0,,0.0,0.0,0.0
2025-09-09,314.0,316.0,318.0,380.0,310.0,348.0,34.0,122809600.0,42135381400.0,10015.0,248.6,348.0,416300.0,346.0,196600.0,1075027288.0,1075027288.0,440008669.0,20983700.0,26046300.0,,0.0,0.0,0.0
2025-09-10,348.0,354.0,356.0,382.0,350.0,360.0,12.0,68479000.0,25189464600.0,6959.0,257.1,362.0,114000.0,360.0,420000.0,1075027288.0,1075027288.0,440008669.0,15597200.0,9856100.0,,0.0,0.0,0.0
2025-09-11,360.0,366.0,368.0,450.0,366.0,422.0,62.0,149897700.0,62585999600.0,16254.0,301.4,424.0,317300.0,422.0,213200.0,1075027288.0,1075027288.0,440008669.0,15927400.0,29983900.0,,0.0,0.0,0.0
2025-09-12,422.0,0.0,0.0,0.0,0.0,422.0,0.0,0.0,0.0,0.0,301.4,0.0,0.0,0.0,0.0,1075027288.0,1075027288.0,440008669.0,0.0,0.0,,0.0,0.0,0.0
2025-09-15,422.0,426.0,428.0,428.0,370.0,396.0,-26.0,43820000.0,17773543400.0,5374.0,282.9,398.0,187300.0,396.0,102100.0,1075027288.0,1075027288.0,440008669.0,10534700.0,3610200.0,,0.0,0.0,0.0
2025-09-16,396.0,402.0,402.0,402.0,360.0,370.0,-26.0,46121700.0,17157558800.0,4985.0,264.3,370.0,55000.0,368.0,695700.0,1075027288.0,1075027288.0,440008669.0,7939700.0,5074900.0,,0.0,0.0,0.0
2025-09-17,370.0,370.0,370.0,398.0,354.0,354.0,-16.0,40865000.0,15417013000.0,4779.0,252.9,354.0,468100.0,352.0,167700.0,1075027288.0,1075027288.0,440008669.0,10596400.0,3491600.0,,0.0,0.0,0.0
2025-09-18,354.0,356.0,358.0,370.0,324.0,344.0,-10.0,43191300.0,14891565600.0,4836.0,245.7,344.0,99300.0,342.0,242200.0,1075027288.0,1075027288.0,440008669.0,7741200.0,10572600.0,,0.0,0.0,0.0
2025-09-19,344.0,342.0,340.0,350.0,326.0,334.0,-10.0,20048200.0,6676698200.0,2191.0,238.6,336.0,421200.0,334.0,74300.0,1075027288.0,1075027288.0,440008669.0,2427700.0,4090700.0,,0.0,0.0,0.0
2025-09-22,334.0,336.0,338.0,388.0,316.0,352.0,18.0,60360300.0,21356832400.0,6793.0,251.4,354.0,26100.0,352.0,77100.0,1075027288.0,1075027288.0,440008669.0,12707900.0,8225900.0,,0.0,0.0,0.0
2025-09-23,352.0,356.0,356.0,360.0,344.0,356.0,4.0,16108700.0,5662206200.0,1838.0,254.3,356.0,206300.0,354.0,309700.0,1075027288.0,1075027288.0,440008669.0,3863800.0,3004200.0,,0.0,0.0,0.0
2025-09-24,356.0,358.0,358.0,370.0,342.0,348.0,-8.0,17109200.0,6090396600.0,1649.0,248.6,348.0,26700.0,344.0,107700.0,1075027288.0,1075027288.0,440008669.0,5832000.0,1466800.0,,0.0,0.0,0.0
2025-09-25,348.0,348.0,348.0,378.0,344.0,362.0,14.0,23897200.0,8630891800.0,2885.0,258.6,362.0,1212600.0,358.0,20300.0,1075027288.0,1075027288.0,440008669.0,3831000.0,3047600.0,,0.0,0.0,0.0
2025-09-26,362.0,362.0,364.0,364.0,352.0,354.0,-8.0,11727600.0,4181668400.0,1196.0,252.9,356.0,40000.0,354.0,307400.0,1075027288.0,1075027288.0,440008669.0,3059700.0,982600.0,,0.0,0.0,0.0
2025-09-29,354.0,360.0,360.0,372.0,358.0,360.0,6.0,15699600.0,5676564400.0,1380.0,257.1,362.0,348100.0,360.0,216800.0,1075027288.0,1075027288.0,440008669.0,926100.0,4888200.0,,0.0,0.0,0.0
2025-09-30,360.0,366.0,366.0,378.0,362.0,366.0,6.0,17606500.0,6476154200.0,1523.0,261.4,368.0,249900.0,366.0,832500.0,1075027288.0,1075027288.0,440008669.0,2184100.0,5367400.0,,0.0,0.0,0.0
2025-10-01,366.0,374.0,376.0,378.0,360.0,376.0,10.0,12211000.0,4499842400.0,1473.0,268.6,378.0,367900.0,376.0,14100.0,1075027288.0,1075027288.0,230593353.0,1917000.0,3437500.0,,0.0,0.0,0.0
2025-10-02,376.0,376.0,376.0,426.0,376.0,394.0,18.0,55667100.0,22034564200.0,5982.0,281.4,394.0,471200.0,392.0,49100.0,1075027288.0,1075027288.0,230593353.0,6096200.0,10061200.0,,0.0,0.0,0.0
2025-10-03,394.0,394.0,394.0,394.0,360.0,370.0,-24.0,20763400.0,7737330600.0,2451.0,264.3,370.0,584300.0,368.0,170500.0,1075027288.0,1075027288.0,230593353.0,7253800.0,672200.0,,0.0,0.0,0.0
2025-10-06,370.0,370.0,368.0,370.0,326.0,346.0,-24.0,47221900.0,15959259800.0,4788.0,247.1,346.0,195400.0,344.0,30000.0,1075027288.0,1075027288.0,230593353.0,9733200.0,3544800.0,,0.0,0.0,0.0
2025-10-07,346.0,344.0,344.0,358.0,338.0,344.0,-2.0,10641200.0,3715116600.0,1330.0,245.7,344.0,87900.0,342.0,118500.0,1075027288.0,1075027288.0,230593353.0,1168200.0,2904200.0,,100.0,34000.0,1.0
2025-10-08,344.0,348.0,348.0,376.0,338.0,370.0,26.0,27205100.0,9744704400.0,2968.0,264.3,372.0,234700.0,370.0,932400.0,1075027288.0,1075027288.0,230593353.0,2825600.0,6382200.0,,0.0,0.0,0.0
2025-10-09,370.0,378.0,378.0,450.0,358.0,430.0,60.0,162569300.0,67719824600.0,18240.0,307.1,432.0,399700.0,430.0,11326600.0,1075027288.0,1075027288.0,230593353.0,19018100.0,20821300.0,,0.0,0.0,0.0
2025-10-10,430.0,430.0,430.0,520.0,410.0,510.0,80.0,203655000.0,97437080100.0,26072.0,364.3,515.0,1125600.0,510.0,5829500.0,1075027288.0,1075027288.0,230593353.0,26242300.0,28941800.0,,0.0,0.0,0.0
2025-10-13,510.0,510.0,515.0,580.0,434.0,434.0,-76.0,195843600.0,96789234800.0,20854.0,310.0,434.0,2368100.0,0.0,0.0,1075027288.0,1075027288.0,230593353.0,28853600.0,26226800.0,,6000.0,3000000.0,1.0
2025-10-14,434.0,432.0,430.0,434.0,380.0,412.0,-22.0,56747600.0,23319687200.0,7198.0,294.3,412.0,1107900.0,410.0,81100.0,1075027288.0,1075027288.0,230593353.0,7002300.0,15248600.0,,0.0,0.0,0.0
2025-10-15,412.0,414.0,416.0,448.0,406.0,424.0,12.0,43726400.0,18614166800.0,6679.0,302.9,424.0,1065000.0,422.0,80200.0,1075027288.0,1075027288.0,230593353.0,8576800.0,3927800.0,,0.0,0.0,0.0
2025-10-16,424.0,424.0,424.0,454.0,414.0,424.0,0.0,40582000.0,17677340200.0,6168.0,302.9,424.0,247900.0,422.0,277700.0,1075027288.0,1075027288.0,230593353.0,5554600.0,2580600.0,,0.0,0.0,0.0
2025-10-17,424.0,426.0,426.0,426.0,368.0,406.0,-18.0,30271600.0,12129958400.0,4094.0,290.0,406.0,371700.0,404.0,22900.0,1075027288.0,1075027288.0,230593353.0,4755200.0,1705200.0,,0.0,0.0,0.0
2025-10-20,406.0,406.0,404.0,434.0,400.0,414.0,8.0,17537900.0,7342123800.0,2596.0,295.7,416.0,11100.0,414.0,297800.0,1075027288.0,1075027288.0,230593353.0,1575900.0,3290900.0,,0.0,0.0,0.0
2025-10-21,414.0,418.0,418.0,422.0,400.0,400.0,-14.0,13110300.0,5317349200.0,1956.0,285.7,402.0,2700.0,400.0,694300.0,1075027288.0,1075027288.0,230593353.0,602000.0,2616400.0,,0.0,0.0,0.0
2025-10-22,400.0,400.0,400.0,404.0,380.0,392.0,-8.0,9307200.0,3649902200.0,1873.0,280.0,396.0,52100.0,392.0,123000.0,1075027288.0,1075027288.0,230593353.0,1031800.0,1024700.0,,0.0,0.0,0.0
2025-10-23,392.0,392.0,394.0,396.0,378.0,380.0,-12.0,9058700.0,3484731400.0,1630.0,271.4,382.0,405400.0,380.0,561800.0,1075027288.0,1075027288.0,230593353.0,1099900.0,1296800.0,,0.0,0.0,0.0
2025-10-24,380.0,380.0,378.0,384.0,368.0,372.0,-8.0,8970400.0,3351025800.0,1432.0,265.7,372.0,197000.0,370.0,49100.0,1075027288.0,1075027288.0,230593353.0,1540000.0,2405400.0,,0.0,0.0,0.0
2025-10-27,372.0,372.0,372.0,376.0,344.0,362.0,-10.0,13684300.0,4839644400.0,1857.0,258.6,362.0,146800.0,360.0,1500.0,1075027288.0,1075027288.0,230593353.0,1464500.0,4375100.0,,0.0,0.0,0.0
2025-10-28,362.0,364.0,364.0,378.0,342.0,360.0,-2.0,16134600.0,5764261400.0,2086.0,257.1,362.0,400.0,360.0,24300.0,1075027288.0,1075027288.0,230593353.0,3224800.0,1865700.0,,0.0,0.0,0.0
2025-10-29,360.0,364.0,362.0,364.0,342.0,350.0,-10.0,12541600.0,4371004800.0,2101.0,250.0,352.0,23200.0,350.0,72200.0,1075027288.0,1075027288.0,230593353.0,2040700.0,2194800.0,,0.0,0.0,0.0
2025-10-30,350.0,358.0,358.0,364.0,346.0,354.0,4.0,8466600.0,2987548800.0,1252.0,252.9,356.0,144900.0,354.0,218900.0,1075027288.0,1075027288.0,230593353.0,1754800.0,745700.0,,0.0,0.0,0.0
2025-10-31,354.0,354.0,356.0,364.0,354.0,354.0,0.0,6031400.0,2160947000.0,955.0,252.9,356.0,46100.0,354.0,5100.0,1075027288.0,1075027288.0,230593353.0,1343900.0,1533700.0,,0.0,0.0,0.0
2025-11-04,348.0,350.0,352.0,352.0,340.0,340.0,-8.0,5365900.0,1840056200.0,831.0,242.9,342.0,6700.0,340.0,82600.0,1075027288.0,1075027288.0,230593353.0,1100700.0,304500.0,,0.0,0.0,0.0
2025-11-05,340.0,340.0,338.0,340.0,324.0,326.0,-14.0,11887300.0,3930821000.0,1240.0,232.9,326.0,337300.0,324.0,24700.0,1075027288.0,1075027288.0,230593353.0,1392600.0,1824800.0,,0.0,0.0,0.0
2025-11-06,326.0,328.0,328.0,330.0,320.0,330.0,4.0,4150800.0,1349214200.0,798.0,235.7,332.0,11400.0,330.0,245000.0,1075027288.0,1075027288.0,230593353.0,276300.0,774200.0,,0.0,0.0,0.0
2025-11-07,330.0,330.0,332.0,338.0,322.0,326.0,-4.0,5361200.0,1769978800.0,991.0,232.9,326.0,430100.0,324.0,155900.0,1075027288.0,1075027288.0,230593353.0,914600.0,798600.0,,0.0,0.0,0.0
2025-11-10,326.0,330.0,328.0,334.0,318.0,326.0,0.0,4000100.0,1309969600.0,724.0,232.9,328.0,44800.0,326.0,53600.0,1075027288.0,1075027288.0,230593353.0,281800.0,1225200.0,,0.0,0.0,0.0
2025-11-11,326.0,330.0,332.0,342.0,326.0,336.0,10.0,6543000.0,2182843000.0,1229.0,240.0,336.0,126500.0,334.0,124600.0,1075027288.0,1075027288.0,230593353.0,1131200.0,1385600.0,,0.0,0.0,0.0
2025-11-12,336.0,336.0,338.0,378.0,330.0,354.0,18.0,26271200.0,9393364000.0,4854.0,252.9,356.0,69500.0,354.0,321900.0,1075027288.0,1075027288.0,230593353.0,4820100.0,2244500.0,,0.0,0.0,0.0
2025-11-13,354.0,354.0,354.0,386.0,348.0,366.0,12.0,28224900.0,10429979400.0,4555.0,261.4,368.0,114100.0,366.0,159600.0,1075027288.0,1075027288.0,230593353.0,4473200.0,1779900.0,,0.0,0.0,0.0
2025-11-14,366.0,378.0,376.0,380.0,344.0,356.0,-10.0,10367300.0,3770161800.0,1866.0,254.3,356.0,5900.0,354.0,7000.0,1075027288.0,1075027288.0,230593353.0,1604900.0,138800.0,,0.0,0.0,0.0
2025-11-17,356.0,356.0,356.0,360.0,340.0,344.0,-12.0,6336000.0,2196851600.0,1163.0,245.7,350.0,2000.0,344.0,38500.0,1075027288.0,1075027288.0,230593353.0,489100.0,755700.0,,0.0,0.0,0.0
2025-11-18,344.0,350.0,350.0,350.0,336.0,336.0,-8.0,5126200.0,1741011200.0,827.0,240.0,340.0,4900.0,336.0,95900.0,1075027288.0,1075027288.0,230593353.0,764200.0,507000.0,,0.0,0.0,0.0
2025-11-19,336.0,336.0,336.0,346.0,336.0,342.0,6.0,2389700.0,811928000.0,514.0,244.3,344.0,126200.0,340.0,67100.0,1075027288.0,1075027288.0,230593353.0,309000.0,535000.0,,0.0,0.0,0.0
2025-11-20,342.0,342.0,342.0,346.0,336.0,336.0,-6.0,2306400.0,780545600.0,571.0,240.0,338.0,20000.0,336.0,408900.0,1075027288.0,1075027288.0,230593353.0,249400.0,86600.0,,0.0,0.0,0.0
2025-11-21,336.0,338.0,338.0,352.0,334.0,340.0,4.0,4412300.0,1514197600.0,722.0,242.9,342.0,51800.0,340.0,209900.0,1075027288.0,1075027288.0,230593353.0,495900.0,495800.0,,0.0,0.0,0.0
2025-11-24,340.0,350.0,350.0,358.0,336.0,336.0,-4.0,6283300.0,2167883600.0,1300.0,240.0,340.0,10500.0,336.0,86600.0,1075027288.0,1075027288.0,230593353.0,694800.0,533000.0,,0.0,0.0,0.0
2025-11-25,336.0,340.0,338.0,340.0,334.0,338.0,2.0,2761600.0,929226600.0,672.0,241.4,338.0,39400.0,336.0,26000.0,1075027288.0,1075027288.0,230593353.0,97900.0,128100.0,,0.0,0.0,0.0
2025-11-26,338.0,336.0,336.0,340.0,328.0,330.0,-8.0,6582500.0,2185505000.0,1056.0,235.7,330.0,14000.0,328.0,330900.0,1075027288.0,1075027288.0,230593353.0,359000.0,317700.0,,0.0,0.0,0.0
2025-11-27,330.0,330.0,330.0,332.0,310.0,312.0,-18.0,12615100.0,4032543400.0,1607.0,222.9,314.0,28500.0,312.0,77600.0,1075027288.0,1075027288.0,230593353.0,835900.0,427600.0,,0.0,0.0,0.0
2025-11-28,312.0,312.0,310.0,318.0,300.0,310.0,-2.0,8838700.0,2713463000.0,1223.0,221.4,312.0,3100.0,310.0,356500.0,1075027288.0,1075027288.0,230593353.0,547000.0,2004200.0,,0.0,0.0,0.0
2025-12-01,310.0,312.0,312.0,312.0,294.0,300.0,-10.0,11084800.0,3344309400.0,1199.0,214.3,302.0,14700.0,300.0,43900.0,1075027288.0,1075027288.0,230593353.0,785700.0,1498200.0,,0.0,0.0,0.0
2025-12-02,300.0,300.0,300.0,310.0,300.0,308.0,8.0,3269400.0,998942800.0,517.0,220.0,308.0,88000.0,306.0,21200.0,1075027288.0,1075027288.0,230593353.0,425300.0,306800.0,,0.0,0.0,0.0
2025-12-03,308.0,310.0,312.0,322.0,304.0,312.0,4.0,6800200.0,2142630400.0,830.0,222.9,312.0,87900.0,310.0,43900.0,1075027288.0,1075027288.0,230593353.0,1611300.0,626500.0,,0.0,0.0,0.0
2025-12-04,312.0,312.0,314.0,318.0,308.0,310.0,-2.0,3104200.0,966962200.0,439.0,221.4,312.0,114500.0,310.0,278200.0,1075027288.0,1075027288.0,230593353.0,325800.0,564300.0,,0.0,0.0,0.0
2025-12-05,310.0,310.0,312.0,316.0,306.0,312.0,2.0,1762800.0,547372400.0,439.0,222.9,312.0,117700.0,308.0,134000.0,1075027288.0,1075027288.0,230593353.0,145600.0,87800.0,,0.0,0.0,0.0
2025-12-08,312.0,316.0,318.0,334.0,316.0,320.0,8.0,9737100.0,3168970600.0,1789.0,228.6,320.0,25700.0,318.0,724100.0,1075027288.0,1075027288.0,230593353.0,1339600.0,1005000.0,,0.0,0.0,0.0
2025-12-09,320.0,320.0,320.0,330.0,316.0,318.0,-2.0,6339900.0,2034139600.0,712.0,227.1,320.0,34700.0,318.0,117200.0,1075027288.0,1075027288.0,230593353.0,870600.0,333800.0,,0.0,0.0,0.0
2025-12-10,318.0,320.0,320.0,324.0,308.0,308.0,-10.0,5506500.0,1727110200.0,740.0,220.0,310.0,8700.0,308.0,7800.0,1075027288.0,1075027288.0,230593353.0,695100.0,244100.0,,0.0,0.0,0.0
2025-12-11,308.0,312.0,312.0,312.0,288.0,292.0,-16.0,7249900.0,2169298600.0,1261.0,208.6,294.0,130900.0,292.0,179500.0,1075027288.0,1075027288.0,230593353.0,1301300.0,910800.0,,0.0,0.0,0.0
2025-12-12,292.0,292.0,294.0,294.0,278.0,288.0,-4.0,9792800.0,2789165000.0,1127.0,205.7,288.0,79800.0,286.0,202400.0,1075027288.0,1075027288.0,230593353.0,905900.0,1980100.0,,0.0,0.0,0.0
2025-12-15,288.0,288.0,286.0,292.0,270.0,286.0,-2.0,5791800.0,1642202200.0,795.0,204.3,290.0,64100.0,286.0,237800.0,1075027288.0,1075027288.0,230593353.0,487900.0,2053600.0,,30.0,8760.0,1.0
2025-12-16,286.0,288.0,288.0,298.0,286.0,288.0,2.0,2872900.0,835604200.0,497.0,205.7,292.0,14000.0,288.0,24400.0,1075027288.0,1075027288.0,230593353.0,736400.0,424600.0,,0.0,0.0,0.0
2025-12-17,288.0,294.0,294.0,294.0,288.0,290.0,2.0,3741400.0,1087860200.0,503.0,207.1,290.0,217200.0,288.0,191600.0,1075027288.0,1075027288.0,230593353.0,1247600.0,728900.0,,0.0,0.0,0.0
2025-12-18,290.0,284.0,284.0,292.0,280.0,282.0,-8.0,2553800.0,727386000.0,504.0,201.4,284.0,106400.0,282.0,125700.0,1075027288.0,1075027288.0,230593353.0,447300.0,278100.0,,0.0,0.0,0.0
2025-12-19,282.0,286.0,284.0,286.0,274.0,280.0,-2.0,2728100.0,759637000.0,536.0,200.0,280.0,79800.0,276.0,25400.0,1075027288.0,1075027288.0,230593353.0,900000.0,100000.0,,0.0,0.0,0.0
2025-12-22,280.0,282.0,282.0,282.0,264.0,266.0,-14.0,4150300.0,1113836200.0,796.0,190.0,268.0,500.0,266.0,8000.0,1075027288.0,1075027288.0,230593353.0,249100.0,745700.0,,0.0,0.0,0.0
2025-12-23,266.0,266.0,266.0,308.0,260.0,276.0,10.0,15277800.0,4426897600.0,2862.0,197.1,278.0,3500.0,276.0,94500.0,1075027288.0,1075027288.0,230593353.0,1578400.0,1720500.0,,0.0,0.0,0.0
2025-12-24,276.0,278.0,278.0,290.0,274.0,276.0,0.0,3156500.0,884091400.0,498.0,197.1,278.0,38200.0,276.0,462500.0,1075027288.0,1075027288.0,230593353.0,188000.0,142500.0,,20000.0,8120000.0,1.0
2025-12-29,276.0,276.0,276.0,298.0,272.0,290.0,14.0,3791600.0,1097408000.0,713.0,207.1,290.0,96400.0,288.0,58600.0,1075027288.0,1075027288.0,230593353.0,269700.0,1198800.0,,0.0,0.0,0.0
2025-12-30,290.0,298.0,298.0,314.0,298.0,300.0,10.0,9747900.0,2989376800.0,1665.0,214.3,302.0,7900.0,300.0,24500.0,1075027288.0,1075027288.0,230593353.0,386700.0,914900.0,,0.0,0.0,0.0
2026-01-02,300.0,310.0,310.0,326.0,300.0,318.0,18.0,12388900.0,3928712200.0,1642.0,227.1,320.0,34900.0,318.0,500.0,1075027288.0,1075027288.0,251556385.0,821600.0,2056700.0,,0.0,0.0,0.0
2026-01-05,318.0,322.0,322.0,332.0,314.0,324.0,6.0,12776700.0,4145939000.0,1653.0,231.4,328.0,67100.0,324.0,19100.0,1075027288.0,1075027288.0,251556385.0,2181500.0,406900.0,,100000.0,34000000.0,1.0
2026-01-06,324.0,328.0,330.0,344.0,320.0,332.0,8.0,13645700.0,4545808000.0,1621.0,237.1,332.0,55000.0,330.0,127400.0,1075027288.0,1075027288.0,251556385.0,895000.0,1692400.0,,0.0,0.0,0.0
2026-01-07,332.0,336.0,336.0,366.0,322.0,356.0,24.0,30978200.0,10909432600.0,3970.0,254.3,358.0,166900.0,356.0,345400.0,1075027288.0,1075027288.0,251556385.0,4696400.0,897900.0,,0.0,0.0,0.0
2026-01-08,356.0,358.0,358.0,364.0,338.0,342.0,-14.0,17566500.0,6229983400.0,2308.0,244.3,344.0,1000.0,342.0,110700.0,1075027288.0,1075027288.0,251556385.0,1662900.0,553600.0,,0.0,0.0,0.0
2026-01-09,342.0,342.0,342.0,350.0,330.0,340.0,-2.0,6588000.0,2233735800.0,1039.0,242.9,340.0,184200.0,336.0,197500.0,1075027288.0,1075027288.0,251556385.0,235900.0,1387900.0,,0.0,0.0,0.0
2026-01-12,340.0,344.0,344.0,370.0,330.0,350.0,10.0,25201800.0,8869795400.0,2805.0,250.0,350.0,72700.0,346.0,31100.0,1075027288.0,1075027288.0,251556385.0,2543600.0,3269600.0,,0.0,0.0,0.0
2026-01-13,350.0,354.0,354.0,360.0,346.0,350.0,0.0,8677800.0,3063761000.0,996.0,250.0,350.0,21400.0,348.0,43200.0,1075027288.0,1075027288.0,251556385.0,406300.0,1678200.0,,0.0,0.0,0.0
2026-01-14,350.0,352.0,352.0,358.0,346.0,346.0,-4.0,3976400.0,1387719200.0,610.0,247.1,348.0,17300.0,346.0,85700.0,1075027288.0,1075027288.0,251556385.0,132700.0,286800.0,,0.0,0.0,0.0
2026-01-15,346.0,346.0,346.0,350.0,336.0,336.0,-10.0,6210600.0,2124942000.0,710.0,240.0,336.0,179900.0,334.0,33600.0,1075027288.0,1075027288.0,251556385.0,314700.0,155300.0,,0.0,0.0,0.0
2026-01-19,336.0,336.0,336.0,348.0,328.0,340.0,4.0,6387200.0,2161237000.0,740.0,242.9,342.0,10000.0,340.0,56200.0,1075027288.0,1075027288.0,251556385.0,244100.0,1154700.0,,0.0,0.0,0.0
2026-01-20,340.0,340.0,342.0,348.0,330.0,332.0,-8.0,5149800.0,1735782800.0,735.0,237.1,334.0,34400.0,332.0,301900.0,1075027288.0,1075027288.0,251556385.0,606200.0,860800.0,,0.0,0.0,0.0
2026-01-21,332.0,332.0,332.0,332.0,322.0,330.0,-2.0,4789300.0,1571614800.0,590.0,235.7,330.0,163100.0,328.0,92500.0,1075027288.0,1075027288.0,251556385.0,1134100.0,161600.0,,0.0,0.0,0.0
2026-01-22,330.0,330.0,330.0,344.0,328.0,328.0,-2.0,4119300.0,1383477000.0,550.0,234.3,332.0,93100.0,328.0,67100.0,1075027288.0,1075027288.0,251556385.0,425000.0,851400.0,,0.0,0.0,0.0
2026-01-23,328.0,330.0,330.0,330.0,308.0,316.0,-12.0,8250600.0,2619024000.0,775.0,225.7,316.0,54200.0,314.0,33300.0,1075027288.0,1075027288.0,251556385.0,646400.0,1084700.0,,0.0,0.0,0.0
2026-01-26,316.0,316.0,318.0,338.0,308.0,308.0,-8.0,4888500.0,1564382200.0,909.0,220.0,310.0,26300.0,308.0,87000.0,1075027288.0,1075027288.0,251556385.0,966900.0,916100.0,,0.0,0.0,0.0
2026-01-27,308.0,324.0,320.0,324.0,308.0,318.0,10.0,3527600.0,1109996800.0,605.0,227.1,320.0,1000.0,318.0,195100.0,1075027288.0,1075027288.0,251556385.0,244600.0,563700.0,,0.0,0.0,0.0
2026-01-28,318.0,318.0,318.0,320.0,272.0,292.0,-26.0,9562000.0,2845181200.0,1135.0,208.6,294.0,3000.0,292.0,42200.0,1075027288.0,1075027288.0,251556385.0,1633200.0,2324700.0,,0.0,0.0,0.0
2026-01-29,292.0,286.0,286.0,286.0,250.0,286.0,-6.0,8909200.0,2365322600.0,855.0,204.3,286.0,16400.0,284.0,100.0,1075027288.0,1075027288.0,251556385.0,932600.0,1319000.0,,0.0,0.0,0.0
2026-01-30,286.0,292.0,294.0,324.0,288.0,316.0,30.0,9774200.0,2940453800.0,674.0,225.7,318.0,12000.0,316.0,116600.0,1075027288.0,1075027288.0,251556385.0,956800.0,198900.0,,0.0,0.0,0.0
2026-02-02,316.0,316.0,318.0,320.0,270.0,288.0,-28.0,10025600.0,2891767000.0,1129.0,205.7,288.0,566100.0,284.0,1400.0,1075027288.0,1075027288.0,251556385.0,2795100.0,2052400.0,,0.0,0.0,0.0
2026-02-03,288.0,288.0,288.0,304.0,272.0,294.0,6.0,4506400.0,1300807600.0,514.0,210.0,294.0,786600.0,292.0,3700.0,1075027288.0,1075027288.0,251556385.0,466800.0,1994000.0,,0.0,0.0,0.0
2026-02-04,294.0,294.0,292.0,298.0,282.0,282.0,-12.0,3071500.0,894307600.0,395.0,201.4,290.0,107000.0,282.0,373600.0,1075027288.0,1075027288.0,251556385.0,304900.0,324100.0,,0.0,0.0,0.0
2026-02-05,282.0,282.0,284.0,294.0,282.0,282.0,0.0,2047700.0,591292600.0,303.0,201.4,286.0,500.0,282.0,178500.0,1075027288.0,1075027288.0,251556385.0,252500.0,911000.0,,0.0,0.0,0.0
2026-02-06,282.0,276.0,276.0,288.0,260.0,260.0,-22.0,4549900.0,1220368000.0,564.0,185.7,266.0,1000.0,260.0,29900.0,1075027288.0,1075027288.0,251556385.0,981500.0,400100.0,,0.0,0.0,0.0
2026-02-09,260.0,250.0,250.0,280.0,250.0,274.0,14.0,1726500.0,451529800.0,362.0,195.7,274.0,225100.0,272.0,15200.0,1075027288.0,1075027288.0,251556385.0,187900.0,568600.0,,0.0,0.0,0.0
2026-02-10,274.0,294.0,282.0,294.0,256.0,278.0,4.0,3354600.0,939494200.0,390.0,198.6,282.0,61400.0,278.0,72500.0,1075027288.0,1075027288.0,251556385.0,996200.0,217800.0,,0.0,0.0,0.0
2026-02-11,278.0,282.0,284.0,288.0,278.0,282.0,4.0,5725900.0,1606789800.0,382.0,201.4,284.0,9500.0,282.0,500.0,1075027288.0,1075027288.0,251556385.0,133900.0,1224400.0,,0.0,0.0,0.0
2026-02-12,282.0,292.0,292.0,292.0,274.0,282.0,0.0,817200.0,229196400.0,232.0,201.4,282.0,49300.0,278.0,13700.0,1075027288.0,1075027288.0,251556385.0,165200.0,64100.0,,0.0,0.0,0.0
2026-02-13,282.0,278.0,274.0,280.0,270.0,278.0,-4.0,978900.0,270374400.0,154.0,198.6,278.0,1600.0,276.0,161600.0,1075027288.0,1075027288.0,251556385.0,50800.0,109500.0,,0.0,0.0,0.0
2026-02-18,278.0,278.0,278.0,308.0,278.0,300.0,22.0,5432800.0,1585879000.0,623.0,214.3,302.0,68300.0,300.0,67200.0,1075027288.0,1075027288.0,251556385.0,184300.0,1281200.0,,0.0,0.0,0.0
2026-02-19,300.0,302.0,302.0,302.0,286.0,296.0,-4.0,2340400.0,685380400.0,507.0,211.4,296.0,248000.0,292.0,21500.0,1075027288.0,1075027288.0,251556385.0,439900.0,289100.0,,0.0,0.0,0.0
2026-02-20,296.0,296.0,296.0,296.0,284.0,288.0,-8.0,1244800.0,358452800.0,282.0,205.7,290.0,3100.0,288.0,125600.0,1075027288.0,1075027288.0,251556385.0,328300.0,58800.0,,0.0,0.0,0.0
2026-02-23,288.0,284.0,286.0,294.0,284.0,286.0,-2.0,1270800.0,364305400.0,267.0,204.3,288.0,46500.0,286.0,13500.0,1075027288.0,1075027288.0,251556385.0,45300.0,92000.0,,0.0,0.0,0.0
2026-02-24,286.0,286.0,286.0,294.0,278.0,278.0,-8.0,2428000.0,685080000.0,345.0,198.6,280.0,2000.0,278.0,106500.0,1075027288.0,1075027288.0,251556385.0,291700.0,14100.0,,0.0,0.0,0.0
2026-02-25,278.0,278.0,278.0,288.0,274.0,280.0,2.0,847500.0,236426400.0,269.0,200.0,280.0,207100.0,278.0,300.0,1075027288.0,1075027288.0,251556385.0,376700.0,60900.0,,0.0,0.0,0.0
2026-02-26,280.0,280.0,276.0,280.0,264.0,268.0,-12.0,1424400.0,386268600.0,363.0,191.4,272.0,1000.0,268.0,22000.0,1075027288.0,1075027288.0,251556385.0,468100.0,23900.0,,0.0,0.0,0.0
2026-02-27,268.0,268.0,264.0,278.0,260.0,274.0,6.0,1416900.0,376884200.0,286.0,195.7,274.0,7100.0,264.0,33200.0,1075027288.0,1075027288.0,251556385.0,152400.0,234700.0,,0.0,0.0,0.0
2026-03-02,274.0,250.0,248.0,266.0,234.0,236.0,-38.0,7302700.0,1816989000.0,688.0,168.6,240.0,6900.0,236.0,92900.0,1075027288.0,1075027288.0,251556385.0,498600.0,329700.0,,0.0,0.0,0.0
2026-03-03,236.0,234.0,234.0,252.0,218.0,228.0,-8.0,2561900.0,584274800.0,394.0,162.9,228.0,110200.0,224.0,15000.0,1075027288.0,1075027288.0,251556385.0,152800.0,307100.0,,0.0,0.0,0.0
2026-03-04,228.0,224.0,224.0,232.0,194.0,212.0,-16.0,5406900.0,1115194000.0,655.0,151.4,212.0,300.0,210.0,5000.0,1075027288.0,1075027288.0,251556385.0,110300.0,718800.0,,0.0,0.0,0.0
2026-03-05,212.0,210.0,212.0,228.0,210.0,224.0,12.0,1143900.0,252971000.0,182.0,160.0,224.0,4000.0,222.0,100.0,1075027288.0,1075027288.0,251556385.0,4400.0,140900.0,,0.0,0.0,0.0
2026-03-06,224.0,224.0,222.0,236.0,199.0,220.0,-4.0,3486800.0,732360100.0,328.0,157.1,220.0,24700.0,214.0,8200.0,1075027288.0,1075027288.0,251556385.0,110800.0,442300.0,,0.0,0.0,0.0
2026-03-09,220.0,210.0,208.0,210.0,187.0,187.0,-33.0,9278600.0,1746426200.0,1039.0,133.6,187.0,8000.0,0.0,0.0,1075027288.0,1075027288.0,251556385.0,2101500.0,106200.0,,0.0,0.0,0.0
2026-03-10,187.0,176.0,177.0,188.0,165.0,183.0,-4.0,3169300.0,566187700.0,612.0,130.7,183.0,310500.0,181.0,2500.0,1075027288.0,1075027288.0,251556385.0,550200.0,355500.0,,0.0,0.0,0.0
2026-03-11,183.0,190.0,189.0,190.0,165.0,173.0,-10.0,2849100.0,508232900.0,488.0,123.6,173.0,68800.0,169.0,100000.0,1075027288.0,1075027288.0,251556385.0,621300.0,317400.0,,0.0,0.0,0.0
2026-03-12,173.0,174.0,176.0,184.0,169.0,176.0,3.0,1992600.0,346621000.0,370.0,125.7,177.0,50400.0,176.0,100.0,1075027288.0,1075027288.0,251556385.0,271100.0,173200.0,,0.0,0.0,0.0
2026-03-13,176.0,169.0,169.0,189.0,160.0,179.0,3.0,7352300.0,1307926100.0,817.0,127.9,180.0,4900.0,178.0,50000.0,1075027288.0,1075027288.0,251556385.0,120900.0,521000.0,,0.0,0.0,0.0
2026-03-16,179.0,188.0,187.0,188.0,160.0,175.0,-4.0,2854400.0,492393900.0,431.0,125.0,175.0,14500.0,174.0,157900.0,1075027288.0,1075027288.0,251556385.0,342100.0,740800.0,,0.0,0.0,0.0
2026-03-17,175.0,174.0,173.0,180.0,170.0,178.0,3.0,3321000.0,581878700.0,235.0,127.1,178.0,99700.0,177.0,6600.0,1075027288.0,1075027288.0,251556385.0,9900.0,176400.0,,0.0,0.0,0.0
2026-03-25,178.0,177.0,177.0,184.0,174.0,184.0,6.0,1825500.0,327519700.0,236.0,131.4,184.0,39800.0,182.0,8800.0,1075027288.0,1075027288.0,251556385.0,13600.0,460600.0,,1000000.0,160000000.0,1.0
2026-03-26,184.0,184.0,182.0,184.0,180.0,181.0,-3.0,241400.0,43775300.0,84.0,129.3,181.0,5500.0,180.0,251000.0,1075027288.0,1075027288.0,251556385.0,4600.0,6200.0,,0.0,0.0,0.0
2026-03-27,181.0,180.0,180.0,184.0,171.0,180.0,-1.0,362900.0,65047900.0,95.0,128.6,180.0,10100.0,179.0,3500.0,1075027288.0,1075027288.0,251556385.0,17700.0,28600.0,,0.0,0.0,0.0
2026-03-30,180.0,171.0,172.0,200.0,171.0,178.0,-2.0,1071700.0,197469300.0,332.0,127.1,178.0,3900.0,177.0,26900.0,1075027288.0,1075027288.0,251556385.0,109200.0,15500.0,,0.0,0.0,0.0
2026-03-31,178.0,178.0,178.0,200.0,178.0,181.0,3.0,2864800.0,547824800.0,619.0,129.3,185.0,144400.0,181.0,6700.0,1075027288.0,1075027288.0,251556385.0,68100.0,19900.0,,0.0,0.0,0.0
2026-04-01,181.0,185.0,184.0,185.0,175.0,178.0,-3.0,892700.0,158920200.0,211.0,127.1,178.0,3600.0,177.0,50500.0,1075027288.0,1075027288.0,258006549.0,42500.0,6100.0,,0.0,0.0,0.0
2026-04-02,178.0,178.0,178.0,181.0,172.0,172.0,-6.0,704600.0,123467000.0,184.0,122.9,177.0,6500.0,172.0,7700.0,1075027288.0,1075027288.0,258006549.0,58000.0,10000.0,,0.0,0.0,0.0
2026-04-06,172.0,150.0,151.0,174.0,149.0,173.0,1.0,7371400.0,1189442200.0,853.0,123.6,174.0,74500.0,173.0,38800.0,1075027288.0,1075027288.0,258006549.0,191100.0,186500.0,,0.0,0.0,0.0
2026-04-07,173.0,176.0,176.0,200.0,150.0,185.0,12.0,46837000.0,8757544500.0,2860.0,132.1,186.0,9600.0,185.0,11693000.0,1075027288.0,1075027288.0,258006549.0,4836800.0,1277500.0,,0.0,0.0,0.0
2026-04-08,185.0,189.0,189.0,195.0,170.0,176.0,-9.0,31864700.0,5797455000.0,2315.0,125.7,177.0,68900.0,176.0,259700.0,1075027288.0,1075027288.0,258006549.0,3700500.0,1703000.0,,0.0,0.0,0.0
2026-04-09,176.0,177.0,177.0,178.0,168.0,169.0,-7.0,4811800.0,827207200.0,907.0,120.7,170.0,7100.0,169.0,134900.0,1075027288.0,1075027288.0,258006549.0,352000.0,316500.0,,0.0,0.0,0.0
2026-04-10,169.0,171.0,171.0,174.0,165.0,169.0,0.0,7140500.0,1202318000.0,658.0,120.7,170.0,84500.0,169.0,438600.0,1075027288.0,1075027288.0,258006549.0,150400.0,289700.0,,0.0,0.0,0.0
2026-04-13,169.0,170.0,170.0,174.0,162.0,172.0,3.0,5553900.0,931129300.0,761.0,122.9,172.0,110400.0,171.0,2400.0,1075027288.0,1075027288.0,258006549.0,178300.0,491600.0,,0.0,0.0,0.0
2026-04-14,172.0,172.0,172.0,178.0,170.0,175.0,3.0,3803700.0,657931300.0,532.0,125.0,175.0,14600.0,174.0,26700.0,1075027288.0,1075027288.0,258006549.0,190500.0,406100.0,,0.0,0.0,0.0
2026-04-15,175.0,175.0,176.0,197.0,173.0,187.0,12.0,15946100.0,2993302500.0,2320.0,133.6,188.0,92400.0,187.0,367800.0,1075027288.0,1075027288.0,258006549.0,1588200.0,708700.0,,0.0,0.0,0.0
2026-04-16,187.0,189.0,190.0,196.0,188.0,192.0,5.0,7224500.0,1379116300.0,747.0,137.1,192.0,98800.0,190.0,28900.0,1075027288.0,1075027288.0,258006549.0,1019600.0,140500.0,,0.0,0.0,0.0
2026-04-17,192.0,192.0,193.0,218.0,186.0,197.0,5.0,11695300.0,2329846100.0,1429.0,140.7,197.0,7100.0,196.0,128700.0,1075027288.0,1075027288.0,258006549.0,667100.0,2602200.0,,0.0,0.0,0.0
2026-04-20,197.0,206.0,202.0,226.0,198.0,216.0,19.0,17991700.0,3856381900.0,2781.0,154.3,218.0,78000.0,216.0,54600.0,1075027288.0,1075027288.0,258006549.0,1845700.0,2396800.0,,0.0,0.0,0.0
2026-04-21,216.0,220.0,220.0,222.0,200.0,204.0,-12.0,8350500.0,1736159600.0,1217.0,145.7,206.0,4100.0,204.0,141000.0,1075027288.0,1075027288.0,258006549.0,776700.0,821100.0,,0.0,0.0,0.0
2026-04-22,204.0,204.0,204.0,216.0,202.0,206.0,2.0,5973900.0,1248689600.0,837.0,147.1,206.0,15400.0,204.0,116400.0,1075027288.0,1075027288.0,258006549.0,188900.0,746400.0,,0.0,0.0,0.0
2026-04-23,206.0,214.0,212.0,216.0,193.0,198.0,-8.0,4922000.0,989482400.0,812.0,141.4,198.0,19100.0,197.0,116800.0,1075027288.0,1075027288.0,258006549.0,603100.0,714300.0,,0.0,0.0,0.0
2026-04-24,198.0,199.0,199.0,204.0,186.0,188.0,-10.0,2690800.0,511384900.0,474.0,134.3,189.0,2800.0,188.0,140100.0,1075027288.0,1075027288.0,258006549.0,600200.0,412200.0,,0.0,0.0,0.0
2026-04-27,188.0,186.0,186.0,192.0,183.0,187.0,-1.0,1414500.0,266887000.0,359.0,133.6,188.0,16100.0,187.0,9300.0,1075027288.0,1075027288.0,258006549.0,370600.0,373200.0,,0.0,0.0,0.0
2026-04-28,187.0,185.0,185.0,194.0,185.0,191.0,4.0,1157300.0,219029000.0,334.0,136.4,191.0,39400.0,190.0,7000.0,1075027288.0,1075027288.0,258006549.0,182200.0,205200.0,,0.0,0.0,0.0
2026-04-29,191.0,195.0,195.0,195.0,181.0,187.0,-4.0,1998400.0,375590000.0,416.0,133.6,189.0,8500.0,187.0,22700.0,1075027288.0,1075027288.0,258006549.0,144000.0,265200.0,,0.0,0.0,0.0
2026-04-30,187.0,190.0,190.0,202.0,175.0,180.0,-7.0,3055700.0,573621400.0,668.0,128.6,185.0,35900.0,180.0,218200.0,1075027288.0,1075027288.0,258006549.0,661700.0,281000.0,,0.0,0.0,0.0
2026-05-04,180.0,180.0,183.0,190.0,180.0,180.0,0.0,1157500.0,212709200.0,308.0,128.6,182.0,2500.0,180.0,120400.0,1075027288.0,1075027288.0,258006549.0,539500.0,247100.0,,0.0,0.0,0.0
2026-05-05,180.0,0.0,0.0,189.0,179.0,183.0,3.0,1654500.0,301585900.0,347.0,130.7,184.0,700.0,183.0,1300.0,1075027288.0,1075027288.0,258006549.0,176300.0,385400.0,,0.0,0.0,0.0
2026-05-06,183.0,182.0,182.0,184.0,177.0,181.0,-2.0,1545900.0,279594600.0,315.0,129.3,182.0,200.0,180.0,379000.0,1075027288.0,1075027288.0,258006549.0,92300.0,306500.0,,0.0,0.0,0.0
2026-05-07,181.0,181.0,181.0,202.0,181.0,191.0,10.0,8514800.0,1653391300.0,1655.0,136.4,191.0,18300.0,190.0,111100.0,1075027288.0,1075027288.0,258006549.0,615900.0,718100.0,,0.0,0.0,0.0
2026-05-08,191.0,193.0,193.0,193.0,183.0,183.0,-8.0,2582400.0,482502900.0,405.0,130.7,183.0,14400.0,182.0,96300.0,1075027288.0,1075027288.0,258006549.0,400200.0,235300.0,,0.0,0.0,0.0
