date,previous,open_price,first_trade,high,low,close,change,volume,value,frequency,index_individual,offer,offer_volume,bid,bid_volume,listed_shares,tradeble_shares,weight_for_index,foreign_sell,foreign_buy,delisting_date,non_regular_volume,non_regular_value,non_regular_frequency
2023-10-10,100.0,0.0,0.0,135.0,135.0,135.0,35.0,21620800.0,2918808000.0,4861.0,135.0,0.0,0.0,135.0,602720800.0,10721709000.0,2480000000.0,2155000000.0,7000.0,0.0,,4526600.0,452660000.0,4.0
2023-10-11,135.0,0.0,0.0,182.0,170.0,182.0,47.0,555764600.0,100524275900.0,26017.0,182.0,0.0,0.0,182.0,62779400.0,10721709000.0,2480000000.0,2155000000.0,804300.0,4661500.0,,26800.0,4556000.0,1.0
2023-10-12,182.0,0.0,0.0,244.0,186.0,244.0,62.0,510471200.0,108554925900.0,33999.0,244.0,0.0,0.0,244.0,106280900.0,10721709000.0,2480000000.0,2155000000.0,11204300.0,7060200.0,,0.0,0.0,0.0
2023-10-13,244.0,0.0,0.0,304.0,246.0,304.0,60.0,351297900.0,100236712400.0,27561.0,304.0,0.0,0.0,304.0,182184600.0,10721709000.0,2480000000.0,2155000000.0,5897800.0,6959300.0,,0.0,0.0,0.0
2023-10-16,304.0,0.0,0.0,380.0,228.0,228.0,-76.0,592372900.0,188772463200.0,59013.0,228.0,228.0,24342100.0,0.0,0.0,10721709000.0,2480000000.0,2155000000.0,11385600.0,15859500.0,,0.0,0.0,0.0
2023-10-17,228.0,0.0,0.0,218.0,171.0,171.0,-57.0,341430800.0,65959678300.0,14504.0,171.0,171.0,40672200.0,0.0,0.0,10721709000.0,2480000000.0,2155000000.0,1309400.0,1312300.0,,0.0,0.0,0.0
2023-10-18,171.0,0.0,0.0,212.0,140.0,192.0,21.0,455769400.0,81629150700.0,37564.0,192.0,193.0,665300.0,192.0,57400.0,10721709000.0,2480000000.0,2155000000.0,11317900.0,8654200.0,,0.0,0.0,0.0
2023-10-19,192.0,0.0,0.0,232.0,181.0,204.0,12.0,550024700.0,115324415300.0,33945.0,204.0,204.0,274100.0,202.0,291600.0,10721709000.0,2480000000.0,2155000000.0,15566300.0,15904400.0,,0.0,0.0,0.0
2023-10-20,204.0,0.0,0.0,242.0,199.0,224.0,20.0,305086700.0,68509216500.0,37421.0,224.0,224.0,135200.0,222.0,874400.0,10721709000.0,2480000000.0,2155000000.0,16599300.0,23257800.0,,0.0,0.0,0.0
2023-10-23,224.0,0.0,0.0,280.0,222.0,280.0,56.0,208130800.0,51592455800.0,10571.0,280.0,0.0,0.0,280.0,71748500.0,10721709000.0,2480000000.0,2155000000.0,5153400.0,4926900.0,,0.0,0.0,0.0
2023-10-24,280.0,0.0,0.0,326.0,288.0,298.0,18.0,182978500.0,56837280000.0,21400.0,298.0,300.0,197800.0,298.0,294900.0,10721709000.0,2480000000.0,2155000000.0,6464100.0,10812700.0,,0.0,0.0,0.0
2023-10-25,298.0,0.0,0.0,300.0,270.0,280.0,-18.0,58440700.0,16627347600.0,7557.0,280.0,282.0,8100.0,280.0,125100.0,10721709000.0,2480000000.0,2155000000.0,1968500.0,4839100.0,,0.0,0.0,0.0
2023-10-26,280.0,0.0,0.0,308.0,252.0,252.0,-28.0,93801100.0,25776928200.0,15984.0,252.0,254.0,96100.0,252.0,138400.0,10721709000.0,2480000000.0,2155000000.0,1941600.0,5558000.0,,0.0,0.0,0.0
2023-10-27,252.0,0.0,0.0,314.0,252.0,314.0,62.0,428896400.0,123438319200.0,29248.0,314.0,0.0,0.0,314.0,107666500.0,10721709000.0,2480000000.0,2155000000.0,1771300.0,2040000.0,,0.0,0.0,0.0
2023-10-30,314.0,0.0,0.0,360.0,272.0,326.0,12.0,393773900.0,130244691000.0,36999.0,326.0,328.0,171300.0,326.0,1920600.0,10721709000.0,2480000000.0,2155000000.0,8095700.0,16976400.0,,0.0,0.0,0.0
2023-10-31,326.0,0.0,0.0,406.0,326.0,406.0,80.0,298280600.0,111514263000.0,24209.0,406.0,0.0,0.0,406.0,95551900.0,10721709000.0,2480000000.0,2155000000.0,2761000.0,6149600.0,,0.0,0.0,0.0
2023-11-01,406.0,0.0,0.0,426.0,366.0,384.0,-22.0,118374000.0,47488711000.0,14185.0,384.0,384.0,1800.0,382.0,186400.0,10721709000.0,2480000000.0,2155000000.0,3567500.0,6599600.0,,0.0,0.0,0.0
2023-11-02,384.0,0.0,0.0,410.0,360.0,382.0,-2.0,135574600.0,52499509200.0,13857.0,382.0,384.0,21600.0,382.0,68300.0,10721709000.0,2480000000.0,2155000000.0,4789400.0,13371500.0,,0.0,0.0,0.0
2023-11-03,382.0,0.0,0.0,390.0,332.0,340.0,-42.0,133013000.0,48996389400.0,21503.0,340.0,340.0,263400.0,338.0,362700.0,10721709000.0,2480000000.0,2155000000.0,4097400.0,5249700.0,,0.0,0.0,0.0
2023-11-06,340.0,0.0,0.0,384.0,308.0,334.0,-6.0,347983000.0,124798071200.0,41592.0,334.0,334.0,428000.0,332.0,122900.0,10721709000.0,2480000000.0,2155000000.0,8571600.0,5919000.0,,0.0,0.0,0.0
2023-11-07,334.0,0.0,0.0,362.0,300.0,314.0,-20.0,306287900.0,102776297000.0,35206.0,314.0,314.0,369800.0,312.0,176000.0,10721709000.0,2480000000.0,2155000000.0,11899300.0,4439600.0,,0.0,0.0,0.0
2023-11-08,314.0,0.0,0.0,332.0,254.0,268.0,-46.0,392520800.0,113296570000.0,40887.0,268.0,270.0,125700.0,268.0,936700.0,10721709000.0,2480000000.0,2155000000.0,28620900.0,4989700.0,,0.0,0.0,0.0
2023-11-09,268.0,0.0,0.0,316.0,278.0,310.0,42.0,322171100.0,96752289400.0,51215.0,310.0,310.0,49900.0,308.0,354200.0,10721709000.0,2480000000.0,2155000000.0,8955200.0,8975000.0,,0.0,0.0,0.0
2023-11-10,310.0,0.0,0.0,338.0,296.0,338.0,28.0,418198900.0,133350655400.0,48062.0,338.0,340.0,1324800.0,338.0,17666700.0,10721709000.0,2480000000.0,2155000000.0,4434900.0,2824200.0,,0.0,0.0,0.0
2023-11-13,338.0,0.0,0.0,388.0,334.0,388.0,50.0,266916300.0,97904378600.0,25091.0,388.0,390.0,880400.0,388.0,1563500.0,10721709000.0,2480000000.0,2155000000.0,7586000.0,2355100.0,,0.0,0.0,0.0
2023-11-14,388.0,0.0,0.0,440.0,388.0,436.0,48.0,216853500.0,91050440800.0,26735.0,436.0,436.0,1195100.0,434.0,316600.0,10721709000.0,2480000000.0,2155000000.0,1246500.0,1645100.0,,0.0,0.0,0.0
2023-11-15,436.0,0.0,0.0,462.0,378.0,394.0,-42.0,413869100.0,176239966800.0,48416.0,394.0,394.0,480800.0,392.0,632000.0,10721709000.0,2480000000.0,2155000000.0,5364100.0,3880200.0,,0.0,0.0,0.0
2023-11-16,394.0,0.0,0.0,408.0,350.0,350.0,-44.0,184627100.0,69706854400.0,32556.0,350.0,350.0,364300.0,348.0,41100.0,10721709000.0,2480000000.0,2155000000.0,4338200.0,12872500.0,,0.0,0.0,0.0
2023-11-17,350.0,0.0,0.0,356.0,264.0,264.0,-86.0,787025500.0,233132168000.0,66921.0,264.0,264.0,2515500.0,0.0,0.0,10721709000.0,2480000000.0,2155000000.0,3816900.0,6002500.0,,0.0,0.0,0.0
2023-11-20,264.0,0.0,0.0,262.0,198.0,198.0,-66.0,405936400.0,85137464100.0,28092.0,198.0,198.0,22294800.0,0.0,0.0,10721709000.0,2480000000.0,2155000000.0,790000.0,1953500.0,,0.0,0.0,0.0
2023-11-21,198.0,0.0,0.0,188.0,129.0,129.0,-69.0,1540439600.0,238693089500.0,61681.0,129.0,129.0,22581200.0,0.0,0.0,10721709000.0,2480000000.0,2155000000.0,15165000.0,11215200.0,,0.0,0.0,0.0
2023-11-22,129.0,0.0,0.0,134.0,98.0,116.0,-13.0,491724000.0,58120138800.0,34006.0,116.0,116.0,877900.0,115.0,398400.0,10721709000.0,2480000000.0,2155000000.0,4295000.0,5410900.0,,0.0,0.0,0.0
2023-11-23,116.0,0.0,0.0,132.0,108.0,121.0,5.0,1337835800.0,162318660600.0,98917.0,121.0,121.0,267700.0,120.0,1613600.0,10721709000.0,2480000000.0,2155000000.0,40967900.0,53771300.0,,0.0,0.0,0.0
2023-11-24,121.0,0.0,0.0,135.0,117.0,124.0,3.0,1837156700.0,231708976100.0,99606.0,124.0,125.0,2723700.0,124.0,17300.0,10721709000.0,2480000000.0,2155000000.0,57364600.0,58595000.0,,0.0,0.0,0.0
2023-11-27,124.0,0.0,0.0,130.0,109.0,113.0,-11.0,2265395100.0,266419656000.0,96200.0,113.0,113.0,1555300.0,112.0,1544900.0,10721709000.0,2480000000.0,2155000000.0,119426500.0,118757600.0,,0.0,0.0,0.0
2023-11-28,113.0,0.0,0.0,121.0,92.0,92.0,-21.0,2164808600.0,228598386400.0,121661.0,92.0,92.0,2348000.0,91.0,3011100.0,10721709000.0,2480000000.0,2155000000.0,94493200.0,104491600.0,,0.0,0.0,0.0
2023-11-29,92.0,0.0,0.0,97.0,73.0,79.0,-13.0,1792881800.0,156400064300.0,65249.0,79.0,79.0,3963500.0,78.0,429900.0,10721709000.0,2480000000.0,2155000000.0,64153900.0,61429300.0,,0.0,0.0,0.0
2023-11-30,79.0,0.0,0.0,84.0,76.0,80.0,1.0,430491900.0,34769466300.0,44943.0,80.0,80.0,1632500.0,79.0,2623100.0,10721709000.0,2480000000.0,2155000000.0,21251400.0,24785500.0,,0.0,0.0,0.0
2023-12-01,80.0,0.0,0.0,89.0,79.0,83.0,3.0,1031752000.0,85451946100.0,73988.0,83.0,83.0,816200.0,82.0,598100.0,10721709000.0,2480000000.0,2155000000.0,30912300.0,36877900.0,,0.0,0.0,0.0
2023-12-04,83.0,0.0,0.0,94.0,83.0,90.0,7.0,1097361500.0,97825088400.0,81813.0,90.0,90.0,1803500.0,89.0,2054600.0,10721709000.0,2480000000.0,2155000000.0,41109100.0,52647900.0,,0.0,0.0,0.0
2023-12-05,90.0,0.0,0.0,96.0,78.0,84.0,-6.0,1369087100.0,119621054100.0,79525.0,84.0,84.0,2461700.0,83.0,1482500.0,10721709000.0,2480000000.0,2155000000.0,28200100.0,26899400.0,,0.0,0.0,0.0
2023-12-06,84.0,0.0,0.0,86.0,74.0,76.0,-8.0,1406748800.0,112079576900.0,90117.0,76.0,76.0,5520900.0,75.0,1783700.0,10721709000.0,2480000000.0,2155000000.0,51577100.0,52254300.0,,105000.0,7980000.0,1.0
2023-12-07,76.0,0.0,0.0,77.0,67.0,67.0,-9.0,154867300.0,10718628400.0,8631.0,67.0,68.0,245900.0,67.0,1782800.0,10721709000.0,2480000000.0,2155000000.0,18916800.0,17766600.0,,0.0,0.0,0.0
2023-12-08,67.0,0.0,0.0,68.0,55.0,57.0,-10.0,189860700.0,11183196300.0,8510.0,57.0,58.0,310100.0,57.0,7878500.0,10721709000.0,2480000000.0,2155000000.0,14365300.0,23758300.0,,52524600.0,3428953800.0,6.0
2023-12-11,57.0,0.0,0.0,0.0,0.0,57.0,0.0,0.0,0.0,0.0,57.0,0.0,0.0,0.0,0.0,10721709000.0,2480000000.0,2155000000.0,0.0,0.0,,0.0,0.0,0.0
2023-12-12,57.0,0.0,0.0,60.0,50.0,52.0,-5.0,197045000.0,10843766600.0,22411.0,52.0,52.0,298100.0,51.0,9798100.0,10721709000.0,2480000000.0,2155000000.0,11823100.0,20680000.0,,0.0,0.0,0.0
2023-12-13,52.0,0.0,0.0,53.0,50.0,50.0,-2.0,85671400.0,4300298100.0,3355.0,50.0,50.0,18369600.0,0.0,0.0,10721709000.0,2480000000.0,2155000000.0,12000000.0,1248100.0,,0.0,0.0,0.0
2023-12-14,50.0,0.0,0.0,50.0,50.0,50.0,0.0,6147900.0,307395000.0,528.0,50.0,50.0,26067400.0,0.0,0.0,10721709000.0,2480000000.0,2155000000.0,0.0,500100.0,,40905800.0,1308985600.0,4.0
2023-12-15,50.0,0.0,0.0,50.0,50.0,50.0,0.0,3890100.0,194505000.0,302.0,50.0,50.0,30070100.0,0.0,0.0,10721709000.0,2480000000.0,2155000000.0,0.0,1500600.0,,0.0,0.0,0.0
2023-12-18,50.0,0.0,0.0,50.0,50.0,50.0,0.0,2758800.0,137940000.0,264.0,50.0,50.0,33255200.0,0.0,0.0,10721709000.0,2480000000.0,2155000000.0,0.0,1800.0,,100000.0,3900000.0,1.0
2023-12-19,50.0,0.0,0.0,50.0,50.0,50.0,0.0,2250700.0,112535000.0,226.0,50.0,50.0,28664900.0,0.0,0.0,10721709000.0,2480000000.0,2155000000.0,0.0,1001100.0,,0.0,0.0,0.0
2023-12-20,50.0,0.0,0.0,50.0,50.0,50.0,0.0,916100.0,45805000.0,332.0,50.0,50.0,28263700.0,0.0,0.0,10721709000.0,2480000000.0,2155000000.0,0.0,0.0,,0.0,0.0,0.0
2023-12-21,50.0,0.0,0.0,63.0,50.0,52.0,2.0,698631900.0,39528679800.0,35328.0,52.0,52.0,3800900.0,51.0,4762500.0,10721709000.0,2480000000.0,2155000000.0,82513000.0,83557600.0,,0.0,0.0,0.0
2023-12-22,52.0,0.0,0.0,55.0,50.0,51.0,-1.0,98171300.0,5152808400.0,4819.0,51.0,52.0,1456500.0,51.0,2974900.0,10721709000.0,2480000000.0,2155000000.0,14530900.0,12759300.0,,0.0,0.0,0.0
2023-12-27,51.0,0.0,0.0,53.0,50.0,50.0,-1.0,81843100.0,4106151400.0,2974.0,50.0,51.0,5910000.0,50.0,33400.0,10721709000.0,2480000000.0,2155000000.0,2389000.0,3010800.0,,0.0,0.0,0.0
2023-12-28,50.0,0.0,0.0,51.0,50.0,50.0,0.0,14707600.0,735803600.0,772.0,50.0,50.0,3640800.0,0.0,0.0,10721709000.0,2480000000.0,2155000000.0,90700.0,31700.0,,0.0,0.0,0.0
2023-12-29,50.0,0.0,0.0,53.0,50.0,51.0,1.0,57376400.0,2930890400.0,1527.0,51.0,52.0,5281500.0,51.0,11622700.0,10721709000.0,2480000000.0,2155000000.0,170000.0,3388000.0,,0.0,0.0,0.0
2024-01-02,51.0,0.0,0.0,57.0,51.0,55.0,4.0,328691100.0,17915972200.0,36852.0,55.0,55.0,2086600.0,54.0,15288000.0,10721709000.0,2480000000.0,2479931292.0,16489800.0,32213800.0,,0.0,0.0,0.0
2024-01-03,55.0,0.0,0.0,71.0,55.0,63.0,8.0,2312650200.0,148427905800.0,84799.0,63.0,63.0,6532400.0,62.0,16737700.0,10721709000.0,2480000000.0,2479931292.0,182050200.0,186855400.0,,0.0,0.0,0.0
2024-01-04,63.0,0.0,0.0,74.0,63.0,68.0,5.0,2667372600.0,182320074600.0,78599.0,68.0,68.0,682700.0,67.0,12498100.0,10721709000.0,2480000000.0,2479931292.0,163523700.0,151020600.0,,0.0,0.0,0.0
2024-01-05,68.0,0.0,0.0,75.0,62.0,65.0,-3.0,2462049800.0,167116529300.0,61997.0,65.0,65.0,7584900.0,64.0,18282900.0,10721709000.0,2480000000.0,2479931292.0,117828500.0,99178400.0,,300.0,21000.0,1.0
2024-01-08,65.0,0.0,0.0,67.0,58.0,59.0,-6.0,1056303100.0,65326503100.0,55274.0,59.0,59.0,295600.0,58.0,15260600.0,10721709000.0,2480000000.0,2479931292.0,55584800.0,37102700.0,,600.0,600.0,1.0
2024-01-09,59.0,0.0,0.0,66.0,59.0,63.0,4.0,1062613100.0,66487522400.0,47246.0,63.0,64.0,24468000.0,63.0,577200.0,10721709000.0,2480000000.0,2479931292.0,33384100.0,43706200.0,,0.0,0.0,0.0
2024-01-10,63.0,0.0,0.0,68.0,58.0,60.0,-3.0,2285116700.0,143171601900.0,69604.0,60.0,61.0,3661900.0,60.0,2177800.0,10721709000.0,2480000000.0,2479931292.0,156035200.0,148416600.0,,0.0,0.0,0.0
2024-01-11,60.0,0.0,0.0,62.0,50.0,50.0,-10.0,2661944800.0,142008446600.0,84691.0,50.0,50.0,29523100.0,0.0,0.0,10721709000.0,2480000000.0,2479931292.0,67667100.0,63965400.0,,0.0,0.0,0.0
2024-01-12,50.0,0.0,0.0,50.0,50.0,50.0,0.0,52410500.0,2620525000.0,9139.0,50.0,50.0,60417300.0,0.0,0.0,10721709000.0,2480000000.0,2479931292.0,0.0,2000000.0,,0.0,0.0,0.0
2024-01-15,50.0,0.0,0.0,50.0,50.0,50.0,0.0,17651900.0,882595000.0,589.0,50.0,50.0,55622200.0,0.0,0.0,10721709000.0,2480000000.0,2479931292.0,0.0,1491600.0,,0.0,0.0,0.0
2024-01-16,50.0,0.0,0.0,50.0,50.0,50.0,0.0,6636800.0,331840000.0,1763.0,50.0,50.0,77751700.0,0.0,0.0,10721709000.0,2480000000.0,2479931292.0,0.0,0.0,,0.0,0.0,0.0
2024-01-17,50.0,0.0,0.0,50.0,50.0,50.0,0.0,1383100.0,69155000.0,291.0,50.0,50.0,117784700.0,0.0,0.0,10721709000.0,2480000000.0,2479931292.0,0.0,0.0,,0.0,0.0,0.0
2024-01-18,50.0,0.0,0.0,50.0,50.0,50.0,0.0,1188200.0,59410000.0,218.0,50.0,50.0,91485100.0,0.0,0.0,10721709000.0,2480000000.0,2479931292.0,0.0,0.0,,30500.0,1071000.0,2.0
2024-01-19,50.0,0.0,0.0,53.0,50.0,53.0,3.0,388509300.0,20021649500.0,34374.0,53.0,53.0,15570100.0,52.0,14406500.0,10721709000.0,2480000000.0,2479931292.0,19372900.0,17062600.0,,0.0,0.0,0.0
2024-01-22,53.0,0.0,0.0,57.0,50.0,50.0,-3.0,2183170400.0,112999994800.0,65315.0,50.0,50.0,3027800.0,0.0,0.0,10721709000.0,2480000000.0,2479931292.0,90305000.0,96979300.0,,0.0,0.0,0.0
2024-01-23,50.0,0.0,0.0,53.0,50.0,50.0,0.0,813417600.0,41098983000.0,49657.0,50.0,50.0,11918600.0,0.0,0.0,10721709000.0,2480000000.0,2479931292.0,10426000.0,10886700.0,,0.0,0.0,0.0
2024-01-24,50.0,0.0,0.0,50.0,50.0,50.0,0.0,53607900.0,2680395000.0,4216.0,50.0,50.0,33514800.0,0.0,0.0,10721709000.0,2480000000.0,2479931292.0,0.0,0.0,,0.0,0.0,0.0
2024-01-25,50.0,0.0,0.0,50.0,50.0,50.0,0.0,1477400.0,73870000.0,281.0,50.0,50.0,86471200.0,0.0,0.0,10721709000.0,2480000000.0,2479931292.0,0.0,0.0,,95000.0,4180000.0,1.0
2024-01-26,50.0,0.0,0.0,50.0,50.0,50.0,0.0,1020800.0,51040000.0,233.0,50.0,50.0,90139500.0,0.0,0.0,10721709000.0,2480000000.0,2479931292.0,0.0,0.0,,0.0,0.0,0.0
2024-01-29,50.0,0.0,0.0,50.0,50.0,50.0,0.0,528900.0,26445000.0,152.0,50.0,50.0,88119100.0,0.0,0.0,10721709000.0,2480000000.0,2479931292.0,0.0,0.0,,0.0,0.0,0.0
2024-01-30,50.0,0.0,0.0,50.0,50.0,50.0,0.0,436900.0,21845000.0,165.0,50.0,50.0,103480700.0,0.0,0.0,10721709000.0,2480000000.0,2479931292.0,0.0,0.0,,298200.0,9043600.0,4.0
2024-01-31,50.0,0.0,0.0,50.0,50.0,50.0,0.0,1657800.0,82890000.0,196.0,50.0,50.0,102438300.0,0.0,0.0,10721709000.0,2480000000.0,2479931292.0,0.0,0.0,,0.0,0.0,0.0
2024-02-01,50.0,0.0,0.0,50.0,50.0,50.0,0.0,5839100.0,291955000.0,173.0,50.0,50.0,96241100.0,0.0,0.0,10721709000.0,2480000000.0,2479931292.0,0.0,5000000.0,,13500.0,594500.0,2.0
2024-02-02,50.0,0.0,0.0,50.0,50.0,50.0,0.0,315800.0,15790000.0,181.0,50.0,50.0,106526600.0,0.0,0.0,10721709000.0,2480000000.0,2479931292.0,0.0,0.0,,500.0,12500.0,1.0
2024-02-05,50.0,0.0,0.0,50.0,50.0,50.0,0.0,550900.0,27545000.0,81.0,50.0,50.0,120295900.0,0.0,0.0,10721709000.0,2480000000.0,2479931292.0,0.0,0.0,,225000.0,7960000.0,2.0
2024-02-06,50.0,0.0,0.0,50.0,50.0,50.0,0.0,1980600.0,99030000.0,95.0,50.0,50.0,124626100.0,0.0,0.0,10721709000.0,2480000000.0,2479931292.0,0.0,0.0,,0.0,0.0,0.0
2024-02-07,50.0,0.0,0.0,50.0,50.0,50.0,0.0,400800.0,20040000.0,77.0,50.0,50.0,115605000.0,0.0,0.0,10721709000.0,2480000000.0,2479931292.0,0.0,0.0,,61900.0,2166500.0,2.0
2024-02-12,50.0,0.0,0.0,50.0,50.0,50.0,0.0,684400.0,34220000.0,106.0,50.0,50.0,128316400.0,0.0,0.0,10721709000.0,2480000000.0,2479931292.0,0.0,0.0,,2700.0,111000.0,2.0
2024-02-13,50.0,0.0,0.0,50.0,50.0,50.0,0.0,496200.0,24810000.0,57.0,50.0,50.0,130273200.0,0.0,0.0,10721709000.0,2480000000.0,2479931292.0,496200.0,0.0,,0.0,0.0,0.0
2024-02-15,50.0,0.0,0.0,50.0,50.0,50.0,0.0,905900.0,45295000.0,120.0,50.0,50.0,118279000.0,0.0,0.0,10721709000.0,2480000000.0,2479931292.0,905900.0,0.0,,50000.0,1350000.0,2.0
2024-02-16,50.0,0.0,0.0,50.0,50.0,50.0,0.0,70500.0,3525000.0,52.0,50.0,50.0,120150500.0,0.0,0.0,10721709000.0,2480000000.0,2479931292.0,70500.0,0.0,,88600.0,3101000.0,2.0
2024-02-19,50.0,0.0,0.0,50.0,50.0,50.0,0.0,487500.0,24375000.0,72.0,50.0,50.0,114318400.0,0.0,0.0,10721709000.0,2480000000.0,2479931292.0,487500.0,0.0,,61000.0,1933700.0,4.0
2024-02-20,50.0,0.0,0.0,50.0,50.0,50.0,0.0,69100.0,3455000.0,43.0,50.0,50.0,119266200.0,0.0,0.0,10721709000.0,2480000000.0,2479931292.0,69100.0,0.0,,0.0,0.0,0.0
2024-02-21,50.0,0.0,0.0,50.0,50.0,50.0,0.0,305600.0,15280000.0,55.0,50.0,50.0,220016100.0,0.0,0.0,10721709000.0,2480000000.0,2479931292.0,0.0,0.0,,30000.0,940000.0,3.0
2024-02-22,50.0,0.0,0.0,50.0,50.0,50.0,0.0,240100.0,12005000.0,53.0,50.0,50.0,208861400.0,0.0,0.0,10721709000.0,2480000000.0,2479931292.0,240100.0,0.0,,50000.0,1800000.0,1.0
2024-02-23,50.0,0.0,0.0,50.0,50.0,50.0,0.0,44610300.0,2230515000.0,15254.0,50.0,50.0,87707600.0,0.0,0.0,10721709000.0,2480000000.0,2479931292.0,2730700.0,20000.0,,0.0,0.0,0.0
2024-02-26,50.0,0.0,0.0,50.0,50.0,50.0,0.0,1928200.0,96410000.0,115.0,50.0,50.0,127496000.0,0.0,0.0,10721709000.0,2480000000.0,2479931292.0,0.0,0.0,,500000.0,16500000.0,1.0
2024-02-27,50.0,0.0,0.0,50.0,50.0,50.0,0.0,141000.0,7050000.0,128.0,50.0,50.0,157577400.0,0.0,0.0,10721709000.0,2480000000.0,2479931292.0,0.0,0.0,,0.0,0.0,0.0
2024-02-28,50.0,0.0,0.0,50.0,50.0,50.0,0.0,15024400.0,751220000.0,4106.0,50.0,50.0,211476000.0,0.0,0.0,10721709000.0,2480000000.0,2479931292.0,0.0,1500000.0,,1500.0,75000.0,1.0
2024-02-29,50.0,0.0,0.0,50.0,50.0,50.0,0.0,96500.0,4825000.0,81.0,50.0,50.0,244894900.0,0.0,0.0,10721709000.0,2480000000.0,2479931292.0,0.0,0.0,,0.0,0.0,0.0
2024-03-01,50.0,0.0,0.0,50.0,50.0,50.0,0.0,6174700.0,308735000.0,1383.0,50.0,50.0,226058000.0,0.0,0.0,10721709000.0,2480000000.0,2479931292.0,0.0,0.0,,1054000.0,45305200.0,3.0
2024-03-04,50.0,0.0,0.0,50.0,50.0,50.0,0.0,3247900.0,162395000.0,3151.0,50.0,50.0,161892500.0,0.0,0.0,10721709000.0,2480000000.0,2479931292.0,0.0,0.0,,62500.0,2187500.0,1.0
2024-03-05,50.0,0.0,0.0,50.0,50.0,50.0,0.0,3402100.0,170105000.0,2148.0,50.0,50.0,160435300.0,0.0,0.0,10721709000.0,2480000000.0,2479931292.0,0.0,0.0,,486300.0,19277500.0,4.0
2024-03-06,50.0,0.0,0.0,50.0,50.0,50.0,0.0,170000.0,8500000.0,40.0,50.0,50.0,163080200.0,0.0,0.0,10721709000.0,2480000000.0,2479931292.0,0.0,0.0,,0.0,0.0,0.0
2024-03-07,50.0,0.0,0.0,50.0,50.0,50.0,0.0,108400.0,5420000.0,38.0,50.0,50.0,159966800.0,0.0,0.0,10721709000.0,2480000000.0,2479931292.0,0.0,0.0,,100.0,5000.0,1.0
2024-03-08,50.0,0.0,0.0,50.0,50.0,50.0,0.0,29300.0,1465000.0,35.0,50.0,50.0,158386200.0,0.0,0.0,10721709000.0,2480000000.0,2479931292.0,0.0,0.0,,150000.0,5250000.0,1.0
2024-03-13,50.0,0.0,0.0,50.0,50.0,50.0,0.0,86700.0,4335000.0,46.0,50.0,50.0,238032600.0,0.0,0.0,10721709000.0,2480000000.0,2479931292.0,0.0,0.0,,200100.0,8405000.0,2.0
2024-03-14,50.0,0.0,0.0,50.0,50.0,50.0,0.0,79100.0,3955000.0,36.0,50.0,50.0,168015800.0,0.0,0.0,10721709000.0,2480000000.0,2479931292.0,0.0,0.0,,0.0,0.0,0.0
2024-03-15,50.0,0.0,0.0,50.0,50.0,50.0,0.0,55100.0,2755000.0,19.0,50.0,50.0,244322600.0,0.0,0.0,10721709000.0,2480000000.0,2479931292.0,0.0,0.0,,100.0,5000.0,1.0
2024-03-18,50.0,0.0,0.0,50.0,50.0,50.0,0.0,52300.0,2615000.0,38.0,50.0,50.0,168210400.0,0.0,0.0,10721709000.0,2480000000.0,2479931292.0,0.0,0.0,,665000.0,8420000.0,4.0
2024-03-19,50.0,0.0,0.0,50.0,50.0,50.0,0.0,22800.0,1140000.0,25.0,50.0,50.0,197759200.0,0.0,0.0,10721709000.0,2480000000.0,2479931292.0,0.0,0.0,,76900.0,2307000.0,1.0
2024-03-20,50.0,0.0,0.0,50.0,50.0,50.0,0.0,99500.0,4975000.0,29.0,50.0,50.0,179056900.0,0.0,0.0,10721709000.0,2480000000.0,2479931292.0,0.0,0.0,,70000.0,2450000.0,1.0
2024-03-21,50.0,0.0,0.0,50.0,50.0,50.0,0.0,20500.0,1025000.0,17.0,50.0,50.0,185534700.0,0.0,0.0,10721709000.0,2480000000.0,2479931292.0,0.0,0.0,,260600.0,6679800.0,4.0
2024-03-22,50.0,0.0,0.0,50.0,50.0,50.0,0.0,96300.0,4815000.0,33.0,50.0,50.0,174974600.0,0.0,0.0,10721709000.0,2480000000.0,2479931292.0,0.0,0.0,,50000.0,1200000.0,1.0
2024-03-25,50.0,0.0,0.0,50.0,50.0,50.0,0.0,34000.0,1700000.0,26.0,50.0,50.0,188147500.0,0.0,0.0,10721709000.0,2480000000.0,2479931292.0,0.0,0.0,,50000.0,1500000.0,1.0
2024-03-26,50.0,0.0,0.0,50.0,50.0,50.0,0.0,12000.0,600000.0,40.0,50.0,50.0,199647600.0,0.0,0.0,10721709000.0,2480000000.0,2479931292.0,0.0,0.0,,130700.0,3921000.0,2.0
2024-03-27,50.0,0.0,0.0,50.0,50.0,50.0,0.0,29200.0,1460000.0,21.0,50.0,50.0,173718600.0,0.0,0.0,10721709000.0,2480000000.0,2479931292.0,0.0,0.0,,0.0,0.0,0.0
2024-03-28,50.0,0.0,0.0,50.0,50.0,50.0,0.0,192400.0,9620000.0,24.0,50.0,50.0,176705000.0,0.0,0.0,10721709000.0,2480000000.0,2479931292.0,0.0,0.0,,0.0,0.0,0.0
2024-04-01,50.0,0.0,0.0,50.0,50.0,50.0,0.0,9285000.0,464250000.0,896.0,50.0,50.0,165716200.0,0.0,0.0,10721709000.0,2480000000.0,2479931292.0,0.0,0.0,,256700.0,6364100.0,2.0
2024-04-02,50.0,0.0,0.0,50.0,50.0,50.0,0.0,347700.0,17385000.0,27.0,50.0,50.0,170860700.0,0.0,0.0,10721709000.0,2480000000.0,2479931292.0,0.0,0.0,,0.0,0.0,0.0
2024-04-03,50.0,0.0,0.0,50.0,50.0,50.0,0.0,48900.0,2445000.0,34.0,50.0,50.0,171747800.0,0.0,0.0,10721709000.0,2480000000.0,2479931292.0,0.0,0.0,,223100.0,4462000.0,2.0
2024-04-04,50.0,0.0,0.0,50.0,50.0,50.0,0.0,19400.0,970000.0,18.0,50.0,50.0,182739700.0,0.0,0.0,10721709000.0,2480000000.0,2479931292.0,0.0,0.0,,0.0,0.0,0.0
2024-04-05,50.0,0.0,0.0,50.0,50.0,50.0,0.0,39300.0,1965000.0,22.0,50.0,50.0,151777600.0,0.0,0.0,10721709000.0,2480000000.0,2479931292.0,0.0,0.0,,0.0,0.0,0.0
2024-04-16,50.0,0.0,0.0,50.0,50.0,50.0,0.0,38000.0,1900000.0,42.0,50.0,50.0,180213700.0,0.0,0.0,10721709000.0,2480000000.0,2479931292.0,0.0,0.0,,0.0,0.0,0.0
2024-04-17,50.0,0.0,0.0,50.0,50.0,50.0,0.0,78700.0,3935000.0,25.0,50.0,50.0,188233800.0,0.0,0.0,10721709000.0,2480000000.0,2479931292.0,0.0,0.0,,0.0,0.0,0.0
2024-04-18,50.0,0.0,0.0,50.0,50.0,50.0,0.0,22100.0,1105000.0,35.0,50.0,50.0,177676000.0,0.0,0.0,10721709000.0,2480000000.0,2479931292.0,0.0,0.0,,0.0,0.0,0.0
2024-04-19,50.0,0.0,0.0,50.0,50.0,50.0,0.0,28000.0,1400000.0,18.0,50.0,50.0,167838000.0,0.0,0.0,10721709000.0,2480000000.0,2479931292.0,0.0,0.0,,0.0,0.0,0.0
2024-04-22,50.0,0.0,0.0,50.0,50.0,50.0,0.0,64900.0,3245000.0,28.0,50.0,50.0,165988000.0,0.0,0.0,10721714150.0,2480005150.0,2479931292.0,0.0,0.0,,544800.0,30636000.0,2.0
2024-04-23,50.0,0.0,0.0,50.0,50.0,50.0,0.0,47900.0,2395000.0,21.0,50.0,50.0,172935500.0,0.0,0.0,10721717226.0,2480008226.0,2479931292.0,0.0,0.0,,0.0,0.0,0.0
2024-04-24,50.0,0.0,0.0,50.0,50.0,50.0,0.0,43700.0,2185000.0,22.0,50.0,50.0,167140900.0,0.0,0.0,10721717253.0,2480008253.0,2479931292.0,0.0,0.0,,200400.0,3008000.0,2.0
2024-04-25,50.0,0.0,0.0,50.0,50.0,50.0,0.0,43900.0,2195000.0,23.0,50.0,50.0,162970100.0,0.0,0.0,10721717253.0,2480008253.0,2479931292.0,0.0,0.0,,604100.0,13861500.0,2.0
2024-04-26,50.0,0.0,0.0,50.0,50.0,50.0,0.0,30100.0,1505000.0,26.0,50.0,50.0,140769500.0,0.0,0.0,10721717354.0,2480008354.0,2479931292.0,0.0,0.0,,672000.0,16800000.0,1.0
2024-04-29,50.0,0.0,0.0,50.0,50.0,50.0,0.0,65100.0,3255000.0,23.0,50.0,50.0,146874400.0,0.0,0.0,10721717530.0,2480008530.0,2479931292.0,0.0,0.0,,168000.0,4200000.0,1.0
2024-04-30,50.0,0.0,0.0,50.0,50.0,50.0,0.0,114700.0,5735000.0,31.0,50.0,50.0,149043100.0,0.0,0.0,10721717705.0,2480008705.0,2479931292.0,0.0,0.0,,17000.0,340000.0,1.0
2024-05-02,50.0,0.0,0.0,50.0,50.0,50.0,0.0,77800.0,3890000.0,35.0,50.0,50.0,144196700.0,0.0,0.0,10721717705.0,2480008705.0,2479931292.0,0.0,0.0,,51400.0,1028000.0,1.0
2024-05-03,50.0,0.0,0.0,50.0,50.0,50.0,0.0,7900.0,395000.0,16.0,50.0,50.0,117517800.0,0.0,0.0,10721717765.0,2480008765.0,2479931292.0,0.0,0.0,,160000.0,3200000.0,1.0
2024-05-06,50.0,0.0,0.0,50.0,50.0,50.0,0.0,32300.0,1615000.0,22.0,50.0,50.0,132204100.0,0.0,0.0,10721717765.0,2480008765.0,2479931292.0,0.0,0.0,,100000.0,2500000.0,1.0
2024-05-07,50.0,0.0,0.0,50.0,50.0,50.0,0.0,101200.0,5060000.0,43.0,50.0,50.0,124145000.0,0.0,0.0,10721717990.0,2480008990.0,2479931292.0,0.0,0.0,,0.0,0.0,0.0
2024-05-08,50.0,0.0,0.0,50.0,50.0,50.0,0.0,192300.0,9615000.0,25.0,50.0,50.0,136626800.0,0.0,0.0,10721718065.0,2480009065.0,2479931292.0,0.0,0.0,,250000.0,5000000.0,1.0
2024-05-13,50.0,0.0,0.0,50.0,50.0,50.0,0.0,19700.0,985000.0,20.0,50.0,50.0,124593100.0,0.0,0.0,10721718140.0,2480009140.0,2479931292.0,0.0,0.0,,170000.0,3400000.0,2.0
2024-05-14,50.0,0.0,0.0,50.0,50.0,50.0,0.0,58900.0,2945000.0,22.0,50.0,50.0,161342500.0,0.0,0.0,10721718215.0,2480009215.0,2479931292.0,0.0,0.0,,0.0,0.0,0.0
2024-05-15,50.0,0.0,0.0,50.0,50.0,50.0,0.0,402200.0,20110000.0,17.0,50.0,50.0,141704800.0,0.0,0.0,10721718215.0,2480009215.0,2479931292.0,0.0,0.0,,0.0,0.0,0.0
2024-05-16,50.0,0.0,0.0,50.0,50.0,50.0,0.0,56800.0,2840000.0,23.0,50.0,50.0,149331800.0,0.0,0.0,10721718215.0,2480009215.0,2479931292.0,0.0,0.0,,0.0,0.0,0.0
2024-05-17,50.0,0.0,0.0,50.0,50.0,50.0,0.0,578500.0,28925000.0,19.0,50.0,50.0,157720500.0,0.0,0.0,10721718427.0,2480009427.0,2479931292.0,0.0,0.0,,700000.0,39000000.0,2.0
2024-05-20,50.0,0.0,0.0,50.0,50.0,50.0,0.0,46500.0,2325000.0,20.0,50.0,50.0,137760900.0,0.0,0.0,10721718603.0,2480009603.0,2479931292.0,0.0,0.0,,0.0,0.0,0.0
2024-05-21,50.0,0.0,0.0,50.0,50.0,50.0,0.0,5000.0,250000.0,13.0,50.0,50.0,135977400.0,0.0,0.0,10721718653.0,2480009653.0,2479931292.0,0.0,0.0,,0.0,0.0,0.0
2024-05-22,50.0,0.0,0.0,50.0,50.0,50.0,0.0,11200.0,560000.0,35.0,50.0,50.0,228009200.0,0.0,0.0,10721718654.0,2480009654.0,2479931292.0,0.0,0.0,,1875700.0,24547900.0,5.0
2024-05-27,50.0,0.0,0.0,50.0,50.0,50.0,0.0,36100.0,1805000.0,19.0,50.0,50.0,149842000.0,0.0,0.0,10721718829.0,2480009829.0,2479931292.0,0.0,0.0,,500000.0,8500000.0,1.0
2024-05-28,50.0,0.0,0.0,50.0,50.0,50.0,0.0,8100.0,405000.0,17.0,50.0,50.0,170194300.0,0.0,0.0,10721718854.0,2480009854.0,2479931292.0,0.0,0.0,,56800.0,965600.0,1.0
2024-05-29,50.0,0.0,0.0,50.0,50.0,50.0,0.0,25800.0,1290000.0,12.0,50.0,50.0,154426600.0,0.0,0.0,10721719004.0,2480010004.0,2479931292.0,0.0,0.0,,750000.0,30000000.0,1.0
2024-05-30,50.0,0.0,0.0,50.0,50.0,50.0,0.0,5300.0,265000.0,36.0,50.0,50.0,163391400.0,0.0,0.0,10721719080.0,2480010080.0,2479931292.0,0.0,0.0,,93300.0,1399500.0,1.0
2024-05-31,50.0,0.0,0.0,50.0,50.0,50.0,0.0,46000.0,2300000.0,31.0,50.0,50.0,243733900.0,0.0,0.0,10721719080.0,10721719080.0,2479931292.0,0.0,0.0,,193500.0,3289500.0,1.0
2024-06-03,50.0,0.0,0.0,50.0,50.0,50.0,0.0,27900.0,1395000.0,18.0,50.0,50.0,165529700.0,0.0,0.0,10721719206.0,10721719206.0,2479931292.0,0.0,0.0,,0.0,0.0,0.0
2024-06-04,50.0,0.0,0.0,50.0,50.0,50.0,0.0,13500.0,675000.0,8.0,50.0,50.0,182966500.0,0.0,0.0,10721719356.0,10721719356.0,2479931292.0,0.0,0.0,,0.0,0.0,0.0
2024-06-05,50.0,0.0,0.0,50.0,50.0,50.0,0.0,61700.0,3085000.0,18.0,50.0,50.0,175756100.0,0.0,0.0,10721719656.0,10721719656.0,2479931292.0,0.0,0.0,,0.0,0.0,0.0
2024-06-06,50.0,0.0,0.0,50.0,50.0,50.0,0.0,9600.0,480000.0,11.0,50.0,50.0,282004400.0,0.0,0.0,10721719656.0,10721719656.0,2479931292.0,0.0,0.0,,557100.0,8356500.0,2.0
2024-06-07,50.0,0.0,0.0,50.0,50.0,50.0,0.0,8500.0,425000.0,6.0,50.0,50.0,183475300.0,0.0,0.0,10721719656.0,10721719656.0,2479931292.0,0.0,0.0,,0.0,0.0,0.0
2024-06-10,50.0,0.0,0.0,50.0,50.0,50.0,0.0,145000.0,7250000.0,13.0,50.0,50.0,194133300.0,0.0,0.0,10721719656.0,10721719656.0,2479931292.0,0.0,0.0,,0.0,0.0,0.0
2024-06-11,50.0,0.0,0.0,50.0,50.0,50.0,0.0,65900.0,3295000.0,12.0,50.0,50.0,285674200.0,0.0,0.0,10721719656.0,10721719656.0,2479931292.0,0.0,0.0,,0.0,0.0,0.0
2024-06-12,50.0,0.0,0.0,50.0,50.0,50.0,0.0,20400.0,1020000.0,12.0,50.0,50.0,305560600.0,0.0,0.0,10721719706.0,10721719706.0,2479931292.0,0.0,0.0,,400000.0,6400000.0,2.0
2024-06-13,50.0,0.0,0.0,50.0,50.0,50.0,0.0,81000.0,4050000.0,4.0,50.0,50.0,165982000.0,0.0,0.0,10721719706.0,10721719706.0,2479931292.0,0.0,0.0,,900000.0,15250000.0,3.0
2024-06-14,50.0,0.0,0.0,50.0,50.0,50.0,0.0,57600.0,2880000.0,7.0,50.0,50.0,208036000.0,0.0,0.0,10721719865.0,10721719865.0,2479931292.0,0.0,0.0,,0.0,0.0,0.0
2024-06-19,50.0,0.0,0.0,50.0,50.0,50.0,0.0,5300.0,265000.0,9.0,50.0,50.0,195065600.0,0.0,0.0,10721719990.0,10721719990.0,2479931292.0,0.0,0.0,,0.0,0.0,0.0
2024-06-20,50.0,0.0,0.0,50.0,50.0,50.0,0.0,5800.0,290000.0,8.0,50.0,50.0,182769700.0,0.0,0.0,10721724415.0,10721724415.0,2479931292.0,0.0,0.0,,0.0,0.0,0.0
2024-06-21,50.0,0.0,0.0,50.0,50.0,50.0,0.0,108600.0,5430000.0,20.0,50.0,50.0,181575500.0,0.0,0.0,10721724415.0,10721724415.0,2479931292.0,0.0,0.0,,0.0,0.0,0.0
2024-06-24,50.0,0.0,0.0,50.0,50.0,50.0,0.0,7200.0,360000.0,12.0,50.0,50.0,164853000.0,0.0,0.0,10721724515.0,10721724515.0,2479931292.0,0.0,0.0,,5300000.0,265000000.0,1.0
2024-06-25,50.0,0.0,0.0,50.0,50.0,50.0,0.0,3200.0,160000.0,6.0,50.0,50.0,169240900.0,0.0,0.0,10721724565.0,10721724565.0,2479931292.0,0.0,0.0,,287500.0,11040000.0,2.0
2024-06-26,50.0,0.0,0.0,50.0,50.0,50.0,0.0,8900.0,445000.0,12.0,50.0,50.0,165684300.0,0.0,0.0,10721724565.0,10721724565.0,2479931292.0,0.0,0.0,,4000000.0,204000000.0,1.0
2024-06-27,50.0,0.0,0.0,50.0,50.0,50.0,0.0,2700.0,135000.0,9.0,50.0,50.0,184109400.0,0.0,0.0,10721724740.0,10721724740.0,2479931292.0,0.0,0.0,,5300000.0,275600000.0,1.0
2024-06-28,50.0,0.0,0.0,50.0,50.0,50.0,0.0,11500.0,575000.0,9.0,50.0,50.0,161599600.0,0.0,0.0,10721724740.0,10721724740.0,2479931292.0,0.0,0.0,,100.0,500.0,1.0
2024-07-01,50.0,0.0,0.0,50.0,50.0,50.0,0.0,6900.0,345000.0,14.0,50.0,50.0,158340600.0,0.0,0.0,10721724865.0,10721724865.0,2479934857.0,0.0,0.0,,5850000.0,289250000.0,2.0
2024-07-02,50.0,0.0,0.0,50.0,50.0,50.0,0.0,44700.0,2235000.0,10.0,50.0,50.0,172183700.0,0.0,0.0,10721724865.0,10721724865.0,2479934857.0,0.0,0.0,,850000.0,34850000.0,1.0
2024-07-03,50.0,0.0,0.0,50.0,50.0,50.0,0.0,892200.0,44610000.0,24.0,50.0,50.0,170377600.0,0.0,0.0,10721724915.0,10721724915.0,2479934857.0,0.0,0.0,,56900.0,1138000.0,1.0
2024-07-04,50.0,0.0,0.0,50.0,50.0,50.0,0.0,2266000.0,113300000.0,57.0,50.0,50.0,171672400.0,0.0,0.0,10721725040.0,10721725040.0,2479934857.0,0.0,0.0,,140300.0,1403000.0,1.0
2024-07-05,50.0,0.0,0.0,50.0,50.0,50.0,0.0,36800.0,1840000.0,18.0,50.0,50.0,189567500.0,0.0,0.0,10721725040.0,10721725040.0,2479934857.0,0.0,0.0,,0.0,0.0,0.0
2024-07-08,50.0,0.0,0.0,50.0,50.0,50.0,0.0,263400.0,13170000.0,27.0,50.0,50.0,175909300.0,0.0,0.0,10721725191.0,10721725191.0,2479934857.0,0.0,0.0,,0.0,0.0,0.0
2024-07-09,50.0,0.0,0.0,50.0,50.0,50.0,0.0,52700.0,2635000.0,21.0,50.0,50.0,166761500.0,0.0,0.0,10721725191.0,10721725191.0,2479934857.0,0.0,0.0,,0.0,0.0,0.0
2024-07-10,50.0,0.0,0.0,50.0,50.0,50.0,0.0,2857200.0,142860000.0,67.0,50.0,50.0,160340200.0,0.0,0.0,10721725316.0,10721725316.0,2479934857.0,0.0,0.0,,0.0,0.0,0.0
2024-07-11,50.0,0.0,0.0,50.0,50.0,50.0,0.0,18900.0,945000.0,14.0,50.0,50.0,159215500.0,0.0,0.0,10721725316.0,10721725316.0,2479934857.0,0.0,0.0,,10000.0,150000.0,1.0
2024-07-12,50.0,0.0,0.0,50.0,50.0,50.0,0.0,10200.0,510000.0,18.0,50.0,50.0,165599400.0,0.0,0.0,10721725416.0,10721725416.0,2479934857.0,0.0,0.0,,0.0,0.0,0.0
2024-07-15,50.0,0.0,0.0,50.0,50.0,50.0,0.0,113000.0,5650000.0,16.0,50.0,50.0,172719100.0,0.0,0.0,10721725566.0,10721725566.0,2479934857.0,0.0,0.0,,0.0,0.0,0.0
2024-07-16,50.0,0.0,0.0,50.0,50.0,50.0,0.0,22100.0,1105000.0,20.0,50.0,50.0,158078800.0,0.0,0.0,10721754570.0,10721754570.0,2479934857.0,0.0,0.0,,50000.0,500000.0,1.0
2024-07-17,50.0,0.0,0.0,50.0,50.0,50.0,0.0,73100.0,3655000.0,20.0,50.0,50.0,162877900.0,0.0,0.0,10721755070.0,10721755070.0,2479934857.0,0.0,0.0,,0.0,0.0,0.0
2024-07-18,50.0,0.0,0.0,50.0,50.0,50.0,0.0,51500.0,2575000.0,15.0,50.0,50.0,162489000.0,0.0,0.0,10721755095.0,10721755095.0,2479934857.0,0.0,0.0,,0.0,0.0,0.0
2024-07-19,50.0,0.0,0.0,50.0,50.0,50.0,0.0,38600.0,1930000.0,19.0,50.0,50.0,161241100.0,0.0,0.0,10721755195.0,10721755195.0,2479934857.0,0.0,0.0,,114200.0,1370400.0,1.0
2024-07-22,50.0,0.0,0.0,50.0,50.0,50.0,0.0,67100.0,3355000.0,25.0,50.0,50.0,162919500.0,0.0,0.0,10721755245.0,10721755245.0,2479934857.0,0.0,0.0,,0.0,0.0,0.0
2024-07-23,50.0,0.0,0.0,50.0,50.0,50.0,0.0,27800.0,1390000.0,24.0,50.0,50.0,143660300.0,0.0,0.0,10721755245.0,10721755245.0,2479934857.0,0.0,0.0,,0.0,0.0,0.0
2024-07-24,50.0,0.0,0.0,50.0,50.0,50.0,0.0,38600.0,1930000.0,17.0,50.0,50.0,147528800.0,0.0,0.0,10721755420.0,10721755420.0,2479934857.0,0.0,0.0,,2100.0,73500.0,1.0
2024-07-25,50.0,0.0,0.0,50.0,50.0,50.0,0.0,16800.0,840000.0,28.0,50.0,50.0,135759100.0,0.0,0.0,10721755495.0,10721755495.0,2479934857.0,0.0,0.0,,0.0,0.0,0.0
2024-07-26,50.0,0.0,0.0,50.0,50.0,50.0,0.0,21000.0,1050000.0,12.0,50.0,50.0,145678600.0,0.0,0.0,10721755872.0,10721755872.0,2479934857.0,0.0,0.0,,0.0,0.0,0.0
2024-07-29,50.0,0.0,0.0,50.0,50.0,50.0,0.0,100000.0,5000000.0,28.0,50.0,50.0,143453300.0,0.0,0.0,10721755872.0,10721755872.0,2479934857.0,0.0,0.0,,20400.0,1005300.0,2.0
2024-07-30,50.0,0.0,0.0,50.0,50.0,50.0,0.0,44300.0,2215000.0,25.0,50.0,50.0,143474800.0,0.0,0.0,10721755922.0,10721755922.0,2479934857.0,0.0,0.0,,0.0,0.0,0.0
2024-07-31,50.0,0.0,0.0,50.0,50.0,50.0,0.0,17500.0,875000.0,14.0,50.0,50.0,149806800.0,0.0,0.0,10721755922.0,10721755922.0,2479934857.0,0.0,0.0,,1000.0,50000.0,1.0
2024-08-01,50.0,0.0,0.0,50.0,50.0,50.0,0.0,21300.0,1065000.0,17.0,50.0,50.0,140630400.0,0.0,0.0,10721755922.0,10721755922.0,2479934857.0,0.0,0.0,,0.0,0.0,0.0
2024-08-02,50.0,0.0,0.0,50.0,50.0,50.0,0.0,54600.0,2730000.0,15.0,50.0,50.0,142442000.0,0.0,0.0,10721755972.0,10721755972.0,2479934857.0,0.0,0.0,,0.0,0.0,0.0
2024-08-05,50.0,0.0,0.0,50.0,50.0,50.0,0.0,73200.0,3660000.0,13.0,50.0,50.0,164510300.0,0.0,0.0,10721755972.0,10721755972.0,2479934857.0,0.0,0.0,,0.0,0.0,0.0
2024-08-06,50.0,0.0,0.0,50.0,50.0,50.0,0.0,54000.0,2700000.0,16.0,50.0,50.0,140011200.0,0.0,0.0,10721755972.0,10721755972.0,2479934857.0,0.0,0.0,,0.0,0.0,0.0
2024-08-07,50.0,0.0,0.0,50.0,50.0,50.0,0.0,15000.0,750000.0,12.0,50.0,50.0,145728400.0,0.0,0.0,10721755997.0,10721755997.0,2479934857.0,0.0,0.0,,166000.0,3698400.0,2.0
2024-08-08,50.0,0.0,0.0,50.0,50.0,50.0,0.0,11600.0,580000.0,10.0,50.0,50.0,140473400.0,0.0,0.0,10721756072.0,10721756072.0,2479934857.0,0.0,0.0,,392300.0,9807500.0,1.0
2024-08-09,50.0,0.0,0.0,50.0,50.0,50.0,0.0,36400.0,1820000.0,39.0,50.0,50.0,145900700.0,0.0,0.0,10721756122.0,10721756122.0,2479934857.0,0.0,0.0,,46200.0,1155000.0,1.0
2024-08-12,50.0,0.0,0.0,50.0,50.0,50.0,0.0,215800.0,10790000.0,23.0,50.0,50.0,151535200.0,0.0,0.0,10721756122.0,10721756122.0,2479934857.0,0.0,0.0,,0.0,0.0,0.0
2024-08-13,50.0,0.0,0.0,50.0,50.0,50.0,0.0,8100.0,405000.0,14.0,50.0,50.0,149730600.0,0.0,0.0,10721756222.0,10721756222.0,2479934857.0,0.0,0.0,,0.0,0.0,0.0
2024-08-14,50.0,0.0,0.0,50.0,50.0,50.0,0.0,76500.0,3825000.0,15.0,50.0,50.0,153065300.0,0.0,0.0,10721756272.0,10721756272.0,2479934857.0,0.0,0.0,,0.0,0.0,0.0
2024-08-15,50.0,0.0,0.0,50.0,50.0,50.0,0.0,32200.0,1610000.0,18.0,50.0,50.0,150998600.0,0.0,0.0,10721756272.0,10721756272.0,2479934857.0,0.0,0.0,,0.0,0.0,0.0
2024-08-16,50.0,0.0,0.0,50.0,50.0,50.0,0.0,45500.0,2275000.0,10.0,50.0,50.0,132273400.0,0.0,0.0,10721756272.0,10721756272.0,2479934857.0,0.0,0.0,,0.0,0.0,0.0
2024-08-19,50.0,0.0,0.0,50.0,50.0,50.0,0.0,67600.0,3380000.0,15.0,50.0,50.0,150612400.0,0.0,0.0,10721756347.0,10721756347.0,2479934857.0,0.0,0.0,,0.0,0.0,0.0
2024-08-20,50.0,0.0,0.0,50.0,50.0,50.0,0.0,38700.0,1935000.0,18.0,50.0,50.0,129989400.0,0.0,0.0,10721756347.0,10721756347.0,2479934857.0,0.0,0.0,,0.0,0.0,0.0
2024-08-21,50.0,0.0,0.0,50.0,50.0,50.0,0.0,24400.0,1220000.0,13.0,50.0,50.0,138972600.0,0.0,0.0,10721758686.0,10721758686.0,2479934857.0,0.0,0.0,,0.0,0.0,0.0
2024-08-22,50.0,0.0,0.0,50.0,50.0,50.0,0.0,40100.0,2005000.0,18.0,50.0,50.0,138336300.0,0.0,0.0,10721758686.0,10721758686.0,2479934857.0,0.0,0.0,,0.0,0.0,0.0
2024-08-23,50.0,0.0,0.0,50.0,50.0,50.0,0.0,28700.0,1435000.0,9.0,50.0,50.0,142010900.0,0.0,0.0,10721758786.0,10721758786.0,2479934857.0,0.0,0.0,,0.0,0.0,0.0
2024-08-26,50.0,0.0,0.0,50.0,50.0,50.0,0.0,13300.0,665000.0,17.0,50.0,50.0,143723600.0,0.0,0.0,10721758786.0,10721758786.0,2479934857.0,0.0,0.0,,0.0,0.0,0.0
2024-08-27,50.0,0.0,0.0,50.0,50.0,50.0,0.0,42700.0,2135000.0,17.0,50.0,50.0,135874500.0,0.0,0.0,10721758802.0,10721758802.0,2479934857.0,0.0,0.0,,0.0,0.0,0.0
2024-08-28,50.0,0.0,0.0,50.0,50.0,50.0,0.0,436600.0,21830000.0,31.0,50.0,50.0,136020000.0,0.0,0.0,10721762677.0,10721762677.0,2479934857.0,0.0,0.0,,0.0,0.0,0.0
2024-08-29,50.0,0.0,0.0,50.0,50.0,50.0,0.0,35200.0,1760000.0,12.0,50.0,50.0,188448700.0,0.0,0.0,10721762677.0,10721762677.0,2479934857.0,0.0,0.0,,0.0,0.0,0.0
2024-08-30,50.0,0.0,0.0,50.0,50.0,50.0,0.0,19000.0,950000.0,17.0,50.0,50.0,183549300.0,0.0,0.0,10721762727.0,10721762727.0,2479934857.0,0.0,0.0,,175500.0,4036500.0,1.0
2024-09-02,50.0,0.0,0.0,50.0,50.0,50.0,0.0,1032600.0,51630000.0,42.0,50.0,50.0,163248700.0,0.0,0.0,10721762802.0,10721762802.0,2479934857.0,0.0,0.0,,0.0,0.0,0.0
2024-09-03,50.0,0.0,0.0,50.0,50.0,50.0,0.0,33200.0,1660000.0,13.0,50.0,50.0,162344200.0,0.0,0.0,10721766102.0,10721766102.0,2479934857.0,0.0,0.0,,0.0,0.0,0.0
2024-09-04,50.0,0.0,0.0,50.0,50.0,50.0,0.0,134600.0,6730000.0,25.0,50.0,50.0,179741000.0,0.0,0.0,10721766177.0,10721766177.0,2479934857.0,0.0,0.0,,114300.0,2628900.0,1.0
2024-09-05,50.0,0.0,0.0,50.0,50.0,50.0,0.0,114000.0,5700000.0,26.0,50.0,50.0,187587200.0,0.0,0.0,10721766247.0,10721766247.0,2479934857.0,0.0,0.0,,0.0,0.0,0.0
2024-09-06,50.0,0.0,0.0,50.0,50.0,50.0,0.0,55700.0,2785000.0,20.0,50.0,50.0,208010800.0,0.0,0.0,10721766247.0,10721766247.0,2479934857.0,0.0,0.0,,0.0,0.0,0.0
2024-09-09,50.0,0.0,0.0,50.0,50.0,50.0,0.0,37200.0,1860000.0,24.0,50.0,50.0,174288300.0,0.0,0.0,10721766322.0,10721766322.0,2479934857.0,0.0,0.0,,0.0,0.0,0.0
2024-09-10,50.0,0.0,0.0,50.0,50.0,50.0,0.0,118400.0,5920000.0,16.0,50.0,50.0,197356000.0,0.0,0.0,10721766322.0,10721766322.0,2479934857.0,0.0,0.0,,0.0,0.0,0.0
2024-09-11,50.0,0.0,0.0,50.0,50.0,50.0,0.0,43100.0,2155000.0,18.0,50.0,50.0,200771200.0,0.0,0.0,10721766322.0,10721766322.0,2479934857.0,0.0,0.0,,58300.0,874500.0,1.0
2024-09-12,50.0,0.0,0.0,50.0,50.0,50.0,0.0,42100.0,2105000.0,19.0,50.0,50.0,203936700.0,0.0,0.0,10721766347.0,10721766347.0,2479934857.0,0.0,0.0,,0.0,0.0,0.0
2024-09-13,50.0,0.0,0.0,50.0,50.0,50.0,0.0,507700.0,25385000.0,24.0,50.0,50.0,198092300.0,0.0,0.0,10721766386.0,10721766386.0,2479934857.0,0.0,0.0,,130000.0,3900000.0,1.0
2024-09-17,50.0,0.0,0.0,50.0,50.0,50.0,0.0,20800.0,1040000.0,17.0,50.0,50.0,196304000.0,0.0,0.0,10721766386.0,10721766386.0,2479934857.0,0.0,0.0,,140000.0,2100000.0,1.0
2024-09-18,50.0,0.0,0.0,50.0,50.0,50.0,0.0,26600.0,1330000.0,21.0,50.0,50.0,185320900.0,0.0,0.0,10721766436.0,10721766436.0,2479934857.0,0.0,0.0,,286100.0,14305000.0,1.0
2024-09-19,50.0,0.0,0.0,50.0,50.0,50.0,0.0,291600.0,14580000.0,17.0,50.0,50.0,197235500.0,0.0,0.0,10721766436.0,10721766436.0,2479934857.0,0.0,0.0,,0.0,0.0,0.0
2024-09-20,50.0,0.0,0.0,50.0,50.0,50.0,0.0,21300.0,1065000.0,17.0,50.0,50.0,189821700.0,0.0,0.0,10721769236.0,10721769236.0,2479934857.0,0.0,0.0,,0.0,0.0,0.0
2024-09-23,50.0,0.0,0.0,50.0,50.0,50.0,0.0,43900.0,2195000.0,23.0,50.0,50.0,186073800.0,0.0,0.0,10721769272.0,10721769272.0,2479934857.0,0.0,0.0,,0.0,0.0,0.0
2024-09-24,50.0,0.0,0.0,50.0,50.0,50.0,0.0,25000.0,1250000.0,14.0,50.0,50.0,188490200.0,0.0,0.0,10721769539.0,10721769539.0,2479934857.0,0.0,0.0,,100000.0,1500000.0,1.0
2024-09-25,50.0,0.0,0.0,50.0,50.0,50.0,0.0,8279100.0,413955000.0,5918.0,50.0,50.0,179037000.0,0.0,0.0,10721769539.0,10721769539.0,2479934857.0,0.0,0.0,,40600.0,633500.0,2.0
2024-09-26,50.0,0.0,0.0,50.0,50.0,50.0,0.0,69600.0,3480000.0,18.0,50.0,50.0,199107600.0,0.0,0.0,10721769539.0,10721769539.0,2479934857.0,0.0,0.0,,300.0,16200.0,1.0
2024-09-27,50.0,0.0,0.0,50.0,50.0,50.0,0.0,15700.0,785000.0,14.0,50.0,50.0,297043800.0,0.0,0.0,10721769539.0,10721769539.0,2479934857.0,0.0,0.0,,0.0,0.0,0.0
2024-09-30,50.0,0.0,0.0,50.0,50.0,50.0,0.0,22100.0,1105000.0,11.0,50.0,50.0,223896000.0,0.0,0.0,10721769614.0,10721769614.0,2479934857.0,0.0,0.0,,0.0,0.0,0.0
2024-10-01,50.0,0.0,0.0,50.0,50.0,50.0,0.0,24000.0,1200000.0,16.0,50.0,50.0,193867900.0,0.0,0.0,10721769639.0,10721769639.0,2479945224.0,0.0,0.0,,0.0,0.0,0.0
2024-10-02,50.0,0.0,0.0,50.0,50.0,50.0,0.0,6600.0,330000.0,11.0,50.0,50.0,224043300.0,0.0,0.0,10721769639.0,10721769639.0,2479945224.0,0.0,0.0,,200000.0,4000000.0,1.0
2024-10-03,50.0,0.0,0.0,50.0,50.0,50.0,0.0,12800.0,640000.0,10.0,50.0,50.0,223375500.0,0.0,0.0,10721770331.0,10721770331.0,2479945224.0,0.0,0.0,,67400.0,1011000.0,1.0
2024-10-04,50.0,0.0,0.0,50.0,50.0,50.0,0.0,100700.0,5035000.0,26.0,50.0,50.0,195691100.0,0.0,0.0,10721770331.0,10721770331.0,2479945224.0,0.0,0.0,,800.0,40000.0,1.0
2024-10-07,50.0,0.0,0.0,50.0,50.0,50.0,0.0,3600.0,180000.0,11.0,50.0,50.0,196136500.0,0.0,0.0,10721797578.0,10721797578.0,2479945224.0,0.0,0.0,,0.0,0.0,0.0
2024-10-08,50.0,0.0,0.0,50.0,50.0,50.0,0.0,31500.0,1575000.0,17.0,50.0,50.0,181579800.0,0.0,0.0,10721798725.0,10721798725.0,2479945224.0,0.0,0.0,,0.0,0.0,0.0
2024-10-09,50.0,0.0,0.0,50.0,50.0,50.0,0.0,281000.0,14050000.0,14.0,50.0,50.0,182818800.0,0.0,0.0,10721807705.0,10721807705.0,2479945224.0,0.0,0.0,,0.0,0.0,0.0
2024-10-10,50.0,0.0,0.0,50.0,50.0,50.0,0.0,23600.0,1180000.0,13.0,50.0,50.0,158715900.0,0.0,0.0,10721812102.0,10721812102.0,2479945224.0,0.0,0.0,,600.0,30000.0,1.0
2024-10-11,50.0,0.0,0.0,50.0,50.0,50.0,0.0,4256200.0,212810000.0,768.0,50.0,50.0,171756600.0,0.0,0.0,10721833445.0,10721833445.0,2479945224.0,0.0,0.0,,57500.0,862500.0,1.0
2024-10-14,50.0,0.0,0.0,50.0,50.0,50.0,0.0,67700.0,3385000.0,32.0,50.0,50.0,201560600.0,0.0,0.0,10721835562.0,10721835562.0,2479945224.0,0.0,0.0,,0.0,0.0,0.0
2024-10-15,50.0,0.0,0.0,50.0,50.0,50.0,0.0,92500.0,4625000.0,25.0,50.0,50.0,189962600.0,0.0,0.0,10721835562.0,10721835562.0,2479945224.0,0.0,0.0,,1000.0,59000.0,1.0
2024-10-16,50.0,0.0,0.0,50.0,50.0,50.0,0.0,27400.0,1370000.0,13.0,50.0,50.0,272219500.0,0.0,0.0,10721835562.0,10721835562.0,2479945224.0,0.0,0.0,,1500.0,87000.0,1.0
2024-10-17,50.0,0.0,0.0,50.0,50.0,50.0,0.0,3904600.0,195230000.0,134.0,50.0,50.0,215725200.0,0.0,0.0,10721835562.0,10721835562.0,2479945224.0,0.0,0.0,,500.0,25000.0,1.0
2024-10-18,50.0,0.0,0.0,50.0,50.0,50.0,0.0,46600.0,2330000.0,20.0,50.0,50.0,185262900.0,0.0,0.0,10721835562.0,10721835562.0,2479945224.0,0.0,0.0,,42200.0,633000.0,1.0
2024-10-21,50.0,0.0,0.0,50.0,50.0,50.0,0.0,18600.0,930000.0,9.0,50.0,50.0,194396300.0,0.0,0.0,10721835562.0,10721835562.0,2479945224.0,0.0,0.0,,0.0,0.0,0.0
2024-10-22,50.0,0.0,0.0,50.0,50.0,50.0,0.0,38000.0,1900000.0,14.0,50.0,50.0,196817700.0,0.0,0.0,10721835562.0,10721835562.0,2479945224.0,0.0,0.0,,0.0,0.0,0.0
2024-10-23,50.0,0.0,0.0,50.0,50.0,50.0,0.0,76000.0,3800000.0,16.0,50.0,50.0,202449300.0,0.0,0.0,10721835562.0,10721835562.0,2479945224.0,0.0,0.0,,0.0,0.0,0.0
2024-10-24,50.0,0.0,0.0,50.0,50.0,50.0,0.0,21400.0,1070000.0,12.0,50.0,50.0,193385600.0,0.0,0.0,10721835562.0,10721835562.0,2479945224.0,0.0,0.0,,1300000.0,58500000.0,1.0
2024-10-25,50.0,0.0,0.0,50.0,50.0,50.0,0.0,14900.0,745000.0,11.0,50.0,50.0,222875000.0,0.0,0.0,10721835562.0,10721835562.0,2479945224.0,0.0,0.0,,0.0,0.0,0.0
2024-10-28,50.0,0.0,0.0,50.0,50.0,50.0,0.0,26800.0,1340000.0,9.0,50.0,50.0,201079500.0,0.0,0.0,10721835562.0,10721835562.0,2479945224.0,0.0,0.0,,0.0,0.0,0.0
2024-10-29,50.0,0.0,0.0,50.0,50.0,50.0,0.0,8200.0,410000.0,11.0,50.0,50.0,201097200.0,0.0,0.0,10721835562.0,10721835562.0,2479945224.0,0.0,0.0,,0.0,0.0,0.0
2024-10-30,50.0,0.0,0.0,50.0,50.0,50.0,0.0,46300.0,2315000.0,44.0,50.0,50.0,228748400.0,0.0,0.0,10721835562.0,10721835562.0,2479945224.0,0.0,0.0,,0.0,0.0,0.0
2024-10-31,50.0,0.0,0.0,50.0,50.0,50.0,0.0,23900.0,1195000.0,7.0,50.0,50.0,208459600.0,0.0,0.0,10721835562.0,10721835562.0,2479945224.0,0.0,0.0,,263700.0,3955500.0,1.0
2024-11-01,50.0,0.0,0.0,50.0,50.0,50.0,0.0,22400.0,1120000.0,6.0,50.0,50.0,291931000.0,0.0,0.0,10721835562.0,10721835562.0,2479945224.0,0.0,0.0,,0.0,0.0,0.0
2024-11-04,50.0,0.0,0.0,50.0,50.0,50.0,0.0,19600.0,980000.0,13.0,50.0,50.0,204489800.0,0.0,0.0,10721835562.0,10721835562.0,2479945224.0,0.0,0.0,,0.0,0.0,0.0
2024-11-05,50.0,0.0,0.0,50.0,50.0,50.0,0.0,5300.0,265000.0,11.0,50.0,50.0,186667200.0,0.0,0.0,10721835562.0,10721835562.0,2479945224.0,0.0,0.0,,0.0,0.0,0.0
2024-11-06,50.0,0.0,0.0,50.0,50.0,50.0,0.0,8700.0,435000.0,6.0,50.0,50.0,191273400.0,0.0,0.0,10721835562.0,10721835562.0,2479945224.0,0.0,0.0,,0.0,0.0,0.0
2024-11-07,50.0,0.0,0.0,50.0,50.0,50.0,0.0,150800.0,7540000.0,7.0,50.0,50.0,175635300.0,0.0,0.0,10721835562.0,10721835562.0,2479945224.0,0.0,0.0,,24000.0,360000.0,1.0
2024-11-08,50.0,0.0,0.0,50.0,50.0,50.0,0.0,14100.0,705000.0,5.0,50.0,50.0,190613200.0,0.0,0.0,10721835562.0,10721835562.0,2479945224.0,0.0,0.0,,106500.0,1821500.0,2.0
2024-11-11,50.0,0.0,0.0,50.0,50.0,50.0,0.0,8000.0,400000.0,8.0,50.0,50.0,201940500.0,0.0,0.0,10721835562.0,10721835562.0,2479945224.0,0.0,0.0,,0.0,0.0,0.0
2024-11-12,50.0,0.0,0.0,50.0,50.0,50.0,0.0,9700.0,485000.0,6.0,50.0,50.0,215599200.0,0.0,0.0,10721835562.0,10721835562.0,2479945224.0,0.0,0.0,,0.0,0.0,0.0
2024-11-13,50.0,0.0,0.0,50.0,50.0,50.0,0.0,9700.0,485000.0,12.0,50.0,50.0,228430500.0,0.0,0.0,10721835562.0,10721835562.0,2479945224.0,0.0,0.0,,0.0,0.0,0.0
2024-11-14,50.0,0.0,0.0,50.0,50.0,50.0,0.0,5600.0,280000.0,11.0,50.0,50.0,248895600.0,0.0,0.0,10721835562.0,10721835562.0,2479945224.0,0.0,0.0,,0.0,0.0,0.0
2024-11-15,50.0,0.0,0.0,50.0,50.0,50.0,0.0,22200.0,1110000.0,7.0,50.0,50.0,217453500.0,0.0,0.0,10721835562.0,10721835562.0,2479945224.0,0.0,0.0,,0.0,0.0,0.0
2024-11-18,50.0,0.0,0.0,50.0,50.0,50.0,0.0,6200.0,310000.0,4.0,50.0,50.0,172584800.0,0.0,0.0,10721835562.0,10721835562.0,2479945224.0,0.0,0.0,,22500000.0,967500000.0,1.0
2024-11-19,50.0,0.0,0.0,50.0,50.0,50.0,0.0,4021600.0,201080000.0,938.0,50.0,50.0,167909400.0,0.0,0.0,10721835562.0,10721835562.0,2479945224.0,0.0,0.0,,0.0,0.0,0.0
2024-11-20,50.0,0.0,0.0,50.0,50.0,50.0,0.0,5496100.0,274805000.0,966.0,50.0,50.0,187863300.0,0.0,0.0,10721835562.0,10721835562.0,2479945224.0,0.0,0.0,,0.0,0.0,0.0
2024-11-21,50.0,0.0,0.0,50.0,50.0,50.0,0.0,36900.0,1845000.0,11.0,50.0,50.0,286536400.0,0.0,0.0,10721835562.0,10721835562.0,2479945224.0,0.0,0.0,,0.0,0.0,0.0
2024-11-22,50.0,0.0,0.0,50.0,50.0,50.0,0.0,9000.0,450000.0,17.0,50.0,50.0,249588600.0,0.0,0.0,10721835562.0,10721835562.0,2479945224.0,0.0,0.0,,0.0,0.0,0.0
2024-11-25,50.0,0.0,0.0,50.0,50.0,50.0,0.0,11200.0,560000.0,12.0,50.0,50.0,203661800.0,0.0,0.0,10721835562.0,10721835562.0,2479945224.0,0.0,0.0,,800000.0,12000000.0,1.0
2024-11-26,50.0,0.0,0.0,50.0,50.0,50.0,0.0,3100.0,155000.0,8.0,50.0,50.0,205503800.0,0.0,0.0,10721835562.0,10721835562.0,2479945224.0,0.0,0.0,,0.0,0.0,0.0
2024-11-28,50.0,0.0,0.0,50.0,50.0,50.0,0.0,5200.0,260000.0,9.0,50.0,50.0,194722500.0,0.0,0.0,10721835562.0,10721835562.0,2479945224.0,0.0,0.0,,0.0,0.0,0.0
2024-11-29,50.0,0.0,0.0,50.0,50.0,50.0,0.0,8100.0,405000.0,8.0,50.0,50.0,196536400.0,0.0,0.0,10721835562.0,10721835562.0,2479945224.0,0.0,0.0,,0.0,0.0,0.0
2024-12-02,50.0,0.0,0.0,50.0,50.0,50.0,0.0,3100.0,155000.0,7.0,50.0,50.0,181862800.0,0.0,0.0,10721835562.0,10721835562.0,2479945224.0,0.0,0.0,,0.0,0.0,0.0
2024-12-03,50.0,0.0,0.0,50.0,50.0,50.0,0.0,94200.0,4710000.0,13.0,50.0,50.0,195084900.0,0.0,0.0,10721835562.0,10721835562.0,2479945224.0,0.0,0.0,,0.0,0.0,0.0
2024-12-04,50.0,0.0,0.0,50.0,50.0,50.0,0.0,2900.0,145000.0,9.0,50.0,50.0,204551700.0,0.0,0.0,10721835562.0,10721835562.0,2479945224.0,0.0,0.0,,0.0,0.0,0.0
2024-12-05,50.0,0.0,0.0,50.0,50.0,50.0,0.0,5002100.0,250105000.0,803.0,50.0,50.0,222127400.0,0.0,0.0,10721835562.0,10721835562.0,2479945224.0,0.0,0.0,,2000000.0,100000000.0,1.0
2024-12-06,50.0,0.0,0.0,50.0,50.0,50.0,0.0,358300.0,17915000.0,26.0,50.0,50.0,200146500.0,0.0,0.0,10721835562.0,10721835562.0,2479945224.0,0.0,0.0,,1072300.0,53615000.0,1.0
2024-12-09,50.0,50.0,50.0,50.0,50.0,50.0,0.0,2120400.0,106020000.0,629.0,50.0,50.0,288334600.0,0.0,0.0,10721835562.0,10721835562.0,2479945224.0,0.0,0.0,,37000.0,590000.0,2.0
2024-12-10,50.0,50.0,50.0,50.0,50.0,50.0,0.0,25900.0,1295000.0,8.0,50.0,50.0,296342000.0,0.0,0.0,10721835562.0,10721835562.0,2479945224.0,0.0,0.0,,0.0,0.0,0.0
2024-12-11,50.0,50.0,50.0,50.0,50.0,50.0,0.0,41500.0,2075000.0,18.0,50.0,50.0,282549700.0,0.0,0.0,10721835562.0,10721835562.0,2479945224.0,0.0,0.0,,0.0,0.0,0.0
2024-12-12,50.0,50.0,50.0,50.0,50.0,50.0,0.0,16000.0,800000.0,9.0,50.0,50.0,267400700.0,0.0,0.0,10721835562.0,10721835562.0,2479945224.0,0.0,0.0,,68400.0,3420000.0,6.0
2024-12-13,50.0,50.0,50.0,50.0,50.0,50.0,0.0,2082900.0,104145000.0,463.0,50.0,50.0,226346000.0,0.0,0.0,10721835562.0,10721835562.0,2479945224.0,0.0,0.0,,36000.0,540000.0,1.0
2024-12-16,50.0,50.0,50.0,50.0,50.0,50.0,0.0,16800.0,840000.0,18.0,50.0,50.0,214905600.0,0.0,0.0,10721835562.0,10721835562.0,2479945224.0,0.0,0.0,,26800.0,437000.0,2.0
2024-12-17,50.0,0.0,0.0,50.0,50.0,50.0,0.0,8700.0,435000.0,23.0,50.0,50.0,196455300.0,0.0,0.0,10721835562.0,10721835562.0,2479945224.0,0.0,0.0,,0.0,0.0,0.0
2024-12-18,50.0,50.0,50.0,50.0,50.0,50.0,0.0,28100.0,1405000.0,19.0,50.0,50.0,212630400.0,0.0,0.0,10721835562.0,10721835562.0,2479945224.0,0.0,0.0,,4471600.0,187815200.0,2.0
2024-12-19,50.0,50.0,50.0,50.0,50.0,50.0,0.0,9100.0,455000.0,16.0,50.0,50.0,208227300.0,0.0,0.0,10721835562.0,10721835562.0,2479945224.0,0.0,0.0,,0.0,0.0,0.0
2024-12-20,50.0,50.0,50.0,50.0,50.0,50.0,0.0,4600.0,230000.0,9.0,50.0,50.0,251464200.0,0.0,0.0,10721835562.0,10721835562.0,2479945224.0,0.0,0.0,,0.0,0.0,0.0
2024-12-23,50.0,50.0,50.0,50.0,50.0,50.0,0.0,79100.0,3955000.0,27.0,50.0,50.0,158866200.0,0.0,0.0,10721835562.0,10721835562.0,2479945224.0,0.0,0.0,,0.0,0.0,0.0
2024-12-24,50.0,50.0,50.0,50.0,50.0,50.0,0.0,9200.0,460000.0,15.0,50.0,50.0,196683500.0,0.0,0.0,10721835562.0,10721835562.0,2479945224.0,0.0,0.0,,0.0,0.0,0.0
2024-12-27,50.0,50.0,50.0,50.0,50.0,50.0,0.0,16900.0,845000.0,30.0,50.0,50.0,240872100.0,0.0,0.0,10721835562.0,10721835562.0,2479945224.0,0.0,0.0,,0.0,0.0,0.0
2024-12-30,50.0,50.0,50.0,50.0,50.0,50.0,0.0,12200.0,610000.0,21.0,50.0,50.0,261734000.0,0.0,0.0,10721835562.0,10721835562.0,2479945224.0,0.0,0.0,,0.0,0.0,0.0
2025-01-02,50.0,50.0,50.0,50.0,50.0,50.0,0.0,15400.0,770000.0,14.0,50.0,50.0,256754400.0,0.0,0.0,10721835562.0,10721835562.0,2479960565.0,0.0,0.0,,9000.0,135000.0,1.0
2025-01-03,50.0,50.0,50.0,50.0,50.0,50.0,0.0,9100.0,455000.0,31.0,50.0,50.0,208871700.0,0.0,0.0,10721835562.0,10721835562.0,2479960565.0,0.0,0.0,,0.0,0.0,0.0
2025-01-06,50.0,50.0,50.0,50.0,50.0,50.0,0.0,6200.0,310000.0,17.0,50.0,50.0,224637400.0,0.0,0.0,10721835562.0,10721835562.0,2479960565.0,0.0,0.0,,0.0,0.0,0.0
2025-01-07,50.0,50.0,50.0,50.0,50.0,50.0,0.0,190700.0,9535000.0,21.0,50.0,50.0,201318000.0,0.0,0.0,10721835562.0,10721835562.0,2479960565.0,0.0,0.0,,0.0,0.0,0.0
2025-01-08,50.0,50.0,50.0,50.0,50.0,50.0,0.0,18700.0,935000.0,18.0,50.0,50.0,170669500.0,0.0,0.0,10721835562.0,10721835562.0,2479960565.0,0.0,0.0,,0.0,0.0,0.0
2025-01-09,50.0,50.0,50.0,50.0,50.0,50.0,0.0,23200.0,1160000.0,12.0,50.0,50.0,178377100.0,0.0,0.0,10721835562.0,10721835562.0,2479960565.0,0.0,0.0,,10000.0,110000.0,1.0
2025-01-10,50.0,50.0,50.0,50.0,50.0,50.0,0.0,19500.0,975000.0,18.0,50.0,50.0,161093900.0,0.0,0.0,10721835562.0,10721835562.0,2479960565.0,0.0,0.0,,0.0,0.0,0.0
2025-01-13,50.0,50.0,50.0,50.0,50.0,50.0,0.0,2900.0,145000.0,7.0,50.0,50.0,252429900.0,0.0,0.0,10721835562.0,10721835562.0,2479960565.0,0.0,0.0,,0.0,0.0,0.0
2025-01-14,50.0,0.0,0.0,50.0,50.0,50.0,0.0,10700.0,535000.0,11.0,50.0,50.0,255250700.0,0.0,0.0,10721835562.0,10721835562.0,2479960565.0,0.0,0.0,,0.0,0.0,0.0
2025-01-15,50.0,0.0,0.0,50.0,50.0,50.0,0.0,12100.0,605000.0,20.0,50.0,50.0,165910200.0,0.0,0.0,10721835562.0,10721835562.0,2479960565.0,0.0,0.0,,0.0,0.0,0.0
2025-01-16,50.0,0.0,0.0,50.0,50.0,50.0,0.0,49300.0,2465000.0,16.0,50.0,50.0,167552400.0,0.0,0.0,10721835562.0,10721835562.0,2479960565.0,0.0,0.0,,0.0,0.0,0.0
2025-01-17,50.0,50.0,50.0,50.0,50.0,50.0,0.0,52500.0,2625000.0,21.0,50.0,50.0,157591500.0,0.0,0.0,10721835562.0,10721835562.0,2479960565.0,0.0,0.0,,0.0,0.0,0.0
2025-01-20,50.0,50.0,50.0,50.0,50.0,50.0,0.0,21800.0,1090000.0,62.0,50.0,50.0,173649000.0,0.0,0.0,10721835562.0,10721835562.0,2479960565.0,0.0,0.0,,1100.0,55000.0,2.0
2025-01-21,50.0,50.0,50.0,50.0,50.0,50.0,0.0,64200.0,3210000.0,19.0,50.0,50.0,205967600.0,0.0,0.0,10721835562.0,10721835562.0,2479960565.0,0.0,0.0,,87100.0,2613000.0,1.0
2025-01-22,50.0,50.0,50.0,50.0,50.0,50.0,0.0,11100.0,555000.0,14.0,50.0,50.0,164333000.0,0.0,0.0,10721835562.0,10721835562.0,2479960565.0,0.0,0.0,,0.0,0.0,0.0
2025-01-23,50.0,50.0,50.0,50.0,50.0,50.0,0.0,113500.0,5675000.0,16.0,50.0,50.0,172373300.0,0.0,0.0,10721835562.0,10721835562.0,2479960565.0,0.0,0.0,,0.0,0.0,0.0
2025-01-24,50.0,50.0,50.0,50.0,50.0,50.0,0.0,5300.0,265000.0,10.0,50.0,50.0,167842200.0,0.0,0.0,10721835562.0,10721835562.0,2479960565.0,0.0,0.0,,0.0,0.0,0.0
2025-01-30,50.0,50.0,50.0,50.0,50.0,50.0,0.0,7700.0,385000.0,9.0,50.0,50.0,170585500.0,0.0,0.0,10721835562.0,10721835562.0,2479960565.0,0.0,0.0,,0.0,0.0,0.0
2025-01-31,50.0,0.0,0.0,50.0,50.0,50.0,0.0,16200.0,810000.0,10.0,50.0,50.0,164529900.0,0.0,0.0,10721835562.0,10721835562.0,2479960565.0,0.0,0.0,,0.0,0.0,0.0
2025-02-03,50.0,0.0,0.0,50.0,50.0,50.0,0.0,4100.0,205000.0,3.0,50.0,50.0,153646600.0,0.0,0.0,10721835562.0,10721835562.0,2479960565.0,0.0,0.0,,0.0,0.0,0.0
2025-02-04,50.0,50.0,50.0,50.0,50.0,50.0,0.0,7400.0,370000.0,9.0,50.0,50.0,142306200.0,0.0,0.0,10721835562.0,10721835562.0,2479960565.0,0.0,0.0,,0.0,0.0,0.0
2025-02-05,50.0,0.0,0.0,50.0,50.0,50.0,0.0,5300.0,265000.0,6.0,50.0,50.0,140209100.0,0.0,0.0,10721835562.0,10721835562.0,2479960565.0,0.0,0.0,,0.0,0.0,0.0
2025-02-06,50.0,0.0,0.0,50.0,50.0,50.0,0.0,131300.0,6565000.0,7.0,50.0,50.0,146275900.0,0.0,0.0,10721835562.0,10721835562.0,2479960565.0,0.0,0.0,,0.0,0.0,0.0
2025-02-07,50.0,0.0,0.0,50.0,50.0,50.0,0.0,15700.0,785000.0,9.0,50.0,50.0,149530400.0,0.0,0.0,10721835562.0,10721835562.0,2479960565.0,0.0,0.0,,0.0,0.0,0.0
2025-02-10,50.0,50.0,50.0,50.0,50.0,50.0,0.0,1000.0,50000.0,5.0,50.0,50.0,153788600.0,0.0,0.0,10721835562.0,10721835562.0,2479960565.0,0.0,0.0,,0.0,0.0,0.0
2025-02-11,50.0,0.0,0.0,50.0,50.0,50.0,0.0,2600.0,130000.0,7.0,50.0,50.0,232202100.0,0.0,0.0,10721835562.0,10721835562.0,2479960565.0,0.0,0.0,,0.0,0.0,0.0
2025-02-12,50.0,50.0,50.0,50.0,50.0,50.0,0.0,262100.0,13105000.0,14.0,50.0,50.0,207384800.0,0.0,0.0,10721835562.0,10721835562.0,2479960565.0,0.0,0.0,,0.0,0.0,0.0
2025-02-13,50.0,50.0,50.0,50.0,50.0,50.0,0.0,22800.0,1140000.0,6.0,50.0,50.0,139987900.0,0.0,0.0,10721835562.0,10721835562.0,2479960565.0,0.0,0.0,,0.0,0.0,0.0
2025-02-14,50.0,0.0,0.0,50.0,50.0,50.0,0.0,5500.0,275000.0,6.0,50.0,50.0,139166700.0,0.0,0.0,10721835562.0,10721835562.0,2479960565.0,0.0,0.0,,689900.0,12418200.0,1.0
2025-02-17,50.0,50.0,50.0,50.0,50.0,50.0,0.0,1900.0,95000.0,7.0,50.0,50.0,157702100.0,0.0,0.0,10721835562.0,10721835562.0,2479960565.0,0.0,0.0,,20000.0,1000000.0,2.0
2025-02-18,50.0,50.0,50.0,50.0,50.0,50.0,0.0,6200.0,310000.0,11.0,50.0,50.0,176068700.0,0.0,0.0,10721835562.0,10721835562.0,2479960565.0,0.0,0.0,,0.0,0.0,0.0
2025-02-19,50.0,0.0,0.0,50.0,50.0,50.0,0.0,13800.0,690000.0,20.0,50.0,50.0,153419400.0,0.0,0.0,10721835562.0,10721835562.0,2479960565.0,0.0,0.0,,142000.0,2556000.0,1.0
2025-02-20,50.0,0.0,0.0,50.0,50.0,50.0,0.0,14900.0,745000.0,9.0,50.0,50.0,161046800.0,0.0,0.0,10721835562.0,10721835562.0,2479960565.0,0.0,0.0,,0.0,0.0,0.0
2025-02-21,50.0,0.0,0.0,50.0,50.0,50.0,0.0,503100.0,25155000.0,14.0,50.0,50.0,143840300.0,0.0,0.0,10721835562.0,10721835562.0,2479960565.0,0.0,0.0,,2400.0,120000.0,2.0
2025-02-24,50.0,50.0,50.0,50.0,50.0,50.0,0.0,21000.0,1050000.0,8.0,50.0,50.0,149452400.0,0.0,0.0,10721835562.0,10721835562.0,2479960565.0,0.0,0.0,,0.0,0.0,0.0
2025-02-25,50.0,0.0,0.0,50.0,50.0,50.0,0.0,6100.0,305000.0,7.0,50.0,50.0,150505500.0,0.0,0.0,10721835562.0,10721835562.0,2479960565.0,0.0,0.0,,1100.0,55000.0,1.0
2025-02-26,50.0,0.0,0.0,50.0,50.0,50.0,0.0,2600.0,130000.0,5.0,50.0,50.0,141818800.0,0.0,0.0,10721835562.0,10721835562.0,2479960565.0,0.0,0.0,,0.0,0.0,0.0
2025-02-27,50.0,0.0,0.0,50.0,50.0,50.0,0.0,2800.0,140000.0,3.0,50.0,50.0,140426300.0,0.0,0.0,10721835562.0,10721835562.0,2479960565.0,0.0,0.0,,5128200.0,256410000.0,1.0
2025-02-28,50.0,0.0,0.0,50.0,50.0,50.0,0.0,4400.0,220000.0,8.0,50.0,50.0,139194200.0,0.0,0.0,10721835562.0,10721835562.0,2479960565.0,0.0,0.0,,0.0,0.0,0.0
2025-03-03,50.0,50.0,50.0,50.0,50.0,50.0,0.0,300.0,15000.0,3.0,50.0,50.0,139038000.0,0.0,0.0,10721835562.0,10721835562.0,2479960565.0,0.0,0.0,,0.0,0.0,0.0
2025-03-04,50.0,0.0,0.0,50.0,50.0,50.0,0.0,4100.0,205000.0,5.0,50.0,50.0,130821900.0,0.0,0.0,10721835562.0,10721835562.0,2479960565.0,0.0,0.0,,0.0,0.0,0.0
2025-03-05,50.0,0.0,0.0,50.0,50.0,50.0,0.0,9700.0,485000.0,5.0,50.0,50.0,141796200.0,0.0,0.0,10721835562.0,10721835562.0,2479960565.0,0.0,0.0,,583600.0,8754000.0,1.0
2025-03-06,50.0,50.0,50.0,50.0,50.0,50.0,0.0,2100.0,105000.0,9.0,50.0,50.0,145385500.0,0.0,0.0,10721835562.0,10721835562.0,2479960565.0,0.0,0.0,,0.0,0.0,0.0
2025-03-07,50.0,50.0,50.0,50.0,50.0,50.0,0.0,3300.0,165000.0,4.0,50.0,50.0,157418500.0,0.0,0.0,10721835562.0,10721835562.0,2479960565.0,0.0,0.0,,0.0,0.0,0.0
2025-03-10,50.0,50.0,50.0,50.0,50.0,50.0,0.0,3000.0,150000.0,4.0,50.0,50.0,143640100.0,0.0,0.0,10721835562.0,10721835562.0,2479960565.0,0.0,0.0,,1200000.0,16800000.0,1.0
2025-03-11,50.0,50.0,50.0,50.0,50.0,50.0,0.0,3300.0,165000.0,5.0,50.0,50.0,238595100.0,0.0,0.0,10721835562.0,10721835562.0,2479960565.0,0.0,0.0,,0.0,0.0,0.0
2025-03-12,50.0,50.0,50.0,50.0,50.0,50.0,0.0,200.0,10000.0,2.0,50.0,50.0,169754900.0,0.0,0.0,10721835562.0,10721835562.0,2479960565.0,0.0,0.0,,0.0,0.0,0.0
2025-03-13,50.0,0.0,0.0,50.0,50.0,50.0,0.0,12100.0,605000.0,12.0,50.0,50.0,167781800.0,0.0,0.0,10721835562.0,10721835562.0,2479960565.0,0.0,0.0,,141000.0,2538000.0,1.0
2025-03-14,50.0,0.0,0.0,50.0,50.0,50.0,0.0,1151100.0,57555000.0,6.0,50.0,50.0,192195500.0,0.0,0.0,10721835562.0,10721835562.0,2479960565.0,0.0,0.0,,0.0,0.0,0.0
2025-03-17,50.0,50.0,50.0,50.0,50.0,50.0,0.0,971300.0,48565000.0,10.0,50.0,50.0,203622100.0,0.0,0.0,10721835562.0,10721835562.0,2479960565.0,0.0,0.0,,0.0,0.0,0.0
2025-03-18,50.0,0.0,0.0,50.0,50.0,50.0,0.0,18300.0,915000.0,2.0,50.0,50.0,210601300.0,0.0,0.0,10721835562.0,10721835562.0,2479960565.0,0.0,0.0,,0.0,0.0,0.0
2025-03-19,50.0,50.0,50.0,50.0,50.0,50.0,0.0,6900.0,345000.0,10.0,50.0,50.0,200862600.0,0.0,0.0,10721835562.0,10721835562.0,2479960565.0,0.0,0.0,,0.0,0.0,0.0
2025-03-20,50.0,50.0,50.0,50.0,50.0,50.0,0.0,6900.0,345000.0,7.0,50.0,50.0,172343400.0,0.0,0.0,10721835562.0,10721835562.0,2479960565.0,0.0,0.0,,0.0,0.0,0.0
2025-03-21,50.0,0.0,0.0,50.0,50.0,50.0,0.0,500.0,25000.0,5.0,50.0,50.0,208689900.0,0.0,0.0,10721835562.0,10721835562.0,2479960565.0,0.0,0.0,,0.0,0.0,0.0
2025-03-24,50.0,0.0,0.0,50.0,50.0,50.0,0.0,1000.0,50000.0,6.0,50.0,50.0,213430100.0,0.0,0.0,10721835562.0,10721835562.0,2479960565.0,0.0,0.0,,0.0,0.0,0.0
2025-03-25,50.0,50.0,50.0,50.0,50.0,50.0,0.0,2000.0,100000.0,3.0,50.0,50.0,248543500.0,0.0,0.0,10721835562.0,10721835562.0,2479960565.0,0.0,0.0,,3393900.0,50908500.0,1.0
2025-03-26,50.0,0.0,0.0,50.0,50.0,50.0,0.0,13000.0,650000.0,9.0,50.0,50.0,263338500.0,0.0,0.0,10721835562.0,10721835562.0,2479960565.0,0.0,0.0,,0.0,0.0,0.0
2025-03-27,50.0,50.0,50.0,50.0,50.0,50.0,0.0,2021600.0,101080000.0,8.0,50.0,50.0,250888500.0,0.0,0.0,10721835562.0,10721835562.0,2479960565.0,0.0,0.0,,0.0,0.0,0.0
2025-04-08,50.0,0.0,0.0,50.0,50.0,50.0,0.0,2003900.0,100195000.0,7.0,50.0,50.0,258311900.0,0.0,0.0,10721835562.0,10721835562.0,2479960565.0,0.0,0.0,,0.0,0.0,0.0
2025-04-09,50.0,50.0,50.0,50.0,50.0,50.0,0.0,7400.0,370000.0,17.0,50.0,50.0,253739700.0,0.0,0.0,10721835562.0,10721835562.0,2479960565.0,0.0,0.0,,0.0,0.0,0.0
2025-04-10,50.0,0.0,0.0,50.0,50.0,50.0,0.0,10900.0,545000.0,8.0,50.0,50.0,163631600.0,0.0,0.0,10721835562.0,10721835562.0,2479960565.0,0.0,0.0,,445400.0,6681000.0,1.0
2025-04-11,50.0,0.0,0.0,50.0,50.0,50.0,0.0,315700.0,15785000.0,13.0,50.0,50.0,169721600.0,0.0,0.0,10721835562.0,10721835562.0,2479960565.0,0.0,0.0,,166300.0,2328200.0,1.0
2025-04-14,50.0,0.0,0.0,50.0,50.0,50.0,0.0,3015600.0,150780000.0,18.0,50.0,50.0,173763100.0,0.0,0.0,10721835562.0,10721835562.0,2479960565.0,0.0,0.0,,62002200.0,3045954900.0,3.0
2025-04-15,50.0,0.0,0.0,50.0,50.0,50.0,0.0,1070500.0,53525000.0,10.0,50.0,50.0,245047600.0,0.0,0.0,10721835562.0,10721835562.0,2479960565.0,0.0,0.0,,0.0,0.0,0.0
2025-04-16,50.0,0.0,0.0,50.0,50.0,50.0,0.0,6800.0,340000.0,6.0,50.0,50.0,261962100.0,0.0,0.0,10721835562.0,10721835562.0,2479960565.0,0.0,0.0,,0.0,0.0,0.0
2025-04-17,50.0,50.0,50.0,50.0,50.0,50.0,0.0,200.0,10000.0,2.0,50.0,50.0,168636400.0,0.0,0.0,10721835562.0,10721835562.0,2479960565.0,0.0,0.0,,10000000.0,210000000.0,1.0
2025-04-21,50.0,0.0,0.0,50.0,50.0,50.0,0.0,1483900.0,74195000.0,30.0,50.0,50.0,188969900.0,0.0,0.0,10721835562.0,10721835562.0,2479960565.0,0.0,0.0,,0.0,0.0,0.0
2025-04-22,50.0,0.0,0.0,50.0,50.0,50.0,0.0,224100.0,11205000.0,11.0,50.0,50.0,214426200.0,0.0,0.0,10721835562.0,10721835562.0,2479960565.0,0.0,0.0,,0.0,0.0,0.0
2025-04-23,50.0,50.0,50.0,50.0,50.0,50.0,0.0,53200.0,2660000.0,14.0,50.0,50.0,205133600.0,0.0,0.0,10721835562.0,10721835562.0,2479960565.0,0.0,0.0,,0.0,0.0,0.0
2025-04-24,50.0,0.0,0.0,50.0,50.0,50.0,0.0,4700.0,235000.0,7.0,50.0,50.0,197055400.0,0.0,0.0,10721835562.0,10721835562.0,2479960565.0,0.0,0.0,,851000.0,14510000.0,2.0
2025-04-25,50.0,0.0,0.0,50.0,50.0,50.0,0.0,21600.0,1080000.0,12.0,50.0,50.0,200447100.0,0.0,0.0,10721835562.0,10721835562.0,2479960565.0,0.0,0.0,,0.0,0.0,0.0
2025-04-28,50.0,50.0,50.0,50.0,50.0,50.0,0.0,159200.0,7960000.0,17.0,50.0,50.0,167405600.0,0.0,0.0,10721835562.0,10721835562.0,2479960565.0,0.0,0.0,,800.0,40000.0,1.0
2025-04-29,50.0,50.0,50.0,50.0,50.0,50.0,0.0,16237800.0,811890000.0,210.0,50.0,50.0,151965900.0,0.0,0.0,10721835562.0,10721835562.0,2479960565.0,0.0,0.0,,1803800.0,72152000.0,2.0
2025-04-30,50.0,50.0,50.0,50.0,50.0,50.0,0.0,42038400.0,2101920000.0,523.0,50.0,50.0,103248700.0,0.0,0.0,10721835562.0,10721835562.0,2479960565.0,975800.0,12700000.0,,1031701.0,46422202.0,2.0
2025-05-02,50.0,50.0,50.0,51.0,50.0,50.0,0.0,413735200.0,20692244900.0,5348.0,50.0,51.0,26706400.0,50.0,8317600.0,10721835562.0,10721835562.0,2479960565.0,13574200.0,27400000.0,,0.0,0.0,0.0
2025-05-05,50.0,50.0,51.0,52.0,50.0,50.0,0.0,240481000.0,12040977500.0,2512.0,50.0,51.0,34572800.0,50.0,6013400.0,10721835562.0,10721835562.0,2479960565.0,3839800.0,33451300.0,,0.0,0.0,0.0
2025-05-06,50.0,50.0,50.0,51.0,50.0,50.0,0.0,78211300.0,3910904900.0,895.0,50.0,50.0,14293900.0,0.0,0.0,10721835562.0,10721835562.0,2479960565.0,5900.0,5010000.0,,0.0,0.0,0.0
2025-05-07,50.0,50.0,50.0,50.0,50.0,50.0,0.0,9677900.0,483895000.0,209.0,50.0,50.0,23149700.0,0.0,0.0,10721835562.0,10721835562.0,2479960565.0,0.0,0.0,,0.0,0.0,0.0
2025-05-08,50.0,50.0,50.0,50.0,50.0,50.0,0.0,5295500.0,264775000.0,118.0,50.0,50.0,48379800.0,0.0,0.0,10721835562.0,10721835562.0,2479960565.0,0.0,0.0,,0.0,0.0,0.0
2025-05-09,50.0,50.0,50.0,50.0,50.0,50.0,0.0,14621600.0,731080000.0,75.0,50.0,50.0,59659500.0,0.0,0.0,10721835562.0,10721835562.0,2479960565.0,0.0,13200000.0,,100000.0,4000000.0,1.0
2025-05-14,50.0,50.0,50.0,51.0,50.0,50.0,0.0,119628600.0,5990588500.0,1641.0,50.0,51.0,17175800.0,50.0,36166400.0,10721835562.0,10721835562.0,2479960565.0,321300.0,4031300.0,,0.0,0.0,0.0
2025-05-15,50.0,50.0,51.0,66.0,50.0,65.0,15.0,700335700.0,42510815200.0,16611.0,65.0,66.0,13582500.0,65.0,21590000.0,10721835562.0,10721835562.0,2479960565.0,3642200.0,34303300.0,,0.0,0.0,0.0
2025-05-16,65.0,66.0,66.0,75.0,61.0,69.0,4.0,533570500.0,36537363500.0,13861.0,69.0,70.0,8837700.0,69.0,1721500.0,10721835562.0,10721835562.0,2479960565.0,330900.0,4750000.0,,300000.0,15300000.0,1.0
2025-05-19,69.0,70.0,70.0,72.0,64.0,67.0,-2.0,154893100.0,10467989400.0,3653.0,67.0,68.0,398900.0,67.0,834700.0,10721835562.0,10721835562.0,2479960565.0,2225800.0,12140900.0,,0.0,0.0,0.0
2025-05-20,67.0,67.0,67.0,69.0,66.0,68.0,1.0,71109800.0,4819490800.0,1718.0,68.0,69.0,8667500.0,68.0,1946300.0,10721835562.0,10721835562.0,2479960565.0,673500.0,4087000.0,,0.0,0.0,0.0
2025-05-21,68.0,68.0,68.0,69.0,67.0,67.0,-1.0,53118300.0,3597831100.0,1127.0,67.0,67.0,384700.0,66.0,9005000.0,10721835562.0,10721835562.0,2479960565.0,137000.0,1072600.0,,0.0,0.0,0.0
2025-05-22,67.0,67.0,67.0,69.0,58.0,64.0,-3.0,98913300.0,6256010500.0,2437.0,64.0,65.0,2807500.0,64.0,829600.0,10721835562.0,10721835562.0,2479960565.0,1533600.0,8363800.0,,0.0,0.0,0.0
2025-05-23,64.0,65.0,64.0,65.0,60.0,62.0,-2.0,40446100.0,2486004100.0,1231.0,62.0,62.0,269400.0,61.0,520000.0,10721835562.0,10721835562.0,2479960565.0,93000.0,2199300.0,,0.0,0.0,0.0
2025-05-26,62.0,63.0,63.0,65.0,60.0,61.0,-1.0,98643400.0,6063521300.0,1299.0,61.0,61.0,131000.0,60.0,2709500.0,10721835562.0,10721835562.0,2479960565.0,762800.0,38760100.0,,0.0,0.0,0.0
2025-05-27,61.0,64.0,64.0,64.0,61.0,62.0,1.0,23967500.0,1484861000.0,834.0,62.0,62.0,1211300.0,61.0,8018800.0,10721835562.0,10721835562.0,2479960565.0,100100.0,1345900.0,,0.0,0.0,0.0
2025-05-28,62.0,62.0,62.0,63.0,61.0,62.0,0.0,60174900.0,3729135000.0,475.0,62.0,62.0,3034300.0,61.0,4495800.0,10721835562.0,10721835562.0,2479960565.0,112300.0,77000.0,,0.0,0.0,0.0
2025-06-02,62.0,61.0,62.0,63.0,60.0,61.0,-1.0,28328200.0,1730484300.0,650.0,61.0,62.0,6904500.0,61.0,204800.0,10721835562.0,10721835562.0,2479960565.0,327400.0,656600.0,,0.0,0.0,0.0
2025-06-03,61.0,61.0,61.0,61.0,59.0,59.0,-2.0,23481100.0,1396584500.0,554.0,59.0,59.0,373300.0,58.0,6100900.0,10721835562.0,10721835562.0,2479960565.0,26700.0,196300.0,,0.0,0.0,0.0
2025-06-04,59.0,59.0,60.0,62.0,59.0,61.0,2.0,20045800.0,1214805600.0,691.0,61.0,62.0,5398400.0,61.0,2556600.0,10721835562.0,10721835562.0,2479960565.0,27700.0,27700.0,,0.0,0.0,0.0
2025-06-05,61.0,61.0,62.0,69.0,61.0,64.0,3.0,81917200.0,5316141200.0,2724.0,64.0,64.0,2087600.0,63.0,315400.0,10721835562.0,10721835562.0,2479960565.0,15067200.0,1503300.0,,0.0,0.0,0.0
2025-06-10,64.0,64.0,64.0,65.0,61.0,62.0,-2.0,31702400.0,1982416400.0,750.0,62.0,63.0,383900.0,62.0,3979300.0,10721835562.0,10721835562.0,2479960565.0,372800.0,1557300.0,,0.0,0.0,0.0
2025-06-11,62.0,63.0,63.0,64.0,62.0,62.0,0.0,36157900.0,2259864000.0,503.0,62.0,63.0,1366400.0,62.0,5460300.0,10721835562.0,10721835562.0,2479960565.0,3653600.0,6773200.0,,0.0,0.0,0.0
2025-06-12,62.0,62.0,62.0,67.0,62.0,66.0,4.0,76405300.0,4949404500.0,1369.0,66.0,67.0,6531400.0,66.0,655600.0,10721835562.0,10721835562.0,2479960565.0,11971200.0,2607700.0,,0.0,0.0,0.0
2025-06-13,66.0,66.0,67.0,71.0,66.0,71.0,5.0,88850200.0,6126063600.0,2027.0,71.0,72.0,6493000.0,71.0,18549100.0,10721835562.0,10721835562.0,2479960565.0,7192000.0,4314900.0,,0.0,0.0,0.0
2025-06-16,71.0,71.0,72.0,89.0,71.0,85.0,14.0,329484600.0,26758255100.0,9720.0,85.0,86.0,1339500.0,85.0,2621300.0,10721835562.0,10721835562.0,2479960565.0,32592000.0,24577500.0,,0.0,0.0,0.0
2025-06-17,85.0,82.0,81.0,85.0,79.0,83.0,-2.0,79884300.0,6571709900.0,2579.0,83.0,84.0,3858700.0,83.0,755300.0,10721835562.0,10721835562.0,2479960565.0,2042400.0,7990300.0,,0.0,0.0,0.0
2025-06-18,83.0,84.0,84.0,84.0,81.0,83.0,0.0,29171700.0,2397319300.0,791.0,83.0,83.0,4863200.0,82.0,1758200.0,10721835562.0,10721835562.0,2479960565.0,265000.0,5320500.0,,0.0,0.0,0.0
2025-06-19,83.0,82.0,83.0,83.0,73.0,79.0,-4.0,60241000.0,4660697600.0,1719.0,79.0,80.0,692000.0,79.0,3826000.0,10721835562.0,10721835562.0,2479960565.0,669400.0,10258800.0,,0.0,0.0,0.0
2025-06-20,79.0,79.0,79.0,83.0,78.0,81.0,2.0,28506900.0,2289056300.0,861.0,81.0,82.0,3253800.0,81.0,21549400.0,10721835562.0,10721835562.0,2479960565.0,484200.0,1511100.0,,0.0,0.0,0.0
2025-06-23,81.0,82.0,82.0,83.0,77.0,82.0,1.0,69562900.0,5590493100.0,997.0,82.0,83.0,3423500.0,82.0,4051100.0,10721835562.0,10721835562.0,2479960565.0,4763100.0,19652300.0,,0.0,0.0,0.0
2025-06-24,82.0,82.0,82.0,90.0,82.0,85.0,3.0,42641700.0,3645426800.0,1788.0,85.0,86.0,413000.0,85.0,2112600.0,10721835562.0,10721835562.0,2479960565.0,4185400.0,6911300.0,,0.0,0.0,0.0
2025-06-25,85.0,85.0,85.0,87.0,83.0,84.0,-1.0,22362200.0,1891262700.0,532.0,84.0,85.0,1402700.0,84.0,5789600.0,10721835562.0,10721835562.0,2479960565.0,134100.0,453700.0,,0.0,0.0,0.0
2025-06-26,84.0,85.0,85.0,92.0,82.0,84.0,0.0,88485900.0,7679029500.0,2261.0,84.0,85.0,215500.0,84.0,3690700.0,10721835562.0,10721835562.0,2479960565.0,636000.0,5898700.0,,0.0,0.0,0.0
2025-06-30,84.0,85.0,85.0,89.0,85.0,86.0,2.0,37813800.0,3289081400.0,1021.0,86.0,86.0,26100.0,85.0,2016700.0,10721835562.0,10721835562.0,2479960565.0,314700.0,8390100.0,,29100.0,2444400.0,1.0
2025-07-01,86.0,87.0,87.0,88.0,85.0,85.0,-1.0,19707200.0,1699072600.0,443.0,85.0,86.0,574900.0,85.0,1356000.0,10721835562.0,10721835562.0,2479960565.0,1507600.0,1177300.0,,1912900.0,162596500.0,1.0
2025-07-02,85.0,85.0,85.0,87.0,83.0,83.0,-2.0,11405700.0,962262700.0,386.0,83.0,84.0,593100.0,83.0,2950400.0,10721835562.0,10721835562.0,2479960565.0,245800.0,474200.0,,4484900.0,381216500.0,1.0
2025-07-03,83.0,83.0,84.0,85.0,83.0,83.0,0.0,6366000.0,530966600.0,312.0,83.0,84.0,518100.0,83.0,1695400.0,10721835562.0,10721835562.0,2479960565.0,19600.0,2146800.0,,0.0,0.0,0.0
2025-07-04,83.0,83.0,84.0,85.0,79.0,79.0,-4.0,45995800.0,3741415600.0,677.0,79.0,79.0,96700.0,78.0,1201700.0,10721835562.0,10721835562.0,2479960565.0,228400.0,3508200.0,,15909600.0,1336406400.0,2.0
2025-07-07,79.0,76.0,76.0,81.0,75.0,80.0,1.0,38094700.0,2972624300.0,636.0,80.0,80.0,689900.0,79.0,1739100.0,10721835562.0,10721835562.0,2479960565.0,172100.0,13187100.0,,0.0,0.0,0.0
2025-07-08,80.0,80.0,80.0,80.0,77.0,78.0,-2.0,17579500.0,1381063500.0,369.0,78.0,80.0,1812900.0,78.0,3189300.0,10721835562.0,10721835562.0,2479960565.0,90800.0,608700.0,,0.0,0.0,0.0
2025-07-09,78.0,78.0,78.0,80.0,78.0,80.0,2.0,9007500.0,712322200.0,319.0,80.0,80.0,2620300.0,79.0,1576400.0,10721835562.0,10721835562.0,2479960565.0,55600.0,1391300.0,,0.0,0.0,0.0
2025-07-10,80.0,81.0,81.0,84.0,80.0,80.0,0.0,12803100.0,1046215900.0,552.0,80.0,81.0,146700.0,80.0,2541600.0,10721835562.0,10721835562.0,2479960565.0,1470300.0,421900.0,,0.0,0.0,0.0
2025-07-11,80.0,80.0,81.0,82.0,80.0,81.0,1.0,7404800.0,598362500.0,286.0,81.0,82.0,1824300.0,81.0,1000.0,10721835562.0,10721835562.0,2479960565.0,457600.0,537200.0,,0.0,0.0,0.0
2025-07-14,81.0,80.0,80.0,81.0,77.0,78.0,-3.0,23145600.0,1815240400.0,480.0,78.0,78.0,415100.0,77.0,2660900.0,10721835562.0,10721835562.0,2479960565.0,751000.0,576200.0,,0.0,0.0,0.0
2025-07-15,78.0,78.0,79.0,81.0,74.0,76.0,-2.0,49329500.0,3756708700.0,931.0,76.0,77.0,371300.0,76.0,3272000.0,10721835562.0,10721835562.0,2479960565.0,2515100.0,403200.0,,0.0,0.0,0.0
2025-07-16,76.0,76.0,76.0,88.0,74.0,85.0,9.0,115366200.0,9179524900.0,1984.0,85.0,85.0,6426200.0,84.0,68000.0,10721835562.0,10721835562.0,2479960565.0,1048800.0,13931100.0,,1608275000.0,24124125000.0,1.0
2025-07-17,85.0,88.0,89.0,97.0,86.0,91.0,6.0,150465800.0,13924740300.0,5018.0,91.0,91.0,253900.0,90.0,2686400.0,10721835562.0,10721835562.0,2479960565.0,7392100.0,12739100.0,,0.0,0.0,0.0
2025-07-18,91.0,91.0,91.0,95.0,89.0,91.0,0.0,28793200.0,2637663100.0,938.0,91.0,91.0,4746900.0,90.0,2587900.0,10721835562.0,10721835562.0,2479960565.0,1049600.0,1769800.0,,0.0,0.0,0.0
2025-07-21,91.0,91.0,91.0,94.0,88.0,89.0,-2.0,14752900.0,1335241400.0,828.0,89.0,89.0,1645900.0,88.0,4014600.0,10721835562.0,10721835562.0,2479960565.0,582500.0,907400.0,,0.0,0.0,0.0
2025-07-22,89.0,90.0,90.0,92.0,86.0,88.0,-1.0,15421800.0,1349410100.0,742.0,88.0,88.0,495300.0,87.0,288800.0,10721835562.0,10721835562.0,2479960565.0,1137900.0,738900.0,,0.0,0.0,0.0
2025-07-23,88.0,86.0,88.0,98.0,85.0,95.0,7.0,85362100.0,7967326700.0,2918.0,95.0,95.0,152600.0,94.0,5252600.0,10721835562.0,10721835562.0,2479960565.0,4453500.0,727200.0,,0.0,0.0,0.0
2025-07-24,95.0,95.0,95.0,98.0,93.0,93.0,-2.0,22333700.0,2141546900.0,1014.0,93.0,94.0,329800.0,93.0,604300.0,10721835562.0,10721835562.0,2479960565.0,1751400.0,164200.0,,0.0,0.0,0.0
2025-07-25,93.0,94.0,95.0,108.0,91.0,104.0,11.0,169627500.0,17034601500.0,5178.0,104.0,104.0,1080500.0,103.0,515200.0,10721835562.0,10721835562.0,2479960565.0,13001900.0,8898200.0,,0.0,0.0,0.0
2025-07-28,104.0,104.0,105.0,105.0,99.0,101.0,-3.0,77879900.0,7973265500.0,1984.0,101.0,102.0,317000.0,101.0,792000.0,10721835562.0,10721835562.0,2479960565.0,11959100.0,4671100.0,,0.0,0.0,0.0
2025-07-29,101.0,104.0,104.0,115.0,103.0,110.0,9.0,205881100.0,22668560700.0,5697.0,110.0,110.0,1278500.0,109.0,3520400.0,10721835562.0,10721835562.0,2479960565.0,15886600.0,22843600.0,,0.0,0.0,0.0
2025-07-30,110.0,112.0,111.0,127.0,109.0,121.0,11.0,226056500.0,26787040300.0,8741.0,121.0,121.0,867200.0,120.0,118100.0,10721835562.0,10721835562.0,2479960565.0,26359200.0,18194300.0,,0.0,0.0,0.0
2025-07-31,121.0,122.0,123.0,125.0,120.0,120.0,-1.0,89616300.0,10959671900.0,2240.0,120.0,120.0,15300.0,119.0,3873400.0,10721835562.0,10721835562.0,2479960565.0,2537000.0,23136400.0,,0.0,0.0,0.0
2025-08-01,120.0,122.0,122.0,138.0,120.0,136.0,16.0,183797500.0,23786621300.0,8466.0,136.0,136.0,8324900.0,135.0,3165600.0,10721835562.0,10721835562.0,2479960565.0,3157600.0,24304600.0,,0.0,0.0,0.0
2025-08-04,136.0,135.0,134.0,139.0,116.0,125.0,-11.0,171168600.0,22270639600.0,5385.0,125.0,126.0,407700.0,125.0,20900.0,10721835562.0,10721835562.0,2479960565.0,39082800.0,15650500.0,,0.0,0.0,0.0
2025-08-05,125.0,126.0,126.0,132.0,125.0,129.0,4.0,37948300.0,4909334300.0,1305.0,129.0,130.0,411700.0,129.0,743000.0,10721835562.0,10721835562.0,2479960565.0,4456200.0,17500900.0,,0.0,0.0,0.0
2025-08-06,129.0,129.0,130.0,134.0,128.0,133.0,4.0,45506300.0,5966275000.0,1439.0,133.0,133.0,1847800.0,132.0,1345200.0,10721835562.0,10721835562.0,2479960565.0,976700.0,9448000.0,,0.0,0.0,0.0
2025-08-07,133.0,134.0,134.0,137.0,131.0,136.0,3.0,35257700.0,4738270300.0,2395.0,136.0,136.0,2173600.0,135.0,1237400.0,10721835562.0,10721835562.0,2479960565.0,209200.0,5539900.0,,0.0,0.0,0.0
2025-08-08,136.0,137.0,137.0,143.0,134.0,140.0,4.0,110646900.0,15429801000.0,11655.0,140.0,140.0,864900.0,139.0,468000.0,10721835562.0,10721835562.0,2479960565.0,18313400.0,3723100.0,,4000000.0,520000000.0,1.0
2025-08-11,140.0,140.0,139.0,145.0,134.0,134.0,-6.0,128717000.0,17882020600.0,18590.0,134.0,134.0,3814000.0,133.0,2915700.0,10721835562.0,10721835562.0,2479960565.0,24746600.0,6765200.0,,0.0,0.0,0.0
2025-08-12,134.0,135.0,135.0,138.0,132.0,136.0,2.0,141939400.0,19166618100.0,13052.0,136.0,136.0,931000.0,135.0,805400.0,10721835562.0,10721835562.0,2479960565.0,16046500.0,2876700.0,,0.0,0.0,0.0
2025-08-13,136.0,136.0,136.0,141.0,132.0,133.0,-3.0,112462500.0,15357100800.0,5597.0,133.0,133.0,3039000.0,132.0,2258500.0,10721835562.0,10721835562.0,2479960565.0,15591500.0,14969700.0,,4000000.0,520000000.0,1.0
2025-08-14,133.0,133.0,134.0,135.0,129.0,130.0,-3.0,36053200.0,4759621200.0,2315.0,130.0,130.0,521300.0,129.0,1796400.0,10721835562.0,10721835562.0,2479960565.0,4784900.0,4539800.0,,0.0,0.0,0.0
2025-08-15,130.0,130.0,129.0,130.0,124.0,125.0,-5.0,44666500.0,5658393400.0,1113.0,125.0,125.0,785600.0,124.0,2043900.0,10721835562.0,10721835562.0,2479960565.0,1577300.0,15012600.0,,0.0,0.0,0.0
2025-08-19,125.0,126.0,126.0,128.0,122.0,128.0,3.0,15965400.0,1983953000.0,588.0,128.0,128.0,1848600.0,127.0,400800.0,10721835562.0,10721835562.0,2479960565.0,307500.0,7953600.0,,0.0,0.0,0.0
2025-08-20,128.0,128.0,128.0,136.0,125.0,132.0,4.0,21174200.0,2798802300.0,955.0,132.0,132.0,406200.0,131.0,317000.0,10721835562.0,10721835562.0,2479960565.0,564400.0,10642000.0,,0.0,0.0,0.0
2025-08-21,132.0,133.0,133.0,138.0,130.0,135.0,3.0,33207200.0,4496393200.0,1313.0,135.0,135.0,163000.0,134.0,1205000.0,10721835562.0,10721835562.0,2479960565.0,4280000.0,9318500.0,,0.0,0.0,0.0
2025-08-22,135.0,135.0,135.0,162.0,135.0,159.0,24.0,120834900.0,18205475700.0,5934.0,159.0,160.0,3109300.0,159.0,237600.0,10721835562.0,10721835562.0,2479960565.0,11367100.0,23585100.0,,0.0,0.0,0.0
2025-08-25,159.0,159.0,160.0,172.0,156.0,163.0,4.0,57338900.0,9401130700.0,3020.0,163.0,163.0,345400.0,162.0,292200.0,10721835562.0,10721835562.0,2479960565.0,6724900.0,16241400.0,,0.0,0.0,0.0
2025-08-26,163.0,165.0,165.0,174.0,161.0,169.0,6.0,53516400.0,9052517400.0,1981.0,169.0,169.0,1265000.0,168.0,150500.0,10721835562.0,10721835562.0,2479960565.0,8324200.0,9718800.0,,0.0,0.0,0.0
2025-08-27,169.0,171.0,170.0,188.0,169.0,180.0,11.0,99939600.0,17796539700.0,4141.0,180.0,180.0,375000.0,179.0,89100.0,10721835562.0,10721835562.0,2479960565.0,6784700.0,26873400.0,,0.0,0.0,0.0
2025-08-28,180.0,181.0,181.0,196.0,180.0,192.0,12.0,81751700.0,15582657800.0,3450.0,192.0,193.0,133700.0,192.0,76900.0,10721835562.0,10721835562.0,2479960565.0,8255100.0,21666900.0,,0.0,0.0,0.0
2025-08-29,192.0,0.0,0.0,0.0,0.0,192.0,0.0,0.0,0.0,0.0,192.0,0.0,0.0,0.0,0.0,10721835562.0,10721835562.0,2479960565.0,0.0,0.0,,0.0,0.0,0.0
2025-09-01,192.0,175.0,176.0,187.0,165.0,180.0,-12.0,45008400.0,8015104600.0,1688.0,180.0,180.0,217900.0,179.0,3500.0,10721835562.0,10721835562.0,2479960565.0,8539100.0,17006900.0,,0.0,0.0,0.0
2025-09-02,180.0,181.0,181.0,189.0,180.0,188.0,8.0,27965000.0,5181889800.0,1011.0,188.0,188.0,250200.0,186.0,1065900.0,10721835562.0,10721835562.0,2479960565.0,2440500.0,15703600.0,,0.0,0.0,0.0
2025-09-03,188.0,189.0,189.0,194.0,185.0,189.0,1.0,65848600.0,12545545100.0,2374.0,189.0,189.0,1316700.0,188.0,26100.0,10721835562.0,10721835562.0,2479960565.0,26842000.0,13692300.0,,0.0,0.0,0.0
2025-09-04,189.0,190.0,189.0,224.0,188.0,210.0,21.0,95528100.0,19325208900.0,3747.0,210.0,212.0,2900.0,210.0,8654600.0,10721835562.0,10721835562.0,2479960565.0,16928200.0,28069700.0,,0.0,0.0,0.0
2025-09-08,210.0,0.0,0.0,0.0,0.0,210.0,0.0,0.0,0.0,0.0,210.0,0.0,0.0,0.0,0.0,10721835562.0,10721835562.0,2479960565.0,0.0,0.0,,0.0,0.0,0.0
2025-09-09,210.0,0.0,0.0,0.0,0.0,210.0,0.0,0.0,0.0,0.0,210.0,0.0,0.0,0.0,0.0,10721835562.0,10721835562.0,2479960565.0,0.0,0.0,,250000.0,57000000.0,1.0
2025-09-10,210.0,0.0,0.0,0.0,0.0,210.0,0.0,0.0,0.0,0.0,210.0,0.0,0.0,0.0,0.0,10721835562.0,10721835562.0,2479960565.0,0.0,0.0,,0.0,0.0,0.0
2025-09-11,210.0,0.0,0.0,0.0,0.0,210.0,0.0,0.0,0.0,0.0,210.0,0.0,0.0,0.0,0.0,10721835562.0,10721835562.0,2479960565.0,0.0,0.0,,0.0,0.0,0.0
2025-09-12,210.0,0.0,0.0,0.0,0.0,210.0,0.0,0.0,0.0,0.0,210.0,0.0,0.0,0.0,0.0,10721835562.0,10721835562.0,2479960565.0,0.0,0.0,,0.0,0.0,0.0
2025-09-15,210.0,0.0,0.0,0.0,0.0,210.0,0.0,0.0,0.0,0.0,210.0,0.0,0.0,0.0,0.0,10721835562.0,10721835562.0,2479960565.0,0.0,0.0,,0.0,0.0,0.0
2025-09-16,210.0,0.0,0.0,0.0,0.0,210.0,0.0,0.0,0.0,0.0,210.0,0.0,0.0,0.0,0.0,10721835562.0,10721835562.0,2479960565.0,0.0,0.0,,0.0,0.0,0.0
2025-09-17,210.0,0.0,0.0,230.0,230.0,230.0,20.0,11964700.0,2751881000.0,509.0,230.0,0.0,0.0,230.0,25248200.0,10721835562.0,10721835562.0,2479960565.0,0.0,0.0,,0.0,0.0,0.0
2025-09-18,230.0,0.0,0.0,252.0,252.0,252.0,22.0,8484400.0,2138068800.0,278.0,252.0,0.0,0.0,252.0,26353500.0,10721835562.0,10721835562.0,2479960565.0,1300000.0,0.0,,0.0,0.0,0.0
2025-09-19,252.0,0.0,0.0,276.0,270.0,270.0,18.0,32748900.0,9013292200.0,605.0,270.0,270.0,726700.0,268.0,400.0,10721835562.0,10721835562.0,2479960565.0,3000000.0,270000.0,,0.0,0.0,0.0
2025-09-22,270.0,0.0,0.0,270.0,244.0,244.0,-26.0,8905600.0,2363086200.0,413.0,244.0,244.0,12430200.0,0.0,0.0,10721835562.0,10721835562.0,2479960565.0,0.0,3000000.0,,0.0,0.0,0.0
2025-09-23,244.0,0.0,0.0,248.0,230.0,248.0,4.0,23180400.0,5420649600.0,741.0,248.0,248.0,882600.0,244.0,100.0,10721835562.0,10721835562.0,2479960565.0,750000.0,100000.0,,0.0,0.0,0.0
2025-09-24,248.0,0.0,0.0,230.0,224.0,224.0,-24.0,8603600.0,1943253400.0,350.0,224.0,224.0,2960500.0,0.0,0.0,10721835562.0,10721835562.0,2479960565.0,50000.0,100000.0,,0.0,0.0,0.0
2025-09-25,224.0,0.0,0.0,216.0,202.0,214.0,-10.0,18675800.0,3901680600.0,425.0,214.0,216.0,133500.0,214.0,6220000.0,10721835562.0,10721835562.0,2479960565.0,57800.0,0.0,,0.0,0.0,0.0
2025-09-26,214.0,224.0,224.0,266.0,214.0,254.0,40.0,332602800.0,81572704600.0,12044.0,254.0,254.0,2745800.0,252.0,481700.0,10721835562.0,10721835562.0,2479960565.0,63221200.0,16192000.0,,0.0,0.0,0.0
2025-09-29,254.0,254.0,254.0,258.0,216.0,220.0,-34.0,137615100.0,31283679200.0,7061.0,220.0,220.0,3446000.0,218.0,169100.0,10721835562.0,10721835562.0,2479960565.0,39837200.0,6964200.0,,0.0,0.0,0.0
2025-09-30,220.0,220.0,220.0,224.0,210.0,214.0,-6.0,22191100.0,4763470600.0,1684.0,214.0,216.0,137100.0,214.0,15600.0,10721835562.0,10721835562.0,2479960565.0,7943800.0,7109200.0,,0.0,0.0,0.0
2025-10-01,214.0,216.0,216.0,222.0,210.0,212.0,-2.0,33659500.0,7317942200.0,1458.0,212.0,214.0,375500.0,210.0,2315600.0,10721835562.0,10721835562.0,2372742210.0,13830500.0,1904900.0,,0.0,0.0,0.0
2025-10-02,212.0,212.0,212.0,214.0,204.0,204.0,-8.0,18986300.0,3940991600.0,1303.0,204.0,206.0,88200.0,204.0,641900.0,10721835562.0,10721835562.0,2372742210.0,4613300.0,3136300.0,,0.0,0.0,0.0
2025-10-03,204.0,204.0,206.0,222.0,200.0,218.0,14.0,93317000.0,19926023000.0,3516.0,218.0,218.0,127200.0,216.0,1145200.0,10721835562.0,10721835562.0,2372742210.0,18520100.0,14719500.0,,0.0,0.0,0.0
2025-10-06,218.0,218.0,216.0,218.0,204.0,206.0,-12.0,37639600.0,7861165600.0,1452.0,206.0,206.0,967800.0,204.0,2508300.0,10721835562.0,10721835562.0,2372742210.0,13480300.0,2394300.0,,0.0,0.0,0.0
2025-10-07,206.0,206.0,206.0,206.0,200.0,200.0,-6.0,10945400.0,2207922800.0,873.0,200.0,202.0,2335800.0,200.0,1038100.0,10721835562.0,10721835562.0,2372742210.0,4817000.0,647600.0,,0.0,0.0,0.0
2025-10-08,200.0,202.0,200.0,202.0,176.0,180.0,-20.0,35398000.0,6539382700.0,2310.0,180.0,180.0,85400.0,179.0,115300.0,10721835562.0,10721835562.0,2372742210.0,17853800.0,7669100.0,,0.0,0.0,0.0
2025-10-09,180.0,180.0,181.0,186.0,180.0,184.0,4.0,10520800.0,1922038700.0,722.0,184.0,184.0,10900.0,183.0,116600.0,10721835562.0,10721835562.0,2372742210.0,3635000.0,4829200.0,,0.0,0.0,0.0
2025-10-10,184.0,188.0,188.0,188.0,181.0,182.0,-2.0,6334500.0,1162624800.0,544.0,182.0,183.0,500.0,182.0,844100.0,10721835562.0,10721835562.0,2372742210.0,3142700.0,1819700.0,,0.0,0.0,0.0
2025-10-13,182.0,182.0,181.0,189.0,177.0,185.0,3.0,29122700.0,5397171600.0,1185.0,185.0,185.0,109800.0,183.0,400.0,10721835562.0,10721835562.0,2372742210.0,13989500.0,7240900.0,,0.0,0.0,0.0
2025-10-14,185.0,182.0,182.0,187.0,181.0,182.0,-3.0,7561100.0,1395188900.0,502.0,182.0,185.0,1106200.0,182.0,317000.0,10721835562.0,10721835562.0,2372742210.0,3024300.0,4826900.0,,0.0,0.0,0.0
2025-10-15,182.0,182.0,183.0,184.0,180.0,180.0,-2.0,8869800.0,1607359500.0,387.0,180.0,182.0,2000.0,180.0,268400.0,10721835562.0,10721835562.0,2372742210.0,712000.0,7077300.0,,0.0,0.0,0.0
2025-10-16,180.0,180.0,180.0,190.0,178.0,185.0,5.0,13319700.0,2452447700.0,695.0,185.0,185.0,675800.0,184.0,1500.0,10721835562.0,10721835562.0,2372742210.0,540000.0,7369400.0,,0.0,0.0,0.0
2025-10-17,185.0,186.0,185.0,186.0,159.0,159.0,-26.0,29162900.0,4939176300.0,1376.0,159.0,159.0,213500.0,158.0,10251500.0,10721835562.0,10721835562.0,2372742210.0,10720100.0,4619700.0,,0.0,0.0,0.0
2025-10-20,159.0,160.0,160.0,166.0,159.0,160.0,1.0,5130500.0,826119000.0,495.0,160.0,160.0,68300.0,159.0,138000.0,10721835562.0,10721835562.0,2372742210.0,1154700.0,1573500.0,,0.0,0.0,0.0
2025-10-21,160.0,159.0,159.0,160.0,146.0,156.0,-4.0,12750200.0,1970025300.0,718.0,156.0,156.0,30800.0,155.0,3600.0,10721835562.0,10721835562.0,2372742210.0,4069500.0,3922500.0,,0.0,0.0,0.0
2025-10-22,156.0,156.0,155.0,159.0,144.0,153.0,-3.0,23922600.0,3626826300.0,1029.0,153.0,157.0,9400.0,153.0,100.0,10721835562.0,10721835562.0,2372742210.0,14282800.0,8138100.0,,0.0,0.0,0.0
2025-10-23,153.0,152.0,151.0,158.0,149.0,156.0,3.0,3698900.0,574076900.0,431.0,156.0,156.0,362300.0,155.0,20200.0,10721835562.0,10721835562.0,2372742210.0,165100.0,1659400.0,,0.0,0.0,0.0
2025-10-24,156.0,157.0,157.0,188.0,154.0,173.0,17.0,70165700.0,12286078400.0,5527.0,173.0,173.0,1501000.0,172.0,9200.0,10721835562.0,10721835562.0,2372742210.0,18373000.0,19127500.0,,0.0,0.0,0.0
2025-10-27,173.0,172.0,171.0,172.0,149.0,150.0,-23.0,21368900.0,3383263600.0,1796.0,150.0,151.0,19000.0,150.0,578200.0,10721835562.0,10721835562.0,2372742210.0,3179800.0,4898800.0,,0.0,0.0,0.0
2025-10-28,150.0,149.0,149.0,150.0,141.0,141.0,-9.0,5190400.0,749965700.0,776.0,141.0,141.0,43900.0,140.0,822100.0,10721835562.0,10721835562.0,2372742210.0,1700700.0,555300.0,,0.0,0.0,0.0
2025-10-29,141.0,140.0,140.0,188.0,138.0,164.0,23.0,223761700.0,38488794900.0,17114.0,164.0,164.0,2125400.0,163.0,20800.0,10721835562.0,10721835562.0,2372742210.0,32887000.0,21535700.0,,0.0,0.0,0.0
2025-10-30,164.0,171.0,172.0,183.0,166.0,179.0,15.0,83691900.0,14774641500.0,5410.0,179.0,179.0,7800.0,178.0,18000.0,10721835562.0,10721835562.0,2372742210.0,12686700.0,16431500.0,,0.0,0.0,0.0
2025-10-31,179.0,180.0,180.0,190.0,179.0,184.0,5.0,35760200.0,6582910000.0,3121.0,184.0,184.0,1551100.0,183.0,211300.0,10721835562.0,10721835562.0,2372742210.0,4559000.0,11215400.0,,0.0,0.0,0.0
2025-11-04,168.0,169.0,170.0,182.0,160.0,164.0,-4.0,51880200.0,9014251100.0,3701.0,164.0,164.0,68900.0,163.0,311900.0,10721835562.0,10721835562.0,2372742210.0,8627100.0,7212200.0,,0.0,0.0,0.0
2025-11-05,164.0,163.0,162.0,175.0,161.0,170.0,6.0,21267400.0,3622656300.0,1995.0,170.0,170.0,298800.0,169.0,83400.0,10721835562.0,10721835562.0,2372742210.0,2279700.0,5242400.0,,0.0,0.0,0.0
2025-11-06,170.0,170.0,170.0,173.0,169.0,172.0,2.0,9020100.0,1544684000.0,960.0,172.0,172.0,217000.0,170.0,39300.0,10721835562.0,10721835562.0,2372742210.0,1338700.0,1556800.0,,0.0,0.0,0.0
2025-11-07,172.0,172.0,172.0,173.0,169.0,170.0,-2.0,6353400.0,1088634000.0,412.0,170.0,170.0,79200.0,169.0,561000.0,10721835562.0,10721835562.0,2372742210.0,738800.0,240800.0,,0.0,0.0,0.0
2025-11-10,170.0,169.0,170.0,181.0,168.0,174.0,4.0,19831500.0,3466445000.0,1545.0,174.0,175.0,54400.0,174.0,4700.0,10721835562.0,10721835562.0,2372742210.0,2187400.0,6181600.0,,0.0,0.0,0.0
2025-11-11,174.0,175.0,175.0,186.0,174.0,182.0,8.0,88736400.0,16060400700.0,3565.0,182.0,182.0,698800.0,181.0,31200.0,10721835562.0,10721835562.0,2372742210.0,10526400.0,15201900.0,,0.0,0.0,0.0
2025-11-12,182.0,183.0,183.0,186.0,180.0,181.0,-1.0,25369300.0,4660476100.0,1612.0,181.0,182.0,57100.0,181.0,859700.0,10721835562.0,10721835562.0,2372742210.0,5719500.0,1586300.0,,0.0,0.0,0.0
2025-11-13,181.0,181.0,182.0,190.0,175.0,188.0,7.0,82619700.0,15297488200.0,4165.0,188.0,188.0,1327400.0,187.0,11500.0,10721835562.0,10721835562.0,2372742210.0,9156000.0,15727300.0,,0.0,0.0,0.0
2025-11-14,188.0,189.0,189.0,189.0,182.0,185.0,-3.0,25653500.0,4754424300.0,1097.0,185.0,185.0,663800.0,184.0,6200.0,10721835562.0,10721835562.0,2372742210.0,7041500.0,1636000.0,,0.0,0.0,0.0
2025-11-17,185.0,185.0,185.0,187.0,181.0,182.0,-3.0,27598800.0,5085389500.0,970.0,182.0,182.0,1489000.0,181.0,222300.0,10721835562.0,10721835562.0,2372742210.0,1647300.0,793300.0,,0.0,0.0,0.0
2025-11-18,182.0,182.0,182.0,186.0,182.0,185.0,3.0,12870800.0,2376470600.0,1014.0,185.0,185.0,404300.0,184.0,541400.0,10721835562.0,10721835562.0,2372742210.0,916500.0,1125600.0,,0.0,0.0,0.0
2025-11-19,185.0,186.0,186.0,202.0,186.0,191.0,6.0,88517200.0,17092176300.0,6862.0,191.0,191.0,660700.0,190.0,1067100.0,10721835562.0,10721835562.0,2372742210.0,12147100.0,4429700.0,,0.0,0.0,0.0
2025-11-20,191.0,191.0,191.0,199.0,187.0,190.0,-1.0,76489500.0,14733617800.0,3187.0,190.0,190.0,854100.0,189.0,6000.0,10721835562.0,10721835562.0,2372742210.0,6276700.0,2941800.0,,0.0,0.0,0.0
2025-11-21,190.0,190.0,191.0,208.0,188.0,190.0,0.0,99435600.0,19528508500.0,5690.0,190.0,190.0,1420300.0,189.0,140200.0,10721835562.0,10721835562.0,2372742210.0,10311300.0,12407700.0,,0.0,0.0,0.0
2025-11-24,190.0,189.0,190.0,198.0,189.0,197.0,7.0,39794900.0,7690497200.0,1173.0,197.0,197.0,613300.0,196.0,136000.0,10721835562.0,10721835562.0,2372742210.0,1661300.0,4292000.0,,0.0,0.0,0.0
2025-11-25,197.0,197.0,198.0,202.0,192.0,193.0,-4.0,11038700.0,2154572600.0,630.0,193.0,194.0,1079300.0,193.0,783200.0,10721835562.0,10721835562.0,2372742210.0,1509100.0,1377600.0,,0.0,0.0,0.0
2025-11-26,193.0,196.0,196.0,206.0,194.0,206.0,13.0,64748100.0,13037563700.0,2973.0,206.0,206.0,841100.0,204.0,656300.0,10721835562.0,10721835562.0,2372742210.0,3198600.0,6624200.0,,30000000.0,6000000000.0,1.0
2025-11-27,206.0,206.0,208.0,210.0,202.0,204.0,-2.0,9556100.0,1966093800.0,1018.0,204.0,206.0,658300.0,204.0,42300.0,10721835562.0,10721835562.0,2372742210.0,2857300.0,182300.0,,0.0,0.0,0.0
2025-11-28,204.0,206.0,204.0,206.0,196.0,197.0,-7.0,9848000.0,1956175400.0,511.0,197.0,197.0,155600.0,196.0,1332700.0,10721835562.0,10721835562.0,2372742210.0,1408000.0,1443800.0,,0.0,0.0,0.0
2025-12-01,197.0,199.0,199.0,216.0,194.0,214.0,17.0,39103500.0,8139236100.0,2084.0,214.0,214.0,138400.0,212.0,133100.0,10721835562.0,10721835562.0,2372742210.0,2978800.0,10892200.0,,0.0,0.0,0.0
2025-12-02,214.0,214.0,216.0,218.0,206.0,208.0,-6.0,15470800.0,3281730600.0,1161.0,208.0,208.0,111400.0,206.0,557800.0,10721835562.0,10721835562.0,2372742210.0,5318900.0,2171500.0,,19964300.0,4272360200.0,1.0
2025-12-03,208.0,208.0,208.0,232.0,206.0,210.0,2.0,102440400.0,22498353600.0,5702.0,210.0,210.0,590800.0,208.0,692200.0,10721835562.0,10721835562.0,2372742210.0,16164700.0,4319700.0,,10049300.0,2090254400.0,1.0
2025-12-04,210.0,210.0,214.0,228.0,210.0,218.0,8.0,44961600.0,9948513000.0,2139.0,218.0,220.0,1104400.0,218.0,283000.0,10721835562.0,10721835562.0,2372742210.0,1799900.0,2833400.0,,19001800.0,3990378000.0,1.0
2025-12-05,218.0,222.0,222.0,222.0,212.0,216.0,-2.0,9089500.0,1974329200.0,758.0,216.0,216.0,10300.0,214.0,103100.0,10721835562.0,10721835562.0,2372742210.0,1271300.0,601500.0,,0.0,0.0,0.0
2025-12-08,216.0,216.0,216.0,222.0,210.0,216.0,0.0,8858200.0,1932845200.0,616.0,216.0,216.0,463300.0,214.0,360600.0,10721835562.0,10721835562.0,2372742210.0,876400.0,1530600.0,,0.0,0.0,0.0
2025-12-09,216.0,216.0,216.0,220.0,210.0,212.0,-4.0,10759100.0,2291095600.0,644.0,212.0,212.0,340200.0,210.0,2420500.0,10721835562.0,10721835562.0,2372742210.0,669800.0,1640600.0,,0.0,0.0,0.0
2025-12-10,212.0,208.0,212.0,218.0,202.0,208.0,-4.0,19911100.0,4157249200.0,1121.0,208.0,208.0,1800.0,206.0,102500.0,10721835562.0,10721835562.0,2372742210.0,3700000.0,3307800.0,,19761400.0,4189416800.0,1.0
2025-12-11,208.0,210.0,210.0,224.0,208.0,216.0,8.0,21784200.0,4739584400.0,1149.0,216.0,216.0,637700.0,214.0,10200.0,10721835562.0,10721835562.0,2372742210.0,2553300.0,4812900.0,,2000000.0,416000000.0,1.0
2025-12-12,216.0,214.0,214.0,220.0,202.0,208.0,-8.0,11404400.0,2388766000.0,610.0,208.0,208.0,110000.0,206.0,10800.0,10721835562.0,10721835562.0,2372742210.0,1793700.0,1433900.0,,0.0,0.0,0.0
2025-12-15,208.0,204.0,204.0,212.0,197.0,202.0,-6.0,12554900.0,2552723700.0,617.0,202.0,204.0,283400.0,202.0,268200.0,10721835562.0,10721835562.0,2372742210.0,1155900.0,3746300.0,,0.0,0.0,0.0
2025-12-16,202.0,202.0,204.0,210.0,202.0,204.0,2.0,3579300.0,736930800.0,285.0,204.0,204.0,549200.0,202.0,332000.0,10721835562.0,10721835562.0,2372742210.0,225000.0,783000.0,,0.0,0.0,0.0
2025-12-17,204.0,206.0,206.0,212.0,204.0,208.0,4.0,4498300.0,943401600.0,368.0,208.0,208.0,253500.0,206.0,271000.0,10721835562.0,10721835562.0,2372742210.0,541400.0,536000.0,,18452900.0,3764391600.0,1.0
2025-12-18,208.0,210.0,210.0,214.0,200.0,204.0,-4.0,12652400.0,2607210800.0,551.0,204.0,206.0,34700.0,204.0,200.0,10721835562.0,10721835562.0,2372742210.0,1895700.0,930500.0,,0.0,0.0,0.0
2025-12-19,204.0,204.0,204.0,214.0,199.0,202.0,-2.0,30866700.0,6435237400.0,1490.0,202.0,204.0,200000.0,202.0,557300.0,10721835562.0,10721835562.0,2372742210.0,6908800.0,681600.0,,110000000.0,22440000000.0,1.0
2025-12-22,202.0,208.0,208.0,210.0,200.0,208.0,6.0,8906000.0,1837874400.0,473.0,208.0,208.0,986200.0,206.0,161900.0,10721835562.0,10721835562.0,2372742210.0,441300.0,3619400.0,,109835700.0,21967140000.0,1.0
2025-12-23,208.0,208.0,208.0,210.0,206.0,206.0,-2.0,4176800.0,866191800.0,303.0,206.0,208.0,380900.0,204.0,1220400.0,10721835562.0,10721835562.0,2372742210.0,111500.0,1359000.0,,90000000.0,18720000000.0,1.0
2025-12-24,206.0,208.0,208.0,210.0,200.0,206.0,0.0,6554200.0,1354254800.0,321.0,206.0,206.0,15900.0,204.0,473200.0,10721835562.0,10721835562.0,2372742210.0,237700.0,2613900.0,,0.0,0.0,0.0
2025-12-29,206.0,212.0,212.0,224.0,210.0,214.0,8.0,33563700.0,7274692000.0,1400.0,214.0,214.0,973600.0,212.0,132200.0,10721835562.0,10721835562.0,2372742210.0,3307800.0,17236700.0,,0.0,0.0,0.0
2025-12-30,214.0,214.0,214.0,216.0,200.0,202.0,-12.0,23459900.0,4815053000.0,1403.0,202.0,204.0,58000.0,202.0,84000.0,10721835562.0,10721835562.0,2372742210.0,4831500.0,3011500.0,,4070000.0,830280000.0,1.0
2026-01-02,202.0,202.0,204.0,208.0,196.0,202.0,0.0,16950600.0,3437034300.0,960.0,202.0,202.0,6800.0,200.0,100.0,10721835562.0,10721835562.0,2369525659.0,2821800.0,1000600.0,,0.0,0.0,0.0
2026-01-05,202.0,202.0,200.0,204.0,194.0,198.0,-4.0,33474500.0,6641208100.0,1227.0,198.0,198.0,3704500.0,197.0,20800.0,10721835562.0,10721835562.0,2369525659.0,5651000.0,739800.0,,0.0,0.0,0.0
2026-01-06,198.0,198.0,197.0,206.0,195.0,197.0,-1.0,34335200.0,6861469600.0,1424.0,197.0,197.0,71200.0,196.0,730600.0,10721835562.0,10721835562.0,2369525659.0,6145300.0,5605600.0,,0.0,0.0,0.0
2026-01-07,197.0,197.0,199.0,200.0,191.0,193.0,-4.0,16193900.0,3174019000.0,778.0,193.0,193.0,73800.0,192.0,51000.0,10721835562.0,10721835562.0,2369525659.0,2077000.0,427600.0,,0.0,0.0,0.0
2026-01-08,193.0,190.0,191.0,197.0,190.0,195.0,2.0,28582400.0,5569627500.0,892.0,195.0,195.0,296900.0,194.0,11000.0,10721835562.0,10721835562.0,2369525659.0,2301400.0,799800.0,,0.0,0.0,0.0
2026-01-09,195.0,197.0,196.0,212.0,194.0,206.0,11.0,51296300.0,10419136700.0,2193.0,206.0,206.0,707000.0,204.0,237500.0,10721835562.0,10721835562.0,2369525659.0,5826400.0,9202400.0,,0.0,0.0,0.0
2026-01-12,206.0,206.0,206.0,212.0,198.0,210.0,4.0,117090300.0,23960896800.0,2220.0,210.0,210.0,1661500.0,208.0,123400.0,10721835562.0,10721835562.0,2369525659.0,11921300.0,5464600.0,,0.0,0.0,0.0
2026-01-13,210.0,214.0,214.0,228.0,206.0,212.0,2.0,154725200.0,33939152600.0,4908.0,212.0,214.0,2134700.0,212.0,1000500.0,10721835562.0,10721835562.0,2369525659.0,15313000.0,11990200.0,,0.0,0.0,0.0
2026-01-14,212.0,208.0,208.0,224.0,204.0,220.0,8.0,200884300.0,43517786400.0,4691.0,220.0,222.0,3064000.0,220.0,1000.0,10721835562.0,10721835562.0,2369525659.0,9205100.0,14098900.0,,0.0,0.0,0.0
2026-01-15,220.0,222.0,220.0,234.0,216.0,220.0,0.0,208890100.0,47228808200.0,7140.0,220.0,220.0,821600.0,218.0,1670700.0,10721835562.0,10721835562.0,2369525659.0,17650800.0,10860700.0,,0.0,0.0,0.0
2026-01-19,220.0,220.0,220.0,224.0,204.0,204.0,-16.0,167912800.0,35919150200.0,2763.0,204.0,204.0,250500.0,202.0,277000.0,10721835562.0,10721835562.0,2369525659.0,9674500.0,8587800.0,,0.0,0.0,0.0
2026-01-20,204.0,206.0,206.0,206.0,195.0,200.0,-4.0,90885300.0,18131359300.0,1770.0,200.0,200.0,447600.0,199.0,45700.0,10721835562.0,10721835562.0,2369525659.0,3492800.0,5386000.0,,0.0,0.0,0.0
2026-01-21,200.0,199.0,198.0,216.0,195.0,208.0,8.0,179991200.0,37383054300.0,6830.0,208.0,208.0,909600.0,206.0,295200.0,10721835562.0,10721835562.0,2369525659.0,21004400.0,6254300.0,,0.0,0.0,0.0
2026-01-22,208.0,208.0,208.0,218.0,204.0,208.0,0.0,132957800.0,28044793600.0,3343.0,208.0,208.0,1199200.0,206.0,71200.0,10721835562.0,10721835562.0,2369525659.0,6980300.0,20564100.0,,0.0,0.0,0.0
2026-01-23,208.0,210.0,210.0,212.0,202.0,210.0,2.0,125695900.0,26231522600.0,2839.0,210.0,210.0,2281200.0,208.0,48200.0,10721835562.0,10721835562.0,2369525659.0,5255100.0,2408300.0,,0.0,0.0,0.0
2026-01-26,210.0,210.0,208.0,228.0,204.0,222.0,12.0,267256100.0,57919687000.0,8181.0,222.0,222.0,5231700.0,220.0,332100.0,10721835562.0,10721835562.0,2369525659.0,18584100.0,38189400.0,,0.0,0.0,0.0
2026-01-27,222.0,222.0,224.0,224.0,214.0,220.0,-2.0,109908700.0,24265168600.0,2846.0,220.0,220.0,45000.0,218.0,657400.0,10721835562.0,10721835562.0,2369525659.0,9922100.0,8297300.0,,0.0,0.0,0.0
2026-01-28,220.0,208.0,210.0,214.0,192.0,198.0,-22.0,48931500.0,10036234900.0,1789.0,198.0,198.0,153200.0,197.0,19900.0,10721835562.0,10721835562.0,2369525659.0,2943300.0,9358900.0,,0.0,0.0,0.0
2026-01-29,198.0,198.0,198.0,204.0,170.0,190.0,-8.0,28147800.0,5357453500.0,1152.0,190.0,190.0,403800.0,189.0,1900.0,10721835562.0,10721835562.0,2369525659.0,7815100.0,14431400.0,,0.0,0.0,0.0
2026-01-30,190.0,190.0,190.0,199.0,186.0,193.0,3.0,10788100.0,2103616100.0,513.0,193.0,193.0,502300.0,192.0,77100.0,10721835562.0,10721835562.0,2369525659.0,2299400.0,4526000.0,,0.0,0.0,0.0
2026-02-02,193.0,194.0,194.0,194.0,165.0,169.0,-24.0,19718300.0,3440708000.0,933.0,169.0,170.0,2000000.0,169.0,1300.0,10721835562.0,10721835562.0,2369525659.0,8365000.0,5555400.0,,0.0,0.0,0.0
2026-02-03,169.0,165.0,164.0,184.0,163.0,181.0,12.0,124583000.0,22527284100.0,2985.0,181.0,181.0,1101000.0,180.0,1425800.0,10721835562.0,10721835562.0,2369525659.0,8430300.0,16902900.0,,0.0,0.0,0.0
2026-02-04,181.0,180.0,180.0,184.0,175.0,175.0,-6.0,27310300.0,4937788300.0,808.0,175.0,175.0,4895900.0,174.0,1228500.0,10721835562.0,10721835562.0,2369525659.0,4362000.0,10972400.0,,0.0,0.0,0.0
2026-02-05,175.0,177.0,177.0,180.0,171.0,172.0,-3.0,21334200.0,3766179400.0,978.0,172.0,172.0,274700.0,171.0,306700.0,10721835562.0,10721835562.0,2369525659.0,10797500.0,6074800.0,,0.0,0.0,0.0
2026-02-06,172.0,170.0,168.0,176.0,162.0,166.0,-6.0,37718300.0,6397975800.0,944.0,166.0,167.0,60000.0,166.0,75300.0,10721835562.0,10721835562.0,2369525659.0,12202400.0,4757500.0,,0.0,0.0,0.0
2026-02-09,166.0,164.0,164.0,167.0,157.0,160.0,-6.0,19607300.0,3150893800.0,504.0,160.0,160.0,188500.0,159.0,851300.0,10721835562.0,10721835562.0,2369525659.0,7902300.0,5693500.0,,0.0,0.0,0.0
2026-02-10,160.0,157.0,157.0,162.0,157.0,159.0,-1.0,6548100.0,1044848100.0,351.0,159.0,159.0,528400.0,158.0,155900.0,10721835562.0,10721835562.0,2369525659.0,1827800.0,1723700.0,,0.0,0.0,0.0
2026-02-11,159.0,160.0,160.0,164.0,157.0,160.0,1.0,20148700.0,3246634100.0,768.0,160.0,160.0,575800.0,159.0,2000.0,10721835562.0,10721835562.0,2369525659.0,4422000.0,5142600.0,,0.0,0.0,0.0
2026-02-12,160.0,160.0,160.0,162.0,154.0,161.0,1.0,17358400.0,2754983600.0,1189.0,161.0,161.0,4200.0,159.0,1000.0,10721835562.0,10721835562.0,2369525659.0,6849600.0,594200.0,,0.0,0.0,0.0
2026-02-13,161.0,158.0,158.0,160.0,153.0,159.0,-2.0,15515600.0,2438855500.0,526.0,159.0,159.0,944900.0,157.0,10000.0,10721835562.0,10721835562.0,2369525659.0,5090100.0,595100.0,,0.0,0.0,0.0
2026-02-18,159.0,159.0,159.0,159.0,153.0,156.0,-3.0,5529000.0,858948800.0,409.0,156.0,156.0,10600.0,155.0,120000.0,10721835562.0,10721835562.0,2369525659.0,1361400.0,499000.0,,0.0,0.0,0.0
2026-02-19,156.0,156.0,156.0,159.0,153.0,158.0,2.0,43364900.0,6798177500.0,787.0,158.0,158.0,465500.0,157.0,6400.0,10721835562.0,10721835562.0,2369525659.0,3458300.0,2430000.0,,0.0,0.0,0.0
2026-02-20,158.0,158.0,158.0,159.0,156.0,159.0,1.0,4155700.0,656783100.0,205.0,159.0,159.0,1769700.0,157.0,5000.0,10721835562.0,10721835562.0,2369525659.0,378300.0,65800.0,,0.0,0.0,0.0
2026-02-23,159.0,160.0,160.0,161.0,156.0,158.0,-1.0,5776800.0,915822200.0,276.0,158.0,158.0,687100.0,156.0,200900.0,10721835562.0,10721835562.0,2369525659.0,1450000.0,3324900.0,,0.0,0.0,0.0
2026-02-24,158.0,156.0,156.0,158.0,151.0,151.0,-7.0,6394500.0,981772500.0,389.0,151.0,151.0,39600.0,150.0,1275500.0,10721835562.0,10721835562.0,2369525659.0,2002100.0,38300.0,,0.0,0.0,0.0
2026-02-25,151.0,153.0,152.0,155.0,143.0,154.0,3.0,46960300.0,7088408000.0,1762.0,154.0,154.0,3078900.0,153.0,7400.0,10721835562.0,10721835562.0,2369525659.0,3001900.0,10212400.0,,0.0,0.0,0.0
2026-02-26,154.0,154.0,153.0,158.0,148.0,148.0,-6.0,39970500.0,6147795000.0,1759.0,148.0,148.0,575800.0,147.0,520500.0,10721835562.0,10721835562.0,2369525659.0,8535100.0,1627200.0,,0.0,0.0,0.0
2026-02-27,148.0,148.0,148.0,148.0,142.0,148.0,0.0,4968600.0,717009600.0,312.0,148.0,148.0,2743800.0,145.0,109300.0,10721835562.0,10721835562.0,2369525659.0,2203500.0,565400.0,,0.0,0.0,0.0
2026-03-02,148.0,141.0,141.0,142.0,126.0,126.0,-22.0,24977500.0,3294889300.0,670.0,126.0,126.0,3618200.0,0.0,0.0,10721835562.0,10721835562.0,2369525659.0,1737400.0,7044900.0,,0.0,0.0,0.0
2026-03-03,126.0,122.0,122.0,131.0,122.0,125.0,-1.0,26112900.0,3335049700.0,1230.0,125.0,125.0,5200.0,124.0,120600.0,10721835562.0,10721835562.0,2369525659.0,4894700.0,4620600.0,,0.0,0.0,0.0
2026-03-04,125.0,124.0,123.0,129.0,119.0,120.0,-5.0,44930600.0,5642123000.0,861.0,120.0,121.0,4100.0,120.0,15200.0,10721835562.0,10721835562.0,2369525659.0,4078400.0,3143500.0,,0.0,0.0,0.0
2026-03-05,120.0,120.0,120.0,127.0,114.0,122.0,2.0,40400900.0,4990056800.0,1335.0,122.0,123.0,481800.0,120.0,308500.0,10721835562.0,10721835562.0,2369525659.0,5890000.0,7825400.0,,0.0,0.0,0.0
2026-03-06,122.0,123.0,123.0,123.0,118.0,122.0,0.0,22563300.0,2743231600.0,334.0,122.0,122.0,33200.0,120.0,400.0,10721835562.0,10721835562.0,2369525659.0,963600.0,677500.0,,0.0,0.0,0.0
2026-03-09,122.0,123.0,122.0,123.0,113.0,119.0,-3.0,46935900.0,5536249400.0,764.0,119.0,119.0,61200.0,115.0,3000.0,10721835562.0,10721835562.0,2369525659.0,6075300.0,3156400.0,,0.0,0.0,0.0
2026-03-10,119.0,119.0,119.0,125.0,116.0,120.0,1.0,49521700.0,6054463600.0,1428.0,120.0,120.0,490400.0,116.0,264900.0,10721835562.0,10721835562.0,2369525659.0,5109500.0,6660000.0,,0.0,0.0,0.0
2026-03-11,120.0,120.0,120.0,125.0,118.0,120.0,0.0,19848200.0,2442696800.0,917.0,120.0,120.0,62800.0,119.0,2600.0,10721835562.0,10721835562.0,2369525659.0,2388600.0,5584800.0,,0.0,0.0,0.0
2026-03-12,120.0,120.0,120.0,121.0,116.0,116.0,-4.0,10225500.0,1220999200.0,547.0,116.0,116.0,2600.0,115.0,799700.0,10721835562.0,10721835562.0,2369525659.0,2818900.0,74100.0,,0.0,0.0,0.0
2026-03-13,116.0,116.0,115.0,116.0,106.0,112.0,-4.0,9971100.0,1089246000.0,345.0,112.0,112.0,435100.0,108.0,2500.0,10721835562.0,10721835562.0,2369525659.0,2277000.0,3196300.0,,0.0,0.0,0.0
2026-03-16,112.0,108.0,108.0,110.0,106.0,106.0,-6.0,2700800.0,289881900.0,133.0,106.0,108.0,15000.0,106.0,391800.0,10721835562.0,10721835562.0,2369525659.0,343400.0,1665300.0,,0.0,0.0,0.0
2026-03-17,106.0,0.0,0.0,107.0,104.0,107.0,1.0,1874400.0,198310300.0,151.0,107.0,107.0,1117700.0,104.0,126100.0,10721835562.0,10721835562.0,2369525659.0,845500.0,1156400.0,,0.0,0.0,0.0
2026-03-25,107.0,104.0,104.0,120.0,104.0,117.0,10.0,14225500.0,1598030500.0,361.0,117.0,117.0,513800.0,116.0,18100.0,10721835562.0,10721835562.0,2369525659.0,1629700.0,9991000.0,,0.0,0.0,0.0
2026-03-26,117.0,117.0,116.0,117.0,111.0,112.0,-5.0,1329000.0,149394100.0,111.0,112.0,114.0,25700.0,112.0,9100.0,10721835562.0,10721835562.0,2369525659.0,1172100.0,53000.0,,0.0,0.0,0.0
2026-03-27,112.0,112.0,110.0,112.0,104.0,106.0,-6.0,3730700.0,395855200.0,198.0,106.0,107.0,99900.0,106.0,335300.0,10721835562.0,10721835562.0,2369525659.0,2086700.0,0.0,,0.0,0.0,0.0
2026-03-30,106.0,105.0,105.0,105.0,101.0,103.0,-3.0,1915300.0,195418400.0,141.0,103.0,103.0,929200.0,102.0,113700.0,10721835562.0,10721835562.0,2369525659.0,972600.0,224600.0,,0.0,0.0,0.0
2026-03-31,103.0,102.0,102.0,102.0,90.0,91.0,-12.0,17761600.0,1682688700.0,630.0,91.0,91.0,49200.0,90.0,93800.0,10721835562.0,10721835562.0,2369525659.0,10739100.0,3149000.0,,0.0,0.0,0.0
2026-04-01,91.0,92.0,92.0,102.0,92.0,95.0,4.0,19518800.0,1917113000.0,840.0,95.0,95.0,126400.0,94.0,3069400.0,10721835562.0,10721835562.0,2373814393.0,4963500.0,3756100.0,,0.0,0.0,0.0
2026-04-02,95.0,94.0,94.0,99.0,91.0,94.0,-1.0,2432500.0,226363800.0,195.0,94.0,94.0,236000.0,93.0,21300.0,10721835562.0,10721835562.0,2373814393.0,1439800.0,39900.0,,0.0,0.0,0.0
2026-04-06,94.0,93.0,93.0,94.0,90.0,94.0,0.0,2568200.0,235101200.0,188.0,94.0,94.0,213900.0,92.0,13600.0,10721835562.0,10721835562.0,2373814393.0,1669300.0,883300.0,,0.0,0.0,0.0
2026-04-07,94.0,94.0,93.0,98.0,91.0,94.0,0.0,3525900.0,333075300.0,103.0,94.0,94.0,9800.0,93.0,98900.0,10721835562.0,10721835562.0,2373814393.0,2201700.0,790900.0,,0.0,0.0,0.0
2026-04-08,94.0,94.0,95.0,110.0,94.0,109.0,15.0,53376300.0,5593980100.0,2931.0,109.0,109.0,970000.0,108.0,277100.0,10721835562.0,10721835562.0,2373814393.0,4844900.0,10216100.0,,0.0,0.0,0.0
2026-04-09,109.0,110.0,109.0,113.0,105.0,109.0,0.0,12833300.0,1408179300.0,843.0,109.0,109.0,65400.0,108.0,3300.0,10721835562.0,10721835562.0,2373814393.0,2267800.0,393500.0,,0.0,0.0,0.0
2026-04-10,109.0,0.0,0.0,113.0,107.0,112.0,3.0,10339800.0,1148857500.0,788.0,112.0,112.0,467900.0,111.0,620700.0,10721835562.0,10721835562.0,2373814393.0,626000.0,602300.0,,0.0,0.0,0.0
2026-04-13,112.0,110.0,110.0,121.0,108.0,118.0,6.0,48141100.0,5624280800.0,2120.0,118.0,118.0,186400.0,117.0,183700.0,10721835562.0,10721835562.0,2373814393.0,7170600.0,2642400.0,,0.0,0.0,0.0
2026-04-14,118.0,119.0,119.0,121.0,117.0,120.0,2.0,10748800.0,1282571600.0,950.0,120.0,120.0,972900.0,119.0,6600.0,10721835562.0,10721835562.0,2373814393.0,1373400.0,173200.0,,0.0,0.0,0.0
2026-04-15,120.0,120.0,120.0,122.0,119.0,122.0,2.0,6030900.0,731455400.0,480.0,122.0,122.0,577800.0,121.0,118800.0,10721835562.0,10721835562.0,2373814393.0,456500.0,175100.0,,0.0,0.0,0.0
2026-04-16,122.0,123.0,123.0,129.0,121.0,123.0,1.0,49294400.0,6211173600.0,1984.0,123.0,124.0,57700.0,123.0,890500.0,10721835562.0,10721835562.0,2373814393.0,2529200.0,3072300.0,,0.0,0.0,0.0
2026-04-17,123.0,124.0,123.0,124.0,119.0,123.0,0.0,6877800.0,834745700.0,508.0,123.0,123.0,220900.0,120.0,3000.0,10721835562.0,10721835562.0,2373814393.0,2108000.0,959000.0,,0.0,0.0,0.0
2026-04-20,123.0,123.0,123.0,125.0,121.0,123.0,0.0,4016400.0,495162000.0,234.0,123.0,123.0,134100.0,122.0,50000.0,10721835562.0,10721835562.0,2373814393.0,287200.0,405800.0,,0.0,0.0,0.0
2026-04-21,123.0,123.0,124.0,124.0,120.0,122.0,-1.0,2235600.0,272155000.0,206.0,122.0,122.0,200.0,121.0,65700.0,10721835562.0,10721835562.0,2373814393.0,484600.0,0.0,,0.0,0.0,0.0
2026-04-22,122.0,124.0,124.0,124.0,117.0,122.0,0.0,10214100.0,1232909600.0,566.0,122.0,122.0,115300.0,119.0,15300.0,10721835562.0,10721835562.0,2373814393.0,1993800.0,1712500.0,,0.0,0.0,0.0
2026-04-23,122.0,123.0,122.0,123.0,117.0,117.0,-5.0,3998000.0,473598900.0,206.0,117.0,118.0,29600.0,117.0,178400.0,10721835562.0,10721835562.0,2373814393.0,1364700.0,2400.0,,0.0,0.0,0.0
2026-04-24,117.0,118.0,117.0,118.0,110.0,110.0,-7.0,5512000.0,618136400.0,259.0,110.0,112.0,11800.0,110.0,26200.0,10721835562.0,10721835562.0,2373814393.0,766500.0,43900.0,,0.0,0.0,0.0
2026-04-27,110.0,112.0,112.0,115.0,110.0,114.0,4.0,11932200.0,1353461600.0,804.0,114.0,114.0,217800.0,113.0,611000.0,10721835562.0,10721835562.0,2373814393.0,887400.0,2000000.0,,0.0,0.0,0.0
2026-04-28,114.0,114.0,114.0,115.0,111.0,113.0,-1.0,2724700.0,307622700.0,245.0,113.0,113.0,392400.0,112.0,25600.0,10721835562.0,10721835562.0,2373814393.0,255200.0,0.0,,0.0,0.0,0.0
2026-04-29,113.0,113.0,113.0,114.0,112.0,112.0,-1.0,1579900.0,179433100.0,185.0,112.0,113.0,1934500.0,112.0,345800.0,10721835562.0,10721835562.0,2373814393.0,89900.0,58700.0,,0.0,0.0,0.0
2026-04-30,112.0,111.0,112.0,112.0,107.0,108.0,-4.0,2703400.0,295465700.0,161.0,108.0,110.0,3173300.0,108.0,9400.0,10721835562.0,10721835562.0,2373814393.0,463400.0,12100.0,,0.0,0.0,0.0
2026-05-04,108.0,108.0,108.0,111.0,107.0,109.0,1.0,2540900.0,273972000.0,206.0,109.0,109.0,107500.0,108.0,4100.0,10721835562.0,10721835562.0,2373814393.0,2050700.0,392600.0,,0.0,0.0,0.0
2026-05-05,109.0,109.0,109.0,109.0,107.0,109.0,0.0,1552600.0,167507200.0,83.0,109.0,109.0,92500.0,108.0,19800.0,10721835562.0,10721835562.0,2373814393.0,1172900.0,13900.0,,0.0,0.0,0.0
2026-05-06,109.0,108.0,109.0,111.0,106.0,108.0,-1.0,4017200.0,438294600.0,249.0,108.0,108.0,111400.0,107.0,12100.0,10721835562.0,10721835562.0,2373814393.0,95700.0,0.0,,0.0,0.0,0.0
2026-05-07,108.0,107.0,108.0,110.0,106.0,107.0,-1.0,2953700.0,321547600.0,364.0,107.0,107.0,3852300.0,106.0,325700.0,10721835562.0,10721835562.0,2373814393.0,74500.0,12100.0,,0.0,0.0,0.0
2026-05-08,107.0,106.0,107.0,108.0,100.0,103.0,-4.0,5922800.0,613215700.0,273.0,103.0,104.0,11800.0,103.0,163100.0,10721835562.0,10721835562.0,2373814393.0,267200.0,92500.0,,0.0,0.0,0.0
