date,previous,open_price,first_trade,high,low,close,change,volume,value,frequency,index_individual,offer,offer_volume,bid,bid_volume,listed_shares,tradeble_shares,weight_for_index,foreign_sell,foreign_buy,delisting_date,non_regular_volume,non_regular_value,non_regular_frequency
2022-07-07,200.0,0.0,0.0,270.0,204.0,216.0,16.0,419136400.0,104365729800.0,56602.0,108.0,216.0,3054200.0,214.0,275100.0,5385000000.0,340000000.0,1109576271.0,350300.0,2334200.0,,50000.0,10000000.0,1.0
2022-07-08,216.0,0.0,0.0,218.0,202.0,202.0,-14.0,12942400.0,2693762600.0,1754.0,101.0,202.0,22703900.0,0.0,0.0,5385000000.0,340000000.0,1109576271.0,0.0,51300.0,,0.0,0.0,0.0
2022-07-11,202.0,0.0,0.0,188.0,188.0,188.0,-14.0,740800.0,139270400.0,329.0,94.0,188.0,42378700.0,0.0,0.0,5385000000.0,340000000.0,1109576271.0,0.0,0.0,,0.0,0.0,0.0
2022-07-12,188.0,0.0,0.0,175.0,175.0,175.0,-13.0,885900.0,155032500.0,329.0,87.5,175.0,32481400.0,0.0,0.0,5385000000.0,340000000.0,1109576271.0,0.0,100000.0,,0.0,0.0,0.0
2022-07-13,175.0,0.0,0.0,163.0,163.0,163.0,-12.0,1058800.0,172584400.0,407.0,81.5,163.0,22224900.0,0.0,0.0,5385000000.0,340000000.0,1109576271.0,0.0,1000.0,,0.0,0.0,0.0
2022-07-14,163.0,0.0,0.0,171.0,152.0,152.0,-11.0,86787700.0,13715835300.0,9976.0,76.0,152.0,9195900.0,0.0,0.0,5385000000.0,340000000.0,1109576271.0,30200.0,1500.0,,1400.0,222600.0,1.0
2022-07-15,152.0,0.0,0.0,150.0,142.0,142.0,-10.0,32998500.0,4747937700.0,3475.0,71.0,142.0,5332900.0,0.0,0.0,5385000000.0,340000000.0,1109576271.0,0.0,300.0,,0.0,0.0,0.0
2022-07-18,142.0,0.0,0.0,149.0,133.0,141.0,-1.0,88796200.0,12298110100.0,15458.0,70.5,142.0,93400.0,141.0,4533800.0,5385000000.0,340000000.0,1109576271.0,764200.0,11000.0,,0.0,0.0,0.0
2022-07-19,141.0,0.0,0.0,190.0,137.0,190.0,49.0,327954600.0,57847191100.0,41578.0,95.0,0.0,0.0,190.0,4195100.0,5385000000.0,340000000.0,1109576271.0,2035400.0,1993100.0,,0.0,0.0,0.0
2022-07-20,190.0,0.0,0.0,224.0,188.0,212.0,22.0,317300900.0,66168230700.0,55690.0,106.0,214.0,662600.0,212.0,7461000.0,5385000000.0,340000000.0,1109576271.0,659100.0,690000.0,,0.0,0.0,0.0
2022-07-21,212.0,0.0,0.0,222.0,198.0,198.0,-14.0,91309700.0,18835022300.0,20425.0,99.0,198.0,5973800.0,0.0,0.0,5385000000.0,340000000.0,1109576271.0,0.0,51000.0,,0.0,0.0,0.0
2022-07-22,198.0,0.0,0.0,197.0,185.0,185.0,-13.0,30529500.0,5727997500.0,11601.0,92.5,185.0,4502800.0,0.0,0.0,5385000000.0,340000000.0,1109576271.0,0.0,70000.0,,0.0,0.0,0.0
2022-07-25,185.0,0.0,0.0,208.0,173.0,185.0,0.0,179312500.0,34434059300.0,28134.0,92.5,186.0,13900.0,185.0,645500.0,5385000000.0,340000000.0,1109576271.0,254300.0,1393300.0,,0.0,0.0,0.0
2022-07-26,185.0,0.0,0.0,194.0,182.0,190.0,5.0,25832100.0,4858186800.0,5679.0,95.0,191.0,535300.0,190.0,7458600.0,5385000000.0,340000000.0,1109576271.0,868700.0,568900.0,,0.0,0.0,0.0
2022-07-27,190.0,0.0,0.0,194.0,177.0,178.0,-12.0,40816500.0,7438754300.0,8751.0,89.0,179.0,87000.0,178.0,4172200.0,5385000000.0,340000000.0,1109576271.0,1580800.0,5551800.0,,0.0,0.0,0.0
2022-07-28,178.0,0.0,0.0,184.0,166.0,167.0,-11.0,16711200.0,2894075600.0,2803.0,83.5,168.0,101700.0,167.0,224000.0,5385000000.0,340000000.0,1109576271.0,935500.0,177500.0,,0.0,0.0,0.0
2022-07-29,167.0,0.0,0.0,169.0,156.0,157.0,-10.0,13561800.0,2170739900.0,2602.0,78.5,157.0,304500.0,156.0,1392000.0,5385000000.0,340000000.0,1109576271.0,644200.0,548100.0,,0.0,0.0,0.0
2022-08-01,157.0,0.0,0.0,161.0,147.0,151.0,-6.0,14998000.0,2276558600.0,2144.0,75.5,152.0,7100.0,150.0,85100.0,5385000000.0,340000000.0,1109576271.0,817300.0,31400.0,,0.0,0.0,0.0
2022-08-02,151.0,0.0,0.0,153.0,145.0,146.0,-5.0,5791900.0,859749700.0,1233.0,73.0,146.0,11700.0,145.0,726500.0,5385000000.0,340000000.0,1109576271.0,121600.0,27000.0,,0.0,0.0,0.0
2022-08-03,146.0,0.0,0.0,153.0,140.0,140.0,-6.0,11413500.0,1638926700.0,2914.0,70.0,141.0,9000.0,140.0,7100.0,5385000000.0,340000000.0,1109576271.0,278900.0,0.0,,0.0,0.0,0.0
2022-08-04,140.0,0.0,0.0,155.0,135.0,154.0,14.0,51286100.0,7593343600.0,7219.0,77.0,155.0,507700.0,154.0,18461800.0,5385000000.0,340000000.0,1109576271.0,1212400.0,204700.0,,0.0,0.0,0.0
2022-08-05,154.0,0.0,0.0,164.0,144.0,144.0,-10.0,35420300.0,5320999300.0,4265.0,72.0,144.0,1900.0,0.0,0.0,5385000000.0,340000000.0,1109576271.0,1280700.0,41800.0,,0.0,0.0,0.0
2022-08-08,144.0,0.0,0.0,146.0,135.0,143.0,-1.0,8314700.0,1184226800.0,1320.0,71.5,143.0,14500.0,142.0,5100.0,5385000000.0,340000000.0,1109576271.0,5800.0,27200.0,,0.0,0.0,0.0
2022-08-09,143.0,0.0,0.0,154.0,143.0,151.0,8.0,22234900.0,3303989000.0,3572.0,75.5,152.0,237900.0,151.0,24093000.0,5385000000.0,340000000.0,1109576271.0,23200.0,94700.0,,0.0,0.0,0.0
2022-08-10,151.0,0.0,0.0,156.0,141.0,141.0,-10.0,36237300.0,5281851100.0,3322.0,70.5,142.0,144800.0,141.0,1572800.0,5385000000.0,340000000.0,1109576271.0,94000.0,4800.0,,0.0,0.0,0.0
2022-08-11,141.0,0.0,0.0,145.0,138.0,142.0,1.0,7579600.0,1071515800.0,1139.0,71.0,142.0,20800.0,141.0,131700.0,5385000000.0,340000000.0,1109576271.0,4800.0,18900.0,,0.0,0.0,0.0
2022-08-12,142.0,0.0,0.0,144.0,140.0,142.0,0.0,4619900.0,657117600.0,951.0,71.0,142.0,129400.0,141.0,151300.0,5385000000.0,340000000.0,1109576271.0,18900.0,0.0,,0.0,0.0,0.0
2022-08-15,142.0,0.0,0.0,143.0,138.0,139.0,-3.0,4037900.0,564675700.0,659.0,69.5,140.0,96400.0,139.0,130600.0,5385000000.0,340000000.0,1109576271.0,0.0,5200.0,,0.0,0.0,0.0
2022-08-16,139.0,0.0,0.0,142.0,139.0,139.0,0.0,4440800.0,621704900.0,701.0,69.5,140.0,71600.0,139.0,545100.0,5385000000.0,340000000.0,1109576271.0,5200.0,8900.0,,0.0,0.0,0.0
2022-08-18,139.0,0.0,0.0,141.0,135.0,138.0,-1.0,2920200.0,403798900.0,634.0,69.0,139.0,258600.0,138.0,123200.0,5385000000.0,340000000.0,1109576271.0,8900.0,11500.0,,0.0,0.0,0.0
2022-08-19,138.0,0.0,0.0,151.0,137.0,144.0,6.0,38992600.0,5662619900.0,4378.0,72.0,145.0,193600.0,144.0,73600.0,5385000000.0,340000000.0,1109576271.0,10500.0,106200.0,,0.0,0.0,0.0
2022-08-22,144.0,0.0,0.0,146.0,135.0,139.0,-5.0,9352200.0,1314697400.0,1194.0,69.5,139.0,332700.0,138.0,196100.0,5385000000.0,340000000.0,1109576271.0,95500.0,14000.0,,0.0,0.0,0.0
2022-08-23,139.0,0.0,0.0,146.0,139.0,141.0,2.0,15293500.0,2177366900.0,1513.0,70.5,141.0,447000.0,140.0,385200.0,5385000000.0,340000000.0,1109576271.0,14700.0,69200.0,,0.0,0.0,0.0
2022-08-24,141.0,0.0,0.0,146.0,141.0,142.0,1.0,9980700.0,1432573600.0,1248.0,71.0,143.0,140000.0,142.0,94100.0,5385000000.0,340000000.0,1109576271.0,39200.0,59900.0,,0.0,0.0,0.0
2022-08-25,142.0,0.0,0.0,148.0,138.0,138.0,-4.0,9174200.0,1297162600.0,1260.0,69.0,139.0,8500.0,138.0,1083800.0,5385000000.0,340000000.0,1109576271.0,169800.0,122700.0,,0.0,0.0,0.0
2022-08-26,138.0,0.0,0.0,142.0,138.0,138.0,0.0,5579800.0,778957400.0,1622.0,69.0,139.0,222700.0,138.0,695400.0,5385000000.0,340000000.0,1109576271.0,11200.0,0.0,,0.0,0.0,0.0
2022-08-29,138.0,0.0,0.0,141.0,130.0,135.0,-3.0,3733700.0,508495900.0,672.0,67.5,136.0,37700.0,135.0,23400.0,5385000000.0,340000000.0,1109576271.0,0.0,2600.0,,0.0,0.0,0.0
2022-08-30,135.0,0.0,0.0,141.0,131.0,135.0,0.0,7073900.0,966027900.0,1020.0,67.5,135.0,133300.0,134.0,580200.0,5385000000.0,340000000.0,1109576271.0,2600.0,6100.0,,0.0,0.0,0.0
2022-08-31,135.0,0.0,0.0,141.0,128.0,141.0,6.0,6287200.0,863073900.0,843.0,70.5,141.0,211900.0,140.0,42400.0,5385000000.0,340000000.0,1109576271.0,6100.0,39400.0,,0.0,0.0,0.0
2022-09-01,141.0,0.0,0.0,143.0,139.0,139.0,-2.0,6079000.0,855040000.0,802.0,69.5,139.0,19300.0,138.0,348300.0,5385000000.0,340000000.0,1109576271.0,0.0,0.0,,2000000.0,278000000.0,1.0
2022-09-02,139.0,0.0,0.0,141.0,135.0,136.0,-3.0,2779400.0,384004800.0,424.0,68.0,137.0,21200.0,136.0,547100.0,5385000000.0,340000000.0,1109576271.0,32900.0,0.0,,0.0,0.0,0.0
2022-09-05,136.0,0.0,0.0,139.0,135.0,136.0,0.0,3643900.0,496703300.0,558.0,68.0,136.0,207000.0,135.0,503400.0,5385000000.0,340000000.0,1109576271.0,6500.0,9800.0,,0.0,0.0,0.0
2022-09-06,136.0,0.0,0.0,141.0,128.0,137.0,1.0,7223800.0,992280800.0,934.0,68.5,138.0,178300.0,137.0,348100.0,5385000000.0,340000000.0,1109576271.0,9800.0,0.0,,0.0,0.0,0.0
2022-09-07,137.0,0.0,0.0,139.0,131.0,137.0,0.0,2368900.0,324167500.0,393.0,68.5,137.0,161400.0,136.0,110800.0,5385000000.0,340000000.0,1109576271.0,0.0,1400.0,,0.0,0.0,0.0
2022-09-08,137.0,0.0,0.0,138.0,132.0,136.0,-1.0,1711300.0,232857600.0,364.0,68.0,137.0,167100.0,136.0,10700.0,5385000000.0,340000000.0,1109576271.0,16300.0,3100.0,,0.0,0.0,0.0
2022-09-09,136.0,0.0,0.0,137.0,134.0,134.0,-2.0,3234300.0,436734800.0,524.0,67.0,135.0,12700.0,134.0,32800.0,5385000000.0,340000000.0,1109576271.0,3100.0,9900.0,,0.0,0.0,0.0
2022-09-12,134.0,0.0,0.0,138.0,132.0,135.0,1.0,2925100.0,396272900.0,443.0,67.5,136.0,449400.0,135.0,270000.0,5385000000.0,340000000.0,1109576271.0,8500.0,7300.0,,0.0,0.0,0.0
2022-09-13,135.0,0.0,0.0,142.0,135.0,136.0,1.0,12536200.0,1736807400.0,3923.0,68.0,137.0,372100.0,136.0,720300.0,5385000000.0,340000000.0,1109576271.0,100300.0,12700.0,,0.0,0.0,0.0
2022-09-14,136.0,0.0,0.0,144.0,136.0,143.0,7.0,19397400.0,2724347000.0,1913.0,71.5,144.0,570100.0,143.0,741800.0,5385000000.0,340000000.0,1109576271.0,12700.0,26100.0,,0.0,0.0,0.0
2022-09-15,143.0,0.0,0.0,145.0,141.0,141.0,-2.0,7930400.0,1128484200.0,937.0,70.5,141.0,54000.0,140.0,739100.0,5385000000.0,340000000.0,1109576271.0,26100.0,249200.0,,0.0,0.0,0.0
2022-09-16,141.0,0.0,0.0,141.0,138.0,138.0,-3.0,5295700.0,734470300.0,960.0,69.0,139.0,211200.0,138.0,316600.0,5385000000.0,340000000.0,1109576271.0,13300.0,474100.0,,0.0,0.0,0.0
2022-09-19,138.0,0.0,0.0,141.0,136.0,137.0,-1.0,3010800.0,414312800.0,552.0,68.5,137.0,173000.0,136.0,463300.0,5385000000.0,340000000.0,1109576271.0,19600.0,60000.0,,0.0,0.0,0.0
2022-09-20,137.0,0.0,0.0,139.0,134.0,136.0,-1.0,2601500.0,352357800.0,404.0,68.0,136.0,172000.0,135.0,212900.0,5385000000.0,340000000.0,1109576271.0,0.0,6800.0,,0.0,0.0,0.0
2022-09-21,136.0,0.0,0.0,137.0,134.0,135.0,-1.0,2393900.0,322769900.0,362.0,67.5,135.0,84500.0,134.0,705200.0,5385000000.0,340000000.0,1109576271.0,6800.0,5100.0,,0.0,0.0,0.0
2022-09-22,135.0,0.0,0.0,138.0,134.0,135.0,0.0,2132700.0,288368800.0,343.0,67.5,136.0,37600.0,135.0,328800.0,5385000000.0,340000000.0,1109576271.0,0.0,0.0,,0.0,0.0,0.0
2022-09-23,135.0,0.0,0.0,137.0,134.0,134.0,-1.0,1508800.0,204308300.0,278.0,67.0,135.0,263800.0,134.0,791500.0,5385000000.0,340000000.0,1109576271.0,5100.0,0.0,,0.0,0.0,0.0
2022-09-26,134.0,0.0,0.0,135.0,132.0,132.0,-2.0,3037200.0,403546600.0,432.0,66.0,134.0,88600.0,132.0,469300.0,5385000000.0,340000000.0,1109576271.0,0.0,0.0,,0.0,0.0,0.0
2022-09-27,132.0,0.0,0.0,147.0,132.0,136.0,4.0,39380200.0,5565153500.0,6584.0,68.0,137.0,337800.0,136.0,35100.0,5385000000.0,340000000.0,1109576271.0,800.0,325900.0,,0.0,0.0,0.0
2022-09-28,136.0,0.0,0.0,138.0,133.0,133.0,-3.0,4749900.0,638207600.0,677.0,66.5,133.0,253000.0,132.0,103200.0,5385000000.0,340000000.0,1109576271.0,326100.0,0.0,,0.0,0.0,0.0
2022-09-29,133.0,0.0,0.0,133.0,129.0,130.0,-3.0,7707300.0,1006006700.0,735.0,65.0,130.0,82700.0,129.0,187700.0,5385000000.0,340000000.0,1109576271.0,0.0,1000.0,,0.0,0.0,0.0
2022-09-30,130.0,0.0,0.0,130.0,121.0,124.0,-6.0,6743300.0,835030800.0,1469.0,62.0,124.0,6300.0,123.0,151800.0,5385000000.0,340000000.0,1109576271.0,0.0,0.0,,0.0,0.0,0.0
2022-10-03,124.0,0.0,0.0,128.0,116.0,119.0,-5.0,6812000.0,818278700.0,1319.0,59.5,120.0,85400.0,119.0,107500.0,5385000000.0,340000000.0,1109310000.0,453500.0,0.0,,0.0,0.0,0.0
2022-10-04,119.0,0.0,0.0,125.0,119.0,120.0,1.0,2273900.0,274547800.0,1179.0,60.0,121.0,96600.0,120.0,1000.0,5385000000.0,340000000.0,1109310000.0,0.0,0.0,,0.0,0.0,0.0
2022-10-05,120.0,0.0,0.0,124.0,120.0,122.0,2.0,2203600.0,268770000.0,663.0,61.0,122.0,95400.0,121.0,273400.0,5385000000.0,340000000.0,1109310000.0,0.0,0.0,,1000000.0,112000000.0,1.0
2022-10-06,122.0,0.0,0.0,127.0,122.0,123.0,1.0,3403900.0,423444900.0,845.0,61.5,123.0,29200.0,122.0,165100.0,5385000000.0,340000000.0,1109310000.0,0.0,0.0,,0.0,0.0,0.0
2022-10-07,123.0,0.0,0.0,126.0,121.0,123.0,0.0,2182400.0,268608900.0,768.0,61.5,124.0,16400.0,123.0,5992800.0,5385000000.0,340000000.0,1109310000.0,0.0,0.0,,0.0,0.0,0.0
2022-10-10,123.0,0.0,0.0,125.0,122.0,123.0,0.0,1315200.0,161574200.0,221.0,61.5,124.0,53300.0,123.0,8205000.0,5385000000.0,340000000.0,1109310000.0,0.0,0.0,,0.0,0.0,0.0
2022-10-11,123.0,0.0,0.0,126.0,121.0,123.0,0.0,1187100.0,144698400.0,194.0,61.5,123.0,121900.0,122.0,103500.0,5385000000.0,340000000.0,1109310000.0,0.0,0.0,,0.0,0.0,0.0
2022-10-12,123.0,0.0,0.0,126.0,119.0,120.0,-3.0,1828600.0,219728800.0,305.0,60.0,120.0,44300.0,119.0,55500.0,5385000000.0,340000000.0,1109310000.0,0.0,0.0,,0.0,0.0,0.0
2022-10-13,120.0,0.0,0.0,123.0,118.0,122.0,2.0,725600.0,86878300.0,403.0,61.0,122.0,274400.0,120.0,105000.0,5385000000.0,340000000.0,1109310000.0,0.0,0.0,,0.0,0.0,0.0
2022-10-14,122.0,0.0,0.0,127.0,118.0,120.0,-2.0,633700.0,75899100.0,190.0,60.0,120.0,74000.0,119.0,111000.0,5385000000.0,340000000.0,1109310000.0,0.0,0.0,,0.0,0.0,0.0
2022-10-17,120.0,0.0,0.0,126.0,113.0,114.0,-6.0,2582400.0,295302400.0,368.0,57.0,115.0,22900.0,114.0,168300.0,5385000000.0,340000000.0,1109310000.0,0.0,0.0,,0.0,0.0,0.0
2022-10-18,114.0,0.0,0.0,120.0,112.0,114.0,0.0,984300.0,111790300.0,603.0,57.0,114.0,110100.0,113.0,105100.0,5385000000.0,340000000.0,1109310000.0,0.0,0.0,,0.0,0.0,0.0
2022-10-19,114.0,0.0,0.0,115.0,107.0,111.0,-3.0,2350000.0,259281000.0,405.0,55.5,111.0,192600.0,110.0,10000.0,5385000000.0,340000000.0,1109310000.0,0.0,0.0,,0.0,0.0,0.0
2022-10-20,111.0,0.0,0.0,115.0,108.0,111.0,0.0,874400.0,96768400.0,218.0,55.5,111.0,44000.0,110.0,128400.0,5385000000.0,340000000.0,1109310000.0,0.0,0.0,,0.0,0.0,0.0
2022-10-21,111.0,0.0,0.0,115.0,109.0,111.0,0.0,852400.0,93757400.0,159.0,55.5,112.0,98700.0,111.0,6900.0,5385000000.0,340000000.0,1109310000.0,0.0,0.0,,0.0,0.0,0.0
2022-10-24,111.0,0.0,0.0,113.0,109.0,110.0,-1.0,459800.0,50587200.0,160.0,55.0,110.0,136400.0,109.0,176800.0,5385000000.0,340000000.0,1109310000.0,0.0,0.0,,0.0,0.0,0.0
2022-10-25,110.0,0.0,0.0,113.0,108.0,113.0,3.0,2980800.0,328586000.0,272.0,56.5,114.0,173200.0,113.0,25163000.0,5385000000.0,340000000.0,1109310000.0,2600.0,0.0,,0.0,0.0,0.0
2022-10-26,113.0,0.0,0.0,130.0,116.0,118.0,5.0,19182700.0,2324887300.0,2306.0,59.0,119.0,449400.0,118.0,2378600.0,5385000000.0,340000000.0,1109310000.0,0.0,0.0,,0.0,0.0,0.0
2022-10-27,118.0,0.0,0.0,121.0,114.0,118.0,0.0,3281000.0,381692500.0,980.0,59.0,118.0,63600.0,117.0,326100.0,5385000000.0,340000000.0,1109310000.0,0.0,0.0,,1000000.0,110000000.0,1.0
2022-10-28,118.0,0.0,0.0,123.0,115.0,116.0,-2.0,1215300.0,140574200.0,391.0,58.0,116.0,158200.0,115.0,90000.0,5385000000.0,340000000.0,1109310000.0,0.0,0.0,,0.0,0.0,0.0
2022-10-31,116.0,0.0,0.0,122.0,113.0,115.0,-1.0,4614500.0,543707300.0,654.0,57.5,116.0,100.0,115.0,500.0,5385000000.0,340000000.0,1109310000.0,0.0,0.0,,0.0,0.0,0.0
2022-11-01,115.0,0.0,0.0,135.0,115.0,119.0,4.0,64678700.0,8031717000.0,6255.0,59.5,119.0,1962300.0,118.0,1373500.0,5385000000.0,340000000.0,1109310000.0,618600.0,618600.0,,0.0,0.0,0.0
2022-11-02,119.0,0.0,0.0,119.0,113.0,114.0,-5.0,12076800.0,1379113200.0,2356.0,57.0,115.0,200000.0,114.0,10596400.0,5385000000.0,340000000.0,1109310000.0,0.0,0.0,,0.0,0.0,0.0
2022-11-03,114.0,0.0,0.0,125.0,112.0,115.0,1.0,3154600.0,360609500.0,1101.0,57.5,115.0,872200.0,113.0,304000.0,5385000000.0,340000000.0,1109310000.0,0.0,0.0,,0.0,0.0,0.0
2022-11-04,115.0,0.0,0.0,119.0,113.0,114.0,-1.0,2762300.0,314148900.0,339.0,57.0,114.0,454900.0,113.0,194700.0,5385000000.0,340000000.0,1109310000.0,0.0,0.0,,0.0,0.0,0.0
2022-11-07,114.0,0.0,0.0,118.0,112.0,113.0,-1.0,2456000.0,277204700.0,292.0,56.5,113.0,291600.0,112.0,381900.0,5385000000.0,340000000.0,1109310000.0,0.0,0.0,,0.0,0.0,0.0
2022-11-08,113.0,0.0,0.0,118.0,111.0,113.0,0.0,1906300.0,214560200.0,417.0,56.5,114.0,91700.0,113.0,1827900.0,5385000000.0,340000000.0,1109310000.0,0.0,0.0,,0.0,0.0,0.0
2022-11-09,113.0,0.0,0.0,119.0,112.0,113.0,0.0,1673800.0,189395800.0,468.0,56.5,113.0,98500.0,112.0,88800.0,5385000000.0,340000000.0,1109310000.0,7300.0,0.0,,15000.0,1650000.0,1.0
2022-11-10,113.0,0.0,0.0,118.0,111.0,113.0,0.0,2304400.0,258962500.0,268.0,56.5,114.0,60500.0,113.0,2625400.0,5385000000.0,340000000.0,1109310000.0,0.0,0.0,,0.0,0.0,0.0
2022-11-11,113.0,0.0,0.0,118.0,111.0,112.0,-1.0,3637900.0,409445300.0,3241.0,56.0,112.0,29000.0,111.0,193700.0,5385000000.0,340000000.0,1109310000.0,0.0,0.0,,0.0,0.0,0.0
2022-11-14,112.0,0.0,0.0,115.0,107.0,112.0,0.0,5545300.0,622596800.0,1145.0,56.0,112.0,69900.0,111.0,293100.0,5385000000.0,340000000.0,1109310000.0,0.0,0.0,,0.0,0.0,0.0
2022-11-15,112.0,0.0,0.0,115.0,111.0,112.0,0.0,1207200.0,135047000.0,205.0,56.0,112.0,178400.0,111.0,203600.0,5385000000.0,340000000.0,1109310000.0,0.0,0.0,,0.0,0.0,0.0
2022-11-16,112.0,0.0,0.0,115.0,111.0,112.0,0.0,1298500.0,144419800.0,802.0,56.0,112.0,150000.0,111.0,109500.0,5385000000.0,340000000.0,1109310000.0,0.0,0.0,,0.0,0.0,0.0
2022-11-17,112.0,0.0,0.0,115.0,111.0,112.0,0.0,1406000.0,156185200.0,193.0,56.0,112.0,310300.0,111.0,139500.0,5385000000.0,340000000.0,1109310000.0,0.0,0.0,,0.0,0.0,0.0
2022-11-18,112.0,0.0,0.0,116.0,110.0,110.0,-2.0,1384700.0,153100800.0,269.0,55.0,111.0,160900.0,110.0,14800.0,5385000000.0,340000000.0,1109310000.0,0.0,0.0,,0.0,0.0,0.0
2022-11-21,110.0,0.0,0.0,114.0,109.0,111.0,1.0,1693900.0,187875400.0,1876.0,55.5,111.0,55500.0,110.0,201000.0,5385000000.0,340000000.0,1109310000.0,0.0,0.0,,0.0,0.0,0.0
2022-11-22,111.0,0.0,0.0,113.0,110.0,111.0,0.0,4274100.0,474340100.0,219.0,55.5,112.0,215700.0,110.0,216700.0,5385000000.0,340000000.0,1109310000.0,0.0,0.0,,0.0,0.0,0.0
2022-11-23,111.0,0.0,0.0,113.0,111.0,111.0,0.0,5386300.0,600001500.0,1190.0,55.5,112.0,1000.0,111.0,16976500.0,5385000000.0,340000000.0,1109310000.0,0.0,0.0,,0.0,0.0,0.0
2022-11-24,111.0,0.0,0.0,129.0,113.0,113.0,2.0,55984600.0,6780308200.0,12809.0,56.5,113.0,1083000.0,112.0,794500.0,5385000000.0,340000000.0,1109310000.0,777700.0,10000.0,,1000000.0,104000000.0,1.0
2022-11-25,113.0,0.0,0.0,115.0,107.0,108.0,-5.0,7751300.0,839626400.0,1207.0,54.0,109.0,276900.0,108.0,317300.0,5385000000.0,340000000.0,1109310000.0,0.0,0.0,,0.0,0.0,0.0
2022-11-28,108.0,0.0,0.0,111.0,105.0,106.0,-2.0,5882700.0,631196500.0,698.0,53.0,107.0,245500.0,106.0,644300.0,5385000000.0,340000000.0,1109310000.0,0.0,0.0,,0.0,0.0,0.0
2022-11-29,106.0,0.0,0.0,111.0,105.0,107.0,1.0,4144000.0,447765200.0,1153.0,53.5,108.0,363400.0,107.0,5106900.0,5385000000.0,340000000.0,1109310000.0,0.0,0.0,,0.0,0.0,0.0
2022-11-30,107.0,0.0,0.0,110.0,106.0,107.0,0.0,2264400.0,243534700.0,287.0,53.5,107.0,3400.0,106.0,279800.0,5385000000.0,340000000.0,1109310000.0,10000.0,0.0,,0.0,0.0,0.0
2022-12-01,107.0,0.0,0.0,109.0,106.0,108.0,1.0,1267700.0,135861600.0,196.0,54.0,108.0,125300.0,107.0,235100.0,5385000000.0,340000000.0,1109310000.0,0.0,10000.0,,0.0,0.0,0.0
2022-12-02,108.0,0.0,0.0,110.0,106.0,106.0,-2.0,1048500.0,112564200.0,226.0,53.0,108.0,55200.0,106.0,143100.0,5385000000.0,340000000.0,1109310000.0,0.0,300000.0,,0.0,0.0,0.0
2022-12-05,106.0,0.0,0.0,108.0,103.0,105.0,-1.0,2410100.0,252284700.0,247.0,52.5,105.0,36000.0,104.0,895300.0,5385000000.0,340000000.0,1109310000.0,0.0,0.0,,0.0,0.0,0.0
2022-12-06,105.0,0.0,0.0,108.0,104.0,105.0,0.0,2393400.0,250624200.0,285.0,52.5,106.0,245200.0,105.0,217400.0,5385000000.0,340000000.0,1109310000.0,0.0,0.0,,0.0,0.0,0.0
2022-12-07,105.0,0.0,0.0,110.0,98.0,98.0,-7.0,20146900.0,2113395500.0,26343.0,49.0,98.0,436700.0,0.0,0.0,5385000000.0,340000000.0,1109310000.0,0.0,0.0,,0.0,0.0,0.0
2022-12-08,98.0,0.0,0.0,98.0,92.0,93.0,-5.0,3633200.0,339686700.0,436.0,46.5,93.0,17800.0,92.0,765000.0,5385000000.0,340000000.0,1109310000.0,300000.0,0.0,,0.0,0.0,0.0
2022-12-09,93.0,0.0,0.0,102.0,90.0,93.0,0.0,13336500.0,1304429700.0,3147.0,46.5,93.0,133400.0,92.0,22300.0,5385000000.0,340000000.0,1109310000.0,0.0,0.0,,0.0,0.0,0.0
2022-12-12,93.0,0.0,0.0,94.0,87.0,93.0,0.0,1291900.0,118530500.0,227.0,46.5,94.0,21600.0,93.0,571000.0,5385000000.0,340000000.0,1109310000.0,0.0,0.0,,0.0,0.0,0.0
2022-12-13,93.0,0.0,0.0,95.0,92.0,93.0,0.0,1354500.0,126076000.0,139.0,46.5,94.0,58000.0,93.0,326400.0,5385000000.0,340000000.0,1109310000.0,0.0,0.0,,174000.0,20010000.0,2.0
2022-12-14,93.0,0.0,0.0,96.0,93.0,96.0,3.0,1249800.0,117730600.0,141.0,48.0,96.0,1195200.0,95.0,100.0,5385000000.0,340000000.0,1109310000.0,0.0,0.0,,0.0,0.0,0.0
2022-12-15,96.0,0.0,0.0,97.0,93.0,96.0,0.0,1080000.0,102892100.0,148.0,48.0,96.0,800.0,95.0,2800.0,5385000000.0,340000000.0,1109310000.0,0.0,0.0,,0.0,0.0,0.0
2022-12-16,96.0,0.0,0.0,97.0,90.0,96.0,0.0,585800.0,56112000.0,174.0,48.0,96.0,158500.0,94.0,184000.0,5385000000.0,340000000.0,1109310000.0,0.0,0.0,,0.0,0.0,0.0
2022-12-19,96.0,0.0,0.0,98.0,90.0,98.0,2.0,1958100.0,190376900.0,324.0,49.0,99.0,527200.0,98.0,900.0,5385000000.0,340000000.0,1109310000.0,0.0,0.0,,0.0,0.0,0.0
2022-12-20,98.0,0.0,0.0,100.0,95.0,97.0,-1.0,5214900.0,505556400.0,332.0,48.5,97.0,221700.0,96.0,17300.0,5385000000.0,340000000.0,1109310000.0,0.0,0.0,,0.0,0.0,0.0
2022-12-21,97.0,0.0,0.0,97.0,91.0,96.0,-1.0,667100.0,63782300.0,129.0,48.0,97.0,422000.0,96.0,2600.0,5385000000.0,340000000.0,1109310000.0,0.0,0.0,,0.0,0.0,0.0
2022-12-22,96.0,0.0,0.0,97.0,95.0,97.0,1.0,454700.0,43786200.0,89.0,48.5,97.0,187000.0,96.0,216900.0,5385000000.0,340000000.0,1109310000.0,0.0,0.0,,0.0,0.0,0.0
2022-12-23,97.0,0.0,0.0,99.0,95.0,96.0,-1.0,2440200.0,237170800.0,189.0,48.0,98.0,4400.0,96.0,19000.0,5385000000.0,340000000.0,1109310000.0,0.0,0.0,,0.0,0.0,0.0
2022-12-26,96.0,0.0,0.0,128.0,93.0,109.0,13.0,126708600.0,14668901400.0,14883.0,54.5,110.0,455300.0,109.0,1927800.0,5385000000.0,340000000.0,1109310000.0,89000.0,508700.0,,9800.0,1117200.0,1.0
2022-12-27,109.0,0.0,0.0,111.0,102.0,102.0,-7.0,18556100.0,1919263600.0,2347.0,51.0,103.0,29600.0,102.0,12600.0,5385000000.0,340000000.0,1109310000.0,0.0,30000.0,,0.0,0.0,0.0
2022-12-28,102.0,0.0,0.0,122.0,100.0,109.0,7.0,78165300.0,8964613800.0,10694.0,54.5,110.0,286300.0,109.0,1509500.0,5385000000.0,340000000.0,1109310000.0,450700.0,1000.0,,0.0,0.0,0.0
2022-12-29,109.0,0.0,0.0,126.0,104.0,118.0,9.0,81131100.0,9534231300.0,9600.0,59.0,118.0,1687200.0,117.0,121400.0,5385000000.0,340000000.0,1109310000.0,289900.0,349900.0,,0.0,0.0,0.0
2022-12-30,118.0,0.0,0.0,130.0,110.0,118.0,0.0,76397400.0,9387644800.0,9887.0,59.0,118.0,299200.0,117.0,20600.0,5385000000.0,340000000.0,1109310000.0,60000.0,360000.0,,0.0,0.0,0.0
2023-01-02,118.0,0.0,0.0,123.0,110.0,112.0,-6.0,19008800.0,2258270900.0,2107.0,56.0,113.0,100.0,112.0,173200.0,5385000000.0,340000000.0,1109310000.0,0.0,50700.0,,0.0,0.0,0.0
2023-01-03,112.0,0.0,0.0,122.0,113.0,115.0,3.0,16237400.0,1906786900.0,2373.0,57.5,116.0,125200.0,115.0,101800.0,5385000000.0,340000000.0,1109310000.0,30700.0,28000.0,,0.0,0.0,0.0
2023-01-04,115.0,0.0,0.0,118.0,111.0,114.0,-1.0,7793000.0,893537500.0,954.0,57.0,115.0,5017700.0,114.0,6500.0,5385000000.0,340000000.0,1109310000.0,28000.0,31100.0,,0.0,0.0,0.0
2023-01-05,114.0,0.0,0.0,116.0,107.0,107.0,-7.0,6696000.0,728454700.0,1047.0,53.5,107.0,973700.0,0.0,0.0,5385000000.0,340000000.0,1109310000.0,30200.0,33700.0,,0.0,0.0,0.0
2023-01-06,107.0,0.0,0.0,107.0,100.0,100.0,-7.0,4834500.0,485739600.0,741.0,50.0,100.0,327700.0,0.0,0.0,5385000000.0,340000000.0,1109310000.0,14600.0,29500.0,,0.0,0.0,0.0
2023-01-09,100.0,0.0,0.0,106.0,93.0,99.0,-1.0,4990100.0,498279800.0,881.0,49.5,99.0,93200.0,98.0,92100.0,5385000000.0,340000000.0,1109310000.0,0.0,20200.0,,0.0,0.0,0.0
2023-01-10,99.0,0.0,0.0,100.0,93.0,94.0,-5.0,5866400.0,551676900.0,581.0,47.0,95.0,152100.0,94.0,314800.0,5385000000.0,340000000.0,1109310000.0,20100.0,0.0,,0.0,0.0,0.0
2023-01-11,94.0,0.0,0.0,95.0,89.0,91.0,-3.0,3230200.0,292317300.0,442.0,45.5,92.0,118300.0,91.0,90800.0,5385000000.0,340000000.0,1109310000.0,9600.0,44200.0,,0.0,0.0,0.0
2023-01-12,91.0,0.0,0.0,95.0,91.0,94.0,3.0,1462400.0,135964000.0,345.0,47.0,94.0,51700.0,93.0,4600.0,5385000000.0,340000000.0,1109310000.0,17100.0,0.0,,0.0,0.0,0.0
2023-01-13,94.0,0.0,0.0,96.0,92.0,94.0,0.0,1481900.0,138854200.0,290.0,47.0,95.0,43400.0,94.0,198700.0,5385000000.0,340000000.0,1109310000.0,16400.0,53500.0,,45000.0,3960000.0,1.0
2023-01-16,94.0,0.0,0.0,99.0,92.0,96.0,2.0,3039400.0,292098900.0,557.0,48.0,97.0,61400.0,96.0,67800.0,5385000000.0,340000000.0,1109310000.0,0.0,0.0,,0.0,0.0,0.0
2023-01-17,96.0,0.0,0.0,97.0,94.0,94.0,-2.0,1984900.0,188037800.0,347.0,47.0,95.0,27000.0,94.0,51000.0,5385000000.0,340000000.0,1109310000.0,0.0,0.0,,0.0,0.0,0.0
2023-01-18,94.0,0.0,0.0,95.0,93.0,95.0,1.0,1966100.0,183517800.0,248.0,47.5,95.0,196400.0,94.0,31100.0,5385000000.0,340000000.0,1109310000.0,44200.0,0.0,,0.0,0.0,0.0
2023-01-19,95.0,0.0,0.0,96.0,93.0,94.0,-1.0,1885300.0,177328300.0,288.0,47.0,95.0,83400.0,94.0,466000.0,5385000000.0,340000000.0,1109310000.0,0.0,0.0,,0.0,0.0,0.0
2023-01-20,94.0,0.0,0.0,101.0,94.0,94.0,0.0,9049300.0,880250900.0,1235.0,47.0,95.0,28600.0,94.0,2600600.0,5385000000.0,340000000.0,1109310000.0,0.0,0.0,,0.0,0.0,0.0
2023-01-24,94.0,0.0,0.0,95.0,92.0,94.0,0.0,2091600.0,194832700.0,231.0,47.0,94.0,315600.0,93.0,246800.0,5385000000.0,340000000.0,1109310000.0,0.0,0.0,,0.0,0.0,0.0
2023-01-25,94.0,0.0,0.0,95.0,92.0,94.0,0.0,1493500.0,138370400.0,180.0,47.0,94.0,133300.0,93.0,32500.0,5385000000.0,340000000.0,1109310000.0,0.0,0.0,,0.0,0.0,0.0
2023-01-26,94.0,0.0,0.0,95.0,93.0,95.0,1.0,453700.0,42400100.0,103.0,47.5,95.0,87400.0,94.0,300.0,5385000000.0,340000000.0,1109310000.0,0.0,0.0,,0.0,0.0,0.0
2023-01-27,95.0,0.0,0.0,95.0,93.0,95.0,0.0,610000.0,57171800.0,165.0,47.5,95.0,687700.0,94.0,263700.0,5385000000.0,340000000.0,1109310000.0,0.0,0.0,,0.0,0.0,0.0
2023-01-30,95.0,0.0,0.0,96.0,94.0,95.0,0.0,915500.0,86900300.0,158.0,47.5,95.0,305800.0,94.0,380600.0,5385000000.0,340000000.0,1109310000.0,0.0,0.0,,0.0,0.0,0.0
2023-01-31,95.0,0.0,0.0,96.0,93.0,94.0,-1.0,819800.0,77282500.0,137.0,47.0,94.0,10000.0,93.0,507900.0,5385000000.0,340000000.0,1109310000.0,0.0,0.0,,0.0,0.0,0.0
2023-02-01,94.0,0.0,0.0,95.0,92.0,95.0,1.0,1074400.0,100430400.0,154.0,47.5,95.0,527100.0,94.0,16000.0,5385000000.0,340000000.0,1109310000.0,0.0,0.0,,0.0,0.0,0.0
2023-02-02,95.0,0.0,0.0,95.0,93.0,94.0,-1.0,1174200.0,109849300.0,187.0,47.0,94.0,37300.0,93.0,62600.0,5385000000.0,340000000.0,1109310000.0,0.0,0.0,,0.0,0.0,0.0
2023-02-03,94.0,0.0,0.0,95.0,92.0,93.0,-1.0,938200.0,87221100.0,180.0,46.5,93.0,494100.0,92.0,525300.0,5385000000.0,340000000.0,1109310000.0,0.0,0.0,,0.0,0.0,0.0
2023-02-06,93.0,0.0,0.0,93.0,91.0,91.0,-2.0,1594400.0,146543700.0,176.0,45.5,92.0,2500.0,91.0,292300.0,5385000000.0,340000000.0,1109310000.0,0.0,0.0,,0.0,0.0,0.0
2023-02-07,91.0,0.0,0.0,93.0,91.0,92.0,1.0,677800.0,62158500.0,109.0,46.0,93.0,233300.0,92.0,431000.0,5385000000.0,340000000.0,1109310000.0,0.0,0.0,,0.0,0.0,0.0
2023-02-08,92.0,0.0,0.0,93.0,91.0,92.0,0.0,870000.0,79795400.0,140.0,46.0,92.0,106800.0,91.0,245800.0,5385000000.0,340000000.0,1109310000.0,0.0,0.0,,0.0,0.0,0.0
2023-02-09,92.0,0.0,0.0,95.0,91.0,93.0,1.0,420200.0,38531100.0,126.0,46.5,93.0,116700.0,92.0,500.0,5385000000.0,340000000.0,1109310000.0,0.0,100.0,,0.0,0.0,0.0
2023-02-10,93.0,0.0,0.0,94.0,90.0,91.0,-2.0,599100.0,54529000.0,118.0,45.5,91.0,52400.0,90.0,660000.0,5385000000.0,340000000.0,1109310000.0,0.0,0.0,,0.0,0.0,0.0
2023-02-13,91.0,0.0,0.0,94.0,90.0,91.0,0.0,699300.0,63189100.0,135.0,45.5,92.0,87800.0,91.0,183000.0,5385000000.0,340000000.0,1109310000.0,0.0,0.0,,0.0,0.0,0.0
2023-02-14,91.0,0.0,0.0,93.0,85.0,90.0,-1.0,928900.0,83638400.0,118.0,45.0,91.0,156500.0,90.0,214000.0,5385000000.0,340000000.0,1109310000.0,0.0,0.0,,0.0,0.0,0.0
2023-02-15,90.0,0.0,0.0,93.0,89.0,91.0,1.0,680600.0,61361800.0,161.0,45.5,91.0,309500.0,90.0,257900.0,5385000000.0,340000000.0,1109310000.0,0.0,20000.0,,0.0,0.0,0.0
2023-02-16,91.0,0.0,0.0,91.0,85.0,90.0,-1.0,2600600.0,232192700.0,204.0,45.0,90.0,75700.0,89.0,51100.0,5385000000.0,340000000.0,1109310000.0,0.0,0.0,,0.0,0.0,0.0
2023-02-17,90.0,0.0,0.0,93.0,88.0,89.0,-1.0,1169400.0,103480200.0,184.0,44.5,89.0,50000.0,88.0,582700.0,5385000000.0,340000000.0,1109310000.0,0.0,0.0,,0.0,0.0,0.0
2023-02-20,89.0,0.0,0.0,89.0,85.0,87.0,-2.0,757100.0,65843900.0,153.0,43.5,88.0,177400.0,87.0,6000.0,5385000000.0,340000000.0,1109310000.0,0.0,0.0,,0.0,0.0,0.0
2023-02-21,87.0,0.0,0.0,92.0,85.0,89.0,2.0,3054300.0,272465500.0,596.0,44.5,90.0,428500.0,88.0,383900.0,5385000000.0,340000000.0,1109310000.0,0.0,0.0,,0.0,0.0,0.0
2023-02-22,89.0,0.0,0.0,93.0,87.0,89.0,0.0,653900.0,57131800.0,146.0,44.5,89.0,116800.0,87.0,100000.0,5385000000.0,340000000.0,1109310000.0,0.0,0.0,,0.0,0.0,0.0
2023-02-23,89.0,0.0,0.0,92.0,83.0,90.0,1.0,2220200.0,198582500.0,284.0,45.0,90.0,74500.0,88.0,30000.0,5385000000.0,340000000.0,1109310000.0,0.0,0.0,,0.0,0.0,0.0
2023-02-24,90.0,0.0,0.0,94.0,84.0,90.0,0.0,59700.0,5336800.0,65.0,45.0,90.0,53400.0,88.0,261200.0,5385000000.0,340000000.0,1109310000.0,0.0,0.0,,0.0,0.0,0.0
2023-02-27,90.0,0.0,0.0,91.0,87.0,90.0,0.0,589200.0,52217900.0,107.0,45.0,90.0,115000.0,88.0,207300.0,5385000000.0,340000000.0,1109310000.0,0.0,0.0,,0.0,0.0,0.0
2023-02-28,90.0,0.0,0.0,90.0,88.0,88.0,-2.0,656400.0,57862200.0,94.0,44.0,88.0,700.0,87.0,182900.0,5385000000.0,340000000.0,1109310000.0,0.0,0.0,,0.0,0.0,0.0
2023-03-01,88.0,0.0,0.0,89.0,83.0,86.0,-2.0,2048200.0,176043300.0,185.0,43.0,87.0,24200.0,85.0,352000.0,5385000000.0,5385000000.0,1109310000.0,0.0,0.0,,1200.0,98400.0,1.0
2023-03-02,86.0,0.0,0.0,91.0,84.0,85.0,-1.0,882800.0,75565200.0,131.0,42.5,86.0,10000.0,85.0,173600.0,5385000000.0,5385000000.0,1109310000.0,0.0,0.0,,0.0,0.0,0.0
2023-03-03,85.0,0.0,0.0,91.0,80.0,87.0,2.0,1607200.0,138360200.0,153.0,43.5,87.0,112600.0,86.0,100.0,5385000000.0,5385000000.0,1109310000.0,0.0,0.0,,0.0,0.0,0.0
2023-03-06,87.0,0.0,0.0,91.0,81.0,85.0,-2.0,2146000.0,183149300.0,130.0,42.5,86.0,1900.0,85.0,199800.0,5385000000.0,5385000000.0,1109310000.0,0.0,0.0,,0.0,0.0,0.0
2023-03-07,85.0,0.0,0.0,87.0,80.0,85.0,0.0,547900.0,46703600.0,71.0,42.5,86.0,180600.0,85.0,226100.0,5385000000.0,5385000000.0,1109310000.0,0.0,0.0,,0.0,0.0,0.0
2023-03-08,85.0,0.0,0.0,86.0,80.0,83.0,-2.0,1525300.0,127683300.0,126.0,41.5,84.0,249500.0,83.0,86900.0,5385000000.0,5385000000.0,1109310000.0,152400.0,0.0,,0.0,0.0,0.0
2023-03-09,83.0,0.0,0.0,86.0,82.0,84.0,1.0,516200.0,43377700.0,83.0,42.0,84.0,204200.0,83.0,408800.0,5385001901.0,5385001901.0,1109310000.0,0.0,0.0,,0.0,0.0,0.0
2023-03-10,84.0,0.0,0.0,85.0,83.0,83.0,-1.0,738600.0,62053200.0,110.0,41.5,84.0,2000.0,83.0,908200.0,5385001901.0,5385001901.0,1109310000.0,80000.0,0.0,,0.0,0.0,0.0
2023-03-13,83.0,0.0,0.0,88.0,83.0,86.0,3.0,3241700.0,281025900.0,1640.0,43.0,86.0,61800.0,85.0,10800.0,5385001901.0,5385001901.0,1109310000.0,0.0,0.0,,0.0,0.0,0.0
2023-03-14,86.0,0.0,0.0,96.0,84.0,86.0,0.0,20614600.0,1869695600.0,3069.0,43.0,86.0,743900.0,84.0,17000.0,5385001901.0,5385001901.0,1109310000.0,160000.0,0.0,,0.0,0.0,0.0
2023-03-15,86.0,0.0,0.0,86.0,81.0,81.0,-5.0,2850400.0,236198900.0,371.0,40.5,82.0,400.0,81.0,115400.0,5385001901.0,5385001901.0,1109310000.0,0.0,0.0,,0.0,0.0,0.0
2023-03-16,81.0,0.0,0.0,84.0,80.0,81.0,0.0,973800.0,78721800.0,137.0,40.5,81.0,57100.0,80.0,275700.0,5385001901.0,5385001901.0,1109310000.0,0.0,0.0,,0.0,0.0,0.0
2023-03-17,81.0,0.0,0.0,83.0,76.0,76.0,-5.0,2538800.0,194529200.0,337.0,38.0,77.0,26700.0,76.0,2289200.0,5385001901.0,5385001901.0,1109310000.0,0.0,0.0,,0.0,0.0,0.0
2023-03-20,76.0,0.0,0.0,79.0,71.0,71.0,-5.0,1903200.0,137797900.0,213.0,35.5,72.0,45500.0,71.0,181000.0,5385001901.0,5385001901.0,1109310000.0,0.0,0.0,,0.0,0.0,0.0
2023-03-21,71.0,0.0,0.0,75.0,70.0,72.0,1.0,518200.0,36589600.0,111.0,36.0,71.0,12500.0,70.0,65300.0,5385001901.0,5385001901.0,1109310000.0,0.0,0.0,,0.0,0.0,0.0
2023-03-24,72.0,0.0,0.0,72.0,67.0,70.0,-2.0,230300.0,16321300.0,78.0,35.0,71.0,28000.0,70.0,12000.0,5385001901.0,5385001901.0,1109310000.0,10200.0,0.0,,0.0,0.0,0.0
2023-03-27,70.0,0.0,0.0,71.0,66.0,70.0,0.0,158100.0,11098200.0,116.0,35.0,70.0,69000.0,69.0,1400.0,5385001901.0,5385001901.0,1109310000.0,0.0,0.0,,0.0,0.0,0.0
2023-03-28,70.0,0.0,0.0,73.0,66.0,71.0,1.0,368500.0,26211600.0,193.0,35.5,72.0,80000.0,71.0,27400.0,5385001901.0,5385001901.0,1109310000.0,0.0,0.0,,0.0,0.0,0.0
2023-03-29,71.0,0.0,0.0,80.0,67.0,77.0,6.0,3435100.0,255153300.0,592.0,38.5,77.0,346700.0,76.0,3600.0,5385001901.0,5385001901.0,1109310000.0,270600.0,291800.0,,0.0,0.0,0.0
2023-03-30,77.0,0.0,0.0,77.0,72.0,74.0,-3.0,1159900.0,86936100.0,139.0,37.0,75.0,1000.0,74.0,195500.0,5385001901.0,5385001901.0,1109310000.0,232000.0,78600.0,,0.0,0.0,0.0
2023-03-31,74.0,0.0,0.0,84.0,70.0,79.0,5.0,3962400.0,315391400.0,483.0,39.5,80.0,154300.0,79.0,2700.0,5385002000.0,5385002000.0,1109310000.0,411900.0,478500.0,,0.0,0.0,0.0
2023-04-03,79.0,0.0,0.0,83.0,79.0,81.0,2.0,373900.0,30159400.0,244.0,40.5,81.0,216700.0,80.0,13800.0,5385002000.0,5385002000.0,1109310392.0,0.0,0.0,,0.0,0.0,0.0
2023-04-04,81.0,0.0,0.0,109.0,81.0,101.0,20.0,188338600.0,19379202100.0,16056.0,50.5,102.0,86100.0,101.0,996900.0,5385002000.0,5385002000.0,1109310392.0,3958500.0,4047200.0,,0.0,0.0,0.0
2023-04-05,101.0,0.0,0.0,102.0,94.0,94.0,-7.0,4326500.0,409638100.0,561.0,47.0,94.0,2767300.0,0.0,0.0,5385002000.0,5385002000.0,1109310392.0,0.0,72900.0,,0.0,0.0,0.0
2023-04-06,94.0,0.0,0.0,106.0,89.0,89.0,-5.0,60923300.0,5975445400.0,6029.0,44.5,90.0,100700.0,89.0,3539600.0,5385002000.0,5385002000.0,1109310392.0,2201500.0,1521400.0,,0.0,0.0,0.0
2023-04-10,89.0,0.0,0.0,99.0,84.0,85.0,-4.0,24292100.0,2177700000.0,2174.0,42.5,86.0,120500.0,85.0,2305600.0,5385002000.0,5385002000.0,1109310392.0,1177100.0,1356300.0,,0.0,0.0,0.0
2023-04-11,85.0,0.0,0.0,90.0,83.0,83.0,-2.0,26856400.0,2311556100.0,3910.0,41.5,84.0,4500.0,83.0,251300.0,5385002000.0,5385002000.0,1109310392.0,1202600.0,617200.0,,0.0,0.0,0.0
2023-04-12,83.0,0.0,0.0,86.0,79.0,83.0,0.0,4082700.0,339444600.0,638.0,41.5,83.0,176400.0,82.0,194800.0,5385002000.0,5385002000.0,1109310392.0,18000.0,68000.0,,0.0,0.0,0.0
2023-04-13,83.0,0.0,0.0,88.0,78.0,87.0,4.0,14597200.0,1243528700.0,1389.0,43.5,87.0,802200.0,86.0,1723900.0,5385002000.0,5385002000.0,1109310392.0,217800.0,393500.0,,0.0,0.0,0.0
2023-04-14,87.0,0.0,0.0,88.0,81.0,83.0,-4.0,4867700.0,409491000.0,682.0,41.5,84.0,213200.0,83.0,51700.0,5385002000.0,5385002000.0,1109310392.0,270600.0,25700.0,,0.0,0.0,0.0
2023-04-17,83.0,0.0,0.0,83.0,80.0,80.0,-3.0,3732300.0,302855200.0,403.0,40.0,81.0,59300.0,80.0,1060200.0,5385002000.0,5385002000.0,1109310392.0,44800.0,193300.0,,0.0,0.0,0.0
2023-04-18,80.0,0.0,0.0,81.0,78.0,79.0,-1.0,2861600.0,227962600.0,258.0,39.5,80.0,15800.0,79.0,99900.0,5385002000.0,5385002000.0,1109310392.0,0.0,0.0,,0.0,0.0,0.0
2023-04-26,79.0,0.0,0.0,82.0,77.0,81.0,2.0,1313100.0,105200800.0,230.0,40.5,81.0,102000.0,80.0,30300.0,5385002000.0,5385002000.0,1109310392.0,26900.0,136800.0,,0.0,0.0,0.0
2023-04-27,81.0,0.0,0.0,82.0,76.0,81.0,0.0,1161400.0,94331300.0,190.0,40.5,81.0,140800.0,80.0,820100.0,5385002000.0,5385002000.0,1109310392.0,10200.0,198400.0,,0.0,0.0,0.0
2023-04-28,81.0,0.0,0.0,82.0,76.0,81.0,0.0,975900.0,78924400.0,130.0,40.5,81.0,198300.0,80.0,239300.0,5385002000.0,5385002000.0,1109310392.0,1500.0,0.0,,0.0,0.0,0.0
2023-05-02,81.0,0.0,0.0,82.0,78.0,80.0,-1.0,1230100.0,97740800.0,208.0,40.0,80.0,242700.0,79.0,416800.0,5385002000.0,5385002000.0,1109310392.0,94600.0,174800.0,,0.0,0.0,0.0
2023-05-03,80.0,0.0,0.0,81.0,77.0,77.0,-3.0,1681800.0,132199100.0,207.0,38.5,78.0,142900.0,77.0,1529400.0,5385002000.0,5385002000.0,1109310392.0,86500.0,0.0,,0.0,0.0,0.0
2023-05-04,77.0,0.0,0.0,80.0,73.0,78.0,1.0,1271700.0,99832800.0,191.0,39.0,79.0,200600.0,78.0,100.0,5385002000.0,5385002000.0,1109310392.0,0.0,103200.0,,0.0,0.0,0.0
2023-05-05,78.0,0.0,0.0,79.0,73.0,78.0,0.0,607300.0,47025800.0,122.0,39.0,78.0,86000.0,77.0,505100.0,5385002000.0,5385002000.0,1109310392.0,43800.0,0.0,,0.0,0.0,0.0
2023-05-08,78.0,0.0,0.0,79.0,76.0,78.0,0.0,1548900.0,119525300.0,165.0,39.0,78.0,23500.0,77.0,145600.0,5385002000.0,5385002000.0,1109310392.0,0.0,0.0,,0.0,0.0,0.0
2023-05-09,78.0,0.0,0.0,80.0,73.0,77.0,-1.0,889300.0,68286100.0,118.0,38.5,78.0,2041700.0,77.0,159100.0,5385002000.0,5385002000.0,1109310392.0,81600.0,34000.0,,0.0,0.0,0.0
2023-05-10,77.0,0.0,0.0,80.0,72.0,78.0,1.0,1243800.0,96823700.0,169.0,39.0,79.0,199600.0,78.0,218800.0,5385002000.0,5385002000.0,1109310392.0,387800.0,136300.0,,0.0,0.0,0.0
2023-05-11,78.0,0.0,0.0,85.0,78.0,82.0,4.0,11739200.0,973776000.0,959.0,41.0,82.0,1826800.0,81.0,76000.0,5385002000.0,5385002000.0,1109310392.0,870100.0,451300.0,,0.0,0.0,0.0
2023-05-12,82.0,0.0,0.0,84.0,77.0,82.0,0.0,1355500.0,110858300.0,197.0,41.0,82.0,360500.0,81.0,12300.0,5385004400.0,5385004400.0,1109310392.0,0.0,60000.0,,0.0,0.0,0.0
2023-05-15,82.0,0.0,0.0,82.0,77.0,81.0,-1.0,1047500.0,84360400.0,139.0,40.5,81.0,149800.0,80.0,959500.0,5385004400.0,5385004400.0,1109310392.0,0.0,0.0,,0.0,0.0,0.0
2023-05-16,81.0,0.0,0.0,82.0,79.0,80.0,-1.0,1536300.0,123043200.0,150.0,40.0,80.0,91600.0,79.0,176100.0,5385004400.0,5385004400.0,1109310392.0,0.0,56700.0,,0.0,0.0,0.0
2023-05-17,80.0,0.0,0.0,81.0,76.0,80.0,0.0,636300.0,50259500.0,134.0,40.0,80.0,95900.0,79.0,875900.0,5385004400.0,5385004400.0,1109310392.0,0.0,0.0,,0.0,0.0,0.0
2023-05-19,80.0,0.0,0.0,81.0,78.0,81.0,1.0,1321800.0,104389800.0,110.0,40.5,81.0,222300.0,80.0,4500.0,5385004400.0,5385004400.0,1109310392.0,52500.0,167200.0,,0.0,0.0,0.0
2023-05-22,81.0,0.0,0.0,81.0,79.0,81.0,0.0,673700.0,53987000.0,193.0,40.5,81.0,213300.0,80.0,50900.0,5385004400.0,5385004400.0,1109310392.0,0.0,50000.0,,0.0,0.0,0.0
2023-05-23,81.0,0.0,0.0,82.0,79.0,79.0,-2.0,794800.0,63606800.0,180.0,39.5,81.0,70400.0,79.0,1120600.0,5385004400.0,5385004400.0,1109310392.0,62800.0,0.0,,0.0,0.0,0.0
2023-05-24,79.0,0.0,0.0,81.0,79.0,79.0,0.0,537700.0,42672900.0,115.0,39.5,80.0,45200.0,79.0,65900.0,5385004400.0,5385004400.0,1109310392.0,110500.0,0.0,,0.0,0.0,0.0
2023-05-25,79.0,0.0,0.0,80.0,78.0,80.0,1.0,306400.0,24202300.0,67.0,40.0,80.0,140100.0,79.0,102300.0,5385004496.0,5385004496.0,1109310392.0,92400.0,0.0,,0.0,0.0,0.0
2023-05-26,80.0,0.0,0.0,80.0,75.0,79.0,-1.0,416700.0,32862600.0,80.0,39.5,79.0,11000.0,78.0,118600.0,5385004496.0,5385004496.0,1109310392.0,0.0,0.0,,0.0,0.0,0.0
2023-05-29,79.0,0.0,0.0,80.0,77.0,78.0,-1.0,820500.0,64185100.0,111.0,39.0,79.0,29000.0,78.0,42000.0,5385004496.0,5385004496.0,1109310392.0,0.0,0.0,,0.0,0.0,0.0
2023-05-30,78.0,0.0,0.0,84.0,74.0,80.0,2.0,4055400.0,324573000.0,595.0,40.0,80.0,106000.0,79.0,261800.0,5385004496.0,5385004496.0,1109310392.0,121700.0,168100.0,,0.0,0.0,0.0
2023-05-31,80.0,0.0,0.0,81.0,75.0,79.0,-1.0,981400.0,77683800.0,223.0,39.5,79.0,32500.0,78.0,21400.0,5385004496.0,5385004496.0,1109310392.0,62200.0,0.0,,0.0,0.0,0.0
2023-06-05,79.0,0.0,0.0,80.0,74.0,77.0,-2.0,527800.0,40671800.0,116.0,38.5,78.0,268300.0,76.0,60100.0,5385004500.0,5385004500.0,1109310392.0,0.0,0.0,,0.0,0.0,0.0
2023-06-06,77.0,0.0,0.0,79.0,76.0,78.0,1.0,855700.0,66253500.0,146.0,39.0,78.0,41700.0,77.0,22400.0,5385004501.0,5385004501.0,1109310392.0,0.0,52900.0,,0.0,0.0,0.0
2023-06-07,78.0,0.0,0.0,78.0,73.0,78.0,0.0,450300.0,34739300.0,108.0,39.0,79.0,256200.0,78.0,470800.0,5385004501.0,5385004501.0,1109310392.0,0.0,0.0,,0.0,0.0,0.0
2023-06-08,78.0,0.0,0.0,79.0,73.0,78.0,0.0,590900.0,46213800.0,148.0,39.0,79.0,123600.0,78.0,62000.0,5385004501.0,5385004501.0,1109310392.0,39400.0,0.0,,0.0,0.0,0.0
2023-06-09,78.0,0.0,0.0,79.0,74.0,79.0,1.0,4780800.0,367156100.0,219.0,39.5,80.0,79500.0,79.0,109900.0,5385004501.0,5385004501.0,1109310392.0,0.0,916100.0,,0.0,0.0,0.0
2023-06-12,79.0,0.0,0.0,101.0,74.0,82.0,3.0,81017000.0,7281584600.0,9833.0,41.0,83.0,368300.0,82.0,40100.0,5385004501.0,5385004501.0,1109310392.0,1268600.0,339000.0,,0.0,0.0,0.0
2023-06-13,82.0,0.0,0.0,91.0,79.0,82.0,0.0,4123500.0,332818600.0,776.0,41.0,82.0,120000.0,81.0,65300.0,5385004501.0,5385004501.0,1109310392.0,0.0,388300.0,,0.0,0.0,0.0
2023-06-14,82.0,0.0,0.0,90.0,80.0,80.0,-2.0,2146400.0,173346000.0,305.0,40.0,81.0,52000.0,80.0,1101800.0,5385004501.0,5385004501.0,1109310392.0,46400.0,0.0,,0.0,0.0,0.0
2023-06-15,80.0,0.0,0.0,89.0,80.0,81.0,1.0,1187700.0,95580800.0,189.0,40.5,81.0,215600.0,80.0,112400.0,5385004501.0,5385004501.0,1109310392.0,73000.0,0.0,,0.0,0.0,0.0
2023-06-16,81.0,0.0,0.0,86.0,79.0,80.0,-1.0,963700.0,77074600.0,198.0,40.0,80.0,249200.0,79.0,379500.0,5385004501.0,5385004501.0,1109310392.0,90900.0,0.0,,0.0,0.0,0.0
2023-06-19,80.0,0.0,0.0,84.0,78.0,80.0,0.0,2469200.0,193827200.0,200.0,40.0,80.0,235400.0,79.0,127100.0,5385004501.0,5385004501.0,1109310392.0,0.0,193300.0,,0.0,0.0,0.0
2023-06-20,80.0,0.0,0.0,80.0,78.0,80.0,0.0,897000.0,70676000.0,163.0,40.0,80.0,341300.0,78.0,1079200.0,5385004501.0,5385004501.0,1109310392.0,0.0,0.0,,0.0,0.0,0.0
2023-06-21,80.0,0.0,0.0,80.0,78.0,80.0,0.0,561900.0,44643400.0,94.0,40.0,80.0,558100.0,79.0,1000.0,5385004501.0,5385004501.0,1109310392.0,54500.0,0.0,,0.0,0.0,0.0
2023-06-22,80.0,0.0,0.0,80.0,78.0,80.0,0.0,298100.0,23545200.0,90.0,40.0,80.0,795800.0,79.0,15000.0,5385004501.0,5385004501.0,1109310392.0,0.0,0.0,,0.0,0.0,0.0
2023-06-23,80.0,0.0,0.0,80.0,78.0,78.0,-2.0,1179600.0,92280400.0,106.0,39.0,79.0,54600.0,78.0,84100.0,5385004501.0,5385004501.0,1109310392.0,0.0,0.0,,0.0,0.0,0.0
2023-06-26,78.0,0.0,0.0,80.0,77.0,79.0,1.0,856800.0,66588700.0,110.0,39.5,79.0,193800.0,78.0,16000.0,5385004501.0,5385004501.0,1109310392.0,100600.0,0.0,,0.0,0.0,0.0
2023-06-27,79.0,0.0,0.0,80.0,77.0,80.0,1.0,1047700.0,82825900.0,391.0,40.0,81.0,6600.0,80.0,1300300.0,5385004501.0,5385004501.0,1109310392.0,4800.0,0.0,,0.0,0.0,0.0
2023-07-03,80.0,0.0,0.0,87.0,80.0,81.0,1.0,2418100.0,197153100.0,230.0,40.5,82.0,199000.0,81.0,1265600.0,5385004501.0,5385004501.0,1109849428.0,211400.0,245200.0,,0.0,0.0,0.0
2023-07-04,81.0,0.0,0.0,86.0,80.0,82.0,1.0,3168800.0,257281800.0,210.0,41.0,82.0,90500.0,81.0,200000.0,5385004501.0,5385004501.0,1109849428.0,0.0,97300.0,,0.0,0.0,0.0
2023-07-05,82.0,0.0,0.0,87.0,80.0,81.0,-1.0,778300.0,63082600.0,100.0,40.5,81.0,191000.0,80.0,1838900.0,5385004501.0,5385004501.0,1109849428.0,49600.0,105600.0,,0.0,0.0,0.0
2023-07-06,81.0,0.0,0.0,82.0,80.0,81.0,0.0,1403900.0,113451400.0,128.0,40.5,81.0,11300.0,80.0,405700.0,5385004501.0,5385004501.0,1109849428.0,0.0,49500.0,,0.0,0.0,0.0
2023-07-07,81.0,0.0,0.0,82.0,80.0,81.0,0.0,1621400.0,131403200.0,108.0,40.5,81.0,44800.0,80.0,117400.0,5385004501.0,5385004501.0,1109849428.0,0.0,84000.0,,0.0,0.0,0.0
2023-07-10,81.0,0.0,0.0,82.0,80.0,80.0,-1.0,430400.0,34657400.0,69.0,40.0,81.0,388200.0,80.0,542700.0,5385004501.0,5385004501.0,1109849428.0,58900.0,0.0,,0.0,0.0,0.0
2023-07-11,80.0,0.0,0.0,83.0,80.0,82.0,2.0,2795100.0,228799000.0,261.0,41.0,82.0,55600.0,81.0,304300.0,5385004501.0,5385004501.0,1109849428.0,0.0,289000.0,,0.0,0.0,0.0
2023-07-12,82.0,0.0,0.0,83.0,81.0,81.0,-1.0,720700.0,58617100.0,100.0,40.5,82.0,122200.0,80.0,644200.0,5385004601.0,5385004601.0,1109849428.0,0.0,102900.0,,0.0,0.0,0.0
2023-07-13,81.0,0.0,0.0,82.0,78.0,81.0,0.0,226700.0,18194000.0,40.0,40.5,81.0,235800.0,80.0,393100.0,5385004601.0,5385004601.0,1109849428.0,0.0,0.0,,0.0,0.0,0.0
2023-07-14,81.0,0.0,0.0,82.0,80.0,81.0,0.0,779200.0,63164000.0,203.0,40.5,81.0,103200.0,80.0,1414800.0,5385004601.0,5385004601.0,1109849428.0,0.0,0.0,,0.0,0.0,0.0
2023-07-17,81.0,0.0,0.0,84.0,76.0,82.0,1.0,996200.0,81312200.0,117.0,41.0,82.0,118900.0,81.0,36100.0,5385004601.0,5385004601.0,1109849428.0,0.0,102700.0,,0.0,0.0,0.0
2023-07-18,82.0,0.0,0.0,85.0,77.0,81.0,-1.0,185100.0,15134200.0,51.0,40.5,82.0,348500.0,81.0,511800.0,5385004601.0,5385004601.0,1109849428.0,0.0,35000.0,,0.0,0.0,0.0
2023-07-20,81.0,0.0,0.0,82.0,76.0,82.0,1.0,480400.0,39180300.0,66.0,41.0,82.0,356600.0,81.0,396200.0,5385004601.0,5385004601.0,1109849428.0,0.0,0.0,,0.0,0.0,0.0
2023-07-21,82.0,0.0,0.0,83.0,77.0,81.0,-1.0,577200.0,47020000.0,80.0,40.5,82.0,44100.0,81.0,237600.0,5385004601.0,5385004601.0,1109849428.0,0.0,137800.0,,0.0,0.0,0.0
2023-07-24,81.0,0.0,0.0,83.0,81.0,83.0,2.0,274800.0,22530000.0,83.0,41.5,83.0,167500.0,82.0,11200.0,5385004601.0,5385004601.0,1109849428.0,0.0,0.0,,0.0,0.0,0.0
2023-07-25,83.0,0.0,0.0,83.0,78.0,81.0,-2.0,275400.0,22336200.0,76.0,40.5,82.0,167400.0,81.0,571800.0,5385004601.0,5385004601.0,1109849428.0,0.0,0.0,,0.0,0.0,0.0
2023-07-26,81.0,0.0,0.0,82.0,81.0,81.0,0.0,820700.0,66553000.0,250.0,40.5,82.0,285200.0,81.0,542100.0,5385004601.0,5385004601.0,1109849428.0,0.0,0.0,,0.0,0.0,0.0
2023-07-27,81.0,0.0,0.0,83.0,81.0,82.0,1.0,601200.0,49150200.0,69.0,41.0,82.0,84500.0,81.0,772700.0,5385004601.0,5385004601.0,1109849428.0,0.0,0.0,,0.0,0.0,0.0
2023-07-28,82.0,0.0,0.0,83.0,81.0,82.0,0.0,275300.0,22443900.0,45.0,41.0,82.0,296000.0,81.0,849800.0,5385004601.0,5385004601.0,1109849428.0,0.0,0.0,,0.0,0.0,0.0
2023-07-31,82.0,0.0,0.0,86.0,80.0,83.0,1.0,4667900.0,384730200.0,288.0,41.5,83.0,139800.0,82.0,3200.0,5385004601.0,5385004601.0,1109849428.0,65000.0,0.0,,0.0,0.0,0.0
2023-08-01,83.0,0.0,0.0,83.0,81.0,82.0,-1.0,643200.0,52142200.0,67.0,41.0,82.0,256000.0,81.0,573800.0,5385004601.0,5385004601.0,1109849428.0,100.0,0.0,,0.0,0.0,0.0
2023-08-02,82.0,0.0,0.0,83.0,81.0,82.0,0.0,811200.0,66455800.0,74.0,41.0,83.0,415500.0,82.0,132500.0,5385004601.0,5385004601.0,1109849428.0,0.0,0.0,,0.0,0.0,0.0
2023-08-03,82.0,0.0,0.0,84.0,82.0,83.0,1.0,412900.0,34144100.0,70.0,41.5,83.0,64300.0,82.0,364600.0,5385004601.0,5385004601.0,1109849428.0,0.0,0.0,,0.0,0.0,0.0
2023-08-04,83.0,0.0,0.0,84.0,80.0,82.0,-1.0,2210900.0,179619500.0,88.0,41.0,83.0,286800.0,81.0,341600.0,5385004601.0,5385004601.0,1109849428.0,4100.0,0.0,,0.0,0.0,0.0
2023-08-07,82.0,0.0,0.0,82.0,79.0,82.0,0.0,246500.0,20072600.0,33.0,41.0,82.0,172400.0,81.0,405900.0,5385004601.0,5385004601.0,1109849428.0,0.0,0.0,,0.0,0.0,0.0
2023-08-08,82.0,0.0,0.0,83.0,77.0,82.0,0.0,606500.0,49242400.0,78.0,41.0,82.0,329200.0,81.0,206900.0,5385004601.0,5385004601.0,1109849428.0,33900.0,0.0,,0.0,0.0,0.0
2023-08-09,82.0,0.0,0.0,83.0,80.0,82.0,0.0,434700.0,35578900.0,72.0,41.0,82.0,72200.0,81.0,620200.0,5385004601.0,5385004601.0,1109849428.0,0.0,0.0,,0.0,0.0,0.0
2023-08-10,82.0,0.0,0.0,90.0,81.0,84.0,2.0,11079800.0,946693700.0,706.0,42.0,84.0,56200.0,83.0,301900.0,5385004601.0,5385004601.0,1109849428.0,121500.0,0.0,,0.0,0.0,0.0
2023-08-11,84.0,0.0,0.0,91.0,83.0,83.0,-1.0,2532000.0,212034400.0,168.0,41.5,83.0,2500.0,82.0,378800.0,5385004601.0,5385004601.0,1109849428.0,0.0,0.0,,0.0,0.0,0.0
2023-08-14,83.0,0.0,0.0,89.0,82.0,82.0,-1.0,1147700.0,94572600.0,97.0,41.0,83.0,609400.0,82.0,200600.0,5385004601.0,5385004601.0,1109849428.0,10500.0,0.0,,0.0,0.0,0.0
2023-08-15,82.0,0.0,0.0,88.0,81.0,83.0,1.0,1656200.0,135602300.0,274.0,41.5,83.0,382300.0,81.0,148800.0,5385004601.0,5385004601.0,1109849428.0,513900.0,0.0,,0.0,0.0,0.0
2023-08-16,83.0,0.0,0.0,83.0,80.0,82.0,-1.0,753500.0,60880500.0,137.0,41.0,82.0,72400.0,80.0,419000.0,5385004601.0,5385004601.0,1109849428.0,112700.0,0.0,,0.0,0.0,0.0
2023-08-18,82.0,0.0,0.0,87.0,80.0,82.0,0.0,227900.0,18396500.0,49.0,41.0,82.0,140500.0,81.0,15900.0,5385004601.0,5385004601.0,1109849428.0,75300.0,0.0,,0.0,0.0,0.0
2023-08-21,82.0,0.0,0.0,82.0,80.0,81.0,-1.0,234400.0,18880300.0,59.0,40.5,81.0,57700.0,80.0,596100.0,5385004601.0,5385004601.0,1109849428.0,0.0,0.0,,0.0,0.0,0.0
2023-08-22,81.0,0.0,0.0,88.0,80.0,82.0,1.0,187100.0,15129900.0,55.0,41.0,82.0,28800.0,81.0,4600.0,5385004601.0,5385004601.0,1109849428.0,0.0,0.0,,0.0,0.0,0.0
2023-08-23,82.0,0.0,0.0,84.0,80.0,82.0,0.0,145700.0,11843600.0,35.0,41.0,82.0,84400.0,81.0,2800.0,5385004601.0,5385004601.0,1109849428.0,0.0,0.0,,0.0,0.0,0.0
2023-08-24,82.0,0.0,0.0,88.0,78.0,81.0,-1.0,1068800.0,85187500.0,173.0,40.5,81.0,74600.0,79.0,110700.0,5385004601.0,5385004601.0,1109849428.0,95300.0,42100.0,,0.0,0.0,0.0
2023-08-25,81.0,0.0,0.0,81.0,72.0,80.0,-1.0,69500.0,5561000.0,44.0,40.0,80.0,34500.0,79.0,214500.0,5385004601.0,5385004601.0,1109849428.0,0.0,0.0,,0.0,0.0,0.0
2023-08-28,80.0,0.0,0.0,81.0,73.0,80.0,0.0,229500.0,18330800.0,57.0,40.0,81.0,93300.0,80.0,50000.0,5385004601.0,5385004601.0,1109849428.0,0.0,88000.0,,0.0,0.0,0.0
2023-08-29,80.0,0.0,0.0,85.0,79.0,82.0,2.0,590500.0,48166900.0,134.0,41.0,82.0,56500.0,81.0,50600.0,5385004601.0,5385004601.0,1109849428.0,50000.0,77900.0,,0.0,0.0,0.0
2023-08-30,82.0,0.0,0.0,82.0,81.0,81.0,-1.0,168800.0,13683200.0,38.0,40.5,82.0,64500.0,81.0,28500.0,5385004601.0,5385004601.0,1109849428.0,0.0,38500.0,,0.0,0.0,0.0
2023-08-31,81.0,0.0,0.0,82.0,79.0,81.0,0.0,80000.0,6443300.0,80.0,40.5,81.0,400.0,80.0,1241900.0,5385004601.0,5385004601.0,1109849428.0,0.0,0.0,,0.0,0.0,0.0
2023-09-01,81.0,0.0,0.0,81.0,77.0,80.0,-1.0,154000.0,12322900.0,31.0,40.0,81.0,246300.0,80.0,1069500.0,5385004601.0,5385004601.0,1109849428.0,0.0,0.0,,0.0,0.0,0.0
2023-09-04,80.0,0.0,0.0,81.0,79.0,80.0,0.0,368600.0,29234100.0,50.0,40.0,81.0,60400.0,80.0,500000.0,5385004601.0,5385004601.0,1109849428.0,0.0,21300.0,,0.0,0.0,0.0
2023-09-05,80.0,0.0,0.0,81.0,67.0,77.0,-3.0,7977700.0,591655100.0,747.0,38.5,77.0,200.0,76.0,54300.0,5385004601.0,5385004601.0,1109849428.0,662400.0,608500.0,,0.0,0.0,0.0
2023-09-06,77.0,0.0,0.0,78.0,70.0,74.0,-3.0,431700.0,31633600.0,111.0,37.0,75.0,5700.0,74.0,7800.0,5385004601.0,5385004601.0,1109849428.0,0.0,0.0,,0.0,0.0,0.0
2023-09-07,74.0,0.0,0.0,79.0,65.0,78.0,4.0,297300.0,22934100.0,126.0,39.0,78.0,37200.0,77.0,4200.0,5385004601.0,5385004601.0,1109849428.0,22000.0,0.0,,0.0,0.0,0.0
2023-09-08,78.0,0.0,0.0,80.0,76.0,76.0,-2.0,632600.0,49141800.0,129.0,38.0,77.0,3500.0,76.0,241700.0,5385004601.0,5385004601.0,1109849428.0,69800.0,28500.0,,0.0,0.0,0.0
2023-09-11,76.0,0.0,0.0,80.0,75.0,78.0,2.0,82300.0,6315400.0,49.0,39.0,78.0,28400.0,77.0,22600.0,5385004601.0,5385004601.0,1109849428.0,0.0,0.0,,0.0,0.0,0.0
2023-09-12,78.0,0.0,0.0,79.0,71.0,78.0,0.0,254800.0,19792400.0,62.0,39.0,78.0,7900.0,77.0,30900.0,5385004601.0,5385004601.0,1109849428.0,0.0,0.0,,0.0,0.0,0.0
2023-09-13,78.0,0.0,0.0,79.0,76.0,77.0,-1.0,317700.0,24551400.0,37.0,38.5,79.0,30800.0,77.0,27700.0,5385004601.0,5385004601.0,1109849428.0,0.0,34200.0,,0.0,0.0,0.0
2023-09-14,77.0,0.0,0.0,78.0,75.0,78.0,1.0,777500.0,58934700.0,351.0,39.0,78.0,101400.0,76.0,6400.0,5385004601.0,5385004601.0,1109849428.0,0.0,0.0,,0.0,0.0,0.0
2023-09-15,78.0,0.0,0.0,77.0,75.0,76.0,-2.0,915800.0,69326000.0,72.0,38.0,76.0,43700.0,75.0,105700.0,5385004601.0,5385004601.0,1109849428.0,0.0,0.0,,0.0,0.0,0.0
2023-09-18,76.0,0.0,0.0,78.0,70.0,76.0,0.0,1040200.0,78997800.0,35.0,38.0,77.0,17000.0,75.0,48500.0,5385004601.0,5385004601.0,1109849428.0,0.0,0.0,,0.0,0.0,0.0
2023-09-19,76.0,0.0,0.0,77.0,67.0,76.0,0.0,238100.0,17882900.0,36.0,38.0,76.0,23800.0,75.0,79100.0,5385004601.0,5385004601.0,1109849428.0,30800.0,0.0,,0.0,0.0,0.0
2023-09-20,76.0,0.0,0.0,77.0,75.0,76.0,0.0,95100.0,7230400.0,34.0,38.0,76.0,47600.0,75.0,97800.0,5385004601.0,5385004601.0,1109849428.0,0.0,0.0,,0.0,0.0,0.0
2023-09-21,76.0,0.0,0.0,77.0,75.0,76.0,0.0,212700.0,15990200.0,41.0,38.0,77.0,31500.0,76.0,12100.0,5385004601.0,5385004601.0,1109849428.0,0.0,0.0,,0.0,0.0,0.0
2023-09-22,76.0,0.0,0.0,80.0,75.0,77.0,1.0,267300.0,20975100.0,69.0,38.5,79.0,46900.0,77.0,7000.0,5385004601.0,5385004601.0,1109849428.0,69200.0,0.0,,0.0,0.0,0.0
2023-09-25,77.0,0.0,0.0,79.0,76.0,77.0,0.0,67200.0,5178200.0,36.0,38.5,78.0,743300.0,77.0,17400.0,5385004601.0,5385004601.0,1109849428.0,0.0,0.0,,0.0,0.0,0.0
2023-09-26,77.0,0.0,0.0,96.0,72.0,89.0,12.0,93484600.0,8341193000.0,14859.0,44.5,89.0,613900.0,88.0,37497200.0,5385004601.0,5385004601.0,1109849428.0,1294800.0,1126200.0,,0.0,0.0,0.0
2023-09-27,89.0,0.0,0.0,104.0,81.0,81.0,-8.0,160188100.0,15007438300.0,23598.0,40.5,82.0,5000.0,81.0,1732100.0,5385004601.0,5385004601.0,1109849428.0,1203100.0,1422700.0,,0.0,0.0,0.0
2023-09-29,81.0,0.0,0.0,89.0,80.0,81.0,0.0,8559400.0,695594400.0,679.0,40.5,82.0,94500.0,81.0,6765300.0,5385004601.0,5385004601.0,1109849428.0,477000.0,443600.0,,0.0,0.0,0.0
2023-10-02,81.0,0.0,0.0,83.0,80.0,81.0,0.0,3939300.0,315946000.0,399.0,40.5,81.0,352600.0,80.0,1185200.0,5385004601.0,5385004601.0,1109849448.0,2000.0,0.0,,0.0,0.0,0.0
2023-10-03,81.0,0.0,0.0,82.0,80.0,80.0,-1.0,3748600.0,300807600.0,311.0,40.0,80.0,605200.0,79.0,1121100.0,5385004601.0,5385004601.0,1109849448.0,10000.0,25300.0,,0.0,0.0,0.0
2023-10-04,80.0,0.0,0.0,81.0,78.0,79.0,-1.0,7722300.0,609162600.0,747.0,39.5,79.0,184200.0,78.0,324800.0,5385004601.0,5385004601.0,1109849448.0,25300.0,26500.0,,0.0,0.0,0.0
2023-10-05,79.0,0.0,0.0,86.0,78.0,80.0,1.0,11775300.0,962150500.0,1465.0,40.0,80.0,163500.0,79.0,383200.0,5385004601.0,5385004601.0,1109849448.0,576400.0,249600.0,,0.0,0.0,0.0
2023-10-06,80.0,0.0,0.0,84.0,79.0,80.0,0.0,3430400.0,271874400.0,246.0,40.0,80.0,493100.0,79.0,300.0,5385008101.0,5385008101.0,1109849448.0,0.0,239000.0,,0.0,0.0,0.0
2023-10-09,80.0,0.0,0.0,85.0,78.0,78.0,-2.0,1820000.0,143071900.0,215.0,39.0,79.0,94100.0,78.0,687800.0,5385008101.0,5385008101.0,1109849448.0,2600.0,0.0,,0.0,0.0,0.0
2023-10-10,78.0,0.0,0.0,81.0,77.0,79.0,1.0,2456500.0,191370700.0,187.0,39.5,79.0,107700.0,78.0,1041800.0,5385008101.0,5385008101.0,1109849448.0,500.0,0.0,,0.0,0.0,0.0
2023-10-11,79.0,0.0,0.0,80.0,78.0,79.0,0.0,1476300.0,115662800.0,182.0,39.5,79.0,188400.0,78.0,197800.0,5385008101.0,5385008101.0,1109849448.0,0.0,0.0,,0.0,0.0,0.0
2023-10-12,79.0,0.0,0.0,79.0,78.0,78.0,-1.0,757800.0,59258400.0,247.0,39.0,79.0,417100.0,78.0,10000.0,5385008101.0,5385008101.0,1109849448.0,0.0,0.0,,0.0,0.0,0.0
2023-10-13,78.0,0.0,0.0,79.0,77.0,77.0,-1.0,1054600.0,81371200.0,88.0,38.5,78.0,86200.0,77.0,510500.0,5385008101.0,5385008101.0,1109849448.0,12800.0,0.0,,0.0,0.0,0.0
2023-10-16,77.0,0.0,0.0,78.0,77.0,77.0,0.0,1198100.0,92382200.0,115.0,38.5,78.0,170300.0,77.0,219000.0,5385008101.0,5385008101.0,1109849448.0,0.0,0.0,,0.0,0.0,0.0
2023-10-17,77.0,0.0,0.0,79.0,77.0,77.0,0.0,1221900.0,94505400.0,102.0,38.5,78.0,17500.0,77.0,1469900.0,5385008101.0,5385008101.0,1109849448.0,0.0,0.0,,0.0,0.0,0.0
2023-10-18,77.0,0.0,0.0,83.0,77.0,79.0,2.0,9420600.0,760445800.0,1894.0,39.5,79.0,34000.0,78.0,1140500.0,5385008101.0,5385008101.0,1109849448.0,59700.0,60400.0,,0.0,0.0,0.0
2023-10-19,79.0,0.0,0.0,80.0,77.0,77.0,-2.0,3396600.0,262307000.0,627.0,38.5,78.0,1053400.0,76.0,705400.0,5385008101.0,5385008101.0,1109849448.0,60600.0,39600.0,,0.0,0.0,0.0
2023-10-20,77.0,0.0,0.0,80.0,77.0,78.0,1.0,1564500.0,121395600.0,147.0,39.0,78.0,5600.0,77.0,72400.0,5385008101.0,5385008101.0,1109849448.0,26500.0,37100.0,,0.0,0.0,0.0
2023-10-23,78.0,0.0,0.0,79.0,77.0,77.0,-1.0,608600.0,46896200.0,67.0,38.5,78.0,159800.0,76.0,613900.0,5385008101.0,5385008101.0,1109849448.0,0.0,0.0,,0.0,0.0,0.0
2023-10-24,77.0,0.0,0.0,80.0,77.0,79.0,2.0,599300.0,46690100.0,92.0,39.5,79.0,151100.0,77.0,387000.0,5385008101.0,5385008101.0,1109849448.0,0.0,39100.0,,0.0,0.0,0.0
2023-10-25,79.0,0.0,0.0,79.0,76.0,76.0,-3.0,1275800.0,97662100.0,123.0,38.0,77.0,496900.0,76.0,160000.0,5385008101.0,5385008101.0,1109849448.0,0.0,0.0,,0.0,0.0,0.0
2023-10-26,76.0,0.0,0.0,78.0,75.0,75.0,-1.0,435000.0,32992300.0,82.0,37.5,76.0,100000.0,75.0,406600.0,5385008101.0,5385008101.0,1109849448.0,68400.0,0.0,,0.0,0.0,0.0
2023-10-27,75.0,0.0,0.0,78.0,75.0,77.0,2.0,621200.0,47222300.0,110.0,38.5,77.0,19300.0,75.0,320000.0,5385008101.0,5385008101.0,1109849448.0,20900.0,24700.0,,0.0,0.0,0.0
2023-10-30,77.0,0.0,0.0,79.0,75.0,77.0,0.0,935300.0,71647100.0,150.0,38.5,77.0,24700.0,75.0,294400.0,5385008101.0,5385008101.0,1109849448.0,0.0,65200.0,,0.0,0.0,0.0
2023-10-31,77.0,0.0,0.0,77.0,74.0,75.0,-2.0,1319500.0,99316400.0,171.0,37.5,75.0,73900.0,74.0,502700.0,5385009201.0,5385009201.0,1109849448.0,0.0,72400.0,,0.0,0.0,0.0
2023-11-01,75.0,0.0,0.0,78.0,74.0,74.0,-1.0,975700.0,72958400.0,99.0,37.0,74.0,7800.0,73.0,341500.0,5385009201.0,5385009201.0,1109849448.0,24600.0,0.0,,0.0,0.0,0.0
2023-11-02,74.0,0.0,0.0,79.0,75.0,76.0,2.0,172300.0,13009500.0,56.0,38.0,76.0,134900.0,75.0,408600.0,5385009201.0,5385009201.0,1109849448.0,0.0,42000.0,,0.0,0.0,0.0
2023-11-03,76.0,0.0,0.0,76.0,74.0,74.0,-2.0,515600.0,38503300.0,333.0,37.0,75.0,162000.0,74.0,1426500.0,5385009201.0,5385009201.0,1109849448.0,0.0,0.0,,0.0,0.0,0.0
2023-11-06,74.0,0.0,0.0,76.0,74.0,75.0,1.0,285800.0,21235900.0,38.0,37.5,75.0,39200.0,74.0,270400.0,5385009201.0,5385009201.0,1109849448.0,0.0,0.0,,0.0,0.0,0.0
2023-11-07,75.0,0.0,0.0,78.0,74.0,75.0,0.0,183900.0,13663400.0,45.0,37.5,75.0,65600.0,74.0,173700.0,5385009201.0,5385009201.0,1109849448.0,46900.0,0.0,,0.0,0.0,0.0
2023-11-08,75.0,0.0,0.0,77.0,74.0,75.0,0.0,478300.0,35835500.0,65.0,37.5,75.0,18500.0,74.0,235600.0,5385009201.0,5385009201.0,1109849448.0,200000.0,0.0,,0.0,0.0,0.0
2023-11-09,75.0,0.0,0.0,76.0,74.0,76.0,1.0,508400.0,38526200.0,39.0,38.0,76.0,37800.0,75.0,10000.0,5385009201.0,5385009201.0,1109849448.0,0.0,0.0,,0.0,0.0,0.0
2023-11-10,76.0,0.0,0.0,77.0,75.0,75.0,-1.0,101800.0,7711500.0,51.0,37.5,76.0,1200.0,75.0,38900.0,5385009201.0,5385009201.0,1109849448.0,0.0,0.0,,0.0,0.0,0.0
2023-11-13,75.0,0.0,0.0,77.0,74.0,75.0,0.0,427500.0,31913700.0,43.0,37.5,75.0,18400.0,74.0,128900.0,5385009201.0,5385009201.0,1109849448.0,18100.0,24900.0,,0.0,0.0,0.0
2023-11-14,75.0,0.0,0.0,76.0,74.0,75.0,0.0,409300.0,30376100.0,64.0,37.5,75.0,42300.0,74.0,77900.0,5385009201.0,5385009201.0,1109849448.0,0.0,0.0,,0.0,0.0,0.0
2023-11-15,75.0,0.0,0.0,77.0,74.0,77.0,2.0,528800.0,40031500.0,159.0,38.5,77.0,1538500.0,75.0,89100.0,5385009201.0,5385009201.0,1109849448.0,0.0,0.0,,0.0,0.0,0.0
2023-11-16,77.0,0.0,0.0,77.0,74.0,75.0,-2.0,521900.0,39061500.0,104.0,37.5,75.0,100.0,74.0,604200.0,5385009201.0,5385009201.0,1109849448.0,0.0,0.0,,0.0,0.0,0.0
2023-11-17,75.0,0.0,0.0,76.0,75.0,75.0,0.0,411100.0,31131100.0,47.0,37.5,76.0,87100.0,75.0,250000.0,5385009201.0,5385009201.0,1109849448.0,0.0,0.0,,0.0,0.0,0.0
2023-11-20,75.0,0.0,0.0,76.0,74.0,75.0,0.0,90400.0,6735300.0,28.0,37.5,75.0,100200.0,74.0,330800.0,5385009201.0,5385009201.0,1109849448.0,9600.0,0.0,,0.0,0.0,0.0
2023-11-21,75.0,0.0,0.0,76.0,74.0,75.0,0.0,370000.0,27463100.0,35.0,37.5,75.0,23600.0,74.0,259000.0,5385009201.0,5385009201.0,1109849448.0,100.0,0.0,,0.0,0.0,0.0
2023-11-22,75.0,0.0,0.0,76.0,74.0,76.0,1.0,461600.0,34850300.0,52.0,38.0,76.0,25500.0,75.0,82700.0,5385009201.0,5385009201.0,1109849448.0,300.0,0.0,,0.0,0.0,0.0
2023-11-23,76.0,0.0,0.0,78.0,74.0,78.0,2.0,1917600.0,147259300.0,76.0,39.0,78.0,78500.0,77.0,500.0,5385009201.0,5385009201.0,1109849448.0,0.0,0.0,,0.0,0.0,0.0
2023-11-24,78.0,0.0,0.0,78.0,76.0,78.0,0.0,218700.0,16823000.0,76.0,39.0,78.0,364500.0,77.0,500000.0,5385009201.0,5385009201.0,1109849448.0,0.0,0.0,,0.0,0.0,0.0
2023-11-27,78.0,0.0,0.0,79.0,76.0,79.0,1.0,835900.0,65162200.0,119.0,39.5,79.0,128900.0,77.0,53900.0,5385009201.0,5385009201.0,1109849448.0,88200.0,0.0,,0.0,0.0,0.0
2023-11-28,79.0,0.0,0.0,79.0,77.0,78.0,-1.0,165800.0,12804800.0,56.0,39.0,78.0,192900.0,77.0,33500.0,5385009201.0,5385009201.0,1109849448.0,0.0,0.0,,0.0,0.0,0.0
2023-11-29,78.0,0.0,0.0,80.0,74.0,78.0,0.0,114400.0,8899200.0,73.0,39.0,78.0,120900.0,77.0,30500.0,5385009201.0,5385009201.0,1109849448.0,13200.0,0.0,,0.0,0.0,0.0
2023-11-30,78.0,0.0,0.0,79.0,77.0,78.0,0.0,684800.0,53262700.0,76.0,39.0,79.0,224400.0,77.0,260100.0,5385009201.0,5385009201.0,1109849448.0,1700.0,0.0,,0.0,0.0,0.0
2023-12-01,78.0,0.0,0.0,79.0,77.0,78.0,0.0,173800.0,13533000.0,92.0,39.0,78.0,44800.0,77.0,141500.0,5385009201.0,5385009201.0,1109849448.0,45400.0,0.0,,0.0,0.0,0.0
2023-12-04,78.0,0.0,0.0,79.0,77.0,78.0,0.0,192800.0,14849900.0,54.0,39.0,78.0,102900.0,77.0,18000.0,5385009201.0,5385009201.0,1109849448.0,2600.0,0.0,,0.0,0.0,0.0
2023-12-05,78.0,0.0,0.0,78.0,76.0,78.0,0.0,585300.0,45321900.0,60.0,39.0,79.0,305400.0,77.0,114900.0,5385009201.0,5385009201.0,1109849448.0,0.0,0.0,,0.0,0.0,0.0
2023-12-06,78.0,0.0,0.0,79.0,77.0,77.0,-1.0,508100.0,39328000.0,75.0,38.5,78.0,227700.0,77.0,56200.0,5385009201.0,5385009201.0,1109849448.0,122800.0,0.0,,0.0,0.0,0.0
2023-12-07,77.0,0.0,0.0,78.0,76.0,77.0,0.0,283700.0,21785700.0,71.0,38.5,77.0,1200.0,76.0,171200.0,5385009201.0,5385009201.0,1109849448.0,49200.0,0.0,,0.0,0.0,0.0
2023-12-08,77.0,0.0,0.0,78.0,76.0,77.0,0.0,325400.0,24949700.0,45.0,38.5,77.0,1105400.0,76.0,279600.0,5385009201.0,5385009201.0,1109849448.0,59700.0,0.0,,0.0,0.0,0.0
2023-12-11,77.0,0.0,0.0,79.0,75.0,77.0,0.0,737700.0,56874800.0,68.0,38.5,77.0,1206900.0,75.0,96700.0,5385009201.0,5385009201.0,1109849448.0,26600.0,0.0,,0.0,0.0,0.0
2023-12-12,77.0,0.0,0.0,77.0,75.0,77.0,0.0,210600.0,16015500.0,48.0,38.5,77.0,1065400.0,75.0,256800.0,5385009201.0,5385009201.0,1109849448.0,31100.0,43000.0,,0.0,0.0,0.0
2023-12-13,77.0,0.0,0.0,82.0,74.0,77.0,0.0,542500.0,40948700.0,62.0,38.5,77.0,166200.0,76.0,100000.0,5385009201.0,5385009201.0,1109849448.0,165500.0,27200.0,,0.0,0.0,0.0
2023-12-14,77.0,0.0,0.0,96.0,75.0,78.0,1.0,129200.0,9882700.0,40.0,39.0,78.0,90900.0,77.0,700.0,5385009201.0,5385009201.0,1109849448.0,0.0,53900.0,,0.0,0.0,0.0
2023-12-15,78.0,0.0,0.0,105.0,76.0,77.0,-1.0,776500.0,59206200.0,94.0,38.5,77.0,72100.0,76.0,230500.0,5385009201.0,5385009201.0,1109849448.0,20100.0,354900.0,,0.0,0.0,0.0
2023-12-18,77.0,0.0,0.0,78.0,76.0,77.0,0.0,517500.0,39876800.0,46.0,38.5,77.0,561300.0,76.0,505200.0,5385009201.0,5385009201.0,1109849448.0,33300.0,0.0,,0.0,0.0,0.0
2023-12-19,77.0,0.0,0.0,78.0,76.0,77.0,0.0,423000.0,32174400.0,47.0,38.5,77.0,646100.0,76.0,5400.0,5385009201.0,5385009201.0,1109849448.0,105500.0,0.0,,0.0,0.0,0.0
2023-12-20,77.0,0.0,0.0,78.0,76.0,77.0,0.0,489200.0,37404300.0,57.0,38.5,77.0,135900.0,76.0,252100.0,5385009201.0,5385009201.0,1109849448.0,0.0,69900.0,,0.0,0.0,0.0
2023-12-21,77.0,0.0,0.0,78.0,71.0,78.0,1.0,225900.0,17153900.0,32.0,39.0,78.0,759800.0,76.0,23000.0,5385009201.0,5385009201.0,1109849448.0,0.0,0.0,,0.0,0.0,0.0
2023-12-22,78.0,0.0,0.0,78.0,73.0,77.0,-1.0,544000.0,41618700.0,180.0,38.5,77.0,561000.0,76.0,1500.0,5385009201.0,5385009201.0,1109849448.0,0.0,40700.0,,0.0,0.0,0.0
2023-12-27,77.0,0.0,0.0,77.0,74.0,77.0,0.0,254800.0,19381800.0,31.0,38.5,77.0,246100.0,76.0,28400.0,5385009201.0,5385009201.0,1109849448.0,75200.0,21300.0,,0.0,0.0,0.0
2023-12-28,77.0,0.0,0.0,77.0,73.0,75.0,-2.0,297500.0,22575200.0,37.0,37.5,77.0,293100.0,75.0,129900.0,5385009201.0,5385009201.0,1109849448.0,69200.0,71300.0,,0.0,0.0,0.0
2023-12-29,75.0,0.0,0.0,84.0,71.0,76.0,1.0,5493000.0,434587300.0,723.0,38.0,76.0,130300.0,75.0,361700.0,5385009201.0,5385009201.0,1109849448.0,544300.0,259700.0,,0.0,0.0,0.0
2024-01-02,76.0,0.0,0.0,77.0,70.0,75.0,-1.0,473800.0,35742500.0,89.0,37.5,76.0,15600.0,75.0,100500.0,5385009201.0,5385009201.0,1109850396.0,0.0,45100.0,,0.0,0.0,0.0
2024-01-03,75.0,0.0,0.0,78.0,70.0,77.0,2.0,393200.0,30080500.0,81.0,38.5,77.0,56800.0,76.0,157800.0,5385009201.0,5385009201.0,1109850396.0,0.0,162300.0,,0.0,0.0,0.0
2024-01-04,77.0,0.0,0.0,78.0,72.0,76.0,-1.0,382500.0,29296100.0,94.0,38.0,77.0,500.0,76.0,201600.0,5385009201.0,5385009201.0,1109850396.0,0.0,26700.0,,0.0,0.0,0.0
2024-01-05,76.0,0.0,0.0,77.0,76.0,76.0,0.0,148000.0,11337700.0,51.0,38.0,77.0,241600.0,76.0,203600.0,5385009201.0,5385009201.0,1109850396.0,0.0,0.0,,0.0,0.0,0.0
2024-01-08,76.0,0.0,0.0,84.0,71.0,77.0,1.0,3127500.0,249910300.0,438.0,38.5,77.0,54100.0,76.0,143000.0,5385019201.0,5385019201.0,1109850396.0,456600.0,250800.0,,0.0,0.0,0.0
2024-01-09,77.0,0.0,0.0,77.0,72.0,77.0,0.0,274600.0,20871300.0,42.0,38.5,77.0,279400.0,76.0,105900.0,5385019201.0,5385019201.0,1109850396.0,0.0,0.0,,0.0,0.0,0.0
2024-01-10,77.0,0.0,0.0,77.0,72.0,76.0,-1.0,911800.0,69345600.0,82.0,38.0,77.0,349600.0,76.0,76200.0,5385019201.0,5385019201.0,1109850396.0,0.0,86900.0,,0.0,0.0,0.0
2024-01-11,76.0,0.0,0.0,77.0,71.0,75.0,-1.0,114000.0,8658000.0,36.0,37.5,76.0,3300.0,75.0,272600.0,5385019201.0,5385019201.0,1109850396.0,0.0,0.0,,0.0,0.0,0.0
2024-01-12,75.0,0.0,0.0,77.0,70.0,77.0,2.0,214600.0,16255100.0,50.0,38.5,77.0,176600.0,76.0,4800.0,5385019201.0,5385019201.0,1109850396.0,0.0,0.0,,0.0,0.0,0.0
2024-01-15,77.0,0.0,0.0,77.0,72.0,76.0,-1.0,659300.0,49654200.0,76.0,38.0,76.0,34900.0,75.0,18700.0,5385019201.0,5385019201.0,1109850396.0,13100.0,105900.0,,0.0,0.0,0.0
2024-01-16,76.0,0.0,0.0,77.0,75.0,77.0,1.0,369700.0,27908300.0,43.0,38.5,77.0,589100.0,76.0,3300.0,5385019201.0,5385019201.0,1109850396.0,0.0,51600.0,,0.0,0.0,0.0
2024-01-17,77.0,0.0,0.0,77.0,75.0,77.0,0.0,515800.0,39185800.0,116.0,38.5,77.0,372200.0,76.0,5800.0,5385019201.0,5385019201.0,1109850396.0,54400.0,0.0,,0.0,0.0,0.0
2024-01-18,77.0,0.0,0.0,77.0,73.0,77.0,0.0,154300.0,11663100.0,46.0,38.5,77.0,404100.0,76.0,35200.0,5385019201.0,5385019201.0,1109850396.0,0.0,0.0,,0.0,0.0,0.0
2024-01-19,77.0,0.0,0.0,77.0,73.0,76.0,-1.0,383400.0,28901100.0,60.0,38.0,76.0,148000.0,75.0,8000.0,5385019201.0,5385019201.0,1109850396.0,15000.0,0.0,,0.0,0.0,0.0
2024-01-22,76.0,0.0,0.0,77.0,73.0,75.0,-1.0,320700.0,24179600.0,45.0,37.5,76.0,235400.0,75.0,220700.0,5385019201.0,5385019201.0,1109850396.0,0.0,0.0,,0.0,0.0,0.0
2024-01-23,75.0,0.0,0.0,76.0,74.0,75.0,0.0,227700.0,17029700.0,28.0,37.5,76.0,322600.0,75.0,231000.0,5385019201.0,5385019201.0,1109850396.0,0.0,0.0,,0.0,0.0,0.0
2024-01-24,75.0,0.0,0.0,77.0,71.0,76.0,1.0,536600.0,40629100.0,93.0,38.0,76.0,102000.0,75.0,347600.0,5385019201.0,5385019201.0,1109850396.0,0.0,122400.0,,0.0,0.0,0.0
2024-01-25,76.0,0.0,0.0,77.0,72.0,76.0,0.0,249600.0,18772600.0,41.0,38.0,76.0,193600.0,75.0,83000.0,5385019201.0,5385019201.0,1109850396.0,0.0,0.0,,0.0,0.0,0.0
2024-01-26,76.0,0.0,0.0,77.0,72.0,76.0,0.0,192100.0,14556300.0,34.0,38.0,76.0,182000.0,75.0,388200.0,5385019201.0,5385019201.0,1109850396.0,0.0,0.0,,0.0,0.0,0.0
2024-01-29,76.0,0.0,0.0,76.0,75.0,75.0,-1.0,62700.0,4714000.0,22.0,37.5,76.0,158500.0,75.0,1244600.0,5385019201.0,5385019201.0,1109850396.0,0.0,0.0,,0.0,0.0,0.0
2024-01-30,75.0,0.0,0.0,79.0,74.0,76.0,1.0,1069400.0,81376100.0,135.0,38.0,76.0,265000.0,75.0,1474000.0,5385019201.0,5385019201.0,1109850396.0,1000.0,0.0,,0.0,0.0,0.0
2024-01-31,76.0,0.0,0.0,77.0,75.0,76.0,0.0,43500.0,3278100.0,29.0,38.0,76.0,111300.0,75.0,1553900.0,5385019201.0,5385019201.0,1109850396.0,700.0,0.0,,0.0,0.0,0.0
2024-02-01,76.0,0.0,0.0,76.0,75.0,76.0,0.0,81300.0,6106900.0,30.0,38.0,76.0,183300.0,75.0,1435600.0,5385019201.0,5385019201.0,1109850396.0,0.0,0.0,,0.0,0.0,0.0
2024-02-02,76.0,0.0,0.0,76.0,75.0,75.0,-1.0,105500.0,7917600.0,27.0,37.5,76.0,139600.0,75.0,151700.0,5385019201.0,5385019201.0,1109850396.0,0.0,0.0,,0.0,0.0,0.0
2024-02-05,75.0,0.0,0.0,76.0,75.0,75.0,0.0,431000.0,32328200.0,29.0,37.5,76.0,109900.0,75.0,1112000.0,5385019201.0,5385019201.0,1109850396.0,0.0,0.0,,0.0,0.0,0.0
2024-02-06,75.0,0.0,0.0,76.0,74.0,76.0,1.0,199300.0,14874500.0,24.0,38.0,76.0,165000.0,75.0,50000.0,5385019201.0,5385019201.0,1109850396.0,0.0,0.0,,0.0,0.0,0.0
2024-02-07,76.0,0.0,0.0,76.0,74.0,76.0,0.0,122900.0,9228300.0,122.0,38.0,76.0,74000.0,74.0,280700.0,5385019201.0,5385019201.0,1109850396.0,0.0,0.0,,0.0,0.0,0.0
2024-02-12,76.0,0.0,0.0,76.0,73.0,75.0,-1.0,460100.0,34202900.0,44.0,37.5,75.0,68600.0,74.0,40900.0,5385019201.0,5385019201.0,1109850396.0,0.0,0.0,,0.0,0.0,0.0
2024-02-13,75.0,0.0,0.0,75.0,74.0,75.0,0.0,71000.0,5288900.0,32.0,37.5,75.0,171300.0,74.0,210600.0,5385019201.0,5385019201.0,1109850396.0,0.0,0.0,,0.0,0.0,0.0
2024-02-15,75.0,0.0,0.0,75.0,74.0,75.0,0.0,1105000.0,81961100.0,54.0,37.5,75.0,46300.0,74.0,230100.0,5385019201.0,5385019201.0,1109850396.0,0.0,0.0,,0.0,0.0,0.0
2024-02-16,75.0,0.0,0.0,77.0,75.0,76.0,1.0,115100.0,8651800.0,24.0,38.0,76.0,366900.0,75.0,51000.0,5385019201.0,5385019201.0,1109850396.0,400.0,0.0,,0.0,0.0,0.0
2024-02-19,76.0,0.0,0.0,76.0,74.0,76.0,0.0,192500.0,14483000.0,28.0,38.0,76.0,34100.0,75.0,8600.0,5385019201.0,5385019201.0,1109850396.0,0.0,0.0,,0.0,0.0,0.0
2024-02-20,76.0,0.0,0.0,77.0,74.0,76.0,0.0,514300.0,38620600.0,66.0,38.0,76.0,15600.0,75.0,19900.0,5385019201.0,5385019201.0,1109850396.0,118500.0,0.0,,0.0,0.0,0.0
2024-02-21,76.0,0.0,0.0,76.0,74.0,76.0,0.0,112400.0,8432600.0,37.0,38.0,76.0,67500.0,75.0,100600.0,5385019201.0,5385019201.0,1109850396.0,0.0,0.0,,0.0,0.0,0.0
2024-02-22,76.0,0.0,0.0,76.0,74.0,76.0,0.0,1821800.0,137292700.0,40.0,38.0,76.0,718500.0,75.0,20000.0,5385019201.0,5385019201.0,1109850396.0,21800.0,0.0,,0.0,0.0,0.0
2024-02-23,76.0,0.0,0.0,76.0,74.0,76.0,0.0,126100.0,9458300.0,21.0,38.0,76.0,868300.0,75.0,139500.0,5385019201.0,5385019201.0,1109850396.0,0.0,0.0,,0.0,0.0,0.0
2024-02-26,76.0,0.0,0.0,76.0,74.0,76.0,0.0,246000.0,18399100.0,55.0,38.0,76.0,135200.0,75.0,104100.0,5385019201.0,5385019201.0,1109850396.0,0.0,15300.0,,0.0,0.0,0.0
2024-02-27,76.0,0.0,0.0,76.0,74.0,74.0,-2.0,146900.0,10940700.0,38.0,37.0,76.0,91600.0,74.0,127100.0,5385019201.0,5385019201.0,1109850396.0,27000.0,0.0,,0.0,0.0,0.0
2024-02-28,74.0,0.0,0.0,76.0,74.0,74.0,0.0,284600.0,21096500.0,31.0,37.0,76.0,412300.0,74.0,1000.0,5385019201.0,5385019201.0,1109850396.0,0.0,20000.0,,0.0,0.0,0.0
2024-02-29,74.0,0.0,0.0,76.0,74.0,75.0,1.0,32500.0,2435300.0,17.0,37.5,75.0,212800.0,74.0,687500.0,5385019201.0,5385019201.0,1109850396.0,0.0,0.0,,0.0,0.0,0.0
2024-03-01,75.0,0.0,0.0,76.0,74.0,76.0,1.0,45800.0,3418700.0,16.0,38.0,76.0,260400.0,75.0,5300.0,5385019201.0,5385019201.0,1109850396.0,0.0,0.0,,0.0,0.0,0.0
2024-03-04,76.0,0.0,0.0,76.0,74.0,76.0,0.0,263300.0,19586400.0,39.0,38.0,76.0,930000.0,75.0,100.0,5385019201.0,5385019201.0,1109850396.0,0.0,0.0,,0.0,0.0,0.0
2024-03-05,76.0,0.0,0.0,76.0,73.0,75.0,-1.0,787500.0,57901400.0,52.0,37.5,75.0,41600.0,74.0,465600.0,5385019201.0,5385019201.0,1109850396.0,0.0,0.0,,0.0,0.0,0.0
2024-03-06,75.0,0.0,0.0,75.0,74.0,75.0,0.0,31900.0,2377500.0,26.0,37.5,75.0,118800.0,74.0,490800.0,5385019201.0,5385019201.0,1109850396.0,0.0,10600.0,,0.0,0.0,0.0
2024-03-07,75.0,0.0,0.0,75.0,74.0,75.0,0.0,446400.0,33236100.0,34.0,37.5,75.0,260500.0,74.0,305000.0,5385019201.0,5385019201.0,1109850396.0,0.0,0.0,,0.0,0.0,0.0
2024-03-08,75.0,0.0,0.0,75.0,74.0,74.0,-1.0,101500.0,7515000.0,46.0,37.0,75.0,142800.0,73.0,148900.0,5385019201.0,5385019201.0,1109850396.0,0.0,0.0,,0.0,0.0,0.0
2024-03-13,74.0,0.0,0.0,76.0,74.0,74.0,0.0,315100.0,23442700.0,41.0,37.0,75.0,54800.0,74.0,371200.0,5385019201.0,5385019201.0,1109850396.0,0.0,0.0,,0.0,0.0,0.0
2024-03-14,74.0,0.0,0.0,76.0,74.0,75.0,1.0,377400.0,27978000.0,38.0,37.5,75.0,55000.0,74.0,392800.0,5385019201.0,5385019201.0,1109850396.0,0.0,0.0,,0.0,0.0,0.0
2024-03-15,75.0,0.0,0.0,76.0,74.0,76.0,1.0,192500.0,14434600.0,31.0,38.0,76.0,539300.0,75.0,177400.0,5385019201.0,5385019201.0,1109850396.0,1300.0,0.0,,0.0,0.0,0.0
2024-03-18,76.0,0.0,0.0,76.0,74.0,75.0,-1.0,349000.0,26094300.0,35.0,37.5,76.0,581400.0,75.0,41300.0,5385019201.0,5385019201.0,1109850396.0,100.0,0.0,,0.0,0.0,0.0
2024-03-19,75.0,0.0,0.0,75.0,74.0,74.0,-1.0,137800.0,10200500.0,26.0,37.0,75.0,90000.0,74.0,67200.0,5385019201.0,5385019201.0,1109850396.0,0.0,0.0,,1950000.0,156000000.0,1.0
2024-03-20,74.0,0.0,0.0,75.0,74.0,75.0,1.0,57900.0,4324700.0,18.0,37.5,75.0,658400.0,74.0,264800.0,5385019201.0,5385019201.0,1109850396.0,0.0,0.0,,0.0,0.0,0.0
2024-03-21,75.0,0.0,0.0,77.0,74.0,75.0,0.0,383900.0,28839000.0,42.0,37.5,76.0,647200.0,75.0,61500.0,5385019201.0,5385019201.0,1109850396.0,0.0,0.0,,0.0,0.0,0.0
2024-03-22,75.0,0.0,0.0,76.0,75.0,75.0,0.0,142000.0,10679200.0,25.0,37.5,75.0,14700.0,74.0,142700.0,5385019201.0,5385019201.0,1109850396.0,0.0,0.0,,0.0,0.0,0.0
2024-03-25,75.0,0.0,0.0,76.0,75.0,75.0,0.0,195900.0,14693200.0,33.0,37.5,76.0,348600.0,75.0,32400.0,5385019201.0,5385019201.0,1109850396.0,0.0,0.0,,0.0,0.0,0.0
2024-03-26,75.0,0.0,0.0,76.0,74.0,75.0,0.0,479100.0,35901800.0,28.0,37.5,75.0,13400.0,74.0,330500.0,5385019201.0,5385019201.0,1109850396.0,24800.0,0.0,,0.0,0.0,0.0
2024-03-27,75.0,0.0,0.0,76.0,74.0,76.0,1.0,287900.0,21592800.0,41.0,38.0,76.0,434400.0,75.0,120800.0,5385019201.0,5385019201.0,1109850396.0,1400.0,0.0,,0.0,0.0,0.0
2024-03-28,76.0,0.0,0.0,76.0,68.0,74.0,-2.0,3932200.0,280257700.0,134.0,37.0,75.0,300000.0,74.0,517900.0,5385019201.0,5385019201.0,1109850396.0,170800.0,40000.0,,0.0,0.0,0.0
2024-04-01,74.0,0.0,0.0,75.0,70.0,73.0,-1.0,924800.0,67191700.0,73.0,36.5,74.0,24700.0,73.0,121800.0,5385019201.0,5385019201.0,1109852457.0,0.0,108100.0,,0.0,0.0,0.0
2024-04-02,73.0,0.0,0.0,74.0,72.0,74.0,1.0,664300.0,47967600.0,54.0,37.0,74.0,14600.0,72.0,247800.0,5385019201.0,5385019201.0,1109852457.0,0.0,0.0,,0.0,0.0,0.0
2024-04-03,74.0,0.0,0.0,73.0,72.0,72.0,-2.0,249500.0,18024100.0,48.0,36.0,74.0,7600.0,72.0,146000.0,5385019201.0,5385019201.0,1109852457.0,0.0,0.0,,0.0,0.0,0.0
2024-04-04,72.0,0.0,0.0,75.0,72.0,75.0,3.0,107400.0,7769200.0,39.0,37.5,74.0,1000.0,73.0,3500.0,5385019201.0,5385019201.0,1109852457.0,0.0,0.0,,0.0,0.0,0.0
2024-04-05,75.0,0.0,0.0,75.0,73.0,75.0,0.0,367500.0,27281300.0,33.0,37.5,75.0,783000.0,73.0,156800.0,5385019201.0,5385019201.0,1109852457.0,97200.0,0.0,,0.0,0.0,0.0
2024-04-16,75.0,0.0,0.0,75.0,72.0,74.0,-1.0,51900.0,3851800.0,38.0,37.0,74.0,700.0,73.0,16400.0,5385019201.0,5385019201.0,1109852457.0,0.0,0.0,,0.0,0.0,0.0
2024-04-17,74.0,0.0,0.0,75.0,72.0,74.0,0.0,63600.0,4650200.0,34.0,37.0,74.0,168000.0,73.0,3000.0,5385019201.0,5385019201.0,1109852457.0,0.0,0.0,,0.0,0.0,0.0
2024-04-18,74.0,0.0,0.0,74.0,72.0,72.0,-2.0,122100.0,8842700.0,26.0,36.0,74.0,185100.0,72.0,250600.0,5385019201.0,5385019201.0,1109852457.0,0.0,10500.0,,0.0,0.0,0.0
2024-04-19,72.0,0.0,0.0,73.0,72.0,72.0,0.0,102200.0,7375500.0,25.0,36.0,73.0,189700.0,72.0,135800.0,5385019201.0,5385019201.0,1109852457.0,0.0,0.0,,0.0,0.0,0.0
2024-04-22,72.0,0.0,0.0,73.0,71.0,71.0,-1.0,190000.0,13629600.0,18.0,35.5,73.0,238300.0,71.0,42700.0,5385019201.0,5385019201.0,1109852457.0,134400.0,0.0,,0.0,0.0,0.0
2024-04-23,71.0,0.0,0.0,73.0,69.0,69.0,-2.0,357700.0,24991200.0,62.0,34.5,69.0,86200.0,68.0,104300.0,5385019201.0,5385019201.0,1109852457.0,0.0,73200.0,,0.0,0.0,0.0
2024-04-24,69.0,0.0,0.0,72.0,68.0,71.0,2.0,149200.0,10350700.0,41.0,35.5,70.0,15000.0,69.0,1600.0,5385019201.0,5385019201.0,1109852457.0,0.0,21200.0,,0.0,0.0,0.0
2024-04-25,71.0,0.0,0.0,71.0,68.0,71.0,0.0,67900.0,4767100.0,15.0,35.5,71.0,125600.0,70.0,25000.0,5385019201.0,5385019201.0,1109852457.0,0.0,0.0,,0.0,0.0,0.0
2024-04-26,71.0,0.0,0.0,72.0,70.0,70.0,-1.0,19500.0,1374800.0,14.0,35.0,70.0,236800.0,69.0,5000.0,5385019201.0,5385019201.0,1109852457.0,0.0,0.0,,0.0,0.0,0.0
2024-04-29,70.0,0.0,0.0,73.0,68.0,70.0,0.0,72400.0,5012100.0,28.0,35.0,71.0,1000.0,70.0,3800.0,5385019201.0,5385019201.0,1109852457.0,13100.0,0.0,,0.0,0.0,0.0
2024-04-30,70.0,0.0,0.0,71.0,68.0,69.0,-1.0,42200.0,2959200.0,24.0,34.5,71.0,8900.0,69.0,50100.0,5385019201.0,5385019201.0,1109852457.0,0.0,5900.0,,0.0,0.0,0.0
2024-05-02,69.0,0.0,0.0,70.0,68.0,70.0,1.0,209600.0,14469000.0,40.0,35.0,70.0,145000.0,69.0,19500.0,5385019201.0,5385019201.0,1109852457.0,0.0,0.0,,0.0,0.0,0.0
2024-05-03,70.0,0.0,0.0,70.0,68.0,69.0,-1.0,118300.0,8077400.0,24.0,34.5,70.0,317600.0,69.0,5200.0,5385019201.0,5385019201.0,1109852457.0,0.0,0.0,,0.0,0.0,0.0
2024-05-06,69.0,0.0,0.0,73.0,68.0,71.0,2.0,147400.0,10343100.0,34.0,35.5,71.0,11700.0,70.0,700.0,5385019201.0,5385019201.0,1109852457.0,0.0,0.0,,0.0,0.0,0.0
2024-05-07,71.0,0.0,0.0,72.0,70.0,70.0,-1.0,57600.0,4036300.0,21.0,35.0,70.0,900.0,69.0,46100.0,5385019201.0,5385019201.0,1109852457.0,0.0,0.0,,13295000.0,1010420000.0,1.0
2024-05-08,70.0,0.0,0.0,70.0,68.0,69.0,-1.0,26200.0,1794800.0,19.0,34.5,70.0,8700.0,69.0,47600.0,5385019201.0,5385019201.0,1109852457.0,0.0,0.0,,0.0,0.0,0.0
2024-05-13,69.0,0.0,0.0,71.0,69.0,69.0,0.0,13900.0,963200.0,16.0,34.5,70.0,1300.0,69.0,2400.0,5385019201.0,5385019201.0,1109852457.0,0.0,0.0,,0.0,0.0,0.0
2024-05-14,69.0,0.0,0.0,72.0,69.0,70.0,1.0,39200.0,2789500.0,32.0,35.0,71.0,207700.0,70.0,6000.0,5385019201.0,5385019201.0,1109852457.0,10300.0,0.0,,0.0,0.0,0.0
2024-05-15,70.0,0.0,0.0,71.0,69.0,69.0,-1.0,103800.0,7197800.0,19.0,34.5,70.0,14400.0,69.0,94100.0,5385019201.0,5385019201.0,1109852457.0,100.0,0.0,,0.0,0.0,0.0
2024-05-16,69.0,0.0,0.0,72.0,69.0,69.0,0.0,67700.0,4717800.0,20.0,34.5,70.0,3900.0,69.0,101500.0,5385019201.0,5385019201.0,1109852457.0,0.0,5000.0,,0.0,0.0,0.0
2024-05-17,69.0,0.0,0.0,70.0,69.0,70.0,1.0,63400.0,4375700.0,11.0,35.0,70.0,25200.0,69.0,45000.0,5385019201.0,5385019201.0,1109852457.0,1300.0,0.0,,13290000.0,1010040000.0,1.0
2024-05-20,70.0,0.0,0.0,71.0,69.0,71.0,1.0,59100.0,4128800.0,18.0,35.5,71.0,247100.0,70.0,3400.0,5385019201.0,5385019201.0,1109852457.0,0.0,13900.0,,48100.0,3415100.0,1.0
2024-05-21,71.0,0.0,0.0,71.0,69.0,69.0,-2.0,57500.0,4015600.0,31.0,34.5,70.0,28500.0,69.0,52700.0,5385019201.0,5385019201.0,1109852457.0,0.0,0.0,,0.0,0.0,0.0
2024-05-22,69.0,0.0,0.0,72.0,69.0,71.0,2.0,75700.0,5298000.0,29.0,35.5,71.0,7500.0,69.0,58000.0,5385019201.0,5385019201.0,1109852457.0,0.0,8300.0,,0.0,0.0,0.0
2024-05-27,71.0,0.0,0.0,72.0,70.0,72.0,1.0,89300.0,6298300.0,28.0,36.0,72.0,41400.0,70.0,21800.0,5385019201.0,5385019201.0,1109852457.0,7300.0,0.0,,0.0,0.0,0.0
2024-05-28,72.0,0.0,0.0,71.0,65.0,71.0,-1.0,50300.0,3522500.0,37.0,35.5,71.0,20900.0,70.0,13900.0,5385019201.0,5385019201.0,1109852457.0,8500.0,7700.0,,13293100.0,1010275600.0,1.0
2024-05-29,71.0,0.0,0.0,71.0,65.0,69.0,-2.0,347200.0,23852300.0,96.0,34.5,69.0,11300.0,68.0,210500.0,5385019201.0,5385019201.0,1109852457.0,0.0,0.0,,0.0,0.0,0.0
2024-05-30,69.0,0.0,0.0,69.0,68.0,69.0,0.0,33400.0,2287800.0,16.0,34.5,69.0,161800.0,68.0,202400.0,5385019201.0,5385019201.0,1109852457.0,0.0,0.0,,0.0,0.0,0.0
2024-05-31,69.0,0.0,0.0,69.0,68.0,69.0,0.0,159100.0,10834700.0,39.0,34.5,69.0,12400.0,68.0,61400.0,5385019201.0,5385019201.0,1109852457.0,0.0,0.0,,0.0,0.0,0.0
2024-06-03,69.0,0.0,0.0,69.0,67.0,69.0,0.0,40100.0,2740600.0,40.0,34.5,69.0,417500.0,68.0,21400.0,5385019201.0,5385019201.0,1109852457.0,0.0,0.0,,0.0,0.0,0.0
2024-06-04,69.0,0.0,0.0,69.0,67.0,69.0,0.0,179100.0,12095700.0,40.0,34.5,69.0,424900.0,68.0,800.0,5385019201.0,5385019201.0,1109852457.0,55000.0,0.0,,0.0,0.0,0.0
2024-06-05,69.0,0.0,0.0,69.0,67.0,67.0,-2.0,411100.0,27658500.0,57.0,33.5,67.0,41300.0,66.0,79000.0,5385019201.0,5385019201.0,1109852457.0,0.0,34200.0,,0.0,0.0,0.0
2024-06-06,67.0,0.0,0.0,69.0,65.0,67.0,0.0,291100.0,19254300.0,44.0,33.5,67.0,61900.0,65.0,10300.0,5385019201.0,5385019201.0,1109852457.0,10400.0,0.0,,0.0,0.0,0.0
2024-06-07,67.0,0.0,0.0,67.0,64.0,66.0,-1.0,227700.0,14881800.0,91.0,33.0,66.0,19900.0,65.0,30100.0,5385019201.0,5385019201.0,1109852457.0,17400.0,0.0,,0.0,0.0,0.0
2024-06-10,66.0,0.0,0.0,67.0,64.0,65.0,-1.0,239600.0,15559600.0,88.0,32.5,66.0,29200.0,64.0,52000.0,5385019201.0,5385019201.0,1109852457.0,0.0,0.0,,0.0,0.0,0.0
2024-06-11,65.0,0.0,0.0,68.0,65.0,68.0,3.0,138200.0,9269100.0,53.0,34.0,68.0,6900.0,66.0,26500.0,5385019201.0,5385019201.0,1109852457.0,0.0,0.0,,0.0,0.0,0.0
2024-06-12,68.0,0.0,0.0,68.0,65.0,66.0,-2.0,206000.0,13588600.0,64.0,33.0,66.0,29900.0,65.0,15000.0,5385019201.0,5385019201.0,1109852457.0,0.0,29200.0,,0.0,0.0,0.0
2024-06-13,66.0,0.0,0.0,68.0,65.0,67.0,1.0,115200.0,7656800.0,73.0,33.5,67.0,54900.0,65.0,35000.0,5385019201.0,5385019201.0,1109852457.0,0.0,33600.0,,0.0,0.0,0.0
2024-06-14,67.0,0.0,0.0,67.0,64.0,66.0,-1.0,182900.0,12004900.0,49.0,33.0,66.0,157400.0,64.0,46600.0,5385019201.0,5385019201.0,1109852457.0,1000.0,0.0,,0.0,0.0,0.0
2024-06-19,66.0,0.0,0.0,66.0,63.0,66.0,0.0,205500.0,13265400.0,56.0,33.0,66.0,11100.0,64.0,50000.0,5385019201.0,5385019201.0,1109852457.0,11500.0,0.0,,0.0,0.0,0.0
2024-06-20,66.0,0.0,0.0,71.0,65.0,67.0,1.0,403800.0,26827400.0,58.0,33.5,70.0,25800.0,69.0,100.0,5385019201.0,5385019201.0,1109852457.0,0.0,46900.0,,0.0,0.0,0.0
2024-06-21,67.0,0.0,0.0,70.0,67.0,68.0,1.0,72900.0,4895200.0,20.0,34.0,68.0,39600.0,67.0,78300.0,5385019201.0,5385019201.0,1109852457.0,0.0,0.0,,0.0,0.0,0.0
2024-06-24,68.0,0.0,0.0,69.0,66.0,69.0,1.0,103200.0,7034900.0,15.0,34.5,70.0,29500.0,68.0,37600.0,5385019201.0,5385019201.0,1109852457.0,15200.0,0.0,,0.0,0.0,0.0
2024-06-25,69.0,0.0,0.0,71.0,65.0,71.0,2.0,101800.0,7108000.0,41.0,35.5,71.0,292400.0,70.0,600.0,5385019201.0,5385019201.0,1109852457.0,2700.0,0.0,,0.0,0.0,0.0
2024-06-26,71.0,0.0,0.0,72.0,70.0,71.0,0.0,90200.0,6408700.0,20.0,35.5,72.0,986700.0,71.0,400.0,5385019201.0,5385019201.0,1109852457.0,2000.0,0.0,,0.0,0.0,0.0
2024-06-27,71.0,0.0,0.0,72.0,70.0,72.0,1.0,332500.0,23612100.0,34.0,36.0,72.0,221300.0,70.0,112700.0,5385019201.0,5385019201.0,1109852457.0,500.0,0.0,,0.0,0.0,0.0
2024-06-28,72.0,0.0,0.0,72.0,70.0,71.0,-1.0,64000.0,4545300.0,20.0,35.5,72.0,13400.0,71.0,9500.0,5385019201.0,5385019201.0,1109852457.0,0.0,0.0,,0.0,0.0,0.0
2024-07-01,71.0,0.0,0.0,74.0,70.0,73.0,2.0,509000.0,36186900.0,72.0,36.5,73.0,715600.0,70.0,45700.0,5385019201.0,5385019201.0,1109852457.0,24200.0,0.0,,0.0,0.0,0.0
2024-07-02,73.0,0.0,0.0,73.0,70.0,72.0,-1.0,102200.0,7322000.0,34.0,36.0,72.0,185500.0,71.0,5500.0,5385019201.0,5385019201.0,1109852457.0,66600.0,0.0,,0.0,0.0,0.0
2024-07-03,72.0,0.0,0.0,76.0,70.0,74.0,2.0,129800.0,9587100.0,62.0,37.0,73.0,2000.0,72.0,700.0,5385019201.0,5385019201.0,1109852457.0,5900.0,0.0,,0.0,0.0,0.0
2024-07-04,74.0,0.0,0.0,75.0,71.0,72.0,-2.0,69300.0,4992900.0,48.0,36.0,72.0,5600.0,71.0,31600.0,5385019201.0,5385019201.0,1109852457.0,0.0,0.0,,0.0,0.0,0.0
2024-07-05,72.0,0.0,0.0,72.0,70.0,71.0,-1.0,37900.0,2679400.0,28.0,35.5,71.0,3200.0,69.0,1500.0,5385019201.0,5385019201.0,1109852457.0,0.0,0.0,,0.0,0.0,0.0
2024-07-08,71.0,0.0,0.0,71.0,65.0,70.0,-1.0,167500.0,11289800.0,51.0,35.0,70.0,21900.0,69.0,15200.0,5385019201.0,5385019201.0,1109852457.0,10100.0,16400.0,,0.0,0.0,0.0
2024-07-09,70.0,0.0,0.0,70.0,68.0,69.0,-1.0,34600.0,2370600.0,34.0,34.5,69.0,5000.0,67.0,7900.0,5385019201.0,5385019201.0,1109852457.0,0.0,0.0,,0.0,0.0,0.0
2024-07-10,69.0,0.0,0.0,69.0,66.0,68.0,-1.0,102500.0,6810900.0,38.0,34.0,68.0,15700.0,67.0,9800.0,5385019201.0,5385019201.0,1109852457.0,0.0,0.0,,0.0,0.0,0.0
2024-07-11,68.0,0.0,0.0,68.0,67.0,68.0,0.0,7500.0,508400.0,9.0,34.0,68.0,34600.0,67.0,99100.0,5385019201.0,5385019201.0,1109852457.0,0.0,0.0,,0.0,0.0,0.0
2024-07-12,68.0,0.0,0.0,69.0,67.0,69.0,1.0,79200.0,5413800.0,26.0,34.5,69.0,3500.0,68.0,32000.0,5385019201.0,5385019201.0,1109852457.0,0.0,11600.0,,0.0,0.0,0.0
2024-07-15,69.0,0.0,0.0,72.0,69.0,72.0,3.0,107300.0,7551800.0,39.0,36.0,72.0,104800.0,69.0,28200.0,5385019201.0,5385019201.0,1109852457.0,0.0,3800.0,,0.0,0.0,0.0
2024-07-16,72.0,0.0,0.0,72.0,70.0,70.0,-2.0,120400.0,8429000.0,21.0,35.0,71.0,20100.0,70.0,300.0,5385019201.0,5385019201.0,1109852457.0,0.0,0.0,,0.0,0.0,0.0
2024-07-17,70.0,0.0,0.0,70.0,69.0,70.0,0.0,63100.0,4406800.0,22.0,35.0,70.0,500.0,69.0,35100.0,5385019201.0,5385019201.0,1109852457.0,0.0,0.0,,0.0,0.0,0.0
2024-07-18,70.0,0.0,0.0,69.0,69.0,69.0,-1.0,34000.0,2346000.0,5.0,34.5,70.0,30500.0,69.0,40500.0,5385019201.0,5385019201.0,1109852457.0,0.0,0.0,,0.0,0.0,0.0
2024-07-19,69.0,0.0,0.0,70.0,68.0,68.0,-1.0,78800.0,5421300.0,24.0,34.0,69.0,6300.0,68.0,153900.0,5385019201.0,5385019201.0,1109852457.0,0.0,4500.0,,0.0,0.0,0.0
2024-07-22,68.0,0.0,0.0,69.0,68.0,68.0,0.0,80500.0,5487000.0,26.0,34.0,69.0,17100.0,68.0,30000.0,5385019201.0,5385019201.0,1109852457.0,0.0,0.0,,0.0,0.0,0.0
2024-07-23,68.0,0.0,0.0,70.0,68.0,68.0,0.0,89300.0,6074000.0,14.0,34.0,70.0,24600.0,69.0,200.0,5385019201.0,5385019201.0,1109852457.0,0.0,15500.0,,0.0,0.0,0.0
2024-07-24,68.0,0.0,0.0,70.0,68.0,68.0,0.0,23900.0,1642800.0,12.0,34.0,69.0,21700.0,68.0,70900.0,5385019201.0,5385019201.0,1109852457.0,0.0,0.0,,0.0,0.0,0.0
2024-07-25,68.0,0.0,0.0,69.0,68.0,68.0,0.0,101700.0,6933500.0,21.0,34.0,69.0,30200.0,68.0,58600.0,5385019201.0,5385019201.0,1109852457.0,0.0,0.0,,0.0,0.0,0.0
2024-07-26,68.0,0.0,0.0,69.0,67.0,68.0,0.0,162400.0,11042400.0,24.0,34.0,69.0,41500.0,68.0,37000.0,5385019201.0,5385019201.0,1109852457.0,0.0,0.0,,0.0,0.0,0.0
2024-07-29,68.0,0.0,0.0,69.0,67.0,69.0,1.0,102000.0,6905500.0,32.0,34.5,70.0,148300.0,68.0,36500.0,5385019201.0,5385019201.0,1109852457.0,2500.0,5400.0,,0.0,0.0,0.0
2024-07-30,69.0,0.0,0.0,70.0,68.0,69.0,0.0,15900.0,1083000.0,11.0,34.5,69.0,2300.0,68.0,26800.0,5385019201.0,5385019201.0,1109852457.0,0.0,0.0,,0.0,0.0,0.0
2024-07-31,69.0,0.0,0.0,70.0,69.0,70.0,1.0,25200.0,1739000.0,17.0,35.0,70.0,8600.0,69.0,59100.0,5385019201.0,5385019201.0,1109852457.0,0.0,0.0,,127500.0,10200000.0,80.0
2024-08-01,70.0,0.0,0.0,71.0,68.0,71.0,1.0,347800.0,24376400.0,34.0,35.5,71.0,500.0,70.0,29400.0,5385019201.0,5385019201.0,1109852457.0,9500.0,0.0,,181520.0,14521600.0,122.0
2024-08-02,71.0,0.0,0.0,72.0,70.0,71.0,0.0,142900.0,10251900.0,30.0,35.5,72.0,14600.0,71.0,7400.0,5385019201.0,5385019201.0,1109852457.0,0.0,0.0,,157480.0,16918400.0,105.0
2024-08-05,71.0,0.0,0.0,70.0,69.0,70.0,-1.0,66600.0,4626700.0,23.0,35.0,70.0,17400.0,69.0,83200.0,5385019201.0,5385019201.0,1109852457.0,0.0,0.0,,0.0,0.0,0.0
2024-08-06,70.0,0.0,0.0,70.0,69.0,69.0,-1.0,44000.0,3039900.0,10.0,34.5,70.0,294500.0,69.0,21500.0,5385019201.0,5385019201.0,1109852457.0,0.0,0.0,,6800.0,448800.0,6.0
2024-08-07,69.0,0.0,0.0,71.0,70.0,71.0,2.0,333700.0,23374400.0,27.0,35.5,70.0,200.0,69.0,38400.0,5385019201.0,5385019201.0,1109852457.0,0.0,7100.0,,0.0,0.0,0.0
2024-08-08,71.0,0.0,0.0,80.0,68.0,71.0,0.0,1655200.0,120492500.0,775.0,35.5,71.0,49900.0,70.0,500.0,5385019201.0,5385019201.0,1109852457.0,81500.0,31800.0,,0.0,0.0,0.0
2024-08-09,71.0,0.0,0.0,71.0,70.0,71.0,0.0,30000.0,2105900.0,15.0,35.5,71.0,60400.0,70.0,209000.0,5385019201.0,5385019201.0,1109852457.0,0.0,0.0,,0.0,0.0,0.0
2024-08-12,71.0,0.0,0.0,71.0,69.0,71.0,0.0,185500.0,12995500.0,25.0,35.5,71.0,400.0,70.0,19900.0,5385019201.0,5385019201.0,1109852457.0,0.0,0.0,,150000.0,12000000.0,100.0
2024-08-13,71.0,0.0,0.0,72.0,70.0,71.0,0.0,36600.0,2587400.0,35.0,35.5,71.0,33200.0,70.0,99400.0,5385019201.0,5385019201.0,1109852457.0,0.0,14500.0,,153000.0,12240000.0,102.0
2024-08-14,71.0,0.0,0.0,72.0,70.0,71.0,0.0,176200.0,12338400.0,149.0,35.5,71.0,34600.0,69.0,61700.0,5385019201.0,5385019201.0,1109852457.0,0.0,0.0,,150000.0,12000000.0,100.0
2024-08-15,71.0,0.0,0.0,76.0,69.0,71.0,0.0,336300.0,23574700.0,43.0,35.5,71.0,100100.0,70.0,8900.0,5385019201.0,5385019201.0,1109852457.0,0.0,0.0,,0.0,0.0,0.0
2024-08-16,71.0,0.0,0.0,71.0,69.0,71.0,0.0,219600.0,15372500.0,80.0,35.5,71.0,160300.0,70.0,38900.0,5385019201.0,5385019201.0,1109852457.0,0.0,0.0,,0.0,0.0,0.0
2024-08-19,71.0,0.0,0.0,71.0,70.0,70.0,-1.0,7200.0,506400.0,9.0,35.0,71.0,269400.0,70.0,190500.0,5385019201.0,5385019201.0,1109852457.0,0.0,0.0,,150000.0,12000000.0,100.0
2024-08-20,70.0,0.0,0.0,77.0,70.0,72.0,2.0,1379000.0,101231900.0,375.0,36.0,72.0,219000.0,71.0,98100.0,5385019201.0,5385019201.0,1109852457.0,80000.0,39000.0,,0.0,0.0,0.0
2024-08-21,72.0,0.0,0.0,72.0,70.0,71.0,-1.0,88700.0,6288600.0,22.0,35.5,71.0,178400.0,70.0,275600.0,5385019201.0,5385019201.0,1109852457.0,0.0,0.0,,0.0,0.0,0.0
2024-08-22,71.0,0.0,0.0,71.0,70.0,71.0,0.0,42400.0,2999700.0,14.0,35.5,71.0,267400.0,70.0,184900.0,5385019201.0,5385019201.0,1109852457.0,0.0,0.0,,0.0,0.0,0.0
2024-08-23,71.0,0.0,0.0,73.0,70.0,72.0,1.0,369200.0,26319900.0,85.0,36.0,72.0,257200.0,71.0,6200.0,5385019201.0,5385019201.0,1109852457.0,0.0,52200.0,,0.0,0.0,0.0
2024-08-26,72.0,0.0,0.0,72.0,71.0,72.0,0.0,161700.0,11615900.0,32.0,36.0,72.0,216500.0,71.0,34300.0,5385019201.0,5385019201.0,1109852457.0,0.0,0.0,,0.0,0.0,0.0
2024-08-27,72.0,0.0,0.0,79.0,70.0,70.0,-2.0,1856100.0,135428700.0,316.0,35.0,71.0,11000.0,70.0,300.0,5385019201.0,5385019201.0,1109852457.0,99200.0,101000.0,,0.0,0.0,0.0
2024-08-28,70.0,0.0,0.0,76.0,70.0,73.0,3.0,1207000.0,89011400.0,180.0,36.5,73.0,134700.0,72.0,122900.0,5385019201.0,5385019201.0,1109852457.0,0.0,38400.0,,0.0,0.0,0.0
2024-08-29,73.0,0.0,0.0,76.0,71.0,72.0,-1.0,501400.0,36216200.0,45.0,36.0,73.0,401900.0,72.0,12900.0,5385019201.0,5385019201.0,1109852457.0,0.0,0.0,,0.0,0.0,0.0
2024-08-30,72.0,0.0,0.0,81.0,71.0,72.0,0.0,4985700.0,371155400.0,719.0,36.0,72.0,50000.0,71.0,330300.0,5385019201.0,5385019201.0,1109852457.0,128200.0,85100.0,,0.0,0.0,0.0
2024-09-02,72.0,0.0,0.0,74.0,71.0,73.0,1.0,1003100.0,72209300.0,59.0,36.5,73.0,462100.0,72.0,20000.0,5385019201.0,5385019201.0,1109852457.0,0.0,17500.0,,0.0,0.0,0.0
2024-09-03,73.0,0.0,0.0,74.0,72.0,72.0,-1.0,509700.0,36754900.0,49.0,36.0,73.0,351400.0,72.0,2100.0,5385019201.0,5385019201.0,1109852457.0,0.0,8300.0,,0.0,0.0,0.0
2024-09-04,72.0,0.0,0.0,74.0,71.0,73.0,1.0,1064600.0,77649700.0,50.0,36.5,73.0,100.0,72.0,3100.0,5385019201.0,5385019201.0,1109852457.0,0.0,0.0,,0.0,0.0,0.0
2024-09-05,73.0,0.0,0.0,76.0,72.0,73.0,0.0,1044200.0,76313800.0,78.0,36.5,73.0,248200.0,72.0,149900.0,5385019201.0,5385019201.0,1109852457.0,0.0,0.0,,0.0,0.0,0.0
2024-09-06,73.0,0.0,0.0,76.0,73.0,75.0,2.0,1168300.0,86555100.0,82.0,37.5,75.0,93500.0,73.0,100.0,5385019201.0,5385019201.0,1109852457.0,39700.0,20800.0,,0.0,0.0,0.0
2024-09-09,75.0,0.0,0.0,76.0,73.0,73.0,-2.0,409900.0,29990000.0,47.0,36.5,74.0,2000.0,72.0,246300.0,5385019201.0,5385019201.0,1109852457.0,0.0,0.0,,0.0,0.0,0.0
2024-09-10,73.0,0.0,0.0,75.0,72.0,74.0,1.0,1106000.0,81722700.0,51.0,37.0,74.0,57100.0,72.0,65500.0,5385019201.0,5385019201.0,1109852457.0,0.0,0.0,,0.0,0.0,0.0
2024-09-11,74.0,0.0,0.0,75.0,71.0,73.0,-1.0,998000.0,73155200.0,66.0,36.5,74.0,10000.0,72.0,93000.0,5385019201.0,5385019201.0,1109852457.0,5300.0,9100.0,,0.0,0.0,0.0
2024-09-12,73.0,0.0,0.0,79.0,73.0,75.0,2.0,1829000.0,137443700.0,184.0,37.5,76.0,42400.0,73.0,40600.0,5385019201.0,5385019201.0,1109852457.0,0.0,29600.0,,0.0,0.0,0.0
2024-09-13,75.0,0.0,0.0,80.0,74.0,74.0,-1.0,779100.0,58987100.0,134.0,37.0,74.0,72400.0,73.0,50500.0,5385019201.0,5385019201.0,1109852457.0,78500.0,0.0,,0.0,0.0,0.0
2024-09-17,74.0,0.0,0.0,75.0,73.0,75.0,1.0,474200.0,35331700.0,45.0,37.5,75.0,104000.0,73.0,15500.0,5385019201.0,5385019201.0,1109852457.0,4000.0,39500.0,,0.0,0.0,0.0
2024-09-18,75.0,0.0,0.0,76.0,73.0,74.0,-1.0,939500.0,70134900.0,60.0,37.0,76.0,59700.0,73.0,112600.0,5385019201.0,5385019201.0,1109852457.0,10500.0,57400.0,,0.0,0.0,0.0
2024-09-19,74.0,0.0,0.0,77.0,74.0,75.0,1.0,741400.0,55960800.0,73.0,37.5,76.0,500.0,74.0,38500.0,5385019201.0,5385019201.0,1109852457.0,0.0,0.0,,0.0,0.0,0.0
2024-09-20,75.0,0.0,0.0,76.0,74.0,75.0,0.0,633500.0,47482900.0,36.0,37.5,75.0,1900.0,74.0,80600.0,5385019201.0,5385019201.0,1109852457.0,0.0,0.0,,1200.0,86400.0,1.0
2024-09-23,75.0,0.0,0.0,78.0,75.0,76.0,1.0,1115900.0,84330600.0,84.0,38.0,76.0,100.0,74.0,31500.0,5385019201.0,5385019201.0,1109852457.0,0.0,17200.0,,0.0,0.0,0.0
2024-09-24,76.0,0.0,0.0,77.0,75.0,75.0,-1.0,1222400.0,93229000.0,56.0,37.5,77.0,10000.0,75.0,49200.0,5385019201.0,5385019201.0,1109852457.0,0.0,0.0,,0.0,0.0,0.0
2024-09-25,75.0,0.0,0.0,78.0,75.0,77.0,2.0,2045000.0,156446300.0,107.0,38.5,77.0,74700.0,76.0,500.0,5385019201.0,5385019201.0,1109852457.0,0.0,0.0,,0.0,0.0,0.0
2024-09-26,77.0,0.0,0.0,80.0,75.0,80.0,3.0,1942600.0,150304000.0,121.0,40.0,80.0,114200.0,76.0,29900.0,5385019201.0,5385019201.0,1109852457.0,0.0,0.0,,0.0,0.0,0.0
2024-09-27,80.0,0.0,0.0,81.0,77.0,77.0,-3.0,2886900.0,224570000.0,188.0,38.5,77.0,19600.0,76.0,216400.0,5385019201.0,5385019201.0,1109852457.0,0.0,0.0,,0.0,0.0,0.0
2024-09-30,77.0,0.0,0.0,79.0,76.0,79.0,2.0,1297000.0,100734000.0,73.0,39.5,79.0,44700.0,78.0,100.0,5385019201.0,5385019201.0,1109852457.0,0.0,0.0,,0.0,0.0,0.0
2024-10-01,79.0,0.0,0.0,79.0,77.0,78.0,-1.0,996800.0,77647200.0,84.0,39.0,79.0,32800.0,77.0,60100.0,5385019201.0,5385019201.0,1109852457.0,0.0,9900.0,,0.0,0.0,0.0
2024-10-02,78.0,0.0,0.0,88.0,77.0,78.0,0.0,2226500.0,177908000.0,342.0,39.0,78.0,54200.0,77.0,259600.0,5385019201.0,5385019201.0,1109852457.0,30700.0,30800.0,,0.0,0.0,0.0
2024-10-03,78.0,0.0,0.0,81.0,77.0,78.0,0.0,1561900.0,122337800.0,107.0,39.0,79.0,600.0,78.0,2000.0,5385019201.0,5385019201.0,1109852457.0,0.0,0.0,,150000.0,12000000.0,100.0
2024-10-04,78.0,0.0,0.0,79.0,76.0,78.0,0.0,2262300.0,176124000.0,153.0,39.0,78.0,100.0,77.0,17100.0,5385019201.0,5385019201.0,1109852457.0,0.0,0.0,,150000.0,12000000.0,100.0
2024-10-07,78.0,0.0,0.0,80.0,76.0,78.0,0.0,2323300.0,181319900.0,83.0,39.0,78.0,76000.0,77.0,3200.0,5385019201.0,5385019201.0,1109852457.0,15500.0,0.0,,0.0,0.0,0.0
2024-10-08,78.0,0.0,0.0,79.0,76.0,76.0,-2.0,921500.0,71897700.0,77.0,38.0,78.0,30000.0,76.0,143000.0,5385019201.0,5385019201.0,1109852457.0,0.0,0.0,,0.0,0.0,0.0
2024-10-09,76.0,0.0,0.0,80.0,77.0,78.0,2.0,1377000.0,107455000.0,376.0,39.0,78.0,33000.0,76.0,111100.0,5385019201.0,5385019201.0,1109852457.0,0.0,0.0,,0.0,0.0,0.0
2024-10-10,78.0,0.0,0.0,79.0,76.0,76.0,-2.0,1132300.0,87884300.0,72.0,38.0,78.0,63500.0,76.0,186200.0,5385019201.0,5385019201.0,1109852457.0,0.0,12500.0,,0.0,0.0,0.0
2024-10-11,76.0,0.0,0.0,79.0,76.0,78.0,2.0,1655500.0,128966800.0,113.0,39.0,78.0,49400.0,77.0,108000.0,5385019201.0,5385019201.0,1109852457.0,0.0,0.0,,0.0,0.0,0.0
2024-10-14,78.0,0.0,0.0,79.0,76.0,79.0,1.0,603100.0,46864600.0,31.0,39.5,79.0,338400.0,78.0,4800.0,5385019201.0,5385019201.0,1109852457.0,0.0,0.0,,0.0,0.0,0.0
2024-10-15,79.0,0.0,0.0,80.0,75.0,78.0,-1.0,1854900.0,143287700.0,100.0,39.0,78.0,232700.0,76.0,137000.0,5385019201.0,5385019201.0,1109852457.0,0.0,86200.0,,0.0,0.0,0.0
2024-10-16,78.0,0.0,0.0,78.0,74.0,77.0,-1.0,337600.0,25781700.0,57.0,38.5,77.0,420000.0,75.0,13600.0,5385019201.0,5385019201.0,1109852457.0,15000.0,49300.0,,0.0,0.0,0.0
2024-10-17,77.0,0.0,0.0,78.0,74.0,76.0,-1.0,1031100.0,78359900.0,49.0,38.0,76.0,373000.0,75.0,45800.0,5385019201.0,5385019201.0,1109852457.0,0.0,0.0,,0.0,0.0,0.0
2024-10-18,76.0,0.0,0.0,78.0,74.0,76.0,0.0,1234900.0,94483000.0,81.0,38.0,76.0,6200.0,75.0,180400.0,5385019201.0,5385019201.0,1109852457.0,0.0,0.0,,0.0,0.0,0.0
2024-10-21,76.0,0.0,0.0,77.0,75.0,77.0,1.0,1401800.0,107625800.0,43.0,38.5,77.0,26700.0,76.0,7700.0,5385019201.0,5385019201.0,1109852457.0,0.0,0.0,,0.0,0.0,0.0
2024-10-22,77.0,0.0,0.0,77.0,76.0,77.0,0.0,265800.0,20202500.0,13.0,38.5,77.0,366300.0,75.0,10500.0,5385019201.0,5385019201.0,1109852457.0,0.0,0.0,,0.0,0.0,0.0
2024-10-23,77.0,0.0,0.0,77.0,75.0,77.0,0.0,1223500.0,93876900.0,59.0,38.5,77.0,34500.0,76.0,100.0,5385019201.0,5385019201.0,1109852457.0,0.0,0.0,,0.0,0.0,0.0
2024-10-24,77.0,0.0,0.0,77.0,75.0,77.0,0.0,1006300.0,77426900.0,39.0,38.5,77.0,58300.0,75.0,109700.0,5385019201.0,5385019201.0,1109852457.0,0.0,0.0,,0.0,0.0,0.0
2024-10-25,77.0,0.0,0.0,77.0,75.0,76.0,-1.0,110200.0,8286000.0,21.0,38.0,76.0,11100.0,75.0,25500.0,5385019201.0,5385019201.0,1109852457.0,0.0,0.0,,0.0,0.0,0.0
2024-10-28,76.0,0.0,0.0,79.0,75.0,77.0,1.0,1560000.0,120310900.0,86.0,38.5,78.0,50400.0,76.0,30000.0,5385019201.0,5385019201.0,1109852457.0,0.0,0.0,,0.0,0.0,0.0
2024-10-29,77.0,0.0,0.0,77.0,74.0,77.0,0.0,846500.0,64504400.0,53.0,38.5,77.0,412300.0,76.0,20000.0,5385019201.0,5385019201.0,1109852457.0,0.0,0.0,,0.0,0.0,0.0
2024-10-30,77.0,0.0,0.0,77.0,75.0,76.0,-1.0,677500.0,51482800.0,19.0,38.0,77.0,244800.0,75.0,22700.0,5385019201.0,5385019201.0,1109852457.0,0.0,0.0,,0.0,0.0,0.0
2024-10-31,76.0,0.0,0.0,76.0,74.0,75.0,-1.0,493700.0,37359100.0,28.0,37.5,76.0,10400.0,74.0,22500.0,5385019201.0,5385019201.0,1109852457.0,58000.0,0.0,,0.0,0.0,0.0
2024-11-01,75.0,0.0,0.0,80.0,72.0,74.0,-1.0,2053800.0,158152000.0,150.0,37.0,77.0,1600.0,73.0,19700.0,5385019201.0,5385019201.0,1109852457.0,56700.0,66200.0,,0.0,0.0,0.0
2024-11-04,74.0,0.0,0.0,78.0,74.0,76.0,2.0,894900.0,68608300.0,60.0,38.0,76.0,192200.0,75.0,10800.0,5385019201.0,5385019201.0,1109852457.0,0.0,0.0,,0.0,0.0,0.0
2024-11-05,76.0,0.0,0.0,78.0,73.0,74.0,-2.0,664200.0,49430700.0,44.0,37.0,76.0,233500.0,74.0,200100.0,5385019201.0,5385019201.0,1109852457.0,0.0,33400.0,,177000.0,14160000.0,118.0
2024-11-06,74.0,0.0,0.0,75.0,73.0,75.0,1.0,656700.0,49153800.0,33.0,37.5,75.0,183300.0,73.0,20000.0,5385019201.0,5385019201.0,1109852457.0,0.0,0.0,,0.0,0.0,0.0
2024-11-07,75.0,0.0,0.0,75.0,72.0,73.0,-2.0,36400.0,2657300.0,17.0,36.5,75.0,194700.0,73.0,400.0,5385019201.0,5385019201.0,1109852457.0,0.0,0.0,,0.0,0.0,0.0
2024-11-08,73.0,0.0,0.0,76.0,73.0,75.0,2.0,1177900.0,88447800.0,66.0,37.5,75.0,25000.0,73.0,21900.0,5385019201.0,5385019201.0,1109852457.0,100000.0,0.0,,0.0,0.0,0.0
2024-11-11,75.0,0.0,0.0,76.0,73.0,75.0,0.0,864600.0,64405700.0,41.0,37.5,75.0,296100.0,73.0,1400.0,5385019201.0,5385019201.0,1109852457.0,0.0,0.0,,0.0,0.0,0.0
2024-11-12,75.0,0.0,0.0,75.0,72.0,75.0,0.0,1147400.0,85341600.0,51.0,37.5,75.0,223200.0,73.0,8000.0,5385019201.0,5385019201.0,1109852457.0,76000.0,0.0,,0.0,0.0,0.0
2024-11-13,75.0,0.0,0.0,75.0,73.0,75.0,0.0,436800.0,32216200.0,47.0,37.5,75.0,223900.0,74.0,3000.0,5385019201.0,5385019201.0,1109852457.0,0.0,0.0,,2400.0,168000.0,2.0
2024-11-14,75.0,0.0,0.0,74.0,72.0,74.0,-1.0,686300.0,50596600.0,32.0,37.0,75.0,483700.0,72.0,23100.0,5385019201.0,5385019201.0,1109852457.0,0.0,0.0,,0.0,0.0,0.0
2024-11-15,74.0,0.0,0.0,74.0,72.0,74.0,0.0,165200.0,11932000.0,23.0,37.0,74.0,325100.0,72.0,37800.0,5385019201.0,5385019201.0,1109852457.0,0.0,0.0,,0.0,0.0,0.0
2024-11-18,74.0,0.0,0.0,74.0,70.0,73.0,-1.0,738300.0,53384700.0,76.0,36.5,73.0,182600.0,71.0,100.0,5385019201.0,5385019201.0,1109852457.0,0.0,34400.0,,0.0,0.0,0.0
2024-11-19,73.0,0.0,0.0,73.0,69.0,69.0,-4.0,352700.0,24535900.0,50.0,34.5,72.0,13700.0,68.0,90500.0,5385019201.0,5385019201.0,1109852457.0,0.0,0.0,,144710700.0,10853302500.0,4.0
2024-11-20,69.0,0.0,0.0,73.0,69.0,71.0,2.0,335300.0,23948300.0,37.0,35.5,71.0,3000.0,70.0,7200.0,5385019201.0,5385019201.0,1109852457.0,0.0,0.0,,0.0,0.0,0.0
2024-11-21,71.0,0.0,0.0,73.0,70.0,72.0,1.0,1027800.0,73939200.0,49.0,36.0,73.0,154600.0,71.0,30700.0,5385019201.0,5385019201.0,1109852457.0,0.0,0.0,,0.0,0.0,0.0
2024-11-22,72.0,0.0,0.0,73.0,71.0,73.0,1.0,31900.0,2294900.0,20.0,36.5,73.0,181100.0,72.0,17500.0,5385019201.0,5385019201.0,1109852457.0,0.0,0.0,,0.0,0.0,0.0
2024-11-25,73.0,0.0,0.0,73.0,70.0,72.0,-1.0,1074300.0,77068100.0,42.0,36.0,73.0,63800.0,71.0,10000.0,5385019201.0,5385019201.0,1109852457.0,0.0,0.0,,0.0,0.0,0.0
2024-11-26,72.0,0.0,0.0,73.0,70.0,73.0,1.0,812500.0,59116300.0,45.0,36.5,73.0,123500.0,71.0,1400.0,5385019201.0,5385019201.0,1109852457.0,0.0,0.0,,0.0,0.0,0.0
2024-11-28,73.0,0.0,0.0,73.0,71.0,73.0,0.0,852300.0,62196200.0,18.0,36.5,72.0,6500.0,71.0,19600.0,5385019201.0,5385019201.0,1109852457.0,0.0,0.0,,0.0,0.0,0.0
2024-11-29,73.0,0.0,0.0,77.0,71.0,77.0,4.0,1068700.0,81117600.0,35.0,38.5,75.0,3000.0,73.0,500.0,5385019201.0,5385019201.0,1109852457.0,0.0,0.0,,0.0,0.0,0.0
2024-12-02,77.0,0.0,0.0,77.0,71.0,71.0,-6.0,843100.0,61307600.0,81.0,35.5,72.0,14100.0,71.0,105900.0,5385019201.0,5385019201.0,1109852457.0,0.0,0.0,,0.0,0.0,0.0
2024-12-03,71.0,0.0,0.0,72.0,69.0,70.0,-1.0,152100.0,10704700.0,34.0,35.0,70.0,7500.0,69.0,18800.0,5385019201.0,5385019201.0,1109852457.0,0.0,0.0,,0.0,0.0,0.0
2024-12-04,70.0,0.0,0.0,71.0,69.0,69.0,-1.0,254600.0,17735900.0,22.0,34.5,69.0,27800.0,68.0,34800.0,5385019201.0,5385019201.0,1109852457.0,0.0,0.0,,0.0,0.0,0.0
2024-12-05,69.0,0.0,0.0,70.0,67.0,69.0,0.0,305200.0,20717300.0,57.0,34.5,69.0,7900.0,68.0,38100.0,5385019201.0,5385019201.0,1109852457.0,50100.0,0.0,,0.0,0.0,0.0
2024-12-06,69.0,0.0,0.0,72.0,69.0,72.0,3.0,268800.0,19235800.0,28.0,36.0,72.0,112900.0,71.0,2000.0,5385019201.0,5385019201.0,1109852457.0,0.0,0.0,,0.0,0.0,0.0
2024-12-09,72.0,71.0,72.0,72.0,70.0,70.0,-2.0,83500.0,5991100.0,32.0,35.0,71.0,40700.0,70.0,22400.0,5385019201.0,5385019201.0,1109852457.0,31600.0,0.0,,0.0,0.0,0.0
2024-12-10,70.0,70.0,70.0,70.0,68.0,69.0,-1.0,117000.0,8022500.0,34.0,34.5,69.0,8300.0,68.0,46000.0,5385019201.0,5385019201.0,1109852457.0,0.0,0.0,,0.0,0.0,0.0
2024-12-11,69.0,69.0,69.0,70.0,69.0,70.0,1.0,28000.0,1933600.0,11.0,35.0,70.0,28100.0,69.0,13800.0,5385019201.0,5385019201.0,1109852457.0,0.0,0.0,,0.0,0.0,0.0
2024-12-12,70.0,0.0,0.0,70.0,66.0,69.0,-1.0,174300.0,11868300.0,34.0,34.5,69.0,20500.0,68.0,500.0,5385019201.0,5385019201.0,1109852457.0,0.0,0.0,,0.0,0.0,0.0
2024-12-13,69.0,69.0,69.0,70.0,69.0,70.0,1.0,13400.0,927700.0,12.0,35.0,70.0,82300.0,68.0,29700.0,5385019201.0,5385019201.0,1109852457.0,0.0,0.0,,0.0,0.0,0.0
2024-12-16,70.0,0.0,0.0,70.0,67.0,69.0,-1.0,173700.0,11717600.0,18.0,34.5,69.0,54400.0,67.0,32200.0,5385019201.0,5385019201.0,1109852457.0,0.0,95800.0,,0.0,0.0,0.0
2024-12-17,69.0,69.0,69.0,69.0,68.0,69.0,0.0,13500.0,919900.0,13.0,34.5,69.0,37400.0,68.0,400.0,5385019201.0,5385019201.0,1109852457.0,0.0,0.0,,299500.0,23960000.0,128.0
2024-12-18,69.0,0.0,0.0,70.0,67.0,68.0,-1.0,300200.0,20804700.0,34.0,34.0,68.0,14600.0,67.0,23400.0,5385019201.0,5385019201.0,1109852457.0,0.0,0.0,,0.0,0.0,0.0
2024-12-19,68.0,68.0,68.0,68.0,68.0,68.0,0.0,18600.0,1264800.0,11.0,34.0,68.0,64500.0,67.0,18300.0,5385019201.0,5385019201.0,1109852457.0,0.0,0.0,,0.0,0.0,0.0
2024-12-20,68.0,0.0,0.0,69.0,67.0,68.0,0.0,14000.0,948700.0,6.0,34.0,68.0,4900.0,67.0,13300.0,5385019201.0,5385019201.0,1109852457.0,0.0,0.0,,0.0,0.0,0.0
2024-12-23,68.0,68.0,67.0,68.0,67.0,68.0,0.0,46000.0,3083700.0,18.0,34.0,68.0,13800.0,67.0,3700.0,5385019201.0,5385019201.0,1109852457.0,0.0,0.0,,134500.0,9684000.0,1.0
2024-12-24,68.0,68.0,68.0,68.0,67.0,68.0,0.0,19100.0,1282000.0,11.0,34.0,68.0,34600.0,67.0,25500.0,5385019201.0,5385019201.0,1109852457.0,0.0,0.0,,0.0,0.0,0.0
2024-12-27,68.0,67.0,68.0,68.0,67.0,68.0,0.0,15800.0,1073600.0,10.0,34.0,69.0,107000.0,67.0,41000.0,5385019201.0,5385019201.0,1109852457.0,0.0,0.0,,0.0,0.0,0.0
2024-12-30,68.0,0.0,0.0,69.0,68.0,68.0,0.0,26000.0,1771900.0,17.0,34.0,69.0,19000.0,67.0,40100.0,5385019201.0,5385019201.0,1109852457.0,0.0,0.0,,0.0,0.0,0.0
2025-01-02,68.0,0.0,0.0,69.0,67.0,69.0,1.0,94300.0,6405400.0,27.0,34.5,69.0,9200.0,68.0,1000.0,5385019201.0,5385019201.0,1109313955.0,0.0,0.0,,0.0,0.0,0.0
2025-01-03,69.0,0.0,0.0,70.0,69.0,69.0,0.0,60500.0,4176600.0,9.0,34.5,70.0,12000.0,69.0,30000.0,5385019201.0,5385019201.0,1109313955.0,0.0,0.0,,4912700.0,343889000.0,1.0
2025-01-06,69.0,0.0,0.0,69.0,67.0,68.0,-1.0,364800.0,24485100.0,31.0,34.0,69.0,60000.0,68.0,7500.0,5385019201.0,5385019201.0,1109313955.0,0.0,12000.0,,0.0,0.0,0.0
2025-01-07,68.0,0.0,0.0,69.0,67.0,68.0,0.0,23500.0,1578600.0,9.0,34.0,68.0,10600.0,67.0,127800.0,5385019201.0,5385019201.0,1109313955.0,0.0,0.0,,0.0,0.0,0.0
2025-01-08,68.0,0.0,0.0,69.0,68.0,68.0,0.0,76700.0,5215800.0,13.0,34.0,68.0,3000.0,67.0,37500.0,5385019201.0,5385019201.0,1109313955.0,13400.0,0.0,,0.0,0.0,0.0
2025-01-09,68.0,0.0,0.0,68.0,68.0,68.0,0.0,60000.0,4080000.0,8.0,34.0,69.0,15200.0,68.0,2600.0,5385019201.0,5385019201.0,1109313955.0,0.0,0.0,,0.0,0.0,0.0
2025-01-10,68.0,69.0,69.0,69.0,67.0,68.0,0.0,74100.0,5011400.0,30.0,34.0,68.0,8900.0,67.0,17800.0,5385019201.0,5385019201.0,1109313955.0,0.0,0.0,,0.0,0.0,0.0
2025-01-13,68.0,0.0,0.0,70.0,67.0,68.0,0.0,93800.0,6450200.0,36.0,34.0,69.0,27400.0,67.0,36800.0,5385019201.0,5385019201.0,1109313955.0,12100.0,0.0,,0.0,0.0,0.0
2025-01-14,68.0,0.0,0.0,68.0,66.0,68.0,0.0,41200.0,2763600.0,22.0,34.0,68.0,32600.0,67.0,500.0,5385019201.0,5385019201.0,1109313955.0,0.0,0.0,,0.0,0.0,0.0
2025-01-15,68.0,0.0,0.0,68.0,64.0,68.0,0.0,281500.0,18624600.0,45.0,34.0,68.0,36500.0,67.0,5100.0,5385019201.0,5385019201.0,1109313955.0,0.0,0.0,,0.0,0.0,0.0
2025-01-16,68.0,0.0,0.0,67.0,65.0,67.0,-1.0,189400.0,12650800.0,24.0,33.5,67.0,60200.0,66.0,1500.0,5385019201.0,5385019201.0,1109313955.0,0.0,0.0,,0.0,0.0,0.0
2025-01-17,67.0,0.0,0.0,67.0,64.0,66.0,-1.0,210800.0,13886200.0,46.0,33.0,66.0,1900.0,65.0,4000.0,5385019201.0,5385019201.0,1109313955.0,0.0,31500.0,,0.0,0.0,0.0
2025-01-20,66.0,65.0,64.0,66.0,64.0,66.0,0.0,106900.0,6959400.0,36.0,33.0,66.0,23300.0,65.0,27700.0,5385019201.0,5385019201.0,1109313955.0,0.0,21000.0,,0.0,0.0,0.0
2025-01-21,66.0,0.0,0.0,72.0,66.0,66.0,0.0,1431500.0,97865300.0,274.0,33.0,67.0,24800.0,66.0,300.0,5385019201.0,5385019201.0,1109313955.0,17900.0,184600.0,,0.0,0.0,0.0
2025-01-22,66.0,66.0,66.0,67.0,65.0,66.0,0.0,161100.0,10523600.0,58.0,33.0,66.0,4700.0,65.0,374300.0,5385019201.0,5385019201.0,1109313955.0,0.0,9000.0,,0.0,0.0,0.0
2025-01-23,66.0,66.0,66.0,67.0,65.0,66.0,0.0,328600.0,21592800.0,49.0,33.0,67.0,83700.0,66.0,86700.0,5385019201.0,5385019201.0,1109313955.0,0.0,0.0,,0.0,0.0,0.0
2025-01-24,66.0,66.0,66.0,67.0,65.0,67.0,1.0,174100.0,11507800.0,24.0,33.5,67.0,101300.0,66.0,10100.0,5385019201.0,5385019201.0,1109313955.0,0.0,0.0,,0.0,0.0,0.0
2025-01-30,67.0,0.0,0.0,72.0,65.0,65.0,-2.0,1112600.0,76248600.0,307.0,32.5,66.0,18800.0,65.0,117200.0,5385019201.0,5385019201.0,1109313955.0,95500.0,0.0,,0.0,0.0,0.0
2025-01-31,65.0,0.0,0.0,67.0,65.0,66.0,1.0,177000.0,11629500.0,33.0,33.0,66.0,92300.0,65.0,194700.0,5385019201.0,5385019201.0,1109313955.0,0.0,0.0,,0.0,0.0,0.0
2025-02-03,66.0,66.0,66.0,66.0,65.0,66.0,0.0,185000.0,12026600.0,30.0,33.0,66.0,16300.0,65.0,12700.0,5385019201.0,5385019201.0,1109313955.0,0.0,0.0,,0.0,0.0,0.0
2025-02-04,66.0,0.0,0.0,66.0,62.0,65.0,-1.0,810700.0,51751600.0,78.0,32.5,65.0,98200.0,64.0,11300.0,5385019201.0,5385019201.0,1109313955.0,33300.0,0.0,,0.0,0.0,0.0
2025-02-05,65.0,0.0,0.0,65.0,63.0,63.0,-2.0,128200.0,8198900.0,19.0,31.5,65.0,21200.0,63.0,159700.0,5385019201.0,5385019201.0,1109313955.0,0.0,0.0,,0.0,0.0,0.0
2025-02-06,63.0,63.0,64.0,66.0,62.0,65.0,2.0,414100.0,26337000.0,63.0,32.5,65.0,40400.0,63.0,159100.0,5385019201.0,5385019201.0,1109313955.0,31000.0,0.0,,0.0,0.0,0.0
2025-02-07,65.0,65.0,64.0,65.0,63.0,63.0,-2.0,399800.0,25367300.0,38.0,31.5,64.0,21900.0,63.0,15600.0,5385019201.0,5385019201.0,1109313955.0,31900.0,0.0,,0.0,0.0,0.0
2025-02-10,63.0,0.0,0.0,64.0,62.0,62.0,-1.0,91300.0,5719200.0,42.0,31.0,64.0,264900.0,63.0,200.0,5385019201.0,5385019201.0,1109313955.0,0.0,0.0,,0.0,0.0,0.0
2025-02-11,62.0,0.0,0.0,63.0,59.0,61.0,-1.0,385900.0,23424200.0,64.0,30.5,61.0,21600.0,60.0,5000.0,5385019201.0,5385019201.0,1109313955.0,0.0,0.0,,0.0,0.0,0.0
2025-02-12,61.0,0.0,0.0,62.0,60.0,61.0,0.0,16100.0,974600.0,18.0,30.5,62.0,5200.0,61.0,6900.0,5385019201.0,5385019201.0,1109313955.0,0.0,0.0,,0.0,0.0,0.0
2025-02-13,61.0,0.0,0.0,64.0,60.0,61.0,0.0,186300.0,11292400.0,36.0,30.5,61.0,7500.0,60.0,24300.0,5385019201.0,5385019201.0,1109313955.0,0.0,21800.0,,0.0,0.0,0.0
2025-02-14,61.0,0.0,0.0,61.0,60.0,61.0,0.0,78200.0,4694200.0,20.0,30.5,61.0,19500.0,60.0,44500.0,5385019201.0,5385019201.0,1109313955.0,0.0,0.0,,0.0,0.0,0.0
2025-02-17,61.0,0.0,0.0,62.0,60.0,60.0,-1.0,107400.0,6480500.0,31.0,30.0,62.0,32100.0,61.0,100.0,5385019201.0,5385019201.0,1109313955.0,0.0,7900.0,,0.0,0.0,0.0
2025-02-18,60.0,0.0,0.0,68.0,61.0,63.0,3.0,1939800.0,123559600.0,343.0,31.5,63.0,194600.0,62.0,20100.0,5385019201.0,5385019201.0,1109313955.0,29600.0,62900.0,,0.0,0.0,0.0
2025-02-19,63.0,63.0,62.0,63.0,60.0,61.0,-2.0,247300.0,15065800.0,55.0,30.5,61.0,9700.0,60.0,108700.0,5385019201.0,5385019201.0,1109313955.0,11400.0,13300.0,,0.0,0.0,0.0
2025-02-20,61.0,0.0,0.0,62.0,60.0,61.0,0.0,97700.0,5945400.0,31.0,30.5,62.0,30900.0,60.0,153900.0,5385019201.0,5385019201.0,1109313955.0,100.0,0.0,,0.0,0.0,0.0
2025-02-21,61.0,0.0,0.0,63.0,60.0,60.0,-1.0,284800.0,17235600.0,34.0,30.0,61.0,7100.0,60.0,193200.0,5385019201.0,5385019201.0,1109313955.0,0.0,0.0,,0.0,0.0,0.0
2025-02-24,60.0,0.0,0.0,62.0,60.0,60.0,0.0,172900.0,10413500.0,59.0,30.0,61.0,109200.0,60.0,200.0,5385019201.0,5385019201.0,1109313955.0,0.0,0.0,,0.0,0.0,0.0
2025-02-25,60.0,0.0,0.0,61.0,59.0,60.0,0.0,158800.0,9519200.0,25.0,30.0,61.0,3000.0,60.0,9900.0,5385019201.0,5385019201.0,1109313955.0,0.0,0.0,,0.0,0.0,0.0
2025-02-26,60.0,0.0,0.0,62.0,59.0,60.0,0.0,63400.0,3812700.0,21.0,30.0,61.0,35700.0,59.0,97900.0,5385019201.0,5385019201.0,1109313955.0,7300.0,0.0,,0.0,0.0,0.0
2025-02-27,60.0,60.0,60.0,60.0,59.0,59.0,-1.0,41900.0,2490200.0,22.0,29.5,60.0,129300.0,59.0,73300.0,5385019201.0,5385019201.0,1109313955.0,0.0,0.0,,0.0,0.0,0.0
2025-02-28,59.0,0.0,0.0,61.0,55.0,59.0,0.0,763000.0,43983500.0,118.0,29.5,59.0,4300.0,56.0,22800.0,5385019201.0,5385019201.0,1109313955.0,29500.0,0.0,,0.0,0.0,0.0
2025-03-03,59.0,59.0,59.0,60.0,58.0,58.0,-1.0,27600.0,1628500.0,13.0,29.0,60.0,68300.0,59.0,100.0,5385019201.0,5385019201.0,1109313955.0,0.0,0.0,,0.0,0.0,0.0
2025-03-04,58.0,59.0,59.0,59.0,54.0,55.0,-3.0,983900.0,55607600.0,122.0,27.5,55.0,12700.0,54.0,41400.0,5385019201.0,5385019201.0,1109313955.0,0.0,0.0,,0.0,0.0,0.0
2025-03-05,55.0,55.0,55.0,59.0,54.0,55.0,0.0,253800.0,14293800.0,72.0,27.5,56.0,1000.0,54.0,52900.0,5385019201.0,5385019201.0,1109313955.0,20300.0,0.0,,0.0,0.0,0.0
2025-03-06,55.0,55.0,55.0,67.0,55.0,59.0,4.0,1430600.0,86919400.0,314.0,29.5,60.0,2000.0,58.0,51000.0,5385019201.0,5385019201.0,1109313955.0,126600.0,0.0,,0.0,0.0,0.0
2025-03-07,59.0,60.0,59.0,65.0,55.0,59.0,0.0,859300.0,51921800.0,209.0,29.5,60.0,52900.0,59.0,6800.0,5385019201.0,5385019201.0,1109313955.0,16100.0,81100.0,,0.0,0.0,0.0
2025-03-10,59.0,59.0,59.0,61.0,56.0,58.0,-1.0,592300.0,33703300.0,87.0,29.0,58.0,64200.0,55.0,89800.0,5385019201.0,5385019201.0,1109313955.0,0.0,8900.0,,0.0,0.0,0.0
2025-03-11,58.0,57.0,58.0,58.0,56.0,56.0,-2.0,195900.0,11068800.0,33.0,28.0,57.0,29500.0,56.0,29900.0,5385019201.0,5385019201.0,1109313955.0,0.0,35600.0,,0.0,0.0,0.0
2025-03-12,56.0,0.0,0.0,60.0,56.0,56.0,0.0,528800.0,29950800.0,92.0,28.0,57.0,10100.0,56.0,45700.0,5385019201.0,5385019201.0,1109313955.0,0.0,32900.0,,0.0,0.0,0.0
2025-03-13,56.0,56.0,57.0,59.0,56.0,57.0,1.0,202200.0,11758300.0,53.0,28.5,57.0,100000.0,56.0,80600.0,5385019201.0,5385019201.0,1109313955.0,44500.0,0.0,,0.0,0.0,0.0
2025-03-14,57.0,57.0,57.0,57.0,54.0,57.0,0.0,294300.0,16448200.0,55.0,28.5,57.0,31400.0,55.0,107700.0,5385019201.0,5385019201.0,1109313955.0,0.0,44500.0,,0.0,0.0,0.0
2025-03-17,57.0,0.0,0.0,61.0,56.0,60.0,3.0,832600.0,48376100.0,78.0,30.0,60.0,15600.0,58.0,2300.0,5385019201.0,5385019201.0,1109313955.0,0.0,0.0,,0.0,0.0,0.0
2025-03-18,60.0,60.0,61.0,61.0,57.0,59.0,-1.0,425300.0,24847100.0,65.0,29.5,59.0,11400.0,57.0,40000.0,5385019201.0,5385019201.0,1109313955.0,1100.0,0.0,,0.0,0.0,0.0
2025-03-19,59.0,0.0,0.0,61.0,58.0,58.0,-1.0,298400.0,17341800.0,26.0,29.0,58.0,3000.0,57.0,117600.0,5385019201.0,5385019201.0,1109313955.0,400.0,0.0,,0.0,0.0,0.0
2025-03-20,58.0,0.0,0.0,59.0,57.0,57.0,-1.0,97700.0,5610200.0,14.0,28.5,57.0,5000.0,56.0,59000.0,5385019201.0,5385019201.0,1109313955.0,0.0,0.0,,0.0,0.0,0.0
2025-03-21,57.0,0.0,0.0,62.0,58.0,59.0,2.0,206300.0,11984000.0,28.0,29.5,59.0,32900.0,58.0,2000.0,5385019201.0,5385019201.0,1109313955.0,7000.0,0.0,,0.0,0.0,0.0
2025-03-24,59.0,0.0,0.0,64.0,58.0,58.0,-1.0,609000.0,37328400.0,71.0,29.0,58.0,8400.0,57.0,38800.0,5385019201.0,5385019201.0,1109313955.0,99100.0,0.0,,0.0,0.0,0.0
2025-03-25,58.0,57.0,58.0,65.0,57.0,58.0,0.0,225300.0,13755000.0,58.0,29.0,59.0,95800.0,58.0,38100.0,5385019201.0,5385019201.0,1109313955.0,20300.0,0.0,,0.0,0.0,0.0
2025-03-26,58.0,0.0,0.0,62.0,57.0,57.0,-1.0,179300.0,10487000.0,57.0,28.5,58.0,7000.0,57.0,97000.0,5385019201.0,5385019201.0,1109313955.0,0.0,0.0,,0.0,0.0,0.0
2025-03-27,57.0,0.0,0.0,63.0,58.0,60.0,3.0,96900.0,5801300.0,49.0,30.0,60.0,4000.0,59.0,100.0,5385019201.0,5385019201.0,1109313955.0,200.0,0.0,,0.0,0.0,0.0
2025-04-08,60.0,60.0,59.0,60.0,57.0,59.0,-1.0,63300.0,3692100.0,28.0,29.5,59.0,52400.0,57.0,90200.0,5385019201.0,5385019201.0,1104467438.0,0.0,19900.0,,0.0,0.0,0.0
2025-04-09,59.0,0.0,0.0,64.0,57.0,58.0,-1.0,91200.0,5421900.0,42.0,29.0,60.0,6100.0,58.0,15200.0,5385019201.0,5385019201.0,1104467438.0,33900.0,0.0,,0.0,0.0,0.0
2025-04-10,58.0,0.0,0.0,60.0,57.0,59.0,1.0,63000.0,3663300.0,31.0,29.5,62.0,2900.0,59.0,100.0,5385019201.0,5385019201.0,1104467438.0,0.0,12600.0,,0.0,0.0,0.0
2025-04-11,59.0,0.0,0.0,63.0,59.0,61.0,2.0,52600.0,3246200.0,19.0,30.5,61.0,39100.0,60.0,100.0,5385019201.0,5385019201.0,1104467438.0,0.0,0.0,,0.0,0.0,0.0
2025-04-14,61.0,61.0,62.0,63.0,59.0,60.0,-1.0,17900.0,1079400.0,25.0,30.0,60.0,73700.0,59.0,32500.0,5385019201.0,5385019201.0,1104467438.0,0.0,0.0,,0.0,0.0,0.0
2025-04-15,60.0,0.0,0.0,62.0,59.0,59.0,-1.0,13300.0,795400.0,23.0,29.5,60.0,150400.0,59.0,11000.0,5385019201.0,5385019201.0,1104467438.0,0.0,0.0,,0.0,0.0,0.0
2025-04-16,59.0,0.0,0.0,61.0,59.0,59.0,0.0,6900.0,411500.0,11.0,29.5,60.0,2600.0,59.0,6600.0,5385019201.0,5385019201.0,1104467438.0,0.0,0.0,,0.0,0.0,0.0
2025-04-17,59.0,0.0,0.0,60.0,58.0,59.0,0.0,8700.0,508400.0,9.0,29.5,59.0,1400.0,58.0,30300.0,5385019201.0,5385019201.0,1104467438.0,0.0,0.0,,0.0,0.0,0.0
2025-04-21,59.0,0.0,0.0,60.0,58.0,59.0,0.0,6700.0,391400.0,10.0,29.5,60.0,68900.0,59.0,18600.0,5385019201.0,5385019201.0,1104467438.0,0.0,0.0,,0.0,0.0,0.0
2025-04-22,59.0,59.0,60.0,63.0,59.0,63.0,4.0,90700.0,5576100.0,32.0,31.5,63.0,10000.0,59.0,129100.0,5385019201.0,5385019201.0,1104467438.0,0.0,38900.0,,0.0,0.0,0.0
2025-04-23,63.0,62.0,62.0,62.0,59.0,60.0,-3.0,143100.0,8634600.0,69.0,30.0,60.0,84800.0,59.0,68900.0,5385019201.0,5385019201.0,1104467438.0,0.0,0.0,,0.0,0.0,0.0
2025-04-24,60.0,60.0,60.0,61.0,60.0,60.0,0.0,106900.0,6414200.0,25.0,30.0,60.0,7300.0,59.0,35600.0,5385019201.0,5385019201.0,1104467438.0,0.0,76800.0,,0.0,0.0,0.0
2025-04-25,60.0,60.0,60.0,62.0,59.0,61.0,1.0,142800.0,8567000.0,45.0,30.5,60.0,20000.0,59.0,55100.0,5385019201.0,5385019201.0,1104467438.0,0.0,0.0,,0.0,0.0,0.0
2025-04-28,61.0,60.0,60.0,63.0,60.0,61.0,0.0,455200.0,27789100.0,72.0,30.5,61.0,37900.0,60.0,107800.0,5385019201.0,5385019201.0,1104467438.0,0.0,45000.0,,0.0,0.0,0.0
2025-04-29,61.0,60.0,61.0,65.0,57.0,59.0,-2.0,3244300.0,195197600.0,352.0,29.5,60.0,85500.0,58.0,53400.0,5385019201.0,5385019201.0,1104467438.0,71900.0,74200.0,,0.0,0.0,0.0
2025-04-30,59.0,0.0,0.0,60.0,56.0,59.0,0.0,405000.0,23435300.0,77.0,29.5,59.0,93900.0,58.0,18300.0,5385019201.0,5385019201.0,1104467438.0,17000.0,0.0,,0.0,0.0,0.0
2025-05-02,59.0,59.0,59.0,59.0,57.0,59.0,0.0,91200.0,5295900.0,52.0,29.5,59.0,57700.0,58.0,7900.0,5385019201.0,5385019201.0,1104467438.0,0.0,17000.0,,0.0,0.0,0.0
2025-05-05,59.0,59.0,59.0,59.0,57.0,58.0,-1.0,88000.0,5123300.0,49.0,29.0,59.0,63200.0,58.0,3000.0,5385019201.0,5385019201.0,1104467438.0,100.0,0.0,,0.0,0.0,0.0
2025-05-06,58.0,0.0,0.0,59.0,58.0,59.0,1.0,86000.0,5047700.0,49.0,29.5,59.0,23000.0,58.0,16700.0,5385019201.0,5385019201.0,1104467438.0,0.0,0.0,,0.0,0.0,0.0
2025-05-07,59.0,0.0,0.0,59.0,57.0,59.0,0.0,238900.0,13682700.0,59.0,29.5,59.0,57500.0,57.0,147100.0,5385019201.0,5385019201.0,1104467438.0,0.0,0.0,,0.0,0.0,0.0
2025-05-08,59.0,0.0,0.0,59.0,57.0,59.0,0.0,88600.0,5168800.0,39.0,29.5,59.0,45800.0,58.0,100.0,5385019201.0,5385019201.0,1104467438.0,0.0,0.0,,0.0,0.0,0.0
2025-05-09,59.0,0.0,0.0,60.0,57.0,60.0,1.0,85600.0,5006600.0,56.0,30.0,60.0,97000.0,59.0,3500.0,5385019201.0,5385019201.0,1104467438.0,0.0,0.0,,0.0,0.0,0.0
2025-05-14,60.0,60.0,59.0,60.0,57.0,59.0,-1.0,306900.0,17650300.0,63.0,29.5,59.0,42800.0,58.0,140500.0,5385019201.0,5385019201.0,1104467438.0,3500.0,0.0,,0.0,0.0,0.0
2025-05-15,59.0,59.0,59.0,59.0,57.0,59.0,0.0,286300.0,16544000.0,37.0,29.5,59.0,86900.0,57.0,619800.0,5385019201.0,5385019201.0,1104467438.0,0.0,0.0,,0.0,0.0,0.0
2025-05-16,59.0,0.0,0.0,60.0,58.0,59.0,0.0,287500.0,16795300.0,42.0,29.5,59.0,33000.0,58.0,183500.0,5385019201.0,5385019201.0,1104467438.0,0.0,0.0,,0.0,0.0,0.0
2025-05-19,59.0,59.0,58.0,59.0,57.0,58.0,-1.0,165800.0,9635400.0,43.0,29.0,59.0,49500.0,58.0,93000.0,5385019201.0,5385019201.0,1104467438.0,0.0,0.0,,0.0,0.0,0.0
2025-05-20,58.0,0.0,0.0,60.0,58.0,60.0,2.0,171400.0,10114800.0,35.0,30.0,60.0,201700.0,59.0,61600.0,5385019201.0,5385019201.0,1104467438.0,0.0,0.0,,0.0,0.0,0.0
2025-05-21,60.0,60.0,60.0,60.0,59.0,59.0,-1.0,87800.0,5243100.0,32.0,29.5,60.0,55200.0,59.0,27000.0,5385019201.0,5385019201.0,1104467438.0,0.0,0.0,,0.0,0.0,0.0
2025-05-22,59.0,60.0,60.0,61.0,58.0,60.0,1.0,102300.0,6102700.0,75.0,30.0,60.0,7100.0,59.0,3800.0,5385019201.0,5385019201.0,1104467438.0,0.0,0.0,,0.0,0.0,0.0
2025-05-23,60.0,0.0,0.0,62.0,59.0,62.0,2.0,83100.0,5041000.0,59.0,31.0,62.0,38700.0,60.0,600.0,5385019201.0,5385019201.0,1104467438.0,0.0,0.0,,0.0,0.0,0.0
2025-05-26,62.0,62.0,62.0,62.0,58.0,60.0,-2.0,380400.0,23019200.0,73.0,30.0,60.0,312200.0,59.0,2200.0,5385019201.0,5385019201.0,1104467438.0,0.0,0.0,,0.0,0.0,0.0
2025-05-27,60.0,60.0,60.0,61.0,60.0,61.0,1.0,72200.0,4338700.0,37.0,30.5,61.0,297000.0,59.0,30000.0,5385019201.0,5385019201.0,1104467438.0,0.0,0.0,,0.0,0.0,0.0
2025-05-28,61.0,60.0,60.0,61.0,60.0,61.0,0.0,91000.0,5543600.0,22.0,30.5,61.0,486900.0,60.0,36200.0,5385019201.0,5385019201.0,1104467438.0,0.0,0.0,,0.0,0.0,0.0
2025-06-02,61.0,60.0,60.0,61.0,59.0,60.0,-1.0,83800.0,5049700.0,41.0,30.0,60.0,600.0,59.0,48200.0,5385019201.0,5385019201.0,1104467438.0,0.0,0.0,,0.0,0.0,0.0
2025-06-03,60.0,60.0,60.0,77.0,58.0,62.0,2.0,33921700.0,2331198900.0,3632.0,31.0,62.0,202300.0,61.0,1162200.0,5385019201.0,5385019201.0,1104467438.0,486600.0,457800.0,,0.0,0.0,0.0
2025-06-04,62.0,63.0,63.0,64.0,60.0,61.0,-1.0,3183600.0,195913700.0,488.0,30.5,62.0,175900.0,61.0,76100.0,5385019201.0,5385019201.0,1104467438.0,11500.0,8000.0,,0.0,0.0,0.0
2025-06-05,61.0,61.0,62.0,65.0,61.0,62.0,1.0,1432000.0,89282700.0,188.0,31.0,62.0,300800.0,61.0,425900.0,5385019201.0,5385019201.0,1104467438.0,0.0,0.0,,0.0,0.0,0.0
2025-06-10,62.0,62.0,62.0,63.0,61.0,62.0,0.0,695000.0,42642700.0,144.0,31.0,62.0,52900.0,61.0,227700.0,5385019201.0,5385019201.0,1104467438.0,0.0,0.0,,0.0,0.0,0.0
2025-06-11,62.0,61.0,61.0,63.0,61.0,63.0,1.0,607200.0,37463300.0,118.0,31.5,63.0,207900.0,62.0,2000.0,5385019201.0,5385019201.0,1104467438.0,0.0,0.0,,0.0,0.0,0.0
2025-06-12,63.0,62.0,62.0,63.0,61.0,62.0,-1.0,347700.0,21548000.0,109.0,31.0,62.0,62500.0,61.0,332200.0,5385019201.0,5385019201.0,1104467438.0,0.0,0.0,,0.0,0.0,0.0
2025-06-13,62.0,61.0,61.0,62.0,60.0,61.0,-1.0,369200.0,22318600.0,82.0,30.5,61.0,53200.0,60.0,228100.0,5385019201.0,5385019201.0,1104467438.0,0.0,0.0,,0.0,0.0,0.0
2025-06-16,61.0,61.0,61.0,63.0,60.0,62.0,1.0,311100.0,18855800.0,93.0,31.0,62.0,171400.0,61.0,1000.0,5385019201.0,5385019201.0,1104467438.0,0.0,0.0,,0.0,0.0,0.0
2025-06-17,62.0,61.0,61.0,62.0,60.0,61.0,-1.0,135400.0,8191700.0,46.0,30.5,61.0,118200.0,60.0,102300.0,5385019201.0,5385019201.0,1104467438.0,45400.0,0.0,,0.0,0.0,0.0
2025-06-18,61.0,60.0,60.0,64.0,60.0,61.0,0.0,422700.0,25780300.0,86.0,30.5,62.0,189800.0,61.0,1500.0,5385019201.0,5385019201.0,1104467438.0,99100.0,0.0,,0.0,0.0,0.0
2025-06-19,61.0,61.0,60.0,62.0,58.0,60.0,-1.0,444600.0,26401600.0,114.0,30.0,60.0,130000.0,59.0,14800.0,5385019201.0,5385019201.0,1104467438.0,0.0,0.0,,0.0,0.0,0.0
2025-06-20,60.0,59.0,58.0,60.0,57.0,59.0,-1.0,322100.0,18700200.0,65.0,29.5,59.0,21200.0,58.0,2500.0,5385019201.0,5385019201.0,1104467438.0,0.0,0.0,,0.0,0.0,0.0
2025-06-23,59.0,59.0,59.0,59.0,57.0,58.0,-1.0,364400.0,20910800.0,46.0,29.0,58.0,22900.0,57.0,95600.0,5385019201.0,5385019201.0,1104467438.0,0.0,0.0,,0.0,0.0,0.0
2025-06-24,58.0,58.0,57.0,58.0,56.0,58.0,0.0,156200.0,8826400.0,74.0,29.0,58.0,95600.0,57.0,67500.0,5385019201.0,5385019201.0,1104467438.0,0.0,0.0,,0.0,0.0,0.0
2025-06-25,58.0,58.0,57.0,58.0,57.0,57.0,-1.0,236100.0,13467700.0,51.0,28.5,58.0,33000.0,57.0,68200.0,5385019201.0,5385019201.0,1104467438.0,0.0,0.0,,0.0,0.0,0.0
2025-06-26,57.0,57.0,57.0,58.0,57.0,58.0,1.0,89300.0,5102800.0,37.0,29.0,58.0,109600.0,57.0,14200.0,5385019201.0,5385019201.0,1104467438.0,0.0,0.0,,0.0,0.0,0.0
2025-06-30,58.0,57.0,58.0,60.0,57.0,60.0,2.0,85000.0,4998300.0,35.0,30.0,60.0,99600.0,58.0,28100.0,5385019201.0,5385019201.0,1104467438.0,0.0,6000.0,,0.0,0.0,0.0
2025-07-01,60.0,0.0,0.0,61.0,58.0,59.0,-1.0,84600.0,5033500.0,46.0,29.5,59.0,800.0,58.0,32000.0,5385019201.0,5385019201.0,1103390434.0,0.0,0.0,,0.0,0.0,0.0
2025-07-02,59.0,0.0,0.0,61.0,59.0,61.0,2.0,105500.0,6376100.0,40.0,30.5,61.0,31700.0,59.0,28500.0,5385019201.0,5385019201.0,1103390434.0,0.0,0.0,,0.0,0.0,0.0
2025-07-03,61.0,0.0,0.0,61.0,59.0,60.0,-1.0,84800.0,5053900.0,46.0,30.0,60.0,31000.0,59.0,44400.0,5385019201.0,5385019201.0,1103390434.0,0.0,0.0,,0.0,0.0,0.0
2025-07-04,60.0,0.0,0.0,61.0,59.0,61.0,1.0,85000.0,5097000.0,27.0,30.5,61.0,37000.0,59.0,18000.0,5385019201.0,5385019201.0,1103390434.0,0.0,0.0,,0.0,0.0,0.0
2025-07-07,61.0,59.0,60.0,61.0,59.0,59.0,-2.0,91000.0,5385400.0,45.0,29.5,60.0,2000.0,59.0,26800.0,5385019201.0,5385019201.0,1103390434.0,0.0,0.0,,0.0,0.0,0.0
2025-07-08,59.0,60.0,60.0,61.0,59.0,60.0,1.0,133100.0,7970700.0,36.0,30.0,60.0,71900.0,59.0,29800.0,5385019201.0,5385019201.0,1103390434.0,0.0,0.0,,0.0,0.0,0.0
2025-07-09,60.0,0.0,0.0,60.0,57.0,60.0,0.0,258700.0,15090100.0,71.0,30.0,60.0,80700.0,59.0,200.0,5385019201.0,5385019201.0,1103390434.0,0.0,0.0,,0.0,0.0,0.0
2025-07-10,60.0,60.0,59.0,77.0,59.0,63.0,3.0,18367200.0,1251511300.0,1849.0,31.5,64.0,110200.0,63.0,1412100.0,5385019201.0,5385019201.0,1103390434.0,431100.0,353900.0,,0.0,0.0,0.0
2025-07-11,63.0,63.0,63.0,68.0,61.0,61.0,-2.0,5731000.0,369958900.0,469.0,30.5,61.0,152700.0,60.0,1026900.0,5385019201.0,5385019201.0,1103390434.0,0.0,79700.0,,0.0,0.0,0.0
2025-07-14,61.0,60.0,61.0,61.0,57.0,59.0,-2.0,3246600.0,192481400.0,202.0,29.5,60.0,62600.0,59.0,600.0,5385019201.0,5385019201.0,1103390434.0,0.0,0.0,,0.0,0.0,0.0
2025-07-15,59.0,0.0,0.0,62.0,59.0,61.0,2.0,516500.0,31032800.0,111.0,30.5,61.0,44200.0,60.0,66300.0,5385019201.0,5385019201.0,1103390434.0,0.0,0.0,,11834000.0,710040000.0,1.0
2025-07-16,61.0,62.0,62.0,62.0,60.0,61.0,0.0,270500.0,16391100.0,54.0,30.5,61.0,14000.0,60.0,122300.0,5385019201.0,5385019201.0,1103390434.0,0.0,0.0,,0.0,0.0,0.0
2025-07-17,61.0,60.0,61.0,61.0,60.0,60.0,-1.0,226700.0,13672600.0,45.0,30.0,61.0,54500.0,60.0,2000.0,5385019201.0,5385019201.0,1103390434.0,0.0,0.0,,0.0,0.0,0.0
2025-07-18,60.0,61.0,61.0,62.0,60.0,60.0,0.0,710500.0,42639200.0,36.0,30.0,61.0,96700.0,59.0,143300.0,5385019201.0,5385019201.0,1103390434.0,0.0,0.0,,1336600.0,80196000.0,119.0
2025-07-21,60.0,62.0,62.0,63.0,59.0,59.0,-1.0,1289500.0,78834900.0,108.0,29.5,61.0,116300.0,59.0,314200.0,5385019201.0,5385019201.0,1103390434.0,0.0,0.0,,0.0,0.0,0.0
2025-07-22,59.0,60.0,59.0,61.0,59.0,60.0,1.0,170900.0,10231900.0,49.0,30.0,61.0,62400.0,60.0,7300.0,5385019201.0,5385019201.0,1103390434.0,0.0,0.0,,0.0,0.0,0.0
2025-07-23,60.0,60.0,60.0,60.0,59.0,60.0,0.0,156000.0,9228200.0,54.0,30.0,60.0,94800.0,58.0,331900.0,5385019201.0,5385019201.0,1103390434.0,0.0,0.0,,0.0,0.0,0.0
2025-07-24,60.0,0.0,0.0,60.0,59.0,59.0,-1.0,715700.0,42588800.0,47.0,29.5,61.0,49600.0,59.0,53700.0,5385019201.0,5385019201.0,1103390434.0,0.0,0.0,,558700.0,33522000.0,120.0
2025-07-25,59.0,58.0,59.0,60.0,58.0,60.0,1.0,63800.0,3745000.0,23.0,30.0,60.0,110900.0,59.0,31900.0,5385019201.0,5385019201.0,1103390434.0,0.0,0.0,,0.0,0.0,0.0
2025-07-28,60.0,59.0,60.0,60.0,59.0,60.0,0.0,708200.0,42228100.0,61.0,30.0,61.0,75900.0,60.0,979800.0,5385019201.0,5385019201.0,1103390434.0,0.0,24500.0,,0.0,0.0,0.0
2025-07-29,60.0,69.0,70.0,81.0,69.0,81.0,21.0,43440700.0,3359063700.0,3974.0,40.5,0.0,0.0,81.0,11957700.0,5385019201.0,5385019201.0,1103390434.0,1108400.0,1108400.0,,0.0,0.0,0.0
2025-07-30,81.0,90.0,91.0,109.0,90.0,109.0,28.0,75297900.0,7975894900.0,6079.0,54.5,0.0,0.0,109.0,5400100.0,5385019201.0,5385019201.0,1103390434.0,426000.0,424300.0,,0.0,0.0,0.0
2025-07-31,109.0,130.0,131.0,135.0,93.0,99.0,-10.0,43803800.0,4638056100.0,4363.0,49.5,100.0,142000.0,99.0,4591000.0,5385019201.0,5385019201.0,1103390434.0,1787700.0,1789400.0,,0.0,0.0,0.0
2025-08-01,99.0,101.0,101.0,105.0,92.0,95.0,-4.0,12726200.0,1223742100.0,1411.0,47.5,95.0,374100.0,94.0,204600.0,5385019201.0,5385019201.0,1103390434.0,293400.0,289300.0,,0.0,0.0,0.0
2025-08-04,95.0,96.0,96.0,126.0,92.0,116.0,21.0,102580800.0,11617015300.0,9527.0,58.0,117.0,232200.0,116.0,273400.0,5385019201.0,5385019201.0,1103390434.0,1662800.0,1734800.0,,0.0,0.0,0.0
2025-08-05,116.0,118.0,117.0,119.0,106.0,111.0,-5.0,19524300.0,2156616200.0,2648.0,55.5,111.0,70900.0,110.0,84600.0,5385019201.0,5385019201.0,1103390434.0,487400.0,388500.0,,0.0,0.0,0.0
2025-08-06,111.0,111.0,109.0,111.0,103.0,108.0,-3.0,9095300.0,972673700.0,1331.0,54.0,108.0,2400.0,107.0,76500.0,5385019201.0,5385019201.0,1103390434.0,445300.0,469900.0,,0.0,0.0,0.0
2025-08-07,108.0,110.0,110.0,111.0,103.0,105.0,-3.0,5572100.0,589306900.0,909.0,52.5,106.0,182500.0,105.0,288400.0,5385019201.0,5385019201.0,1103390434.0,167300.0,83900.0,,0.0,0.0,0.0
2025-08-08,105.0,105.0,105.0,107.0,101.0,105.0,0.0,3918000.0,407752800.0,607.0,52.5,105.0,104400.0,104.0,137900.0,5385019201.0,5385019201.0,1103390434.0,125000.0,164800.0,,0.0,0.0,0.0
2025-08-11,105.0,105.0,104.0,106.0,100.0,100.0,-5.0,5792200.0,589892700.0,774.0,50.0,100.0,170700.0,99.0,538600.0,5385019201.0,5385019201.0,1103390434.0,223900.0,110000.0,,0.0,0.0,0.0
2025-08-12,100.0,100.0,100.0,103.0,97.0,101.0,1.0,4690500.0,466310400.0,640.0,50.5,101.0,71100.0,100.0,27700.0,5385019201.0,5385019201.0,1103390434.0,50700.0,207200.0,,0.0,0.0,0.0
2025-08-13,101.0,102.0,102.0,102.0,97.0,98.0,-3.0,4138800.0,409801400.0,565.0,49.0,99.0,102600.0,98.0,1091000.0,5385019201.0,5385019201.0,1103390434.0,142800.0,20900.0,,0.0,0.0,0.0
2025-08-14,98.0,98.0,99.0,99.0,95.0,98.0,0.0,6114500.0,591665100.0,597.0,49.0,98.0,8800.0,97.0,1116000.0,5385019201.0,5385019201.0,1103390434.0,0.0,119400.0,,0.0,0.0,0.0
2025-08-15,98.0,98.0,98.0,115.0,95.0,95.0,-3.0,46830200.0,4925223600.0,3875.0,47.5,96.0,224500.0,95.0,10000.0,5385019201.0,5385019201.0,1103390434.0,512200.0,369800.0,,0.0,0.0,0.0
2025-08-19,95.0,97.0,96.0,122.0,90.0,112.0,17.0,101709400.0,11438474000.0,7333.0,56.0,113.0,193600.0,112.0,204600.0,5385019201.0,5385019201.0,1103390434.0,1382600.0,1376000.0,,0.0,0.0,0.0
2025-08-20,112.0,109.0,109.0,109.0,103.0,106.0,-6.0,10571200.0,1121385400.0,1346.0,53.0,106.0,3600.0,105.0,138500.0,5385019201.0,5385019201.0,1103390434.0,134200.0,506400.0,,0.0,0.0,0.0
2025-08-21,106.0,106.0,106.0,108.0,103.0,104.0,-2.0,4828100.0,505052300.0,778.0,52.0,105.0,842200.0,104.0,350900.0,5385019201.0,5385019201.0,1103390434.0,269400.0,187500.0,,0.0,0.0,0.0
2025-08-22,104.0,104.0,104.0,107.0,103.0,104.0,0.0,2078700.0,216392300.0,466.0,52.0,104.0,46600.0,103.0,178100.0,5385019201.0,5385019201.0,1103390434.0,186400.0,7000.0,,0.0,0.0,0.0
2025-08-25,104.0,104.0,104.0,106.0,102.0,106.0,2.0,3832400.0,398479800.0,541.0,53.0,106.0,14600.0,105.0,1900.0,5385019201.0,5385019201.0,1103390434.0,38000.0,206600.0,,0.0,0.0,0.0
2025-08-26,106.0,107.0,107.0,108.0,102.0,102.0,-4.0,2747700.0,287176600.0,525.0,51.0,103.0,28200.0,102.0,258700.0,5385019201.0,5385019201.0,1103390434.0,226700.0,3000.0,,0.0,0.0,0.0
2025-08-27,102.0,96.0,96.0,103.0,96.0,101.0,-1.0,2860600.0,285764700.0,480.0,50.5,103.0,236800.0,101.0,44800.0,5385019201.0,5385019201.0,1103390434.0,18300.0,207200.0,,0.0,0.0,0.0
2025-08-28,101.0,101.0,101.0,101.0,98.0,100.0,-1.0,1829100.0,181601800.0,357.0,50.0,100.0,629300.0,99.0,48300.0,5385019201.0,5385019201.0,1103390434.0,15300.0,0.0,,0.0,0.0,0.0
2025-08-29,100.0,99.0,100.0,100.0,85.0,95.0,-5.0,3579500.0,332332000.0,983.0,47.5,96.0,1000.0,95.0,22800.0,5385019201.0,5385019201.0,1103390434.0,128600.0,5700.0,,0.0,0.0,0.0
2025-09-01,95.0,85.0,82.0,94.0,81.0,89.0,-6.0,16958300.0,1485427500.0,1388.0,44.5,89.0,179800.0,88.0,228400.0,5385019201.0,5385019201.0,1103390434.0,222200.0,375100.0,,0.0,0.0,0.0
2025-09-02,89.0,92.0,92.0,98.0,91.0,95.0,6.0,5085000.0,477462700.0,710.0,47.5,95.0,22200.0,94.0,25800.0,5385019201.0,5385019201.0,1103390434.0,491900.0,243900.0,,0.0,0.0,0.0
2025-09-03,95.0,95.0,96.0,98.0,93.0,93.0,-2.0,2644200.0,252576800.0,440.0,46.5,94.0,100000.0,93.0,26100.0,5385019201.0,5385019201.0,1103390434.0,9800.0,0.0,,0.0,0.0,0.0
2025-09-04,93.0,94.0,94.0,99.0,94.0,96.0,3.0,3985400.0,382769200.0,467.0,48.0,96.0,500.0,95.0,38600.0,5385019201.0,5385019201.0,1103390434.0,234800.0,242900.0,,0.0,0.0,0.0
2025-09-08,96.0,97.0,98.0,98.0,91.0,92.0,-4.0,2954900.0,275970900.0,477.0,46.0,94.0,503200.0,92.0,100.0,5385019201.0,5385019201.0,1103390434.0,282000.0,280500.0,,0.0,0.0,0.0
2025-09-09,92.0,91.0,92.0,94.0,86.0,87.0,-5.0,2195900.0,194782000.0,401.0,43.5,88.0,472700.0,87.0,300.0,5385019201.0,5385019201.0,1103390434.0,1100.0,77800.0,,0.0,0.0,0.0
2025-09-10,87.0,88.0,89.0,110.0,88.0,104.0,17.0,68408900.0,7105104500.0,6286.0,52.0,105.0,116900.0,104.0,332400.0,5385019201.0,5385019201.0,1103390434.0,2297300.0,2409600.0,,0.0,0.0,0.0
2025-09-11,104.0,105.0,106.0,108.0,98.0,100.0,-4.0,12217200.0,1235518500.0,1341.0,50.0,101.0,33700.0,100.0,7300.0,5385019201.0,5385019201.0,1103390434.0,250500.0,40100.0,,0.0,0.0,0.0
2025-09-12,100.0,100.0,100.0,103.0,98.0,98.0,-2.0,2479500.0,245716200.0,447.0,49.0,98.0,30500.0,97.0,242300.0,5385019201.0,5385019201.0,1103390434.0,0.0,0.0,,0.0,0.0,0.0
2025-09-15,98.0,99.0,98.0,104.0,96.0,98.0,0.0,10829800.0,1078134300.0,1014.0,49.0,99.0,1000.0,98.0,300400.0,5385019201.0,5385019201.0,1103390434.0,789500.0,805000.0,,0.0,0.0,0.0
2025-09-16,98.0,100.0,100.0,113.0,98.0,103.0,5.0,23496200.0,2457429200.0,2175.0,51.5,103.0,395600.0,102.0,25500.0,5385019201.0,5385019201.0,1103390434.0,294000.0,417000.0,,0.0,0.0,0.0
2025-09-17,103.0,105.0,104.0,105.0,98.0,99.0,-4.0,4971100.0,498996700.0,710.0,49.5,99.0,156100.0,98.0,320500.0,5385019201.0,5385019201.0,1103390434.0,139800.0,0.0,,0.0,0.0,0.0
2025-09-18,99.0,99.0,100.0,102.0,96.0,96.0,-3.0,4587600.0,450598300.0,508.0,48.0,99.0,25000.0,96.0,399600.0,5385019201.0,5385019201.0,1103390434.0,212900.0,757400.0,,0.0,0.0,0.0
2025-09-19,96.0,98.0,98.0,101.0,94.0,95.0,-1.0,3409000.0,328345100.0,476.0,47.5,95.0,902800.0,94.0,231200.0,5385019201.0,5385019201.0,1103390434.0,275200.0,261800.0,,0.0,0.0,0.0
2025-09-22,95.0,95.0,95.0,96.0,90.0,93.0,-2.0,3436900.0,318754400.0,602.0,46.5,94.0,8100.0,93.0,203200.0,5385019201.0,5385019201.0,1103390434.0,0.0,344400.0,,0.0,0.0,0.0
2025-09-23,93.0,92.0,92.0,97.0,92.0,97.0,4.0,1750900.0,165637700.0,295.0,48.5,97.0,41300.0,95.0,50300.0,5385019201.0,5385019201.0,1103390434.0,0.0,0.0,,0.0,0.0,0.0
2025-09-24,97.0,96.0,96.0,96.0,93.0,93.0,-4.0,1112700.0,105385400.0,233.0,46.5,93.0,21200.0,92.0,84900.0,5385019201.0,5385019201.0,1103390434.0,229300.0,0.0,,0.0,0.0,0.0
2025-09-25,93.0,92.0,93.0,94.0,89.0,90.0,-3.0,2781000.0,253331300.0,327.0,45.0,92.0,17400.0,90.0,64500.0,5385019201.0,5385019201.0,1103390434.0,0.0,363900.0,,0.0,0.0,0.0
2025-09-26,90.0,90.0,90.0,94.0,90.0,92.0,2.0,720000.0,66010900.0,191.0,46.0,92.0,79300.0,91.0,257900.0,5385019201.0,5385019201.0,1103390434.0,0.0,0.0,,0.0,0.0,0.0
2025-09-29,92.0,92.0,92.0,94.0,90.0,93.0,1.0,1881700.0,172952300.0,216.0,46.5,93.0,41400.0,92.0,87700.0,5385019201.0,5385019201.0,1103390434.0,0.0,699600.0,,0.0,0.0,0.0
2025-09-30,93.0,93.0,93.0,96.0,92.0,93.0,0.0,1046100.0,97750000.0,249.0,46.5,94.0,34300.0,93.0,300.0,5385019201.0,5385019201.0,1103390434.0,0.0,0.0,,0.0,0.0,0.0
2025-10-01,93.0,94.0,94.0,95.0,91.0,94.0,1.0,694200.0,65163300.0,184.0,47.0,95.0,360800.0,92.0,54700.0,5385019201.0,5385019201.0,1094774404.0,0.0,0.0,,0.0,0.0,0.0
2025-10-02,94.0,94.0,93.0,94.0,91.0,92.0,-2.0,852700.0,78213500.0,233.0,46.0,92.0,15200.0,90.0,99400.0,5385019201.0,5385019201.0,1094774404.0,0.0,0.0,,0.0,0.0,0.0
2025-10-03,92.0,92.0,91.0,93.0,90.0,92.0,0.0,1590700.0,144489000.0,274.0,46.0,92.0,6800.0,90.0,653500.0,5385019201.0,5385019201.0,1094774404.0,0.0,0.0,,0.0,0.0,0.0
2025-10-06,92.0,92.0,92.0,93.0,91.0,92.0,0.0,582900.0,53477300.0,173.0,46.0,92.0,20600.0,91.0,28100.0,5385019201.0,5385019201.0,1094774404.0,0.0,0.0,,0.0,0.0,0.0
2025-10-07,92.0,93.0,93.0,93.0,90.0,91.0,-1.0,951000.0,86912200.0,177.0,45.5,92.0,235300.0,91.0,60300.0,5385019201.0,5385019201.0,1094774404.0,0.0,0.0,,0.0,0.0,0.0
2025-10-08,91.0,91.0,91.0,92.0,88.0,89.0,-2.0,1590100.0,142014200.0,355.0,44.5,89.0,45200.0,88.0,69100.0,5385019201.0,5385019201.0,1094774404.0,0.0,0.0,,0.0,0.0,0.0
2025-10-09,89.0,90.0,90.0,97.0,87.0,91.0,2.0,2631300.0,241632200.0,460.0,45.5,92.0,538700.0,91.0,18200.0,5385019201.0,5385019201.0,1094774404.0,200000.0,201800.0,,0.0,0.0,0.0
2025-10-10,91.0,91.0,92.0,94.0,90.0,91.0,0.0,1100900.0,100097200.0,154.0,45.5,91.0,34400.0,90.0,20200.0,5385019201.0,5385019201.0,1094774404.0,0.0,0.0,,0.0,0.0,0.0
2025-10-13,91.0,90.0,90.0,92.0,89.0,91.0,0.0,927400.0,84000900.0,131.0,45.5,91.0,25700.0,90.0,21500.0,5385019201.0,5385019201.0,1094774404.0,0.0,270000.0,,0.0,0.0,0.0
2025-10-14,91.0,91.0,90.0,91.0,86.0,91.0,0.0,878300.0,78080200.0,208.0,45.5,91.0,245700.0,88.0,21600.0,5385019201.0,5385019201.0,1094774404.0,97000.0,0.0,,0.0,0.0,0.0
2025-10-15,91.0,91.0,91.0,92.0,84.0,90.0,-1.0,872200.0,77402200.0,192.0,45.0,90.0,60500.0,89.0,5900.0,5385019201.0,5385019201.0,1094774404.0,130100.0,0.0,,0.0,0.0,0.0
2025-10-16,90.0,0.0,0.0,90.0,86.0,89.0,-1.0,329300.0,28838500.0,113.0,44.5,89.0,64400.0,88.0,500.0,5385019201.0,5385019201.0,1094774404.0,0.0,0.0,,0.0,0.0,0.0
2025-10-17,89.0,0.0,0.0,90.0,87.0,89.0,0.0,692400.0,60846300.0,72.0,44.5,90.0,130700.0,88.0,12000.0,5385019201.0,5385019201.0,1094774404.0,0.0,0.0,,0.0,0.0,0.0
2025-10-20,89.0,86.0,88.0,90.0,84.0,89.0,0.0,825400.0,71575800.0,140.0,44.5,89.0,75200.0,88.0,5000.0,5385019201.0,5385019201.0,1094774404.0,0.0,200200.0,,0.0,0.0,0.0
2025-10-21,89.0,89.0,89.0,93.0,88.0,89.0,0.0,1231400.0,110074100.0,139.0,44.5,89.0,111400.0,88.0,22300.0,5385019201.0,5385019201.0,1094774404.0,0.0,89200.0,,0.0,0.0,0.0
2025-10-22,89.0,89.0,90.0,93.0,88.0,89.0,0.0,186000.0,16681900.0,69.0,44.5,89.0,1400.0,88.0,71900.0,5385019201.0,5385019201.0,1094774404.0,0.0,0.0,,0.0,0.0,0.0
2025-10-23,89.0,0.0,0.0,90.0,85.0,88.0,-1.0,580800.0,50945900.0,147.0,44.0,89.0,100.0,88.0,203800.0,5385019201.0,5385019201.0,1094774404.0,0.0,0.0,,0.0,0.0,0.0
2025-10-24,88.0,89.0,89.0,89.0,86.0,88.0,0.0,693800.0,60725100.0,174.0,44.0,88.0,100.0,87.0,29600.0,5385019201.0,5385019201.0,1094774404.0,0.0,0.0,,0.0,0.0,0.0
2025-10-27,88.0,89.0,89.0,90.0,85.0,87.0,-1.0,837500.0,72257900.0,140.0,43.5,87.0,132400.0,86.0,52500.0,5385019201.0,5385019201.0,1094774404.0,0.0,0.0,,0.0,0.0,0.0
2025-10-28,87.0,87.0,87.0,108.0,87.0,89.0,2.0,53221300.0,5195030800.0,4534.0,44.5,89.0,657900.0,88.0,395500.0,5385019201.0,5385019201.0,1094774404.0,2685500.0,1606300.0,,0.0,0.0,0.0
2025-10-29,89.0,90.0,90.0,90.0,85.0,86.0,-3.0,4359300.0,379973800.0,548.0,43.0,87.0,3400.0,86.0,33100.0,5385019201.0,5385019201.0,1094774404.0,0.0,458200.0,,0.0,0.0,0.0
2025-10-30,86.0,87.0,87.0,88.0,86.0,87.0,1.0,1071300.0,92855900.0,301.0,43.5,88.0,163000.0,87.0,118500.0,5385019201.0,5385019201.0,1094774404.0,0.0,0.0,,0.0,0.0,0.0
2025-10-31,87.0,87.0,88.0,91.0,86.0,88.0,1.0,1524700.0,135292600.0,312.0,44.0,89.0,54700.0,88.0,85100.0,5385019201.0,5385019201.0,1094774404.0,0.0,0.0,,0.0,0.0,0.0
2025-11-04,89.0,92.0,92.0,93.0,87.0,88.0,-1.0,2227000.0,198160300.0,317.0,44.0,89.0,161800.0,87.0,462300.0,5385019201.0,5385019201.0,1094774404.0,0.0,81000.0,,0.0,0.0,0.0
2025-11-05,88.0,89.0,89.0,90.0,87.0,88.0,0.0,1057900.0,93427900.0,179.0,44.0,89.0,216000.0,88.0,24200.0,5385019201.0,5385019201.0,1094774404.0,0.0,0.0,,0.0,0.0,0.0
2025-11-06,88.0,88.0,88.0,90.0,87.0,89.0,1.0,849200.0,74691200.0,176.0,44.5,89.0,2100.0,88.0,40900.0,5385019201.0,5385019201.0,1094774404.0,0.0,0.0,,0.0,0.0,0.0
2025-11-07,89.0,89.0,88.0,89.0,87.0,88.0,-1.0,534500.0,47141600.0,149.0,44.0,89.0,54600.0,88.0,100.0,5385019201.0,5385019201.0,1094774404.0,0.0,0.0,,0.0,0.0,0.0
2025-11-10,88.0,88.0,88.0,97.0,88.0,91.0,3.0,4208600.0,384596200.0,864.0,45.5,92.0,242200.0,91.0,1000.0,5385019201.0,5385019201.0,1094774404.0,0.0,224200.0,,0.0,0.0,0.0
2025-11-11,91.0,93.0,93.0,95.0,91.0,92.0,1.0,4071700.0,375758700.0,652.0,46.0,92.0,90500.0,91.0,386100.0,5385019201.0,5385019201.0,1094774404.0,0.0,0.0,,0.0,0.0,0.0
2025-11-12,92.0,94.0,94.0,94.0,91.0,92.0,0.0,1544400.0,142379700.0,232.0,46.0,92.0,90000.0,91.0,631200.0,5385019201.0,5385019201.0,1094774404.0,0.0,0.0,,0.0,0.0,0.0
2025-11-13,92.0,92.0,93.0,124.0,92.0,124.0,32.0,198011600.0,23289287300.0,18724.0,62.0,0.0,0.0,124.0,11432700.0,5385019201.0,5385019201.0,1094774404.0,8285700.0,5772200.0,,0.0,0.0,0.0
2025-11-14,124.0,127.0,128.0,142.0,110.0,115.0,-9.0,92689000.0,11747958000.0,9621.0,57.5,116.0,105300.0,115.0,137500.0,5385019201.0,5385019201.0,1094774404.0,2200700.0,2217600.0,,0.0,0.0,0.0
2025-11-17,115.0,113.0,113.0,122.0,109.0,116.0,1.0,22766600.0,2645793600.0,2563.0,58.0,116.0,44200.0,115.0,22000.0,5385019201.0,5385019201.0,1094774404.0,1899200.0,2126700.0,,0.0,0.0,0.0
2025-11-18,116.0,116.0,117.0,118.0,99.0,114.0,-2.0,9389700.0,1047588500.0,992.0,57.0,114.0,63800.0,112.0,1000.0,5385019201.0,5385019201.0,1094774404.0,534600.0,2003500.0,,0.0,0.0,0.0
2025-11-19,114.0,114.0,114.0,115.0,105.0,113.0,-1.0,2618600.0,292327300.0,480.0,56.5,113.0,42800.0,112.0,117200.0,5385019201.0,5385019201.0,1094774404.0,15600.0,695100.0,,0.0,0.0,0.0
2025-11-20,113.0,114.0,114.0,114.0,109.0,112.0,-1.0,8782200.0,972623300.0,687.0,56.0,112.0,533000.0,111.0,101500.0,5385019201.0,5385019201.0,1094774404.0,3700.0,14800.0,,0.0,0.0,0.0
2025-11-21,112.0,112.0,113.0,118.0,107.0,113.0,1.0,9244000.0,1050636500.0,1074.0,56.5,113.0,15500.0,112.0,20600.0,5385019201.0,5385019201.0,1094774404.0,1347500.0,505200.0,,0.0,0.0,0.0
2025-11-24,113.0,110.0,111.0,112.0,105.0,109.0,-4.0,3636600.0,393637300.0,640.0,54.5,110.0,22200.0,109.0,5000.0,5385019201.0,5385019201.0,1094774404.0,3700.0,17600.0,,0.0,0.0,0.0
2025-11-25,109.0,109.0,109.0,147.0,105.0,147.0,38.0,45404800.0,6223807400.0,2995.0,73.5,0.0,0.0,147.0,6252000.0,5385019201.0,5385019201.0,1094774404.0,753600.0,85300.0,,0.0,0.0,0.0
2025-11-26,147.0,147.0,148.0,180.0,130.0,131.0,-16.0,160604700.0,25044854400.0,16909.0,65.5,131.0,96000.0,130.0,133500.0,5385019201.0,5385019201.0,1094774404.0,10010700.0,9474700.0,,0.0,0.0,0.0
2025-11-27,131.0,133.0,134.0,145.0,129.0,133.0,2.0,27464400.0,3787832300.0,3181.0,66.5,133.0,239100.0,132.0,2200.0,5385019201.0,5385019201.0,1094774404.0,3729200.0,3937200.0,,0.0,0.0,0.0
2025-11-28,133.0,133.0,133.0,133.0,122.0,123.0,-10.0,9455400.0,1179478400.0,1269.0,61.5,124.0,21100.0,123.0,34100.0,5385019201.0,5385019201.0,1094774404.0,24600.0,1003600.0,,0.0,0.0,0.0
2025-12-01,123.0,124.0,125.0,141.0,124.0,132.0,9.0,37746700.0,5049113600.0,3670.0,66.0,132.0,307800.0,131.0,328200.0,5385019201.0,5385019201.0,1094774404.0,3663200.0,2990200.0,,0.0,0.0,0.0
2025-12-02,132.0,128.0,128.0,133.0,125.0,128.0,-4.0,7630600.0,978561500.0,1735.0,64.0,130.0,14400.0,128.0,134400.0,5385019201.0,5385019201.0,1094774404.0,132300.0,952100.0,,9938700.0,1123073100.0,1.0
2025-12-03,128.0,130.0,130.0,134.0,116.0,129.0,1.0,7428900.0,945678500.0,1130.0,64.5,129.0,101400.0,128.0,11600.0,5385019201.0,5385019201.0,1094774404.0,565800.0,145800.0,,0.0,0.0,0.0
2025-12-04,129.0,126.0,126.0,139.0,125.0,134.0,5.0,14556600.0,1943275900.0,1776.0,67.0,135.0,390200.0,134.0,50900.0,5385019201.0,5385019201.0,1094774404.0,1045700.0,1114900.0,,0.0,0.0,0.0
2025-12-05,134.0,137.0,136.0,142.0,136.0,139.0,5.0,15808700.0,2198750700.0,1900.0,69.5,140.0,149500.0,139.0,80200.0,5385019201.0,5385019201.0,1094774404.0,2011600.0,1413500.0,,0.0,0.0,0.0
2025-12-08,139.0,141.0,140.0,141.0,126.0,133.0,-6.0,11762400.0,1547130500.0,1490.0,66.5,134.0,216100.0,133.0,19000.0,5385019201.0,5385019201.0,1094774404.0,628800.0,1558400.0,,0.0,0.0,0.0
2025-12-09,133.0,134.0,134.0,134.0,127.0,130.0,-3.0,3735400.0,487089800.0,663.0,65.0,130.0,55600.0,129.0,20600.0,5385019201.0,5385019201.0,1094774404.0,487800.0,6500.0,,0.0,0.0,0.0
2025-12-10,130.0,130.0,129.0,152.0,126.0,146.0,16.0,33951700.0,4856467500.0,2439.0,73.0,147.0,746500.0,146.0,21500.0,5385019201.0,5385019201.0,1094774404.0,2624700.0,1420500.0,,0.0,0.0,0.0
2025-12-11,146.0,140.0,139.0,145.0,130.0,137.0,-9.0,19748500.0,2737563300.0,2852.0,68.5,137.0,167300.0,136.0,93000.0,5385019201.0,5385019201.0,1094774404.0,1468700.0,3064900.0,,0.0,0.0,0.0
2025-12-12,137.0,137.0,138.0,138.0,133.0,133.0,-4.0,3249600.0,439860600.0,525.0,66.5,133.0,5200.0,132.0,31000.0,5385019201.0,5385019201.0,1094774404.0,26400.0,188800.0,,0.0,0.0,0.0
2025-12-15,133.0,131.0,132.0,136.0,130.0,130.0,-3.0,2060000.0,272634400.0,423.0,65.0,133.0,5200.0,130.0,33600.0,5385019201.0,5385019201.0,1094774404.0,182900.0,16500.0,,0.0,0.0,0.0
2025-12-16,130.0,133.0,132.0,137.0,130.0,133.0,3.0,1823700.0,242694600.0,387.0,66.5,133.0,99900.0,132.0,10600.0,5385019201.0,5385019201.0,1094774404.0,191200.0,26700.0,,0.0,0.0,0.0
2025-12-17,133.0,133.0,134.0,139.0,133.0,135.0,2.0,3271100.0,443594300.0,531.0,67.5,135.0,42800.0,134.0,100.0,5385019201.0,5385019201.0,1094774404.0,71800.0,376100.0,,0.0,0.0,0.0
2025-12-18,135.0,136.0,136.0,146.0,130.0,131.0,-4.0,18454000.0,2554195200.0,2281.0,65.5,131.0,134500.0,130.0,294400.0,5385019201.0,5385019201.0,1094774404.0,2111700.0,485600.0,,0.0,0.0,0.0
2025-12-19,131.0,130.0,130.0,138.0,120.0,124.0,-7.0,12743700.0,1658891700.0,1286.0,62.0,124.0,4500.0,123.0,172200.0,5385019201.0,5385019201.0,1094774404.0,891300.0,1448300.0,,0.0,0.0,0.0
2025-12-22,124.0,121.0,122.0,127.0,121.0,125.0,1.0,4691200.0,585247600.0,537.0,62.5,126.0,20200.0,125.0,434800.0,5385019201.0,5385019201.0,1094774404.0,211400.0,907600.0,,0.0,0.0,0.0
2025-12-23,125.0,125.0,125.0,127.0,120.0,123.0,-2.0,2315100.0,285636300.0,456.0,61.5,124.0,129800.0,123.0,22500.0,5385019201.0,5385019201.0,1094774404.0,200400.0,126900.0,,0.0,0.0,0.0
2025-12-24,123.0,120.0,121.0,126.0,115.0,115.0,-8.0,3046500.0,365953100.0,560.0,57.5,119.0,16000.0,115.0,183400.0,5385019201.0,5385019201.0,1094774404.0,234600.0,109400.0,,0.0,0.0,0.0
2025-12-29,115.0,116.0,117.0,124.0,115.0,122.0,7.0,1945100.0,232773300.0,464.0,61.0,122.0,72900.0,120.0,105100.0,5385019201.0,5385019201.0,1094774404.0,48500.0,302000.0,,0.0,0.0,0.0
2025-12-30,122.0,122.0,121.0,124.0,118.0,119.0,-3.0,1116000.0,134178500.0,331.0,59.5,121.0,26200.0,119.0,3900.0,5385019201.0,5385019201.0,1094774404.0,77600.0,84600.0,,0.0,0.0,0.0
2026-01-02,119.0,123.0,123.0,159.0,119.0,136.0,17.0,237797900.0,34222144300.0,15944.0,68.0,137.0,329500.0,136.0,63000.0,5385019201.0,5385019201.0,1094774404.0,5725300.0,4304200.0,,0.0,0.0,0.0
2026-01-05,136.0,138.0,138.0,138.0,130.0,132.0,-4.0,11541300.0,1532455800.0,2156.0,66.0,133.0,44200.0,132.0,33100.0,5385019201.0,5385019201.0,1094774404.0,226900.0,712600.0,,0.0,0.0,0.0
2026-01-06,132.0,132.0,132.0,132.0,128.0,132.0,0.0,4761900.0,621215200.0,822.0,66.0,132.0,474000.0,130.0,325000.0,5385019201.0,5385019201.0,1094774404.0,73800.0,961700.0,,0.0,0.0,0.0
2026-01-07,132.0,132.0,132.0,132.0,127.0,129.0,-3.0,4541400.0,585125000.0,894.0,64.5,130.0,81600.0,129.0,7500.0,5385019201.0,5385019201.0,1094774404.0,126500.0,542100.0,,0.0,0.0,0.0
2026-01-08,129.0,131.0,130.0,137.0,127.0,130.0,1.0,18938900.0,2517415000.0,1896.0,65.0,131.0,2500.0,130.0,210000.0,5385019201.0,5385019201.0,1094774404.0,2649000.0,1178900.0,,0.0,0.0,0.0
2026-01-09,130.0,133.0,133.0,133.0,128.0,129.0,-1.0,2876700.0,373352100.0,522.0,64.5,130.0,94800.0,129.0,600.0,5385019201.0,5385019201.0,1094774404.0,13100.0,271500.0,,0.0,0.0,0.0
2026-01-12,129.0,129.0,130.0,133.0,125.0,130.0,1.0,3535300.0,458635300.0,675.0,65.0,130.0,115600.0,129.0,500.0,5385019201.0,5385019201.0,1094774404.0,198200.0,175100.0,,0.0,0.0,0.0
2026-01-13,130.0,130.0,129.0,130.0,127.0,127.0,-3.0,2015200.0,258506200.0,349.0,63.5,129.0,286900.0,127.0,60100.0,5385019201.0,5385019201.0,1094774404.0,13000.0,157500.0,,0.0,0.0,0.0
2026-01-14,127.0,127.0,127.0,135.0,127.0,131.0,4.0,6912300.0,909132000.0,718.0,65.5,132.0,29200.0,131.0,90300.0,5385019201.0,5385019201.0,1094774404.0,2100.0,1408700.0,,0.0,0.0,0.0
2026-01-15,131.0,134.0,134.0,156.0,131.0,134.0,3.0,105534000.0,15546601500.0,10226.0,67.0,135.0,64800.0,134.0,13735600.0,5385019201.0,5385019201.0,1094774404.0,2522000.0,431600.0,,0.0,0.0,0.0
2026-01-19,134.0,135.0,135.0,140.0,134.0,138.0,4.0,15794000.0,2158295800.0,1514.0,69.0,138.0,100.0,137.0,60800.0,5385019201.0,5385019201.0,1094774404.0,11000.0,2801000.0,,0.0,0.0,0.0
2026-01-20,138.0,137.0,137.0,141.0,132.0,135.0,-3.0,8508400.0,1151143200.0,912.0,67.5,135.0,86800.0,134.0,252400.0,5385019201.0,5385019201.0,1094774404.0,26200.0,351800.0,,0.0,0.0,0.0
2026-01-21,135.0,134.0,134.0,136.0,132.0,132.0,-3.0,3584800.0,477026300.0,519.0,66.0,134.0,16500.0,132.0,178100.0,5385019201.0,5385019201.0,1094774404.0,106300.0,12600.0,,0.0,0.0,0.0
2026-01-22,132.0,129.0,130.0,164.0,129.0,139.0,7.0,117647500.0,17677814900.0,9310.0,69.5,139.0,728200.0,138.0,22000.0,5385019201.0,5385019201.0,1094774404.0,3976900.0,3715800.0,,0.0,0.0,0.0
2026-01-23,139.0,134.0,134.0,135.0,130.0,131.0,-8.0,8140900.0,1074012000.0,893.0,65.5,131.0,100.0,130.0,1031600.0,5385019201.0,5385019201.0,1094774404.0,12200.0,181600.0,,0.0,0.0,0.0
2026-01-26,131.0,130.0,131.0,132.0,129.0,130.0,-1.0,3508200.0,456282000.0,420.0,65.0,131.0,3900.0,130.0,185300.0,5385019201.0,5385019201.0,1094774404.0,6200.0,241700.0,,0.0,0.0,0.0
2026-01-27,130.0,132.0,131.0,133.0,129.0,132.0,2.0,3584600.0,470441300.0,430.0,66.0,133.0,191000.0,132.0,28300.0,5385019201.0,5385019201.0,1094774404.0,13900.0,11200.0,,0.0,0.0,0.0
2026-01-28,132.0,131.0,130.0,133.0,113.0,114.0,-18.0,6902900.0,852116800.0,831.0,57.0,114.0,11600.0,113.0,224400.0,5385019201.0,5385019201.0,1094774404.0,269900.0,201900.0,,0.0,0.0,0.0
2026-01-29,114.0,114.0,114.0,115.0,97.0,107.0,-7.0,5456400.0,559547600.0,946.0,53.5,107.0,21200.0,105.0,26400.0,5385019201.0,5385019201.0,1094774404.0,52100.0,154100.0,,0.0,0.0,0.0
2026-01-30,107.0,106.0,107.0,125.0,106.0,117.0,10.0,5005100.0,591780700.0,705.0,58.5,118.0,500.0,117.0,49100.0,5385019201.0,5385019201.0,1094774404.0,62200.0,15700.0,,0.0,0.0,0.0
2026-02-02,117.0,128.0,129.0,155.0,121.0,138.0,21.0,309297600.0,44167865700.0,34446.0,69.0,138.0,100.0,137.0,500700.0,5385019201.0,5385019201.0,1094774404.0,29368300.0,26478600.0,,0.0,0.0,0.0
2026-02-03,138.0,139.0,139.0,149.0,118.0,122.0,-16.0,71196000.0,9179988900.0,8859.0,61.0,123.0,63200.0,122.0,135000.0,5385019201.0,5385019201.0,1094774404.0,3347200.0,8305400.0,,0.0,0.0,0.0
2026-02-04,122.0,122.0,123.0,127.0,117.0,121.0,-1.0,12521100.0,1524122800.0,2140.0,60.5,121.0,440000.0,119.0,6700.0,5385019201.0,5385019201.0,1094774404.0,436500.0,257800.0,,0.0,0.0,0.0
2026-02-05,121.0,122.0,122.0,133.0,114.0,121.0,0.0,11071100.0,1346978600.0,1504.0,60.5,122.0,20800.0,121.0,33700.0,5385019201.0,5385019201.0,1094774404.0,560300.0,628500.0,,0.0,0.0,0.0
2026-02-06,121.0,121.0,121.0,121.0,116.0,118.0,-3.0,2956300.0,350748800.0,639.0,59.0,119.0,57200.0,118.0,101600.0,5385019201.0,5385019201.0,1094774404.0,84200.0,226600.0,,0.0,0.0,0.0
2026-02-09,118.0,118.0,119.0,121.0,116.0,118.0,0.0,3520200.0,414349800.0,601.0,59.0,118.0,36600.0,117.0,52900.0,5385019201.0,5385019201.0,1094774404.0,87800.0,407600.0,,0.0,0.0,0.0
2026-02-10,118.0,118.0,118.0,125.0,118.0,122.0,4.0,8423100.0,1022959300.0,1237.0,61.0,122.0,144400.0,121.0,18500.0,5385019201.0,5385019201.0,1094774404.0,104600.0,128000.0,,0.0,0.0,0.0
2026-02-11,122.0,122.0,122.0,123.0,118.0,120.0,-2.0,3065600.0,369106300.0,569.0,60.0,121.0,139400.0,120.0,304000.0,5385019201.0,5385019201.0,1094774404.0,78000.0,56800.0,,0.0,0.0,0.0
2026-02-12,120.0,120.0,122.0,135.0,117.0,132.0,12.0,69127900.0,8949078000.0,5205.0,66.0,133.0,849000.0,132.0,50008700.0,5385019201.0,5385019201.0,1094774404.0,1730000.0,3421400.0,,0.0,0.0,0.0
2026-02-13,132.0,132.0,132.0,132.0,121.0,123.0,-9.0,18112700.0,2237925600.0,2053.0,61.5,123.0,29700.0,122.0,954600.0,5385019201.0,5385019201.0,1094774404.0,894700.0,719500.0,,0.0,0.0,0.0
2026-02-18,123.0,124.0,124.0,125.0,119.0,121.0,-2.0,7798700.0,944729200.0,983.0,60.5,122.0,180700.0,121.0,314900.0,5385019201.0,5385019201.0,1094774404.0,534000.0,642500.0,,0.0,0.0,0.0
2026-02-19,121.0,121.0,120.0,123.0,119.0,121.0,0.0,3586100.0,433864000.0,540.0,60.5,121.0,19200.0,120.0,84700.0,5385019201.0,5385019201.0,1094774404.0,463800.0,283400.0,,0.0,0.0,0.0
2026-02-20,121.0,122.0,121.0,122.0,119.0,121.0,0.0,1968700.0,236540400.0,450.0,60.5,121.0,673500.0,119.0,884300.0,5385019201.0,5385019201.0,1094774404.0,213900.0,18400.0,,0.0,0.0,0.0
2026-02-23,121.0,120.0,121.0,125.0,120.0,122.0,1.0,5613700.0,686958700.0,628.0,61.0,123.0,300000.0,121.0,377500.0,5385019201.0,5385019201.0,1094774404.0,575300.0,347400.0,,0.0,0.0,0.0
2026-02-24,122.0,122.0,122.0,123.0,120.0,121.0,-1.0,3891200.0,471551200.0,403.0,60.5,121.0,302800.0,120.0,269600.0,5385019201.0,5385019201.0,1094774404.0,458200.0,10200.0,,0.0,0.0,0.0
2026-02-25,121.0,122.0,122.0,124.0,120.0,120.0,-1.0,2658500.0,321580400.0,422.0,60.0,121.0,28500.0,119.0,194200.0,5385019201.0,5385019201.0,1094774404.0,71400.0,18000.0,,0.0,0.0,0.0
2026-02-26,120.0,120.0,122.0,122.0,114.0,118.0,-2.0,3512300.0,413604100.0,528.0,59.0,118.0,276000.0,116.0,100000.0,5385019201.0,5385019201.0,1094774404.0,21800.0,28200.0,,0.0,0.0,0.0
2026-02-27,118.0,118.0,117.0,121.0,115.0,116.0,-2.0,2854700.0,334878700.0,343.0,58.0,117.0,266900.0,116.0,84000.0,5385019201.0,5385019201.0,1094774404.0,45400.0,88300.0,,0.0,0.0,0.0
2026-03-02,116.0,109.0,108.0,115.0,105.0,109.0,-7.0,3706200.0,407121200.0,652.0,54.5,109.0,14200.0,107.0,5100.0,5385019201.0,5385019201.0,1094774404.0,185200.0,657900.0,,0.0,0.0,0.0
2026-03-03,109.0,109.0,109.0,118.0,109.0,111.0,2.0,1405500.0,156817200.0,153.0,55.5,111.0,261200.0,110.0,70800.0,5385019201.0,5385019201.0,1094774404.0,136100.0,489800.0,,0.0,0.0,0.0
2026-03-04,111.0,110.0,112.0,113.0,95.0,99.0,-12.0,3354400.0,337362900.0,512.0,49.5,99.0,19300.0,98.0,114900.0,5385019201.0,5385019201.0,1094774404.0,104800.0,359000.0,,0.0,0.0,0.0
2026-03-05,99.0,106.0,105.0,106.0,100.0,102.0,3.0,957900.0,98015000.0,212.0,51.0,102.0,42900.0,101.0,10000.0,5385019201.0,5385019201.0,1094774404.0,7400.0,113900.0,,0.0,0.0,0.0
2026-03-06,102.0,102.0,102.0,102.0,98.0,99.0,-3.0,679500.0,67262300.0,184.0,49.5,100.0,42700.0,99.0,18200.0,5385019201.0,5385019201.0,1094774404.0,8400.0,121400.0,,0.0,0.0,0.0
2026-03-09,99.0,100.0,99.0,100.0,85.0,87.0,-12.0,2182800.0,190566300.0,415.0,43.5,87.0,432100.0,86.0,91200.0,5385019201.0,5385019201.0,1094774404.0,50500.0,31900.0,,0.0,0.0,0.0
2026-03-10,87.0,87.0,89.0,95.0,87.0,91.0,4.0,817100.0,74204600.0,212.0,45.5,92.0,21800.0,91.0,56300.0,5385019201.0,5385019201.0,1094774404.0,0.0,0.0,,0.0,0.0,0.0
2026-03-11,91.0,92.0,93.0,100.0,92.0,98.0,7.0,1279100.0,120983100.0,345.0,49.0,98.0,900.0,95.0,2100.0,5385019201.0,5385019201.0,1094774404.0,44700.0,12300.0,,0.0,0.0,0.0
2026-03-12,98.0,100.0,100.0,101.0,93.0,97.0,-1.0,1159300.0,113875300.0,292.0,48.5,97.0,30200.0,94.0,5000.0,5385019201.0,5385019201.0,1094774404.0,151400.0,31600.0,,0.0,0.0,0.0
2026-03-13,97.0,97.0,94.0,98.0,91.0,92.0,-5.0,365300.0,34285500.0,177.0,46.0,92.0,393100.0,91.0,13700.0,5385019201.0,5385019201.0,1094774404.0,12300.0,14600.0,,0.0,0.0,0.0
2026-03-16,92.0,92.0,92.0,95.0,88.0,90.0,-2.0,479200.0,43927800.0,190.0,45.0,90.0,375700.0,89.0,12800.0,5385019201.0,5385019201.0,1094774404.0,75700.0,25500.0,,0.0,0.0,0.0
2026-03-17,90.0,90.0,90.0,93.0,89.0,90.0,0.0,475500.0,43483200.0,124.0,45.0,90.0,46300.0,89.0,5400.0,5385019201.0,5385019201.0,1094774404.0,3800.0,5500.0,,0.0,0.0,0.0
2026-03-25,90.0,90.0,91.0,95.0,86.0,90.0,0.0,917000.0,83619400.0,213.0,45.0,92.0,10100.0,90.0,8400.0,5385019201.0,5385019201.0,1094774404.0,78700.0,80300.0,,0.0,0.0,0.0
2026-03-26,90.0,90.0,95.0,95.0,90.0,91.0,1.0,560600.0,51614000.0,150.0,45.5,92.0,24500.0,91.0,5200.0,5385019201.0,5385019201.0,1094774404.0,30900.0,5600.0,,0.0,0.0,0.0
2026-03-27,91.0,0.0,0.0,92.0,87.0,91.0,0.0,1046300.0,93318400.0,304.0,45.5,91.0,46700.0,90.0,6500.0,5385019201.0,5385019201.0,1094774404.0,1800.0,0.0,,0.0,0.0,0.0
2026-03-30,91.0,95.0,94.0,111.0,86.0,92.0,1.0,31419400.0,3272006400.0,4404.0,46.0,93.0,203300.0,92.0,31400.0,5385019201.0,5385019201.0,1094774404.0,3889900.0,1150000.0,,0.0,0.0,0.0
2026-03-31,92.0,93.0,93.0,117.0,93.0,98.0,6.0,75174400.0,8310111400.0,8163.0,49.0,99.0,68500.0,98.0,101100.0,5385019201.0,5385019201.0,1094774404.0,5902900.0,5946000.0,,0.0,0.0,0.0
2026-04-01,98.0,100.0,100.0,115.0,98.0,99.0,1.0,14621700.0,1517288200.0,2008.0,49.5,100.0,16700.0,99.0,99600.0,5385019201.0,5385019201.0,1104467438.0,841600.0,832900.0,,0.0,0.0,0.0
2026-04-02,99.0,99.0,100.0,105.0,96.0,98.0,-1.0,3746200.0,370079300.0,764.0,49.0,98.0,5200.0,97.0,119800.0,5385019201.0,5385019201.0,1104467438.0,182000.0,390000.0,,0.0,0.0,0.0
2026-04-06,98.0,98.0,99.0,99.0,93.0,95.0,-3.0,4155700.0,395860100.0,585.0,47.5,97.0,45200.0,95.0,20700.0,5385019201.0,5385019201.0,1104467438.0,13600.0,7900.0,,0.0,0.0,0.0
2026-04-07,95.0,94.0,94.0,95.0,91.0,93.0,-2.0,2666800.0,248279700.0,404.0,46.5,93.0,200.0,92.0,139000.0,5385019201.0,5385019201.0,1104467438.0,4500.0,5000.0,,0.0,0.0,0.0
2026-04-08,93.0,94.0,95.0,106.0,93.0,103.0,10.0,17156300.0,1742496800.0,2102.0,51.5,104.0,66800.0,103.0,382400.0,5385019201.0,5385019201.0,1104467438.0,1460500.0,1323600.0,,0.0,0.0,0.0
2026-04-09,103.0,102.0,101.0,133.0,97.0,113.0,10.0,209198400.0,24754630100.0,11279.0,56.5,114.0,1056400.0,113.0,993800.0,5385019201.0,5385019201.0,1104467438.0,13421500.0,9262400.0,,0.0,0.0,0.0
2026-04-10,113.0,113.0,112.0,137.0,107.0,121.0,8.0,136981500.0,17132271000.0,8701.0,60.5,121.0,1523500.0,120.0,11700.0,5385019201.0,5385019201.0,1104467438.0,6385100.0,7899600.0,,0.0,0.0,0.0
2026-04-13,121.0,123.0,124.0,126.0,117.0,119.0,-2.0,12687900.0,1524637800.0,1681.0,59.5,119.0,627100.0,118.0,282200.0,5385019201.0,5385019201.0,1104467438.0,1294200.0,1894600.0,,0.0,0.0,0.0
2026-04-14,119.0,120.0,120.0,121.0,113.0,116.0,-3.0,10396600.0,1220151800.0,1539.0,58.0,117.0,156300.0,116.0,106700.0,5385019201.0,5385019201.0,1104467438.0,941000.0,975100.0,,0.0,0.0,0.0
2026-04-15,116.0,118.0,118.0,118.0,114.0,117.0,1.0,4540700.0,525800400.0,659.0,58.5,117.0,121200.0,115.0,291500.0,5385019201.0,5385019201.0,1104467438.0,420000.0,1023200.0,,0.0,0.0,0.0
2026-04-16,117.0,115.0,115.0,123.0,114.0,116.0,-1.0,13972000.0,1659115800.0,1655.0,58.0,116.0,2700.0,115.0,170300.0,5385019201.0,5385019201.0,1104467438.0,3026200.0,845300.0,,0.0,0.0,0.0
2026-04-17,116.0,116.0,116.0,117.0,114.0,114.0,-2.0,2745900.0,315850100.0,426.0,57.0,115.0,19000.0,114.0,227400.0,5385019201.0,5385019201.0,1104467438.0,28800.0,80100.0,,0.0,0.0,0.0
2026-04-20,114.0,113.0,113.0,116.0,112.0,114.0,0.0,2771700.0,313966400.0,419.0,57.0,114.0,209900.0,113.0,5000.0,5385019201.0,5385019201.0,1104467438.0,61700.0,826900.0,,0.0,0.0,0.0
2026-04-21,114.0,114.0,113.0,115.0,112.0,113.0,-1.0,4441900.0,502105700.0,374.0,56.5,113.0,22000.0,112.0,438200.0,5385019201.0,5385019201.0,1104467438.0,16500.0,1589800.0,,0.0,0.0,0.0
2026-04-22,113.0,114.0,114.0,118.0,112.0,113.0,0.0,3294600.0,375947200.0,616.0,56.5,113.0,214600.0,112.0,471000.0,5385019201.0,5385019201.0,1104467438.0,244000.0,33900.0,,0.0,0.0,0.0
2026-04-23,113.0,113.0,115.0,115.0,112.0,112.0,-1.0,2011400.0,227007900.0,295.0,56.0,112.0,21200.0,111.0,62000.0,5385019201.0,5385019201.0,1104467438.0,27500.0,7600.0,,0.0,0.0,0.0
2026-04-24,112.0,0.0,0.0,114.0,100.0,102.0,-10.0,4632500.0,496303900.0,636.0,51.0,103.0,10000.0,102.0,37700.0,5385019201.0,5385019201.0,1104467438.0,305200.0,443500.0,,0.0,0.0,0.0
2026-04-27,102.0,103.0,104.0,115.0,103.0,108.0,6.0,7056700.0,779541600.0,1060.0,54.0,109.0,50000.0,108.0,96100.0,5385019201.0,5385019201.0,1104467438.0,1022000.0,1346800.0,,0.0,0.0,0.0
2026-04-28,108.0,110.0,111.0,114.0,105.0,109.0,1.0,2966800.0,319780400.0,434.0,54.5,109.0,212900.0,108.0,50700.0,5385019201.0,5385019201.0,1104467438.0,269200.0,648800.0,,0.0,0.0,0.0
2026-04-29,109.0,109.0,109.0,111.0,106.0,106.0,-3.0,1476200.0,159463200.0,283.0,53.0,108.0,123400.0,106.0,40700.0,5385019201.0,5385019201.0,1104467438.0,85300.0,117000.0,,0.0,0.0,0.0
2026-04-30,106.0,109.0,109.0,110.0,105.0,108.0,2.0,1456300.0,156137700.0,258.0,54.0,108.0,17100.0,107.0,20400.0,5385019201.0,5385019201.0,1104467438.0,20400.0,181100.0,,0.0,0.0,0.0
2026-05-04,108.0,109.0,109.0,114.0,106.0,110.0,2.0,3615200.0,397431300.0,518.0,55.0,110.0,62900.0,109.0,12700.0,5385019201.0,5385019201.0,1104467438.0,458300.0,36500.0,,0.0,0.0,0.0
2026-05-05,110.0,110.0,111.0,113.0,110.0,112.0,2.0,2393900.0,266409700.0,453.0,56.0,112.0,98700.0,111.0,401100.0,5385019201.0,5385019201.0,1104467438.0,97800.0,161300.0,,0.0,0.0,0.0
2026-05-06,112.0,115.0,114.0,115.0,111.0,111.0,-1.0,1933500.0,217969400.0,336.0,55.5,112.0,1100.0,111.0,10800.0,5385019201.0,5385019201.0,1104467438.0,228600.0,1900.0,,0.0,0.0,0.0
2026-05-07,111.0,112.0,112.0,114.0,110.0,111.0,0.0,761200.0,84789500.0,194.0,55.5,112.0,37300.0,111.0,65300.0,5385019201.0,5385019201.0,1104467438.0,24700.0,5800.0,,0.0,0.0,0.0
2026-05-08,111.0,111.0,111.0,114.0,108.0,108.0,-3.0,2021500.0,222980400.0,303.0,54.0,110.0,10000.0,108.0,79100.0,5385019201.0,5385019201.0,1104467438.0,100100.0,107800.0,,0.0,0.0,0.0
