date,previous,open_price,first_trade,high,low,close,change,volume,value,frequency,index_individual,offer,offer_volume,bid,bid_volume,listed_shares,tradeble_shares,weight_for_index,foreign_sell,foreign_buy,delisting_date,non_regular_volume,non_regular_value,non_regular_frequency
2023-07-10,100.0,0.0,0.0,110.0,100.0,110.0,10.0,125392100.0,13780319600.0,4191.0,110.0,0.0,0.0,110.0,35154500.0,1600000000.0,600000000.0,0.0,851600.0,7000.0,,1298000.0,129800000.0,4.0
2023-07-11,110.0,0.0,0.0,121.0,121.0,121.0,11.0,13808900.0,1670876900.0,1792.0,121.0,0.0,0.0,121.0,88851300.0,1600000000.0,600000000.0,0.0,167700.0,0.0,,64600.0,6783000.0,1.0
2023-07-12,121.0,0.0,0.0,133.0,133.0,133.0,12.0,86990300.0,11569709900.0,4736.0,133.0,0.0,0.0,133.0,15492600.0,1600000000.0,600000000.0,0.0,60000.0,0.0,,5483200.0,657984000.0,1.0
2023-07-13,133.0,0.0,0.0,146.0,120.0,120.0,-13.0,319216000.0,42113064000.0,21263.0,120.0,120.0,8292300.0,0.0,0.0,1600000000.0,600000000.0,0.0,192000.0,309200.0,,0.0,0.0,0.0
2023-07-14,120.0,0.0,0.0,116.0,108.0,108.0,-12.0,205477100.0,22753187400.0,9198.0,108.0,108.0,7279600.0,0.0,0.0,1600000000.0,600000000.0,0.0,216200.0,30100.0,,0.0,0.0,0.0
2023-07-17,108.0,0.0,0.0,99.0,98.0,98.0,-10.0,75622700.0,7411235200.0,12964.0,98.0,98.0,9776700.0,0.0,0.0,1600000000.0,600000000.0,0.0,70000.0,500.0,,0.0,0.0,0.0
2023-07-18,98.0,0.0,0.0,107.0,89.0,106.0,8.0,363317400.0,36059820700.0,38136.0,106.0,106.0,892000.0,105.0,2666900.0,1600000000.0,600000000.0,0.0,0.0,1000.0,,0.0,0.0,0.0
2023-07-20,106.0,0.0,0.0,112.0,96.0,96.0,-10.0,534458400.0,56042512500.0,20944.0,96.0,96.0,8838300.0,0.0,0.0,1600000000.0,600000000.0,0.0,626800.0,20300.0,,0.0,0.0,0.0
2023-07-21,96.0,0.0,0.0,95.0,87.0,91.0,-5.0,281279900.0,25517406100.0,14309.0,91.0,92.0,97900.0,91.0,108300.0,1600000000.0,600000000.0,0.0,97400.0,1113700.0,,0.0,0.0,0.0
2023-07-24,91.0,0.0,0.0,100.0,89.0,100.0,9.0,318449600.0,30384230100.0,8665.0,100.0,0.0,0.0,100.0,8180800.0,1600000000.0,600000000.0,0.0,7394900.0,12606500.0,,0.0,0.0,0.0
2023-07-25,100.0,0.0,0.0,110.0,100.0,110.0,10.0,261715400.0,27738074300.0,11307.0,110.0,0.0,0.0,110.0,5821600.0,1600000000.0,600000000.0,0.0,8611000.0,3991200.0,,8000.0,880000.0,2.0
2023-07-26,110.0,0.0,0.0,121.0,112.0,121.0,11.0,171118000.0,20211519100.0,5952.0,121.0,0.0,0.0,121.0,9876400.0,1600000000.0,600000000.0,0.0,5642900.0,4201500.0,,0.0,0.0,0.0
2023-07-27,121.0,0.0,0.0,133.0,124.0,133.0,12.0,203768800.0,26551022400.0,8450.0,133.0,0.0,0.0,133.0,17241100.0,1600000000.0,600000000.0,0.0,13174500.0,14992100.0,,0.0,0.0,0.0
2023-07-28,133.0,0.0,0.0,146.0,137.0,146.0,13.0,94224000.0,13571563100.0,6519.0,146.0,0.0,0.0,146.0,6157800.0,1600000000.0,600000000.0,0.0,2514000.0,2729000.0,,0.0,0.0,0.0
2023-07-31,146.0,0.0,0.0,160.0,146.0,160.0,14.0,93117800.0,14573784300.0,5459.0,160.0,0.0,0.0,160.0,14181200.0,1600000000.0,600000000.0,0.0,2719800.0,2704400.0,,0.0,0.0,0.0
2023-08-01,160.0,0.0,0.0,176.0,164.0,176.0,16.0,170288900.0,29039602700.0,3886.0,176.0,0.0,0.0,176.0,15700200.0,1600000000.0,600000000.0,0.0,2069200.0,0.0,,0.0,0.0,0.0
2023-08-02,176.0,0.0,0.0,193.0,182.0,193.0,17.0,61142500.0,11594444000.0,3843.0,193.0,0.0,0.0,193.0,23193500.0,1600000000.0,600000000.0,0.0,282300.0,2568200.0,,0.0,0.0,0.0
2023-08-03,193.0,0.0,0.0,212.0,195.0,212.0,19.0,55004100.0,11337608900.0,3433.0,212.0,0.0,0.0,212.0,23105100.0,1600000000.0,600000000.0,0.0,870800.0,3149900.0,,0.0,0.0,0.0
2023-08-04,212.0,0.0,0.0,224.0,191.0,191.0,-21.0,45520600.0,9538220000.0,9421.0,191.0,191.0,17348800.0,0.0,0.0,1600000000.0,600000000.0,0.0,528200.0,276600.0,,0.0,0.0,0.0
2023-08-07,191.0,0.0,0.0,172.0,172.0,172.0,-19.0,615400.0,105848800.0,123.0,172.0,172.0,38503500.0,0.0,0.0,1600000000.0,600000000.0,0.0,0.0,0.0,,0.0,0.0,0.0
2023-08-08,172.0,0.0,0.0,155.0,155.0,155.0,-17.0,398500.0,61767500.0,104.0,155.0,155.0,30271100.0,0.0,0.0,1600000000.0,600000000.0,0.0,0.0,100.0,,0.0,0.0,0.0
2023-08-09,155.0,0.0,0.0,140.0,140.0,140.0,-15.0,15239600.0,2133544000.0,233.0,140.0,140.0,28805700.0,0.0,0.0,1600000000.0,600000000.0,0.0,0.0,0.0,,0.0,0.0,0.0
2023-08-10,140.0,0.0,0.0,154.0,126.0,129.0,-11.0,84345400.0,11526829800.0,7601.0,129.0,130.0,20100.0,129.0,1956500.0,1600000000.0,600000000.0,0.0,2057700.0,417100.0,,0.0,0.0,0.0
2023-08-11,129.0,0.0,0.0,135.0,122.0,131.0,2.0,34243100.0,4396911800.0,5460.0,131.0,132.0,1189300.0,131.0,946000.0,1600000000.0,600000000.0,0.0,1890700.0,157300.0,,0.0,0.0,0.0
2023-08-14,131.0,0.0,0.0,142.0,131.0,139.0,8.0,135225100.0,18544322300.0,7649.0,139.0,139.0,694800.0,138.0,177400.0,1600000000.0,600000000.0,0.0,901400.0,34800.0,,0.0,0.0,0.0
2023-08-15,139.0,0.0,0.0,152.0,133.0,152.0,13.0,203525900.0,29395194100.0,15031.0,152.0,0.0,0.0,152.0,10931700.0,1600000000.0,600000000.0,0.0,1355300.0,1178100.0,,0.0,0.0,0.0
2023-08-16,152.0,0.0,0.0,167.0,152.0,167.0,15.0,111468400.0,18075808200.0,5123.0,167.0,0.0,0.0,167.0,16346400.0,1600000000.0,600000000.0,0.0,365900.0,3661600.0,,0.0,0.0,0.0
2023-08-18,167.0,0.0,0.0,175.0,151.0,158.0,-9.0,35460200.0,5940934300.0,4263.0,158.0,159.0,57800.0,158.0,1302500.0,1600000000.0,600000000.0,0.0,1722000.0,352800.0,,0.0,0.0,0.0
2023-08-21,158.0,0.0,0.0,160.0,155.0,155.0,-3.0,7886600.0,1236691800.0,1565.0,155.0,156.0,21500.0,155.0,285900.0,1600000000.0,600000000.0,0.0,77300.0,981600.0,,0.0,0.0,0.0
2023-08-22,155.0,0.0,0.0,155.0,152.0,154.0,-1.0,3962900.0,607937000.0,1228.0,154.0,154.0,46800.0,153.0,2500.0,1600000000.0,600000000.0,0.0,224100.0,221600.0,,0.0,0.0,0.0
2023-08-23,154.0,0.0,0.0,156.0,153.0,155.0,1.0,5643400.0,873612400.0,341.0,155.0,155.0,56800.0,154.0,4200.0,1600000000.0,600000000.0,0.0,588400.0,303600.0,,0.0,0.0,0.0
2023-08-24,155.0,0.0,0.0,170.0,153.0,170.0,15.0,150446900.0,24513058700.0,8216.0,170.0,0.0,0.0,170.0,26893300.0,1600000000.0,600000000.0,0.0,4762900.0,3716500.0,,0.0,0.0,0.0
2023-08-25,170.0,0.0,0.0,186.0,167.0,178.0,8.0,417935700.0,75110587100.0,30460.0,178.0,178.0,1915000.0,177.0,2047900.0,1600000000.0,600000000.0,0.0,6733700.0,4948200.0,,0.0,0.0,0.0
2023-08-28,178.0,0.0,0.0,193.0,175.0,182.0,4.0,440863200.0,81303819600.0,52174.0,182.0,182.0,564800.0,181.0,4600700.0,1600000000.0,600000000.0,0.0,12089200.0,13271900.0,,0.0,0.0,0.0
2023-08-29,182.0,0.0,0.0,200.0,179.0,200.0,18.0,153507300.0,29193323400.0,7114.0,200.0,0.0,0.0,200.0,11581600.0,1600000000.0,600000000.0,0.0,5968500.0,6248000.0,,0.0,0.0,0.0
2023-08-30,200.0,0.0,0.0,220.0,199.0,220.0,20.0,136348800.0,28882587400.0,11585.0,220.0,0.0,0.0,220.0,18382700.0,1600000000.0,600000000.0,0.0,8088600.0,17387700.0,,0.0,0.0,0.0
2023-08-31,220.0,0.0,0.0,242.0,222.0,242.0,22.0,105079500.0,24470955200.0,8226.0,242.0,0.0,0.0,242.0,22869500.0,1600000000.0,600000000.0,0.0,5124500.0,13656400.0,,0.0,0.0,0.0
2023-09-01,242.0,0.0,0.0,266.0,218.0,266.0,24.0,231211900.0,57402233600.0,16693.0,266.0,0.0,0.0,266.0,17769200.0,1600000000.0,600000000.0,0.0,9854000.0,19704100.0,,0.0,0.0,0.0
2023-09-04,266.0,0.0,0.0,282.0,240.0,240.0,-26.0,227929000.0,57601763400.0,26920.0,240.0,240.0,10702700.0,0.0,0.0,1600000000.0,600000000.0,0.0,8042900.0,5542000.0,,0.0,0.0,0.0
2023-09-05,240.0,0.0,0.0,222.0,216.0,216.0,-24.0,44168800.0,9599115200.0,6528.0,216.0,216.0,21357100.0,0.0,0.0,1600000000.0,600000000.0,0.0,1259100.0,0.0,,0.0,0.0,0.0
2023-09-06,216.0,0.0,0.0,195.0,195.0,195.0,-21.0,8899300.0,1735363500.0,7569.0,195.0,195.0,9427900.0,0.0,0.0,1600000000.0,600000000.0,0.0,0.0,100100.0,,0.0,0.0,0.0
2023-09-07,195.0,0.0,0.0,176.0,176.0,176.0,-19.0,4976800.0,875916800.0,5299.0,176.0,176.0,13446100.0,0.0,0.0,1600000000.0,600000000.0,0.0,0.0,0.0,,0.0,0.0,0.0
2023-09-08,176.0,0.0,0.0,193.0,159.0,193.0,17.0,134263800.0,24517279500.0,8406.0,193.0,0.0,0.0,193.0,37796800.0,1600000000.0,600000000.0,0.0,27427800.0,4254100.0,,0.0,0.0,0.0
2023-09-11,193.0,0.0,0.0,212.0,176.0,212.0,19.0,341319700.0,67409309000.0,29390.0,212.0,0.0,0.0,212.0,24018700.0,1600000000.0,600000000.0,0.0,14575700.0,18591000.0,,0.0,0.0,0.0
2023-09-12,212.0,0.0,0.0,222.0,191.0,191.0,-21.0,667345300.0,134736869200.0,40337.0,191.0,191.0,6674000.0,0.0,0.0,1600000000.0,600000000.0,0.0,26186800.0,24394500.0,,0.0,0.0,0.0
2023-09-13,191.0,0.0,0.0,176.0,172.0,172.0,-19.0,67982600.0,11712494100.0,15359.0,172.0,172.0,8527400.0,0.0,0.0,1600000000.0,600000000.0,0.0,1349500.0,3898400.0,,0.0,0.0,0.0
2023-09-14,172.0,0.0,0.0,172.0,155.0,155.0,-17.0,241279000.0,38567445400.0,20045.0,155.0,155.0,9071400.0,0.0,0.0,1600000000.0,600000000.0,0.0,13026400.0,14712800.0,,0.0,0.0,0.0
2023-09-15,155.0,0.0,0.0,156.0,140.0,155.0,0.0,308907900.0,45426240000.0,34095.0,155.0,155.0,513600.0,154.0,1313400.0,1600000000.0,600000000.0,0.0,17591500.0,15848400.0,,0.0,0.0,0.0
2023-09-18,155.0,0.0,0.0,170.0,155.0,170.0,15.0,270714300.0,43883765100.0,9719.0,170.0,0.0,0.0,170.0,22342200.0,1600000000.0,600000000.0,0.0,4088700.0,2068000.0,,0.0,0.0,0.0
2023-09-19,170.0,0.0,0.0,178.0,153.0,153.0,-17.0,359685200.0,59734740300.0,16121.0,153.0,153.0,9347800.0,0.0,0.0,1600000000.0,600000000.0,0.0,9160400.0,13192000.0,,0.0,0.0,0.0
2023-09-20,153.0,0.0,0.0,141.0,138.0,138.0,-15.0,147294000.0,20340433900.0,17015.0,138.0,138.0,10232200.0,0.0,0.0,1600000000.0,600000000.0,0.0,908900.0,2732800.0,,0.0,0.0,0.0
2023-09-21,138.0,0.0,0.0,136.0,125.0,125.0,-13.0,34684900.0,4335798100.0,1774.0,125.0,125.0,8152300.0,0.0,0.0,1600000000.0,600000000.0,0.0,138500.0,31500.0,,500000.0,62500000.0,1.0
2023-09-22,125.0,0.0,0.0,113.0,113.0,113.0,-12.0,34432300.0,3890849900.0,700.0,113.0,113.0,7196200.0,0.0,0.0,1600000000.0,600000000.0,0.0,0.0,0.0,,0.0,0.0,0.0
2023-09-25,113.0,0.0,0.0,124.0,108.0,124.0,11.0,275906100.0,32250164100.0,7948.0,124.0,0.0,0.0,124.0,26198800.0,1600000000.0,600000000.0,0.0,11263900.0,6680100.0,,0.0,0.0,0.0
2023-09-26,124.0,0.0,0.0,134.0,112.0,112.0,-12.0,652043200.0,79384893700.0,45213.0,112.0,112.0,6996200.0,0.0,0.0,1600000000.0,600000000.0,0.0,3076100.0,10800100.0,,0.0,0.0,0.0
2023-09-27,112.0,0.0,0.0,112.0,101.0,101.0,-11.0,51653100.0,5218111900.0,16114.0,101.0,101.0,11928500.0,0.0,0.0,1600000000.0,600000000.0,0.0,100000.0,100000.0,,0.0,0.0,0.0
2023-09-29,101.0,0.0,0.0,101.0,91.0,91.0,-10.0,234963200.0,22269243200.0,12116.0,91.0,91.0,10161600.0,0.0,0.0,1600000000.0,600000000.0,0.0,11248900.0,5897400.0,,0.0,0.0,0.0
2023-10-02,91.0,0.0,0.0,84.0,82.0,82.0,-9.0,80989200.0,6642775700.0,7136.0,82.0,82.0,16381400.0,0.0,0.0,1600000000.0,600000000.0,0.0,0.0,0.0,,0.0,0.0,0.0
2023-10-03,82.0,0.0,0.0,74.0,74.0,74.0,-8.0,41155000.0,3045470000.0,2066.0,74.0,74.0,33911800.0,0.0,0.0,1600000000.0,600000000.0,0.0,0.0,0.0,,0.0,0.0,0.0
2023-10-04,74.0,0.0,0.0,81.0,67.0,81.0,7.0,224890300.0,17401186400.0,7398.0,81.0,0.0,0.0,81.0,25723400.0,1600000000.0,600000000.0,0.0,2868400.0,317100.0,,0.0,0.0,0.0
2023-10-05,81.0,0.0,0.0,88.0,73.0,73.0,-8.0,530286100.0,42053878900.0,28499.0,73.0,73.0,11135600.0,0.0,0.0,1600000000.0,600000000.0,0.0,4747900.0,8169600.0,,0.0,0.0,0.0
2023-10-06,73.0,0.0,0.0,66.0,66.0,66.0,-7.0,32974400.0,2176310400.0,22576.0,66.0,66.0,25798800.0,0.0,0.0,1600000000.0,600000000.0,0.0,0.0,0.0,,0.0,0.0,0.0
2023-10-09,66.0,0.0,0.0,0.0,0.0,66.0,0.0,0.0,0.0,0.0,66.0,0.0,0.0,0.0,0.0,1600000000.0,600000000.0,0.0,0.0,0.0,,0.0,0.0,0.0
2023-10-10,66.0,0.0,0.0,60.0,60.0,60.0,-6.0,33581600.0,2014896000.0,17969.0,60.0,60.0,21593200.0,0.0,0.0,1600000000.0,600000000.0,0.0,0.0,0.0,,0.0,0.0,0.0
2023-10-11,60.0,0.0,0.0,54.0,54.0,54.0,-6.0,37178800.0,2007655200.0,18755.0,54.0,54.0,31274700.0,0.0,0.0,1600000000.0,600000000.0,0.0,0.0,20000.0,,0.0,0.0,0.0
2023-10-12,54.0,0.0,0.0,52.0,49.0,49.0,-5.0,39795600.0,1961839600.0,1437.0,49.0,49.0,15291300.0,0.0,0.0,1600000000.0,600000000.0,0.0,0.0,0.0,,0.0,0.0,0.0
2023-10-13,49.0,0.0,0.0,46.0,45.0,45.0,-4.0,8783600.0,395415100.0,806.0,45.0,45.0,18582800.0,0.0,0.0,1600000000.0,600000000.0,0.0,386300.0,0.0,,0.0,0.0,0.0
2023-10-16,45.0,0.0,0.0,0.0,0.0,45.0,0.0,0.0,0.0,0.0,45.0,0.0,0.0,0.0,0.0,1600000000.0,600000000.0,0.0,0.0,0.0,,0.0,0.0,0.0
2023-10-17,45.0,0.0,0.0,0.0,0.0,45.0,0.0,0.0,0.0,0.0,45.0,0.0,0.0,0.0,0.0,1600000000.0,600000000.0,0.0,0.0,0.0,,0.0,0.0,0.0
2023-10-18,45.0,0.0,0.0,0.0,0.0,45.0,0.0,0.0,0.0,0.0,45.0,0.0,0.0,0.0,0.0,1600000000.0,600000000.0,0.0,0.0,0.0,,0.0,0.0,0.0
2023-10-19,45.0,0.0,0.0,0.0,0.0,45.0,0.0,0.0,0.0,0.0,45.0,0.0,0.0,0.0,0.0,1600000000.0,600000000.0,0.0,0.0,0.0,,0.0,0.0,0.0
2023-10-20,45.0,0.0,0.0,0.0,0.0,45.0,0.0,0.0,0.0,0.0,45.0,0.0,0.0,0.0,0.0,1600000000.0,600000000.0,0.0,0.0,0.0,,0.0,0.0,0.0
2023-10-23,45.0,0.0,0.0,0.0,0.0,45.0,0.0,0.0,0.0,0.0,45.0,0.0,0.0,0.0,0.0,1600000000.0,600000000.0,0.0,0.0,0.0,,0.0,0.0,0.0
2023-10-24,45.0,0.0,0.0,0.0,0.0,45.0,0.0,0.0,0.0,0.0,45.0,0.0,0.0,0.0,0.0,1600000000.0,600000000.0,0.0,0.0,0.0,,0.0,0.0,0.0
2023-10-25,45.0,0.0,0.0,0.0,0.0,45.0,0.0,0.0,0.0,0.0,45.0,0.0,0.0,0.0,0.0,1600000000.0,600000000.0,0.0,0.0,0.0,,0.0,0.0,0.0
2023-10-26,45.0,0.0,0.0,0.0,0.0,45.0,0.0,0.0,0.0,0.0,45.0,0.0,0.0,0.0,0.0,1600000000.0,600000000.0,0.0,0.0,0.0,,0.0,0.0,0.0
2023-10-27,45.0,0.0,0.0,45.0,41.0,41.0,-4.0,9506500.0,391121300.0,642.0,41.0,41.0,27428000.0,0.0,0.0,1600000000.0,600000000.0,0.0,0.0,10000.0,,0.0,0.0,0.0
2023-10-30,41.0,0.0,0.0,38.0,37.0,37.0,-4.0,2661700.0,98483000.0,234.0,37.0,37.0,24064200.0,0.0,0.0,1600000000.0,600000000.0,0.0,0.0,0.0,,0.0,0.0,0.0
2023-10-31,37.0,0.0,0.0,34.0,34.0,34.0,-3.0,2160600.0,73460400.0,264.0,34.0,34.0,7543700.0,0.0,0.0,1600000000.0,600000000.0,0.0,0.0,0.0,,0.0,0.0,0.0
2023-11-01,34.0,0.0,0.0,33.0,31.0,31.0,-3.0,8350700.0,261286400.0,603.0,31.0,31.0,2908300.0,0.0,0.0,1600000000.0,600000000.0,0.0,422000.0,0.0,,0.0,0.0,0.0
2023-11-02,31.0,0.0,0.0,34.0,28.0,34.0,3.0,22273600.0,690404100.0,594.0,34.0,0.0,0.0,34.0,14996100.0,1600000000.0,600000000.0,0.0,2797700.0,0.0,,0.0,0.0,0.0
2023-11-03,34.0,0.0,0.0,37.0,37.0,37.0,3.0,2394600.0,88600200.0,117.0,37.0,0.0,0.0,37.0,50151500.0,1600000000.0,600000000.0,0.0,0.0,0.0,,0.0,0.0,0.0
2023-11-06,37.0,0.0,0.0,40.0,40.0,40.0,3.0,1385000.0,55400000.0,117.0,40.0,0.0,0.0,40.0,52282400.0,1600000000.0,600000000.0,0.0,0.0,0.0,,0.0,0.0,0.0
2023-11-07,40.0,0.0,0.0,44.0,44.0,44.0,4.0,4265100.0,187664400.0,124.0,44.0,0.0,0.0,44.0,42814500.0,1600000000.0,600000000.0,0.0,0.0,0.0,,0.0,0.0,0.0
2023-11-08,44.0,0.0,0.0,48.0,40.0,41.0,-3.0,50418200.0,2331106700.0,1387.0,41.0,42.0,13700.0,41.0,51400.0,1600000000.0,600000000.0,0.0,0.0,0.0,,0.0,0.0,0.0
2023-11-09,41.0,0.0,0.0,43.0,38.0,39.0,-2.0,4985400.0,199081000.0,678.0,39.0,39.0,184100.0,38.0,617800.0,1600000000.0,600000000.0,0.0,1400.0,26700.0,,0.0,0.0,0.0
2023-11-10,39.0,0.0,0.0,40.0,36.0,37.0,-2.0,11857000.0,433583800.0,531.0,37.0,37.0,7900.0,36.0,4202700.0,1600000000.0,600000000.0,0.0,52800.0,27500.0,,0.0,0.0,0.0
2023-11-13,37.0,0.0,0.0,37.0,35.0,35.0,-2.0,2760200.0,97837400.0,463.0,35.0,36.0,43300.0,35.0,1599700.0,1600000000.0,600000000.0,0.0,57300.0,30000.0,,0.0,0.0,0.0
2023-11-14,35.0,0.0,0.0,37.0,33.0,33.0,-2.0,7181200.0,244337700.0,529.0,33.0,34.0,615500.0,33.0,1808000.0,1600000000.0,600000000.0,0.0,919300.0,152700.0,,0.0,0.0,0.0
2023-11-15,33.0,0.0,0.0,36.0,32.0,36.0,3.0,9621900.0,341288900.0,537.0,36.0,0.0,0.0,35.0,3326700.0,1600000000.0,600000000.0,0.0,953100.0,0.0,,0.0,0.0,0.0
2023-11-16,36.0,0.0,0.0,39.0,36.0,39.0,3.0,14757800.0,571491700.0,844.0,39.0,0.0,0.0,39.0,435000.0,1600000000.0,600000000.0,0.0,611600.0,0.0,,0.0,0.0,0.0
2023-11-17,39.0,0.0,0.0,41.0,36.0,37.0,-2.0,7910200.0,298534000.0,602.0,37.0,37.0,12100.0,36.0,12321300.0,1600000000.0,600000000.0,0.0,497000.0,0.0,,0.0,0.0,0.0
2023-11-20,37.0,0.0,0.0,38.0,35.0,35.0,-2.0,2689600.0,95112800.0,361.0,35.0,36.0,421600.0,35.0,281000.0,1600000000.0,600000000.0,0.0,460400.0,0.0,,0.0,0.0,0.0
2023-11-21,35.0,0.0,0.0,36.0,33.0,33.0,-2.0,3128000.0,104350100.0,334.0,33.0,34.0,33900.0,33.0,1126900.0,1600000000.0,600000000.0,0.0,382800.0,0.0,,0.0,0.0,0.0
2023-11-22,33.0,0.0,0.0,34.0,31.0,33.0,0.0,2306400.0,74946700.0,338.0,33.0,33.0,145900.0,32.0,293400.0,1600000000.0,600000000.0,0.0,0.0,0.0,,39322300.0,1306730300.0,2.0
2023-11-23,33.0,0.0,0.0,34.0,31.0,32.0,-1.0,1830700.0,59186000.0,203.0,32.0,33.0,131700.0,32.0,105900.0,1600000000.0,600000000.0,0.0,13000.0,0.0,,19214900.0,672521500.0,4.0
2023-11-24,32.0,0.0,0.0,34.0,31.0,33.0,1.0,3067300.0,100463800.0,234.0,33.0,34.0,643300.0,33.0,498800.0,1600000000.0,600000000.0,0.0,100500.0,0.0,,13609600.0,449116800.0,3.0
2023-11-27,33.0,0.0,0.0,34.0,31.0,31.0,-2.0,4762400.0,149261100.0,250.0,31.0,32.0,1229700.0,31.0,888900.0,1600000000.0,600000000.0,0.0,0.0,0.0,,0.0,0.0,0.0
2023-11-28,31.0,0.0,0.0,32.0,30.0,31.0,0.0,2200400.0,68373700.0,183.0,31.0,32.0,1094400.0,31.0,247200.0,1600000000.0,600000000.0,0.0,222600.0,0.0,,0.0,0.0,0.0
2023-11-29,31.0,0.0,0.0,32.0,29.0,31.0,0.0,3790000.0,114267200.0,231.0,31.0,31.0,391300.0,30.0,764800.0,1600000000.0,600000000.0,0.0,0.0,0.0,,0.0,0.0,0.0
2023-11-30,31.0,0.0,0.0,33.0,29.0,31.0,0.0,6371100.0,193897500.0,331.0,31.0,31.0,451300.0,30.0,130000.0,1600000000.0,600000000.0,0.0,0.0,0.0,,0.0,0.0,0.0
2023-12-01,31.0,0.0,0.0,31.0,29.0,30.0,-1.0,2489100.0,74776900.0,198.0,30.0,31.0,566100.0,30.0,1475300.0,1600000000.0,600000000.0,0.0,0.0,0.0,,0.0,0.0,0.0
2023-12-04,30.0,0.0,0.0,31.0,29.0,29.0,-1.0,1920900.0,57267900.0,196.0,29.0,30.0,180300.0,29.0,1979900.0,1600000000.0,600000000.0,0.0,0.0,0.0,,0.0,0.0,0.0
2023-12-05,29.0,0.0,0.0,30.0,28.0,29.0,0.0,8122600.0,235048100.0,219.0,29.0,30.0,653300.0,29.0,350300.0,1600000000.0,600000000.0,0.0,0.0,0.0,,0.0,0.0,0.0
2023-12-06,29.0,0.0,0.0,30.0,28.0,29.0,0.0,1697000.0,48873300.0,163.0,29.0,29.0,482300.0,28.0,1559500.0,1600000000.0,600000000.0,0.0,0.0,0.0,,53987200.0,1565628800.0,3.0
2023-12-07,29.0,0.0,0.0,29.0,27.0,27.0,-2.0,6283500.0,172551800.0,224.0,27.0,28.0,51400.0,27.0,8417200.0,1600000000.0,600000000.0,0.0,0.0,100000.0,,41504600.0,1203633400.0,2.0
2023-12-08,27.0,0.0,0.0,28.0,26.0,26.0,-1.0,4157700.0,109685800.0,267.0,26.0,27.0,128700.0,26.0,80900.0,1600000000.0,600000000.0,0.0,0.0,63000.0,,31270900.0,844314300.0,2.0
2023-12-11,26.0,0.0,0.0,28.0,26.0,27.0,1.0,3440500.0,94765500.0,270.0,27.0,28.0,353700.0,27.0,900.0,1600000000.0,600000000.0,0.0,65000.0,0.0,,0.0,0.0,0.0
2023-12-12,27.0,0.0,0.0,27.0,25.0,26.0,-1.0,2964200.0,77585500.0,231.0,26.0,26.0,414700.0,25.0,11044400.0,1600000000.0,600000000.0,0.0,0.0,0.0,,0.0,0.0,0.0
2023-12-13,26.0,0.0,0.0,28.0,25.0,27.0,1.0,1977000.0,52243300.0,127.0,27.0,27.0,454500.0,26.0,314200.0,1600000000.0,600000000.0,0.0,0.0,0.0,,0.0,0.0,0.0
2023-12-14,27.0,0.0,0.0,27.0,25.0,27.0,0.0,1445100.0,37734300.0,128.0,27.0,27.0,615200.0,26.0,321700.0,1600000000.0,600000000.0,0.0,0.0,0.0,,0.0,0.0,0.0
2023-12-15,27.0,0.0,0.0,27.0,25.0,26.0,-1.0,1174900.0,30555300.0,168.0,26.0,26.0,20000.0,25.0,12834800.0,1600000000.0,600000000.0,0.0,0.0,0.0,,0.0,0.0,0.0
2023-12-18,26.0,0.0,0.0,26.0,25.0,25.0,-1.0,2122600.0,53286200.0,170.0,25.0,26.0,908200.0,24.0,11684100.0,1600000000.0,600000000.0,0.0,0.0,20000.0,,60000000.0,1560000000.0,2.0
2023-12-19,25.0,0.0,0.0,25.0,23.0,24.0,-1.0,2156600.0,51645600.0,173.0,24.0,24.0,594400.0,23.0,11026800.0,1600000000.0,600000000.0,0.0,20200.0,0.0,,0.0,0.0,0.0
2023-12-20,24.0,0.0,0.0,24.0,22.0,22.0,-2.0,6441800.0,143030500.0,203.0,22.0,23.0,757500.0,22.0,5930000.0,1600000000.0,600000000.0,0.0,0.0,0.0,,0.0,0.0,0.0
2023-12-21,22.0,0.0,0.0,22.0,20.0,20.0,-2.0,3347200.0,68230200.0,172.0,20.0,21.0,1027500.0,20.0,9446500.0,1600000000.0,600000000.0,0.0,0.0,0.0,,0.0,0.0,0.0
2023-12-22,20.0,0.0,0.0,21.0,19.0,21.0,1.0,815500.0,16444300.0,114.0,21.0,21.0,578900.0,20.0,367000.0,1600000000.0,600000000.0,0.0,0.0,0.0,,0.0,0.0,0.0
2023-12-27,21.0,0.0,0.0,23.0,20.0,23.0,2.0,2026300.0,44969100.0,78.0,23.0,0.0,0.0,23.0,8812600.0,1600000000.0,600000000.0,0.0,0.0,0.0,,0.0,0.0,0.0
2023-12-28,23.0,0.0,0.0,25.0,25.0,25.0,2.0,454400.0,11360000.0,37.0,25.0,0.0,0.0,25.0,12837600.0,1600000000.0,600000000.0,0.0,0.0,0.0,,0.0,0.0,0.0
2023-12-29,25.0,0.0,0.0,27.0,27.0,27.0,2.0,1095700.0,29583900.0,53.0,27.0,0.0,0.0,27.0,11073200.0,1600000000.0,600000000.0,0.0,0.0,0.0,,0.0,0.0,0.0
2024-01-02,27.0,0.0,0.0,29.0,29.0,29.0,2.0,1025600.0,29742400.0,68.0,29.0,0.0,0.0,29.0,11581400.0,1600000000.0,600000000.0,0.0,0.0,0.0,,0.0,0.0,0.0
2024-01-03,29.0,0.0,0.0,31.0,31.0,31.0,2.0,1046300.0,32435300.0,47.0,31.0,0.0,0.0,31.0,14769600.0,1600000000.0,600000000.0,0.0,0.0,0.0,,0.0,0.0,0.0
2024-01-04,31.0,0.0,0.0,34.0,34.0,34.0,3.0,3799300.0,129176200.0,83.0,34.0,0.0,0.0,34.0,12925100.0,1600000000.0,600000000.0,0.0,0.0,0.0,,0.0,0.0,0.0
2024-01-05,34.0,0.0,0.0,37.0,37.0,37.0,3.0,3085700.0,114170900.0,67.0,37.0,0.0,0.0,37.0,17166600.0,1600000000.0,600000000.0,0.0,0.0,0.0,,0.0,0.0,0.0
2024-01-08,37.0,0.0,0.0,40.0,37.0,40.0,3.0,62144600.0,2426036400.0,2425.0,40.0,0.0,0.0,40.0,13505500.0,1600000000.0,600000000.0,0.0,0.0,0.0,,3000000.0,117000000.0,1.0
2024-01-09,40.0,0.0,0.0,44.0,41.0,44.0,4.0,66487800.0,2846816600.0,3926.0,44.0,0.0,0.0,44.0,13139900.0,1600000000.0,600000000.0,0.0,0.0,0.0,,0.0,0.0,0.0
2024-01-10,44.0,0.0,0.0,48.0,42.0,48.0,4.0,130348000.0,6026559100.0,9495.0,48.0,0.0,0.0,48.0,11239700.0,1600000000.0,600000000.0,0.0,90000.0,0.0,,0.0,0.0,0.0
2024-01-11,48.0,0.0,0.0,52.0,48.0,52.0,4.0,58321500.0,2970554500.0,4312.0,52.0,0.0,0.0,52.0,14271800.0,1600000000.0,600000000.0,0.0,125600.0,0.0,,0.0,0.0,0.0
2024-01-12,52.0,0.0,0.0,57.0,52.0,57.0,5.0,81840800.0,4561341900.0,3498.0,57.0,0.0,0.0,57.0,17429900.0,1600000000.0,600000000.0,0.0,0.0,0.0,,6735400.0,269416000.0,1.0
2024-01-15,57.0,0.0,0.0,62.0,57.0,62.0,5.0,136268000.0,8241371400.0,10984.0,62.0,0.0,0.0,62.0,14820000.0,1600000473.0,600000473.0,0.0,0.0,200000.0,,0.0,0.0,0.0
2024-01-16,62.0,0.0,0.0,68.0,56.0,56.0,-6.0,182632800.0,11146564600.0,6949.0,56.0,56.0,38754500.0,0.0,0.0,1600000473.0,600000473.0,0.0,200000.0,0.0,,0.0,0.0,0.0
2024-01-17,56.0,0.0,0.0,51.0,51.0,51.0,-5.0,4667200.0,238027200.0,1933.0,51.0,51.0,65453900.0,0.0,0.0,1600001714.0,600001714.0,0.0,0.0,0.0,,0.0,0.0,0.0
2024-01-18,51.0,0.0,0.0,46.0,46.0,46.0,-5.0,2252100.0,103596600.0,128.0,46.0,46.0,53443300.0,0.0,0.0,1600001714.0,600001714.0,0.0,0.0,0.0,,0.0,0.0,0.0
2024-01-19,46.0,0.0,0.0,50.0,42.0,50.0,4.0,141947000.0,6480364100.0,10095.0,50.0,0.0,0.0,50.0,24410300.0,1600001714.0,600001714.0,0.0,0.0,0.0,,0.0,0.0,0.0
2024-01-22,50.0,0.0,0.0,54.0,49.0,52.0,2.0,150749800.0,7844611900.0,45919.0,52.0,52.0,1138900.0,51.0,3133800.0,1600001935.0,600001935.0,0.0,0.0,11200.0,,0.0,0.0,0.0
2024-01-23,52.0,0.0,0.0,57.0,50.0,57.0,5.0,99080300.0,5406358800.0,10542.0,57.0,0.0,0.0,57.0,36784200.0,1600001935.0,600001935.0,0.0,11200.0,0.0,,0.0,0.0,0.0
2024-01-24,57.0,0.0,0.0,62.0,56.0,62.0,5.0,65637100.0,3982673700.0,1166.0,62.0,0.0,0.0,62.0,32398400.0,1600001935.0,600001935.0,0.0,0.0,0.0,,0.0,0.0,0.0
2024-01-25,62.0,0.0,0.0,68.0,56.0,56.0,-6.0,464930600.0,29184028400.0,31640.0,56.0,56.0,5840300.0,0.0,0.0,1600002020.0,600002020.0,0.0,0.0,0.0,,0.0,0.0,0.0
2024-01-26,56.0,0.0,0.0,51.0,51.0,51.0,-5.0,12379000.0,631329000.0,2952.0,51.0,51.0,17062500.0,0.0,0.0,1600002325.0,600002325.0,0.0,0.0,0.0,,0.0,0.0,0.0
2024-01-29,51.0,0.0,0.0,51.0,46.0,46.0,-5.0,172160500.0,8137777200.0,9736.0,46.0,46.0,10127500.0,0.0,0.0,1600002325.0,600002325.0,0.0,0.0,0.0,,0.0,0.0,0.0
2024-01-30,46.0,0.0,0.0,44.0,42.0,42.0,-4.0,97527700.0,4129166400.0,7539.0,42.0,42.0,21831000.0,0.0,0.0,1600002325.0,600002325.0,0.0,0.0,0.0,,0.0,0.0,0.0
2024-01-31,42.0,0.0,0.0,38.0,38.0,38.0,-4.0,13604200.0,516959600.0,3725.0,38.0,38.0,49930400.0,0.0,0.0,1600003690.0,600003690.0,0.0,0.0,0.0,,0.0,0.0,0.0
2024-02-01,38.0,0.0,0.0,41.0,35.0,41.0,3.0,202788400.0,7701104300.0,29115.0,41.0,41.0,473000.0,40.0,12704400.0,1600006945.0,600006945.0,0.0,0.0,0.0,,0.0,0.0,0.0
2024-02-02,41.0,0.0,0.0,44.0,37.0,37.0,-4.0,228333800.0,9327412000.0,10482.0,37.0,37.0,15178500.0,0.0,0.0,1600006945.0,600006945.0,0.0,0.0,0.0,,0.0,0.0,0.0
2024-02-05,37.0,0.0,0.0,37.0,34.0,34.0,-3.0,246892900.0,8519001900.0,16259.0,34.0,34.0,8037500.0,0.0,0.0,1600007245.0,600007245.0,0.0,0.0,0.0,,0.0,0.0,0.0
2024-02-06,34.0,0.0,0.0,33.0,31.0,31.0,-3.0,250022600.0,7806287500.0,39873.0,31.0,31.0,15046300.0,0.0,0.0,1600007401.0,600007401.0,0.0,0.0,650000.0,,0.0,0.0,0.0
2024-02-07,31.0,0.0,0.0,29.0,28.0,28.0,-3.0,87656200.0,2466196400.0,13000.0,28.0,28.0,16798900.0,0.0,0.0,1600007401.0,600007401.0,0.0,0.0,0.0,,0.0,0.0,0.0
2024-02-12,28.0,0.0,0.0,30.0,26.0,30.0,2.0,156194500.0,4399394400.0,16460.0,30.0,0.0,0.0,30.0,126692700.0,1600007410.0,600007410.0,0.0,0.0,0.0,,0.0,0.0,0.0
2024-02-13,30.0,0.0,0.0,33.0,30.0,33.0,3.0,67868000.0,2178336800.0,18755.0,33.0,0.0,0.0,33.0,22049000.0,1600007410.0,600007410.0,0.0,0.0,0.0,,0.0,0.0,0.0
2024-02-15,33.0,0.0,0.0,36.0,33.0,36.0,3.0,64043100.0,2256290300.0,11541.0,36.0,0.0,0.0,36.0,21538200.0,1600007510.0,600007510.0,0.0,0.0,50000.0,,242600.0,8733600.0,1.0
2024-02-16,36.0,0.0,0.0,38.0,33.0,33.0,-3.0,199160900.0,6893302100.0,16299.0,33.0,33.0,11505500.0,0.0,0.0,1600007600.0,600007600.0,0.0,0.0,1000.0,,0.0,0.0,0.0
2024-02-19,33.0,0.0,0.0,30.0,30.0,30.0,-3.0,29479400.0,884382000.0,6654.0,30.0,30.0,4313700.0,0.0,0.0,1600007830.0,600007830.0,0.0,0.0,0.0,,0.0,0.0,0.0
2024-02-20,30.0,0.0,0.0,30.0,27.0,27.0,-3.0,101897100.0,2787446200.0,14735.0,27.0,27.0,8416400.0,0.0,0.0,1600007886.0,600007886.0,0.0,0.0,0.0,,0.0,0.0,0.0
2024-02-21,27.0,0.0,0.0,25.0,25.0,25.0,-2.0,27678400.0,691960000.0,10756.0,25.0,25.0,5367600.0,0.0,0.0,1600007886.0,600007886.0,0.0,0.0,0.0,,0.0,0.0,0.0
2024-02-22,25.0,0.0,0.0,25.0,23.0,23.0,-2.0,166081800.0,3867964900.0,37218.0,23.0,23.0,3001600.0,0.0,0.0,1600007886.0,600007886.0,0.0,0.0,0.0,,0.0,0.0,0.0
2024-02-23,23.0,0.0,0.0,22.0,21.0,21.0,-2.0,115436400.0,2437558600.0,18535.0,21.0,21.0,7178800.0,0.0,0.0,1600007936.0,600007936.0,0.0,0.0,0.0,,0.0,0.0,0.0
2024-02-26,21.0,0.0,0.0,20.0,19.0,19.0,-2.0,68720400.0,1305737100.0,6556.0,19.0,19.0,11647900.0,0.0,0.0,1600007936.0,600007936.0,0.0,0.0,50000.0,,0.0,0.0,0.0
2024-02-27,19.0,0.0,0.0,18.0,18.0,18.0,-1.0,35657200.0,641829600.0,8242.0,18.0,18.0,42020100.0,0.0,0.0,1600008061.0,600008061.0,0.0,0.0,0.0,,0.0,0.0,0.0
2024-02-28,18.0,0.0,0.0,17.0,17.0,17.0,-1.0,21121100.0,359058700.0,5535.0,17.0,17.0,20778800.0,0.0,0.0,1600008200.0,675608200.0,0.0,0.0,0.0,,0.0,0.0,0.0
2024-02-29,17.0,0.0,0.0,18.0,16.0,18.0,1.0,133670700.0,2354077800.0,19227.0,18.0,18.0,3268600.0,17.0,4415800.0,1600008200.0,675608200.0,0.0,0.0,104000.0,,0.0,0.0,0.0
2024-03-01,18.0,0.0,0.0,19.0,17.0,17.0,-1.0,111455800.0,1967926100.0,7372.0,17.0,17.0,700300.0,0.0,0.0,1600008326.0,675608326.0,0.0,4000.0,4000.0,,0.0,0.0,0.0
2024-03-04,17.0,0.0,0.0,17.0,16.0,16.0,-1.0,17207800.0,275952900.0,699.0,16.0,16.0,5234800.0,0.0,0.0,1600008326.0,675608326.0,0.0,0.0,0.0,,0.0,0.0,0.0
2024-03-05,16.0,0.0,0.0,16.0,15.0,16.0,0.0,21551400.0,323887300.0,818.0,16.0,16.0,10937800.0,15.0,337100.0,1600008326.0,675608326.0,0.0,100000.0,0.0,,0.0,0.0,0.0
2024-03-06,16.0,0.0,0.0,16.0,15.0,15.0,-1.0,6593600.0,99683600.0,343.0,15.0,16.0,6797300.0,15.0,2469800.0,1600008326.0,675608326.0,0.0,0.0,0.0,,0.0,0.0,0.0
2024-03-07,15.0,0.0,0.0,16.0,14.0,14.0,-1.0,20648100.0,292144700.0,701.0,14.0,14.0,301200.0,0.0,0.0,1600008326.0,675608326.0,0.0,0.0,0.0,,0.0,0.0,0.0
2024-03-08,14.0,0.0,0.0,15.0,13.0,15.0,1.0,12096000.0,178845400.0,401.0,15.0,0.0,0.0,15.0,3135900.0,1600008326.0,675608326.0,0.0,0.0,0.0,,0.0,0.0,0.0
2024-03-13,15.0,0.0,0.0,16.0,15.0,16.0,1.0,11252500.0,179728400.0,470.0,16.0,0.0,0.0,16.0,5277500.0,1600008326.0,675608326.0,0.0,0.0,12000.0,,0.0,0.0,0.0
2024-03-14,16.0,0.0,0.0,17.0,16.0,17.0,1.0,9637900.0,163819000.0,226.0,17.0,0.0,0.0,17.0,3334200.0,1600008326.0,675608326.0,0.0,0.0,0.0,,0.0,0.0,0.0
2024-03-15,17.0,0.0,0.0,18.0,16.0,17.0,0.0,16660000.0,287337900.0,704.0,17.0,18.0,10052300.0,17.0,80000.0,1600008436.0,675608436.0,0.0,12000.0,0.0,,0.0,0.0,0.0
2024-03-18,17.0,0.0,0.0,17.0,16.0,16.0,-1.0,19213000.0,308067200.0,604.0,16.0,17.0,9585000.0,16.0,778200.0,1600008486.0,675608486.0,0.0,407500.0,0.0,,0.0,0.0,0.0
2024-03-19,16.0,0.0,0.0,17.0,15.0,16.0,0.0,5402800.0,86081300.0,311.0,16.0,17.0,15149900.0,16.0,4981100.0,1600008566.0,675608566.0,0.0,1900.0,0.0,,0.0,0.0,0.0
2024-03-20,16.0,0.0,0.0,17.0,15.0,15.0,-1.0,4504700.0,70936600.0,229.0,15.0,16.0,375300.0,15.0,4398900.0,1600008616.0,675608616.0,0.0,0.0,0.0,,0.0,0.0,0.0
2024-03-21,15.0,0.0,0.0,16.0,15.0,16.0,1.0,4246200.0,64288100.0,176.0,16.0,16.0,7752600.0,15.0,3320400.0,1600008616.0,675608616.0,0.0,0.0,0.0,,0.0,0.0,0.0
2024-03-22,16.0,0.0,0.0,16.0,15.0,15.0,-1.0,5750600.0,88229200.0,149.0,15.0,16.0,3128900.0,15.0,11753200.0,1600008616.0,675608616.0,0.0,0.0,0.0,,0.0,0.0,0.0
2024-03-25,15.0,0.0,0.0,16.0,15.0,15.0,0.0,6107300.0,91862300.0,197.0,15.0,15.0,6000.0,14.0,7235800.0,1600008711.0,675608711.0,0.0,0.0,0.0,,0.0,0.0,0.0
2024-03-26,15.0,0.0,0.0,15.0,14.0,14.0,-1.0,18790600.0,264268800.0,547.0,14.0,15.0,3128100.0,14.0,507700.0,1600008718.0,675608718.0,0.0,0.0,0.0,,7000.0,105000.0,1.0
2024-03-27,14.0,0.0,0.0,14.0,13.0,14.0,0.0,4595500.0,61321400.0,1030.0,14.0,14.0,1766000.0,13.0,7049300.0,1600008718.0,675608718.0,0.0,0.0,0.0,,0.0,0.0,0.0
2024-03-28,14.0,0.0,0.0,14.0,13.0,13.0,-1.0,12275200.0,159899500.0,335.0,13.0,14.0,3548400.0,13.0,392300.0,1600008934.0,675608934.0,0.0,0.0,0.0,,0.0,0.0,0.0
2024-04-01,13.0,0.0,0.0,13.0,12.0,12.0,-1.0,10169100.0,123169300.0,374.0,12.0,12.0,489200.0,0.0,0.0,1600008959.0,675608959.0,0.0,0.0,0.0,,0.0,0.0,0.0
2024-04-02,12.0,0.0,0.0,13.0,11.0,12.0,0.0,9383800.0,117716200.0,240.0,12.0,13.0,3801600.0,12.0,6269300.0,1600009014.0,675609014.0,0.0,0.0,0.0,,0.0,0.0,0.0
2024-04-03,12.0,0.0,0.0,13.0,12.0,13.0,1.0,5107800.0,61720400.0,238.0,13.0,13.0,5652700.0,12.0,1623000.0,1600009014.0,675609014.0,0.0,0.0,0.0,,0.0,0.0,0.0
2024-04-04,13.0,0.0,0.0,13.0,12.0,12.0,-1.0,1870800.0,23433900.0,186.0,12.0,13.0,3579400.0,12.0,5805300.0,1600009029.0,675609029.0,0.0,0.0,0.0,,0.0,0.0,0.0
2024-04-05,12.0,0.0,0.0,13.0,12.0,13.0,1.0,7739800.0,99798400.0,183.0,13.0,0.0,0.0,13.0,273000.0,1600009029.0,675609029.0,0.0,0.0,0.0,,0.0,0.0,0.0
2024-04-16,13.0,0.0,0.0,14.0,12.0,13.0,0.0,8084500.0,104592700.0,197.0,13.0,14.0,4618800.0,13.0,207400.0,1600013197.0,675613197.0,0.0,194600.0,120000.0,,0.0,0.0,0.0
2024-04-17,13.0,0.0,0.0,14.0,12.0,14.0,1.0,3136800.0,42298400.0,129.0,14.0,14.0,4536500.0,13.0,869300.0,1600013197.0,675613197.0,0.0,0.0,1000000.0,,0.0,0.0,0.0
2024-04-18,14.0,0.0,0.0,14.0,13.0,13.0,-1.0,5706700.0,74391000.0,150.0,13.0,14.0,4466600.0,13.0,1374300.0,1600013247.0,675613247.0,0.0,0.0,0.0,,0.0,0.0,0.0
2024-04-19,13.0,0.0,0.0,13.0,12.0,13.0,0.0,2811400.0,35670600.0,92.0,13.0,13.0,1692400.0,12.0,3497300.0,1600013247.0,675613247.0,0.0,0.0,0.0,,0.0,0.0,0.0
2024-04-22,13.0,0.0,0.0,13.0,12.0,13.0,0.0,1756200.0,21412400.0,86.0,13.0,13.0,4070700.0,12.0,3683100.0,1600013347.0,675613347.0,0.0,0.0,0.0,,0.0,0.0,0.0
2024-04-23,13.0,0.0,0.0,13.0,12.0,13.0,0.0,1593400.0,19254200.0,79.0,13.0,13.0,5973300.0,12.0,3977900.0,1600014492.0,675614492.0,0.0,0.0,0.0,,0.0,0.0,0.0
2024-04-24,13.0,0.0,0.0,13.0,12.0,13.0,0.0,3027400.0,37071600.0,76.0,13.0,13.0,3672600.0,12.0,1543000.0,1600014497.0,675614497.0,0.0,0.0,0.0,,0.0,0.0,0.0
2024-04-25,13.0,0.0,0.0,13.0,12.0,13.0,0.0,2259100.0,27772800.0,88.0,13.0,13.0,5460400.0,12.0,5322600.0,1600014497.0,675614497.0,0.0,0.0,0.0,,0.0,0.0,0.0
2024-04-26,13.0,0.0,0.0,13.0,12.0,13.0,0.0,2157900.0,27368500.0,65.0,13.0,13.0,4281100.0,12.0,3604300.0,1600014497.0,675614497.0,0.0,0.0,0.0,,0.0,0.0,0.0
2024-04-29,13.0,0.0,0.0,13.0,12.0,12.0,-1.0,2132500.0,26295000.0,94.0,12.0,13.0,5117800.0,12.0,1420500.0,1600016497.0,675616497.0,0.0,0.0,0.0,,0.0,0.0,0.0
2024-04-30,12.0,0.0,0.0,13.0,11.0,12.0,0.0,1625100.0,18837400.0,117.0,12.0,12.0,1680900.0,11.0,5018100.0,1600016507.0,675616507.0,0.0,0.0,0.0,,0.0,0.0,0.0
2024-05-02,12.0,0.0,0.0,12.0,11.0,11.0,-1.0,7176800.0,79136100.0,218.0,11.0,12.0,3157200.0,11.0,242000.0,1600016507.0,675616507.0,0.0,0.0,0.0,,0.0,0.0,0.0
2024-05-03,11.0,0.0,0.0,12.0,10.0,12.0,1.0,2762900.0,30582800.0,152.0,12.0,12.0,5292400.0,11.0,115400.0,1600016532.0,675616532.0,0.0,0.0,0.0,,0.0,0.0,0.0
2024-05-06,12.0,0.0,0.0,12.0,11.0,11.0,-1.0,1494300.0,16475000.0,125.0,11.0,12.0,6012800.0,11.0,583000.0,1600016532.0,675616532.0,0.0,0.0,0.0,,0.0,0.0,0.0
2024-05-07,11.0,0.0,0.0,12.0,11.0,12.0,1.0,952900.0,10548100.0,76.0,12.0,12.0,6555800.0,11.0,520100.0,1600016657.0,675616657.0,0.0,0.0,0.0,,0.0,0.0,0.0
2024-05-08,12.0,0.0,0.0,12.0,11.0,11.0,-1.0,1841500.0,20504300.0,106.0,11.0,12.0,5681300.0,11.0,285100.0,1600016688.0,675616688.0,0.0,0.0,0.0,,0.0,0.0,0.0
2024-05-13,11.0,0.0,0.0,12.0,10.0,11.0,0.0,3132900.0,34298300.0,115.0,11.0,11.0,804700.0,10.0,9269800.0,1600016689.0,675616689.0,0.0,0.0,0.0,,0.0,0.0,0.0
2024-05-14,11.0,0.0,0.0,11.0,10.0,11.0,0.0,433700.0,4466900.0,67.0,11.0,11.0,5955200.0,10.0,8952300.0,1600016809.0,675616809.0,0.0,0.0,0.0,,0.0,0.0,0.0
2024-05-15,11.0,0.0,0.0,11.0,10.0,10.0,-1.0,7078100.0,70835400.0,292.0,10.0,11.0,7794000.0,10.0,316300.0,1600016937.0,675616937.0,0.0,0.0,0.0,,0.0,0.0,0.0
2024-05-16,10.0,0.0,0.0,11.0,9.0,10.0,0.0,2231900.0,22239000.0,138.0,10.0,11.0,5893000.0,10.0,730400.0,1600017102.0,675617102.0,0.0,0.0,0.0,,0.0,0.0,0.0
2024-05-17,10.0,0.0,0.0,11.0,9.0,11.0,1.0,2086000.0,20776800.0,132.0,11.0,11.0,5815900.0,10.0,4100.0,1600017102.0,675617102.0,0.0,0.0,0.0,,0.0,0.0,0.0
2024-05-20,11.0,0.0,0.0,11.0,10.0,10.0,-1.0,2112200.0,21631200.0,87.0,10.0,11.0,4774800.0,10.0,818900.0,1600017327.0,675617327.0,0.0,0.0,0.0,,0.0,0.0,0.0
2024-05-21,10.0,0.0,0.0,11.0,9.0,11.0,1.0,1171600.0,11808300.0,109.0,11.0,11.0,6107500.0,10.0,24600.0,1600017367.0,675617367.0,0.0,0.0,0.0,,0.0,0.0,0.0
2024-05-22,11.0,0.0,0.0,11.0,10.0,11.0,0.0,743100.0,7500100.0,76.0,11.0,11.0,4055300.0,10.0,413000.0,1600017498.0,675617498.0,0.0,0.0,0.0,,0.0,0.0,0.0
2024-05-27,11.0,0.0,0.0,11.0,10.0,11.0,0.0,1013100.0,10167000.0,98.0,11.0,11.0,3799600.0,10.0,28100.0,1600017518.0,675617518.0,0.0,0.0,0.0,,0.0,0.0,0.0
2024-05-28,11.0,0.0,0.0,11.0,10.0,11.0,0.0,321600.0,3246700.0,44.0,11.0,11.0,5311500.0,10.0,2352200.0,1600017518.0,675617518.0,0.0,0.0,0.0,,0.0,0.0,0.0
2024-05-29,11.0,0.0,0.0,11.0,10.0,10.0,-1.0,4202400.0,42162400.0,92.0,10.0,10.0,469900.0,0.0,0.0,1600017658.0,675617658.0,0.0,0.0,0.0,,0.0,0.0,0.0
2024-05-30,10.0,0.0,0.0,10.0,9.0,10.0,0.0,1297900.0,12496500.0,104.0,10.0,10.0,1366400.0,9.0,5079200.0,1600017733.0,675617733.0,0.0,0.0,0.0,,0.0,0.0,0.0
2024-05-31,10.0,0.0,0.0,10.0,9.0,10.0,0.0,518700.0,4860900.0,68.0,10.0,10.0,2037700.0,9.0,7386000.0,1600017733.0,675617733.0,0.0,0.0,0.0,,0.0,0.0,0.0
2024-06-03,10.0,0.0,0.0,10.0,9.0,9.0,-1.0,10176700.0,91592400.0,222.0,9.0,9.0,45800.0,0.0,0.0,1600017735.0,675617735.0,0.0,0.0,0.0,,0.0,0.0,0.0
2024-06-04,9.0,0.0,0.0,10.0,8.0,10.0,1.0,580300.0,5386800.0,105.0,10.0,10.0,3211800.0,9.0,1690900.0,1600017825.0,675617825.0,0.0,0.0,0.0,,0.0,0.0,0.0
2024-06-05,10.0,0.0,0.0,10.0,9.0,10.0,0.0,813000.0,7571100.0,64.0,10.0,10.0,2800400.0,9.0,1277500.0,1600017963.0,675617963.0,0.0,0.0,0.0,,0.0,0.0,0.0
2024-06-06,10.0,0.0,0.0,10.0,9.0,9.0,-1.0,3819300.0,34452700.0,206.0,9.0,10.0,3253200.0,9.0,490500.0,1600017963.0,675617963.0,0.0,0.0,0.0,,0.0,0.0,0.0
2024-06-07,9.0,0.0,0.0,10.0,9.0,10.0,1.0,1327000.0,12076600.0,97.0,10.0,10.0,6274800.0,9.0,389700.0,1600017963.0,675617963.0,0.0,0.0,0.0,,0.0,0.0,0.0
2024-06-10,10.0,0.0,0.0,10.0,9.0,10.0,0.0,1418100.0,12864000.0,133.0,10.0,10.0,3071000.0,9.0,83000.0,1600018045.0,675618045.0,0.0,0.0,0.0,,0.0,0.0,0.0
2024-06-11,10.0,0.0,0.0,10.0,9.0,10.0,0.0,1023600.0,9762800.0,91.0,10.0,10.0,4027900.0,9.0,969300.0,1600018219.0,675618219.0,0.0,0.0,0.0,,0.0,0.0,0.0
2024-06-12,10.0,0.0,0.0,10.0,9.0,9.0,-1.0,2246900.0,20224600.0,112.0,9.0,9.0,559700.0,0.0,0.0,1600018237.0,675618237.0,0.0,0.0,0.0,,0.0,0.0,0.0
2024-06-13,9.0,0.0,0.0,10.0,8.0,9.0,0.0,2262100.0,20296600.0,111.0,9.0,9.0,349800.0,8.0,4450700.0,1600018237.0,675618237.0,0.0,0.0,0.0,,0.0,0.0,0.0
2024-06-14,9.0,0.0,0.0,10.0,8.0,9.0,0.0,1741900.0,15652900.0,116.0,9.0,10.0,9413500.0,9.0,48200.0,1600018323.0,675618323.0,0.0,9200.0,0.0,,0.0,0.0,0.0
2024-06-19,9.0,0.0,0.0,10.0,8.0,9.0,0.0,1184800.0,10217900.0,117.0,9.0,9.0,640900.0,8.0,5863300.0,1600018408.0,675618408.0,0.0,0.0,0.0,,0.0,0.0,0.0
2024-06-20,9.0,0.0,0.0,9.0,8.0,9.0,0.0,1470800.0,12658900.0,71.0,9.0,9.0,3370100.0,8.0,5318600.0,1600018533.0,675618533.0,0.0,0.0,0.0,,0.0,0.0,0.0
2024-06-21,9.0,0.0,0.0,9.0,8.0,9.0,0.0,322000.0,2716800.0,51.0,9.0,9.0,3793700.0,8.0,8333400.0,1600018533.0,675618533.0,0.0,0.0,0.0,,0.0,0.0,0.0
2024-06-24,9.0,0.0,0.0,9.0,8.0,9.0,0.0,4815500.0,38608700.0,92.0,9.0,9.0,4555900.0,8.0,4344100.0,1600019658.0,675619658.0,0.0,0.0,0.0,,0.0,0.0,0.0
2024-06-25,9.0,0.0,0.0,9.0,8.0,8.0,-1.0,4275600.0,34403900.0,171.0,8.0,8.0,17800.0,0.0,0.0,1600019678.0,675619678.0,0.0,0.0,0.0,,0.0,0.0,0.0
2024-06-26,8.0,0.0,0.0,9.0,8.0,8.0,0.0,962000.0,7742500.0,563.0,8.0,9.0,3353100.0,8.0,731400.0,1600019678.0,675619678.0,0.0,0.0,0.0,,0.0,0.0,0.0
2024-06-27,8.0,0.0,0.0,9.0,7.0,8.0,0.0,5761400.0,43710800.0,148.0,8.0,8.0,2103500.0,7.0,5926000.0,1600019681.0,675619681.0,0.0,0.0,0.0,,0.0,0.0,0.0
2024-06-28,8.0,0.0,0.0,8.0,7.0,7.0,-1.0,14933100.0,106078700.0,232.0,7.0,8.0,4145400.0,0.0,0.0,1600019715.0,675619715.0,0.0,0.0,0.0,,0.0,0.0,0.0
2024-07-01,7.0,0.0,0.0,7.0,6.0,7.0,0.0,17614600.0,115285200.0,267.0,7.0,7.0,3483300.0,6.0,35352200.0,1600019739.0,675619739.0,0.0,0.0,0.0,,0.0,0.0,0.0
2024-07-02,7.0,0.0,0.0,7.0,6.0,7.0,0.0,8795600.0,57633800.0,133.0,7.0,7.0,2152700.0,6.0,26973000.0,1600019739.0,675619739.0,0.0,0.0,0.0,,0.0,0.0,0.0
2024-07-03,7.0,0.0,0.0,7.0,6.0,7.0,0.0,4881700.0,31705000.0,95.0,7.0,7.0,2059300.0,6.0,26973500.0,1600019862.0,675619862.0,0.0,0.0,0.0,,0.0,0.0,0.0
2024-07-04,7.0,0.0,0.0,8.0,6.0,8.0,1.0,9674700.0,67319600.0,266.0,8.0,8.0,6008400.0,7.0,126600.0,1600020011.0,675620011.0,0.0,0.0,0.0,,0.0,0.0,0.0
2024-07-05,8.0,0.0,0.0,8.0,7.0,8.0,0.0,945100.0,7327400.0,68.0,8.0,8.0,3967500.0,7.0,3676300.0,1600020011.0,675620011.0,0.0,0.0,0.0,,0.0,0.0,0.0
2024-07-08,8.0,0.0,0.0,8.0,7.0,7.0,-1.0,1493900.0,11511800.0,78.0,7.0,8.0,3844900.0,7.0,2778900.0,1600020262.0,675620262.0,0.0,0.0,0.0,,0.0,0.0,0.0
2024-07-09,7.0,0.0,0.0,8.0,7.0,8.0,1.0,1228100.0,9565700.0,83.0,8.0,8.0,3520100.0,7.0,2808500.0,1600021157.0,675621157.0,0.0,0.0,0.0,,0.0,0.0,0.0
2024-07-10,8.0,0.0,0.0,8.0,7.0,8.0,0.0,2028500.0,15960700.0,113.0,8.0,8.0,2398100.0,7.0,6410200.0,1600031578.0,675631578.0,0.0,0.0,0.0,,0.0,0.0,0.0
2024-07-11,8.0,0.0,0.0,8.0,7.0,8.0,0.0,2317700.0,18461100.0,101.0,8.0,8.0,459800.0,7.0,8138300.0,1600031578.0,675631578.0,0.0,0.0,0.0,,0.0,0.0,0.0
2024-07-12,8.0,0.0,0.0,8.0,7.0,8.0,0.0,4837700.0,35123700.0,104.0,8.0,8.0,1356000.0,7.0,3944400.0,1600031683.0,675631683.0,0.0,0.0,0.0,,0.0,0.0,0.0
2024-07-15,8.0,0.0,0.0,8.0,7.0,7.0,-1.0,568500.0,4472600.0,52.0,7.0,8.0,6790000.0,7.0,9267500.0,1600031683.0,675631683.0,0.0,0.0,0.0,,0.0,0.0,0.0
2024-07-16,7.0,0.0,0.0,8.0,7.0,8.0,1.0,576700.0,4543500.0,72.0,8.0,8.0,4329800.0,7.0,8784500.0,1600031683.0,675631683.0,0.0,0.0,0.0,,0.0,0.0,0.0
2024-07-17,8.0,0.0,0.0,8.0,7.0,8.0,0.0,1831700.0,14536100.0,75.0,8.0,8.0,2699400.0,7.0,10073700.0,1600031683.0,675631683.0,0.0,0.0,0.0,,0.0,0.0,0.0
2024-07-18,8.0,0.0,0.0,9.0,7.0,8.0,0.0,3048800.0,25366000.0,150.0,8.0,9.0,8654000.0,8.0,1881700.0,1600031683.0,675631683.0,0.0,0.0,0.0,,0.0,0.0,0.0
2024-07-19,8.0,0.0,0.0,9.0,8.0,9.0,1.0,4312900.0,36670200.0,122.0,9.0,9.0,2835300.0,8.0,4283500.0,1600031683.0,675631683.0,0.0,0.0,0.0,,0.0,0.0,0.0
2024-07-22,9.0,0.0,0.0,9.0,8.0,9.0,0.0,2989300.0,26448800.0,228.0,9.0,9.0,1786400.0,8.0,3682000.0,1600031683.0,675631683.0,0.0,0.0,0.0,,0.0,0.0,0.0
2024-07-23,9.0,0.0,0.0,10.0,8.0,9.0,0.0,6317600.0,56108700.0,199.0,9.0,9.0,2600400.0,8.0,9322600.0,1600031683.0,675631683.0,0.0,0.0,0.0,,0.0,0.0,0.0
2024-07-24,9.0,0.0,0.0,9.0,8.0,9.0,0.0,12746000.0,108952900.0,103.0,9.0,9.0,2266200.0,8.0,19500800.0,1600031683.0,675631683.0,0.0,0.0,0.0,,0.0,0.0,0.0
2024-07-25,9.0,0.0,0.0,10.0,8.0,9.0,0.0,12906100.0,118569100.0,167.0,9.0,10.0,8438900.0,9.0,697600.0,1600031683.0,675631683.0,0.0,0.0,0.0,,0.0,0.0,0.0
2024-07-26,9.0,0.0,0.0,10.0,9.0,9.0,0.0,2563200.0,23838500.0,137.0,9.0,10.0,8037900.0,9.0,11712600.0,1600031683.0,675631683.0,0.0,0.0,0.0,,0.0,0.0,0.0
2024-07-29,9.0,0.0,0.0,10.0,9.0,10.0,1.0,12370200.0,122247400.0,238.0,10.0,10.0,224800.0,9.0,3632800.0,1600031683.0,675631683.0,0.0,0.0,65000.0,,0.0,0.0,0.0
2024-07-30,10.0,0.0,0.0,11.0,9.0,11.0,1.0,5901500.0,62394500.0,159.0,11.0,11.0,2398000.0,10.0,2118300.0,1600031683.0,675631683.0,0.0,0.0,1000000.0,,0.0,0.0,0.0
2024-07-31,11.0,0.0,0.0,11.0,10.0,10.0,-1.0,17855600.0,178566100.0,188.0,10.0,10.0,3071800.0,0.0,0.0,1600031683.0,675631683.0,0.0,0.0,0.0,,0.0,0.0,0.0
2024-08-01,10.0,0.0,0.0,10.0,9.0,9.0,-1.0,3580000.0,33277100.0,82.0,9.0,10.0,5446600.0,9.0,2826300.0,1600031683.0,675631683.0,0.0,0.0,0.0,,0.0,0.0,0.0
2024-08-02,9.0,0.0,0.0,9.0,8.0,9.0,0.0,3409000.0,30660400.0,160.0,9.0,9.0,993600.0,8.0,6453300.0,1600031683.0,675631683.0,0.0,0.0,0.0,,0.0,0.0,0.0
2024-08-05,9.0,0.0,0.0,9.0,8.0,9.0,0.0,2838600.0,25162500.0,105.0,9.0,9.0,1019700.0,8.0,5196900.0,1600031683.0,675631683.0,0.0,0.0,0.0,,0.0,0.0,0.0
2024-08-06,9.0,0.0,0.0,10.0,8.0,10.0,1.0,2215400.0,20573500.0,106.0,10.0,10.0,5654700.0,9.0,496400.0,1600031683.0,675631683.0,0.0,0.0,0.0,,0.0,0.0,0.0
2024-08-07,10.0,0.0,0.0,10.0,9.0,9.0,-1.0,3406600.0,30888700.0,134.0,9.0,10.0,3576000.0,9.0,49600.0,1600031683.0,675631683.0,0.0,1000000.0,0.0,,0.0,0.0,0.0
2024-08-08,9.0,0.0,0.0,10.0,8.0,9.0,0.0,3233300.0,29025400.0,146.0,9.0,9.0,7200.0,8.0,8954200.0,1600031683.0,675631683.0,0.0,0.0,0.0,,0.0,0.0,0.0
2024-08-09,9.0,0.0,0.0,10.0,8.0,9.0,0.0,975600.0,8826800.0,108.0,9.0,10.0,6419100.0,9.0,253200.0,1600031683.0,675631683.0,0.0,0.0,0.0,,0.0,0.0,0.0
2024-08-12,9.0,0.0,0.0,10.0,8.0,9.0,0.0,3795400.0,34016000.0,144.0,9.0,9.0,604500.0,8.0,9334100.0,1600031683.0,1600031683.0,0.0,0.0,0.0,,0.0,0.0,0.0
2024-08-13,9.0,0.0,0.0,10.0,8.0,10.0,1.0,3254000.0,29771000.0,114.0,10.0,10.0,7561800.0,9.0,1209000.0,1600031683.0,1600031683.0,0.0,0.0,0.0,,0.0,0.0,0.0
2024-08-14,10.0,0.0,0.0,10.0,9.0,10.0,0.0,4654500.0,42090200.0,145.0,10.0,10.0,6113100.0,9.0,1289800.0,1600031683.0,1600031683.0,0.0,0.0,0.0,,0.0,0.0,0.0
2024-08-15,10.0,0.0,0.0,10.0,9.0,9.0,-1.0,2570100.0,24383500.0,71.0,9.0,10.0,5572400.0,9.0,2520700.0,1600031683.0,1600031683.0,0.0,0.0,0.0,,0.0,0.0,0.0
2024-08-16,9.0,0.0,0.0,10.0,9.0,10.0,1.0,2338000.0,21597000.0,100.0,10.0,10.0,4391500.0,9.0,554500.0,1600031683.0,1600031683.0,0.0,0.0,0.0,,0.0,0.0,0.0
2024-08-19,10.0,0.0,0.0,10.0,9.0,10.0,0.0,9724400.0,96608200.0,237.0,10.0,10.0,452400.0,9.0,3504300.0,1600031683.0,1600031683.0,0.0,0.0,0.0,,0.0,0.0,0.0
2024-08-20,10.0,0.0,0.0,11.0,9.0,10.0,0.0,4114400.0,39795000.0,144.0,10.0,10.0,3361200.0,9.0,7979400.0,1600031683.0,1600031683.0,0.0,0.0,0.0,,0.0,0.0,0.0
2024-08-21,10.0,0.0,0.0,10.0,9.0,9.0,-1.0,2586800.0,23797400.0,74.0,9.0,10.0,3353100.0,9.0,8584600.0,1600031683.0,1600031683.0,0.0,0.0,0.0,,0.0,0.0,0.0
2024-08-22,9.0,0.0,0.0,10.0,9.0,9.0,0.0,9794500.0,95202100.0,155.0,9.0,10.0,524000.0,9.0,4699200.0,1600031683.0,1600031683.0,0.0,0.0,0.0,,0.0,0.0,0.0
2024-08-23,9.0,0.0,0.0,10.0,9.0,10.0,1.0,11742300.0,117294300.0,150.0,10.0,0.0,0.0,10.0,2666100.0,1600031683.0,1600031683.0,0.0,0.0,0.0,,0.0,0.0,0.0
2024-08-26,10.0,0.0,0.0,11.0,10.0,11.0,1.0,7728800.0,84913400.0,241.0,11.0,0.0,0.0,11.0,1935900.0,1600031683.0,1600031683.0,0.0,0.0,0.0,,0.0,0.0,0.0
2024-08-27,11.0,0.0,0.0,12.0,11.0,12.0,1.0,8351000.0,100085300.0,390.0,12.0,0.0,0.0,12.0,1002300.0,1600031683.0,1600031683.0,0.0,0.0,0.0,,0.0,0.0,0.0
2024-08-28,12.0,0.0,0.0,13.0,12.0,13.0,1.0,4471000.0,57829600.0,183.0,13.0,0.0,0.0,13.0,3379000.0,1600031683.0,1600031683.0,0.0,0.0,0.0,,0.0,0.0,0.0
2024-08-29,13.0,0.0,0.0,14.0,13.0,14.0,1.0,8884500.0,124326500.0,278.0,14.0,0.0,0.0,14.0,2613800.0,1600031683.0,1600031683.0,0.0,0.0,0.0,,0.0,0.0,0.0
2024-08-30,14.0,0.0,0.0,15.0,13.0,14.0,0.0,17518000.0,245299300.0,601.0,14.0,15.0,5068800.0,14.0,11400.0,1600031683.0,1600031683.0,0.0,0.0,0.0,,0.0,0.0,0.0
2024-09-02,14.0,0.0,0.0,15.0,13.0,13.0,-1.0,7407600.0,97517700.0,232.0,13.0,13.0,637000.0,0.0,0.0,1600031683.0,1600031683.0,0.0,0.0,0.0,,0.0,0.0,0.0
2024-09-03,13.0,0.0,0.0,13.0,12.0,13.0,0.0,6140800.0,74585800.0,236.0,13.0,13.0,1538300.0,12.0,400400.0,1600031683.0,1600031683.0,0.0,0.0,0.0,,0.0,0.0,0.0
2024-09-04,13.0,0.0,0.0,13.0,12.0,13.0,0.0,4313300.0,51870800.0,236.0,13.0,13.0,7085300.0,12.0,114400.0,1600031683.0,1600031683.0,0.0,0.0,0.0,,0.0,0.0,0.0
2024-09-05,13.0,0.0,0.0,13.0,12.0,12.0,-1.0,2083200.0,25281900.0,152.0,12.0,13.0,5189700.0,12.0,563300.0,1600031683.0,1600031683.0,0.0,0.0,0.0,,0.0,0.0,0.0
2024-09-06,12.0,0.0,0.0,13.0,12.0,12.0,0.0,2621400.0,32409400.0,109.0,12.0,13.0,3484000.0,12.0,2640000.0,1600031683.0,1600031683.0,0.0,0.0,0.0,,0.0,0.0,0.0
2024-09-09,12.0,0.0,0.0,13.0,12.0,13.0,1.0,2126600.0,26721900.0,112.0,13.0,13.0,6377200.0,12.0,3303100.0,1600031683.0,1600031683.0,0.0,0.0,0.0,,0.0,0.0,0.0
2024-09-10,13.0,0.0,0.0,13.0,12.0,12.0,-1.0,1999500.0,24201100.0,70.0,12.0,13.0,2860800.0,12.0,3826900.0,1600031683.0,1600031683.0,0.0,0.0,0.0,,0.0,0.0,0.0
2024-09-11,12.0,0.0,0.0,13.0,12.0,12.0,0.0,3327400.0,40297100.0,174.0,12.0,13.0,7863800.0,12.0,119200.0,1600031683.0,1600031683.0,0.0,0.0,0.0,,0.0,0.0,0.0
2024-09-12,12.0,0.0,0.0,13.0,12.0,12.0,0.0,1090200.0,13262600.0,97.0,12.0,13.0,6198600.0,12.0,2198000.0,1600031683.0,1600031683.0,0.0,0.0,0.0,,0.0,0.0,0.0
2024-09-13,12.0,0.0,0.0,13.0,12.0,12.0,0.0,3178300.0,39293600.0,94.0,12.0,13.0,5622800.0,12.0,1201400.0,1600031683.0,1600031683.0,0.0,0.0,0.0,,0.0,0.0,0.0
2024-09-17,12.0,0.0,0.0,13.0,12.0,12.0,0.0,2370600.0,29455600.0,81.0,12.0,13.0,7929000.0,12.0,1640100.0,1600031683.0,1600031683.0,0.0,0.0,0.0,,0.0,0.0,0.0
2024-09-18,12.0,0.0,0.0,13.0,12.0,12.0,0.0,13260000.0,164038400.0,174.0,12.0,13.0,5397000.0,12.0,2360900.0,1600031683.0,1600031683.0,0.0,0.0,0.0,,0.0,0.0,0.0
2024-09-19,12.0,0.0,0.0,13.0,12.0,12.0,0.0,710200.0,8686400.0,52.0,12.0,13.0,5702000.0,12.0,4135900.0,1600031683.0,1600031683.0,0.0,0.0,0.0,,0.0,0.0,0.0
2024-09-20,12.0,0.0,0.0,13.0,12.0,12.0,0.0,1624200.0,20549000.0,65.0,12.0,13.0,9082600.0,12.0,3166200.0,1600031683.0,1600031683.0,0.0,0.0,0.0,,0.0,0.0,0.0
2024-09-23,12.0,0.0,0.0,13.0,12.0,12.0,0.0,1575000.0,19235400.0,73.0,12.0,13.0,11096100.0,12.0,2290000.0,1600031683.0,1600031683.0,0.0,0.0,0.0,,0.0,0.0,0.0
2024-09-24,12.0,0.0,0.0,13.0,11.0,12.0,0.0,4049300.0,48638000.0,133.0,12.0,13.0,7133400.0,12.0,3978400.0,1600031683.0,1600031683.0,0.0,100.0,0.0,,0.0,0.0,0.0
2024-09-25,12.0,0.0,0.0,13.0,12.0,12.0,0.0,1679800.0,20413200.0,103.0,12.0,13.0,13427700.0,12.0,724300.0,1600031683.0,1600031683.0,0.0,0.0,0.0,,0.0,0.0,0.0
2024-09-26,12.0,0.0,0.0,13.0,11.0,12.0,0.0,9984700.0,119805700.0,126.0,12.0,12.0,1029800.0,11.0,4101300.0,1600031683.0,1600031683.0,0.0,0.0,0.0,,0.0,0.0,0.0
2024-09-27,12.0,0.0,0.0,12.0,11.0,12.0,0.0,604300.0,7026000.0,94.0,12.0,12.0,1865300.0,11.0,2160700.0,1600031683.0,1600031683.0,0.0,0.0,0.0,,0.0,0.0,0.0
2024-09-30,12.0,0.0,0.0,12.0,11.0,11.0,-1.0,1123300.0,13124400.0,78.0,11.0,12.0,4170800.0,11.0,3983300.0,1600031683.0,1600031683.0,0.0,0.0,0.0,,0.0,0.0,0.0
2024-10-01,11.0,0.0,0.0,12.0,11.0,11.0,0.0,526700.0,5886800.0,51.0,11.0,12.0,5779600.0,11.0,1364200.0,1600031683.0,1600031683.0,0.0,0.0,0.0,,0.0,0.0,0.0
2024-10-02,11.0,0.0,0.0,12.0,11.0,11.0,0.0,4832200.0,53651400.0,94.0,11.0,12.0,7224000.0,11.0,517500.0,1600031683.0,1600031683.0,0.0,0.0,0.0,,0.0,0.0,0.0
2024-10-03,11.0,0.0,0.0,12.0,11.0,11.0,0.0,5087800.0,58075400.0,150.0,11.0,11.0,25600.0,10.0,2533600.0,1600031683.0,1600031683.0,0.0,0.0,0.0,,0.0,0.0,0.0
2024-10-04,11.0,0.0,0.0,12.0,10.0,11.0,0.0,2623900.0,27804400.0,82.0,11.0,11.0,443600.0,10.0,6580900.0,1600031683.0,1600031683.0,0.0,0.0,0.0,,0.0,0.0,0.0
2024-10-07,11.0,0.0,0.0,11.0,10.0,10.0,-1.0,3399200.0,34984500.0,79.0,10.0,11.0,4988300.0,10.0,8208700.0,1600031683.0,1600031683.0,0.0,0.0,0.0,,0.0,0.0,0.0
2024-10-08,10.0,0.0,0.0,11.0,10.0,10.0,0.0,2977600.0,30629100.0,64.0,10.0,11.0,5244600.0,10.0,3496400.0,1600031683.0,1600031683.0,0.0,0.0,0.0,,0.0,0.0,0.0
2024-10-09,10.0,0.0,0.0,11.0,10.0,10.0,0.0,2038700.0,21694500.0,95.0,10.0,11.0,5029200.0,10.0,6418500.0,1600031683.0,1600031683.0,0.0,0.0,0.0,,0.0,0.0,0.0
2024-10-10,10.0,0.0,0.0,11.0,10.0,10.0,0.0,1313300.0,13746100.0,119.0,10.0,11.0,3415600.0,10.0,6649800.0,1600031683.0,1600031683.0,0.0,0.0,0.0,,0.0,0.0,0.0
2024-10-11,10.0,0.0,0.0,11.0,10.0,10.0,0.0,1195200.0,12231000.0,81.0,10.0,11.0,2590900.0,10.0,4290100.0,1600031683.0,1600031683.0,0.0,0.0,0.0,,0.0,0.0,0.0
2024-10-14,10.0,0.0,0.0,11.0,10.0,10.0,0.0,1819300.0,19228400.0,106.0,10.0,11.0,4071800.0,10.0,4990500.0,1600031683.0,1600031683.0,0.0,0.0,0.0,,0.0,0.0,0.0
2024-10-15,10.0,0.0,0.0,11.0,10.0,10.0,0.0,446100.0,4787500.0,65.0,10.0,11.0,3123400.0,10.0,5185500.0,1600031683.0,1600031683.0,0.0,0.0,0.0,,0.0,0.0,0.0
2024-10-16,10.0,0.0,0.0,11.0,10.0,11.0,1.0,527600.0,5428600.0,103.0,11.0,11.0,3307400.0,10.0,4165100.0,1600031683.0,1600031683.0,0.0,0.0,0.0,,0.0,0.0,0.0
2024-10-17,11.0,0.0,0.0,12.0,10.0,12.0,1.0,9936000.0,112657700.0,182.0,12.0,0.0,0.0,12.0,1324200.0,1600031683.0,1600031683.0,0.0,0.0,1000.0,,0.0,0.0,0.0
2024-10-18,12.0,0.0,0.0,13.0,11.0,11.0,-1.0,5022700.0,62172500.0,198.0,11.0,12.0,251300.0,11.0,3416500.0,1600031683.0,1600031683.0,0.0,70000.0,0.0,,0.0,0.0,0.0
2024-10-21,11.0,0.0,0.0,12.0,11.0,12.0,1.0,4481100.0,53634700.0,162.0,12.0,12.0,457100.0,11.0,5238100.0,1600031683.0,1600031683.0,0.0,1000.0,305000.0,,0.0,0.0,0.0
2024-10-22,12.0,0.0,0.0,13.0,11.0,12.0,0.0,12329500.0,149143100.0,340.0,12.0,13.0,7531100.0,12.0,104800.0,1600031683.0,1600031683.0,0.0,0.0,0.0,,0.0,0.0,0.0
2024-10-23,12.0,0.0,0.0,13.0,11.0,12.0,0.0,1475100.0,17899100.0,101.0,12.0,13.0,11136800.0,12.0,496200.0,1600031683.0,1600031683.0,0.0,0.0,0.0,,0.0,0.0,0.0
2024-10-24,12.0,0.0,0.0,13.0,11.0,12.0,0.0,3100300.0,36705600.0,115.0,12.0,12.0,517200.0,11.0,10856800.0,1600031683.0,1600031683.0,0.0,0.0,0.0,,0.0,0.0,0.0
2024-10-25,12.0,0.0,0.0,12.0,11.0,12.0,0.0,1380100.0,16174800.0,87.0,12.0,12.0,3597000.0,11.0,7011000.0,1600031683.0,1600031683.0,0.0,0.0,0.0,,0.0,0.0,0.0
2024-10-28,12.0,0.0,0.0,12.0,11.0,12.0,0.0,1989900.0,22182300.0,70.0,12.0,12.0,3709500.0,11.0,6007900.0,1600031683.0,1600031683.0,0.0,0.0,0.0,,0.0,0.0,0.0
2024-10-29,12.0,0.0,0.0,12.0,11.0,11.0,-1.0,2267800.0,25272800.0,50.0,11.0,12.0,3337300.0,11.0,4640400.0,1600031683.0,1600031683.0,0.0,0.0,0.0,,0.0,0.0,0.0
2024-10-30,11.0,0.0,0.0,12.0,11.0,11.0,0.0,4628800.0,51020700.0,113.0,11.0,12.0,2564800.0,11.0,81000.0,1600031683.0,1600031683.0,0.0,0.0,0.0,,0.0,0.0,0.0
2024-10-31,11.0,0.0,0.0,12.0,11.0,12.0,1.0,1012800.0,11402400.0,81.0,12.0,12.0,5497200.0,11.0,365800.0,1600031683.0,1600031683.0,0.0,0.0,0.0,,0.0,0.0,0.0
2024-11-01,12.0,0.0,0.0,12.0,11.0,12.0,0.0,1177800.0,13792100.0,61.0,12.0,12.0,4866900.0,11.0,1866500.0,1600031683.0,1600031683.0,0.0,0.0,31000.0,,0.0,0.0,0.0
2024-11-04,12.0,0.0,0.0,12.0,11.0,11.0,-1.0,1295800.0,14449300.0,79.0,11.0,12.0,5877900.0,11.0,607800.0,1600031683.0,1600031683.0,0.0,0.0,0.0,,0.0,0.0,0.0
2024-11-05,11.0,0.0,0.0,12.0,10.0,11.0,0.0,2596000.0,28927500.0,122.0,11.0,12.0,4753000.0,11.0,233900.0,1600031683.0,1600031683.0,0.0,0.0,0.0,,0.0,0.0,0.0
2024-11-06,11.0,0.0,0.0,12.0,10.0,11.0,0.0,4158300.0,48347900.0,233.0,11.0,12.0,4382500.0,11.0,332200.0,1600031683.0,1600031683.0,0.0,0.0,0.0,,0.0,0.0,0.0
2024-11-07,11.0,0.0,0.0,12.0,11.0,12.0,1.0,1742600.0,20515100.0,82.0,12.0,12.0,7036900.0,11.0,1876500.0,1600031683.0,1600031683.0,0.0,0.0,0.0,,0.0,0.0,0.0
2024-11-08,12.0,0.0,0.0,13.0,11.0,13.0,1.0,20360500.0,258595500.0,405.0,13.0,0.0,0.0,13.0,5000000.0,1600031683.0,1600031683.0,0.0,336000.0,0.0,,0.0,0.0,0.0
2024-11-11,13.0,0.0,0.0,14.0,12.0,13.0,0.0,15232700.0,201789900.0,464.0,13.0,13.0,1931900.0,12.0,4371000.0,1600031683.0,1600031683.0,0.0,0.0,0.0,,0.0,0.0,0.0
2024-11-12,13.0,0.0,0.0,13.0,12.0,13.0,0.0,9321300.0,115666500.0,288.0,13.0,13.0,2518000.0,12.0,7788300.0,1600031683.0,1600031683.0,0.0,0.0,0.0,,0.0,0.0,0.0
2024-11-13,13.0,0.0,0.0,13.0,12.0,12.0,-1.0,8848500.0,106228000.0,186.0,12.0,12.0,380100.0,0.0,0.0,1600031683.0,1600031683.0,0.0,0.0,0.0,,0.0,0.0,0.0
2024-11-14,12.0,0.0,0.0,13.0,12.0,13.0,1.0,18501900.0,237563100.0,165.0,13.0,0.0,0.0,13.0,7514500.0,1600031683.0,1600031683.0,0.0,0.0,0.0,,0.0,0.0,0.0
2024-11-15,13.0,0.0,0.0,14.0,13.0,14.0,1.0,13850800.0,190877000.0,216.0,14.0,0.0,0.0,14.0,2629200.0,1600031683.0,1600031683.0,0.0,0.0,0.0,,0.0,0.0,0.0
2024-11-18,14.0,0.0,0.0,15.0,14.0,14.0,0.0,20632000.0,307307600.0,1156.0,14.0,15.0,644700.0,14.0,1230400.0,1600031683.0,1600031683.0,0.0,0.0,0.0,,0.0,0.0,0.0
2024-11-19,14.0,0.0,0.0,15.0,13.0,15.0,1.0,28859200.0,399698200.0,404.0,15.0,15.0,8441400.0,14.0,719300.0,1600031683.0,1600031683.0,0.0,0.0,0.0,,0.0,0.0,0.0
2024-11-20,15.0,0.0,0.0,15.0,14.0,14.0,-1.0,15937900.0,223252400.0,263.0,14.0,15.0,7232500.0,14.0,345800.0,1600031683.0,1600031683.0,0.0,0.0,0.0,,0.0,0.0,0.0
2024-11-21,14.0,0.0,0.0,15.0,13.0,13.0,-1.0,10102500.0,136938800.0,450.0,13.0,14.0,1625400.0,13.0,10081300.0,1600031683.0,1600031683.0,0.0,0.0,0.0,,0.0,0.0,0.0
2024-11-22,13.0,0.0,0.0,14.0,13.0,14.0,1.0,6827300.0,95210900.0,157.0,14.0,0.0,0.0,14.0,8421100.0,1600031683.0,1600031683.0,0.0,0.0,0.0,,0.0,0.0,0.0
2024-11-25,14.0,0.0,0.0,15.0,14.0,15.0,1.0,14249900.0,213243200.0,194.0,15.0,0.0,0.0,15.0,13994900.0,1600031683.0,1600031683.0,0.0,0.0,0.0,,0.0,0.0,0.0
2024-11-26,15.0,0.0,0.0,16.0,15.0,16.0,1.0,23225300.0,368916800.0,430.0,16.0,0.0,0.0,16.0,192735500.0,1600031683.0,1600031683.0,0.0,0.0,0.0,,0.0,0.0,0.0
2024-11-28,16.0,0.0,0.0,17.0,15.0,17.0,1.0,23680600.0,395668600.0,890.0,17.0,17.0,2462000.0,16.0,393900.0,1600031683.0,1600031683.0,0.0,0.0,0.0,,0.0,0.0,0.0
2024-11-29,17.0,0.0,0.0,18.0,16.0,16.0,-1.0,2829100.0,45374800.0,148.0,16.0,16.0,6623000.0,0.0,0.0,1600031683.0,1600031683.0,0.0,0.0,0.0,,0.0,0.0,0.0
2024-12-02,16.0,0.0,0.0,15.0,15.0,15.0,-1.0,4614000.0,69210000.0,112.0,15.0,15.0,4467300.0,0.0,0.0,1600031683.0,1600031683.0,0.0,0.0,0.0,,0.0,0.0,0.0
2024-12-03,15.0,0.0,0.0,16.0,14.0,14.0,-1.0,15659000.0,221687300.0,326.0,14.0,14.0,490500.0,0.0,0.0,1600031683.0,1600031683.0,0.0,0.0,0.0,,0.0,0.0,0.0
2024-12-04,14.0,0.0,0.0,15.0,13.0,13.0,-1.0,17057800.0,223653900.0,316.0,13.0,13.0,5626200.0,0.0,0.0,1600031683.0,1600031683.0,0.0,0.0,0.0,,0.0,0.0,0.0
2024-12-05,13.0,0.0,0.0,13.0,12.0,12.0,-1.0,17450900.0,209808000.0,339.0,12.0,13.0,3396600.0,0.0,0.0,1600031683.0,1600031683.0,0.0,0.0,0.0,,0.0,0.0,0.0
2024-12-06,12.0,0.0,0.0,13.0,11.0,13.0,1.0,21301000.0,269812400.0,274.0,13.0,0.0,0.0,13.0,4985100.0,1600031683.0,1600031683.0,0.0,0.0,700000.0,,0.0,0.0,0.0
2024-12-09,13.0,0.0,0.0,14.0,13.0,14.0,1.0,11659800.0,163163900.0,402.0,14.0,0.0,0.0,14.0,1013000.0,1600031683.0,1600031683.0,0.0,0.0,0.0,,0.0,0.0,0.0
2024-12-10,14.0,0.0,0.0,15.0,14.0,14.0,0.0,6255800.0,89522500.0,449.0,14.0,15.0,1790900.0,14.0,2187600.0,1600031683.0,1600031683.0,0.0,0.0,0.0,,0.0,0.0,0.0
2024-12-11,14.0,0.0,0.0,15.0,13.0,13.0,-1.0,57866500.0,824882700.0,368.0,13.0,14.0,1454400.0,13.0,4974600.0,1600031683.0,1600031683.0,0.0,0.0,0.0,,0.0,0.0,0.0
2024-12-12,13.0,0.0,0.0,14.0,13.0,14.0,1.0,5043900.0,69632400.0,368.0,14.0,14.0,3873600.0,13.0,8907200.0,1600031683.0,1600031683.0,0.0,0.0,0.0,,0.0,0.0,0.0
2024-12-13,14.0,0.0,0.0,14.0,13.0,14.0,0.0,1314700.0,17775600.0,170.0,14.0,14.0,3694700.0,13.0,13574200.0,1600031683.0,1600031683.0,0.0,0.0,0.0,,0.0,0.0,0.0
2024-12-16,14.0,0.0,0.0,15.0,13.0,14.0,0.0,21567300.0,306235800.0,835.0,14.0,14.0,91300.0,13.0,12793600.0,1600031683.0,1600031683.0,0.0,0.0,0.0,,0.0,0.0,0.0
2024-12-17,14.0,0.0,0.0,15.0,13.0,14.0,0.0,2222600.0,31010800.0,466.0,14.0,14.0,1074100.0,13.0,18007700.0,1600031683.0,1600031683.0,0.0,0.0,0.0,,0.0,0.0,0.0
2024-12-18,14.0,0.0,0.0,14.0,13.0,13.0,-1.0,3327400.0,44113900.0,89.0,13.0,14.0,5099000.0,13.0,12975800.0,1600031683.0,1600031683.0,0.0,0.0,0.0,,0.0,0.0,0.0
2024-12-19,13.0,0.0,0.0,14.0,12.0,13.0,0.0,11682000.0,149438800.0,168.0,13.0,13.0,5139100.0,12.0,7174200.0,1600031683.0,1600031683.0,0.0,0.0,0.0,,0.0,0.0,0.0
2024-12-20,13.0,0.0,0.0,13.0,12.0,12.0,-1.0,1735200.0,21637000.0,328.0,12.0,13.0,5831900.0,12.0,8870700.0,1600031683.0,1600031683.0,0.0,0.0,0.0,,0.0,0.0,0.0
2024-12-23,12.0,0.0,0.0,13.0,12.0,12.0,0.0,9186800.0,110772300.0,228.0,12.0,13.0,6888600.0,12.0,751900.0,1600031683.0,1600031683.0,0.0,0.0,0.0,,0.0,0.0,0.0
2024-12-24,12.0,0.0,0.0,13.0,12.0,13.0,1.0,13746600.0,178579800.0,159.0,13.0,0.0,0.0,13.0,3468100.0,1600031683.0,1600031683.0,0.0,0.0,0.0,,0.0,0.0,0.0
2024-12-27,13.0,0.0,0.0,14.0,13.0,14.0,1.0,4910900.0,68708200.0,83.0,14.0,0.0,0.0,14.0,6542700.0,1600031683.0,1600031683.0,0.0,0.0,0.0,,0.0,0.0,0.0
2024-12-30,14.0,0.0,0.0,15.0,15.0,15.0,1.0,4143900.0,62158500.0,90.0,15.0,0.0,0.0,15.0,69409400.0,1600031683.0,1600031683.0,0.0,0.0,0.0,,0.0,0.0,0.0
2025-01-02,15.0,0.0,0.0,16.0,16.0,16.0,1.0,8634500.0,138152000.0,63.0,16.0,0.0,0.0,16.0,47050900.0,1600031683.0,1600031683.0,0.0,0.0,0.0,,0.0,0.0,0.0
2025-01-03,16.0,0.0,0.0,17.0,17.0,17.0,1.0,5923800.0,100704600.0,86.0,17.0,0.0,0.0,17.0,35549500.0,1600031683.0,1600031683.0,0.0,0.0,0.0,,0.0,0.0,0.0
2025-01-06,17.0,0.0,0.0,18.0,18.0,18.0,1.0,5581000.0,100458000.0,916.0,18.0,0.0,0.0,18.0,78005700.0,1600031683.0,1600031683.0,0.0,0.0,0.0,,0.0,0.0,0.0
2025-01-07,18.0,0.0,0.0,19.0,19.0,19.0,1.0,2685100.0,51016900.0,265.0,19.0,0.0,0.0,19.0,32013800.0,1600031683.0,1600031683.0,0.0,0.0,0.0,,0.0,0.0,0.0
2025-01-08,19.0,0.0,0.0,20.0,20.0,20.0,1.0,4490800.0,89816000.0,88.0,20.0,0.0,0.0,20.0,50090000.0,1600031683.0,1600031683.0,0.0,0.0,0.0,,0.0,0.0,0.0
2025-01-09,20.0,0.0,0.0,22.0,22.0,22.0,2.0,8913200.0,196090400.0,203.0,22.0,0.0,0.0,22.0,25672500.0,1600031683.0,1600031683.0,0.0,0.0,0.0,,0.0,0.0,0.0
2025-01-10,22.0,0.0,0.0,24.0,20.0,20.0,-2.0,61189100.0,1342773800.0,1226.0,20.0,20.0,12610900.0,0.0,0.0,1600031683.0,1600031683.0,0.0,700000.0,0.0,,0.0,0.0,0.0
2025-01-13,20.0,0.0,0.0,19.0,18.0,18.0,-2.0,6301900.0,113585700.0,259.0,18.0,18.0,16897600.0,0.0,0.0,1600031683.0,1600031683.0,0.0,0.0,0.0,,0.0,0.0,0.0
2025-01-14,18.0,0.0,0.0,17.0,17.0,17.0,-1.0,1784500.0,30336500.0,137.0,17.0,17.0,17011800.0,0.0,0.0,1600031683.0,1600031683.0,0.0,0.0,0.0,,0.0,0.0,0.0
2025-01-15,17.0,0.0,0.0,16.0,16.0,16.0,-1.0,2768200.0,44291200.0,180.0,16.0,16.0,9408500.0,0.0,0.0,1600031683.0,1600031683.0,0.0,0.0,0.0,,0.0,0.0,0.0
2025-01-16,16.0,0.0,0.0,16.0,15.0,15.0,-1.0,31225500.0,476546400.0,517.0,15.0,15.0,6594300.0,0.0,0.0,1600031683.0,1600031683.0,0.0,0.0,0.0,,0.0,0.0,0.0
2025-01-17,15.0,0.0,0.0,16.0,14.0,16.0,1.0,22759300.0,352316200.0,327.0,16.0,0.0,0.0,16.0,6856900.0,1600031683.0,1600031683.0,0.0,0.0,0.0,,0.0,0.0,0.0
2025-01-20,16.0,0.0,0.0,17.0,17.0,17.0,1.0,4194800.0,71311600.0,79.0,17.0,0.0,0.0,17.0,11660100.0,1600031683.0,1600031683.0,0.0,0.0,0.0,,0.0,0.0,0.0
2025-01-21,17.0,0.0,0.0,18.0,18.0,18.0,1.0,4954200.0,89175600.0,87.0,18.0,0.0,0.0,18.0,9472000.0,1600031683.0,1600031683.0,0.0,0.0,0.0,,0.0,0.0,0.0
2025-01-22,18.0,0.0,0.0,19.0,17.0,17.0,-1.0,32262200.0,571181100.0,711.0,17.0,18.0,5492200.0,17.0,773100.0,1600031683.0,1600031683.0,0.0,0.0,0.0,,0.0,0.0,0.0
2025-01-23,17.0,0.0,0.0,17.0,16.0,17.0,0.0,8711900.0,140454600.0,197.0,17.0,17.0,2826500.0,16.0,4888500.0,1600031683.0,1600031683.0,0.0,0.0,0.0,,0.0,0.0,0.0
2025-01-24,17.0,0.0,0.0,17.0,16.0,16.0,-1.0,10472500.0,167767300.0,272.0,16.0,16.0,380600.0,0.0,0.0,1600031683.0,1600031683.0,0.0,0.0,10000.0,,0.0,0.0,0.0
2025-01-30,16.0,0.0,0.0,17.0,15.0,16.0,0.0,6943400.0,110988000.0,381.0,16.0,17.0,7431300.0,16.0,537600.0,1600031683.0,1600031683.0,0.0,0.0,0.0,,0.0,0.0,0.0
2025-01-31,16.0,0.0,0.0,17.0,15.0,17.0,1.0,1992500.0,32089500.0,119.0,17.0,17.0,7648200.0,16.0,3585900.0,1600031683.0,1600031683.0,0.0,0.0,0.0,,0.0,0.0,0.0
2025-02-03,17.0,0.0,0.0,17.0,16.0,16.0,-1.0,7914800.0,126849400.0,320.0,16.0,16.0,24100.0,0.0,0.0,1600031683.0,1600031683.0,0.0,10000.0,10000.0,,0.0,0.0,0.0
2025-02-04,16.0,0.0,0.0,16.0,15.0,15.0,-1.0,9229900.0,141317000.0,187.0,15.0,16.0,1455400.0,15.0,6515700.0,1600031683.0,1600031683.0,0.0,0.0,0.0,,0.0,0.0,0.0
2025-02-05,15.0,0.0,0.0,16.0,15.0,15.0,0.0,4308400.0,66196800.0,188.0,15.0,16.0,5271500.0,15.0,4461400.0,1600031683.0,1600031683.0,0.0,0.0,0.0,,0.0,0.0,0.0
2025-02-06,15.0,0.0,0.0,16.0,15.0,15.0,0.0,3018600.0,46133800.0,116.0,15.0,16.0,5383600.0,15.0,4798300.0,1600031683.0,1600031683.0,0.0,0.0,10000.0,,0.0,0.0,0.0
2025-02-07,15.0,0.0,0.0,16.0,14.0,14.0,-1.0,9199200.0,134851900.0,175.0,14.0,15.0,4795200.0,14.0,7243600.0,1600031683.0,1600031683.0,0.0,0.0,0.0,,0.0,0.0,0.0
2025-02-10,14.0,0.0,0.0,15.0,13.0,14.0,0.0,8448900.0,118993700.0,220.0,14.0,14.0,3400.0,13.0,3877900.0,1600031683.0,1600031683.0,0.0,0.0,0.0,,0.0,0.0,0.0
2025-02-11,14.0,0.0,0.0,15.0,14.0,15.0,1.0,1823300.0,26483700.0,117.0,15.0,15.0,7906800.0,14.0,2081900.0,1600031683.0,1600031683.0,0.0,0.0,0.0,,0.0,0.0,0.0
2025-02-12,15.0,0.0,0.0,15.0,14.0,15.0,0.0,1109500.0,16311100.0,73.0,15.0,15.0,6332700.0,14.0,5043800.0,1600031683.0,1600031683.0,0.0,0.0,0.0,,0.0,0.0,0.0
2025-02-13,15.0,0.0,0.0,15.0,14.0,15.0,0.0,1894600.0,27015100.0,85.0,15.0,15.0,4928500.0,14.0,7530100.0,1600031683.0,1600031683.0,0.0,0.0,0.0,,0.0,0.0,0.0
2025-02-14,15.0,0.0,0.0,15.0,14.0,15.0,0.0,764300.0,11024200.0,62.0,15.0,15.0,6232100.0,14.0,6901600.0,1600031683.0,1600031683.0,0.0,0.0,0.0,,0.0,0.0,0.0
2025-02-17,15.0,0.0,0.0,15.0,14.0,14.0,-1.0,2387600.0,34132900.0,71.0,14.0,15.0,3846700.0,14.0,3643800.0,1600031683.0,1600031683.0,0.0,0.0,0.0,,0.0,0.0,0.0
2025-02-18,14.0,0.0,0.0,15.0,14.0,15.0,1.0,3912400.0,56364500.0,128.0,15.0,15.0,6158900.0,14.0,1922300.0,1600031683.0,1600031683.0,0.0,0.0,0.0,,0.0,0.0,0.0
2025-02-19,15.0,0.0,0.0,15.0,14.0,14.0,-1.0,3113700.0,44187600.0,118.0,14.0,15.0,4586200.0,14.0,3339700.0,1600031683.0,1600031683.0,0.0,0.0,0.0,,0.0,0.0,0.0
2025-02-20,14.0,0.0,0.0,15.0,14.0,14.0,0.0,3174600.0,44979400.0,163.0,14.0,15.0,5359800.0,14.0,1923600.0,1600031683.0,1600031683.0,0.0,0.0,0.0,,0.0,0.0,0.0
2025-02-21,14.0,0.0,0.0,15.0,14.0,14.0,0.0,11295500.0,160813400.0,220.0,14.0,15.0,7067100.0,14.0,340900.0,1600031683.0,1600031683.0,0.0,0.0,0.0,,0.0,0.0,0.0
2025-02-24,14.0,0.0,0.0,15.0,14.0,15.0,1.0,12408800.0,185986400.0,198.0,15.0,0.0,0.0,15.0,10680200.0,1600031683.0,1600031683.0,0.0,0.0,0.0,,0.0,0.0,0.0
2025-02-25,15.0,0.0,0.0,16.0,15.0,16.0,1.0,5507600.0,88121500.0,78.0,16.0,0.0,0.0,16.0,11121000.0,1600031683.0,1600031683.0,0.0,20000.0,0.0,,0.0,0.0,0.0
2025-02-26,16.0,0.0,0.0,17.0,16.0,16.0,0.0,25828800.0,428765100.0,453.0,16.0,17.0,8026800.0,16.0,34700.0,1600031683.0,1600031683.0,0.0,0.0,0.0,,0.0,0.0,0.0
2025-02-27,16.0,0.0,0.0,17.0,15.0,16.0,0.0,3448000.0,55305300.0,168.0,16.0,16.0,61200.0,15.0,6415300.0,1600031683.0,1600031683.0,0.0,0.0,0.0,,0.0,0.0,0.0
2025-02-28,16.0,0.0,0.0,17.0,15.0,16.0,0.0,8640200.0,137802500.0,161.0,16.0,16.0,593500.0,15.0,4700100.0,1600031683.0,1600031683.0,0.0,0.0,0.0,,0.0,0.0,0.0
2025-03-03,16.0,0.0,0.0,17.0,15.0,16.0,0.0,3567600.0,57262900.0,148.0,16.0,16.0,1198900.0,15.0,5625300.0,1600031683.0,1600031683.0,0.0,0.0,0.0,,0.0,0.0,0.0
2025-03-04,16.0,0.0,0.0,16.0,15.0,15.0,-1.0,9319600.0,140212000.0,161.0,15.0,15.0,1978200.0,0.0,0.0,1600031683.0,1600031683.0,0.0,0.0,100000.0,,0.0,0.0,0.0
2025-03-05,15.0,0.0,0.0,15.0,14.0,15.0,0.0,1378800.0,19801300.0,101.0,15.0,15.0,6016400.0,14.0,11776000.0,1600031683.0,1600031683.0,0.0,0.0,0.0,,0.0,0.0,0.0
2025-03-06,15.0,0.0,0.0,16.0,14.0,16.0,1.0,11632500.0,174051200.0,1384.0,16.0,16.0,4519000.0,15.0,6800.0,1600031683.0,1600031683.0,0.0,0.0,0.0,,0.0,0.0,0.0
2025-03-07,16.0,0.0,0.0,16.0,15.0,15.0,-1.0,1838500.0,27625000.0,81.0,15.0,16.0,5872900.0,15.0,900300.0,1600031683.0,1600031683.0,0.0,0.0,0.0,,0.0,0.0,0.0
2025-03-10,15.0,0.0,0.0,16.0,14.0,14.0,-1.0,1844900.0,26561500.0,81.0,14.0,15.0,367100.0,14.0,7935100.0,1600031683.0,1600031683.0,0.0,0.0,0.0,,0.0,0.0,0.0
2025-03-11,14.0,0.0,0.0,15.0,14.0,15.0,1.0,10401900.0,154829000.0,157.0,15.0,15.0,2063900.0,14.0,8051200.0,1600031683.0,1600031683.0,0.0,0.0,0.0,,0.0,0.0,0.0
2025-03-12,15.0,0.0,0.0,15.0,14.0,15.0,0.0,3605900.0,52873700.0,79.0,15.0,15.0,6879200.0,14.0,6924500.0,1600031683.0,1600031683.0,0.0,0.0,0.0,,0.0,0.0,0.0
2025-03-13,15.0,0.0,0.0,15.0,14.0,15.0,0.0,1730600.0,25271000.0,100.0,15.0,15.0,1818000.0,14.0,15588300.0,1600031683.0,1600031683.0,0.0,0.0,0.0,,0.0,0.0,0.0
2025-03-14,15.0,0.0,0.0,15.0,14.0,15.0,0.0,7483100.0,106693300.0,75.0,15.0,15.0,6086100.0,14.0,7637700.0,1600031683.0,1600031683.0,0.0,100000.0,0.0,,0.0,0.0,0.0
2025-03-17,15.0,0.0,0.0,15.0,14.0,15.0,0.0,3729900.0,53630200.0,65.0,15.0,15.0,2966000.0,14.0,7123700.0,1600031683.0,1600031683.0,0.0,0.0,0.0,,0.0,0.0,0.0
2025-03-18,15.0,0.0,0.0,15.0,14.0,14.0,-1.0,2293900.0,32443100.0,62.0,14.0,15.0,5122900.0,14.0,4719400.0,1600031683.0,1600031683.0,0.0,0.0,0.0,,0.0,0.0,0.0
2025-03-19,14.0,0.0,0.0,15.0,14.0,14.0,0.0,2281500.0,32321100.0,57.0,14.0,15.0,5638500.0,14.0,3054900.0,1600031683.0,1600031683.0,0.0,0.0,0.0,,0.0,0.0,0.0
2025-03-20,14.0,0.0,0.0,15.0,14.0,14.0,0.0,1839400.0,26387900.0,89.0,14.0,15.0,5506000.0,14.0,4150800.0,1600031683.0,1600031683.0,0.0,0.0,0.0,,0.0,0.0,0.0
2025-03-21,14.0,0.0,0.0,15.0,13.0,14.0,0.0,8571700.0,119893600.0,176.0,14.0,14.0,49300.0,13.0,5075600.0,1600031683.0,1600031683.0,0.0,0.0,0.0,,0.0,0.0,0.0
2025-03-24,14.0,0.0,0.0,15.0,13.0,14.0,0.0,4829500.0,67595000.0,140.0,14.0,15.0,3959700.0,14.0,150000.0,1600031683.0,1600031683.0,0.0,0.0,0.0,,0.0,0.0,0.0
2025-03-25,14.0,0.0,0.0,15.0,13.0,14.0,0.0,2924100.0,41074800.0,96.0,14.0,15.0,3885600.0,14.0,960000.0,1600031683.0,1600031683.0,0.0,0.0,0.0,,0.0,0.0,0.0
2025-03-26,14.0,0.0,0.0,15.0,13.0,14.0,0.0,2332400.0,33175100.0,95.0,14.0,15.0,3641200.0,14.0,2125800.0,1600031683.0,1600031683.0,0.0,0.0,0.0,,0.0,0.0,0.0
2025-03-27,14.0,0.0,0.0,15.0,14.0,14.0,0.0,974500.0,13831000.0,62.0,14.0,15.0,4349500.0,14.0,2119700.0,1600031683.0,1600031683.0,0.0,0.0,0.0,,0.0,0.0,0.0
2025-04-08,14.0,0.0,0.0,15.0,13.0,13.0,-1.0,5082300.0,70823100.0,127.0,13.0,14.0,1161600.0,13.0,4379200.0,1600031683.0,1600031683.0,0.0,0.0,0.0,,0.0,0.0,0.0
2025-04-09,13.0,0.0,0.0,14.0,13.0,14.0,1.0,3326200.0,46473800.0,121.0,14.0,14.0,3500.0,13.0,3363400.0,1600031683.0,1600031683.0,0.0,0.0,0.0,,0.0,0.0,0.0
2025-04-10,14.0,0.0,0.0,15.0,13.0,14.0,0.0,2638900.0,37817800.0,118.0,14.0,15.0,5439700.0,14.0,1425000.0,1600031683.0,1600031683.0,0.0,0.0,0.0,,0.0,0.0,0.0
2025-04-11,14.0,0.0,0.0,15.0,13.0,15.0,1.0,1388200.0,19453600.0,106.0,15.0,15.0,4598400.0,14.0,407800.0,1600031683.0,1600031683.0,0.0,0.0,0.0,,0.0,0.0,0.0
2025-04-14,15.0,0.0,0.0,15.0,14.0,14.0,-1.0,792000.0,11497700.0,68.0,14.0,15.0,2759700.0,14.0,1515600.0,1600031683.0,1600031683.0,0.0,0.0,100000.0,,0.0,0.0,0.0
2025-04-15,14.0,0.0,0.0,15.0,14.0,15.0,1.0,680800.0,9726400.0,73.0,15.0,15.0,8353700.0,14.0,3040100.0,1600031683.0,1600031683.0,0.0,0.0,0.0,,0.0,0.0,0.0
2025-04-16,15.0,0.0,0.0,15.0,14.0,14.0,-1.0,2237200.0,31361600.0,82.0,14.0,15.0,3811100.0,14.0,495900.0,1600031683.0,1600031683.0,0.0,0.0,0.0,,0.0,0.0,0.0
2025-04-17,14.0,0.0,0.0,15.0,14.0,14.0,0.0,926800.0,13062000.0,91.0,14.0,15.0,5077700.0,14.0,2755000.0,1600031683.0,1600031683.0,0.0,0.0,100000.0,,0.0,0.0,0.0
2025-04-21,14.0,0.0,0.0,15.0,14.0,14.0,0.0,568700.0,8362200.0,67.0,14.0,15.0,6466000.0,14.0,808900.0,1600031683.0,1600031683.0,0.0,0.0,0.0,,0.0,0.0,0.0
2025-04-22,14.0,0.0,0.0,15.0,14.0,14.0,0.0,1547800.0,23042900.0,94.0,14.0,15.0,5995200.0,14.0,3761000.0,1600031683.0,1600031683.0,0.0,0.0,0.0,,0.0,0.0,0.0
2025-04-23,14.0,0.0,0.0,15.0,14.0,14.0,0.0,2930500.0,41224700.0,60.0,14.0,15.0,5145600.0,14.0,3035100.0,1600031683.0,1600031683.0,0.0,0.0,0.0,,0.0,0.0,0.0
2025-04-24,14.0,0.0,0.0,15.0,13.0,14.0,0.0,21392000.0,292799100.0,205.0,14.0,14.0,14900.0,13.0,15138000.0,1600031683.0,1600031683.0,0.0,0.0,0.0,,0.0,0.0,0.0
2025-04-25,14.0,0.0,0.0,15.0,14.0,15.0,1.0,3820700.0,53642300.0,91.0,15.0,15.0,10937300.0,14.0,616800.0,1600031683.0,1600031683.0,0.0,0.0,0.0,,0.0,0.0,0.0
2025-04-28,15.0,0.0,0.0,15.0,14.0,14.0,-1.0,1401300.0,19750600.0,76.0,14.0,15.0,7839600.0,14.0,2986300.0,1600031683.0,1600031683.0,0.0,0.0,0.0,,0.0,0.0,0.0
2025-04-29,14.0,0.0,0.0,15.0,14.0,15.0,1.0,2426300.0,35966500.0,177.0,15.0,15.0,9415800.0,14.0,3132600.0,1600031683.0,1600031683.0,0.0,100000.0,0.0,,0.0,0.0,0.0
2025-04-30,15.0,0.0,0.0,15.0,14.0,14.0,-1.0,1633200.0,23590600.0,74.0,14.0,15.0,7482900.0,14.0,5138300.0,1600031683.0,1600031683.0,0.0,0.0,0.0,,0.0,0.0,0.0
2025-05-02,14.0,0.0,0.0,15.0,14.0,15.0,1.0,1208900.0,17521500.0,95.0,15.0,15.0,12366200.0,14.0,7158500.0,1600031683.0,1600031683.0,0.0,0.0,0.0,,0.0,0.0,0.0
2025-05-05,15.0,0.0,0.0,15.0,14.0,14.0,-1.0,2476700.0,35720400.0,162.0,14.0,15.0,7898700.0,14.0,9655800.0,1600031683.0,1600031683.0,0.0,0.0,0.0,,0.0,0.0,0.0
2025-05-06,14.0,0.0,0.0,15.0,14.0,15.0,1.0,3050800.0,43832800.0,134.0,15.0,15.0,11722400.0,14.0,6477300.0,1600031683.0,1600031683.0,0.0,0.0,0.0,,0.0,0.0,0.0
2025-05-07,15.0,0.0,0.0,15.0,14.0,14.0,-1.0,3083100.0,43604800.0,100.0,14.0,15.0,10753700.0,14.0,15049000.0,1600031683.0,1600031683.0,0.0,0.0,0.0,,0.0,0.0,0.0
2025-05-08,14.0,0.0,0.0,15.0,14.0,15.0,1.0,21653400.0,322674600.0,261.0,15.0,0.0,0.0,15.0,6457500.0,1600031683.0,1600031683.0,0.0,100000.0,0.0,,0.0,0.0,0.0
2025-05-09,15.0,0.0,0.0,16.0,15.0,16.0,1.0,14500700.0,230497800.0,274.0,16.0,16.0,1295400.0,15.0,8008200.0,1600031683.0,1600031683.0,0.0,0.0,0.0,,0.0,0.0,0.0
2025-05-14,16.0,0.0,0.0,17.0,15.0,17.0,1.0,20059400.0,338009500.0,330.0,17.0,0.0,0.0,17.0,2305000.0,1600031683.0,1600031683.0,0.0,0.0,0.0,,0.0,0.0,0.0
2025-05-15,17.0,0.0,0.0,18.0,16.0,18.0,1.0,27281700.0,481720900.0,576.0,18.0,0.0,0.0,17.0,1985100.0,1600031683.0,1600031683.0,0.0,0.0,0.0,,0.0,0.0,0.0
2025-05-16,18.0,0.0,0.0,19.0,18.0,19.0,1.0,13745600.0,259449300.0,264.0,19.0,0.0,0.0,19.0,1528400.0,1600031683.0,1600031683.0,0.0,0.0,15000.0,,0.0,0.0,0.0
2025-05-19,19.0,0.0,0.0,20.0,19.0,20.0,1.0,6493800.0,127708900.0,237.0,20.0,0.0,0.0,20.0,6769600.0,1600031683.0,1600031683.0,0.0,0.0,0.0,,0.0,0.0,0.0
2025-05-20,20.0,0.0,0.0,22.0,20.0,22.0,2.0,30178400.0,661046600.0,548.0,22.0,0.0,0.0,22.0,12969300.0,1600031683.0,1600031683.0,0.0,0.0,0.0,,0.0,0.0,0.0
2025-05-21,22.0,0.0,0.0,24.0,20.0,20.0,-2.0,69337400.0,1517574600.0,940.0,20.0,20.0,11126100.0,0.0,0.0,1600031683.0,1600031683.0,0.0,0.0,15500000.0,,0.0,0.0,0.0
2025-05-22,20.0,0.0,0.0,20.0,18.0,18.0,-2.0,33254100.0,609045400.0,842.0,18.0,18.0,110000.0,0.0,0.0,1600031683.0,1600031683.0,0.0,0.0,5000000.0,,0.0,0.0,0.0
2025-05-23,18.0,0.0,0.0,18.0,17.0,17.0,-1.0,11298600.0,192181600.0,385.0,17.0,17.0,5189700.0,0.0,0.0,1600031683.0,1600031683.0,0.0,0.0,0.0,,0.0,0.0,0.0
2025-05-26,17.0,0.0,0.0,18.0,16.0,18.0,1.0,13560100.0,234867700.0,386.0,18.0,0.0,0.0,18.0,2510900.0,1600031683.0,1600031683.0,0.0,0.0,0.0,,0.0,0.0,0.0
2025-05-27,18.0,0.0,0.0,19.0,19.0,19.0,1.0,4111900.0,78126100.0,158.0,19.0,0.0,0.0,19.0,2559800.0,1600031683.0,1600031683.0,0.0,0.0,0.0,,0.0,0.0,0.0
2025-05-28,19.0,0.0,0.0,20.0,20.0,20.0,1.0,3008900.0,60178000.0,81.0,20.0,0.0,0.0,20.0,8954600.0,1600031683.0,1600031683.0,0.0,0.0,0.0,,0.0,0.0,0.0
2025-06-02,20.0,0.0,0.0,22.0,20.0,20.0,0.0,26357800.0,538957900.0,490.0,20.0,21.0,6876100.0,20.0,3440600.0,1600031683.0,1600031683.0,0.0,0.0,6791400.0,,0.0,0.0,0.0
2025-06-03,20.0,0.0,0.0,21.0,19.0,20.0,0.0,8435900.0,165089200.0,240.0,20.0,20.0,4197100.0,19.0,1270300.0,1600031683.0,1600031683.0,0.0,0.0,0.0,,0.0,0.0,0.0
2025-06-04,20.0,0.0,0.0,21.0,18.0,20.0,0.0,15167300.0,298363000.0,262.0,20.0,21.0,4519900.0,20.0,364000.0,1600031683.0,1600031683.0,0.0,0.0,0.0,,0.0,0.0,0.0
2025-06-05,20.0,0.0,0.0,21.0,19.0,20.0,0.0,6258100.0,125010500.0,590.0,20.0,21.0,5075100.0,20.0,2951400.0,1600031683.0,1600031683.0,0.0,0.0,0.0,,0.0,0.0,0.0
2025-06-10,20.0,0.0,0.0,22.0,19.0,21.0,1.0,13602900.0,280043900.0,309.0,21.0,21.0,1255800.0,20.0,3464700.0,1600031683.0,1600031683.0,0.0,0.0,0.0,,0.0,0.0,0.0
2025-06-11,21.0,0.0,0.0,21.0,20.0,20.0,-1.0,9638600.0,193164400.0,172.0,20.0,21.0,5242300.0,20.0,3592400.0,1600031683.0,1600031683.0,0.0,0.0,2667100.0,,0.0,0.0,0.0
2025-06-12,20.0,0.0,0.0,21.0,19.0,21.0,1.0,4232000.0,84880900.0,120.0,21.0,21.0,5273500.0,20.0,3890000.0,1600031683.0,1600031683.0,0.0,0.0,3268200.0,,0.0,0.0,0.0
2025-06-13,21.0,0.0,0.0,21.0,19.0,20.0,-1.0,5299200.0,106046700.0,144.0,20.0,21.0,8526100.0,20.0,620600.0,1600031683.0,1600031683.0,0.0,0.0,0.0,,0.0,0.0,0.0
2025-06-16,20.0,0.0,0.0,21.0,19.0,20.0,0.0,2315900.0,46112400.0,138.0,20.0,21.0,7261500.0,20.0,20200.0,1600031683.0,1600031683.0,0.0,0.0,0.0,,0.0,0.0,0.0
2025-06-17,20.0,0.0,0.0,21.0,19.0,20.0,0.0,4132200.0,82502900.0,159.0,20.0,21.0,7284800.0,20.0,262000.0,1600031683.0,1600031683.0,0.0,0.0,0.0,,0.0,0.0,0.0
2025-06-18,20.0,0.0,0.0,21.0,19.0,20.0,0.0,1859200.0,37048900.0,167.0,20.0,20.0,620200.0,19.0,5104900.0,1600031683.0,1600031683.0,0.0,0.0,0.0,,0.0,0.0,0.0
2025-06-19,20.0,0.0,0.0,21.0,18.0,19.0,-1.0,15979200.0,299687700.0,229.0,19.0,19.0,1379400.0,18.0,2174600.0,1600031683.0,1600031683.0,0.0,0.0,3000000.0,,0.0,0.0,0.0
2025-06-20,19.0,0.0,0.0,20.0,18.0,20.0,1.0,9780500.0,188093700.0,198.0,20.0,20.0,1899100.0,19.0,1111500.0,1600031683.0,1600031683.0,0.0,0.0,0.0,,0.0,0.0,0.0
2025-06-23,20.0,0.0,0.0,20.0,18.0,18.0,-2.0,11463000.0,209514300.0,136.0,18.0,19.0,1344400.0,18.0,4876400.0,1600031683.0,1600031683.0,0.0,0.0,2743600.0,,0.0,0.0,0.0
2025-06-24,18.0,0.0,0.0,19.0,18.0,18.0,0.0,1378800.0,24958000.0,77.0,18.0,19.0,3630500.0,18.0,2263800.0,1600031683.0,1600031683.0,0.0,0.0,0.0,,0.0,0.0,0.0
2025-06-25,18.0,0.0,0.0,19.0,17.0,18.0,0.0,3461200.0,62309600.0,125.0,18.0,19.0,2340200.0,18.0,588500.0,1600031683.0,1600031683.0,0.0,0.0,100000.0,,0.0,0.0,0.0
2025-06-26,18.0,0.0,0.0,19.0,17.0,18.0,0.0,2680300.0,48526500.0,119.0,18.0,19.0,2474900.0,18.0,1032000.0,1600031683.0,1600031683.0,0.0,0.0,0.0,,0.0,0.0,0.0
2025-06-30,18.0,0.0,0.0,19.0,17.0,18.0,0.0,3874000.0,69801500.0,145.0,18.0,18.0,75100.0,17.0,4116200.0,1600031683.0,1600031683.0,0.0,0.0,0.0,,0.0,0.0,0.0
2025-07-01,18.0,0.0,0.0,19.0,17.0,18.0,0.0,2500000.0,45027300.0,86.0,18.0,19.0,3913000.0,18.0,690800.0,1600031683.0,1600031683.0,0.0,0.0,0.0,,0.0,0.0,0.0
2025-07-02,18.0,0.0,0.0,19.0,17.0,19.0,1.0,2261700.0,40690100.0,116.0,19.0,19.0,3128200.0,18.0,50700.0,1600031683.0,1600031683.0,0.0,0.0,0.0,,0.0,0.0,0.0
2025-07-03,19.0,0.0,0.0,19.0,18.0,19.0,0.0,685600.0,12705100.0,77.0,19.0,19.0,2062200.0,18.0,433500.0,1600031683.0,1600031683.0,0.0,0.0,0.0,,0.0,0.0,0.0
2025-07-04,19.0,0.0,0.0,19.0,18.0,18.0,-1.0,437000.0,8028200.0,79.0,18.0,19.0,1797500.0,18.0,1129600.0,1600031683.0,1600031683.0,0.0,0.0,0.0,,0.0,0.0,0.0
2025-07-07,18.0,0.0,0.0,19.0,18.0,18.0,0.0,2474800.0,45316400.0,118.0,18.0,19.0,3671600.0,18.0,477300.0,1600031683.0,1600031683.0,0.0,0.0,0.0,,0.0,0.0,0.0
2025-07-08,18.0,0.0,0.0,19.0,18.0,18.0,0.0,1154200.0,21453200.0,93.0,18.0,19.0,5028900.0,18.0,2183900.0,1600031683.0,1600031683.0,0.0,0.0,0.0,,0.0,0.0,0.0
2025-07-09,18.0,0.0,0.0,19.0,18.0,19.0,1.0,13271200.0,251477900.0,134.0,19.0,0.0,0.0,19.0,2994600.0,1600031683.0,1600031683.0,0.0,0.0,10000000.0,,0.0,0.0,0.0
2025-07-10,19.0,0.0,0.0,20.0,20.0,20.0,1.0,8226100.0,164522000.0,191.0,20.0,0.0,0.0,20.0,2226700.0,1600031683.0,1600031683.0,0.0,0.0,0.0,,0.0,0.0,0.0
2025-07-11,20.0,0.0,0.0,22.0,20.0,22.0,2.0,42438600.0,929611900.0,602.0,22.0,0.0,0.0,22.0,2100000.0,1600031683.0,1600031683.0,0.0,0.0,0.0,,0.0,0.0,0.0
2025-07-14,22.0,0.0,0.0,24.0,20.0,20.0,-2.0,39488900.0,820421700.0,713.0,20.0,20.0,818300.0,0.0,0.0,1600031683.0,1600031683.0,0.0,0.0,2000000.0,,0.0,0.0,0.0
2025-07-15,20.0,0.0,0.0,21.0,18.0,20.0,0.0,14884400.0,286325300.0,282.0,20.0,20.0,7272200.0,19.0,2297400.0,1600031683.0,1600031683.0,0.0,1300000.0,0.0,,0.0,0.0,0.0
2025-07-16,20.0,0.0,0.0,20.0,19.0,19.0,-1.0,5637700.0,107906500.0,176.0,19.0,20.0,1484800.0,19.0,5670700.0,1600031683.0,1600031683.0,0.0,0.0,0.0,,0.0,0.0,0.0
2025-07-17,19.0,0.0,0.0,20.0,19.0,19.0,0.0,4620700.0,88549100.0,149.0,19.0,20.0,1966900.0,19.0,5244500.0,1600031683.0,1600031683.0,0.0,0.0,0.0,,0.0,0.0,0.0
2025-07-18,19.0,0.0,0.0,20.0,19.0,20.0,1.0,8272300.0,159863200.0,153.0,20.0,20.0,3078000.0,19.0,7669300.0,1600031683.0,1600031683.0,0.0,0.0,0.0,,0.0,0.0,0.0
2025-07-21,20.0,0.0,0.0,21.0,19.0,19.0,-1.0,6003400.0,118929700.0,232.0,19.0,20.0,2257500.0,19.0,6570300.0,1600031683.0,1600031683.0,0.0,0.0,0.0,,0.0,0.0,0.0
2025-07-22,19.0,0.0,0.0,20.0,19.0,20.0,1.0,14301000.0,275144400.0,235.0,20.0,20.0,6158500.0,19.0,1988900.0,1600031683.0,1600031683.0,0.0,0.0,700000.0,,0.0,0.0,0.0
2025-07-23,20.0,0.0,0.0,20.0,19.0,20.0,0.0,9929500.0,189339300.0,148.0,20.0,20.0,10476100.0,19.0,9957700.0,1600031683.0,1600031683.0,0.0,0.0,0.0,,0.0,0.0,0.0
2025-07-24,20.0,0.0,0.0,20.0,18.0,19.0,-1.0,9002000.0,171006700.0,217.0,19.0,20.0,7275900.0,19.0,3478400.0,1600031683.0,1600031683.0,0.0,0.0,0.0,,0.0,0.0,0.0
2025-07-25,19.0,0.0,0.0,20.0,18.0,19.0,0.0,3962100.0,75474200.0,257.0,19.0,20.0,8213600.0,19.0,1262800.0,1600031683.0,1600031683.0,0.0,0.0,0.0,,0.0,0.0,0.0
2025-07-28,19.0,0.0,0.0,20.0,18.0,19.0,0.0,1596700.0,30574100.0,165.0,19.0,20.0,10402900.0,19.0,1873000.0,1600031683.0,1600031683.0,0.0,0.0,0.0,,0.0,0.0,0.0
2025-07-29,19.0,0.0,0.0,20.0,18.0,19.0,0.0,7756600.0,148392400.0,272.0,19.0,19.0,361000.0,18.0,8787000.0,1600031683.0,1600031683.0,0.0,0.0,0.0,,0.0,0.0,0.0
2025-07-30,19.0,0.0,0.0,20.0,19.0,20.0,1.0,2500100.0,47606100.0,163.0,20.0,20.0,11295300.0,19.0,1089400.0,1600031683.0,1600031683.0,0.0,0.0,0.0,,0.0,0.0,0.0
2025-07-31,20.0,0.0,0.0,20.0,19.0,19.0,-1.0,5064500.0,98665700.0,171.0,19.0,20.0,6958400.0,19.0,1401300.0,1600031683.0,1600031683.0,0.0,0.0,0.0,,0.0,0.0,0.0
2025-08-01,19.0,0.0,0.0,20.0,19.0,20.0,1.0,16128400.0,320517400.0,254.0,20.0,0.0,0.0,20.0,5875100.0,1600031683.0,1600031683.0,0.0,0.0,0.0,,0.0,0.0,0.0
2025-08-04,20.0,0.0,0.0,22.0,20.0,22.0,2.0,22590700.0,485822600.0,521.0,22.0,0.0,0.0,22.0,4735500.0,1600031683.0,1600031683.0,0.0,0.0,50000.0,,0.0,0.0,0.0
2025-08-05,22.0,0.0,0.0,24.0,22.0,24.0,2.0,12211900.0,292679400.0,337.0,24.0,0.0,0.0,24.0,15152400.0,1600031683.0,1600031683.0,0.0,0.0,0.0,,0.0,0.0,0.0
2025-08-06,24.0,0.0,0.0,26.0,24.0,26.0,2.0,6817800.0,176275600.0,178.0,26.0,0.0,0.0,26.0,19672100.0,1600031683.0,1600031683.0,0.0,0.0,0.0,,0.0,0.0,0.0
2025-08-07,26.0,0.0,0.0,28.0,24.0,25.0,-1.0,115322300.0,2957655300.0,2391.0,25.0,25.0,2495600.0,24.0,454600.0,1600031683.0,1600031683.0,0.0,0.0,580000.0,,0.0,0.0,0.0
2025-08-08,25.0,0.0,0.0,25.0,23.0,23.0,-2.0,30375600.0,703036000.0,632.0,23.0,23.0,3683100.0,0.0,0.0,1600031683.0,1600031683.0,0.0,10000000.0,0.0,,0.0,0.0,0.0
2025-08-11,23.0,0.0,0.0,24.0,21.0,21.0,-2.0,51326800.0,1131084100.0,721.0,21.0,22.0,7923000.0,21.0,1395200.0,1600031683.0,1600031683.0,0.0,26000000.0,0.0,,0.0,0.0,0.0
2025-08-12,21.0,0.0,0.0,22.0,19.0,20.0,-1.0,39535100.0,796621300.0,852.0,20.0,21.0,3156700.0,20.0,14519100.0,1600031683.0,1600031683.0,0.0,13599900.0,0.0,,0.0,0.0,0.0
2025-08-13,20.0,0.0,0.0,22.0,20.0,21.0,1.0,38081900.0,820317700.0,1185.0,21.0,22.0,6410800.0,21.0,505500.0,1600031683.0,1600031683.0,0.0,0.0,0.0,,0.0,0.0,0.0
2025-08-14,21.0,0.0,0.0,22.0,20.0,22.0,1.0,19183400.0,405107400.0,545.0,22.0,22.0,10368400.0,21.0,8431900.0,1600031683.0,1600031683.0,0.0,0.0,100000.0,,0.0,0.0,0.0
2025-08-15,22.0,0.0,0.0,23.0,21.0,22.0,0.0,22209200.0,483902300.0,520.0,22.0,22.0,6629400.0,21.0,35671100.0,1600031683.0,1600031683.0,0.0,0.0,0.0,,0.0,0.0,0.0
2025-08-19,22.0,0.0,0.0,23.0,21.0,23.0,1.0,27696600.0,612051800.0,469.0,23.0,23.0,6513600.0,22.0,7595300.0,1600031683.0,1600031683.0,0.0,0.0,0.0,,0.0,0.0,0.0
2025-08-20,23.0,0.0,0.0,23.0,22.0,22.0,-1.0,15496300.0,346032500.0,407.0,22.0,23.0,4294100.0,22.0,11201900.0,1600031683.0,1600031683.0,0.0,0.0,0.0,,0.0,0.0,0.0
2025-08-21,22.0,0.0,0.0,24.0,22.0,24.0,2.0,46412800.0,1102855000.0,926.0,24.0,0.0,0.0,24.0,6048800.0,1600031683.0,1600031683.0,0.0,0.0,0.0,,0.0,0.0,0.0
2025-08-22,24.0,0.0,0.0,26.0,25.0,26.0,2.0,41126400.0,1063011900.0,697.0,26.0,0.0,0.0,26.0,10475600.0,1600031683.0,1600031683.0,0.0,0.0,0.0,,0.0,0.0,0.0
2025-08-25,26.0,0.0,0.0,28.0,25.0,28.0,2.0,98219100.0,2689705000.0,1820.0,28.0,0.0,0.0,28.0,415800.0,1600031683.0,1600031683.0,0.0,0.0,0.0,,0.0,0.0,0.0
2025-08-26,28.0,0.0,0.0,30.0,28.0,30.0,2.0,58380000.0,1730481100.0,1172.0,30.0,0.0,0.0,30.0,9720000.0,1600031683.0,1600031683.0,0.0,0.0,0.0,,0.0,0.0,0.0
2025-08-27,30.0,0.0,0.0,33.0,31.0,33.0,3.0,25814800.0,844394900.0,441.0,33.0,0.0,0.0,33.0,18307600.0,1600031683.0,1600031683.0,0.0,0.0,0.0,,0.0,0.0,0.0
2025-08-28,33.0,0.0,0.0,36.0,35.0,36.0,3.0,10930400.0,393435400.0,309.0,36.0,0.0,0.0,36.0,15418200.0,1600031683.0,1600031683.0,0.0,0.0,0.0,,0.0,0.0,0.0
2025-08-29,36.0,0.0,0.0,39.0,33.0,39.0,3.0,167671700.0,6219289900.0,3526.0,39.0,0.0,0.0,39.0,6445600.0,1600031683.0,1600031683.0,0.0,730000.0,0.0,,0.0,0.0,0.0
2025-09-01,39.0,0.0,0.0,42.0,36.0,42.0,3.0,73808400.0,3011174200.0,1962.0,42.0,0.0,0.0,42.0,1904700.0,1600031683.0,1600031683.0,0.0,0.0,1090000.0,,0.0,0.0,0.0
2025-09-02,42.0,0.0,0.0,46.0,42.0,46.0,4.0,22511800.0,1032538000.0,716.0,46.0,0.0,0.0,46.0,17028000.0,1600031683.0,1600031683.0,0.0,0.0,0.0,,0.0,0.0,0.0
2025-09-03,46.0,0.0,0.0,50.0,49.0,50.0,4.0,14092300.0,704506700.0,476.0,50.0,0.0,0.0,50.0,14993700.0,1600031683.0,1600031683.0,0.0,0.0,100000.0,,0.0,0.0,0.0
2025-09-04,50.0,0.0,0.0,55.0,55.0,55.0,5.0,10517100.0,578440500.0,271.0,55.0,0.0,0.0,55.0,15217500.0,1600031683.0,1600031683.0,0.0,0.0,0.0,,0.0,0.0,0.0
2025-09-08,55.0,0.0,0.0,60.0,50.0,50.0,-5.0,181430800.0,9616553300.0,5526.0,50.0,50.0,32763300.0,0.0,0.0,1600031683.0,1600031683.0,0.0,980000.0,490000.0,,0.0,0.0,0.0
2025-09-09,50.0,0.0,0.0,48.0,45.0,45.0,-5.0,12176700.0,549099800.0,718.0,45.0,45.0,39501600.0,0.0,0.0,1600031683.0,1600031683.0,0.0,116400.0,0.0,,0.0,0.0,0.0
2025-09-10,45.0,0.0,0.0,45.0,41.0,41.0,-4.0,164885800.0,6876794100.0,4696.0,41.0,41.0,3888600.0,0.0,0.0,1600031683.0,1600031683.0,0.0,130000.0,26900.0,,0.0,0.0,0.0
2025-09-11,41.0,0.0,0.0,45.0,39.0,45.0,4.0,91999100.0,3966728900.0,3250.0,45.0,0.0,0.0,45.0,3088500.0,1600031683.0,1600031683.0,0.0,26900.0,0.0,,0.0,0.0,0.0
2025-09-12,45.0,0.0,0.0,49.0,46.0,49.0,4.0,47908600.0,2311104900.0,2033.0,49.0,0.0,0.0,49.0,11019000.0,1600031683.0,1600031683.0,0.0,0.0,0.0,,0.0,0.0,0.0
2025-09-15,49.0,0.0,0.0,53.0,48.0,51.0,2.0,78083700.0,3956118700.0,2997.0,51.0,51.0,82800.0,50.0,1785500.0,1600031683.0,1600031683.0,0.0,0.0,33500.0,,0.0,0.0,0.0
2025-09-16,51.0,0.0,0.0,52.0,47.0,49.0,-2.0,67294700.0,3281520700.0,3491.0,49.0,49.0,1635500.0,48.0,1433300.0,1600031683.0,1600031683.0,0.0,32200.0,34100.0,,0.0,0.0,0.0
2025-09-17,49.0,0.0,0.0,49.0,45.0,45.0,-4.0,82482900.0,3801174800.0,3029.0,45.0,45.0,889500.0,0.0,0.0,1600031683.0,1600031683.0,0.0,33600.0,0.0,,0.0,0.0,0.0
2025-09-18,45.0,0.0,0.0,49.0,44.0,49.0,4.0,84995200.0,4069414900.0,2511.0,49.0,0.0,0.0,49.0,10253100.0,1600031683.0,1600031683.0,0.0,1800.0,0.0,,0.0,0.0,0.0
2025-09-19,49.0,0.0,0.0,53.0,47.0,53.0,4.0,113137600.0,5775609100.0,4482.0,53.0,0.0,0.0,53.0,13193000.0,1600031683.0,1600031683.0,0.0,0.0,0.0,,0.0,0.0,0.0
2025-09-22,53.0,0.0,0.0,58.0,54.0,58.0,5.0,37518900.0,2168830800.0,1262.0,58.0,0.0,0.0,58.0,13494000.0,1600031683.0,1600031683.0,0.0,0.0,500000.0,,0.0,0.0,0.0
2025-09-23,58.0,0.0,0.0,63.0,61.0,63.0,5.0,14057600.0,885547500.0,489.0,63.0,0.0,0.0,63.0,18272900.0,1600031683.0,1600031683.0,0.0,0.0,0.0,,0.0,0.0,0.0
2025-09-24,63.0,0.0,0.0,69.0,57.0,57.0,-6.0,203548600.0,12635293700.0,6175.0,57.0,58.0,152800.0,57.0,98000.0,1600031683.0,1600031683.0,0.0,500000.0,41800.0,,0.0,0.0,0.0
2025-09-25,57.0,0.0,0.0,62.0,52.0,58.0,1.0,120256600.0,6711225800.0,4038.0,58.0,59.0,255000.0,58.0,176900.0,1600031683.0,1600031683.0,0.0,1977200.0,44400.0,,0.0,0.0,0.0
2025-09-26,58.0,0.0,0.0,61.0,54.0,56.0,-2.0,35245700.0,1989935600.0,1392.0,56.0,56.0,217700.0,55.0,976800.0,1600031683.0,1600031683.0,0.0,44400.0,27400.0,,0.0,0.0,0.0
2025-09-29,56.0,0.0,0.0,60.0,54.0,56.0,0.0,33190600.0,1846254200.0,1229.0,56.0,56.0,3139200.0,55.0,745900.0,1600031683.0,1600031683.0,0.0,47400.0,189900.0,,0.0,0.0,0.0
2025-09-30,56.0,0.0,0.0,60.0,54.0,56.0,0.0,42959500.0,2452664700.0,2049.0,56.0,57.0,5158700.0,56.0,3473700.0,1600031683.0,1600031683.0,0.0,87500.0,892600.0,,0.0,0.0,0.0
2025-10-01,56.0,0.0,0.0,58.0,54.0,56.0,0.0,25810600.0,1464272500.0,1004.0,56.0,57.0,544400.0,56.0,1828800.0,1600031683.0,1600031683.0,0.0,80100.0,77100.0,,0.0,0.0,0.0
2025-10-02,56.0,0.0,0.0,58.0,54.0,54.0,-2.0,14530400.0,800557800.0,1035.0,54.0,56.0,1923900.0,54.0,2291200.0,1600031683.0,1600031683.0,0.0,73600.0,218700.0,,0.0,0.0,0.0
2025-10-03,54.0,0.0,0.0,56.0,49.0,49.0,-5.0,43436400.0,2209345600.0,1805.0,49.0,49.0,5215500.0,0.0,0.0,1600031683.0,1600031683.0,0.0,103000.0,329800.0,,0.0,0.0,0.0
2025-10-06,49.0,0.0,0.0,49.0,45.0,46.0,-3.0,55488600.0,2547251500.0,2967.0,46.0,47.0,250200.0,46.0,2197100.0,1600031683.0,1600031683.0,0.0,787600.0,81700.0,,0.0,0.0,0.0
2025-10-07,46.0,0.0,0.0,47.0,44.0,45.0,-1.0,23522300.0,1062226200.0,1998.0,45.0,45.0,25300.0,44.0,967700.0,1600031683.0,1600031683.0,0.0,75600.0,400.0,,0.0,0.0,0.0
2025-10-08,45.0,0.0,0.0,48.0,42.0,45.0,0.0,20895200.0,910885600.0,1028.0,45.0,45.0,433000.0,44.0,38700.0,1600031683.0,1600031683.0,0.0,14600.0,2100.0,,0.0,0.0,0.0
2025-10-09,45.0,0.0,0.0,49.0,43.0,49.0,4.0,25823800.0,1235973700.0,1310.0,49.0,0.0,0.0,49.0,2802600.0,1600031683.0,1600031683.0,0.0,3700.0,6700.0,,0.0,0.0,0.0
2025-10-10,49.0,0.0,0.0,53.0,45.0,46.0,-3.0,41562300.0,1945058300.0,1818.0,46.0,47.0,4442100.0,45.0,7363300.0,1600031683.0,1600031683.0,0.0,9200.0,47300.0,,0.0,0.0,0.0
2025-10-13,46.0,0.0,0.0,48.0,43.0,45.0,-1.0,15761900.0,721922300.0,905.0,45.0,46.0,1247400.0,45.0,1233800.0,1600031683.0,1600031683.0,0.0,300.0,0.0,,0.0,0.0,0.0
2025-10-14,45.0,0.0,0.0,47.0,41.0,41.0,-4.0,18168000.0,777346200.0,985.0,41.0,42.0,19000.0,41.0,5386300.0,1600031683.0,1600031683.0,0.0,64400.0,0.0,,0.0,0.0,0.0
2025-10-15,41.0,0.0,0.0,42.0,38.0,38.0,-3.0,13989000.0,544819500.0,758.0,38.0,39.0,951700.0,38.0,1057100.0,1600031683.0,1600031683.0,0.0,21700.0,0.0,,0.0,0.0,0.0
2025-10-16,38.0,0.0,0.0,40.0,36.0,38.0,0.0,10383000.0,388233000.0,686.0,38.0,38.0,1496400.0,37.0,1305800.0,1600031683.0,1600031683.0,0.0,100.0,0.0,,0.0,0.0,0.0
2025-10-17,38.0,0.0,0.0,38.0,35.0,35.0,-3.0,7016000.0,255873000.0,495.0,35.0,35.0,840100.0,0.0,0.0,1600031683.0,1600031683.0,0.0,0.0,0.0,,0.0,0.0,0.0
2025-10-20,35.0,0.0,0.0,35.0,32.0,35.0,0.0,17349900.0,569147200.0,945.0,35.0,35.0,1581800.0,34.0,2595200.0,1600031683.0,1600031683.0,0.0,11900.0,500000.0,,0.0,0.0,0.0
2025-10-21,35.0,0.0,0.0,38.0,33.0,38.0,3.0,16162200.0,599223500.0,850.0,38.0,0.0,0.0,38.0,1523000.0,1600031683.0,1600031683.0,0.0,250000.0,0.0,,0.0,0.0,0.0
2025-10-22,38.0,0.0,0.0,41.0,36.0,39.0,1.0,10998500.0,422533000.0,870.0,39.0,39.0,258000.0,38.0,602600.0,1600031683.0,1600031683.0,0.0,222600.0,0.0,,0.0,0.0,0.0
2025-10-23,39.0,0.0,0.0,42.0,38.0,42.0,3.0,15874500.0,651811700.0,1074.0,42.0,0.0,0.0,42.0,1323300.0,1600031683.0,1600031683.0,0.0,141100.0,0.0,,0.0,0.0,0.0
2025-10-24,42.0,0.0,0.0,45.0,40.0,40.0,-2.0,8425200.0,347488200.0,785.0,40.0,41.0,226700.0,40.0,783600.0,1600031683.0,1600031683.0,0.0,7600.0,0.0,,0.0,0.0,0.0
2025-10-27,40.0,0.0,0.0,43.0,38.0,41.0,1.0,13193700.0,549646200.0,1093.0,41.0,42.0,5000.0,41.0,1119000.0,1600031683.0,1600031683.0,0.0,300.0,0.0,,0.0,0.0,0.0
2025-10-28,41.0,0.0,0.0,44.0,39.0,41.0,0.0,6263700.0,257008700.0,651.0,41.0,42.0,84800.0,41.0,23728200.0,1600031683.0,1600031683.0,0.0,23900.0,0.0,,0.0,0.0,0.0
2025-10-29,41.0,0.0,0.0,45.0,41.0,45.0,4.0,27397700.0,1218832800.0,1489.0,45.0,0.0,0.0,45.0,3997300.0,1600031683.0,1600031683.0,0.0,15500.0,40000.0,,0.0,0.0,0.0
2025-10-30,45.0,0.0,0.0,49.0,45.0,45.0,0.0,33041800.0,1555004600.0,2117.0,45.0,46.0,358200.0,45.0,348100.0,1600031683.0,1600031683.0,0.0,25000.0,0.0,,0.0,0.0,0.0
2025-10-31,45.0,0.0,0.0,48.0,42.0,43.0,-2.0,30355400.0,1296080000.0,1215.0,43.0,43.0,42400.0,42.0,2185900.0,1600031683.0,1600031683.0,0.0,86900.0,0.0,,0.0,0.0,0.0
2025-11-04,42.0,0.0,0.0,43.0,41.0,42.0,0.0,9538400.0,395474100.0,547.0,42.0,42.0,683000.0,41.0,266600.0,1600031683.0,1600031683.0,0.0,0.0,0.0,,0.0,0.0,0.0
2025-11-05,42.0,0.0,0.0,42.0,40.0,41.0,-1.0,6088400.0,250578700.0,544.0,41.0,41.0,164600.0,40.0,2099500.0,1600031683.0,1600031683.0,0.0,12600.0,0.0,,0.0,0.0,0.0
2025-11-06,41.0,0.0,0.0,42.0,39.0,42.0,1.0,4019200.0,163357500.0,465.0,42.0,42.0,2518200.0,41.0,89700.0,1600031683.0,1600031683.0,0.0,54600.0,0.0,,0.0,0.0,0.0
2025-11-07,42.0,0.0,0.0,42.0,40.0,41.0,-1.0,6100600.0,249647500.0,812.0,41.0,41.0,335000.0,40.0,2162000.0,1600031683.0,1600031683.0,0.0,1700.0,0.0,,0.0,0.0,0.0
2025-11-10,41.0,0.0,0.0,45.0,39.0,45.0,4.0,24415500.0,1040278900.0,1623.0,45.0,45.0,379200.0,42.0,123800.0,1600031683.0,1600031683.0,0.0,1200.0,0.0,,0.0,0.0,0.0
2025-11-11,45.0,0.0,0.0,45.0,41.0,44.0,-1.0,12827400.0,554979100.0,744.0,44.0,44.0,781600.0,43.0,2212700.0,1600031683.0,1600031683.0,0.0,0.0,0.0,,0.0,0.0,0.0
2025-11-12,44.0,0.0,0.0,44.0,40.0,41.0,-3.0,17295500.0,717366500.0,629.0,41.0,42.0,1854000.0,41.0,2476600.0,1600031683.0,1600031683.0,0.0,3200.0,0.0,,0.0,0.0,0.0
2025-11-13,41.0,0.0,0.0,42.0,40.0,41.0,0.0,7825500.0,318309700.0,551.0,41.0,41.0,3348700.0,40.0,4439200.0,1600031683.0,1600031683.0,0.0,0.0,0.0,,0.0,0.0,0.0
2025-11-14,41.0,0.0,0.0,42.0,40.0,41.0,0.0,5150700.0,207503100.0,459.0,41.0,41.0,2389500.0,40.0,1941900.0,1600031683.0,1600031683.0,0.0,0.0,1800.0,,0.0,0.0,0.0
2025-11-17,41.0,0.0,0.0,41.0,40.0,41.0,0.0,4004200.0,161299800.0,466.0,41.0,41.0,1775700.0,40.0,1095700.0,1600031683.0,1600031683.0,0.0,0.0,0.0,,0.0,0.0,0.0
2025-11-18,41.0,0.0,0.0,42.0,39.0,42.0,1.0,8339300.0,341670800.0,625.0,42.0,42.0,4393300.0,41.0,132500.0,1600031683.0,1600031683.0,0.0,0.0,0.0,,0.0,0.0,0.0
2025-11-19,42.0,0.0,0.0,43.0,41.0,42.0,0.0,2636000.0,108859000.0,279.0,42.0,42.0,1330900.0,41.0,458800.0,1600031683.0,1600031683.0,0.0,0.0,0.0,,0.0,0.0,0.0
2025-11-20,42.0,0.0,0.0,42.0,39.0,41.0,-1.0,8567000.0,344246100.0,475.0,41.0,41.0,2421500.0,40.0,192800.0,1600031683.0,1600031683.0,0.0,0.0,0.0,,0.0,0.0,0.0
2025-11-21,41.0,0.0,0.0,41.0,39.0,40.0,-1.0,13115400.0,519721600.0,503.0,40.0,41.0,3197300.0,40.0,143600.0,1600031683.0,1600031683.0,0.0,0.0,0.0,,0.0,0.0,0.0
2025-11-24,40.0,0.0,0.0,41.0,39.0,39.0,-1.0,6943700.0,274680200.0,494.0,39.0,40.0,716800.0,39.0,2487000.0,1600031683.0,1600031683.0,0.0,0.0,10000.0,,0.0,0.0,0.0
2025-11-25,39.0,0.0,0.0,41.0,39.0,40.0,1.0,7365700.0,296818200.0,741.0,40.0,41.0,2970900.0,40.0,1619600.0,1600031683.0,1600031683.0,0.0,0.0,0.0,,0.0,0.0,0.0
2025-11-26,40.0,0.0,0.0,41.0,38.0,40.0,0.0,12372700.0,488242400.0,649.0,40.0,41.0,3324900.0,40.0,200.0,1600031683.0,1600031683.0,0.0,0.0,0.0,,0.0,0.0,0.0
2025-11-27,40.0,0.0,0.0,41.0,37.0,39.0,-1.0,17897100.0,691184600.0,719.0,39.0,39.0,495300.0,38.0,3589900.0,1600031683.0,1600031683.0,0.0,0.0,0.0,,0.0,0.0,0.0
2025-11-28,39.0,0.0,0.0,39.0,37.0,38.0,-1.0,9810700.0,371485100.0,423.0,38.0,39.0,2977700.0,38.0,217900.0,1600031683.0,1600031683.0,0.0,0.0,0.0,,0.0,0.0,0.0
2025-12-01,38.0,0.0,0.0,39.0,37.0,38.0,0.0,4509500.0,172045300.0,392.0,38.0,38.0,225600.0,37.0,1504000.0,1600031683.0,1600031683.0,0.0,0.0,0.0,,0.0,0.0,0.0
2025-12-02,38.0,0.0,0.0,39.0,37.0,37.0,-1.0,5174500.0,192426500.0,454.0,37.0,38.0,2336300.0,37.0,181900.0,1600031683.0,1600031683.0,0.0,0.0,0.0,,0.0,0.0,0.0
2025-12-03,37.0,0.0,0.0,38.0,36.0,38.0,1.0,6359200.0,236001000.0,415.0,38.0,38.0,2079900.0,37.0,1971200.0,1600031683.0,1600031683.0,0.0,0.0,0.0,,0.0,0.0,0.0
2025-12-04,38.0,0.0,0.0,38.0,36.0,38.0,0.0,12822000.0,472800100.0,542.0,38.0,38.0,2281200.0,37.0,1165000.0,1600031683.0,1600031683.0,0.0,0.0,0.0,,0.0,0.0,0.0
2025-12-05,38.0,0.0,0.0,39.0,37.0,39.0,1.0,8856600.0,337578400.0,688.0,39.0,39.0,2468300.0,38.0,945700.0,1600031683.0,1600031683.0,0.0,0.0,0.0,,0.0,0.0,0.0
2025-12-08,39.0,0.0,0.0,39.0,38.0,38.0,-1.0,4814500.0,185190000.0,450.0,38.0,39.0,2750100.0,38.0,3517500.0,1600031683.0,1600031683.0,0.0,0.0,0.0,,0.0,0.0,0.0
2025-12-09,38.0,0.0,0.0,39.0,37.0,38.0,0.0,6011000.0,227011300.0,374.0,38.0,38.0,424900.0,37.0,4291100.0,1600031683.0,1600031683.0,0.0,0.0,0.0,,0.0,0.0,0.0
2025-12-10,38.0,0.0,0.0,38.0,36.0,38.0,0.0,11872100.0,440036000.0,534.0,38.0,38.0,3857900.0,37.0,114000.0,1600031683.0,1600031683.0,0.0,0.0,0.0,,0.0,0.0,0.0
2025-12-11,38.0,0.0,0.0,38.0,36.0,36.0,-2.0,4366900.0,161423500.0,328.0,36.0,37.0,91000.0,36.0,3809300.0,1600031683.0,1600031683.0,0.0,0.0,0.0,,0.0,0.0,0.0
2025-12-12,36.0,0.0,0.0,37.0,35.0,36.0,0.0,3875800.0,139989700.0,381.0,36.0,36.0,1111100.0,35.0,2564200.0,1600031683.0,1600031683.0,0.0,0.0,0.0,,0.0,0.0,0.0
2025-12-15,36.0,0.0,0.0,37.0,35.0,37.0,1.0,7488400.0,266482200.0,472.0,37.0,37.0,1956000.0,36.0,2246400.0,1600031683.0,1600031683.0,0.0,0.0,0.0,,2.0,72.0,1.0
2025-12-16,37.0,0.0,0.0,39.0,35.0,37.0,0.0,11592600.0,434672000.0,529.0,37.0,38.0,619500.0,37.0,1170200.0,1600031683.0,1600031683.0,0.0,700000.0,0.0,,0.0,0.0,0.0
2025-12-17,37.0,0.0,0.0,40.0,36.0,39.0,2.0,14859600.0,572838200.0,582.0,39.0,40.0,4384600.0,39.0,870900.0,1600031683.0,1600031683.0,0.0,0.0,1900000.0,,0.0,0.0,0.0
2025-12-18,39.0,0.0,0.0,40.0,38.0,38.0,-1.0,9266200.0,361978200.0,413.0,38.0,39.0,1347300.0,38.0,2944000.0,1600031683.0,1600031683.0,0.0,0.0,1000000.0,,0.0,0.0,0.0
2025-12-19,38.0,0.0,0.0,40.0,38.0,39.0,1.0,7718600.0,298611300.0,620.0,39.0,39.0,2561900.0,38.0,359700.0,1600031683.0,1600031683.0,0.0,0.0,11500.0,,0.0,0.0,0.0
2025-12-22,39.0,0.0,0.0,39.0,36.0,38.0,-1.0,8575700.0,316830200.0,479.0,38.0,38.0,912900.0,37.0,213500.0,1600031683.0,1600031683.0,0.0,0.0,2200000.0,,0.0,0.0,0.0
2025-12-23,38.0,0.0,0.0,38.0,36.0,36.0,-2.0,3878000.0,141124200.0,245.0,36.0,37.0,1171500.0,36.0,5068500.0,1600031683.0,1600031683.0,0.0,0.0,0.0,,0.0,0.0,0.0
2025-12-24,36.0,0.0,0.0,38.0,35.0,38.0,2.0,16273400.0,594203500.0,427.0,38.0,38.0,673100.0,37.0,576900.0,1600031683.0,1600031683.0,0.0,0.0,2000.0,,0.0,0.0,0.0
2025-12-29,38.0,0.0,0.0,39.0,36.0,39.0,1.0,3983200.0,150310600.0,524.0,39.0,39.0,1437300.0,38.0,367300.0,1600031683.0,1600031683.0,0.0,0.0,0.0,,0.0,0.0,0.0
2025-12-30,39.0,0.0,0.0,39.0,36.0,38.0,-1.0,12265300.0,457855600.0,508.0,38.0,38.0,1445500.0,37.0,1102700.0,1600031683.0,1600031683.0,0.0,0.0,0.0,,0.0,0.0,0.0
2026-01-02,38.0,0.0,0.0,38.0,36.0,38.0,0.0,7487900.0,277872300.0,561.0,38.0,38.0,2657500.0,37.0,484600.0,1600031683.0,1600031683.0,0.0,0.0,0.0,,0.0,0.0,0.0
2026-01-05,38.0,0.0,0.0,38.0,36.0,38.0,0.0,7324300.0,272445700.0,517.0,38.0,38.0,4925800.0,37.0,1409800.0,1600031683.0,1600031683.0,0.0,0.0,0.0,,0.0,0.0,0.0
2026-01-06,38.0,0.0,0.0,39.0,37.0,39.0,1.0,18014400.0,684327000.0,525.0,39.0,40.0,1752200.0,39.0,128800.0,1600031683.0,1600031683.0,0.0,0.0,0.0,,0.0,0.0,0.0
2026-01-07,39.0,0.0,0.0,42.0,39.0,41.0,2.0,43282000.0,1787698300.0,1511.0,41.0,41.0,235600.0,40.0,1349500.0,1600031683.0,1600031683.0,0.0,0.0,0.0,,0.0,0.0,0.0
2026-01-08,41.0,0.0,0.0,43.0,39.0,42.0,1.0,30560000.0,1240856700.0,1320.0,42.0,42.0,2662700.0,41.0,1012300.0,1600031683.0,1600031683.0,0.0,0.0,0.0,,0.0,0.0,0.0
2026-01-09,42.0,0.0,0.0,44.0,39.0,40.0,-2.0,17111500.0,691164000.0,722.0,40.0,41.0,3497900.0,40.0,1627100.0,1600031683.0,1600031683.0,0.0,0.0,0.0,,0.0,0.0,0.0
2026-01-12,40.0,0.0,0.0,41.0,39.0,41.0,1.0,24734000.0,985812900.0,761.0,41.0,41.0,3339300.0,40.0,281400.0,1600031683.0,1600031683.0,0.0,0.0,0.0,,0.0,0.0,0.0
2026-01-13,41.0,0.0,0.0,43.0,40.0,41.0,0.0,8434100.0,340842600.0,444.0,41.0,41.0,2147200.0,40.0,2557800.0,1600031683.0,1600031683.0,0.0,0.0,0.0,,0.0,0.0,0.0
2026-01-14,41.0,0.0,0.0,42.0,40.0,40.0,-1.0,15231900.0,623376000.0,606.0,40.0,41.0,986000.0,40.0,5535600.0,1600031683.0,1600031683.0,0.0,0.0,0.0,,0.0,0.0,0.0
2026-01-15,40.0,0.0,0.0,44.0,40.0,44.0,4.0,39622500.0,1722329800.0,1646.0,44.0,0.0,0.0,44.0,19386100.0,1600031683.0,1600031683.0,0.0,0.0,15000.0,,0.0,0.0,0.0
2026-01-19,44.0,0.0,0.0,48.0,45.0,48.0,4.0,16693300.0,801010500.0,553.0,48.0,0.0,0.0,48.0,21972000.0,1600031683.0,1600031683.0,0.0,215000.0,0.0,,0.0,0.0,0.0
2026-01-20,48.0,0.0,0.0,52.0,48.0,52.0,4.0,69192500.0,3551672600.0,1950.0,52.0,0.0,0.0,52.0,11839800.0,1600031683.0,1600031683.0,0.0,0.0,80000.0,,0.0,0.0,0.0
2026-01-21,52.0,0.0,0.0,57.0,48.0,48.0,-4.0,88613100.0,4727141700.0,4832.0,48.0,49.0,1551500.0,48.0,4101800.0,1600031683.0,1600031683.0,0.0,0.0,0.0,,0.0,0.0,0.0
2026-01-22,48.0,0.0,0.0,49.0,45.0,46.0,-2.0,40321500.0,1875696400.0,2891.0,46.0,47.0,2640500.0,46.0,1614400.0,1600031683.0,1600031683.0,0.0,100.0,0.0,,0.0,0.0,0.0
2026-01-23,46.0,0.0,0.0,47.0,43.0,44.0,-2.0,15860400.0,703257100.0,935.0,44.0,45.0,2354000.0,44.0,87300.0,1600031683.0,1600031683.0,0.0,0.0,0.0,,0.0,0.0,0.0
2026-01-26,44.0,0.0,0.0,45.0,40.0,41.0,-3.0,26497300.0,1113062800.0,1081.0,41.0,42.0,1638000.0,41.0,1232600.0,1600031683.0,1600031683.0,0.0,0.0,170000.0,,0.0,0.0,0.0
2026-01-27,41.0,0.0,0.0,42.0,40.0,42.0,1.0,10084700.0,413566900.0,669.0,42.0,42.0,3500800.0,41.0,1921400.0,1600031683.0,1600031683.0,0.0,0.0,0.0,,0.0,0.0,0.0
2026-01-28,42.0,0.0,0.0,43.0,38.0,40.0,-2.0,34970500.0,1363306300.0,1146.0,40.0,40.0,2316500.0,39.0,136700.0,1600031683.0,1600031683.0,0.0,0.0,0.0,,0.0,0.0,0.0
2026-01-29,40.0,0.0,0.0,40.0,36.0,38.0,-2.0,26044300.0,954063700.0,1023.0,38.0,38.0,1196500.0,37.0,97100.0,1600031683.0,1600031683.0,0.0,0.0,0.0,,0.0,0.0,0.0
2026-01-30,38.0,0.0,0.0,41.0,37.0,40.0,2.0,27028000.0,1059041600.0,864.0,40.0,40.0,929500.0,39.0,1944400.0,1600031683.0,1600031683.0,0.0,0.0,0.0,,0.0,0.0,0.0
2026-02-02,40.0,0.0,0.0,41.0,36.0,36.0,-4.0,21684900.0,799967200.0,840.0,36.0,36.0,1750500.0,0.0,0.0,1600031683.0,1600031683.0,0.0,0.0,0.0,,0.0,0.0,0.0
2026-02-03,36.0,0.0,0.0,37.0,33.0,37.0,1.0,17025000.0,596814000.0,629.0,37.0,38.0,2659500.0,37.0,2500.0,1600031683.0,1600031683.0,0.0,0.0,0.0,,0.0,0.0,0.0
2026-02-04,37.0,0.0,0.0,39.0,36.0,37.0,0.0,8617600.0,317599500.0,514.0,37.0,37.0,1352600.0,36.0,1300800.0,1600031683.0,1600031683.0,0.0,0.0,0.0,,0.0,0.0,0.0
2026-02-05,37.0,0.0,0.0,37.0,36.0,36.0,-1.0,3818500.0,138442100.0,323.0,36.0,37.0,2013100.0,36.0,806300.0,1600031683.0,1600031683.0,0.0,0.0,0.0,,0.0,0.0,0.0
2026-02-06,36.0,0.0,0.0,37.0,33.0,33.0,-3.0,31498500.0,1055538600.0,774.0,33.0,33.0,774200.0,0.0,0.0,1600031683.0,1600031683.0,0.0,0.0,0.0,,0.0,0.0,0.0
2026-02-09,33.0,0.0,0.0,35.0,31.0,34.0,1.0,15977700.0,522388400.0,637.0,34.0,34.0,794000.0,33.0,2286800.0,1600031683.0,1600031683.0,0.0,30000.0,0.0,,0.0,0.0,0.0
2026-02-10,34.0,0.0,0.0,35.0,33.0,34.0,0.0,6844500.0,232994800.0,441.0,34.0,35.0,2944600.0,34.0,1840100.0,1600031683.0,1600031683.0,0.0,0.0,0.0,,0.0,0.0,0.0
2026-02-11,34.0,0.0,0.0,37.0,34.0,37.0,3.0,21320500.0,767455700.0,751.0,37.0,0.0,0.0,37.0,16015900.0,1600031683.0,1600031683.0,0.0,0.0,0.0,,0.0,0.0,0.0
2026-02-12,37.0,0.0,0.0,40.0,36.0,38.0,1.0,32692600.0,1273205800.0,1265.0,38.0,39.0,10200.0,38.0,2629200.0,1600031683.0,1600031683.0,0.0,0.0,0.0,,0.0,0.0,0.0
2026-02-13,38.0,0.0,0.0,39.0,35.0,37.0,-1.0,22440900.0,835375000.0,919.0,37.0,38.0,474900.0,37.0,305000.0,1600031683.0,1600031683.0,0.0,0.0,0.0,,0.0,0.0,0.0
2026-02-18,37.0,0.0,0.0,38.0,36.0,38.0,1.0,9262600.0,344200800.0,542.0,38.0,38.0,2771000.0,37.0,3211300.0,1600031683.0,1600031683.0,0.0,0.0,0.0,,0.0,0.0,0.0
2026-02-19,38.0,0.0,0.0,38.0,37.0,38.0,0.0,8540300.0,316680800.0,402.0,38.0,38.0,3039100.0,37.0,246700.0,1600031683.0,1600031683.0,0.0,0.0,0.0,,0.0,0.0,0.0
2026-02-20,38.0,0.0,0.0,40.0,37.0,38.0,0.0,14828700.0,564282300.0,445.0,38.0,38.0,3652100.0,37.0,1387300.0,1600031683.0,1600031683.0,0.0,0.0,0.0,,0.0,0.0,0.0
2026-02-23,38.0,0.0,0.0,38.0,36.0,37.0,-1.0,8666800.0,319313000.0,436.0,37.0,37.0,2419300.0,36.0,5087100.0,1600031683.0,1600031683.0,0.0,0.0,0.0,,0.0,0.0,0.0
2026-02-24,37.0,0.0,0.0,37.0,35.0,36.0,-1.0,10029100.0,360908000.0,572.0,36.0,37.0,4145500.0,36.0,358200.0,1600031683.0,1600031683.0,0.0,0.0,0.0,,0.0,0.0,0.0
2026-02-25,36.0,0.0,0.0,37.0,35.0,36.0,0.0,10527100.0,380106100.0,1954.0,36.0,37.0,3947400.0,36.0,1961500.0,1600031683.0,1600031683.0,0.0,0.0,100000.0,,0.0,0.0,0.0
2026-02-26,36.0,0.0,0.0,37.0,35.0,35.0,-1.0,10812400.0,380810300.0,452.0,35.0,36.0,2094100.0,35.0,1300400.0,1600031683.0,1600031683.0,0.0,0.0,0.0,,0.0,0.0,0.0
2026-02-27,35.0,0.0,0.0,36.0,35.0,35.0,0.0,5800500.0,205500300.0,434.0,35.0,36.0,4697500.0,35.0,3202500.0,1600031683.0,1600031683.0,0.0,0.0,0.0,,0.0,0.0,0.0
2026-03-02,35.0,0.0,0.0,36.0,32.0,35.0,0.0,5530700.0,187145500.0,453.0,35.0,35.0,1703900.0,34.0,2373100.0,1600031683.0,1600031683.0,0.0,0.0,0.0,,0.0,0.0,0.0
2026-03-03,35.0,0.0,0.0,35.0,34.0,34.0,-1.0,4458000.0,152378000.0,252.0,34.0,35.0,3304700.0,34.0,2650000.0,1600031683.0,1600031683.0,0.0,0.0,0.0,,0.0,0.0,0.0
2026-03-04,34.0,0.0,0.0,35.0,31.0,32.0,-2.0,15201700.0,498837200.0,427.0,32.0,33.0,1447600.0,32.0,67900.0,1600031683.0,1600031683.0,0.0,0.0,0.0,,0.0,0.0,0.0
2026-03-05,32.0,0.0,0.0,33.0,32.0,33.0,1.0,3244200.0,106002000.0,524.0,33.0,33.0,1127000.0,32.0,1162400.0,1600031683.0,1600031683.0,0.0,0.0,0.0,,0.0,0.0,0.0
2026-03-06,33.0,0.0,0.0,34.0,32.0,32.0,-1.0,4992100.0,162768800.0,233.0,32.0,33.0,1957000.0,32.0,1891600.0,1600031683.0,1600031683.0,0.0,0.0,0.0,,0.0,0.0,0.0
2026-03-09,32.0,0.0,0.0,33.0,29.0,31.0,-1.0,16030700.0,489573900.0,390.0,31.0,31.0,1325000.0,30.0,97100.0,1600031683.0,1600031683.0,0.0,0.0,0.0,,0.0,0.0,0.0
2026-03-10,31.0,0.0,0.0,32.0,29.0,30.0,-1.0,8963900.0,272942400.0,285.0,30.0,31.0,789400.0,30.0,377500.0,1600031683.0,1600031683.0,0.0,0.0,0.0,,0.0,0.0,0.0
2026-03-11,30.0,0.0,0.0,31.0,28.0,30.0,0.0,9233700.0,267475600.0,326.0,30.0,30.0,2821800.0,29.0,141700.0,1600031683.0,1600031683.0,0.0,0.0,0.0,,0.0,0.0,0.0
2026-03-12,30.0,0.0,0.0,30.0,28.0,28.0,-2.0,6476600.0,187957900.0,280.0,28.0,29.0,1553100.0,28.0,3019800.0,1600031683.0,1600031683.0,0.0,0.0,0.0,,0.0,0.0,0.0
2026-03-13,28.0,0.0,0.0,29.0,28.0,29.0,1.0,3178800.0,89561500.0,235.0,29.0,29.0,1867200.0,28.0,411400.0,1600031683.0,1600031683.0,0.0,0.0,0.0,,0.0,0.0,0.0
2026-03-16,29.0,0.0,0.0,28.0,27.0,27.0,-2.0,11899500.0,321581800.0,391.0,27.0,27.0,127300.0,0.0,0.0,1600031683.0,1600031683.0,0.0,0.0,0.0,,0.0,0.0,0.0
2026-03-17,27.0,0.0,0.0,28.0,26.0,27.0,0.0,4574500.0,123010300.0,294.0,27.0,27.0,144400.0,26.0,461200.0,1600031683.0,1600031683.0,0.0,0.0,0.0,,0.0,0.0,0.0
2026-03-25,27.0,0.0,0.0,29.0,26.0,29.0,2.0,6448500.0,180674300.0,524.0,29.0,0.0,0.0,29.0,513300.0,1600031683.0,1600031683.0,0.0,0.0,0.0,,0.0,0.0,0.0
2026-03-26,29.0,0.0,0.0,31.0,29.0,30.0,1.0,2808600.0,85671100.0,350.0,30.0,31.0,3170500.0,30.0,537300.0,1600031683.0,1600031683.0,0.0,0.0,0.0,,0.0,0.0,0.0
2026-03-27,30.0,0.0,0.0,31.0,29.0,30.0,0.0,1416600.0,42091100.0,244.0,30.0,30.0,632200.0,29.0,1951700.0,1600031683.0,1600031683.0,0.0,0.0,0.0,,0.0,0.0,0.0
2026-03-30,30.0,0.0,0.0,30.0,28.0,29.0,-1.0,3070000.0,89149300.0,189.0,29.0,30.0,2367300.0,29.0,1534100.0,1600031683.0,1600031683.0,0.0,0.0,0.0,,0.0,0.0,0.0
2026-03-31,29.0,0.0,0.0,30.0,28.0,29.0,0.0,1708000.0,49482100.0,187.0,29.0,29.0,155800.0,28.0,1678300.0,1600031683.0,1600031683.0,0.0,0.0,0.0,,0.0,0.0,0.0
2026-04-01,29.0,0.0,0.0,31.0,28.0,31.0,2.0,3187100.0,96489400.0,230.0,31.0,31.0,577000.0,30.0,200.0,1600031683.0,1600031683.0,0.0,0.0,0.0,,0.0,0.0,0.0
2026-04-02,31.0,0.0,0.0,31.0,29.0,29.0,-2.0,2144000.0,64057300.0,169.0,29.0,30.0,1635600.0,29.0,1416000.0,1600031683.0,1600031683.0,0.0,0.0,0.0,,0.0,0.0,0.0
2026-04-06,29.0,0.0,0.0,30.0,28.0,30.0,1.0,2135300.0,62578800.0,241.0,30.0,30.0,2088800.0,29.0,1011800.0,1600031683.0,1600031683.0,0.0,0.0,0.0,,0.0,0.0,0.0
2026-04-07,30.0,0.0,0.0,33.0,29.0,33.0,3.0,10608900.0,338418400.0,592.0,33.0,33.0,611300.0,32.0,205400.0,1600031683.0,1600031683.0,0.0,0.0,0.0,,0.0,0.0,0.0
2026-04-08,33.0,0.0,0.0,34.0,30.0,31.0,-2.0,11458700.0,359221700.0,756.0,31.0,32.0,1122900.0,31.0,1013800.0,1600031683.0,1600031683.0,0.0,0.0,0.0,,0.0,0.0,0.0
2026-04-09,31.0,0.0,0.0,32.0,30.0,31.0,0.0,3559100.0,110885800.0,466.0,31.0,32.0,922400.0,31.0,58700.0,1600031683.0,1600031683.0,0.0,0.0,0.0,,0.0,0.0,0.0
2026-04-10,31.0,0.0,0.0,32.0,30.0,32.0,1.0,2895500.0,90342100.0,319.0,32.0,32.0,1614600.0,31.0,62100.0,1600031683.0,1600031683.0,0.0,0.0,0.0,,0.0,0.0,0.0
2026-04-13,32.0,0.0,0.0,32.0,31.0,31.0,-1.0,3572400.0,111318900.0,295.0,31.0,32.0,1975300.0,31.0,320500.0,1600031683.0,1600031683.0,0.0,0.0,0.0,,0.0,0.0,0.0
2026-04-14,31.0,0.0,0.0,32.0,31.0,31.0,0.0,5214000.0,163311600.0,362.0,31.0,32.0,1291500.0,31.0,117800.0,1600031683.0,1600031683.0,0.0,50000.0,0.0,,0.0,0.0,0.0
2026-04-15,31.0,0.0,0.0,33.0,30.0,32.0,1.0,9996500.0,315564600.0,425.0,32.0,32.0,1162200.0,31.0,356400.0,1600031683.0,1600031683.0,0.0,0.0,0.0,,0.0,0.0,0.0
2026-04-16,32.0,0.0,0.0,35.0,31.0,35.0,3.0,34612400.0,1178718500.0,1210.0,35.0,35.0,2248700.0,34.0,404000.0,1600031683.0,1600031683.0,0.0,0.0,0.0,,0.0,0.0,0.0
2026-04-17,35.0,0.0,0.0,37.0,34.0,35.0,0.0,18450500.0,649122400.0,782.0,35.0,35.0,1732100.0,34.0,4264200.0,1600031683.0,1600031683.0,0.0,0.0,0.0,,0.0,0.0,0.0
2026-04-20,35.0,0.0,0.0,35.0,34.0,34.0,-1.0,6693800.0,228387400.0,363.0,34.0,34.0,598000.0,33.0,2410000.0,1600031683.0,1600031683.0,0.0,0.0,0.0,,0.0,0.0,0.0
2026-04-21,34.0,0.0,0.0,35.0,33.0,35.0,1.0,10056100.0,341006800.0,421.0,35.0,35.0,1579300.0,34.0,1071000.0,1600031683.0,1600031683.0,0.0,0.0,0.0,,0.0,0.0,0.0
2026-04-22,35.0,0.0,0.0,36.0,34.0,36.0,1.0,10912900.0,381504900.0,602.0,36.0,36.0,1461900.0,35.0,206000.0,1600031683.0,1600031683.0,0.0,0.0,0.0,,0.0,0.0,0.0
2026-04-23,36.0,0.0,0.0,36.0,34.0,35.0,-1.0,9179100.0,320857700.0,499.0,35.0,35.0,150700.0,34.0,5245800.0,1600031683.0,1600031683.0,0.0,0.0,0.0,,0.0,0.0,0.0
2026-04-24,35.0,0.0,0.0,36.0,33.0,33.0,-2.0,5978900.0,204378200.0,379.0,33.0,34.0,411700.0,33.0,4093500.0,1600031683.0,1600031683.0,0.0,0.0,0.0,,0.0,0.0,0.0
2026-04-27,33.0,0.0,0.0,34.0,32.0,33.0,0.0,3733100.0,123053400.0,321.0,33.0,34.0,1835800.0,33.0,16000.0,1600031683.0,1600031683.0,0.0,0.0,0.0,,0.0,0.0,0.0
2026-04-28,33.0,0.0,0.0,34.0,32.0,34.0,1.0,4474300.0,148849400.0,362.0,34.0,34.0,1143300.0,33.0,256500.0,1600031683.0,1600031683.0,0.0,0.0,0.0,,0.0,0.0,0.0
2026-04-29,34.0,0.0,0.0,34.0,33.0,34.0,0.0,5087200.0,171361500.0,465.0,34.0,34.0,646700.0,33.0,676400.0,1600031683.0,1600031683.0,0.0,0.0,0.0,,0.0,0.0,0.0
2026-04-30,34.0,0.0,0.0,35.0,33.0,33.0,-1.0,2103400.0,69948600.0,169.0,33.0,34.0,2228200.0,33.0,819900.0,1600031683.0,1600031683.0,0.0,0.0,0.0,,0.0,0.0,0.0
2026-05-04,33.0,0.0,0.0,34.0,32.0,33.0,0.0,3810300.0,126133000.0,257.0,33.0,33.0,2000.0,32.0,1085000.0,1600031683.0,1600031683.0,0.0,0.0,0.0,,0.0,0.0,0.0
2026-05-05,33.0,0.0,0.0,34.0,32.0,33.0,0.0,3879400.0,126969700.0,256.0,33.0,33.0,759300.0,32.0,802600.0,1600031683.0,1600031683.0,0.0,0.0,0.0,,0.0,0.0,0.0
2026-05-06,33.0,0.0,0.0,33.0,32.0,32.0,-1.0,3242000.0,104943900.0,192.0,32.0,33.0,1145400.0,32.0,757600.0,1600031683.0,1600031683.0,0.0,0.0,0.0,,0.0,0.0,0.0
2026-05-07,32.0,0.0,0.0,33.0,31.0,32.0,0.0,8156300.0,258507500.0,355.0,32.0,33.0,1897300.0,32.0,1819900.0,1600031683.0,1600031683.0,0.0,0.0,0.0,,0.0,0.0,0.0
2026-05-08,32.0,0.0,0.0,33.0,31.0,31.0,-1.0,10155800.0,320843100.0,442.0,31.0,32.0,1767300.0,31.0,205300.0,1600031683.0,1600031683.0,0.0,0.0,0.0,,0.0,0.0,0.0
